label,query,subcategory,exact_name,name_contains,district,aliases_en,aliases_zh,append_to,limit,enabled
康怡居二期C座,康怡居二期C座,housingEstate,康怡居二期C座,,,,,,1,true
康怡居二期D座,康怡居二期D座,housingEstate,康怡居二期D座,,,,,,1,true
康怡居二期E座,康怡居二期E座,housingEstate,康怡居二期E座,,,,,,1,true
華富(二)邨,華富(二)邨,housingEstate,華富(二)邨,,,,,,1,true
逸東(二)邨,逸東(二)邨,housingEstate,逸東(二)邨,,,,,,1,true
北角台,北角台,housingEstate,北角台,,,,,,1,true
黃大仙下邨(二區),黃大仙下邨(二區),housingEstate,黃大仙下邨(二區),,,,,,1,true
西貢濤苑17座,西貢濤苑17座,housingEstate,西貢濤苑17座,,,,,,1,true
天悅邨悦華樓,天悅邨悦華樓,housingEstate,天悅邨悦華樓,,,,,,1,true
偉士居,偉士居,housingEstate,偉士居,,,,,,1,true
明雅苑,明雅苑,housingEstate,明雅苑,,,,,,1,true
名士居,名士居,housingEstate,名士居,,,,,,1,true
俊士居,俊士居,housingEstate,俊士居,,,,,,1,true
廁所 (近水泉澳邨),廁所 (近水泉澳邨),housingEstate,廁所 (近水泉澳邨),,,,,,1,true
水泉澳邨,水泉澳邨,housingEstate,水泉澳邨,,,,,,1,true
水泉澳邨2座河泉樓,水泉澳邨2座河泉樓,housingEstate,水泉澳邨2座河泉樓,,,,,,1,true
水泉澳邨7座朗泉樓,水泉澳邨7座朗泉樓,housingEstate,水泉澳邨7座朗泉樓,,,,,,1,true
水泉澳邨18座嶺泉樓,水泉澳邨18座嶺泉樓,housingEstate,水泉澳邨18座嶺泉樓,,,,,,1,true
匡智水泉澳綜合復康中心-泉智軒,匡智水泉澳綜合復康中心-泉智軒,housingEstate,匡智水泉澳綜合復康中心-泉智軒,,,,,,1,true
匡智水泉澳綜合復康中心 - 泉匯軒,匡智水泉澳綜合復康中心 - 泉匯軒,housingEstate,匡智水泉澳綜合復康中心 - 泉匯軒,,,,,,1,true
Wi-Fi.HK 熱點位置: 水泉澳邨,Wi-Fi.HK 熱點位置: 水泉澳邨,housingEstate,Wi-Fi.HK 熱點位置: 水泉澳邨,,,,,,1,true
Wi-Fi.HK 熱點位置: 麥當勞 - 水泉澳邨,Wi-Fi.HK 熱點位置: 麥當勞 - 水泉澳邨,housingEstate,Wi-Fi.HK 熱點位置: 麥當勞 - 水泉澳邨,,,,,,1,true
竹園(南)邨(流動圖書館七),竹園(南)邨(流動圖書館七),housingEstate,竹園(南)邨(流動圖書館七),,,,,,1,true
利東邨,利東邨,housingEstate,利東邨,,,,,,1,true
木苑,木苑,housingEstate,木苑,,,,,,1,true
寶田邨第五座,寶田邨第五座,housingEstate,寶田邨第五座,,,,,,1,true
清河邨,清河邨,housingEstate,清河邨,,,,,,1,true
山景花園別墅,山景花園別墅,housingEstate,山景花園別墅,,,,,,1,true
沙角邨,沙角邨,housingEstate,沙角邨,,,,,,1,true
葵盛西邨第五座,葵盛西邨第五座,housingEstate,葵盛西邨第五座,,,,,,1,true
梨木樹邨第5座,梨木樹邨第5座,housingEstate,梨木樹邨第5座,,,,,,1,true
新翠邨,新翠邨,housingEstate,新翠邨,,,,,,1,true
水邊圍邨,水邊圍邨,housingEstate,水邊圍邨,,,,,,1,true
清河邨清朗樓,清河邨清朗樓,housingEstate,清河邨清朗樓,,,,,,1,true
清河邨清平樓,清河邨清平樓,housingEstate,清河邨清平樓,,,,,,1,true
清河邨清譽樓,清河邨清譽樓,housingEstate,清河邨清譽樓,,,,,,1,true
健明邨明宙樓,健明邨明宙樓,housingEstate,健明邨明宙樓,,,,,,1,true
農瑞村A5座,農瑞村A5座,housingEstate,農瑞村A5座,,,,,,1,true
葵涌(二)邨第五期四樓升降機平台,葵涌(二)邨第五期四樓升降機平台,housingEstate,葵涌(二)邨第五期四樓升降機平台,,,,,,1,true
沙角邨B座銀鷗樓,沙角邨B座銀鷗樓,housingEstate,沙角邨B座銀鷗樓,,,,,,1,true
石硤尾邨第五期,石硤尾邨第五期,housingEstate,石硤尾邨第五期,,,,,,1,true
菁田邨5座菁善樓,菁田邨5座菁善樓,housingEstate,菁田邨5座菁善樓,,,,,,1,true
元州邨五期停車場,元州邨五期停車場,housingEstate,元州邨五期停車場,,,,,,1,true
PARKNSHOP 利東邨,PARKNSHOP 利東邨,housingEstate,PARKNSHOP 利東邨,,,,,,1,true
PARKNSHOP 清河邨,PARKNSHOP 清河邨,housingEstate,PARKNSHOP 清河邨,,,,,,1,true
PARKNSHOP 麗瑤邨,PARKNSHOP 麗瑤邨,housingEstate,PARKNSHOP 麗瑤邨,,,,,,1,true
富亨邨(流動圖書館五),富亨邨(流動圖書館五),housingEstate,富亨邨(流動圖書館五),,,,,,1,true
富善邨(流動圖書館五),富善邨(流動圖書館五),housingEstate,富善邨(流動圖書館五),,,,,,1,true
美田邨(流動圖書館五),美田邨(流動圖書館五),housingEstate,美田邨(流動圖書館五),,,,,,1,true
PARKNSHOP 石硤尾邨,PARKNSHOP 石硤尾邨,housingEstate,PARKNSHOP 石硤尾邨,,,,,,1,true
石硤尾邨第二五期停車場,石硤尾邨第二五期停車場,housingEstate,石硤尾邨第二五期停車場,,,,,,1,true
明德邨(流動圖書館五),明德邨(流動圖書館五),housingEstate,明德邨(流動圖書館五),,,,,,1,true
欣安邨(流動圖書館五),欣安邨(流動圖書館五),housingEstate,欣安邨(流動圖書館五),,,,,,1,true
怡明邨(流動圖書館五),怡明邨(流動圖書館五),housingEstate,怡明邨(流動圖書館五),,,,,,1,true
耀安邨(流動圖書館五),耀安邨(流動圖書館五),housingEstate,耀安邨(流動圖書館五),,,,,,1,true
太和邨(流動圖書館五),太和邨(流動圖書館五),housingEstate,太和邨(流動圖書館五),,,,,,1,true
富蝶邨第五座 (別稱),富蝶邨第五座 (別稱),housingEstate,富蝶邨第五座 (別稱),,,,,,1,true
厚德邨第5座 (別稱),厚德邨第5座 (別稱),housingEstate,厚德邨第5座 (別稱),,,,,,1,true
天瑞邨第5座 (別稱),天瑞邨第5座 (別稱),housingEstate,天瑞邨第5座 (別稱),,,,,,1,true
華貴邨第5座 (別稱),華貴邨第5座 (別稱),housingEstate,華貴邨第5座 (別稱),,,,,,1,true
熟食檔-樂華南邨,熟食檔-樂華南邨,housingEstate,熟食檔-樂華南邨,,,,,,1,true
葵盛西邨(流動圖書館十一),葵盛西邨(流動圖書館十一),housingEstate,葵盛西邨(流動圖書館十一),,,,,,1,true
菁田邨,菁田邨,housingEstate,菁田邨,,,,,,1,true
暉明邨,暉明邨,housingEstate,暉明邨,,,,,,1,true
明德邨,明德邨,housingEstate,明德邨,,,,,,1,true
大元邨,大元邨,housingEstate,大元邨,,,,,,1,true
田景邨,田景邨,housingEstate,田景邨,,,,,,1,true
青衣邨,青衣邨,housingEstate,青衣邨,,,,,,1,true
慈樂邨,慈樂邨,housingEstate,慈樂邨,,,,,,1,true
葵盛西邨第十座,葵盛西邨第十座,housingEstate,葵盛西邨第十座,,,,,,1,true
李鄭屋邨,李鄭屋邨,housingEstate,李鄭屋邨,,,,,,1,true
小西灣邨,小西灣邨,housingEstate,小西灣邨,,,,,,1,true
運頭塘邨,運頭塘邨,housingEstate,運頭塘邨,,,,,,1,true
慈樂邨樂祥樓,慈樂邨樂祥樓,housingEstate,慈樂邨樂祥樓,,,,,,1,true
慈樂邨樂歡樓,慈樂邨樂歡樓,housingEstate,慈樂邨樂歡樓,,,,,,1,true
慈樂邨樂誠樓,慈樂邨樂誠樓,housingEstate,慈樂邨樂誠樓,,,,,,1,true
小西灣邨瑞強樓,小西灣邨瑞強樓,housingEstate,小西灣邨瑞強樓,,,,,,1,true
小西灣邨瑞隆樓,小西灣邨瑞隆樓,housingEstate,小西灣邨瑞隆樓,,,,,,1,true
小西灣邨瑞明樓,小西灣邨瑞明樓,housingEstate,小西灣邨瑞明樓,,,,,,1,true
石硤尾邨第二十二座,石硤尾邨第二十二座,housingEstate,石硤尾邨第二十二座,,,,,,1,true
菁田邨3座菁樂樓,菁田邨3座菁樂樓,housingEstate,菁田邨3座菁樂樓,,,,,,1,true
基督徒信望愛堂課餘託管中心(翠屏邨),基督徒信望愛堂課餘託管中心(翠屏邨),housingEstate,基督徒信望愛堂課餘託管中心(翠屏邨),,,,,,1,true
PARKNSHOP 明德邨,PARKNSHOP 明德邨,housingEstate,PARKNSHOP 明德邨,,,,,,1,true
PARKNSHOP 景林邨,PARKNSHOP 景林邨,housingEstate,PARKNSHOP 景林邨,,,,,,1,true
長宏邨(流動圖書館十),長宏邨(流動圖書館十),housingEstate,長宏邨(流動圖書館十),,,,,,1,true
海麗邨(流動圖書館十),海麗邨(流動圖書館十),housingEstate,海麗邨(流動圖書館十),,,,,,1,true
葵涌邨(流動圖書館十),葵涌邨(流動圖書館十),housingEstate,葵涌邨(流動圖書館十),,,,,,1,true
天悅邨(流動圖書館十),天悅邨(流動圖書館十),housingEstate,天悅邨(流動圖書館十),,,,,,1,true
天瑞邨(流動圖書館十),天瑞邨(流動圖書館十),housingEstate,天瑞邨(流動圖書館十),,,,,,1,true
天瑞邨第10座 (前稱),天瑞邨第10座 (前稱),housingEstate,天瑞邨第10座 (前稱),,,,,,1,true
黃埔新邨X座 (別稱),黃埔新邨X座 (別稱),housingEstate,黃埔新邨X座 (別稱),,,,,,1,true
健明邨E座 (別稱),健明邨E座 (別稱),housingEstate,健明邨E座 (別稱),,,,,,1,true
愛賓花園,愛賓花園,housingEstate,愛賓花園,,,,,,1,true
麗城花園,麗城花園,housingEstate,麗城花園,,,,,,1,true
卜公花園,卜公花園,housingEstate,卜公花園,,,,,,1,true
劍橋花園,劍橋花園,housingEstate,劍橋花園,,,,,,1,true
建康花園,建康花園,housingEstate,建康花園,,,,,,1,true
歡泰花園,歡泰花園,housingEstate,歡泰花園,,,,,,1,true
雲疊花園,雲疊花園,housingEstate,雲疊花園,,,,,,1,true
嘉麗花園,嘉麗花園,housingEstate,嘉麗花園,,,,,,1,true
嘉威花園,嘉威花園,housingEstate,嘉威花園,,,,,,1,true
名人花園,名人花園,housingEstate,名人花園,,,,,,1,true
詩禮花園,詩禮花園,housingEstate,詩禮花園,,,,,,1,true
長盛豪苑,長盛豪苑,housingEstate,長盛豪苑,,,,,,1,true
遮打花園,遮打花園,housingEstate,遮打花園,,,,,,1,true
時樂花園,時樂花園,housingEstate,時樂花園,,,,,,1,true
新峰花園,新峰花園,housingEstate,新峰花園,,,,,,1,true
嘉美花園,嘉美花園,housingEstate,嘉美花園,,,,,,1,true
康樂花園,康樂花園,housingEstate,康樂花園,,,,,,1,true
龍柏花園,龍柏花園,housingEstate,龍柏花園,,,,,,1,true
東美花園,東美花園,housingEstate,東美花園,,,,,,1,true
下水水花園,下水水花園,housingEstate,下水水花園,,,,,,1,true
雅麗花園,雅麗花園,housingEstate,雅麗花園,,,,,,1,true
百美花園,百美花園,housingEstate,百美花園,,,,,,1,true
飛鵝花園,飛鵝花園,housingEstate,飛鵝花園,,,,,,1,true
松盛花園,松盛花園,housingEstate,松盛花園,,,,,,1,true
住得好長洲花園渡假屋,住得好長洲花園渡假屋,housingEstate,住得好長洲花園渡假屋,,,,,,1,true
又一村花園,又一村花園,housingEstate,又一村花園,,,,,,1,true
翠海花園1A,翠海花園1A,housingEstate,翠海花園1A,,,,,,1,true
翠海花園1B,翠海花園1B,housingEstate,翠海花園1B,,,,,,1,true
綠怡花園1A,綠怡花園1A,housingEstate,綠怡花園1A,,,,,,1,true
綠怡花園1B,綠怡花園1B,housingEstate,綠怡花園1B,,,,,,1,true
Marina Garden H1,Marina Garden H1,housingEstate,Marina Garden H1,,,,,,1,true
湖景花園1,湖景花園1,housingEstate,湖景花園1,,,,,,1,true
淘大花園I座,淘大花園I座,housingEstate,淘大花園I座,,,,,,1,true
雅樂花園A1座,雅樂花園A1座,housingEstate,雅樂花園A1座,,,,,,1,true
雅樂花園B1座,雅樂花園B1座,housingEstate,雅樂花園B1座,,,,,,1,true
寶雅花園第一座,寶雅花園第一座,housingEstate,寶雅花園第一座,,,,,,1,true
碧麗花園第一座,碧麗花園第一座,housingEstate,碧麗花園第一座,,,,,,1,true
泓景臺第一座,泓景臺第一座,housingEstate,泓景臺第一座,,,,,,1,true
BARBECUE GARDENS House 1,BARBECUE GARDENS House 1,housingEstate,BARBECUE GARDENS House 1,,,,,,1,true
紫翠花園第1座,紫翠花園第1座,housingEstate,紫翠花園第1座,,,,,,1,true
寶盈花園第一座,寶盈花園第一座,housingEstate,寶盈花園第一座,,,,,,1,true
碧麗花園第1座,碧麗花園第1座,housingEstate,碧麗花園第1座,,,,,,1,true
斌善軒1座,斌善軒1座,housingEstate,斌善軒1座,,,,,,1,true
富康花園第一座,富康花園第一座,housingEstate,富康花園第一座,,,,,,1,true
碧荔花園1號屋,碧荔花園1號屋,housingEstate,碧荔花園1號屋,,,,,,1,true
寶怡花園第一座,寶怡花園第一座,housingEstate,寶怡花園第一座,,,,,,1,true
偉景花園第一座,偉景花園第一座,housingEstate,偉景花園第一座,,,,,,1,true
栢寧頓花園1座,栢寧頓花園1座,housingEstate,栢寧頓花園1座,,,,,,1,true
歡泰花園1座,歡泰花園1座,housingEstate,歡泰花園1座,,,,,,1,true
嘉文花園第一座,嘉文花園第一座,housingEstate,嘉文花園第一座,,,,,,1,true
富怡花園第1座,富怡花園第1座,housingEstate,富怡花園第1座,,,,,,1,true
富安花園第1座,富安花園第1座,housingEstate,富安花園第1座,,,,,,1,true
城市花園第1座,城市花園第1座,housingEstate,城市花園第1座,,,,,,1,true
高樂花園第一座,高樂花園第一座,housingEstate,高樂花園第一座,,,,,,1,true
樂年花園1座,樂年花園1座,housingEstate,樂年花園1座,,,,,,1,true
天龍花園I座,天龍花園I座,housingEstate,天龍花園I座,,,,,,1,true
海裕苑第1座,海裕苑第1座,housingEstate,海裕苑第1座,,,,,,1,true
怡翠花園第一座,怡翠花園第一座,housingEstate,怡翠花園第一座,,,,,,1,true
怡景花園第一座,怡景花園第一座,housingEstate,怡景花園第一座,,,,,,1,true
怡樂花園第一座,怡樂花園第一座,housingEstate,怡樂花園第一座,,,,,,1,true
雅麗苑第一座,雅麗苑第一座,housingEstate,雅麗苑第一座,,,,,,1,true
歐意花園A1座,歐意花園A1座,housingEstate,歐意花園A1座,,,,,,1,true
歐意花園B1座,歐意花園B1座,housingEstate,歐意花園B1座,,,,,,1,true
松栢花園1座,松栢花園1座,housingEstate,松栢花園1座,,,,,,1,true
松柏花園I座,松柏花園I座,housingEstate,松柏花園I座,,,,,,1,true
欣景花園第1座,欣景花園第1座,housingEstate,欣景花園第1座,,,,,,1,true
富安居A1座,富安居A1座,housingEstate,富安居A1座,,,,,,1,true
富澤花園1座,富澤花園1座,housingEstate,富澤花園1座,,,,,,1,true
翠海花園5A,翠海花園5A,housingEstate,翠海花園5A,,,,,,1,true
翠海花園5B,翠海花園5B,housingEstate,翠海花園5B,,,,,,1,true
綠怡花園5A,綠怡花園5A,housingEstate,綠怡花園5A,,,,,,1,true
綠怡花園5B,綠怡花園5B,housingEstate,綠怡花園5B,,,,,,1,true
Marina Garden H5,Marina Garden H5,housingEstate,Marina Garden H5,,,,,,1,true
雅樂花園A5座,雅樂花園A5座,housingEstate,雅樂花園A5座,,,,,,1,true
雅樂花園B5座,雅樂花園B5座,housingEstate,雅樂花園B5座,,,,,,1,true
寶雅花園第五座,寶雅花園第五座,housingEstate,寶雅花園第五座,,,,,,1,true
泓景臺第五座,泓景臺第五座,housingEstate,泓景臺第五座,,,,,,1,true
紫翠花園第5座,紫翠花園第5座,housingEstate,紫翠花園第5座,,,,,,1,true
寶盈花園第五座,寶盈花園第五座,housingEstate,寶盈花園第五座,,,,,,1,true
碧麗花園第5座,碧麗花園第5座,housingEstate,碧麗花園第5座,,,,,,1,true
斌善軒5座,斌善軒5座,housingEstate,斌善軒5座,,,,,,1,true
富康花園第五座,富康花園第五座,housingEstate,富康花園第五座,,,,,,1,true
碧荔花園5號屋,碧荔花園5號屋,housingEstate,碧荔花園5號屋,,,,,,1,true
偉景花園第五座,偉景花園第五座,housingEstate,偉景花園第五座,,,,,,1,true
栢寧頓花園5座,栢寧頓花園5座,housingEstate,栢寧頓花園5座,,,,,,1,true
歡泰花園5座,歡泰花園5座,housingEstate,歡泰花園5座,,,,,,1,true
富怡花園第5座,富怡花園第5座,housingEstate,富怡花園第5座,,,,,,1,true
富安花園第5座,富安花園第5座,housingEstate,富安花園第5座,,,,,,1,true
城市花園第5座,城市花園第5座,housingEstate,城市花園第5座,,,,,,1,true
樂年花園5座,樂年花園5座,housingEstate,樂年花園5座,,,,,,1,true
海裕苑第5座,海裕苑第5座,housingEstate,海裕苑第5座,,,,,,1,true
雅麗苑第五座,雅麗苑第五座,housingEstate,雅麗苑第五座,,,,,,1,true
歐意花園A5座,歐意花園A5座,housingEstate,歐意花園A5座,,,,,,1,true
歐意花園B5座,歐意花園B5座,housingEstate,歐意花園B5座,,,,,,1,true
松栢花園5座,松栢花園5座,housingEstate,松栢花園5座,,,,,,1,true
富安居A5座,富安居A5座,housingEstate,富安居A5座,,,,,,1,true
富澤花園5座,富澤花園5座,housingEstate,富澤花園5座,,,,,,1,true
雅景花園A5座,雅景花園A5座,housingEstate,雅景花園A5座,,,,,,1,true
雅景花園B5座,雅景花園B5座,housingEstate,雅景花園B5座,,,,,,1,true
雅景花園C5座,雅景花園C5座,housingEstate,雅景花園C5座,,,,,,1,true
雅景花園D5座,雅景花園D5座,housingEstate,雅景花園D5座,,,,,,1,true
富景花園第5座,富景花園第5座,housingEstate,富景花園第5座,,,,,,1,true
華富花園A5座,華富花園A5座,housingEstate,華富花園A5座,,,,,,1,true
華富花園B5座,華富花園B5座,housingEstate,華富花園B5座,,,,,,1,true
華富花園C5座,華富花園C5座,housingEstate,華富花園C5座,,,,,,1,true
富安花苑第五座,富安花苑第五座,housingEstate,富安花苑第五座,,,,,,1,true
田禾苑5座,田禾苑5座,housingEstate,田禾苑5座,,,,,,1,true
富健花園五座,富健花園五座,housingEstate,富健花園五座,,,,,,1,true
金禧花園第5座,金禧花園第5座,housingEstate,金禧花園第5座,,,,,,1,true
翠怡花園第五座,翠怡花園第五座,housingEstate,翠怡花園第五座,,,,,,1,true
嘉碧苑第5座,嘉碧苑第5座,housingEstate,嘉碧苑第5座,,,,,,1,true
恒福花園5座,恒福花園5座,housingEstate,恒福花園5座,,,,,,1,true
Marina Garden H10,Marina Garden H10,housingEstate,Marina Garden H10,,,,,,1,true
雅樂花園A10座,雅樂花園A10座,housingEstate,雅樂花園A10座,,,,,,1,true
雅樂花園B10座,雅樂花園B10座,housingEstate,雅樂花園B10座,,,,,,1,true
紫翠花園第10座,紫翠花園第10座,housingEstate,紫翠花園第10座,,,,,,1,true
碧麗花園第10A座,碧麗花園第10A座,housingEstate,碧麗花園第10A座,,,,,,1,true
碧麗花園第10B座,碧麗花園第10B座,housingEstate,碧麗花園第10B座,,,,,,1,true
富康花園第十座,富康花園第十座,housingEstate,富康花園第十座,,,,,,1,true
栢寧頓花園10座,栢寧頓花園10座,housingEstate,栢寧頓花園10座,,,,,,1,true
富安花園第10座,富安花園第10座,housingEstate,富安花園第10座,,,,,,1,true
城市花園第10座,城市花園第10座,housingEstate,城市花園第10座,,,,,,1,true
海裕苑第10座,海裕苑第10座,housingEstate,海裕苑第10座,,,,,,1,true
雅麗苑第十座,雅麗苑第十座,housingEstate,雅麗苑第十座,,,,,,1,true
歐意花園A10座,歐意花園A10座,housingEstate,歐意花園A10座,,,,,,1,true
歐意花園B10座,歐意花園B10座,housingEstate,歐意花園B10座,,,,,,1,true
富澤花園10座,富澤花園10座,housingEstate,富澤花園10座,,,,,,1,true
雅景花園A10座,雅景花園A10座,housingEstate,雅景花園A10座,,,,,,1,true
雅景花園C10座,雅景花園C10座,housingEstate,雅景花園C10座,,,,,,1,true
雅景花園D10座,雅景花園D10座,housingEstate,雅景花園D10座,,,,,,1,true
富景花園第10座,富景花園第10座,housingEstate,富景花園第10座,,,,,,1,true
華富花園A10座,華富花園A10座,housingEstate,華富花園A10座,,,,,,1,true
富安花苑第十座,富安花苑第十座,housingEstate,富安花苑第十座,,,,,,1,true
富健花園十座,富健花園十座,housingEstate,富健花園十座,,,,,,1,true
翠怡花園第十座,翠怡花園第十座,housingEstate,翠怡花園第十座,,,,,,1,true
嘉碧苑第10座,嘉碧苑第10座,housingEstate,嘉碧苑第10座,,,,,,1,true
銀禧花園B10座,銀禧花園B10座,housingEstate,銀禧花園B10座,,,,,,1,true
文禮苑10座,文禮苑10座,housingEstate,文禮苑10座,,,,,,1,true
建庭花園10座,建庭花園10座,housingEstate,建庭花園10座,,,,,,1,true
碧豪苑A10座,碧豪苑A10座,housingEstate,碧豪苑A10座,,,,,,1,true
碧豪苑B10座,碧豪苑B10座,housingEstate,碧豪苑B10座,,,,,,1,true
美景花園第十座,美景花園第十座,housingEstate,美景花園第十座,,,,,,1,true
美樂花園十座,美樂花園十座,housingEstate,美樂花園十座,,,,,,1,true
Merry Garden House 10,Merry Garden House 10,housingEstate,Merry Garden House 10,,,,,,1,true
美雅花園第10座,美雅花園第10座,housingEstate,美雅花園第10座,,,,,,1,true
俊亨豪苑十座,俊亨豪苑十座,housingEstate,俊亨豪苑十座,,,,,,1,true
麗晶花園第十座,麗晶花園第十座,housingEstate,麗晶花園第十座,,,,,,1,true
翡翠花園第10座,翡翠花園第10座,housingEstate,翡翠花園第10座,,,,,,1,true
滙景花園第十座,滙景花園第十座,housingEstate,滙景花園第十座,,,,,,1,true
桂濤花園第10A座,桂濤花園第10A座,housingEstate,桂濤花園第10A座,,,,,,1,true
桂濤花園第10B座,桂濤花園第10B座,housingEstate,桂濤花園第10B座,,,,,,1,true
秀麗花園10座,秀麗花園10座,housingEstate,秀麗花園10座,,,,,,1,true
園景軒餐廳,園景軒餐廳,housingEstate,園景軒餐廳,,,,,,1,true
翠屏花園A座,翠屏花園A座,housingEstate,翠屏花園A座,,,,,,1,true
翠屏花園B座,翠屏花園B座,housingEstate,翠屏花園B座,,,,,,1,true
海灣花園1座,海灣花園1座,housingEstate,海灣花園1座,,,,,,1,true
Vango-水泉澳邨,Vango-水泉澳邨,housingEstate,Vango-水泉澳邨,,,,,,1,true
麗和閣,麗和閣,housingEstate,麗和閣,,,,,,1,true
PARKNSHOP 海灣花園,PARKNSHOP 海灣花園,housingEstate,PARKNSHOP 海灣花園,,,,,,1,true
薈賢居 (前稱),薈賢居 (前稱),housingEstate,薈賢居 (前稱),,,,,,1,true
松齡雅苑,松齡雅苑,housingEstate,松齡雅苑,,,,,,1,true
松齡雅苑 (長者日間護理單位買位計劃),松齡雅苑 (長者日間護理單位買位計劃),housingEstate,松齡雅苑 (長者日間護理單位買位計劃),,,,,,1,true
INTERNATIONAL 宇晴軒,INTERNATIONAL 宇晴軒,housingEstate,INTERNATIONAL 宇晴軒,,,,,,1,true
惠康超級市場-新興花園,惠康超級市場-新興花園,housingEstate,惠康超級市場-新興花園,,,,,,1,true
Wi-Fi.HK 熱點位置: McCafe - 美孚新邨,Wi-Fi.HK 熱點位置: McCafe - 美孚新邨,housingEstate,Wi-Fi.HK 熱點位置: McCafe - 美孚新邨,,,,,,1,true
Wi-Fi.HK 熱點位置: 麥當勞 - 美孚新邨,Wi-Fi.HK 熱點位置: 麥當勞 - 美孚新邨,housingEstate,Wi-Fi.HK 熱點位置: 麥當勞 - 美孚新邨,,,,,,1,true
旭泰復康護理家居服務隊,旭泰復康護理家居服務隊,housingEstate,旭泰復康護理家居服務隊,,,,,,1,true
錦綉苑,錦綉苑,housingEstate,錦綉苑,,,,,,1,true
建華閣,建華閣,housingEstate,建華閣,,,,,,1,true
彩雲居,彩雲居,housingEstate,彩雲居,,,,,,1,true
雅德苑第一座,雅德苑第一座,housingEstate,雅德苑第一座,,,,,,1,true
Regent Villa House 1,Regent Villa House 1,housingEstate,Regent Villa House 1,,,,,,1,true
蝴蝶邨蝶聚樓,蝴蝶邨蝶聚樓,housingEstate,蝴蝶邨蝶聚樓,,,,,,1,true
蝴蝶邨蝶心樓,蝴蝶邨蝶心樓,housingEstate,蝴蝶邨蝶心樓,,,,,,1,true
大夫第花園V座,大夫第花園V座,housingEstate,大夫第花園V座,,,,,,1,true
Regent Villa House 5,Regent Villa House 5,housingEstate,Regent Villa House 5,,,,,,1,true
伴閑居,伴閑居,housingEstate,伴閑居,,,,,,1,true
澤明閣,澤明閣,housingEstate,澤明閣,,,,,,1,true
豐裕閣,豐裕閣,housingEstate,豐裕閣,,,,,,1,true
寶瑛閣,寶瑛閣,housingEstate,寶瑛閣,,,,,,1,true
順康閣,順康閣,housingEstate,順康閣,,,,,,1,true
順寧閣,順寧閣,housingEstate,順寧閣,,,,,,1,true
Villa Monticello House 10-House 11,Villa Monticello House 10-House 11,housingEstate,Villa Monticello House 10-House 11,,,,,,1,true
大夫第花園X座,大夫第花園X座,housingEstate,大夫第花園X座,,,,,,1,true
嘉康閣,嘉康閣,housingEstate,嘉康閣,,,,,,1,true
安欣閣,安欣閣,housingEstate,安欣閣,,,,,,1,true
順豐閣,順豐閣,housingEstate,順豐閣,,,,,,1,true
順隆閣,順隆閣,housingEstate,順隆閣,,,,,,1,true
詠興閣,詠興閣,housingEstate,詠興閣,,,,,,1,true
茵華閣,茵華閣,housingEstate,茵華閣,,,,,,1,true
Alto Residences House 10,Alto Residences House 10,housingEstate,Alto Residences House 10,,,,,,1,true
鳳賢居10座,鳳賢居10座,housingEstate,鳳賢居10座,,,,,,1,true
淘大花園A座,淘大花園A座,housingEstate,淘大花園A座,,,,,,1,true
淘大花園B座,淘大花園B座,housingEstate,淘大花園B座,,,,,,1,true
淘大花園C座,淘大花園C座,housingEstate,淘大花園C座,,,,,,1,true
淘大花園D座,淘大花園D座,housingEstate,淘大花園D座,,,,,,1,true
淘大花園E座,淘大花園E座,housingEstate,淘大花園E座,,,,,,1,true
淘大花園F座,淘大花園F座,housingEstate,淘大花園F座,,,,,,1,true
淘大花園G座,淘大花園G座,housingEstate,淘大花園G座,,,,,,1,true
淘大花園H座,淘大花園H座,housingEstate,淘大花園H座,,,,,,1,true
淘大花園L座,淘大花園L座,housingEstate,淘大花園L座,,,,,,1,true
淘大花園M座,淘大花園M座,housingEstate,淘大花園M座,,,,,,1,true
淘大花園O座,淘大花園O座,housingEstate,淘大花園O座,,,,,,1,true
淘大花園P座,淘大花園P座,housingEstate,淘大花園P座,,,,,,1,true
淘大花園S座,淘大花園S座,housingEstate,淘大花園S座,,,,,,1,true
淘大花園,淘大花園,housingEstate,淘大花園,,,,,,1,true
正大花園,正大花園,housingEstate,正大花園,,,,,,1,true
正大花園 (別稱),正大花園 (別稱),housingEstate,正大花園 (別稱),,,,,,1,true
元新花園,元新花園,housingEstate,元新花園,,,,,,1,true
新花園閒休,新花園閒休,housingEstate,新花園閒休,,,,,,1,true
何東花園,何東花園,housingEstate,何東花園,,,,,,1,true
逸東花園,逸東花園,housingEstate,逸東花園,,,,,,1,true
觀東花園,觀東花園,housingEstate,觀東花園,,,,,,1,true
前何東花園住宅項目,前何東花園住宅項目,housingEstate,前何東花園住宅項目,,,,,,1,true
華海花園,華海花園,housingEstate,華海花園,,,,,,1,true
翠海花園2A,翠海花園2A,housingEstate,翠海花園2A,,,,,,1,true
翠海花園2B,翠海花園2B,housingEstate,翠海花園2B,,,,,,1,true
翠海花園3A,翠海花園3A,housingEstate,翠海花園3A,,,,,,1,true
翠海花園3B,翠海花園3B,housingEstate,翠海花園3B,,,,,,1,true
翠海花園6A,翠海花園6A,housingEstate,翠海花園6A,,,,,,1,true
翠海花園6B,翠海花園6B,housingEstate,翠海花園6B,,,,,,1,true
翠海花園7A,翠海花園7A,housingEstate,翠海花園7A,,,,,,1,true
翠海花園7B,翠海花園7B,housingEstate,翠海花園7B,,,,,,1,true
翠海花園,翠海花園,housingEstate,翠海花園,,,,,,1,true
華山花園,華山花園,housingEstate,華山花園,,,,,,1,true
錦山花園,錦山花園,housingEstate,錦山花園,,,,,,1,true
金山花園,金山花園,housingEstate,金山花園,,,,,,1,true
康山花園,康山花園,housingEstate,康山花園,,,,,,1,true
壽山花園,壽山花園,housingEstate,壽山花園,,,,,,1,true
蔚山花園,蔚山花園,housingEstate,蔚山花園,,,,,,1,true
屏山花園,屏山花園,housingEstate,屏山花園,,,,,,1,true
湖山花園,湖山花園,housingEstate,湖山花園,,,,,,1,true
荔枝山花園,荔枝山花園,housingEstate,荔枝山花園,,,,,,1,true
金山花園A座,金山花園A座,housingEstate,金山花園A座,,,,,,1,true
金山花園B座,金山花園B座,housingEstate,金山花園B座,,,,,,1,true
豪成半山花園,豪成半山花園,housingEstate,豪成半山花園,,,,,,1,true
屏山花園第一座,屏山花園第一座,housingEstate,屏山花園第一座,,,,,,1,true
屏山花園第十座,屏山花園第十座,housingEstate,屏山花園第十座,,,,,,1,true
屏山花園第二座,屏山花園第二座,housingEstate,屏山花園第二座,,,,,,1,true
屏山花園第三座,屏山花園第三座,housingEstate,屏山花園第三座,,,,,,1,true
屏山花園第四座,屏山花園第四座,housingEstate,屏山花園第四座,,,,,,1,true
屏山花園第五座,屏山花園第五座,housingEstate,屏山花園第五座,,,,,,1,true
屏山花園第六座,屏山花園第六座,housingEstate,屏山花園第六座,,,,,,1,true
屏山花園第七座,屏山花園第七座,housingEstate,屏山花園第七座,,,,,,1,true
屏山花園第八座,屏山花園第八座,housingEstate,屏山花園第八座,,,,,,1,true
屏山花園第九座,屏山花園第九座,housingEstate,屏山花園第九座,,,,,,1,true
紅山花園第1座,紅山花園第1座,housingEstate,紅山花園第1座,,,,,,1,true
紅山花園第10座,紅山花園第10座,housingEstate,紅山花園第10座,,,,,,1,true
紅山花園第11座,紅山花園第11座,housingEstate,紅山花園第11座,,,,,,1,true
紅山花園第12座,紅山花園第12座,housingEstate,紅山花園第12座,,,,,,1,true
紅山花園第13座,紅山花園第13座,housingEstate,紅山花園第13座,,,,,,1,true
紅山花園第14座,紅山花園第14座,housingEstate,紅山花園第14座,,,,,,1,true
紅山花園第15座,紅山花園第15座,housingEstate,紅山花園第15座,,,,,,1,true
紅山花園第16座,紅山花園第16座,housingEstate,紅山花園第16座,,,,,,1,true
紅山花園第2座,紅山花園第2座,housingEstate,紅山花園第2座,,,,,,1,true
紅山花園第3座,紅山花園第3座,housingEstate,紅山花園第3座,,,,,,1,true
紅山花園第4座,紅山花園第4座,housingEstate,紅山花園第4座,,,,,,1,true
紅山花園第5座,紅山花園第5座,housingEstate,紅山花園第5座,,,,,,1,true
紅山花園第6座,紅山花園第6座,housingEstate,紅山花園第6座,,,,,,1,true
紅山花園第7座,紅山花園第7座,housingEstate,紅山花園第7座,,,,,,1,true
紅山花園第8座,紅山花園第8座,housingEstate,紅山花園第8座,,,,,,1,true
紅山花園第9座,紅山花園第9座,housingEstate,紅山花園第9座,,,,,,1,true
寶馬山花園1座,寶馬山花園1座,housingEstate,寶馬山花園1座,,,,,,1,true
寶馬山花園10座,寶馬山花園10座,housingEstate,寶馬山花園10座,,,,,,1,true
寶馬山花園11座,寶馬山花園11座,housingEstate,寶馬山花園11座,,,,,,1,true
寶馬山花園12座,寶馬山花園12座,housingEstate,寶馬山花園12座,,,,,,1,true
寶馬山花園15座,寶馬山花園15座,housingEstate,寶馬山花園15座,,,,,,1,true
寶馬山花園16座,寶馬山花園16座,housingEstate,寶馬山花園16座,,,,,,1,true
寶馬山花園17座,寶馬山花園17座,housingEstate,寶馬山花園17座,,,,,,1,true
寶馬山花園2座,寶馬山花園2座,housingEstate,寶馬山花園2座,,,,,,1,true
寶馬山花園3座,寶馬山花園3座,housingEstate,寶馬山花園3座,,,,,,1,true
寶馬山花園5座,寶馬山花園5座,housingEstate,寶馬山花園5座,,,,,,1,true
富嘉花園,富嘉花園,housingEstate,富嘉花園,,,,,,1,true
富嘉花園第1座,富嘉花園第1座,housingEstate,富嘉花園第1座,,,,,,1,true
富嘉花園第2座,富嘉花園第2座,housingEstate,富嘉花園第2座,,,,,,1,true
富嘉花園第3座,富嘉花園第3座,housingEstate,富嘉花園第3座,,,,,,1,true
碧華花園,碧華花園,housingEstate,碧華花園,,,,,,1,true
建華花園,建華花園,housingEstate,建華花園,,,,,,1,true
振華花園,振華花園,housingEstate,振華花園,,,,,,1,true
萬華花園,萬華花園,housingEstate,萬華花園,,,,,,1,true
青華花園,青華花園,housingEstate,青華花園,,,,,,1,true
翠華花園A座,翠華花園A座,housingEstate,翠華花園A座,,,,,,1,true
翠華花園B座,翠華花園B座,housingEstate,翠華花園B座,,,,,,1,true
翠華花園C座,翠華花園C座,housingEstate,翠華花園C座,,,,,,1,true
彩華花園A座,彩華花園A座,housingEstate,彩華花園A座,,,,,,1,true
彩華花園B座,彩華花園B座,housingEstate,彩華花園B座,,,,,,1,true
彩華花園C座,彩華花園C座,housingEstate,彩華花園C座,,,,,,1,true
彩華花園D座,彩華花園D座,housingEstate,彩華花園D座,,,,,,1,true
錦華花園A座,錦華花園A座,housingEstate,錦華花園A座,,,,,,1,true
錦華花園B座,錦華花園B座,housingEstate,錦華花園B座,,,,,,1,true
寶華花園I座,寶華花園I座,housingEstate,寶華花園I座,,,,,,1,true
寶華花園A座,寶華花園A座,housingEstate,寶華花園A座,,,,,,1,true
寶華花園B座,寶華花園B座,housingEstate,寶華花園B座,,,,,,1,true
寶華花園C座,寶華花園C座,housingEstate,寶華花園C座,,,,,,1,true
寶華花園D座,寶華花園D座,housingEstate,寶華花園D座,,,,,,1,true
寶華花園E座,寶華花園E座,housingEstate,寶華花園E座,,,,,,1,true
寶華花園F座,寶華花園F座,housingEstate,寶華花園F座,,,,,,1,true
寶華花園G座,寶華花園G座,housingEstate,寶華花園G座,,,,,,1,true
寶華花園H座,寶華花園H座,housingEstate,寶華花園H座,,,,,,1,true
寶華花園J座,寶華花園J座,housingEstate,寶華花園J座,,,,,,1,true
寶華花園K座,寶華花園K座,housingEstate,寶華花園K座,,,,,,1,true
寶華花園L座,寶華花園L座,housingEstate,寶華花園L座,,,,,,1,true
寶華花園M座,寶華花園M座,housingEstate,寶華花園M座,,,,,,1,true
榮華花園A座,榮華花園A座,housingEstate,榮華花園A座,,,,,,1,true
榮華花園B座,榮華花園B座,housingEstate,榮華花園B座,,,,,,1,true
榮華花園C座,榮華花園C座,housingEstate,榮華花園C座,,,,,,1,true
榮華花園D座,榮華花園D座,housingEstate,榮華花園D座,,,,,,1,true
榮華花園E座,榮華花園E座,housingEstate,榮華花園E座,,,,,,1,true
榮華花園F座,榮華花園F座,housingEstate,榮華花園F座,,,,,,1,true
龍華花園第1座,龍華花園第1座,housingEstate,龍華花園第1座,,,,,,1,true
龍華花園第2座,龍華花園第2座,housingEstate,龍華花園第2座,,,,,,1,true
萬華花園第二座,萬華花園第二座,housingEstate,萬華花園第二座,,,,,,1,true
萬華花園第三座,萬華花園第三座,housingEstate,萬華花園第三座,,,,,,1,true
萬華花園第四座,萬華花園第四座,housingEstate,萬華花園第四座,,,,,,1,true
萬華花園第五座,萬華花園第五座,housingEstate,萬華花園第五座,,,,,,1,true
寶華花園第3期,寶華花園第3期,housingEstate,寶華花園第3期,,,,,,1,true
曉華花園,曉華花園,housingEstate,曉華花園,,,,,,1,true
翠華花園,翠華花園,housingEstate,翠華花園,,,,,,1,true
彩華花園,彩華花園,housingEstate,彩華花園,,,,,,1,true
龍華花園,龍華花園,housingEstate,龍華花園,,,,,,1,true
錦華花園,錦華花園,housingEstate,錦華花園,,,,,,1,true
寶華花園,寶華花園,housingEstate,寶華花園,,,,,,1,true
榮華花園,榮華花園,housingEstate,榮華花園,,,,,,1,true
振華花園第一期M座,振華花園第一期M座,housingEstate,振華花園第一期M座,,,,,,1,true
金麗花園,金麗花園,housingEstate,金麗花園,,,,,,1,true
倚麗花園,倚麗花園,housingEstate,倚麗花園,,,,,,1,true
富麗花園,富麗花園,housingEstate,富麗花園,,,,,,1,true
倚麗花園2號,倚麗花園2號,housingEstate,倚麗花園2號,,,,,,1,true
倚麗花園3號,倚麗花園3號,housingEstate,倚麗花園3號,,,,,,1,true
倚麗花園4號,倚麗花園4號,housingEstate,倚麗花園4號,,,,,,1,true
秀麗花園1座,秀麗花園1座,housingEstate,秀麗花園1座,,,,,,1,true
秀麗花園11座,秀麗花園11座,housingEstate,秀麗花園11座,,,,,,1,true
秀麗花園12座,秀麗花園12座,housingEstate,秀麗花園12座,,,,,,1,true
秀麗花園13座,秀麗花園13座,housingEstate,秀麗花園13座,,,,,,1,true
秀麗花園13A座,秀麗花園13A座,housingEstate,秀麗花園13A座,,,,,,1,true
秀麗花園15座,秀麗花園15座,housingEstate,秀麗花園15座,,,,,,1,true
秀麗花園16座,秀麗花園16座,housingEstate,秀麗花園16座,,,,,,1,true
秀麗花園17座,秀麗花園17座,housingEstate,秀麗花園17座,,,,,,1,true
秀麗花園18座,秀麗花園18座,housingEstate,秀麗花園18座,,,,,,1,true
秀麗花園19座,秀麗花園19座,housingEstate,秀麗花園19座,,,,,,1,true
秀麗花園2座,秀麗花園2座,housingEstate,秀麗花園2座,,,,,,1,true
秀麗花園20座,秀麗花園20座,housingEstate,秀麗花園20座,,,,,,1,true
秀麗花園21座,秀麗花園21座,housingEstate,秀麗花園21座,,,,,,1,true
秀麗花園22座,秀麗花園22座,housingEstate,秀麗花園22座,,,,,,1,true
秀麗花園23座,秀麗花園23座,housingEstate,秀麗花園23座,,,,,,1,true
秀麗花園23A座,秀麗花園23A座,housingEstate,秀麗花園23A座,,,,,,1,true
秀麗花園25座,秀麗花園25座,housingEstate,秀麗花園25座,,,,,,1,true
秀麗花園26座,秀麗花園26座,housingEstate,秀麗花園26座,,,,,,1,true
秀麗花園27座,秀麗花園27座,housingEstate,秀麗花園27座,,,,,,1,true
秀麗花園28座,秀麗花園28座,housingEstate,秀麗花園28座,,,,,,1,true
秀麗花園29座,秀麗花園29座,housingEstate,秀麗花園29座,,,,,,1,true
秀麗花園3座,秀麗花園3座,housingEstate,秀麗花園3座,,,,,,1,true
秀麗花園30座,秀麗花園30座,housingEstate,秀麗花園30座,,,,,,1,true
秀麗花園3A座,秀麗花園3A座,housingEstate,秀麗花園3A座,,,,,,1,true
秀麗花園5座,秀麗花園5座,housingEstate,秀麗花園5座,,,,,,1,true
秀麗花園6座,秀麗花園6座,housingEstate,秀麗花園6座,,,,,,1,true
秀麗花園7座,秀麗花園7座,housingEstate,秀麗花園7座,,,,,,1,true
秀麗花園8座,秀麗花園8座,housingEstate,秀麗花園8座,,,,,,1,true
秀麗花園9座,秀麗花園9座,housingEstate,秀麗花園9座,,,,,,1,true
新麗花園J座,新麗花園J座,housingEstate,新麗花園J座,,,,,,1,true
翠麗花園A座,翠麗花園A座,housingEstate,翠麗花園A座,,,,,,1,true
翠麗花園B座,翠麗花園B座,housingEstate,翠麗花園B座,,,,,,1,true
新麗花園A座,新麗花園A座,housingEstate,新麗花園A座,,,,,,1,true
新麗花園B座,新麗花園B座,housingEstate,新麗花園B座,,,,,,1,true
新麗花園C座,新麗花園C座,housingEstate,新麗花園C座,,,,,,1,true
泓麗花園二期,泓麗花園二期,housingEstate,泓麗花園二期,,,,,,1,true
碧麗花園第二座,碧麗花園第二座,housingEstate,碧麗花園第二座,,,,,,1,true
海寶花園A座,海寶花園A座,housingEstate,海寶花園A座,,,,,,1,true
海寶花園B座,海寶花園B座,housingEstate,海寶花園B座,,,,,,1,true
海寶花園C座,海寶花園C座,housingEstate,海寶花園C座,,,,,,1,true
海寶花園D座,海寶花園D座,housingEstate,海寶花園D座,,,,,,1,true
金寶花園2座,金寶花園2座,housingEstate,金寶花園2座,,,,,,1,true
得寶花園A座,得寶花園A座,housingEstate,得寶花園A座,,,,,,1,true
得寶花園B座,得寶花園B座,housingEstate,得寶花園B座,,,,,,1,true
得寶花園C座,得寶花園C座,housingEstate,得寶花園C座,,,,,,1,true
得寶花園D座,得寶花園D座,housingEstate,得寶花園D座,,,,,,1,true
得寶花園E座,得寶花園E座,housingEstate,得寶花園E座,,,,,,1,true
得寶花園F座,得寶花園F座,housingEstate,得寶花園F座,,,,,,1,true
得寶花園G座,得寶花園G座,housingEstate,得寶花園G座,,,,,,1,true
得寶花園H座,得寶花園H座,housingEstate,得寶花園H座,,,,,,1,true
馬寶花園第一座,馬寶花園第一座,housingEstate,馬寶花園第一座,,,,,,1,true
馬寶花園第二座,馬寶花園第二座,housingEstate,馬寶花園第二座,,,,,,1,true
馬寶花園第三座,馬寶花園第三座,housingEstate,馬寶花園第三座,,,,,,1,true
富寶花園第1座,富寶花園第1座,housingEstate,富寶花園第1座,,,,,,1,true
富寶花園第10座,富寶花園第10座,housingEstate,富寶花園第10座,,,,,,1,true
富寶花園第11座,富寶花園第11座,housingEstate,富寶花園第11座,,,,,,1,true
富寶花園第12座,富寶花園第12座,housingEstate,富寶花園第12座,,,,,,1,true
富寶花園第2座,富寶花園第2座,housingEstate,富寶花園第2座,,,,,,1,true
富寶花園第3座,富寶花園第3座,housingEstate,富寶花園第3座,,,,,,1,true
富寶花園第4座,富寶花園第4座,housingEstate,富寶花園第4座,,,,,,1,true
富寶花園第5座,富寶花園第5座,housingEstate,富寶花園第5座,,,,,,1,true
富寶花園第6座,富寶花園第6座,housingEstate,富寶花園第6座,,,,,,1,true
富寶花園第7座,富寶花園第7座,housingEstate,富寶花園第7座,,,,,,1,true
富寶花園第8座,富寶花園第8座,housingEstate,富寶花園第8座,,,,,,1,true
富寶花園第9座,富寶花園第9座,housingEstate,富寶花園第9座,,,,,,1,true
馬寶花園,馬寶花園,housingEstate,馬寶花園,,,,,,1,true
海寶花園,海寶花園,housingEstate,海寶花園,,,,,,1,true
金寶花園,金寶花園,housingEstate,金寶花園,,,,,,1,true
麗寶花園,麗寶花園,housingEstate,麗寶花園,,,,,,1,true
銀寶花園,銀寶花園,housingEstate,銀寶花園,,,,,,1,true
富寶花園,富寶花園,housingEstate,富寶花園,,,,,,1,true
得寶花園,得寶花園,housingEstate,得寶花園,,,,,,1,true
金寶花園1座,金寶花園1座,housingEstate,金寶花園1座,,,,,,1,true
麗寶花園一座,麗寶花園一座,housingEstate,麗寶花園一座,,,,,,1,true
麗寶花園二座,麗寶花園二座,housingEstate,麗寶花園二座,,,,,,1,true
惠康超級市場-富寶花園,惠康超級市場-富寶花園,housingEstate,惠康超級市場-富寶花園,,,,,,1,true
富寶花園(流動圖書館二),富寶花園(流動圖書館二),housingEstate,富寶花園(流動圖書館二),,,,,,1,true
惠康超級市場-得寶花園,惠康超級市場-得寶花園,housingEstate,惠康超級市場-得寶花園,,,,,,1,true
緻富花園,緻富花園,housingEstate,緻富花園,,,,,,1,true
和富花園,和富花園,housingEstate,和富花園,,,,,,1,true
致富花園,致富花園,housingEstate,致富花園,,,,,,1,true
均富花園,均富花園,housingEstate,均富花園,,,,,,1,true
聚富花園,聚富花園,housingEstate,聚富花園,,,,,,1,true
寶富花園,寶富花園,housingEstate,寶富花園,,,,,,1,true
置富花園,置富花園,housingEstate,置富花園,,,,,,1,true
華富花園A1座,華富花園A1座,housingEstate,華富花園A1座,,,,,,1,true
華富花園A11座,華富花園A11座,housingEstate,華富花園A11座,,,,,,1,true
華富花園A12座,華富花園A12座,housingEstate,華富花園A12座,,,,,,1,true
華富花園A13座,華富花園A13座,housingEstate,華富花園A13座,,,,,,1,true
華富花園A14座,華富花園A14座,housingEstate,華富花園A14座,,,,,,1,true
華富花園A15座,華富花園A15座,housingEstate,華富花園A15座,,,,,,1,true
華富花園A16座,華富花園A16座,housingEstate,華富花園A16座,,,,,,1,true
華富花園A2座,華富花園A2座,housingEstate,華富花園A2座,,,,,,1,true
華富花園A3座,華富花園A3座,housingEstate,華富花園A3座,,,,,,1,true
華富花園A4座,華富花園A4座,housingEstate,華富花園A4座,,,,,,1,true
華富花園A6座,華富花園A6座,housingEstate,華富花園A6座,,,,,,1,true
華富花園A7座,華富花園A7座,housingEstate,華富花園A7座,,,,,,1,true
華富花園A8座,華富花園A8座,housingEstate,華富花園A8座,,,,,,1,true
華富花園A9座,華富花園A9座,housingEstate,華富花園A9座,,,,,,1,true
華富花園B1座,華富花園B1座,housingEstate,華富花園B1座,,,,,,1,true
華富花園B2座,華富花園B2座,housingEstate,華富花園B2座,,,,,,1,true
華富花園B3座,華富花園B3座,housingEstate,華富花園B3座,,,,,,1,true
華富花園B4座,華富花園B4座,housingEstate,華富花園B4座,,,,,,1,true
華富花園B6座,華富花園B6座,housingEstate,華富花園B6座,,,,,,1,true
華富花園C1座,華富花園C1座,housingEstate,華富花園C1座,,,,,,1,true
華富花園C2座,華富花園C2座,housingEstate,華富花園C2座,,,,,,1,true
華富花園C3座,華富花園C3座,housingEstate,華富花園C3座,,,,,,1,true
華富花園C4座,華富花園C4座,housingEstate,華富花園C4座,,,,,,1,true
華富花園C6座,華富花園C6座,housingEstate,華富花園C6座,,,,,,1,true
華富花園D1座,華富花園D1座,housingEstate,華富花園D1座,,,,,,1,true
華富花園D2座,華富花園D2座,housingEstate,華富花園D2座,,,,,,1,true
長富花園第1座,長富花園第1座,housingEstate,長富花園第1座,,,,,,1,true
長富花園第2座,長富花園第2座,housingEstate,長富花園第2座,,,,,,1,true
長富花園第3座,長富花園第3座,housingEstate,長富花園第3座,,,,,,1,true
長富花園第4座,長富花園第4座,housingEstate,長富花園第4座,,,,,,1,true
長富花園第5座,長富花園第5座,housingEstate,長富花園第5座,,,,,,1,true
長富花園第6座,長富花園第6座,housingEstate,長富花園第6座,,,,,,1,true
置富花園第1期,置富花園第1期,housingEstate,置富花園第1期,,,,,,1,true
置富花園第2期,置富花園第2期,housingEstate,置富花園第2期,,,,,,1,true
置富花園第3期,置富花園第3期,housingEstate,置富花園第3期,,,,,,1,true
華富花園,華富花園,housingEstate,華富花園,,,,,,1,true
巴富花園,巴富花園,housingEstate,巴富花園,,,,,,1,true
怡富花園,怡富花園,housingEstate,怡富花園,,,,,,1,true
長富花園,長富花園,housingEstate,長富花園,,,,,,1,true
新美花園,新美花園,housingEstate,新美花園,,,,,,1,true
攸美花園B座,攸美花園B座,housingEstate,攸美花園B座,,,,,,1,true
攸美花園,攸美花園,housingEstate,攸美花園,,,,,,1,true
攸美花園A座,攸美花園A座,housingEstate,攸美花園A座,,,,,,1,true
碧翠花園,碧翠花園,housingEstate,碧翠花園,,,,,,1,true
寶翠花園A,寶翠花園A,housingEstate,寶翠花園A,,,,,,1,true
寶翠花園B,寶翠花園B,housingEstate,寶翠花園B,,,,,,1,true
寶翠花園C,寶翠花園C,housingEstate,寶翠花園C,,,,,,1,true
寶翠花園D,寶翠花園D,housingEstate,寶翠花園D,,,,,,1,true
寶翠花園E,寶翠花園E,housingEstate,寶翠花園E,,,,,,1,true
寶翠花園F,寶翠花園F,housingEstate,寶翠花園F,,,,,,1,true
寶翠花園H,寶翠花園H,housingEstate,寶翠花園H,,,,,,1,true
怡翠花園I座,怡翠花園I座,housingEstate,怡翠花園I座,,,,,,1,true
怡翠花園A座,怡翠花園A座,housingEstate,怡翠花園A座,,,,,,1,true
怡翠花園B座,怡翠花園B座,housingEstate,怡翠花園B座,,,,,,1,true
怡翠花園F座,怡翠花園F座,housingEstate,怡翠花園F座,,,,,,1,true
怡翠花園H座,怡翠花園H座,housingEstate,怡翠花園H座,,,,,,1,true
怡翠花園L座,怡翠花園L座,housingEstate,怡翠花園L座,,,,,,1,true
怡翠花園M座,怡翠花園M座,housingEstate,怡翠花園M座,,,,,,1,true
怡翠花園O座,怡翠花園O座,housingEstate,怡翠花園O座,,,,,,1,true
翡翠花園會所,翡翠花園會所,housingEstate,翡翠花園會所,,,,,,1,true
碧翠花園1座,碧翠花園1座,housingEstate,碧翠花園1座,,,,,,1,true
碧翠花園10座,碧翠花園10座,housingEstate,碧翠花園10座,,,,,,1,true
碧翠花園11座,碧翠花園11座,housingEstate,碧翠花園11座,,,,,,1,true
碧翠花園12座,碧翠花園12座,housingEstate,碧翠花園12座,,,,,,1,true
碧翠花園13座,碧翠花園13座,housingEstate,碧翠花園13座,,,,,,1,true
碧翠花園14座,碧翠花園14座,housingEstate,碧翠花園14座,,,,,,1,true
碧翠花園15座,碧翠花園15座,housingEstate,碧翠花園15座,,,,,,1,true
碧翠花園16座,碧翠花園16座,housingEstate,碧翠花園16座,,,,,,1,true
碧翠花園17座,碧翠花園17座,housingEstate,碧翠花園17座,,,,,,1,true
碧翠花園18座,碧翠花園18座,housingEstate,碧翠花園18座,,,,,,1,true
碧翠花園19座,碧翠花園19座,housingEstate,碧翠花園19座,,,,,,1,true
碧翠花園2座,碧翠花園2座,housingEstate,碧翠花園2座,,,,,,1,true
碧翠花園20座,碧翠花園20座,housingEstate,碧翠花園20座,,,,,,1,true
碧翠花園21座,碧翠花園21座,housingEstate,碧翠花園21座,,,,,,1,true
碧翠花園22座,碧翠花園22座,housingEstate,碧翠花園22座,,,,,,1,true
碧翠花園23座,碧翠花園23座,housingEstate,碧翠花園23座,,,,,,1,true
碧翠花園24座,碧翠花園24座,housingEstate,碧翠花園24座,,,,,,1,true
碧翠花園25座,碧翠花園25座,housingEstate,碧翠花園25座,,,,,,1,true
碧翠花園26座,碧翠花園26座,housingEstate,碧翠花園26座,,,,,,1,true
碧翠花園3座,碧翠花園3座,housingEstate,碧翠花園3座,,,,,,1,true
碧翠花園4座,碧翠花園4座,housingEstate,碧翠花園4座,,,,,,1,true
碧翠花園5座,碧翠花園5座,housingEstate,碧翠花園5座,,,,,,1,true
碧翠花園6座,碧翠花園6座,housingEstate,碧翠花園6座,,,,,,1,true
碧翠花園7座,碧翠花園7座,housingEstate,碧翠花園7座,,,,,,1,true
碧翠花園8座,碧翠花園8座,housingEstate,碧翠花園8座,,,,,,1,true
裕景花園,裕景花園,housingEstate,裕景花園,,,,,,1,true
蔚景花園,蔚景花園,housingEstate,蔚景花園,,,,,,1,true
恒景花園,恒景花園,housingEstate,恒景花園,,,,,,1,true
順景花園,順景花園,housingEstate,順景花園,,,,,,1,true
湖景花園2,湖景花園2,housingEstate,湖景花園2,,,,,,1,true
湖景花園3,湖景花園3,housingEstate,湖景花園3,,,,,,1,true
湖景花園4,湖景花園4,housingEstate,湖景花園4,,,,,,1,true
湖景花園5,湖景花園5,housingEstate,湖景花園5,,,,,,1,true
湖景花園V,湖景花園V,housingEstate,湖景花園V,,,,,,1,true
湖景花園A,湖景花園A,housingEstate,湖景花園A,,,,,,1,true
湖景花園B,湖景花園B,housingEstate,湖景花園B,,,,,,1,true
湖景花園F,湖景花園F,housingEstate,湖景花園F,,,,,,1,true
湖景花園H,湖景花園H,housingEstate,湖景花園H,,,,,,1,true
湖景花園L,湖景花園L,housingEstate,湖景花園L,,,,,,1,true
湖景花園M,湖景花園M,housingEstate,湖景花園M,,,,,,1,true
湖景花園P,湖景花園P,housingEstate,湖景花園P,,,,,,1,true
湖景花園S,湖景花園S,housingEstate,湖景花園S,,,,,,1,true
湖景花園W,湖景花園W,housingEstate,湖景花園W,,,,,,1,true
怡景花園1座,怡景花園1座,housingEstate,怡景花園1座,,,,,,1,true
怡景花園10座,怡景花園10座,housingEstate,怡景花園10座,,,,,,1,true
怡景花園11座,怡景花園11座,housingEstate,怡景花園11座,,,,,,1,true
怡景花園12座,怡景花園12座,housingEstate,怡景花園12座,,,,,,1,true
怡景花園13座,怡景花園13座,housingEstate,怡景花園13座,,,,,,1,true
怡景花園14座,怡景花園14座,housingEstate,怡景花園14座,,,,,,1,true
怡景花園15座,怡景花園15座,housingEstate,怡景花園15座,,,,,,1,true
怡景花園2座,怡景花園2座,housingEstate,怡景花園2座,,,,,,1,true
怡景花園3座,怡景花園3座,housingEstate,怡景花園3座,,,,,,1,true
怡景花園4座,怡景花園4座,housingEstate,怡景花園4座,,,,,,1,true
怡景花園5座,怡景花園5座,housingEstate,怡景花園5座,,,,,,1,true
怡景花園6座,怡景花園6座,housingEstate,怡景花園6座,,,,,,1,true
怡景花園7座,怡景花園7座,housingEstate,怡景花園7座,,,,,,1,true
怡景花園8座,怡景花園8座,housingEstate,怡景花園8座,,,,,,1,true
怡景花園9座,怡景花園9座,housingEstate,怡景花園9座,,,,,,1,true
歡景花園1座,歡景花園1座,housingEstate,歡景花園1座,,,,,,1,true
中苑臺,中苑臺,housingEstate,中苑臺,,,,,,1,true
中苑臺 (別稱),中苑臺 (別稱),housingEstate,中苑臺 (別稱),,,,,,1,true
大苑樓,大苑樓,housingEstate,大苑樓,,,,,,1,true
OK便利店-大苑樓,OK便利店-大苑樓,housingEstate,OK便利店-大苑樓,,,,,,1,true
恒莆新苑,恒莆新苑,housingEstate,恒莆新苑,,,,,,1,true
裕東苑,裕東苑,housingEstate,裕東苑,,,,,,1,true
東苑臺,東苑臺,housingEstate,東苑臺,,,,,,1,true
明愛富東苑,明愛富東苑,housingEstate,明愛富東苑,,,,,,1,true
喜東閣,喜東閣,housingEstate,喜東閣,,,,,,1,true
向東閣,向東閣,housingEstate,向東閣,,,,,,1,true
賀東閣,賀東閣,housingEstate,賀東閣,,,,,,1,true
啓東閣,啓東閣,housingEstate,啓東閣,,,,,,1,true
新東閣,新東閣,housingEstate,新東閣,,,,,,1,true
覺海苑,覺海苑,housingEstate,覺海苑,,,,,,1,true
老圍覺海苑 (前稱),老圍覺海苑 (前稱),housingEstate,老圍覺海苑 (前稱),,,,,,1,true
冠山苑,冠山苑,housingEstate,冠山苑,,,,,,1,true
河山苑,河山苑,housingEstate,河山苑,,,,,,1,true
雅山苑,雅山苑,housingEstate,雅山苑,,,,,,1,true
龍山苑,龍山苑,housingEstate,龍山苑,,,,,,1,true
瓊山苑,瓊山苑,housingEstate,瓊山苑,,,,,,1,true
南山苑,南山苑,housingEstate,南山苑,,,,,,1,true
兆山苑,兆山苑,housingEstate,兆山苑,,,,,,1,true
畢拉山苑,畢拉山苑,housingEstate,畢拉山苑,,,,,,1,true
雅山苑第一座,雅山苑第一座,housingEstate,雅山苑第一座,,,,,,1,true
雅山苑第二座,雅山苑第二座,housingEstate,雅山苑第二座,,,,,,1,true
瓊山苑停車場,瓊山苑停車場,housingEstate,瓊山苑停車場,,,,,,1,true
兆山苑月租停車場,兆山苑月租停車場,housingEstate,兆山苑月租停車場,,,,,,1,true
瓊山苑A座 (別稱),瓊山苑A座 (別稱),housingEstate,瓊山苑A座 (別稱),,,,,,1,true
瓊山苑B座 (別稱),瓊山苑B座 (別稱),housingEstate,瓊山苑B座 (別稱),,,,,,1,true
瓊山苑C座 (別稱),瓊山苑C座 (別稱),housingEstate,瓊山苑C座 (別稱),,,,,,1,true
瓊山苑D座 (別稱),瓊山苑D座 (別稱),housingEstate,瓊山苑D座 (別稱),,,,,,1,true
瓊山苑E座 (別稱),瓊山苑E座 (別稱),housingEstate,瓊山苑E座 (別稱),,,,,,1,true
瓊山苑F座 (別稱),瓊山苑F座 (別稱),housingEstate,瓊山苑F座 (別稱),,,,,,1,true
兆山苑A座 (別稱),兆山苑A座 (別稱),housingEstate,兆山苑A座 (別稱),,,,,,1,true
兆山苑B座 (別稱),兆山苑B座 (別稱),housingEstate,兆山苑B座 (別稱),,,,,,1,true
兆山苑C座 (別稱),兆山苑C座 (別稱),housingEstate,兆山苑C座 (別稱),,,,,,1,true
兆山苑D座 (別稱),兆山苑D座 (別稱),housingEstate,兆山苑D座 (別稱),,,,,,1,true
兆山苑E座 (別稱),兆山苑E座 (別稱),housingEstate,兆山苑E座 (別稱),,,,,,1,true
兆山苑F座 (別稱),兆山苑F座 (別稱),housingEstate,兆山苑F座 (別稱),,,,,,1,true
兆山苑G座 (別稱),兆山苑G座 (別稱),housingEstate,兆山苑G座 (別稱),,,,,,1,true
兆山苑H座 (別稱),兆山苑H座 (別稱),housingEstate,兆山苑H座 (別稱),,,,,,1,true
兆山苑J座 (別稱),兆山苑J座 (別稱),housingEstate,兆山苑J座 (別稱),,,,,,1,true
兆山苑K座 (別稱),兆山苑K座 (別稱),housingEstate,兆山苑K座 (別稱),,,,,,1,true
兆山苑L座 (別稱),兆山苑L座 (別稱),housingEstate,兆山苑L座 (別稱),,,,,,1,true
兆山苑M座 (別稱),兆山苑M座 (別稱),housingEstate,兆山苑M座 (別稱),,,,,,1,true
樟景閣,樟景閣,housingEstate,樟景閣,,,,,,1,true
杏景閣,杏景閣,housingEstate,杏景閣,,,,,,1,true
楗景閣,楗景閣,housingEstate,楗景閣,,,,,,1,true
瓊峯閣,瓊峯閣,housingEstate,瓊峯閣,,,,,,1,true
瓊琚閣,瓊琚閣,housingEstate,瓊琚閣,,,,,,1,true
瓊碧閣,瓊碧閣,housingEstate,瓊碧閣,,,,,,1,true
瓊瑋閣,瓊瑋閣,housingEstate,瓊瑋閣,,,,,,1,true
瓊瑛閣,瓊瑛閣,housingEstate,瓊瑛閣,,,,,,1,true
瓊瑤閣,瓊瑤閣,housingEstate,瓊瑤閣,,,,,,1,true
葵景閣,葵景閣,housingEstate,葵景閣,,,,,,1,true
柳景閣,柳景閣,housingEstate,柳景閣,,,,,,1,true
棉景閣,棉景閣,housingEstate,棉景閣,,,,,,1,true
栢景閣,栢景閣,housingEstate,栢景閣,,,,,,1,true
桃景閣,桃景閣,housingEstate,桃景閣,,,,,,1,true
樺景閣,樺景閣,housingEstate,樺景閣,,,,,,1,true
椰景閣,椰景閣,housingEstate,椰景閣,,,,,,1,true
富嘉苑,富嘉苑,housingEstate,富嘉苑,,,,,,1,true
嘉苑A座,嘉苑A座,housingEstate,嘉苑A座,,,,,,1,true
嘉苑B座,嘉苑B座,housingEstate,嘉苑B座,,,,,,1,true
嘉苑C座,嘉苑C座,housingEstate,嘉苑C座,,,,,,1,true
嘉苑D座,嘉苑D座,housingEstate,嘉苑D座,,,,,,1,true
華苑大廈A座,華苑大廈A座,housingEstate,華苑大廈A座,,,,,,1,true
振華苑,振華苑,housingEstate,振華苑,,,,,,1,true
富華苑,富華苑,housingEstate,富華苑,,,,,,1,true
康華苑,康華苑,housingEstate,康華苑,,,,,,1,true
驥華苑,驥華苑,housingEstate,驥華苑,,,,,,1,true
碧華苑,碧華苑,housingEstate,碧華苑,,,,,,1,true
秀華苑,秀華苑,housingEstate,秀華苑,,,,,,1,true
華苑大廈,華苑大廈,housingEstate,華苑大廈,,,,,,1,true
海華苑一座,海華苑一座,housingEstate,海華苑一座,,,,,,1,true
海華苑二座,海華苑二座,housingEstate,海華苑二座,,,,,,1,true
海華苑五座,海華苑五座,housingEstate,海華苑五座,,,,,,1,true
華苑大廈B座,華苑大廈B座,housingEstate,華苑大廈B座,,,,,,1,true
康華苑停車場,康華苑停車場,housingEstate,康華苑停車場,,,,,,1,true
法華苑,法華苑,housingEstate,法華苑,,,,,,1,true
OK便利店-青華苑,OK便利店-青華苑,housingEstate,OK便利店-青華苑,,,,,,1,true
海華苑第三座 (前稱),海華苑第三座 (前稱),housingEstate,海華苑第三座 (前稱),,,,,,1,true
頌康閣,頌康閣,housingEstate,頌康閣,,,,,,1,true
華翔閣,華翔閣,housingEstate,華翔閣,,,,,,1,true
華豐閣,華豐閣,housingEstate,華豐閣,,,,,,1,true
華碧閣,華碧閣,housingEstate,華碧閣,,,,,,1,true
華璇閣,華璇閣,housingEstate,華璇閣,,,,,,1,true
華奐閣,華奐閣,housingEstate,華奐閣,,,,,,1,true
華欣閣,華欣閣,housingEstate,華欣閣,,,,,,1,true
宏康閣,宏康閣,housingEstate,宏康閣,,,,,,1,true
坪麗苑,坪麗苑,housingEstate,坪麗苑,,,,,,1,true
天麗苑,天麗苑,housingEstate,天麗苑,,,,,,1,true
悅麗苑,悅麗苑,housingEstate,悅麗苑,,,,,,1,true
碧麗苑A座,碧麗苑A座,housingEstate,碧麗苑A座,,,,,,1,true
碧麗苑B座,碧麗苑B座,housingEstate,碧麗苑B座,,,,,,1,true
雅麗苑3A座,雅麗苑3A座,housingEstate,雅麗苑3A座,,,,,,1,true
雅麗苑A座,雅麗苑A座,housingEstate,雅麗苑A座,,,,,,1,true
雅麗苑C座,雅麗苑C座,housingEstate,雅麗苑C座,,,,,,1,true
雅麗苑D座,雅麗苑D座,housingEstate,雅麗苑D座,,,,,,1,true
雅麗苑E座,雅麗苑E座,housingEstate,雅麗苑E座,,,,,,1,true
雅麗苑F座,雅麗苑F座,housingEstate,雅麗苑F座,,,,,,1,true
雅麗苑H座,雅麗苑H座,housingEstate,雅麗苑H座,,,,,,1,true
金麗苑A座,金麗苑A座,housingEstate,金麗苑A座,,,,,,1,true
金麗苑B座,金麗苑B座,housingEstate,金麗苑B座,,,,,,1,true
泓麗苑二座,泓麗苑二座,housingEstate,泓麗苑二座,,,,,,1,true
泓麗苑三座,泓麗苑三座,housingEstate,泓麗苑三座,,,,,,1,true
泓麗苑四座,泓麗苑四座,housingEstate,泓麗苑四座,,,,,,1,true
泓麗苑五座,泓麗苑五座,housingEstate,泓麗苑五座,,,,,,1,true
泓麗苑六座,泓麗苑六座,housingEstate,泓麗苑六座,,,,,,1,true
泓麗苑七座,泓麗苑七座,housingEstate,泓麗苑七座,,,,,,1,true
泓麗苑八座,泓麗苑八座,housingEstate,泓麗苑八座,,,,,,1,true
泓麗苑九座,泓麗苑九座,housingEstate,泓麗苑九座,,,,,,1,true
安麗苑A座,安麗苑A座,housingEstate,安麗苑A座,,,,,,1,true
安麗苑B座,安麗苑B座,housingEstate,安麗苑B座,,,,,,1,true
安麗苑C座,安麗苑C座,housingEstate,安麗苑C座,,,,,,1,true
華麗苑三期,華麗苑三期,housingEstate,華麗苑三期,,,,,,1,true
秀麗苑第1座,秀麗苑第1座,housingEstate,秀麗苑第1座,,,,,,1,true
秀麗苑第10座,秀麗苑第10座,housingEstate,秀麗苑第10座,,,,,,1,true
秀麗苑第11座,秀麗苑第11座,housingEstate,秀麗苑第11座,,,,,,1,true
秀麗苑第12座,秀麗苑第12座,housingEstate,秀麗苑第12座,,,,,,1,true
秀麗苑第2座,秀麗苑第2座,housingEstate,秀麗苑第2座,,,,,,1,true
秀麗苑第3座,秀麗苑第3座,housingEstate,秀麗苑第3座,,,,,,1,true
秀麗苑第4座,秀麗苑第4座,housingEstate,秀麗苑第4座,,,,,,1,true
秀麗苑第5座,秀麗苑第5座,housingEstate,秀麗苑第5座,,,,,,1,true
秀麗苑第6座,秀麗苑第6座,housingEstate,秀麗苑第6座,,,,,,1,true
秀麗苑第7座,秀麗苑第7座,housingEstate,秀麗苑第7座,,,,,,1,true
秀麗苑第8座,秀麗苑第8座,housingEstate,秀麗苑第8座,,,,,,1,true
秀麗苑第9座,秀麗苑第9座,housingEstate,秀麗苑第9座,,,,,,1,true
雅麗苑第十一座,雅麗苑第十一座,housingEstate,雅麗苑第十一座,,,,,,1,true
雅麗苑第二座,雅麗苑第二座,housingEstate,雅麗苑第二座,,,,,,1,true
寶苑A座,寶苑A座,housingEstate,寶苑A座,,,,,,1,true
寶苑B座,寶苑B座,housingEstate,寶苑B座,,,,,,1,true
富苑,富苑,housingEstate,富苑,,,,,,1,true
俐富苑A座,俐富苑A座,housingEstate,俐富苑A座,,,,,,1,true
俐富苑B座,俐富苑B座,housingEstate,俐富苑B座,,,,,,1,true
俐富苑C座,俐富苑C座,housingEstate,俐富苑C座,,,,,,1,true
俐富苑D座,俐富苑D座,housingEstate,俐富苑D座,,,,,,1,true
俐富苑E座,俐富苑E座,housingEstate,俐富苑E座,,,,,,1,true
俐富苑F座,俐富苑F座,housingEstate,俐富苑F座,,,,,,1,true
榮富苑第一座,榮富苑第一座,housingEstate,榮富苑第一座,,,,,,1,true
榮富苑第二座,榮富苑第二座,housingEstate,榮富苑第二座,,,,,,1,true
連富苑,連富苑,housingEstate,連富苑,,,,,,1,true
榮富苑,榮富苑,housingEstate,榮富苑,,,,,,1,true
俐富苑,俐富苑,housingEstate,俐富苑,,,,,,1,true
永富苑,永富苑,housingEstate,永富苑,,,,,,1,true
青富苑,青富苑,housingEstate,青富苑,,,,,,1,true
海富苑,海富苑,housingEstate,海富苑,,,,,,1,true
天富苑,天富苑,housingEstate,天富苑,,,,,,1,true
海富苑海欣閣,海富苑海欣閣,housingEstate,海富苑海欣閣,,,,,,1,true
旺角海富苑海泰閣4樓,旺角海富苑海泰閣4樓,housingEstate,旺角海富苑海泰閣4樓,,,,,,1,true
天富苑A座 (別稱),天富苑A座 (別稱),housingEstate,天富苑A座 (別稱),,,,,,1,true
天富苑B座 (別稱),天富苑B座 (別稱),housingEstate,天富苑B座 (別稱),,,,,,1,true
天富苑C座 (別稱),天富苑C座 (別稱),housingEstate,天富苑C座 (別稱),,,,,,1,true
天富苑D座 (別稱),天富苑D座 (別稱),housingEstate,天富苑D座 (別稱),,,,,,1,true
天富苑E座 (別稱),天富苑E座 (別稱),housingEstate,天富苑E座 (別稱),,,,,,1,true
天富苑F座 (別稱),天富苑F座 (別稱),housingEstate,天富苑F座 (別稱),,,,,,1,true
天富苑G座 (別稱),天富苑G座 (別稱),housingEstate,天富苑G座 (別稱),,,,,,1,true
天富苑H座 (別稱),天富苑H座 (別稱),housingEstate,天富苑H座 (別稱),,,,,,1,true
天富苑J座 (別稱),天富苑J座 (別稱),housingEstate,天富苑J座 (別稱),,,,,,1,true
天富苑K座 (別稱),天富苑K座 (別稱),housingEstate,天富苑K座 (別稱),,,,,,1,true
天富苑L座 (別稱),天富苑L座 (別稱),housingEstate,天富苑L座 (別稱),,,,,,1,true
天富苑M座 (別稱),天富苑M座 (別稱),housingEstate,天富苑M座 (別稱),,,,,,1,true
天富苑N座 (別稱),天富苑N座 (別稱),housingEstate,天富苑N座 (別稱),,,,,,1,true
天富苑O座 (別稱),天富苑O座 (別稱),housingEstate,天富苑O座 (別稱),,,,,,1,true
天富苑P座 (別稱),天富苑P座 (別稱),housingEstate,天富苑P座 (別稱),,,,,,1,true
海富苑(流動圖書館七),海富苑(流動圖書館七),housingEstate,海富苑(流動圖書館七),,,,,,1,true
惠康超級市場-海富苑,惠康超級市場-海富苑,housingEstate,惠康超級市場-海富苑,,,,,,1,true
亨富閣,亨富閣,housingEstate,亨富閣,,,,,,1,true
興富閣,興富閣,housingEstate,興富閣,,,,,,1,true
海嵐閣,海嵐閣,housingEstate,海嵐閣,,,,,,1,true
海寧閣,海寧閣,housingEstate,海寧閣,,,,,,1,true
海泰閣,海泰閣,housingEstate,海泰閣,,,,,,1,true
海韻閣,海韻閣,housingEstate,海韻閣,,,,,,1,true
華美苑,華美苑,housingEstate,華美苑,,,,,,1,true
油美苑,油美苑,housingEstate,油美苑,,,,,,1,true
油美苑停車場,油美苑停車場,housingEstate,油美苑停車場,,,,,,1,true
淑美閣,淑美閣,housingEstate,淑美閣,,,,,,1,true
濤美閣,濤美閣,housingEstate,濤美閣,,,,,,1,true
淮美閣,淮美閣,housingEstate,淮美閣,,,,,,1,true
瀅美閣,瀅美閣,housingEstate,瀅美閣,,,,,,1,true
潤美閣,潤美閣,housingEstate,潤美閣,,,,,,1,true
欣翠苑,欣翠苑,housingEstate,欣翠苑,,,,,,1,true
雍翠苑,雍翠苑,housingEstate,雍翠苑,,,,,,1,true
杏翠苑,杏翠苑,housingEstate,杏翠苑,,,,,,1,true
佳翠苑,佳翠苑,housingEstate,佳翠苑,,,,,,1,true
景翠苑,景翠苑,housingEstate,景翠苑,,,,,,1,true
仁翠苑,仁翠苑,housingEstate,仁翠苑,,,,,,1,true
碧翠苑1A,碧翠苑1A,housingEstate,碧翠苑1A,,,,,,1,true
碧翠苑1B,碧翠苑1B,housingEstate,碧翠苑1B,,,,,,1,true
碧翠苑2A,碧翠苑2A,housingEstate,碧翠苑2A,,,,,,1,true
碧翠苑2B,碧翠苑2B,housingEstate,碧翠苑2B,,,,,,1,true
碧翠苑3A,碧翠苑3A,housingEstate,碧翠苑3A,,,,,,1,true
碧翠苑3B,碧翠苑3B,housingEstate,碧翠苑3B,,,,,,1,true
碧翠苑4A,碧翠苑4A,housingEstate,碧翠苑4A,,,,,,1,true
碧翠苑4B,碧翠苑4B,housingEstate,碧翠苑4B,,,,,,1,true
碧翠苑5A,碧翠苑5A,housingEstate,碧翠苑5A,,,,,,1,true
碧翠苑5B,碧翠苑5B,housingEstate,碧翠苑5B,,,,,,1,true
碧翠苑6A,碧翠苑6A,housingEstate,碧翠苑6A,,,,,,1,true
碧翠苑6B,碧翠苑6B,housingEstate,碧翠苑6B,,,,,,1,true
碧翠苑7A,碧翠苑7A,housingEstate,碧翠苑7A,,,,,,1,true
碧翠苑7B,碧翠苑7B,housingEstate,碧翠苑7B,,,,,,1,true
嘉翠苑I座,嘉翠苑I座,housingEstate,嘉翠苑I座,,,,,,1,true
嘉翠苑A座,嘉翠苑A座,housingEstate,嘉翠苑A座,,,,,,1,true
嘉翠苑B座,嘉翠苑B座,housingEstate,嘉翠苑B座,,,,,,1,true
嘉翠苑C座,嘉翠苑C座,housingEstate,嘉翠苑C座,,,,,,1,true
嘉翠苑D座,嘉翠苑D座,housingEstate,嘉翠苑D座,,,,,,1,true
嘉翠苑E座,嘉翠苑E座,housingEstate,嘉翠苑E座,,,,,,1,true
嘉翠苑F座,嘉翠苑F座,housingEstate,嘉翠苑F座,,,,,,1,true
嘉翠苑H座,嘉翠苑H座,housingEstate,嘉翠苑H座,,,,,,1,true
金翠苑A座,金翠苑A座,housingEstate,金翠苑A座,,,,,,1,true
金翠苑B座,金翠苑B座,housingEstate,金翠苑B座,,,,,,1,true
金翠苑C座,金翠苑C座,housingEstate,金翠苑C座,,,,,,1,true
金翠苑D座,金翠苑D座,housingEstate,金翠苑D座,,,,,,1,true
山翠苑A座,山翠苑A座,housingEstate,山翠苑A座,,,,,,1,true
山翠苑B座,山翠苑B座,housingEstate,山翠苑B座,,,,,,1,true
山翠苑C座,山翠苑C座,housingEstate,山翠苑C座,,,,,,1,true
山翠苑D座,山翠苑D座,housingEstate,山翠苑D座,,,,,,1,true
怡翠苑A座,怡翠苑A座,housingEstate,怡翠苑A座,,,,,,1,true
怡翠苑B座,怡翠苑B座,housingEstate,怡翠苑B座,,,,,,1,true
怡翠苑C座,怡翠苑C座,housingEstate,怡翠苑C座,,,,,,1,true
泓翠苑二期,泓翠苑二期,housingEstate,泓翠苑二期,,,,,,1,true
青翠苑,青翠苑,housingEstate,青翠苑,,,,,,1,true
順景苑,順景苑,housingEstate,順景苑,,,,,,1,true
怡景苑,怡景苑,housingEstate,怡景苑,,,,,,1,true
翠景苑,翠景苑,housingEstate,翠景苑,,,,,,1,true
華景苑,華景苑,housingEstate,華景苑,,,,,,1,true
港景苑,港景苑,housingEstate,港景苑,,,,,,1,true
富景苑,富景苑,housingEstate,富景苑,,,,,,1,true
井頭中村,井頭中村,housingEstate,井頭中村,,,,,,1,true
井頭中村休憩處,井頭中村休憩處,housingEstate,井頭中村休憩處,,,,,,1,true
虎地中村兒童遊樂場,虎地中村兒童遊樂場,housingEstate,虎地中村兒童遊樂場,,,,,,1,true
文華新邨,文華新邨,housingEstate,文華新邨,,,,,,1,true
明愛新村,明愛新村,housingEstate,明愛新村,,,,,,1,true
美援新村,美援新村,housingEstate,美援新村,,,,,,1,true
新村花園,新村花園,housingEstate,新村花園,,,,,,1,true
漁民新村,漁民新村,housingEstate,漁民新村,,,,,,1,true
長春新村,長春新村,housingEstate,長春新村,,,,,,1,true
振興新村,振興新村,housingEstate,振興新村,,,,,,1,true
鳳凰新村,鳳凰新村,housingEstate,鳳凰新村,,,,,,1,true
蝦尾新村,蝦尾新村,housingEstate,蝦尾新村,,,,,,1,true
下洋新村,下洋新村,housingEstate,下洋新村,,,,,,1,true
鹹田新村,鹹田新村,housingEstate,鹹田新村,,,,,,1,true
蠔涌新村,蠔涌新村,housingEstate,蠔涌新村,,,,,,1,true
海壩新村,海壩新村,housingEstate,海壩新村,,,,,,1,true
紅橋新村,紅橋新村,housingEstate,紅橋新村,,,,,,1,true
錦石新村,錦石新村,housingEstate,錦石新村,,,,,,1,true
滘西新村,滘西新村,housingEstate,滘西新村,,,,,,1,true
高埔新村,高埔新村,housingEstate,高埔新村,,,,,,1,true
港頭新村,港頭新村,housingEstate,港頭新村,,,,,,1,true
桂地新村,桂地新村,housingEstate,桂地新村,,,,,,1,true
鈞樂新邨,鈞樂新邨,housingEstate,鈞樂新邨,,,,,,1,true
林村新村,林村新村,housingEstate,林村新村,,,,,,1,true
聯安新村,聯安新村,housingEstate,聯安新村,,,,,,1,true
馬灣新村,馬灣新村,housingEstate,馬灣新村,,,,,,1,true
米埔新村,米埔新村,housingEstate,米埔新村,,,,,,1,true
萬壽新村,萬壽新村,housingEstate,萬壽新村,,,,,,1,true
茅坪新村,茅坪新村,housingEstate,茅坪新村,,,,,,1,true
美孚新邨,美孚新邨,housingEstate,美孚新邨,,,,,,1,true
模達新村,模達新村,housingEstate,模達新村,,,,,,1,true
南灣新村,南灣新村,housingEstate,南灣新村,,,,,,1,true
南豐新邨,南豐新邨,housingEstate,南豐新邨,,,,,,1,true
北社新村,北社新村,housingEstate,北社新村,,,,,,1,true
白田新村,白田新村,housingEstate,白田新村,,,,,,1,true
泮涌新村,泮涌新村,housingEstate,泮涌新村,,,,,,1,true
碧水新村,碧水新村,housingEstate,碧水新村,,,,,,1,true
壁屋新村,壁屋新村,housingEstate,壁屋新村,,,,,,1,true
坪輋新村,坪輋新村,housingEstate,坪輋新村,,,,,,1,true
屏山新村,屏山新村,housingEstate,屏山新村,,,,,,1,true
沙埔新村,沙埔新村,housingEstate,沙埔新村,,,,,,1,true
塘坑東村,塘坑東村,housingEstate,塘坑東村,,,,,,1,true
翔東邨,翔東邨,housingEstate,翔東邨,,,,,,1,true
興東邨,興東邨,housingEstate,興東邨,,,,,,1,true
康東邨,康東邨,housingEstate,康東邨,,,,,,1,true
美東邨,美東邨,housingEstate,美東邨,,,,,,1,true
滿東邨,滿東邨,housingEstate,滿東邨,,,,,,1,true
愛東邨,愛東邨,housingEstate,愛東邨,,,,,,1,true
迎東邨,迎東邨,housingEstate,迎東邨,,,,,,1,true
耀東邨,耀東邨,housingEstate,耀東邨,,,,,,1,true
葵盛東邨,葵盛東邨,housingEstate,葵盛東邨,,,,,,1,true
石蔭東邨,石蔭東邨,housingEstate,石蔭東邨,,,,,,1,true
大坑東邨,大坑東邨,housingEstate,大坑東邨,,,,,,1,true
愛東邨愛澤樓,愛東邨愛澤樓,housingEstate,愛東邨愛澤樓,,,,,,1,true
愛東邨愛逸樓,愛東邨愛逸樓,housingEstate,愛東邨愛逸樓,,,,,,1,true
耀東邨耀豐樓,耀東邨耀豐樓,housingEstate,耀東邨耀豐樓,,,,,,1,true
耀東邨耀樂樓,耀東邨耀樂樓,housingEstate,耀東邨耀樂樓,,,,,,1,true
耀東邨耀明樓,耀東邨耀明樓,housingEstate,耀東邨耀明樓,,,,,,1,true
興東邨興祖樓,興東邨興祖樓,housingEstate,興東邨興祖樓,,,,,,1,true
興東邨興豐樓,興東邨興豐樓,housingEstate,興東邨興豐樓,,,,,,1,true
興東邨興康樓,興東邨興康樓,housingEstate,興東邨興康樓,,,,,,1,true
康東邨康瑞樓,康東邨康瑞樓,housingEstate,康東邨康瑞樓,,,,,,1,true
逸東邨清逸樓,逸東邨清逸樓,housingEstate,逸東邨清逸樓,,,,,,1,true
滿東邨滿康樓,滿東邨滿康樓,housingEstate,滿東邨滿康樓,,,,,,1,true
深井東村康樂中心,深井東村康樂中心,housingEstate,深井東村康樂中心,,,,,,1,true
滿東邨1座滿和樓,滿東邨1座滿和樓,housingEstate,滿東邨1座滿和樓,,,,,,1,true
滿東邨物業服務辦事處,滿東邨物業服務辦事處,housingEstate,滿東邨物業服務辦事處,,,,,,1,true
翔東邨物業服務辦事處,翔東邨物業服務辦事處,housingEstate,翔東邨物業服務辦事處,,,,,,1,true
興東邨物業服務辦事處,興東邨物業服務辦事處,housingEstate,興東邨物業服務辦事處,,,,,,1,true
葵盛東邨物業服務辦事處,葵盛東邨物業服務辦事處,housingEstate,葵盛東邨物業服務辦事處,,,,,,1,true
迎東邨物業服務辦事處,迎東邨物業服務辦事處,housingEstate,迎東邨物業服務辦事處,,,,,,1,true
葵盛西邨,葵盛西邨,housingEstate,葵盛西邨,,,,,,1,true
滘西村碼頭,滘西村碼頭,housingEstate,滘西村碼頭,,,,,,1,true
葵盛西邨第一座,葵盛西邨第一座,housingEstate,葵盛西邨第一座,,,,,,1,true
葵盛西邨第二座,葵盛西邨第二座,housingEstate,葵盛西邨第二座,,,,,,1,true
葵盛西邨第三座,葵盛西邨第三座,housingEstate,葵盛西邨第三座,,,,,,1,true
葵盛西邨第四座,葵盛西邨第四座,housingEstate,葵盛西邨第四座,,,,,,1,true
葵盛西邨第六座,葵盛西邨第六座,housingEstate,葵盛西邨第六座,,,,,,1,true
葵盛西邨第七座,葵盛西邨第七座,housingEstate,葵盛西邨第七座,,,,,,1,true
葵盛西邨第八座,葵盛西邨第八座,housingEstate,葵盛西邨第八座,,,,,,1,true
葵盛西邨第九座,葵盛西邨第九座,housingEstate,葵盛西邨第九座,,,,,,1,true
葵盛西邨1座,葵盛西邨1座,housingEstate,葵盛西邨1座,,,,,,1,true
葵盛西邨6座,葵盛西邨6座,housingEstate,葵盛西邨6座,,,,,,1,true
葵盛西邨9座,葵盛西邨9座,housingEstate,葵盛西邨9座,,,,,,1,true
滘西村故事館,滘西村故事館,housingEstate,滘西村故事館,,,,,,1,true
葵盛西邨停車場,葵盛西邨停車場,housingEstate,葵盛西邨停車場,,,,,,1,true
葵盛浸信會(葵盛西邨),葵盛浸信會(葵盛西邨),housingEstate,葵盛浸信會(葵盛西邨),,,,,,1,true
富昌邨,富昌邨,housingEstate,富昌邨,,,,,,1,true
榮昌邨,榮昌邨,housingEstate,榮昌邨,,,,,,1,true
對面海村,對面海村,housingEstate,對面海村,,,,,,1,true
對面海邨,對面海邨,housingEstate,對面海邨,,,,,,1,true
對面海邨海昌樓,對面海邨海昌樓,housingEstate,對面海邨海昌樓,,,,,,1,true
對面海邨海泰樓,對面海邨海泰樓,housingEstate,對面海邨海泰樓,,,,,,1,true
西貢對面海村互助委員會 (前稱),西貢對面海村互助委員會 (前稱),housingEstate,西貢對面海村互助委員會 (前稱),,,,,,1,true
山村臺,山村臺,housingEstate,山村臺,,,,,,1,true
高山村,高山村,housingEstate,高山村,,,,,,1,true
礦山村,礦山村,housingEstate,礦山村,,,,,,1,true
靈山村,靈山村,housingEstate,靈山村,,,,,,1,true
半山村,半山村,housingEstate,半山村,,,,,,1,true
社山村,社山村,housingEstate,社山村,,,,,,1,true
青山村,青山村,housingEstate,青山村,,,,,,1,true
傲山村,傲山村,housingEstate,傲山村,,,,,,1,true
山村閣,山村閣,housingEstate,山村閣,,,,,,1,true
觀音山村,觀音山村,housingEstate,觀音山村,,,,,,1,true
馬鞍山村,馬鞍山村,housingEstate,馬鞍山村,,,,,,1,true
天平山村,天平山村,housingEstate,天平山村,,,,,,1,true
塘肚山村,塘肚山村,housingEstate,塘肚山村,,,,,,1,true
蝴蝶山村,蝴蝶山村,housingEstate,蝴蝶山村,,,,,,1,true
山村大廈,山村大廈,housingEstate,山村大廈,,,,,,1,true
社山村公所,社山村公所,housingEstate,社山村公所,,,,,,1,true
象山邨樂屋,象山邨樂屋,housingEstate,象山邨樂屋,,,,,,1,true
富山邨,富山邨,housingEstate,富山邨,,,,,,1,true
南山邨,南山邨,housingEstate,南山邨,,,,,,1,true
象山邨熟食檔,象山邨熟食檔,housingEstate,象山邨熟食檔,,,,,,1,true
青山村村公所,青山村村公所,housingEstate,青山村村公所,,,,,,1,true
皇后山邨,皇后山邨,housingEstate,皇后山邨,,,,,,1,true
皇后山邨皇澄樓,皇后山邨皇澄樓,housingEstate,皇后山邨皇澄樓,,,,,,1,true
皇后山邨皇盛樓,皇后山邨皇盛樓,housingEstate,皇后山邨皇盛樓,,,,,,1,true
皇后山邨皇順樓,皇后山邨皇順樓,housingEstate,皇后山邨皇順樓,,,,,,1,true
皇后山邨皇滙樓,皇后山邨皇滙樓,housingEstate,皇后山邨皇滙樓,,,,,,1,true
皇后山邨皇溢樓,皇后山邨皇溢樓,housingEstate,皇后山邨皇溢樓,,,,,,1,true
皇后山邨皇頤樓,皇后山邨皇頤樓,housingEstate,皇后山邨皇頤樓,,,,,,1,true
馬鞍山村食水缸,馬鞍山村食水缸,housingEstate,馬鞍山村食水缸,,,,,,1,true
青山村散石灣北,青山村散石灣北,housingEstate,青山村散石灣北,,,,,,1,true
青山村散石灣南,青山村散石灣南,housingEstate,青山村散石灣南,,,,,,1,true
錦山村公所,錦山村公所,housingEstate,錦山村公所,,,,,,1,true
南山村公所,南山村公所,housingEstate,南山村公所,,,,,,1,true
南山邨平台涼亭,南山邨平台涼亭,housingEstate,南山邨平台涼亭,,,,,,1,true
祥華邨,祥華邨,housingEstate,祥華邨,,,,,,1,true
興華邨(第二期),興華邨(第二期),housingEstate,興華邨(第二期),,,,,,1,true
天華邨服務設施大樓,天華邨服務設施大樓,housingEstate,天華邨服務設施大樓,,,,,,1,true
天華邨服務設施大樓地下,天華邨服務設施大樓地下,housingEstate,天華邨服務設施大樓地下,,,,,,1,true
興華邨一號遊樂場,興華邨一號遊樂場,housingEstate,興華邨一號遊樂場,,,,,,1,true
天華邨服務設施大樓2/F排球場,天華邨服務設施大樓2/F排球場,housingEstate,天華邨服務設施大樓2/F排球場,,,,,,1,true
PARKNSHOP-樂華邨,PARKNSHOP-樂華邨,housingEstate,PARKNSHOP-樂華邨,,,,,,1,true
樂華南邨多層停車場,樂華南邨多層停車場,housingEstate,樂華南邨多層停車場,,,,,,1,true
PARKNSHOP 興華邨,PARKNSHOP 興華邨,housingEstate,PARKNSHOP 興華邨,,,,,,1,true
復華村遊樂場 (前稱),復華村遊樂場 (前稱),housingEstate,復華村遊樂場 (前稱),,,,,,1,true
天華邨(流動圖書館十一),天華邨(流動圖書館十一),housingEstate,天華邨(流動圖書館十一),,,,,,1,true
興華邨（第二期） (前稱),興華邨（第二期） (前稱),housingEstate,興華邨（第二期） (前稱),,,,,,1,true
興華邨第二期 (前稱),興華邨第二期 (前稱),housingEstate,興華邨第二期 (前稱),,,,,,1,true
美麗邨東座,美麗邨東座,housingEstate,美麗邨東座,,,,,,1,true
美麗邨西座,美麗邨西座,housingEstate,美麗邨西座,,,,,,1,true
油麗邨第1期,油麗邨第1期,housingEstate,油麗邨第1期,,,,,,1,true
油麗邨第3期,油麗邨第3期,housingEstate,油麗邨第3期,,,,,,1,true
油麗邨第4期,油麗邨第4期,housingEstate,油麗邨第4期,,,,,,1,true
美麗邨,美麗邨,housingEstate,美麗邨,,,,,,1,true
海麗邨,海麗邨,housingEstate,海麗邨,,,,,,1,true
油麗邨,油麗邨,housingEstate,油麗邨,,,,,,1,true
海麗邨海瑞樓,海麗邨海瑞樓,housingEstate,海麗邨海瑞樓,,,,,,1,true
海麗邨海慧樓,海麗邨海慧樓,housingEstate,海麗邨海慧樓,,,,,,1,true
海麗邨海賢樓,海麗邨海賢樓,housingEstate,海麗邨海賢樓,,,,,,1,true
油麗邨S座卓麗樓,油麗邨S座卓麗樓,housingEstate,油麗邨S座卓麗樓,,,,,,1,true
油麗邨C座智麗樓,油麗邨C座智麗樓,housingEstate,油麗邨C座智麗樓,,,,,,1,true
油麗邨物業服務辦事處,油麗邨物業服務辦事處,housingEstate,油麗邨物業服務辦事處,,,,,,1,true
海麗邨停車場,海麗邨停車場,housingEstate,海麗邨停車場,,,,,,1,true
油麗邨(流動圖書館八),油麗邨(流動圖書館八),housingEstate,油麗邨(流動圖書館八),,,,,,1,true
樂富邨,樂富邨,housingEstate,樂富邨,,,,,,1,true
樂富邨停車場,樂富邨停車場,housingEstate,樂富邨停車場,,,,,,1,true
華富邨 (前稱),華富邨 (前稱),housingEstate,華富邨 (前稱),,,,,,1,true
華富邨彌撒中心,華富邨彌撒中心,housingEstate,華富邨彌撒中心,,,,,,1,true
基督教華富邨潮人生命堂自修中心,基督教華富邨潮人生命堂自修中心,housingEstate,基督教華富邨潮人生命堂自修中心,,,,,,1,true
基督教華富邨潮人生命堂,基督教華富邨潮人生命堂,housingEstate,基督教華富邨潮人生命堂,,,,,,1,true
明愛華富綜合家居照顧服務,明愛華富綜合家居照顧服務,housingEstate,明愛華富綜合家居照顧服務,,,,,,1,true
真善美村,真善美村,housingEstate,真善美村,,,,,,1,true
攸潭美村,攸潭美村,housingEstate,攸潭美村,,,,,,1,true
窩美村公所,窩美村公所,housingEstate,窩美村公所,,,,,,1,true
香港基督教女青年會九龍城綜合家居照顧服務隊,香港基督教女青年會九龍城綜合家居照顧服務隊,housingEstate,香港基督教女青年會九龍城綜合家居照顧服務隊,,,,,,1,true
窩尾休憩花園,窩尾休憩花園,housingEstate,窩尾休憩花園,,,,,,1,true
涌美村,涌美村,housingEstate,涌美村,,,,,,1,true
Wi-Fi.HK 熱點位置: 麥當勞 - 真善美邨,Wi-Fi.HK 熱點位置: 麥當勞 - 真善美邨,housingEstate,Wi-Fi.HK 熱點位置: 麥當勞 - 真善美邨,,,,,,1,true
環翠邨公園,環翠邨公園,housingEstate,環翠邨公園,,,,,,1,true
連翠邨,連翠邨,housingEstate,連翠邨,,,,,,1,true
環翠邨溜冰場,環翠邨溜冰場,housingEstate,環翠邨溜冰場,,,,,,1,true
PARKNSHOP 新翠邨,PARKNSHOP 新翠邨,housingEstate,PARKNSHOP 新翠邨,,,,,,1,true
新翠邨(流動圖書館十一),新翠邨(流動圖書館十一),housingEstate,新翠邨(流動圖書館十一),,,,,,1,true
良景邨,良景邨,housingEstate,良景邨,,,,,,1,true
山景邨,山景邨,housingEstate,山景邨,,,,,,1,true
湖景邨湖碧樓,湖景邨湖碧樓,housingEstate,湖景邨湖碧樓,,,,,,1,true
湖景邨湖翠樓,湖景邨湖翠樓,housingEstate,湖景邨湖翠樓,,,,,,1,true
荔景邨明景樓,荔景邨明景樓,housingEstate,荔景邨明景樓,,,,,,1,true
荔景邨仰景樓,荔景邨仰景樓,housingEstate,荔景邨仰景樓,,,,,,1,true
湖景邨工場,湖景邨工場,housingEstate,湖景邨工場,,,,,,1,true
房屋署湖景邨辦事處,房屋署湖景邨辦事處,housingEstate,房屋署湖景邨辦事處,,,,,,1,true
荔景邨停車場A,荔景邨停車場A,housingEstate,荔景邨停車場A,,,,,,1,true
荔景邨停車場C,荔景邨停車場C,housingEstate,荔景邨停車場C,,,,,,1,true
荔景邨停車場D,荔景邨停車場D,housingEstate,荔景邨停車場D,,,,,,1,true
良景邨(流動圖書館三),良景邨(流動圖書館三),housingEstate,良景邨(流動圖書館三),,,,,,1,true
山景邨(流動圖書館三),山景邨(流動圖書館三),housingEstate,山景邨(流動圖書館三),,,,,,1,true
山景邨社區康樂大樓 (別稱),山景邨社區康樂大樓 (別稱),housingEstate,山景邨社區康樂大樓 (別稱),,,,,,1,true
OK便利店-山景邨,OK便利店-山景邨,housingEstate,OK便利店-山景邨,,,,,,1,true
湖景邨1號月租停車場,湖景邨1號月租停車場,housingEstate,湖景邨1號月租停車場,,,,,,1,true
湖景邨2號月租停車場,湖景邨2號月租停車場,housingEstate,湖景邨2號月租停車場,,,,,,1,true
湖景邨1號月租多層停車場 (別稱),湖景邨1號月租多層停車場 (別稱),housingEstate,湖景邨1號月租多層停車場 (別稱),,,,,,1,true
湖景邨2號月租多層停車場 (別稱),湖景邨2號月租多層停車場 (別稱),housingEstate,湖景邨2號月租多層停車場 (別稱),,,,,,1,true
香港聖公會東涌綜合服務-消閒閣,香港聖公會東涌綜合服務-消閒閣,housingEstate,香港聖公會東涌綜合服務-消閒閣,,,,,,1,true
香港天文台資源中心,香港天文台資源中心,housingEstate,香港天文台資源中心,,,,,,1,true
月中閣,月中閣,housingEstate,月中閣,,,,,,1,true
中興閣,中興閣,housingEstate,中興閣,,,,,,1,true
台山中心,台山中心,housingEstate,台山中心,,,,,,1,true
王陶村醫生,王陶村醫生,housingEstate,王陶村醫生,,,,,,1,true
平台(下層麗華中心),平台(下層麗華中心),housingEstate,平台(下層麗華中心),,,,,,1,true
台北經濟文化辦事處,台北經濟文化辦事處,housingEstate,台北經濟文化辦事處,,,,,,1,true
救世軍油尖綜合家居照顧服務隊(中九龍辦事處),救世軍油尖綜合家居照顧服務隊(中九龍辦事處),housingEstate,救世軍油尖綜合家居照顧服務隊(中九龍辦事處),,,,,,1,true
香港村,香港村,housingEstate,香港村,,,,,,1,true
大坑西新邨,大坑西新邨,housingEstate,大坑西新邨,,,,,,1,true
高景臺,高景臺,housingEstate,高景臺,,,,,,1,true
駿景閣,駿景閣,housingEstate,駿景閣,,,,,,1,true
安景閣,安景閣,housingEstate,安景閣,,,,,,1,true
和景閣,和景閣,housingEstate,和景閣,,,,,,1,true
景緻閣,景緻閣,housingEstate,景緻閣,,,,,,1,true
景興閣,景興閣,housingEstate,景興閣,,,,,,1,true
莉景閣,莉景閣,housingEstate,莉景閣,,,,,,1,true
眺景台,眺景台,housingEstate,眺景台,,,,,,1,true
光景臺,光景臺,housingEstate,光景臺,,,,,,1,true
御景臺,御景臺,housingEstate,御景臺,,,,,,1,true
中嘉閣,中嘉閣,housingEstate,中嘉閣,,,,,,1,true
院士軒,院士軒,housingEstate,院士軒,,,,,,1,true
香港導盲犬學苑,香港導盲犬學苑,housingEstate,香港導盲犬學苑,,,,,,1,true
雲桂村,雲桂村,housingEstate,雲桂村,,,,,,1,true
金庭居,金庭居,housingEstate,金庭居,,,,,,1,true
圓滿閣,圓滿閣,housingEstate,圓滿閣,,,,,,1,true
春風亭觀景台,春風亭觀景台,housingEstate,春風亭觀景台,,,,,,1,true
都會軒,都會軒,housingEstate,都會軒,,,,,,1,true
聯合苑,聯合苑,housingEstate,聯合苑,,,,,,1,true
Alto Residences House 1,Alto Residences House 1,housingEstate,Alto Residences House 1,,,,,,1,true
Alto Residences House 11,Alto Residences House 11,housingEstate,Alto Residences House 11,,,,,,1,true
Alto Residences House 12,Alto Residences House 12,housingEstate,Alto Residences House 12,,,,,,1,true
Alto Residences House 15,Alto Residences House 15,housingEstate,Alto Residences House 15,,,,,,1,true
Alto Residences House 16,Alto Residences House 16,housingEstate,Alto Residences House 16,,,,,,1,true
Alto Residences House 17,Alto Residences House 17,housingEstate,Alto Residences House 17,,,,,,1,true
Alto Residences House 18,Alto Residences House 18,housingEstate,Alto Residences House 18,,,,,,1,true
Alto Residences House 19,Alto Residences House 19,housingEstate,Alto Residences House 19,,,,,,1,true
Alto Residences House 2,Alto Residences House 2,housingEstate,Alto Residences House 2,,,,,,1,true
Alto Residences House 20,Alto Residences House 20,housingEstate,Alto Residences House 20,,,,,,1,true
Alto Residences House 21,Alto Residences House 21,housingEstate,Alto Residences House 21,,,,,,1,true
Alto Residences House 22,Alto Residences House 22,housingEstate,Alto Residences House 22,,,,,,1,true
Alto Residences House 23,Alto Residences House 23,housingEstate,Alto Residences House 23,,,,,,1,true
Alto Residences House 25,Alto Residences House 25,housingEstate,Alto Residences House 25,,,,,,1,true
Alto Residences House 26,Alto Residences House 26,housingEstate,Alto Residences House 26,,,,,,1,true
Alto Residences House 27,Alto Residences House 27,housingEstate,Alto Residences House 27,,,,,,1,true
Alto Residences House 3,Alto Residences House 3,housingEstate,Alto Residences House 3,,,,,,1,true
Alto Residences House 5,Alto Residences House 5,housingEstate,Alto Residences House 5,,,,,,1,true
Alto Residences House 6,Alto Residences House 6,housingEstate,Alto Residences House 6,,,,,,1,true
Alto Residences House 7,Alto Residences House 7,housingEstate,Alto Residences House 7,,,,,,1,true
Alto Residences House 8,Alto Residences House 8,housingEstate,Alto Residences House 8,,,,,,1,true
Alto Residences House 9,Alto Residences House 9,housingEstate,Alto Residences House 9,,,,,,1,true
文物館新翼羅桂祥閣,文物館新翼羅桂祥閣,housingEstate,文物館新翼羅桂祥閣,,,,,,1,true
尤德爵士紀念亭觀景台,尤德爵士紀念亭觀景台,housingEstate,尤德爵士紀念亭觀景台,,,,,,1,true
聖雅各福群會僖明居,聖雅各福群會僖明居,housingEstate,聖雅各福群會僖明居,,,,,,1,true
回收機構及收集點： 宜家家居,回收機構及收集點： 宜家家居,housingEstate,回收機構及收集點： 宜家家居,,,,,,1,true
新城市廣場第三期,新城市廣場第三期,mall,新城市廣場第三期,,,,,,1,true
海典軒商場,海典軒商場,mall,海典軒商場,,,,,,1,true
華麗購物廣場,華麗購物廣場,mall,華麗購物廣場,,,,,,1,true
新城市中央廣場2座,新城市中央廣場2座,mall,新城市中央廣場2座,,,,,,1,true
新城市中央廣場/HomeSquare,新城市中央廣場/HomeSquare,mall,新城市中央廣場/HomeSquare,,,,,,1,true
駿發花園中央廣場,駿發花園中央廣場,mall,駿發花園中央廣場,,,,,,1,true
東滙廣場,東滙廣場,mall,東滙廣場,,,,,,1,true
新城市中央廣場,新城市中央廣場,mall,新城市中央廣場,,,,,,1,true
Wi-Fi.HK 熱點位置: 新城市中央廣場,Wi-Fi.HK 熱點位置: 新城市中央廣場,mall,Wi-Fi.HK 熱點位置: 新城市中央廣場,,,,,,1,true
Wi-Fi.HK 熱點位置: McCafe - 國際金融中心商場,Wi-Fi.HK 熱點位置: McCafe - 國際金融中心商場,mall,Wi-Fi.HK 熱點位置: McCafe - 國際金融中心商場,,,,,,1,true
Wi-Fi.HK 熱點位置: 麥當勞 - 國際金融中心商場,Wi-Fi.HK 熱點位置: 麥當勞 - 國際金融中心商場,mall,Wi-Fi.HK 熱點位置: 麥當勞 - 國際金融中心商場,,,,,,1,true
誠利商場,誠利商場,mall,誠利商場,,,,,,1,true
嘉軒廣場,嘉軒廣場,mall,嘉軒廣場,,,,,,1,true
FOOD LE PARC-合和商場,FOOD LE PARC-合和商場,mall,FOOD LE PARC-合和商場,,,,,,1,true
Wi-Fi.HK 熱點位置: 合和商場,Wi-Fi.HK 熱點位置: 合和商場,mall,Wi-Fi.HK 熱點位置: 合和商場,,,,,,1,true
Wi-Fi.HK 熱點位置: McCafe - 山頂廣場,Wi-Fi.HK 熱點位置: McCafe - 山頂廣場,mall,Wi-Fi.HK 熱點位置: McCafe - 山頂廣場,,,,,,1,true
銅鑼灣廣場2期,銅鑼灣廣場2期,mall,銅鑼灣廣場2期,,,,,,1,true
力寶商業大廈(銅鑼灣廣場第二期) (前稱),力寶商業大廈(銅鑼灣廣場第二期) (前稱),mall,力寶商業大廈(銅鑼灣廣場第二期) (前稱),,,,,,1,true
蘋果商場-天后,蘋果商場-天后,mall,蘋果商場-天后,,,,,,1,true
皇帝大廈,皇帝大廈,officeTower,皇帝大廈,,,,,,1,true
展亮技能發展中心(屯門),展亮技能發展中心(屯門),officeTower,展亮技能發展中心(屯門),,,,,,1,true
康樂園護老中心有限公司,康樂園護老中心有限公司,officeTower,康樂園護老中心有限公司,,,,,,1,true
聯合大廈,聯合大廈,officeTower,聯合大廈,,,,,,1,true
基督教懷智服務處白普理田景中心暨宿舍,基督教懷智服務處白普理田景中心暨宿舍,officeTower,基督教懷智服務處白普理田景中心暨宿舍,,,,,,1,true
愛群理療護理院有限公司 [安老院] / 愛群理療暨長者日間護理中心 [社區券認可服務單位],愛群理療護理院有限公司 [安老院] / 愛群理療暨長者日間護理中心 [社區券認可服務單位],officeTower,愛群理療護理院有限公司 [安老院] / 愛群理療暨長者日間護理中心 [社區券認可服務單位],,,,,,1,true
愛群理療護理院(第一分院) [安老院] / 愛群理療暨長者日間護理中心(第一分院) [社區券認可服務單位],愛群理療護理院(第一分院) [安老院] / 愛群理療暨長者日間護理中心(第一分院) [社區券認可服務單位],officeTower,愛群理療護理院(第一分院) [安老院] / 愛群理療暨長者日間護理中心(第一分院) [社區券認可服務單位],,,,,,1,true
西洋大樓,西洋大樓,officeTower,西洋大樓,,,,,,1,true
灣仔中滙大廈,灣仔中滙大廈,officeTower,灣仔中滙大廈,,,,,,1,true
遠東發展屯門中心大廈,遠東發展屯門中心大廈,officeTower,遠東發展屯門中心大廈,,,,,,1,true
大埔污水處理廠中央控制大廈,大埔污水處理廠中央控制大廈,officeTower,大埔污水處理廠中央控制大廈,,,,,,1,true
微創牙髓治療專科中心,微創牙髓治療專科中心,officeTower,微創牙髓治療專科中心,,,,,,1,true
香港腫瘤中心岑信棠醫生臨床腫瘤科專科醫生,香港腫瘤中心岑信棠醫生臨床腫瘤科專科醫生,officeTower,香港腫瘤中心岑信棠醫生臨床腫瘤科專科醫生,,,,,,1,true
中卓醫務腫瘤科日間治療中心,中卓醫務腫瘤科日間治療中心,officeTower,中卓醫務腫瘤科日間治療中心,,,,,,1,true
香港骨科及關節微創中心,香港骨科及關節微創中心,officeTower,香港骨科及關節微創中心,,,,,,1,true
中雋整形外科及頭頸外科中心,中雋整形外科及頭頸外科中心,officeTower,中雋整形外科及頭頸外科中心,,,,,,1,true
賢薈醫務中心,賢薈醫務中心,officeTower,賢薈醫務中心,,,,,,1,true
Dermamier Skin & Laser Centre,Dermamier Skin & Laser Centre,officeTower,Dermamier Skin & Laser Centre,,,,,,1,true
希瑪眼科中心,希瑪眼科中心,officeTower,希瑪眼科中心,,,,,,1,true
紀寬樂醫行-樂健心臟中心有限公司,紀寬樂醫行-樂健心臟中心有限公司,officeTower,紀寬樂醫行-樂健心臟中心有限公司,,,,,,1,true
進匯醫務中心,進匯醫務中心,officeTower,進匯醫務中心,,,,,,1,true
進匯醫務中心 (中環),進匯醫務中心 (中環),officeTower,進匯醫務中心 (中環),,,,,,1,true
Market Place by Jasons-中央大廈,Market Place by Jasons-中央大廈,officeTower,Market Place by Jasons-中央大廈,,,,,,1,true
沙鷹曲棍球中心,沙鷹曲棍球中心,officeTower,沙鷹曲棍球中心,,,,,,1,true
中滙商業大廈,中滙商業大廈,officeTower,中滙商業大廈,,,,,,1,true
北海商業大廈,北海商業大廈,officeTower,北海商業大廈,,,,,,1,true
利達商業大廈,利達商業大廈,officeTower,利達商業大廈,,,,,,1,true
聯威商業中心,聯威商業中心,officeTower,聯威商業中心,,,,,,1,true
海港商業大廈,海港商業大廈,officeTower,海港商業大廈,,,,,,1,true
金利商業大廈,金利商業大廈,officeTower,金利商業大廈,,,,,,1,true
英皇商業中心,英皇商業中心,officeTower,英皇商業中心,,,,,,1,true
通用商業大廈,通用商業大廈,officeTower,通用商業大廈,,,,,,1,true
詹氏商業大廈,詹氏商業大廈,officeTower,詹氏商業大廈,,,,,,1,true
開僑商業大廈,開僑商業大廈,officeTower,開僑商業大廈,,,,,,1,true
上海商業銀行大廈,上海商業銀行大廈,officeTower,上海商業銀行大廈,,,,,,1,true
偉業商業樓,偉業商業樓,officeTower,偉業商業樓,,,,,,1,true
啓德商業大廈,啓德商業大廈,officeTower,啓德商業大廈,,,,,,1,true
啓煌商業大廈,啓煌商業大廈,officeTower,啓煌商業大廈,,,,,,1,true
利基商業大廈,利基商業大廈,officeTower,利基商業大廈,,,,,,1,true
萬興大廈,萬興大廈,officeTower,萬興大廈,,,,,,1,true
南島商業大廈,南島商業大廈,officeTower,南島商業大廈,,,,,,1,true
南洋商業銀行大廈,南洋商業銀行大廈,officeTower,南洋商業銀行大廈,,,,,,1,true
兆英商業大廈,兆英商業大廈,officeTower,兆英商業大廈,,,,,,1,true
登富商業大廈,登富商業大廈,officeTower,登富商業大廈,,,,,,1,true
豫泰商業大廈,豫泰商業大廈,officeTower,豫泰商業大廈,,,,,,1,true
興業商業中心,興業商業中心,officeTower,興業商業中心,,,,,,1,true
順安商業大廈,順安商業大廈,officeTower,順安商業大廈,,,,,,1,true
東協商業大廈,東協商業大廈,officeTower,東協商業大廈,,,,,,1,true
華傑商業中心,華傑商業中心,officeTower,華傑商業中心,,,,,,1,true
南洋商業銀行有限公司,南洋商業銀行有限公司,officeTower,南洋商業銀行有限公司,,,,,,1,true
北海商業大廈 (前稱),北海商業大廈 (前稱),officeTower,北海商業大廈 (前稱),,,,,,1,true
基督中心堂(旺恩),基督中心堂(旺恩),officeTower,基督中心堂(旺恩),,,,,,1,true
中興商業大廈 (別稱),中興商業大廈 (別稱),officeTower,中興商業大廈 (別稱),,,,,,1,true
榮利商業大廈 (前稱),榮利商業大廈 (前稱),officeTower,榮利商業大廈 (前稱),,,,,,1,true
大新人壽大廈 (前稱),大新人壽大廈 (前稱),officeTower,大新人壽大廈 (前稱),,,,,,1,true
大眾銀行中心 (前稱),大眾銀行中心 (前稱),officeTower,大眾銀行中心 (前稱),,,,,,1,true
何郭佩珍耆康中心,何郭佩珍耆康中心,officeTower,何郭佩珍耆康中心,,,,,,1,true
中央大樓,中央大樓,officeTower,中央大樓,,,,,,1,true
Bayview Pavilion House 2,Bayview Pavilion House 2,officeTower,Bayview Pavilion House 2,,,,,,1,true
Bayview Pavilion House 3,Bayview Pavilion House 3,officeTower,Bayview Pavilion House 3,,,,,,1,true
Bayview Pavilion House 8,Bayview Pavilion House 8,officeTower,Bayview Pavilion House 8,,,,,,1,true
Wi-Fi.HK 熱點位置: McCafe - 海富中心,Wi-Fi.HK 熱點位置: McCafe - 海富中心,officeTower,Wi-Fi.HK 熱點位置: McCafe - 海富中心,,,,,,1,true
Wi-Fi.HK 熱點位置: 麥當勞 - 海富中心,Wi-Fi.HK 熱點位置: 麥當勞 - 海富中心,officeTower,Wi-Fi.HK 熱點位置: 麥當勞 - 海富中心,,,,,,1,true
安子介樓香港心臟中心,安子介樓香港心臟中心,officeTower,安子介樓香港心臟中心,,,,,,1,true
恒生灣仔大廈,恒生灣仔大廈,officeTower,恒生灣仔大廈,,,,,,1,true
東亞銀行灣仔大廈 (前稱),東亞銀行灣仔大廈 (前稱),officeTower,東亞銀行灣仔大廈 (前稱),,,,,,1,true
灣仔商業中心,灣仔商業中心,officeTower,灣仔商業中心,,,,,,1,true
中銀灣仔商業中心,中銀灣仔商業中心,officeTower,中銀灣仔商業中心,,,,,,1,true
學峯少數族裔資源中心,學峯少數族裔資源中心,officeTower,學峯少數族裔資源中心,,,,,,1,true
越峰成長中心 : 東區及灣仔服務處,越峰成長中心 : 東區及灣仔服務處,officeTower,越峰成長中心 : 東區及灣仔服務處,,,,,,1,true
康樂商業大廈,康樂商業大廈,officeTower,康樂商業大廈,,,,,,1,true
得利商業大廈,得利商業大廈,officeTower,得利商業大廈,,,,,,1,true
HOPE少數族裔人士支援服務中心,HOPE少數族裔人士支援服務中心,officeTower,HOPE少數族裔人士支援服務中心,,,,,,1,true
愛心力量中原慈善基金洗腎中心有限公司,愛心力量中原慈善基金洗腎中心有限公司,officeTower,愛心力量中原慈善基金洗腎中心有限公司,,,,,,1,true
HOPE 少數族裔人士支援服務中心,HOPE 少數族裔人士支援服務中心,officeTower,HOPE 少數族裔人士支援服務中心,,,,,,1,true
上海實業大廈,上海實業大廈,officeTower,上海實業大廈,,,,,,1,true
「家兒牽」共享親職支援中心,「家兒牽」共享親職支援中心,officeTower,「家兒牽」共享親職支援中心,,,,,,1,true
救世軍地區支援中心 (沙田南),救世軍地區支援中心 (沙田南),officeTower,救世軍地區支援中心 (沙田南),,,,,,1,true
Wi-Fi.HK 熱點位置: 麥當勞 - 沙田商業中心,Wi-Fi.HK 熱點位置: 麥當勞 - 沙田商業中心,officeTower,Wi-Fi.HK 熱點位置: 麥當勞 - 沙田商業中心,,,,,,1,true
救世軍「結伴行」家長資源中心,救世軍「結伴行」家長資源中心,officeTower,救世軍「結伴行」家長資源中心,,,,,,1,true
順禧銅鑼灣中心,順禧銅鑼灣中心,officeTower,順禧銅鑼灣中心,,,,,,1,true
華人銀行東區大廈,華人銀行東區大廈,officeTower,華人銀行東區大廈,,,,,,1,true
漢國銅鑼灣中心 (別稱),漢國銅鑼灣中心 (別稱),officeTower,漢國銅鑼灣中心 (別稱),,,,,,1,true
德士活工業中心 (別稱),德士活工業中心 (別稱),industrialArea,德士活工業中心 (別稱),,,,,,1,true
榮華中心工業大厦,榮華中心工業大厦,industrialArea,榮華中心工業大厦,,,,,,1,true
中大貨倉大廈,中大貨倉大廈,industrialArea,中大貨倉大廈,,,,,,1,true
中大貨倉大廈 (別稱),中大貨倉大廈 (別稱),industrialArea,中大貨倉大廈 (別稱),,,,,,1,true
中央工業大廈,中央工業大廈,industrialArea,中央工業大廈,,,,,,1,true
香港大學 (前稱),香港大學 (前稱),campus,香港大學 (前稱),,,,,,1,true
香港專業進修學校 (旺角東校園),香港專業進修學校 (旺角東校園),campus,香港專業進修學校 (旺角東校園),,,,,,1,true
香港專業進修學校 (賽馬會本科校園),香港專業進修學校 (賽馬會本科校園),campus,香港專業進修學校 (賽馬會本科校園),,,,,,1,true
香港專業進修學校 (賽馬會馬鞍山校園),香港專業進修學校 (賽馬會馬鞍山校園),campus,香港專業進修學校 (賽馬會馬鞍山校園),,,,,,1,true
香港大學物業處大樓,香港大學物業處大樓,campus,香港大學物業處大樓,,,,,,1,true
港島民生書院,港島民生書院,campus,港島民生書院,,,,,,1,true
陳瑞祺(喇沙)書院,陳瑞祺(喇沙)書院,campus,陳瑞祺(喇沙)書院,,,,,,1,true
優才(楊殷有娣)書院,優才(楊殷有娣)書院,campus,優才(楊殷有娣)書院,,,,,,1,true
真光女書院,真光女書院,campus,真光女書院,,,,,,1,true
華仁書院(九龍),華仁書院(九龍),campus,華仁書院(九龍),,,,,,1,true
策文英文書院,策文英文書院,campus,策文英文書院,,,,,,1,true
拔萃女書院,拔萃女書院,campus,拔萃女書院,,,,,,1,true
弘立書院,弘立書院,campus,弘立書院,,,,,,1,true
孔教學院大成小學,孔教學院大成小學,campus,孔教學院大成小學,,,,,,1,true
香港教育大學賽馬會小學,香港教育大學賽馬會小學,campus,香港教育大學賽馬會小學,,,,,,1,true
香港城市大學-南山苑,香港城市大學-南山苑,campus,香港城市大學-南山苑,,,,,,1,true
禧福學院,禧福學院,campus,禧福學院,,,,,,1,true
香港科技專上書院,香港科技專上書院,campus,香港科技專上書院,,,,,,1,true
香港大學附屬學院 (九龍西分校),香港大學附屬學院 (九龍西分校),campus,香港大學附屬學院 (九龍西分校),,,,,,1,true
已登記的WiFi 熱點: 香港城市大學 (APID 00030),已登記的WiFi 熱點: 香港城市大學 (APID 00030),campus,已登記的WiFi 熱點: 香港城市大學 (APID 00030),,,,,,1,true
香港中文大學專業進修學院 (總辦事處),香港中文大學專業進修學院 (總辦事處),campus,香港中文大學專業進修學院 (總辦事處),,,,,,1,true
香港中文大學專業進修學院 (安年教學中心),香港中文大學專業進修學院 (安年教學中心),campus,香港中文大學專業進修學院 (安年教學中心),,,,,,1,true
香港華德福教育基金會瑪利亞書院,香港華德福教育基金會瑪利亞書院,campus,香港華德福教育基金會瑪利亞書院,,,,,,1,true
青山醫院學院樓 (別稱),青山醫院學院樓 (別稱),campus,青山醫院學院樓 (別稱),,,,,,1,true
學院樓(S座),學院樓(S座),campus,學院樓(S座),,,,,,1,true
聖嘉勒女書院,聖嘉勒女書院,campus,聖嘉勒女書院,,,,,,1,true
香港大學李嘉誠醫學院實驗室樓,香港大學李嘉誠醫學院實驗室樓,campus,香港大學李嘉誠醫學院實驗室樓,,,,,,1,true
廣華醫院 － 香港中文大學中醫藥臨床研究服務中心,廣華醫院 － 香港中文大學中醫藥臨床研究服務中心,campus,廣華醫院 － 香港中文大學中醫藥臨床研究服務中心,,,,,,1,true
東華三院－香港大學中醫診所暨教研中心 (中西區),東華三院－香港大學中醫診所暨教研中心 (中西區),campus,東華三院－香港大學中醫診所暨教研中心 (中西區),,,,,,1,true
東華三院 - 香港大學中醫診所暨教研中心(中西區),東華三院 - 香港大學中醫診所暨教研中心(中西區),campus,東華三院 - 香港大學中醫診所暨教研中心(中西區),,,,,,1,true
Wi-Fi.HK 熱點位置: 香港大學,Wi-Fi.HK 熱點位置: 香港大學,campus,Wi-Fi.HK 熱點位置: 香港大學,,,,,,1,true
已登記的WiFi 熱點: 香港大學 (APID 07875),已登記的WiFi 熱點: 香港大學 (APID 07875),campus,已登記的WiFi 熱點: 香港大學 (APID 07875),,,,,,1,true
香港中文大學校友會聯會張煊昌中學,香港中文大學校友會聯會張煊昌中學,campus,香港中文大學校友會聯會張煊昌中學,,,,,,1,true
香港中文大學校友會聯會陳震夏中學,香港中文大學校友會聯會陳震夏中學,campus,香港中文大學校友會聯會陳震夏中學,,,,,,1,true
香港理工大學校友薈,香港理工大學校友薈,campus,香港理工大學校友薈,,,,,,1,true
香港中文大學校友會張煊昌幼稚園,香港中文大學校友會張煊昌幼稚園,campus,香港中文大學校友會張煊昌幼稚園,,,,,,1,true
香港中文大學校友會聯會陳震夏幼稚園 (K560740A),香港中文大學校友會聯會陳震夏幼稚園 (K560740A),campus,香港中文大學校友會聯會陳震夏幼稚園 (K560740A),,,,,,1,true
香港中文大學校友會聯會張煊昌幼稚園 (K158887A),香港中文大學校友會聯會張煊昌幼稚園 (K158887A),campus,香港中文大學校友會聯會張煊昌幼稚園 (K158887A),,,,,,1,true
香港中文大學校友會聯會順龍仁澤幼稚園 (K600377A),香港中文大學校友會聯會順龍仁澤幼稚園 (K600377A),campus,香港中文大學校友會聯會順龍仁澤幼稚園 (K600377A),,,,,,1,true
香港科技大學校長宿舍 (別稱),香港科技大學校長宿舍 (別稱),campus,香港科技大學校長宿舍 (別稱),,,,,,1,true
香港中文大學校友會聯會陳震夏幼稚園,香港中文大學校友會聯會陳震夏幼稚園,campus,香港中文大學校友會聯會陳震夏幼稚園,,,,,,1,true
香港中文大學校友會聯會張煊昌幼稚園,香港中文大學校友會聯會張煊昌幼稚園,campus,香港中文大學校友會聯會張煊昌幼稚園,,,,,,1,true
香港中文大學校友會聯會順龍仁澤幼稚園,香港中文大學校友會聯會順龍仁澤幼稚園,campus,香港中文大學校友會聯會順龍仁澤幼稚園,,,,,,1,true
香港浸會大學逸夫校園,香港浸會大學逸夫校園,campus,香港浸會大學逸夫校園,,,,,,1,true
香港浸會大學賽馬會創意校園,香港浸會大學賽馬會創意校園,campus,香港浸會大學賽馬會創意校園,,,,,,1,true
香港理工大學西九龍校園,香港理工大學西九龍校園,campus,香港理工大學西九龍校園,,,,,,1,true
香港教育大學駐校職員宿舍,香港教育大學駐校職員宿舍,campus,香港教育大學駐校職員宿舍,,,,,,1,true
香港大學校友會,香港大學校友會,campus,香港大學校友會,,,,,,1,true
香港浸會大學石門校園,香港浸會大學石門校園,campus,香港浸會大學石門校園,,,,,,1,true
香港都會大學-葵興校園,香港都會大學-葵興校園,campus,香港都會大學-葵興校園,,,,,,1,true
香港浸會大學荃灣校園,香港浸會大學荃灣校園,campus,香港浸會大學荃灣校園,,,,,,1,true
大學禮拜堂,大學禮拜堂,campus,大學禮拜堂,,,,,,1,true
香港都會大學賽馬會校園,香港都會大學賽馬會校園,campus,香港都會大學賽馬會校園,,,,,,1,true
香港理工大學紅磡灣校園,香港理工大學紅磡灣校園,campus,香港理工大學紅磡灣校園,,,,,,1,true
香港浸會大學國際學院,香港浸會大學國際學院,campus,香港浸會大學國際學院,,,,,,1,true
香港浸會大學附屬學校王錦輝中小學,香港浸會大學附屬學校王錦輝中小學,campus,香港浸會大學附屬學校王錦輝中小學,,,,,,1,true
香港都會大學-何文田廣場教學中心,香港都會大學-何文田廣場教學中心,campus,香港都會大學-何文田廣場教學中心,,,,,,1,true
Wi-Fi.HK 熱點位置: 嶺南大學校長寓所,Wi-Fi.HK 熱點位置: 嶺南大學校長寓所,campus,Wi-Fi.HK 熱點位置: 嶺南大學校長寓所,,,,,,1,true
香港大學校長宿舍 (前稱),香港大學校長宿舍 (前稱),campus,香港大學校長宿舍 (前稱),,,,,,1,true
香港大學附屬學院 (港島東分校),香港大學附屬學院 (港島東分校),campus,香港大學附屬學院 (港島東分校),,,,,,1,true
香港大學附屬學院 (九龍東分校),香港大學附屬學院 (九龍東分校),campus,香港大學附屬學院 (九龍東分校),,,,,,1,true
聖若瑟書院的北座及西座,聖若瑟書院的北座及西座,campus,聖若瑟書院的北座及西座,,,,,,1,true
主教府聖保羅書院小聖堂,主教府聖保羅書院小聖堂,campus,主教府聖保羅書院小聖堂,,,,,,1,true
香港聖公會明華神學院,香港聖公會明華神學院,campus,香港聖公會明華神學院,,,,,,1,true
百卉九江書院,百卉九江書院,campus,百卉九江書院,,,,,,1,true
香港演藝學院教學大樓,香港演藝學院教學大樓,campus,香港演藝學院教學大樓,,,,,,1,true
宏信書院,宏信書院,campus,宏信書院,,,,,,1,true
已登記的WiFi 熱點: 香港大學 (APID 07929),已登記的WiFi 熱點: 香港大學 (APID 07929),campus,已登記的WiFi 熱點: 香港大學 (APID 07929),,,,,,1,true
Wi-Fi.HK 熱點位置: 香港大學專業進修學院金鐘教學中心,Wi-Fi.HK 熱點位置: 香港大學專業進修學院金鐘教學中心,campus,Wi-Fi.HK 熱點位置: 香港大學專業進修學院金鐘教學中心,,,,,,1,true
擦膠哥學院,擦膠哥學院,campus,擦膠哥學院,,,,,,1,true
弘立書院小學部,弘立書院小學部,campus,弘立書院小學部,,,,,,1,true
弘立書院中學部,弘立書院中學部,campus,弘立書院中學部,,,,,,1,true
香港浸會大學視覺藝術院,香港浸會大學視覺藝術院,campus,香港浸會大學視覺藝術院,,,,,,1,true
香港演藝學院行政樓,香港演藝學院行政樓,campus,香港演藝學院行政樓,,,,,,1,true
香港鄧鏡波書院,香港鄧鏡波書院,campus,香港鄧鏡波書院,,,,,,1,true
高主教書院小學部,高主教書院小學部,campus,高主教書院小學部,,,,,,1,true
香港華仁書院,香港華仁書院,campus,香港華仁書院,,,,,,1,true
聖迦利亞預科書院 (前稱),聖迦利亞預科書院 (前稱),campus,聖迦利亞預科書院 (前稱),,,,,,1,true
香港演藝學院,香港演藝學院,campus,香港演藝學院,,,,,,1,true
Wi-Fi.HK 熱點位置: 香港演藝學院,Wi-Fi.HK 熱點位置: 香港演藝學院,campus,Wi-Fi.HK 熱點位置: 香港演藝學院,,,,,,1,true
香港大學專業進修學院保良局何鴻燊社區書院,香港大學專業進修學院保良局何鴻燊社區書院,campus,香港大學專業進修學院保良局何鴻燊社區書院,,,,,,1,true
中華基督教會公理書院,中華基督教會公理書院,campus,中華基督教會公理書院,,,,,,1,true
Wi-Fi.HK 熱點位置: 港大保良何鴻燊社區書院,Wi-Fi.HK 熱點位置: 港大保良何鴻燊社區書院,campus,Wi-Fi.HK 熱點位置: 港大保良何鴻燊社區書院,,,,,,1,true
孔聖堂禮仁書院,孔聖堂禮仁書院,campus,孔聖堂禮仁書院,,,,,,1,true
香港航海學校,香港航海學校,school,香港航海學校,,,,,,1,true
馬頭涌官立小學(紅磡灣),馬頭涌官立小學(紅磡灣),school,馬頭涌官立小學(紅磡灣),,,,,,1,true
曾璧山(崇蘭)中學,曾璧山(崇蘭)中學,school,曾璧山(崇蘭)中學,,,,,,1,true
Guidepost Montessori International Kindergarten (Discovery Bay) (K609625A),Guidepost Montessori International Kindergarten (Discovery Bay) (K609625A),school,Guidepost Montessori International Kindergarten (Discovery Bay) (K609625A),,,,,,1,true
樂善堂李賢義幼稚園 (K324884B),樂善堂李賢義幼稚園 (K324884B),school,樂善堂李賢義幼稚園 (K324884B),,,,,,1,true
救世軍水泉澳幼稚園 (K605620A),救世軍水泉澳幼稚園 (K605620A),school,救世軍水泉澳幼稚園 (K605620A),,,,,,1,true
基督教香港崇真會安頌幼稚園 (K609137A),基督教香港崇真會安頌幼稚園 (K609137A),school,基督教香港崇真會安頌幼稚園 (K609137A),,,,,,1,true
樂善堂李賢義幼稚園,樂善堂李賢義幼稚園,school,樂善堂李賢義幼稚園,,,,,,1,true
田景邨浸信會呂郭碧鳳幼稚園 (K158747A),田景邨浸信會呂郭碧鳳幼稚園 (K158747A),school,田景邨浸信會呂郭碧鳳幼稚園 (K158747A),,,,,,1,true
香港西區婦女福利會鴨脷洲邨幼稚園 (K563714A),香港西區婦女福利會鴨脷洲邨幼稚園 (K563714A),school,香港西區婦女福利會鴨脷洲邨幼稚園 (K563714A),,,,,,1,true
香港西區婦女福利會鴨脷洲邨幼稚園,香港西區婦女福利會鴨脷洲邨幼稚園,school,香港西區婦女福利會鴨脷洲邨幼稚園,,,,,,1,true
朗屏邨聖恩幼稚園 (K158410A),朗屏邨聖恩幼稚園 (K158410A),school,朗屏邨聖恩幼稚園 (K158410A),,,,,,1,true
坪石天主教小學,坪石天主教小學,school,坪石天主教小學,,,,,,1,true
朗屏邨聖恩幼稚園,朗屏邨聖恩幼稚園,school,朗屏邨聖恩幼稚園,,,,,,1,true
玫瑰崗學校,玫瑰崗學校,school,玫瑰崗學校,,,,,,1,true
慈幼中學,慈幼中學,school,慈幼中學,,,,,,1,true
Carmel School Association ELSA High School,Carmel School Association ELSA High School,school,Carmel School Association ELSA High School,,,,,,1,true
香港國際學校,香港國際學校,school,香港國際學校,,,,,,1,true
聖安當小學2樓校務處,聖安當小學2樓校務處,school,聖安當小學2樓校務處,,,,,,1,true
畢架山小學,畢架山小學,school,畢架山小學,,,,,,1,true
庇理羅士女子中學,庇理羅士女子中學,school,庇理羅士女子中學,,,,,,1,true
嘉諾撒小學,嘉諾撒小學,school,嘉諾撒小學,,,,,,1,true
明愛樂群學校,明愛樂群學校,school,明愛樂群學校,,,,,,1,true
天主教總堂區學校,天主教總堂區學校,school,天主教總堂區學校,,,,,,1,true
清水灣小學,清水灣小學,school,清水灣小學,,,,,,1,true
啓思小學,啓思小學,school,啓思小學,,,,,,1,true
地利亞修女紀念學校,地利亞修女紀念學校,school,地利亞修女紀念學校,,,,,,1,true
拔萃小學,拔萃小學,school,拔萃小學,,,,,,1,true
靈光小學,靈光小學,school,靈光小學,,,,,,1,true
基督教深井靈光小學,基督教深井靈光小學,school,基督教深井靈光小學,,,,,,1,true
法國國際學校,法國國際學校,school,法國國際學校,,,,,,1,true
何東中學,何東中學,school,何東中學,,,,,,1,true
耀山學校,耀山學校,school,耀山學校,,,,,,1,true
啓才學校,啓才學校,school,啓才學校,,,,,,1,true
九龍工業學校,九龍工業學校,school,九龍工業學校,,,,,,1,true
泮林公立群雅學校,泮林公立群雅學校,school,泮林公立群雅學校,,,,,,1,true
大嶼山國際學校,大嶼山國際學校,school,大嶼山國際學校,,,,,,1,true
瑪利諾神父教會學校,瑪利諾神父教會學校,school,瑪利諾神父教會學校,,,,,,1,true
香港中國婦女會中學,香港中國婦女會中學,school,香港中國婦女會中學,,,,,,1,true
KOREAN INTERNATIONAL SCHOOL,KOREAN INTERNATIONAL SCHOOL,school,KOREAN INTERNATIONAL SCHOOL,,,,,,1,true
合一堂學校,合一堂學校,school,合一堂學校,,,,,,1,true
香港培正中學,香港培正中學,school,香港培正中學,,,,,,1,true
德蘭中學,德蘭中學,school,德蘭中學,,,,,,1,true
天主教領島學校,天主教領島學校,school,天主教領島學校,,,,,,1,true
STAMFORD AMERICAN SCHOOL HONG KONG,STAMFORD AMERICAN SCHOOL HONG KONG,school,STAMFORD AMERICAN SCHOOL HONG KONG,,,,,,1,true
余振強紀念中學,余振強紀念中學,school,余振強紀念中學,,,,,,1,true
陳瑞祺(喇沙)小學,陳瑞祺(喇沙)小學,school,陳瑞祺(喇沙)小學,,,,,,1,true
旅港開平商會中學,旅港開平商會中學,school,旅港開平商會中學,,,,,,1,true
聖公會聖三一堂中學,聖公會聖三一堂中學,school,聖公會聖三一堂中學,,,,,,1,true
聖公會蔡功譜中學,聖公會蔡功譜中學,school,聖公會蔡功譜中學,,,,,,1,true
基督教女青年會丘佐榮中學,基督教女青年會丘佐榮中學,school,基督教女青年會丘佐榮中學,,,,,,1,true
中華基督教會基灣小學,中華基督教會基灣小學,school,中華基督教會基灣小學,,,,,,1,true
香港中國婦女會丘佐榮學校,香港中國婦女會丘佐榮學校,school,香港中國婦女會丘佐榮學校,,,,,,1,true
中華基督教會基灣小學(愛蝶灣),中華基督教會基灣小學(愛蝶灣),school,中華基督教會基灣小學(愛蝶灣),,,,,,1,true
香港培正小學,香港培正小學,school,香港培正小學,,,,,,1,true
新亞中學,新亞中學,school,新亞中學,,,,,,1,true
鄧鏡波學校,鄧鏡波學校,school,鄧鏡波學校,,,,,,1,true
漢師德萃學校,漢師德萃學校,school,漢師德萃學校,,,,,,1,true
獻主會聖馬善樂小學,獻主會聖馬善樂小學,school,獻主會聖馬善樂小學,,,,,,1,true
創知中學,創知中學,school,創知中學,,,,,,1,true
迦密中學,迦密中學,school,迦密中學,,,,,,1,true
保良局林文燦英文小學,保良局林文燦英文小學,school,保良局林文燦英文小學,,,,,,1,true
香港紅十字會醫院學校(小學部),香港紅十字會醫院學校(小學部),school,香港紅十字會醫院學校(小學部),,,,,,1,true
香港紅十字會醫院學校(中學部),香港紅十字會醫院學校(中學部),school,香港紅十字會醫院學校(中學部),,,,,,1,true
基督教香港信義會信義中學,基督教香港信義會信義中學,school,基督教香港信義會信義中學,,,,,,1,true
聖公會諸聖中學,聖公會諸聖中學,school,聖公會諸聖中學,,,,,,1,true
協恩中學,協恩中學,school,協恩中學,,,,,,1,true
九龍婦女福利會李炳紀念學校,九龍婦女福利會李炳紀念學校,school,九龍婦女福利會李炳紀念學校,,,,,,1,true
石崗學校第1座,石崗學校第1座,school,石崗學校第1座,,,,,,1,true
神召第一小學暨幼稚園,神召第一小學暨幼稚園,school,神召第一小學暨幼稚園,,,,,,1,true
郭怡雅神父紀念學校,郭怡雅神父紀念學校,school,郭怡雅神父紀念學校,,,,,,1,true
獻主會小學,獻主會小學,school,獻主會小學,,,,,,1,true
聖公會聖三一堂小學,聖公會聖三一堂小學,school,聖公會聖三一堂小學,,,,,,1,true
慈航學校,慈航學校,school,慈航學校,,,,,,1,true
拔萃女小學,拔萃女小學,school,拔萃女小學,,,,,,1,true
協恩中學附屬小學,協恩中學附屬小學,school,協恩中學附屬小學,,,,,,1,true
喇沙小學,喇沙小學,school,喇沙小學,,,,,,1,true
聖安當小學,聖安當小學,school,聖安當小學,,,,,,1,true
聖公會李兆強小學,聖公會李兆強小學,school,聖公會李兆強小學,,,,,,1,true
九龍禮賢學校 (K138177A),九龍禮賢學校 (K138177A),school,九龍禮賢學校 (K138177A),,,,,,1,true
滙豐幼兒學校 (K566748A),滙豐幼兒學校 (K566748A),school,滙豐幼兒學校 (K566748A),,,,,,1,true
又一村學校,又一村學校,school,又一村學校,,,,,,1,true
香港仔工業學校慈幼會,香港仔工業學校慈幼會,school,香港仔工業學校慈幼會,,,,,,1,true
佛教志蓮小學,佛教志蓮小學,school,佛教志蓮小學,,,,,,1,true
艾蒙特國際幼稚園 (K615633A),艾蒙特國際幼稚園 (K615633A),school,艾蒙特國際幼稚園 (K615633A),,,,,,1,true
粉嶺禮賢會中學,粉嶺禮賢會中學,school,粉嶺禮賢會中學,,,,,,1,true
九龍真光中學,九龍真光中學,school,九龍真光中學,,,,,,1,true
龍翔官立中學,龍翔官立中學,school,龍翔官立中學,,,,,,1,true
明雅國際幼兒學校 (K567027A),明雅國際幼兒學校 (K567027A),school,明雅國際幼兒學校 (K567027A),,,,,,1,true
天主教普照中學,天主教普照中學,school,天主教普照中學,,,,,,1,true
油塘天主教普照中學,油塘天主教普照中學,school,油塘天主教普照中學,,,,,,1,true
田家炳中學,田家炳中學,school,田家炳中學,,,,,,1,true
大澳小學,大澳小學,school,大澳小學,,,,,,1,true
英皇佐治五世學校活動中心,英皇佐治五世學校活動中心,school,英皇佐治五世學校活動中心,,,,,,1,true
英皇佐治五世學校連座,英皇佐治五世學校連座,school,英皇佐治五世學校連座,,,,,,1,true
英皇佐治五世學校新座,英皇佐治五世學校新座,school,英皇佐治五世學校新座,,,,,,1,true
英皇佐治五世學校,英皇佐治五世學校,school,英皇佐治五世學校,,,,,,1,true
KING GEORGE V SCHOOL,KING GEORGE V SCHOOL,school,KING GEORGE V SCHOOL,,,,,,1,true
五育中學,五育中學,school,五育中學,,,,,,1,true
石崗學校第5座,石崗學校第5座,school,石崗學校第5座,,,,,,1,true
五旬節林漢光中學,五旬節林漢光中學,school,五旬節林漢光中學,,,,,,1,true
Cheung Chau Government Secondary School Block B,Cheung Chau Government Secondary School Block B,school,Cheung Chau Government Secondary School Block B,,,,,,1,true
Cheung Chau Government Secondary School Block C,Cheung Chau Government Secondary School Block C,school,Cheung Chau Government Secondary School Block C,,,,,,1,true
五旬節靳茂生小學,五旬節靳茂生小學,school,五旬節靳茂生小學,,,,,,1,true
瑪利諾修院學校,瑪利諾修院學校,school,瑪利諾修院學校,,,,,,1,true
天主教慈幼會伍少梅工業學校,天主教慈幼會伍少梅工業學校,school,天主教慈幼會伍少梅工業學校,,,,,,1,true
秀明小學,秀明小學,school,秀明小學,,,,,,1,true
德雅學校,德雅學校,school,德雅學校,,,,,,1,true
五邑鄒振猷學校,五邑鄒振猷學校,school,五邑鄒振猷學校,,,,,,1,true
五邑司徒浩中學,五邑司徒浩中學,school,五邑司徒浩中學,,,,,,1,true
順德聯誼總會伍冕端小學,順德聯誼總會伍冕端小學,school,順德聯誼總會伍冕端小學,,,,,,1,true
瑪利諾修院學校(中學部),瑪利諾修院學校(中學部),school,瑪利諾修院學校(中學部),,,,,,1,true
天主教南華中學,天主教南華中學,school,天主教南華中學,,,,,,1,true
天主教伍華小學,天主教伍華小學,school,天主教伍華小學,,,,,,1,true
天主教伍華中學,天主教伍華中學,school,天主教伍華中學,,,,,,1,true
僑港伍氏宗親會伍時暢紀念學校,僑港伍氏宗親會伍時暢紀念學校,school,僑港伍氏宗親會伍時暢紀念學校,,,,,,1,true
聖嘉勒小學,聖嘉勒小學,school,聖嘉勒小學,,,,,,1,true
五邑鄒振猷學校家長資源中心,五邑鄒振猷學校家長資源中心,school,五邑鄒振猷學校家長資源中心,,,,,,1,true
麗晶幼稚園分校 (K156981A),麗晶幼稚園分校 (K156981A),school,麗晶幼稚園分校 (K156981A),,,,,,1,true
匡智屯門晨崗學校,匡智屯門晨崗學校,school,匡智屯門晨崗學校,,,,,,1,true
天主教聖雲先幼兒學校,天主教聖雲先幼兒學校,school,天主教聖雲先幼兒學校,,,,,,1,true
裘錦秋中學（元朗）,裘錦秋中學（元朗）,school,裘錦秋中學（元朗）,,,,,,1,true
馬鞍山崇真中學,馬鞍山崇真中學,school,馬鞍山崇真中學,,,,,,1,true
聖公會基孝中學,聖公會基孝中學,school,聖公會基孝中學,,,,,,1,true
聖公會聖紀文小學,聖公會聖紀文小學,school,聖公會聖紀文小學,,,,,,1,true
天主教聖雲先幼兒學校 (K563510A),天主教聖雲先幼兒學校 (K563510A),school,天主教聖雲先幼兒學校 (K563510A),,,,,,1,true
五邑工商總會學校,五邑工商總會學校,school,五邑工商總會學校,,,,,,1,true
五旬節于良發小學,五旬節于良發小學,school,五旬節于良發小學,,,,,,1,true
石崗學校第10座,石崗學校第10座,school,石崗學校第10座,,,,,,1,true
嘻哈學校,嘻哈學校,school,嘻哈學校,,,,,,1,true
優才(楊殷有娣)學校,優才(楊殷有娣)學校,school,優才(楊殷有娣)學校,,,,,,1,true
麗澤中學,麗澤中學,school,麗澤中學,,,,,,1,true
祖堯天主教小學,祖堯天主教小學,school,祖堯天主教小學,,,,,,1,true
藍田聖保祿中學,藍田聖保祿中學,school,藍田聖保祿中學,,,,,,1,true
Spanish School Hong Kong,Spanish School Hong Kong,school,Spanish School Hong Kong,,,,,,1,true
伊斯蘭鮑伯濤紀念小學,伊斯蘭鮑伯濤紀念小學,school,伊斯蘭鮑伯濤紀念小學,,,,,,1,true
大埔舊墟公立學校,大埔舊墟公立學校,school,大埔舊墟公立學校,,,,,,1,true
香港紅十字會瑪嘉烈戴麟趾學校,香港紅十字會瑪嘉烈戴麟趾學校,school,香港紅十字會瑪嘉烈戴麟趾學校,,,,,,1,true
聖公會白約翰會督中學,聖公會白約翰會督中學,school,聖公會白約翰會督中學,,,,,,1,true
聖公會聖匠中學,聖公會聖匠中學,school,聖公會聖匠中學,,,,,,1,true
約克英文小學暨幼稚園 (K322822A),約克英文小學暨幼稚園 (K322822A),school,約克英文小學暨幼稚園 (K322822A),,,,,,1,true
仁濟醫院蔡衍濤小學,仁濟醫院蔡衍濤小學,school,仁濟醫院蔡衍濤小學,,,,,,1,true
保良局田家炳小學,保良局田家炳小學,school,保良局田家炳小學,,,,,,1,true
聖公會林裘謀中學,聖公會林裘謀中學,school,聖公會林裘謀中學,,,,,,1,true
香港紅十字會雅麗珊郡主學校,香港紅十字會雅麗珊郡主學校,school,香港紅十字會雅麗珊郡主學校,,,,,,1,true
聖公會聖十架小學,聖公會聖十架小學,school,聖公會聖十架小學,,,,,,1,true
香港中國婦女會馮堯敬紀念中學,香港中國婦女會馮堯敬紀念中學,school,香港中國婦女會馮堯敬紀念中學,,,,,,1,true
順德聯誼總會何日東小學,順德聯誼總會何日東小學,school,順德聯誼總會何日東小學,,,,,,1,true
仁濟醫院靚次伯紀念中學,仁濟醫院靚次伯紀念中學,school,仁濟醫院靚次伯紀念中學,,,,,,1,true
五旬節聖潔會永光小學,五旬節聖潔會永光小學,school,五旬節聖潔會永光小學,,,,,,1,true
柴灣角天主教小學,柴灣角天主教小學,school,柴灣角天主教小學,,,,,,1,true
York Montessori International Pre-School (Tseung Kwan O) (K609749A),York Montessori International Pre-School (Tseung Kwan O) (K609749A),school,York Montessori International Pre-School (Tseung Kwan O) (K609749A),,,,,,1,true
聖安多尼中英文小學暨幼稚園 (K213632B),聖安多尼中英文小學暨幼稚園 (K213632B),school,聖安多尼中英文小學暨幼稚園 (K213632B),,,,,,1,true
中華基督教會譚李麗芬紀念中學,中華基督教會譚李麗芬紀念中學,school,中華基督教會譚李麗芬紀念中學,,,,,,1,true
裘錦秋中學（葵涌）,裘錦秋中學（葵涌）,school,裘錦秋中學（葵涌）,,,,,,1,true
York Montessori International Pre-School (Mei Foo) (K604615A),York Montessori International Pre-School (Mei Foo) (K604615A),school,York Montessori International Pre-School (Mei Foo) (K604615A),,,,,,1,true
香港紅十字會雅麗珊郡主學校香港賽馬會學生宿舍,香港紅十字會雅麗珊郡主學校香港賽馬會學生宿舍,school,香港紅十字會雅麗珊郡主學校香港賽馬會學生宿舍,,,,,,1,true
佳寶幼稚園 (K324159A),佳寶幼稚園 (K324159A),school,佳寶幼稚園 (K324159A),,,,,,1,true
佳寶幼稚園,佳寶幼稚園,school,佳寶幼稚園,,,,,,1,true
康傑幼稚園(馬鞍山) (K565113A),康傑幼稚園(馬鞍山) (K565113A),school,康傑幼稚園(馬鞍山) (K565113A),,,,,,1,true
康傑中英文幼稚園(馬鞍山) (K231657A),康傑中英文幼稚園(馬鞍山) (K231657A),school,康傑中英文幼稚園(馬鞍山) (K231657A),,,,,,1,true
卓基英文學校暨幼稚園,卓基英文學校暨幼稚園,school,卓基英文學校暨幼稚園,,,,,,1,true
青衣商會幼稚園,青衣商會幼稚園,school,青衣商會幼稚園,,,,,,1,true
聖公會主恩小學,聖公會主恩小學,school,聖公會主恩小學,,,,,,1,true
三水同鄉會劉本章學校,三水同鄉會劉本章學校,school,三水同鄉會劉本章學校,,,,,,1,true
華富邨寶血小學,華富邨寶血小學,school,華富邨寶血小學,,,,,,1,true
華富邨寶血小學 (前稱),華富邨寶血小學 (前稱),school,華富邨寶血小學 (前稱),,,,,,1,true
香港伯特利教會基甸幼稚園,香港伯特利教會基甸幼稚園,school,香港伯特利教會基甸幼稚園,,,,,,1,true
明愛莊月明中學,明愛莊月明中學,school,明愛莊月明中學,,,,,,1,true
救世軍華富幼兒學校,救世軍華富幼兒學校,school,救世軍華富幼兒學校,,,,,,1,true
東華三院徐展堂學校,東華三院徐展堂學校,school,東華三院徐展堂學校,,,,,,1,true
救世軍華富幼兒學校 (K563145A),救世軍華富幼兒學校 (K563145A),school,救世軍華富幼兒學校 (K563145A),,,,,,1,true
東莞工商總會張煌偉小學,東莞工商總會張煌偉小學,school,東莞工商總會張煌偉小學,,,,,,1,true
九龍城浸信會禧年(恩平)小學,九龍城浸信會禧年(恩平)小學,school,九龍城浸信會禧年(恩平)小學,,,,,,1,true
東華三院馬陳景霞幼稚園 (K157384A),東華三院馬陳景霞幼稚園 (K157384A),school,東華三院馬陳景霞幼稚園 (K157384A),,,,,,1,true
山景邨浸信會幼稚園,山景邨浸信會幼稚園,school,山景邨浸信會幼稚園,,,,,,1,true
聖公會青山聖彼得堂山景邨幼稚園 (K157473A),聖公會青山聖彼得堂山景邨幼稚園 (K157473A),school,聖公會青山聖彼得堂山景邨幼稚園 (K157473A),,,,,,1,true
聖公會青山聖彼得堂山景邨幼稚園,聖公會青山聖彼得堂山景邨幼稚園,school,聖公會青山聖彼得堂山景邨幼稚園,,,,,,1,true
田景邨浸信會呂郭碧鳳幼稚園,田景邨浸信會呂郭碧鳳幼稚園,school,田景邨浸信會呂郭碧鳳幼稚園,,,,,,1,true
保良局張潘美意幼稚園 (K523445B),保良局張潘美意幼稚園 (K523445B),school,保良局張潘美意幼稚園 (K523445B),,,,,,1,true
香港聖公會東涌幼兒學校,香港聖公會東涌幼兒學校,school,香港聖公會東涌幼兒學校,,,,,,1,true
香港聖公會東涌幼兒學校 (K566926A),香港聖公會東涌幼兒學校 (K566926A),school,香港聖公會東涌幼兒學校 (K566926A),,,,,,1,true
金巴崙長老會青草地幼稚園 (K524123A),金巴崙長老會青草地幼稚園 (K524123A),school,金巴崙長老會青草地幼稚園 (K524123A),,,,,,1,true
嗇色園主辦可譽中學暨可譽小學,嗇色園主辦可譽中學暨可譽小學,school,嗇色園主辦可譽中學暨可譽小學,,,,,,1,true
保良局張潘美意幼稚園,保良局張潘美意幼稚園,school,保良局張潘美意幼稚園,,,,,,1,true
金巴崙長老會青草地幼稚園,金巴崙長老會青草地幼稚園,school,金巴崙長老會青草地幼稚園,,,,,,1,true
中華基金中學,中華基金中學,school,中華基金中學,,,,,,1,true
明愛胡振中中學,明愛胡振中中學,school,明愛胡振中中學,,,,,,1,true
啟思中英文幼稚園(馬鞍山),啟思中英文幼稚園(馬鞍山),school,啟思中英文幼稚園(馬鞍山),,,,,,1,true
真理浸信會幼稚園 (K158259A),真理浸信會幼稚園 (K158259A),school,真理浸信會幼稚園 (K158259A),,,,,,1,true
平安福音堂幼稚園 (K158429A),平安福音堂幼稚園 (K158429A),school,平安福音堂幼稚園 (K158429A),,,,,,1,true
小大嶼山蒙特梭利幼稚園,小大嶼山蒙特梭利幼稚園,school,小大嶼山蒙特梭利幼稚園,,,,,,1,true
瑪麗醫院護士學校,瑪麗醫院護士學校,school,瑪麗醫院護士學校,,,,,,1,true
School of General Nursing,School of General Nursing,school,School of General Nursing,,,,,,1,true
仁濟醫院山景幼稚園,仁濟醫院山景幼稚園,school,仁濟醫院山景幼稚園,,,,,,1,true
元朗公立中學校友會鄧兆棠中學,元朗公立中學校友會鄧兆棠中學,school,元朗公立中學校友會鄧兆棠中學,,,,,,1,true
元朗公立中學校友會小學,元朗公立中學校友會小學,school,元朗公立中學校友會小學,,,,,,1,true
元朗公立中學校友會英業小學,元朗公立中學校友會英業小學,school,元朗公立中學校友會英業小學,,,,,,1,true
元朗公立中學校友會鄧英業小學,元朗公立中學校友會鄧英業小學,school,元朗公立中學校友會鄧英業小學,,,,,,1,true
元朗公立中學校友會劉良驤紀念幼稚園 (K159140A),元朗公立中學校友會劉良驤紀念幼稚園 (K159140A),school,元朗公立中學校友會劉良驤紀念幼稚園 (K159140A),,,,,,1,true
職業訓練局邱子文高中學校 (前稱),職業訓練局邱子文高中學校 (前稱),school,職業訓練局邱子文高中學校 (前稱),,,,,,1,true
基督教臻美黃乾亨小學暨初中學校 (前稱),基督教臻美黃乾亨小學暨初中學校 (前稱),school,基督教臻美黃乾亨小學暨初中學校 (前稱),,,,,,1,true
元朗公立中學校友會劉良驤紀念幼稚園,元朗公立中學校友會劉良驤紀念幼稚園,school,元朗公立中學校友會劉良驤紀念幼稚園,,,,,,1,true
福建中學,福建中學,school,福建中學,,,,,,1,true
世界龍岡學校劉皇發中學,世界龍岡學校劉皇發中學,school,世界龍岡學校劉皇發中學,,,,,,1,true
寧波第二中學,寧波第二中學,school,寧波第二中學,,,,,,1,true
仁濟醫院第二中學,仁濟醫院第二中學,school,仁濟醫院第二中學,,,,,,1,true
西貢崇真天主教學校（中學部）,西貢崇真天主教學校（中學部）,school,西貢崇真天主教學校（中學部）,,,,,,1,true
香港日本人學校中學部,香港日本人學校中學部,school,香港日本人學校中學部,,,,,,1,true
伊利沙伯中學舊生會小學分校,伊利沙伯中學舊生會小學分校,school,伊利沙伯中學舊生會小學分校,,,,,,1,true
西貢崇真天主教學校(中學部)禮堂,西貢崇真天主教學校(中學部)禮堂,school,西貢崇真天主教學校(中學部)禮堂,,,,,,1,true
仁濟醫院林百欣中學,仁濟醫院林百欣中學,school,仁濟醫院林百欣中學,,,,,,1,true
西貢崇真天主教學校(中學部)第一座,西貢崇真天主教學校(中學部)第一座,school,西貢崇真天主教學校(中學部)第一座,,,,,,1,true
西貢崇真天主教學校(中學部)第二座,西貢崇真天主教學校(中學部)第二座,school,西貢崇真天主教學校(中學部)第二座,,,,,,1,true
西貢崇真天主教學校(中學部)第三座,西貢崇真天主教學校(中學部)第三座,school,西貢崇真天主教學校(中學部)第三座,,,,,,1,true
英基學校協會西島中學,英基學校協會西島中學,school,英基學校協會西島中學,,,,,,1,true
鐘聲慈善社胡陳金枝中學,鐘聲慈善社胡陳金枝中學,school,鐘聲慈善社胡陳金枝中學,,,,,,1,true
香港專業進修學校,香港專業進修學校,school,香港專業進修學校,,,,,,1,true
大茶壺學校食物部服務(馬可賓紀念中學),大茶壺學校食物部服務(馬可賓紀念中學),school,大茶壺學校食物部服務(馬可賓紀念中學),,,,,,1,true
慈幼英文學校(中學部) (別稱),慈幼英文學校(中學部) (別稱),school,慈幼英文學校(中學部) (別稱),,,,,,1,true
九龍塘學校(中學部),九龍塘學校(中學部),school,九龍塘學校(中學部),,,,,,1,true
天保民學校(中學部),天保民學校(中學部),school,天保民學校(中學部),,,,,,1,true
匡智屯門晨崗學校(中學部),匡智屯門晨崗學校(中學部),school,匡智屯門晨崗學校(中學部),,,,,,1,true
三水同鄉會劉本章學校(中學部),三水同鄉會劉本章學校(中學部),school,三水同鄉會劉本章學校(中學部),,,,,,1,true
明愛樂群學校(中學部),明愛樂群學校(中學部),school,明愛樂群學校(中學部),,,,,,1,true
明愛樂進學校(中學部),明愛樂進學校(中學部),school,明愛樂進學校(中學部),,,,,,1,true
石澳公立文新學校,石澳公立文新學校,school,石澳公立文新學校,,,,,,1,true
金錢村何東學校,金錢村何東學校,school,金錢村何東學校,,,,,,1,true
香港航海學校食堂,香港航海學校食堂,school,香港航海學校食堂,,,,,,1,true
香港航海學校工場,香港航海學校工場,school,香港航海學校工場,,,,,,1,true
香港航海學校教員室,香港航海學校教員室,school,香港航海學校教員室,,,,,,1,true
香港航海學校燒焊室,香港航海學校燒焊室,school,香港航海學校燒焊室,,,,,,1,true
香港航海學校行政大樓,香港航海學校行政大樓,school,香港航海學校行政大樓,,,,,,1,true
香港航海學校學生宿舍,香港航海學校學生宿舍,school,香港航海學校學生宿舍,,,,,,1,true
香港航海學校舍監宿舍,香港航海學校舍監宿舍,school,香港航海學校舍監宿舍,,,,,,1,true
香港航海學校課室及體育大樓,香港航海學校課室及體育大樓,school,香港航海學校課室及體育大樓,,,,,,1,true
香港航海學校多用途教學大樓,香港航海學校多用途教學大樓,school,香港航海學校多用途教學大樓,,,,,,1,true
The Hong Kong Sea School Kiosk,The Hong Kong Sea School Kiosk,school,The Hong Kong Sea School Kiosk,,,,,,1,true
佛教中華康山學校,佛教中華康山學校,school,佛教中華康山學校,,,,,,1,true
東華三院鶴山學校,東華三院鶴山學校,school,東華三院鶴山學校,,,,,,1,true
救世軍中原慈善基金皇后山學校,救世軍中原慈善基金皇后山學校,school,救世軍中原慈善基金皇后山學校,,,,,,1,true
龍山學校 (前稱),龍山學校 (前稱),school,龍山學校 (前稱),,,,,,1,true
鶴山學校 (前稱),鶴山學校 (前稱),school,鶴山學校 (前稱),,,,,,1,true
佛教中華康山小學 (前稱),佛教中華康山小學 (前稱),school,佛教中華康山小學 (前稱),,,,,,1,true
天主教聖華學校,天主教聖華學校,school,天主教聖華學校,,,,,,1,true
前東灣莫羅瑞華學校,前東灣莫羅瑞華學校,school,前東灣莫羅瑞華學校,,,,,,1,true
中華基督教會香港區會基華學校,中華基督教會香港區會基華學校,school,中華基督教會香港區會基華學校,,,,,,1,true
香港學生輔助會東灣莫羅瑞華學校石壁宿舍,香港學生輔助會東灣莫羅瑞華學校石壁宿舍,school,香港學生輔助會東灣莫羅瑞華學校石壁宿舍,,,,,,1,true
古洞公立愛華學校 (前稱),古洞公立愛華學校 (前稱),school,古洞公立愛華學校 (前稱),,,,,,1,true
東灣莫羅瑞華學校 (前稱),東灣莫羅瑞華學校 (前稱),school,東灣莫羅瑞華學校 (前稱),,,,,,1,true
東灣莫羅瑞華學校(小學部),東灣莫羅瑞華學校(小學部),school,東灣莫羅瑞華學校(小學部),,,,,,1,true
東灣莫羅瑞華學校(中學部),東灣莫羅瑞華學校(中學部),school,東灣莫羅瑞華學校(中學部),,,,,,1,true
中華基督教會方潤華學校 (前稱),中華基督教會方潤華學校 (前稱),school,中華基督教會方潤華學校 (前稱),,,,,,1,true
攸潭美學校 (前稱),攸潭美學校 (前稱),school,攸潭美學校 (前稱),,,,,,1,true
香港基督教女青年會戴翰芬幼兒學校,香港基督教女青年會戴翰芬幼兒學校,school,香港基督教女青年會戴翰芬幼兒學校,,,,,,1,true
聖士提反女子中學附屬幼稚園 (K132896A),聖士提反女子中學附屬幼稚園 (K132896A),school,聖士提反女子中學附屬幼稚園 (K132896A),,,,,,1,true
基督教崇真中學,基督教崇真中學,school,基督教崇真中學,,,,,,1,true
Goofy Waves Watersports Club & Academy,Goofy Waves Watersports Club & Academy,school,Goofy Waves Watersports Club & Academy,,,,,,1,true
Codesmine Academy Limited,Codesmine Academy Limited,school,Codesmine Academy Limited,,,,,,1,true
ISLAND CHRISTIAN ACADEMY,ISLAND CHRISTIAN ACADEMY,school,ISLAND CHRISTIAN ACADEMY,,,,,,1,true
綠楊幼稚園,綠楊幼稚園,school,綠楊幼稚園,,,,,,1,true
香港保護兒童會譚雅士幼兒學校,香港保護兒童會譚雅士幼兒學校,school,香港保護兒童會譚雅士幼兒學校,,,,,,1,true
幼稚園駐校社工隊(東區及灣仔),幼稚園駐校社工隊(東區及灣仔),school,幼稚園駐校社工隊(東區及灣仔),,,,,,1,true
佛教黃鳳翎中學,佛教黃鳳翎中學,school,佛教黃鳳翎中學,,,,,,1,true
禮仁小學,禮仁小學,school,禮仁小學,,,,,,1,true
屯門湖康長者健康中心,屯門湖康長者健康中心,hospital,屯門湖康長者健康中心,,,,,,1,true
藍田長者健康中心,藍田長者健康中心,hospital,藍田長者健康中心,,,,,,1,true
大埔長者健康中心,大埔長者健康中心,hospital,大埔長者健康中心,,,,,,1,true
旅遊健康中心(香港),旅遊健康中心(香港),hospital,旅遊健康中心(香港),,,,,,1,true
荃灣長者健康中心,荃灣長者健康中心,hospital,荃灣長者健康中心,,,,,,1,true
灣仔長者健康中心,灣仔長者健康中心,hospital,灣仔長者健康中心,,,,,,1,true
元朗長者健康中心,元朗長者健康中心,hospital,元朗長者健康中心,,,,,,1,true
香港仔長者健康中心,香港仔長者健康中心,hospital,香港仔長者健康中心,,,,,,1,true
北區長者健康中心,北區長者健康中心,hospital,北區長者健康中心,,,,,,1,true
葵盛長者健康中心,葵盛長者健康中心,hospital,葵盛長者健康中心,,,,,,1,true
瀝源長者健康中心,瀝源長者健康中心,hospital,瀝源長者健康中心,,,,,,1,true
南山長者健康中心,南山長者健康中心,hospital,南山長者健康中心,,,,,,1,true
東涌長者健康中心,東涌長者健康中心,hospital,東涌長者健康中心,,,,,,1,true
九龍城長者健康中心,九龍城長者健康中心,hospital,九龍城長者健康中心,,,,,,1,true
西營盤長者健康中心,西營盤長者健康中心,hospital,西營盤長者健康中心,,,,,,1,true
筲箕灣長者健康中心,筲箕灣長者健康中心,hospital,筲箕灣長者健康中心,,,,,,1,true
仁濟醫院錢曼娟安老院,仁濟醫院錢曼娟安老院,hospital,仁濟醫院錢曼娟安老院,,,,,,1,true
仁濟醫院華懋護理安老院,仁濟醫院華懋護理安老院,hospital,仁濟醫院華懋護理安老院,,,,,,1,true
仁濟醫院李陳玉嬋安老院,仁濟醫院李陳玉嬋安老院,hospital,仁濟醫院李陳玉嬋安老院,,,,,,1,true
仁濟醫院大埔富蝶安老院,仁濟醫院大埔富蝶安老院,hospital,仁濟醫院大埔富蝶安老院,,,,,,1,true
博愛醫院戴均護理安老院,博愛醫院戴均護理安老院,hospital,博愛醫院戴均護理安老院,,,,,,1,true
辰醫醫療,辰醫醫療,hospital,辰醫醫療,,,,,,1,true
醫點醫療中心,醫點醫療中心,hospital,醫點醫療中心,,,,,,1,true
仁安醫院,仁安醫院,hospital,仁安醫院,,,,,,1,true
港怡醫院,港怡醫院,hospital,港怡醫院,,,,,,1,true
瑪麗醫院羈留病房,瑪麗醫院羈留病房,hospital,瑪麗醫院羈留病房,,,,,,1,true
仁濟醫院盧李佩貞紀念工場,仁濟醫院盧李佩貞紀念工場,hospital,仁濟醫院盧李佩貞紀念工場,,,,,,1,true
醫療輔助隊長洲訓練中心,醫療輔助隊長洲訓練中心,hospital,醫療輔助隊長洲訓練中心,,,,,,1,true
醫療輔助隊斬竹灣訓練中心,醫療輔助隊斬竹灣訓練中心,hospital,醫療輔助隊斬竹灣訓練中心,,,,,,1,true
博愛醫院任永賢夫人幼兒中心,博愛醫院任永賢夫人幼兒中心,hospital,博愛醫院任永賢夫人幼兒中心,,,,,,1,true
卓健醫療中心(上環-昌盛大廈),卓健醫療中心(上環-昌盛大廈),hospital,卓健醫療中心(上環-昌盛大廈),,,,,,1,true
愉景灣醫療中心,愉景灣醫療中心,hospital,愉景灣醫療中心,,,,,,1,true
健匯醫療中心,健匯醫療中心,hospital,健匯醫療中心,,,,,,1,true
卓健醫療中心(元朗-形點II),卓健醫療中心(元朗-形點II),hospital,卓健醫療中心(元朗-形點II),,,,,,1,true
仁愛堂綜合及流動中醫醫療車,仁愛堂綜合及流動中醫醫療車,hospital,仁愛堂綜合及流動中醫醫療車,,,,,,1,true
卓健醫療中心(馬鞍山-馬鞍山廣場),卓健醫療中心(馬鞍山-馬鞍山廣場),hospital,卓健醫療中心(馬鞍山-馬鞍山廣場),,,,,,1,true
樂林日間醫療中心,樂林日間醫療中心,hospital,樂林日間醫療中心,,,,,,1,true
思敏外科及日間醫療中心,思敏外科及日間醫療中心,hospital,思敏外科及日間醫療中心,,,,,,1,true
JOY MED CLINIC,JOY MED CLINIC,hospital,JOY MED CLINIC,,,,,,1,true
新醫療中心,新醫療中心,hospital,新醫療中心,,,,,,1,true
仁安醫院分科診所 (尖沙咀),仁安醫院分科診所 (尖沙咀),hospital,仁安醫院分科診所 (尖沙咀),,,,,,1,true
尖沙咀分科診所(仁安(尖沙咀)),尖沙咀分科診所(仁安(尖沙咀)),hospital,尖沙咀分科診所(仁安(尖沙咀)),,,,,,1,true
卓健醫療中心 (屯門-栢麗廣場),卓健醫療中心 (屯門-栢麗廣場),hospital,卓健醫療中心 (屯門-栢麗廣場),,,,,,1,true
基督教聯合那打素佐敦健康中心(樣本收集點),基督教聯合那打素佐敦健康中心(樣本收集點),hospital,基督教聯合那打素佐敦健康中心(樣本收集點),,,,,,1,true
卓健醫療中心(愉景灣-愉景廣場),卓健醫療中心(愉景灣-愉景廣場),hospital,卓健醫療中心(愉景灣-愉景廣場),,,,,,1,true
牙科診所 (荃灣),牙科診所 (荃灣),hospital,牙科診所 (荃灣),,,,,,1,true
西醫診所 (荃灣),西醫診所 (荃灣),hospital,西醫診所 (荃灣),,,,,,1,true
卓力醫療及復康中心有限公司,卓力醫療及復康中心有限公司,hospital,卓力醫療及復康中心有限公司,,,,,,1,true
劍橋聯合專科診所,劍橋聯合專科診所,hospital,劍橋聯合專科診所,,,,,,1,true
百匯醫療中心,百匯醫療中心,hospital,百匯醫療中心,,,,,,1,true
港中醫院 (前稱),港中醫院 (前稱),hospital,港中醫院 (前稱),,,,,,1,true
港中醫院護士宿舍 (別稱),港中醫院護士宿舍 (別稱),hospital,港中醫院護士宿舍 (別稱),,,,,,1,true
港中醫院護士宿舍 (前稱),港中醫院護士宿舍 (前稱),hospital,港中醫院護士宿舍 (前稱),,,,,,1,true
律敦治醫院醫院大樓,律敦治醫院醫院大樓,hospital,律敦治醫院醫院大樓,,,,,,1,true
大埔醫院主座大樓,大埔醫院主座大樓,hospital,大埔醫院主座大樓,,,,,,1,true
明德國際醫院醫院大樓,明德國際醫院醫院大樓,hospital,明德國際醫院醫院大樓,,,,,,1,true
馬醫院,馬醫院,hospital,馬醫院,,,,,,1,true
九龍醫院康復大樓,九龍醫院康復大樓,hospital,九龍醫院康復大樓,,,,,,1,true
瑪麗醫院行政大樓,瑪麗醫院行政大樓,hospital,瑪麗醫院行政大樓,,,,,,1,true
屯門醫院康復大樓,屯門醫院康復大樓,hospital,屯門醫院康復大樓,,,,,,1,true
長洲醫院門診大樓,長洲醫院門診大樓,hospital,長洲醫院門診大樓,,,,,,1,true
聖母醫院門診大樓,聖母醫院門診大樓,hospital,聖母醫院門診大樓,,,,,,1,true
寶血醫院,寶血醫院,hospital,寶血醫院,,,,,,1,true
東華三院黃大仙醫院勞何淑媛紀念老人日間醫院,東華三院黃大仙醫院勞何淑媛紀念老人日間醫院,hospital,東華三院黃大仙醫院勞何淑媛紀念老人日間醫院,,,,,,1,true
屯門醫院電力大樓'A',屯門醫院電力大樓'A',hospital,屯門醫院電力大樓'A',,,,,,1,true
屯門醫院病理學大樓,屯門醫院病理學大樓,hospital,屯門醫院病理學大樓,,,,,,1,true
Vango-北大嶼山醫院,Vango-北大嶼山醫院,hospital,Vango-北大嶼山醫院,,,,,,1,true
屯門醫院放射治療大樓,屯門醫院放射治療大樓,hospital,屯門醫院放射治療大樓,,,,,,1,true
瑪麗醫院D翼附屬大樓,瑪麗醫院D翼附屬大樓,hospital,瑪麗醫院D翼附屬大樓,,,,,,1,true
威爾斯親王醫院臨床醫學大樓,威爾斯親王醫院臨床醫學大樓,hospital,威爾斯親王醫院臨床醫學大樓,,,,,,1,true
前小欖醫院,前小欖醫院,hospital,前小欖醫院,,,,,,1,true
九龍醫院(康復大樓),九龍醫院(康復大樓),hospital,九龍醫院(康復大樓),,,,,,1,true
醫院管理局資訊科技大樓,醫院管理局資訊科技大樓,hospital,醫院管理局資訊科技大樓,,,,,,1,true
九龍醫院A座,九龍醫院A座,hospital,九龍醫院A座,,,,,,1,true
九龍醫院B座,九龍醫院B座,hospital,九龍醫院B座,,,,,,1,true
九龍醫院C座,九龍醫院C座,hospital,九龍醫院C座,,,,,,1,true
九龍醫院M座,九龍醫院M座,hospital,九龍醫院M座,,,,,,1,true
九龍醫院P座,九龍醫院P座,hospital,九龍醫院P座,,,,,,1,true
九龍醫院S座,九龍醫院S座,hospital,九龍醫院S座,,,,,,1,true
聖德肋撒醫院新翼,聖德肋撒醫院新翼,hospital,聖德肋撒醫院新翼,,,,,,1,true
伊利沙伯醫院日間醫療中心新翼,伊利沙伯醫院日間醫療中心新翼,hospital,伊利沙伯醫院日間醫療中心新翼,,,,,,1,true
九龍醫院正座,九龍醫院正座,hospital,九龍醫院正座,,,,,,1,true
九龍醫院西翼,九龍醫院西翼,hospital,九龍醫院西翼,,,,,,1,true
瑪麗醫院J座,瑪麗醫院J座,hospital,瑪麗醫院J座,,,,,,1,true
瑪麗醫院K座,瑪麗醫院K座,hospital,瑪麗醫院K座,,,,,,1,true
瑪麗醫院L座,瑪麗醫院L座,hospital,瑪麗醫院L座,,,,,,1,true
瑪麗醫院S座,瑪麗醫院S座,hospital,瑪麗醫院S座,,,,,,1,true
瑪麗醫院A翼,瑪麗醫院A翼,hospital,瑪麗醫院A翼,,,,,,1,true
瑪麗醫院B翼,瑪麗醫院B翼,hospital,瑪麗醫院B翼,,,,,,1,true
瑪麗醫院C翼,瑪麗醫院C翼,hospital,瑪麗醫院C翼,,,,,,1,true
瑪麗醫院D翼,瑪麗醫院D翼,hospital,瑪麗醫院D翼,,,,,,1,true
瑪麗醫院E翼,瑪麗醫院E翼,hospital,瑪麗醫院E翼,,,,,,1,true
瑪麗醫院F翼,瑪麗醫院F翼,hospital,瑪麗醫院F翼,,,,,,1,true
瑪麗醫院H翼,瑪麗醫院H翼,hospital,瑪麗醫院H翼,,,,,,1,true
沙田醫院D座,沙田醫院D座,hospital,沙田醫院D座,,,,,,1,true
港島東醫院聯網醫療管理及臨床科技培訓中心,港島東醫院聯網醫療管理及臨床科技培訓中心,hospital,港島東醫院聯網醫療管理及臨床科技培訓中心,,,,,,1,true
贊育醫院 主座,贊育醫院 主座,hospital,贊育醫院 主座,,,,,,1,true
贊育醫院 北翼,贊育醫院 北翼,hospital,贊育醫院 北翼,,,,,,1,true
海洋公園獸醫院,海洋公園獸醫院,hospital,海洋公園獸醫院,,,,,,1,true
仁濟醫院B座,仁濟醫院B座,hospital,仁濟醫院B座,,,,,,1,true
青山醫院熱水爐房,青山醫院熱水爐房,hospital,青山醫院熱水爐房,,,,,,1,true
青山醫院護士宿舍,青山醫院護士宿舍,hospital,青山醫院護士宿舍,,,,,,1,true
北大嶼山醫院香港感染控制中心,北大嶼山醫院香港感染控制中心,hospital,北大嶼山醫院香港感染控制中心,,,,,,1,true
青山醫院思健俱樂部,青山醫院思健俱樂部,hospital,青山醫院思健俱樂部,,,,,,1,true
青山醫院護士宿舍第4座,青山醫院護士宿舍第4座,hospital,青山醫院護士宿舍第4座,,,,,,1,true
青山醫院護士宿舍第5A座,青山醫院護士宿舍第5A座,hospital,青山醫院護士宿舍第5A座,,,,,,1,true
青山醫院停車場 ( F 座),青山醫院停車場 ( F 座),hospital,青山醫院停車場 ( F 座),,,,,,1,true
青山醫院牙科診所,青山醫院牙科診所,hospital,青山醫院牙科診所,,,,,,1,true
北大嶼山醫院停車場,北大嶼山醫院停車場,hospital,北大嶼山醫院停車場,,,,,,1,true
青山醫院/小欖醫院停車場,青山醫院/小欖醫院停車場,hospital,青山醫院/小欖醫院停車場,,,,,,1,true
青山醫院管理大樓 (別稱),青山醫院管理大樓 (別稱),hospital,青山醫院管理大樓 (別稱),,,,,,1,true
青山醫院屯門物質濫用診療所,青山醫院屯門物質濫用診療所,hospital,青山醫院屯門物質濫用診療所,,,,,,1,true
青山醫院醫務社會服務部,青山醫院醫務社會服務部,hospital,青山醫院醫務社會服務部,,,,,,1,true
青山醫院屯門物質濫用診療所 (別稱),青山醫院屯門物質濫用診療所 (別稱),hospital,青山醫院屯門物質濫用診療所 (別稱),,,,,,1,true
青山醫院廁所,青山醫院廁所,hospital,青山醫院廁所,,,,,,1,true
回收機構及收集點： 北大嶼山醫院,回收機構及收集點： 北大嶼山醫院,hospital,回收機構及收集點： 北大嶼山醫院,,,,,,1,true
小欖醫院醫務社會服務部,小欖醫院醫務社會服務部,hospital,小欖醫院醫務社會服務部,,,,,,1,true
瑪嘉烈醫院I座,瑪嘉烈醫院I座,hospital,瑪嘉烈醫院I座,,,,,,1,true
瑪嘉烈醫院G座,瑪嘉烈醫院G座,hospital,瑪嘉烈醫院G座,,,,,,1,true
瑪嘉烈醫院H座,瑪嘉烈醫院H座,hospital,瑪嘉烈醫院H座,,,,,,1,true
瑪嘉烈醫院K座,瑪嘉烈醫院K座,hospital,瑪嘉烈醫院K座,,,,,,1,true
瑪嘉烈醫院L座,瑪嘉烈醫院L座,hospital,瑪嘉烈醫院L座,,,,,,1,true
瑪嘉烈醫院M座,瑪嘉烈醫院M座,hospital,瑪嘉烈醫院M座,,,,,,1,true
瑪嘉烈醫院P座,瑪嘉烈醫院P座,hospital,瑪嘉烈醫院P座,,,,,,1,true
瑪嘉烈醫院S座,瑪嘉烈醫院S座,hospital,瑪嘉烈醫院S座,,,,,,1,true
瑪嘉烈醫院E座,瑪嘉烈醫院E座,hospital,瑪嘉烈醫院E座,,,,,,1,true
瑪嘉烈醫院F座,瑪嘉烈醫院F座,hospital,瑪嘉烈醫院F座,,,,,,1,true
瑪嘉烈醫院 G座,瑪嘉烈醫院 G座,hospital,瑪嘉烈醫院 G座,,,,,,1,true
瑪嘉烈醫院 K座,瑪嘉烈醫院 K座,hospital,瑪嘉烈醫院 K座,,,,,,1,true
瑪嘉烈醫院J座,瑪嘉烈醫院J座,hospital,瑪嘉烈醫院J座,,,,,,1,true
瑪嘉烈醫院A，B，C，D座,瑪嘉烈醫院A，B，C，D座,hospital,瑪嘉烈醫院A，B，C，D座,,,,,,1,true
嘉諾撒醫院,嘉諾撒醫院,hospital,嘉諾撒醫院,,,,,,1,true
東華醫院義莊,東華醫院義莊,hospital,東華醫院義莊,,,,,,1,true
東華醫院職工宿舍,東華醫院職工宿舍,hospital,東華醫院職工宿舍,,,,,,1,true
廣華醫院職工宿舍,廣華醫院職工宿舍,hospital,廣華醫院職工宿舍,,,,,,1,true
cafe330 (廣華醫院),cafe330 (廣華醫院),hospital,cafe330 (廣華醫院),,,,,,1,true
東華醫院義莊兩廊房,東華醫院義莊兩廊房,hospital,東華醫院義莊兩廊房,,,,,,1,true
東華醫院義莊地字房,東華醫院義莊地字房,hospital,東華醫院義莊地字房,,,,,,1,true
東華醫院義莊壽字房,東華醫院義莊壽字房,hospital,東華醫院義莊壽字房,,,,,,1,true
東華醫院義莊天字房,東華醫院義莊天字房,hospital,東華醫院義莊天字房,,,,,,1,true
「卓思廊」廣華醫院復康店,「卓思廊」廣華醫院復康店,hospital,「卓思廊」廣華醫院復康店,,,,,,1,true
廣華醫院婦女健康普查部,廣華醫院婦女健康普查部,hospital,廣華醫院婦女健康普查部,,,,,,1,true
東華三院綜合診斷及醫療中心,東華三院綜合診斷及醫療中心,hospital,東華三院綜合診斷及醫療中心,,,,,,1,true
回收機構及收集點： 廣華醫院,回收機構及收集點： 廣華醫院,hospital,回收機構及收集點： 廣華醫院,,,,,,1,true
回收機構及收集點： 東華醫院,回收機構及收集點： 東華醫院,hospital,回收機構及收集點： 東華醫院,,,,,,1,true
Wi-Fi.HK 熱點位置: 廣華醫院,Wi-Fi.HK 熱點位置: 廣華醫院,hospital,Wi-Fi.HK 熱點位置: 廣華醫院,,,,,,1,true
瑪麗醫院護士宿舍A座,瑪麗醫院護士宿舍A座,hospital,瑪麗醫院護士宿舍A座,,,,,,1,true
瑪麗醫院護士宿舍B座,瑪麗醫院護士宿舍B座,hospital,瑪麗醫院護士宿舍B座,,,,,,1,true
瑪麗醫院 主座,瑪麗醫院 主座,hospital,瑪麗醫院 主座,,,,,,1,true
瑪麗醫院 行政大樓,瑪麗醫院 行政大樓,hospital,瑪麗醫院 行政大樓,,,,,,1,true
瑪麗醫院 護士宿舍 B 座,瑪麗醫院 護士宿舍 B 座,hospital,瑪麗醫院 護士宿舍 B 座,,,,,,1,true
瑪麗醫院精神科藥物濫用診所(瑪麗醫院),瑪麗醫院精神科藥物濫用診所(瑪麗醫院),hospital,瑪麗醫院精神科藥物濫用診所(瑪麗醫院),,,,,,1,true
瑪麗醫院 (停車場),瑪麗醫院 (停車場),hospital,瑪麗醫院 (停車場),,,,,,1,true
瑪麗醫院(支援離院長者綜合服務、紓緩治療服務、醫教社同心協作計劃),瑪麗醫院(支援離院長者綜合服務、紓緩治療服務、醫教社同心協作計劃),hospital,瑪麗醫院(支援離院長者綜合服務、紓緩治療服務、醫教社同心協作計劃),,,,,,1,true
瑪麗醫院護士宿舍C座 (別稱),瑪麗醫院護士宿舍C座 (別稱),hospital,瑪麗醫院護士宿舍C座 (別稱),,,,,,1,true
瑪麗醫院男護士宿舍B座 (別稱),瑪麗醫院男護士宿舍B座 (別稱),hospital,瑪麗醫院男護士宿舍B座 (別稱),,,,,,1,true
瑪麗醫院精神科藥物濫用診所(戴麟趾康復中心),瑪麗醫院精神科藥物濫用診所(戴麟趾康復中心),hospital,瑪麗醫院精神科藥物濫用診所(戴麟趾康復中心),,,,,,1,true
回收機構及收集點： 瑪麗醫院,回收機構及收集點： 瑪麗醫院,hospital,回收機構及收集點： 瑪麗醫院,,,,,,1,true
Wi-Fi.HK 熱點位置: 瑪麗醫院,Wi-Fi.HK 熱點位置: 瑪麗醫院,hospital,Wi-Fi.HK 熱點位置: 瑪麗醫院,,,,,,1,true
葛量洪醫院盧方小寶眼科中心,葛量洪醫院盧方小寶眼科中心,hospital,葛量洪醫院盧方小寶眼科中心,,,,,,1,true
屯門醫院日間醫療中心,屯門醫院日間醫療中心,hospital,屯門醫院日間醫療中心,,,,,,1,true
安康醫療中建大廈,安康醫療中建大廈,hospital,安康醫療中建大廈,,,,,,1,true
Metro Medical Centre,Metro Medical Centre,hospital,Metro Medical Centre,,,,,,1,true
CENTRAL INTEGRATED CLINIC,CENTRAL INTEGRATED CLINIC,hospital,CENTRAL INTEGRATED CLINIC,,,,,,1,true
開心大本營心靈健康中心有限公司,開心大本營心靈健康中心有限公司,hospital,開心大本營心靈健康中心有限公司,,,,,,1,true
莊柏醫療,莊柏醫療,hospital,莊柏醫療,,,,,,1,true
莊柏醫療(荃灣綠楊),莊柏醫療(荃灣綠楊),hospital,莊柏醫療(荃灣綠楊),,,,,,1,true
政府統計處辦事處總部,政府統計處辦事處總部,governmentOffice,政府統計處辦事處總部,,,,,,1,true
高等及區域法院感化辦事處,高等及區域法院感化辦事處,governmentOffice,高等及區域法院感化辦事處,,,,,,1,true
回收機構及收集點： 灣仔政府大樓,回收機構及收集點： 灣仔政府大樓,governmentOffice,回收機構及收集點： 灣仔政府大樓,,,,,,1,true
Wi-Fi.HK 熱點位置: 灣仔政府大樓,Wi-Fi.HK 熱點位置: 灣仔政府大樓,governmentOffice,Wi-Fi.HK 熱點位置: 灣仔政府大樓,,,,,,1,true
Wi-Fi.HK 熱點位置: 灣仔法院,Wi-Fi.HK 熱點位置: 灣仔法院,governmentOffice,Wi-Fi.HK 熱點位置: 灣仔法院,,,,,,1,true
琼山賓館,琼山賓館,hotel,琼山賓館,,,,,,1,true
都會海逸酒店,都會海逸酒店,hotel,都會海逸酒店,,,,,,1,true
郵輪酒店,郵輪酒店,hotel,郵輪酒店,,,,,,1,true
華威酒店,華威酒店,hotel,華威酒店,,,,,,1,true
聖地牙哥酒店,聖地牙哥酒店,hotel,聖地牙哥酒店,,,,,,1,true
香港天際萬豪酒店,香港天際萬豪酒店,hotel,香港天際萬豪酒店,,,,,,1,true
華爾概念酒店,華爾概念酒店,hotel,華爾概念酒店,,,,,,1,true
英皇駿景酒店,英皇駿景酒店,hotel,英皇駿景酒店,,,,,,1,true
荃灣西如心酒店,荃灣西如心酒店,hotel,荃灣西如心酒店,,,,,,1,true
萬麗海景酒店,萬麗海景酒店,hotel,萬麗海景酒店,,,,,,1,true
香港海洋公園萬豪酒店,香港海洋公園萬豪酒店,hotel,香港海洋公園萬豪酒店,,,,,,1,true
M1酒店 (前稱),M1酒店 (前稱),hotel,M1酒店 (前稱),,,,,,1,true
棉登壹號酒店 (前稱),棉登壹號酒店 (前稱),hotel,棉登壹號酒店 (前稱),,,,,,1,true
雅苑賓館 (前稱),雅苑賓館 (前稱),hotel,雅苑賓館 (前稱),,,,,,1,true
香港銅鑼灣海景酒店 (前稱),香港銅鑼灣海景酒店 (前稱),hotel,香港銅鑼灣海景酒店 (前稱),,,,,,1,true
香港灣仔睿景酒店,香港灣仔睿景酒店,hotel,香港灣仔睿景酒店,,,,,,1,true
麗豪航天城酒店,麗豪航天城酒店,hotel,麗豪航天城酒店,,,,,,1,true
香港盛庭酒店公寓,香港盛庭酒店公寓,hotel,香港盛庭酒店公寓,,,,,,1,true
香港富麗敦海洋公園酒店,香港富麗敦海洋公園酒店,hotel,香港富麗敦海洋公園酒店,,,,,,1,true
香港遠東絲麗酒店,香港遠東絲麗酒店,hotel,香港遠東絲麗酒店,,,,,,1,true
香港W酒店,香港W酒店,hotel,香港W酒店,,,,,,1,true
香港寶御酒店 (別稱),香港寶御酒店 (別稱),hotel,香港寶御酒店 (別稱),,,,,,1,true
香港中華鼎美精品賓館,香港中華鼎美精品賓館,hotel,香港中華鼎美精品賓館,,,,,,1,true
麗東賓館,麗東賓館,hotel,麗東賓館,,,,,,1,true
金屋酒店,金屋酒店,hotel,金屋酒店,,,,,,1,true
香港遨凱酒店,香港遨凱酒店,hotel,香港遨凱酒店,,,,,,1,true
銀鑛灣渡假酒店,銀鑛灣渡假酒店,hotel,銀鑛灣渡假酒店,,,,,,1,true
香港啟德帝盛酒店,香港啟德帝盛酒店,hotel,香港啟德帝盛酒店,,,,,,1,true
香港荃灣帝盛酒店,香港荃灣帝盛酒店,hotel,香港荃灣帝盛酒店,,,,,,1,true
香港凱悅酒店 - 沙田,香港凱悅酒店 - 沙田,hotel,香港凱悅酒店 - 沙田,,,,,,1,true
荃灣遠東絲麗酒店,荃灣遠東絲麗酒店,hotel,荃灣遠東絲麗酒店,,,,,,1,true
香港沙田萬怡酒店,香港沙田萬怡酒店,hotel,香港沙田萬怡酒店,,,,,,1,true
雅悉酒店,雅悉酒店,hotel,雅悉酒店,,,,,,1,true
輝豪酒店,輝豪酒店,hotel,輝豪酒店,,,,,,1,true
香港逸東酒店,香港逸東酒店,hotel,香港逸東酒店,,,,,,1,true
逸東酒店 (前稱),逸東酒店 (前稱),hotel,逸東酒店 (前稱),,,,,,1,true
逸東酒店,逸東酒店,hotel,逸東酒店,,,,,,1,true
豪東酒店 (前稱),豪東酒店 (前稱),hotel,豪東酒店 (前稱),,,,,,1,true
觀塘麗東酒店 (前稱),觀塘麗東酒店 (前稱),hotel,觀塘麗東酒店 (前稱),,,,,,1,true
華美粵海酒店,華美粵海酒店,hotel,華美粵海酒店,,,,,,1,true
香港華美粵海酒店,香港華美粵海酒店,hotel,香港華美粵海酒店,,,,,,1,true
香港粵海酒店 (別稱),香港粵海酒店 (別稱),hotel,香港粵海酒店 (別稱),,,,,,1,true
龍華酒店,龍華酒店,hotel,龍華酒店,,,,,,1,true
香港珀麗酒店,香港珀麗酒店,hotel,香港珀麗酒店,,,,,,1,true
遠東絲麗酒店,遠東絲麗酒店,hotel,遠東絲麗酒店,,,,,,1,true
荃灣絲麗酒店,荃灣絲麗酒店,hotel,荃灣絲麗酒店,,,,,,1,true
華美達華麗酒店,華美達華麗酒店,hotel,華美達華麗酒店,,,,,,1,true
香港瑰麗酒店,香港瑰麗酒店,hotel,香港瑰麗酒店,,,,,,1,true
香港荃灣絲麗酒店,香港荃灣絲麗酒店,hotel,香港荃灣絲麗酒店,,,,,,1,true
華麗酒店 (別稱),華麗酒店 (別稱),hotel,華麗酒店 (別稱),,,,,,1,true
華麗酒店 (前稱),華麗酒店 (前稱),hotel,華麗酒店 (前稱),,,,,,1,true
香港瑰麗酒店 (別稱),香港瑰麗酒店 (別稱),hotel,香港瑰麗酒店 (別稱),,,,,,1,true
香港海景絲麗酒店 (前稱),香港海景絲麗酒店 (前稱),hotel,香港海景絲麗酒店 (前稱),,,,,,1,true
香港荃灣絲麗酒店 (別稱),香港荃灣絲麗酒店 (別稱),hotel,香港荃灣絲麗酒店 (別稱),,,,,,1,true
香港西九龍絲麗酒店 (前稱),香港西九龍絲麗酒店 (前稱),hotel,香港西九龍絲麗酒店 (前稱),,,,,,1,true
香港數碼港艾美酒店,香港數碼港艾美酒店,hotel,香港數碼港艾美酒店,,,,,,1,true
香港華美酒店 (前稱),香港華美酒店 (前稱),hotel,香港華美酒店 (前稱),,,,,,1,true
華美達盛景酒店,華美達盛景酒店,hotel,華美達盛景酒店,,,,,,1,true
華美達海景酒店,華美達海景酒店,hotel,華美達海景酒店,,,,,,1,true
銅鑼灣利景酒店,銅鑼灣利景酒店,hotel,銅鑼灣利景酒店,,,,,,1,true
香港九龍維景酒店,香港九龍維景酒店,hotel,香港九龍維景酒店,,,,,,1,true
香港旺角維景酒店,香港旺角維景酒店,hotel,香港旺角維景酒店,,,,,,1,true
隆堡麗景酒店,隆堡麗景酒店,hotel,隆堡麗景酒店,,,,,,1,true
香港銅鑼灣維景酒店,香港銅鑼灣維景酒店,hotel,香港銅鑼灣維景酒店,,,,,,1,true
萬麗海景酒店 (前稱),萬麗海景酒店 (前稱),hotel,萬麗海景酒店 (前稱),,,,,,1,true
麗景酒店 (前稱),麗景酒店 (前稱),hotel,麗景酒店 (前稱),,,,,,1,true
華大海景酒店 (前稱),華大海景酒店 (前稱),hotel,華大海景酒店 (前稱),,,,,,1,true
隆堡麗景酒店 (前稱),隆堡麗景酒店 (前稱),hotel,隆堡麗景酒店 (前稱),,,,,,1,true
華麗海景酒店 (前稱),華麗海景酒店 (前稱),hotel,華麗海景酒店 (前稱),,,,,,1,true
寶軒酒店(中環),寶軒酒店(中環),hotel,寶軒酒店(中環),,,,,,1,true
Ovolo Hotel,Ovolo Hotel,hotel,Ovolo Hotel,,,,,,1,true
中環麗柏酒店 (前稱),中環麗柏酒店 (前稱),hotel,中環麗柏酒店 (前稱),,,,,,1,true
LAN KWAI FONG HOTEL,LAN KWAI FONG HOTEL,hotel,LAN KWAI FONG HOTEL,,,,,,1,true
置地文華東方酒店 (別稱),置地文華東方酒店 (別稱),hotel,置地文華東方酒店 (別稱),,,,,,1,true
四季酒店,四季酒店,hotel,四季酒店,,,,,,1,true
香港灣仔帝盛酒店,香港灣仔帝盛酒店,hotel,香港灣仔帝盛酒店,,,,,,1,true
華麗銅鑼灣酒店,華麗銅鑼灣酒店,hotel,華麗銅鑼灣酒店,,,,,,1,true
HOTEL INDIGO HONG KONG ISLAND,HOTEL INDIGO HONG KONG ISLAND,hotel,HOTEL INDIGO HONG KONG ISLAND,,,,,,1,true
Wi-Fi.HK 熱點位置: 合和酒店,Wi-Fi.HK 熱點位置: 合和酒店,hotel,Wi-Fi.HK 熱點位置: 合和酒店,,,,,,1,true
旭逸酒店･銅鑼灣 (前稱),旭逸酒店･銅鑼灣 (前稱),hotel,旭逸酒店･銅鑼灣 (前稱),,,,,,1,true
富豪香港酒店,富豪香港酒店,hotel,富豪香港酒店,,,,,,1,true
油麻地戲院,油麻地戲院,artsVenue,油麻地戲院,,,,,,1,true
表演藝術樓,表演藝術樓,artsVenue,表演藝術樓,,,,,,1,true
饒宗頤文化館I座,饒宗頤文化館I座,artsVenue,饒宗頤文化館I座,,,,,,1,true
饒宗頤文化館F座,饒宗頤文化館F座,artsVenue,饒宗頤文化館F座,,,,,,1,true
饒宗頤文化館G座,饒宗頤文化館G座,artsVenue,饒宗頤文化館G座,,,,,,1,true
饒宗頤文化館H座,饒宗頤文化館H座,artsVenue,饒宗頤文化館H座,,,,,,1,true
饒宗頤文化館J座,饒宗頤文化館J座,artsVenue,饒宗頤文化館J座,,,,,,1,true
饒宗頤文化館K座,饒宗頤文化館K座,artsVenue,饒宗頤文化館K座,,,,,,1,true
饒宗頤文化館L座,饒宗頤文化館L座,artsVenue,饒宗頤文化館L座,,,,,,1,true
饒宗頤文化館N座,饒宗頤文化館N座,artsVenue,饒宗頤文化館N座,,,,,,1,true
饒宗頤文化館保育館,饒宗頤文化館保育館,artsVenue,饒宗頤文化館保育館,,,,,,1,true
饒宗頤文化館藝術館,饒宗頤文化館藝術館,artsVenue,饒宗頤文化館藝術館,,,,,,1,true
饒宗頤文化館上區,饒宗頤文化館上區,artsVenue,饒宗頤文化館上區,,,,,,1,true
饒宗頤文化館下區,饒宗頤文化館下區,artsVenue,饒宗頤文化館下區,,,,,,1,true
饒宗頤文化館中區,饒宗頤文化館中區,artsVenue,饒宗頤文化館中區,,,,,,1,true
保良局獅子會體育館,保良局獅子會體育館,artsVenue,保良局獅子會體育館,,,,,,1,true
威廉國際幼兒樂園,威廉國際幼兒樂園,themePark,威廉國際幼兒樂園,,,,,,1,true
Wi-Fi.HK 熱點位置: 海洋公園 - 怡慶坊,Wi-Fi.HK 熱點位置: 海洋公園 - 怡慶坊,themePark,Wi-Fi.HK 熱點位置: 海洋公園 - 怡慶坊,,,,,,1,true
啟德１號（Ｉ）,啟德１號（Ｉ）,majorDestination,啟德１號（Ｉ）,,,,,,1,true
馬鞍山公共圖書館,馬鞍山公共圖書館,majorDestination,馬鞍山公共圖書館,,,,,,1,true
馬鞍山特別地區,馬鞍山特別地區,majorDestination,馬鞍山特別地區,,,,,,1,true
馬鞍山運動場,馬鞍山運動場,majorDestination,馬鞍山運動場,,,,,,1,true
馬灣古代稅關遺址,馬灣古代稅關遺址,majorDestination,馬灣古代稅關遺址,,,,,,1,true
馬灣公園挪亞方舟,馬灣公園挪亞方舟,majorDestination,馬灣公園挪亞方舟,,,,,,1,true
馬灣東灣泳灘,馬灣東灣泳灘,majorDestination,馬灣東灣泳灘,,,,,,1,true
銀杏館 (油麻地店．越老),銀杏館 (油麻地店．越老),majorDestination,銀杏館 (油麻地店．越老),,,,,,1,true
N座,N座,majorDestination,N座,,,,,,1,true
石崗軍營N座,石崗軍營N座,majorDestination,石崗軍營N座,,,,,,1,true
綠悅N屋,綠悅N屋,majorDestination,綠悅N屋,,,,,,1,true
泓山N號屋,泓山N號屋,majorDestination,泓山N號屋,,,,,,1,true
藍城N座,藍城N座,majorDestination,藍城N座,,,,,,1,true
縉瑤N座,縉瑤N座,majorDestination,縉瑤N座,,,,,,1,true
東蘆N座,東蘆N座,majorDestination,東蘆N座,,,,,,1,true
祥園(I-N),祥園(I-N),majorDestination,祥園(I-N),,,,,,1,true
喜靈洲職員宿舍N座,喜靈洲職員宿舍N座,majorDestination,喜靈洲職員宿舍N座,,,,,,1,true
新港城N座,新港城N座,majorDestination,新港城N座,,,,,,1,true
攸美山莊N座,攸美山莊N座,majorDestination,攸美山莊N座,,,,,,1,true
富栢豪園N座,富栢豪園N座,majorDestination,富栢豪園N座,,,,,,1,true
翠麗豪園N座,翠麗豪園N座,majorDestination,翠麗豪園N座,,,,,,1,true
蔚麗山莊N座,蔚麗山莊N座,majorDestination,蔚麗山莊N座,,,,,,1,true
匯駿山莊N座,匯駿山莊N座,majorDestination,匯駿山莊N座,,,,,,1,true
石澳泳灘,石澳泳灘,majorDestination,石澳泳灘,,,,,,1,true
石澳海角郊遊區,石澳海角郊遊區,majorDestination,石澳海角郊遊區,,,,,,1,true
大澳公共圖書館,大澳公共圖書館,majorDestination,大澳公共圖書館,,,,,,1,true
大澳鄉事委員會,大澳鄉事委員會,majorDestination,大澳鄉事委員會,,,,,,1,true
二澳農作社,二澳農作社,majorDestination,二澳農作社,,,,,,1,true
大澳具考古研究價值的地點,大澳具考古研究價值的地點,majorDestination,大澳具考古研究價值的地點,,,,,,1,true
千色-將軍澳店,千色-將軍澳店,majorDestination,千色-將軍澳店,,,,,,1,true
城巴將軍澳車廠,城巴將軍澳車廠,majorDestination,城巴將軍澳車廠,,,,,,1,true
將軍澳公共圖書館,將軍澳公共圖書館,majorDestination,將軍澳公共圖書館,,,,,,1,true
將軍澳運動場,將軍澳運動場,majorDestination,將軍澳運動場,,,,,,1,true
和悅會(將軍澳),和悅會(將軍澳),majorDestination,和悅會(將軍澳),,,,,,1,true
G. P. MOTOR CO. LIMITED,G. P. MOTOR CO. LIMITED,majorDestination,G. P. MOTOR CO. LIMITED,,,,,,1,true
綠在大埔,綠在大埔,majorDestination,綠在大埔,,,,,,1,true
深水埗,深水埗,majorDestination,深水埗,,,,,,1,true
電腦洗車屋 (大埔),電腦洗車屋 (大埔),majorDestination,電腦洗車屋 (大埔),,,,,,1,true
綠在深水埗,綠在深水埗,majorDestination,綠在深水埗,,,,,,1,true
綠在大埔墟,綠在大埔墟,majorDestination,綠在大埔墟,,,,,,1,true
綠在新蒲崗,綠在新蒲崗,majorDestination,綠在新蒲崗,,,,,,1,true
深水埗公園,深水埗公園,majorDestination,深水埗公園,,,,,,1,true
大埔派遞局,大埔派遞局,majorDestination,大埔派遞局,,,,,,1,true
大埔運動場,大埔運動場,majorDestination,大埔運動場,,,,,,1,true
大埔頭遊樂場,大埔頭遊樂場,majorDestination,大埔頭遊樂場,,,,,,1,true
綠悅Q屋,綠悅Q屋,majorDestination,綠悅Q屋,,,,,,1,true
喜靈洲職員宿舍Q座,喜靈洲職員宿舍Q座,majorDestination,喜靈洲職員宿舍Q座,,,,,,1,true
縉瑤Q座,縉瑤Q座,majorDestination,縉瑤Q座,,,,,,1,true
新港城Q座,新港城Q座,majorDestination,新港城Q座,,,,,,1,true
蔚麗山莊Q座,蔚麗山莊Q座,majorDestination,蔚麗山莊Q座,,,,,,1,true
匯駿山莊Q座,匯駿山莊Q座,majorDestination,匯駿山莊Q座,,,,,,1,true
Pattaya Block Q,Pattaya Block Q,majorDestination,Pattaya Block Q,,,,,,1,true
金子山莊Q座,金子山莊Q座,majorDestination,金子山莊Q座,,,,,,1,true
新港城第三期,新港城第三期,majorDestination,新港城第三期,,,,,,1,true
志恒汽車服務公司,志恒汽車服務公司,majorDestination,志恒汽車服務公司,,,,,,1,true
新興汽車服務,新興汽車服務,majorDestination,新興汽車服務,,,,,,1,true
定安護老院有限公司,定安護老院有限公司,majorDestination,定安護老院有限公司,,,,,,1,true
7-11便利店-馬鞍山,7-11便利店-馬鞍山,majorDestination,7-11便利店-馬鞍山,,,,,,1,true
回收機構及收集點： CSL 專門店,回收機構及收集點： CSL 專門店,majorDestination,回收機構及收集點： CSL 專門店,,,,,,1,true
R座,R座,majorDestination,R座,,,,,,1,true
探索號R,探索號R,majorDestination,探索號R,,,,,,1,true
喜靈洲職員宿舍R座,喜靈洲職員宿舍R座,majorDestination,喜靈洲職員宿舍R座,,,,,,1,true
新港城R座,新港城R座,majorDestination,新港城R座,,,,,,1,true
攸美山莊R座,攸美山莊R座,majorDestination,攸美山莊R座,,,,,,1,true
翠麗豪園R座,翠麗豪園R座,majorDestination,翠麗豪園R座,,,,,,1,true
蔚麗山莊R座,蔚麗山莊R座,majorDestination,蔚麗山莊R座,,,,,,1,true
木的地·Ｒ,木的地·Ｒ,majorDestination,木的地·Ｒ,,,,,,1,true
Pattaya Block R,Pattaya Block R,majorDestination,Pattaya Block R,,,,,,1,true
金子山莊R座,金子山莊R座,majorDestination,金子山莊R座,,,,,,1,true
格林伯格樓,格林伯格樓,majorDestination,格林伯格樓,,,,,,1,true
半春園應變控制室,半春園應變控制室,majorDestination,半春園應變控制室,,,,,,1,true
伸手助人協會維拉荻茜麗瑤護老院,伸手助人協會維拉荻茜麗瑤護老院,majorDestination,伸手助人協會維拉荻茜麗瑤護老院,,,,,,1,true
北角配水庫遊樂場,北角配水庫遊樂場,majorDestination,北角配水庫遊樂場,,,,,,1,true
文記車行,文記車行,majorDestination,文記車行,,,,,,1,true
體育係,體育係,majorDestination,體育係,,,,,,1,true
動物社企,動物社企,majorDestination,動物社企,,,,,,1,true
社企吧！,社企吧！,majorDestination,社企吧！,,,,,,1,true
2hand,2hand,majorDestination,2hand,,,,,,1,true
931SMD,931SMD,majorDestination,931SMD,,,,,,1,true
藝全人,藝全人,majorDestination,藝全人,,,,,,1,true
AIVR,AIVR,majorDestination,AIVR,,,,,,1,true
再生玩具店,再生玩具店,majorDestination,再生玩具店,,,,,,1,true
創藝館,創藝館,majorDestination,創藝館,,,,,,1,true
Beetales,Beetales,majorDestination,Beetales,,,,,,1,true
Biohap,Biohap,majorDestination,Biohap,,,,,,1,true
亮點,亮點,majorDestination,亮點,,,,,,1,true
低碳關懷標籤,低碳關懷標籤,majorDestination,低碳關懷標籤,,,,,,1,true
真識玩,真識玩,majorDestination,真識玩,,,,,,1,true
好師傅,好師傅,majorDestination,好師傅,,,,,,1,true
窰匠手作,窰匠手作,majorDestination,窰匠手作,,,,,,1,true
煮一煮,煮一煮,majorDestination,煮一煮,,,,,,1,true
drinks330,drinks330,majorDestination,drinks330,,,,,,1,true
浴室易,浴室易,majorDestination,浴室易,,,,,,1,true
生態巴士,生態巴士,majorDestination,生態巴士,,,,,,1,true
生態旅遊330,生態旅遊330,majorDestination,生態旅遊330,,,,,,1,true
Edvanced,Edvanced,majorDestination,Edvanced,,,,,,1,true
川上農莊,川上農莊,majorDestination,川上農莊,,,,,,1,true
家務快,家務快,majorDestination,家務快,,,,,,1,true
妳想煮意,妳想煮意,majorDestination,妳想煮意,,,,,,1,true
魚菜科學園,魚菜科學園,majorDestination,魚菜科學園,,,,,,1,true
膳動衡,膳動衡,majorDestination,膳動衡,,,,,,1,true
蠶豆坊,蠶豆坊,majorDestination,蠶豆坊,,,,,,1,true
綠色小腳板,綠色小腳板,majorDestination,綠色小腳板,,,,,,1,true
綠惜超級市場,綠惜超級市場,majorDestination,綠惜超級市場,,,,,,1,true
手工藝禮品,手工藝禮品,majorDestination,手工藝禮品,,,,,,1,true
每悅事,每悅事,majorDestination,每悅事,,,,,,1,true
樂繽fun,樂繽fun,majorDestination,樂繽fun,,,,,,1,true
好好生活,好好生活,majorDestination,好好生活,,,,,,1,true
iBakery 愛烘焙麵包工房,iBakery 愛烘焙麵包工房,majorDestination,iBakery 愛烘焙麵包工房,,,,,,1,true
愛火花,愛火花,majorDestination,愛火花,,,,,,1,true
傳心社,傳心社,majorDestination,傳心社,,,,,,1,true
inno330,inno330,majorDestination,inno330,,,,,,1,true
歡樂家族,歡樂家族,majorDestination,歡樂家族,,,,,,1,true
KIBO,KIBO,majorDestination,KIBO,,,,,,1,true
山.海.關,山.海.關,majorDestination,山.海.關,,,,,,1,true
樂活易,樂活易,majorDestination,樂活易,,,,,,1,true
MakerBay,MakerBay,majorDestination,MakerBay,,,,,,1,true
喜靈洲職員宿舍T座,喜靈洲職員宿舍T座,majorDestination,喜靈洲職員宿舍T座,,,,,,1,true
攸美山莊T座,攸美山莊T座,majorDestination,攸美山莊T座,,,,,,1,true
翠麗豪園T座,翠麗豪園T座,majorDestination,翠麗豪園T座,,,,,,1,true
蔚麗山莊T座,蔚麗山莊T座,majorDestination,蔚麗山莊T座,,,,,,1,true
T Town South 停車場,T Town South 停車場,majorDestination,T Town South 停車場,,,,,,1,true
T Town North 停車場,T Town North 停車場,majorDestination,T Town North 停車場,,,,,,1,true
菁雋,菁雋,majorDestination,菁雋,,,,,,1,true
流浮‧東寓A座,流浮‧東寓A座,majorDestination,流浮‧東寓A座,,,,,,1,true
流浮‧東寓B座,流浮‧東寓B座,majorDestination,流浮‧東寓B座,,,,,,1,true
流浮‧東寓C座,流浮‧東寓C座,majorDestination,流浮‧東寓C座,,,,,,1,true
流浮‧東寓D座,流浮‧東寓D座,majorDestination,流浮‧東寓D座,,,,,,1,true
T Town North,T Town North,majorDestination,T Town North,,,,,,1,true
T Town South,T Town South,majorDestination,T Town South,,,,,,1,true
新界車房,新界車房,majorDestination,新界車房,,,,,,1,true
啟德‧東寓,啟德‧東寓,majorDestination,啟德‧東寓,,,,,,1,true
流浮‧東寓,流浮‧東寓,majorDestination,流浮‧東寓,,,,,,1,true
樂和·東寓,樂和·東寓,majorDestination,樂和·東寓,,,,,,1,true
雅麗豪庭第六期T座,雅麗豪庭第六期T座,majorDestination,雅麗豪庭第六期T座,,,,,,1,true
翠麗豪園U座,翠麗豪園U座,majorDestination,翠麗豪園U座,,,,,,1,true
U Corner,U Corner,majorDestination,U Corner,,,,,,1,true
捉魚排,捉魚排,majorDestination,捉魚排,,,,,,1,true
九如坊北,九如坊北,majorDestination,九如坊北,,,,,,1,true
九如坊西,九如坊西,majorDestination,九如坊西,,,,,,1,true
聯邦物流（香港）有限公司,聯邦物流（香港）有限公司,majorDestination,聯邦物流（香港）有限公司,,,,,,1,true
有成汽車公司,有成汽車公司,majorDestination,有成汽車公司,,,,,,1,true
裕民薈,裕民薈,majorDestination,裕民薈,,,,,,1,true
U購Select-將軍澳藍塘傲分店,U購Select-將軍澳藍塘傲分店,majorDestination,U購Select-將軍澳藍塘傲分店,,,,,,1,true
悉護專業護理服務有限公司,悉護專業護理服務有限公司,majorDestination,悉護專業護理服務有限公司,,,,,,1,true
湛山寺慈德安老院,湛山寺慈德安老院,majorDestination,湛山寺慈德安老院,,,,,,1,true
地底海水泵房,地底海水泵房,majorDestination,地底海水泵房,,,,,,1,true
再來旅社,再來旅社,majorDestination,再來旅社,,,,,,1,true
第五座,第五座,majorDestination,第五座,,,,,,1,true
數碼港五座,數碼港五座,majorDestination,數碼港五座,,,,,,1,true
五號屋,五號屋,majorDestination,五號屋,,,,,,1,true
五號貨櫃碼頭,五號貨櫃碼頭,majorDestination,五號貨櫃碼頭,,,,,,1,true
碧濤第5座,碧濤第5座,majorDestination,碧濤第5座,,,,,,1,true
荔枝山５號,荔枝山５號,majorDestination,荔枝山５號,,,,,,1,true
Double Coast第5座,Double Coast第5座,majorDestination,Double Coast第5座,,,,,,1,true
世宙第五座,世宙第五座,majorDestination,世宙第五座,,,,,,1,true
翡翠別墅5座,翡翠別墅5座,majorDestination,翡翠別墅5座,,,,,,1,true
珀麗灣第5期,珀麗灣第5期,majorDestination,珀麗灣第5期,,,,,,1,true
海天灣5座,海天灣5座,majorDestination,海天灣5座,,,,,,1,true
5座,5座,majorDestination,5座,,,,,,1,true
KOKOHILLSPHASE1第五座,KOKOHILLSPHASE1第五座,majorDestination,KOKOHILLSPHASE1第五座,,,,,,1,true
創紀之城五期,創紀之城五期,majorDestination,創紀之城五期,,,,,,1,true
斌善豪園第5座,斌善豪園第5座,majorDestination,斌善豪園第5座,,,,,,1,true
貝沙灣5號屋,貝沙灣5號屋,majorDestination,貝沙灣5號屋,,,,,,1,true
石崗軍營5座,石崗軍營5座,majorDestination,石崗軍營5座,,,,,,1,true
海璇II第5座,海璇II第5座,majorDestination,海璇II第5座,,,,,,1,true
綠在太和,綠在太和,majorDestination,綠在太和,,,,,,1,true
太和A停車場,太和A停車場,majorDestination,太和A停車場,,,,,,1,true
太和B停車場,太和B停車場,majorDestination,太和B停車場,,,,,,1,true
智樂遊戲萬象館,智樂遊戲萬象館,majorDestination,智樂遊戲萬象館,,,,,,1,true
好時光,好時光,majorDestination,好時光,,,,,,1,true
自動車,自動車,majorDestination,自動車,,,,,,1,true
姊妹工房,姊妹工房,majorDestination,姊妹工房,,,,,,1,true
日本汽車玻璃公司,日本汽車玻璃公司,majorDestination,日本汽車玻璃公司,,,,,,1,true
碧濤第10座,碧濤第10座,majorDestination,碧濤第10座,,,,,,1,true
蔚陽第10座,蔚陽第10座,majorDestination,蔚陽第10座,,,,,,1,true
翡翠別墅10座,翡翠別墅10座,majorDestination,翡翠別墅10座,,,,,,1,true
第10座,第10座,majorDestination,第10座,,,,,,1,true
逸品10,逸品10,majorDestination,逸品10,,,,,,1,true
海天灣10座,海天灣10座,majorDestination,海天灣10座,,,,,,1,true
第十座,第十座,majorDestination,第十座,,,,,,1,true
斌善豪園第10座,斌善豪園第10座,majorDestination,斌善豪園第10座,,,,,,1,true
貝沙灣10號屋,貝沙灣10號屋,majorDestination,貝沙灣10號屋,,,,,,1,true
翠巒十,翠巒十,majorDestination,翠巒十,,,,,,1,true
翠峰10,翠峰10,majorDestination,翠峰10,,,,,,1,true
珀爵10,珀爵10,majorDestination,珀爵10,,,,,,1,true
柏逸10,柏逸10,majorDestination,柏逸10,,,,,,1,true
10座,10座,majorDestination,10座,,,,,,1,true
皇后山軍營第10座,皇后山軍營第10座,majorDestination,皇后山軍營第10座,,,,,,1,true
Grand Yoho 第10座,Grand Yoho 第10座,majorDestination,Grand Yoho 第10座,,,,,,1,true
柏橋10座,柏橋10座,majorDestination,柏橋10座,,,,,,1,true
御翠園10,御翠園10,majorDestination,御翠園10,,,,,,1,true
御海峰第10座,御海峰第10座,majorDestination,御海峰第10座,,,,,,1,true
盈峰灣10號,盈峰灣10號,majorDestination,盈峰灣10號,,,,,,1,true
星堤第10座,星堤第10座,majorDestination,星堤第10座,,,,,,1,true
銀海山莊10,銀海山莊10,majorDestination,銀海山莊10,,,,,,1,true
萬宜山莊10,萬宜山莊10,majorDestination,萬宜山莊10,,,,,,1,true
戈林第十座,戈林第十座,majorDestination,戈林第十座,,,,,,1,true
加多利園10,加多利園10,majorDestination,加多利園10,,,,,,1,true
南灣第十座,南灣第十座,majorDestination,南灣第十座,,,,,,1,true
玫瑰園10座,玫瑰園10座,majorDestination,玫瑰園10座,,,,,,1,true
嘉熙第10座,嘉熙第10座,majorDestination,嘉熙第10座,,,,,,1,true
豪園7-10,豪園7-10,majorDestination,豪園7-10,,,,,,1,true
綠在青衣,綠在青衣,majorDestination,綠在青衣,,,,,,1,true
青衣公園,青衣公園,majorDestination,青衣公園,,,,,,1,true
青衣蜆殼油庫,青衣蜆殼油庫,majorDestination,青衣蜆殼油庫,,,,,,1,true
青衣東北公園,青衣東北公園,majorDestination,青衣東北公園,,,,,,1,true
青衣公共圖書館,青衣公共圖書館,majorDestination,青衣公共圖書館,,,,,,1,true
青衣鄉事委員會,青衣鄉事委員會,majorDestination,青衣鄉事委員會,,,,,,1,true
青衣運動場,青衣運動場,majorDestination,青衣運動場,,,,,,1,true
青衣已婚警察宿舍,青衣已婚警察宿舍,majorDestination,青衣已婚警察宿舍,,,,,,1,true
青衣東北公園 - 門球場,青衣東北公園 - 門球場,majorDestination,青衣東北公園 - 門球場,,,,,,1,true
Z座,Z座,majorDestination,Z座,,,,,,1,true
(別稱),(別稱),majorDestination,(別稱),,,,,,1,true
零碳天地,零碳天地,majorDestination,零碳天地,,,,,,1,true
0_10手作,0_10手作,majorDestination,0_10手作,,,,,,1,true
捌零汽車服務,捌零汽車服務,majorDestination,捌零汽車服務,,,,,,1,true
渝川會所,渝川會所,majorDestination,渝川會所,,,,,,1,true
回收機構及收集點： 零碳天地,回收機構及收集點： 零碳天地,majorDestination,回收機構及收集點： 零碳天地,,,,,,1,true
康恩園(I),康恩園(I),majorDestination,康恩園(I),,,,,,1,true
Wi-Fi.HK 熱點位置: 零碳天地,Wi-Fi.HK 熱點位置: 零碳天地,majorDestination,Wi-Fi.HK 熱點位置: 零碳天地,,,,,,1,true
編號507郵箱,編號507郵箱,majorDestination,編號507郵箱,,,,,,1,true
縉瑤二期2座,縉瑤二期2座,majorDestination,縉瑤二期2座,,,,,,1,true
第二座,第二座,majorDestination,第二座,,,,,,1,true
第2座,第2座,majorDestination,第2座,,,,,,1,true
天巒2,天巒2,majorDestination,天巒2,,,,,,1,true
新都城第二期第二座,新都城第二期第二座,majorDestination,新都城第二期第二座,,,,,,1,true
峻瀅II,峻瀅II,majorDestination,峻瀅II,,,,,,1,true
天晉II,天晉II,majorDestination,天晉II,,,,,,1,true
2加拿分,2加拿分,majorDestination,2加拿分,,,,,,1,true
皇御灣二期,皇御灣二期,majorDestination,皇御灣二期,,,,,,1,true
海璇II第2座,海璇II第2座,majorDestination,海璇II第2座,,,,,,1,true
橋座室二,橋座室二,majorDestination,橋座室二,,,,,,1,true
龍園２區,龍園２區,majorDestination,龍園２區,,,,,,1,true
維港滙II第2座,維港滙II第2座,majorDestination,維港滙II第2座,,,,,,1,true
麗城薈2,麗城薈2,majorDestination,麗城薈2,,,,,,1,true
第2期 第2座,第2期 第2座,majorDestination,第2期 第2座,,,,,,1,true
瓏門第2期,瓏門第2期,majorDestination,瓏門第2期,,,,,,1,true
二號屋,二號屋,majorDestination,二號屋,,,,,,1,true
盛薈第二座,盛薈第二座,majorDestination,盛薈第二座,,,,,,1,true
二號貨櫃碼頭,二號貨櫃碼頭,majorDestination,二號貨櫃碼頭,,,,,,1,true
大埔舊墟遊樂場,大埔舊墟遊樂場,majorDestination,大埔舊墟遊樂場,,,,,,1,true
六號屋,六號屋,majorDestination,六號屋,,,,,,1,true
六號貨櫃碼頭,六號貨櫃碼頭,majorDestination,六號貨櫃碼頭,,,,,,1,true
碧濤第6座,碧濤第6座,majorDestination,碧濤第6座,,,,,,1,true
蔚陽第6座,蔚陽第6座,majorDestination,蔚陽第6座,,,,,,1,true
銀河灣畔6座,銀河灣畔6座,majorDestination,銀河灣畔6座,,,,,,1,true
偉賢薈六座,偉賢薈六座,majorDestination,偉賢薈六座,,,,,,1,true
翡翠別墅6座,翡翠別墅6座,majorDestination,翡翠別墅6座,,,,,,1,true
第6座,第6座,majorDestination,第6座,,,,,,1,true
6座,6座,majorDestination,6座,,,,,,1,true
第六座,第六座,majorDestination,第六座,,,,,,1,true
海天灣6座,海天灣6座,majorDestination,海天灣6座,,,,,,1,true
創紀之城六期,創紀之城六期,majorDestination,創紀之城六期,,,,,,1,true
雅麗豪庭第6期,雅麗豪庭第6期,majorDestination,雅麗豪庭第6期,,,,,,1,true
斌善豪園第6座,斌善豪園第6座,majorDestination,斌善豪園第6座,,,,,,1,true
貝沙灣6號屋,貝沙灣6號屋,majorDestination,貝沙灣6號屋,,,,,,1,true
石崗軍營6座,石崗軍營6座,majorDestination,石崗軍營6座,,,,,,1,true
翠巒六,翠巒六,majorDestination,翠巒六,,,,,,1,true
翠峰6,翠峰6,majorDestination,翠峰6,,,,,,1,true
珀爵6,珀爵6,majorDestination,珀爵6,,,,,,1,true
柏逸6,柏逸6,majorDestination,柏逸6,,,,,,1,true
皇后山軍營第6座,皇后山軍營第6座,majorDestination,皇后山軍營第6座,,,,,,1,true
七號貨櫃碼頭,七號貨櫃碼頭,majorDestination,七號貨櫃碼頭,,,,,,1,true
碧濤第7座,碧濤第7座,majorDestination,碧濤第7座,,,,,,1,true
嵐山第7座,嵐山第7座,majorDestination,嵐山第7座,,,,,,1,true
翡翠別墅7座,翡翠別墅7座,majorDestination,翡翠別墅7座,,,,,,1,true
海天灣7座,海天灣7座,majorDestination,海天灣7座,,,,,,1,true
第7座,第7座,majorDestination,第7座,,,,,,1,true
7座,7座,majorDestination,7座,,,,,,1,true
貝沙灣7號屋,貝沙灣7號屋,majorDestination,貝沙灣7號屋,,,,,,1,true
斌善豪園第7座,斌善豪園第7座,majorDestination,斌善豪園第7座,,,,,,1,true
第七座,第七座,majorDestination,第七座,,,,,,1,true
石崗軍營7座,石崗軍營7座,majorDestination,石崗軍營7座,,,,,,1,true
皇后山軍營第7座,皇后山軍營第7座,majorDestination,皇后山軍營第7座,,,,,,1,true
KOKO ROSSO第七座,KOKO ROSSO第七座,majorDestination,KOKO ROSSO第七座,,,,,,1,true
翠巒七,翠巒七,majorDestination,翠巒七,,,,,,1,true
珀爵7,珀爵7,majorDestination,珀爵7,,,,,,1,true
柏逸7,柏逸7,majorDestination,柏逸7,,,,,,1,true
沙田第一城第七座,沙田第一城第七座,majorDestination,沙田第一城第七座,,,,,,1,true
柏橋7座,柏橋7座,majorDestination,柏橋7座,,,,,,1,true
御翠園7,御翠園7,majorDestination,御翠園7,,,,,,1,true
高雲山莊7座,高雲山莊7座,majorDestination,高雲山莊7座,,,,,,1,true
半山捌號,半山捌號,majorDestination,半山捌號,,,,,,1,true
倚巒第八號屋,倚巒第八號屋,majorDestination,倚巒第八號屋,,,,,,1,true
八號貨櫃碼頭,八號貨櫃碼頭,majorDestination,八號貨櫃碼頭,,,,,,1,true
碧濤第8座,碧濤第8座,majorDestination,碧濤第8座,,,,,,1,true
蔚陽第8座,蔚陽第8座,majorDestination,蔚陽第8座,,,,,,1,true
翡翠別墅8座,翡翠別墅8座,majorDestination,翡翠別墅8座,,,,,,1,true
第8座,第8座,majorDestination,第8座,,,,,,1,true
第八座,第八座,majorDestination,第八座,,,,,,1,true
8座,8座,majorDestination,8座,,,,,,1,true
海天灣8座,海天灣8座,majorDestination,海天灣8座,,,,,,1,true
灝景灣第八座,灝景灣第八座,majorDestination,灝景灣第八座,,,,,,1,true
斌善豪園第8座,斌善豪園第8座,majorDestination,斌善豪園第8座,,,,,,1,true
貝沙灣8號屋,貝沙灣8號屋,majorDestination,貝沙灣8號屋,,,,,,1,true
8咪半,8咪半,majorDestination,8咪半,,,,,,1,true
翠巒八,翠巒八,majorDestination,翠巒八,,,,,,1,true
翠峰8,翠峰8,majorDestination,翠峰8,,,,,,1,true
珀爵8,珀爵8,majorDestination,珀爵8,,,,,,1,true
柏逸8,柏逸8,majorDestination,柏逸8,,,,,,1,true
石崗軍營8座,石崗軍營8座,majorDestination,石崗軍營8座,,,,,,1,true
德仁樓第八期,德仁樓第八期,majorDestination,德仁樓第八期,,,,,,1,true
碧濤第9座,碧濤第9座,majorDestination,碧濤第9座,,,,,,1,true
翡翠別墅9座,翡翠別墅9座,majorDestination,翡翠別墅9座,,,,,,1,true
第9座,第9座,majorDestination,第9座,,,,,,1,true
9座,9座,majorDestination,9座,,,,,,1,true
海天灣9座,海天灣9座,majorDestination,海天灣9座,,,,,,1,true
第九座,第九座,majorDestination,第九座,,,,,,1,true
貝沙灣9號屋,貝沙灣9號屋,majorDestination,貝沙灣9號屋,,,,,,1,true
翠巒九,翠巒九,majorDestination,翠巒九,,,,,,1,true
翠峰9,翠峰9,majorDestination,翠峰9,,,,,,1,true
珀爵9,珀爵9,majorDestination,珀爵9,,,,,,1,true
柏逸9,柏逸9,majorDestination,柏逸9,,,,,,1,true
皇后山軍營第9座,皇后山軍營第9座,majorDestination,皇后山軍營第9座,,,,,,1,true
柏橋9座,柏橋9座,majorDestination,柏橋9座,,,,,,1,true
盈峰灣9號,盈峰灣9號,majorDestination,盈峰灣9號,,,,,,1,true
星堤第9座,星堤第9座,majorDestination,星堤第9座,,,,,,1,true
銀海山莊9,銀海山莊9,majorDestination,銀海山莊9,,,,,,1,true
杏花新城,杏花新城,majorDestination,杏花新城,,,,,,1,true
碧堤坊,碧堤坊,majorDestination,碧堤坊,,,,,,1,true
銅鑼坊,銅鑼坊,majorDestination,銅鑼坊,,,,,,1,true
海逸坊,海逸坊,majorDestination,海逸坊,,,,,,1,true
啟德零售館１,啟德零售館１,majorDestination,啟德零售館１,,,,,,1,true
啟德零售館２,啟德零售館２,majorDestination,啟德零售館２,,,,,,1,true
啟德零售館３,啟德零售館３,majorDestination,啟德零售館３,,,,,,1,true
丰滙第一座,丰滙第一座,majorDestination,丰滙第一座,,,,,,1,true
丰滙第二座,丰滙第二座,majorDestination,丰滙第二座,,,,,,1,true
丰滙第三座,丰滙第三座,majorDestination,丰滙第三座,,,,,,1,true
栢慧豪園第一座,栢慧豪園第一座,majorDestination,栢慧豪園第一座,,,,,,1,true
栢慧豪園第二座,栢慧豪園第二座,majorDestination,栢慧豪園第二座,,,,,,1,true
栢慧豪園第三座,栢慧豪園第三座,majorDestination,栢慧豪園第三座,,,,,,1,true
栢慧豪園第五座,栢慧豪園第五座,majorDestination,栢慧豪園第五座,,,,,,1,true
栢慧豪園第六座,栢慧豪園第六座,majorDestination,栢慧豪園第六座,,,,,,1,true
邁亞美海灣第一座,邁亞美海灣第一座,majorDestination,邁亞美海灣第一座,,,,,,1,true
邁亞美海灣第二座,邁亞美海灣第二座,majorDestination,邁亞美海灣第二座,,,,,,1,true
邁亞美海灣第三座,邁亞美海灣第三座,majorDestination,邁亞美海灣第三座,,,,,,1,true
邁亞美海灣第四座,邁亞美海灣第四座,majorDestination,邁亞美海灣第四座,,,,,,1,true
邁亞美海灣第五座,邁亞美海灣第五座,majorDestination,邁亞美海灣第五座,,,,,,1,true
邁亞美海灣第六座,邁亞美海灣第六座,majorDestination,邁亞美海灣第六座,,,,,,1,true
港景峯第一座,港景峯第一座,majorDestination,港景峯第一座,,,,,,1,true
港景峯第二座,港景峯第二座,majorDestination,港景峯第二座,,,,,,1,true
港景峯第三座,港景峯第三座,majorDestination,港景峯第三座,,,,,,1,true
鐘樓,鐘樓,majorDestination,鐘樓,,,,,,1,true
進安樓,進安樓,majorDestination,進安樓,,,,,,1,true
香港神託會耀安宿舍,香港神託會耀安宿舍,majorDestination,香港神託會耀安宿舍,,,,,,1,true
香港心理衛生會廣福宿舍,香港心理衛生會廣福宿舍,majorDestination,香港心理衛生會廣福宿舍,,,,,,1,true
浸信會愛羣社會服務處欣羣樓宿舍,浸信會愛羣社會服務處欣羣樓宿舍,majorDestination,浸信會愛羣社會服務處欣羣樓宿舍,,,,,,1,true
浸信會愛羣社會服務處旭羣樓中途宿舍,浸信會愛羣社會服務處旭羣樓中途宿舍,majorDestination,浸信會愛羣社會服務處旭羣樓中途宿舍,,,,,,1,true
香港聖公會福利協會康恩園 (中途宿舍),香港聖公會福利協會康恩園 (中途宿舍),majorDestination,香港聖公會福利協會康恩園 (中途宿舍),,,,,,1,true
香港善導會秦石宿舍,香港善導會秦石宿舍,majorDestination,香港善導會秦石宿舍,,,,,,1,true
浸信會愛羣社會服務處樂羣樓宿舍,浸信會愛羣社會服務處樂羣樓宿舍,majorDestination,浸信會愛羣社會服務處樂羣樓宿舍,,,,,,1,true
香港心理衛生會李鄭屋宿舍,香港心理衛生會李鄭屋宿舍,majorDestination,香港心理衛生會李鄭屋宿舍,,,,,,1,true
香港心理衛生會艾齡樓,香港心理衛生會艾齡樓,majorDestination,香港心理衛生會艾齡樓,,,,,,1,true
香港明愛粉嶺宿舍,香港明愛粉嶺宿舍,majorDestination,香港明愛粉嶺宿舍,,,,,,1,true
香港心理衛生會彩雲宿舍,香港心理衛生會彩雲宿舍,majorDestination,香港心理衛生會彩雲宿舍,,,,,,1,true
藍地寵物公園,藍地寵物公園,majorDestination,藍地寵物公園,,,,,,1,true
香港動植物公園,香港動植物公園,majorDestination,香港動植物公園,,,,,,1,true
麒麟崗公眾公園,麒麟崗公眾公園,majorDestination,麒麟崗公眾公園,,,,,,1,true
荃灣公園,荃灣公園,majorDestination,荃灣公園,,,,,,1,true
死因裁判法庭,死因裁判法庭,majorDestination,死因裁判法庭,,,,,,1,true
荃灣海濱公園,荃灣海濱公園,majorDestination,荃灣海濱公園,,,,,,1,true
永寧籃球場,永寧籃球場,majorDestination,永寧籃球場,,,,,,1,true
輞井圍籃球場,輞井圍籃球場,majorDestination,輞井圍籃球場,,,,,,1,true
粉嶺臨時網球場,粉嶺臨時網球場,majorDestination,粉嶺臨時網球場,,,,,,1,true
西貢壁球場,西貢壁球場,majorDestination,西貢壁球場,,,,,,1,true
西貢網球場,西貢網球場,majorDestination,西貢網球場,,,,,,1,true
湖山網球場,湖山網球場,majorDestination,湖山網球場,,,,,,1,true
羅弼時爵士壁球場,羅弼時爵士壁球場,majorDestination,羅弼時爵士壁球場,,,,,,1,true
粉嶺遊樂場,粉嶺遊樂場,majorDestination,粉嶺遊樂場,,,,,,1,true
鯉魚門籃球場,鯉魚門籃球場,majorDestination,鯉魚門籃球場,,,,,,1,true
沙田賽馬會公眾壁球場,沙田賽馬會公眾壁球場,majorDestination,沙田賽馬會公眾壁球場,,,,,,1,true
豪園,豪園,majorDestination,豪園,,,,,,1,true
祥康園,祥康園,majorDestination,祥康園,,,,,,1,true
晶晶小築,晶晶小築,majorDestination,晶晶小築,,,,,,1,true
Ｓｔ·Ｇｅｏｒｇｅ＇ｓ Ｍａｎｓｉｏｎ 第一座,Ｓｔ·Ｇｅｏｒｇｅ＇ｓ Ｍａｎｓｉｏｎ 第一座,majorDestination,Ｓｔ·Ｇｅｏｒｇｅ＇ｓ Ｍａｎｓｉｏｎ 第一座,,,,,,1,true
Ｓｔ·Ｇｅｏｒｇｅ＇ｓ Ｍａｎｓｉｏｎｓ 第二座,Ｓｔ·Ｇｅｏｒｇｅ＇ｓ Ｍａｎｓｉｏｎｓ 第二座,majorDestination,Ｓｔ·Ｇｅｏｒｇｅ＇ｓ Ｍａｎｓｉｏｎｓ 第二座,,,,,,1,true
Ｓｔ·Ｇｅｏｒｇｅ＇ｓ Ｍａｎｓｉｏｎｓ 第三座,Ｓｔ·Ｇｅｏｒｇｅ＇ｓ Ｍａｎｓｉｏｎｓ 第三座,majorDestination,Ｓｔ·Ｇｅｏｒｇｅ＇ｓ Ｍａｎｓｉｏｎｓ 第三座,,,,,,1,true
福園,福園,majorDestination,福園,,,,,,1,true
獅子樓,獅子樓,majorDestination,獅子樓,,,,,,1,true
景香樓,景香樓,majorDestination,景香樓,,,,,,1,true
松福樓,松福樓,majorDestination,松福樓,,,,,,1,true
普利樓,普利樓,majorDestination,普利樓,,,,,,1,true
育賢坊,育賢坊,majorDestination,育賢坊,,,,,,1,true
蘇浙公學,蘇浙公學,majorDestination,蘇浙公學,,,,,,1,true
東華東院,東華東院,majorDestination,東華東院,,,,,,1,true
舂磡角慈氏護養院,舂磡角慈氏護養院,majorDestination,舂磡角慈氏護養院,,,,,,1,true
沙田慈氏護養院,沙田慈氏護養院,majorDestination,沙田慈氏護養院,,,,,,1,true
麥理浩復康院,麥理浩復康院,majorDestination,麥理浩復康院,,,,,,1,true
紫亭,紫亭,majorDestination,紫亭,,,,,,1,true
羅屋民俗館,羅屋民俗館,majorDestination,羅屋民俗館,,,,,,1,true
上窰民俗文物館,上窰民俗文物館,majorDestination,上窰民俗文物館,,,,,,1,true
香港科學館,香港科學館,majorDestination,香港科學館,,,,,,1,true
香港太空館,香港太空館,majorDestination,香港太空館,,,,,,1,true
茶具文物館,茶具文物館,majorDestination,茶具文物館,,,,,,1,true
孫中山紀念館,孫中山紀念館,majorDestination,孫中山紀念館,,,,,,1,true
香港電影資料館,香港電影資料館,majorDestination,香港電影資料館,,,,,,1,true
威威劇場,威威劇場,majorDestination,威威劇場,,,,,,1,true
高山劇場,高山劇場,majorDestination,高山劇場,,,,,,1,true
靈猴影院,靈猴影院,majorDestination,靈猴影院,,,,,,1,true
黃麗松講堂,黃麗松講堂,majorDestination,黃麗松講堂,,,,,,1,true
高山劇場新翼,高山劇場新翼,majorDestination,高山劇場新翼,,,,,,1,true
(前稱),(前稱),majorDestination,(前稱),,,,,,1,true
畢打行,畢打行,majorDestination,畢打行,,,,,,1,true
毓華護老院有限公司,毓華護老院有限公司,majorDestination,毓華護老院有限公司,,,,,,1,true
香港大球場,香港大球場,majorDestination,香港大球場,,,,,,1,true
啟德主場館,啟德主場館,majorDestination,啟德主場館,,,,,,1,true
旺角大球場,旺角大球場,majorDestination,旺角大球場,,,,,,1,true
旺角大球場 - 近售票處,旺角大球場 - 近售票處,majorDestination,旺角大球場 - 近售票處,,,,,,1,true
香港大球場 - 南主層M10厠所外,香港大球場 - 南主層M10厠所外,majorDestination,香港大球場 - 南主層M10厠所外,,,,,,1,true
香港大球場 - 東主層M2厠所外,香港大球場 - 東主層M2厠所外,majorDestination,香港大球場 - 東主層M2厠所外,,,,,,1,true
香港大球場 - 東主層M3厠所外,香港大球場 - 東主層M3厠所外,majorDestination,香港大球場 - 東主層M3厠所外,,,,,,1,true
香港大球場 - 東主層M7厠所外,香港大球場 - 東主層M7厠所外,majorDestination,香港大球場 - 東主層M7厠所外,,,,,,1,true
香港大球場 - 西主層M14厠所外,香港大球場 - 西主層M14厠所外,majorDestination,香港大球場 - 西主層M14厠所外,,,,,,1,true
香港大球場 - 西主層M18厠所外,香港大球場 - 西主層M18厠所外,majorDestination,香港大球場 - 西主層M18厠所外,,,,,,1,true
香港大球場 - 西主層M19厠所外,香港大球場 - 西主層M19厠所外,majorDestination,香港大球場 - 西主層M19厠所外,,,,,,1,true
香港大球場 - 東高層UE3厠所外,香港大球場 - 東高層UE3厠所外,majorDestination,香港大球場 - 東高層UE3厠所外,,,,,,1,true
香港大球場 - 東高層UE5厠所外,香港大球場 - 東高層UE5厠所外,majorDestination,香港大球場 - 東高層UE5厠所外,,,,,,1,true
香港大球場 - 西高層UW3厠所外,香港大球場 - 西高層UW3厠所外,majorDestination,香港大球場 - 西高層UW3厠所外,,,,,,1,true
香港大球場 - 西高層UW5厠所外,香港大球場 - 西高層UW5厠所外,majorDestination,香港大球場 - 西高層UW5厠所外,,,,,,1,true
主場館停車場,主場館停車場,majorDestination,主場館停車場,,,,,,1,true
旺角大球場廁所,旺角大球場廁所,majorDestination,旺角大球場廁所,,,,,,1,true
Wi-Fi.HK 熱點位置: 香港大球場,Wi-Fi.HK 熱點位置: 香港大球場,majorDestination,Wi-Fi.HK 熱點位置: 香港大球場,,,,,,1,true
Wi-Fi.HK 熱點位置: 旺角大球場,Wi-Fi.HK 熱點位置: 旺角大球場,majorDestination,Wi-Fi.HK 熱點位置: 旺角大球場,,,,,,1,true
香港板球,香港板球,majorDestination,香港板球,,,,,,1,true
香港射箭總會,香港射箭總會,majorDestination,香港射箭總會,,,,,,1,true
香港劍擊總會,香港劍擊總會,majorDestination,香港劍擊總會,,,,,,1,true
香港欖球總會,香港欖球總會,majorDestination,香港欖球總會,,,,,,1,true
香港帆船運動總會,香港帆船運動總會,majorDestination,香港帆船運動總會,,,,,,1,true
香港射擊聯合總會,香港射擊聯合總會,majorDestination,香港射擊聯合總會,,,,,,1,true
香港羽毛球總會有限公司,香港羽毛球總會有限公司,majorDestination,香港羽毛球總會有限公司,,,,,,1,true
香港籃球總會有限公司,香港籃球總會有限公司,majorDestination,香港籃球總會有限公司,,,,,,1,true
香港拳擊總會有限公司,香港拳擊總會有限公司,majorDestination,香港拳擊總會有限公司,,,,,,1,true
香港高爾夫球總會有限公司,香港高爾夫球總會有限公司,majorDestination,香港高爾夫球總會有限公司,,,,,,1,true
香港小型賽車會有限公司,香港小型賽車會有限公司,majorDestination,香港小型賽車會有限公司,,,,,,1,true
西沙Go Park,西沙Go Park,majorDestination,西沙Go Park,,,,,,1,true
東岸公園 (第一期),東岸公園 (第一期),majorDestination,東岸公園 (第一期),,,,,,1,true
西貢海濱公園,西貢海濱公園,majorDestination,西貢海濱公園,,,,,,1,true
灣仔峽公園,灣仔峽公園,majorDestination,灣仔峽公園,,,,,,1,true
柴灣公園 (指定位置),柴灣公園 (指定位置),majorDestination,柴灣公園 (指定位置),,,,,,1,true
鰂魚涌公園 (指定位置),鰂魚涌公園 (指定位置),majorDestination,鰂魚涌公園 (指定位置),,,,,,1,true
香港公園,香港公園,majorDestination,香港公園,,,,,,1,true
葵涌公園,葵涌公園,majorDestination,葵涌公園,,,,,,1,true
獅子山公園,獅子山公園,majorDestination,獅子山公園,,,,,,1,true
獅子山公園 (指定位置),獅子山公園 (指定位置),majorDestination,獅子山公園 (指定位置),,,,,,1,true
沙田公園 (指定位置),沙田公園 (指定位置),majorDestination,沙田公園 (指定位置),,,,,,1,true
紅花嶺郊野公園,紅花嶺郊野公園,majorDestination,紅花嶺郊野公園,,,,,,1,true
瀑布灣公園 (指定位置),瀑布灣公園 (指定位置),majorDestination,瀑布灣公園 (指定位置),,,,,,1,true
石硤尾公園 (指定位置),石硤尾公園 (指定位置),majorDestination,石硤尾公園 (指定位置),,,,,,1,true
金山郊野公園,金山郊野公園,majorDestination,金山郊野公園,,,,,,1,true
西營盤海濱公園,西營盤海濱公園,majorDestination,西營盤海濱公園,,,,,,1,true
瀑布灣公園,瀑布灣公園,majorDestination,瀑布灣公園,,,,,,1,true
香港單車館公園 (指定位置),香港單車館公園 (指定位置),majorDestination,香港單車館公園 (指定位置),,,,,,1,true
海峯園,海峯園,majorDestination,海峯園,,,,,,1,true
糧船灣海,糧船灣海,majorDestination,糧船灣海,,,,,,1,true
維多利亞港,維多利亞港,majorDestination,維多利亞港,,,,,,1,true
維港.星岸,維港.星岸,majorDestination,維港.星岸,,,,,,1,true
港匯東,港匯東,majorDestination,港匯東,,,,,,1,true
維港頌第一座,維港頌第一座,majorDestination,維港頌第一座,,,,,,1,true
維港頌第二座,維港頌第二座,majorDestination,維港頌第二座,,,,,,1,true
維港頌第三座,維港頌第三座,majorDestination,維港頌第三座,,,,,,1,true
維港頌第五座,維港頌第五座,majorDestination,維港頌第五座,,,,,,1,true
維港頌第六座,維港頌第六座,majorDestination,維港頌第六座,,,,,,1,true
維港頌第七座,維港頌第七座,majorDestination,維港頌第七座,,,,,,1,true
維港頌第八座,維港頌第八座,majorDestination,維港頌第八座,,,,,,1,true
駿馬精密有限公司,駿馬精密有限公司,majorDestination,駿馬精密有限公司,,,,,,1,true
中環軍營,中環軍營,majorDestination,中環軍營,,,,,,1,true
中區,中區,majorDestination,中區,,,,,,1,true
中環,中環,majorDestination,中環,,,,,,1,true
將軍澳豪庭,將軍澳豪庭,majorDestination,將軍澳豪庭,,,,,,1,true
中央裁判司署,中央裁判司署,majorDestination,中央裁判司署,,,,,,1,true
中環碼頭,中環碼頭,majorDestination,中環碼頭,,,,,,1,true
Queen Central,Queen Central,majorDestination,Queen Central,,,,,,1,true
中環88,中環88,majorDestination,中環88,,,,,,1,true
CENTRAL ESCALATOR,CENTRAL ESCALATOR,majorDestination,CENTRAL ESCALATOR,,,,,,1,true
中環２號碼頭,中環２號碼頭,majorDestination,中環２號碼頭,,,,,,1,true
中環３號碼頭,中環３號碼頭,majorDestination,中環３號碼頭,,,,,,1,true
中環４號碼頭,中環４號碼頭,majorDestination,中環４號碼頭,,,,,,1,true
中環５號碼頭,中環５號碼頭,majorDestination,中環５號碼頭,,,,,,1,true
中環６號碼頭,中環６號碼頭,majorDestination,中環６號碼頭,,,,,,1,true
中環８號碼頭,中環８號碼頭,majorDestination,中環８號碼頭,,,,,,1,true
中環碼頭海濱長廊,中環碼頭海濱長廊,majorDestination,中環碼頭海濱長廊,,,,,,1,true
大山中,大山中,majorDestination,大山中,,,,,,1,true
金鐘,金鐘,majorDestination,金鐘,,,,,,1,true
Ying'nFlo Wesley Admiralty,Ying'nFlo Wesley Admiralty,majorDestination,Ying'nFlo Wesley Admiralty,,,,,,1,true
金鐘停車場,金鐘停車場,majorDestination,金鐘停車場,,,,,,1,true
香港金鐘毅風,香港金鐘毅風,majorDestination,香港金鐘毅風,,,,,,1,true
7-11便利店-金鐘,7-11便利店-金鐘,majorDestination,7-11便利店-金鐘,,,,,,1,true
"本計劃委託之化驗所(金鐘), (樣本收集點)","本計劃委託之化驗所(金鐘), (樣本收集點)",majorDestination,"本計劃委託之化驗所(金鐘), (樣本收集點)",,,,,,1,true
縱橫公共關係顧問集團有限公司,縱橫公共關係顧問集團有限公司,majorDestination,縱橫公共關係顧問集團有限公司,,,,,,1,true
中西區海濱長廊——中環段,中西區海濱長廊——中環段,majorDestination,中西區海濱長廊——中環段,,,,,,1,true
添馬公園,添馬公園,majorDestination,添馬公園,,,,,,1,true
iBakery 愛烘焙餐廳,iBakery 愛烘焙餐廳,majorDestination,iBakery 愛烘焙餐廳,,,,,,1,true
原治集團有限公司,原治集團有限公司,majorDestination,原治集團有限公司,,,,,,1,true
灣仔,灣仔,majorDestination,灣仔,,,,,,1,true
灣仔區,灣仔區,majorDestination,灣仔區,,,,,,1,true
灣仔峽,灣仔峽,majorDestination,灣仔峽,,,,,,1,true
灣仔公園,灣仔公園,majorDestination,灣仔公園,,,,,,1,true
綠在灣仔,綠在灣仔,majorDestination,綠在灣仔,,,,,,1,true
灣仔渡輪碼頭,灣仔渡輪碼頭,majorDestination,灣仔渡輪碼頭,,,,,,1,true
