label,query,subcategory,exact_name,name_contains,district,aliases_en,aliases_zh,append_to,limit,enabled
沙角邨A座雲雀樓,沙角邨A座雲雀樓,housingEstate,沙角邨A座雲雀樓,,,,,,1,true
新翠邨新芳樓A,新翠邨新芳樓A,housingEstate,新翠邨新芳樓A,,,,,,1,true
觀龍樓A座天台禮堂,觀龍樓A座天台禮堂,housingEstate,觀龍樓A座天台禮堂,,,,,,1,true
鴨脷洲邨,鴨脷洲邨,housingEstate,鴨脷洲邨,,,,,,1,true
鴨脷洲邨利澤樓,鴨脷洲邨利澤樓,housingEstate,鴨脷洲邨利澤樓,,,,,,1,true
鴨脷洲邨利怡樓-鴨脷洲幼兒中心旁,鴨脷洲邨利怡樓-鴨脷洲幼兒中心旁,housingEstate,鴨脷洲邨利怡樓-鴨脷洲幼兒中心旁,,,,,,1,true
鴨脷洲邨利福樓低座,鴨脷洲邨利福樓低座,housingEstate,鴨脷洲邨利福樓低座,,,,,,1,true
北港坳村公所,北港坳村公所,housingEstate,北港坳村公所,,,,,,1,true
漁光邨海鷗樓,漁光邨海鷗樓,housingEstate,漁光邨海鷗樓,,,,,,1,true
嘉福苑B座,嘉福苑B座,housingEstate,嘉福苑B座,,,,,,1,true
培澤軒B座,培澤軒B座,housingEstate,培澤軒B座,,,,,,1,true
飛鵝花園B座,飛鵝花園B座,housingEstate,飛鵝花園B座,,,,,,1,true
曉華花園B座,曉華花園B座,housingEstate,曉華花園B座,,,,,,1,true
翠怡花園B座,翠怡花園B座,housingEstate,翠怡花園B座,,,,,,1,true
威皇花園B座,威皇花園B座,housingEstate,威皇花園B座,,,,,,1,true
陶苑B座,陶苑B座,housingEstate,陶苑B座,,,,,,1,true
芝蘭苑A-B座,芝蘭苑A-B座,housingEstate,芝蘭苑A-B座,,,,,,1,true
瑩苑B,瑩苑B,housingEstate,瑩苑B,,,,,,1,true
麗苑B,麗苑B,housingEstate,麗苑B,,,,,,1,true
慧苑B,慧苑B,housingEstate,慧苑B,,,,,,1,true
珀苑B,珀苑B,housingEstate,珀苑B,,,,,,1,true
德苑B,德苑B,housingEstate,德苑B,,,,,,1,true
明苑B,明苑B,housingEstate,明苑B,,,,,,1,true
嘉福苑C座,嘉福苑C座,housingEstate,嘉福苑C座,,,,,,1,true
曉華花園C座,曉華花園C座,housingEstate,曉華花園C座,,,,,,1,true
翠怡花園C座,翠怡花園C座,housingEstate,翠怡花園C座,,,,,,1,true
威皇花園C座,威皇花園C座,housingEstate,威皇花園C座,,,,,,1,true
陶苑C座,陶苑C座,housingEstate,陶苑C座,,,,,,1,true
翰林苑C座,翰林苑C座,housingEstate,翰林苑C座,,,,,,1,true
福臨閣C座,福臨閣C座,housingEstate,福臨閣C座,,,,,,1,true
逸苑C座,逸苑C座,housingEstate,逸苑C座,,,,,,1,true
富林花園C座,富林花園C座,housingEstate,富林花園C座,,,,,,1,true
富興花園C座,富興花園C座,housingEstate,富興花園C座,,,,,,1,true
怡翠花園C座,怡翠花園C座,housingEstate,怡翠花園C座,,,,,,1,true
祈德尊新邨C座,祈德尊新邨C座,housingEstate,祈德尊新邨C座,,,,,,1,true
河畔花園C,河畔花園C,housingEstate,河畔花園C,,,,,,1,true
湖景花園C,湖景花園C,housingEstate,湖景花園C,,,,,,1,true
豐林閣C座,豐林閣C座,housingEstate,豐林閣C座,,,,,,1,true
碧浪苑C座,碧浪苑C座,housingEstate,碧浪苑C座,,,,,,1,true
康怡居二期C座,康怡居二期C座,housingEstate,康怡居二期C座,,,,,,1,true
豪苑C座,豪苑C座,housingEstate,豪苑C座,,,,,,1,true
寶苑C座,寶苑C座,housingEstate,寶苑C座,,,,,,1,true
立德台D座,立德台D座,housingEstate,立德台D座,,,,,,1,true
嘉福苑D座,嘉福苑D座,housingEstate,嘉福苑D座,,,,,,1,true
曉華花園D座,曉華花園D座,housingEstate,曉華花園D座,,,,,,1,true
翠怡花園D座,翠怡花園D座,housingEstate,翠怡花園D座,,,,,,1,true
威皇花園D座,威皇花園D座,housingEstate,威皇花園D座,,,,,,1,true
陶苑D座,陶苑D座,housingEstate,陶苑D座,,,,,,1,true
翰林苑D座,翰林苑D座,housingEstate,翰林苑D座,,,,,,1,true
富林花園D座,富林花園D座,housingEstate,富林花園D座,,,,,,1,true
富興花園D座,富興花園D座,housingEstate,富興花園D座,,,,,,1,true
怡翠花園D座,怡翠花園D座,housingEstate,怡翠花園D座,,,,,,1,true
河畔花園D,河畔花園D,housingEstate,河畔花園D,,,,,,1,true
湖景花園D,湖景花園D,housingEstate,湖景花園D,,,,,,1,true
豐林閣D座,豐林閣D座,housingEstate,豐林閣D座,,,,,,1,true
碧浪苑D座,碧浪苑D座,housingEstate,碧浪苑D座,,,,,,1,true
康怡居二期D座,康怡居二期D座,housingEstate,康怡居二期D座,,,,,,1,true
寶苑D座,寶苑D座,housingEstate,寶苑D座,,,,,,1,true
飛鵝花園E座,飛鵝花園E座,housingEstate,飛鵝花園E座,,,,,,1,true
曉華花園E座,曉華花園E座,housingEstate,曉華花園E座,,,,,,1,true
翠怡花園E座,翠怡花園E座,housingEstate,翠怡花園E座,,,,,,1,true
威皇花園E座,威皇花園E座,housingEstate,威皇花園E座,,,,,,1,true
陶苑E座,陶苑E座,housingEstate,陶苑E座,,,,,,1,true
翰林苑E座,翰林苑E座,housingEstate,翰林苑E座,,,,,,1,true
富林花園E座,富林花園E座,housingEstate,富林花園E座,,,,,,1,true
富興花園E座,富興花園E座,housingEstate,富興花園E座,,,,,,1,true
怡翠花園E座,怡翠花園E座,housingEstate,怡翠花園E座,,,,,,1,true
河畔花園E,河畔花園E,housingEstate,河畔花園E,,,,,,1,true
湖景花園E,湖景花園E,housingEstate,湖景花園E,,,,,,1,true
豐林閣E座,豐林閣E座,housingEstate,豐林閣E座,,,,,,1,true
碧浪苑E座,碧浪苑E座,housingEstate,碧浪苑E座,,,,,,1,true
康怡居二期E座,康怡居二期E座,housingEstate,康怡居二期E座,,,,,,1,true
寶苑E座,寶苑E座,housingEstate,寶苑E座,,,,,,1,true
芳苑E座,芳苑E座,housingEstate,芳苑E座,,,,,,1,true
豪苑E座,豪苑E座,housingEstate,豪苑E座,,,,,,1,true
金苑E座,金苑E座,housingEstate,金苑E座,,,,,,1,true
鳳苑E座,鳳苑E座,housingEstate,鳳苑E座,,,,,,1,true
杏花村俱樂部,杏花村俱樂部,housingEstate,杏花村俱樂部,,,,,,1,true
杏花邨遊樂場,杏花邨遊樂場,housingEstate,杏花邨遊樂場,,,,,,1,true
龍虎山觀景台,龍虎山觀景台,housingEstate,龍虎山觀景台,,,,,,1,true
薄扶林觀景台,薄扶林觀景台,housingEstate,薄扶林觀景台,,,,,,1,true
房屋署樂富邨辦事處,房屋署樂富邨辦事處,housingEstate,房屋署樂富邨辦事處,,,,,,1,true
曉華花園G座,曉華花園G座,housingEstate,曉華花園G座,,,,,,1,true
陶苑G座,陶苑G座,housingEstate,陶苑G座,,,,,,1,true
威皇花園G座,威皇花園G座,housingEstate,威皇花園G座,,,,,,1,true
翰林苑G座,翰林苑G座,housingEstate,翰林苑G座,,,,,,1,true
富林花園G座,富林花園G座,housingEstate,富林花園G座,,,,,,1,true
富興花園G座,富興花園G座,housingEstate,富興花園G座,,,,,,1,true
怡翠花園G座,怡翠花園G座,housingEstate,怡翠花園G座,,,,,,1,true
湖景花園G,湖景花園G,housingEstate,湖景花園G,,,,,,1,true
豐林閣G座,豐林閣G座,housingEstate,豐林閣G座,,,,,,1,true
碧浪苑G座,碧浪苑G座,housingEstate,碧浪苑G座,,,,,,1,true
芳苑G座,芳苑G座,housingEstate,芳苑G座,,,,,,1,true
金苑G座,金苑G座,housingEstate,金苑G座,,,,,,1,true
鳳苑G座,鳳苑G座,housingEstate,鳳苑G座,,,,,,1,true
康怡花園G座,康怡花園G座,housingEstate,康怡花園G座,,,,,,1,true
碧麗閣G座,碧麗閣G座,housingEstate,碧麗閣G座,,,,,,1,true
寶翠花園G,寶翠花園G,housingEstate,寶翠花園G,,,,,,1,true
寶馬臺G座,寶馬臺G座,housingEstate,寶馬臺G座,,,,,,1,true
雅麗苑G座,雅麗苑G座,housingEstate,雅麗苑G座,,,,,,1,true
竹柏苑G座,竹柏苑G座,housingEstate,竹柏苑G座,,,,,,1,true
蔚林居G座,蔚林居G座,housingEstate,蔚林居G座,,,,,,1,true
富林苑G座,富林苑G座,housingEstate,富林苑G座,,,,,,1,true
南莊苑G座,南莊苑G座,housingEstate,南莊苑G座,,,,,,1,true
嘉翠苑G座,嘉翠苑G座,housingEstate,嘉翠苑G座,,,,,,1,true
麗豪軒G座,麗豪軒G座,housingEstate,麗豪軒G座,,,,,,1,true
翠安閣G座,翠安閣G座,housingEstate,翠安閣G座,,,,,,1,true
詠柏苑G座,詠柏苑G座,housingEstate,詠柏苑G座,,,,,,1,true
文豐苑G座,文豐苑G座,housingEstate,文豐苑G座,,,,,,1,true
安居通長者家居用品店(港島東),安居通長者家居用品店(港島東),housingEstate,安居通長者家居用品店(港島東),,,,,,1,true
何文田邨景文樓,何文田邨景文樓,housingEstate,何文田邨景文樓,,,,,,1,true
何文田邨適文樓,何文田邨適文樓,housingEstate,何文田邨適文樓,,,,,,1,true
安居通長者家居用品店(何文田),安居通長者家居用品店(何文田),housingEstate,安居通長者家居用品店(何文田),,,,,,1,true
何文田邨綺文樓,何文田邨綺文樓,housingEstate,何文田邨綺文樓,,,,,,1,true
寶栢苑一期第1座,寶栢苑一期第1座,housingEstate,寶栢苑一期第1座,,,,,,1,true
畢架山花園第一期1座,畢架山花園第一期1座,housingEstate,畢架山花園第一期1座,,,,,,1,true
麗城花園第一期第1座,麗城花園第一期第1座,housingEstate,麗城花園第一期第1座,,,,,,1,true
富怡花園第一期第一座,富怡花園第一期第一座,housingEstate,富怡花園第一期第一座,,,,,,1,true
大興花園第一期第1座,大興花園第一期第1座,housingEstate,大興花園第一期第1座,,,,,,1,true
諾士佛臺一號,諾士佛臺一號,housingEstate,諾士佛臺一號,,,,,,1,true
曉華花園J座,曉華花園J座,housingEstate,曉華花園J座,,,,,,1,true
威皇花園J座,威皇花園J座,housingEstate,威皇花園J座,,,,,,1,true
陶苑J座,陶苑J座,housingEstate,陶苑J座,,,,,,1,true
怡翠花園J座,怡翠花園J座,housingEstate,怡翠花園J座,,,,,,1,true
湖景花園J,湖景花園J,housingEstate,湖景花園J,,,,,,1,true
豐林閣J座,豐林閣J座,housingEstate,豐林閣J座,,,,,,1,true
鳳苑J座,鳳苑J座,housingEstate,鳳苑J座,,,,,,1,true
康怡花園J座,康怡花園J座,housingEstate,康怡花園J座,,,,,,1,true
寶馬臺J座,寶馬臺J座,housingEstate,寶馬臺J座,,,,,,1,true
竹柏苑J座,竹柏苑J座,housingEstate,竹柏苑J座,,,,,,1,true
南莊苑J座,南莊苑J座,housingEstate,南莊苑J座,,,,,,1,true
嘉翠苑J座,嘉翠苑J座,housingEstate,嘉翠苑J座,,,,,,1,true
翠安閣J座,翠安閣J座,housingEstate,翠安閣J座,,,,,,1,true
文豐苑J座,文豐苑J座,housingEstate,文豐苑J座,,,,,,1,true
明謙居J座,明謙居J座,housingEstate,明謙居J座,,,,,,1,true
海景台J座,海景台J座,housingEstate,海景台J座,,,,,,1,true
麒麟閣J座,麒麟閣J座,housingEstate,麒麟閣J座,,,,,,1,true
頌榮居J座,頌榮居J座,housingEstate,頌榮居J座,,,,,,1,true
薈澄居J座,薈澄居J座,housingEstate,薈澄居J座,,,,,,1,true
碧戶軒J座,碧戶軒J座,housingEstate,碧戶軒J座,,,,,,1,true
葆琳居J座,葆琳居J座,housingEstate,葆琳居J座,,,,,,1,true
荃威花園J座,荃威花園J座,housingEstate,荃威花園J座,,,,,,1,true
淘大花園J座,淘大花園J座,housingEstate,淘大花園J座,,,,,,1,true
雅妍花苑J座,雅妍花苑J座,housingEstate,雅妍花苑J座,,,,,,1,true
天龍花園J座,天龍花園J座,housingEstate,天龍花園J座,,,,,,1,true
曉華花園K座,曉華花園K座,housingEstate,曉華花園K座,,,,,,1,true
威皇花園K座,威皇花園K座,housingEstate,威皇花園K座,,,,,,1,true
陶苑K座,陶苑K座,housingEstate,陶苑K座,,,,,,1,true
富興花園K座,富興花園K座,housingEstate,富興花園K座,,,,,,1,true
怡翠花園K座,怡翠花園K座,housingEstate,怡翠花園K座,,,,,,1,true
湖景花園K,湖景花園K,housingEstate,湖景花園K,,,,,,1,true
豐林閣K座,豐林閣K座,housingEstate,豐林閣K座,,,,,,1,true
康怡花園K座,康怡花園K座,housingEstate,康怡花園K座,,,,,,1,true
寶馬臺K座,寶馬臺K座,housingEstate,寶馬臺K座,,,,,,1,true
竹柏苑K座,竹柏苑K座,housingEstate,竹柏苑K座,,,,,,1,true
南莊苑K座,南莊苑K座,housingEstate,南莊苑K座,,,,,,1,true
嘉翠苑K座,嘉翠苑K座,housingEstate,嘉翠苑K座,,,,,,1,true
翠安閣K座,翠安閣K座,housingEstate,翠安閣K座,,,,,,1,true
文豐苑K座,文豐苑K座,housingEstate,文豐苑K座,,,,,,1,true
明謙居K座,明謙居K座,housingEstate,明謙居K座,,,,,,1,true
秀境臺K座,秀境臺K座,housingEstate,秀境臺K座,,,,,,1,true
碧戶軒K座,碧戶軒K座,housingEstate,碧戶軒K座,,,,,,1,true
麒麟閣K座,麒麟閣K座,housingEstate,麒麟閣K座,,,,,,1,true
頌榮居K座,頌榮居K座,housingEstate,頌榮居K座,,,,,,1,true
薈澄居K座,薈澄居K座,housingEstate,薈澄居K座,,,,,,1,true
葆琳居K座,葆琳居K座,housingEstate,葆琳居K座,,,,,,1,true
菁裕臺K座,菁裕臺K座,housingEstate,菁裕臺K座,,,,,,1,true
海福苑K座,海福苑K座,housingEstate,海福苑K座,,,,,,1,true
翠林苑K座,翠林苑K座,housingEstate,翠林苑K座,,,,,,1,true
瓊林苑K座,瓊林苑K座,housingEstate,瓊林苑K座,,,,,,1,true
新輝苑K座,新輝苑K座,housingEstate,新輝苑K座,,,,,,1,true
荃威花園K座,荃威花園K座,housingEstate,荃威花園K座,,,,,,1,true
淘大花園K座,淘大花園K座,housingEstate,淘大花園K座,,,,,,1,true
曉華花園N座,曉華花園N座,housingEstate,曉華花園N座,,,,,,1,true
威皇花園N座,威皇花園N座,housingEstate,威皇花園N座,,,,,,1,true
怡翠花園N座,怡翠花園N座,housingEstate,怡翠花園N座,,,,,,1,true
湖景花園N,湖景花園N,housingEstate,湖景花園N,,,,,,1,true
豐林閣N座,豐林閣N座,housingEstate,豐林閣N座,,,,,,1,true
康怡花園N座,康怡花園N座,housingEstate,康怡花園N座,,,,,,1,true
寶馬臺N座,寶馬臺N座,housingEstate,寶馬臺N座,,,,,,1,true
竹柏苑N座,竹柏苑N座,housingEstate,竹柏苑N座,,,,,,1,true
南莊苑N座,南莊苑N座,housingEstate,南莊苑N座,,,,,,1,true
翠安閣N座,翠安閣N座,housingEstate,翠安閣N座,,,,,,1,true
君逸軒N座,君逸軒N座,housingEstate,君逸軒N座,,,,,,1,true
明謙居N座,明謙居N座,housingEstate,明謙居N座,,,,,,1,true
秀境臺N座,秀境臺N座,housingEstate,秀境臺N座,,,,,,1,true
荃威花園N座,荃威花園N座,housingEstate,荃威花園N座,,,,,,1,true
淘大花園N座,淘大花園N座,housingEstate,淘大花園N座,,,,,,1,true
松柏花園N座,松柏花園N座,housingEstate,松柏花園N座,,,,,,1,true
金安花園N座,金安花園N座,housingEstate,金安花園N座,,,,,,1,true
鳳崗花園N座,鳳崗花園N座,housingEstate,鳳崗花園N座,,,,,,1,true
卓雅花園N座,卓雅花園N座,housingEstate,卓雅花園N座,,,,,,1,true
慶庭雅苑N座,慶庭雅苑N座,housingEstate,慶庭雅苑N座,,,,,,1,true
菁裕臺N座,菁裕臺N座,housingEstate,菁裕臺N座,,,,,,1,true
新輝苑N座,新輝苑N座,housingEstate,新輝苑N座,,,,,,1,true
大夫第花園N座,大夫第花園N座,housingEstate,大夫第花園N座,,,,,,1,true
均富花園N座,均富花園N座,housingEstate,均富花園N座,,,,,,1,true
振聲花園N座,振聲花園N座,housingEstate,振聲花園N座,,,,,,1,true
富興花園N座,富興花園N座,housingEstate,富興花園N座,,,,,,1,true
福麗花園N座,福麗花園N座,housingEstate,福麗花園N座,,,,,,1,true
大埔花園N座,大埔花園N座,housingEstate,大埔花園N座,,,,,,1,true
美景臺M-N座,美景臺M-N座,housingEstate,美景臺M-N座,,,,,,1,true
綠楊新邨N座,綠楊新邨N座,housingEstate,綠楊新邨N座,,,,,,1,true
清水灣花園N座,清水灣花園N座,housingEstate,清水灣花園N座,,,,,,1,true
石澳鄉村俱樂部,石澳鄉村俱樂部,housingEstate,石澳鄉村俱樂部,,,,,,1,true
大埔滘花園,大埔滘花園,housingEstate,大埔滘花園,,,,,,1,true
威皇花園Q座,威皇花園Q座,housingEstate,威皇花園Q座,,,,,,1,true
湖景花園Q,湖景花園Q,housingEstate,湖景花園Q,,,,,,1,true
康怡花園Q座,康怡花園Q座,housingEstate,康怡花園Q座,,,,,,1,true
寶馬臺Q座,寶馬臺Q座,housingEstate,寶馬臺Q座,,,,,,1,true
南莊苑Q座,南莊苑Q座,housingEstate,南莊苑Q座,,,,,,1,true
翠安閣Q座,翠安閣Q座,housingEstate,翠安閣Q座,,,,,,1,true
秀境臺Q座,秀境臺Q座,housingEstate,秀境臺Q座,,,,,,1,true
荃威花園Q座,荃威花園Q座,housingEstate,荃威花園Q座,,,,,,1,true
淘大花園Q座,淘大花園Q座,housingEstate,淘大花園Q座,,,,,,1,true
松柏花園Q座,松柏花園Q座,housingEstate,松柏花園Q座,,,,,,1,true
鳳崗花園Q座,鳳崗花園Q座,housingEstate,鳳崗花園Q座,,,,,,1,true
油麗邨Q座康麗樓,油麗邨Q座康麗樓,housingEstate,油麗邨Q座康麗樓,,,,,,1,true
大夫第花園Q座,大夫第花園Q座,housingEstate,大夫第花園Q座,,,,,,1,true
均富花園Q座,均富花園Q座,housingEstate,均富花園Q座,,,,,,1,true
昭陽花園Q座,昭陽花園Q座,housingEstate,昭陽花園Q座,,,,,,1,true
富興花園Q座,富興花園Q座,housingEstate,富興花園Q座,,,,,,1,true
振聲花園Q座,振聲花園Q座,housingEstate,振聲花園Q座,,,,,,1,true
綠楊新邨Q座,綠楊新邨Q座,housingEstate,綠楊新邨Q座,,,,,,1,true
清水灣花園Q座,清水灣花園Q座,housingEstate,清水灣花園Q座,,,,,,1,true
金爵花園一期Q座,金爵花園一期Q座,housingEstate,金爵花園一期Q座,,,,,,1,true
新輝苑Q座,新輝苑Q座,housingEstate,新輝苑Q座,,,,,,1,true
明湖居Q座,明湖居Q座,housingEstate,明湖居Q座,,,,,,1,true
黃埔新邨Q座 (別稱),黃埔新邨Q座 (別稱),housingEstate,黃埔新邨Q座 (別稱),,,,,,1,true
天富苑Q座 (別稱),天富苑Q座 (別稱),housingEstate,天富苑Q座 (別稱),,,,,,1,true
威皇花園R座,威皇花園R座,housingEstate,威皇花園R座,,,,,,1,true
湖景花園R,湖景花園R,housingEstate,湖景花園R,,,,,,1,true
康怡花園R座,康怡花園R座,housingEstate,康怡花園R座,,,,,,1,true
寶馬臺R座,寶馬臺R座,housingEstate,寶馬臺R座,,,,,,1,true
南莊苑R座,南莊苑R座,housingEstate,南莊苑R座,,,,,,1,true
翠安閣R座,翠安閣R座,housingEstate,翠安閣R座,,,,,,1,true
秀境臺R座,秀境臺R座,housingEstate,秀境臺R座,,,,,,1,true
荃威花園R座,荃威花園R座,housingEstate,荃威花園R座,,,,,,1,true
淘大花園R座,淘大花園R座,housingEstate,淘大花園R座,,,,,,1,true
松柏花園R座,松柏花園R座,housingEstate,松柏花園R座,,,,,,1,true
鳳崗花園R座,鳳崗花園R座,housingEstate,鳳崗花園R座,,,,,,1,true
新輝苑R座,新輝苑R座,housingEstate,新輝苑R座,,,,,,1,true
大夫第花園R座,大夫第花園R座,housingEstate,大夫第花園R座,,,,,,1,true
昭陽花園R座,昭陽花園R座,housingEstate,昭陽花園R座,,,,,,1,true
振聲花園R座,振聲花園R座,housingEstate,振聲花園R座,,,,,,1,true
富興花園R座,富興花園R座,housingEstate,富興花園R座,,,,,,1,true
綠楊新邨R座,綠楊新邨R座,housingEstate,綠楊新邨R座,,,,,,1,true
金爵花園一期R座,金爵花園一期R座,housingEstate,金爵花園一期R座,,,,,,1,true
明湖居R座,明湖居R座,housingEstate,明湖居R座,,,,,,1,true
黃埔新邨R座 (別稱),黃埔新邨R座 (別稱),housingEstate,黃埔新邨R座 (別稱),,,,,,1,true
威皇花園T座,威皇花園T座,housingEstate,威皇花園T座,,,,,,1,true
湖景花園T,湖景花園T,housingEstate,湖景花園T,,,,,,1,true
寶馬臺T座,寶馬臺T座,housingEstate,寶馬臺T座,,,,,,1,true
南莊苑T座,南莊苑T座,housingEstate,南莊苑T座,,,,,,1,true
翠安閣T座,翠安閣T座,housingEstate,翠安閣T座,,,,,,1,true
秀境臺T座,秀境臺T座,housingEstate,秀境臺T座,,,,,,1,true
松柏花園T座,松柏花園T座,housingEstate,松柏花園T座,,,,,,1,true
鳳崗花園T座,鳳崗花園T座,housingEstate,鳳崗花園T座,,,,,,1,true
新輝苑T座,新輝苑T座,housingEstate,新輝苑T座,,,,,,1,true
大夫第花園T座,大夫第花園T座,housingEstate,大夫第花園T座,,,,,,1,true
昭陽花園T座,昭陽花園T座,housingEstate,昭陽花園T座,,,,,,1,true
富興花園T座,富興花園T座,housingEstate,富興花園T座,,,,,,1,true
金爵花園一期T座,金爵花園一期T座,housingEstate,金爵花園一期T座,,,,,,1,true
威皇花園U座,威皇花園U座,housingEstate,威皇花園U座,,,,,,1,true
湖景花園U,湖景花園U,housingEstate,湖景花園U,,,,,,1,true
南莊苑U座,南莊苑U座,housingEstate,南莊苑U座,,,,,,1,true
翠安閣U座,翠安閣U座,housingEstate,翠安閣U座,,,,,,1,true
秀境臺U座,秀境臺U座,housingEstate,秀境臺U座,,,,,,1,true
策誠軒U座,策誠軒U座,housingEstate,策誠軒U座,,,,,,1,true
新輝苑U座,新輝苑U座,housingEstate,新輝苑U座,,,,,,1,true
大夫第花園U座,大夫第花園U座,housingEstate,大夫第花園U座,,,,,,1,true
昭陽花園U座,昭陽花園U座,housingEstate,昭陽花園U座,,,,,,1,true
富興花園U座,富興花園U座,housingEstate,富興花園U座,,,,,,1,true
金爵花園一期U座,金爵花園一期U座,housingEstate,金爵花園一期U座,,,,,,1,true
儒林臺,儒林臺,housingEstate,儒林臺,,,,,,1,true
儒林閣,儒林閣,housingEstate,儒林閣,,,,,,1,true
啓厚閣,啓厚閣,housingEstate,啓厚閣,,,,,,1,true
U購Select-柴灣翠灣邨分店,U購Select-柴灣翠灣邨分店,housingEstate,U購Select-柴灣翠灣邨分店,,,,,,1,true
U購Select-元朗朗善邨分店,U購Select-元朗朗善邨分店,housingEstate,U購Select-元朗朗善邨分店,,,,,,1,true
U購Select-東涌滿東邨分店,U購Select-東涌滿東邨分店,housingEstate,U購Select-東涌滿東邨分店,,,,,,1,true
U購Select-天水圍天恩邨分店,U購Select-天水圍天恩邨分店,housingEstate,U購Select-天水圍天恩邨分店,,,,,,1,true
黃埔新邨U座 (別稱),黃埔新邨U座 (別稱),housingEstate,黃埔新邨U座 (別稱),,,,,,1,true
U購Select-鑽石山宏景花園分店,U購Select-鑽石山宏景花園分店,housingEstate,U購Select-鑽石山宏景花園分店,,,,,,1,true
U購Select-將軍澳富寧花園分店,U購Select-將軍澳富寧花園分店,housingEstate,U購Select-將軍澳富寧花園分店,,,,,,1,true
翠景閣第5座,翠景閣第5座,housingEstate,翠景閣第5座,,,,,,1,true
沁苑第五座,沁苑第五座,housingEstate,沁苑第五座,,,,,,1,true
屏湖花園5座,屏湖花園5座,housingEstate,屏湖花園5座,,,,,,1,true
喜靈洲5號瞭望台第5座,喜靈洲5號瞭望台第5座,housingEstate,喜靈洲5號瞭望台第5座,,,,,,1,true
倚濤軒第5座,倚濤軒第5座,housingEstate,倚濤軒第5座,,,,,,1,true
海堤居第5座,海堤居第5座,housingEstate,海堤居第5座,,,,,,1,true
柏雨花園5座,柏雨花園5座,housingEstate,柏雨花園5座,,,,,,1,true
恆昌花園第五座,恆昌花園第五座,housingEstate,恆昌花園第五座,,,,,,1,true
斌悅花苑第五座,斌悅花苑第五座,housingEstate,斌悅花苑第五座,,,,,,1,true
翠叠軒第5座,翠叠軒第5座,housingEstate,翠叠軒第5座,,,,,,1,true
樂善村第五座,樂善村第五座,housingEstate,樂善村第五座,,,,,,1,true
元州邨第5期,元州邨第5期,housingEstate,元州邨第5期,,,,,,1,true
油麗邨第5期,油麗邨第5期,housingEstate,油麗邨第5期,,,,,,1,true
諾士佛臺十號,諾士佛臺十號,housingEstate,諾士佛臺十號,,,,,,1,true
沁苑第十座,沁苑第十座,housingEstate,沁苑第十座,,,,,,1,true
倚濤軒第10座,倚濤軒第10座,housingEstate,倚濤軒第10座,,,,,,1,true
海堤居第10座,海堤居第10座,housingEstate,海堤居第10座,,,,,,1,true
柏雨花園10座,柏雨花園10座,housingEstate,柏雨花園10座,,,,,,1,true
恆昌花園第十座,恆昌花園第十座,housingEstate,恆昌花園第十座,,,,,,1,true
碧濤軒第10座,碧濤軒第10座,housingEstate,碧濤軒第10座,,,,,,1,true
振興新村10座,振興新村10座,housingEstate,振興新村10座,,,,,,1,true
翠景臺10,翠景臺10,housingEstate,翠景臺10,,,,,,1,true
諾士佛臺10號,諾士佛臺10號,housingEstate,諾士佛臺10號,,,,,,1,true
斌勝花苑十座,斌勝花苑十座,housingEstate,斌勝花苑十座,,,,,,1,true
新峰花園一期第十座,新峰花園一期第十座,housingEstate,新峰花園一期第十座,,,,,,1,true
帝景臺10座,帝景臺10座,housingEstate,帝景臺10座,,,,,,1,true
綠怡花園10,綠怡花園10,housingEstate,綠怡花園10,,,,,,1,true
青衣邨社區會堂,青衣邨社區會堂,housingEstate,青衣邨社區會堂,,,,,,1,true
昭陽花園Z座,昭陽花園Z座,housingEstate,昭陽花園Z座,,,,,,1,true
富興花園Z座,富興花園Z座,housingEstate,富興花園Z座,,,,,,1,true
黃埔新邨Z座 (別稱),黃埔新邨Z座 (別稱),housingEstate,黃埔新邨Z座 (別稱),,,,,,1,true
趙苑二期第2座,趙苑二期第2座,housingEstate,趙苑二期第2座,,,,,,1,true
寶栢苑二期第2座,寶栢苑二期第2座,housingEstate,寶栢苑二期第2座,,,,,,1,true
金碧苑二期2座,金碧苑二期2座,housingEstate,金碧苑二期2座,,,,,,1,true
麗城花園第二期第2座,麗城花園第二期第2座,housingEstate,麗城花園第二期第2座,,,,,,1,true
大興花園第二期第2座,大興花園第二期第2座,housingEstate,大興花園第二期第2座,,,,,,1,true
帝景軒2座,帝景軒2座,housingEstate,帝景軒2座,,,,,,1,true
富怡花園第二期第二座,富怡花園第二期第二座,housingEstate,富怡花園第二期第二座,,,,,,1,true
帝欣苑2期,帝欣苑2期,housingEstate,帝欣苑2期,,,,,,1,true
帝景臺2座,帝景臺2座,housingEstate,帝景臺2座,,,,,,1,true
彩雲(二)邨,彩雲(二)邨,housingEstate,彩雲(二)邨,,,,,,1,true
興華(二)邨,興華(二)邨,housingEstate,興華(二)邨,,,,,,1,true
天瑞(2)邨,天瑞(2)邨,housingEstate,天瑞(2)邨,,,,,,1,true
天耀(2)邨,天耀(2)邨,housingEstate,天耀(2)邨,,,,,,1,true
東頭(二)邨,東頭(二)邨,housingEstate,東頭(二)邨,,,,,,1,true
華富（二）邨,華富（二）邨,housingEstate,華富（二）邨,,,,,,1,true
華富(二)邨,華富(二)邨,housingEstate,華富(二)邨,,,,,,1,true
逸東（二）邨,逸東（二）邨,housingEstate,逸東（二）邨,,,,,,1,true
逸東(二)邨,逸東(二)邨,housingEstate,逸東(二)邨,,,,,,1,true
翠景閣第2座,翠景閣第2座,housingEstate,翠景閣第2座,,,,,,1,true
沁苑第二座,沁苑第二座,housingEstate,沁苑第二座,,,,,,1,true
香港耀能協會賽馬會新頁居,香港耀能協會賽馬會新頁居,housingEstate,香港耀能協會賽馬會新頁居,,,,,,1,true
翠景閣第6座,翠景閣第6座,housingEstate,翠景閣第6座,,,,,,1,true
沁苑第六座,沁苑第六座,housingEstate,沁苑第六座,,,,,,1,true
屏湖花園6座,屏湖花園6座,housingEstate,屏湖花園6座,,,,,,1,true
倚濤軒第6座,倚濤軒第6座,housingEstate,倚濤軒第6座,,,,,,1,true
海堤居第6座,海堤居第6座,housingEstate,海堤居第6座,,,,,,1,true
又一居第6座,又一居第6座,housingEstate,又一居第6座,,,,,,1,true
雅都花園6座,雅都花園6座,housingEstate,雅都花園6座,,,,,,1,true
柏雨花園6座,柏雨花園6座,housingEstate,柏雨花園6座,,,,,,1,true
碧濤軒第6座,碧濤軒第6座,housingEstate,碧濤軒第6座,,,,,,1,true
恆昌花園第六座,恆昌花園第六座,housingEstate,恆昌花園第六座,,,,,,1,true
斌悅花苑第六座,斌悅花苑第六座,housingEstate,斌悅花苑第六座,,,,,,1,true
樂善村第六座,樂善村第六座,housingEstate,樂善村第六座,,,,,,1,true
優景閣第6座,優景閣第6座,housingEstate,優景閣第6座,,,,,,1,true
長苑7座,長苑7座,housingEstate,長苑7座,,,,,,1,true
沁苑第七座,沁苑第七座,housingEstate,沁苑第七座,,,,,,1,true
倚濤軒第7座,倚濤軒第7座,housingEstate,倚濤軒第7座,,,,,,1,true
海堤居第7座,海堤居第7座,housingEstate,海堤居第7座,,,,,,1,true
屏湖花園7座,屏湖花園7座,housingEstate,屏湖花園7座,,,,,,1,true
柏雨花園7座,柏雨花園7座,housingEstate,柏雨花園7座,,,,,,1,true
恆昌花園第七座,恆昌花園第七座,housingEstate,恆昌花園第七座,,,,,,1,true
斌悅花苑第七座,斌悅花苑第七座,housingEstate,斌悅花苑第七座,,,,,,1,true
樂善村第七座,樂善村第七座,housingEstate,樂善村第七座,,,,,,1,true
振興新村7座,振興新村7座,housingEstate,振興新村7座,,,,,,1,true
帝景軒7座,帝景軒7座,housingEstate,帝景軒7座,,,,,,1,true
美孚新邨第7期,美孚新邨第7期,housingEstate,美孚新邨第7期,,,,,,1,true
美孚新邨第七期,美孚新邨第七期,housingEstate,美孚新邨第七期,,,,,,1,true
寶田邨第7座,寶田邨第7座,housingEstate,寶田邨第7座,,,,,,1,true
翠景臺7,翠景臺7,housingEstate,翠景臺7,,,,,,1,true
樂居7座,樂居7座,housingEstate,樂居7座,,,,,,1,true
斌勝花苑七座,斌勝花苑七座,housingEstate,斌勝花苑七座,,,,,,1,true
沁苑第八座,沁苑第八座,housingEstate,沁苑第八座,,,,,,1,true
屏湖花園8座,屏湖花園8座,housingEstate,屏湖花園8座,,,,,,1,true
倚濤軒第8座,倚濤軒第8座,housingEstate,倚濤軒第8座,,,,,,1,true
海堤居第8座,海堤居第8座,housingEstate,海堤居第8座,,,,,,1,true
柏雨花園8座,柏雨花園8座,housingEstate,柏雨花園8座,,,,,,1,true
恆昌花園第八座,恆昌花園第八座,housingEstate,恆昌花園第八座,,,,,,1,true
斌悅花苑第八座,斌悅花苑第八座,housingEstate,斌悅花苑第八座,,,,,,1,true
碧濤軒第8座,碧濤軒第8座,housingEstate,碧濤軒第8座,,,,,,1,true
富榮花園第八座,富榮花園第八座,housingEstate,富榮花園第八座,,,,,,1,true
樂善村第八座,樂善村第八座,housingEstate,樂善村第八座,,,,,,1,true
沁苑第九座,沁苑第九座,housingEstate,沁苑第九座,,,,,,1,true
倚濤軒第9座,倚濤軒第9座,housingEstate,倚濤軒第9座,,,,,,1,true
海堤居第9座,海堤居第9座,housingEstate,海堤居第9座,,,,,,1,true
恆昌花園第九座,恆昌花園第九座,housingEstate,恆昌花園第九座,,,,,,1,true
萬豪居第9座,萬豪居第9座,housingEstate,萬豪居第9座,,,,,,1,true
柏雨花園9座,柏雨花園9座,housingEstate,柏雨花園9座,,,,,,1,true
俊宏軒第九座,俊宏軒第九座,housingEstate,俊宏軒第九座,,,,,,1,true
振興新村9座,振興新村9座,housingEstate,振興新村9座,,,,,,1,true
翠景臺9,翠景臺9,housingEstate,翠景臺9,,,,,,1,true
樂居9座,樂居9座,housingEstate,樂居9座,,,,,,1,true
斌勝花苑九座,斌勝花苑九座,housingEstate,斌勝花苑九座,,,,,,1,true
會景閣,會景閣,housingEstate,會景閣,,,,,,1,true
翠怡花園A座,翠怡花園A座,housingEstate,翠怡花園A座,,,,,,1,true
栢景臺第1座,栢景臺第1座,housingEstate,栢景臺第1座,,,,,,1,true
栢景臺第2座,栢景臺第2座,housingEstate,栢景臺第2座,,,,,,1,true
慧雅閣A座,慧雅閣A座,housingEstate,慧雅閣A座,,,,,,1,true
慧雅閣B座,慧雅閣B座,housingEstate,慧雅閣B座,,,,,,1,true
慧雅閣C座,慧雅閣C座,housingEstate,慧雅閣C座,,,,,,1,true
深灣軒第1座,深灣軒第1座,housingEstate,深灣軒第1座,,,,,,1,true
深灣軒第2座,深灣軒第2座,housingEstate,深灣軒第2座,,,,,,1,true
深灣軒第3座,深灣軒第3座,housingEstate,深灣軒第3座,,,,,,1,true
般含閣,般含閣,housingEstate,般含閣,,,,,,1,true
鹿怡居,鹿怡居,housingEstate,鹿怡居,,,,,,1,true
東蘭閣,東蘭閣,housingEstate,東蘭閣,,,,,,1,true
海華苑,海華苑,housingEstate,海華苑,,,,,,1,true
桂濤苑,桂濤苑,housingEstate,桂濤苑,,,,,,1,true
高雲閣,高雲閣,housingEstate,高雲閣,,,,,,1,true
香港善導會陳震夏怡翠軒,香港善導會陳震夏怡翠軒,housingEstate,香港善導會陳震夏怡翠軒,,,,,,1,true
香港善導會朗日居,香港善導會朗日居,housingEstate,香港善導會朗日居,,,,,,1,true
香港心理衞生會賽馬會大樓敦睦軒,香港心理衞生會賽馬會大樓敦睦軒,housingEstate,香港心理衞生會賽馬會大樓敦睦軒,,,,,,1,true
香港心理衞生會賽馬會大樓欣怡軒,香港心理衞生會賽馬會大樓欣怡軒,housingEstate,香港心理衞生會賽馬會大樓欣怡軒,,,,,,1,true
香港明愛-明愛景康居,香港明愛-明愛景康居,housingEstate,香港明愛-明愛景康居,,,,,,1,true
順安邨屋邨辦事處,順安邨屋邨辦事處,housingEstate,順安邨屋邨辦事處,,,,,,1,true
AMERSHAM ESTATE,AMERSHAM ESTATE,housingEstate,AMERSHAM ESTATE,,,,,,1,true
大同新邨,大同新邨,housingEstate,大同新邨,,,,,,1,true
花園大廈,花園大廈,housingEstate,花園大廈,,,,,,1,true
和記新邨,和記新邨,housingEstate,和記新邨,,,,,,1,true
宏德居,宏德居,housingEstate,宏德居,,,,,,1,true
黃埔新邨,黃埔新邨,housingEstate,黃埔新邨,,,,,,1,true
長青邨,長青邨,housingEstate,長青邨,,,,,,1,true
象山邨,象山邨,housingEstate,象山邨,,,,,,1,true
彩虹邨,彩虹邨,housingEstate,彩虹邨,,,,,,1,true
彩石邨,彩石邨,housingEstate,彩石邨,,,,,,1,true
彩雲邨,彩雲邨,housingEstate,彩雲邨,,,,,,1,true
彩盈邨,彩盈邨,housingEstate,彩盈邨,,,,,,1,true
竹園邨,竹園邨,housingEstate,竹園邨,,,,,,1,true
Estate Management Office,Estate Management Office,housingEstate,Estate Management Office,,,,,,1,true
富東邨,富東邨,housingEstate,富東邨,,,,,,1,true
峰華邨,峰華邨,housingEstate,峰華邨,,,,,,1,true
興華邨,興華邨,housingEstate,興華邨,,,,,,1,true
啓田邨,啓田邨,housingEstate,啓田邨,,,,,,1,true
金坪邨,金坪邨,housingEstate,金坪邨,,,,,,1,true
健明邨,健明邨,housingEstate,健明邨,,,,,,1,true
葵涌邨,葵涌邨,housingEstate,葵涌邨,,,,,,1,true
葵盛邨,葵盛邨,housingEstate,葵盛邨,,,,,,1,true
廣田邨,廣田邨,housingEstate,廣田邨,,,,,,1,true
荔景邨,荔景邨,housingEstate,荔景邨,,,,,,1,true
麗瑤邨,麗瑤邨,housingEstate,麗瑤邨,,,,,,1,true
樂華邨,樂華邨,housingEstate,樂華邨,,,,,,1,true
龍田邨,龍田邨,housingEstate,龍田邨,,,,,,1,true
龍逸邨,龍逸邨,housingEstate,龍逸邨,,,,,,1,true
美田邨,美田邨,housingEstate,美田邨,,,,,,1,true
模範邨,模範邨,housingEstate,模範邨,,,,,,1,true
銀灣邨,銀灣邨,housingEstate,銀灣邨,,,,,,1,true
安田邨,安田邨,housingEstate,安田邨,,,,,,1,true
石籬邨,石籬邨,housingEstate,石籬邨,,,,,,1,true
善明邨,善明邨,housingEstate,善明邨,,,,,,1,true
大坑邨,大坑邨,housingEstate,大坑邨,,,,,,1,true
大興邨,大興邨,housingEstate,大興邨,,,,,,1,true
天晴邨,天晴邨,housingEstate,天晴邨,,,,,,1,true
田灣邨,田灣邨,housingEstate,田灣邨,,,,,,1,true
天恩邨,天恩邨,housingEstate,天恩邨,,,,,,1,true
翠屏邨,翠屏邨,housingEstate,翠屏邨,,,,,,1,true
環翠邨,環翠邨,housingEstate,環翠邨,,,,,,1,true
禾輋邨,禾輋邨,housingEstate,禾輋邨,,,,,,1,true
湖景邨,湖景邨,housingEstate,湖景邨,,,,,,1,true
逸東邨,逸東邨,housingEstate,逸東邨,,,,,,1,true
友愛邨,友愛邨,housingEstate,友愛邨,,,,,,1,true
油塘邨,油塘邨,housingEstate,油塘邨,,,,,,1,true
業旺邨,業旺邨,housingEstate,業旺邨,,,,,,1,true
大菜園花園,大菜園花園,housingEstate,大菜園花園,,,,,,1,true
吐露港花園,吐露港花園,housingEstate,吐露港花園,,,,,,1,true
天慈花園,天慈花園,housingEstate,天慈花園,,,,,,1,true
二號碼頭花園,二號碼頭花園,housingEstate,二號碼頭花園,,,,,,1,true
三號碼頭花園,三號碼頭花園,housingEstate,三號碼頭花園,,,,,,1,true
坑口花園,坑口花園,housingEstate,坑口花園,,,,,,1,true
鰂魚涌海濱花園,鰂魚涌海濱花園,housingEstate,鰂魚涌海濱花園,,,,,,1,true
福亨村籃球場,福亨村籃球場,housingEstate,福亨村籃球場,,,,,,1,true
下灣村籃球場,下灣村籃球場,housingEstate,下灣村籃球場,,,,,,1,true
長沙下村籃球場,長沙下村籃球場,housingEstate,長沙下村籃球場,,,,,,1,true
船灣聯村籃球場,船灣聯村籃球場,housingEstate,船灣聯村籃球場,,,,,,1,true
楓樹窩村籃球場,楓樹窩村籃球場,housingEstate,楓樹窩村籃球場,,,,,,1,true
Villa Alfavista Villa No 1,Villa Alfavista Villa No 1,housingEstate,Villa Alfavista Villa No 1,,,,,,1,true
Villa Alfavista Villa No 2,Villa Alfavista Villa No 2,housingEstate,Villa Alfavista Villa No 2,,,,,,1,true
Villa Alfavista Villa No 3,Villa Alfavista Villa No 3,housingEstate,Villa Alfavista Villa No 3,,,,,,1,true
Villa Alfavista Villa No 4,Villa Alfavista Villa No 4,housingEstate,Villa Alfavista Villa No 4,,,,,,1,true
Villa Alfavista Villa No 5,Villa Alfavista Villa No 5,housingEstate,Villa Alfavista Villa No 5,,,,,,1,true
Villa Alfavista Villa No 6,Villa Alfavista Villa No 6,housingEstate,Villa Alfavista Villa No 6,,,,,,1,true
Villa Alfavista Villa No 7,Villa Alfavista Villa No 7,housingEstate,Villa Alfavista Villa No 7,,,,,,1,true
愛琴苑,愛琴苑,housingEstate,愛琴苑,,,,,,1,true
青雲閣,青雲閣,housingEstate,青雲閣,,,,,,1,true
浪濤苑,浪濤苑,housingEstate,浪濤苑,,,,,,1,true
天佑居,天佑居,housingEstate,天佑居,,,,,,1,true
好時花園,好時花園,housingEstate,好時花園,,,,,,1,true
歡景花園,歡景花園,housingEstate,歡景花園,,,,,,1,true
嘉苑,嘉苑,housingEstate,嘉苑,,,,,,1,true
嘉富苑,嘉富苑,housingEstate,嘉富苑,,,,,,1,true
秀麗苑,秀麗苑,housingEstate,秀麗苑,,,,,,1,true
世紀村,世紀村,housingEstate,世紀村,,,,,,1,true
及時居,及時居,housingEstate,及時居,,,,,,1,true
碧濤軒,碧濤軒,housingEstate,碧濤軒,,,,,,1,true
銀竹苑,銀竹苑,housingEstate,銀竹苑,,,,,,1,true
綠榕苑,綠榕苑,housingEstate,綠榕苑,,,,,,1,true
紫荊苑,紫荊苑,housingEstate,紫荊苑,,,,,,1,true
錦桃苑,錦桃苑,housingEstate,錦桃苑,,,,,,1,true
祥雲閣,祥雲閣,housingEstate,祥雲閣,,,,,,1,true
晶苑,晶苑,housingEstate,晶苑,,,,,,1,true
愉寧苑,愉寧苑,housingEstate,愉寧苑,,,,,,1,true
怡和苑,怡和苑,housingEstate,怡和苑,,,,,,1,true
怡康閣,怡康閣,housingEstate,怡康閣,,,,,,1,true
金柏苑,金柏苑,housingEstate,金柏苑,,,,,,1,true
辰龍閣,辰龍閣,housingEstate,辰龍閣,,,,,,1,true
文翠閣,文翠閣,housingEstate,文翠閣,,,,,,1,true
梅苑,梅苑,housingEstate,梅苑,,,,,,1,true
美寧臺,美寧臺,housingEstate,美寧臺,,,,,,1,true
團圓閣,團圓閣,housingEstate,團圓閣,,,,,,1,true
青樺苑,青樺苑,housingEstate,青樺苑,,,,,,1,true
棕櫚苑,棕櫚苑,housingEstate,棕櫚苑,,,,,,1,true
碧苑,碧苑,housingEstate,碧苑,,,,,,1,true
博文閣,博文閣,housingEstate,博文閣,,,,,,1,true
博文閣A座,博文閣A座,housingEstate,博文閣A座,,,,,,1,true
博文閣B座,博文閣B座,housingEstate,博文閣B座,,,,,,1,true
博文苑,博文苑,housingEstate,博文苑,,,,,,1,true
翰林軒第1座,翰林軒第1座,housingEstate,翰林軒第1座,,,,,,1,true
翰林軒第2座,翰林軒第2座,housingEstate,翰林軒第2座,,,,,,1,true
宇宙閣A座,宇宙閣A座,housingEstate,宇宙閣A座,,,,,,1,true
宇宙閣B座,宇宙閣B座,housingEstate,宇宙閣B座,,,,,,1,true
逸泰居,逸泰居,housingEstate,逸泰居,,,,,,1,true
利舞臺,利舞臺,housingEstate,利舞臺,,,,,,1,true
上村公園,上村公園,housingEstate,上村公園,,,,,,1,true
林村郊野公園,林村郊野公園,housingEstate,林村郊野公園,,,,,,1,true
海港閣,海港閣,housingEstate,海港閣,,,,,,1,true
海怡花園,海怡花園,housingEstate,海怡花園,,,,,,1,true
海景花園,海景花園,housingEstate,海景花園,,,,,,1,true
夏蕙台,夏蕙台,housingEstate,夏蕙台,,,,,,1,true
麗東海景豪苑,麗東海景豪苑,housingEstate,麗東海景豪苑,,,,,,1,true
Cullinan Harbour Mansion 1,Cullinan Harbour Mansion 1,housingEstate,Cullinan Harbour Mansion 1,,,,,,1,true
Cullinan Harbour Mansion 2,Cullinan Harbour Mansion 2,housingEstate,Cullinan Harbour Mansion 2,,,,,,1,true
商業電台,商業電台,housingEstate,商業電台,,,,,,1,true
深井商業新村,深井商業新村,housingEstate,深井商業新村,,,,,,1,true
金鐘花園,金鐘花園,housingEstate,金鐘花園,,,,,,1,true
愛都閣,愛都閣,housingEstate,愛都閣,,,,,,1,true
灣仔臨時海濱花園 (灣仔碼頭),灣仔臨時海濱花園 (灣仔碼頭),housingEstate,灣仔臨時海濱花園 (灣仔碼頭),,,,,,1,true
灣仔臨時海濱花園,灣仔臨時海濱花園,housingEstate,灣仔臨時海濱花園,,,,,,1,true
北角海濱花園,北角海濱花園,housingEstate,北角海濱花園,,,,,,1,true
北角臺,北角臺,housingEstate,北角臺,,,,,,1,true
北角台,北角台,housingEstate,北角台,,,,,,1,true
北角海濱花園(一期),北角海濱花園(一期),housingEstate,北角海濱花園(一期),,,,,,1,true
鰂魚涌水塘花園,鰂魚涌水塘花園,housingEstate,鰂魚涌水塘花園,,,,,,1,true
融柏軒,融柏軒,housingEstate,融柏軒,,,,,,1,true
尖沙咀海濱花園 (指定位置),尖沙咀海濱花園 (指定位置),housingEstate,尖沙咀海濱花園 (指定位置),,,,,,1,true
尖沙咀海濱花園,尖沙咀海濱花園,housingEstate,尖沙咀海濱花園,,,,,,1,true
尖沙咀東海濱平台花園,尖沙咀東海濱平台花園,housingEstate,尖沙咀東海濱平台花園,,,,,,1,true
MK 居停,MK 居停,housingEstate,MK 居停,,,,,,1,true
安居通長者家居用品店(深水埗),安居通長者家居用品店(深水埗),housingEstate,安居通長者家居用品店(深水埗),,,,,,1,true
觀塘花園大廈,觀塘花園大廈,housingEstate,觀塘花園大廈,,,,,,1,true
觀塘海濱花園,觀塘海濱花園,housingEstate,觀塘海濱花園,,,,,,1,true
九龍灣運動場看台,九龍灣運動場看台,housingEstate,九龍灣運動場看台,,,,,,1,true
九龍灣公園 - 單車公園近休憩平台,九龍灣公園 - 單車公園近休憩平台,housingEstate,九龍灣公園 - 單車公園近休憩平台,,,,,,1,true
九龍灣公園 - 十一人人造草地足球場近一號看台,九龍灣公園 - 十一人人造草地足球場近一號看台,housingEstate,九龍灣公園 - 十一人人造草地足球場近一號看台,,,,,,1,true
九龍灣公園 - 十一人人造草地足球場近四號看台,九龍灣公園 - 十一人人造草地足球場近四號看台,housingEstate,九龍灣公園 - 十一人人造草地足球場近四號看台,,,,,,1,true
黃大仙邨,黃大仙邨,housingEstate,黃大仙邨,,,,,,1,true
黃大仙下邨,黃大仙下邨,housingEstate,黃大仙下邨,,,,,,1,true
黃大仙上邨,黃大仙上邨,housingEstate,黃大仙上邨,,,,,,1,true
黃大仙邨一區,黃大仙邨一區,housingEstate,黃大仙邨一區,,,,,,1,true
黃大仙下(1)邨,黃大仙下(1)邨,housingEstate,黃大仙下(1)邨,,,,,,1,true
黃大仙下邨(一區),黃大仙下邨(一區),housingEstate,黃大仙下邨(一區),,,,,,1,true
黃大仙邨二區,黃大仙邨二區,housingEstate,黃大仙邨二區,,,,,,1,true
黃大仙下(2)邨,黃大仙下(2)邨,housingEstate,黃大仙下(2)邨,,,,,,1,true
黃大仙下邨（二區）,黃大仙下邨（二區）,housingEstate,黃大仙下邨（二區）,,,,,,1,true
黃大仙下邨(二區),黃大仙下邨(二區),housingEstate,黃大仙下邨(二區),,,,,,1,true
黃大仙上邨第1期,黃大仙上邨第1期,housingEstate,黃大仙上邨第1期,,,,,,1,true
黃大仙上邨第2期,黃大仙上邨第2期,housingEstate,黃大仙上邨第2期,,,,,,1,true
九龍塘閣,九龍塘閣,housingEstate,九龍塘閣,,,,,,1,true
九龍塘花園,九龍塘花園,housingEstate,九龍塘花園,,,,,,1,true
九龍塘閣A座,九龍塘閣A座,housingEstate,九龍塘閣A座,,,,,,1,true
九龍塘閣B座,九龍塘閣B座,housingEstate,九龍塘閣B座,,,,,,1,true
沙田花園,沙田花園,housingEstate,沙田花園,,,,,,1,true
大圍村,大圍村,housingEstate,大圍村,,,,,,1,true
大圍新村,大圍新村,housingEstate,大圍新村,,,,,,1,true
大圍村村公所,大圍村村公所,housingEstate,大圍村村公所,,,,,,1,true
荃灣靈灰閣,荃灣靈灰閣,housingEstate,荃灣靈灰閣,,,,,,1,true
荃灣花園,荃灣花園,housingEstate,荃灣花園,,,,,,1,true
中葵涌村,中葵涌村,housingEstate,中葵涌村,,,,,,1,true
下葵涌村,下葵涌村,housingEstate,下葵涌村,,,,,,1,true
上葵涌花園,上葵涌花園,housingEstate,上葵涌花園,,,,,,1,true
上葵涌村,上葵涌村,housingEstate,上葵涌村,,,,,,1,true
中葵涌村公所,中葵涌村公所,housingEstate,中葵涌村公所,,,,,,1,true
屯門海濱花園,屯門海濱花園,housingEstate,屯門海濱花園,,,,,,1,true
屯門新村,屯門新村,housingEstate,屯門新村,,,,,,1,true
大埔花園,大埔花園,housingEstate,大埔花園,,,,,,1,true
大埔瞭望台,大埔瞭望台,housingEstate,大埔瞭望台,,,,,,1,true
粉嶺花園第1座,粉嶺花園第1座,housingEstate,粉嶺花園第1座,,,,,,1,true
粉嶺花園第10座,粉嶺花園第10座,housingEstate,粉嶺花園第10座,,,,,,1,true
粉嶺花園第11座,粉嶺花園第11座,housingEstate,粉嶺花園第11座,,,,,,1,true
粉嶺花園第12座,粉嶺花園第12座,housingEstate,粉嶺花園第12座,,,,,,1,true
粉嶺花園第13座,粉嶺花園第13座,housingEstate,粉嶺花園第13座,,,,,,1,true
粉嶺花園第14座,粉嶺花園第14座,housingEstate,粉嶺花園第14座,,,,,,1,true
粉嶺花園第15座,粉嶺花園第15座,housingEstate,粉嶺花園第15座,,,,,,1,true
粉嶺花園第16座,粉嶺花園第16座,housingEstate,粉嶺花園第16座,,,,,,1,true
粉嶺花園第17座,粉嶺花園第17座,housingEstate,粉嶺花園第17座,,,,,,1,true
粉嶺花園第18座,粉嶺花園第18座,housingEstate,粉嶺花園第18座,,,,,,1,true
粉嶺花園第19座,粉嶺花園第19座,housingEstate,粉嶺花園第19座,,,,,,1,true
粉嶺花園第2座,粉嶺花園第2座,housingEstate,粉嶺花園第2座,,,,,,1,true
粉嶺花園第3座,粉嶺花園第3座,housingEstate,粉嶺花園第3座,,,,,,1,true
粉嶺花園第4座,粉嶺花園第4座,housingEstate,粉嶺花園第4座,,,,,,1,true
粉嶺花園第5座,粉嶺花園第5座,housingEstate,粉嶺花園第5座,,,,,,1,true
粉嶺花園第6座,粉嶺花園第6座,housingEstate,粉嶺花園第6座,,,,,,1,true
粉嶺花園第7座,粉嶺花園第7座,housingEstate,粉嶺花園第7座,,,,,,1,true
粉嶺花園第8座,粉嶺花園第8座,housingEstate,粉嶺花園第8座,,,,,,1,true
粉嶺花園第9座,粉嶺花園第9座,housingEstate,粉嶺花園第9座,,,,,,1,true
上水花園第一號,上水花園第一號,housingEstate,上水花園第一號,,,,,,1,true
上水花園第二號,上水花園第二號,housingEstate,上水花園第二號,,,,,,1,true
上水花園第三號,上水花園第三號,housingEstate,上水花園第三號,,,,,,1,true
上水花園第四號,上水花園第四號,housingEstate,上水花園第四號,,,,,,1,true
將軍澳村,將軍澳村,housingEstate,將軍澳村,,,,,,1,true
將軍澳村公所,將軍澳村公所,housingEstate,將軍澳村公所,,,,,,1,true
西貢花園第一座,西貢花園第一座,housingEstate,西貢花園第一座,,,,,,1,true
西貢花園第二座,西貢花園第二座,housingEstate,西貢花園第二座,,,,,,1,true
西貢遊艇會花園,西貢遊艇會花園,housingEstate,西貢遊艇會花園,,,,,,1,true
西貢花園,西貢花園,housingEstate,西貢花園,,,,,,1,true
西貢苑A座,西貢苑A座,housingEstate,西貢苑A座,,,,,,1,true
銅鑼灣花園,銅鑼灣花園,housingEstate,銅鑼灣花園,,,,,,1,true
銅鑼灣村公所,銅鑼灣村公所,housingEstate,銅鑼灣村公所,,,,,,1,true
北角舊村,北角舊村,housingEstate,北角舊村,,,,,,1,true
北角新村,北角新村,housingEstate,北角新村,,,,,,1,true
太古城泰山閣外面,太古城泰山閣外面,housingEstate,太古城泰山閣外面,,,,,,1,true
太古城唐宮閣外面,太古城唐宮閣外面,housingEstate,太古城唐宮閣外面,,,,,,1,true
太古城星輝臺(第十期)停車場,太古城星輝臺(第十期)停車場,housingEstate,太古城星輝臺(第十期)停車場,,,,,,1,true
悠閑閣餐廰(深水埗店),悠閑閣餐廰(深水埗店),housingEstate,悠閑閣餐廰(深水埗店),,,,,,1,true
黃大仙祠麟閣,黃大仙祠麟閣,housingEstate,黃大仙祠麟閣,,,,,,1,true
黃大仙元清閣,黃大仙元清閣,housingEstate,黃大仙元清閣,,,,,,1,true
黃大仙祠飛鸞台,黃大仙祠飛鸞台,housingEstate,黃大仙祠飛鸞台,,,,,,1,true
黃大仙上邨啟善樓,黃大仙上邨啟善樓,housingEstate,黃大仙上邨啟善樓,,,,,,1,true
沙田頭新村,沙田頭新村,housingEstate,沙田頭新村,,,,,,1,true
沙田圍新村,沙田圍新村,housingEstate,沙田圍新村,,,,,,1,true
沙田花園A座,沙田花園A座,housingEstate,沙田花園A座,,,,,,1,true
沙田花園B座,沙田花園B座,housingEstate,沙田花園B座,,,,,,1,true
沙田花園C座,沙田花園C座,housingEstate,沙田花園C座,,,,,,1,true
沙田花園D座,沙田花園D座,housingEstate,沙田花園D座,,,,,,1,true
沙田花園E座,沙田花園E座,housingEstate,沙田花園E座,,,,,,1,true
沙田花園F座,沙田花園F座,housingEstate,沙田花園F座,,,,,,1,true
沙田花園G座,沙田花園G座,housingEstate,沙田花園G座,,,,,,1,true
沙田花園H座,沙田花園H座,housingEstate,沙田花園H座,,,,,,1,true
大圍村公所,大圍村公所,housingEstate,大圍村公所,,,,,,1,true
葵涌(一)邨夏葵樓,葵涌(一)邨夏葵樓,housingEstate,葵涌(一)邨夏葵樓,,,,,,1,true
葵涌(一)邨合葵樓,葵涌(一)邨合葵樓,housingEstate,葵涌(一)邨合葵樓,,,,,,1,true
下葵涌村村公所,下葵涌村村公所,housingEstate,下葵涌村村公所,,,,,,1,true
屯門閣,屯門閣,housingEstate,屯門閣,,,,,,1,true
粉嶺花園,粉嶺花園,housingEstate,粉嶺花園,,,,,,1,true
粉嶺樓花園,粉嶺樓花園,housingEstate,粉嶺樓花園,,,,,,1,true
粉嶺村村公所,粉嶺村村公所,housingEstate,粉嶺村村公所,,,,,,1,true
將軍澳靈灰閣,將軍澳靈灰閣,housingEstate,將軍澳靈灰閣,,,,,,1,true
西貢苑B座,西貢苑B座,housingEstate,西貢苑B座,,,,,,1,true
西貢苑C座,西貢苑C座,housingEstate,西貢苑C座,,,,,,1,true
西貢苑D座,西貢苑D座,housingEstate,西貢苑D座,,,,,,1,true
西貢苑E座,西貢苑E座,housingEstate,西貢苑E座,,,,,,1,true
西貢苑F座,西貢苑F座,housingEstate,西貢苑F座,,,,,,1,true
西貢濤苑1座,西貢濤苑1座,housingEstate,西貢濤苑1座,,,,,,1,true
西貢濤苑10座,西貢濤苑10座,housingEstate,西貢濤苑10座,,,,,,1,true
西貢濤苑11座,西貢濤苑11座,housingEstate,西貢濤苑11座,,,,,,1,true
西貢濤苑12座,西貢濤苑12座,housingEstate,西貢濤苑12座,,,,,,1,true
西貢濤苑13座,西貢濤苑13座,housingEstate,西貢濤苑13座,,,,,,1,true
西貢濤苑15座,西貢濤苑15座,housingEstate,西貢濤苑15座,,,,,,1,true
西貢濤苑16座,西貢濤苑16座,housingEstate,西貢濤苑16座,,,,,,1,true
西貢濤苑17座,西貢濤苑17座,housingEstate,西貢濤苑17座,,,,,,1,true
西貢濤苑18座,西貢濤苑18座,housingEstate,西貢濤苑18座,,,,,,1,true
西貢濤苑2座,西貢濤苑2座,housingEstate,西貢濤苑2座,,,,,,1,true
西貢濤苑3座,西貢濤苑3座,housingEstate,西貢濤苑3座,,,,,,1,true
西貢濤苑5座,西貢濤苑5座,housingEstate,西貢濤苑5座,,,,,,1,true
西貢濤苑6座,西貢濤苑6座,housingEstate,西貢濤苑6座,,,,,,1,true
西貢濤苑7座,西貢濤苑7座,housingEstate,西貢濤苑7座,,,,,,1,true
西貢濤苑8座,西貢濤苑8座,housingEstate,西貢濤苑8座,,,,,,1,true
西貢濤苑9座,西貢濤苑9座,housingEstate,西貢濤苑9座,,,,,,1,true
大元邨泰樂樓,大元邨泰樂樓,housingEstate,大元邨泰樂樓,,,,,,1,true
大元邨泰民樓,大元邨泰民樓,housingEstate,大元邨泰民樓,,,,,,1,true
新生新村,新生新村,housingEstate,新生新村,,,,,,1,true
新村,新村,housingEstate,新村,,,,,,1,true
新安居,新安居,housingEstate,新安居,,,,,,1,true
新餘邨,新餘邨,housingEstate,新餘邨,,,,,,1,true
新雅閣,新雅閣,housingEstate,新雅閣,,,,,,1,true
崇新閣,崇新閣,housingEstate,崇新閣,,,,,,1,true
新力臺,新力臺,housingEstate,新力臺,,,,,,1,true
寶新閣,寶新閣,housingEstate,寶新閣,,,,,,1,true
竹新村,竹新村,housingEstate,竹新村,,,,,,1,true
福新苑,福新苑,housingEstate,福新苑,,,,,,1,true
富東邨東盛樓,富東邨東盛樓,housingEstate,富東邨東盛樓,,,,,,1,true
東苑,東苑,housingEstate,東苑,,,,,,1,true
大坑東邨東輝樓,大坑東邨東輝樓,housingEstate,大坑東邨東輝樓,,,,,,1,true
大坑東邨東健樓,大坑東邨東健樓,housingEstate,大坑東邨東健樓,,,,,,1,true
大坑東邨東龍樓,大坑東邨東龍樓,housingEstate,大坑東邨東龍樓,,,,,,1,true
西環邨西苑臺,西環邨西苑臺,housingEstate,西環邨西苑臺,,,,,,1,true
西寧閣,西寧閣,housingEstate,西寧閣,,,,,,1,true
西摩臺,西摩臺,housingEstate,西摩臺,,,,,,1,true
西苑臺,西苑臺,housingEstate,西苑臺,,,,,,1,true
南苑,南苑,housingEstate,南苑,,,,,,1,true
南山邨南明樓,南山邨南明樓,housingEstate,南山邨南明樓,,,,,,1,true
下北村,下北村,housingEstate,下北村,,,,,,1,true
喇沙閣,喇沙閣,housingEstate,喇沙閣,,,,,,1,true
白沙村,白沙村,housingEstate,白沙村,,,,,,1,true
荃景花園,荃景花園,housingEstate,荃景花園,,,,,,1,true
荃德花園,荃德花園,housingEstate,荃德花園,,,,,,1,true
荃威花園,荃威花園,housingEstate,荃威花園,,,,,,1,true
葵芳邨葵正樓,葵芳邨葵正樓,housingEstate,葵芳邨葵正樓,,,,,,1,true
葵芳邨葵喜樓,葵芳邨葵喜樓,housingEstate,葵芳邨葵喜樓,,,,,,1,true
葵芳邨葵泰樓,葵芳邨葵泰樓,housingEstate,葵芳邨葵泰樓,,,,,,1,true
葵苑,葵苑,housingEstate,葵苑,,,,,,1,true
葵翠邨,葵翠邨,housingEstate,葵翠邨,,,,,,1,true
葵俊苑,葵俊苑,housingEstate,葵俊苑,,,,,,1,true
葵馥苑,葵馥苑,housingEstate,葵馥苑,,,,,,1,true
葵謙閣,葵謙閣,housingEstate,葵謙閣,,,,,,1,true
葵康苑,葵康苑,housingEstate,葵康苑,,,,,,1,true
長青邨青荷樓,長青邨青荷樓,housingEstate,長青邨青荷樓,,,,,,1,true
長青邨青蘭樓,長青邨青蘭樓,housingEstate,長青邨青蘭樓,,,,,,1,true
長青邨青榕樓,長青邨青榕樓,housingEstate,長青邨青榕樓,,,,,,1,true
青逸居,青逸居,housingEstate,青逸居,,,,,,1,true
青華苑,青華苑,housingEstate,青華苑,,,,,,1,true
青逸軒1座,青逸軒1座,housingEstate,青逸軒1座,,,,,,1,true
青和居護老院,青和居護老院,housingEstate,青和居護老院,,,,,,1,true
元州邨元智樓,元州邨元智樓,housingEstate,元州邨元智樓,,,,,,1,true
元州邨元謙樓,元州邨元謙樓,housingEstate,元州邨元謙樓,,,,,,1,true
元州邨元樂樓,元州邨元樂樓,housingEstate,元州邨元樂樓,,,,,,1,true
開元居,開元居,housingEstate,開元居,,,,,,1,true
大元村,大元村,housingEstate,大元村,,,,,,1,true
元崗村,元崗村,housingEstate,元崗村,,,,,,1,true
元州邨,元州邨,housingEstate,元州邨,,,,,,1,true
長旺雅苑,長旺雅苑,housingEstate,長旺雅苑,,,,,,1,true
深涌村,深涌村,housingEstate,深涌村,,,,,,1,true
深石村,深石村,housingEstate,深石村,,,,,,1,true
深井村,深井村,housingEstate,深井村,,,,,,1,true
深井東村,深井東村,housingEstate,深井東村,,,,,,1,true
深井舊村,深井舊村,housingEstate,深井舊村,,,,,,1,true
深井新村,深井新村,housingEstate,深井新村,,,,,,1,true
深井西村,深井西村,housingEstate,深井西村,,,,,,1,true
南山觀景台,南山觀景台,housingEstate,南山觀景台,,,,,,1,true
牙鷹山觀景台,牙鷹山觀景台,housingEstate,牙鷹山觀景台,,,,,,1,true
二東山觀景台,二東山觀景台,housingEstate,二東山觀景台,,,,,,1,true
山頂花園,山頂花園,housingEstate,山頂花園,,,,,,1,true
山頂凌霄閣,山頂凌霄閣,housingEstate,山頂凌霄閣,,,,,,1,true
富山邨富暉樓,富山邨富暉樓,housingEstate,富山邨富暉樓,,,,,,1,true
富山邨富仁樓,富山邨富仁樓,housingEstate,富山邨富仁樓,,,,,,1,true
天慈邨,天慈邨,housingEstate,天慈邨,,,,,,1,true
天華邨,天華邨,housingEstate,天華邨,,,,,,1,true
天耀一，二邨,天耀一，二邨,housingEstate,天耀一，二邨,,,,,,1,true
天澤邨澤星樓,天澤邨澤星樓,housingEstate,天澤邨澤星樓,,,,,,1,true
天澤邨澤潤樓,天澤邨澤潤樓,housingEstate,天澤邨澤潤樓,,,,,,1,true
天晴邨晴碧樓,天晴邨晴碧樓,housingEstate,天晴邨晴碧樓,,,,,,1,true
天恒邨恒翠樓,天恒邨恒翠樓,housingEstate,天恒邨恒翠樓,,,,,,1,true
天恒邨恒富樓,天恒邨恒富樓,housingEstate,天恒邨恒富樓,,,,,,1,true
天恒邨恒健樓,天恒邨恒健樓,housingEstate,天恒邨恒健樓,,,,,,1,true
天慈邨慈輝樓,天慈邨慈輝樓,housingEstate,天慈邨慈輝樓,,,,,,1,true
天慈邨慈心樓,天慈邨慈心樓,housingEstate,天慈邨慈心樓,,,,,,1,true
天逸邨逸池樓,天逸邨逸池樓,housingEstate,天逸邨逸池樓,,,,,,1,true
天逸邨逸灣樓,天逸邨逸灣樓,housingEstate,天逸邨逸灣樓,,,,,,1,true
天逸邨逸洋樓,天逸邨逸洋樓,housingEstate,天逸邨逸洋樓,,,,,,1,true
天悅邨悅富樓,天悅邨悅富樓,housingEstate,天悅邨悅富樓,,,,,,1,true
天悅邨悦華樓,天悅邨悦華樓,housingEstate,天悅邨悦華樓,,,,,,1,true
嘉宜居,嘉宜居,housingEstate,嘉宜居,,,,,,1,true
嘉暉臺,嘉暉臺,housingEstate,嘉暉臺,,,,,,1,true
嘉樂苑,嘉樂苑,housingEstate,嘉樂苑,,,,,,1,true
嘉福苑,嘉福苑,housingEstate,嘉福苑,,,,,,1,true
嘉華苑,嘉華苑,housingEstate,嘉華苑,,,,,,1,true
嘉美閣,嘉美閣,housingEstate,嘉美閣,,,,,,1,true
嘉蘭閣,嘉蘭閣,housingEstate,嘉蘭閣,,,,,,1,true
嘉樂閣,嘉樂閣,housingEstate,嘉樂閣,,,,,,1,true
嘉景臺,嘉景臺,housingEstate,嘉景臺,,,,,,1,true
嘉雲閣,嘉雲閣,housingEstate,嘉雲閣,,,,,,1,true
嘉林閣,嘉林閣,housingEstate,嘉林閣,,,,,,1,true
嘉麗苑,嘉麗苑,housingEstate,嘉麗苑,,,,,,1,true
嘉倫閣,嘉倫閣,housingEstate,嘉倫閣,,,,,,1,true
嘉鳴閣,嘉鳴閣,housingEstate,嘉鳴閣,,,,,,1,true
聯嘉閣,聯嘉閣,housingEstate,聯嘉閣,,,,,,1,true
嘉麟閣,嘉麟閣,housingEstate,嘉麟閣,,,,,,1,true
嘉崙臺,嘉崙臺,housingEstate,嘉崙臺,,,,,,1,true
嘉豪軒,嘉豪軒,housingEstate,嘉豪軒,,,,,,1,true
嘉皇臺,嘉皇臺,housingEstate,嘉皇臺,,,,,,1,true
嘉裕閣,嘉裕閣,housingEstate,嘉裕閣,,,,,,1,true
麗苑,麗苑,housingEstate,麗苑,,,,,,1,true
麗閣邨麗荷樓,麗閣邨麗荷樓,housingEstate,麗閣邨麗荷樓,,,,,,1,true
麗閣邨麗蘭樓,麗閣邨麗蘭樓,housingEstate,麗閣邨麗蘭樓,,,,,,1,true
麗安邨麗正樓,麗安邨麗正樓,housingEstate,麗安邨麗正樓,,,,,,1,true
麗安邨麗德樓,麗安邨麗德樓,housingEstate,麗安邨麗德樓,,,,,,1,true
麗翠苑麗楊閣,麗翠苑麗楊閣,housingEstate,麗翠苑麗楊閣,,,,,,1,true
全麗居,全麗居,housingEstate,全麗居,,,,,,1,true
雅麗閣,雅麗閣,housingEstate,雅麗閣,,,,,,1,true
碧麗苑,碧麗苑,housingEstate,碧麗苑,,,,,,1,true
昌麗閣,昌麗閣,housingEstate,昌麗閣,,,,,,1,true
麗晶閣,麗晶閣,housingEstate,麗晶閣,,,,,,1,true
德麗閣,德麗閣,housingEstate,德麗閣,,,,,,1,true
華麗苑,華麗苑,housingEstate,華麗苑,,,,,,1,true
華麗閣,華麗閣,housingEstate,華麗閣,,,,,,1,true
堅麗閣,堅麗閣,housingEstate,堅麗閣,,,,,,1,true
景麗苑,景麗苑,housingEstate,景麗苑,,,,,,1,true
金麗閣,金麗閣,housingEstate,金麗閣,,,,,,1,true
麗雅苑,麗雅苑,housingEstate,麗雅苑,,,,,,1,true
美麗閣,美麗閣,housingEstate,美麗閣,,,,,,1,true
美麗臺,美麗臺,housingEstate,美麗臺,,,,,,1,true
麗栢苑,麗栢苑,housingEstate,麗栢苑,,,,,,1,true
柏麗居,柏麗居,housingEstate,柏麗居,,,,,,1,true
富麗苑,富麗苑,housingEstate,富麗苑,,,,,,1,true
碧麗閣,碧麗閣,housingEstate,碧麗閣,,,,,,1,true
麗松苑,麗松苑,housingEstate,麗松苑,,,,,,1,true
麗豪閣,麗豪閣,housingEstate,麗豪閣,,,,,,1,true
翠麗苑,翠麗苑,housingEstate,翠麗苑,,,,,,1,true
澳麗閣,澳麗閣,housingEstate,澳麗閣,,,,,,1,true
寶苑,寶苑,housingEstate,寶苑,,,,,,1,true
寶閣,寶閣,housingEstate,寶閣,,,,,,1,true
寶珊閣,寶珊閣,housingEstate,寶珊閣,,,,,,1,true
寶晶閣,寶晶閣,housingEstate,寶晶閣,,,,,,1,true
寶恒苑,寶恒苑,housingEstate,寶恒苑,,,,,,1,true
寶瑜閣,寶瑜閣,housingEstate,寶瑜閣,,,,,,1,true
寶馬臺,寶馬臺,housingEstate,寶馬臺,,,,,,1,true
玉寶閣,玉寶閣,housingEstate,玉寶閣,,,,,,1,true
珍寶閣,珍寶閣,housingEstate,珍寶閣,,,,,,1,true
富寶閣,富寶閣,housingEstate,富寶閣,,,,,,1,true
寶華閣,寶華閣,housingEstate,寶華閣,,,,,,1,true
大寶閣,大寶閣,housingEstate,大寶閣,,,,,,1,true
寶城閣,寶城閣,housingEstate,寶城閣,,,,,,1,true
寶峰閣,寶峰閣,housingEstate,寶峰閣,,,,,,1,true
樂華北邨秉華樓或欣華樓,樂華北邨秉華樓或欣華樓,housingEstate,樂華北邨秉華樓或欣華樓,,,,,,1,true
樂華南邨輝華樓,樂華南邨輝華樓,housingEstate,樂華南邨輝華樓,,,,,,1,true
樂華北邨達華樓,樂華北邨達華樓,housingEstate,樂華北邨達華樓,,,,,,1,true
樂華南邨奐華樓,樂華南邨奐華樓,housingEstate,樂華南邨奐華樓,,,,,,1,true
華廈邨華欣樓,華廈邨華欣樓,housingEstate,華廈邨華欣樓,,,,,,1,true
華苑,華苑,housingEstate,華苑,,,,,,1,true
樂華北邨,樂華北邨,housingEstate,樂華北邨,,,,,,1,true
樂華南邨,樂華南邨,housingEstate,樂華南邨,,,,,,1,true
華富二邨華景樓,華富二邨華景樓,housingEstate,華富二邨華景樓,,,,,,1,true
華心邨華勉樓,華心邨華勉樓,housingEstate,華心邨華勉樓,,,,,,1,true
富華閣,富華閣,housingEstate,富華閣,,,,,,1,true
峰華閣,峰華閣,housingEstate,峰華閣,,,,,,1,true
華嚴閣,華嚴閣,housingEstate,華嚴閣,,,,,,1,true
蓮華臺,蓮華臺,housingEstate,蓮華臺,,,,,,1,true
金坪邨金坪樓,金坪邨金坪樓,housingEstate,金坪邨金坪樓,,,,,,1,true
金翠軒,金翠軒,housingEstate,金翠軒,,,,,,1,true
金鳳台,金鳳台,housingEstate,金鳳台,,,,,,1,true
金雲閣,金雲閣,housingEstate,金雲閣,,,,,,1,true
金鑾閣,金鑾閣,housingEstate,金鑾閣,,,,,,1,true
金龍臺,金龍臺,housingEstate,金龍臺,,,,,,1,true
金龍閣,金龍閣,housingEstate,金龍閣,,,,,,1,true
金碧閣,金碧閣,housingEstate,金碧閣,,,,,,1,true
萬金閣,萬金閣,housingEstate,萬金閣,,,,,,1,true
金櫻閣,金櫻閣,housingEstate,金櫻閣,,,,,,1,true
金暉苑,金暉苑,housingEstate,金暉苑,,,,,,1,true
紫金閣,紫金閣,housingEstate,紫金閣,,,,,,1,true
金菊臺,金菊臺,housingEstate,金菊臺,,,,,,1,true
金碧苑,金碧苑,housingEstate,金碧苑,,,,,,1,true
銀灣邨銀日樓,銀灣邨銀日樓,housingEstate,銀灣邨銀日樓,,,,,,1,true
銀灣邨銀月樓,銀灣邨銀月樓,housingEstate,銀灣邨銀月樓,,,,,,1,true
銀霞閣,銀霞閣,housingEstate,銀霞閣,,,,,,1,true
銀林閣,銀林閣,housingEstate,銀林閣,,,,,,1,true
銀巒閣,銀巒閣,housingEstate,銀巒閣,,,,,,1,true
銀湖軒,銀湖軒,housingEstate,銀湖軒,,,,,,1,true
銀坑村,銀坑村,housingEstate,銀坑村,,,,,,1,true
銀朗閣,銀朗閣,housingEstate,銀朗閣,,,,,,1,true
銀旭閣,銀旭閣,housingEstate,銀旭閣,,,,,,1,true
德苑,德苑,housingEstate,德苑,,,,,,1,true
勵德邨德全樓,勵德邨德全樓,housingEstate,勵德邨德全樓,,,,,,1,true
厚德邨德澤樓,厚德邨德澤樓,housingEstate,厚德邨德澤樓,,,,,,1,true
德朗邨德瓏樓,德朗邨德瓏樓,housingEstate,德朗邨德瓏樓,,,,,,1,true
厚德邨德安樓,厚德邨德安樓,housingEstate,厚德邨德安樓,,,,,,1,true
德朗邨德瑤樓,德朗邨德瑤樓,housingEstate,德朗邨德瑤樓,,,,,,1,true
慈德苑,慈德苑,housingEstate,慈德苑,,,,,,1,true
立德台,立德台,housingEstate,立德台,,,,,,1,true
德光閣,德光閣,housingEstate,德光閣,,,,,,1,true
義德台,義德台,housingEstate,義德台,,,,,,1,true
勵德閣,勵德閣,housingEstate,勵德閣,,,,,,1,true
德成台,德成台,housingEstate,德成台,,,,,,1,true
德偉閣,德偉閣,housingEstate,德偉閣,,,,,,1,true
德福閣,德福閣,housingEstate,德福閣,,,,,,1,true
衛德臺,衛德臺,housingEstate,衛德臺,,,,,,1,true
樂富邨樂東樓,樂富邨樂東樓,housingEstate,樂富邨樂東樓,,,,,,1,true
樂富邨樂泰樓,樂富邨樂泰樓,housingEstate,樂富邨樂泰樓,,,,,,1,true
樂富邨宏順樓,樂富邨宏順樓,housingEstate,樂富邨宏順樓,,,,,,1,true
康樂園鄉村俱樂部,康樂園鄉村俱樂部,housingEstate,康樂園鄉村俱樂部,,,,,,1,true
香港鄉村俱樂部,香港鄉村俱樂部,housingEstate,香港鄉村俱樂部,,,,,,1,true
清水灣鄉村俱樂部,清水灣鄉村俱樂部,housingEstate,清水灣鄉村俱樂部,,,,,,1,true
愉景灣碧濤村,愉景灣碧濤村,housingEstate,愉景灣碧濤村,,,,,,1,true
愉景灣蔚陽村,愉景灣蔚陽村,housingEstate,愉景灣蔚陽村,,,,,,1,true
愉景灣康慧台,愉景灣康慧台,housingEstate,愉景灣康慧台,,,,,,1,true
愉景灣海藍居,愉景灣海藍居,housingEstate,愉景灣海藍居,,,,,,1,true
愉景灣海寧居,愉景灣海寧居,housingEstate,愉景灣海寧居,,,,,,1,true
愉景灣明翠台,愉景灣明翠台,housingEstate,愉景灣明翠台,,,,,,1,true
愉景灣海堤居,愉景灣海堤居,housingEstate,愉景灣海堤居,,,,,,1,true
偉存居,偉存居,housingEstate,偉存居,,,,,,1,true
偉仕居,偉仕居,housingEstate,偉仕居,,,,,,1,true
偉士居,偉士居,housingEstate,偉士居,,,,,,1,true
偉景臺,偉景臺,housingEstate,偉景臺,,,,,,1,true
偉晴軒,偉晴軒,housingEstate,偉晴軒,,,,,,1,true
偉景閣,偉景閣,housingEstate,偉景閣,,,,,,1,true
偉利閣,偉利閣,housingEstate,偉利閣,,,,,,1,true
偉晴閣,偉晴閣,housingEstate,偉晴閣,,,,,,1,true
偉業花園,偉業花園,housingEstate,偉業花園,,,,,,1,true
長宏邨宏毅樓,長宏邨宏毅樓,housingEstate,長宏邨宏毅樓,,,,,,1,true
長宏邨宏心樓,長宏邨宏心樓,housingEstate,長宏邨宏心樓,,,,,,1,true
宏潤軒,宏潤軒,housingEstate,宏潤軒,,,,,,1,true
宏就閣,宏就閣,housingEstate,宏就閣,,,,,,1,true
宏昌閣,宏昌閣,housingEstate,宏昌閣,,,,,,1,true
宏志閣,宏志閣,housingEstate,宏志閣,,,,,,1,true
宏建閣,宏建閣,housingEstate,宏建閣,,,,,,1,true
宏景閣,宏景閣,housingEstate,宏景閣,,,,,,1,true
宏美閣,宏美閣,housingEstate,宏美閣,,,,,,1,true
宏盛閣,宏盛閣,housingEstate,宏盛閣,,,,,,1,true
宏新閣,宏新閣,housingEstate,宏新閣,,,,,,1,true
宏泰閣,宏泰閣,housingEstate,宏泰閣,,,,,,1,true
宏裕閣,宏裕閣,housingEstate,宏裕閣,,,,,,1,true
宏遠閣,宏遠閣,housingEstate,宏遠閣,,,,,,1,true
宏立閣,宏立閣,housingEstate,宏立閣,,,,,,1,true
宏富苑,宏富苑,housingEstate,宏富苑,,,,,,1,true
雅苑,雅苑,housingEstate,雅苑,,,,,,1,true
雅居,雅居,housingEstate,雅居,,,,,,1,true
逸雅苑,逸雅苑,housingEstate,逸雅苑,,,,,,1,true
雅仕居,雅仕居,housingEstate,雅仕居,,,,,,1,true
雅鑾閣,雅鑾閣,housingEstate,雅鑾閣,,,,,,1,true
雅緻閣,雅緻閣,housingEstate,雅緻閣,,,,,,1,true
雅華閣,雅華閣,housingEstate,雅華閣,,,,,,1,true
雅景臺,雅景臺,housingEstate,雅景臺,,,,,,1,true
高雅苑,高雅苑,housingEstate,高雅苑,,,,,,1,true
雅怡閣,雅怡閣,housingEstate,雅怡閣,,,,,,1,true
雅翠苑,雅翠苑,housingEstate,雅翠苑,,,,,,1,true
文雅閣,文雅閣,housingEstate,文雅閣,,,,,,1,true
優雅閣,優雅閣,housingEstate,優雅閣,,,,,,1,true
雅頌居,雅頌居,housingEstate,雅頌居,,,,,,1,true
杏雅閣,杏雅閣,housingEstate,杏雅閣,,,,,,1,true
荔雅閣,荔雅閣,housingEstate,荔雅閣,,,,,,1,true
明雅苑,明雅苑,housingEstate,明雅苑,,,,,,1,true
雅昌閣,雅昌閣,housingEstate,雅昌閣,,,,,,1,true
雅靜閣,雅靜閣,housingEstate,雅靜閣,,,,,,1,true
雅歡閣,雅歡閣,housingEstate,雅歡閣,,,,,,1,true
雅群閣,雅群閣,housingEstate,雅群閣,,,,,,1,true
雅文閣,雅文閣,housingEstate,雅文閣,,,,,,1,true
雅寧苑,雅寧苑,housingEstate,雅寧苑,,,,,,1,true
雅平閣,雅平閣,housingEstate,雅平閣,,,,,,1,true
雅盛閣,雅盛閣,housingEstate,雅盛閣,,,,,,1,true
雅德閣,雅德閣,housingEstate,雅德閣,,,,,,1,true
雅趣閣,雅趣閣,housingEstate,雅趣閣,,,,,,1,true
雅泓閣,雅泓閣,housingEstate,雅泓閣,,,,,,1,true
雅榮閣,雅榮閣,housingEstate,雅榮閣,,,,,,1,true
豪苑,豪苑,housingEstate,豪苑,,,,,,1,true
信豪苑,信豪苑,housingEstate,信豪苑,,,,,,1,true
康豪苑,康豪苑,housingEstate,康豪苑,,,,,,1,true
豪華閣,豪華閣,housingEstate,豪華閣,,,,,,1,true
豪福軒,豪福軒,housingEstate,豪福軒,,,,,,1,true
萬豪閣,萬豪閣,housingEstate,萬豪閣,,,,,,1,true
豪津苑,豪津苑,housingEstate,豪津苑,,,,,,1,true
巴豪苑,巴豪苑,housingEstate,巴豪苑,,,,,,1,true
富豪苑,富豪苑,housingEstate,富豪苑,,,,,,1,true
聚豪居,聚豪居,housingEstate,聚豪居,,,,,,1,true
駿豪閣,駿豪閣,housingEstate,駿豪閣,,,,,,1,true
滙豪閣,滙豪閣,housingEstate,滙豪閣,,,,,,1,true
殷豪閣,殷豪閣,housingEstate,殷豪閣,,,,,,1,true
豪城閣,豪城閣,housingEstate,豪城閣,,,,,,1,true
新豪閣,新豪閣,housingEstate,新豪閣,,,,,,1,true
豪苑1座,豪苑1座,housingEstate,豪苑1座,,,,,,1,true
豪苑10座,豪苑10座,housingEstate,豪苑10座,,,,,,1,true
豪苑11座,豪苑11座,housingEstate,豪苑11座,,,,,,1,true
豪苑12座,豪苑12座,housingEstate,豪苑12座,,,,,,1,true
豪苑13座,豪苑13座,housingEstate,豪苑13座,,,,,,1,true
豪苑14座,豪苑14座,housingEstate,豪苑14座,,,,,,1,true
豪苑15座,豪苑15座,housingEstate,豪苑15座,,,,,,1,true
豪苑16座,豪苑16座,housingEstate,豪苑16座,,,,,,1,true
豪苑17座,豪苑17座,housingEstate,豪苑17座,,,,,,1,true
富昌邨富誠樓,富昌邨富誠樓,housingEstate,富昌邨富誠樓,,,,,,1,true
富昌邨富韻樓,富昌邨富韻樓,housingEstate,富昌邨富韻樓,,,,,,1,true
富昌邨富悅樓,富昌邨富悅樓,housingEstate,富昌邨富悅樓,,,,,,1,true
富康居,富康居,housingEstate,富康居,,,,,,1,true
富恆苑,富恆苑,housingEstate,富恆苑,,,,,,1,true
富澤軒,富澤軒,housingEstate,富澤軒,,,,,,1,true
富盈閣,富盈閣,housingEstate,富盈閣,,,,,,1,true
富安閣,富安閣,housingEstate,富安閣,,,,,,1,true
富康閣,富康閣,housingEstate,富康閣,,,,,,1,true
富怡苑,富怡苑,housingEstate,富怡苑,,,,,,1,true
富山苑,富山苑,housingEstate,富山苑,,,,,,1,true
富貴苑,富貴苑,housingEstate,富貴苑,,,,,,1,true
皆富閣,皆富閣,housingEstate,皆富閣,,,,,,1,true
富達苑,富達苑,housingEstate,富達苑,,,,,,1,true
富寧苑,富寧苑,housingEstate,富寧苑,,,,,,1,true
富景閣,富景閣,housingEstate,富景閣,,,,,,1,true
富澤苑,富澤苑,housingEstate,富澤苑,,,,,,1,true
怡富閣,怡富閣,housingEstate,怡富閣,,,,,,1,true
富臨閣,富臨閣,housingEstate,富臨閣,,,,,,1,true
齊富閣,齊富閣,housingEstate,齊富閣,,,,,,1,true
聚富閣,聚富閣,housingEstate,聚富閣,,,,,,1,true
俊富閣,俊富閣,housingEstate,俊富閣,,,,,,1,true
美林邨美楊樓,美林邨美楊樓,housingEstate,美林邨美楊樓,,,,,,1,true
美東邨美德樓,美東邨美德樓,housingEstate,美東邨美德樓,,,,,,1,true
美琳苑,美琳苑,housingEstate,美琳苑,,,,,,1,true
美景居,美景居,housingEstate,美景居,,,,,,1,true
美蘭閣,美蘭閣,housingEstate,美蘭閣,,,,,,1,true
美樂閣,美樂閣,housingEstate,美樂閣,,,,,,1,true
美家閣,美家閣,housingEstate,美家閣,,,,,,1,true
美倫閣,美倫閣,housingEstate,美倫閣,,,,,,1,true
美輪閣,美輪閣,housingEstate,美輪閣,,,,,,1,true
山美苑,山美苑,housingEstate,山美苑,,,,,,1,true
澤美閣,澤美閣,housingEstate,澤美閣,,,,,,1,true
灝美閣,灝美閣,housingEstate,灝美閣,,,,,,1,true
美華閣,美華閣,housingEstate,美華閣,,,,,,1,true
美景閣,美景閣,housingEstate,美景閣,,,,,,1,true
美城苑,美城苑,housingEstate,美城苑,,,,,,1,true
美松苑,美松苑,housingEstate,美松苑,,,,,,1,true
翠豐臺,翠豐臺,housingEstate,翠豐臺,,,,,,1,true
翠苑,翠苑,housingEstate,翠苑,,,,,,1,true
環翠邨盛翠樓,環翠邨盛翠樓,housingEstate,環翠邨盛翠樓,,,,,,1,true
翠樂邨翠祿樓,翠樂邨翠祿樓,housingEstate,翠樂邨翠祿樓,,,,,,1,true
環翠邨澤翠樓,環翠邨澤翠樓,housingEstate,環翠邨澤翠樓,,,,,,1,true
連翠邨連翠樓,連翠邨連翠樓,housingEstate,連翠邨連翠樓,,,,,,1,true
翠屏南邨翠松樓,翠屏南邨翠松樓,housingEstate,翠屏南邨翠松樓,,,,,,1,true
翠屏南邨翠杏樓,翠屏南邨翠杏樓,housingEstate,翠屏南邨翠杏樓,,,,,,1,true
翠屏南邨翠櫻樓,翠屏南邨翠櫻樓,housingEstate,翠屏南邨翠櫻樓,,,,,,1,true
海盈邨盈昌樓,海盈邨盈昌樓,housingEstate,海盈邨盈昌樓,,,,,,1,true
彩盈邨彩盈坊,彩盈邨彩盈坊,housingEstate,彩盈邨彩盈坊,,,,,,1,true
彩盈邨盈樂樓,彩盈邨盈樂樓,housingEstate,彩盈邨盈樂樓,,,,,,1,true
盈逸苑,盈逸苑,housingEstate,盈逸苑,,,,,,1,true
百盈居,百盈居,housingEstate,百盈居,,,,,,1,true
盈溢居,盈溢居,housingEstate,盈溢居,,,,,,1,true
康盈苑,康盈苑,housingEstate,康盈苑,,,,,,1,true
美盈苑,美盈苑,housingEstate,美盈苑,,,,,,1,true
海盈邨,海盈邨,housingEstate,海盈邨,,,,,,1,true
力盈花園,力盈花園,housingEstate,力盈花園,,,,,,1,true
昌盛居,昌盛居,housingEstate,昌盛居,,,,,,1,true
昌邦閣,昌邦閣,housingEstate,昌邦閣,,,,,,1,true
昌裕閣,昌裕閣,housingEstate,昌裕閣,,,,,,1,true
昌怡閣,昌怡閣,housingEstate,昌怡閣,,,,,,1,true
昌和閣,昌和閣,housingEstate,昌和閣,,,,,,1,true
昌林閣,昌林閣,housingEstate,昌林閣,,,,,,1,true
昌蔚苑,昌蔚苑,housingEstate,昌蔚苑,,,,,,1,true
昌靖閣,昌靖閣,housingEstate,昌靖閣,,,,,,1,true
昌兆閣,昌兆閣,housingEstate,昌兆閣,,,,,,1,true
昌濤閣,昌濤閣,housingEstate,昌濤閣,,,,,,1,true
昌潤閣,昌潤閣,housingEstate,昌潤閣,,,,,,1,true
恒昌閣,恒昌閣,housingEstate,恒昌閣,,,,,,1,true
鐘聲慈善社劉梅軒安老院,鐘聲慈善社劉梅軒安老院,housingEstate,鐘聲慈善社劉梅軒安老院,,,,,,1,true
葵盛東邨盛樂樓,葵盛東邨盛樂樓,housingEstate,葵盛東邨盛樂樓,,,,,,1,true
葵盛東邨盛安樓,葵盛東邨盛安樓,housingEstate,葵盛東邨盛安樓,,,,,,1,true
葵盛東邨盛逸樓,葵盛東邨盛逸樓,housingEstate,葵盛東邨盛逸樓,,,,,,1,true
康盛苑,康盛苑,housingEstate,康盛苑,,,,,,1,true
竹盛苑,竹盛苑,housingEstate,竹盛苑,,,,,,1,true
豐盛苑,豐盛苑,housingEstate,豐盛苑,,,,,,1,true
嘉盛苑,嘉盛苑,housingEstate,嘉盛苑,,,,,,1,true
安盛臺,安盛臺,housingEstate,安盛臺,,,,,,1,true
盛志閣,盛志閣,housingEstate,盛志閣,,,,,,1,true
盛昭閣,盛昭閣,housingEstate,盛昭閣,,,,,,1,true
盛彩閣,盛彩閣,housingEstate,盛彩閣,,,,,,1,true
盛泉閣,盛泉閣,housingEstate,盛泉閣,,,,,,1,true
盛珍閣,盛珍閣,housingEstate,盛珍閣,,,,,,1,true
盛亨閣,盛亨閣,housingEstate,盛亨閣,,,,,,1,true
盛謙閣,盛謙閣,housingEstate,盛謙閣,,,,,,1,true
盛勤閣,盛勤閣,housingEstate,盛勤閣,,,,,,1,true
盛坤閣,盛坤閣,housingEstate,盛坤閣,,,,,,1,true
榮昌邨榮俊樓,榮昌邨榮俊樓,housingEstate,榮昌邨榮俊樓,,,,,,1,true
榮昌邨榮傑樓,榮昌邨榮傑樓,housingEstate,榮昌邨榮傑樓,,,,,,1,true
殷榮閣,殷榮閣,housingEstate,殷榮閣,,,,,,1,true
榮達閣,榮達閣,housingEstate,榮達閣,,,,,,1,true
榮慧苑,榮慧苑,housingEstate,榮慧苑,,,,,,1,true
頌榮居,頌榮居,housingEstate,頌榮居,,,,,,1,true
澤榮閣,澤榮閣,housingEstate,澤榮閣,,,,,,1,true
榮基村,榮基村,housingEstate,榮基村,,,,,,1,true
峰林軒,峰林軒,housingEstate,峰林軒,,,,,,1,true
衡峰閣,衡峰閣,housingEstate,衡峰閣,,,,,,1,true
龍峯閣,龍峯閣,housingEstate,龍峯閣,,,,,,1,true
曉峰居,曉峰居,housingEstate,曉峰居,,,,,,1,true
帝峯苑,帝峯苑,housingEstate,帝峯苑,,,,,,1,true
景峰閣,景峰閣,housingEstate,景峰閣,,,,,,1,true
庭峰居,庭峰居,housingEstate,庭峰居,,,,,,1,true
九龍城綜合家居照顧服務隊,九龍城綜合家居照顧服務隊,housingEstate,九龍城綜合家居照顧服務隊,,,,,,1,true
香港聖公會九龍城綜合家居照顧服務 - 聖公會聖匠堂九龍城綜合家居照顧服務隊,香港聖公會九龍城綜合家居照顧服務 - 聖公會聖匠堂九龍城綜合家居照顧服務隊,housingEstate,香港聖公會九龍城綜合家居照顧服務 - 聖公會聖匠堂九龍城綜合家居照顧服務隊,,,,,,1,true
改善家居及社區照顧服務(九龍城),改善家居及社區照顧服務(九龍城),housingEstate,改善家居及社區照顧服務(九龍城),,,,,,1,true
香港聖公會九龍城綜合家居照顧服務 - 聖公會聖匠堂紅磡綜合家居照顧服務隊,香港聖公會九龍城綜合家居照顧服務 - 聖公會聖匠堂紅磡綜合家居照顧服務隊,housingEstate,香港聖公會九龍城綜合家居照顧服務 - 聖公會聖匠堂紅磡綜合家居照顧服務隊,,,,,,1,true
福民花園,福民花園,housingEstate,福民花園,,,,,,1,true
啟德空中花園,啟德空中花園,housingEstate,啟德空中花園,,,,,,1,true
凱苑,凱苑,housingEstate,凱苑,,,,,,1,true
國苑,國苑,housingEstate,國苑,,,,,,1,true
文苑,文苑,housingEstate,文苑,,,,,,1,true
桂苑,桂苑,housingEstate,桂苑,,,,,,1,true
樂苑,樂苑,housingEstate,樂苑,,,,,,1,true
波苑,波苑,housingEstate,波苑,,,,,,1,true
真苑,真苑,housingEstate,真苑,,,,,,1,true
祥苑,祥苑,housingEstate,祥苑,,,,,,1,true
純苑,純苑,housingEstate,純苑,,,,,,1,true
鵬苑,鵬苑,housingEstate,鵬苑,,,,,,1,true
龍苑,龍苑,housingEstate,龍苑,,,,,,1,true
松苑,松苑,housingEstate,松苑,,,,,,1,true
春苑,春苑,housingEstate,春苑,,,,,,1,true
珀苑,珀苑,housingEstate,珀苑,,,,,,1,true
瑩苑,瑩苑,housingEstate,瑩苑,,,,,,1,true
安苑,安苑,housingEstate,安苑,,,,,,1,true
菊苑,菊苑,housingEstate,菊苑,,,,,,1,true
竹苑,竹苑,housingEstate,竹苑,,,,,,1,true
康苑,康苑,housingEstate,康苑,,,,,,1,true
禮苑,禮苑,housingEstate,禮苑,,,,,,1,true
良苑,良苑,housingEstate,良苑,,,,,,1,true
頤苑,頤苑,housingEstate,頤苑,,,,,,1,true
喬苑,喬苑,housingEstate,喬苑,,,,,,1,true
晉苑,晉苑,housingEstate,晉苑,,,,,,1,true
瓊苑,瓊苑,housingEstate,瓊苑,,,,,,1,true
琴苑,琴苑,housingEstate,琴苑,,,,,,1,true
蘭苑,蘭苑,housingEstate,蘭苑,,,,,,1,true
明苑,明苑,housingEstate,明苑,,,,,,1,true
茗苑,茗苑,housingEstate,茗苑,,,,,,1,true
獵苑,獵苑,housingEstate,獵苑,,,,,,1,true
敍軒閣,敍軒閣,housingEstate,敍軒閣,,,,,,1,true
啓軒,啓軒,housingEstate,啓軒,,,,,,1,true
倚翠軒,倚翠軒,housingEstate,倚翠軒,,,,,,1,true
兆輝軒,兆輝軒,housingEstate,兆輝軒,,,,,,1,true
培澤軒,培澤軒,housingEstate,培澤軒,,,,,,1,true
容廷軒,容廷軒,housingEstate,容廷軒,,,,,,1,true
永寧軒,永寧軒,housingEstate,永寧軒,,,,,,1,true
泓景軒,泓景軒,housingEstate,泓景軒,,,,,,1,true
浩景軒,浩景軒,housingEstate,浩景軒,,,,,,1,true
漢明軒,漢明軒,housingEstate,漢明軒,,,,,,1,true
翠影軒,翠影軒,housingEstate,翠影軒,,,,,,1,true
聚庭軒,聚庭軒,housingEstate,聚庭軒,,,,,,1,true
鴻福軒,鴻福軒,housingEstate,鴻福軒,,,,,,1,true
倚濤軒,倚濤軒,housingEstate,倚濤軒,,,,,,1,true
鹿茵軒,鹿茵軒,housingEstate,鹿茵軒,,,,,,1,true
翠叠軒,翠叠軒,housingEstate,翠叠軒,,,,,,1,true
福澤軒,福澤軒,housingEstate,福澤軒,,,,,,1,true
港逸軒,港逸軒,housingEstate,港逸軒,,,,,,1,true
主恩軒,主恩軒,housingEstate,主恩軒,,,,,,1,true
松濤軒,松濤軒,housingEstate,松濤軒,,,,,,1,true
朗月軒,朗月軒,housingEstate,朗月軒,,,,,,1,true
樂湖軒,樂湖軒,housingEstate,樂湖軒,,,,,,1,true
璟瓏軒,璟瓏軒,housingEstate,璟瓏軒,,,,,,1,true
傲林軒,傲林軒,housingEstate,傲林軒,,,,,,1,true
環翠軒,環翠軒,housingEstate,環翠軒,,,,,,1,true
凱驊軒,凱驊軒,housingEstate,凱驊軒,,,,,,1,true
御亭軒,御亭軒,housingEstate,御亭軒,,,,,,1,true
御景軒,御景軒,housingEstate,御景軒,,,,,,1,true
浪晴軒,浪晴軒,housingEstate,浪晴軒,,,,,,1,true
碧戶軒,碧戶軒,housingEstate,碧戶軒,,,,,,1,true
柏濤軒,柏濤軒,housingEstate,柏濤軒,,,,,,1,true
水悅軒,水悅軒,housingEstate,水悅軒,,,,,,1,true
普綠軒,普綠軒,housingEstate,普綠軒,,,,,,1,true
暢軒閣,暢軒閣,housingEstate,暢軒閣,,,,,,1,true
福羣軒,福羣軒,housingEstate,福羣軒,,,,,,1,true
海琴軒,海琴軒,housingEstate,海琴軒,,,,,,1,true
浪琴軒,浪琴軒,housingEstate,浪琴軒,,,,,,1,true
錦軒閣,錦軒閣,housingEstate,錦軒閣,,,,,,1,true
鱗軒閣,鱗軒閣,housingEstate,鱗軒閣,,,,,,1,true
肇軒臺,肇軒臺,housingEstate,肇軒臺,,,,,,1,true
馨閣,馨閣,housingEstate,馨閣,,,,,,1,true
上真閣,上真閣,housingEstate,上真閣,,,,,,1,true
中旅閣,中旅閣,housingEstate,中旅閣,,,,,,1,true
地藏閣,地藏閣,housingEstate,地藏閣,,,,,,1,true
山景閣,山景閣,housingEstate,山景閣,,,,,,1,true
怡情閣,怡情閣,housingEstate,怡情閣,,,,,,1,true
慈航閣,慈航閣,housingEstate,慈航閣,,,,,,1,true
文祺閣,文祺閣,housingEstate,文祺閣,,,,,,1,true
明雲閣,明雲閣,housingEstate,明雲閣,,,,,,1,true
清雲閣,清雲閣,housingEstate,清雲閣,,,,,,1,true
瑞興閣,瑞興閣,housingEstate,瑞興閣,,,,,,1,true
蓬萊閣,蓬萊閣,housingEstate,蓬萊閣,,,,,,1,true
觀音閣,觀音閣,housingEstate,觀音閣,,,,,,1,true
錦安閣,錦安閣,housingEstate,錦安閣,,,,,,1,true
龍圖閣,龍圖閣,housingEstate,龍圖閣,,,,,,1,true
龍泉閣,龍泉閣,housingEstate,龍泉閣,,,,,,1,true
龍濤閣,龍濤閣,housingEstate,龍濤閣,,,,,,1,true
幸福閣,幸福閣,housingEstate,幸福閣,,,,,,1,true
翠怡閣,翠怡閣,housingEstate,翠怡閣,,,,,,1,true
玉麟閣,玉麟閣,housingEstate,玉麟閣,,,,,,1,true
蘭香閣,蘭香閣,housingEstate,蘭香閣,,,,,,1,true
楊華閣,楊華閣,housingEstate,楊華閣,,,,,,1,true
碧儷閣,碧儷閣,housingEstate,碧儷閣,,,,,,1,true
巴芬閣,巴芬閣,housingEstate,巴芬閣,,,,,,1,true
碧林閣,碧林閣,housingEstate,碧林閣,,,,,,1,true
碧蘭閣,碧蘭閣,housingEstate,碧蘭閣,,,,,,1,true
碧殿閣,碧殿閣,housingEstate,碧殿閣,,,,,,1,true
碧華閣,碧華閣,housingEstate,碧華閣,,,,,,1,true
香港青年協會杏花邨青年空間,香港青年協會杏花邨青年空間,housingEstate,香港青年協會杏花邨青年空間,,,,,,1,true
東區走廊(近杏花邨)加建隔音屏障工程,東區走廊(近杏花邨)加建隔音屏障工程,housingEstate,東區走廊(近杏花邨)加建隔音屏障工程,,,,,,1,true
雙魚河鄉村會所,雙魚河鄉村會所,housingEstate,雙魚河鄉村會所,,,,,,1,true
顯達鄉村俱樂部,顯達鄉村俱樂部,housingEstate,顯達鄉村俱樂部,,,,,,1,true
"FUSION 杏花新城, 杏花邨","FUSION 杏花新城, 杏花邨",housingEstate,"FUSION 杏花新城, 杏花邨",,,,,,1,true
杏花邨(流動圖書館九),杏花邨(流動圖書館九),housingEstate,杏花邨(流動圖書館九),,,,,,1,true
鯉魚門公園西灣炮台,鯉魚門公園西灣炮台,housingEstate,鯉魚門公園西灣炮台,,,,,,1,true
日悠居,日悠居,housingEstate,日悠居,,,,,,1,true
怡居,怡居,housingEstate,怡居,,,,,,1,true
樂居,樂居,housingEstate,樂居,,,,,,1,true
古龍居,古龍居,housingEstate,古龍居,,,,,,1,true
園田居,園田居,housingEstate,園田居,,,,,,1,true
安業居,安業居,housingEstate,安業居,,,,,,1,true
安樂居,安樂居,housingEstate,安樂居,,,,,,1,true
安賢居,安賢居,housingEstate,安賢居,,,,,,1,true
安逸居,安逸居,housingEstate,安逸居,,,,,,1,true
岸林居,岸林居,housingEstate,岸林居,,,,,,1,true
映堤居,映堤居,housingEstate,映堤居,,,,,,1,true
晋賢居,晋賢居,housingEstate,晋賢居,,,,,,1,true
景詠居,景詠居,housingEstate,景詠居,,,,,,1,true
曉濤居,曉濤居,housingEstate,曉濤居,,,,,,1,true
朗月居,朗月居,housingEstate,朗月居,,,,,,1,true
樂康居,樂康居,housingEstate,樂康居,,,,,,1,true
樂陶居,樂陶居,housingEstate,樂陶居,,,,,,1,true
永安居,永安居,housingEstate,永安居,,,,,,1,true
海景居,海景居,housingEstate,海景居,,,,,,1,true
灝龍居,灝龍居,housingEstate,灝龍居,,,,,,1,true
益蘭居,益蘭居,housingEstate,益蘭居,,,,,,1,true
聚福居,聚福居,housingEstate,聚福居,,,,,,1,true
聯發居,聯發居,housingEstate,聯發居,,,,,,1,true
自然居,自然居,housingEstate,自然居,,,,,,1,true
裕庭居,裕庭居,housingEstate,裕庭居,,,,,,1,true
裕景居,裕景居,housingEstate,裕景居,,,,,,1,true
逸安居,逸安居,housingEstate,逸安居,,,,,,1,true
錦英居,錦英居,housingEstate,錦英居,,,,,,1,true
青廈居,青廈居,housingEstate,青廈居,,,,,,1,true
風松居,風松居,housingEstate,風松居,,,,,,1,true
香草居,香草居,housingEstate,香草居,,,,,,1,true
龍兒居,龍兒居,housingEstate,龍兒居,,,,,,1,true
爵仕居,爵仕居,housingEstate,爵仕居,,,,,,1,true
爵士居,爵士居,housingEstate,爵士居,,,,,,1,true
聚賢居,聚賢居,housingEstate,聚賢居,,,,,,1,true
名仕居,名仕居,housingEstate,名仕居,,,,,,1,true
名士居,名士居,housingEstate,名士居,,,,,,1,true
俊仕居,俊仕居,housingEstate,俊仕居,,,,,,1,true
俊士居,俊士居,housingEstate,俊士居,,,,,,1,true
廣福邨廣崇樓,廣福邨廣崇樓,housingEstate,廣福邨廣崇樓,,,,,,1,true
廣福邨廣佑樓,廣福邨廣佑樓,housingEstate,廣福邨廣佑樓,,,,,,1,true
廣田邨廣靖樓,廣田邨廣靖樓,housingEstate,廣田邨廣靖樓,,,,,,1,true
廣田邨廣雅樓,廣田邨廣雅樓,housingEstate,廣田邨廣雅樓,,,,,,1,true
廣輝苑,廣輝苑,housingEstate,廣輝苑,,,,,,1,true
廣昌閣,廣昌閣,housingEstate,廣昌閣,,,,,,1,true
廣林苑,廣林苑,housingEstate,廣林苑,,,,,,1,true
廣隆閣,廣隆閣,housingEstate,廣隆閣,,,,,,1,true
廣寧閣,廣寧閣,housingEstate,廣寧閣,,,,,,1,true
廣瑞閣,廣瑞閣,housingEstate,廣瑞閣,,,,,,1,true
廣新閣,廣新閣,housingEstate,廣新閣,,,,,,1,true
廣賢閣,廣賢閣,housingEstate,廣賢閣,,,,,,1,true
廣盈閣,廣盈閣,housingEstate,廣盈閣,,,,,,1,true
摩頓臺活動中心,摩頓臺活動中心,housingEstate,摩頓臺活動中心,,,,,,1,true
廈村,廈村,housingEstate,廈村,,,,,,1,true
廈村市,廈村市,housingEstate,廈村市,,,,,,1,true
田廈花園,田廈花園,housingEstate,田廈花園,,,,,,1,true
昌盛苑(流動圖書館十二),昌盛苑(流動圖書館十二),housingEstate,昌盛苑(流動圖書館十二),,,,,,1,true
清河邨(流動圖書館十),清河邨(流動圖書館十),housingEstate,清河邨(流動圖書館十),,,,,,1,true
嘉福邨(流動圖書館十二),嘉福邨(流動圖書館十二),housingEstate,嘉福邨(流動圖書館十二),,,,,,1,true
錦繡花園(流動圖書館三),錦繡花園(流動圖書館三),housingEstate,錦繡花園(流動圖書館三),,,,,,1,true
上村公園(流動圖書館三),上村公園(流動圖書館三),housingEstate,上村公園(流動圖書館三),,,,,,1,true
金錢村(流動圖書館十二),金錢村(流動圖書館十二),housingEstate,金錢村(流動圖書館十二),,,,,,1,true
蝴蝶邨公共圖書館,蝴蝶邨公共圖書館,housingEstate,蝴蝶邨公共圖書館,,,,,,1,true
順利邨公共圖書館,順利邨公共圖書館,housingEstate,順利邨公共圖書館,,,,,,1,true
日瓏閣第1座,日瓏閣第1座,housingEstate,日瓏閣第1座,,,,,,1,true
日瓏閣第2座,日瓏閣第2座,housingEstate,日瓏閣第2座,,,,,,1,true
月瓏閣第1座,月瓏閣第1座,housingEstate,月瓏閣第1座,,,,,,1,true
月瓏閣第2座,月瓏閣第2座,housingEstate,月瓏閣第2座,,,,,,1,true
月瓏閣第3座,月瓏閣第3座,housingEstate,月瓏閣第3座,,,,,,1,true
傲瓏閣第1座,傲瓏閣第1座,housingEstate,傲瓏閣第1座,,,,,,1,true
傲瓏閣第2座,傲瓏閣第2座,housingEstate,傲瓏閣第2座,,,,,,1,true
傲瓏閣第3座,傲瓏閣第3座,housingEstate,傲瓏閣第3座,,,,,,1,true
天瓏閣第1座,天瓏閣第1座,housingEstate,天瓏閣第1座,,,,,,1,true
天瓏閣第2座,天瓏閣第2座,housingEstate,天瓏閣第2座,,,,,,1,true
麗城花園第一期第2座,麗城花園第一期第2座,housingEstate,麗城花園第一期第2座,,,,,,1,true
麗城花園第一期第3座,麗城花園第一期第3座,housingEstate,麗城花園第一期第3座,,,,,,1,true
海栢花園第5座,海栢花園第5座,housingEstate,海栢花園第5座,,,,,,1,true
杜智臺,杜智臺,housingEstate,杜智臺,,,,,,1,true
俊宏軒第五座,俊宏軒第五座,housingEstate,俊宏軒第五座,,,,,,1,true
漾景閣第5A座,漾景閣第5A座,housingEstate,漾景閣第5A座,,,,,,1,true
漾景閣第5B座,漾景閣第5B座,housingEstate,漾景閣第5B座,,,,,,1,true
若璠閣,若璠閣,housingEstate,若璠閣,,,,,,1,true
翠塘花園第10座,翠塘花園第10座,housingEstate,翠塘花園第10座,,,,,,1,true
聚龍居第10座,聚龍居第10座,housingEstate,聚龍居第10座,,,,,,1,true
聽濤雅苑第十座,聽濤雅苑第十座,housingEstate,聽濤雅苑第十座,,,,,,1,true
悅濤軒第十座,悅濤軒第十座,housingEstate,悅濤軒第十座,,,,,,1,true
康翠臺第5座,康翠臺第5座,housingEstate,康翠臺第5座,,,,,,1,true
葵盛東邨(流動圖書館十一),葵盛東邨(流動圖書館十一),housingEstate,葵盛東邨(流動圖書館十一),,,,,,1,true
彩雲(一)邨,彩雲(一)邨,housingEstate,彩雲(一)邨,,,,,,1,true
興華(一)邨,興華(一)邨,housingEstate,興華(一)邨,,,,,,1,true
石籬一邨,石籬一邨,housingEstate,石籬一邨,,,,,,1,true
天瑞(1)邨,天瑞(1)邨,housingEstate,天瑞(1)邨,,,,,,1,true
天耀(1)邨,天耀(1)邨,housingEstate,天耀(1)邨,,,,,,1,true
東頭(一)邨,東頭(一)邨,housingEstate,東頭(一)邨,,,,,,1,true
華富（一）邨,華富（一）邨,housingEstate,華富（一）邨,,,,,,1,true
華富(一)邨,華富(一)邨,housingEstate,華富(一)邨,,,,,,1,true
逸東（一）邨,逸東（一）邨,housingEstate,逸東（一）邨,,,,,,1,true
逸東(一)邨,逸東(一)邨,housingEstate,逸東(一)邨,,,,,,1,true
梨木樹(1)邨,梨木樹(1)邨,housingEstate,梨木樹(1)邨,,,,,,1,true
彩雲（一）邨,彩雲（一）邨,housingEstate,彩雲（一）邨,,,,,,1,true
興華（一）邨,興華（一）邨,housingEstate,興華（一）邨,,,,,,1,true
逸東一邨,逸東一邨,housingEstate,逸東一邨,,,,,,1,true
興華(一)邨興翠樓,興華(一)邨興翠樓,housingEstate,興華(一)邨興翠樓,,,,,,1,true
石籬(一)邨石興樓,石籬(一)邨石興樓,housingEstate,石籬(一)邨石興樓,,,,,,1,true
石籬(一)邨石安樓,石籬(一)邨石安樓,housingEstate,石籬(一)邨石安樓,,,,,,1,true
華富(一)邨華清樓,華富(一)邨華清樓,housingEstate,華富(一)邨華清樓,,,,,,1,true
華富(一)邨華裕樓,華富(一)邨華裕樓,housingEstate,華富(一)邨華裕樓,,,,,,1,true
逸東(一)邨漁逸樓,逸東(一)邨漁逸樓,housingEstate,逸東(一)邨漁逸樓,,,,,,1,true
石籬(一)邨石秀樓,石籬(一)邨石秀樓,housingEstate,石籬(一)邨石秀樓,,,,,,1,true
天瑞(一)邨瑞國樓,天瑞(一)邨瑞國樓,housingEstate,天瑞(一)邨瑞國樓,,,,,,1,true
天瑞(一)邨瑞心樓,天瑞(一)邨瑞心樓,housingEstate,天瑞(一)邨瑞心樓,,,,,,1,true
天耀(一)邨耀民樓,天耀(一)邨耀民樓,housingEstate,天耀(一)邨耀民樓,,,,,,1,true
天耀(一)邨耀逸樓,天耀(一)邨耀逸樓,housingEstate,天耀(一)邨耀逸樓,,,,,,1,true
彩雲(一)邨伴月樓,彩雲(一)邨伴月樓,housingEstate,彩雲(一)邨伴月樓,,,,,,1,true
彩雲(一)邨長波樓,彩雲(一)邨長波樓,housingEstate,彩雲(一)邨長波樓,,,,,,1,true
彩雲(一)邨星辰樓,彩雲(一)邨星辰樓,housingEstate,彩雲(一)邨星辰樓,,,,,,1,true
香港薄扶林華富邨華安樓地下114號鋪,香港薄扶林華富邨華安樓地下114號鋪,housingEstate,香港薄扶林華富邨華安樓地下114號鋪,,,,,,1,true
興華(一)邨停車場 (前稱),興華(一)邨停車場 (前稱),housingEstate,興華(一)邨停車場 (前稱),,,,,,1,true
梨木樹(一)邨,梨木樹(一)邨,housingEstate,梨木樹(一)邨,,,,,,1,true
黃大仙下邨（一區） (別稱),黃大仙下邨（一區） (別稱),housingEstate,黃大仙下邨（一區） (別稱),,,,,,1,true
置富南區廣場,置富南區廣場,mall,置富南區廣場,,,,,,1,true
華富(一)邨華富商場,華富(一)邨華富商場,mall,華富(一)邨華富商場,,,,,,1,true
華富(二)邨商場,華富(二)邨商場,mall,華富(二)邨商場,,,,,,1,true
朗壹廣場第一座,朗壹廣場第一座,mall,朗壹廣場第一座,,,,,,1,true
將軍澳廣場,將軍澳廣場,mall,將軍澳廣場,,,,,,1,true
U購Select-屯門三聖商場分店,U購Select-屯門三聖商場分店,mall,U購Select-屯門三聖商場分店,,,,,,1,true
太和廣場智郵寄,太和廣場智郵寄,mall,太和廣場智郵寄,,,,,,1,true
太和廣場東翼,太和廣場東翼,mall,太和廣場東翼,,,,,,1,true
太和廣場西翼,太和廣場西翼,mall,太和廣場西翼,,,,,,1,true
上水廣場2,上水廣場2,mall,上水廣場2,,,,,,1,true
八號商業廣場,八號商業廣場,mall,八號商業廣場,,,,,,1,true
新時代廣場第八座,新時代廣場第八座,mall,新時代廣場第八座,,,,,,1,true
寶石大廈Plaza 328,寶石大廈Plaza 328,mall,寶石大廈Plaza 328,,,,,,1,true
愉景廣場,愉景廣場,mall,愉景廣場,,,,,,1,true
富華廣場,富華廣場,mall,富華廣場,,,,,,1,true
灣景廣場,灣景廣場,mall,灣景廣場,,,,,,1,true
赤柱廣場,赤柱廣場,mall,赤柱廣場,,,,,,1,true
新達廣場,新達廣場,mall,新達廣場,,,,,,1,true
創貿廣場,創貿廣場,mall,創貿廣場,,,,,,1,true
新都廣場,新都廣場,mall,新都廣場,,,,,,1,true
屯門時代廣場,屯門時代廣場,mall,屯門時代廣場,,,,,,1,true
普慶廣場花園,普慶廣場花園,mall,普慶廣場花園,,,,,,1,true
長發廣場,長發廣場,mall,長發廣場,,,,,,1,true
竹園廣場,竹園廣場,mall,竹園廣場,,,,,,1,true
永得利廣場,永得利廣場,mall,永得利廣場,,,,,,1,true
翔龍灣廣場,翔龍灣廣場,mall,翔龍灣廣場,,,,,,1,true
加州花園廣場,加州花園廣場,mall,加州花園廣場,,,,,,1,true
太和廣場,太和廣場,mall,太和廣場,,,,,,1,true
高峰樂園廣場,高峰樂園廣場,mall,高峰樂園廣場,,,,,,1,true
天耀廣場,天耀廣場,mall,天耀廣場,,,,,,1,true
元朗廣場,元朗廣場,mall,元朗廣場,,,,,,1,true
花都廣場第1座,花都廣場第1座,mall,花都廣場第1座,,,,,,1,true
花都廣場第10座,花都廣場第10座,mall,花都廣場第10座,,,,,,1,true
花都廣場第2座,花都廣場第2座,mall,花都廣場第2座,,,,,,1,true
花都廣場第3座,花都廣場第3座,mall,花都廣場第3座,,,,,,1,true
花都廣場第4座,花都廣場第4座,mall,花都廣場第4座,,,,,,1,true
花都廣場第5座,花都廣場第5座,mall,花都廣場第5座,,,,,,1,true
花都廣場第6座,花都廣場第6座,mall,花都廣場第6座,,,,,,1,true
花都廣場第7座,花都廣場第7座,mall,花都廣場第7座,,,,,,1,true
花都廣場第8座,花都廣場第8座,mall,花都廣場第8座,,,,,,1,true
花都廣場第9座,花都廣場第9座,mall,花都廣場第9座,,,,,,1,true
We Go MALL 薈高,We Go MALL 薈高,mall,We Go MALL 薈高,,,,,,1,true
碧湖商場,碧湖商場,mall,碧湖商場,,,,,,1,true
城市中心商場,城市中心商場,mall,城市中心商場,,,,,,1,true
美新樓商場,美新樓商場,mall,美新樓商場,,,,,,1,true
如心廣場,如心廣場,mall,如心廣場,,,,,,1,true
海之戀商場,海之戀商場,mall,海之戀商場,,,,,,1,true
葵樂商場,葵樂商場,mall,葵樂商場,,,,,,1,true
銀行中心廣場,銀行中心廣場,mall,銀行中心廣場,,,,,,1,true
迎濤灣商場,迎濤灣商場,mall,迎濤灣商場,,,,,,1,true
帝庭軒購物商場,帝庭軒購物商場,mall,帝庭軒購物商場,,,,,,1,true
wwwtc mall,wwwtc mall,mall,wwwtc mall,,,,,,1,true
利群商場,利群商場,mall,利群商場,,,,,,1,true
藍灣廣場,藍灣廣場,mall,藍灣廣場,,,,,,1,true
得寶商場,得寶商場,mall,得寶商場,,,,,,1,true
如心廣場二期,如心廣場二期,mall,如心廣場二期,,,,,,1,true
泓景滙商場,泓景滙商場,mall,泓景滙商場,,,,,,1,true
港景匯商場,港景匯商場,mall,港景匯商場,,,,,,1,true
御庭軒購物商場,御庭軒購物商場,mall,御庭軒購物商場,,,,,,1,true
The Parkside 商場,The Parkside 商場,mall,The Parkside 商場,,,,,,1,true
海典軒購物商場,海典軒購物商場,mall,海典軒購物商場,,,,,,1,true
玫瑰花園商場,玫瑰花園商場,mall,玫瑰花園商場,,,,,,1,true
新興商場,新興商場,mall,新興商場,,,,,,1,true
蘋果商場-銅鑼灣,蘋果商場-銅鑼灣,mall,蘋果商場-銅鑼灣,,,,,,1,true
太古廣場購物商場,太古廣場購物商場,mall,太古廣場購物商場,,,,,,1,true
現崇山商場,現崇山商場,mall,現崇山商場,,,,,,1,true
雅濤居購物商場,雅濤居購物商場,mall,雅濤居購物商場,,,,,,1,true
華富閣商場,華富閣商場,mall,華富閣商場,,,,,,1,true
國際金融中心商場,國際金融中心商場,mall,國際金融中心商場,,,,,,1,true
海悅豪園購物商場,海悅豪園購物商場,mall,海悅豪園購物商場,,,,,,1,true
朗豪坊商場,朗豪坊商場,mall,朗豪坊商場,,,,,,1,true
宏天廣場,宏天廣場,mall,宏天廣場,,,,,,1,true
利舞臺廣場,利舞臺廣場,mall,利舞臺廣場,,,,,,1,true
利舞臺廣場 (前稱),利舞臺廣場 (前稱),mall,利舞臺廣場 (前稱),,,,,,1,true
大同商場,大同商場,mall,大同商場,,,,,,1,true
數碼港商場,數碼港商場,mall,數碼港商場,,,,,,1,true
煥然懿居商場,煥然懿居商場,mall,煥然懿居商場,,,,,,1,true
多寶購物商場,多寶購物商場,mall,多寶購物商場,,,,,,1,true
新都商場,新都商場,mall,新都商場,,,,,,1,true
荃灣中心商場,荃灣中心商場,mall,荃灣中心商場,,,,,,1,true
港威商場,港威商場,mall,港威商場,,,,,,1,true
麗港中心商場,麗港中心商場,mall,麗港中心商場,,,,,,1,true
新翠商場,新翠商場,mall,新翠商場,,,,,,1,true
粉嶺中心購物商場,粉嶺中心購物商場,mall,粉嶺中心購物商場,,,,,,1,true
將軍澳中心(商場),將軍澳中心(商場),mall,將軍澳中心(商場),,,,,,1,true
Wetland Seasons Bay Shopping Arcade,Wetland Seasons Bay Shopping Arcade,mall,Wetland Seasons Bay Shopping Arcade,,,,,,1,true
富安花園商場,富安花園商場,mall,富安花園商場,,,,,,1,true
黃金電腦商場,黃金電腦商場,mall,黃金電腦商場,,,,,,1,true
兆景商場,兆景商場,mall,兆景商場,,,,,,1,true
荃威花園商場,荃威花園商場,mall,荃威花園商場,,,,,,1,true
灣景商場,灣景商場,mall,灣景商場,,,,,,1,true
富豪花園商場,富豪花園商場,mall,富豪花園商場,,,,,,1,true
美樂花園商場,美樂花園商場,mall,美樂花園商場,,,,,,1,true
影灣園商場,影灣園商場,mall,影灣園商場,,,,,,1,true
寶鄉商場地下,寶鄉商場地下,mall,寶鄉商場地下,,,,,,1,true
沙田中心商場,沙田中心商場,mall,沙田中心商場,,,,,,1,true
盈豐商場,盈豐商場,mall,盈豐商場,,,,,,1,true
金禧商場,金禧商場,mall,金禧商場,,,,,,1,true
翠怡商場,翠怡商場,mall,翠怡商場,,,,,,1,true
興隆商場,興隆商場,mall,興隆商場,,,,,,1,true
嘉發商場,嘉發商場,mall,嘉發商場,,,,,,1,true
嘉富商場,嘉富商場,mall,嘉富商場,,,,,,1,true
嘉貴商場,嘉貴商場,mall,嘉貴商場,,,,,,1,true
嘉華商場,嘉華商場,mall,嘉華商場,,,,,,1,true
嘉榮商場,嘉榮商場,mall,嘉榮商場,,,,,,1,true
萬宜大廈商場,萬宜大廈商場,mall,萬宜大廈商場,,,,,,1,true
利時商場,利時商場,mall,利時商場,,,,,,1,true
新太陽廣場,新太陽廣場,mall,新太陽廣場,,,,,,1,true
愛琴海岸商場,愛琴海岸商場,mall,愛琴海岸商場,,,,,,1,true
富康花園商場,富康花園商場,mall,富康花園商場,,,,,,1,true
英皇集團中心商場,英皇集團中心商場,mall,英皇集團中心商場,,,,,,1,true
國際交易中心購物商場,國際交易中心購物商場,mall,國際交易中心購物商場,,,,,,1,true
北角城中心商場,北角城中心商場,mall,北角城中心商場,,,,,,1,true
富來商場,富來商場,mall,富來商場,,,,,,1,true
俊宏軒商場,俊宏軒商場,mall,俊宏軒商場,,,,,,1,true
恒景商場,恒景商場,mall,恒景商場,,,,,,1,true
榮福商場,榮福商場,mall,榮福商場,,,,,,1,true
大興商場,大興商場,mall,大興商場,,,,,,1,true
富景商場,富景商場,mall,富景商場,,,,,,1,true
商場,商場,mall,商場,,,,,,1,true
麗瑤商場,麗瑤商場,mall,麗瑤商場,,,,,,1,true
長康第二商場,長康第二商場,mall,長康第二商場,,,,,,1,true
安基商場,安基商場,mall,安基商場,,,,,,1,true
新都城二期商場,新都城二期商場,mall,新都城二期商場,,,,,,1,true
崇光百貨-銅鑼灣,崇光百貨-銅鑼灣,mall,崇光百貨-銅鑼灣,,,,,,1,true
銅鑼灣銀座商場,銅鑼灣銀座商場,mall,銅鑼灣銀座商場,,,,,,1,true
銅鑼灣廣場一期,銅鑼灣廣場一期,mall,銅鑼灣廣場一期,,,,,,1,true
銅鑼灣廣場二期,銅鑼灣廣場二期,mall,銅鑼灣廣場二期,,,,,,1,true
銅鑼灣中心商場,銅鑼灣中心商場,mall,銅鑼灣中心商場,,,,,,1,true
北角渡海輪碼頭廣場海濱花園,北角渡海輪碼頭廣場海濱花園,mall,北角渡海輪碼頭廣場海濱花園,,,,,,1,true
WATSON'S THE CHEMIST O/B AS WATSON RETAIL (HK) LIMITED,WATSON'S THE CHEMIST O/B AS WATSON RETAIL (HK) LIMITED,mall,WATSON'S THE CHEMIST O/B AS WATSON RETAIL (HK) LIMITED,,,,,,1,true
MOViE MOViE Cityplaza,MOViE MOViE Cityplaza,mall,MOViE MOViE Cityplaza,,,,,,1,true
永安百貨-上環總店,永安百貨-上環總店,mall,永安百貨-上環總店,,,,,,1,true
旺角廣場,旺角廣場,mall,旺角廣場,,,,,,1,true
天悅深水埗廣場,天悅深水埗廣場,mall,天悅深水埗廣場,,,,,,1,true
觀塘廣場,觀塘廣場,mall,觀塘廣場,,,,,,1,true
AEON九龍灣店-綜合百貨,AEON九龍灣店-綜合百貨,mall,AEON九龍灣店-綜合百貨,,,,,,1,true
黃大仙廣場,黃大仙廣場,mall,黃大仙廣場,,,,,,1,true
沙田廣場購物中心,沙田廣場購物中心,mall,沙田廣場購物中心,,,,,,1,true
沙田廣場,沙田廣場,mall,沙田廣場,,,,,,1,true
瑞泰偉基商業廣場,瑞泰偉基商業廣場,mall,瑞泰偉基商業廣場,,,,,,1,true
荃灣城市廣場,荃灣城市廣場,mall,荃灣城市廣場,,,,,,1,true
華懋荃灣廣場,華懋荃灣廣場,mall,華懋荃灣廣場,,,,,,1,true
新界葵涌葵涌商場,新界葵涌葵涌商場,mall,新界葵涌葵涌商場,,,,,,1,true
葵涌商場,葵涌商場,mall,葵涌商場,,,,,,1,true
葵涌廣場第一座,葵涌廣場第一座,mall,葵涌廣場第一座,,,,,,1,true
葵涌廣場第二座,葵涌廣場第二座,mall,葵涌廣場第二座,,,,,,1,true
葵涌廣場第三座,葵涌廣場第三座,mall,葵涌廣場第三座,,,,,,1,true
葵涌廣場,葵涌廣場,mall,葵涌廣場,,,,,,1,true
屯門文娛廣場,屯門文娛廣場,mall,屯門文娛廣場,,,,,,1,true
開心廣場,開心廣場,mall,開心廣場,,,,,,1,true
上水名都商場,上水名都商場,mall,上水名都商場,,,,,,1,true
上水貿易廣場,上水貿易廣場,mall,上水貿易廣場,,,,,,1,true
將軍澳廣場會所,將軍澳廣場會所,mall,將軍澳廣場會所,,,,,,1,true
將軍澳廣場第一座,將軍澳廣場第一座,mall,將軍澳廣場第一座,,,,,,1,true
將軍澳廣場第二座,將軍澳廣場第二座,mall,將軍澳廣場第二座,,,,,,1,true
將軍澳廣場第三座,將軍澳廣場第三座,mall,將軍澳廣場第三座,,,,,,1,true
將軍澳廣場第三A座,將軍澳廣場第三A座,mall,將軍澳廣場第三A座,,,,,,1,true
將軍澳廣場第五座,將軍澳廣場第五座,mall,將軍澳廣場第五座,,,,,,1,true
將軍澳廣場第六座,將軍澳廣場第六座,mall,將軍澳廣場第六座,,,,,,1,true
將軍澳廣場第七座,將軍澳廣場第七座,mall,將軍澳廣場第七座,,,,,,1,true
將軍澳廣場第八座,將軍澳廣場第八座,mall,將軍澳廣場第八座,,,,,,1,true
西貢海傍廣場,西貢海傍廣場,mall,西貢海傍廣場,,,,,,1,true
中環廣場,中環廣場,mall,中環廣場,,,,,,1,true
太古廣場,太古廣場,mall,太古廣場,,,,,,1,true
太古廣場一座,太古廣場一座,mall,太古廣場一座,,,,,,1,true
太古廣場三座,太古廣場三座,mall,太古廣場三座,,,,,,1,true
太古廣場五座,太古廣場五座,mall,太古廣場五座,,,,,,1,true
太古廣場六座,太古廣場六座,mall,太古廣場六座,,,,,,1,true
GREAT-太古廣場 Great,GREAT-太古廣場 Great,mall,GREAT-太古廣場 Great,,,,,,1,true
一田百貨 荃灣,一田百貨 荃灣,mall,一田百貨 荃灣,,,,,,1,true
新屯門商場,新屯門商場,mall,新屯門商場,,,,,,1,true
上水廣場,上水廣場,mall,上水廣場,,,,,,1,true
大埔中央廣場,大埔中央廣場,mall,大埔中央廣場,,,,,,1,true
一田百貨-大埔,一田百貨-大埔,mall,一田百貨-大埔,,,,,,1,true
迎東邨 迎東商場,迎東邨 迎東商場,mall,迎東邨 迎東商場,,,,,,1,true
荃灣廣場,荃灣廣場,mall,荃灣廣場,,,,,,1,true
長青商場,長青商場,mall,長青商場,,,,,,1,true
青富商場,青富商場,mall,青富商場,,,,,,1,true
山頂廣場,山頂廣場,mall,山頂廣場,,,,,,1,true
天晴商場,天晴商場,mall,天晴商場,,,,,,1,true
天恩商場,天恩商場,mall,天恩商場,,,,,,1,true
樂富廣場,樂富廣場,mall,樂富廣場,,,,,,1,true
樂富廣場B區,樂富廣場B區,mall,樂富廣場B區,,,,,,1,true
樂富廣場A區,樂富廣場A區,mall,樂富廣場A區,,,,,,1,true
永安百貨-愉景灣店,永安百貨-愉景灣店,mall,永安百貨-愉景灣店,,,,,,1,true
愉景北商場,愉景北商場,mall,愉景北商場,,,,,,1,true
長宏商場,長宏商場,mall,長宏商場,,,,,,1,true
AEON九龍城店-綜合百貨,AEON九龍城店-綜合百貨,mall,AEON九龍城店-綜合百貨,,,,,,1,true
九龍城廣場,九龍城廣場,mall,九龍城廣場,,,,,,1,true
88廣場,88廣場,mall,88廣場,,,,,,1,true
廣福商場,廣福商場,mall,廣福商場,,,,,,1,true
卓爾廣場,卓爾廣場,mall,卓爾廣場,,,,,,1,true
紅山廣場,紅山廣場,mall,紅山廣場,,,,,,1,true
洪福商場,洪福商場,mall,洪福商場,,,,,,1,true
皇后山商場,皇后山商場,mall,皇后山商場,,,,,,1,true
東廣場,東廣場,mall,東廣場,,,,,,1,true
海聯廣場,海聯廣場,mall,海聯廣場,,,,,,1,true
逸峯廣場,逸峯廣場,mall,逸峯廣場,,,,,,1,true
祥華商場,祥華商場,mall,祥華商場,,,,,,1,true
清河商場,清河商場,mall,清河商場,,,,,,1,true
嘉福商場,嘉福商場,mall,嘉福商場,,,,,,1,true
華明商場,華明商場,mall,華明商場,,,,,,1,true
華心商場,華心商場,mall,華心商場,,,,,,1,true
雍盛商場,雍盛商場,mall,雍盛商場,,,,,,1,true
國賓商場,國賓商場,mall,國賓商場,,,,,,1,true
興華廣場,興華廣場,mall,興華廣場,,,,,,1,true
興民商場,興民商場,mall,興民商場,,,,,,1,true
利港商場,利港商場,mall,利港商場,,,,,,1,true
翠灣商場,翠灣商場,mall,翠灣商場,,,,,,1,true
環翠商場,環翠商場,mall,環翠商場,,,,,,1,true
綠悠軒商場,綠悠軒商場,mall,綠悠軒商場,,,,,,1,true
悅湖商場,悅湖商場,mall,悅湖商場,,,,,,1,true
旭達商場,旭達商場,mall,旭達商場,,,,,,1,true
翠然商場,翠然商場,mall,翠然商場,,,,,,1,true
華樂商場,華樂商場,mall,華樂商場,,,,,,1,true
愛定商場,愛定商場,mall,愛定商場,,,,,,1,true
寶怡商場,寶怡商場,mall,寶怡商場,,,,,,1,true
蝴蝶廣場,蝴蝶廣場,mall,蝴蝶廣場,,,,,,1,true
協和廣場,協和廣場,mall,協和廣場,,,,,,1,true
銀河廣場,銀河廣場,mall,銀河廣場,,,,,,1,true
環貿廣場,環貿廣場,mall,環貿廣場,,,,,,1,true
恒福商場,恒福商場,mall,恒福商場,,,,,,1,true
嘉城廣場,嘉城廣場,mall,嘉城廣場,,,,,,1,true
翠屏商場,翠屏商場,mall,翠屏商場,,,,,,1,true
翡翠廣場,翡翠廣場,mall,翡翠廣場,,,,,,1,true
富達廣場,富達廣場,mall,富達廣場,,,,,,1,true
中源廣場,中源廣場,mall,中源廣場,,,,,,1,true
滙景廣場,滙景廣場,mall,滙景廣場,,,,,,1,true
銀鑛廣場,銀鑛廣場,mall,銀鑛廣場,,,,,,1,true
永華商場,永華商場,mall,永華商場,,,,,,1,true
南海商場,南海商場,mall,南海商場,,,,,,1,true
長亨商場,長亨商場,mall,長亨商場,,,,,,1,true
菁田商場,菁田商場,mall,菁田商場,,,,,,1,true
創業商場,創業商場,mall,創業商場,,,,,,1,true
雅都商場,雅都商場,mall,雅都商場,,,,,,1,true
富亨商場,富亨商場,mall,富亨商場,,,,,,1,true
富善商場,富善商場,mall,富善商場,,,,,,1,true
富泰商場,富泰商場,mall,富泰商場,,,,,,1,true
企業廣場第五期一座,企業廣場第五期一座,mall,企業廣場第五期一座,,,,,,1,true
企業廣場第五期二座,企業廣場第五期二座,mall,企業廣場第五期二座,,,,,,1,true
彩雲商場,彩雲商場,mall,彩雲商場,,,,,,1,true
明華大廈A座,明華大廈A座,officeTower,明華大廈A座,,,,,,1,true
亞洲貨櫃物流中心A座,亞洲貨櫃物流中心A座,officeTower,亞洲貨櫃物流中心A座,,,,,,1,true
電燈大樓,電燈大樓,officeTower,電燈大樓,,,,,,1,true
仁愛堂歐雪明腦伴同行中心,仁愛堂歐雪明腦伴同行中心,officeTower,仁愛堂歐雪明腦伴同行中心,,,,,,1,true
東華三院區偉林伉儷紀念長者日間護理中心,東華三院區偉林伉儷紀念長者日間護理中心,officeTower,東華三院區偉林伉儷紀念長者日間護理中心,,,,,,1,true
南區地區康健中心,南區地區康健中心,officeTower,南區地區康健中心,,,,,,1,true
香港仔坊會社會服務林應和長者鄰舍中心,香港仔坊會社會服務林應和長者鄰舍中心,officeTower,香港仔坊會社會服務林應和長者鄰舍中心,,,,,,1,true
嘉美中心B座,嘉美中心B座,officeTower,嘉美中心B座,,,,,,1,true
新貿中心B座,新貿中心B座,officeTower,新貿中心B座,,,,,,1,true
都大中心B座,都大中心B座,officeTower,都大中心B座,,,,,,1,true
亞洲貨櫃物流中心B座,亞洲貨櫃物流中心B座,officeTower,亞洲貨櫃物流中心B座,,,,,,1,true
明華大廈D座,明華大廈D座,officeTower,明華大廈D座,,,,,,1,true
華富護老中心,華富護老中心,officeTower,華富護老中心,,,,,,1,true
啟德1號(I)大廈第一座,啟德1號(I)大廈第一座,officeTower,啟德1號(I)大廈第一座,,,,,,1,true
啟德1號(I)大廈第二座,啟德1號(I)大廈第二座,officeTower,啟德1號(I)大廈第二座,,,,,,1,true
油麻地大樓,油麻地大樓,officeTower,油麻地大樓,,,,,,1,true
永華大廈N座,永華大廈N座,officeTower,永華大廈N座,,,,,,1,true
大澳服務中心,大澳服務中心,officeTower,大澳服務中心,,,,,,1,true
將軍澳入境處羈留中心,將軍澳入境處羈留中心,officeTower,將軍澳入境處羈留中心,,,,,,1,true
保栢護老中心,保栢護老中心,officeTower,保栢護老中心,,,,,,1,true
大埔社區中心,大埔社區中心,officeTower,大埔社區中心,,,,,,1,true
大埔地質中心,大埔地質中心,officeTower,大埔地質中心,,,,,,1,true
永華大廈Q座,永華大廈Q座,officeTower,永華大廈Q座,,,,,,1,true
永華大廈R座,永華大廈R座,officeTower,永華大廈R座,,,,,,1,true
警察報案中心,警察報案中心,officeTower,警察報案中心,,,,,,1,true
納東中心,納東中心,officeTower,納東中心,,,,,,1,true
維拉荻茜 - 智活記憶及認知訓練中心,維拉荻茜 - 智活記憶及認知訓練中心,officeTower,維拉荻茜 - 智活記憶及認知訓練中心,,,,,,1,true
按摩保健治療中心 (余兆麒按摩保健治療中心),按摩保健治療中心 (余兆麒按摩保健治療中心),officeTower,按摩保健治療中心 (余兆麒按摩保健治療中心),,,,,,1,true
永華大廈T座,永華大廈T座,officeTower,永華大廈T座,,,,,,1,true
九倉電訊中心,九倉電訊中心,officeTower,九倉電訊中心,,,,,,1,true
源·區 (香港污泥處理中心),源·區 (香港污泥處理中心),officeTower,源·區 (香港污泥處理中心),,,,,,1,true
百家利中心,百家利中心,officeTower,百家利中心,,,,,,1,true
東寶大樓,東寶大樓,officeTower,東寶大樓,,,,,,1,true
中旅集團大廈,中旅集團大廈,officeTower,中旅集團大廈,,,,,,1,true
海外信託銀行大廈,海外信託銀行大廈,officeTower,海外信託銀行大廈,,,,,,1,true
永華大廈U座,永華大廈U座,officeTower,永華大廈U座,,,,,,1,true
U購Select-西環家安大廈分店,U購Select-西環家安大廈分店,officeTower,U購Select-西環家安大廈分店,,,,,,1,true
太和長者鄰舍中心,太和長者鄰舍中心,officeTower,太和長者鄰舍中心,,,,,,1,true
香港聖公會 - 太和長者鄰舍中心 - 亨和聚,香港聖公會 - 太和長者鄰舍中心 - 亨和聚,officeTower,香港聖公會 - 太和長者鄰舍中心 - 亨和聚,,,,,,1,true
青衣電話投注中心,青衣電話投注中心,officeTower,青衣電話投注中心,,,,,,1,true
青衣長者鄰舍中心,青衣長者鄰舍中心,officeTower,青衣長者鄰舍中心,,,,,,1,true
青衣栢景護理中心,青衣栢景護理中心,officeTower,青衣栢景護理中心,,,,,,1,true
永華大廈Z座,永華大廈Z座,officeTower,永華大廈Z座,,,,,,1,true
百旺都中心,百旺都中心,officeTower,百旺都中心,,,,,,1,true
組裝合成建築法展現中心,組裝合成建築法展現中心,officeTower,組裝合成建築法展現中心,,,,,,1,true
油塘中心第七座,油塘中心第七座,officeTower,油塘中心第七座,,,,,,1,true
8號大樓,8號大樓,officeTower,8號大樓,,,,,,1,true
9號大樓,9號大樓,officeTower,9號大樓,,,,,,1,true
田氏中心第九座,田氏中心第九座,officeTower,田氏中心第九座,,,,,,1,true
香港商業中心,香港商業中心,officeTower,香港商業中心,,,,,,1,true
昌運中心,昌運中心,officeTower,昌運中心,,,,,,1,true
富裕中心,富裕中心,officeTower,富裕中心,,,,,,1,true
新貿中心,新貿中心,officeTower,新貿中心,,,,,,1,true
希爾頓中心A座,希爾頓中心A座,officeTower,希爾頓中心A座,,,,,,1,true
希爾頓中心B座,希爾頓中心B座,officeTower,希爾頓中心B座,,,,,,1,true
希爾頓中心C座,希爾頓中心C座,officeTower,希爾頓中心C座,,,,,,1,true
黃大仙中心北館,黃大仙中心北館,officeTower,黃大仙中心北館,,,,,,1,true
黃大仙中心南館,黃大仙中心南館,officeTower,黃大仙中心南館,,,,,,1,true
HOME Centre (油尖旺中心),HOME Centre (油尖旺中心),officeTower,HOME Centre (油尖旺中心),,,,,,1,true
TOUCH Centre (東涌分中心),TOUCH Centre (東涌分中心),officeTower,TOUCH Centre (東涌分中心),,,,,,1,true
HOME Centre (深水埗分中心),HOME Centre (深水埗分中心),officeTower,HOME Centre (深水埗分中心),,,,,,1,true
東九龍就業中心,東九龍就業中心,officeTower,東九龍就業中心,,,,,,1,true
荃灣就業中心,荃灣就業中心,officeTower,荃灣就業中心,,,,,,1,true
飲食業招聘中心,飲食業招聘中心,officeTower,飲食業招聘中心,,,,,,1,true
零售業招聘中心,零售業招聘中心,officeTower,零售業招聘中心,,,,,,1,true
上水就業中心,上水就業中心,officeTower,上水就業中心,,,,,,1,true
北角就業中心,北角就業中心,officeTower,北角就業中心,,,,,,1,true
新界西就業中心,新界西就業中心,officeTower,新界西就業中心,,,,,,1,true
沙田就業中心,沙田就業中心,officeTower,沙田就業中心,,,,,,1,true
東涌就業中心,東涌就業中心,officeTower,東涌就業中心,,,,,,1,true
銅鑼灣社區中心,銅鑼灣社區中心,officeTower,銅鑼灣社區中心,,,,,,1,true
建造業招聘中心,建造業招聘中心,officeTower,建造業招聘中心,,,,,,1,true
金鐘就業中心,金鐘就業中心,officeTower,金鐘就業中心,,,,,,1,true
蝴蝶灣社區中心,蝴蝶灣社區中心,officeTower,蝴蝶灣社區中心,,,,,,1,true
觀塘社區中心,觀塘社區中心,officeTower,觀塘社區中心,,,,,,1,true
良景社區中心,良景社區中心,officeTower,良景社區中心,,,,,,1,true
雅麗珊社區中心,雅麗珊社區中心,officeTower,雅麗珊社區中心,,,,,,1,true
灣仔活動中心,灣仔活動中心,officeTower,灣仔活動中心,,,,,,1,true
西區社區中心,西區社區中心,officeTower,西區社區中心,,,,,,1,true
將軍澳就業中心,將軍澳就業中心,officeTower,將軍澳就業中心,,,,,,1,true
西九龍就業中心,西九龍就業中心,officeTower,西九龍就業中心,,,,,,1,true
天瑞社區中心,天瑞社區中心,officeTower,天瑞社區中心,,,,,,1,true
天耀社區中心,天耀社區中心,officeTower,天耀社區中心,,,,,,1,true
Global Gateway Tower停車場,Global Gateway Tower停車場,officeTower,Global Gateway Tower停車場,,,,,,1,true
光前大廈第1座,光前大廈第1座,officeTower,光前大廈第1座,,,,,,1,true
光前大廈第2座,光前大廈第2座,officeTower,光前大廈第2座,,,,,,1,true
世紀大廈,世紀大廈,officeTower,世紀大廈,,,,,,1,true
中華大廈,中華大廈,officeTower,中華大廈,,,,,,1,true
嘉發商業中心,嘉發商業中心,officeTower,嘉發商業中心,,,,,,1,true
執法大樓,執法大樓,officeTower,執法大樓,,,,,,1,true
Tower 1,Tower 1,officeTower,Tower 1,,,,,,1,true
香江大廈,香江大廈,officeTower,香江大廈,,,,,,1,true
Administration Building,Administration Building,officeTower,Administration Building,,,,,,1,true
行政大樓,行政大樓,officeTower,行政大樓,,,,,,1,true
文娛康樂大樓,文娛康樂大樓,officeTower,文娛康樂大樓,,,,,,1,true
金碧大廈,金碧大廈,officeTower,金碧大廈,,,,,,1,true
時益大廈,時益大廈,officeTower,時益大廈,,,,,,1,true
化學品大樓,化學品大樓,officeTower,化學品大樓,,,,,,1,true
壓縮機大樓,壓縮機大樓,officeTower,壓縮機大樓,,,,,,1,true
延齡大廈,延齡大廈,officeTower,延齡大廈,,,,,,1,true
誠興大廈,誠興大廈,officeTower,誠興大廈,,,,,,1,true
多喜大廈,多喜大廈,officeTower,多喜大廈,,,,,,1,true
海林大廈,海林大廈,officeTower,海林大廈,,,,,,1,true
皇帝大廈,皇帝大廈,officeTower,皇帝大廈,,,,,,1,true
力生大廈,力生大廈,officeTower,力生大廈,,,,,,1,true
民新大廈,民新大廈,officeTower,民新大廈,,,,,,1,true
勵志大廈,勵志大廈,officeTower,勵志大廈,,,,,,1,true
好發大廈,好發大廈,officeTower,好發大廈,,,,,,1,true
南方大廈,南方大廈,officeTower,南方大廈,,,,,,1,true
物料供應大樓,物料供應大樓,officeTower,物料供應大樓,,,,,,1,true
民眾大廈,民眾大廈,officeTower,民眾大廈,,,,,,1,true
Ventilation Building,Ventilation Building,officeTower,Ventilation Building,,,,,,1,true
好勝大廈,好勝大廈,officeTower,好勝大廈,,,,,,1,true
榮華大廈,榮華大廈,officeTower,榮華大廈,,,,,,1,true
偉文大廈,偉文大廈,officeTower,偉文大廈,,,,,,1,true
工程部大樓,工程部大樓,officeTower,工程部大樓,,,,,,1,true
吉田大廈,吉田大廈,officeTower,吉田大廈,,,,,,1,true
本部大樓,本部大樓,officeTower,本部大樓,,,,,,1,true
副行政大樓,副行政大樓,officeTower,副行政大樓,,,,,,1,true
煤灰貯存大樓,煤灰貯存大樓,officeTower,煤灰貯存大樓,,,,,,1,true
凱基商業大廈,凱基商業大廈,officeTower,凱基商業大廈,,,,,,1,true
昌泰大廈,昌泰大廈,officeTower,昌泰大廈,,,,,,1,true
昌裕大廈,昌裕大廈,officeTower,昌裕大廈,,,,,,1,true
長興大廈,長興大廈,officeTower,長興大廈,,,,,,1,true
祥隆大廈,祥隆大廈,officeTower,祥隆大廈,,,,,,1,true
志恒大廈,志恒大廈,officeTower,志恒大廈,,,,,,1,true
清華大廈,清華大廈,officeTower,清華大廈,,,,,,1,true
超群大廈,超群大廈,officeTower,超群大廈,,,,,,1,true
基督教家庭服務中心翠林宿舍,基督教家庭服務中心翠林宿舍,officeTower,基督教家庭服務中心翠林宿舍,,,,,,1,true
新生精神康復會新生會大樓宿舍(I),新生精神康復會新生會大樓宿舍(I),officeTower,新生精神康復會新生會大樓宿舍(I),,,,,,1,true
新生精神康復會新生會大樓宿舍(II),新生精神康復會新生會大樓宿舍(II),officeTower,新生精神康復會新生會大樓宿舍(II),,,,,,1,true
新生精神康復會新生會大樓宿舍(III),新生精神康復會新生會大樓宿舍(III),officeTower,新生精神康復會新生會大樓宿舍(III),,,,,,1,true
凱旋工商中心,凱旋工商中心,officeTower,凱旋工商中心,,,,,,1,true
香港大廈,香港大廈,officeTower,香港大廈,,,,,,1,true
都會大廈,都會大廈,officeTower,都會大廈,,,,,,1,true
嘉登大廈,嘉登大廈,officeTower,嘉登大廈,,,,,,1,true
百年大樓,百年大樓,officeTower,百年大樓,,,,,,1,true
櫻桃大廈,櫻桃大廈,officeTower,櫻桃大廈,,,,,,1,true
都寧大樓,都寧大樓,officeTower,都寧大樓,,,,,,1,true
公爵大廈,公爵大廈,officeTower,公爵大廈,,,,,,1,true
愛華大廈,愛華大廈,officeTower,愛華大廈,,,,,,1,true
寶堡大廈,寶堡大廈,officeTower,寶堡大廈,,,,,,1,true
康寧大廈,康寧大廈,officeTower,康寧大廈,,,,,,1,true
國城大廈,國城大廈,officeTower,國城大廈,,,,,,1,true
都城大樓,都城大樓,officeTower,都城大樓,,,,,,1,true
美佳大廈,美佳大廈,officeTower,美佳大廈,,,,,,1,true
濱海大廈,濱海大廈,officeTower,濱海大廈,,,,,,1,true
匯景大廈,匯景大廈,officeTower,匯景大廈,,,,,,1,true
白普理寧養中心,白普理寧養中心,officeTower,白普理寧養中心,,,,,,1,true
香港紅十字會輸血服務中心,香港紅十字會輸血服務中心,officeTower,香港紅十字會輸血服務中心,,,,,,1,true
文物修復資源中心,文物修復資源中心,officeTower,文物修復資源中心,,,,,,1,true
香港視覺藝術中心,香港視覺藝術中心,officeTower,香港視覺藝術中心,,,,,,1,true
手術室大樓,手術室大樓,officeTower,手術室大樓,,,,,,1,true
寶石戲院大廈,寶石戲院大廈,officeTower,寶石戲院大廈,,,,,,1,true
萬年戲院大廈,萬年戲院大廈,officeTower,萬年戲院大廈,,,,,,1,true
觀塘戲院大廈,觀塘戲院大廈,officeTower,觀塘戲院大廈,,,,,,1,true
寶石戲院大廈A座,寶石戲院大廈A座,officeTower,寶石戲院大廈A座,,,,,,1,true
寶石戲院大廈B座,寶石戲院大廈B座,officeTower,寶石戲院大廈B座,,,,,,1,true
香港文化中心劇場,香港文化中心劇場,officeTower,香港文化中心劇場,,,,,,1,true
觀塘戲院大廈A座,觀塘戲院大廈A座,officeTower,觀塘戲院大廈A座,,,,,,1,true
觀塘戲院大廈B座,觀塘戲院大廈B座,officeTower,觀塘戲院大廈B座,,,,,,1,true
錦田戲院大廈 (前稱),錦田戲院大廈 (前稱),officeTower,錦田戲院大廈 (前稱),,,,,,1,true
陸海通大廈,陸海通大廈,officeTower,陸海通大廈,,,,,,1,true
奧運大樓,奧運大樓,officeTower,奧運大樓,,,,,,1,true
香港交通安全會鄧肇堅爵士大廈,香港交通安全會鄧肇堅爵士大廈,officeTower,香港交通安全會鄧肇堅爵士大廈,,,,,,1,true
奧運大樓 A,奧運大樓 A,officeTower,奧運大樓 A,,,,,,1,true
體育大樓 (前稱),體育大樓 (前稱),officeTower,體育大樓 (前稱),,,,,,1,true
運輸署掃桿埔駕駛考試中心,運輸署掃桿埔駕駛考試中心,officeTower,運輸署掃桿埔駕駛考試中心,,,,,,1,true
華敦大廈,華敦大廈,officeTower,華敦大廈,,,,,,1,true
沙田中心,沙田中心,officeTower,沙田中心,,,,,,1,true
東華三院黃大仙簽品哲理中心,東華三院黃大仙簽品哲理中心,officeTower,東華三院黃大仙簽品哲理中心,,,,,,1,true
維港中心,維港中心,officeTower,維港中心,,,,,,1,true
海港中心,海港中心,officeTower,海港中心,,,,,,1,true
Harbour Green Tower 1,Harbour Green Tower 1,officeTower,Harbour Green Tower 1,,,,,,1,true
Harbour Green Tower 2,Harbour Green Tower 2,officeTower,Harbour Green Tower 2,,,,,,1,true
華業大廈,華業大廈,officeTower,華業大廈,,,,,,1,true
中興商業大廈,中興商業大廈,officeTower,中興商業大廈,,,,,,1,true
六合商業大廈,六合商業大廈,officeTower,六合商業大廈,,,,,,1,true
依時商業大廈,依時商業大廈,officeTower,依時商業大廈,,,,,,1,true
凱豐商業大廈,凱豐商業大廈,officeTower,凱豐商業大廈,,,,,,1,true
太子商業大廈,太子商業大廈,officeTower,太子商業大廈,,,,,,1,true
致富商業大廈,致富商業大廈,officeTower,致富商業大廈,,,,,,1,true
西區商業大廈,西區商業大廈,officeTower,西區商業大廈,,,,,,1,true
嘉寶商業大廈,嘉寶商業大廈,officeTower,嘉寶商業大廈,,,,,,1,true
中邦商業大廈,中邦商業大廈,officeTower,中邦商業大廈,,,,,,1,true
翹賢商業大廈,翹賢商業大廈,officeTower,翹賢商業大廈,,,,,,1,true
星衢商業大廈,星衢商業大廈,officeTower,星衢商業大廈,,,,,,1,true
蘇杭商業大廈,蘇杭商業大廈,officeTower,蘇杭商業大廈,,,,,,1,true
利雅商業大廈,利雅商業大廈,officeTower,利雅商業大廈,,,,,,1,true
東惠商業大廈,東惠商業大廈,officeTower,東惠商業大廈,,,,,,1,true
世界商業大廈,世界商業大廈,officeTower,世界商業大廈,,,,,,1,true
綜合商業中心,綜合商業中心,officeTower,綜合商業中心,,,,,,1,true
建生商業中心,建生商業中心,officeTower,建生商業中心,,,,,,1,true
中銀元朗商業中心,中銀元朗商業中心,officeTower,中銀元朗商業中心,,,,,,1,true
王仲銘商業大廈,王仲銘商業大廈,officeTower,王仲銘商業大廈,,,,,,1,true
紅磡商業中心A座,紅磡商業中心A座,officeTower,紅磡商業中心A座,,,,,,1,true
紅磡商業中心B座,紅磡商業中心B座,officeTower,紅磡商業中心B座,,,,,,1,true
東成商業大廈,東成商業大廈,officeTower,東成商業大廈,,,,,,1,true
利群商業大廈,利群商業大廈,officeTower,利群商業大廈,,,,,,1,true
凱利商業大廈,凱利商業大廈,officeTower,凱利商業大廈,,,,,,1,true
聯發商業中心,聯發商業中心,officeTower,聯發商業中心,,,,,,1,true
雅達商業大廈,雅達商業大廈,officeTower,雅達商業大廈,,,,,,1,true
柯士甸商業中心,柯士甸商業中心,officeTower,柯士甸商業中心,,,,,,1,true
百利商業中心,百利商業中心,officeTower,百利商業中心,,,,,,1,true
南北行商業中心,南北行商業中心,officeTower,南北行商業中心,,,,,,1,true
寶時商業中心,寶時商業中心,officeTower,寶時商業中心,,,,,,1,true
金聯商業中心,金聯商業中心,officeTower,金聯商業中心,,,,,,1,true
金馬商業大廈,金馬商業大廈,officeTower,金馬商業大廈,,,,,,1,true
富達商業大廈,富達商業大廈,officeTower,富達商業大廈,,,,,,1,true
友邦金融中心,友邦金融中心,officeTower,友邦金融中心,,,,,,1,true
中滙大廈,中滙大廈,officeTower,中滙大廈,,,,,,1,true
中建大廈,中建大廈,officeTower,中建大廈,,,,,,1,true
中央大廈,中央大廈,officeTower,中央大廈,,,,,,1,true
基督中心堂,基督中心堂,officeTower,基督中心堂,,,,,,1,true
海富中心,海富中心,officeTower,海富中心,,,,,,1,true
寫字樓第二座,寫字樓第二座,officeTower,寫字樓第二座,,,,,,1,true
遠東金融中心,遠東金融中心,officeTower,遠東金融中心,,,,,,1,true
灣仔大樓,灣仔大樓,officeTower,灣仔大樓,,,,,,1,true
港島壹號中心,港島壹號中心,officeTower,港島壹號中心,,,,,,1,true
銅鑼灣中心,銅鑼灣中心,officeTower,銅鑼灣中心,,,,,,1,true
銅鑼灣大廈,銅鑼灣大廈,officeTower,銅鑼灣大廈,,,,,,1,true
銅鑼灣商業大廈,銅鑼灣商業大廈,officeTower,銅鑼灣商業大廈,,,,,,1,true
恒生銅鑼灣大廈,恒生銅鑼灣大廈,officeTower,恒生銅鑼灣大廈,,,,,,1,true
北角中心大廈A座,北角中心大廈A座,officeTower,北角中心大廈A座,,,,,,1,true
北角中心大廈B座,北角中心大廈B座,officeTower,北角中心大廈B座,,,,,,1,true
北角中心大廈C座,北角中心大廈C座,officeTower,北角中心大廈C座,,,,,,1,true
北角消防大廈,北角消防大廈,officeTower,北角消防大廈,,,,,,1,true
恒生北角大廈,恒生北角大廈,officeTower,恒生北角大廈,,,,,,1,true
北角亞太商業中心,北角亞太商業中心,officeTower,北角亞太商業中心,,,,,,1,true
鰂魚涌社區綜合大樓,鰂魚涌社區綜合大樓,officeTower,鰂魚涌社區綜合大樓,,,,,,1,true
東隧鰂魚涌通風大樓,東隧鰂魚涌通風大樓,officeTower,東隧鰂魚涌通風大樓,,,,,,1,true
鰂魚涌市政大廈,鰂魚涌市政大廈,officeTower,鰂魚涌市政大廈,,,,,,1,true
鰂魚涌車輛扣留中心,鰂魚涌車輛扣留中心,officeTower,鰂魚涌車輛扣留中心,,,,,,1,true
香港鰂魚涌太古坊康橋大廈,香港鰂魚涌太古坊康橋大廈,officeTower,香港鰂魚涌太古坊康橋大廈,,,,,,1,true
香港警察鰂魚涌汽車扣留中心,香港警察鰂魚涌汽車扣留中心,officeTower,香港警察鰂魚涌汽車扣留中心,,,,,,1,true
太古大廈,太古大廈,officeTower,太古大廈,,,,,,1,true
太古城彌撒中心,太古城彌撒中心,officeTower,太古城彌撒中心,,,,,,1,true
太古城中心停車場,太古城中心停車場,officeTower,太古城中心停車場,,,,,,1,true
城暉大廈,城暉大廈,officeTower,城暉大廈,,,,,,1,true
堅城中心,堅城中心,officeTower,堅城中心,,,,,,1,true
Kennedy Town Centre,Kennedy Town Centre,officeTower,Kennedy Town Centre,,,,,,1,true
Bayanihan Kennedytown Centre,Bayanihan Kennedytown Centre,officeTower,Bayanihan Kennedytown Centre,,,,,,1,true
堅尼地城社區綜合大樓,堅尼地城社區綜合大樓,officeTower,堅尼地城社區綜合大樓,,,,,,1,true
上環文娛中心,上環文娛中心,officeTower,上環文娛中心,,,,,,1,true
協成行上環中心,協成行上環中心,officeTower,協成行上環中心,,,,,,1,true
上環服務中心,上環服務中心,officeTower,上環服務中心,,,,,,1,true
上環市政大廈,上環市政大廈,officeTower,上環市政大廈,,,,,,1,true
PS33 - 尖沙咀中心,PS33 - 尖沙咀中心,officeTower,PS33 - 尖沙咀中心,,,,,,1,true
尖沙咀中心,尖沙咀中心,officeTower,尖沙咀中心,,,,,,1,true
華源大廈,華源大廈,officeTower,華源大廈,,,,,,1,true
王子大廈,王子大廈,officeTower,王子大廈,,,,,,1,true
旺角區音樂中心,旺角區音樂中心,officeTower,旺角區音樂中心,,,,,,1,true
旺角大樓,旺角大樓,officeTower,旺角大樓,,,,,,1,true
旺角綜合大樓,旺角綜合大樓,officeTower,旺角綜合大樓,,,,,,1,true
旺角大廈,旺角大廈,officeTower,旺角大廈,,,,,,1,true
佐敦大廈,佐敦大廈,officeTower,佐敦大廈,,,,,,1,true
佐敦長者中心,佐敦長者中心,officeTower,佐敦長者中心,,,,,,1,true
佐敦中心,佐敦中心,officeTower,佐敦中心,,,,,,1,true
佐敦谷公園園藝學習中心,佐敦谷公園園藝學習中心,officeTower,佐敦谷公園園藝學習中心,,,,,,1,true
漢國佐敦中心,漢國佐敦中心,officeTower,漢國佐敦中心,,,,,,1,true
油麻地通風大樓,油麻地通風大樓,officeTower,油麻地通風大樓,,,,,,1,true
油麻地頤老中心,油麻地頤老中心,officeTower,油麻地頤老中心,,,,,,1,true
油麻地通風大樓第一座,油麻地通風大樓第一座,officeTower,油麻地通風大樓第一座,,,,,,1,true
油麻地通風大樓第二座,油麻地通風大樓第二座,officeTower,油麻地通風大樓第二座,,,,,,1,true
油尖旺地區康健中心 - 附屬中心 - 油麻地,油尖旺地區康健中心 - 附屬中心 - 油麻地,officeTower,油尖旺地區康健中心 - 附屬中心 - 油麻地,,,,,,1,true
泰盛商業(油麻地)大樓,泰盛商業(油麻地)大樓,officeTower,泰盛商業(油麻地)大樓,,,,,,1,true
梁顯利油麻地社區中心,梁顯利油麻地社區中心,officeTower,梁顯利油麻地社區中心,,,,,,1,true
深水埗地區康健中心 - 附屬中心 - 深水埗東,深水埗地區康健中心 - 附屬中心 - 深水埗東,officeTower,深水埗地區康健中心 - 附屬中心 - 深水埗東,,,,,,1,true
深水埗地區康健中心 - 附屬中心 - 深水埗中南,深水埗地區康健中心 - 附屬中心 - 深水埗中南,officeTower,深水埗地區康健中心 - 附屬中心 - 深水埗中南,,,,,,1,true
PS33 – 深水埗中心,PS33 – 深水埗中心,officeTower,PS33 – 深水埗中心,,,,,,1,true
深水埗大廈,深水埗大廈,officeTower,深水埗大廈,,,,,,1,true
深水埗地區康健中心 - 附屬中心 - 深水埗西,深水埗地區康健中心 - 附屬中心 - 深水埗西,officeTower,深水埗地區康健中心 - 附屬中心 - 深水埗西,,,,,,1,true
深水埗綜合復康中心,深水埗綜合復康中心,officeTower,深水埗綜合復康中心,,,,,,1,true
深水埗康齡社區服務中心,深水埗康齡社區服務中心,officeTower,深水埗康齡社區服務中心,,,,,,1,true
深水埗長者日間護理中心,深水埗長者日間護理中心,officeTower,深水埗長者日間護理中心,,,,,,1,true
觀塘自由倉大廈,觀塘自由倉大廈,officeTower,觀塘自由倉大廈,,,,,,1,true
觀點中心,觀點中心,officeTower,觀點中心,,,,,,1,true
觀塘-中海日升中心,觀塘-中海日升中心,officeTower,觀塘-中海日升中心,,,,,,1,true
觀塘運作中心,觀塘運作中心,officeTower,觀塘運作中心,,,,,,1,true
觀塘大廈,觀塘大廈,officeTower,觀塘大廈,,,,,,1,true
九龍灣車輛扣留中心,九龍灣車輛扣留中心,officeTower,九龍灣車輛扣留中心,,,,,,1,true
三湘九龍灣貨運中心,三湘九龍灣貨運中心,officeTower,三湘九龍灣貨運中心,,,,,,1,true
職業訓練局九龍灣大樓,職業訓練局九龍灣大樓,officeTower,職業訓練局九龍灣大樓,,,,,,1,true
製衣業訓練局九龍灣訓練中心,製衣業訓練局九龍灣訓練中心,officeTower,製衣業訓練局九龍灣訓練中心,,,,,,1,true
九龍灣綜合治療中心,九龍灣綜合治療中心,officeTower,九龍灣綜合治療中心,,,,,,1,true
黃大仙地區康健中心 - 附屬中心 - 黃大仙中,黃大仙地區康健中心 - 附屬中心 - 黃大仙中,officeTower,黃大仙地區康健中心 - 附屬中心 - 黃大仙中,,,,,,1,true
黃大仙地區康健中心 - 附屬中心 - 黃大仙東,黃大仙地區康健中心 - 附屬中心 - 黃大仙東,officeTower,黃大仙地區康健中心 - 附屬中心 - 黃大仙東,,,,,,1,true
黃大仙地區康健中心 - 附屬中心 - 黃大仙北,黃大仙地區康健中心 - 附屬中心 - 黃大仙北,officeTower,黃大仙地區康健中心 - 附屬中心 - 黃大仙北,,,,,,1,true
鄰舍輔導會黄大仙康盛支援中心,鄰舍輔導會黄大仙康盛支援中心,officeTower,鄰舍輔導會黄大仙康盛支援中心,,,,,,1,true
九龍塘大廈,九龍塘大廈,officeTower,九龍塘大廈,,,,,,1,true
教育局九龍塘教育服務中心東座,教育局九龍塘教育服務中心東座,officeTower,教育局九龍塘教育服務中心東座,,,,,,1,true
教育局九龍塘教育服務中心西座,教育局九龍塘教育服務中心西座,officeTower,教育局九龍塘教育服務中心西座,,,,,,1,true
教育局九龍塘教育服務中心,教育局九龍塘教育服務中心,officeTower,教育局九龍塘教育服務中心,,,,,,1,true
沙田商業中心,沙田商業中心,officeTower,沙田商業中心,,,,,,1,true
沙田區音樂中心,沙田區音樂中心,officeTower,沙田區音樂中心,,,,,,1,true
沙田綜合大樓,沙田綜合大樓,officeTower,沙田綜合大樓,,,,,,1,true
沙田電話投注附屬大樓,沙田電話投注附屬大樓,officeTower,沙田電話投注附屬大樓,,,,,,1,true
荃灣運作中心,荃灣運作中心,officeTower,荃灣運作中心,,,,,,1,true
荃灣地區康健中心 - 附屬中心 - 荃灣東,荃灣地區康健中心 - 附屬中心 - 荃灣東,officeTower,荃灣地區康健中心 - 附屬中心 - 荃灣東,,,,,,1,true
荃灣地區康健中心 - 附屬中心 - 荃灣北,荃灣地區康健中心 - 附屬中心 - 荃灣北,officeTower,荃灣地區康健中心 - 附屬中心 - 荃灣北,,,,,,1,true
荃灣地區康健中心 - 附屬中心 - 荃灣南,荃灣地區康健中心 - 附屬中心 - 荃灣南,officeTower,荃灣地區康健中心 - 附屬中心 - 荃灣南,,,,,,1,true
荃灣區音樂中心,荃灣區音樂中心,officeTower,荃灣區音樂中心,,,,,,1,true
嘉民葵涌物流中心,嘉民葵涌物流中心,officeTower,嘉民葵涌物流中心,,,,,,1,true
葵涌大廈,葵涌大廈,officeTower,葵涌大廈,,,,,,1,true
葵涌中心,葵涌中心,officeTower,葵涌中心,,,,,,1,true
屯門康樂體育中心(屯門高爾夫球中心),屯門康樂體育中心(屯門高爾夫球中心),officeTower,屯門康樂體育中心(屯門高爾夫球中心),,,,,,1,true
港鐵屯門大樓,港鐵屯門大樓,officeTower,港鐵屯門大樓,,,,,,1,true
屯門地區康健中心 - 附屬中心 - 屯門東北,屯門地區康健中心 - 附屬中心 - 屯門東北,officeTower,屯門地區康健中心 - 附屬中心 - 屯門東北,,,,,,1,true
屯門地區康健中心 - 附屬中心 - 屯門東南,屯門地區康健中心 - 附屬中心 - 屯門東南,officeTower,屯門地區康健中心 - 附屬中心 - 屯門東南,,,,,,1,true
屯門眼科中心,屯門眼科中心,officeTower,屯門眼科中心,,,,,,1,true
元朗大廈,元朗大廈,officeTower,元朗大廈,,,,,,1,true
元朗中心,元朗中心,officeTower,元朗中心,,,,,,1,true
元朗地區康健中心 - 附屬中心 - 元朗市,元朗地區康健中心 - 附屬中心 - 元朗市,officeTower,元朗地區康健中心 - 附屬中心 - 元朗市,,,,,,1,true
元朗滙豐大廈,元朗滙豐大廈,officeTower,元朗滙豐大廈,,,,,,1,true
海外信託銀行元朗大廈,海外信託銀行元朗大廈,officeTower,海外信託銀行元朗大廈,,,,,,1,true
元朗貿易中心,元朗貿易中心,officeTower,元朗貿易中心,,,,,,1,true
元朗民政事務處大廈,元朗民政事務處大廈,officeTower,元朗民政事務處大廈,,,,,,1,true
大埔中心,大埔中心,officeTower,大埔中心,,,,,,1,true
粉嶺中心A座,粉嶺中心A座,officeTower,粉嶺中心A座,,,,,,1,true
粉嶺中心B座,粉嶺中心B座,officeTower,粉嶺中心B座,,,,,,1,true
粉嶺中心C座,粉嶺中心C座,officeTower,粉嶺中心C座,,,,,,1,true
粉嶺中心D座,粉嶺中心D座,officeTower,粉嶺中心D座,,,,,,1,true
粉嶺中心E座,粉嶺中心E座,officeTower,粉嶺中心E座,,,,,,1,true
粉嶺中心F座,粉嶺中心F座,officeTower,粉嶺中心F座,,,,,,1,true
粉嶺中心G座,粉嶺中心G座,officeTower,粉嶺中心G座,,,,,,1,true
粉嶺中心H座,粉嶺中心H座,officeTower,粉嶺中心H座,,,,,,1,true
粉嶺中心J座,粉嶺中心J座,officeTower,粉嶺中心J座,,,,,,1,true
粉嶺中心K座,粉嶺中心K座,officeTower,粉嶺中心K座,,,,,,1,true
粉嶺中心L座,粉嶺中心L座,officeTower,粉嶺中心L座,,,,,,1,true
上水通風大樓,上水通風大樓,officeTower,上水通風大樓,,,,,,1,true
上水中心第一座,上水中心第一座,officeTower,上水中心第一座,,,,,,1,true
上水中心第二座,上水中心第二座,officeTower,上水中心第二座,,,,,,1,true
上水中心第三座,上水中心第三座,officeTower,上水中心第三座,,,,,,1,true
上水中心第四座,上水中心第四座,officeTower,上水中心第四座,,,,,,1,true
上水中心第五座,上水中心第五座,officeTower,上水中心第五座,,,,,,1,true
上水中心第六座,上水中心第六座,officeTower,上水中心第六座,,,,,,1,true
上水中心,上水中心,officeTower,上水中心,,,,,,1,true
中電北區辦事處上水運作中心,中電北區辦事處上水運作中心,officeTower,中電北區辦事處上水運作中心,,,,,,1,true
上水單車匯合中心,上水單車匯合中心,officeTower,上水單車匯合中心,,,,,,1,true
將軍澳市中心,將軍澳市中心,officeTower,將軍澳市中心,,,,,,1,true
西貢運作中心,西貢運作中心,officeTower,西貢運作中心,,,,,,1,true
西貢大廈B座,西貢大廈B座,officeTower,西貢大廈B座,,,,,,1,true
西貢區社區中心,西貢區社區中心,officeTower,西貢區社區中心,,,,,,1,true
西貢大廈,西貢大廈,officeTower,西貢大廈,,,,,,1,true
中環軍營醫務中心,中環軍營醫務中心,officeTower,中環軍營醫務中心,,,,,,1,true
中環大廈,中環大廈,officeTower,中環大廈,,,,,,1,true
中環中心,中環中心,officeTower,中環中心,,,,,,1,true
金鐘大廈,金鐘大廈,officeTower,金鐘大廈,,,,,,1,true
金鐘滙中心,金鐘滙中心,officeTower,金鐘滙中心,,,,,,1,true
金鐘商業大廈,金鐘商業大廈,officeTower,金鐘商業大廈,,,,,,1,true
力寶中心,力寶中心,officeTower,力寶中心,,,,,,1,true
統一中心,統一中心,officeTower,統一中心,,,,,,1,true
協康會灣仔中心,協康會灣仔中心,officeTower,協康會灣仔中心,,,,,,1,true
北角大廈,北角大廈,officeTower,北角大廈,,,,,,1,true
太古城中心,太古城中心,officeTower,太古城中心,,,,,,1,true
太古城中心一座,太古城中心一座,officeTower,太古城中心一座,,,,,,1,true
堅尼地城社區綜合大樓 (只提供會議室及綜合用途室),堅尼地城社區綜合大樓 (只提供會議室及綜合用途室),officeTower,堅尼地城社區綜合大樓 (只提供會議室及綜合用途室),,,,,,1,true
堅尼地城社區綜合大樓自修室,堅尼地城社區綜合大樓自修室,officeTower,堅尼地城社區綜合大樓自修室,,,,,,1,true
尖沙咀滙豐大廈,尖沙咀滙豐大廈,officeTower,尖沙咀滙豐大廈,,,,,,1,true
恒生尖沙咀大廈,恒生尖沙咀大廈,officeTower,恒生尖沙咀大廈,,,,,,1,true
尖沙咀東部-新文華中心,尖沙咀東部-新文華中心,officeTower,尖沙咀東部-新文華中心,,,,,,1,true
尖沙咀坊會松柏鄰舍活動中心,尖沙咀坊會松柏鄰舍活動中心,officeTower,尖沙咀坊會松柏鄰舍活動中心,,,,,,1,true
旺角中心,旺角中心,officeTower,旺角中心,,,,,,1,true
浸信會愛羣社會服務處佐敦長者中心,浸信會愛羣社會服務處佐敦長者中心,officeTower,浸信會愛羣社會服務處佐敦長者中心,,,,,,1,true
九龍灣汽車維修中心,九龍灣汽車維修中心,officeTower,九龍灣汽車維修中心,,,,,,1,true
上葵涌驗車中心,上葵涌驗車中心,officeTower,上葵涌驗車中心,,,,,,1,true
將軍澳中心第一座,將軍澳中心第一座,officeTower,將軍澳中心第一座,,,,,,1,true
將軍澳中心第十座,將軍澳中心第十座,officeTower,將軍澳中心第十座,,,,,,1,true
將軍澳中心第十一座,將軍澳中心第十一座,officeTower,將軍澳中心第十一座,,,,,,1,true
將軍澳中心第十二座,將軍澳中心第十二座,officeTower,將軍澳中心第十二座,,,,,,1,true
將軍澳中心第二座,將軍澳中心第二座,officeTower,將軍澳中心第二座,,,,,,1,true
將軍澳中心第三座,將軍澳中心第三座,officeTower,將軍澳中心第三座,,,,,,1,true
將軍澳中心第五座,將軍澳中心第五座,officeTower,將軍澳中心第五座,,,,,,1,true
將軍澳中心第六座,將軍澳中心第六座,officeTower,將軍澳中心第六座,,,,,,1,true
將軍澳中心第七座,將軍澳中心第七座,officeTower,將軍澳中心第七座,,,,,,1,true
將軍澳中心第八座,將軍澳中心第八座,officeTower,將軍澳中心第八座,,,,,,1,true
將軍澳中心第九座,將軍澳中心第九座,officeTower,將軍澳中心第九座,,,,,,1,true
律政中心中座,律政中心中座,officeTower,律政中心中座,,,,,,1,true
中西區地區康健中心 (主中心),中西區地區康健中心 (主中心),officeTower,中西區地區康健中心 (主中心),,,,,,1,true
中西區地區康健中心 - 主中心,中西區地區康健中心 - 主中心,officeTower,中西區地區康健中心 - 主中心,,,,,,1,true
明愛中區長者中心,明愛中區長者中心,officeTower,明愛中區長者中心,,,,,,1,true
中銀大廈,中銀大廈,officeTower,中銀大廈,,,,,,1,true
中區警察服務中心,中區警察服務中心,officeTower,中區警察服務中心,,,,,,1,true
中區警區警察服務中心,中區警區警察服務中心,officeTower,中區警區警察服務中心,,,,,,1,true
中銀信用卡中心,中銀信用卡中心,officeTower,中銀信用卡中心,,,,,,1,true
中國銀行大廈,中國銀行大廈,officeTower,中國銀行大廈,,,,,,1,true
香港壁球中心,香港壁球中心,officeTower,香港壁球中心,,,,,,1,true
律政中心東座,律政中心東座,officeTower,律政中心東座,,,,,,1,true
律政中心西座,律政中心西座,officeTower,律政中心西座,,,,,,1,true
富衛金融中心,富衛金融中心,officeTower,富衛金融中心,,,,,,1,true
信德中心西座,信德中心西座,officeTower,信德中心西座,,,,,,1,true
中西區長者日間護理中心,中西區長者日間護理中心,officeTower,中西區長者日間護理中心,,,,,,1,true
越峰成長中心︰中西南及離島服務處,越峰成長中心︰中西南及離島服務處,officeTower,越峰成長中心︰中西南及離島服務處,,,,,,1,true
中西區長者地區中心,中西區長者地區中心,officeTower,中西區長者地區中心,,,,,,1,true
CoCo 草本養髮中心,CoCo 草本養髮中心,officeTower,CoCo 草本養髮中心,,,,,,1,true
金管局資訊中心,金管局資訊中心,officeTower,金管局資訊中心,,,,,,1,true
中西區地區康健中心 - 附屬中心 -西環,中西區地區康健中心 - 附屬中心 -西環,officeTower,中西區地區康健中心 - 附屬中心 -西環,,,,,,1,true
利港中心,利港中心,officeTower,利港中心,,,,,,1,true
香港明愛明愛香港仔社區中心,香港明愛明愛香港仔社區中心,officeTower,香港明愛明愛香港仔社區中心,,,,,,1,true
香港仔網球及壁球中心,香港仔網球及壁球中心,officeTower,香港仔網球及壁球中心,,,,,,1,true
荃昌中心,荃昌中心,officeTower,荃昌中心,,,,,,1,true
荃發大廈,荃發大廈,officeTower,荃發大廈,,,,,,1,true
荃樂大廈,荃樂大廈,officeTower,荃樂大廈,,,,,,1,true
荃灣中心,荃灣中心,officeTower,荃灣中心,,,,,,1,true
荃豐大廈,荃豐大廈,officeTower,荃豐大廈,,,,,,1,true
荃勝大廈,荃勝大廈,officeTower,荃勝大廈,,,,,,1,true
金荃大廈,金荃大廈,officeTower,金荃大廈,,,,,,1,true
荃豐中心,荃豐中心,officeTower,荃豐中心,,,,,,1,true
青馬管制區青衣行政大樓,青馬管制區青衣行政大樓,officeTower,青馬管制區青衣行政大樓,,,,,,1,true
葵青地區康健中心 - 附屬中心 - 青衣,葵青地區康健中心 - 附屬中心 - 青衣,officeTower,葵青地區康健中心 - 附屬中心 - 青衣,,,,,,1,true
長青松柏中心,長青松柏中心,officeTower,長青松柏中心,,,,,,1,true
長旺大廈,長旺大廈,officeTower,長旺大廈,,,,,,1,true
龍旺大廈,龍旺大廈,officeTower,龍旺大廈,,,,,,1,true
新旺大樓,新旺大樓,officeTower,新旺大樓,,,,,,1,true
藝旺商業大廈,藝旺商業大廈,officeTower,藝旺商業大廈,,,,,,1,true
大嶼山鳳凰山9段 香港內觀靜坐中心,大嶼山鳳凰山9段 香港內觀靜坐中心,officeTower,大嶼山鳳凰山9段 香港內觀靜坐中心,,,,,,1,true
天朗中心,天朗中心,officeTower,天朗中心,,,,,,1,true
明愛樂協會(九龍中心),明愛樂協會(九龍中心),officeTower,明愛樂協會(九龍中心),,,,,,1,true
樂力長者日間訓練中心,樂力長者日間訓練中心,officeTower,樂力長者日間訓練中心,,,,,,1,true
長者鄰舍中心 (樂富中心),長者鄰舍中心 (樂富中心),officeTower,長者鄰舍中心 (樂富中心),,,,,,1,true
救世軍耆才拓展計劃東頭中心 - 營樂,救世軍耆才拓展計劃東頭中心 - 營樂,officeTower,救世軍耆才拓展計劃東頭中心 - 營樂,,,,,,1,true
森堡汽車中心,森堡汽車中心,officeTower,森堡汽車中心,,,,,,1,true
東涌綜合服務中心 (分處 2),東涌綜合服務中心 (分處 2),officeTower,東涌綜合服務中心 (分處 2),,,,,,1,true
鄰舍輔導會東涌綜合服務中心(中心第二分處),鄰舍輔導會東涌綜合服務中心(中心第二分處),officeTower,鄰舍輔導會東涌綜合服務中心(中心第二分處),,,,,,1,true
偉晉中心,偉晉中心,officeTower,偉晉中心,,,,,,1,true
偉倫中心,偉倫中心,officeTower,偉倫中心,,,,,,1,true
興偉中心,興偉中心,officeTower,興偉中心,,,,,,1,true
偉興大廈,偉興大廈,officeTower,偉興大廈,,,,,,1,true
偉益大廈,偉益大廈,officeTower,偉益大廈,,,,,,1,true
偉業中心,偉業中心,officeTower,偉業中心,,,,,,1,true
華偉大廈,華偉大廈,officeTower,華偉大廈,,,,,,1,true
偉成大廈,偉成大廈,officeTower,偉成大廈,,,,,,1,true
偉業大廈,偉業大廈,officeTower,偉業大廈,,,,,,1,true
柴灣健康評估中心,柴灣健康評估中心,officeTower,柴灣健康評估中心,,,,,,1,true
藍田健康評估中心,藍田健康評估中心,officeTower,藍田健康評估中心,,,,,,1,true
西環健康評估中心,西環健康評估中心,officeTower,西環健康評估中心,,,,,,1,true
柴灣學生健康服務中心,柴灣學生健康服務中心,officeTower,柴灣學生健康服務中心,,,,,,1,true
藍田學生健康服務中心,藍田學生健康服務中心,officeTower,藍田學生健康服務中心,,,,,,1,true
屯門學生健康服務中心,屯門學生健康服務中心,officeTower,屯門學生健康服務中心,,,,,,1,true
元朗學生健康服務中心,元朗學生健康服務中心,officeTower,元朗學生健康服務中心,,,,,,1,true
保良局黃竹坑護理安老中心-甲子護理安老院暨胡陳金枝安老院,保良局黃竹坑護理安老中心-甲子護理安老院暨胡陳金枝安老院,officeTower,保良局黃竹坑護理安老中心-甲子護理安老院暨胡陳金枝安老院,,,,,,1,true
九龍城活齡中心,九龍城活齡中心,officeTower,九龍城活齡中心,,,,,,1,true
香港聖公會福利協會有限公司九龍城青少年綜合服務中心,香港聖公會福利協會有限公司九龍城青少年綜合服務中心,officeTower,香港聖公會福利協會有限公司九龍城青少年綜合服務中心,,,,,,1,true
廣益大廈,廣益大廈,officeTower,廣益大廈,,,,,,1,true
協康會富昌中心 (SCCC),協康會富昌中心 (SCCC),officeTower,協康會富昌中心 (SCCC),,,,,,1,true
隆亨社區中心,隆亨社區中心,officeTower,隆亨社區中心,,,,,,1,true
順利社區中心,順利社區中心,officeTower,順利社區中心,,,,,,1,true
彩雲社區中心,彩雲社區中心,officeTower,彩雲社區中心,,,,,,1,true
恒安社區中心,恒安社區中心,officeTower,恒安社區中心,,,,,,1,true
鳳德社區中心,鳳德社區中心,officeTower,鳳德社區中心,,,,,,1,true
華貴社區中心,華貴社區中心,officeTower,華貴社區中心,,,,,,1,true
長發社區中心,長發社區中心,officeTower,長發社區中心,,,,,,1,true
竹園社區中心,竹園社區中心,officeTower,竹園社區中心,,,,,,1,true
南昌社區中心,南昌社區中心,officeTower,南昌社區中心,,,,,,1,true
海怡社區中心,海怡社區中心,officeTower,海怡社區中心,,,,,,1,true
藍田(西區)社區中心,藍田(西區)社區中心,officeTower,藍田(西區)社區中心,,,,,,1,true
安定/友愛社區中心,安定/友愛社區中心,officeTower,安定/友愛社區中心,,,,,,1,true
至善活動中心,至善活動中心,officeTower,至善活動中心,,,,,,1,true
樂華社區中心,樂華社區中心,officeTower,樂華社區中心,,,,,,1,true
大坑東社區中心,大坑東社區中心,officeTower,大坑東社區中心,,,,,,1,true
南區民政諮詢中心,南區民政諮詢中心,officeTower,南區民政諮詢中心,,,,,,1,true
屯門巿中心社區會堂,屯門巿中心社區會堂,officeTower,屯門巿中心社區會堂,,,,,,1,true
東頭社區中心,東頭社區中心,officeTower,東頭社區中心,,,,,,1,true
東區民政諮詢中心,東區民政諮詢中心,officeTower,東區民政諮詢中心,,,,,,1,true
友群大廈,友群大廈,officeTower,友群大廈,,,,,,1,true
佳景大廈,佳景大廈,officeTower,佳景大廈,,,,,,1,true
新利大廈,新利大廈,officeTower,新利大廈,,,,,,1,true
嘉輝大廈,嘉輝大廈,officeTower,嘉輝大廈,,,,,,1,true
嘉泰大廈,嘉泰大廈,officeTower,嘉泰大廈,,,,,,1,true
高明大廈,高明大廈,officeTower,高明大廈,,,,,,1,true
端納大廈,端納大廈,officeTower,端納大廈,,,,,,1,true
怡景大廈,怡景大廈,officeTower,怡景大廈,,,,,,1,true
福慧大廈,福慧大廈,officeTower,福慧大廈,,,,,,1,true
金殿大廈,金殿大廈,officeTower,金殿大廈,,,,,,1,true
歌頓大廈,歌頓大廈,officeTower,歌頓大廈,,,,,,1,true
格蘭大廈,格蘭大廈,officeTower,格蘭大廈,,,,,,1,true
京都大廈,京都大廈,officeTower,京都大廈,,,,,,1,true
首利大廈,首利大廈,officeTower,首利大廈,,,,,,1,true
明醫醫務中心,明醫醫務中心,officeTower,明醫醫務中心,,,,,,1,true
新生精神康復會新生會大樓庇護工場,新生精神康復會新生會大樓庇護工場,officeTower,新生精神康復會新生會大樓庇護工場,,,,,,1,true
香港神託會 耀荃綜合復康服務中心,香港神託會 耀荃綜合復康服務中心,officeTower,香港神託會 耀荃綜合復康服務中心,,,,,,1,true
匯縱專業發展中心(粉嶺),匯縱專業發展中心(粉嶺),officeTower,匯縱專業發展中心(粉嶺),,,,,,1,true
匯縱專業發展中心(屯門),匯縱專業發展中心(屯門),officeTower,匯縱專業發展中心(屯門),,,,,,1,true
製衣業訓練局荔景訓練中心,製衣業訓練局荔景訓練中心,officeTower,製衣業訓練局荔景訓練中心,,,,,,1,true
匯縱專業發展中心(馬鞍山),匯縱專業發展中心(馬鞍山),officeTower,匯縱專業發展中心(馬鞍山),,,,,,1,true
卓越培訓發展中心(汽車業)屯門,卓越培訓發展中心(汽車業)屯門,officeTower,卓越培訓發展中心(汽車業)屯門,,,,,,1,true
明愛樂務綜合職業訓練中心,明愛樂務綜合職業訓練中心,officeTower,明愛樂務綜合職業訓練中心,,,,,,1,true
卓越培訓發展中心(焊接業),卓越培訓發展中心(焊接業),officeTower,卓越培訓發展中心(焊接業),,,,,,1,true
卓越培訓發展中心(珠寶業),卓越培訓發展中心(珠寶業),officeTower,卓越培訓發展中心(珠寶業),,,,,,1,true
英才職業技能培訓中心,英才職業技能培訓中心,officeTower,英才職業技能培訓中心,,,,,,1,true
卓越培訓發展中心(氣體燃料業),卓越培訓發展中心(氣體燃料業),officeTower,卓越培訓發展中心(氣體燃料業),,,,,,1,true
卓越培訓發展中心(時裝紡織業),卓越培訓發展中心(時裝紡織業),officeTower,卓越培訓發展中心(時裝紡織業),,,,,,1,true
卓越培訓發展中心(汽車業)葵涌,卓越培訓發展中心(汽車業)葵涌,officeTower,卓越培訓發展中心(汽車業)葵涌,,,,,,1,true
卓越培訓發展中心(電機業)葵涌,卓越培訓發展中心(電機業)葵涌,officeTower,卓越培訓發展中心(電機業)葵涌,,,,,,1,true
匯縱專業發展中心(油麻地),匯縱專業發展中心(油麻地),officeTower,匯縱專業發展中心(油麻地),,,,,,1,true
卓越培訓發展中心(電子業),卓越培訓發展中心(電子業),officeTower,卓越培訓發展中心(電子業),,,,,,1,true
卓越培訓發展中心(印刷業),卓越培訓發展中心(印刷業),officeTower,卓越培訓發展中心(印刷業),,,,,,1,true
卓越培訓發展中心(電機業)薄扶林,卓越培訓發展中心(電機業)薄扶林,officeTower,卓越培訓發展中心(電機業)薄扶林,,,,,,1,true
卓越培訓發展中心(機械業)薄扶林,卓越培訓發展中心(機械業)薄扶林,officeTower,卓越培訓發展中心(機械業)薄扶林,,,,,,1,true
卓越培訓發展中心(精密工程業),卓越培訓發展中心(精密工程業),officeTower,卓越培訓發展中心(精密工程業),,,,,,1,true
匯縱專業發展中心(荔枝角),匯縱專業發展中心(荔枝角),officeTower,匯縱專業發展中心(荔枝角),,,,,,1,true
卓越培訓發展中心(機械業)九龍灣,卓越培訓發展中心(機械業)九龍灣,officeTower,卓越培訓發展中心(機械業)九龍灣,,,,,,1,true
工聯會職業發展服務中心,工聯會職業發展服務中心,officeTower,工聯會職業發展服務中心,,,,,,1,true
和富慈善基金李宗德博士全人發展教育中心,和富慈善基金李宗德博士全人發展教育中心,officeTower,和富慈善基金李宗德博士全人發展教育中心,,,,,,1,true
展亮技能發展中心(屯門),展亮技能發展中心(屯門),officeTower,展亮技能發展中心(屯門),,,,,,1,true
宏亞大廈,宏亞大廈,officeTower,宏亞大廈,,,,,,1,true
Mayfair By The Sea I Tower 1,Mayfair By The Sea I Tower 1,officeTower,Mayfair By The Sea I Tower 1,,,,,,1,true
Mayfair By The Sea I Tower 16,Mayfair By The Sea I Tower 16,officeTower,Mayfair By The Sea I Tower 16,,,,,,1,true
Mayfair By The Sea I Tower 17,Mayfair By The Sea I Tower 17,officeTower,Mayfair By The Sea I Tower 17,,,,,,1,true
Mayfair By The Sea I Tower 18,Mayfair By The Sea I Tower 18,officeTower,Mayfair By The Sea I Tower 18,,,,,,1,true
Mayfair By The Sea I Tower 19,Mayfair By The Sea I Tower 19,officeTower,Mayfair By The Sea I Tower 19,,,,,,1,true
Mayfair By The Sea I Tower 2,Mayfair By The Sea I Tower 2,officeTower,Mayfair By The Sea I Tower 2,,,,,,1,true
Mayfair By The Sea I Tower 20,Mayfair By The Sea I Tower 20,officeTower,Mayfair By The Sea I Tower 20,,,,,,1,true
Mayfair By The Sea I Tower 21,Mayfair By The Sea I Tower 21,officeTower,Mayfair By The Sea I Tower 21,,,,,,1,true
Mayfair By The Sea I Tower 3,Mayfair By The Sea I Tower 3,officeTower,Mayfair By The Sea I Tower 3,,,,,,1,true
Wi-Fi.HK 熱點位置: 中銀香港 - 旺角銀高國際大廈分行,Wi-Fi.HK 熱點位置: 中銀香港 - 旺角銀高國際大廈分行,officeTower,Wi-Fi.HK 熱點位置: 中銀香港 - 旺角銀高國際大廈分行,,,,,,1,true
義莎中心,義莎中心,officeTower,義莎中心,,,,,,1,true
耀基商業大廈,耀基商業大廈,officeTower,耀基商業大廈,,,,,,1,true
稅務大樓,稅務大樓,officeTower,稅務大樓,,,,,,1,true
Tower 5,Tower 5,officeTower,Tower 5,,,,,,1,true
TOWER 5A,TOWER 5A,officeTower,TOWER 5A,,,,,,1,true
TOWER 5B,TOWER 5B,officeTower,TOWER 5B,,,,,,1,true
新華大廈,新華大廈,officeTower,新華大廈,,,,,,1,true
「樂協」(灣仔稅務大樓),「樂協」(灣仔稅務大樓),officeTower,「樂協」(灣仔稅務大樓),,,,,,1,true
經信商業大廈,經信商業大廈,officeTower,經信商業大廈,,,,,,1,true
May Towers,May Towers,officeTower,May Towers,,,,,,1,true
Aria Tower 5,Aria Tower 5,officeTower,Aria Tower 5,,,,,,1,true
Capri Tower 5,Capri Tower 5,officeTower,Capri Tower 5,,,,,,1,true
Monterey Tower 5,Monterey Tower 5,officeTower,Monterey Tower 5,,,,,,1,true
NAPA Tower 5,NAPA Tower 5,officeTower,NAPA Tower 5,,,,,,1,true
NAPA Tower 5A,NAPA Tower 5A,officeTower,NAPA Tower 5A,,,,,,1,true
Capri Tower 10,Capri Tower 10,officeTower,Capri Tower 10,,,,,,1,true
Capri Tower 10A,Capri Tower 10A,officeTower,Capri Tower 10A,,,,,,1,true
LP10 Tower 1A,LP10 Tower 1A,officeTower,LP10 Tower 1A,,,,,,1,true
LP10 Tower 1B,LP10 Tower 1B,officeTower,LP10 Tower 1B,,,,,,1,true
LP10 Tower 2A,LP10 Tower 2A,officeTower,LP10 Tower 2A,,,,,,1,true
LP10 Tower 2B,LP10 Tower 2B,officeTower,LP10 Tower 2B,,,,,,1,true
愉富大廈,愉富大廈,officeTower,愉富大廈,,,,,,1,true
Constellation Cove Tower 10,Constellation Cove Tower 10,officeTower,Constellation Cove Tower 10,,,,,,1,true
Mount Pavilia Tower 10,Mount Pavilia Tower 10,officeTower,Mount Pavilia Tower 10,,,,,,1,true
The Visionary Tower 10,The Visionary Tower 10,officeTower,The Visionary Tower 10,,,,,,1,true
愉富大廈B座,愉富大廈B座,officeTower,愉富大廈B座,,,,,,1,true
泛海大廈,泛海大廈,officeTower,泛海大廈,,,,,,1,true
豐盛工業中心B座,豐盛工業中心B座,industrialArea,豐盛工業中心B座,,,,,,1,true
品質工業大廈 (前稱),品質工業大廈 (前稱),industrialArea,品質工業大廈 (前稱),,,,,,1,true
寶泰工業大廈,寶泰工業大廈,industrialArea,寶泰工業大廈,,,,,,1,true
盛力工業中心,盛力工業中心,industrialArea,盛力工業中心,,,,,,1,true
福達工業大廈,福達工業大廈,industrialArea,福達工業大廈,,,,,,1,true
光榮工業大廈,光榮工業大廈,industrialArea,光榮工業大廈,,,,,,1,true
金德工業大廈,金德工業大廈,industrialArea,金德工業大廈,,,,,,1,true
豪華工業大廈,豪華工業大廈,industrialArea,豪華工業大廈,,,,,,1,true
金威工業大廈,金威工業大廈,industrialArea,金威工業大廈,,,,,,1,true
立泰工業中心,立泰工業中心,industrialArea,立泰工業中心,,,,,,1,true
樂聲工業中心,樂聲工業中心,industrialArea,樂聲工業中心,,,,,,1,true
荃運工業中心,荃運工業中心,industrialArea,荃運工業中心,,,,,,1,true
友聯工業大廈,友聯工業大廈,industrialArea,友聯工業大廈,,,,,,1,true
宏達工業中心,宏達工業中心,industrialArea,宏達工業中心,,,,,,1,true
豐盛工業中心,豐盛工業中心,industrialArea,豐盛工業中心,,,,,,1,true
滙利工業中心,滙利工業中心,industrialArea,滙利工業中心,,,,,,1,true
新高聲工業大廈,新高聲工業大廈,industrialArea,新高聲工業大廈,,,,,,1,true
柴灣工業城,柴灣工業城,industrialArea,柴灣工業城,,,,,,1,true
金龍工業中心,金龍工業中心,industrialArea,金龍工業中心,,,,,,1,true
恒豐工業大廈,恒豐工業大廈,industrialArea,恒豐工業大廈,,,,,,1,true
恒威工業中心,恒威工業中心,industrialArea,恒威工業中心,,,,,,1,true
鴻昌工業中心,鴻昌工業中心,industrialArea,鴻昌工業中心,,,,,,1,true
金涌工業大廈,金涌工業大廈,industrialArea,金涌工業大廈,,,,,,1,true
貴盛工業大廈,貴盛工業大廈,industrialArea,貴盛工業大廈,,,,,,1,true
葵順工業中心,葵順工業中心,industrialArea,葵順工業中心,,,,,,1,true
葵德工業中心,葵德工業中心,industrialArea,葵德工業中心,,,,,,1,true
美安工業大廈,美安工業大廈,industrialArea,美安工業大廈,,,,,,1,true
安全貨倉工業大厦,安全貨倉工業大厦,industrialArea,安全貨倉工業大厦,,,,,,1,true
沙田工業中心,沙田工業中心,industrialArea,沙田工業中心,,,,,,1,true
大興工業大廈,大興工業大廈,industrialArea,大興工業大廈,,,,,,1,true
德豐工業中心,德豐工業中心,industrialArea,德豐工業中心,,,,,,1,true
萬美達工業大廈,萬美達工業大廈,industrialArea,萬美達工業大廈,,,,,,1,true
工業貿易大樓,工業貿易大樓,industrialArea,工業貿易大樓,,,,,,1,true
同珍工業大廈,同珍工業大廈,industrialArea,同珍工業大廈,,,,,,1,true
東頭工業區,東頭工業區,industrialArea,東頭工業區,,,,,,1,true
和豐工業中心,和豐工業中心,industrialArea,和豐工業中心,,,,,,1,true
永祥工業大廈,永祥工業大廈,industrialArea,永祥工業大廈,,,,,,1,true
油塘工業大廈,油塘工業大廈,industrialArea,油塘工業大廈,,,,,,1,true
怡高工業中心,怡高工業中心,industrialArea,怡高工業中心,,,,,,1,true
裕林工業中心,裕林工業中心,industrialArea,裕林工業中心,,,,,,1,true
越秀工業大廈,越秀工業大廈,industrialArea,越秀工業大廈,,,,,,1,true
德雅工業中心A座,德雅工業中心A座,industrialArea,德雅工業中心A座,,,,,,1,true
德雅工業中心C座,德雅工業中心C座,industrialArea,德雅工業中心C座,,,,,,1,true
富高工業中心A座,富高工業中心A座,industrialArea,富高工業中心A座,,,,,,1,true
富高工業中心B座,富高工業中心B座,industrialArea,富高工業中心B座,,,,,,1,true
金豐工業大廈第1期,金豐工業大廈第1期,industrialArea,金豐工業大廈第1期,,,,,,1,true
金豐工業大廈第2期,金豐工業大廈第2期,industrialArea,金豐工業大廈第2期,,,,,,1,true
合力工業中心A座,合力工業中心A座,industrialArea,合力工業中心A座,,,,,,1,true
中央貨倉,中央貨倉,industrialArea,中央貨倉,,,,,,1,true
官塘工業中心,官塘工業中心,industrialArea,官塘工業中心,,,,,,1,true
九龍灣工業中心,九龍灣工業中心,industrialArea,九龍灣工業中心,,,,,,1,true
九龍灣福康工業大廈,九龍灣福康工業大廈,industrialArea,九龍灣福康工業大廈,,,,,,1,true
新科工業中心 (前稱),新科工業中心 (前稱),industrialArea,新科工業中心 (前稱),,,,,,1,true
香港理工大學Q柱,香港理工大學Q柱,campus,香港理工大學Q柱,,,,,,1,true
香港理工大學R柱,香港理工大學R柱,campus,香港理工大學R柱,,,,,,1,true
警察學院(香港仔)已婚宿舍A座,警察學院(香港仔)已婚宿舍A座,campus,警察學院(香港仔)已婚宿舍A座,,,,,,1,true
警察學院(香港仔)已婚宿舍B座,警察學院(香港仔)已婚宿舍B座,campus,警察學院(香港仔)已婚宿舍B座,,,,,,1,true
香港理工大學T柱,香港理工大學T柱,campus,香港理工大學T柱,,,,,,1,true
優才（楊殷有娣）書院,優才（楊殷有娣）書院,campus,優才（楊殷有娣）書院,,,,,,1,true
香港大學徐展堂樓,香港大學徐展堂樓,campus,香港大學徐展堂樓,,,,,,1,true
香港理工大學U柱,香港理工大學U柱,campus,香港理工大學U柱,,,,,,1,true
賞味軒 (香港教育大學),賞味軒 (香港教育大學),campus,賞味軒 (香港教育大學),,,,,,1,true
賞味軒 (香港大學),賞味軒 (香港大學),campus,賞味軒 (香港大學),,,,,,1,true
香港理工大學Z座,香港理工大學Z座,campus,香港理工大學Z座,,,,,,1,true
保祿六世書院,保祿六世書院,campus,保祿六世書院,,,,,,1,true
St.Stephen's College College House,St.Stephen's College College House,campus,St.Stephen's College College House,,,,,,1,true
嘉諾撒書院,嘉諾撒書院,campus,嘉諾撒書院,,,,,,1,true
基督書院,基督書院,campus,基督書院,,,,,,1,true
銀禧學院,銀禧學院,campus,銀禧學院,,,,,,1,true
英皇書院,英皇書院,campus,英皇書院,,,,,,1,true
瑪利亞書院,瑪利亞書院,campus,瑪利亞書院,,,,,,1,true
皇仁書院,皇仁書院,campus,皇仁書院,,,,,,1,true
高主教書院,高主教書院,campus,高主教書院,,,,,,1,true
逸夫書院,逸夫書院,campus,逸夫書院,,,,,,1,true
恩主教書院,恩主教書院,campus,恩主教書院,,,,,,1,true
青年書院,青年書院,campus,青年書院,,,,,,1,true
Eight College,Eight College,campus,Eight College,,,,,,1,true
樂群書院,樂群書院,campus,樂群書院,,,,,,1,true
博文書院,博文書院,campus,博文書院,,,,,,1,true
康活書院,康活書院,campus,康活書院,,,,,,1,true
中聖書院,中聖書院,campus,中聖書院,,,,,,1,true
救恩書院,救恩書院,campus,救恩書院,,,,,,1,true
天主教新民書院,天主教新民書院,campus,天主教新民書院,,,,,,1,true
獻主會聖母院書院,獻主會聖母院書院,campus,獻主會聖母院書院,,,,,,1,true
聖母書院,聖母書院,campus,聖母書院,,,,,,1,true
培僑書院,培僑書院,campus,培僑書院,,,,,,1,true
沙田學院,沙田學院,campus,沙田學院,,,,,,1,true
聖若瑟書院,聖若瑟書院,campus,聖若瑟書院,,,,,,1,true
聖保羅書院,聖保羅書院,campus,聖保羅書院,,,,,,1,true
閩光書院,閩光書院,campus,閩光書院,,,,,,1,true
東華學院,東華學院,campus,東華學院,,,,,,1,true
恒生管理學院賽馬會宿舍書院,恒生管理學院賽馬會宿舍書院,campus,恒生管理學院賽馬會宿舍書院,,,,,,1,true
逸夫書院大講堂,逸夫書院大講堂,campus,逸夫書院大講堂,,,,,,1,true
聖士提反書院小教堂,聖士提反書院小教堂,campus,聖士提反書院小教堂,,,,,,1,true
大學,大學,campus,大學,,,,,,1,true
香港大學 (前稱),香港大學 (前稱),campus,香港大學 (前稱),,,,,,1,true
大學堂宿舍,大學堂宿舍,campus,大學堂宿舍,,,,,,1,true
香港大學,香港大學,campus,香港大學,,,,,,1,true
香港大學校長寓所,香港大學校長寓所,campus,香港大學校長寓所,,,,,,1,true
大學圖書館,大學圖書館,campus,大學圖書館,,,,,,1,true
嶺南大學,嶺南大學,campus,嶺南大學,,,,,,1,true
香港中文大學,香港中文大學,campus,香港中文大學,,,,,,1,true
香港中文大學醫院,香港中文大學醫院,campus,香港中文大學醫院,,,,,,1,true
大學行政樓,大學行政樓,campus,大學行政樓,,,,,,1,true
大學保健醫療中心,大學保健醫療中心,campus,大學保健醫療中心,,,,,,1,true
大學體育中心,大學體育中心,campus,大學體育中心,,,,,,1,true
嶺南大學主樓,嶺南大學主樓,campus,嶺南大學主樓,,,,,,1,true
University Heights Tower 1,University Heights Tower 1,campus,University Heights Tower 1,,,,,,1,true
University Heights Tower 2,University Heights Tower 2,campus,University Heights Tower 2,,,,,,1,true
University Heights Tower 3,University Heights Tower 3,campus,University Heights Tower 3,,,,,,1,true
香港中文大學第十苑,香港中文大學第十苑,campus,香港中文大學第十苑,,,,,,1,true
香港中文大學第十一苑,香港中文大學第十一苑,campus,香港中文大學第十一苑,,,,,,1,true
香港中文大學第十二苑,香港中文大學第十二苑,campus,香港中文大學第十二苑,,,,,,1,true
香港中文大學第十三苑,香港中文大學第十三苑,campus,香港中文大學第十三苑,,,,,,1,true
香港中文大學第十四苑,香港中文大學第十四苑,campus,香港中文大學第十四苑,,,,,,1,true
香港中文大學第十五苑,香港中文大學第十五苑,campus,香港中文大學第十五苑,,,,,,1,true
香港中文大學第十六苑,香港中文大學第十六苑,campus,香港中文大學第十六苑,,,,,,1,true
香港中文大學第十七苑,香港中文大學第十七苑,campus,香港中文大學第十七苑,,,,,,1,true
香港中文大學第三苑,香港中文大學第三苑,campus,香港中文大學第三苑,,,,,,1,true
樹仁大學,樹仁大學,campus,樹仁大學,,,,,,1,true
聖方濟各大學,聖方濟各大學,campus,聖方濟各大學,,,,,,1,true
cafe330 (中文大學),cafe330 (中文大學),campus,cafe330 (中文大學),,,,,,1,true
香港中文大學校友會聯會張煊昌學校,香港中文大學校友會聯會張煊昌學校,campus,香港中文大學校友會聯會張煊昌學校,,,,,,1,true
嶺南大學黃玉蘭樓,嶺南大學黃玉蘭樓,campus,嶺南大學黃玉蘭樓,,,,,,1,true
香港中文大學圖書館,香港中文大學圖書館,campus,香港中文大學圖書館,,,,,,1,true
香港科技大學,香港科技大學,campus,香港科技大學,,,,,,1,true
香港演藝學院劇院大樓,香港演藝學院劇院大樓,campus,香港演藝學院劇院大樓,,,,,,1,true
香港理工大學張安德演講廳,香港理工大學張安德演講廳,campus,香港理工大學張安德演講廳,,,,,,1,true
香港大學附屬學院 (金鐘教學中心),香港大學附屬學院 (金鐘教學中心),campus,香港大學附屬學院 (金鐘教學中心),,,,,,1,true
香港大學專業進修學院 (金鐘教學中心),香港大學專業進修學院 (金鐘教學中心),campus,香港大學專業進修學院 (金鐘教學中心),,,,,,1,true
香港建造學院－九龍灣院校,香港建造學院－九龍灣院校,campus,香港建造學院－九龍灣院校,,,,,,1,true
青年學院（將軍澳）,青年學院（將軍澳）,campus,青年學院（將軍澳）,,,,,,1,true
香港中文大學專業進修學院 （將軍澳教學中心）,香港中文大學專業進修學院 （將軍澳教學中心）,campus,香港中文大學專業進修學院 （將軍澳教學中心）,,,,,,1,true
樹仁大學灣仔校址,樹仁大學灣仔校址,campus,樹仁大學灣仔校址,,,,,,1,true
香港大學太古海洋科學研究所,香港大學太古海洋科學研究所,campus,香港大學太古海洋科學研究所,,,,,,1,true
粉嶺救恩書院,粉嶺救恩書院,campus,粉嶺救恩書院,,,,,,1,true
前中央書院遺址,前中央書院遺址,campus,前中央書院遺址,,,,,,1,true
香港防癆會 - 香港大學中醫診所暨教研中心(南區),香港防癆會 - 香港大學中醫診所暨教研中心(南區),campus,香港防癆會 - 香港大學中醫診所暨教研中心(南區),,,,,,1,true
香港佛教聯合會 - 香港大學中醫診所暨教研中心(黃大仙區),香港佛教聯合會 - 香港大學中醫診所暨教研中心(黃大仙區),campus,香港佛教聯合會 - 香港大學中醫診所暨教研中心(黃大仙區),,,,,,1,true
博愛醫院-香港浸會大學中醫診所暨教研中心(九龍城區),博愛醫院-香港浸會大學中醫診所暨教研中心(九龍城區),campus,博愛醫院-香港浸會大學中醫診所暨教研中心(九龍城區),,,,,,1,true
博愛醫院 - 香港浸會大學中醫診所暨教研中心(九龍城區),博愛醫院 - 香港浸會大學中醫診所暨教研中心(九龍城區),campus,博愛醫院 - 香港浸會大學中醫診所暨教研中心(九龍城區),,,,,,1,true
香港專業教育學院 - 柴灣,香港專業教育學院 - 柴灣,campus,香港專業教育學院 - 柴灣,,,,,,1,true
香港醫學專科學院,香港醫學專科學院,campus,香港醫學專科學院,,,,,,1,true
英皇書院同學會小學,英皇書院同學會小學,campus,英皇書院同學會小學,,,,,,1,true
香港專業進修學校 (旺角東校園),香港專業進修學校 (旺角東校園),campus,香港專業進修學校 (旺角東校園),,,,,,1,true
香港專業進修學校 (賽馬會本科校園),香港專業進修學校 (賽馬會本科校園),campus,香港專業進修學校 (賽馬會本科校園),,,,,,1,true
香港專業進修學校 (賽馬會馬鞍山校園),香港專業進修學校 (賽馬會馬鞍山校園),campus,香港專業進修學校 (賽馬會馬鞍山校園),,,,,,1,true
港專學院 (旺角東校園),港專學院 (旺角東校園),campus,港專學院 (旺角東校園),,,,,,1,true
香港高等教育科技學院 (柴灣校園),香港高等教育科技學院 (柴灣校園),campus,香港高等教育科技學院 (柴灣校園),,,,,,1,true
港專學院 (賽馬會本科校園),港專學院 (賽馬會本科校園),campus,港專學院 (賽馬會本科校園),,,,,,1,true
香港都會大學 (賽馬會校園),香港都會大學 (賽馬會校園),campus,香港都會大學 (賽馬會校園),,,,,,1,true
港專學院 (賽馬會馬鞍山校園),港專學院 (賽馬會馬鞍山校園),campus,港專學院 (賽馬會馬鞍山校園),,,,,,1,true
香港高等教育科技學院 (青衣校園),香港高等教育科技學院 (青衣校園),campus,香港高等教育科技學院 (青衣校園),,,,,,1,true
職業訓練局海事訓練學院,職業訓練局海事訓練學院,campus,職業訓練局海事訓練學院,,,,,,1,true
職業安全健康局職安健學院,職業安全健康局職安健學院,campus,職業安全健康局職安健學院,,,,,,1,true
職業訓練局工商資訊學院,職業訓練局工商資訊學院,campus,職業訓練局工商資訊學院,,,,,,1,true
建造業議會訓練學院上水訓練中心,建造業議會訓練學院上水訓練中心,campus,建造業議會訓練學院上水訓練中心,,,,,,1,true
建造業議會訓練學院九龍灣訓練中心,建造業議會訓練學院九龍灣訓練中心,campus,建造業議會訓練學院九龍灣訓練中心,,,,,,1,true
香港高等教育科技學院,香港高等教育科技學院,campus,香港高等教育科技學院,,,,,,1,true
香港西廚學院,香港西廚學院,campus,香港西廚學院,,,,,,1,true
青年學院(屯門),青年學院(屯門),campus,青年學院(屯門),,,,,,1,true
東涌第89區(北側)1所設有30 間課室的小學地盤,東涌第89區(北側)1所設有30 間課室的小學地盤,school,東涌第89區(北側)1所設有30 間課室的小學地盤,,,,,,1,true
海怡寶血小學,海怡寶血小學,school,海怡寶血小學,,,,,,1,true
香港紅十字會甘迺迪中心(小學部),香港紅十字會甘迺迪中心(小學部),school,香港紅十字會甘迺迪中心(小學部),,,,,,1,true
香港紅十字會甘迺迪中心(中學部),香港紅十字會甘迺迪中心(中學部),school,香港紅十字會甘迺迪中心(中學部),,,,,,1,true
啟思幼稚園(杏花邨) (K215830A),啟思幼稚園(杏花邨) (K215830A),school,啟思幼稚園(杏花邨) (K215830A),,,,,,1,true
何文田浸信會幼稚園 (K536024A),何文田浸信會幼稚園 (K536024A),school,何文田浸信會幼稚園 (K536024A),,,,,,1,true
聖文嘉幼稚園 (何文田) (K537349A),聖文嘉幼稚園 (何文田) (K537349A),school,聖文嘉幼稚園 (何文田) (K537349A),,,,,,1,true
啟思幼稚園(馬灣) (K552747A),啟思幼稚園(馬灣) (K552747A),school,啟思幼稚園(馬灣) (K552747A),,,,,,1,true
迦南幼稚園(將軍澳) (K619787A),迦南幼稚園(將軍澳) (K619787A),school,迦南幼稚園(將軍澳) (K619787A),,,,,,1,true
竹園區神召會將軍澳康樂幼兒學校,竹園區神召會將軍澳康樂幼兒學校,school,竹園區神召會將軍澳康樂幼兒學校,,,,,,1,true
將軍澳官立小學,將軍澳官立小學,school,將軍澳官立小學,,,,,,1,true
英藝幼稚園(將軍澳) (K607258A),英藝幼稚園(將軍澳) (K607258A),school,英藝幼稚園(將軍澳) (K607258A),,,,,,1,true
迦密柏雨中學,迦密柏雨中學,school,迦密柏雨中學,,,,,,1,true
番禺會所華仁小學,番禺會所華仁小學,school,番禺會所華仁小學,,,,,,1,true
竹園區神召會太和康樂幼兒學校,竹園區神召會太和康樂幼兒學校,school,竹園區神召會太和康樂幼兒學校,,,,,,1,true
竹園區神召會太和康樂幼兒學校 (K566578A),竹園區神召會太和康樂幼兒學校 (K566578A),school,竹園區神召會太和康樂幼兒學校 (K566578A),,,,,,1,true
安基司幼稚園 (K536067A),安基司幼稚園 (K536067A),school,安基司幼稚園 (K536067A),,,,,,1,true
挪威國際學校,挪威國際學校,school,挪威國際學校,,,,,,1,true
啟思幼稚園(青衣) (K534226A),啟思幼稚園(青衣) (K534226A),school,啟思幼稚園(青衣) (K534226A),,,,,,1,true
青衣商會幼稚園 (K158070A),青衣商會幼稚園 (K158070A),school,青衣商會幼稚園 (K158070A),,,,,,1,true
平安福音堂幼稚園(青衣) (K546127A),平安福音堂幼稚園(青衣) (K546127A),school,平安福音堂幼稚園(青衣) (K546127A),,,,,,1,true
蒙特梭利國際學校,蒙特梭利國際學校,school,蒙特梭利國際學校,,,,,,1,true
安菲爾學校,安菲爾學校,school,安菲爾學校,,,,,,1,true
伯特利中學,伯特利中學,school,伯特利中學,,,,,,1,true
惇裕學校,惇裕學校,school,惇裕學校,,,,,,1,true
通德學校,通德學校,school,通德學校,,,,,,1,true
香港仔工業學校,香港仔工業學校,school,香港仔工業學校,,,,,,1,true
金文泰中學,金文泰中學,school,金文泰中學,,,,,,1,true
顯理中學,顯理中學,school,顯理中學,,,,,,1,true
KELLETT SCHOOL,KELLETT SCHOOL,school,KELLETT SCHOOL,,,,,,1,true
五旬節中學,五旬節中學,school,五旬節中學,,,,,,1,true
福建中學附屬學校,福建中學附屬學校,school,福建中學附屬學校,,,,,,1,true
聖家學校,聖家學校,school,聖家學校,,,,,,1,true
國民學校,國民學校,school,國民學校,,,,,,1,true
慈幼學校,慈幼學校,school,慈幼學校,,,,,,1,true
HONG KONG INTERNATIONAL SCHOOL,HONG KONG INTERNATIONAL SCHOOL,school,HONG KONG INTERNATIONAL SCHOOL,,,,,,1,true
KENNEDY SCHOOL,KENNEDY SCHOOL,school,KENNEDY SCHOOL,,,,,,1,true
PEAK SCHOOL,PEAK SCHOOL,school,PEAK SCHOOL,,,,,,1,true
聖貞德中學,聖貞德中學,school,聖貞德中學,,,,,,1,true
加拿大國際學校,加拿大國際學校,school,加拿大國際學校,,,,,,1,true
漢基國際學校,漢基國際學校,school,漢基國際學校,,,,,,1,true
鐘聲學校,鐘聲學校,school,鐘聲學校,,,,,,1,true
基督教國際學校,基督教國際學校,school,基督教國際學校,,,,,,1,true
伊斯蘭學校,伊斯蘭學校,school,伊斯蘭學校,,,,,,1,true
香島華德福學校,香島華德福學校,school,香島華德福學校,,,,,,1,true
光明學校,光明學校,school,光明學校,,,,,,1,true
嶺南中學,嶺南中學,school,嶺南中學,,,,,,1,true
梅窩學校,梅窩學校,school,梅窩學校,,,,,,1,true
南丫北段公立小學,南丫北段公立小學,school,南丫北段公立小學,,,,,,1,true
鄉師自然學校,鄉師自然學校,school,鄉師自然學校,,,,,,1,true
銀礦灣學校,銀礦灣學校,school,銀礦灣學校,,,,,,1,true
聖類斯中學,聖類斯中學,school,聖類斯中學,,,,,,1,true
聖馬可中學,聖馬可中學,school,聖馬可中學,,,,,,1,true
粉嶺官立小學,粉嶺官立小學,school,粉嶺官立小學,,,,,,1,true
粉嶺官立中學,粉嶺官立中學,school,粉嶺官立中學,,,,,,1,true
香港航海學校,香港航海學校,school,香港航海學校,,,,,,1,true
曾梅千禧學校,曾梅千禧學校,school,曾梅千禧學校,,,,,,1,true
白普理小學,白普理小學,school,白普理小學,,,,,,1,true
CARMEL SCHOOL,CARMEL SCHOOL,school,CARMEL SCHOOL,,,,,,1,true
INVICTUS SCHOOL,INVICTUS SCHOOL,school,INVICTUS SCHOOL,,,,,,1,true
愛培學校,愛培學校,school,愛培學校,,,,,,1,true
粉嶺公立學校,粉嶺公立學校,school,粉嶺公立學校,,,,,,1,true
瑪利曼小學,瑪利曼小學,school,瑪利曼小學,,,,,,1,true
瑪利曼中學,瑪利曼中學,school,瑪利曼中學,,,,,,1,true
風采中學,風采中學,school,風采中學,,,,,,1,true
衛理中學,衛理中學,school,衛理中學,,,,,,1,true
漢華中學,漢華中學,school,漢華中學,,,,,,1,true
閩僑中學,閩僑中學,school,閩僑中學,,,,,,1,true
華英中學,華英中學,school,華英中學,,,,,,1,true
惠僑英文中學,惠僑英文中學,school,惠僑英文中學,,,,,,1,true
佛教善德英文中學,佛教善德英文中學,school,佛教善德英文中學,,,,,,1,true
佛教大雄中學,佛教大雄中學,school,佛教大雄中學,,,,,,1,true
張祝珊英文中學,張祝珊英文中學,school,張祝珊英文中學,,,,,,1,true
安博官立小學,安博官立小學,school,安博官立小學,,,,,,1,true
長洲官立中學,長洲官立中學,school,長洲官立中學,,,,,,1,true
北角官立小學,北角官立小學,school,北角官立小學,,,,,,1,true
愛秩序灣官立小學,愛秩序灣官立小學,school,愛秩序灣官立小學,,,,,,1,true
觀塘官立中學,觀塘官立中學,school,觀塘官立中學,,,,,,1,true
沙田官立小學,沙田官立小學,school,沙田官立小學,,,,,,1,true
荃灣官立小學,荃灣官立小學,school,荃灣官立小學,,,,,,1,true
荃灣官立中學,荃灣官立中學,school,荃灣官立中學,,,,,,1,true
屯門官立小學,屯門官立小學,school,屯門官立小學,,,,,,1,true
屯門官立中學,屯門官立中學,school,屯門官立中學,,,,,,1,true
元朗官立小學,元朗官立小學,school,元朗官立小學,,,,,,1,true
筲箕灣官立中學,筲箕灣官立中學,school,筲箕灣官立中學,,,,,,1,true
上水官立中學,上水官立中學,school,上水官立中學,,,,,,1,true
賽馬會官立中學,賽馬會官立中學,school,賽馬會官立中學,,,,,,1,true
九龍塘官立小學,九龍塘官立小學,school,九龍塘官立小學,,,,,,1,true
觀塘官立小學,觀塘官立小學,school,觀塘官立小學,,,,,,1,true
筲箕灣官立小學,筲箕灣官立小學,school,筲箕灣官立小學,,,,,,1,true
南屯門官立中學,南屯門官立中學,school,南屯門官立中學,,,,,,1,true
南元朗官立小學,南元朗官立小學,school,南元朗官立小學,,,,,,1,true
筲箕灣東官立中學,筲箕灣東官立中學,school,筲箕灣東官立中學,,,,,,1,true
沙田官立中學,沙田官立中學,school,沙田官立中學,,,,,,1,true
大埔官立小學,大埔官立小學,school,大埔官立小學,,,,,,1,true
天水圍官立小學,天水圍官立小學,school,天水圍官立小學,,,,,,1,true
天水圍官立中學,天水圍官立中學,school,天水圍官立中學,,,,,,1,true
何文田官立中學,何文田官立中學,school,何文田官立中學,,,,,,1,true
將軍澳官立中學,將軍澳官立中學,school,將軍澳官立中學,,,,,,1,true
香港南區官立小學,香港南區官立小學,school,香港南區官立小學,,,,,,1,true
馬頭涌官立小學,馬頭涌官立小學,school,馬頭涌官立小學,,,,,,1,true
鄧肇堅維多利亞官立中學,鄧肇堅維多利亞官立中學,school,鄧肇堅維多利亞官立中學,,,,,,1,true
馬頭涌官立小學(紅磡灣),馬頭涌官立小學(紅磡灣),school,馬頭涌官立小學(紅磡灣),,,,,,1,true
黃大仙官立小學,黃大仙官立小學,school,黃大仙官立小學,,,,,,1,true
觀塘功樂官立中學,觀塘功樂官立中學,school,觀塘功樂官立中學,,,,,,1,true
李鄭屋官立小學,李鄭屋官立小學,school,李鄭屋官立小學,,,,,,1,true
深水埗官立小學,深水埗官立小學,school,深水埗官立小學,,,,,,1,true
元朗公立中學,元朗公立中學,school,元朗公立中學,,,,,,1,true
趙聿修紀念中學,趙聿修紀念中學,school,趙聿修紀念中學,,,,,,1,true
新會商會學校,新會商會學校,school,新會商會學校,,,,,,1,true
香港四邑商工總會新會商會學校,香港四邑商工總會新會商會學校,school,香港四邑商工總會新會商會學校,,,,,,1,true
北角協同中學,北角協同中學,school,北角協同中學,,,,,,1,true
北角衞理小學,北角衞理小學,school,北角衞理小學,,,,,,1,true
鰂魚涌小學,鰂魚涌小學,school,鰂魚涌小學,,,,,,1,true
寶寶幼兒學校 (K566101A),寶寶幼兒學校 (K566101A),school,寶寶幼兒學校 (K566101A),,,,,,1,true
寶寶幼兒學校,寶寶幼兒學校,school,寶寶幼兒學校,,,,,,1,true
明愛堅尼地城幼兒學校,明愛堅尼地城幼兒學校,school,明愛堅尼地城幼兒學校,,,,,,1,true
英藝幼稚園(堅尼地城) (K620998A),英藝幼稚園(堅尼地城) (K620998A),school,英藝幼稚園(堅尼地城) (K620998A),,,,,,1,true
明愛堅尼地城幼兒學校 (K565954A),明愛堅尼地城幼兒學校 (K565954A),school,明愛堅尼地城幼兒學校 (K565954A),,,,,,1,true
香港明愛堅尼地城幼兒學校,香港明愛堅尼地城幼兒學校,school,香港明愛堅尼地城幼兒學校,,,,,,1,true
佐敦谷聖若瑟天主教小學,佐敦谷聖若瑟天主教小學,school,佐敦谷聖若瑟天主教小學,,,,,,1,true
寶血幼稚園(深水埗) (K564044A),寶血幼稚園(深水埗) (K564044A),school,寶血幼稚園(深水埗) (K564044A),,,,,,1,true
深水埗浸信會幼稚園 (K317403B),深水埗浸信會幼稚園 (K317403B),school,深水埗浸信會幼稚園 (K317403B),,,,,,1,true
深水埗德善幼稚園 (K325830A),深水埗德善幼稚園 (K325830A),school,深水埗德善幼稚園 (K325830A),,,,,,1,true
九龍灣聖若翰天主教小學,九龍灣聖若翰天主教小學,school,九龍灣聖若翰天主教小學,,,,,,1,true
聖公會九龍灣基樂小學,聖公會九龍灣基樂小學,school,聖公會九龍灣基樂小學,,,,,,1,true
香港小童群益會樂緻幼稚園(九龍灣) (K563455A),香港小童群益會樂緻幼稚園(九龍灣) (K563455A),school,香港小童群益會樂緻幼稚園(九龍灣) (K563455A),,,,,,1,true
黃大仙天主教小學,黃大仙天主教小學,school,黃大仙天主教小學,,,,,,1,true
九龍塘學校,九龍塘學校,school,九龍塘學校,,,,,,1,true
迦南幼稚園(九龍塘) (K531910A),迦南幼稚園(九龍塘) (K531910A),school,迦南幼稚園(九龍塘) (K531910A),,,,,,1,true
兒童無限學校（九龍塘）,兒童無限學校（九龍塘）,school,兒童無限學校（九龍塘）,,,,,,1,true
約克英文小學暨幼稚園（九龍塘）,約克英文小學暨幼稚園（九龍塘）,school,約克英文小學暨幼稚園（九龍塘）,,,,,,1,true
嘉諾撒聖家學校（九龍塘）,嘉諾撒聖家學校（九龍塘）,school,嘉諾撒聖家學校（九龍塘）,,,,,,1,true
九龍塘天主教華德學校,九龍塘天主教華德學校,school,九龍塘天主教華德學校,,,,,,1,true
中華基督教會基華小學（九龍塘）,中華基督教會基華小學（九龍塘）,school,中華基督教會基華小學（九龍塘）,,,,,,1,true
沙田小學,沙田小學,school,沙田小學,,,,,,1,true
港島中學,港島中學,school,港島中學,,,,,,1,true
葵涌浸信會幼稚園,葵涌浸信會幼稚園,school,葵涌浸信會幼稚園,,,,,,1,true
前屯門小學校,前屯門小學校,school,前屯門小學校,,,,,,1,true
元朗信義會生命幼稚園,元朗信義會生命幼稚園,school,元朗信義會生命幼稚園,,,,,,1,true
上水培幼幼稚園,上水培幼幼稚園,school,上水培幼幼稚園,,,,,,1,true
Tseung Kwan O Government Secondary School,Tseung Kwan O Government Secondary School,school,Tseung Kwan O Government Secondary School,,,,,,1,true
西貢樂育幼稚園,西貢樂育幼稚園,school,西貢樂育幼稚園,,,,,,1,true
太古小學,太古小學,school,太古小學,,,,,,1,true
油蔴地天主教小學,油蔴地天主教小學,school,油蔴地天主教小學,,,,,,1,true
九龍塘方方樂趣英文小學,九龍塘方方樂趣英文小學,school,九龍塘方方樂趣英文小學,,,,,,1,true
荃灣商會學校,荃灣商會學校,school,荃灣商會學校,,,,,,1,true
元朗信義中學,元朗信義中學,school,元朗信義中學,,,,,,1,true
香港仔浸信會白光幼稚園 (K523089A),香港仔浸信會白光幼稚園 (K523089A),school,香港仔浸信會白光幼稚園 (K523089A),,,,,,1,true
香港基督教女青年會青衣幼兒學校,香港基督教女青年會青衣幼兒學校,school,香港基督教女青年會青衣幼兒學校,,,,,,1,true
香港基督教女青年會青衣幼兒學校 (K623598A),香港基督教女青年會青衣幼兒學校 (K623598A),school,香港基督教女青年會青衣幼兒學校 (K623598A),,,,,,1,true
曾璧山(崇蘭)中學,曾璧山(崇蘭)中學,school,曾璧山(崇蘭)中學,,,,,,1,true
天樂幼稚園 (K537950A),天樂幼稚園 (K537950A),school,天樂幼稚園 (K537950A),,,,,,1,true
基督教聖約教會小天使(天盛)幼稚園 (K532835A),基督教聖約教會小天使(天盛)幼稚園 (K532835A),school,基督教聖約教會小天使(天盛)幼稚園 (K532835A),,,,,,1,true
樂富禮賢會幼稚園 (K325929A),樂富禮賢會幼稚園 (K325929A),school,樂富禮賢會幼稚園 (K325929A),,,,,,1,true
福德學校,福德學校,school,福德學校,,,,,,1,true
Discovery Montessori Academy (K600814A),Discovery Montessori Academy (K600814A),school,Discovery Montessori Academy (K600814A),,,,,,1,true
香港國際蒙特梭利學校 (K584606A),香港國際蒙特梭利學校 (K584606A),school,香港國際蒙特梭利學校 (K584606A),,,,,,1,true
Guidepost Montessori International Kindergarten (Discovery Bay) (K609625A),Guidepost Montessori International Kindergarten (Discovery Bay) (K609625A),school,Guidepost Montessori International Kindergarten (Discovery Bay) (K609625A),,,,,,1,true
心光盲人院暨學校心光護理安老院,心光盲人院暨學校心光護理安老院,school,心光盲人院暨學校心光護理安老院,,,,,,1,true
九龍城浸信會幼稚園 (K324078A),九龍城浸信會幼稚園 (K324078A),school,九龍城浸信會幼稚園 (K324078A),,,,,,1,true
救世軍韋理夫人紀念學校,救世軍韋理夫人紀念學校,school,救世軍韋理夫人紀念學校,,,,,,1,true
香港學堂國際學校,香港學堂國際學校,school,香港學堂國際學校,,,,,,1,true
福德學社小學,福德學社小學,school,福德學社小學,,,,,,1,true
港灣學校,港灣學校,school,港灣學校,,,,,,1,true
德瑞國際學校,德瑞國際學校,school,德瑞國際學校,,,,,,1,true
新加坡國際學校,新加坡國際學校,school,新加坡國際學校,,,,,,1,true
蘇浙小學校,蘇浙小學校,school,蘇浙小學校,,,,,,1,true
美國國際學校,美國國際學校,school,美國國際學校,,,,,,1,true
耀中國際學校,耀中國際學校,school,耀中國際學校,,,,,,1,true
賽馬會善樂學校,賽馬會善樂學校,school,賽馬會善樂學校,,,,,,1,true
己連拿小學,己連拿小學,school,己連拿小學,,,,,,1,true
京斯敦國際學校,京斯敦國際學校,school,京斯敦國際學校,,,,,,1,true
哈羅香港國際學校,哈羅香港國際學校,school,哈羅香港國際學校,,,,,,1,true
港大同學會小學,港大同學會小學,school,港大同學會小學,,,,,,1,true
示昕學校,示昕學校,school,示昕學校,,,,,,1,true
香港墨爾文國際學校,香港墨爾文國際學校,school,香港墨爾文國際學校,,,,,,1,true
香港澳洲國際學校,香港澳洲國際學校,school,香港澳洲國際學校,,,,,,1,true
瑪利灣學校(小學部),瑪利灣學校(小學部),school,瑪利灣學校(小學部),,,,,,1,true
瑪利灣學校(中學部),瑪利灣學校(中學部),school,瑪利灣學校(中學部),,,,,,1,true
聖類斯中學(小學部),聖類斯中學(小學部),school,聖類斯中學(小學部),,,,,,1,true
心光學校(小學部),心光學校(小學部),school,心光學校(小學部),,,,,,1,true
心光學校(中學部),心光學校(中學部),school,心光學校(中學部),,,,,,1,true
才俊學校(小學部),才俊學校(小學部),school,才俊學校(小學部),,,,,,1,true
才俊學校(中學部),才俊學校(中學部),school,才俊學校(中學部),,,,,,1,true
思貝禮國際學校,思貝禮國際學校,school,思貝禮國際學校,,,,,,1,true
協同國際學校,協同國際學校,school,協同國際學校,,,,,,1,true
培生學校,培生學校,school,培生學校,,,,,,1,true
遵理學校,遵理學校,school,遵理學校,,,,,,1,true
樹宏學校,樹宏學校,school,樹宏學校,,,,,,1,true
香港復臨學校,香港復臨學校,school,香港復臨學校,,,,,,1,true
香港西班牙學校,香港西班牙學校,school,香港西班牙學校,,,,,,1,true
滬江維多利亞學校,滬江維多利亞學校,school,滬江維多利亞學校,,,,,,1,true
香港威雅學校,香港威雅學校,school,香港威雅學校,,,,,,1,true
劍津英國學校,劍津英國學校,school,劍津英國學校,,,,,,1,true
耀中國際學校（中學）,耀中國際學校（中學）,school,耀中國際學校（中學）,,,,,,1,true
遵理學校(旺角),遵理學校(旺角),school,遵理學校(旺角),,,,,,1,true
香港力邁學校,香港力邁學校,school,香港力邁學校,,,,,,1,true
明愛白英奇專業學校,明愛白英奇專業學校,school,明愛白英奇專業學校,,,,,,1,true
保良局蔡繼有學校,保良局蔡繼有學校,school,保良局蔡繼有學校,,,,,,1,true
香港專業進修學校 (觀塘教學中心),香港專業進修學校 (觀塘教學中心),school,香港專業進修學校 (觀塘教學中心),,,,,,1,true
香港專業進修學校 (荃灣教學中心),香港專業進修學校 (荃灣教學中心),school,香港專業進修學校 (荃灣教學中心),,,,,,1,true
香港專業進修學校 (元朗教學中心),香港專業進修學校 (元朗教學中心),school,香港專業進修學校 (元朗教學中心),,,,,,1,true
明愛樂恩學校,明愛樂恩學校,school,明愛樂恩學校,,,,,,1,true
香港靈糧堂荃灣幼稚園 (K595969A),香港靈糧堂荃灣幼稚園 (K595969A),school,香港靈糧堂荃灣幼稚園 (K595969A),,,,,,1,true
香港靈糧堂荃灣幼稚園,香港靈糧堂荃灣幼稚園,school,香港靈糧堂荃灣幼稚園,,,,,,1,true
博愛醫院任永賢夫人幼稚園 (K564001A),博愛醫院任永賢夫人幼稚園 (K564001A),school,博愛醫院任永賢夫人幼稚園 (K564001A),,,,,,1,true
博愛醫院任永賢夫人幼稚園幼兒中心,博愛醫院任永賢夫人幼稚園幼兒中心,school,博愛醫院任永賢夫人幼稚園幼兒中心,,,,,,1,true
香港耀能協會高福耀紀念學校(小學部),香港耀能協會高福耀紀念學校(小學部),school,香港耀能協會高福耀紀念學校(小學部),,,,,,1,true
香港耀能協會高福耀紀念學校(中學部),香港耀能協會高福耀紀念學校(中學部),school,香港耀能協會高福耀紀念學校(中學部),,,,,,1,true
仁濟醫院A座,仁濟醫院A座,hospital,仁濟醫院A座,,,,,,1,true
香港兒童醫院 A座,香港兒童醫院 A座,hospital,香港兒童醫院 A座,,,,,,1,true
鴨脷洲普通科門診診所,鴨脷洲普通科門診診所,hospital,鴨脷洲普通科門診診所,,,,,,1,true
瑪嘉烈醫院 AB座,瑪嘉烈醫院 AB座,hospital,瑪嘉烈醫院 AB座,,,,,,1,true
博愛醫院陳歐陽麗嬋紀念日間老人護理中心,博愛醫院陳歐陽麗嬋紀念日間老人護理中心,hospital,博愛醫院陳歐陽麗嬋紀念日間老人護理中心,,,,,,1,true
西灣河家庭醫學診所,西灣河家庭醫學診所,hospital,西灣河家庭醫學診所,,,,,,1,true
瑪麗醫院 K 座,瑪麗醫院 K 座,hospital,瑪麗醫院 K 座,,,,,,1,true
九龍醫院N座,九龍醫院N座,hospital,九龍醫院N座,,,,,,1,true
瑪嘉烈醫院N座,瑪嘉烈醫院N座,hospital,瑪嘉烈醫院N座,,,,,,1,true
將軍澳醫院,將軍澳醫院,hospital,將軍澳醫院,,,,,,1,true
將軍澳醫院 主座大樓,將軍澳醫院 主座大樓,hospital,將軍澳醫院 主座大樓,,,,,,1,true
大埔醫院,大埔醫院,hospital,大埔醫院,,,,,,1,true
牙科診所 (大埔),牙科診所 (大埔),hospital,牙科診所 (大埔),,,,,,1,true
西醫診所 (大埔),西醫診所 (大埔),hospital,西醫診所 (大埔),,,,,,1,true
荔枝角醫院荔康居Q座 (前稱),荔枝角醫院荔康居Q座 (前稱),hospital,荔枝角醫院荔康居Q座 (前稱),,,,,,1,true
九龍醫院R座,九龍醫院R座,hospital,九龍醫院R座,,,,,,1,true
伊利沙伯醫院R座 (別稱),伊利沙伯醫院R座 (別稱),hospital,伊利沙伯醫院R座 (別稱),,,,,,1,true
瑪麗醫院T座,瑪麗醫院T座,hospital,瑪麗醫院T座,,,,,,1,true
瑪麗醫院 T 座,瑪麗醫院 T 座,hospital,瑪麗醫院 T 座,,,,,,1,true
屯門醫院T座,屯門醫院T座,hospital,屯門醫院T座,,,,,,1,true
伊利沙伯醫院(日間醫療中心新翼 (T座)),伊利沙伯醫院(日間醫療中心新翼 (T座)),hospital,伊利沙伯醫院(日間醫療中心新翼 (T座)),,,,,,1,true
OK便利店-威爾斯親王醫院,OK便利店-威爾斯親王醫院,hospital,OK便利店-威爾斯親王醫院,,,,,,1,true
九龍醫院,九龍醫院,hospital,九龍醫院,,,,,,1,true
葛量洪醫院,葛量洪醫院,hospital,葛量洪醫院,,,,,,1,true
長洲醫院,長洲醫院,hospital,長洲醫院,,,,,,1,true
律敦治醫院,律敦治醫院,hospital,律敦治醫院,,,,,,1,true
青山醫院,青山醫院,hospital,青山醫院,,,,,,1,true
葵涌醫院,葵涌醫院,hospital,葵涌醫院,,,,,,1,true
博愛醫院,博愛醫院,hospital,博愛醫院,,,,,,1,true
瑪麗醫院,瑪麗醫院,hospital,瑪麗醫院,,,,,,1,true
沙田醫院,沙田醫院,hospital,沙田醫院,,,,,,1,true
小欖醫院,小欖醫院,hospital,小欖醫院,,,,,,1,true
贊育醫院,贊育醫院,hospital,贊育醫院,,,,,,1,true
屯門醫院,屯門醫院,hospital,屯門醫院,,,,,,1,true
基督教聯合醫院,基督教聯合醫院,hospital,基督教聯合醫院,,,,,,1,true
仁濟醫院,仁濟醫院,hospital,仁濟醫院,,,,,,1,true
北區醫院,北區醫院,hospital,北區醫院,,,,,,1,true
北大嶼山醫院,北大嶼山醫院,hospital,北大嶼山醫院,,,,,,1,true
瑪嘉烈醫院,瑪嘉烈醫院,hospital,瑪嘉烈醫院,,,,,,1,true
黃竹坑醫院,黃竹坑醫院,hospital,黃竹坑醫院,,,,,,1,true
威爾斯親王醫院,威爾斯親王醫院,hospital,威爾斯親王醫院,,,,,,1,true
東華三院黃大仙醫院,東華三院黃大仙醫院,hospital,東華三院黃大仙醫院,,,,,,1,true
東華醫院,東華醫院,hospital,東華醫院,,,,,,1,true
靈實醫院,靈實醫院,hospital,靈實醫院,,,,,,1,true
東華三院馮堯敬醫院,東華三院馮堯敬醫院,hospital,東華三院馮堯敬醫院,,,,,,1,true
香港佛教醫院,香港佛教醫院,hospital,香港佛教醫院,,,,,,1,true
香港眼科醫院,香港眼科醫院,hospital,香港眼科醫院,,,,,,1,true
伊利沙伯醫院,伊利沙伯醫院,hospital,伊利沙伯醫院,,,,,,1,true
鄧肇堅醫院,鄧肇堅醫院,hospital,鄧肇堅醫院,,,,,,1,true
雅麗氏何妙齡那打素醫院,雅麗氏何妙齡那打素醫院,hospital,雅麗氏何妙齡那打素醫院,,,,,,1,true
香港兒童醫院,香港兒童醫院,hospital,香港兒童醫院,,,,,,1,true
天水圍醫院,天水圍醫院,hospital,天水圍醫院,,,,,,1,true
廣華醫院,廣華醫院,hospital,廣華醫院,,,,,,1,true
聖母醫院,聖母醫院,hospital,聖母醫院,,,,,,1,true
東區尤德夫人那打素醫院,東區尤德夫人那打素醫院,hospital,東區尤德夫人那打素醫院,,,,,,1,true
大口環根德公爵夫人兒童醫院,大口環根德公爵夫人兒童醫院,hospital,大口環根德公爵夫人兒童醫院,,,,,,1,true
明愛醫院,明愛醫院,hospital,明愛醫院,,,,,,1,true
長洲醫院家庭醫學診所,長洲醫院家庭醫學診所,hospital,長洲醫院家庭醫學診所,,,,,,1,true
仁濟醫院家庭醫學診所,仁濟醫院家庭醫學診所,hospital,仁濟醫院家庭醫學診所,,,,,,1,true
東華醫院家庭醫學診所,東華醫院家庭醫學診所,hospital,東華醫院家庭醫學診所,,,,,,1,true
香港佛教醫院家庭醫學診所,香港佛教醫院家庭醫學診所,hospital,香港佛教醫院家庭醫學診所,,,,,,1,true
廣華醫院家庭醫學診所,廣華醫院家庭醫學診所,hospital,廣華醫院家庭醫學診所,,,,,,1,true
北大嶼山家庭醫學綜合中心 (北大嶼山醫院),北大嶼山家庭醫學綜合中心 (北大嶼山醫院),hospital,北大嶼山家庭醫學綜合中心 (北大嶼山醫院),,,,,,1,true
聖母醫院家庭醫學診所,聖母醫院家庭醫學診所,hospital,聖母醫院家庭醫學診所,,,,,,1,true
肺塵埃沉着病診所,肺塵埃沉着病診所,hospital,肺塵埃沉着病診所,,,,,,1,true
九龍胸肺科診所,九龍胸肺科診所,hospital,九龍胸肺科診所,,,,,,1,true
香港仔美沙酮診所,香港仔美沙酮診所,hospital,香港仔美沙酮診所,,,,,,1,true
赤柱家庭醫學診所,赤柱家庭醫學診所,hospital,赤柱家庭醫學診所,,,,,,1,true
粉嶺公務員診所,粉嶺公務員診所,hospital,粉嶺公務員診所,,,,,,1,true
錦田家庭醫學診所,錦田家庭醫學診所,hospital,錦田家庭醫學診所,,,,,,1,true
粉嶺家庭醫學診所,粉嶺家庭醫學診所,hospital,粉嶺家庭醫學診所,,,,,,1,true
筲箕灣胸肺科診所,筲箕灣胸肺科診所,hospital,筲箕灣胸肺科診所,,,,,,1,true
中九龍家庭醫學診所,中九龍家庭醫學診所,hospital,中九龍家庭醫學診所,,,,,,1,true
西區牙科診所,西區牙科診所,hospital,西區牙科診所,,,,,,1,true
沙頭角家庭醫學診所,沙頭角家庭醫學診所,hospital,沙頭角家庭醫學診所,,,,,,1,true
打鼓嶺家庭醫學診所,打鼓嶺家庭醫學診所,hospital,打鼓嶺家庭醫學診所,,,,,,1,true
柴灣公務員診所,柴灣公務員診所,hospital,柴灣公務員診所,,,,,,1,true
九龍公務員診所,九龍公務員診所,hospital,九龍公務員診所,,,,,,1,true
柴灣家庭醫學診所,柴灣家庭醫學診所,hospital,柴灣家庭醫學診所,,,,,,1,true
南昌家庭醫學診所,南昌家庭醫學診所,hospital,南昌家庭醫學診所,,,,,,1,true
環翠家庭醫學診所,環翠家庭醫學診所,hospital,環翠家庭醫學診所,,,,,,1,true
油麻地胸肺科診所,油麻地胸肺科診所,hospital,油麻地胸肺科診所,,,,,,1,true
長洲胸肺科診所,長洲胸肺科診所,hospital,長洲胸肺科診所,,,,,,1,true
長洲牙科診所,長洲牙科診所,hospital,長洲牙科診所,,,,,,1,true
長洲美沙酮診所,長洲美沙酮診所,hospital,長洲美沙酮診所,,,,,,1,true
坪洲家庭醫學診所,坪洲家庭醫學診所,hospital,坪洲家庭醫學診所,,,,,,1,true
觀塘牙科診所,觀塘牙科診所,hospital,觀塘牙科診所,,,,,,1,true
觀塘美沙酮診所,觀塘美沙酮診所,hospital,觀塘美沙酮診所,,,,,,1,true
戴麟趾夫人美沙酮診所,戴麟趾夫人美沙酮診所,hospital,戴麟趾夫人美沙酮診所,,,,,,1,true
西貢胸肺科診所,西貢胸肺科診所,hospital,西貢胸肺科診所,,,,,,1,true
荃灣牙科診所,荃灣牙科診所,hospital,荃灣牙科診所,,,,,,1,true
屯門美沙酮診所,屯門美沙酮診所,hospital,屯門美沙酮診所,,,,,,1,true
貝夫人美沙酮診所,貝夫人美沙酮診所,hospital,貝夫人美沙酮診所,,,,,,1,true
灣仔胸肺科診所,灣仔胸肺科診所,hospital,灣仔胸肺科診所,,,,,,1,true
灣仔牙科診所,灣仔牙科診所,hospital,灣仔牙科診所,,,,,,1,true
仁愛胸肺科診所,仁愛胸肺科診所,hospital,仁愛胸肺科診所,,,,,,1,true
仁愛牙科診所,仁愛牙科診所,hospital,仁愛牙科診所,,,,,,1,true
元朗胸肺科診所,元朗胸肺科診所,hospital,元朗胸肺科診所,,,,,,1,true
元朗美沙酮診所,元朗美沙酮診所,hospital,元朗美沙酮診所,,,,,,1,true
藍田家庭醫學診所,藍田家庭醫學診所,hospital,藍田家庭醫學診所,,,,,,1,true
梅窩家庭醫學診所,梅窩家庭醫學診所,hospital,梅窩家庭醫學診所,,,,,,1,true
北南丫家庭醫學診所,北南丫家庭醫學診所,hospital,北南丫家庭醫學診所,,,,,,1,true
順利家庭醫學診所,順利家庭醫學診所,hospital,順利家庭醫學診所,,,,,,1,true
屯門家庭醫學診所,屯門家庭醫學診所,hospital,屯門家庭醫學診所,,,,,,1,true
粉嶺學童牙科診所,粉嶺學童牙科診所,hospital,粉嶺學童牙科診所,,,,,,1,true
紅磡美沙酮診所,紅磡美沙酮診所,hospital,紅磡美沙酮診所,,,,,,1,true
上水胸肺科診所,上水胸肺科診所,hospital,上水胸肺科診所,,,,,,1,true
紅磡家庭醫學診所,紅磡家庭醫學診所,hospital,紅磡家庭醫學診所,,,,,,1,true
九龍灣家庭醫學診所,九龍灣家庭醫學診所,hospital,九龍灣家庭醫學診所,,,,,,1,true
海港政府大樓牙科診所,海港政府大樓牙科診所,hospital,海港政府大樓牙科診所,,,,,,1,true
海港政府大樓牙齒矯正科診所,海港政府大樓牙齒矯正科診所,hospital,海港政府大樓牙齒矯正科診所,,,,,,1,true
香港仔賽馬會家庭醫學診所,香港仔賽馬會家庭醫學診所,hospital,香港仔賽馬會家庭醫學診所,,,,,,1,true
大澳牙科診所,大澳牙科診所,hospital,大澳牙科診所,,,,,,1,true
屯門醫院手術室大樓新翼,屯門醫院手術室大樓新翼,hospital,屯門醫院手術室大樓新翼,,,,,,1,true
港怡日間醫療中心,港怡日間醫療中心,hospital,港怡日間醫療中心,,,,,,1,true
卓健醫療中心(金鐘-海富中心),卓健醫療中心(金鐘-海富中心),hospital,卓健醫療中心(金鐘-海富中心),,,,,,1,true
摯誠醫療復康有限公司,摯誠醫療復康有限公司,hospital,摯誠醫療復康有限公司,,,,,,1,true
灣仔分科診所,灣仔分科診所,hospital,灣仔分科診所,,,,,,1,true
牙科診所 (銅鑼灣),牙科診所 (銅鑼灣),hospital,牙科診所 (銅鑼灣),,,,,,1,true
西醫診所 (銅鑼灣),西醫診所 (銅鑼灣),hospital,西醫診所 (銅鑼灣),,,,,,1,true
堅尼地城賽馬會普通科門診診所,堅尼地城賽馬會普通科門診診所,hospital,堅尼地城賽馬會普通科門診診所,,,,,,1,true
堅尼地城社區綜合大樓牙科診所,堅尼地城社區綜合大樓牙科診所,hospital,堅尼地城社區綜合大樓牙科診所,,,,,,1,true
堅尼地城賽馬會家庭醫學診所,堅尼地城賽馬會家庭醫學診所,hospital,堅尼地城賽馬會家庭醫學診所,,,,,,1,true
仁濟醫院上環復康服務中心,仁濟醫院上環復康服務中心,hospital,仁濟醫院上環復康服務中心,,,,,,1,true
西醫診所 (旺角),西醫診所 (旺角),hospital,西醫診所 (旺角),,,,,,1,true
基督教聯合那打素佐敦健康中心,基督教聯合那打素佐敦健康中心,hospital,基督教聯合那打素佐敦健康中心,,,,,,1,true
油麻地美沙酮診所,油麻地美沙酮診所,hospital,油麻地美沙酮診所,,,,,,1,true
油麻地賽馬會家庭醫學診所,油麻地賽馬會家庭醫學診所,hospital,油麻地賽馬會家庭醫學診所,,,,,,1,true
油麻地賽馬會分科診所,油麻地賽馬會分科診所,hospital,油麻地賽馬會分科診所,,,,,,1,true
牙科診所 (觀塘),牙科診所 (觀塘),hospital,牙科診所 (觀塘),,,,,,1,true
西醫診所 (觀塘),西醫診所 (觀塘),hospital,西醫診所 (觀塘),,,,,,1,true
沙田(大圍)診所一座,沙田(大圍)診所一座,hospital,沙田(大圍)診所一座,,,,,,1,true
沙田(大圍)診所二座,沙田(大圍)診所二座,hospital,沙田(大圍)診所二座,,,,,,1,true
沙田（大圍）診所,沙田（大圍）診所,hospital,沙田（大圍）診所,,,,,,1,true
葵涌醫院L座,葵涌醫院L座,hospital,葵涌醫院L座,,,,,,1,true
葵涌醫院M座,葵涌醫院M座,hospital,葵涌醫院M座,,,,,,1,true
南葵涌胸肺科診所,南葵涌胸肺科診所,hospital,南葵涌胸肺科診所,,,,,,1,true
屯門醫院洗衣工場,屯門醫院洗衣工場,hospital,屯門醫院洗衣工場,,,,,,1,true
大埔醫院綜合大樓,大埔醫院綜合大樓,hospital,大埔醫院綜合大樓,,,,,,1,true
將軍澳醫院日間醫療大樓,將軍澳醫院日間醫療大樓,hospital,將軍澳醫院日間醫療大樓,,,,,,1,true
金鐘政府合署牙科診所,金鐘政府合署牙科診所,hospital,金鐘政府合署牙科診所,,,,,,1,true
港安醫療中心 - 太古坊,港安醫療中心 - 太古坊,hospital,港安醫療中心 - 太古坊,,,,,,1,true
安康醫療尖沙咀,安康醫療尖沙咀,hospital,安康醫療尖沙咀,,,,,,1,true
牙科診所 (旺角),牙科診所 (旺角),hospital,牙科診所 (旺角),,,,,,1,true
駿潁醫療(觀塘),駿潁醫療(觀塘),hospital,駿潁醫療(觀塘),,,,,,1,true
屯門醫院A座,屯門醫院A座,hospital,屯門醫院A座,,,,,,1,true
屯門醫院B座,屯門醫院B座,hospital,屯門醫院B座,,,,,,1,true
屯門醫院C座,屯門醫院C座,hospital,屯門醫院C座,,,,,,1,true
屯門醫院D座,屯門醫院D座,hospital,屯門醫院D座,,,,,,1,true
屯門醫院主座,屯門醫院主座,hospital,屯門醫院主座,,,,,,1,true
鴨脷洲消防局,鴨脷洲消防局,governmentOffice,鴨脷洲消防局,,,,,,1,true
虎地消防局,虎地消防局,governmentOffice,虎地消防局,,,,,,1,true
薄扶林消防局,薄扶林消防局,governmentOffice,薄扶林消防局,,,,,,1,true
何文田政府合署,何文田政府合署,governmentOffice,何文田政府合署,,,,,,1,true
西灣河消防局,西灣河消防局,governmentOffice,西灣河消防局,,,,,,1,true
落馬洲分區警署,落馬洲分區警署,governmentOffice,落馬洲分區警署,,,,,,1,true
馬鞍山分區警署,馬鞍山分區警署,governmentOffice,馬鞍山分區警署,,,,,,1,true
馬灣消防局,馬灣消防局,governmentOffice,馬灣消防局,,,,,,1,true
油麻地分區警署,油麻地分區警署,governmentOffice,油麻地分區警署,,,,,,1,true
馬鞍山消防局,馬鞍山消防局,governmentOffice,馬鞍山消防局,,,,,,1,true
大澳消防局,大澳消防局,governmentOffice,大澳消防局,,,,,,1,true
將軍澳區警署,將軍澳區警署,governmentOffice,將軍澳區警署,,,,,,1,true
大澳政府合署,大澳政府合署,governmentOffice,大澳政府合署,,,,,,1,true
舊大澳消防局,舊大澳消防局,governmentOffice,舊大澳消防局,,,,,,1,true
將軍澳政府合署,將軍澳政府合署,governmentOffice,將軍澳政府合署,,,,,,1,true
將軍澳警署,將軍澳警署,governmentOffice,將軍澳警署,,,,,,1,true
大埔分區警署,大埔分區警署,governmentOffice,大埔分區警署,,,,,,1,true
深水埗分區警署,深水埗分區警署,governmentOffice,深水埗分區警署,,,,,,1,true
大埔消防局,大埔消防局,governmentOffice,大埔消防局,,,,,,1,true
大埔政府合署,大埔政府合署,governmentOffice,大埔政府合署,,,,,,1,true
青衣分區警署,青衣分區警署,governmentOffice,青衣分區警署,,,,,,1,true
青衣消防局,青衣消防局,governmentOffice,青衣消防局,,,,,,1,true
青衣滅火輪消防局,青衣滅火輪消防局,governmentOffice,青衣滅火輪消防局,,,,,,1,true
青衣南消防局,青衣南消防局,governmentOffice,青衣南消防局,,,,,,1,true
海港政府大樓,海港政府大樓,governmentOffice,海港政府大樓,,,,,,1,true
區域法院,區域法院,governmentOffice,區域法院,,,,,,1,true
東區裁判法院,東區裁判法院,governmentOffice,東區裁判法院,,,,,,1,true
粉嶺裁判法院,粉嶺裁判法院,governmentOffice,粉嶺裁判法院,,,,,,1,true
終審法院,終審法院,governmentOffice,終審法院,,,,,,1,true
高等法院,高等法院,governmentOffice,高等法院,,,,,,1,true
觀塘裁判法院,觀塘裁判法院,governmentOffice,觀塘裁判法院,,,,,,1,true
屯門裁判法院,屯門裁判法院,governmentOffice,屯門裁判法院,,,,,,1,true
九龍城裁判法院,九龍城裁判法院,governmentOffice,九龍城裁判法院,,,,,,1,true
沙田裁判法院,沙田裁判法院,governmentOffice,沙田裁判法院,,,,,,1,true
西九龍裁判法院,西九龍裁判法院,governmentOffice,西九龍裁判法院,,,,,,1,true
政府總部,政府總部,governmentOffice,政府總部,,,,,,1,true
中區消防局,中區消防局,governmentOffice,中區消防局,,,,,,1,true
中區政府碼頭,中區政府碼頭,governmentOffice,中區政府碼頭,,,,,,1,true
中區警署,中區警署,governmentOffice,中區警署,,,,,,1,true
灣仔政府大樓,灣仔政府大樓,governmentOffice,灣仔政府大樓,,,,,,1,true
灣仔分區警署,灣仔分區警署,governmentOffice,灣仔分區警署,,,,,,1,true
灣仔消防局,灣仔消防局,governmentOffice,灣仔消防局,,,,,,1,true
北角政府合署,北角政府合署,governmentOffice,北角政府合署,,,,,,1,true
北角消防局,北角消防局,governmentOffice,北角消防局,,,,,,1,true
堅尼地城消防局,堅尼地城消防局,governmentOffice,堅尼地城消防局,,,,,,1,true
上環消防局,上環消防局,governmentOffice,上環消防局,,,,,,1,true
尖沙咀消防局,尖沙咀消防局,governmentOffice,尖沙咀消防局,,,,,,1,true
尖沙咀分區警署,尖沙咀分區警署,governmentOffice,尖沙咀分區警署,,,,,,1,true
旺角消防局,旺角消防局,governmentOffice,旺角消防局,,,,,,1,true
旺角區警署,旺角區警署,governmentOffice,旺角區警署,,,,,,1,true
油麻地消防局,油麻地消防局,governmentOffice,油麻地消防局,,,,,,1,true
油麻地警署,油麻地警署,governmentOffice,油麻地警署,,,,,,1,true
前油麻地警署,前油麻地警署,governmentOffice,前油麻地警署,,,,,,1,true
深水埗政府合署,深水埗政府合署,governmentOffice,深水埗政府合署,,,,,,1,true
深水埗警署,深水埗警署,governmentOffice,深水埗警署,,,,,,1,true
觀塘區警署,觀塘區警署,governmentOffice,觀塘區警署,,,,,,1,true
觀塘消防局,觀塘消防局,governmentOffice,觀塘消防局,,,,,,1,true
觀塘法院,觀塘法院,governmentOffice,觀塘法院,,,,,,1,true
九龍灣消防局,九龍灣消防局,governmentOffice,九龍灣消防局,,,,,,1,true
黃大仙區警署,黃大仙區警署,governmentOffice,黃大仙區警署,,,,,,1,true
黃大仙消防局,黃大仙消防局,governmentOffice,黃大仙消防局,,,,,,1,true
黃大仙警署,黃大仙警署,governmentOffice,黃大仙警署,,,,,,1,true
九龍塘消防局,九龍塘消防局,governmentOffice,九龍塘消防局,,,,,,1,true
沙田分區警署,沙田分區警署,governmentOffice,沙田分區警署,,,,,,1,true
沙田政府合署,沙田政府合署,governmentOffice,沙田政府合署,,,,,,1,true
荃灣區警署,荃灣區警署,governmentOffice,荃灣區警署,,,,,,1,true
荃灣政府合署,荃灣政府合署,governmentOffice,荃灣政府合署,,,,,,1,true
荃灣警署,荃灣警署,governmentOffice,荃灣警署,,,,,,1,true
荃灣消防局,荃灣消防局,governmentOffice,荃灣消防局,,,,,,1,true
葵涌分區警署,葵涌分區警署,governmentOffice,葵涌分區警署,,,,,,1,true
葵涌警署,葵涌警署,governmentOffice,葵涌警署,,,,,,1,true
葵涌消防局,葵涌消防局,governmentOffice,葵涌消防局,,,,,,1,true
葵涌海關大樓,葵涌海關大樓,governmentOffice,葵涌海關大樓,,,,,,1,true
屯門分區警署,屯門分區警署,governmentOffice,屯門分區警署,,,,,,1,true
屯門政府合署,屯門政府合署,governmentOffice,屯門政府合署,,,,,,1,true
屯門滅火輪消防局,屯門滅火輪消防局,governmentOffice,屯門滅火輪消防局,,,,,,1,true
屯門消防局,屯門消防局,governmentOffice,屯門消防局,,,,,,1,true
元朗分區警署,元朗分區警署,governmentOffice,元朗分區警署,,,,,,1,true
元朗政府合署,元朗政府合署,governmentOffice,元朗政府合署,,,,,,1,true
元朗警署,元朗警署,governmentOffice,元朗警署,,,,,,1,true
元朗消防局,元朗消防局,governmentOffice,元朗消防局,,,,,,1,true
前粉嶺裁判法院,前粉嶺裁判法院,governmentOffice,前粉嶺裁判法院,,,,,,1,true
粉嶺消防局,粉嶺消防局,governmentOffice,粉嶺消防局,,,,,,1,true
上水消防局,上水消防局,governmentOffice,上水消防局,,,,,,1,true
上水分區警署,上水分區警署,governmentOffice,上水分區警署,,,,,,1,true
西貢分區警署,西貢分區警署,governmentOffice,西貢分區警署,,,,,,1,true
西貢警署,西貢警署,governmentOffice,西貢警署,,,,,,1,true
西貢消防局,西貢消防局,governmentOffice,西貢消防局,,,,,,1,true
銅鑼灣消防局,銅鑼灣消防局,governmentOffice,銅鑼灣消防局,,,,,,1,true
北角警署,北角警署,governmentOffice,北角警署,,,,,,1,true
尖沙咀警署,尖沙咀警署,governmentOffice,尖沙咀警署,,,,,,1,true
尖沙咀分局警署,尖沙咀分局警署,governmentOffice,尖沙咀分局警署,,,,,,1,true
消防處九龍南區總部暨尖沙咀消防局,消防處九龍南區總部暨尖沙咀消防局,governmentOffice,消防處九龍南區總部暨尖沙咀消防局,,,,,,1,true
旺角警署,旺角警署,governmentOffice,旺角警署,,,,,,1,true
觀塘警署,觀塘警署,governmentOffice,觀塘警署,,,,,,1,true
黃大仙區總部及黃大仙警署,黃大仙區總部及黃大仙警署,governmentOffice,黃大仙區總部及黃大仙警署,,,,,,1,true
沙田消防局,沙田消防局,governmentOffice,沙田消防局,,,,,,1,true
上水警署,上水警署,governmentOffice,上水警署,,,,,,1,true
西貢將軍澳政府綜合大樓,西貢將軍澳政府綜合大樓,governmentOffice,西貢將軍澳政府綜合大樓,,,,,,1,true
西貢政府合署,西貢政府合署,governmentOffice,西貢政府合署,,,,,,1,true
大埔東消防局,大埔東消防局,governmentOffice,大埔東消防局,,,,,,1,true
香港仔分區警署,香港仔分區警署,governmentOffice,香港仔分區警署,,,,,,1,true
旺角政府合署,旺角政府合署,governmentOffice,旺角政府合署,,,,,,1,true
山頂消防局,山頂消防局,governmentOffice,山頂消防局,,,,,,1,true
山頂警署,山頂警署,governmentOffice,山頂警署,,,,,,1,true
山頂分區警署,山頂分區警署,governmentOffice,山頂分區警署,,,,,,1,true
天水圍消防局,天水圍消防局,governmentOffice,天水圍消防局,,,,,,1,true
天水圍分區警署,天水圍分區警署,governmentOffice,天水圍分區警署,,,,,,1,true
愉景灣消防局,愉景灣消防局,governmentOffice,愉景灣消防局,,,,,,1,true
九龍城分區警署,九龍城分區警署,governmentOffice,九龍城分區警署,,,,,,1,true
九龍城政府合署,九龍城政府合署,governmentOffice,九龍城政府合署,,,,,,1,true
政府物料營運中心,政府物料營運中心,governmentOffice,政府物料營運中心,,,,,,1,true
龍濤閣賓館,龍濤閣賓館,hotel,龍濤閣賓館,,,,,,1,true
T 酒店,T 酒店,hotel,T 酒店,,,,,,1,true
優浩旅舍,優浩旅舍,hotel,優浩旅舍,,,,,,1,true
歷山酒店,歷山酒店,hotel,歷山酒店,,,,,,1,true
嘉融酒店,嘉融酒店,hotel,嘉融酒店,,,,,,1,true
軒尼斯酒店,軒尼斯酒店,hotel,軒尼斯酒店,,,,,,1,true
悅品度假酒店．屯門,悅品度假酒店．屯門,hotel,悅品度假酒店．屯門,,,,,,1,true
伯惠酒店,伯惠酒店,hotel,伯惠酒店,,,,,,1,true
WM HOTEL,WM HOTEL,hotel,WM HOTEL,,,,,,1,true
君立酒店,君立酒店,hotel,君立酒店,,,,,,1,true
工業家酒店,工業家酒店,hotel,工業家酒店,,,,,,1,true
愛得甫酒店,愛得甫酒店,hotel,愛得甫酒店,,,,,,1,true
奧斯酒店,奧斯酒店,hotel,奧斯酒店,,,,,,1,true
AKVO HOTEL,AKVO HOTEL,hotel,AKVO HOTEL,,,,,,1,true
怡景酒店,怡景酒店,hotel,怡景酒店,,,,,,1,true
華國酒店,華國酒店,hotel,華國酒店,,,,,,1,true
悅品酒店．荃灣,悅品酒店．荃灣,hotel,悅品酒店．荃灣,,,,,,1,true
HOTEL PRAVO,HOTEL PRAVO,hotel,HOTEL PRAVO,,,,,,1,true
KK HOTEL,KK HOTEL,hotel,KK HOTEL,,,,,,1,true
百樂酒店,百樂酒店,hotel,百樂酒店,,,,,,1,true
丹木町酒店,丹木町酒店,hotel,丹木町酒店,,,,,,1,true
麗悅酒店,麗悅酒店,hotel,麗悅酒店,,,,,,1,true
名迪港島酒店,名迪港島酒店,hotel,名迪港島酒店,,,,,,1,true
百利酒店,百利酒店,hotel,百利酒店,,,,,,1,true
盛世酒店,盛世酒店,hotel,盛世酒店,,,,,,1,true
合和酒店,合和酒店,hotel,合和酒店,,,,,,1,true
HOTEL 1936,HOTEL 1936,hotel,HOTEL 1936,,,,,,1,true
MINI HOTEL,MINI HOTEL,hotel,MINI HOTEL,,,,,,1,true
悅來酒店,悅來酒店,hotel,悅來酒店,,,,,,1,true
豪境酒店,豪境酒店,hotel,豪境酒店,,,,,,1,true
HOTEL STAGE,HOTEL STAGE,hotel,HOTEL STAGE,,,,,,1,true
王子酒店,王子酒店,hotel,王子酒店,,,,,,1,true
朗逸酒店,朗逸酒店,hotel,朗逸酒店,,,,,,1,true
彌敦酒店,彌敦酒店,hotel,彌敦酒店,,,,,,1,true
PRUDENTIAL HOTEL,PRUDENTIAL HOTEL,hotel,PRUDENTIAL HOTEL,,,,,,1,true
逸豪酒店,逸豪酒店,hotel,逸豪酒店,,,,,,1,true
STANLEY ORIENTAL HOTEL,STANLEY ORIENTAL HOTEL,hotel,STANLEY ORIENTAL HOTEL,,,,,,1,true
E 酒店,E 酒店,hotel,E 酒店,,,,,,1,true
METACITY HOTEL,METACITY HOTEL,hotel,METACITY HOTEL,,,,,,1,true
城市花園酒店,城市花園酒店,hotel,城市花園酒店,,,,,,1,true
朗華酒店,朗華酒店,hotel,朗華酒店,,,,,,1,true
M1 HOTEL,M1 HOTEL,hotel,M1 HOTEL,,,,,,1,true
星淮酒店,星淮酒店,hotel,星淮酒店,,,,,,1,true
迪士尼好萊塢酒店,迪士尼好萊塢酒店,hotel,迪士尼好萊塢酒店,,,,,,1,true
頤庭酒店,頤庭酒店,hotel,頤庭酒店,,,,,,1,true
黃金海岸酒店,黃金海岸酒店,hotel,黃金海岸酒店,,,,,,1,true
旭逸酒店．荃灣,旭逸酒店．荃灣,hotel,旭逸酒店．荃灣,,,,,,1,true
港島太平洋酒店,港島太平洋酒店,hotel,港島太平洋酒店,,,,,,1,true
九龍海逸君綽酒店,九龍海逸君綽酒店,hotel,九龍海逸君綽酒店,,,,,,1,true
香港逸蘭銅鑼灣酒店,香港逸蘭銅鑼灣酒店,hotel,香港逸蘭銅鑼灣酒店,,,,,,1,true
銅鑼灣皇悅酒店,銅鑼灣皇悅酒店,hotel,銅鑼灣皇悅酒店,,,,,,1,true
銅鑼灣如心酒店,銅鑼灣如心酒店,hotel,銅鑼灣如心酒店,,,,,,1,true
頤庭酒店銅鑼灣,頤庭酒店銅鑼灣,hotel,頤庭酒店銅鑼灣,,,,,,1,true
富薈上環酒店,富薈上環酒店,hotel,富薈上環酒店,,,,,,1,true
富薈上環II酒店,富薈上環II酒店,hotel,富薈上環II酒店,,,,,,1,true
宜必思香港中上環酒店,宜必思香港中上環酒店,hotel,宜必思香港中上環酒店,,,,,,1,true
MK酒店,MK酒店,hotel,MK酒店,,,,,,1,true
琼山賓館,琼山賓館,hotel,琼山賓館,,,,,,1,true
藝豐(佐敦)賓館,藝豐(佐敦)賓館,hotel,藝豐(佐敦)賓館,,,,,,1,true
佐敦金怡賓館,佐敦金怡賓館,hotel,佐敦金怡賓館,,,,,,1,true
香港海景絲麗酒店,香港海景絲麗酒店,hotel,香港海景絲麗酒店,,,,,,1,true
觀塘帝盛酒店,觀塘帝盛酒店,hotel,觀塘帝盛酒店,,,,,,1,true
香港尖沙咀金普頓酒店,香港尖沙咀金普頓酒店,hotel,香港尖沙咀金普頓酒店,,,,,,1,true
寶軒酒店(尖沙咀),寶軒酒店(尖沙咀),hotel,寶軒酒店(尖沙咀),,,,,,1,true
尖沙咀米米旅舍,尖沙咀米米旅舍,hotel,尖沙咀米米旅舍,,,,,,1,true
九龍尖沙咀賓館,九龍尖沙咀賓館,hotel,九龍尖沙咀賓館,,,,,,1,true
瑞生尖沙咀酒店,瑞生尖沙咀酒店,hotel,瑞生尖沙咀酒店,,,,,,1,true
京港城(尖沙咀)賓館,京港城(尖沙咀)賓館,hotel,京港城(尖沙咀)賓館,,,,,,1,true
新旺角賓館,新旺角賓館,hotel,新旺角賓館,,,,,,1,true
香港佐敦賓館,香港佐敦賓館,hotel,香港佐敦賓館,,,,,,1,true
香港佐敦賓館H,香港佐敦賓館H,hotel,香港佐敦賓館H,,,,,,1,true
佐敦高鐵賓館,佐敦高鐵賓館,hotel,佐敦高鐵賓館,,,,,,1,true
新永春賓館,新永春賓館,hotel,新永春賓館,,,,,,1,true
新泰安賓館,新泰安賓館,hotel,新泰安賓館,,,,,,1,true
新永盛行賓館,新永盛行賓館,hotel,新永盛行賓館,,,,,,1,true
東南亞賓館,東南亞賓館,hotel,東南亞賓館,,,,,,1,true
南北賓館,南北賓館,hotel,南北賓館,,,,,,1,true
南方賓館,南方賓館,hotel,南方賓館,,,,,,1,true
旺角維景酒店,旺角維景酒店,hotel,旺角維景酒店,,,,,,1,true
富麗宮賓館,富麗宮賓館,hotel,富麗宮賓館,,,,,,1,true
金星賓館,金星賓館,hotel,金星賓館,,,,,,1,true
金泉賓館,金泉賓館,hotel,金泉賓館,,,,,,1,true
金源賓館,金源賓館,hotel,金源賓館,,,,,,1,true
黃金賓館,黃金賓館,hotel,黃金賓館,,,,,,1,true
凱德賓館,凱德賓館,hotel,凱德賓館,,,,,,1,true
香港愉景灣酒店,香港愉景灣酒店,hotel,香港愉景灣酒店,,,,,,1,true
翠豪賓館,翠豪賓館,hotel,翠豪賓館,,,,,,1,true
豪景賓館,豪景賓館,hotel,豪景賓館,,,,,,1,true
美輪賓館,美輪賓館,hotel,美輪賓館,,,,,,1,true
翠湖賓館,翠湖賓館,hotel,翠湖賓館,,,,,,1,true
城木酒店 (紅磡),城木酒店 (紅磡),hotel,城木酒店 (紅磡),,,,,,1,true
尚豪酒店,尚豪酒店,hotel,尚豪酒店,,,,,,1,true
芬名酒店,芬名酒店,hotel,芬名酒店,,,,,,1,true
薈麗酒店,薈麗酒店,hotel,薈麗酒店,,,,,,1,true
星豪酒店,星豪酒店,hotel,星豪酒店,,,,,,1,true
華逸酒店,華逸酒店,hotel,華逸酒店,,,,,,1,true
青逸酒店,青逸酒店,hotel,青逸酒店,,,,,,1,true
麗豪酒店,麗豪酒店,hotel,麗豪酒店,,,,,,1,true
帝景酒店,帝景酒店,hotel,帝景酒店,,,,,,1,true
新港酒店,新港酒店,hotel,新港酒店,,,,,,1,true
帝逸酒店,帝逸酒店,hotel,帝逸酒店,,,,,,1,true
麗駿酒店,麗駿酒店,hotel,麗駿酒店,,,,,,1,true
麗富酒店,麗富酒店,hotel,麗富酒店,,,,,,1,true
六國酒店,六國酒店,hotel,六國酒店,,,,,,1,true
帝都酒店,帝都酒店,hotel,帝都酒店,,,,,,1,true
帝國酒店,帝國酒店,hotel,帝國酒店,,,,,,1,true
君怡酒店,君怡酒店,hotel,君怡酒店,,,,,,1,true
九龍酒店,九龍酒店,hotel,九龍酒店,,,,,,1,true
康境酒店,康境酒店,hotel,康境酒店,,,,,,1,true
紫珀酒店,紫珀酒店,hotel,紫珀酒店,,,,,,1,true
帝苑酒店,帝苑酒店,hotel,帝苑酒店,,,,,,1,true
半島酒店,半島酒店,hotel,半島酒店,,,,,,1,true
北角M1酒店,北角M1酒店,hotel,北角M1酒店,,,,,,1,true
君儷酒店,君儷酒店,hotel,君儷酒店,,,,,,1,true
南洋酒店,南洋酒店,hotel,南洋酒店,,,,,,1,true
彩鴻酒店,彩鴻酒店,hotel,彩鴻酒店,,,,,,1,true
凱都酒店,凱都酒店,hotel,凱都酒店,,,,,,1,true
逸林酒店,逸林酒店,hotel,逸林酒店,,,,,,1,true
鴨脷洲體育館,鴨脷洲體育館,artsVenue,鴨脷洲體育館,,,,,,1,true
火炭藝術工作室,火炭藝術工作室,artsVenue,火炭藝術工作室,,,,,,1,true
何文田體育館,何文田體育館,artsVenue,何文田體育館,,,,,,1,true
西灣河體育館,西灣河體育館,artsVenue,西灣河體育館,,,,,,1,true
油麻地劇院,油麻地劇院,artsVenue,油麻地劇院,,,,,,1,true
馬鞍山體育館,馬鞍山體育館,artsVenue,馬鞍山體育館,,,,,,1,true
將軍澳體育館,將軍澳體育館,artsVenue,將軍澳體育館,,,,,,1,true
大埔體育館,大埔體育館,artsVenue,大埔體育館,,,,,,1,true
饒宗頤文化館Q座 (別稱),饒宗頤文化館Q座 (別稱),artsVenue,饒宗頤文化館Q座 (別稱),,,,,,1,true
太和體育館,太和體育館,artsVenue,太和體育館,,,,,,1,true
青衣體育館,青衣體育館,artsVenue,青衣體育館,,,,,,1,true
青衣西南體育館,青衣西南體育館,artsVenue,青衣西南體育館,,,,,,1,true
K11購物藝術館,K11購物藝術館,artsVenue,K11購物藝術館,,,,,,1,true
赤柱體育館,赤柱體育館,artsVenue,赤柱體育館,,,,,,1,true
坪洲體育館,坪洲體育館,artsVenue,坪洲體育館,,,,,,1,true
天平體育館,天平體育館,artsVenue,天平體育館,,,,,,1,true
摩士公園體育館,摩士公園體育館,artsVenue,摩士公園體育館,,,,,,1,true
荃景圍體育館,荃景圍體育館,artsVenue,荃景圍體育館,,,,,,1,true
黃竹坑體育館,黃竹坑體育館,artsVenue,黃竹坑體育館,,,,,,1,true
柴灣體育館,柴灣體育館,artsVenue,柴灣體育館,,,,,,1,true
九龍城體育館,九龍城體育館,artsVenue,九龍城體育館,,,,,,1,true
梅窩體育館,梅窩體育館,artsVenue,梅窩體育館,,,,,,1,true
聯和墟體育館,聯和墟體育館,artsVenue,聯和墟體育館,,,,,,1,true
香港仔體育館,香港仔體育館,artsVenue,香港仔體育館,,,,,,1,true
長發體育館,長發體育館,artsVenue,長發體育館,,,,,,1,true
富亨體育館,富亨體育館,artsVenue,富亨體育館,,,,,,1,true
富善體育館,富善體育館,artsVenue,富善體育館,,,,,,1,true
良田體育館,良田體育館,artsVenue,良田體育館,,,,,,1,true
朗屏體育館,朗屏體育館,artsVenue,朗屏體育館,,,,,,1,true
楓樹窩體育館,楓樹窩體育館,artsVenue,楓樹窩體育館,,,,,,1,true
恒安體育館,恒安體育館,artsVenue,恒安體育館,,,,,,1,true
九龍灣體育館,九龍灣體育館,artsVenue,九龍灣體育館,,,,,,1,true
伊利沙伯體育館,伊利沙伯體育館,artsVenue,伊利沙伯體育館,,,,,,1,true
三棟屋博物館,三棟屋博物館,artsVenue,三棟屋博物館,,,,,,1,true
香港文化博物館,香港文化博物館,artsVenue,香港文化博物館,,,,,,1,true
香港藝術館,香港藝術館,artsVenue,香港藝術館,,,,,,1,true
香港歷史博物館,香港歷史博物館,artsVenue,香港歷史博物館,,,,,,1,true
香港抗戰及海防博物館,香港抗戰及海防博物館,artsVenue,香港抗戰及海防博物館,,,,,,1,true
李鄭屋漢墓博物館,李鄭屋漢墓博物館,artsVenue,李鄭屋漢墓博物館,,,,,,1,true
葛量洪號滅火輪展覽館,葛量洪號滅火輪展覽館,artsVenue,葛量洪號滅火輪展覽館,,,,,,1,true
淘大戲院,淘大戲院,artsVenue,淘大戲院,,,,,,1,true
總統戲院,總統戲院,artsVenue,總統戲院,,,,,,1,true
葵青劇院,葵青劇院,artsVenue,葵青劇院,,,,,,1,true
惠康劇院,惠康劇院,artsVenue,惠康劇院,,,,,,1,true
元朗劇院,元朗劇院,artsVenue,元朗劇院,,,,,,1,true
油麻地戲院,油麻地戲院,artsVenue,油麻地戲院,,,,,,1,true
梁鳳儀樓(下層李福和朱美琳劇院),梁鳳儀樓(下層李福和朱美琳劇院),artsVenue,梁鳳儀樓(下層李福和朱美琳劇院),,,,,,1,true
石崗軍營劇院 (別稱),石崗軍營劇院 (別稱),artsVenue,石崗軍營劇院 (別稱),,,,,,1,true
新樂戲院 (前稱),新樂戲院 (前稱),artsVenue,新樂戲院 (前稱),,,,,,1,true
金聲戲院 (前稱),金聲戲院 (前稱),artsVenue,金聲戲院 (前稱),,,,,,1,true
凱都戲院,凱都戲院,artsVenue,凱都戲院,,,,,,1,true
新都戲院 (別稱),新都戲院 (別稱),artsVenue,新都戲院 (別稱),,,,,,1,true
寶石戲院,寶石戲院,artsVenue,寶石戲院,,,,,,1,true
華聲戲院 (前稱),華聲戲院 (前稱),artsVenue,華聲戲院 (前稱),,,,,,1,true
樂聲戲院 (前稱),樂聲戲院 (前稱),artsVenue,樂聲戲院 (前稱),,,,,,1,true
油麻地戲院 (前稱),油麻地戲院 (前稱),artsVenue,油麻地戲院 (前稱),,,,,,1,true
明月大戲院 (前稱),明月大戲院 (前稱),artsVenue,明月大戲院 (前稱),,,,,,1,true
龍華戲院 (前稱),龍華戲院 (前稱),artsVenue,龍華戲院 (前稱),,,,,,1,true
新寶戲院 (前稱),新寶戲院 (前稱),artsVenue,新寶戲院 (前稱),,,,,,1,true
寶華戲院 (前稱),寶華戲院 (前稱),artsVenue,寶華戲院 (前稱),,,,,,1,true
嶺南體育館,嶺南體育館,artsVenue,嶺南體育館,,,,,,1,true
修頓體育館,修頓體育館,artsVenue,修頓體育館,,,,,,1,true
胡李名靜體育館,胡李名靜體育館,artsVenue,胡李名靜體育館,,,,,,1,true
伊利沙伯體育館 - 地庫、二樓、三樓,伊利沙伯體育館 - 地庫、二樓、三樓,artsVenue,伊利沙伯體育館 - 地庫、二樓、三樓,,,,,,1,true
Wi-Fi.HK 熱點位置: 伊利沙伯體育館,Wi-Fi.HK 熱點位置: 伊利沙伯體育館,artsVenue,Wi-Fi.HK 熱點位置: 伊利沙伯體育館,,,,,,1,true
Helicopter Landing Site - CC06 - CHEUNG CHAU STADIUM (EMERGENCY ONLY),Helicopter Landing Site - CC06 - CHEUNG CHAU STADIUM (EMERGENCY ONLY),artsVenue,Helicopter Landing Site - CC06 - CHEUNG CHAU STADIUM (EMERGENCY ONLY),,,,,,1,true
麥禮賢夫人藝術館,麥禮賢夫人藝術館,artsVenue,麥禮賢夫人藝術館,,,,,,1,true
鰂魚涌體育館,鰂魚涌體育館,artsVenue,鰂魚涌體育館,,,,,,1,true
鰂魚涌公園 - 一期近滅火輪展覽館外涼亭旁,鰂魚涌公園 - 一期近滅火輪展覽館外涼亭旁,artsVenue,鰂魚涌公園 - 一期近滅火輪展覽館外涼亭旁,,,,,,1,true
上環體育館,上環體育館,artsVenue,上環體育館,,,,,,1,true
深水埗體育館,深水埗體育館,artsVenue,深水埗體育館,,,,,,1,true
黃大仙文化公園,黃大仙文化公園,artsVenue,黃大仙文化公園,,,,,,1,true
荃灣體育館,荃灣體育館,artsVenue,荃灣體育館,,,,,,1,true
元朗體育館,元朗體育館,artsVenue,元朗體育館,,,,,,1,true
大埔墟體育館,大埔墟體育館,artsVenue,大埔墟體育館,,,,,,1,true
香港仔體育館 - 五樓走廊,香港仔體育館 - 五樓走廊,artsVenue,香港仔體育館 - 五樓走廊,,,,,,1,true
天瑞體育館,天瑞體育館,artsVenue,天瑞體育館,,,,,,1,true
天水圍體育館,天水圍體育館,artsVenue,天水圍體育館,,,,,,1,true
中華文化會,中華文化會,artsVenue,中華文化會,,,,,,1,true
百樂園,百樂園,themePark,百樂園,,,,,,1,true
香港海洋公園,香港海洋公園,themePark,香港海洋公園,,,,,,1,true
西貢海濱樂園,西貢海濱樂園,themePark,西貢海濱樂園,,,,,,1,true
嘉樂園,嘉樂園,themePark,嘉樂園,,,,,,1,true
尚晉坊,尚晉坊,majorDestination,尚晉坊,,,,,,1,true
鴨脷洲A停車場,鴨脷洲A停車場,majorDestination,鴨脷洲A停車場,,,,,,1,true
太古城第八/九期A游泳池外面,太古城第八/九期A游泳池外面,majorDestination,太古城第八/九期A游泳池外面,,,,,,1,true
鴨脷洲公園,鴨脷洲公園,majorDestination,鴨脷洲公園,,,,,,1,true
鴨脷洲公共圖書館,鴨脷洲公共圖書館,majorDestination,鴨脷洲公共圖書館,,,,,,1,true
鴨脷洲風之塔公園,鴨脷洲風之塔公園,majorDestination,鴨脷洲風之塔公園,,,,,,1,true
大風坳廁所,大風坳廁所,majorDestination,大風坳廁所,,,,,,1,true
亞積邦租賃 / 亞積邦集團,亞積邦租賃 / 亞積邦集團,majorDestination,亞積邦租賃 / 亞積邦集團,,,,,,1,true
Dah Chong Hong(MSC) Ltd,Dah Chong Hong(MSC) Ltd,majorDestination,Dah Chong Hong(MSC) Ltd,,,,,,1,true
保良局陳區碧茵頤養院,保良局陳區碧茵頤養院,majorDestination,保良局陳區碧茵頤養院,,,,,,1,true
喵坊,喵坊,majorDestination,喵坊,,,,,,1,true
B座,B座,majorDestination,B座,,,,,,1,true
屏湖山莊B座,屏湖山莊B座,majorDestination,屏湖山莊B座,,,,,,1,true
惠景別墅B座,惠景別墅B座,majorDestination,惠景別墅B座,,,,,,1,true
低座B座,低座B座,majorDestination,低座B座,,,,,,1,true
數碼港三座B區,數碼港三座B區,majorDestination,數碼港三座B區,,,,,,1,true
數碼港四座B區,數碼港四座B區,majorDestination,數碼港四座B區,,,,,,1,true
石崗軍營B座,石崗軍營B座,majorDestination,石崗軍營B座,,,,,,1,true
青山發電B廠,青山發電B廠,majorDestination,青山發電B廠,,,,,,1,true
懲教主任已婚宿舍B座,懲教主任已婚宿舍B座,majorDestination,懲教主任已婚宿舍B座,,,,,,1,true
LYOS複式B座,LYOS複式B座,majorDestination,LYOS複式B座,,,,,,1,true
C座,C座,majorDestination,C座,,,,,,1,true
惠景別墅C座,惠景別墅C座,majorDestination,惠景別墅C座,,,,,,1,true
低座C座,低座C座,majorDestination,低座C座,,,,,,1,true
兆豐樓C座,兆豐樓C座,majorDestination,兆豐樓C座,,,,,,1,true
數碼港三座C區,數碼港三座C區,majorDestination,數碼港三座C區,,,,,,1,true
石崗軍營C座,石崗軍營C座,majorDestination,石崗軍營C座,,,,,,1,true
大埔頭C組合,大埔頭C組合,majorDestination,大埔頭C組合,,,,,,1,true
LYOS複式C座,LYOS複式C座,majorDestination,LYOS複式C座,,,,,,1,true
喜靈洲平房C座,喜靈洲平房C座,majorDestination,喜靈洲平房C座,,,,,,1,true
THE HENLEY 低座C座,THE HENLEY 低座C座,majorDestination,THE HENLEY 低座C座,,,,,,1,true
天映峯C,天映峯C,majorDestination,天映峯C,,,,,,1,true
溫莎堡C,溫莎堡C,majorDestination,溫莎堡C,,,,,,1,true
繼園C座,繼園C座,majorDestination,繼園C座,,,,,,1,true
綠悅C屋,綠悅C屋,majorDestination,綠悅C屋,,,,,,1,true
福來別墅C,福來別墅C,majorDestination,福來別墅C,,,,,,1,true
泓山C號屋,泓山C號屋,majorDestination,泓山C號屋,,,,,,1,true
春暉園C,春暉園C,majorDestination,春暉園C,,,,,,1,true
D座,D座,majorDestination,D座,,,,,,1,true
惠景別墅D座,惠景別墅D座,majorDestination,惠景別墅D座,,,,,,1,true
低座D座,低座D座,majorDestination,低座D座,,,,,,1,true
兆豐樓D座,兆豐樓D座,majorDestination,兆豐樓D座,,,,,,1,true
曉岸D座,曉岸D座,majorDestination,曉岸D座,,,,,,1,true
數碼港三座D區,數碼港三座D區,majorDestination,數碼港三座D區,,,,,,1,true
石崗軍營D座,石崗軍營D座,majorDestination,石崗軍營D座,,,,,,1,true
喜靈洲平房D座,喜靈洲平房D座,majorDestination,喜靈洲平房D座,,,,,,1,true
LYOS複式D座,LYOS複式D座,majorDestination,LYOS複式D座,,,,,,1,true
THE HENLEY 低座D座,THE HENLEY 低座D座,majorDestination,THE HENLEY 低座D座,,,,,,1,true
天映峯D,天映峯D,majorDestination,天映峯D,,,,,,1,true
溫莎堡D,溫莎堡D,majorDestination,溫莎堡D,,,,,,1,true
繼園D座,繼園D座,majorDestination,繼園D座,,,,,,1,true
綠悅D屋,綠悅D屋,majorDestination,綠悅D屋,,,,,,1,true
福來別墅D,福來別墅D,majorDestination,福來別墅D,,,,,,1,true
泓山D號屋,泓山D號屋,majorDestination,泓山D號屋,,,,,,1,true
E座,E座,majorDestination,E座,,,,,,1,true
惠景別墅E座,惠景別墅E座,majorDestination,惠景別墅E座,,,,,,1,true
U E E LTD (紅磡),U E E LTD (紅磡),majorDestination,U E E LTD (紅磡),,,,,,1,true
數碼港三座E區,數碼港三座E區,majorDestination,數碼港三座E區,,,,,,1,true
石崗軍營E座,石崗軍營E座,majorDestination,石崗軍營E座,,,,,,1,true
喜靈洲平房E座,喜靈洲平房E座,majorDestination,喜靈洲平房E座,,,,,,1,true
呂志和樓 (E座),呂志和樓 (E座),majorDestination,呂志和樓 (E座),,,,,,1,true
天映峯E,天映峯E,majorDestination,天映峯E,,,,,,1,true
溫莎堡E,溫莎堡E,majorDestination,溫莎堡E,,,,,,1,true
繼園E座,繼園E座,majorDestination,繼園E座,,,,,,1,true
綠悅E屋,綠悅E屋,majorDestination,綠悅E屋,,,,,,1,true
福來別墅E,福來別墅E,majorDestination,福來別墅E,,,,,,1,true
泓山E號屋,泓山E號屋,majorDestination,泓山E號屋,,,,,,1,true
藍城E座,藍城E座,majorDestination,藍城E座,,,,,,1,true
縉瑤E座,縉瑤E座,majorDestination,縉瑤E座,,,,,,1,true
東蘆E座,東蘆E座,majorDestination,東蘆E座,,,,,,1,true
松園E座,松園E座,majorDestination,松園E座,,,,,,1,true
雋林E座,雋林E座,majorDestination,雋林E座,,,,,,1,true
怡園E座,怡園E座,majorDestination,怡園E座,,,,,,1,true
康富遊樂場,康富遊樂場,majorDestination,康富遊樂場,,,,,,1,true
樂富公園,樂富公園,majorDestination,樂富公園,,,,,,1,true
樂富公共圖書館,樂富公共圖書館,majorDestination,樂富公共圖書館,,,,,,1,true
樂富遊樂場,樂富遊樂場,majorDestination,樂富遊樂場,,,,,,1,true
禮賢會樂富幼兒園,禮賢會樂富幼兒園,majorDestination,禮賢會樂富幼兒園,,,,,,1,true
247fitness薄扶林,247fitness薄扶林,majorDestination,247fitness薄扶林,,,,,,1,true
銀杏館 (香港廚房 - 到會服務),銀杏館 (香港廚房 - 到會服務),majorDestination,銀杏館 (香港廚房 - 到會服務),,,,,,1,true
悠閒坊華富店,悠閒坊華富店,majorDestination,悠閒坊華富店,,,,,,1,true
禮賢會樂富幼兒園 (K564397A),禮賢會樂富幼兒園 (K564397A),majorDestination,禮賢會樂富幼兒園 (K564397A),,,,,,1,true
薄扶林公共圖書館,薄扶林公共圖書館,majorDestination,薄扶林公共圖書館,,,,,,1,true
薄扶林特別地區,薄扶林特別地區,majorDestination,薄扶林特別地區,,,,,,1,true
東江(華富)安老院,東江(華富)安老院,majorDestination,東江(華富)安老院,,,,,,1,true
G座,G座,majorDestination,G座,,,,,,1,true
石崗軍營G座,石崗軍營G座,majorDestination,石崗軍營G座,,,,,,1,true
天映峯G,天映峯G,majorDestination,天映峯G,,,,,,1,true
繼園G座,繼園G座,majorDestination,繼園G座,,,,,,1,true
綠悅G屋,綠悅G屋,majorDestination,綠悅G屋,,,,,,1,true
雲嶺山莊G座,雲嶺山莊G座,majorDestination,雲嶺山莊G座,,,,,,1,true
泓山G號屋,泓山G號屋,majorDestination,泓山G號屋,,,,,,1,true
藍城G座,藍城G座,majorDestination,藍城G座,,,,,,1,true
縉瑤G座,縉瑤G座,majorDestination,縉瑤G座,,,,,,1,true
東蘆G座,東蘆G座,majorDestination,東蘆G座,,,,,,1,true
松園G座,松園G座,majorDestination,松園G座,,,,,,1,true
雋林G座,雋林G座,majorDestination,雋林G座,,,,,,1,true
曉岸G座,曉岸G座,majorDestination,曉岸G座,,,,,,1,true
港暉園G座,港暉園G座,majorDestination,港暉園G座,,,,,,1,true
濱景園G座,濱景園G座,majorDestination,濱景園G座,,,,,,1,true
景安園G座,景安園G座,majorDestination,景安園G座,,,,,,1,true
伊甸園G座,伊甸園G座,majorDestination,伊甸園G座,,,,,,1,true
景翠園G座,景翠園G座,majorDestination,景翠園G座,,,,,,1,true
嘉慧園G座,嘉慧園G座,majorDestination,嘉慧園G座,,,,,,1,true
晉薈庭G座,晉薈庭G座,majorDestination,晉薈庭G座,,,,,,1,true
西灣河遊樂場,西灣河遊樂場,majorDestination,西灣河遊樂場,,,,,,1,true
西灣河家品店,西灣河家品店,majorDestination,西灣河家品店,,,,,,1,true
和悅會(西灣河),和悅會(西灣河),majorDestination,和悅會(西灣河),,,,,,1,true
7-11便利店 (西灣河),7-11便利店 (西灣河),majorDestination,7-11便利店 (西灣河),,,,,,1,true
東何文田配水庫遊樂場,東何文田配水庫遊樂場,majorDestination,東何文田配水庫遊樂場,,,,,,1,true
督察級警察宿舍,督察級警察宿舍,majorDestination,督察級警察宿舍,,,,,,1,true
啟德1號(I)低座第一座,啟德1號(I)低座第一座,majorDestination,啟德1號(I)低座第一座,,,,,,1,true
啟德1號(I),啟德1號(I),majorDestination,啟德1號(I),,,,,,1,true
瑜一·天海第１座,瑜一·天海第１座,majorDestination,瑜一·天海第１座,,,,,,1,true
第一城,第一城,majorDestination,第一城,,,,,,1,true
第一座,第一座,majorDestination,第一座,,,,,,1,true
第1座,第1座,majorDestination,第1座,,,,,,1,true
天巒1,天巒1,majorDestination,天巒1,,,,,,1,true
啟德1號(I)低座第二座,啟德1號(I)低座第二座,majorDestination,啟德1號(I)低座第二座,,,,,,1,true
啟德1號(I)低座第三座,啟德1號(I)低座第三座,majorDestination,啟德1號(I)低座第三座,,,,,,1,true
啟德1號(I)低座第五座,啟德1號(I)低座第五座,majorDestination,啟德1號(I)低座第五座,,,,,,1,true
啟德1號(I)低座第六座,啟德1號(I)低座第六座,majorDestination,啟德1號(I)低座第六座,,,,,,1,true
啟德1號(I)低座第七座,啟德1號(I)低座第七座,majorDestination,啟德1號(I)低座第七座,,,,,,1,true
迎海第一期第一座,迎海第一期第一座,majorDestination,迎海第一期第一座,,,,,,1,true
壹環,壹環,majorDestination,壹環,,,,,,1,true
新都城第一期第一座,新都城第一期第一座,majorDestination,新都城第一期第一座,,,,,,1,true
半山壹號第1期,半山壹號第1期,majorDestination,半山壹號第1期,,,,,,1,true
浪翠園第一期第一座,浪翠園第一期第一座,majorDestination,浪翠園第一期第一座,,,,,,1,true
啟德１號（Ｉ）,啟德１號（Ｉ）,majorDestination,啟德１號（Ｉ）,,,,,,1,true
橋座室一,橋座室一,majorDestination,橋座室一,,,,,,1,true
龍園１區,龍園１區,majorDestination,龍園１區,,,,,,1,true
活動室1,活動室1,majorDestination,活動室1,,,,,,1,true
鶴咀1號天線,鶴咀1號天線,majorDestination,鶴咀1號天線,,,,,,1,true
盈峰一號,盈峰一號,majorDestination,盈峰一號,,,,,,1,true
瑜一．天海,瑜一．天海,majorDestination,瑜一．天海,,,,,,1,true
第1期 第1座,第1期 第1座,majorDestination,第1期 第1座,,,,,,1,true
J座,J座,majorDestination,J座,,,,,,1,true
J 座,J 座,majorDestination,J 座,,,,,,1,true
石崗軍營J座,石崗軍營J座,majorDestination,石崗軍營J座,,,,,,1,true
天映峯J,天映峯J,majorDestination,天映峯J,,,,,,1,true
綠悅J屋,綠悅J屋,majorDestination,綠悅J屋,,,,,,1,true
泓山J號屋,泓山J號屋,majorDestination,泓山J號屋,,,,,,1,true
藍城J座,藍城J座,majorDestination,藍城J座,,,,,,1,true
縉瑤J座,縉瑤J座,majorDestination,縉瑤J座,,,,,,1,true
東蘆J座,東蘆J座,majorDestination,東蘆J座,,,,,,1,true
松園J座,松園J座,majorDestination,松園J座,,,,,,1,true
雋林J座,雋林J座,majorDestination,雋林J座,,,,,,1,true
曉岸J座,曉岸J座,majorDestination,曉岸J座,,,,,,1,true
景安園J座,景安園J座,majorDestination,景安園J座,,,,,,1,true
嘉慧園J座,嘉慧園J座,majorDestination,嘉慧園J座,,,,,,1,true
晉薈庭J座,晉薈庭J座,majorDestination,晉薈庭J座,,,,,,1,true
南園子J屋,南園子J屋,majorDestination,南園子J屋,,,,,,1,true
新港城J座,新港城J座,majorDestination,新港城J座,,,,,,1,true
比華利山J座,比華利山J座,majorDestination,比華利山J座,,,,,,1,true
K座,K座,majorDestination,K座,,,,,,1,true
石崗軍營K座,石崗軍營K座,majorDestination,石崗軍營K座,,,,,,1,true
天映峯K,天映峯K,majorDestination,天映峯K,,,,,,1,true
綠悅K屋,綠悅K屋,majorDestination,綠悅K屋,,,,,,1,true
泓山K號屋,泓山K號屋,majorDestination,泓山K號屋,,,,,,1,true
藍城K座,藍城K座,majorDestination,藍城K座,,,,,,1,true
縉瑤K座,縉瑤K座,majorDestination,縉瑤K座,,,,,,1,true
東蘆K座,東蘆K座,majorDestination,東蘆K座,,,,,,1,true
松園K座,松園K座,majorDestination,松園K座,,,,,,1,true
雋林K座,雋林K座,majorDestination,雋林K座,,,,,,1,true
景安園K座,景安園K座,majorDestination,景安園K座,,,,,,1,true
晉薈庭K座,晉薈庭K座,majorDestination,晉薈庭K座,,,,,,1,true
翠峯園K座,翠峯園K座,majorDestination,翠峯園K座,,,,,,1,true
新港城K座,新港城K座,majorDestination,新港城K座,,,,,,1,true
警犬隊,警犬隊,majorDestination,警犬隊,,,,,,1,true
榮利汽車工程服務公司,榮利汽車工程服務公司,majorDestination,榮利汽車工程服務公司,,,,,,1,true
長期擺放的流動廁所,長期擺放的流動廁所,majorDestination,長期擺放的流動廁所,,,,,,1,true
同興汽車有限公司,同興汽車有限公司,majorDestination,同興汽車有限公司,,,,,,1,true
7-11便利店-羅湖,7-11便利店-羅湖,majorDestination,7-11便利店-羅湖,,,,,,1,true
料壆遊樂場,料壆遊樂場,majorDestination,料壆遊樂場,,,,,,1,true
沙嶺墳場,沙嶺墳場,majorDestination,沙嶺墳場,,,,,,1,true
沙嶺遊樂場,沙嶺遊樂場,majorDestination,沙嶺遊樂場,,,,,,1,true
沙嶺金塔墳場,沙嶺金塔墳場,majorDestination,沙嶺金塔墳場,,,,,,1,true
Vango-羅湖,Vango-羅湖,majorDestination,Vango-羅湖,,,,,,1,true
編號136郵箱,編號136郵箱,majorDestination,編號136郵箱,,,,,,1,true
編號429郵箱,編號429郵箱,majorDestination,編號429郵箱,,,,,,1,true
編號466郵箱,編號466郵箱,majorDestination,編號466郵箱,,,,,,1,true
編號593郵箱,編號593郵箱,majorDestination,編號593郵箱,,,,,,1,true
回收機構及收集點： 港鐵公司,回收機構及收集點： 港鐵公司,majorDestination,回收機構及收集點： 港鐵公司,,,,,,1,true
永諾堂,永諾堂,majorDestination,永諾堂,,,,,,1,true
廟宇,廟宇,majorDestination,廟宇,,,,,,1,true
Helicopter Landing Site - P03 - CREST HILL OP,Helicopter Landing Site - P03 - CREST HILL OP,majorDestination,Helicopter Landing Site - P03 - CREST HILL OP,,,,,,1,true
已登記的WiFi 熱點: Hong Kong Telecommunications (HKT) Limited (APID 04747),已登記的WiFi 熱點: Hong Kong Telecommunications (HKT) Limited (APID 04747),majorDestination,已登記的WiFi 熱點: Hong Kong Telecommunications (HKT) Limited (APID 04747),,,,,,1,true
B. A. & M.,B. A. & M.,majorDestination,B. A. & M.,,,,,,1,true
MY PLACE,MY PLACE,majorDestination,MY PLACE,,,,,,1,true
馬灣窰,馬灣窰,majorDestination,馬灣窰,,,,,,1,true
馬鞍山公園,馬鞍山公園,majorDestination,馬鞍山公園,,,,,,1,true
馬鞍山海濱長廊,馬鞍山海濱長廊,majorDestination,馬鞍山海濱長廊,,,,,,1,true
馬灣刻石,馬灣刻石,majorDestination,馬灣刻石,,,,,,1,true
馬灣鄉事委員會,馬灣鄉事委員會,majorDestination,馬灣鄉事委員會,,,,,,1,true
千色-馬鞍山店,千色-馬鞍山店,majorDestination,千色-馬鞍山店,,,,,,1,true
油麻地家品店,油麻地家品店,majorDestination,油麻地家品店,,,,,,1,true
落馬洲行動基地,落馬洲行動基地,majorDestination,落馬洲行動基地,,,,,,1,true
馬鞍山圖書館,馬鞍山圖書館,majorDestination,馬鞍山圖書館,,,,,,1,true
馬鞍山公共圖書館,馬鞍山公共圖書館,majorDestination,馬鞍山公共圖書館,,,,,,1,true
馬鞍山遊樂場,馬鞍山遊樂場,majorDestination,馬鞍山遊樂場,,,,,,1,true
