label,query,subcategory,exact_name,name_contains,district,aliases_en,aliases_zh,append_to,limit,enabled
康怡居二期C座,康怡居二期C座,housingEstate,康怡居二期C座,,,,,,1,true
康怡居二期D座,康怡居二期D座,housingEstate,康怡居二期D座,,,,,,1,true
康怡居二期E座,康怡居二期E座,housingEstate,康怡居二期E座,,,,,,1,true
華富(二)邨,華富(二)邨,housingEstate,華富(二)邨,,,,,,1,true
逸東(二)邨,逸東(二)邨,housingEstate,逸東(二)邨,,,,,,1,true
北角台,北角台,housingEstate,北角台,,,,,,1,true
黃大仙下邨(二區),黃大仙下邨(二區),housingEstate,黃大仙下邨(二區),,,,,,1,true
天悅邨悦華樓,天悅邨悦華樓,housingEstate,天悅邨悦華樓,,,,,,1,true
偉士居,偉士居,housingEstate,偉士居,,,,,,1,true
名士居,名士居,housingEstate,名士居,,,,,,1,true
俊士居,俊士居,housingEstate,俊士居,,,,,,1,true
葵盛西邨第一座,葵盛西邨第一座,housingEstate,葵盛西邨第一座,,,,,,1,true
葵盛西邨第九座,葵盛西邨第九座,housingEstate,葵盛西邨第九座,,,,,,1,true
聖雅各福群會忻明居,聖雅各福群會忻明居,housingEstate,聖雅各福群會忻明居,,,,,,1,true
仁愛堂香港台山商會長者鄰舍中心,仁愛堂香港台山商會長者鄰舍中心,housingEstate,仁愛堂香港台山商會長者鄰舍中心,,,,,,1,true
中環軒 (前稱),中環軒 (前稱),housingEstate,中環軒 (前稱),,,,,,1,true
翰林軒,翰林軒,housingEstate,翰林軒,,,,,,1,true
蔚晴軒,蔚晴軒,housingEstate,蔚晴軒,,,,,,1,true
寶華軒,寶華軒,housingEstate,寶華軒,,,,,,1,true
翠麗軒,翠麗軒,housingEstate,翠麗軒,,,,,,1,true
金帝軒,金帝軒,housingEstate,金帝軒,,,,,,1,true
翰庭軒,翰庭軒,housingEstate,翰庭軒,,,,,,1,true
高陞軒,高陞軒,housingEstate,高陞軒,,,,,,1,true
兆和軒,兆和軒,housingEstate,兆和軒,,,,,,1,true
嘉倫軒,嘉倫軒,housingEstate,嘉倫軒,,,,,,1,true
半山英輝臺3號蔚晴軒 1樓健身室,半山英輝臺3號蔚晴軒 1樓健身室,housingEstate,半山英輝臺3號蔚晴軒 1樓健身室,,,,,,1,true
寶軒 (別稱),寶軒 (別稱),housingEstate,寶軒 (別稱),,,,,,1,true
詠豪軒 (前稱),詠豪軒 (前稱),housingEstate,詠豪軒 (前稱),,,,,,1,true
尖沙咀東海濱平台花園 - 近電梯，近小食亭,尖沙咀東海濱平台花園 - 近電梯，近小食亭,housingEstate,尖沙咀東海濱平台花園 - 近電梯，近小食亭,,,,,,1,true
悠逸軒,悠逸軒,housingEstate,悠逸軒,,,,,,1,true
珀軒旅館 ‧ 旺角,珀軒旅館 ‧ 旺角,housingEstate,珀軒旅館 ‧ 旺角,,,,,,1,true
EDEN HOME 專業家居照顧服務,EDEN HOME 專業家居照顧服務,housingEstate,EDEN HOME 專業家居照顧服務,,,,,,1,true
安瀾軒珠海三灶同鄉會,安瀾軒珠海三灶同鄉會,housingEstate,安瀾軒珠海三灶同鄉會,,,,,,1,true
金樂軒,金樂軒,housingEstate,金樂軒,,,,,,1,true
悅翠居,悅翠居,housingEstate,悅翠居,,,,,,1,true
樂康齡家居照顧服務,樂康齡家居照顧服務,housingEstate,樂康齡家居照顧服務,,,,,,1,true
櫻楹軒,櫻楹軒,housingEstate,櫻楹軒,,,,,,1,true
PARKNSHOP 蘇屋邨,PARKNSHOP 蘇屋邨,housingEstate,PARKNSHOP 蘇屋邨,,,,,,1,true
樂欣軒,樂欣軒,housingEstate,樂欣軒,,,,,,1,true
明愛樂欣軒(弱智人士輔助宿舍),明愛樂欣軒(弱智人士輔助宿舍),housingEstate,明愛樂欣軒(弱智人士輔助宿舍),,,,,,1,true
存菊軒護老中心有限公司,存菊軒護老中心有限公司,housingEstate,存菊軒護老中心有限公司,,,,,,1,true
泛達太子軒,泛達太子軒,housingEstate,泛達太子軒,,,,,,1,true
逸華軒,逸華軒,housingEstate,逸華軒,,,,,,1,true
青盈雅軒,青盈雅軒,housingEstate,青盈雅軒,,,,,,1,true
基督教香港崇真會社會服務部深恩軒,基督教香港崇真會社會服務部深恩軒,housingEstate,基督教香港崇真會社會服務部深恩軒,,,,,,1,true
東華三院陳婉珍第三齡義工中心暨膳深軒,東華三院陳婉珍第三齡義工中心暨膳深軒,housingEstate,東華三院陳婉珍第三齡義工中心暨膳深軒,,,,,,1,true
明愛樂欣軒 (展能中心暨嚴重智障人士宿舍),明愛樂欣軒 (展能中心暨嚴重智障人士宿舍),housingEstate,明愛樂欣軒 (展能中心暨嚴重智障人士宿舍),,,,,,1,true
明愛樂欣軒 (展能中心暨嚴重弱智人士宿舍),明愛樂欣軒 (展能中心暨嚴重弱智人士宿舍),housingEstate,明愛樂欣軒 (展能中心暨嚴重弱智人士宿舍),,,,,,1,true
明愛樂欣軒(展能中心暨嚴重弱智人士宿舍),明愛樂欣軒(展能中心暨嚴重弱智人士宿舍),housingEstate,明愛樂欣軒(展能中心暨嚴重弱智人士宿舍),,,,,,1,true
新生精神康復會安泰軒(深水埗),新生精神康復會安泰軒(深水埗),housingEstate,新生精神康復會安泰軒(深水埗),,,,,,1,true
香港明愛樂欣軒,香港明愛樂欣軒,housingEstate,香港明愛樂欣軒,,,,,,1,true
怡樂居,怡樂居,housingEstate,怡樂居,,,,,,1,true
鄰舍輔導會怡樂居,鄰舍輔導會怡樂居,housingEstate,鄰舍輔導會怡樂居,,,,,,1,true
和悅會家居服務隊,和悅會家居服務隊,housingEstate,和悅會家居服務隊,,,,,,1,true
明愛向晴軒,明愛向晴軒,housingEstate,明愛向晴軒,,,,,,1,true
香港心理衞生會敦睦軒,香港心理衞生會敦睦軒,housingEstate,香港心理衞生會敦睦軒,,,,,,1,true
香港心理衞生會欣怡軒,香港心理衞生會欣怡軒,housingEstate,香港心理衞生會欣怡軒,,,,,,1,true
軒鍠汽車有限公司,軒鍠汽車有限公司,housingEstate,軒鍠汽車有限公司,,,,,,1,true
扶康會扶康家庭 - 超瑩軒,扶康會扶康家庭 - 超瑩軒,housingEstate,扶康會扶康家庭 - 超瑩軒,,,,,,1,true
扶康會扶康家庭 - 婉明軒,扶康會扶康家庭 - 婉明軒,housingEstate,扶康會扶康家庭 - 婉明軒,,,,,,1,true
PARKNSHOP 麗晶花園,PARKNSHOP 麗晶花園,housingEstate,PARKNSHOP 麗晶花園,,,,,,1,true
Wi-Fi.HK 熱點位置: 中銀香港 - 德福花園分行,Wi-Fi.HK 熱點位置: 中銀香港 - 德福花園分行,housingEstate,Wi-Fi.HK 熱點位置: 中銀香港 - 德福花園分行,,,,,,1,true
淺水灣花園,淺水灣花園,housingEstate,淺水灣花園,,,,,,1,true
海灣花園2座,海灣花園2座,housingEstate,海灣花園2座,,,,,,1,true
海灣花園3座,海灣花園3座,housingEstate,海灣花園3座,,,,,,1,true
海灣花園4座,海灣花園4座,housingEstate,海灣花園4座,,,,,,1,true
銀灣花園A座,銀灣花園A座,housingEstate,銀灣花園A座,,,,,,1,true
銀灣花園B座,銀灣花園B座,housingEstate,銀灣花園B座,,,,,,1,true
銀灣花園C座,銀灣花園C座,housingEstate,銀灣花園C座,,,,,,1,true
銀灣花園D座,銀灣花園D座,housingEstate,銀灣花園D座,,,,,,1,true
銀灣花園E座,銀灣花園E座,housingEstate,銀灣花園E座,,,,,,1,true
銀灣花園F座,銀灣花園F座,housingEstate,銀灣花園F座,,,,,,1,true
PARKNSHOP 竹園邨,PARKNSHOP 竹園邨,housingEstate,PARKNSHOP 竹園邨,,,,,,1,true
南蓮園池 - 香海軒,南蓮園池 - 香海軒,housingEstate,南蓮園池 - 香海軒,,,,,,1,true
悅庭軒,悅庭軒,housingEstate,悅庭軒,,,,,,1,true
瓊軒苑,瓊軒苑,housingEstate,瓊軒苑,,,,,,1,true
花園城第1期,花園城第1期,housingEstate,花園城第1期,,,,,,1,true
Wi-Fi.HK 熱點位置: 隔田(沙田)村公所,Wi-Fi.HK 熱點位置: 隔田(沙田)村公所,housingEstate,Wi-Fi.HK 熱點位置: 隔田(沙田)村公所,,,,,,1,true
Wi-Fi.HK 熱點位置: 新田村(沙田)村公所,Wi-Fi.HK 熱點位置: 新田村(沙田)村公所,housingEstate,Wi-Fi.HK 熱點位置: 新田村(沙田)村公所,,,,,,1,true
Wi-Fi.HK 熱點位置: 大圍村(沙田)村公所,Wi-Fi.HK 熱點位置: 大圍村(沙田)村公所,housingEstate,Wi-Fi.HK 熱點位置: 大圍村(沙田)村公所,,,,,,1,true
Wi-Fi.HK 熱點位置: 山下圍(沙田)村公所,Wi-Fi.HK 熱點位置: 山下圍(沙田)村公所,housingEstate,Wi-Fi.HK 熱點位置: 山下圍(沙田)村公所,,,,,,1,true
Wi-Fi.HK 熱點位置: 小瀝源(沙田)村公所,Wi-Fi.HK 熱點位置: 小瀝源(沙田)村公所,housingEstate,Wi-Fi.HK 熱點位置: 小瀝源(沙田)村公所,,,,,,1,true
Wi-Fi.HK 熱點位置: 大水坑(沙田)村公所,Wi-Fi.HK 熱點位置: 大水坑(沙田)村公所,housingEstate,Wi-Fi.HK 熱點位置: 大水坑(沙田)村公所,,,,,,1,true
Wi-Fi.HK 熱點位置: 烏溪沙(沙田)村公所,Wi-Fi.HK 熱點位置: 烏溪沙(沙田)村公所,housingEstate,Wi-Fi.HK 熱點位置: 烏溪沙(沙田)村公所,,,,,,1,true
Wi-Fi.HK 熱點位置: 桂地新村(沙田)村公所,Wi-Fi.HK 熱點位置: 桂地新村(沙田)村公所,housingEstate,Wi-Fi.HK 熱點位置: 桂地新村(沙田)村公所,,,,,,1,true
創業軒家園便利店,創業軒家園便利店,housingEstate,創業軒家園便利店,,,,,,1,true
新生精神康復會安泰軒(沙田),新生精神康復會安泰軒(沙田),housingEstate,新生精神康復會安泰軒(沙田),,,,,,1,true
匡智會匡智水泉澳綜合復康中心- 泉智軒,匡智會匡智水泉澳綜合復康中心- 泉智軒,housingEstate,匡智會匡智水泉澳綜合復康中心- 泉智軒,,,,,,1,true
匡智會匡智水泉澳綜合復康中心- 泉滙軒,匡智會匡智水泉澳綜合復康中心- 泉滙軒,housingEstate,匡智會匡智水泉澳綜合復康中心- 泉滙軒,,,,,,1,true
惠康超級市場-瑞峰花園,惠康超級市場-瑞峰花園,housingEstate,惠康超級市場-瑞峰花園,,,,,,1,true
Wi-Fi.HK 熱點位置: 麥當勞 - 美林邨,Wi-Fi.HK 熱點位置: 麥當勞 - 美林邨,housingEstate,Wi-Fi.HK 熱點位置: 麥當勞 - 美林邨,,,,,,1,true
Wi-Fi.HK 熱點位置: 麥當勞 - 新翠邨,Wi-Fi.HK 熱點位置: 麥當勞 - 新翠邨,housingEstate,Wi-Fi.HK 熱點位置: 麥當勞 - 新翠邨,,,,,,1,true
十八鄉大圍村公所 (別稱),十八鄉大圍村公所 (別稱),housingEstate,十八鄉大圍村公所 (別稱),,,,,,1,true
富軒苑,富軒苑,housingEstate,富軒苑,,,,,,1,true
美威花園,美威花園,housingEstate,美威花園,,,,,,1,true
Wi-Fi.HK 熱點位置: 深井(荃灣)村公所,Wi-Fi.HK 熱點位置: 深井(荃灣)村公所,housingEstate,Wi-Fi.HK 熱點位置: 深井(荃灣)村公所,,,,,,1,true
Wi-Fi.HK 熱點位置: 汀九(荃灣)村公所,Wi-Fi.HK 熱點位置: 汀九(荃灣)村公所,housingEstate,Wi-Fi.HK 熱點位置: 汀九(荃灣)村公所,,,,,,1,true
Wi-Fi.HK 熱點位置: 河背村(荃灣)村公所,Wi-Fi.HK 熱點位置: 河背村(荃灣)村公所,housingEstate,Wi-Fi.HK 熱點位置: 河背村(荃灣)村公所,,,,,,1,true
Wi-Fi.HK 熱點位置: 排棉角(荃灣)村公所,Wi-Fi.HK 熱點位置: 排棉角(荃灣)村公所,housingEstate,Wi-Fi.HK 熱點位置: 排棉角(荃灣)村公所,,,,,,1,true
Wi-Fi.HK 熱點位置: 青龍頭(荃灣)村公所,Wi-Fi.HK 熱點位置: 青龍頭(荃灣)村公所,housingEstate,Wi-Fi.HK 熱點位置: 青龍頭(荃灣)村公所,,,,,,1,true
Wi-Fi.HK 熱點位置: 和宜合(荃灣)村公所,Wi-Fi.HK 熱點位置: 和宜合(荃灣)村公所,housingEstate,Wi-Fi.HK 熱點位置: 和宜合(荃灣)村公所,,,,,,1,true
Wi-Fi.HK 熱點位置: 海壩村(荃灣)村公所,Wi-Fi.HK 熱點位置: 海壩村(荃灣)村公所,housingEstate,Wi-Fi.HK 熱點位置: 海壩村(荃灣)村公所,,,,,,1,true
Wi-Fi.HK 熱點位置: 木棉下村(荃灣)村公所,Wi-Fi.HK 熱點位置: 木棉下村(荃灣)村公所,housingEstate,Wi-Fi.HK 熱點位置: 木棉下村(荃灣)村公所,,,,,,1,true
Wi-Fi.HK 熱點位置: 石碧新村(荃灣)村公所,Wi-Fi.HK 熱點位置: 石碧新村(荃灣)村公所,housingEstate,Wi-Fi.HK 熱點位置: 石碧新村(荃灣)村公所,,,,,,1,true
海睛軒,海睛軒,housingEstate,海睛軒,,,,,,1,true
香港明愛全樂軒,香港明愛全樂軒,housingEstate,香港明愛全樂軒,,,,,,1,true
大窩口邨富國樓,大窩口邨富國樓,housingEstate,大窩口邨富國樓,,,,,,1,true
大窩口邨富碧樓,大窩口邨富碧樓,housingEstate,大窩口邨富碧樓,,,,,,1,true
大窩口邨富平樓,大窩口邨富平樓,housingEstate,大窩口邨富平樓,,,,,,1,true
大窩口邨 - 富貴樓,大窩口邨 - 富貴樓,housingEstate,大窩口邨 - 富貴樓,,,,,,1,true
葵涌花園,葵涌花園,housingEstate,葵涌花園,,,,,,1,true
上葵涌村曾氏家祠,上葵涌村曾氏家祠,housingEstate,上葵涌村曾氏家祠,,,,,,1,true
上葵涌村羅氏家祠,上葵涌村羅氏家祠,housingEstate,上葵涌村羅氏家祠,,,,,,1,true
上葵涌村陳氏家祠,上葵涌村陳氏家祠,housingEstate,上葵涌村陳氏家祠,,,,,,1,true
下葵涌村鄧氏家祠,下葵涌村鄧氏家祠,housingEstate,下葵涌村鄧氏家祠,,,,,,1,true
上葵涌村祠堂 (前稱),上葵涌村祠堂 (前稱),housingEstate,上葵涌村祠堂 (前稱),,,,,,1,true
葵軒閣,葵軒閣,housingEstate,葵軒閣,,,,,,1,true
頤養軒,頤養軒,housingEstate,頤養軒,,,,,,1,true
文軒汽車服務,文軒汽車服務,housingEstate,文軒汽車服務,,,,,,1,true
雍澄軒,雍澄軒,housingEstate,雍澄軒,,,,,,1,true
樂葵軒(長者)有限公司,樂葵軒(長者)有限公司,housingEstate,樂葵軒(長者)有限公司,,,,,,1,true
新生精神康復會安泰軒(葵涌),新生精神康復會安泰軒(葵涌),housingEstate,新生精神康復會安泰軒(葵涌),,,,,,1,true
屯門區綜合家居照顧服務- 田家炳屯門綜合家居照顧服務中心,屯門區綜合家居照顧服務- 田家炳屯門綜合家居照顧服務中心,housingEstate,屯門區綜合家居照顧服務- 田家炳屯門綜合家居照顧服務中心,,,,,,1,true
田家炳屯門綜合家居照顧服務中心,田家炳屯門綜合家居照顧服務中心,housingEstate,田家炳屯門綜合家居照顧服務中心,,,,,,1,true
屯門花園,屯門花園,housingEstate,屯門花園,,,,,,1,true
盈健醫務中心(屯門花園),盈健醫務中心(屯門花園),housingEstate,盈健醫務中心(屯門花園),,,,,,1,true
Wi-Fi.HK 熱點位置: 稔灣(屯門)村公所,Wi-Fi.HK 熱點位置: 稔灣(屯門)村公所,housingEstate,Wi-Fi.HK 熱點位置: 稔灣(屯門)村公所,,,,,,1,true
Wi-Fi.HK 熱點位置: 龍鼓灘(屯門)村公所,Wi-Fi.HK 熱點位置: 龍鼓灘(屯門)村公所,housingEstate,Wi-Fi.HK 熱點位置: 龍鼓灘(屯門)村公所,,,,,,1,true
Wi-Fi.HK 熱點位置: 新墟村(屯門)村公所,Wi-Fi.HK 熱點位置: 新墟村(屯門)村公所,housingEstate,Wi-Fi.HK 熱點位置: 新墟村(屯門)村公所,,,,,,1,true
Wi-Fi.HK 熱點位置: 小坑村(屯門)村公所,Wi-Fi.HK 熱點位置: 小坑村(屯門)村公所,housingEstate,Wi-Fi.HK 熱點位置: 小坑村(屯門)村公所,,,,,,1,true
Wi-Fi.HK 熱點位置: 大欖涌(屯門)村公所,Wi-Fi.HK 熱點位置: 大欖涌(屯門)村公所,housingEstate,Wi-Fi.HK 熱點位置: 大欖涌(屯門)村公所,,,,,,1,true
Wi-Fi.HK 熱點位置: 屯門新村(屯門)村公所,Wi-Fi.HK 熱點位置: 屯門新村(屯門)村公所,housingEstate,Wi-Fi.HK 熱點位置: 屯門新村(屯門)村公所,,,,,,1,true
欣樂軒康復院舍,欣樂軒康復院舍,housingEstate,欣樂軒康復院舍,,,,,,1,true
竹園區神召會智逸軒,竹園區神召會智逸軒,housingEstate,竹園區神召會智逸軒,,,,,,1,true
新生精神康復會頤悅軒,新生精神康復會頤悅軒,housingEstate,新生精神康復會頤悅軒,,,,,,1,true
海典軒,海典軒,housingEstate,海典軒,,,,,,1,true
新生精神康復會安泰軒 (屯門-湖景),新生精神康復會安泰軒 (屯門-湖景),housingEstate,新生精神康復會安泰軒 (屯門-湖景),,,,,,1,true
新生精神康復會安泰軒 (屯門 - 安定),新生精神康復會安泰軒 (屯門 - 安定),housingEstate,新生精神康復會安泰軒 (屯門 - 安定),,,,,,1,true
PARKNSHOP 帝濤灣浪琴軒,PARKNSHOP 帝濤灣浪琴軒,housingEstate,PARKNSHOP 帝濤灣浪琴軒,,,,,,1,true
OK便利店-海典軒,OK便利店-海典軒,housingEstate,OK便利店-海典軒,,,,,,1,true
元朗區綜合家居照顧服務 - 田家炳元朗綜合家居照顧服務中心,元朗區綜合家居照顧服務 - 田家炳元朗綜合家居照顧服務中心,housingEstate,元朗區綜合家居照顧服務 - 田家炳元朗綜合家居照顧服務中心,,,,,,1,true
錦綉花園市中心,錦綉花園市中心,housingEstate,錦綉花園市中心,,,,,,1,true
豐裕軒,豐裕軒,housingEstate,豐裕軒,,,,,,1,true
禮蕎軒復康中心,禮蕎軒復康中心,housingEstate,禮蕎軒復康中心,,,,,,1,true
禮懿軒復康中心,禮懿軒復康中心,housingEstate,禮懿軒復康中心,,,,,,1,true
欣悅軒 (原名白普理之家),欣悅軒 (原名白普理之家),housingEstate,欣悅軒 (原名白普理之家),,,,,,1,true
新生精神康復會安泰軒(天水圍),新生精神康復會安泰軒(天水圍),housingEstate,新生精神康復會安泰軒(天水圍),,,,,,1,true
Wi-Fi.HK 熱點位置: 俊宏軒,Wi-Fi.HK 熱點位置: 俊宏軒,housingEstate,Wi-Fi.HK 熱點位置: 俊宏軒,,,,,,1,true
聖軒公家塾,聖軒公家塾,housingEstate,聖軒公家塾,,,,,,1,true
Wi-Fi.HK 熱點位置: McCafe - 俊宏軒,Wi-Fi.HK 熱點位置: McCafe - 俊宏軒,housingEstate,Wi-Fi.HK 熱點位置: McCafe - 俊宏軒,,,,,,1,true
Wi-Fi.HK 熱點位置: 麥當勞 - 俊宏軒,Wi-Fi.HK 熱點位置: 麥當勞 - 俊宏軒,housingEstate,Wi-Fi.HK 熱點位置: 麥當勞 - 俊宏軒,,,,,,1,true
栢賢雅居有限公司,栢賢雅居有限公司,housingEstate,栢賢雅居有限公司,,,,,,1,true
Wi-Fi.HK 熱點位置: 下坑(大埔)村公所,Wi-Fi.HK 熱點位置: 下坑(大埔)村公所,housingEstate,Wi-Fi.HK 熱點位置: 下坑(大埔)村公所,,,,,,1,true
Wi-Fi.HK 熱點位置: 汀角(大埔)村公所,Wi-Fi.HK 熱點位置: 汀角(大埔)村公所,housingEstate,Wi-Fi.HK 熱點位置: 汀角(大埔)村公所,,,,,,1,true
Wi-Fi.HK 熱點位置: 南坑村(大埔)村公所,Wi-Fi.HK 熱點位置: 南坑村(大埔)村公所,housingEstate,Wi-Fi.HK 熱點位置: 南坑村(大埔)村公所,,,,,,1,true
Wi-Fi.HK 熱點位置: 井頭村(大埔)村公所,Wi-Fi.HK 熱點位置: 井頭村(大埔)村公所,housingEstate,Wi-Fi.HK 熱點位置: 井頭村(大埔)村公所,,,,,,1,true
Wi-Fi.HK 熱點位置: 新屋仔(大埔)村公所,Wi-Fi.HK 熱點位置: 新屋仔(大埔)村公所,housingEstate,Wi-Fi.HK 熱點位置: 新屋仔(大埔)村公所,,,,,,1,true
Wi-Fi.HK 熱點位置: 黃宜坳(大埔)村公所,Wi-Fi.HK 熱點位置: 黃宜坳(大埔)村公所,housingEstate,Wi-Fi.HK 熱點位置: 黃宜坳(大埔)村公所,,,,,,1,true
Wi-Fi.HK 熱點位置: 樟樹灘村(大埔)村公所,Wi-Fi.HK 熱點位置: 樟樹灘村(大埔)村公所,housingEstate,Wi-Fi.HK 熱點位置: 樟樹灘村(大埔)村公所,,,,,,1,true
Wi-Fi.HK 熱點位置: 大埔船灣聯村(大埔)村公所,Wi-Fi.HK 熱點位置: 大埔船灣聯村(大埔)村公所,housingEstate,Wi-Fi.HK 熱點位置: 大埔船灣聯村(大埔)村公所,,,,,,1,true
策誠軒,策誠軒,housingEstate,策誠軒,,,,,,1,true
策誠軒I座,策誠軒I座,housingEstate,策誠軒I座,,,,,,1,true
香港家庭福利會崇德家福軒,香港家庭福利會崇德家福軒,housingEstate,香港家庭福利會崇德家福軒,,,,,,1,true
逸華軒 (別稱),逸華軒 (別稱),housingEstate,逸華軒 (別稱),,,,,,1,true
Wi-Fi.HK 熱點位置: 孔嶺(粉嶺)村公所,Wi-Fi.HK 熱點位置: 孔嶺(粉嶺)村公所,housingEstate,Wi-Fi.HK 熱點位置: 孔嶺(粉嶺)村公所,,,,,,1,true
Wi-Fi.HK 熱點位置: 軍地(粉嶺)村公所,Wi-Fi.HK 熱點位置: 軍地(粉嶺)村公所,housingEstate,Wi-Fi.HK 熱點位置: 軍地(粉嶺)村公所,,,,,,1,true
Wi-Fi.HK 熱點位置: 塘坑(粉嶺)村公所,Wi-Fi.HK 熱點位置: 塘坑(粉嶺)村公所,housingEstate,Wi-Fi.HK 熱點位置: 塘坑(粉嶺)村公所,,,,,,1,true
Wi-Fi.HK 熱點位置: 粉嶺樓(粉嶺)村公所,Wi-Fi.HK 熱點位置: 粉嶺樓(粉嶺)村公所,housingEstate,Wi-Fi.HK 熱點位置: 粉嶺樓(粉嶺)村公所,,,,,,1,true
Wi-Fi.HK 熱點位置: 龍躍頭(粉嶺)村公所,Wi-Fi.HK 熱點位置: 龍躍頭(粉嶺)村公所,housingEstate,Wi-Fi.HK 熱點位置: 龍躍頭(粉嶺)村公所,,,,,,1,true
Wi-Fi.HK 熱點位置: 粉嶺圍村(粉嶺)村公所,Wi-Fi.HK 熱點位置: 粉嶺圍村(粉嶺)村公所,housingEstate,Wi-Fi.HK 熱點位置: 粉嶺圍村(粉嶺)村公所,,,,,,1,true
帝庭軒,帝庭軒,housingEstate,帝庭軒,,,,,,1,true
御庭軒,御庭軒,housingEstate,御庭軒,,,,,,1,true
惠康超級市場-帝庭軒,惠康超級市場-帝庭軒,housingEstate,惠康超級市場-帝庭軒,,,,,,1,true
香港明愛樂晴軒,香港明愛樂晴軒,housingEstate,香港明愛樂晴軒,,,,,,1,true
PARKNSHOP 天平邨,PARKNSHOP 天平邨,housingEstate,PARKNSHOP 天平邨,,,,,,1,true
Wi-Fi.HK 熱點位置: 麥當勞 - 天平邨,Wi-Fi.HK 熱點位置: 麥當勞 - 天平邨,housingEstate,Wi-Fi.HK 熱點位置: 麥當勞 - 天平邨,,,,,,1,true
Wi-Fi.HK 熱點位置: 上水圍(上水)村公所,Wi-Fi.HK 熱點位置: 上水圍(上水)村公所,housingEstate,Wi-Fi.HK 熱點位置: 上水圍(上水)村公所,,,,,,1,true
Wi-Fi.HK 熱點位置: 雞嶺(上水)村公所,Wi-Fi.HK 熱點位置: 雞嶺(上水)村公所,housingEstate,Wi-Fi.HK 熱點位置: 雞嶺(上水)村公所,,,,,,1,true
Wi-Fi.HK 熱點位置: 古洞(上水)村公所,Wi-Fi.HK 熱點位置: 古洞(上水)村公所,housingEstate,Wi-Fi.HK 熱點位置: 古洞(上水)村公所,,,,,,1,true
Wi-Fi.HK 熱點位置: 燕崗(上水)村公所,Wi-Fi.HK 熱點位置: 燕崗(上水)村公所,housingEstate,Wi-Fi.HK 熱點位置: 燕崗(上水)村公所,,,,,,1,true
Wi-Fi.HK 熱點位置: 坑頭村(上水)村公所,Wi-Fi.HK 熱點位置: 坑頭村(上水)村公所,housingEstate,Wi-Fi.HK 熱點位置: 坑頭村(上水)村公所,,,,,,1,true
Wi-Fi.HK 熱點位置: 金錢村(上水)村公所,Wi-Fi.HK 熱點位置: 金錢村(上水)村公所,housingEstate,Wi-Fi.HK 熱點位置: 金錢村(上水)村公所,,,,,,1,true
Wi-Fi.HK 熱點位置: 河上鄉(上水)村公所,Wi-Fi.HK 熱點位置: 河上鄉(上水)村公所,housingEstate,Wi-Fi.HK 熱點位置: 河上鄉(上水)村公所,,,,,,1,true
Wi-Fi.HK 熱點位置: 華山村(上水)村公所,Wi-Fi.HK 熱點位置: 華山村(上水)村公所,housingEstate,Wi-Fi.HK 熱點位置: 華山村(上水)村公所,,,,,,1,true
Wi-Fi.HK 熱點位置: 松柏塱(上水)村公所(服務辦事處),Wi-Fi.HK 熱點位置: 松柏塱(上水)村公所(服務辦事處),housingEstate,Wi-Fi.HK 熱點位置: 松柏塱(上水)村公所(服務辦事處),,,,,,1,true
嘉兆軒A座,嘉兆軒A座,housingEstate,嘉兆軒A座,,,,,,1,true
嘉兆軒B座,嘉兆軒B座,housingEstate,嘉兆軒B座,,,,,,1,true
嘉兆軒,嘉兆軒,housingEstate,嘉兆軒,,,,,,1,true
駿逸軒,駿逸軒,housingEstate,駿逸軒,,,,,,1,true
明珠華軒,明珠華軒,housingEstate,明珠華軒,,,,,,1,true
松齡翠軒,松齡翠軒,housingEstate,松齡翠軒,,,,,,1,true
金軒商業大廈,金軒商業大廈,housingEstate,金軒商業大廈,,,,,,1,true
金陵閣商業中心,金陵閣商業中心,housingEstate,金陵閣商業中心,,,,,,1,true
基督教家庭服務中心和悅軒-精神健康綜合社區中心,基督教家庭服務中心和悅軒-精神健康綜合社區中心,housingEstate,基督教家庭服務中心和悅軒-精神健康綜合社區中心,,,,,,1,true
西貢苑,西貢苑,housingEstate,西貢苑,,,,,,1,true
西貢苑 (前稱),西貢苑 (前稱),housingEstate,西貢苑 (前稱),,,,,,1,true
PARKNSHOP 西貢苑,PARKNSHOP 西貢苑,housingEstate,PARKNSHOP 西貢苑,,,,,,1,true
西貢苑A座 (前稱),西貢苑A座 (前稱),housingEstate,西貢苑A座 (前稱),,,,,,1,true
西貢苑B座 (前稱),西貢苑B座 (前稱),housingEstate,西貢苑B座 (前稱),,,,,,1,true
西貢苑C座 (前稱),西貢苑C座 (前稱),housingEstate,西貢苑C座 (前稱),,,,,,1,true
西貢苑D座 (前稱),西貢苑D座 (前稱),housingEstate,西貢苑D座 (前稱),,,,,,1,true
西貢苑E座 (前稱),西貢苑E座 (前稱),housingEstate,西貢苑E座 (前稱),,,,,,1,true
西貢苑F座 (前稱),西貢苑F座 (前稱),housingEstate,西貢苑F座 (前稱),,,,,,1,true
Wi-Fi.HK 熱點位置: 南山(西貢)村公所,Wi-Fi.HK 熱點位置: 南山(西貢)村公所,housingEstate,Wi-Fi.HK 熱點位置: 南山(西貢)村公所,,,,,,1,true
Wi-Fi.HK 熱點位置: 北港(西貢)村公所,Wi-Fi.HK 熱點位置: 北港(西貢)村公所,housingEstate,Wi-Fi.HK 熱點位置: 北港(西貢)村公所,,,,,,1,true
Wi-Fi.HK 熱點位置: 白腊(西貢)村公所,Wi-Fi.HK 熱點位置: 白腊(西貢)村公所,housingEstate,Wi-Fi.HK 熱點位置: 白腊(西貢)村公所,,,,,,1,true
Wi-Fi.HK 熱點位置: 北圍(西貢)村公所,Wi-Fi.HK 熱點位置: 北圍(西貢)村公所,housingEstate,Wi-Fi.HK 熱點位置: 北圍(西貢)村公所,,,,,,1,true
Wi-Fi.HK 熱點位置: 滘西新村(西貢)村公所,Wi-Fi.HK 熱點位置: 滘西新村(西貢)村公所,housingEstate,Wi-Fi.HK 熱點位置: 滘西新村(西貢)村公所,,,,,,1,true
疊翠軒,疊翠軒,housingEstate,疊翠軒,,,,,,1,true
康蘭居 (前稱),康蘭居 (前稱),housingEstate,康蘭居 (前稱),,,,,,1,true
加林閣,加林閣,housingEstate,加林閣,,,,,,1,true
翡翠閣,翡翠閣,housingEstate,翡翠閣,,,,,,1,true
豐景閣,豐景閣,housingEstate,豐景閣,,,,,,1,true
滿禾軒,滿禾軒,housingEstate,滿禾軒,,,,,,1,true
海欣花園第一座,海欣花園第一座,housingEstate,海欣花園第一座,,,,,,1,true
君悅軒,君悅軒,housingEstate,君悅軒,,,,,,1,true
全麗花園,全麗花園,housingEstate,全麗花園,,,,,,1,true
全麗花園第一座,全麗花園第一座,housingEstate,全麗花園第一座,,,,,,1,true
全麗花園第十座,全麗花園第十座,housingEstate,全麗花園第十座,,,,,,1,true
全麗花園第十一座,全麗花園第十一座,housingEstate,全麗花園第十一座,,,,,,1,true
全麗花園第十二座,全麗花園第十二座,housingEstate,全麗花園第十二座,,,,,,1,true
全麗花園第十三座,全麗花園第十三座,housingEstate,全麗花園第十三座,,,,,,1,true
全麗花園第十三A座,全麗花園第十三A座,housingEstate,全麗花園第十三A座,,,,,,1,true
全麗花園第十五座,全麗花園第十五座,housingEstate,全麗花園第十五座,,,,,,1,true
全麗花園第十六座,全麗花園第十六座,housingEstate,全麗花園第十六座,,,,,,1,true
全麗花園第十七座,全麗花園第十七座,housingEstate,全麗花園第十七座,,,,,,1,true
全麗花園第十八座,全麗花園第十八座,housingEstate,全麗花園第十八座,,,,,,1,true
全麗花園第十九座,全麗花園第十九座,housingEstate,全麗花園第十九座,,,,,,1,true
全麗花園第二座,全麗花園第二座,housingEstate,全麗花園第二座,,,,,,1,true
全麗花園第二十座,全麗花園第二十座,housingEstate,全麗花園第二十座,,,,,,1,true
全麗花園第二十一座,全麗花園第二十一座,housingEstate,全麗花園第二十一座,,,,,,1,true
全麗花園第二十二座,全麗花園第二十二座,housingEstate,全麗花園第二十二座,,,,,,1,true
全麗花園第二十三座,全麗花園第二十三座,housingEstate,全麗花園第二十三座,,,,,,1,true
全麗花園第三座,全麗花園第三座,housingEstate,全麗花園第三座,,,,,,1,true
全麗花園第四座,全麗花園第四座,housingEstate,全麗花園第四座,,,,,,1,true
全麗花園第五座,全麗花園第五座,housingEstate,全麗花園第五座,,,,,,1,true
全麗花園第六座,全麗花園第六座,housingEstate,全麗花園第六座,,,,,,1,true
全麗花園第七座,全麗花園第七座,housingEstate,全麗花園第七座,,,,,,1,true
全麗花園第八座,全麗花園第八座,housingEstate,全麗花園第八座,,,,,,1,true
全麗花園第九座,全麗花園第九座,housingEstate,全麗花園第九座,,,,,,1,true
格蘭閣,格蘭閣,housingEstate,格蘭閣,,,,,,1,true
康澤花園A座,康澤花園A座,housingEstate,康澤花園A座,,,,,,1,true
康澤花園B座,康澤花園B座,housingEstate,康澤花園B座,,,,,,1,true
康澤花園C座,康澤花園C座,housingEstate,康澤花園C座,,,,,,1,true
康澤花園D座,康澤花園D座,housingEstate,康澤花園D座,,,,,,1,true
恩樂幫到您家居服務隊,恩樂幫到您家居服務隊,housingEstate,恩樂幫到您家居服務隊,,,,,,1,true
康澤花園,康澤花園,housingEstate,康澤花園,,,,,,1,true
Wi-Fi.HK 熱點位置: McCafe - 康澤花園,Wi-Fi.HK 熱點位置: McCafe - 康澤花園,housingEstate,Wi-Fi.HK 熱點位置: McCafe - 康澤花園,,,,,,1,true
Wi-Fi.HK 熱點位置: 麥當勞 - 康澤花園,Wi-Fi.HK 熱點位置: 麥當勞 - 康澤花園,housingEstate,Wi-Fi.HK 熱點位置: 麥當勞 - 康澤花園,,,,,,1,true
萬城閣,萬城閣,housingEstate,萬城閣,,,,,,1,true
城市花園第11座,城市花園第11座,housingEstate,城市花園第11座,,,,,,1,true
城市花園第12座,城市花園第12座,housingEstate,城市花園第12座,,,,,,1,true
城市花園第13座,城市花園第13座,housingEstate,城市花園第13座,,,,,,1,true
城市花園第14座,城市花園第14座,housingEstate,城市花園第14座,,,,,,1,true
城市花園第2座,城市花園第2座,housingEstate,城市花園第2座,,,,,,1,true
城市花園第3座,城市花園第3座,housingEstate,城市花園第3座,,,,,,1,true
城市花園第4座,城市花園第4座,housingEstate,城市花園第4座,,,,,,1,true
城市花園第6座,城市花園第6座,housingEstate,城市花園第6座,,,,,,1,true
城市花園第7座,城市花園第7座,housingEstate,城市花園第7座,,,,,,1,true
城市花園第8座,城市花園第8座,housingEstate,城市花園第8座,,,,,,1,true
城市花園第9座,城市花園第9座,housingEstate,城市花園第9座,,,,,,1,true
城市花園,城市花園,housingEstate,城市花園,,,,,,1,true
惠康超級市場-城市花園,惠康超級市場-城市花園,housingEstate,惠康超級市場-城市花園,,,,,,1,true
OK便利店-城市花園,OK便利店-城市花園,housingEstate,OK便利店-城市花園,,,,,,1,true
龍珠島花園1座,龍珠島花園1座,housingEstate,龍珠島花園1座,,,,,,1,true
龍珠島花園2座,龍珠島花園2座,housingEstate,龍珠島花園2座,,,,,,1,true
龍珠島花園3座,龍珠島花園3座,housingEstate,龍珠島花園3座,,,,,,1,true
龍珠島花園4座,龍珠島花園4座,housingEstate,龍珠島花園4座,,,,,,1,true
龍珠島花園5座,龍珠島花園5座,housingEstate,龍珠島花園5座,,,,,,1,true
龍珠島花園6座,龍珠島花園6座,housingEstate,龍珠島花園6座,,,,,,1,true
龍珠島花園7座,龍珠島花園7座,housingEstate,龍珠島花園7座,,,,,,1,true
龍珠島花園8座,龍珠島花園8座,housingEstate,龍珠島花園8座,,,,,,1,true
龍珠島花園9座,龍珠島花園9座,housingEstate,龍珠島花園9座,,,,,,1,true
龍珠島花園,龍珠島花園,housingEstate,龍珠島花園,,,,,,1,true
Island Residence,Island Residence,housingEstate,Island Residence,,,,,,1,true
皇朝閣,皇朝閣,housingEstate,皇朝閣,,,,,,1,true
皇冠閣,皇冠閣,housingEstate,皇冠閣,,,,,,1,true
蘭芳閣,蘭芳閣,housingEstate,蘭芳閣,,,,,,1,true
帝景閣,帝景閣,housingEstate,帝景閣,,,,,,1,true
雍怡雅苑A1座,雍怡雅苑A1座,housingEstate,雍怡雅苑A1座,,,,,,1,true
雍怡雅苑A10座,雍怡雅苑A10座,housingEstate,雍怡雅苑A10座,,,,,,1,true
雍怡雅苑A11座,雍怡雅苑A11座,housingEstate,雍怡雅苑A11座,,,,,,1,true
雍怡雅苑A12座,雍怡雅苑A12座,housingEstate,雍怡雅苑A12座,,,,,,1,true
雍怡雅苑A13座,雍怡雅苑A13座,housingEstate,雍怡雅苑A13座,,,,,,1,true
雍怡雅苑A15座,雍怡雅苑A15座,housingEstate,雍怡雅苑A15座,,,,,,1,true
雍怡雅苑A16座,雍怡雅苑A16座,housingEstate,雍怡雅苑A16座,,,,,,1,true
雍怡雅苑A17座,雍怡雅苑A17座,housingEstate,雍怡雅苑A17座,,,,,,1,true
雍怡雅苑A18座,雍怡雅苑A18座,housingEstate,雍怡雅苑A18座,,,,,,1,true
雍怡雅苑A19座,雍怡雅苑A19座,housingEstate,雍怡雅苑A19座,,,,,,1,true
雍怡雅苑A2座,雍怡雅苑A2座,housingEstate,雍怡雅苑A2座,,,,,,1,true
雍怡雅苑A20座,雍怡雅苑A20座,housingEstate,雍怡雅苑A20座,,,,,,1,true
雍怡雅苑A21座,雍怡雅苑A21座,housingEstate,雍怡雅苑A21座,,,,,,1,true
雍怡雅苑A22座,雍怡雅苑A22座,housingEstate,雍怡雅苑A22座,,,,,,1,true
雍怡雅苑A23座,雍怡雅苑A23座,housingEstate,雍怡雅苑A23座,,,,,,1,true
雍怡雅苑A25座,雍怡雅苑A25座,housingEstate,雍怡雅苑A25座,,,,,,1,true
雍怡雅苑A3座,雍怡雅苑A3座,housingEstate,雍怡雅苑A3座,,,,,,1,true
雍怡雅苑A5座,雍怡雅苑A5座,housingEstate,雍怡雅苑A5座,,,,,,1,true
雍怡雅苑A6座,雍怡雅苑A6座,housingEstate,雍怡雅苑A6座,,,,,,1,true
雍怡雅苑A7座,雍怡雅苑A7座,housingEstate,雍怡雅苑A7座,,,,,,1,true
雍怡雅苑A8座,雍怡雅苑A8座,housingEstate,雍怡雅苑A8座,,,,,,1,true
雍怡雅苑A9座,雍怡雅苑A9座,housingEstate,雍怡雅苑A9座,,,,,,1,true
雍怡雅苑B1座,雍怡雅苑B1座,housingEstate,雍怡雅苑B1座,,,,,,1,true
雍怡雅苑B10座,雍怡雅苑B10座,housingEstate,雍怡雅苑B10座,,,,,,1,true
雍怡雅苑B11座,雍怡雅苑B11座,housingEstate,雍怡雅苑B11座,,,,,,1,true
雍怡雅苑B2座,雍怡雅苑B2座,housingEstate,雍怡雅苑B2座,,,,,,1,true
雍怡雅苑B3座,雍怡雅苑B3座,housingEstate,雍怡雅苑B3座,,,,,,1,true
雍怡雅苑B5座,雍怡雅苑B5座,housingEstate,雍怡雅苑B5座,,,,,,1,true
雍怡雅苑B6座,雍怡雅苑B6座,housingEstate,雍怡雅苑B6座,,,,,,1,true
雍怡雅苑B7座,雍怡雅苑B7座,housingEstate,雍怡雅苑B7座,,,,,,1,true
雍怡雅苑B8座,雍怡雅苑B8座,housingEstate,雍怡雅苑B8座,,,,,,1,true
雍怡雅苑B9座,雍怡雅苑B9座,housingEstate,雍怡雅苑B9座,,,,,,1,true
雍怡雅苑C1座,雍怡雅苑C1座,housingEstate,雍怡雅苑C1座,,,,,,1,true
雍怡雅苑C10座,雍怡雅苑C10座,housingEstate,雍怡雅苑C10座,,,,,,1,true
帝景台 (前稱),帝景台 (前稱),housingEstate,帝景台 (前稱),,,,,,1,true
聚龍居第1座,聚龍居第1座,housingEstate,聚龍居第1座,,,,,,1,true
聚龍居第11座,聚龍居第11座,housingEstate,聚龍居第11座,,,,,,1,true
聚龍居第12座,聚龍居第12座,housingEstate,聚龍居第12座,,,,,,1,true
聚龍居第2座,聚龍居第2座,housingEstate,聚龍居第2座,,,,,,1,true
聚龍居第3座,聚龍居第3座,housingEstate,聚龍居第3座,,,,,,1,true
聚龍居第5座,聚龍居第5座,housingEstate,聚龍居第5座,,,,,,1,true
聚龍居第6座,聚龍居第6座,housingEstate,聚龍居第6座,,,,,,1,true
聚龍居第7座,聚龍居第7座,housingEstate,聚龍居第7座,,,,,,1,true
聚龍居第8座,聚龍居第8座,housingEstate,聚龍居第8座,,,,,,1,true
聚龍居第9座,聚龍居第9座,housingEstate,聚龍居第9座,,,,,,1,true
VILLA ROYALE House 1,VILLA ROYALE House 1,housingEstate,VILLA ROYALE House 1,,,,,,1,true
VILLA ROYALE House 10,VILLA ROYALE House 10,housingEstate,VILLA ROYALE House 10,,,,,,1,true
VILLA ROYALE House 11,VILLA ROYALE House 11,housingEstate,VILLA ROYALE House 11,,,,,,1,true
VILLA ROYALE House 12,VILLA ROYALE House 12,housingEstate,VILLA ROYALE House 12,,,,,,1,true
VILLA ROYALE House 15,VILLA ROYALE House 15,housingEstate,VILLA ROYALE House 15,,,,,,1,true
VILLA ROYALE House 16,VILLA ROYALE House 16,housingEstate,VILLA ROYALE House 16,,,,,,1,true
VILLA ROYALE House 17,VILLA ROYALE House 17,housingEstate,VILLA ROYALE House 17,,,,,,1,true
VILLA ROYALE House 18,VILLA ROYALE House 18,housingEstate,VILLA ROYALE House 18,,,,,,1,true
VILLA ROYALE House 19,VILLA ROYALE House 19,housingEstate,VILLA ROYALE House 19,,,,,,1,true
VILLA ROYALE House 2,VILLA ROYALE House 2,housingEstate,VILLA ROYALE House 2,,,,,,1,true
VILLA ROYALE House 20,VILLA ROYALE House 20,housingEstate,VILLA ROYALE House 20,,,,,,1,true
VILLA ROYALE House 21,VILLA ROYALE House 21,housingEstate,VILLA ROYALE House 21,,,,,,1,true
VILLA ROYALE House 22,VILLA ROYALE House 22,housingEstate,VILLA ROYALE House 22,,,,,,1,true
VILLA ROYALE House 23,VILLA ROYALE House 23,housingEstate,VILLA ROYALE House 23,,,,,,1,true
VILLA ROYALE House 25,VILLA ROYALE House 25,housingEstate,VILLA ROYALE House 25,,,,,,1,true
VILLA ROYALE House 26,VILLA ROYALE House 26,housingEstate,VILLA ROYALE House 26,,,,,,1,true
VILLA ROYALE House 27,VILLA ROYALE House 27,housingEstate,VILLA ROYALE House 27,,,,,,1,true
VILLA ROYALE House 28,VILLA ROYALE House 28,housingEstate,VILLA ROYALE House 28,,,,,,1,true
VILLA ROYALE House 29,VILLA ROYALE House 29,housingEstate,VILLA ROYALE House 29,,,,,,1,true
VILLA ROYALE House 3,VILLA ROYALE House 3,housingEstate,VILLA ROYALE House 3,,,,,,1,true
VILLA ROYALE House 30,VILLA ROYALE House 30,housingEstate,VILLA ROYALE House 30,,,,,,1,true
VILLA ROYALE House 31,VILLA ROYALE House 31,housingEstate,VILLA ROYALE House 31,,,,,,1,true
VILLA ROYALE House 32,VILLA ROYALE House 32,housingEstate,VILLA ROYALE House 32,,,,,,1,true
VILLA ROYALE House 33,VILLA ROYALE House 33,housingEstate,VILLA ROYALE House 33,,,,,,1,true
VILLA ROYALE House 35,VILLA ROYALE House 35,housingEstate,VILLA ROYALE House 35,,,,,,1,true
VILLA ROYALE House 36,VILLA ROYALE House 36,housingEstate,VILLA ROYALE House 36,,,,,,1,true
VILLA ROYALE House 37,VILLA ROYALE House 37,housingEstate,VILLA ROYALE House 37,,,,,,1,true
VILLA ROYALE House 38,VILLA ROYALE House 38,housingEstate,VILLA ROYALE House 38,,,,,,1,true
VILLA ROYALE House 39,VILLA ROYALE House 39,housingEstate,VILLA ROYALE House 39,,,,,,1,true
VILLA ROYALE House 5,VILLA ROYALE House 5,housingEstate,VILLA ROYALE House 5,,,,,,1,true
VILLA ROYALE House 6,VILLA ROYALE House 6,housingEstate,VILLA ROYALE House 6,,,,,,1,true
VILLA ROYALE House 7,VILLA ROYALE House 7,housingEstate,VILLA ROYALE House 7,,,,,,1,true
VILLA ROYALE House 8,VILLA ROYALE House 8,housingEstate,VILLA ROYALE House 8,,,,,,1,true
VILLA ROYALE House 9,VILLA ROYALE House 9,housingEstate,VILLA ROYALE House 9,,,,,,1,true
Royal Garden Block A1,Royal Garden Block A1,housingEstate,Royal Garden Block A1,,,,,,1,true
Royal Garden Block A2,Royal Garden Block A2,housingEstate,Royal Garden Block A2,,,,,,1,true
Royal Garden Block A3,Royal Garden Block A3,housingEstate,Royal Garden Block A3,,,,,,1,true
Royal Garden Block A4,Royal Garden Block A4,housingEstate,Royal Garden Block A4,,,,,,1,true
Royal Garden Block A5,Royal Garden Block A5,housingEstate,Royal Garden Block A5,,,,,,1,true
Royal Garden Block B1,Royal Garden Block B1,housingEstate,Royal Garden Block B1,,,,,,1,true
Royal Garden Block B2,Royal Garden Block B2,housingEstate,Royal Garden Block B2,,,,,,1,true
Royal Garden Block B3,Royal Garden Block B3,housingEstate,Royal Garden Block B3,,,,,,1,true
Royal Garden Block B4,Royal Garden Block B4,housingEstate,Royal Garden Block B4,,,,,,1,true
Royal Garden Block B5,Royal Garden Block B5,housingEstate,Royal Garden Block B5,,,,,,1,true
Royal Garden Block C1,Royal Garden Block C1,housingEstate,Royal Garden Block C1,,,,,,1,true
Royal Garden Block C2,Royal Garden Block C2,housingEstate,Royal Garden Block C2,,,,,,1,true
Royal Garden Block C3,Royal Garden Block C3,housingEstate,Royal Garden Block C3,,,,,,1,true
Royal Garden Block C4,Royal Garden Block C4,housingEstate,Royal Garden Block C4,,,,,,1,true
Royal Garden Block C5,Royal Garden Block C5,housingEstate,Royal Garden Block C5,,,,,,1,true
Royal Garden Block C6,Royal Garden Block C6,housingEstate,Royal Garden Block C6,,,,,,1,true
Royal Garden House 1,Royal Garden House 1,housingEstate,Royal Garden House 1,,,,,,1,true
Royal Garden House 2,Royal Garden House 2,housingEstate,Royal Garden House 2,,,,,,1,true
Royal Garden House 3,Royal Garden House 3,housingEstate,Royal Garden House 3,,,,,,1,true
Royal Garden House 5,Royal Garden House 5,housingEstate,Royal Garden House 5,,,,,,1,true
THE ROYAL GARDEN KOWLOON EAST & VEGA SUITES,THE ROYAL GARDEN KOWLOON EAST & VEGA SUITES,housingEstate,THE ROYAL GARDEN KOWLOON EAST & VEGA SUITES,,,,,,1,true
騰黃閣,騰黃閣,housingEstate,騰黃閣,,,,,,1,true
悅己坊＜您的花園＞,悅己坊＜您的花園＞,housingEstate,悅己坊＜您的花園＞,,,,,,1,true
惠康超級市場-恒福花園,惠康超級市場-恒福花園,housingEstate,惠康超級市場-恒福花園,,,,,,1,true
裕豐花園,裕豐花園,housingEstate,裕豐花園,,,,,,1,true
新葵興花園老人日間護理中心,新葵興花園老人日間護理中心,housingEstate,新葵興花園老人日間護理中心,,,,,,1,true
油塘中心休憩花園,油塘中心休憩花園,housingEstate,油塘中心休憩花園,,,,,,1,true
泓景臺第二座,泓景臺第二座,housingEstate,泓景臺第二座,,,,,,1,true
泓景臺第三座,泓景臺第三座,housingEstate,泓景臺第三座,,,,,,1,true
泓景臺第六座,泓景臺第六座,housingEstate,泓景臺第六座,,,,,,1,true
泓景臺第七座,泓景臺第七座,housingEstate,泓景臺第七座,,,,,,1,true
泓景臺第八座,泓景臺第八座,housingEstate,泓景臺第八座,,,,,,1,true
嘉文花園第二座,嘉文花園第二座,housingEstate,嘉文花園第二座,,,,,,1,true
嘉文花園第三座,嘉文花園第三座,housingEstate,嘉文花園第三座,,,,,,1,true
樂年花園2座,樂年花園2座,housingEstate,樂年花園2座,,,,,,1,true
樂年花園3座,樂年花園3座,housingEstate,樂年花園3座,,,,,,1,true
樂年花園4座,樂年花園4座,housingEstate,樂年花園4座,,,,,,1,true
樂年花園6座,樂年花園6座,housingEstate,樂年花園6座,,,,,,1,true
樂年花園7座,樂年花園7座,housingEstate,樂年花園7座,,,,,,1,true
恒峰花園第1座,恒峰花園第1座,housingEstate,恒峰花園第1座,,,,,,1,true
恒峰花園第2座,恒峰花園第2座,housingEstate,恒峰花園第2座,,,,,,1,true
恒峰花園第3座,恒峰花園第3座,housingEstate,恒峰花園第3座,,,,,,1,true
翠塘花園第1座,翠塘花園第1座,housingEstate,翠塘花園第1座,,,,,,1,true
翠塘花園第11座,翠塘花園第11座,housingEstate,翠塘花園第11座,,,,,,1,true
翠塘花園第2座,翠塘花園第2座,housingEstate,翠塘花園第2座,,,,,,1,true
翠塘花園第3座,翠塘花園第3座,housingEstate,翠塘花園第3座,,,,,,1,true
翠塘花園第4座,翠塘花園第4座,housingEstate,翠塘花園第4座,,,,,,1,true
翠塘花園第5座,翠塘花園第5座,housingEstate,翠塘花園第5座,,,,,,1,true
翠塘花園第6座,翠塘花園第6座,housingEstate,翠塘花園第6座,,,,,,1,true
翠塘花園第7座,翠塘花園第7座,housingEstate,翠塘花園第7座,,,,,,1,true
翠塘花園第8座,翠塘花園第8座,housingEstate,翠塘花園第8座,,,,,,1,true
翠塘花園第9座,翠塘花園第9座,housingEstate,翠塘花園第9座,,,,,,1,true
麗都花園第1座,麗都花園第1座,housingEstate,麗都花園第1座,,,,,,1,true
麗都花園第2座,麗都花園第2座,housingEstate,麗都花園第2座,,,,,,1,true
麗都花園第3座,麗都花園第3座,housingEstate,麗都花園第3座,,,,,,1,true
麗都花園第4座,麗都花園第4座,housingEstate,麗都花園第4座,,,,,,1,true
麗都花園第5座,麗都花園第5座,housingEstate,麗都花園第5座,,,,,,1,true
海翠花園第一座,海翠花園第一座,housingEstate,海翠花園第一座,,,,,,1,true
美城花園大廈,美城花園大廈,housingEstate,美城花園大廈,,,,,,1,true
逸柏軒,逸柏軒,housingEstate,逸柏軒,,,,,,1,true
石門靈灰安置所及紀念花園靈灰安置所大樓,石門靈灰安置所及紀念花園靈灰安置所大樓,housingEstate,石門靈灰安置所及紀念花園靈灰安置所大樓,,,,,,1,true
季節花園 6,季節花園 6,housingEstate,季節花園 6,,,,,,1,true
惠康超級市場-富康花園,惠康超級市場-富康花園,housingEstate,惠康超級市場-富康花園,,,,,,1,true
天香花園大廈,天香花園大廈,housingEstate,天香花園大廈,,,,,,1,true
The Garden House,The Garden House,housingEstate,The Garden House,,,,,,1,true
BARBECUE GARDENS House 14,BARBECUE GARDENS House 14,housingEstate,BARBECUE GARDENS House 14,,,,,,1,true
BARBECUE GARDENS House 15,BARBECUE GARDENS House 15,housingEstate,BARBECUE GARDENS House 15,,,,,,1,true
BARBECUE GARDENS House 2,BARBECUE GARDENS House 2,housingEstate,BARBECUE GARDENS House 2,,,,,,1,true
BARBECUE GARDENS House 3,BARBECUE GARDENS House 3,housingEstate,BARBECUE GARDENS House 3,,,,,,1,true
BARBECUE GARDENS House 7,BARBECUE GARDENS House 7,housingEstate,BARBECUE GARDENS House 7,,,,,,1,true
BARBECUE GARDENS House 9,BARBECUE GARDENS House 9,housingEstate,BARBECUE GARDENS House 9,,,,,,1,true
碧荔花園2號屋,碧荔花園2號屋,housingEstate,碧荔花園2號屋,,,,,,1,true
碧荔花園3號屋,碧荔花園3號屋,housingEstate,碧荔花園3號屋,,,,,,1,true
碧荔花園4號屋,碧荔花園4號屋,housingEstate,碧荔花園4號屋,,,,,,1,true
碧荔花園6號屋,碧荔花園6號屋,housingEstate,碧荔花園6號屋,,,,,,1,true
碧荔花園7號屋,碧荔花園7號屋,housingEstate,碧荔花園7號屋,,,,,,1,true
碧荔花園8號屋,碧荔花園8號屋,housingEstate,碧荔花園8號屋,,,,,,1,true
Merry Garden House 1,Merry Garden House 1,housingEstate,Merry Garden House 1,,,,,,1,true
Merry Garden House 11,Merry Garden House 11,housingEstate,Merry Garden House 11,,,,,,1,true
Merry Garden House 12,Merry Garden House 12,housingEstate,Merry Garden House 12,,,,,,1,true
Merry Garden House 15,Merry Garden House 15,housingEstate,Merry Garden House 15,,,,,,1,true
Merry Garden House 16,Merry Garden House 16,housingEstate,Merry Garden House 16,,,,,,1,true
Merry Garden House 17,Merry Garden House 17,housingEstate,Merry Garden House 17,,,,,,1,true
Merry Garden House 18,Merry Garden House 18,housingEstate,Merry Garden House 18,,,,,,1,true
Merry Garden House 19,Merry Garden House 19,housingEstate,Merry Garden House 19,,,,,,1,true
Merry Garden House 2,Merry Garden House 2,housingEstate,Merry Garden House 2,,,,,,1,true
Merry Garden House 20,Merry Garden House 20,housingEstate,Merry Garden House 20,,,,,,1,true
Merry Garden House 21,Merry Garden House 21,housingEstate,Merry Garden House 21,,,,,,1,true
Merry Garden House 22,Merry Garden House 22,housingEstate,Merry Garden House 22,,,,,,1,true
Merry Garden House 23,Merry Garden House 23,housingEstate,Merry Garden House 23,,,,,,1,true
Merry Garden House 25,Merry Garden House 25,housingEstate,Merry Garden House 25,,,,,,1,true
Merry Garden House 26,Merry Garden House 26,housingEstate,Merry Garden House 26,,,,,,1,true
Merry Garden House 27,Merry Garden House 27,housingEstate,Merry Garden House 27,,,,,,1,true
Merry Garden House 28,Merry Garden House 28,housingEstate,Merry Garden House 28,,,,,,1,true
Merry Garden House 29,Merry Garden House 29,housingEstate,Merry Garden House 29,,,,,,1,true
Merry Garden House 3,Merry Garden House 3,housingEstate,Merry Garden House 3,,,,,,1,true
Merry Garden House 30,Merry Garden House 30,housingEstate,Merry Garden House 30,,,,,,1,true
Merry Garden House 31,Merry Garden House 31,housingEstate,Merry Garden House 31,,,,,,1,true
Merry Garden House 32,Merry Garden House 32,housingEstate,Merry Garden House 32,,,,,,1,true
Merry Garden House 33,Merry Garden House 33,housingEstate,Merry Garden House 33,,,,,,1,true
Merry Garden House 35,Merry Garden House 35,housingEstate,Merry Garden House 35,,,,,,1,true
Merry Garden House 36,Merry Garden House 36,housingEstate,Merry Garden House 36,,,,,,1,true
Merry Garden House 37,Merry Garden House 37,housingEstate,Merry Garden House 37,,,,,,1,true
Merry Garden House 38,Merry Garden House 38,housingEstate,Merry Garden House 38,,,,,,1,true
Merry Garden House 39,Merry Garden House 39,housingEstate,Merry Garden House 39,,,,,,1,true
Merry Garden House 40,Merry Garden House 40,housingEstate,Merry Garden House 40,,,,,,1,true
Merry Garden House 41,Merry Garden House 41,housingEstate,Merry Garden House 41,,,,,,1,true
Merry Garden House 42,Merry Garden House 42,housingEstate,Merry Garden House 42,,,,,,1,true
Merry Garden House 43,Merry Garden House 43,housingEstate,Merry Garden House 43,,,,,,1,true
祈德尊新邨,祈德尊新邨,housingEstate,祈德尊新邨,,,,,,1,true
祈德尊新邨A座,祈德尊新邨A座,housingEstate,祈德尊新邨A座,,,,,,1,true
祈德尊新邨B座,祈德尊新邨B座,housingEstate,祈德尊新邨B座,,,,,,1,true
花園大廈浸信會,花園大廈浸信會,housingEstate,花園大廈浸信會,,,,,,1,true
白田邨7至8期平台花園籃球場旁,白田邨7至8期平台花園籃球場旁,housingEstate,白田邨7至8期平台花園籃球場旁,,,,,,1,true
景山閣,景山閣,housingEstate,景山閣,,,,,,1,true
卜公花園 - 排球場側,卜公花園 - 排球場側,housingEstate,卜公花園 - 排球場側,,,,,,1,true
紫荊閣,紫荊閣,housingEstate,紫荊閣,,,,,,1,true
富慧閣,富慧閣,housingEstate,富慧閣,,,,,,1,true
嘉富閣,嘉富閣,housingEstate,嘉富閣,,,,,,1,true
豪富閣,豪富閣,housingEstate,豪富閣,,,,,,1,true
銀禧閣,銀禧閣,housingEstate,銀禧閣,,,,,,1,true
倫敦閣,倫敦閣,housingEstate,倫敦閣,,,,,,1,true
巴黎閣,巴黎閣,housingEstate,巴黎閣,,,,,,1,true
牡丹閣,牡丹閣,housingEstate,牡丹閣,,,,,,1,true
羅馬閣,羅馬閣,housingEstate,羅馬閣,,,,,,1,true
威尼斯閣,威尼斯閣,housingEstate,威尼斯閣,,,,,,1,true
維也納閣,維也納閣,housingEstate,維也納閣,,,,,,1,true
桃李閣,桃李閣,housingEstate,桃李閣,,,,,,1,true
雅碧閣,雅碧閣,housingEstate,雅碧閣,,,,,,1,true
百利閣,百利閣,housingEstate,百利閣,,,,,,1,true
金蘭閣,金蘭閣,housingEstate,金蘭閣,,,,,,1,true
都美閣,都美閣,housingEstate,都美閣,,,,,,1,true
怡景閣,怡景閣,housingEstate,怡景閣,,,,,,1,true
嘉麗閣,嘉麗閣,housingEstate,嘉麗閣,,,,,,1,true
峯景閣,峯景閣,housingEstate,峯景閣,,,,,,1,true
雅芝閣,雅芝閣,housingEstate,雅芝閣,,,,,,1,true
翠栢閣,翠栢閣,housingEstate,翠栢閣,,,,,,1,true
上李屋花園 - 近排球場,上李屋花園 - 近排球場,housingEstate,上李屋花園 - 近排球場,,,,,,1,true
福熹閣,福熹閣,housingEstate,福熹閣,,,,,,1,true
福祺閣,福祺閣,housingEstate,福祺閣,,,,,,1,true
福兆閣,福兆閣,housingEstate,福兆閣,,,,,,1,true
富邦閣,富邦閣,housingEstate,富邦閣,,,,,,1,true
富達閣,富達閣,housingEstate,富達閣,,,,,,1,true
富嘉閣,富嘉閣,housingEstate,富嘉閣,,,,,,1,true
康智閣,康智閣,housingEstate,康智閣,,,,,,1,true
康民閣,康民閣,housingEstate,康民閣,,,,,,1,true
康誠閣,康誠閣,housingEstate,康誠閣,,,,,,1,true
康信閣,康信閣,housingEstate,康信閣,,,,,,1,true
康仁閣,康仁閣,housingEstate,康仁閣,,,,,,1,true
寶龍閣,寶龍閣,housingEstate,寶龍閣,,,,,,1,true
太白閣,太白閣,housingEstate,太白閣,,,,,,1,true
金華閣,金華閣,housingEstate,金華閣,,,,,,1,true
金寧閣,金寧閣,housingEstate,金寧閣,,,,,,1,true
金冠閣,金冠閣,housingEstate,金冠閣,,,,,,1,true
金福閣,金福閣,housingEstate,金福閣,,,,,,1,true
金滿閣,金滿閣,housingEstate,金滿閣,,,,,,1,true
金輝閣,金輝閣,housingEstate,金輝閣,,,,,,1,true
金祥閣,金祥閣,housingEstate,金祥閣,,,,,,1,true
金豐閣,金豐閣,housingEstate,金豐閣,,,,,,1,true
宏景花園綜合大樓,宏景花園綜合大樓,housingEstate,宏景花園綜合大樓,,,,,,1,true
迦南幼兒園(黃埔花園),迦南幼兒園(黃埔花園),housingEstate,迦南幼兒園(黃埔花園),,,,,,1,true
PARKNSHOP 翠怡花園,PARKNSHOP 翠怡花園,housingEstate,PARKNSHOP 翠怡花園,,,,,,1,true
南丁格爾居家康護有限公司,南丁格爾居家康護有限公司,housingEstate,南丁格爾居家康護有限公司,,,,,,1,true
紫雲間家居服務隊,紫雲間家居服務隊,housingEstate,紫雲間家居服務隊,,,,,,1,true
愉景灣壁如台,愉景灣壁如台,housingEstate,愉景灣壁如台,,,,,,1,true
富昌閣,富昌閣,housingEstate,富昌閣,,,,,,1,true
貴昌閣,貴昌閣,housingEstate,貴昌閣,,,,,,1,true
華昌閣,華昌閣,housingEstate,華昌閣,,,,,,1,true
榮昌閣,榮昌閣,housingEstate,榮昌閣,,,,,,1,true
福來閣,福來閣,housingEstate,福來閣,,,,,,1,true
百利居,百利居,housingEstate,百利居,,,,,,1,true
怡發花園,怡發花園,housingEstate,怡發花園,,,,,,1,true
多福苑,多福苑,housingEstate,多福苑,,,,,,1,true
福運花園,福運花園,housingEstate,福運花園,,,,,,1,true
雅景花園A1座,雅景花園A1座,housingEstate,雅景花園A1座,,,,,,1,true
雅景花園A11座,雅景花園A11座,housingEstate,雅景花園A11座,,,,,,1,true
雅景花園A12座,雅景花園A12座,housingEstate,雅景花園A12座,,,,,,1,true
雅景花園A13座,雅景花園A13座,housingEstate,雅景花園A13座,,,,,,1,true
雅景花園A14座,雅景花園A14座,housingEstate,雅景花園A14座,,,,,,1,true
雅景花園A15座,雅景花園A15座,housingEstate,雅景花園A15座,,,,,,1,true
雅景花園A16座,雅景花園A16座,housingEstate,雅景花園A16座,,,,,,1,true
雅景花園A17座,雅景花園A17座,housingEstate,雅景花園A17座,,,,,,1,true
雅景花園A18座,雅景花園A18座,housingEstate,雅景花園A18座,,,,,,1,true
雅景花園A19座,雅景花園A19座,housingEstate,雅景花園A19座,,,,,,1,true
雅景花園A2座,雅景花園A2座,housingEstate,雅景花園A2座,,,,,,1,true
雅景花園A20座,雅景花園A20座,housingEstate,雅景花園A20座,,,,,,1,true
雅景花園A21座,雅景花園A21座,housingEstate,雅景花園A21座,,,,,,1,true
雅景花園A22座,雅景花園A22座,housingEstate,雅景花園A22座,,,,,,1,true
雅景花園A23座,雅景花園A23座,housingEstate,雅景花園A23座,,,,,,1,true
雅景花園A24座,雅景花園A24座,housingEstate,雅景花園A24座,,,,,,1,true
雅景花園A25座,雅景花園A25座,housingEstate,雅景花園A25座,,,,,,1,true
雅景花園A26座,雅景花園A26座,housingEstate,雅景花園A26座,,,,,,1,true
雅景花園A27座,雅景花園A27座,housingEstate,雅景花園A27座,,,,,,1,true
雅景花園A28座,雅景花園A28座,housingEstate,雅景花園A28座,,,,,,1,true
雅景花園A29座,雅景花園A29座,housingEstate,雅景花園A29座,,,,,,1,true
雅景花園A3座,雅景花園A3座,housingEstate,雅景花園A3座,,,,,,1,true
雅景花園A30座,雅景花園A30座,housingEstate,雅景花園A30座,,,,,,1,true
雅景花園A31座,雅景花園A31座,housingEstate,雅景花園A31座,,,,,,1,true
雅景花園A4座,雅景花園A4座,housingEstate,雅景花園A4座,,,,,,1,true
雅景花園A6座,雅景花園A6座,housingEstate,雅景花園A6座,,,,,,1,true
雅景花園A7座,雅景花園A7座,housingEstate,雅景花園A7座,,,,,,1,true
雅景花園A8座,雅景花園A8座,housingEstate,雅景花園A8座,,,,,,1,true
雅景花園A9座,雅景花園A9座,housingEstate,雅景花園A9座,,,,,,1,true
雅景花園B1座,雅景花園B1座,housingEstate,雅景花園B1座,,,,,,1,true
雅景花園B2座,雅景花園B2座,housingEstate,雅景花園B2座,,,,,,1,true
雅景花園B3座,雅景花園B3座,housingEstate,雅景花園B3座,,,,,,1,true
雅景花園B4座,雅景花園B4座,housingEstate,雅景花園B4座,,,,,,1,true
雅景花園B6座,雅景花園B6座,housingEstate,雅景花園B6座,,,,,,1,true
廣福苑,廣福苑,housingEstate,廣福苑,,,,,,1,true
蘭翠苑,蘭翠苑,housingEstate,蘭翠苑,,,,,,1,true
幸福邨,幸福邨,housingEstate,幸福邨,,,,,,1,true
幸福邨福月樓,幸福邨福月樓,housingEstate,幸福邨福月樓,,,,,,1,true
幸福邨停車場,幸福邨停車場,housingEstate,幸福邨停車場,,,,,,1,true
PARKNSHOP 幸福邨,PARKNSHOP 幸福邨,housingEstate,PARKNSHOP 幸福邨,,,,,,1,true
幸福邨(流動圖書館二),幸福邨(流動圖書館二),housingEstate,幸福邨(流動圖書館二),,,,,,1,true
Wi-Fi.HK 熱點位置: 幸福邨,Wi-Fi.HK 熱點位置: 幸福邨,housingEstate,Wi-Fi.HK 熱點位置: 幸福邨,,,,,,1,true
雅景花園,雅景花園,housingEstate,雅景花園,,,,,,1,true
雅景花園B7座,雅景花園B7座,housingEstate,雅景花園B7座,,,,,,1,true
雅景花園B8座,雅景花園B8座,housingEstate,雅景花園B8座,,,,,,1,true
雅景花園C1座,雅景花園C1座,housingEstate,雅景花園C1座,,,,,,1,true
雅景花園C11座,雅景花園C11座,housingEstate,雅景花園C11座,,,,,,1,true
雅景花園C12座,雅景花園C12座,housingEstate,雅景花園C12座,,,,,,1,true
雅景花園C13座,雅景花園C13座,housingEstate,雅景花園C13座,,,,,,1,true
雅景花園C14座,雅景花園C14座,housingEstate,雅景花園C14座,,,,,,1,true
雅景花園C15座,雅景花園C15座,housingEstate,雅景花園C15座,,,,,,1,true
雅景花園C16座,雅景花園C16座,housingEstate,雅景花園C16座,,,,,,1,true
富貴閣,富貴閣,housingEstate,富貴閣,,,,,,1,true
富麗閣,富麗閣,housingEstate,富麗閣,,,,,,1,true
幸運閣,幸運閣,housingEstate,幸運閣,,,,,,1,true
盈富閣,盈富閣,housingEstate,盈富閣,,,,,,1,true
福全閣,福全閣,housingEstate,福全閣,,,,,,1,true
福祥閣,福祥閣,housingEstate,福祥閣,,,,,,1,true
福蔭閣,福蔭閣,housingEstate,福蔭閣,,,,,,1,true
福駿閣,福駿閣,housingEstate,福駿閣,,,,,,1,true
蘭翠苑 (前稱),蘭翠苑 (前稱),housingEstate,蘭翠苑 (前稱),,,,,,1,true
萬盛閣第一座,萬盛閣第一座,housingEstate,萬盛閣第一座,,,,,,1,true
萬盛閣第二座,萬盛閣第二座,housingEstate,萬盛閣第二座,,,,,,1,true
駿發花園第1座,駿發花園第1座,housingEstate,駿發花園第1座,,,,,,1,true
駿發花園第2座,駿發花園第2座,housingEstate,駿發花園第2座,,,,,,1,true
駿發花園第3座,駿發花園第3座,housingEstate,駿發花園第3座,,,,,,1,true
駿發花園第4座,駿發花園第4座,housingEstate,駿發花園第4座,,,,,,1,true
駿發花園第5座,駿發花園第5座,housingEstate,駿發花園第5座,,,,,,1,true
盛境居1座,盛境居1座,housingEstate,盛境居1座,,,,,,1,true
盛境居2座,盛境居2座,housingEstate,盛境居2座,,,,,,1,true
高盛臺第一座,高盛臺第一座,housingEstate,高盛臺第一座,,,,,,1,true
高盛臺第二座,高盛臺第二座,housingEstate,高盛臺第二座,,,,,,1,true
廣興閣,廣興閣,housingEstate,廣興閣,,,,,,1,true
萬盛閣,萬盛閣,housingEstate,萬盛閣,,,,,,1,true
駿發花園,駿發花園,housingEstate,駿發花園,,,,,,1,true
嘉富臺,嘉富臺,housingEstate,嘉富臺,,,,,,1,true
盛境居,盛境居,housingEstate,盛境居,,,,,,1,true
高盛臺,高盛臺,housingEstate,高盛臺,,,,,,1,true
高盛臺2座,高盛臺2座,housingEstate,高盛臺2座,,,,,,1,true
惠康超級市場-駿發花園,惠康超級市場-駿發花園,housingEstate,惠康超級市場-駿發花園,,,,,,1,true
駿發花園浸信會,駿發花園浸信會,housingEstate,駿發花園浸信會,,,,,,1,true
Wi-Fi.HK 熱點位置: 麥當勞 - 駿發花園,Wi-Fi.HK 熱點位置: 麥當勞 - 駿發花園,housingEstate,Wi-Fi.HK 熱點位置: 麥當勞 - 駿發花園,,,,,,1,true
惠康超級市場-萬盛閣,惠康超級市場-萬盛閣,housingEstate,惠康超級市場-萬盛閣,,,,,,1,true
Wi-Fi.HK 熱點位置: 麥當勞 - 萬勝閣,Wi-Fi.HK 熱點位置: 麥當勞 - 萬勝閣,housingEstate,Wi-Fi.HK 熱點位置: 麥當勞 - 萬勝閣,,,,,,1,true
東華三院樂康軒,東華三院樂康軒,housingEstate,東華三院樂康軒,,,,,,1,true
寶馬山花園6座,寶馬山花園6座,housingEstate,寶馬山花園6座,,,,,,1,true
寶馬山花園7座,寶馬山花園7座,housingEstate,寶馬山花園7座,,,,,,1,true
寶馬山花園8座,寶馬山花園8座,housingEstate,寶馬山花園8座,,,,,,1,true
寶馬山花園9座,寶馬山花園9座,housingEstate,寶馬山花園9座,,,,,,1,true
海琴軒第10座,海琴軒第10座,housingEstate,海琴軒第10座,,,,,,1,true
海琴軒第7座,海琴軒第7座,housingEstate,海琴軒第7座,,,,,,1,true
海琴軒第8座,海琴軒第8座,housingEstate,海琴軒第8座,,,,,,1,true
海琴軒第9座,海琴軒第9座,housingEstate,海琴軒第9座,,,,,,1,true
浪琴軒第1座,浪琴軒第1座,housingEstate,浪琴軒第1座,,,,,,1,true
浪琴軒第2座,浪琴軒第2座,housingEstate,浪琴軒第2座,,,,,,1,true
浪琴軒第3座,浪琴軒第3座,housingEstate,浪琴軒第3座,,,,,,1,true
浪琴軒第5座,浪琴軒第5座,housingEstate,浪琴軒第5座,,,,,,1,true
浪琴軒第6座,浪琴軒第6座,housingEstate,浪琴軒第6座,,,,,,1,true
悅福花園,悅福花園,housingEstate,悅福花園,,,,,,1,true
寶馬山花園,寶馬山花園,housingEstate,寶馬山花園,,,,,,1,true
浪琴軒會所,浪琴軒會所,housingEstate,浪琴軒會所,,,,,,1,true
高登閣,高登閣,housingEstate,高登閣,,,,,,1,true
金獅花園,金獅花園,housingEstate,金獅花園,,,,,,1,true
金康閣,金康閣,housingEstate,金康閣,,,,,,1,true
金貴閣,金貴閣,housingEstate,金貴閣,,,,,,1,true
金安閣,金安閣,housingEstate,金安閣,,,,,,1,true
金富閣,金富閣,housingEstate,金富閣,,,,,,1,true
金煌閣,金煌閣,housingEstate,金煌閣,,,,,,1,true
金達閣,金達閣,housingEstate,金達閣,,,,,,1,true
黃金閣,黃金閣,housingEstate,黃金閣,,,,,,1,true
瑞霞花園,瑞霞花園,housingEstate,瑞霞花園,,,,,,1,true
秀芳花園,秀芳花園,housingEstate,秀芳花園,,,,,,1,true
富銀花園,富銀花園,housingEstate,富銀花園,,,,,,1,true
銀泉臺,銀泉臺,housingEstate,銀泉臺,,,,,,1,true
銀星苑,銀星苑,housingEstate,銀星苑,,,,,,1,true
瑞霞花園1座,瑞霞花園1座,housingEstate,瑞霞花園1座,,,,,,1,true
瑞霞花園3座,瑞霞花園3座,housingEstate,瑞霞花園3座,,,,,,1,true
銀灣花園G座,銀灣花園G座,housingEstate,銀灣花園G座,,,,,,1,true
銀灣花園H座,銀灣花園H座,housingEstate,銀灣花園H座,,,,,,1,true
富銀花園（三期）,富銀花園（三期）,housingEstate,富銀花園（三期）,,,,,,1,true
富銀花園第三期,富銀花園第三期,housingEstate,富銀花園第三期,,,,,,1,true
梅窩銀河花園,梅窩銀河花園,housingEstate,梅窩銀河花園,,,,,,1,true
瑞霞花園10座,瑞霞花園10座,housingEstate,瑞霞花園10座,,,,,,1,true
瑞霞花園11座,瑞霞花園11座,housingEstate,瑞霞花園11座,,,,,,1,true
瑞霞花園2座,瑞霞花園2座,housingEstate,瑞霞花園2座,,,,,,1,true
瑞霞花園7座,瑞霞花園7座,housingEstate,瑞霞花園7座,,,,,,1,true
瑞霞花園8座,瑞霞花園8座,housingEstate,瑞霞花園8座,,,,,,1,true
富銀花園一座,富銀花園一座,housingEstate,富銀花園一座,,,,,,1,true
富銀花園十座,富銀花園十座,housingEstate,富銀花園十座,,,,,,1,true
富銀花園十一座,富銀花園十一座,housingEstate,富銀花園十一座,,,,,,1,true
富銀花園十二座,富銀花園十二座,housingEstate,富銀花園十二座,,,,,,1,true
富銀花園十三座,富銀花園十三座,housingEstate,富銀花園十三座,,,,,,1,true
富銀花園十四座,富銀花園十四座,housingEstate,富銀花園十四座,,,,,,1,true
富銀花園十五座,富銀花園十五座,housingEstate,富銀花園十五座,,,,,,1,true
富銀花園十六座,富銀花園十六座,housingEstate,富銀花園十六座,,,,,,1,true
富銀花園十七座,富銀花園十七座,housingEstate,富銀花園十七座,,,,,,1,true
富銀花園十八座,富銀花園十八座,housingEstate,富銀花園十八座,,,,,,1,true
富銀花園十九座,富銀花園十九座,housingEstate,富銀花園十九座,,,,,,1,true
富銀花園二座,富銀花園二座,housingEstate,富銀花園二座,,,,,,1,true
富銀花園二十座,富銀花園二十座,housingEstate,富銀花園二十座,,,,,,1,true
富銀花園二十一座,富銀花園二十一座,housingEstate,富銀花園二十一座,,,,,,1,true
富銀花園二十二座,富銀花園二十二座,housingEstate,富銀花園二十二座,,,,,,1,true
富銀花園二十三座,富銀花園二十三座,housingEstate,富銀花園二十三座,,,,,,1,true
富銀花園三座,富銀花園三座,housingEstate,富銀花園三座,,,,,,1,true
富銀花園四座,富銀花園四座,housingEstate,富銀花園四座,,,,,,1,true
富銀花園五座,富銀花園五座,housingEstate,富銀花園五座,,,,,,1,true
富銀花園六座,富銀花園六座,housingEstate,富銀花園六座,,,,,,1,true
富銀花園七座,富銀花園七座,housingEstate,富銀花園七座,,,,,,1,true
富銀花園八座,富銀花園八座,housingEstate,富銀花園八座,,,,,,1,true
富銀花園九座,富銀花園九座,housingEstate,富銀花園九座,,,,,,1,true
梅窩銀河花園 (2區) (指定位置),梅窩銀河花園 (2區) (指定位置),housingEstate,梅窩銀河花園 (2區) (指定位置),,,,,,1,true
瑞華閣,瑞華閣,housingEstate,瑞華閣,,,,,,1,true
摘星閣第1座,摘星閣第1座,housingEstate,摘星閣第1座,,,,,,1,true
摘星閣第10座,摘星閣第10座,housingEstate,摘星閣第10座,,,,,,1,true
摘星閣第11座,摘星閣第11座,housingEstate,摘星閣第11座,,,,,,1,true
摘星閣第2座,摘星閣第2座,housingEstate,摘星閣第2座,,,,,,1,true
摘星閣第3座,摘星閣第3座,housingEstate,摘星閣第3座,,,,,,1,true
摘星閣第4座,摘星閣第4座,housingEstate,摘星閣第4座,,,,,,1,true
摘星閣第5座,摘星閣第5座,housingEstate,摘星閣第5座,,,,,,1,true
摘星閣第6座,摘星閣第6座,housingEstate,摘星閣第6座,,,,,,1,true
摘星閣第7座,摘星閣第7座,housingEstate,摘星閣第7座,,,,,,1,true
摘星閣第8座,摘星閣第8座,housingEstate,摘星閣第8座,,,,,,1,true
摘星閣第9座,摘星閣第9座,housingEstate,摘星閣第9座,,,,,,1,true
摘星閣,摘星閣,housingEstate,摘星閣,,,,,,1,true
Sky Garden,Sky Garden,housingEstate,Sky Garden,,,,,,1,true
長康邨康祥樓,長康邨康祥樓,housingEstate,長康邨康祥樓,,,,,,1,true
長康邨康平樓,長康邨康平樓,housingEstate,長康邨康平樓,,,,,,1,true
長康邨康榮樓,長康邨康榮樓,housingEstate,長康邨康榮樓,,,,,,1,true
慈康邨康健樓,慈康邨康健樓,housingEstate,慈康邨康健樓,,,,,,1,true
康泰閣,康泰閣,housingEstate,康泰閣,,,,,,1,true
康樂閣,康樂閣,housingEstate,康樂閣,,,,,,1,true
康福臺,康福臺,housingEstate,康福臺,,,,,,1,true
健康居,健康居,housingEstate,健康居,,,,,,1,true
康慧台,康慧台,housingEstate,康慧台,,,,,,1,true
康蘭苑,康蘭苑,housingEstate,康蘭苑,,,,,,1,true
康平閣,康平閣,housingEstate,康平閣,,,,,,1,true
煜康臺,煜康臺,housingEstate,煜康臺,,,,,,1,true
興康臺,興康臺,housingEstate,興康臺,,,,,,1,true
康祥閣,康祥閣,housingEstate,康祥閣,,,,,,1,true
PARKNSHOP-兆康苑,PARKNSHOP-兆康苑,housingEstate,PARKNSHOP-兆康苑,,,,,,1,true
Wi-Fi.HK 熱點位置: 麥當勞 - 博康邨,Wi-Fi.HK 熱點位置: 麥當勞 - 博康邨,housingEstate,Wi-Fi.HK 熱點位置: 麥當勞 - 博康邨,,,,,,1,true
Wi-Fi.HK 熱點位置: 麥當勞 - 兆康苑,Wi-Fi.HK 熱點位置: 麥當勞 - 兆康苑,housingEstate,Wi-Fi.HK 熱點位置: 麥當勞 - 兆康苑,,,,,,1,true
Wi-Fi.HK 熱點位置: 麥當勞 - 長康邨,Wi-Fi.HK 熱點位置: 麥當勞 - 長康邨,housingEstate,Wi-Fi.HK 熱點位置: 麥當勞 - 長康邨,,,,,,1,true
樂悠居復康中心(旺角分院),樂悠居復康中心(旺角分院),housingEstate,樂悠居復康中心(旺角分院),,,,,,1,true
泰康花園,泰康花園,housingEstate,泰康花園,,,,,,1,true
怡康花園A座,怡康花園A座,housingEstate,怡康花園A座,,,,,,1,true
怡康花園B座,怡康花園B座,housingEstate,怡康花園B座,,,,,,1,true
怡康花園C座,怡康花園C座,housingEstate,怡康花園C座,,,,,,1,true
怡康花園D座,怡康花園D座,housingEstate,怡康花園D座,,,,,,1,true
富康花園第二座,富康花園第二座,housingEstate,富康花園第二座,,,,,,1,true
富康花園第三座,富康花園第三座,housingEstate,富康花園第三座,,,,,,1,true
富康花園第四座,富康花園第四座,housingEstate,富康花園第四座,,,,,,1,true
富康花園第六座,富康花園第六座,housingEstate,富康花園第六座,,,,,,1,true
富康花園第七座,富康花園第七座,housingEstate,富康花園第七座,,,,,,1,true
富康花園第八座,富康花園第八座,housingEstate,富康花園第八座,,,,,,1,true
富康花園第九座,富康花園第九座,housingEstate,富康花園第九座,,,,,,1,true
賽馬會復康花園,賽馬會復康花園,housingEstate,賽馬會復康花園,,,,,,1,true
富康花園,富康花園,housingEstate,富康花園,,,,,,1,true
盈健醫務中心(富康花園),盈健醫務中心(富康花園),housingEstate,盈健醫務中心(富康花園),,,,,,1,true
怡康苑,怡康苑,housingEstate,怡康苑,,,,,,1,true
怡康苑1座,怡康苑1座,housingEstate,怡康苑1座,,,,,,1,true
怡康苑2座,怡康苑2座,housingEstate,怡康苑2座,,,,,,1,true
怡康苑3座,怡康苑3座,housingEstate,怡康苑3座,,,,,,1,true
怡康苑4座,怡康苑4座,housingEstate,怡康苑4座,,,,,,1,true
怡康苑5座,怡康苑5座,housingEstate,怡康苑5座,,,,,,1,true
怡康苑6座,怡康苑6座,housingEstate,怡康苑6座,,,,,,1,true
怡康苑7座,怡康苑7座,housingEstate,怡康苑7座,,,,,,1,true
怡康苑8座,怡康苑8座,housingEstate,怡康苑8座,,,,,,1,true
兆康苑,兆康苑,housingEstate,兆康苑,,,,,,1,true
葵康苑A座 (別稱),葵康苑A座 (別稱),housingEstate,葵康苑A座 (別稱),,,,,,1,true
葵康苑B座 (別稱),葵康苑B座 (別稱),housingEstate,葵康苑B座 (別稱),,,,,,1,true
兆康苑(流動圖書館三),兆康苑(流動圖書館三),housingEstate,兆康苑(流動圖書館三),,,,,,1,true
葵明閣,葵明閣,housingEstate,葵明閣,,,,,,1,true
葵逸閣,葵逸閣,housingEstate,葵逸閣,,,,,,1,true
兆昌閣,兆昌閣,housingEstate,兆昌閣,,,,,,1,true
兆俊閣,兆俊閣,housingEstate,兆俊閣,,,,,,1,true
兆暉閣,兆暉閣,housingEstate,兆暉閣,,,,,,1,true
兆恒閣,兆恒閣,housingEstate,兆恒閣,,,,,,1,true
兆豪閣,兆豪閣,housingEstate,兆豪閣,,,,,,1,true
兆基閣,兆基閣,housingEstate,兆基閣,,,,,,1,true
兆健閣,兆健閣,housingEstate,兆健閣,,,,,,1,true
兆傑閣,兆傑閣,housingEstate,兆傑閣,,,,,,1,true
兆麗閣,兆麗閣,housingEstate,兆麗閣,,,,,,1,true
兆樂閣,兆樂閣,housingEstate,兆樂閣,,,,,,1,true
兆寧閣,兆寧閣,housingEstate,兆寧閣,,,,,,1,true
兆平閣,兆平閣,housingEstate,兆平閣,,,,,,1,true
兆順閣,兆順閣,housingEstate,兆順閣,,,,,,1,true
兆新閣,兆新閣,housingEstate,兆新閣,,,,,,1,true
兆泰閣,兆泰閣,housingEstate,兆泰閣,,,,,,1,true
兆華閣,兆華閣,housingEstate,兆華閣,,,,,,1,true
兆偉閣,兆偉閣,housingEstate,兆偉閣,,,,,,1,true
兆榮閣,兆榮閣,housingEstate,兆榮閣,,,,,,1,true
兆欣閣,兆欣閣,housingEstate,兆欣閣,,,,,,1,true
兆賢閣,兆賢閣,housingEstate,兆賢閣,,,,,,1,true
泰康村,泰康村,housingEstate,泰康村,,,,,,1,true
博康邨管業處,博康邨管業處,housingEstate,博康邨管業處,,,,,,1,true
健康村,健康村,housingEstate,健康村,,,,,,1,true
長康邨,長康邨,housingEstate,長康邨,,,,,,1,true
博康邨,博康邨,housingEstate,博康邨,,,,,,1,true
慈康邨,慈康邨,housingEstate,慈康邨,,,,,,1,true
健康邨黃菊樓,健康邨黃菊樓,housingEstate,健康邨黃菊樓,,,,,,1,true
慈康邨物業服務辦事處,慈康邨物業服務辦事處,housingEstate,慈康邨物業服務辦事處,,,,,,1,true
房屋署長康邨辦事處,房屋署長康邨辦事處,housingEstate,房屋署長康邨辦事處,,,,,,1,true
健康村第三期,健康村第三期,housingEstate,健康村第三期,,,,,,1,true
PARKNSHOP 長康邨,PARKNSHOP 長康邨,housingEstate,PARKNSHOP 長康邨,,,,,,1,true
健康村遊樂場,健康村遊樂場,housingEstate,健康村遊樂場,,,,,,1,true
長康邨熟食檔,長康邨熟食檔,housingEstate,長康邨熟食檔,,,,,,1,true
博康邨熟食檔,博康邨熟食檔,housingEstate,博康邨熟食檔,,,,,,1,true
博康邨(流動圖書館二),博康邨(流動圖書館二),housingEstate,博康邨(流動圖書館二),,,,,,1,true
健康村第三期B座 (別稱),健康村第三期B座 (別稱),housingEstate,健康村第三期B座 (別稱),,,,,,1,true
健康村第三期C座 (別稱),健康村第三期C座 (別稱),housingEstate,健康村第三期C座 (別稱),,,,,,1,true
健康村第三期D座 (別稱),健康村第三期D座 (別稱),housingEstate,健康村第三期D座 (別稱),,,,,,1,true
健康村第三期E座 (別稱),健康村第三期E座 (別稱),housingEstate,健康村第三期E座 (別稱),,,,,,1,true
OK便利店-健康村,OK便利店-健康村,housingEstate,OK便利店-健康村,,,,,,1,true
健康村 I & II,健康村 I & II,housingEstate,健康村 I & II,,,,,,1,true
慈康邨物業服務辦事處 (前稱),慈康邨物業服務辦事處 (前稱),housingEstate,慈康邨物業服務辦事處 (前稱),,,,,,1,true
香港遊樂場協會賽馬會北角青少年綜合服務中心(健康村分處),香港遊樂場協會賽馬會北角青少年綜合服務中心(健康村分處),housingEstate,香港遊樂場協會賽馬會北角青少年綜合服務中心(健康村分處),,,,,,1,true
康勝閣,康勝閣,housingEstate,康勝閣,,,,,,1,true
駿康閣,駿康閣,housingEstate,駿康閣,,,,,,1,true
鴻康閣,鴻康閣,housingEstate,鴻康閣,,,,,,1,true
啓康閣,啓康閣,housingEstate,啓康閣,,,,,,1,true
基康閣,基康閣,housingEstate,基康閣,,,,,,1,true
祈康閣,祈康閣,housingEstate,祈康閣,,,,,,1,true
景康閣,景康閣,housingEstate,景康閣,,,,,,1,true
高康閣,高康閣,housingEstate,高康閣,,,,,,1,true
麗康閣,麗康閣,housingEstate,麗康閣,,,,,,1,true
鯉康閣,鯉康閣,housingEstate,鯉康閣,,,,,,1,true
美康閣,美康閣,housingEstate,美康閣,,,,,,1,true
愛康閣,愛康閣,housingEstate,愛康閣,,,,,,1,true
安康閣,安康閣,housingEstate,安康閣,,,,,,1,true
寶康閣,寶康閣,housingEstate,寶康閣,,,,,,1,true
城康閣,城康閣,housingEstate,城康閣,,,,,,1,true
和康閣,和康閣,housingEstate,和康閣,,,,,,1,true
日康閣,日康閣,housingEstate,日康閣,,,,,,1,true
逸康閣,逸康閣,housingEstate,逸康閣,,,,,,1,true
祐康閣,祐康閣,housingEstate,祐康閣,,,,,,1,true
裕康閣,裕康閣,housingEstate,裕康閣,,,,,,1,true
寶康閣 (前稱),寶康閣 (前稱),housingEstate,寶康閣 (前稱),,,,,,1,true
逸康閣 (別稱),逸康閣 (別稱),housingEstate,逸康閣 (別稱),,,,,,1,true
東華三院樂康軒(分址),東華三院樂康軒(分址),housingEstate,東華三院樂康軒(分址),,,,,,1,true
百本專業護理服務有限公司 - 社區照顧服務券家居護理組,百本專業護理服務有限公司 - 社區照顧服務券家居護理組,housingEstate,百本專業護理服務有限公司 - 社區照顧服務券家居護理組,,,,,,1,true
PARKNSHOP FROZEN FOOD STORE 欣安邨,PARKNSHOP FROZEN FOOD STORE 欣安邨,housingEstate,PARKNSHOP FROZEN FOOD STORE 欣安邨,,,,,,1,true
錦安花園,錦安花園,housingEstate,錦安花園,,,,,,1,true
福安花園,福安花園,housingEstate,福安花園,,,,,,1,true
錦安花園1座,錦安花園1座,housingEstate,錦安花園1座,,,,,,1,true
錦安花園10座,錦安花園10座,housingEstate,錦安花園10座,,,,,,1,true
錦安花園11座,錦安花園11座,housingEstate,錦安花園11座,,,,,,1,true
錦安花園12座,錦安花園12座,housingEstate,錦安花園12座,,,,,,1,true
錦安花園13座,錦安花園13座,housingEstate,錦安花園13座,,,,,,1,true
錦安花園14座,錦安花園14座,housingEstate,錦安花園14座,,,,,,1,true
錦安花園15座,錦安花園15座,housingEstate,錦安花園15座,,,,,,1,true
錦安花園16座,錦安花園16座,housingEstate,錦安花園16座,,,,,,1,true
錦安花園17座,錦安花園17座,housingEstate,錦安花園17座,,,,,,1,true
錦安花園18座,錦安花園18座,housingEstate,錦安花園18座,,,,,,1,true
錦安花園19座,錦安花園19座,housingEstate,錦安花園19座,,,,,,1,true
錦安花園2座,錦安花園2座,housingEstate,錦安花園2座,,,,,,1,true
錦安花園20座,錦安花園20座,housingEstate,錦安花園20座,,,,,,1,true
錦安花園21座,錦安花園21座,housingEstate,錦安花園21座,,,,,,1,true
錦安花園22座,錦安花園22座,housingEstate,錦安花園22座,,,,,,1,true
錦安花園23座,錦安花園23座,housingEstate,錦安花園23座,,,,,,1,true
錦安花園24座,錦安花園24座,housingEstate,錦安花園24座,,,,,,1,true
錦安花園25座,錦安花園25座,housingEstate,錦安花園25座,,,,,,1,true
錦安花園26座,錦安花園26座,housingEstate,錦安花園26座,,,,,,1,true
錦安花園27座,錦安花園27座,housingEstate,錦安花園27座,,,,,,1,true
錦安花園28座,錦安花園28座,housingEstate,錦安花園28座,,,,,,1,true
錦安花園29座,錦安花園29座,housingEstate,錦安花園29座,,,,,,1,true
錦安花園3座,錦安花園3座,housingEstate,錦安花園3座,,,,,,1,true
錦安花園30座,錦安花園30座,housingEstate,錦安花園30座,,,,,,1,true
錦安花園31座,錦安花園31座,housingEstate,錦安花園31座,,,,,,1,true
錦安花園32座,錦安花園32座,housingEstate,錦安花園32座,,,,,,1,true
錦安花園33座,錦安花園33座,housingEstate,錦安花園33座,,,,,,1,true
錦安花園34座,錦安花園34座,housingEstate,錦安花園34座,,,,,,1,true
錦安花園35座,錦安花園35座,housingEstate,錦安花園35座,,,,,,1,true
錦安花園36座,錦安花園36座,housingEstate,錦安花園36座,,,,,,1,true
錦安花園37座,錦安花園37座,housingEstate,錦安花園37座,,,,,,1,true
錦安花園38座,錦安花園38座,housingEstate,錦安花園38座,,,,,,1,true
錦安花園39座,錦安花園39座,housingEstate,錦安花園39座,,,,,,1,true
錦安花園4座,錦安花園4座,housingEstate,錦安花園4座,,,,,,1,true
錦安花園40座,錦安花園40座,housingEstate,錦安花園40座,,,,,,1,true
錦安花園41座,錦安花園41座,housingEstate,錦安花園41座,,,,,,1,true
錦安花園42座,錦安花園42座,housingEstate,錦安花園42座,,,,,,1,true
錦安花園43座,錦安花園43座,housingEstate,錦安花園43座,,,,,,1,true
錦安花園5座,錦安花園5座,housingEstate,錦安花園5座,,,,,,1,true
錦安花園6座,錦安花園6座,housingEstate,錦安花園6座,,,,,,1,true
錦安花園7座,錦安花園7座,housingEstate,錦安花園7座,,,,,,1,true
錦安花園8座,錦安花園8座,housingEstate,錦安花園8座,,,,,,1,true
錦安花園9座,錦安花園9座,housingEstate,錦安花園9座,,,,,,1,true
金安花園A座,金安花園A座,housingEstate,金安花園A座,,,,,,1,true
金安花園B座,金安花園B座,housingEstate,金安花園B座,,,,,,1,true
金安花園C座,金安花園C座,housingEstate,金安花園C座,,,,,,1,true
金安花園D座,金安花園D座,housingEstate,金安花園D座,,,,,,1,true
旗安苑,旗安苑,housingEstate,旗安苑,,,,,,1,true
漁安苑,漁安苑,housingEstate,漁安苑,,,,,,1,true
惠安苑B座,惠安苑B座,housingEstate,惠安苑B座,,,,,,1,true
惠安苑C座,惠安苑C座,housingEstate,惠安苑C座,,,,,,1,true
惠安苑D座,惠安苑D座,housingEstate,惠安苑D座,,,,,,1,true
惠安苑E座,惠安苑E座,housingEstate,惠安苑E座,,,,,,1,true
惠安苑F座,惠安苑F座,housingEstate,惠安苑F座,,,,,,1,true
華安苑1座,華安苑1座,housingEstate,華安苑1座,,,,,,1,true
華安苑10座,華安苑10座,housingEstate,華安苑10座,,,,,,1,true
華安苑11座,華安苑11座,housingEstate,華安苑11座,,,,,,1,true
華安苑12座,華安苑12座,housingEstate,華安苑12座,,,,,,1,true
華安苑12A座,華安苑12A座,housingEstate,華安苑12A座,,,,,,1,true
華安苑12B座,華安苑12B座,housingEstate,華安苑12B座,,,,,,1,true
華安苑15座,華安苑15座,housingEstate,華安苑15座,,,,,,1,true
華安苑17座,華安苑17座,housingEstate,華安苑17座,,,,,,1,true
華安苑18座,華安苑18座,housingEstate,華安苑18座,,,,,,1,true
華安苑19座,華安苑19座,housingEstate,華安苑19座,,,,,,1,true
華安苑2座,華安苑2座,housingEstate,華安苑2座,,,,,,1,true
華安苑20座,華安苑20座,housingEstate,華安苑20座,,,,,,1,true
華安苑21座,華安苑21座,housingEstate,華安苑21座,,,,,,1,true
華安苑22座,華安苑22座,housingEstate,華安苑22座,,,,,,1,true
華安苑23座,華安苑23座,housingEstate,華安苑23座,,,,,,1,true
華安苑23A座,華安苑23A座,housingEstate,華安苑23A座,,,,,,1,true
華安苑25座,華安苑25座,housingEstate,華安苑25座,,,,,,1,true
華安苑26座,華安苑26座,housingEstate,華安苑26座,,,,,,1,true
華安苑27座,華安苑27座,housingEstate,華安苑27座,,,,,,1,true
華安苑28座,華安苑28座,housingEstate,華安苑28座,,,,,,1,true
華安苑29座,華安苑29座,housingEstate,華安苑29座,,,,,,1,true
華安苑3座,華安苑3座,housingEstate,華安苑3座,,,,,,1,true
華安苑30座,華安苑30座,housingEstate,華安苑30座,,,,,,1,true
華安苑31座,華安苑31座,housingEstate,華安苑31座,,,,,,1,true
華安苑32座,華安苑32座,housingEstate,華安苑32座,,,,,,1,true
華安苑37座,華安苑37座,housingEstate,華安苑37座,,,,,,1,true
華安苑38座,華安苑38座,housingEstate,華安苑38座,,,,,,1,true
華安苑3A座,華安苑3A座,housingEstate,華安苑3A座,,,,,,1,true
華安苑5座,華安苑5座,housingEstate,華安苑5座,,,,,,1,true
華安苑6座,華安苑6座,housingEstate,華安苑6座,,,,,,1,true
華安苑7座,華安苑7座,housingEstate,華安苑7座,,,,,,1,true
華安苑8座,華安苑8座,housingEstate,華安苑8座,,,,,,1,true
華安苑9座,華安苑9座,housingEstate,華安苑9座,,,,,,1,true
德安苑,德安苑,housingEstate,德安苑,,,,,,1,true
瑞安苑,瑞安苑,housingEstate,瑞安苑,,,,,,1,true
怡安苑,怡安苑,housingEstate,怡安苑,,,,,,1,true
美安苑,美安苑,housingEstate,美安苑,,,,,,1,true
仁安苑,仁安苑,housingEstate,仁安苑,,,,,,1,true
惠安苑,惠安苑,housingEstate,惠安苑,,,,,,1,true
富安苑,富安苑,housingEstate,富安苑,,,,,,1,true
嘉安苑,嘉安苑,housingEstate,嘉安苑,,,,,,1,true
永安邨A座,永安邨A座,housingEstate,永安邨A座,,,,,,1,true
永安邨B座,永安邨B座,housingEstate,永安邨B座,,,,,,1,true
永安邨C座,永安邨C座,housingEstate,永安邨C座,,,,,,1,true
永安邨D座,永安邨D座,housingEstate,永安邨D座,,,,,,1,true
永安邨E座,永安邨E座,housingEstate,永安邨E座,,,,,,1,true
永安邨F座,永安邨F座,housingEstate,永安邨F座,,,,,,1,true
永安邨G座,永安邨G座,housingEstate,永安邨G座,,,,,,1,true
永安邨H座,永安邨H座,housingEstate,永安邨H座,,,,,,1,true
澤安邨,澤安邨,housingEstate,澤安邨,,,,,,1,true
長安邨,長安邨,housingEstate,長安邨,,,,,,1,true
頌安邨,頌安邨,housingEstate,頌安邨,,,,,,1,true
恆安邨,恆安邨,housingEstate,恆安邨,,,,,,1,true
麗安邨,麗安邨,housingEstate,麗安邨,,,,,,1,true
利安邨,利安邨,housingEstate,利安邨,,,,,,1,true
順安邨,順安邨,housingEstate,順安邨,,,,,,1,true
永安邨,永安邨,housingEstate,永安邨,,,,,,1,true
欣安邨,欣安邨,housingEstate,欣安邨,,,,,,1,true
耀安邨,耀安邨,housingEstate,耀安邨,,,,,,1,true
順安邨安頌樓,順安邨安頌樓,housingEstate,順安邨安頌樓,,,,,,1,true
順安邨安逸樓,順安邨安逸樓,housingEstate,順安邨安逸樓,,,,,,1,true
頌安邨頌智樓,頌安邨頌智樓,housingEstate,頌安邨頌智樓,,,,,,1,true
頌安邨頌德樓,頌安邨頌德樓,housingEstate,頌安邨頌德樓,,,,,,1,true
澤安邨富澤樓,澤安邨富澤樓,housingEstate,澤安邨富澤樓,,,,,,1,true
澤安邨榮澤樓,澤安邨榮澤樓,housingEstate,澤安邨榮澤樓,,,,,,1,true
利安邨利盛樓,利安邨利盛樓,housingEstate,利安邨利盛樓,,,,,,1,true
利安邨利榮樓,利安邨利榮樓,housingEstate,利安邨利榮樓,,,,,,1,true
欣安邨欣喜樓,欣安邨欣喜樓,housingEstate,欣安邨欣喜樓,,,,,,1,true
房屋署澤安邨辦事處,房屋署澤安邨辦事處,housingEstate,房屋署澤安邨辦事處,,,,,,1,true
頌安邨物業服務辦事處,頌安邨物業服務辦事處,housingEstate,頌安邨物業服務辦事處,,,,,,1,true
欣安邨物業服務辦事處,欣安邨物業服務辦事處,housingEstate,欣安邨物業服務辦事處,,,,,,1,true
PARKNSHOP 利安邨,PARKNSHOP 利安邨,housingEstate,PARKNSHOP 利安邨,,,,,,1,true
欣安邨停車場,欣安邨停車場,housingEstate,欣安邨停車場,,,,,,1,true
澤安邨停車場,澤安邨停車場,housingEstate,澤安邨停車場,,,,,,1,true
利安邨(流動圖書館二),利安邨(流動圖書館二),housingEstate,利安邨(流動圖書館二),,,,,,1,true
宜安閣,宜安閣,housingEstate,宜安閣,,,,,,1,true
恒安閣,恒安閣,housingEstate,恒安閣,,,,,,1,true
翠安閣1座,翠安閣1座,housingEstate,翠安閣1座,,,,,,1,true
翠安閣2座,翠安閣2座,housingEstate,翠安閣2座,,,,,,1,true
翠安閣3座,翠安閣3座,housingEstate,翠安閣3座,,,,,,1,true
翠安閣4座,翠安閣4座,housingEstate,翠安閣4座,,,,,,1,true
翠安閣5座,翠安閣5座,housingEstate,翠安閣5座,,,,,,1,true
怡安閣A座,怡安閣A座,housingEstate,怡安閣A座,,,,,,1,true
怡安閣B座,怡安閣B座,housingEstate,怡安閣B座,,,,,,1,true
怡安閣C座,怡安閣C座,housingEstate,怡安閣C座,,,,,,1,true
南安閣,南安閣,housingEstate,南安閣,,,,,,1,true
寶安閣,寶安閣,housingEstate,寶安閣,,,,,,1,true
般安閣,般安閣,housingEstate,般安閣,,,,,,1,true
庭安閣,庭安閣,housingEstate,庭安閣,,,,,,1,true
澤安閣,澤安閣,housingEstate,澤安閣,,,,,,1,true
翠安閣,翠安閣,housingEstate,翠安閣,,,,,,1,true
逸安閣,逸安閣,housingEstate,逸安閣,,,,,,1,true
利安閣,利安閣,housingEstate,利安閣,,,,,,1,true
福安閣,福安閣,housingEstate,福安閣,,,,,,1,true
聚安閣,聚安閣,housingEstate,聚安閣,,,,,,1,true
順安閣,順安閣,housingEstate,順安閣,,,,,,1,true
置安閣,置安閣,housingEstate,置安閣,,,,,,1,true
彩安閣,彩安閣,housingEstate,彩安閣,,,,,,1,true
駿安閣,駿安閣,housingEstate,駿安閣,,,,,,1,true
霞安閣,霞安閣,housingEstate,霞安閣,,,,,,1,true
慶安閣,慶安閣,housingEstate,慶安閣,,,,,,1,true
興安閣,興安閣,housingEstate,興安閣,,,,,,1,true
曉安閣,曉安閣,housingEstate,曉安閣,,,,,,1,true
海安閣,海安閣,housingEstate,海安閣,,,,,,1,true
啓安閣,啓安閣,housingEstate,啓安閣,,,,,,1,true
建安閣,建安閣,housingEstate,建安閣,,,,,,1,true
高安閣,高安閣,housingEstate,高安閣,,,,,,1,true
明安閣,明安閣,housingEstate,明安閣,,,,,,1,true
銀安閣,銀安閣,housingEstate,銀安閣,,,,,,1,true
寧安閣,寧安閣,housingEstate,寧安閣,,,,,,1,true
碧安閣,碧安閣,housingEstate,碧安閣,,,,,,1,true
珊安閣,珊安閣,housingEstate,珊安閣,,,,,,1,true
瑞安閣,瑞安閣,housingEstate,瑞安閣,,,,,,1,true
錦安軒,錦安軒,housingEstate,錦安軒,,,,,,1,true
泉盛花園,泉盛花園,housingEstate,泉盛花園,,,,,,1,true
海盛花園,海盛花園,housingEstate,海盛花園,,,,,,1,true
祥盛花園1座,祥盛花園1座,housingEstate,祥盛花園1座,,,,,,1,true
祥盛花園2座,祥盛花園2座,housingEstate,祥盛花園2座,,,,,,1,true
祥盛花園3座,祥盛花園3座,housingEstate,祥盛花園3座,,,,,,1,true
祥盛花園4座,祥盛花園4座,housingEstate,祥盛花園4座,,,,,,1,true
祥盛花園5座,祥盛花園5座,housingEstate,祥盛花園5座,,,,,,1,true
康盛花園第1座,康盛花園第1座,housingEstate,康盛花園第1座,,,,,,1,true
康盛花園第2座,康盛花園第2座,housingEstate,康盛花園第2座,,,,,,1,true
康盛花園第3座,康盛花園第3座,housingEstate,康盛花園第3座,,,,,,1,true
康盛花園第4座,康盛花園第4座,housingEstate,康盛花園第4座,,,,,,1,true
康盛花園第5座,康盛花園第5座,housingEstate,康盛花園第5座,,,,,,1,true
耀盛花園,耀盛花園,housingEstate,耀盛花園,,,,,,1,true
祥盛花園,祥盛花園,housingEstate,祥盛花園,,,,,,1,true
富盛花園,富盛花園,housingEstate,富盛花園,,,,,,1,true
康盛花園,康盛花園,housingEstate,康盛花園,,,,,,1,true
富盛花園I座,富盛花園I座,housingEstate,富盛花園I座,,,,,,1,true
富盛花園A座,富盛花園A座,housingEstate,富盛花園A座,,,,,,1,true
富盛花園B座,富盛花園B座,housingEstate,富盛花園B座,,,,,,1,true
富盛花園C座,富盛花園C座,housingEstate,富盛花園C座,,,,,,1,true
富盛花園D座,富盛花園D座,housingEstate,富盛花園D座,,,,,,1,true
富盛花園E座,富盛花園E座,housingEstate,富盛花園E座,,,,,,1,true
富盛花園F座,富盛花園F座,housingEstate,富盛花園F座,,,,,,1,true
富盛花園G座,富盛花園G座,housingEstate,富盛花園G座,,,,,,1,true
富盛花園H座,富盛花園H座,housingEstate,富盛花園H座,,,,,,1,true
富盛花園J座,富盛花園J座,housingEstate,富盛花園J座,,,,,,1,true
富盛花園K座,富盛花園K座,housingEstate,富盛花園K座,,,,,,1,true
康盛花園第1座 (別稱),康盛花園第1座 (別稱),housingEstate,康盛花園第1座 (別稱),,,,,,1,true
康盛花園第2座 (別稱),康盛花園第2座 (別稱),housingEstate,康盛花園第2座 (別稱),,,,,,1,true
康盛花園第3座 (別稱),康盛花園第3座 (別稱),housingEstate,康盛花園第3座 (別稱),,,,,,1,true
康盛花園第4座 (別稱),康盛花園第4座 (別稱),housingEstate,康盛花園第4座 (別稱),,,,,,1,true
康盛花園第5座 (別稱),康盛花園第5座 (別稱),housingEstate,康盛花園第5座 (別稱),,,,,,1,true
盛苑,盛苑,housingEstate,盛苑,,,,,,1,true
富盛苑,富盛苑,housingEstate,富盛苑,,,,,,1,true
昌盛苑,昌盛苑,housingEstate,昌盛苑,,,,,,1,true
青盛苑,青盛苑,housingEstate,青盛苑,,,,,,1,true
景盛苑,景盛苑,housingEstate,景盛苑,,,,,,1,true
安盛苑,安盛苑,housingEstate,安盛苑,,,,,,1,true
天盛苑,天盛苑,housingEstate,天盛苑,,,,,,1,true
東盛苑,東盛苑,housingEstate,東盛苑,,,,,,1,true
欣盛苑,欣盛苑,housingEstate,欣盛苑,,,,,,1,true
雍盛苑,雍盛苑,housingEstate,雍盛苑,,,,,,1,true
OK便利店-欣盛苑,OK便利店-欣盛苑,housingEstate,OK便利店-欣盛苑,,,,,,1,true
豐盛苑A座 (別稱),豐盛苑A座 (別稱),housingEstate,豐盛苑A座 (別稱),,,,,,1,true
豐盛苑B座 (別稱),豐盛苑B座 (別稱),housingEstate,豐盛苑B座 (別稱),,,,,,1,true
豐盛苑C座 (別稱),豐盛苑C座 (別稱),housingEstate,豐盛苑C座 (別稱),,,,,,1,true
安盛苑A座 (別稱),安盛苑A座 (別稱),housingEstate,安盛苑A座 (別稱),,,,,,1,true
俊景閣,俊景閣,housingEstate,俊景閣,,,,,,1,true
嘉輝閣,嘉輝閣,housingEstate,嘉輝閣,,,,,,1,true
嘉明閣,嘉明閣,housingEstate,嘉明閣,,,,,,1,true
嘉揚閣,嘉揚閣,housingEstate,嘉揚閣,,,,,,1,true
嘉耀閣,嘉耀閣,housingEstate,嘉耀閣,,,,,,1,true
盛麗閣,盛麗閣,housingEstate,盛麗閣,,,,,,1,true
盛鼎閣,盛鼎閣,housingEstate,盛鼎閣,,,,,,1,true
盛匯閣,盛匯閣,housingEstate,盛匯閣,,,,,,1,true
盛頤閣,盛頤閣,housingEstate,盛頤閣,,,,,,1,true
盛賢閣,盛賢閣,housingEstate,盛賢閣,,,,,,1,true
盛譽閣,盛譽閣,housingEstate,盛譽閣,,,,,,1,true
盛悅閣,盛悅閣,housingEstate,盛悅閣,,,,,,1,true
盛旭閣,盛旭閣,housingEstate,盛旭閣,,,,,,1,true
欣彩閣,欣彩閣,housingEstate,欣彩閣,,,,,,1,true
欣暉閣,欣暉閣,housingEstate,欣暉閣,,,,,,1,true
欣喜閣,欣喜閣,housingEstate,欣喜閣,,,,,,1,true
欣景閣,欣景閣,housingEstate,欣景閣,,,,,,1,true
華盛村,華盛村,housingEstate,華盛村,,,,,,1,true
華盛村兒童遊樂場,華盛村兒童遊樂場,housingEstate,華盛村兒童遊樂場,,,,,,1,true
嘉盛閣,嘉盛閣,housingEstate,嘉盛閣,,,,,,1,true
富盛閣,富盛閣,housingEstate,富盛閣,,,,,,1,true
豐盛閣,豐盛閣,housingEstate,豐盛閣,,,,,,1,true
慶盛閣,慶盛閣,housingEstate,慶盛閣,,,,,,1,true
錦盛閣,錦盛閣,housingEstate,錦盛閣,,,,,,1,true
港盛閣,港盛閣,housingEstate,港盛閣,,,,,,1,true
冠盛閣,冠盛閣,housingEstate,冠盛閣,,,,,,1,true
南盛閣,南盛閣,housingEstate,南盛閣,,,,,,1,true
常盛閣,常盛閣,housingEstate,常盛閣,,,,,,1,true
華盛閣,華盛閣,housingEstate,華盛閣,,,,,,1,true
榮盛閣,榮盛閣,housingEstate,榮盛閣,,,,,,1,true
香港輝盛閣國際公寓 (前稱),香港輝盛閣國際公寓 (前稱),housingEstate,香港輝盛閣國際公寓 (前稱),,,,,,1,true
豐盛軒,豐盛軒,housingEstate,豐盛軒,,,,,,1,true
錦榮花園,錦榮花園,housingEstate,錦榮花園,,,,,,1,true
日榮花園,日榮花園,housingEstate,日榮花園,,,,,,1,true
日榮花園第1期,日榮花園第1期,housingEstate,日榮花園第1期,,,,,,1,true
日榮花園（第一期）,日榮花園（第一期）,housingEstate,日榮花園（第一期）,,,,,,1,true
日榮花園(第一期),日榮花園(第一期),housingEstate,日榮花園(第一期),,,,,,1,true
日榮花園第2期,日榮花園第2期,housingEstate,日榮花園第2期,,,,,,1,true
日榮花園（第二期）,日榮花園（第二期）,housingEstate,日榮花園（第二期）,,,,,,1,true
日榮花園第3期,日榮花園第3期,housingEstate,日榮花園第3期,,,,,,1,true
日榮花園（第三期）,日榮花園（第三期）,housingEstate,日榮花園（第三期）,,,,,,1,true
富榮花園,富榮花園,housingEstate,富榮花園,,,,,,1,true
欣榮花園,欣榮花園,housingEstate,欣榮花園,,,,,,1,true
富榮花園第一座,富榮花園第一座,housingEstate,富榮花園第一座,,,,,,1,true
富榮花園第十座,富榮花園第十座,housingEstate,富榮花園第十座,,,,,,1,true
富榮花園第十一座,富榮花園第十一座,housingEstate,富榮花園第十一座,,,,,,1,true
富榮花園第十二座,富榮花園第十二座,housingEstate,富榮花園第十二座,,,,,,1,true
富榮花園第十三座,富榮花園第十三座,housingEstate,富榮花園第十三座,,,,,,1,true
富榮花園第十四座,富榮花園第十四座,housingEstate,富榮花園第十四座,,,,,,1,true
富榮花園第十五座,富榮花園第十五座,housingEstate,富榮花園第十五座,,,,,,1,true
富榮花園第十六座,富榮花園第十六座,housingEstate,富榮花園第十六座,,,,,,1,true
富榮花園第十七座,富榮花園第十七座,housingEstate,富榮花園第十七座,,,,,,1,true
富榮花園第十八座,富榮花園第十八座,housingEstate,富榮花園第十八座,,,,,,1,true
富榮花園第二座,富榮花園第二座,housingEstate,富榮花園第二座,,,,,,1,true
富榮花園第三座,富榮花園第三座,housingEstate,富榮花園第三座,,,,,,1,true
富榮花園第四座,富榮花園第四座,housingEstate,富榮花園第四座,,,,,,1,true
富榮花園第五座,富榮花園第五座,housingEstate,富榮花園第五座,,,,,,1,true
富榮花園第六座,富榮花園第六座,housingEstate,富榮花園第六座,,,,,,1,true
富榮花園第七座,富榮花園第七座,housingEstate,富榮花園第七座,,,,,,1,true
富榮花園第九座,富榮花園第九座,housingEstate,富榮花園第九座,,,,,,1,true
欣榮花園第一座,欣榮花園第一座,housingEstate,欣榮花園第一座,,,,,,1,true
欣榮花園第二座,欣榮花園第二座,housingEstate,欣榮花園第二座,,,,,,1,true
欣榮花園第三座,欣榮花園第三座,housingEstate,欣榮花園第三座,,,,,,1,true
欣榮花園第四座,欣榮花園第四座,housingEstate,欣榮花園第四座,,,,,,1,true
欣榮花園第五座,欣榮花園第五座,housingEstate,欣榮花園第五座,,,,,,1,true
欣榮花園第六座,欣榮花園第六座,housingEstate,欣榮花園第六座,,,,,,1,true
欣榮花園第七座,欣榮花園第七座,housingEstate,欣榮花園第七座,,,,,,1,true
PARKNSHOP 富榮花園,PARKNSHOP 富榮花園,housingEstate,PARKNSHOP 富榮花園,,,,,,1,true
OK便利店-富榮花園,OK便利店-富榮花園,housingEstate,OK便利店-富榮花園,,,,,,1,true
Wi-Fi.HK 熱點位置: 麥當勞 - 富榮花園,Wi-Fi.HK 熱點位置: 麥當勞 - 富榮花園,housingEstate,Wi-Fi.HK 熱點位置: 麥當勞 - 富榮花園,,,,,,1,true
豐榮苑,豐榮苑,housingEstate,豐榮苑,,,,,,1,true
富榮苑,富榮苑,housingEstate,富榮苑,,,,,,1,true
樂榮苑 (別稱),樂榮苑 (別稱),housingEstate,樂榮苑 (別稱),,,,,,1,true
美榮閣,美榮閣,housingEstate,美榮閣,,,,,,1,true
樂榮閣,樂榮閣,housingEstate,樂榮閣,,,,,,1,true
昌榮閣,昌榮閣,housingEstate,昌榮閣,,,,,,1,true
置榮閣,置榮閣,housingEstate,置榮閣,,,,,,1,true
彩榮閣,彩榮閣,housingEstate,彩榮閣,,,,,,1,true
富榮閣,富榮閣,housingEstate,富榮閣,,,,,,1,true
豐榮閣,豐榮閣,housingEstate,豐榮閣,,,,,,1,true
錦榮閣,錦榮閣,housingEstate,錦榮閣,,,,,,1,true
港榮閣,港榮閣,housingEstate,港榮閣,,,,,,1,true
冠榮閣,冠榮閣,housingEstate,冠榮閣,,,,,,1,true
愛榮閣,愛榮閣,housingEstate,愛榮閣,,,,,,1,true
城榮閣,城榮閣,housingEstate,城榮閣,,,,,,1,true
順榮閣,順榮閣,housingEstate,順榮閣,,,,,,1,true
茵榮閣,茵榮閣,housingEstate,茵榮閣,,,,,,1,true
逸榮閣,逸榮閣,housingEstate,逸榮閣,,,,,,1,true
裕榮閣,裕榮閣,housingEstate,裕榮閣,,,,,,1,true
逸榮閣 (別稱),逸榮閣 (別稱),housingEstate,逸榮閣 (別稱),,,,,,1,true
家榮軒,家榮軒,housingEstate,家榮軒,,,,,,1,true
金峰花園,金峰花園,housingEstate,金峰花園,,,,,,1,true
鹿峰花園A,鹿峰花園A,housingEstate,鹿峰花園A,,,,,,1,true
鹿峰花園B,鹿峰花園B,housingEstate,鹿峰花園B,,,,,,1,true
鹿峰花園C,鹿峰花園C,housingEstate,鹿峰花園C,,,,,,1,true
鹿峰花園D,鹿峰花園D,housingEstate,鹿峰花園D,,,,,,1,true
鹿峰花園E,鹿峰花園E,housingEstate,鹿峰花園E,,,,,,1,true
鹿峰花園F,鹿峰花園F,housingEstate,鹿峰花園F,,,,,,1,true
麗峰花園A1,麗峰花園A1,housingEstate,麗峰花園A1,,,,,,1,true
麗峰花園A10,麗峰花園A10,housingEstate,麗峰花園A10,,,,,,1,true
麗峰花園A11,麗峰花園A11,housingEstate,麗峰花園A11,,,,,,1,true
麗峰花園A12,麗峰花園A12,housingEstate,麗峰花園A12,,,,,,1,true
麗峰花園A13,麗峰花園A13,housingEstate,麗峰花園A13,,,,,,1,true
麗峰花園A14,麗峰花園A14,housingEstate,麗峰花園A14,,,,,,1,true
麗峰花園A15,麗峰花園A15,housingEstate,麗峰花園A15,,,,,,1,true
麗峰花園A16,麗峰花園A16,housingEstate,麗峰花園A16,,,,,,1,true
麗峰花園A17,麗峰花園A17,housingEstate,麗峰花園A17,,,,,,1,true
麗峰花園A18,麗峰花園A18,housingEstate,麗峰花園A18,,,,,,1,true
麗峰花園A19,麗峰花園A19,housingEstate,麗峰花園A19,,,,,,1,true
麗峰花園A2,麗峰花園A2,housingEstate,麗峰花園A2,,,,,,1,true
麗峰花園A20,麗峰花園A20,housingEstate,麗峰花園A20,,,,,,1,true
麗峰花園A21,麗峰花園A21,housingEstate,麗峰花園A21,,,,,,1,true
麗峰花園A22,麗峰花園A22,housingEstate,麗峰花園A22,,,,,,1,true
麗峰花園A23,麗峰花園A23,housingEstate,麗峰花園A23,,,,,,1,true
麗峰花園A24,麗峰花園A24,housingEstate,麗峰花園A24,,,,,,1,true
麗峰花園A25,麗峰花園A25,housingEstate,麗峰花園A25,,,,,,1,true
麗峰花園A26,麗峰花園A26,housingEstate,麗峰花園A26,,,,,,1,true
麗峰花園A27,麗峰花園A27,housingEstate,麗峰花園A27,,,,,,1,true
麗峰花園A28,麗峰花園A28,housingEstate,麗峰花園A28,,,,,,1,true
麗峰花園A29,麗峰花園A29,housingEstate,麗峰花園A29,,,,,,1,true
麗峰花園A3,麗峰花園A3,housingEstate,麗峰花園A3,,,,,,1,true
麗峰花園A30,麗峰花園A30,housingEstate,麗峰花園A30,,,,,,1,true
麗峰花園A4,麗峰花園A4,housingEstate,麗峰花園A4,,,,,,1,true
麗峰花園A5,麗峰花園A5,housingEstate,麗峰花園A5,,,,,,1,true
麗峰花園A6,麗峰花園A6,housingEstate,麗峰花園A6,,,,,,1,true
麗峰花園A7,麗峰花園A7,housingEstate,麗峰花園A7,,,,,,1,true
麗峰花園A8,麗峰花園A8,housingEstate,麗峰花園A8,,,,,,1,true
麗峰花園A9,麗峰花園A9,housingEstate,麗峰花園A9,,,,,,1,true
峻峰花園A座,峻峰花園A座,housingEstate,峻峰花園A座,,,,,,1,true
峻峰花園B座,峻峰花園B座,housingEstate,峻峰花園B座,,,,,,1,true
峻峰花園C座,峻峰花園C座,housingEstate,峻峰花園C座,,,,,,1,true
峻峰花園D座,峻峰花園D座,housingEstate,峻峰花園D座,,,,,,1,true
峻峰花園E座,峻峰花園E座,housingEstate,峻峰花園E座,,,,,,1,true
瑞峰花園第1座,瑞峰花園第1座,housingEstate,瑞峰花園第1座,,,,,,1,true
瑞峰花園第2座,瑞峰花園第2座,housingEstate,瑞峰花園第2座,,,,,,1,true
御峰苑,御峰苑,housingEstate,御峰苑,,,,,,1,true
彩峰苑,彩峰苑,housingEstate,彩峰苑,,,,,,1,true
寧峰苑,寧峰苑,housingEstate,寧峰苑,,,,,,1,true
怡峰苑,怡峰苑,housingEstate,怡峰苑,,,,,,1,true
御峰苑第十八座,御峰苑第十八座,housingEstate,御峰苑第十八座,,,,,,1,true
御峰苑第十九座,御峰苑第十九座,housingEstate,御峰苑第十九座,,,,,,1,true
御峰苑第二十座,御峰苑第二十座,housingEstate,御峰苑第二十座,,,,,,1,true
御峰苑第二十一座,御峰苑第二十一座,housingEstate,御峰苑第二十一座,,,,,,1,true
御峰苑第二十二座,御峰苑第二十二座,housingEstate,御峰苑第二十二座,,,,,,1,true
御峰苑第二十三座,御峰苑第二十三座,housingEstate,御峰苑第二十三座,,,,,,1,true
晴峰閣,晴峰閣,housingEstate,晴峰閣,,,,,,1,true
豪峰閣,豪峰閣,housingEstate,豪峰閣,,,,,,1,true
朗峰閣,朗峰閣,housingEstate,朗峰閣,,,,,,1,true
悅峰閣,悅峰閣,housingEstate,悅峰閣,,,,,,1,true
潤峰閣,潤峰閣,housingEstate,潤峰閣,,,,,,1,true
庭峰閣(C座),庭峰閣(C座),housingEstate,庭峰閣(C座),,,,,,1,true
朗峰閣(B座) (別稱),朗峰閣(B座) (別稱),housingEstate,朗峰閣(B座) (別稱),,,,,,1,true
曉峰閣第1座,曉峰閣第1座,housingEstate,曉峰閣第1座,,,,,,1,true
曉峰閣第2座,曉峰閣第2座,housingEstate,曉峰閣第2座,,,,,,1,true
曉峰閣第3座,曉峰閣第3座,housingEstate,曉峰閣第3座,,,,,,1,true
景峯閣,景峯閣,housingEstate,景峯閣,,,,,,1,true
曉峰閣,曉峰閣,housingEstate,曉峰閣,,,,,,1,true
高峯閣,高峯閣,housingEstate,高峯閣,,,,,,1,true
觀峯閣,觀峯閣,housingEstate,觀峯閣,,,,,,1,true
南峯閣,南峯閣,housingEstate,南峯閣,,,,,,1,true
崇峯閣,崇峯閣,housingEstate,崇峯閣,,,,,,1,true
曉峰閣第4座 (別稱),曉峰閣第4座 (別稱),housingEstate,曉峰閣第4座 (別稱),,,,,,1,true
高峰閣 (別稱),高峰閣 (別稱),housingEstate,高峰閣 (別稱),,,,,,1,true
南峰閣 (別稱),南峰閣 (別稱),housingEstate,南峰閣 (別稱),,,,,,1,true
崇峰閣 (別稱),崇峰閣 (別稱),housingEstate,崇峰閣 (別稱),,,,,,1,true
觀峯閣 (別稱),觀峯閣 (別稱),housingEstate,觀峯閣 (別稱),,,,,,1,true
"Wi-Fi.HK 熱點位置: 城大食坊,城大中菜廳,城峰閣","Wi-Fi.HK 熱點位置: 城大食坊,城大中菜廳,城峰閣",housingEstate,"Wi-Fi.HK 熱點位置: 城大食坊,城大中菜廳,城峰閣",,,,,,1,true
豪峰軒 (前稱),豪峰軒 (前稱),housingEstate,豪峰軒 (前稱),,,,,,1,true
多富閣,多富閣,housingEstate,多富閣,,,,,,1,true
快富閣,快富閣,housingEstate,快富閣,,,,,,1,true
百富閣,百富閣,housingEstate,百富閣,,,,,,1,true
益富閣,益富閣,housingEstate,益富閣,,,,,,1,true
昌富閣,昌富閣,housingEstate,昌富閣,,,,,,1,true
彩富閣,彩富閣,housingEstate,彩富閣,,,,,,1,true
錦富閣,錦富閣,housingEstate,錦富閣,,,,,,1,true
港富閣,港富閣,housingEstate,港富閣,,,,,,1,true
朗富閣,朗富閣,housingEstate,朗富閣,,,,,,1,true
美富閣,美富閣,housingEstate,美富閣,,,,,,1,true
能富閣,能富閣,housingEstate,能富閣,,,,,,1,true
雅富閣,雅富閣,housingEstate,雅富閣,,,,,,1,true
寧富閣,寧富閣,housingEstate,寧富閣,,,,,,1,true
愛富閣,愛富閣,housingEstate,愛富閣,,,,,,1,true
安富閣,安富閣,housingEstate,安富閣,,,,,,1,true
善富閣,善富閣,housingEstate,善富閣,,,,,,1,true
兆富閣,兆富閣,housingEstate,兆富閣,,,,,,1,true
唐富閣,唐富閣,housingEstate,唐富閣,,,,,,1,true
偉富閣,偉富閣,housingEstate,偉富閣,,,,,,1,true
榮富閣,榮富閣,housingEstate,榮富閣,,,,,,1,true
永富閣,永富閣,housingEstate,永富閣,,,,,,1,true
華富閣,華富閣,housingEstate,華富閣,,,,,,1,true
滙富閣,滙富閣,housingEstate,滙富閣,,,,,,1,true
欣富閣,欣富閣,housingEstate,欣富閣,,,,,,1,true
逸富閣,逸富閣,housingEstate,逸富閣,,,,,,1,true
賢富閣,賢富閣,housingEstate,賢富閣,,,,,,1,true
元富閣,元富閣,housingEstate,元富閣,,,,,,1,true
OK便利店-永富閣,OK便利店-永富閣,housingEstate,OK便利店-永富閣,,,,,,1,true
家富軒,家富軒,housingEstate,家富軒,,,,,,1,true
麗翠苑(公屋部份)物業管理辦事處,麗翠苑(公屋部份)物業管理辦事處,housingEstate,麗翠苑(公屋部份)物業管理辦事處,,,,,,1,true
FUSION 愉翠苑,FUSION 愉翠苑,housingEstate,FUSION 愉翠苑,,,,,,1,true
窩恩居,窩恩居,housingEstate,窩恩居,,,,,,1,true
寶翠閣A座,寶翠閣A座,housingEstate,寶翠閣A座,,,,,,1,true
寶翠閣B座,寶翠閣B座,housingEstate,寶翠閣B座,,,,,,1,true
曉翠閣,曉翠閣,housingEstate,曉翠閣,,,,,,1,true
寶翠閣,寶翠閣,housingEstate,寶翠閣,,,,,,1,true
永翠閣,永翠閣,housingEstate,永翠閣,,,,,,1,true
欣翠閣,欣翠閣,housingEstate,欣翠閣,,,,,,1,true
嘉翠閣,嘉翠閣,housingEstate,嘉翠閣,,,,,,1,true
碧翠閣,碧翠閣,housingEstate,碧翠閣,,,,,,1,true
顯翠閣,顯翠閣,housingEstate,顯翠閣,,,,,,1,true
海翠閣,海翠閣,housingEstate,海翠閣,,,,,,1,true
雅翠閣,雅翠閣,housingEstate,雅翠閣,,,,,,1,true
安翠閣,安翠閣,housingEstate,安翠閣,,,,,,1,true
怡翠閣,怡翠閣,housingEstate,怡翠閣,,,,,,1,true
耀翠閣,耀翠閣,housingEstate,耀翠閣,,,,,,1,true
安翠閣 (別稱),安翠閣 (別稱),housingEstate,安翠閣 (別稱),,,,,,1,true
怡翠軒,怡翠軒,housingEstate,怡翠軒,,,,,,1,true
叠翠軒第1座,叠翠軒第1座,housingEstate,叠翠軒第1座,,,,,,1,true
叠翠軒第2座,叠翠軒第2座,housingEstate,叠翠軒第2座,,,,,,1,true
叠翠軒第3座,叠翠軒第3座,housingEstate,叠翠軒第3座,,,,,,1,true
叠翠軒第4座,叠翠軒第4座,housingEstate,叠翠軒第4座,,,,,,1,true
逸翠軒,逸翠軒,housingEstate,逸翠軒,,,,,,1,true
叠翠軒,叠翠軒,housingEstate,叠翠軒,,,,,,1,true
逸翠軒第一座,逸翠軒第一座,housingEstate,逸翠軒第一座,,,,,,1,true
逸翠軒第二座,逸翠軒第二座,housingEstate,逸翠軒第二座,,,,,,1,true
逸翠軒第三座,逸翠軒第三座,housingEstate,逸翠軒第三座,,,,,,1,true
逸翠軒第五座,逸翠軒第五座,housingEstate,逸翠軒第五座,,,,,,1,true
逸翠軒第六座,逸翠軒第六座,housingEstate,逸翠軒第六座,,,,,,1,true
逸翠軒第七座,逸翠軒第七座,housingEstate,逸翠軒第七座,,,,,,1,true
陽明山莊環翠軒(第十座),陽明山莊環翠軒(第十座),housingEstate,陽明山莊環翠軒(第十座),,,,,,1,true
陽明山莊環翠軒(第九座),陽明山莊環翠軒(第九座),housingEstate,陽明山莊環翠軒(第九座),,,,,,1,true
平台(下層停車場),平台(下層停車場),housingEstate,平台(下層停車場),,,,,,1,true
景雅花園,景雅花園,housingEstate,景雅花園,,,,,,1,true
雍雅花園,雍雅花園,housingEstate,雍雅花園,,,,,,1,true
富雅花園,富雅花園,housingEstate,富雅花園,,,,,,1,true
卓雅花園I座,卓雅花園I座,housingEstate,卓雅花園I座,,,,,,1,true
卓雅花園A座,卓雅花園A座,housingEstate,卓雅花園A座,,,,,,1,true
卓雅花園B座,卓雅花園B座,housingEstate,卓雅花園B座,,,,,,1,true
卓雅花園C座,卓雅花園C座,housingEstate,卓雅花園C座,,,,,,1,true
卓雅花園D座,卓雅花園D座,housingEstate,卓雅花園D座,,,,,,1,true
卓雅花園E座,卓雅花園E座,housingEstate,卓雅花園E座,,,,,,1,true
卓雅花園F座,卓雅花園F座,housingEstate,卓雅花園F座,,,,,,1,true
卓雅花園G座,卓雅花園G座,housingEstate,卓雅花園G座,,,,,,1,true
卓雅花園H座,卓雅花園H座,housingEstate,卓雅花園H座,,,,,,1,true
卓雅花園J座,卓雅花園J座,housingEstate,卓雅花園J座,,,,,,1,true
卓雅花園K座,卓雅花園K座,housingEstate,卓雅花園K座,,,,,,1,true
卓雅花園L座,卓雅花園L座,housingEstate,卓雅花園L座,,,,,,1,true
卓雅花園M座,卓雅花園M座,housingEstate,卓雅花園M座,,,,,,1,true
卓雅花園O座,卓雅花園O座,housingEstate,卓雅花園O座,,,,,,1,true
卓雅花園P座,卓雅花園P座,housingEstate,卓雅花園P座,,,,,,1,true
寶雅花園第二座,寶雅花園第二座,housingEstate,寶雅花園第二座,,,,,,1,true
寶雅花園第三座,寶雅花園第三座,housingEstate,寶雅花園第三座,,,,,,1,true
寶雅花園第四座,寶雅花園第四座,housingEstate,寶雅花園第四座,,,,,,1,true
寶雅花園第六座,寶雅花園第六座,housingEstate,寶雅花園第六座,,,,,,1,true
美雅花園第11座,美雅花園第11座,housingEstate,美雅花園第11座,,,,,,1,true
美雅花園第12座,美雅花園第12座,housingEstate,美雅花園第12座,,,,,,1,true
美雅花園第13座,美雅花園第13座,housingEstate,美雅花園第13座,,,,,,1,true
美雅花園第14座,美雅花園第14座,housingEstate,美雅花園第14座,,,,,,1,true
美雅花園第15座,美雅花園第15座,housingEstate,美雅花園第15座,,,,,,1,true
美雅花園第7座,美雅花園第7座,housingEstate,美雅花園第7座,,,,,,1,true
美雅花園第8座,美雅花園第8座,housingEstate,美雅花園第8座,,,,,,1,true
美雅花園第9座,美雅花園第9座,housingEstate,美雅花園第9座,,,,,,1,true
翠雅花園第1座,翠雅花園第1座,housingEstate,翠雅花園第1座,,,,,,1,true
翠雅花園第2座,翠雅花園第2座,housingEstate,翠雅花園第2座,,,,,,1,true
翠雅花園第3座,翠雅花園第3座,housingEstate,翠雅花園第3座,,,,,,1,true
翠雅花園第5座,翠雅花園第5座,housingEstate,翠雅花園第5座,,,,,,1,true
翠雅花園第6座,翠雅花園第6座,housingEstate,翠雅花園第6座,,,,,,1,true
翠雅花園第7座,翠雅花園第7座,housingEstate,翠雅花園第7座,,,,,,1,true
雍雅花園第1座,雍雅花園第1座,housingEstate,雍雅花園第1座,,,,,,1,true
雍雅花園第10座,雍雅花園第10座,housingEstate,雍雅花園第10座,,,,,,1,true
雍雅花園第11座,雍雅花園第11座,housingEstate,雍雅花園第11座,,,,,,1,true
雍雅花園第12座,雍雅花園第12座,housingEstate,雍雅花園第12座,,,,,,1,true
雍雅花園第2座,雍雅花園第2座,housingEstate,雍雅花園第2座,,,,,,1,true
雍雅花園第3座,雍雅花園第3座,housingEstate,雍雅花園第3座,,,,,,1,true
雍雅花園第4座,雍雅花園第4座,housingEstate,雍雅花園第4座,,,,,,1,true
雍雅花園第5座,雍雅花園第5座,housingEstate,雍雅花園第5座,,,,,,1,true
雍雅花園第6座,雍雅花園第6座,housingEstate,雍雅花園第6座,,,,,,1,true
雍雅花園第7座,雍雅花園第7座,housingEstate,雍雅花園第7座,,,,,,1,true
寶雅苑,寶雅苑,housingEstate,寶雅苑,,,,,,1,true
德雅苑,德雅苑,housingEstate,德雅苑,,,,,,1,true
倩鴻雅苑,倩鴻雅苑,housingEstate,倩鴻雅苑,,,,,,1,true
旭豪雅苑,旭豪雅苑,housingEstate,旭豪雅苑,,,,,,1,true
桂和雅苑,桂和雅苑,housingEstate,桂和雅苑,,,,,,1,true
海逸雅苑,海逸雅苑,housingEstate,海逸雅苑,,,,,,1,true
迎日雅苑,迎日雅苑,housingEstate,迎日雅苑,,,,,,1,true
龍濤雅苑,龍濤雅苑,housingEstate,龍濤雅苑,,,,,,1,true
鳳凰雅苑,鳳凰雅苑,housingEstate,鳳凰雅苑,,,,,,1,true
雅苑第1座,雅苑第1座,housingEstate,雅苑第1座,,,,,,1,true
雅苑第10座,雅苑第10座,housingEstate,雅苑第10座,,,,,,1,true
雅苑第11座,雅苑第11座,housingEstate,雅苑第11座,,,,,,1,true
雅苑第2座,雅苑第2座,housingEstate,雅苑第2座,,,,,,1,true
雅苑第3座,雅苑第3座,housingEstate,雅苑第3座,,,,,,1,true
雅苑第4座,雅苑第4座,housingEstate,雅苑第4座,,,,,,1,true
雅苑第5座,雅苑第5座,housingEstate,雅苑第5座,,,,,,1,true
雅苑第6座,雅苑第6座,housingEstate,雅苑第6座,,,,,,1,true
雅苑第7座,雅苑第7座,housingEstate,雅苑第7座,,,,,,1,true
雅苑第8座,雅苑第8座,housingEstate,雅苑第8座,,,,,,1,true
雅苑第9座,雅苑第9座,housingEstate,雅苑第9座,,,,,,1,true
雅閣,雅閣,housingEstate,雅閣,,,,,,1,true
雅閣花園第一座,雅閣花園第一座,housingEstate,雅閣花園第一座,,,,,,1,true
雅閣花園第1座,雅閣花園第1座,housingEstate,雅閣花園第1座,,,,,,1,true
雅閣花園第2座,雅閣花園第2座,housingEstate,雅閣花園第2座,,,,,,1,true
雅閣花園第3座,雅閣花園第3座,housingEstate,雅閣花園第3座,,,,,,1,true
雅閣花園第4座,雅閣花園第4座,housingEstate,雅閣花園第4座,,,,,,1,true
雅閣苑,雅閣苑,housingEstate,雅閣苑,,,,,,1,true
富雅閣,富雅閣,housingEstate,富雅閣,,,,,,1,true
雍雅閣,雍雅閣,housingEstate,雍雅閣,,,,,,1,true
海雅閣,海雅閣,housingEstate,海雅閣,,,,,,1,true
慧雅閣,慧雅閣,housingEstate,慧雅閣,,,,,,1,true
昌雅閣,昌雅閣,housingEstate,昌雅閣,,,,,,1,true
錦雅閣,錦雅閣,housingEstate,錦雅閣,,,,,,1,true
高雅閣,高雅閣,housingEstate,高雅閣,,,,,,1,true
桃雅閣,桃雅閣,housingEstate,桃雅閣,,,,,,1,true
怡雅閣,怡雅閣,housingEstate,怡雅閣,,,,,,1,true
雅閣大廈,雅閣大廈,housingEstate,雅閣大廈,,,,,,1,true
名廚雅閣,名廚雅閣,housingEstate,名廚雅閣,,,,,,1,true
金楓雅閣,金楓雅閣,housingEstate,金楓雅閣,,,,,,1,true
雅閣花園,雅閣花園,housingEstate,雅閣花園,,,,,,1,true
雅閣花園第二座,雅閣花園第二座,housingEstate,雅閣花園第二座,,,,,,1,true
雅閣苑大廈 (別稱),雅閣苑大廈 (別稱),housingEstate,雅閣苑大廈 (別稱),,,,,,1,true
觀瀾雅軒第一座,觀瀾雅軒第一座,housingEstate,觀瀾雅軒第一座,,,,,,1,true
觀瀾雅軒第二座,觀瀾雅軒第二座,housingEstate,觀瀾雅軒第二座,,,,,,1,true
觀瀾雅軒第三座,觀瀾雅軒第三座,housingEstate,觀瀾雅軒第三座,,,,,,1,true
觀瀾雅軒第四座,觀瀾雅軒第四座,housingEstate,觀瀾雅軒第四座,,,,,,1,true
觀瀾雅軒第五座,觀瀾雅軒第五座,housingEstate,觀瀾雅軒第五座,,,,,,1,true
觀瀾雅軒第六座,觀瀾雅軒第六座,housingEstate,觀瀾雅軒第六座,,,,,,1,true
雍雅軒,雍雅軒,housingEstate,雍雅軒,,,,,,1,true
高雅軒,高雅軒,housingEstate,高雅軒,,,,,,1,true
觀瀾雅軒,觀瀾雅軒,housingEstate,觀瀾雅軒,,,,,,1,true
菁盈雅軒,菁盈雅軒,housingEstate,菁盈雅軒,,,,,,1,true
維景雅軒,維景雅軒,housingEstate,維景雅軒,,,,,,1,true
學林雅軒,學林雅軒,housingEstate,學林雅軒,,,,,,1,true
翠林雅軒,翠林雅軒,housingEstate,翠林雅軒,,,,,,1,true
雍雅軒第一座,雍雅軒第一座,housingEstate,雍雅軒第一座,,,,,,1,true
雍雅軒第二座,雍雅軒第二座,housingEstate,雍雅軒第二座,,,,,,1,true
瑞豪花園,瑞豪花園,housingEstate,瑞豪花園,,,,,,1,true
富豪花園,富豪花園,housingEstate,富豪花園,,,,,,1,true
金豪花園,金豪花園,housingEstate,金豪花園,,,,,,1,true
富豪花園I座,富豪花園I座,housingEstate,富豪花園I座,,,,,,1,true
富豪花園A座,富豪花園A座,housingEstate,富豪花園A座,,,,,,1,true
富豪花園B座,富豪花園B座,housingEstate,富豪花園B座,,,,,,1,true
富豪花園C座,富豪花園C座,housingEstate,富豪花園C座,,,,,,1,true
富豪花園D座,富豪花園D座,housingEstate,富豪花園D座,,,,,,1,true
富豪花園E座,富豪花園E座,housingEstate,富豪花園E座,,,,,,1,true
富豪花園F座,富豪花園F座,housingEstate,富豪花園F座,,,,,,1,true
富豪花園G座,富豪花園G座,housingEstate,富豪花園G座,,,,,,1,true
富豪花園H座,富豪花園H座,housingEstate,富豪花園H座,,,,,,1,true
富豪花園J座,富豪花園J座,housingEstate,富豪花園J座,,,,,,1,true
富豪花園K座,富豪花園K座,housingEstate,富豪花園K座,,,,,,1,true
富豪花園L座,富豪花園L座,housingEstate,富豪花園L座,,,,,,1,true
威豪花園第一座,威豪花園第一座,housingEstate,威豪花園第一座,,,,,,1,true
威豪花園第二座,威豪花園第二座,housingEstate,威豪花園第二座,,,,,,1,true
威豪花園第三座,威豪花園第三座,housingEstate,威豪花園第三座,,,,,,1,true
麗豪花園,麗豪花園,housingEstate,麗豪花園,,,,,,1,true
文豪花園,文豪花園,housingEstate,文豪花園,,,,,,1,true
威豪花園,威豪花園,housingEstate,威豪花園,,,,,,1,true
麗豪花園1座,麗豪花園1座,housingEstate,麗豪花園1座,,,,,,1,true
麗豪花園2座,麗豪花園2座,housingEstate,麗豪花園2座,,,,,,1,true
麗豪花園3座,麗豪花園3座,housingEstate,麗豪花園3座,,,,,,1,true
麗豪花園4座,麗豪花園4座,housingEstate,麗豪花園4座,,,,,,1,true
明麗閣,明麗閣,housingEstate,明麗閣,,,,,,1,true
雅仕閣,雅仕閣,housingEstate,雅仕閣,,,,,,1,true
富儷閣,富儷閣,housingEstate,富儷閣,,,,,,1,true
帝皇閣,帝皇閣,housingEstate,帝皇閣,,,,,,1,true
林景閣,林景閣,housingEstate,林景閣,,,,,,1,true
文禧閣,文禧閣,housingEstate,文禧閣,,,,,,1,true
麗人閣,麗人閣,housingEstate,麗人閣,,,,,,1,true
豪苑18座,豪苑18座,housingEstate,豪苑18座,,,,,,1,true
豪苑19座,豪苑19座,housingEstate,豪苑19座,,,,,,1,true
豪苑2座,豪苑2座,housingEstate,豪苑2座,,,,,,1,true
豪苑20座,豪苑20座,housingEstate,豪苑20座,,,,,,1,true
豪苑21座,豪苑21座,housingEstate,豪苑21座,,,,,,1,true
豪苑22座,豪苑22座,housingEstate,豪苑22座,,,,,,1,true
豪苑23座,豪苑23座,housingEstate,豪苑23座,,,,,,1,true
豪苑24座,豪苑24座,housingEstate,豪苑24座,,,,,,1,true
豪苑25座,豪苑25座,housingEstate,豪苑25座,,,,,,1,true
豪苑3座,豪苑3座,housingEstate,豪苑3座,,,,,,1,true
豪苑4座,豪苑4座,housingEstate,豪苑4座,,,,,,1,true
豪苑5座,豪苑5座,housingEstate,豪苑5座,,,,,,1,true
豪苑6座,豪苑6座,housingEstate,豪苑6座,,,,,,1,true
豪苑7座,豪苑7座,housingEstate,豪苑7座,,,,,,1,true
豪苑8座,豪苑8座,housingEstate,豪苑8座,,,,,,1,true
豪苑9座,豪苑9座,housingEstate,豪苑9座,,,,,,1,true
利庭豪苑,利庭豪苑,housingEstate,利庭豪苑,,,,,,1,true
振華豪苑,振華豪苑,housingEstate,振華豪苑,,,,,,1,true
沛年豪苑,沛年豪苑,housingEstate,沛年豪苑,,,,,,1,true
名嶺豪苑,名嶺豪苑,housingEstate,名嶺豪苑,,,,,,1,true
栢濤豪苑,栢濤豪苑,housingEstate,栢濤豪苑,,,,,,1,true
麒麟豪苑,麒麟豪苑,housingEstate,麒麟豪苑,,,,,,1,true
海天豪苑,海天豪苑,housingEstate,海天豪苑,,,,,,1,true
米埔豪苑,米埔豪苑,housingEstate,米埔豪苑,,,,,,1,true
碧豪苑A1座,碧豪苑A1座,housingEstate,碧豪苑A1座,,,,,,1,true
碧豪苑A11座,碧豪苑A11座,housingEstate,碧豪苑A11座,,,,,,1,true
碧豪苑A12座,碧豪苑A12座,housingEstate,碧豪苑A12座,,,,,,1,true
碧豪苑A13座,碧豪苑A13座,housingEstate,碧豪苑A13座,,,,,,1,true
碧豪苑A14座,碧豪苑A14座,housingEstate,碧豪苑A14座,,,,,,1,true
帝豪閣A座,帝豪閣A座,housingEstate,帝豪閣A座,,,,,,1,true
帝豪閣B座,帝豪閣B座,housingEstate,帝豪閣B座,,,,,,1,true
帝豪閣C座,帝豪閣C座,housingEstate,帝豪閣C座,,,,,,1,true
麗豪閣A座,麗豪閣A座,housingEstate,麗豪閣A座,,,,,,1,true
麗豪閣B座,麗豪閣B座,housingEstate,麗豪閣B座,,,,,,1,true
慧豪閣1座,慧豪閣1座,housingEstate,慧豪閣1座,,,,,,1,true
慧豪閣2座,慧豪閣2座,housingEstate,慧豪閣2座,,,,,,1,true
富豪閣第一座,富豪閣第一座,housingEstate,富豪閣第一座,,,,,,1,true
富豪閣第二座,富豪閣第二座,housingEstate,富豪閣第二座,,,,,,1,true
富豪閣第三座,富豪閣第三座,housingEstate,富豪閣第三座,,,,,,1,true
富豪閣第四座,富豪閣第四座,housingEstate,富豪閣第四座,,,,,,1,true
富豪閣,富豪閣,housingEstate,富豪閣,,,,,,1,true
帝豪閣,帝豪閣,housingEstate,帝豪閣,,,,,,1,true
文豪閣,文豪閣,housingEstate,文豪閣,,,,,,1,true
金豪閣,金豪閣,housingEstate,金豪閣,,,,,,1,true
永豪閣,永豪閣,housingEstate,永豪閣,,,,,,1,true
慧豪閣,慧豪閣,housingEstate,慧豪閣,,,,,,1,true
威豪閣,威豪閣,housingEstate,威豪閣,,,,,,1,true
俊豪閣,俊豪閣,housingEstate,俊豪閣,,,,,,1,true
文豪閣A座,文豪閣A座,housingEstate,文豪閣A座,,,,,,1,true
文豪閣B座,文豪閣B座,housingEstate,文豪閣B座,,,,,,1,true
金豪閣A-C座,金豪閣A-C座,housingEstate,金豪閣A-C座,,,,,,1,true
金豪閣D-G座,金豪閣D-G座,housingEstate,金豪閣D-G座,,,,,,1,true
豪軒,豪軒,housingEstate,豪軒,,,,,,1,true
麗豪軒A座,麗豪軒A座,housingEstate,麗豪軒A座,,,,,,1,true
麗豪軒B座,麗豪軒B座,housingEstate,麗豪軒B座,,,,,,1,true
麗豪軒C座,麗豪軒C座,housingEstate,麗豪軒C座,,,,,,1,true
麗豪軒D座,麗豪軒D座,housingEstate,麗豪軒D座,,,,,,1,true
麗豪軒E座,麗豪軒E座,housingEstate,麗豪軒E座,,,,,,1,true
麗豪軒F座,麗豪軒F座,housingEstate,麗豪軒F座,,,,,,1,true
麗豪軒,麗豪軒,housingEstate,麗豪軒,,,,,,1,true
文寶閣,文寶閣,housingEstate,文寶閣,,,,,,1,true
兆寶閣,兆寶閣,housingEstate,兆寶閣,,,,,,1,true
高寶閣,高寶閣,housingEstate,高寶閣,,,,,,1,true
金寶閣,金寶閣,housingEstate,金寶閣,,,,,,1,true
馬寶閣,馬寶閣,housingEstate,馬寶閣,,,,,,1,true
萬寶閣,萬寶閣,housingEstate,萬寶閣,,,,,,1,true
新寶閣,新寶閣,housingEstate,新寶閣,,,,,,1,true
東寶閣,東寶閣,housingEstate,東寶閣,,,,,,1,true
海寶閣,海寶閣,housingEstate,海寶閣,,,,,,1,true
添寶閣,添寶閣,housingEstate,添寶閣,,,,,,1,true
仁寶閣,仁寶閣,housingEstate,仁寶閣,,,,,,1,true
OK便利店-金寶閣,OK便利店-金寶閣,housingEstate,OK便利店-金寶閣,,,,,,1,true
寶盈花園第二座,寶盈花園第二座,housingEstate,寶盈花園第二座,,,,,,1,true
寶盈花園第三座,寶盈花園第三座,housingEstate,寶盈花園第三座,,,,,,1,true
寶盈花園第四座,寶盈花園第四座,housingEstate,寶盈花園第四座,,,,,,1,true
寶盈花園第六座,寶盈花園第六座,housingEstate,寶盈花園第六座,,,,,,1,true
寶盈花園第七座,寶盈花園第七座,housingEstate,寶盈花園第七座,,,,,,1,true
寶盈花園第八座,寶盈花園第八座,housingEstate,寶盈花園第八座,,,,,,1,true
寶盈花園,寶盈花園,housingEstate,寶盈花園,,,,,,1,true
海盈花園,海盈花園,housingEstate,海盈花園,,,,,,1,true
寶盈花園(泓建物業管理有限公司),寶盈花園(泓建物業管理有限公司),housingEstate,寶盈花園(泓建物業管理有限公司),,,,,,1,true
PARKNSHOP 彩盈邨,PARKNSHOP 彩盈邨,housingEstate,PARKNSHOP 彩盈邨,,,,,,1,true
PARKNSHOP 海盈邨,PARKNSHOP 海盈邨,housingEstate,PARKNSHOP 海盈邨,,,,,,1,true
彩盈邨車場,彩盈邨車場,housingEstate,彩盈邨車場,,,,,,1,true
海盈邨停車場,海盈邨停車場,housingEstate,海盈邨停車場,,,,,,1,true
OK便利店-海盈邨,OK便利店-海盈邨,housingEstate,OK便利店-海盈邨,,,,,,1,true
Wi-Fi.HK 熱點位置: 彩盈邨,Wi-Fi.HK 熱點位置: 彩盈邨,housingEstate,Wi-Fi.HK 熱點位置: 彩盈邨,,,,,,1,true
Wi-Fi.HK 熱點位置: 海盈邨,Wi-Fi.HK 熱點位置: 海盈邨,housingEstate,Wi-Fi.HK 熱點位置: 海盈邨,,,,,,1,true
青盈閣,青盈閣,housingEstate,青盈閣,,,,,,1,true
俊盈閣,俊盈閣,housingEstate,俊盈閣,,,,,,1,true
嘉盈閣,嘉盈閣,housingEstate,嘉盈閣,,,,,,1,true
富盈閣A座,富盈閣A座,housingEstate,富盈閣A座,,,,,,1,true
富盈閣B座,富盈閣B座,housingEstate,富盈閣B座,,,,,,1,true
富盈閣C座,富盈閣C座,housingEstate,富盈閣C座,,,,,,1,true
富盈閣D座,富盈閣D座,housingEstate,富盈閣D座,,,,,,1,true
富盈閣E座,富盈閣E座,housingEstate,富盈閣E座,,,,,,1,true
曉盈閣 (前稱),曉盈閣 (前稱),housingEstate,曉盈閣 (前稱),,,,,,1,true
富盈軒A座,富盈軒A座,housingEstate,富盈軒A座,,,,,,1,true
富盈軒B座,富盈軒B座,housingEstate,富盈軒B座,,,,,,1,true
富盈軒C座,富盈軒C座,housingEstate,富盈軒C座,,,,,,1,true
富盈軒D座,富盈軒D座,housingEstate,富盈軒D座,,,,,,1,true
秋盈軒,秋盈軒,housingEstate,秋盈軒,,,,,,1,true
富盈軒,富盈軒,housingEstate,富盈軒,,,,,,1,true
蔚盈軒 (前稱),蔚盈軒 (前稱),housingEstate,蔚盈軒 (前稱),,,,,,1,true
麗昌花園,麗昌花園,housingEstate,麗昌花園,,,,,,1,true
恒昌花園,恒昌花園,housingEstate,恒昌花園,,,,,,1,true
恆昌花園,恆昌花園,housingEstate,恆昌花園,,,,,,1,true
邦昌花園,邦昌花園,housingEstate,邦昌花園,,,,,,1,true
錦昌花園,錦昌花園,housingEstate,錦昌花園,,,,,,1,true
錦昌花園A座,錦昌花園A座,housingEstate,錦昌花園A座,,,,,,1,true
錦昌花園B座,錦昌花園B座,housingEstate,錦昌花園B座,,,,,,1,true
錦昌花園C座,錦昌花園C座,housingEstate,錦昌花園C座,,,,,,1,true
錦昌花園D座,錦昌花園D座,housingEstate,錦昌花園D座,,,,,,1,true
錦昌花園E座,錦昌花園E座,housingEstate,錦昌花園E座,,,,,,1,true
錦昌花園F座,錦昌花園F座,housingEstate,錦昌花園F座,,,,,,1,true
麗昌花園1座,麗昌花園1座,housingEstate,麗昌花園1座,,,,,,1,true
麗昌花園10座,麗昌花園10座,housingEstate,麗昌花園10座,,,,,,1,true
麗昌花園11座,麗昌花園11座,housingEstate,麗昌花園11座,,,,,,1,true
麗昌花園12座,麗昌花園12座,housingEstate,麗昌花園12座,,,,,,1,true
麗昌花園13座,麗昌花園13座,housingEstate,麗昌花園13座,,,,,,1,true
麗昌花園14座,麗昌花園14座,housingEstate,麗昌花園14座,,,,,,1,true
麗昌花園15座,麗昌花園15座,housingEstate,麗昌花園15座,,,,,,1,true
麗昌花園16座,麗昌花園16座,housingEstate,麗昌花園16座,,,,,,1,true
麗昌花園17座,麗昌花園17座,housingEstate,麗昌花園17座,,,,,,1,true
麗昌花園18座,麗昌花園18座,housingEstate,麗昌花園18座,,,,,,1,true
麗昌花園19座,麗昌花園19座,housingEstate,麗昌花園19座,,,,,,1,true
麗昌花園2座,麗昌花園2座,housingEstate,麗昌花園2座,,,,,,1,true
麗昌花園20座,麗昌花園20座,housingEstate,麗昌花園20座,,,,,,1,true
麗昌花園21座,麗昌花園21座,housingEstate,麗昌花園21座,,,,,,1,true
麗昌花園22座,麗昌花園22座,housingEstate,麗昌花園22座,,,,,,1,true
麗昌花園23座,麗昌花園23座,housingEstate,麗昌花園23座,,,,,,1,true
麗昌花園24座,麗昌花園24座,housingEstate,麗昌花園24座,,,,,,1,true
麗昌花園25座,麗昌花園25座,housingEstate,麗昌花園25座,,,,,,1,true
麗昌花園26座,麗昌花園26座,housingEstate,麗昌花園26座,,,,,,1,true
麗昌花園27座,麗昌花園27座,housingEstate,麗昌花園27座,,,,,,1,true
麗昌花園28座,麗昌花園28座,housingEstate,麗昌花園28座,,,,,,1,true
麗昌花園29座,麗昌花園29座,housingEstate,麗昌花園29座,,,,,,1,true
麗昌花園3座,麗昌花園3座,housingEstate,麗昌花園3座,,,,,,1,true
麗昌花園30座,麗昌花園30座,housingEstate,麗昌花園30座,,,,,,1,true
麗昌花園31座,麗昌花園31座,housingEstate,麗昌花園31座,,,,,,1,true
麗昌花園32座,麗昌花園32座,housingEstate,麗昌花園32座,,,,,,1,true
麗昌花園33座,麗昌花園33座,housingEstate,麗昌花園33座,,,,,,1,true
麗昌花園34座,麗昌花園34座,housingEstate,麗昌花園34座,,,,,,1,true
麗昌花園35座,麗昌花園35座,housingEstate,麗昌花園35座,,,,,,1,true
麗昌花園36座,麗昌花園36座,housingEstate,麗昌花園36座,,,,,,1,true
麗昌花園37座,麗昌花園37座,housingEstate,麗昌花園37座,,,,,,1,true
麗昌花園4座,麗昌花園4座,housingEstate,麗昌花園4座,,,,,,1,true
麗昌花園5座,麗昌花園5座,housingEstate,麗昌花園5座,,,,,,1,true
麗昌花園6座,麗昌花園6座,housingEstate,麗昌花園6座,,,,,,1,true
麗昌花園7座,麗昌花園7座,housingEstate,麗昌花園7座,,,,,,1,true
麗昌花園8座,麗昌花園8座,housingEstate,麗昌花園8座,,,,,,1,true
麗昌花園9座,麗昌花園9座,housingEstate,麗昌花園9座,,,,,,1,true
恆昌花園第一座,恆昌花園第一座,housingEstate,恆昌花園第一座,,,,,,1,true
昌苑,昌苑,housingEstate,昌苑,,,,,,1,true
富昌苑,富昌苑,housingEstate,富昌苑,,,,,,1,true
南昌苑,南昌苑,housingEstate,南昌苑,,,,,,1,true
樂昌苑 (別稱),樂昌苑 (別稱),housingEstate,樂昌苑 (別稱),,,,,,1,true
OK便利店-昌苑,OK便利店-昌苑,housingEstate,OK便利店-昌苑,,,,,,1,true
南昌邨,南昌邨,housingEstate,南昌邨,,,,,,1,true
九龍深水埗榮昌邨榮俊樓地下辦事處,九龍深水埗榮昌邨榮俊樓地下辦事處,housingEstate,九龍深水埗榮昌邨榮俊樓地下辦事處,,,,,,1,true
榮昌邨停車場,榮昌邨停車場,housingEstate,榮昌邨停車場,,,,,,1,true
富昌邨(流動圖書館十二),富昌邨(流動圖書館十二),housingEstate,富昌邨(流動圖書館十二),,,,,,1,true
惠康超級市場-南昌邨,惠康超級市場-南昌邨,housingEstate,惠康超級市場-南昌邨,,,,,,1,true
耆安長者日間護理中心(附設於癸未年樂頤居),耆安長者日間護理中心(附設於癸未年樂頤居),housingEstate,耆安長者日間護理中心(附設於癸未年樂頤居),,,,,,1,true
保良局癸未年樂頤居暨耆安長者日間護理中心 [安老院] / 保良局好幫手(富昌) [社區券認可服務單位],保良局癸未年樂頤居暨耆安長者日間護理中心 [安老院] / 保良局好幫手(富昌) [社區券認可服務單位],housingEstate,保良局癸未年樂頤居暨耆安長者日間護理中心 [安老院] / 保良局好幫手(富昌) [社區券認可服務單位],,,,,,1,true
保良局癸未年樂頤居暨耆安長者日間護理中心,保良局癸未年樂頤居暨耆安長者日間護理中心,housingEstate,保良局癸未年樂頤居暨耆安長者日間護理中心,,,,,,1,true
南昌閣,南昌閣,housingEstate,南昌閣,,,,,,1,true
東昌閣,東昌閣,housingEstate,東昌閣,,,,,,1,true
瓊昌閣,瓊昌閣,housingEstate,瓊昌閣,,,,,,1,true
港昌閣,港昌閣,housingEstate,港昌閣,,,,,,1,true
葵昌閣,葵昌閣,housingEstate,葵昌閣,,,,,,1,true
冠昌閣,冠昌閣,housingEstate,冠昌閣,,,,,,1,true
文昌閣,文昌閣,housingEstate,文昌閣,,,,,,1,true
明昌閣,明昌閣,housingEstate,明昌閣,,,,,,1,true
城昌閣,城昌閣,housingEstate,城昌閣,,,,,,1,true
德昌閣,德昌閣,housingEstate,德昌閣,,,,,,1,true
詠昌閣,詠昌閣,housingEstate,詠昌閣,,,,,,1,true
怡昌閣,怡昌閣,housingEstate,怡昌閣,,,,,,1,true
裕昌閣,裕昌閣,housingEstate,裕昌閣,,,,,,1,true
元昌閣,元昌閣,housingEstate,元昌閣,,,,,,1,true
怡昌閣 (別稱),怡昌閣 (別稱),housingEstate,怡昌閣 (別稱),,,,,,1,true
明昌閣 (別稱),明昌閣 (別稱),housingEstate,明昌閣 (別稱),,,,,,1,true
朗晴邨2座青朗樓,朗晴邨2座青朗樓,housingEstate,朗晴邨2座青朗樓,,,,,,1,true
晉朗臺,晉朗臺,housingEstate,晉朗臺,,,,,,1,true
澳朗村,澳朗村,housingEstate,澳朗村,,,,,,1,true
翠朗花園,翠朗花園,housingEstate,翠朗花園,,,,,,1,true
啟朗苑,啟朗苑,housingEstate,啟朗苑,,,,,,1,true
啟朗苑零售大樓,啟朗苑零售大樓,housingEstate,啟朗苑零售大樓,,,,,,1,true
啟朗苑A座 (別稱),啟朗苑A座 (別稱),housingEstate,啟朗苑A座 (別稱),,,,,,1,true
啟朗苑B座 (別稱),啟朗苑B座 (別稱),housingEstate,啟朗苑B座 (別稱),,,,,,1,true
啟朗苑C座 (別稱),啟朗苑C座 (別稱),housingEstate,啟朗苑C座 (別稱),,,,,,1,true
啟逸閣,啟逸閣,housingEstate,啟逸閣,,,,,,1,true
啟洋閣,啟洋閣,housingEstate,啟洋閣,,,,,,1,true
啟遙閣,啟遙閣,housingEstate,啟遙閣,,,,,,1,true
德朗邨,德朗邨,housingEstate,德朗邨,,,,,,1,true
德朗邨智郵寄,德朗邨智郵寄,housingEstate,德朗邨智郵寄,,,,,,1,true
坪朗村公所,坪朗村公所,housingEstate,坪朗村公所,,,,,,1,true
德朗邨屋邨辦事處,德朗邨屋邨辦事處,housingEstate,德朗邨屋邨辦事處,,,,,,1,true
德朗邨A停車場,德朗邨A停車場,housingEstate,德朗邨A停車場,,,,,,1,true
德朗邨B停車場,德朗邨B停車場,housingEstate,德朗邨B停車場,,,,,,1,true
俊朗軒花苑,俊朗軒花苑,housingEstate,俊朗軒花苑,,,,,,1,true
俊朗軒花苑A座,俊朗軒花苑A座,housingEstate,俊朗軒花苑A座,,,,,,1,true
俊朗軒花苑B座,俊朗軒花苑B座,housingEstate,俊朗軒花苑B座,,,,,,1,true
俊朗軒花苑D座,俊朗軒花苑D座,housingEstate,俊朗軒花苑D座,,,,,,1,true
御祿滿苑,御祿滿苑,housingEstate,御祿滿苑,,,,,,1,true
匯美御苑,匯美御苑,housingEstate,匯美御苑,,,,,,1,true
御花園 (前稱),御花園 (前稱),housingEstate,御花園 (前稱),,,,,,1,true
御花園閒休,御花園閒休,housingEstate,御花園閒休,,,,,,1,true
御苑 (前稱),御苑 (前稱),housingEstate,御苑 (前稱),,,,,,1,true
南灣御苑,南灣御苑,housingEstate,南灣御苑,,,,,,1,true
高爾夫．御苑,高爾夫．御苑,housingEstate,高爾夫．御苑,,,,,,1,true
南灣御苑第一座,南灣御苑第一座,housingEstate,南灣御苑第一座,,,,,,1,true
南灣御苑第二座,南灣御苑第二座,housingEstate,南灣御苑第二座,,,,,,1,true
御庭軒第六座,御庭軒第六座,housingEstate,御庭軒第六座,,,,,,1,true
御庭軒第七座,御庭軒第七座,housingEstate,御庭軒第七座,,,,,,1,true
御庭軒第八座,御庭軒第八座,housingEstate,御庭軒第八座,,,,,,1,true
御崗軒,御崗軒,housingEstate,御崗軒,,,,,,1,true
海閣洋樓,海閣洋樓,housingEstate,海閣洋樓,,,,,,1,true
碧海閣,碧海閣,housingEstate,碧海閣,,,,,,1,true
頌海閣,頌海閣,housingEstate,頌海閣,,,,,,1,true
東海閣,東海閣,housingEstate,東海閣,,,,,,1,true
金海閣,金海閣,housingEstate,金海閣,,,,,,1,true
觀海閣,觀海閣,housingEstate,觀海閣,,,,,,1,true
南海閣,南海閣,housingEstate,南海閣,,,,,,1,true
北海閣,北海閣,housingEstate,北海閣,,,,,,1,true
定海閣,定海閣,housingEstate,定海閣,,,,,,1,true
怡海閣,怡海閣,housingEstate,怡海閣,,,,,,1,true
觀海閣 (別稱),觀海閣 (別稱),housingEstate,觀海閣 (別稱),,,,,,1,true
怡海閣 (別稱),怡海閣 (別稱),housingEstate,怡海閣 (別稱),,,,,,1,true
寰海軒,寰海軒,housingEstate,寰海軒,,,,,,1,true
悅海軒,悅海軒,housingEstate,悅海軒,,,,,,1,true
碧海軒,碧海軒,housingEstate,碧海軒,,,,,,1,true
香海軒內苑,香海軒內苑,housingEstate,香海軒內苑,,,,,,1,true
海天花園,海天花園,housingEstate,海天花園,,,,,,1,true
瑞天花園,瑞天花園,housingEstate,瑞天花園,,,,,,1,true
錦天花園A座,錦天花園A座,housingEstate,錦天花園A座,,,,,,1,true
錦天花園B座,錦天花園B座,housingEstate,錦天花園B座,,,,,,1,true
錦天花園C座,錦天花園C座,housingEstate,錦天花園C座,,,,,,1,true
錦天花園D座,錦天花園D座,housingEstate,錦天花園D座,,,,,,1,true
錦天花園E座,錦天花園E座,housingEstate,錦天花園E座,,,,,,1,true
錦天花園F座,錦天花園F座,housingEstate,錦天花園F座,,,,,,1,true
瑞天花園A1座,瑞天花園A1座,housingEstate,瑞天花園A1座,,,,,,1,true
瑞天花園A10座,瑞天花園A10座,housingEstate,瑞天花園A10座,,,,,,1,true
瑞天花園A11座,瑞天花園A11座,housingEstate,瑞天花園A11座,,,,,,1,true
瑞天花園A12座,瑞天花園A12座,housingEstate,瑞天花園A12座,,,,,,1,true
瑞天花園A2座,瑞天花園A2座,housingEstate,瑞天花園A2座,,,,,,1,true
瑞天花園A3座,瑞天花園A3座,housingEstate,瑞天花園A3座,,,,,,1,true
瑞天花園A4座,瑞天花園A4座,housingEstate,瑞天花園A4座,,,,,,1,true
瑞天花園A5座,瑞天花園A5座,housingEstate,瑞天花園A5座,,,,,,1,true
瑞天花園A6座,瑞天花園A6座,housingEstate,瑞天花園A6座,,,,,,1,true
瑞天花園A7座,瑞天花園A7座,housingEstate,瑞天花園A7座,,,,,,1,true
瑞天花園A8座,瑞天花園A8座,housingEstate,瑞天花園A8座,,,,,,1,true
瑞天花園A9座,瑞天花園A9座,housingEstate,瑞天花園A9座,,,,,,1,true
錦天花園,錦天花園,housingEstate,錦天花園,,,,,,1,true
天苑,天苑,housingEstate,天苑,,,,,,1,true
順天邨,順天邨,housingEstate,順天邨,,,,,,1,true
順天邨天衡樓,順天邨天衡樓,housingEstate,順天邨天衡樓,,,,,,1,true
順天邨天權樓,順天邨天權樓,housingEstate,順天邨天權樓,,,,,,1,true
順天邨天韻樓,順天邨天韻樓,housingEstate,順天邨天韻樓,,,,,,1,true
順天邨熟食檔,順天邨熟食檔,housingEstate,順天邨熟食檔,,,,,,1,true
真光苑長者日間護理中心,真光苑長者日間護理中心,housingEstate,真光苑長者日間護理中心,,,,,,1,true
Wi-Fi.HK 熱點位置: 順天邨,Wi-Fi.HK 熱點位置: 順天邨,housingEstate,Wi-Fi.HK 熱點位置: 順天邨,,,,,,1,true
海天閣,海天閣,housingEstate,海天閣,,,,,,1,true
摩天閣,摩天閣,housingEstate,摩天閣,,,,,,1,true
冠天閣,冠天閣,housingEstate,冠天閣,,,,,,1,true
彩天閣,彩天閣,housingEstate,彩天閣,,,,,,1,true
富天閣,富天閣,housingEstate,富天閣,,,,,,1,true
恆天閣,恆天閣,housingEstate,恆天閣,,,,,,1,true
曉天閣,曉天閣,housingEstate,曉天閣,,,,,,1,true
啓天閣,啓天閣,housingEstate,啓天閣,,,,,,1,true
錦天閣,錦天閣,housingEstate,錦天閣,,,,,,1,true
景天閣,景天閣,housingEstate,景天閣,,,,,,1,true
南天閣,南天閣,housingEstate,南天閣,,,,,,1,true
逸天閣,逸天閣,housingEstate,逸天閣,,,,,,1,true
海天閣 (別稱),海天閣 (別稱),housingEstate,海天閣 (別稱),,,,,,1,true
康栢軒長者天地,康栢軒長者天地,housingEstate,康栢軒長者天地,,,,,,1,true
帝湖居,帝湖居,housingEstate,帝湖居,,,,,,1,true
帝文苑,帝文苑,housingEstate,帝文苑,,,,,,1,true
帝庭居,帝庭居,housingEstate,帝庭居,,,,,,1,true
帝欣苑,帝欣苑,housingEstate,帝欣苑,,,,,,1,true
帝鑾閣,帝鑾閣,housingEstate,帝鑾閣,,,,,,1,true
帝琴灣(凱弦居)帝弦軒會所,帝琴灣(凱弦居)帝弦軒會所,housingEstate,帝琴灣(凱弦居)帝弦軒會所,,,,,,1,true
帝欣苑1期,帝欣苑1期,housingEstate,帝欣苑1期,,,,,,1,true
帝庭軒第一座,帝庭軒第一座,housingEstate,帝庭軒第一座,,,,,,1,true
帝庭軒第二座,帝庭軒第二座,housingEstate,帝庭軒第二座,,,,,,1,true
帝庭軒第三座,帝庭軒第三座,housingEstate,帝庭軒第三座,,,,,,1,true
帝庭軒第五座,帝庭軒第五座,housingEstate,帝庭軒第五座,,,,,,1,true
皇后邨皇樂樓,皇后邨皇樂樓,housingEstate,皇后邨皇樂樓,,,,,,1,true
皇后山邨皇樂樓,皇后山邨皇樂樓,housingEstate,皇后山邨皇樂樓,,,,,,1,true
堂皇閣,堂皇閣,housingEstate,堂皇閣,,,,,,1,true
皇悅居,皇悅居,housingEstate,皇悅居,,,,,,1,true
駿皇閣,駿皇閣,housingEstate,駿皇閣,,,,,,1,true
頌皇台,頌皇台,housingEstate,頌皇台,,,,,,1,true
漢皇閣,漢皇閣,housingEstate,漢皇閣,,,,,,1,true
宋皇臺,宋皇臺,housingEstate,宋皇臺,,,,,,1,true
御皇臺,御皇臺,housingEstate,御皇臺,,,,,,1,true
羲皇臺,羲皇臺,housingEstate,羲皇臺,,,,,,1,true
嘉皇花園,嘉皇花園,housingEstate,嘉皇花園,,,,,,1,true
皇冠花園,皇冠花園,housingEstate,皇冠花園,,,,,,1,true
皇子花園,皇子花園,housingEstate,皇子花園,,,,,,1,true
威皇花園,威皇花園,housingEstate,威皇花園,,,,,,1,true
威皇花園I座,威皇花園I座,housingEstate,威皇花園I座,,,,,,1,true
威皇花園F座,威皇花園F座,housingEstate,威皇花園F座,,,,,,1,true
威皇花園H座,威皇花園H座,housingEstate,威皇花園H座,,,,,,1,true
威皇花園L座,威皇花園L座,housingEstate,威皇花園L座,,,,,,1,true
威皇花園M座,威皇花園M座,housingEstate,威皇花園M座,,,,,,1,true
威皇花園O座,威皇花園O座,housingEstate,威皇花園O座,,,,,,1,true
威皇花園P座,威皇花園P座,housingEstate,威皇花園P座,,,,,,1,true
威皇花園S座,威皇花園S座,housingEstate,威皇花園S座,,,,,,1,true
冠城苑 (前稱),冠城苑 (前稱),housingEstate,冠城苑 (前稱),,,,,,1,true
西環邨南苑臺,西環邨南苑臺,housingEstate,西環邨南苑臺,,,,,,1,true
龍豐閣,龍豐閣,housingEstate,龍豐閣,,,,,,1,true
南方花園,南方花園,housingEstate,南方花園,,,,,,1,true
名逸居,名逸居,housingEstate,名逸居,,,,,,1,true
名逸居第一座,名逸居第一座,housingEstate,名逸居第一座,,,,,,1,true
名逸居第二座,名逸居第二座,housingEstate,名逸居第二座,,,,,,1,true
名逸居第三座,名逸居第三座,housingEstate,名逸居第三座,,,,,,1,true
新葵芳花園,新葵芳花園,housingEstate,新葵芳花園,,,,,,1,true
沙咀新村,沙咀新村,housingEstate,沙咀新村,,,,,,1,true
山塘新村,山塘新村,housingEstate,山塘新村,,,,,,1,true
小商新村,小商新村,housingEstate,小商新村,,,,,,1,true
崇山新村,崇山新村,housingEstate,崇山新村,,,,,,1,true
大園新村,大園新村,housingEstate,大園新村,,,,,,1,true
低埔新村,低埔新村,housingEstate,低埔新村,,,,,,1,true
田寮新村,田寮新村,housingEstate,田寮新村,,,,,,1,true
青裕新村,青裕新村,housingEstate,青裕新村,,,,,,1,true
大帽山郊野公園觀景台(北面),大帽山郊野公園觀景台(北面),housingEstate,大帽山郊野公園觀景台(北面),,,,,,1,true
大帽山郊野公園觀景台(南面),大帽山郊野公園觀景台(南面),housingEstate,大帽山郊野公園觀景台(南面),,,,,,1,true
曾大屋新村,曾大屋新村,housingEstate,曾大屋新村,,,,,,1,true
新趙苑,新趙苑,housingEstate,新趙苑,,,,,,1,true
西環邨物業服務有限公司,西環邨物業服務有限公司,housingEstate,西環邨物業服務有限公司,,,,,,1,true
龍翔花園,龍翔花園,housingEstate,龍翔花園,,,,,,1,true
高逸華軒,高逸華軒,housingEstate,高逸華軒,,,,,,1,true
COURTYARD BY MARRIOTT HONG KONG,COURTYARD BY MARRIOTT HONG KONG,housingEstate,COURTYARD BY MARRIOTT HONG KONG,,,,,,1,true
中西區綜合家居照顧服務隊,中西區綜合家居照顧服務隊,housingEstate,中西區綜合家居照顧服務隊,,,,,,1,true
加洲花園,加洲花園,housingEstate,加洲花園,,,,,,1,true
GINZA VILLA,GINZA VILLA,housingEstate,GINZA VILLA,,,,,,1,true
WINDSOR VILLA,WINDSOR VILLA,housingEstate,WINDSOR VILLA,,,,,,1,true
Wi-Fi.HK 熱點位置: 尖沙咀東市政局百週年紀念花園,Wi-Fi.HK 熱點位置: 尖沙咀東市政局百週年紀念花園,housingEstate,Wi-Fi.HK 熱點位置: 尖沙咀東市政局百週年紀念花園,,,,,,1,true
新季節花園,新季節花園,housingEstate,新季節花園,,,,,,1,true
新加洲花園,新加洲花園,housingEstate,新加洲花園,,,,,,1,true
新生精神康復會安泰軒(油尖旺),新生精神康復會安泰軒(油尖旺),housingEstate,新生精神康復會安泰軒(油尖旺),,,,,,1,true
佐敦谷公園 - 遙控模型車A場看台,佐敦谷公園 - 遙控模型車A場看台,housingEstate,佐敦谷公園 - 遙控模型車A場看台,,,,,,1,true
喜安居．九龍西長者社區照顧服務,喜安居．九龍西長者社區照顧服務,housingEstate,喜安居．九龍西長者社區照顧服務,,,,,,1,true
觀塘改善家居及社區照顧服務,觀塘改善家居及社區照顧服務,housingEstate,觀塘改善家居及社區照顧服務,,,,,,1,true
Wi-Fi.HK 熱點位置: 靈實觀塘改善家居及社區照顧服務,Wi-Fi.HK 熱點位置: 靈實觀塘改善家居及社區照顧服務,housingEstate,Wi-Fi.HK 熱點位置: 靈實觀塘改善家居及社區照顧服務,,,,,,1,true
Wi-Fi.HK 熱點位置: 樂華北邨,Wi-Fi.HK 熱點位置: 樂華北邨,housingEstate,Wi-Fi.HK 熱點位置: 樂華北邨,,,,,,1,true
秀茂坪(南)邨4座秀好樓,秀茂坪(南)邨4座秀好樓,housingEstate,秀茂坪(南)邨4座秀好樓,,,,,,1,true
秀茂坪(南)邨1座秀美樓,秀茂坪(南)邨1座秀美樓,housingEstate,秀茂坪(南)邨1座秀美樓,,,,,,1,true
翠屏南邨廁所,翠屏南邨廁所,housingEstate,翠屏南邨廁所,,,,,,1,true
翠屏邨(流動圖書館二),翠屏邨(流動圖書館二),housingEstate,翠屏邨(流動圖書館二),,,,,,1,true
Wi-Fi.HK 熱點位置: 翠屏南邨,Wi-Fi.HK 熱點位置: 翠屏南邨,housingEstate,Wi-Fi.HK 熱點位置: 翠屏南邨,,,,,,1,true
Wi-Fi.HK 熱點位置: 秀茂坪南邨,Wi-Fi.HK 熱點位置: 秀茂坪南邨,housingEstate,Wi-Fi.HK 熱點位置: 秀茂坪南邨,,,,,,1,true
Wi-Fi.HK 熱點位置: 樂華南邨,Wi-Fi.HK 熱點位置: 樂華南邨,housingEstate,Wi-Fi.HK 熱點位置: 樂華南邨,,,,,,1,true
Wi-Fi.HK 熱點位置: 彩福邨,Wi-Fi.HK 熱點位置: 彩福邨,housingEstate,Wi-Fi.HK 熱點位置: 彩福邨,,,,,,1,true
Wi-Fi.HK 熱點位置: 彩德邨,Wi-Fi.HK 熱點位置: 彩德邨,housingEstate,Wi-Fi.HK 熱點位置: 彩德邨,,,,,,1,true
Wi-Fi.HK 熱點位置: 啟田邨,Wi-Fi.HK 熱點位置: 啟田邨,housingEstate,Wi-Fi.HK 熱點位置: 啟田邨,,,,,,1,true
Wi-Fi.HK 熱點位置: 啟業邨,Wi-Fi.HK 熱點位置: 啟業邨,housingEstate,Wi-Fi.HK 熱點位置: 啟業邨,,,,,,1,true
Wi-Fi.HK 熱點位置: 高翔苑,Wi-Fi.HK 熱點位置: 高翔苑,housingEstate,Wi-Fi.HK 熱點位置: 高翔苑,,,,,,1,true
Wi-Fi.HK 熱點位置: 高怡邨,Wi-Fi.HK 熱點位置: 高怡邨,housingEstate,Wi-Fi.HK 熱點位置: 高怡邨,,,,,,1,true
Wi-Fi.HK 熱點位置: 廣田邨,Wi-Fi.HK 熱點位置: 廣田邨,housingEstate,Wi-Fi.HK 熱點位置: 廣田邨,,,,,,1,true
Wi-Fi.HK 熱點位置: 藍田邨,Wi-Fi.HK 熱點位置: 藍田邨,housingEstate,Wi-Fi.HK 熱點位置: 藍田邨,,,,,,1,true
Wi-Fi.HK 熱點位置: 安泰邨,Wi-Fi.HK 熱點位置: 安泰邨,housingEstate,Wi-Fi.HK 熱點位置: 安泰邨,,,,,,1,true
Wi-Fi.HK 熱點位置: 安達邨,Wi-Fi.HK 熱點位置: 安達邨,housingEstate,Wi-Fi.HK 熱點位置: 安達邨,,,,,,1,true
Wi-Fi.HK 熱點位置: 安田邨,Wi-Fi.HK 熱點位置: 安田邨,housingEstate,Wi-Fi.HK 熱點位置: 安田邨,,,,,,1,true
Wi-Fi.HK 熱點位置: 坪石邨,Wi-Fi.HK 熱點位置: 坪石邨,housingEstate,Wi-Fi.HK 熱點位置: 坪石邨,,,,,,1,true
黃大仙綜合家居照顧服務,黃大仙綜合家居照顧服務,housingEstate,黃大仙綜合家居照顧服務,,,,,,1,true
竹園北邨廁所,竹園北邨廁所,housingEstate,竹園北邨廁所,,,,,,1,true
竹園(南)邨麗園樓,竹園(南)邨麗園樓,housingEstate,竹園(南)邨麗園樓,,,,,,1,true
竹園(南)邨榮園樓,竹園(南)邨榮園樓,housingEstate,竹園(南)邨榮園樓,,,,,,1,true
Wi-Fi.HK 熱點位置: 竹園南邨,Wi-Fi.HK 熱點位置: 竹園南邨,housingEstate,Wi-Fi.HK 熱點位置: 竹園南邨,,,,,,1,true
喜安居．九龍東長者社區照顧服務,喜安居．九龍東長者社區照顧服務,housingEstate,喜安居．九龍東長者社區照顧服務,,,,,,1,true
Wi-Fi.HK 熱點位置: 黃大仙下二邨,Wi-Fi.HK 熱點位置: 黃大仙下二邨,housingEstate,Wi-Fi.HK 熱點位置: 黃大仙下二邨,,,,,,1,true
Wi-Fi.HK 熱點位置: 彩輝邨,Wi-Fi.HK 熱點位置: 彩輝邨,housingEstate,Wi-Fi.HK 熱點位置: 彩輝邨,,,,,,1,true
Wi-Fi.HK 熱點位置: 彩虹邨,Wi-Fi.HK 熱點位置: 彩虹邨,housingEstate,Wi-Fi.HK 熱點位置: 彩虹邨,,,,,,1,true
Wi-Fi.HK 熱點位置: 富山邨,Wi-Fi.HK 熱點位置: 富山邨,housingEstate,Wi-Fi.HK 熱點位置: 富山邨,,,,,,1,true
Wi-Fi.HK 熱點位置: 樂富邨,Wi-Fi.HK 熱點位置: 樂富邨,housingEstate,Wi-Fi.HK 熱點位置: 樂富邨,,,,,,1,true
Wi-Fi.HK 熱點位置: 美東邨,Wi-Fi.HK 熱點位置: 美東邨,housingEstate,Wi-Fi.HK 熱點位置: 美東邨,,,,,,1,true
Wi-Fi.HK 熱點位置: 慈正邨,Wi-Fi.HK 熱點位置: 慈正邨,housingEstate,Wi-Fi.HK 熱點位置: 慈正邨,,,,,,1,true
Wi-Fi.HK 熱點位置: 慈康邨,Wi-Fi.HK 熱點位置: 慈康邨,housingEstate,Wi-Fi.HK 熱點位置: 慈康邨,,,,,,1,true
Wi-Fi.HK 熱點位置: 慈樂邨,Wi-Fi.HK 熱點位置: 慈樂邨,housingEstate,Wi-Fi.HK 熱點位置: 慈樂邨,,,,,,1,true
Wi-Fi.HK 熱點位置: 慈民邨,Wi-Fi.HK 熱點位置: 慈民邨,housingEstate,Wi-Fi.HK 熱點位置: 慈民邨,,,,,,1,true
Wi-Fi.HK 熱點位置: 東匯邨,Wi-Fi.HK 熱點位置: 東匯邨,housingEstate,Wi-Fi.HK 熱點位置: 東匯邨,,,,,,1,true
Wi-Fi.HK 熱點位置: 彩雲一邨,Wi-Fi.HK 熱點位置: 彩雲一邨,housingEstate,Wi-Fi.HK 熱點位置: 彩雲一邨,,,,,,1,true
Wi-Fi.HK 熱點位置: 彩雲二邨,Wi-Fi.HK 熱點位置: 彩雲二邨,housingEstate,Wi-Fi.HK 熱點位置: 彩雲二邨,,,,,,1,true
Wi-Fi.HK 熱點位置: 沙田坳邨,Wi-Fi.HK 熱點位置: 沙田坳邨,housingEstate,Wi-Fi.HK 熱點位置: 沙田坳邨,,,,,,1,true
Wi-Fi.HK 熱點位置: 橫頭磡邨,Wi-Fi.HK 熱點位置: 橫頭磡邨,housingEstate,Wi-Fi.HK 熱點位置: 橫頭磡邨,,,,,,1,true
慈雲山邨中央遊樂場,慈雲山邨中央遊樂場,housingEstate,慈雲山邨中央遊樂場,,,,,,1,true
Wi-Fi.HK 熱點位置: 秦石邨,Wi-Fi.HK 熱點位置: 秦石邨,housingEstate,Wi-Fi.HK 熱點位置: 秦石邨,,,,,,1,true
Wi-Fi.HK 熱點位置: 頌安邨,Wi-Fi.HK 熱點位置: 頌安邨,housingEstate,Wi-Fi.HK 熱點位置: 頌安邨,,,,,,1,true
Wi-Fi.HK 熱點位置: 豐和邨,Wi-Fi.HK 熱點位置: 豐和邨,housingEstate,Wi-Fi.HK 熱點位置: 豐和邨,,,,,,1,true
Wi-Fi.HK 熱點位置: 利安邨,Wi-Fi.HK 熱點位置: 利安邨,housingEstate,Wi-Fi.HK 熱點位置: 利安邨,,,,,,1,true
Wi-Fi.HK 熱點位置: 瀝源邨,Wi-Fi.HK 熱點位置: 瀝源邨,housingEstate,Wi-Fi.HK 熱點位置: 瀝源邨,,,,,,1,true
Wi-Fi.HK 熱點位置: 隆亨邨,Wi-Fi.HK 熱點位置: 隆亨邨,housingEstate,Wi-Fi.HK 熱點位置: 隆亨邨,,,,,,1,true
Wi-Fi.HK 熱點位置: 美林邨,Wi-Fi.HK 熱點位置: 美林邨,housingEstate,Wi-Fi.HK 熱點位置: 美林邨,,,,,,1,true
Wi-Fi.HK 熱點位置: 美田邨,Wi-Fi.HK 熱點位置: 美田邨,housingEstate,Wi-Fi.HK 熱點位置: 美田邨,,,,,,1,true
Wi-Fi.HK 熱點位置: 沙角邨,Wi-Fi.HK 熱點位置: 沙角邨,housingEstate,Wi-Fi.HK 熱點位置: 沙角邨,,,,,,1,true
Wi-Fi.HK 熱點位置: 碩門邨,Wi-Fi.HK 熱點位置: 碩門邨,housingEstate,Wi-Fi.HK 熱點位置: 碩門邨,,,,,,1,true
Wi-Fi.HK 熱點位置: 新翠邨,Wi-Fi.HK 熱點位置: 新翠邨,housingEstate,Wi-Fi.HK 熱點位置: 新翠邨,,,,,,1,true
Wi-Fi.HK 熱點位置: 禾輋邨,Wi-Fi.HK 熱點位置: 禾輋邨,housingEstate,Wi-Fi.HK 熱點位置: 禾輋邨,,,,,,1,true
Wi-Fi.HK 熱點位置: 欣安邨,Wi-Fi.HK 熱點位置: 欣安邨,housingEstate,Wi-Fi.HK 熱點位置: 欣安邨,,,,,,1,true
Wi-Fi.HK 熱點位置: 新田圍邨,Wi-Fi.HK 熱點位置: 新田圍邨,housingEstate,Wi-Fi.HK 熱點位置: 新田圍邨,,,,,,1,true
中國海外物業服務有限公司 豐和邨物業服務辦事處,中國海外物業服務有限公司 豐和邨物業服務辦事處,housingEstate,中國海外物業服務有限公司 豐和邨物業服務辦事處,,,,,,1,true
花園城第2期,花園城第2期,housingEstate,花園城第2期,,,,,,1,true
大圍新村休憩處,大圍新村休憩處,housingEstate,大圍新村休憩處,,,,,,1,true
海壩村南台祠堂,海壩村南台祠堂,housingEstate,海壩村南台祠堂,,,,,,1,true
基督教香港信義會恩頤居,基督教香港信義會恩頤居,housingEstate,基督教香港信義會恩頤居,,,,,,1,true
"石蔭東邨, 3 座, 蔭興樓(第3座)","石蔭東邨, 3 座, 蔭興樓(第3座)",housingEstate,"石蔭東邨, 3 座, 蔭興樓(第3座)",,,,,,1,true
葵盛浸信會(葵盛東邨),葵盛浸信會(葵盛東邨),housingEstate,葵盛浸信會(葵盛東邨),,,,,,1,true
保良局樂安居暨耆盛長者日間護理中心,保良局樂安居暨耆盛長者日間護理中心,housingEstate,保良局樂安居暨耆盛長者日間護理中心,,,,,,1,true
耆盛長者日間護理中心 (附設於樂安居),耆盛長者日間護理中心 (附設於樂安居),housingEstate,耆盛長者日間護理中心 (附設於樂安居),,,,,,1,true
保良局樂安居暨耆盛長者日間護理中心 [安老院] / 保良局好幫手(葵盛) [社區券認可服務單位],保良局樂安居暨耆盛長者日間護理中心 [安老院] / 保良局好幫手(葵盛) [社區券認可服務單位],housingEstate,保良局樂安居暨耆盛長者日間護理中心 [安老院] / 保良局好幫手(葵盛) [社區券認可服務單位],,,,,,1,true
保良局樂安居 暨耆盛長者日間護理中心,保良局樂安居 暨耆盛長者日間護理中心,housingEstate,保良局樂安居 暨耆盛長者日間護理中心,,,,,,1,true
Wi-Fi.HK 熱點位置: 蝴蝶邨,Wi-Fi.HK 熱點位置: 蝴蝶邨,housingEstate,Wi-Fi.HK 熱點位置: 蝴蝶邨,,,,,,1,true
Wi-Fi.HK 熱點位置: 富泰邨,Wi-Fi.HK 熱點位置: 富泰邨,housingEstate,Wi-Fi.HK 熱點位置: 富泰邨,,,,,,1,true
Wi-Fi.HK 熱點位置: 龍逸邨,Wi-Fi.HK 熱點位置: 龍逸邨,housingEstate,Wi-Fi.HK 熱點位置: 龍逸邨,,,,,,1,true
Wi-Fi.HK 熱點位置: 安定邨,Wi-Fi.HK 熱點位置: 安定邨,housingEstate,Wi-Fi.HK 熱點位置: 安定邨,,,,,,1,true
Wi-Fi.HK 熱點位置: 寶田邨,Wi-Fi.HK 熱點位置: 寶田邨,housingEstate,Wi-Fi.HK 熱點位置: 寶田邨,,,,,,1,true
Wi-Fi.HK 熱點位置: 三聖邨,Wi-Fi.HK 熱點位置: 三聖邨,housingEstate,Wi-Fi.HK 熱點位置: 三聖邨,,,,,,1,true
Wi-Fi.HK 熱點位置: 大興邨,Wi-Fi.HK 熱點位置: 大興邨,housingEstate,Wi-Fi.HK 熱點位置: 大興邨,,,,,,1,true
Wi-Fi.HK 熱點位置: 湖景邨,Wi-Fi.HK 熱點位置: 湖景邨,housingEstate,Wi-Fi.HK 熱點位置: 湖景邨,,,,,,1,true
Wi-Fi.HK 熱點位置: 欣田邨,Wi-Fi.HK 熱點位置: 欣田邨,housingEstate,Wi-Fi.HK 熱點位置: 欣田邨,,,,,,1,true
Wi-Fi.HK 熱點位置: 友愛邨,Wi-Fi.HK 熱點位置: 友愛邨,housingEstate,Wi-Fi.HK 熱點位置: 友愛邨,,,,,,1,true
香港耀能協會小欖青輝園青悠居,香港耀能協會小欖青輝園青悠居,housingEstate,香港耀能協會小欖青輝園青悠居,,,,,,1,true
錦綉花園,錦綉花園,housingEstate,錦綉花園,,,,,,1,true
大旗嶺村村公所,大旗嶺村村公所,housingEstate,大旗嶺村村公所,,,,,,1,true
南坑村紫竹林觀音堂,南坑村紫竹林觀音堂,housingEstate,南坑村紫竹林觀音堂,,,,,,1,true
Wi-Fi.HK 熱點位置: 洪福邨,Wi-Fi.HK 熱點位置: 洪福邨,housingEstate,Wi-Fi.HK 熱點位置: 洪福邨,,,,,,1,true
Wi-Fi.HK 熱點位置: 朗晴邨,Wi-Fi.HK 熱點位置: 朗晴邨,housingEstate,Wi-Fi.HK 熱點位置: 朗晴邨,,,,,,1,true
Wi-Fi.HK 熱點位置: 朗善邨,Wi-Fi.HK 熱點位置: 朗善邨,housingEstate,Wi-Fi.HK 熱點位置: 朗善邨,,,,,,1,true
Wi-Fi.HK 熱點位置: 天澤邨,Wi-Fi.HK 熱點位置: 天澤邨,housingEstate,Wi-Fi.HK 熱點位置: 天澤邨,,,,,,1,true
Wi-Fi.HK 熱點位置: 天晴邨,Wi-Fi.HK 熱點位置: 天晴邨,housingEstate,Wi-Fi.HK 熱點位置: 天晴邨,,,,,,1,true
Wi-Fi.HK 熱點位置: 天恒邨,Wi-Fi.HK 熱點位置: 天恒邨,housingEstate,Wi-Fi.HK 熱點位置: 天恒邨,,,,,,1,true
Wi-Fi.HK 熱點位置: 天慈邨,Wi-Fi.HK 熱點位置: 天慈邨,housingEstate,Wi-Fi.HK 熱點位置: 天慈邨,,,,,,1,true
Wi-Fi.HK 熱點位置: 天華邨,Wi-Fi.HK 熱點位置: 天華邨,housingEstate,Wi-Fi.HK 熱點位置: 天華邨,,,,,,1,true
Wi-Fi.HK 熱點位置: 天恩邨,Wi-Fi.HK 熱點位置: 天恩邨,housingEstate,Wi-Fi.HK 熱點位置: 天恩邨,,,,,,1,true
Wi-Fi.HK 熱點位置: 天逸邨,Wi-Fi.HK 熱點位置: 天逸邨,housingEstate,Wi-Fi.HK 熱點位置: 天逸邨,,,,,,1,true
Wi-Fi.HK 熱點位置: 天悅邨,Wi-Fi.HK 熱點位置: 天悅邨,housingEstate,Wi-Fi.HK 熱點位置: 天悅邨,,,,,,1,true
Wi-Fi.HK 熱點位置: 水邊圍邨,Wi-Fi.HK 熱點位置: 水邊圍邨,housingEstate,Wi-Fi.HK 熱點位置: 水邊圍邨,,,,,,1,true
Wi-Fi.HK 熱點位置: 天瑞一邨,Wi-Fi.HK 熱點位置: 天瑞一邨,housingEstate,Wi-Fi.HK 熱點位置: 天瑞一邨,,,,,,1,true
Wi-Fi.HK 熱點位置: 天瑞二邨,Wi-Fi.HK 熱點位置: 天瑞二邨,housingEstate,Wi-Fi.HK 熱點位置: 天瑞二邨,,,,,,1,true
Wi-Fi.HK 熱點位置: 天耀一邨,Wi-Fi.HK 熱點位置: 天耀一邨,housingEstate,Wi-Fi.HK 熱點位置: 天耀一邨,,,,,,1,true
Wi-Fi.HK 熱點位置: 天耀二邨,Wi-Fi.HK 熱點位置: 天耀二邨,housingEstate,Wi-Fi.HK 熱點位置: 天耀二邨,,,,,,1,true
村公所,村公所,housingEstate,村公所,,,,,,1,true
明愛元朗綜合家居照顧服務,明愛元朗綜合家居照顧服務,housingEstate,明愛元朗綜合家居照顧服務,,,,,,1,true
Wi-Fi.HK 熱點位置: 廣福邨,Wi-Fi.HK 熱點位置: 廣福邨,housingEstate,Wi-Fi.HK 熱點位置: 廣福邨,,,,,,1,true
Wi-Fi.HK 熱點位置: 寶鄉邨,Wi-Fi.HK 熱點位置: 寶鄉邨,housingEstate,Wi-Fi.HK 熱點位置: 寶鄉邨,,,,,,1,true
Wi-Fi.HK 熱點位置: 大元邨,Wi-Fi.HK 熱點位置: 大元邨,housingEstate,Wi-Fi.HK 熱點位置: 大元邨,,,,,,1,true
九龍坑村公所,九龍坑村公所,housingEstate,九龍坑村公所,,,,,,1,true
圍頭村公所,圍頭村公所,housingEstate,圍頭村公所,,,,,,1,true
泰亨祠堂村村公所,泰亨祠堂村村公所,housingEstate,泰亨祠堂村村公所,,,,,,1,true
安居通長者家居用品店(粉嶺),安居通長者家居用品店(粉嶺),housingEstate,安居通長者家居用品店(粉嶺),,,,,,1,true
秀群松柏社區服務中心 - 綜合家居照顧服務隊,秀群松柏社區服務中心 - 綜合家居照顧服務隊,housingEstate,秀群松柏社區服務中心 - 綜合家居照顧服務隊,,,,,,1,true
香港耀能協會新界東家居支援服務,香港耀能協會新界東家居支援服務,housingEstate,香港耀能協會新界東家居支援服務,,,,,,1,true
北區改善家居及社區照顧服務,北區改善家居及社區照顧服務,housingEstate,北區改善家居及社區照顧服務,,,,,,1,true
明愛北區綜合家居照顧服務,明愛北區綜合家居照顧服務,housingEstate,明愛北區綜合家居照顧服務,,,,,,1,true
白普理上水家庭中心綜合家居照顧服務隊,白普理上水家庭中心綜合家居照顧服務隊,housingEstate,白普理上水家庭中心綜合家居照顧服務隊,,,,,,1,true
明愛將軍澳綜合家居照顧服務,明愛將軍澳綜合家居照顧服務,housingEstate,明愛將軍澳綜合家居照顧服務,,,,,,1,true
調景嶺花園,調景嶺花園,housingEstate,調景嶺花園,,,,,,1,true
Wi-Fi.HK 熱點位置: 官坑(西貢北約)村公所,Wi-Fi.HK 熱點位置: 官坑(西貢北約)村公所,housingEstate,Wi-Fi.HK 熱點位置: 官坑(西貢北約)村公所,,,,,,1,true
Wi-Fi.HK 熱點位置: 馬牯纜(西貢北約)村公所,Wi-Fi.HK 熱點位置: 馬牯纜(西貢北約)村公所,housingEstate,Wi-Fi.HK 熱點位置: 馬牯纜(西貢北約)村公所,,,,,,1,true
Wi-Fi.HK 熱點位置: 厚德邨,Wi-Fi.HK 熱點位置: 厚德邨,housingEstate,Wi-Fi.HK 熱點位置: 厚德邨,,,,,,1,true
Wi-Fi.HK 熱點位置: 健明邨,Wi-Fi.HK 熱點位置: 健明邨,housingEstate,Wi-Fi.HK 熱點位置: 健明邨,,,,,,1,true
Wi-Fi.HK 熱點位置: 明德邨,Wi-Fi.HK 熱點位置: 明德邨,housingEstate,Wi-Fi.HK 熱點位置: 明德邨,,,,,,1,true
Wi-Fi.HK 熱點位置: 尚德邨,Wi-Fi.HK 熱點位置: 尚德邨,housingEstate,Wi-Fi.HK 熱點位置: 尚德邨,,,,,,1,true
Wi-Fi.HK 熱點位置: 善明邨,Wi-Fi.HK 熱點位置: 善明邨,housingEstate,Wi-Fi.HK 熱點位置: 善明邨,,,,,,1,true
Wi-Fi.HK 熱點位置: 怡明邨,Wi-Fi.HK 熱點位置: 怡明邨,housingEstate,Wi-Fi.HK 熱點位置: 怡明邨,,,,,,1,true
西貢改善家居及社區照顧服務,西貢改善家居及社區照顧服務,housingEstate,西貢改善家居及社區照顧服務,,,,,,1,true
香港太空館西貢遙控天文台,香港太空館西貢遙控天文台,housingEstate,香港太空館西貢遙控天文台,,,,,,1,true
橋咀觀景台,橋咀觀景台,housingEstate,橋咀觀景台,,,,,,1,true
昂平觀景台,昂平觀景台,housingEstate,昂平觀景台,,,,,,1,true
黃石觀景台,黃石觀景台,housingEstate,黃石觀景台,,,,,,1,true
標尖角觀景台,標尖角觀景台,housingEstate,標尖角觀景台,,,,,,1,true
北潭凹觀景台,北潭凹觀景台,housingEstate,北潭凹觀景台,,,,,,1,true
西灣山觀景台,西灣山觀景台,housingEstate,西灣山觀景台,,,,,,1,true
元五墳觀景台,元五墳觀景台,housingEstate,元五墳觀景台,,,,,,1,true
糧船灣觀景台,糧船灣觀景台,housingEstate,糧船灣觀景台,,,,,,1,true
大南花園,大南花園,housingEstate,大南花園,,,,,,1,true
南苑第1座,南苑第1座,housingEstate,南苑第1座,,,,,,1,true
南苑第10座,南苑第10座,housingEstate,南苑第10座,,,,,,1,true
南苑第2座,南苑第2座,housingEstate,南苑第2座,,,,,,1,true
南苑第3座,南苑第3座,housingEstate,南苑第3座,,,,,,1,true
南苑第4座,南苑第4座,housingEstate,南苑第4座,,,,,,1,true
南苑第5座,南苑第5座,housingEstate,南苑第5座,,,,,,1,true
南苑第6座,南苑第6座,housingEstate,南苑第6座,,,,,,1,true
南苑第7座,南苑第7座,housingEstate,南苑第7座,,,,,,1,true
南苑第8座,南苑第8座,housingEstate,南苑第8座,,,,,,1,true
南苑第9座,南苑第9座,housingEstate,南苑第9座,,,,,,1,true
南苑別墅I座,南苑別墅I座,housingEstate,南苑別墅I座,,,,,,1,true
南苑別墅A座,南苑別墅A座,housingEstate,南苑別墅A座,,,,,,1,true
南苑別墅B座,南苑別墅B座,housingEstate,南苑別墅B座,,,,,,1,true
南苑別墅C座,南苑別墅C座,housingEstate,南苑別墅C座,,,,,,1,true
南苑別墅D座,南苑別墅D座,housingEstate,南苑別墅D座,,,,,,1,true
南苑別墅E座,南苑別墅E座,housingEstate,南苑別墅E座,,,,,,1,true
南苑別墅F座,南苑別墅F座,housingEstate,南苑別墅F座,,,,,,1,true
南苑別墅G座,南苑別墅G座,housingEstate,南苑別墅G座,,,,,,1,true
南苑別墅H座,南苑別墅H座,housingEstate,南苑別墅H座,,,,,,1,true
南苑別墅J座,南苑別墅J座,housingEstate,南苑別墅J座,,,,,,1,true
南苑別墅K座,南苑別墅K座,housingEstate,南苑別墅K座,,,,,,1,true
南苑臺,南苑臺,housingEstate,南苑臺,,,,,,1,true
振南苑,振南苑,housingEstate,振南苑,,,,,,1,true
南苑別墅,南苑別墅,housingEstate,南苑別墅,,,,,,1,true
南苑大廈,南苑大廈,housingEstate,南苑大廈,,,,,,1,true
北苑,北苑,housingEstate,北苑,,,,,,1,true
北苑臺,北苑臺,housingEstate,北苑臺,,,,,,1,true
翠屏(南)邨,翠屏(南)邨,housingEstate,翠屏(南)邨,,,,,,1,true
竹園南邨,竹園南邨,housingEstate,竹園南邨,,,,,,1,true
翠屏（南）邨,翠屏（南）邨,housingEstate,翠屏（南）邨,,,,,,1,true
秀茂坪南邨,秀茂坪南邨,housingEstate,秀茂坪南邨,,,,,,1,true
竹園(南)邨物業服務辦事處,竹園(南)邨物業服務辦事處,housingEstate,竹園(南)邨物業服務辦事處,,,,,,1,true
秀茂坪南邨物業服務辦事處,秀茂坪南邨物業服務辦事處,housingEstate,秀茂坪南邨物業服務辦事處,,,,,,1,true
翠屏(南)邨多層停車場,翠屏(南)邨多層停車場,housingEstate,翠屏(南)邨多層停車場,,,,,,1,true
上北村,上北村,housingEstate,上北村,,,,,,1,true
翠屏(北)邨,翠屏(北)邨,housingEstate,翠屏(北)邨,,,,,,1,true
竹園北邨,竹園北邨,housingEstate,竹園北邨,,,,,,1,true
翠屏（北）邨,翠屏（北）邨,housingEstate,翠屏（北）邨,,,,,,1,true
房屋署樂華(北)邨辦事處,房屋署樂華(北)邨辦事處,housingEstate,房屋署樂華(北)邨辦事處,,,,,,1,true
Sun Chun Villa,Sun Chun Villa,housingEstate,Sun Chun Villa,,,,,,1,true
寶馬山花園會所,寶馬山花園會所,housingEstate,寶馬山花園會所,,,,,,1,true
日房居有限公司,日房居有限公司,housingEstate,日房居有限公司,,,,,,1,true
南豐新邨第10座,南豐新邨第10座,housingEstate,南豐新邨第10座,,,,,,1,true
南豐新邨第3座,南豐新邨第3座,housingEstate,南豐新邨第3座,,,,,,1,true
南豐新邨第4座,南豐新邨第4座,housingEstate,南豐新邨第4座,,,,,,1,true
南豐新邨第5座,南豐新邨第5座,housingEstate,南豐新邨第5座,,,,,,1,true
南豐新邨第6座,南豐新邨第6座,housingEstate,南豐新邨第6座,,,,,,1,true
南豐新邨第7座,南豐新邨第7座,housingEstate,南豐新邨第7座,,,,,,1,true
南豐新邨第8座,南豐新邨第8座,housingEstate,南豐新邨第8座,,,,,,1,true
南豐新邨第9座,南豐新邨第9座,housingEstate,南豐新邨第9座,,,,,,1,true
南豐新邨第1座,南豐新邨第1座,housingEstate,南豐新邨第1座,,,,,,1,true
南豐新邨第11座,南豐新邨第11座,housingEstate,南豐新邨第11座,,,,,,1,true
南豐新邨第12座,南豐新邨第12座,housingEstate,南豐新邨第12座,,,,,,1,true
南豐新邨第2座,南豐新邨第2座,housingEstate,南豐新邨第2座,,,,,,1,true
南豐新邨 (前稱),南豐新邨 (前稱),housingEstate,南豐新邨 (前稱),,,,,,1,true
南豐新邨第10座 (前稱),南豐新邨第10座 (前稱),housingEstate,南豐新邨第10座 (前稱),,,,,,1,true
南豐新邨第3座 (前稱),南豐新邨第3座 (前稱),housingEstate,南豐新邨第3座 (前稱),,,,,,1,true
南豐新邨第4座 (前稱),南豐新邨第4座 (前稱),housingEstate,南豐新邨第4座 (前稱),,,,,,1,true
南豐新邨第5座 (前稱),南豐新邨第5座 (前稱),housingEstate,南豐新邨第5座 (前稱),,,,,,1,true
南豐新邨第6座 (前稱),南豐新邨第6座 (前稱),housingEstate,南豐新邨第6座 (前稱),,,,,,1,true
南豐新邨第7座 (前稱),南豐新邨第7座 (前稱),housingEstate,南豐新邨第7座 (前稱),,,,,,1,true
南豐新邨第8座 (前稱),南豐新邨第8座 (前稱),housingEstate,南豐新邨第8座 (前稱),,,,,,1,true
南豐新邨第9座 (前稱),南豐新邨第9座 (前稱),housingEstate,南豐新邨第9座 (前稱),,,,,,1,true
南豐新邨第1座 (前稱),南豐新邨第1座 (前稱),housingEstate,南豐新邨第1座 (前稱),,,,,,1,true
南豐新邨第11座 (前稱),南豐新邨第11座 (前稱),housingEstate,南豐新邨第11座 (前稱),,,,,,1,true
南豐新邨第12座 (前稱),南豐新邨第12座 (前稱),housingEstate,南豐新邨第12座 (前稱),,,,,,1,true
南豐新邨第2座 (前稱),南豐新邨第2座 (前稱),housingEstate,南豐新邨第2座 (前稱),,,,,,1,true
康山花園第1座,康山花園第1座,housingEstate,康山花園第1座,,,,,,1,true
康山花園第10座,康山花園第10座,housingEstate,康山花園第10座,,,,,,1,true
康山花園第2座,康山花園第2座,housingEstate,康山花園第2座,,,,,,1,true
康山花園第3座,康山花園第3座,housingEstate,康山花園第3座,,,,,,1,true
康山花園第4座,康山花園第4座,housingEstate,康山花園第4座,,,,,,1,true
康山花園第5座,康山花園第5座,housingEstate,康山花園第5座,,,,,,1,true
康山花園第6座,康山花園第6座,housingEstate,康山花園第6座,,,,,,1,true
康山花園第7座,康山花園第7座,housingEstate,康山花園第7座,,,,,,1,true
康山花園第8座,康山花園第8座,housingEstate,康山花園第8座,,,,,,1,true
康山花園第9座,康山花園第9座,housingEstate,康山花園第9座,,,,,,1,true
OK便利店-康山花園,OK便利店-康山花園,housingEstate,OK便利店-康山花園,,,,,,1,true
嘉多利山花園,嘉多利山花園,housingEstate,嘉多利山花園,,,,,,1,true
嘉多理山花園 (別稱),嘉多理山花園 (別稱),housingEstate,嘉多理山花園 (別稱),,,,,,1,true
畢架山花園,畢架山花園,housingEstate,畢架山花園,,,,,,1,true
畢架山花園第一期,畢架山花園第一期,housingEstate,畢架山花園第一期,,,,,,1,true
畢架山花園第二期,畢架山花園第二期,housingEstate,畢架山花園第二期,,,,,,1,true
畢架山花園第三期,畢架山花園第三期,housingEstate,畢架山花園第三期,,,,,,1,true
畢架山花園第四期,畢架山花園第四期,housingEstate,畢架山花園第四期,,,,,,1,true
畢架山花園第一期3座,畢架山花園第一期3座,housingEstate,畢架山花園第一期3座,,,,,,1,true
畢架山花園第一期5座,畢架山花園第一期5座,housingEstate,畢架山花園第一期5座,,,,,,1,true
畢架山花園第一期7座,畢架山花園第一期7座,housingEstate,畢架山花園第一期7座,,,,,,1,true
畢架山花園第二期15座,畢架山花園第二期15座,housingEstate,畢架山花園第二期15座,,,,,,1,true
畢架山花園第二期17座,畢架山花園第二期17座,housingEstate,畢架山花園第二期17座,,,,,,1,true
畢架山花園第二期19座,畢架山花園第二期19座,housingEstate,畢架山花園第二期19座,,,,,,1,true
畢架山花園第三期10座,畢架山花園第三期10座,housingEstate,畢架山花園第三期10座,,,,,,1,true
畢架山花園第三期12座,畢架山花園第三期12座,housingEstate,畢架山花園第三期12座,,,,,,1,true
畢架山花園第三期14座,畢架山花園第三期14座,housingEstate,畢架山花園第三期14座,,,,,,1,true
畢架山花園第三期8座,畢架山花園第三期8座,housingEstate,畢架山花園第三期8座,,,,,,1,true
畢架山花園第四期2座,畢架山花園第四期2座,housingEstate,畢架山花園第四期2座,,,,,,1,true
畢架山花園第四期4座,畢架山花園第四期4座,housingEstate,畢架山花園第四期4座,,,,,,1,true
畢架山花園第四期6座,畢架山花園第四期6座,housingEstate,畢架山花園第四期6座,,,,,,1,true
大坑東邨一號遊樂場,大坑東邨一號遊樂場,housingEstate,大坑東邨一號遊樂場,,,,,,1,true
大坑東邨(流動圖書館八),大坑東邨(流動圖書館八),housingEstate,大坑東邨(流動圖書館八),,,,,,1,true
Wi-Fi.HK 熱點位置: 大坑東邨,Wi-Fi.HK 熱點位置: 大坑東邨,housingEstate,Wi-Fi.HK 熱點位置: 大坑東邨,,,,,,1,true
深水埗改善家居及社區照顧服務,深水埗改善家居及社區照顧服務,housingEstate,深水埗改善家居及社區照顧服務,,,,,,1,true
深水埗綜合家居照顧服務隊,深水埗綜合家居照顧服務隊,housingEstate,深水埗綜合家居照顧服務隊,,,,,,1,true
明愛深水埗綜合家居照顧服務,明愛深水埗綜合家居照顧服務,housingEstate,明愛深水埗綜合家居照顧服務,,,,,,1,true
南山晉逸居,南山晉逸居,housingEstate,南山晉逸居,,,,,,1,true
Wi-Fi.HK 熱點位置: 南山邨,Wi-Fi.HK 熱點位置: 南山邨,housingEstate,Wi-Fi.HK 熱點位置: 南山邨,,,,,,1,true
Wi-Fi.HK 熱點位置: McCafe - 竹園邨,Wi-Fi.HK 熱點位置: McCafe - 竹園邨,housingEstate,Wi-Fi.HK 熱點位置: McCafe - 竹園邨,,,,,,1,true
Wi-Fi.HK 熱點位置: 麥當勞 - 竹園邨,Wi-Fi.HK 熱點位置: 麥當勞 - 竹園邨,housingEstate,Wi-Fi.HK 熱點位置: 麥當勞 - 竹園邨,,,,,,1,true
瑰麗新村,瑰麗新村,housingEstate,瑰麗新村,,,,,,1,true
瑰麗新村第1座,瑰麗新村第1座,housingEstate,瑰麗新村第1座,,,,,,1,true
瑰麗新村第2座,瑰麗新村第2座,housingEstate,瑰麗新村第2座,,,,,,1,true
瑰麗新村第3座,瑰麗新村第3座,housingEstate,瑰麗新村第3座,,,,,,1,true
瑰麗新村第4座,瑰麗新村第4座,housingEstate,瑰麗新村第4座,,,,,,1,true
大坑東邨二號遊樂場,大坑東邨二號遊樂場,housingEstate,大坑東邨二號遊樂場,,,,,,1,true
Wi-Fi.HK 熱點位置: 大坑東邨二號遊樂場,Wi-Fi.HK 熱點位置: 大坑東邨二號遊樂場,housingEstate,Wi-Fi.HK 熱點位置: 大坑東邨二號遊樂場,,,,,,1,true
沙田渣甸山花園A1,沙田渣甸山花園A1,housingEstate,沙田渣甸山花園A1,,,,,,1,true
沙田渣甸山花園A10,沙田渣甸山花園A10,housingEstate,沙田渣甸山花園A10,,,,,,1,true
沙田渣甸山花園A11,沙田渣甸山花園A11,housingEstate,沙田渣甸山花園A11,,,,,,1,true
沙田渣甸山花園A12,沙田渣甸山花園A12,housingEstate,沙田渣甸山花園A12,,,,,,1,true
沙田渣甸山花園A13,沙田渣甸山花園A13,housingEstate,沙田渣甸山花園A13,,,,,,1,true
沙田渣甸山花園A14,沙田渣甸山花園A14,housingEstate,沙田渣甸山花園A14,,,,,,1,true
沙田渣甸山花園A15,沙田渣甸山花園A15,housingEstate,沙田渣甸山花園A15,,,,,,1,true
沙田渣甸山花園A16,沙田渣甸山花園A16,housingEstate,沙田渣甸山花園A16,,,,,,1,true
沙田渣甸山花園A17,沙田渣甸山花園A17,housingEstate,沙田渣甸山花園A17,,,,,,1,true
沙田渣甸山花園A18,沙田渣甸山花園A18,housingEstate,沙田渣甸山花園A18,,,,,,1,true
沙田渣甸山花園A2,沙田渣甸山花園A2,housingEstate,沙田渣甸山花園A2,,,,,,1,true
沙田渣甸山花園A3,沙田渣甸山花園A3,housingEstate,沙田渣甸山花園A3,,,,,,1,true
沙田渣甸山花園A4,沙田渣甸山花園A4,housingEstate,沙田渣甸山花園A4,,,,,,1,true
沙田渣甸山花園A5,沙田渣甸山花園A5,housingEstate,沙田渣甸山花園A5,,,,,,1,true
沙田渣甸山花園A6,沙田渣甸山花園A6,housingEstate,沙田渣甸山花園A6,,,,,,1,true
沙田渣甸山花園A7,沙田渣甸山花園A7,housingEstate,沙田渣甸山花園A7,,,,,,1,true
沙田渣甸山花園A8,沙田渣甸山花園A8,housingEstate,沙田渣甸山花園A8,,,,,,1,true
沙田渣甸山花園A9,沙田渣甸山花園A9,housingEstate,沙田渣甸山花園A9,,,,,,1,true
沙田渣甸山花園B1,沙田渣甸山花園B1,housingEstate,沙田渣甸山花園B1,,,,,,1,true
沙田渣甸山花園B10,沙田渣甸山花園B10,housingEstate,沙田渣甸山花園B10,,,,,,1,true
沙田渣甸山花園B2,沙田渣甸山花園B2,housingEstate,沙田渣甸山花園B2,,,,,,1,true
沙田渣甸山花園B3,沙田渣甸山花園B3,housingEstate,沙田渣甸山花園B3,,,,,,1,true
沙田渣甸山花園B4,沙田渣甸山花園B4,housingEstate,沙田渣甸山花園B4,,,,,,1,true
沙田渣甸山花園B5,沙田渣甸山花園B5,housingEstate,沙田渣甸山花園B5,,,,,,1,true
沙田渣甸山花園B6,沙田渣甸山花園B6,housingEstate,沙田渣甸山花園B6,,,,,,1,true
沙田渣甸山花園B7,沙田渣甸山花園B7,housingEstate,沙田渣甸山花園B7,,,,,,1,true
沙田渣甸山花園B8,沙田渣甸山花園B8,housingEstate,沙田渣甸山花園B8,,,,,,1,true
沙田渣甸山花園B9,沙田渣甸山花園B9,housingEstate,沙田渣甸山花園B9,,,,,,1,true
沙田渣甸山花園C1,沙田渣甸山花園C1,housingEstate,沙田渣甸山花園C1,,,,,,1,true
沙田渣甸山花園C10,沙田渣甸山花園C10,housingEstate,沙田渣甸山花園C10,,,,,,1,true
沙田渣甸山花園C11,沙田渣甸山花園C11,housingEstate,沙田渣甸山花園C11,,,,,,1,true
沙田渣甸山花園C12,沙田渣甸山花園C12,housingEstate,沙田渣甸山花園C12,,,,,,1,true
沙田渣甸山花園C2,沙田渣甸山花園C2,housingEstate,沙田渣甸山花園C2,,,,,,1,true
沙田渣甸山花園C3,沙田渣甸山花園C3,housingEstate,沙田渣甸山花園C3,,,,,,1,true
沙田渣甸山花園C4,沙田渣甸山花園C4,housingEstate,沙田渣甸山花園C4,,,,,,1,true
沙田渣甸山花園C5,沙田渣甸山花園C5,housingEstate,沙田渣甸山花園C5,,,,,,1,true
沙田渣甸山花園C6,沙田渣甸山花園C6,housingEstate,沙田渣甸山花園C6,,,,,,1,true
沙田渣甸山花園C7,沙田渣甸山花園C7,housingEstate,沙田渣甸山花園C7,,,,,,1,true
沙田渣甸山花園C8,沙田渣甸山花園C8,housingEstate,沙田渣甸山花園C8,,,,,,1,true
沙田渣甸山花園C9,沙田渣甸山花園C9,housingEstate,沙田渣甸山花園C9,,,,,,1,true
沙田渣甸山花園D1,沙田渣甸山花園D1,housingEstate,沙田渣甸山花園D1,,,,,,1,true
沙田渣甸山花園,沙田渣甸山花園,housingEstate,沙田渣甸山花園,,,,,,1,true
沙田漁民新村 (別稱),沙田漁民新村 (別稱),housingEstate,沙田漁民新村 (別稱),,,,,,1,true
烏溪沙青年新村,烏溪沙青年新村,housingEstate,烏溪沙青年新村,,,,,,1,true
荃灣九華新村村公所,荃灣九華新村村公所,housingEstate,荃灣九華新村村公所,,,,,,1,true
綠楊新邨,綠楊新邨,housingEstate,綠楊新邨,,,,,,1,true
香港聖公會麥理浩夫人中心 老圍/新村/芙蓉山(大窩村)社區發展計劃,香港聖公會麥理浩夫人中心 老圍/新村/芙蓉山(大窩村)社區發展計劃,housingEstate,香港聖公會麥理浩夫人中心 老圍/新村/芙蓉山(大窩村)社區發展計劃,,,,,,1,true
深井新村旱廁,深井新村旱廁,housingEstate,深井新村旱廁,,,,,,1,true
新村孫氏家祠,新村孫氏家祠,housingEstate,新村孫氏家祠,,,,,,1,true
石碧新村村公所,石碧新村村公所,housingEstate,石碧新村村公所,,,,,,1,true
淨音佛閣,淨音佛閣,housingEstate,淨音佛閣,,,,,,1,true
象山邨翠山樓4樓廚餘機旁,象山邨翠山樓4樓廚餘機旁,housingEstate,象山邨翠山樓4樓廚餘機旁,,,,,,1,true
象山邨停車場,象山邨停車場,housingEstate,象山邨停車場,,,,,,1,true
PARKNSHOP 象山邨,PARKNSHOP 象山邨,housingEstate,PARKNSHOP 象山邨,,,,,,1,true
象山邨(流動圖書館十二),象山邨(流動圖書館十二),housingEstate,象山邨(流動圖書館十二),,,,,,1,true
Wi-Fi.HK 熱點位置: 象山邨,Wi-Fi.HK 熱點位置: 象山邨,housingEstate,Wi-Fi.HK 熱點位置: 象山邨,,,,,,1,true
九華新村村公所,九華新村村公所,housingEstate,九華新村村公所,,,,,,1,true
天台精舍,天台精舍,housingEstate,天台精舍,,,,,,1,true
Wi-Fi.HK 熱點位置: 麥當勞 - 葵盛東邨,Wi-Fi.HK 熱點位置: 麥當勞 - 葵盛東邨,housingEstate,Wi-Fi.HK 熱點位置: 麥當勞 - 葵盛東邨,,,,,,1,true
屯門新村村公所,屯門新村村公所,housingEstate,屯門新村村公所,,,,,,1,true
蓮池淨苑,蓮池淨苑,housingEstate,蓮池淨苑,,,,,,1,true
覺修淨苑,覺修淨苑,housingEstate,覺修淨苑,,,,,,1,true
彌陀閣,彌陀閣,housingEstate,彌陀閣,,,,,,1,true
唐人新村遊樂場,唐人新村遊樂場,housingEstate,唐人新村遊樂場,,,,,,1,true
水蕉新村旱廁(1),水蕉新村旱廁(1),housingEstate,水蕉新村旱廁(1),,,,,,1,true
水蕉新村村公所,水蕉新村村公所,housingEstate,水蕉新村村公所,,,,,,1,true
Wi-Fi.HK 熱點位置: 楊屋新村(屏山)村公所,Wi-Fi.HK 熱點位置: 楊屋新村(屏山)村公所,housingEstate,Wi-Fi.HK 熱點位置: 楊屋新村(屏山)村公所,,,,,,1,true
Wi-Fi.HK 熱點位置: 元崗新村(八鄉)村公所,Wi-Fi.HK 熱點位置: 元崗新村(八鄉)村公所,housingEstate,Wi-Fi.HK 熱點位置: 元崗新村(八鄉)村公所,,,,,,1,true
橫台山村公所,橫台山村公所,housingEstate,橫台山村公所,,,,,,1,true
Wi-Fi.HK 熱點位置: 山厦村(屏山)村公所,Wi-Fi.HK 熱點位置: 山厦村(屏山)村公所,housingEstate,Wi-Fi.HK 熱點位置: 山厦村(屏山)村公所,,,,,,1,true
Wi-Fi.HK 熱點位置: 石埗村(屏山)村公所,Wi-Fi.HK 熱點位置: 石埗村(屏山)村公所,housingEstate,Wi-Fi.HK 熱點位置: 石埗村(屏山)村公所,,,,,,1,true
Wi-Fi.HK 熱點位置: 橫洲(屏山)村公所,Wi-Fi.HK 熱點位置: 橫洲(屏山)村公所,housingEstate,Wi-Fi.HK 熱點位置: 橫洲(屏山)村公所,,,,,,1,true
Wi-Fi.HK 熱點位置: 鳳池村(屏山)村公所,Wi-Fi.HK 熱點位置: 鳳池村(屏山)村公所,housingEstate,Wi-Fi.HK 熱點位置: 鳳池村(屏山)村公所,,,,,,1,true
Wi-Fi.HK 熱點位置: 水邊村(屏山)村公所,Wi-Fi.HK 熱點位置: 水邊村(屏山)村公所,housingEstate,Wi-Fi.HK 熱點位置: 水邊村(屏山)村公所,,,,,,1,true
Wi-Fi.HK 熱點位置: 楊屋村(屏山)村公所,Wi-Fi.HK 熱點位置: 楊屋村(屏山)村公所,housingEstate,Wi-Fi.HK 熱點位置: 楊屋村(屏山)村公所,,,,,,1,true
Wi-Fi.HK 熱點位置: 大井吳屋(屏山)村公所,Wi-Fi.HK 熱點位置: 大井吳屋(屏山)村公所,housingEstate,Wi-Fi.HK 熱點位置: 大井吳屋(屏山)村公所,,,,,,1,true
Wi-Fi.HK 熱點位置: 新慶村(屏山)村公所 (服務辦事處),Wi-Fi.HK 熱點位置: 新慶村(屏山)村公所 (服務辦事處),housingEstate,Wi-Fi.HK 熱點位置: 新慶村(屏山)村公所 (服務辦事處),,,,,,1,true
Wi-Fi.HK 熱點位置: 橫台山(八鄉)村公所,Wi-Fi.HK 熱點位置: 橫台山(八鄉)村公所,housingEstate,Wi-Fi.HK 熱點位置: 橫台山(八鄉)村公所,,,,,,1,true
荔枝山花園A座,荔枝山花園A座,housingEstate,荔枝山花園A座,,,,,,1,true
荔枝山花園B座,荔枝山花園B座,housingEstate,荔枝山花園B座,,,,,,1,true
荔枝山花園C座,荔枝山花園C座,housingEstate,荔枝山花園C座,,,,,,1,true
荔枝山花園D座,荔枝山花園D座,housingEstate,荔枝山花園D座,,,,,,1,true
新村村公所,新村村公所,housingEstate,新村村公所,,,,,,1,true
社山村具考古研究價值的地點,社山村具考古研究價值的地點,housingEstate,社山村具考古研究價值的地點,,,,,,1,true
社山村兒童遊樂場,社山村兒童遊樂場,housingEstate,社山村兒童遊樂場,,,,,,1,true
PARKNSHOP 皇后山邨,PARKNSHOP 皇后山邨,housingEstate,PARKNSHOP 皇后山邨,,,,,,1,true
紅橋新村天后廟,紅橋新村天后廟,housingEstate,紅橋新村天后廟,,,,,,1,true
華山村鄉公所,華山村鄉公所,housingEstate,華山村鄉公所,,,,,,1,true
文儀新邨A座,文儀新邨A座,housingEstate,文儀新邨A座,,,,,,1,true
文儀新邨B座,文儀新邨B座,housingEstate,文儀新邨B座,,,,,,1,true
文儀新邨C座,文儀新邨C座,housingEstate,文儀新邨C座,,,,,,1,true
文都新邨A1座,文都新邨A1座,housingEstate,文都新邨A1座,,,,,,1,true
文都新邨A2座,文都新邨A2座,housingEstate,文都新邨A2座,,,,,,1,true
文都新邨B1座,文都新邨B1座,housingEstate,文都新邨B1座,,,,,,1,true
文都新邨B2座,文都新邨B2座,housingEstate,文都新邨B2座,,,,,,1,true
文儀新邨 (前稱),文儀新邨 (前稱),housingEstate,文儀新邨 (前稱),,,,,,1,true
文都新邨 (前稱),文都新邨 (前稱),housingEstate,文都新邨 (前稱),,,,,,1,true
白石窩新村旱廁,白石窩新村旱廁,housingEstate,白石窩新村旱廁,,,,,,1,true
碧水新村旱廁(2),碧水新村旱廁(2),housingEstate,碧水新村旱廁(2),,,,,,1,true
碧水新村旱廁(3),碧水新村旱廁(3),housingEstate,碧水新村旱廁(3),,,,,,1,true
滘西新村村公所,滘西新村村公所,housingEstate,滘西新村村公所,,,,,,1,true
蠔涌村公所,蠔涌村公所,housingEstate,蠔涌村公所,,,,,,1,true
Wi-Fi.HK 熱點位置: 滘西村碼頭,Wi-Fi.HK 熱點位置: 滘西村碼頭,housingEstate,Wi-Fi.HK 熱點位置: 滘西村碼頭,,,,,,1,true
新城市廣場第三期,新城市廣場第三期,mall,新城市廣場第三期,,,,,,1,true
海典軒商場,海典軒商場,mall,海典軒商場,,,,,,1,true
華麗購物廣場,華麗購物廣場,mall,華麗購物廣場,,,,,,1,true
銅鑼灣廣場2期,銅鑼灣廣場2期,mall,銅鑼灣廣場2期,,,,,,1,true
順利商場（二期）,順利商場（二期）,mall,順利商場（二期）,,,,,,1,true
新城市廣場第一期,新城市廣場第一期,mall,新城市廣場第一期,,,,,,1,true
川田集團工貿廣場,川田集團工貿廣場,mall,川田集團工貿廣場,,,,,,1,true
GI商場,GI商場,mall,GI商場,,,,,,1,true
Wi-Fi.HK 熱點位置: 半島中心商場,Wi-Fi.HK 熱點位置: 半島中心商場,mall,Wi-Fi.HK 熱點位置: 半島中心商場,,,,,,1,true
Wi-Fi.HK 熱點位置: 利時商場,Wi-Fi.HK 熱點位置: 利時商場,mall,Wi-Fi.HK 熱點位置: 利時商場,,,,,,1,true
Wi-Fi.HK 熱點位置: 南洋中心商場,Wi-Fi.HK 熱點位置: 南洋中心商場,mall,Wi-Fi.HK 熱點位置: 南洋中心商場,,,,,,1,true
海富商場,海富商場,mall,海富商場,,,,,,1,true
金都商場,金都商場,mall,金都商場,,,,,,1,true
麼地廣場,麼地廣場,mall,麼地廣場,,,,,,1,true
寶靈商場,寶靈商場,mall,寶靈商場,,,,,,1,true
海麗商場智郵寄,海麗商場智郵寄,mall,海麗商場智郵寄,,,,,,1,true
蘇屋商場,蘇屋商場,mall,蘇屋商場,,,,,,1,true
麗閣商場,麗閣商場,mall,麗閣商場,,,,,,1,true
福仁電腦商場,福仁電腦商場,mall,福仁電腦商場,,,,,,1,true
OK便利店-蘇屋商場,OK便利店-蘇屋商場,mall,OK便利店-蘇屋商場,,,,,,1,true
Wi-Fi.HK 熱點位置: 海麗商場,Wi-Fi.HK 熱點位置: 海麗商場,mall,Wi-Fi.HK 熱點位置: 海麗商場,,,,,,1,true
Wi-Fi.HK 熱點位置: 南山商場,Wi-Fi.HK 熱點位置: 南山商場,mall,Wi-Fi.HK 熱點位置: 南山商場,,,,,,1,true
Wi-Fi.HK 熱點位置: 蘇屋商場,Wi-Fi.HK 熱點位置: 蘇屋商場,mall,Wi-Fi.HK 熱點位置: 蘇屋商場,,,,,,1,true
Wi-Fi.HK 熱點位置: 麥當勞 - 蘇屋商場,Wi-Fi.HK 熱點位置: 麥當勞 - 蘇屋商場,mall,Wi-Fi.HK 熱點位置: 麥當勞 - 蘇屋商場,,,,,,1,true
觀塘秀茂坪村秀茂坪購物商場,觀塘秀茂坪村秀茂坪購物商場,mall,觀塘秀茂坪村秀茂坪購物商場,,,,,,1,true
曉麗商場,曉麗商場,mall,曉麗商場,,,,,,1,true
啓田商場,啓田商場,mall,啓田商場,,,,,,1,true
平田商場,平田商場,mall,平田商場,,,,,,1,true
寶達商場,寶達商場,mall,寶達商場,,,,,,1,true
翠屏(北)商場,翠屏(北)商場,mall,翠屏(北)商場,,,,,,1,true
安泰商場,安泰商場,mall,安泰商場,,,,,,1,true
秀茂坪商場,秀茂坪商場,mall,秀茂坪商場,,,,,,1,true
秀茂坪商場停車場,秀茂坪商場停車場,mall,秀茂坪商場停車場,,,,,,1,true
PARKNSHOP-寶達商場,PARKNSHOP-寶達商場,mall,PARKNSHOP-寶達商場,,,,,,1,true
惠康超級市場-秀茂坪商場,惠康超級市場-秀茂坪商場,mall,惠康超級市場-秀茂坪商場,,,,,,1,true
OK便利店-寶達商場,OK便利店-寶達商場,mall,OK便利店-寶達商場,,,,,,1,true
筲箕灣廣場,筲箕灣廣場,mall,筲箕灣廣場,,,,,,1,true
榕樹灣廣場,榕樹灣廣場,mall,榕樹灣廣場,,,,,,1,true
銀線灣廣場,銀線灣廣場,mall,銀線灣廣場,,,,,,1,true
長沙灣廣場,長沙灣廣場,mall,長沙灣廣場,,,,,,1,true
天悅筲箕灣廣場第二座,天悅筲箕灣廣場第二座,mall,天悅筲箕灣廣場第二座,,,,,,1,true
天悅筲箕灣廣場第三座,天悅筲箕灣廣場第三座,mall,天悅筲箕灣廣場第三座,,,,,,1,true
九龍廣場,九龍廣場,mall,九龍廣場,,,,,,1,true
麗晶商場,麗晶商場,mall,麗晶商場,,,,,,1,true
OK便利店-德福商場1期,OK便利店-德福商場1期,mall,OK便利店-德福商場1期,,,,,,1,true
"本計劃委託之化驗所(淘大商場), (樣本收集點)","本計劃委託之化驗所(淘大商場), (樣本收集點)",mall,"本計劃委託之化驗所(淘大商場), (樣本收集點)",,,,,,1,true
商業廣場停車場,商業廣場停車場,mall,商業廣場停車場,,,,,,1,true
Wi-Fi.HK 熱點位置: 黃大仙廣場,Wi-Fi.HK 熱點位置: 黃大仙廣場,mall,Wi-Fi.HK 熱點位置: 黃大仙廣場,,,,,,1,true
啟德花園購物商場,啟德花園購物商場,mall,啟德花園購物商場,,,,,,1,true
惠康超級市場-啟鑽商場,惠康超級市場-啟鑽商場,mall,惠康超級市場-啟鑽商場,,,,,,1,true
新九龍廣場,新九龍廣場,mall,新九龍廣場,,,,,,1,true
錦英苑商場,錦英苑商場,mall,錦英苑商場,,,,,,1,true
碩門商場,碩門商場,mall,碩門商場,,,,,,1,true
秦石商場,秦石商場,mall,秦石商場,,,,,,1,true
博康商場,博康商場,mall,博康商場,,,,,,1,true
美田商場,美田商場,mall,美田商場,,,,,,1,true
廣源商場,廣源商場,mall,廣源商場,,,,,,1,true
愉田苑商場辦事處,愉田苑商場辦事處,mall,愉田苑商場辦事處,,,,,,1,true
頌安商場,頌安商場,mall,頌安商場,,,,,,1,true
耀安商場,耀安商場,mall,耀安商場,,,,,,1,true
穗禾苑商場,穗禾苑商場,mall,穗禾苑商場,,,,,,1,true
愉翠商場,愉翠商場,mall,愉翠商場,,,,,,1,true
駿洋商場,駿洋商場,mall,駿洋商場,,,,,,1,true
海福商場,海福商場,mall,海福商場,,,,,,1,true
新田圍商場,新田圍商場,mall,新田圍商場,,,,,,1,true
富豪花園商場(第1期),富豪花園商場(第1期),mall,富豪花園商場(第1期),,,,,,1,true
富豪花園商場(第2期),富豪花園商場(第2期),mall,富豪花園商場(第2期),,,,,,1,true
PARKNSHOP 廣源商場,PARKNSHOP 廣源商場,mall,PARKNSHOP 廣源商場,,,,,,1,true
PARKNSHOP-耀安商場,PARKNSHOP-耀安商場,mall,PARKNSHOP-耀安商場,,,,,,1,true
熟食檔-隆亨商場,熟食檔-隆亨商場,mall,熟食檔-隆亨商場,,,,,,1,true
熟食檔-新翠商場,熟食檔-新翠商場,mall,熟食檔-新翠商場,,,,,,1,true
熟食檔-美林商場,熟食檔-美林商場,mall,熟食檔-美林商場,,,,,,1,true
梨木樹商場,梨木樹商場,mall,梨木樹商場,,,,,,1,true
荃錦中心商場,荃錦中心商場,mall,荃錦中心商場,,,,,,1,true
海灣花園商場,海灣花園商場,mall,海灣花園商場,,,,,,1,true
富麗花園商場,富麗花園商場,mall,富麗花園商場,,,,,,1,true
翠濤閣商場,翠濤閣商場,mall,翠濤閣商場,,,,,,1,true
悅來坊商場,悅來坊商場,mall,悅來坊商場,,,,,,1,true
灣景花園商場,灣景花園商場,mall,灣景花園商場,,,,,,1,true
海灣花園購物商場,海灣花園購物商場,mall,海灣花園購物商場,,,,,,1,true
OK便利店-梨木樹商場,OK便利店-梨木樹商場,mall,OK便利店-梨木樹商場,,,,,,1,true
葵涌商場停車場,葵涌商場停車場,mall,葵涌商場停車場,,,,,,1,true
回收機構及收集點： 葵涌商場,回收機構及收集點： 葵涌商場,mall,回收機構及收集點： 葵涌商場,,,,,,1,true
惠康超級廣場-葵涌,惠康超級廣場-葵涌,mall,惠康超級廣場-葵涌,,,,,,1,true
Wi-Fi.HK 熱點位置: 葵涌商場,Wi-Fi.HK 熱點位置: 葵涌商場,mall,Wi-Fi.HK 熱點位置: 葵涌商場,,,,,,1,true
和宜商場,和宜商場,mall,和宜商場,,,,,,1,true
安蔭商場,安蔭商場,mall,安蔭商場,,,,,,1,true
石蔭商場,石蔭商場,mall,石蔭商場,,,,,,1,true
祖堯邨商場酒樓,祖堯邨商場酒樓,mall,祖堯邨商場酒樓,,,,,,1,true
葵興商場,葵興商場,mall,葵興商場,,,,,,1,true
葵盛東商場,葵盛東商場,mall,葵盛東商場,,,,,,1,true
大窩口商場,大窩口商場,mall,大窩口商場,,,,,,1,true
Vango-石蔭邨石蔭商場,Vango-石蔭邨石蔭商場,mall,Vango-石蔭邨石蔭商場,,,,,,1,true
葵星中心商場,葵星中心商場,mall,葵星中心商場,,,,,,1,true
石籬商場(第1期),石籬商場(第1期),mall,石籬商場(第1期),,,,,,1,true
石籬商場(第2期),石籬商場(第2期),mall,石籬商場(第2期),,,,,,1,true
新屯門商場停車場,新屯門商場停車場,mall,新屯門商場停車場,,,,,,1,true
屯門市廣場第一期 (商場),屯門市廣場第一期 (商場),mall,屯門市廣場第一期 (商場),,,,,,1,true
屯門欣田邨商場停車場繳費處,屯門欣田邨商場停車場繳費處,mall,屯門欣田邨商場停車場繳費處,,,,,,1,true
業旺商場,業旺商場,mall,業旺商場,,,,,,1,true
寶田商場,寶田商場,mall,寶田商場,,,,,,1,true
兆麟商場,兆麟商場,mall,兆麟商場,,,,,,1,true
海趣坊商場,海趣坊商場,mall,海趣坊商場,,,,,,1,true
建生商場,建生商場,mall,建生商場,,,,,,1,true
欣田商場,欣田商場,mall,欣田商場,,,,,,1,true
山景商場,山景商場,mall,山景商場,,,,,,1,true
和田商場,和田商場,mall,和田商場,,,,,,1,true
元朗洪水橋洪福商場管理處,元朗洪水橋洪福商場管理處,mall,元朗洪水橋洪福商場管理處,,,,,,1,true
朗善商場,朗善商場,mall,朗善商場,,,,,,1,true
朗善邨朗善商場,朗善邨朗善商場,mall,朗善邨朗善商場,,,,,,1,true
天澤商場,天澤商場,mall,天澤商場,,,,,,1,true
天盛商場,天盛商場,mall,天盛商場,,,,,,1,true
天瑞商場,天瑞商場,mall,天瑞商場,,,,,,1,true
天慈商場,天慈商場,mall,天慈商場,,,,,,1,true
好順利商場,好順利商場,mall,好順利商場,,,,,,1,true
嘉湖新北江商場,嘉湖新北江商場,mall,嘉湖新北江商場,,,,,,1,true
PARKNSHOP 洪福商場,PARKNSHOP 洪福商場,mall,PARKNSHOP 洪福商場,,,,,,1,true
"本計劃委託之化驗所(元朗-世宙商場), (樣本收集點)","本計劃委託之化驗所(元朗-世宙商場), (樣本收集點)",mall,"本計劃委託之化驗所(元朗-世宙商場), (樣本收集點)",,,,,,1,true
OK便利店-洪福商場,OK便利店-洪福商場,mall,OK便利店-洪福商場,,,,,,1,true
富蝶邨商場地下,富蝶邨商場地下,mall,富蝶邨商場地下,,,,,,1,true
榮暉商場,榮暉商場,mall,榮暉商場,,,,,,1,true
富蝶商場,富蝶商場,mall,富蝶商場,,,,,,1,true
大元商場新翼,大元商場新翼,mall,大元商場新翼,,,,,,1,true
美豐花園商場,美豐花園商場,mall,美豐花園商場,,,,,,1,true
PARKNSHOP-富蝶商場,PARKNSHOP-富蝶商場,mall,PARKNSHOP-富蝶商場,,,,,,1,true
PARKNSHOP-大元商場,PARKNSHOP-大元商場,mall,PARKNSHOP-大元商場,,,,,,1,true
熟食檔-富善商場,熟食檔-富善商場,mall,熟食檔-富善商場,,,,,,1,true
OK便利店-富善商場,OK便利店-富善商場,mall,OK便利店-富善商場,,,,,,1,true
OK便利店-昌運中心商場,OK便利店-昌運中心商場,mall,OK便利店-昌運中心商場,,,,,,1,true
清濤商場,清濤商場,mall,清濤商場,,,,,,1,true
熟食檔-祥華商場,熟食檔-祥華商場,mall,熟食檔-祥華商場,,,,,,1,true
OK便利店-華明商場,OK便利店-華明商場,mall,OK便利店-華明商場,,,,,,1,true
OK便利店-雍盛商場,OK便利店-雍盛商場,mall,OK便利店-雍盛商場,,,,,,1,true
上水廣場停車場,上水廣場停車場,mall,上水廣場停車場,,,,,,1,true
回收機構及收集點： 上水廣場,回收機構及收集點： 上水廣場,mall,回收機構及收集點： 上水廣場,,,,,,1,true
Wi-Fi.HK 熱點位置: 上水廣場,Wi-Fi.HK 熱點位置: 上水廣場,mall,Wi-Fi.HK 熱點位置: 上水廣場,,,,,,1,true
天平商場,天平商場,mall,天平商場,,,,,,1,true
清河商場物業服務辦事處,清河商場物業服務辦事處,mall,清河商場物業服務辦事處,,,,,,1,true
龍豐花園商場,龍豐花園商場,mall,龍豐花園商場,,,,,,1,true
翠麗花園商場,翠麗花園商場,mall,翠麗花園商場,,,,,,1,true
Wi-Fi.HK 熱點位置: 麥當勞 -上水名都商場,Wi-Fi.HK 熱點位置: 麥當勞 -上水名都商場,mall,Wi-Fi.HK 熱點位置: 麥當勞 -上水名都商場,,,,,,1,true
商業廣場,商業廣場,mall,商業廣場,,,,,,1,true
將軍澳中心(商場)停車場,將軍澳中心(商場)停車場,mall,將軍澳中心(商場)停車場,,,,,,1,true
雍明商場,雍明商場,mall,雍明商場,,,,,,1,true
景林商場,景林商場,mall,景林商場,,,,,,1,true
新都城三期商場,新都城三期商場,mall,新都城三期商場,,,,,,1,true
明德商場,明德商場,mall,明德商場,,,,,,1,true
寶林商場,寶林商場,mall,寶林商場,,,,,,1,true
彩明商場,彩明商場,mall,彩明商場,,,,,,1,true
慧安商場,慧安商場,mall,慧安商場,,,,,,1,true
新寶城商場,新寶城商場,mall,新寶城商場,,,,,,1,true
維景灣畔第三期商場,維景灣畔第三期商場,mall,維景灣畔第三期商場,,,,,,1,true
東港城商場,東港城商場,mall,東港城商場,,,,,,1,true
Wi-Fi.HK 熱點位置: 將軍澳中心(商場),Wi-Fi.HK 熱點位置: 將軍澳中心(商場),mall,Wi-Fi.HK 熱點位置: 將軍澳中心(商場),,,,,,1,true
安秀商場,安秀商場,mall,安秀商場,,,,,,1,true
厚德商場,厚德商場,mall,厚德商場,,,,,,1,true
宏景花園商場,宏景花園商場,mall,宏景花園商場,,,,,,1,true
惠康超級廣場-康澤花園,惠康超級廣場-康澤花園,mall,惠康超級廣場-康澤花園,,,,,,1,true
港灣豪庭廣場,港灣豪庭廣場,mall,港灣豪庭廣場,,,,,,1,true
九龍城廣場 (前稱),九龍城廣場 (前稱),mall,九龍城廣場 (前稱),,,,,,1,true
Wi-Fi.HK 熱點位置: McCafe - 新都城中心二期商場,Wi-Fi.HK 熱點位置: McCafe - 新都城中心二期商場,mall,Wi-Fi.HK 熱點位置: McCafe - 新都城中心二期商場,,,,,,1,true
Wi-Fi.HK 熱點位置: 麥當勞 - 新都城中心二期商場,Wi-Fi.HK 熱點位置: 麥當勞 - 新都城中心二期商場,mall,Wi-Fi.HK 熱點位置: 麥當勞 - 新都城中心二期商場,,,,,,1,true
Wi-Fi.HK 熱點位置: 九龍城廣場,Wi-Fi.HK 熱點位置: 九龍城廣場,mall,Wi-Fi.HK 熱點位置: 九龍城廣場,,,,,,1,true
Wi-Fi.HK 熱點位置: McCafe - 新港城廣場,Wi-Fi.HK 熱點位置: McCafe - 新港城廣場,mall,Wi-Fi.HK 熱點位置: McCafe - 新港城廣場,,,,,,1,true
Wi-Fi.HK 熱點位置: 麥當勞 - 新港城廣場,Wi-Fi.HK 熱點位置: 麥當勞 - 新港城廣場,mall,Wi-Fi.HK 熱點位置: 麥當勞 - 新港城廣場,,,,,,1,true
觀塘碼頭廣場,觀塘碼頭廣場,mall,觀塘碼頭廣場,,,,,,1,true
珀麗灣碼頭廣場,珀麗灣碼頭廣場,mall,珀麗灣碼頭廣場,,,,,,1,true
黃埔花園黃埔廣場(8期),黃埔花園黃埔廣場(8期),mall,黃埔花園黃埔廣場(8期),,,,,,1,true
花旗銀行廣場 (前稱),花旗銀行廣場 (前稱),mall,花旗銀行廣場 (前稱),,,,,,1,true
萬國寶通廣場 (前稱),萬國寶通廣場 (前稱),mall,萬國寶通廣場 (前稱),,,,,,1,true
Wi-Fi.HK 熱點位置: 普慶廣場花園,Wi-Fi.HK 熱點位置: 普慶廣場花園,mall,Wi-Fi.HK 熱點位置: 普慶廣場花園,,,,,,1,true
富景花園商場,富景花園商場,mall,富景花園商場,,,,,,1,true
富寶商場,富寶商場,mall,富寶商場,,,,,,1,true
海悅花園商場,海悅花園商場,mall,海悅花園商場,,,,,,1,true
宏福花園商場,宏福花園商場,mall,宏福花園商場,,,,,,1,true
豪景花園商場,豪景花園商場,mall,豪景花園商場,,,,,,1,true
薄扶林花園商場A座,薄扶林花園商場A座,mall,薄扶林花園商場A座,,,,,,1,true
薄扶林花園商場B座,薄扶林花園商場B座,mall,薄扶林花園商場B座,,,,,,1,true
富豪花園商場 (前稱),富豪花園商場 (前稱),mall,富豪花園商場 (前稱),,,,,,1,true
美樂花園商場 (別稱),美樂花園商場 (別稱),mall,美樂花園商場 (別稱),,,,,,1,true
雲叠花園商場 (別稱),雲叠花園商場 (別稱),mall,雲叠花園商場 (別稱),,,,,,1,true
翠竹花園商場 (別稱),翠竹花園商場 (別稱),mall,翠竹花園商場 (別稱),,,,,,1,true
一洲國際廣場 (前稱),一洲國際廣場 (前稱),mall,一洲國際廣場 (前稱),,,,,,1,true
西岸商場,西岸商場,mall,西岸商場,,,,,,1,true
Wi-Fi.HK 熱點位置: 昌運中心商場,Wi-Fi.HK 熱點位置: 昌運中心商場,mall,Wi-Fi.HK 熱點位置: 昌運中心商場,,,,,,1,true
幸福商場,幸福商場,mall,幸福商場,,,,,,1,true
OK便利店-幸福商場,OK便利店-幸福商場,mall,OK便利店-幸福商場,,,,,,1,true
泓富產業千禧廣場,泓富產業千禧廣場,mall,泓富產業千禧廣場,,,,,,1,true
太平洋廣場,太平洋廣場,mall,太平洋廣場,,,,,,1,true
華懋廣場,華懋廣場,mall,華懋廣場,,,,,,1,true
OK便利店-兆康商場,OK便利店-兆康商場,mall,OK便利店-兆康商場,,,,,,1,true
Wi-Fi.HK 熱點位置: 博康商場,Wi-Fi.HK 熱點位置: 博康商場,mall,Wi-Fi.HK 熱點位置: 博康商場,,,,,,1,true
Wi-Fi.HK 熱點位置: 兆康商場,Wi-Fi.HK 熱點位置: 兆康商場,mall,Wi-Fi.HK 熱點位置: 兆康商場,,,,,,1,true
長康邨第二商場,長康邨第二商場,mall,長康邨第二商場,,,,,,1,true
兆安廣場,兆安廣場,mall,兆安廣場,,,,,,1,true
永安廣場,永安廣場,mall,永安廣場,,,,,,1,true
民安廣場 (前稱),民安廣場 (前稱),mall,民安廣場 (前稱),,,,,,1,true
金安商場,金安商場,mall,金安商場,,,,,,1,true
欣安商場,欣安商場,mall,欣安商場,,,,,,1,true
欣安商場（第二期）,欣安商場（第二期）,mall,欣安商場（第二期）,,,,,,1,true
利安商場,利安商場,mall,利安商場,,,,,,1,true
欣安商場(第二期)停車場辦事處,欣安商場(第二期)停車場辦事處,mall,欣安商場(第二期)停車場辦事處,,,,,,1,true
順安商場及停車場 (別稱),順安商場及停車場 (別稱),mall,順安商場及停車場 (別稱),,,,,,1,true
OK便利店-頌安商場,OK便利店-頌安商場,mall,OK便利店-頌安商場,,,,,,1,true
OK便利店-耀安商場,OK便利店-耀安商場,mall,OK便利店-耀安商場,,,,,,1,true
豐貿廣場,豐貿廣場,mall,豐貿廣場,,,,,,1,true
OK便利店-天盛商場,OK便利店-天盛商場,mall,OK便利店-天盛商場,,,,,,1,true
中華商場,中華商場,mall,中華商場,,,,,,1,true
惠康超級廣場-紅磡,惠康超級廣場-紅磡,mall,惠康超級廣場-紅磡,,,,,,1,true
貿易廣場,貿易廣場,mall,貿易廣場,,,,,,1,true
欣榮商場,欣榮商場,mall,欣榮商場,,,,,,1,true
Fusion-欣榮商場,Fusion-欣榮商場,mall,Fusion-欣榮商場,,,,,,1,true
OK便利店-逸峯廣場,OK便利店-逸峯廣場,mall,OK便利店-逸峯廣場,,,,,,1,true
華富商場,華富商場,mall,華富商場,,,,,,1,true
麗翠商場,麗翠商場,mall,麗翠商場,,,,,,1,true
環翠商場 (別稱),環翠商場 (別稱),mall,環翠商場 (別稱),,,,,,1,true
環翠商場 (前稱),環翠商場 (前稱),mall,環翠商場 (前稱),,,,,,1,true
OK便利店-愉翠商場,OK便利店-愉翠商場,mall,OK便利店-愉翠商場,,,,,,1,true
OK便利店-新翠商場,OK便利店-新翠商場,mall,OK便利店-新翠商場,,,,,,1,true
惠康超級廣場-環翠,惠康超級廣場-環翠,mall,惠康超級廣場-環翠,,,,,,1,true
Wi-Fi.HK 熱點位置: 新翠商場,Wi-Fi.HK 熱點位置: 新翠商場,mall,Wi-Fi.HK 熱點位置: 新翠商場,,,,,,1,true
東貿廣場,東貿廣場,mall,東貿廣場,,,,,,1,true
裕雅商場,裕雅商場,mall,裕雅商場,,,,,,1,true
東涌裕雅苑裕雅商場,東涌裕雅苑裕雅商場,mall,東涌裕雅苑裕雅商場,,,,,,1,true
德發商場,德發商場,mall,德發商場,,,,,,1,true
金邦商場,金邦商場,mall,金邦商場,,,,,,1,true
昇悅商場,昇悅商場,mall,昇悅商場,,,,,,1,true
利寶商場,利寶商場,mall,利寶商場,,,,,,1,true
萬寶商場,萬寶商場,mall,萬寶商場,,,,,,1,true
迎東商場,迎東商場,mall,迎東商場,,,,,,1,true
白田商場,白田商場,mall,白田商場,,,,,,1,true
啟鑽商場,啟鑽商場,mall,啟鑽商場,,,,,,1,true
灝景灣商場,灝景灣商場,mall,灝景灣商場,,,,,,1,true
Wi-Fi.HK 熱點位置: 富寶商場,Wi-Fi.HK 熱點位置: 富寶商場,mall,Wi-Fi.HK 熱點位置: 富寶商場,,,,,,1,true
喜盈商場,喜盈商場,mall,喜盈商場,,,,,,1,true
富昌商場 (前稱),富昌商場 (前稱),mall,富昌商場 (前稱),,,,,,1,true
晴朗商場,晴朗商場,mall,晴朗商場,,,,,,1,true
PARKNSHOP 晴朗商場,PARKNSHOP 晴朗商場,mall,PARKNSHOP 晴朗商場,,,,,,1,true
OK便利店-晴朗商場,OK便利店-晴朗商場,mall,OK便利店-晴朗商場,,,,,,1,true
Wi-Fi.HK 熱點位置: 晴朗商場,Wi-Fi.HK 熱點位置: 晴朗商場,mall,Wi-Fi.HK 熱點位置: 晴朗商場,,,,,,1,true
Wi-Fi.HK 熱點位置: McCafe - 晴朗商場,Wi-Fi.HK 熱點位置: McCafe - 晴朗商場,mall,Wi-Fi.HK 熱點位置: McCafe - 晴朗商場,,,,,,1,true
Wi-Fi.HK 熱點位置: 麥當勞 - 晴朗商場,Wi-Fi.HK 熱點位置: 麥當勞 - 晴朗商場,mall,Wi-Fi.HK 熱點位置: 麥當勞 - 晴朗商場,,,,,,1,true
昇御商場,昇御商場,mall,昇御商場,,,,,,1,true
擎天廣場,擎天廣場,mall,擎天廣場,,,,,,1,true
海天廣場,海天廣場,mall,海天廣場,,,,,,1,true
海天廣場停車場,海天廣場停車場,mall,海天廣場停車場,,,,,,1,true
Wi-Fi.HK 熱點位置: 香港體育館露天廣場,Wi-Fi.HK 熱點位置: 香港體育館露天廣場,mall,Wi-Fi.HK 熱點位置: 香港體育館露天廣場,,,,,,1,true
Wi-Fi.HK 熱點位置: 香港文化中心露天廣場及尖沙咀海濱花園,Wi-Fi.HK 熱點位置: 香港文化中心露天廣場及尖沙咀海濱花園,mall,Wi-Fi.HK 熱點位置: 香港文化中心露天廣場及尖沙咀海濱花園,,,,,,1,true
順天商場,順天商場,mall,順天商場,,,,,,1,true
帝后廣場,帝后廣場,mall,帝后廣場,,,,,,1,true
皇后像廣場花園,皇后像廣場花園,mall,皇后像廣場花園,,,,,,1,true
皇廷廣場,皇廷廣場,mall,皇廷廣場,,,,,,1,true
屯門中央廣場,屯門中央廣場,mall,屯門中央廣場,,,,,,1,true
東華百週年紀念廣場花園,東華百週年紀念廣場花園,mall,東華百週年紀念廣場花園,,,,,,1,true
康怡廣場(南),康怡廣場(南),mall,康怡廣場(南),,,,,,1,true
AEON STYLE康怡-綜合百貨,AEON STYLE康怡-綜合百貨,mall,AEON STYLE康怡-綜合百貨,,,,,,1,true
新科技廣場,新科技廣場,mall,新科技廣場,,,,,,1,true
《Organic We 對得住地球基地》綠色生活百貨,《Organic We 對得住地球基地》綠色生活百貨,mall,《Organic We 對得住地球基地》綠色生活百貨,,,,,,1,true
MOKO新世紀廣場,MOKO新世紀廣場,mall,MOKO新世紀廣場,,,,,,1,true
回收機構及收集點： MOKO新世紀廣場,回收機構及收集點： MOKO新世紀廣場,mall,回收機構及收集點： MOKO新世紀廣場,,,,,,1,true
Wi-Fi.HK 熱點位置: MOKO新世紀廣場,Wi-Fi.HK 熱點位置: MOKO新世紀廣場,mall,Wi-Fi.HK 熱點位置: MOKO新世紀廣場,,,,,,1,true
永義廣場,永義廣場,mall,永義廣場,,,,,,1,true
華匯廣場,華匯廣場,mall,華匯廣場,,,,,,1,true
新高登電腦廣場,新高登電腦廣場,mall,新高登電腦廣場,,,,,,1,true
OK便利店-翠屏(北)商場,OK便利店-翠屏(北)商場,mall,OK便利店-翠屏(北)商場,,,,,,1,true
熟食檔-竹園廣場,熟食檔-竹園廣場,mall,熟食檔-竹園廣場,,,,,,1,true
Wi-Fi.HK 熱點位置: 美田商場,Wi-Fi.HK 熱點位置: 美田商場,mall,Wi-Fi.HK 熱點位置: 美田商場,,,,,,1,true
Wi-Fi.HK 熱點位置: 碩門商場,Wi-Fi.HK 熱點位置: 碩門商場,mall,Wi-Fi.HK 熱點位置: 碩門商場,,,,,,1,true
葵盛西商場停車場,葵盛西商場停車場,mall,葵盛西商場停車場,,,,,,1,true
屯門時代廣場北翼,屯門時代廣場北翼,mall,屯門時代廣場北翼,,,,,,1,true
屯門時代廣場南翼,屯門時代廣場南翼,mall,屯門時代廣場南翼,,,,,,1,true
Wi-Fi.HK 熱點位置: 麥當勞 - 屯門時代廣場,Wi-Fi.HK 熱點位置: 麥當勞 - 屯門時代廣場,mall,Wi-Fi.HK 熱點位置: 麥當勞 - 屯門時代廣場,,,,,,1,true
Wi-Fi.HK 熱點位置: 欣田商場,Wi-Fi.HK 熱點位置: 欣田商場,mall,Wi-Fi.HK 熱點位置: 欣田商場,,,,,,1,true
元朗公園 - 噴泉廣場對面,元朗公園 - 噴泉廣場對面,mall,元朗公園 - 噴泉廣場對面,,,,,,1,true
朗壹廣場,朗壹廣場,mall,朗壹廣場,,,,,,1,true
Wi-Fi.HK 熱點位置: 洪福商場,Wi-Fi.HK 熱點位置: 洪福商場,mall,Wi-Fi.HK 熱點位置: 洪福商場,,,,,,1,true
Wi-Fi.HK 熱點位置: 屏欣商場,Wi-Fi.HK 熱點位置: 屏欣商場,mall,Wi-Fi.HK 熱點位置: 屏欣商場,,,,,,1,true
Wi-Fi.HK 熱點位置: 天晴商場,Wi-Fi.HK 熱點位置: 天晴商場,mall,Wi-Fi.HK 熱點位置: 天晴商場,,,,,,1,true
Wi-Fi.HK 熱點位置: 天恩商場,Wi-Fi.HK 熱點位置: 天恩商場,mall,Wi-Fi.HK 熱點位置: 天恩商場,,,,,,1,true
皇帝大廈,皇帝大廈,officeTower,皇帝大廈,,,,,,1,true
展亮技能發展中心(屯門),展亮技能發展中心(屯門),officeTower,展亮技能發展中心(屯門),,,,,,1,true
康樂園護老中心有限公司,康樂園護老中心有限公司,officeTower,康樂園護老中心有限公司,,,,,,1,true
聯合大廈,聯合大廈,officeTower,聯合大廈,,,,,,1,true
基督教懷智服務處白普理田景中心暨宿舍,基督教懷智服務處白普理田景中心暨宿舍,officeTower,基督教懷智服務處白普理田景中心暨宿舍,,,,,,1,true
愛群理療護理院有限公司 [安老院] / 愛群理療暨長者日間護理中心 [社區券認可服務單位],愛群理療護理院有限公司 [安老院] / 愛群理療暨長者日間護理中心 [社區券認可服務單位],officeTower,愛群理療護理院有限公司 [安老院] / 愛群理療暨長者日間護理中心 [社區券認可服務單位],,,,,,1,true
愛群理療護理院(第一分院) [安老院] / 愛群理療暨長者日間護理中心(第一分院) [社區券認可服務單位],愛群理療護理院(第一分院) [安老院] / 愛群理療暨長者日間護理中心(第一分院) [社區券認可服務單位],officeTower,愛群理療護理院(第一分院) [安老院] / 愛群理療暨長者日間護理中心(第一分院) [社區券認可服務單位],,,,,,1,true
西洋大樓,西洋大樓,officeTower,西洋大樓,,,,,,1,true
HOPE少數族裔人士支援服務中心,HOPE少數族裔人士支援服務中心,officeTower,HOPE少數族裔人士支援服務中心,,,,,,1,true
建造業議會九龍灣訓練中心 (前稱),建造業議會九龍灣訓練中心 (前稱),officeTower,建造業議會九龍灣訓練中心 (前稱),,,,,,1,true
建造業訓練局九龍灣訓練中心 (前稱),建造業訓練局九龍灣訓練中心 (前稱),officeTower,建造業訓練局九龍灣訓練中心 (前稱),,,,,,1,true
建造業議會葵涌訓練中心 (前稱),建造業議會葵涌訓練中心 (前稱),officeTower,建造業議會葵涌訓練中心 (前稱),,,,,,1,true
建造業訓練局葵涌訓練中心 (前稱),建造業訓練局葵涌訓練中心 (前稱),officeTower,建造業訓練局葵涌訓練中心 (前稱),,,,,,1,true
天天護老中心有限公司 [安老院] / 鈞溢幫(屯門) [社區券認可服務單位],天天護老中心有限公司 [安老院] / 鈞溢幫(屯門) [社區券認可服務單位],officeTower,天天護老中心有限公司 [安老院] / 鈞溢幫(屯門) [社區券認可服務單位],,,,,,1,true
西貢大廈B座 (前稱),西貢大廈B座 (前稱),officeTower,西貢大廈B座 (前稱),,,,,,1,true
香港公教婚姻輔導會恩悅綜合家庭服務中心,香港公教婚姻輔導會恩悅綜合家庭服務中心,officeTower,香港公教婚姻輔導會恩悅綜合家庭服務中心,,,,,,1,true
堅城商業大廈,堅城商業大廈,officeTower,堅城商業大廈,,,,,,1,true
美輪大廈,美輪大廈,officeTower,美輪大廈,,,,,,1,true
緬甸大廈,緬甸大廈,officeTower,緬甸大廈,,,,,,1,true
金豐大廈,金豐大廈,officeTower,金豐大廈,,,,,,1,true
Wi-Fi.HK 熱點位置: 重慶大廈,Wi-Fi.HK 熱點位置: 重慶大廈,officeTower,Wi-Fi.HK 熱點位置: 重慶大廈,,,,,,1,true
漢國尖沙咀中心 (前稱),漢國尖沙咀中心 (前稱),officeTower,漢國尖沙咀中心 (前稱),,,,,,1,true
東海商業中心,東海商業中心,officeTower,東海商業中心,,,,,,1,true
基督教勵行會旺角教育中心,基督教勵行會旺角教育中心,officeTower,基督教勵行會旺角教育中心,,,,,,1,true
基督教勵行會基督教勵行會旺角服務中心,基督教勵行會基督教勵行會旺角服務中心,officeTower,基督教勵行會基督教勵行會旺角服務中心,,,,,,1,true
九龍總商會耆英中心,九龍總商會耆英中心,officeTower,九龍總商會耆英中心,,,,,,1,true
協成行旺角中心,協成行旺角中心,officeTower,協成行旺角中心,,,,,,1,true
旺角中心第1期,旺角中心第1期,officeTower,旺角中心第1期,,,,,,1,true
旺角中心第一座 (別稱),旺角中心第一座 (別稱),officeTower,旺角中心第一座 (別稱),,,,,,1,true
睛明眼科手術中心,睛明眼科手術中心,officeTower,睛明眼科手術中心,,,,,,1,true
旺中眼科手術中心,旺中眼科手術中心,officeTower,旺中眼科手術中心,,,,,,1,true
信康婦產及乳腺中心,信康婦產及乳腺中心,officeTower,信康婦產及乳腺中心,,,,,,1,true
旺角電腦中心,旺角電腦中心,officeTower,旺角電腦中心,,,,,,1,true
荷李活商業中心,荷李活商業中心,officeTower,荷李活商業中心,,,,,,1,true
威特商業大廈 (前稱),威特商業大廈 (前稱),officeTower,威特商業大廈 (前稱),,,,,,1,true
可旺耆英鄰舍中心,可旺耆英鄰舍中心,officeTower,可旺耆英鄰舍中心,,,,,,1,true
逸康醫務中心,逸康醫務中心,officeTower,逸康醫務中心,,,,,,1,true
香港減重及糖尿外科中心,香港減重及糖尿外科中心,officeTower,香港減重及糖尿外科中心,,,,,,1,true
香港腸胃綜合專科中心,香港腸胃綜合專科中心,officeTower,香港腸胃綜合專科中心,,,,,,1,true
百度內視鏡中心,百度內視鏡中心,officeTower,百度內視鏡中心,,,,,,1,true
香港心理衛生會油蔴地展能中心,香港心理衛生會油蔴地展能中心,officeTower,香港心理衛生會油蔴地展能中心,,,,,,1,true
泰盛商業(油麻地)大樓 (別稱),泰盛商業(油麻地)大樓 (別稱),officeTower,泰盛商業(油麻地)大樓 (別稱),,,,,,1,true
明愛鄭承峰長者社區中心(深水埗),明愛鄭承峰長者社區中心(深水埗),officeTower,明愛鄭承峰長者社區中心(深水埗),,,,,,1,true
香港明愛明愛鄭承峰長者社區中心(深水埗),香港明愛明愛鄭承峰長者社區中心(深水埗),officeTower,香港明愛明愛鄭承峰長者社區中心(深水埗),,,,,,1,true
郭興坤長者鄰舍中心,郭興坤長者鄰舍中心,officeTower,郭興坤長者鄰舍中心,,,,,,1,true
安康醫務中心有限公司,安康醫務中心有限公司,officeTower,安康醫務中心有限公司,,,,,,1,true
深水埗康樂文化大樓,深水埗康樂文化大樓,officeTower,深水埗康樂文化大樓,,,,,,1,true
榮昌護老中心,榮昌護老中心,officeTower,榮昌護老中心,,,,,,1,true
香港小童群益會香港小童群益會賽馬會 秀茂坪青少年綜合服務中心 「夜貓子民」東九龍夜青服務隊,香港小童群益會香港小童群益會賽馬會 秀茂坪青少年綜合服務中心 「夜貓子民」東九龍夜青服務隊,officeTower,香港小童群益會香港小童群益會賽馬會 秀茂坪青少年綜合服務中心 「夜貓子民」東九龍夜青服務隊,,,,,,1,true
竹園區神召會好鄰舍家庭中心,竹園區神召會好鄰舍家庭中心,officeTower,竹園區神召會好鄰舍家庭中心,,,,,,1,true
瑞安護老中心(順安)有限公司,瑞安護老中心(順安)有限公司,officeTower,瑞安護老中心(順安)有限公司,,,,,,1,true
瑞安護老中心(順安) 有限公司,瑞安護老中心(順安) 有限公司,officeTower,瑞安護老中心(順安) 有限公司,,,,,,1,true
保良局方譚遠良健樂中心,保良局方譚遠良健樂中心,officeTower,保良局方譚遠良健樂中心,,,,,,1,true
瑞興護老中心有限公司,瑞興護老中心有限公司,officeTower,瑞興護老中心有限公司,,,,,,1,true
新松齡護老中心,新松齡護老中心,officeTower,新松齡護老中心,,,,,,1,true
白沙灣中心,白沙灣中心,officeTower,白沙灣中心,,,,,,1,true
西九龍中心,西九龍中心,officeTower,西九龍中心,,,,,,1,true
筲箕灣中心1座,筲箕灣中心1座,officeTower,筲箕灣中心1座,,,,,,1,true
筲箕灣中心2座,筲箕灣中心2座,officeTower,筲箕灣中心2座,,,,,,1,true
筲箕灣中心3座,筲箕灣中心3座,officeTower,筲箕灣中心3座,,,,,,1,true
麗灣大廈,麗灣大廈,officeTower,麗灣大廈,,,,,,1,true
清水灣大廈A座,清水灣大廈A座,officeTower,清水灣大廈A座,,,,,,1,true
清水灣大廈B座,清水灣大廈B座,officeTower,清水灣大廈B座,,,,,,1,true
清水灣大廈C座,清水灣大廈C座,officeTower,清水灣大廈C座,,,,,,1,true
清水灣大廈D座,清水灣大廈D座,officeTower,清水灣大廈D座,,,,,,1,true
清水灣大廈E座,清水灣大廈E座,officeTower,清水灣大廈E座,,,,,,1,true
清水灣大廈F座,清水灣大廈F座,officeTower,清水灣大廈F座,,,,,,1,true
清水灣大廈G座,清水灣大廈G座,officeTower,清水灣大廈G座,,,,,,1,true
清水灣大廈H座,清水灣大廈H座,officeTower,清水灣大廈H座,,,,,,1,true
職業訓練局九龍灣訓練中心綜合大樓 (前稱),職業訓練局九龍灣訓練中心綜合大樓 (前稱),officeTower,職業訓練局九龍灣訓練中心綜合大樓 (前稱),,,,,,1,true
黃大仙地區康健中心 - 主中心,黃大仙地區康健中心 - 主中心,officeTower,黃大仙地區康健中心 - 主中心,,,,,,1,true
希維爾醫務中心有限公司,希維爾醫務中心有限公司,officeTower,希維爾醫務中心有限公司,,,,,,1,true
黃大仙中心 (前稱),黃大仙中心 (前稱),officeTower,黃大仙中心 (前稱),,,,,,1,true
黃大仙中心多層停車場,黃大仙中心多層停車場,officeTower,黃大仙中心多層停車場,,,,,,1,true
誠信汽車維修中心,誠信汽車維修中心,officeTower,誠信汽車維修中心,,,,,,1,true
匯達商業中心,匯達商業中心,officeTower,匯達商業中心,,,,,,1,true
寶光商業中心,寶光商業中心,officeTower,寶光商業中心,,,,,,1,true
油塘中心,油塘中心,officeTower,油塘中心,,,,,,1,true
友邦九龍大樓,友邦九龍大樓,officeTower,友邦九龍大樓,,,,,,1,true
香港傷健協會賽馬會沙田青少年綜合服務中心(分處),香港傷健協會賽馬會沙田青少年綜合服務中心(分處),officeTower,香港傷健協會賽馬會沙田青少年綜合服務中心(分處),,,,,,1,true
中華電力有限公司-沙田中心,中華電力有限公司-沙田中心,officeTower,中華電力有限公司-沙田中心,,,,,,1,true
大聯汽車服務中心,大聯汽車服務中心,officeTower,大聯汽車服務中心,,,,,,1,true
金國維修-火炭中心,金國維修-火炭中心,officeTower,金國維修-火炭中心,,,,,,1,true
健康惠港長者醫康養中心,健康惠港長者醫康養中心,officeTower,健康惠港長者醫康養中心,,,,,,1,true
新城市商業大廈,新城市商業大廈,officeTower,新城市商業大廈,,,,,,1,true
進優生活復康中心 (荃灣),進優生活復康中心 (荃灣),officeTower,進優生活復康中心 (荃灣),,,,,,1,true
荃灣西長者鄰舍中心,荃灣西長者鄰舍中心,officeTower,荃灣西長者鄰舍中心,,,,,,1,true
葵涌長者鄰舍中心,葵涌長者鄰舍中心,officeTower,葵涌長者鄰舍中心,,,,,,1,true
騰達護老中心(葵涌),騰達護老中心(葵涌),officeTower,騰達護老中心(葵涌),,,,,,1,true
葵青地區康健中心 - 附屬中心 - 葵涌東,葵青地區康健中心 - 附屬中心 - 葵涌東,officeTower,葵青地區康健中心 - 附屬中心 - 葵涌東,,,,,,1,true
葵青地區康健中心 - 附屬中心 - 葵涌西北,葵青地區康健中心 - 附屬中心 - 葵涌西北,officeTower,葵青地區康健中心 - 附屬中心 - 葵涌西北,,,,,,1,true
安健醫務中心有限公司,安健醫務中心有限公司,officeTower,安健醫務中心有限公司,,,,,,1,true
大鴻輝(葵湧)中心,大鴻輝(葵湧)中心,officeTower,大鴻輝(葵湧)中心,,,,,,1,true
大鴻輝(葵涌)中心第一期 (前稱),大鴻輝(葵涌)中心第一期 (前稱),officeTower,大鴻輝(葵涌)中心第一期 (前稱),,,,,,1,true
大鴻輝(葵涌)中心第二期 (前稱),大鴻輝(葵涌)中心第二期 (前稱),officeTower,大鴻輝(葵涌)中心第二期 (前稱),,,,,,1,true
職業訓練局葵涌大樓,職業訓練局葵涌大樓,officeTower,職業訓練局葵涌大樓,,,,,,1,true
康順護老中心有限公司,康順護老中心有限公司,officeTower,康順護老中心有限公司,,,,,,1,true
澤康醫務中心,澤康醫務中心,officeTower,澤康醫務中心,,,,,,1,true
葵涌屈臣中心 (別稱),葵涌屈臣中心 (別稱),officeTower,葵涌屈臣中心 (別稱),,,,,,1,true
葵涌屈臣氏中心 (別稱),葵涌屈臣氏中心 (別稱),officeTower,葵涌屈臣氏中心 (別稱),,,,,,1,true
盈豐商業大廈,盈豐商業大廈,officeTower,盈豐商業大廈,,,,,,1,true
屯門地區康健中心 - 附屬中心 - 屯門西北,屯門地區康健中心 - 附屬中心 - 屯門西北,officeTower,屯門地區康健中心 - 附屬中心 - 屯門西北,,,,,,1,true
屯門地區康健中心 - 附屬中心 - 大興及山景,屯門地區康健中心 - 附屬中心 - 大興及山景,officeTower,屯門地區康健中心 - 附屬中心 - 大興及山景,,,,,,1,true
Vcity 商業停車場,Vcity 商業停車場,officeTower,Vcity 商業停車場,,,,,,1,true
元朗地區康健中心 - 附屬中心 - 天水圍南,元朗地區康健中心 - 附屬中心 - 天水圍南,officeTower,元朗地區康健中心 - 附屬中心 - 天水圍南,,,,,,1,true
香港中華基督教青年會天水圍天澤會所賽馬會綜合青少年服務中心,香港中華基督教青年會天水圍天澤會所賽馬會綜合青少年服務中心,officeTower,香港中華基督教青年會天水圍天澤會所賽馬會綜合青少年服務中心,,,,,,1,true
誠信商業大廈,誠信商業大廈,officeTower,誠信商業大廈,,,,,,1,true
大埔長者鄰舍中心,大埔長者鄰舍中心,officeTower,大埔長者鄰舍中心,,,,,,1,true
匡智會匡智富善中心,匡智會匡智富善中心,officeTower,匡智會匡智富善中心,,,,,,1,true
茶果嶺大廈,茶果嶺大廈,officeTower,茶果嶺大廈,,,,,,1,true
綜合運動大樓,綜合運動大樓,officeTower,綜合運動大樓,,,,,,1,true
黃氏行政大樓,黃氏行政大樓,officeTower,黃氏行政大樓,,,,,,1,true
鄰舍輔導會 茶果嶺中心,鄰舍輔導會 茶果嶺中心,officeTower,鄰舍輔導會 茶果嶺中心,,,,,,1,true
粉嶺海外大廈,粉嶺海外大廈,officeTower,粉嶺海外大廈,,,,,,1,true
新教學大樓 (別稱),新教學大樓 (別稱),officeTower,新教學大樓 (別稱),,,,,,1,true
香港青少年服務處賽馬會粉嶺綜合青少年服務中心,香港青少年服務處賽馬會粉嶺綜合青少年服務中心,officeTower,香港青少年服務處賽馬會粉嶺綜合青少年服務中心,,,,,,1,true
Wi-Fi.HK 熱點位置: 上水就業中心,Wi-Fi.HK 熱點位置: 上水就業中心,officeTower,Wi-Fi.HK 熱點位置: 上水就業中心,,,,,,1,true
天平護老中心有限公司,天平護老中心有限公司,officeTower,天平護老中心有限公司,,,,,,1,true
保頤醫務中心,保頤醫務中心,officeTower,保頤醫務中心,,,,,,1,true
寶靈商業中心,寶靈商業中心,officeTower,寶靈商業中心,,,,,,1,true
商業大樓,商業大樓,officeTower,商業大樓,,,,,,1,true
維京科技商業中心A座,維京科技商業中心A座,officeTower,維京科技商業中心A座,,,,,,1,true
維京科技商業中心B座,維京科技商業中心B座,officeTower,維京科技商業中心B座,,,,,,1,true
統生商業大廈,統生商業大廈,officeTower,統生商業大廈,,,,,,1,true
金通商業大廈,金通商業大廈,officeTower,金通商業大廈,,,,,,1,true
安邦商業大廈,安邦商業大廈,officeTower,安邦商業大廈,,,,,,1,true
寶華商業大廈,寶華商業大廈,officeTower,寶華商業大廈,,,,,,1,true
金壘商業中心,金壘商業中心,officeTower,金壘商業中心,,,,,,1,true
世紀商業大廈,世紀商業大廈,officeTower,世紀商業大廈,,,,,,1,true
中福商業大廈,中福商業大廈,officeTower,中福商業大廈,,,,,,1,true
嘉賓商業大廈,嘉賓商業大廈,officeTower,嘉賓商業大廈,,,,,,1,true
俊僑商業中心,俊僑商業中心,officeTower,俊僑商業中心,,,,,,1,true
中望商業中心,中望商業中心,officeTower,中望商業中心,,,,,,1,true
永光商業大廈,永光商業大廈,officeTower,永光商業大廈,,,,,,1,true
昌隆商業大廈,昌隆商業大廈,officeTower,昌隆商業大廈,,,,,,1,true
健匯專科中心(將軍澳),健匯專科中心(將軍澳),officeTower,健匯專科中心(將軍澳),,,,,,1,true
進康醫務中心(將軍澳),進康醫務中心(將軍澳),officeTower,進康醫務中心(將軍澳),,,,,,1,true
香港家庭福利會將軍澳(南)綜合家庭服務中心,香港家庭福利會將軍澳(南)綜合家庭服務中心,officeTower,香港家庭福利會將軍澳(南)綜合家庭服務中心,,,,,,1,true
將軍澳中心,將軍澳中心,officeTower,將軍澳中心,,,,,,1,true
Market Place 將軍澳中心 (Jasons ichiba),Market Place 將軍澳中心 (Jasons ichiba),officeTower,Market Place 將軍澳中心 (Jasons ichiba),,,,,,1,true
OK便利店-將軍澳中心,OK便利店-將軍澳中心,officeTower,OK便利店-將軍澳中心,,,,,,1,true
將軍澳中心(商業中心)(第一及第二期),將軍澳中心(商業中心)(第一及第二期),officeTower,將軍澳中心(商業中心)(第一及第二期),,,,,,1,true
香港中旅證件服務將軍澳中心,香港中旅證件服務將軍澳中心,officeTower,香港中旅證件服務將軍澳中心,,,,,,1,true
回收機構及收集點： 將軍澳中心,回收機構及收集點： 將軍澳中心,officeTower,回收機構及收集點： 將軍澳中心,,,,,,1,true
Wi-Fi.HK 熱點位置: McCafe - 將軍澳中心,Wi-Fi.HK 熱點位置: McCafe - 將軍澳中心,officeTower,Wi-Fi.HK 熱點位置: McCafe - 將軍澳中心,,,,,,1,true
Wi-Fi.HK 熱點位置: 麥當勞 - 將軍澳中心,Wi-Fi.HK 熱點位置: 麥當勞 - 將軍澳中心,officeTower,Wi-Fi.HK 熱點位置: 麥當勞 - 將軍澳中心,,,,,,1,true
滙心醫務中心有限公司,滙心醫務中心有限公司,officeTower,滙心醫務中心有限公司,,,,,,1,true
西貢大廈 (前稱),西貢大廈 (前稱),officeTower,西貢大廈 (前稱),,,,,,1,true
西貢大廈A座 (前稱),西貢大廈A座 (前稱),officeTower,西貢大廈A座 (前稱),,,,,,1,true
志和商業大廈,志和商業大廈,officeTower,志和商業大廈,,,,,,1,true
昌華商業大廈,昌華商業大廈,officeTower,昌華商業大廈,,,,,,1,true
雅蘭中心,雅蘭中心,officeTower,雅蘭中心,,,,,,1,true
"本計劃委託之化驗所(旺角-雅蘭中心), (樣本收集點)","本計劃委託之化驗所(旺角-雅蘭中心), (樣本收集點)",officeTower,"本計劃委託之化驗所(旺角-雅蘭中心), (樣本收集點)",,,,,,1,true
創生肌肉骨骼痛症中心,創生肌肉骨骼痛症中心,officeTower,創生肌肉骨骼痛症中心,,,,,,1,true
亞洲癌症及血液專科中心,亞洲癌症及血液專科中心,officeTower,亞洲癌症及血液專科中心,,,,,,1,true
香港內視鏡中心,香港內視鏡中心,officeTower,香港內視鏡中心,,,,,,1,true
希瑪眼科手術中心,希瑪眼科手術中心,officeTower,希瑪眼科手術中心,,,,,,1,true
雅蘭高清腸胃內視鏡中心,雅蘭高清腸胃內視鏡中心,officeTower,雅蘭高清腸胃內視鏡中心,,,,,,1,true
唯創醫務中心,唯創醫務中心,officeTower,唯創醫務中心,,,,,,1,true
格蘭中心,格蘭中心,officeTower,格蘭中心,,,,,,1,true
OK便利店-格蘭中心,OK便利店-格蘭中心,officeTower,OK便利店-格蘭中心,,,,,,1,true
高端智能腸胃內視鏡中心,高端智能腸胃內視鏡中心,officeTower,高端智能腸胃內視鏡中心,,,,,,1,true
香港腸胃內視鏡中心,香港腸胃內視鏡中心,officeTower,香港腸胃內視鏡中心,,,,,,1,true
啟康外科醫務中心,啟康外科醫務中心,officeTower,啟康外科醫務中心,,,,,,1,true
嘉宏中心,嘉宏中心,officeTower,嘉宏中心,,,,,,1,true
雅蘭中心一期,雅蘭中心一期,officeTower,雅蘭中心一期,,,,,,1,true
雅蘭中心二期,雅蘭中心二期,officeTower,雅蘭中心二期,,,,,,1,true
嘉宏中心A座,嘉宏中心A座,officeTower,嘉宏中心A座,,,,,,1,true
嘉宏中心B座,嘉宏中心B座,officeTower,嘉宏中心B座,,,,,,1,true
聯和服務護老中心,聯和服務護老中心,officeTower,聯和服務護老中心,,,,,,1,true
香港專科手術及內窺鏡中心有限公司,香港專科手術及內窺鏡中心有限公司,officeTower,香港專科手術及內窺鏡中心有限公司,,,,,,1,true
高清腸胃內視鏡中心,高清腸胃內視鏡中心,officeTower,高清腸胃內視鏡中心,,,,,,1,true
高清腸胃內視鏡中心有限公司,高清腸胃內視鏡中心有限公司,officeTower,高清腸胃內視鏡中心有限公司,,,,,,1,true
嘉蘭大廈,嘉蘭大廈,officeTower,嘉蘭大廈,,,,,,1,true
大昌大廈,大昌大廈,officeTower,大昌大廈,,,,,,1,true
嘉域大廈 (前稱),嘉域大廈 (前稱),officeTower,嘉域大廈 (前稱),,,,,,1,true
觀塘民政諮詢中心,觀塘民政諮詢中心,officeTower,觀塘民政諮詢中心,,,,,,1,true
Wi-Fi.HK 熱點位置: 觀塘民政事務處 - 諮詢服務中心,Wi-Fi.HK 熱點位置: 觀塘民政事務處 - 諮詢服務中心,officeTower,Wi-Fi.HK 熱點位置: 觀塘民政事務處 - 諮詢服務中心,,,,,,1,true
栢齡大廈,栢齡大廈,officeTower,栢齡大廈,,,,,,1,true
國際汽車維修中心,國際汽車維修中心,officeTower,國際汽車維修中心,,,,,,1,true
國際汽車檢驗中心有限公司,國際汽車檢驗中心有限公司,officeTower,國際汽車檢驗中心有限公司,,,,,,1,true
美羅中心,美羅中心,officeTower,美羅中心,,,,,,1,true
美羅中心2期,美羅中心2期,officeTower,美羅中心2期,,,,,,1,true
美羅中心一期,美羅中心一期,officeTower,美羅中心一期,,,,,,1,true
美羅中心二期,美羅中心二期,officeTower,美羅中心二期,,,,,,1,true
(新港城中心) (前稱),(新港城中心) (前稱),officeTower,(新港城中心) (前稱),,,,,,1,true
新都城中心一期 (別稱),新都城中心一期 (別稱),officeTower,新都城中心一期 (別稱),,,,,,1,true
OK便利店-新都城中心,OK便利店-新都城中心,officeTower,OK便利店-新都城中心,,,,,,1,true
DREAM 少數族裔人士支援服務中心,DREAM 少數族裔人士支援服務中心,officeTower,DREAM 少數族裔人士支援服務中心,,,,,,1,true
新城工商中心,新城工商中心,officeTower,新城工商中心,,,,,,1,true
旺角城市中心,旺角城市中心,officeTower,旺角城市中心,,,,,,1,true
城市大廈 (別稱),城市大廈 (別稱),officeTower,城市大廈 (別稱),,,,,,1,true
花旗大樓,花旗大樓,officeTower,花旗大樓,,,,,,1,true
中港城 (第六座辦公大樓),中港城 (第六座辦公大樓),officeTower,中港城 (第六座辦公大樓),,,,,,1,true
莊士城市大廈 (前稱),莊士城市大廈 (前稱),officeTower,莊士城市大廈 (前稱),,,,,,1,true
全仁醫學診斷中心,全仁醫學診斷中心,officeTower,全仁醫學診斷中心,,,,,,1,true
金城大廈,金城大廈,officeTower,金城大廈,,,,,,1,true
交通城大廈,交通城大廈,officeTower,交通城大廈,,,,,,1,true
旺角城大廈,旺角城大廈,officeTower,旺角城大廈,,,,,,1,true
恒生九龍城大廈,恒生九龍城大廈,officeTower,恒生九龍城大廈,,,,,,1,true
電燈中心,電燈中心,officeTower,電燈中心,,,,,,1,true
港燈客戶中心,港燈客戶中心,officeTower,港燈客戶中心,,,,,,1,true
東港中心,東港中心,officeTower,東港中心,,,,,,1,true
滙港中心,滙港中心,officeTower,滙港中心,,,,,,1,true
維港中心第一座,維港中心第一座,officeTower,維港中心第一座,,,,,,1,true
維港中心第二座,維港中心第二座,officeTower,維港中心第二座,,,,,,1,true
海港中心醫務所,海港中心醫務所,officeTower,海港中心醫務所,,,,,,1,true
振華大廈,振華大廈,officeTower,振華大廈,,,,,,1,true
中西區民政諮詢中心,中西區民政諮詢中心,officeTower,中西區民政諮詢中心,,,,,,1,true
社會福利署中區及離島綜合家庭服務中心,社會福利署中區及離島綜合家庭服務中心,officeTower,社會福利署中區及離島綜合家庭服務中心,,,,,,1,true
Wi-Fi.HK 熱點位置: 中西區民政事務處-諮詢服務中心,Wi-Fi.HK 熱點位置: 中西區民政事務處-諮詢服務中心,officeTower,Wi-Fi.HK 熱點位置: 中西區民政事務處-諮詢服務中心,,,,,,1,true
海島中心,海島中心,officeTower,海島中心,,,,,,1,true
金堡中心 (前稱),金堡中心 (前稱),officeTower,金堡中心 (前稱),,,,,,1,true
香島大廈,香島大廈,officeTower,香島大廈,,,,,,1,true
Helicopter Landing Site - JB05 - ISLAND HOUSE,Helicopter Landing Site - JB05 - ISLAND HOUSE,officeTower,Helicopter Landing Site - JB05 - ISLAND HOUSE,,,,,,1,true
凱豪商業中心,凱豪商業中心,officeTower,凱豪商業中心,,,,,,1,true
科達中心,科達中心,officeTower,科達中心,,,,,,1,true
利園宏利保險大廈 (前稱),利園宏利保險大廈 (前稱),officeTower,利園宏利保險大廈 (前稱),,,,,,1,true
鄭裕彤敬老中心,鄭裕彤敬老中心,officeTower,鄭裕彤敬老中心,,,,,,1,true
愈安醫務中心,愈安醫務中心,officeTower,愈安醫務中心,,,,,,1,true
香港明愛樂然展能中心,香港明愛樂然展能中心,officeTower,香港明愛樂然展能中心,,,,,,1,true
香港明愛樂毅展能中心,香港明愛樂毅展能中心,officeTower,香港明愛樂毅展能中心,,,,,,1,true
嘉頓中心 (別稱),嘉頓中心 (別稱),officeTower,嘉頓中心 (別稱),,,,,,1,true
西園長者中心,西園長者中心,officeTower,西園長者中心,,,,,,1,true
綠園復康中心,綠園復康中心,officeTower,綠園復康中心,,,,,,1,true
石屋家園文物探知中心,石屋家園文物探知中心,officeTower,石屋家園文物探知中心,,,,,,1,true
香港聖公會福利協會有限公司康恩園(展能中心),香港聖公會福利協會有限公司康恩園(展能中心),officeTower,香港聖公會福利協會有限公司康恩園(展能中心),,,,,,1,true
香港聖公會迎康園 – 展能中心及宿舍,香港聖公會迎康園 – 展能中心及宿舍,officeTower,香港聖公會迎康園 – 展能中心及宿舍,,,,,,1,true
香港聖公會迎康園—展能中心及宿舍,香港聖公會迎康園—展能中心及宿舍,officeTower,香港聖公會迎康園—展能中心及宿舍,,,,,,1,true
香港耀能協會盛康園—盛康訓練中心,香港耀能協會盛康園—盛康訓練中心,officeTower,香港耀能協會盛康園—盛康訓練中心,,,,,,1,true
香港動植物公園 - 教育及展覽中心,香港動植物公園 - 教育及展覽中心,officeTower,香港動植物公園 - 教育及展覽中心,,,,,,1,true
IDEA Centre,IDEA Centre,officeTower,IDEA Centre,,,,,,1,true
香港青少年服務處賽馬會麗城綜合青少年服務中心,香港青少年服務處賽馬會麗城綜合青少年服務中心,officeTower,香港青少年服務處賽馬會麗城綜合青少年服務中心,,,,,,1,true
教育及展覽中心,教育及展覽中心,officeTower,教育及展覽中心,,,,,,1,true
宏福服務中心,宏福服務中心,officeTower,宏福服務中心,,,,,,1,true
香港西區服務中心,香港西區服務中心,officeTower,香港西區服務中心,,,,,,1,true
順恩護老中心有限公司,順恩護老中心有限公司,officeTower,順恩護老中心有限公司,,,,,,1,true
公園大廈,公園大廈,officeTower,公園大廈,,,,,,1,true
聖約翰大廈,聖約翰大廈,officeTower,聖約翰大廈,,,,,,1,true
寶榮大樓,寶榮大樓,officeTower,寶榮大樓,,,,,,1,true
春暉大廈,春暉大廈,officeTower,春暉大廈,,,,,,1,true
富園大廈,富園大廈,officeTower,富園大廈,,,,,,1,true
寶富大樓,寶富大樓,officeTower,寶富大樓,,,,,,1,true
寶明大廈,寶明大廈,officeTower,寶明大廈,,,,,,1,true
OK便利店-寶明大廈,OK便利店-寶明大廈,officeTower,OK便利店-寶明大廈,,,,,,1,true
小西灣老人日間護理中心,小西灣老人日間護理中心,officeTower,小西灣老人日間護理中心,,,,,,1,true
愛都大廈,愛都大廈,officeTower,愛都大廈,,,,,,1,true
卓明牙科醫務中心,卓明牙科醫務中心,officeTower,卓明牙科醫務中心,,,,,,1,true
豪輝商業中心（第一座）,豪輝商業中心（第一座）,officeTower,豪輝商業中心（第一座）,,,,,,1,true
豪輝商業中心（第二座）,豪輝商業中心（第二座）,officeTower,豪輝商業中心（第二座）,,,,,,1,true
愛群商業中心 (別稱),愛群商業中心 (別稱),officeTower,愛群商業中心 (別稱),,,,,,1,true
環球工商大廈,環球工商大廈,officeTower,環球工商大廈,,,,,,1,true
信迪維修中心有限公司,信迪維修中心有限公司,officeTower,信迪維修中心有限公司,,,,,,1,true
回收機構及收集點： 牛魔王客戶服務中心,回收機構及收集點： 牛魔王客戶服務中心,officeTower,回收機構及收集點： 牛魔王客戶服務中心,,,,,,1,true
INTERNATIONAL 文遜大廈,INTERNATIONAL 文遜大廈,officeTower,INTERNATIONAL 文遜大廈,,,,,,1,true
INTERNATIONAL 百利大廈,INTERNATIONAL 百利大廈,officeTower,INTERNATIONAL 百利大廈,,,,,,1,true
INTERNATIONAL 希爾頓大廈,INTERNATIONAL 希爾頓大廈,officeTower,INTERNATIONAL 希爾頓大廈,,,,,,1,true
恒雲國際中心,恒雲國際中心,officeTower,恒雲國際中心,,,,,,1,true
金利豐國際中心,金利豐國際中心,officeTower,金利豐國際中心,,,,,,1,true
絲寶國際大廈,絲寶國際大廈,officeTower,絲寶國際大廈,,,,,,1,true
旭日國際中心,旭日國際中心,officeTower,旭日國際中心,,,,,,1,true
順豐國際中心,順豐國際中心,officeTower,順豐國際中心,,,,,,1,true
城大國際中心大樓,城大國際中心大樓,officeTower,城大國際中心大樓,,,,,,1,true
旭日國際中心 (前稱),旭日國際中心 (前稱),officeTower,旭日國際中心 (前稱),,,,,,1,true
荃灣國際中心 (別稱),荃灣國際中心 (別稱),officeTower,荃灣國際中心 (別稱),,,,,,1,true
耶穌是主國際中心,耶穌是主國際中心,officeTower,耶穌是主國際中心,,,,,,1,true
新港國際大廈,新港國際大廈,officeTower,新港國際大廈,,,,,,1,true
安泰國際中心,安泰國際中心,officeTower,安泰國際中心,,,,,,1,true
東方國際大廈,東方國際大廈,officeTower,東方國際大廈,,,,,,1,true
銀高國際大廈,銀高國際大廈,officeTower,銀高國際大廈,,,,,,1,true
基督教家庭服務中心私營殘疾人士院舍專業外展服務(第四隊),基督教家庭服務中心私營殘疾人士院舍專業外展服務(第四隊),officeTower,基督教家庭服務中心私營殘疾人士院舍專業外展服務(第四隊),,,,,,1,true
香港眼科綜合中心,香港眼科綜合中心,officeTower,香港眼科綜合中心,,,,,,1,true
華秦國際大廈,華秦國際大廈,officeTower,華秦國際大廈,,,,,,1,true
裕華國際大廈,裕華國際大廈,officeTower,裕華國際大廈,,,,,,1,true
關懷國際大廈 (前稱),關懷國際大廈 (前稱),officeTower,關懷國際大廈 (前稱),,,,,,1,true
新生精神康復會朗程牽自閉症人士支援中心,新生精神康復會朗程牽自閉症人士支援中心,officeTower,新生精神康復會朗程牽自閉症人士支援中心,,,,,,1,true
吳多泰博士國際中心,吳多泰博士國際中心,officeTower,吳多泰博士國際中心,,,,,,1,true
全球大廈 (前稱),全球大廈 (前稱),officeTower,全球大廈 (前稱),,,,,,1,true
新都城中心三期,新都城中心三期,officeTower,新都城中心三期,,,,,,1,true
濕地探索中心,濕地探索中心,officeTower,濕地探索中心,,,,,,1,true
昌運中心停車場 (別稱),昌運中心停車場 (別稱),officeTower,昌運中心停車場 (別稱),,,,,,1,true
盈健醫務中心(昌運),盈健醫務中心(昌運),officeTower,盈健醫務中心(昌運),,,,,,1,true
香港皮膚激光中心,香港皮膚激光中心,officeTower,香港皮膚激光中心,,,,,,1,true
Wi-Fi.HK 熱點位置: McCafe - 昌運中心,Wi-Fi.HK 熱點位置: McCafe - 昌運中心,officeTower,Wi-Fi.HK 熱點位置: McCafe - 昌運中心,,,,,,1,true
Wi-Fi.HK 熱點位置: 麥當勞 - 昌運中心,Wi-Fi.HK 熱點位置: 麥當勞 - 昌運中心,officeTower,Wi-Fi.HK 熱點位置: 麥當勞 - 昌運中心,,,,,,1,true
恩平中心,恩平中心,officeTower,恩平中心,,,,,,1,true
鴻運中心,鴻運中心,officeTower,鴻運中心,,,,,,1,true
植齒修復中心,植齒修復中心,officeTower,植齒修復中心,,,,,,1,true
祥友大廈,祥友大廈,officeTower,祥友大廈,,,,,,1,true
福祥大廈,福祥大廈,officeTower,福祥大廈,,,,,,1,true
鴻運大廈,鴻運大廈,officeTower,鴻運大廈,,,,,,1,true
福興大廈,福興大廈,officeTower,福興大廈,,,,,,1,true
五福大廈,五福大廈,officeTower,五福大廈,,,,,,1,true
五福大廈A座,五福大廈A座,officeTower,五福大廈A座,,,,,,1,true
五福大廈B座,五福大廈B座,officeTower,五福大廈B座,,,,,,1,true
興隆中心,興隆中心,officeTower,興隆中心,,,,,,1,true
德發大廈,德發大廈,officeTower,德發大廈,,,,,,1,true
興旺大廈,興旺大廈,officeTower,興旺大廈,,,,,,1,true
裕昌大廈,裕昌大廈,officeTower,裕昌大廈,,,,,,1,true
嘉富商業中心,嘉富商業中心,officeTower,嘉富商業中心,,,,,,1,true
豐盛創建大廈,豐盛創建大廈,officeTower,豐盛創建大廈,,,,,,1,true
富盛商業大廈,富盛商業大廈,officeTower,富盛商業大廈,,,,,,1,true
興發商業大廈,興發商業大廈,officeTower,興發商業大廈,,,,,,1,true
鴻基護老中心有限公司,鴻基護老中心有限公司,officeTower,鴻基護老中心有限公司,,,,,,1,true
其利中心 (前稱),其利中心 (前稱),officeTower,其利中心 (前稱),,,,,,1,true
豐裕中心 (前稱),豐裕中心 (前稱),officeTower,豐裕中心 (前稱),,,,,,1,true
田家炳老人日間護理中心,田家炳老人日間護理中心,officeTower,田家炳老人日間護理中心,,,,,,1,true
救世軍油尖長者綜合服務油麻地長者社區服務中心 (分處),救世軍油尖長者綜合服務油麻地長者社區服務中心 (分處),officeTower,救世軍油尖長者綜合服務油麻地長者社區服務中心 (分處),,,,,,1,true
救世軍油尖長者綜合服務油麻地長者社區服務中心 (中心分處),救世軍油尖長者綜合服務油麻地長者社區服務中心 (中心分處),officeTower,救世軍油尖長者綜合服務油麻地長者社區服務中心 (中心分處),,,,,,1,true
百老匯電影中心,百老匯電影中心,officeTower,百老匯電影中心,,,,,,1,true
香港心理衛生會油麻地展能中心,香港心理衛生會油麻地展能中心,officeTower,香港心理衛生會油麻地展能中心,,,,,,1,true
陳德生紀念長者鄰舍中心,陳德生紀念長者鄰舍中心,officeTower,陳德生紀念長者鄰舍中心,,,,,,1,true
頤薈綜合健康服務中心,頤薈綜合健康服務中心,officeTower,頤薈綜合健康服務中心,,,,,,1,true
浸信會愛羣社會服務處頤薈綜合健康服務中心,浸信會愛羣社會服務處頤薈綜合健康服務中心,officeTower,浸信會愛羣社會服務處頤薈綜合健康服務中心,,,,,,1,true
太平洋大廈,太平洋大廈,officeTower,太平洋大廈,,,,,,1,true
亞太中心,亞太中心,officeTower,亞太中心,,,,,,1,true
1亞太中心,1亞太中心,officeTower,1亞太中心,,,,,,1,true
日昇亞太中心,日昇亞太中心,officeTower,日昇亞太中心,,,,,,1,true
卓健專科中心,卓健專科中心,officeTower,卓健專科中心,,,,,,1,true
精確內視鏡及診斷中心 (尖沙咀),精確內視鏡及診斷中心 (尖沙咀),officeTower,精確內視鏡及診斷中心 (尖沙咀),,,,,,1,true
樂兒醫務中心,樂兒醫務中心,officeTower,樂兒醫務中心,,,,,,1,true
精確內視鏡及診斷中心,精確內視鏡及診斷中心,officeTower,精確內視鏡及診斷中心,,,,,,1,true
精確內視鏡及診斷中心(尖沙咀),精確內視鏡及診斷中心(尖沙咀),officeTower,精確內視鏡及診斷中心(尖沙咀),,,,,,1,true
金都中心,金都中心,officeTower,金都中心,,,,,,1,true
萬金中心,萬金中心,officeTower,萬金中心,,,,,,1,true
廣梅大廈,廣梅大廈,officeTower,廣梅大廈,,,,,,1,true
黃金大廈第一座,黃金大廈第一座,officeTower,黃金大廈第一座,,,,,,1,true
黃金大廈第二座,黃金大廈第二座,officeTower,黃金大廈第二座,,,,,,1,true
黃金大廈第三座,黃金大廈第三座,officeTower,黃金大廈第三座,,,,,,1,true
黃金大廈第四座,黃金大廈第四座,officeTower,黃金大廈第四座,,,,,,1,true
黃金大廈第五座,黃金大廈第五座,officeTower,黃金大廈第五座,,,,,,1,true
金龍中心,金龍中心,officeTower,金龍中心,,,,,,1,true
黃金中心 (前稱),黃金中心 (前稱),officeTower,黃金中心 (前稱),,,,,,1,true
惠康超級市場-黃金中心,惠康超級市場-黃金中心,officeTower,惠康超級市場-黃金中心,,,,,,1,true
金滿大廈,金滿大廈,officeTower,金滿大廈,,,,,,1,true
黃金大廈,黃金大廈,officeTower,黃金大廈,,,,,,1,true
高登電腦中心,高登電腦中心,officeTower,高登電腦中心,,,,,,1,true
金龍商業大廈,金龍商業大廈,officeTower,金龍商業大廈,,,,,,1,true
金門商業大廈,金門商業大廈,officeTower,金門商業大廈,,,,,,1,true
金山商業大廈,金山商業大廈,officeTower,金山商業大廈,,,,,,1,true
鴻曙商業大廈,鴻曙商業大廈,officeTower,鴻曙商業大廈,,,,,,1,true
名驅汽車維修服務中心,名驅汽車維修服務中心,officeTower,名驅汽車維修服務中心,,,,,,1,true
來來護老中心有限公司,來來護老中心有限公司,officeTower,來來護老中心有限公司,,,,,,1,true
銀鑛中心大廈,銀鑛中心大廈,officeTower,銀鑛中心大廈,,,,,,1,true
銀都商業大廈,銀都商業大廈,officeTower,銀都商業大廈,,,,,,1,true
金銀商業大廈,金銀商業大廈,officeTower,金銀商業大廈,,,,,,1,true
機場行政大樓,機場行政大樓,officeTower,機場行政大樓,,,,,,1,true
機場商業大樓,機場商業大樓,officeTower,機場商業大樓,,,,,,1,true
機場世貿中心 (前稱),機場世貿中心 (前稱),officeTower,機場世貿中心 (前稱),,,,,,1,true
海迪中心,海迪中心,officeTower,海迪中心,,,,,,1,true
扶康會康復中心,扶康會康復中心,officeTower,扶康會康復中心,,,,,,1,true
萬康大廈,萬康大廈,officeTower,萬康大廈,,,,,,1,true
南康大廈A座,南康大廈A座,officeTower,南康大廈A座,,,,,,1,true
南康大廈B座,南康大廈B座,officeTower,南康大廈B座,,,,,,1,true
南康大廈C座,南康大廈C座,officeTower,南康大廈C座,,,,,,1,true
海康大廈第一座,海康大廈第一座,officeTower,海康大廈第一座,,,,,,1,true
海康大廈第二座,海康大廈第二座,officeTower,海康大廈第二座,,,,,,1,true
仁康大廈,仁康大廈,officeTower,仁康大廈,,,,,,1,true
祥康大廈,祥康大廈,officeTower,祥康大廈,,,,,,1,true
其康大廈,其康大廈,officeTower,其康大廈,,,,,,1,true
恒康大廈,恒康大廈,officeTower,恒康大廈,,,,,,1,true
惠康大廈,惠康大廈,officeTower,惠康大廈,,,,,,1,true
時康大廈,時康大廈,officeTower,時康大廈,,,,,,1,true
長康大廈,長康大廈,officeTower,長康大廈,,,,,,1,true
富康大廈,富康大廈,officeTower,富康大廈,,,,,,1,true
海康大廈,海康大廈,officeTower,海康大廈,,,,,,1,true
僑康大廈,僑康大廈,officeTower,僑康大廈,,,,,,1,true
國康大廈,國康大廈,officeTower,國康大廈,,,,,,1,true
聯康大廈,聯康大廈,officeTower,聯康大廈,,,,,,1,true
民康大廈,民康大廈,officeTower,民康大廈,,,,,,1,true
南康大廈,南康大廈,officeTower,南康大廈,,,,,,1,true
安康大廈,安康大廈,officeTower,安康大廈,,,,,,1,true
寶康大廈,寶康大廈,officeTower,寶康大廈,,,,,,1,true
太康大廈,太康大廈,officeTower,太康大廈,,,,,,1,true
華康大廈,華康大廈,officeTower,華康大廈,,,,,,1,true
永康大廈,永康大廈,officeTower,永康大廈,,,,,,1,true
怡康大廈,怡康大廈,officeTower,怡康大廈,,,,,,1,true
安和園第二期安康大廈,安和園第二期安康大廈,officeTower,安和園第二期安康大廈,,,,,,1,true
齊康大廈 (前稱),齊康大廈 (前稱),officeTower,齊康大廈 (前稱),,,,,,1,true
凱康大廈 (前稱),凱康大廈 (前稱),officeTower,凱康大廈 (前稱),,,,,,1,true
俊康大廈 (前稱),俊康大廈 (前稱),officeTower,俊康大廈 (前稱),,,,,,1,true
仁康大廈 (別稱),仁康大廈 (別稱),officeTower,仁康大廈 (別稱),,,,,,1,true
安樂護老中心有限公司,安樂護老中心有限公司,officeTower,安樂護老中心有限公司,,,,,,1,true
文康大樓,文康大樓,officeTower,文康大樓,,,,,,1,true
正康大樓,正康大樓,officeTower,正康大樓,,,,,,1,true
福康大樓,福康大樓,officeTower,福康大樓,,,,,,1,true
新康大樓,新康大樓,officeTower,新康大樓,,,,,,1,true
屯門區綜合康齡服務中心,屯門區綜合康齡服務中心,officeTower,屯門區綜合康齡服務中心,,,,,,1,true
鄰舍輔導會屯門區綜合康齡服務中心,鄰舍輔導會屯門區綜合康齡服務中心,officeTower,鄰舍輔導會屯門區綜合康齡服務中心,,,,,,1,true
世貿中心,世貿中心,officeTower,世貿中心,,,,,,1,true
新貿中心A座,新貿中心A座,officeTower,新貿中心A座,,,,,,1,true
永康工廠大廈,永康工廠大廈,officeTower,永康工廠大廈,,,,,,1,true
九龍貿易中心,九龍貿易中心,officeTower,九龍貿易中心,,,,,,1,true
安康商業大廈,安康商業大廈,officeTower,安康商業大廈,,,,,,1,true
Wi-Fi.HK 熱點位置: 中銀香港 - 青衣長康商業中心分行,Wi-Fi.HK 熱點位置: 中銀香港 - 青衣長康商業中心分行,officeTower,Wi-Fi.HK 熱點位置: 中銀香港 - 青衣長康商業中心分行,,,,,,1,true
聯合醫務中心(尖沙咀),聯合醫務中心(尖沙咀),officeTower,聯合醫務中心(尖沙咀),,,,,,1,true
香港青少年服務處欣安長者日間護理中心,香港青少年服務處欣安長者日間護理中心,officeTower,香港青少年服務處欣安長者日間護理中心,,,,,,1,true
香港小童群益會「樂航」兒童早期發展中心 (馬鞍山) (特殊幼兒中心),香港小童群益會「樂航」兒童早期發展中心 (馬鞍山) (特殊幼兒中心),officeTower,香港小童群益會「樂航」兒童早期發展中心 (馬鞍山) (特殊幼兒中心),,,,,,1,true
保安中心控制室,保安中心控制室,officeTower,保安中心控制室,,,,,,1,true
怡安中心,怡安中心,officeTower,怡安中心,,,,,,1,true
衛安中心,衛安中心,officeTower,衛安中心,,,,,,1,true
瑞安中心,瑞安中心,officeTower,瑞安中心,,,,,,1,true
兆安中心,兆安中心,officeTower,兆安中心,,,,,,1,true
永安中心,永安中心,officeTower,永安中心,,,,,,1,true
宜安中心,宜安中心,officeTower,宜安中心,,,,,,1,true
萬安中心 (前稱),萬安中心 (前稱),officeTower,萬安中心 (前稱),,,,,,1,true
Wi-Fi.HK 熱點位置: 瑞安中心,Wi-Fi.HK 熱點位置: 瑞安中心,officeTower,Wi-Fi.HK 熱點位置: 瑞安中心,,,,,,1,true
鴻安大廈,鴻安大廈,officeTower,鴻安大廈,,,,,,1,true
國安大廈,國安大廈,officeTower,國安大廈,,,,,,1,true
港安大廈,港安大廈,officeTower,港安大廈,,,,,,1,true
東安大廈,東安大廈,officeTower,東安大廈,,,,,,1,true
宜安大廈,宜安大廈,officeTower,宜安大廈,,,,,,1,true
定安大廈D座,定安大廈D座,officeTower,定安大廈D座,,,,,,1,true
定安大廈E座,定安大廈E座,officeTower,定安大廈E座,,,,,,1,true
定安大廈F座,定安大廈F座,officeTower,定安大廈F座,,,,,,1,true
定安大廈G座,定安大廈G座,officeTower,定安大廈G座,,,,,,1,true
定安大廈H座,定安大廈H座,officeTower,定安大廈H座,,,,,,1,true
眾安大廈B座,眾安大廈B座,officeTower,眾安大廈B座,,,,,,1,true
福安大廈A座,福安大廈A座,officeTower,福安大廈A座,,,,,,1,true
福安大廈B座,福安大廈B座,officeTower,福安大廈B座,,,,,,1,true
嘉安大廈A座,嘉安大廈A座,officeTower,嘉安大廈A座,,,,,,1,true
百安大廈A座,百安大廈A座,officeTower,百安大廈A座,,,,,,1,true
百安大廈B座,百安大廈B座,officeTower,百安大廈B座,,,,,,1,true
偉安大廈A座,偉安大廈A座,officeTower,偉安大廈A座,,,,,,1,true
仁安大廈A座,仁安大廈A座,officeTower,仁安大廈A座,,,,,,1,true
仁安大廈B座,仁安大廈B座,officeTower,仁安大廈B座,,,,,,1,true
元安大廈,元安大廈,officeTower,元安大廈,,,,,,1,true
成安大廈,成安大廈,officeTower,成安大廈,,,,,,1,true
新安大廈,新安大廈,officeTower,新安大廈,,,,,,1,true
恆安大廈,恆安大廈,officeTower,恆安大廈,,,,,,1,true
基安大廈,基安大廈,officeTower,基安大廈,,,,,,1,true
家安大廈,家安大廈,officeTower,家安大廈,,,,,,1,true
齊安大廈,齊安大廈,officeTower,齊安大廈,,,,,,1,true
定安大廈,定安大廈,officeTower,定安大廈,,,,,,1,true
文安大廈,文安大廈,officeTower,文安大廈,,,,,,1,true
平安大廈,平安大廈,officeTower,平安大廈,,,,,,1,true
金安大廈,金安大廈,officeTower,金安大廈,,,,,,1,true
愉安大廈,愉安大廈,officeTower,愉安大廈,,,,,,1,true
寶安大廈,寶安大廈,officeTower,寶安大廈,,,,,,1,true
時安大廈,時安大廈,officeTower,時安大廈,,,,,,1,true
置安大廈,置安大廈,officeTower,置安大廈,,,,,,1,true
長安大廈,長安大廈,officeTower,長安大廈,,,,,,1,true
就安大廈,就安大廈,officeTower,就安大廈,,,,,,1,true
眾安大廈,眾安大廈,officeTower,眾安大廈,,,,,,1,true
福安大廈,福安大廈,officeTower,福安大廈,,,,,,1,true
富安大廈,富安大廈,officeTower,富安大廈,,,,,,1,true
消防及保安大樓,消防及保安大樓,officeTower,消防及保安大樓,,,,,,1,true
德安大樓,德安大樓,officeTower,德安大樓,,,,,,1,true
平安大樓,平安大樓,officeTower,平安大樓,,,,,,1,true
長安大樓,長安大樓,officeTower,長安大樓,,,,,,1,true
慶安大樓,慶安大樓,officeTower,慶安大樓,,,,,,1,true
利安大樓,利安大樓,officeTower,利安大樓,,,,,,1,true
連安大樓,連安大樓,officeTower,連安大樓,,,,,,1,true
聯安大樓,聯安大樓,officeTower,聯安大樓,,,,,,1,true
萬安大樓,萬安大樓,officeTower,萬安大樓,,,,,,1,true
南安大樓,南安大樓,officeTower,南安大樓,,,,,,1,true
安安大樓,安安大樓,officeTower,安安大樓,,,,,,1,true
寶安大樓,寶安大樓,officeTower,寶安大樓,,,,,,1,true
新安大樓,新安大樓,officeTower,新安大樓,,,,,,1,true
信安大樓,信安大樓,officeTower,信安大樓,,,,,,1,true
華安大樓,華安大樓,officeTower,華安大樓,,,,,,1,true
榮安大樓,榮安大樓,officeTower,榮安大樓,,,,,,1,true
永安大樓,永安大樓,officeTower,永安大樓,,,,,,1,true
成安大樓 (別稱),成安大樓 (別稱),officeTower,成安大樓 (別稱),,,,,,1,true
裕安大樓 (前稱),裕安大樓 (前稱),officeTower,裕安大樓 (前稱),,,,,,1,true
OK便利店-信安大樓,OK便利店-信安大樓,officeTower,OK便利店-信安大樓,,,,,,1,true
滙貿中心,滙貿中心,officeTower,滙貿中心,,,,,,1,true
安樂工程大廈,安樂工程大廈,officeTower,安樂工程大廈,,,,,,1,true
福安工廠大廈,福安工廠大廈,officeTower,福安工廠大廈,,,,,,1,true
安昌工廠大廈,安昌工廠大廈,officeTower,安昌工廠大廈,,,,,,1,true
海安商業中心,海安商業中心,officeTower,海安商業中心,,,,,,1,true
富安商業大廈,富安商業大廈,officeTower,富安商業大廈,,,,,,1,true
建安商業大廈,建安商業大廈,officeTower,建安商業大廈,,,,,,1,true
萬安商業大廈,萬安商業大廈,officeTower,萬安商業大廈,,,,,,1,true
南安商業大廈,南安商業大廈,officeTower,南安商業大廈,,,,,,1,true
寶安商業大廈,寶安商業大廈,officeTower,寶安商業大廈,,,,,,1,true
維安商業大廈,維安商業大廈,officeTower,維安商業大廈,,,,,,1,true
威安商業大廈,威安商業大廈,officeTower,威安商業大廈,,,,,,1,true
裕安商業大廈,裕安商業大廈,officeTower,裕安商業大廈,,,,,,1,true
奇盛中心,奇盛中心,officeTower,奇盛中心,,,,,,1,true
茂盛中心,茂盛中心,officeTower,茂盛中心,,,,,,1,true
長盛中心,長盛中心,officeTower,長盛中心,,,,,,1,true
華盛中心,華盛中心,officeTower,華盛中心,,,,,,1,true
金百盛中心,金百盛中心,officeTower,金百盛中心,,,,,,1,true
昌興盛中心,昌興盛中心,officeTower,昌興盛中心,,,,,,1,true
安盛中心 (前稱),安盛中心 (前稱),officeTower,安盛中心 (前稱),,,,,,1,true
豐盛中心 (前稱),豐盛中心 (前稱),officeTower,豐盛中心 (前稱),,,,,,1,true
宏利汽車維修中心有限公司,宏利汽車維修中心有限公司,officeTower,宏利汽車維修中心有限公司,,,,,,1,true
昌盛大廈,昌盛大廈,officeTower,昌盛大廈,,,,,,1,true
多盛大廈,多盛大廈,officeTower,多盛大廈,,,,,,1,true
富盛大廈,富盛大廈,officeTower,富盛大廈,,,,,,1,true
一盛大廈,一盛大廈,officeTower,一盛大廈,,,,,,1,true
茂盛大廈,茂盛大廈,officeTower,茂盛大廈,,,,,,1,true
永盛大廈,永盛大廈,officeTower,永盛大廈,,,,,,1,true
運盛大廈,運盛大廈,officeTower,運盛大廈,,,,,,1,true
時盛大廈,時盛大廈,officeTower,時盛大廈,,,,,,1,true
豐盛大廈,豐盛大廈,officeTower,豐盛大廈,,,,,,1,true
恆盛大廈,恆盛大廈,officeTower,恆盛大廈,,,,,,1,true
海盛大廈,海盛大廈,officeTower,海盛大廈,,,,,,1,true
僑盛大廈,僑盛大廈,officeTower,僑盛大廈,,,,,,1,true
美盛大廈,美盛大廈,officeTower,美盛大廈,,,,,,1,true
南盛大廈,南盛大廈,officeTower,南盛大廈,,,,,,1,true
安盛大廈,安盛大廈,officeTower,安盛大廈,,,,,,1,true
東盛大廈,東盛大廈,officeTower,東盛大廈,,,,,,1,true
華盛大廈,華盛大廈,officeTower,華盛大廈,,,,,,1,true
多盛大廈及電訊盈科中心,多盛大廈及電訊盈科中心,officeTower,多盛大廈及電訊盈科中心,,,,,,1,true
OK便利店-富盛大廈,OK便利店-富盛大廈,officeTower,OK便利店-富盛大廈,,,,,,1,true
OK便利店-永盛大廈,OK便利店-永盛大廈,officeTower,OK便利店-永盛大廈,,,,,,1,true
OK便利店-聯成大廈,OK便利店-聯成大廈,officeTower,OK便利店-聯成大廈,,,,,,1,true
昌盛大樓,昌盛大樓,officeTower,昌盛大樓,,,,,,1,true
利盛大樓,利盛大樓,officeTower,利盛大樓,,,,,,1,true
隆盛工廠大廈,隆盛工廠大廈,officeTower,隆盛工廠大廈,,,,,,1,true
泰盛工廠大廈,泰盛工廠大廈,officeTower,泰盛工廠大廈,,,,,,1,true
加盛商業中心,加盛商業中心,officeTower,加盛商業中心,,,,,,1,true
新盛商業大廈,新盛商業大廈,officeTower,新盛商業大廈,,,,,,1,true
奇盛商業大廈,奇盛商業大廈,officeTower,奇盛商業大廈,,,,,,1,true
安榮中心,安榮中心,officeTower,安榮中心,,,,,,1,true
安榮中心第1座,安榮中心第1座,officeTower,安榮中心第1座,,,,,,1,true
安榮中心第10座,安榮中心第10座,officeTower,安榮中心第10座,,,,,,1,true
安榮中心第11座,安榮中心第11座,officeTower,安榮中心第11座,,,,,,1,true
安榮中心第12座,安榮中心第12座,officeTower,安榮中心第12座,,,,,,1,true
安榮中心第13座,安榮中心第13座,officeTower,安榮中心第13座,,,,,,1,true
安榮中心第14座,安榮中心第14座,officeTower,安榮中心第14座,,,,,,1,true
安榮中心第15座,安榮中心第15座,officeTower,安榮中心第15座,,,,,,1,true
安榮中心第16座,安榮中心第16座,officeTower,安榮中心第16座,,,,,,1,true
安榮中心第17座,安榮中心第17座,officeTower,安榮中心第17座,,,,,,1,true
安榮中心第18座,安榮中心第18座,officeTower,安榮中心第18座,,,,,,1,true
安榮中心第19座,安榮中心第19座,officeTower,安榮中心第19座,,,,,,1,true
安榮中心第2座,安榮中心第2座,officeTower,安榮中心第2座,,,,,,1,true
安榮中心第20座,安榮中心第20座,officeTower,安榮中心第20座,,,,,,1,true
安榮中心第21座,安榮中心第21座,officeTower,安榮中心第21座,,,,,,1,true
安榮中心第22座,安榮中心第22座,officeTower,安榮中心第22座,,,,,,1,true
安榮中心第23座,安榮中心第23座,officeTower,安榮中心第23座,,,,,,1,true
安榮中心第24座,安榮中心第24座,officeTower,安榮中心第24座,,,,,,1,true
安榮中心第25座,安榮中心第25座,officeTower,安榮中心第25座,,,,,,1,true
安榮中心第26座,安榮中心第26座,officeTower,安榮中心第26座,,,,,,1,true
安榮中心第29座,安榮中心第29座,officeTower,安榮中心第29座,,,,,,1,true
安榮中心第3座,安榮中心第3座,officeTower,安榮中心第3座,,,,,,1,true
安榮中心第30座,安榮中心第30座,officeTower,安榮中心第30座,,,,,,1,true
安榮中心第31座,安榮中心第31座,officeTower,安榮中心第31座,,,,,,1,true
安榮中心第32座,安榮中心第32座,officeTower,安榮中心第32座,,,,,,1,true
安榮中心第33座,安榮中心第33座,officeTower,安榮中心第33座,,,,,,1,true
安榮中心第34座,安榮中心第34座,officeTower,安榮中心第34座,,,,,,1,true
安榮中心第35座,安榮中心第35座,officeTower,安榮中心第35座,,,,,,1,true
安榮中心第36座,安榮中心第36座,officeTower,安榮中心第36座,,,,,,1,true
安榮中心第37座,安榮中心第37座,officeTower,安榮中心第37座,,,,,,1,true
安榮中心第38座,安榮中心第38座,officeTower,安榮中心第38座,,,,,,1,true
安榮中心第39座,安榮中心第39座,officeTower,安榮中心第39座,,,,,,1,true
安榮中心第4座,安榮中心第4座,officeTower,安榮中心第4座,,,,,,1,true
安榮中心第40座,安榮中心第40座,officeTower,安榮中心第40座,,,,,,1,true
安榮中心第41座,安榮中心第41座,officeTower,安榮中心第41座,,,,,,1,true
安榮中心第42座,安榮中心第42座,officeTower,安榮中心第42座,,,,,,1,true
安榮中心第43座,安榮中心第43座,officeTower,安榮中心第43座,,,,,,1,true
安榮中心第44座,安榮中心第44座,officeTower,安榮中心第44座,,,,,,1,true
安榮中心第5座,安榮中心第5座,officeTower,安榮中心第5座,,,,,,1,true
安榮中心第6座,安榮中心第6座,officeTower,安榮中心第6座,,,,,,1,true
安榮中心第7座,安榮中心第7座,officeTower,安榮中心第7座,,,,,,1,true
安榮中心第8座,安榮中心第8座,officeTower,安榮中心第8座,,,,,,1,true
安榮中心第9座,安榮中心第9座,officeTower,安榮中心第9座,,,,,,1,true
冠榮中心,冠榮中心,officeTower,冠榮中心,,,,,,1,true
嘉榮大廈,嘉榮大廈,officeTower,嘉榮大廈,,,,,,1,true
長榮大廈,長榮大廈,officeTower,長榮大廈,,,,,,1,true
富榮大廈,富榮大廈,officeTower,富榮大廈,,,,,,1,true
福榮大廈,福榮大廈,officeTower,福榮大廈,,,,,,1,true
錦榮大廈,錦榮大廈,officeTower,錦榮大廈,,,,,,1,true
僑榮大廈,僑榮大廈,officeTower,僑榮大廈,,,,,,1,true
冠榮大廈,冠榮大廈,officeTower,冠榮大廈,,,,,,1,true
利榮大廈,利榮大廈,officeTower,利榮大廈,,,,,,1,true
萬榮大廈,萬榮大廈,officeTower,萬榮大廈,,,,,,1,true
南榮大廈,南榮大廈,officeTower,南榮大廈,,,,,,1,true
安榮大廈,安榮大廈,officeTower,安榮大廈,,,,,,1,true
栢榮大廈,栢榮大廈,officeTower,栢榮大廈,,,,,,1,true
寶榮大廈,寶榮大廈,officeTower,寶榮大廈,,,,,,1,true
達榮大廈,達榮大廈,officeTower,達榮大廈,,,,,,1,true
欣榮大廈,欣榮大廈,officeTower,欣榮大廈,,,,,,1,true
友榮大廈,友榮大廈,officeTower,友榮大廈,,,,,,1,true
廣榮大廈 (別稱),廣榮大廈 (別稱),officeTower,廣榮大廈 (別稱),,,,,,1,true
仁愛護老中心 [安老院] / 鈞溢幫(深水埗) [社區券認可服務單位],仁愛護老中心 [安老院] / 鈞溢幫(深水埗) [社區券認可服務單位],officeTower,仁愛護老中心 [安老院] / 鈞溢幫(深水埗) [社區券認可服務單位],,,,,,1,true
仁愛護老中心,仁愛護老中心,officeTower,仁愛護老中心,,,,,,1,true
澤群護老中心有限公司,澤群護老中心有限公司,officeTower,澤群護老中心有限公司,,,,,,1,true
福榮大樓,福榮大樓,officeTower,福榮大樓,,,,,,1,true
國榮大樓,國榮大樓,officeTower,國榮大樓,,,,,,1,true
光榮大樓,光榮大樓,officeTower,光榮大樓,,,,,,1,true
利榮大樓,利榮大樓,officeTower,利榮大樓,,,,,,1,true
常榮大樓,常榮大樓,officeTower,常榮大樓,,,,,,1,true
新榮大樓,新榮大樓,officeTower,新榮大樓,,,,,,1,true
寶榮大樓A座,寶榮大樓A座,officeTower,寶榮大樓A座,,,,,,1,true
寶榮大樓B座,寶榮大樓B座,officeTower,寶榮大樓B座,,,,,,1,true
國榮大樓 (別稱),國榮大樓 (別稱),officeTower,國榮大樓 (別稱),,,,,,1,true
萬榮大樓 (別稱),萬榮大樓 (別稱),officeTower,萬榮大樓 (別稱),,,,,,1,true
OK便利店-利榮大樓,OK便利店-利榮大樓,officeTower,OK便利店-利榮大樓,,,,,,1,true
嘉榮工廠大廈,嘉榮工廠大廈,officeTower,嘉榮工廠大廈,,,,,,1,true
浩榮商業大廈,浩榮商業大廈,officeTower,浩榮商業大廈,,,,,,1,true
協榮商業大廈,協榮商業大廈,officeTower,協榮商業大廈,,,,,,1,true
欣榮商業大廈,欣榮商業大廈,officeTower,欣榮商業大廈,,,,,,1,true
錦榮商業大廈,錦榮商業大廈,officeTower,錦榮商業大廈,,,,,,1,true
建榮商業大廈,建榮商業大廈,officeTower,建榮商業大廈,,,,,,1,true
綽榮商業大廈 (前稱),綽榮商業大廈 (前稱),officeTower,綽榮商業大廈 (前稱),,,,,,1,true
海峰中心,海峰中心,officeTower,海峰中心,,,,,,1,true
鼎峰大廈第一座,鼎峰大廈第一座,officeTower,鼎峰大廈第一座,,,,,,1,true
鼎峰大廈第二座,鼎峰大廈第二座,officeTower,鼎峰大廈第二座,,,,,,1,true
雲峰大廈,雲峰大廈,officeTower,雲峰大廈,,,,,,1,true
寶峯大廈,寶峯大廈,officeTower,寶峯大廈,,,,,,1,true
嘉峰大廈,嘉峰大廈,officeTower,嘉峰大廈,,,,,,1,true
安峰大廈,安峰大廈,officeTower,安峰大廈,,,,,,1,true
寶峰大廈,寶峰大廈,officeTower,寶峰大廈,,,,,,1,true
雲峰大廈A1座,雲峰大廈A1座,officeTower,雲峰大廈A1座,,,,,,1,true
雲峰大廈A2座,雲峰大廈A2座,officeTower,雲峰大廈A2座,,,,,,1,true
雲峰大廈B1座,雲峰大廈B1座,officeTower,雲峰大廈B1座,,,,,,1,true
雲峰大廈B2座,雲峰大廈B2座,officeTower,雲峰大廈B2座,,,,,,1,true
雲峰大廈C1座,雲峰大廈C1座,officeTower,雲峰大廈C1座,,,,,,1,true
雲峰大廈C2座,雲峰大廈C2座,officeTower,雲峰大廈C2座,,,,,,1,true
雲峰大廈D1座,雲峰大廈D1座,officeTower,雲峰大廈D1座,,,,,,1,true
雲峰大廈D2座,雲峰大廈D2座,officeTower,雲峰大廈D2座,,,,,,1,true
金峰大廈 (前稱),金峰大廈 (前稱),officeTower,金峰大廈 (前稱),,,,,,1,true
均峯商業大廈,均峯商業大廈,officeTower,均峯商業大廈,,,,,,1,true
富大樓,富大樓,officeTower,富大樓,,,,,,1,true
和富大樓,和富大樓,officeTower,和富大樓,,,,,,1,true
仁富大樓,仁富大樓,officeTower,仁富大樓,,,,,,1,true
太富商業大廈,太富商業大廈,officeTower,太富商業大廈,,,,,,1,true
置富商業大廈,置富商業大廈,officeTower,置富商業大廈,,,,,,1,true
豪富商業大廈,豪富商業大廈,officeTower,豪富商業大廈,,,,,,1,true
永富商業大廈,永富商業大廈,officeTower,永富商業大廈,,,,,,1,true
和富商業大廈,和富商業大廈,officeTower,和富商業大廈,,,,,,1,true
華富商業大廈,華富商業大廈,officeTower,華富商業大廈,,,,,,1,true
炳富商業大廈 (前稱),炳富商業大廈 (前稱),officeTower,炳富商業大廈 (前稱),,,,,,1,true
中華青年交流中心(香港)有限公司,中華青年交流中心(香港)有限公司,officeTower,中華青年交流中心(香港)有限公司,,,,,,1,true
寶翠大樓,寶翠大樓,officeTower,寶翠大樓,,,,,,1,true
港貿中心,港貿中心,officeTower,港貿中心,,,,,,1,true
國貿中心,國貿中心,officeTower,國貿中心,,,,,,1,true
鴻貿中心,鴻貿中心,officeTower,鴻貿中心,,,,,,1,true
京貿中心,京貿中心,officeTower,京貿中心,,,,,,1,true
華貿中心,華貿中心,officeTower,華貿中心,,,,,,1,true
佳貿中心,佳貿中心,officeTower,佳貿中心,,,,,,1,true
業廣商業大廈,業廣商業大廈,officeTower,業廣商業大廈,,,,,,1,true
安業商業大廈,安業商業大廈,officeTower,安業商業大廈,,,,,,1,true
榮業商業大廈,榮業商業大廈,officeTower,榮業商業大廈,,,,,,1,true
南益商業中心,南益商業中心,officeTower,南益商業中心,,,,,,1,true
盈達商業大廈,盈達商業大廈,officeTower,盈達商業大廈,,,,,,1,true
典雅大廈,典雅大廈,officeTower,典雅大廈,,,,,,1,true
高雅大廈,高雅大廈,officeTower,高雅大廈,,,,,,1,true
仁雅大廈,仁雅大廈,officeTower,仁雅大廈,,,,,,1,true
新豪大廈,新豪大廈,officeTower,新豪大廈,,,,,,1,true
金豪大廈,金豪大廈,officeTower,金豪大廈,,,,,,1,true
嘉豪大廈,嘉豪大廈,officeTower,嘉豪大廈,,,,,,1,true
寶豪大廈,寶豪大廈,officeTower,寶豪大廈,,,,,,1,true
東豪大廈,東豪大廈,officeTower,東豪大廈,,,,,,1,true
OK便利店-金豪大廈,OK便利店-金豪大廈,officeTower,OK便利店-金豪大廈,,,,,,1,true
嘉豪大樓,嘉豪大樓,officeTower,嘉豪大樓,,,,,,1,true
嘉豪大樓 (別稱),嘉豪大樓 (別稱),officeTower,嘉豪大樓 (別稱),,,,,,1,true
君豪工商大廈,君豪工商大廈,officeTower,君豪工商大廈,,,,,,1,true
順豪商業大廈,順豪商業大廈,officeTower,順豪商業大廈,,,,,,1,true
栢豪商業大廈,栢豪商業大廈,officeTower,栢豪商業大廈,,,,,,1,true
昌寶大樓,昌寶大樓,officeTower,昌寶大樓,,,,,,1,true
珠寶大樓,珠寶大樓,officeTower,珠寶大樓,,,,,,1,true
珍寶大樓,珍寶大樓,officeTower,珍寶大樓,,,,,,1,true
樂寶大樓,樂寶大樓,officeTower,樂寶大樓,,,,,,1,true
四寶大樓,四寶大樓,officeTower,四寶大樓,,,,,,1,true
新寶工商中心,新寶工商中心,officeTower,新寶工商中心,,,,,,1,true
鴻寶商業大廈,鴻寶商業大廈,officeTower,鴻寶商業大廈,,,,,,1,true
維寶商業大廈,維寶商業大廈,officeTower,維寶商業大廈,,,,,,1,true
華寶商業大廈,華寶商業大廈,officeTower,華寶商業大廈,,,,,,1,true
華寶商業中心,華寶商業中心,officeTower,華寶商業中心,,,,,,1,true
嘉寶商業中心 (前稱),嘉寶商業中心 (前稱),officeTower,嘉寶商業中心 (前稱),,,,,,1,true
力寶商業大廈 (前稱),力寶商業大廈 (前稱),officeTower,力寶商業大廈 (前稱),,,,,,1,true
華寶商業中心 (別稱),華寶商業中心 (別稱),officeTower,華寶商業中心 (別稱),,,,,,1,true
澤盈中心,澤盈中心,officeTower,澤盈中心,,,,,,1,true
盈置大廈,盈置大廈,officeTower,盈置大廈,,,,,,1,true
盈利大廈,盈利大廈,officeTower,盈利大廈,,,,,,1,true
盈業大廈,盈業大廈,officeTower,盈業大廈,,,,,,1,true
朗盈商業大廈,朗盈商業大廈,officeTower,朗盈商業大廈,,,,,,1,true
香港聾人福利促進會家長資源中心,香港聾人福利促進會家長資源中心,officeTower,香港聾人福利促進會家長資源中心,,,,,,1,true
彩盈長者日間護理中心,彩盈長者日間護理中心,officeTower,彩盈長者日間護理中心,,,,,,1,true
彩盈醫務中心,彩盈醫務中心,officeTower,彩盈醫務中心,,,,,,1,true
明愛牛頭角長者中心,明愛牛頭角長者中心,officeTower,明愛牛頭角長者中心,,,,,,1,true
合盈商業中心,合盈商業中心,officeTower,合盈商業中心,,,,,,1,true
朗盈商業中心 (前稱),朗盈商業中心 (前稱),officeTower,朗盈商業中心 (前稱),,,,,,1,true
富昌中心,富昌中心,officeTower,富昌中心,,,,,,1,true
恒昌中心,恒昌中心,officeTower,恒昌中心,,,,,,1,true
葵昌中心,葵昌中心,officeTower,葵昌中心,,,,,,1,true
萬昌中心,萬昌中心,officeTower,萬昌中心,,,,,,1,true
南昌中心,南昌中心,officeTower,南昌中心,,,,,,1,true
友昌中心,友昌中心,officeTower,友昌中心,,,,,,1,true
業昌中心,業昌中心,officeTower,業昌中心,,,,,,1,true
裕昌中心,裕昌中心,officeTower,裕昌中心,,,,,,1,true
聯昌中心,聯昌中心,officeTower,聯昌中心,,,,,,1,true
萬事昌中心,萬事昌中心,officeTower,萬事昌中心,,,,,,1,true
荃昌中心昌寧大廈,荃昌中心昌寧大廈,officeTower,荃昌中心昌寧大廈,,,,,,1,true
荃昌中心昌安大廈,荃昌中心昌安大廈,officeTower,荃昌中心昌安大廈,,,,,,1,true
協康會富昌中心 (特殊幼兒中心),協康會富昌中心 (特殊幼兒中心),officeTower,協康會富昌中心 (特殊幼兒中心),,,,,,1,true
其昌中心 (前稱),其昌中心 (前稱),officeTower,其昌中心 (前稱),,,,,,1,true
聯昌中心 (別稱),聯昌中心 (別稱),officeTower,聯昌中心 (別稱),,,,,,1,true
協康會富昌中心,協康會富昌中心,officeTower,協康會富昌中心,,,,,,1,true
發昌大廈,發昌大廈,officeTower,發昌大廈,,,,,,1,true
安昌大廈,安昌大廈,officeTower,安昌大廈,,,,,,1,true
寶昌大廈,寶昌大廈,officeTower,寶昌大廈,,,,,,1,true
德昌大廈,德昌大廈,officeTower,德昌大廈,,,,,,1,true
東昌大廈,東昌大廈,officeTower,東昌大廈,,,,,,1,true
華昌大廈,華昌大廈,officeTower,華昌大廈,,,,,,1,true
致昌大廈,致昌大廈,officeTower,致昌大廈,,,,,,1,true
福昌大廈,福昌大廈,officeTower,福昌大廈,,,,,,1,true
富昌大廈,富昌大廈,officeTower,富昌大廈,,,,,,1,true
豐昌大廈,豐昌大廈,officeTower,豐昌大廈,,,,,,1,true
恒昌大廈,恒昌大廈,officeTower,恒昌大廈,,,,,,1,true
騏昌大廈,騏昌大廈,officeTower,騏昌大廈,,,,,,1,true
湀昌大廈,湀昌大廈,officeTower,湀昌大廈,,,,,,1,true
利昌大廈,利昌大廈,officeTower,利昌大廈,,,,,,1,true
龍昌大廈,龍昌大廈,officeTower,龍昌大廈,,,,,,1,true
美昌大廈,美昌大廈,officeTower,美昌大廈,,,,,,1,true
南昌大廈,南昌大廈,officeTower,南昌大廈,,,,,,1,true
生昌大廈,生昌大廈,officeTower,生昌大廈,,,,,,1,true
順昌大廈,順昌大廈,officeTower,順昌大廈,,,,,,1,true
兆昌大廈,兆昌大廈,officeTower,兆昌大廈,,,,,,1,true
維昌大廈,維昌大廈,officeTower,維昌大廈,,,,,,1,true
宏昌大廈,宏昌大廈,officeTower,宏昌大廈,,,,,,1,true
永昌大廈,永昌大廈,officeTower,永昌大廈,,,,,,1,true
益昌大廈,益昌大廈,officeTower,益昌大廈,,,,,,1,true
業昌大廈,業昌大廈,officeTower,業昌大廈,,,,,,1,true
耀昌大廈,耀昌大廈,officeTower,耀昌大廈,,,,,,1,true
萬事昌大廈,萬事昌大廈,officeTower,萬事昌大廈,,,,,,1,true
利德昌大廈,利德昌大廈,officeTower,利德昌大廈,,,,,,1,true
宏昌工廠大廈及宏昌大廈,宏昌工廠大廈及宏昌大廈,officeTower,宏昌工廠大廈及宏昌大廈,,,,,,1,true
安和園第一期安昌大廈,安和園第一期安昌大廈,officeTower,安和園第一期安昌大廈,,,,,,1,true
德昌大廈 (前稱),德昌大廈 (前稱),officeTower,德昌大廈 (前稱),,,,,,1,true
萬事昌大廈 (前稱),萬事昌大廈 (前稱),officeTower,萬事昌大廈 (前稱),,,,,,1,true
恆昌大廈 (別稱),恆昌大廈 (別稱),officeTower,恆昌大廈 (別稱),,,,,,1,true
安昌大廈 (別稱),安昌大廈 (別稱),officeTower,安昌大廈 (別稱),,,,,,1,true
德昌大廈 (別稱),德昌大廈 (別稱),officeTower,德昌大廈 (別稱),,,,,,1,true
華昌大廈 (前稱),華昌大廈 (前稱),officeTower,華昌大廈 (前稱),,,,,,1,true
葉氏恒昌大廈 (前稱),葉氏恒昌大廈 (前稱),officeTower,葉氏恒昌大廈 (前稱),,,,,,1,true
鉅昌大樓,鉅昌大樓,officeTower,鉅昌大樓,,,,,,1,true
恆昌大樓,恆昌大樓,officeTower,恆昌大樓,,,,,,1,true
海昌大樓,海昌大樓,officeTower,海昌大樓,,,,,,1,true
聯昌大樓,聯昌大樓,officeTower,聯昌大樓,,,,,,1,true
五昌大樓,五昌大樓,officeTower,五昌大樓,,,,,,1,true
寶昌大樓,寶昌大樓,officeTower,寶昌大樓,,,,,,1,true
怡昌大樓,怡昌大樓,officeTower,怡昌大樓,,,,,,1,true
仁昌大樓,仁昌大樓,officeTower,仁昌大樓,,,,,,1,true
維昌大樓 (別稱),維昌大樓 (別稱),officeTower,維昌大樓 (別稱),,,,,,1,true
可健耆英地區中心,可健耆英地區中心,officeTower,可健耆英地區中心,,,,,,1,true
嗇色園可健耆英地區中心,嗇色園可健耆英地區中心,officeTower,嗇色園可健耆英地區中心,,,,,,1,true
保良局大角咀護老院暨耆順長者日間護理中心,保良局大角咀護老院暨耆順長者日間護理中心,officeTower,保良局大角咀護老院暨耆順長者日間護理中心,,,,,,1,true
協康會裕明中心 (特殊幼兒中心),協康會裕明中心 (特殊幼兒中心),officeTower,協康會裕明中心 (特殊幼兒中心),,,,,,1,true
協康會裕明中心,協康會裕明中心,officeTower,協康會裕明中心,,,,,,1,true
先進汽車服務中心,先進汽車服務中心,officeTower,先進汽車服務中心,,,,,,1,true
鴻昌汽車服務中心,鴻昌汽車服務中心,officeTower,鴻昌汽車服務中心,,,,,,1,true
德信汽車服務中心有限公司,德信汽車服務中心有限公司,officeTower,德信汽車服務中心有限公司,,,,,,1,true
鴻昌工廠大廈,鴻昌工廠大廈,officeTower,鴻昌工廠大廈,,,,,,1,true
昌發工廠大廈,昌發工廠大廈,officeTower,昌發工廠大廈,,,,,,1,true
昌華工廠大廈,昌華工廠大廈,officeTower,昌華工廠大廈,,,,,,1,true
福昌工廠大廈,福昌工廠大廈,officeTower,福昌工廠大廈,,,,,,1,true
恒昌工廠大廈,恒昌工廠大廈,officeTower,恒昌工廠大廈,,,,,,1,true
麗昌工廠大廈,麗昌工廠大廈,officeTower,麗昌工廠大廈,,,,,,1,true
宏昌工廠大廈,宏昌工廠大廈,officeTower,宏昌工廠大廈,,,,,,1,true
嘉昌商業中心,嘉昌商業中心,officeTower,嘉昌商業中心,,,,,,1,true
鴻昌商業大廈,鴻昌商業大廈,officeTower,鴻昌商業大廈,,,,,,1,true
寶昌商業大廈,寶昌商業大廈,officeTower,寶昌商業大廈,,,,,,1,true
德昌商業大廈,德昌商業大廈,officeTower,德昌商業大廈,,,,,,1,true
同昌商業大廈,同昌商業大廈,officeTower,同昌商業大廈,,,,,,1,true
宏昌商業大廈,宏昌商業大廈,officeTower,宏昌商業大廈,,,,,,1,true
永昌商業大廈,永昌商業大廈,officeTower,永昌商業大廈,,,,,,1,true
華昌商業大廈 (前稱),華昌商業大廈 (前稱),officeTower,華昌商業大廈 (前稱),,,,,,1,true
保良局温林美賢耆暉中心,保良局温林美賢耆暉中心,officeTower,保良局温林美賢耆暉中心,,,,,,1,true
温林美賢耆暉中心,温林美賢耆暉中心,officeTower,温林美賢耆暉中心,,,,,,1,true
香港聖公會九龍城青少年綜合服務中心,香港聖公會九龍城青少年綜合服務中心,officeTower,香港聖公會九龍城青少年綜合服務中心,,,,,,1,true
卓萃綜合醫務中心,卓萃綜合醫務中心,officeTower,卓萃綜合醫務中心,,,,,,1,true
回收機構及收集點： 保良局 - 溫林美賢耆暉中心,回收機構及收集點： 保良局 - 溫林美賢耆暉中心,officeTower,回收機構及收集點： 保良局 - 溫林美賢耆暉中心,,,,,,1,true
金朗大廈,金朗大廈,officeTower,金朗大廈,,,,,,1,true
Eden Manor Tower 1,Eden Manor Tower 1,officeTower,Eden Manor Tower 1,,,,,,1,true
Eden Manor Tower 2,Eden Manor Tower 2,officeTower,Eden Manor Tower 2,,,,,,1,true
Eden Manor Tower 3,Eden Manor Tower 3,officeTower,Eden Manor Tower 3,,,,,,1,true
Eden Manor Tower 5,Eden Manor Tower 5,officeTower,Eden Manor Tower 5,,,,,,1,true
Eden Manor Tower 6,Eden Manor Tower 6,officeTower,Eden Manor Tower 6,,,,,,1,true
Eden Manor Tower 7,Eden Manor Tower 7,officeTower,Eden Manor Tower 7,,,,,,1,true
Eden Manor Tower 8,Eden Manor Tower 8,officeTower,Eden Manor Tower 8,,,,,,1,true
Eden Manor Tower 9,Eden Manor Tower 9,officeTower,Eden Manor Tower 9,,,,,,1,true
One Centre 少數族裔人士支援服務中心,One Centre 少數族裔人士支援服務中心,officeTower,One Centre 少數族裔人士支援服務中心,,,,,,1,true
金海大樓第一期,金海大樓第一期,officeTower,金海大樓第一期,,,,,,1,true
金海大樓第二期,金海大樓第二期,officeTower,金海大樓第二期,,,,,,1,true
四海大樓,四海大樓,officeTower,四海大樓,,,,,,1,true
金海大樓,金海大樓,officeTower,金海大樓,,,,,,1,true
東海大樓,東海大樓,officeTower,東海大樓,,,,,,1,true
香港防癆心臟及胸病協會李東海大樓,香港防癆心臟及胸病協會李東海大樓,officeTower,香港防癆心臟及胸病協會李東海大樓,,,,,,1,true
鎮海商業大廈,鎮海商業大廈,officeTower,鎮海商業大廈,,,,,,1,true
新東海商業中心,新東海商業中心,officeTower,新東海商業中心,,,,,,1,true
香港心理衛生會順天中心,香港心理衛生會順天中心,officeTower,香港心理衛生會順天中心,,,,,,1,true
香港心理衞生會順天中心,香港心理衞生會順天中心,officeTower,香港心理衞生會順天中心,,,,,,1,true
南天大廈,南天大廈,officeTower,南天大廈,,,,,,1,true
摩天大廈,摩天大廈,officeTower,摩天大廈,,,,,,1,true
海天大廈,海天大廈,officeTower,海天大廈,,,,,,1,true
海天大樓,海天大樓,officeTower,海天大樓,,,,,,1,true
雲天大樓,雲天大樓,officeTower,雲天大樓,,,,,,1,true
基督教家庭服務中心賽馬會跳躍青年坊,基督教家庭服務中心賽馬會跳躍青年坊,officeTower,基督教家庭服務中心賽馬會跳躍青年坊,,,,,,1,true
新康達護老中心,新康達護老中心,officeTower,新康達護老中心,,,,,,1,true
方王換娣長者鄰舍中心,方王換娣長者鄰舍中心,officeTower,方王換娣長者鄰舍中心,,,,,,1,true
康達(順天)護老中心,康達(順天)護老中心,officeTower,康達(順天)護老中心,,,,,,1,true
基督教互愛中心-順天中途宿舍,基督教互愛中心-順天中途宿舍,officeTower,基督教互愛中心-順天中途宿舍,,,,,,1,true
天廚商業大廈,天廚商業大廈,officeTower,天廚商業大廈,,,,,,1,true
天安城商業大廈,天安城商業大廈,officeTower,天安城商業大廈,,,,,,1,true
北帝大廈,北帝大廈,officeTower,北帝大廈,,,,,,1,true
帝后商業中心,帝后商業中心,officeTower,帝后商業中心,,,,,,1,true
帝權商業大樓,帝權商業大樓,officeTower,帝權商業大樓,,,,,,1,true
興業皇帝大廈,興業皇帝大廈,officeTower,興業皇帝大廈,,,,,,1,true
北帝大廈A座,北帝大廈A座,officeTower,北帝大廈A座,,,,,,1,true
北帝大廈B座,北帝大廈B座,officeTower,北帝大廈B座,,,,,,1,true
北帝大廈C座,北帝大廈C座,officeTower,北帝大廈C座,,,,,,1,true
皇帝大廈 (別稱),皇帝大廈 (別稱),officeTower,皇帝大廈 (別稱),,,,,,1,true
興業皇帝大廈 (別稱),興業皇帝大廈 (別稱),officeTower,興業皇帝大廈 (別稱),,,,,,1,true
皇上皇大廈,皇上皇大廈,officeTower,皇上皇大廈,,,,,,1,true
英皇大廈,英皇大廈,officeTower,英皇大廈,,,,,,1,true
皇冠大廈,皇冠大廈,officeTower,皇冠大廈,,,,,,1,true
皇后商業大廈,皇后商業大廈,officeTower,皇后商業大廈,,,,,,1,true
星皇商業中心,星皇商業中心,officeTower,星皇商業中心,,,,,,1,true
英皇中心,英皇中心,officeTower,英皇中心,,,,,,1,true
OK便利店-英皇中心,OK便利店-英皇中心,officeTower,OK便利店-英皇中心,,,,,,1,true
Wi-Fi.HK 熱點位置: 中銀香港 - 北角英皇中心分行,Wi-Fi.HK 熱點位置: 中銀香港 - 北角英皇中心分行,officeTower,Wi-Fi.HK 熱點位置: 中銀香港 - 北角英皇中心分行,,,,,,1,true
大皇大廈 (前稱),大皇大廈 (前稱),officeTower,大皇大廈 (前稱),,,,,,1,true
英皇商業中心 (前稱),英皇商業中心 (前稱),officeTower,英皇商業中心 (前稱),,,,,,1,true
安皇商業大廈 (前稱),安皇商業大廈 (前稱),officeTower,安皇商業大廈 (前稱),,,,,,1,true
威皇商業大廈 (前稱),威皇商業大廈 (前稱),officeTower,威皇商業大廈 (前稱),,,,,,1,true
敦豪中亞樞紐中心,敦豪中亞樞紐中心,officeTower,敦豪中亞樞紐中心,,,,,,1,true
遠東發展大廈,遠東發展大廈,officeTower,遠東發展大廈,,,,,,1,true
東亞銀行大廈,東亞銀行大廈,officeTower,東亞銀行大廈,,,,,,1,true
東亞銀行大廈 (前稱),東亞銀行大廈 (前稱),officeTower,東亞銀行大廈 (前稱),,,,,,1,true
West Exchange Tower,West Exchange Tower,officeTower,West Exchange Tower,,,,,,1,true
華明中心,華明中心,officeTower,華明中心,,,,,,1,true
均益大廈第一期,均益大廈第一期,officeTower,均益大廈第一期,,,,,,1,true
均益大廈第二期,均益大廈第二期,officeTower,均益大廈第二期,,,,,,1,true
均益大廈第三期,均益大廈第三期,officeTower,均益大廈第三期,,,,,,1,true
回收機構及收集點： 香港電訊 - 上環客戶服務中心,回收機構及收集點： 香港電訊 - 上環客戶服務中心,officeTower,回收機構及收集點： 香港電訊 - 上環客戶服務中心,,,,,,1,true
陸海通大廈25樓,陸海通大廈25樓,officeTower,陸海通大廈25樓,,,,,,1,true
萬年大廈,萬年大廈,officeTower,萬年大廈,,,,,,1,true
新世界大廈,新世界大廈,officeTower,新世界大廈,,,,,,1,true
渣打銀行大廈,渣打銀行大廈,officeTower,渣打銀行大廈,,,,,,1,true
國際中環牙科中心,國際中環牙科中心,officeTower,國際中環牙科中心,,,,,,1,true
華懋大廈,華懋大廈,officeTower,華懋大廈,,,,,,1,true
中環高清腸胃內視鏡中心,中環高清腸胃內視鏡中心,officeTower,中環高清腸胃內視鏡中心,,,,,,1,true
仁輝專科中心(中環),仁輝專科中心(中環),officeTower,仁輝專科中心(中環),,,,,,1,true
香港醫學會李樹培醫生專業教育中心,香港醫學會李樹培醫生專業教育中心,officeTower,香港醫學會李樹培醫生專業教育中心,,,,,,1,true
醫專業專科及內視鏡中心,醫專業專科及內視鏡中心,officeTower,醫專業專科及內視鏡中心,,,,,,1,true
鄰舍輔導會 東涌綜合服務中心 中西區及離島區深宵外展服務計劃,鄰舍輔導會 東涌綜合服務中心 中西區及離島區深宵外展服務計劃,officeTower,鄰舍輔導會 東涌綜合服務中心 中西區及離島區深宵外展服務計劃,,,,,,1,true
基督中心堂(荃美),基督中心堂(荃美),officeTower,基督中心堂(荃美),,,,,,1,true
基督中心堂(荃灣),基督中心堂(荃灣),officeTower,基督中心堂(荃灣),,,,,,1,true
社會福利署中元朗綜合家庭服務中心,社會福利署中元朗綜合家庭服務中心,officeTower,社會福利署中元朗綜合家庭服務中心,,,,,,1,true
香港上海滙豐銀行新總行大廈 (前稱),香港上海滙豐銀行新總行大廈 (前稱),officeTower,香港上海滙豐銀行新總行大廈 (前稱),,,,,,1,true
偉澤輔助生育中心,偉澤輔助生育中心,officeTower,偉澤輔助生育中心,,,,,,1,true
華潤大廈,華潤大廈,officeTower,華潤大廈,,,,,,1,true
聖雅各福群會雅聚天地–地區支援中心(灣仔),聖雅各福群會雅聚天地–地區支援中心(灣仔),officeTower,聖雅各福群會雅聚天地–地區支援中心(灣仔),,,,,,1,true
東城大廈,東城大廈,officeTower,東城大廈,,,,,,1,true
東亞銀行港灣中心,東亞銀行港灣中心,officeTower,東亞銀行港灣中心,,,,,,1,true
胡忠大廈,胡忠大廈,officeTower,胡忠大廈,,,,,,1,true
聖雅各福群會雅聚天地~地區支援中心 (灣仔),聖雅各福群會雅聚天地~地區支援中心 (灣仔),officeTower,聖雅各福群會雅聚天地~地區支援中心 (灣仔),,,,,,1,true
大新金融中心,大新金融中心,officeTower,大新金融中心,,,,,,1,true
社會福利署銅鑼灣綜合家庭服務中心,社會福利署銅鑼灣綜合家庭服務中心,officeTower,社會福利署銅鑼灣綜合家庭服務中心,,,,,,1,true
明愛樂苗學前教育及訓練中心,明愛樂苗學前教育及訓練中心,officeTower,明愛樂苗學前教育及訓練中心,,,,,,1,true
教協醫務中心,教協醫務中心,officeTower,教協醫務中心,,,,,,1,true
Wi-Fi.HK 熱點位置: 消費者委員會北角諮詢中心,Wi-Fi.HK 熱點位置: 消費者委員會北角諮詢中心,officeTower,Wi-Fi.HK 熱點位置: 消費者委員會北角諮詢中心,,,,,,1,true
社會福利署鰂魚涌綜合家庭服務中心,社會福利署鰂魚涌綜合家庭服務中心,officeTower,社會福利署鰂魚涌綜合家庭服務中心,,,,,,1,true
東匯中心 (別稱),東匯中心 (別稱),officeTower,東匯中心 (別稱),,,,,,1,true
華懋中心I期,華懋中心I期,officeTower,華懋中心I期,,,,,,1,true
華懋中心II期,華懋中心II期,officeTower,華懋中心II期,,,,,,1,true
新佳大廈,新佳大廈,officeTower,新佳大廈,,,,,,1,true
新翼大樓,新翼大樓,officeTower,新翼大樓,,,,,,1,true
創新科技中心,創新科技中心,officeTower,創新科技中心,,,,,,1,true
靈實長者記憶護理中心 (港島西),靈實長者記憶護理中心 (港島西),officeTower,靈實長者記憶護理中心 (港島西),,,,,,1,true
卿旺大廈,卿旺大廈,officeTower,卿旺大廈,,,,,,1,true
嘉安大廈,嘉安大廈,officeTower,嘉安大廈,,,,,,1,true
嘉安大廈B座,嘉安大廈B座,officeTower,嘉安大廈B座,,,,,,1,true
同發大樓,同發大樓,officeTower,同發大樓,,,,,,1,true
戴麟趾康復中心南翼,戴麟趾康復中心南翼,officeTower,戴麟趾康復中心南翼,,,,,,1,true
西區精神科中心,西區精神科中心,officeTower,西區精神科中心,,,,,,1,true
恩情護老中心 (上環) 有限公司,恩情護老中心 (上環) 有限公司,officeTower,恩情護老中心 (上環) 有限公司,,,,,,1,true
干諾中心,干諾中心,officeTower,干諾中心,,,,,,1,true
公平僱傭中心有限公司,公平僱傭中心有限公司,officeTower,公平僱傭中心有限公司,,,,,,1,true
聖馬太長者鄰舍中心,聖馬太長者鄰舍中心,officeTower,聖馬太長者鄰舍中心,,,,,,1,true
香港小童群益會賽馬會上環青少年綜合服務中心,香港小童群益會賽馬會上環青少年綜合服務中心,officeTower,香港小童群益會賽馬會上環青少年綜合服務中心,,,,,,1,true
聖雅各福群會中西區長者地區中心,聖雅各福群會中西區長者地區中心,officeTower,聖雅各福群會中西區長者地區中心,,,,,,1,true
上環文娛中心 (別稱),上環文娛中心 (別稱),officeTower,上環文娛中心 (別稱),,,,,,1,true
LEMON'S GUEST HOUSE,LEMON'S GUEST HOUSE,officeTower,LEMON'S GUEST HOUSE,,,,,,1,true
UNION GUEST HOUSE,UNION GUEST HOUSE,officeTower,UNION GUEST HOUSE,,,,,,1,true
消防處總部大廈,消防處總部大廈,officeTower,消防處總部大廈,,,,,,1,true
帝國中心,帝國中心,officeTower,帝國中心,,,,,,1,true
戲曲中心停車場,戲曲中心停車場,officeTower,戲曲中心停車場,,,,,,1,true
Wi-Fi.HK 熱點位置: 戲曲中心,Wi-Fi.HK 熱點位置: 戲曲中心,officeTower,Wi-Fi.HK 熱點位置: 戲曲中心,,,,,,1,true
NEW GUANGZHOU GUEST HOUSE,NEW GUANGZHOU GUEST HOUSE,officeTower,NEW GUANGZHOU GUEST HOUSE,,,,,,1,true
NEW EURO ASIA GUEST HOUSE,NEW EURO ASIA GUEST HOUSE,officeTower,NEW EURO ASIA GUEST HOUSE,,,,,,1,true
旺角東亞銀行大廈 (別稱),旺角東亞銀行大廈 (別稱),officeTower,旺角東亞銀行大廈 (別稱),,,,,,1,true
油童樂學前兒童課餘託管中心,油童樂學前兒童課餘託管中心,officeTower,油童樂學前兒童課餘託管中心,,,,,,1,true
基督中心堂(旺角),基督中心堂(旺角),officeTower,基督中心堂(旺角),,,,,,1,true
基督中心堂(佐敦),基督中心堂(佐敦),officeTower,基督中心堂(佐敦),,,,,,1,true
華豐大廈,華豐大廈,officeTower,華豐大廈,,,,,,1,true
消防處西九龍救援訓練中心,消防處西九龍救援訓練中心,officeTower,消防處西九龍救援訓練中心,,,,,,1,true
海事處新油麻地公眾貨物裝卸區行政大樓,海事處新油麻地公眾貨物裝卸區行政大樓,officeTower,海事處新油麻地公眾貨物裝卸區行政大樓,,,,,,1,true
香港國際社會服務社深水埗(南)綜合家庭服務中心,香港國際社會服務社深水埗(南)綜合家庭服務中心,officeTower,香港國際社會服務社深水埗(南)綜合家庭服務中心,,,,,,1,true
HOME少數族裔人士支援服務中心,HOME少數族裔人士支援服務中心,officeTower,HOME少數族裔人士支援服務中心,,,,,,1,true
普通眼科及低視能中心,普通眼科及低視能中心,officeTower,普通眼科及低視能中心,,,,,,1,true
香港盲人輔導會復康中心,香港盲人輔導會復康中心,officeTower,香港盲人輔導會復康中心,,,,,,1,true
香港家庭福利會深水埗(西)綜合家庭服務中心,香港家庭福利會深水埗(西)綜合家庭服務中心,officeTower,香港家庭福利會深水埗(西)綜合家庭服務中心,,,,,,1,true
香港聖公會深水埗幼兒中心,香港聖公會深水埗幼兒中心,officeTower,香港聖公會深水埗幼兒中心,,,,,,1,true
香港善導會 九龍西社會康復及支援綜合服務中心–深康滙,香港善導會 九龍西社會康復及支援綜合服務中心–深康滙,officeTower,香港善導會 九龍西社會康復及支援綜合服務中心–深康滙,,,,,,1,true
西九龍商務中心,西九龍商務中心,officeTower,西九龍商務中心,,,,,,1,true
明愛西九龍日間護理中心 (分址),明愛西九龍日間護理中心 (分址),officeTower,明愛西九龍日間護理中心 (分址),,,,,,1,true
香港傷健協會九龍西傷健中心,香港傷健協會九龍西傷健中心,officeTower,香港傷健協會九龍西傷健中心,,,,,,1,true
香港盲人輔導會訊息無障礙中心,香港盲人輔導會訊息無障礙中心,officeTower,香港盲人輔導會訊息無障礙中心,,,,,,1,true
新生會大樓工場,新生會大樓工場,officeTower,新生會大樓工場,,,,,,1,true
新生精神康復會新生會大樓長期護理院,新生精神康復會新生會大樓長期護理院,officeTower,新生精神康復會新生會大樓長期護理院,,,,,,1,true
北啓德臨時轉運中心 (前稱),北啓德臨時轉運中心 (前稱),officeTower,北啓德臨時轉運中心 (前稱),,,,,,1,true
劉陳小寶耆暉中心 (分處),劉陳小寶耆暉中心 (分處),officeTower,劉陳小寶耆暉中心 (分處),,,,,,1,true
保良局劉陳小寶耆暉中心,保良局劉陳小寶耆暉中心,officeTower,保良局劉陳小寶耆暉中心,,,,,,1,true
回收機構及收集點： 保良局 劉陳小寶耆暉中心,回收機構及收集點： 保良局 劉陳小寶耆暉中心,officeTower,回收機構及收集點： 保良局 劉陳小寶耆暉中心,,,,,,1,true
香港失明人協進會賽馬會職業及教育資源中心,香港失明人協進會賽馬會職業及教育資源中心,officeTower,香港失明人協進會賽馬會職業及教育資源中心,,,,,,1,true
香港基督教服務處安華日間展能中心,香港基督教服務處安華日間展能中心,officeTower,香港基督教服務處安華日間展能中心,,,,,,1,true
劉陳小寶耆暉中心,劉陳小寶耆暉中心,officeTower,劉陳小寶耆暉中心,,,,,,1,true
扶康會樂華成人訓練中心,扶康會樂華成人訓練中心,officeTower,扶康會樂華成人訓練中心,,,,,,1,true
基督教家庭服務中心欣悅坊-地區支援中心(觀塘東),基督教家庭服務中心欣悅坊-地區支援中心(觀塘東),officeTower,基督教家庭服務中心欣悅坊-地區支援中心(觀塘東),,,,,,1,true
安盛金融大樓,安盛金融大樓,officeTower,安盛金融大樓,,,,,,1,true
Wi-Fi.HK 熱點位置: 觀塘就業中心,Wi-Fi.HK 熱點位置: 觀塘就業中心,officeTower,Wi-Fi.HK 熱點位置: 觀塘就業中心,,,,,,1,true
匡智地區支援中心 (觀塘西),匡智地區支援中心 (觀塘西),officeTower,匡智地區支援中心 (觀塘西),,,,,,1,true
匡智會匡智地區支援中心(觀塘西),匡智會匡智地區支援中心(觀塘西),officeTower,匡智會匡智地區支援中心(觀塘西),,,,,,1,true
Wi-Fi.HK 熱點位置: 藍田(西區)社區中心,Wi-Fi.HK 熱點位置: 藍田(西區)社區中心,officeTower,Wi-Fi.HK 熱點位置: 藍田(西區)社區中心,,,,,,1,true
親和坊共享親職支援中心(九龍東),親和坊共享親職支援中心(九龍東),officeTower,親和坊共享親職支援中心(九龍東),,,,,,1,true
中央郵件中心,中央郵件中心,officeTower,中央郵件中心,,,,,,1,true
新明大廈 (前稱),新明大廈 (前稱),officeTower,新明大廈 (前稱),,,,,,1,true
新駱駝大廈 (前稱),新駱駝大廈 (前稱),officeTower,新駱駝大廈 (前稱),,,,,,1,true
仁愛堂家庭支援中心 - 短期食物援助服務隊,仁愛堂家庭支援中心 - 短期食物援助服務隊,officeTower,仁愛堂家庭支援中心 - 短期食物援助服務隊,,,,,,1,true
安徒生會竹園中心,安徒生會竹園中心,officeTower,安徒生會竹園中心,,,,,,1,true
香港明愛-明愛東頭綜合家庭服務中心(黃大仙西南),香港明愛-明愛東頭綜合家庭服務中心(黃大仙西南),officeTower,香港明愛-明愛東頭綜合家庭服務中心(黃大仙西南),,,,,,1,true
救世軍竹園青少年中心,救世軍竹園青少年中心,officeTower,救世軍竹園青少年中心,,,,,,1,true
保良局曹金霖幼兒學習中心 (特殊幼兒中心),保良局曹金霖幼兒學習中心 (特殊幼兒中心),officeTower,保良局曹金霖幼兒學習中心 (特殊幼兒中心),,,,,,1,true
保良局曹金霖幼兒學習中心,保良局曹金霖幼兒學習中心,officeTower,保良局曹金霖幼兒學習中心,,,,,,1,true
香港傷健協會九龍東傷健中心,香港傷健協會九龍東傷健中心,officeTower,香港傷健協會九龍東傷健中心,,,,,,1,true
教育統籌局九龍塘教育服務中心東座 (前稱),教育統籌局九龍塘教育服務中心東座 (前稱),officeTower,教育統籌局九龍塘教育服務中心東座 (前稱),,,,,,1,true
教育統籌局九龍塘教育服務中心西座 (前稱),教育統籌局九龍塘教育服務中心西座 (前稱),officeTower,教育統籌局九龍塘教育服務中心西座 (前稱),,,,,,1,true
基督中心堂(九龍塘),基督中心堂(九龍塘),officeTower,基督中心堂(九龍塘),,,,,,1,true
社會福利署北沙田綜合家庭服務中心,社會福利署北沙田綜合家庭服務中心,officeTower,社會福利署北沙田綜合家庭服務中心,,,,,,1,true
社會福利署北馬鞍山綜合家庭服務中心,社會福利署北馬鞍山綜合家庭服務中心,officeTower,社會福利署北馬鞍山綜合家庭服務中心,,,,,,1,true
社會福利署南沙田綜合家庭服務中心,社會福利署南沙田綜合家庭服務中心,officeTower,社會福利署南沙田綜合家庭服務中心,,,,,,1,true
香港聖公會福利協會 香港聖公會賽馬會馬鞍山(南)青少年綜合服務中心 香港聖公會沙田/馬鞍山青少年深宵外展服務,香港聖公會福利協會 香港聖公會賽馬會馬鞍山(南)青少年綜合服務中心 香港聖公會沙田/馬鞍山青少年深宵外展服務,officeTower,香港聖公會福利協會 香港聖公會賽馬會馬鞍山(南)青少年綜合服務中心 香港聖公會沙田/馬鞍山青少年深宵外展服務,,,,,,1,true
社會福利署南馬鞍山綜合家庭服務中心,社會福利署南馬鞍山綜合家庭服務中心,officeTower,社會福利署南馬鞍山綜合家庭服務中心,,,,,,1,true
香港小童群益會馬鞍山東青少年綜合服務中心,香港小童群益會馬鞍山東青少年綜合服務中心,officeTower,香港小童群益會馬鞍山東青少年綜合服務中心,,,,,,1,true
Wi-Fi.HK 熱點位置: 新界東日間社區康復中心,Wi-Fi.HK 熱點位置: 新界東日間社區康復中心,officeTower,Wi-Fi.HK 熱點位置: 新界東日間社區康復中心,,,,,,1,true
沙田污水處理資訊中心,沙田污水處理資訊中心,officeTower,沙田污水處理資訊中心,,,,,,1,true
沙田長者日間護理中心,沙田長者日間護理中心,officeTower,沙田長者日間護理中心,,,,,,1,true
南葵涌學生健康服務中心,南葵涌學生健康服務中心,officeTower,南葵涌學生健康服務中心,,,,,,1,true
香港明愛-明愛荃灣綜合家庭服務中心(東荃灣),香港明愛-明愛荃灣綜合家庭服務中心(東荃灣),officeTower,香港明愛-明愛荃灣綜合家庭服務中心(東荃灣),,,,,,1,true
遠東銀行大廈 (前稱),遠東銀行大廈 (前稱),officeTower,遠東銀行大廈 (前稱),,,,,,1,true
社會福利署西荃灣綜合家庭服務中心,社會福利署西荃灣綜合家庭服務中心,officeTower,社會福利署西荃灣綜合家庭服務中心,,,,,,1,true
荃灣駕駛考試中心,荃灣駕駛考試中心,officeTower,荃灣駕駛考試中心,,,,,,1,true
明愛荃灣社區中心,明愛荃灣社區中心,officeTower,明愛荃灣社區中心,,,,,,1,true
香港家庭福利會葵涌(南)綜合家庭服務中心,香港家庭福利會葵涌(南)綜合家庭服務中心,officeTower,香港家庭福利會葵涌(南)綜合家庭服務中心,,,,,,1,true
南葵涌社會服務處樂齡社區照顧中心,南葵涌社會服務處樂齡社區照顧中心,officeTower,南葵涌社會服務處樂齡社區照顧中心,,,,,,1,true
香港小童群益會賽馬會南葵涌青少年綜合服務中心,香港小童群益會賽馬會南葵涌青少年綜合服務中心,officeTower,香港小童群益會賽馬會南葵涌青少年綜合服務中心,,,,,,1,true
香港小童群益會賽馬會南葵涌青少年綜合服務中心(分處),香港小童群益會賽馬會南葵涌青少年綜合服務中心(分處),officeTower,香港小童群益會賽馬會南葵涌青少年綜合服務中心(分處),,,,,,1,true
香港小童群益會南葵涌青少年綜合服務中心 (祖堯分處),香港小童群益會南葵涌青少年綜合服務中心 (祖堯分處),officeTower,香港小童群益會南葵涌青少年綜合服務中心 (祖堯分處),,,,,,1,true
Wi-Fi.HK 熱點位置: 南葵涌學生健康服務中心,Wi-Fi.HK 熱點位置: 南葵涌學生健康服務中心,officeTower,Wi-Fi.HK 熱點位置: 南葵涌學生健康服務中心,,,,,,1,true
宣美語言及聽覺訓練中心,宣美語言及聽覺訓練中心,officeTower,宣美語言及聽覺訓練中心,,,,,,1,true
社會福利署東葵涌綜合家庭服務中心,社會福利署東葵涌綜合家庭服務中心,officeTower,社會福利署東葵涌綜合家庭服務中心,,,,,,1,true
香港小童群益會賽馬會石蔭青少年綜合服務中心,香港小童群益會賽馬會石蔭青少年綜合服務中心,officeTower,香港小童群益會賽馬會石蔭青少年綜合服務中心,,,,,,1,true
楊溫先生夫人長者鄰舍中心,楊溫先生夫人長者鄰舍中心,officeTower,楊溫先生夫人長者鄰舍中心,,,,,,1,true
瑞安護老中心 (葵盛東) 有限公司,瑞安護老中心 (葵盛東) 有限公司,officeTower,瑞安護老中心 (葵盛東) 有限公司,,,,,,1,true
瑞安護老中心(葵盛東)有限公司,瑞安護老中心(葵盛東)有限公司,officeTower,瑞安護老中心(葵盛東)有限公司,,,,,,1,true
瑞安護老中心(葵盛東)有限公司(長者日間護理單位買位計劃),瑞安護老中心(葵盛東)有限公司(長者日間護理單位買位計劃),officeTower,瑞安護老中心(葵盛東)有限公司(長者日間護理單位買位計劃),,,,,,1,true
康健醫務中心,康健醫務中心,officeTower,康健醫務中心,,,,,,1,true
社會福利署西葵涌綜合家庭服務中心,社會福利署西葵涌綜合家庭服務中心,officeTower,社會福利署西葵涌綜合家庭服務中心,,,,,,1,true
葵盛西長者日間護理中心,葵盛西長者日間護理中心,officeTower,葵盛西長者日間護理中心,,,,,,1,true
西九龍精神科中心,西九龍精神科中心,officeTower,西九龍精神科中心,,,,,,1,true
宇達護老中心,宇達護老中心,officeTower,宇達護老中心,,,,,,1,true
香港耀能協會葵盛早期教育及訓練中心,香港耀能協會葵盛早期教育及訓練中心,officeTower,香港耀能協會葵盛早期教育及訓練中心,,,,,,1,true
扶康會祖堯成人訓練中心,扶康會祖堯成人訓練中心,officeTower,扶康會祖堯成人訓練中心,,,,,,1,true
華豐護老中心(葵涌分院),華豐護老中心(葵涌分院),officeTower,華豐護老中心(葵涌分院),,,,,,1,true
葵涌老齡精神科門診部暨照顧者支援中心,葵涌老齡精神科門診部暨照顧者支援中心,officeTower,葵涌老齡精神科門診部暨照顧者支援中心,,,,,,1,true
基督教香港信義會社會服務部基督教香港信義會葵涌地區支援中心,基督教香港信義會社會服務部基督教香港信義會葵涌地區支援中心,officeTower,基督教香港信義會社會服務部基督教香港信義會葵涌地區支援中心,,,,,,1,true
懷熙葵涌長者地區中心,懷熙葵涌長者地區中心,officeTower,懷熙葵涌長者地區中心,,,,,,1,true
懷熙葵涌長者地區中心 (分處 1),懷熙葵涌長者地區中心 (分處 1),officeTower,懷熙葵涌長者地區中心 (分處 1),,,,,,1,true
香港耆康老人福利會懷熙葵涌長者地區中心,香港耆康老人福利會懷熙葵涌長者地區中心,officeTower,香港耆康老人福利會懷熙葵涌長者地區中心,,,,,,1,true
屯門市中心社區會堂,屯門市中心社區會堂,officeTower,屯門市中心社區會堂,,,,,,1,true
胡忠長者地區中心,胡忠長者地區中心,officeTower,胡忠長者地區中心,,,,,,1,true
仁愛堂胡忠長者地區中心,仁愛堂胡忠長者地區中心,officeTower,仁愛堂胡忠長者地區中心,,,,,,1,true
Wi-Fi.HK 熱點位置: 屯門市中心社區會堂,Wi-Fi.HK 熱點位置: 屯門市中心社區會堂,officeTower,Wi-Fi.HK 熱點位置: 屯門市中心社區會堂,,,,,,1,true
Wi-Fi.HK 熱點位置: 中銀香港 - 屯門中銀理財中心,Wi-Fi.HK 熱點位置: 中銀香港 - 屯門中銀理財中心,officeTower,Wi-Fi.HK 熱點位置: 中銀香港 - 屯門中銀理財中心,,,,,,1,true
社會福利署南屯門綜合家庭服務中心,社會福利署南屯門綜合家庭服務中心,officeTower,社會福利署南屯門綜合家庭服務中心,,,,,,1,true
社會福利署東屯門綜合家庭服務中心,社會福利署東屯門綜合家庭服務中心,officeTower,社會福利署東屯門綜合家庭服務中心,,,,,,1,true
Wi-Fi.HK 熱點位置: 東屯門綜合家庭服務中心,Wi-Fi.HK 熱點位置: 東屯門綜合家庭服務中心,officeTower,Wi-Fi.HK 熱點位置: 東屯門綜合家庭服務中心,,,,,,1,true
基督教香港信義會屯門西長者日間護理中心,基督教香港信義會屯門西長者日間護理中心,officeTower,基督教香港信義會屯門西長者日間護理中心,,,,,,1,true
社會福利署西屯門綜合家庭服務中心,社會福利署西屯門綜合家庭服務中心,officeTower,社會福利署西屯門綜合家庭服務中心,,,,,,1,true
鄰舍輔導會新界西日間社區康復中心,鄰舍輔導會新界西日間社區康復中心,officeTower,鄰舍輔導會新界西日間社區康復中心,,,,,,1,true
Wi-Fi.HK 熱點位置: 新界西就業中心,Wi-Fi.HK 熱點位置: 新界西就業中心,officeTower,Wi-Fi.HK 熱點位置: 新界西就業中心,,,,,,1,true
展亮技能發展中心(屯門) - 宿舍部,展亮技能發展中心(屯門) - 宿舍部,officeTower,展亮技能發展中心(屯門) - 宿舍部,,,,,,1,true
香港童軍總會元朗東區區會中心,香港童軍總會元朗東區區會中心,officeTower,香港童軍總會元朗東區區會中心,,,,,,1,true
社會福利署東元朗綜合家庭服務中心,社會福利署東元朗綜合家庭服務中心,officeTower,社會福利署東元朗綜合家庭服務中心,,,,,,1,true
元朗科技中心,元朗科技中心,officeTower,元朗科技中心,,,,,,1,true
元朗大會堂社區中心,元朗大會堂社區中心,officeTower,元朗大會堂社區中心,,,,,,1,true
元朗大會堂管理委員會有限公司賽馬會元朗青少年綜合服務中心,元朗大會堂管理委員會有限公司賽馬會元朗青少年綜合服務中心,officeTower,元朗大會堂管理委員會有限公司賽馬會元朗青少年綜合服務中心,,,,,,1,true
鄰舍輔導會賽馬會大埔(北)青少年綜合服務中心,鄰舍輔導會賽馬會大埔(北)青少年綜合服務中心,officeTower,鄰舍輔導會賽馬會大埔(北)青少年綜合服務中心,,,,,,1,true
社會福利署北大埔綜合家庭服務中心,社會福利署北大埔綜合家庭服務中心,officeTower,社會福利署北大埔綜合家庭服務中心,,,,,,1,true
香港青少年服務處香港青少年服務處賽馬會天平青少年綜合服務中心星鳥計劃 (北區),香港青少年服務處香港青少年服務處賽馬會天平青少年綜合服務中心星鳥計劃 (北區),officeTower,香港青少年服務處香港青少年服務處賽馬會天平青少年綜合服務中心星鳥計劃 (北區),,,,,,1,true
社會福利署南大埔綜合家庭服務中心,社會福利署南大埔綜合家庭服務中心,officeTower,社會福利署南大埔綜合家庭服務中心,,,,,,1,true
匡智賽馬會松嶺日間活動及住宿大樓,匡智賽馬會松嶺日間活動及住宿大樓,officeTower,匡智賽馬會松嶺日間活動及住宿大樓,,,,,,1,true
粉嶺北社區聯絡中心,粉嶺北社區聯絡中心,officeTower,粉嶺北社區聯絡中心,,,,,,1,true
古洞北及粉嶺北新發展區社區聯絡中心,古洞北及粉嶺北新發展區社區聯絡中心,officeTower,古洞北及粉嶺北新發展區社區聯絡中心,,,,,,1,true
北區民政諮詢中心,北區民政諮詢中心,officeTower,北區民政諮詢中心,,,,,,1,true
社會福利署粉嶺綜合家庭服務中心,社會福利署粉嶺綜合家庭服務中心,officeTower,社會福利署粉嶺綜合家庭服務中心,,,,,,1,true
匡智會匡智粉嶺綜合復康中心,匡智會匡智粉嶺綜合復康中心,officeTower,匡智會匡智粉嶺綜合復康中心,,,,,,1,true
匡智會匡智粉嶺綜合復康中心-中度弱智人士宿舍,匡智會匡智粉嶺綜合復康中心-中度弱智人士宿舍,officeTower,匡智會匡智粉嶺綜合復康中心-中度弱智人士宿舍,,,,,,1,true
秀群松柏社區服務中心,秀群松柏社區服務中心,officeTower,秀群松柏社區服務中心,,,,,,1,true
香港基督教女青年會秀群松柏社區服務中心,香港基督教女青年會秀群松柏社區服務中心,officeTower,香港基督教女青年會秀群松柏社區服務中心,,,,,,1,true
香港明愛-明愛粉嶺綜合家庭服務中心,香港明愛-明愛粉嶺綜合家庭服務中心,officeTower,香港明愛-明愛粉嶺綜合家庭服務中心,,,,,,1,true
匡智粉嶺綜合復康中心,匡智粉嶺綜合復康中心,officeTower,匡智粉嶺綜合復康中心,,,,,,1,true
匡智會匡智粉嶺綜合復康中心(嚴重殘疾人士護理院),匡智會匡智粉嶺綜合復康中心(嚴重殘疾人士護理院),officeTower,匡智會匡智粉嶺綜合復康中心(嚴重殘疾人士護理院),,,,,,1,true
匡智會匡智粉嶺綜合復康中心(展能中心),匡智會匡智粉嶺綜合復康中心(展能中心),officeTower,匡智會匡智粉嶺綜合復康中心(展能中心),,,,,,1,true
北區家庭醫學中心,北區家庭醫學中心,officeTower,北區家庭醫學中心,,,,,,1,true
長者社區照顧服務北區日間護理中心,長者社區照顧服務北區日間護理中心,officeTower,長者社區照顧服務北區日間護理中心,,,,,,1,true
明愛北區長者日間護理中心,明愛北區長者日間護理中心,officeTower,明愛北區長者日間護理中心,,,,,,1,true
社會福利署上水綜合家庭服務中心,社會福利署上水綜合家庭服務中心,officeTower,社會福利署上水綜合家庭服務中心,,,,,,1,true
基督教勵行會基督教勵行會上水服務中心,基督教勵行會基督教勵行會上水服務中心,officeTower,基督教勵行會基督教勵行會上水服務中心,,,,,,1,true
香港宣教會社會服務處有限公司恩霖社區服務中心,香港宣教會社會服務處有限公司恩霖社區服務中心,officeTower,香港宣教會社會服務處有限公司恩霖社區服務中心,,,,,,1,true
香港宣教會社會服務處有限公司白普理上水家庭中心,香港宣教會社會服務處有限公司白普理上水家庭中心,officeTower,香港宣教會社會服務處有限公司白普理上水家庭中心,,,,,,1,true
社會福利署北將軍澳綜合家庭服務中心,社會福利署北將軍澳綜合家庭服務中心,officeTower,社會福利署北將軍澳綜合家庭服務中心,,,,,,1,true
將軍澳安老服務大樓- 賽馬會長者綜合服務中心暨日間護理服務,將軍澳安老服務大樓- 賽馬會長者綜合服務中心暨日間護理服務,officeTower,將軍澳安老服務大樓- 賽馬會長者綜合服務中心暨日間護理服務,,,,,,1,true
香港聖公會福利協會有限公司將軍澳安老服務大樓- 賽馬會長者綜合服務中心暨日間護理服務,香港聖公會福利協會有限公司將軍澳安老服務大樓- 賽馬會長者綜合服務中心暨日間護理服務,officeTower,香港聖公會福利協會有限公司將軍澳安老服務大樓- 賽馬會長者綜合服務中心暨日間護理服務,,,,,,1,true
將軍澳南服務設施大樓,將軍澳南服務設施大樓,officeTower,將軍澳南服務設施大樓,,,,,,1,true
協康會雍明中心 (特殊幼兒中心),協康會雍明中心 (特殊幼兒中心),officeTower,協康會雍明中心 (特殊幼兒中心),,,,,,1,true
社會福利署東將軍澳綜合家庭服務中心,社會福利署東將軍澳綜合家庭服務中心,officeTower,社會福利署東將軍澳綜合家庭服務中心,,,,,,1,true
協康會雍明中心 (早期教育及訓練中心),協康會雍明中心 (早期教育及訓練中心),officeTower,協康會雍明中心 (早期教育及訓練中心),,,,,,1,true
東角中心,東角中心,officeTower,東角中心,,,,,,1,true
新都城中心二期,新都城中心二期,officeTower,新都城中心二期,,,,,,1,true
香港認知障礙症協會將軍澳綜合服務中心,香港認知障礙症協會將軍澳綜合服務中心,officeTower,香港認知障礙症協會將軍澳綜合服務中心,,,,,,1,true
將軍澳綜合復康服務中心(輔助宿舍),將軍澳綜合復康服務中心(輔助宿舍),officeTower,將軍澳綜合復康服務中心(輔助宿舍),,,,,,1,true
基督教靈實協會靈實將軍澳及西貢地區支援中心,基督教靈實協會靈實將軍澳及西貢地區支援中心,officeTower,基督教靈實協會靈實將軍澳及西貢地區支援中心,,,,,,1,true
基督教懷智服務處將軍澳綜合復康服務中心,基督教懷智服務處將軍澳綜合復康服務中心,officeTower,基督教懷智服務處將軍澳綜合復康服務中心,,,,,,1,true
創興水上活動中心 - 艇倉旁,創興水上活動中心 - 艇倉旁,officeTower,創興水上活動中心 - 艇倉旁,,,,,,1,true
創興水上活動中心,創興水上活動中心,officeTower,創興水上活動中心,,,,,,1,true
Wi-Fi.HK 熱點位置: 創興水上活動中心,Wi-Fi.HK 熱點位置: 創興水上活動中心,officeTower,Wi-Fi.HK 熱點位置: 創興水上活動中心,,,,,,1,true
西貢網球場及壁球中心,西貢網球場及壁球中心,officeTower,西貢網球場及壁球中心,,,,,,1,true
西貢區社區中心賽馬會綜合服務處,西貢區社區中心賽馬會綜合服務處,officeTower,西貢區社區中心賽馬會綜合服務處,,,,,,1,true
西貢戶外康樂中心 - 餐廳,西貢戶外康樂中心 - 餐廳,officeTower,西貢戶外康樂中心 - 餐廳,,,,,,1,true
西貢戶外康樂中心 - 近營舍,西貢戶外康樂中心 - 近營舍,officeTower,西貢戶外康樂中心 - 近營舍,,,,,,1,true
西貢戶外康樂中心 - 近游泳池,西貢戶外康樂中心 - 近游泳池,officeTower,西貢戶外康樂中心 - 近游泳池,,,,,,1,true
明愛黃耀南中心,明愛黃耀南中心,officeTower,明愛黃耀南中心,,,,,,1,true
中南大廈,中南大廈,officeTower,中南大廈,,,,,,1,true
竹園長者中心,竹園長者中心,officeTower,竹園長者中心,,,,,,1,true
東南大廈,東南大廈,officeTower,東南大廈,,,,,,1,true
東南大廈 (前稱),東南大廈 (前稱),officeTower,東南大廈 (前稱),,,,,,1,true
Sun Chun Building,Sun Chun Building,officeTower,Sun Chun Building,,,,,,1,true
勤輝大廈,勤輝大廈,officeTower,勤輝大廈,,,,,,1,true
迦南大廈,迦南大廈,officeTower,迦南大廈,,,,,,1,true
建南大廈,建南大廈,officeTower,建南大廈,,,,,,1,true
嶺南大廈,嶺南大廈,officeTower,嶺南大廈,,,,,,1,true
永南大廈 (前稱),永南大廈 (前稱),officeTower,永南大廈 (前稱),,,,,,1,true
俊佳護老中心,俊佳護老中心,officeTower,俊佳護老中心,,,,,,1,true
香港小童群益會康山兒童中心,香港小童群益會康山兒童中心,officeTower,香港小童群益會康山兒童中心,,,,,,1,true
深水埗區議會仁愛堂美孚鄰舍活動中心,深水埗區議會仁愛堂美孚鄰舍活動中心,officeTower,深水埗區議會仁愛堂美孚鄰舍活動中心,,,,,,1,true
明愛西九龍日間護理中心,明愛西九龍日間護理中心,officeTower,明愛西九龍日間護理中心,,,,,,1,true
靈實樂華長者日間中心,靈實樂華長者日間中心,officeTower,靈實樂華長者日間中心,,,,,,1,true
救世軍竹園綜合服務竹園青少年中心,救世軍竹園綜合服務竹園青少年中心,officeTower,救世軍竹園綜合服務竹園青少年中心,,,,,,1,true
竹園馬田法政牧師長者綜合服務中心,竹園馬田法政牧師長者綜合服務中心,officeTower,竹園馬田法政牧師長者綜合服務中心,,,,,,1,true
竹園馬田法政牧師長者綜合服務中心 (分處),竹園馬田法政牧師長者綜合服務中心 (分處),officeTower,竹園馬田法政牧師長者綜合服務中心 (分處),,,,,,1,true
香港聖公會福利協會有限公司竹園馬田法政牧師長者綜合服務中心,香港聖公會福利協會有限公司竹園馬田法政牧師長者綜合服務中心,officeTower,香港聖公會福利協會有限公司竹園馬田法政牧師長者綜合服務中心,,,,,,1,true
香港聖公會福利協會有限公司竹園馬田法政牧師長者綜合服務中心 (中心分處),香港聖公會福利協會有限公司竹園馬田法政牧師長者綜合服務中心 (中心分處),officeTower,香港聖公會福利協會有限公司竹園馬田法政牧師長者綜合服務中心 (中心分處),,,,,,1,true
樂善堂標準錶針長者日間護理中心,樂善堂標準錶針長者日間護理中心,officeTower,樂善堂標準錶針長者日間護理中心,,,,,,1,true
富山康健日託暨日間中心,富山康健日託暨日間中心,officeTower,富山康健日託暨日間中心,,,,,,1,true
Wi-Fi.HK 熱點位置: 香港遊樂場協會賽馬會瓊富及慈雲山青少年綜合服務中心,Wi-Fi.HK 熱點位置: 香港遊樂場協會賽馬會瓊富及慈雲山青少年綜合服務中心,officeTower,Wi-Fi.HK 熱點位置: 香港遊樂場協會賽馬會瓊富及慈雲山青少年綜合服務中心,,,,,,1,true
南泰長者中心,南泰長者中心,officeTower,南泰長者中心,,,,,,1,true
新鴻基物流中心(沙田),新鴻基物流中心(沙田),officeTower,新鴻基物流中心(沙田),,,,,,1,true
沙田關心護老中心,沙田關心護老中心,officeTower,沙田關心護老中心,,,,,,1,true
荃灣長者地區中心 (分處),荃灣長者地區中心 (分處),officeTower,荃灣長者地區中心 (分處),,,,,,1,true
香港耆康老人福利會荃灣長者地區中心 (中心分處),香港耆康老人福利會荃灣長者地區中心 (中心分處),officeTower,香港耆康老人福利會荃灣長者地區中心 (中心分處),,,,,,1,true
象山服務中心,象山服務中心,officeTower,象山服務中心,,,,,,1,true
香港耀能協會象山幼兒中心 (早期教育及訓練中心),香港耀能協會象山幼兒中心 (早期教育及訓練中心),officeTower,香港耀能協會象山幼兒中心 (早期教育及訓練中心),,,,,,1,true
香港耀能協會象山幼兒中心,香港耀能協會象山幼兒中心,officeTower,香港耀能協會象山幼兒中心,,,,,,1,true
Wi-Fi.HK 熱點位置: 象山幼兒中心 (EETC),Wi-Fi.HK 熱點位置: 象山幼兒中心 (EETC),officeTower,Wi-Fi.HK 熱點位置: 象山幼兒中心 (EETC),,,,,,1,true
Wi-Fi.HK 熱點位置: 象山幼兒中心 (SCCC),Wi-Fi.HK 熱點位置: 象山幼兒中心 (SCCC),officeTower,Wi-Fi.HK 熱點位置: 象山幼兒中心 (SCCC),,,,,,1,true
騰達護老中心(葵涌) [安老院] / 騰達長者日間護理中心 [社區券認可服務單位],騰達護老中心(葵涌) [安老院] / 騰達長者日間護理中心 [社區券認可服務單位],officeTower,騰達護老中心(葵涌) [安老院] / 騰達長者日間護理中心 [社區券認可服務單位],,,,,,1,true
公益企業聯會綜合健康服務中心,公益企業聯會綜合健康服務中心,officeTower,公益企業聯會綜合健康服務中心,,,,,,1,true
騰達長者日間護理中心,騰達長者日間護理中心,officeTower,騰達長者日間護理中心,,,,,,1,true
Wi-Fi.HK 熱點位置: 葵盛早期教育及訓練中心,Wi-Fi.HK 熱點位置: 葵盛早期教育及訓練中心,officeTower,Wi-Fi.HK 熱點位置: 葵盛早期教育及訓練中心,,,,,,1,true
香港耀能協會象山幼兒中心 (特殊幼兒中心),香港耀能協會象山幼兒中心 (特殊幼兒中心),officeTower,香港耀能協會象山幼兒中心 (特殊幼兒中心),,,,,,1,true
元朗文娛康樂中心 (前稱),元朗文娛康樂中心 (前稱),officeTower,元朗文娛康樂中心 (前稱),,,,,,1,true
大埔環保會大埔地質教育中心,大埔環保會大埔地質教育中心,officeTower,大埔環保會大埔地質教育中心,,,,,,1,true
香港基督教女青年會利梁趣沂樂齡日間護理中心,香港基督教女青年會利梁趣沂樂齡日間護理中心,officeTower,香港基督教女青年會利梁趣沂樂齡日間護理中心,,,,,,1,true
上水百佳新鮮食品分發中心,上水百佳新鮮食品分發中心,officeTower,上水百佳新鮮食品分發中心,,,,,,1,true
溫馨護老中心(河上鄉分院),溫馨護老中心(河上鄉分院),officeTower,溫馨護老中心(河上鄉分院),,,,,,1,true
溫馨復康中心,溫馨復康中心,officeTower,溫馨復康中心,,,,,,1,true
温馨復康中心,温馨復康中心,officeTower,温馨復康中心,,,,,,1,true
靈實將軍澳及西貢地區支援中心,靈實將軍澳及西貢地區支援中心,officeTower,靈實將軍澳及西貢地區支援中心,,,,,,1,true
西貢北潭涌郊野公園遊客中心,西貢北潭涌郊野公園遊客中心,officeTower,西貢北潭涌郊野公園遊客中心,,,,,,1,true
葵涌工業大廈 (前稱),葵涌工業大廈 (前稱),industrialArea,葵涌工業大廈 (前稱),,,,,,1,true
偉易達粉嶺工業中心 (前稱),偉易達粉嶺工業中心 (前稱),industrialArea,偉易達粉嶺工業中心 (前稱),,,,,,1,true
製衣工業中心,製衣工業中心,industrialArea,製衣工業中心,,,,,,1,true
時運工業大廈,時運工業大廈,industrialArea,時運工業大廈,,,,,,1,true
泉源工業大廈,泉源工業大廈,industrialArea,泉源工業大廈,,,,,,1,true
天輝工業大廈,天輝工業大廈,industrialArea,天輝工業大廈,,,,,,1,true
茂倫工業大廈 (前稱),茂倫工業大廈 (前稱),industrialArea,茂倫工業大廈 (前稱),,,,,,1,true
遠東工業大廈 (前稱),遠東工業大廈 (前稱),industrialArea,遠東工業大廈 (前稱),,,,,,1,true
任合興(葵涌)工業大廈,任合興(葵涌)工業大廈,industrialArea,任合興(葵涌)工業大廈,,,,,,1,true
實用貨倉有限公司葵涌分倉,實用貨倉有限公司葵涌分倉,industrialArea,實用貨倉有限公司葵涌分倉,,,,,,1,true
屯門鳴發工業中心,屯門鳴發工業中心,industrialArea,屯門鳴發工業中心,,,,,,1,true
屯門恒威工業中心,屯門恒威工業中心,industrialArea,屯門恒威工業中心,,,,,,1,true
彩星工業大廈,彩星工業大廈,industrialArea,彩星工業大廈,,,,,,1,true
華寶工業大廈,華寶工業大廈,industrialArea,華寶工業大廈,,,,,,1,true
城市工業中心,城市工業中心,industrialArea,城市工業中心,,,,,,1,true
金堡工業大廈,金堡工業大廈,industrialArea,金堡工業大廈,,,,,,1,true
國際工業大廈,國際工業大廈,industrialArea,國際工業大廈,,,,,,1,true
福和工業大廈,福和工業大廈,industrialArea,福和工業大廈,,,,,,1,true
萬達來工業中心,萬達來工業中心,industrialArea,萬達來工業中心,,,,,,1,true
昌興工業大廈,昌興工業大廈,industrialArea,昌興工業大廈,,,,,,1,true
中太工業大廈,中太工業大廈,industrialArea,中太工業大廈,,,,,,1,true
金德工業大廈第一座,金德工業大廈第一座,industrialArea,金德工業大廈第一座,,,,,,1,true
金德工業大廈第二座,金德工業大廈第二座,industrialArea,金德工業大廈第二座,,,,,,1,true
福康工業大廈,福康工業大廈,industrialArea,福康工業大廈,,,,,,1,true
美康工業大廈,美康工業大廈,industrialArea,美康工業大廈,,,,,,1,true
華康工業大廈,華康工業大廈,industrialArea,華康工業大廈,,,,,,1,true
永康工業大廈,永康工業大廈,industrialArea,永康工業大廈,,,,,,1,true
永康工業大廈 (別稱),永康工業大廈 (別稱),industrialArea,永康工業大廈 (別稱),,,,,,1,true
康民工業中心,康民工業中心,industrialArea,康民工業中心,,,,,,1,true
康泰工廈,康泰工廈,industrialArea,康泰工廈,,,,,,1,true
康耀工業大廈,康耀工業大廈,industrialArea,康耀工業大廈,,,,,,1,true
中安工業大廈,中安工業大廈,industrialArea,中安工業大廈,,,,,,1,true
立安工業大廈,立安工業大廈,industrialArea,立安工業大廈,,,,,,1,true
利安工業大廈,利安工業大廈,industrialArea,利安工業大廈,,,,,,1,true
成安工業大廈,成安工業大廈,industrialArea,成安工業大廈,,,,,,1,true
瑞安工業大廈,瑞安工業大廈,industrialArea,瑞安工業大廈,,,,,,1,true
天安工業大廈,天安工業大廈,industrialArea,天安工業大廈,,,,,,1,true
廣安工業大廈 (前稱),廣安工業大廈 (前稱),industrialArea,廣安工業大廈 (前稱),,,,,,1,true
安泰工業大廈,安泰工業大廈,industrialArea,安泰工業大廈,,,,,,1,true
安勁工業大廈,安勁工業大廈,industrialArea,安勁工業大廈,,,,,,1,true
安力工業中心,安力工業中心,industrialArea,安力工業中心,,,,,,1,true
豐盛工業中心A座,豐盛工業中心A座,industrialArea,豐盛工業中心A座,,,,,,1,true
興盛工業大廈,興盛工業大廈,industrialArea,興盛工業大廈,,,,,,1,true
永盛工業大廈,永盛工業大廈,industrialArea,永盛工業大廈,,,,,,1,true
昌盛工業大廈,昌盛工業大廈,industrialArea,昌盛工業大廈,,,,,,1,true
鴻盛工業大廈,鴻盛工業大廈,industrialArea,鴻盛工業大廈,,,,,,1,true
安盛工業大廈,安盛工業大廈,industrialArea,安盛工業大廈,,,,,,1,true
華盛工業大廈,華盛工業大廈,industrialArea,華盛工業大廈,,,,,,1,true
榮盛工業大廈,榮盛工業大廈,industrialArea,榮盛工業大廈,,,,,,1,true
源盛工業大廈,源盛工業大廈,industrialArea,源盛工業大廈,,,,,,1,true
貴盛工業大廈第1期,貴盛工業大廈第1期,industrialArea,貴盛工業大廈第1期,,,,,,1,true
貴盛工業大廈第2期,貴盛工業大廈第2期,industrialArea,貴盛工業大廈第2期,,,,,,1,true
盛景工業大廈,盛景工業大廈,industrialArea,盛景工業大廈,,,,,,1,true
盛德工業大廈,盛德工業大廈,industrialArea,盛德工業大廈,,,,,,1,true
長榮工業大廈,長榮工業大廈,industrialArea,長榮工業大廈,,,,,,1,true
建榮工業大廈,建榮工業大廈,industrialArea,建榮工業大廈,,,,,,1,true
德榮工業大廈,德榮工業大廈,industrialArea,德榮工業大廈,,,,,,1,true
華榮工業大廈,華榮工業大廈,industrialArea,華榮工業大廈,,,,,,1,true
建榮工業大廈 (別稱),建榮工業大廈 (別稱),industrialArea,建榮工業大廈 (別稱),,,,,,1,true
榮韶工業大廈,榮韶工業大廈,industrialArea,榮韶工業大廈,,,,,,1,true
榮昌工業大廈,榮昌工業大廈,industrialArea,榮昌工業大廈,,,,,,1,true
榮發工業大廈,榮發工業大廈,industrialArea,榮發工業大廈,,,,,,1,true
榮豐工業大廈,榮豐工業大廈,industrialArea,榮豐工業大廈,,,,,,1,true
榮興工業大廈,榮興工業大廈,industrialArea,榮興工業大廈,,,,,,1,true
榮吉工業大廈,榮吉工業大廈,industrialArea,榮吉工業大廈,,,,,,1,true
榮來工業大廈,榮來工業大廈,industrialArea,榮來工業大廈,,,,,,1,true
榮山工業大廈,榮山工業大廈,industrialArea,榮山工業大廈,,,,,,1,true
榮泰工業大廈,榮泰工業大廈,industrialArea,榮泰工業大廈,,,,,,1,true
榮達工業大廈,榮達工業大廈,industrialArea,榮達工業大廈,,,,,,1,true
榮華工業大廈,榮華工業大廈,industrialArea,榮華工業大廈,,,,,,1,true
榮亞工業大廈,榮亞工業大廈,industrialArea,榮亞工業大廈,,,,,,1,true
志榮昌工業大廈,志榮昌工業大廈,industrialArea,志榮昌工業大廈,,,,,,1,true
萬峯工業大廈,萬峯工業大廈,industrialArea,萬峯工業大廈,,,,,,1,true
峯達工業大廈,峯達工業大廈,industrialArea,峯達工業大廈,,,,,,1,true
峯山工業大廈,峯山工業大廈,industrialArea,峯山工業大廈,,,,,,1,true
永富工業大廈,永富工業大廈,industrialArea,永富工業大廈,,,,,,1,true
金富工業大廈,金富工業大廈,industrialArea,金富工業大廈,,,,,,1,true
豐業工業大廈,豐業工業大廈,industrialArea,豐業工業大廈,,,,,,1,true
偉業工業大廈,偉業工業大廈,industrialArea,偉業工業大廈,,,,,,1,true
業運工業大廈,業運工業大廈,industrialArea,業運工業大廈,,,,,,1,true
德雅工業中心B座,德雅工業中心B座,industrialArea,德雅工業中心B座,,,,,,1,true
雅高工業大樓,雅高工業大樓,industrialArea,雅高工業大樓,,,,,,1,true
金豪工業大厦第一座,金豪工業大厦第一座,industrialArea,金豪工業大厦第一座,,,,,,1,true
金豪工業大厦第二座,金豪工業大厦第二座,industrialArea,金豪工業大厦第二座,,,,,,1,true
金豪工業大廈,金豪工業大廈,industrialArea,金豪工業大廈,,,,,,1,true
安豪工業大廈,安豪工業大廈,industrialArea,安豪工業大廈,,,,,,1,true
金寶工業大廈,金寶工業大廈,industrialArea,金寶工業大廈,,,,,,1,true
貴寶工業大廈,貴寶工業大廈,industrialArea,貴寶工業大廈,,,,,,1,true
寶城工業大廈,寶城工業大廈,industrialArea,寶城工業大廈,,,,,,1,true
保盈工業大廈,保盈工業大廈,industrialArea,保盈工業大廈,,,,,,1,true
禎昌工業大廈,禎昌工業大廈,industrialArea,禎昌工業大廈,,,,,,1,true
志昌工業大廈,志昌工業大廈,industrialArea,志昌工業大廈,,,,,,1,true
凱昌工業大廈,凱昌工業大廈,industrialArea,凱昌工業大廈,,,,,,1,true
生昌工業大廈,生昌工業大廈,industrialArea,生昌工業大廈,,,,,,1,true
順昌工業大廈,順昌工業大廈,industrialArea,順昌工業大廈,,,,,,1,true
新昌工業大廈,新昌工業大廈,industrialArea,新昌工業大廈,,,,,,1,true
東昌工業大廈,東昌工業大廈,industrialArea,東昌工業大廈,,,,,,1,true
宏昌工業大廈,宏昌工業大廈,industrialArea,宏昌工業大廈,,,,,,1,true
華昌工業大廈,華昌工業大廈,industrialArea,華昌工業大廈,,,,,,1,true
志興昌工業大樓,志興昌工業大樓,industrialArea,志興昌工業大樓,,,,,,1,true
志聯昌工業大樓,志聯昌工業大樓,industrialArea,志聯昌工業大樓,,,,,,1,true
志同昌工業大廈,志同昌工業大廈,industrialArea,志同昌工業大廈,,,,,,1,true
鴻昌工業中心(第一期),鴻昌工業中心(第一期),industrialArea,鴻昌工業中心(第一期),,,,,,1,true
鴻昌工業中心(第二期),鴻昌工業中心(第二期),industrialArea,鴻昌工業中心(第二期),,,,,,1,true
生昌工業大廈 (別稱),生昌工業大廈 (別稱),industrialArea,生昌工業大廈 (別稱),,,,,,1,true
東昌工業大廈 (前稱),東昌工業大廈 (前稱),industrialArea,東昌工業大廈 (前稱),,,,,,1,true
志興昌工業大廈 (別稱),志興昌工業大廈 (別稱),industrialArea,志興昌工業大廈 (別稱),,,,,,1,true
志聯昌工業大廈 (前稱),志聯昌工業大廈 (前稱),industrialArea,志聯昌工業大廈 (前稱),,,,,,1,true
昌隆工業大廈,昌隆工業大廈,industrialArea,昌隆工業大廈,,,,,,1,true
東海工業大廈,東海工業大廈,industrialArea,東海工業大廈,,,,,,1,true
海裕工業中心,海裕工業中心,industrialArea,海裕工業中心,,,,,,1,true
海輝工業中心,海輝工業中心,industrialArea,海輝工業中心,,,,,,1,true
海洋工業大廈,海洋工業大廈,industrialArea,海洋工業大廈,,,,,,1,true
海濱工業大廈,海濱工業大廈,industrialArea,海濱工業大廈,,,,,,1,true
天順工業大廈,天順工業大廈,industrialArea,天順工業大廈,,,,,,1,true
天廚(青衣)工業中心M座,天廚(青衣)工業中心M座,industrialArea,天廚(青衣)工業中心M座,,,,,,1,true
天豐工業大廈,天豐工業大廈,industrialArea,天豐工業大廈,,,,,,1,true
天匯工業大廈,天匯工業大廈,industrialArea,天匯工業大廈,,,,,,1,true
天廚（青衣）工業中心,天廚（青衣）工業中心,industrialArea,天廚（青衣）工業中心,,,,,,1,true
新明工業大廈 (前稱),新明工業大廈 (前稱),industrialArea,新明工業大廈 (前稱),,,,,,1,true
新興鴻基屯門貨倉,新興鴻基屯門貨倉,industrialArea,新興鴻基屯門貨倉,,,,,,1,true
香港大學 (前稱),香港大學 (前稱),campus,香港大學 (前稱),,,,,,1,true
香港專業進修學校 (旺角東校園),香港專業進修學校 (旺角東校園),campus,香港專業進修學校 (旺角東校園),,,,,,1,true
香港專業進修學校 (賽馬會本科校園),香港專業進修學校 (賽馬會本科校園),campus,香港專業進修學校 (賽馬會本科校園),,,,,,1,true
香港專業進修學校 (賽馬會馬鞍山校園),香港專業進修學校 (賽馬會馬鞍山校園),campus,香港專業進修學校 (賽馬會馬鞍山校園),,,,,,1,true
陳瑞祺(喇沙)書院,陳瑞祺(喇沙)書院,campus,陳瑞祺(喇沙)書院,,,,,,1,true
香港大學校長宿舍 (前稱),香港大學校長宿舍 (前稱),campus,香港大學校長宿舍 (前稱),,,,,,1,true
優才書院（旺角志潔分校） (前稱),優才書院（旺角志潔分校） (前稱),campus,優才書院（旺角志潔分校） (前稱),,,,,,1,true
滙基書院(東九龍),滙基書院(東九龍),campus,滙基書院(東九龍),,,,,,1,true
青年學院(葵芳),青年學院(葵芳),campus,青年學院(葵芳),,,,,,1,true
崇真書院 (前稱),崇真書院 (前稱),campus,崇真書院 (前稱),,,,,,1,true
聖士提反書院書院大樓,聖士提反書院書院大樓,campus,聖士提反書院書院大樓,,,,,,1,true
聖芳濟書院,聖芳濟書院,campus,聖芳濟書院,,,,,,1,true
中華農耕書院,中華農耕書院,campus,中華農耕書院,,,,,,1,true
聖安當女書院,聖安當女書院,campus,聖安當女書院,,,,,,1,true
周王二公書院,周王二公書院,campus,周王二公書院,,,,,,1,true
聖母玫瑰書院,聖母玫瑰書院,campus,聖母玫瑰書院,,,,,,1,true
港青基信書院,港青基信書院,campus,港青基信書院,,,,,,1,true
民生書院林百欣樓,民生書院林百欣樓,campus,民生書院林百欣樓,,,,,,1,true
民生書院林百欣堂,民生書院林百欣堂,campus,民生書院林百欣堂,,,,,,1,true
嘉諾撒聖家書院,嘉諾撒聖家書院,campus,嘉諾撒聖家書院,,,,,,1,true
嘉諾撒培德書院,嘉諾撒培德書院,campus,嘉諾撒培德書院,,,,,,1,true
明愛胡振中書院,明愛胡振中書院,campus,明愛胡振中書院,,,,,,1,true
賽馬會毅智書院,賽馬會毅智書院,campus,賽馬會毅智書院,,,,,,1,true
匯基書院（東九龍）,匯基書院（東九龍）,campus,匯基書院（東九龍）,,,,,,1,true
香港中文大學專業進修學院 (東海教學中心),香港中文大學專業進修學院 (東海教學中心),campus,香港中文大學專業進修學院 (東海教學中心),,,,,,1,true
香港中文大學醫務中心有限公司,香港中文大學醫務中心有限公司,campus,香港中文大學醫務中心有限公司,,,,,,1,true
整全保健學院綜合服務中心,整全保健學院綜合服務中心,campus,整全保健學院綜合服務中心,,,,,,1,true
拔萃女書院小教堂,拔萃女書院小教堂,campus,拔萃女書院小教堂,,,,,,1,true
滙基書院,滙基書院,campus,滙基書院,,,,,,1,true
慕光英文書院,慕光英文書院,campus,慕光英文書院,,,,,,1,true
觀塘工業學院 (前稱),觀塘工業學院 (前稱),campus,觀塘工業學院 (前稱),,,,,,1,true
香港建造學院-九龍灣院校,香港建造學院-九龍灣院校,campus,香港建造學院-九龍灣院校,,,,,,1,true
喇沙書院泳池,喇沙書院泳池,campus,喇沙書院泳池,,,,,,1,true
當代書院（九龍塘分校） (前稱),當代書院（九龍塘分校） (前稱),campus,當代書院（九龍塘分校） (前稱),,,,,,1,true
已登記的WiFi 熱點: 香港中文大學 (APID 07722),已登記的WiFi 熱點: 香港中文大學 (APID 07722),campus,已登記的WiFi 熱點: 香港中文大學 (APID 07722),,,,,,1,true
沙田工業學院 (前稱),沙田工業學院 (前稱),campus,沙田工業學院 (前稱),,,,,,1,true
葵涌工業學院 (前稱),葵涌工業學院 (前稱),campus,葵涌工業學院 (前稱),,,,,,1,true
二帝書院,二帝書院,campus,二帝書院,,,,,,1,true
嶺南大學@西九龍,嶺南大學@西九龍,campus,嶺南大學@西九龍,,,,,,1,true
嶺南大學 財務處,嶺南大學 財務處,campus,嶺南大學 財務處,,,,,,1,true
嶺南大學室外運動場,嶺南大學室外運動場,campus,嶺南大學室外運動場,,,,,,1,true
嶺南大學香港同學會小學,嶺南大學香港同學會小學,campus,嶺南大學香港同學會小學,,,,,,1,true
嶺南大學持續進修學院,嶺南大學持續進修學院,campus,嶺南大學持續進修學院,,,,,,1,true
嶺南大學康樂樓 (前稱),嶺南大學康樂樓 (前稱),campus,嶺南大學康樂樓 (前稱),,,,,,1,true
嶺南大學社區學院 (前稱),嶺南大學社區學院 (前稱),campus,嶺南大學社區學院 (前稱),,,,,,1,true
嶺南大學黃浩川堂 (別稱),嶺南大學黃浩川堂 (別稱),campus,嶺南大學黃浩川堂 (別稱),,,,,,1,true
嶺南大學伍絜宜堂 (別稱),嶺南大學伍絜宜堂 (別稱),campus,嶺南大學伍絜宜堂 (別稱),,,,,,1,true
嶺南大學郭少明伉儷樓 (別稱),嶺南大學郭少明伉儷樓 (別稱),campus,嶺南大學郭少明伉儷樓 (別稱),,,,,,1,true
嶺南大學持續進修學院 (前稱),嶺南大學持續進修學院 (前稱),campus,嶺南大學持續進修學院 (前稱),,,,,,1,true
嶺南大學香港同學會直資小學 (前稱),嶺南大學香港同學會直資小學 (前稱),campus,嶺南大學香港同學會直資小學 (前稱),,,,,,1,true
Wi-Fi.HK 熱點位置: 嶺南大學嶺南大學康樂樓,Wi-Fi.HK 熱點位置: 嶺南大學嶺南大學康樂樓,campus,Wi-Fi.HK 熱點位置: 嶺南大學嶺南大學康樂樓,,,,,,1,true
Wi-Fi.HK 熱點位置: 嶺南大學嶺南大學郭少明伉儷樓,Wi-Fi.HK 熱點位置: 嶺南大學嶺南大學郭少明伉儷樓,campus,Wi-Fi.HK 熱點位置: 嶺南大學嶺南大學郭少明伉儷樓,,,,,,1,true
已登記的WiFi 熱點: 嶺南大學 (APID 06767),已登記的WiFi 熱點: 嶺南大學 (APID 06767),campus,已登記的WiFi 熱點: 嶺南大學 (APID 06767),,,,,,1,true
已登記的WiFi 熱點: 嶺南大學 (APID 06766),已登記的WiFi 熱點: 嶺南大學 (APID 06766),campus,已登記的WiFi 熱點: 嶺南大學 (APID 06766),,,,,,1,true
已登記的WiFi 熱點: 嶺南大學 (APID 06768),已登記的WiFi 熱點: 嶺南大學 (APID 06768),campus,已登記的WiFi 熱點: 嶺南大學 (APID 06768),,,,,,1,true
已登記的WiFi 熱點: 嶺南大學 (APID 06769),已登記的WiFi 熱點: 嶺南大學 (APID 06769),campus,已登記的WiFi 熱點: 嶺南大學 (APID 06769),,,,,,1,true
已登記的WiFi 熱點: 嶺南大學 (APID 06772),已登記的WiFi 熱點: 嶺南大學 (APID 06772),campus,已登記的WiFi 熱點: 嶺南大學 (APID 06772),,,,,,1,true
已登記的WiFi 熱點: 嶺南大學 (APID 06777),已登記的WiFi 熱點: 嶺南大學 (APID 06777),campus,已登記的WiFi 熱點: 嶺南大學 (APID 06777),,,,,,1,true
已登記的WiFi 熱點: 嶺南大學 (APID 06781),已登記的WiFi 熱點: 嶺南大學 (APID 06781),campus,已登記的WiFi 熱點: 嶺南大學 (APID 06781),,,,,,1,true
已登記的WiFi 熱點: 嶺南大學 (APID 06775),已登記的WiFi 熱點: 嶺南大學 (APID 06775),campus,已登記的WiFi 熱點: 嶺南大學 (APID 06775),,,,,,1,true
已登記的WiFi 熱點: 嶺南大學 (APID 06755),已登記的WiFi 熱點: 嶺南大學 (APID 06755),campus,已登記的WiFi 熱點: 嶺南大學 (APID 06755),,,,,,1,true
已登記的WiFi 熱點: 嶺南大學 (APID 06756),已登記的WiFi 熱點: 嶺南大學 (APID 06756),campus,已登記的WiFi 熱點: 嶺南大學 (APID 06756),,,,,,1,true
已登記的WiFi 熱點: 嶺南大學 (APID 06757),已登記的WiFi 熱點: 嶺南大學 (APID 06757),campus,已登記的WiFi 熱點: 嶺南大學 (APID 06757),,,,,,1,true
已登記的WiFi 熱點: 嶺南大學 (APID 06774),已登記的WiFi 熱點: 嶺南大學 (APID 06774),campus,已登記的WiFi 熱點: 嶺南大學 (APID 06774),,,,,,1,true
已登記的WiFi 熱點: 嶺南大學 (APID 06778),已登記的WiFi 熱點: 嶺南大學 (APID 06778),campus,已登記的WiFi 熱點: 嶺南大學 (APID 06778),,,,,,1,true
Wi-Fi.HK 熱點位置: 嶺南大學林炳炎樓,Wi-Fi.HK 熱點位置: 嶺南大學林炳炎樓,campus,Wi-Fi.HK 熱點位置: 嶺南大學林炳炎樓,,,,,,1,true
Wi-Fi.HK 熱點位置: 嶺南大學黃玉蘭樓,Wi-Fi.HK 熱點位置: 嶺南大學黃玉蘭樓,campus,Wi-Fi.HK 熱點位置: 嶺南大學黃玉蘭樓,,,,,,1,true
Wi-Fi.HK 熱點位置: 嶺南大學何善衡樓,Wi-Fi.HK 熱點位置: 嶺南大學何善衡樓,campus,Wi-Fi.HK 熱點位置: 嶺南大學何善衡樓,,,,,,1,true
Wi-Fi.HK 熱點位置: 嶺南大學梁銶琚樓,Wi-Fi.HK 熱點位置: 嶺南大學梁銶琚樓,campus,Wi-Fi.HK 熱點位置: 嶺南大學梁銶琚樓,,,,,,1,true
已登記的WiFi 熱點: 嶺南大學 (APID 06761),已登記的WiFi 熱點: 嶺南大學 (APID 06761),campus,已登記的WiFi 熱點: 嶺南大學 (APID 06761),,,,,,1,true
Wi-Fi.HK 熱點位置: 嶺南大學新教學大樓,Wi-Fi.HK 熱點位置: 嶺南大學新教學大樓,campus,Wi-Fi.HK 熱點位置: 嶺南大學新教學大樓,,,,,,1,true
Wi-Fi.HK 熱點位置: 嶺南大學綜合運動大樓,Wi-Fi.HK 熱點位置: 嶺南大學綜合運動大樓,campus,Wi-Fi.HK 熱點位置: 嶺南大學綜合運動大樓,,,,,,1,true
Wi-Fi.HK 熱點位置: 嶺南大學黃氏行政大樓,Wi-Fi.HK 熱點位置: 嶺南大學黃氏行政大樓,campus,Wi-Fi.HK 熱點位置: 嶺南大學黃氏行政大樓,,,,,,1,true
Wi-Fi.HK 熱點位置: 嶺南大學李運強教學大樓,Wi-Fi.HK 熱點位置: 嶺南大學李運強教學大樓,campus,Wi-Fi.HK 熱點位置: 嶺南大學李運強教學大樓,,,,,,1,true
Wi-Fi.HK 熱點位置: 嶺南大學南學生宿舍霍藻棉樓,Wi-Fi.HK 熱點位置: 嶺南大學南學生宿舍霍藻棉樓,campus,Wi-Fi.HK 熱點位置: 嶺南大學南學生宿舍霍藻棉樓,,,,,,1,true
Wi-Fi.HK 熱點位置: 嶺南大學南學生宿舍蒙民偉樓,Wi-Fi.HK 熱點位置: 嶺南大學南學生宿舍蒙民偉樓,campus,Wi-Fi.HK 熱點位置: 嶺南大學南學生宿舍蒙民偉樓,,,,,,1,true
Wi-Fi.HK 熱點位置: 嶺南大學南學生宿舍香港崇正總會樓,Wi-Fi.HK 熱點位置: 嶺南大學南學生宿舍香港崇正總會樓,campus,Wi-Fi.HK 熱點位置: 嶺南大學南學生宿舍香港崇正總會樓,,,,,,1,true
陽光校園—幼稚園駐校社工服務(上水區隊),陽光校園—幼稚園駐校社工服務(上水區隊),campus,陽光校園—幼稚園駐校社工服務(上水區隊),,,,,,1,true
景嶺書院,景嶺書院,campus,景嶺書院,,,,,,1,true
民生書院小學,民生書院小學,campus,民生書院小學,,,,,,1,true
香港伍倫貢學院 (前稱),香港伍倫貢學院 (前稱),campus,香港伍倫貢學院 (前稱),,,,,,1,true
香港城市大學專上學院 (前稱),香港城市大學專上學院 (前稱),campus,香港城市大學專上學院 (前稱),,,,,,1,true
帝京大學國際中心 (別稱),帝京大學國際中心 (別稱),campus,帝京大學國際中心 (別稱),,,,,,1,true
已登記的WiFi 熱點: 香港中文大學 (APID 07731),已登記的WiFi 熱點: 香港中文大學 (APID 07731),campus,已登記的WiFi 熱點: 香港中文大學 (APID 07731),,,,,,1,true
已登記的WiFi 熱點: 香港中文大學 (APID 07734),已登記的WiFi 熱點: 香港中文大學 (APID 07734),campus,已登記的WiFi 熱點: 香港中文大學 (APID 07734),,,,,,1,true
已登記的WiFi 熱點: 香港中文大學 (APID 07778),已登記的WiFi 熱點: 香港中文大學 (APID 07778),campus,已登記的WiFi 熱點: 香港中文大學 (APID 07778),,,,,,1,true
已登記的WiFi 熱點: 香港中文大學 (APID 07779),已登記的WiFi 熱點: 香港中文大學 (APID 07779),campus,已登記的WiFi 熱點: 香港中文大學 (APID 07779),,,,,,1,true
已登記的WiFi 熱點: 香港中文大學 (APID 07784),已登記的WiFi 熱點: 香港中文大學 (APID 07784),campus,已登記的WiFi 熱點: 香港中文大學 (APID 07784),,,,,,1,true
INTERNATIONAL COLLEGE HONG KONG (NEW TERRITORIES),INTERNATIONAL COLLEGE HONG KONG (NEW TERRITORIES),campus,INTERNATIONAL COLLEGE HONG KONG (NEW TERRITORIES),,,,,,1,true
INTERNATIONAL COLLEGE HONG KONG,INTERNATIONAL COLLEGE HONG KONG,campus,INTERNATIONAL COLLEGE HONG KONG,,,,,,1,true
智新書院,智新書院,campus,智新書院,,,,,,1,true
香港城市大學 - 專業進修學院,香港城市大學 - 專業進修學院,campus,香港城市大學 - 專業進修學院,,,,,,1,true
港專學院 (元朗教學中心),港專學院 (元朗教學中心),campus,港專學院 (元朗教學中心),,,,,,1,true
香港警察學院牙科診所,香港警察學院牙科診所,campus,香港警察學院牙科診所,,,,,,1,true
樹仁大學宿舍文康大樓,樹仁大學宿舍文康大樓,campus,樹仁大學宿舍文康大樓,,,,,,1,true
香港理工大學文康大樓,香港理工大學文康大樓,campus,香港理工大學文康大樓,,,,,,1,true
香港理工大學職員會所,香港理工大學職員會所,campus,香港理工大學職員會所,,,,,,1,true
Wi-Fi.HK 熱點位置: 嶺南大學永安廣場,Wi-Fi.HK 熱點位置: 嶺南大學永安廣場,campus,Wi-Fi.HK 熱點位置: 嶺南大學永安廣場,,,,,,1,true
已登記的WiFi 熱點: 嶺南大學 (APID 06758),已登記的WiFi 熱點: 嶺南大學 (APID 06758),campus,已登記的WiFi 熱點: 嶺南大學 (APID 06758),,,,,,1,true
香港城市大學澤安中心,香港城市大學澤安中心,campus,香港城市大學澤安中心,,,,,,1,true
已登記的WiFi 熱點: 香港城市大學 (APID 00005),已登記的WiFi 熱點: 香港城市大學 (APID 00005),campus,已登記的WiFi 熱點: 香港城市大學 (APID 00005),,,,,,1,true
聖母院書院,聖母院書院,campus,聖母院書院,,,,,,1,true
香港警察學院莫榮大樓,香港警察學院莫榮大樓,campus,香港警察學院莫榮大樓,,,,,,1,true
香港李寶椿聯合世界書院一座,香港李寶椿聯合世界書院一座,campus,香港李寶椿聯合世界書院一座,,,,,,1,true
香港李寶椿聯合世界書院二座,香港李寶椿聯合世界書院二座,campus,香港李寶椿聯合世界書院二座,,,,,,1,true
香港李寶椿聯合世界書院三座,香港李寶椿聯合世界書院三座,campus,香港李寶椿聯合世界書院三座,,,,,,1,true
香港李寶椿聯合世界書院四座,香港李寶椿聯合世界書院四座,campus,香港李寶椿聯合世界書院四座,,,,,,1,true
香港李寶椿聯合世界書院教學大樓,香港李寶椿聯合世界書院教學大樓,campus,香港李寶椿聯合世界書院教學大樓,,,,,,1,true
香港李寶椿聯合世界書院校長宿舍,香港李寶椿聯合世界書院校長宿舍,campus,香港李寶椿聯合世界書院校長宿舍,,,,,,1,true
保良局顏寶鈴書院,保良局顏寶鈴書院,campus,保良局顏寶鈴書院,,,,,,1,true
天主教聖若望英文書院（幼稚園部）,天主教聖若望英文書院（幼稚園部）,campus,天主教聖若望英文書院（幼稚園部）,,,,,,1,true
香港防癆會 - 香港大學中醫診所暨教研中心(灣仔區),香港防癆會 - 香港大學中醫診所暨教研中心(灣仔區),campus,香港防癆會 - 香港大學中醫診所暨教研中心(灣仔區),,,,,,1,true
Wi-Fi.HK 熱點位置: 香港大學專業進修學院港島東分校,Wi-Fi.HK 熱點位置: 香港大學專業進修學院港島東分校,campus,Wi-Fi.HK 熱點位置: 香港大學專業進修學院港島東分校,,,,,,1,true
香港中山大學同學會會所有限公司,香港中山大學同學會會所有限公司,campus,香港中山大學同學會會所有限公司,,,,,,1,true
香港理工大學 - 專業進修學院 (西九龍校園),香港理工大學 - 專業進修學院 (西九龍校園),campus,香港理工大學 - 專業進修學院 (西九龍校園),,,,,,1,true
新觀塘駕駛學院,新觀塘駕駛學院,campus,新觀塘駕駛學院,,,,,,1,true
新觀塘駕駛學院內的運輸署駕駛考試中心,新觀塘駕駛學院內的運輸署駕駛考試中心,campus,新觀塘駕駛學院內的運輸署駕駛考試中心,,,,,,1,true
Wi-Fi.HK 熱點位置: 香港大學專業進修學院九龍東分校,Wi-Fi.HK 熱點位置: 香港大學專業進修學院九龍東分校,campus,Wi-Fi.HK 熱點位置: 香港大學專業進修學院九龍東分校,,,,,,1,true
Wi-Fi.HK 熱點位置: 嶺南大學南學生宿舍東亞堂,Wi-Fi.HK 熱點位置: 嶺南大學南學生宿舍東亞堂,campus,Wi-Fi.HK 熱點位置: 嶺南大學南學生宿舍東亞堂,,,,,,1,true
工聯會工人醫療所 - 香港浸會大學中醫診所暨教研中心(北區),工聯會工人醫療所 - 香港浸會大學中醫診所暨教研中心(北區),campus,工聯會工人醫療所 - 香港浸會大學中醫診所暨教研中心(北區),,,,,,1,true
香港航海學校,香港航海學校,school,香港航海學校,,,,,,1,true
馬頭涌官立小學(紅磡灣),馬頭涌官立小學(紅磡灣),school,馬頭涌官立小學(紅磡灣),,,,,,1,true
明愛馬鞍山中學,明愛馬鞍山中學,school,明愛馬鞍山中學,,,,,,1,true
Guidepost Montessori International Kindergarten (Discovery Bay) (K609625A),Guidepost Montessori International Kindergarten (Discovery Bay) (K609625A),school,Guidepost Montessori International Kindergarten (Discovery Bay) (K609625A),,,,,,1,true
地利亞修女紀念學校,地利亞修女紀念學校,school,地利亞修女紀念學校,,,,,,1,true
靈光小學,靈光小學,school,靈光小學,,,,,,1,true
陳瑞祺(喇沙)小學,陳瑞祺(喇沙)小學,school,陳瑞祺(喇沙)小學,,,,,,1,true
油塘天主教普照中學,油塘天主教普照中學,school,油塘天主教普照中學,,,,,,1,true
德雅學校,德雅學校,school,德雅學校,,,,,,1,true
優才(楊殷有娣)學校,優才(楊殷有娣)學校,school,優才(楊殷有娣)學校,,,,,,1,true
York Montessori International Pre-School (Tseung Kwan O) (K609749A),York Montessori International Pre-School (Tseung Kwan O) (K609749A),school,York Montessori International Pre-School (Tseung Kwan O) (K609749A),,,,,,1,true
York Montessori International Pre-School (Mei Foo) (K604615A),York Montessori International Pre-School (Mei Foo) (K604615A),school,York Montessori International Pre-School (Mei Foo) (K604615A),,,,,,1,true
九龍城浸信會禧年(恩平)小學,九龍城浸信會禧年(恩平)小學,school,九龍城浸信會禧年(恩平)小學,,,,,,1,true
香港專業進修學校,香港專業進修學校,school,香港專業進修學校,,,,,,1,true
香港航海學校食堂,香港航海學校食堂,school,香港航海學校食堂,,,,,,1,true
香港航海學校工場,香港航海學校工場,school,香港航海學校工場,,,,,,1,true
香港航海學校教員室,香港航海學校教員室,school,香港航海學校教員室,,,,,,1,true
香港航海學校燒焊室,香港航海學校燒焊室,school,香港航海學校燒焊室,,,,,,1,true
香港航海學校行政大樓,香港航海學校行政大樓,school,香港航海學校行政大樓,,,,,,1,true
香港航海學校學生宿舍,香港航海學校學生宿舍,school,香港航海學校學生宿舍,,,,,,1,true
香港航海學校舍監宿舍,香港航海學校舍監宿舍,school,香港航海學校舍監宿舍,,,,,,1,true
香港航海學校課室及體育大樓,香港航海學校課室及體育大樓,school,香港航海學校課室及體育大樓,,,,,,1,true
香港航海學校多用途教學大樓,香港航海學校多用途教學大樓,school,香港航海學校多用途教學大樓,,,,,,1,true
地利亞修女紀念學校(協和二中),地利亞修女紀念學校(協和二中),school,地利亞修女紀念學校(協和二中),,,,,,1,true
香港聖公會聖西門大興幼兒學校 (K563307A),香港聖公會聖西門大興幼兒學校 (K563307A),school,香港聖公會聖西門大興幼兒學校 (K563307A),,,,,,1,true
蘆鬚城學校,蘆鬚城學校,school,蘆鬚城學校,,,,,,1,true
仁愛堂龐盧淑燕幼稚園 (K567051A),仁愛堂龐盧淑燕幼稚園 (K567051A),school,仁愛堂龐盧淑燕幼稚園 (K567051A),,,,,,1,true
基督教香港崇真會安康幼兒學校,基督教香港崇真會安康幼兒學校,school,基督教香港崇真會安康幼兒學校,,,,,,1,true
仁愛堂龐盧淑燕幼稚園,仁愛堂龐盧淑燕幼稚園,school,仁愛堂龐盧淑燕幼稚園,,,,,,1,true
東華三院何藍瓊纓幼稚園 (K605530A),東華三院何藍瓊纓幼稚園 (K605530A),school,東華三院何藍瓊纓幼稚園 (K605530A),,,,,,1,true
九龍坑公立育賢學校,九龍坑公立育賢學校,school,九龍坑公立育賢學校,,,,,,1,true
九龍禮賢學校暨幼稚園,九龍禮賢學校暨幼稚園,school,九龍禮賢學校暨幼稚園,,,,,,1,true
賽馬會官立工業中學 (前稱),賽馬會官立工業中學 (前稱),school,賽馬會官立工業中學 (前稱),,,,,,1,true
聖文嘉中英文幼稚園(荃灣) (K231533A),聖文嘉中英文幼稚園(荃灣) (K231533A),school,聖文嘉中英文幼稚園(荃灣) (K231533A),,,,,,1,true
佛教林炳炎紀念學校(香港佛教聯合會主辦),佛教林炳炎紀念學校(香港佛教聯合會主辦),school,佛教林炳炎紀念學校(香港佛教聯合會主辦),,,,,,1,true
中華基督教青年會葵涌幼稚園,中華基督教青年會葵涌幼稚園,school,中華基督教青年會葵涌幼稚園,,,,,,1,true
中華基督教會全完幼稚園,中華基督教會全完幼稚園,school,中華基督教會全完幼稚園,,,,,,1,true
下葵涌官立工業中學 (前稱),下葵涌官立工業中學 (前稱),school,下葵涌官立工業中學 (前稱),,,,,,1,true
晶晶幼稚園(屯門校) (K567892B),晶晶幼稚園(屯門校) (K567892B),school,晶晶幼稚園(屯門校) (K567892B),,,,,,1,true
元朗東莞同鄉會熊定嘉幼稚園 (K549304A),元朗東莞同鄉會熊定嘉幼稚園 (K549304A),school,元朗東莞同鄉會熊定嘉幼稚園 (K549304A),,,,,,1,true
元朗東莞同鄉會熊定嘉幼稚園,元朗東莞同鄉會熊定嘉幼稚園,school,元朗東莞同鄉會熊定嘉幼稚園,,,,,,1,true
幼聯主辦安泰幼兒學校,幼聯主辦安泰幼兒學校,school,幼聯主辦安泰幼兒學校,,,,,,1,true
雅麗斯俊宏軒幼稚園 (K554383A),雅麗斯俊宏軒幼稚園 (K554383A),school,雅麗斯俊宏軒幼稚園 (K554383A),,,,,,1,true
雅麗斯俊宏軒幼稚園,雅麗斯俊宏軒幼稚園,school,雅麗斯俊宏軒幼稚園,,,,,,1,true
靈糧堂劉梅軒中學,靈糧堂劉梅軒中學,school,靈糧堂劉梅軒中學,,,,,,1,true
香港宣教會優質幼兒學校 (K569569A),香港宣教會優質幼兒學校 (K569569A),school,香港宣教會優質幼兒學校 (K569569A),,,,,,1,true
真理浸信會何袁惠琼幼稚園 (K536709A),真理浸信會何袁惠琼幼稚園 (K536709A),school,真理浸信會何袁惠琼幼稚園 (K536709A),,,,,,1,true
香港五常法幼稚園 (K537098A),香港五常法幼稚園 (K537098A),school,香港五常法幼稚園 (K537098A),,,,,,1,true
香港五常法幼稚園,香港五常法幼稚園,school,香港五常法幼稚園,,,,,,1,true
博士山(香港)國際幼稚園 - 將軍澳 (K581836B),博士山(香港)國際幼稚園 - 將軍澳 (K581836B),school,博士山(香港)國際幼稚園 - 將軍澳 (K581836B),,,,,,1,true
博士山(香港)國際幼稚園-將軍澳,博士山(香港)國際幼稚園-將軍澳,school,博士山(香港)國際幼稚園-將軍澳,,,,,,1,true
YORK MONTESSORI INTERNATIONAL PRE-SCHOOL (TSEUNG KWAN O),YORK MONTESSORI INTERNATIONAL PRE-SCHOOL (TSEUNG KWAN O),school,YORK MONTESSORI INTERNATIONAL PRE-SCHOOL (TSEUNG KWAN O),,,,,,1,true
西貢中心李少欽紀念學校,西貢中心李少欽紀念學校,school,西貢中心李少欽紀念學校,,,,,,1,true
香港浸信教會顯理中學,香港浸信教會顯理中學,school,香港浸信教會顯理中學,,,,,,1,true
太陽島幼稚園(港灣豪庭分校) (K555436A),太陽島幼稚園(港灣豪庭分校) (K555436A),school,太陽島幼稚園(港灣豪庭分校) (K555436A),,,,,,1,true
啟文幼稚園 (K616281A),啟文幼稚園 (K616281A),school,啟文幼稚園 (K616281A),,,,,,1,true
啟文幼稚園,啟文幼稚園,school,啟文幼稚園,,,,,,1,true
太陽島幼稚園（港灣豪庭分校）,太陽島幼稚園（港灣豪庭分校）,school,太陽島幼稚園（港灣豪庭分校）,,,,,,1,true
The Harbour School The Grove,The Harbour School The Grove,school,The Harbour School The Grove,,,,,,1,true
ISLAND SCHOOL,ISLAND SCHOOL,school,ISLAND SCHOOL,,,,,,1,true
南島中學,南島中學,school,南島中學,,,,,,1,true
WEST ISLAND SCHOOL,WEST ISLAND SCHOOL,school,WEST ISLAND SCHOOL,,,,,,1,true
THE SOUTH ISLAND SCHOOL,THE SOUTH ISLAND SCHOOL,school,THE SOUTH ISLAND SCHOOL,,,,,,1,true
嶺南幼稚園(小西灣) (K589144A),嶺南幼稚園(小西灣) (K589144A),school,嶺南幼稚園(小西灣) (K589144A),,,,,,1,true
嶺南幼稚園(小西灣)二校 (K610534A),嶺南幼稚園(小西灣)二校 (K610534A),school,嶺南幼稚園(小西灣)二校 (K610534A),,,,,,1,true
嶺南幼稚園(小西灣),嶺南幼稚園(小西灣),school,嶺南幼稚園(小西灣),,,,,,1,true
康傑中英文幼稚園(青衣),康傑中英文幼稚園(青衣),school,康傑中英文幼稚園(青衣),,,,,,1,true
嶺南幼稚園(小西灣)二校,嶺南幼稚園(小西灣)二校,school,嶺南幼稚園(小西灣)二校,,,,,,1,true
花園大廈浸信會幼兒學校,花園大廈浸信會幼兒學校,school,花園大廈浸信會幼兒學校,,,,,,1,true
花園大廈浸信會幼兒學校 (K565369A),花園大廈浸信會幼兒學校 (K565369A),school,花園大廈浸信會幼兒學校 (K565369A),,,,,,1,true
救世軍吳國偉紀念幼稚園 (K158550A),救世軍吳國偉紀念幼稚園 (K158550A),school,救世軍吳國偉紀念幼稚園 (K158550A),,,,,,1,true
救世軍荃灣幼兒學校,救世軍荃灣幼兒學校,school,救世軍荃灣幼兒學校,,,,,,1,true
救世軍荃灣幼兒學校 (K563129A),救世軍荃灣幼兒學校 (K563129A),school,救世軍荃灣幼兒學校 (K563129A),,,,,,1,true
救世軍吳國偉紀念幼稚園,救世軍吳國偉紀念幼稚園,school,救世軍吳國偉紀念幼稚園,,,,,,1,true
栢基海韻幼稚園 (K231690A),栢基海韻幼稚園 (K231690A),school,栢基海韻幼稚園 (K231690A),,,,,,1,true
駿發花園浸信會幼兒學校,駿發花園浸信會幼兒學校,school,駿發花園浸信會幼兒學校,,,,,,1,true
駿發花園浸信會幼兒學校 (K565474A),駿發花園浸信會幼兒學校 (K565474A),school,駿發花園浸信會幼兒學校 (K565474A),,,,,,1,true
葛量洪校友會黃埔學校,葛量洪校友會黃埔學校,school,葛量洪校友會黃埔學校,,,,,,1,true
九龍真光中學(幼稚園部) (K607150A),九龍真光中學(幼稚園部) (K607150A),school,九龍真光中學(幼稚園部) (K607150A),,,,,,1,true
花園華德福學校,花園華德福學校,school,花園華德福學校,,,,,,1,true
九龍城浸信會禧年小學,九龍城浸信會禧年小學,school,九龍城浸信會禧年小學,,,,,,1,true
明愛香港太平洋獅子會幼兒學校,明愛香港太平洋獅子會幼兒學校,school,明愛香港太平洋獅子會幼兒學校,,,,,,1,true
香港保護兒童會新航黃埔幼兒學校,香港保護兒童會新航黃埔幼兒學校,school,香港保護兒童會新航黃埔幼兒學校,,,,,,1,true
基督教香港崇真會安基幼兒學校,基督教香港崇真會安基幼兒學校,school,基督教香港崇真會安基幼兒學校,,,,,,1,true
香港保護兒童會新航黃埔幼兒學校 (K565288A),香港保護兒童會新航黃埔幼兒學校 (K565288A),school,香港保護兒童會新航黃埔幼兒學校 (K565288A),,,,,,1,true
明愛香港太平洋獅子會幼兒學校 (K566039A),明愛香港太平洋獅子會幼兒學校 (K566039A),school,明愛香港太平洋獅子會幼兒學校 (K566039A),,,,,,1,true
基督教香港崇真會安基幼兒學校 (K563781A),基督教香港崇真會安基幼兒學校 (K563781A),school,基督教香港崇真會安基幼兒學校 (K563781A),,,,,,1,true
栢基海韻幼稚園,栢基海韻幼稚園,school,栢基海韻幼稚園,,,,,,1,true
香港明愛香港太平洋獅子會幼兒學校,香港明愛香港太平洋獅子會幼兒學校,school,香港明愛香港太平洋獅子會幼兒學校,,,,,,1,true
德寶國際幼兒學校（寶盈花園）,德寶國際幼兒學校（寶盈花園）,school,德寶國際幼兒學校（寶盈花園）,,,,,,1,true
弘爵國際學校,弘爵國際學校,school,弘爵國際學校,,,,,,1,true
迦南幼稚園(黃埔花園) (K575518A),迦南幼稚園(黃埔花園) (K575518A),school,迦南幼稚園(黃埔花園) (K575518A),,,,,,1,true
京斯敦國際幼稚園,京斯敦國際幼稚園,school,京斯敦國際幼稚園,,,,,,1,true
朗思國際學校,朗思國際學校,school,朗思國際學校,,,,,,1,true
愉景灣國際學校,愉景灣國際學校,school,愉景灣國際學校,,,,,,1,true
綠茵英文（國際）幼稚園,綠茵英文（國際）幼稚園,school,綠茵英文（國際）幼稚園,,,,,,1,true
Nord Anglia International School,Nord Anglia International School,school,Nord Anglia International School,,,,,,1,true
新加坡卓薈國際幼稚園,新加坡卓薈國際幼稚園,school,新加坡卓薈國際幼稚園,,,,,,1,true
國際英文幼稚園,國際英文幼稚園,school,國際英文幼稚園,,,,,,1,true
穆民國際小學,穆民國際小學,school,穆民國際小學,,,,,,1,true
威寶國際幼兒學校,威寶國際幼兒學校,school,威寶國際幼兒學校,,,,,,1,true
Discovery Bay International School Kindergarten,Discovery Bay International School Kindergarten,school,Discovery Bay International School Kindergarten,,,,,,1,true
Sunshine House International Pre-School,Sunshine House International Pre-School,school,Sunshine House International Pre-School,,,,,,1,true
JAPANESE INTERNATIONAL SCHOOL,JAPANESE INTERNATIONAL SCHOOL,school,JAPANESE INTERNATIONAL SCHOOL,,,,,,1,true
德思齊加拿大國際學校,德思齊加拿大國際學校,school,德思齊加拿大國際學校,,,,,,1,true
DISCOVERY BAY INTERNATIONAL SCHOOL,DISCOVERY BAY INTERNATIONAL SCHOOL,school,DISCOVERY BAY INTERNATIONAL SCHOOL,,,,,,1,true
AMERICAN INTERNATIONAL SCHOOL (PRIMARY BRANCH),AMERICAN INTERNATIONAL SCHOOL (PRIMARY BRANCH),school,AMERICAN INTERNATIONAL SCHOOL (PRIMARY BRANCH),,,,,,1,true
"NORD ANGLIA INTERNATIONAL SCHOOL, HONG KONG","NORD ANGLIA INTERNATIONAL SCHOOL, HONG KONG",school,"NORD ANGLIA INTERNATIONAL SCHOOL, HONG KONG",,,,,,1,true
LYC'EE FRANCAIS INTERNATIONAL (FRENCH INTERNATIONAL SCHOOL),LYC'EE FRANCAIS INTERNATIONAL (FRENCH INTERNATIONAL SCHOOL),school,LYC'EE FRANCAIS INTERNATIONAL (FRENCH INTERNATIONAL SCHOOL),,,,,,1,true
安基司學校附屬國際幼稚園暨幼兒園,安基司學校附屬國際幼稚園暨幼兒園,school,安基司學校附屬國際幼稚園暨幼兒園,,,,,,1,true
DISCOVERY MONTESSORI ACADEMY,DISCOVERY MONTESSORI ACADEMY,school,DISCOVERY MONTESSORI ACADEMY,,,,,,1,true
「童恩牽」幼稚園社工服務,「童恩牽」幼稚園社工服務,school,「童恩牽」幼稚園社工服務,,,,,,1,true
保良局呂錦泰幼稚園 (K563820A),保良局呂錦泰幼稚園 (K563820A),school,保良局呂錦泰幼稚園 (K563820A),,,,,,1,true
保良局呂錦泰幼稚園暨幼兒園,保良局呂錦泰幼稚園暨幼兒園,school,保良局呂錦泰幼稚園暨幼兒園,,,,,,1,true
德寶國際幼兒學校（將軍澳）,德寶國際幼兒學校（將軍澳）,school,德寶國際幼兒學校（將軍澳）,,,,,,1,true
德寶英文幼稚園（將軍澳）,德寶英文幼稚園（將軍澳）,school,德寶英文幼稚園（將軍澳）,,,,,,1,true
仁愛堂田家炳幼稚園暨幼兒園,仁愛堂田家炳幼稚園暨幼兒園,school,仁愛堂田家炳幼稚園暨幼兒園,,,,,,1,true
新界婦孺福利會博康邨幼兒學校 (K566314A),新界婦孺福利會博康邨幼兒學校 (K566314A),school,新界婦孺福利會博康邨幼兒學校 (K566314A),,,,,,1,true
永安學校 (前稱),永安學校 (前稱),school,永安學校 (前稱),,,,,,1,true
幼聯主辦安泰幼兒學校 (K563226A),幼聯主辦安泰幼兒學校 (K563226A),school,幼聯主辦安泰幼兒學校 (K563226A),,,,,,1,true
基督教聖約教會小天使（天盛）幼稚園,基督教聖約教會小天使（天盛）幼稚園,school,基督教聖約教會小天使（天盛）幼稚園,,,,,,1,true
比華利中英文幼稚園 (K231363A),比華利中英文幼稚園 (K231363A),school,比華利中英文幼稚園 (K231363A),,,,,,1,true
比華利中英文幼稚園,比華利中英文幼稚園,school,比華利中英文幼稚園,,,,,,1,true
三水同鄉會劉本章學校(小學部),三水同鄉會劉本章學校(小學部),school,三水同鄉會劉本章學校(小學部),,,,,,1,true
基督教香港信義會葵盛信義學校,基督教香港信義會葵盛信義學校,school,基督教香港信義會葵盛信義學校,,,,,,1,true
青松裕雅幼稚園 (K520144B),青松裕雅幼稚園 (K520144B),school,青松裕雅幼稚園 (K520144B),,,,,,1,true
藍如溪盛成皿教育基金邊陳之娟幼稚園 (K563838A),藍如溪盛成皿教育基金邊陳之娟幼稚園 (K563838A),school,藍如溪盛成皿教育基金邊陳之娟幼稚園 (K563838A),,,,,,1,true
青松裕雅幼稚園,青松裕雅幼稚園,school,青松裕雅幼稚園,,,,,,1,true
藍如溪盛成皿教育基金邊陳之娟幼稚園,藍如溪盛成皿教育基金邊陳之娟幼稚園,school,藍如溪盛成皿教育基金邊陳之娟幼稚園,,,,,,1,true
迦南幼稚園(富榮花園) (K531898A),迦南幼稚園(富榮花園) (K531898A),school,迦南幼稚園(富榮花園) (K531898A),,,,,,1,true
迦南幼稚園（富榮花園）,迦南幼稚園（富榮花園）,school,迦南幼稚園（富榮花園）,,,,,,1,true
香港神託會培恩幼稚園 (K324957B),香港神託會培恩幼稚園 (K324957B),school,香港神託會培恩幼稚園 (K324957B),,,,,,1,true
思百德國際幼稚園 (K573973A),思百德國際幼稚園 (K573973A),school,思百德國際幼稚園 (K573973A),,,,,,1,true
香港神託會培恩幼稚園,香港神託會培恩幼稚園,school,香港神託會培恩幼稚園,,,,,,1,true
思百德國際幼稚園,思百德國際幼稚園,school,思百德國際幼稚園,,,,,,1,true
三水同鄉會禤景榮學校,三水同鄉會禤景榮學校,school,三水同鄉會禤景榮學校,,,,,,1,true
三水同鄉會三水學校 (前稱),三水同鄉會三水學校 (前稱),school,三水同鄉會三水學校 (前稱),,,,,,1,true
Guidepost Montessori International Pre-School (Mid-levels) (K594725A),Guidepost Montessori International Pre-School (Mid-levels) (K594725A),school,Guidepost Montessori International Pre-School (Mid-levels) (K594725A),,,,,,1,true
太陽島英文幼稚園 (K215678A),太陽島英文幼稚園 (K215678A),school,太陽島英文幼稚園 (K215678A),,,,,,1,true
GUIDEPOST MONTESSORI INTERNATIONAL PRE-SCHOOL (MID-LEVELS),GUIDEPOST MONTESSORI INTERNATIONAL PRE-SCHOOL (MID-LEVELS),school,GUIDEPOST MONTESSORI INTERNATIONAL PRE-SCHOOL (MID-LEVELS),,,,,,1,true
太陽島英文幼稚園,太陽島英文幼稚園,school,太陽島英文幼稚園,,,,,,1,true
學之園幼稚園(君豪峰) (K613681A),學之園幼稚園(君豪峰) (K613681A),school,學之園幼稚園(君豪峰) (K613681A),,,,,,1,true
學之園幼稚園(君豪峰),學之園幼稚園(君豪峰),school,學之園幼稚園(君豪峰),,,,,,1,true
基督教香港信義會將軍澳幼稚園 (K533351A),基督教香港信義會將軍澳幼稚園 (K533351A),school,基督教香港信義會將軍澳幼稚園 (K533351A),,,,,,1,true
新翠培元幼稚園 (K325589A),新翠培元幼稚園 (K325589A),school,新翠培元幼稚園 (K325589A),,,,,,1,true
德雅學校 (前稱),德雅學校 (前稱),school,德雅學校 (前稱),,,,,,1,true
德雅學校 (別稱),德雅學校 (別稱),school,德雅學校 (別稱),,,,,,1,true
香港威雅學校(九龍),香港威雅學校(九龍),school,香港威雅學校(九龍),,,,,,1,true
培僑國際幼稚園 (K613916A),培僑國際幼稚園 (K613916A),school,培僑國際幼稚園 (K613916A),,,,,,1,true
康盈中英文幼稚園 (K325791A),康盈中英文幼稚園 (K325791A),school,康盈中英文幼稚園 (K325791A),,,,,,1,true
康盈中英文幼稚園,康盈中英文幼稚園,school,康盈中英文幼稚園,,,,,,1,true
基督教小樹苗幼稚園 (K577987A),基督教小樹苗幼稚園 (K577987A),school,基督教小樹苗幼稚園 (K577987A),,,,,,1,true
基督教小樹苗幼稚園,基督教小樹苗幼稚園,school,基督教小樹苗幼稚園,,,,,,1,true
何明華會督銀禧中學馬宏昌大樓,何明華會督銀禧中學馬宏昌大樓,school,何明華會督銀禧中學馬宏昌大樓,,,,,,1,true
基督教香港信義會南昌幼稚園,基督教香港信義會南昌幼稚園,school,基督教香港信義會南昌幼稚園,,,,,,1,true
竹園區神召會南昌康樂幼兒學校,竹園區神召會南昌康樂幼兒學校,school,竹園區神召會南昌康樂幼兒學校,,,,,,1,true
竹園區神召會南昌康樂幼兒學校 (K566560A),竹園區神召會南昌康樂幼兒學校 (K566560A),school,竹園區神召會南昌康樂幼兒學校 (K566560A),,,,,,1,true
保良局劉陳小寶幼稚園 (K548723A),保良局劉陳小寶幼稚園 (K548723A),school,保良局劉陳小寶幼稚園 (K548723A),,,,,,1,true
基督教香港信義會南昌幼稚園 (K325635A),基督教香港信義會南昌幼稚園 (K325635A),school,基督教香港信義會南昌幼稚園 (K325635A),,,,,,1,true
元朗朗屏邨惠州學校,元朗朗屏邨惠州學校,school,元朗朗屏邨惠州學校,,,,,,1,true
元朗朗屏邨東莞學校,元朗朗屏邨東莞學校,school,元朗朗屏邨東莞學校,,,,,,1,true
佛教陳策文伉儷幼稚園 (K600890A),佛教陳策文伉儷幼稚園 (K600890A),school,佛教陳策文伉儷幼稚園 (K600890A),,,,,,1,true
聖安娜中英文幼稚園 (K215740A),聖安娜中英文幼稚園 (K215740A),school,聖安娜中英文幼稚園 (K215740A),,,,,,1,true
聖安娜中英文幼稚園,聖安娜中英文幼稚園,school,聖安娜中英文幼稚園,,,,,,1,true
奧柏學校,奧柏學校,school,奧柏學校,,,,,,1,true
天水圍天主教小學,天水圍天主教小學,school,天水圍天主教小學,,,,,,1,true
救世軍北角幼兒學校 (K563161A),救世軍北角幼兒學校 (K563161A),school,救世軍北角幼兒學校 (K563161A),,,,,,1,true
救世軍北角幼兒學校暨育嬰園,救世軍北角幼兒學校暨育嬰園,school,救世軍北角幼兒學校暨育嬰園,,,,,,1,true
救世軍北角幼兒學校,救世軍北角幼兒學校,school,救世軍北角幼兒學校,,,,,,1,true
八鄉中心小學,八鄉中心小學,school,八鄉中心小學,,,,,,1,true
沙頭角中心小學,沙頭角中心小學,school,沙頭角中心小學,,,,,,1,true
東華三院李賜豪小學,東華三院李賜豪小學,school,東華三院李賜豪小學,,,,,,1,true
基督教康山中英文幼稚園 (K215848A),基督教康山中英文幼稚園 (K215848A),school,基督教康山中英文幼稚園 (K215848A),,,,,,1,true
基督教康山中英文幼稚園,基督教康山中英文幼稚園,school,基督教康山中英文幼稚園,,,,,,1,true
漢廸國際幼稚園(港島東) (K325783A),漢廸國際幼稚園(港島東) (K325783A),school,漢廸國際幼稚園(港島東) (K325783A),,,,,,1,true
漢廸國際幼稚園(港島東),漢廸國際幼稚園(港島東),school,漢廸國際幼稚園(港島東),,,,,,1,true
新歌基督幼稚園,新歌基督幼稚園,school,新歌基督幼稚園,,,,,,1,true
新界鄉議局大埔區中學,新界鄉議局大埔區中學,school,新界鄉議局大埔區中學,,,,,,1,true
GUIDEPOST MONTESSORI INTERNATIONAL KINDERGARTEN (KENNEDY TOWN),GUIDEPOST MONTESSORI INTERNATIONAL KINDERGARTEN (KENNEDY TOWN),school,GUIDEPOST MONTESSORI INTERNATIONAL KINDERGARTEN (KENNEDY TOWN),,,,,,1,true
潮陽幼稚園 (K564648A),潮陽幼稚園 (K564648A),school,潮陽幼稚園 (K564648A),,,,,,1,true
潮陽幼稚園,潮陽幼稚園,school,潮陽幼稚園,,,,,,1,true
香港國際蒙特梭利學校(中環) (K588032A),香港國際蒙特梭利學校(中環) (K588032A),school,香港國際蒙特梭利學校(中環) (K588032A),,,,,,1,true
聖公會聖馬太小學,聖公會聖馬太小學,school,聖公會聖馬太小學,,,,,,1,true
仁愛堂陳鄭玉而幼稚園 (K564249A),仁愛堂陳鄭玉而幼稚園 (K564249A),school,仁愛堂陳鄭玉而幼稚園 (K564249A),,,,,,1,true
仁愛堂陳鄭玉而幼稚園,仁愛堂陳鄭玉而幼稚園,school,仁愛堂陳鄭玉而幼稚園,,,,,,1,true
中華基督教會望覺堂啓愛學校 (前稱),中華基督教會望覺堂啓愛學校 (前稱),school,中華基督教會望覺堂啓愛學校 (前稱),,,,,,1,true
東華三院包玉星學校(小學部),東華三院包玉星學校(小學部),school,東華三院包玉星學校(小學部),,,,,,1,true
東華三院包玉星學校(中學部),東華三院包玉星學校(中學部),school,東華三院包玉星學校(中學部),,,,,,1,true
明我幼稚園(奧運校) (K533858A),明我幼稚園(奧運校) (K533858A),school,明我幼稚園(奧運校) (K533858A),,,,,,1,true
明我幼稚園（奧運校）,明我幼稚園（奧運校）,school,明我幼稚園（奧運校）,,,,,,1,true
香港基督教服務處雋匯幼兒學校,香港基督教服務處雋匯幼兒學校,school,香港基督教服務處雋匯幼兒學校,,,,,,1,true
香港基督教服務處雋匯幼兒學校 (K565423A),香港基督教服務處雋匯幼兒學校 (K565423A),school,香港基督教服務處雋匯幼兒學校 (K565423A),,,,,,1,true
荔枝角天主教小學,荔枝角天主教小學,school,荔枝角天主教小學,,,,,,1,true
德貞女子中學,德貞女子中學,school,德貞女子中學,,,,,,1,true
德福幼稚園 (K324736A),德福幼稚園 (K324736A),school,德福幼稚園 (K324736A),,,,,,1,true
博愛醫院施淑鎮幼稚園,博愛醫院施淑鎮幼稚園,school,博愛醫院施淑鎮幼稚園,,,,,,1,true
樂善堂楊仲明學校,樂善堂楊仲明學校,school,樂善堂楊仲明學校,,,,,,1,true
觀塘浸信會彩明幼稚園 (K542830A),觀塘浸信會彩明幼稚園 (K542830A),school,觀塘浸信會彩明幼稚園 (K542830A),,,,,,1,true
觀塘浸信會彩明幼稚園,觀塘浸信會彩明幼稚園,school,觀塘浸信會彩明幼稚園,,,,,,1,true
德福幼稚園,德福幼稚園,school,德福幼稚園,,,,,,1,true
嗇色園可德幼稚園及幼兒中心,嗇色園可德幼稚園及幼兒中心,school,嗇色園可德幼稚園及幼兒中心,,,,,,1,true
嗇色園主辦可德幼稚園,嗇色園主辦可德幼稚園,school,嗇色園主辦可德幼稚園,,,,,,1,true
聖公會慈光堂柯佩璋幼稚園 (K325546A),聖公會慈光堂柯佩璋幼稚園 (K325546A),school,聖公會慈光堂柯佩璋幼稚園 (K325546A),,,,,,1,true
浸信會天虹小學,浸信會天虹小學,school,浸信會天虹小學,,,,,,1,true
樂善堂顧李覺鮮幼稚園 (K325317A),樂善堂顧李覺鮮幼稚園 (K325317A),school,樂善堂顧李覺鮮幼稚園 (K325317A),,,,,,1,true
浸信會孔憲紹天虹小學,浸信會孔憲紹天虹小學,school,浸信會孔憲紹天虹小學,,,,,,1,true
香港紅十字會瑪嘉烈戴麟趾學校(小學部),香港紅十字會瑪嘉烈戴麟趾學校(小學部),school,香港紅十字會瑪嘉烈戴麟趾學校(小學部),,,,,,1,true
香港紅十字會瑪嘉烈戴麟趾學校(中學部),香港紅十字會瑪嘉烈戴麟趾學校(中學部),school,香港紅十字會瑪嘉烈戴麟趾學校(中學部),,,,,,1,true
新界沙田美林邨屋邨小學第一校舍,新界沙田美林邨屋邨小學第一校舍,school,新界沙田美林邨屋邨小學第一校舍,,,,,,1,true
新界沙田美林邨屋邨小學第一校舍 (別稱),新界沙田美林邨屋邨小學第一校舍 (別稱),school,新界沙田美林邨屋邨小學第一校舍 (別稱),,,,,,1,true
明愛沙田幼兒學校,明愛沙田幼兒學校,school,明愛沙田幼兒學校,,,,,,1,true
明愛沙田幼兒學校 (K565970A),明愛沙田幼兒學校 (K565970A),school,明愛沙田幼兒學校 (K565970A),,,,,,1,true
沙田靈光幼兒學校,沙田靈光幼兒學校,school,沙田靈光幼兒學校,,,,,,1,true
荃灣天主教小學,荃灣天主教小學,school,荃灣天主教小學,,,,,,1,true
富瑤幼稚園 (K156272A),富瑤幼稚園 (K156272A),school,富瑤幼稚園 (K156272A),,,,,,1,true
富瑤幼稚園,富瑤幼稚園,school,富瑤幼稚園,,,,,,1,true
葵盛禮賢會幼稚園 (K528153A),葵盛禮賢會幼稚園 (K528153A),school,葵盛禮賢會幼稚園 (K528153A),,,,,,1,true
保良局李俊駒伉儷幼稚園 (K563994A),保良局李俊駒伉儷幼稚園 (K563994A),school,保良局李俊駒伉儷幼稚園 (K563994A),,,,,,1,true
保良局李俊駒伉儷幼稚園暨幼兒園,保良局李俊駒伉儷幼稚園暨幼兒園,school,保良局李俊駒伉儷幼稚園暨幼兒園,,,,,,1,true
青衣商會石蔭幼稚園,青衣商會石蔭幼稚園,school,青衣商會石蔭幼稚園,,,,,,1,true
葵盛禮賢會幼稚園,葵盛禮賢會幼稚園,school,葵盛禮賢會幼稚園,,,,,,1,true
保良局李俊駒伉儷幼稚園,保良局李俊駒伉儷幼稚園,school,保良局李俊駒伉儷幼稚園,,,,,,1,true
崇基幼稚園,崇基幼稚園,school,崇基幼稚園,,,,,,1,true
葵涌浸信會幼稚園 (K155560A),葵涌浸信會幼稚園 (K155560A),school,葵涌浸信會幼稚園 (K155560A),,,,,,1,true
保良局志豪小學,保良局志豪小學,school,保良局志豪小學,,,,,,1,true
匡智屯門晨崗學校(新翼),匡智屯門晨崗學校(新翼),school,匡智屯門晨崗學校(新翼),,,,,,1,true
匡智元朗晨曦學校,匡智元朗晨曦學校,school,匡智元朗晨曦學校,,,,,,1,true
佛教榮茵學校,佛教榮茵學校,school,佛教榮茵學校,,,,,,1,true
保良局羅氏信託學校,保良局羅氏信託學校,school,保良局羅氏信託學校,,,,,,1,true
保良局羅氏信託學校(小學部),保良局羅氏信託學校(小學部),school,保良局羅氏信託學校(小學部),,,,,,1,true
保良局羅氏信託學校(中學部),保良局羅氏信託學校(中學部),school,保良局羅氏信託學校(中學部),,,,,,1,true
港澳信義會黃陳淑英紀念學校,港澳信義會黃陳淑英紀念學校,school,港澳信義會黃陳淑英紀念學校,,,,,,1,true
萊恩英文幼稚園(元朗) (K151696A),萊恩英文幼稚園(元朗) (K151696A),school,萊恩英文幼稚園(元朗) (K151696A),,,,,,1,true
新界婦孺福利會元朗幼兒學校 (K566349A),新界婦孺福利會元朗幼兒學校 (K566349A),school,新界婦孺福利會元朗幼兒學校 (K566349A),,,,,,1,true
新界婦孺福利會元朗幼兒學校,新界婦孺福利會元朗幼兒學校,school,新界婦孺福利會元朗幼兒學校,,,,,,1,true
元朗三育幼稚園 (K159158A),元朗三育幼稚園 (K159158A),school,元朗三育幼稚園 (K159158A),,,,,,1,true
元朗寶覺小學,元朗寶覺小學,school,元朗寶覺小學,,,,,,1,true
元朗信義會生命幼稚園 (K155624A),元朗信義會生命幼稚園 (K155624A),school,元朗信義會生命幼稚園 (K155624A),,,,,,1,true
中華基督教會元朗堂真光幼稚園二校 (K570885A),中華基督教會元朗堂真光幼稚園二校 (K570885A),school,中華基督教會元朗堂真光幼稚園二校 (K570885A),,,,,,1,true
心怡天地國際幼稚園(元朗) (K612189A),心怡天地國際幼稚園(元朗) (K612189A),school,心怡天地國際幼稚園(元朗) (K612189A),,,,,,1,true
崇真小學暨幼稚園,崇真小學暨幼稚園,school,崇真小學暨幼稚園,,,,,,1,true
大埔禮賢會幼稚園 (K150860B),大埔禮賢會幼稚園 (K150860B),school,大埔禮賢會幼稚園 (K150860B),,,,,,1,true
大埔浸信會幼稚園 (K151157A),大埔浸信會幼稚園 (K151157A),school,大埔浸信會幼稚園 (K151157A),,,,,,1,true
天主教大埔幼稚園 (K158585A),天主教大埔幼稚園 (K158585A),school,天主教大埔幼稚園 (K158585A),,,,,,1,true
大埔商會幼稚園 (K158828A),大埔商會幼稚園 (K158828A),school,大埔商會幼稚園 (K158828A),,,,,,1,true
粉嶺神召會幼稚園 (K153451A),粉嶺神召會幼稚園 (K153451A),school,粉嶺神召會幼稚園 (K153451A),,,,,,1,true
新界婦孺福利會粉嶺幼兒學校,新界婦孺福利會粉嶺幼兒學校,school,新界婦孺福利會粉嶺幼兒學校,,,,,,1,true
新界婦孺福利會粉嶺幼兒學校 (K566306A),新界婦孺福利會粉嶺幼兒學校 (K566306A),school,新界婦孺福利會粉嶺幼兒學校 (K566306A),,,,,,1,true
安基司幼稚園(粉嶺) (K582417A),安基司幼稚園(粉嶺) (K582417A),school,安基司幼稚園(粉嶺) (K582417A),,,,,,1,true
粉嶺浸信會呂明才幼稚園 (K156230A),粉嶺浸信會呂明才幼稚園 (K156230A),school,粉嶺浸信會呂明才幼稚園 (K156230A),,,,,,1,true
香港保護兒童會聖誕老人愛心粉嶺幼兒學校,香港保護兒童會聖誕老人愛心粉嶺幼兒學校,school,香港保護兒童會聖誕老人愛心粉嶺幼兒學校,,,,,,1,true
新界婦孺福利會上水幼兒學校,新界婦孺福利會上水幼兒學校,school,新界婦孺福利會上水幼兒學校,,,,,,1,true
新界婦孺福利會上水幼兒學校 (K566330A),新界婦孺福利會上水幼兒學校 (K566330A),school,新界婦孺福利會上水幼兒學校 (K566330A),,,,,,1,true
中華基督教會上水堂幼稚園 (K150843A),中華基督教會上水堂幼稚園 (K150843A),school,中華基督教會上水堂幼稚園 (K150843A),,,,,,1,true
上水惠州幼稚園(分校) (K158208A),上水惠州幼稚園(分校) (K158208A),school,上水惠州幼稚園(分校) (K158208A),,,,,,1,true
上水禮賢會幼稚園 (K157406A),上水禮賢會幼稚園 (K157406A),school,上水禮賢會幼稚園 (K157406A),,,,,,1,true
中華基督教青年會上水幼稚園 (K575429A),中華基督教青年會上水幼稚園 (K575429A),school,中華基督教青年會上水幼稚園 (K575429A),,,,,,1,true
東莞學校,東莞學校,school,東莞學校,,,,,,1,true
聖公會將軍澳基德小學,聖公會將軍澳基德小學,school,聖公會將軍澳基德小學,,,,,,1,true
竹園區神召會將軍澳康樂幼兒學校 (K566586A),竹園區神召會將軍澳康樂幼兒學校 (K566586A),school,竹園區神召會將軍澳康樂幼兒學校 (K566586A),,,,,,1,true
青衣商會將軍澳幼稚園 (K534153A),青衣商會將軍澳幼稚園 (K534153A),school,青衣商會將軍澳幼稚園 (K534153A),,,,,,1,true
香港小童群益會樂緻幼稚園(將軍澳) (K565458A),香港小童群益會樂緻幼稚園(將軍澳) (K565458A),school,香港小童群益會樂緻幼稚園(將軍澳) (K565458A),,,,,,1,true
博愛醫院陳國威小學,博愛醫院陳國威小學,school,博愛醫院陳國威小學,,,,,,1,true
香港小童群益會樂緻幼兒園暨幼稚園(將軍澳),香港小童群益會樂緻幼兒園暨幼稚園(將軍澳),school,香港小童群益會樂緻幼兒園暨幼稚園(將軍澳),,,,,,1,true
西貢樂育幼稚園 (K153036A),西貢樂育幼稚園 (K153036A),school,西貢樂育幼稚園 (K153036A),,,,,,1,true
Sai Kung Pre-School Group (K231371A),Sai Kung Pre-School Group (K231371A),school,Sai Kung Pre-School Group (K231371A),,,,,,1,true
香港聖公會聖西門西貢幼兒學校 (K563269A),香港聖公會聖西門西貢幼兒學校 (K563269A),school,香港聖公會聖西門西貢幼兒學校 (K563269A),,,,,,1,true
香港聖公會聖西門西貢幼兒學校,香港聖公會聖西門西貢幼兒學校,school,香港聖公會聖西門西貢幼兒學校,,,,,,1,true
西貢崇真天主教學校(小學部),西貢崇真天主教學校(小學部),school,西貢崇真天主教學校(小學部),,,,,,1,true
寶血會伍季明紀念學校,寶血會伍季明紀念學校,school,寶血會伍季明紀念學校,,,,,,1,true
荃灣信義學校 (前稱),荃灣信義學校 (前稱),school,荃灣信義學校 (前稱),,,,,,1,true
前荃灣信義學校 (前稱),前荃灣信義學校 (前稱),school,前荃灣信義學校 (前稱),,,,,,1,true
新界鄉議局元朗區中學,新界鄉議局元朗區中學,school,新界鄉議局元朗區中學,,,,,,1,true
殷翠幼稚園 (K524360B),殷翠幼稚園 (K524360B),school,殷翠幼稚園 (K524360B),,,,,,1,true
安菲爾聖鮑思高冠英學校,安菲爾聖鮑思高冠英學校,school,安菲爾聖鮑思高冠英學校,,,,,,1,true
殷翠幼稚園,殷翠幼稚園,school,殷翠幼稚園,,,,,,1,true
保良局葉吳彬彬皇后山幼稚園 (K516384A),保良局葉吳彬彬皇后山幼稚園 (K516384A),school,保良局葉吳彬彬皇后山幼稚園 (K516384A),,,,,,1,true
東華三院文頴怡幼稚園 (K325767B),東華三院文頴怡幼稚園 (K325767B),school,東華三院文頴怡幼稚園 (K325767B),,,,,,1,true
東華三院文頴怡幼稚園,東華三院文頴怡幼稚園,school,東華三院文頴怡幼稚園,,,,,,1,true
保良局葉吳彬彬皇后山幼稚園,保良局葉吳彬彬皇后山幼稚園,school,保良局葉吳彬彬皇后山幼稚園,,,,,,1,true
信康專科醫療中心(銅鑼灣),信康專科醫療中心(銅鑼灣),hospital,信康專科醫療中心(銅鑼灣),,,,,,1,true
楷和醫療-尖沙咀,楷和醫療-尖沙咀,hospital,楷和醫療-尖沙咀,,,,,,1,true
楷和醫療集團,楷和醫療集團,hospital,楷和醫療集團,,,,,,1,true
楷和醫療集團有限公司,楷和醫療集團有限公司,hospital,楷和醫療集團有限公司,,,,,,1,true
牙周治療及兒童齒科診所,牙周治療及兒童齒科診所,hospital,牙周治療及兒童齒科診所,,,,,,1,true
信康808日間醫療中心,信康808日間醫療中心,hospital,信康808日間醫療中心,,,,,,1,true
Clinic of Dr. Lee Siu Hong and Dr. Lee Kun Min,Clinic of Dr. Lee Siu Hong and Dr. Lee Kun Min,hospital,Clinic of Dr. Lee Siu Hong and Dr. Lee Kun Min,,,,,,1,true
"Clinic of Dr. Tsang Hin Ling Abby, Dr. Ng Kwok Hang Connie, Dr. Leung Chau Mau and Dr. Chan Leung Cho","Clinic of Dr. Tsang Hin Ling Abby, Dr. Ng Kwok Hang Connie, Dr. Leung Chau Mau and Dr. Chan Leung Cho",hospital,"Clinic of Dr. Tsang Hin Ling Abby, Dr. Ng Kwok Hang Connie, Dr. Leung Chau Mau and Dr. Chan Leung Cho",,,,,,1,true
激光醫療中心 九龍白內障中心 (旺角),激光醫療中心 九龍白內障中心 (旺角),hospital,激光醫療中心 九龍白內障中心 (旺角),,,,,,1,true
808 MEDICAL CENTRE LIMITED,808 MEDICAL CENTRE LIMITED,hospital,808 MEDICAL CENTRE LIMITED,,,,,,1,true
原心專科診所,原心專科診所,hospital,原心專科診所,,,,,,1,true
DR CHU KUEN KWOK CLINIC,DR CHU KUEN KWOK CLINIC,hospital,DR CHU KUEN KWOK CLINIC,,,,,,1,true
陸正綱醫生診所,陸正綱醫生診所,hospital,陸正綱醫生診所,,,,,,1,true
偉加醫療機構有限公司,偉加醫療機構有限公司,hospital,偉加醫療機構有限公司,,,,,,1,true
逸康醫療中心,逸康醫療中心,hospital,逸康醫療中心,,,,,,1,true
博愛醫院長者日間護理中心(深水埗),博愛醫院長者日間護理中心(深水埗),hospital,博愛醫院長者日間護理中心(深水埗),,,,,,1,true
博愛醫院郭興坤長者鄰舍中心,博愛醫院郭興坤長者鄰舍中心,hospital,博愛醫院郭興坤長者鄰舍中心,,,,,,1,true
秀茂坪社區健康中心,秀茂坪社區健康中心,hospital,秀茂坪社區健康中心,,,,,,1,true
卓健醫療中心 (沙田-新城市商業大廈),卓健醫療中心 (沙田-新城市商業大廈),hospital,卓健醫療中心 (沙田-新城市商業大廈),,,,,,1,true
卓健醫療專科中心(沙田新城市商業大廈),卓健醫療專科中心(沙田新城市商業大廈),hospital,卓健醫療專科中心(沙田新城市商業大廈),,,,,,1,true
仁濟醫院梨木樹彩悠軒,仁濟醫院梨木樹彩悠軒,hospital,仁濟醫院梨木樹彩悠軒,,,,,,1,true
西醫診所 (屯門),西醫診所 (屯門),hospital,西醫診所 (屯門),,,,,,1,true
JES MEDICAL CENTER,JES MEDICAL CENTER,hospital,JES MEDICAL CENTER,,,,,,1,true
基健日夜醫療中心,基健日夜醫療中心,hospital,基健日夜醫療中心,,,,,,1,true
卓健醫療專科中心(旺角-雅蘭中心二期),卓健醫療專科中心(旺角-雅蘭中心二期),hospital,卓健醫療專科中心(旺角-雅蘭中心二期),,,,,,1,true
卓健醫療專科中心 (旺角-雅蘭中心二期),卓健醫療專科中心 (旺角-雅蘭中心二期),hospital,卓健醫療專科中心 (旺角-雅蘭中心二期),,,,,,1,true
卓健醫療內視鏡中心 (旺角),卓健醫療內視鏡中心 (旺角),hospital,卓健醫療內視鏡中心 (旺角),,,,,,1,true
雋康醫療有限公司(余文清醫生),雋康醫療有限公司(余文清醫生),hospital,雋康醫療有限公司(余文清醫生),,,,,,1,true
周倩明醫生及施惠民醫生診所,周倩明醫生及施惠民醫生診所,hospital,周倩明醫生及施惠民醫生診所,,,,,,1,true
城健牙科綜合醫療中心,城健牙科綜合醫療中心,hospital,城健牙科綜合醫療中心,,,,,,1,true
李綺雯診所,李綺雯診所,hospital,李綺雯診所,,,,,,1,true
極致醫療,極致醫療,hospital,極致醫療,,,,,,1,true
曉陽醫療有限公司,曉陽醫療有限公司,hospital,曉陽醫療有限公司,,,,,,1,true
拔萃外科醫療中心,拔萃外科醫療中心,hospital,拔萃外科醫療中心,,,,,,1,true
卓健醫療中心 (將軍澳-新都城中心一期),卓健醫療中心 (將軍澳-新都城中心一期),hospital,卓健醫療中心 (將軍澳-新都城中心一期),,,,,,1,true
將軍澳分科診所(仁安(將軍澳)),將軍澳分科診所(仁安(將軍澳)),hospital,將軍澳分科診所(仁安(將軍澳)),,,,,,1,true
Wi-Fi.HK 熱點位置: 海港政府大樓牙科診所,Wi-Fi.HK 熱點位置: 海港政府大樓牙科診所,hospital,Wi-Fi.HK 熱點位置: 海港政府大樓牙科診所,,,,,,1,true
Wi-Fi.HK 熱點位置: 海港政府大樓牙齒矯正科診所,Wi-Fi.HK 熱點位置: 海港政府大樓牙齒矯正科診所,hospital,Wi-Fi.HK 熱點位置: 海港政府大樓牙齒矯正科診所,,,,,,1,true
IMED CLINIC,IMED CLINIC,hospital,IMED CLINIC,,,,,,1,true
Matilda International Hospital Parklane,Matilda International Hospital Parklane,hospital,Matilda International Hospital Parklane,,,,,,1,true
明德國際醫院員工宿舍,明德國際醫院員工宿舍,hospital,明德國際醫院員工宿舍,,,,,,1,true
Matilda International Hospital Granville House,Matilda International Hospital Granville House,hospital,Matilda International Hospital Granville House,,,,,,1,true
明德國際醫院,明德國際醫院,hospital,明德國際醫院,,,,,,1,true
Matilda International Hospital Sharp House,Matilda International Hospital Sharp House,hospital,Matilda International Hospital Sharp House,,,,,,1,true
明德醫療中心,明德醫療中心,hospital,明德醫療中心,,,,,,1,true
卓健醫療中心(尖沙咀-亞太中心),卓健醫療中心(尖沙咀-亞太中心),hospital,卓健醫療中心(尖沙咀-亞太中心),,,,,,1,true
卓健醫療專科中心(尖沙咀亞太中心),卓健醫療專科中心(尖沙咀亞太中心),hospital,卓健醫療專科中心(尖沙咀亞太中心),,,,,,1,true
啟程醫療中心,啟程醫療中心,hospital,啟程醫療中心,,,,,,1,true
Aesme Medical Centre,Aesme Medical Centre,hospital,Aesme Medical Centre,,,,,,1,true
世嘉專科醫療,世嘉專科醫療,hospital,世嘉專科醫療,,,,,,1,true
口腔頜面外科及植齒診所,口腔頜面外科及植齒診所,hospital,口腔頜面外科及植齒診所,,,,,,1,true
兆美醫療有限公司,兆美醫療有限公司,hospital,兆美醫療有限公司,,,,,,1,true
精確醫療集團有限公司,精確醫療集團有限公司,hospital,精確醫療集團有限公司,,,,,,1,true
香港浸信會醫院-社區診所,香港浸信會醫院-社區診所,hospital,香港浸信會醫院-社區診所,,,,,,1,true
將軍澳長者健康中心,將軍澳長者健康中心,hospital,將軍澳長者健康中心,,,,,,1,true
旅遊健康中心(九龍),旅遊健康中心(九龍),hospital,旅遊健康中心(九龍),,,,,,1,true
油麻地長者健康中心,油麻地長者健康中心,hospital,油麻地長者健康中心,,,,,,1,true
香港公務員綜合健康中心,香港公務員綜合健康中心,hospital,香港公務員綜合健康中心,,,,,,1,true
新蒲崗長者健康中心,新蒲崗長者健康中心,hospital,新蒲崗長者健康中心,,,,,,1,true
香港仔賽馬會牙科診所,香港仔賽馬會牙科診所,hospital,香港仔賽馬會牙科診所,,,,,,1,true
柴灣政府牙科診所,柴灣政府牙科診所,hospital,柴灣政府牙科診所,,,,,,1,true
柴灣社會衞生科診所,柴灣社會衞生科診所,hospital,柴灣社會衞生科診所,,,,,,1,true
柴灣社會衞生科診所(女性),柴灣社會衞生科診所(女性),hospital,柴灣社會衞生科診所(女性),,,,,,1,true
柴灣社會衞生科診所(男性),柴灣社會衞生科診所(男性),hospital,柴灣社會衞生科診所(男性),,,,,,1,true
律敦治醫院賽馬會復康花園 (別稱),律敦治醫院賽馬會復康花園 (別稱),hospital,律敦治醫院賽馬會復康花園 (別稱),,,,,,1,true
康美老人健康中心 (馬鞍山),康美老人健康中心 (馬鞍山),hospital,康美老人健康中心 (馬鞍山),,,,,,1,true
卓健醫療中心 (荃灣-富榮大廈),卓健醫療中心 (荃灣-富榮大廈),hospital,卓健醫療中心 (荃灣-富榮大廈),,,,,,1,true
卓健醫療體檢中心(荃灣-富榮),卓健醫療體檢中心(荃灣-富榮),hospital,卓健醫療體檢中心(荃灣-富榮),,,,,,1,true
FAITH MEDICAL CENTRE,FAITH MEDICAL CENTRE,hospital,FAITH MEDICAL CENTRE,,,,,,1,true
普康(亞洲)醫療儀器有限公司,普康(亞洲)醫療儀器有限公司,hospital,普康(亞洲)醫療儀器有限公司,,,,,,1,true
中環日間醫療中心,中環日間醫療中心,hospital,中環日間醫療中心,,,,,,1,true
楷和醫療集團 (中環專科中心),楷和醫療集團 (中環專科中心),hospital,楷和醫療集團 (中環專科中心),,,,,,1,true
香港眼科醫療中心,香港眼科醫療中心,hospital,香港眼科醫療中心,,,,,,1,true
香港整形醫療中心,香港整形醫療中心,hospital,香港整形醫療中心,,,,,,1,true
琥珀醫療,琥珀醫療,hospital,琥珀醫療,,,,,,1,true
「卓思廊」博愛醫院便利店｜復康用品專賣店,「卓思廊」博愛醫院便利店｜復康用品專賣店,hospital,「卓思廊」博愛醫院便利店｜復康用品專賣店,,,,,,1,true
灣仔女性社會衞生科診所,灣仔女性社會衞生科診所,hospital,灣仔女性社會衞生科診所,,,,,,1,true
灣仔男性社會衞生科診所,灣仔男性社會衞生科診所,hospital,灣仔男性社會衞生科診所,,,,,,1,true
灣仔貝夫人家庭醫學診所,灣仔貝夫人家庭醫學診所,hospital,灣仔貝夫人家庭醫學診所,,,,,,1,true
灣仔女性社會衞生科診所(皮膚科服務),灣仔女性社會衞生科診所(皮膚科服務),hospital,灣仔女性社會衞生科診所(皮膚科服務),,,,,,1,true
灣仔男性社會衞生科診所(皮膚科服務),灣仔男性社會衞生科診所(皮膚科服務),hospital,灣仔男性社會衞生科診所(皮膚科服務),,,,,,1,true
律敦治及鄧肇堅醫院,律敦治及鄧肇堅醫院,hospital,律敦治及鄧肇堅醫院,,,,,,1,true
鄧肇堅醫院社區日間醫療中心,鄧肇堅醫院社區日間醫療中心,hospital,鄧肇堅醫院社區日間醫療中心,,,,,,1,true
「卓思廊」律敦治醫院24小時便利店,「卓思廊」律敦治醫院24小時便利店,hospital,「卓思廊」律敦治醫院24小時便利店,,,,,,1,true
優越專業醫療中心,優越專業醫療中心,hospital,優越專業醫療中心,,,,,,1,true
新都專科醫療中心(尖沙咀),新都專科醫療中心(尖沙咀),hospital,新都專科醫療中心(尖沙咀),,,,,,1,true
新都專科醫療中心,新都專科醫療中心,hospital,新都專科醫療中心,,,,,,1,true
西九龍政府合署牙科診所,西九龍政府合署牙科診所,hospital,西九龍政府合署牙科診所,,,,,,1,true
Wi-Fi.HK 熱點位置: 西九龍政府合署牙科診所,Wi-Fi.HK 熱點位置: 西九龍政府合署牙科診所,hospital,Wi-Fi.HK 熱點位置: 西九龍政府合署牙科診所,,,,,,1,true
西九龍家庭醫學診所,西九龍家庭醫學診所,hospital,西九龍家庭醫學診所,,,,,,1,true
長沙灣皮膚科診所,長沙灣皮膚科診所,hospital,長沙灣皮膚科診所,,,,,,1,true
長沙灣政府合署牙科診所,長沙灣政府合署牙科診所,hospital,長沙灣政府合署牙科診所,,,,,,1,true
博愛醫院施淑鎮幼兒中心,博愛醫院施淑鎮幼兒中心,hospital,博愛醫院施淑鎮幼兒中心,,,,,,1,true
浸信會東九龍醫療中心,浸信會東九龍醫療中心,hospital,浸信會東九龍醫療中心,,,,,,1,true
九龍東物質誤用診所,九龍東物質誤用診所,hospital,九龍東物質誤用診所,,,,,,1,true
「卓思廊」威爾斯親王醫院便利店,「卓思廊」威爾斯親王醫院便利店,hospital,「卓思廊」威爾斯親王醫院便利店,,,,,,1,true
駿潁醫療(沙田),駿潁醫療(沙田),hospital,駿潁醫療(沙田),,,,,,1,true
醫療輔助隊新界西總區辦事處及訓練中心,醫療輔助隊新界西總區辦事處及訓練中心,hospital,醫療輔助隊新界西總區辦事處及訓練中心,,,,,,1,true
仁濟醫院香港佛光協會展能中心暨宿舍(II),仁濟醫院香港佛光協會展能中心暨宿舍(II),hospital,仁濟醫院香港佛光協會展能中心暨宿舍(II),,,,,,1,true
北葵涌家庭醫學診所,北葵涌家庭醫學診所,hospital,北葵涌家庭醫學診所,,,,,,1,true
南葵涌賽馬會家庭醫學診所,南葵涌賽馬會家庭醫學診所,hospital,南葵涌賽馬會家庭醫學診所,,,,,,1,true
南葵涌賽馬會普通科門診診所 (前稱),南葵涌賽馬會普通科門診診所 (前稱),hospital,南葵涌賽馬會普通科門診診所 (前稱),,,,,,1,true
南葵涌賽馬會普通科門診診所(分部) (前稱),南葵涌賽馬會普通科門診診所(分部) (前稱),hospital,南葵涌賽馬會普通科門診診所(分部) (前稱),,,,,,1,true
Wi-Fi.HK 熱點位置: 南葵涌胸肺科診所,Wi-Fi.HK 熱點位置: 南葵涌胸肺科診所,hospital,Wi-Fi.HK 熱點位置: 南葵涌胸肺科診所,,,,,,1,true
仁濟醫院楊溫先生夫人長者鄰舍中心,仁濟醫院楊溫先生夫人長者鄰舍中心,hospital,仁濟醫院楊溫先生夫人長者鄰舍中心,,,,,,1,true
仁濟醫院朱佩音老人中心,仁濟醫院朱佩音老人中心,hospital,仁濟醫院朱佩音老人中心,,,,,,1,true
博愛醫院屯門護養院,博愛醫院屯門護養院,hospital,博愛醫院屯門護養院,,,,,,1,true
博愛醫院元朗商會極限運動場,博愛醫院元朗商會極限運動場,hospital,博愛醫院元朗商會極限運動場,,,,,,1,true
家計會-元朗診所(女性保健診所),家計會-元朗診所(女性保健診所),hospital,家計會-元朗診所(女性保健診所),,,,,,1,true
家計會-元朗診所(節育診所),家計會-元朗診所(節育診所),hospital,家計會-元朗診所(節育診所),,,,,,1,true
公務員中醫診所 (北區),公務員中醫診所 (北區),hospital,公務員中醫診所 (北區),,,,,,1,true
北區社區健康中心,北區社區健康中心,hospital,北區社區健康中心,,,,,,1,true
將軍澳賽馬會家庭醫學診所,將軍澳賽馬會家庭醫學診所,hospital,將軍澳賽馬會家庭醫學診所,,,,,,1,true
將軍澳公務員診所,將軍澳公務員診所,hospital,將軍澳公務員診所,,,,,,1,true
將軍澳南家庭醫學診所,將軍澳南家庭醫學診所,hospital,將軍澳南家庭醫學診所,,,,,,1,true
將軍澳政府合署牙科診所,將軍澳政府合署牙科診所,hospital,將軍澳政府合署牙科診所,,,,,,1,true
東九龍分科診所,東九龍分科診所,hospital,東九龍分科診所,,,,,,1,true
將軍澳醫院 日間醫療大樓,將軍澳醫院 日間醫療大樓,hospital,將軍澳醫院 日間醫療大樓,,,,,,1,true
「卓思廊」將軍澳醫院復康用品專賣店,「卓思廊」將軍澳醫院復康用品專賣店,hospital,「卓思廊」將軍澳醫院復康用品專賣店,,,,,,1,true
Wi-Fi.HK 熱點位置: 將軍澳公務員診所,Wi-Fi.HK 熱點位置: 將軍澳公務員診所,hospital,Wi-Fi.HK 熱點位置: 將軍澳公務員診所,,,,,,1,true
養和醫院,養和醫院,hospital,養和醫院,,,,,,1,true
香港養和醫院有限公司,香港養和醫院有限公司,hospital,香港養和醫院有限公司,,,,,,1,true
善樂家庭醫學診所,善樂家庭醫學診所,hospital,善樂家庭醫學診所,,,,,,1,true
南山家庭醫學診所,南山家庭醫學診所,hospital,南山家庭醫學診所,,,,,,1,true
衞生署葵盛長者健康中心(樣本收集點),衞生署葵盛長者健康中心(樣本收集點),hospital,衞生署葵盛長者健康中心(樣本收集點),,,,,,1,true
港島區簽發旅行證件辦事處 (入境事務處分區辦事處),港島區簽發旅行證件辦事處 (入境事務處分區辦事處),governmentOffice,港島區簽發旅行證件辦事處 (入境事務處分區辦事處),,,,,,1,true
Wi-Fi.HK 熱點位置: 海港政府大樓,Wi-Fi.HK 熱點位置: 海港政府大樓,governmentOffice,Wi-Fi.HK 熱點位置: 海港政府大樓,,,,,,1,true
Wi-Fi.HK 熱點位置: 政府新聞處,Wi-Fi.HK 熱點位置: 政府新聞處,governmentOffice,Wi-Fi.HK 熱點位置: 政府新聞處,,,,,,1,true
Wi-Fi.HK 熱點位置: 入境事務處-港島區簽發旅行證件辦事處,Wi-Fi.HK 熱點位置: 入境事務處-港島區簽發旅行證件辦事處,governmentOffice,Wi-Fi.HK 熱點位置: 入境事務處-港島區簽發旅行證件辦事處,,,,,,1,true
東九龍辦事處 (入境事務處分區辦事處),東九龍辦事處 (入境事務處分區辦事處),governmentOffice,東九龍辦事處 (入境事務處分區辦事處),,,,,,1,true
Wi-Fi.HK 熱點位置: 入境事務處 - 東九龍辦事處(匯景廣場第2層),Wi-Fi.HK 熱點位置: 入境事務處 - 東九龍辦事處(匯景廣場第2層),governmentOffice,Wi-Fi.HK 熱點位置: 入境事務處 - 東九龍辦事處(匯景廣場第2層),,,,,,1,true
政府統計處辦事處工業貿易大樓分處,政府統計處辦事處工業貿易大樓分處,governmentOffice,政府統計處辦事處工業貿易大樓分處,,,,,,1,true
香港海關海港及內河貿易組,香港海關海港及內河貿易組,governmentOffice,香港海關海港及內河貿易組,,,,,,1,true
中區政府合署東座 (前稱),中區政府合署東座 (前稱),governmentOffice,中區政府合署東座 (前稱),,,,,,1,true
前中區政府合署東座 (前稱),前中區政府合署東座 (前稱),governmentOffice,前中區政府合署東座 (前稱),,,,,,1,true
中央人民政府駐香港特別行政區聯絡辦公室,中央人民政府駐香港特別行政區聯絡辦公室,governmentOffice,中央人民政府駐香港特別行政區聯絡辦公室,,,,,,1,true
中區政府合署西座 (前稱),中區政府合署西座 (前稱),governmentOffice,中區政府合署西座 (前稱),,,,,,1,true
前中區政府合署西座 (前稱),前中區政府合署西座 (前稱),governmentOffice,前中區政府合署西座 (前稱),,,,,,1,true
中區滅火輪消防局,中區滅火輪消防局,governmentOffice,中區滅火輪消防局,,,,,,1,true
政府總部(添馬),政府總部(添馬),governmentOffice,政府總部(添馬),,,,,,1,true
尖東消防局,尖東消防局,governmentOffice,尖東消防局,,,,,,1,true
西九龍辦事處 (入境事務處分區辦事處),西九龍辦事處 (入境事務處分區辦事處),governmentOffice,西九龍辦事處 (入境事務處分區辦事處),,,,,,1,true
Wi-Fi.HK 熱點位置: 入境事務處 - 西九龍辦事處,Wi-Fi.HK 熱點位置: 入境事務處 - 西九龍辦事處,governmentOffice,Wi-Fi.HK 熱點位置: 入境事務處 - 西九龍辦事處,,,,,,1,true
油尖區警察總部及尖沙咀分區警署 (前稱),油尖區警察總部及尖沙咀分區警署 (前稱),governmentOffice,油尖區警察總部及尖沙咀分區警署 (前稱),,,,,,1,true
西九龍政府合署,西九龍政府合署,governmentOffice,西九龍政府合署,,,,,,1,true
旺角分區警署及九龍警察總部 (前稱),旺角分區警署及九龍警察總部 (前稱),governmentOffice,旺角分區警署及九龍警察總部 (前稱),,,,,,1,true
Wi-Fi.HK 熱點位置: 旺角警署,Wi-Fi.HK 熱點位置: 旺角警署,governmentOffice,Wi-Fi.HK 熱點位置: 旺角警署,,,,,,1,true
西九龍政府合署 (北座),西九龍政府合署 (北座),governmentOffice,西九龍政府合署 (北座),,,,,,1,true
回收機構及收集點： 西九龍政府合署北座屋宇署總部地下一般查詢及收件處,回收機構及收集點： 西九龍政府合署北座屋宇署總部地下一般查詢及收件處,governmentOffice,回收機構及收集點： 西九龍政府合署北座屋宇署總部地下一般查詢及收件處,,,,,,1,true
西九龍政府合署 (南座),西九龍政府合署 (南座),governmentOffice,西九龍政府合署 (南座),,,,,,1,true
西九龍政府合署學生健康服務中心及評估中心,西九龍政府合署學生健康服務中心及評估中心,governmentOffice,西九龍政府合署學生健康服務中心及評估中心,,,,,,1,true
Wi-Fi.HK 熱點位置: 西九龍政府合署 -屋宇署,Wi-Fi.HK 熱點位置: 西九龍政府合署 -屋宇署,governmentOffice,Wi-Fi.HK 熱點位置: 西九龍政府合署 -屋宇署,,,,,,1,true
東九龍政府合署,東九龍政府合署,governmentOffice,東九龍政府合署,,,,,,1,true
回收機構及收集點： 東九龍政府合署,回收機構及收集點： 東九龍政府合署,governmentOffice,回收機構及收集點： 東九龍政府合署,,,,,,1,true
Wi-Fi.HK 熱點位置: 東九龍政府合署,Wi-Fi.HK 熱點位置: 東九龍政府合署,governmentOffice,Wi-Fi.HK 熱點位置: 東九龍政府合署,,,,,,1,true
Helicopter Landing Site - JB11 - SHATIN MARINE POLICE NORTH DIV,Helicopter Landing Site - JB11 - SHATIN MARINE POLICE NORTH DIV,governmentOffice,Helicopter Landing Site - JB11 - SHATIN MARINE POLICE NORTH DIV,,,,,,1,true
屯門政府貯物中心,屯門政府貯物中心,governmentOffice,屯門政府貯物中心,,,,,,1,true
北九龍裁判法院 (前稱),北九龍裁判法院 (前稱),governmentOffice,北九龍裁判法院 (前稱),,,,,,1,true
北區政府合署,北區政府合署,governmentOffice,北區政府合署,,,,,,1,true
北區政府合署停車場,北區政府合署停車場,governmentOffice,北區政府合署停車場,,,,,,1,true
回收機構及收集點： 北區政府合署,回收機構及收集點： 北區政府合署,governmentOffice,回收機構及收集點： 北區政府合署,,,,,,1,true
粉嶺南政府綜合大樓,粉嶺南政府綜合大樓,governmentOffice,粉嶺南政府綜合大樓,,,,,,1,true
將軍澳政府合署北座,將軍澳政府合署北座,governmentOffice,將軍澳政府合署北座,,,,,,1,true
將軍澳政府合署南座,將軍澳政府合署南座,governmentOffice,將軍澳政府合署南座,,,,,,1,true
東九龍總區總部暨將軍澳警署 (別稱),東九龍總區總部暨將軍澳警署 (別稱),governmentOffice,東九龍總區總部暨將軍澳警署 (別稱),,,,,,1,true
琼山賓館,琼山賓館,hotel,琼山賓館,,,,,,1,true
聖地牙哥酒店,聖地牙哥酒店,hotel,聖地牙哥酒店,,,,,,1,true
M1酒店 (前稱),M1酒店 (前稱),hotel,M1酒店 (前稱),,,,,,1,true
棉登壹號酒店 (前稱),棉登壹號酒店 (前稱),hotel,棉登壹號酒店 (前稱),,,,,,1,true
雅苑賓館 (前稱),雅苑賓館 (前稱),hotel,雅苑賓館 (前稱),,,,,,1,true
香港銅鑼灣海景酒店 (前稱),香港銅鑼灣海景酒店 (前稱),hotel,香港銅鑼灣海景酒店 (前稱),,,,,,1,true
旭逸雅捷酒店．荃灣,旭逸雅捷酒店．荃灣,hotel,旭逸雅捷酒店．荃灣,,,,,,1,true
大埔酒店 (別稱),大埔酒店 (別稱),hotel,大埔酒店 (別稱),,,,,,1,true
灝美中環酒店 (前稱),灝美中環酒店 (前稱),hotel,灝美中環酒店 (前稱),,,,,,1,true
國際廣場(尖沙咀)賓館,國際廣場(尖沙咀)賓館,hotel,國際廣場(尖沙咀)賓館,,,,,,1,true
帝苑酒店商場,帝苑酒店商場,hotel,帝苑酒店商場,,,,,,1,true
龍軒賓館,龍軒賓館,hotel,龍軒賓館,,,,,,1,true
雅樂軒賓館,雅樂軒賓館,hotel,雅樂軒賓館,,,,,,1,true
香港尖沙咀凱悅酒店 (別稱),香港尖沙咀凱悅酒店 (別稱),hotel,香港尖沙咀凱悅酒店 (別稱),,,,,,1,true
金域假日酒店,金域假日酒店,hotel,金域假日酒店,,,,,,1,true
香港太子酒店,香港太子酒店,hotel,香港太子酒店,,,,,,1,true
香港麗晶酒店,香港麗晶酒店,hotel,香港麗晶酒店,,,,,,1,true
海景嘉福洲際酒店,海景嘉福洲際酒店,hotel,海景嘉福洲際酒店,,,,,,1,true
法蘭西斯賓館,法蘭西斯賓館,hotel,法蘭西斯賓館,,,,,,1,true
金彩虹賓館,金彩虹賓館,hotel,金彩虹賓館,,,,,,1,true
人人賓館,人人賓館,hotel,人人賓館,,,,,,1,true
浪漫高級時鐘賓館,浪漫高級時鐘賓館,hotel,浪漫高級時鐘賓館,,,,,,1,true
海城賓館,海城賓館,hotel,海城賓館,,,,,,1,true
富城賓館,富城賓館,hotel,富城賓館,,,,,,1,true
民華賓館,民華賓館,hotel,民華賓館,,,,,,1,true
亮亮花園賓館,亮亮花園賓館,hotel,亮亮花園賓館,,,,,,1,true
香港旺角帝盛酒店,香港旺角帝盛酒店,hotel,香港旺角帝盛酒店,,,,,,1,true
香港旺角智選假日酒店,香港旺角智選假日酒店,hotel,香港旺角智選假日酒店,,,,,,1,true
香港旺角希爾頓花園酒店,香港旺角希爾頓花園酒店,hotel,香港旺角希爾頓花園酒店,,,,,,1,true
香港康得思酒店,香港康得思酒店,hotel,香港康得思酒店,,,,,,1,true
香港旺角帝盛酒店 (前稱),香港旺角帝盛酒店 (前稱),hotel,香港旺角帝盛酒店 (前稱),,,,,,1,true
香港旺角朗豪酒店 (前稱),香港旺角朗豪酒店 (前稱),hotel,香港旺角朗豪酒店 (前稱),,,,,,1,true
香港麗思卡爾頓酒店,香港麗思卡爾頓酒店,hotel,香港麗思卡爾頓酒店,,,,,,1,true
金名軒旅舍,金名軒旅舍,hotel,金名軒旅舍,,,,,,1,true
蘭花軒賓館,蘭花軒賓館,hotel,蘭花軒賓館,,,,,,1,true
香港觀塘帝盛酒店,香港觀塘帝盛酒店,hotel,香港觀塘帝盛酒店,,,,,,1,true
香港觀塘帝盛酒店 (別稱),香港觀塘帝盛酒店 (別稱),hotel,香港觀塘帝盛酒店 (別稱),,,,,,1,true
香港觀塘帝盛酒店 (前稱),香港觀塘帝盛酒店 (前稱),hotel,香港觀塘帝盛酒店 (前稱),,,,,,1,true
香港九龍CBD2智選假日酒店,香港九龍CBD2智選假日酒店,hotel,香港九龍CBD2智選假日酒店,,,,,,1,true
工業家酒店 (前稱),工業家酒店 (前稱),hotel,工業家酒店 (前稱),,,,,,1,true
異國風精品酒店,異國風精品酒店,hotel,異國風精品酒店,,,,,,1,true
異風情精品酒店,異風情精品酒店,hotel,異風情精品酒店,,,,,,1,true
威威酒店 (前稱),威威酒店 (前稱),hotel,威威酒店 (前稱),,,,,,1,true
漫春天精品酒店 (前稱),漫春天精品酒店 (前稱),hotel,漫春天精品酒店 (前稱),,,,,,1,true
多實酒店 (前稱),多實酒店 (前稱),hotel,多實酒店 (前稱),,,,,,1,true
沙田萬怡酒店,沙田萬怡酒店,hotel,沙田萬怡酒店,,,,,,1,true
香港沙田凱悅酒店,香港沙田凱悅酒店,hotel,香港沙田凱悅酒店,,,,,,1,true
香港凱悅酒店-沙田,香港凱悅酒店-沙田,hotel,香港凱悅酒店-沙田,,,,,,1,true
香港凱悅酒店 － 沙田 (別稱),香港凱悅酒店 － 沙田 (別稱),hotel,香港凱悅酒店 － 沙田 (別稱),,,,,,1,true
Wi-Fi.HK 熱點位置: McCafe - 沙田萬怡酒店,Wi-Fi.HK 熱點位置: McCafe - 沙田萬怡酒店,hotel,Wi-Fi.HK 熱點位置: McCafe - 沙田萬怡酒店,,,,,,1,true
Wi-Fi.HK 熱點位置: 麥當勞 - 沙田萬怡酒店,Wi-Fi.HK 熱點位置: 麥當勞 - 沙田萬怡酒店,hotel,Wi-Fi.HK 熱點位置: 麥當勞 - 沙田萬怡酒店,,,,,,1,true
荃灣帝盛酒店 (別稱),荃灣帝盛酒店 (別稱),hotel,荃灣帝盛酒店 (別稱),,,,,,1,true
荃灣帝盛酒店 (前稱),荃灣帝盛酒店 (前稱),hotel,荃灣帝盛酒店 (前稱),,,,,,1,true
悅品度假酒店.屯門,悅品度假酒店.屯門,hotel,悅品度假酒店.屯門,,,,,,1,true
香港黃金海岸酒店,香港黃金海岸酒店,hotel,香港黃金海岸酒店,,,,,,1,true
悅品天秀酒店·元朗 (前稱),悅品天秀酒店·元朗 (前稱),hotel,悅品天秀酒店·元朗 (前稱),,,,,,1,true
香港九龍東皇冠假日酒店,香港九龍東皇冠假日酒店,hotel,香港九龍東皇冠假日酒店,,,,,,1,true
香港九龍東智選假日酒店及星峰薈,香港九龍東智選假日酒店及星峰薈,hotel,香港九龍東智選假日酒店及星峰薈,,,,,,1,true
中興酒店 (前稱),中興酒店 (前稱),hotel,中興酒店 (前稱),,,,,,1,true
彩鴻酒店 (前稱),彩鴻酒店 (前稱),hotel,彩鴻酒店 (前稱),,,,,,1,true
雅蘭酒店 (前稱),雅蘭酒店 (前稱),hotel,雅蘭酒店 (前稱),,,,,,1,true
華麗都會酒店,華麗都會酒店,hotel,華麗都會酒店,,,,,,1,true
海逸酒店 (前稱),海逸酒店 (前稱),hotel,海逸酒店 (前稱),,,,,,1,true
8度海逸酒店,8度海逸酒店,hotel,8度海逸酒店,,,,,,1,true
嘉湖海逸酒店,嘉湖海逸酒店,hotel,嘉湖海逸酒店,,,,,,1,true
前美利大廈海港企業酒店活化項目,前美利大廈海港企業酒店活化項目,hotel,前美利大廈海港企業酒店活化項目,,,,,,1,true
港灣酒店 (前稱),港灣酒店 (前稱),hotel,港灣酒店 (前稱),,,,,,1,true
豪畔酒店 (前稱),豪畔酒店 (前稱),hotel,豪畔酒店 (前稱),,,,,,1,true
Hyatt Centric Victoria Harbour Hotel Tower 2,Hyatt Centric Victoria Harbour Hotel Tower 2,hotel,Hyatt Centric Victoria Harbour Hotel Tower 2,,,,,,1,true
盛逸酒店 (前稱),盛逸酒店 (前稱),hotel,盛逸酒店 (前稱),,,,,,1,true
Wi-Fi.HK 熱點位置: 帝京酒店 - 喜宴堂,Wi-Fi.HK 熱點位置: 帝京酒店 - 喜宴堂,hotel,Wi-Fi.HK 熱點位置: 帝京酒店 - 喜宴堂,,,,,,1,true
Wi-Fi.HK 熱點位置: 帝京酒店 - 喜酌堂,Wi-Fi.HK 熱點位置: 帝京酒店 - 喜酌堂,hotel,Wi-Fi.HK 熱點位置: 帝京酒店 - 喜酌堂,,,,,,1,true
Wi-Fi.HK 熱點位置: 帝京酒店 - 花月庭,Wi-Fi.HK 熱點位置: 帝京酒店 - 花月庭,hotel,Wi-Fi.HK 熱點位置: 帝京酒店 - 花月庭,,,,,,1,true
Wi-Fi.HK 熱點位置: 帝京酒店 - LionRock,Wi-Fi.HK 熱點位置: 帝京酒店 - LionRock,hotel,Wi-Fi.HK 熱點位置: 帝京酒店 - LionRock,,,,,,1,true
Wi-Fi.HK 熱點位置: 帝京酒店 - 帝皇廳,Wi-Fi.HK 熱點位置: 帝京酒店 - 帝皇廳,hotel,Wi-Fi.HK 熱點位置: 帝京酒店 - 帝皇廳,,,,,,1,true
Wi-Fi.HK 熱點位置: 帝京酒店 - 帝京軒,Wi-Fi.HK 熱點位置: 帝京酒店 - 帝京軒,hotel,Wi-Fi.HK 熱點位置: 帝京酒店 - 帝京軒,,,,,,1,true
皇家太平洋酒店海景翼,皇家太平洋酒店海景翼,hotel,皇家太平洋酒店海景翼,,,,,,1,true
花園賓館集團有限公司,花園賓館集團有限公司,hotel,花園賓館集團有限公司,,,,,,1,true
帝豪花園酒店 (前稱),帝豪花園酒店 (前稱),hotel,帝豪花園酒店 (前稱),,,,,,1,true
宏基國際賓館,宏基國際賓館,hotel,宏基國際賓館,,,,,,1,true
明愛張奧偉國際賓館,明愛張奧偉國際賓館,hotel,明愛張奧偉國際賓館,,,,,,1,true
龍堡國際賓館 (香港童軍中心),龍堡國際賓館 (香港童軍中心),hotel,龍堡國際賓館 (香港童軍中心),,,,,,1,true
花園國際賓館,花園國際賓館,hotel,花園國際賓館,,,,,,1,true
灣景國際賓館 (前稱),灣景國際賓館 (前稱),hotel,灣景國際賓館 (前稱),,,,,,1,true
香港中華基督教青年會國際賓館 (前稱),香港中華基督教青年會國際賓館 (前稱),hotel,香港中華基督教青年會國際賓館 (前稱),,,,,,1,true
展灝國際酒店 (前稱),展灝國際酒店 (前稱),hotel,展灝國際酒店 (前稱),,,,,,1,true
金多寶賓館,金多寶賓館,hotel,金多寶賓館,,,,,,1,true
太平洋帆船酒店 (前稱),太平洋帆船酒店 (前稱),hotel,太平洋帆船酒店 (前稱),,,,,,1,true
Wi-Fi.HK 熱點位置: 港島太平洋酒店,Wi-Fi.HK 熱點位置: 港島太平洋酒店,hotel,Wi-Fi.HK 熱點位置: 港島太平洋酒店,,,,,,1,true
Wi-Fi.HK 熱點位置: 皇家太平洋酒店,Wi-Fi.HK 熱點位置: 皇家太平洋酒店,hotel,Wi-Fi.HK 熱點位置: 皇家太平洋酒店,,,,,,1,true
永盛行賓館,永盛行賓館,hotel,永盛行賓館,,,,,,1,true
永興行賓館,永興行賓館,hotel,永興行賓館,,,,,,1,true
永順行賓館,永順行賓館,hotel,永順行賓館,,,,,,1,true
泰興翡翠賓館,泰興翡翠賓館,hotel,泰興翡翠賓館,,,,,,1,true
銀河賓館,銀河賓館,hotel,銀河賓館,,,,,,1,true
露比旅舍,露比旅舍,hotel,露比旅舍,,,,,,1,true
維都賓館,維都賓館,hotel,維都賓館,,,,,,1,true
勝利賓館,勝利賓館,hotel,勝利賓館,,,,,,1,true
榆臨賓館,榆臨賓館,hotel,榆臨賓館,,,,,,1,true
亞洲旅遊賓館,亞洲旅遊賓館,hotel,亞洲旅遊賓館,,,,,,1,true
帝盛酒店 (別稱),帝盛酒店 (別稱),hotel,帝盛酒店 (別稱),,,,,,1,true
香港帝盛酒店 (前稱),香港帝盛酒店 (前稱),hotel,香港帝盛酒店 (前稱),,,,,,1,true
朗豪酒店 (前稱),朗豪酒店 (前稱),hotel,朗豪酒店 (前稱),,,,,,1,true
香港海洋公園萬豪酒店 (別稱),香港海洋公園萬豪酒店 (別稱),hotel,香港海洋公園萬豪酒店 (別稱),,,,,,1,true
Wi-Fi.HK 熱點位置: 香港海洋公園萬豪酒店,Wi-Fi.HK 熱點位置: 香港海洋公園萬豪酒店,hotel,Wi-Fi.HK 熱點位置: 香港海洋公園萬豪酒店,,,,,,1,true
寶軒酒店 (別稱),寶軒酒店 (別稱),hotel,寶軒酒店 (別稱),,,,,,1,true
藍天賓館,藍天賓館,hotel,藍天賓館,,,,,,1,true
春天酒店式住宅 (前稱),春天酒店式住宅 (前稱),hotel,春天酒店式住宅 (前稱),,,,,,1,true
柏萊賓館,柏萊賓館,hotel,柏萊賓館,,,,,,1,true
威利萊賓館,威利萊賓館,hotel,威利萊賓館,,,,,,1,true
香港萊斯賓館,香港萊斯賓館,hotel,香港萊斯賓館,,,,,,1,true
新時代賓館,新時代賓館,hotel,新時代賓館,,,,,,1,true
友聯賓館,友聯賓館,hotel,友聯賓館,,,,,,1,true
阿木旅舍,阿木旅舍,hotel,阿木旅舍,,,,,,1,true
新荷李活賓館,新荷李活賓館,hotel,新荷李活賓館,,,,,,1,true
新豪華旅舍,新豪華旅舍,hotel,新豪華旅舍,,,,,,1,true
NEW LONDON HOSTEL,NEW LONDON HOSTEL,hotel,NEW LONDON HOSTEL,,,,,,1,true
新萊斯賓館,新萊斯賓館,hotel,新萊斯賓館,,,,,,1,true
新上海賓館,新上海賓館,hotel,新上海賓館,,,,,,1,true
NEW TOKYO HOSTEL,NEW TOKYO HOSTEL,hotel,NEW TOKYO HOSTEL,,,,,,1,true
新中華賓館,新中華賓館,hotel,新中華賓館,,,,,,1,true
新宇宙賓館,新宇宙賓館,hotel,新宇宙賓館,,,,,,1,true
NEW DAY NIGHT HOSTEL,NEW DAY NIGHT HOSTEL,hotel,NEW DAY NIGHT HOSTEL,,,,,,1,true
新第一賓館,新第一賓館,hotel,新第一賓館,,,,,,1,true
新鴻運賓館,新鴻運賓館,hotel,新鴻運賓館,,,,,,1,true
新格蘭賓館,新格蘭賓館,hotel,新格蘭賓館,,,,,,1,true
新港旅舍,新港旅舍,hotel,新港旅舍,,,,,,1,true
新文華賓館,新文華賓館,hotel,新文華賓館,,,,,,1,true
新北京賓館,新北京賓館,hotel,新北京賓館,,,,,,1,true
新世界賓館,新世界賓館,hotel,新世界賓館,,,,,,1,true
紐約賓館,紐約賓館,hotel,紐約賓館,,,,,,1,true
新國際賓館,新國際賓館,hotel,新國際賓館,,,,,,1,true
利園賓館,利園賓館,hotel,利園賓館,,,,,,1,true
新中華賓館2,新中華賓館2,hotel,新中華賓館2,,,,,,1,true
新欣欣賓館,新欣欣賓館,hotel,新欣欣賓館,,,,,,1,true
旺角賓館,旺角賓館,hotel,旺角賓館,,,,,,1,true
阿樂賓館,阿樂賓館,hotel,阿樂賓館,,,,,,1,true
金鳳凰賓館,金鳳凰賓館,hotel,金鳳凰賓館,,,,,,1,true
鴻運賓館,鴻運賓館,hotel,鴻運賓館,,,,,,1,true
富美賓館,富美賓館,hotel,富美賓館,,,,,,1,true
明華賓館,明華賓館,hotel,明華賓館,,,,,,1,true
美華賓館,美華賓館,hotel,美華賓館,,,,,,1,true
麗華旅舍,麗華旅舍,hotel,麗華旅舍,,,,,,1,true
麗華賓館,麗華賓館,hotel,麗華賓館,,,,,,1,true
金海賓館,金海賓館,hotel,金海賓館,,,,,,1,true
維珍尼亞賓館,維珍尼亞賓館,hotel,維珍尼亞賓館,,,,,,1,true
富田賓館-雅緻館,富田賓館-雅緻館,hotel,富田賓館-雅緻館,,,,,,1,true
外星喵旅舍,外星喵旅舍,hotel,外星喵旅舍,,,,,,1,true
富田賓館,富田賓館,hotel,富田賓館,,,,,,1,true
廣州賓館,廣州賓館,hotel,廣州賓館,,,,,,1,true
金旺賓館,金旺賓館,hotel,金旺賓館,,,,,,1,true
新華賓館,新華賓館,hotel,新華賓館,,,,,,1,true
富華旅舍,富華旅舍,hotel,富華旅舍,,,,,,1,true
GOLDEN FORTUNE HOSTEL,GOLDEN FORTUNE HOSTEL,hotel,GOLDEN FORTUNE HOSTEL,,,,,,1,true
北京賓館,北京賓館,hotel,北京賓館,,,,,,1,true
金運來賓館,金運來賓館,hotel,金運來賓館,,,,,,1,true
麗苑賓館,麗苑賓館,hotel,麗苑賓館,,,,,,1,true
新城賓館,新城賓館,hotel,新城賓館,,,,,,1,true
新東薈賓館,新東薈賓館,hotel,新東薈賓館,,,,,,1,true
新東方賓館,新東方賓館,hotel,新東方賓館,,,,,,1,true
新式賓館,新式賓館,hotel,新式賓館,,,,,,1,true
新金怡賓館,新金怡賓館,hotel,新金怡賓館,,,,,,1,true
華豐金怡賓館,華豐金怡賓館,hotel,華豐金怡賓館,,,,,,1,true
喜利賓館,喜利賓館,hotel,喜利賓館,,,,,,1,true
蘇杭賓館,蘇杭賓館,hotel,蘇杭賓館,,,,,,1,true
淳一賓館,淳一賓館,hotel,淳一賓館,,,,,,1,true
晴天賓館,晴天賓館,hotel,晴天賓館,,,,,,1,true
嘉賓賓館,嘉賓賓館,hotel,嘉賓賓館,,,,,,1,true
大雄賓館,大雄賓館,hotel,大雄賓館,,,,,,1,true
K & B HOSTEL,K & B HOSTEL,hotel,K & B HOSTEL,,,,,,1,true
海濱賓館,海濱賓館,hotel,海濱賓館,,,,,,1,true
永春賓館,永春賓館,hotel,永春賓館,,,,,,1,true
東寶賓館,東寶賓館,hotel,東寶賓館,,,,,,1,true
千悅賓館,千悅賓館,hotel,千悅賓館,,,,,,1,true
華寶賓館,華寶賓館,hotel,華寶賓館,,,,,,1,true
恒豐賓館,恒豐賓館,hotel,恒豐賓館,,,,,,1,true
ABD HOSTEL,ABD HOSTEL,hotel,ABD HOSTEL,,,,,,1,true
嘉應賓館,嘉應賓館,hotel,嘉應賓館,,,,,,1,true
凱成賓館,凱成賓館,hotel,凱成賓館,,,,,,1,true
栢怡賓館,栢怡賓館,hotel,栢怡賓館,,,,,,1,true
新金翔賓館,新金翔賓館,hotel,新金翔賓館,,,,,,1,true
白沙澳青年旅舍,白沙澳青年旅舍,hotel,白沙澳青年旅舍,,,,,,1,true
長者日間護理單位(附設於樟木頭長者度假中心),長者日間護理單位(附設於樟木頭長者度假中心),hotel,長者日間護理單位(附設於樟木頭長者度假中心),,,,,,1,true
伸手助人協會樟木頭老人度假中心,伸手助人協會樟木頭老人度假中心,hotel,伸手助人協會樟木頭老人度假中心,,,,,,1,true
油麻地戲院,油麻地戲院,artsVenue,油麻地戲院,,,,,,1,true
MCL 淘大戲院,MCL 淘大戲院,artsVenue,MCL 淘大戲院,,,,,,1,true
香港聖公會多元文化外展服務隊,香港聖公會多元文化外展服務隊,artsVenue,香港聖公會多元文化外展服務隊,,,,,,1,true
Wi-Fi.HK 熱點位置: 天平體育館,Wi-Fi.HK 熱點位置: 天平體育館,artsVenue,Wi-Fi.HK 熱點位置: 天平體育館,,,,,,1,true
MCL 粉嶺戲院,MCL 粉嶺戲院,artsVenue,MCL 粉嶺戲院,,,,,,1,true
香港中央圖書館展覽館,香港中央圖書館展覽館,artsVenue,香港中央圖書館展覽館,,,,,,1,true
Wi-Fi.HK 熱點位置: 香港歷史博物館,Wi-Fi.HK 熱點位置: 香港歷史博物館,artsVenue,Wi-Fi.HK 熱點位置: 香港歷史博物館,,,,,,1,true
藍田(南)體育館,藍田(南)體育館,artsVenue,藍田(南)體育館,,,,,,1,true
竹園體育館,竹園體育館,artsVenue,竹園體育館,,,,,,1,true
Wi-Fi.HK 熱點位置: 竹園體育館,Wi-Fi.HK 熱點位置: 竹園體育館,artsVenue,Wi-Fi.HK 熱點位置: 竹園體育館,,,,,,1,true
荃灣西約體育館,荃灣西約體育館,artsVenue,荃灣西約體育館,,,,,,1,true
荃灣西約體育館 (別稱),荃灣西約體育館 (別稱),artsVenue,荃灣西約體育館 (別稱),,,,,,1,true
北葵涌鄧肇堅體育館,北葵涌鄧肇堅體育館,artsVenue,北葵涌鄧肇堅體育館,,,,,,1,true
北葵涌鄧肇堅體育館 (別稱),北葵涌鄧肇堅體育館 (別稱),artsVenue,北葵涌鄧肇堅體育館 (別稱),,,,,,1,true
Wi-Fi.HK 熱點位置: 北葵涌鄧肇堅體育館,Wi-Fi.HK 熱點位置: 北葵涌鄧肇堅體育館,artsVenue,Wi-Fi.HK 熱點位置: 北葵涌鄧肇堅體育館,,,,,,1,true
北葵湧鄧肇堅體育館,北葵湧鄧肇堅體育館,artsVenue,北葵湧鄧肇堅體育館,,,,,,1,true
調景嶺體育館 - 地下戶外休憩用地近長者健身園地(北),調景嶺體育館 - 地下戶外休憩用地近長者健身園地(北),artsVenue,調景嶺體育館 - 地下戶外休憩用地近長者健身園地(北),,,,,,1,true
香港單車館公園 - 近中央草坪的〝運動遊玩圈〞藝術品,香港單車館公園 - 近中央草坪的〝運動遊玩圈〞藝術品,artsVenue,香港單車館公園 - 近中央草坪的〝運動遊玩圈〞藝術品,,,,,,1,true
石硤尾公園體育館停車場,石硤尾公園體育館停車場,artsVenue,石硤尾公園體育館停車場,,,,,,1,true
康瑞敬老樂園,康瑞敬老樂園,themePark,康瑞敬老樂園,,,,,,1,true
香港東區婦女福利會伍少梅悠樂園,香港東區婦女福利會伍少梅悠樂園,themePark,香港東區婦女福利會伍少梅悠樂園,,,,,,1,true
香港東區婦女福利會伍少梅安老護理院 [安老院] / 香港東區婦女福利會伍少梅悠樂園 [社區券認可服務單位],香港東區婦女福利會伍少梅安老護理院 [安老院] / 香港東區婦女福利會伍少梅悠樂園 [社區券認可服務單位],themePark,香港東區婦女福利會伍少梅安老護理院 [安老院] / 香港東區婦女福利會伍少梅悠樂園 [社區券認可服務單位],,,,,,1,true
丫髻山地單車樂園,丫髻山地單車樂園,themePark,丫髻山地單車樂園,,,,,,1,true
啟德１號（Ｉ）,啟德１號（Ｉ）,majorDestination,啟德１號（Ｉ）,,,,,,1,true
馬鞍山公共圖書館,馬鞍山公共圖書館,majorDestination,馬鞍山公共圖書館,,,,,,1,true
(別稱),(別稱),majorDestination,(別稱),,,,,,1,true
0_10手作,0_10手作,majorDestination,0_10手作,,,,,,1,true
啟德零售館１,啟德零售館１,majorDestination,啟德零售館１,,,,,,1,true
啟德零售館２,啟德零售館２,majorDestination,啟德零售館２,,,,,,1,true
啟德零售館３,啟德零售館３,majorDestination,啟德零售館３,,,,,,1,true
丰滙第一座,丰滙第一座,majorDestination,丰滙第一座,,,,,,1,true
丰滙第二座,丰滙第二座,majorDestination,丰滙第二座,,,,,,1,true
丰滙第三座,丰滙第三座,majorDestination,丰滙第三座,,,,,,1,true
香港太空館,香港太空館,majorDestination,香港太空館,,,,,,1,true
(前稱),(前稱),majorDestination,(前稱),,,,,,1,true
香港大球場 - 東高層UE3厠所外,香港大球場 - 東高層UE3厠所外,majorDestination,香港大球場 - 東高層UE3厠所外,,,,,,1,true
香港大球場 - 東高層UE5厠所外,香港大球場 - 東高層UE5厠所外,majorDestination,香港大球場 - 東高層UE5厠所外,,,,,,1,true
香港大球場 - 西高層UW3厠所外,香港大球場 - 西高層UW3厠所外,majorDestination,香港大球場 - 西高層UW3厠所外,,,,,,1,true
香港大球場 - 西高層UW5厠所外,香港大球場 - 西高層UW5厠所外,majorDestination,香港大球場 - 西高層UW5厠所外,,,,,,1,true
西沙Go Park,西沙Go Park,majorDestination,西沙Go Park,,,,,,1,true
中環,中環,majorDestination,中環,,,,,,1,true
中西區海濱長廊——中環段,中西區海濱長廊——中環段,majorDestination,中西區海濱長廊——中環段,,,,,,1,true
堅尼地城遊樂場,堅尼地城遊樂場,majorDestination,堅尼地城遊樂場,,,,,,1,true
堅尼地城遊樂場 (別稱),堅尼地城遊樂場 (別稱),majorDestination,堅尼地城遊樂場 (別稱),,,,,,1,true
康德 (佐敦) 護老院有限公司,康德 (佐敦) 護老院有限公司,majorDestination,康德 (佐敦) 護老院有限公司,,,,,,1,true
零距府邸．佐敦,零距府邸．佐敦,majorDestination,零距府邸．佐敦,,,,,,1,true
香港太古集團公司職工會,香港太古集團公司職工會,majorDestination,香港太古集團公司職工會,,,,,,1,true
堅尼地城配水庫 (前稱),堅尼地城配水庫 (前稱),majorDestination,堅尼地城配水庫 (前稱),,,,,,1,true
堅尼地城臨時遊樂場,堅尼地城臨時遊樂場,majorDestination,堅尼地城臨時遊樂場,,,,,,1,true
深水埗崇真堂,深水埗崇真堂,majorDestination,深水埗崇真堂,,,,,,1,true
粉嶺圍,粉嶺圍,majorDestination,粉嶺圍,,,,,,1,true
南慶堂,南慶堂,majorDestination,南慶堂,,,,,,1,true
南朗亭,南朗亭,majorDestination,南朗亭,,,,,,1,true
迦南樓,迦南樓,majorDestination,迦南樓,,,,,,1,true
南朗山,南朗山,majorDestination,南朗山,,,,,,1,true
南丫島,南丫島,majorDestination,南丫島,,,,,,1,true
南溝堡,南溝堡,majorDestination,南溝堡,,,,,,1,true
南園子,南園子,majorDestination,南園子,,,,,,1,true
南堂尾,南堂尾,majorDestination,南堂尾,,,,,,1,true
大南樓,大南樓,majorDestination,大南樓,,,,,,1,true
麻南笏,麻南笏,majorDestination,麻南笏,,,,,,1,true
北區,北區,majorDestination,北區,,,,,,1,true
北丫,北丫,majorDestination,北丫,,,,,,1,true
北坑,北坑,majorDestination,北坑,,,,,,1,true
北港,北港,majorDestination,北港,,,,,,1,true
北朗,北朗,majorDestination,北朗,,,,,,1,true
北潭,北潭,majorDestination,北潭,,,,,,1,true
北塘,北塘,majorDestination,北塘,,,,,,1,true
北圍,北圍,majorDestination,北圍,,,,,,1,true
高埔北,高埔北,majorDestination,高埔北,,,,,,1,true
北溝堡,北溝堡,majorDestination,北溝堡,,,,,,1,true
軍地北,軍地北,majorDestination,軍地北,,,,,,1,true
古洞北,古洞北,majorDestination,古洞北,,,,,,1,true
北果洲,北果洲,majorDestination,北果洲,,,,,,1,true
北丫頂,北丫頂,majorDestination,北丫頂,,,,,,1,true
北海篤,北海篤,majorDestination,北海篤,,,,,,1,true
北港㘭,北港㘭,majorDestination,北港㘭,,,,,,1,true
北港河,北港河,majorDestination,北港河,,,,,,1,true
北流角,北流角,majorDestination,北流角,,,,,,1,true
北流仔,北流仔,majorDestination,北流仔,,,,,,1,true
綠在香港仔,綠在香港仔,majorDestination,綠在香港仔,,,,,,1,true
香港仔家品店,香港仔家品店,majorDestination,香港仔家品店,,,,,,1,true
香港仔遊艇會,香港仔遊艇會,majorDestination,香港仔遊艇會,,,,,,1,true
香港仔海濱公園,香港仔海濱公園,majorDestination,香港仔海濱公園,,,,,,1,true
香港仔公共圖書館,香港仔公共圖書館,majorDestination,香港仔公共圖書館,,,,,,1,true
電腦洗車屋 (香港仔),電腦洗車屋 (香港仔),majorDestination,電腦洗車屋 (香港仔),,,,,,1,true
香港仔慈愛護老院,香港仔慈愛護老院,majorDestination,香港仔慈愛護老院,,,,,,1,true
香港仔坊會社會服務,香港仔坊會社會服務,majorDestination,香港仔坊會社會服務,,,,,,1,true
港灣安老院,港灣安老院,majorDestination,港灣安老院,,,,,,1,true
香港賽馬會,香港賽馬會,majorDestination,香港賽馬會,,,,,,1,true
鈞溢幫(香港仔),鈞溢幫(香港仔),majorDestination,鈞溢幫(香港仔),,,,,,1,true
香港仔海濱公園 - 育嬰室內,香港仔海濱公園 - 育嬰室內,majorDestination,香港仔海濱公園 - 育嬰室內,,,,,,1,true
長沙,長沙,majorDestination,長沙,,,,,,1,true
沙灣,沙灣,majorDestination,沙灣,,,,,,1,true
沙嶺,沙嶺,majorDestination,沙嶺,,,,,,1,true
沙洲,沙洲,majorDestination,沙洲,,,,,,1,true
沙下,沙下,majorDestination,沙下,,,,,,1,true
沙欄,沙欄,majorDestination,沙欄,,,,,,1,true
沙壩,沙壩,majorDestination,沙壩,,,,,,1,true
沙排,沙排,majorDestination,沙排,,,,,,1,true
沙頭,沙頭,majorDestination,沙頭,,,,,,1,true
沙咀,沙咀,majorDestination,沙咀,,,,,,1,true
白沙灣,白沙灣,majorDestination,白沙灣,,,,,,1,true
白沙洲,白沙洲,majorDestination,白沙洲,,,,,,1,true
長沙欄,長沙欄,majorDestination,長沙欄,,,,,,1,true
長沙灣,長沙灣,majorDestination,長沙灣,,,,,,1,true
涌沙頂,涌沙頂,majorDestination,涌沙頂,,,,,,1,true
虎頭沙,虎頭沙,majorDestination,虎頭沙,,,,,,1,true
灰沙圍,灰沙圍,majorDestination,灰沙圍,,,,,,1,true
鰲磡沙,鰲磡沙,majorDestination,鰲磡沙,,,,,,1,true
牛皮沙,牛皮沙,majorDestination,牛皮沙,,,,,,1,true
白沙澳,白沙澳,majorDestination,白沙澳,,,,,,1,true
白沙頭,白沙頭,majorDestination,白沙頭,,,,,,1,true
白沙咀,白沙咀,majorDestination,白沙咀,,,,,,1,true
荃薈,荃薈,majorDestination,荃薈,,,,,,1,true
荃錦坳,荃錦坳,majorDestination,荃錦坳,,,,,,1,true
荃景圍,荃景圍,majorDestination,荃景圍,,,,,,1,true
荃新天地,荃新天地,majorDestination,荃新天地,,,,,,1,true
荃景圍遊樂場,荃景圍遊樂場,majorDestination,荃景圍遊樂場,,,,,,1,true
葵園,葵園,majorDestination,葵園,,,,,,1,true
葵芳,葵芳,majorDestination,葵芳,,,,,,1,true
葵興,葵興,majorDestination,葵興,,,,,,1,true
秋葵樓,秋葵樓,majorDestination,秋葵樓,,,,,,1,true
芊葵樓,芊葵樓,majorDestination,芊葵樓,,,,,,1,true
翠葵樓,翠葵樓,majorDestination,翠葵樓,,,,,,1,true
春葵樓,春葵樓,majorDestination,春葵樓,,,,,,1,true
曉葵樓,曉葵樓,majorDestination,曉葵樓,,,,,,1,true
葵坳山,葵坳山,majorDestination,葵坳山,,,,,,1,true
葵智樓,葵智樓,majorDestination,葵智樓,,,,,,1,true
葵正樓,葵正樓,majorDestination,葵正樓,,,,,,1,true
葵歡樓,葵歡樓,majorDestination,葵歡樓,,,,,,1,true
葵喜樓,葵喜樓,majorDestination,葵喜樓,,,,,,1,true
葵健樓,葵健樓,majorDestination,葵健樓,,,,,,1,true
綠在葵青,綠在葵青,majorDestination,綠在葵青,,,,,,1,true
香港中華基督教青年會 葵青及荃灣青少年外展社會工作隊,香港中華基督教青年會 葵青及荃灣青少年外展社會工作隊,majorDestination,香港中華基督教青年會 葵青及荃灣青少年外展社會工作隊,,,,,,1,true
西旺樓,西旺樓,majorDestination,西旺樓,,,,,,1,true
好旺洋樓,好旺洋樓,majorDestination,好旺洋樓,,,,,,1,true
油尖旺區,油尖旺區,majorDestination,油尖旺區,,,,,,1,true
金旺會,金旺會,majorDestination,金旺會,,,,,,1,true
胡法旺公祠,胡法旺公祠,majorDestination,胡法旺公祠,,,,,,1,true
金旺樓,金旺樓,majorDestination,金旺樓,,,,,,1,true
昌旺樓,昌旺樓,majorDestination,昌旺樓,,,,,,1,true
長旺樓,長旺樓,majorDestination,長旺樓,,,,,,1,true
富旺樓,富旺樓,majorDestination,富旺樓,,,,,,1,true
深涌,深涌,majorDestination,深涌,,,,,,1,true
深井,深井,majorDestination,深井,,,,,,1,true
深篤,深篤,majorDestination,深篤,,,,,,1,true
深灣,深灣,majorDestination,深灣,,,,,,1,true
深屈,深屈,majorDestination,深屈,,,,,,1,true
深圳河,深圳河,majorDestination,深圳河,,,,,,1,true
深灣會,深灣會,majorDestination,深灣會,,,,,,1,true
深水灣,深水灣,majorDestination,深水灣,,,,,,1,true
深涌角,深涌角,majorDestination,深涌角,,,,,,1,true
深涌灣,深涌灣,majorDestination,深涌灣,,,,,,1,true
深坑瀝,深坑瀝,majorDestination,深坑瀝,,,,,,1,true
深水角,深水角,majorDestination,深水角,,,,,,1,true
深水排,深水排,majorDestination,深水排,,,,,,1,true
深篤門,深篤門,majorDestination,深篤門,,,,,,1,true
深屈灣,深屈灣,majorDestination,深屈灣,,,,,,1,true
大深涌,大深涌,majorDestination,大深涌,,,,,,1,true
深灣畔,深灣畔,majorDestination,深灣畔,,,,,,1,true
深灣9號,深灣9號,majorDestination,深灣9號,,,,,,1,true
筲箕灣釣魚會,筲箕灣釣魚會,majorDestination,筲箕灣釣魚會,,,,,,1,true
筲箕灣城聯誼會,筲箕灣城聯誼會,majorDestination,筲箕灣城聯誼會,,,,,,1,true
筲箕灣金成聯宜會,筲箕灣金成聯宜會,majorDestination,筲箕灣金成聯宜會,,,,,,1,true
筲箕灣釣魚娛樂會,筲箕灣釣魚娛樂會,majorDestination,筲箕灣釣魚娛樂會,,,,,,1,true
本灣水產,本灣水產,majorDestination,本灣水產,,,,,,1,true
柴灣,柴灣,majorDestination,柴灣,,,,,,1,true
獺灣,獺灣,majorDestination,獺灣,,,,,,1,true
車灣,車灣,majorDestination,車灣,,,,,,1,true
長灣,長灣,majorDestination,長灣,,,,,,1,true
涌灣,涌灣,majorDestination,涌灣,,,,,,1,true
螺灣,螺灣,majorDestination,螺灣,,,,,,1,true
馬灣,馬灣,majorDestination,馬灣,,,,,,1,true
蚊灣,蚊灣,majorDestination,蚊灣,,,,,,1,true
銀灣,銀灣,majorDestination,銀灣,,,,,,1,true
稔灣,稔灣,majorDestination,稔灣,,,,,,1,true
船灣,船灣,majorDestination,船灣,,,,,,1,true
酒灣,酒灣,majorDestination,酒灣,,,,,,1,true
草灣,草灣,majorDestination,草灣,,,,,,1,true
灣篤,灣篤,majorDestination,灣篤,,,,,,1,true
鞍山茶座,鞍山茶座,majorDestination,鞍山茶座,,,,,,1,true
馬鞍山郊野公園 - 馬鞍山燒烤場,馬鞍山郊野公園 - 馬鞍山燒烤場,majorDestination,馬鞍山郊野公園 - 馬鞍山燒烤場,,,,,,1,true
南山公共廁所,南山公共廁所,majorDestination,南山公共廁所,,,,,,1,true
鳳凰山特別地區,鳳凰山特別地區,majorDestination,鳳凰山特別地區,,,,,,1,true
鑽石山火葬場,鑽石山火葬場,majorDestination,鑽石山火葬場,,,,,,1,true
海下灣海岸公園,海下灣海岸公園,majorDestination,海下灣海岸公園,,,,,,1,true
鶴咀海岸保護區,鶴咀海岸保護區,majorDestination,鶴咀海岸保護區,,,,,,1,true
沙洲及龍鼓洲海岸公園,沙洲及龍鼓洲海岸公園,majorDestination,沙洲及龍鼓洲海岸公園,,,,,,1,true
東平洲海岸公園,東平洲海岸公園,majorDestination,東平洲海岸公園,,,,,,1,true
天姿作圍,天姿作圍,majorDestination,天姿作圍,,,,,,1,true
天晴社區會堂,天晴社區會堂,majorDestination,天晴社區會堂,,,,,,1,true
天水圍運動場,天水圍運動場,majorDestination,天水圍運動場,,,,,,1,true
天后家品店,天后家品店,majorDestination,天后家品店,,,,,,1,true
嘉琳,嘉琳,majorDestination,嘉琳,,,,,,1,true
麗明樓,麗明樓,majorDestination,麗明樓,,,,,,1,true
麗景樓,麗景樓,majorDestination,麗景樓,,,,,,1,true
明麗園,明麗園,majorDestination,明麗園,,,,,,1,true
碧麗樓,碧麗樓,majorDestination,碧麗樓,,,,,,1,true
智麗樓,智麗樓,majorDestination,智麗樓,,,,,,1,true
星寶汽車維修公司,星寶汽車維修公司,majorDestination,星寶汽車維修公司,,,,,,1,true
美寶園,美寶園,majorDestination,美寶園,,,,,,1,true
萬寶樓,萬寶樓,majorDestination,萬寶樓,,,,,,1,true
華聯車房,華聯車房,majorDestination,華聯車房,,,,,,1,true
華納別墅,華納別墅,majorDestination,華納別墅,,,,,,1,true
華園,華園,majorDestination,華園,,,,,,1,true
華山,華山,majorDestination,華山,,,,,,1,true
華富,華富,majorDestination,華富,,,,,,1,true
瑆華,瑆華,majorDestination,瑆華,,,,,,1,true
輝華樓,輝華樓,majorDestination,輝華樓,,,,,,1,true
立華樓,立華樓,majorDestination,立華樓,,,,,,1,true
秉華樓,秉華樓,majorDestination,秉華樓,,,,,,1,true
普華樓,普華樓,majorDestination,普華樓,,,,,,1,true
達華樓,達華樓,majorDestination,達華樓,,,,,,1,true
欣華樓,欣華樓,majorDestination,欣華樓,,,,,,1,true
華俊園,華俊園,majorDestination,華俊園,,,,,,1,true
華山樓,華山樓,majorDestination,華山樓,,,,,,1,true
華興樓,華興樓,majorDestination,華興樓,,,,,,1,true
蓮華寺,蓮華寺,majorDestination,蓮華寺,,,,,,1,true
金昇會所,金昇會所,majorDestination,金昇會所,,,,,,1,true
金山,金山,majorDestination,金山,,,,,,1,true
金臻,金臻,majorDestination,金臻,,,,,,1,true
金錢,金錢,majorDestination,金錢,,,,,,1,true
金浦園,金浦園,majorDestination,金浦園,,,,,,1,true
金花廟,金花廟,majorDestination,金花廟,,,,,,1,true
金碧園,金碧園,majorDestination,金碧園,,,,,,1,true
藏金洞,藏金洞,majorDestination,藏金洞,,,,,,1,true
金輝園,金輝園,majorDestination,金輝園,,,,,,1,true
金祥坊,金祥坊,majorDestination,金祥坊,,,,,,1,true
金竹角,金竹角,majorDestination,金竹角,,,,,,1,true
銀洲,銀洲,majorDestination,銀洲,,,,,,1,true
銀河,銀河,majorDestination,銀河,,,,,,1,true
銀鳳樓,銀鳳樓,majorDestination,銀鳳樓,,,,,,1,true
銀線灣,銀線灣,majorDestination,銀線灣,,,,,,1,true
銀虹樓,銀虹樓,majorDestination,銀虹樓,,,,,,1,true
銀瓶頸,銀瓶頸,majorDestination,銀瓶頸,,,,,,1,true
銀瓶頭,銀瓶頭,majorDestination,銀瓶頭,,,,,,1,true
銀星樓,銀星樓,majorDestination,銀星樓,,,,,,1,true
銀日樓,銀日樓,majorDestination,銀日樓,,,,,,1,true
銀月樓,銀月樓,majorDestination,銀月樓,,,,,,1,true
白銀鄉,白銀鄉,majorDestination,白銀鄉,,,,,,1,true
德園,德園,majorDestination,德園,,,,,,1,true
養德,養德,majorDestination,養德,,,,,,1,true
啟德,啟德,majorDestination,啟德,,,,,,1,true
光德廟,光德廟,majorDestination,光德廟,,,,,,1,true
常德林,常德林,majorDestination,常德林,,,,,,1,true
德昌園,德昌園,majorDestination,德昌園,,,,,,1,true
惠德園,惠德園,majorDestination,惠德園,,,,,,1,true
福德宮,福德宮,majorDestination,福德宮,,,,,,1,true
福德廟,福德廟,majorDestination,福德廟,,,,,,1,true
福德祠,福德祠,majorDestination,福德祠,,,,,,1,true
集德堂,集德堂,majorDestination,集德堂,,,,,,1,true
德星樓,德星樓,majorDestination,德星樓,,,,,,1,true
永德園,永德園,majorDestination,永德園,,,,,,1,true
明德園,明德園,majorDestination,明德園,,,,,,1,true
善德宮,善德宮,majorDestination,善德宮,,,,,,1,true
美德園,美德園,majorDestination,美德園,,,,,,1,true
香港善導會扶輪(樂富)宿舍,香港善導會扶輪(樂富)宿舍,majorDestination,香港善導會扶輪(樂富)宿舍,,,,,,1,true
循理會黃大仙耆樂會所 (東頭),循理會黃大仙耆樂會所 (東頭),majorDestination,循理會黃大仙耆樂會所 (東頭),,,,,,1,true
香港耀能協會樂同行家長支援服務,香港耀能協會樂同行家長支援服務,majorDestination,香港耀能協會樂同行家長支援服務,,,,,,1,true
鄰舍輔導會賽馬會樂富宿舍,鄰舍輔導會賽馬會樂富宿舍,majorDestination,鄰舍輔導會賽馬會樂富宿舍,,,,,,1,true
香港心理衞生會樂富宿舍,香港心理衞生會樂富宿舍,majorDestination,香港心理衞生會樂富宿舍,,,,,,1,true
孔嶺兒童遊樂場,孔嶺兒童遊樂場,majorDestination,孔嶺兒童遊樂場,,,,,,1,true
伸手助人協會匯豐銀行基金樂富護老院,伸手助人協會匯豐銀行基金樂富護老院,majorDestination,伸手助人協會匯豐銀行基金樂富護老院,,,,,,1,true
摩士公園四號公園,摩士公園四號公園,majorDestination,摩士公園四號公園,,,,,,1,true
簡頭圍遊樂場,簡頭圍遊樂場,majorDestination,簡頭圍遊樂場,,,,,,1,true
愉景灣海澄湖畔會所,愉景灣海澄湖畔會所,majorDestination,愉景灣海澄湖畔會所,,,,,,1,true
稔樹灣具考古研究價值的地點,稔樹灣具考古研究價值的地點,majorDestination,稔樹灣具考古研究價值的地點,,,,,,1,true
偉華園,偉華園,majorDestination,偉華園,,,,,,1,true
偉榮洋樓,偉榮洋樓,majorDestination,偉榮洋樓,,,,,,1,true
偉賢薈一座,偉賢薈一座,majorDestination,偉賢薈一座,,,,,,1,true
偉賢薈十座,偉賢薈十座,majorDestination,偉賢薈十座,,,,,,1,true
偉賢薈十一座,偉賢薈十一座,majorDestination,偉賢薈十一座,,,,,,1,true
偉賢薈十二座,偉賢薈十二座,majorDestination,偉賢薈十二座,,,,,,1,true
偉賢薈十五座,偉賢薈十五座,majorDestination,偉賢薈十五座,,,,,,1,true
偉賢薈十六座,偉賢薈十六座,majorDestination,偉賢薈十六座,,,,,,1,true
偉賢薈十七座,偉賢薈十七座,majorDestination,偉賢薈十七座,,,,,,1,true
偉賢薈十八座,偉賢薈十八座,majorDestination,偉賢薈十八座,,,,,,1,true
偉賢薈十九座,偉賢薈十九座,majorDestination,偉賢薈十九座,,,,,,1,true
偉賢薈二座,偉賢薈二座,majorDestination,偉賢薈二座,,,,,,1,true
偉賢薈二十座,偉賢薈二十座,majorDestination,偉賢薈二十座,,,,,,1,true
偉賢薈二十一座,偉賢薈二十一座,majorDestination,偉賢薈二十一座,,,,,,1,true
偉賢薈二十二座,偉賢薈二十二座,majorDestination,偉賢薈二十二座,,,,,,1,true
偉賢薈二十三座,偉賢薈二十三座,majorDestination,偉賢薈二十三座,,,,,,1,true
宏正樓,宏正樓,majorDestination,宏正樓,,,,,,1,true
宏文樓,宏文樓,majorDestination,宏文樓,,,,,,1,true
宏毅樓,宏毅樓,majorDestination,宏毅樓,,,,,,1,true
宏善樓,宏善樓,majorDestination,宏善樓,,,,,,1,true
宏心樓,宏心樓,majorDestination,宏心樓,,,,,,1,true
宏意樓,宏意樓,majorDestination,宏意樓,,,,,,1,true
宏勇樓,宏勇樓,majorDestination,宏勇樓,,,,,,1,true
宏明別墅,宏明別墅,majorDestination,宏明別墅,,,,,,1,true
屯門湖康母嬰健康院,屯門湖康母嬰健康院,majorDestination,屯門湖康母嬰健康院,,,,,,1,true
柴灣母嬰健康院,柴灣母嬰健康院,majorDestination,柴灣母嬰健康院,,,,,,1,true
長洲母嬰健康院,長洲母嬰健康院,majorDestination,長洲母嬰健康院,,,,,,1,true
觀塘母嬰健康院,觀塘母嬰健康院,majorDestination,觀塘母嬰健康院,,,,,,1,true
藍田母嬰健康院,藍田母嬰健康院,majorDestination,藍田母嬰健康院,,,,,,1,true
梅窩母嬰健康院,梅窩母嬰健康院,majorDestination,梅窩母嬰健康院,,,,,,1,true
青衣母嬰健康院,青衣母嬰健康院,majorDestination,青衣母嬰健康院,,,,,,1,true
荃灣母嬰健康院,荃灣母嬰健康院,majorDestination,荃灣母嬰健康院,,,,,,1,true
仁愛母嬰健康院,仁愛母嬰健康院,majorDestination,仁愛母嬰健康院,,,,,,1,true
粉嶺母嬰健康院,粉嶺母嬰健康院,majorDestination,粉嶺母嬰健康院,,,,,,1,true
北區母嬰健康院,北區母嬰健康院,majorDestination,北區母嬰健康院,,,,,,1,true
北葵涌母嬰健康院,北葵涌母嬰健康院,majorDestination,北葵涌母嬰健康院,,,,,,1,true
西灣河母嬰健康院,西灣河母嬰健康院,majorDestination,西灣河母嬰健康院,,,,,,1,true
王少清母嬰健康院,王少清母嬰健康院,majorDestination,王少清母嬰健康院,,,,,,1,true
瀝源母嬰健康院,瀝源母嬰健康院,majorDestination,瀝源母嬰健康院,,,,,,1,true
東涌母嬰健康院,東涌母嬰健康院,majorDestination,東涌母嬰健康院,,,,,,1,true
馬鞍山母嬰健康院,馬鞍山母嬰健康院,majorDestination,馬鞍山母嬰健康院,,,,,,1,true
天水圍母嬰健康院,天水圍母嬰健康院,majorDestination,天水圍母嬰健康院,,,,,,1,true
鴨脷洲母嬰健康院,鴨脷洲母嬰健康院,majorDestination,鴨脷洲母嬰健康院,,,,,,1,true
西營盤母嬰健康院,西營盤母嬰健康院,majorDestination,西營盤母嬰健康院,,,,,,1,true
南葵涌母嬰健康院,南葵涌母嬰健康院,majorDestination,南葵涌母嬰健康院,,,,,,1,true
鄧志昂母嬰健康院,鄧志昂母嬰健康院,majorDestination,鄧志昂母嬰健康院,,,,,,1,true
九龍城母嬰健康院,九龍城母嬰健康院,majorDestination,九龍城母嬰健康院,,,,,,1,true
元朗容鳳書母嬰健康院,元朗容鳳書母嬰健康院,majorDestination,元朗容鳳書母嬰健康院,,,,,,1,true
東九龍母嬰健康院,東九龍母嬰健康院,majorDestination,東九龍母嬰健康院,,,,,,1,true
雅緻園,雅緻園,majorDestination,雅緻園,,,,,,1,true
雅芳園,雅芳園,majorDestination,雅芳園,,,,,,1,true
碧雅亭,碧雅亭,majorDestination,碧雅亭,,,,,,1,true
雅田樓,雅田樓,majorDestination,雅田樓,,,,,,1,true
豪門,豪門,majorDestination,豪門,,,,,,1,true
豪景,豪景,majorDestination,豪景,,,,,,1,true
豪園18,豪園18,majorDestination,豪園18,,,,,,1,true
豪園19,豪園19,majorDestination,豪園19,,,,,,1,true
豪園20,豪園20,majorDestination,豪園20,,,,,,1,true
豪園21,豪園21,majorDestination,豪園21,,,,,,1,true
永豪園,永豪園,majorDestination,永豪園,,,,,,1,true
御·豪門,御·豪門,majorDestination,御·豪門,,,,,,1,true
豪峰嶺,豪峰嶺,majorDestination,豪峰嶺,,,,,,1,true
滙豪坊,滙豪坊,majorDestination,滙豪坊,,,,,,1,true
豪園1-2,豪園1-2,majorDestination,豪園1-2,,,,,,1,true
豪園11-12,豪園11-12,majorDestination,豪園11-12,,,,,,1,true
豪園14-17,豪園14-17,majorDestination,豪園14-17,,,,,,1,true
豪園22-25,豪園22-25,majorDestination,豪園22-25,,,,,,1,true
豪園3-6,豪園3-6,majorDestination,豪園3-6,,,,,,1,true
富臨門,富臨門,majorDestination,富臨門,,,,,,1,true
富力汽車維修有限公司,富力汽車維修有限公司,majorDestination,富力汽車維修有限公司,,,,,,1,true
樂富,樂富,majorDestination,樂富,,,,,,1,true
大富樓,大富樓,majorDestination,大富樓,,,,,,1,true
富成樓,富成樓,majorDestination,富成樓,,,,,,1,true
快富樓,快富樓,majorDestination,快富樓,,,,,,1,true
富有門,富有門,majorDestination,富有門,,,,,,1,true
富康園,富康園,majorDestination,富康園,,,,,,1,true
美美旅館,美美旅館,majorDestination,美美旅館,,,,,,1,true
美孚,美孚,majorDestination,美孚,,,,,,1,true
窩美,窩美,majorDestination,窩美,,,,,,1,true
美光園,美光園,majorDestination,美光園,,,,,,1,true
中美樓,中美樓,majorDestination,中美樓,,,,,,1,true
鳳美圍,鳳美圍,majorDestination,鳳美圍,,,,,,1,true
美基樓,美基樓,majorDestination,美基樓,,,,,,1,true
美致樓,美致樓,majorDestination,美致樓,,,,,,1,true
美全樓,美全樓,majorDestination,美全樓,,,,,,1,true
翠園,翠園,majorDestination,翠園,,,,,,1,true
翠巒,翠巒,majorDestination,翠巒,,,,,,1,true
翠谷,翠谷,majorDestination,翠谷,,,,,,1,true
翠巒一,翠巒一,majorDestination,翠巒一,,,,,,1,true
翠巒十一,翠巒十一,majorDestination,翠巒十一,,,,,,1,true
翠巒十二,翠巒十二,majorDestination,翠巒十二,,,,,,1,true
翠巒十五,翠巒十五,majorDestination,翠巒十五,,,,,,1,true
翠巒十六,翠巒十六,majorDestination,翠巒十六,,,,,,1,true
翠巒十七,翠巒十七,majorDestination,翠巒十七,,,,,,1,true
翠巒十八,翠巒十八,majorDestination,翠巒十八,,,,,,1,true
翠巒十九,翠巒十九,majorDestination,翠巒十九,,,,,,1,true
翠巒二,翠巒二,majorDestination,翠巒二,,,,,,1,true
翠巒二十,翠巒二十,majorDestination,翠巒二十,,,,,,1,true
翠巒二十一,翠巒二十一,majorDestination,翠巒二十一,,,,,,1,true
翠巒二十二,翠巒二十二,majorDestination,翠巒二十二,,,,,,1,true
翠巒二十三,翠巒二十三,majorDestination,翠巒二十三,,,,,,1,true
翠巒二十五,翠巒二十五,majorDestination,翠巒二十五,,,,,,1,true
翠巒二十六,翠巒二十六,majorDestination,翠巒二十六,,,,,,1,true
翠巒二十七,翠巒二十七,majorDestination,翠巒二十七,,,,,,1,true
翠巒二十八,翠巒二十八,majorDestination,翠巒二十八,,,,,,1,true
翠巒二十九,翠巒二十九,majorDestination,翠巒二十九,,,,,,1,true
翠巒三,翠巒三,majorDestination,翠巒三,,,,,,1,true
翠巒三十,翠巒三十,majorDestination,翠巒三十,,,,,,1,true
翠巒三十一,翠巒三十一,majorDestination,翠巒三十一,,,,,,1,true
翠巒三十二,翠巒三十二,majorDestination,翠巒三十二,,,,,,1,true
翠巒三十三,翠巒三十三,majorDestination,翠巒三十三,,,,,,1,true
翠巒三十五,翠巒三十五,majorDestination,翠巒三十五,,,,,,1,true
翠巒三十六,翠巒三十六,majorDestination,翠巒三十六,,,,,,1,true
翠巒三十七,翠巒三十七,majorDestination,翠巒三十七,,,,,,1,true
翠巒三十八,翠巒三十八,majorDestination,翠巒三十八,,,,,,1,true
翠巒三十九,翠巒三十九,majorDestination,翠巒三十九,,,,,,1,true
翠巒五,翠巒五,majorDestination,翠巒五,,,,,,1,true
翠巒五十,翠巒五十,majorDestination,翠巒五十,,,,,,1,true
翠巒五十一,翠巒五十一,majorDestination,翠巒五十一,,,,,,1,true
翠巒五十二,翠巒五十二,majorDestination,翠巒五十二,,,,,,1,true
翠巒五十三,翠巒五十三,majorDestination,翠巒五十三,,,,,,1,true
盈暉薈,盈暉薈,majorDestination,盈暉薈,,,,,,1,true
盈昌樓,盈昌樓,majorDestination,盈昌樓,,,,,,1,true
盈輝樓,盈輝樓,majorDestination,盈輝樓,,,,,,1,true
盈峰灣1號,盈峰灣1號,majorDestination,盈峰灣1號,,,,,,1,true
盈峰灣11號,盈峰灣11號,majorDestination,盈峰灣11號,,,,,,1,true
盈峰灣16號,盈峰灣16號,majorDestination,盈峰灣16號,,,,,,1,true
盈峰灣17號,盈峰灣17號,majorDestination,盈峰灣17號,,,,,,1,true
盈峰灣18號,盈峰灣18號,majorDestination,盈峰灣18號,,,,,,1,true
盈峰灣19號,盈峰灣19號,majorDestination,盈峰灣19號,,,,,,1,true
盈峰灣2號,盈峰灣2號,majorDestination,盈峰灣2號,,,,,,1,true
盈峰灣20號,盈峰灣20號,majorDestination,盈峰灣20號,,,,,,1,true
盈峰灣21號,盈峰灣21號,majorDestination,盈峰灣21號,,,,,,1,true
盈峰灣22號,盈峰灣22號,majorDestination,盈峰灣22號,,,,,,1,true
盈峰灣23號,盈峰灣23號,majorDestination,盈峰灣23號,,,,,,1,true
盈峰灣26號,盈峰灣26號,majorDestination,盈峰灣26號,,,,,,1,true
盈峰灣27號,盈峰灣27號,majorDestination,盈峰灣27號,,,,,,1,true
盈峰灣28號,盈峰灣28號,majorDestination,盈峰灣28號,,,,,,1,true
盈峰灣29號,盈峰灣29號,majorDestination,盈峰灣29號,,,,,,1,true
盈峰灣3號,盈峰灣3號,majorDestination,盈峰灣3號,,,,,,1,true
盈峰灣32號,盈峰灣32號,majorDestination,盈峰灣32號,,,,,,1,true
盈峰灣33號,盈峰灣33號,majorDestination,盈峰灣33號,,,,,,1,true
盈峰灣36號,盈峰灣36號,majorDestination,盈峰灣36號,,,,,,1,true
盈峰灣37號,盈峰灣37號,majorDestination,盈峰灣37號,,,,,,1,true
盈峰灣38號,盈峰灣38號,majorDestination,盈峰灣38號,,,,,,1,true
盈峰灣39號,盈峰灣39號,majorDestination,盈峰灣39號,,,,,,1,true
盈峰灣6號,盈峰灣6號,majorDestination,盈峰灣6號,,,,,,1,true
盈峰灣61號,盈峰灣61號,majorDestination,盈峰灣61號,,,,,,1,true
盈峰灣62號,盈峰灣62號,majorDestination,盈峰灣62號,,,,,,1,true
盈峰灣66號,盈峰灣66號,majorDestination,盈峰灣66號,,,,,,1,true
盈峰灣67號,盈峰灣67號,majorDestination,盈峰灣67號,,,,,,1,true
盈峰灣68號,盈峰灣68號,majorDestination,盈峰灣68號,,,,,,1,true
恆昌樓,恆昌樓,majorDestination,恆昌樓,,,,,,1,true
裕昌園,裕昌園,majorDestination,裕昌園,,,,,,1,true
鴻昌樓,鴻昌樓,majorDestination,鴻昌樓,,,,,,1,true
昌哲樓,昌哲樓,majorDestination,昌哲樓,,,,,,1,true
昌頌樓,昌頌樓,majorDestination,昌頌樓,,,,,,1,true
昌謙樓,昌謙樓,majorDestination,昌謙樓,,,,,,1,true
昌安樓,昌安樓,majorDestination,昌安樓,,,,,,1,true
昌遜樓,昌遜樓,majorDestination,昌遜樓,,,,,,1,true
昌逸樓,昌逸樓,majorDestination,昌逸樓,,,,,,1,true
昌賢樓,昌賢樓,majorDestination,昌賢樓,,,,,,1,true
萬昌樓,萬昌樓,majorDestination,萬昌樓,,,,,,1,true
南昌薈,南昌薈,majorDestination,南昌薈,,,,,,1,true
秀茂坪交通安全城,秀茂坪交通安全城,majorDestination,秀茂坪交通安全城,,,,,,1,true
東華三院賽馬會頤安護理安老院,東華三院賽馬會頤安護理安老院,majorDestination,東華三院賽馬會頤安護理安老院,,,,,,1,true
鳳溪護理安老院-安老部,鳳溪護理安老院-安老部,majorDestination,鳳溪護理安老院-安老部,,,,,,1,true
青松安老院,青松安老院,majorDestination,青松安老院,,,,,,1,true
嗇色園主辦可安護理安老院,嗇色園主辦可安護理安老院,majorDestination,嗇色園主辦可安護理安老院,,,,,,1,true
東華三院賽馬會頤康護理安老院,東華三院賽馬會頤康護理安老院,majorDestination,東華三院賽馬會頤康護理安老院,,,,,,1,true
東華三院賽馬會頤景護理安老院,東華三院賽馬會頤景護理安老院,majorDestination,東華三院賽馬會頤景護理安老院,,,,,,1,true
東華三院賽馬會頤樂護理安老院,東華三院賽馬會頤樂護理安老院,majorDestination,東華三院賽馬會頤樂護理安老院,,,,,,1,true
東華三院賽馬會頤泰護理安老院,東華三院賽馬會頤泰護理安老院,majorDestination,東華三院賽馬會頤泰護理安老院,,,,,,1,true
東華三院賽馬會頤養護理安老院,東華三院賽馬會頤養護理安老院,majorDestination,東華三院賽馬會頤養護理安老院,,,,,,1,true
圓玄安老院,圓玄安老院,majorDestination,圓玄安老院,,,,,,1,true
通善壇安老院,通善壇安老院,majorDestination,通善壇安老院,,,,,,1,true
香港盲人輔導會元朗盲人安老院,香港盲人輔導會元朗盲人安老院,majorDestination,香港盲人輔導會元朗盲人安老院,,,,,,1,true
明愛馮黃鳳亭安老院,明愛馮黃鳳亭安老院,majorDestination,明愛馮黃鳳亭安老院,,,,,,1,true
佛教東林安老院,佛教東林安老院,majorDestination,佛教東林安老院,,,,,,1,true
溫浩根護理安老院,溫浩根護理安老院,majorDestination,溫浩根護理安老院,,,,,,1,true
鍾錫熙長洲安老院,鍾錫熙長洲安老院,majorDestination,鍾錫熙長洲安老院,,,,,,1,true
圓玄護理安老院,圓玄護理安老院,majorDestination,圓玄護理安老院,,,,,,1,true
香港盲人輔導會白普理盲人護理安老院,香港盲人輔導會白普理盲人護理安老院,majorDestination,香港盲人輔導會白普理盲人護理安老院,,,,,,1,true
香港盲人輔導會賽馬會屯門盲人安老院,香港盲人輔導會賽馬會屯門盲人安老院,majorDestination,香港盲人輔導會賽馬會屯門盲人安老院,,,,,,1,true
竹林明堂護理安老院,竹林明堂護理安老院,majorDestination,竹林明堂護理安老院,,,,,,1,true
東華三院陳嫺安老院,東華三院陳嫺安老院,majorDestination,東華三院陳嫺安老院,,,,,,1,true
傅麗儀護理安老院,傅麗儀護理安老院,majorDestination,傅麗儀護理安老院,,,,,,1,true
東華三院方王換娣安老院,東華三院方王換娣安老院,majorDestination,東華三院方王換娣安老院,,,,,,1,true
東華三院寶鍾全英安老院,東華三院寶鍾全英安老院,majorDestination,東華三院寶鍾全英安老院,,,,,,1,true
明愛利孝和護理安老院,明愛利孝和護理安老院,majorDestination,明愛利孝和護理安老院,,,,,,1,true
明愛李嘉誠護理安老院,明愛李嘉誠護理安老院,majorDestination,明愛李嘉誠護理安老院,,,,,,1,true
東華三院許麗娟安老院,東華三院許麗娟安老院,majorDestination,東華三院許麗娟安老院,,,,,,1,true
東華三院何東安老院,東華三院何東安老院,majorDestination,東華三院何東安老院,,,,,,1,true
東華三院馬李示聘安老院,東華三院馬李示聘安老院,majorDestination,東華三院馬李示聘安老院,,,,,,1,true
耆康會啟業護理安老院,耆康會啟業護理安老院,majorDestination,耆康會啟業護理安老院,,,,,,1,true
鳳溪護理安老院 - 護理部,鳳溪護理安老院 - 護理部,majorDestination,鳳溪護理安老院 - 護理部,,,,,,1,true
東華三院莫黃鳳儀安老院,東華三院莫黃鳳儀安老院,majorDestination,東華三院莫黃鳳儀安老院,,,,,,1,true
仁愛堂田家炳護理安老院,仁愛堂田家炳護理安老院,majorDestination,仁愛堂田家炳護理安老院,,,,,,1,true
東華三院羅文壎安老院,東華三院羅文壎安老院,majorDestination,東華三院羅文壎安老院,,,,,,1,true
東華三院馬興秋安老院,東華三院馬興秋安老院,majorDestination,東華三院馬興秋安老院,,,,,,1,true
耆康會關泉護理安老院,耆康會關泉護理安老院,majorDestination,耆康會關泉護理安老院,,,,,,1,true
香港盲人輔導會九龍盲人安老院,香港盲人輔導會九龍盲人安老院,majorDestination,香港盲人輔導會九龍盲人安老院,,,,,,1,true
東華三院梁昌紀念安老院,東華三院梁昌紀念安老院,majorDestination,東華三院梁昌紀念安老院,,,,,,1,true
香海正覺蓮社佛教寶靜安老院,香海正覺蓮社佛教寶靜安老院,majorDestination,香海正覺蓮社佛教寶靜安老院,,,,,,1,true
東華三院方樹泉護理安老院,東華三院方樹泉護理安老院,majorDestination,東華三院方樹泉護理安老院,,,,,,1,true
盛薈,盛薈,majorDestination,盛薈,,,,,,1,true
盛世,盛世,majorDestination,盛世,,,,,,1,true
永盛園,永盛園,majorDestination,永盛園,,,,,,1,true
合盛圍,合盛圍,majorDestination,合盛圍,,,,,,1,true
葵盛圍,葵盛圍,majorDestination,葵盛圍,,,,,,1,true
榮江園,榮江園,majorDestination,榮江園,,,,,,1,true
榮茵樓,榮茵樓,majorDestination,榮茵樓,,,,,,1,true
德榮樓,德榮樓,majorDestination,德榮樓,,,,,,1,true
榮俊樓,榮俊樓,majorDestination,榮俊樓,,,,,,1,true
榮禧園,榮禧園,majorDestination,榮禧園,,,,,,1,true
榮傑樓,榮傑樓,majorDestination,榮傑樓,,,,,,1,true
喬峰,喬峰,majorDestination,喬峰,,,,,,1,true
峯景,峯景,majorDestination,峯景,,,,,,1,true
懿峯,懿峯,majorDestination,懿峯,,,,,,1,true
頤峰,頤峰,majorDestination,頤峰,,,,,,1,true
畔峰,畔峰,majorDestination,畔峰,,,,,,1,true
蘅峰,蘅峰,majorDestination,蘅峰,,,,,,1,true
翠峰,翠峰,majorDestination,翠峰,,,,,,1,true
翠峰1,翠峰1,majorDestination,翠峰1,,,,,,1,true
翠峰11,翠峰11,majorDestination,翠峰11,,,,,,1,true
翠峰12,翠峰12,majorDestination,翠峰12,,,,,,1,true
翠峰15,翠峰15,majorDestination,翠峰15,,,,,,1,true
翠峰16,翠峰16,majorDestination,翠峰16,,,,,,1,true
翠峰18,翠峰18,majorDestination,翠峰18,,,,,,1,true
翠峰2,翠峰2,majorDestination,翠峰2,,,,,,1,true
翠峰20,翠峰20,majorDestination,翠峰20,,,,,,1,true
翠峰21,翠峰21,majorDestination,翠峰21,,,,,,1,true
翠峰22,翠峰22,majorDestination,翠峰22,,,,,,1,true
翠峰23,翠峰23,majorDestination,翠峰23,,,,,,1,true
翠峰26,翠峰26,majorDestination,翠峰26,,,,,,1,true
翠峰28,翠峰28,majorDestination,翠峰28,,,,,,1,true
翠峰29,翠峰29,majorDestination,翠峰29,,,,,,1,true
翠峰3,翠峰3,majorDestination,翠峰3,,,,,,1,true
翠峰30,翠峰30,majorDestination,翠峰30,,,,,,1,true
翠峰31,翠峰31,majorDestination,翠峰31,,,,,,1,true
翠峰32,翠峰32,majorDestination,翠峰32,,,,,,1,true
翠峰33,翠峰33,majorDestination,翠峰33,,,,,,1,true
傲雲峰,傲雲峰,majorDestination,傲雲峰,,,,,,1,true
朗日峰,朗日峰,majorDestination,朗日峰,,,,,,1,true
景怡峰,景怡峰,majorDestination,景怡峰,,,,,,1,true
曉峰園,曉峰園,majorDestination,曉峰園,,,,,,1,true
傲凱峰,傲凱峰,majorDestination,傲凱峰,,,,,,1,true
翰林峰,翰林峰,majorDestination,翰林峰,,,,,,1,true
松峰園,松峰園,majorDestination,松峰園,,,,,,1,true
朗峰園,朗峰園,majorDestination,朗峰園,,,,,,1,true
綠在寨城,綠在寨城,majorDestination,綠在寨城,,,,,,1,true
汽車城,汽車城,majorDestination,汽車城,,,,,,1,true
車迷城有限公司,車迷城有限公司,majorDestination,車迷城有限公司,,,,,,1,true
食城,食城,majorDestination,食城,,,,,,1,true
繽紛購物城,繽紛購物城,majorDestination,繽紛購物城,,,,,,1,true
香港聖公會九龍城家庭支援網絡隊,香港聖公會九龍城家庭支援網絡隊,majorDestination,香港聖公會九龍城家庭支援網絡隊,,,,,,1,true
牛池灣公園,牛池灣公園,majorDestination,牛池灣公園,,,,,,1,true
鴨脷洲海濱長廊(寵物公園),鴨脷洲海濱長廊(寵物公園),majorDestination,鴨脷洲海濱長廊(寵物公園),,,,,,1,true
赤柱海濱長廊,赤柱海濱長廊,majorDestination,赤柱海濱長廊,,,,,,1,true
茶果嶺海濱公園,茶果嶺海濱公園,majorDestination,茶果嶺海濱公園,,,,,,1,true
港鐵康樂會,港鐵康樂會,majorDestination,港鐵康樂會,,,,,,1,true
鯉魚門公園,鯉魚門公園,majorDestination,鯉魚門公園,,,,,,1,true
鯉魚門公園 - 第十座,鯉魚門公園 - 第十座,majorDestination,鯉魚門公園 - 第十座,,,,,,1,true
鯉魚門公園 - 第二十座,鯉魚門公園 - 第二十座,majorDestination,鯉魚門公園 - 第二十座,,,,,,1,true
美國會所,美國會所,majorDestination,美國會所,,,,,,1,true
廣楊樓,廣楊樓,majorDestination,廣楊樓,,,,,,1,true
廣榕樓,廣榕樓,majorDestination,廣榕樓,,,,,,1,true
廣柏樓,廣柏樓,majorDestination,廣柏樓,,,,,,1,true
廣棉樓,廣棉樓,majorDestination,廣棉樓,,,,,,1,true
廣橡樓,廣橡樓,majorDestination,廣橡樓,,,,,,1,true
廣松樓,廣松樓,majorDestination,廣松樓,,,,,,1,true
廣智樓,廣智樓,majorDestination,廣智樓,,,,,,1,true
廣福橋,廣福橋,majorDestination,廣福橋,,,,,,1,true
廣禮樓,廣禮樓,majorDestination,廣禮樓,,,,,,1,true
廣平樓,廣平樓,majorDestination,廣平樓,,,,,,1,true
廣崇樓,廣崇樓,majorDestination,廣崇樓,,,,,,1,true
廣惠樓,廣惠樓,majorDestination,廣惠樓,,,,,,1,true
廣仁樓,廣仁樓,majorDestination,廣仁樓,,,,,,1,true
廣祐樓,廣祐樓,majorDestination,廣祐樓,,,,,,1,true
廣義樓,廣義樓,majorDestination,廣義樓,,,,,,1,true
廣蔭樓,廣蔭樓,majorDestination,廣蔭樓,,,,,,1,true
北區運動場,北區運動場,majorDestination,北區運動場,,,,,,1,true
朗廈,朗廈,majorDestination,朗廈,,,,,,1,true
廈門灣,廈門灣,majorDestination,廈門灣,,,,,,1,true
廈門樓,廈門樓,majorDestination,廈門樓,,,,,,1,true
百佳旅店,百佳旅店,majorDestination,百佳旅店,,,,,,1,true
大埔旅店,大埔旅店,majorDestination,大埔旅店,,,,,,1,true
荃旅店1,荃旅店1,majorDestination,荃旅店1,,,,,,1,true
荃旅店2,荃旅店2,majorDestination,荃旅店2,,,,,,1,true
荃旅店 3,荃旅店 3,majorDestination,荃旅店 3,,,,,,1,true
星星旅店,星星旅店,majorDestination,星星旅店,,,,,,1,true
鴻運旅店,鴻運旅店,majorDestination,鴻運旅店,,,,,,1,true
裕華旅店,裕華旅店,majorDestination,裕華旅店,,,,,,1,true
中港旅店,中港旅店,majorDestination,中港旅店,,,,,,1,true
先創旅店,先創旅店,majorDestination,先創旅店,,,,,,1,true
金龍旅店,金龍旅店,majorDestination,金龍旅店,,,,,,1,true
如一旅店,如一旅店,majorDestination,如一旅店,,,,,,1,true
早安旅店,早安旅店,majorDestination,早安旅店,,,,,,1,true
健齒牙醫醫務所,健齒牙醫醫務所,majorDestination,健齒牙醫醫務所,,,,,,1,true
張達良牙醫醫務所,張達良牙醫醫務所,majorDestination,張達良牙醫醫務所,,,,,,1,true
鄭寕民醫生醫務所,鄭寕民醫生醫務所,majorDestination,鄭寕民醫生醫務所,,,,,,1,true
伍兆佳醫生醫務所,伍兆佳醫生醫務所,majorDestination,伍兆佳醫生醫務所,,,,,,1,true
黃國田醫生醫務所,黃國田醫生醫務所,majorDestination,黃國田醫生醫務所,,,,,,1,true
孔祥堅醫生醫務所,孔祥堅醫生醫務所,majorDestination,孔祥堅醫生醫務所,,,,,,1,true
馬承恩醫生醫務所,馬承恩醫生醫務所,majorDestination,馬承恩醫生醫務所,,,,,,1,true
吳婉慧牙科醫生醫務所,吳婉慧牙科醫生醫務所,majorDestination,吳婉慧牙科醫生醫務所,,,,,,1,true
沙頭角公共圖書館,沙頭角公共圖書館,majorDestination,沙頭角公共圖書館,,,,,,1,true
打鼓嶺 (流動圖書館五),打鼓嶺 (流動圖書館五),majorDestination,打鼓嶺 (流動圖書館五),,,,,,1,true
赤柱公共圖書館,赤柱公共圖書館,majorDestination,赤柱公共圖書館,,,,,,1,true
新田(流動圖書館三),新田(流動圖書館三),majorDestination,新田(流動圖書館三),,,,,,1,true
橫洲(流動圖書館三),橫洲(流動圖書館三),majorDestination,橫洲(流動圖書館三),,,,,,1,true
柴灣公共圖書館,柴灣公共圖書館,majorDestination,柴灣公共圖書館,,,,,,1,true
粉嶺南公共圖書館,粉嶺南公共圖書館,majorDestination,粉嶺南公共圖書館,,,,,,1,true
洪水橋(流動圖書館十),洪水橋(流動圖書館十),majorDestination,洪水橋(流動圖書館十),,,,,,1,true
長洲公共圖書館,長洲公共圖書館,majorDestination,長洲公共圖書館,,,,,,1,true
坪洲公共圖書館,坪洲公共圖書館,majorDestination,坪洲公共圖書館,,,,,,1,true
小西灣公共圖書館,小西灣公共圖書館,majorDestination,小西灣公共圖書館,,,,,,1,true
藍田公共圖書館,藍田公共圖書館,majorDestination,藍田公共圖書館,,,,,,1,true
梅窩公共圖書館,梅窩公共圖書館,majorDestination,梅窩公共圖書館,,,,,,1,true
大興公共圖書館,大興公共圖書館,majorDestination,大興公共圖書館,,,,,,1,true
大埔公共圖書館,大埔公共圖書館,majorDestination,大埔公共圖書館,,,,,,1,true
耀東公共圖書館,耀東公共圖書館,majorDestination,耀東公共圖書館,,,,,,1,true
紅磡公共圖書館,紅磡公共圖書館,majorDestination,紅磡公共圖書館,,,,,,1,true
馬灣(流動圖書館一),馬灣(流動圖書館一),majorDestination,馬灣(流動圖書館一),,,,,,1,true
貝澳(流動圖書館四),貝澳(流動圖書館四),majorDestination,貝澳(流動圖書館四),,,,,,1,true
秀茂坪公共圖書館,秀茂坪公共圖書館,majorDestination,秀茂坪公共圖書館,,,,,,1,true
石塘咀公共圖書館,石塘咀公共圖書館,majorDestination,石塘咀公共圖書館,,,,,,1,true
水口(流動圖書館四),水口(流動圖書館四),majorDestination,水口(流動圖書館四),,,,,,1,true
塘福(流動圖書館四),塘福(流動圖書館四),majorDestination,塘福(流動圖書館四),,,,,,1,true
圓洲角公共圖書館,圓洲角公共圖書館,majorDestination,圓洲角公共圖書館,,,,,,1,true
石澳泳灘(流動圖書館六),石澳泳灘(流動圖書館六),majorDestination,石澳泳灘(流動圖書館六),,,,,,1,true
黃泥涌公共圖書館,黃泥涌公共圖書館,majorDestination,黃泥涌公共圖書館,,,,,,1,true
富山公共圖書館,富山公共圖書館,majorDestination,富山公共圖書館,,,,,,1,true
勞資關係科-觀塘,勞資關係科-觀塘,majorDestination,勞資關係科-觀塘,,,,,,1,true
勞資關係科-荃灣,勞資關係科-荃灣,majorDestination,勞資關係科-荃灣,,,,,,1,true
勞資關係科-屯門,勞資關係科-屯門,majorDestination,勞資關係科-屯門,,,,,,1,true
勞資關係科-西港島,勞資關係科-西港島,majorDestination,勞資關係科-西港島,,,,,,1,true
扶康會毅誠工場,扶康會毅誠工場,majorDestination,扶康會毅誠工場,,,,,,1,true
聖雅各福群會賽馬會力行工場+伍威權彩虹工作室,聖雅各福群會賽馬會力行工場+伍威權彩虹工作室,majorDestination,聖雅各福群會賽馬會力行工場+伍威權彩虹工作室,,,,,,1,true
勞資關係科-東港島,勞資關係科-東港島,majorDestination,勞資關係科-東港島,,,,,,1,true
勞資關係科-葵涌,勞資關係科-葵涌,majorDestination,勞資關係科-葵涌,,,,,,1,true
勞資關係科-沙田及大埔,勞資關係科-沙田及大埔,majorDestination,勞資關係科-沙田及大埔,,,,,,1,true
匡智賽馬會廣福工場,匡智賽馬會廣福工場,majorDestination,匡智賽馬會廣福工場,,,,,,1,true
保良局八八觀塘工場,保良局八八觀塘工場,majorDestination,保良局八八觀塘工場,,,,,,1,true
香港耀能協會禾輋工場,香港耀能協會禾輋工場,majorDestination,香港耀能協會禾輋工場,,,,,,1,true
香港耀能協會愛睿工場,香港耀能協會愛睿工場,majorDestination,香港耀能協會愛睿工場,,,,,,1,true
香港耀能協會賽馬會柴灣工場,香港耀能協會賽馬會柴灣工場,majorDestination,香港耀能協會賽馬會柴灣工場,,,,,,1,true
匡智會賽馬會匡智小西灣工場,匡智會賽馬會匡智小西灣工場,majorDestination,匡智會賽馬會匡智小西灣工場,,,,,,1,true
香港心理衞生會觀塘工場,香港心理衞生會觀塘工場,majorDestination,香港心理衞生會觀塘工場,,,,,,1,true
勞資關係科-西九龍,勞資關係科-西九龍,majorDestination,勞資關係科-西九龍,,,,,,1,true
基督教懷智服務處賀屏工場,基督教懷智服務處賀屏工場,majorDestination,基督教懷智服務處賀屏工場,,,,,,1,true
香港耀能協會天耀工場,香港耀能協會天耀工場,majorDestination,香港耀能協會天耀工場,,,,,,1,true
香港中華基督教青年會盛愛之家庇護工場,香港中華基督教青年會盛愛之家庇護工場,majorDestination,香港中華基督教青年會盛愛之家庇護工場,,,,,,1,true
勞資關係科-東九龍,勞資關係科-東九龍,majorDestination,勞資關係科-東九龍,,,,,,1,true
香港耀能協會白普理德田工場,香港耀能協會白普理德田工場,majorDestination,香港耀能協會白普理德田工場,,,,,,1,true
香港明愛明愛賽馬會樂健工場,香港明愛明愛賽馬會樂健工場,majorDestination,香港明愛明愛賽馬會樂健工場,,,,,,1,true
香港盲人輔導會盲人工廠,香港盲人輔導會盲人工廠,majorDestination,香港盲人輔導會盲人工廠,,,,,,1,true
香港明愛樂行工場,香港明愛樂行工場,majorDestination,香港明愛樂行工場,,,,,,1,true
匡智會馬頭角工場,匡智會馬頭角工場,majorDestination,匡智會馬頭角工場,,,,,,1,true
保良局永隆銀行金禧庇護工場及宿舍,保良局永隆銀行金禧庇護工場及宿舍,majorDestination,保良局永隆銀行金禧庇護工場及宿舍,,,,,,1,true
扶康會賽馬會石圍角工場,扶康會賽馬會石圍角工場,majorDestination,扶康會賽馬會石圍角工場,,,,,,1,true
保良局余堯燊紀念工場,保良局余堯燊紀念工場,majorDestination,保良局余堯燊紀念工場,,,,,,1,true
匡智會賽馬會匡智新翠工場,匡智會賽馬會匡智新翠工場,majorDestination,匡智會賽馬會匡智新翠工場,,,,,,1,true
新生精神康復會葵盛庇護工場,新生精神康復會葵盛庇護工場,majorDestination,新生精神康復會葵盛庇護工場,,,,,,1,true
東華三院何玉清工場,東華三院何玉清工場,majorDestination,東華三院何玉清工場,,,,,,1,true
勞資關係科-南九龍,勞資關係科-南九龍,majorDestination,勞資關係科-南九龍,,,,,,1,true
香港中華基督教青年會必愛之家-庇護工場,香港中華基督教青年會必愛之家-庇護工場,majorDestination,香港中華基督教青年會必愛之家-庇護工場,,,,,,1,true
基督教懷智服務處元州工場,基督教懷智服務處元州工場,majorDestination,基督教懷智服務處元州工場,,,,,,1,true
香港單車館公園,香港單車館公園,majorDestination,香港單車館公園,,,,,,1,true
香港心理衞生會立人坊,香港心理衞生會立人坊,majorDestination,香港心理衞生會立人坊,,,,,,1,true
香港心理衛生會 - 賽馬會協創坊,香港心理衛生會 - 賽馬會協創坊,majorDestination,香港心理衛生會 - 賽馬會協創坊,,,,,,1,true
民眾安全服務隊圓墩訓練營,民眾安全服務隊圓墩訓練營,majorDestination,民眾安全服務隊圓墩訓練營,,,,,,1,true
維港滙I第2座,維港滙I第2座,majorDestination,維港滙I第2座,,,,,,1,true
維港滙I第5座,維港滙I第5座,majorDestination,維港滙I第5座,,,,,,1,true
維港滙I第3座(3A),維港滙I第3座(3A),majorDestination,維港滙I第3座(3A),,,,,,1,true
維港滙I第3座(3B),維港滙I第3座(3B),majorDestination,維港滙I第3座(3B),,,,,,1,true
KOKOHILLSPHASE1第二座,KOKOHILLSPHASE1第二座,majorDestination,KOKOHILLSPHASE1第二座,,,,,,1,true
KOKOHILLSPHASE1第三座,KOKOHILLSPHASE1第三座,majorDestination,KOKOHILLSPHASE1第三座,,,,,,1,true
第1A座,第1A座,majorDestination,第1A座,,,,,,1,true
第1B座,第1B座,majorDestination,第1B座,,,,,,1,true
第2A座,第2A座,majorDestination,第2A座,,,,,,1,true
第2B座,第2B座,majorDestination,第2B座,,,,,,1,true
第1期 第10座,第1期 第10座,majorDestination,第1期 第10座,,,,,,1,true
第1期 第2座,第1期 第2座,majorDestination,第1期 第2座,,,,,,1,true
第1期 第3座,第1期 第3座,majorDestination,第1期 第3座,,,,,,1,true
第1期 第5座,第1期 第5座,majorDestination,第1期 第5座,,,,,,1,true
第1期 第6座,第1期 第6座,majorDestination,第1期 第6座,,,,,,1,true
第1期 第7座,第1期 第7座,majorDestination,第1期 第7座,,,,,,1,true
第1期 第8座,第1期 第8座,majorDestination,第1期 第8座,,,,,,1,true
第1期 第9座,第1期 第9座,majorDestination,第1期 第9座,,,,,,1,true
名城第一座,名城第一座,majorDestination,名城第一座,,,,,,1,true
名城第二座,名城第二座,majorDestination,名城第二座,,,,,,1,true
名城第三座,名城第三座,majorDestination,名城第三座,,,,,,1,true
名城第五座,名城第五座,majorDestination,名城第五座,,,,,,1,true
創紀之城一期第一座,創紀之城一期第一座,majorDestination,創紀之城一期第一座,,,,,,1,true
創紀之城一期第二座,創紀之城一期第二座,majorDestination,創紀之城一期第二座,,,,,,1,true
"首都, 日出康城1期","首都, 日出康城1期",majorDestination,"首都, 日出康城1期",,,,,,1,true
維港滙II第5座,維港滙II第5座,majorDestination,維港滙II第5座,,,,,,1,true
朗濤第5座,朗濤第5座,majorDestination,朗濤第5座,,,,,,1,true
第5A座,第5A座,majorDestination,第5A座,,,,,,1,true
第5B座,第5B座,majorDestination,第5B座,,,,,,1,true
泓碧第5座,泓碧第5座,majorDestination,泓碧第5座,,,,,,1,true
星堤第5座,星堤第5座,majorDestination,星堤第5座,,,,,,1,true
碧堤半島第五座,碧堤半島第五座,majorDestination,碧堤半島第五座,,,,,,1,true
嘉匯第5座,嘉匯第5座,majorDestination,嘉匯第5座,,,,,,1,true
南灣第五座,南灣第五座,majorDestination,南灣第五座,,,,,,1,true
都會駅第五座,都會駅第五座,majorDestination,都會駅第五座,,,,,,1,true
凱和山第5座,凱和山第5座,majorDestination,凱和山第5座,,,,,,1,true
都會駅第十座,都會駅第十座,majorDestination,都會駅第十座,,,,,,1,true
海日灣II第10座,海日灣II第10座,majorDestination,海日灣II第10座,,,,,,1,true
山水盈第10座,山水盈第10座,majorDestination,山水盈第10座,,,,,,1,true
鹿茵山莊第10座,鹿茵山莊第10座,majorDestination,鹿茵山莊第10座,,,,,,1,true
維港灣第十座,維港灣第十座,majorDestination,維港灣第十座,,,,,,1,true
海逸豪園第十座,海逸豪園第十座,majorDestination,海逸豪園第十座,,,,,,1,true
皓畋第十座,皓畋第十座,majorDestination,皓畋第十座,,,,,,1,true
首譽10座,首譽10座,majorDestination,首譽10座,,,,,,1,true
海之戀第10座,海之戀第10座,majorDestination,海之戀第10座,,,,,,1,true
維景灣畔10座,維景灣畔10座,majorDestination,維景灣畔10座,,,,,,1,true
溱柏第十座,溱柏第十座,majorDestination,溱柏第十座,,,,,,1,true
天賦海灣第10座,天賦海灣第10座,majorDestination,天賦海灣第10座,,,,,,1,true
溋玥·天賦海灣１０座,溋玥·天賦海灣１０座,majorDestination,溋玥·天賦海灣１０座,,,,,,1,true
雲滙第10座,雲滙第10座,majorDestination,雲滙第10座,,,,,,1,true
滿庭10座,滿庭10座,majorDestination,滿庭10座,,,,,,1,true
御龍山第十座,御龍山第十座,majorDestination,御龍山第十座,,,,,,1,true
尚悅第十座,尚悅第十座,majorDestination,尚悅第十座,,,,,,1,true
天鑽第十座,天鑽第十座,majorDestination,天鑽第十座,,,,,,1,true
名庭第10座,名庭第10座,majorDestination,名庭第10座,,,,,,1,true
溱林第10座,溱林第10座,majorDestination,溱林第10座,,,,,,1,true
盈翠半島第十座,盈翠半島第十座,majorDestination,盈翠半島第十座,,,,,,1,true
林海山城第十座,林海山城第十座,majorDestination,林海山城第十座,,,,,,1,true
柏景灣第十座,柏景灣第十座,majorDestination,柏景灣第十座,,,,,,1,true
御豪山莊第十座,御豪山莊第十座,majorDestination,御豪山莊第十座,,,,,,1,true
采葉庭10座,采葉庭10座,majorDestination,采葉庭10座,,,,,,1,true
海鑽·天賦海灣第１０座,海鑽·天賦海灣第１０座,majorDestination,海鑽·天賦海灣第１０座,,,,,,1,true
Wetland Seasons Park第10座,Wetland Seasons Park第10座,majorDestination,Wetland Seasons Park第10座,,,,,,1,true
石籬(一)停車場 (別稱),石籬(一)停車場 (別稱),majorDestination,石籬(一)停車場 (別稱),,,,,,1,true
伴月樓,伴月樓,majorDestination,伴月樓,,,,,,1,true
舟逸樓,舟逸樓,majorDestination,舟逸樓,,,,,,1,true
卓華樓,卓華樓,majorDestination,卓華樓,,,,,,1,true
長波樓,長波樓,majorDestination,長波樓,,,,,,1,true
紫霄樓,紫霄樓,majorDestination,紫霄樓,,,,,,1,true
至逸樓,至逸樓,majorDestination,至逸樓,,,,,,1,true
清逸樓,清逸樓,majorDestination,清逸樓,,,,,,1,true
飛鳳樓,飛鳳樓,majorDestination,飛鳳樓,,,,,,1,true
福逸樓,福逸樓,majorDestination,福逸樓,,,,,,1,true
清泉樓,清泉樓,majorDestination,清泉樓,,,,,,1,true
竹泉樓,竹泉樓,majorDestination,竹泉樓,,,,,,1,true
喜泉樓,喜泉樓,majorDestination,喜泉樓,,,,,,1,true
河泉樓,河泉樓,majorDestination,河泉樓,,,,,,1,true
林泉樓,林泉樓,majorDestination,林泉樓,,,,,,1,true
嶺泉樓,嶺泉樓,majorDestination,嶺泉樓,,,,,,1,true
樂泉樓,樂泉樓,majorDestination,樂泉樓,,,,,,1,true
朗泉樓,朗泉樓,majorDestination,朗泉樓,,,,,,1,true
茂泉樓,茂泉樓,majorDestination,茂泉樓,,,,,,1,true
明泉樓,明泉樓,majorDestination,明泉樓,,,,,,1,true
山泉樓,山泉樓,majorDestination,山泉樓,,,,,,1,true
城泉樓,城泉樓,majorDestination,城泉樓,,,,,,1,true
修泉樓,修泉樓,majorDestination,修泉樓,,,,,,1,true
崇泉樓,崇泉樓,majorDestination,崇泉樓,,,,,,1,true
峻泉樓,峻泉樓,majorDestination,峻泉樓,,,,,,1,true
欣泉樓,欣泉樓,majorDestination,欣泉樓,,,,,,1,true
映泉樓,映泉樓,majorDestination,映泉樓,,,,,,1,true
月泉樓,月泉樓,majorDestination,月泉樓,,,,,,1,true
香港聖公會福利協會新念坊,香港聖公會福利協會新念坊,majorDestination,香港聖公會福利協會新念坊,,,,,,1,true
李恩李鋈麟父子樂活熙庭,李恩李鋈麟父子樂活熙庭,majorDestination,李恩李鋈麟父子樂活熙庭,,,,,,1,true
東華三院李恩李鋈麟父子樂活熙庭,東華三院李恩李鋈麟父子樂活熙庭,majorDestination,東華三院李恩李鋈麟父子樂活熙庭,,,,,,1,true
匡智水泉澳之家 (一),匡智水泉澳之家 (一),majorDestination,匡智水泉澳之家 (一),,,,,,1,true
匡智水泉澳之家 (二),匡智水泉澳之家 (二),majorDestination,匡智水泉澳之家 (二),,,,,,1,true
嘉頤薈,嘉頤薈,majorDestination,嘉頤薈,,,,,,1,true
惠康超級市場-水泉澳,惠康超級市場-水泉澳,majorDestination,惠康超級市場-水泉澳,,,,,,1,true
已登記的WiFi 熱點: Hong Kong Telecommunications (HKT) Limited (APID 06682),已登記的WiFi 熱點: Hong Kong Telecommunications (HKT) Limited (APID 06682),majorDestination,已登記的WiFi 熱點: Hong Kong Telecommunications (HKT) Limited (APID 06682),,,,,,1,true
新德園5座,新德園5座,majorDestination,新德園5座,,,,,,1,true
麗平樓 (別稱),麗平樓 (別稱),majorDestination,麗平樓 (別稱),,,,,,1,true
新德園10座,新德園10座,majorDestination,新德園10座,,,,,,1,true
洋紫荊園,洋紫荊園,majorDestination,洋紫荊園,,,,,,1,true
品蘭園,品蘭園,majorDestination,品蘭園,,,,,,1,true
玉泉園藝,玉泉園藝,majorDestination,玉泉園藝,,,,,,1,true
港暉園,港暉園,majorDestination,港暉園,,,,,,1,true
港威豪園,港威豪園,majorDestination,港威豪園,,,,,,1,true
春曉園,春曉園,majorDestination,春曉園,,,,,,1,true
爵園,爵園,majorDestination,爵園,,,,,,1,true
精緻園,精緻園,majorDestination,精緻園,,,,,,1,true
翠錦園,翠錦園,majorDestination,翠錦園,,,,,,1,true
惠園,惠園,majorDestination,惠園,,,,,,1,true
翠華園,翠華園,majorDestination,翠華園,,,,,,1,true
榕翠園,榕翠園,majorDestination,榕翠園,,,,,,1,true
慶典,慶典,majorDestination,慶典,,,,,,1,true
御翠園1,御翠園1,majorDestination,御翠園1,,,,,,1,true
愛蝶灣第一座,愛蝶灣第一座,majorDestination,愛蝶灣第一座,,,,,,1,true
冠峰園1座,冠峰園1座,majorDestination,冠峰園1座,,,,,,1,true
怡景園第1座,怡景園第1座,majorDestination,怡景園第1座,,,,,,1,true
慧景園第1座,慧景園第1座,majorDestination,慧景園第1座,,,,,,1,true
御翠園5,御翠園5,majorDestination,御翠園5,,,,,,1,true
愛蝶灣第五座,愛蝶灣第五座,majorDestination,愛蝶灣第五座,,,,,,1,true
冠峰園5座,冠峰園5座,majorDestination,冠峰園5座,,,,,,1,true
華慧園第5座,華慧園第5座,majorDestination,華慧園第5座,,,,,,1,true
豐景園第五座,豐景園第五座,majorDestination,豐景園第五座,,,,,,1,true
愛蝶灣第十座,愛蝶灣第十座,majorDestination,愛蝶灣第十座,,,,,,1,true
華慧園第10座,華慧園第10座,majorDestination,華慧園第10座,,,,,,1,true
愉翠園10座,愉翠園10座,majorDestination,愉翠園10座,,,,,,1,true
玉桂園第10座,玉桂園第10座,majorDestination,玉桂園第10座,,,,,,1,true
已登記的WiFi 熱點: 滙港電訊有限公司 (APID 02092),已登記的WiFi 熱點: 滙港電訊有限公司 (APID 02092),majorDestination,已登記的WiFi 熱點: 滙港電訊有限公司 (APID 02092),,,,,,1,true
已登記的WiFi 熱點: 滙港電訊有限公司 (APID 02093),已登記的WiFi 熱點: 滙港電訊有限公司 (APID 02093),majorDestination,已登記的WiFi 熱點: 滙港電訊有限公司 (APID 02093),,,,,,1,true
已登記的WiFi 熱點: 環球全域電訊有限公司 (APID 00261),已登記的WiFi 熱點: 環球全域電訊有限公司 (APID 00261),majorDestination,已登記的WiFi 熱點: 環球全域電訊有限公司 (APID 00261),,,,,,1,true
已登記的WiFi 熱點: 香港寬頻網絡有限公司 (APID 03979),已登記的WiFi 熱點: 香港寬頻網絡有限公司 (APID 03979),majorDestination,已登記的WiFi 熱點: 香港寬頻網絡有限公司 (APID 03979),,,,,,1,true
已登記的WiFi 熱點: 香港寬頻網絡有限公司 (APID 03978),已登記的WiFi 熱點: 香港寬頻網絡有限公司 (APID 03978),majorDestination,已登記的WiFi 熱點: 香港寬頻網絡有限公司 (APID 03978),,,,,,1,true
已登記的WiFi 熱點: 香港寬頻網絡有限公司 (APID 03977),已登記的WiFi 熱點: 香港寬頻網絡有限公司 (APID 03977),majorDestination,已登記的WiFi 熱點: 香港寬頻網絡有限公司 (APID 03977),,,,,,1,true
已登記的WiFi 熱點: Y5ZONE Limited (APID 08632),已登記的WiFi 熱點: Y5ZONE Limited (APID 08632),majorDestination,已登記的WiFi 熱點: Y5ZONE Limited (APID 08632),,,,,,1,true
香港青年協會 uTouch網上青年外展服務,香港青年協會 uTouch網上青年外展服務,majorDestination,香港青年協會 uTouch網上青年外展服務,,,,,,1,true
已登記的WiFi 熱點: Y5ZONE Limited (APID 08549),已登記的WiFi 熱點: Y5ZONE Limited (APID 08549),majorDestination,已登記的WiFi 熱點: Y5ZONE Limited (APID 08549),,,,,,1,true
已登記的WiFi 熱點: 環球全域電訊有限公司 (APID 01333),已登記的WiFi 熱點: 環球全域電訊有限公司 (APID 01333),majorDestination,已登記的WiFi 熱點: 環球全域電訊有限公司 (APID 01333),,,,,,1,true
已登記的WiFi 熱點: Y5ZONE Limited (APID 08548),已登記的WiFi 熱點: Y5ZONE Limited (APID 08548),majorDestination,已登記的WiFi 熱點: Y5ZONE Limited (APID 08548),,,,,,1,true
水泉澳停車場,水泉澳停車場,majorDestination,水泉澳停車場,,,,,,1,true
惠康超級市場-水泉澳 2,惠康超級市場-水泉澳 2,majorDestination,惠康超級市場-水泉澳 2,,,,,,1,true
東海中西藥房有限公司,東海中西藥房有限公司,majorDestination,東海中西藥房有限公司,,,,,,1,true
編號682郵箱,編號682郵箱,majorDestination,編號682郵箱,,,,,,1,true
7-11便利店-沙田,7-11便利店-沙田,majorDestination,7-11便利店-沙田,,,,,,1,true
AEON將軍澳店-超級市場,AEON將軍澳店-超級市場,majorDestination,AEON將軍澳店-超級市場,,,,,,1,true
編號711郵箱,編號711郵箱,majorDestination,編號711郵箱,,,,,,1,true
已登記的WiFi 熱點: 香港寬頻網絡有限公司 (APID 04291),已登記的WiFi 熱點: 香港寬頻網絡有限公司 (APID 04291),majorDestination,已登記的WiFi 熱點: 香港寬頻網絡有限公司 (APID 04291),,,,,,1,true
已登記的WiFi 熱點: 香港寬頻網絡有限公司 (APID 04264),已登記的WiFi 熱點: 香港寬頻網絡有限公司 (APID 04264),majorDestination,已登記的WiFi 熱點: 香港寬頻網絡有限公司 (APID 04264),,,,,,1,true
已登記的WiFi 熱點: Y5ZONE Limited (APID 08798),已登記的WiFi 熱點: Y5ZONE Limited (APID 08798),majorDestination,已登記的WiFi 熱點: Y5ZONE Limited (APID 08798),,,,,,1,true
FUSION 麗港城,FUSION 麗港城,majorDestination,FUSION 麗港城,,,,,,1,true
惠康超級市場-中華,惠康超級市場-中華,majorDestination,惠康超級市場-中華,,,,,,1,true
惠康超級市場-萬金,惠康超級市場-萬金,majorDestination,惠康超級市場-萬金,,,,,,1,true
明愛賽馬會赤柱青少年綜合服務,明愛賽馬會赤柱青少年綜合服務,majorDestination,明愛賽馬會赤柱青少年綜合服務,,,,,,1,true
香港明愛明愛賽馬會赤柱青少年綜合服務,香港明愛明愛賽馬會赤柱青少年綜合服務,majorDestination,香港明愛明愛賽馬會赤柱青少年綜合服務,,,,,,1,true
香港明愛 明愛賽馬會赤柱青少年綜合服務 深宵青少年服務「南極星計劃」,香港明愛 明愛賽馬會赤柱青少年綜合服務 深宵青少年服務「南極星計劃」,majorDestination,香港明愛 明愛賽馬會赤柱青少年綜合服務 深宵青少年服務「南極星計劃」,,,,,,1,true
宏達汽車服務,宏達汽車服務,majorDestination,宏達汽車服務,,,,,,1,true
坤偉投資公司,坤偉投資公司,majorDestination,坤偉投資公司,,,,,,1,true
萬邦行,萬邦行,majorDestination,萬邦行,,,,,,1,true
新穎護理服務有限公司,新穎護理服務有限公司,majorDestination,新穎護理服務有限公司,,,,,,1,true
小西灣一期停車場,小西灣一期停車場,majorDestination,小西灣一期停車場,,,,,,1,true
小西灣三期停車場,小西灣三期停車場,majorDestination,小西灣三期停車場,,,,,,1,true
香港外展治療及護理服務有限公司,香港外展治療及護理服務有限公司,majorDestination,香港外展治療及護理服務有限公司,,,,,,1,true
本灣市場,本灣市場,majorDestination,本灣市場,,,,,,1,true
區域監護事務處(新界),區域監護事務處(新界),majorDestination,區域監護事務處(新界),,,,,,1,true
救世軍學前教育駐校社會工作服務(西荃灣隊),救世軍學前教育駐校社會工作服務(西荃灣隊),majorDestination,救世軍學前教育駐校社會工作服務(西荃灣隊),,,,,,1,true
7-11便利店-太子,7-11便利店-太子,majorDestination,7-11便利店-太子,,,,,,1,true
嘉華參茸中西大藥房有限公司,嘉華參茸中西大藥房有限公司,majorDestination,嘉華參茸中西大藥房有限公司,,,,,,1,true
梁根培醫生醫務所,梁根培醫生醫務所,majorDestination,梁根培醫生醫務所,,,,,,1,true
Wi-Fi.HK 熱點位置: 中銀香港 - 沙田分行,Wi-Fi.HK 熱點位置: 中銀香港 - 沙田分行,majorDestination,Wi-Fi.HK 熱點位置: 中銀香港 - 沙田分行,,,,,,1,true
卓康醫務所,卓康醫務所,majorDestination,卓康醫務所,,,,,,1,true
張允傑醫生,張允傑醫生,majorDestination,張允傑醫生,,,,,,1,true
黃郁權醫生,黃郁權醫生,majorDestination,黃郁權醫生,,,,,,1,true
唯港薈有限公司,唯港薈有限公司,majorDestination,唯港薈有限公司,,,,,,1,true
唯港薈,唯港薈,majorDestination,唯港薈,,,,,,1,true
香港紫亭,香港紫亭,majorDestination,香港紫亭,,,,,,1,true
香港今旅,香港今旅,majorDestination,香港今旅,,,,,,1,true
藍澄會,藍澄會,majorDestination,藍澄會,,,,,,1,true
陶庭,陶庭,majorDestination,陶庭,,,,,,1,true
KPM PHARMACY O/B KPM HEALTH LIMITED,KPM PHARMACY O/B KPM HEALTH LIMITED,majorDestination,KPM PHARMACY O/B KPM HEALTH LIMITED,,,,,,1,true
已登記的WiFi 熱點: 滙港電訊有限公司 (APID 02057),已登記的WiFi 熱點: 滙港電訊有限公司 (APID 02057),majorDestination,已登記的WiFi 熱點: 滙港電訊有限公司 (APID 02057),,,,,,1,true
CATERING STUDIES DINING SOCIETY,CATERING STUDIES DINING SOCIETY,majorDestination,CATERING STUDIES DINING SOCIETY,,,,,,1,true
順德同鄉會,順德同鄉會,majorDestination,順德同鄉會,,,,,,1,true
便以利會長洲堂,便以利會長洲堂,majorDestination,便以利會長洲堂,,,,,,1,true
康銀小築,康銀小築,majorDestination,康銀小築,,,,,,1,true
貝璐樓,貝璐樓,majorDestination,貝璐樓,,,,,,1,true
科學樓,科學樓,majorDestination,科學樓,,,,,,1,true
中國神學研究院,中國神學研究院,majorDestination,中國神學研究院,,,,,,1,true
童弦-學前單位社會工作服務隊(油尖旺),童弦-學前單位社會工作服務隊(油尖旺),majorDestination,童弦-學前單位社會工作服務隊(油尖旺),,,,,,1,true
東華三院香港鑪峯獅子會幼兒園,東華三院香港鑪峯獅子會幼兒園,majorDestination,東華三院香港鑪峯獅子會幼兒園,,,,,,1,true
東華三院香港鑪峯獅子會幼兒園 (K564141A),東華三院香港鑪峯獅子會幼兒園 (K564141A),majorDestination,東華三院香港鑪峯獅子會幼兒園 (K564141A),,,,,,1,true
泓景匯,泓景匯,majorDestination,泓景匯,,,,,,1,true
形點I,形點I,majorDestination,形點I,,,,,,1,true
形點II,形點II,majorDestination,形點II,,,,,,1,true
碧堤坊智郵寄,碧堤坊智郵寄,majorDestination,碧堤坊智郵寄,,,,,,1,true
又一堂,又一堂,majorDestination,又一堂,,,,,,1,true
薈高,薈高,majorDestination,薈高,,,,,,1,true
啟德零售館1,啟德零售館1,majorDestination,啟德零售館1,,,,,,1,true
啟德零售館2,啟德零售館2,majorDestination,啟德零售館2,,,,,,1,true
啟德零售館3,啟德零售館3,majorDestination,啟德零售館3,,,,,,1,true
已登記的WiFi 熱點: 環球全域電訊有限公司 (APID 00893),已登記的WiFi 熱點: 環球全域電訊有限公司 (APID 00893),majorDestination,已登記的WiFi 熱點: 環球全域電訊有限公司 (APID 00893),,,,,,1,true
"形點 I (A, B區)","形點 I (A, B區)",majorDestination,"形點 I (A, B區)",,,,,,1,true
"形點 I (C, D區)","形點 I (C, D區)",majorDestination,"形點 I (C, D區)",,,,,,1,true
龍豐,龍豐,majorDestination,龍豐,,,,,,1,true
回收機構及收集點： 形點I,回收機構及收集點： 形點I,majorDestination,回收機構及收集點： 形點I,,,,,,1,true
香港基督教女青年會賽馬會龍翔綜合社會服務處,香港基督教女青年會賽馬會龍翔綜合社會服務處,majorDestination,香港基督教女青年會賽馬會龍翔綜合社會服務處,,,,,,1,true
一田超級市場-元朗,一田超級市場-元朗,majorDestination,一田超級市場-元朗,,,,,,1,true
一田超級市場-大埔,一田超級市場-大埔,majorDestination,一田超級市場-大埔,,,,,,1,true
Wi-Fi.HK 熱點位置: 形點 I,Wi-Fi.HK 熱點位置: 形點 I,majorDestination,Wi-Fi.HK 熱點位置: 形點 I,,,,,,1,true
PALACE ifc,PALACE ifc,majorDestination,PALACE ifc,,,,,,1,true
AEON STYLE啟德-超級市場,AEON STYLE啟德-超級市場,majorDestination,AEON STYLE啟德-超級市場,,,,,,1,true
松本清,松本清,majorDestination,松本清,,,,,,1,true
Wi-Fi.HK 熱點位置: 麥當勞 - 天一商城,Wi-Fi.HK 熱點位置: 麥當勞 - 天一商城,majorDestination,Wi-Fi.HK 熱點位置: 麥當勞 - 天一商城,,,,,,1,true
Wi-Fi.HK 熱點位置: 形點 I - 停車場,Wi-Fi.HK 熱點位置: 形點 I - 停車場,majorDestination,Wi-Fi.HK 熱點位置: 形點 I - 停車場,,,,,,1,true
Wi-Fi.HK 熱點位置: 裕民薈,Wi-Fi.HK 熱點位置: 裕民薈,majorDestination,Wi-Fi.HK 熱點位置: 裕民薈,,,,,,1,true
康健天地,康健天地,majorDestination,康健天地,,,,,,1,true
漢興中西大藥房有限公司,漢興中西大藥房有限公司,majorDestination,漢興中西大藥房有限公司,,,,,,1,true
回收機構及收集點： 香港小童群益會,回收機構及收集點： 香港小童群益會,majorDestination,回收機構及收集點： 香港小童群益會,,,,,,1,true
已登記的WiFi 熱點: Y5ZONE Limited (APID 08129),已登記的WiFi 熱點: Y5ZONE Limited (APID 08129),majorDestination,已登記的WiFi 熱點: Y5ZONE Limited (APID 08129),,,,,,1,true
已登記的WiFi 熱點: Y5ZONE Limited (APID 08669),已登記的WiFi 熱點: Y5ZONE Limited (APID 08669),majorDestination,已登記的WiFi 熱點: Y5ZONE Limited (APID 08669),,,,,,1,true
已登記的WiFi 熱點: Y5ZONE Limited (APID 08275),已登記的WiFi 熱點: Y5ZONE Limited (APID 08275),majorDestination,已登記的WiFi 熱點: Y5ZONE Limited (APID 08275),,,,,,1,true
已登記的WiFi 熱點: Y5ZONE Limited (APID 08777),已登記的WiFi 熱點: Y5ZONE Limited (APID 08777),majorDestination,已登記的WiFi 熱點: Y5ZONE Limited (APID 08777),,,,,,1,true
已登記的WiFi 熱點: Y5ZONE Limited (APID 08249),已登記的WiFi 熱點: Y5ZONE Limited (APID 08249),majorDestination,已登記的WiFi 熱點: Y5ZONE Limited (APID 08249),,,,,,1,true
已登記的WiFi 熱點: 香港寬頻網絡有限公司 (APID 03667),已登記的WiFi 熱點: 香港寬頻網絡有限公司 (APID 03667),majorDestination,已登記的WiFi 熱點: 香港寬頻網絡有限公司 (APID 03667),,,,,,1,true
已登記的WiFi 熱點: Y5ZONE Limited (APID 08530),已登記的WiFi 熱點: Y5ZONE Limited (APID 08530),majorDestination,已登記的WiFi 熱點: Y5ZONE Limited (APID 08530),,,,,,1,true
已登記的WiFi 熱點: 環球全域電訊有限公司 (APID 01862),已登記的WiFi 熱點: 環球全域電訊有限公司 (APID 01862),majorDestination,已登記的WiFi 熱點: 環球全域電訊有限公司 (APID 01862),,,,,,1,true
已登記的WiFi 熱點: 環球全域電訊有限公司 (APID 01953),已登記的WiFi 熱點: 環球全域電訊有限公司 (APID 01953),majorDestination,已登記的WiFi 熱點: 環球全域電訊有限公司 (APID 01953),,,,,,1,true
已登記的WiFi 熱點: Y5ZONE Limited (APID 08719),已登記的WiFi 熱點: Y5ZONE Limited (APID 08719),majorDestination,已登記的WiFi 熱點: Y5ZONE Limited (APID 08719),,,,,,1,true
已登記的WiFi 熱點: Y5ZONE Limited (APID 08757),已登記的WiFi 熱點: Y5ZONE Limited (APID 08757),majorDestination,已登記的WiFi 熱點: Y5ZONE Limited (APID 08757),,,,,,1,true
已登記的WiFi 熱點: 香港寬頻網絡有限公司 (APID 03668),已登記的WiFi 熱點: 香港寬頻網絡有限公司 (APID 03668),majorDestination,已登記的WiFi 熱點: 香港寬頻網絡有限公司 (APID 03668),,,,,,1,true
已登記的WiFi 熱點: Y5ZONE Limited (APID 08737),已登記的WiFi 熱點: Y5ZONE Limited (APID 08737),majorDestination,已登記的WiFi 熱點: Y5ZONE Limited (APID 08737),,,,,,1,true
已登記的WiFi 熱點: Y5ZONE Limited (APID 08720),已登記的WiFi 熱點: Y5ZONE Limited (APID 08720),majorDestination,已登記的WiFi 熱點: Y5ZONE Limited (APID 08720),,,,,,1,true
已登記的WiFi 熱點: Y5ZONE Limited (APID 08721),已登記的WiFi 熱點: Y5ZONE Limited (APID 08721),majorDestination,已登記的WiFi 熱點: Y5ZONE Limited (APID 08721),,,,,,1,true
已登記的WiFi 熱點: Y5ZONE Limited (APID 08722),已登記的WiFi 熱點: Y5ZONE Limited (APID 08722),majorDestination,已登記的WiFi 熱點: Y5ZONE Limited (APID 08722),,,,,,1,true
已登記的WiFi 熱點: Y5ZONE Limited (APID 08723),已登記的WiFi 熱點: Y5ZONE Limited (APID 08723),majorDestination,已登記的WiFi 熱點: Y5ZONE Limited (APID 08723),,,,,,1,true
已登記的WiFi 熱點: Y5ZONE Limited (APID 08752),已登記的WiFi 熱點: Y5ZONE Limited (APID 08752),majorDestination,已登記的WiFi 熱點: Y5ZONE Limited (APID 08752),,,,,,1,true
已登記的WiFi 熱點: Y5ZONE Limited (APID 08523),已登記的WiFi 熱點: Y5ZONE Limited (APID 08523),majorDestination,已登記的WiFi 熱點: Y5ZONE Limited (APID 08523),,,,,,1,true
已登記的WiFi 熱點: 香港寬頻網絡有限公司 (APID 03336),已登記的WiFi 熱點: 香港寬頻網絡有限公司 (APID 03336),majorDestination,已登記的WiFi 熱點: 香港寬頻網絡有限公司 (APID 03336),,,,,,1,true
已登記的WiFi 熱點: Y5ZONE Limited (APID 08724),已登記的WiFi 熱點: Y5ZONE Limited (APID 08724),majorDestination,已登記的WiFi 熱點: Y5ZONE Limited (APID 08724),,,,,,1,true
已登記的WiFi 熱點: Y5ZONE Limited (APID 08725),已登記的WiFi 熱點: Y5ZONE Limited (APID 08725),majorDestination,已登記的WiFi 熱點: Y5ZONE Limited (APID 08725),,,,,,1,true
已登記的WiFi 熱點: Y5ZONE Limited (APID 08271),已登記的WiFi 熱點: Y5ZONE Limited (APID 08271),majorDestination,已登記的WiFi 熱點: Y5ZONE Limited (APID 08271),,,,,,1,true
已登記的WiFi 熱點: Y5ZONE Limited (APID 08699),已登記的WiFi 熱點: Y5ZONE Limited (APID 08699),majorDestination,已登記的WiFi 熱點: Y5ZONE Limited (APID 08699),,,,,,1,true
已登記的WiFi 熱點: Y5ZONE Limited (APID 08114),已登記的WiFi 熱點: Y5ZONE Limited (APID 08114),majorDestination,已登記的WiFi 熱點: Y5ZONE Limited (APID 08114),,,,,,1,true
已登記的WiFi 熱點: 香港寬頻網絡有限公司 (APID 02755),已登記的WiFi 熱點: 香港寬頻網絡有限公司 (APID 02755),majorDestination,已登記的WiFi 熱點: 香港寬頻網絡有限公司 (APID 02755),,,,,,1,true
已登記的WiFi 熱點: Y5ZONE Limited (APID 08782),已登記的WiFi 熱點: Y5ZONE Limited (APID 08782),majorDestination,已登記的WiFi 熱點: Y5ZONE Limited (APID 08782),,,,,,1,true
已登記的WiFi 熱點: Y5ZONE Limited (APID 08361),已登記的WiFi 熱點: Y5ZONE Limited (APID 08361),majorDestination,已登記的WiFi 熱點: Y5ZONE Limited (APID 08361),,,,,,1,true
已登記的WiFi 熱點: Y5ZONE Limited (APID 08502),已登記的WiFi 熱點: Y5ZONE Limited (APID 08502),majorDestination,已登記的WiFi 熱點: Y5ZONE Limited (APID 08502),,,,,,1,true
已登記的WiFi 熱點: Y5ZONE Limited (APID 08273),已登記的WiFi 熱點: Y5ZONE Limited (APID 08273),majorDestination,已登記的WiFi 熱點: Y5ZONE Limited (APID 08273),,,,,,1,true
Wi-Fi.HK 熱點位置: 屈臣氏,Wi-Fi.HK 熱點位置: 屈臣氏,majorDestination,Wi-Fi.HK 熱點位置: 屈臣氏,,,,,,1,true
Wi-Fi.HK 熱點位置: 百佳,Wi-Fi.HK 熱點位置: 百佳,majorDestination,Wi-Fi.HK 熱點位置: 百佳,,,,,,1,true
大埔超級城B區,大埔超級城B區,majorDestination,大埔超級城B區,,,,,,1,true
大埔超級城C區,大埔超級城C區,majorDestination,大埔超級城C區,,,,,,1,true
大埔超級城D區,大埔超級城D區,majorDestination,大埔超級城D區,,,,,,1,true
大埔超級城E區,大埔超級城E區,majorDestination,大埔超級城E區,,,,,,1,true
回收機構及收集點： 大埔超級城,回收機構及收集點： 大埔超級城,majorDestination,回收機構及收集點： 大埔超級城,,,,,,1,true
慈康專業服務有限公司,慈康專業服務有限公司,majorDestination,慈康專業服務有限公司,,,,,,1,true
黃大仙及西貢區福利辦事處,黃大仙及西貢區福利辦事處,majorDestination,黃大仙及西貢區福利辦事處,,,,,,1,true
Wi-Fi.HK 熱點位置: 大埔超級城,Wi-Fi.HK 熱點位置: 大埔超級城,majorDestination,Wi-Fi.HK 熱點位置: 大埔超級城,,,,,,1,true
Vango-黃大仙南館,Vango-黃大仙南館,majorDestination,Vango-黃大仙南館,,,,,,1,true
銓豐大藥房有限公司,銓豐大藥房有限公司,majorDestination,銓豐大藥房有限公司,,,,,,1,true
惠康超級市場-新葵興,惠康超級市場-新葵興,majorDestination,惠康超級市場-新葵興,,,,,,1,true
回收機構及收集點： 豐澤,回收機構及收集點： 豐澤,majorDestination,回收機構及收集點： 豐澤,,,,,,1,true
已登記的WiFi 熱點: 香港寬頻網絡有限公司 (APID 03130),已登記的WiFi 熱點: 香港寬頻網絡有限公司 (APID 03130),majorDestination,已登記的WiFi 熱點: 香港寬頻網絡有限公司 (APID 03130),,,,,,1,true
已登記的WiFi 熱點: 香港寬頻網絡有限公司 (APID 03131),已登記的WiFi 熱點: 香港寬頻網絡有限公司 (APID 03131),majorDestination,已登記的WiFi 熱點: 香港寬頻網絡有限公司 (APID 03131),,,,,,1,true
已登記的WiFi 熱點: 香港寬頻網絡有限公司 (APID 03709),已登記的WiFi 熱點: 香港寬頻網絡有限公司 (APID 03709),majorDestination,已登記的WiFi 熱點: 香港寬頻網絡有限公司 (APID 03709),,,,,,1,true
已登記的WiFi 熱點: 環球全域電訊有限公司 (APID 01875),已登記的WiFi 熱點: 環球全域電訊有限公司 (APID 01875),majorDestination,已登記的WiFi 熱點: 環球全域電訊有限公司 (APID 01875),,,,,,1,true
已登記的WiFi 熱點: 環球全域電訊有限公司 (APID 01281),已登記的WiFi 熱點: 環球全域電訊有限公司 (APID 01281),majorDestination,已登記的WiFi 熱點: 環球全域電訊有限公司 (APID 01281),,,,,,1,true
已登記的WiFi 熱點: 環球全域電訊有限公司 (APID 01287),已登記的WiFi 熱點: 環球全域電訊有限公司 (APID 01287),majorDestination,已登記的WiFi 熱點: 環球全域電訊有限公司 (APID 01287),,,,,,1,true
已登記的WiFi 熱點: 環球全域電訊有限公司 (APID 01288),已登記的WiFi 熱點: 環球全域電訊有限公司 (APID 01288),majorDestination,已登記的WiFi 熱點: 環球全域電訊有限公司 (APID 01288),,,,,,1,true
已登記的WiFi 熱點: 環球全域電訊有限公司 (APID 01289),已登記的WiFi 熱點: 環球全域電訊有限公司 (APID 01289),majorDestination,已登記的WiFi 熱點: 環球全域電訊有限公司 (APID 01289),,,,,,1,true
已登記的WiFi 熱點: 環球全域電訊有限公司 (APID 01859),已登記的WiFi 熱點: 環球全域電訊有限公司 (APID 01859),majorDestination,已登記的WiFi 熱點: 環球全域電訊有限公司 (APID 01859),,,,,,1,true
已登記的WiFi 熱點: 環球全域電訊有限公司 (APID 01112),已登記的WiFi 熱點: 環球全域電訊有限公司 (APID 01112),majorDestination,已登記的WiFi 熱點: 環球全域電訊有限公司 (APID 01112),,,,,,1,true
已登記的WiFi 熱點: Sunevision Super E-Network Limited (APID 07698),已登記的WiFi 熱點: Sunevision Super E-Network Limited (APID 07698),majorDestination,已登記的WiFi 熱點: Sunevision Super E-Network Limited (APID 07698),,,,,,1,true
已登記的WiFi 熱點: Hong Kong Telecommunications (HKT) Limited (APID 06019),已登記的WiFi 熱點: Hong Kong Telecommunications (HKT) Limited (APID 06019),majorDestination,已登記的WiFi 熱點: Hong Kong Telecommunications (HKT) Limited (APID 06019),,,,,,1,true
已登記的WiFi 熱點: Hong Kong Telecommunications (HKT) Limited (APID 05965),已登記的WiFi 熱點: Hong Kong Telecommunications (HKT) Limited (APID 05965),majorDestination,已登記的WiFi 熱點: Hong Kong Telecommunications (HKT) Limited (APID 05965),,,,,,1,true
已登記的WiFi 熱點: 香港寬頻網絡有限公司 (APID 02744),已登記的WiFi 熱點: 香港寬頻網絡有限公司 (APID 02744),majorDestination,已登記的WiFi 熱點: 香港寬頻網絡有限公司 (APID 02744),,,,,,1,true
Wi-Fi.HK 熱點位置: 社會福利署,Wi-Fi.HK 熱點位置: 社會福利署,majorDestination,Wi-Fi.HK 熱點位置: 社會福利署,,,,,,1,true
已登記的WiFi 熱點: 香港寬頻網絡有限公司 (APID 02745),已登記的WiFi 熱點: 香港寬頻網絡有限公司 (APID 02745),majorDestination,已登記的WiFi 熱點: 香港寬頻網絡有限公司 (APID 02745),,,,,,1,true
已登記的WiFi 熱點: 環球全域電訊有限公司 (APID 00494),已登記的WiFi 熱點: 環球全域電訊有限公司 (APID 00494),majorDestination,已登記的WiFi 熱點: 環球全域電訊有限公司 (APID 00494),,,,,,1,true
愛秩序樓,愛秩序樓,majorDestination,愛秩序樓,,,,,,1,true
瑧頤,瑧頤,majorDestination,瑧頤,,,,,,1,true
紫荊樓,紫荊樓,majorDestination,紫荊樓,,,,,,1,true
尚善樓,尚善樓,majorDestination,尚善樓,,,,,,1,true
布立頓樓,布立頓樓,majorDestination,布立頓樓,,,,,,1,true
天順樓,天順樓,majorDestination,天順樓,,,,,,1,true
會所,會所,majorDestination,會所,,,,,,1,true
方濟會院,方濟會院,majorDestination,方濟會院,,,,,,1,true
香港禮賓府,香港禮賓府,majorDestination,香港禮賓府,,,,,,1,true
樂景樓,樂景樓,majorDestination,樂景樓,,,,,,1,true
三軍司令官邸,三軍司令官邸,majorDestination,三軍司令官邸,,,,,,1,true
第三座,第三座,majorDestination,第三座,,,,,,1,true
燈塔,燈塔,majorDestination,燈塔,,,,,,1,true
愛月樓,愛月樓,majorDestination,愛月樓,,,,,,1,true
已登記的WiFi 熱點: 香港寬頻網絡有限公司 (APID 03249),已登記的WiFi 熱點: 香港寬頻網絡有限公司 (APID 03249),majorDestination,已登記的WiFi 熱點: 香港寬頻網絡有限公司 (APID 03249),,,,,,1,true
已登記的WiFi 熱點: Hong Kong Telecommunications (HKT) Limited (APID 05554),已登記的WiFi 熱點: Hong Kong Telecommunications (HKT) Limited (APID 05554),majorDestination,已登記的WiFi 熱點: Hong Kong Telecommunications (HKT) Limited (APID 05554),,,,,,1,true
已登記的WiFi 熱點: Y5ZONE Limited (APID 08312),已登記的WiFi 熱點: Y5ZONE Limited (APID 08312),majorDestination,已登記的WiFi 熱點: Y5ZONE Limited (APID 08312),,,,,,1,true
已登記的WiFi 熱點: Y5ZONE Limited (APID 08313),已登記的WiFi 熱點: Y5ZONE Limited (APID 08313),majorDestination,已登記的WiFi 熱點: Y5ZONE Limited (APID 08313),,,,,,1,true
編號103郵箱,編號103郵箱,majorDestination,編號103郵箱,,,,,,1,true
已登記的WiFi 熱點: 香港寬頻網絡有限公司 (APID 03395),已登記的WiFi 熱點: 香港寬頻網絡有限公司 (APID 03395),majorDestination,已登記的WiFi 熱點: 香港寬頻網絡有限公司 (APID 03395),,,,,,1,true
已登記的WiFi 熱點: Hong Kong Telecommunications (HKT) Limited (APID 05718),已登記的WiFi 熱點: Hong Kong Telecommunications (HKT) Limited (APID 05718),majorDestination,已登記的WiFi 熱點: Hong Kong Telecommunications (HKT) Limited (APID 05718),,,,,,1,true
盛庭LIVING (前稱),盛庭LIVING (前稱),majorDestination,盛庭LIVING (前稱),,,,,,1,true
南天第1號獨立屋,南天第1號獨立屋,majorDestination,南天第1號獨立屋,,,,,,1,true
嘉慧園I座,嘉慧園I座,majorDestination,嘉慧園I座,,,,,,1,true
首譽1座,首譽1座,majorDestination,首譽1座,,,,,,1,true
紫荊樓(第一期),紫荊樓(第一期),majorDestination,紫荊樓(第一期),,,,,,1,true
瑧蓺,瑧蓺,majorDestination,瑧蓺,,,,,,1,true
福心樓,福心樓,majorDestination,福心樓,,,,,,1,true
控制室,控制室,majorDestination,控制室,,,,,,1,true
I座,I座,majorDestination,I座,,,,,,1,true
蘇杭樓,蘇杭樓,majorDestination,蘇杭樓,,,,,,1,true
首譽,首譽,majorDestination,首譽,,,,,,1,true
維達樓,維達樓,majorDestination,維達樓,,,,,,1,true
嘉麗園第1座,嘉麗園第1座,majorDestination,嘉麗園第1座,,,,,,1,true
嘉慧園,嘉慧園,majorDestination,嘉慧園,,,,,,1,true
明月樓,明月樓,majorDestination,明月樓,,,,,,1,true
首譽5座,首譽5座,majorDestination,首譽5座,,,,,,1,true
必發樓,必發樓,majorDestination,必發樓,,,,,,1,true
贊善樓,贊善樓,majorDestination,贊善樓,,,,,,1,true
和豐樓,和豐樓,majorDestination,和豐樓,,,,,,1,true
嘉麗園第5座,嘉麗園第5座,majorDestination,嘉麗園第5座,,,,,,1,true
泓碧獨立屋5號,泓碧獨立屋5號,majorDestination,泓碧獨立屋5號,,,,,,1,true
鳳棲樓,鳳棲樓,majorDestination,鳳棲樓,,,,,,1,true
戈林第五座,戈林第五座,majorDestination,戈林第五座,,,,,,1,true
紅萼樓,紅萼樓,majorDestination,紅萼樓,,,,,,1,true
意峰5號洋房,意峰5號洋房,majorDestination,意峰5號洋房,,,,,,1,true
傑文樓,傑文樓,majorDestination,傑文樓,,,,,,1,true
民利樓,民利樓,majorDestination,民利樓,,,,,,1,true
美笙樓,美笙樓,majorDestination,美笙樓,,,,,,1,true
美盛樓,美盛樓,majorDestination,美盛樓,,,,,,1,true
美翠樓,美翠樓,majorDestination,美翠樓,,,,,,1,true
美益樓,美益樓,majorDestination,美益樓,,,,,,1,true
美賢樓,美賢樓,majorDestination,美賢樓,,,,,,1,true
明宙樓,明宙樓,majorDestination,明宙樓,,,,,,1,true
凱和山5號洋房,凱和山5號洋房,majorDestination,凱和山5號洋房,,,,,,1,true
海日樓第5座,海日樓第5座,majorDestination,海日樓第5座,,,,,,1,true
丹鳳樓,丹鳳樓,majorDestination,丹鳳樓,,,,,,1,true
嘉麗園第10座,嘉麗園第10座,majorDestination,嘉麗園第10座,,,,,,1,true
泓碧獨立屋10號,泓碧獨立屋10號,majorDestination,泓碧獨立屋10號,,,,,,1,true
福翠樓,福翠樓,majorDestination,福翠樓,,,,,,1,true
意峰10號洋房,意峰10號洋房,majorDestination,意峰10號洋房,,,,,,1,true
明日樓,明日樓,majorDestination,明日樓,,,,,,1,true
凱和山10號洋房,凱和山10號洋房,majorDestination,凱和山10號洋房,,,,,,1,true
愛暉樓,愛暉樓,majorDestination,愛暉樓,,,,,,1,true
海日樓第10座,海日樓第10座,majorDestination,海日樓第10座,,,,,,1,true
石富樓,石富樓,majorDestination,石富樓,,,,,,1,true
石泰樓,石泰樓,majorDestination,石泰樓,,,,,,1,true
華景樓,華景樓,majorDestination,華景樓,,,,,,1,true
運亨樓,運亨樓,majorDestination,運亨樓,,,,,,1,true
運臨樓,運臨樓,majorDestination,運臨樓,,,,,,1,true
運來樓,運來樓,majorDestination,運來樓,,,,,,1,true
嘉寧樓,嘉寧樓,majorDestination,嘉寧樓,,,,,,1,true
寶德樓,寶德樓,majorDestination,寶德樓,,,,,,1,true
和善樓,和善樓,majorDestination,和善樓,,,,,,1,true
7-11便利店-九龍灣,7-11便利店-九龍灣,majorDestination,7-11便利店-九龍灣,,,,,,1,true
已登記的WiFi 熱點: Y5ZONE Limited (APID 08596),已登記的WiFi 熱點: Y5ZONE Limited (APID 08596),majorDestination,已登記的WiFi 熱點: Y5ZONE Limited (APID 08596),,,,,,1,true
已登記的WiFi 熱點: 香港寬頻網絡有限公司 (APID 03870),已登記的WiFi 熱點: 香港寬頻網絡有限公司 (APID 03870),majorDestination,已登記的WiFi 熱點: 香港寬頻網絡有限公司 (APID 03870),,,,,,1,true
已登記的WiFi 熱點: 環球全域電訊有限公司 (APID 01438),已登記的WiFi 熱點: 環球全域電訊有限公司 (APID 01438),majorDestination,已登記的WiFi 熱點: 環球全域電訊有限公司 (APID 01438),,,,,,1,true
已登記的WiFi 熱點: 香港寬頻網絡有限公司 (APID 03873),已登記的WiFi 熱點: 香港寬頻網絡有限公司 (APID 03873),majorDestination,已登記的WiFi 熱點: 香港寬頻網絡有限公司 (APID 03873),,,,,,1,true
已登記的WiFi 熱點: 香港寬頻網絡有限公司 (APID 03872),已登記的WiFi 熱點: 香港寬頻網絡有限公司 (APID 03872),majorDestination,已登記的WiFi 熱點: 香港寬頻網絡有限公司 (APID 03872),,,,,,1,true
已登記的WiFi 熱點: Hong Kong Telecommunications (HKT) Limited (APID 06238),已登記的WiFi 熱點: Hong Kong Telecommunications (HKT) Limited (APID 06238),majorDestination,已登記的WiFi 熱點: Hong Kong Telecommunications (HKT) Limited (APID 06238),,,,,,1,true
已登記的WiFi 熱點: 香港寬頻網絡有限公司 (APID 03871),已登記的WiFi 熱點: 香港寬頻網絡有限公司 (APID 03871),majorDestination,已登記的WiFi 熱點: 香港寬頻網絡有限公司 (APID 03871),,,,,,1,true
已登記的WiFi 熱點: 香港寬頻網絡有限公司 (APID 03874),已登記的WiFi 熱點: 香港寬頻網絡有限公司 (APID 03874),majorDestination,已登記的WiFi 熱點: 香港寬頻網絡有限公司 (APID 03874),,,,,,1,true
已登記的WiFi 熱點: Hong Kong Telecommunications (HKT) Limited (APID 06239),已登記的WiFi 熱點: Hong Kong Telecommunications (HKT) Limited (APID 06239),majorDestination,已登記的WiFi 熱點: Hong Kong Telecommunications (HKT) Limited (APID 06239),,,,,,1,true
已登記的WiFi 熱點: Hong Kong Telecommunications (HKT) Limited (APID 06241),已登記的WiFi 熱點: Hong Kong Telecommunications (HKT) Limited (APID 06241),majorDestination,已登記的WiFi 熱點: Hong Kong Telecommunications (HKT) Limited (APID 06241),,,,,,1,true
已登記的WiFi 熱點: Hong Kong Telecommunications (HKT) Limited (APID 06242),已登記的WiFi 熱點: Hong Kong Telecommunications (HKT) Limited (APID 06242),majorDestination,已登記的WiFi 熱點: Hong Kong Telecommunications (HKT) Limited (APID 06242),,,,,,1,true
已登記的WiFi 熱點: Hong Kong Telecommunications (HKT) Limited (APID 06240),已登記的WiFi 熱點: Hong Kong Telecommunications (HKT) Limited (APID 06240),majorDestination,已登記的WiFi 熱點: Hong Kong Telecommunications (HKT) Limited (APID 06240),,,,,,1,true
已登記的WiFi 熱點: Y5ZONE Limited (APID 08599),已登記的WiFi 熱點: Y5ZONE Limited (APID 08599),majorDestination,已登記的WiFi 熱點: Y5ZONE Limited (APID 08599),,,,,,1,true
Wi-Fi.HK 熱點位置: TaSTE,Wi-Fi.HK 熱點位置: TaSTE,majorDestination,Wi-Fi.HK 熱點位置: TaSTE,,,,,,1,true
已登記的WiFi 熱點: 香港電話有限公司 (APID 07352),已登記的WiFi 熱點: 香港電話有限公司 (APID 07352),majorDestination,已登記的WiFi 熱點: 香港電話有限公司 (APID 07352),,,,,,1,true
Wi-Fi.HK 熱點位置: 電訊盈科電話亭,Wi-Fi.HK 熱點位置: 電訊盈科電話亭,majorDestination,Wi-Fi.HK 熱點位置: 電訊盈科電話亭,,,,,,1,true
已登記的WiFi 熱點: 香港電話有限公司 (APID 07346),已登記的WiFi 熱點: 香港電話有限公司 (APID 07346),majorDestination,已登記的WiFi 熱點: 香港電話有限公司 (APID 07346),,,,,,1,true
已登記的WiFi 熱點: Hong Kong Telecommunications (HKT) Limited (APID 05682),已登記的WiFi 熱點: Hong Kong Telecommunications (HKT) Limited (APID 05682),majorDestination,已登記的WiFi 熱點: Hong Kong Telecommunications (HKT) Limited (APID 05682),,,,,,1,true
已登記的WiFi 熱點: Hong Kong Telecommunications (HKT) Limited (APID 05683),已登記的WiFi 熱點: Hong Kong Telecommunications (HKT) Limited (APID 05683),majorDestination,已登記的WiFi 熱點: Hong Kong Telecommunications (HKT) Limited (APID 05683),,,,,,1,true
新橋護老院有限公司,新橋護老院有限公司,majorDestination,新橋護老院有限公司,,,,,,1,true
7-11便利店-荃灣,7-11便利店-荃灣,majorDestination,7-11便利店-荃灣,,,,,,1,true
已登記的WiFi 熱點: Hong Kong Telecommunications (HKT) Limited (APID 04742),已登記的WiFi 熱點: Hong Kong Telecommunications (HKT) Limited (APID 04742),majorDestination,已登記的WiFi 熱點: Hong Kong Telecommunications (HKT) Limited (APID 04742),,,,,,1,true
已登記的WiFi 熱點: Hong Kong Telecommunications (HKT) Limited (APID 04743),已登記的WiFi 熱點: Hong Kong Telecommunications (HKT) Limited (APID 04743),majorDestination,已登記的WiFi 熱點: Hong Kong Telecommunications (HKT) Limited (APID 04743),,,,,,1,true
垃圾及物料回收房,垃圾及物料回收房,majorDestination,垃圾及物料回收房,,,,,,1,true
青華停車場,青華停車場,majorDestination,青華停車場,,,,,,1,true
已登記的WiFi 熱點: Hong Kong Telecommunications (HKT) Limited (APID 04685),已登記的WiFi 熱點: Hong Kong Telecommunications (HKT) Limited (APID 04685),majorDestination,已登記的WiFi 熱點: Hong Kong Telecommunications (HKT) Limited (APID 04685),,,,,,1,true
安嶺護老院有限公司,安嶺護老院有限公司,majorDestination,安嶺護老院有限公司,,,,,,1,true
大澳大涌,大澳大涌,majorDestination,大澳大涌,,,,,,1,true
大洲,大洲,majorDestination,大洲,,,,,,1,true
大輋,大輋,majorDestination,大輋,,,,,,1,true
大坑,大坑,majorDestination,大坑,,,,,,1,true
大蠔,大蠔,majorDestination,大蠔,,,,,,1,true
大磡,大磡,majorDestination,大磡,,,,,,1,true
大滘,大滘,majorDestination,大滘,,,,,,1,true
大乪,大乪,majorDestination,大乪,,,,,,1,true
大橋,大橋,majorDestination,大橋,,,,,,1,true
大角,大角,majorDestination,大角,,,,,,1,true
大利,大利,majorDestination,大利,,,,,,1,true
大嶺,大嶺,majorDestination,大嶺,,,,,,1,true
大浪,大浪,majorDestination,大浪,,,,,,1,true
大隴,大隴,majorDestination,大隴,,,,,,1,true
大腦,大腦,majorDestination,大腦,,,,,,1,true
大澳,大澳,majorDestination,大澳,,,,,,1,true
大菴,大菴,majorDestination,大菴,,,,,,1,true
大排,大排,majorDestination,大排,,,,,,1,true
大坪,大坪,majorDestination,大坪,,,,,,1,true
大山,大山,majorDestination,大山,,,,,,1,true
大氹,大氹,majorDestination,大氹,,,,,,1,true
大潭,大潭,majorDestination,大潭,,,,,,1,true
大灘,大灘,majorDestination,大灘,,,,,,1,true
大塘,大塘,majorDestination,大塘,,,,,,1,true
大峒,大峒,majorDestination,大峒,,,,,,1,true
大洞,大洞,majorDestination,大洞,,,,,,1,true
民政事務總署葵盛社區會堂,民政事務總署葵盛社區會堂,majorDestination,民政事務總署葵盛社區會堂,,,,,,1,true
海昌樓,海昌樓,majorDestination,海昌樓,,,,,,1,true
海富樓,海富樓,majorDestination,海富樓,,,,,,1,true
海寧樓,海寧樓,majorDestination,海寧樓,,,,,,1,true
海泰樓,海泰樓,majorDestination,海泰樓,,,,,,1,true
祥智樓,祥智樓,majorDestination,祥智樓,,,,,,1,true
祥頌樓,祥頌樓,majorDestination,祥頌樓,,,,,,1,true
祥豐樓,祥豐樓,majorDestination,祥豐樓,,,,,,1,true
祥景樓,祥景樓,majorDestination,祥景樓,,,,,,1,true
祥禮樓,祥禮樓,majorDestination,祥禮樓,,,,,,1,true
祥樂樓,祥樂樓,majorDestination,祥樂樓,,,,,,1,true
祥順樓,祥順樓,majorDestination,祥順樓,,,,,,1,true
祥德樓,祥德樓,majorDestination,祥德樓,,,,,,1,true
祥和樓,祥和樓,majorDestination,祥和樓,,,,,,1,true
祥裕樓,祥裕樓,majorDestination,祥裕樓,,,,,,1,true
華彩樓,華彩樓,majorDestination,華彩樓,,,,,,1,true
華朗樓,華朗樓,majorDestination,華朗樓,,,,,,1,true
華萃樓,華萃樓,majorDestination,華萃樓,,,,,,1,true
華逸樓,華逸樓,majorDestination,華逸樓,,,,,,1,true
豐麗樓,豐麗樓,majorDestination,豐麗樓,,,,,,1,true
海智樓,海智樓,majorDestination,海智樓,,,,,,1,true
海晴樓,海晴樓,majorDestination,海晴樓,,,,,,1,true
海暉樓,海暉樓,majorDestination,海暉樓,,,,,,1,true
海禧樓,海禧樓,majorDestination,海禧樓,,,,,,1,true
海健樓,海健樓,majorDestination,海健樓,,,,,,1,true
海明樓,海明樓,majorDestination,海明樓,,,,,,1,true
海雅樓,海雅樓,majorDestination,海雅樓,,,,,,1,true
海瑞樓,海瑞樓,majorDestination,海瑞樓,,,,,,1,true
海信樓,海信樓,majorDestination,海信樓,,,,,,1,true
海慧樓,海慧樓,majorDestination,海慧樓,,,,,,1,true
海和樓,海和樓,majorDestination,海和樓,,,,,,1,true
海賢樓,海賢樓,majorDestination,海賢樓,,,,,,1,true
康麗樓,康麗樓,majorDestination,康麗樓,,,,,,1,true
雅麗樓,雅麗樓,majorDestination,雅麗樓,,,,,,1,true
秀麗樓,秀麗樓,majorDestination,秀麗樓,,,,,,1,true
信麗樓,信麗樓,majorDestination,信麗樓,,,,,,1,true
翠麗樓,翠麗樓,majorDestination,翠麗樓,,,,,,1,true
仁麗樓,仁麗樓,majorDestination,仁麗樓,,,,,,1,true
逸麗樓,逸麗樓,majorDestination,逸麗樓,,,,,,1,true
頤麗樓,頤麗樓,majorDestination,頤麗樓,,,,,,1,true
盈麗樓,盈麗樓,majorDestination,盈麗樓,,,,,,1,true
雍麗樓,雍麗樓,majorDestination,雍麗樓,,,,,,1,true
地下保安控制室,地下保安控制室,majorDestination,地下保安控制室,,,,,,1,true
樂謙樓,樂謙樓,majorDestination,樂謙樓,,,,,,1,true
樂民樓,樂民樓,majorDestination,樂民樓,,,,,,1,true
樂泰樓,樂泰樓,majorDestination,樂泰樓,,,,,,1,true
樂翠樓,樂翠樓,majorDestination,樂翠樓,,,,,,1,true
樂東樓,樂東樓,majorDestination,樂東樓,,,,,,1,true
宏康樓,宏康樓,majorDestination,宏康樓,,,,,,1,true
宏樂樓,宏樂樓,majorDestination,宏樂樓,,,,,,1,true
宏順樓,宏順樓,majorDestination,宏順樓,,,,,,1,true
宏達樓,宏達樓,majorDestination,宏達樓,,,,,,1,true
宏逸樓,宏逸樓,majorDestination,宏逸樓,,,,,,1,true
宏旭樓,宏旭樓,majorDestination,宏旭樓,,,,,,1,true
香港仔坊會社會服務 尚頤坊,香港仔坊會社會服務 尚頤坊,majorDestination,香港仔坊會社會服務 尚頤坊,,,,,,1,true
媽媽手作,媽媽手作,majorDestination,媽媽手作,,,,,,1,true
南區長者綜合服務處,南區長者綜合服務處,majorDestination,南區長者綜合服務處,,,,,,1,true
香港仔坊會社會服務 南區長者綜合服務處,香港仔坊會社會服務 南區長者綜合服務處,majorDestination,香港仔坊會社會服務 南區長者綜合服務處,,,,,,1,true
惠康超級市場-真善美,惠康超級市場-真善美,majorDestination,惠康超級市場-真善美,,,,,,1,true
7-11便利店-土瓜灣,7-11便利店-土瓜灣,majorDestination,7-11便利店-土瓜灣,,,,,,1,true
編號702郵箱,編號702郵箱,majorDestination,編號702郵箱,,,,,,1,true
已登記的WiFi 熱點: Y5ZONE Limited (APID 08467),已登記的WiFi 熱點: Y5ZONE Limited (APID 08467),majorDestination,已登記的WiFi 熱點: Y5ZONE Limited (APID 08467),,,,,,1,true
已登記的WiFi 熱點: 香港寬頻網絡有限公司 (APID 03554),已登記的WiFi 熱點: 香港寬頻網絡有限公司 (APID 03554),majorDestination,已登記的WiFi 熱點: 香港寬頻網絡有限公司 (APID 03554),,,,,,1,true
已登記的WiFi 熱點: Hong Kong Telecommunications (HKT) Limited (APID 05893),已登記的WiFi 熱點: Hong Kong Telecommunications (HKT) Limited (APID 05893),majorDestination,已登記的WiFi 熱點: Hong Kong Telecommunications (HKT) Limited (APID 05893),,,,,,1,true
碧翠樓,碧翠樓,majorDestination,碧翠樓,,,,,,1,true
連翠樓,連翠樓,majorDestination,連翠樓,,,,,,1,true
綠翠樓,綠翠樓,majorDestination,綠翠樓,,,,,,1,true
新俊樓,新俊樓,majorDestination,新俊樓,,,,,,1,true
新芳樓,新芳樓,majorDestination,新芳樓,,,,,,1,true
新學樓,新學樓,majorDestination,新學樓,,,,,,1,true
新傑樓,新傑樓,majorDestination,新傑樓,,,,,,1,true
新明樓,新明樓,majorDestination,新明樓,,,,,,1,true
新偉樓,新偉樓,majorDestination,新偉樓,,,,,,1,true
新儀樓,新儀樓,majorDestination,新儀樓,,,,,,1,true
新月樓,新月樓,majorDestination,新月樓,,,,,,1,true
鄰舍輔導會新翠育嬰園,鄰舍輔導會新翠育嬰園,majorDestination,鄰舍輔導會新翠育嬰園,,,,,,1,true
環翠宿舍,環翠宿舍,majorDestination,環翠宿舍,,,,,,1,true
香港中華基督教青年會 沙田青少年外展社會工作隊,香港中華基督教青年會 沙田青少年外展社會工作隊,majorDestination,香港中華基督教青年會 沙田青少年外展社會工作隊,,,,,,1,true
賽馬會匡智新翠宿舍,賽馬會匡智新翠宿舍,majorDestination,賽馬會匡智新翠宿舍,,,,,,1,true
匡智就業輔導服務,匡智就業輔導服務,majorDestination,匡智就業輔導服務,,,,,,1,true
風景樓,風景樓,majorDestination,風景樓,,,,,,1,true
恒景樓,恒景樓,majorDestination,恒景樓,,,,,,1,true
景富樓,景富樓,majorDestination,景富樓,,,,,,1,true
景貴樓,景貴樓,majorDestination,景貴樓,,,,,,1,true
景麗樓,景麗樓,majorDestination,景麗樓,,,,,,1,true
景樂樓,景樂樓,majorDestination,景樂樓,,,,,,1,true
景美樓,景美樓,majorDestination,景美樓,,,,,,1,true
景安樓,景安樓,majorDestination,景安樓,,,,,,1,true
景華樓,景華樓,majorDestination,景華樓,,,,,,1,true
景榮樓,景榮樓,majorDestination,景榮樓,,,,,,1,true
景業樓,景業樓,majorDestination,景業樓,,,,,,1,true
良智樓,良智樓,majorDestination,良智樓,,,,,,1,true
良俊樓,良俊樓,majorDestination,良俊樓,,,,,,1,true
7-11便利店-屯門,7-11便利店-屯門,majorDestination,7-11便利店-屯門,,,,,,1,true
香港聖公會東涌綜合服務,香港聖公會東涌綜合服務,majorDestination,香港聖公會東涌綜合服務,,,,,,1,true
青藍天工作室,青藍天工作室,majorDestination,青藍天工作室,,,,,,1,true
活出彩虹工藝坊,活出彩虹工藝坊,majorDestination,活出彩虹工藝坊,,,,,,1,true
B PLUS 專業扭氣球服務,B PLUS 專業扭氣球服務,majorDestination,B PLUS 專業扭氣球服務,,,,,,1,true
聖公會東涌幼兒園,聖公會東涌幼兒園,majorDestination,聖公會東涌幼兒園,,,,,,1,true
香港聖公會福利協會有限公司 - 香港聖公會東涌綜合服務 家庭生活教育組,香港聖公會福利協會有限公司 - 香港聖公會東涌綜合服務 家庭生活教育組,majorDestination,香港聖公會福利協會有限公司 - 香港聖公會東涌綜合服務 家庭生活教育組,,,,,,1,true
富東A停車場,富東A停車場,majorDestination,富東A停車場,,,,,,1,true
Market Place-富東,Market Place-富東,majorDestination,Market Place-富東,,,,,,1,true
香港聖公會福利協會香港聖公會東涌綜合服務,香港聖公會福利協會香港聖公會東涌綜合服務,majorDestination,香港聖公會福利協會香港聖公會東涌綜合服務,,,,,,1,true
金巴崙長老會牧民堂,金巴崙長老會牧民堂,majorDestination,金巴崙長老會牧民堂,,,,,,1,true
聖公會基督榮光堂,聖公會基督榮光堂,majorDestination,聖公會基督榮光堂,,,,,,1,true
西醫林偉樑,西醫林偉樑,majorDestination,西醫林偉樑,,,,,,1,true
7-11便利店-東涌,7-11便利店-東涌,majorDestination,7-11便利店-東涌,,,,,,1,true
編號531郵箱,編號531郵箱,majorDestination,編號531郵箱,,,,,,1,true
已登記的WiFi 熱點: 香港寬頻網絡有限公司 (APID 03972),已登記的WiFi 熱點: 香港寬頻網絡有限公司 (APID 03972),majorDestination,已登記的WiFi 熱點: 香港寬頻網絡有限公司 (APID 03972),,,,,,1,true
已登記的WiFi 熱點: 環球全域電訊有限公司 (APID 00053),已登記的WiFi 熱點: 環球全域電訊有限公司 (APID 00053),majorDestination,已登記的WiFi 熱點: 環球全域電訊有限公司 (APID 00053),,,,,,1,true
已登記的WiFi 熱點: 香港寬頻網絡有限公司 (APID 02161),已登記的WiFi 熱點: 香港寬頻網絡有限公司 (APID 02161),majorDestination,已登記的WiFi 熱點: 香港寬頻網絡有限公司 (APID 02161),,,,,,1,true
已登記的WiFi 熱點: Hong Kong Telecommunications (HKT) Limited (APID 04443),已登記的WiFi 熱點: Hong Kong Telecommunications (HKT) Limited (APID 04443),majorDestination,已登記的WiFi 熱點: Hong Kong Telecommunications (HKT) Limited (APID 04443),,,,,,1,true
已登記的WiFi 熱點: Hong Kong Telecommunications (HKT) Limited (APID 04444),已登記的WiFi 熱點: Hong Kong Telecommunications (HKT) Limited (APID 04444),majorDestination,已登記的WiFi 熱點: Hong Kong Telecommunications (HKT) Limited (APID 04444),,,,,,1,true
已登記的WiFi 熱點: 環球全域電訊有限公司 (APID 00052),已登記的WiFi 熱點: 環球全域電訊有限公司 (APID 00052),majorDestination,已登記的WiFi 熱點: 環球全域電訊有限公司 (APID 00052),,,,,,1,true
已登記的WiFi 熱點: 環球全域電訊有限公司 (APID 00054),已登記的WiFi 熱點: 環球全域電訊有限公司 (APID 00054),majorDestination,已登記的WiFi 熱點: 環球全域電訊有限公司 (APID 00054),,,,,,1,true
已登記的WiFi 熱點: 環球全域電訊有限公司 (APID 00055),已登記的WiFi 熱點: 環球全域電訊有限公司 (APID 00055),majorDestination,已登記的WiFi 熱點: 環球全域電訊有限公司 (APID 00055),,,,,,1,true
已登記的WiFi 熱點: 環球全域電訊有限公司 (APID 00056),已登記的WiFi 熱點: 環球全域電訊有限公司 (APID 00056),majorDestination,已登記的WiFi 熱點: 環球全域電訊有限公司 (APID 00056),,,,,,1,true
已登記的WiFi 熱點: 環球全域電訊有限公司 (APID 00057),已登記的WiFi 熱點: 環球全域電訊有限公司 (APID 00057),majorDestination,已登記的WiFi 熱點: 環球全域電訊有限公司 (APID 00057),,,,,,1,true
已登記的WiFi 熱點: 環球全域電訊有限公司 (APID 00058),已登記的WiFi 熱點: 環球全域電訊有限公司 (APID 00058),majorDestination,已登記的WiFi 熱點: 環球全域電訊有限公司 (APID 00058),,,,,,1,true
已登記的WiFi 熱點: 環球全域電訊有限公司 (APID 00059),已登記的WiFi 熱點: 環球全域電訊有限公司 (APID 00059),majorDestination,已登記的WiFi 熱點: 環球全域電訊有限公司 (APID 00059),,,,,,1,true
已登記的WiFi 熱點: 香港寬頻網絡有限公司 (APID 02160),已登記的WiFi 熱點: 香港寬頻網絡有限公司 (APID 02160),majorDestination,已登記的WiFi 熱點: 香港寬頻網絡有限公司 (APID 02160),,,,,,1,true
已登記的WiFi 熱點: Hong Kong Telecommunications (HKT) Limited (APID 04445),已登記的WiFi 熱點: Hong Kong Telecommunications (HKT) Limited (APID 04445),majorDestination,已登記的WiFi 熱點: Hong Kong Telecommunications (HKT) Limited (APID 04445),,,,,,1,true
生態先鋒,生態先鋒,majorDestination,生態先鋒,,,,,,1,true
已登記的WiFi 熱點: 環球全域電訊有限公司 (APID 00790),已登記的WiFi 熱點: 環球全域電訊有限公司 (APID 00790),majorDestination,已登記的WiFi 熱點: 環球全域電訊有限公司 (APID 00790),,,,,,1,true
"本計劃委託之化驗所(馬鞍山), (樣本收集點)","本計劃委託之化驗所(馬鞍山), (樣本收集點)",majorDestination,"本計劃委託之化驗所(馬鞍山), (樣本收集點)",,,,,,1,true
嚴洪晧醫生醫務所,嚴洪晧醫生醫務所,majorDestination,嚴洪晧醫生醫務所,,,,,,1,true
編號334郵箱,編號334郵箱,majorDestination,編號334郵箱,,,,,,1,true
回收機構及收集點： 綠在沙田回收流動點 - 014,回收機構及收集點： 綠在沙田回收流動點 - 014,majorDestination,回收機構及收集點： 綠在沙田回收流動點 - 014,,,,,,1,true
Wi-Fi.HK 熱點位置: 豐澤,Wi-Fi.HK 熱點位置: 豐澤,majorDestination,Wi-Fi.HK 熱點位置: 豐澤,,,,,,1,true
Wi-Fi.HK 熱點位置: 759阿信屋,Wi-Fi.HK 熱點位置: 759阿信屋,majorDestination,Wi-Fi.HK 熱點位置: 759阿信屋,,,,,,1,true
已登記的WiFi 熱點: Hong Kong Telecommunications (HKT) Limited (APID 06374),已登記的WiFi 熱點: Hong Kong Telecommunications (HKT) Limited (APID 06374),majorDestination,已登記的WiFi 熱點: Hong Kong Telecommunications (HKT) Limited (APID 06374),,,,,,1,true
已登記的WiFi 熱點: 環球全域電訊有限公司 (APID 01043),已登記的WiFi 熱點: 環球全域電訊有限公司 (APID 01043),majorDestination,已登記的WiFi 熱點: 環球全域電訊有限公司 (APID 01043),,,,,,1,true
已登記的WiFi 熱點: 環球全域電訊有限公司 (APID 01044),已登記的WiFi 熱點: 環球全域電訊有限公司 (APID 01044),majorDestination,已登記的WiFi 熱點: 環球全域電訊有限公司 (APID 01044),,,,,,1,true
已登記的WiFi 熱點: Hong Kong Telecommunications (HKT) Limited (APID 06373),已登記的WiFi 熱點: Hong Kong Telecommunications (HKT) Limited (APID 06373),majorDestination,已登記的WiFi 熱點: Hong Kong Telecommunications (HKT) Limited (APID 06373),,,,,,1,true
已登記的WiFi 熱點: Hong Kong Telecommunications (HKT) Limited (APID 06366),已登記的WiFi 熱點: Hong Kong Telecommunications (HKT) Limited (APID 06366),majorDestination,已登記的WiFi 熱點: Hong Kong Telecommunications (HKT) Limited (APID 06366),,,,,,1,true
Wi-Fi.HK 熱點位置: 渣打銀行,Wi-Fi.HK 熱點位置: 渣打銀行,majorDestination,Wi-Fi.HK 熱點位置: 渣打銀行,,,,,,1,true
已登記的WiFi 熱點: 環球全域電訊有限公司 (APID 01566),已登記的WiFi 熱點: 環球全域電訊有限公司 (APID 01566),majorDestination,已登記的WiFi 熱點: 環球全域電訊有限公司 (APID 01566),,,,,,1,true
已登記的WiFi 熱點: 環球全域電訊有限公司 (APID 01569),已登記的WiFi 熱點: 環球全域電訊有限公司 (APID 01569),majorDestination,已登記的WiFi 熱點: 環球全域電訊有限公司 (APID 01569),,,,,,1,true
已登記的WiFi 熱點: Hong Kong Telecommunications (HKT) Limited (APID 06375),已登記的WiFi 熱點: Hong Kong Telecommunications (HKT) Limited (APID 06375),majorDestination,已登記的WiFi 熱點: Hong Kong Telecommunications (HKT) Limited (APID 06375),,,,,,1,true
已登記的WiFi 熱點: 環球全域電訊有限公司 (APID 01568),已登記的WiFi 熱點: 環球全域電訊有限公司 (APID 01568),majorDestination,已登記的WiFi 熱點: 環球全域電訊有限公司 (APID 01568),,,,,,1,true
已登記的WiFi 熱點: 香港寬頻網絡有限公司 (APID 04037),已登記的WiFi 熱點: 香港寬頻網絡有限公司 (APID 04037),majorDestination,已登記的WiFi 熱點: 香港寬頻網絡有限公司 (APID 04037),,,,,,1,true
Wi-Fi.HK 熱點位置: fusion,Wi-Fi.HK 熱點位置: fusion,majorDestination,Wi-Fi.HK 熱點位置: fusion,,,,,,1,true
已登記的WiFi 熱點: 環球全域電訊有限公司 (APID 01570),已登記的WiFi 熱點: 環球全域電訊有限公司 (APID 01570),majorDestination,已登記的WiFi 熱點: 環球全域電訊有限公司 (APID 01570),,,,,,1,true
已登記的WiFi 熱點: 環球全域電訊有限公司 (APID 01572),已登記的WiFi 熱點: 環球全域電訊有限公司 (APID 01572),majorDestination,已登記的WiFi 熱點: 環球全域電訊有限公司 (APID 01572),,,,,,1,true
已登記的WiFi 熱點: 環球全域電訊有限公司 (APID 01571),已登記的WiFi 熱點: 環球全域電訊有限公司 (APID 01571),majorDestination,已登記的WiFi 熱點: 環球全域電訊有限公司 (APID 01571),,,,,,1,true
已登記的WiFi 熱點: 環球全域電訊有限公司 (APID 01567),已登記的WiFi 熱點: 環球全域電訊有限公司 (APID 01567),majorDestination,已登記的WiFi 熱點: 環球全域電訊有限公司 (APID 01567),,,,,,1,true
保良局,保良局,majorDestination,保良局,,,,,,1,true
興華B停車場,興華B停車場,majorDestination,興華B停車場,,,,,,1,true
7-11便利店-尖沙咀,7-11便利店-尖沙咀,majorDestination,7-11便利店-尖沙咀,,,,,,1,true
子余(集團)有限公司,子余(集團)有限公司,majorDestination,子余(集團)有限公司,,,,,,1,true
7-11便利店-柴灣,7-11便利店-柴灣,majorDestination,7-11便利店-柴灣,,,,,,1,true
已登記的WiFi 熱點: 環球全域電訊有限公司 (APID 00277),已登記的WiFi 熱點: 環球全域電訊有限公司 (APID 00277),majorDestination,已登記的WiFi 熱點: 環球全域電訊有限公司 (APID 00277),,,,,,1,true
已登記的WiFi 熱點: 香港寬頻網絡有限公司 (APID 02389),已登記的WiFi 熱點: 香港寬頻網絡有限公司 (APID 02389),majorDestination,已登記的WiFi 熱點: 香港寬頻網絡有限公司 (APID 02389),,,,,,1,true
Wi-Fi.HK 熱點位置: G2000,Wi-Fi.HK 熱點位置: G2000,majorDestination,Wi-Fi.HK 熱點位置: G2000,,,,,,1,true
已登記的WiFi 熱點: Y5ZONE Limited (APID 08650),已登記的WiFi 熱點: Y5ZONE Limited (APID 08650),majorDestination,已登記的WiFi 熱點: Y5ZONE Limited (APID 08650),,,,,,1,true
已登記的WiFi 熱點: Hong Kong Telecommunications (HKT) Limited (APID 04648),已登記的WiFi 熱點: Hong Kong Telecommunications (HKT) Limited (APID 04648),majorDestination,已登記的WiFi 熱點: Hong Kong Telecommunications (HKT) Limited (APID 04648),,,,,,1,true
已登記的WiFi 熱點: 環球全域電訊有限公司 (APID 01585),已登記的WiFi 熱點: 環球全域電訊有限公司 (APID 01585),majorDestination,已登記的WiFi 熱點: 環球全域電訊有限公司 (APID 01585),,,,,,1,true
已登記的WiFi 熱點: 環球全域電訊有限公司 (APID 01941),已登記的WiFi 熱點: 環球全域電訊有限公司 (APID 01941),majorDestination,已登記的WiFi 熱點: 環球全域電訊有限公司 (APID 01941),,,,,,1,true
已登記的WiFi 熱點: 環球全域電訊有限公司 (APID 01942),已登記的WiFi 熱點: 環球全域電訊有限公司 (APID 01942),majorDestination,已登記的WiFi 熱點: 環球全域電訊有限公司 (APID 01942),,,,,,1,true
已登記的WiFi 熱點: 環球全域電訊有限公司 (APID 01943),已登記的WiFi 熱點: 環球全域電訊有限公司 (APID 01943),majorDestination,已登記的WiFi 熱點: 環球全域電訊有限公司 (APID 01943),,,,,,1,true
已登記的WiFi 熱點: 環球全域電訊有限公司 (APID 01944),已登記的WiFi 熱點: 環球全域電訊有限公司 (APID 01944),majorDestination,已登記的WiFi 熱點: 環球全域電訊有限公司 (APID 01944),,,,,,1,true
愛‧孩子— 學前單位社工服務(屯門),愛‧孩子— 學前單位社工服務(屯門),majorDestination,愛‧孩子— 學前單位社工服務(屯門),,,,,,1,true
救世軍學前教育駐校社會工作服務(屯門隊),救世軍學前教育駐校社會工作服務(屯門隊),majorDestination,救世軍學前教育駐校社會工作服務(屯門隊),,,,,,1,true
東華三院「凝愛」學前教育駐校社工服務隊,東華三院「凝愛」學前教育駐校社工服務隊,majorDestination,東華三院「凝愛」學前教育駐校社工服務隊,,,,,,1,true
胡暐醫生,胡暐醫生,majorDestination,胡暐醫生,,,,,,1,true
劉小瑋醫生,劉小瑋醫生,majorDestination,劉小瑋醫生,,,,,,1,true
屯門浸信教會,屯門浸信教會,majorDestination,屯門浸信教會,,,,,,1,true
屯門靈光堂,屯門靈光堂,majorDestination,屯門靈光堂,,,,,,1,true
陳達醫生,陳達醫生,majorDestination,陳達醫生,,,,,,1,true
已登記的WiFi 熱點: 香港寬頻網絡有限公司 (APID 02231),已登記的WiFi 熱點: 香港寬頻網絡有限公司 (APID 02231),majorDestination,已登記的WiFi 熱點: 香港寬頻網絡有限公司 (APID 02231),,,,,,1,true
已登記的WiFi 熱點: 香港寬頻網絡有限公司 (APID 02232),已登記的WiFi 熱點: 香港寬頻網絡有限公司 (APID 02232),majorDestination,已登記的WiFi 熱點: 香港寬頻網絡有限公司 (APID 02232),,,,,,1,true
已登記的WiFi 熱點: 香港寬頻網絡有限公司 (APID 02233),已登記的WiFi 熱點: 香港寬頻網絡有限公司 (APID 02233),majorDestination,已登記的WiFi 熱點: 香港寬頻網絡有限公司 (APID 02233),,,,,,1,true
Wi-Fi.HK 熱點位置: 「學趣滿園~到校學前康復服務」(第六隊),Wi-Fi.HK 熱點位置: 「學趣滿園~到校學前康復服務」(第六隊),majorDestination,Wi-Fi.HK 熱點位置: 「學趣滿園~到校學前康復服務」(第六隊),,,,,,1,true
回收機構及收集點： 科域國際有限公司,回收機構及收集點： 科域國際有限公司,majorDestination,回收機構及收集點： 科域國際有限公司,,,,,,1,true
樂富生活創庫停車場,樂富生活創庫停車場,majorDestination,樂富生活創庫停車場,,,,,,1,true
樂富B區停車場,樂富B區停車場,majorDestination,樂富B區停車場,,,,,,1,true
陳禮文醫務所,陳禮文醫務所,majorDestination,陳禮文醫務所,,,,,,1,true
7-11便利店-樂富,7-11便利店-樂富,majorDestination,7-11便利店-樂富,,,,,,1,true
"本計劃委託之化驗所(樂富), (樣本收集點)","本計劃委託之化驗所(樂富), (樣本收集點)",majorDestination,"本計劃委託之化驗所(樂富), (樣本收集點)",,,,,,1,true
7-11便利店-天水圍,7-11便利店-天水圍,majorDestination,7-11便利店-天水圍,,,,,,1,true
回收機構及收集點： PanaShop,回收機構及收集點： PanaShop,majorDestination,回收機構及收集點： PanaShop,,,,,,1,true
Wi-Fi.HK 熱點位置: 樂富公共圖書館,Wi-Fi.HK 熱點位置: 樂富公共圖書館,majorDestination,Wi-Fi.HK 熱點位置: 樂富公共圖書館,,,,,,1,true
已登記的WiFi 熱點: 環球全域電訊有限公司 (APID 01478),已登記的WiFi 熱點: 環球全域電訊有限公司 (APID 01478),majorDestination,已登記的WiFi 熱點: 環球全域電訊有限公司 (APID 01478),,,,,,1,true
已登記的WiFi 熱點: 香港寬頻網絡有限公司 (APID 03505),已登記的WiFi 熱點: 香港寬頻網絡有限公司 (APID 03505),majorDestination,已登記的WiFi 熱點: 香港寬頻網絡有限公司 (APID 03505),,,,,,1,true
已登記的WiFi 熱點: Y5ZONE Limited (APID 08460),已登記的WiFi 熱點: Y5ZONE Limited (APID 08460),majorDestination,已登記的WiFi 熱點: Y5ZONE Limited (APID 08460),,,,,,1,true
Wi-Fi.HK 熱點位置: 中銀香港 - 樂富分行,Wi-Fi.HK 熱點位置: 中銀香港 - 樂富分行,majorDestination,Wi-Fi.HK 熱點位置: 中銀香港 - 樂富分行,,,,,,1,true
已登記的WiFi 熱點: 環球全域電訊有限公司 (APID 01134),已登記的WiFi 熱點: 環球全域電訊有限公司 (APID 01134),majorDestination,已登記的WiFi 熱點: 環球全域電訊有限公司 (APID 01134),,,,,,1,true
已登記的WiFi 熱點: 環球全域電訊有限公司 (APID 01901),已登記的WiFi 熱點: 環球全域電訊有限公司 (APID 01901),majorDestination,已登記的WiFi 熱點: 環球全域電訊有限公司 (APID 01901),,,,,,1,true
7-11便利店-旺角,7-11便利店-旺角,majorDestination,7-11便利店-旺角,,,,,,1,true
已登記的WiFi 熱點: 環球全域電訊有限公司 (APID 00791),已登記的WiFi 熱點: 環球全域電訊有限公司 (APID 00791),majorDestination,已登記的WiFi 熱點: 環球全域電訊有限公司 (APID 00791),,,,,,1,true
已登記的WiFi 熱點: Hong Kong Telecommunications (HKT) Limited (APID 05393),已登記的WiFi 熱點: Hong Kong Telecommunications (HKT) Limited (APID 05393),majorDestination,已登記的WiFi 熱點: Hong Kong Telecommunications (HKT) Limited (APID 05393),,,,,,1,true
荃灣家品店,荃灣家品店,majorDestination,荃灣家品店,,,,,,1,true
已登記的WiFi 熱點: 香港電話有限公司 (APID 06997),已登記的WiFi 熱點: 香港電話有限公司 (APID 06997),majorDestination,已登記的WiFi 熱點: 香港電話有限公司 (APID 06997),,,,,,1,true
良景停車場,良景停車場,majorDestination,良景停車場,,,,,,1,true
良景市集,良景市集,majorDestination,良景市集,,,,,,1,true
愉景灣(流動圖書館四),愉景灣(流動圖書館四),majorDestination,愉景灣(流動圖書館四),,,,,,1,true
中圍,中圍,majorDestination,中圍,,,,,,1,true
中峽,中峽,majorDestination,中峽,,,,,,1,true
中間澳,中間澳,majorDestination,中間澳,,,,,,1,true
中星樓,中星樓,majorDestination,中星樓,,,,,,1,true
Electrolux Showroom,Electrolux Showroom,majorDestination,Electrolux Showroom,,,,,,1,true
香港基督教服務處雋日幼兒園(深水埗),香港基督教服務處雋日幼兒園(深水埗),majorDestination,香港基督教服務處雋日幼兒園(深水埗),,,,,,1,true
7-11便利店-九龍城,7-11便利店-九龍城,majorDestination,7-11便利店-九龍城,,,,,,1,true
已登記的WiFi 熱點: 香港電話有限公司 (APID 07369),已登記的WiFi 熱點: 香港電話有限公司 (APID 07369),majorDestination,已登記的WiFi 熱點: 香港電話有限公司 (APID 07369),,,,,,1,true
仁和專業護理服務有限公司,仁和專業護理服務有限公司,majorDestination,仁和專業護理服務有限公司,,,,,,1,true
葉傑權醫生,葉傑權醫生,majorDestination,葉傑權醫生,,,,,,1,true
已登記的WiFi 熱點: Hong Kong Telecommunications (HKT) Limited (APID 06213),已登記的WiFi 熱點: Hong Kong Telecommunications (HKT) Limited (APID 06213),majorDestination,已登記的WiFi 熱點: Hong Kong Telecommunications (HKT) Limited (APID 06213),,,,,,1,true
已登記的WiFi 熱點: Hong Kong Telecommunications (HKT) Limited (APID 06212),已登記的WiFi 熱點: Hong Kong Telecommunications (HKT) Limited (APID 06212),majorDestination,已登記的WiFi 熱點: Hong Kong Telecommunications (HKT) Limited (APID 06212),,,,,,1,true
慈雲山公共圖書館,慈雲山公共圖書館,majorDestination,慈雲山公共圖書館,,,,,,1,true
慈雲山市場,慈雲山市場,majorDestination,慈雲山市場,,,,,,1,true
盧思詩醫生,盧思詩醫生,majorDestination,盧思詩醫生,,,,,,1,true
7-11便利店-慈雲山,7-11便利店-慈雲山,majorDestination,7-11便利店-慈雲山,,,,,,1,true
盧俊鴻醫生家庭醫學專科,盧俊鴻醫生家庭醫學專科,majorDestination,盧俊鴻醫生家庭醫學專科,,,,,,1,true
編號500郵箱,編號500郵箱,majorDestination,編號500郵箱,,,,,,1,true
已登記的WiFi 熱點: Hong Kong Telecommunications (HKT) Limited (APID 06088),已登記的WiFi 熱點: Hong Kong Telecommunications (HKT) Limited (APID 06088),majorDestination,已登記的WiFi 熱點: Hong Kong Telecommunications (HKT) Limited (APID 06088),,,,,,1,true
已登記的WiFi 熱點: Hong Kong Telecommunications (HKT) Limited (APID 06726),已登記的WiFi 熱點: Hong Kong Telecommunications (HKT) Limited (APID 06726),majorDestination,已登記的WiFi 熱點: Hong Kong Telecommunications (HKT) Limited (APID 06726),,,,,,1,true
已登記的WiFi 熱點: 香港寬頻企業方案有限公司 (APID 02100),已登記的WiFi 熱點: 香港寬頻企業方案有限公司 (APID 02100),majorDestination,已登記的WiFi 熱點: 香港寬頻企業方案有限公司 (APID 02100),,,,,,1,true
已登記的WiFi 熱點: 環球全域電訊有限公司 (APID 01323),已登記的WiFi 熱點: 環球全域電訊有限公司 (APID 01323),majorDestination,已登記的WiFi 熱點: 環球全域電訊有限公司 (APID 01323),,,,,,1,true
已登記的WiFi 熱點: Y5ZONE Limited (APID 08537),已登記的WiFi 熱點: Y5ZONE Limited (APID 08537),majorDestination,已登記的WiFi 熱點: Y5ZONE Limited (APID 08537),,,,,,1,true
Wi-Fi.HK 熱點位置: 慈雲山公共圖書館,Wi-Fi.HK 熱點位置: 慈雲山公共圖書館,majorDestination,Wi-Fi.HK 熱點位置: 慈雲山公共圖書館,,,,,,1,true
已登記的WiFi 熱點: 環球全域電訊有限公司 (APID 01322),已登記的WiFi 熱點: 環球全域電訊有限公司 (APID 01322),majorDestination,已登記的WiFi 熱點: 環球全域電訊有限公司 (APID 01322),,,,,,1,true
已登記的WiFi 熱點: 香港寬頻網絡有限公司 (APID 03731),已登記的WiFi 熱點: 香港寬頻網絡有限公司 (APID 03731),majorDestination,已登記的WiFi 熱點: 香港寬頻網絡有限公司 (APID 03731),,,,,,1,true
已登記的WiFi 熱點: 香港寬頻網絡有限公司 (APID 03732),已登記的WiFi 熱點: 香港寬頻網絡有限公司 (APID 03732),majorDestination,已登記的WiFi 熱點: 香港寬頻網絡有限公司 (APID 03732),,,,,,1,true
已登記的WiFi 熱點: 香港寬頻網絡有限公司 (APID 03734),已登記的WiFi 熱點: 香港寬頻網絡有限公司 (APID 03734),majorDestination,已登記的WiFi 熱點: 香港寬頻網絡有限公司 (APID 03734),,,,,,1,true
已登記的WiFi 熱點: Hong Kong Telecommunications (HKT) Limited (APID 06090),已登記的WiFi 熱點: Hong Kong Telecommunications (HKT) Limited (APID 06090),majorDestination,已登記的WiFi 熱點: Hong Kong Telecommunications (HKT) Limited (APID 06090),,,,,,1,true
鄰舍輔導會融方少數族裔外展服務隊,鄰舍輔導會融方少數族裔外展服務隊,majorDestination,鄰舍輔導會融方少數族裔外展服務隊,,,,,,1,true
護老樂,護老樂,majorDestination,護老樂,,,,,,1,true
基督教協基會嶺英堂,基督教協基會嶺英堂,majorDestination,基督教協基會嶺英堂,,,,,,1,true
浸信會愛羣社會服務處樂心匯(港島東),浸信會愛羣社會服務處樂心匯(港島東),majorDestination,浸信會愛羣社會服務處樂心匯(港島東),,,,,,1,true
浸信會愛羣社會服務處 (東區),浸信會愛羣社會服務處 (東區),majorDestination,浸信會愛羣社會服務處 (東區),,,,,,1,true
已登記的WiFi 熱點: 香港電話有限公司 (APID 07504),已登記的WiFi 熱點: 香港電話有限公司 (APID 07504),majorDestination,已登記的WiFi 熱點: 香港電話有限公司 (APID 07504),,,,,,1,true
已登記的WiFi 熱點: Y5ZONE Limited (APID 08541),已登記的WiFi 熱點: Y5ZONE Limited (APID 08541),majorDestination,已登記的WiFi 熱點: Y5ZONE Limited (APID 08541),,,,,,1,true
已登記的WiFi 熱點: 香港寬頻網絡有限公司 (APID 03740),已登記的WiFi 熱點: 香港寬頻網絡有限公司 (APID 03740),majorDestination,已登記的WiFi 熱點: 香港寬頻網絡有限公司 (APID 03740),,,,,,1,true
大銀力量,大銀力量,majorDestination,大銀力量,,,,,,1,true
名卓護(亞洲)有限公司,名卓護(亞洲)有限公司,majorDestination,名卓護(亞洲)有限公司,,,,,,1,true
農．電共生,農．電共生,majorDestination,農．電共生,,,,,,1,true
X 光化驗所 (荃灣),X 光化驗所 (荃灣),majorDestination,X 光化驗所 (荃灣),,,,,,1,true
惠康超級市場-光華,惠康超級市場-光華,majorDestination,惠康超級市場-光華,,,,,,1,true
薩摩亞 - 名譽領事館,薩摩亞 - 名譽領事館,majorDestination,薩摩亞 - 名譽領事館,,,,,,1,true
真理浸信會榮光堂,真理浸信會榮光堂,majorDestination,真理浸信會榮光堂,,,,,,1,true
陳潔茵醫生,陳潔茵醫生,majorDestination,陳潔茵醫生,,,,,,1,true
亞洲護理有限公司,亞洲護理有限公司,majorDestination,亞洲護理有限公司,,,,,,1,true
安平國際有限公司,安平國際有限公司,majorDestination,安平國際有限公司,,,,,,1,true
白俄羅斯 - 總領事館,白俄羅斯 - 總領事館,majorDestination,白俄羅斯 - 總領事館,,,,,,1,true
文萊 - 總領事館,文萊 - 總領事館,majorDestination,文萊 - 總領事館,,,,,,1,true
蒙古 - 總領事館,蒙古 - 總領事館,majorDestination,蒙古 - 總領事館,,,,,,1,true
7-11便利店-中環,7-11便利店-中環,majorDestination,7-11便利店-中環,,,,,,1,true
已登記的WiFi 熱點: Y5ZONE Limited (APID 08700),已登記的WiFi 熱點: Y5ZONE Limited (APID 08700),majorDestination,已登記的WiFi 熱點: Y5ZONE Limited (APID 08700),,,,,,1,true
已登記的WiFi 熱點: 盈創通訊有限公司 (APID 07715),已登記的WiFi 熱點: 盈創通訊有限公司 (APID 07715),majorDestination,已登記的WiFi 熱點: 盈創通訊有限公司 (APID 07715),,,,,,1,true
已登記的WiFi 熱點: 環球全域電訊有限公司 (APID 01317),已登記的WiFi 熱點: 環球全域電訊有限公司 (APID 01317),majorDestination,已登記的WiFi 熱點: 環球全域電訊有限公司 (APID 01317),,,,,,1,true
已登記的WiFi 熱點: Hong Kong Telecommunications (HKT) Limited (APID 05257),已登記的WiFi 熱點: Hong Kong Telecommunications (HKT) Limited (APID 05257),majorDestination,已登記的WiFi 熱點: Hong Kong Telecommunications (HKT) Limited (APID 05257),,,,,,1,true
已登記的WiFi 熱點: Hong Kong Telecommunications (HKT) Limited (APID 06626),已登記的WiFi 熱點: Hong Kong Telecommunications (HKT) Limited (APID 06626),majorDestination,已登記的WiFi 熱點: Hong Kong Telecommunications (HKT) Limited (APID 06626),,,,,,1,true
已登記的WiFi 熱點: Y5ZONE Limited (APID 08717),已登記的WiFi 熱點: Y5ZONE Limited (APID 08717),majorDestination,已登記的WiFi 熱點: Y5ZONE Limited (APID 08717),,,,,,1,true
已登記的WiFi 熱點: Y5ZONE Limited (APID 08716),已登記的WiFi 熱點: Y5ZONE Limited (APID 08716),majorDestination,已登記的WiFi 熱點: Y5ZONE Limited (APID 08716),,,,,,1,true
金莎雀會有限公司,金莎雀會有限公司,majorDestination,金莎雀會有限公司,,,,,,1,true
李有昌電單車服務有限公司,李有昌電單車服務有限公司,majorDestination,李有昌電單車服務有限公司,,,,,,1,true
卓治齒科,卓治齒科,majorDestination,卓治齒科,,,,,,1,true
以色列 - 總領事館,以色列 - 總領事館,majorDestination,以色列 - 總領事館,,,,,,1,true
新加坡 - 總領事館,新加坡 - 總領事館,majorDestination,新加坡 - 總領事館,,,,,,1,true
法國 - 總領事館,法國 - 總領事館,majorDestination,法國 - 總領事館,,,,,,1,true
The Coaching Dot,The Coaching Dot,majorDestination,The Coaching Dot,,,,,,1,true
愛連心,愛連心,majorDestination,愛連心,,,,,,1,true
杏林護老院有限公司,杏林護老院有限公司,majorDestination,杏林護老院有限公司,,,,,,1,true
委內瑞拉 - 總領事館,委內瑞拉 - 總領事館,majorDestination,委內瑞拉 - 總領事館,,,,,,1,true
CHARTER LEVEL COMPANY LIMITED,CHARTER LEVEL COMPANY LIMITED,majorDestination,CHARTER LEVEL COMPANY LIMITED,,,,,,1,true
安寧醫務所,安寧醫務所,majorDestination,安寧醫務所,,,,,,1,true
已登記的WiFi 熱點: Wireless Link Limited (APID 07931),已登記的WiFi 熱點: Wireless Link Limited (APID 07931),majorDestination,已登記的WiFi 熱點: Wireless Link Limited (APID 07931),,,,,,1,true
已登記的WiFi 熱點: 香港寬頻網絡有限公司 (APID 03332),已登記的WiFi 熱點: 香港寬頻網絡有限公司 (APID 03332),majorDestination,已登記的WiFi 熱點: 香港寬頻網絡有限公司 (APID 03332),,,,,,1,true
Wi-Fi.HK 熱點位置: VanGo,Wi-Fi.HK 熱點位置: VanGo,majorDestination,Wi-Fi.HK 熱點位置: VanGo,,,,,,1,true
已登記的WiFi 熱點: Hong Kong Telecommunications (HKT) Limited (APID 05646),已登記的WiFi 熱點: Hong Kong Telecommunications (HKT) Limited (APID 05646),majorDestination,已登記的WiFi 熱點: Hong Kong Telecommunications (HKT) Limited (APID 05646),,,,,,1,true
東江安老院,東江安老院,majorDestination,東江安老院,,,,,,1,true
已登記的WiFi 熱點: Hong Kong Telecommunications (HKT) Limited (APID 05499),已登記的WiFi 熱點: Hong Kong Telecommunications (HKT) Limited (APID 05499),majorDestination,已登記的WiFi 熱點: Hong Kong Telecommunications (HKT) Limited (APID 05499),,,,,,1,true
嘉頤(元朗)護理院,嘉頤(元朗)護理院,majorDestination,嘉頤(元朗)護理院,,,,,,1,true
ASTON MARTIN (HONG KONG),ASTON MARTIN (HONG KONG),majorDestination,ASTON MARTIN (HONG KONG),,,,,,1,true
卡士汽車維修服務有限公司,卡士汽車維修服務有限公司,majorDestination,卡士汽車維修服務有限公司,,,,,,1,true
愛群理療護理院有限公司,愛群理療護理院有限公司,majorDestination,愛群理療護理院有限公司,,,,,,1,true
愛群理療護理院 有限公司,愛群理療護理院 有限公司,majorDestination,愛群理療護理院 有限公司,,,,,,1,true
愛群理療護理院 (第一分院),愛群理療護理院 (第一分院),majorDestination,愛群理療護理院 (第一分院),,,,,,1,true
愛群理療護理院(第一分院),愛群理療護理院(第一分院),majorDestination,愛群理療護理院(第一分院),,,,,,1,true
愛群理療護理院(第三分院),愛群理療護理院(第三分院),majorDestination,愛群理療護理院(第三分院),,,,,,1,true
康怡護老院有限公司,康怡護老院有限公司,majorDestination,康怡護老院有限公司,,,,,,1,true
金華(西環)護老院,金華(西環)護老院,majorDestination,金華(西環)護老院,,,,,,1,true
智富會,智富會,majorDestination,智富會,,,,,,1,true
NAP HELLA INN,NAP HELLA INN,majorDestination,NAP HELLA INN,,,,,,1,true
PARK MOTEL,PARK MOTEL,majorDestination,PARK MOTEL,,,,,,1,true
凱旋旅館(K11),凱旋旅館(K11),majorDestination,凱旋旅館(K11),,,,,,1,true
旅途有限公司,旅途有限公司,majorDestination,旅途有限公司,,,,,,1,true
簡宅有限公司,簡宅有限公司,majorDestination,簡宅有限公司,,,,,,1,true
已登記的WiFi 熱點: Hong Kong Telecommunications (HKT) Limited (APID 05561),已登記的WiFi 熱點: Hong Kong Telecommunications (HKT) Limited (APID 05561),majorDestination,已登記的WiFi 熱點: Hong Kong Telecommunications (HKT) Limited (APID 05561),,,,,,1,true
已登記的WiFi 熱點: Hong Kong Telecommunications (HKT) Limited (APID 05562),已登記的WiFi 熱點: Hong Kong Telecommunications (HKT) Limited (APID 05562),majorDestination,已登記的WiFi 熱點: Hong Kong Telecommunications (HKT) Limited (APID 05562),,,,,,1,true
大山西,大山西,majorDestination,大山西,,,,,,1,true
永昌車房,永昌車房,majorDestination,永昌車房,,,,,,1,true
基督教香港信義會灣仔堂,基督教香港信義會灣仔堂,majorDestination,基督教香港信義會灣仔堂,,,,,,1,true
7-11便利店-佐敦,7-11便利店-佐敦,majorDestination,7-11便利店-佐敦,,,,,,1,true
已登記的WiFi 熱點: Y5ZONE Limited (APID 08238),已登記的WiFi 熱點: Y5ZONE Limited (APID 08238),majorDestination,已登記的WiFi 熱點: Y5ZONE Limited (APID 08238),,,,,,1,true
已登記的WiFi 熱點: Hong Kong Telecommunications (HKT) Limited (APID 05395),已登記的WiFi 熱點: Hong Kong Telecommunications (HKT) Limited (APID 05395),majorDestination,已登記的WiFi 熱點: Hong Kong Telecommunications (HKT) Limited (APID 05395),,,,,,1,true
已登記的WiFi 熱點: 香港寬頻網絡有限公司 (APID 03091),已登記的WiFi 熱點: 香港寬頻網絡有限公司 (APID 03091),majorDestination,已登記的WiFi 熱點: 香港寬頻網絡有限公司 (APID 03091),,,,,,1,true
已登記的WiFi 熱點: 香港寬頻網絡有限公司 (APID 02944),已登記的WiFi 熱點: 香港寬頻網絡有限公司 (APID 02944),majorDestination,已登記的WiFi 熱點: 香港寬頻網絡有限公司 (APID 02944),,,,,,1,true
已登記的WiFi 熱點: Y5ZONE Limited (APID 08169),已登記的WiFi 熱點: Y5ZONE Limited (APID 08169),majorDestination,已登記的WiFi 熱點: Y5ZONE Limited (APID 08169),,,,,,1,true
已登記的WiFi 熱點: Hong Kong Telecommunications (HKT) Limited (APID 05148),已登記的WiFi 熱點: Hong Kong Telecommunications (HKT) Limited (APID 05148),majorDestination,已登記的WiFi 熱點: Hong Kong Telecommunications (HKT) Limited (APID 05148),,,,,,1,true
大大車房,大大車房,majorDestination,大大車房,,,,,,1,true
7-11便利店-灣仔,7-11便利店-灣仔,majorDestination,7-11便利店-灣仔,,,,,,1,true
明華大厦1座,明華大厦1座,majorDestination,明華大厦1座,,,,,,1,true
明華大厦2座,明華大厦2座,majorDestination,明華大厦2座,,,,,,1,true
輝濤護老院屯門分院,輝濤護老院屯門分院,majorDestination,輝濤護老院屯門分院,,,,,,1,true
輝濤護老院(安麗分院),輝濤護老院(安麗分院),majorDestination,輝濤護老院(安麗分院),,,,,,1,true
鈞溢(香港仔)安老院,鈞溢(香港仔)安老院,majorDestination,鈞溢(香港仔)安老院,,,,,,1,true
鈞溢(香港仔)安老院 [安老院] / 鈞溢幫(香港仔) [社區券認可服務單位],鈞溢(香港仔)安老院 [安老院] / 鈞溢幫(香港仔) [社區券認可服務單位],majorDestination,鈞溢(香港仔)安老院 [安老院] / 鈞溢幫(香港仔) [社區券認可服務單位],,,,,,1,true
基督教香港崇真會大埔堂,基督教香港崇真會大埔堂,majorDestination,基督教香港崇真會大埔堂,,,,,,1,true
已登記的WiFi 熱點: Hong Kong Telecommunications (HKT) Limited (APID 05530),已登記的WiFi 熱點: Hong Kong Telecommunications (HKT) Limited (APID 05530),majorDestination,已登記的WiFi 熱點: Hong Kong Telecommunications (HKT) Limited (APID 05530),,,,,,1,true
樂年護老院,樂年護老院,majorDestination,樂年護老院,,,,,,1,true
海雀會,海雀會,majorDestination,海雀會,,,,,,1,true
加減乘除基金有限公司,加減乘除基金有限公司,majorDestination,加減乘除基金有限公司,,,,,,1,true
直接銷售,直接銷售,majorDestination,直接銷售,,,,,,1,true
新生鮮果批發,新生鮮果批發,majorDestination,新生鮮果批發,,,,,,1,true
Delight kitchen,Delight kitchen,majorDestination,Delight kitchen,,,,,,1,true
Delight Catering(外賣到會服務),Delight Catering(外賣到會服務),majorDestination,Delight Catering(外賣到會服務),,,,,,1,true
地元酒場,地元酒場,majorDestination,地元酒場,,,,,,1,true
嘉利汽車服務,嘉利汽車服務,majorDestination,嘉利汽車服務,,,,,,1,true
寶安康護理院,寶安康護理院,majorDestination,寶安康護理院,,,,,,1,true
恩慈老人院,恩慈老人院,majorDestination,恩慈老人院,,,,,,1,true
香港宣教會恩浩堂,香港宣教會恩浩堂,majorDestination,香港宣教會恩浩堂,,,,,,1,true
已登記的WiFi 熱點: 香港電話有限公司 (APID 07339),已登記的WiFi 熱點: 香港電話有限公司 (APID 07339),majorDestination,已登記的WiFi 熱點: 香港電話有限公司 (APID 07339),,,,,,1,true
已登記的WiFi 熱點: Inter-touch Company Limited (APID 06749),已登記的WiFi 熱點: Inter-touch Company Limited (APID 06749),majorDestination,已登記的WiFi 熱點: Inter-touch Company Limited (APID 06749),,,,,,1,true
已登記的WiFi 熱點: 香港電話有限公司 (APID 07279),已登記的WiFi 熱點: 香港電話有限公司 (APID 07279),majorDestination,已登記的WiFi 熱點: 香港電話有限公司 (APID 07279),,,,,,1,true
已登記的WiFi 熱點: 香港電話有限公司 (APID 07295),已登記的WiFi 熱點: 香港電話有限公司 (APID 07295),majorDestination,已登記的WiFi 熱點: 香港電話有限公司 (APID 07295),,,,,,1,true
已登記的WiFi 熱點: Hong Kong Telecommunications (HKT) Limited (APID 05544),已登記的WiFi 熱點: Hong Kong Telecommunications (HKT) Limited (APID 05544),majorDestination,已登記的WiFi 熱點: Hong Kong Telecommunications (HKT) Limited (APID 05544),,,,,,1,true
已登記的WiFi 熱點: Hong Kong Telecommunications (HKT) Limited (APID 05543),已登記的WiFi 熱點: Hong Kong Telecommunications (HKT) Limited (APID 05543),majorDestination,已登記的WiFi 熱點: Hong Kong Telecommunications (HKT) Limited (APID 05543),,,,,,1,true
已登記的WiFi 熱點: Hong Kong Telecommunications (HKT) Limited (APID 05545),已登記的WiFi 熱點: Hong Kong Telecommunications (HKT) Limited (APID 05545),majorDestination,已登記的WiFi 熱點: Hong Kong Telecommunications (HKT) Limited (APID 05545),,,,,,1,true
CARLYLE & CO.,CARLYLE & CO.,majorDestination,CARLYLE & CO.,,,,,,1,true
7-11便利店-葵涌,7-11便利店-葵涌,majorDestination,7-11便利店-葵涌,,,,,,1,true
已登記的WiFi 熱點: 香港數碼港管理有限公司 (APID 04404),已登記的WiFi 熱點: 香港數碼港管理有限公司 (APID 04404),majorDestination,已登記的WiFi 熱點: 香港數碼港管理有限公司 (APID 04404),,,,,,1,true
何志添醫生,何志添醫生,majorDestination,何志添醫生,,,,,,1,true
已登記的WiFi 熱點: 盈創通訊有限公司 (APID 07716),已登記的WiFi 熱點: 盈創通訊有限公司 (APID 07716),majorDestination,已登記的WiFi 熱點: 盈創通訊有限公司 (APID 07716),,,,,,1,true
西來靜院,西來靜院,majorDestination,西來靜院,,,,,,1,true
杏暉樓(E座),杏暉樓(E座),majorDestination,杏暉樓(E座),,,,,,1,true
同心樓(F座),同心樓(F座),majorDestination,同心樓(F座),,,,,,1,true
匯智樓(D座),匯智樓(D座),majorDestination,匯智樓(D座),,,,,,1,true
賽馬會自強樓(A座),賽馬會自強樓(A座),majorDestination,賽馬會自強樓(A座),,,,,,1,true
One Café,One Café,majorDestination,One Café,,,,,,1,true
編號147郵箱,編號147郵箱,majorDestination,編號147郵箱,,,,,,1,true
編號701郵箱,編號701郵箱,majorDestination,編號701郵箱,,,,,,1,true
百週年紀念樓,百週年紀念樓,majorDestination,百週年紀念樓,,,,,,1,true
鶴堅士樓,鶴堅士樓,majorDestination,鶴堅士樓,,,,,,1,true
楊國璋樓,楊國璋樓,majorDestination,楊國璋樓,,,,,,1,true
東華三院文物館,東華三院文物館,majorDestination,東華三院文物館,,,,,,1,true
教授樓,教授樓,majorDestination,教授樓,,,,,,1,true
新教授樓,新教授樓,majorDestination,新教授樓,,,,,,1,true
7-11便利店-香港仔,7-11便利店-香港仔,majorDestination,7-11便利店-香港仔,,,,,,1,true
編號359郵箱,編號359郵箱,majorDestination,編號359郵箱,,,,,,1,true
已登記的WiFi 熱點: 環球全域電訊有限公司 (APID 00473),已登記的WiFi 熱點: 環球全域電訊有限公司 (APID 00473),majorDestination,已登記的WiFi 熱點: 環球全域電訊有限公司 (APID 00473),,,,,,1,true
已登記的WiFi 熱點: 環球全域電訊有限公司 (APID 00475),已登記的WiFi 熱點: 環球全域電訊有限公司 (APID 00475),majorDestination,已登記的WiFi 熱點: 環球全域電訊有限公司 (APID 00475),,,,,,1,true
維工校史舘,維工校史舘,majorDestination,維工校史舘,,,,,,1,true
校友樓,校友樓,majorDestination,校友樓,,,,,,1,true
容啟東校長紀念樓,容啟東校長紀念樓,majorDestination,容啟東校長紀念樓,,,,,,1,true
中華基督教會基禾堂,中華基督教會基禾堂,majorDestination,中華基督教會基禾堂,,,,,,1,true
海景小築,海景小築,majorDestination,海景小築,,,,,,1,true
荔景,荔景,majorDestination,荔景,,,,,,1,true
湖景,湖景,majorDestination,湖景,,,,,,1,true
恆景,恆景,majorDestination,恆景,,,,,,1,true
景輝堂,景輝堂,majorDestination,景輝堂,,,,,,1,true
龍景亭,龍景亭,majorDestination,龍景亭,,,,,,1,true
龍景樓,龍景樓,majorDestination,龍景樓,,,,,,1,true
觀景山,觀景山,majorDestination,觀景山,,,,,,1,true
香港青少年服務處 一微^_^米網上青年支援隊,香港青少年服務處 一微^_^米網上青年支援隊,majorDestination,香港青少年服務處 一微^_^米網上青年支援隊,,,,,,1,true
守護童行-學前單位社工服務(沙田),守護童行-學前單位社工服務(沙田),majorDestination,守護童行-學前單位社工服務(沙田),,,,,,1,true
艾奕康沙田辦工室10樓,艾奕康沙田辦工室10樓,majorDestination,艾奕康沙田辦工室10樓,,,,,,1,true
艾奕康沙田辦工室11樓,艾奕康沙田辦工室11樓,majorDestination,艾奕康沙田辦工室11樓,,,,,,1,true
艾奕康沙田辦工室12樓,艾奕康沙田辦工室12樓,majorDestination,艾奕康沙田辦工室12樓,,,,,,1,true
艾奕康沙田辦工室13樓,艾奕康沙田辦工室13樓,majorDestination,艾奕康沙田辦工室13樓,,,,,,1,true
艾奕康沙田辦工室9樓,艾奕康沙田辦工室9樓,majorDestination,艾奕康沙田辦工室9樓,,,,,,1,true
艾奕康沙田辦工室1座18樓,艾奕康沙田辦工室1座18樓,majorDestination,艾奕康沙田辦工室1座18樓,,,,,,1,true
艾奕康沙田辦工室2座18樓,艾奕康沙田辦工室2座18樓,majorDestination,艾奕康沙田辦工室2座18樓,,,,,,1,true
快樂起步:學前單位社工服務(沙田隊四),快樂起步:學前單位社工服務(沙田隊四),majorDestination,快樂起步:學前單位社工服務(沙田隊四),,,,,,1,true
意大利 - 總領事館,意大利 - 總領事館,majorDestination,意大利 - 總領事館,,,,,,1,true
瑞士 - 總領事館,瑞士 - 總領事館,majorDestination,瑞士 - 總領事館,,,,,,1,true
卡塔爾 - 總領事館,卡塔爾 - 總領事館,majorDestination,卡塔爾 - 總領事館,,,,,,1,true
沙特阿拉伯 - 總領事館,沙特阿拉伯 - 總領事館,majorDestination,沙特阿拉伯 - 總領事館,,,,,,1,true
荷蘭 - 總領事館,荷蘭 - 總領事館,majorDestination,荷蘭 - 總領事館,,,,,,1,true
西班牙 - 總領事館,西班牙 - 總領事館,majorDestination,西班牙 - 總領事館,,,,,,1,true
新西蘭 - 總領事館,新西蘭 - 總領事館,majorDestination,新西蘭 - 總領事館,,,,,,1,true
南非 - 總領事館,南非 - 總領事館,majorDestination,南非 - 總領事館,,,,,,1,true
孟加拉國 - 總領事館,孟加拉國 - 總領事館,majorDestination,孟加拉國 - 總領事館,,,,,,1,true
回收機構及收集點： 綠在大埔墟,回收機構及收集點： 綠在大埔墟,majorDestination,回收機構及收集點： 綠在大埔墟,,,,,,1,true
已登記的WiFi 熱點: Inter-touch Company Limited (APID 06751),已登記的WiFi 熱點: Inter-touch Company Limited (APID 06751),majorDestination,已登記的WiFi 熱點: Inter-touch Company Limited (APID 06751),,,,,,1,true
已登記的WiFi 熱點: Hong Kong Telecommunications (HKT) Limited (APID 06685),已登記的WiFi 熱點: Hong Kong Telecommunications (HKT) Limited (APID 06685),majorDestination,已登記的WiFi 熱點: Hong Kong Telecommunications (HKT) Limited (APID 06685),,,,,,1,true
已登記的WiFi 熱點: 香港寬頻網絡有限公司 (APID 04304),已登記的WiFi 熱點: 香港寬頻網絡有限公司 (APID 04304),majorDestination,已登記的WiFi 熱點: 香港寬頻網絡有限公司 (APID 04304),,,,,,1,true
已登記的WiFi 熱點: Hong Kong Telecommunications (HKT) Limited (APID 05581),已登記的WiFi 熱點: Hong Kong Telecommunications (HKT) Limited (APID 05581),majorDestination,已登記的WiFi 熱點: Hong Kong Telecommunications (HKT) Limited (APID 05581),,,,,,1,true
已登記的WiFi 熱點: Hong Kong Telecommunications (HKT) Limited (APID 05582),已登記的WiFi 熱點: Hong Kong Telecommunications (HKT) Limited (APID 05582),majorDestination,已登記的WiFi 熱點: Hong Kong Telecommunications (HKT) Limited (APID 05582),,,,,,1,true
已登記的WiFi 熱點: Hong Kong Telecommunications (HKT) Limited (APID 06233),已登記的WiFi 熱點: Hong Kong Telecommunications (HKT) Limited (APID 06233),majorDestination,已登記的WiFi 熱點: Hong Kong Telecommunications (HKT) Limited (APID 06233),,,,,,1,true
中大保健藥業有限公司,中大保健藥業有限公司,majorDestination,中大保健藥業有限公司,,,,,,1,true
Wi-Fi.HK 熱點位置: 屈臣氏酒窖,Wi-Fi.HK 熱點位置: 屈臣氏酒窖,majorDestination,Wi-Fi.HK 熱點位置: 屈臣氏酒窖,,,,,,1,true
已登記的WiFi 熱點: Hong Kong Telecommunications (HKT) Limited (APID 06578),已登記的WiFi 熱點: Hong Kong Telecommunications (HKT) Limited (APID 06578),majorDestination,已登記的WiFi 熱點: Hong Kong Telecommunications (HKT) Limited (APID 06578),,,,,,1,true
已登記的WiFi 熱點: Hong Kong Telecommunications (HKT) Limited (APID 06671),已登記的WiFi 熱點: Hong Kong Telecommunications (HKT) Limited (APID 06671),majorDestination,已登記的WiFi 熱點: Hong Kong Telecommunications (HKT) Limited (APID 06671),,,,,,1,true
凱滙第1座,凱滙第1座,majorDestination,凱滙第1座,,,,,,1,true
凱滙第2座,凱滙第2座,majorDestination,凱滙第2座,,,,,,1,true
凱滙第3座,凱滙第3座,majorDestination,凱滙第3座,,,,,,1,true
凱滙第5座,凱滙第5座,majorDestination,凱滙第5座,,,,,,1,true
人工受孕在香港,人工受孕在香港,majorDestination,人工受孕在香港,,,,,,1,true
Skincentral,Skincentral,majorDestination,Skincentral,,,,,,1,true
區德佐醫生,區德佐醫生,majorDestination,區德佐醫生,,,,,,1,true
青山浸信會,青山浸信會,majorDestination,青山浸信會,,,,,,1,true
編號024A郵箱,編號024A郵箱,majorDestination,編號024A郵箱,,,,,,1,true
Wi-Fi.HK 熱點位置: 置富第一城,Wi-Fi.HK 熱點位置: 置富第一城,majorDestination,Wi-Fi.HK 熱點位置: 置富第一城,,,,,,1,true
香港蘇浙滬同鄉會,香港蘇浙滬同鄉會,majorDestination,香港蘇浙滬同鄉會,,,,,,1,true
香港寧波同鄉會有限公司,香港寧波同鄉會有限公司,majorDestination,香港寧波同鄉會有限公司,,,,,,1,true
已登記的WiFi 熱點: 香港電話有限公司 (APID 07136),已登記的WiFi 熱點: 香港電話有限公司 (APID 07136),majorDestination,已登記的WiFi 熱點: 香港電話有限公司 (APID 07136),,,,,,1,true
瘋狂小面,瘋狂小面,majorDestination,瘋狂小面,,,,,,1,true
安老院舍外展專業服務隊(中西南及離島區),安老院舍外展專業服務隊(中西南及離島區),majorDestination,安老院舍外展專業服務隊(中西南及離島區),,,,,,1,true
巴拿馬駐港商務辦事處,巴拿馬駐港商務辦事處,majorDestination,巴拿馬駐港商務辦事處,,,,,,1,true
Clean the world Asia Limited,Clean the world Asia Limited,majorDestination,Clean the world Asia Limited,,,,,,1,true
中西區及離島區社會保障辦事處,中西區及離島區社會保障辦事處,majorDestination,中西區及離島區社會保障辦事處,,,,,,1,true
7-11便利店-上環,7-11便利店-上環,majorDestination,7-11便利店-上環,,,,,,1,true
廉政公署西港島及離島辦事處,廉政公署西港島及離島辦事處,majorDestination,廉政公署西港島及離島辦事處,,,,,,1,true
卓正楷和有限公司,卓正楷和有限公司,majorDestination,卓正楷和有限公司,,,,,,1,true
已登記的WiFi 熱點: Hong Kong Telecommunications (HKT) Limited (APID 05007),已登記的WiFi 熱點: Hong Kong Telecommunications (HKT) Limited (APID 05007),majorDestination,已登記的WiFi 熱點: Hong Kong Telecommunications (HKT) Limited (APID 05007),,,,,,1,true
關公忠義亭,關公忠義亭,majorDestination,關公忠義亭,,,,,,1,true
晨曦亭,晨曦亭,majorDestination,晨曦亭,,,,,,1,true
巒山壹號涼亭,巒山壹號涼亭,majorDestination,巒山壹號涼亭,,,,,,1,true
怡慶坊,怡慶坊,majorDestination,怡慶坊,,,,,,1,true
BLUE PAVILION,BLUE PAVILION,majorDestination,BLUE PAVILION,,,,,,1,true
FLEUR PAVILION,FLEUR PAVILION,majorDestination,FLEUR PAVILION,,,,,,1,true
M＋展亭,M＋展亭,majorDestination,M＋展亭,,,,,,1,true
賽馬會綜合體藝館,賽馬會綜合體藝館,majorDestination,賽馬會綜合體藝館,,,,,,1,true
Bayview Pavilion,Bayview Pavilion,majorDestination,Bayview Pavilion,,,,,,1,true
太平山獅子亭,太平山獅子亭,majorDestination,太平山獅子亭,,,,,,1,true
碧蘆,碧蘆,majorDestination,碧蘆,,,,,,1,true
東匯坊,東匯坊,majorDestination,東匯坊,,,,,,1,true
Wi-Fi.HK 熱點位置: Great,Wi-Fi.HK 熱點位置: Great,majorDestination,Wi-Fi.HK 熱點位置: Great,,,,,,1,true
肯尼亞 - 名譽領事館,肯尼亞 - 名譽領事館,majorDestination,肯尼亞 - 名譽領事館,,,,,,1,true
已登記的WiFi 熱點: Y5ZONE Limited (APID 08753),已登記的WiFi 熱點: Y5ZONE Limited (APID 08753),majorDestination,已登記的WiFi 熱點: Y5ZONE Limited (APID 08753),,,,,,1,true
已登記的WiFi 熱點: Hong Kong Telecommunications (HKT) Limited (APID 06584),已登記的WiFi 熱點: Hong Kong Telecommunications (HKT) Limited (APID 06584),majorDestination,已登記的WiFi 熱點: Hong Kong Telecommunications (HKT) Limited (APID 06584),,,,,,1,true
已登記的WiFi 熱點: 香港寬頻網絡有限公司 (APID 04372),已登記的WiFi 熱點: 香港寬頻網絡有限公司 (APID 04372),majorDestination,已登記的WiFi 熱點: 香港寬頻網絡有限公司 (APID 04372),,,,,,1,true
已登記的WiFi 熱點: Hong Kong Telecommunications (HKT) Limited (APID 05286),已登記的WiFi 熱點: Hong Kong Telecommunications (HKT) Limited (APID 05286),majorDestination,已登記的WiFi 熱點: Hong Kong Telecommunications (HKT) Limited (APID 05286),,,,,,1,true
已登記的WiFi 熱點: Hong Kong Telecommunications (HKT) Limited (APID 05274),已登記的WiFi 熱點: Hong Kong Telecommunications (HKT) Limited (APID 05274),majorDestination,已登記的WiFi 熱點: Hong Kong Telecommunications (HKT) Limited (APID 05274),,,,,,1,true
已登記的WiFi 熱點: 香港寬頻網絡有限公司 (APID 04386),已登記的WiFi 熱點: 香港寬頻網絡有限公司 (APID 04386),majorDestination,已登記的WiFi 熱點: 香港寬頻網絡有限公司 (APID 04386),,,,,,1,true
已登記的WiFi 熱點: Y5ZONE Limited (APID 08704),已登記的WiFi 熱點: Y5ZONE Limited (APID 08704),majorDestination,已登記的WiFi 熱點: Y5ZONE Limited (APID 08704),,,,,,1,true
已登記的WiFi 熱點: 香港寬頻網絡有限公司 (APID 04337),已登記的WiFi 熱點: 香港寬頻網絡有限公司 (APID 04337),majorDestination,已登記的WiFi 熱點: 香港寬頻網絡有限公司 (APID 04337),,,,,,1,true
已登記的WiFi 熱點: 香港寬頻網絡有限公司 (APID 04365),已登記的WiFi 熱點: 香港寬頻網絡有限公司 (APID 04365),majorDestination,已登記的WiFi 熱點: 香港寬頻網絡有限公司 (APID 04365),,,,,,1,true
已登記的WiFi 熱點: Hong Kong Telecommunications (HKT) Limited (APID 06576),已登記的WiFi 熱點: Hong Kong Telecommunications (HKT) Limited (APID 06576),majorDestination,已登記的WiFi 熱點: Hong Kong Telecommunications (HKT) Limited (APID 06576),,,,,,1,true
已登記的WiFi 熱點: Hong Kong Telecommunications (HKT) Limited (APID 06586),已登記的WiFi 熱點: Hong Kong Telecommunications (HKT) Limited (APID 06586),majorDestination,已登記的WiFi 熱點: Hong Kong Telecommunications (HKT) Limited (APID 06586),,,,,,1,true
已登記的WiFi 熱點: Hong Kong Telecommunications (HKT) Limited (APID 06695),已登記的WiFi 熱點: Hong Kong Telecommunications (HKT) Limited (APID 06695),majorDestination,已登記的WiFi 熱點: Hong Kong Telecommunications (HKT) Limited (APID 06695),,,,,,1,true
已登記的WiFi 熱點: 環球全域電訊有限公司 (APID 00738),已登記的WiFi 熱點: 環球全域電訊有限公司 (APID 00738),majorDestination,已登記的WiFi 熱點: 環球全域電訊有限公司 (APID 00738),,,,,,1,true
已登記的WiFi 熱點: 香港寬頻網絡有限公司 (APID 04266),已登記的WiFi 熱點: 香港寬頻網絡有限公司 (APID 04266),majorDestination,已登記的WiFi 熱點: 香港寬頻網絡有限公司 (APID 04266),,,,,,1,true
已登記的WiFi 熱點: Hong Kong Telecommunications (HKT) Limited (APID 06650),已登記的WiFi 熱點: Hong Kong Telecommunications (HKT) Limited (APID 06650),majorDestination,已登記的WiFi 熱點: Hong Kong Telecommunications (HKT) Limited (APID 06650),,,,,,1,true
已登記的WiFi 熱點: 香港電話有限公司 (APID 07174),已登記的WiFi 熱點: 香港電話有限公司 (APID 07174),majorDestination,已登記的WiFi 熱點: 香港電話有限公司 (APID 07174),,,,,,1,true
朗譽,朗譽,majorDestination,朗譽,,,,,,1,true
譽88,譽88,majorDestination,譽88,,,,,,1,true
上將府,上將府,majorDestination,上將府,,,,,,1,true
藍塘傲第1座,藍塘傲第1座,majorDestination,藍塘傲第1座,,,,,,1,true
藍塘傲第2座,藍塘傲第2座,majorDestination,藍塘傲第2座,,,,,,1,true
香港學堂,香港學堂,majorDestination,香港學堂,,,,,,1,true
綠楊坊,綠楊坊,majorDestination,綠楊坊,,,,,,1,true
TASTE X FRESH-綠楊坊,TASTE X FRESH-綠楊坊,majorDestination,TASTE X FRESH-綠楊坊,,,,,,1,true
OK便利店-綠楊坊,OK便利店-綠楊坊,majorDestination,OK便利店-綠楊坊,,,,,,1,true
大網仔郊遊區及亭,大網仔郊遊區及亭,majorDestination,大網仔郊遊區及亭,,,,,,1,true
鴨脷洲公園 - 近六角亭,鴨脷洲公園 - 近六角亭,majorDestination,鴨脷洲公園 - 近六角亭,,,,,,1,true
大埔海濱公園 - 孖亭,大埔海濱公園 - 孖亭,majorDestination,大埔海濱公園 - 孖亭,,,,,,1,true
大埔海濱公園 - 一號亭,大埔海濱公園 - 一號亭,majorDestination,大埔海濱公園 - 一號亭,,,,,,1,true
維多利亞公園 - 山丘涼亭 (指定位置),維多利亞公園 - 山丘涼亭 (指定位置),majorDestination,維多利亞公園 - 山丘涼亭 (指定位置),,,,,,1,true
Wi-Fi.HK 熱點位置: FOOD PARC,Wi-Fi.HK 熱點位置: FOOD PARC,majorDestination,Wi-Fi.HK 熱點位置: FOOD PARC,,,,,,1,true
已登記的WiFi 熱點: 香港寬頻網絡有限公司 (APID 03239),已登記的WiFi 熱點: 香港寬頻網絡有限公司 (APID 03239),majorDestination,已登記的WiFi 熱點: 香港寬頻網絡有限公司 (APID 03239),,,,,,1,true
已登記的WiFi 熱點: Hong Kong Telecommunications (HKT) Limited (APID 05539),已登記的WiFi 熱點: Hong Kong Telecommunications (HKT) Limited (APID 05539),majorDestination,已登記的WiFi 熱點: Hong Kong Telecommunications (HKT) Limited (APID 05539),,,,,,1,true
已登記的WiFi 熱點: 香港電話有限公司 (APID 07327),已登記的WiFi 熱點: 香港電話有限公司 (APID 07327),majorDestination,已登記的WiFi 熱點: 香港電話有限公司 (APID 07327),,,,,,1,true
太極,太極,majorDestination,太極,,,,,,1,true
金雀會,金雀會,majorDestination,金雀會,,,,,,1,true
惠康超級市場-灣仔,惠康超級市場-灣仔,majorDestination,惠康超級市場-灣仔,,,,,,1,true
富達樓 (前稱),富達樓 (前稱),majorDestination,富達樓 (前稱),,,,,,1,true
百龍匯智人力中介社企計劃,百龍匯智人力中介社企計劃,majorDestination,百龍匯智人力中介社企計劃,,,,,,1,true
儁康綜合治療服務,儁康綜合治療服務,majorDestination,儁康綜合治療服務,,,,,,1,true
要有光,要有光,majorDestination,要有光,,,,,,1,true
鳯凰會,鳯凰會,majorDestination,鳯凰會,,,,,,1,true
說書人香港有限公司,說書人香港有限公司,majorDestination,說書人香港有限公司,,,,,,1,true
MIST,MIST,majorDestination,MIST,,,,,,1,true
嘛嘛地,嘛嘛地,majorDestination,嘛嘛地,,,,,,1,true
WITH THE STAR,WITH THE STAR,majorDestination,WITH THE STAR,,,,,,1,true
基督教頌主堂香港分堂,基督教頌主堂香港分堂,majorDestination,基督教頌主堂香港分堂,,,,,,1,true
王春波醫生,王春波醫生,majorDestination,王春波醫生,,,,,,1,true
袁志豪醫生,袁志豪醫生,majorDestination,袁志豪醫生,,,,,,1,true
已登記的WiFi 熱點: Hong Kong Telecommunications (HKT) Limited (APID 05566),已登記的WiFi 熱點: Hong Kong Telecommunications (HKT) Limited (APID 05566),majorDestination,已登記的WiFi 熱點: Hong Kong Telecommunications (HKT) Limited (APID 05566),,,,,,1,true
東華三院「凝愛」學前教育駐校社工服務隊(沙田),東華三院「凝愛」學前教育駐校社工服務隊(沙田),majorDestination,東華三院「凝愛」學前教育駐校社工服務隊(沙田),,,,,,1,true
陽光幼苗 學前單位社會工作服務(沙田一隊),陽光幼苗 學前單位社會工作服務(沙田一隊),majorDestination,陽光幼苗 學前單位社會工作服務(沙田一隊),,,,,,1,true
Wi-Fi.HK 熱點位置: McCafe - 綠楊坊,Wi-Fi.HK 熱點位置: McCafe - 綠楊坊,majorDestination,Wi-Fi.HK 熱點位置: McCafe - 綠楊坊,,,,,,1,true
Wi-Fi.HK 熱點位置: 麥當勞 - 綠楊坊,Wi-Fi.HK 熱點位置: 麥當勞 - 綠楊坊,majorDestination,Wi-Fi.HK 熱點位置: 麥當勞 - 綠楊坊,,,,,,1,true
Wi-Fi.HK 熱點位置: 綠楊坊,Wi-Fi.HK 熱點位置: 綠楊坊,majorDestination,Wi-Fi.HK 熱點位置: 綠楊坊,,,,,,1,true
惠康超級市場-火炭,惠康超級市場-火炭,majorDestination,惠康超級市場-火炭,,,,,,1,true
惠澤社區藥房,惠澤社區藥房,majorDestination,惠澤社區藥房,,,,,,1,true
編號465郵箱,編號465郵箱,majorDestination,編號465郵箱,,,,,,1,true
回收機構及收集點： 屈臣氏,回收機構及收集點： 屈臣氏,majorDestination,回收機構及收集點： 屈臣氏,,,,,,1,true
已登記的WiFi 熱點: 香港電話有限公司 (APID 07458),已登記的WiFi 熱點: 香港電話有限公司 (APID 07458),majorDestination,已登記的WiFi 熱點: 香港電話有限公司 (APID 07458),,,,,,1,true
已登記的WiFi 熱點: Y5ZONE Limited (APID 08032),已登記的WiFi 熱點: Y5ZONE Limited (APID 08032),majorDestination,已登記的WiFi 熱點: Y5ZONE Limited (APID 08032),,,,,,1,true
已登記的WiFi 熱點: Y5ZONE Limited (APID 08130),已登記的WiFi 熱點: Y5ZONE Limited (APID 08130),majorDestination,已登記的WiFi 熱點: Y5ZONE Limited (APID 08130),,,,,,1,true
已登記的WiFi 熱點: 香港寬頻網絡有限公司 (APID 02820),已登記的WiFi 熱點: 香港寬頻網絡有限公司 (APID 02820),majorDestination,已登記的WiFi 熱點: 香港寬頻網絡有限公司 (APID 02820),,,,,,1,true
已登記的WiFi 熱點: Y5ZONE Limited (APID 08031),已登記的WiFi 熱點: Y5ZONE Limited (APID 08031),majorDestination,已登記的WiFi 熱點: Y5ZONE Limited (APID 08031),,,,,,1,true
已登記的WiFi 熱點: 香港寬頻網絡有限公司 (APID 02821),已登記的WiFi 熱點: 香港寬頻網絡有限公司 (APID 02821),majorDestination,已登記的WiFi 熱點: 香港寬頻網絡有限公司 (APID 02821),,,,,,1,true
東涌北公園 - 兒童遊樂場-近涼亭,東涌北公園 - 兒童遊樂場-近涼亭,majorDestination,東涌北公園 - 兒童遊樂場-近涼亭,,,,,,1,true
荔枝角公園 - 三期近共融遊樂設施的八角亭,荔枝角公園 - 三期近共融遊樂設施的八角亭,majorDestination,荔枝角公園 - 三期近共融遊樂設施的八角亭,,,,,,1,true
HONG KONG JOCKEY CLUB,HONG KONG JOCKEY CLUB,majorDestination,HONG KONG JOCKEY CLUB,,,,,,1,true
PARKNSHOP 鰂魚涌,PARKNSHOP 鰂魚涌,majorDestination,PARKNSHOP 鰂魚涌,,,,,,1,true
回收機構及收集點： 綠在西貢墟回收流動點 - 009,回收機構及收集點： 綠在西貢墟回收流動點 - 009,majorDestination,回收機構及收集點： 綠在西貢墟回收流動點 - 009,,,,,,1,true
回收機構及收集點： 綠在鰂魚涌,回收機構及收集點： 綠在鰂魚涌,majorDestination,回收機構及收集點： 綠在鰂魚涌,,,,,,1,true
CALM Medical Group,CALM Medical Group,majorDestination,CALM Medical Group,,,,,,1,true
回收機構及收集點： 三星,回收機構及收集點： 三星,majorDestination,回收機構及收集點： 三星,,,,,,1,true
已登記的WiFi 熱點: Y5ZONE Limited (APID 08413),已登記的WiFi 熱點: Y5ZONE Limited (APID 08413),majorDestination,已登記的WiFi 熱點: Y5ZONE Limited (APID 08413),,,,,,1,true
已登記的WiFi 熱點: 香港寬頻網絡有限公司 (APID 03423),已登記的WiFi 熱點: 香港寬頻網絡有限公司 (APID 03423),majorDestination,已登記的WiFi 熱點: 香港寬頻網絡有限公司 (APID 03423),,,,,,1,true
已登記的WiFi 熱點: 香港寬頻網絡有限公司 (APID 03424),已登記的WiFi 熱點: 香港寬頻網絡有限公司 (APID 03424),majorDestination,已登記的WiFi 熱點: 香港寬頻網絡有限公司 (APID 03424),,,,,,1,true
已登記的WiFi 熱點: Hong Kong Telecommunications (HKT) Limited (APID 05761),已登記的WiFi 熱點: Hong Kong Telecommunications (HKT) Limited (APID 05761),majorDestination,已登記的WiFi 熱點: Hong Kong Telecommunications (HKT) Limited (APID 05761),,,,,,1,true
已登記的WiFi 熱點: Y5ZONE Limited (APID 08414),已登記的WiFi 熱點: Y5ZONE Limited (APID 08414),majorDestination,已登記的WiFi 熱點: Y5ZONE Limited (APID 08414),,,,,,1,true
已登記的WiFi 熱點: 香港寬頻網絡有限公司 (APID 03408),已登記的WiFi 熱點: 香港寬頻網絡有限公司 (APID 03408),majorDestination,已登記的WiFi 熱點: 香港寬頻網絡有限公司 (APID 03408),,,,,,1,true
VIDA MIA PIANO LOUNGE,VIDA MIA PIANO LOUNGE,majorDestination,VIDA MIA PIANO LOUNGE,,,,,,1,true
7-11便利店-銅鑼灣,7-11便利店-銅鑼灣,majorDestination,7-11便利店-銅鑼灣,,,,,,1,true
DENSBEAUTY,DENSBEAUTY,majorDestination,DENSBEAUTY,,,,,,1,true
岑海音牙科醫生醫務所,岑海音牙科醫生醫務所,majorDestination,岑海音牙科醫生醫務所,,,,,,1,true
黃玉庭醫生,黃玉庭醫生,majorDestination,黃玉庭醫生,,,,,,1,true
松心薈,松心薈,majorDestination,松心薈,,,,,,1,true
已登記的WiFi 熱點: 香港電話有限公司 (APID 07386),已登記的WiFi 熱點: 香港電話有限公司 (APID 07386),majorDestination,已登記的WiFi 熱點: 香港電話有限公司 (APID 07386),,,,,,1,true
已登記的WiFi 熱點: Hong Kong Telecommunications (HKT) Limited (APID 05838),已登記的WiFi 熱點: Hong Kong Telecommunications (HKT) Limited (APID 05838),majorDestination,已登記的WiFi 熱點: Hong Kong Telecommunications (HKT) Limited (APID 05838),,,,,,1,true
皇仁舊生會,皇仁舊生會,majorDestination,皇仁舊生會,,,,,,1,true
SEED,SEED,majorDestination,SEED,,,,,,1,true
D1酒廊,D1酒廊,majorDestination,D1酒廊,,,,,,1,true
秀殿,秀殿,majorDestination,秀殿,,,,,,1,true
ZENSE,ZENSE,majorDestination,ZENSE,,,,,,1,true
樂協,樂協,majorDestination,樂協,,,,,,1,true
E MOLTO BUONO,E MOLTO BUONO,majorDestination,E MOLTO BUONO,,,,,,1,true
已登記的WiFi 熱點: Hong Kong Telecommunications (HKT) Limited (APID 05837),已登記的WiFi 熱點: Hong Kong Telecommunications (HKT) Limited (APID 05837),majorDestination,已登記的WiFi 熱點: Hong Kong Telecommunications (HKT) Limited (APID 05837),,,,,,1,true
納米比亞 - 名譽領事館,納米比亞 - 名譽領事館,majorDestination,納米比亞 - 名譽領事館,,,,,,1,true
沈南珠,沈南珠,majorDestination,沈南珠,,,,,,1,true
南華興有限公司,南華興有限公司,majorDestination,南華興有限公司,,,,,,1,true
Wi-Fi.HK 熱點位置: 「學趣滿園~到校學前康復服務」(第三隊),Wi-Fi.HK 熱點位置: 「學趣滿園~到校學前康復服務」(第三隊),majorDestination,Wi-Fi.HK 熱點位置: 「學趣滿園~到校學前康復服務」(第三隊),,,,,,1,true
已登記的WiFi 熱點: 環球全域電訊有限公司 (APID 02014),已登記的WiFi 熱點: 環球全域電訊有限公司 (APID 02014),majorDestination,已登記的WiFi 熱點: 環球全域電訊有限公司 (APID 02014),,,,,,1,true
皇子薈,皇子薈,majorDestination,皇子薈,,,,,,1,true
尚臻維港,尚臻維港,majorDestination,尚臻維港,,,,,,1,true
中華基督教會香港閩南堂北角堂,中華基督教會香港閩南堂北角堂,majorDestination,中華基督教會香港閩南堂北角堂,,,,,,1,true
永雯學習課室,永雯學習課室,majorDestination,永雯學習課室,,,,,,1,true
祥記膠輪(香港)汽車用品有限公司,祥記膠輪(香港)汽車用品有限公司,majorDestination,祥記膠輪(香港)汽車用品有限公司,,,,,,1,true
OK便利店,OK便利店,majorDestination,OK便利店,,,,,,1,true
已登記的WiFi 熱點: Y5ZONE Limited (APID 08506),已登記的WiFi 熱點: Y5ZONE Limited (APID 08506),majorDestination,已登記的WiFi 熱點: Y5ZONE Limited (APID 08506),,,,,,1,true
香港棍網球總會有限公司,香港棍網球總會有限公司,majorDestination,香港棍網球總會有限公司,,,,,,1,true
藍塘傲第3座,藍塘傲第3座,majorDestination,藍塘傲第3座,,,,,,1,true
藍塘傲第5座,藍塘傲第5座,majorDestination,藍塘傲第5座,,,,,,1,true
藍塘傲第6座,藍塘傲第6座,majorDestination,藍塘傲第6座,,,,,,1,true
藍塘傲第7座,藍塘傲第7座,majorDestination,藍塘傲第7座,,,,,,1,true
藍塘傲第8座,藍塘傲第8座,majorDestination,藍塘傲第8座,,,,,,1,true
譽88第一座,譽88第一座,majorDestination,譽88第一座,,,,,,1,true
譽88第二座,譽88第二座,majorDestination,譽88第二座,,,,,,1,true
蔚藍灣畔第1座,蔚藍灣畔第1座,majorDestination,蔚藍灣畔第1座,,,,,,1,true
蔚藍灣畔第2座,蔚藍灣畔第2座,majorDestination,蔚藍灣畔第2座,,,,,,1,true
蔚藍灣畔第3座,蔚藍灣畔第3座,majorDestination,蔚藍灣畔第3座,,,,,,1,true
蔚藍灣畔第5座,蔚藍灣畔第5座,majorDestination,蔚藍灣畔第5座,,,,,,1,true
蔚藍灣畔第6座,蔚藍灣畔第6座,majorDestination,蔚藍灣畔第6座,,,,,,1,true
蔚藍灣畔第7座,蔚藍灣畔第7座,majorDestination,蔚藍灣畔第7座,,,,,,1,true
貝沙灣第1期,貝沙灣第1期,majorDestination,貝沙灣第1期,,,,,,1,true
大坑坊眾福利會,大坑坊眾福利會,majorDestination,大坑坊眾福利會,,,,,,1,true
藍塘傲,藍塘傲,majorDestination,藍塘傲,,,,,,1,true
賽馬會群智堂,賽馬會群智堂,majorDestination,賽馬會群智堂,,,,,,1,true
鷓鴣坑,鷓鴣坑,majorDestination,鷓鴣坑,,,,,,1,true
牛牯灣山莊,牛牯灣山莊,majorDestination,牛牯灣山莊,,,,,,1,true
顧鐵華費肇芬伉儷樓,顧鐵華費肇芬伉儷樓,majorDestination,顧鐵華費肇芬伉儷樓,,,,,,1,true
大夫第,大夫第,majorDestination,大夫第,,,,,,1,true
泰園,泰園,majorDestination,泰園,,,,,,1,true
泰亨,泰亨,majorDestination,泰亨,,,,,,1,true
和富汽車工程,和富汽車工程,majorDestination,和富汽車工程,,,,,,1,true
成豐汽車服務公司,成豐汽車服務公司,majorDestination,成豐汽車服務公司,,,,,,1,true
摙香樓,摙香樓,majorDestination,摙香樓,,,,,,1,true
已登記的WiFi 熱點: Sunevision Super E-Network Limited (APID 07704),已登記的WiFi 熱點: Sunevision Super E-Network Limited (APID 07704),majorDestination,已登記的WiFi 熱點: Sunevision Super E-Network Limited (APID 07704),,,,,,1,true
已登記的WiFi 熱點: 香港寬頻網絡有限公司 (APID 04376),已登記的WiFi 熱點: 香港寬頻網絡有限公司 (APID 04376),majorDestination,已登記的WiFi 熱點: 香港寬頻網絡有限公司 (APID 04376),,,,,,1,true
已登記的WiFi 熱點: 香港寬頻網絡有限公司 (APID 04351),已登記的WiFi 熱點: 香港寬頻網絡有限公司 (APID 04351),majorDestination,已登記的WiFi 熱點: 香港寬頻網絡有限公司 (APID 04351),,,,,,1,true
已登記的WiFi 熱點: Hong Kong Telecommunications (HKT) Limited (APID 06599),已登記的WiFi 熱點: Hong Kong Telecommunications (HKT) Limited (APID 06599),majorDestination,已登記的WiFi 熱點: Hong Kong Telecommunications (HKT) Limited (APID 06599),,,,,,1,true
已登記的WiFi 熱點: 環球全域電訊有限公司 (APID 01962),已登記的WiFi 熱點: 環球全域電訊有限公司 (APID 01962),majorDestination,已登記的WiFi 熱點: 環球全域電訊有限公司 (APID 01962),,,,,,1,true
已登記的WiFi 熱點: 香港寬頻網絡有限公司 (APID 04335),已登記的WiFi 熱點: 香港寬頻網絡有限公司 (APID 04335),majorDestination,已登記的WiFi 熱點: 香港寬頻網絡有限公司 (APID 04335),,,,,,1,true
西城六十,西城六十,majorDestination,西城六十,,,,,,1,true
上環浸信會,上環浸信會,majorDestination,上環浸信會,,,,,,1,true
加零壹搬屋,加零壹搬屋,majorDestination,加零壹搬屋,,,,,,1,true
活現香港,活現香港,majorDestination,活現香港,,,,,,1,true
回收機構及收集點： 綠在上環,回收機構及收集點： 綠在上環,majorDestination,回收機構及收集點： 綠在上環,,,,,,1,true
活力國際專業護理有限公司,活力國際專業護理有限公司,majorDestination,活力國際專業護理有限公司,,,,,,1,true
斯洛伐克共和國 - 名譽領事館,斯洛伐克共和國 - 名譽領事館,majorDestination,斯洛伐克共和國 - 名譽領事館,,,,,,1,true
已登記的WiFi 熱點: 環球全域電訊有限公司 (APID 00924),已登記的WiFi 熱點: 環球全域電訊有限公司 (APID 00924),majorDestination,已登記的WiFi 熱點: 環球全域電訊有限公司 (APID 00924),,,,,,1,true
已登記的WiFi 熱點: 環球全域電訊有限公司 (APID 00925),已登記的WiFi 熱點: 環球全域電訊有限公司 (APID 00925),majorDestination,已登記的WiFi 熱點: 環球全域電訊有限公司 (APID 00925),,,,,,1,true
已登記的WiFi 熱點: 環球全域電訊有限公司 (APID 00926),已登記的WiFi 熱點: 環球全域電訊有限公司 (APID 00926),majorDestination,已登記的WiFi 熱點: 環球全域電訊有限公司 (APID 00926),,,,,,1,true
已登記的WiFi 熱點: 環球全域電訊有限公司 (APID 00927),已登記的WiFi 熱點: 環球全域電訊有限公司 (APID 00927),majorDestination,已登記的WiFi 熱點: 環球全域電訊有限公司 (APID 00927),,,,,,1,true
編號354郵箱,編號354郵箱,majorDestination,編號354郵箱,,,,,,1,true
已登記的WiFi 熱點: Hong Kong Telecommunications (HKT) Limited (APID 05671),已登記的WiFi 熱點: Hong Kong Telecommunications (HKT) Limited (APID 05671),majorDestination,已登記的WiFi 熱點: Hong Kong Telecommunications (HKT) Limited (APID 05671),,,,,,1,true
已登記的WiFi 熱點: Hong Kong Telecommunications (HKT) Limited (APID 05672),已登記的WiFi 熱點: Hong Kong Telecommunications (HKT) Limited (APID 05672),majorDestination,已登記的WiFi 熱點: Hong Kong Telecommunications (HKT) Limited (APID 05672),,,,,,1,true
老友所醫,老友所醫,majorDestination,老友所醫,,,,,,1,true
老友宅醫,老友宅醫,majorDestination,老友宅醫,,,,,,1,true
陳惠玲醫生醫務所,陳惠玲醫生醫務所,majorDestination,陳惠玲醫生醫務所,,,,,,1,true
鍾錦文醫生醫務所,鍾錦文醫生醫務所,majorDestination,鍾錦文醫生醫務所,,,,,,1,true
九龍半島醫學有限公司,九龍半島醫學有限公司,majorDestination,九龍半島醫學有限公司,,,,,,1,true
嘉諾撒仁愛女修會-嘉諾撒聖瑪莉修院,嘉諾撒仁愛女修會-嘉諾撒聖瑪莉修院,majorDestination,嘉諾撒仁愛女修會-嘉諾撒聖瑪莉修院,,,,,,1,true
百利潮流坊,百利潮流坊,majorDestination,百利潮流坊,,,,,,1,true
HOME PARTY,HOME PARTY,majorDestination,HOME PARTY,,,,,,1,true
維多利亞,維多利亞,majorDestination,維多利亞,,,,,,1,true
DASH LIVING ON PRAT,DASH LIVING ON PRAT,majorDestination,DASH LIVING ON PRAT,,,,,,1,true
蘇丹 - 名譽領事館,蘇丹 - 名譽領事館,majorDestination,蘇丹 - 名譽領事館,,,,,,1,true
基督教樂傳生命堂,基督教樂傳生命堂,majorDestination,基督教樂傳生命堂,,,,,,1,true
基督教聖約教會遠東堂,基督教聖約教會遠東堂,majorDestination,基督教聖約教會遠東堂,,,,,,1,true
Market Place-瑞信,Market Place-瑞信,majorDestination,Market Place-瑞信,,,,,,1,true
統欣有限公司,統欣有限公司,majorDestination,統欣有限公司,,,,,,1,true
GALA CINEMA (朗豪坊),GALA CINEMA (朗豪坊),majorDestination,GALA CINEMA (朗豪坊),,,,,,1,true
編號352郵箱,編號352郵箱,majorDestination,編號352郵箱,,,,,,1,true
編號452郵箱,編號452郵箱,majorDestination,編號452郵箱,,,,,,1,true
回收機構及收集點： Sony,回收機構及收集點： Sony,majorDestination,回收機構及收集點： Sony,,,,,,1,true
已登記的WiFi 熱點: 香港寬頻網絡有限公司 (APID 03183),已登記的WiFi 熱點: 香港寬頻網絡有限公司 (APID 03183),majorDestination,已登記的WiFi 熱點: 香港寬頻網絡有限公司 (APID 03183),,,,,,1,true
已登記的WiFi 熱點: Hong Kong Telecommunications (HKT) Limited (APID 05494),已登記的WiFi 熱點: Hong Kong Telecommunications (HKT) Limited (APID 05494),majorDestination,已登記的WiFi 熱點: Hong Kong Telecommunications (HKT) Limited (APID 05494),,,,,,1,true
浩明威雅舍,浩明威雅舍,majorDestination,浩明威雅舍,,,,,,1,true
鄧耀聰醫生,鄧耀聰醫生,majorDestination,鄧耀聰醫生,,,,,,1,true
譽城藥房有限公司,譽城藥房有限公司,majorDestination,譽城藥房有限公司,,,,,,1,true
已登記的WiFi 熱點: Hong Kong Telecommunications (HKT) Limited (APID 05379),已登記的WiFi 熱點: Hong Kong Telecommunications (HKT) Limited (APID 05379),majorDestination,已登記的WiFi 熱點: Hong Kong Telecommunications (HKT) Limited (APID 05379),,,,,,1,true
救世軍海泰長者之家 [安老院] / 救世軍旺角長者社區照顧服務券計劃 [社區券認可服務單位],救世軍海泰長者之家 [安老院] / 救世軍旺角長者社區照顧服務券計劃 [社區券認可服務單位],majorDestination,救世軍海泰長者之家 [安老院] / 救世軍旺角長者社區照顧服務券計劃 [社區券認可服務單位],,,,,,1,true
香港海豐同鄉會有限公司,香港海豐同鄉會有限公司,majorDestination,香港海豐同鄉會有限公司,,,,,,1,true
救世軍海泰長者之家,救世軍海泰長者之家,majorDestination,救世軍海泰長者之家,,,,,,1,true
零距府邸 ‧ 旺角,零距府邸 ‧ 旺角,majorDestination,零距府邸 ‧ 旺角,,,,,,1,true
X 光化驗所 (旺角),X 光化驗所 (旺角),majorDestination,X 光化驗所 (旺角),,,,,,1,true
崇恩浸信教會,崇恩浸信教會,majorDestination,崇恩浸信教會,,,,,,1,true
旺角浸信會,旺角浸信會,majorDestination,旺角浸信會,,,,,,1,true
旺角社會保障辦事處,旺角社會保障辦事處,majorDestination,旺角社會保障辦事處,,,,,,1,true
UPPER BAR AND RESTAURANT,UPPER BAR AND RESTAURANT,majorDestination,UPPER BAR AND RESTAURANT,,,,,,1,true
Beyond Classroom - Own Your Future,Beyond Classroom - Own Your Future,majorDestination,Beyond Classroom - Own Your Future,,,,,,1,true
品味舫,品味舫,majorDestination,品味舫,,,,,,1,true
安然康健服務 – 第三隊,安然康健服務 – 第三隊,majorDestination,安然康健服務 – 第三隊,,,,,,1,true
星際城市,星際城市,majorDestination,星際城市,,,,,,1,true
LIVE CAFE RHYTHM,LIVE CAFE RHYTHM,majorDestination,LIVE CAFE RHYTHM,,,,,,1,true
更生同行計劃,更生同行計劃,majorDestination,更生同行計劃,,,,,,1,true
聯發會所,聯發會所,majorDestination,聯發會所,,,,,,1,true
基督教會忠信堂,基督教會忠信堂,majorDestination,基督教會忠信堂,,,,,,1,true
深恩浸信會,深恩浸信會,majorDestination,深恩浸信會,,,,,,1,true
基督教多加堂,基督教多加堂,majorDestination,基督教多加堂,,,,,,1,true
太子平安福音堂,太子平安福音堂,majorDestination,太子平安福音堂,,,,,,1,true
基督教香港信義會頌恩堂,基督教香港信義會頌恩堂,majorDestination,基督教香港信義會頌恩堂,,,,,,1,true
西醫謝宗仁,西醫謝宗仁,majorDestination,西醫謝宗仁,,,,,,1,true
騰悅醫健服務有限公司,騰悅醫健服務有限公司,majorDestination,騰悅醫健服務有限公司,,,,,,1,true
黎國良醫生醫務所,黎國良醫生醫務所,majorDestination,黎國良醫生醫務所,,,,,,1,true
惠康超級市場-星際城市,惠康超級市場-星際城市,majorDestination,惠康超級市場-星際城市,,,,,,1,true
西醫鍾國華醫務所,西醫鍾國華醫務所,majorDestination,西醫鍾國華醫務所,,,,,,1,true
希希,希希,majorDestination,希希,,,,,,1,true
德昇(華信)汽車有限公司,德昇(華信)汽車有限公司,majorDestination,德昇(華信)汽車有限公司,,,,,,1,true
永發汽車工程,永發汽車工程,majorDestination,永發汽車工程,,,,,,1,true
已登記的WiFi 熱點: 香港寬頻網絡有限公司 (APID 03089),已登記的WiFi 熱點: 香港寬頻網絡有限公司 (APID 03089),majorDestination,已登記的WiFi 熱點: 香港寬頻網絡有限公司 (APID 03089),,,,,,1,true
已登記的WiFi 熱點: 香港寬頻網絡有限公司 (APID 03241),已登記的WiFi 熱點: 香港寬頻網絡有限公司 (APID 03241),majorDestination,已登記的WiFi 熱點: 香港寬頻網絡有限公司 (APID 03241),,,,,,1,true
已登記的WiFi 熱點: 香港寬頻網絡有限公司 (APID 03242),已登記的WiFi 熱點: 香港寬頻網絡有限公司 (APID 03242),majorDestination,已登記的WiFi 熱點: 香港寬頻網絡有限公司 (APID 03242),,,,,,1,true
香港大鵬同鄉會有限公司,香港大鵬同鄉會有限公司,majorDestination,香港大鵬同鄉會有限公司,,,,,,1,true
CAFE BONITA,CAFE BONITA,majorDestination,CAFE BONITA,,,,,,1,true
佐敦谷遊樂場,佐敦谷遊樂場,majorDestination,佐敦谷遊樂場,,,,,,1,true
順利 (佐敦谷公園) 停車場,順利 (佐敦谷公園) 停車場,majorDestination,順利 (佐敦谷公園) 停車場,,,,,,1,true
新領域生涯規劃,新領域生涯規劃,majorDestination,新領域生涯規劃,,,,,,1,true
益雅旅館,益雅旅館,majorDestination,益雅旅館,,,,,,1,true
7-11便利店-油麻地,7-11便利店-油麻地,majorDestination,7-11便利店-油麻地,,,,,,1,true
尼泊爾社區支援小組,尼泊爾社區支援小組,majorDestination,尼泊爾社區支援小組,,,,,,1,true
香港青年協會青樂幼兒園(油麻地),香港青年協會青樂幼兒園(油麻地),majorDestination,香港青年協會青樂幼兒園(油麻地),,,,,,1,true
PLAY,PLAY,majorDestination,PLAY,,,,,,1,true
初咖啡,初咖啡,majorDestination,初咖啡,,,,,,1,true
逗號咖啡室,逗號咖啡室,majorDestination,逗號咖啡室,,,,,,1,true
月光傳說,月光傳說,majorDestination,月光傳說,,,,,,1,true
THE JOY BOX,THE JOY BOX,majorDestination,THE JOY BOX,,,,,,1,true
如易,如易,majorDestination,如易,,,,,,1,true
萃謙集團健康服務有限公司,萃謙集團健康服務有限公司,majorDestination,萃謙集團健康服務有限公司,,,,,,1,true
悅思永星客棧,悅思永星客棧,majorDestination,悅思永星客棧,,,,,,1,true
DASH LIVING ON TUNG FONG,DASH LIVING ON TUNG FONG,majorDestination,DASH LIVING ON TUNG FONG,,,,,,1,true
吳尚義西醫醫務所,吳尚義西醫醫務所,majorDestination,吳尚義西醫醫務所,,,,,,1,true
廉政公署西九龍辦事處,廉政公署西九龍辦事處,majorDestination,廉政公署西九龍辦事處,,,,,,1,true
已登記的WiFi 熱點: Hong Kong Telecommunications (HKT) Limited (APID 05459),已登記的WiFi 熱點: Hong Kong Telecommunications (HKT) Limited (APID 05459),majorDestination,已登記的WiFi 熱點: Hong Kong Telecommunications (HKT) Limited (APID 05459),,,,,,1,true
已登記的WiFi 熱點: Y5ZONE Limited (APID 08250),已登記的WiFi 熱點: Y5ZONE Limited (APID 08250),majorDestination,已登記的WiFi 熱點: Y5ZONE Limited (APID 08250),,,,,,1,true
已登記的WiFi 熱點: Hong Kong Telecommunications (HKT) Limited (APID 05429),已登記的WiFi 熱點: Hong Kong Telecommunications (HKT) Limited (APID 05429),majorDestination,已登記的WiFi 熱點: Hong Kong Telecommunications (HKT) Limited (APID 05429),,,,,,1,true
僑港羅定同鄉會有限公司,僑港羅定同鄉會有限公司,majorDestination,僑港羅定同鄉會有限公司,,,,,,1,true
救世軍南山長者之家,救世軍南山長者之家,majorDestination,救世軍南山長者之家,,,,,,1,true
映岸(又名東華·南昌匯),映岸(又名東華·南昌匯),majorDestination,映岸(又名東華·南昌匯),,,,,,1,true
基督教香港崇真會深水埗堂屯門分堂,基督教香港崇真會深水埗堂屯門分堂,majorDestination,基督教香港崇真會深水埗堂屯門分堂,,,,,,1,true
中華基督教會英華堂,中華基督教會英華堂,majorDestination,中華基督教會英華堂,,,,,,1,true
昭悅教室,昭悅教室,majorDestination,昭悅教室,,,,,,1,true
慈愛護老院,慈愛護老院,majorDestination,慈愛護老院,,,,,,1,true
香港基督教服務處共餉 - 短期食物援助服務隊,香港基督教服務處共餉 - 短期食物援助服務隊,majorDestination,香港基督教服務處共餉 - 短期食物援助服務隊,,,,,,1,true
恩平鄉親聯誼會有限公司,恩平鄉親聯誼會有限公司,majorDestination,恩平鄉親聯誼會有限公司,,,,,,1,true
聚福護老院有限公司,聚福護老院有限公司,majorDestination,聚福護老院有限公司,,,,,,1,true
十字架山浸信會,十字架山浸信會,majorDestination,十字架山浸信會,,,,,,1,true
循理會賜恩堂,循理會賜恩堂,majorDestination,循理會賜恩堂,,,,,,1,true
興田浸信會,興田浸信會,majorDestination,興田浸信會,,,,,,1,true
長沙灣平安福音堂,長沙灣平安福音堂,majorDestination,長沙灣平安福音堂,,,,,,1,true
五旬節聖潔會華人區會-五旬節聖潔會九龍堂,五旬節聖潔會華人區會-五旬節聖潔會九龍堂,majorDestination,五旬節聖潔會華人區會-五旬節聖潔會九龍堂,,,,,,1,true
惠康超級市場-南昌薈,惠康超級市場-南昌薈,majorDestination,惠康超級市場-南昌薈,,,,,,1,true
7-11便利店-深水埗,7-11便利店-深水埗,majorDestination,7-11便利店-深水埗,,,,,,1,true
7-11便利店-觀塘,7-11便利店-觀塘,majorDestination,7-11便利店-觀塘,,,,,,1,true
已登記的WiFi 熱點: Hong Kong Telecommunications (HKT) Limited (APID 06313),已登記的WiFi 熱點: Hong Kong Telecommunications (HKT) Limited (APID 06313),majorDestination,已登記的WiFi 熱點: Hong Kong Telecommunications (HKT) Limited (APID 06313),,,,,,1,true
已登記的WiFi 熱點: Hong Kong Telecommunications (HKT) Limited (APID 06314),已登記的WiFi 熱點: Hong Kong Telecommunications (HKT) Limited (APID 06314),majorDestination,已登記的WiFi 熱點: Hong Kong Telecommunications (HKT) Limited (APID 06314),,,,,,1,true
已登記的WiFi 熱點: Hong Kong Telecommunications (HKT) Limited (APID 06312),已登記的WiFi 熱點: Hong Kong Telecommunications (HKT) Limited (APID 06312),majorDestination,已登記的WiFi 熱點: Hong Kong Telecommunications (HKT) Limited (APID 06312),,,,,,1,true
已登記的WiFi 熱點: 環球全域電訊有限公司 (APID 01483),已登記的WiFi 熱點: 環球全域電訊有限公司 (APID 01483),majorDestination,已登記的WiFi 熱點: 環球全域電訊有限公司 (APID 01483),,,,,,1,true
麥當勞叔叔之家（觀塘）,麥當勞叔叔之家（觀塘）,majorDestination,麥當勞叔叔之家（觀塘）,,,,,,1,true
家園便利店(牛頭角店),家園便利店(牛頭角店),majorDestination,家園便利店(牛頭角店),,,,,,1,true
OK便利店-喜鵲樓,OK便利店-喜鵲樓,majorDestination,OK便利店-喜鵲樓,,,,,,1,true
7-11便利店-牛頭角,7-11便利店-牛頭角,majorDestination,7-11便利店-牛頭角,,,,,,1,true
已登記的WiFi 熱點: Hong Kong Telecommunications (HKT) Limited (APID 06267),已登記的WiFi 熱點: Hong Kong Telecommunications (HKT) Limited (APID 06267),majorDestination,已登記的WiFi 熱點: Hong Kong Telecommunications (HKT) Limited (APID 06267),,,,,,1,true
已登記的WiFi 熱點: Hong Kong Telecommunications (HKT) Limited (APID 06259),已登記的WiFi 熱點: Hong Kong Telecommunications (HKT) Limited (APID 06259),majorDestination,已登記的WiFi 熱點: Hong Kong Telecommunications (HKT) Limited (APID 06259),,,,,,1,true
觀塘民聯會總辦事處,觀塘民聯會總辦事處,majorDestination,觀塘民聯會總辦事處,,,,,,1,true
觀塘民聯會 健頤坊,觀塘民聯會 健頤坊,majorDestination,觀塘民聯會 健頤坊,,,,,,1,true
觀塘民聯會,觀塘民聯會,majorDestination,觀塘民聯會,,,,,,1,true
麗港城住客會所,麗港城住客會所,majorDestination,麗港城住客會所,,,,,,1,true
天主教耶穌復活堂,天主教耶穌復活堂,majorDestination,天主教耶穌復活堂,,,,,,1,true
基督教聖約教會堅中堂,基督教聖約教會堅中堂,majorDestination,基督教聖約教會堅中堂,,,,,,1,true
香港商報,香港商報,majorDestination,香港商報,,,,,,1,true
陽光幼苗 學前單位社會工作服務(觀塘二隊),陽光幼苗 學前單位社會工作服務(觀塘二隊),majorDestination,陽光幼苗 學前單位社會工作服務(觀塘二隊),,,,,,1,true
東華三院「凝愛」學前教育駐校社工服務隊(黃大仙),東華三院「凝愛」學前教育駐校社工服務隊(黃大仙),majorDestination,東華三院「凝愛」學前教育駐校社工服務隊(黃大仙),,,,,,1,true
社企淘,社企淘,majorDestination,社企淘,,,,,,1,true
悅購網,悅購網,majorDestination,悅購網,,,,,,1,true
「復康速遞」網上商店,「復康速遞」網上商店,majorDestination,「復康速遞」網上商店,,,,,,1,true
「復康速遞」直銷業務,「復康速遞」直銷業務,majorDestination,「復康速遞」直銷業務,,,,,,1,true
香港小童群益會樂緻幼兒園(九龍灣),香港小童群益會樂緻幼兒園(九龍灣),majorDestination,香港小童群益會樂緻幼兒園(九龍灣),,,,,,1,true
順安停車場,順安停車場,majorDestination,順安停車場,,,,,,1,true
樂華北A停車場,樂華北A停車場,majorDestination,樂華北A停車場,,,,,,1,true
樂華北B停車場,樂華北B停車場,majorDestination,樂華北B停車場,,,,,,1,true
惠康超級市場-安基,惠康超級市場-安基,majorDestination,惠康超級市場-安基,,,,,,1,true
回收機構及收集點： 日本城,回收機構及收集點： 日本城,majorDestination,回收機構及收集點： 日本城,,,,,,1,true
老友記到會餐盒專門店,老友記到會餐盒專門店,majorDestination,老友記到會餐盒專門店,,,,,,1,true
錦龍有限公司(觀塘),錦龍有限公司(觀塘),majorDestination,錦龍有限公司(觀塘),,,,,,1,true
挑戰者汽車服務有限公司 (觀塘),挑戰者汽車服務有限公司 (觀塘),majorDestination,挑戰者汽車服務有限公司 (觀塘),,,,,,1,true
NTI 快速汽車護理 (觀塘分店),NTI 快速汽車護理 (觀塘分店),majorDestination,NTI 快速汽車護理 (觀塘分店),,,,,,1,true
明途聯繫有限公司-清潔業務,明途聯繫有限公司-清潔業務,majorDestination,明途聯繫有限公司-清潔業務,,,,,,1,true
互文教社,互文教社,majorDestination,互文教社,,,,,,1,true
《復康速遞》雙月刊,《復康速遞》雙月刊,majorDestination,《復康速遞》雙月刊,,,,,,1,true
「卓思」市場推廣服務,「卓思」市場推廣服務,majorDestination,「卓思」市場推廣服務,,,,,,1,true
母嬰康逸協會有限公司,母嬰康逸協會有限公司,majorDestination,母嬰康逸協會有限公司,,,,,,1,true
WAFA – 網惠人人,WAFA – 網惠人人,majorDestination,WAFA – 網惠人人,,,,,,1,true
GEMBALLA HONG KONG LIMITED,GEMBALLA HONG KONG LIMITED,majorDestination,GEMBALLA HONG KONG LIMITED,,,,,,1,true
華記汽車服務有限公司,華記汽車服務有限公司,majorDestination,華記汽車服務有限公司,,,,,,1,true
綠創館,綠創館,majorDestination,綠創館,,,,,,1,true
千色服式,千色服式,majorDestination,千色服式,,,,,,1,true
新葉花舍,新葉花舍,majorDestination,新葉花舍,,,,,,1,true
義遊,義遊,majorDestination,義遊,,,,,,1,true
樂廚坊,樂廚坊,majorDestination,樂廚坊,,,,,,1,true
ATB Autoart - 環保傢俬,ATB Autoart - 環保傢俬,majorDestination,ATB Autoart - 環保傢俬,,,,,,1,true
演藝動力計劃,演藝動力計劃,majorDestination,演藝動力計劃,,,,,,1,true
民華電池電器冷氣,民華電池電器冷氣,majorDestination,民華電池電器冷氣,,,,,,1,true
無國界商貿有限公司,無國界商貿有限公司,majorDestination,無國界商貿有限公司,,,,,,1,true
已登記的WiFi 熱點: 香港寬頻網絡有限公司 (APID 04262),已登記的WiFi 熱點: 香港寬頻網絡有限公司 (APID 04262),majorDestination,已登記的WiFi 熱點: 香港寬頻網絡有限公司 (APID 04262),,,,,,1,true
臨床心理服務課(一),臨床心理服務課(一),majorDestination,臨床心理服務課(一),,,,,,1,true
巴林 - 名譽領事館,巴林 - 名譽領事館,majorDestination,巴林 - 名譽領事館,,,,,,1,true
牛頭角社會保障辦事處,牛頭角社會保障辦事處,majorDestination,牛頭角社會保障辦事處,,,,,,1,true
回收機構及收集點： 環保署,回收機構及收集點： 環保署,majorDestination,回收機構及收集點： 環保署,,,,,,1,true
環境保護署區域辦事處(東)顧客服務枱,環境保護署區域辦事處(東)顧客服務枱,majorDestination,環境保護署區域辦事處(東)顧客服務枱,,,,,,1,true
已登記的WiFi 熱點: Hong Kong Telecommunications (HKT) Limited (APID 06182),已登記的WiFi 熱點: Hong Kong Telecommunications (HKT) Limited (APID 06182),majorDestination,已登記的WiFi 熱點: Hong Kong Telecommunications (HKT) Limited (APID 06182),,,,,,1,true
飛馬汽車服務有限公司,飛馬汽車服務有限公司,majorDestination,飛馬汽車服務有限公司,,,,,,1,true
樂齡實驗室,樂齡實驗室,majorDestination,樂齡實驗室,,,,,,1,true
無聲世界有限公司,無聲世界有限公司,majorDestination,無聲世界有限公司,,,,,,1,true
EURO-TEC CAR SPECIALIST CO. LIMITED,EURO-TEC CAR SPECIALIST CO. LIMITED,majorDestination,EURO-TEC CAR SPECIALIST CO. LIMITED,,,,,,1,true
達安膠輪電池公司,達安膠輪電池公司,majorDestination,達安膠輪電池公司,,,,,,1,true
皇冠汽車有限公司,皇冠汽車有限公司,majorDestination,皇冠汽車有限公司,,,,,,1,true
羅賓漢汽車有限公司,羅賓漢汽車有限公司,majorDestination,羅賓漢汽車有限公司,,,,,,1,true
新駿汽車有限公司,新駿汽車有限公司,majorDestination,新駿汽車有限公司,,,,,,1,true
車上車(香港)有限公司,車上車(香港)有限公司,majorDestination,車上車(香港)有限公司,,,,,,1,true
STUTTGART PERFORMANCE (HK) COMPANY LIMITED,STUTTGART PERFORMANCE (HK) COMPANY LIMITED,majorDestination,STUTTGART PERFORMANCE (HK) COMPANY LIMITED,,,,,,1,true
駿興汽車服務,駿興汽車服務,majorDestination,駿興汽車服務,,,,,,1,true
成功車房,成功車房,majorDestination,成功車房,,,,,,1,true
奧寶汽車服務有限公司,奧寶汽車服務有限公司,majorDestination,奧寶汽車服務有限公司,,,,,,1,true
億偉科技 ( 香港 ) 有限公司,億偉科技 ( 香港 ) 有限公司,majorDestination,億偉科技 ( 香港 ) 有限公司,,,,,,1,true
享和汽車冷氣維修,享和汽車冷氣維修,majorDestination,享和汽車冷氣維修,,,,,,1,true
回收機構及收集點： 皇冠汽車有限公司,回收機構及收集點： 皇冠汽車有限公司,majorDestination,回收機構及收集點： 皇冠汽車有限公司,,,,,,1,true
已登記的WiFi 熱點: Hong Kong Telecommunications (HKT) Limited (APID 06187),已登記的WiFi 熱點: Hong Kong Telecommunications (HKT) Limited (APID 06187),majorDestination,已登記的WiFi 熱點: Hong Kong Telecommunications (HKT) Limited (APID 06187),,,,,,1,true
已登記的WiFi 熱點: Y5ZONE Limited (APID 08578),已登記的WiFi 熱點: Y5ZONE Limited (APID 08578),majorDestination,已登記的WiFi 熱點: Y5ZONE Limited (APID 08578),,,,,,1,true
已登記的WiFi 熱點: 香港寬頻網絡有限公司 (APID 03830),已登記的WiFi 熱點: 香港寬頻網絡有限公司 (APID 03830),majorDestination,已登記的WiFi 熱點: 香港寬頻網絡有限公司 (APID 03830),,,,,,1,true
九龍灣名車展維修有限公司,九龍灣名車展維修有限公司,majorDestination,九龍灣名車展維修有限公司,,,,,,1,true
7-11便利店-黃大仙,7-11便利店-黃大仙,majorDestination,7-11便利店-黃大仙,,,,,,1,true
利民會,利民會,majorDestination,利民會,,,,,,1,true
Wi-Fi.HK 熱點位置: 中銀香港 - 黃大仙分行,Wi-Fi.HK 熱點位置: 中銀香港 - 黃大仙分行,majorDestination,Wi-Fi.HK 熱點位置: 中銀香港 - 黃大仙分行,,,,,,1,true
Market Place-現崇山,Market Place-現崇山,majorDestination,Market Place-現崇山,,,,,,1,true
華大保健藥業有限公司,華大保健藥業有限公司,majorDestination,華大保健藥業有限公司,,,,,,1,true
編號310郵箱,編號310郵箱,majorDestination,編號310郵箱,,,,,,1,true
回收機構及收集點： 中國移動香港,回收機構及收集點： 中國移動香港,majorDestination,回收機構及收集點： 中國移動香港,,,,,,1,true
Wi-Fi.HK 熱點位置: PCCW-HKT/csl專門店,Wi-Fi.HK 熱點位置: PCCW-HKT/csl專門店,majorDestination,Wi-Fi.HK 熱點位置: PCCW-HKT/csl專門店,,,,,,1,true
已登記的WiFi 熱點: 環球全域電訊有限公司 (APID 01217),已登記的WiFi 熱點: 環球全域電訊有限公司 (APID 01217),majorDestination,已登記的WiFi 熱點: 環球全域電訊有限公司 (APID 01217),,,,,,1,true
已登記的WiFi 熱點: 香港電話有限公司 (APID 07440),已登記的WiFi 熱點: 香港電話有限公司 (APID 07440),majorDestination,已登記的WiFi 熱點: 香港電話有限公司 (APID 07440),,,,,,1,true
已登記的WiFi 熱點: 環球全域電訊有限公司 (APID 01205),已登記的WiFi 熱點: 環球全域電訊有限公司 (APID 01205),majorDestination,已登記的WiFi 熱點: 環球全域電訊有限公司 (APID 01205),,,,,,1,true
已登記的WiFi 熱點: 環球全域電訊有限公司 (APID 01208),已登記的WiFi 熱點: 環球全域電訊有限公司 (APID 01208),majorDestination,已登記的WiFi 熱點: 環球全域電訊有限公司 (APID 01208),,,,,,1,true
已登記的WiFi 熱點: 環球全域電訊有限公司 (APID 01269),已登記的WiFi 熱點: 環球全域電訊有限公司 (APID 01269),majorDestination,已登記的WiFi 熱點: 環球全域電訊有限公司 (APID 01269),,,,,,1,true
已登記的WiFi 熱點: 環球全域電訊有限公司 (APID 01218),已登記的WiFi 熱點: 環球全域電訊有限公司 (APID 01218),majorDestination,已登記的WiFi 熱點: 環球全域電訊有限公司 (APID 01218),,,,,,1,true
已登記的WiFi 熱點: 香港寬頻網絡有限公司 (APID 03625),已登記的WiFi 熱點: 香港寬頻網絡有限公司 (APID 03625),majorDestination,已登記的WiFi 熱點: 香港寬頻網絡有限公司 (APID 03625),,,,,,1,true
已登記的WiFi 熱點: 香港寬頻網絡有限公司 (APID 03666),已登記的WiFi 熱點: 香港寬頻網絡有限公司 (APID 03666),majorDestination,已登記的WiFi 熱點: 香港寬頻網絡有限公司 (APID 03666),,,,,,1,true
已登記的WiFi 熱點: 香港寬頻網絡有限公司 (APID 03672),已登記的WiFi 熱點: 香港寬頻網絡有限公司 (APID 03672),majorDestination,已登記的WiFi 熱點: 香港寬頻網絡有限公司 (APID 03672),,,,,,1,true
已登記的WiFi 熱點: Hong Kong Telecommunications (HKT) Limited (APID 05995),已登記的WiFi 熱點: Hong Kong Telecommunications (HKT) Limited (APID 05995),majorDestination,已登記的WiFi 熱點: Hong Kong Telecommunications (HKT) Limited (APID 05995),,,,,,1,true
已登記的WiFi 熱點: Hong Kong Telecommunications (HKT) Limited (APID 06015),已登記的WiFi 熱點: Hong Kong Telecommunications (HKT) Limited (APID 06015),majorDestination,已登記的WiFi 熱點: Hong Kong Telecommunications (HKT) Limited (APID 06015),,,,,,1,true
Wi-Fi.HK 熱點位置: 利民會翠華之家,Wi-Fi.HK 熱點位置: 利民會翠華之家,majorDestination,Wi-Fi.HK 熱點位置: 利民會翠華之家,,,,,,1,true
倡善樓,倡善樓,majorDestination,倡善樓,,,,,,1,true
昭善樓,昭善樓,majorDestination,昭善樓,,,,,,1,true
啓善樓,啓善樓,majorDestination,啓善樓,,,,,,1,true
普善樓,普善樓,majorDestination,普善樓,,,,,,1,true
達善樓,達善樓,majorDestination,達善樓,,,,,,1,true
詠善樓,詠善樓,majorDestination,詠善樓,,,,,,1,true
溢善樓,溢善樓,majorDestination,溢善樓,,,,,,1,true
耀善樓,耀善樓,majorDestination,耀善樓,,,,,,1,true
香港小童群益會樂緻幼兒園(黃大仙),香港小童群益會樂緻幼兒園(黃大仙),majorDestination,香港小童群益會樂緻幼兒園(黃大仙),,,,,,1,true
群力人才網絡,群力人才網絡,majorDestination,群力人才網絡,,,,,,1,true
龍泰宿舍,龍泰宿舍,majorDestination,龍泰宿舍,,,,,,1,true
竹園區神召會竹園堂,竹園區神召會竹園堂,majorDestination,竹園區神召會竹園堂,,,,,,1,true
聖母進教之佑孝女會-聖瑪利亞瑪沙利修院,聖母進教之佑孝女會-聖瑪利亞瑪沙利修院,majorDestination,聖母進教之佑孝女會-聖瑪利亞瑪沙利修院,,,,,,1,true
傷青動力學堂 - 歷奇、生命教育,傷青動力學堂 - 歷奇、生命教育,majorDestination,傷青動力學堂 - 歷奇、生命教育,,,,,,1,true
香港小童群益會 家庭生活教育組(黃大仙區),香港小童群益會 家庭生活教育組(黃大仙區),majorDestination,香港小童群益會 家庭生活教育組(黃大仙區),,,,,,1,true
惠康超級市場-天馬,惠康超級市場-天馬,majorDestination,惠康超級市場-天馬,,,,,,1,true
已登記的WiFi 熱點: Hong Kong Telecommunications (HKT) Limited (APID 06083),已登記的WiFi 熱點: Hong Kong Telecommunications (HKT) Limited (APID 06083),majorDestination,已登記的WiFi 熱點: Hong Kong Telecommunications (HKT) Limited (APID 06083),,,,,,1,true
九龍塘別墅 (前稱),九龍塘別墅 (前稱),majorDestination,九龍塘別墅 (前稱),,,,,,1,true
九龍塘別墅A座 (前稱),九龍塘別墅A座 (前稱),majorDestination,九龍塘別墅A座 (前稱),,,,,,1,true
九龍塘別墅B座 (前稱),九龍塘別墅B座 (前稱),majorDestination,九龍塘別墅B座 (前稱),,,,,,1,true
已登記的WiFi 熱點: Y5ZONE Limited (APID 08422),已登記的WiFi 熱點: Y5ZONE Limited (APID 08422),majorDestination,已登記的WiFi 熱點: Y5ZONE Limited (APID 08422),,,,,,1,true
中華基督教禮賢會禮中堂,中華基督教禮賢會禮中堂,majorDestination,中華基督教禮賢會禮中堂,,,,,,1,true
香港基督教女青年會賽馬會沙田綜合社會服務處,香港基督教女青年會賽馬會沙田綜合社會服務處,majorDestination,香港基督教女青年會賽馬會沙田綜合社會服務處,,,,,,1,true
智文藥房,智文藥房,majorDestination,智文藥房,,,,,,1,true
已登記的WiFi 熱點: 環球全域電訊有限公司 (APID 01163),已登記的WiFi 熱點: 環球全域電訊有限公司 (APID 01163),majorDestination,已登記的WiFi 熱點: 環球全域電訊有限公司 (APID 01163),,,,,,1,true
Wi-Fi.HK 熱點位置: PCCW-HKT / csl 專門店,Wi-Fi.HK 熱點位置: PCCW-HKT / csl 專門店,majorDestination,Wi-Fi.HK 熱點位置: PCCW-HKT / csl 專門店,,,,,,1,true
已登記的WiFi 熱點: Hong Kong Telecommunications (HKT) Limited (APID 05942),已登記的WiFi 熱點: Hong Kong Telecommunications (HKT) Limited (APID 05942),majorDestination,已登記的WiFi 熱點: Hong Kong Telecommunications (HKT) Limited (APID 05942),,,,,,1,true
已登記的WiFi 熱點: Hong Kong Telecommunications (HKT) Limited (APID 05941),已登記的WiFi 熱點: Hong Kong Telecommunications (HKT) Limited (APID 05941),majorDestination,已登記的WiFi 熱點: Hong Kong Telecommunications (HKT) Limited (APID 05941),,,,,,1,true
已登記的WiFi 熱點: Hong Kong Telecommunications (HKT) Limited (APID 05937),已登記的WiFi 熱點: Hong Kong Telecommunications (HKT) Limited (APID 05937),majorDestination,已登記的WiFi 熱點: Hong Kong Telecommunications (HKT) Limited (APID 05937),,,,,,1,true
蔚景園,蔚景園,majorDestination,蔚景園,,,,,,1,true
一田超級市場-沙田,一田超級市場-沙田,majorDestination,一田超級市場-沙田,,,,,,1,true
濟民西藥房有限公司,濟民西藥房有限公司,majorDestination,濟民西藥房有限公司,,,,,,1,true
長城中西藥房有限公司,長城中西藥房有限公司,majorDestination,長城中西藥房有限公司,,,,,,1,true
編號676郵箱,編號676郵箱,majorDestination,編號676郵箱,,,,,,1,true
新港城住客會所,新港城住客會所,majorDestination,新港城住客會所,,,,,,1,true
救世軍隆亨長者之家,救世軍隆亨長者之家,majorDestination,救世軍隆亨長者之家,,,,,,1,true
已登記的WiFi 熱點: 香港電話有限公司 (APID 07487),已登記的WiFi 熱點: 香港電話有限公司 (APID 07487),majorDestination,已登記的WiFi 熱點: 香港電話有限公司 (APID 07487),,,,,,1,true
已登記的WiFi 熱點: 香港電話有限公司 (APID 07410),已登記的WiFi 熱點: 香港電話有限公司 (APID 07410),majorDestination,已登記的WiFi 熱點: 香港電話有限公司 (APID 07410),,,,,,1,true
沙田蘇浙公學,沙田蘇浙公學,majorDestination,沙田蘇浙公學,,,,,,1,true
九龍城基督徒會-博康堂,九龍城基督徒會-博康堂,majorDestination,九龍城基督徒會-博康堂,,,,,,1,true
護全照顧服務有限公司,護全照顧服務有限公司,majorDestination,護全照顧服務有限公司,,,,,,1,true
NEWAY KARAOKE BOX,NEWAY KARAOKE BOX,majorDestination,NEWAY KARAOKE BOX,,,,,,1,true
沙角1號停車場,沙角1號停車場,majorDestination,沙角1號停車場,,,,,,1,true
沙角2號停車場,沙角2號停車場,majorDestination,沙角2號停車場,,,,,,1,true
美林停車場,美林停車場,majorDestination,美林停車場,,,,,,1,true
隆亨A停車場,隆亨A停車場,majorDestination,隆亨A停車場,,,,,,1,true
恆安停車場,恆安停車場,majorDestination,恆安停車場,,,,,,1,true
惠康超級市場-博康,惠康超級市場-博康,majorDestination,惠康超級市場-博康,,,,,,1,true
M.C. BOX 隆亨市集,M.C. BOX 隆亨市集,majorDestination,M.C. BOX 隆亨市集,,,,,,1,true
惠康超級市場-沙角,惠康超級市場-沙角,majorDestination,惠康超級市場-沙角,,,,,,1,true
勵駿汽車維修有限公司,勵駿汽車維修有限公司,majorDestination,勵駿汽車維修有限公司,,,,,,1,true
清潔服務 (明朗服務有限公司),清潔服務 (明朗服務有限公司),majorDestination,清潔服務 (明朗服務有限公司),,,,,,1,true
Smart Exhibition,Smart Exhibition,majorDestination,Smart Exhibition,,,,,,1,true
好「修」成綜合維修服務,好「修」成綜合維修服務,majorDestination,好「修」成綜合維修服務,,,,,,1,true
香港伯特利教會榮基堂,香港伯特利教會榮基堂,majorDestination,香港伯特利教會榮基堂,,,,,,1,true
長隴藥房,長隴藥房,majorDestination,長隴藥房,,,,,,1,true
已登記的WiFi 熱點: 香港電話有限公司 (APID 07437),已登記的WiFi 熱點: 香港電話有限公司 (APID 07437),majorDestination,已登記的WiFi 熱點: 香港電話有限公司 (APID 07437),,,,,,1,true
已登記的WiFi 熱點: Hong Kong Telecommunications (HKT) Limited (APID 06063),已登記的WiFi 熱點: Hong Kong Telecommunications (HKT) Limited (APID 06063),majorDestination,已登記的WiFi 熱點: Hong Kong Telecommunications (HKT) Limited (APID 06063),,,,,,1,true
已登記的WiFi 熱點: 香港寬頻網絡有限公司 (APID 03647),已登記的WiFi 熱點: 香港寬頻網絡有限公司 (APID 03647),majorDestination,已登記的WiFi 熱點: 香港寬頻網絡有限公司 (APID 03647),,,,,,1,true
Wi-Fi.HK 熱點位置: 「學趣滿園~到校學前康復服務」(第二隊),Wi-Fi.HK 熱點位置: 「學趣滿園~到校學前康復服務」(第二隊),majorDestination,Wi-Fi.HK 熱點位置: 「學趣滿園~到校學前康復服務」(第二隊),,,,,,1,true
已登記的WiFi 熱點: Y5ZONE Limited (APID 08510),已登記的WiFi 熱點: Y5ZONE Limited (APID 08510),majorDestination,已登記的WiFi 熱點: Y5ZONE Limited (APID 08510),,,,,,1,true
已登記的WiFi 熱點: Y5ZONE Limited (APID 08511),已登記的WiFi 熱點: Y5ZONE Limited (APID 08511),majorDestination,已登記的WiFi 熱點: Y5ZONE Limited (APID 08511),,,,,,1,true
已登記的WiFi 熱點: 香港寬頻網絡有限公司 (APID 03648),已登記的WiFi 熱點: 香港寬頻網絡有限公司 (APID 03648),majorDestination,已登記的WiFi 熱點: 香港寬頻網絡有限公司 (APID 03648),,,,,,1,true
已登記的WiFi 熱點: 香港寬頻網絡有限公司 (APID 03649),已登記的WiFi 熱點: 香港寬頻網絡有限公司 (APID 03649),majorDestination,已登記的WiFi 熱點: 香港寬頻網絡有限公司 (APID 03649),,,,,,1,true
已登記的WiFi 熱點: Hong Kong Telecommunications (HKT) Limited (APID 05998),已登記的WiFi 熱點: Hong Kong Telecommunications (HKT) Limited (APID 05998),majorDestination,已登記的WiFi 熱點: Hong Kong Telecommunications (HKT) Limited (APID 05998),,,,,,1,true
Wi-Fi.HK 熱點位置: 中銀香港 - 火炭分行,Wi-Fi.HK 熱點位置: 中銀香港 - 火炭分行,majorDestination,Wi-Fi.HK 熱點位置: 中銀香港 - 火炭分行,,,,,,1,true
已登記的WiFi 熱點: Hong Kong Telecommunications (HKT) Limited (APID 05999),已登記的WiFi 熱點: Hong Kong Telecommunications (HKT) Limited (APID 05999),majorDestination,已登記的WiFi 熱點: Hong Kong Telecommunications (HKT) Limited (APID 05999),,,,,,1,true
福榮護老院有限公司,福榮護老院有限公司,majorDestination,福榮護老院有限公司,,,,,,1,true
7-11便利店-大圍,7-11便利店-大圍,majorDestination,7-11便利店-大圍,,,,,,1,true
惠康超級市場-美林,惠康超級市場-美林,majorDestination,惠康超級市場-美林,,,,,,1,true
已登記的WiFi 熱點: 環球全域電訊有限公司 (APID 00854),已登記的WiFi 熱點: 環球全域電訊有限公司 (APID 00854),majorDestination,已登記的WiFi 熱點: 環球全域電訊有限公司 (APID 00854),,,,,,1,true
已登記的WiFi 熱點: Hong Kong Telecommunications (HKT) Limited (APID 05668),已登記的WiFi 熱點: Hong Kong Telecommunications (HKT) Limited (APID 05668),majorDestination,已登記的WiFi 熱點: Hong Kong Telecommunications (HKT) Limited (APID 05668),,,,,,1,true
海楓行有限公司,海楓行有限公司,majorDestination,海楓行有限公司,,,,,,1,true
偉新汽車冷氣工程有限公司,偉新汽車冷氣工程有限公司,majorDestination,偉新汽車冷氣工程有限公司,,,,,,1,true
鴻都汽車服務,鴻都汽車服務,majorDestination,鴻都汽車服務,,,,,,1,true
竣樺工程公司,竣樺工程公司,majorDestination,竣樺工程公司,,,,,,1,true
環境保護署 - 中央檢控組,環境保護署 - 中央檢控組,majorDestination,環境保護署 - 中央檢控組,,,,,,1,true
一田超級市場-荃灣,一田超級市場-荃灣,majorDestination,一田超級市場-荃灣,,,,,,1,true
基督教香港信義會福樂堂,基督教香港信義會福樂堂,majorDestination,基督教香港信義會福樂堂,,,,,,1,true
回收機構及收集點： 綠在二陂坊 回收流動點,回收機構及收集點： 綠在二陂坊 回收流動點,majorDestination,回收機構及收集點： 綠在二陂坊 回收流動點,,,,,,1,true
回收機構及收集點： 實惠,回收機構及收集點： 實惠,majorDestination,回收機構及收集點： 實惠,,,,,,1,true
已登記的WiFi 熱點: Y5ZONE Limited (APID 08767),已登記的WiFi 熱點: Y5ZONE Limited (APID 08767),majorDestination,已登記的WiFi 熱點: Y5ZONE Limited (APID 08767),,,,,,1,true
已登記的WiFi 熱點: Y5ZONE Limited (APID 08768),已登記的WiFi 熱點: Y5ZONE Limited (APID 08768),majorDestination,已登記的WiFi 熱點: Y5ZONE Limited (APID 08768),,,,,,1,true
已登記的WiFi 熱點: Y5ZONE Limited (APID 08769),已登記的WiFi 熱點: Y5ZONE Limited (APID 08769),majorDestination,已登記的WiFi 熱點: Y5ZONE Limited (APID 08769),,,,,,1,true
已登記的WiFi 熱點: Y5ZONE Limited (APID 08770),已登記的WiFi 熱點: Y5ZONE Limited (APID 08770),majorDestination,已登記的WiFi 熱點: Y5ZONE Limited (APID 08770),,,,,,1,true
已登記的WiFi 熱點: Y5ZONE Limited (APID 08771),已登記的WiFi 熱點: Y5ZONE Limited (APID 08771),majorDestination,已登記的WiFi 熱點: Y5ZONE Limited (APID 08771),,,,,,1,true
已登記的WiFi 熱點: Y5ZONE Limited (APID 08772),已登記的WiFi 熱點: Y5ZONE Limited (APID 08772),majorDestination,已登記的WiFi 熱點: Y5ZONE Limited (APID 08772),,,,,,1,true
已登記的WiFi 熱點: Y5ZONE Limited (APID 08773),已登記的WiFi 熱點: Y5ZONE Limited (APID 08773),majorDestination,已登記的WiFi 熱點: Y5ZONE Limited (APID 08773),,,,,,1,true
已登記的WiFi 熱點: 香港寬頻網絡有限公司 (APID 04390),已登記的WiFi 熱點: 香港寬頻網絡有限公司 (APID 04390),majorDestination,已登記的WiFi 熱點: 香港寬頻網絡有限公司 (APID 04390),,,,,,1,true
已登記的WiFi 熱點: Y5ZONE Limited (APID 08780),已登記的WiFi 熱點: Y5ZONE Limited (APID 08780),majorDestination,已登記的WiFi 熱點: Y5ZONE Limited (APID 08780),,,,,,1,true
已登記的WiFi 熱點: 香港寬頻網絡有限公司 (APID 04324),已登記的WiFi 熱點: 香港寬頻網絡有限公司 (APID 04324),majorDestination,已登記的WiFi 熱點: 香港寬頻網絡有限公司 (APID 04324),,,,,,1,true
已登記的WiFi 熱點: 香港寬頻網絡有限公司 (APID 04363),已登記的WiFi 熱點: 香港寬頻網絡有限公司 (APID 04363),majorDestination,已登記的WiFi 熱點: 香港寬頻網絡有限公司 (APID 04363),,,,,,1,true
Wi-Fi.HK 熱點位置: 蘇寧,Wi-Fi.HK 熱點位置: 蘇寧,majorDestination,Wi-Fi.HK 熱點位置: 蘇寧,,,,,,1,true
已登記的WiFi 熱點: Y5ZONE Limited (APID 08726),已登記的WiFi 熱點: Y5ZONE Limited (APID 08726),majorDestination,已登記的WiFi 熱點: Y5ZONE Limited (APID 08726),,,,,,1,true
已登記的WiFi 熱點: 環球全域電訊有限公司 (APID 01763),已登記的WiFi 熱點: 環球全域電訊有限公司 (APID 01763),majorDestination,已登記的WiFi 熱點: 環球全域電訊有限公司 (APID 01763),,,,,,1,true
已登記的WiFi 熱點: 環球全域電訊有限公司 (APID 00411),已登記的WiFi 熱點: 環球全域電訊有限公司 (APID 00411),majorDestination,已登記的WiFi 熱點: 環球全域電訊有限公司 (APID 00411),,,,,,1,true
已登記的WiFi 熱點: Hong Kong Telecommunications (HKT) Limited (APID 04764),已登記的WiFi 熱點: Hong Kong Telecommunications (HKT) Limited (APID 04764),majorDestination,已登記的WiFi 熱點: Hong Kong Telecommunications (HKT) Limited (APID 04764),,,,,,1,true
香港中華基督教青年會荃灣會所,香港中華基督教青年會荃灣會所,majorDestination,香港中華基督教青年會荃灣會所,,,,,,1,true
廣福護老院(荃灣)有限公司,廣福護老院(荃灣)有限公司,majorDestination,廣福護老院(荃灣)有限公司,,,,,,1,true
廣福護老院 (荃灣) 有限公司,廣福護老院 (荃灣) 有限公司,majorDestination,廣福護老院 (荃灣) 有限公司,,,,,,1,true
基督教香港崇真會荃葵堂荃景分堂,基督教香港崇真會荃葵堂荃景分堂,majorDestination,基督教香港崇真會荃葵堂荃景分堂,,,,,,1,true
編號349郵箱,編號349郵箱,majorDestination,編號349郵箱,,,,,,1,true
已登記的WiFi 熱點: Hong Kong Telecommunications (HKT) Limited (APID 04782),已登記的WiFi 熱點: Hong Kong Telecommunications (HKT) Limited (APID 04782),majorDestination,已登記的WiFi 熱點: Hong Kong Telecommunications (HKT) Limited (APID 04782),,,,,,1,true
已登記的WiFi 熱點: Y5ZONE Limited (APID 08014),已登記的WiFi 熱點: Y5ZONE Limited (APID 08014),majorDestination,已登記的WiFi 熱點: Y5ZONE Limited (APID 08014),,,,,,1,true
已登記的WiFi 熱點: Hong Kong Telecommunications (HKT) Limited (APID 04727),已登記的WiFi 熱點: Hong Kong Telecommunications (HKT) Limited (APID 04727),majorDestination,已登記的WiFi 熱點: Hong Kong Telecommunications (HKT) Limited (APID 04727),,,,,,1,true
已登記的WiFi 熱點: 香港寬頻網絡有限公司 (APID 02448),已登記的WiFi 熱點: 香港寬頻網絡有限公司 (APID 02448),majorDestination,已登記的WiFi 熱點: 香港寬頻網絡有限公司 (APID 02448),,,,,,1,true
荃運樓,荃運樓,majorDestination,荃運樓,,,,,,1,true
荃運樓(二期),荃運樓(二期),majorDestination,荃運樓(二期),,,,,,1,true
Wi-Fi.HK 熱點位置: 「學趣滿園~到校學前康復服務」(第八隊),Wi-Fi.HK 熱點位置: 「學趣滿園~到校學前康復服務」(第八隊),majorDestination,Wi-Fi.HK 熱點位置: 「學趣滿園~到校學前康復服務」(第八隊),,,,,,1,true
新界博羅同鄉福利會有限公司,新界博羅同鄉福利會有限公司,majorDestination,新界博羅同鄉福利會有限公司,,,,,,1,true
香港蘇浙滬同鄉會葵青良友安老院,香港蘇浙滬同鄉會葵青良友安老院,majorDestination,香港蘇浙滬同鄉會葵青良友安老院,,,,,,1,true
香港青年協會荃灣青年空間,香港青年協會荃灣青年空間,majorDestination,香港青年協會荃灣青年空間,,,,,,1,true
百萬行,百萬行,majorDestination,百萬行,,,,,,1,true
AEON STYLE 荃灣-超級市場,AEON STYLE 荃灣-超級市場,majorDestination,AEON STYLE 荃灣-超級市場,,,,,,1,true
上銀豪庭 (前稱),上銀豪庭 (前稱),majorDestination,上銀豪庭 (前稱),,,,,,1,true
香港青年協會 - 家庭生活教育組,香港青年協會 - 家庭生活教育組,majorDestination,香港青年協會 - 家庭生活教育組,,,,,,1,true
善衡專業護老院有限公司,善衡專業護老院有限公司,majorDestination,善衡專業護老院有限公司,,,,,,1,true
惠康超級市場-大窩口,惠康超級市場-大窩口,majorDestination,惠康超級市場-大窩口,,,,,,1,true
Wi-Fi.HK 熱點位置: 荃灣青年空間,Wi-Fi.HK 熱點位置: 荃灣青年空間,majorDestination,Wi-Fi.HK 熱點位置: 荃灣青年空間,,,,,,1,true
已登記的WiFi 熱點: Y5ZONE Limited (APID 08019),已登記的WiFi 熱點: Y5ZONE Limited (APID 08019),majorDestination,已登記的WiFi 熱點: Y5ZONE Limited (APID 08019),,,,,,1,true
錦龍有限公司(荃灣),錦龍有限公司(荃灣),majorDestination,錦龍有限公司(荃灣),,,,,,1,true
Food Trading - FOM Godown - Tsuen Wan,Food Trading - FOM Godown - Tsuen Wan,majorDestination,Food Trading - FOM Godown - Tsuen Wan,,,,,,1,true
電腦洗車屋(荃灣),電腦洗車屋(荃灣),majorDestination,電腦洗車屋(荃灣),,,,,,1,true
共廚家作,共廚家作,majorDestination,共廚家作,,,,,,1,true
嘉利國際控股有限公司,嘉利國際控股有限公司,majorDestination,嘉利國際控股有限公司,,,,,,1,true
家點綠,家點綠,majorDestination,家點綠,,,,,,1,true
金成汽車服務有限公司,金成汽車服務有限公司,majorDestination,金成汽車服務有限公司,,,,,,1,true
八方汽車,八方汽車,majorDestination,八方汽車,,,,,,1,true
已登記的WiFi 熱點: 香港寬頻網絡有限公司 (APID 04238),已登記的WiFi 熱點: 香港寬頻網絡有限公司 (APID 04238),majorDestination,已登記的WiFi 熱點: 香港寬頻網絡有限公司 (APID 04238),,,,,,1,true
已登記的WiFi 熱點: 香港電話有限公司 (APID 07690),已登記的WiFi 熱點: 香港電話有限公司 (APID 07690),majorDestination,已登記的WiFi 熱點: 香港電話有限公司 (APID 07690),,,,,,1,true
已登記的WiFi 熱點: 香港寬頻網絡有限公司 (APID 04249),已登記的WiFi 熱點: 香港寬頻網絡有限公司 (APID 04249),majorDestination,已登記的WiFi 熱點: 香港寬頻網絡有限公司 (APID 04249),,,,,,1,true
已登記的WiFi 熱點: Hong Kong Telecommunications (HKT) Limited (APID 06666),已登記的WiFi 熱點: Hong Kong Telecommunications (HKT) Limited (APID 06666),majorDestination,已登記的WiFi 熱點: Hong Kong Telecommunications (HKT) Limited (APID 06666),,,,,,1,true
已登記的WiFi 熱點: Hong Kong Telecommunications (HKT) Limited (APID 06691),已登記的WiFi 熱點: Hong Kong Telecommunications (HKT) Limited (APID 06691),majorDestination,已登記的WiFi 熱點: Hong Kong Telecommunications (HKT) Limited (APID 06691),,,,,,1,true
已登記的WiFi 熱點: 香港寬頻網絡有限公司 (APID 04260),已登記的WiFi 熱點: 香港寬頻網絡有限公司 (APID 04260),majorDestination,已登記的WiFi 熱點: 香港寬頻網絡有限公司 (APID 04260),,,,,,1,true
已登記的WiFi 熱點: 香港寬頻網絡有限公司 (APID 04403),已登記的WiFi 熱點: 香港寬頻網絡有限公司 (APID 04403),majorDestination,已登記的WiFi 熱點: 香港寬頻網絡有限公司 (APID 04403),,,,,,1,true
已登記的WiFi 熱點: 香港寬頻網絡有限公司 (APID 04283),已登記的WiFi 熱點: 香港寬頻網絡有限公司 (APID 04283),majorDestination,已登記的WiFi 熱點: 香港寬頻網絡有限公司 (APID 04283),,,,,,1,true
已登記的WiFi 熱點: 環球全域電訊有限公司 (APID 01752),已登記的WiFi 熱點: 環球全域電訊有限公司 (APID 01752),majorDestination,已登記的WiFi 熱點: 環球全域電訊有限公司 (APID 01752),,,,,,1,true
已登記的WiFi 熱點: 香港寬頻網絡有限公司 (APID 04265),已登記的WiFi 熱點: 香港寬頻網絡有限公司 (APID 04265),majorDestination,已登記的WiFi 熱點: 香港寬頻網絡有限公司 (APID 04265),,,,,,1,true
已登記的WiFi 熱點: 香港寬頻網絡有限公司 (APID 04299),已登記的WiFi 熱點: 香港寬頻網絡有限公司 (APID 04299),majorDestination,已登記的WiFi 熱點: 香港寬頻網絡有限公司 (APID 04299),,,,,,1,true
已登記的WiFi 熱點: Y5ZONE Limited (APID 08799),已登記的WiFi 熱點: Y5ZONE Limited (APID 08799),majorDestination,已登記的WiFi 熱點: Y5ZONE Limited (APID 08799),,,,,,1,true
回收機構及收集點： 綠在葵青回收流動點 - 003,回收機構及收集點： 綠在葵青回收流動點 - 003,majorDestination,回收機構及收集點： 綠在葵青回收流動點 - 003,,,,,,1,true
綠葵樓,綠葵樓,majorDestination,綠葵樓,,,,,,1,true
雅葵樓,雅葵樓,majorDestination,雅葵樓,,,,,,1,true
百葵樓,百葵樓,majorDestination,百葵樓,,,,,,1,true
碧葵樓,碧葵樓,majorDestination,碧葵樓,,,,,,1,true
芷葵樓,芷葵樓,majorDestination,芷葵樓,,,,,,1,true
茵葵樓,茵葵樓,majorDestination,茵葵樓,,,,,,1,true
逸葵樓,逸葵樓,majorDestination,逸葵樓,,,,,,1,true
映葵樓,映葵樓,majorDestination,映葵樓,,,,,,1,true
旭葵樓,旭葵樓,majorDestination,旭葵樓,,,,,,1,true
宏施慈善基金宏施慈善基金葵涌社會服務處(秋葵樓),宏施慈善基金宏施慈善基金葵涌社會服務處(秋葵樓),majorDestination,宏施慈善基金宏施慈善基金葵涌社會服務處(秋葵樓),,,,,,1,true
Wi-Fi.HK 熱點位置: 松悅園耆和護養院,Wi-Fi.HK 熱點位置: 松悅園耆和護養院,majorDestination,Wi-Fi.HK 熱點位置: 松悅園耆和護養院,,,,,,1,true
喜盈,喜盈,majorDestination,喜盈,,,,,,1,true
頤恩坊長者照顧服務,頤恩坊長者照顧服務,majorDestination,頤恩坊長者照顧服務,,,,,,1,true
心悅庭,心悅庭,majorDestination,心悅庭,,,,,,1,true
葵芳浸信會,葵芳浸信會,majorDestination,葵芳浸信會,,,,,,1,true
惠康超級市場-金山,惠康超級市場-金山,majorDestination,惠康超級市場-金山,,,,,,1,true
良由集貨：「節流為本」扶貧先導計劃,良由集貨：「節流為本」扶貧先導計劃,majorDestination,良由集貨：「節流為本」扶貧先導計劃,,,,,,1,true
閃耀製作有限公司,閃耀製作有限公司,majorDestination,閃耀製作有限公司,,,,,,1,true
漢興企業有限公司,漢興企業有限公司,majorDestination,漢興企業有限公司,,,,,,1,true
綠壹研究所,綠壹研究所,majorDestination,綠壹研究所,,,,,,1,true
捷誠汽車服務,捷誠汽車服務,majorDestination,捷誠汽車服務,,,,,,1,true
公平棧,公平棧,majorDestination,公平棧,,,,,,1,true
富裕汽車服務公司,富裕汽車服務公司,majorDestination,富裕汽車服務公司,,,,,,1,true
捷成行,捷成行,majorDestination,捷成行,,,,,,1,true
綿羊研習社,綿羊研習社,majorDestination,綿羊研習社,,,,,,1,true
晴媽媽手作工房,晴媽媽手作工房,majorDestination,晴媽媽手作工房,,,,,,1,true
Pacific Medical Systems Limited,Pacific Medical Systems Limited,majorDestination,Pacific Medical Systems Limited,,,,,,1,true
德毅汽車服務公司,德毅汽車服務公司,majorDestination,德毅汽車服務公司,,,,,,1,true
木一番,木一番,majorDestination,木一番,,,,,,1,true
大同企業,大同企業,majorDestination,大同企業,,,,,,1,true
滾動力量,滾動力量,majorDestination,滾動力量,,,,,,1,true
康達汽車服務公司,康達汽車服務公司,majorDestination,康達汽車服務公司,,,,,,1,true
毅信汽車服務公司,毅信汽車服務公司,majorDestination,毅信汽車服務公司,,,,,,1,true
土霽鑣汽車維修美容有限公司,土霽鑣汽車維修美容有限公司,majorDestination,土霽鑣汽車維修美容有限公司,,,,,,1,true
香港軟餐有限公司,香港軟餐有限公司,majorDestination,香港軟餐有限公司,,,,,,1,true
聯發汽車服務公司,聯發汽車服務公司,majorDestination,聯發汽車服務公司,,,,,,1,true
AUTO PERFORMANCE,AUTO PERFORMANCE,majorDestination,AUTO PERFORMANCE,,,,,,1,true
ECO Concepts,ECO Concepts,majorDestination,ECO Concepts,,,,,,1,true
Eco My Life,Eco My Life,majorDestination,Eco My Life,,,,,,1,true
FurryGreen Pet Food,FurryGreen Pet Food,majorDestination,FurryGreen Pet Food,,,,,,1,true
德駿汽車維修美容有限公司,德駿汽車維修美容有限公司,majorDestination,德駿汽車維修美容有限公司,,,,,,1,true
科進汽車有限公司,科進汽車有限公司,majorDestination,科進汽車有限公司,,,,,,1,true
香港中華基督教青年會屯門會所 (前稱),香港中華基督教青年會屯門會所 (前稱),majorDestination,香港中華基督教青年會屯門會所 (前稱),,,,,,1,true
友愛(屯門)護老院有限公司,友愛(屯門)護老院有限公司,majorDestination,友愛(屯門)護老院有限公司,,,,,,1,true
湖山河畔公園,湖山河畔公園,majorDestination,湖山河畔公園,,,,,,1,true
編號141郵箱,編號141郵箱,majorDestination,編號141郵箱,,,,,,1,true
已登記的WiFi 熱點: 環球全域電訊有限公司 (APID 00120),已登記的WiFi 熱點: 環球全域電訊有限公司 (APID 00120),majorDestination,已登記的WiFi 熱點: 環球全域電訊有限公司 (APID 00120),,,,,,1,true
已登記的WiFi 熱點: 香港寬頻網絡有限公司 (APID 02183),已登記的WiFi 熱點: 香港寬頻網絡有限公司 (APID 02183),majorDestination,已登記的WiFi 熱點: 香港寬頻網絡有限公司 (APID 02183),,,,,,1,true
威威汽車服務公司,威威汽車服務公司,majorDestination,威威汽車服務公司,,,,,,1,true
香港蘇浙滬同鄉會屯門安老院,香港蘇浙滬同鄉會屯門安老院,majorDestination,香港蘇浙滬同鄉會屯門安老院,,,,,,1,true
已登記的WiFi 熱點: 香港電話有限公司 (APID 06850),已登記的WiFi 熱點: 香港電話有限公司 (APID 06850),majorDestination,已登記的WiFi 熱點: 香港電話有限公司 (APID 06850),,,,,,1,true
大興社區會堂,大興社區會堂,majorDestination,大興社區會堂,,,,,,1,true
「外出易」陪診及護送服務,「外出易」陪診及護送服務,majorDestination,「外出易」陪診及護送服務,,,,,,1,true
回收機構及收集點： 綠在屯門回收流動點 - 004,回收機構及收集點： 綠在屯門回收流動點 - 004,majorDestination,回收機構及收集點： 綠在屯門回收流動點 - 004,,,,,,1,true
三聖停車場,三聖停車場,majorDestination,三聖停車場,,,,,,1,true
兆禧停車場,兆禧停車場,majorDestination,兆禧停車場,,,,,,1,true
山景1號停車場,山景1號停車場,majorDestination,山景1號停車場,,,,,,1,true
建造業議會屯門訓練場,建造業議會屯門訓練場,majorDestination,建造業議會屯門訓練場,,,,,,1,true
曙光二手傢俬家品店,曙光二手傢俬家品店,majorDestination,曙光二手傢俬家品店,,,,,,1,true
建造業訓練局屯門訓練場 (前稱),建造業訓練局屯門訓練場 (前稱),majorDestination,建造業訓練局屯門訓練場 (前稱),,,,,,1,true
Upcyco,Upcyco,majorDestination,Upcyco,,,,,,1,true
回收機構及收集點： 曙光計劃,回收機構及收集點： 曙光計劃,majorDestination,回收機構及收集點： 曙光計劃,,,,,,1,true
DSV Solutions Limited,DSV Solutions Limited,majorDestination,DSV Solutions Limited,,,,,,1,true
DOSHA woodcraft,DOSHA woodcraft,majorDestination,DOSHA woodcraft,,,,,,1,true
圍爐婦女創意伙伴,圍爐婦女創意伙伴,majorDestination,圍爐婦女創意伙伴,,,,,,1,true
手晴家,手晴家,majorDestination,手晴家,,,,,,1,true
良膳廚坊,良膳廚坊,majorDestination,良膳廚坊,,,,,,1,true
小可能有限公司,小可能有限公司,majorDestination,小可能有限公司,,,,,,1,true
宏遠洗衣服務公司,宏遠洗衣服務公司,majorDestination,宏遠洗衣服務公司,,,,,,1,true
新都醫護有限公司,新都醫護有限公司,majorDestination,新都醫護有限公司,,,,,,1,true
宏凱汽車服務有限公司,宏凱汽車服務有限公司,majorDestination,宏凱汽車服務有限公司,,,,,,1,true
青山浸信會恆青福音堂,青山浸信會恆青福音堂,majorDestination,青山浸信會恆青福音堂,,,,,,1,true
歷迅汽車有限公司,歷迅汽車有限公司,majorDestination,歷迅汽車有限公司,,,,,,1,true
7-11便利店-元朗,7-11便利店-元朗,majorDestination,7-11便利店-元朗,,,,,,1,true
已登記的WiFi 熱點: Y5ZONE Limited (APID 07981),已登記的WiFi 熱點: Y5ZONE Limited (APID 07981),majorDestination,已登記的WiFi 熱點: Y5ZONE Limited (APID 07981),,,,,,1,true
已登記的WiFi 熱點: 香港電話有限公司 (APID 06884),已登記的WiFi 熱點: 香港電話有限公司 (APID 06884),majorDestination,已登記的WiFi 熱點: 香港電話有限公司 (APID 06884),,,,,,1,true
已登記的WiFi 熱點: Y5ZONE Limited (APID 07982),已登記的WiFi 熱點: Y5ZONE Limited (APID 07982),majorDestination,已登記的WiFi 熱點: Y5ZONE Limited (APID 07982),,,,,,1,true
已登記的WiFi 熱點: 香港電話有限公司 (APID 06883),已登記的WiFi 熱點: 香港電話有限公司 (APID 06883),majorDestination,已登記的WiFi 熱點: 香港電話有限公司 (APID 06883),,,,,,1,true
已登記的WiFi 熱點: Y5ZONE Limited (APID 07980),已登記的WiFi 熱點: Y5ZONE Limited (APID 07980),majorDestination,已登記的WiFi 熱點: Y5ZONE Limited (APID 07980),,,,,,1,true
已登記的WiFi 熱點: 環球全域電訊有限公司 (APID 00271),已登記的WiFi 熱點: 環球全域電訊有限公司 (APID 00271),majorDestination,已登記的WiFi 熱點: 環球全域電訊有限公司 (APID 00271),,,,,,1,true
已登記的WiFi 熱點: Hong Kong Telecommunications (HKT) Limited (APID 04615),已登記的WiFi 熱點: Hong Kong Telecommunications (HKT) Limited (APID 04615),majorDestination,已登記的WiFi 熱點: Hong Kong Telecommunications (HKT) Limited (APID 04615),,,,,,1,true
已登記的WiFi 熱點: 香港寬頻網絡有限公司 (APID 02364),已登記的WiFi 熱點: 香港寬頻網絡有限公司 (APID 02364),majorDestination,已登記的WiFi 熱點: 香港寬頻網絡有限公司 (APID 02364),,,,,,1,true
已登記的WiFi 熱點: 香港寬頻網絡有限公司 (APID 02366),已登記的WiFi 熱點: 香港寬頻網絡有限公司 (APID 02366),majorDestination,已登記的WiFi 熱點: 香港寬頻網絡有限公司 (APID 02366),,,,,,1,true
已登記的WiFi 熱點: 香港寬頻網絡有限公司 (APID 02365),已登記的WiFi 熱點: 香港寬頻網絡有限公司 (APID 02365),majorDestination,已登記的WiFi 熱點: 香港寬頻網絡有限公司 (APID 02365),,,,,,1,true
Wi-Fi.HK 熱點位置: 周大福,Wi-Fi.HK 熱點位置: 周大福,majorDestination,Wi-Fi.HK 熱點位置: 周大福,,,,,,1,true
FUSION 形點II,FUSION 形點II,majorDestination,FUSION 形點II,,,,,,1,true
WING WAH PRESTIGE O/B PANGAEA INDUSTRY GROUP LIMITED,WING WAH PRESTIGE O/B PANGAEA INDUSTRY GROUP LIMITED,majorDestination,WING WAH PRESTIGE O/B PANGAEA INDUSTRY GROUP LIMITED,,,,,,1,true
Wi-Fi.HK 熱點位置: 形點 II,Wi-Fi.HK 熱點位置: 形點 II,majorDestination,Wi-Fi.HK 熱點位置: 形點 II,,,,,,1,true
Wi-Fi.HK 熱點位置: 麥當勞 - 形點,Wi-Fi.HK 熱點位置: 麥當勞 - 形點,majorDestination,Wi-Fi.HK 熱點位置: 麥當勞 - 形點,,,,,,1,true
Wi-Fi.HK 熱點位置: 形點 II - 停車場,Wi-Fi.HK 熱點位置: 形點 II - 停車場,majorDestination,Wi-Fi.HK 熱點位置: 形點 II - 停車場,,,,,,1,true
"MANNINGS BABY O/B THE DAIRY FARM COMPANY, LIMITED","MANNINGS BABY O/B THE DAIRY FARM COMPANY, LIMITED",majorDestination,"MANNINGS BABY O/B THE DAIRY FARM COMPANY, LIMITED",,,,,,1,true
已登記的WiFi 熱點: 環球全域電訊有限公司 (APID 01861),已登記的WiFi 熱點: 環球全域電訊有限公司 (APID 01861),majorDestination,已登記的WiFi 熱點: 環球全域電訊有限公司 (APID 01861),,,,,,1,true
已登記的WiFi 熱點: 環球全域電訊有限公司 (APID 01863),已登記的WiFi 熱點: 環球全域電訊有限公司 (APID 01863),majorDestination,已登記的WiFi 熱點: 環球全域電訊有限公司 (APID 01863),,,,,,1,true
已登記的WiFi 熱點: Sunevision Super E-Network Limited (APID 07711),已登記的WiFi 熱點: Sunevision Super E-Network Limited (APID 07711),majorDestination,已登記的WiFi 熱點: Sunevision Super E-Network Limited (APID 07711),,,,,,1,true
協康會幼兒駐校社工服務 – 元朗隊,協康會幼兒駐校社工服務 – 元朗隊,majorDestination,協康會幼兒駐校社工服務 – 元朗隊,,,,,,1,true
已登記的WiFi 熱點: Y5ZONE Limited (APID 08779),已登記的WiFi 熱點: Y5ZONE Limited (APID 08779),majorDestination,已登記的WiFi 熱點: Y5ZONE Limited (APID 08779),,,,,,1,true
已登記的WiFi 熱點: 環球全域電訊有限公司 (APID 01821),已登記的WiFi 熱點: 環球全域電訊有限公司 (APID 01821),majorDestination,已登記的WiFi 熱點: 環球全域電訊有限公司 (APID 01821),,,,,,1,true
已登記的WiFi 熱點: 香港寬頻網絡有限公司 (APID 04388),已登記的WiFi 熱點: 香港寬頻網絡有限公司 (APID 04388),majorDestination,已登記的WiFi 熱點: 香港寬頻網絡有限公司 (APID 04388),,,,,,1,true
友愛護老院有限公司,友愛護老院有限公司,majorDestination,友愛護老院有限公司,,,,,,1,true
基恩護理安老院有限公司 - 第二分院,基恩護理安老院有限公司 - 第二分院,majorDestination,基恩護理安老院有限公司 - 第二分院,,,,,,1,true
救世軍錦田長者之家,救世軍錦田長者之家,majorDestination,救世軍錦田長者之家,,,,,,1,true
中華基督教禮賢會元朗堂,中華基督教禮賢會元朗堂,majorDestination,中華基督教禮賢會元朗堂,,,,,,1,true
i文創閱讀空間,i文創閱讀空間,majorDestination,i文創閱讀空間,,,,,,1,true
大鴻輝(元朗)商廈,大鴻輝(元朗)商廈,majorDestination,大鴻輝(元朗)商廈,,,,,,1,true
基督教香港崇真會學前單位社工服務(天水圍),基督教香港崇真會學前單位社工服務(天水圍),majorDestination,基督教香港崇真會學前單位社工服務(天水圍),,,,,,1,true
元朗平安福音堂,元朗平安福音堂,majorDestination,元朗平安福音堂,,,,,,1,true
安然康健服務 – 第二隊,安然康健服務 – 第二隊,majorDestination,安然康健服務 – 第二隊,,,,,,1,true
朗屏B停車場,朗屏B停車場,majorDestination,朗屏B停車場,,,,,,1,true
朗屏D停車場,朗屏D停車場,majorDestination,朗屏D停車場,,,,,,1,true
Market Place-溱柏,Market Place-溱柏,majorDestination,Market Place-溱柏,,,,,,1,true
已登記的WiFi 熱點: Y5ZONE Limited (APID 07976),已登記的WiFi 熱點: Y5ZONE Limited (APID 07976),majorDestination,已登記的WiFi 熱點: Y5ZONE Limited (APID 07976),,,,,,1,true
已登記的WiFi 熱點: Hong Kong Telecommunications (HKT) Limited (APID 04670),已登記的WiFi 熱點: Hong Kong Telecommunications (HKT) Limited (APID 04670),majorDestination,已登記的WiFi 熱點: Hong Kong Telecommunications (HKT) Limited (APID 04670),,,,,,1,true
雀巢香港有限公司,雀巢香港有限公司,majorDestination,雀巢香港有限公司,,,,,,1,true
凸版資訊(香港)有限公司,凸版資訊(香港)有限公司,majorDestination,凸版資訊(香港)有限公司,,,,,,1,true
編號519郵箱,編號519郵箱,majorDestination,編號519郵箱,,,,,,1,true
新達汽車服務有限公司,新達汽車服務有限公司,majorDestination,新達汽車服務有限公司,,,,,,1,true
中國檢驗有限公司,中國檢驗有限公司,majorDestination,中國檢驗有限公司,,,,,,1,true
夏巴有限公司,夏巴有限公司,majorDestination,夏巴有限公司,,,,,,1,true
編號583郵箱,編號583郵箱,majorDestination,編號583郵箱,,,,,,1,true
回收機構及收集點： 喜動社區發展網絡有限公司-食德好,回收機構及收集點： 喜動社區發展網絡有限公司-食德好,majorDestination,回收機構及收集點： 喜動社區發展網絡有限公司-食德好,,,,,,1,true
7-11便利店-大埔,7-11便利店-大埔,majorDestination,7-11便利店-大埔,,,,,,1,true
已登記的WiFi 熱點: Hong Kong Telecommunications (HKT) Limited (APID 06615),已登記的WiFi 熱點: Hong Kong Telecommunications (HKT) Limited (APID 06615),majorDestination,已登記的WiFi 熱點: Hong Kong Telecommunications (HKT) Limited (APID 06615),,,,,,1,true
已登記的WiFi 熱點: 香港寬頻網絡有限公司 (APID 04226),已登記的WiFi 熱點: 香港寬頻網絡有限公司 (APID 04226),majorDestination,已登記的WiFi 熱點: 香港寬頻網絡有限公司 (APID 04226),,,,,,1,true
已登記的WiFi 熱點: Y5ZONE Limited (APID 08800),已登記的WiFi 熱點: Y5ZONE Limited (APID 08800),majorDestination,已登記的WiFi 熱點: Y5ZONE Limited (APID 08800),,,,,,1,true
已登記的WiFi 熱點: 環球全域電訊有限公司 (APID 00815),已登記的WiFi 熱點: 環球全域電訊有限公司 (APID 00815),majorDestination,已登記的WiFi 熱點: 環球全域電訊有限公司 (APID 00815),,,,,,1,true
FUSION 大埔超級城,FUSION 大埔超級城,majorDestination,FUSION 大埔超級城,,,,,,1,true
大埔超級城A區停車場,大埔超級城A區停車場,majorDestination,大埔超級城A區停車場,,,,,,1,true
大埔超級城B2停車場,大埔超級城B2停車場,majorDestination,大埔超級城B2停車場,,,,,,1,true
大埔超級城C區停車場,大埔超級城C區停車場,majorDestination,大埔超級城C區停車場,,,,,,1,true
大埔超級城D區停車場,大埔超級城D區停車場,majorDestination,大埔超級城D區停車場,,,,,,1,true
大埔超級城多層停車場,大埔超級城多層停車場,majorDestination,大埔超級城多層停車場,,,,,,1,true
OK便利店-大埔超級城,OK便利店-大埔超級城,majorDestination,OK便利店-大埔超級城,,,,,,1,true
嘉禾大埔,嘉禾大埔,majorDestination,嘉禾大埔,,,,,,1,true
保亮有限公司,保亮有限公司,majorDestination,保亮有限公司,,,,,,1,true
已登記的WiFi 熱點: Hong Kong Telecommunications (HKT) Limited (APID 05424),已登記的WiFi 熱點: Hong Kong Telecommunications (HKT) Limited (APID 05424),majorDestination,已登記的WiFi 熱點: Hong Kong Telecommunications (HKT) Limited (APID 05424),,,,,,1,true
已登記的WiFi 熱點: Hong Kong Telecommunications (HKT) Limited (APID 05422),已登記的WiFi 熱點: Hong Kong Telecommunications (HKT) Limited (APID 05422),majorDestination,已登記的WiFi 熱點: Hong Kong Telecommunications (HKT) Limited (APID 05422),,,,,,1,true
已登記的WiFi 熱點: 環球全域電訊有限公司 (APID 00846),已登記的WiFi 熱點: 環球全域電訊有限公司 (APID 00846),majorDestination,已登記的WiFi 熱點: 環球全域電訊有限公司 (APID 00846),,,,,,1,true
已登記的WiFi 熱點: Hong Kong Telecommunications (HKT) Limited (APID 05425),已登記的WiFi 熱點: Hong Kong Telecommunications (HKT) Limited (APID 05425),majorDestination,已登記的WiFi 熱點: Hong Kong Telecommunications (HKT) Limited (APID 05425),,,,,,1,true
編號421郵箱,編號421郵箱,majorDestination,編號421郵箱,,,,,,1,true
回收機構及收集點： 綠在大埔回收流動點 - 009,回收機構及收集點： 綠在大埔回收流動點 - 009,majorDestination,回收機構及收集點： 綠在大埔回收流動點 - 009,,,,,,1,true
回收機構及收集點： 綠在太和回收流動點 - 019,回收機構及收集點： 綠在太和回收流動點 - 019,majorDestination,回收機構及收集點： 綠在太和回收流動點 - 019,,,,,,1,true
已登記的WiFi 熱點: 香港電話有限公司 (APID 07229),已登記的WiFi 熱點: 香港電話有限公司 (APID 07229),majorDestination,已登記的WiFi 熱點: 香港電話有限公司 (APID 07229),,,,,,1,true
已登記的WiFi 熱點: 香港寬頻網絡有限公司 (APID 03092),已登記的WiFi 熱點: 香港寬頻網絡有限公司 (APID 03092),majorDestination,已登記的WiFi 熱點: 香港寬頻網絡有限公司 (APID 03092),,,,,,1,true
已登記的WiFi 熱點: 香港電話有限公司 (APID 07115),已登記的WiFi 熱點: 香港電話有限公司 (APID 07115),majorDestination,已登記的WiFi 熱點: 香港電話有限公司 (APID 07115),,,,,,1,true
湯若望宿舍,湯若望宿舍,majorDestination,湯若望宿舍,,,,,,1,true
比華利山別墅住客會所,比華利山別墅住客會所,majorDestination,比華利山別墅住客會所,,,,,,1,true
中華聖潔會大埔堂,中華聖潔會大埔堂,majorDestination,中華聖潔會大埔堂,,,,,,1,true
基督教香港崇真會富善堂,基督教香港崇真會富善堂,majorDestination,基督教香港崇真會富善堂,,,,,,1,true
嘉頤(大埔)護理院,嘉頤(大埔)護理院,majorDestination,嘉頤(大埔)護理院,,,,,,1,true
友福護老院,友福護老院,majorDestination,友福護老院,,,,,,1,true
惠康超級市場-大埔廣福,惠康超級市場-大埔廣福,majorDestination,惠康超級市場-大埔廣福,,,,,,1,true
廣褔停車場,廣褔停車場,majorDestination,廣褔停車場,,,,,,1,true
大元A停車場,大元A停車場,majorDestination,大元A停車場,,,,,,1,true
大元B停車場,大元B停車場,majorDestination,大元B停車場,,,,,,1,true
莊生中西藥房,莊生中西藥房,majorDestination,莊生中西藥房,,,,,,1,true
回收機構及收集點： 惠康,回收機構及收集點： 惠康,majorDestination,回收機構及收集點： 惠康,,,,,,1,true
已登記的WiFi 熱點: Y5ZONE Limited (APID 08333),已登記的WiFi 熱點: Y5ZONE Limited (APID 08333),majorDestination,已登記的WiFi 熱點: Y5ZONE Limited (APID 08333),,,,,,1,true
已登記的WiFi 熱點: Hong Kong Telecommunications (HKT) Limited (APID 05343),已登記的WiFi 熱點: Hong Kong Telecommunications (HKT) Limited (APID 05343),majorDestination,已登記的WiFi 熱點: Hong Kong Telecommunications (HKT) Limited (APID 05343),,,,,,1,true
已登記的WiFi 熱點: Hong Kong Telecommunications (HKT) Limited (APID 05585),已登記的WiFi 熱點: Hong Kong Telecommunications (HKT) Limited (APID 05585),majorDestination,已登記的WiFi 熱點: Hong Kong Telecommunications (HKT) Limited (APID 05585),,,,,,1,true
利記集團有限公司,利記集團有限公司,majorDestination,利記集團有限公司,,,,,,1,true
A. S. WATSON GROUP （HK） LIMITED,A. S. WATSON GROUP （HK） LIMITED,majorDestination,A. S. WATSON GROUP （HK） LIMITED,,,,,,1,true
建造業議會大埔訓練場 (前稱),建造業議會大埔訓練場 (前稱),majorDestination,建造業議會大埔訓練場 (前稱),,,,,,1,true
基督教復興教會(埔恩堂),基督教復興教會(埔恩堂),majorDestination,基督教復興教會(埔恩堂),,,,,,1,true
編號40郵箱,編號40郵箱,majorDestination,編號40郵箱,,,,,,1,true
已登記的WiFi 熱點: 香港電話有限公司 (APID 07409),已登記的WiFi 熱點: 香港電話有限公司 (APID 07409),majorDestination,已登記的WiFi 熱點: 香港電話有限公司 (APID 07409),,,,,,1,true
7-11便利店-粉嶺,7-11便利店-粉嶺,majorDestination,7-11便利店-粉嶺,,,,,,1,true
已登記的WiFi 熱點: 香港電話有限公司 (APID 07078),已登記的WiFi 熱點: 香港電話有限公司 (APID 07078),majorDestination,已登記的WiFi 熱點: 香港電話有限公司 (APID 07078),,,,,,1,true
已登記的WiFi 熱點: 香港電話有限公司 (APID 07083),已登記的WiFi 熱點: 香港電話有限公司 (APID 07083),majorDestination,已登記的WiFi 熱點: 香港電話有限公司 (APID 07083),,,,,,1,true
已登記的WiFi 熱點: 香港寬頻網絡有限公司 (APID 04236),已登記的WiFi 熱點: 香港寬頻網絡有限公司 (APID 04236),majorDestination,已登記的WiFi 熱點: 香港寬頻網絡有限公司 (APID 04236),,,,,,1,true
已登記的WiFi 熱點: Hong Kong Telecommunications (HKT) Limited (APID 04948),已登記的WiFi 熱點: Hong Kong Telecommunications (HKT) Limited (APID 04948),majorDestination,已登記的WiFi 熱點: Hong Kong Telecommunications (HKT) Limited (APID 04948),,,,,,1,true
已登記的WiFi 熱點: Hong Kong Telecommunications (HKT) Limited (APID 04951),已登記的WiFi 熱點: Hong Kong Telecommunications (HKT) Limited (APID 04951),majorDestination,已登記的WiFi 熱點: Hong Kong Telecommunications (HKT) Limited (APID 04951),,,,,,1,true
已登記的WiFi 熱點: 香港寬頻網絡有限公司 (APID 02778),已登記的WiFi 熱點: 香港寬頻網絡有限公司 (APID 02778),majorDestination,已登記的WiFi 熱點: 香港寬頻網絡有限公司 (APID 02778),,,,,,1,true
已登記的WiFi 熱點: 香港寬頻網絡有限公司 (APID 02779),已登記的WiFi 熱點: 香港寬頻網絡有限公司 (APID 02779),majorDestination,已登記的WiFi 熱點: 香港寬頻網絡有限公司 (APID 02779),,,,,,1,true
已登記的WiFi 熱點: 環球全域電訊有限公司 (APID 00507),已登記的WiFi 熱點: 環球全域電訊有限公司 (APID 00507),majorDestination,已登記的WiFi 熱點: 環球全域電訊有限公司 (APID 00507),,,,,,1,true
基督教香港崇真會救恩堂粉嶺分堂,基督教香港崇真會救恩堂粉嶺分堂,majorDestination,基督教香港崇真會救恩堂粉嶺分堂,,,,,,1,true
嘉福護老樂,嘉福護老樂,majorDestination,嘉福護老樂,,,,,,1,true
回收機構及收集點： 綠在粉嶺回收流動點 - 003,回收機構及收集點： 綠在粉嶺回收流動點 - 003,majorDestination,回收機構及收集點： 綠在粉嶺回收流動點 - 003,,,,,,1,true
已登記的WiFi 熱點: Hong Kong Telecommunications (HKT) Limited (APID 04975),已登記的WiFi 熱點: Hong Kong Telecommunications (HKT) Limited (APID 04975),majorDestination,已登記的WiFi 熱點: Hong Kong Telecommunications (HKT) Limited (APID 04975),,,,,,1,true
已登記的WiFi 熱點: Hong Kong Telecommunications (HKT) Limited (APID 04974),已登記的WiFi 熱點: Hong Kong Telecommunications (HKT) Limited (APID 04974),majorDestination,已登記的WiFi 熱點: Hong Kong Telecommunications (HKT) Limited (APID 04974),,,,,,1,true
回收機構及收集點： 綠膳派,回收機構及收集點： 綠膳派,majorDestination,回收機構及收集點： 綠膳派,,,,,,1,true
極速汽車服務有限公司,極速汽車服務有限公司,majorDestination,極速汽車服務有限公司,,,,,,1,true
已登記的WiFi 熱點: 香港寬頻網絡有限公司 (APID 02530),已登記的WiFi 熱點: 香港寬頻網絡有限公司 (APID 02530),majorDestination,已登記的WiFi 熱點: 香港寬頻網絡有限公司 (APID 02530),,,,,,1,true
7-11便利店-上水,7-11便利店-上水,majorDestination,7-11便利店-上水,,,,,,1,true
已登記的WiFi 熱點: 香港寬頻網絡有限公司 (APID 04245),已登記的WiFi 熱點: 香港寬頻網絡有限公司 (APID 04245),majorDestination,已登記的WiFi 熱點: 香港寬頻網絡有限公司 (APID 04245),,,,,,1,true
已登記的WiFi 熱點: 環球全域電訊有限公司 (APID 01961),已登記的WiFi 熱點: 環球全域電訊有限公司 (APID 01961),majorDestination,已登記的WiFi 熱點: 環球全域電訊有限公司 (APID 01961),,,,,,1,true
已登記的WiFi 熱點: Hong Kong Telecommunications (HKT) Limited (APID 04859),已登記的WiFi 熱點: Hong Kong Telecommunications (HKT) Limited (APID 04859),majorDestination,已登記的WiFi 熱點: Hong Kong Telecommunications (HKT) Limited (APID 04859),,,,,,1,true
已登記的WiFi 熱點: 香港寬頻網絡有限公司 (APID 02642),已登記的WiFi 熱點: 香港寬頻網絡有限公司 (APID 02642),majorDestination,已登記的WiFi 熱點: 香港寬頻網絡有限公司 (APID 02642),,,,,,1,true
已登記的WiFi 熱點: Hong Kong Telecommunications (HKT) Limited (APID 04856),已登記的WiFi 熱點: Hong Kong Telecommunications (HKT) Limited (APID 04856),majorDestination,已登記的WiFi 熱點: Hong Kong Telecommunications (HKT) Limited (APID 04856),,,,,,1,true
已登記的WiFi 熱點: Hong Kong Telecommunications (HKT) Limited (APID 04857),已登記的WiFi 熱點: Hong Kong Telecommunications (HKT) Limited (APID 04857),majorDestination,已登記的WiFi 熱點: Hong Kong Telecommunications (HKT) Limited (APID 04857),,,,,,1,true
惠康超級市場-翠麗,惠康超級市場-翠麗,majorDestination,惠康超級市場-翠麗,,,,,,1,true
回春藥房,回春藥房,majorDestination,回春藥房,,,,,,1,true
7-11便利店-將軍澳,7-11便利店-將軍澳,majorDestination,7-11便利店-將軍澳,,,,,,1,true
救世軍寶林長者之家,救世軍寶林長者之家,majorDestination,救世軍寶林長者之家,,,,,,1,true
金門建築有限公司,金門建築有限公司,majorDestination,金門建築有限公司,,,,,,1,true
OK便利店-TVB將軍澳電視城,OK便利店-TVB將軍澳電視城,majorDestination,OK便利店-TVB將軍澳電視城,,,,,,1,true
已登記的WiFi 熱點: Y5ZONE Limited (APID 08696),已登記的WiFi 熱點: Y5ZONE Limited (APID 08696),majorDestination,已登記的WiFi 熱點: Y5ZONE Limited (APID 08696),,,,,,1,true
康萊,康萊,majorDestination,康萊,,,,,,1,true
蔚藍灣畔,蔚藍灣畔,majorDestination,蔚藍灣畔,,,,,,1,true
新城中西藥房,新城中西藥房,majorDestination,新城中西藥房,,,,,,1,true
編號314郵箱,編號314郵箱,majorDestination,編號314郵箱,,,,,,1,true
香港復甦學會 辦公室,香港復甦學會 辦公室,majorDestination,香港復甦學會 辦公室,,,,,,1,true
已登記的WiFi 熱點: 香港寬頻網絡有限公司 (APID 02894),已登記的WiFi 熱點: 香港寬頻網絡有限公司 (APID 02894),majorDestination,已登記的WiFi 熱點: 香港寬頻網絡有限公司 (APID 02894),,,,,,1,true
已登記的WiFi 熱點: Sunevision Super E-Network Limited (APID 07709),已登記的WiFi 熱點: Sunevision Super E-Network Limited (APID 07709),majorDestination,已登記的WiFi 熱點: Sunevision Super E-Network Limited (APID 07709),,,,,,1,true
市區更新探知館,市區更新探知館,majorDestination,市區更新探知館,,,,,,1,true
中環專科,中環專科,majorDestination,中環專科,,,,,,1,true
已登記的WiFi 熱點: 環球全域電訊有限公司 (APID 00619),已登記的WiFi 熱點: 環球全域電訊有限公司 (APID 00619),majorDestination,已登記的WiFi 熱點: 環球全域電訊有限公司 (APID 00619),,,,,,1,true
已登記的WiFi 熱點: 環球全域電訊有限公司 (APID 00618),已登記的WiFi 熱點: 環球全域電訊有限公司 (APID 00618),majorDestination,已登記的WiFi 熱點: 環球全域電訊有限公司 (APID 00618),,,,,,1,true
已登記的WiFi 熱點: 環球全域電訊有限公司 (APID 00617),已登記的WiFi 熱點: 環球全域電訊有限公司 (APID 00617),majorDestination,已登記的WiFi 熱點: 環球全域電訊有限公司 (APID 00617),,,,,,1,true
已登記的WiFi 熱點: 香港寬頻網絡有限公司 (APID 02872),已登記的WiFi 熱點: 香港寬頻網絡有限公司 (APID 02872),majorDestination,已登記的WiFi 熱點: 香港寬頻網絡有限公司 (APID 02872),,,,,,1,true
已登記的WiFi 熱點: Hong Kong Telecommunications (HKT) Limited (APID 05074),已登記的WiFi 熱點: Hong Kong Telecommunications (HKT) Limited (APID 05074),majorDestination,已登記的WiFi 熱點: Hong Kong Telecommunications (HKT) Limited (APID 05074),,,,,,1,true
已登記的WiFi 熱點: Y5ZONE Limited (APID 08145),已登記的WiFi 熱點: Y5ZONE Limited (APID 08145),majorDestination,已登記的WiFi 熱點: Y5ZONE Limited (APID 08145),,,,,,1,true
梅夫人婦女會,梅夫人婦女會,majorDestination,梅夫人婦女會,,,,,,1,true
工銀國際控股有限公司,工銀國際控股有限公司,majorDestination,工銀國際控股有限公司,,,,,,1,true
梅夫人婦女會主樓(外部列為法定古蹟),梅夫人婦女會主樓(外部列為法定古蹟),majorDestination,梅夫人婦女會主樓(外部列為法定古蹟),,,,,,1,true
美國 - 總領事館,美國 - 總領事館,majorDestination,美國 - 總領事館,,,,,,1,true
聖約翰座堂,聖約翰座堂,majorDestination,聖約翰座堂,,,,,,1,true
烏拉圭 - 總領事館,烏拉圭 - 總領事館,majorDestination,烏拉圭 - 總領事館,,,,,,1,true
匈牙利 - 總領事館,匈牙利 - 總領事館,majorDestination,匈牙利 - 總領事館,,,,,,1,true
中環外科,中環外科,majorDestination,中環外科,,,,,,1,true
歐洲聯盟駐香港及澳門辦事處,歐洲聯盟駐香港及澳門辦事處,majorDestination,歐洲聯盟駐香港及澳門辦事處,,,,,,1,true
已登記的WiFi 熱點: Y5ZONE Limited (APID 08184),已登記的WiFi 熱點: Y5ZONE Limited (APID 08184),majorDestination,已登記的WiFi 熱點: Y5ZONE Limited (APID 08184),,,,,,1,true
已登記的WiFi 熱點: 香港寬頻網絡有限公司 (APID 02971),已登記的WiFi 熱點: 香港寬頻網絡有限公司 (APID 02971),majorDestination,已登記的WiFi 熱點: 香港寬頻網絡有限公司 (APID 02971),,,,,,1,true
已登記的WiFi 熱點: Hong Kong Telecommunications (HKT) Limited (APID 05178),已登記的WiFi 熱點: Hong Kong Telecommunications (HKT) Limited (APID 05178),majorDestination,已登記的WiFi 熱點: Hong Kong Telecommunications (HKT) Limited (APID 05178),,,,,,1,true
已登記的WiFi 熱點: 香港寬頻網絡有限公司 (APID 02979),已登記的WiFi 熱點: 香港寬頻網絡有限公司 (APID 02979),majorDestination,已登記的WiFi 熱點: 香港寬頻網絡有限公司 (APID 02979),,,,,,1,true
已登記的WiFi 熱點: Y5ZONE Limited (APID 08186),已登記的WiFi 熱點: Y5ZONE Limited (APID 08186),majorDestination,已登記的WiFi 熱點: Y5ZONE Limited (APID 08186),,,,,,1,true
已登記的WiFi 熱點: 香港電話有限公司 (APID 07137),已登記的WiFi 熱點: 香港電話有限公司 (APID 07137),majorDestination,已登記的WiFi 熱點: 香港電話有限公司 (APID 07137),,,,,,1,true
已登記的WiFi 熱點: 香港寬頻網絡有限公司 (APID 02970),已登記的WiFi 熱點: 香港寬頻網絡有限公司 (APID 02970),majorDestination,已登記的WiFi 熱點: 香港寬頻網絡有限公司 (APID 02970),,,,,,1,true
已登記的WiFi 熱點: Hong Kong Telecommunications (HKT) Limited (APID 05173),已登記的WiFi 熱點: Hong Kong Telecommunications (HKT) Limited (APID 05173),majorDestination,已登記的WiFi 熱點: Hong Kong Telecommunications (HKT) Limited (APID 05173),,,,,,1,true
已登記的WiFi 熱點: Y5ZONE Limited (APID 08191),已登記的WiFi 熱點: Y5ZONE Limited (APID 08191),majorDestination,已登記的WiFi 熱點: Y5ZONE Limited (APID 08191),,,,,,1,true
已登記的WiFi 熱點: Hong Kong Telecommunications (HKT) Limited (APID 05164),已登記的WiFi 熱點: Hong Kong Telecommunications (HKT) Limited (APID 05164),majorDestination,已登記的WiFi 熱點: Hong Kong Telecommunications (HKT) Limited (APID 05164),,,,,,1,true
已登記的WiFi 熱點: Hong Kong Telecommunications (HKT) Limited (APID 05161),已登記的WiFi 熱點: Hong Kong Telecommunications (HKT) Limited (APID 05161),majorDestination,已登記的WiFi 熱點: Hong Kong Telecommunications (HKT) Limited (APID 05161),,,,,,1,true
已登記的WiFi 熱點: Hong Kong Telecommunications (HKT) Limited (APID 05158),已登記的WiFi 熱點: Hong Kong Telecommunications (HKT) Limited (APID 05158),majorDestination,已登記的WiFi 熱點: Hong Kong Telecommunications (HKT) Limited (APID 05158),,,,,,1,true
回收機構及收集點： 綠在上環回收流動點 - 010,回收機構及收集點： 綠在上環回收流動點 - 010,majorDestination,回收機構及收集點： 綠在上環回收流動點 - 010,,,,,,1,true
已登記的WiFi 熱點: Hong Kong Telecommunications (HKT) Limited (APID 05073),已登記的WiFi 熱點: Hong Kong Telecommunications (HKT) Limited (APID 05073),majorDestination,已登記的WiFi 熱點: Hong Kong Telecommunications (HKT) Limited (APID 05073),,,,,,1,true
已登記的WiFi 熱點: Hong Kong Telecommunications (HKT) Limited (APID 05055),已登記的WiFi 熱點: Hong Kong Telecommunications (HKT) Limited (APID 05055),majorDestination,已登記的WiFi 熱點: Hong Kong Telecommunications (HKT) Limited (APID 05055),,,,,,1,true
已登記的WiFi 熱點: Hong Kong Telecommunications (HKT) Limited (APID 05072),已登記的WiFi 熱點: Hong Kong Telecommunications (HKT) Limited (APID 05072),majorDestination,已登記的WiFi 熱點: Hong Kong Telecommunications (HKT) Limited (APID 05072),,,,,,1,true
溫的風樂隊,溫的風樂隊,majorDestination,溫的風樂隊,,,,,,1,true
瑞昌系統有限公司,瑞昌系統有限公司,majorDestination,瑞昌系統有限公司,,,,,,1,true
永順電腦汽車維修有限公司,永順電腦汽車維修有限公司,majorDestination,永順電腦汽車維修有限公司,,,,,,1,true
BODY SHOP AUTO SERVICE CO,BODY SHOP AUTO SERVICE CO,majorDestination,BODY SHOP AUTO SERVICE CO,,,,,,1,true
雄威汽車,雄威汽車,majorDestination,雄威汽車,,,,,,1,true
錦龍有限公司(鴨脷洲),錦龍有限公司(鴨脷洲),majorDestination,錦龍有限公司(鴨脷洲),,,,,,1,true
精英汽車,精英汽車,majorDestination,精英汽車,,,,,,1,true
森堡汽車有限公司,森堡汽車有限公司,majorDestination,森堡汽車有限公司,,,,,,1,true
金安(沙田)汽車檢測有限公司,金安(沙田)汽車檢測有限公司,majorDestination,金安(沙田)汽車檢測有限公司,,,,,,1,true
已登記的WiFi 熱點: 香港電話有限公司 (APID 07446),已登記的WiFi 熱點: 香港電話有限公司 (APID 07446),majorDestination,已登記的WiFi 熱點: 香港電話有限公司 (APID 07446),,,,,,1,true
慶公宴,慶公宴,majorDestination,慶公宴,,,,,,1,true
哈薩克斯坦 - 總領事館,哈薩克斯坦 - 總領事館,majorDestination,哈薩克斯坦 - 總領事館,,,,,,1,true
已登記的WiFi 熱點: 環球全域電訊有限公司 (APID 00576),已登記的WiFi 熱點: 環球全域電訊有限公司 (APID 00576),majorDestination,已登記的WiFi 熱點: 環球全域電訊有限公司 (APID 00576),,,,,,1,true
已登記的WiFi 熱點: 香港寬頻網絡有限公司 (APID 02837),已登記的WiFi 熱點: 香港寬頻網絡有限公司 (APID 02837),majorDestination,已登記的WiFi 熱點: 香港寬頻網絡有限公司 (APID 02837),,,,,,1,true
已登記的WiFi 熱點: Hong Kong Telecommunications (HKT) Limited (APID 05061),已登記的WiFi 熱點: Hong Kong Telecommunications (HKT) Limited (APID 05061),majorDestination,已登記的WiFi 熱點: Hong Kong Telecommunications (HKT) Limited (APID 05061),,,,,,1,true
已登記的WiFi 熱點: Y5ZONE Limited (APID 08138),已登記的WiFi 熱點: Y5ZONE Limited (APID 08138),majorDestination,已登記的WiFi 熱點: Y5ZONE Limited (APID 08138),,,,,,1,true
已登記的WiFi 熱點: Hong Kong Telecommunications (HKT) Limited (APID 05026),已登記的WiFi 熱點: Hong Kong Telecommunications (HKT) Limited (APID 05026),majorDestination,已登記的WiFi 熱點: Hong Kong Telecommunications (HKT) Limited (APID 05026),,,,,,1,true
已登記的WiFi 熱點: Hong Kong Telecommunications (HKT) Limited (APID 05088),已登記的WiFi 熱點: Hong Kong Telecommunications (HKT) Limited (APID 05088),majorDestination,已登記的WiFi 熱點: Hong Kong Telecommunications (HKT) Limited (APID 05088),,,,,,1,true
Green Ladies & Green Little (灣仔集成分店),Green Ladies & Green Little (灣仔集成分店),majorDestination,Green Ladies & Green Little (灣仔集成分店),,,,,,1,true
修頓遊樂場,修頓遊樂場,majorDestination,修頓遊樂場,,,,,,1,true
樂健按摩服務,樂健按摩服務,majorDestination,樂健按摩服務,,,,,,1,true
香港家庭福利會,香港家庭福利會,majorDestination,香港家庭福利會,,,,,,1,true
區域監護事務處(港島),區域監護事務處(港島),majorDestination,區域監護事務處(港島),,,,,,1,true
保護家庭及兒童服務課(中西南及離島),保護家庭及兒童服務課(中西南及離島),majorDestination,保護家庭及兒童服務課(中西南及離島),,,,,,1,true
灣仔民政事務處,灣仔民政事務處,majorDestination,灣仔民政事務處,,,,,,1,true
BAN KUN YA CLUB,BAN KUN YA CLUB,majorDestination,BAN KUN YA CLUB,,,,,,1,true
The Hennessy,The Hennessy,majorDestination,The Hennessy,,,,,,1,true
The Rock Foundation,The Rock Foundation,majorDestination,The Rock Foundation,,,,,,1,true
凡高廚房,凡高廚房,majorDestination,凡高廚房,,,,,,1,true
最後派對,最後派對,majorDestination,最後派對,,,,,,1,true
時光,時光,majorDestination,時光,,,,,,1,true
友善香港好餐廳,友善香港好餐廳,majorDestination,友善香港好餐廳,,,,,,1,true
好好社企,好好社企,majorDestination,好好社企,,,,,,1,true
香港醫學會,香港醫學會,majorDestination,香港醫學會,,,,,,1,true
已登記的WiFi 熱點: 香港寬頻網絡有限公司 (APID 03365),已登記的WiFi 熱點: 香港寬頻網絡有限公司 (APID 03365),majorDestination,已登記的WiFi 熱點: 香港寬頻網絡有限公司 (APID 03365),,,,,,1,true
聖雅各福群會 6PM網上青年支援隊,聖雅各福群會 6PM網上青年支援隊,majorDestination,聖雅各福群會 6PM網上青年支援隊,,,,,,1,true
香港水喉潔具業商會有限公司,香港水喉潔具業商會有限公司,majorDestination,香港水喉潔具業商會有限公司,,,,,,1,true
盧森堡 - 名譽領事館,盧森堡 - 名譽領事館,majorDestination,盧森堡 - 名譽領事館,,,,,,1,true
已登記的WiFi 熱點: 香港電話有限公司 (APID 07265),已登記的WiFi 熱點: 香港電話有限公司 (APID 07265),majorDestination,已登記的WiFi 熱點: 香港電話有限公司 (APID 07265),,,,,,1,true
已登記的WiFi 熱點: 香港寬頻網絡有限公司 (APID 03243),已登記的WiFi 熱點: 香港寬頻網絡有限公司 (APID 03243),majorDestination,已登記的WiFi 熱點: 香港寬頻網絡有限公司 (APID 03243),,,,,,1,true
已登記的WiFi 熱點: 香港寬頻網絡有限公司 (APID 03253),已登記的WiFi 熱點: 香港寬頻網絡有限公司 (APID 03253),majorDestination,已登記的WiFi 熱點: 香港寬頻網絡有限公司 (APID 03253),,,,,,1,true
已登記的WiFi 熱點: 香港寬頻網絡有限公司 (APID 03387),已登記的WiFi 熱點: 香港寬頻網絡有限公司 (APID 03387),majorDestination,已登記的WiFi 熱點: 香港寬頻網絡有限公司 (APID 03387),,,,,,1,true
已登記的WiFi 熱點: 香港寬頻網絡有限公司 (APID 03412),已登記的WiFi 熱點: 香港寬頻網絡有限公司 (APID 03412),majorDestination,已登記的WiFi 熱點: 香港寬頻網絡有限公司 (APID 03412),,,,,,1,true
已登記的WiFi 熱點: 香港寬頻網絡有限公司 (APID 03413),已登記的WiFi 熱點: 香港寬頻網絡有限公司 (APID 03413),majorDestination,已登記的WiFi 熱點: 香港寬頻網絡有限公司 (APID 03413),,,,,,1,true
已登記的WiFi 熱點: Hong Kong Telecommunications (HKT) Limited (APID 05578),已登記的WiFi 熱點: Hong Kong Telecommunications (HKT) Limited (APID 05578),majorDestination,已登記的WiFi 熱點: Hong Kong Telecommunications (HKT) Limited (APID 05578),,,,,,1,true
已登記的WiFi 熱點: Hong Kong Telecommunications (HKT) Limited (APID 05645),已登記的WiFi 熱點: Hong Kong Telecommunications (HKT) Limited (APID 05645),majorDestination,已登記的WiFi 熱點: Hong Kong Telecommunications (HKT) Limited (APID 05645),,,,,,1,true
已登記的WiFi 熱點: Hong Kong Telecommunications (HKT) Limited (APID 05708),已登記的WiFi 熱點: Hong Kong Telecommunications (HKT) Limited (APID 05708),majorDestination,已登記的WiFi 熱點: Hong Kong Telecommunications (HKT) Limited (APID 05708),,,,,,1,true
已登記的WiFi 熱點: 香港寬頻網絡有限公司 (APID 03407),已登記的WiFi 熱點: 香港寬頻網絡有限公司 (APID 03407),majorDestination,已登記的WiFi 熱點: 香港寬頻網絡有限公司 (APID 03407),,,,,,1,true
已登記的WiFi 熱點: Hong Kong Telecommunications (HKT) Limited (APID 05801),已登記的WiFi 熱點: Hong Kong Telecommunications (HKT) Limited (APID 05801),majorDestination,已登記的WiFi 熱點: Hong Kong Telecommunications (HKT) Limited (APID 05801),,,,,,1,true
靜怡護理有限公司,靜怡護理有限公司,majorDestination,靜怡護理有限公司,,,,,,1,true
崇光超級市場-銅鑼灣,崇光超級市場-銅鑼灣,majorDestination,崇光超級市場-銅鑼灣,,,,,,1,true
NOEL,NOEL,majorDestination,NOEL,,,,,,1,true
SOGO BOOK CLUB,SOGO BOOK CLUB,majorDestination,SOGO BOOK CLUB,,,,,,1,true
SOGO CLUB,SOGO CLUB,majorDestination,SOGO CLUB,,,,,,1,true
德康醫務所(銅鑼灣),德康醫務所(銅鑼灣),majorDestination,德康醫務所(銅鑼灣),,,,,,1,true
天一醫務所-銅鑼灣,天一醫務所-銅鑼灣,majorDestination,天一醫務所-銅鑼灣,,,,,,1,true
暮舍,暮舍,majorDestination,暮舍,,,,,,1,true
方幸生醫生,方幸生醫生,majorDestination,方幸生醫生,,,,,,1,true
回收機構及收集點： Panasonic陳列室,回收機構及收集點： Panasonic陳列室,majorDestination,回收機構及收集點： Panasonic陳列室,,,,,,1,true
Wi-Fi.HK 熱點位置: 崇光銅鑼灣店,Wi-Fi.HK 熱點位置: 崇光銅鑼灣店,majorDestination,Wi-Fi.HK 熱點位置: 崇光銅鑼灣店,,,,,,1,true
Wi-Fi.HK 熱點位置: 中銀香港 - 銅鑼灣分行,Wi-Fi.HK 熱點位置: 中銀香港 - 銅鑼灣分行,majorDestination,Wi-Fi.HK 熱點位置: 中銀香港 - 銅鑼灣分行,,,,,,1,true
已登記的WiFi 熱點: Y5ZONE Limited (APID 08427),已登記的WiFi 熱點: Y5ZONE Limited (APID 08427),majorDestination,已登記的WiFi 熱點: Y5ZONE Limited (APID 08427),,,,,,1,true
已登記的WiFi 熱點: 香港寬頻網絡有限公司 (APID 03437),已登記的WiFi 熱點: 香港寬頻網絡有限公司 (APID 03437),majorDestination,已登記的WiFi 熱點: 香港寬頻網絡有限公司 (APID 03437),,,,,,1,true
已登記的WiFi 熱點: 香港寬頻網絡有限公司 (APID 03439),已登記的WiFi 熱點: 香港寬頻網絡有限公司 (APID 03439),majorDestination,已登記的WiFi 熱點: 香港寬頻網絡有限公司 (APID 03439),,,,,,1,true
已登記的WiFi 熱點: Hong Kong Telecommunications (HKT) Limited (APID 05783),已登記的WiFi 熱點: Hong Kong Telecommunications (HKT) Limited (APID 05783),majorDestination,已登記的WiFi 熱點: Hong Kong Telecommunications (HKT) Limited (APID 05783),,,,,,1,true
已登記的WiFi 熱點: Hong Kong Telecommunications (HKT) Limited (APID 05784),已登記的WiFi 熱點: Hong Kong Telecommunications (HKT) Limited (APID 05784),majorDestination,已登記的WiFi 熱點: Hong Kong Telecommunications (HKT) Limited (APID 05784),,,,,,1,true
已登記的WiFi 熱點: Hong Kong Telecommunications (HKT) Limited (APID 05785),已登記的WiFi 熱點: Hong Kong Telecommunications (HKT) Limited (APID 05785),majorDestination,已登記的WiFi 熱點: Hong Kong Telecommunications (HKT) Limited (APID 05785),,,,,,1,true
已登記的WiFi 熱點: Hong Kong Telecommunications (HKT) Limited (APID 05786),已登記的WiFi 熱點: Hong Kong Telecommunications (HKT) Limited (APID 05786),majorDestination,已登記的WiFi 熱點: Hong Kong Telecommunications (HKT) Limited (APID 05786),,,,,,1,true
已登記的WiFi 熱點: Hong Kong Telecommunications (HKT) Limited (APID 05787),已登記的WiFi 熱點: Hong Kong Telecommunications (HKT) Limited (APID 05787),majorDestination,已登記的WiFi 熱點: Hong Kong Telecommunications (HKT) Limited (APID 05787),,,,,,1,true
已登記的WiFi 熱點: Hong Kong Telecommunications (HKT) Limited (APID 05788),已登記的WiFi 熱點: Hong Kong Telecommunications (HKT) Limited (APID 05788),majorDestination,已登記的WiFi 熱點: Hong Kong Telecommunications (HKT) Limited (APID 05788),,,,,,1,true
已登記的WiFi 熱點: Hong Kong Telecommunications (HKT) Limited (APID 05793),已登記的WiFi 熱點: Hong Kong Telecommunications (HKT) Limited (APID 05793),majorDestination,已登記的WiFi 熱點: Hong Kong Telecommunications (HKT) Limited (APID 05793),,,,,,1,true
已登記的WiFi 熱點: Hong Kong Telecommunications (HKT) Limited (APID 05794),已登記的WiFi 熱點: Hong Kong Telecommunications (HKT) Limited (APID 05794),majorDestination,已登記的WiFi 熱點: Hong Kong Telecommunications (HKT) Limited (APID 05794),,,,,,1,true
已登記的WiFi 熱點: Hong Kong Telecommunications (HKT) Limited (APID 05795),已登記的WiFi 熱點: Hong Kong Telecommunications (HKT) Limited (APID 05795),majorDestination,已登記的WiFi 熱點: Hong Kong Telecommunications (HKT) Limited (APID 05795),,,,,,1,true
已登記的WiFi 熱點: Hong Kong Telecommunications (HKT) Limited (APID 05796),已登記的WiFi 熱點: Hong Kong Telecommunications (HKT) Limited (APID 05796),majorDestination,已登記的WiFi 熱點: Hong Kong Telecommunications (HKT) Limited (APID 05796),,,,,,1,true
已登記的WiFi 熱點: Hong Kong Telecommunications (HKT) Limited (APID 05797),已登記的WiFi 熱點: Hong Kong Telecommunications (HKT) Limited (APID 05797),majorDestination,已登記的WiFi 熱點: Hong Kong Telecommunications (HKT) Limited (APID 05797),,,,,,1,true
已登記的WiFi 熱點: Hong Kong Telecommunications (HKT) Limited (APID 05789),已登記的WiFi 熱點: Hong Kong Telecommunications (HKT) Limited (APID 05789),majorDestination,已登記的WiFi 熱點: Hong Kong Telecommunications (HKT) Limited (APID 05789),,,,,,1,true
已登記的WiFi 熱點: 香港寬頻網絡有限公司 (APID 03438),已登記的WiFi 熱點: 香港寬頻網絡有限公司 (APID 03438),majorDestination,已登記的WiFi 熱點: 香港寬頻網絡有限公司 (APID 03438),,,,,,1,true
前線觸覺,前線觸覺,majorDestination,前線觸覺,,,,,,1,true
CLUB@28,CLUB@28,majorDestination,CLUB@28,,,,,,1,true
已登記的WiFi 熱點: Hong Kong Telecommunications (HKT) Limited (APID 05832),已登記的WiFi 熱點: Hong Kong Telecommunications (HKT) Limited (APID 05832),majorDestination,已登記的WiFi 熱點: Hong Kong Telecommunications (HKT) Limited (APID 05832),,,,,,1,true
已登記的WiFi 熱點: Hong Kong Telecommunications (HKT) Limited (APID 05833),已登記的WiFi 熱點: Hong Kong Telecommunications (HKT) Limited (APID 05833),majorDestination,已登記的WiFi 熱點: Hong Kong Telecommunications (HKT) Limited (APID 05833),,,,,,1,true
APKA,APKA,majorDestination,APKA,,,,,,1,true
OPERA,OPERA,majorDestination,OPERA,,,,,,1,true
拾壹,拾壹,majorDestination,拾壹,,,,,,1,true
SMART II,SMART II,majorDestination,SMART II,,,,,,1,true
卓時數碼有限公司,卓時數碼有限公司,majorDestination,卓時數碼有限公司,,,,,,1,true
已登記的WiFi 熱點: Hong Kong Telecommunications (HKT) Limited (APID 05929),已登記的WiFi 熱點: Hong Kong Telecommunications (HKT) Limited (APID 05929),majorDestination,已登記的WiFi 熱點: Hong Kong Telecommunications (HKT) Limited (APID 05929),,,,,,1,true
已登記的WiFi 熱點: 香港寬頻網絡有限公司 (APID 03468),已登記的WiFi 熱點: 香港寬頻網絡有限公司 (APID 03468),majorDestination,已登記的WiFi 熱點: 香港寬頻網絡有限公司 (APID 03468),,,,,,1,true
已登記的WiFi 熱點: 香港寬頻網絡有限公司 (APID 03425),已登記的WiFi 熱點: 香港寬頻網絡有限公司 (APID 03425),majorDestination,已登記的WiFi 熱點: 香港寬頻網絡有限公司 (APID 03425),,,,,,1,true
已登記的WiFi 熱點: 香港寬頻網絡有限公司 (APID 03426),已登記的WiFi 熱點: 香港寬頻網絡有限公司 (APID 03426),majorDestination,已登記的WiFi 熱點: 香港寬頻網絡有限公司 (APID 03426),,,,,,1,true
已登記的WiFi 熱點: 香港寬頻網絡有限公司 (APID 03427),已登記的WiFi 熱點: 香港寬頻網絡有限公司 (APID 03427),majorDestination,已登記的WiFi 熱點: 香港寬頻網絡有限公司 (APID 03427),,,,,,1,true
已登記的WiFi 熱點: Hong Kong Telecommunications (HKT) Limited (APID 05824),已登記的WiFi 熱點: Hong Kong Telecommunications (HKT) Limited (APID 05824),majorDestination,已登記的WiFi 熱點: Hong Kong Telecommunications (HKT) Limited (APID 05824),,,,,,1,true
已登記的WiFi 熱點: Hong Kong Telecommunications (HKT) Limited (APID 05867),已登記的WiFi 熱點: Hong Kong Telecommunications (HKT) Limited (APID 05867),majorDestination,已登記的WiFi 熱點: Hong Kong Telecommunications (HKT) Limited (APID 05867),,,,,,1,true
已登記的WiFi 熱點: Hong Kong Telecommunications (HKT) Limited (APID 05742),已登記的WiFi 熱點: Hong Kong Telecommunications (HKT) Limited (APID 05742),majorDestination,已登記的WiFi 熱點: Hong Kong Telecommunications (HKT) Limited (APID 05742),,,,,,1,true
7-11便利店-北角,7-11便利店-北角,majorDestination,7-11便利店-北角,,,,,,1,true
合成汽車冷氣,合成汽車冷氣,majorDestination,合成汽車冷氣,,,,,,1,true
志豐車房,志豐車房,majorDestination,志豐車房,,,,,,1,true
已登記的WiFi 熱點: 香港寬頻網絡有限公司 (APID 03765),已登記的WiFi 熱點: 香港寬頻網絡有限公司 (APID 03765),majorDestination,已登記的WiFi 熱點: 香港寬頻網絡有限公司 (APID 03765),,,,,,1,true
已登記的WiFi 熱點: Hong Kong Telecommunications (HKT) Limited (APID 06004),已登記的WiFi 熱點: Hong Kong Telecommunications (HKT) Limited (APID 06004),majorDestination,已登記的WiFi 熱點: Hong Kong Telecommunications (HKT) Limited (APID 06004),,,,,,1,true
已登記的WiFi 熱點: 環球全域電訊有限公司 (APID 01258),已登記的WiFi 熱點: 環球全域電訊有限公司 (APID 01258),majorDestination,已登記的WiFi 熱點: 環球全域電訊有限公司 (APID 01258),,,,,,1,true
已登記的WiFi 熱點: 香港寬頻網絡有限公司 (APID 03764),已登記的WiFi 熱點: 香港寬頻網絡有限公司 (APID 03764),majorDestination,已登記的WiFi 熱點: 香港寬頻網絡有限公司 (APID 03764),,,,,,1,true
已登記的WiFi 熱點: 環球全域電訊有限公司 (APID 01314),已登記的WiFi 熱點: 環球全域電訊有限公司 (APID 01314),majorDestination,已登記的WiFi 熱點: 環球全域電訊有限公司 (APID 01314),,,,,,1,true
已登記的WiFi 熱點: 環球全域電訊有限公司 (APID 01344),已登記的WiFi 熱點: 環球全域電訊有限公司 (APID 01344),majorDestination,已登記的WiFi 熱點: 環球全域電訊有限公司 (APID 01344),,,,,,1,true
已登記的WiFi 熱點: 香港寬頻網絡有限公司 (APID 03773),已登記的WiFi 熱點: 香港寬頻網絡有限公司 (APID 03773),majorDestination,已登記的WiFi 熱點: 香港寬頻網絡有限公司 (APID 03773),,,,,,1,true
已登記的WiFi 熱點: Hong Kong Telecommunications (HKT) Limited (APID 06050),已登記的WiFi 熱點: Hong Kong Telecommunications (HKT) Limited (APID 06050),majorDestination,已登記的WiFi 熱點: Hong Kong Telecommunications (HKT) Limited (APID 06050),,,,,,1,true
已登記的WiFi 熱點: Hong Kong Telecommunications (HKT) Limited (APID 06051),已登記的WiFi 熱點: Hong Kong Telecommunications (HKT) Limited (APID 06051),majorDestination,已登記的WiFi 熱點: Hong Kong Telecommunications (HKT) Limited (APID 06051),,,,,,1,true
已登記的WiFi 熱點: Hong Kong Telecommunications (HKT) Limited (APID 06065),已登記的WiFi 熱點: Hong Kong Telecommunications (HKT) Limited (APID 06065),majorDestination,已登記的WiFi 熱點: Hong Kong Telecommunications (HKT) Limited (APID 06065),,,,,,1,true
已登記的WiFi 熱點: 香港寬頻網絡有限公司 (APID 03767),已登記的WiFi 熱點: 香港寬頻網絡有限公司 (APID 03767),majorDestination,已登記的WiFi 熱點: 香港寬頻網絡有限公司 (APID 03767),,,,,,1,true
已登記的WiFi 熱點: Hong Kong Telecommunications (HKT) Limited (APID 06133),已登記的WiFi 熱點: Hong Kong Telecommunications (HKT) Limited (APID 06133),majorDestination,已登記的WiFi 熱點: Hong Kong Telecommunications (HKT) Limited (APID 06133),,,,,,1,true
已登記的WiFi 熱點: Y5ZONE Limited (APID 08556),已登記的WiFi 熱點: Y5ZONE Limited (APID 08556),majorDestination,已登記的WiFi 熱點: Y5ZONE Limited (APID 08556),,,,,,1,true
已登記的WiFi 熱點: 香港寬頻網絡有限公司 (APID 03766),已登記的WiFi 熱點: 香港寬頻網絡有限公司 (APID 03766),majorDestination,已登記的WiFi 熱點: 香港寬頻網絡有限公司 (APID 03766),,,,,,1,true
已登記的WiFi 熱點: Hong Kong Telecommunications (HKT) Limited (APID 06081),已登記的WiFi 熱點: Hong Kong Telecommunications (HKT) Limited (APID 06081),majorDestination,已登記的WiFi 熱點: Hong Kong Telecommunications (HKT) Limited (APID 06081),,,,,,1,true
已登記的WiFi 熱點: Hong Kong Telecommunications (HKT) Limited (APID 06046),已登記的WiFi 熱點: Hong Kong Telecommunications (HKT) Limited (APID 06046),majorDestination,已登記的WiFi 熱點: Hong Kong Telecommunications (HKT) Limited (APID 06046),,,,,,1,true
已登記的WiFi 熱點: Hong Kong Telecommunications (HKT) Limited (APID 06047),已登記的WiFi 熱點: Hong Kong Telecommunications (HKT) Limited (APID 06047),majorDestination,已登記的WiFi 熱點: Hong Kong Telecommunications (HKT) Limited (APID 06047),,,,,,1,true
已登記的WiFi 熱點: 香港寬頻網絡有限公司 (APID 03694),已登記的WiFi 熱點: 香港寬頻網絡有限公司 (APID 03694),majorDestination,已登記的WiFi 熱點: 香港寬頻網絡有限公司 (APID 03694),,,,,,1,true
已登記的WiFi 熱點: Hong Kong Telecommunications (HKT) Limited (APID 06052),已登記的WiFi 熱點: Hong Kong Telecommunications (HKT) Limited (APID 06052),majorDestination,已登記的WiFi 熱點: Hong Kong Telecommunications (HKT) Limited (APID 06052),,,,,,1,true
已登記的WiFi 熱點: 環球全域電訊有限公司 (APID 01363),已登記的WiFi 熱點: 環球全域電訊有限公司 (APID 01363),majorDestination,已登記的WiFi 熱點: 環球全域電訊有限公司 (APID 01363),,,,,,1,true
回收機構及收集點： 綠在鰂魚涌回收流動點 - 006,回收機構及收集點： 綠在鰂魚涌回收流動點 - 006,majorDestination,回收機構及收集點： 綠在鰂魚涌回收流動點 - 006,,,,,,1,true
已登記的WiFi 熱點: Hong Kong Telecommunications (HKT) Limited (APID 06072),已登記的WiFi 熱點: Hong Kong Telecommunications (HKT) Limited (APID 06072),majorDestination,已登記的WiFi 熱點: Hong Kong Telecommunications (HKT) Limited (APID 06072),,,,,,1,true
已登記的WiFi 熱點: Y5ZONE Limited (APID 08579),已登記的WiFi 熱點: Y5ZONE Limited (APID 08579),majorDestination,已登記的WiFi 熱點: Y5ZONE Limited (APID 08579),,,,,,1,true
莊皇集團公司,莊皇集團公司,majorDestination,莊皇集團公司,,,,,,1,true
ABOVE,ABOVE,majorDestination,ABOVE,,,,,,1,true
國際金融公司東亞及太平洋地區辦事處及世界銀行東亞及太平洋地區私營發展部辦事處,國際金融公司東亞及太平洋地區辦事處及世界銀行東亞及太平洋地區私營發展部辦事處,majorDestination,國際金融公司東亞及太平洋地區辦事處及世界銀行東亞及太平洋地區私營發展部辦事處,,,,,,1,true
盧旺達 - 名譽領事館,盧旺達 - 名譽領事館,majorDestination,盧旺達 - 名譽領事館,,,,,,1,true
MOViE MOViE Pacific Place,MOViE MOViE Pacific Place,majorDestination,MOViE MOViE Pacific Place,,,,,,1,true
編號290郵箱,編號290郵箱,majorDestination,編號290郵箱,,,,,,1,true
已登記的WiFi 熱點: 香港電話有限公司 (APID 07192),已登記的WiFi 熱點: 香港電話有限公司 (APID 07192),majorDestination,已登記的WiFi 熱點: 香港電話有限公司 (APID 07192),,,,,,1,true
已登記的WiFi 熱點: Y5ZONE Limited (APID 08207),已登記的WiFi 熱點: Y5ZONE Limited (APID 08207),majorDestination,已登記的WiFi 熱點: Y5ZONE Limited (APID 08207),,,,,,1,true
已登記的WiFi 熱點: Y5ZONE Limited (APID 08214),已登記的WiFi 熱點: Y5ZONE Limited (APID 08214),majorDestination,已登記的WiFi 熱點: Y5ZONE Limited (APID 08214),,,,,,1,true
已登記的WiFi 熱點: 香港寬頻網絡有限公司 (APID 04334),已登記的WiFi 熱點: 香港寬頻網絡有限公司 (APID 04334),majorDestination,已登記的WiFi 熱點: 香港寬頻網絡有限公司 (APID 04334),,,,,,1,true
已登記的WiFi 熱點: Hong Kong Telecommunications (HKT) Limited (APID 06679),已登記的WiFi 熱點: Hong Kong Telecommunications (HKT) Limited (APID 06679),majorDestination,已登記的WiFi 熱點: Hong Kong Telecommunications (HKT) Limited (APID 06679),,,,,,1,true
已登記的WiFi 熱點: 環球全域電訊有限公司 (APID 00734),已登記的WiFi 熱點: 環球全域電訊有限公司 (APID 00734),majorDestination,已登記的WiFi 熱點: 環球全域電訊有限公司 (APID 00734),,,,,,1,true
已登記的WiFi 熱點: Hong Kong Telecommunications (HKT) Limited (APID 05259),已登記的WiFi 熱點: Hong Kong Telecommunications (HKT) Limited (APID 05259),majorDestination,已登記的WiFi 熱點: Hong Kong Telecommunications (HKT) Limited (APID 05259),,,,,,1,true
已登記的WiFi 熱點: Y5ZONE Limited (APID 08224),已登記的WiFi 熱點: Y5ZONE Limited (APID 08224),majorDestination,已登記的WiFi 熱點: Y5ZONE Limited (APID 08224),,,,,,1,true
已登記的WiFi 熱點: 香港寬頻網絡有限公司 (APID 03053),已登記的WiFi 熱點: 香港寬頻網絡有限公司 (APID 03053),majorDestination,已登記的WiFi 熱點: 香港寬頻網絡有限公司 (APID 03053),,,,,,1,true
已登記的WiFi 熱點: Hong Kong Telecommunications (HKT) Limited (APID 05260),已登記的WiFi 熱點: Hong Kong Telecommunications (HKT) Limited (APID 05260),majorDestination,已登記的WiFi 熱點: Hong Kong Telecommunications (HKT) Limited (APID 05260),,,,,,1,true
已登記的WiFi 熱點: Hong Kong Telecommunications (HKT) Limited (APID 05333),已登記的WiFi 熱點: Hong Kong Telecommunications (HKT) Limited (APID 05333),majorDestination,已登記的WiFi 熱點: Hong Kong Telecommunications (HKT) Limited (APID 05333),,,,,,1,true
已登記的WiFi 熱點: Hong Kong Telecommunications (HKT) Limited (APID 05334),已登記的WiFi 熱點: Hong Kong Telecommunications (HKT) Limited (APID 05334),majorDestination,已登記的WiFi 熱點: Hong Kong Telecommunications (HKT) Limited (APID 05334),,,,,,1,true
已登記的WiFi 熱點: Hong Kong Telecommunications (HKT) Limited (APID 05337),已登記的WiFi 熱點: Hong Kong Telecommunications (HKT) Limited (APID 05337),majorDestination,已登記的WiFi 熱點: Hong Kong Telecommunications (HKT) Limited (APID 05337),,,,,,1,true
已登記的WiFi 熱點: Hong Kong Telecommunications (HKT) Limited (APID 05279),已登記的WiFi 熱點: Hong Kong Telecommunications (HKT) Limited (APID 05279),majorDestination,已登記的WiFi 熱點: Hong Kong Telecommunications (HKT) Limited (APID 05279),,,,,,1,true
已登記的WiFi 熱點: Hong Kong Telecommunications (HKT) Limited (APID 05280),已登記的WiFi 熱點: Hong Kong Telecommunications (HKT) Limited (APID 05280),majorDestination,已登記的WiFi 熱點: Hong Kong Telecommunications (HKT) Limited (APID 05280),,,,,,1,true
已登記的WiFi 熱點: Hong Kong Telecommunications (HKT) Limited (APID 05281),已登記的WiFi 熱點: Hong Kong Telecommunications (HKT) Limited (APID 05281),majorDestination,已登記的WiFi 熱點: Hong Kong Telecommunications (HKT) Limited (APID 05281),,,,,,1,true
已登記的WiFi 熱點: Hong Kong Telecommunications (HKT) Limited (APID 05282),已登記的WiFi 熱點: Hong Kong Telecommunications (HKT) Limited (APID 05282),majorDestination,已登記的WiFi 熱點: Hong Kong Telecommunications (HKT) Limited (APID 05282),,,,,,1,true
已登記的WiFi 熱點: Hong Kong Telecommunications (HKT) Limited (APID 05284),已登記的WiFi 熱點: Hong Kong Telecommunications (HKT) Limited (APID 05284),majorDestination,已登記的WiFi 熱點: Hong Kong Telecommunications (HKT) Limited (APID 05284),,,,,,1,true
已登記的WiFi 熱點: Hong Kong Telecommunications (HKT) Limited (APID 05285),已登記的WiFi 熱點: Hong Kong Telecommunications (HKT) Limited (APID 05285),majorDestination,已登記的WiFi 熱點: Hong Kong Telecommunications (HKT) Limited (APID 05285),,,,,,1,true
已登記的WiFi 熱點: 香港寬頻網絡有限公司 (APID 03003),已登記的WiFi 熱點: 香港寬頻網絡有限公司 (APID 03003),majorDestination,已登記的WiFi 熱點: 香港寬頻網絡有限公司 (APID 03003),,,,,,1,true
已登記的WiFi 熱點: Hong Kong Telecommunications (HKT) Limited (APID 05283),已登記的WiFi 熱點: Hong Kong Telecommunications (HKT) Limited (APID 05283),majorDestination,已登記的WiFi 熱點: Hong Kong Telecommunications (HKT) Limited (APID 05283),,,,,,1,true
上環浸信會寶田福音堂,上環浸信會寶田福音堂,majorDestination,上環浸信會寶田福音堂,,,,,,1,true
已登記的WiFi 熱點: Hong Kong Telecommunications (HKT) Limited (APID 05050),已登記的WiFi 熱點: Hong Kong Telecommunications (HKT) Limited (APID 05050),majorDestination,已登記的WiFi 熱點: Hong Kong Telecommunications (HKT) Limited (APID 05050),,,,,,1,true
已登記的WiFi 熱點: Hong Kong Telecommunications (HKT) Limited (APID 05047),已登記的WiFi 熱點: Hong Kong Telecommunications (HKT) Limited (APID 05047),majorDestination,已登記的WiFi 熱點: Hong Kong Telecommunications (HKT) Limited (APID 05047),,,,,,1,true
已登記的WiFi 熱點: Hong Kong Telecommunications (HKT) Limited (APID 04903),已登記的WiFi 熱點: Hong Kong Telecommunications (HKT) Limited (APID 04903),majorDestination,已登記的WiFi 熱點: Hong Kong Telecommunications (HKT) Limited (APID 04903),,,,,,1,true
已登記的WiFi 熱點: 香港寬頻網絡有限公司 (APID 02808),已登記的WiFi 熱點: 香港寬頻網絡有限公司 (APID 02808),majorDestination,已登記的WiFi 熱點: 香港寬頻網絡有限公司 (APID 02808),,,,,,1,true
已登記的WiFi 熱點: 香港寬頻網絡有限公司 (APID 02809),已登記的WiFi 熱點: 香港寬頻網絡有限公司 (APID 02809),majorDestination,已登記的WiFi 熱點: 香港寬頻網絡有限公司 (APID 02809),,,,,,1,true
已登記的WiFi 熱點: 香港寬頻網絡有限公司 (APID 02807),已登記的WiFi 熱點: 香港寬頻網絡有限公司 (APID 02807),majorDestination,已登記的WiFi 熱點: 香港寬頻網絡有限公司 (APID 02807),,,,,,1,true
香港宣教會恩言堂,香港宣教會恩言堂,majorDestination,香港宣教會恩言堂,,,,,,1,true
Wi-Fi.HK 熱點位置: 中銀香港 - 上環分行,Wi-Fi.HK 熱點位置: 中銀香港 - 上環分行,majorDestination,Wi-Fi.HK 熱點位置: 中銀香港 - 上環分行,,,,,,1,true
已登記的WiFi 熱點: 香港寬頻網絡有限公司 (APID 02817),已登記的WiFi 熱點: 香港寬頻網絡有限公司 (APID 02817),majorDestination,已登記的WiFi 熱點: 香港寬頻網絡有限公司 (APID 02817),,,,,,1,true
已登記的WiFi 熱點: 香港寬頻網絡有限公司 (APID 02812),已登記的WiFi 熱點: 香港寬頻網絡有限公司 (APID 02812),majorDestination,已登記的WiFi 熱點: 香港寬頻網絡有限公司 (APID 02812),,,,,,1,true
已登記的WiFi 熱點: Hong Kong Telecommunications (HKT) Limited (APID 05011),已登記的WiFi 熱點: Hong Kong Telecommunications (HKT) Limited (APID 05011),majorDestination,已登記的WiFi 熱點: Hong Kong Telecommunications (HKT) Limited (APID 05011),,,,,,1,true
已登記的WiFi 熱點: Hong Kong Telecommunications (HKT) Limited (APID 05017),已登記的WiFi 熱點: Hong Kong Telecommunications (HKT) Limited (APID 05017),majorDestination,已登記的WiFi 熱點: Hong Kong Telecommunications (HKT) Limited (APID 05017),,,,,,1,true
已登記的WiFi 熱點: Hong Kong Telecommunications (HKT) Limited (APID 05027),已登記的WiFi 熱點: Hong Kong Telecommunications (HKT) Limited (APID 05027),majorDestination,已登記的WiFi 熱點: Hong Kong Telecommunications (HKT) Limited (APID 05027),,,,,,1,true
City super-海港城,City super-海港城,majorDestination,City super-海港城,,,,,,1,true
PREMIERE ELEMENTS,PREMIERE ELEMENTS,majorDestination,PREMIERE ELEMENTS,,,,,,1,true
Wi-Fi.HK 熱點位置: 港景匯,Wi-Fi.HK 熱點位置: 港景匯,majorDestination,Wi-Fi.HK 熱點位置: 港景匯,,,,,,1,true
已登記的WiFi 熱點: 香港寬頻網絡有限公司 (APID 03312),已登記的WiFi 熱點: 香港寬頻網絡有限公司 (APID 03312),majorDestination,已登記的WiFi 熱點: 香港寬頻網絡有限公司 (APID 03312),,,,,,1,true
已登記的WiFi 熱點: Hong Kong Telecommunications (HKT) Limited (APID 05339),已登記的WiFi 熱點: Hong Kong Telecommunications (HKT) Limited (APID 05339),majorDestination,已登記的WiFi 熱點: Hong Kong Telecommunications (HKT) Limited (APID 05339),,,,,,1,true
已登記的WiFi 熱點: 環球全域電訊有限公司 (APID 00986),已登記的WiFi 熱點: 環球全域電訊有限公司 (APID 00986),majorDestination,已登記的WiFi 熱點: 環球全域電訊有限公司 (APID 00986),,,,,,1,true
已登記的WiFi 熱點: Y5ZONE Limited (APID 08291),已登記的WiFi 熱點: Y5ZONE Limited (APID 08291),majorDestination,已登記的WiFi 熱點: Y5ZONE Limited (APID 08291),,,,,,1,true
已登記的WiFi 熱點: 環球全域電訊有限公司 (APID 00776),已登記的WiFi 熱點: 環球全域電訊有限公司 (APID 00776),majorDestination,已登記的WiFi 熱點: 環球全域電訊有限公司 (APID 00776),,,,,,1,true
已登記的WiFi 熱點: 香港寬頻網絡有限公司 (APID 03233),已登記的WiFi 熱點: 香港寬頻網絡有限公司 (APID 03233),majorDestination,已登記的WiFi 熱點: 香港寬頻網絡有限公司 (APID 03233),,,,,,1,true
已登記的WiFi 熱點: 香港寬頻網絡有限公司 (APID 04323),已登記的WiFi 熱點: 香港寬頻網絡有限公司 (APID 04323),majorDestination,已登記的WiFi 熱點: 香港寬頻網絡有限公司 (APID 04323),,,,,,1,true
已登記的WiFi 熱點: 香港寬頻網絡有限公司 (APID 03234),已登記的WiFi 熱點: 香港寬頻網絡有限公司 (APID 03234),majorDestination,已登記的WiFi 熱點: 香港寬頻網絡有限公司 (APID 03234),,,,,,1,true
已登記的WiFi 熱點: 香港寬頻網絡有限公司 (APID 03231),已登記的WiFi 熱點: 香港寬頻網絡有限公司 (APID 03231),majorDestination,已登記的WiFi 熱點: 香港寬頻網絡有限公司 (APID 03231),,,,,,1,true
已登記的WiFi 熱點: 香港寬頻網絡有限公司 (APID 03232),已登記的WiFi 熱點: 香港寬頻網絡有限公司 (APID 03232),majorDestination,已登記的WiFi 熱點: 香港寬頻網絡有限公司 (APID 03232),,,,,,1,true
已登記的WiFi 熱點: 香港寬頻網絡有限公司 (APID 03311),已登記的WiFi 熱點: 香港寬頻網絡有限公司 (APID 03311),majorDestination,已登記的WiFi 熱點: 香港寬頻網絡有限公司 (APID 03311),,,,,,1,true
已登記的WiFi 熱點: Hong Kong Telecommunications (HKT) Limited (APID 05519),已登記的WiFi 熱點: Hong Kong Telecommunications (HKT) Limited (APID 05519),majorDestination,已登記的WiFi 熱點: Hong Kong Telecommunications (HKT) Limited (APID 05519),,,,,,1,true
已登記的WiFi 熱點: Hong Kong Telecommunications (HKT) Limited (APID 05531),已登記的WiFi 熱點: Hong Kong Telecommunications (HKT) Limited (APID 05531),majorDestination,已登記的WiFi 熱點: Hong Kong Telecommunications (HKT) Limited (APID 05531),,,,,,1,true
已登記的WiFi 熱點: 環球全域電訊有限公司 (APID 08847),已登記的WiFi 熱點: 環球全域電訊有限公司 (APID 08847),majorDestination,已登記的WiFi 熱點: 環球全域電訊有限公司 (APID 08847),,,,,,1,true
已登記的WiFi 熱點: 環球全域電訊有限公司 (APID 01007),已登記的WiFi 熱點: 環球全域電訊有限公司 (APID 01007),majorDestination,已登記的WiFi 熱點: 環球全域電訊有限公司 (APID 01007),,,,,,1,true
已登記的WiFi 熱點: 環球全域電訊有限公司 (APID 01008),已登記的WiFi 熱點: 環球全域電訊有限公司 (APID 01008),majorDestination,已登記的WiFi 熱點: 環球全域電訊有限公司 (APID 01008),,,,,,1,true
已登記的WiFi 熱點: 環球全域電訊有限公司 (APID 01009),已登記的WiFi 熱點: 環球全域電訊有限公司 (APID 01009),majorDestination,已登記的WiFi 熱點: 環球全域電訊有限公司 (APID 01009),,,,,,1,true
已登記的WiFi 熱點: 環球全域電訊有限公司 (APID 01010),已登記的WiFi 熱點: 環球全域電訊有限公司 (APID 01010),majorDestination,已登記的WiFi 熱點: 環球全域電訊有限公司 (APID 01010),,,,,,1,true
已登記的WiFi 熱點: 環球全域電訊有限公司 (APID 08845),已登記的WiFi 熱點: 環球全域電訊有限公司 (APID 08845),majorDestination,已登記的WiFi 熱點: 環球全域電訊有限公司 (APID 08845),,,,,,1,true
已登記的WiFi 熱點: 環球全域電訊有限公司 (APID 08846),已登記的WiFi 熱點: 環球全域電訊有限公司 (APID 08846),majorDestination,已登記的WiFi 熱點: 環球全域電訊有限公司 (APID 08846),,,,,,1,true
已登記的WiFi 熱點: 環球全域電訊有限公司 (APID 08848),已登記的WiFi 熱點: 環球全域電訊有限公司 (APID 08848),majorDestination,已登記的WiFi 熱點: 環球全域電訊有限公司 (APID 08848),,,,,,1,true
已登記的WiFi 熱點: 環球全域電訊有限公司 (APID 01005),已登記的WiFi 熱點: 環球全域電訊有限公司 (APID 01005),majorDestination,已登記的WiFi 熱點: 環球全域電訊有限公司 (APID 01005),,,,,,1,true
已登記的WiFi 熱點: 環球全域電訊有限公司 (APID 01006),已登記的WiFi 熱點: 環球全域電訊有限公司 (APID 01006),majorDestination,已登記的WiFi 熱點: 環球全域電訊有限公司 (APID 01006),,,,,,1,true
已登記的WiFi 熱點: 環球全域電訊有限公司 (APID 01011),已登記的WiFi 熱點: 環球全域電訊有限公司 (APID 01011),majorDestination,已登記的WiFi 熱點: 環球全域電訊有限公司 (APID 01011),,,,,,1,true
已登記的WiFi 熱點: 環球全域電訊有限公司 (APID 01012),已登記的WiFi 熱點: 環球全域電訊有限公司 (APID 01012),majorDestination,已登記的WiFi 熱點: 環球全域電訊有限公司 (APID 01012),,,,,,1,true
已登記的WiFi 熱點: 環球全域電訊有限公司 (APID 08844),已登記的WiFi 熱點: 環球全域電訊有限公司 (APID 08844),majorDestination,已登記的WiFi 熱點: 環球全域電訊有限公司 (APID 08844),,,,,,1,true
已登記的WiFi 熱點: 環球全域電訊有限公司 (APID 00932),已登記的WiFi 熱點: 環球全域電訊有限公司 (APID 00932),majorDestination,已登記的WiFi 熱點: 環球全域電訊有限公司 (APID 00932),,,,,,1,true
中港城,中港城,majorDestination,中港城,,,,,,1,true
REVEL,REVEL,majorDestination,REVEL,,,,,,1,true
冲菜,冲菜,majorDestination,冲菜,,,,,,1,true
ONE PACE 117,ONE PACE 117,majorDestination,ONE PACE 117,,,,,,1,true
樂怡醫務有限公司,樂怡醫務有限公司,majorDestination,樂怡醫務有限公司,,,,,,1,true
已登記的WiFi 熱點: Y5ZONE Limited (APID 08290),已登記的WiFi 熱點: Y5ZONE Limited (APID 08290),majorDestination,已登記的WiFi 熱點: Y5ZONE Limited (APID 08290),,,,,,1,true
已登記的WiFi 熱點: 香港寬頻網絡有限公司 (APID 03229),已登記的WiFi 熱點: 香港寬頻網絡有限公司 (APID 03229),majorDestination,已登記的WiFi 熱點: 香港寬頻網絡有限公司 (APID 03229),,,,,,1,true
已登記的WiFi 熱點: 滙港電訊有限公司 (APID 02045),已登記的WiFi 熱點: 滙港電訊有限公司 (APID 02045),majorDestination,已登記的WiFi 熱點: 滙港電訊有限公司 (APID 02045),,,,,,1,true
已登記的WiFi 熱點: 滙港電訊有限公司 (APID 02046),已登記的WiFi 熱點: 滙港電訊有限公司 (APID 02046),majorDestination,已登記的WiFi 熱點: 滙港電訊有限公司 (APID 02046),,,,,,1,true
已登記的WiFi 熱點: 滙港電訊有限公司 (APID 02047),已登記的WiFi 熱點: 滙港電訊有限公司 (APID 02047),majorDestination,已登記的WiFi 熱點: 滙港電訊有限公司 (APID 02047),,,,,,1,true
已登記的WiFi 熱點: 滙港電訊有限公司 (APID 02048),已登記的WiFi 熱點: 滙港電訊有限公司 (APID 02048),majorDestination,已登記的WiFi 熱點: 滙港電訊有限公司 (APID 02048),,,,,,1,true
已登記的WiFi 熱點: 滙港電訊有限公司 (APID 02049),已登記的WiFi 熱點: 滙港電訊有限公司 (APID 02049),majorDestination,已登記的WiFi 熱點: 滙港電訊有限公司 (APID 02049),,,,,,1,true
已登記的WiFi 熱點: 滙港電訊有限公司 (APID 02050),已登記的WiFi 熱點: 滙港電訊有限公司 (APID 02050),majorDestination,已登記的WiFi 熱點: 滙港電訊有限公司 (APID 02050),,,,,,1,true
已登記的WiFi 熱點: 環球全域電訊有限公司 (APID 00941),已登記的WiFi 熱點: 環球全域電訊有限公司 (APID 00941),majorDestination,已登記的WiFi 熱點: 環球全域電訊有限公司 (APID 00941),,,,,,1,true
4ward Fitness Limited,4ward Fitness Limited,majorDestination,4ward Fitness Limited,,,,,,1,true
海富停車場,海富停車場,majorDestination,海富停車場,,,,,,1,true
大仁有限公司,大仁有限公司,majorDestination,大仁有限公司,,,,,,1,true
已登記的WiFi 熱點: Hong Kong Telecommunications (HKT) Limited (APID 05262),已登記的WiFi 熱點: Hong Kong Telecommunications (HKT) Limited (APID 05262),majorDestination,已登記的WiFi 熱點: Hong Kong Telecommunications (HKT) Limited (APID 05262),,,,,,1,true
已登記的WiFi 熱點: 環球全域電訊有限公司 (APID 01996),已登記的WiFi 熱點: 環球全域電訊有限公司 (APID 01996),majorDestination,已登記的WiFi 熱點: 環球全域電訊有限公司 (APID 01996),,,,,,1,true
已登記的WiFi 熱點: 環球全域電訊有限公司 (APID 01997),已登記的WiFi 熱點: 環球全域電訊有限公司 (APID 01997),majorDestination,已登記的WiFi 熱點: 環球全域電訊有限公司 (APID 01997),,,,,,1,true
已登記的WiFi 熱點: 環球全域電訊有限公司 (APID 01993),已登記的WiFi 熱點: 環球全域電訊有限公司 (APID 01993),majorDestination,已登記的WiFi 熱點: 環球全域電訊有限公司 (APID 01993),,,,,,1,true
已登記的WiFi 熱點: 環球全域電訊有限公司 (APID 01994),已登記的WiFi 熱點: 環球全域電訊有限公司 (APID 01994),majorDestination,已登記的WiFi 熱點: 環球全域電訊有限公司 (APID 01994),,,,,,1,true
已登記的WiFi 熱點: 環球全域電訊有限公司 (APID 01995),已登記的WiFi 熱點: 環球全域電訊有限公司 (APID 01995),majorDestination,已登記的WiFi 熱點: 環球全域電訊有限公司 (APID 01995),,,,,,1,true
信康專科有限公司(旺角2),信康專科有限公司(旺角2),majorDestination,信康專科有限公司(旺角2),,,,,,1,true
信康專科有限公司(旺角),信康專科有限公司(旺角),majorDestination,信康專科有限公司(旺角),,,,,,1,true
本計劃委託之化驗所(旺角)(樣本收集點),本計劃委託之化驗所(旺角)(樣本收集點),majorDestination,本計劃委託之化驗所(旺角)(樣本收集點),,,,,,1,true
陳志健醫生,陳志健醫生,majorDestination,陳志健醫生,,,,,,1,true
趙偉業醫生,趙偉業醫生,majorDestination,趙偉業醫生,,,,,,1,true
鄧偉德醫生,鄧偉德醫生,majorDestination,鄧偉德醫生,,,,,,1,true
劉黃色鳯醫生,劉黃色鳯醫生,majorDestination,劉黃色鳯醫生,,,,,,1,true
李明生醫生醫務所,李明生醫生醫務所,majorDestination,李明生醫生醫務所,,,,,,1,true
黃顯約醫生,黃顯約醫生,majorDestination,黃顯約醫生,,,,,,1,true
已登記的WiFi 熱點: 香港寬頻網絡有限公司 (APID 03112),已登記的WiFi 熱點: 香港寬頻網絡有限公司 (APID 03112),majorDestination,已登記的WiFi 熱點: 香港寬頻網絡有限公司 (APID 03112),,,,,,1,true
已登記的WiFi 熱點: 香港寬頻網絡有限公司 (APID 03125),已登記的WiFi 熱點: 香港寬頻網絡有限公司 (APID 03125),majorDestination,已登記的WiFi 熱點: 香港寬頻網絡有限公司 (APID 03125),,,,,,1,true
已登記的WiFi 熱點: 香港寬頻網絡有限公司 (APID 03111),已登記的WiFi 熱點: 香港寬頻網絡有限公司 (APID 03111),majorDestination,已登記的WiFi 熱點: 香港寬頻網絡有限公司 (APID 03111),,,,,,1,true
已登記的WiFi 熱點: 環球全域電訊有限公司 (APID 00792),已登記的WiFi 熱點: 環球全域電訊有限公司 (APID 00792),majorDestination,已登記的WiFi 熱點: 環球全域電訊有限公司 (APID 00792),,,,,,1,true
已登記的WiFi 熱點: 環球全域電訊有限公司 (APID 00795),已登記的WiFi 熱點: 環球全域電訊有限公司 (APID 00795),majorDestination,已登記的WiFi 熱點: 環球全域電訊有限公司 (APID 00795),,,,,,1,true
已登記的WiFi 熱點: Hong Kong Telecommunications (HKT) Limited (APID 05401),已登記的WiFi 熱點: Hong Kong Telecommunications (HKT) Limited (APID 05401),majorDestination,已登記的WiFi 熱點: Hong Kong Telecommunications (HKT) Limited (APID 05401),,,,,,1,true
已登記的WiFi 熱點: Hong Kong Telecommunications (HKT) Limited (APID 05411),已登記的WiFi 熱點: Hong Kong Telecommunications (HKT) Limited (APID 05411),majorDestination,已登記的WiFi 熱點: Hong Kong Telecommunications (HKT) Limited (APID 05411),,,,,,1,true
已登記的WiFi 熱點: Hong Kong Telecommunications (HKT) Limited (APID 05412),已登記的WiFi 熱點: Hong Kong Telecommunications (HKT) Limited (APID 05412),majorDestination,已登記的WiFi 熱點: Hong Kong Telecommunications (HKT) Limited (APID 05412),,,,,,1,true
已登記的WiFi 熱點: Hong Kong Telecommunications (HKT) Limited (APID 05413),已登記的WiFi 熱點: Hong Kong Telecommunications (HKT) Limited (APID 05413),majorDestination,已登記的WiFi 熱點: Hong Kong Telecommunications (HKT) Limited (APID 05413),,,,,,1,true
已登記的WiFi 熱點: Y5ZONE Limited (APID 08243),已登記的WiFi 熱點: Y5ZONE Limited (APID 08243),majorDestination,已登記的WiFi 熱點: Y5ZONE Limited (APID 08243),,,,,,1,true
已登記的WiFi 熱點: 環球全域電訊有限公司 (APID 00798),已登記的WiFi 熱點: 環球全域電訊有限公司 (APID 00798),majorDestination,已登記的WiFi 熱點: 環球全域電訊有限公司 (APID 00798),,,,,,1,true
已登記的WiFi 熱點: 香港電話有限公司 (APID 07228),已登記的WiFi 熱點: 香港電話有限公司 (APID 07228),majorDestination,已登記的WiFi 熱點: 香港電話有限公司 (APID 07228),,,,,,1,true
KT MOTOR GROUP LIMITED,KT MOTOR GROUP LIMITED,majorDestination,KT MOTOR GROUP LIMITED,,,,,,1,true
仁愛護理安老院,仁愛護理安老院,majorDestination,仁愛護理安老院,,,,,,1,true
馬霖汽車有限公司,馬霖汽車有限公司,majorDestination,馬霖汽車有限公司,,,,,,1,true
富城旅館,富城旅館,majorDestination,富城旅館,,,,,,1,true
竹隱長春洞,竹隱長春洞,majorDestination,竹隱長春洞,,,,,,1,true
已登記的WiFi 熱點: 環球全域電訊有限公司 (APID 00867),已登記的WiFi 熱點: 環球全域電訊有限公司 (APID 00867),majorDestination,已登記的WiFi 熱點: 環球全域電訊有限公司 (APID 00867),,,,,,1,true
已登記的WiFi 熱點: Hong Kong Telecommunications (HKT) Limited (APID 05508),已登記的WiFi 熱點: Hong Kong Telecommunications (HKT) Limited (APID 05508),majorDestination,已登記的WiFi 熱點: Hong Kong Telecommunications (HKT) Limited (APID 05508),,,,,,1,true
已登記的WiFi 熱點: Hong Kong Telecommunications (HKT) Limited (APID 05501),已登記的WiFi 熱點: Hong Kong Telecommunications (HKT) Limited (APID 05501),majorDestination,已登記的WiFi 熱點: Hong Kong Telecommunications (HKT) Limited (APID 05501),,,,,,1,true
已登記的WiFi 熱點: 環球全域電訊有限公司 (APID 00627),已登記的WiFi 熱點: 環球全域電訊有限公司 (APID 00627),majorDestination,已登記的WiFi 熱點: 環球全域電訊有限公司 (APID 00627),,,,,,1,true
樂柔美,樂柔美,majorDestination,樂柔美,,,,,,1,true
旺角基督教會,旺角基督教會,majorDestination,旺角基督教會,,,,,,1,true
WE8 CLUB LIMITED,WE8 CLUB LIMITED,majorDestination,WE8 CLUB LIMITED,,,,,,1,true
德仁復康服務有限公司,德仁復康服務有限公司,majorDestination,德仁復康服務有限公司,,,,,,1,true
潮流特區,潮流特區,majorDestination,潮流特區,,,,,,1,true
已登記的WiFi 熱點: 香港寬頻網絡有限公司 (APID 03095),已登記的WiFi 熱點: 香港寬頻網絡有限公司 (APID 03095),majorDestination,已登記的WiFi 熱點: 香港寬頻網絡有限公司 (APID 03095),,,,,,1,true
已登記的WiFi 熱點: Hong Kong Telecommunications (HKT) Limited (APID 05374),已登記的WiFi 熱點: Hong Kong Telecommunications (HKT) Limited (APID 05374),majorDestination,已登記的WiFi 熱點: Hong Kong Telecommunications (HKT) Limited (APID 05374),,,,,,1,true
已登記的WiFi 熱點: 香港寬頻網絡有限公司 (APID 03090),已登記的WiFi 熱點: 香港寬頻網絡有限公司 (APID 03090),majorDestination,已登記的WiFi 熱點: 香港寬頻網絡有限公司 (APID 03090),,,,,,1,true
THE RITZ-CARLTON CLUB,THE RITZ-CARLTON CLUB,majorDestination,THE RITZ-CARLTON CLUB,,,,,,1,true
潘安盛醫生,潘安盛醫生,majorDestination,潘安盛醫生,,,,,,1,true
吳芷琳醫生,吳芷琳醫生,majorDestination,吳芷琳醫生,,,,,,1,true
馮浩泓,馮浩泓,majorDestination,馮浩泓,,,,,,1,true
余國照醫生,余國照醫生,majorDestination,余國照醫生,,,,,,1,true
康佳(香港)有限公司,康佳(香港)有限公司,majorDestination,康佳(香港)有限公司,,,,,,1,true
林慧儀醫生,林慧儀醫生,majorDestination,林慧儀醫生,,,,,,1,true
已登記的WiFi 熱點: Hong Kong Telecommunications (HKT) Limited (APID 05441),已登記的WiFi 熱點: Hong Kong Telecommunications (HKT) Limited (APID 05441),majorDestination,已登記的WiFi 熱點: Hong Kong Telecommunications (HKT) Limited (APID 05441),,,,,,1,true
已登記的WiFi 熱點: Hong Kong Telecommunications (HKT) Limited (APID 05323),已登記的WiFi 熱點: Hong Kong Telecommunications (HKT) Limited (APID 05323),majorDestination,已登記的WiFi 熱點: Hong Kong Telecommunications (HKT) Limited (APID 05323),,,,,,1,true
多馬香港有限公司,多馬香港有限公司,majorDestination,多馬香港有限公司,,,,,,1,true
何仲平醫生,何仲平醫生,majorDestination,何仲平醫生,,,,,,1,true
已登記的WiFi 熱點: 香港寬頻網絡有限公司 (APID 03132),已登記的WiFi 熱點: 香港寬頻網絡有限公司 (APID 03132),majorDestination,已登記的WiFi 熱點: 香港寬頻網絡有限公司 (APID 03132),,,,,,1,true
已登記的WiFi 熱點: Y5ZONE Limited (APID 08254),已登記的WiFi 熱點: Y5ZONE Limited (APID 08254),majorDestination,已登記的WiFi 熱點: Y5ZONE Limited (APID 08254),,,,,,1,true
已登記的WiFi 熱點: 香港寬頻網絡有限公司 (APID 03138),已登記的WiFi 熱點: 香港寬頻網絡有限公司 (APID 03138),majorDestination,已登記的WiFi 熱點: 香港寬頻網絡有限公司 (APID 03138),,,,,,1,true
已登記的WiFi 熱點: 香港寬頻網絡有限公司 (APID 03139),已登記的WiFi 熱點: 香港寬頻網絡有限公司 (APID 03139),majorDestination,已登記的WiFi 熱點: 香港寬頻網絡有限公司 (APID 03139),,,,,,1,true
明愛深水埗家庭支援網絡隊,明愛深水埗家庭支援網絡隊,majorDestination,明愛深水埗家庭支援網絡隊,,,,,,1,true
1/F保安控制室,1/F保安控制室,majorDestination,1/F保安控制室,,,,,,1,true
安心同行長者服務,安心同行長者服務,majorDestination,安心同行長者服務,,,,,,1,true
7-11便利店-長沙灣,7-11便利店-長沙灣,majorDestination,7-11便利店-長沙灣,,,,,,1,true
已登記的WiFi 熱點: Hong Kong Telecommunications (HKT) Limited (APID 05171),已登記的WiFi 熱點: Hong Kong Telecommunications (HKT) Limited (APID 05171),majorDestination,已登記的WiFi 熱點: Hong Kong Telecommunications (HKT) Limited (APID 05171),,,,,,1,true
已登記的WiFi 熱點: 香港寬頻網絡有限公司 (APID 02806),已登記的WiFi 熱點: 香港寬頻網絡有限公司 (APID 02806),majorDestination,已登記的WiFi 熱點: 香港寬頻網絡有限公司 (APID 02806),,,,,,1,true
協康會幼兒駐校社工服務 - 深水埗隊,協康會幼兒駐校社工服務 - 深水埗隊,majorDestination,協康會幼兒駐校社工服務 - 深水埗隊,,,,,,1,true
已登記的WiFi 熱點: 香港寬頻網絡有限公司 (APID 02839),已登記的WiFi 熱點: 香港寬頻網絡有限公司 (APID 02839),majorDestination,已登記的WiFi 熱點: 香港寬頻網絡有限公司 (APID 02839),,,,,,1,true
已登記的WiFi 熱點: Hong Kong Telecommunications (HKT) Limited (APID 05029),已登記的WiFi 熱點: Hong Kong Telecommunications (HKT) Limited (APID 05029),majorDestination,已登記的WiFi 熱點: Hong Kong Telecommunications (HKT) Limited (APID 05029),,,,,,1,true
已登記的WiFi 熱點: Hong Kong Telecommunications (HKT) Limited (APID 05163),已登記的WiFi 熱點: Hong Kong Telecommunications (HKT) Limited (APID 05163),majorDestination,已登記的WiFi 熱點: Hong Kong Telecommunications (HKT) Limited (APID 05163),,,,,,1,true
香港小童群益會 觀塘區青少年外展社會工作隊,香港小童群益會 觀塘區青少年外展社會工作隊,majorDestination,香港小童群益會 觀塘區青少年外展社會工作隊,,,,,,1,true
保良局好幫手(秀茂坪),保良局好幫手(秀茂坪),majorDestination,保良局好幫手(秀茂坪),,,,,,1,true
回收機構及收集點： 救世軍 - 救世軍家品店,回收機構及收集點： 救世軍 - 救世軍家品店,majorDestination,回收機構及收集點： 救世軍 - 救世軍家品店,,,,,,1,true
已登記的WiFi 熱點: 香港寬頻網絡有限公司 (APID 04137),已登記的WiFi 熱點: 香港寬頻網絡有限公司 (APID 04137),majorDestination,已登記的WiFi 熱點: 香港寬頻網絡有限公司 (APID 04137),,,,,,1,true
NTI 快速汽車護理 (觀塘總店),NTI 快速汽車護理 (觀塘總店),majorDestination,NTI 快速汽車護理 (觀塘總店),,,,,,1,true
東栢專業護理服務,東栢專業護理服務,majorDestination,東栢專業護理服務,,,,,,1,true
啟業護老院有限公司,啟業護老院有限公司,majorDestination,啟業護老院有限公司,,,,,,1,true
啟業市場,啟業市場,majorDestination,啟業市場,,,,,,1,true
已登記的WiFi 熱點: 環球全域電訊有限公司 (APID 01359),已登記的WiFi 熱點: 環球全域電訊有限公司 (APID 01359),majorDestination,已登記的WiFi 熱點: 環球全域電訊有限公司 (APID 01359),,,,,,1,true
已登記的WiFi 熱點: 環球全域電訊有限公司 (APID 01818),已登記的WiFi 熱點: 環球全域電訊有限公司 (APID 01818),majorDestination,已登記的WiFi 熱點: 環球全域電訊有限公司 (APID 01818),,,,,,1,true
已登記的WiFi 熱點: Y5ZONE Limited (APID 08743),已登記的WiFi 熱點: Y5ZONE Limited (APID 08743),majorDestination,已登記的WiFi 熱點: Y5ZONE Limited (APID 08743),,,,,,1,true
已登記的WiFi 熱點: 香港寬頻網絡有限公司 (APID 04357),已登記的WiFi 熱點: 香港寬頻網絡有限公司 (APID 04357),majorDestination,已登記的WiFi 熱點: 香港寬頻網絡有限公司 (APID 04357),,,,,,1,true
已登記的WiFi 熱點: 環球全域電訊有限公司 (APID 01367),已登記的WiFi 熱點: 環球全域電訊有限公司 (APID 01367),majorDestination,已登記的WiFi 熱點: 環球全域電訊有限公司 (APID 01367),,,,,,1,true
已登記的WiFi 熱點: 環球全域電訊有限公司 (APID 01393),已登記的WiFi 熱點: 環球全域電訊有限公司 (APID 01393),majorDestination,已登記的WiFi 熱點: 環球全域電訊有限公司 (APID 01393),,,,,,1,true
已登記的WiFi 熱點: 環球全域電訊有限公司 (APID 01394),已登記的WiFi 熱點: 環球全域電訊有限公司 (APID 01394),majorDestination,已登記的WiFi 熱點: 環球全域電訊有限公司 (APID 01394),,,,,,1,true
已登記的WiFi 熱點: 環球全域電訊有限公司 (APID 01395),已登記的WiFi 熱點: 環球全域電訊有限公司 (APID 01395),majorDestination,已登記的WiFi 熱點: 環球全域電訊有限公司 (APID 01395),,,,,,1,true
已登記的WiFi 熱點: Hong Kong Telecommunications (HKT) Limited (APID 06179),已登記的WiFi 熱點: Hong Kong Telecommunications (HKT) Limited (APID 06179),majorDestination,已登記的WiFi 熱點: Hong Kong Telecommunications (HKT) Limited (APID 06179),,,,,,1,true
已登記的WiFi 熱點: Hong Kong Telecommunications (HKT) Limited (APID 06246),已登記的WiFi 熱點: Hong Kong Telecommunications (HKT) Limited (APID 06246),majorDestination,已登記的WiFi 熱點: Hong Kong Telecommunications (HKT) Limited (APID 06246),,,,,,1,true
已登記的WiFi 熱點: 環球全域電訊有限公司 (APID 01369),已登記的WiFi 熱點: 環球全域電訊有限公司 (APID 01369),majorDestination,已登記的WiFi 熱點: 環球全域電訊有限公司 (APID 01369),,,,,,1,true
已登記的WiFi 熱點: 環球全域電訊有限公司 (APID 01370),已登記的WiFi 熱點: 環球全域電訊有限公司 (APID 01370),majorDestination,已登記的WiFi 熱點: 環球全域電訊有限公司 (APID 01370),,,,,,1,true
已登記的WiFi 熱點: 環球全域電訊有限公司 (APID 01371),已登記的WiFi 熱點: 環球全域電訊有限公司 (APID 01371),majorDestination,已登記的WiFi 熱點: 環球全域電訊有限公司 (APID 01371),,,,,,1,true
已登記的WiFi 熱點: 環球全域電訊有限公司 (APID 01372),已登記的WiFi 熱點: 環球全域電訊有限公司 (APID 01372),majorDestination,已登記的WiFi 熱點: 環球全域電訊有限公司 (APID 01372),,,,,,1,true
已登記的WiFi 熱點: 環球全域電訊有限公司 (APID 01373),已登記的WiFi 熱點: 環球全域電訊有限公司 (APID 01373),majorDestination,已登記的WiFi 熱點: 環球全域電訊有限公司 (APID 01373),,,,,,1,true
已登記的WiFi 熱點: 環球全域電訊有限公司 (APID 01365),已登記的WiFi 熱點: 環球全域電訊有限公司 (APID 01365),majorDestination,已登記的WiFi 熱點: 環球全域電訊有限公司 (APID 01365),,,,,,1,true
已登記的WiFi 熱點: 環球全域電訊有限公司 (APID 01366),已登記的WiFi 熱點: 環球全域電訊有限公司 (APID 01366),majorDestination,已登記的WiFi 熱點: 環球全域電訊有限公司 (APID 01366),,,,,,1,true
已登記的WiFi 熱點: 環球全域電訊有限公司 (APID 01368),已登記的WiFi 熱點: 環球全域電訊有限公司 (APID 01368),majorDestination,已登記的WiFi 熱點: 環球全域電訊有限公司 (APID 01368),,,,,,1,true
已登記的WiFi 熱點: 環球全域電訊有限公司 (APID 01374),已登記的WiFi 熱點: 環球全域電訊有限公司 (APID 01374),majorDestination,已登記的WiFi 熱點: 環球全域電訊有限公司 (APID 01374),,,,,,1,true
已登記的WiFi 熱點: 環球全域電訊有限公司 (APID 01375),已登記的WiFi 熱點: 環球全域電訊有限公司 (APID 01375),majorDestination,已登記的WiFi 熱點: 環球全域電訊有限公司 (APID 01375),,,,,,1,true
已登記的WiFi 熱點: 環球全域電訊有限公司 (APID 01376),已登記的WiFi 熱點: 環球全域電訊有限公司 (APID 01376),majorDestination,已登記的WiFi 熱點: 環球全域電訊有限公司 (APID 01376),,,,,,1,true
TDS餐飲學會,TDS餐飲學會,majorDestination,TDS餐飲學會,,,,,,1,true
東廠有限公司,東廠有限公司,majorDestination,東廠有限公司,,,,,,1,true
香港國際社會服務社,香港國際社會服務社,majorDestination,香港國際社會服務社,,,,,,1,true
FAVORMOTOR KLB LIMITED,FAVORMOTOR KLB LIMITED,majorDestination,FAVORMOTOR KLB LIMITED,,,,,,1,true
已登記的WiFi 熱點: 香港寬頻網絡有限公司 (APID 03834),已登記的WiFi 熱點: 香港寬頻網絡有限公司 (APID 03834),majorDestination,已登記的WiFi 熱點: 香港寬頻網絡有限公司 (APID 03834),,,,,,1,true
已登記的WiFi 熱點: 香港寬頻網絡有限公司 (APID 03835),已登記的WiFi 熱點: 香港寬頻網絡有限公司 (APID 03835),majorDestination,已登記的WiFi 熱點: 香港寬頻網絡有限公司 (APID 03835),,,,,,1,true
樂康齡社區照顧服務 (黃大仙),樂康齡社區照顧服務 (黃大仙),majorDestination,樂康齡社區照顧服務 (黃大仙),,,,,,1,true
蔣在公醫生,蔣在公醫生,majorDestination,蔣在公醫生,,,,,,1,true
7-11便利店-新蒲崗,7-11便利店-新蒲崗,majorDestination,7-11便利店-新蒲崗,,,,,,1,true
OK便利店-鑽石山,OK便利店-鑽石山,majorDestination,OK便利店-鑽石山,,,,,,1,true
郭家進,郭家進,majorDestination,郭家進,,,,,,1,true
譚志威醫生,譚志威醫生,majorDestination,譚志威醫生,,,,,,1,true
已登記的WiFi 熱點: Hong Kong Telecommunications (HKT) Limited (APID 05861),已登記的WiFi 熱點: Hong Kong Telecommunications (HKT) Limited (APID 05861),majorDestination,已登記的WiFi 熱點: Hong Kong Telecommunications (HKT) Limited (APID 05861),,,,,,1,true
已登記的WiFi 熱點: Hong Kong Telecommunications (HKT) Limited (APID 06024),已登記的WiFi 熱點: Hong Kong Telecommunications (HKT) Limited (APID 06024),majorDestination,已登記的WiFi 熱點: Hong Kong Telecommunications (HKT) Limited (APID 06024),,,,,,1,true
已登記的WiFi 熱點: 環球全域電訊有限公司 (APID 08832),已登記的WiFi 熱點: 環球全域電訊有限公司 (APID 08832),majorDestination,已登記的WiFi 熱點: 環球全域電訊有限公司 (APID 08832),,,,,,1,true
已登記的WiFi 熱點: 環球全域電訊有限公司 (APID 01199),已登記的WiFi 熱點: 環球全域電訊有限公司 (APID 01199),majorDestination,已登記的WiFi 熱點: 環球全域電訊有限公司 (APID 01199),,,,,,1,true
已登記的WiFi 熱點: 環球全域電訊有限公司 (APID 01198),已登記的WiFi 熱點: 環球全域電訊有限公司 (APID 01198),majorDestination,已登記的WiFi 熱點: 環球全域電訊有限公司 (APID 01198),,,,,,1,true
已登記的WiFi 熱點: 環球全域電訊有限公司 (APID 01200),已登記的WiFi 熱點: 環球全域電訊有限公司 (APID 01200),majorDestination,已登記的WiFi 熱點: 環球全域電訊有限公司 (APID 01200),,,,,,1,true
已登記的WiFi 熱點: 環球全域電訊有限公司 (APID 01201),已登記的WiFi 熱點: 環球全域電訊有限公司 (APID 01201),majorDestination,已登記的WiFi 熱點: 環球全域電訊有限公司 (APID 01201),,,,,,1,true
已登記的WiFi 熱點: 環球全域電訊有限公司 (APID 01202),已登記的WiFi 熱點: 環球全域電訊有限公司 (APID 01202),majorDestination,已登記的WiFi 熱點: 環球全域電訊有限公司 (APID 01202),,,,,,1,true
已登記的WiFi 熱點: 環球全域電訊有限公司 (APID 01203),已登記的WiFi 熱點: 環球全域電訊有限公司 (APID 01203),majorDestination,已登記的WiFi 熱點: 環球全域電訊有限公司 (APID 01203),,,,,,1,true
已登記的WiFi 熱點: 環球全域電訊有限公司 (APID 01204),已登記的WiFi 熱點: 環球全域電訊有限公司 (APID 01204),majorDestination,已登記的WiFi 熱點: 環球全域電訊有限公司 (APID 01204),,,,,,1,true
已登記的WiFi 熱點: 環球全域電訊有限公司 (APID 01207),已登記的WiFi 熱點: 環球全域電訊有限公司 (APID 01207),majorDestination,已登記的WiFi 熱點: 環球全域電訊有限公司 (APID 01207),,,,,,1,true
已登記的WiFi 熱點: Hong Kong Telecommunications (HKT) Limited (APID 06016),已登記的WiFi 熱點: Hong Kong Telecommunications (HKT) Limited (APID 06016),majorDestination,已登記的WiFi 熱點: Hong Kong Telecommunications (HKT) Limited (APID 06016),,,,,,1,true
已登記的WiFi 熱點: Hong Kong Telecommunications (HKT) Limited (APID 06017),已登記的WiFi 熱點: Hong Kong Telecommunications (HKT) Limited (APID 06017),majorDestination,已登記的WiFi 熱點: Hong Kong Telecommunications (HKT) Limited (APID 06017),,,,,,1,true
已登記的WiFi 熱點: Hong Kong Telecommunications (HKT) Limited (APID 06018),已登記的WiFi 熱點: Hong Kong Telecommunications (HKT) Limited (APID 06018),majorDestination,已登記的WiFi 熱點: Hong Kong Telecommunications (HKT) Limited (APID 06018),,,,,,1,true
飛馳汽車公司,飛馳汽車公司,majorDestination,飛馳汽車公司,,,,,,1,true
RIDER SHOP LIMITED,RIDER SHOP LIMITED,majorDestination,RIDER SHOP LIMITED,,,,,,1,true
黃大仙社會保障辦事處,黃大仙社會保障辦事處,majorDestination,黃大仙社會保障辦事處,,,,,,1,true
雅悉小築,雅悉小築,majorDestination,雅悉小築,,,,,,1,true
樂康齡社區照顧服務 (沙田),樂康齡社區照顧服務 (沙田),majorDestination,樂康齡社區照顧服務 (沙田),,,,,,1,true
已登記的WiFi 熱點: Y5ZONE Limited (APID 08497),已登記的WiFi 熱點: Y5ZONE Limited (APID 08497),majorDestination,已登記的WiFi 熱點: Y5ZONE Limited (APID 08497),,,,,,1,true
已登記的WiFi 熱點: Hong Kong Telecommunications (HKT) Limited (APID 05954),已登記的WiFi 熱點: Hong Kong Telecommunications (HKT) Limited (APID 05954),majorDestination,已登記的WiFi 熱點: Hong Kong Telecommunications (HKT) Limited (APID 05954),,,,,,1,true
已登記的WiFi 熱點: Hong Kong Telecommunications (HKT) Limited (APID 05955),已登記的WiFi 熱點: Hong Kong Telecommunications (HKT) Limited (APID 05955),majorDestination,已登記的WiFi 熱點: Hong Kong Telecommunications (HKT) Limited (APID 05955),,,,,,1,true
已登記的WiFi 熱點: 香港寬頻網絡有限公司 (APID 03584),已登記的WiFi 熱點: 香港寬頻網絡有限公司 (APID 03584),majorDestination,已登記的WiFi 熱點: 香港寬頻網絡有限公司 (APID 03584),,,,,,1,true
已登記的WiFi 熱點: 香港寬頻網絡有限公司 (APID 03585),已登記的WiFi 熱點: 香港寬頻網絡有限公司 (APID 03585),majorDestination,已登記的WiFi 熱點: 香港寬頻網絡有限公司 (APID 03585),,,,,,1,true
曾氏宗祠,曾氏宗祠,majorDestination,曾氏宗祠,,,,,,1,true
EXECUTIVE LOUNGE,EXECUTIVE LOUNGE,majorDestination,EXECUTIVE LOUNGE,,,,,,1,true
已登記的WiFi 熱點: Y5ZONE Limited (APID 08565),已登記的WiFi 熱點: Y5ZONE Limited (APID 08565),majorDestination,已登記的WiFi 熱點: Y5ZONE Limited (APID 08565),,,,,,1,true
已登記的WiFi 熱點: 香港電話有限公司 (APID 07435),已登記的WiFi 熱點: 香港電話有限公司 (APID 07435),majorDestination,已登記的WiFi 熱點: 香港電話有限公司 (APID 07435),,,,,,1,true
銀杏館 (華麗耆素),銀杏館 (華麗耆素),majorDestination,銀杏館 (華麗耆素),,,,,,1,true
瑞昌汽車有限公司,瑞昌汽車有限公司,majorDestination,瑞昌汽車有限公司,,,,,,1,true
"本計劃委託之化驗所(沙田), (樣本收集點)","本計劃委託之化驗所(沙田), (樣本收集點)",majorDestination,"本計劃委託之化驗所(沙田), (樣本收集點)",,,,,,1,true
惠康超級市場-隆亨,惠康超級市場-隆亨,majorDestination,惠康超級市場-隆亨,,,,,,1,true
已登記的WiFi 熱點: 環球全域電訊有限公司 (APID 01232),已登記的WiFi 熱點: 環球全域電訊有限公司 (APID 01232),majorDestination,已登記的WiFi 熱點: 環球全域電訊有限公司 (APID 01232),,,,,,1,true
已登記的WiFi 熱點: 環球全域電訊有限公司 (APID 01233),已登記的WiFi 熱點: 環球全域電訊有限公司 (APID 01233),majorDestination,已登記的WiFi 熱點: 環球全域電訊有限公司 (APID 01233),,,,,,1,true
已登記的WiFi 熱點: 環球全域電訊有限公司 (APID 01234),已登記的WiFi 熱點: 環球全域電訊有限公司 (APID 01234),majorDestination,已登記的WiFi 熱點: 環球全域電訊有限公司 (APID 01234),,,,,,1,true
已登記的WiFi 熱點: 環球全域電訊有限公司 (APID 01235),已登記的WiFi 熱點: 環球全域電訊有限公司 (APID 01235),majorDestination,已登記的WiFi 熱點: 環球全域電訊有限公司 (APID 01235),,,,,,1,true
已登記的WiFi 熱點: 環球全域電訊有限公司 (APID 01236),已登記的WiFi 熱點: 環球全域電訊有限公司 (APID 01236),majorDestination,已登記的WiFi 熱點: 環球全域電訊有限公司 (APID 01236),,,,,,1,true
已登記的WiFi 熱點: 環球全域電訊有限公司 (APID 01237),已登記的WiFi 熱點: 環球全域電訊有限公司 (APID 01237),majorDestination,已登記的WiFi 熱點: 環球全域電訊有限公司 (APID 01237),,,,,,1,true
已登記的WiFi 熱點: 環球全域電訊有限公司 (APID 01238),已登記的WiFi 熱點: 環球全域電訊有限公司 (APID 01238),majorDestination,已登記的WiFi 熱點: 環球全域電訊有限公司 (APID 01238),,,,,,1,true
已登記的WiFi 熱點: 環球全域電訊有限公司 (APID 01239),已登記的WiFi 熱點: 環球全域電訊有限公司 (APID 01239),majorDestination,已登記的WiFi 熱點: 環球全域電訊有限公司 (APID 01239),,,,,,1,true
已登記的WiFi 熱點: 環球全域電訊有限公司 (APID 01229),已登記的WiFi 熱點: 環球全域電訊有限公司 (APID 01229),majorDestination,已登記的WiFi 熱點: 環球全域電訊有限公司 (APID 01229),,,,,,1,true
已登記的WiFi 熱點: 環球全域電訊有限公司 (APID 01230),已登記的WiFi 熱點: 環球全域電訊有限公司 (APID 01230),majorDestination,已登記的WiFi 熱點: 環球全域電訊有限公司 (APID 01230),,,,,,1,true
已登記的WiFi 熱點: 環球全域電訊有限公司 (APID 01231),已登記的WiFi 熱點: 環球全域電訊有限公司 (APID 01231),majorDestination,已登記的WiFi 熱點: 環球全域電訊有限公司 (APID 01231),,,,,,1,true
已登記的WiFi 熱點: 環球全域電訊有限公司 (APID 01228),已登記的WiFi 熱點: 環球全域電訊有限公司 (APID 01228),majorDestination,已登記的WiFi 熱點: 環球全域電訊有限公司 (APID 01228),,,,,,1,true
秦石停車場,秦石停車場,majorDestination,秦石停車場,,,,,,1,true
新翠B停車場,新翠B停車場,majorDestination,新翠B停車場,,,,,,1,true
惠康超級市場-美田,惠康超級市場-美田,majorDestination,惠康超級市場-美田,,,,,,1,true
已登記的WiFi 熱點: 香港電話有限公司 (APID 07280),已登記的WiFi 熱點: 香港電話有限公司 (APID 07280),majorDestination,已登記的WiFi 熱點: 香港電話有限公司 (APID 07280),,,,,,1,true
已登記的WiFi 熱點: Y5ZONE Limited (APID 08359),已登記的WiFi 熱點: Y5ZONE Limited (APID 08359),majorDestination,已登記的WiFi 熱點: Y5ZONE Limited (APID 08359),,,,,,1,true
已登記的WiFi 熱點: 香港電話有限公司 (APID 07343),已登記的WiFi 熱點: 香港電話有限公司 (APID 07343),majorDestination,已登記的WiFi 熱點: 香港電話有限公司 (APID 07343),,,,,,1,true
已登記的WiFi 熱點: 香港寬頻網絡有限公司 (APID 03334),已登記的WiFi 熱點: 香港寬頻網絡有限公司 (APID 03334),majorDestination,已登記的WiFi 熱點: 香港寬頻網絡有限公司 (APID 03334),,,,,,1,true
已登記的WiFi 熱點: 環球全域電訊有限公司 (APID 01041),已登記的WiFi 熱點: 環球全域電訊有限公司 (APID 01041),majorDestination,已登記的WiFi 熱點: 環球全域電訊有限公司 (APID 01041),,,,,,1,true
已登記的WiFi 熱點: 環球全域電訊有限公司 (APID 00961),已登記的WiFi 熱點: 環球全域電訊有限公司 (APID 00961),majorDestination,已登記的WiFi 熱點: 環球全域電訊有限公司 (APID 00961),,,,,,1,true
已登記的WiFi 熱點: 環球全域電訊有限公司 (APID 00962),已登記的WiFi 熱點: 環球全域電訊有限公司 (APID 00962),majorDestination,已登記的WiFi 熱點: 環球全域電訊有限公司 (APID 00962),,,,,,1,true
已登記的WiFi 熱點: 環球全域電訊有限公司 (APID 00963),已登記的WiFi 熱點: 環球全域電訊有限公司 (APID 00963),majorDestination,已登記的WiFi 熱點: 環球全域電訊有限公司 (APID 00963),,,,,,1,true
已登記的WiFi 熱點: 環球全域電訊有限公司 (APID 00964),已登記的WiFi 熱點: 環球全域電訊有限公司 (APID 00964),majorDestination,已登記的WiFi 熱點: 環球全域電訊有限公司 (APID 00964),,,,,,1,true
已登記的WiFi 熱點: 環球全域電訊有限公司 (APID 00965),已登記的WiFi 熱點: 環球全域電訊有限公司 (APID 00965),majorDestination,已登記的WiFi 熱點: 環球全域電訊有限公司 (APID 00965),,,,,,1,true
已登記的WiFi 熱點: 環球全域電訊有限公司 (APID 00966),已登記的WiFi 熱點: 環球全域電訊有限公司 (APID 00966),majorDestination,已登記的WiFi 熱點: 環球全域電訊有限公司 (APID 00966),,,,,,1,true
已登記的WiFi 熱點: 環球全域電訊有限公司 (APID 00967),已登記的WiFi 熱點: 環球全域電訊有限公司 (APID 00967),majorDestination,已登記的WiFi 熱點: 環球全域電訊有限公司 (APID 00967),,,,,,1,true
已登記的WiFi 熱點: 香港寬頻網絡有限公司 (APID 04312),已登記的WiFi 熱點: 香港寬頻網絡有限公司 (APID 04312),majorDestination,已登記的WiFi 熱點: 香港寬頻網絡有限公司 (APID 04312),,,,,,1,true
蘚薈市場荃灣,蘚薈市場荃灣,majorDestination,蘚薈市場荃灣,,,,,,1,true
已登記的WiFi 熱點: 香港寬頻網絡有限公司 (APID 04292),已登記的WiFi 熱點: 香港寬頻網絡有限公司 (APID 04292),majorDestination,已登記的WiFi 熱點: 香港寬頻網絡有限公司 (APID 04292),,,,,,1,true
已登記的WiFi 熱點: 香港寬頻網絡有限公司 (APID 02496),已登記的WiFi 熱點: 香港寬頻網絡有限公司 (APID 02496),majorDestination,已登記的WiFi 熱點: 香港寬頻網絡有限公司 (APID 02496),,,,,,1,true
已登記的WiFi 熱點: 香港電話有限公司 (APID 06963),已登記的WiFi 熱點: 香港電話有限公司 (APID 06963),majorDestination,已登記的WiFi 熱點: 香港電話有限公司 (APID 06963),,,,,,1,true
已登記的WiFi 熱點: Hong Kong Telecommunications (HKT) Limited (APID 04726),已登記的WiFi 熱點: Hong Kong Telecommunications (HKT) Limited (APID 04726),majorDestination,已登記的WiFi 熱點: Hong Kong Telecommunications (HKT) Limited (APID 04726),,,,,,1,true
已登記的WiFi 熱點: Hong Kong Telecommunications (HKT) Limited (APID 04786),已登記的WiFi 熱點: Hong Kong Telecommunications (HKT) Limited (APID 04786),majorDestination,已登記的WiFi 熱點: Hong Kong Telecommunications (HKT) Limited (APID 04786),,,,,,1,true
已登記的WiFi 熱點: 香港寬頻網絡有限公司 (APID 02516),已登記的WiFi 熱點: 香港寬頻網絡有限公司 (APID 02516),majorDestination,已登記的WiFi 熱點: 香港寬頻網絡有限公司 (APID 02516),,,,,,1,true
已登記的WiFi 熱點: 香港寬頻網絡有限公司 (APID 02517),已登記的WiFi 熱點: 香港寬頻網絡有限公司 (APID 02517),majorDestination,已登記的WiFi 熱點: 香港寬頻網絡有限公司 (APID 02517),,,,,,1,true
已登記的WiFi 熱點: Y5ZONE Limited (APID 08033),已登記的WiFi 熱點: Y5ZONE Limited (APID 08033),majorDestination,已登記的WiFi 熱點: Y5ZONE Limited (APID 08033),,,,,,1,true
已登記的WiFi 熱點: Hong Kong Telecommunications (HKT) Limited (APID 04785),已登記的WiFi 熱點: Hong Kong Telecommunications (HKT) Limited (APID 04785),majorDestination,已登記的WiFi 熱點: Hong Kong Telecommunications (HKT) Limited (APID 04785),,,,,,1,true
已登記的WiFi 熱點: Hong Kong Telecommunications (HKT) Limited (APID 04787),已登記的WiFi 熱點: Hong Kong Telecommunications (HKT) Limited (APID 04787),majorDestination,已登記的WiFi 熱點: Hong Kong Telecommunications (HKT) Limited (APID 04787),,,,,,1,true
已登記的WiFi 熱點: 環球全域電訊有限公司 (APID 00409),已登記的WiFi 熱點: 環球全域電訊有限公司 (APID 00409),majorDestination,已登記的WiFi 熱點: 環球全域電訊有限公司 (APID 00409),,,,,,1,true
已登記的WiFi 熱點: 香港寬頻網絡有限公司 (APID 02508),已登記的WiFi 熱點: 香港寬頻網絡有限公司 (APID 02508),majorDestination,已登記的WiFi 熱點: 香港寬頻網絡有限公司 (APID 02508),,,,,,1,true
已登記的WiFi 熱點: 香港寬頻網絡有限公司 (APID 02458),已登記的WiFi 熱點: 香港寬頻網絡有限公司 (APID 02458),majorDestination,已登記的WiFi 熱點: 香港寬頻網絡有限公司 (APID 02458),,,,,,1,true
荃灣潮語浸信會,荃灣潮語浸信會,majorDestination,荃灣潮語浸信會,,,,,,1,true
已登記的WiFi 熱點: 環球全域電訊有限公司 (APID 00397),已登記的WiFi 熱點: 環球全域電訊有限公司 (APID 00397),majorDestination,已登記的WiFi 熱點: 環球全域電訊有限公司 (APID 00397),,,,,,1,true
已登記的WiFi 熱點: 香港寬頻網絡有限公司 (APID 02601),已登記的WiFi 熱點: 香港寬頻網絡有限公司 (APID 02601),majorDestination,已登記的WiFi 熱點: 香港寬頻網絡有限公司 (APID 02601),,,,,,1,true
郭汝衡醫生醫務所,郭汝衡醫生醫務所,majorDestination,郭汝衡醫生醫務所,,,,,,1,true
已登記的WiFi 熱點: Hong Kong Telecommunications (HKT) Limited (APID 04791),已登記的WiFi 熱點: Hong Kong Telecommunications (HKT) Limited (APID 04791),majorDestination,已登記的WiFi 熱點: Hong Kong Telecommunications (HKT) Limited (APID 04791),,,,,,1,true
柏齡護理院,柏齡護理院,majorDestination,柏齡護理院,,,,,,1,true
已登記的WiFi 熱點: Hong Kong Telecommunications (HKT) Limited (APID 04935),已登記的WiFi 熱點: Hong Kong Telecommunications (HKT) Limited (APID 04935),majorDestination,已登記的WiFi 熱點: Hong Kong Telecommunications (HKT) Limited (APID 04935),,,,,,1,true
已登記的WiFi 熱點: 香港寬頻網絡有限公司 (APID 04325),已登記的WiFi 熱點: 香港寬頻網絡有限公司 (APID 04325),majorDestination,已登記的WiFi 熱點: 香港寬頻網絡有限公司 (APID 04325),,,,,,1,true
錫山的士(維修)有限公司,錫山的士(維修)有限公司,majorDestination,錫山的士(維修)有限公司,,,,,,1,true
香港科技汽車保養檢定有限公司,香港科技汽車保養檢定有限公司,majorDestination,香港科技汽車保養檢定有限公司,,,,,,1,true
其記汽車服務公司,其記汽車服務公司,majorDestination,其記汽車服務公司,,,,,,1,true
聯力汽車修理服務,聯力汽車修理服務,majorDestination,聯力汽車修理服務,,,,,,1,true
御驅汽車維修有限公司,御驅汽車維修有限公司,majorDestination,御驅汽車維修有限公司,,,,,,1,true
德信汽車服務公司,德信汽車服務公司,majorDestination,德信汽車服務公司,,,,,,1,true
信悅汽車維修有限公司,信悅汽車維修有限公司,majorDestination,信悅汽車維修有限公司,,,,,,1,true
和悅會(屯門),和悅會(屯門),majorDestination,和悅會(屯門),,,,,,1,true
順福護老院(屯門)有限公司,順福護老院(屯門)有限公司,majorDestination,順福護老院(屯門)有限公司,,,,,,1,true
香港明愛明愛賽馬會屯門青少年綜合服務,香港明愛明愛賽馬會屯門青少年綜合服務,majorDestination,香港明愛明愛賽馬會屯門青少年綜合服務,,,,,,1,true
已登記的WiFi 熱點: 香港電話有限公司 (APID 06856),已登記的WiFi 熱點: 香港電話有限公司 (APID 06856),majorDestination,已登記的WiFi 熱點: 香港電話有限公司 (APID 06856),,,,,,1,true
香港青年協會賽馬會建生青年空間,香港青年協會賽馬會建生青年空間,majorDestination,香港青年協會賽馬會建生青年空間,,,,,,1,true
編號612郵箱,編號612郵箱,majorDestination,編號612郵箱,,,,,,1,true
Wi-Fi.HK 熱點位置: 賽馬會建生青年空間,Wi-Fi.HK 熱點位置: 賽馬會建生青年空間,majorDestination,Wi-Fi.HK 熱點位置: 賽馬會建生青年空間,,,,,,1,true
已登記的WiFi 熱點: 香港寬頻網絡有限公司 (APID 02199),已登記的WiFi 熱點: 香港寬頻網絡有限公司 (APID 02199),majorDestination,已登記的WiFi 熱點: 香港寬頻網絡有限公司 (APID 02199),,,,,,1,true
已登記的WiFi 熱點: Hong Kong Telecommunications (HKT) Limited (APID 04497),已登記的WiFi 熱點: Hong Kong Telecommunications (HKT) Limited (APID 04497),majorDestination,已登記的WiFi 熱點: Hong Kong Telecommunications (HKT) Limited (APID 04497),,,,,,1,true
已登記的WiFi 熱點: 環球全域電訊有限公司 (APID 01954),已登記的WiFi 熱點: 環球全域電訊有限公司 (APID 01954),majorDestination,已登記的WiFi 熱點: 環球全域電訊有限公司 (APID 01954),,,,,,1,true
已登記的WiFi 熱點: 環球全域電訊有限公司 (APID 01955),已登記的WiFi 熱點: 環球全域電訊有限公司 (APID 01955),majorDestination,已登記的WiFi 熱點: 環球全域電訊有限公司 (APID 01955),,,,,,1,true
已登記的WiFi 熱點: 環球全域電訊有限公司 (APID 01956),已登記的WiFi 熱點: 環球全域電訊有限公司 (APID 01956),majorDestination,已登記的WiFi 熱點: 環球全域電訊有限公司 (APID 01956),,,,,,1,true
已登記的WiFi 熱點: 環球全域電訊有限公司 (APID 01957),已登記的WiFi 熱點: 環球全域電訊有限公司 (APID 01957),majorDestination,已登記的WiFi 熱點: 環球全域電訊有限公司 (APID 01957),,,,,,1,true
已登記的WiFi 熱點: 環球全域電訊有限公司 (APID 00140),已登記的WiFi 熱點: 環球全域電訊有限公司 (APID 00140),majorDestination,已登記的WiFi 熱點: 環球全域電訊有限公司 (APID 00140),,,,,,1,true
禮賢會元朗幼兒園,禮賢會元朗幼兒園,majorDestination,禮賢會元朗幼兒園,,,,,,1,true
禮賢會元朗幼兒園 (K564508A),禮賢會元朗幼兒園 (K564508A),majorDestination,禮賢會元朗幼兒園 (K564508A),,,,,,1,true
香港明愛 洪水橋/朗邊社區發展計劃,香港明愛 洪水橋/朗邊社區發展計劃,majorDestination,香港明愛 洪水橋/朗邊社區發展計劃,,,,,,1,true
回收機構及收集點： 綠在元朗墟回收流動點 - 014,回收機構及收集點： 綠在元朗墟回收流動點 - 014,majorDestination,回收機構及收集點： 綠在元朗墟回收流動點 - 014,,,,,,1,true
惠康超級市場-朗屏,惠康超級市場-朗屏,majorDestination,惠康超級市場-朗屏,,,,,,1,true
天瑞停車場,天瑞停車場,majorDestination,天瑞停車場,,,,,,1,true
天慈停車場,天慈停車場,majorDestination,天慈停車場,,,,,,1,true
天盛A停車場,天盛A停車場,majorDestination,天盛A停車場,,,,,,1,true
惠康超級市場-雅珊園,惠康超級市場-雅珊園,majorDestination,惠康超級市場-雅珊園,,,,,,1,true
已登記的WiFi 熱點: Hong Kong Telecommunications (HKT) Limited (APID 04626),已登記的WiFi 熱點: Hong Kong Telecommunications (HKT) Limited (APID 04626),majorDestination,已登記的WiFi 熱點: Hong Kong Telecommunications (HKT) Limited (APID 04626),,,,,,1,true
已登記的WiFi 熱點: 香港寬頻網絡有限公司 (APID 02369),已登記的WiFi 熱點: 香港寬頻網絡有限公司 (APID 02369),majorDestination,已登記的WiFi 熱點: 香港寬頻網絡有限公司 (APID 02369),,,,,,1,true
祠堂(元朗十八鄉),祠堂(元朗十八鄉),majorDestination,祠堂(元朗十八鄉),,,,,,1,true
已登記的WiFi 熱點: 香港寬頻網絡有限公司 (APID 02393),已登記的WiFi 熱點: 香港寬頻網絡有限公司 (APID 02393),majorDestination,已登記的WiFi 熱點: 香港寬頻網絡有限公司 (APID 02393),,,,,,1,true
快捷車房,快捷車房,majorDestination,快捷車房,,,,,,1,true
基督教懷智服務處私營殘疾人士院舍專業外展服務(第二隊),基督教懷智服務處私營殘疾人士院舍專業外展服務(第二隊),majorDestination,基督教懷智服務處私營殘疾人士院舍專業外展服務(第二隊),,,,,,1,true
基督教主恩堂,基督教主恩堂,majorDestination,基督教主恩堂,,,,,,1,true
OK便利店-大埔,OK便利店-大埔,majorDestination,OK便利店-大埔,,,,,,1,true
富善停車場,富善停車場,majorDestination,富善停車場,,,,,,1,true
富亨停車場A,富亨停車場A,majorDestination,富亨停車場A,,,,,,1,true
已登記的WiFi 熱點: Hong Kong Telecommunications (HKT) Limited (APID 05490),已登記的WiFi 熱點: Hong Kong Telecommunications (HKT) Limited (APID 05490),majorDestination,已登記的WiFi 熱點: Hong Kong Telecommunications (HKT) Limited (APID 05490),,,,,,1,true
已登記的WiFi 熱點: 環球全域電訊有限公司 (APID 00784),已登記的WiFi 熱點: 環球全域電訊有限公司 (APID 00784),majorDestination,已登記的WiFi 熱點: 環球全域電訊有限公司 (APID 00784),,,,,,1,true
鈞溢幫(粉嶺),鈞溢幫(粉嶺),majorDestination,鈞溢幫(粉嶺),,,,,,1,true
富璟護老院(粉嶺)有限公司,富璟護老院(粉嶺)有限公司,majorDestination,富璟護老院(粉嶺)有限公司,,,,,,1,true
鄰舍輔導會粉嶺幼兒園,鄰舍輔導會粉嶺幼兒園,majorDestination,鄰舍輔導會粉嶺幼兒園,,,,,,1,true
鄰舍輔導會粉嶺幼兒園 (K566390A),鄰舍輔導會粉嶺幼兒園 (K566390A),majorDestination,鄰舍輔導會粉嶺幼兒園 (K566390A),,,,,,1,true
OK便利店-粉嶺,OK便利店-粉嶺,majorDestination,OK便利店-粉嶺,,,,,,1,true
OK便利店-粉嶺名都,OK便利店-粉嶺名都,majorDestination,OK便利店-粉嶺名都,,,,,,1,true
新創建青健坊(北區),新創建青健坊(北區),majorDestination,新創建青健坊(北區),,,,,,1,true
樂康齡社區照顧服務 (北區),樂康齡社區照顧服務 (北區),majorDestination,樂康齡社區照顧服務 (北區),,,,,,1,true
豪庭園,豪庭園,majorDestination,豪庭園,,,,,,1,true
新速遞,新速遞,majorDestination,新速遞,,,,,,1,true
鈞溢華明護理安老院,鈞溢華明護理安老院,majorDestination,鈞溢華明護理安老院,,,,,,1,true
回收機構及收集點： 綠在粉嶺回收流動點 - 016,回收機構及收集點： 綠在粉嶺回收流動點 - 016,majorDestination,回收機構及收集點： 綠在粉嶺回收流動點 - 016,,,,,,1,true
嶺大@西九龍,嶺大@西九龍,majorDestination,嶺大@西九龍,,,,,,1,true
禮拜堂,禮拜堂,majorDestination,禮拜堂,,,,,,1,true
林炳炎樓,林炳炎樓,majorDestination,林炳炎樓,,,,,,1,true
嶺南坊,嶺南坊,majorDestination,嶺南坊,,,,,,1,true
忠信堂,忠信堂,majorDestination,忠信堂,,,,,,1,true
乾新坊,乾新坊,majorDestination,乾新坊,,,,,,1,true
林護堂,林護堂,majorDestination,林護堂,,,,,,1,true
逸民堂,逸民堂,majorDestination,逸民堂,,,,,,1,true
陳德泰大會堂,陳德泰大會堂,majorDestination,陳德泰大會堂,,,,,,1,true
霍藻棉樓,霍藻棉樓,majorDestination,霍藻棉樓,,,,,,1,true
何善衡樓,何善衡樓,majorDestination,何善衡樓,,,,,,1,true
劉仲謙樓,劉仲謙樓,majorDestination,劉仲謙樓,,,,,,1,true
梁銶琚樓,梁銶琚樓,majorDestination,梁銶琚樓,,,,,,1,true
賽馬會堂,賽馬會堂,majorDestination,賽馬會堂,,,,,,1,true
香港崇正總會樓,香港崇正總會樓,majorDestination,香港崇正總會樓,,,,,,1,true
賽馬會博雅堂,賽馬會博雅堂,majorDestination,賽馬會博雅堂,,,,,,1,true
蒙民偉樓,蒙民偉樓,majorDestination,蒙民偉樓,,,,,,1,true
劉李婉嫻康樂樓,劉李婉嫻康樂樓,majorDestination,劉李婉嫻康樂樓,,,,,,1,true
東亞堂,東亞堂,majorDestination,東亞堂,,,,,,1,true
自家車屋,自家車屋,majorDestination,自家車屋,,,,,,1,true
大明行,大明行,majorDestination,大明行,,,,,,1,true
明記(華達)汽車修理服務,明記(華達)汽車修理服務,majorDestination,明記(華達)汽車修理服務,,,,,,1,true
已登記的WiFi 熱點: Y5ZONE Limited (APID 07961),已登記的WiFi 熱點: Y5ZONE Limited (APID 07961),majorDestination,已登記的WiFi 熱點: Y5ZONE Limited (APID 07961),,,,,,1,true
藍天環保汽車美容 (粉嶺),藍天環保汽車美容 (粉嶺),majorDestination,藍天環保汽車美容 (粉嶺),,,,,,1,true
盧國章醫生,盧國章醫生,majorDestination,盧國章醫生,,,,,,1,true
保康有限公司,保康有限公司,majorDestination,保康有限公司,,,,,,1,true
編號655郵箱,編號655郵箱,majorDestination,編號655郵箱,,,,,,1,true
已登記的WiFi 熱點: 香港寬頻網絡有限公司 (APID 02783),已登記的WiFi 熱點: 香港寬頻網絡有限公司 (APID 02783),majorDestination,已登記的WiFi 熱點: 香港寬頻網絡有限公司 (APID 02783),,,,,,1,true
已登記的WiFi 熱點: 環球全域電訊有限公司 (APID 00557),已登記的WiFi 熱點: 環球全域電訊有限公司 (APID 00557),majorDestination,已登記的WiFi 熱點: 環球全域電訊有限公司 (APID 00557),,,,,,1,true
已登記的WiFi 熱點: 環球全域電訊有限公司 (APID 00534),已登記的WiFi 熱點: 環球全域電訊有限公司 (APID 00534),majorDestination,已登記的WiFi 熱點: 環球全域電訊有限公司 (APID 00534),,,,,,1,true
已登記的WiFi 熱點: 環球全域電訊有限公司 (APID 00536),已登記的WiFi 熱點: 環球全域電訊有限公司 (APID 00536),majorDestination,已登記的WiFi 熱點: 環球全域電訊有限公司 (APID 00536),,,,,,1,true
已登記的WiFi 熱點: 環球全域電訊有限公司 (APID 00537),已登記的WiFi 熱點: 環球全域電訊有限公司 (APID 00537),majorDestination,已登記的WiFi 熱點: 環球全域電訊有限公司 (APID 00537),,,,,,1,true
已登記的WiFi 熱點: 環球全域電訊有限公司 (APID 00538),已登記的WiFi 熱點: 環球全域電訊有限公司 (APID 00538),majorDestination,已登記的WiFi 熱點: 環球全域電訊有限公司 (APID 00538),,,,,,1,true
已登記的WiFi 熱點: 環球全域電訊有限公司 (APID 00539),已登記的WiFi 熱點: 環球全域電訊有限公司 (APID 00539),majorDestination,已登記的WiFi 熱點: 環球全域電訊有限公司 (APID 00539),,,,,,1,true
已登記的WiFi 熱點: 環球全域電訊有限公司 (APID 00540),已登記的WiFi 熱點: 環球全域電訊有限公司 (APID 00540),majorDestination,已登記的WiFi 熱點: 環球全域電訊有限公司 (APID 00540),,,,,,1,true
已登記的WiFi 熱點: 環球全域電訊有限公司 (APID 00541),已登記的WiFi 熱點: 環球全域電訊有限公司 (APID 00541),majorDestination,已登記的WiFi 熱點: 環球全域電訊有限公司 (APID 00541),,,,,,1,true
已登記的WiFi 熱點: 環球全域電訊有限公司 (APID 00542),已登記的WiFi 熱點: 環球全域電訊有限公司 (APID 00542),majorDestination,已登記的WiFi 熱點: 環球全域電訊有限公司 (APID 00542),,,,,,1,true
已登記的WiFi 熱點: 環球全域電訊有限公司 (APID 00543),已登記的WiFi 熱點: 環球全域電訊有限公司 (APID 00543),majorDestination,已登記的WiFi 熱點: 環球全域電訊有限公司 (APID 00543),,,,,,1,true
已登記的WiFi 熱點: 環球全域電訊有限公司 (APID 00544),已登記的WiFi 熱點: 環球全域電訊有限公司 (APID 00544),majorDestination,已登記的WiFi 熱點: 環球全域電訊有限公司 (APID 00544),,,,,,1,true
已登記的WiFi 熱點: 環球全域電訊有限公司 (APID 00535),已登記的WiFi 熱點: 環球全域電訊有限公司 (APID 00535),majorDestination,已登記的WiFi 熱點: 環球全域電訊有限公司 (APID 00535),,,,,,1,true
已登記的WiFi 熱點: 環球全域電訊有限公司 (APID 00532),已登記的WiFi 熱點: 環球全域電訊有限公司 (APID 00532),majorDestination,已登記的WiFi 熱點: 環球全域電訊有限公司 (APID 00532),,,,,,1,true
已登記的WiFi 熱點: 環球全域電訊有限公司 (APID 00520),已登記的WiFi 熱點: 環球全域電訊有限公司 (APID 00520),majorDestination,已登記的WiFi 熱點: 環球全域電訊有限公司 (APID 00520),,,,,,1,true
已登記的WiFi 熱點: 環球全域電訊有限公司 (APID 00508),已登記的WiFi 熱點: 環球全域電訊有限公司 (APID 00508),majorDestination,已登記的WiFi 熱點: 環球全域電訊有限公司 (APID 00508),,,,,,1,true
已登記的WiFi 熱點: 環球全域電訊有限公司 (APID 00509),已登記的WiFi 熱點: 環球全域電訊有限公司 (APID 00509),majorDestination,已登記的WiFi 熱點: 環球全域電訊有限公司 (APID 00509),,,,,,1,true
已登記的WiFi 熱點: 環球全域電訊有限公司 (APID 00510),已登記的WiFi 熱點: 環球全域電訊有限公司 (APID 00510),majorDestination,已登記的WiFi 熱點: 環球全域電訊有限公司 (APID 00510),,,,,,1,true
已登記的WiFi 熱點: 環球全域電訊有限公司 (APID 00511),已登記的WiFi 熱點: 環球全域電訊有限公司 (APID 00511),majorDestination,已登記的WiFi 熱點: 環球全域電訊有限公司 (APID 00511),,,,,,1,true
已登記的WiFi 熱點: 環球全域電訊有限公司 (APID 00512),已登記的WiFi 熱點: 環球全域電訊有限公司 (APID 00512),majorDestination,已登記的WiFi 熱點: 環球全域電訊有限公司 (APID 00512),,,,,,1,true
已登記的WiFi 熱點: 環球全域電訊有限公司 (APID 00513),已登記的WiFi 熱點: 環球全域電訊有限公司 (APID 00513),majorDestination,已登記的WiFi 熱點: 環球全域電訊有限公司 (APID 00513),,,,,,1,true
已登記的WiFi 熱點: 環球全域電訊有限公司 (APID 00514),已登記的WiFi 熱點: 環球全域電訊有限公司 (APID 00514),majorDestination,已登記的WiFi 熱點: 環球全域電訊有限公司 (APID 00514),,,,,,1,true
已登記的WiFi 熱點: 環球全域電訊有限公司 (APID 00515),已登記的WiFi 熱點: 環球全域電訊有限公司 (APID 00515),majorDestination,已登記的WiFi 熱點: 環球全域電訊有限公司 (APID 00515),,,,,,1,true
已登記的WiFi 熱點: 環球全域電訊有限公司 (APID 00516),已登記的WiFi 熱點: 環球全域電訊有限公司 (APID 00516),majorDestination,已登記的WiFi 熱點: 環球全域電訊有限公司 (APID 00516),,,,,,1,true
已登記的WiFi 熱點: 環球全域電訊有限公司 (APID 00517),已登記的WiFi 熱點: 環球全域電訊有限公司 (APID 00517),majorDestination,已登記的WiFi 熱點: 環球全域電訊有限公司 (APID 00517),,,,,,1,true
已登記的WiFi 熱點: 環球全域電訊有限公司 (APID 00518),已登記的WiFi 熱點: 環球全域電訊有限公司 (APID 00518),majorDestination,已登記的WiFi 熱點: 環球全域電訊有限公司 (APID 00518),,,,,,1,true
已登記的WiFi 熱點: 環球全域電訊有限公司 (APID 00519),已登記的WiFi 熱點: 環球全域電訊有限公司 (APID 00519),majorDestination,已登記的WiFi 熱點: 環球全域電訊有限公司 (APID 00519),,,,,,1,true
教育局新界東區教育服務處,教育局新界東區教育服務處,majorDestination,教育局新界東區教育服務處,,,,,,1,true
香港心理衞生會私營殘疾人士院舍專業外展服務(第三隊),香港心理衞生會私營殘疾人士院舍專業外展服務(第三隊),majorDestination,香港心理衞生會私營殘疾人士院舍專業外展服務(第三隊),,,,,,1,true
禮悅護理服務,禮悅護理服務,majorDestination,禮悅護理服務,,,,,,1,true
明愛學前單位社會工作服務— 粉嶺,明愛學前單位社會工作服務— 粉嶺,majorDestination,明愛學前單位社會工作服務— 粉嶺,,,,,,1,true
上水浸信會,上水浸信會,majorDestination,上水浸信會,,,,,,1,true
社會保障辦事處(廣東計劃及福建計劃),社會保障辦事處(廣東計劃及福建計劃),majorDestination,社會保障辦事處(廣東計劃及福建計劃),,,,,,1,true
已登記的WiFi 熱點: Y5ZONE Limited (APID 08049),已登記的WiFi 熱點: Y5ZONE Limited (APID 08049),majorDestination,已登記的WiFi 熱點: Y5ZONE Limited (APID 08049),,,,,,1,true
已登記的WiFi 熱點: Y5ZONE Limited (APID 08050),已登記的WiFi 熱點: Y5ZONE Limited (APID 08050),majorDestination,已登記的WiFi 熱點: Y5ZONE Limited (APID 08050),,,,,,1,true
已登記的WiFi 熱點: Y5ZONE Limited (APID 08051),已登記的WiFi 熱點: Y5ZONE Limited (APID 08051),majorDestination,已登記的WiFi 熱點: Y5ZONE Limited (APID 08051),,,,,,1,true
已登記的WiFi 熱點: Y5ZONE Limited (APID 08052),已登記的WiFi 熱點: Y5ZONE Limited (APID 08052),majorDestination,已登記的WiFi 熱點: Y5ZONE Limited (APID 08052),,,,,,1,true
已登記的WiFi 熱點: Hong Kong Telecommunications (HKT) Limited (APID 04832),已登記的WiFi 熱點: Hong Kong Telecommunications (HKT) Limited (APID 04832),majorDestination,已登記的WiFi 熱點: Hong Kong Telecommunications (HKT) Limited (APID 04832),,,,,,1,true
已登記的WiFi 熱點: Hong Kong Telecommunications (HKT) Limited (APID 04833),已登記的WiFi 熱點: Hong Kong Telecommunications (HKT) Limited (APID 04833),majorDestination,已登記的WiFi 熱點: Hong Kong Telecommunications (HKT) Limited (APID 04833),,,,,,1,true
已登記的WiFi 熱點: 香港寬頻網絡有限公司 (APID 02608),已登記的WiFi 熱點: 香港寬頻網絡有限公司 (APID 02608),majorDestination,已登記的WiFi 熱點: 香港寬頻網絡有限公司 (APID 02608),,,,,,1,true
已登記的WiFi 熱點: 香港寬頻網絡有限公司 (APID 02607),已登記的WiFi 熱點: 香港寬頻網絡有限公司 (APID 02607),majorDestination,已登記的WiFi 熱點: 香港寬頻網絡有限公司 (APID 02607),,,,,,1,true
已登記的WiFi 熱點: 環球全域電訊有限公司 (APID 00453),已登記的WiFi 熱點: 環球全域電訊有限公司 (APID 00453),majorDestination,已登記的WiFi 熱點: 環球全域電訊有限公司 (APID 00453),,,,,,1,true
已登記的WiFi 熱點: Sunevision Super E-Network Limited (APID 07695),已登記的WiFi 熱點: Sunevision Super E-Network Limited (APID 07695),majorDestination,已登記的WiFi 熱點: Sunevision Super E-Network Limited (APID 07695),,,,,,1,true
上水社會保障辦事處,上水社會保障辦事處,majorDestination,上水社會保障辦事處,,,,,,1,true
編號373郵箱,編號373郵箱,majorDestination,編號373郵箱,,,,,,1,true
編號342郵箱,編號342郵箱,majorDestination,編號342郵箱,,,,,,1,true
回收機構及收集點： 7-ELEVEN,回收機構及收集點： 7-ELEVEN,majorDestination,回收機構及收集點： 7-ELEVEN,,,,,,1,true
已登記的WiFi 熱點: Y5ZONE Limited (APID 08068),已登記的WiFi 熱點: Y5ZONE Limited (APID 08068),majorDestination,已登記的WiFi 熱點: Y5ZONE Limited (APID 08068),,,,,,1,true
已登記的WiFi 熱點: Hong Kong Telecommunications (HKT) Limited (APID 04878),已登記的WiFi 熱點: Hong Kong Telecommunications (HKT) Limited (APID 04878),majorDestination,已登記的WiFi 熱點: Hong Kong Telecommunications (HKT) Limited (APID 04878),,,,,,1,true
已登記的WiFi 熱點: Y5ZONE Limited (APID 08077),已登記的WiFi 熱點: Y5ZONE Limited (APID 08077),majorDestination,已登記的WiFi 熱點: Y5ZONE Limited (APID 08077),,,,,,1,true
已登記的WiFi 熱點: 香港寬頻網絡有限公司 (APID 02661),已登記的WiFi 熱點: 香港寬頻網絡有限公司 (APID 02661),majorDestination,已登記的WiFi 熱點: 香港寬頻網絡有限公司 (APID 02661),,,,,,1,true
已登記的WiFi 熱點: 環球全域電訊有限公司 (APID 00477),已登記的WiFi 熱點: 環球全域電訊有限公司 (APID 00477),majorDestination,已登記的WiFi 熱點: 環球全域電訊有限公司 (APID 00477),,,,,,1,true
已登記的WiFi 熱點: 香港寬頻網絡有限公司 (APID 02674),已登記的WiFi 熱點: 香港寬頻網絡有限公司 (APID 02674),majorDestination,已登記的WiFi 熱點: 香港寬頻網絡有限公司 (APID 02674),,,,,,1,true
已登記的WiFi 熱點: Hong Kong Telecommunications (HKT) Limited (APID 04858),已登記的WiFi 熱點: Hong Kong Telecommunications (HKT) Limited (APID 04858),majorDestination,已登記的WiFi 熱點: Hong Kong Telecommunications (HKT) Limited (APID 04858),,,,,,1,true
編號223郵箱,編號223郵箱,majorDestination,編號223郵箱,,,,,,1,true
OK便利店-將軍澳,OK便利店-將軍澳,majorDestination,OK便利店-將軍澳,,,,,,1,true
回收機構及收集點： 綠在西貢回收流動點 - 003,回收機構及收集點： 綠在西貢回收流動點 - 003,majorDestination,回收機構及收集點： 綠在西貢回收流動點 - 003,,,,,,1,true
已登記的WiFi 熱點: Y5ZONE Limited (APID 08680),已登記的WiFi 熱點: Y5ZONE Limited (APID 08680),majorDestination,已登記的WiFi 熱點: Y5ZONE Limited (APID 08680),,,,,,1,true
已登記的WiFi 熱點: 香港寬頻網絡有限公司 (APID 04193),已登記的WiFi 熱點: 香港寬頻網絡有限公司 (APID 04193),majorDestination,已登記的WiFi 熱點: 香港寬頻網絡有限公司 (APID 04193),,,,,,1,true
已登記的WiFi 熱點: 香港寬頻網絡有限公司 (APID 04194),已登記的WiFi 熱點: 香港寬頻網絡有限公司 (APID 04194),majorDestination,已登記的WiFi 熱點: 香港寬頻網絡有限公司 (APID 04194),,,,,,1,true
已登記的WiFi 熱點: Hong Kong Telecommunications (HKT) Limited (APID 06520),已登記的WiFi 熱點: Hong Kong Telecommunications (HKT) Limited (APID 06520),majorDestination,已登記的WiFi 熱點: Hong Kong Telecommunications (HKT) Limited (APID 06520),,,,,,1,true
已登記的WiFi 熱點: Hong Kong Telecommunications (HKT) Limited (APID 06522),已登記的WiFi 熱點: Hong Kong Telecommunications (HKT) Limited (APID 06522),majorDestination,已登記的WiFi 熱點: Hong Kong Telecommunications (HKT) Limited (APID 06522),,,,,,1,true
已登記的WiFi 熱點: Hong Kong Telecommunications (HKT) Limited (APID 06524),已登記的WiFi 熱點: Hong Kong Telecommunications (HKT) Limited (APID 06524),majorDestination,已登記的WiFi 熱點: Hong Kong Telecommunications (HKT) Limited (APID 06524),,,,,,1,true
已登記的WiFi 熱點: 環球全域電訊有限公司 (APID 01706),已登記的WiFi 熱點: 環球全域電訊有限公司 (APID 01706),majorDestination,已登記的WiFi 熱點: 環球全域電訊有限公司 (APID 01706),,,,,,1,true
已登記的WiFi 熱點: Hong Kong Telecommunications (HKT) Limited (APID 06521),已登記的WiFi 熱點: Hong Kong Telecommunications (HKT) Limited (APID 06521),majorDestination,已登記的WiFi 熱點: Hong Kong Telecommunications (HKT) Limited (APID 06521),,,,,,1,true
Market Place by Jasons-清水灣,Market Place by Jasons-清水灣,majorDestination,Market Place by Jasons-清水灣,,,,,,1,true
已登記的WiFi 熱點: 環球全域電訊有限公司 (APID 01748),已登記的WiFi 熱點: 環球全域電訊有限公司 (APID 01748),majorDestination,已登記的WiFi 熱點: 環球全域電訊有限公司 (APID 01748),,,,,,1,true
Wi-Fi.HK 熱點位置: 中銀香港 - 西貢分行,Wi-Fi.HK 熱點位置: 中銀香港 - 西貢分行,majorDestination,Wi-Fi.HK 熱點位置: 中銀香港 - 西貢分行,,,,,,1,true
羅國棟牙科醫生,羅國棟牙科醫生,majorDestination,羅國棟牙科醫生,,,,,,1,true
香港眼科專科,香港眼科專科,majorDestination,香港眼科專科,,,,,,1,true
仁禮醫務有限公司,仁禮醫務有限公司,majorDestination,仁禮醫務有限公司,,,,,,1,true
黃博熙醫生,黃博熙醫生,majorDestination,黃博熙醫生,,,,,,1,true
林翠苗醫生,林翠苗醫生,majorDestination,林翠苗醫生,,,,,,1,true
MANNINGS PLUS O/B THE DAIRY FARM COMPANY LIMITED,MANNINGS PLUS O/B THE DAIRY FARM COMPANY LIMITED,majorDestination,MANNINGS PLUS O/B THE DAIRY FARM COMPANY LIMITED,,,,,,1,true
香港家庭社區藥房,香港家庭社區藥房,majorDestination,香港家庭社區藥房,,,,,,1,true
鄧俊傑醫生醫務所,鄧俊傑醫生醫務所,majorDestination,鄧俊傑醫生醫務所,,,,,,1,true
已登記的WiFi 熱點: 香港寬頻網絡有限公司 (APID 03103),已登記的WiFi 熱點: 香港寬頻網絡有限公司 (APID 03103),majorDestination,已登記的WiFi 熱點: 香港寬頻網絡有限公司 (APID 03103),,,,,,1,true
已登記的WiFi 熱點: 香港寬頻網絡有限公司 (APID 03104),已登記的WiFi 熱點: 香港寬頻網絡有限公司 (APID 03104),majorDestination,已登記的WiFi 熱點: 香港寬頻網絡有限公司 (APID 03104),,,,,,1,true
Grand Austin第1座,Grand Austin第1座,majorDestination,Grand Austin第1座,,,,,,1,true
Grand Austin第2座,Grand Austin第2座,majorDestination,Grand Austin第2座,,,,,,1,true
Grand Austin第3座,Grand Austin第3座,majorDestination,Grand Austin第3座,,,,,,1,true
Grand Austin第5座,Grand Austin第5座,majorDestination,Grand Austin第5座,,,,,,1,true
Grand Yoho 第1座,Grand Yoho 第1座,majorDestination,Grand Yoho 第1座,,,,,,1,true
Grand Yoho 第2座,Grand Yoho 第2座,majorDestination,Grand Yoho 第2座,,,,,,1,true
Grand Yoho 第3座,Grand Yoho 第3座,majorDestination,Grand Yoho 第3座,,,,,,1,true
Grand Yoho 第5座,Grand Yoho 第5座,majorDestination,Grand Yoho 第5座,,,,,,1,true
Grand Yoho 第8座,Grand Yoho 第8座,majorDestination,Grand Yoho 第8座,,,,,,1,true
GRAND YOHO CLUB,GRAND YOHO CLUB,majorDestination,GRAND YOHO CLUB,,,,,,1,true
嘉多利豪園,嘉多利豪園,majorDestination,嘉多利豪園,,,,,,1,true
Grand Marini,Grand Marini,majorDestination,Grand Marini,,,,,,1,true
Grand Montara,Grand Montara,majorDestination,Grand Montara,,,,,,1,true
天逸峰八號,天逸峰八號,majorDestination,天逸峰八號,,,,,,1,true
明雋,明雋,majorDestination,明雋,,,,,,1,true
維港滙I第1座,維港滙I第1座,majorDestination,維港滙I第1座,,,,,,1,true
葡萄薈,葡萄薈,majorDestination,葡萄薈,,,,,,1,true
何錦源牙科醫生,何錦源牙科醫生,majorDestination,何錦源牙科醫生,,,,,,1,true
仁泰外科,仁泰外科,majorDestination,仁泰外科,,,,,,1,true
思佰有限公司,思佰有限公司,majorDestination,思佰有限公司,,,,,,1,true
星柏集團有限公司,星柏集團有限公司,majorDestination,星柏集團有限公司,,,,,,1,true
西醫姚志謙醫務所,西醫姚志謙醫務所,majorDestination,西醫姚志謙醫務所,,,,,,1,true
布莉安妮醫生,布莉安妮醫生,majorDestination,布莉安妮醫生,,,,,,1,true
王紹宏醫生,王紹宏醫生,majorDestination,王紹宏醫生,,,,,,1,true
已登記的WiFi 熱點: 香港寬頻網絡有限公司 (APID 03258),已登記的WiFi 熱點: 香港寬頻網絡有限公司 (APID 03258),majorDestination,已登記的WiFi 熱點: 香港寬頻網絡有限公司 (APID 03258),,,,,,1,true
海逸灣第十六座 (別稱),海逸灣第十六座 (別稱),majorDestination,海逸灣第十六座 (別稱),,,,,,1,true
海逸灣第十七座 (別稱),海逸灣第十七座 (別稱),majorDestination,海逸灣第十七座 (別稱),,,,,,1,true
海逸灣第十八座 (別稱),海逸灣第十八座 (別稱),majorDestination,海逸灣第十八座 (別稱),,,,,,1,true
海逸灣第十九座 (別稱),海逸灣第十九座 (別稱),majorDestination,海逸灣第十九座 (別稱),,,,,,1,true
海逸灣第二十座 (別稱),海逸灣第二十座 (別稱),majorDestination,海逸灣第二十座 (別稱),,,,,,1,true
海逸灣第二十一座 (別稱),海逸灣第二十一座 (別稱),majorDestination,海逸灣第二十一座 (別稱),,,,,,1,true
綠在聯和墟,綠在聯和墟,majorDestination,綠在聯和墟,,,,,,1,true
加瑜有限公司,加瑜有限公司,majorDestination,加瑜有限公司,,,,,,1,true
李偉倫,李偉倫,majorDestination,李偉倫,,,,,,1,true
高正東醫生,高正東醫生,majorDestination,高正東醫生,,,,,,1,true
已登記的WiFi 熱點: Hong Kong Telecommunications (HKT) Limited (APID 05396),已登記的WiFi 熱點: Hong Kong Telecommunications (HKT) Limited (APID 05396),majorDestination,已登記的WiFi 熱點: Hong Kong Telecommunications (HKT) Limited (APID 05396),,,,,,1,true
新生命堂,新生命堂,majorDestination,新生命堂,,,,,,1,true
聖母無玷之心小堂(公教進行社),聖母無玷之心小堂(公教進行社),majorDestination,聖母無玷之心小堂(公教進行社),,,,,,1,true
已登記的WiFi 熱點: 香港寬頻網絡有限公司 (APID 02929),已登記的WiFi 熱點: 香港寬頻網絡有限公司 (APID 02929),majorDestination,已登記的WiFi 熱點: 香港寬頻網絡有限公司 (APID 02929),,,,,,1,true
嘉齡樓,嘉齡樓,majorDestination,嘉齡樓,,,,,,1,true
華景園第1座,華景園第1座,majorDestination,華景園第1座,,,,,,1,true
華景園第2座,華景園第2座,majorDestination,華景園第2座,,,,,,1,true
華景園第3座,華景園第3座,majorDestination,華景園第3座,,,,,,1,true
傲玟第一座,傲玟第一座,majorDestination,傲玟第一座,,,,,,1,true
傲玟第二座,傲玟第二座,majorDestination,傲玟第二座,,,,,,1,true
傲玟第三座,傲玟第三座,majorDestination,傲玟第三座,,,,,,1,true
傲玟第五座,傲玟第五座,majorDestination,傲玟第五座,,,,,,1,true
傲玟第六座,傲玟第六座,majorDestination,傲玟第六座,,,,,,1,true
傲玟第七座,傲玟第七座,majorDestination,傲玟第七座,,,,,,1,true
華景園,華景園,majorDestination,華景園,,,,,,1,true
編號253郵箱,編號253郵箱,majorDestination,編號253郵箱,,,,,,1,true
編號496郵箱,編號496郵箱,majorDestination,編號496郵箱,,,,,,1,true
已登記的WiFi 熱點: 環球全域電訊有限公司 (APID 01755),已登記的WiFi 熱點: 環球全域電訊有限公司 (APID 01755),majorDestination,已登記的WiFi 熱點: 環球全域電訊有限公司 (APID 01755),,,,,,1,true
已登記的WiFi 熱點: 香港電話有限公司 (APID 07024),已登記的WiFi 熱點: 香港電話有限公司 (APID 07024),majorDestination,已登記的WiFi 熱點: 香港電話有限公司 (APID 07024),,,,,,1,true
已登記的WiFi 熱點: 環球全域電訊有限公司 (APID 01992),已登記的WiFi 熱點: 環球全域電訊有限公司 (APID 01992),majorDestination,已登記的WiFi 熱點: 環球全域電訊有限公司 (APID 01992),,,,,,1,true
都滙,都滙,majorDestination,都滙,,,,,,1,true
滙豪,滙豪,majorDestination,滙豪,,,,,,1,true
雁亭,雁亭,majorDestination,雁亭,,,,,,1,true
都會坊,都會坊,majorDestination,都會坊,,,,,,1,true
新港豪庭,新港豪庭,majorDestination,新港豪庭,,,,,,1,true
港灣豪庭第一座,港灣豪庭第一座,majorDestination,港灣豪庭第一座,,,,,,1,true
港灣豪庭第十座,港灣豪庭第十座,majorDestination,港灣豪庭第十座,,,,,,1,true
港灣豪庭第二座,港灣豪庭第二座,majorDestination,港灣豪庭第二座,,,,,,1,true
港灣豪庭第三座,港灣豪庭第三座,majorDestination,港灣豪庭第三座,,,,,,1,true
港灣豪庭第四座,港灣豪庭第四座,majorDestination,港灣豪庭第四座,,,,,,1,true
港灣豪庭第五座,港灣豪庭第五座,majorDestination,港灣豪庭第五座,,,,,,1,true
港灣豪庭第六座,港灣豪庭第六座,majorDestination,港灣豪庭第六座,,,,,,1,true
港灣豪庭第七座,港灣豪庭第七座,majorDestination,港灣豪庭第七座,,,,,,1,true
港灣豪庭第八座,港灣豪庭第八座,majorDestination,港灣豪庭第八座,,,,,,1,true
港灣豪庭第九座,港灣豪庭第九座,majorDestination,港灣豪庭第九座,,,,,,1,true
新都城第一期第二座,新都城第一期第二座,majorDestination,新都城第一期第二座,,,,,,1,true
新都城第一期第三座,新都城第一期第三座,majorDestination,新都城第一期第三座,,,,,,1,true
新都城第一期第四座,新都城第一期第四座,majorDestination,新都城第一期第四座,,,,,,1,true
新都城第一期第五座,新都城第一期第五座,majorDestination,新都城第一期第五座,,,,,,1,true
新都城第一期第六座,新都城第一期第六座,majorDestination,新都城第一期第六座,,,,,,1,true
新都城第二期第一座,新都城第二期第一座,majorDestination,新都城第二期第一座,,,,,,1,true
新都城第二期第十座,新都城第二期第十座,majorDestination,新都城第二期第十座,,,,,,1,true
新都城第二期第十一座,新都城第二期第十一座,majorDestination,新都城第二期第十一座,,,,,,1,true
新都城第二期第三座,新都城第二期第三座,majorDestination,新都城第二期第三座,,,,,,1,true
新都城第二期第四座,新都城第二期第四座,majorDestination,新都城第二期第四座,,,,,,1,true
新都城第二期第五座,新都城第二期第五座,majorDestination,新都城第二期第五座,,,,,,1,true
新都城第二期第六座,新都城第二期第六座,majorDestination,新都城第二期第六座,,,,,,1,true
共融教室,共融教室,majorDestination,共融教室,,,,,,1,true
中國香港門球總會有限公司,中國香港門球總會有限公司,majorDestination,中國香港門球總會有限公司,,,,,,1,true
已登記的WiFi 熱點: 香港寬頻網絡有限公司 (APID 04346),已登記的WiFi 熱點: 香港寬頻網絡有限公司 (APID 04346),majorDestination,已登記的WiFi 熱點: 香港寬頻網絡有限公司 (APID 04346),,,,,,1,true
已登記的WiFi 熱點: Y5ZONE Limited (APID 08733),已登記的WiFi 熱點: Y5ZONE Limited (APID 08733),majorDestination,已登記的WiFi 熱點: Y5ZONE Limited (APID 08733),,,,,,1,true
已登記的WiFi 熱點: Y5ZONE Limited (APID 08739),已登記的WiFi 熱點: Y5ZONE Limited (APID 08739),majorDestination,已登記的WiFi 熱點: Y5ZONE Limited (APID 08739),,,,,,1,true
新都城第二期第七座,新都城第二期第七座,majorDestination,新都城第二期第七座,,,,,,1,true
新都城第二期第八座,新都城第二期第八座,majorDestination,新都城第二期第八座,,,,,,1,true
新都城第二期第九座,新都城第二期第九座,majorDestination,新都城第二期第九座,,,,,,1,true
港灣豪庭,港灣豪庭,majorDestination,港灣豪庭,,,,,,1,true
Market Place by Jasons-新港城,Market Place by Jasons-新港城,majorDestination,Market Place by Jasons-新港城,,,,,,1,true
Wi-Fi.HK 熱點位置: McCafe - 九龍城廣埸,Wi-Fi.HK 熱點位置: McCafe - 九龍城廣埸,majorDestination,Wi-Fi.HK 熱點位置: McCafe - 九龍城廣埸,,,,,,1,true
Wi-Fi.HK 熱點位置: 麥當勞 - 九龍城廣埸,Wi-Fi.HK 熱點位置: 麥當勞 - 九龍城廣埸,majorDestination,Wi-Fi.HK 熱點位置: 麥當勞 - 九龍城廣埸,,,,,,1,true
已登記的WiFi 熱點: 環球全域電訊有限公司 (APID 01441),已登記的WiFi 熱點: 環球全域電訊有限公司 (APID 01441),majorDestination,已登記的WiFi 熱點: 環球全域電訊有限公司 (APID 01441),,,,,,1,true
新都城中西藥房有限公司,新都城中西藥房有限公司,majorDestination,新都城中西藥房有限公司,,,,,,1,true
匡健藥房,匡健藥房,majorDestination,匡健藥房,,,,,,1,true
編號56郵箱,編號56郵箱,majorDestination,編號56郵箱,,,,,,1,true
已登記的WiFi 熱點: Y5ZONE Limited (APID 08474),已登記的WiFi 熱點: Y5ZONE Limited (APID 08474),majorDestination,已登記的WiFi 熱點: Y5ZONE Limited (APID 08474),,,,,,1,true
已登記的WiFi 熱點: 香港寬頻網絡有限公司 (APID 03540),已登記的WiFi 熱點: 香港寬頻網絡有限公司 (APID 03540),majorDestination,已登記的WiFi 熱點: 香港寬頻網絡有限公司 (APID 03540),,,,,,1,true
已登記的WiFi 熱點: Y5ZONE Limited (APID 08470),已登記的WiFi 熱點: Y5ZONE Limited (APID 08470),majorDestination,已登記的WiFi 熱點: Y5ZONE Limited (APID 08470),,,,,,1,true
已登記的WiFi 熱點: Y5ZONE Limited (APID 08646),已登記的WiFi 熱點: Y5ZONE Limited (APID 08646),majorDestination,已登記的WiFi 熱點: Y5ZONE Limited (APID 08646),,,,,,1,true
已登記的WiFi 熱點: 香港寬頻網絡有限公司 (APID 04042),已登記的WiFi 熱點: 香港寬頻網絡有限公司 (APID 04042),majorDestination,已登記的WiFi 熱點: 香港寬頻網絡有限公司 (APID 04042),,,,,,1,true
已登記的WiFi 熱點: Y5ZONE Limited (APID 08472),已登記的WiFi 熱點: Y5ZONE Limited (APID 08472),majorDestination,已登記的WiFi 熱點: Y5ZONE Limited (APID 08472),,,,,,1,true
已登記的WiFi 熱點: Y5ZONE Limited (APID 08645),已登記的WiFi 熱點: Y5ZONE Limited (APID 08645),majorDestination,已登記的WiFi 熱點: Y5ZONE Limited (APID 08645),,,,,,1,true
已登記的WiFi 熱點: 環球全域電訊有限公司 (APID 01145),已登記的WiFi 熱點: 環球全域電訊有限公司 (APID 01145),majorDestination,已登記的WiFi 熱點: 環球全域電訊有限公司 (APID 01145),,,,,,1,true
已登記的WiFi 熱點: 香港寬頻網絡有限公司 (APID 03538),已登記的WiFi 熱點: 香港寬頻網絡有限公司 (APID 03538),majorDestination,已登記的WiFi 熱點: 香港寬頻網絡有限公司 (APID 03538),,,,,,1,true
已登記的WiFi 熱點: 香港寬頻網絡有限公司 (APID 02478),已登記的WiFi 熱點: 香港寬頻網絡有限公司 (APID 02478),majorDestination,已登記的WiFi 熱點: 香港寬頻網絡有限公司 (APID 02478),,,,,,1,true
已登記的WiFi 熱點: 香港寬頻網絡有限公司 (APID 04190),已登記的WiFi 熱點: 香港寬頻網絡有限公司 (APID 04190),majorDestination,已登記的WiFi 熱點: 香港寬頻網絡有限公司 (APID 04190),,,,,,1,true
已登記的WiFi 熱點: 香港寬頻網絡有限公司 (APID 04394),已登記的WiFi 熱點: 香港寬頻網絡有限公司 (APID 04394),majorDestination,已登記的WiFi 熱點: 香港寬頻網絡有限公司 (APID 04394),,,,,,1,true
已登記的WiFi 熱點: Hong Kong Telecommunications (HKT) Limited (APID 05907),已登記的WiFi 熱點: Hong Kong Telecommunications (HKT) Limited (APID 05907),majorDestination,已登記的WiFi 熱點: Hong Kong Telecommunications (HKT) Limited (APID 05907),,,,,,1,true
已登記的WiFi 熱點: Y5ZONE Limited (APID 08471),已登記的WiFi 熱點: Y5ZONE Limited (APID 08471),majorDestination,已登記的WiFi 熱點: Y5ZONE Limited (APID 08471),,,,,,1,true
已登記的WiFi 熱點: Y5ZONE Limited (APID 08647),已登記的WiFi 熱點: Y5ZONE Limited (APID 08647),majorDestination,已登記的WiFi 熱點: Y5ZONE Limited (APID 08647),,,,,,1,true
已登記的WiFi 熱點: 環球全域電訊有限公司 (APID 01707),已登記的WiFi 熱點: 環球全域電訊有限公司 (APID 01707),majorDestination,已登記的WiFi 熱點: 環球全域電訊有限公司 (APID 01707),,,,,,1,true
已登記的WiFi 熱點: 香港寬頻網絡有限公司 (APID 03539),已登記的WiFi 熱點: 香港寬頻網絡有限公司 (APID 03539),majorDestination,已登記的WiFi 熱點: 香港寬頻網絡有限公司 (APID 03539),,,,,,1,true
已登記的WiFi 熱點: 香港寬頻網絡有限公司 (APID 03541),已登記的WiFi 熱點: 香港寬頻網絡有限公司 (APID 03541),majorDestination,已登記的WiFi 熱點: 香港寬頻網絡有限公司 (APID 03541),,,,,,1,true
已登記的WiFi 熱點: Hong Kong Telecommunications (HKT) Limited (APID 05908),已登記的WiFi 熱點: Hong Kong Telecommunications (HKT) Limited (APID 05908),majorDestination,已登記的WiFi 熱點: Hong Kong Telecommunications (HKT) Limited (APID 05908),,,,,,1,true
九龍城,九龍城,majorDestination,九龍城,,,,,,1,true
津匯,津匯,majorDestination,津匯,,,,,,1,true
集城汽車有限公司,集城汽車有限公司,majorDestination,集城汽車有限公司,,,,,,1,true
歷耆者有限公司,歷耆者有限公司,majorDestination,歷耆者有限公司,,,,,,1,true
皇雀會,皇雀會,majorDestination,皇雀會,,,,,,1,true
香港善導會香港女宿舍,香港善導會香港女宿舍,majorDestination,香港善導會香港女宿舍,,,,,,1,true
已登記的WiFi 熱點: 香港寬頻網絡有限公司 (APID 03141),已登記的WiFi 熱點: 香港寬頻網絡有限公司 (APID 03141),majorDestination,已登記的WiFi 熱點: 香港寬頻網絡有限公司 (APID 03141),,,,,,1,true
全城滙第1座,全城滙第1座,majorDestination,全城滙第1座,,,,,,1,true
全城滙第2座,全城滙第2座,majorDestination,全城滙第2座,,,,,,1,true
全城滙第3座,全城滙第3座,majorDestination,全城滙第3座,,,,,,1,true
全城滙第5座,全城滙第5座,majorDestination,全城滙第5座,,,,,,1,true
全城滙第6座,全城滙第6座,majorDestination,全城滙第6座,,,,,,1,true
全城滙第7座,全城滙第7座,majorDestination,全城滙第7座,,,,,,1,true
全城滙第8座,全城滙第8座,majorDestination,全城滙第8座,,,,,,1,true
朗城滙第1座,朗城滙第1座,majorDestination,朗城滙第1座,,,,,,1,true
朗城滙第2座,朗城滙第2座,majorDestination,朗城滙第2座,,,,,,1,true
朗城滙第3座,朗城滙第3座,majorDestination,朗城滙第3座,,,,,,1,true
朗城滙第5座,朗城滙第5座,majorDestination,朗城滙第5座,,,,,,1,true
萬景峯第一座,萬景峯第一座,majorDestination,萬景峯第一座,,,,,,1,true
萬景峯第二座,萬景峯第二座,majorDestination,萬景峯第二座,,,,,,1,true
萬景峯第三座,萬景峯第三座,majorDestination,萬景峯第三座,,,,,,1,true
萬景峯第五座,萬景峯第五座,majorDestination,萬景峯第五座,,,,,,1,true
萬景峯第六座,萬景峯第六座,majorDestination,萬景峯第六座,,,,,,1,true
中港城第1座,中港城第1座,majorDestination,中港城第1座,,,,,,1,true
中港城第2座,中港城第2座,majorDestination,中港城第2座,,,,,,1,true
中港城第3座,中港城第3座,majorDestination,中港城第3座,,,,,,1,true
中港城第5座,中港城第5座,majorDestination,中港城第5座,,,,,,1,true
中港城第6座,中港城第6座,majorDestination,中港城第6座,,,,,,1,true
海豚池,海豚池,majorDestination,海豚池,,,,,,1,true
雅德汽車服務工程,雅德汽車服務工程,majorDestination,雅德汽車服務工程,,,,,,1,true
世霸汽車工程公司,世霸汽車工程公司,majorDestination,世霸汽車工程公司,,,,,,1,true
衞聯汽車公司,衞聯汽車公司,majorDestination,衞聯汽車公司,,,,,,1,true
中匯汽車服務有限公司,中匯汽車服務有限公司,majorDestination,中匯汽車服務有限公司,,,,,,1,true
夢工場汽車服務公司,夢工場汽車服務公司,majorDestination,夢工場汽車服務公司,,,,,,1,true
聯發焗油公司,聯發焗油公司,majorDestination,聯發焗油公司,,,,,,1,true
鵬輝汽車美化公司,鵬輝汽車美化公司,majorDestination,鵬輝汽車美化公司,,,,,,1,true
大中汽車服務公司,大中汽車服務公司,majorDestination,大中汽車服務公司,,,,,,1,true
德民汽車服務公司,德民汽車服務公司,majorDestination,德民汽車服務公司,,,,,,1,true
耀華迅捷汽車服務,耀華迅捷汽車服務,majorDestination,耀華迅捷汽車服務,,,,,,1,true
中匯森業汽車公司,中匯森業汽車公司,majorDestination,中匯森業汽車公司,,,,,,1,true
鈞豪創業有限公司,鈞豪創業有限公司,majorDestination,鈞豪創業有限公司,,,,,,1,true
晉業汽車服務公司,晉業汽車服務公司,majorDestination,晉業汽車服務公司,,,,,,1,true
偉業汽車工程,偉業汽車工程,majorDestination,偉業汽車工程,,,,,,1,true
日豐汽車有限公司,日豐汽車有限公司,majorDestination,日豐汽車有限公司,,,,,,1,true
K & T MOTOR SERVICE CO.,K & T MOTOR SERVICE CO.,majorDestination,K & T MOTOR SERVICE CO.,,,,,,1,true
忠記汽車服務公司,忠記汽車服務公司,majorDestination,忠記汽車服務公司,,,,,,1,true
樂昇大藥房有限公司,樂昇大藥房有限公司,majorDestination,樂昇大藥房有限公司,,,,,,1,true
東港城,東港城,majorDestination,東港城,,,,,,1,true
名城,名城,majorDestination,名城,,,,,,1,true
九龍城區,九龍城區,majorDestination,九龍城區,,,,,,1,true
展城館,展城館,majorDestination,展城館,,,,,,1,true
環宇海灣第1座,環宇海灣第1座,majorDestination,環宇海灣第1座,,,,,,1,true
環宇海灣第2座,環宇海灣第2座,majorDestination,環宇海灣第2座,,,,,,1,true
環宇海灣第3座,環宇海灣第3座,majorDestination,環宇海灣第3座,,,,,,1,true
環宇海灣第5座,環宇海灣第5座,majorDestination,環宇海灣第5座,,,,,,1,true
環宇海灣第6座,環宇海灣第6座,majorDestination,環宇海灣第6座,,,,,,1,true
環宇海灣第7座,環宇海灣第7座,majorDestination,環宇海灣第7座,,,,,,1,true
環宇海灣第8座,環宇海灣第8座,majorDestination,環宇海灣第8座,,,,,,1,true
維港頌,維港頌,majorDestination,維港頌,,,,,,1,true
兆逸護理有限公司(東區),兆逸護理有限公司(東區),majorDestination,兆逸護理有限公司(東區),,,,,,1,true
回收機構及收集點： 綠在鰂魚涌回收流動點 - 016,回收機構及收集點： 綠在鰂魚涌回收流動點 - 016,majorDestination,回收機構及收集點： 綠在鰂魚涌回收流動點 - 016,,,,,,1,true
已登記的WiFi 熱點: 香港電話有限公司 (APID 07461),已登記的WiFi 熱點: 香港電話有限公司 (APID 07461),majorDestination,已登記的WiFi 熱點: 香港電話有限公司 (APID 07461),,,,,,1,true
已登記的WiFi 熱點: 香港寬頻網絡有限公司 (APID 03680),已登記的WiFi 熱點: 香港寬頻網絡有限公司 (APID 03680),majorDestination,已登記的WiFi 熱點: 香港寬頻網絡有限公司 (APID 03680),,,,,,1,true
已登記的WiFi 熱點: Hong Kong Telecommunications (HKT) Limited (APID 06036),已登記的WiFi 熱點: Hong Kong Telecommunications (HKT) Limited (APID 06036),majorDestination,已登記的WiFi 熱點: Hong Kong Telecommunications (HKT) Limited (APID 06036),,,,,,1,true
英倫汽車有限公司,英倫汽車有限公司,majorDestination,英倫汽車有限公司,,,,,,1,true
編號325郵箱,編號325郵箱,majorDestination,編號325郵箱,,,,,,1,true
回收機構及收集點： 英倫汽車有限公司(Jaguar Land Rover 3S店),回收機構及收集點： 英倫汽車有限公司(Jaguar Land Rover 3S店),majorDestination,回收機構及收集點： 英倫汽車有限公司(Jaguar Land Rover 3S店),,,,,,1,true
惠康超級市場-港灣豪庭,惠康超級市場-港灣豪庭,majorDestination,惠康超級市場-港灣豪庭,,,,,,1,true
藍天環保汽車美容 (觀塘),藍天環保汽車美容 (觀塘),majorDestination,藍天環保汽車美容 (觀塘),,,,,,1,true
東華三院健康天地,東華三院健康天地,majorDestination,東華三院健康天地,,,,,,1,true
藥皇,藥皇,majorDestination,藥皇,,,,,,1,true
仁康港灣藥房有限公司,仁康港灣藥房有限公司,majorDestination,仁康港灣藥房有限公司,,,,,,1,true
7-11便利店-大角咀,7-11便利店-大角咀,majorDestination,7-11便利店-大角咀,,,,,,1,true
編號649郵箱,編號649郵箱,majorDestination,編號649郵箱,,,,,,1,true
已登記的WiFi 熱點: 環球全域電訊有限公司 (APID 01120),已登記的WiFi 熱點: 環球全域電訊有限公司 (APID 01120),majorDestination,已登記的WiFi 熱點: 環球全域電訊有限公司 (APID 01120),,,,,,1,true
已登記的WiFi 熱點: 香港寬頻網絡有限公司 (APID 04242),已登記的WiFi 熱點: 香港寬頻網絡有限公司 (APID 04242),majorDestination,已登記的WiFi 熱點: 香港寬頻網絡有限公司 (APID 04242),,,,,,1,true
已登記的WiFi 熱點: 環球全域電訊有限公司 (APID 01457),已登記的WiFi 熱點: 環球全域電訊有限公司 (APID 01457),majorDestination,已登記的WiFi 熱點: 環球全域電訊有限公司 (APID 01457),,,,,,1,true
已登記的WiFi 熱點: 環球全域電訊有限公司 (APID 01456),已登記的WiFi 熱點: 環球全域電訊有限公司 (APID 01456),majorDestination,已登記的WiFi 熱點: 環球全域電訊有限公司 (APID 01456),,,,,,1,true
已登記的WiFi 熱點: 環球全域電訊有限公司 (APID 01455),已登記的WiFi 熱點: 環球全域電訊有限公司 (APID 01455),majorDestination,已登記的WiFi 熱點: 環球全域電訊有限公司 (APID 01455),,,,,,1,true
已登記的WiFi 熱點: 環球全域電訊有限公司 (APID 01459),已登記的WiFi 熱點: 環球全域電訊有限公司 (APID 01459),majorDestination,已登記的WiFi 熱點: 環球全域電訊有限公司 (APID 01459),,,,,,1,true
已登記的WiFi 熱點: 環球全域電訊有限公司 (APID 01458),已登記的WiFi 熱點: 環球全域電訊有限公司 (APID 01458),majorDestination,已登記的WiFi 熱點: 環球全域電訊有限公司 (APID 01458),,,,,,1,true
已登記的WiFi 熱點: 環球全域電訊有限公司 (APID 01177),已登記的WiFi 熱點: 環球全域電訊有限公司 (APID 01177),majorDestination,已登記的WiFi 熱點: 環球全域電訊有限公司 (APID 01177),,,,,,1,true
金山輪船國際有限公司,金山輪船國際有限公司,majorDestination,金山輪船國際有限公司,,,,,,1,true
捷成汽車有限公司 (紅磡),捷成汽車有限公司 (紅磡),majorDestination,捷成汽車有限公司 (紅磡),,,,,,1,true
摩納哥 - 名譽領事館,摩納哥 - 名譽領事館,majorDestination,摩納哥 - 名譽領事館,,,,,,1,true
澳大利亞 - 總領事館,澳大利亞 - 總領事館,majorDestination,澳大利亞 - 總領事館,,,,,,1,true
捷成汽車有限公司,捷成汽車有限公司,majorDestination,捷成汽車有限公司,,,,,,1,true
已登記的WiFi 熱點: Y5ZONE Limited (APID 08354),已登記的WiFi 熱點: Y5ZONE Limited (APID 08354),majorDestination,已登記的WiFi 熱點: Y5ZONE Limited (APID 08354),,,,,,1,true
已登記的WiFi 熱點: Y5ZONE Limited (APID 08803),已登記的WiFi 熱點: Y5ZONE Limited (APID 08803),majorDestination,已登記的WiFi 熱點: Y5ZONE Limited (APID 08803),,,,,,1,true
已登記的WiFi 熱點: Hong Kong Telecommunications (HKT) Limited (APID 05639),已登記的WiFi 熱點: Hong Kong Telecommunications (HKT) Limited (APID 05639),majorDestination,已登記的WiFi 熱點: Hong Kong Telecommunications (HKT) Limited (APID 05639),,,,,,1,true
已登記的WiFi 熱點: Sunevision Super E-Network Limited (APID 07699),已登記的WiFi 熱點: Sunevision Super E-Network Limited (APID 07699),majorDestination,已登記的WiFi 熱點: Sunevision Super E-Network Limited (APID 07699),,,,,,1,true
已登記的WiFi 熱點: 香港寬頻網絡有限公司 (APID 03317),已登記的WiFi 熱點: 香港寬頻網絡有限公司 (APID 03317),majorDestination,已登記的WiFi 熱點: 香港寬頻網絡有限公司 (APID 03317),,,,,,1,true
已登記的WiFi 熱點: Y5ZONE Limited (APID 08353),已登記的WiFi 熱點: Y5ZONE Limited (APID 08353),majorDestination,已登記的WiFi 熱點: Y5ZONE Limited (APID 08353),,,,,,1,true
已登記的WiFi 熱點: Y5ZONE Limited (APID 08804),已登記的WiFi 熱點: Y5ZONE Limited (APID 08804),majorDestination,已登記的WiFi 熱點: Y5ZONE Limited (APID 08804),,,,,,1,true
已登記的WiFi 熱點: Y5ZONE Limited (APID 08351),已登記的WiFi 熱點: Y5ZONE Limited (APID 08351),majorDestination,已登記的WiFi 熱點: Y5ZONE Limited (APID 08351),,,,,,1,true
已登記的WiFi 熱點: Y5ZONE Limited (APID 08352),已登記的WiFi 熱點: Y5ZONE Limited (APID 08352),majorDestination,已登記的WiFi 熱點: Y5ZONE Limited (APID 08352),,,,,,1,true
海璇第1座,海璇第1座,majorDestination,海璇第1座,,,,,,1,true
海璇第2座,海璇第2座,majorDestination,海璇第2座,,,,,,1,true
海璇第3座,海璇第3座,majorDestination,海璇第3座,,,,,,1,true
海璇第5座,海璇第5座,majorDestination,海璇第5座,,,,,,1,true
海璇第5A座,海璇第5A座,majorDestination,海璇第5A座,,,,,,1,true
海璇第6座,海璇第6座,majorDestination,海璇第6座,,,,,,1,true
維港·星岸第三座,維港·星岸第三座,majorDestination,維港·星岸第三座,,,,,,1,true
維港·星岸第五座,維港·星岸第五座,majorDestination,維港·星岸第五座,,,,,,1,true
中西區民政事務處,中西區民政事務處,majorDestination,中西區民政事務處,,,,,,1,true
運輸署過境服務分組,運輸署過境服務分組,majorDestination,運輸署過境服務分組,,,,,,1,true
離島民政事務處,離島民政事務處,majorDestination,離島民政事務處,,,,,,1,true
中西南及離島區褔利辦事處,中西南及離島區褔利辦事處,majorDestination,中西南及離島區褔利辦事處,,,,,,1,true
編號44郵箱,編號44郵箱,majorDestination,編號44郵箱,,,,,,1,true
Wi-Fi.HK 熱點位置: 離島區議會,Wi-Fi.HK 熱點位置: 離島區議會,majorDestination,Wi-Fi.HK 熱點位置: 離島區議會,,,,,,1,true
Wi-Fi.HK 熱點位置: 中西區區議會,Wi-Fi.HK 熱點位置: 中西區區議會,majorDestination,Wi-Fi.HK 熱點位置: 中西區區議會,,,,,,1,true
維港·星岸１號洋房,維港·星岸１號洋房,majorDestination,維港·星岸１號洋房,,,,,,1,true
維港·星岸１０號洋房,維港·星岸１０號洋房,majorDestination,維港·星岸１０號洋房,,,,,,1,true
維港·星岸２號洋房,維港·星岸２號洋房,majorDestination,維港·星岸２號洋房,,,,,,1,true
維港·星岸３號洋房,維港·星岸３號洋房,majorDestination,維港·星岸３號洋房,,,,,,1,true
維港·星岸５號洋房,維港·星岸５號洋房,majorDestination,維港·星岸５號洋房,,,,,,1,true
維港·星岸６號洋房,維港·星岸６號洋房,majorDestination,維港·星岸６號洋房,,,,,,1,true
維港·星岸７號洋房,維港·星岸７號洋房,majorDestination,維港·星岸７號洋房,,,,,,1,true
維港·星岸８號洋房,維港·星岸８號洋房,majorDestination,維港·星岸８號洋房,,,,,,1,true
維港·星岸９號洋房,維港·星岸９號洋房,majorDestination,維港·星岸９號洋房,,,,,,1,true
火石洲,火石洲,majorDestination,火石洲,,,,,,1,true
螺洲,螺洲,majorDestination,螺洲,,,,,,1,true
沙塘口山,沙塘口山,majorDestination,沙塘口山,,,,,,1,true
丫洲,丫洲,majorDestination,丫洲,,,,,,1,true
飯甑洲,飯甑洲,majorDestination,飯甑洲,,,,,,1,true
娥眉洲,娥眉洲,majorDestination,娥眉洲,,,,,,1,true
吉澳,吉澳,majorDestination,吉澳,,,,,,1,true
往灣洲,往灣洲,majorDestination,往灣洲,,,,,,1,true
塔門,塔門,majorDestination,塔門,,,,,,1,true
青洲,青洲,majorDestination,青洲,,,,,,1,true
糧船灣,糧船灣,majorDestination,糧船灣,,,,,,1,true
香島灣,香島灣,majorDestination,香島灣,,,,,,1,true
離島區,離島區,majorDestination,離島區,,,,,,1,true
吊鐘洲,吊鐘洲,majorDestination,吊鐘洲,,,,,,1,true
奇力島,奇力島,majorDestination,奇力島,,,,,,1,true
大嶼山,大嶼山,majorDestination,大嶼山,,,,,,1,true
火藥洲,火藥洲,majorDestination,火藥洲,,,,,,1,true
熨波洲,熨波洲,majorDestination,熨波洲,,,,,,1,true
龍珠島,龍珠島,majorDestination,龍珠島,,,,,,1,true
赤洲,赤洲,majorDestination,赤洲,,,,,,1,true
橋咀洲,橋咀洲,majorDestination,橋咀洲,,,,,,1,true
牛尾洲,牛尾洲,majorDestination,牛尾洲,,,,,,1,true
索罟群島,索罟群島,majorDestination,索罟群島,,,,,,1,true
昂船洲,昂船洲,majorDestination,昂船洲,,,,,,1,true
周公島,周公島,majorDestination,周公島,,,,,,1,true
伙頭墳洲,伙頭墳洲,majorDestination,伙頭墳洲,,,,,,1,true
大癩痢,大癩痢,majorDestination,大癩痢,,,,,,1,true
橫瀾島,橫瀾島,majorDestination,橫瀾島,,,,,,1,true
ISLAND GROVE,ISLAND GROVE,majorDestination,ISLAND GROVE,,,,,,1,true
ISLAND VIEW,ISLAND VIEW,majorDestination,ISLAND VIEW,,,,,,1,true
東果洲,東果洲,majorDestination,東果洲,,,,,,1,true
萬宜水庫,萬宜水庫,majorDestination,萬宜水庫,,,,,,1,true
香港島,香港島,majorDestination,香港島,,,,,,1,true
東區走廊,東區走廊,majorDestination,東區走廊,,,,,,1,true
香島汽車有限公司,香島汽車有限公司,majorDestination,香島汽車有限公司,,,,,,1,true
小青洲,小青洲,majorDestination,小青洲,,,,,,1,true
前政務司官邸,前政務司官邸,majorDestination,前政務司官邸,,,,,,1,true
大埔元洲仔前政務司官邸,大埔元洲仔前政務司官邸,majorDestination,大埔元洲仔前政務司官邸,,,,,,1,true
元洲仔前新界政務司官邸 (別稱),元洲仔前新界政務司官邸 (別稱),majorDestination,元洲仔前新界政務司官邸 (別稱),,,,,,1,true
大王爺,大王爺,majorDestination,大王爺,,,,,,1,true
香島,香島,majorDestination,香島,,,,,,1,true
香島第1座,香島第1座,majorDestination,香島第1座,,,,,,1,true
香島第2座,香島第2座,majorDestination,香島第2座,,,,,,1,true
香島第3座,香島第3座,majorDestination,香島第3座,,,,,,1,true
香島第5座,香島第5座,majorDestination,香島第5座,,,,,,1,true
香島 (南豐物業管理),香島 (南豐物業管理),majorDestination,香島 (南豐物業管理),,,,,,1,true
編號139郵箱,編號139郵箱,majorDestination,編號139郵箱,,,,,,1,true
富匯半島,富匯半島,majorDestination,富匯半島,,,,,,1,true
富滙半島,富滙半島,majorDestination,富滙半島,,,,,,1,true
加州豪園,加州豪園,majorDestination,加州豪園,,,,,,1,true
帝御．金灣,帝御．金灣,majorDestination,帝御．金灣,,,,,,1,true
帝御．嵐天,帝御．嵐天,majorDestination,帝御．嵐天,,,,,,1,true
帝御．星濤,帝御．星濤,majorDestination,帝御．星濤,,,,,,1,true
君爵堡會所,君爵堡會所,majorDestination,君爵堡會所,,,,,,1,true
雋巒,雋巒,majorDestination,雋巒,,,,,,1,true
御豪山莊第一座,御豪山莊第一座,majorDestination,御豪山莊第一座,,,,,,1,true
御豪山莊第十一座,御豪山莊第十一座,majorDestination,御豪山莊第十一座,,,,,,1,true
御豪山莊第二座,御豪山莊第二座,majorDestination,御豪山莊第二座,,,,,,1,true
御豪山莊第三座,御豪山莊第三座,majorDestination,御豪山莊第三座,,,,,,1,true
御豪山莊第五座,御豪山莊第五座,majorDestination,御豪山莊第五座,,,,,,1,true
御豪山莊第六座,御豪山莊第六座,majorDestination,御豪山莊第六座,,,,,,1,true
御豪山莊第七座,御豪山莊第七座,majorDestination,御豪山莊第七座,,,,,,1,true
御豪山莊第八座,御豪山莊第八座,majorDestination,御豪山莊第八座,,,,,,1,true
御豪山莊第九座,御豪山莊第九座,majorDestination,御豪山莊第九座,,,,,,1,true
富匯豪庭第1座,富匯豪庭第1座,majorDestination,富匯豪庭第1座,,,,,,1,true
富匯豪庭第2座,富匯豪庭第2座,majorDestination,富匯豪庭第2座,,,,,,1,true
帝御·金灣第３座,帝御·金灣第３座,majorDestination,帝御·金灣第３座,,,,,,1,true
帝御·金灣第５座,帝御·金灣第５座,majorDestination,帝御·金灣第５座,,,,,,1,true
帝御·嵐天第６座,帝御·嵐天第６座,majorDestination,帝御·嵐天第６座,,,,,,1,true
帝御·嵐天第７座,帝御·嵐天第７座,majorDestination,帝御·嵐天第７座,,,,,,1,true
帝御·星濤第１座,帝御·星濤第１座,majorDestination,帝御·星濤第１座,,,,,,1,true
帝御·星濤第２座,帝御·星濤第２座,majorDestination,帝御·星濤第２座,,,,,,1,true
御庭園,御庭園,majorDestination,御庭園,,,,,,1,true
新光黃埔,新光黃埔,majorDestination,新光黃埔,,,,,,1,true
富民大葯房有限公司,富民大葯房有限公司,majorDestination,富民大葯房有限公司,,,,,,1,true
已登記的WiFi 熱點: 環球全域電訊有限公司 (APID 01757),已登記的WiFi 熱點: 環球全域電訊有限公司 (APID 01757),majorDestination,已登記的WiFi 熱點: 環球全域電訊有限公司 (APID 01757),,,,,,1,true
已登記的WiFi 熱點: 香港電話有限公司 (APID 07428),已登記的WiFi 熱點: 香港電話有限公司 (APID 07428),majorDestination,已登記的WiFi 熱點: 香港電話有限公司 (APID 07428),,,,,,1,true
已登記的WiFi 熱點: Hong Kong Telecommunications (HKT) Limited (APID 05961),已登記的WiFi 熱點: Hong Kong Telecommunications (HKT) Limited (APID 05961),majorDestination,已登記的WiFi 熱點: Hong Kong Telecommunications (HKT) Limited (APID 05961),,,,,,1,true
已登記的WiFi 熱點: 環球全域電訊有限公司 (APID 01998),已登記的WiFi 熱點: 環球全域電訊有限公司 (APID 01998),majorDestination,已登記的WiFi 熱點: 環球全域電訊有限公司 (APID 01998),,,,,,1,true
已登記的WiFi 熱點: 環球全域電訊有限公司 (APID 01999),已登記的WiFi 熱點: 環球全域電訊有限公司 (APID 01999),majorDestination,已登記的WiFi 熱點: 環球全域電訊有限公司 (APID 01999),,,,,,1,true
已登記的WiFi 熱點: 香港寬頻網絡有限公司 (APID 04329),已登記的WiFi 熱點: 香港寬頻網絡有限公司 (APID 04329),majorDestination,已登記的WiFi 熱點: 香港寬頻網絡有限公司 (APID 04329),,,,,,1,true
中草藥園,中草藥園,majorDestination,中草藥園,,,,,,1,true
君逸琚,君逸琚,majorDestination,君逸琚,,,,,,1,true
景泰寓,景泰寓,majorDestination,景泰寓,,,,,,1,true
盈豐園第一座,盈豐園第一座,majorDestination,盈豐園第一座,,,,,,1,true
盈豐園第二座,盈豐園第二座,majorDestination,盈豐園第二座,,,,,,1,true
豐景園第一座,豐景園第一座,majorDestination,豐景園第一座,,,,,,1,true
豐景園第二座,豐景園第二座,majorDestination,豐景園第二座,,,,,,1,true
豐景園第三座,豐景園第三座,majorDestination,豐景園第三座,,,,,,1,true
豐景園第四座,豐景園第四座,majorDestination,豐景園第四座,,,,,,1,true
永興樓,永興樓,majorDestination,永興樓,,,,,,1,true
西環玫瑰園護老院,西環玫瑰園護老院,majorDestination,西環玫瑰園護老院,,,,,,1,true
喜來園別墅,喜來園別墅,majorDestination,喜來園別墅,,,,,,1,true
玫瑰園小築,玫瑰園小築,majorDestination,玫瑰園小築,,,,,,1,true
比利時 - 總領事館,比利時 - 總領事館,majorDestination,比利時 - 總領事館,,,,,,1,true
歐洲聯盟駐香港辦事處,歐洲聯盟駐香港辦事處,majorDestination,歐洲聯盟駐香港辦事處,,,,,,1,true
護老樂(富怡),護老樂(富怡),majorDestination,護老樂(富怡),,,,,,1,true
已登記的WiFi 熱點: Hong Kong Telecommunications (HKT) Limited (APID 05563),已登記的WiFi 熱點: Hong Kong Telecommunications (HKT) Limited (APID 05563),majorDestination,已登記的WiFi 熱點: Hong Kong Telecommunications (HKT) Limited (APID 05563),,,,,,1,true
已登記的WiFi 熱點: 環球全域電訊有限公司 (APID 01004),已登記的WiFi 熱點: 環球全域電訊有限公司 (APID 01004),majorDestination,已登記的WiFi 熱點: 環球全域電訊有限公司 (APID 01004),,,,,,1,true
觀塘家品店,觀塘家品店,majorDestination,觀塘家品店,,,,,,1,true
偉邦物業管理有限公司,偉邦物業管理有限公司,majorDestination,偉邦物業管理有限公司,,,,,,1,true
粉嶺康樂公園 - 木蘭園及兒童遊樂場側的涼亭,粉嶺康樂公園 - 木蘭園及兒童遊樂場側的涼亭,majorDestination,粉嶺康樂公園 - 木蘭園及兒童遊樂場側的涼亭,,,,,,1,true
香港青少年服務處 - 小麥田,香港青少年服務處 - 小麥田,majorDestination,香港青少年服務處 - 小麥田,,,,,,1,true
嘉瑞園護養院,嘉瑞園護養院,majorDestination,嘉瑞園護養院,,,,,,1,true
勝豐園,勝豐園,majorDestination,勝豐園,,,,,,1,true
勝豐園B座,勝豐園B座,majorDestination,勝豐園B座,,,,,,1,true
生命頌浸信會,生命頌浸信會,majorDestination,生命頌浸信會,,,,,,1,true
7-11便利店-青衣,7-11便利店-青衣,majorDestination,7-11便利店-青衣,,,,,,1,true
永興大藥房,永興大藥房,majorDestination,永興大藥房,,,,,,1,true
國際農場,國際農場,majorDestination,國際農場,,,,,,1,true
INTERNATIONAL 紅磡國際都會,INTERNATIONAL 紅磡國際都會,majorDestination,INTERNATIONAL 紅磡國際都會,,,,,,1,true
INTERNATIONAL 上水匯,INTERNATIONAL 上水匯,majorDestination,INTERNATIONAL 上水匯,,,,,,1,true
編號443郵箱,編號443郵箱,majorDestination,編號443郵箱,,,,,,1,true
駿逸薈,駿逸薈,majorDestination,駿逸薈,,,,,,1,true
已登記的WiFi 熱點: 香港寬頻網絡有限公司 (APID 03151),已登記的WiFi 熱點: 香港寬頻網絡有限公司 (APID 03151),majorDestination,已登記的WiFi 熱點: 香港寬頻網絡有限公司 (APID 03151),,,,,,1,true
已登記的WiFi 熱點: Y5ZONE Limited (APID 08256),已登記的WiFi 熱點: Y5ZONE Limited (APID 08256),majorDestination,已登記的WiFi 熱點: Y5ZONE Limited (APID 08256),,,,,,1,true
國際生舍堂一座,國際生舍堂一座,majorDestination,國際生舍堂一座,,,,,,1,true
國際生舍堂二座,國際生舍堂二座,majorDestination,國際生舍堂二座,,,,,,1,true
香港中華基督教青年會香港會所,香港中華基督教青年會香港會所,majorDestination,香港中華基督教青年會香港會所,,,,,,1,true
國際橋警崗,國際橋警崗,majorDestination,國際橋警崗,,,,,,1,true
威寶國際幼兒園,威寶國際幼兒園,majorDestination,威寶國際幼兒園,,,,,,1,true
安基司國際幼兒園(滌濤山),安基司國際幼兒園(滌濤山),majorDestination,安基司國際幼兒園(滌濤山),,,,,,1,true
香港國際貨櫃碼頭有限公司,香港國際貨櫃碼頭有限公司,majorDestination,香港國際貨櫃碼頭有限公司,,,,,,1,true
耀中國際幼兒園,耀中國際幼兒園,majorDestination,耀中國際幼兒園,,,,,,1,true
龍堡國際,龍堡國際,majorDestination,龍堡國際,,,,,,1,true
匯泉國際實業有限公司,匯泉國際實業有限公司,majorDestination,匯泉國際實業有限公司,,,,,,1,true
洪發膠輪電池(火炭)有限公司,洪發膠輪電池(火炭)有限公司,majorDestination,洪發膠輪電池(火炭)有限公司,,,,,,1,true
Discovery of Ancient World,Discovery of Ancient World,majorDestination,Discovery of Ancient World,,,,,,1,true
愉景新城第1座,愉景新城第1座,majorDestination,愉景新城第1座,,,,,,1,true
愉景新城第10座,愉景新城第10座,majorDestination,愉景新城第10座,,,,,,1,true
愉景新城第11座,愉景新城第11座,majorDestination,愉景新城第11座,,,,,,1,true
愉景新城第12座,愉景新城第12座,majorDestination,愉景新城第12座,,,,,,1,true
愉景新城第2座,愉景新城第2座,majorDestination,愉景新城第2座,,,,,,1,true
愉景新城第3座,愉景新城第3座,majorDestination,愉景新城第3座,,,,,,1,true
愉景新城第4座,愉景新城第4座,majorDestination,愉景新城第4座,,,,,,1,true
愉景新城第5座,愉景新城第5座,majorDestination,愉景新城第5座,,,,,,1,true
愉景新城第6座,愉景新城第6座,majorDestination,愉景新城第6座,,,,,,1,true
愉景新城第7座,愉景新城第7座,majorDestination,愉景新城第7座,,,,,,1,true
愉景新城第8座,愉景新城第8座,majorDestination,愉景新城第8座,,,,,,1,true
愉景新城第9座,愉景新城第9座,majorDestination,愉景新城第9座,,,,,,1,true
愉景灣渡輪碼頭,愉景灣渡輪碼頭,majorDestination,愉景灣渡輪碼頭,,,,,,1,true
愉景灣高爾夫球會,愉景灣高爾夫球會,majorDestination,愉景灣高爾夫球會,,,,,,1,true
愉景灣遊艇會,愉景灣遊艇會,majorDestination,愉景灣遊艇會,,,,,,1,true
愉景灣第18期,愉景灣第18期,majorDestination,愉景灣第18期,,,,,,1,true
香港文物探知館,香港文物探知館,majorDestination,香港文物探知館,,,,,,1,true
香港聯合國教科文組織世界地質公園火山探知館,香港聯合國教科文組織世界地質公園火山探知館,majorDestination,香港聯合國教科文組織世界地質公園火山探知館,,,,,,1,true
拉闊自然專業生態導賞遊,拉闊自然專業生態導賞遊,majorDestination,拉闊自然專業生態導賞遊,,,,,,1,true
Wi-Fi.HK 熱點位置: 香港文物探知館,Wi-Fi.HK 熱點位置: 香港文物探知館,majorDestination,Wi-Fi.HK 熱點位置: 香港文物探知館,,,,,,1,true
利好西藥房,利好西藥房,majorDestination,利好西藥房,,,,,,1,true
潘兆康醫生醫務所,潘兆康醫生醫務所,majorDestination,潘兆康醫生醫務所,,,,,,1,true
西醫何漢輝醫務所,西醫何漢輝醫務所,majorDestination,西醫何漢輝醫務所,,,,,,1,true
已登記的WiFi 熱點: 香港寬頻網絡有限公司 (APID 03038),已登記的WiFi 熱點: 香港寬頻網絡有限公司 (APID 03038),majorDestination,已登記的WiFi 熱點: 香港寬頻網絡有限公司 (APID 03038),,,,,,1,true
已登記的WiFi 熱點: 香港寬頻網絡有限公司 (APID 03041),已登記的WiFi 熱點: 香港寬頻網絡有限公司 (APID 03041),majorDestination,已登記的WiFi 熱點: 香港寬頻網絡有限公司 (APID 03041),,,,,,1,true
已登記的WiFi 熱點: Y5ZONE Limited (APID 08226),已登記的WiFi 熱點: Y5ZONE Limited (APID 08226),majorDestination,已登記的WiFi 熱點: Y5ZONE Limited (APID 08226),,,,,,1,true
已登記的WiFi 熱點: 香港寬頻網絡有限公司 (APID 03039),已登記的WiFi 熱點: 香港寬頻網絡有限公司 (APID 03039),majorDestination,已登記的WiFi 熱點: 香港寬頻網絡有限公司 (APID 03039),,,,,,1,true
已登記的WiFi 熱點: 香港寬頻網絡有限公司 (APID 03040),已登記的WiFi 熱點: 香港寬頻網絡有限公司 (APID 03040),majorDestination,已登記的WiFi 熱點: 香港寬頻網絡有限公司 (APID 03040),,,,,,1,true
已登記的WiFi 熱點: 香港寬頻網絡有限公司 (APID 03044),已登記的WiFi 熱點: 香港寬頻網絡有限公司 (APID 03044),majorDestination,已登記的WiFi 熱點: 香港寬頻網絡有限公司 (APID 03044),,,,,,1,true
已登記的WiFi 熱點: 香港寬頻網絡有限公司 (APID 03045),已登記的WiFi 熱點: 香港寬頻網絡有限公司 (APID 03045),majorDestination,已登記的WiFi 熱點: 香港寬頻網絡有限公司 (APID 03045),,,,,,1,true
已登記的WiFi 熱點: 香港寬頻網絡有限公司 (APID 03047),已登記的WiFi 熱點: 香港寬頻網絡有限公司 (APID 03047),majorDestination,已登記的WiFi 熱點: 香港寬頻網絡有限公司 (APID 03047),,,,,,1,true
已登記的WiFi 熱點: 香港寬頻網絡有限公司 (APID 03048),已登記的WiFi 熱點: 香港寬頻網絡有限公司 (APID 03048),majorDestination,已登記的WiFi 熱點: 香港寬頻網絡有限公司 (APID 03048),,,,,,1,true
已登記的WiFi 熱點: 香港寬頻網絡有限公司 (APID 03043),已登記的WiFi 熱點: 香港寬頻網絡有限公司 (APID 03043),majorDestination,已登記的WiFi 熱點: 香港寬頻網絡有限公司 (APID 03043),,,,,,1,true
已登記的WiFi 熱點: Hong Kong Telecommunications (HKT) Limited (APID 05331),已登記的WiFi 熱點: Hong Kong Telecommunications (HKT) Limited (APID 05331),majorDestination,已登記的WiFi 熱點: Hong Kong Telecommunications (HKT) Limited (APID 05331),,,,,,1,true
已登記的WiFi 熱點: 香港寬頻網絡有限公司 (APID 03042),已登記的WiFi 熱點: 香港寬頻網絡有限公司 (APID 03042),majorDestination,已登記的WiFi 熱點: 香港寬頻網絡有限公司 (APID 03042),,,,,,1,true
已登記的WiFi 熱點: 環球全域電訊有限公司 (APID 00767),已登記的WiFi 熱點: 環球全域電訊有限公司 (APID 00767),majorDestination,已登記的WiFi 熱點: 環球全域電訊有限公司 (APID 00767),,,,,,1,true
已登記的WiFi 熱點: 香港寬頻網絡有限公司 (APID 03046),已登記的WiFi 熱點: 香港寬頻網絡有限公司 (APID 03046),majorDestination,已登記的WiFi 熱點: 香港寬頻網絡有限公司 (APID 03046),,,,,,1,true
已登記的WiFi 熱點: Y5ZONE Limited (APID 08223),已登記的WiFi 熱點: Y5ZONE Limited (APID 08223),majorDestination,已登記的WiFi 熱點: Y5ZONE Limited (APID 08223),,,,,,1,true
已登記的WiFi 熱點: Y5ZONE Limited (APID 08230),已登記的WiFi 熱點: Y5ZONE Limited (APID 08230),majorDestination,已登記的WiFi 熱點: Y5ZONE Limited (APID 08230),,,,,,1,true
已登記的WiFi 熱點: Hong Kong Telecommunications (HKT) Limited (APID 05336),已登記的WiFi 熱點: Hong Kong Telecommunications (HKT) Limited (APID 05336),majorDestination,已登記的WiFi 熱點: Hong Kong Telecommunications (HKT) Limited (APID 05336),,,,,,1,true
幸福傲創,幸福傲創,majorDestination,幸福傲創,,,,,,1,true
愛德(鳳琴)安老院有限公司,愛德(鳳琴)安老院有限公司,majorDestination,愛德(鳳琴)安老院有限公司,,,,,,1,true
已登記的WiFi 熱點: Hong Kong Telecommunications (HKT) Limited (APID 04660),已登記的WiFi 熱點: Hong Kong Telecommunications (HKT) Limited (APID 04660),majorDestination,已登記的WiFi 熱點: Hong Kong Telecommunications (HKT) Limited (APID 04660),,,,,,1,true
已登記的WiFi 熱點: 環球全域電訊有限公司 (APID 01125),已登記的WiFi 熱點: 環球全域電訊有限公司 (APID 01125),majorDestination,已登記的WiFi 熱點: 環球全域電訊有限公司 (APID 01125),,,,,,1,true
好運樓,好運樓,majorDestination,好運樓,,,,,,1,true
吉利洋樓,吉利洋樓,majorDestination,吉利洋樓,,,,,,1,true
好運唐樓,好運唐樓,majorDestination,好運唐樓,,,,,,1,true
已登記的WiFi 熱點: 香港寬頻網絡有限公司 (APID 02726),已登記的WiFi 熱點: 香港寬頻網絡有限公司 (APID 02726),majorDestination,已登記的WiFi 熱點: 香港寬頻網絡有限公司 (APID 02726),,,,,,1,true
福明樓,福明樓,majorDestination,福明樓,,,,,,1,true
福日樓,福日樓,majorDestination,福日樓,,,,,,1,true
福月樓,福月樓,majorDestination,福月樓,,,,,,1,true
已登記的WiFi 熱點: 香港寬頻網絡有限公司 (APID 02856),已登記的WiFi 熱點: 香港寬頻網絡有限公司 (APID 02856),majorDestination,已登記的WiFi 熱點: 香港寬頻網絡有限公司 (APID 02856),,,,,,1,true
已登記的WiFi 熱點: 香港寬頻網絡有限公司 (APID 02857),已登記的WiFi 熱點: 香港寬頻網絡有限公司 (APID 02857),majorDestination,已登記的WiFi 熱點: 香港寬頻網絡有限公司 (APID 02857),,,,,,1,true
已登記的WiFi 熱點: 香港寬頻網絡有限公司 (APID 02866),已登記的WiFi 熱點: 香港寬頻網絡有限公司 (APID 02866),majorDestination,已登記的WiFi 熱點: 香港寬頻網絡有限公司 (APID 02866),,,,,,1,true
已登記的WiFi 熱點: Hong Kong Telecommunications (HKT) Limited (APID 05070),已登記的WiFi 熱點: Hong Kong Telecommunications (HKT) Limited (APID 05070),majorDestination,已登記的WiFi 熱點: Hong Kong Telecommunications (HKT) Limited (APID 05070),,,,,,1,true
已登記的WiFi 熱點: 香港寬頻網絡有限公司 (APID 02871),已登記的WiFi 熱點: 香港寬頻網絡有限公司 (APID 02871),majorDestination,已登記的WiFi 熱點: 香港寬頻網絡有限公司 (APID 02871),,,,,,1,true
聖雅各福群會露宿者綜合服務隊,聖雅各福群會露宿者綜合服務隊,majorDestination,聖雅各福群會露宿者綜合服務隊,,,,,,1,true
卓爾華庭,卓爾華庭,majorDestination,卓爾華庭,,,,,,1,true
寧興樓,寧興樓,majorDestination,寧興樓,,,,,,1,true
滙豐業昕堂,滙豐業昕堂,majorDestination,滙豐業昕堂,,,,,,1,true
豐盛汽車服務有限公司,豐盛汽車服務有限公司,majorDestination,豐盛汽車服務有限公司,,,,,,1,true
華欣綜合服務社,華欣綜合服務社,majorDestination,華欣綜合服務社,,,,,,1,true
已登記的WiFi 熱點: 香港寬頻網絡有限公司 (APID 02379),已登記的WiFi 熱點: 香港寬頻網絡有限公司 (APID 02379),majorDestination,已登記的WiFi 熱點: 香港寬頻網絡有限公司 (APID 02379),,,,,,1,true
已登記的WiFi 熱點: Y5ZONE Limited (APID 07985),已登記的WiFi 熱點: Y5ZONE Limited (APID 07985),majorDestination,已登記的WiFi 熱點: Y5ZONE Limited (APID 07985),,,,,,1,true
已登記的WiFi 熱點: Hong Kong Telecommunications (HKT) Limited (APID 04801),已登記的WiFi 熱點: Hong Kong Telecommunications (HKT) Limited (APID 04801),majorDestination,已登記的WiFi 熱點: Hong Kong Telecommunications (HKT) Limited (APID 04801),,,,,,1,true
已登記的WiFi 熱點: Y5ZONE Limited (APID 08155),已登記的WiFi 熱點: Y5ZONE Limited (APID 08155),majorDestination,已登記的WiFi 熱點: Y5ZONE Limited (APID 08155),,,,,,1,true
已登記的WiFi 熱點: 香港寬頻網絡有限公司 (APID 02902),已登記的WiFi 熱點: 香港寬頻網絡有限公司 (APID 02902),majorDestination,已登記的WiFi 熱點: 香港寬頻網絡有限公司 (APID 02902),,,,,,1,true
已登記的WiFi 熱點: 香港電話有限公司 (APID 06919),已登記的WiFi 熱點: 香港電話有限公司 (APID 06919),majorDestination,已登記的WiFi 熱點: 香港電話有限公司 (APID 06919),,,,,,1,true
已登記的WiFi 熱點: Y5ZONE Limited (APID 08746),已登記的WiFi 熱點: Y5ZONE Limited (APID 08746),majorDestination,已登記的WiFi 熱點: Y5ZONE Limited (APID 08746),,,,,,1,true
已登記的WiFi 熱點: 香港寬頻網絡有限公司 (APID 04356),已登記的WiFi 熱點: 香港寬頻網絡有限公司 (APID 04356),majorDestination,已登記的WiFi 熱點: 香港寬頻網絡有限公司 (APID 04356),,,,,,1,true
已登記的WiFi 熱點: Hong Kong Telecommunications (HKT) Limited (APID 05376),已登記的WiFi 熱點: Hong Kong Telecommunications (HKT) Limited (APID 05376),majorDestination,已登記的WiFi 熱點: Hong Kong Telecommunications (HKT) Limited (APID 05376),,,,,,1,true
已登記的WiFi 熱點: Hong Kong Telecommunications (HKT) Limited (APID 05341),已登記的WiFi 熱點: Hong Kong Telecommunications (HKT) Limited (APID 05341),majorDestination,已登記的WiFi 熱點: Hong Kong Telecommunications (HKT) Limited (APID 05341),,,,,,1,true
耆妙展翅計劃,耆妙展翅計劃,majorDestination,耆妙展翅計劃,,,,,,1,true
已登記的WiFi 熱點: Y5ZONE Limited (APID 08201),已登記的WiFi 熱點: Y5ZONE Limited (APID 08201),majorDestination,已登記的WiFi 熱點: Y5ZONE Limited (APID 08201),,,,,,1,true
已登記的WiFi 熱點: 香港寬頻網絡有限公司 (APID 03005),已登記的WiFi 熱點: 香港寬頻網絡有限公司 (APID 03005),majorDestination,已登記的WiFi 熱點: 香港寬頻網絡有限公司 (APID 03005),,,,,,1,true
已登記的WiFi 熱點: 環球全域電訊有限公司 (APID 00482),已登記的WiFi 熱點: 環球全域電訊有限公司 (APID 00482),majorDestination,已登記的WiFi 熱點: 環球全域電訊有限公司 (APID 00482),,,,,,1,true
已登記的WiFi 熱點: 環球全域電訊有限公司 (APID 00483),已登記的WiFi 熱點: 環球全域電訊有限公司 (APID 00483),majorDestination,已登記的WiFi 熱點: 環球全域電訊有限公司 (APID 00483),,,,,,1,true
已登記的WiFi 熱點: 環球全域電訊有限公司 (APID 00484),已登記的WiFi 熱點: 環球全域電訊有限公司 (APID 00484),majorDestination,已登記的WiFi 熱點: 環球全域電訊有限公司 (APID 00484),,,,,,1,true
已登記的WiFi 熱點: 環球全域電訊有限公司 (APID 00485),已登記的WiFi 熱點: 環球全域電訊有限公司 (APID 00485),majorDestination,已登記的WiFi 熱點: 環球全域電訊有限公司 (APID 00485),,,,,,1,true
浪琴園1座,浪琴園1座,majorDestination,浪琴園1座,,,,,,1,true
浪琴園2座,浪琴園2座,majorDestination,浪琴園2座,,,,,,1,true
浪琴園3座,浪琴園3座,majorDestination,浪琴園3座,,,,,,1,true
浪琴園4座,浪琴園4座,majorDestination,浪琴園4座,,,,,,1,true
浪琴園5座,浪琴園5座,majorDestination,浪琴園5座,,,,,,1,true
九龍太平洋會,九龍太平洋會,majorDestination,九龍太平洋會,,,,,,1,true
太平洋遊樂會,太平洋遊樂會,majorDestination,太平洋遊樂會,,,,,,1,true
太平洋會,太平洋會,majorDestination,太平洋會,,,,,,1,true
太平行,太平行,majorDestination,太平行,,,,,,1,true
澤安樓,澤安樓,majorDestination,澤安樓,,,,,,1,true
李定豪醫生,李定豪醫生,majorDestination,李定豪醫生,,,,,,1,true
香港眼醫專科,香港眼醫專科,majorDestination,香港眼醫專科,,,,,,1,true
CHANNEL SURGICAL SERVICES LIMITED,CHANNEL SURGICAL SERVICES LIMITED,majorDestination,CHANNEL SURGICAL SERVICES LIMITED,,,,,,1,true
"本計劃委託之化驗所(尖沙咀), (樣本收集點)","本計劃委託之化驗所(尖沙咀), (樣本收集點)",majorDestination,"本計劃委託之化驗所(尖沙咀), (樣本收集點)",,,,,,1,true
文濠有限公司,文濠有限公司,majorDestination,文濠有限公司,,,,,,1,true
鄭慶輝醫生,鄭慶輝醫生,majorDestination,鄭慶輝醫生,,,,,,1,true
洪長錐醫生,洪長錐醫生,majorDestination,洪長錐醫生,,,,,,1,true
楊日華醫生,楊日華醫生,majorDestination,楊日華醫生,,,,,,1,true
李建業醫生醫務所,李建業醫生醫務所,majorDestination,李建業醫生醫務所,,,,,,1,true
楊日華醫生醫務所,楊日華醫生醫務所,majorDestination,楊日華醫生醫務所,,,,,,1,true
陳健進醫生,陳健進醫生,majorDestination,陳健進醫生,,,,,,1,true
已登記的WiFi 熱點: 環球全域電訊有限公司 (APID 02029),已登記的WiFi 熱點: 環球全域電訊有限公司 (APID 02029),majorDestination,已登記的WiFi 熱點: 環球全域電訊有限公司 (APID 02029),,,,,,1,true
已登記的WiFi 熱點: 環球全域電訊有限公司 (APID 02028),已登記的WiFi 熱點: 環球全域電訊有限公司 (APID 02028),majorDestination,已登記的WiFi 熱點: 環球全域電訊有限公司 (APID 02028),,,,,,1,true
已登記的WiFi 熱點: 環球全域電訊有限公司 (APID 00849),已登記的WiFi 熱點: 環球全域電訊有限公司 (APID 00849),majorDestination,已登記的WiFi 熱點: 環球全域電訊有限公司 (APID 00849),,,,,,1,true
已登記的WiFi 熱點: 環球全域電訊有限公司 (APID 00850),已登記的WiFi 熱點: 環球全域電訊有限公司 (APID 00850),majorDestination,已登記的WiFi 熱點: 環球全域電訊有限公司 (APID 00850),,,,,,1,true
已登記的WiFi 熱點: Hong Kong Telecommunications (HKT) Limited (APID 05495),已登記的WiFi 熱點: Hong Kong Telecommunications (HKT) Limited (APID 05495),majorDestination,已登記的WiFi 熱點: Hong Kong Telecommunications (HKT) Limited (APID 05495),,,,,,1,true
已登記的WiFi 熱點: Hong Kong Telecommunications (HKT) Limited (APID 05496),已登記的WiFi 熱點: Hong Kong Telecommunications (HKT) Limited (APID 05496),majorDestination,已登記的WiFi 熱點: Hong Kong Telecommunications (HKT) Limited (APID 05496),,,,,,1,true
Wi-Fi.HK 熱點位置: PCCW-HKT/csl專門店 (ID0001),Wi-Fi.HK 熱點位置: PCCW-HKT/csl專門店 (ID0001),majorDestination,Wi-Fi.HK 熱點位置: PCCW-HKT/csl專門店 (ID0001),,,,,,1,true
Wi-Fi.HK 熱點位置: PCCW-HKT / csl 專門店 (ID0002),Wi-Fi.HK 熱點位置: PCCW-HKT / csl 專門店 (ID0002),majorDestination,Wi-Fi.HK 熱點位置: PCCW-HKT / csl 專門店 (ID0002),,,,,,1,true
Wi-Fi.HK 熱點位置: PCCW-HKT / csl 專門店 (ID0003),Wi-Fi.HK 熱點位置: PCCW-HKT / csl 專門店 (ID0003),majorDestination,Wi-Fi.HK 熱點位置: PCCW-HKT / csl 專門店 (ID0003),,,,,,1,true
浪琴園,浪琴園,majorDestination,浪琴園,,,,,,1,true
THE CLUB @ DA VAULT,THE CLUB @ DA VAULT,majorDestination,THE CLUB @ DA VAULT,,,,,,1,true
已登記的WiFi 熱點: Y5ZONE Limited (APID 08228),已登記的WiFi 熱點: Y5ZONE Limited (APID 08228),majorDestination,已登記的WiFi 熱點: Y5ZONE Limited (APID 08228),,,,,,1,true
已登記的WiFi 熱點: 環球全域電訊有限公司 (APID 00280),已登記的WiFi 熱點: 環球全域電訊有限公司 (APID 00280),majorDestination,已登記的WiFi 熱點: 環球全域電訊有限公司 (APID 00280),,,,,,1,true
已登記的WiFi 熱點: 環球全域電訊有限公司 (APID 00281),已登記的WiFi 熱點: 環球全域電訊有限公司 (APID 00281),majorDestination,已登記的WiFi 熱點: 環球全域電訊有限公司 (APID 00281),,,,,,1,true
黃金泳灘,黃金泳灘,majorDestination,黃金泳灘,,,,,,1,true
黃金泳灘小食亭,黃金泳灘小食亭,majorDestination,黃金泳灘小食亭,,,,,,1,true
金灣海岸18號屋,金灣海岸18號屋,majorDestination,金灣海岸18號屋,,,,,,1,true
黃金泳灘辦事處,黃金泳灘辦事處,majorDestination,黃金泳灘辦事處,,,,,,1,true
金灣海岸1號屋,金灣海岸1號屋,majorDestination,金灣海岸1號屋,,,,,,1,true
已登記的WiFi 熱點: 香港寬頻網絡有限公司 (APID 02851),已登記的WiFi 熱點: 香港寬頻網絡有限公司 (APID 02851),majorDestination,已登記的WiFi 熱點: 香港寬頻網絡有限公司 (APID 02851),,,,,,1,true
已登記的WiFi 熱點: 香港電話有限公司 (APID 07114),已登記的WiFi 熱點: 香港電話有限公司 (APID 07114),majorDestination,已登記的WiFi 熱點: 香港電話有限公司 (APID 07114),,,,,,1,true
黃金樓,黃金樓,majorDestination,黃金樓,,,,,,1,true
大祥有限公司,大祥有限公司,majorDestination,大祥有限公司,,,,,,1,true
已登記的WiFi 熱點: 環球全域電訊有限公司 (APID 00711),已登記的WiFi 熱點: 環球全域電訊有限公司 (APID 00711),majorDestination,已登記的WiFi 熱點: 環球全域電訊有限公司 (APID 00711),,,,,,1,true
已登記的WiFi 熱點: 香港寬頻網絡有限公司 (APID 02987),已登記的WiFi 熱點: 香港寬頻網絡有限公司 (APID 02987),majorDestination,已登記的WiFi 熱點: 香港寬頻網絡有限公司 (APID 02987),,,,,,1,true
已登記的WiFi 熱點: 香港寬頻網絡有限公司 (APID 02988),已登記的WiFi 熱點: 香港寬頻網絡有限公司 (APID 02988),majorDestination,已登記的WiFi 熱點: 香港寬頻網絡有限公司 (APID 02988),,,,,,1,true
金明樓,金明樓,majorDestination,金明樓,,,,,,1,true
金灣海岸10號屋,金灣海岸10號屋,majorDestination,金灣海岸10號屋,,,,,,1,true
金灣海岸11號屋,金灣海岸11號屋,majorDestination,金灣海岸11號屋,,,,,,1,true
金灣海岸12號屋,金灣海岸12號屋,majorDestination,金灣海岸12號屋,,,,,,1,true
金灣海岸13號屋,金灣海岸13號屋,majorDestination,金灣海岸13號屋,,,,,,1,true
金灣海岸14號屋,金灣海岸14號屋,majorDestination,金灣海岸14號屋,,,,,,1,true
金灣海岸15號屋,金灣海岸15號屋,majorDestination,金灣海岸15號屋,,,,,,1,true
金灣海岸16號屋,金灣海岸16號屋,majorDestination,金灣海岸16號屋,,,,,,1,true
金灣海岸17號屋,金灣海岸17號屋,majorDestination,金灣海岸17號屋,,,,,,1,true
金灣海岸19號屋,金灣海岸19號屋,majorDestination,金灣海岸19號屋,,,,,,1,true
金灣海岸2號屋,金灣海岸2號屋,majorDestination,金灣海岸2號屋,,,,,,1,true
金灣海岸20號屋,金灣海岸20號屋,majorDestination,金灣海岸20號屋,,,,,,1,true
金灣海岸21號屋,金灣海岸21號屋,majorDestination,金灣海岸21號屋,,,,,,1,true
金灣海岸22號屋,金灣海岸22號屋,majorDestination,金灣海岸22號屋,,,,,,1,true
金灣海岸23號屋,金灣海岸23號屋,majorDestination,金灣海岸23號屋,,,,,,1,true
基督教香港信義會主恩堂,基督教香港信義會主恩堂,majorDestination,基督教香港信義會主恩堂,,,,,,1,true
已登記的WiFi 熱點: 香港電話有限公司 (APID 06844),已登記的WiFi 熱點: 香港電話有限公司 (APID 06844),majorDestination,已登記的WiFi 熱點: 香港電話有限公司 (APID 06844),,,,,,1,true
已登記的WiFi 熱點: Hong Kong Telecommunications (HKT) Limited (APID 04529),已登記的WiFi 熱點: Hong Kong Telecommunications (HKT) Limited (APID 04529),majorDestination,已登記的WiFi 熱點: Hong Kong Telecommunications (HKT) Limited (APID 04529),,,,,,1,true
已登記的WiFi 熱點: Hong Kong Telecommunications (HKT) Limited (APID 05978),已登記的WiFi 熱點: Hong Kong Telecommunications (HKT) Limited (APID 05978),majorDestination,已登記的WiFi 熱點: Hong Kong Telecommunications (HKT) Limited (APID 05978),,,,,,1,true
海暉汽車服務,海暉汽車服務,majorDestination,海暉汽車服務,,,,,,1,true
車專業汽車維修有限公司,車專業汽車維修有限公司,majorDestination,車專業汽車維修有限公司,,,,,,1,true
已登記的WiFi 熱點: Hong Kong Telecommunications (HKT) Limited (APID 04545),已登記的WiFi 熱點: Hong Kong Telecommunications (HKT) Limited (APID 04545),majorDestination,已登記的WiFi 熱點: Hong Kong Telecommunications (HKT) Limited (APID 04545),,,,,,1,true
銀湖.天峰,銀湖.天峰,majorDestination,銀湖.天峰,,,,,,1,true
銀湖天峰,銀湖天峰,majorDestination,銀湖天峰,,,,,,1,true
銀鑛灣,銀鑛灣,majorDestination,銀鑛灣,,,,,,1,true
銀礦洞,銀礦洞,majorDestination,銀礦洞,,,,,,1,true
銀巒別墅,銀巒別墅,majorDestination,銀巒別墅,,,,,,1,true
銀輝別墅,銀輝別墅,majorDestination,銀輝別墅,,,,,,1,true
銀湖·天峰第一座,銀湖·天峰第一座,majorDestination,銀湖·天峰第一座,,,,,,1,true
銀湖·天峰第二座,銀湖·天峰第二座,majorDestination,銀湖·天峰第二座,,,,,,1,true
銀湖·天峰第三座,銀湖·天峰第三座,majorDestination,銀湖·天峰第三座,,,,,,1,true
銀湖·天峰第五座,銀湖·天峰第五座,majorDestination,銀湖·天峰第五座,,,,,,1,true
銀湖·天峰第六座,銀湖·天峰第六座,majorDestination,銀湖·天峰第六座,,,,,,1,true
銀湖·天峰第七座,銀湖·天峰第七座,majorDestination,銀湖·天峰第七座,,,,,,1,true
銀湖·天峰第八座,銀湖·天峰第八座,majorDestination,銀湖·天峰第八座,,,,,,1,true
銀鑛灣泳灘,銀鑛灣泳灘,majorDestination,銀鑛灣泳灘,,,,,,1,true
綠在梅窩,綠在梅窩,majorDestination,綠在梅窩,,,,,,1,true
回收機構及收集點： 綠在梅窩,回收機構及收集點： 綠在梅窩,majorDestination,回收機構及收集點： 綠在梅窩,,,,,,1,true
一號銀海第一座,一號銀海第一座,majorDestination,一號銀海第一座,,,,,,1,true
一號銀海第二座,一號銀海第二座,majorDestination,一號銀海第二座,,,,,,1,true
一號銀海第三座,一號銀海第三座,majorDestination,一號銀海第三座,,,,,,1,true
一號銀海第五座,一號銀海第五座,majorDestination,一號銀海第五座,,,,,,1,true
一號銀海第六座,一號銀海第六座,majorDestination,一號銀海第六座,,,,,,1,true
一號銀海第七座,一號銀海第七座,majorDestination,一號銀海第七座,,,,,,1,true
一號銀海第八座,一號銀海第八座,majorDestination,一號銀海第八座,,,,,,1,true
銀巒別墅第1座,銀巒別墅第1座,majorDestination,銀巒別墅第1座,,,,,,1,true
銀巒別墅第2座,銀巒別墅第2座,majorDestination,銀巒別墅第2座,,,,,,1,true
銀巒別墅第3座,銀巒別墅第3座,majorDestination,銀巒別墅第3座,,,,,,1,true
銀巒別墅第4座,銀巒別墅第4座,majorDestination,銀巒別墅第4座,,,,,,1,true
瑜樂伽,瑜樂伽,majorDestination,瑜樂伽,,,,,,1,true
機場幼兒園,機場幼兒園,majorDestination,機場幼兒園,,,,,,1,true
機場停車場 - 輕型貨車(時租),機場停車場 - 輕型貨車(時租),majorDestination,機場停車場 - 輕型貨車(時租),,,,,,1,true
機場停車場 - 市區及大嶼山的士(時租),機場停車場 - 市區及大嶼山的士(時租),majorDestination,機場停車場 - 市區及大嶼山的士(時租),,,,,,1,true
機場停車場 - 輕型貨車(長期停放),機場停車場 - 輕型貨車(長期停放),majorDestination,機場停車場 - 輕型貨車(長期停放),,,,,,1,true
機場停車場 - 市區及大嶼山的士(長期停放),機場停車場 - 市區及大嶼山的士(長期停放),majorDestination,機場停車場 - 市區及大嶼山的士(長期停放),,,,,,1,true
溱璽,溱璽,majorDestination,溱璽,,,,,,1,true
Sea To Sky,Sea To Sky,majorDestination,Sea To Sky,,,,,,1,true
11 SKIES 南停車場,11 SKIES 南停車場,majorDestination,11 SKIES 南停車場,,,,,,1,true
11 SKIES,11 SKIES,majorDestination,11 SKIES,,,,,,1,true
SKY ONE,SKY ONE,majorDestination,SKY ONE,,,,,,1,true
天璽·天第１座,天璽·天第１座,majorDestination,天璽·天第１座,,,,,,1,true
天璽·天第２座,天璽·天第２座,majorDestination,天璽·天第２座,,,,,,1,true
天璽·天第３座,天璽·天第３座,majorDestination,天璽·天第３座,,,,,,1,true
天璽·天第５座,天璽·天第５座,majorDestination,天璽·天第５座,,,,,,1,true
天璽·天第６座,天璽·天第６座,majorDestination,天璽·天第６座,,,,,,1,true
海天峰1座,海天峰1座,majorDestination,海天峰1座,,,,,,1,true
海天峰2座,海天峰2座,majorDestination,海天峰2座,,,,,,1,true
K11 Atelier 11 SKIES 北停車場,K11 Atelier 11 SKIES 北停車場,majorDestination,K11 Atelier 11 SKIES 北停車場,,,,,,1,true
天璽．天,天璽．天,majorDestination,天璽．天,,,,,,1,true
雲頂峰,雲頂峰,majorDestination,雲頂峰,,,,,,1,true
摩天會所,摩天會所,majorDestination,摩天會所,,,,,,1,true
天鑽海,天鑽海,majorDestination,天鑽海,,,,,,1,true
天寓,天寓,majorDestination,天寓,,,,,,1,true
已登記的WiFi 熱點: 環球全域電訊有限公司 (APID 01172),已登記的WiFi 熱點: 環球全域電訊有限公司 (APID 01172),majorDestination,已登記的WiFi 熱點: 環球全域電訊有限公司 (APID 01172),,,,,,1,true
已登記的WiFi 熱點: 環球全域電訊有限公司 (APID 01165),已登記的WiFi 熱點: 環球全域電訊有限公司 (APID 01165),majorDestination,已登記的WiFi 熱點: 環球全域電訊有限公司 (APID 01165),,,,,,1,true
已登記的WiFi 熱點: 環球全域電訊有限公司 (APID 01171),已登記的WiFi 熱點: 環球全域電訊有限公司 (APID 01171),majorDestination,已登記的WiFi 熱點: 環球全域電訊有限公司 (APID 01171),,,,,,1,true
已登記的WiFi 熱點: Y5ZONE Limited (APID 08308),已登記的WiFi 熱點: Y5ZONE Limited (APID 08308),majorDestination,已登記的WiFi 熱點: Y5ZONE Limited (APID 08308),,,,,,1,true
海天別墅,海天別墅,majorDestination,海天別墅,,,,,,1,true
康乃馨旅館,康乃馨旅館,majorDestination,康乃馨旅館,,,,,,1,true
惠康,惠康,majorDestination,惠康,,,,,,1,true
康城,康城,majorDestination,康城,,,,,,1,true
兆康,兆康,majorDestination,兆康,,,,,,1,true
扶康會潔康之家,扶康會潔康之家,majorDestination,扶康會潔康之家,,,,,,1,true
扶康會長康之家,扶康會長康之家,majorDestination,扶康會長康之家,,,,,,1,true
康定舍,康定舍,majorDestination,康定舍,,,,,,1,true
康輝園,康輝園,majorDestination,康輝園,,,,,,1,true
福康園,福康園,majorDestination,福康園,,,,,,1,true
康祥樓,康祥樓,majorDestination,康祥樓,,,,,,1,true
惠康超級市場-長康,惠康超級市場-長康,majorDestination,惠康超級市場-長康,,,,,,1,true
已登記的WiFi 熱點: 香港寬頻網絡有限公司 (APID 02237),已登記的WiFi 熱點: 香港寬頻網絡有限公司 (APID 02237),majorDestination,已登記的WiFi 熱點: 香港寬頻網絡有限公司 (APID 02237),,,,,,1,true
Wi-Fi.HK 熱點位置: 青衣母嬰健康院,Wi-Fi.HK 熱點位置: 青衣母嬰健康院,majorDestination,Wi-Fi.HK 熱點位置: 青衣母嬰健康院,,,,,,1,true
放射衛生部,放射衛生部,majorDestination,放射衛生部,,,,,,1,true
加豐電單車行,加豐電單車行,majorDestination,加豐電單車行,,,,,,1,true
聚友會,聚友會,majorDestination,聚友會,,,,,,1,true
保良局呂錦泰幼兒園,保良局呂錦泰幼兒園,majorDestination,保良局呂錦泰幼兒園,,,,,,1,true
善頤康薈,善頤康薈,majorDestination,善頤康薈,,,,,,1,true
駿業汽車服務公司,駿業汽車服務公司,majorDestination,駿業汽車服務公司,,,,,,1,true
已登記的WiFi 熱點: Hong Kong Telecommunications (HKT) Limited (APID 05435),已登記的WiFi 熱點: Hong Kong Telecommunications (HKT) Limited (APID 05435),majorDestination,已登記的WiFi 熱點: Hong Kong Telecommunications (HKT) Limited (APID 05435),,,,,,1,true
已登記的WiFi 熱點: Hong Kong Telecommunications (HKT) Limited (APID 06537),已登記的WiFi 熱點: Hong Kong Telecommunications (HKT) Limited (APID 06537),majorDestination,已登記的WiFi 熱點: Hong Kong Telecommunications (HKT) Limited (APID 06537),,,,,,1,true
仁愛堂田家炳幼兒園,仁愛堂田家炳幼兒園,majorDestination,仁愛堂田家炳幼兒園,,,,,,1,true
康富樓,康富樓,majorDestination,康富樓,,,,,,1,true
康豐樓,康豐樓,majorDestination,康豐樓,,,,,,1,true
康健樓,康健樓,majorDestination,康健樓,,,,,,1,true
康貴樓,康貴樓,majorDestination,康貴樓,,,,,,1,true
康美樓,康美樓,majorDestination,康美樓,,,,,,1,true
康安樓,康安樓,majorDestination,康安樓,,,,,,1,true
康平樓,康平樓,majorDestination,康平樓,,,,,,1,true
康秀樓,康秀樓,majorDestination,康秀樓,,,,,,1,true
康盛樓,康盛樓,majorDestination,康盛樓,,,,,,1,true
康順樓,康順樓,majorDestination,康順樓,,,,,,1,true
康泰樓,康泰樓,majorDestination,康泰樓,,,,,,1,true
康德樓,康德樓,majorDestination,康德樓,,,,,,1,true
賓德汽車服務,賓德汽車服務,majorDestination,賓德汽車服務,,,,,,1,true
領峯貿易工程公司,領峯貿易工程公司,majorDestination,領峯貿易工程公司,,,,,,1,true
神貿舍,神貿舍,majorDestination,神貿舍,,,,,,1,true
康翠園藝工程有限公司,康翠園藝工程有限公司,majorDestination,康翠園藝工程有限公司,,,,,,1,true
永仕貿易機械工程有限公司,永仕貿易機械工程有限公司,majorDestination,永仕貿易機械工程有限公司,,,,,,1,true
環宇汽車機械工程公司,環宇汽車機械工程公司,majorDestination,環宇汽車機械工程公司,,,,,,1,true
永安Plus-尖東店,永安Plus-尖東店,majorDestination,永安Plus-尖東店,,,,,,1,true
已登記的WiFi 熱點: Hong Kong Telecommunications (HKT) Limited (APID 05650),已登記的WiFi 熱點: Hong Kong Telecommunications (HKT) Limited (APID 05650),majorDestination,已登記的WiFi 熱點: Hong Kong Telecommunications (HKT) Limited (APID 05650),,,,,,1,true
已登記的WiFi 熱點: Hong Kong Telecommunications (HKT) Limited (APID 05651),已登記的WiFi 熱點: Hong Kong Telecommunications (HKT) Limited (APID 05651),majorDestination,已登記的WiFi 熱點: Hong Kong Telecommunications (HKT) Limited (APID 05651),,,,,,1,true
萬壽宮,萬壽宮,majorDestination,萬壽宮,,,,,,1,true
MediPoint (Hong Kong),MediPoint (Hong Kong),majorDestination,MediPoint (Hong Kong),,,,,,1,true
慶楠護老院(利安)有限公司,慶楠護老院(利安)有限公司,majorDestination,慶楠護老院(利安)有限公司,,,,,,1,true
頌安停車場,頌安停車場,majorDestination,頌安停車場,,,,,,1,true
耀安停車場,耀安停車場,majorDestination,耀安停車場,,,,,,1,true
惠康超級市場-恒安,惠康超級市場-恒安,majorDestination,惠康超級市場-恒安,,,,,,1,true
安妥快-紅磡,安妥快-紅磡,majorDestination,安妥快-紅磡,,,,,,1,true
巴拿馬 - 總領事館,巴拿馬 - 總領事館,majorDestination,巴拿馬 - 總領事館,,,,,,1,true
巴基斯坦 - 總領事館,巴基斯坦 - 總領事館,majorDestination,巴基斯坦 - 總領事館,,,,,,1,true
編號218郵箱,編號218郵箱,majorDestination,編號218郵箱,,,,,,1,true
已登記的WiFi 熱點: 環球全域電訊有限公司 (APID 01290),已登記的WiFi 熱點: 環球全域電訊有限公司 (APID 01290),majorDestination,已登記的WiFi 熱點: 環球全域電訊有限公司 (APID 01290),,,,,,1,true
已登記的WiFi 熱點: 香港寬頻網絡有限公司 (APID 03679),已登記的WiFi 熱點: 香港寬頻網絡有限公司 (APID 03679),majorDestination,已登記的WiFi 熱點: 香港寬頻網絡有限公司 (APID 03679),,,,,,1,true
已登記的WiFi 熱點: 香港寬頻網絡有限公司 (APID 03212),已登記的WiFi 熱點: 香港寬頻網絡有限公司 (APID 03212),majorDestination,已登記的WiFi 熱點: 香港寬頻網絡有限公司 (APID 03212),,,,,,1,true
已登記的WiFi 熱點: Hong Kong Telecommunications (HKT) Limited (APID 05510),已登記的WiFi 熱點: Hong Kong Telecommunications (HKT) Limited (APID 05510),majorDestination,已登記的WiFi 熱點: Hong Kong Telecommunications (HKT) Limited (APID 05510),,,,,,1,true
已登記的WiFi 熱點: 香港寬頻網絡有限公司 (APID 03211),已登記的WiFi 熱點: 香港寬頻網絡有限公司 (APID 03211),majorDestination,已登記的WiFi 熱點: 香港寬頻網絡有限公司 (APID 03211),,,,,,1,true
光輝聯誼會,光輝聯誼會,majorDestination,光輝聯誼會,,,,,,1,true
MICRO,MICRO,majorDestination,MICRO,,,,,,1,true
OHK,OHK,majorDestination,OHK,,,,,,1,true
火車,火車,majorDestination,火車,,,,,,1,true
永盛行旅館,永盛行旅館,majorDestination,永盛行旅館,,,,,,1,true
AIRY STAY,AIRY STAY,majorDestination,AIRY STAY,,,,,,1,true
迪奧旅館,迪奧旅館,majorDestination,迪奧旅館,,,,,,1,true
米蘭旅館,米蘭旅館,majorDestination,米蘭旅館,,,,,,1,true
露比旅店,露比旅店,majorDestination,露比旅店,,,,,,1,true
亞洲旅館,亞洲旅館,majorDestination,亞洲旅館,,,,,,1,true
頌智樓,頌智樓,majorDestination,頌智樓,,,,,,1,true
頌群樓,頌群樓,majorDestination,頌群樓,,,,,,1,true
頌平樓,頌平樓,majorDestination,頌平樓,,,,,,1,true
安老院,安老院,majorDestination,安老院,,,,,,1,true
領先的士(服務)有限公司,領先的士(服務)有限公司,majorDestination,領先的士(服務)有限公司,,,,,,1,true
安定工場,安定工場,majorDestination,安定工場,,,,,,1,true
貿易之都,貿易之都,majorDestination,貿易之都,,,,,,1,true
西灣河平安福音堂,西灣河平安福音堂,majorDestination,西灣河平安福音堂,,,,,,1,true
神召會禮拜堂欣榮堂,神召會禮拜堂欣榮堂,majorDestination,神召會禮拜堂欣榮堂,,,,,,1,true
基督教聖約教會盛恩堂,基督教聖約教會盛恩堂,majorDestination,基督教聖約教會盛恩堂,,,,,,1,true
陳妙蘭醫生,陳妙蘭醫生,majorDestination,陳妙蘭醫生,,,,,,1,true
已登記的WiFi 熱點: 環球全域電訊有限公司 (APID 00242),已登記的WiFi 熱點: 環球全域電訊有限公司 (APID 00242),majorDestination,已登記的WiFi 熱點: 環球全域電訊有限公司 (APID 00242),,,,,,1,true
已登記的WiFi 熱點: 環球全域電訊有限公司 (APID 00243),已登記的WiFi 熱點: 環球全域電訊有限公司 (APID 00243),majorDestination,已登記的WiFi 熱點: 環球全域電訊有限公司 (APID 00243),,,,,,1,true
已登記的WiFi 熱點: 環球全域電訊有限公司 (APID 00244),已登記的WiFi 熱點: 環球全域電訊有限公司 (APID 00244),majorDestination,已登記的WiFi 熱點: 環球全域電訊有限公司 (APID 00244),,,,,,1,true
已登記的WiFi 熱點: 環球全域電訊有限公司 (APID 00447),已登記的WiFi 熱點: 環球全域電訊有限公司 (APID 00447),majorDestination,已登記的WiFi 熱點: 環球全域電訊有限公司 (APID 00447),,,,,,1,true
已登記的WiFi 熱點: Hong Kong Telecommunications (HKT) Limited (APID 04573),已登記的WiFi 熱點: Hong Kong Telecommunications (HKT) Limited (APID 04573),majorDestination,已登記的WiFi 熱點: Hong Kong Telecommunications (HKT) Limited (APID 04573),,,,,,1,true
已登記的WiFi 熱點: Hong Kong Telecommunications (HKT) Limited (APID 04574),已登記的WiFi 熱點: Hong Kong Telecommunications (HKT) Limited (APID 04574),majorDestination,已登記的WiFi 熱點: Hong Kong Telecommunications (HKT) Limited (APID 04574),,,,,,1,true
已登記的WiFi 熱點: Hong Kong Telecommunications (HKT) Limited (APID 04575),已登記的WiFi 熱點: Hong Kong Telecommunications (HKT) Limited (APID 04575),majorDestination,已登記的WiFi 熱點: Hong Kong Telecommunications (HKT) Limited (APID 04575),,,,,,1,true
已登記的WiFi 熱點: Hong Kong Telecommunications (HKT) Limited (APID 04576),已登記的WiFi 熱點: Hong Kong Telecommunications (HKT) Limited (APID 04576),majorDestination,已登記的WiFi 熱點: Hong Kong Telecommunications (HKT) Limited (APID 04576),,,,,,1,true
已登記的WiFi 熱點: Hong Kong Telecommunications (HKT) Limited (APID 04577),已登記的WiFi 熱點: Hong Kong Telecommunications (HKT) Limited (APID 04577),majorDestination,已登記的WiFi 熱點: Hong Kong Telecommunications (HKT) Limited (APID 04577),,,,,,1,true
已登記的WiFi 熱點: Hong Kong Telecommunications (HKT) Limited (APID 04578),已登記的WiFi 熱點: Hong Kong Telecommunications (HKT) Limited (APID 04578),majorDestination,已登記的WiFi 熱點: Hong Kong Telecommunications (HKT) Limited (APID 04578),,,,,,1,true
已登記的WiFi 熱點: 香港寬頻網絡有限公司 (APID 02329),已登記的WiFi 熱點: 香港寬頻網絡有限公司 (APID 02329),majorDestination,已登記的WiFi 熱點: 香港寬頻網絡有限公司 (APID 02329),,,,,,1,true
已登記的WiFi 熱點: 香港寬頻網絡有限公司 (APID 02737),已登記的WiFi 熱點: 香港寬頻網絡有限公司 (APID 02737),majorDestination,已登記的WiFi 熱點: 香港寬頻網絡有限公司 (APID 02737),,,,,,1,true
已登記的WiFi 熱點: 環球全域電訊有限公司 (APID 00496),已登記的WiFi 熱點: 環球全域電訊有限公司 (APID 00496),majorDestination,已登記的WiFi 熱點: 環球全域電訊有限公司 (APID 00496),,,,,,1,true
已登記的WiFi 熱點: 環球全域電訊有限公司 (APID 00497),已登記的WiFi 熱點: 環球全域電訊有限公司 (APID 00497),majorDestination,已登記的WiFi 熱點: 環球全域電訊有限公司 (APID 00497),,,,,,1,true
已登記的WiFi 熱點: 香港寬頻網絡有限公司 (APID 02738),已登記的WiFi 熱點: 香港寬頻網絡有限公司 (APID 02738),majorDestination,已登記的WiFi 熱點: 香港寬頻網絡有限公司 (APID 02738),,,,,,1,true
已登記的WiFi 熱點: Hong Kong Telecommunications (HKT) Limited (APID 04930),已登記的WiFi 熱點: Hong Kong Telecommunications (HKT) Limited (APID 04930),majorDestination,已登記的WiFi 熱點: Hong Kong Telecommunications (HKT) Limited (APID 04930),,,,,,1,true
已登記的WiFi 熱點: Hong Kong Telecommunications (HKT) Limited (APID 04931),已登記的WiFi 熱點: Hong Kong Telecommunications (HKT) Limited (APID 04931),majorDestination,已登記的WiFi 熱點: Hong Kong Telecommunications (HKT) Limited (APID 04931),,,,,,1,true
已登記的WiFi 熱點: 環球全域電訊有限公司 (APID 00498),已登記的WiFi 熱點: 環球全域電訊有限公司 (APID 00498),majorDestination,已登記的WiFi 熱點: 環球全域電訊有限公司 (APID 00498),,,,,,1,true
恒峰汽車服務有限公司,恒峰汽車服務有限公司,majorDestination,恒峰汽車服務有限公司,,,,,,1,true
慧能培訓協會有限公司,慧能培訓協會有限公司,majorDestination,慧能培訓協會有限公司,,,,,,1,true
已登記的WiFi 熱點: Hong Kong Telecommunications (HKT) Limited (APID 05638),已登記的WiFi 熱點: Hong Kong Telecommunications (HKT) Limited (APID 05638),majorDestination,已登記的WiFi 熱點: Hong Kong Telecommunications (HKT) Limited (APID 05638),,,,,,1,true
與賢為伍,與賢為伍,majorDestination,與賢為伍,,,,,,1,true
飛馬的士服務,飛馬的士服務,majorDestination,飛馬的士服務,,,,,,1,true
石籬惠安護老院,石籬惠安護老院,majorDestination,石籬惠安護老院,,,,,,1,true
ISUZU Showroom - Price Edward,ISUZU Showroom - Price Edward,majorDestination,ISUZU Showroom - Price Edward,,,,,,1,true
THE REFINERY,THE REFINERY,majorDestination,THE REFINERY,,,,,,1,true
順安老人家有限公司,順安老人家有限公司,majorDestination,順安老人家有限公司,,,,,,1,true
西醫梁健基,西醫梁健基,majorDestination,西醫梁健基,,,,,,1,true
西醫陳子沛,西醫陳子沛,majorDestination,西醫陳子沛,,,,,,1,true
7-11便利店-紅磡,7-11便利店-紅磡,majorDestination,7-11便利店-紅磡,,,,,,1,true
回收機構及收集點： 小寶慈善基金有限公司,回收機構及收集點： 小寶慈善基金有限公司,majorDestination,回收機構及收集點： 小寶慈善基金有限公司,,,,,,1,true
已登記的WiFi 熱點: 香港電話有限公司 (APID 06901),已登記的WiFi 熱點: 香港電話有限公司 (APID 06901),majorDestination,已登記的WiFi 熱點: 香港電話有限公司 (APID 06901),,,,,,1,true
已登記的WiFi 熱點: 香港電話有限公司 (APID 07340),已登記的WiFi 熱點: 香港電話有限公司 (APID 07340),majorDestination,已登記的WiFi 熱點: 香港電話有限公司 (APID 07340),,,,,,1,true
已登記的WiFi 熱點: Y5ZONE Limited (APID 08585),已登記的WiFi 熱點: Y5ZONE Limited (APID 08585),majorDestination,已登記的WiFi 熱點: Y5ZONE Limited (APID 08585),,,,,,1,true
已登記的WiFi 熱點: Hong Kong Telecommunications (HKT) Limited (APID 06197),已登記的WiFi 熱點: Hong Kong Telecommunications (HKT) Limited (APID 06197),majorDestination,已登記的WiFi 熱點: Hong Kong Telecommunications (HKT) Limited (APID 06197),,,,,,1,true
編號456郵箱,編號456郵箱,majorDestination,編號456郵箱,,,,,,1,true
已登記的WiFi 熱點: 香港電話有限公司 (APID 07651),已登記的WiFi 熱點: 香港電話有限公司 (APID 07651),majorDestination,已登記的WiFi 熱點: 香港電話有限公司 (APID 07651),,,,,,1,true
已登記的WiFi 熱點: Hong Kong Telecommunications (HKT) Limited (APID 06511),已登記的WiFi 熱點: Hong Kong Telecommunications (HKT) Limited (APID 06511),majorDestination,已登記的WiFi 熱點: Hong Kong Telecommunications (HKT) Limited (APID 06511),,,,,,1,true
編號123郵箱,編號123郵箱,majorDestination,編號123郵箱,,,,,,1,true
藍如溪盛成皿教育基金邊陳之娟幼兒園,藍如溪盛成皿教育基金邊陳之娟幼兒園,majorDestination,藍如溪盛成皿教育基金邊陳之娟幼兒園,,,,,,1,true
已登記的WiFi 熱點: 香港寬頻網絡有限公司 (APID 02401),已登記的WiFi 熱點: 香港寬頻網絡有限公司 (APID 02401),majorDestination,已登記的WiFi 熱點: 香港寬頻網絡有限公司 (APID 02401),,,,,,1,true
已登記的WiFi 熱點: Y5ZONE Limited (APID 07994),已登記的WiFi 熱點: Y5ZONE Limited (APID 07994),majorDestination,已登記的WiFi 熱點: Y5ZONE Limited (APID 07994),,,,,,1,true
東橋自動車,東橋自動車,majorDestination,東橋自動車,,,,,,1,true
鋒城汽車服務,鋒城汽車服務,majorDestination,鋒城汽車服務,,,,,,1,true
恒星汽車服務公司,恒星汽車服務公司,majorDestination,恒星汽車服務公司,,,,,,1,true
蘋果汽車服務,蘋果汽車服務,majorDestination,蘋果汽車服務,,,,,,1,true
四海車房,四海車房,majorDestination,四海車房,,,,,,1,true
MAX POWER AUTO WORKSHOP,MAX POWER AUTO WORKSHOP,majorDestination,MAX POWER AUTO WORKSHOP,,,,,,1,true
新創汽車工程有限公司,新創汽車工程有限公司,majorDestination,新創汽車工程有限公司,,,,,,1,true
豐盛汽車工程,豐盛汽車工程,majorDestination,豐盛汽車工程,,,,,,1,true
盛愛之家庇護工場,盛愛之家庇護工場,majorDestination,盛愛之家庇護工場,,,,,,1,true
康璟護老院(油塘)有限公司,康璟護老院(油塘)有限公司,majorDestination,康璟護老院(油塘)有限公司,,,,,,1,true
已登記的WiFi 熱點: 環球全域電訊有限公司 (APID 08836),已登記的WiFi 熱點: 環球全域電訊有限公司 (APID 08836),majorDestination,已登記的WiFi 熱點: 環球全域電訊有限公司 (APID 08836),,,,,,1,true
信義汽車玻璃有限公司(柴灣),信義汽車玻璃有限公司(柴灣),majorDestination,信義汽車玻璃有限公司(柴灣),,,,,,1,true
金巴崙長老會長洲堂,金巴崙長老會長洲堂,majorDestination,金巴崙長老會長洲堂,,,,,,1,true
自家創藝,自家創藝,majorDestination,自家創藝,,,,,,1,true
宏業汽車服務公司,宏業汽車服務公司,majorDestination,宏業汽車服務公司,,,,,,1,true
成達膠輪(香港)有限公司,成達膠輪(香港)有限公司,majorDestination,成達膠輪(香港)有限公司,,,,,,1,true
福安老人院有限公司,福安老人院有限公司,majorDestination,福安老人院有限公司,,,,,,1,true
中華基督教會鰂魚涌堂,中華基督教會鰂魚涌堂,majorDestination,中華基督教會鰂魚涌堂,,,,,,1,true
蕭德華醫生醫務所,蕭德華醫生醫務所,majorDestination,蕭德華醫生醫務所,,,,,,1,true
已登記的WiFi 熱點: Y5ZONE Limited (APID 08583),已登記的WiFi 熱點: Y5ZONE Limited (APID 08583),majorDestination,已登記的WiFi 熱點: Y5ZONE Limited (APID 08583),,,,,,1,true
已登記的WiFi 熱點: Y5ZONE Limited (APID 08584),已登記的WiFi 熱點: Y5ZONE Limited (APID 08584),majorDestination,已登記的WiFi 熱點: Y5ZONE Limited (APID 08584),,,,,,1,true
已登記的WiFi 熱點: Hong Kong Telecommunications (HKT) Limited (APID 04752),已登記的WiFi 熱點: Hong Kong Telecommunications (HKT) Limited (APID 04752),majorDestination,已登記的WiFi 熱點: Hong Kong Telecommunications (HKT) Limited (APID 04752),,,,,,1,true
已登記的WiFi 熱點: 香港寬頻網絡有限公司 (APID 03836),已登記的WiFi 熱點: 香港寬頻網絡有限公司 (APID 03836),majorDestination,已登記的WiFi 熱點: 香港寬頻網絡有限公司 (APID 03836),,,,,,1,true
高科技摩托車公司,高科技摩托車公司,majorDestination,高科技摩托車公司,,,,,,1,true
欣榮護老院有限公司,欣榮護老院有限公司,majorDestination,欣榮護老院有限公司,,,,,,1,true
已登記的WiFi 熱點: Hong Kong Telecommunications (HKT) Limited (APID 05451),已登記的WiFi 熱點: Hong Kong Telecommunications (HKT) Limited (APID 05451),majorDestination,已登記的WiFi 熱點: Hong Kong Telecommunications (HKT) Limited (APID 05451),,,,,,1,true
匡智馬頭角工場,匡智馬頭角工場,majorDestination,匡智馬頭角工場,,,,,,1,true
已登記的WiFi 熱點: Hong Kong Telecommunications (HKT) Limited (APID 04629),已登記的WiFi 熱點: Hong Kong Telecommunications (HKT) Limited (APID 04629),majorDestination,已登記的WiFi 熱點: Hong Kong Telecommunications (HKT) Limited (APID 04629),,,,,,1,true
已登記的WiFi 熱點: 香港電話有限公司 (APID 06895),已登記的WiFi 熱點: 香港電話有限公司 (APID 06895),majorDestination,已登記的WiFi 熱點: 香港電話有限公司 (APID 06895),,,,,,1,true
已登記的WiFi 熱點: Hong Kong Telecommunications (HKT) Limited (APID 04628),已登記的WiFi 熱點: Hong Kong Telecommunications (HKT) Limited (APID 04628),majorDestination,已登記的WiFi 熱點: Hong Kong Telecommunications (HKT) Limited (APID 04628),,,,,,1,true
力榮堂書室,力榮堂書室,majorDestination,力榮堂書室,,,,,,1,true
利駿汽車服務,利駿汽車服務,majorDestination,利駿汽車服務,,,,,,1,true
意美九龍有限公司,意美九龍有限公司,majorDestination,意美九龍有限公司,,,,,,1,true
宏益汽車(香港)有限公司,宏益汽車(香港)有限公司,majorDestination,宏益汽車(香港)有限公司,,,,,,1,true
榮利汽車工程,榮利汽車工程,majorDestination,榮利汽車工程,,,,,,1,true
759阿信屋超級市場-粉嶺聯和墟分店,759阿信屋超級市場-粉嶺聯和墟分店,majorDestination,759阿信屋超級市場-粉嶺聯和墟分店,,,,,,1,true
已登記的WiFi 熱點: 環球全域電訊有限公司 (APID 00721),已登記的WiFi 熱點: 環球全域電訊有限公司 (APID 00721),majorDestination,已登記的WiFi 熱點: 環球全域電訊有限公司 (APID 00721),,,,,,1,true
已登記的WiFi 熱點: 環球全域電訊有限公司 (APID 00722),已登記的WiFi 熱點: 環球全域電訊有限公司 (APID 00722),majorDestination,已登記的WiFi 熱點: 環球全域電訊有限公司 (APID 00722),,,,,,1,true
已登記的WiFi 熱點: 環球全域電訊有限公司 (APID 00723),已登記的WiFi 熱點: 環球全域電訊有限公司 (APID 00723),majorDestination,已登記的WiFi 熱點: 環球全域電訊有限公司 (APID 00723),,,,,,1,true
已登記的WiFi 熱點: 環球全域電訊有限公司 (APID 00724),已登記的WiFi 熱點: 環球全域電訊有限公司 (APID 00724),majorDestination,已登記的WiFi 熱點: 環球全域電訊有限公司 (APID 00724),,,,,,1,true
已登記的WiFi 熱點: 環球全域電訊有限公司 (APID 00725),已登記的WiFi 熱點: 環球全域電訊有限公司 (APID 00725),majorDestination,已登記的WiFi 熱點: 環球全域電訊有限公司 (APID 00725),,,,,,1,true
已登記的WiFi 熱點: 環球全域電訊有限公司 (APID 00726),已登記的WiFi 熱點: 環球全域電訊有限公司 (APID 00726),majorDestination,已登記的WiFi 熱點: 環球全域電訊有限公司 (APID 00726),,,,,,1,true
已登記的WiFi 熱點: 香港寬頻網絡有限公司 (APID 02995),已登記的WiFi 熱點: 香港寬頻網絡有限公司 (APID 02995),majorDestination,已登記的WiFi 熱點: 香港寬頻網絡有限公司 (APID 02995),,,,,,1,true
已登記的WiFi 熱點: Hong Kong Telecommunications (HKT) Limited (APID 05248),已登記的WiFi 熱點: Hong Kong Telecommunications (HKT) Limited (APID 05248),majorDestination,已登記的WiFi 熱點: Hong Kong Telecommunications (HKT) Limited (APID 05248),,,,,,1,true
7-11便利店-筲箕灣,7-11便利店-筲箕灣,majorDestination,7-11便利店-筲箕灣,,,,,,1,true
已登記的WiFi 熱點: 環球全域電訊有限公司 (APID 01545),已登記的WiFi 熱點: 環球全域電訊有限公司 (APID 01545),majorDestination,已登記的WiFi 熱點: 環球全域電訊有限公司 (APID 01545),,,,,,1,true
回收機構及收集點： 綠在佐敦回收流動點 - 008,回收機構及收集點： 綠在佐敦回收流動點 - 008,majorDestination,回收機構及收集點： 綠在佐敦回收流動點 - 008,,,,,,1,true
寧峰停車場,寧峰停車場,majorDestination,寧峰停車場,,,,,,1,true
編號504郵箱,編號504郵箱,majorDestination,編號504郵箱,,,,,,1,true
維多利亞(海峰園)幼兒園,維多利亞(海峰園)幼兒園,majorDestination,維多利亞(海峰園)幼兒園,,,,,,1,true
銅鑼灣維多利亞(海峰園)幼兒園,銅鑼灣維多利亞(海峰園)幼兒園,majorDestination,銅鑼灣維多利亞(海峰園)幼兒園,,,,,,1,true
已登記的WiFi 熱點: 香港寬頻網絡有限公司 (APID 03719),已登記的WiFi 熱點: 香港寬頻網絡有限公司 (APID 03719),majorDestination,已登記的WiFi 熱點: 香港寬頻網絡有限公司 (APID 03719),,,,,,1,true
盧民健醫生,盧民健醫生,majorDestination,盧民健醫生,,,,,,1,true
Wi-Fi.HK 熱點位置: 中銀香港 - 油塘分行,Wi-Fi.HK 熱點位置: 中銀香港 - 油塘分行,majorDestination,Wi-Fi.HK 熱點位置: 中銀香港 - 油塘分行,,,,,,1,true
FLEUR DE SEL,FLEUR DE SEL,majorDestination,FLEUR DE SEL,,,,,,1,true
已登記的WiFi 熱點: 香港寬頻網絡有限公司 (APID 02706),已登記的WiFi 熱點: 香港寬頻網絡有限公司 (APID 02706),majorDestination,已登記的WiFi 熱點: 香港寬頻網絡有限公司 (APID 02706),,,,,,1,true
松青安老院,松青安老院,majorDestination,松青安老院,,,,,,1,true
保良局蔡繼有幼兒園,保良局蔡繼有幼兒園,majorDestination,保良局蔡繼有幼兒園,,,,,,1,true
興利車廠有限公司,興利車廠有限公司,majorDestination,興利車廠有限公司,,,,,,1,true
滙豐安老院(環翠)有限公司,滙豐安老院(環翠)有限公司,majorDestination,滙豐安老院(環翠)有限公司,,,,,,1,true
環翠停車場,環翠停車場,majorDestination,環翠停車場,,,,,,1,true
救世軍柴灣青少年綜合服務,救世軍柴灣青少年綜合服務,majorDestination,救世軍柴灣青少年綜合服務,,,,,,1,true
愉翠A停車場,愉翠A停車場,majorDestination,愉翠A停車場,,,,,,1,true
愉翠B停車場,愉翠B停車場,majorDestination,愉翠B停車場,,,,,,1,true
北沙田社會保障辦事處,北沙田社會保障辦事處,majorDestination,北沙田社會保障辦事處,,,,,,1,true
欣悅護理安老院,欣悅護理安老院,majorDestination,欣悅護理安老院,,,,,,1,true
黃文雄醫生,黃文雄醫生,majorDestination,黃文雄醫生,,,,,,1,true
編號299郵箱,編號299郵箱,majorDestination,編號299郵箱,,,,,,1,true
已登記的WiFi 熱點: 環球全域電訊有限公司 (APID 00472),已登記的WiFi 熱點: 環球全域電訊有限公司 (APID 00472),majorDestination,已登記的WiFi 熱點: 環球全域電訊有限公司 (APID 00472),,,,,,1,true
已登記的WiFi 熱點: Hong Kong Telecommunications (HKT) Limited (APID 04861),已登記的WiFi 熱點: Hong Kong Telecommunications (HKT) Limited (APID 04861),majorDestination,已登記的WiFi 熱點: Hong Kong Telecommunications (HKT) Limited (APID 04861),,,,,,1,true
翠谷工程有限公司,翠谷工程有限公司,majorDestination,翠谷工程有限公司,,,,,,1,true
7-11便利店-西環,7-11便利店-西環,majorDestination,7-11便利店-西環,,,,,,1,true
已登記的WiFi 熱點: Hong Kong Telecommunications (HKT) Limited (APID 04888),已登記的WiFi 熱點: Hong Kong Telecommunications (HKT) Limited (APID 04888),majorDestination,已登記的WiFi 熱點: Hong Kong Telecommunications (HKT) Limited (APID 04888),,,,,,1,true
西醫陳源生,西醫陳源生,majorDestination,西醫陳源生,,,,,,1,true
編號321郵箱,編號321郵箱,majorDestination,編號321郵箱,,,,,,1,true
已登記的WiFi 熱點: 香港寬頻網絡有限公司 (APID 02391),已登記的WiFi 熱點: 香港寬頻網絡有限公司 (APID 02391),majorDestination,已登記的WiFi 熱點: 香港寬頻網絡有限公司 (APID 02391),,,,,,1,true
已登記的WiFi 熱點: 香港寬頻網絡有限公司 (APID 02392),已登記的WiFi 熱點: 香港寬頻網絡有限公司 (APID 02392),majorDestination,已登記的WiFi 熱點: 香港寬頻網絡有限公司 (APID 02392),,,,,,1,true
康盛護理安老院(油麻地),康盛護理安老院(油麻地),majorDestination,康盛護理安老院(油麻地),,,,,,1,true
寶光精舍,寶光精舍,majorDestination,寶光精舍,,,,,,1,true
已登記的WiFi 熱點: Hong Kong Telecommunications (HKT) Limited (APID 04816),已登記的WiFi 熱點: Hong Kong Telecommunications (HKT) Limited (APID 04816),majorDestination,已登記的WiFi 熱點: Hong Kong Telecommunications (HKT) Limited (APID 04816),,,,,,1,true
已登記的WiFi 熱點: 香港寬頻網絡有限公司 (APID 02595),已登記的WiFi 熱點: 香港寬頻網絡有限公司 (APID 02595),majorDestination,已登記的WiFi 熱點: 香港寬頻網絡有限公司 (APID 02595),,,,,,1,true
萬豪貴賓廊,萬豪貴賓廊,majorDestination,萬豪貴賓廊,,,,,,1,true
編號458郵箱,編號458郵箱,majorDestination,編號458郵箱,,,,,,1,true
編號73郵箱,編號73郵箱,majorDestination,編號73郵箱,,,,,,1,true
已登記的WiFi 熱點: 香港電話有限公司 (APID 07475),已登記的WiFi 熱點: 香港電話有限公司 (APID 07475),majorDestination,已登記的WiFi 熱點: 香港電話有限公司 (APID 07475),,,,,,1,true
百豪工程公司,百豪工程公司,majorDestination,百豪工程公司,,,,,,1,true
五旬節聖潔會香港區會-五旬節聖潔會荃灣堂,五旬節聖潔會香港區會-五旬節聖潔會荃灣堂,majorDestination,五旬節聖潔會香港區會-五旬節聖潔會荃灣堂,,,,,,1,true
基信汽車服務,基信汽車服務,majorDestination,基信汽車服務,,,,,,1,true
惠康超級市場-鴨脷洲,惠康超級市場-鴨脷洲,majorDestination,惠康超級市場-鴨脷洲,,,,,,1,true
麥君和醫生,麥君和醫生,majorDestination,麥君和醫生,,,,,,1,true
7-11便利店-西貢,7-11便利店-西貢,majorDestination,7-11便利店-西貢,,,,,,1,true
劉智豪醫生醫務所,劉智豪醫生醫務所,majorDestination,劉智豪醫生醫務所,,,,,,1,true
已登記的WiFi 熱點: Hong Kong Telecommunications (HKT) Limited (APID 06572),已登記的WiFi 熱點: Hong Kong Telecommunications (HKT) Limited (APID 06572),majorDestination,已登記的WiFi 熱點: Hong Kong Telecommunications (HKT) Limited (APID 06572),,,,,,1,true
歐亞汽車服務有限公司,歐亞汽車服務有限公司,majorDestination,歐亞汽車服務有限公司,,,,,,1,true
編號43郵箱,編號43郵箱,majorDestination,編號43郵箱,,,,,,1,true
信望愛福音會筲箕灣堂,信望愛福音會筲箕灣堂,majorDestination,信望愛福音會筲箕灣堂,,,,,,1,true
已登記的WiFi 熱點: 環球全域電訊有限公司 (APID 01500),已登記的WiFi 熱點: 環球全域電訊有限公司 (APID 01500),majorDestination,已登記的WiFi 熱點: 環球全域電訊有限公司 (APID 01500),,,,,,1,true
編號637郵箱,編號637郵箱,majorDestination,編號637郵箱,,,,,,1,true
OK便利店-彩盈坊,OK便利店-彩盈坊,majorDestination,OK便利店-彩盈坊,,,,,,1,true
編號718郵箱,編號718郵箱,majorDestination,編號718郵箱,,,,,,1,true
編號231郵箱,編號231郵箱,majorDestination,編號231郵箱,,,,,,1,true
回收機構及收集點： 綠在彩盈,回收機構及收集點： 綠在彩盈,majorDestination,回收機構及收集點： 綠在彩盈,,,,,,1,true
中華便以利會香港仔堂,中華便以利會香港仔堂,majorDestination,中華便以利會香港仔堂,,,,,,1,true
已登記的WiFi 熱點: Y5ZONE Limited (APID 08331),已登記的WiFi 熱點: Y5ZONE Limited (APID 08331),majorDestination,已登記的WiFi 熱點: Y5ZONE Limited (APID 08331),,,,,,1,true
已登記的WiFi 熱點: 香港寬頻網絡有限公司 (APID 03282),已登記的WiFi 熱點: 香港寬頻網絡有限公司 (APID 03282),majorDestination,已登記的WiFi 熱點: 香港寬頻網絡有限公司 (APID 03282),,,,,,1,true
已登記的WiFi 熱點: Hong Kong Telecommunications (HKT) Limited (APID 05595),已登記的WiFi 熱點: Hong Kong Telecommunications (HKT) Limited (APID 05595),majorDestination,已登記的WiFi 熱點: Hong Kong Telecommunications (HKT) Limited (APID 05595),,,,,,1,true
已登記的WiFi 熱點: Hong Kong Telecommunications (HKT) Limited (APID 05596),已登記的WiFi 熱點: Hong Kong Telecommunications (HKT) Limited (APID 05596),majorDestination,已登記的WiFi 熱點: Hong Kong Telecommunications (HKT) Limited (APID 05596),,,,,,1,true
興利膠輪電池,興利膠輪電池,majorDestination,興利膠輪電池,,,,,,1,true
Medicare Alliance Limited,Medicare Alliance Limited,majorDestination,Medicare Alliance Limited,,,,,,1,true
廣安汽車服務,廣安汽車服務,majorDestination,廣安汽車服務,,,,,,1,true
友成汽車服務公司,友成汽車服務公司,majorDestination,友成汽車服務公司,,,,,,1,true
TMS,TMS,majorDestination,TMS,,,,,,1,true
安富汽車服務,安富汽車服務,majorDestination,安富汽車服務,,,,,,1,true
康寶國際汽車有限公司,康寶國際汽車有限公司,majorDestination,康寶國際汽車有限公司,,,,,,1,true
已登記的WiFi 熱點: 香港電話有限公司 (APID 07004),已登記的WiFi 熱點: 香港電話有限公司 (APID 07004),majorDestination,已登記的WiFi 熱點: 香港電話有限公司 (APID 07004),,,,,,1,true
樂雀會,樂雀會,majorDestination,樂雀會,,,,,,1,true
已登記的WiFi 熱點: Hong Kong Telecommunications (HKT) Limited (APID 06089),已登記的WiFi 熱點: Hong Kong Telecommunications (HKT) Limited (APID 06089),majorDestination,已登記的WiFi 熱點: Hong Kong Telecommunications (HKT) Limited (APID 06089),,,,,,1,true
富凱樓,富凱樓,majorDestination,富凱樓,,,,,,1,true
富良樓,富良樓,majorDestination,富良樓,,,,,,1,true
富萊樓,富萊樓,majorDestination,富萊樓,,,,,,1,true
富誠樓,富誠樓,majorDestination,富誠樓,,,,,,1,true
富韻樓,富韻樓,majorDestination,富韻樓,,,,,,1,true
富怡樓,富怡樓,majorDestination,富怡樓,,,,,,1,true
富盈樓,富盈樓,majorDestination,富盈樓,,,,,,1,true
富悅樓,富悅樓,majorDestination,富悅樓,,,,,,1,true
富潤樓,富潤樓,majorDestination,富潤樓,,,,,,1,true
仁愛傳教修女會仁愛之家,仁愛傳教修女會仁愛之家,majorDestination,仁愛傳教修女會仁愛之家,,,,,,1,true
保良局好幫手(富昌),保良局好幫手(富昌),majorDestination,保良局好幫手(富昌),,,,,,1,true
南昌家品店,南昌家品店,majorDestination,南昌家品店,,,,,,1,true
五昌書室,五昌書室,majorDestination,五昌書室,,,,,,1,true
長者家,長者家,majorDestination,長者家,,,,,,1,true
長者家專業顧問有限公司,長者家專業顧問有限公司,majorDestination,長者家專業顧問有限公司,,,,,,1,true
KaCaMa Design Lab Company Ltd.,KaCaMa Design Lab Company Ltd.,majorDestination,KaCaMa Design Lab Company Ltd.,,,,,,1,true
工作‧紙 工作室,工作‧紙 工作室,majorDestination,工作‧紙 工作室,,,,,,1,true
璟成汽車工程有限公司,璟成汽車工程有限公司,majorDestination,璟成汽車工程有限公司,,,,,,1,true
新中華汽車有限公司,新中華汽車有限公司,majorDestination,新中華汽車有限公司,,,,,,1,true
榮恩浸信會福音堂,榮恩浸信會福音堂,majorDestination,榮恩浸信會福音堂,,,,,,1,true
保良局好幫手(啟晴),保良局好幫手(啟晴),majorDestination,保良局好幫手(啟晴),,,,,,1,true
編號390郵箱,編號390郵箱,majorDestination,編號390郵箱,,,,,,1,true
已登記的WiFi 熱點: 環球全域電訊有限公司 (APID 01342),已登記的WiFi 熱點: 環球全域電訊有限公司 (APID 01342),majorDestination,已登記的WiFi 熱點: 環球全域電訊有限公司 (APID 01342),,,,,,1,true
已登記的WiFi 熱點: Y5ZONE Limited (APID 08554),已登記的WiFi 熱點: Y5ZONE Limited (APID 08554),majorDestination,已登記的WiFi 熱點: Y5ZONE Limited (APID 08554),,,,,,1,true
已登記的WiFi 熱點: 香港寬頻網絡有限公司 (APID 03761),已登記的WiFi 熱點: 香港寬頻網絡有限公司 (APID 03761),majorDestination,已登記的WiFi 熱點: 香港寬頻網絡有限公司 (APID 03761),,,,,,1,true
已登記的WiFi 熱點: 環球全域電訊有限公司 (APID 01343),已登記的WiFi 熱點: 環球全域電訊有限公司 (APID 01343),majorDestination,已登記的WiFi 熱點: 環球全域電訊有限公司 (APID 01343),,,,,,1,true
已登記的WiFi 熱點: Hong Kong Telecommunications (HKT) Limited (APID 06135),已登記的WiFi 熱點: Hong Kong Telecommunications (HKT) Limited (APID 06135),majorDestination,已登記的WiFi 熱點: Hong Kong Telecommunications (HKT) Limited (APID 06135),,,,,,1,true
明朗,明朗,majorDestination,明朗,,,,,,1,true
朗尾,朗尾,majorDestination,朗尾,,,,,,1,true
朗屏,朗屏,majorDestination,朗屏,,,,,,1,true
坪朗,坪朗,majorDestination,坪朗,,,,,,1,true
心朗,心朗,majorDestination,心朗,,,,,,1,true
青朗樓,青朗樓,majorDestination,青朗樓,,,,,,1,true
甲邊朗,甲邊朗,majorDestination,甲邊朗,,,,,,1,true
松柏朗,松柏朗,majorDestination,松柏朗,,,,,,1,true
日朗樓,日朗樓,majorDestination,日朗樓,,,,,,1,true
德璋樓,德璋樓,majorDestination,德璋樓,,,,,,1,true
德琦樓,德琦樓,majorDestination,德琦樓,,,,,,1,true
德瓏樓,德瓏樓,majorDestination,德瓏樓,,,,,,1,true
德珊樓,德珊樓,majorDestination,德珊樓,,,,,,1,true
德瑞樓,德瑞樓,majorDestination,德瑞樓,,,,,,1,true
德瑩樓,德瑩樓,majorDestination,德瑩樓,,,,,,1,true
德瑤樓,德瑤樓,majorDestination,德瑤樓,,,,,,1,true
外勤貿易行,外勤貿易行,majorDestination,外勤貿易行,,,,,,1,true
元朗潭尾建造業輸入勞工宿舍A6,元朗潭尾建造業輸入勞工宿舍A6,majorDestination,元朗潭尾建造業輸入勞工宿舍A6,,,,,,1,true
元朗潭尾建造業輸入勞工宿舍A1,元朗潭尾建造業輸入勞工宿舍A1,majorDestination,元朗潭尾建造業輸入勞工宿舍A1,,,,,,1,true
元朗潭尾建造業輸入勞工宿舍A2,元朗潭尾建造業輸入勞工宿舍A2,majorDestination,元朗潭尾建造業輸入勞工宿舍A2,,,,,,1,true
元朗潭尾建造業輸入勞工宿舍A3,元朗潭尾建造業輸入勞工宿舍A3,majorDestination,元朗潭尾建造業輸入勞工宿舍A3,,,,,,1,true
元朗潭尾建造業輸入勞工宿舍A4,元朗潭尾建造業輸入勞工宿舍A4,majorDestination,元朗潭尾建造業輸入勞工宿舍A4,,,,,,1,true
元朗潭尾建造業輸入勞工宿舍A5,元朗潭尾建造業輸入勞工宿舍A5,majorDestination,元朗潭尾建造業輸入勞工宿舍A5,,,,,,1,true
皇御灣,皇御灣,majorDestination,皇御灣,,,,,,1,true
御柏山,御柏山,majorDestination,御柏山,,,,,,1,true
尚御1座,尚御1座,majorDestination,尚御1座,,,,,,1,true
尚御2座,尚御2座,majorDestination,尚御2座,,,,,,1,true
尚御3座,尚御3座,majorDestination,尚御3座,,,,,,1,true
御翠園11,御翠園11,majorDestination,御翠園11,,,,,,1,true
御翠園12,御翠園12,majorDestination,御翠園12,,,,,,1,true
御翠園15,御翠園15,majorDestination,御翠園15,,,,,,1,true
御翠園16,御翠園16,majorDestination,御翠園16,,,,,,1,true
御翠園17,御翠園17,majorDestination,御翠園17,,,,,,1,true
御翠園18,御翠園18,majorDestination,御翠園18,,,,,,1,true
御翠園19,御翠園19,majorDestination,御翠園19,,,,,,1,true
御翠園2,御翠園2,majorDestination,御翠園2,,,,,,1,true
御翠園20,御翠園20,majorDestination,御翠園20,,,,,,1,true
御翠園21,御翠園21,majorDestination,御翠園21,,,,,,1,true
御翠園22,御翠園22,majorDestination,御翠園22,,,,,,1,true
御翠園23,御翠園23,majorDestination,御翠園23,,,,,,1,true
御翠園25,御翠園25,majorDestination,御翠園25,,,,,,1,true
御翠園26,御翠園26,majorDestination,御翠園26,,,,,,1,true
御翠園27,御翠園27,majorDestination,御翠園27,,,,,,1,true
御翠園28,御翠園28,majorDestination,御翠園28,,,,,,1,true
御翠園29,御翠園29,majorDestination,御翠園29,,,,,,1,true
御翠園3,御翠園3,majorDestination,御翠園3,,,,,,1,true
御翠園30,御翠園30,majorDestination,御翠園30,,,,,,1,true
御翠園31,御翠園31,majorDestination,御翠園31,,,,,,1,true
御翠園32,御翠園32,majorDestination,御翠園32,,,,,,1,true
御翠園33,御翠園33,majorDestination,御翠園33,,,,,,1,true
御翠園35,御翠園35,majorDestination,御翠園35,,,,,,1,true
御翠園6,御翠園6,majorDestination,御翠園6,,,,,,1,true
御翠園8,御翠園8,majorDestination,御翠園8,,,,,,1,true
天御豪庭,天御豪庭,majorDestination,天御豪庭,,,,,,1,true
御金.國峯,御金.國峯,majorDestination,御金.國峯,,,,,,1,true
迎海御峰,迎海御峰,majorDestination,迎海御峰,,,,,,1,true
已登記的WiFi 熱點: Hong Kong Telecommunications (HKT) Limited (APID 06693),已登記的WiFi 熱點: Hong Kong Telecommunications (HKT) Limited (APID 06693),majorDestination,已登記的WiFi 熱點: Hong Kong Telecommunications (HKT) Limited (APID 06693),,,,,,1,true
綠悠廳,綠悠廳,majorDestination,綠悠廳,,,,,,1,true
映御,映御,majorDestination,映御,,,,,,1,true
金海樓第一期 (別稱),金海樓第一期 (別稱),majorDestination,金海樓第一期 (別稱),,,,,,1,true
金海樓第二期 (別稱),金海樓第二期 (別稱),majorDestination,金海樓第二期 (別稱),,,,,,1,true
五祥汽車公司,五祥汽車公司,majorDestination,五祥汽車公司,,,,,,1,true
已登記的WiFi 熱點: Hong Kong Telecommunications (HKT) Limited (APID 06265),已登記的WiFi 熱點: Hong Kong Telecommunications (HKT) Limited (APID 06265),majorDestination,已登記的WiFi 熱點: Hong Kong Telecommunications (HKT) Limited (APID 06265),,,,,,1,true
已登記的WiFi 熱點: Hong Kong Telecommunications (HKT) Limited (APID 05063),已登記的WiFi 熱點: Hong Kong Telecommunications (HKT) Limited (APID 05063),majorDestination,已登記的WiFi 熱點: Hong Kong Telecommunications (HKT) Limited (APID 05063),,,,,,1,true
海明汽車工程,海明汽車工程,majorDestination,海明汽車工程,,,,,,1,true
機電工程署葵涌海水泵房,機電工程署葵涌海水泵房,majorDestination,機電工程署葵涌海水泵房,,,,,,1,true
基督教香港崇真會學前單位社工服務 (筲箕灣),基督教香港崇真會學前單位社工服務 (筲箕灣),majorDestination,基督教香港崇真會學前單位社工服務 (筲箕灣),,,,,,1,true
筲箕灣社區客廳,筲箕灣社區客廳,majorDestination,筲箕灣社區客廳,,,,,,1,true
基督教協基會恩慈堂,基督教協基會恩慈堂,majorDestination,基督教協基會恩慈堂,,,,,,1,true
編號423郵箱,編號423郵箱,majorDestination,編號423郵箱,,,,,,1,true
已登記的WiFi 熱點: 環球全域電訊有限公司 (APID 01470),已登記的WiFi 熱點: 環球全域電訊有限公司 (APID 01470),majorDestination,已登記的WiFi 熱點: 環球全域電訊有限公司 (APID 01470),,,,,,1,true
已登記的WiFi 熱點: 環球全域電訊有限公司 (APID 01354),已登記的WiFi 熱點: 環球全域電訊有限公司 (APID 01354),majorDestination,已登記的WiFi 熱點: 環球全域電訊有限公司 (APID 01354),,,,,,1,true
已登記的WiFi 熱點: 環球全域電訊有限公司 (APID 01356),已登記的WiFi 熱點: 環球全域電訊有限公司 (APID 01356),majorDestination,已登記的WiFi 熱點: 環球全域電訊有限公司 (APID 01356),,,,,,1,true
已登記的WiFi 熱點: Hong Kong Telecommunications (HKT) Limited (APID 06149),已登記的WiFi 熱點: Hong Kong Telecommunications (HKT) Limited (APID 06149),majorDestination,已登記的WiFi 熱點: Hong Kong Telecommunications (HKT) Limited (APID 06149),,,,,,1,true
已登記的WiFi 熱點: 環球全域電訊有限公司 (APID 01353),已登記的WiFi 熱點: 環球全域電訊有限公司 (APID 01353),majorDestination,已登記的WiFi 熱點: 環球全域電訊有限公司 (APID 01353),,,,,,1,true
已登記的WiFi 熱點: 環球全域電訊有限公司 (APID 01358),已登記的WiFi 熱點: 環球全域電訊有限公司 (APID 01358),majorDestination,已登記的WiFi 熱點: 環球全域電訊有限公司 (APID 01358),,,,,,1,true
已登記的WiFi 熱點: 環球全域電訊有限公司 (APID 01355),已登記的WiFi 熱點: 環球全域電訊有限公司 (APID 01355),majorDestination,已登記的WiFi 熱點: 環球全域電訊有限公司 (APID 01355),,,,,,1,true
已登記的WiFi 熱點: 環球全域電訊有限公司 (APID 01357),已登記的WiFi 熱點: 環球全域電訊有限公司 (APID 01357),majorDestination,已登記的WiFi 熱點: 環球全域電訊有限公司 (APID 01357),,,,,,1,true
已登記的WiFi 熱點: 環球全域電訊有限公司 (APID 01480),已登記的WiFi 熱點: 環球全域電訊有限公司 (APID 01480),majorDestination,已登記的WiFi 熱點: 環球全域電訊有限公司 (APID 01480),,,,,,1,true
已登記的WiFi 熱點: 環球全域電訊有限公司 (APID 01481),已登記的WiFi 熱點: 環球全域電訊有限公司 (APID 01481),majorDestination,已登記的WiFi 熱點: 環球全域電訊有限公司 (APID 01481),,,,,,1,true
已登記的WiFi 熱點: 環球全域電訊有限公司 (APID 01482),已登記的WiFi 熱點: 環球全域電訊有限公司 (APID 01482),majorDestination,已登記的WiFi 熱點: 環球全域電訊有限公司 (APID 01482),,,,,,1,true
香港宣教會恩典堂,香港宣教會恩典堂,majorDestination,香港宣教會恩典堂,,,,,,1,true
信華蓮社,信華蓮社,majorDestination,信華蓮社,,,,,,1,true
已登記的WiFi 熱點: 香港電話有限公司 (APID 07472),已登記的WiFi 熱點: 香港電話有限公司 (APID 07472),majorDestination,已登記的WiFi 熱點: 香港電話有限公司 (APID 07472),,,,,,1,true
已登記的WiFi 熱點: Hong Kong Telecommunications (HKT) Limited (APID 06035),已登記的WiFi 熱點: Hong Kong Telecommunications (HKT) Limited (APID 06035),majorDestination,已登記的WiFi 熱點: Hong Kong Telecommunications (HKT) Limited (APID 06035),,,,,,1,true
已登記的WiFi 熱點: Hong Kong Telecommunications (HKT) Limited (APID 04624),已登記的WiFi 熱點: Hong Kong Telecommunications (HKT) Limited (APID 04624),majorDestination,已登記的WiFi 熱點: Hong Kong Telecommunications (HKT) Limited (APID 04624),,,,,,1,true
天池樓,天池樓,majorDestination,天池樓,,,,,,1,true
天柱樓,天柱樓,majorDestination,天柱樓,,,,,,1,true
天暉樓,天暉樓,majorDestination,天暉樓,,,,,,1,true
天衡樓,天衡樓,majorDestination,天衡樓,,,,,,1,true
天琴樓,天琴樓,majorDestination,天琴樓,,,,,,1,true
天璣樓,天璣樓,majorDestination,天璣樓,,,,,,1,true
天權樓,天權樓,majorDestination,天權樓,,,,,,1,true
天樂樓,天樂樓,majorDestination,天樂樓,,,,,,1,true
天韻樓,天韻樓,majorDestination,天韻樓,,,,,,1,true
天榮樓,天榮樓,majorDestination,天榮樓,,,,,,1,true
天瑤樓,天瑤樓,majorDestination,天瑤樓,,,,,,1,true
順天宿舍,順天宿舍,majorDestination,順天宿舍,,,,,,1,true
九龍婦女福利會黃張見紀念老人之家,九龍婦女福利會黃張見紀念老人之家,majorDestination,九龍婦女福利會黃張見紀念老人之家,,,,,,1,true
鄰舍輔導會順天宿舍,鄰舍輔導會順天宿舍,majorDestination,鄰舍輔導會順天宿舍,,,,,,1,true
禮賢會順天幼兒園,禮賢會順天幼兒園,majorDestination,禮賢會順天幼兒園,,,,,,1,true
禮賢會順天幼兒園 (K564486A),禮賢會順天幼兒園 (K564486A),majorDestination,禮賢會順天幼兒園 (K564486A),,,,,,1,true
惠康超級市場-順天,惠康超級市場-順天,majorDestination,惠康超級市場-順天,,,,,,1,true
順天浸信會,順天浸信會,majorDestination,順天浸信會,,,,,,1,true
順天浸信會閱覽室,順天浸信會閱覽室,majorDestination,順天浸信會閱覽室,,,,,,1,true
已登記的WiFi 熱點: 香港寬頻網絡有限公司 (APID 03931),已登記的WiFi 熱點: 香港寬頻網絡有限公司 (APID 03931),majorDestination,已登記的WiFi 熱點: 香港寬頻網絡有限公司 (APID 03931),,,,,,1,true
已登記的WiFi 熱點: 環球全域電訊有限公司 (APID 01465),已登記的WiFi 熱點: 環球全域電訊有限公司 (APID 01465),majorDestination,已登記的WiFi 熱點: 環球全域電訊有限公司 (APID 01465),,,,,,1,true
已登記的WiFi 熱點: Y5ZONE Limited (APID 08620),已登記的WiFi 熱點: Y5ZONE Limited (APID 08620),majorDestination,已登記的WiFi 熱點: Y5ZONE Limited (APID 08620),,,,,,1,true
天麓,天麓,majorDestination,天麓,,,,,,1,true
天后,天后,majorDestination,天后,,,,,,1,true
上天竺,上天竺,majorDestination,上天竺,,,,,,1,true
協天宮,協天宮,majorDestination,協天宮,,,,,,1,true
天安園,天安園,majorDestination,天安園,,,,,,1,true
天益園,天益園,majorDestination,天益園,,,,,,1,true
天后官,天后官,majorDestination,天后官,,,,,,1,true
天后宮,天后宮,majorDestination,天后宮,,,,,,1,true
天后廟,天后廟,majorDestination,天后廟,,,,,,1,true
天主堂,天主堂,majorDestination,天主堂,,,,,,1,true
航天城,航天城,majorDestination,航天城,,,,,,1,true
天海灣,天海灣,majorDestination,天海灣,,,,,,1,true
月鑽天,月鑽天,majorDestination,月鑽天,,,,,,1,true
皇鑽天,皇鑽天,majorDestination,皇鑽天,,,,,,1,true
星鑽天,星鑽天,majorDestination,星鑽天,,,,,,1,true
日鑽天,日鑽天,majorDestination,日鑽天,,,,,,1,true
天梯洞,天梯洞,majorDestination,天梯洞,,,,,,1,true
工務區域試驗所（天水圍）,工務區域試驗所（天水圍）,majorDestination,工務區域試驗所（天水圍）,,,,,,1,true
武帝宮,武帝宮,majorDestination,武帝宮,,,,,,1,true
武帝殿,武帝殿,majorDestination,武帝殿,,,,,,1,true
關帝廟,關帝廟,majorDestination,關帝廟,,,,,,1,true
皇帝巖,皇帝巖,majorDestination,皇帝巖,,,,,,1,true
北帝廟,北帝廟,majorDestination,北帝廟,,,,,,1,true
文帝古廟,文帝古廟,majorDestination,文帝古廟,,,,,,1,true
關帝古廟,關帝古廟,majorDestination,關帝古廟,,,,,,1,true
關帝聖宮,關帝聖宮,majorDestination,關帝聖宮,,,,,,1,true
關聖帝宮,關聖帝宮,majorDestination,關聖帝宮,,,,,,1,true
帝琴豪庭,帝琴豪庭,majorDestination,帝琴豪庭,,,,,,1,true
帝峯.皇殿,帝峯.皇殿,majorDestination,帝峯.皇殿,,,,,,1,true
北帝古廟,北帝古廟,majorDestination,北帝古廟,,,,,,1,true
玄關帝廟,玄關帝廟,majorDestination,玄關帝廟,,,,,,1,true
帝柏園1座,帝柏園1座,majorDestination,帝柏園1座,,,,,,1,true
文武二帝廟,文武二帝廟,majorDestination,文武二帝廟,,,,,,1,true
玄關二帝廟,玄關二帝廟,majorDestination,玄關二帝廟,,,,,,1,true
帝堡城第一座,帝堡城第一座,majorDestination,帝堡城第一座,,,,,,1,true
帝堡城第二座,帝堡城第二座,majorDestination,帝堡城第二座,,,,,,1,true
帝堡城第三座,帝堡城第三座,majorDestination,帝堡城第三座,,,,,,1,true
帝堡城第五座,帝堡城第五座,majorDestination,帝堡城第五座,,,,,,1,true
帝堡城第六座,帝堡城第六座,majorDestination,帝堡城第六座,,,,,,1,true
帝堡城第七座,帝堡城第七座,majorDestination,帝堡城第七座,,,,,,1,true
帝堡城第八座,帝堡城第八座,majorDestination,帝堡城第八座,,,,,,1,true
帝景園第1座,帝景園第1座,majorDestination,帝景園第1座,,,,,,1,true
THE MAHJONG,THE MAHJONG,majorDestination,THE MAHJONG,,,,,,1,true
皇屋貝,皇屋貝,majorDestination,皇屋貝,,,,,,1,true
皇后山,皇后山,majorDestination,皇后山,,,,,,1,true
皇家圍,皇家圍,majorDestination,皇家圍,,,,,,1,true
皇府會,皇府會,majorDestination,皇府會,,,,,,1,true
已登記的WiFi 熱點: Hong Kong Telecommunications (HKT) Limited (APID 06025),已登記的WiFi 熱點: Hong Kong Telecommunications (HKT) Limited (APID 06025),majorDestination,已登記的WiFi 熱點: Hong Kong Telecommunications (HKT) Limited (APID 06025),,,,,,1,true
已登記的WiFi 熱點: 香港寬頻網絡有限公司 (APID 03654),已登記的WiFi 熱點: 香港寬頻網絡有限公司 (APID 03654),majorDestination,已登記的WiFi 熱點: 香港寬頻網絡有限公司 (APID 03654),,,,,,1,true
已登記的WiFi 熱點: 香港寬頻網絡有限公司 (APID 03828),已登記的WiFi 熱點: 香港寬頻網絡有限公司 (APID 03828),majorDestination,已登記的WiFi 熱點: 香港寬頻網絡有限公司 (APID 03828),,,,,,1,true
已登記的WiFi 熱點: Hong Kong Telecommunications (HKT) Limited (APID 06185),已登記的WiFi 熱點: Hong Kong Telecommunications (HKT) Limited (APID 06185),majorDestination,已登記的WiFi 熱點: Hong Kong Telecommunications (HKT) Limited (APID 06185),,,,,,1,true
已登記的WiFi 熱點: Hong Kong Telecommunications (HKT) Limited (APID 06186),已登記的WiFi 熱點: Hong Kong Telecommunications (HKT) Limited (APID 06186),majorDestination,已登記的WiFi 熱點: Hong Kong Telecommunications (HKT) Limited (APID 06186),,,,,,1,true
回收機構及收集點： 綠在西營盤回收流動點 - 017,回收機構及收集點： 綠在西營盤回收流動點 - 017,majorDestination,回收機構及收集點： 綠在西營盤回收流動點 - 017,,,,,,1,true
香港外國記者會,香港外國記者會,majorDestination,香港外國記者會,,,,,,1,true
SHANGHAI DESTINY,SHANGHAI DESTINY,majorDestination,SHANGHAI DESTINY,,,,,,1,true
五陵會,五陵會,majorDestination,五陵會,,,,,,1,true
香港華商銀行公會有限公司,香港華商銀行公會有限公司,majorDestination,香港華商銀行公會有限公司,,,,,,1,true
香港上海總會有限公司,香港上海總會有限公司,majorDestination,香港上海總會有限公司,,,,,,1,true
藝穗會,藝穗會,majorDestination,藝穗會,,,,,,1,true
Wi-Fi.HK 熱點位置: 中環三號碼頭,Wi-Fi.HK 熱點位置: 中環三號碼頭,majorDestination,Wi-Fi.HK 熱點位置: 中環三號碼頭,,,,,,1,true
Wi-Fi.HK 熱點位置: 東亞銀行- 總行,Wi-Fi.HK 熱點位置: 東亞銀行- 總行,majorDestination,Wi-Fi.HK 熱點位置: 東亞銀行- 總行,,,,,,1,true
WEAVE SUITES - CENTRAL WEST,WEAVE SUITES - CENTRAL WEST,majorDestination,WEAVE SUITES - CENTRAL WEST,,,,,,1,true
香港基督徒聚會所(中西區),香港基督徒聚會所(中西區),majorDestination,香港基督徒聚會所(中西區),,,,,,1,true
Prince Central,Prince Central,majorDestination,Prince Central,,,,,,1,true
公務員事務局 (6樓),公務員事務局 (6樓),majorDestination,公務員事務局 (6樓),,,,,,1,true
公務員事務局 (7樓),公務員事務局 (7樓),majorDestination,公務員事務局 (7樓),,,,,,1,true
公務員事務局 (8樓),公務員事務局 (8樓),majorDestination,公務員事務局 (8樓),,,,,,1,true
公務員事務局 (9樓),公務員事務局 (9樓),majorDestination,公務員事務局 (9樓),,,,,,1,true
申訴專員公署,申訴專員公署,majorDestination,申訴專員公署,,,,,,1,true
回收機構及收集點： 綠在上環回收流動點 - 009,回收機構及收集點： 綠在上環回收流動點 - 009,majorDestination,回收機構及收集點： 綠在上環回收流動點 - 009,,,,,,1,true
已登記的WiFi 熱點: 香港電話有限公司 (APID 07132),已登記的WiFi 熱點: 香港電話有限公司 (APID 07132),majorDestination,已登記的WiFi 熱點: 香港電話有限公司 (APID 07132),,,,,,1,true
已登記的WiFi 熱點: 香港電話有限公司 (APID 07103),已登記的WiFi 熱點: 香港電話有限公司 (APID 07103),majorDestination,已登記的WiFi 熱點: 香港電話有限公司 (APID 07103),,,,,,1,true
已登記的WiFi 熱點: 環球全域電訊有限公司 (APID 01758),已登記的WiFi 熱點: 環球全域電訊有限公司 (APID 01758),majorDestination,已登記的WiFi 熱點: 環球全域電訊有限公司 (APID 01758),,,,,,1,true
已登記的WiFi 熱點: Hong Kong Telecommunications (HKT) Limited (APID 04939),已登記的WiFi 熱點: Hong Kong Telecommunications (HKT) Limited (APID 04939),majorDestination,已登記的WiFi 熱點: Hong Kong Telecommunications (HKT) Limited (APID 04939),,,,,,1,true
已登記的WiFi 熱點: 環球全域電訊有限公司 (APID 00581),已登記的WiFi 熱點: 環球全域電訊有限公司 (APID 00581),majorDestination,已登記的WiFi 熱點: 環球全域電訊有限公司 (APID 00581),,,,,,1,true
已登記的WiFi 熱點: Hong Kong Telecommunications (HKT) Limited (APID 04882),已登記的WiFi 熱點: Hong Kong Telecommunications (HKT) Limited (APID 04882),majorDestination,已登記的WiFi 熱點: Hong Kong Telecommunications (HKT) Limited (APID 04882),,,,,,1,true
已登記的WiFi 熱點: Hong Kong Telecommunications (HKT) Limited (APID 04909),已登記的WiFi 熱點: Hong Kong Telecommunications (HKT) Limited (APID 04909),majorDestination,已登記的WiFi 熱點: Hong Kong Telecommunications (HKT) Limited (APID 04909),,,,,,1,true
SPECIALISTS CENTRAL (CENTRAL),SPECIALISTS CENTRAL (CENTRAL),majorDestination,SPECIALISTS CENTRAL (CENTRAL),,,,,,1,true
仁德醫健 (中環),仁德醫健 (中環),majorDestination,仁德醫健 (中環),,,,,,1,true
和記物業管理有限公司 - 華人行,和記物業管理有限公司 - 華人行,majorDestination,和記物業管理有限公司 - 華人行,,,,,,1,true
滙晉專科,滙晉專科,majorDestination,滙晉專科,,,,,,1,true
Oasis Management (Hong Kong),Oasis Management (Hong Kong),majorDestination,Oasis Management (Hong Kong),,,,,,1,true
馬車會所有限公司,馬車會所有限公司,majorDestination,馬車會所有限公司,,,,,,1,true
證券商協會有限公司,證券商協會有限公司,majorDestination,證券商協會有限公司,,,,,,1,true
THE P&L CLUB,THE P&L CLUB,majorDestination,THE P&L CLUB,,,,,,1,true
香港銀行家會所,香港銀行家會所,majorDestination,香港銀行家會所,,,,,,1,true
華商會所,華商會所,majorDestination,華商會所,,,,,,1,true
香港商船高級船員會所,香港商船高級船員會所,majorDestination,香港商船高級船員會所,,,,,,1,true
Brevan Howard (Hong Kong) Limited,Brevan Howard (Hong Kong) Limited,majorDestination,Brevan Howard (Hong Kong) Limited,,,,,,1,true
嶺南會所,嶺南會所,majorDestination,嶺南會所,,,,,,1,true
陸宏隆醫生,陸宏隆醫生,majorDestination,陸宏隆醫生,,,,,,1,true
紐約行,紐約行,majorDestination,紐約行,,,,,,1,true
柏慧豪園,柏慧豪園,majorDestination,柏慧豪園,,,,,,1,true
新一頁言語治療及復康顧問有限公司,新一頁言語治療及復康顧問有限公司,majorDestination,新一頁言語治療及復康顧問有限公司,,,,,,1,true
新界神召會屯門堂,新界神召會屯門堂,majorDestination,新界神召會屯門堂,,,,,,1,true
海揚 (渡輪),海揚 (渡輪),majorDestination,海揚 (渡輪),,,,,,1,true
海立 (渡輪),海立 (渡輪),majorDestination,海立 (渡輪),,,,,,1,true
海盈 (渡輪),海盈 (渡輪),majorDestination,海盈 (渡輪),,,,,,1,true
海永 (渡輪),海永 (渡輪),majorDestination,海永 (渡輪),,,,,,1,true
海翠 (渡輪),海翠 (渡輪),majorDestination,海翠 (渡輪),,,,,,1,true
THE HONG KONG JOCKEY CLUB,THE HONG KONG JOCKEY CLUB,majorDestination,THE HONG KONG JOCKEY CLUB,,,,,,1,true
OA 眼科,OA 眼科,majorDestination,OA 眼科,,,,,,1,true
HKGTA TOWN CLUB,HKGTA TOWN CLUB,majorDestination,HKGTA TOWN CLUB,,,,,,1,true
香港聖公會福利協會有限公司,香港聖公會福利協會有限公司,majorDestination,香港聖公會福利協會有限公司,,,,,,1,true
安老院舍外展專業服務隊(屯門及元朗區),安老院舍外展專業服務隊(屯門及元朗區),majorDestination,安老院舍外展專業服務隊(屯門及元朗區),,,,,,1,true
清晰眼科,清晰眼科,majorDestination,清晰眼科,,,,,,1,true
大赤門,大赤門,majorDestination,大赤門,,,,,,1,true
北區公園,北區公園,majorDestination,北區公園,,,,,,1,true
塔門口,塔門口,majorDestination,塔門口,,,,,,1,true
藍天一色,藍天一色,majorDestination,藍天一色,,,,,,1,true
南果洲,南果洲,majorDestination,南果洲,,,,,,1,true
已登記的WiFi 熱點: 環球全域電訊有限公司 (APID 02025),已登記的WiFi 熱點: 環球全域電訊有限公司 (APID 02025),majorDestination,已登記的WiFi 熱點: 環球全域電訊有限公司 (APID 02025),,,,,,1,true
大磨刀,大磨刀,majorDestination,大磨刀,,,,,,1,true
西旅指揮部,西旅指揮部,majorDestination,西旅指揮部,,,,,,1,true
黃牛山,黃牛山,majorDestination,黃牛山,,,,,,1,true
城西公園,城西公園,majorDestination,城西公園,,,,,,1,true
已登記的WiFi 熱點: Y5ZONE Limited (APID 08208),已登記的WiFi 熱點: Y5ZONE Limited (APID 08208),majorDestination,已登記的WiFi 熱點: Y5ZONE Limited (APID 08208),,,,,,1,true
已登記的WiFi 熱點: Y5ZONE Limited (APID 08209),已登記的WiFi 熱點: Y5ZONE Limited (APID 08209),majorDestination,已登記的WiFi 熱點: Y5ZONE Limited (APID 08209),,,,,,1,true
Wi-Fi.HK 熱點位置: 添馬公園及中西區海濱長廊(中環段),Wi-Fi.HK 熱點位置: 添馬公園及中西區海濱長廊(中環段),majorDestination,Wi-Fi.HK 熱點位置: 添馬公園及中西區海濱長廊(中環段),,,,,,1,true
保護家庭及兒童服務課(東區及灣仔),保護家庭及兒童服務課(東區及灣仔),majorDestination,保護家庭及兒童服務課(東區及灣仔),,,,,,1,true
東區及灣仔區福利辦事處,東區及灣仔區福利辦事處,majorDestination,東區及灣仔區福利辦事處,,,,,,1,true
港島西及南區地政處,港島西及南區地政處,majorDestination,港島西及南區地政處,,,,,,1,true
皇朝會,皇朝會,majorDestination,皇朝會,,,,,,1,true
灣仔東基本污水處理廠,灣仔東基本污水處理廠,majorDestination,灣仔東基本污水處理廠,,,,,,1,true
灣仔東污水隔篩廠 (前稱),灣仔東污水隔篩廠 (前稱),majorDestination,灣仔東污水隔篩廠 (前稱),,,,,,1,true
食物進口商╱分銷商登記及進口簽證辦事處,食物進口商╱分銷商登記及進口簽證辦事處,majorDestination,食物進口商╱分銷商登記及進口簽證辦事處,,,,,,1,true
港島東區地政處,港島東區地政處,majorDestination,港島東區地政處,,,,,,1,true
識「碳」館,識「碳」館,majorDestination,識「碳」館,,,,,,1,true
PH3,PH3,majorDestination,PH3,,,,,,1,true
警察總部 M/F 西翼接待處,警察總部 M/F 西翼接待處,majorDestination,警察總部 M/F 西翼接待處,,,,,,1,true
保安人員許可證組 - 新申請/續牌,保安人員許可證組 - 新申請/續牌,majorDestination,保安人員許可證組 - 新申請/續牌,,,,,,1,true
新星中西大藥房有限公司,新星中西大藥房有限公司,majorDestination,新星中西大藥房有限公司,,,,,,1,true
信安中西大藥房,信安中西大藥房,majorDestination,信安中西大藥房,,,,,,1,true
已登記的WiFi 熱點: Hong Kong Telecommunications (HKT) Limited (APID 05714),已登記的WiFi 熱點: Hong Kong Telecommunications (HKT) Limited (APID 05714),majorDestination,已登記的WiFi 熱點: Hong Kong Telecommunications (HKT) Limited (APID 05714),,,,,,1,true
已登記的WiFi 熱點: 香港寬頻網絡有限公司 (APID 04286),已登記的WiFi 熱點: 香港寬頻網絡有限公司 (APID 04286),majorDestination,已登記的WiFi 熱點: 香港寬頻網絡有限公司 (APID 04286),,,,,,1,true
已登記的WiFi 熱點: Hong Kong Telecommunications (HKT) Limited (APID 05542),已登記的WiFi 熱點: Hong Kong Telecommunications (HKT) Limited (APID 05542),majorDestination,已登記的WiFi 熱點: Hong Kong Telecommunications (HKT) Limited (APID 05542),,,,,,1,true
已登記的WiFi 熱點: 環球全域電訊有限公司 (APID 00918),已登記的WiFi 熱點: 環球全域電訊有限公司 (APID 00918),majorDestination,已登記的WiFi 熱點: 環球全域電訊有限公司 (APID 00918),,,,,,1,true
已登記的WiFi 熱點: Hong Kong Telecommunications (HKT) Limited (APID 05654),已登記的WiFi 熱點: Hong Kong Telecommunications (HKT) Limited (APID 05654),majorDestination,已登記的WiFi 熱點: Hong Kong Telecommunications (HKT) Limited (APID 05654),,,,,,1,true
銅鑼灣社會保障辦事處,銅鑼灣社會保障辦事處,majorDestination,銅鑼灣社會保障辦事處,,,,,,1,true
北角浸信會,北角浸信會,majorDestination,北角浸信會,,,,,,1,true
東華三院方樹泉幼兒園,東華三院方樹泉幼兒園,majorDestination,東華三院方樹泉幼兒園,,,,,,1,true
南華體育會,南華體育會,majorDestination,南華體育會,,,,,,1,true
已登記的WiFi 熱點: Hong Kong Telecommunications (HKT) Limited (APID 05811),已登記的WiFi 熱點: Hong Kong Telecommunications (HKT) Limited (APID 05811),majorDestination,已登記的WiFi 熱點: Hong Kong Telecommunications (HKT) Limited (APID 05811),,,,,,1,true
東角Laforet,東角Laforet,majorDestination,東角Laforet,,,,,,1,true
Wi-Fi.HK 熱點位置: 東亞銀行- 銅鑼灣分行,Wi-Fi.HK 熱點位置: 東亞銀行- 銅鑼灣分行,majorDestination,Wi-Fi.HK 熱點位置: 東亞銀行- 銅鑼灣分行,,,,,,1,true
已登記的WiFi 熱點: 香港電話有限公司 (APID 07376),已登記的WiFi 熱點: 香港電話有限公司 (APID 07376),majorDestination,已登記的WiFi 熱點: 香港電話有限公司 (APID 07376),,,,,,1,true
已登記的WiFi 熱點: Y5ZONE Limited (APID 08443),已登記的WiFi 熱點: Y5ZONE Limited (APID 08443),majorDestination,已登記的WiFi 熱點: Y5ZONE Limited (APID 08443),,,,,,1,true
已登記的WiFi 熱點: Hong Kong Telecommunications (HKT) Limited (APID 05800),已登記的WiFi 熱點: Hong Kong Telecommunications (HKT) Limited (APID 05800),majorDestination,已登記的WiFi 熱點: Hong Kong Telecommunications (HKT) Limited (APID 05800),,,,,,1,true
已登記的WiFi 熱點: Hong Kong Telecommunications (HKT) Limited (APID 05723),已登記的WiFi 熱點: Hong Kong Telecommunications (HKT) Limited (APID 05723),majorDestination,已登記的WiFi 熱點: Hong Kong Telecommunications (HKT) Limited (APID 05723),,,,,,1,true
車維仕汽車服務,車維仕汽車服務,majorDestination,車維仕汽車服務,,,,,,1,true
香港中央圖書館,香港中央圖書館,majorDestination,香港中央圖書館,,,,,,1,true
Wi-Fi.HK 熱點位置: 香港中央圖書館,Wi-Fi.HK 熱點位置: 香港中央圖書館,majorDestination,Wi-Fi.HK 熱點位置: 香港中央圖書館,,,,,,1,true
回收機構及收集點： 綠在跑馬地回收流動點 - 022,回收機構及收集點： 綠在跑馬地回收流動點 - 022,majorDestination,回收機構及收集點： 綠在跑馬地回收流動點 - 022,,,,,,1,true
保良局新生家,保良局新生家,majorDestination,保良局新生家,,,,,,1,true
南景樓,南景樓,majorDestination,南景樓,,,,,,1,true
已登記的WiFi 熱點: 南中國科技 (APID 07694),已登記的WiFi 熱點: 南中國科技 (APID 07694),majorDestination,已登記的WiFi 熱點: 南中國科技 (APID 07694),,,,,,1,true
香港基督徒聚會所(東區),香港基督徒聚會所(東區),majorDestination,香港基督徒聚會所(東區),,,,,,1,true
已登記的WiFi 熱點: 香港寬頻網絡有限公司 (APID 03741),已登記的WiFi 熱點: 香港寬頻網絡有限公司 (APID 03741),majorDestination,已登記的WiFi 熱點: 香港寬頻網絡有限公司 (APID 03741),,,,,,1,true
已登記的WiFi 熱點: 香港寬頻網絡有限公司 (APID 03742),已登記的WiFi 熱點: 香港寬頻網絡有限公司 (APID 03742),majorDestination,已登記的WiFi 熱點: 香港寬頻網絡有限公司 (APID 03742),,,,,,1,true
已登記的WiFi 熱點: Y5ZONE Limited (APID 08542),已登記的WiFi 熱點: Y5ZONE Limited (APID 08542),majorDestination,已登記的WiFi 熱點: Y5ZONE Limited (APID 08542),,,,,,1,true
已登記的WiFi 熱點: Y5ZONE Limited (APID 08540),已登記的WiFi 熱點: Y5ZONE Limited (APID 08540),majorDestination,已登記的WiFi 熱點: Y5ZONE Limited (APID 08540),,,,,,1,true
已登記的WiFi 熱點: 香港電話有限公司 (APID 07520),已登記的WiFi 熱點: 香港電話有限公司 (APID 07520),majorDestination,已登記的WiFi 熱點: 香港電話有限公司 (APID 07520),,,,,,1,true
北角西食水配水庫 (別稱),北角西食水配水庫 (別稱),majorDestination,北角西食水配水庫 (別稱),,,,,,1,true
新香港名車修理公司,新香港名車修理公司,majorDestination,新香港名車修理公司,,,,,,1,true
新富強藥房有限公司,新富強藥房有限公司,majorDestination,新富強藥房有限公司,,,,,,1,true
鰂魚涌浸信會,鰂魚涌浸信會,majorDestination,鰂魚涌浸信會,,,,,,1,true
咖啡空間,咖啡空間,majorDestination,咖啡空間,,,,,,1,true
回收機構及收集點： 綠在鰂魚涌回收流動點 - 015,回收機構及收集點： 綠在鰂魚涌回收流動點 - 015,majorDestination,回收機構及收集點： 綠在鰂魚涌回收流動點 - 015,,,,,,1,true
香港地圖銷售處,香港地圖銷售處,majorDestination,香港地圖銷售處,,,,,,1,true
已登記的WiFi 熱點: Hong Kong Telecommunications (HKT) Limited (APID 06235),已登記的WiFi 熱點: Hong Kong Telecommunications (HKT) Limited (APID 06235),majorDestination,已登記的WiFi 熱點: Hong Kong Telecommunications (HKT) Limited (APID 06235),,,,,,1,true
AEON STYLE康怡-超級市場,AEON STYLE康怡-超級市場,majorDestination,AEON STYLE康怡-超級市場,,,,,,1,true
環境保護署區域辦事處(南)顧客服務枱,環境保護署區域辦事處(南)顧客服務枱,majorDestination,環境保護署區域辦事處(南)顧客服務枱,,,,,,1,true
已登記的WiFi 熱點: Y5ZONE Limited (APID 08797),已登記的WiFi 熱點: Y5ZONE Limited (APID 08797),majorDestination,已登記的WiFi 熱點: Y5ZONE Limited (APID 08797),,,,,,1,true
已登記的WiFi 熱點: Y5ZONE Limited (APID 08595),已登記的WiFi 熱點: Y5ZONE Limited (APID 08595),majorDestination,已登記的WiFi 熱點: Y5ZONE Limited (APID 08595),,,,,,1,true
已登記的WiFi 熱點: 香港寬頻網絡有限公司 (APID 04250),已登記的WiFi 熱點: 香港寬頻網絡有限公司 (APID 04250),majorDestination,已登記的WiFi 熱點: 香港寬頻網絡有限公司 (APID 04250),,,,,,1,true
已登記的WiFi 熱點: Hong Kong Telecommunications (HKT) Limited (APID 06243),已登記的WiFi 熱點: Hong Kong Telecommunications (HKT) Limited (APID 06243),majorDestination,已登記的WiFi 熱點: Hong Kong Telecommunications (HKT) Limited (APID 06243),,,,,,1,true
東隅服務式公寓,東隅服務式公寓,majorDestination,東隅服務式公寓,,,,,,1,true
巴斯夫東亞地區總部有限公司,巴斯夫東亞地區總部有限公司,majorDestination,巴斯夫東亞地區總部有限公司,,,,,,1,true
SUGAR,SUGAR,majorDestination,SUGAR,,,,,,1,true
已登記的WiFi 熱點: Hong Kong Telecommunications (HKT) Limited (APID 06249),已登記的WiFi 熱點: Hong Kong Telecommunications (HKT) Limited (APID 06249),majorDestination,已登記的WiFi 熱點: Hong Kong Telecommunications (HKT) Limited (APID 06249),,,,,,1,true
已登記的WiFi 熱點: Hong Kong Telecommunications (HKT) Limited (APID 06248),已登記的WiFi 熱點: Hong Kong Telecommunications (HKT) Limited (APID 06248),majorDestination,已登記的WiFi 熱點: Hong Kong Telecommunications (HKT) Limited (APID 06248),,,,,,1,true
Shama Central,Shama Central,majorDestination,Shama Central,,,,,,1,true
新咖啡灣泳灘,新咖啡灣泳灘,majorDestination,新咖啡灣泳灘,,,,,,1,true
青新駅,青新駅,majorDestination,青新駅,,,,,,1,true
新沙雀聯誼城,新沙雀聯誼城,majorDestination,新沙雀聯誼城,,,,,,1,true
新生農場,新生農場,majorDestination,新生農場,,,,,,1,true
塑新生有限公司,塑新生有限公司,majorDestination,塑新生有限公司,,,,,,1,true
新東涌坑,新東涌坑,majorDestination,新東涌坑,,,,,,1,true
新界西堆填區,新界西堆填區,majorDestination,新界西堆填區,,,,,,1,true
新生精神康復會新生銀禧宿舍,新生精神康復會新生銀禧宿舍,majorDestination,新生精神康復會新生銀禧宿舍,,,,,,1,true
One New York,One New York,majorDestination,One New York,,,,,,1,true
好當家 (大埔及北區),好當家 (大埔及北區),majorDestination,好當家 (大埔及北區),,,,,,1,true
Landmark East 停車場,Landmark East 停車場,majorDestination,Landmark East 停車場,,,,,,1,true
大山東,大山東,majorDestination,大山東,,,,,,1,true
小磨刀,小磨刀,majorDestination,小磨刀,,,,,,1,true
大埔東上配水庫,大埔東上配水庫,majorDestination,大埔東上配水庫,,,,,,1,true
大埔東高地食水配水庫,大埔東高地食水配水庫,majorDestination,大埔東高地食水配水庫,,,,,,1,true
大埔東下配水庫,大埔東下配水庫,majorDestination,大埔東下配水庫,,,,,,1,true
大埔東低地食水配水庫,大埔東低地食水配水庫,majorDestination,大埔東低地食水配水庫,,,,,,1,true
成昌樓,成昌樓,majorDestination,成昌樓,,,,,,1,true
新大埔旅店,新大埔旅店,majorDestination,新大埔旅店,,,,,,1,true
香港基督教女青年會賽馬會西環綜合社會服務處 (分處),香港基督教女青年會賽馬會西環綜合社會服務處 (分處),majorDestination,香港基督教女青年會賽馬會西環綜合社會服務處 (分處),,,,,,1,true
已登記的WiFi 熱點: Hong Kong Telecommunications (HKT) Limited (APID 04846),已登記的WiFi 熱點: Hong Kong Telecommunications (HKT) Limited (APID 04846),majorDestination,已登記的WiFi 熱點: Hong Kong Telecommunications (HKT) Limited (APID 04846),,,,,,1,true
神召會西環堂,神召會西環堂,majorDestination,神召會西環堂,,,,,,1,true
金寶大葯房,金寶大葯房,majorDestination,金寶大葯房,,,,,,1,true
回收機構及收集點： 綠在堅城回收流動點 - 015,回收機構及收集點： 綠在堅城回收流動點 - 015,majorDestination,回收機構及收集點： 綠在堅城回收流動點 - 015,,,,,,1,true
鴻業汽車維修有限公司,鴻業汽車維修有限公司,majorDestination,鴻業汽車維修有限公司,,,,,,1,true
泓都,泓都,majorDestination,泓都,,,,,,1,true
泓都第一座,泓都第一座,majorDestination,泓都第一座,,,,,,1,true
萬景旅遊汽車有限公司,萬景旅遊汽車有限公司,majorDestination,萬景旅遊汽車有限公司,,,,,,1,true
純陽仙洞,純陽仙洞,majorDestination,純陽仙洞,,,,,,1,true
中山紀念公園游泳池 - 池面近救護室,中山紀念公園游泳池 - 池面近救護室,majorDestination,中山紀念公園游泳池 - 池面近救護室,,,,,,1,true
萬得藥房,萬得藥房,majorDestination,萬得藥房,,,,,,1,true
香港西區婦女福利會幼兒園,香港西區婦女福利會幼兒園,majorDestination,香港西區婦女福利會幼兒園,,,,,,1,true
惠康超級市場-上環,惠康超級市場-上環,majorDestination,惠康超級市場-上環,,,,,,1,true
六安薈,六安薈,majorDestination,六安薈,,,,,,1,true
麗恩護老院有限公司,麗恩護老院有限公司,majorDestination,麗恩護老院有限公司,,,,,,1,true
筷品會,筷品會,majorDestination,筷品會,,,,,,1,true
翡格,翡格,majorDestination,翡格,,,,,,1,true
壹棠,壹棠,majorDestination,壹棠,,,,,,1,true
萊索托 - 名譽領事館,萊索托 - 名譽領事館,majorDestination,萊索托 - 名譽領事館,,,,,,1,true
泓盛大藥房,泓盛大藥房,majorDestination,泓盛大藥房,,,,,,1,true
已登記的WiFi 熱點: 香港電話有限公司 (APID 07056),已登記的WiFi 熱點: 香港電話有限公司 (APID 07056),majorDestination,已登記的WiFi 熱點: 香港電話有限公司 (APID 07056),,,,,,1,true
已登記的WiFi 熱點: 香港電話有限公司 (APID 07101),已登記的WiFi 熱點: 香港電話有限公司 (APID 07101),majorDestination,已登記的WiFi 熱點: 香港電話有限公司 (APID 07101),,,,,,1,true
已登記的WiFi 熱點: Hong Kong Telecommunications (HKT) Limited (APID 04927),已登記的WiFi 熱點: Hong Kong Telecommunications (HKT) Limited (APID 04927),majorDestination,已登記的WiFi 熱點: Hong Kong Telecommunications (HKT) Limited (APID 04927),,,,,,1,true
已登記的WiFi 熱點: Hong Kong Telecommunications (HKT) Limited (APID 04976),已登記的WiFi 熱點: Hong Kong Telecommunications (HKT) Limited (APID 04976),majorDestination,已登記的WiFi 熱點: Hong Kong Telecommunications (HKT) Limited (APID 04976),,,,,,1,true
首互專業護理服務,首互專業護理服務,majorDestination,首互專業護理服務,,,,,,1,true
中區警區總部,中區警區總部,majorDestination,中區警區總部,,,,,,1,true
璘舍,璘舍,majorDestination,璘舍,,,,,,1,true
灝美中環,灝美中環,majorDestination,灝美中環,,,,,,1,true
尼泊爾 - 總領事館,尼泊爾 - 總領事館,majorDestination,尼泊爾 - 總領事館,,,,,,1,true
圓方南停車場,圓方南停車場,majorDestination,圓方南停車場,,,,,,1,true
壹食就醉,壹食就醉,majorDestination,壹食就醉,,,,,,1,true
麗康墨盒,麗康墨盒,majorDestination,麗康墨盒,,,,,,1,true
積寓,積寓,majorDestination,積寓,,,,,,1,true
HOMY INN,HOMY INN,majorDestination,HOMY INN,,,,,,1,true
一木,一木,majorDestination,一木,,,,,,1,true
騎士,騎士,majorDestination,騎士,,,,,,1,true
MITZU INN,MITZU INN,majorDestination,MITZU INN,,,,,,1,true
大浪旅遊,大浪旅遊,majorDestination,大浪旅遊,,,,,,1,true
7號,7號,majorDestination,7號,,,,,,1,true
一房,一房,majorDestination,一房,,,,,,1,true
月辰舍,月辰舍,majorDestination,月辰舍,,,,,,1,true
RENDEZVOUS INN,RENDEZVOUS INN,majorDestination,RENDEZVOUS INN,,,,,,1,true
玫瑰堂,玫瑰堂,majorDestination,玫瑰堂,,,,,,1,true
已登記的WiFi 熱點: Hong Kong Telecommunications (HKT) Limited (APID 05172),已登記的WiFi 熱點: Hong Kong Telecommunications (HKT) Limited (APID 05172),majorDestination,已登記的WiFi 熱點: Hong Kong Telecommunications (HKT) Limited (APID 05172),,,,,,1,true
已登記的WiFi 熱點: 環球全域電訊有限公司 (APID 01025),已登記的WiFi 熱點: 環球全域電訊有限公司 (APID 01025),majorDestination,已登記的WiFi 熱點: 環球全域電訊有限公司 (APID 01025),,,,,,1,true
已登記的WiFi 熱點: 環球全域電訊有限公司 (APID 01026),已登記的WiFi 熱點: 環球全域電訊有限公司 (APID 01026),majorDestination,已登記的WiFi 熱點: 環球全域電訊有限公司 (APID 01026),,,,,,1,true
已登記的WiFi 熱點: Hong Kong Telecommunications (HKT) Limited (APID 05637),已登記的WiFi 熱點: Hong Kong Telecommunications (HKT) Limited (APID 05637),majorDestination,已登記的WiFi 熱點: Hong Kong Telecommunications (HKT) Limited (APID 05637),,,,,,1,true
已登記的WiFi 熱點: Hong Kong Telecommunications (HKT) Limited (APID 06680),已登記的WiFi 熱點: Hong Kong Telecommunications (HKT) Limited (APID 06680),majorDestination,已登記的WiFi 熱點: Hong Kong Telecommunications (HKT) Limited (APID 06680),,,,,,1,true
已登記的WiFi 熱點: 環球全域電訊有限公司 (APID 01024),已登記的WiFi 熱點: 環球全域電訊有限公司 (APID 01024),majorDestination,已登記的WiFi 熱點: 環球全域電訊有限公司 (APID 01024),,,,,,1,true
尖沙咀東部海濱公園 (前稱),尖沙咀東部海濱公園 (前稱),majorDestination,尖沙咀東部海濱公園 (前稱),,,,,,1,true
樂滿濤桑拿康健會,樂滿濤桑拿康健會,majorDestination,樂滿濤桑拿康健會,,,,,,1,true
圓方,圓方,majorDestination,圓方,,,,,,1,true
ELEMENTS CLUB,ELEMENTS CLUB,majorDestination,ELEMENTS CLUB,,,,,,1,true
仁愛堂陳鄭玉而幼兒園,仁愛堂陳鄭玉而幼兒園,majorDestination,仁愛堂陳鄭玉而幼兒園,,,,,,1,true
活力傳意,活力傳意,majorDestination,活力傳意,,,,,,1,true
Wi-Fi.HK 熱點位置: 圓方,Wi-Fi.HK 熱點位置: 圓方,majorDestination,Wi-Fi.HK 熱點位置: 圓方,,,,,,1,true
已登記的WiFi 熱點: 環球全域電訊有限公司 (APID 01756),已登記的WiFi 熱點: 環球全域電訊有限公司 (APID 01756),majorDestination,已登記的WiFi 熱點: 環球全域電訊有限公司 (APID 01756),,,,,,1,true
已登記的WiFi 熱點: Hong Kong Telecommunications (HKT) Limited (APID 06713),已登記的WiFi 熱點: Hong Kong Telecommunications (HKT) Limited (APID 06713),majorDestination,已登記的WiFi 熱點: Hong Kong Telecommunications (HKT) Limited (APID 06713),,,,,,1,true
已登記的WiFi 熱點: Y5ZONE Limited (APID 08231),已登記的WiFi 熱點: Y5ZONE Limited (APID 08231),majorDestination,已登記的WiFi 熱點: Y5ZONE Limited (APID 08231),,,,,,1,true
已登記的WiFi 熱點: Y5ZONE Limited (APID 08232),已登記的WiFi 熱點: Y5ZONE Limited (APID 08232),majorDestination,已登記的WiFi 熱點: Y5ZONE Limited (APID 08232),,,,,,1,true
新大阪旅館,新大阪旅館,majorDestination,新大阪旅館,,,,,,1,true
新上海招待所,新上海招待所,majorDestination,新上海招待所,,,,,,1,true
新超級賓舘,新超級賓舘,majorDestination,新超級賓舘,,,,,,1,true
新亞招待所,新亞招待所,majorDestination,新亞招待所,,,,,,1,true
尖沙嘴浸信會坪洲福音堂,尖沙嘴浸信會坪洲福音堂,majorDestination,尖沙嘴浸信會坪洲福音堂,,,,,,1,true
尖沙嘴浸信會西沙福音堂,尖沙嘴浸信會西沙福音堂,majorDestination,尖沙嘴浸信會西沙福音堂,,,,,,1,true
新永利旅館,新永利旅館,majorDestination,新永利旅館,,,,,,1,true
新永明旅館,新永明旅館,majorDestination,新永明旅館,,,,,,1,true
基督教尖沙咀潮人生命堂沙田支堂,基督教尖沙咀潮人生命堂沙田支堂,majorDestination,基督教尖沙咀潮人生命堂沙田支堂,,,,,,1,true
尖沙嘴浸信會天水圍福音堂,尖沙嘴浸信會天水圍福音堂,majorDestination,尖沙嘴浸信會天水圍福音堂,,,,,,1,true
老舍,老舍,majorDestination,老舍,,,,,,1,true
環保社會企業,環保社會企業,majorDestination,環保社會企業,,,,,,1,true
慧玄精舍,慧玄精舍,majorDestination,慧玄精舍,,,,,,1,true
永盛中西大藥房,永盛中西大藥房,majorDestination,永盛中西大藥房,,,,,,1,true
優品中西大藥房有限公司,優品中西大藥房有限公司,majorDestination,優品中西大藥房有限公司,,,,,,1,true
編號19郵箱,編號19郵箱,majorDestination,編號19郵箱,,,,,,1,true
編號482郵箱,編號482郵箱,majorDestination,編號482郵箱,,,,,,1,true
回收機構及收集點： LG電子香港,回收機構及收集點： LG電子香港,majorDestination,回收機構及收集點： LG電子香港,,,,,,1,true
已登記的WiFi 熱點: Hong Kong Telecommunications (HKT) Limited (APID 05418),已登記的WiFi 熱點: Hong Kong Telecommunications (HKT) Limited (APID 05418),majorDestination,已登記的WiFi 熱點: Hong Kong Telecommunications (HKT) Limited (APID 05418),,,,,,1,true
東匯,東匯,majorDestination,東匯,,,,,,1,true
編號182郵箱,編號182郵箱,majorDestination,編號182郵箱,,,,,,1,true
已登記的WiFi 熱點: Hong Kong Telecommunications (HKT) Limited (APID 05548),已登記的WiFi 熱點: Hong Kong Telecommunications (HKT) Limited (APID 05548),majorDestination,已登記的WiFi 熱點: Hong Kong Telecommunications (HKT) Limited (APID 05548),,,,,,1,true
救世軍旺角西分隊,救世軍旺角西分隊,majorDestination,救世軍旺角西分隊,,,,,,1,true
AIVR Company Limited,AIVR Company Limited,majorDestination,AIVR Company Limited,,,,,,1,true
五季禪食,五季禪食,majorDestination,五季禪食,,,,,,1,true
已登記的WiFi 熱點: 香港寬頻網絡有限公司 (APID 02998),已登記的WiFi 熱點: 香港寬頻網絡有限公司 (APID 02998),majorDestination,已登記的WiFi 熱點: 香港寬頻網絡有限公司 (APID 02998),,,,,,1,true
一田超級市場-旺角,一田超級市場-旺角,majorDestination,一田超級市場-旺角,,,,,,1,true
英慶佛堂,英慶佛堂,majorDestination,英慶佛堂,,,,,,1,true
B+ cinema MOKO,B+ cinema MOKO,majorDestination,B+ cinema MOKO,,,,,,1,true
康寧中西藥房,康寧中西藥房,majorDestination,康寧中西藥房,,,,,,1,true
高登大藥房,高登大藥房,majorDestination,高登大藥房,,,,,,1,true
回收機構及收集點： 佳能,回收機構及收集點： 佳能,majorDestination,回收機構及收集點： 佳能,,,,,,1,true
已登記的WiFi 熱點: Y5ZONE Limited (APID 08202),已登記的WiFi 熱點: Y5ZONE Limited (APID 08202),majorDestination,已登記的WiFi 熱點: Y5ZONE Limited (APID 08202),,,,,,1,true
已登記的WiFi 熱點: 香港電話有限公司 (APID 07232),已登記的WiFi 熱點: 香港電話有限公司 (APID 07232),majorDestination,已登記的WiFi 熱點: 香港電話有限公司 (APID 07232),,,,,,1,true
SPECIALISTS CENTRAL (MONGKOK),SPECIALISTS CENTRAL (MONGKOK),majorDestination,SPECIALISTS CENTRAL (MONGKOK),,,,,,1,true
SPECIALISTS CENTRAL,SPECIALISTS CENTRAL,majorDestination,SPECIALISTS CENTRAL,,,,,,1,true
旺角浸信會天恩福音堂,旺角浸信會天恩福音堂,majorDestination,旺角浸信會天恩福音堂,,,,,,1,true
幸福中西大藥房,幸福中西大藥房,majorDestination,幸福中西大藥房,,,,,,1,true
偉景樓,偉景樓,majorDestination,偉景樓,,,,,,1,true
東九龍走廊,東九龍走廊,majorDestination,東九龍走廊,,,,,,1,true
D'ORO PRIVATE CLUB,D'ORO PRIVATE CLUB,majorDestination,D'ORO PRIVATE CLUB,,,,,,1,true
CLUB GA,CLUB GA,majorDestination,CLUB GA,,,,,,1,true
THE HARBOURVIEW PLACE,THE HARBOURVIEW PLACE,majorDestination,THE HARBOURVIEW PLACE,,,,,,1,true
新馬可勃羅別墅,新馬可勃羅別墅,majorDestination,新馬可勃羅別墅,,,,,,1,true
千悅旅業會社,千悅旅業會社,majorDestination,千悅旅業會社,,,,,,1,true
大洋旅店,大洋旅店,majorDestination,大洋旅店,,,,,,1,true
宏洋旅店,宏洋旅店,majorDestination,宏洋旅店,,,,,,1,true
純旅館,純旅館,majorDestination,純旅館,,,,,,1,true
樂從同鄉會有限公司,樂從同鄉會有限公司,majorDestination,樂從同鄉會有限公司,,,,,,1,true
回收機構及收集點： 佐敦谷公園,回收機構及收集點： 佐敦谷公園,majorDestination,回收機構及收集點： 佐敦谷公園,,,,,,1,true
Wi-Fi.HK 熱點位置: 佐敦谷公園,Wi-Fi.HK 熱點位置: 佐敦谷公園,majorDestination,Wi-Fi.HK 熱點位置: 佐敦谷公園,,,,,,1,true
音樂事務處總辦事處,音樂事務處總辦事處,majorDestination,音樂事務處總辦事處,,,,,,1,true
九龍東區地政處,九龍東區地政處,majorDestination,九龍東區地政處,,,,,,1,true
九龍西區地政處,九龍西區地政處,majorDestination,九龍西區地政處,,,,,,1,true
油尖社會保障辦事處,油尖社會保障辦事處,majorDestination,油尖社會保障辦事處,,,,,,1,true
救世軍九龍中央堂,救世軍九龍中央堂,majorDestination,救世軍九龍中央堂,,,,,,1,true
香港中華基督教青年會九龍會所,香港中華基督教青年會九龍會所,majorDestination,香港中華基督教青年會九龍會所,,,,,,1,true
香港新生命教會,香港新生命教會,majorDestination,香港新生命教會,,,,,,1,true
華南四方福音會,華南四方福音會,majorDestination,華南四方福音會,,,,,,1,true
鶴壽堂護老院,鶴壽堂護老院,majorDestination,鶴壽堂護老院,,,,,,1,true
香港盲人輔導會輔助就業計劃,香港盲人輔導會輔助就業計劃,majorDestination,香港盲人輔導會輔助就業計劃,,,,,,1,true
香港基督教服務處深滙樂Teen會,香港基督教服務處深滙樂Teen會,majorDestination,香港基督教服務處深滙樂Teen會,,,,,,1,true
SOHO West,SOHO West,majorDestination,SOHO West,,,,,,1,true
西九龍感化及社會服務令辦事處,西九龍感化及社會服務令辦事處,majorDestination,西九龍感化及社會服務令辦事處,,,,,,1,true
西九龍母嬰健康院,西九龍母嬰健康院,majorDestination,西九龍母嬰健康院,,,,,,1,true
九巴荔枝角車廠,九巴荔枝角車廠,majorDestination,九巴荔枝角車廠,,,,,,1,true
長沙灣副食品批發市場,長沙灣副食品批發市場,majorDestination,長沙灣副食品批發市場,,,,,,1,true
柏雅長者社區照顧服務,柏雅長者社區照顧服務,majorDestination,柏雅長者社區照顧服務,,,,,,1,true
流動按摩隊,流動按摩隊,majorDestination,流動按摩隊,,,,,,1,true
衞生署西九龍母嬰健康院(樣本收集點),衞生署西九龍母嬰健康院(樣本收集點),majorDestination,衞生署西九龍母嬰健康院(樣本收集點),,,,,,1,true
長沙灣魚類批發市場,長沙灣魚類批發市場,majorDestination,長沙灣魚類批發市場,,,,,,1,true
小額錢債審裁處,小額錢債審裁處,majorDestination,小額錢債審裁處,,,,,,1,true
淫褻物品審裁處,淫褻物品審裁處,majorDestination,淫褻物品審裁處,,,,,,1,true
香港基督教服務處 - 深中樂Teen會,香港基督教服務處 - 深中樂Teen會,majorDestination,香港基督教服務處 - 深中樂Teen會,,,,,,1,true
香港基督教服務處深中樂Teen會 (分處),香港基督教服務處深中樂Teen會 (分處),majorDestination,香港基督教服務處深中樂Teen會 (分處),,,,,,1,true
石硤尾中央遊樂場,石硤尾中央遊樂場,majorDestination,石硤尾中央遊樂場,,,,,,1,true
救世軍露宿者綜合服務隊 (九龍及新界),救世軍露宿者綜合服務隊 (九龍及新界),majorDestination,救世軍露宿者綜合服務隊 (九龍及新界),,,,,,1,true
新生精神康復會日作坊(深水埗),新生精神康復會日作坊(深水埗),majorDestination,新生精神康復會日作坊(深水埗),,,,,,1,true
香港心理衞生會恆樂坊 (分址),香港心理衞生會恆樂坊 (分址),majorDestination,香港心理衞生會恆樂坊 (分址),,,,,,1,true
翠屏北 1 號停車場,翠屏北 1 號停車場,majorDestination,翠屏北 1 號停車場,,,,,,1,true
翠屏北2號停車場,翠屏北2號停車場,majorDestination,翠屏北2號停車場,,,,,,1,true
彩怡之家有限公司,彩怡之家有限公司,majorDestination,彩怡之家有限公司,,,,,,1,true
香港心理衞生會賽馬會卓藝坊,香港心理衞生會賽馬會卓藝坊,majorDestination,香港心理衞生會賽馬會卓藝坊,,,,,,1,true
已登記的WiFi 熱點: 香港電話有限公司 (APID 07549),已登記的WiFi 熱點: 香港電話有限公司 (APID 07549),majorDestination,已登記的WiFi 熱點: 香港電話有限公司 (APID 07549),,,,,,1,true
已登記的WiFi 熱點: 香港電話有限公司 (APID 07588),已登記的WiFi 熱點: 香港電話有限公司 (APID 07588),majorDestination,已登記的WiFi 熱點: 香港電話有限公司 (APID 07588),,,,,,1,true
已登記的WiFi 熱點: 香港電話有限公司 (APID 07590),已登記的WiFi 熱點: 香港電話有限公司 (APID 07590),majorDestination,已登記的WiFi 熱點: 香港電話有限公司 (APID 07590),,,,,,1,true
已登記的WiFi 熱點: 香港寬頻網絡有限公司 (APID 03894),已登記的WiFi 熱點: 香港寬頻網絡有限公司 (APID 03894),majorDestination,已登記的WiFi 熱點: 香港寬頻網絡有限公司 (APID 03894),,,,,,1,true
已登記的WiFi 熱點: 香港寬頻網絡有限公司 (APID 03896),已登記的WiFi 熱點: 香港寬頻網絡有限公司 (APID 03896),majorDestination,已登記的WiFi 熱點: 香港寬頻網絡有限公司 (APID 03896),,,,,,1,true
香港心理衛生會賽馬會恆健坊(分址),香港心理衛生會賽馬會恆健坊(分址),majorDestination,香港心理衛生會賽馬會恆健坊(分址),,,,,,1,true
翠屏南停車場,翠屏南停車場,majorDestination,翠屏南停車場,,,,,,1,true
樂華南停車場,樂華南停車場,majorDestination,樂華南停車場,,,,,,1,true
保良局原馮寶添紀念宿舍,保良局原馮寶添紀念宿舍,majorDestination,保良局原馮寶添紀念宿舍,,,,,,1,true
環保大使創作隊,環保大使創作隊,majorDestination,環保大使創作隊,,,,,,1,true
環保清潔隊,環保清潔隊,majorDestination,環保清潔隊,,,,,,1,true
明愛樂華宿舍,明愛樂華宿舍,majorDestination,明愛樂華宿舍,,,,,,1,true
明愛樂華輔助宿舍,明愛樂華輔助宿舍,majorDestination,明愛樂華輔助宿舍,,,,,,1,true
香港心理衞生會康屏宿舍,香港心理衞生會康屏宿舍,majorDestination,香港心理衞生會康屏宿舍,,,,,,1,true
香港心理衞生會康翠宿舍,香港心理衞生會康翠宿舍,majorDestination,香港心理衞生會康翠宿舍,,,,,,1,true
保良局悦兒家,保良局悦兒家,majorDestination,保良局悦兒家,,,,,,1,true
香港耀能協會樂華宿舍,香港耀能協會樂華宿舍,majorDestination,香港耀能協會樂華宿舍,,,,,,1,true
已登記的WiFi 熱點: 香港寬頻網絡有限公司 (APID 04031),已登記的WiFi 熱點: 香港寬頻網絡有限公司 (APID 04031),majorDestination,已登記的WiFi 熱點: 香港寬頻網絡有限公司 (APID 04031),,,,,,1,true
已登記的WiFi 熱點: 香港寬頻網絡有限公司 (APID 04036),已登記的WiFi 熱點: 香港寬頻網絡有限公司 (APID 04036),majorDestination,已登記的WiFi 熱點: 香港寬頻網絡有限公司 (APID 04036),,,,,,1,true
已登記的WiFi 熱點: 香港寬頻網絡有限公司 (APID 04043),已登記的WiFi 熱點: 香港寬頻網絡有限公司 (APID 04043),majorDestination,已登記的WiFi 熱點: 香港寬頻網絡有限公司 (APID 04043),,,,,,1,true
已登記的WiFi 熱點: 香港寬頻網絡有限公司 (APID 04052),已登記的WiFi 熱點: 香港寬頻網絡有限公司 (APID 04052),majorDestination,已登記的WiFi 熱點: 香港寬頻網絡有限公司 (APID 04052),,,,,,1,true
觀塘感化及社會服務令辦事處,觀塘感化及社會服務令辦事處,majorDestination,觀塘感化及社會服務令辦事處,,,,,,1,true
觀塘感化及社會服務令辦事處 (分處),觀塘感化及社會服務令辦事處 (分處),majorDestination,觀塘感化及社會服務令辦事處 (分處),,,,,,1,true
起動九龍東辦事處,起動九龍東辦事處,majorDestination,起動九龍東辦事處,,,,,,1,true
觀塘區福利辦事處,觀塘區福利辦事處,majorDestination,觀塘區福利辦事處,,,,,,1,true
One Bay East,One Bay East,majorDestination,One Bay East,,,,,,1,true
運輸署觀塘牌照事務處,運輸署觀塘牌照事務處,majorDestination,運輸署觀塘牌照事務處,,,,,,1,true
浸信會東九龍社區藥房,浸信會東九龍社區藥房,majorDestination,浸信會東九龍社區藥房,,,,,,1,true
Wi-Fi.HK 熱點位置: 運輸署觀塘牌照事務處,Wi-Fi.HK 熱點位置: 運輸署觀塘牌照事務處,majorDestination,Wi-Fi.HK 熱點位置: 運輸署觀塘牌照事務處,,,,,,1,true
Wi-Fi.HK 熱點位置: 起動九龍東辦事處-展覽廳,Wi-Fi.HK 熱點位置: 起動九龍東辦事處-展覽廳,majorDestination,Wi-Fi.HK 熱點位置: 起動九龍東辦事處-展覽廳,,,,,,1,true
Wi-Fi.HK 熱點位置: 大本型,Wi-Fi.HK 熱點位置: 大本型,majorDestination,Wi-Fi.HK 熱點位置: 大本型,,,,,,1,true
"Wi-Fi.HK 熱點位置: 彩盈坊, 觀塘, 九龍東","Wi-Fi.HK 熱點位置: 彩盈坊, 觀塘, 九龍東",majorDestination,"Wi-Fi.HK 熱點位置: 彩盈坊, 觀塘, 九龍東",,,,,,1,true
西秀茂坪社會保障辦事處,西秀茂坪社會保障辦事處,majorDestination,西秀茂坪社會保障辦事處,,,,,,1,true
香港心理衞生會恆泰坊,香港心理衞生會恆泰坊,majorDestination,香港心理衞生會恆泰坊,,,,,,1,true
凱滙,凱滙,majorDestination,凱滙,,,,,,1,true
Wi-Fi.HK 熱點位置: 裕民市集,Wi-Fi.HK 熱點位置: 裕民市集,majorDestination,Wi-Fi.HK 熱點位置: 裕民市集,,,,,,1,true
新佳滿會,新佳滿會,majorDestination,新佳滿會,,,,,,1,true
坪石遊樂場,坪石遊樂場,majorDestination,坪石遊樂場,,,,,,1,true
牛頭角公園 - 兒童遊樂場,牛頭角公園 - 兒童遊樂場,majorDestination,牛頭角公園 - 兒童遊樂場,,,,,,1,true
牛頭角公園 - 長者健身設施,牛頭角公園 - 長者健身設施,majorDestination,牛頭角公園 - 長者健身設施,,,,,,1,true
防止罪案辦公室,防止罪案辦公室,majorDestination,防止罪案辦公室,,,,,,1,true
SHELL KOWLOON BAY-WEST BOUND,SHELL KOWLOON BAY-WEST BOUND,majorDestination,SHELL KOWLOON BAY-WEST BOUND,,,,,,1,true
香港遊樂場協會「新境界」社區支援服務計劃,香港遊樂場協會「新境界」社區支援服務計劃,majorDestination,香港遊樂場協會「新境界」社區支援服務計劃,,,,,,1,true
滙豐金庫 (前稱),滙豐金庫 (前稱),majorDestination,滙豐金庫 (前稱),,,,,,1,true
已登記的WiFi 熱點: Hong Kong Telecommunications (HKT) Limited (APID 06688),已登記的WiFi 熱點: Hong Kong Telecommunications (HKT) Limited (APID 06688),majorDestination,已登記的WiFi 熱點: Hong Kong Telecommunications (HKT) Limited (APID 06688),,,,,,1,true
香港心理衞生會艾齡樓,香港心理衞生會艾齡樓,majorDestination,香港心理衞生會艾齡樓,,,,,,1,true
東華三院群芳啟智宿舍,東華三院群芳啟智宿舍,majorDestination,東華三院群芳啟智宿舍,,,,,,1,true
龍興公共圖書館,龍興公共圖書館,majorDestination,龍興公共圖書館,,,,,,1,true
新生精神康復會賽馬會日作坊,新生精神康復會賽馬會日作坊,majorDestination,新生精神康復會賽馬會日作坊,,,,,,1,true
已登記的WiFi 熱點: 香港電話有限公司 (APID 07450),已登記的WiFi 熱點: 香港電話有限公司 (APID 07450),majorDestination,已登記的WiFi 熱點: 香港電話有限公司 (APID 07450),,,,,,1,true
Wi-Fi.HK 熱點位置: 龍興公共圖書館,Wi-Fi.HK 熱點位置: 龍興公共圖書館,majorDestination,Wi-Fi.HK 熱點位置: 龍興公共圖書館,,,,,,1,true
循理會黃大仙耆樂會所 (竹園),循理會黃大仙耆樂會所 (竹園),majorDestination,循理會黃大仙耆樂會所 (竹園),,,,,,1,true
樂善堂梁銶琚敬老之家,樂善堂梁銶琚敬老之家,majorDestination,樂善堂梁銶琚敬老之家,,,,,,1,true
香港基督教服務處,香港基督教服務處,majorDestination,香港基督教服務處,,,,,,1,true
東華三院群芳幼兒園,東華三院群芳幼兒園,majorDestination,東華三院群芳幼兒園,,,,,,1,true
東華三院群芳幼兒園 (K564176A),東華三院群芳幼兒園 (K564176A),majorDestination,東華三院群芳幼兒園 (K564176A),,,,,,1,true
港泰(竹園)護老院有限公司,港泰(竹園)護老院有限公司,majorDestination,港泰(竹園)護老院有限公司,,,,,,1,true
竹園浸信會,竹園浸信會,majorDestination,竹園浸信會,,,,,,1,true
循理會荃灣堂,循理會荃灣堂,majorDestination,循理會荃灣堂,,,,,,1,true
興盛中西藥房,興盛中西藥房,majorDestination,興盛中西藥房,,,,,,1,true
陳培光醫生,陳培光醫生,majorDestination,陳培光醫生,,,,,,1,true
香港聖公會福利協會 康健天地(東九龍),香港聖公會福利協會 康健天地(東九龍),majorDestination,香港聖公會福利協會 康健天地(東九龍),,,,,,1,true
香港聖公會康健天地 (東九龍),香港聖公會康健天地 (東九龍),majorDestination,香港聖公會康健天地 (東九龍),,,,,,1,true
譽．港灣停車場,譽．港灣停車場,majorDestination,譽．港灣停車場,,,,,,1,true
已登記的WiFi 熱點: 香港電話有限公司 (APID 07403),已登記的WiFi 熱點: 香港電話有限公司 (APID 07403),majorDestination,已登記的WiFi 熱點: 香港電話有限公司 (APID 07403),,,,,,1,true
九龍總區中區總部暨黃大仙消防總局,九龍總區中區總部暨黃大仙消防總局,majorDestination,九龍總區中區總部暨黃大仙消防總局,,,,,,1,true
藝海蔘茸西藥房,藝海蔘茸西藥房,majorDestination,藝海蔘茸西藥房,,,,,,1,true
7-11便利店-九龍塘,7-11便利店-九龍塘,majorDestination,7-11便利店-九龍塘,,,,,,1,true
教育局,教育局,majorDestination,教育局,,,,,,1,true
已登記的WiFi 熱點: Y5ZONE Limited (APID 08386),已登記的WiFi 熱點: Y5ZONE Limited (APID 08386),majorDestination,已登記的WiFi 熱點: Y5ZONE Limited (APID 08386),,,,,,1,true
沙田北食水配水庫,沙田北食水配水庫,majorDestination,沙田北食水配水庫,,,,,,1,true
沙田北配水庫射箭場,沙田北配水庫射箭場,majorDestination,沙田北配水庫射箭場,,,,,,1,true
沙田北配水庫 (別稱),沙田北配水庫 (別稱),majorDestination,沙田北配水庫 (別稱),,,,,,1,true
沙田北有蓋配水庫 (別稱),沙田北有蓋配水庫 (別稱),majorDestination,沙田北有蓋配水庫 (別稱),,,,,,1,true
安老院舍外展專業服務隊(沙田、大埔及北區),安老院舍外展專業服務隊(沙田、大埔及北區),majorDestination,安老院舍外展專業服務隊(沙田、大埔及北區),,,,,,1,true
房屋署物業管理服務組(大埔、北區及沙田)- 分區辦事處,房屋署物業管理服務組(大埔、北區及沙田)- 分區辦事處,majorDestination,房屋署物業管理服務組(大埔、北區及沙田)- 分區辦事處,,,,,,1,true
環境保護署區域辦事處(北)顧客服務枱,環境保護署區域辦事處(北)顧客服務枱,majorDestination,環境保護署區域辦事處(北)顧客服務枱,,,,,,1,true
沙田南食水配水庫,沙田南食水配水庫,majorDestination,沙田南食水配水庫,,,,,,1,true
沙田南有蓋食水配水庫 (別稱),沙田南有蓋食水配水庫 (別稱),majorDestination,沙田南有蓋食水配水庫 (別稱),,,,,,1,true
南沙田社會保障辦事處,南沙田社會保障辦事處,majorDestination,南沙田社會保障辦事處,,,,,,1,true
東華三院南九龍獅子會幼兒園,東華三院南九龍獅子會幼兒園,majorDestination,東華三院南九龍獅子會幼兒園,,,,,,1,true
東華三院南九龍獅子會幼兒園 (K564109A),東華三院南九龍獅子會幼兒園 (K564109A),majorDestination,東華三院南九龍獅子會幼兒園 (K564109A),,,,,,1,true
萬福老人院,萬福老人院,majorDestination,萬福老人院,,,,,,1,true
商湯集團有限公司,商湯集團有限公司,majorDestination,商湯集團有限公司,,,,,,1,true
OK便利店-香港科學園,OK便利店-香港科學園,majorDestination,OK便利店-香港科學園,,,,,,1,true
已登記的WiFi 熱點: Hong Kong Telecommunications (HKT) Limited (APID 06473),已登記的WiFi 熱點: Hong Kong Telecommunications (HKT) Limited (APID 06473),majorDestination,已登記的WiFi 熱點: Hong Kong Telecommunications (HKT) Limited (APID 06473),,,,,,1,true
沙田西配水庫,沙田西配水庫,majorDestination,沙田西配水庫,,,,,,1,true
沙田西食水配水庫,沙田西食水配水庫,majorDestination,沙田西食水配水庫,,,,,,1,true
Mushroom-X Limited,Mushroom-X Limited,majorDestination,Mushroom-X Limited,,,,,,1,true
火炭西熟食市場廁所,火炭西熟食市場廁所,majorDestination,火炭西熟食市場廁所,,,,,,1,true
編號705郵箱,編號705郵箱,majorDestination,編號705郵箱,,,,,,1,true
編號SCL郵箱,編號SCL郵箱,majorDestination,編號SCL郵箱,,,,,,1,true
已登記的WiFi 熱點: 香港電話有限公司 (APID 07423),已登記的WiFi 熱點: 香港電話有限公司 (APID 07423),majorDestination,已登記的WiFi 熱點: 香港電話有限公司 (APID 07423),,,,,,1,true
已登記的WiFi 熱點: 香港寬頻網絡有限公司 (APID 03551),已登記的WiFi 熱點: 香港寬頻網絡有限公司 (APID 03551),majorDestination,已登記的WiFi 熱點: 香港寬頻網絡有限公司 (APID 03551),,,,,,1,true
已登記的WiFi 熱點: Y5ZONE Limited (APID 08480),已登記的WiFi 熱點: Y5ZONE Limited (APID 08480),majorDestination,已登記的WiFi 熱點: Y5ZONE Limited (APID 08480),,,,,,1,true
香港馬術總會,香港馬術總會,majorDestination,香港馬術總會,,,,,,1,true
已登記的WiFi 熱點: Y5ZONE Limited (APID 08580),已登記的WiFi 熱點: Y5ZONE Limited (APID 08580),majorDestination,已登記的WiFi 熱點: Y5ZONE Limited (APID 08580),,,,,,1,true
和悅會(沙田),和悅會(沙田),majorDestination,和悅會(沙田),,,,,,1,true
沙田污水處理廠,沙田污水處理廠,majorDestination,沙田污水處理廠,,,,,,1,true
公平點(沙田店),公平點(沙田店),majorDestination,公平點(沙田店),,,,,,1,true
編號410郵箱,編號410郵箱,majorDestination,編號410郵箱,,,,,,1,true
工務區域試驗所（荃灣）,工務區域試驗所（荃灣）,majorDestination,工務區域試驗所（荃灣）,,,,,,1,true
新界南交通部,新界南交通部,majorDestination,新界南交通部,,,,,,1,true
新界南總區警察總部,新界南總區警察總部,majorDestination,新界南總區警察總部,,,,,,1,true
富城中西大藥房,富城中西大藥房,majorDestination,富城中西大藥房,,,,,,1,true
西荃灣高地泵房,西荃灣高地泵房,majorDestination,西荃灣高地泵房,,,,,,1,true
荃灣西高食水配水庫,荃灣西高食水配水庫,majorDestination,荃灣西高食水配水庫,,,,,,1,true
荃灣西高海水配水庫,荃灣西高海水配水庫,majorDestination,荃灣西高海水配水庫,,,,,,1,true
荃灣西下食水配水庫,荃灣西下食水配水庫,majorDestination,荃灣西下食水配水庫,,,,,,1,true
荃灣西下海水配水庫,荃灣西下海水配水庫,majorDestination,荃灣西下海水配水庫,,,,,,1,true
荃灣西超高食水配水庫,荃灣西超高食水配水庫,majorDestination,荃灣西超高食水配水庫,,,,,,1,true
荃灣西食水配水庫 (前稱),荃灣西食水配水庫 (前稱),majorDestination,荃灣西食水配水庫 (前稱),,,,,,1,true
網煮有限公司荃灣西分店,網煮有限公司荃灣西分店,majorDestination,網煮有限公司荃灣西分店,,,,,,1,true
健樂坊,健樂坊,majorDestination,健樂坊,,,,,,1,true
荃灣車廠電子工場 2,荃灣車廠電子工場 2,majorDestination,荃灣車廠電子工場 2,,,,,,1,true
荃灣潮州公學,荃灣潮州公學,majorDestination,荃灣潮州公學,,,,,,1,true
葵涌北食水配水庫,葵涌北食水配水庫,majorDestination,葵涌北食水配水庫,,,,,,1,true
葵涌北海水配水庫,葵涌北海水配水庫,majorDestination,葵涌北海水配水庫,,,,,,1,true
北葵涌賽馬會游泳池,北葵涌賽馬會游泳池,majorDestination,北葵涌賽馬會游泳池,,,,,,1,true
北葵涌賽馬會游泳池 - 辦事處對出,北葵涌賽馬會游泳池 - 辦事處對出,majorDestination,北葵涌賽馬會游泳池 - 辦事處對出,,,,,,1,true
北葵涌賽馬會游泳池 - 池面暢通易達厠門外,北葵涌賽馬會游泳池 - 池面暢通易達厠門外,majorDestination,北葵涌賽馬會游泳池 - 池面暢通易達厠門外,,,,,,1,true
北葵涌賽馬會游泳池 - 池面女更衣室外,北葵涌賽馬會游泳池 - 池面女更衣室外,majorDestination,北葵涌賽馬會游泳池 - 池面女更衣室外,,,,,,1,true
北葵涌賽馬會游泳池 - 池面男更衣室外,北葵涌賽馬會游泳池 - 池面男更衣室外,majorDestination,北葵涌賽馬會游泳池 - 池面男更衣室外,,,,,,1,true
北葵涌公共圖書館學生自修室,北葵涌公共圖書館學生自修室,majorDestination,北葵涌公共圖書館學生自修室,,,,,,1,true
北葵涌賽馬會游泳池廁所,北葵涌賽馬會游泳池廁所,majorDestination,北葵涌賽馬會游泳池廁所,,,,,,1,true
Wi-Fi.HK 熱點位置: 北葵涌公共圖書館,Wi-Fi.HK 熱點位置: 北葵涌公共圖書館,majorDestination,Wi-Fi.HK 熱點位置: 北葵涌公共圖書館,,,,,,1,true
南葵涌社會保障辦事處,南葵涌社會保障辦事處,majorDestination,南葵涌社會保障辦事處,,,,,,1,true
南葵涌社會服務處南葵涌社會服務處樂融天地,南葵涌社會服務處南葵涌社會服務處樂融天地,majorDestination,南葵涌社會服務處南葵涌社會服務處樂融天地,,,,,,1,true
南葵涌賽馬會分科診療所,南葵涌賽馬會分科診療所,majorDestination,南葵涌賽馬會分科診療所,,,,,,1,true
南葵涌公共圖書館學生自修室,南葵涌公共圖書館學生自修室,majorDestination,南葵涌公共圖書館學生自修室,,,,,,1,true
八號貨櫃碼頭 - 中遠 – 國際貨櫃碼頭 (CHT),八號貨櫃碼頭 - 中遠 – 國際貨櫃碼頭 (CHT),majorDestination,八號貨櫃碼頭 - 中遠 – 國際貨櫃碼頭 (CHT),,,,,,1,true
六號貨櫃碼頭 - 香港國際貨櫃碼頭 (HIT),六號貨櫃碼頭 - 香港國際貨櫃碼頭 (HIT),majorDestination,六號貨櫃碼頭 - 香港國際貨櫃碼頭 (HIT),,,,,,1,true
四號貨櫃碼頭 - 香港國際貨櫃碼頭 (HIT),四號貨櫃碼頭 - 香港國際貨櫃碼頭 (HIT),majorDestination,四號貨櫃碼頭 - 香港國際貨櫃碼頭 (HIT),,,,,,1,true
Wi-Fi.HK 熱點位置: 南葵涌公共圖書館,Wi-Fi.HK 熱點位置: 南葵涌公共圖書館,majorDestination,Wi-Fi.HK 熱點位置: 南葵涌公共圖書館,,,,,,1,true
編號412郵箱,編號412郵箱,majorDestination,編號412郵箱,,,,,,1,true
已登記的WiFi 熱點: Hong Kong Telecommunications (HKT) Limited (APID 04805),已登記的WiFi 熱點: Hong Kong Telecommunications (HKT) Limited (APID 04805),majorDestination,已登記的WiFi 熱點: Hong Kong Telecommunications (HKT) Limited (APID 04805),,,,,,1,true
已登記的WiFi 熱點: Hong Kong Telecommunications (HKT) Limited (APID 04839),已登記的WiFi 熱點: Hong Kong Telecommunications (HKT) Limited (APID 04839),majorDestination,已登記的WiFi 熱點: Hong Kong Telecommunications (HKT) Limited (APID 04839),,,,,,1,true
已登記的WiFi 熱點: Hong Kong Telecommunications (HKT) Limited (APID 04840),已登記的WiFi 熱點: Hong Kong Telecommunications (HKT) Limited (APID 04840),majorDestination,已登記的WiFi 熱點: Hong Kong Telecommunications (HKT) Limited (APID 04840),,,,,,1,true
已登記的WiFi 熱點: Hong Kong Telecommunications (HKT) Limited (APID 04841),已登記的WiFi 熱點: Hong Kong Telecommunications (HKT) Limited (APID 04841),majorDestination,已登記的WiFi 熱點: Hong Kong Telecommunications (HKT) Limited (APID 04841),,,,,,1,true
東葵涌社會保障辦事處,東葵涌社會保障辦事處,majorDestination,東葵涌社會保障辦事處,,,,,,1,true
東亞機械工程有限公司,東亞機械工程有限公司,majorDestination,東亞機械工程有限公司,,,,,,1,true
禮賢會葵盛東護理安老院,禮賢會葵盛東護理安老院,majorDestination,禮賢會葵盛東護理安老院,,,,,,1,true
保良局好幫手(葵盛),保良局好幫手(葵盛),majorDestination,保良局好幫手(葵盛),,,,,,1,true
保良局李俊駒伉儷幼兒園,保良局李俊駒伉儷幼兒園,majorDestination,保良局李俊駒伉儷幼兒園,,,,,,1,true
香港善導會新生宿舍,香港善導會新生宿舍,majorDestination,香港善導會新生宿舍,,,,,,1,true
惠康超級市場-葵盛,惠康超級市場-葵盛,majorDestination,惠康超級市場-葵盛,,,,,,1,true
OK便利店-蔭興樓,OK便利店-蔭興樓,majorDestination,OK便利店-蔭興樓,,,,,,1,true
西葵涌社會保障辦事處,西葵涌社會保障辦事處,majorDestination,西葵涌社會保障辦事處,,,,,,1,true
惠康超級市場-葵盛西,惠康超級市場-葵盛西,majorDestination,惠康超級市場-葵盛西,,,,,,1,true
葵盛社區會堂,葵盛社區會堂,majorDestination,葵盛社區會堂,,,,,,1,true
禮賢會詩田頤養院,禮賢會詩田頤養院,majorDestination,禮賢會詩田頤養院,,,,,,1,true
安慈護理之家(葵盛),安慈護理之家(葵盛),majorDestination,安慈護理之家(葵盛),,,,,,1,true
基督教香港信義會葵盛宿舍,基督教香港信義會葵盛宿舍,majorDestination,基督教香港信義會葵盛宿舍,,,,,,1,true
康寧護老院,康寧護老院,majorDestination,康寧護老院,,,,,,1,true
中華基督教禮賢會葵盛堂,中華基督教禮賢會葵盛堂,majorDestination,中華基督教禮賢會葵盛堂,,,,,,1,true
已登記的WiFi 熱點: 香港電話有限公司 (APID 07010),已登記的WiFi 熱點: 香港電話有限公司 (APID 07010),majorDestination,已登記的WiFi 熱點: 香港電話有限公司 (APID 07010),,,,,,1,true
中葵涌社會保障辦事處,中葵涌社會保障辦事處,majorDestination,中葵涌社會保障辦事處,,,,,,1,true
Wi-Fi.HK 熱點位置: 中葵涌公園,Wi-Fi.HK 熱點位置: 中葵涌公園,majorDestination,Wi-Fi.HK 熱點位置: 中葵涌公園,,,,,,1,true
葵涌運動場,葵涌運動場,majorDestination,葵涌運動場,,,,,,1,true
愛德(葵涌)安老院有限公司,愛德(葵涌)安老院有限公司,majorDestination,愛德(葵涌)安老院有限公司,,,,,,1,true
新萬福護理院 -葵涌分院,新萬福護理院 -葵涌分院,majorDestination,新萬福護理院 -葵涌分院,,,,,,1,true
新萬福護理院 - 葵涌分院,新萬福護理院 - 葵涌分院,majorDestination,新萬福護理院 - 葵涌分院,,,,,,1,true
屯門北食水配水庫,屯門北食水配水庫,majorDestination,屯門北食水配水庫,,,,,,1,true
屯門北海水配水庫,屯門北海水配水庫,majorDestination,屯門北海水配水庫,,,,,,1,true
屯門西北游泳池,屯門西北游泳池,majorDestination,屯門西北游泳池,,,,,,1,true
屯門兒童及青少年院,屯門兒童及青少年院,majorDestination,屯門兒童及青少年院,,,,,,1,true
佛緣精舍,佛緣精舍,majorDestination,佛緣精舍,,,,,,1,true
九巴巴士廠（屯門南廠）,九巴巴士廠（屯門南廠）,majorDestination,九巴巴士廠（屯門南廠）,,,,,,1,true
九龍巴士(一九三三)有限公司屯門南巴士廠,九龍巴士(一九三三)有限公司屯門南巴士廠,majorDestination,九龍巴士(一九三三)有限公司屯門南巴士廠,,,,,,1,true
南屯門平安福音堂,南屯門平安福音堂,majorDestination,南屯門平安福音堂,,,,,,1,true
已登記的WiFi 熱點: Y5ZONE Limited (APID 07948),已登記的WiFi 熱點: Y5ZONE Limited (APID 07948),majorDestination,已登記的WiFi 熱點: Y5ZONE Limited (APID 07948),,,,,,1,true
屯門東一號配水庫,屯門東一號配水庫,majorDestination,屯門東一號配水庫,,,,,,1,true
屯門東二號配水庫,屯門東二號配水庫,majorDestination,屯門東二號配水庫,,,,,,1,true
屯門東食水配水庫,屯門東食水配水庫,majorDestination,屯門東食水配水庫,,,,,,1,true
救世軍屯門東青少年綜合服務 屯門東綜合服務深宵青少年外展服務,救世軍屯門東青少年綜合服務 屯門東綜合服務深宵青少年外展服務,majorDestination,救世軍屯門東青少年綜合服務 屯門東綜合服務深宵青少年外展服務,,,,,,1,true
救世軍屯門東青少年綜合服務,救世軍屯門東青少年綜合服務,majorDestination,救世軍屯門東青少年綜合服務,,,,,,1,true
水務署屯門東食水配水庫 (別稱),水務署屯門東食水配水庫 (別稱),majorDestination,水務署屯門東食水配水庫 (別稱),,,,,,1,true
已登記的WiFi 熱點: Hong Kong Telecommunications (HKT) Limited (APID 04538),已登記的WiFi 熱點: Hong Kong Telecommunications (HKT) Limited (APID 04538),majorDestination,已登記的WiFi 熱點: Hong Kong Telecommunications (HKT) Limited (APID 04538),,,,,,1,true
已登記的WiFi 熱點: Hong Kong Telecommunications (HKT) Limited (APID 06667),已登記的WiFi 熱點: Hong Kong Telecommunications (HKT) Limited (APID 06667),majorDestination,已登記的WiFi 熱點: Hong Kong Telecommunications (HKT) Limited (APID 06667),,,,,,1,true
屯門西二號配水庫,屯門西二號配水庫,majorDestination,屯門西二號配水庫,,,,,,1,true
香港童軍總會屯門西區區總部 (別稱),香港童軍總會屯門西區區總部 (別稱),majorDestination,香港童軍總會屯門西區區總部 (別稱),,,,,,1,true
屯門中央派遞局,屯門中央派遞局,majorDestination,屯門中央派遞局,,,,,,1,true
0923青年創意伙伴,0923青年創意伙伴,majorDestination,0923青年創意伙伴,,,,,,1,true
五旬節聖潔會香港區會-五旬節聖潔會屯門堂,五旬節聖潔會香港區會-五旬節聖潔會屯門堂,majorDestination,五旬節聖潔會香港區會-五旬節聖潔會屯門堂,,,,,,1,true
朗福浸信會,朗福浸信會,majorDestination,朗福浸信會,,,,,,1,true
香港宣教會恩耀堂,香港宣教會恩耀堂,majorDestination,香港宣教會恩耀堂,,,,,,1,true
回收機構及收集點： 屯門婦聯有限公司,回收機構及收集點： 屯門婦聯有限公司,majorDestination,回收機構及收集點： 屯門婦聯有限公司,,,,,,1,true
編號TCL郵箱,編號TCL郵箱,majorDestination,編號TCL郵箱,,,,,,1,true
新生命堂(屯門堂),新生命堂(屯門堂),majorDestination,新生命堂(屯門堂),,,,,,1,true
屯門交通安全城,屯門交通安全城,majorDestination,屯門交通安全城,,,,,,1,true
新生精神康復會屯門長期護理院,新生精神康復會屯門長期護理院,majorDestination,新生精神康復會屯門長期護理院,,,,,,1,true
屯門鄧肇堅運動場,屯門鄧肇堅運動場,majorDestination,屯門鄧肇堅運動場,,,,,,1,true
屯門天龍會,屯門天龍會,majorDestination,屯門天龍會,,,,,,1,true
元朗公園 - 大草地涼亭,元朗公園 - 大草地涼亭,majorDestination,元朗公園 - 大草地涼亭,,,,,,1,true
香港童軍總會元朗西區區總部,香港童軍總會元朗西區區總部,majorDestination,香港童軍總會元朗西區區總部,,,,,,1,true
沙江廟(北)具考古研究價值的地點,沙江廟(北)具考古研究價值的地點,majorDestination,沙江廟(北)具考古研究價值的地點,,,,,,1,true
御豪山莊,御豪山莊,majorDestination,御豪山莊,,,,,,1,true
香港國際社會服務社天水圍(北)綜合家庭服務中,香港國際社會服務社天水圍(北)綜合家庭服務中,majorDestination,香港國際社會服務社天水圍(北)綜合家庭服務中,,,,,,1,true
回收機構及收集點： 綠在元朗回收流動點 - 002,回收機構及收集點： 綠在元朗回收流動點 - 002,majorDestination,回收機構及收集點： 綠在元朗回收流動點 - 002,,,,,,1,true
Wi-Fi.HK 熱點位置: 元朗公園,Wi-Fi.HK 熱點位置: 元朗公園,majorDestination,Wi-Fi.HK 熱點位置: 元朗公園,,,,,,1,true
Helicopter Landing Site - WB12 - LUT CHAU NORTH,Helicopter Landing Site - WB12 - LUT CHAU NORTH,majorDestination,Helicopter Landing Site - WB12 - LUT CHAU NORTH,,,,,,1,true
榮康藥房,榮康藥房,majorDestination,榮康藥房,,,,,,1,true
編號244郵箱,編號244郵箱,majorDestination,編號244郵箱,,,,,,1,true
已登記的WiFi 熱點: 香港電話有限公司 (APID 06931),已登記的WiFi 熱點: 香港電話有限公司 (APID 06931),majorDestination,已登記的WiFi 熱點: 香港電話有限公司 (APID 06931),,,,,,1,true
沙江廟(南)具考古研究價值的地點,沙江廟(南)具考古研究價值的地點,majorDestination,沙江廟(南)具考古研究價值的地點,,,,,,1,true
市鎮公園南遊樂場,市鎮公園南遊樂場,majorDestination,市鎮公園南遊樂場,,,,,,1,true
柏麗豪園,柏麗豪園,majorDestination,柏麗豪園,,,,,,1,true
Wi-Fi.HK 熱點位置: McCafe - T Town南館,Wi-Fi.HK 熱點位置: McCafe - T Town南館,majorDestination,Wi-Fi.HK 熱點位置: McCafe - T Town南館,,,,,,1,true
Wi-Fi.HK 熱點位置: 麥當勞 - T Town南館,Wi-Fi.HK 熱點位置: 麥當勞 - T Town南館,majorDestination,Wi-Fi.HK 熱點位置: 麥當勞 - T Town南館,,,,,,1,true
東元朗社會保障辦事處,東元朗社會保障辦事處,majorDestination,東元朗社會保障辦事處,,,,,,1,true
元朗市東社區會堂,元朗市東社區會堂,majorDestination,元朗市東社區會堂,,,,,,1,true
元朗市東社區會堂 (別稱),元朗市東社區會堂 (別稱),majorDestination,元朗市東社區會堂 (別稱),,,,,,1,true
馬田一舍,馬田一舍,majorDestination,馬田一舍,,,,,,1,true
蓮花地東旱廁,蓮花地東旱廁,majorDestination,蓮花地東旱廁,,,,,,1,true
Wi-Fi.HK 熱點位置: 元朗市東社區會堂,Wi-Fi.HK 熱點位置: 元朗市東社區會堂,majorDestination,Wi-Fi.HK 熱點位置: 元朗市東社區會堂,,,,,,1,true
永利西葯房,永利西葯房,majorDestination,永利西葯房,,,,,,1,true
新駿發藥房,新駿發藥房,majorDestination,新駿發藥房,,,,,,1,true
Wi-Fi.HK 熱點位置: 十八鄉鄉事委員會辦事處,Wi-Fi.HK 熱點位置: 十八鄉鄉事委員會辦事處,majorDestination,Wi-Fi.HK 熱點位置: 十八鄉鄉事委員會辦事處,,,,,,1,true
天后古廟,天后古廟,majorDestination,天后古廟,,,,,,1,true
黎氏宗祠,黎氏宗祠,majorDestination,黎氏宗祠,,,,,,1,true
西元朗社會保障辦事處,西元朗社會保障辦事處,majorDestination,西元朗社會保障辦事處,,,,,,1,true
香港童軍總會元朗西區區總部焯培樓,香港童軍總會元朗西區區總部焯培樓,majorDestination,香港童軍總會元朗西區區總部焯培樓,,,,,,1,true
匯力環球汽車服務有限公司,匯力環球汽車服務有限公司,majorDestination,匯力環球汽車服務有限公司,,,,,,1,true
牛潭尾西旱廁,牛潭尾西旱廁,majorDestination,牛潭尾西旱廁,,,,,,1,true
廷士家塾,廷士家塾,majorDestination,廷士家塾,,,,,,1,true
積善書室,積善書室,majorDestination,積善書室,,,,,,1,true
栢慧豪園,栢慧豪園,majorDestination,栢慧豪園,,,,,,1,true
元朗大會堂 - 家庭生活教育組,元朗大會堂 - 家庭生活教育組,majorDestination,元朗大會堂 - 家庭生活教育組,,,,,,1,true
廣安護老院(元朗)有限公司,廣安護老院(元朗)有限公司,majorDestination,廣安護老院(元朗)有限公司,,,,,,1,true
北大埔社會保障辦事處,北大埔社會保障辦事處,majorDestination,北大埔社會保障辦事處,,,,,,1,true
保護家庭及兒童服務課(大埔及北區),保護家庭及兒童服務課(大埔及北區),majorDestination,保護家庭及兒童服務課(大埔及北區),,,,,,1,true
大埔及北區福利辦事處,大埔及北區福利辦事處,majorDestination,大埔及北區福利辦事處,,,,,,1,true
大埔頭北休憩處,大埔頭北休憩處,majorDestination,大埔頭北休憩處,,,,,,1,true
CLUB SILICON (NORTH WING),CLUB SILICON (NORTH WING),majorDestination,CLUB SILICON (NORTH WING),,,,,,1,true
大埔舊北區理民府 (前稱),大埔舊北區理民府 (前稱),majorDestination,大埔舊北區理民府 (前稱),,,,,,1,true
舊北區理民府,舊北區理民府,majorDestination,舊北區理民府,,,,,,1,true
已登記的WiFi 熱點: Y5ZONE Limited (APID 08531),已登記的WiFi 熱點: Y5ZONE Limited (APID 08531),majorDestination,已登記的WiFi 熱點: Y5ZONE Limited (APID 08531),,,,,,1,true
南大埔社會保障辦事處,南大埔社會保障辦事處,majorDestination,南大埔社會保障辦事處,,,,,,1,true
已登記的WiFi 熱點: Y5ZONE Limited (APID 08518),已登記的WiFi 熱點: Y5ZONE Limited (APID 08518),majorDestination,已登記的WiFi 熱點: Y5ZONE Limited (APID 08518),,,,,,1,true
大寶聯誼會,大寶聯誼會,majorDestination,大寶聯誼會,,,,,,1,true
科學園停車場 P2,科學園停車場 P2,majorDestination,科學園停車場 P2,,,,,,1,true
匡智之家,匡智之家,majorDestination,匡智之家,,,,,,1,true
陳氏宗祠,陳氏宗祠,majorDestination,陳氏宗祠,,,,,,1,true
盤王古廟,盤王古廟,majorDestination,盤王古廟,,,,,,1,true
已登記的WiFi 熱點: Hong Kong Telecommunications (HKT) Limited (APID 06205),已登記的WiFi 熱點: Hong Kong Telecommunications (HKT) Limited (APID 06205),majorDestination,已登記的WiFi 熱點: Hong Kong Telecommunications (HKT) Limited (APID 06205),,,,,,1,true
科學園停車場 P3,科學園停車場 P3,majorDestination,科學園停車場 P3,,,,,,1,true
科學園停車場 P4,科學園停車場 P4,majorDestination,科學園停車場 P4,,,,,,1,true
科學園停車場 P1,科學園停車場 P1,majorDestination,科學園停車場 P1,,,,,,1,true
HONG KONG CYCLOTRON LABORATORIES LIMITED,HONG KONG CYCLOTRON LABORATORIES LIMITED,majorDestination,HONG KONG CYCLOTRON LABORATORIES LIMITED,,,,,,1,true
觀音古廟,觀音古廟,majorDestination,觀音古廟,,,,,,1,true
張氏宗祠,張氏宗祠,majorDestination,張氏宗祠,,,,,,1,true
文氏宗祠,文氏宗祠,majorDestination,文氏宗祠,,,,,,1,true
文衍慶堂,文衍慶堂,majorDestination,文衍慶堂,,,,,,1,true
慎德堂,慎德堂,majorDestination,慎德堂,,,,,,1,true
叢桂書室,叢桂書室,majorDestination,叢桂書室,,,,,,1,true
藝浣堂,藝浣堂,majorDestination,藝浣堂,,,,,,1,true
大埔中休憩處,大埔中休憩處,majorDestination,大埔中休憩處,,,,,,1,true
已登記的WiFi 熱點: Y5ZONE Limited (APID 08521),已登記的WiFi 熱點: Y5ZONE Limited (APID 08521),majorDestination,已登記的WiFi 熱點: Y5ZONE Limited (APID 08521),,,,,,1,true
大埔體育會有限公司,大埔體育會有限公司,majorDestination,大埔體育會有限公司,,,,,,1,true
大埔海濱公園 - 下水簾,大埔海濱公園 - 下水簾,majorDestination,大埔海濱公園 - 下水簾,,,,,,1,true
鹽田仔具考古研究價值的地點，大埔,鹽田仔具考古研究價值的地點，大埔,majorDestination,鹽田仔具考古研究價值的地點，大埔,,,,,,1,true
香港青年協會大埔青年空間,香港青年協會大埔青年空間,majorDestination,香港青年協會大埔青年空間,,,,,,1,true
家園便利店(大埔),家園便利店(大埔),majorDestination,家園便利店(大埔),,,,,,1,true
粉嶺北新發展區,粉嶺北新發展區,majorDestination,粉嶺北新發展區,,,,,,1,true
東成汽車服務,東成汽車服務,majorDestination,東成汽車服務,,,,,,1,true
新界北交通部,新界北交通部,majorDestination,新界北交通部,,,,,,1,true
粉嶺感化及社會服務令辦事處 (分處),粉嶺感化及社會服務令辦事處 (分處),majorDestination,粉嶺感化及社會服務令辦事處 (分處),,,,,,1,true
北區民政事務處,北區民政事務處,majorDestination,北區民政事務處,,,,,,1,true
北區地政處,北區地政處,majorDestination,北區地政處,,,,,,1,true
粉嶺社會保障辦事處,粉嶺社會保障辦事處,majorDestination,粉嶺社會保障辦事處,,,,,,1,true
力豐汽車服務,力豐汽車服務,majorDestination,力豐汽車服務,,,,,,1,true
偉濤汽車服務,偉濤汽車服務,majorDestination,偉濤汽車服務,,,,,,1,true
新文記汽車服務,新文記汽車服務,majorDestination,新文記汽車服務,,,,,,1,true
新記汽車維修服務有限公司,新記汽車維修服務有限公司,majorDestination,新記汽車維修服務有限公司,,,,,,1,true
朗天汽車服務,朗天汽車服務,majorDestination,朗天汽車服務,,,,,,1,true
展鴻汽車服務公司,展鴻汽車服務公司,majorDestination,展鴻汽車服務公司,,,,,,1,true
已登記的WiFi 熱點: 香港電話有限公司 (APID 07065),已登記的WiFi 熱點: 香港電話有限公司 (APID 07065),majorDestination,已登記的WiFi 熱點: 香港電話有限公司 (APID 07065),,,,,,1,true
已登記的WiFi 熱點: 香港電話有限公司 (APID 07068),已登記的WiFi 熱點: 香港電話有限公司 (APID 07068),majorDestination,已登記的WiFi 熱點: 香港電話有限公司 (APID 07068),,,,,,1,true
已登記的WiFi 熱點: 香港電話有限公司 (APID 07072),已登記的WiFi 熱點: 香港電話有限公司 (APID 07072),majorDestination,已登記的WiFi 熱點: 香港電話有限公司 (APID 07072),,,,,,1,true
已登記的WiFi 熱點: 香港電話有限公司 (APID 07080),已登記的WiFi 熱點: 香港電話有限公司 (APID 07080),majorDestination,已登記的WiFi 熱點: 香港電話有限公司 (APID 07080),,,,,,1,true
已登記的WiFi 熱點: 香港電話有限公司 (APID 07093),已登記的WiFi 熱點: 香港電話有限公司 (APID 07093),majorDestination,已登記的WiFi 熱點: 香港電話有限公司 (APID 07093),,,,,,1,true
已登記的WiFi 熱點: 香港電話有限公司 (APID 07090),已登記的WiFi 熱點: 香港電話有限公司 (APID 07090),majorDestination,已登記的WiFi 熱點: 香港電話有限公司 (APID 07090),,,,,,1,true
Wi-Fi.HK 熱點位置: 粉嶺南公共圖書館,Wi-Fi.HK 熱點位置: 粉嶺南公共圖書館,majorDestination,Wi-Fi.HK 熱點位置: 粉嶺南公共圖書館,,,,,,1,true
新生精神康復會思健園,新生精神康復會思健園,majorDestination,新生精神康復會思健園,,,,,,1,true
慈欣之家(粉嶺),慈欣之家(粉嶺),majorDestination,慈欣之家(粉嶺),,,,,,1,true
八仙嶺特別地區,八仙嶺特別地區,majorDestination,八仙嶺特別地區,,,,,,1,true
北大刀屻特別地區,北大刀屻特別地區,majorDestination,北大刀屻特別地區,,,,,,1,true
明愛粉嶺宿舍,明愛粉嶺宿舍,majorDestination,明愛粉嶺宿舍,,,,,,1,true
粉嶺感化及社會服務令辦事處,粉嶺感化及社會服務令辦事處,majorDestination,粉嶺感化及社會服務令辦事處,,,,,,1,true
粉嶺護老院,粉嶺護老院,majorDestination,粉嶺護老院,,,,,,1,true
北區公園二期,北區公園二期,majorDestination,北區公園二期,,,,,,1,true
北區大會堂,北區大會堂,majorDestination,北區大會堂,,,,,,1,true
北區運動場 - 近辦事處,北區運動場 - 近辦事處,majorDestination,北區運動場 - 近辦事處,,,,,,1,true
北區運動場 - 網球場外,北區運動場 - 網球場外,majorDestination,北區運動場 - 網球場外,,,,,,1,true
上水華山具考古研究價值的地點,上水華山具考古研究價值的地點,majorDestination,上水華山具考古研究價值的地點,,,,,,1,true
上水紀律部隊宿舍,上水紀律部隊宿舍,majorDestination,上水紀律部隊宿舍,,,,,,1,true
上水已婚警察宿舍,上水已婚警察宿舍,majorDestination,上水已婚警察宿舍,,,,,,1,true
聖芳濟敬老院(上水)有限公司,聖芳濟敬老院(上水)有限公司,majorDestination,聖芳濟敬老院(上水)有限公司,,,,,,1,true
上水旅館,上水旅館,majorDestination,上水旅館,,,,,,1,true
禾. 花. 雀. 塱原生態農社,禾. 花. 雀. 塱原生態農社,majorDestination,禾. 花. 雀. 塱原生態農社,,,,,,1,true
將軍澳南公園（寵物公園）,將軍澳南公園（寵物公園）,majorDestination,將軍澳南公園（寵物公園）,,,,,,1,true
將軍澳南公園,將軍澳南公園,majorDestination,將軍澳南公園,,,,,,1,true
保良局好幫手(將軍澳),保良局好幫手(將軍澳),majorDestination,保良局好幫手(將軍澳),,,,,,1,true
香港基督教女青年會 將軍澳青年外展社會工作隊,香港基督教女青年會 將軍澳青年外展社會工作隊,majorDestination,香港基督教女青年會 將軍澳青年外展社會工作隊,,,,,,1,true
保良局棨儀喜悦薈,保良局棨儀喜悦薈,majorDestination,保良局棨儀喜悦薈,,,,,,1,true
新界東南堆填區,新界東南堆填區,majorDestination,新界東南堆填區,,,,,,1,true
TKO Gateway 南翼停車場,TKO Gateway 南翼停車場,majorDestination,TKO Gateway 南翼停車場,,,,,,1,true
將軍澳東低地食水配水庫,將軍澳東低地食水配水庫,majorDestination,將軍澳東低地食水配水庫,,,,,,1,true
將軍澳東下配水庫,將軍澳東下配水庫,majorDestination,將軍澳東下配水庫,,,,,,1,true
TKO Gateway (East Wing),TKO Gateway (East Wing),majorDestination,TKO Gateway (East Wing),,,,,,1,true
一田超級市場-將軍澳,一田超級市場-將軍澳,majorDestination,一田超級市場-將軍澳,,,,,,1,true
TKO Gateway 東翼停車場,TKO Gateway 東翼停車場,majorDestination,TKO Gateway 東翼停車場,,,,,,1,true
東博寮海峽,東博寮海峽,majorDestination,東博寮海峽,,,,,,1,true
起動九龍東,起動九龍東,majorDestination,起動九龍東,,,,,,1,true
環海·東岸１ａ座,環海·東岸１ａ座,majorDestination,環海·東岸１ａ座,,,,,,1,true
環海·東岸１ｂ座,環海·東岸１ｂ座,majorDestination,環海·東岸１ｂ座,,,,,,1,true
將軍澳西下配水庫,將軍澳西下配水庫,majorDestination,將軍澳西下配水庫,,,,,,1,true
將軍澳西高地食水配水庫,將軍澳西高地食水配水庫,majorDestination,將軍澳西高地食水配水庫,,,,,,1,true
將軍澳西高地海水配水庫,將軍澳西高地海水配水庫,majorDestination,將軍澳西高地海水配水庫,,,,,,1,true
將軍澳西低地食水配水庫,將軍澳西低地食水配水庫,majorDestination,將軍澳西低地食水配水庫,,,,,,1,true
將軍澳西低地海水配水庫,將軍澳西低地海水配水庫,majorDestination,將軍澳西低地海水配水庫,,,,,,1,true
將軍澳西下（海水）配水庫,將軍澳西下（海水）配水庫,majorDestination,將軍澳西下（海水）配水庫,,,,,,1,true
TKO Gateway (West Wing),TKO Gateway (West Wing),majorDestination,TKO Gateway (West Wing),,,,,,1,true
TKO Gateway 西翼停車場,TKO Gateway 西翼停車場,majorDestination,TKO Gateway 西翼停車場,,,,,,1,true
西九龍走廊,西九龍走廊,majorDestination,西九龍走廊,,,,,,1,true
西九龍薈,西九龍薈,majorDestination,西九龍薈,,,,,,1,true
西博寮海峽,西博寮海峽,majorDestination,西博寮海峽,,,,,,1,true
匯璽第1座,匯璽第1座,majorDestination,匯璽第1座,,,,,,1,true
匯璽第2座,匯璽第2座,majorDestination,匯璽第2座,,,,,,1,true
匯璽第3座,匯璽第3座,majorDestination,匯璽第3座,,,,,,1,true
匯璽第5座,匯璽第5座,majorDestination,匯璽第5座,,,,,,1,true
匯璽第6座,匯璽第6座,majorDestination,匯璽第6座,,,,,,1,true
香港青年協會賽馬會將軍澳青年空間,香港青年協會賽馬會將軍澳青年空間,majorDestination,香港青年協會賽馬會將軍澳青年空間,,,,,,1,true
香港小童群益會樂緻幼兒園(將軍澳),香港小童群益會樂緻幼兒園(將軍澳),majorDestination,香港小童群益會樂緻幼兒園(將軍澳),,,,,,1,true
翠林社區會堂,翠林社區會堂,majorDestination,翠林社區會堂,,,,,,1,true
香港家庭福利會藝進同學會賽馬會將軍澳青年坊,香港家庭福利會藝進同學會賽馬會將軍澳青年坊,majorDestination,香港家庭福利會藝進同學會賽馬會將軍澳青年坊,,,,,,1,true
西貢北約鄉事委員會,西貢北約鄉事委員會,majorDestination,西貢北約鄉事委員會,,,,,,1,true
西貢北鄉事委員會 (別稱),西貢北鄉事委員會 (別稱),majorDestination,西貢北鄉事委員會 (別稱),,,,,,1,true
黃地峒具考古研究價值的地點,黃地峒具考古研究價值的地點,majorDestination,黃地峒具考古研究價值的地點,,,,,,1,true
海下石灰窰,海下石灰窰,majorDestination,海下石灰窰,,,,,,1,true
海下具考古研究價值的地點,海下具考古研究價值的地點,majorDestination,海下具考古研究價值的地點,,,,,,1,true
荔枝莊窰,荔枝莊窰,majorDestination,荔枝莊窰,,,,,,1,true
泥涌(流動圖書館五),泥涌(流動圖書館五),majorDestination,泥涌(流動圖書館五),,,,,,1,true
Wi-Fi.HK 熱點位置: 塔門(西貢北約)鄉公所,Wi-Fi.HK 熱點位置: 塔門(西貢北約)鄉公所,majorDestination,Wi-Fi.HK 熱點位置: 塔門(西貢北約)鄉公所,,,,,,1,true
寶琳休憩處,寶琳休憩處,majorDestination,寶琳休憩處,,,,,,1,true
伸手助人協會畢尚華神父護老頤養院,伸手助人協會畢尚華神父護老頤養院,majorDestination,伸手助人協會畢尚華神父護老頤養院,,,,,,1,true
香港聖公會阮維揚長者之家,香港聖公會阮維揚長者之家,majorDestination,香港聖公會阮維揚長者之家,,,,,,1,true
Wi-Fi.HK 熱點位置: 伸手助人協會日間護理單位,Wi-Fi.HK 熱點位置: 伸手助人協會日間護理單位,majorDestination,Wi-Fi.HK 熱點位置: 伸手助人協會日間護理單位,,,,,,1,true
Wi-Fi.HK 熱點位置: 伸手助人協會畢尚華神父護老頤養院,Wi-Fi.HK 熱點位置: 伸手助人協會畢尚華神父護老頤養院,majorDestination,Wi-Fi.HK 熱點位置: 伸手助人協會畢尚華神父護老頤養院,,,,,,1,true
已登記的WiFi 熱點: 香港電話有限公司 (APID 07647),已登記的WiFi 熱點: 香港電話有限公司 (APID 07647),majorDestination,已登記的WiFi 熱點: 香港電話有限公司 (APID 07647),,,,,,1,true
西貢西郊野公園廁所,西貢西郊野公園廁所,majorDestination,西貢西郊野公園廁所,,,,,,1,true
廈門灣(橋咀洲南)具考古研究價值的地點,廈門灣(橋咀洲南)具考古研究價值的地點,majorDestination,廈門灣(橋咀洲南)具考古研究價值的地點,,,,,,1,true
獅子會-青年會將軍澳青年營,獅子會-青年會將軍澳青年營,majorDestination,獅子會-青年會將軍澳青年營,,,,,,1,true
西貢東郊野公園,西貢東郊野公園,majorDestination,西貢東郊野公園,,,,,,1,true
水警東分區基地,水警東分區基地,majorDestination,水警東分區基地,,,,,,1,true
萬宜水庫東壩,萬宜水庫東壩,majorDestination,萬宜水庫東壩,,,,,,1,true
香港小童群益會 家庭生活教育組(西貢區),香港小童群益會 家庭生活教育組(西貢區),majorDestination,香港小童群益會 家庭生活教育組(西貢區),,,,,,1,true
橋咀洲(東)具考古研究價值的地點,橋咀洲(東)具考古研究價值的地點,majorDestination,橋咀洲(東)具考古研究價值的地點,,,,,,1,true
西灣滑翔傘地點,西灣滑翔傘地點,majorDestination,西灣滑翔傘地點,,,,,,1,true
浪茄灣滑翔傘地點,浪茄灣滑翔傘地點,majorDestination,浪茄灣滑翔傘地點,,,,,,1,true
北潭凹滑翔傘地點,北潭凹滑翔傘地點,majorDestination,北潭凹滑翔傘地點,,,,,,1,true
Helicopter Landing Site - IS05 - SAI KUNG MARINE POL EAST DIV,Helicopter Landing Site - IS05 - SAI KUNG MARINE POL EAST DIV,majorDestination,Helicopter Landing Site - IS05 - SAI KUNG MARINE POL EAST DIV,,,,,,1,true
西貢西郊野公園,西貢西郊野公園,majorDestination,西貢西郊野公園,,,,,,1,true
西貢西郊野公園(灣仔擴建部分),西貢西郊野公園(灣仔擴建部分),majorDestination,西貢西郊野公園(灣仔擴建部分),,,,,,1,true
鹹田具考古研究價值的地點，西貢,鹹田具考古研究價值的地點，西貢,majorDestination,鹹田具考古研究價值的地點，西貢,,,,,,1,true
西灣具考古研究價值的地點，西貢,西灣具考古研究價值的地點，西貢,majorDestination,西灣具考古研究價值的地點，西貢,,,,,,1,true
東灣具考古研究價值的地點，西貢,東灣具考古研究價值的地點，西貢,majorDestination,東灣具考古研究價值的地點，西貢,,,,,,1,true
鹽田仔具考古研究價值的地點，西貢,鹽田仔具考古研究價值的地點，西貢,majorDestination,鹽田仔具考古研究價值的地點，西貢,,,,,,1,true
西貢賽馬會大會堂,西貢賽馬會大會堂,majorDestination,西貢賽馬會大會堂,,,,,,1,true
Guidepost Montessori Sai Kung (K578630A),Guidepost Montessori Sai Kung (K578630A),majorDestination,Guidepost Montessori Sai Kung (K578630A),,,,,,1,true
西貢火山岩園區,西貢火山岩園區,majorDestination,西貢火山岩園區,,,,,,1,true
基督教西貢主恩護理院有限公司,基督教西貢主恩護理院有限公司,majorDestination,基督教西貢主恩護理院有限公司,,,,,,1,true
西貢海下灰窰,西貢海下灰窰,majorDestination,西貢海下灰窰,,,,,,1,true
黃宜洲窰,黃宜洲窰,majorDestination,黃宜洲窰,,,,,,1,true
蠔涌具考古研究價值的地點,蠔涌具考古研究價值的地點,majorDestination,蠔涌具考古研究價值的地點,,,,,,1,true
南圍具考古研究價值的地點,南圍具考古研究價值的地點,majorDestination,南圍具考古研究價值的地點,,,,,,1,true
沙下具考古研究價值的地點,沙下具考古研究價值的地點,majorDestination,沙下具考古研究價值的地點,,,,,,1,true
已登記的WiFi 熱點: Hong Kong Telecommunications (HKT) Limited (APID 05491),已登記的WiFi 熱點: Hong Kong Telecommunications (HKT) Limited (APID 05491),majorDestination,已登記的WiFi 熱點: Hong Kong Telecommunications (HKT) Limited (APID 05491),,,,,,1,true
思恩護老院(第一分院),思恩護老院(第一分院),majorDestination,思恩護老院(第一分院),,,,,,1,true
趣園樓,趣園樓,majorDestination,趣園樓,,,,,,1,true
富園樓,富園樓,majorDestination,富園樓,,,,,,1,true
貴園樓,貴園樓,majorDestination,貴園樓,,,,,,1,true
麗園樓,麗園樓,majorDestination,麗園樓,,,,,,1,true
雅園樓,雅園樓,majorDestination,雅園樓,,,,,,1,true
秀園樓,秀園樓,majorDestination,秀園樓,,,,,,1,true
翠松樓,翠松樓,majorDestination,翠松樓,,,,,,1,true
翠杏樓,翠杏樓,majorDestination,翠杏樓,,,,,,1,true
翠杭樓,翠杭樓,majorDestination,翠杭樓,,,,,,1,true
翠樂樓,翠樂樓,majorDestination,翠樂樓,,,,,,1,true
翠桐樓,翠桐樓,majorDestination,翠桐樓,,,,,,1,true
翠榮樓,翠榮樓,majorDestination,翠榮樓,,,,,,1,true
翠櫻樓,翠櫻樓,majorDestination,翠櫻樓,,,,,,1,true
華園樓,華園樓,majorDestination,華園樓,,,,,,1,true
榮園樓,榮園樓,majorDestination,榮園樓,,,,,,1,true
秀好樓,秀好樓,majorDestination,秀好樓,,,,,,1,true
秀美樓,秀美樓,majorDestination,秀美樓,,,,,,1,true
秀善樓,秀善樓,majorDestination,秀善樓,,,,,,1,true
秀德樓,秀德樓,majorDestination,秀德樓,,,,,,1,true
秀旺樓,秀旺樓,majorDestination,秀旺樓,,,,,,1,true
橡園樓,橡園樓,majorDestination,橡園樓,,,,,,1,true
松園樓,松園樓,majorDestination,松園樓,,,,,,1,true
梅園樓,梅園樓,majorDestination,梅園樓,,,,,,1,true
柏園樓,柏園樓,majorDestination,柏園樓,,,,,,1,true
桃園樓,桃園樓,majorDestination,桃園樓,,,,,,1,true
翠樟樓,翠樟樓,majorDestination,翠樟樓,,,,,,1,true
翠柳樓,翠柳樓,majorDestination,翠柳樓,,,,,,1,true
翠楣樓,翠楣樓,majorDestination,翠楣樓,,,,,,1,true
翠梅樓,翠梅樓,majorDestination,翠梅樓,,,,,,1,true
翠楠樓,翠楠樓,majorDestination,翠楠樓,,,,,,1,true
翠桉樓,翠桉樓,majorDestination,翠桉樓,,,,,,1,true
翠柏樓,翠柏樓,majorDestination,翠柏樓,,,,,,1,true
翠桃樓,翠桃樓,majorDestination,翠桃樓,,,,,,1,true
翠梓樓,翠梓樓,majorDestination,翠梓樓,,,,,,1,true
翠楊樓,翠楊樓,majorDestination,翠楊樓,,,,,,1,true
翠榆樓,翠榆樓,majorDestination,翠榆樓,,,,,,1,true
翠榕樓,翠榕樓,majorDestination,翠榕樓,,,,,,1,true
桐園樓,桐園樓,majorDestination,桐園樓,,,,,,1,true
蕙園樓,蕙園樓,majorDestination,蕙園樓,,,,,,1,true
榕園樓,榕園樓,majorDestination,榕園樓,,,,,,1,true
鄰舍輔導會 東區/灣仔外展社會工作隊,鄰舍輔導會 東區/灣仔外展社會工作隊,majorDestination,鄰舍輔導會 東區/灣仔外展社會工作隊,,,,,,1,true
已登記的WiFi 熱點: Hong Kong Telecommunications (HKT) Limited (APID 05799),已登記的WiFi 熱點: Hong Kong Telecommunications (HKT) Limited (APID 05799),majorDestination,已登記的WiFi 熱點: Hong Kong Telecommunications (HKT) Limited (APID 05799),,,,,,1,true
亞遠車房有限公司,亞遠車房有限公司,majorDestination,亞遠車房有限公司,,,,,,1,true
駿文電單車行,駿文電單車行,majorDestination,駿文電單車行,,,,,,1,true
超卓汽車服務公司,超卓汽車服務公司,majorDestination,超卓汽車服務公司,,,,,,1,true
志和汽車服務公司,志和汽車服務公司,majorDestination,志和汽車服務公司,,,,,,1,true
已登記的WiFi 熱點: Hong Kong Telecommunications (HKT) Limited (APID 06231),已登記的WiFi 熱點: Hong Kong Telecommunications (HKT) Limited (APID 06231),majorDestination,已登記的WiFi 熱點: Hong Kong Telecommunications (HKT) Limited (APID 06231),,,,,,1,true
已登記的WiFi 熱點: Hong Kong Telecommunications (HKT) Limited (APID 06232),已登記的WiFi 熱點: Hong Kong Telecommunications (HKT) Limited (APID 06232),majorDestination,已登記的WiFi 熱點: Hong Kong Telecommunications (HKT) Limited (APID 06232),,,,,,1,true
已登記的WiFi 熱點: Hong Kong Telecommunications (HKT) Limited (APID 05653),已登記的WiFi 熱點: Hong Kong Telecommunications (HKT) Limited (APID 05653),majorDestination,已登記的WiFi 熱點: Hong Kong Telecommunications (HKT) Limited (APID 05653),,,,,,1,true
大包米訊號塔,大包米訊號塔,majorDestination,大包米訊號塔,,,,,,1,true
已登記的WiFi 熱點: Hong Kong Telecommunications (HKT) Limited (APID 05385),已登記的WiFi 熱點: Hong Kong Telecommunications (HKT) Limited (APID 05385),majorDestination,已登記的WiFi 熱點: Hong Kong Telecommunications (HKT) Limited (APID 05385),,,,,,1,true
日新舍旺角,日新舍旺角,majorDestination,日新舍旺角,,,,,,1,true
新新汽車公司,新新汽車公司,majorDestination,新新汽車公司,,,,,,1,true
已登記的WiFi 熱點: 環球全域電訊有限公司 (APID 00708),已登記的WiFi 熱點: 環球全域電訊有限公司 (APID 00708),majorDestination,已登記的WiFi 熱點: 環球全域電訊有限公司 (APID 00708),,,,,,1,true
已登記的WiFi 熱點: Hong Kong Telecommunications (HKT) Limited (APID 05183),已登記的WiFi 熱點: Hong Kong Telecommunications (HKT) Limited (APID 05183),majorDestination,已登記的WiFi 熱點: Hong Kong Telecommunications (HKT) Limited (APID 05183),,,,,,1,true
深水埗三太子及北帝廟,深水埗三太子及北帝廟,majorDestination,深水埗三太子及北帝廟,,,,,,1,true
香港神召會保羅堂,香港神召會保羅堂,majorDestination,香港神召會保羅堂,,,,,,1,true
新萬福護理院(深水埗),新萬福護理院(深水埗),majorDestination,新萬福護理院(深水埗),,,,,,1,true
編號438郵箱,編號438郵箱,majorDestination,編號438郵箱,,,,,,1,true
已登記的WiFi 熱點: 香港寬頻網絡有限公司 (APID 03161),已登記的WiFi 熱點: 香港寬頻網絡有限公司 (APID 03161),majorDestination,已登記的WiFi 熱點: 香港寬頻網絡有限公司 (APID 03161),,,,,,1,true
已登記的WiFi 熱點: 香港寬頻網絡有限公司 (APID 03167),已登記的WiFi 熱點: 香港寬頻網絡有限公司 (APID 03167),majorDestination,已登記的WiFi 熱點: 香港寬頻網絡有限公司 (APID 03167),,,,,,1,true
已登記的WiFi 熱點: 香港寬頻網絡有限公司 (APID 03175),已登記的WiFi 熱點: 香港寬頻網絡有限公司 (APID 03175),majorDestination,已登記的WiFi 熱點: 香港寬頻網絡有限公司 (APID 03175),,,,,,1,true
已登記的WiFi 熱點: 香港寬頻網絡有限公司 (APID 03187),已登記的WiFi 熱點: 香港寬頻網絡有限公司 (APID 03187),majorDestination,已登記的WiFi 熱點: 香港寬頻網絡有限公司 (APID 03187),,,,,,1,true
已登記的WiFi 熱點: 香港寬頻網絡有限公司 (APID 03194),已登記的WiFi 熱點: 香港寬頻網絡有限公司 (APID 03194),majorDestination,已登記的WiFi 熱點: 香港寬頻網絡有限公司 (APID 03194),,,,,,1,true
已登記的WiFi 熱點: 香港寬頻網絡有限公司 (APID 03201),已登記的WiFi 熱點: 香港寬頻網絡有限公司 (APID 03201),majorDestination,已登記的WiFi 熱點: 香港寬頻網絡有限公司 (APID 03201),,,,,,1,true
已登記的WiFi 熱點: 香港寬頻網絡有限公司 (APID 03209),已登記的WiFi 熱點: 香港寬頻網絡有限公司 (APID 03209),majorDestination,已登記的WiFi 熱點: 香港寬頻網絡有限公司 (APID 03209),,,,,,1,true
已登記的WiFi 熱點: 香港寬頻網絡有限公司 (APID 03221),已登記的WiFi 熱點: 香港寬頻網絡有限公司 (APID 03221),majorDestination,已登記的WiFi 熱點: 香港寬頻網絡有限公司 (APID 03221),,,,,,1,true
已登記的WiFi 熱點: 香港寬頻網絡有限公司 (APID 03225),已登記的WiFi 熱點: 香港寬頻網絡有限公司 (APID 03225),majorDestination,已登記的WiFi 熱點: 香港寬頻網絡有限公司 (APID 03225),,,,,,1,true
南昌薈停車場,南昌薈停車場,majorDestination,南昌薈停車場,,,,,,1,true
已登記的WiFi 熱點: 環球全域電訊有限公司 (APID 00620),已登記的WiFi 熱點: 環球全域電訊有限公司 (APID 00620),majorDestination,已登記的WiFi 熱點: 環球全域電訊有限公司 (APID 00620),,,,,,1,true
已登記的WiFi 熱點: 環球全域電訊有限公司 (APID 00621),已登記的WiFi 熱點: 環球全域電訊有限公司 (APID 00621),majorDestination,已登記的WiFi 熱點: 環球全域電訊有限公司 (APID 00621),,,,,,1,true
已登記的WiFi 熱點: 環球全域電訊有限公司 (APID 00622),已登記的WiFi 熱點: 環球全域電訊有限公司 (APID 00622),majorDestination,已登記的WiFi 熱點: 環球全域電訊有限公司 (APID 00622),,,,,,1,true
已登記的WiFi 熱點: 香港寬頻網絡有限公司 (APID 02876),已登記的WiFi 熱點: 香港寬頻網絡有限公司 (APID 02876),majorDestination,已登記的WiFi 熱點: 香港寬頻網絡有限公司 (APID 02876),,,,,,1,true
救世軍南明婦女之家,救世軍南明婦女之家,majorDestination,救世軍南明婦女之家,,,,,,1,true
石硤尾公園第三期,石硤尾公園第三期,majorDestination,石硤尾公園第三期,,,,,,1,true
平安福音堂南山自修室,平安福音堂南山自修室,majorDestination,平安福音堂南山自修室,,,,,,1,true
錢其武醫生,錢其武醫生,majorDestination,錢其武醫生,,,,,,1,true
觀塘浸信會,觀塘浸信會,majorDestination,觀塘浸信會,,,,,,1,true
鯉「賞」空間,鯉「賞」空間,majorDestination,鯉「賞」空間,,,,,,1,true
已登記的WiFi 熱點: 香港電話有限公司 (APID 07605),已登記的WiFi 熱點: 香港電話有限公司 (APID 07605),majorDestination,已登記的WiFi 熱點: 香港電話有限公司 (APID 07605),,,,,,1,true
已登記的WiFi 熱點: 香港寬頻網絡有限公司 (APID 04059),已登記的WiFi 熱點: 香港寬頻網絡有限公司 (APID 04059),majorDestination,已登記的WiFi 熱點: 香港寬頻網絡有限公司 (APID 04059),,,,,,1,true
已登記的WiFi 熱點: 香港寬頻網絡有限公司 (APID 04065),已登記的WiFi 熱點: 香港寬頻網絡有限公司 (APID 04065),majorDestination,已登記的WiFi 熱點: 香港寬頻網絡有限公司 (APID 04065),,,,,,1,true
已登記的WiFi 熱點: 香港寬頻網絡有限公司 (APID 04070),已登記的WiFi 熱點: 香港寬頻網絡有限公司 (APID 04070),majorDestination,已登記的WiFi 熱點: 香港寬頻網絡有限公司 (APID 04070),,,,,,1,true
Wi-Fi.HK 熱點位置: 樂華宿舍,Wi-Fi.HK 熱點位置: 樂華宿舍,majorDestination,Wi-Fi.HK 熱點位置: 樂華宿舍,,,,,,1,true
惠康超級市場-翠屏,惠康超級市場-翠屏,majorDestination,惠康超級市場-翠屏,,,,,,1,true
已登記的WiFi 熱點: Hong Kong Telecommunications (HKT) Limited (APID 06357),已登記的WiFi 熱點: Hong Kong Telecommunications (HKT) Limited (APID 06357),majorDestination,已登記的WiFi 熱點: Hong Kong Telecommunications (HKT) Limited (APID 06357),,,,,,1,true
保護家庭及兒童服務課(黃大仙及西貢),保護家庭及兒童服務課(黃大仙及西貢),majorDestination,保護家庭及兒童服務課(黃大仙及西貢),,,,,,1,true
春暉護老院,春暉護老院,majorDestination,春暉護老院,,,,,,1,true
新生精神康復會,新生精神康復會,majorDestination,新生精神康復會,,,,,,1,true
已登記的WiFi 熱點: 香港寬頻網絡有限公司 (APID 03801),已登記的WiFi 熱點: 香港寬頻網絡有限公司 (APID 03801),majorDestination,已登記的WiFi 熱點: 香港寬頻網絡有限公司 (APID 03801),,,,,,1,true
已登記的WiFi 熱點: 香港寬頻網絡有限公司 (APID 03806),已登記的WiFi 熱點: 香港寬頻網絡有限公司 (APID 03806),majorDestination,已登記的WiFi 熱點: 香港寬頻網絡有限公司 (APID 03806),,,,,,1,true
已登記的WiFi 熱點: Hong Kong Telecommunications (HKT) Limited (APID 06162),已登記的WiFi 熱點: Hong Kong Telecommunications (HKT) Limited (APID 06162),majorDestination,已登記的WiFi 熱點: Hong Kong Telecommunications (HKT) Limited (APID 06162),,,,,,1,true
編號115郵箱,編號115郵箱,majorDestination,編號115郵箱,,,,,,1,true
南明樓,南明樓,majorDestination,南明樓,,,,,,1,true
南泰樓,南泰樓,majorDestination,南泰樓,,,,,,1,true
已登記的WiFi 熱點: 香港寬頻網絡有限公司 (APID 03224),已登記的WiFi 熱點: 香港寬頻網絡有限公司 (APID 03224),majorDestination,已登記的WiFi 熱點: 香港寬頻網絡有限公司 (APID 03224),,,,,,1,true
已登記的WiFi 熱點: 香港寬頻網絡有限公司 (APID 03238),已登記的WiFi 熱點: 香港寬頻網絡有限公司 (APID 03238),majorDestination,已登記的WiFi 熱點: 香港寬頻網絡有限公司 (APID 03238),,,,,,1,true
新萬福護理院- 沙田分院,新萬福護理院- 沙田分院,majorDestination,新萬福護理院- 沙田分院,,,,,,1,true
新九龍婦女會新翠幼兒園,新九龍婦女會新翠幼兒園,majorDestination,新九龍婦女會新翠幼兒園,,,,,,1,true
Ville De Jardin Club de Jardin,Ville De Jardin Club de Jardin,majorDestination,Ville De Jardin Club de Jardin,,,,,,1,true
沙田浸信會馬鞍山堂,沙田浸信會馬鞍山堂,majorDestination,沙田浸信會馬鞍山堂,,,,,,1,true
王氏宗祠,王氏宗祠,majorDestination,王氏宗祠,,,,,,1,true
王氏家祠,王氏家祠,majorDestination,王氏家祠,,,,,,1,true
新萬福護理院 - 大圍分院,新萬福護理院 - 大圍分院,majorDestination,新萬福護理院 - 大圍分院,,,,,,1,true
西鐵荃灣火牛房D,西鐵荃灣火牛房D,majorDestination,西鐵荃灣火牛房D,,,,,,1,true
Green Ladies & Green Little (荃灣南豐紗廠分店),Green Ladies & Green Little (荃灣南豐紗廠分店),majorDestination,Green Ladies & Green Little (荃灣南豐紗廠分店),,,,,,1,true
康樂護老院,康樂護老院,majorDestination,康樂護老院,,,,,,1,true
綠楊浸信會,綠楊浸信會,majorDestination,綠楊浸信會,,,,,,1,true
福慧寺,福慧寺,majorDestination,福慧寺,,,,,,1,true
已登記的WiFi 熱點: 香港寬頻網絡有限公司 (APID 02629),已登記的WiFi 熱點: 香港寬頻網絡有限公司 (APID 02629),majorDestination,已登記的WiFi 熱點: 香港寬頻網絡有限公司 (APID 02629),,,,,,1,true
已登記的WiFi 熱點: 香港寬頻網絡有限公司 (APID 02640),已登記的WiFi 熱點: 香港寬頻網絡有限公司 (APID 02640),majorDestination,已登記的WiFi 熱點: 香港寬頻網絡有限公司 (APID 02640),,,,,,1,true
已登記的WiFi 熱點: 香港寬頻網絡有限公司 (APID 02657),已登記的WiFi 熱點: 香港寬頻網絡有限公司 (APID 02657),majorDestination,已登記的WiFi 熱點: 香港寬頻網絡有限公司 (APID 02657),,,,,,1,true
香港消防處 - 新界工程部 (葵涌),香港消防處 - 新界工程部 (葵涌),majorDestination,香港消防處 - 新界工程部 (葵涌),,,,,,1,true
消防處新界工程部（葵涌）,消防處新界工程部（葵涌）,majorDestination,消防處新界工程部（葵涌）,,,,,,1,true
編號594郵箱,編號594郵箱,majorDestination,編號594郵箱,,,,,,1,true
已登記的WiFi 熱點: 香港寬頻網絡有限公司 (APID 02519),已登記的WiFi 熱點: 香港寬頻網絡有限公司 (APID 02519),majorDestination,已登記的WiFi 熱點: 香港寬頻網絡有限公司 (APID 02519),,,,,,1,true
已登記的WiFi 熱點: 香港寬頻網絡有限公司 (APID 02520),已登記的WiFi 熱點: 香港寬頻網絡有限公司 (APID 02520),majorDestination,已登記的WiFi 熱點: 香港寬頻網絡有限公司 (APID 02520),,,,,,1,true
已登記的WiFi 熱點: 香港寬頻網絡有限公司 (APID 02522),已登記的WiFi 熱點: 香港寬頻網絡有限公司 (APID 02522),majorDestination,已登記的WiFi 熱點: 香港寬頻網絡有限公司 (APID 02522),,,,,,1,true
已登記的WiFi 熱點: 香港寬頻網絡有限公司 (APID 02532),已登記的WiFi 熱點: 香港寬頻網絡有限公司 (APID 02532),majorDestination,已登記的WiFi 熱點: 香港寬頻網絡有限公司 (APID 02532),,,,,,1,true
已登記的WiFi 熱點: 香港寬頻網絡有限公司 (APID 02533),已登記的WiFi 熱點: 香港寬頻網絡有限公司 (APID 02533),majorDestination,已登記的WiFi 熱點: 香港寬頻網絡有限公司 (APID 02533),,,,,,1,true
已登記的WiFi 熱點: 香港寬頻網絡有限公司 (APID 02540),已登記的WiFi 熱點: 香港寬頻網絡有限公司 (APID 02540),majorDestination,已登記的WiFi 熱點: 香港寬頻網絡有限公司 (APID 02540),,,,,,1,true
已登記的WiFi 熱點: 香港寬頻網絡有限公司 (APID 02545),已登記的WiFi 熱點: 香港寬頻網絡有限公司 (APID 02545),majorDestination,已登記的WiFi 熱點: 香港寬頻網絡有限公司 (APID 02545),,,,,,1,true
Wi-Fi.HK 熱點位置: 葵盛社區會堂,Wi-Fi.HK 熱點位置: 葵盛社區會堂,majorDestination,Wi-Fi.HK 熱點位置: 葵盛社區會堂,,,,,,1,true
屯門別墅 (前稱),屯門別墅 (前稱),majorDestination,屯門別墅 (前稱),,,,,,1,true
光留園,光留園,majorDestination,光留園,,,,,,1,true
仁慈寺,仁慈寺,majorDestination,仁慈寺,,,,,,1,true
妙宗寺,妙宗寺,majorDestination,妙宗寺,,,,,,1,true
婆羅精舍,婆羅精舍,majorDestination,婆羅精舍,,,,,,1,true
清安精舍,清安精舍,majorDestination,清安精舍,,,,,,1,true
荷石精舍,荷石精舍,majorDestination,荷石精舍,,,,,,1,true
長明精舍,長明精舍,majorDestination,長明精舍,,,,,,1,true
青山天德聖教,青山天德聖教,majorDestination,青山天德聖教,,,,,,1,true
圓明寺（荷石精舍新大雄寶殿）,圓明寺（荷石精舍新大雄寶殿）,majorDestination,圓明寺（荷石精舍新大雄寶殿）,,,,,,1,true
法華淨園,法華淨園,majorDestination,法華淨園,,,,,,1,true
尸羅精舍,尸羅精舍,majorDestination,尸羅精舍,,,,,,1,true
慧蓮精舍,慧蓮精舍,majorDestination,慧蓮精舍,,,,,,1,true
至和壇,至和壇,majorDestination,至和壇,,,,,,1,true
佛慈淨寺,佛慈淨寺,majorDestination,佛慈淨寺,,,,,,1,true
圓覺禪院,圓覺禪院,majorDestination,圓覺禪院,,,,,,1,true
覺塵禪寺,覺塵禪寺,majorDestination,覺塵禪寺,,,,,,1,true
安養精舍,安養精舍,majorDestination,安養精舍,,,,,,1,true
大雄精舍,大雄精舍,majorDestination,大雄精舍,,,,,,1,true
圓融精舍,圓融精舍,majorDestination,圓融精舍,,,,,,1,true
西盧,西盧,majorDestination,西盧,,,,,,1,true
楞嚴學處,楞嚴學處,majorDestination,楞嚴學處,,,,,,1,true
已登記的WiFi 熱點: 香港電話有限公司 (APID 06808),已登記的WiFi 熱點: 香港電話有限公司 (APID 06808),majorDestination,已登記的WiFi 熱點: 香港電話有限公司 (APID 06808),,,,,,1,true
基督教香港信義會元光堂,基督教香港信義會元光堂,majorDestination,基督教香港信義會元光堂,,,,,,1,true
已登記的WiFi 熱點: Hong Kong Telecommunications (HKT) Limited (APID 04656),已登記的WiFi 熱點: Hong Kong Telecommunications (HKT) Limited (APID 04656),majorDestination,已登記的WiFi 熱點: Hong Kong Telecommunications (HKT) Limited (APID 04656),,,,,,1,true
元朗新田麟峯文公祠,元朗新田麟峯文公祠,majorDestination,元朗新田麟峯文公祠,,,,,,1,true
聯合護理院,聯合護理院,majorDestination,聯合護理院,,,,,,1,true
柏𣾷,柏𣾷,majorDestination,柏𣾷,,,,,,1,true
柏逸,柏逸,majorDestination,柏逸,,,,,,1,true
柏巒,柏巒,majorDestination,柏巒,,,,,,1,true
科程汽車工程有限公司,科程汽車工程有限公司,majorDestination,科程汽車工程有限公司,,,,,,1,true
神召會聖光堂晚怡園安老院,神召會聖光堂晚怡園安老院,majorDestination,神召會聖光堂晚怡園安老院,,,,,,1,true
恩和安老院,恩和安老院,majorDestination,恩和安老院,,,,,,1,true
泰安護老院,泰安護老院,majorDestination,泰安護老院,,,,,,1,true
香港金蘭觀,香港金蘭觀,majorDestination,香港金蘭觀,,,,,,1,true
竹林明堂,竹林明堂,majorDestination,竹林明堂,,,,,,1,true
安康護老院有限公司,安康護老院有限公司,majorDestination,安康護老院有限公司,,,,,,1,true
桃源洞,桃源洞,majorDestination,桃源洞,,,,,,1,true
編號262郵箱,編號262郵箱,majorDestination,編號262郵箱,,,,,,1,true
編號514郵箱,編號514郵箱,majorDestination,編號514郵箱,,,,,,1,true
已登記的WiFi 熱點: 香港電話有限公司 (APID 07130),已登記的WiFi 熱點: 香港電話有限公司 (APID 07130),majorDestination,已登記的WiFi 熱點: 香港電話有限公司 (APID 07130),,,,,,1,true
鍾奇昌祖祠,鍾奇昌祖祠,majorDestination,鍾奇昌祖祠,,,,,,1,true
三槐堂,三槐堂,majorDestination,三槐堂,,,,,,1,true
陳氏祠堂,陳氏祠堂,majorDestination,陳氏祠堂,,,,,,1,true
興發車房,興發車房,majorDestination,興發車房,,,,,,1,true
威達汽車服務,威達汽車服務,majorDestination,威達汽車服務,,,,,,1,true
羅氏宗祠,羅氏宗祠,majorDestination,羅氏宗祠,,,,,,1,true
鄭氏宗祠,鄭氏宗祠,majorDestination,鄭氏宗祠,,,,,,1,true
鮮薈市場‧皇后,鮮薈市場‧皇后,majorDestination,鮮薈市場‧皇后,,,,,,1,true
回收機構及收集點： 綠在皇后山,回收機構及收集點： 綠在皇后山,majorDestination,回收機構及收集點： 綠在皇后山,,,,,,1,true
中南汽車工程,中南汽車工程,majorDestination,中南汽車工程,,,,,,1,true
豪華車房,豪華車房,majorDestination,豪華車房,,,,,,1,true
大達汽車服務,大達汽車服務,majorDestination,大達汽車服務,,,,,,1,true
回收機構及收集點： 禾稈行動,回收機構及收集點： 禾稈行動,majorDestination,回收機構及收集點： 禾稈行動,,,,,,1,true
耀華汽車服務,耀華汽車服務,majorDestination,耀華汽車服務,,,,,,1,true
榮一公司(輝記),榮一公司(輝記),majorDestination,榮一公司(輝記),,,,,,1,true
連發車房,連發車房,majorDestination,連發車房,,,,,,1,true
兄弟汽車修理,兄弟汽車修理,majorDestination,兄弟汽車修理,,,,,,1,true
新達汽車工程,新達汽車工程,majorDestination,新達汽車工程,,,,,,1,true
城市車行有限公司,城市車行有限公司,majorDestination,城市車行有限公司,,,,,,1,true
聯發車房,聯發車房,majorDestination,聯發車房,,,,,,1,true
將軍澳西上淡水有蓋配水庫,將軍澳西上淡水有蓋配水庫,majorDestination,將軍澳西上淡水有蓋配水庫,,,,,,1,true
廁所 (北潭凹營地；西貢東郊野公園),廁所 (北潭凹營地；西貢東郊野公園),majorDestination,廁所 (北潭凹營地；西貢東郊野公園),,,,,,1,true
北潭涌窰,北潭涌窰,majorDestination,北潭涌窰,,,,,,1,true
編號66郵箱,編號66郵箱,majorDestination,編號66郵箱,,,,,,1,true
廖氏家祠,廖氏家祠,majorDestination,廖氏家祠,,,,,,1,true
蘇氏祠堂,蘇氏祠堂,majorDestination,蘇氏祠堂,,,,,,1,true
何氏家祠,何氏家祠,majorDestination,何氏家祠,,,,,,1,true
溫氏家祠,溫氏家祠,majorDestination,溫氏家祠,,,,,,1,true
