tree
version=v4
num_class=1
num_tree_per_iteration=1
label_index=0
max_feature_idx=18
objective=regression_l1
feature_names=hour_sin hour_cos dow_sin dow_cos is_weekend lag_1 lag_2 lag_3 lag_4 lag_5 lag_6 roll_mean_3 roll_mean_6 roll_std_3 roll_std_6 park_hour_mean park_dow_mean park_capacity occupancy_ratio
feature_infos=[-1:1] [-1:1] [-0.97492791218182362:0.97492791218182362] [-0.90096886790241903:1] [0:1] [-19:773] [-37:773] [-37:773] [-35:773] [-35:772] [-37:772] [-18.666666666666668:773] [-21.333333333333332:772.66666666666663] [0:150.84944665313014] [0:160] [-1:716.37037037037032] [-1:737.18181818181813] [1:780] [-1:1]
tree_sizes=2806 2979 3037 3026 3040 3029 3020 3039 3042 3018 3036 3039 3073 3052 3060 3054 3048 3064 3066 3057 3083 3046 3063 3060 3058 3062 3062 3082 3077 3071 3070 3083 3100 3091 3103 3078 3100 3104 3074 3096 3065 3098 3061 3093 3089 3087 3115 3100 3093 3114 3107 3097 3100 3125 3135 3138 3107 3120 3142 3132 3111 3122 3113 3124 3120 3133 3114 3121 3121 3132 3127 3127 3130 3105 3167 3141 3138 3123 3142 3143 3127 3138 3163 3155 3178 3107 3122 3147 3140 3074 3154 3150 3113 3174 3123 3115 3170 3163 3134 3189 3133 3147 3122 3162 3139 3097 3143 3114 3109 3120 3146 3173 3131 3151 3082 3136 3107 3121 3136 3153 3136 3132 3134 3137 3123 3156 3130 3139 3169 3163 3161 3155 3143 3123 3143 3176 3105 3148 3136 3099 3133 3163 3131 3161 3151 3141 3136 3146 3116 3130 3153 3171 3150 3170 3179 3148 3175 3174 3197 3163 3181 3140 3192 3174 3156 3191 3185 3145 3192 3192 3118 3196 3186 3179 3182 3158 3183 3189 3204 3198 3193 3142 3139 3145 3199 3147 3146 3103 3102 3158 3174 3161 3112 3116 3128 3121 3146 3115 3123 3122 3117 3108 3178 3110 3136 3157 3131 3127 3122 3161 3141 3159 3151 3150 3145 3152 3183 3147 3170 3138 3138 3178 3163 3122 3159 3179 3130 3146 3156 3156 3117 3170 3144 3148 3165 3148 3171 3126 3161 3156 3154 3146 3165 3127 3140 3142 3136 3119 3121 3119 3132 3139 3172 3140 3151 3154 3128 3169 3154 3158 3162 3159 3163 3153 3183 3145 3114 3122 3126 3123 3098 3140 3121 3192 3148 3127 3150 3082 3163 3128 3156 3146 3160 3120 3155 3102 3120 3177 3158 3155 3113 3122 3150 3154 3162 3116 3115 3171 3170 3136

Tree=0
num_leaves=31
num_cat=0
split_feature=5 5 18 5 15 12 16 14 16 15 15 16 1 17 18 1 1 1 5 1 17 15 1 17 17 17 1 16 17 14
split_gain=1.02597e+06 261256 12963.7 2887.6 2736.22 1124.24 976.873 845.16 708.346 690.519 675.471 612.341 584.377 1299 445.244 403.171 370.065 313.069 306.166 256.817 336.29 217.301 210.574 273.698 206.298 203.19 202.327 201.335 188.391 177.43
threshold=1.0000000180025095e-35 1.5000000000000002 -1.0000000180025095e-35 5.5000000000000009 0.61964176362522971 1.0000000180025095e-35 0.3913968547641074 0.53867513459481298 1.9040603490941004 3.7529766123316803 0.82160537482319673 3.4561753408467353 0.25881904510252057 7.5000000000000009 0.30047021943573676 1.0000000180025095e-35 -0.3794095225512602 0.25881904510252057 3.5000000000000004 1.0000000180025095e-35 34.500000000000007 2.2357026143790857 0.1294095225512602 32.500000000000007 16.500000000000004 19.500000000000004 0.60355339059327384 15.278781333539966 188.50000000000003 8.094064631809827
decision_type=2 2 10 2 8 2 10 2 10 8 8 10 2 10 10 2 2 2 2 2 10 8 2 10 10 10 2 8 10 2
left_child=2 8 6 7 12 16 -1 21 10 -5 -2 -7 13 -4 29 -15 25 -8 -9 -13 -21 -3 23 -17 -14 -6 -18 -16 -25 -11
right_child=1 3 4 9 5 11 17 18 -10 14 -12 19 24 15 27 22 26 -19 -20 20 -22 -23 -24 28 -26 -27 -28 -29 -30 -31
leaf_value=0.90000000000000002 1 1.1000000000000001 0.94999999999999996 1.3500000000000001 0.94999999999999996 0.94999999999999996 0.90000000000000002 1.1000000000000001 1 1.8 1 0.94999999999999996 0.94999999999999996 0.94999999999999996 1.5 1.75 0.94999999999999996 0.90000000000000002 1.2 1 1.5 1.1499999999999999 0.94999999999999996 0.94999999999999996 0.94999999999999996 0.94999999999999996 0.94999999999999996 4.8000000000000007 10.4 3.1000000000000001
leaf_weight=749098 22124 8566 14219 14504 4688 7043 21021 14632 13766 25952 530087 7541 6573 3208 138610 751 8433 16793 14845 2180 1160 26519 474 714 12111 8620 5590 362630 162 6076
leaf_count=749098 22124 8566 14219 14504 4688 7043 21021 14632 13766 25952 530087 7541 6573 3208 138610 751 8433 16793 14845 2180 1160 26519 474 714 12111 8620 5590 362630 162 6076
internal_value=0.993699 1.02411 0.95253 1.04674 0.971266 0.979585 0.950542 1.03674 0.999621 1.04792 0.999341 0.989316 0.961414 0.967462 1.04822 0.988567 0.973203 0.958383 1.0305 0.996751 1.00829 1.04199 1.00559 1.01414 0.955093 0.96723 0.97887 1.04858 0.995148 1.0425
internal_weight=2.04869e+06 1.17831e+06 870379 612334 83467 45255 786912 64562 565977 547772 552211 17924 38212 19528 533268 5309 27331 37814 29477 10881 3340 35085 2101 1627 18684 13308 14023 501240 876 32028
internal_count=2048690 1178311 870379 612334 83467 45255 786912 64562 565977 547772 552211 17924 38212 19528 533268 5309 27331 37814 29477 10881 3340 35085 2101 1627 18684 13308 14023 501240 876 32028
is_linear=0
shrinkage=1


Tree=1
num_leaves=31
num_cat=0
split_feature=12 5 16 5 15 5 0 15 14 0 15 14 5 17 5 16 0 0 15 5 1 17 5 10 14 1 0 17 17 15
split_gain=1.00306e+06 264691 7858.04 4460.06 1982.19 1615.29 1448.11 1688.61 1093.88 958.741 805.042 598.326 565.964 488.625 454.486 384.927 488.848 369.992 358.834 338.039 324.858 461.59 318.749 877.111 269.748 225.501 221.701 219.028 221.385 217.72
threshold=1.0000000180025095e-35 1.5000000000000002 0.21688681631710352 5.5000000000000009 0.61964176362522971 -1.0000000180025095e-35 0.98296291314453421 0.17992805755395685 0.53867513459481298 -0.25881904510252113 5.3733141521309129 3.2595949365173804 -1.0000000180025095e-35 18.500000000000004 3.5000000000000004 2.3196210074686161 0.12940952255126045 0.91597561503675362 2.2357026143790857 1.0000000180025095e-35 0.25881904510252057 2.5000000000000004 28.500000000000004 38.500000000000007 1.8892937658821094 -0.12940952255126037 -0.98296291314453399 32.500000000000007 2.5000000000000004 1.6601624468557652
decision_type=2 2 10 2 8 2 2 8 2 2 8 2 2 10 2 10 2 2 8 2 2 10 2 2 2 2 2 10 10 10
left_child=2 4 -1 8 11 20 7 -7 18 13 29 -2 -6 -9 -10 -14 26 -11 -3 -18 21 -4 23 24 -12 -15 -17 28 -8 -5
right_child=1 3 5 10 12 6 27 9 14 17 22 -13 15 25 -16 16 19 -19 -20 -21 -22 -23 -24 -25 -26 -27 -28 -29 -30 -31
leaf_value=-0.095000000000000001 0 0.095000000000000001 0.0049999999999999992 0.38250000000000006 -0.095000000000000001 -0.047500000000000001 -0.047500000000000001 -0.047500000000000001 0.095000000000000001 -0.047500000000000001 0.57500000000000007 -0.047500000000000001 0 -0.047500000000000001 0.19 0 -0.047500000000000001 -0.047500000000000001 0.14250000000000002 0 -0.095000000000000001 -0.095000000000000001 4.21 0.34500000000000003 0.70999999999999996 -0.047500000000000001 0.0025000000000000022 -0.047500000000000001 0.5625 0.32500000000000001
leaf_weight=756594 16633 8566 158 5398 1667 16005 305 8895 14596 13246 166757 2104 548863 4522 14803 1622 2757 1616 26519 3063 15896 20258 317302 2187 33965 3735 16777 794 927 22160
leaf_count=756594 16633 8566 158 5398 1667 16005 305 8895 14596 13246 166757 2104 548863 4522 14803 1622 2757 1616 26519 3063 15896 20258 317302 2187 33965 3735 16777 794 927 22160
internal_value=-0.00625309 0.0229999 -0.048096 0.0460649 -0.000794374 -0.0338068 -0.0279818 -0.0297289 0.0336269 -0.0230993 0.0475291 -0.0167983 -0.000272641 -0.0150449 0.0265128 -0.000188018 0.00598084 -0.0323947 0.0395881 -0.00664948 -0.0418347 -0.0376616 0.0479702 0.0464225 0.0467657 -0.023804 0.00997609 0.0134255 0.0266234 0.039201
internal_weight=2.04869e+06 1.20574e+06 842951 612253 593486 86357 50045 48019 64484 32014 547769 18737 574749 17152 29399 573082 24219 14862 35085 5820 36312 20416 520211 202909 200722 8257 18399 2026 1232 27558
internal_count=2048690 1205739 842951 612253 593486 86357 50045 48019 64484 32014 547769 18737 574749 17152 29399 573082 24219 14862 35085 5820 36312 20416 520211 202909 200722 8257 18399 2026 1232 27558
is_linear=0
shrinkage=0.05


Tree=2
num_leaves=31
num_cat=0
split_feature=11 5 18 5 0 0 18 18 17 1 14 13 14 5 1 17 1 14 18 17 17 0 1 1 0 0 14 5 5 17
split_gain=996689 257338 12714.9 4368.23 1626 2145.48 1108.79 859.328 666.989 628.413 568.489 556.784 525.967 457.751 457.308 373.595 366.691 366.438 282.81 249.639 246.052 279.155 237.119 232.418 226.038 290.08 554.996 469.565 224.601 204.67
threshold=1.0000000180025095e-35 1.5000000000000002 -1.0000000180025095e-35 7.5000000000000009 -0.37940952255126065 0.98296291314453421 0.23235879926020772 0.45489918641669619 8.5000000000000018 0.37940952255126048 1.0000000180025095e-35 6.5743120962686392 0.63226727006295136 3.5000000000000004 0.37940952255126048 34.500000000000007 0.25881904510252057 1.0000000180025095e-35 -0.040833333333333326 23.500000000000004 29.500000000000004 -0.37940952255126065 0.78656609248549303 0.1294095225512602 -0.98296291314453399 1.0000000180025095e-35 5.3916048603508608 45.500000000000007 28.500000000000004 30.500000000000004
decision_type=2 2 10 2 2 2 10 10 10 2 2 2 2 2 2 10 2 2 10 10 10 2 2 2 2 2 2 2 2 10
left_child=2 11 8 6 10 9 16 24 -1 17 14 15 -8 -14 -4 18 -3 -6 -2 -16 -20 29 -12 -10 -5 -26 -27 -28 -9 -22
right_child=1 3 4 7 5 -7 12 28 23 -11 22 -13 13 -15 19 -17 -18 -19 20 -21 21 -23 -24 -25 25 26 27 -29 -30 -31
leaf_value=-0.090250000000000011 -0.090250000000000011 0.090249999999999997 -0.045124999999999998 0.62449999999999994 -0.045124999999999998 0.057250000000000002 0.14624999999999999 0.58125000000000004 -0.090250000000000011 -0.045124999999999998 -0.00012499999999999735 -0.045124999999999998 0.090249999999999997 0.18050000000000002 -0.042750000000000003 0.074875000000000011 0.135375 -0.045124999999999998 0 -0.045124999999999998 -0.00012499999999999735 0 -0.045124999999999998 -0.090250000000000011 1.2995000000000001 0.49375000000000002 0.12775 2.0994999999999999 4.0495000000000001 -0.00012499999999999735
leaf_weight=729935 561 19282 16047 4415 17378 2732 39382 164408 29328 17272 5488 1521 4824 19990 4650 4802 8059 4019 570429 1662 1723 1191 487 26435 40773 13777 2314 2268 292829 709
leaf_count=729935 561 19282 16047 4415 17378 2732 39382 164408 29328 17272 5488 1521 4824 19990 4650 4802 8059 4019 570429 1662 1723 1191 487 26435 40773 13777 2314 2268 292829 709
internal_value=-0.00644417 0.0230841 -0.0476336 0.0457008 -0.0271722 -0.0334883 0.0356277 0.0474713 -0.0494497 -0.0365137 -0.0179431 -0.000754472 0.039219 0.0335174 -0.0216043 -0.000675164 0.0271954 -0.030787 -0.000791228 -0.0102028 -0.000756552 -0.0137455 -0.00424268 -0.0441789 0.0420232 0.0428381 0.0376192 0.0225447 0.0482285 -0.0234581
internal_weight=2.04869e+06 1.19326e+06 855433 612321 69735 41401 91537 520784 785698 38669 28334 580936 64196 24814 22359 579415 27341 21397 574613 6312 574052 3623 5975 55763 63547 59132 18359 4582 457237 2432
internal_count=2048690 1193257 855433 612321 69735 41401 91537 520784 785698 38669 28334 580936 64196 24814 22359 579415 27341 21397 574613 6312 574052 3623 5975 55763 63547 59132 18359 4582 457237 2432
is_linear=0
shrinkage=0.05


Tree=3
num_leaves=31
num_cat=0
split_feature=11 5 15 5 11 14 15 16 1 15 5 1 14 15 1 13 5 13 10 14 15 15 1 10 1 5 1 14 15 15
split_gain=993292 255168 11641.7 4287.52 2921.12 1104.55 989.88 958.553 818.277 799.949 774.728 774.352 704.516 470.575 455.546 402.193 364.833 965.951 589.172 457.261 342.607 323.896 332.641 279.829 255.832 218.177 214.246 211.359 193.601 205.136
threshold=1.0000000180025095e-35 1.5000000000000002 0.078222778473091378 7.5000000000000009 -0.49999999999999994 0.63226727006295136 0.85282717738258096 0.21688681631710352 0.25881904510252057 6.3626692456479699 3.5000000000000004 1.0000000180025095e-35 1.0000000180025095e-35 2.2357026143790857 -0.3794095225512602 3.2829089846240636 50.500000000000007 2.4719640003162362 38.500000000000007 8.31080182588118 -0.10242600224803296 0.38507877664504181 0.60355339059327384 11.500000000000002 1.0000000180025095e-35 -1.0000000180025095e-35 0.1294095225512602 1.7037491494287642 4.8492424242424255 0.54577691811734375
decision_type=2 2 10 2 2 2 8 10 2 8 2 2 2 8 2 2 2 2 2 2 10 10 2 2 2 2 2 2 10 10
left_child=2 6 7 5 -4 13 15 -1 11 -5 -7 -9 14 -3 28 -2 17 27 -19 -20 -13 -16 -23 -12 -21 -8 -22 -11 29 -6
right_child=1 3 4 9 12 10 25 8 -10 16 23 20 -14 -15 21 -17 -18 18 19 24 26 22 -24 -25 -26 -27 -28 -29 -30 -31
leaf_value=-0.085737500000000008 0 0.082937499999999997 -0.085737500000000008 0.33431250000000001 -0.042868750000000004 0.085737500000000008 -0.085737500000000008 -0.045243749999999999 -0.042868750000000004 0.70218749999999996 0.187225 -0.085737500000000008 -0.042868750000000004 0.1514375 -0.042868750000000004 -0.042868750000000004 4.2970250000000005 1.0104375000000001 1.0248124999999999 -0.0029750000000000835 0.58151249999999999 -0.042868750000000004 -0.042868750000000004 0.16547500000000004 1.4627749999999999 0 -0.042868750000000004 0.84543749999999995 -0.042868750000000004 -0.042868750000000004
leaf_weight=748014 31203 9559 28758 23927 3508 14294 767 9669 18172 201749 25619 2096 9836 39237 4151 811 236983 13669 2734 2228 1307 9601 6143 2828 558 548155 536 38936 6728 6914
leaf_count=748014 31203 9559 28758 23927 3508 14294 767 9669 18172 201749 25619 2096 9836 39237 4151 811 236983 13669 2734 2228 1307 9601 6143 2828 558 548155 536 38936 6728 6914
internal_value=-0.00651302 0.0229649 -0.0476322 0.045486 -0.0289037 0.0355064 -0.000772977 -0.0494488 -0.040944 0.0472401 0.0296378 -0.0316725 -0.021208 0.0406468 -0.0243663 -0.00931936 0.0476702 0.0463763 0.0355803 0.0217935 -0.0129855 -0.0192184 -0.0159426 0.0344096 0.00753769 -0.000274538 0.0027401 0.0472371 -0.0303382 -0.0260699
internal_weight=2.04869e+06 1.19326e+06 855433 612321 75639 91537 580936 779794 31780 520784 42741 13608 46881 48796 37045 32014 496857 259874 19189 5520 3939 19895 15744 28447 2786 548922 1843 240685 17150 10422
internal_count=2048690 1193257 855433 612321 75639 91537 580936 779794 31780 520784 42741 13608 46881 48796 37045 32014 496857 259874 19189 5520 3939 19895 15744 28447 2786 548922 1843 240685 17150 10422
is_linear=0
shrinkage=0.05


Tree=4
num_leaves=31
num_cat=0
split_feature=11 5 18 18 15 15 5 15 16 14 13 17 13 17 15 18 14 15 15 15 17 17 18 15 14 17 10 13 5 17
split_gain=989495 252322 12767.4 4799.91 2483.84 1579.34 1166.96 989.88 957.312 726.666 402.193 373.193 361.475 319.163 300.755 279.194 323.994 274.505 270.001 261.038 242.251 234.434 219.397 198.572 184.475 179.916 248.91 149.623 147.988 146.948
threshold=1.0000000180025095e-35 1.5000000000000002 -1.0000000180025095e-35 0.40038910505836584 0.17992805755395685 6.9196774193548398 3.5000000000000004 0.85282717738258096 1.0000000180025095e-35 1.0000000180025095e-35 3.2829089846240636 32.500000000000007 1.0000000180025095e-35 163.50000000000003 0.54577691811734375 0.20031347962382448 8.094064631809827 2.2357026143790857 1.4586748633879785 27.850199401794619 205.50000000000003 3.5000000000000004 -0.0044176316045538575 11.286267995570324 1.7037491494287642 223.50000000000003 74.500000000000014 5.3332926424530411 14.500000000000002 3.5000000000000004
decision_type=2 2 10 10 8 8 2 8 10 2 2 10 2 10 8 10 2 10 8 10 10 10 10 10 2 10 2 2 2 10
left_child=2 7 8 6 -4 17 12 10 -1 11 -2 14 18 -13 -6 16 28 -5 -3 24 -18 -16 -9 -23 -7 26 -17 -28 -8 -10
right_child=1 3 4 5 9 19 15 22 29 -11 -12 13 -14 -15 21 25 20 -19 -20 -21 -22 23 -24 -25 -26 -27 27 -29 -30 -31
leaf_value=-0.081450624999999999 0 0.029334375000000003 -0.040725312499999999 0.17879062500000001 -0.040725312499999999 0.53207812499999996 0.26662625000000001 -0.081450624999999999 -0.081450624999999999 -0.040725312499999999 -0.040725312499999999 -0.040725312499999999 0.081450624999999999 0.48427468749999997 -0.040725312499999999 0.34616562500000003 0.11545749999999999 0.18136562499999997 0.070490625000000015 3.7321737499999998 2.3896362500000001 -0.040725312499999999 0 0.15927468750000001 0.66816562499999999 6.0296737500000006 1.8534237500000001 0.2296737499999999 1.4172531250000002 -0.081450624999999999
leaf_weight=746457 31203 2025 25527 11008 6140 144456 12736 741 784 9508 811 8920 13081 342 4241 45827 1685 49003 9105 285009 1713 14387 548181 670 24663 5609 790 890 4721 38457
leaf_count=746457 31203 2025 25527 11008 6140 144456 12736 741 784 9508 811 8920 13081 342 4241 45827 1685 49003 9105 285009 1713 14387 548181 670 24663 5609 790 890 4721 38457
internal_value=-0.00658936 0.0228321 -0.0476299 0.0452273 -0.0271263 0.0471619 0.0350971 -0.000772977 -0.0494497 -0.0199557 -0.00931936 -0.0233112 0.025569 -0.0319046 -0.0201824 0.0382157 0.0333134 0.0395386 0.0321923 0.0481692 0.0191878 -0.0171158 -0.000274538 -0.0200405 0.046613 0.0401404 0.0391405 0.0202381 0.0360629 -0.0418376
internal_weight=2.04869e+06 1.19326e+06 855433 612321 69735 514139 98182 580936 785698 44208 32014 34700 24211 9262 25438 73971 20855 60011 11130 454128 3398 19298 548922 15057 169119 53116 47507 1680 17457 39241
internal_count=2048690 1193257 855433 612321 69735 514139 98182 580936 785698 44208 32014 34700 24211 9262 25438 73971 20855 60011 11130 454128 3398 19298 548922 15057 169119 53116 47507 1680 17457 39241
is_linear=0
shrinkage=0.05


Tree=5
num_leaves=31
num_cat=0
split_feature=11 5 18 18 15 0 15 0 5 15 16 0 0 14 17 0 14 13 14 18 13 18 15 15 0 17 15 15 17 17
split_gain=985460 249220 12742.8 5228.42 2475.24 1655.93 1585.2 1212.61 995.856 989.88 957.312 737.598 444.17 429.614 527.333 413.493 659.71 402.193 392.818 368.841 361.475 295.024 271.382 270.001 245.646 366.955 223.369 222.195 294.926 252.462
threshold=1.0000000180025095e-35 1.5000000000000002 -1.0000000180025095e-35 0.40038910505836584 0.17992805755395685 0.98296291314453421 6.9196774193548398 -0.25881904510252113 3.5000000000000004 0.85282717738258096 1.0000000180025095e-35 0.91597561503675362 -0.98296291314453399 1.0000000180025095e-35 18.500000000000004 -0.25881904510252113 4.9902681131612852 3.2829089846240636 1.0000000180025095e-35 0.18198051948051949 1.0000000180025095e-35 0.6207344379758174 2.2357026143790857 1.4586748633879785 0.98296291314453421 2.5000000000000004 53.504901960784316 1.0000000180025095e-35 32.500000000000007 122.50000000000001
decision_type=2 2 10 10 8 2 8 2 2 8 10 2 2 2 10 2 2 2 2 10 2 10 10 8 2 10 10 10 10 10
left_child=2 9 10 8 5 -4 22 13 20 17 -1 18 26 14 -6 -14 -17 -2 -9 -18 23 -8 -5 -3 -12 -26 -10 28 -7 -30
right_child=1 3 4 6 7 27 21 11 12 -11 24 -13 15 -15 -16 16 19 -19 -20 -21 -22 -23 -24 -25 25 -27 -28 -29 29 -31
leaf_value=-0.077378093750000002 0 0.027867656250000008 -0.038689046875000001 0.16985109375000002 -0.038689046875000001 0.62071064062500003 0.89150734375000007 -0.038689046875000001 0.15598234375 0 -0.077378093750000002 -0.038689046875000001 0.66385734375000005 0.0040609531249999999 -0.038689046875000001 0.21607806250000003 -0.014040687500000005 -0.038689046875000001 -0.038689046875000001 0.87456359375000003 0.077378093750000002 1.6955650624999998 0.17229734375 0.066966093750000011 0.017621906250000003 -0.077378093750000002 2.8519400625000002 -0.039289359374999999 -0.075026859375000005 6.7749731406250007
leaf_weight=746457 31203 2025 23681 11008 9028 769 71470 14570 3362 548922 36630 3090 39513 5363 8443 24041 1679 811 3714 4166 13081 382658 49003 9105 146 2465 1210 259 317 501
leaf_count=746457 31203 2025 23681 11008 9028 769 71470 14570 3362 548922 36630 3090 39513 5363 8443 24041 1679 811 3714 4166 13081 382658 49003 9105 146 2465 1210 259 317 501
internal_value=-0.00667488 0.0226866 -0.0476316 0.0449437 -0.0271478 -0.0395444 0.0469627 -0.0199896 0.0343709 -0.000772977 -0.0494497 -0.0285487 0.0372518 -0.0119778 -0.0157776 0.0382462 0.0338085 -0.00931936 -0.0323671 0.0187425 0.025569 0.0479719 0.0393253 0.0321923 -0.0418376 -0.0270203 0.0221566 0.00606717 0.013075 -0.00782396
internal_weight=2.04869e+06 1.19326e+06 855433 612321 69735 25527 514139 44208 98182 580936 785698 21374 73971 22834 17471 69399 29886 32014 18284 5845 24211 454128 60011 11130 39241 2611 4572 1846 1587 818
internal_count=2048690 1193257 855433 612321 69735 25527 514139 44208 98182 580936 785698 21374 73971 22834 17471 69399 29886 32014 18284 5845 24211 454128 60011 11130 39241 2611 4572 1846 1587 818
is_linear=0
shrinkage=0.05


Tree=6
num_leaves=31
num_cat=0
split_feature=11 5 15 5 11 14 0 15 5 14 10 0 17 0 15 5 15 15 12 17 13 12 10 5 10 17 15 17 17 13
split_gain=977027 242810 11760.6 5627.78 2965 1798.97 1176.79 989.88 936.616 1154.7 696.314 675.377 674.906 1486.88 664.466 560.762 549.457 531.572 487.528 421.301 402.193 401.604 368.976 336.691 394.63 277.401 268.608 254.556 238.04 233.729
threshold=1.0000000180025095e-35 1.5000000000000002 0.078222778473091378 8.5000000000000018 -0.49999999999999994 0.53867513459481298 -0.25881904510252113 0.85282717738258096 48.500000000000007 1.9039118320563839 58.500000000000007 0.91597561503675362 12.500000000000002 0.98296291314453421 -0.13472342264477091 4.5000000000000009 6.3626692456479699 2.2357026143790857 1.0000000180025095e-35 18.500000000000004 3.2829089846240636 1.0000000180025095e-35 11.500000000000002 14.500000000000002 14.500000000000002 32.500000000000007 0.17992805755395685 122.50000000000001 4.5000000000000009 4.9102935861554124
decision_type=2 2 10 2 2 2 2 8 2 2 2 2 10 2 8 2 8 10 2 10 2 2 2 2 2 10 10 10 10 2
left_child=2 7 12 5 -4 17 18 20 9 16 23 21 -1 -14 -15 -7 -5 -3 19 26 -2 -8 -17 24 -11 -16 -6 -27 -13 -12
right_child=1 3 4 8 6 15 11 -9 -10 10 29 28 13 14 25 22 -18 -19 -20 -21 -22 -23 -24 -25 -26 27 -28 -29 -30 -31
leaf_value=-0.073509189062500008 0 0.061358539062500009 -0.073509189062500008 0.31173469062500003 -0.036754594531250004 0.073509189062500008 -0.036754594531250004 0 3.8107868093750001 0.35278872656250004 0.91460032031250005 -0.036754594531250004 -0.073509189062500008 -0.073509189062500008 0.62343760859375008 0.1678458203125 0.54052868437500001 0.11998346562499998 -0.021142094531250002 -0.036754594531250004 -0.036754594531250004 -0.039129594531250006 0.12376810156250001 0.83656659062499994 0.22518197656249994 -0.071275516406250003 -0.036754594531250004 6.436224483593751 0.010501655468749999 0.025904789062499978
leaf_weight=745219 31203 10130 28758 14363 1254 21665 15414 548922 242756 7796 989 996 31273 1701 778 25457 197174 45227 5463 8723 811 3781 3523 37049 4584 319 8993 504 2257 1608
leaf_count=745219 31203 10130 28758 14363 1254 21665 15414 548922 242756 7796 989 996 31273 1701 778 25457 197174 45227 5463 8723 811 3781 3523 37049 4584 319 8993 504 2257 1608
internal_value=-0.0068526 0.0223829 -0.0476337 0.044352 -0.0288099 0.0338758 -0.0210565 -0.000772977 0.0465453 0.0444814 0.037808 -0.0293211 -0.0494596 -0.0426305 -0.0107208 0.0270659 0.0461227 0.040106 -0.0134633 -0.0172536 -0.00931936 -0.0328914 0.0316149 0.0391339 0.0319952 0.0123985 -0.0103786 -0.00783718 -0.00825392 0.0125722
internal_weight=2.04869e+06 1.19326e+06 855433 612321 75639 106002 46881 580936 506319 263563 52026 22448 779794 34575 3302 50645 211537 55357 24433 18970 32014 19195 28980 49429 12380 1601 10247 823 3253 2597
internal_count=2048690 1193257 855433 612321 75639 106002 46881 580936 506319 263563 52026 22448 779794 34575 3302 50645 211537 55357 24433 18970 32014 19195 28980 49429 12380 1601 10247 823 3253 2597
is_linear=0
shrinkage=0.05


Tree=7
num_leaves=31
num_cat=0
split_feature=11 5 15 5 11 5 14 0 15 16 0 1 0 15 9 5 13 9 5 12 17 13 12 15 15 15 17 17 1 13
split_gain=968574 237336 11761 4698.82 2965 2576.71 1854.18 1176.79 989.88 913.381 1399.2 680.842 675.377 629.594 520.827 517.001 1050.09 623.588 490.318 487.528 421.301 402.193 401.604 319.816 268.608 264.02 289.44 238.04 225.581 224.262
threshold=1.0000000180025095e-35 2.5000000000000004 0.078222778473091378 14.500000000000002 -0.49999999999999994 1.5000000000000002 0.63226727006295136 -0.25881904510252113 0.85282717738258096 0.21688681631710352 0.98296291314453421 0.25881904510252057 0.91597561503675362 3.3409444732745204 18.500000000000004 61.500000000000007 2.4719640003162362 65.500000000000014 5.5000000000000009 1.0000000180025095e-35 18.500000000000004 3.2829089846240636 1.0000000180025095e-35 13.766978723404257 0.17992805755395685 -0.13472342264477091 2.5000000000000004 4.5000000000000009 0.25881904510252057 4.2162878585557326
decision_type=2 2 10 2 2 2 2 2 8 10 2 2 2 10 2 2 2 2 2 2 10 2 2 8 10 10 10 10 2 2
left_child=2 5 9 6 -4 8 13 19 21 -1 28 14 22 -3 18 16 23 -18 -8 20 24 -2 -9 -5 -6 26 -12 -14 -11 -19
right_child=1 3 4 15 7 -7 11 12 -10 10 25 -13 27 -15 -16 -17 17 29 -20 -21 -22 -23 -24 -25 -26 -27 -28 -29 -30 -31
leaf_value=-0.069833729609374992 0 0.058290612109375008 -0.069833729609374992 0.48720199203125003 -0.034916864804687503 0.019833729609375007 0.091006204609375016 -0.034916864804687503 0 -0.035335385078124996 0.020416270390625005 0.26720199203125 -0.034916864804687503 0.19366953140624998 0.10900116523437503 4.1202474689062498 1.0499007610937501 0.97024746890625002 0.21097149203124996 -0.020084989804687505 -0.034916864804687503 -0.034916864804687503 -0.037173114804687504 0.72866953140625013 -0.034916864804687503 0.4922657281640625 -0.069833729609374992 0.0099765726953124981 -0.033079135078125002 0.10341554726562492
leaf_weight=748014 31203 19201 28758 22263 1254 15056 16261 15414 548922 10685 129 18446 996 77252 3067 217329 16864 767 37049 5463 8723 811 3781 166860 8993 1319 1475 2257 18172 1906
leaf_count=748014 31203 19201 28758 22263 1254 15056 16261 15414 548922 10685 129 18446 996 77252 3067 217329 16864 767 37049 5463 8723 811 3781 166860 8993 1319 1475 2257 18172 1906
internal_value=-0.00702974 0.0220791 -0.0476341 0.0443543 -0.0288099 -0.000243711 0.0373602 -0.0210565 -0.000772977 -0.04946 -0.041158 0.0314536 -0.0293211 0.0419422 0.0287254 0.0471664 0.0453887 0.0343528 0.0298781 -0.0134633 -0.0172536 -0.00931936 -0.0328914 0.0465287 -0.0103786 -0.00819364 -0.0218204 -0.00825392 -0.044497 0.0119155
internal_weight=2.04869e+06 1.19326e+06 855433 597265 75639 595992 171276 46881 580936 779794 31780 74823 22448 96453 56377 425989 208660 19537 53310 24433 18970 32014 19195 189123 10247 2923 1604 3253 28857 2673
internal_count=2048690 1193257 855433 597265 75639 595992 171276 46881 580936 779794 31780 74823 22448 96453 56377 425989 208660 19537 53310 24433 18970 32014 19195 189123 10247 2923 1604 3253 28857 2673
is_linear=0
shrinkage=0.05


Tree=8
num_leaves=31
num_cat=0
split_feature=11 5 15 5 11 5 14 15 16 14 10 5 15 5 13 10 14 13 15 17 15 17 5 17 14 5 17 13 15 15
split_gain=964264 234038 11761.4 4974.55 2965 2576.71 2019.66 989.88 911.39 792.747 601.595 658.403 584.994 574.052 1171.15 714.633 495.908 402.193 316.562 298.554 553.107 276.52 258.304 239.824 234.58 218.177 202.226 237.48 229.354 204.982
threshold=1.0000000180025095e-35 2.5000000000000004 0.078222778473091378 14.500000000000002 -0.49999999999999994 1.5000000000000002 0.63226727006295136 0.85282717738258096 0.21688681631710352 1.0000000180025095e-35 18.500000000000004 9.5000000000000018 3.3409444732745204 59.500000000000007 2.4719640003162362 49.500000000000007 8.4203786789916251 3.2829089846240636 13.766978723404257 32.500000000000007 0.54577691811734375 163.50000000000003 4.5000000000000009 4.5000000000000009 1.7037491494287642 -1.0000000180025095e-35 5.5000000000000009 1.0000000180025095e-35 2.2357026143790857 1.4586748633879785
decision_type=2 2 10 2 2 2 2 8 10 2 2 2 10 2 2 2 2 2 8 10 10 10 2 10 2 2 10 2 8 8
left_child=2 5 8 6 -4 7 12 17 -1 19 11 22 -3 14 18 -16 -17 -2 -5 20 -6 -21 -8 -22 -20 -9 28 29 -7 -28
right_child=1 3 4 13 9 26 10 25 -10 -11 -12 -13 -14 -15 15 16 -18 -19 24 21 23 -23 -24 -25 -26 -27 27 -29 -30 -31
leaf_value=-0.06634204312890625 0 0.055376081503906265 -0.06634204312890625 0.4620959427421874 -0.033171021564453132 0.018842043128906263 0.075775795941406265 -0.077378093750000002 -0.031425178324218754 -0.035314459064453123 0.15242701719531254 0.30935696774218746 0.18398605483593747 3.8142350954609379 1.0226086089765622 0.90475798139843744 0.10277957748046856 -0.033171021564453132 0.6572360548359375 -0.033171021564453132 -0.033171021564453132 0.59057897843554696 0.1509282109453125 -0.033171021564453132 0.85510437827343755 0 0.022414660003906264 0.019589575628906265 -0.0041833831992187376 0.0094269293007812616
leaf_weight=748014 31203 19201 28758 22252 8686 1166 13736 767 31780 9836 4295 23065 77252 220743 13655 2421 2803 811 133913 8960 4159 322 33727 14918 30202 548155 1318 6389 1382 4801
leaf_count=748014 31203 19201 28758 22252 8686 1166 13736 767 31780 9836 4295 23065 77252 220743 13655 2421 2803 811 133913 8960 4159 322 33727 14918 30202 548155 1318 6389 1382 4801
internal_value=-0.00712053 0.0219234 -0.0476344 0.0440433 -0.0288099 -0.000243711 0.036847 -0.000772977 -0.0494604 -0.0210565 0.0306824 0.0317888 0.0416291 0.0469368 0.0450333 0.0331665 0.0174387 -0.00931936 0.0462354 -0.0244068 -0.0218114 -0.0321698 0.0284211 -0.0170493 0.0469942 -0.000274538 0.020178 0.0227934 0.00733909 0.0298333
internal_weight=2.04869e+06 1.19326e+06 855433 597265 75639 595992 171276 580936 779794 46881 74823 70528 96453 425989 205246 18879 5224 32014 186367 37045 27763 9282 47463 19077 164115 548922 15056 12508 2548 6119
internal_count=2048690 1193257 855433 597265 75639 595992 171276 580936 779794 46881 74823 70528 96453 425989 205246 18879 5224 32014 186367 37045 27763 9282 47463 19077 164115 548922 15056 12508 2548 6119
is_linear=0
shrinkage=0.05


Tree=9
num_leaves=31
num_cat=0
split_feature=12 5 18 5 5 14 15 15 0 18 0 0 1 15 14 5 15 9 5 0 13 5 0 15 1 15 14 15 15 1
split_gain=957637 236399 8436.06 5321.78 2651.68 2186.14 1911.93 1638.82 1607.21 1103 768.621 1067.2 712.107 711.815 597.818 554.112 531.474 502.46 573.648 482.391 672.669 571.813 493.162 418.068 357.074 335.908 327.639 252.896 250.889 243.141
threshold=1.0000000180025095e-35 2.5000000000000004 -1.0000000180025095e-35 14.500000000000002 1.5000000000000002 0.53867513459481298 0.61964176362522971 0.17992805755395685 0.98296291314453421 0.54580419580419581 -0.25881904510252113 0.91597561503675362 0.25881904510252057 0.38507877664504181 3.2595949365173804 -1.0000000180025095e-35 3.3409444732745204 18.500000000000004 9.5000000000000018 1.0000000180025095e-35 2.5595537745932826 95.500000000000014 -0.98296291314453399 14.19788232943762 0.1294095225512602 56.256578947368432 11.626717178328073 0.98512990602542849 0.92068331397599701 1.0000000180025095e-35
decision_type=2 2 10 2 2 2 8 8 2 10 2 2 2 10 2 2 10 2 2 2 2 2 2 8 2 10 2 8 8 2
left_child=2 4 13 5 6 16 14 8 -4 19 24 -12 17 -1 -2 -8 -3 18 -7 22 -21 26 25 -11 -9 -5 -22 -13 -17 -18
right_child=1 3 7 9 -6 12 15 10 -10 23 11 27 -14 -15 -16 28 29 -19 -20 20 21 -23 -24 -25 -26 -27 -28 -29 -30 -31
leaf_value=-0.063024940972460947 0 0.052607277428710957 -0.029853919408007815 0.24348651303164059 0.017862564347460953 0.12198700614433595 -0.063024940972460947 -0.031512470486230473 0.36531201680097658 0.44620463466757815 -0.031512470486230473 -0.031512470486230473 0.2437145922457031 -0.063024940972460947 -0.031512470486230473 0 0.1747867520941406 0.095929756112890632 0.26135211935507813 0.6621973567816406 0.41122622662539055 5.3124762266253915 1.5990383880316408 2.0735233406878906 -0.031512470486230473 3.0339294488402349 -0.19516458631542966 0.01625504513876953 0 0.1747867520941406
leaf_weight=758119 16633 18954 21997 2374 15048 37141 1667 10032 1831 22000 14678 1158 18890 25987 2104 32018 31444 3067 17272 11549 3181 1832 40824 340605 7545 2147 1475 1604 541064 44450
leaf_count=758119 16633 18954 21997 2374 15048 37141 1667 10032 1831 22000 14678 1158 18890 25987 2104 32018 31444 3067 17272 11549 3181 1832 40824 340605 7545 2147 1475 1604 541064 44450
internal_value=-0.00721629 0.0213666 -0.0481007 0.0437151 -0.000565704 0.0362701 -0.00109126 -0.029842 -0.0399572 0.0467074 -0.0229588 -0.0303956 0.0299738 -0.049471 -0.016809 -0.000578861 0.0413398 0.027206 0.0283158 0.0406219 0.0337057 0.0208231 0.043373 0.0477711 -0.01558 0.027704 0.011512 -0.00188269 -0.00049513 0.0432103
internal_weight=2.04869e+06 1.20574e+06 842951 597205 608534 171218 593486 58845 23828 425987 35017 17440 76370 784106 18737 574749 94848 57480 54413 63382 18037 6488 45345 362605 17577 4521 4656 2762 573082 75894
internal_count=2048690 1205739 842951 597205 608534 171218 593486 58845 23828 425987 35017 17440 76370 784106 18737 574749 94848 57480 54413 63382 18037 6488 45345 362605 17577 4521 4656 2762 573082 75894
is_linear=0
shrinkage=0.05


Tree=10
num_leaves=31
num_cat=0
split_feature=11 5 18 5 5 15 18 0 14 0 15 15 15 15 0 0 1 13 14 14 0 15 1 18 15 14 5 10 15 1
split_gain=952901 225390 12670.8 5633.75 2576.71 2517.49 2309.96 1502.74 1453.81 1213.3 989.88 806.143 790.282 758.577 735.792 570.296 458.95 402.193 392.818 381.65 733.852 333.19 321.813 305.222 293.455 278.272 699.112 692.448 277.029 268.731
threshold=1.0000000180025095e-35 2.5000000000000004 -1.0000000180025095e-35 8.5000000000000018 1.5000000000000002 0.17992805755395685 0.61294511939673246 0.98296291314453421 0.53867513459481298 -0.25881904510252113 0.85282717738258096 39.615802304964546 0.38507877664504181 29.004629629629633 0.91597561503675362 -0.98296291314453399 0.1294095225512602 3.2829089846240636 1.0000000180025095e-35 2.9837513905972703 1.0000000180025095e-35 7.9096352749047369 0.25881904510252057 0.22239637756879138 2.4147278770253431 8.31080182588118 81.500000000000014 48.500000000000007 1.0000000180025095e-35 0.1294095225512602
decision_type=2 2 10 2 2 8 10 2 2 2 8 10 10 10 2 2 2 2 2 2 2 8 2 10 10 2 2 2 10 2
left_child=2 4 12 8 10 7 11 -4 24 16 17 15 -1 21 18 -5 -7 -2 -11 -17 -21 -8 -10 -22 -3 -13 27 -27 -9 -29
right_child=1 3 5 6 -6 9 13 28 22 14 -12 25 -14 -15 -16 19 -18 -19 -20 20 23 -23 -24 -25 -26 26 -28 29 -30 -31
leaf_value=-0.059873693923837894 0 0.060536163557275403 -0.028278295883696288 0.20408780042693353 0.0169694361300879 -0.029936846961918947 0.25207987511443364 0.45095809983202151 0.10646387927461914 -0.029936846961918947 0 1.6726408436300588 -0.059873693923837894 2.8698471736534961 -0.029936846961918947 0.35938746307482416 -0.029936846961918947 -0.029936846961918947 -0.031173736111230473 0.8140756976607616 -0.14334125715119139 0.35206402036076168 0.13672167662248047 0.25717998080724613 0.097243186364433548 3.3162708833871877 7.8600500595909963 0.11553798542177732 -0.052491805701279294 2.0458545831228321
leaf_weight=758789 31203 8426 23681 4088 15056 12791 20897 1587 33283 14570 548922 33477 26909 243827 3090 42023 10043 811 3714 10396 854 130918 10133 4466 39104 2446 9576 2710 259 641
leaf_count=758789 31203 8426 23681 4088 15056 12791 20897 1587 33283 14570 548922 33477 26909 243827 3090 42023 10043 811 3714 10396 854 130918 10133 4466 39104 2446 9576 2710 259 641
internal_value=-0.00736229 0.02151 -0.0476368 0.0432174 -0.000243711 -0.0272109 0.0452755 -0.0397129 0.0317595 -0.0199919 -0.000772977 0.0388902 -0.0494497 0.0470617 -0.0285534 0.0350971 -0.0119778 -0.00931936 -0.0323671 0.0363749 0.0297277 0.0442871 0.0251451 0.0146241 0.0378014 0.0436909 0.038122 0.0244178 0.00373781 0.00965383
internal_weight=2.04869e+06 1.19326e+06 855433 597265 595992 69735 506319 25527 90946 44208 580936 110677 785698 395642 21374 61827 22834 32014 18284 57739 15716 151815 43416 5320 47530 48850 15373 5797 1846 3351
internal_count=2048690 1193257 855433 597265 595992 69735 506319 25527 90946 44208 580936 110677 785698 395642 21374 61827 22834 32014 18284 57739 15716 151815 43416 5320 47530 48850 15373 5797 1846 3351
is_linear=0
shrinkage=0.05


Tree=11
num_leaves=31
num_cat=0
split_feature=11 5 15 5 11 5 13 5 13 16 15 1 10 1 12 1 15 10 1 5 13 1 1 1 1 17 5 9 15 5
split_gain=945865 220120 11748.8 6039.04 3135.48 2576.71 2159.26 1101.8 1564.64 1058.7 989.88 747.27 732.737 714.121 704.773 684.684 684.234 546.214 479.77 454.749 402.193 383.245 373.474 371.695 325.273 309.617 294.179 556.024 258.419 245.164
threshold=1.0000000180025095e-35 2.5000000000000004 0.17992805755395685 14.500000000000002 -0.49999999999999994 1.5000000000000002 1.0000000180025095e-35 63.500000000000007 1.7926456271808611 0.21688681631710352 0.85282717738258096 0.25881904510252057 76.500000000000014 0.25881904510252057 1.0000000180025095e-35 1.0000000180025095e-35 3.3409444732745204 18.500000000000004 -0.3794095225512602 10.500000000000002 3.2829089846240636 0.25881904510252057 0.25881904510252057 0.60355339059327384 1.0000000180025095e-35 19.500000000000004 38.500000000000007 23.500000000000004 3.7529766123316803 4.5000000000000009
decision_type=2 2 10 2 2 2 2 2 2 10 8 2 2 2 2 2 10 2 2 2 2 2 2 2 2 10 2 2 8 2
left_child=2 5 9 6 -4 10 16 8 21 -1 20 17 22 15 18 -11 -3 19 25 -8 -2 -5 26 -20 -18 -6 27 -10 -23 -13
right_child=1 3 4 7 14 -7 11 -9 12 13 -12 29 -14 -15 -16 -17 24 -19 23 -21 -22 28 -24 -25 -26 -27 -28 -29 -30 -31
leaf_value=-0.056880009227646001 0 0.046950105379411647 -0.056880009227646001 0.48900880144855563 -0.028440004613823001 0.016120964323583509 0.11251904549819287 3.6263548149708216 0.52658342453780171 -0.028605859721645269 0 0.057170515301286653 0.15779890480026346 -0.02694730864342261 -0.031990049305668948 -0.036138602567045652 0.14844421347139547 0.085024763054950464 -0.028440004613823001 0.25056160898358304 -0.028440004613823001 0.55482286980347773 1.2399099742431141 -0.028440004613823001 0.14844421347139547 -0.028440004613823001 1.1263548149708211 0.31366527818709466 0.50309488404170799 0.23505265278725487
leaf_weight=748709 31203 19487 28179 105328 7353 15056 39674 213193 5768 11167 548922 3777 2108 19078 9320 4374 32824 3522 11030 12293 811 731 6569 7336 44671 8887 7973 6887 77432 15028
leaf_count=748709 31203 19487 28179 105328 7353 15056 39674 213193 5768 11167 548922 3777 2108 19078 9320 4374 32824 3522 11030 12293 811 731 6569 7336 44671 8887 7973 6887 77432 15028
internal_value=-0.00751136 0.0212542 -0.0476369 0.0427063 -0.0283233 -0.000243711 0.0347772 0.0458943 0.043349 -0.0494147 -0.000772977 0.028363 0.0326207 -0.0408663 -0.0199722 -0.0329097 0.0396909 0.0254438 -0.023259 0.0267352 -0.00931936 0.0450624 0.0348219 -0.017723 0.0417969 -0.0295197 0.0315154 0.026776 0.047715 0.0369769
internal_weight=2.04869e+06 1.19326e+06 855433 597265 72105 595992 171276 425989 212796 783328 580936 74294 29305 34619 43926 15541 96982 55489 34606 51967 32014 183491 27197 18366 77495 16240 20628 12655 78163 18805
internal_count=2048690 1193257 855433 597265 72105 595992 171276 425989 212796 783328 580936 74294 29305 34619 43926 15541 96982 55489 34606 51967 32014 183491 27197 18366 77495 16240 20628 12655 78163 18805
is_linear=0
shrinkage=0.05


Tree=12
num_leaves=31
num_cat=0
split_feature=11 11 18 18 15 18 11 15 16 15 1 15 14 15 14 1 1 18 1 15 14 14 14 11 1 1 1 15 1 18
split_gain=940558 211437 12670.8 7675.67 3074.72 2948.36 2652.64 2517.49 957.312 879.506 883.673 834.389 955.037 763.152 730.968 598.876 811.112 524.656 473.847 450.908 424.813 415.793 384.995 447.6 529.007 369.907 365.411 352.006 346.32 493.986
threshold=1.0000000180025095e-35 2.8333333333333335 -1.0000000180025095e-35 0.46169849567907828 9.8576036866359456 1.0000000180025095e-35 1.1666666666666667 0.17992805755395685 1.0000000180025095e-35 39.615802304964546 0.25881904510252057 41.650242718446613 1.0335936864527377 0.85282717738258096 1.0000000180025095e-35 0.25881904510252057 1.0000000180025095e-35 1.0000000180025095e-35 -0.3794095225512602 1.0000000180025095e-35 5.3916048603508608 0.53867513459481298 8.31080182588118 112.16666666666667 0.1294095225512602 0.60355339059327384 0.25881904510252057 5.3733141521309129 0.25881904510252057 -0.74999999999999989
decision_type=2 2 10 10 10 10 2 8 10 10 2 10 2 8 2 2 2 10 2 10 2 2 2 2 2 2 2 8 2 10
left_child=2 6 8 5 21 -3 13 15 -1 10 20 12 -6 -2 18 16 -4 -8 -9 -18 27 -5 -11 24 -24 -20 -14 -7 29 -10
right_child=1 3 7 4 11 9 17 14 28 22 -12 -13 26 -15 -16 -17 19 -19 25 -21 -22 -23 23 -25 -26 -27 -28 -29 -30 -31
leaf_value=-0.054036008766263702 0 -0.042868750000000004 -0.025285453157340345 0.1142806913726421 0.31364444396928026 0.065314916107404336 -0.045124999999999998 -0.027018004383131851 0.028918577660471914 1.4434540758562644 0.13290235894968899 2.7950370742222801 0.38135352633044289 0 -0.028015546840385503 -0.025599943211251475 0.2835410838247408 0.017639180923810584 -0.027018004383131851 -0.026798929593292987 0.21992966662791569 0.15745669545352939 0.61046343849571727 8.3934615634957179 3.8585977406298952 -0.027018004383131851 0.51294013983962261 0.18803352853440389 -0.054036008766263702 -0.054036008766263702
leaf_weight=746457 30901 2507 8106 58197 127541 12316 2163 16251 192 17352 23241 230049 29753 543063 9508 14436 1980 20399 11030 1005 5621 30131 4167 3123 2092 7419 13144 37497 17327 21722
leaf_count=746457 30901 2507 8106 58197 127541 12316 2163 16251 192 17352 23241 230049 29753 543063 9508 14436 1980 20399 11030 1005 5621 30131 4167 3123 2092 7419 13144 37497 17327 21722
internal_value=-0.00762397 0.0210608 -0.0476368 0.0421043 0.0447688 0.0300354 9.97442e-06 -0.0272109 -0.0494497 0.0313099 0.0286476 0.0466311 0.0439796 -0.000651086 -0.0199919 -0.0397129 -0.0309756 0.016827 -0.0233573 -0.00869347 0.0252165 0.0363248 0.0391449 0.0309849 0.0232705 -0.0178736 0.0375259 0.0266868 -0.0418376 -0.0376609
internal_weight=2.04869e+06 1.19326e+06 855433 596731 488815 107916 596526 69735 785698 105409 78675 400487 170438 573964 44208 25527 11091 22562 34700 2985 55434 88328 26734 9382 6259 18449 42897 49813 39241 21914
internal_count=2048690 1193257 855433 596731 488815 107916 596526 69735 785698 105409 78675 400487 170438 573964 44208 25527 11091 22562 34700 2985 55434 88328 26734 9382 6259 18449 42897 49813 39241 21914
is_linear=0
shrinkage=0.05


Tree=13
num_leaves=31
num_cat=0
split_feature=11 5 18 5 14 5 15 5 18 10 15 16 14 15 1 17 1 5 13 10 18 5 1 15 13 1 1 5 1 17
split_gain=934369 212173 12700.2 7049.47 3604.85 2578.27 2499.52 1202.74 1191.12 1187.67 993.208 957.312 730.968 730.62 611.524 1122.94 603.449 530.122 1001.57 761.015 499.113 494.658 473.847 443.407 401.254 369.907 368.857 358.7 346.32 493.986
threshold=1.0000000180025095e-35 2.5000000000000004 -1.0000000180025095e-35 19.500000000000004 0.53867513459481298 1.5000000000000002 0.17992805755395685 6.5000000000000009 0.66709956709956719 23.500000000000004 0.85282717738258096 1.0000000180025095e-35 1.0000000180025095e-35 3.0915071770334932 0.25881904510252057 5.5000000000000009 0.25881904510252057 115.50000000000001 3.711722196251515 47.500000000000007 0.91473032238208829 68.500000000000014 -0.3794095225512602 41.650242718446613 3.2829089846240636 0.60355339059327384 1.0000000180025095e-35 11.500000000000002 0.25881904510252057 2.5000000000000004
decision_type=2 2 10 2 2 2 8 2 10 2 8 10 2 10 2 10 2 2 2 2 10 2 2 10 2 2 2 2 2 10
left_child=2 5 11 4 13 10 14 -6 17 16 24 -1 22 -3 15 -4 27 18 -5 -20 26 -21 -8 -10 -2 -24 -15 -9 29 -13
right_child=1 3 6 8 7 -7 12 9 23 -11 -12 28 -14 20 -16 -17 -18 -19 19 21 -22 -23 25 -25 -26 -27 -28 -29 -30 -31
leaf_value=-0.05133420832795052 0 0.038888565541808952 -0.024021180499473327 0.85528522051116596 0.078771994079512991 0.014432957061213803 -0.02566710416397526 0.13024019096885786 0.45690578285617928 0.060314230976485653 0 0.027472648777448316 -0.026614769498366227 0.12514468203099047 -0.024319946050688903 -0.024021180499473327 0.26997068040959454 8.4290726705826504 2.2152960144396805 0.19822779020354117 0.13530796822919361 1.7697022097846036 -0.02566710416397526 2.6552852205111659 -0.02487456688313185 -0.02566710416397526 0.13709463144295536 0.26347246942418751 -0.05133420832795052 -0.05133420832795052
leaf_weight=746457 31203 17961 7132 54452 29816 15056 16251 23278 95959 3843 548922 192 9508 24389 14436 3959 17562 16927 5754 4263 45922 4232 11030 197297 811 7419 32571 23039 17327 21722
leaf_count=746457 31203 17961 7132 54452 29816 15056 16251 23278 95959 3843 548922 192 9508 24389 14436 3959 17562 16927 5754 4263 45922 4232 11030 197297 811 7419 32571 23039 17327 21722
internal_value=-0.00775374 0.0208365 -0.0476346 0.0418977 0.0347427 -0.000269802 -0.0271851 0.0275923 0.0460217 0.0312764 -0.000799227 -0.0494497 -0.0199919 0.0405141 -0.0396423 -0.0308133 0.0329005 0.0408336 0.0388808 0.0270791 0.0421386 0.0175692 -0.0233573 0.0475366 -0.00935997 -0.0178736 0.0390116 0.029908 -0.0418376 -0.0376609
internal_weight=2.04869e+06 1.19326e+06 855433 597265 218381 595992 69735 97538 378884 67722 580936 785698 44208 120843 25527 11091 63879 85628 68701 14249 102882 8495 34700 293256 32014 18449 56960 46317 39241 21914
internal_count=2048690 1193257 855433 597265 218381 595992 69735 97538 378884 67722 580936 785698 44208 120843 25527 11091 63879 85628 68701 14249 102882 8495 34700 293256 32014 18449 56960 46317 39241 21914
is_linear=0
shrinkage=0.05


Tree=14
num_leaves=31
num_cat=0
split_feature=5 5 18 12 18 5 15 5 15 0 16 15 0 0 16 14 18 0 0 0 14 5 15 10 5 14 0 14 15 15
split_gain=877302 226670 32305.3 18648.4 7710.37 2610.53 2533.71 2382.72 1634.99 1604.39 1475.65 1424.66 1194.41 1133.9 1097.88 1008.59 824.326 783.787 763.368 1064.02 731.4 802.391 684.345 664.886 735.125 633.163 625.09 518.085 514.01 482.505
threshold=-1.0000000180025095e-35 2.5000000000000004 -1.0000000180025095e-35 1.0000000180025095e-35 0.62524131274131289 1.5000000000000002 9.5016129032258085 17.500000000000004 0.17992805755395685 0.98296291314453421 -0.84841212603516436 0.68048396334478822 -0.98296291314453399 0.98296291314453421 -0.3567892503536067 0.53867513459481298 -0.74999999999999989 1.0000000180025095e-35 -0.25881904510252113 0.91597561503675362 3.2595949365173804 118.50000000000001 43.380749354005175 21.500000000000004 5.5000000000000009 0.63226727006295136 -0.98296291314453399 8.9574611643070323 -0.92349498327759194 48.776891290527665
decision_type=2 2 10 2 10 2 10 2 8 2 10 8 2 2 10 2 10 2 2 2 2 2 10 2 2 2 2 2 8 10
left_child=10 2 12 8 7 11 -6 15 9 -4 -1 -5 14 28 -2 -3 -15 26 -10 -20 -19 27 25 24 -17 -8 29 -22 -12 -9
right_child=1 4 3 5 6 -7 22 17 18 -11 13 -13 -14 16 -16 23 -18 20 19 -21 21 -23 -24 -25 -26 -27 -28 -29 -30 -31
leaf_value=-0.048767497911552993 -0.048767497911552993 0.094930547702460524 -0.023103948748154458 0 0.10529738339255038 0.013711309208153111 0.27441262849834963 0.16736353140847166 -0.024383748955776496 0.31436651626444556 -0.048767497911552993 0 0.001232502088447015 0.001232502088447015 0.001232502088447015 0.072545919838622838 -0.048767497911552993 0.55559086483756193 -0.024383748955776496 -0.022008748955776494 0.4051195946586546 6.2476160720939475 2.5225209594856075 0.05647836742603099 0.19390114640730782 0.37511693262800727 1.4168633124606078 -0.050903829597986318 -0.048767497911552993 2.3999781616276006
leaf_weight=684861 1083 36187 21980 21019 64930 15048 107299 2363 17545 1831 29132 569661 34535 1317 1044 19950 2743 11884 14670 2758 5849 2956 202886 4156 39225 44684 48767 2940 32197 3190
leaf_count=684861 1083 36187 21980 21019 64930 15048 107299 2363 17545 1831 29132 569661 34535 1317 1044 19950 2743 11884 14670 2758 5849 2956 202886 4156 39225 44684 48767 2940 32197 3190
internal_value=-0.00610185 0.0187694 -0.000511428 -0.0030323 0.0414047 -0.000422962 0.0450984 0.0326672 -0.0299197 -0.0400256 -0.049146 -0.000946875 0.0451803 -0.0419696 0.00881523 0.0275397 -0.0163793 0.0392135 -0.0230392 -0.030451 0.0316116 0.0227629 0.0467599 0.0237348 0.0250925 0.044223 0.0425203 0.0151838 -0.0436637 0.0266252
internal_weight=2.04869e+06 1.29844e+06 701174 664512 597266 605728 419799 177467 58784 23811 750250 590680 36662 65389 2127 99518 4060 77949 34973 17428 23629 11745 354869 63331 59175 151983 54320 8789 61329 5553
internal_count=2048690 1298440 701174 664512 597266 605728 419799 177467 58784 23811 750250 590680 36662 65389 2127 99518 4060 77949 34973 17428 23629 11745 354869 63331 59175 151983 54320 8789 61329 5553
is_linear=0
shrinkage=0.05


Tree=15
num_leaves=31
num_cat=0
split_feature=5 5 17 12 18 5 5 1 16 16 0 0 0 0 16 14 17 1 5 16 5 14 1 0 17 13 5 0 0 1
split_gain=870924 221694 31566.3 19517.8 7089.18 5475.82 2319.14 1807.53 1632.9 1476.8 1389.53 1598.6 1197.97 1138 1093.59 827.849 821.831 669.069 640.921 629.762 584.355 580.401 533.987 510.338 486.701 483.873 904.394 480.923 555.277 470.319
threshold=-1.0000000180025095e-35 3.5000000000000004 318.00000000000006 1.0000000180025095e-35 0.66709956709956719 1.5000000000000002 36.500000000000007 0.25881904510252057 19.62627092533635 -0.84841212603516436 0.98296291314453421 -0.25881904510252113 -0.98296291314453399 0.98296291314453421 -0.3567892503536067 2.0446153018059721 2.5000000000000004 0.25881904510252057 10.500000000000002 0.87228814888389372 1.0000000180025095e-35 7.4320999884309531 -0.12940952255126037 1.0000000180025095e-35 2.5000000000000004 3.6204065448697627 118.50000000000001 1.0000000180025095e-35 -0.98296291314453399 0.37940952255126048
decision_type=2 2 8 2 10 2 2 2 10 10 2 2 2 2 10 2 10 2 2 8 2 2 2 2 10 2 2 2 2 2
left_child=9 2 3 10 6 19 7 15 17 -1 11 -2 14 22 -4 18 -15 -6 -3 -5 29 -21 -11 -8 -12 -25 -27 28 -17 -13
right_child=1 4 12 5 8 -7 23 -9 -10 13 24 20 -14 16 -16 27 -18 -19 -20 21 -22 -23 -24 25 -26 26 -28 -29 -30 -31
leaf_value=-0.046329123015975339 -0.023164561507987669 0.091486918812044585 -0.046329123015975339 0 0.16482193839281645 0.018361608126608076 2.2914780780916613 0.19924481347809478 1.9463949115113275 -0.046329123015975339 -0.028402061507987672 -0.023164561507987669 0.0011708769840246642 0.0011708769840246642 0.0011708769840246642 0.034444067261424217 -0.046329123015975339 0.1917718878047813 0.30276969148887539 0 0.0075448109721003472 -0.023630838538975258 -0.046329123015975339 0.88810558769087811 0.251522803989287 0.17979945330496072 5.9121435250179619 0.09874790636665072 0.34109286170121955 -0.021948751310746736
leaf_weight=684861 24275 34735 1083 45398 70439 33905 40009 39334 260690 23606 492 17459 34590 1317 1055 2655 2743 59587 25913 542782 190 2445 37723 11999 2178 3285 2869 10738 16129 14206
leaf_count=684861 24275 34735 1083 45398 70439 33905 40009 39334 260690 23606 492 17459 34590 1317 1055 2655 2743 59587 25913 542782 190 2445 37723 11999 2178 3285 2869 10738 16129 14206
internal_value=-0.00625834 0.0185224 5.83286e-06 -0.00242123 0.0415746 0.000171649 0.0335873 0.0298624 0.045411 -0.0491458 -0.0299609 -0.0316373 0.0451617 -0.0419665 0.00884004 0.025961 -0.01633 0.0408341 0.0293035 -0.000950095 -0.0390033 -0.000478975 -0.0436637 0.0418813 0.0052809 0.0349281 0.0235294 0.0190942 0.0239193 -0.0395279
internal_weight=2.04869e+06 1.29844e+06 720058 683330 578382 624530 187666 129504 390716 750250 58800 56130 36728 65389 2138 90170 4060 130026 60648 590625 31855 545227 61329 58162 2670 18153 6154 29522 18784 31665
internal_count=2048690 1298440 720058 683330 578382 624530 187666 129504 390716 750250 58800 56130 36728 65389 2138 90170 4060 130026 60648 590625 31855 545227 61329 58162 2670 18153 6154 29522 18784 31665
is_linear=0
shrinkage=0.05


Tree=16
num_leaves=31
num_cat=0
split_feature=11 11 18 12 11 18 18 15 15 15 1 15 0 16 15 0 0 1 16 18 18 13 0 0 1 0 14 6 8 16
split_gain=858663 210742 29588.9 20303.8 7018.91 7012.33 2626.81 2076.17 1839.7 1670.62 1591.54 1501.96 1456.5 1391.58 1330.07 1205.43 1153.22 1145.67 1110.87 934.121 817.186 790.882 761.628 1079.56 517.002 473.504 602.388 778.002 447.099 418.842
threshold=-0.83333333333333315 4.8333333333333348 inf 1.0000000180025095e-35 1.8333333333333337 0.66709956709956719 0.044643746885899359 39.615802304964546 46.882895611702132 0.17992805755395685 0.25881904510252057 -0.99693251533742322 0.98296291314453421 -0.84841212603516436 0.68048396334478822 -0.98296291314453399 0.98296291314453421 0.25881904510252057 -0.3567892503536067 0.90921578421578431 -0.74999999999999989 1.9702113754102264 -0.25881904510252113 0.91597561503675362 -0.12940952255126037 1.0000000180025095e-35 4.2311671066083036 139.50000000000003 4.5000000000000009 -0.62084420919083605
decision_type=2 2 8 2 2 10 10 10 10 8 2 8 2 10 8 2 2 2 10 10 10 2 2 2 2 2 2 2 2 10
left_child=13 2 3 9 14 6 -3 10 17 12 21 -4 -2 -1 -5 18 24 19 -13 -7 29 -8 -11 -24 -15 -9 -27 -28 -6 -18
right_child=1 5 11 4 28 8 7 25 -10 22 -12 15 -14 16 -16 -17 20 -19 -20 -21 -22 -23 23 -25 -26 26 27 -29 -30 -31
leaf_value=-0.044012666865176575 -0.020790523235347351 -0.023630838538975258 -0.044012666865176575 0 0.01899715623678018 0.20913711646258279 0.16360611352302601 2.0729518362768817 2.2990751659357609 -0.022006333432588288 0.20810140898745472 -0.044012666865176575 0.28607205025175897 -0.044012666865176575 0 0.0011123331348234309 -0.048887666865176573 0.22196083667199576 0.0011123331348234309 0.16923509501479819 -0.044012666865176575 0.19873002546896121 -0.022006333432588288 -0.019750083432588286 -0.044012666865176575 0.78282714345185089 0.39646305770524037 6.6759068095651104 0.022954698628371118 0.0011123331348234309
leaf_weight=684828 22045 3108 551 20842 40872 48257 63833 41621 189471 17626 32666 1082 1837 23010 570649 34499 355 91532 1044 59483 2694 15484 14703 2772 36449 8912 6083 3135 8285 962
leaf_count=684828 22045 3108 551 20842 40872 48257 63833 41621 189471 17626 32666 1082 1837 23010 570649 34499 355 91532 1044 59483 2694 15484 14703 2772 36449 8912 6083 3135 8285 962
internal_value=-0.00650291 0.0180523 0.000448286 -0.00186141 0.000723096 0.041067 0.0327507 0.0335752 0.0448074 -0.0299332 0.0295594 0.0439154 -0.0401348 -0.0491749 -0.000785642 0.0451481 -0.0420923 0.0414534 0.00860771 0.037959 -0.0161431 0.0257341 -0.0229922 -0.0303891 -0.0438428 0.0411014 0.0343574 0.025396 0.0188773 0.0161352
internal_weight=2.04869e+06 1.30039e+06 736807 699631 640648 563585 174842 171734 388743 58983 111983 37176 23882 748298 591491 36625 63470 199272 2126 107740 4011 79317 35101 17475 59459 59751 18130 9218 49157 1317
internal_count=2048690 1300392 736807 699631 640648 563585 174842 171734 388743 58983 111983 37176 23882 748298 591491 36625 63470 199272 2126 107740 4011 79317 35101 17475 59459 59751 18130 9218 49157 1317
is_linear=0
shrinkage=0.05


Tree=17
num_leaves=31
num_cat=0
split_feature=5 5 17 12 18 5 5 1 15 15 16 0 15 0 0 16 14 17 0 0 15 1 5 14 0 1 17 18 10 18
split_gain=852389 211199 31404.7 19685.8 6588.85 4803.91 2858.46 2178.28 1819.31 1671.23 1487.16 1451.09 1423.63 1200.05 1135.56 1091.36 982.593 821.831 765.044 1065.61 661.566 631.612 621.583 779.832 928.299 536.346 522.148 520.111 517.603 516.814
threshold=-1.0000000180025095e-35 4.5000000000000009 318.00000000000006 1.0000000180025095e-35 0.75017337031900155 1.5000000000000002 40.500000000000007 0.25881904510252057 9.8576036866359456 0.17992805755395685 -0.84841212603516436 0.98296291314453421 0.68048396334478822 -0.98296291314453399 0.98296291314453421 -0.3567892503536067 1.6873262206922053 2.5000000000000004 -0.25881904510252113 0.91597561503675362 62.802439024390246 0.25881904510252057 95.500000000000014 3.4980147469502532 1.0000000180025095e-35 -0.12940952255126037 18.500000000000004 0.97022314171715685 47.500000000000007 0.99930651872399456
decision_type=2 2 8 2 10 2 2 2 8 8 10 2 8 2 2 10 2 10 2 2 10 2 2 2 2 2 10 10 2 10
left_child=10 2 3 9 6 12 7 16 -6 11 -1 -2 -5 15 25 -4 -3 -16 26 -20 21 27 23 -8 -25 -12 -11 -10 -18 -7
right_child=1 4 13 5 8 29 22 -9 20 18 14 -13 -14 -15 17 -17 28 -19 19 -21 -22 -23 -24 24 -26 -27 -28 -29 -30 -31
leaf_value=-0.041812033521917744 -0.019750997073579982 0.15322601041238518 -0.041812033521917744 0 0.094135302168977655 0.017314305044643177 0.84028440418542838 0.21183029875631801 0.31841755722133663 -0.020906016760958872 -0.041812033521917744 0.27176844773917103 0 0.0010567164780822594 0.0010567164780822594 0.0010567164780822594 0.20581449939030874 -0.041812033521917744 -0.020906016760958872 -0.018762579260958874 2.9841214076389733 0.30236185372127 6.009183914914014 1.5841214076389729 0.30014033494464631 -0.041812033521917744 -0.020906016760958872 0.17896965813851146 -0.016405404151489212 0.016493669908438657
leaf_weight=684861 21990 58684 1083 21019 44781 41552 24141 44073 39725 9075 23606 1831 569606 34593 1317 1056 37441 2743 14674 2760 151741 73839 32381 12289 6251 37723 8488 36914 2905 5548
leaf_count=684861 21990 58684 1083 21019 44781 41552 24141 44073 39725 9075 23606 1831 569606 34593 1317 1056 37441 2743 14674 2760 151741 73839 32381 12289 6251 37723 8488 36914 2905 5548
internal_value=-0.00671475 0.0178009 9.73714e-05 -0.00227883 0.0407703 0.000273943 0.0339617 0.0298166 0.045051 -0.0299568 -0.0491434 -0.0401725 -0.000951534 0.0451568 -0.041939 0.00881253 0.0257013 -0.01633 -0.0230034 -0.0304233 0.0464446 0.0440955 0.0418641 0.0379009 0.0301888 -0.0436343 -0.015638 0.0409159 0.0196946 0.0156412
internal_weight=2.04869e+06 1.29844e+06 733275 696543 565165 637725 218165 143103 347000 58818 750250 23821 590625 36732 65389 2139 99030 4060 34997 17434 302219 150478 75062 42681 18540 61329 17563 76639 40346 47100
internal_count=2048690 1298440 733275 696543 565165 637725 218165 143103 347000 58818 750250 23821 590625 36732 65389 2139 99030 4060 34997 17434 302219 150478 75062 42681 18540 61329 17563 76639 40346 47100
is_linear=0
shrinkage=0.05


Tree=18
num_leaves=31
num_cat=0
split_feature=5 5 17 12 5 5 14 1 15 16 0 15 17 1 15 1 5 10 0 0 18 16 5 10 17 0 0 15 1 18
split_gain=838975 199019 31419.6 19674.7 8117.47 4710.93 3422.39 1730.65 1672.87 1487.73 1444.26 1429.88 3281.92 3539.25 1423.63 1255.29 1591.01 1632.29 1200.05 1135.42 1124.43 1091.36 952.169 1121.75 821.831 765.044 1065.61 619.088 536.05 525.89
threshold=-1.0000000180025095e-35 4.5000000000000009 318.00000000000006 1.0000000180025095e-35 35.500000000000007 1.5000000000000002 0.63226727006295136 0.25881904510252057 0.17992805755395685 -0.84841212603516436 0.98296291314453421 29.004629629629633 30.500000000000004 0.25881904510252057 0.68048396334478822 1.0000000180025095e-35 73.500000000000014 75.500000000000014 -0.98296291314453399 0.98296291314453421 0.91180521795495062 -0.3567892503536067 11.500000000000002 37.500000000000007 2.5000000000000004 -0.25881904510252113 0.91597561503675362 18.201503759398502 -0.12940952255126037 0.99930651872399456
decision_type=2 2 8 2 2 2 2 2 8 10 2 10 10 2 8 2 2 2 2 2 10 10 2 2 10 2 2 10 2 10
left_child=9 2 3 8 6 14 11 22 10 -1 -2 20 13 -13 -5 16 17 -6 21 28 27 -4 -8 -24 -21 -10 -27 -3 -11 -7
right_child=1 4 18 5 15 29 7 -9 25 19 -12 12 -14 -15 -16 -17 -18 -19 -20 24 -22 -23 23 -25 -26 26 -28 -29 -30 -31
leaf_value=-0.039721431845821858 -0.018763447219900985 0.1090656500189387 -0.039721431845821858 0 0.49260326318839454 0.016448589792411018 0.07767554286421921 0.27159332820013971 -0.019860715922910929 -0.039721431845821858 0.25818002535221246 0.0056098790552209015 0.1056098790552209 -0.0039003219364344591 0 2.0349153372570243 2.8080788845383147 0.10793810696874334 0.0010038806541781465 0.0010038806541781465 0.13715611697820249 0.0010038806541781465 0.2695164632051365 0.083209917424883442 -0.039721431845821858 -0.019860715922910929 -0.017824450297910931 0.38602851363377394 -0.039721431845821858 0.015668986413016728
leaf_weight=684861 21990 55605 1083 21019 40317 41552 35106 32852 17563 23606 1831 1994 11387 2721 569606 152508 83677 4132 34593 1317 74834 1056 51156 4634 2743 14674 2760 14242 37723 5548
leaf_count=684861 21990 55605 1083 21019 40317 41552 35106 32852 17563 23606 1831 1994 11387 2721 569606 152508 83677 4132 34593 1317 74834 1056 51156 4634 2743 14674 2760 14242 37723 5548
internal_value=-0.0070498 0.0172721 8.67342e-05 -0.00229002 0.0395694 0.000262025 0.0336183 0.0273677 -0.0299602 -0.0491432 -0.0401809 0.0384291 0.0242951 -0.0107847 -0.000951534 0.0456032 0.0419548 0.0343101 0.0451568 -0.0419375 0.0400021 0.00881253 0.0238129 0.0278724 -0.01633 -0.0230034 -0.0304233 0.0354396 -0.0436327 0.0154798
internal_weight=2.04869e+06 1.29844e+06 733275 696543 565165 637725 284531 123748 58818 750250 23821 160783 16102 4715 590625 280634 128126 44449 36732 65389 144681 2139 90896 55790 4060 34997 17434 69847 61329 47100
internal_count=2048690 1298440 733275 696543 565165 637725 284531 123748 58818 750250 23821 160783 16102 4715 590625 280634 128126 44449 36732 65389 144681 2139 90896 55790 4060 34997 17434 69847 61329 47100
is_linear=0
shrinkage=0.05


Tree=19
num_leaves=31
num_cat=0
split_feature=11 11 17 11 11 11 13 15 18 18 15 16 0 18 15 11 1 1 0 0 0 16 11 13 0 11 17 15 0 16
split_gain=829403 189376 29924.2 19719.5 8674.69 4659.65 3473.92 2555.02 1651.5 1514.26 1501.38 1402.36 1387.4 1285.87 2216.96 3681.76 2995.37 1274.92 1205.42 1204.62 1150.56 1110.64 992.47 1349.39 1329.7 921.905 817.186 774.301 744.753 591.296
threshold=-0.83333333333333315 4.8333333333333348 318.00000000000006 1.0000000180025095e-35 35.833333333333336 1.5000000000000002 0.64395055085937891 0.17992805755395685 0.76638220329809126 1.0000000180025095e-35 -0.99693251533742322 -0.84841212603516436 0.98296291314453421 0.91473032238208829 29.004629629629633 30.833333333333339 0.25881904510252057 0.25881904510252057 -0.25881904510252113 -0.98296291314453399 0.98296291314453421 -0.3567892503536067 138.16666666666671 3.711722196251515 -0.37940952255126065 10.833333333333334 2.5000000000000004 0.85282717738258096 0.91597561503675362 20.00179856115108
decision_type=2 2 8 2 2 2 2 8 10 10 8 10 2 10 10 2 2 2 2 2 2 10 2 2 2 2 10 8 2 10
left_child=11 2 3 7 6 27 13 12 22 -8 -4 -1 -2 25 -15 16 -16 -11 -9 21 -13 -12 23 -6 -25 -3 -22 -5 -20 -18
right_child=1 4 10 5 8 -7 9 18 -10 17 19 20 -14 14 15 -17 29 -19 28 -21 26 -23 -24 24 -26 -27 -28 -29 -30 -31
leaf_value=-0.037735360253530761 -0.017825274858905935 0.068032983939694799 -0.037735360253530761 0 0.85106313119702348 0.016439165608868402 -0.039543770573051237 -0.018867680126765381 1.8945113930301085 0.16872667944506117 -0.037735360253530761 -0.037735360253530761 0.19814563762266554 0.13410935304596885 0.0053293851024598382 0.10032938510245977 0.078550335296131743 0.32767908098560616 -0.018867680126765381 0.00095368662146923906 0.00095368662146923906 0.00095368662146923906 9.0432582676663582 2.1498932748867645 0.13119584242044446 0.25042454323324387 -0.037735360253530761 0 -0.019308227783015386 -0.0037053058396127273
leaf_weight=684828 23777 48633 551 31186 50064 52274 1474 22899 193587 57369 1082 59459 1853 81031 2154 5900 189 17803 18321 34534 1317 1048 21860 8774 5765 65963 2694 546180 3102 3019
leaf_count=684828 23777 48633 551 31186 50064 52274 1474 22899 193587 57369 1082 59459 1853 81031 2154 5900 189 17803 18321 34534 1317 1048 21860 8774 5765 65963 2694 546180 3102 3019
internal_value=-0.00723372 0.0168995 0.000211724 -0.0021123 0.0387163 0.000685709 0.0325514 -0.0272973 0.044958 0.0234585 0.0439003 -0.0491724 -0.0398634 0.03592 0.0403124 0.0195258 -0.0104625 0.0244426 -0.0200307 0.0451315 -0.0420624 0.0086385 0.0392127 0.0360966 0.0226873 0.0323825 -0.0161431 -0.000608539 -0.0285558 -0.0410848
internal_weight=2.04869e+06 1.30039e+06 736807 699592 563585 629640 283535 69952 280050 76646 37215 748298 25630 206889 92293 11262 5362 75172 44322 36664 63470 2130 86463 64603 14539 114596 4011 577366 21423 3208
internal_count=2048690 1300392 736807 699592 563585 629640 283535 69952 280050 76646 37215 748298 25630 206889 92293 11262 5362 75172 44322 36664 63470 2130 86463 64603 14539 114596 4011 577366 21423 3208
is_linear=0
shrinkage=0.05


Tree=20
num_leaves=31
num_cat=0
split_feature=5 5 18 11 5 14 5 15 5 0 16 0 0 13 0 15 0 0 16 18 15 0 10 15 10 18 18 15 15 14
split_gain=822959 187747 31588.5 19102.9 9745.7 4069.04 3789.03 2552.19 2543.45 2025.85 1488.89 1466.72 1383.54 1382.66 1212.87 1198.86 1194.41 1135.15 1097.88 821.831 814.563 735.792 643.209 516.929 499.47 470.955 451.434 444.232 431.005 429.062
threshold=-1.0000000180025095e-35 4.5000000000000009 -1.0000000180025095e-35 1.0000000180025095e-35 73.500000000000014 0.63226727006295136 2.5000000000000004 0.17992805755395685 11.500000000000002 1.0000000180025095e-35 -0.84841212603516436 -0.9159756150367534 0.98296291314453421 1.5236033621142739 -0.25881904510252113 9.5016129032258085 -0.98296291314453399 0.98296291314453421 -0.3567892503536067 -0.74999999999999989 0.85282717738258096 0.91597561503675362 20.500000000000004 -0.92349498327759194 14.500000000000002 0.66634491634491644 0.91180521795495062 -0.95176799007444157 43.380749354005175 1.0000000180025095e-35
decision_type=2 2 10 2 2 2 2 8 2 2 10 2 2 2 2 10 2 2 10 10 8 2 2 8 2 10 10 8 10 2
left_child=10 2 16 7 5 15 20 12 24 11 -1 28 -4 -11 29 26 18 23 -2 -19 -5 -16 -15 -12 -7 -8 -3 -18 -10 -9
right_child=1 4 3 6 -6 8 25 14 9 13 17 -13 -14 22 21 -17 27 19 -20 -21 -22 -23 -24 -25 -26 -27 -28 -29 -30 -31
leaf_value=-0.035848592240854224 -0.035848592240854224 0.072629423303209692 -0.016934011115960639 0 2.8884440007426679 0.078409593211114584 0.024381137791794672 -0.017924296120427112 0.22284778389064083 0.22152781204982228 -0.035848592240854224 0.43251530442485653 0.19156231459750042 0.25840448621468542 -0.017924296120427112 0.17359284347699389 -0.044903295365854225 0.00090600229039577713 0.00090600229039577713 -0.035848592240854224 0 -0.018342816393864616 0.065559604446099234 -0.035848592240854224 0.016987767396276433 0.014063578811922462 0.06505962394288467 0.00090600229039577713 0.69932660112091938 0.014456227275424789
leaf_weight=684861 1083 34637 23681 32397 195687 41559 24894 17471 15977 31908 29132 60347 1846 2695 18284 135752 404 1317 1044 2743 562381 3090 11197 32197 4569 7207 22673 34131 8164 5362
leaf_count=684861 1083 34637 23681 32397 195687 41559 24894 17471 15977 31908 29132 60347 1846 2695 18284 135752 404 1317 1044 2743 562381 3090 11197 32197 4569 7207 22673 34131 8164 5362
internal_value=-0.00745323 0.0166355 -5.61863e-05 -0.00243693 0.0382921 0.0335138 0.000324624 -0.0272622 0.0280247 0.0315969 -0.049143 0.0361874 -0.03985 0.0231288 -0.0199934 0.0385296 0.0451803 -0.0419344 0.00881523 -0.01633 -0.000578451 -0.0285534 0.00996257 -0.0436294 0.0179349 0.0170571 0.0324655 0.04742 0.0257715 -0.0119805
internal_weight=2.04869e+06 1.29844e+06 733275 696613 565165 369478 626879 69734 176416 130288 750250 84488 25527 45800 44207 193062 36662 65389 2127 4060 594778 21374 13892 61329 46128 32101 57310 34535 24141 22833
internal_count=2048690 1298440 733275 696613 565165 369478 626879 69734 176416 130288 750250 84488 25527 45800 44207 193062 36662 65389 2127 4060 594778 21374 13892 61329 46128 32101 57310 34535 24141 22833
is_linear=0
shrinkage=0.05


Tree=21
num_leaves=31
num_cat=0
split_feature=5 5 17 12 5 5 14 5 15 10 15 7 15 17 18 15 15 5 10 10 18 17 18 5 5 10 10 15 5 15
split_gain=813801 179838 31635.6 19460.7 10916.5 3760.11 3732.68 2440.98 1678.6 1442.46 1347.92 1180.82 9901.41 4303.46 1555.25 976.926 857.385 618.629 977.382 464.429 431.183 413.377 411.4 443.143 405.496 671.969 404.005 398.399 397.798 393.129
threshold=-1.0000000180025095e-35 4.5000000000000009 318.00000000000006 1.0000000180025095e-35 73.500000000000014 2.5000000000000004 0.63226727006295136 11.500000000000002 0.17992805755395685 75.500000000000014 0.68048396334478822 31.500000000000004 29.004629629629633 30.500000000000004 0.90921578421578431 -0.88854382332643189 18.201503759398502 41.500000000000007 38.500000000000007 14.500000000000002 0.66634491634491644 32.500000000000007 0.6553089791737795 141.50000000000003 18.500000000000004 16.500000000000004 134.50000000000003 -0.99693251533742322 28.500000000000004 9.5016129032258085
decision_type=2 2 8 2 2 2 2 2 8 2 8 2 10 10 10 10 10 2 2 2 10 10 10 2 2 2 2 8 2 10
left_child=15 2 3 8 6 10 11 19 -2 17 -5 12 14 -14 16 -1 -3 18 24 -8 -7 -10 23 26 25 -9 -6 -4 -15 -16
right_child=1 4 27 5 22 20 7 9 21 -11 -12 -13 13 28 29 -17 -18 -19 -20 -21 -22 -23 -24 -25 -26 -27 -28 -29 -30 -31
leaf_value=-0.034056162628811511 -0.016087310560162604 0.092305536855935344 -0.042658130597561517 0 1.8357134323504085 0.02316208090220493 0.074489113550558858 0.18766473479346468 -0.017028081314405755 0.12659819672737421 0 0.1945546794305969 -0.012199682721481687 0.28051897298945505 0.057822858192282348 -0.034056162628811511 0.33664904071100193 0.50347767068662186 0.17202960347668164 0.016138379026462601 0.013360399871326334 -0.017028081314405755 2.6440218007055343 8.3861852722372934 0.34559016581243451 0.11961272248991302 0.83937978546117764 0.00086070217587598833 0.020161019740417709 0.13372424321982077
leaf_weight=697601 23821 55368 222 21589 12146 24868 41559 21358 25683 5222 584080 40651 4715 1441 22125 52649 13825 38005 8511 4569 7188 9314 168479 12715 47374 9818 2347 36510 2864 52073
leaf_count=697601 23821 55368 222 21589 12146 24868 41559 21358 25683 5222 584080 40651 4715 1441 22125 52649 13825 38005 8511 4569 7188 9314 168479 12715 47374 9818 2347 36510 2864 52073
internal_value=-0.00768586 0.0162684 -6.79145e-05 -0.00245283 0.037464 8.53032e-05 0.0324068 0.0271495 -0.0299721 0.030649 -0.000797961 0.0372108 0.0351914 -0.0156208 0.0383877 -0.049143 0.0329954 0.031724 0.0294007 0.017265 0.0167738 -0.0230034 0.0470126 0.0413077 0.0311445 0.0267161 0.0353308 0.0451568 0.0205226 0.0434163
internal_weight=2.04869e+06 1.29844e+06 733275 696543 565165 637725 369478 176416 58818 130288 605669 193062 152411 9020 143391 750250 69193 125066 87061 46128 32056 34997 195687 27208 78550 31176 14493 36732 4305 74198
internal_count=2048690 1298440 733275 696543 565165 637725 369478 176416 58818 130288 605669 193062 152411 9020 143391 750250 69193 125066 87061 46128 32056 34997 195687 27208 78550 31176 14493 36732 4305 74198
is_linear=0
shrinkage=0.05


Tree=22
num_leaves=31
num_cat=0
split_feature=5 5 17 11 5 1 5 18 15 5 16 5 10 1 15 15 5 10 14 5 11 17 1 17 1 5 13 16 1 17
split_gain=806434 173650 31654.1 19067 11486.7 4799.75 3548.54 2570.21 2550.78 1599.32 1488.89 1088.28 1316.93 968.323 813.917 761.494 5407.16 748.669 726.935 689.912 5565.94 2396.67 673.472 821.831 629.842 800.78 969.581 606.543 573.977 1134.33
threshold=-1.0000000180025095e-35 4.5000000000000009 318.00000000000006 1.0000000180025095e-35 72.500000000000014 0.25881904510252057 2.5000000000000004 0.89280081117620569 0.17992805755395685 8.5000000000000018 -0.84841212603516436 17.500000000000004 73.500000000000014 0.1294095225512602 0.85282717738258096 29.004629629629633 30.500000000000004 19.500000000000004 1.0000000180025095e-35 31.500000000000004 29.833333333333339 30.500000000000004 1.0000000180025095e-35 2.5000000000000004 1.0000000180025095e-35 115.50000000000001 3.2829089846240636 9.3112612253573541 0.25881904510252057 5.5000000000000009
decision_type=2 2 8 2 2 2 2 10 8 2 10 2 2 2 8 10 2 2 2 2 2 10 2 10 2 2 2 10 2 10
left_child=10 2 3 8 5 7 14 11 28 -7 -1 17 -13 22 -5 27 -17 -3 -10 20 -11 -22 -12 -24 25 26 -6 -9 29 -2
right_child=1 4 -4 6 24 9 -8 15 18 19 13 12 -14 -15 -16 16 -18 -19 -20 -21 21 -23 23 -25 -26 -27 -28 -29 -30 -31
leaf_value=-0.032353354497370937 -0.014999117758499679 0.083541388474075842 0.00081766706708218887 0 1.0731625333061927 0.050957655822578919 0.015514053065943601 0.078915499836126335 -0.016176677248685468 0.16920856959516822 -0.032353354497370937 0.33321075396430433 0.08765523731488703 -0.032353354497370937 0 -0.0030067421904387717 0.16784677009891633 0.0090487685616042601 -0.023444432211088287 0.270036624597288 -0.011589698585407683 0.068610263788271911 0.0025635103073165643 -0.032353354497370937 2.8132764169064703 5.8231625333061929 0.77316253330619278 0.13789572952108342 -0.015343735542016521 -0.014999117758499679
leaf_weight=684861 7132 71821 36732 32397 34733 20464 32090 17059 34700 79155 25554 75141 5326 35775 562329 2196 13398 5284 9500 39645 2725 2127 1317 2743 112639 44460 5295 33697 14436 3959
leaf_count=684861 7132 71821 36732 32397 34733 20464 32090 17059 34700 79155 25554 75141 5326 35775 562329 2196 13398 5284 9500 39645 2725 2127 1317 2743 112639 44460 5295 33697 14436 3959
internal_value=-0.00787393 0.0159717 -8.11428e-05 -0.00246675 0.0367994 0.0315826 0.000292351 0.0270018 -0.0272699 0.0387001 -0.049143 0.0235258 0.0275933 -0.0419344 -0.000581528 0.035257 0.0255932 0.0192809 -0.0200023 0.0408428 0.0382772 -0.0137057 -0.0352468 -0.01633 0.0465393 0.043276 0.0381458 0.038226 -0.0398539 -0.0313002
internal_weight=2.04869e+06 1.29844e+06 733275 696543 565165 368038 626816 223922 69727 144116 750250 157572 80467 65389 594726 66350 15594 77105 44200 123652 84007 4852 29614 4060 197127 84488 40028 50756 25527 11091
internal_count=2048690 1298440 733275 696543 565165 368038 626816 223922 69727 144116 750250 157572 80467 65389 594726 66350 15594 77105 44200 123652 84007 4852 29614 4060 197127 84488 40028 50756 25527 11091
is_linear=0
shrinkage=0.05


Tree=23
num_leaves=31
num_cat=0
split_feature=5 5 18 12 5 5 1 14 0 5 16 0 0 5 12 12 0 0 16 5 13 18 18 16 16 5 18 10 1 5
split_gain=801280 169578 31016.7 20066.1 10758.1 5690.54 5072.71 2894.81 1922.17 1605.58 1488.89 1334.52 1599.34 1199.58 5004.28 2164.79 1194.41 1135.15 1097.88 1019.24 984.984 836.708 821.831 781.834 661.777 641.341 632.891 620.471 567.53 661.141
threshold=-1.0000000180025095e-35 5.5000000000000009 -1.0000000180025095e-35 1.0000000180025095e-35 76.500000000000014 2.5000000000000004 0.25881904510252057 0.63226727006295136 0.25881904510252091 19.500000000000004 -0.84841212603516436 0.98296291314453421 -0.25881904510252113 31.500000000000004 29.750000000000004 30.083333333333339 -0.98296291314453399 0.98296291314453421 -0.3567892503536067 8.5000000000000018 3.711722196251515 0.82991444000280545 -0.74999999999999989 15.278781333539966 0.87228814888389372 1.0000000180025095e-35 0.90717967599410909 47.500000000000007 1.0000000180025095e-35 143.50000000000003
decision_type=2 2 10 2 2 2 2 2 2 2 10 2 2 2 2 2 2 2 10 2 2 10 10 10 8 2 10 2 2 2
left_child=10 2 16 11 6 24 7 26 9 -9 -1 12 -4 14 19 -16 18 -12 -2 -8 -11 -7 -19 -10 -5 -14 -3 -22 29 -6
right_child=1 4 3 5 28 21 13 8 23 20 17 -13 25 -15 15 -17 -18 22 -20 -21 27 -23 -24 -25 -26 -27 -28 -29 -30 -31
leaf_value=-0.030735686772502394 -0.034140081090959416 0.13469908889550028 -0.015367843386251193 0 1.3214170588076151 0.026083586706238806 0.052383832491539287 0.10332560984040953 0.11695709509201846 0.42916073303547064 -0.030735686772502394 0.060760583922869454 -0.014576548764915695 0.26214927619919415 -0.011010213656137325 0.087837832750244982 0.00077678371372807942 0.0024353347919507358 0.00077678371372807942 0.16003047880626992 0.80781132257387511 0.01530565688132326 -0.030735686772502394 0.071415871045758555 0 0.011157627795038523 0.11164428609234207 0.00045700727712789658 2.8711568898249342 8.1394677811031659
leaf_weight=684861 1083 39176 24298 45743 45995 38970 14571 35583 17034 41196 61329 2671 31665 43214 3272 1349 34535 1317 1044 79388 3239 10466 2743 25925 559985 208 52047 3456 108341 33986
leaf_count=684861 1083 39176 24298 45743 45995 38970 14571 35583 17034 41196 61329 2671 31665 43214 3272 1349 34535 1317 1044 79388 3239 10466 2743 25925 559985 208 52047 3456 108341 33986
internal_value=-0.00800602 0.0157633 0.000327775 -0.00197526 0.0369161 0.000536736 0.0318442 0.02705 0.022152 0.0265747 -0.049143 -0.0299446 -0.0315866 0.0392034 0.0361584 -0.0146397 0.0451803 -0.0419344 0.00881523 0.0386568 0.032552 0.016848 -0.01633 0.0135583 -0.000794499 -0.038953 0.0338385 0.0147647 0.0465968 0.0434022
internal_weight=2.04869e+06 1.29844e+06 750668 714006 547772 655164 359450 217656 126433 83474 750250 58842 56171 141794 98580 4621 36662 65389 2127 93959 47891 49436 4060 42959 605728 31873 91223 6695 188322 79981
internal_count=2048690 1298440 750668 714006 547772 655164 359450 217656 126433 83474 750250 58842 56171 141794 98580 4621 36662 65389 2127 93959 47891 49436 4060 42959 605728 31873 91223 6695 188322 79981
is_linear=0
shrinkage=0.05


Tree=24
num_leaves=31
num_cat=0
split_feature=5 5 17 12 5 5 1 14 15 16 15 5 11 17 17 10 5 1 1 17 1 5 13 10 5 1 17 17 15 14
split_gain=794271 164456 30568.1 20580.9 10445.5 7169.87 4931.44 2726.74 1679.3 1488.89 1347.92 1133.8 5068.19 2380.79 1066.62 973.911 1105.56 968.323 673.472 821.831 672.389 726.067 1300.63 616.706 541.383 521.371 1154.36 513.896 1016.83 560.676
threshold=-1.0000000180025095e-35 6.5000000000000009 318.00000000000006 1.0000000180025095e-35 76.500000000000014 2.5000000000000004 0.25881904510252057 0.63226727006295136 0.17992805755395685 -0.84841212603516436 0.68048396334478822 31.500000000000004 29.833333333333339 30.500000000000004 6.5000000000000009 77.500000000000014 18.500000000000004 0.1294095225512602 1.0000000180025095e-35 2.5000000000000004 1.0000000180025095e-35 157.50000000000003 4.1497721826524154 21.500000000000004 9.5000000000000018 0.25881904510252057 15.500000000000002 79.500000000000014 27.850199401794619 3.5920431567821542
decision_type=2 2 8 2 2 2 2 2 8 10 8 2 2 10 10 2 2 2 2 10 2 2 2 2 2 2 10 10 10 2
left_child=9 2 3 8 6 10 7 -3 25 -1 -5 12 24 -14 -7 16 23 18 -11 -20 21 22 -6 -9 -8 26 -2 28 -18 -29
right_child=1 4 -4 5 20 14 11 15 -10 17 -12 -13 13 -15 -16 -17 27 -19 19 -21 -22 -23 -24 -25 -26 -27 -28 29 -30 -31
leaf_value=-0.029198902433877273 -0.013480769701262135 0.1254187287404121 0.00073794452804167542 0 1.4034335537005029 0.023362525715820804 0.016714156550096251 0.097694379384807351 -0.014599451216938633 -0.029198902433877273 0 0.24904181238923437 -0.010459702973330388 0.060787858961345975 0.031615518399155045 0.015933613088595422 0.27353892267240398 -0.029198902433877273 0.0023135680523531988 -0.029198902433877273 2.7275990453336876 8.6542948821886139 0.84079838486570257 -0.026465600241536526 0.1757548853413142 -0.01384772132666991 -0.013480769701262135 0.55408993235259985 0.1077665549055471 0.60936254119679889
leaf_weight=684861 6955 87215 36744 21589 43590 17666 17767 42283 35014 25554 584080 43214 2725 2127 47348 5427 22104 35775 1317 2743 108341 30842 5549 3828 70012 13529 3344 18468 16462 12217
leaf_count=684861 6955 87215 36744 21589 43590 17666 17767 42283 35014 25554 584080 43214 2725 2127 47348 5427 22104 35775 1317 2743 108341 30842 5549 3828 70012 13529 3344 18468 16462 12217
internal_value=-0.00818633 0.0154788 0.000649511 -0.00159172 0.0368313 0.000895803 0.0316472 0.0268081 -0.0299446 -0.049143 -0.000797961 0.0390566 0.0359367 -0.0138087 0.0166749 0.0219436 0.0229174 -0.0419344 -0.0352468 -0.01633 0.0462968 0.0428195 0.0390454 0.016919 0.0386864 -0.0401838 -0.031707 0.0269115 0.0230695 0.0317403
internal_weight=2.04869e+06 1.29844e+06 766269 729525 532171 670683 343849 208004 58842 750250 605669 135845 92631 4852 65014 120789 115362 65389 29614 4060 188322 79981 49139 46111 87779 23828 10299 69251 38566 30685
internal_count=2048690 1298440 766269 729525 532171 670683 343849 208004 58842 750250 605669 135845 92631 4852 65014 120789 115362 65389 29614 4060 188322 79981 49139 46111 87779 23828 10299 69251 38566 30685
is_linear=0
shrinkage=0.05


Tree=25
num_leaves=31
num_cat=0
split_feature=5 5 18 12 5 5 1 18 0 15 5 16 0 18 15 0 0 16 14 5 11 11 14 16 18 0 0 18 15 10
split_gain=786119 157595 30568.6 20553.2 11356.3 6978.42 5644.32 3241.42 1974.91 1679.85 1640.04 1488.89 1418.65 1369.25 1348.68 1194.41 1135.15 1097.88 1070.73 1030.88 5006.4 1890.23 957.104 877.812 821.831 765.626 1067.2 713.763 706.753 620.164
threshold=-1.0000000180025095e-35 6.5000000000000009 -1.0000000180025095e-35 1.0000000180025095e-35 82.500000000000014 2.5000000000000004 0.25881904510252057 0.95529051172707902 0.25881904510252091 0.17992805755395685 21.500000000000004 -0.84841212603516436 0.98296291314453421 0.82991444000280545 0.68048396334478822 -0.98296291314453399 0.98296291314453421 -0.3567892503536067 0.92016825471890729 31.500000000000004 29.833333333333339 30.166666666666668 6.1520086763860187 15.278781333539966 -0.74999999999999989 -0.25881904510252113 0.91597561503675362 0.99930651872399456 29.004629629629633 60.500000000000007
decision_type=2 2 10 2 2 2 2 10 2 8 2 10 2 10 8 2 2 10 2 2 2 2 2 10 10 2 2 10 10 2
left_child=11 2 15 9 6 14 7 8 10 12 -3 -1 -4 -7 -5 17 -13 -2 -10 20 27 28 -12 -20 -18 -11 -27 -8 -22 -24
right_child=1 4 3 5 -6 13 19 -9 18 25 22 16 -14 -15 -16 -17 24 -19 23 -21 21 -23 29 -25 -26 26 -28 -29 -30 -31
leaf_value=-0.027738957312183406 -0.032469974262813527 0.10558414435247539 -0.013054980019407594 0 2.641219093067003 0.024733059717005991 0.1672864661748098 0.11914779230339151 0.11557537084294528 -0.013869478656091703 0.41572329728599738 -0.027738957312183406 0.22497595717844632 0.023300928063088547 0 0.00070104730163959167 0.002197889649735539 0.00070104730163959167 0.13035109265596367 0.22122621318034241 0.20471746990289699 0.08040654816466529 0.8214581338184852 0.037456667988316997 -0.027738957312183406 -0.013909043387158477 -0.011931637646924106 0.082977292455015755 -0.0099367178246637881 -0.035434004072336836
leaf_weight=684861 1083 47291 21997 21589 174636 51526 57934 50891 29843 17574 46077 61329 1831 13511 584139 34535 1317 1044 10682 49414 304 1332 4274 23277 2743 14678 2762 29845 3216 3155
leaf_count=684861 1083 47291 21997 21589 174636 51526 57934 50891 29843 17574 46077 61329 1831 13511 584139 34535 1317 1044 10682 49414 304 1332 4274 23277 2743 14678 2762 29845 3216 3155
internal_value=-0.00839705 0.0151463 0.000629674 -0.00160895 0.0360487 0.000876611 0.030944 0.0258434 0.0224336 -0.0299429 0.026791 -0.049143 -0.0401838 0.0164406 -0.000794499 0.0451803 -0.0419344 0.00881523 0.0155497 0.0386818 0.0355707 -0.0138706 0.032787 0.00947761 -0.01633 -0.0229737 -0.0303956 0.0383036 -0.0330682 0.0161327
internal_weight=2.04869e+06 1.29844e+06 766269 729607 532171 670765 357535 215490 164599 58842 100797 750250 23828 65037 605728 36662 65389 2127 63802 142045 92631 4852 53506 33959 4060 35014 17440 87779 3520 7429
internal_count=2048690 1298440 766269 729607 532171 670765 357535 215490 164599 58842 100797 750250 23828 65037 605728 36662 65389 2127 63802 142045 92631 4852 53506 33959 4060 35014 17440 87779 3520 7429
is_linear=0
shrinkage=0.05


Tree=26
num_leaves=31
num_cat=0
split_feature=5 5 18 11 5 5 1 18 15 0 16 14 0 18 5 0 0 0 16 5 11 11 10 18 15 0 0 15 18 0
split_gain=778775 154315 29925.7 21073.9 10134.1 8409.38 5315.33 2851.82 2553.2 2021.35 1490.04 1488.41 1380.21 1309.99 1262.93 1212.87 1194.41 1134.88 1097.88 887.474 5162.24 1858.98 877.989 821.831 814.563 806.776 735.792 672.207 618.304 697.5
threshold=-1.0000000180025095e-35 8.5000000000000018 -1.0000000180025095e-35 1.0000000180025095e-35 83.500000000000014 2.5000000000000004 0.25881904510252057 0.95529051172707902 0.17992805755395685 1.0000000180025095e-35 -0.84841212603516436 1.7199379676144053 0.98296291314453421 0.82991444000280545 21.500000000000004 -0.25881904510252113 -0.98296291314453399 0.98296291314453421 -0.3567892503536067 31.500000000000004 29.833333333333339 30.166666666666668 14.500000000000002 -0.74999999999999989 0.85282717738258096 -0.98296291314453399 0.91597561503675362 29.004629629629633 0.66709956709956719 1.0000000180025095e-35
decision_type=2 2 10 2 2 2 2 10 8 2 10 2 2 10 2 2 2 2 10 2 2 2 2 10 8 2 2 10 10 2
left_child=10 2 16 8 6 24 7 9 12 14 -1 -11 -4 -7 -3 -10 18 -12 -2 20 -8 27 -13 -19 -5 -16 -17 -22 29 -6
right_child=1 4 3 5 28 13 19 -9 15 11 17 22 -14 -15 25 26 -18 23 -20 -21 21 -23 -24 -25 -26 -27 -28 -29 -30 -31
leaf_value=-0.026352009446574232 -0.030846475549672861 0.11726436672629248 -0.01244179574950399 0 3.9802118880716941 0.032498336082670901 0.13800308217965648 0.11319040268822196 -0.013176004723287116 0.13338034578429234 -0.026352009446574232 0.18623535688803453 0.16992573171355582 0.022135881659934121 0.27230272782417642 -0.013213591217800552 0.00066599493655761211 0.0020879951672487618 0.00066599493655761211 0.21143529355187385 0.1944815964077522 0.076386220756432088 0.028450405184724706 -0.026352009446574232 0 0.43477258982094114 -0.0137100557645779 -0.009439881933430528 2.4591581384136525 1.3685809426857931
leaf_weight=684861 1083 32727 23681 32397 17929 73866 79155 49937 22833 44087 61329 3779 1846 17080 6800 18284 34535 1317 1044 50127 304 1332 21280 2743 562381 40577 3090 3216 148119 6951
leaf_count=684861 1083 32727 23681 32397 17929 73866 79155 49937 22833 44087 61329 3779 1846 17080 6800 18284 34535 1317 1044 50127 304 1332 21280 2743 562381 40577 3090 3216 148119 6951
internal_value=-0.00858756 0.0148455 0.00106455 -0.00107637 0.0364054 0.00158672 0.0313093 0.026128 -0.0272636 0.0226673 -0.0491427 0.0164044 -0.0398539 0.0157467 0.0280735 -0.0199934 0.0451803 -0.0419314 0.00881523 0.0390035 0.0358619 -0.0142003 0.00667425 -0.01633 -0.000578451 0.0332915 -0.0285534 -0.0332386 0.0462243 0.0389309
internal_weight=2.04869e+06 1.29844e+06 792120 755458 506320 685724 333321 199187 69734 149250 750250 69146 25527 90946 80104 44207 36662 65389 2127 134134 84007 4852 25059 4060 594778 47377 21374 3520 172999 24880
internal_count=2048690 1298440 792120 755458 506320 685724 333321 199187 69734 149250 750250 69146 25527 90946 80104 44207 36662 65389 2127 134134 84007 4852 25059 4060 594778 47377 21374 3520 172999 24880
is_linear=0
shrinkage=0.05


Tree=27
num_leaves=31
num_cat=0
split_feature=11 11 17 12 15 11 1 18 0 15 17 14 13 15 15 0 16 15 1 0 0 18 17 15 12 11 0 16 15 17
split_gain=763357 146431 28325.7 21788.6 9664.25 8423.98 5088.57 3412.53 2485.08 2137.38 3620.35 2115.81 2114.08 1681.24 1501.16 1412.35 1402.36 1280.31 1213.98 1203.8 1181.09 1167.56 1213.31 1163.55 1217.15 1158.16 1150.56 1111.08 1078.26 7050.82
threshold=-0.83333333333333315 9.8333333333333339 318.00000000000006 1.0000000180025095e-35 87.584965437788028 2.1666666666666674 0.25881904510252057 0.95529051172707902 1.0000000180025095e-35 6.9196774193548398 12.500000000000002 0.53867513459481298 1.7926456271808611 0.17992805755395685 -0.99693251533742322 0.98296291314453421 -0.84841212603516436 0.68048396334478822 0.25881904510252057 -0.98296291314453399 -0.98296291314453399 1.0000000180025095e-35 64.500000000000014 7.9096352749047369 8.7500000000000018 8.8333333333333339 0.98296291314453421 -0.3567892503536067 29.004629629629633 30.500000000000004
decision_type=2 2 8 2 8 2 2 10 2 8 10 2 2 8 8 2 10 8 2 2 2 10 10 10 2 2 2 10 10 10
left_child=16 2 3 13 6 17 7 8 20 11 18 -7 -10 15 -4 -2 -1 -5 25 27 -3 -8 28 24 -20 -11 -18 -16 -23 -30
right_child=1 4 14 5 -6 9 21 -9 12 10 -12 -13 -14 -15 19 -17 26 -19 23 -21 -22 22 -24 -25 -26 -27 -28 -29 29 -31
leaf_value=-0.025034408974245526 -0.011780141230962016 0.14548741313522165 -0.025034408974245526 0 2.6914111405224825 0.039819967616920818 -0.027827546806099959 0.13598437110275158 0.13139746852040979 -0.0076368117596297587 0.060248017964167212 0.029236192274369147 -0.028423363343651521 -0.012517204487122761 -0.029304151772189216 0.20523087273384621 -0.025034408974245526 0 -0.0081276830988937128 0.00063269518972973145 0.29841165406478115 0.15382117859816172 0.33620023149296974 -0.00016977727145857103 0.004829429990857826 0.0047448507782852367 -0.025034408974245526 0.00063269518972973145 -0.0089678878367589476 0.11734380252275543
leaf_weight=684828 22045 11692 551 21231 159811 40100 438 49628 54392 5387 28934 31254 13598 35101 1082 1837 59459 580020 2143 34560 66771 67416 31683 6207 1260 3720 4011 1053 2787 25691
leaf_count=684828 22045 11692 551 21231 159811 40100 438 49628 54392 5387 28934 31254 13598 35101 1082 1837 59459 580020 2143 34560 66771 67416 31683 6207 1260 3720 4011 1053 2787 25691
internal_value=-0.00893818 0.0142142 0.00129739 -0.000738669 0.0360085 0.00165393 0.0310467 0.0259844 0.0221446 0.0138082 0.00560849 0.0192841 0.0151478 -0.0299552 0.0438946 -0.0401893 -0.0491724 -0.000751766 -0.011527 0.0451247 0.0282076 0.0388005 0.0390803 -0.023923 -0.000426095 0.00155375 -0.0420624 0.00868852 0.0362776 0.02812
internal_weight=2.04869e+06 1.30039e+06 816485 779239 483907 720256 324096 196081 146453 119005 47651 71354 67990 58983 37246 23882 748298 601251 18717 36695 78463 128015 127577 9610 3403 9107 63470 2135 95894 28478
internal_count=2048690 1300392 816485 779239 483907 720256 324096 196081 146453 119005 47651 71354 67990 58983 37246 23882 748298 601251 18717 36695 78463 128015 127577 9610 3403 9107 63470 2135 95894 28478
is_linear=0
shrinkage=0.05


Tree=28
num_leaves=31
num_cat=0
split_feature=5 5 17 12 5 5 1 13 0 16 5 6 17 0 0 17 0 1 0 16 16 5 1 5 13 16 13 17 0 17
split_gain=748392 137209 29330.7 21965.1 10905.5 9113.57 3714.31 2030.96 1915.99 1489.46 1333.34 7450.55 3618.87 1331.76 1599.34 1311.49 1201.76 1139.2 1135.01 1088.26 1071.2 974.623 960.077 1072.13 1443.54 886.2 843.31 821.831 787.433 783.576
threshold=-1.0000000180025095e-35 10.500000000000002 318.00000000000006 1.0000000180025095e-35 83.500000000000014 2.5000000000000004 0.25881904510252057 1.0000000180025095e-35 1.0000000180025095e-35 -0.84841212603516436 32.500000000000007 28.500000000000004 30.500000000000004 0.98296291314453421 -0.25881904510252113 6.5000000000000009 -0.98296291314453399 0.91597561503675351 0.98296291314453421 -0.3567892503536067 15.278781333539966 39.500000000000007 1.0000000180025095e-35 163.50000000000003 4.0550824479184113 22.594959805373389 2.2586347517122234 2.5000000000000004 -0.9159756150367534 12.500000000000002
decision_type=2 2 8 2 2 2 2 2 2 10 2 2 10 2 2 10 2 2 2 10 10 2 2 2 2 10 2 10 2 10
left_child=9 2 3 13 6 -5 7 -3 21 -1 11 -8 25 14 -2 -7 19 -17 -11 -4 -10 28 23 24 -6 -13 -22 -20 -9 -19
right_child=1 4 16 5 22 15 10 8 20 18 -12 12 -14 -15 -16 17 -18 29 27 -21 26 -23 -24 -25 -26 -27 -28 -29 -30 -31
leaf_value=-0.023782688525533249 -0.011891344262766623 0.14029797992777668 -0.027838944183579753 0 0.94367245741532035 0.017341831259199882 0.18161613689068279 0.11900178845480332 0.16592461119809476 -0.023782688525533249 0.20089667162384439 0.15907471479337387 0.0015463953476254845 0.060360472182504156 -0.011291489410342736 0.023884875478606474 0.00060106043024324494 -0.00016128840788560695 0.0032353158575986005 0.00060106043024324494 0.10151237016019438 0.51872003886264795 2.6016296744668459 8.0527268548761395 0.58680421585706033 -0.0085194934449209121 -0.089783576628762421 -0.023782688525533249 0.21755405136582642 0.01988049154617615
leaf_weight=684861 24298 67437 1083 605669 37889 17666 57886 16122 10447 61329 47739 630 5662 2671 31873 103513 34622 7993 1317 1060 27591 23248 100008 29710 5392 4678 8019 2743 21446 4088
leaf_count=684861 24298 67437 1083 605669 37889 17666 57886 16122 10447 61329 47739 630 5662 2671 31873 103513 34622 7993 1317 1060 27591 23248 100008 29710 5392 4678 8019 2743 21446 4088
internal_value=-0.00938666 0.0135848 0.0014665 -0.000545771 0.0353849 0.00179544 0.029473 0.0248523 0.0205651 -0.0491428 0.0363811 0.031929 -0.00585232 -0.0299463 -0.0315866 0.0136335 0.0451312 0.0116944 -0.0419329 0.00879608 0.0128721 0.0263911 0.045326 0.040966 0.0359453 -0.0355124 0.00874193 -0.01633 0.0214118 -0.00283503
internal_weight=2.04869e+06 1.29844e+06 834536 797771 463904 738929 290905 174310 106873 750250 116595 68856 10970 58842 56171 133260 36765 115594 65389 2143 46057 60816 172999 72991 43281 5308 35610 4060 37568 12081
internal_count=2048690 1298440 834536 797771 463904 738929 290905 174310 106873 750250 116595 68856 10970 58842 56171 133260 36765 115594 65389 2143 46057 60816 172999 72991 43281 5308 35610 4060 37568 12081
is_linear=0
shrinkage=0.05


Tree=29
num_leaves=31
num_cat=0
split_feature=11 11 17 12 11 11 1 18 15 17 1 18 13 0 15 15 0 16 13 15 0 0 16 15 11 15 12 13 11 18
split_gain=738085 127177 27963 22207 11623 9075.15 3327.73 2649.28 2023.96 2318.84 4410.03 3279.99 1992.56 1991.28 1683.18 1500.84 1408.98 1402.36 1315.45 1282.14 1203.18 1150.56 1111.08 1059.63 2295.56 1127.77 1085.16 1011.18 1060.5 1009.95
threshold=-0.83333333333333315 10.833333333333334 318.00000000000006 1.0000000180025095e-35 88.166666666666671 2.1666666666666674 0.25881904510252057 0.95529051172707902 6.9196774193548398 13.500000000000002 0.25881904510252057 0.92005509641873295 1.0000000180025095e-35 0.25881904510252091 0.17992805755395685 -0.99693251533742322 0.98296291314453421 -0.84841212603516436 1.0950140852533554 0.68048396334478822 -0.98296291314453399 0.98296291314453421 -0.3567892503536067 9.8576036866359456 9.5000000000000018 7.9096352749047369 8.9166666666666696 5.3332926424530411 41.166666666666679 0.66709956709956719
decision_type=2 2 8 2 2 2 2 10 8 8 2 10 2 2 8 8 2 10 2 8 2 2 10 10 2 10 2 2 2 10
left_child=17 2 3 14 6 19 7 13 12 10 11 -10 -7 27 16 -4 -2 -1 -15 -5 22 -19 -17 24 25 26 -12 28 -3 -6
right_child=1 4 15 5 29 8 -8 -9 9 -11 23 -13 -14 18 -16 20 -18 21 -20 -21 -22 -23 -24 -25 -26 -27 -28 -29 -30 -31
leaf_value=-0.022593554099256587 -0.010596566956275585 0.18393953670666027 -0.022593554099256587 0 2.9233037133263231 0.036961877673114783 0.15461448070060266 0.12590284120843906 -0.0061215092902934479 0.05999448636749663 -0.0089155427178793552 0.011914979053288643 0.032178248020605919 0.11511886854499664 -0.011296777049628292 -0.026446996974400769 0.19195130548802869 -0.022593554099256587 0.017512299390311625 0 0.00057100740873108273 -0.022593554099256587 0.00057100740873108273 -0.0050641241056766269 0.032992883585142165 -0.0013555321818158996 0.003393714717384633 0.14900419958008657 0.45147995345597747 2.3715481907435034
leaf_weight=684828 22045 52148 551 21231 23570 42230 121657 40202 8493 32917 2316 8556 32813 37537 35101 1082 1837 59459 17018 580020 34574 4011 1053 4152 1874 6069 1267 5323 26860 137896
leaf_count=684828 22045 52148 551 21231 23570 42230 121657 40202 8493 32917 2316 8556 32813 37537 35101 1082 1837 59459 17018 580020 34574 4011 1053 4152 1874 6069 1267 5323 26860 137896
internal_value=-0.00960978 0.0131561 0.00154465 -0.000425136 0.0342126 0.00192233 0.028403 0.0240681 0.0133541 0.00694199 -0.00248266 0.0151182 0.0189631 0.0207962 -0.0299535 0.0438862 -0.0401935 -0.0491724 0.0133526 -0.000752598 0.0451156 -0.0420624 0.00868852 -0.0216227 -0.0138209 -0.0236531 -0.00140943 0.0256116 0.0270327 0.0450336
internal_weight=2.04869e+06 1.30039e+06 838181 800921 462211 741938 300745 179088 140687 65644 32727 17049 75043 138886 58983 37260 23882 748298 54555 601251 36709 63470 2135 15678 11526 9652 3583 84331 79008 161466
internal_count=2048690 1300392 838181 800921 462211 741938 300745 179088 140687 65644 32727 17049 75043 138886 58983 37260 23882 748298 54555 601251 36709 63470 2135 15678 11526 9652 3583 84331 79008 161466
is_linear=0
shrinkage=0.05


Tree=30
num_leaves=31
num_cat=0
split_feature=5 5 17 12 5 5 15 16 5 18 14 0 14 1 17 18 15 5 7 16 0 15 15 5 5 1 18 0 15 11
split_gain=728431 120618 29446 21679.8 13836.2 8423.24 2809.95 2227.28 3399.06 2153.94 1905.19 1903.23 3759.44 1877.8 4679.4 2806.57 1716.52 1670.28 2224.58 1490.62 1408.52 1345.53 1300.26 5994.98 1627.06 1239.36 3522.72 1201.76 1140.76 2322.91
threshold=-1.0000000180025095e-35 10.500000000000002 318.00000000000006 1.0000000180025095e-35 89.500000000000014 2.5000000000000004 6.9196774193548398 15.278781333539966 16.500000000000004 0.82991444000280545 0.53867513459481298 1.0000000180025095e-35 1.4383538134692249 0.25881904510252057 12.500000000000002 0.99930651872399456 0.17992805755395685 36.500000000000007 28.500000000000004 -0.84841212603516436 0.98296291314453421 0.68048396334478822 27.850199401794619 32.500000000000007 28.500000000000004 0.37940952255126048 0.99930651872399456 -0.98296291314453399 9.8576036866359456 9.5000000000000018
decision_type=2 2 8 2 2 2 8 8 2 10 2 2 2 2 10 10 8 2 2 10 2 8 10 2 2 2 10 2 10 2
left_child=19 2 3 16 7 21 10 -3 9 -9 -7 17 22 15 28 -8 20 18 -10 -1 -2 -5 -13 24 -24 -20 -27 -4 29 -15
right_child=1 4 27 5 -6 6 13 8 11 -11 -12 12 -14 14 -16 -17 -18 -19 25 -21 -22 -23 23 -25 -26 26 -28 -29 -30 -31
leaf_value=-0.021463876394293757 -0.010066738608461806 0.16880122611058548 0.00054245703829452856 0 2.422822633499591 0.035183291400849907 0.017025372234584824 0.061918051481266723 0.22650823634018061 -0.052978732855503453 0.031804400938878999 0.15634173221051331 0.039368125551780868 -0.0012877555727251356 0.064855417720715638 0.011319230100624189 -0.010731938197146879 0.346364321800327 0.038759507787371562 -0.021463876394293757 0.18235374021362724 0 0.22022005316664403 0.11803146487546955 -0.013766406361325246 0.18716838548330214 -0.0082348158194101018 0.00054245703829452856 -0.0048109179003928311 0.031343239405885015
leaf_weight=684861 21997 79785 2143 21589 158899 41841 29527 13350 30459 2818 29469 21728 23126 9210 9047 8315 35014 57441 12175 65389 1831 584080 1572 45113 10174 3281 3983 34622 4036 1815
leaf_count=684861 21997 79785 2143 21589 158899 41841 29527 13350 30459 2818 29469 21728 23126 9210 9047 8315 35014 57441 12175 65389 1831 584080 1572 45113 10174 3281 3983 34622 4036 1815
internal_value=-0.00992017 0.0127429 0.00138083 -0.000635395 0.0331825 0.00169055 0.0130714 0.0269499 0.0244068 0.0023194 0.0198387 0.026115 0.0212141 0.00528168 -0.00562469 0.0122298 -0.0298443 0.0307591 0.0240671 -0.0491426 -0.0401964 -0.000813481 0.0264287 0.0224529 -0.00936489 0.0108519 -0.00549284 0.0451312 -0.0226977 -0.0143719
internal_weight=2.04869e+06 1.29844e+06 834536 797771 463904 738929 133260 305005 225220 16168 71310 209052 101713 61950 24108 37842 58842 107339 49898 750250 23828 605669 78587 56859 11746 19439 7264 36765 15061 11025
internal_count=2048690 1298440 834536 797771 463904 738929 133260 305005 225220 16168 71310 209052 101713 61950 24108 37842 58842 107339 49898 750250 23828 605669 78587 56859 11746 19439 7264 36765 15061 11025
is_linear=0
shrinkage=0.05


Tree=31
num_leaves=31
num_cat=0
split_feature=5 5 17 12 5 5 10 16 5 17 5 10 5 1 14 17 16 0 14 0 0 0 5 0 16 1 14 17 14 1
split_gain=712097 109841 29686.5 20883.1 16021.1 6949.02 4120.1 2161.42 4699.31 2160.86 2082.28 6629.85 2343 2317.9 2279.12 2113.25 1490.62 1351.2 1884.39 1288.15 1734.7 1201.76 1151.39 1134.74 1088.26 1046.61 1022.55 946.663 912.699 876.206
threshold=-1.0000000180025095e-35 10.500000000000002 318.00000000000006 1.0000000180025095e-35 92.500000000000014 2.5000000000000004 88.500000000000014 15.278781333539966 17.500000000000004 28.500000000000004 37.500000000000007 28.500000000000004 32.500000000000007 0.25881904510252057 1.0000000180025095e-35 29.500000000000004 -0.84841212603516436 0.25881904510252091 0.92016825471890729 0.98296291314453421 -0.25881904510252113 -0.98296291314453399 31.500000000000004 0.98296291314453421 -0.3567892503536067 0.91597561503675351 0.53867513459481298 47.500000000000007 0.53867513459481298 1.0000000180025095e-35
decision_type=2 2 8 2 2 2 2 8 2 10 2 2 2 2 2 8 10 2 2 2 2 2 2 2 10 2 2 10 2 2
left_child=16 2 3 19 6 -5 7 28 9 -9 11 26 13 15 -15 -13 -1 -12 -19 20 -2 24 27 -18 -4 -7 -10 -17 -3 -6
right_child=1 4 21 5 29 25 -8 8 10 -11 17 12 -14 14 -16 22 23 18 -20 -21 -22 -23 -24 -25 -26 -27 -28 -29 -30 -31
leaf_value=-0.020390682574579069 -0.010195341287289534 0.16099298239940998 -0.025151769977595453 0 2.1692702933323993 0.015078989318547587 0.0067702933323992914 -0.019573446812258768 0.16109205801901913 0.1287690978077852 0.30998828325094441 0.0027841226226536621 0.10997353824702963 -0.0078230750284395967 0.08692191395674094 -0.045747404866017409 -0.020390682574579069 0.12909887529574818 0.087486873634679094 0.058443884335717705 -0.0096937496615887297 0.00051533418637980221 0.022995905704476273 -0.020390682574579069 0.00051533418637980221 -2.1059599764239324e-05 0.21533365716905761 0.1238974273728374 0.15670729074985559 3.2827489372592504
leaf_weight=684861 24298 46740 1083 605669 62804 118936 16040 10055 24552 11526 62658 3169 16028 7254 2588 6547 61329 29361 13515 2671 31873 34622 3095 4060 1060 14324 23890 4961 32998 86123
leaf_count=684861 24298 46740 1083 605669 62804 118936 16040 10055 24552 11526 62658 3169 16028 7254 2588 6547 61329 29361 13515 2671 31873 34622 3095 4060 1060 14324 23890 4961 32998 86123
internal_value=-0.0103624 0.0120451 0.00120252 -0.000821915 0.0315503 0.0014609 0.025161 0.0264857 0.0239214 0.00176776 0.0263407 0.0208462 0.00671142 -0.00211487 -0.021581 0.00866532 -0.0491426 0.031135 0.0242956 -0.0294891 -0.0311023 0.0451312 0.000633431 -0.0419298 0.00879608 0.011798 0.0335804 -0.00664755 0.0335348 0.0450634
internal_weight=2.04869e+06 1.29844e+06 834536 797771 463904 738929 314977 298937 219199 21581 197618 92084 43642 27614 9842 17772 750250 105534 42876 58842 56171 36765 14603 65389 2143 133260 48442 11508 79738 148927
internal_count=2048690 1298440 834536 797771 463904 738929 314977 298937 219199 21581 197618 92084 43642 27614 9842 17772 750250 105534 42876 58842 56171 36765 14603 65389 2143 133260 48442 11508 79738 148927
is_linear=0
shrinkage=0.05


Tree=32
num_leaves=31
num_cat=0
split_feature=5 5 17 5 11 5 10 16 15 15 16 5 15 5 9 5 15 17 1 17 17 5 16 14 17 11 0 14 0 0
split_gain=708679 95621.1 28908.9 17857.4 11423.8 6477.04 6338.18 6302.58 4392.57 2111.86 2092.22 4437.47 2000.56 1992.09 6344.8 2452.16 2600.03 3000.92 1899.4 4466.43 1873.68 1573.57 1490.62 1441.01 1399.39 1675.82 1307.59 1828.4 1201.76 1147.9
threshold=-1.0000000180025095e-35 10.500000000000002 318.00000000000006 98.500000000000014 1.0000000180025095e-35 2.5000000000000004 88.500000000000014 0.21688681631710352 0.078222778473091378 6.9196774193548398 15.278781333539966 17.500000000000004 0.17992805755395685 37.500000000000007 28.500000000000004 32.500000000000007 29.004629629629633 30.500000000000004 0.25881904510252057 12.500000000000002 28.500000000000004 94.500000000000014 -0.84841212603516436 0.53867513459481298 10.500000000000002 8.8333333333333339 0.25881904510252091 0.85701202439173851 -0.98296291314453399 -0.25881904510252113
decision_type=2 2 8 2 2 2 2 10 10 8 8 2 8 2 2 2 10 10 2 10 10 2 10 2 10 2 2 2 2 2
left_child=22 2 4 6 7 -6 10 8 -2 23 -3 20 -9 14 -13 16 -16 -18 24 -20 -12 -8 -1 -7 25 -11 -15 -28 -4 -14
right_child=1 3 28 -5 5 9 21 12 -10 18 11 13 29 26 15 -17 17 -19 19 -21 -22 -23 -24 -25 -26 -27 27 -29 -30 -31
leaf_value=-0.019371148445850112 0.00038958331749874749 0.15243085648554919 0.00048956747706081208 3.0576475618367902 0 0.032960166601983247 -0.018508865135271436 -0.0092090621785092929 -0.0074293242229250605 -0.0091508600881223152 -0.018594774471645793 0.1804446643298622 -0.0096855742229250575 0.2981361965238758 0.0026449164915209877 0.10447486133467798 -0.015021348265312363 -0.0058948821446549006 -0.002562077439909416 0.060858697368752469 0.12233064291739587 0.067692202668385451 -0.019371148445850112 0.029737572036568061 0.022008950220560753 0.0099993191296655418 0.12264393153096052 0.08572112861439507 0.00048956747706081208 -0.0097763537166190573
leaf_weight=684861 6436 79759 2143 135760 594726 41841 22870 18847 2541 2385 10055 48554 22386 63749 11783 16257 4695 10795 15062 9048 11526 5152 65389 29523 26982 8477 28839 14110 34622 19517
leaf_count=684861 6436 79759 2143 135760 594726 41841 22870 18847 2541 2385 10055 48554 22386 63749 11783 16257 4695 10795 15062 9048 11526 5152 65389 29523 26982 8477 28839 14110 34622 19517
internal_value=-0.0104556 0.0118981 0.00178165 0.030097 -0.000216102 0.00163555 0.0237871 -0.0195498 0.0195555 0.0115963 0.0259105 0.0233989 -0.0253284 0.0257367 0.0203488 0.00648748 -0.00267481 -0.0161394 0.0048423 -0.00612609 0.00186507 0.00104561 -0.0491426 0.0174598 0.0118301 0.026984 0.0303867 0.0236432 0.0451312 -0.0192433
internal_weight=2.04869e+06 1.29844e+06 834536 463904 797771 728044 328144 69727 8977 133318 300122 220363 60750 198782 92084 43530 27273 15490 61954 24110 21581 28022 750250 71364 37844 10862 106698 42949 36765 41903
internal_count=2048690 1298440 834536 463904 797771 728044 328144 69727 8977 133318 300122 220363 60750 198782 92084 43530 27273 15490 61954 24110 21581 28022 750250 71364 37844 10862 106698 42949 36765 41903
is_linear=0
shrinkage=0.05


Tree=33
num_leaves=31
num_cat=0
split_feature=11 11 17 15 11 11 16 15 16 0 17 15 14 15 11 11 11 17 15 1 15 11 11 15 16 0 18 11 0 14
split_gain=694872 87529.9 27796.4 18644.3 11427.4 6412.31 6223.29 4372.94 3337.44 3195.08 3401.06 3006.62 2673.05 2797.78 2649.83 2492.14 2460.02 2268.12 2008.72 1938.76 1726.8 5842.85 1522.84 1500.84 1402.36 1319.26 1230.51 1203.33 1203.18 1180.84
threshold=-0.83333333333333315 10.833333333333334 318.00000000000006 98.995145631067984 1.0000000180025095e-35 3.1666666666666674 0.21688681631710352 0.078222778473091378 15.278781333539966 -1.0000000180025095e-35 39.500000000000007 27.850199401794619 1.7199379676144053 87.584965437788028 17.166666666666668 95.166666666666671 19.833333333333339 30.500000000000004 0.17992805755395685 1.0000000180025095e-35 27.850199401794619 32.166666666666679 28.166666666666668 -0.99693251533742322 -0.84841212603516436 -0.9159756150367534 0.74083669161389376 175.50000000000003 -0.98296291314453399 0.53867513459481298
decision_type=2 2 8 10 2 2 10 10 8 2 10 8 2 10 2 2 2 10 8 2 10 2 2 8 10 2 10 2 2 2
left_child=24 2 4 8 6 -6 7 -2 29 10 11 16 13 14 -11 19 -10 -13 -8 -15 -16 22 -22 -4 -1 -12 27 -5 -25 -3
right_child=1 3 23 26 5 -7 18 -9 9 12 25 17 -14 15 20 -17 -18 -19 -20 -21 21 -23 -24 28 -26 -27 -28 -29 -30 -31
leaf_value=-0.018402591023557607 0.00037010415162381008 0.145321790455162 -0.018402591023557607 0.82432996103277389 0 0.018812323251264296 -0.0087486090695838275 -0.0070578580117788073 -0.0049158154189418825 -0.0060688980206935472 0.26080169736764436 -0.007564167101593711 0.0010658118220282732 0.2073572219225433 0.15401204498835314 0.11430759253496632 0.18640235807666558 0.022140854526485221 -0.0092012955117788033 -0.031382354074850842 0.19693445503003382 0.10480287826802411 -0.013076001253046421 0.00046508910320777145 -0.018402591023557607 0.34471197748035398 3.7148098245765464 7.8350129204525061 0.00046508910320777145 0.14340554652170626
leaf_weight=684828 6473 46724 551 15435 609816 121153 18911 2561 7597 6662 26696 3953 25700 2774 22894 4084 13649 5536 42007 10144 1627 50875 11101 2135 63470 65008 94942 15252 34574 31558
leaf_count=684828 6473 46724 551 15435 609816 121153 18911 2561 7597 6662 26696 3953 25700 2774 22894 4084 13649 5536 42007 10144 1627 50875 11101 2135 63470 65008 94942 15252 34574 31558
internal_value=-0.0107854 0.011304 0.001671 0.0287727 -0.000292913 0.00155465 -0.0195992 0.0191277 0.0226376 0.0198966 0.0257545 0.01136 0.0146175 0.018005 0.0214091 -0.000646983 0.0218112 -0.0120403 -0.0253423 -0.0114104 0.0237494 0.0195109 -0.0107872 0.0438862 -0.0491724 0.0305788 0.0452097 0.0365057 0.0451156 0.0316816
internal_weight=2.04869e+06 1.30039e+06 838181 462211 800921 730969 69952 9034 336582 258300 122439 30735 135861 110161 93159 17002 21246 9489 60918 12918 86497 63603 12728 37260 748298 91704 125629 30687 36709 78282
internal_count=2048690 1300392 838181 462211 800921 730969 69952 9034 336582 258300 122439 30735 135861 110161 93159 17002 21246 9489 60918 12918 86497 63603 12728 37260 748298 91704 125629 30687 36709 78282
is_linear=0
shrinkage=0.05


Tree=34
num_leaves=31
num_cat=0
split_feature=5 5 17 5 11 10 5 15 17 0 5 15 18 14 15 17 5 15 15 17 17 0 14 18 0 15 15 17 18 18
split_gain=672097 78030.7 29513.7 19363.3 10864.5 10090.5 4405.71 3304.83 2766.87 1886.35 1772.02 1653.47 1429.78 1372.88 1222.85 7360.69 2461.43 2248.03 2522.82 2231.38 1551.99 1456.85 1834.51 1375.06 1201.3 1131.29 979.029 939.467 925.411 899.554
threshold=-1.0000000180025095e-35 11.500000000000002 318.00000000000006 104.50000000000001 1.0000000180025095e-35 89.500000000000014 3.5000000000000004 6.9196774193548398 14.500000000000002 -0.60355339059327362 9.5000000000000018 7.9096352749047369 0.99930651872399456 0.53867513459481298 27.850199401794619 37.500000000000007 19.500000000000004 31.502577319587633 29.004629629629633 15.500000000000002 17.500000000000004 -0.25881904510252113 0.92016825471890729 0.78583959899749389 -0.98296291314453399 10.004424778761065 -0.88854382332643189 30.500000000000004 0.40038910505836584 0.66709956709956719
decision_type=2 2 8 2 2 2 2 8 10 2 2 10 10 2 8 10 2 8 10 10 10 2 2 10 2 8 10 10 10 10
left_child=26 2 4 5 -2 14 -6 13 10 -7 11 -9 -13 28 16 17 19 18 -16 -3 -21 -17 -23 -18 -4 -12 -1 -20 -8 -5
right_child=1 3 24 29 6 9 7 8 -10 -11 25 12 -14 -15 15 21 23 -19 27 20 -22 22 -24 -25 -26 -27 -28 -29 -30 -31
leaf_value=-0.01748246147237973 -0.0083111786161046367 0.056044280169327193 0.00044183464804738295 3.305731597225428 0 0.23238431570555776 0.015740799292388141 8.7417575499593178e-05 0.047405407629493995 -0.029813236371108331 0.0085587370106190441 -0.0096339332462794594 -0.00083251891034379359 0.03647465080514891 0.00026458331459000561 0.316617973207174 0.2543161505484221 0.025019619529312111 -0.013892072496967068 -0.0043685048148095268 0.090509001512896967 0.10891798123085757 0.092607304714391256 0.26193445807362697 0.00044183464804738295 -0.0062742126698355884 -0.01748246147237973 -0.022012134667068219 0.05853510556348003 4.3290693333477188
leaf_weight=697601 69727 18148 2143 18956 613603 7478 7116 8309 30610 39025 13550 7406 5115 25017 5672 58031 27064 10753 4880 5533 48171 43267 25449 42397 34633 2551 52649 3960 24931 94945
leaf_count=697601 69727 18148 2143 18956 613603 7478 7116 8309 30610 39025 13550 7406 5115 25017 5672 58031 27064 10753 4880 5533 48171 43267 25449 42397 34633 2551 52649 3960 24931 94945
internal_value=-0.0114672 0.0103019 0.00131856 0.0270262 -0.000675426 0.0210462 0.00110653 0.00967818 0.00219348 -0.000592435 -0.00701985 -0.0166491 -0.0281248 0.0185371 0.0244768 0.0213641 0.0278251 -0.00327924 -0.0161177 0.0213369 0.0162148 0.0262764 0.0213502 0.0345366 0.0451245 0.00543755 -0.0491424 -0.0328167 0.0253893 0.0448675
internal_weight=2.04869e+06 1.29844e+06 844711 453729 807935 339828 738208 124605 67541 46503 36931 20830 12521 57064 293325 152012 141313 25265 14512 71852 53704 126747 68716 69461 36776 16101 750250 8840 32047 113901
internal_count=2048690 1298440 844711 453729 807935 339828 738208 124605 67541 46503 36931 20830 12521 57064 293325 152012 141313 25265 14512 71852 53704 126747 68716 69461 36776 16101 750250 8840 32047 113901
is_linear=0
shrinkage=0.05


Tree=35
num_leaves=31
num_cat=0
split_feature=5 5 17 5 11 10 5 1 17 15 15 5 17 1 5 15 5 15 10 17 15 17 15 1 5 17 17 17 5 0
split_gain=664399 73183 29591.7 19671.6 10791.6 7948.29 4075.45 3757.47 6359.46 3547.68 3199.59 2964.53 2606.38 2460.22 3201.29 1911.97 1735.34 1502.97 1384.31 1286.73 4590.89 4429.56 2974.59 3053.74 2196.34 2315.89 1470.72 1240.64 1211.74 1201.3
threshold=-1.0000000180025095e-35 11.500000000000002 318.00000000000006 113.50000000000001 1.0000000180025095e-35 88.500000000000014 3.5000000000000004 1.0000000180025095e-35 99.500000000000014 98.995145631067984 6.9196774193548398 95.500000000000014 14.500000000000002 0.25881904510252057 9.5000000000000018 87.584965437788028 88.500000000000014 7.9096352749047369 116.50000000000001 72.500000000000014 27.850199401794619 30.500000000000004 29.004629629629633 0.25881904510252057 19.500000000000004 15.500000000000002 17.500000000000004 10.500000000000002 32.500000000000007 -0.98296291314453399
decision_type=2 2 8 2 2 2 2 2 10 10 8 2 10 2 2 10 2 8 2 10 8 10 10 2 2 10 10 10 2 2
left_child=-1 2 4 5 -2 19 -6 16 9 11 -8 15 13 14 -12 -9 -7 -15 -18 20 24 22 23 -22 25 -3 -27 -16 -23 -4
right_child=1 3 29 -5 6 7 10 8 -10 -11 12 -13 -14 17 27 -17 18 -19 -20 -21 21 28 -24 -25 -26 26 -28 -29 -30 -31
leaf_value=-0.016608338398760743 -0.0078956196852994053 0.053242066160860801 0.00041974291564501377 4.3298820251522061 0 -0.19332082979927137 0.041998755977584561 0.082628709281780038 0.16008287472677341 -0.11944000483372577 -0.00026937496248198302 0.060082874726773386 0.045035137248019289 0.0017175841248815438 0.0081308001600881152 -0.028322574552552739 0.21117457116366795 -0.0046074599721590559 -0.45221894047070282 0.26248286904720514 0.0031532415638679369 0.019782830823695363 -0.013197468872118635 -0.0069235962046708018 0.23515980113682966 -0.004150079574069032 0.081839332871697409 0.0011265257646312144 0.081293242381377528 0.00041974291564501377
leaf_weight=750250 69727 18148 2143 106561 613603 5262 57064 1331 8485 7974 10512 2233 30610 4034 5642 9848 18196 13800 2139 87922 3045 14396 4880 2198 63084 5533 46330 2943 46164 34633
leaf_count=750250 69727 18148 2143 106561 613603 5262 57064 1331 8485 7974 10512 2233 30610 4034 5642 9848 18196 13800 2139 87922 3045 14396 4880 2198 63084 5533 46330 2943 46164 34633
internal_value=-0.0116836 0.00996045 0.00126067 0.0261569 -0.00073595 0.020389 0.00104002 0.00303959 -0.00900706 -0.0235388 0.00928414 -0.00783627 0.00191957 -0.00702256 0.0054485 -0.0183424 0.0170977 -0.0203768 0.0237202 0.023688 0.0215067 0.0112085 -0.0194063 0.00674232 0.0269758 0.0208789 0.0154995 0.0281013 0.016326 0.0451245
internal_weight=2.04869e+06 1.29844e+06 844711 453729 807935 347168 738208 55468 29871 21386 124605 13412 67541 36931 19097 11179 25597 17834 20335 291700 203778 70683 10123 5243 133095 70011 51863 8585 60560 36776
internal_count=2048690 1298440 844711 453729 807935 347168 738208 55468 29871 21386 124605 13412 67541 36931 19097 11179 25597 17834 20335 291700 203778 70683 10123 5243 133095 70011 51863 8585 60560 36776
is_linear=0
shrinkage=0.05


Tree=36
num_leaves=31
num_cat=0
split_feature=5 5 18 5 11 10 16 5 15 16 5 8 5 5 15 15 8 15 16 14 15 14 18 18 18 5 15 5 5 10
split_gain=657584 66544.9 29436.3 20013.8 10911.1 6313.76 6300.59 4652.65 4388.12 3343.98 3894.13 4332.47 3860.07 3244.7 2421.19 2005.94 1551.31 2053.21 1491.19 1371.31 1293.03 1274.91 1266.72 1253.14 1216.12 1199.46 2791.64 1197.29 1386.16 1196.43
threshold=-1.0000000180025095e-35 11.500000000000002 -1.0000000180025095e-35 117.50000000000001 1.0000000180025095e-35 84.500000000000014 0.21688681631710352 3.5000000000000004 0.078222778473091378 15.278781333539966 33.500000000000007 29.500000000000004 19.500000000000004 100.50000000000001 6.9196774193548398 0.17992805755395685 30.500000000000004 29.004629629629633 -0.84841212603516436 0.53867513459481298 87.584965437788028 1.37940292617945 0.66634491634491644 0.98017837498035532 0.40919661733615226 94.500000000000014 98.995145631067984 28.500000000000004 23.500000000000004 121.50000000000001
decision_type=2 2 10 2 2 2 10 2 10 8 2 2 2 2 8 8 2 10 10 2 10 2 10 10 10 2 10 2 2 2
left_child=18 2 -2 5 6 9 8 -6 -4 -3 11 12 22 20 19 -8 17 -13 -1 -9 21 -7 -11 -22 -16 -25 -27 28 -14 -15
right_child=1 3 4 -5 7 13 15 14 -10 10 -12 16 27 29 24 -17 -18 -19 -20 -21 23 -23 -24 25 -26 26 -28 -29 -30 -31
leaf_value=-0.015777921478822704 0.0003987557698627631 0.14011680158165704 0.0011619388591128218 4.4511181520110545 0 0.18617458073626594 -0.0075008387010344346 0.043612928334613478 -0.0058946251961196653 0.074425595528208807 0.14970981465128511 0.1017023850006626 0.072579756300327966 0.30461172294399436 0.056195429432503774 -0.0079308908211196613 0.0094839644510891219 -0.012537595428512738 -0.015777921478822704 0.032550980466012236 0.018783500784891771 -0.017781347987797781 -0.0079122460326012788 -0.026906445824925386 -0.0005605199662186422 0.057580963032014411 -0.11346800459203976 9.3692070667117378e-05 0.25468600475577841 -0.33825085755347789
leaf_weight=684861 36662 71289 6436 102851 613662 6214 18847 32047 2541 15047 116652 1636 18387 11924 22388 41910 13796 6202 65389 25017 17714 7388 11158 5081 45201 3886 12008 10280 20413 1803
leaf_count=684861 36662 71289 6436 102851 613662 6214 18847 32047 2541 15047 116652 1636 18387 11924 22388 41910 13796 6202 65389 25017 17714 7388 11158 5081 45201 3886 12008 10280 20413 1803
internal_value=-0.0118762 0.00965655 0.0013607 0.025101 -0.000627437 0.0194156 -0.0195328 0.00115818 0.0195667 0.0226445 0.0195146 0.0121075 0.0177745 0.00548335 0.00996486 -0.0253098 -0.00761302 -0.0253764 -0.0491424 0.0175487 -0.000196018 0.0130643 0.0022801 -0.00485797 0.00356197 -0.0131275 -0.00636718 0.0260473 0.030067 0.0271181
internal_weight=2.04869e+06 1.29844e+06 844711 453729 808049 350878 69734 738315 8977 284860 213571 96919 75285 66018 124653 60757 21634 7838 750250 57064 52291 13602 26205 38689 67589 20975 15894 49080 38800 13727
internal_count=2048690 1298440 844711 453729 808049 350878 69734 738315 8977 284860 213571 96919 75285 66018 124653 60757 21634 7838 750250 57064 52291 13602 26205 38689 67589 20975 15894 49080 38800 13727
is_linear=0
shrinkage=0.05


Tree=37
num_leaves=31
num_cat=0
split_feature=5 17 5 18 11 15 1 16 15 18 5 16 15 5 5 15 5 1 17 18 15 14 1 15 17 15 1 5 17 16
split_gain=651817 68354 34886.2 9806.35 8318.14 6720.54 7341.33 5159.5 4265.99 3921.35 3772.5 3933.53 3591.47 4315.35 3193.91 3188.32 2618.45 2279.93 3762.75 2765.56 1704.59 1638.88 2120.36 1584.83 5659.39 2818.15 2545.37 1717.99 1520.11 1491.19
threshold=-1.0000000180025095e-35 122.50000000000001 4.5000000000000009 0.13658572697660648 1.0000000180025095e-35 87.584965437788028 1.0000000180025095e-35 0.21688681631710352 0.078222778473091378 0.80461247525337598 11.500000000000002 15.278781333539966 98.995145631067984 95.500000000000014 17.500000000000004 6.9196774193548398 188.50000000000003 0.25881904510252057 12.500000000000002 0.99930651872399456 0.17992805755395685 4.9060569049471248 -0.3794095225512602 27.850199401794619 31.500000000000004 29.004629629629633 0.25881904510252057 22.500000000000004 28.500000000000004 -0.84841212603516436
decision_type=2 8 2 8 2 10 2 10 10 8 2 8 10 2 2 8 2 2 10 10 8 2 2 10 10 10 2 2 10 10
left_child=29 2 4 -3 7 10 -7 8 -2 16 15 -12 13 -8 28 -4 21 19 -19 -17 -9 -5 -23 27 25 26 -25 -16 -13 -1
right_child=1 3 5 9 -6 6 12 20 -10 -11 11 14 -14 -15 23 17 -18 18 -20 -21 -22 22 -24 24 -26 -27 -28 -29 -30 -31
leaf_value=-0.014989025404881569 0.0011038419161571807 -0.0070650062561206668 0.045380044716092804 0.59961276737985902 0 0.2062892428350864 -0.025561123533679366 -0.0071257967659827132 -0.0055998939363136819 1.1735658578221704 0.1339633723069362 -0.021074213786797327 -0.10779460436243796 0.05470191488041394 0.031605293546875406 0.0093423354025675923 7.2588652339328084 -0.0034103898894192854 0.041951155068341489 0.0077522861503945611 -0.0075343462800636779 -0.02180278651597263 1.7536743947362923 8.9007467133761519e-05 0.089306539567926183 -0.011910715657087146 -0.0063055214708748865 0.22890795861607388 0.086407327784924534 -0.014989025404881569
leaf_weight=684861 5655 14307 46801 25244 623746 11311 14363 15768 2526 112939 71491 9764 9354 3448 20222 28672 17741 15718 9684 8949 39635 11627 10269 2793 115840 5874 2256 33548 8895 65389
leaf_count=684861 5655 14307 46801 25244 623746 11311 14363 15768 2526 112939 71491 9764 9354 3448 20222 28672 17741 15718 9684 8949 39635 11627 10269 2793 115840 5874 2256 33548 8895 65389
internal_value=-0.01204 0.00939816 0.00461741 0.0369269 -0.00231483 0.0159896 -0.00392452 -0.0195427 0.0175223 0.040131 0.0180032 0.0211744 -0.0180177 -0.00484251 0.0175635 0.0101872 0.0303348 0.00284579 -0.00872766 0.0106603 -0.0250158 0.0241727 0.0141624 0.0195989 0.0165478 -0.0178568 0.00953654 0.0267919 -0.00213034 -0.0491424
internal_weight=2.04869e+06 1.29844e+06 1.10631e+06 192127 687330 418983 38476 63584 8181 177820 380507 270683 27165 17811 199192 109824 64881 63023 25402 37621 55403 47140 21896 180533 126763 10923 5049 53770 18659 750250
internal_count=2048690 1298440 1106313 192127 687330 418983 38476 63584 8181 177820 380507 270683 27165 17811 199192 109824 64881 63023 25402 37621 55403 47140 21896 180533 126763 10923 5049 53770 18659 750250
is_linear=0
shrinkage=0.05


Tree=38
num_leaves=31
num_cat=0
split_feature=12 5 5 16 16 0 5 17 15 10 5 1 14 15 5 16 5 17 15 17 15 15 15 17 16 15 16 5 5 5
split_gain=634394 61485.4 20279.7 11409.5 5534.73 4875.55 3515.67 3027.26 2970.14 2697.87 2949.48 4187.41 2886.09 2876.23 2838.96 2648.6 2589.85 2435.71 2893.09 2145.53 1875.52 1788.18 1784.91 1749.89 5021.39 1950.9 1515.48 1938.83 3842.65 2046.48
threshold=1.0000000180025095e-35 11.500000000000002 121.50000000000001 -1.0000000180025095e-35 15.278781333539966 -0.37940952255126065 3.5000000000000004 5.5000000000000009 6.9196774193548398 84.500000000000014 101.50000000000001 1.0000000180025095e-35 0.92016825471890729 98.995145631067984 94.500000000000014 0.21688681631710352 17.500000000000004 9.5000000000000018 7.9096352749047369 57.500000000000007 87.584965437788028 0.61964176362522971 0.078222778473091378 308.00000000000006 1.0000000180025095e-35 0.17992805755395685 19.62627092533635 33.500000000000007 28.500000000000004 21.500000000000004
decision_type=2 2 2 10 8 2 2 8 8 2 2 2 2 10 2 10 2 10 10 10 10 8 10 8 10 10 10 2 2 2
left_child=3 6 4 -1 -3 19 21 15 -8 16 11 12 -11 14 20 22 -7 18 -10 -6 -13 -2 -5 24 25 -9 -18 28 29 -28
right_child=1 2 -4 7 5 9 8 23 17 10 -12 13 -14 -15 -16 -17 26 -19 -20 -21 -22 -23 -24 -25 -26 -27 27 -29 -30 -31
leaf_value=-0.01423957413463749 0 0.12775764393258129 4.464887564931062 0.0010486498203493217 0.058202300365721632 -0.015752057229059171 0.035704318921141412 0.0010486498203493217 0.001830250411419332 0.19597478069333221 0.17221288638441479 0.074734010821992311 -0.14756359121224527 -0.10240487414431598 0.051464587094813656 -0.0071576289660604947 0.093683241780242996 0.0073646718428748599 -0.00036197447343679914 0.35038940573432192 -0.024283067356995505 0 -0.0053527192430540393 -0.058299474909738892 -0.0073281269961289908 -0.0053527192430540393 -0.015232806516460508 0.081641067841825968 -0.010763008639564475 0.17415730404444629
leaf_weight=728148 19626 71579 98548 3253 37727 10121 57025 2920 3249 8984 11674 1567 8596 8244 3296 16169 11998 58621 5716 69128 9811 607776 1013 19872 70458 1118 6114 67184 16052 13103
leaf_count=728148 19626 71579 98548 3253 37727 10121 57025 2920 3249 8984 11674 1567 8596 8244 3296 16169 11998 58621 5716 69128 9811 607776 1013 19872 70458 1118 6114 67184 16052 13103
internal_value=-0.0139646 0.00929953 0.0238355 -0.047241 0.0182675 0.0151318 0.000529246 -0.032591 0.00820032 0.0100343 0.000488768 -0.00589412 0.012463 -0.0199756 -0.00669892 -0.0151431 0.014032 0.0011097 -0.0231623 0.0235632 -0.0185358 -0.000994339 0.0199015 -0.0363693 -0.0328528 0.021372 0.0161759 0.014207 0.00471377 0.0197976
internal_weight=2.04869e+06 1.20574e+06 453726 842951 355178 283599 752013 114803 124611 176744 52172 40498 17580 22918 14674 20435 124572 67586 8965 106855 11378 627402 4266 94368 74496 4038 114451 102453 35269 19217
internal_count=2048690 1205739 453726 842951 355178 283599 752013 114803 124611 176744 52172 40498 17580 22918 14674 20435 124572 67586 8965 106855 11378 627402 4266 94368 74496 4038 114451 102453 35269 19217
is_linear=0
shrinkage=0.05


Tree=39
num_leaves=31
num_cat=0
split_feature=12 11 15 18 16 16 15 0 11 17 9 1 17 15 11 18 15 17 1 12 18 15 11 17 16 11 15 17 11 1
split_gain=623882 53981.9 20686.7 17718.9 7311.27 5837.9 4383.66 3709.72 3122.79 2824.94 2621.31 2554.07 5186.59 2804.28 2262.79 2051.23 1992.02 2633.27 2484.19 3155.98 1956.43 1630.85 1985.1 1854.38 1620.41 1635.35 3600.68 2208.79 1584.8 1940.41
threshold=1.0000000180025095e-35 11.833333333333334 119.4578167819392 -1.0000000180025095e-35 0.21688681631710352 15.278781333539966 0.078222778473091378 -0.37940952255126065 3.1666666666666674 39.500000000000007 84.500000000000014 1.0000000180025095e-35 99.500000000000014 98.995145631067984 17.833333333333339 0.98961031951640777 6.9196774193548398 14.500000000000002 0.25881904510252057 9.9166666666666696 0.40038910505836584 27.850199401794619 22.833333333333339 30.500000000000004 19.62627092533635 33.166666666666679 29.004629629629633 31.500000000000004 181.50000000000003 1.0000000180025095e-35
decision_type=2 2 10 10 10 8 10 2 2 10 2 2 10 10 2 8 8 10 2 2 10 8 2 10 10 2 10 10 2 2
left_child=3 8 5 -1 6 -3 -5 9 -2 21 14 15 13 -13 -9 -12 20 18 19 -18 -10 22 -7 -23 -16 26 -26 -28 29 -4
right_child=1 2 28 4 -6 7 -8 10 16 -11 11 12 -14 -15 24 -17 17 -19 -20 -21 -22 23 -24 -25 25 -27 27 -29 -30 -31
leaf_value=-0.013527595427905615 0 0.12238503780858584 0.49273488226213086 0.0009962173293318556 -0.0067912226162540447 0.0013665105862189721 -0.0050242927710392911 -0.013757053311676516 0.0024308596925619822 0.29211134757691293 0.058698569774333367 -0.023068913989146012 0.13204205178605408 -0.097284630437100367 0.088999079691230776 0.18617604165866553 -0.00032927246912457521 0.045773218989968181 -0.0032879529543371256 0.0069964382507310859 0.041925040838295097 -0.0094525316502855009 0.1910980727442004 0.01094404906327391 0.050870736668696286 0.076668677424056142 -0.010777029442254539 -0.0092362475515738399 8.0416431866845084 0.94164318668450875
leaf_weight=784106 622315 70131 13174 6294 50045 10051 2506 10367 18593 83011 17994 12968 8891 6920 11795 6391 11396 33678 18025 7884 41593 3215 7225 4288 21734 68485 4243 8859 62660 19853
leaf_count=784106 622315 70131 13174 6294 50045 10051 2506 10367 18593 83011 17994 12968 8891 6920 11795 6391 11396 33678 18025 7884 41593 3215 7225 4288 21734 68485 4243 8859 62660 19853
internal_value=-0.0142414 0.00882911 0.0224848 -0.047241 -0.0207792 0.0169452 0.02125 0.0137795 0.000632727 0.0211049 0.00935952 5.45482e-05 -0.0100334 -0.0242257 0.0133018 0.0119602 0.00764396 0.00197019 -0.00718 0.00529564 0.0143356 0.0062896 0.014743 -0.0131747 0.0153167 0.0133124 0.00449248 -0.0162113 0.0431276 0.0342644
internal_weight=2.04869e+06 1.20574e+06 452255 842951 58845 356568 8800 286437 753484 107790 178647 53164 28779 19888 125483 24385 131169 70983 37305 19280 60186 24779 17276 7503 115116 103321 34836 13102 95687 33027
internal_count=2048690 1205739 452255 842951 58845 356568 8800 286437 753484 107790 178647 53164 28779 19888 125483 24385 131169 70983 37305 19280 60186 24779 17276 7503 115116 103321 34836 13102 95687 33027
is_linear=0
shrinkage=0.05


Tree=40
num_leaves=31
num_cat=0
split_feature=18 5 5 12 16 15 9 5 16 17 15 5 15 5 9 5 15 17 5 14 14 15 12 14 15 5 16 5 15 17
split_gain=615551 60768.5 22601.3 9459.62 7312.6 4383.66 4304.84 4137.34 1965.79 4316.33 3770.76 5981.15 3326.66 2963.08 1771.72 1715.98 4034.47 3390.52 1544.7 1938.1 1533.35 1421.58 1399.37 1355.35 1304.11 1299.34 1349.7 1269.28 1225.79 1124.94
threshold=-1.0000000180025095e-35 9.5000000000000018 126.50000000000001 1.0000000180025095e-35 0.21688681631710352 0.078222778473091378 88.500000000000014 100.50000000000001 15.278781333539966 38.500000000000007 27.850199401794619 22.500000000000004 31.502577319587633 12.500000000000002 127.50000000000001 4.5000000000000009 6.9196774193548398 12.500000000000002 184.50000000000003 2.8210421470509401 0.53867513459481298 7.9096352749047369 8.9166666666666696 1.0000000180025095e-35 0.17992805755395685 18.500000000000004 19.62627092533635 28.500000000000004 0.68048396334478822 72.500000000000014
decision_type=10 2 2 2 10 10 2 2 8 10 8 2 8 2 2 2 8 10 2 2 2 10 2 2 8 2 10 2 8 10
left_child=-1 3 6 4 5 -2 8 -8 13 10 11 25 27 -3 -9 28 20 21 19 -4 -17 22 -18 -23 -6 -10 -27 -12 -5 -11
right_child=1 2 18 15 24 -7 7 14 9 29 12 -13 -14 -15 -16 16 17 -19 -20 -21 -22 23 -24 -25 -26 26 -28 -29 -30 -31
leaf_value=-0.012851215656510335 0.00094640646286526294 0.0077651978347351054 0.94092029807840882 0 -0.0060635394470644251 -0.0047730781324873267 -0.021915468289688534 0.20919476127761527 -0.0087737062514752218 0.078249461742808363 0.12509195177452881 0.18789524637878011 0.01485412689111687 0.12756513794578295 -0.61105010688836758 0.037194134611030806 -0.010570796137687567 0.025022771750467233 7.6895610273502841 0.84456102735028371 0.025269601509972664 -0.0021367887422883316 0.0019031355385652482 -0.0048471072995924132 -0.0064601863869447693 0.06665045530440121 -0.0035016882841787836 -0.0096860067354734639 0 0.2181448418594254
leaf_weight=786912 6294 36699 19858 22511 17301 2506 45011 20069 16057 63716 1297 18003 10544 63144 2338 23519 4067 20939 62303 11827 17772 7298 2270 3546 32741 5507 7695 12860 615284 88802
leaf_count=786912 6294 36699 19858 22511 17301 2506 45011 20069 16057 63716 1297 18003 10544 63144 2338 23519 4067 20939 62303 11827 17772 7298 2270 3546 32741 5507 7695 12860 615284 88802
internal_value=-0.014473 0.00717087 0.0210405 -0.00151015 -0.0207828 0.02125 0.0157576 0.00426147 0.0181473 0.0155512 0.00545767 0.013732 -0.0103741 0.0239842 0.0218168 7.10396e-05 0.00700218 -0.00472718 0.0430598 0.0340713 0.0178308 -0.0211891 -0.00237494 -0.0321837 -0.0281743 -0.000220445 0.0113998 -0.0262096 -0.000791947 0.0203137
internal_weight=2.04869e+06 1.26178e+06 485730 776048 58842 8800 391742 67418 324324 224481 71963 47262 24701 99843 22407 717206 79411 38120 93988 31685 41291 17181 6337 10844 50042 29259 13202 14157 637795 152518
internal_count=2048690 1261778 485730 776048 58842 8800 391742 67418 324324 224481 71963 47262 24701 99843 22407 717206 79411 38120 93988 31685 41291 17181 6337 10844 50042 29259 13202 14157 637795 152518
is_linear=0
shrinkage=0.05


Tree=41
num_leaves=31
num_cat=0
split_feature=18 5 5 11 16 15 10 5 15 5 16 5 11 5 16 10 16 5 13 0 15 5 15 18 0 15 18 18 15 13
split_gain=606305 55171.1 23749.3 9937.86 6300.59 4388.12 3689.98 3459.92 2005.94 1827.27 4035.57 2877.33 6331.31 2845.34 1882.46 1728.49 1703.56 1590.54 2060.29 1849.62 1574.24 1563.82 4043.33 3094.63 1503.53 1439.9 1355.5 1228.23 1227.21 1175.95
threshold=-1.0000000180025095e-35 9.5000000000000018 126.50000000000001 1.0000000180025095e-35 0.21688681631710352 0.078222778473091378 84.500000000000014 100.50000000000001 0.17992805755395685 17.500000000000004 19.62627092533635 33.500000000000007 28.833333333333339 22.500000000000004 30.001408450704229 127.50000000000001 15.278781333539966 188.50000000000003 1.7926456271808611 1.0000000180025095e-35 27.850199401794619 4.5000000000000009 6.9196774193548398 0.63120503301685349 -1.0000000180025095e-35 7.9096352749047369 0.58851017042330966 0.99930651872399456 87.584965437788028 1.0000000180025095e-35
decision_type=10 2 2 2 10 10 2 2 8 2 10 2 2 2 10 2 8 2 2 2 10 2 8 10 2 10 10 10 10 2
left_child=-1 3 6 4 5 -2 9 28 -6 16 -11 12 13 -12 20 -9 -3 18 -4 -20 -14 -5 29 -24 -13 27 -18 -25 -8 -23
right_child=1 2 17 21 8 -7 7 15 -10 10 11 24 14 -15 -16 -17 26 -19 19 -21 -22 22 23 25 -26 -27 -28 -29 -30 -31
leaf_value=-0.012208654873684817 0.00089908613972199982 0.018373409271075402 0.97217246755009867 0 -0.0057603624747112041 -0.0045344242258629599 0.089019709073430431 0.19970996475601696 -0.0061371770675975306 0.19787552217081095 0.0029977810309144816 0.24746614326533989 0.088806240282237076 0.19002274259181196 0.0096541402655544676 -0.48762466046239583 0.064267951349821925 7.4550829759827693 1.8432443499494227 -0.32332584803649245 -0.0092017063986997282 0.03379923529081421 0.019861354045857205 -0.0095388402896238855 0.067738397670002823 -0.0020299493051739504 -0.021857791800653281 0.0018079787616369636 -0.020819694875203965 0.028026043197568073
leaf_weight=786912 6436 70192 23800 626879 18847 2541 13609 19626 41910 47064 13894 56183 1944 22639 11200 2719 14269 59442 6374 4372 12225 23905 22730 3050 58441 10056 9042 2286 38695 17408
leaf_count=786912 6436 70192 23800 626879 18847 2541 13609 19626 41910 47064 13894 56183 1944 22639 11200 2719 14269 59442 6374 4372 12225 23905 22730 3050 58441 10056 9042 2286 38695 17408
internal_value=-0.0147347 0.00674608 0.0199615 -0.00152549 -0.0195328 0.0195667 0.0145461 0.0045446 -0.0253098 0.0169006 0.0193551 0.0158866 0.00720009 0.0205253 -0.011989 0.0210136 0.0110312 0.0425331 0.034001 0.0158291 -0.0240984 0.000252367 0.00686158 -0.0048817 0.0205777 -0.0221933 -0.000679937 -0.0011994 -0.00249121 0.0176978
internal_weight=2.04869e+06 1.26178e+06 485730 776048 69734 8977 391742 74649 60757 317093 223590 176526 61902 36533 25369 22345 93503 93988 34546 10746 14169 706314 79435 38122 114624 15392 23311 5336 52304 41313
internal_count=2048690 1261778 485730 776048 69734 8977 391742 74649 60757 317093 223590 176526 61902 36533 25369 22345 93503 93988 34546 10746 14169 706314 79435 38122 114624 15392 23311 5336 52304 41313
is_linear=0
shrinkage=0.05


Tree=42
num_leaves=31
num_cat=0
split_feature=18 5 5 12 16 10 5 5 17 16 5 17 10 5 5 5 18 0 10 17 0 0 0 16 18 16 5 0 0 18
split_gain=604210 52323.8 23391.6 9562.23 7312.6 3409.8 3748.33 2193.88 2054.89 2532.05 3121.2 1677.33 1807.73 5050.32 2958.15 1672.2 2345.75 1726.26 1647.59 1372.47 1157.19 1459.67 1099.93 1079.62 1032.87 1303.23 914.95 877.583 839.564 702.062
threshold=-1.0000000180025095e-35 9.5000000000000018 126.50000000000001 1.0000000180025095e-35 0.21688681631710352 89.500000000000014 102.50000000000001 4.5000000000000009 82.500000000000014 15.278781333539966 16.500000000000004 18.500000000000004 28.500000000000004 31.500000000000004 22.500000000000004 201.50000000000003 0.79277003484320574 1.0000000180025095e-35 127.50000000000001 6.5000000000000009 -0.5 0.98296291314453421 -0.37940952255126065 1.0000000180025095e-35 0.81023570493234398 20.00179856115108 28.500000000000004 -0.60355339059327362 -0.9159756150367534 0.95242809995285249
decision_type=10 2 2 2 10 2 2 2 10 8 2 10 2 2 2 2 10 2 2 10 2 2 2 10 10 10 2 2 2 10
left_child=23 3 5 4 -2 8 27 -5 9 10 -3 -11 14 24 -13 16 17 -4 -8 -9 -6 -22 28 -1 -14 -26 -16 -7 -10 -30
right_child=1 2 15 7 20 6 18 19 22 11 -12 12 13 -15 26 -17 -18 -19 -20 -21 21 -23 -24 -25 25 -27 -28 -29 29 -31
leaf_value=-0.011598222130000575 0.00085413183273589993 0.017071892710486748 1.2486384924488398 0 -0.0058217933127142282 0.15287662358218201 0.20456480395055934 0.019232143199014076 0.32657600964538203 -0.0097490751113850759 0.21746400069013722 0.032978300188802302 0.011944652016367031 0.046255568782392592 0.18564944632312042 7.9165450807687989 1.1192843438237774 -0.39812603214577535 -0.45797609197460576 0.0062962602729427219 -0.0058217933127142282 0.076925190351757336 0.11382448725816766 -0.011943794486926002 0.065186731877042811 -0.0087416210787647948 0.072876014219501614 -0.022063207461934554 0.63025402358948035 0.043619763078190488
leaf_weight=746541 8800 67308 7005 637795 17649 7105 17558 7891 13656 8344 31918 31384 6596 72424 20267 54494 28548 3941 2630 71520 30367 2026 30074 40371 1505 12234 4527 38004 24254 1954
leaf_count=746541 8800 67308 7005 637795 17649 7105 17558 7891 13656 8344 31918 31384 6596 72424 20267 54494 28548 3941 2630 71520 30367 2026 30074 40371 1505 12234 4527 38004 24254 1954
internal_value=-0.0147942 0.00664939 0.0195193 -0.00140591 -0.0207828 0.0141448 0.00371457 0.000183838 0.0162311 0.0141597 0.020414 0.0102139 0.011436 0.00714917 0.0185144 0.0419202 0.0340862 0.0144071 0.0216218 0.00802093 -0.0281743 -0.0337866 0.0238282 -0.0491781 -0.0148685 -0.0226763 0.0314229 -0.00429959 0.0292745 0.0345124
internal_weight=2.04869e+06 1.26178e+06 485730 776048 58842 391742 65297 717206 326445 256507 99226 157281 148937 92759 56178 93988 39494 10946 20188 79411 50042 32393 69938 786912 20335 13739 24794 45109 39864 26208
internal_count=2048690 1261778 485730 776048 58842 391742 65297 717206 326445 256507 99226 157281 148937 92759 56178 93988 39494 10946 20188 79411 50042 32393 69938 786912 20335 13739 24794 45109 39864 26208
is_linear=0
shrinkage=0.05


Tree=43
num_leaves=31
num_cat=0
split_feature=18 5 5 11 10 1 18 5 15 17 5 1 13 15 17 15 17 10 15 13 14 5 18 17 1 18 15 11 5 10
split_gain=597431 51327.9 22879.9 9011.74 4927.16 5644.26 3259.59 2969.21 4225.39 8444.74 2905.1 3117.09 2787.72 2556.11 3143.75 2870.89 2253.17 1789.69 1763.88 1731.71 1508.84 1154.83 1100.7 1003.74 2582.95 2855.77 1109.19 2085.39 1398.69 956.258
threshold=-1.0000000180025095e-35 108.50000000000001 4.5000000000000009 1.0000000180025095e-35 89.500000000000014 1.0000000180025095e-35 0.99930651872399456 18.500000000000004 27.850199401794619 30.500000000000004 182.50000000000003 1.0000000180025095e-35 0.64395055085937891 6.9196774193548398 9.5000000000000018 7.9096352749047369 67.500000000000014 76.500000000000014 89.32000632111253 2.2586347517122234 0.53867513459481298 78.500000000000014 0.80870695256660186 12.500000000000002 0.25881904510252057 0.91672445677300052 9.8576036866359456 9.5000000000000018 11.500000000000002 14.500000000000002
decision_type=10 2 2 2 2 2 10 2 10 10 2 2 2 8 10 10 10 2 10 2 2 2 10 10 2 8 8 2 2 2
left_child=-1 2 3 -2 7 12 -7 13 22 -10 11 19 -6 20 15 -15 -11 -18 -8 -3 -4 -19 -9 24 25 -16 27 -26 -28 -25
right_child=1 10 4 -5 5 6 18 8 9 16 -12 -13 -14 14 23 -17 17 21 -20 -21 -22 -23 -24 29 26 -27 28 -29 -30 -31
leaf_value=-0.011018311023500545 -0.0051842942108330349 0.45850216309618191 0.046223084595746179 0 0.18010715810707367 -0.0048766175620038156 0.059887911294749331 0.15861581901743521 -0.0083045400248265011 0.022866080709791348 6.4865015731451905 0.62757673749733878 -0.062931696497320652 0.0014027668099079627 -0.010400150084278793 -0.00041928495694243395 0.26274582986370004 -0.043771696862737741 -0.089180480383903679 -0.1196160301294583 0.032628792436938572 0.059893691608723293 0.17636697400696449 0.042335572611220056 -0.00937671128878983 0.0044860913473796947 -0.0085002130562512167 0.025846236384712729 0.014105260927341679 0.011923275755560426
leaf_weight=786912 69734 13334 29304 626879 12145 13039 1087 34010 9420 57921 63428 25700 10611 3137 6351 5706 53624 7886 12867 7901 23318 19474 41950 54298 3059 6488 5052 1967 645 41443
leaf_count=786912 69734 13334 29304 626879 12145 13039 1087 34010 9420 57921 63428 25700 10611 3137 6351 5706 53624 7886 12867 7901 23318 19474 41950 54298 3059 6488 5052 1967 645 41443
internal_value=-0.0149877 0.00633531 0.00321318 -0.00248187 0.0119362 -0.00291363 -0.018377 0.0137601 0.0176033 0.0126921 0.0389084 0.029478 0.0154289 0.00899164 0.00518159 -0.0235836 0.0157989 0.0211844 -0.0351727 0.0153026 0.0182699 0.0107785 0.0271933 0.00731373 -0.00193108 0.0131981 -0.0200457 -0.00292479 -0.0351501 0.00958889
internal_weight=2.04869e+06 1.26178e+06 1.15142e+06 696613 454802 49749 26993 405053 224285 148325 110363 46935 22756 180768 128146 8843 138905 80984 13954 21235 52622 27360 75960 119303 23562 12839 10723 5026 5697 95741
internal_count=2048690 1261778 1151415 696613 454802 49749 26993 405053 224285 148325 110363 46935 22756 180768 128146 8843 138905 80984 13954 21235 52622 27360 75960 119303 23562 12839 10723 5026 5697 95741
is_linear=0
shrinkage=0.05


Tree=44
num_leaves=31
num_cat=0
split_feature=12 5 5 16 0 17 1 5 16 10 1 17 14 15 5 14 15 17 16 15 17 5 16 15 17 15 5 5 5 15
split_gain=588059 45432.7 16950.4 11409.5 3168.74 3027.26 2653.58 3656.1 2648.6 2384.86 2039.91 4803.13 3369.74 2696.88 2175.59 1931.89 1784.91 1749.89 5021.39 1950.9 1745.05 1686.53 4615.14 2944.37 2462.39 1906.64 1875.72 2790.91 3135.3 1675.41
threshold=1.0000000180025095e-35 124.50000000000001 4.5000000000000009 -1.0000000180025095e-35 -0.37940952255126065 5.5000000000000009 1.0000000180025095e-35 238.50000000000003 0.21688681631710352 84.500000000000014 1.0000000180025095e-35 99.500000000000014 0.92016825471890729 98.995145631067984 94.500000000000014 3.0115297622680886 0.078222778473091378 308.00000000000006 1.0000000180025095e-35 0.17992805755395685 99.500000000000014 16.500000000000004 19.62627092533635 6.9196774193548398 9.5000000000000018 7.9096352749047369 33.500000000000007 28.500000000000004 21.500000000000004 0.61964176362522971
decision_type=2 2 2 10 2 8 2 2 10 2 2 10 2 10 2 2 10 8 10 10 10 2 10 8 10 10 2 2 2 8
left_child=3 2 29 -1 20 8 7 15 16 21 12 13 -11 14 -12 -3 -5 18 19 -7 -4 23 -23 -6 25 -25 27 28 -24 -2
right_child=1 6 4 5 9 17 -8 -9 -10 10 11 -13 -14 -15 -16 -17 -18 -19 -20 -21 -22 22 26 24 -26 -27 -28 -29 -30 -31
leaf_value=-0.010467395472325515 0 0.63557705494137273 0.061883397788198027 0.0010706399516407566 0.028548705152078881 0.0010706399516407566 3.9621764944879319 6.6774271553782061 -0.0052800138380402909 0.17110180020171983 -0.01421652573915182 0.062957726878164519 -0.1149811444892464 -0.084721456364708569 0.053528552848972316 0.094273060889171145 -0.0041519854055270013 -0.052324301208671847 -0.0054419869666053611 -0.0041519854055270013 0.63276366325038014 0.14839465551461153 -0.027456771371197244 0.0013326284694125336 0.0042617867800107236 -0.00039832070909531227 0.061243317582087897 -0.0078893130235851323 0.13196402038035179 0
leaf_weight=728148 20069 10458 148312 3253 28454 2920 54871 18839 16169 10470 10510 10843 13373 6919 2393 11590 1013 19872 70458 1118 30480 35371 6728 2160 62215 4805 67192 16052 13103 620532
leaf_count=728148 20069 10458 148312 3253 28454 2920 54871 18839 16169 10470 10510 10843 13373 6919 2393 11590 1013 19872 70458 1118 30480 35371 6728 2160 62215 4805 67192 16052 13103 620532
internal_value=-0.0152028 0.00719559 0.00434485 -0.047241 0.0115631 -0.032591 0.04024 0.0305977 -0.0151431 0.00834067 -0.00108608 -0.0096152 0.0098834 -0.0242508 -0.0107456 0.016777 0.0199015 -0.0363693 -0.0328528 0.021372 0.0168005 0.0105172 0.0140661 0.00548477 -8.38393e-05 -0.0282771 0.00871841 -0.000511384 0.0120342 -0.000944113
internal_weight=2.04869e+06 1.20574e+06 1.10998e+06 842951 469380 114803 95758 40887 20435 290588 54508 30665 23843 19822 12903 22048 4266 94368 74496 4038 178792 236080 138446 97634 69180 6965 103075 35883 19831 640601
internal_count=2048690 1205739 1109981 842951 469380 114803 95758 40887 20435 290588 54508 30665 23843 19822 12903 22048 4266 94368 74496 4038 178792 236080 138446 97634 69180 6965 103075 35883 19831 640601
is_linear=0
shrinkage=0.05


Tree=45
num_leaves=31
num_cat=0
split_feature=18 5 5 5 0 10 1 5 1 17 14 15 5 14 5 15 5 15 17 15 17 15 17 5 15 18 1 0 14 5
split_gain=583140 47625.1 20428.7 7854 3023.61 2388.56 2332.42 3309.81 2007.31 4278.49 3283 2747.9 2065.42 1814.57 1800.11 3583.45 3178.91 2897.58 2507.9 1906.64 1734.54 1898.98 2096.08 1854.32 1494.09 1448.85 3229.63 1593.02 1401.23 1235.06
threshold=-1.0000000180025095e-35 129.50000000000003 4.5000000000000009 1.0000000180025095e-35 -0.37940952255126065 84.500000000000014 1.0000000180025095e-35 241.50000000000003 1.0000000180025095e-35 99.500000000000014 0.92016825471890729 98.995145631067984 95.500000000000014 3.0115297622680886 18.500000000000004 27.850199401794619 33.500000000000007 6.9196774193548398 9.5000000000000018 7.9096352749047369 55.500000000000007 27.850199401794619 30.500000000000004 23.500000000000004 87.584965437788028 0.89668856048166401 0.1294095225512602 -0.9159756150367534 1.0000000180025095e-35 28.500000000000004
decision_type=10 2 2 2 2 2 2 2 2 10 2 10 2 2 2 10 2 8 10 10 10 8 10 2 10 10 2 2 2 2
left_child=-1 2 3 28 20 14 7 13 10 11 -7 12 24 -3 17 -16 29 -6 19 -19 21 23 -23 -4 -10 27 -27 -22 -2 -17
right_child=1 6 4 -5 5 8 -8 -9 9 -11 -12 -13 -14 -15 15 16 -18 18 -20 -21 25 22 -24 -25 -26 26 -28 -29 -30 -31
leaf_value=-0.0099440256987092367 -0.0046499406264680129 0.70380965641998905 0.031148123355744906 0 0.028164079324847172 0.16254671019163355 4.2951020770686412 6.4593366828771339 0.057604342016969672 0.043994561559630802 -0.10846773685236642 -0.080485383546473346 0.055569550389198245 0.12660479576883929 0.15198610629572207 0.10665138440612375 0.057473211303472028 0.0012659970459418801 0.0040486974410101515 -0.00037840467364054221 0.22946231526863842 -0.010277381245292717 0.0026211808882576904 0.17795039757724604 -0.017720892593288795 0.23868129010813277 -0.037963316162060327 0.4611309494067346 -0.018512973244173055 -0.0074948473724058221
leaf_weight=786912 58370 9156 78573 613146 28847 10951 51907 18580 1576 13080 14369 6919 1548 11014 43778 3536 65842 2160 72063 4805 21206 3522 9731 13458 9779 5782 8990 38904 25097 15089
leaf_count=786912 58370 9156 78573 613146 28847 10951 51907 18580 1576 13080 14369 6919 1548 11014 43778 3536 65842 2160 72063 4805 21206 3522 9731 13458 9779 5782 8990 38904 25097 15089
internal_value=-0.0153947 0.00567164 0.00296895 -0.00248129 0.0109703 0.00784767 0.0405854 0.0313032 -0.00122291 -0.00936721 0.00936019 -0.0240137 -0.0103813 0.0172781 0.0100843 0.0140883 0.0080712 0.00532422 0.000373285 -0.0282771 0.0160718 0.0119344 -0.00576096 0.0144826 -0.0177675 0.0218891 0.00785946 0.0253369 -0.0168707 -0.0101664
internal_weight=2.04869e+06 1.26178e+06 1.17112e+06 696613 474508 294342 90657 38750 58222 32902 25320 19822 12903 20170 236120 128245 84467 107875 79028 6965 180166 105284 13253 92031 11355 74882 14772 60110 83467 18625
internal_count=2048690 1261778 1171121 696613 474508 294342 90657 38750 58222 32902 25320 19822 12903 20170 236120 128245 84467 107875 79028 6965 180166 105284 13253 92031 11355 74882 14772 60110 83467 18625
is_linear=0
shrinkage=0.05


Tree=46
num_leaves=31
num_cat=0
split_feature=18 5 5 6 16 15 15 18 1 15 15 5 18 1 17 1 5 15 0 16 5 5 5 17 15 17 15 10 15 18
split_gain=573064 46520.6 17718.1 7751.67 5241.69 4175.72 3140.84 2767.55 10524.3 4432.91 2897.63 3547.95 2864.86 2195.05 2368.67 2090.46 3018.99 2018.79 1983.43 1906.45 1829.34 1628.33 1599.64 1746.48 3164.06 4377.88 1784.86 1559.21 2464.66 1920.67
threshold=-1.0000000180025095e-35 136.50000000000003 4.5000000000000009 1.0000000180025095e-35 0.21688681631710352 0.078222778473091378 0.17992805755395685 0.93344988344988356 1.0000000180025095e-35 87.584965437788028 7.9096352749047369 9.5000000000000018 0.9923175290182964 0.25881904510252057 12.500000000000002 1.0000000180025095e-35 248.50000000000003 6.9196774193548398 0.37940952255126054 9.5723562152133592 79.500000000000014 23.500000000000004 76.500000000000014 36.500000000000007 27.850199401794619 20.500000000000004 43.380749354005175 31.500000000000004 29.004629629629633 0.9923175290182964
decision_type=10 2 2 2 10 10 8 10 2 10 10 2 10 2 10 2 2 10 2 8 2 2 2 10 10 10 10 2 8 10
left_child=-1 2 3 4 5 -2 -6 13 27 10 -10 -12 -11 18 17 16 -3 -15 21 -13 22 -4 23 24 25 -21 -25 28 -9 -29
right_child=1 15 7 -5 6 -7 -8 8 9 12 11 19 -14 14 -16 -17 -18 -19 -20 20 -22 -23 -24 26 -26 -27 -28 29 -30 -31
leaf_value=-0.0094468244137737752 0.0012496049853821193 0.55628674190208049 0.028537000825809677 0 -0.0044174435951446125 -0.0036510985940652048 -0.0047835161148148762 0.013967797256633574 0.024184936079338339 -0.0047658184107156392 -0.0021834643365785666 0.026095710994666278 -0.076461114369149652 0.0077511688805054664 0.090376337698301432 4.7493125659101043 6.3136484958942916 -0.0078864580384342634 0.0090342369370916224 -0.0059782870352431241 0.054724124916121046 0.20869375104833043 -0.065338022111284033 0.19309812772726787 -0.0076722762384537901 0.14913566028682279 0.001456984684256213 0.078079823197993656 -0.035835370888285388 0.15441937468205183
leaf_weight=786912 6624 17898 68355 613949 19570 2686 53784 35395 8633 10683 3815 4488 14793 6014 101508 48068 18091 5537 63731 17896 6202 72186 3017 3882 11604 6388 8886 10363 2284 15448
leaf_count=786912 6624 17898 68355 613949 19570 2686 53784 35395 8633 10683 3815 4488 14793 6014 101508 48068 18091 5537 63731 17896 6202 72186 3017 3882 11604 6388 8886 10363 2284 15448
internal_value=-0.0156879 0.00519572 0.00263084 -0.00246579 -0.0168399 0.0185016 -0.0213254 0.0100104 0.00473174 -0.00535314 0.000781302 -0.00277282 -0.0233671 0.0127348 0.0183245 0.0411322 0.0320195 -0.0031296 0.00964107 9.05986e-05 -0.00234384 0.0129589 -0.00542353 -0.0032329 -0.00888319 0.00137951 0.0126488 0.0206615 0.0141763 0.0301286
internal_weight=2.04869e+06 1.26178e+06 1.17772e+06 696613 82664 9310 73354 481108 163777 100287 74811 66178 25476 317331 113059 84057 35989 11551 204272 62363 57875 140541 51673 48656 35888 24284 12768 63490 37679 25811
internal_count=2048690 1261778 1177721 696613 82664 9310 73354 481108 163777 100287 74811 66178 25476 317331 113059 84057 35989 11551 204272 62363 57875 140541 51673 48656 35888 24284 12768 63490 37679 25811
is_linear=0
shrinkage=0.05


Tree=47
num_leaves=31
num_cat=0
split_feature=18 5 5 11 16 15 10 1 17 13 15 17 15 17 5 16 18 5 5 15 5 15 17 1 12 15 18 5 15 17
split_gain=569798 45075.7 16236.4 9741.87 6309.98 4393.39 3146.34 3655.1 5768.93 3274.06 3075.07 2983.61 3257.56 5576.06 5290.54 3311.9 2064.15 2354.68 2016.07 2005.94 1838.52 1533.06 1429.09 1279.83 1136.25 2277.99 1658.44 1570.29 1452.97 2035.44
threshold=-1.0000000180025095e-35 137.50000000000003 9.5000000000000018 1.0000000180025095e-35 0.21688681631710352 0.078222778473091378 84.500000000000014 1.0000000180025095e-35 99.500000000000014 0.64395055085937891 98.995145631067984 82.500000000000014 27.850199401794619 30.500000000000004 22.500000000000004 15.278781333539966 0.78583959899749389 252.50000000000003 16.500000000000004 0.17992805755395685 94.500000000000014 87.584965437788028 28.500000000000004 0.1294095225512602 8.9166666666666696 6.9196774193548398 0.64175113736132183 4.5000000000000009 6.9196774193548398 12.500000000000002
decision_type=10 2 2 2 10 10 2 2 10 2 10 10 8 10 2 8 10 2 2 8 2 10 10 2 2 10 10 2 8 10
left_child=-1 2 3 4 5 -2 11 9 10 -8 20 12 14 -14 15 18 17 23 -4 -6 21 -9 -17 -3 27 -26 -27 -5 -29 -30
right_child=1 16 6 24 19 -7 7 8 -10 -11 -12 -13 13 -15 -16 22 -18 -19 -20 -21 -22 -23 -24 -25 25 26 -28 28 29 -31
leaf_value=-0.0089744831930850862 0.0011871247361130135 0.11089002982160423 0.014508220213301649 0 -0.0041965714153873821 -0.0034685436643619445 0.14669840594794933 0.051987918670315027 0.053509493703460011 0.0035787156867250758 -0.07263805865069202 0.3000235174346802 -0.0067364911918627261 0.022874123430975148 0.17249012875075867 -0.016861027562954156 3.7238721313656189 5.9049065386707245 0.14291554966399445 -0.0045443403090741318 0.045093909340926788 -0.018881054373579079 0.037366573062055507 2.3128574592028843 0.064815034877393221 -0.013367785862319792 -0.0020742911197496384 0.018292759085881505 -0.013852670705578874 0.028872941191654334
leaf_weight=786912 6436 9087 66939 624315 18847 2541 17352 2420 22438 20731 7988 60898 10295 81156 40308 21222 59919 11263 18942 41910 3189 10793 17645 3145 6213 7413 8612 36098 8963 14700
leaf_count=786912 6436 9087 66939 624315 18847 2541 17352 2420 22438 20731 7988 60898 10295 81156 40308 21222 59919 11263 18942 41910 3189 10793 17645 3145 6213 7413 8612 36098 8963 14700
internal_value=-0.0157834 0.00504059 0.00252621 -0.00169964 -0.0195285 0.0196001 0.0106777 0.0021287 -0.00722645 0.0136321 -0.024059 0.0129647 0.0106026 0.00303277 0.0147968 0.00970837 0.0405603 0.0279996 0.015189 -0.0253098 -0.0116693 -0.0198933 -0.00240178 0.0128107 6.05963e-05 -0.0110621 -0.0210265 0.000422175 0.00816502 -0.00146431
internal_weight=2.04869e+06 1.26178e+06 1.17836e+06 776048 69734 8977 402316 84911 46828 38083 24390 317405 256507 91451 165056 124748 83414 23495 85881 60757 16402 13213 38867 12232 706314 22238 16025 684076 59761 23663
internal_count=2048690 1261778 1178364 776048 69734 8977 402316 84911 46828 38083 24390 317405 256507 91451 165056 124748 83414 23495 85881 60757 16402 13213 38867 12232 706314 22238 16025 684076 59761 23663
is_linear=0
shrinkage=0.05


Tree=48
num_leaves=31
num_cat=0
split_feature=18 5 5 11 16 15 18 1 15 15 18 5 15 17 16 1 5 5 16 15 1 10 5 15 17 15 15 7 18 18
split_gain=564065 43403.7 14783.6 9206.02 6309.98 4393.39 2635.77 10550.1 4749.6 2942.72 2878.85 2189.44 2578.78 2677.16 3299.04 2140.63 3130.69 2101.1 2298.95 2005.94 1759.38 1660.14 1548.19 1851.37 1524.24 3578.93 2525.97 2338.29 1517.22 1386.17
threshold=-1.0000000180025095e-35 145.50000000000003 4.5000000000000009 1.0000000180025095e-35 0.21688681631710352 0.078222778473091378 0.93344988344988356 1.0000000180025095e-35 87.584965437788028 6.9196774193548398 0.9923175290182964 10.500000000000002 14.19788232943762 17.500000000000004 15.278781333539966 1.0000000180025095e-35 248.50000000000003 19.500000000000004 19.62627092533635 0.17992805755395685 0.25881904510252057 145.50000000000003 34.500000000000007 29.004629629629633 36.500000000000007 27.850199401794619 43.380749354005175 21.500000000000004 0.9923175290182964 0.66709956709956719
decision_type=10 2 2 2 10 10 10 2 10 10 10 2 10 10 10 2 2 2 10 8 2 2 2 8 10 10 10 2 10 10
left_child=-1 2 3 4 5 -2 17 22 9 -9 -10 -11 -13 20 -15 16 -3 -4 -19 -6 -14 29 23 -8 25 27 -26 -16 -24 -20
right_child=1 15 6 -5 19 -7 7 8 10 11 -12 12 13 14 24 -17 -18 18 21 -21 -22 -23 28 -25 26 -27 -28 -29 -30 -31
leaf_value=-0.0085257590334308301 0.0011277684993073629 0.42444064586671715 0.020098423704379 0 -0.0039867428446180124 -0.0032951164811438473 0.013782809202636593 0.04563265325302264 -0.0041380694585569705 -0.0019705765637621831 -0.0690061557181572 0.091034867491377999 0.01478011341723038 0.15988415362195171 -0.016337987061464967 5.0256533310463176 5.7527207441660408 0.21131727915020448 0.29220545894932287 -0.0043171232936204248 -0.0064047836941460547 -0.96098719392684306 0.085466217235750375 -0.033706777784277976 0.20998240872732732 -0.0069518378669380715 -0.00057901295343683052 0.11426291992579873 0.13936348565055212 0.05084910013023354
leaf_weight=786912 6436 15375 135250 626879 18847 2541 35584 6798 11491 11316 15644 4762 920 4978 4296 45190 18091 23431 65390 41910 4568 2641 10418 4192 4204 11554 17283 4162 14201 93426
leaf_count=786912 6436 15375 135250 626879 18847 2541 35584 6798 11491 11316 15644 4762 920 4978 4296 45190 18091 23431 65390 41910 4568 2641 10418 4192 4204 11554 17283 4162 14201 93426
internal_value=-0.0159518 0.00476716 0.00237609 -0.00229475 -0.0195285 0.0196001 0.00906407 0.00395892 -0.00604652 0.000450956 -0.0239672 -0.00268286 0.001323 -0.00190417 0.00199561 0.0407331 0.031148 0.0117171 0.0151816 -0.0253098 -0.0349308 0.0130577 0.0198036 0.0137042 -0.00261814 -0.0125475 0.00662959 0.012166 0.029658 0.0137115
internal_weight=2.04869e+06 1.26178e+06 1.18312e+06 696613 69734 8977 486509 166371 101976 74841 27135 68043 56727 51965 46477 78656 33466 320138 184888 60757 5488 161457 64395 39776 41499 20012 21487 8458 24619 158816
internal_count=2048690 1261778 1183122 696613 69734 8977 486509 166371 101976 74841 27135 68043 56727 51965 46477 78656 33466 320138 184888 60757 5488 161457 64395 39776 41499 20012 21487 8458 24619 158816
is_linear=0
shrinkage=0.05


Tree=49
num_leaves=31
num_cat=0
split_feature=18 5 5 11 16 10 1 17 14 17 1 5 11 10 17 16 5 16 17 10 5 5 5 17 5 1 16 18 14 14
split_gain=562384 42558.3 14508.8 9206.02 6309.98 2250.29 3780.51 5397.23 3497.15 3382.78 2166.41 3071.63 1833.43 1495.98 1493.69 3814.28 3408.48 2215.64 1797.68 2123.25 5429.42 1746.74 1404.63 1373.57 1307.09 1210.8 1078.38 1039.07 1038.86 1027.84
threshold=-1.0000000180025095e-35 147.50000000000003 4.5000000000000009 1.0000000180025095e-35 0.21688681631710352 84.500000000000014 1.0000000180025095e-35 99.500000000000014 1.2746500939737988 92.500000000000014 1.0000000180025095e-35 256.50000000000006 98.500000000000014 124.50000000000001 18.500000000000004 19.62627092533635 19.500000000000004 15.278781333539966 22.500000000000004 28.500000000000004 32.500000000000007 23.500000000000004 94.500000000000014 6.5000000000000009 11.500000000000002 -0.60355339059327384 1.0000000180025095e-35 0.96554098983566083 1.0000000180025095e-35 3.0299353587921387
decision_type=10 2 2 2 10 2 2 10 2 10 2 2 2 2 10 10 2 8 10 2 2 2 2 10 2 2 10 10 2 2
left_child=26 2 3 4 -2 9 8 12 -7 14 11 29 22 -9 17 16 -16 23 -17 21 25 -20 -8 -4 -25 -21 -1 -27 -6 -3
right_child=1 10 5 -5 28 6 7 13 -10 -11 -12 -13 -14 -15 15 18 -18 -19 19 20 -22 -23 -24 24 -26 27 -28 -29 -30 -31
leaf_value=-0.0080994710817592908 0.0010713800743419946 0.64618123662874893 0.0090953554917770248 0 -0.0040846435710077244 0.13239531136802471 -0.015445600851481346 0.085134982958969374 0.00067199666567461245 0.37266262827600194 4.9243706644940008 5.7404475009723503 -0.065555847932249375 -0.043984151562216314 0.045001754142341491 -0.01913981163331684 0.16187948052507314 -0.01552108770839169 0.028070876782159717 -0.00040563333936205481 0.038584953711346515 0.13155668352464342 0.03668380047856843 8.5262904666194575e-05 0.016846782745524005 -0.03021510781451511 -0.008679035246124461 -0.006052074738922642 -0.01690507559608893 0.14999774305526045
leaf_weight=746541 8977 6291 7884 626879 49762 18097 13217 16462 22540 48445 44673 17312 8984 8963 50265 3312 37088 8528 20901 7491 78239 18474 2191 75037 25273 6176 40371 9934 10995 9388
leaf_count=746541 8977 6291 7884 626879 49762 18097 13217 16462 22540 48445 44673 17312 8984 8963 50265 3312 37088 8528 20901 7491 78239 18474 2191 75037 25273 6176 40371 9934 10995 9388
internal_value=-0.0160011 0.00468696 0.00233525 -0.00229475 -0.0195285 0.00895126 0.00183408 -0.00739808 0.0131518 0.0105727 0.0405426 0.0308251 -0.0242006 0.00872173 0.00885222 0.0111743 0.0194229 0.00423913 0.00618881 0.00704281 0.00323056 0.0169029 -0.0137331 0.00617317 0.00459376 -0.0177895 -0.0491735 -0.0255121 -0.0253098 0.0147937
internal_weight=2.04869e+06 1.26178e+06 1.18411e+06 696613 69734 487501 90454 49817 40637 397047 77664 32991 24392 25425 348602 231880 87353 116722 144527 141215 101840 39375 15408 108194 100310 23601 786912 16110 60757 15679
internal_count=2048690 1261778 1184114 696613 69734 487501 90454 49817 40637 397047 77664 32991 24392 25425 348602 231880 87353 116722 144527 141215 101840 39375 15408 108194 100310 23601 786912 16110 60757 15679
is_linear=0
shrinkage=0.05


Tree=50
num_leaves=31
num_cat=0
split_feature=11 5 16 5 5 0 15 5 5 11 15 13 0 15 5 13 5 15 5 16 11 5 15 5 5 5 14 0 0 15
split_gain=551105 38208.3 15103.9 8913.85 2538.63 2511.82 2776.95 1863.39 1770.89 2267.55 1898.17 1688.41 1935.91 1581.02 1566.91 1526.4 1291.07 1447.6 2613.1 1609.09 3309.03 1903.39 3143.17 2926.39 1670.54 1469.13 1125.68 1092.06 1071.99 1038.11
threshold=1.0000000180025095e-35 153.50000000000003 -1.0000000180025095e-35 4.5000000000000009 -1.0000000180025095e-35 -0.37940952255126065 87.584965437788028 256.50000000000006 32.500000000000007 28.833333333333339 27.850199401794619 1.0950140852533554 1.0000000180025095e-35 1.0000000180025095e-35 24.500000000000004 0.64395055085937891 79.500000000000014 6.9196774193548398 9.5000000000000018 15.278781333539966 16.833333333333339 21.500000000000004 27.850199401794619 31.500000000000004 28.500000000000004 76.500000000000014 1.0000000180025095e-35 -0.25881904510252113 -0.9159756150367534 29.004629629629633
decision_type=2 2 10 2 2 2 10 2 2 2 10 2 2 8 2 2 2 8 2 8 2 2 10 2 2 2 2 2 2 10
left_child=2 3 -1 -2 -4 8 15 11 9 14 -11 -3 -13 -6 28 16 17 -7 -19 20 -20 -21 -23 24 -24 -25 -8 -15 -5 -26
right_child=1 7 4 5 13 6 26 -9 -10 10 -12 12 -14 27 -16 -17 -18 18 19 21 -22 22 23 25 29 -27 -28 -29 -30 -31
leaf_value=-0.0076944975276713292 0 0.92815213126930018 -0.0082450834838182392 0.0059696582595766051 -0.047458557977200347 0.030097307473413527 -0.034247726433805074 8.3281521312693005 0.19512765902879467 0.10494757904198818 -0.008392878181219211 1.4649841090067754 -0.017517971022033407 -0.0038804113924573377 0.17594154070857543 0.0061598467154784231 0.10900236029350269 -0.0018763108808073526 0.0017409151196369878 -0.013433326839795791 0.17128863203234862 0.12384870169898275 0.12097360311829047 0.034799637684099598 -0.00038535167239395207 -0.047296040567759691 0.015752273566194932 -0.0039666519114666355 0.048593368759931366 -0.024889508753748582
leaf_weight=728328 628093 16246 39278 31118 37509 25033 30143 41833 75079 3044 6670 9567 6603 26404 11269 56134 9452 17617 34556 16230 14809 13493 1617 41918 2926 4239 30480 23914 58579 6509
leaf_count=728328 628093 16246 39278 31118 37509 25033 30143 41833 75079 3044 6670 9567 6603 26404 11269 56134 9452 17617 34556 16230 14809 13493 1617 41918 2926 4239 30480 23914 58579 6509
internal_value=-0.0161497 0.00580742 -0.046778 0.00350275 -0.0308741 0.00855046 0.00576 0.0405413 0.0131345 0.00911366 -0.0139592 0.0315431 0.0201051 -0.0261486 0.0113335 0.00813489 0.0102912 0.00933992 0.00752628 0.00986852 0.0170779 0.00577463 0.0093194 0.00419951 -0.0189106 0.00973308 -0.00381951 -0.0203565 0.00912572 -0.0269581
internal_weight=2.04869e+06 1.19326e+06 855433 1.11901e+06 127105 490915 305156 74249 185759 110680 9714 32416 16170 87827 100966 244533 188399 178947 153914 136297 49365 86932 70702 57209 11052 46157 60623 50318 89697 9435
internal_count=2048690 1193257 855433 1119008 127105 490915 305156 74249 185759 110680 9714 32416 16170 87827 100966 244533 188399 178947 153914 136297 49365 86932 70702 57209 11052 46157 60623 50318 89697 9435
is_linear=0
shrinkage=0.05


Tree=51
num_leaves=31
num_cat=0
split_feature=18 5 11 17 16 15 0 16 5 1 5 17 15 5 15 17 9 1 14 18 15 5 5 16 15 1 0 15 1 5
split_gain=553365 40350.7 13670 8386.59 6291.51 4395.15 2761.56 3633.46 4051.48 2218.02 2715.83 2138.95 1961.4 1676.22 2808.03 2238.54 1695.57 3031.97 4855.81 4662.8 1822.19 2052.33 1638.95 1796.6 1367.62 1885.84 1504.02 1323.98 1672.3 1320.2
threshold=-1.0000000180025095e-35 153.50000000000003 1.0000000180025095e-35 12.500000000000002 0.21688681631710352 0.078222778473091378 -0.37940952255126065 15.278781333539966 17.500000000000004 1.0000000180025095e-35 256.50000000000006 99.500000000000014 0.17992805755395685 19.500000000000004 27.850199401794619 30.500000000000004 76.500000000000014 1.0000000180025095e-35 0.92016825471890729 0.9923175290182964 98.995145631067984 94.500000000000014 23.500000000000004 19.62627092533635 87.584965437788028 0.1294095225512602 -0.9159756150367534 29.004629629629633 0.25881904510252057 94.500000000000014
decision_type=10 2 2 10 10 10 2 10 2 2 2 10 8 2 10 10 2 2 2 10 10 2 2 10 10 2 2 10 2 2
left_child=-1 2 4 -4 5 -2 11 8 -8 10 -3 24 -6 -9 22 27 -17 18 -18 29 21 -21 23 -15 26 -26 -5 28 -16 -19
right_child=1 9 3 6 12 -7 7 13 -10 -11 -12 -13 -14 14 15 16 17 19 -20 20 -22 -23 -24 -25 25 -27 -28 -29 -30 -31
leaf_value=-0.0073097726512877607 0.003390738969484912 0.40533980500065925 0 0.012017559561940949 -0.001210245624976708 -0.0029855970652304226 0.013111722853110753 -0.021255199389224624 0.17747584294687968 4.4617445247058356 5.0370175193602682 0.48665427191231814 -0.0037030143807661509 0.023450283712728573 0.0025358033262332215 0.025835876850043606 0.12748793212131346 -0.015245431817707811 -0.13788221394235017 -0.0019175722352208881 -0.060565669213946904 0.062799919625360454 0.13862381390423995 -0.01788950135870504 0.13670928549995978 -0.10466129855543543 0.079516825253306334 -0.0047815750913848378 -0.0040398284816710378 0.029513724078791628
leaf_weight=786912 6436 14308 656960 46303 18847 2541 59184 22383 19884 42629 17312 39959 41911 3808 1490 65396 14615 12630 18774 5644 9720 1225 17496 6646 2332 4618 87968 3620 1184 15955
leaf_count=786912 6436 14308 656960 46303 18847 2541 59184 22383 19884 42629 17312 39959 41911 3808 1490 65396 14615 12630 18774 5644 9720 1225 17496 6646 2332 4618 87968 3620 1184 15955
internal_value=-0.0162682 0.00425336 0.00201759 0.00335751 -0.0194601 0.0196112 0.00852856 0.00541312 0.0144907 0.040012 0.0299779 0.0133373 -0.0252329 0.00183487 0.00345477 0.000747739 0.00202384 -0.00292695 0.00849831 -0.0113716 -0.0324583 -0.0127457 0.0180072 0.0023436 0.0104475 -0.0111799 0.0115669 -0.0284398 -0.00175767 0.000865839
internal_weight=2.04869e+06 1.26178e+06 1.18753e+06 1.11779e+06 69735 8977 460834 279654 79068 74249 31620 181180 60758 200586 178203 150253 143959 78563 33389 45174 16589 6869 27950 10454 141221 6950 134271 6294 2674 28585
internal_count=2048690 1261778 1187529 1117794 69735 8977 460834 279654 79068 74249 31620 181180 60758 200586 178203 150253 143959 78563 33389 45174 16589 6869 27950 10454 141221 6950 134271 6294 2674 28585
is_linear=0
shrinkage=0.05


Tree=52
num_leaves=31
num_cat=0
split_feature=11 5 16 5 17 16 5 15 1 10 17 17 1 15 1 5 13 0 13 17 15 17 15 5 0 15 10 5 17 13
split_gain=540873 36816.5 15158.7 7666.55 3202.44 6462.98 2967.06 2504.52 2293.76 2733.28 3670.92 2879.74 3914.33 3791.04 2163.61 2555.04 2110.71 1916.79 1826.47 1762.5 4303.23 5070.53 3024.81 2659.43 1749.68 1694.43 1508.79 1490.95 1482.86 1260.79
threshold=1.0000000180025095e-35 160.50000000000003 -1.0000000180025095e-35 4.5000000000000009 308.00000000000006 1.0000000180025095e-35 -1.0000000180025095e-35 0.078222778473091378 -0.5 76.500000000000014 82.500000000000014 99.500000000000014 1.0000000180025095e-35 98.995145631067984 1.0000000180025095e-35 268.50000000000006 1.0000000180025095e-35 -0.25881904510252113 1.0000000180025095e-35 18.500000000000004 27.850199401794619 32.500000000000007 6.9196774193548398 22.500000000000004 -0.5 46.882895611702132 124.50000000000001 94.500000000000014 88.500000000000014 3.2829089846240636
decision_type=2 2 10 2 8 10 2 10 2 2 10 10 2 10 2 2 2 2 2 10 10 10 8 2 2 10 2 2 10 2
left_child=2 3 -1 -2 5 7 -7 -4 16 10 19 12 18 25 15 -3 -5 28 -11 22 23 -22 -10 -21 -8 -14 -13 -27 -18 -19
right_child=1 14 4 8 -6 6 24 -9 9 11 -12 26 13 -15 -16 -17 17 29 -20 20 21 -23 -24 -25 -26 27 -28 -29 -30 -31
leaf_value=-0.0069442840187233738 0 0.46010876803220102 0.0032212020210106666 0.043475021896695588 -0.044720141445775942 -0.0074673406770629398 -0.0035012401037961636 -0.0028971077218309478 0.014208485284808914 0.12111353551524787 0.39712411639403489 0.087095132935342434 0.65908754010419779 -0.057537385753249737 4.288657298470544 5.3167443169487916 0.040382391118791362 0.036798371424069165 -0.093648376352645363 0.037929320419604465 -0.0045424963368155607 0.020933847659975059 -0.0028054766690271296 0.15803438256240235 -0.0035012401037961636 -0.01717132001946382 -0.039762827395333038 0.023428153046257449 0.44278139241257936 -0.30116368928663706
leaf_weight=728328 628093 14521 4419 59828 19934 38221 23651 1383 24720 5344 25687 24405 1226 8007 41487 15760 22244 53269 3776 53597 10904 52485 55662 25505 39497 21023 16198 3092 17046 9378
leaf_count=728328 628093 14521 4419 59828 19934 38221 23651 1383 24720 5344 25687 24405 1226 8007 41487 15760 22244 53269 3776 53597 10904 52485 55662 25505 39497 21023 16198 3092 17046 9378
internal_value=-0.0164303 0.00532199 -0.046773 0.00310025 -0.0308403 -0.0274174 -0.0303549 0.0239055 0.00776455 0.00538354 0.00800772 -0.00246837 -0.0115711 -0.0195094 0.0400401 0.0298785 0.0126458 0.0082703 0.0174561 0.00594487 0.00928445 -0.000421998 2.48812e-05 0.0170628 -0.0236999 -0.0100331 0.00705243 -0.0129484 0.016928 0.00284052
internal_weight=2.04869e+06 1.19326e+06 855433 1.12149e+06 127105 107171 101369 5802 493396 331631 248560 83071 42468 33348 71768 30281 161765 101937 9120 222873 142491 63389 80382 79102 63148 25341 40603 24115 39290 62647
internal_count=2048690 1193257 855433 1121489 127105 107171 101369 5802 493396 331631 248560 83071 42468 33348 71768 30281 161765 101937 9120 222873 142491 63389 80382 79102 63148 25341 40603 24115 39290 62647
is_linear=0
shrinkage=0.05


Tree=53
num_leaves=31
num_cat=0
split_feature=18 15 11 17 15 17 18 0 18 1 1 11 11 13 1 18 15 14 17 15 11 17 15 18 1 15 12 0 1 12
split_gain=541433 38274.6 13151.5 7833.13 3358.36 5763.18 4314.65 3125.25 2201.11 3776.18 2096.36 2403.16 1639.49 1346.16 2458.29 4326.46 4998.15 3730.01 1373.08 1330.92 4441.97 1412.65 1914.83 2738.15 1303.44 1303.37 1927.08 1423.53 1462.15 1372.93
threshold=-1.0000000180025095e-35 161.24342105263159 1.0000000180025095e-35 18.500000000000004 27.850199401794619 32.500000000000007 0.81023570493234398 -0.37940952255126065 0.88080584395041861 0.1294095225512602 1.0000000180025095e-35 234.16666666666671 23.833333333333339 2.4032561733691686 1.0000000180025095e-35 0.9923175290182964 89.32000632111253 1.0000000180025095e-35 140.50000000000003 6.9196774193548398 5.8333333333333348 12.500000000000002 14.19788232943762 0.92687617260788013 0.25881904510252057 9.8576036866359456 9.9166666666666696 0.78656609248549325 0.25881904510252057 11.083333333333334
decision_type=10 10 2 10 10 10 10 2 10 2 2 2 2 2 2 10 10 2 10 8 2 10 8 10 2 10 2 2 2 2
left_child=-1 2 -2 19 6 -6 -5 8 -7 -10 11 -3 -8 14 17 -16 -17 -9 -19 20 -4 25 23 -23 -24 26 -21 29 -29 -27
right_child=1 10 3 4 5 7 12 13 9 -11 -12 -13 -14 -15 15 16 -18 18 -20 21 -22 22 24 -25 -26 27 -28 28 -30 -31
leaf_value=-0.0065970698177872048 -0.0027665258576632756 0.25016189391606575 0 0.043731169762423555 -0.0043153715199748532 0.26857890646437355 0.038831432829066564 0.1150578587394854 0.13720623913622987 -0.049089672570308808 4.124224433547016 3.8863878579938729 0.17604456795017481 -0.22960911942329948 0.013448550974342766 0.026386892911354567 -0.054660516465587256 -0.0078493783492536561 0.30499227655576111 -0.0016422215033156996 0.048985777557973842 -0.00033634688352144341 0.00057082808112003398 0.080896163955105307 -0.007529241711901058 -0.0068124188727280988 0.017280722927786575 0.001782286167567282 -0.0087697295129683713 0.0072171225766449083
leaf_weight=786912 69656 9386 609374 115010 14213 57782 19950 14517 9250 14081 40760 18809 25876 14616 58456 7436 14156 29615 8487 22009 28691 20587 7642 7499 9107 7285 4095 1673 1172 588
leaf_count=786912 69656 9386 609374 115010 14213 57782 19950 14517 9250 14081 40760 18809 25876 14616 58456 7436 14156 29615 8487 22009 28691 20587 7642 7499 9107 7285 4095 1673 1172 588
internal_value=-0.0166248 0.00367422 0.00158045 0.00288791 0.00846497 0.00475065 0.0140677 0.00667306 0.0145544 0.0015923 0.0398934 0.0294112 0.0270414 0.00233258 0.00391921 -0.00159904 -0.0207253 0.012314 0.0040969 -0.000238356 0.000530824 -0.0062487 -0.000288837 0.00769066 -0.0136695 -0.0135055 -0.00747778 -0.0281862 0.00212654 -0.0391401
internal_weight=2.04869e+06 1.26178e+06 1.19282e+06 1.12317e+06 403445 242609 160836 228396 81113 23331 68955 28195 45826 147283 132667 80048 21592 52619 38102 719722 638065 81657 44835 28086 16749 36822 26104 10718 2845 7873
internal_count=2048690 1261778 1192823 1123167 403445 242609 160836 228396 81113 23331 68955 28195 45826 147283 132667 80048 21592 52619 38102 719722 638065 81657 44835 28086 16749 36822 26104 10718 2845 7873
is_linear=0
shrinkage=0.05


Tree=54
num_leaves=31
num_cat=0
split_feature=18 15 5 17 16 15 15 15 17 5 0 17 18 14 14 15 5 17 15 18 13 17 18 15 5 15 5 0 5 0
split_gain=539556 36171.1 12425.9 8146.92 5065.51 4223.98 3042.51 2594.91 6041.48 4438.49 2861.71 2244.48 2144.51 1771.1 1643.82 1308.16 4257.14 1559.75 1817.7 2663.5 1268.2 2037.59 1218.41 1166.09 1904.64 1162.51 2059.13 1416.53 1372.74 1108.12
threshold=-1.0000000180025095e-35 194.54279279279282 1.0000000180025095e-35 18.500000000000004 0.21688681631710352 0.078222778473091378 0.17992805755395685 27.850199401794619 32.500000000000007 23.500000000000004 -0.37940952255126065 106.00000000000001 0.68335945663531883 1.0000000180025095e-35 0.53867513459481298 6.9196774193548398 5.5000000000000009 12.500000000000002 14.19788232943762 0.92687617260788013 2.7265482080417307 150.50000000000003 0.88080584395041861 43.380749354005175 38.500000000000007 9.8576036866359456 9.5000000000000018 0.78656609248549325 11.500000000000002 0.98296291314453421
decision_type=10 8 2 10 10 10 10 10 10 2 2 10 10 2 2 10 2 10 10 10 2 10 10 10 2 10 2 2 2 2
left_child=-1 2 4 15 5 -2 29 9 -9 -5 11 22 -3 -8 -11 16 -4 25 19 -19 21 23 -10 24 -12 26 -17 28 -27 -6
right_child=1 12 3 7 6 -7 13 8 10 14 20 -13 -14 -15 -16 17 -18 18 -20 -21 -22 -23 -24 -25 -26 27 -28 -29 -30 -31
leaf_value=-0.0062672163268978455 0.0031984682128432967 1.5183442174613646 0 0.032581901481599118 -0.00083634504565490071 -0.0025552114461523993 -0.0032044753636548714 -0.0040996029439760665 0.13103408259761765 0.16900295904838566 0.0051447632375520415 0.49561404131931541 4.1180132118696653 -0.015362950203599873 0.16531341823647505 -0.0036453878277964871 0.04641053444758856 -0.00031952953934535346 -0.0071527796263060502 0.076851355757350082 -0.25449018940699331 0.20139623811646887 -0.0035600556196015987 0.00040990074911917418 0.16220160971570119 -0.0064717979290916721 0.014812986879901846 0.0016931718591889579 0.0068562664478126756 0.27742384047385454
leaf_weight=786912 6500 12407 599478 111323 18602 2613 32330 14212 27557 20324 15873 37474 50440 21681 22065 17411 30456 20398 16395 7499 14106 18003 19118 97894 10714 7304 4888 2845 569 1299
leaf_count=786912 6500 12407 599478 111323 18602 2613 32330 14212 27557 20324 15873 37474 50440 21681 22065 17411 30456 20398 16395 7499 14106 18003 19118 97894 10714 7304 4888 2845 569 1299
internal_value=-0.0166813 0.00358252 0.0016443 0.00303274 -0.0170172 0.0181554 -0.0213538 0.00865297 0.0055593 0.0137842 0.00742942 0.0148659 0.040558 -0.015196 0.0275531 -0.000214778 0.000538548 -0.00635308 -0.000221259 0.00754382 0.00343317 0.00484897 0.00754901 0.00257509 0.0118611 -0.0145789 -0.00807435 -0.0281116 -0.0390385 -0.0380659
internal_weight=2.04869e+06 1.26178e+06 1.19893e+06 1.11591e+06 83025 9113 73912 408663 254951 153712 240739 84149 62847 54011 42389 707243 629934 77309 44292 27897 156590 142484 46675 124481 26587 33017 22299 10718 7873 19901
internal_count=2048690 1261778 1198931 1115906 83025 9113 73912 408663 254951 153712 240739 84149 62847 54011 42389 707243 629934 77309 44292 27897 156590 142484 46675 124481 26587 33017 22299 10718 7873 19901
is_linear=0
shrinkage=0.05


Tree=55
num_leaves=31
num_cat=0
split_feature=18 5 11 17 16 15 15 15 17 5 0 17 15 15 17 13 1 14 15 18 14 11 16 5 15 15 5 15 16 5
split_gain=531964 35125 12140.5 7198.97 5808.92 4492.61 3700.52 2478.15 5772.11 4727.39 2946.22 2731.3 2991.68 2320.73 1799.05 1701.67 1903.01 3376.49 2431.48 4305.96 1608.09 1344.71 1282.41 1357.33 2441.82 1245.85 3255.24 1225.92 1347.64 1647.41
threshold=-0.0044176316045538575 203.50000000000003 1.0000000180025095e-35 18.500000000000004 0.21688681631710352 0.078222778473091378 18.201503759398502 27.850199401794619 32.500000000000007 23.500000000000004 0.12940952255126045 106.00000000000001 98.995145631067984 0.17992805755395685 308.00000000000006 1.5236033621142739 1.0000000180025095e-35 1.0000000180025095e-35 98.995145631067984 0.9923175290182964 0.53867513459481298 95.166666666666671 15.278781333539966 12.500000000000002 14.19788232943762 7.1581140350877197 4.5000000000000009 1.2360681114551086 15.278781333539966 16.500000000000004
decision_type=10 2 2 10 10 8 8 10 10 2 2 10 10 10 10 2 2 2 10 10 2 2 10 2 8 10 2 10 8 2
left_child=-1 2 4 6 5 -2 22 9 -9 27 11 12 -10 -6 -15 16 17 -12 21 -20 -11 -18 23 25 -25 26 -4 -5 29 -29
right_child=1 -3 3 7 13 -7 -8 8 10 20 15 -13 -14 14 -16 -17 18 -19 19 -21 -22 -23 -24 24 -26 -27 -28 28 -30 -31
leaf_value=-0.0059538555105529524 0.0030385448022011321 4.5121125512761822 0 -0.004596239704856675 -0.00079452779337215557 -0.0024559588514503558 -0.20581854951831749 -0.0038946227967771919 0.037621056801226342 0.16869141379102928 0.10928447076505493 0.34800759341552595 -0.051947985679763775 -0.0030442515954721278 0.00030456381024392967 -0.20791850080129617 0.001749403163336183 0.016210990504936264 0.010255628388168249 -0.051947985679763775 0.16312183681954082 0.074069486737410983 -0.014549993539054729 0.073008787969482555 -0.0067951406449907386 -0.0020096849459172897 0.017358893448273262 0.025471813382335375 0.0090402131913133853 0.1208906154291256
leaf_weight=785763 6318 53699 596975 6648 19073 2659 4124 14213 66912 21200 12356 54115 3221 41731 1077 17650 40488 24434 13638 8619 23068 2466 8310 11585 8577 47430 42721 41725 49220 18675
leaf_count=785763 6318 53699 596975 6648 19073 2659 4124 14213 66912 21200 12356 54115 3221 41731 1077 17650 40488 24434 13638 8619 23068 2466 8310 11585 8577 47430 42721 41725 49220 18675
internal_value=-0.0168807 0.00321626 0.00145907 0.002709 -0.0186218 0.0189651 -0.000323528 0.00792241 0.00488858 0.0128002 0.00669355 0.0120863 0.00557441 -0.0240744 -0.0176112 0.0010936 0.00357398 0.0126665 -0.00155572 -0.0149683 0.0267055 0.00539414 -5.13556e-05 0.000178075 0.012965 -0.000197125 0.000382604 0.00750593 0.0087703 0.0137748
internal_weight=2.04869e+06 1.26293e+06 1.20923e+06 1.13837e+06 70858 8977 719722 418648 258112 160536 243899 124248 70133 61881 42808 119651 102001 36790 65211 22257 44268 42954 715598 707288 20162 687126 639696 116268 109620 60400
internal_count=2048690 1262927 1209228 1138370 70858 8977 719722 418648 258112 160536 243899 124248 70133 61881 42808 119651 102001 36790 65211 22257 44268 42954 715598 707288 20162 687126 639696 116268 109620 60400
is_linear=0
shrinkage=0.05


Tree=56
num_leaves=31
num_cat=0
split_feature=18 5 11 5 16 16 15 15 0 18 1 11 15 15 1 16 5 13 1 14 18 15 10 5 15 6 14 1 18 5
split_gain=527699 33094 11994.1 6840.63 5808.92 5501.97 4492.61 3462.68 2646.86 3932.92 2610.31 2415.03 2320.73 2121.62 1998.13 1748.7 1686.34 1685.5 2556.82 3430.27 2859.61 3509.86 2745.67 1668.19 1764.13 1659.59 1630.44 1621.18 2352.43 1349.69
threshold=-0.0044176316045538575 208.50000000000003 1.0000000180025095e-35 12.500000000000002 0.21688681631710352 15.278781333539966 0.078222778473091378 370.7405956112853 -1.0000000180025095e-35 0.93840885142255015 0.1294095225512602 35.166666666666679 0.17992805755395685 27.850199401794619 0.37940952255126048 63.718893465482481 99.500000000000014 2.2586347517122234 1.0000000180025095e-35 1.0000000180025095e-35 0.9923175290182964 98.995145631067984 90.500000000000014 17.500000000000004 14.19788232943762 -1.0000000180025095e-35 3.1906916056494738 0.25881904510252057 0.99930651872399456 150.50000000000003
decision_type=10 2 2 2 10 10 8 8 2 10 2 2 10 8 2 10 2 2 2 2 10 10 2 2 8 2 2 2 10 2
left_child=-1 2 4 7 6 23 -2 -4 9 14 11 13 -6 -11 15 -7 -12 18 19 -10 -20 22 -22 24 -5 -14 -16 -26 -29 -23
right_child=1 -3 3 5 12 8 -8 -9 17 10 16 -13 25 -15 26 -17 -18 -19 20 -21 21 29 -24 -25 27 -27 -28 28 -30 -31
leaf_value=-0.0056561627350253055 0.0028866175620910757 4.6865069237123738 0 0.069358348571008407 -0.00075480140370354784 0.010017087958947358 -0.0023331609088778379 -0.19552762204240159 0.081051341120295106 0.025372954887054534 -0.028350939650218978 0.1706583217039615 0.00028933561973173429 -0.0092814311390567294 0.097969203184024245 0.25038679859705443 0.14596271132869348 -0.27949954895784085 0.0099466009682192442 0.017074767534553371 -0.0034233121298425928 -0.049350586395775768 0.00427756320342354 0.15211824040641489 0.012317826149551347 -0.0028920390156985214 0.76574403410111958 0.02760353268805096 -0.0064553836127411836 0.0023377724000312127
leaf_weight=785763 6318 51392 744460 19898 19073 32257 2659 4122 22642 4569 18091 7435 1183 2617 23026 40083 3556 16223 65454 45934 17393 8719 3734 30861 6831 41625 14079 3705 3136 1852
leaf_count=785763 6318 51392 744460 19898 19073 32257 2659 4122 22642 4569 18091 7435 1183 2617 23026 40083 3556 16223 65454 45934 17393 8719 3734 30861 6831 41625 14079 3705 3136 1852
internal_value=-0.0170104 0.0030058 0.0013388 0.00257873 -0.0186218 0.00792882 0.0189651 -0.000223556 0.00530238 0.0103241 -0.00394563 0.012376 -0.0240744 -0.0082939 0.0150528 0.0102143 -0.0149697 0.00128084 0.00278649 0.0101785 -0.00243124 -0.014758 -0.00298907 0.0212856 0.0135716 -0.0176112 0.0244859 -0.000255998 -0.0174609 -0.0382793
internal_weight=2.04869e+06 1.26293e+06 1.21154e+06 1.14068e+06 70858 392095 8977 748582 327664 145713 36268 14621 61881 7186 109445 72340 21647 181951 165728 68576 97152 31698 21127 64431 33570 42808 37105 13672 6841 10571
internal_count=2048690 1262927 1211535 1140677 70858 392095 8977 748582 327664 145713 36268 14621 61881 7186 109445 72340 21647 181951 165728 68576 97152 31698 21127 64431 33570 42808 37105 13672 6841 10571
is_linear=0
shrinkage=0.05


Tree=57
num_leaves=31
num_cat=0
split_feature=18 6 18 17 16 15 15 15 15 17 18 0 14 1 18 17 12 12 16 15 16 18 0 12 16 6 15 15 6 12
split_gain=521110 30762.4 11022.4 5908.78 4769.48 4303.92 3588.01 3390.67 3000.76 9247.01 3641.43 2668.7 2238.64 2490.92 1619.39 1516.5 1764.77 1423.03 3409 1337.99 1300.38 1193.02 1092.75 1081.95 1063.77 1050.83 2115.45 1240.58 3126.51 1159.47
threshold=-0.0044176316045538575 211.50000000000003 1.0000000180025095e-35 18.500000000000004 0.21688681631710352 0.078222778473091378 18.201503759398502 0.17992805755395685 27.850199401794619 32.500000000000007 0.85728429985855736 -0.37940952255126065 0.95011807466920095 0.1294095225512602 0.68974737230315342 308.00000000000006 1.0000000180025095e-35 23.583333333333339 19.62627092533635 14.618898809523811 15.278781333539966 0.93344988344988356 0.98296291314453421 77.083333333333357 1.0000000180025095e-35 12.500000000000002 14.19788232943762 6.9196774193548398 5.5000000000000009 16.083333333333339
decision_type=10 2 10 10 10 8 8 10 10 10 10 2 2 2 10 10 2 2 8 8 10 10 2 2 10 2 10 10 2 2
left_child=24 2 4 6 5 -2 20 22 10 21 -5 12 13 23 -3 16 -9 18 -12 -20 25 -10 -6 -11 -1 27 -27 28 -4 -28
right_child=1 14 3 8 7 -7 -8 15 9 11 17 -13 -14 -15 -16 -17 -18 -19 19 -21 -22 -23 -24 -25 -26 26 29 -29 -30 -31
leaf_value=-0.0053733545982740383 0.002742286683986522 1.7041477141870189 0 0.0396779930100176 -0.00071706133351837043 -0.0022165028634339463 -0.1857512409402815 -0.0027474370649135955 0.096664091458252346 0.010822219918048505 0.067229707221567556 0.0073762392034012695 0.26010448783555234 -0.054265657332651075 6.3021815775267545 0.00027486883874514593 -0.014297988162861347 0.1436739756075994 0.20948922131447079 -0.032053406966599418 -0.013414212516162573 -0.0032611682678524547 0.26363011491001559 0.21664593877171684 -0.0058702584236966287 0.065890431142458003 -0.006132614432104156 -0.001909200698621394 0.038788202874655522 0.075153845294854985
leaf_weight=746541 6500 9554 599589 117027 18887 2736 4072 32506 725 6648 11797 160452 61745 12608 40829 1193 21474 22322 759 4232 8302 13487 1305 4826 39222 11557 7239 50305 28951 1300
leaf_count=746541 6500 9554 599589 117027 18887 2736 4072 32506 725 6648 11797 160452 61745 12608 40829 1193 21474 22322 759 4232 8302 13487 1305 4826 39222 11557 7239 50305 28951 1300
internal_value=-0.0172119 0.00267894 0.00108825 0.00239383 -0.0163184 0.0175942 -0.000375783 -0.0204744 0.00712242 0.00383718 0.0126034 0.0061002 0.0132167 0.000286521 0.0409612 -0.0140585 -0.0152908 0.0258118 0.0148142 -0.0198257 -0.000106328 -0.0353786 -0.0380052 0.0171431 -0.0491817 0.000127335 0.0113953 -0.000206233 0.000398463 -0.00747746
internal_weight=2.04869e+06 1.26293e+06 1.21254e+06 1.12794e+06 84601 9236 711315 75365 416628 260491 156137 246279 85827 24082 50383 55173 53980 39110 16788 4991 707243 14212 20192 11474 785763 698941 20096 678845 628540 8539
internal_count=2048690 1262927 1212544 1127943 84601 9236 711315 75365 416628 260491 156137 246279 85827 24082 50383 55173 53980 39110 16788 4991 707243 14212 20192 11474 785763 698941 20096 678845 628540 8539
is_linear=0
shrinkage=0.05


Tree=58
num_leaves=31
num_cat=0
split_feature=18 15 11 17 15 15 17 18 0 17 18 11 12 18 15 11 1 15 11 15 13 1 14 18 15 10 17 15 1 0
split_gain=514720 30002.9 11695.9 5523.35 3521.94 2671.14 9075.25 3853.81 2836.39 2059.5 1759.78 1348.45 1327.45 1185.21 1154.06 2762.32 1347.78 1187.64 2927.97 1111.26 1010.21 1877.45 3946.25 2629.73 4559.02 1963.47 1579.96 1373.51 1249.86 1093.29
threshold=-0.0044176316045538575 229.03278688524594 1.0000000180025095e-35 18.500000000000004 18.201503759398502 27.850199401794619 32.500000000000007 0.85728429985855736 -0.37940952255126065 107.50000000000001 0.6207344379758174 23.833333333333339 -1.0000000180025095e-35 0.93344988344988356 14.19788232943762 12.833333333333334 0.25881904510252057 6.9196774193548398 6.8333333333333348 98.995145631067984 3.0175632269705921 1.0000000180025095e-35 1.0000000180025095e-35 0.9923175290182964 98.995145631067984 93.500000000000014 150.50000000000003 35.121519816573873 0.91597561503675351 0.60355339059327384
decision_type=10 10 2 10 8 10 10 10 2 10 10 2 2 10 10 2 2 10 2 10 2 2 2 10 10 2 10 10 2 2
left_child=-1 2 12 4 14 7 13 -5 9 19 -3 -9 -2 -7 15 17 -16 18 -4 -8 21 22 -10 -23 25 27 -26 -25 -22 -24
right_child=1 10 3 5 -6 6 8 11 20 -11 -12 -13 -14 -15 16 -17 -18 -19 -20 -21 28 23 29 24 26 -27 -28 -29 -30 -31
leaf_value=-0.0051046868683603365 0.00026112539680789304 1.3118965479139093 0 0.035686344884764055 -0.17646367889326742 0.091792070421412852 0.035114245087383013 0.023364028404714965 0.099398868210617053 0.43940313807849241 6.2870724986504163 0.14129874168331291 -0.0025467642570585242 -0.0030981098544597078 0.0016552796929828252 0.062508893623708414 -0.0058259837104989391 -0.0019539638730118546 0.058418405060416401 -0.10612964770051292 -0.40285238394692868 0.010977766103546928 0.10202094472339916 0.064208594038209554 -0.047251869036156795 0.0031230893550805664 -0.0059363390634601387 -0.030090028146464932 0.79927712661785155 -0.049409437857543287
leaf_weight=785763 1058 7523 618155 121499 4124 726 45720 16142 14702 39951 39162 23195 69473 13487 7444 11498 8953 50806 18742 1439 12169 66337 24349 1035 9738 3210 2409 7502 1200 21179
leaf_count=785763 1058 7523 618155 121499 4124 726 45720 16142 14702 39951 39162 23195 69473 13487 7444 11498 8953 50806 18742 1439 12169 66337 24349 1035 9738 3210 2409 7502 1200 21179
internal_value=-0.0174085 0.00235999 0.000850119 0.00206666 -0.000604192 0.00657916 0.00349553 0.0116628 0.00569698 0.012987 0.0416954 0.025265 -0.0189115 -0.0353725 -0.000338668 -3.11784e-05 -0.0134506 -0.000437544 0.000149318 0.00591085 0.00182079 0.00299114 0.00982733 -0.00157208 -0.0157948 0.0064144 -0.0372726 -0.00612042 -0.0113509 0.00255447
internal_weight=2.04869e+06 1.26293e+06 1.21624e+06 1.14571e+06 719722 425989 265153 160836 250940 87110 46685 39337 70531 14213 715598 699201 16397 687703 636897 47159 163830 150461 60230 90231 23894 11747 12147 8537 13369 45528
internal_count=2048690 1262927 1216242 1145711 719722 425989 265153 160836 250940 87110 46685 39337 70531 14213 715598 699201 16397 687703 636897 47159 163830 150461 60230 90231 23894 11747 12147 8537 13369 45528
is_linear=0
shrinkage=0.05


Tree=59
num_leaves=31
num_cat=0
split_feature=12 5 15 5 15 17 5 15 17 5 0 17 15 17 13 1 15 17 13 5 1 5 15 15 5 13 17 15 5 15
split_gain=504541 28225 12279.1 5631.77 3610.19 3528.92 2458.37 2123.55 9885.8 4483.67 2254.43 2582.14 1995.98 1585.03 1484.01 2085.7 2728.59 3976.25 2702.01 1758.3 1397.56 1995.89 1293.65 1181.06 1737.79 1125.98 1123.37 1473.01 2043.18 1440.36
threshold=1.0000000180025095e-35 230.50000000000003 -1.0000000180025095e-35 9.5000000000000018 0.17992805755395685 1.0000000180025095e-35 -1.0000000180025095e-35 27.850199401794619 32.500000000000007 24.500000000000004 -1.0000000180025095e-35 99.500000000000014 98.995145631067984 308.00000000000006 1.7926456271808611 1.0000000180025095e-35 98.995145631067984 101.50000000000001 1.0000000180025095e-35 95.500000000000014 1.0000000180025095e-35 296.50000000000006 6.9196774193548398 43.380749354005175 37.500000000000007 1.0000000180025095e-35 18.500000000000004 14.19788232943762 12.500000000000002 9.8576036866359456
decision_type=2 2 10 2 10 10 2 8 10 2 2 10 10 10 2 2 10 10 2 2 2 2 10 10 2 2 10 10 2 10
left_child=2 3 -1 4 -2 -4 13 9 -9 22 11 12 -10 -7 15 18 19 -18 -12 23 21 -3 -5 24 -17 -11 27 28 29 -24
right_child=1 20 5 7 -6 6 -8 8 10 25 14 -13 -14 -15 -16 16 17 -19 -20 -21 -22 -23 26 -25 -26 -27 -28 -29 -30 -31
leaf_value=-0.004849452524942322 -0.045437097363076266 0.28214246055586756 -0.040736517080642264 0.12673491707061207 0 -0.0053215111590937843 -0.0020085461265075834 -0.003210762144330559 0.024867341635798824 0.16541378992090863 0.094428924800086383 0.34911373956966402 -0.10082316531548728 0.00024806912696749838 -0.21709940410257503 -0.0022473166459887396 -0.044889275584348812 -0.022580382845780279 0.020597391817494072 0.084577576518900355 8.0227188737178956 5.1825380772754706 0.01134014329458042 -0.0020210850876047461 0.13880382083649928 0.15424943277504896 0.024106093924927664 -0.0055346845249739651 0.048093663800173395 -0.0058545655567595395
leaf_weight=735104 11615 6819 21370 13401 708397 27391 58090 15120 53712 18201 18831 49073 2295 996 19127 7733 6077 23038 27213 3145 27031 12665 8004 32994 6386 19091 73881 16287 10890 14713
leaf_count=735104 11615 6819 21370 13401 708397 27391 58090 15120 53712 18201 18831 49073 2295 996 19127 7733 6077 23038 27213 3145 27031 12665 8004 32994 6386 19091 73881 16287 10890 14713
internal_value=-0.0174824 0.00326455 -0.0471584 0.00173215 -0.000989775 -0.0314033 -0.0269072 0.00619428 0.00337194 0.010477 0.00574985 0.0113228 0.00398611 -0.0389668 0.00169844 0.00367693 -0.00123405 -0.013414 0.0121427 0.00582196 0.0414544 0.0312462 0.00629775 0.00340564 0.0155075 0.02585 0.00470006 -0.00109632 0.0048844 -0.00365145
internal_weight=2.04869e+06 1.20574e+06 842951 1.15922e+06 720012 107847 86477 439212 264744 174468 249624 105080 56007 28387 144544 125417 79373 29115 46044 50258 46515 19484 137176 47113 14119 37292 123775 49894 33607 22717
internal_count=2048690 1205739 842951 1159224 720012 107847 86477 439212 264744 174468 249624 105080 56007 28387 144544 125417 79373 29115 46044 50258 46515 19484 137176 47113 14119 37292 123775 49894 33607 22717
is_linear=0
shrinkage=0.05


Tree=60
num_leaves=31
num_cat=0
split_feature=18 5 11 16 5 15 16 5 15 18 1 5 5 5 15 1 13 14 15 0 15 15 10 14 5 1 5 18 5 0
split_gain=512936 28877.3 11754.9 5914.08 5016.33 4492.61 3140.08 3774.56 3109.37 2645.28 3920.47 2881.55 5339.64 5283.02 3479.36 2521.12 4187.9 3394.08 2151.2 2121.59 2087.65 3491.97 1860.83 1506.67 1444.24 1374.65 1808.81 1230.73 1225.74 1159.97
threshold=-0.0044176316045538575 234.50000000000003 1.0000000180025095e-35 0.21688681631710352 9.5000000000000018 0.078222778473091378 15.278781333539966 17.500000000000004 370.7405956112853 0.6207344379758174 0.37940952255126048 33.500000000000007 28.500000000000004 23.500000000000004 43.380749354005175 1.0000000180025095e-35 1.0000000180025095e-35 0.63226727006295136 0.17992805755395685 0.37940952255126054 98.995145631067984 99.012987012987026 93.500000000000014 3.6761197983266478 43.500000000000007 1.0000000180025095e-35 301.50000000000006 0.89486842105263176 30.500000000000004 -0.25881904510252113
decision_type=10 2 2 10 2 8 10 2 8 10 2 2 2 2 10 2 2 2 10 2 10 10 2 2 2 2 2 10 2 2
left_child=-1 2 3 5 8 -2 7 -6 -4 10 -8 12 13 -11 24 17 20 -16 -5 -19 22 -22 -17 -18 -13 26 -3 -15 -14 -20
right_child=1 25 4 18 6 -7 9 -9 -10 11 -12 14 28 27 15 16 23 19 29 -21 21 -23 -24 -25 -26 -27 -28 -29 -30 -31
leaf_value=-0.0046069798986952074 0.0028329378689655009 0.27520356008224667 0 -0.0004534427476641465 0.007099823879137635 -0.0018779122010839436 0.085037956989046093 0.13756003411750212 -0.16536864008045027 -0.014611814868811735 0.4955706980593016 0.011784051582391443 -0.0083388575687717292 0.028381947564724543 0.093589404241009796 -0.02001254571146234 0.017007644220213083 0.12431757804686026 -0.0023656761345579296 -0.13006550154609117 -0.042644811805131161 -0.040797165299059662 0.0036397728697082246 0.3389234711981175 0.39079755533671379 8.0935656169718495 5.1347613288021314 0.085688412475581011 -0.012397109338010637 -0.0024642281855484427
leaf_weight=785763 6318 6844 702454 19073 70325 2659 66366 30867 3886 25145 15633 18927 14310 5769 22000 28440 30579 21742 22735 20038 8042 16544 6641 9182 10952 26712 12309 9822 8540 20073
leaf_count=785763 6318 6844 702454 19073 70325 2659 66366 30867 3886 25145 15633 18927 14310 5769 22000 28440 30579 21742 22735 20038 8042 16544 6641 9182 10952 26712 12309 9822 8540 20073
internal_value=-0.0174636 0.0022706 0.000802876 -0.0189605 0.00202464 0.0189651 0.00621624 0.0139448 -0.000585624 0.00390703 0.0117251 0.00140938 -0.00782248 0.00302926 0.00444955 0.00157774 -0.00339944 0.00933678 -0.0244623 0.00096697 -0.0117762 -0.022948 -0.00394658 0.00917105 0.0201362 0.0412177 0.0309951 0.0258964 -0.0271685 -0.0182396
internal_weight=2.04869e+06 1.26293e+06 1.21706e+06 70858 1.1462e+06 8977 439864 101192 706340 338672 81999 256673 63586 40736 193087 163208 99428 63780 61881 41780 59667 24586 35081 39761 29879 45865 19153 15591 22850 42808
internal_count=2048690 1262927 1217062 70858 1146204 8977 439864 101192 706340 338672 81999 256673 63586 40736 193087 163208 99428 63780 61881 41780 59667 24586 35081 39761 29879 45865 19153 15591 22850 42808
is_linear=0
shrinkage=0.05


Tree=61
num_leaves=31
num_cat=0
split_feature=12 5 15 5 15 15 5 5 11 0 14 1 15 14 13 1 14 15 14 15 15 5 15 5 5 1 14 1 0 11
split_gain=502787 26569.3 12310.3 5661.2 3249.32 1682.71 5130.4 4084.49 2854.62 2194.8 2146.31 3948.78 1799.56 1388.36 1251.18 2171.71 2894.97 1221.65 1196.7 2436.15 2527.91 1379.91 1062.68 1042.13 1001.55 935.523 918.152 914.791 888.72 885.42
threshold=1.0000000180025095e-35 270.50000000000006 -1.0000000180025095e-35 9.5000000000000018 -0.97212509712509698 27.850199401794619 32.500000000000007 24.500000000000004 28.833333333333339 -1.0000000180025095e-35 0.79012959837684982 0.1294095225512602 41.650242718446613 0.53867513459481298 2.7265482080417307 1.0000000180025095e-35 1.0000000180025095e-35 6.9196774193548398 1.0000000180025095e-35 98.995145631067984 99.012987012987026 93.500000000000014 31.502577319587633 -1.0000000180025095e-35 38.500000000000007 0.25881904510252057 1.0000000180025095e-35 0.60355339059327384 0.37940952255126054 -0.83333333333333315
decision_type=2 2 10 2 10 8 2 2 2 2 2 2 10 2 2 2 2 10 2 10 10 2 10 2 2 2 2 2 2 2
left_child=2 3 -1 4 -2 7 8 17 -7 10 11 -8 24 -9 15 16 -14 -5 19 21 -21 -17 -10 -6 -11 -26 -13 -16 -18 -4
right_child=1 -3 29 5 23 6 9 13 22 12 -12 26 14 -15 27 18 28 -19 -20 20 -22 -23 -24 -25 25 -27 -28 -29 -30 -31
leaf_value=-0.0043766309037604478 -0.15710020807642777 6.3392202165930058 -0.0048250866062043377 0.12004318002312458 -0.014993971731945645 0.053854489620102974 0.09045036028657237 0.15285867980108422 -0.007921914690333055 0.006163541559577013 0.20109802004008126 -0.056036707481413123 0.088909934028959026 0.14200221817763428 -0.54751998243701439 -0.010155772475976477 0.16827221838422607 0.0048179023376915715 0.012169147517971624 -0.040512571214874532 -0.036003305937755671 0.00084215402796914427 -0.014124567305328385 0 0.17462831315773855 0.24505963513704643 -0.017463154143194971 0.98867097005362226 -0.018477997037573957 -0.0022708593290271832
leaf_weight=735104 4704 38322 28461 13401 2414 11231 10903 17687 13700 8861 72871 8218 10934 19605 10965 17497 8802 123775 29497 6066 11435 4718 6981 712894 4921 4031 7184 682 23440 79386
leaf_count=735104 4704 38322 28461 13401 2414 11231 10903 17687 13700 8861 72871 8218 10934 19605 10965 17497 8802 123775 29497 6066 11435 4718 6981 712894 4921 4031 7184 682 23440 79386
internal_value=-0.0175272 0.00318369 -0.0471516 0.00183893 -0.000905749 0.00625596 0.00380436 0.0100912 -0.0150351 0.00629872 0.0120049 -0.000237597 0.00230915 0.024764 0.000174949 0.00179155 0.0105915 0.00610238 -0.003698 -0.00936398 -0.0233158 0.00162728 -0.0260553 -0.000633364 0.01717 0.0289656 -0.0165368 -0.0154246 0.00305192 -0.0313764
internal_weight=2.04869e+06 1.20574e+06 842951 1.16742e+06 720012 447405 272937 174468 31912 241025 99176 26305 141849 37292 124036 112389 43176 137176 69213 39716 17501 22215 20681 715308 17813 8952 15402 11647 32242 107847
internal_count=2048690 1205739 842951 1167417 720012 447405 272937 174468 31912 241025 99176 26305 141849 37292 124036 112389 43176 137176 69213 39716 17501 22215 20681 715308 17813 8952 15402 11647 32242 107847
is_linear=0
shrinkage=0.05


Tree=62
num_leaves=31
num_cat=0
split_feature=12 5 15 5 16 17 15 17 5 5 5 16 15 5 0 0 5 15 17 15 1 15 17 0 15 5 7 1 1 5
split_gain=496759 24973.4 13824 5396.62 4763.98 3971.84 3312.12 3300.6 3214.83 4328.99 3054.03 6233.38 4364.03 2948.11 2888.08 2015.86 1886.5 1910.16 1585.03 1550.83 1523.01 2731.75 1513.56 1496.85 1456.1 1898.08 1227.64 2227.21 1459.33 1150.8
threshold=1.0000000180025095e-35 274.50000000000006 -1.0000000180025095e-35 12.500000000000002 15.278781333539966 1.0000000180025095e-35 -0.97212509712509698 38.500000000000007 28.500000000000004 24.500000000000004 -1.0000000180025095e-35 0.21688681631710352 0.078222778473091378 33.500000000000007 -0.37940952255126065 -0.37940952255126065 17.500000000000004 14.19788232943762 308.00000000000006 1.0000000180025095e-35 1.0000000180025095e-35 35.121519816573873 107.50000000000001 0.98296291314453421 41.650242718446613 38.500000000000007 73.500000000000014 0.1294095225512602 0.37940952255126048 14.500000000000002
decision_type=2 2 10 2 10 10 10 10 2 2 2 10 10 2 2 2 2 8 10 10 2 8 10 2 10 2 2 2 2 2
left_child=2 3 -1 6 16 -4 -2 8 9 -6 18 12 -12 -10 22 19 17 -5 -7 -13 -15 -22 26 -17 25 -16 28 -28 -9 -19
right_child=1 -3 5 4 7 10 -8 14 13 -11 11 15 -14 20 24 23 -18 29 -20 -21 21 -23 -24 -25 -26 -27 27 -29 -30 -31
leaf_value=-0.0041577993585724228 -0.14924519767260636 6.5064847019765102 -0.038355799265224033 0.056801064609093732 -0.011685772852024812 -0.004583832275894123 0 0.054754188491845573 -0.008397383246147961 0.073761057861747761 0.0028048339419685848 6.9825166282359575e-05 -0.0016398897338146018 0.0058553644815980029 0.0085027961622563108 -0.0021994071919773307 0.12804899730020977 0.090705594584306048 0.00059520380765722971 -0.0021338493613786741 0.060213150511500405 -0.068079916314647451 0.42155767470704791 0.07846322018168933 0.00080004632657093566 0.23864785602755739 0.12473514538899728 -0.072926868095026978 0.18998575764450598 -0.0058538366095667099
leaf_weight=735104 5007 36921 21370 19898 32808 27391 757247 26590 19038 11593 5867 1822 2506 2753 16936 27288 30884 2744 996 18594 1441 2147 44630 2013 142865 12349 6942 9366 12652 10928
leaf_count=735104 5007 36921 21370 19898 32808 27391 757247 26590 19038 11593 5867 1822 2506 2753 16936 27288 30884 2744 996 18594 1441 2147 44630 2013 142865 12349 6942 9366 12652 10928
internal_value=-0.0175659 0.00302047 -0.0470122 0.00174155 0.00639358 -0.0302952 -0.000739714 0.00404431 -0.00565778 0.00245603 -0.0255253 -0.0189568 0.0209543 -0.019853 0.00653031 -0.0256783 0.0188631 0.0106583 -0.0389668 -0.0136168 0.00967513 -0.0117893 0.0132801 -0.0340825 0.00260238 0.0127591 0.00777138 -0.00375889 0.0125631 -0.00373025
internal_weight=2.04869e+06 1.20574e+06 842951 1.16882e+06 406564 107847 762254 342110 69780 44401 86477 58090 8373 25379 272330 49717 64454 33570 28387 20416 6341 3588 100180 29301 172150 29285 55550 16308 39242 13672
internal_count=2048690 1205739 842951 1168818 406564 107847 762254 342110 69780 44401 86477 58090 8373 25379 272330 49717 64454 33570 28387 20416 6341 3588 100180 29301 172150 29285 55550 16308 39242 13672
is_linear=0
shrinkage=0.05


Tree=63
num_leaves=31
num_cat=0
split_feature=11 5 16 5 17 16 15 17 5 5 5 0 17 16 15 15 13 17 9 5 1 17 1 15 15 15 1 1 15 17
split_gain=487727 23024.7 19739 4779.3 4677.79 4425.98 3197.9 3093.29 3011.29 4186.26 2829.14 2723.91 2586.96 4126.87 2539.49 2045.48 1924.27 1825.08 1822.12 1760.13 1669.14 1619.05 1476.36 2644.5 1391.68 1368.75 2753.07 1348.11 1331.76 1488.11
threshold=1.0000000180025095e-35 280.50000000000006 -1.0000000180025095e-35 12.500000000000002 5.5000000000000009 15.278781333539966 370.7405956112853 39.500000000000007 28.500000000000004 24.500000000000004 33.500000000000007 -1.0000000180025095e-35 5.5000000000000009 1.0000000180025095e-35 1.0000000180025095e-35 0.17992805755395685 2.2586347517122234 150.50000000000003 -1.0000000180025095e-35 19.500000000000004 0.37940952255126048 308.00000000000006 1.0000000180025095e-35 35.121519816573873 -1.0000000180025095e-35 87.584965437788028 0.1294095225512602 0.60355339059327384 14.19788232943762 16.500000000000004
decision_type=2 2 10 2 8 10 8 10 2 2 2 2 10 10 8 8 2 10 2 2 2 10 2 8 10 10 2 2 8 10
left_child=2 3 -1 6 14 19 -2 8 9 -7 -10 17 -6 15 24 -14 -13 25 21 28 -19 -15 -12 -24 -4 -9 -27 -20 -5 -30
right_child=1 -3 4 5 12 7 -8 11 10 -11 22 16 13 18 -16 -17 -18 20 27 -21 -22 -23 23 -25 -26 26 -28 -29 29 -31
leaf_value=-0.0039499093906438026 0 6.5746194032549319 -0.011347747024823851 0.059861623351693628 -0.03643800930196283 -0.011101484209423518 -0.14178293778897605 0.093558270098591662 -0.0079775140838405541 0.070073004968660341 0.0055625962575181383 0.011774921218511026 0.0026645922448701558 -0.0043546406620994186 -0.0020437804512414208 -0.0016186857569859181 -0.29971780557736505 0.35779632096073155 -0.0020271568933097404 0.14296421189569752 0.82761667181035969 0.00056544361727436379 0.057202492985925349 -0.064675920498915226 8.5158470908221976e-05 0.17962236579906268 -0.050065104366952801 -0.00021029680972381578 -0.0055611447790883343 0.038412716031441321
leaf_weight=728328 745643 35382 940 21986 18857 33143 4127 68687 19095 11695 2804 132936 2851 35939 19551 1209 17801 22829 30196 24685 11806 1005 1449 2249 4154 5934 13218 12403 6046 11742
leaf_count=728328 745643 35382 940 21986 18857 33143 4127 68687 19095 11695 2804 132936 2851 35939 19551 1209 17801 22829 30196 24685 11806 1005 1449 2249 4154 5934 13218 12403 6046 11742
internal_value=-0.0175583 0.00309774 -0.0463717 0.00188362 -0.0281905 0.00623773 -0.000486349 0.00398259 -0.00536026 0.00245105 -0.0190432 0.00639121 -0.0328948 -0.0291216 -0.00863258 0.0200493 0.00189104 0.0119299 -0.0316313 0.0182604 0.0216501 -0.0397575 0.00944325 -0.0113034 0.0228112 0.0080972 -0.00372285 -0.0245839 0.0117514 0.00157972
internal_weight=2.04869e+06 1.19326e+06 855433 1.15788e+06 127105 408105 749770 343646 70435 44838 25597 273211 102460 83603 24645 4060 150737 122474 79543 64459 34635 36944 6502 3698 5094 87839 19152 42599 39774 17788
internal_count=2048690 1193257 855433 1157875 127105 408105 749770 343646 70435 44838 25597 273211 102460 83603 24645 4060 150737 122474 79543 64459 34635 36944 6502 3698 5094 87839 19152 42599 39774 17788
is_linear=0
shrinkage=0.05


Tree=64
num_leaves=31
num_cat=0
split_feature=18 6 18 17 16 15 15 16 12 17 6 12 6 1 18 18 1 1 18 18 15 10 14 17 15 14 14 17 15 6
split_gain=506177 21868.8 7582.51 4235.44 4131.96 4364.36 3371.37 2107.18 4539.13 3442.76 3288.76 2770.93 2640.94 2095.64 1861.03 1505.09 4245.24 1606.18 5413 3867.79 4386.68 3132.74 2287.51 2261.18 1855.92 1460.41 1358.99 1338.05 1969.43 1279.1
threshold=-0.0044176316045538575 279.50000000000006 1.0000000180025095e-35 18.500000000000004 0.21688681631710352 0.078222778473091378 18.201503759398502 19.62627092533635 19.916666666666668 35.500000000000007 28.500000000000004 24.916666666666668 33.500000000000007 0.78656609248549303 0.63120503301685349 0.60814762130551614 0.37940952255126048 1.0000000180025095e-35 0.98961031951640777 0.9923175290182964 98.995145631067984 93.500000000000014 3.0115297622680886 150.50000000000003 41.650242718446613 0.92016825471890729 1.0000000180025095e-35 36.500000000000007 46.882895611702132 53.500000000000007
decision_type=10 2 10 10 10 8 8 10 2 10 2 2 2 2 10 10 2 2 10 10 10 2 2 10 10 2 2 8 10 2
left_child=-1 2 4 6 5 -2 -4 8 -5 10 11 -9 -12 26 -3 16 -11 18 25 22 21 27 24 -22 -19 -17 -6 -21 -29 -26
right_child=1 14 3 7 13 -7 -8 9 -10 15 12 -13 -14 -15 -16 17 -18 19 -20 20 23 -23 -24 -25 29 -27 -28 28 -30 -31
leaf_value=-0.0037524139211116136 0.0025921531424886943 0.84772489757128255 0 0.014051675899315353 -0.0019257990486442533 -0.0014862901153255862 -0.13469379089952724 -0.020980673170488198 0.10327134985820373 0.091111354404542946 -0.0067070740893170116 0.056636739531975878 0.048252006643767234 -0.00027352649682245471 7.7024294967149389 0.080013085717960314 0.79492766022333405 0.069868866386118361 0.083835688950256337 -0.061442124473969531 -0.039115691031385326 0.028078864886846591 0.27571868754574996 0.024555246794955111 -0.046652640294161433 -0.021536153832483508 -0.013231181287922448 0.15926772785714116 -0.032251557958343828 0.0034213302740674582
leaf_weight=785763 6500 4408 707243 67389 41783 2736 4072 16279 35090 67072 17133 8293 1923 11873 31263 21462 13293 9685 14662 2090 11139 4274 13282 2872 8386 47039 21710 2295 6448 61233
leaf_count=785763 6500 4408 707243 67389 41783 2736 4072 16279 35090 67072 17133 8293 1923 11873 31263 21462 13293 9685 14662 2090 11139 4274 13282 2872 8386 47039 21710 2295 6448 61233
internal_value=-0.017641 0.00196282 0.000841104 0.00191051 -0.0136025 0.0179623 -0.000459993 0.00581967 0.01208 0.00386882 -0.00921197 0.00287726 -0.0248006 -0.0174707 0.0405554 0.00586961 0.0116686 0.00359477 0.00895049 -6.49116e-05 -0.0159592 0.00273052 0.00493379 -0.0361109 0.00171744 0.00304886 -0.0138653 -0.0115711 -0.00297953 -0.00113547
internal_weight=2.04869e+06 1.26293e+06 1.22726e+06 1.14265e+06 84602 9236 711315 431339 102479 328860 43628 24572 19056 75366 35671 285232 80365 204867 83163 121704 29118 15107 92586 14011 79304 68501 63493 10833 8743 69619
internal_count=2048690 1262927 1227256 1142654 84602 9236 711315 431339 102479 328860 43628 24572 19056 75366 35671 285232 80365 204867 83163 121704 29118 15107 92586 14011 79304 68501 63493 10833 8743 69619
is_linear=0
shrinkage=0.05


Tree=65
num_leaves=31
num_cat=0
split_feature=12 5 15 17 15 1 5 15 15 17 1 15 1 17 5 17 15 17 5 17 15 10 12 0 13 17 17 13 13 0
split_gain=480353 20719.4 17417.5 4997.66 6349.07 5822.82 4097.78 2674.69 2650.83 2465.79 3794.27 2094.98 7329 2421.71 1731.06 1705.49 3239.04 4113.76 3043.96 1676.56 2748.7 2337.68 2101.58 1619.66 1917.53 1585.66 1432.56 1223.92 1166.2 1050.52
threshold=1.0000000180025095e-35 309.50000000000006 -1.0000000180025095e-35 1.0000000180025095e-35 1.0000000180025095e-35 0.37940952255126048 6.5000000000000009 334.02775761973879 6.9196774193548398 150.50000000000003 0.37940952255126048 87.584965437788028 1.0000000180025095e-35 13.500000000000002 -1.0000000180025095e-35 82.500000000000014 27.850199401794619 30.500000000000004 23.500000000000004 99.500000000000014 98.995145631067984 126.50000000000001 95.083333333333357 -0.25881904510252113 2.7265482080417307 308.00000000000006 18.500000000000004 1.0000000180025095e-35 1.0000000180025095e-35 0.60355339059327384
decision_type=2 2 10 10 10 2 2 8 8 10 2 8 2 10 2 10 10 10 2 10 10 2 2 2 2 10 10 2 2 2
left_child=2 6 -1 -4 5 -5 7 -2 -8 11 23 13 27 -10 25 16 18 -18 -15 20 22 -21 -14 -11 -25 -6 -7 -13 -20 -29
right_child=1 -3 3 4 14 26 8 -9 9 10 -12 12 19 15 -16 -17 17 -19 28 21 -22 -23 -24 24 -26 -27 -28 29 -30 -31
leaf_value=-0.0035647932250560347 0 8.717308021879191 -0.034428488140809108 0.00028060526299761957 -0.0039492879329388669 0.0025307266642003098 0.067033789657765033 -0.12795910135455088 -0.0015970129561706514 0.37835787906554863 0.36076695825643701 0.079643904502743376 -0.021610481271054739 0.0097352090712819368 -0.0018453014762471369 0.11939318766352579 -0.00080650732609797169 -0.00030248385138769156 0.070143410001157494 0.015695959983415265 -0.037159906479816131 -0.0962571808890786 0.034370904868758601 0.079376172930088279 -0.74828826314384433 0.00063346138884285981 -0.00010045249131230999 0.16676552482987078 0.072033300050217269 -0.1185552095878057
leaf_weight=735104 669828 29136 21370 7673 27285 1515 34173 3743 32996 21122 26371 10430 14211 110317 40420 57605 9450 80498 18340 14198 8128 6954 2186 18085 9987 996 8588 6778 15689 5514
leaf_count=735104 669828 29136 21370 7673 27285 1515 34173 3743 32996 21122 26371 10430 14211 110317 40420 57605 9450 80498 18340 14198 8128 6954 2186 18085 9987 996 8588 6778 15689 5514
internal_value=-0.017754 0.00248959 -0.0467099 -0.0279456 -0.022595 0.00403915 0.00145818 -0.00109179 0.00487265 0.00389275 0.012165 0.00230337 -0.00564994 0.00397775 -0.0294865 0.0054291 0.00353402 -0.00391337 0.0081748 -0.0171936 -0.0260897 -0.00687878 -0.0143044 0.00396187 -0.00390781 -0.0389749 -0.0208997 0.0175557 0.0212481 0.00686625
internal_weight=2.04869e+06 1.20574e+06 842951 107847 86477 17776 1.1766e+06 673571 503032 468859 75565 393294 68399 324895 68701 291899 234294 89948 144346 45677 24525 21152 16397 49194 28072 28281 10103 22722 34029 12292
internal_count=2048690 1205739 842951 107847 86477 17776 1176603 673571 503032 468859 75565 393294 68399 324895 68701 291899 234294 89948 144346 45677 24525 21152 16397 49194 28072 28281 10103 22722 34029 12292
is_linear=0
shrinkage=0.05


Tree=66
num_leaves=31
num_cat=0
split_feature=18 5 18 16 15 17 15 16 5 17 5 5 0 1 15 1 14 5 17 18 1 1 15 13 1 1 15 15 1 1
split_gain=499165 20168.3 5918.93 3711.83 4149.64 3403.15 3192.1 2767.1 2775.05 2766.42 4013.98 3341.25 3058.98 2513.78 2891.62 2824.04 2500.04 1511.69 1389.54 1496.7 2021.08 1458.74 1535.46 1327.13 1442.04 1287.04 1281.32 1239.15 2052.66 1445.11
threshold=-0.0044176316045538575 313.50000000000006 0.033615819209039555 0.21688681631710352 0.078222778473091378 18.500000000000004 18.201503759398502 15.278781333539966 19.500000000000004 39.500000000000007 28.500000000000004 24.500000000000004 -0.37940952255126065 0.60355339059327384 1.0000000180025095e-35 0.37940952255126048 1.0000000180025095e-35 30.500000000000004 151.50000000000003 0.76929848320693406 0.37940952255126048 0.1294095225512602 43.380749354005175 3.6204065448697627 0.60355339059327384 0.37940952255126048 0.17992805755395685 248.97200598802399 1.0000000180025095e-35 1.0000000180025095e-35
decision_type=10 2 10 10 8 10 8 10 2 10 2 2 2 2 8 2 2 2 10 10 2 2 10 2 2 2 8 8 2 2
left_child=-1 2 3 4 -2 6 -4 8 -7 10 11 -9 18 14 15 -5 -16 -12 19 20 -11 -21 -23 27 -25 -20 -15 29 -29 -14
right_child=1 -3 5 13 -6 7 -8 9 -10 12 17 -13 23 26 16 -17 -18 -19 25 21 -22 22 -24 24 -26 -27 -28 28 -30 -31
leaf_value=-0.0033865535638032355 0.0024067776000678289 8.520636588356945 0 0.00014433567370516218 -0.00131971053574695 0.021460407981119145 -0.12156114628682335 -0.012559776457972483 0.12960194966591382 0.08837030551814147 -0.0063313950185463598 0.06023034724357075 0.065549504559909627 -0.00017804349433778443 -0.0017530364024347799 -4.5868625673982735e-06 -0.010541145735952641 -0.0060631988550625239 0.38144262078523072 0.094976037423230519 0.39901266483879455 0.15005485664869697 -0.061976081221150281 -0.49614405131544292 0.90076462299320925 1.0042529945251417 -0.0019544000300258705 -0.28940007284366515 0.49272861034361598 -0.003045279538611112
leaf_weight=785763 6500 28469 707243 6267 2747 49102 4072 30190 24702 34556 13053 11695 69290 7820 31565 1571 25117 12544 20477 12920 11866 2501 17227 12379 1410 9466 10178 3234 5807 88959
leaf_count=785763 6500 28469 707243 6267 2747 49102 4072 30190 24702 34556 13053 11695 69290 7820 31565 1571 25117 12544 20477 12920 11866 2501 17227 12379 1410 9466 10178 3234 5807 88959
internal_value=-0.0178434 0.00162408 0.000664543 -0.0115529 0.0184871 0.00164567 -0.000479253 0.00514954 0.013964 0.00333022 -0.00578821 0.00374478 0.00545137 -0.0149192 -0.01031 0.0181551 -0.0142461 -0.0213873 0.0120687 0.00859492 0.0143639 0.000392061 -0.00816099 0.00146759 -0.0134419 0.021242 -0.0314424 0.00269652 0.0207001 0.00166794
internal_weight=2.04869e+06 1.26293e+06 1.23446e+06 91765 9247 1.14269e+06 711315 431378 73804 357574 67482 41885 290092 82518 64520 7838 56682 25597 109013 79070 46422 32648 19728 181079 13789 29943 17998 167290 9041 158249
internal_count=2048690 1262927 1234458 91765 9247 1142693 711315 431378 73804 357574 67482 41885 290092 82518 64520 7838 56682 25597 109013 79070 46422 32648 19728 181079 13789 29943 17998 167290 9041 158249
is_linear=0
shrinkage=0.05


Tree=67
num_leaves=31
num_cat=0
split_feature=18 5 11 16 5 16 15 15 1 15 1 5 11 5 0 15 5 11 15 16 14 15 0 1 18 16 18 1 18 5
split_gain=500221 19310.5 6007.29 4909.49 3985.75 4095.03 3847.24 2937.84 2043.58 3689.1 2928.24 2010.86 3039.01 3375.1 1972.8 2053.97 1689.15 1608.72 1357.89 1204.55 1169.46 1151.38 1122.17 1030.26 1362.87 933.934 1272.32 932.44 929.226 848.757
threshold=-0.0044176316045538575 339.50000000000006 1.0000000180025095e-35 0.21688681631710352 12.500000000000002 15.278781333539966 0.078222778473091378 370.7405956112853 0.60355339059327384 1.0000000180025095e-35 0.37940952255126048 33.500000000000007 28.833333333333339 23.500000000000004 -0.60355339059327362 41.650242718446613 39.500000000000007 19.833333333333339 14.19788232943762 1.0000000180025095e-35 1.0000000180025095e-35 16.206389452332662 -0.37940952255126065 0.25881904510252057 0.95130420054200548 97.501456421092811 0.76929848320693406 -0.9159756150367534 0.80461247525337598 241.50000000000003
decision_type=10 2 2 10 2 8 8 8 2 8 2 2 2 2 2 10 2 2 8 10 2 10 2 2 10 10 10 2 10 2
left_child=19 2 3 6 7 17 -2 -4 9 10 -5 12 13 -7 25 16 -16 18 -6 -1 -15 23 -10 -20 -25 26 -13 -3 -14 -17
right_child=1 27 4 8 5 11 -8 -9 22 -11 -12 14 28 20 15 29 -18 -19 21 -21 -22 -23 -24 24 -26 -27 -28 -29 -30 -31
leaf_value=-0.0032172258856130731 0.0022864387200644373 1.2511458225618526 0 0.00013711889001990409 0.056899998866701211 -0.011033170452516394 -0.0012537250089596026 -0.11548308897248219 -0.0017303670250776863 -0.0016653845823130409 -4.3575194390283596e-06 0.22041297304336674 -0.032430934698647287 0.05484488071830125 0.0014109661324514635 1.4274545705461606e-07 0.27080888848688645 0.13004987240972241 0.0093766131820197003 -0.0035824958581017587 0.052348959793560468 0.051402626746701867 -0.00017218084511399752 0.011682626526639251 -0.0057698479936980187 0.40549468541433387 -0.0014024562463788471 9.648869727744632 -0.0060423609822876758 0.29251596061735941
leaf_weight=746541 6318 1919 744460 6050 22356 43780 2659 4122 3964 38977 1548 20321 9274 8131 12334 152288 12913 22642 4846 39222 15582 8069 11342 2550 3326 26957 20676 23244 18386 13893
leaf_count=746541 6318 1919 744460 6050 22356 43780 2659 4122 3964 38977 1548 20321 9274 8131 12334 152288 12913 22642 4846 39222 15582 8069 11342 2550 3326 26957 20676 23244 18386 13893
internal_value=-0.0178103 0.00167777 0.000796234 -0.0133394 0.00165459 0.00556363 0.0212153 -0.000529868 -0.0183522 -0.0131433 0.0187286 0.00346524 -0.00275188 0.00296846 0.00574597 0.00314792 0.0164356 0.0172263 0.0113362 -0.0491328 0.0181609 0.00142888 -0.0342023 -0.00930796 -0.0233833 0.0130647 0.00831158 0.0450403 -0.0167101 0.00112919
internal_weight=2.04869e+06 1.26293e+06 1.23776e+06 70858 1.16691e+06 418324 8977 748582 61881 46575 7598 354535 95153 67493 259382 191428 25247 63789 41147 785763 23713 18791 15306 10722 5876 67954 40997 25163 27660 166181
internal_count=2048690 1262927 1237764 70858 1166906 418324 8977 748582 61881 46575 7598 354535 95153 67493 259382 191428 25247 63789 41147 785763 23713 18791 15306 10722 5876 67954 40997 25163 27660 166181
is_linear=0
shrinkage=0.05


Tree=68
num_leaves=31
num_cat=0
split_feature=18 5 11 16 5 16 15 15 17 0 14 0 0 18 12 15 17 16 17 5 15 5 5 16 15 15 18 15 18 15
split_gain=499797 18673.1 5975.11 4970.5 3939.74 3817.29 3758.95 2850.94 2492.17 2708.16 2666.39 1928.62 2474.73 1639.08 1612.85 1365.24 1401.01 1204.55 1203.27 1186.55 1637.78 4102.94 2229.57 1262.82 1296.29 1200.7 1181.27 1170.21 1363.79 997.639
threshold=-0.0044176316045538575 339.50000000000006 1.0000000180025095e-35 0.21688681631710352 12.500000000000002 15.278781333539966 0.078222778473091378 370.7405956112853 150.50000000000003 1.0000000180025095e-35 3.4980147469502532 0.91597561503675362 -0.37940952255126065 0.66709956709956719 19.916666666666668 14.19788232943762 16.500000000000004 1.0000000180025095e-35 67.500000000000014 16.500000000000004 29.004629629629633 30.500000000000004 23.500000000000004 19.62627092533635 19.442072271386433 14.19788232943762 0.77326460481099668 149.78549088210352 0.90238230289279653 98.995145631067984
decision_type=10 2 2 10 2 8 8 8 10 2 2 2 2 10 2 8 10 10 10 2 10 2 2 8 10 8 10 10 10 10
left_child=17 2 3 6 7 14 -2 -4 13 26 27 12 -5 18 15 -6 -17 -1 -7 -15 22 -22 23 24 -21 -25 -10 -11 -29 -23
right_child=1 -3 4 11 5 8 -8 -9 9 10 -12 -13 -14 19 -16 16 -18 -19 -20 20 21 29 -24 25 -26 -27 -28 28 -30 -31
leaf_value=-0.0030563645913324168 0.0021721167840612152 8.766426241357399 0 -0.0015663229731622923 0.054775809973749916 0.003002366811968216 -0.0011910387585116226 -0.10970893452385809 0.38354509995557184 0.40634701087357822 -0.59739080956353419 2.3078031392898357e-05 -0.0016400459721416672 -0.050629346214650012 0.12877987400488664 -0.0054813555940131488 0.034331057946509792 -0.0034033710651966698 0.19597932358317643 -0.008304866241442355 -0.030340590978399719 0.00031791833304914977 0.024706571016447756 0.18625459909149847 0.015527693543820043 -0.032349075570475172 0.46659543054329866 -0.13904505404477163 0.087375329686994976 -0.035149654316168011
leaf_weight=746541 6318 25163 744460 26786 22613 26418 2659 4122 28856 4815 12148 5842 29253 4498 21170 6025 13981 39222 34920 6727 7228 116615 29023 917 3592 7782 13116 4516 15541 37823
leaf_count=746541 6318 25163 744460 26786 22613 26418 2659 4122 28856 4815 12148 5842 29253 4498 21170 6025 13981 39222 34920 6727 7228 116615 29023 917 3592 7782 13116 4516 15541 37823
internal_value=-0.0178236 0.00165623 0.000789367 -0.0133083 0.00164542 0.00553184 0.0214604 -0.000526395 0.00350586 0.0113353 0.00147758 -0.0183522 -0.0212022 0.00126133 0.0167921 0.0111887 0.0016745 -0.0491328 0.00846783 -0.000802269 -0.000257264 -0.00266599 0.0078485 -0.00545799 0.00637174 -0.0194907 0.02003 0.0108556 0.00554171 -0.000942773
internal_weight=2.04869e+06 1.26293e+06 1.23776e+06 70858 1.16691e+06 418324 8977 748582 354535 78992 37020 61881 56039 275543 63789 42619 20006 785763 61338 214205 209707 161666 48041 19018 10319 8699 41972 24872 20057 154438
internal_count=2048690 1262927 1237764 70858 1166906 418324 8977 748582 354535 78992 37020 61881 56039 275543 63789 42619 20006 785763 61338 214205 209707 161666 48041 19018 10319 8699 41972 24872 20057 154438
is_linear=0
shrinkage=0.05


Tree=69
num_leaves=31
num_cat=0
split_feature=18 5 5 15 12 1 15 15 17 17 1 15 1 18 0 13 17 15 5 17 13 13 15 5 17 0 1 10 5 5
split_gain=501214 17810.6 4470.75 2829.95 6576.91 5029.53 2574.12 2469.61 2274.95 1564.57 3733.53 2621.83 7339.11 4429.82 1543.13 1823.22 1467.52 1860.28 3027.59 1792.02 1305.41 1291.68 1259.64 1583.19 1251.04 1170.43 1169.29 1135.2 1084.28 1123.52
threshold=-0.0044176316045538575 345.50000000000006 6.5000000000000009 1.0000000180025095e-35 1.0000000180025095e-35 0.78656609248549303 1.0000000180025095e-35 6.9196774193548398 13.500000000000002 150.50000000000003 0.37940952255126048 87.584965437788028 1.0000000180025095e-35 0.9923175290182964 -0.25881904510252113 2.8479344402135331 92.500000000000014 27.850199401794619 24.500000000000004 37.500000000000007 1.0000000180025095e-35 1.0000000180025095e-35 41.650242718446613 39.500000000000007 267.00000000000006 -0.37940952255126065 0.25881904510252057 187.50000000000003 53.500000000000007 50.500000000000007
decision_type=10 2 2 8 2 2 10 8 10 10 2 10 2 10 2 2 10 8 2 10 2 2 10 2 10 2 2 2 2 2
left_child=-1 2 3 5 -5 -2 -6 -4 -9 11 14 16 20 -14 -11 -16 17 18 -10 25 -13 -20 23 -21 27 -19 -18 -12 29 -24
right_child=1 -3 7 4 6 -7 -8 8 9 10 24 12 13 -15 15 -17 26 19 21 22 -22 -23 28 -25 -26 -27 -28 -29 -30 -31
leaf_value=-0.0029035463617657965 0.00023108980706597261 8.42810492928953 0.062889755276613987 -0.0015037992045392741 -0.10422348779766517 -7.8529978758111972e-05 0 -0.0017764150315526805 0.0073437022654943901 0.32869137952476707 0.2825336319784299 0.074141709628145952 -0.015525989278851427 -0.033392171600359434 0.062718476133004852 -0.73703821451897655 0.11256641598135371 -0.0098400052021494488 0.096290326027235376 0.0070951923772302194 0.062019179465851337 0.070626539899360186 -0.02242235305374294 0.19012026952187214 0.97987516322941137 -0.0011986064382348617 0.28471239397570863 0.0064839086694703958 0.0098316041967219554 -0.090162774877369151
leaf_weight=785763 14468 24606 34173 41795 3725 7501 663267 33308 115538 22614 13241 9957 27514 16694 19276 10451 32924 7592 16479 14814 11578 14116 15305 9500 8353 17759 9462 6163 35844 4910
leaf_count=785763 14468 24606 34173 41795 3725 7501 663267 33308 115538 22614 13241 9957 27514 16694 19276 10451 32924 7592 16479 14814 11578 14116 15305 9500 8353 17759 9462 6163 35844 4910
internal_value=-0.017779 0.00172845 0.000891449 -0.00161237 -0.00216017 0.0160613 -0.000954509 0.00449627 0.00355921 0.00451277 0.010833 0.00310651 -0.00592078 -0.0175805 0.00297186 -0.0045161 0.00512349 0.0036749 0.00732997 -0.00137717 0.0180149 0.0213156 0.00227875 0.0117833 0.0256566 -0.0129679 0.0137309 0.018692 -0.00184359 -0.0111031
internal_weight=2.04869e+06 1.26293e+06 1.23832e+06 730756 708787 21969 666992 507565 473392 440084 80098 359986 65743 44208 52341 29727 294243 251857 146133 105724 21535 30595 80373 24314 27757 25351 42386 19404 56059 20215
internal_count=2048690 1262927 1238321 730756 708787 21969 666992 507565 473392 440084 80098 359986 65743 44208 52341 29727 294243 251857 146133 105724 21535 30595 80373 24314 27757 25351 42386 19404 56059 20215
is_linear=0
shrinkage=0.05


Tree=70
num_leaves=31
num_cat=0
split_feature=18 5 5 16 15 11 15 1 16 5 1 18 1 11 0 15 10 1 18 13 15 15 10 5 14 16 18 16 14 0
split_gain=498482 16933.5 4753.91 3721.83 2955.75 2614.12 5370.63 5262.48 5044.23 1632.64 4409.73 1933.16 2884.98 1585.81 1374.4 1306.51 1255.73 1250.44 3110.8 2259.84 3676.93 3308.34 1993 1741.96 1254.29 1205.92 1150.91 1128.53 1600.05 1075.57
threshold=-0.0044176316045538575 349.50000000000006 12.500000000000002 15.278781333539966 229.03278688524594 1.0000000180025095e-35 1.0000000180025095e-35 0.60355339059327384 0.21688681631710352 241.50000000000003 1.0000000180025095e-35 0.60814762130551614 0.25881904510252057 19.833333333333339 -0.25881904510252113 14.19788232943762 -1.0000000180025095e-35 -0.12940952255126037 0.97146927146927153 1.0000000180025095e-35 98.995145631067984 99.012987012987026 95.500000000000014 67.500000000000014 4.504624876411448 1.0000000180025095e-35 0.74570365558377139 84.285221143473578 2.2760649757947951 -0.25881904510252113
decision_type=10 2 2 8 8 2 10 2 10 2 2 10 2 2 2 8 2 2 10 2 10 10 2 2 2 10 10 10 2 2
left_child=25 2 4 13 5 6 7 -2 -9 11 14 12 -5 15 -11 -4 -8 18 27 20 22 -22 -19 -20 -21 -1 -3 -13 -29 -18
right_child=1 26 3 9 -6 -7 16 8 -10 10 -12 17 -14 -15 -16 -17 29 19 23 24 21 -23 -24 -25 -26 -27 -28 28 -30 -31
leaf_value=-0.0027583690436775057 0.00021953531671267397 1.7852234333876567 0.050949023311403968 0.063549613095272059 -0.099012313407781924 0 0.00092621547752319566 0.0020674374437960603 -7.4603479820206371e-05 0.34717294821773809 0.73848072235610696 -0.030046019693503824 0.42033082411075856 0.11614753048425204 -0.63706994987842058 0.0027395779044919522 -0.0014128168642772139 -0.0019989404808619326 0.0014106269884500478 0.0070644191192521079 -0.03172256302034171 -0.041272690124054635 0.065823822371191915 0.0704346241467384 0.28048239532553082 -0.0030880251938485482 8.6566996828250531 0.14750223855091421 -0.10495190413979644 -0.0014828537133076203
leaf_weight=746541 10507 3947 22356 59411 4843 744410 935 2228 6620 4224 10725 44602 14305 22642 5653 18791 26221 71265 15533 49798 8118 16925 3959 14032 10374 39222 20053 14096 12679 23675
leaf_count=746541 10507 3947 22356 59411 4843 744410 935 2228 6620 4224 10725 44602 14305 22642 5653 18791 26221 71265 15533 49798 8118 16925 3959 14032 10374 39222 20053 14096 12679 23675
internal_value=-0.0178646 0.00158964 0.000783823 0.00511266 -0.0014322 -0.00120066 -0.0104252 0.0119892 -0.0164218 0.00311823 0.0167799 0.0022783 0.00942943 0.016234 -0.0073251 0.0103859 -0.0189599 0.000261496 0.00462147 -0.00248163 -0.0070786 -0.0236733 -0.00155403 0.0182598 0.00517849 -0.0491326 0.0431875 -0.00102764 0.00708683 -0.0200357
internal_weight=2.04869e+06 1.26293e+06 1.23893e+06 419488 819439 814596 70186 19355 8848 355699 20602 335097 73716 63789 9877 41147 50831 261381 100942 160439 100267 25043 75224 29565 60172 785763 24000 71377 26775 49896
internal_count=2048690 1262927 1238927 419488 819439 814596 70186 19355 8848 355699 20602 335097 73716 63789 9877 41147 50831 261381 100942 160439 100267 25043 75224 29565 60172 785763 24000 71377 26775 49896
is_linear=0
shrinkage=0.05


Tree=71
num_leaves=31
num_cat=0
split_feature=11 15 5 17 15 16 5 16 1 15 5 17 1 5 17 11 1 15 17 17 14 5 9 0 0 0 17 9 17 15
split_gain=465136 23058.2 15612.1 5621.63 6206.63 4966.1 3491.66 3530.77 3172.08 2810.86 2608.56 2530.18 4053.68 2164.31 1569.49 1558.41 1556.45 4315.37 3959.06 2527.28 2657.64 1771.24 1715.19 1587.8 1553.01 1522 1722.26 1347.04 2704.69 1375.75
threshold=1.0000000180025095e-35 -1.0000000180025095e-35 378.50000000000006 1.0000000180025095e-35 1.0000000180025095e-35 0.9127059425920907 12.500000000000002 15.278781333539966 0.60355339059327384 370.7405956112853 -1.0000000180025095e-35 150.50000000000003 0.1294095225512602 274.50000000000006 308.00000000000006 19.833333333333339 -0.12940952255126037 98.995145631067984 99.500000000000014 73.500000000000014 1.0000000180025095e-35 95.500000000000014 124.50000000000001 0.60355339059327384 0.91597561503675362 -0.25881904510252113 291.50000000000006 73.500000000000014 36.500000000000007 35.121519816573873
decision_type=2 10 2 10 10 10 2 8 2 8 2 10 2 2 10 2 2 10 10 10 2 2 2 2 2 2 10 2 10 8
left_child=1 -1 6 -3 5 -5 9 15 24 -2 14 16 25 -14 -6 -8 19 21 -19 -9 -21 27 -20 -22 -7 -13 -27 28 29 -18
right_child=2 3 -4 4 10 8 7 11 -10 -11 -12 12 13 -15 -16 -17 17 18 22 20 23 -23 -24 -25 -26 26 -28 -29 -30 -31
leaf_value=-0.0026204505914936282 0 -0.031940960761459046 8.323864698683801 0.0019640655716062572 -0.0029336239341561212 5.5331398951074097e-05 0.021207918451634545 -0.0017983935502559945 -7.0873305829196044e-05 -0.094061697737392813 -0.0013579684010984498 0.31528500671942156 0.17236780718467914 1.1738646986838006 0.00087990470364703868 0.11034015396003945 -0.0012340025054612626 -0.030136434869324803 0.021231892413366184 0.066912892939401308 0.12389152480830745 0.073095108051831656 -0.074407929527758654 -0.088739682732919087 -6.0712636567889374e-07 0.024105055414819533 -0.90728650393371602 -0.018254647560912218 0.043549262639297127 -0.058477570189222311
leaf_weight=735841 745643 21370 20799 7040 28268 2833 41147 56618 6321 4127 50036 19358 28193 7777 1020 22642 35901 8170 10294 14073 35999 6245 7932 12955 2704 20626 7402 30703 54084 2569
leaf_count=735841 745643 21370 20799 7040 28268 2833 41147 56618 6321 4127 50036 19358 28193 7777 1020 22642 35901 8170 10294 14073 35999 6245 7932 12955 2704 20626 7402 30703 54084 2569
internal_value=-0.0179727 -0.0461109 0.00219927 -0.0257484 -0.0206919 0.00505874 0.00143754 0.00507159 -0.0146905 -0.000611187 -0.0268267 0.00314504 0.0107779 0.0234334 -0.038678 0.0159111 0.000835986 -0.00245609 -0.020882 0.00512558 0.0120131 0.00129959 -0.00791726 0.00650815 0.0129402 0.00117123 -0.00627587 -1.66319e-05 0.00299393 -0.00714063
internal_weight=2.04869e+06 855433 1.19326e+06 119592 98222 18898 1.17246e+06 422688 11858 749770 79324 358899 83356 35970 29288 63789 275543 155898 26396 119645 63027 129502 18226 48954 5537 47386 28028 123257 92554 38470
internal_count=2048690 855433 1193257 119592 98222 18898 1172458 422688 11858 749770 79324 358899 83356 35970 29288 63789 275543 155898 26396 119645 63027 129502 18226 48954 5537 47386 28028 123257 92554 38470
is_linear=0
shrinkage=0.05


Tree=72
num_leaves=31
num_cat=0
split_feature=18 11 11 16 15 17 15 1 17 18 11 16 1 17 13 1 15 11 1 1 14 15 16 15 17 1 17 15 1 17
split_gain=493931 15164.5 5102.93 4723.08 3758.95 2800.05 3813.32 5462.35 3606.39 1638.41 1555.95 3892 1541.13 2873 2239 1377.26 3773.72 1349.48 1272.52 1350.89 1246.56 1246.3 1206.53 1185.53 1210.53 1695.6 1100.21 1143.01 1941.1 1415.84
threshold=-0.0044176316045538575 349.83333333333343 1.0000000180025095e-35 0.21688681631710352 0.078222778473091378 99.500000000000014 98.995145631067984 -0.12940952255126037 48.500000000000007 0.76638220329809126 12.833333333333334 15.278781333539966 0.37940952255126048 259.50000000000006 1.3307163456488713 0.60355339059327384 1.0000000180025095e-35 19.833333333333339 1.0000000180025095e-35 0.37940952255126048 4.9902681131612852 87.584965437788028 1.0000000180025095e-35 14.19788232943762 16.500000000000004 0.25881904510252057 39.500000000000007 43.380749354005175 0.25881904510252057 60.500000000000007
decision_type=10 2 2 10 8 10 8 2 10 10 2 8 2 10 2 2 8 2 2 2 2 10 10 10 10 2 10 10 2 10
left_child=22 2 3 4 -2 6 10 8 -8 -3 -4 17 20 14 21 16 18 23 -5 -20 -7 -14 -1 -12 25 -25 -13 28 -28 -29
right_child=1 9 5 15 -6 12 7 -9 -10 -11 11 26 13 -15 -16 -17 -18 -19 19 -21 -22 -23 -24 24 -26 -27 27 29 -30 -31
leaf_value=-0.0024894280619189471 0.0019182727815328935 1.3595403649306235 0 0.0001103552722967274 -0.00091425575463877399 0.10633137847782166 -0.089358612850523184 -0.028629613125858811 0.059685322611503722 7.9076714637496117 0.047076238621263047 -0.0012993833514640231 0.44326813252604896 0.89861821347880388 0.55255897992386449 -7.0369166030838563e-05 -0.0012900699810435273 0.098471126800196637 -5.7677004739494902e-07 5.2564829003520399e-05 -0.11247191626330029 -0.0099908129422942703 -0.002786942737448317 0.0076172903715382217 0.029510996964291759 -0.0067718477453936115 0.022892607170620673 -0.043558214685198139 0.093122371838473939 0.0026665276736373756
leaf_weight=746541 6318 4578 740543 3232 2659 58341 2046 11773 4429 19342 21023 70067 3078 9559 11475 15306 38977 21759 2818 1548 30495 24752 39222 2545 12242 3352 32269 10756 17098 80547
leaf_count=746541 6318 4578 740543 3232 2659 58341 2046 11773 4429 19342 21023 70067 3078 9559 11475 15306 38977 21759 2818 1548 30495 24752 39222 2545 12242 3352 32269 10756 17098 80547
internal_value=-0.0180072 0.00135796 0.000596688 -0.0124319 0.0214604 0.00138698 0.000492116 -0.0221613 0.0147259 0.0407901 0.000900513 0.00413719 0.00808351 0.0152157 0.00923674 -0.0173486 -0.0130725 0.0152681 0.0191629 0.00155749 0.00416048 0.00157384 -0.0491322 0.00972116 0.000355587 -0.018255 0.000919392 0.00346911 0.00959852 0.000154978
internal_weight=2.04869e+06 1.26293e+06 1.23901e+06 70858 8977 1.16815e+06 1.03045e+06 18248 6475 23920 1.0122e+06 271658 137700 48864 39305 61881 46575 60921 7598 4366 88836 27830 785763 39162 18139 5897 210737 140670 49367 91303
internal_count=2048690 1262927 1239007 70858 8977 1168149 1030449 18248 6475 23920 1012201 271658 137700 48864 39305 61881 46575 60921 7598 4366 88836 27830 785763 39162 18139 5897 210737 140670 49367 91303
is_linear=0
shrinkage=0.05


Tree=73
num_leaves=31
num_cat=0
split_feature=18 5 5 11 16 5 18 0 18 16 12 5 16 10 5 14 16 5 16 5 5 18 18 0 13 10 0 16 18 0
split_gain=494170 15410.5 4251.31 2473.37 4242.2 1596.38 2412.86 2459.56 1474.11 1417.32 5465.91 1408.61 1206.53 1064.34 1835.09 1007.71 991.627 859.969 1177.15 855.592 2357.42 1991 749.251 743.94 1373.79 719.1 710.795 691.815 909.07 691.505
threshold=-0.0044176316045538575 384.50000000000006 6.5000000000000009 1.0000000180025095e-35 0.21688681631710352 241.50000000000003 0.83737870884513999 -0.25881904510252113 0.6207344379758174 19.62627092533635 19.916666666666668 20.500000000000004 1.0000000180025095e-35 119.50000000000001 42.500000000000007 0.53867513459481298 15.278781333539966 12.500000000000002 7.3472557955220932 28.500000000000004 33.500000000000007 0.89486842105263176 0.66634491634491644 0.25881904510252091 0.64395055085937891 8.5000000000000018 1.0000000180025095e-35 34.620725727361894 0.97695258705488897 -0.25881904510252113
decision_type=10 2 2 2 10 2 10 2 10 8 2 2 10 2 2 2 10 2 10 2 2 10 10 2 2 2 2 10 10 2
left_child=12 2 3 4 -2 8 7 -7 13 10 16 -11 -1 14 25 -12 17 18 -10 21 -21 -13 -3 -8 -25 -4 -15 28 -22 -6
right_child=1 22 5 -5 29 6 23 -9 9 11 15 19 -14 26 -16 -17 -18 -19 -20 20 27 -23 -24 24 -26 -27 -28 -29 -30 -31
leaf_value=-0.0023649566588229975 0.0017673613848717649 0.7762564326731124 0.050877690721935709 0 -0.0012097741019562545 0.91779242686988172 0.68731899606619329 -0.99868645416617319 0.003109524988171586 -0.030872190588336502 0.070060234328215107 -0.011047531010469847 -0.0026475956005759028 0.079218764637923308 0.35754651151665018 0.067375324755618138 -0.013345741374338438 0.010497889785111437 -0.0019038447441487528 -0.0071009834826615053 0.0073957430065251023 0.034366104283525982 7.6622878905621299 0.38334858025345969 -0.34136718696404389 0.020404976713316536 -1.16575273812817 0.0007396186080612211 0.074872072762552477 -0.0012763091085351405
leaf_weight=746541 8977 1228 19022 659899 29019 5326 6882 3879 23984 5379 20543 7993 39222 5631 28219 10001 11301 34362 29232 20663 11100 8961 19044 5833 2410 67033 2946 177652 3547 32861
leaf_count=746541 8977 1228 19022 659899 29019 5326 6882 3879 23984 5379 20543 7993 39222 5631 28219 10001 11301 34362 29232 20663 11100 8961 19044 5833 2410 67033 2946 177652 3547 32861
internal_value=-0.0179997 0.00137015 0.000664706 -0.00178302 -0.0106602 0.00415893 0.0166584 -0.00352526 0.00353519 0.00193958 0.00614226 -0.000372086 -0.0491322 0.00827222 0.00954723 0.02463 0.000431335 0.00223001 -0.00175135 0.000219645 -0.000640959 0.0110298 0.0446133 0.0289421 0.0188099 0.00591889 -0.00871517 0.00108347 0.011528 -0.01532
internal_weight=2.04869e+06 1.26293e+06 1.24266e+06 730756 70857 511899 24330 9205 487569 364718 129423 235295 785763 122851 114274 30544 98879 87578 53216 229916 212962 16954 20272 15125 8243 86055 8577 192299 14647 61880
internal_count=2048690 1262927 1242655 730756 70857 511899 24330 9205 487569 364718 129423 235295 785763 122851 114274 30544 98879 87578 53216 229916 212962 16954 20272 15125 8243 86055 8577 192299 14647 61880
is_linear=0
shrinkage=0.05


Tree=74
num_leaves=31
num_cat=0
split_feature=12 17 11 15 11 14 17 15 1 17 0 14 17 16 11 16 17 11 0 0 1 16 1 1 6 14 15 15 6 1
split_gain=458851 36230.4 14230.3 5728.83 9135.69 3706.28 2884.63 3826.79 5009.9 3415.63 2601.62 2251.89 2080.99 1464.06 1284.13 3474.9 1257.68 1193.21 1145.39 1105.11 1096.45 1069.51 2070.81 1048.94 1021.59 1009.51 1003.67 951.284 1172.27 2473.58
threshold=-1.0000000180025095e-35 1.0000000180025095e-35 380.83333333333343 1.0000000180025095e-35 1.0000000180025095e-35 1.0000000180025095e-35 122.50000000000001 98.995145631067984 -0.12940952255126037 48.500000000000007 1.0000000180025095e-35 5.0894769786291691 308.00000000000006 -0.84841212603516436 12.833333333333334 15.278781333539966 22.500000000000004 21.833333333333339 0.98296291314453421 -0.25881904510252113 -0.9159756150367534 38.464354930647922 0.78656609248549303 0.1294095225512602 93.500000000000014 1.0000000180025095e-35 87.584965437788028 98.995145631067984 244.50000000000003 1.0000000180025095e-35
decision_type=2 10 2 8 2 2 10 8 2 10 2 2 10 10 2 8 10 2 2 2 2 10 2 2 2 2 10 10 2 2
left_child=12 -2 3 5 19 21 7 14 9 -9 -8 27 13 -1 -6 17 23 -16 -15 -5 -4 -3 -23 -17 26 -10 -18 -12 -29 -30
right_child=1 2 20 4 6 -7 10 8 25 -11 11 -13 -14 18 15 16 24 -19 -20 -21 -22 22 -24 -25 -26 -27 -28 28 29 -31
leaf_value=-0.0022467088258818491 -0.030101193487349 0.0001686529641086481 0.24149766939239897 -0.0011492853968584418 0 -0.0089090860940902895 0.25427781964636298 -0.084890682207997031 -0.027235113399969181 0.056664075550525439 0.39392236489710869 -0.47901818077624619 0.00096090167261467805 -0.0025152158205471067 0.023674417682729931 -0.0037501506062413096 0.0020011016749704072 0.18044478430519284 -0.0025152158205471067 -0.0012282860331434792 7.3749085272284907 6.4097385997346085e-05 -3.0352523025396091e-06 -0.010871229863521847 0.013655784722678277 -0.030477428274383558 -0.026910114405848163 -0.0091386295075636791 -0.32952031777944912 0.50348087883500348
leaf_weight=685101 35383 16881 1539 26796 738578 4945 67837 2045 11340 4642 5893 13260 999 58987 46612 8418 176848 13848 3906 24484 19058 2012 1065 7399 13117 1737 14454 31842 3304 6360
leaf_count=685101 35383 16881 1539 26796 738578 4945 67837 2045 11340 4642 5893 13260 999 58987 46612 8418 176848 13848 3906 24484 19058 2012 1065 7399 13117 1737 14454 31842 3304 6360
internal_value=-0.0178722 9.10982e-05 0.00148764 0.000805006 0.000319942 0.0245452 0.00122716 0.000353163 -0.021438 0.0137655 0.00829442 0.000770702 -0.0490431 -0.0491394 0.000775699 0.00365449 0.000739661 0.0142722 -0.0418385 -0.0203354 0.0427077 0.0341467 0.00703607 -0.0128438 0.00179068 -0.0394395 0.000865124 0.00586616 0.00319713 0.0184499
internal_weight=2.04869e+06 1.2997e+06 1.26431e+06 1.24372e+06 1.21881e+06 24903 1.16753e+06 1.03904e+06 19764 6687 128496 60659 748993 747994 1.01927e+06 280696 220236 60460 62893 51280 20597 19958 3077 15817 204419 13077 191302 47399 41506 9664
internal_count=2048690 1299697 1264314 1243717 1218814 24903 1167534 1039038 19764 6687 128496 60659 748993 747994 1019274 280696 220236 60460 62893 51280 20597 19958 3077 15817 204419 13077 191302 47399 41506 9664
is_linear=0
shrinkage=0.05


Tree=75
num_leaves=31
num_cat=0
split_feature=12 15 5 17 15 5 16 15 17 0 13 5 0 16 0 17 15 17 15 5 10 17 5 0 15 10 10 14 17 15
split_gain=456597 23022.8 14331 6276.64 14692.1 2971.73 3602.24 3091.64 2021.92 2399.74 2794.63 1832.9 1747.66 3990.1 2576.77 1585.66 1410.68 1161.26 1362.89 1312.26 1149.82 1945.65 1112.35 1080.05 1026.73 1607.43 986.763 952.171 930.21 928.295
threshold=1.0000000180025095e-35 -1.0000000180025095e-35 414.50000000000006 1.0000000180025095e-35 1.0000000180025095e-35 20.500000000000004 19.62627092533635 370.7405956112853 150.50000000000003 1.0000000180025095e-35 2.2586347517122234 -1.0000000180025095e-35 0.60355339059327384 2.3196210074686161 -1.0000000180025095e-35 308.00000000000006 27.850199401794619 37.500000000000007 98.995145631067984 93.500000000000014 73.500000000000014 72.500000000000014 24.500000000000004 -0.37940952255126065 109.51431735484893 124.50000000000001 21.500000000000004 0.53867513459481298 286.50000000000006 109.51431735484893
decision_type=2 10 2 10 10 2 10 8 10 2 2 2 2 10 2 10 10 10 10 2 2 10 2 2 10 2 2 2 10 10
left_child=1 -1 5 -3 12 7 27 26 16 -10 29 15 13 -5 -15 -6 22 23 19 20 21 -19 -8 -18 -20 -26 -2 -7 -12 -11
right_child=2 3 -4 4 11 6 8 -9 9 10 28 -13 -14 14 -16 -17 17 18 24 -21 -22 -23 -24 -25 25 -27 -28 -29 -30 -31
leaf_value=-0.0021343733845877568 0 -0.028596133812981553 7.1104280696725972 0.0016705606674227444 -0.0023894550295197495 0.12974617099944014 -0.0040044204529726462 -0.086565376524231782 0.39732121536345633 0.39879682290433111 -0.28119587319645806 -0.001107613507050616 0.00010531939477466902 0.00014367243949123934 -8.4283750148696892e-06 0.00091285658898394579 -0.0068459893922769412 -0.0072602665100484744 -0.025873357729970792 0.023826103828542958 -0.017990935149897781 0.11471563470061535 0.050046757061226188 -0.00041320222925556038 0.065041334526426908 -0.040385277520380215 -0.035304859679461675 0.071105007776933959 -1.6619867072602625 0.050664965838744538
leaf_weight=735104 826358 21370 18090 4588 27285 15612 9752 4639 44812 3471 7007 40420 7968 1413 3807 996 7042 41584 17672 16680 43323 35160 23867 16075 9719 11186 10432 13587 4230 25441
leaf_count=735104 826358 21370 18090 4588 27285 15612 9752 4639 44812 3471 7007 40420 7968 1413 3807 996 7042 41584 17672 16680 43323 35160 23867 16075 9719 11186 10432 13587 4230 25441
internal_value=-0.0180669 -0.0462978 0.00166968 -0.0247244 -0.0187281 0.000996928 0.00489602 -0.000607419 0.0033482 0.00994751 0.00106977 -0.0292114 0.0217878 0.00765701 -0.0222414 -0.0389749 0.000932087 -0.000672492 0.000716388 0.00305784 0.00123223 0.00490853 0.0104033 -0.011206 -0.00758353 -8.3712e-05 -0.000381756 0.0217011 -0.0200899 0.00929372
internal_weight=2.04869e+06 842951 1.20574e+06 107847 86477 1.18765e+06 346220 841429 317021 84961 40149 68701 17776 9808 5220 28281 232060 198441 175324 136747 120067 76744 33619 23117 38577 20905 836790 29199 11237 28912
internal_count=2048690 842951 1205739 107847 86477 1187649 346220 841429 317021 84961 40149 68701 17776 9808 5220 28281 232060 198441 175324 136747 120067 76744 33619 23117 38577 20905 836790 29199 11237 28912
is_linear=0
shrinkage=0.05


Tree=76
num_leaves=31
num_cat=0
split_feature=18 5 5 15 12 1 16 15 5 1 16 5 0 17 0 15 1 17 15 5 1 13 18 15 12 0 18 17 17 15
split_gain=490301 14220.6 3265.55 2818.23 6686.61 4896.33 3494.91 2578.95 1696.44 5527.04 1994.71 2389.5 1830.86 1514.36 1517.05 1412.03 1675.53 2865.39 1334.8 2308.81 1338.55 3659.44 2735.72 4437.88 2286.63 1250.59 1484 1239.93 1222.48 1266.98
threshold=-0.0044176316045538575 424.50000000000006 9.5000000000000018 1.0000000180025095e-35 1.0000000180025095e-35 0.78656609248549303 0.3913968547641074 1.0000000180025095e-35 245.50000000000003 1.0000000180025095e-35 15.278781333539966 17.500000000000004 1.0000000180025095e-35 39.500000000000007 -0.60355339059327362 9.8576036866359456 0.25881904510252057 16.500000000000004 41.650242718446613 39.500000000000007 1.0000000180025095e-35 1.0000000180025095e-35 0.9923175290182964 98.995145631067984 90.083333333333357 -0.9159756150367534 0.76929848320693406 150.50000000000003 11.500000000000002 14.19788232943762
decision_type=10 2 2 8 2 2 10 10 2 2 8 2 2 10 2 8 2 10 10 2 2 2 10 10 2 2 10 10 10 8
left_child=-1 2 3 5 -5 -2 -7 -6 10 12 11 15 -10 -12 25 -4 -17 28 19 -16 21 -20 -22 24 -24 -15 -27 -25 -18 -30
right_child=1 -3 8 4 7 6 -8 -9 9 -11 13 -13 -14 14 18 16 17 -19 20 -21 22 -23 23 27 -26 26 -28 -29 29 -31
leaf_value=-0.0020276547153583679 0.00010005342503593556 6.8549066661889668 0.022949082562763758 -0.0010522328316980854 -0.082237107698020201 0.0015896199031291422 -8.0069562641262057e-06 0 0.30291489843898489 0.70892471911980981 -0.0033672362512514376 0.073676432473532394 -0.70717058377252051 0.016360140562539982 -0.00029373750351631146 0.0018628613456971978 -0.0081615535508117176 0.021448366345359206 0.059006465340425508 0.23752693439607564 -0.0013159749554326084 -0.035084777985942138 -0.024665061928060797 -0.024579689843471898 0.0034155692038879693 0.30189562456512853 0.011225498391972621 -0.054792760843388071 -4.9204982910389106e-05 -0.0081418707315160429
leaf_weight=785763 14853 17526 22327 41795 3943 1895 5674 709037 6734 13416 72677 30295 6187 33472 22646 24474 3652 9578 17422 12818 66475 49369 5037 10671 4046 28693 15551 2502 6642 3520
leaf_count=785763 14853 17526 22327 41795 3943 1895 5674 709037 6734 13416 72677 30295 6187 33472 22646 24474 3652 9578 17422 12818 66475 49369 5037 10671 4046 28693 15551 2502 6642 3520
internal_value=-0.0181217 0.0011722 0.000542797 -0.00144442 -0.00196337 0.0160244 -0.0167063 -0.000823936 0.00384149 0.0161693 0.0031067 0.00929862 -0.0071705 0.00128406 0.00301598 0.00423333 -0.000610036 -0.0101787 0.000619417 0.00937289 -0.00137665 0.00396985 -0.00540116 -0.0205742 0.00631399 0.0089055 0.0144223 -0.0391141 -0.0247503 -0.0158335
internal_weight=2.04869e+06 1.26293e+06 1.2454e+06 777197 754775 22422 7569 712980 468204 26337 441867 100488 12921 341379 268702 70193 47866 23392 190986 35464 155522 66791 88731 22256 9083 77716 44244 13173 13814 10162
internal_count=2048690 1262927 1245401 777197 754775 22422 7569 712980 468204 26337 441867 100488 12921 341379 268702 70193 47866 23392 190986 35464 155522 66791 88731 22256 9083 77716 44244 13173 13814 10162
is_linear=0
shrinkage=0.05


Tree=77
num_leaves=31
num_cat=0
split_feature=12 15 5 17 15 1 5 15 15 17 1 5 5 1 15 17 17 14 5 14 17 12 10 0 14 0 17 0 13 14
split_gain=453176 22991.8 13674.7 6268.01 14633.8 4183.82 2609.14 3685 3000.48 2257.87 3324.73 2533.37 1832.9 1781.18 4439.18 3429.38 2572.25 2701.82 1637.07 1602.62 1585.66 1461.82 1442.31 1289.71 1609.3 1252.82 1175.95 1167.74 1062.07 1035.14
threshold=1.0000000180025095e-35 -1.0000000180025095e-35 431.50000000000006 1.0000000180025095e-35 1.0000000180025095e-35 0.78656609248549303 21.500000000000004 27.850199401794619 370.7405956112853 150.50000000000003 0.1294095225512602 282.50000000000006 -1.0000000180025095e-35 1.0000000180025095e-35 98.995145631067984 99.500000000000014 73.500000000000014 1.0000000180025095e-35 124.50000000000001 0.53867513459481298 308.00000000000006 96.083333333333357 113.50000000000001 -0.25881904510252113 5.523936518909367 0.60355339059327384 140.50000000000003 -1.0000000180025095e-35 2.107525783562807 2.3716919779869605
decision_type=2 10 2 10 10 2 2 10 8 10 2 2 2 2 10 10 10 2 2 2 10 2 2 2 2 2 10 2 2 2
left_child=1 -1 6 -3 5 -5 8 19 -2 13 22 29 20 16 21 -16 -9 -18 -17 -8 -6 28 -11 -24 -25 26 -19 -7 -15 -12
right_child=2 3 -4 4 12 27 7 9 -10 10 11 -13 -14 14 15 18 17 25 -20 -21 -22 -23 23 24 -26 -27 -28 -29 -30 -31
leaf_value=-0.0019262719795904494 0 -0.027064944386564555 6.6121613328795181 9.5050753784138792e-05 -0.0021685995422758455 0.00013688916532988366 0.066434439520308794 -0.0056060226409949017 -0.078125252313119176 0.36073315171227449 0.028579354015691651 1.1724485854246696 -0.00099962119011318107 -0.0014945308784383828 -0.023350705351298018 0.011891254816696773 0.056056142073403953 0.057662560580670257 -0.078170204440142763 0.065951118042743853 0.00091982540111964497 0.082781672665115741 0.25863633661978974 -0.010332825734650442 -1.0582146908110859 -0.089314280862192424 0.30469891421684497 -7.6066084509198957e-06 0.28304902356509504 0.58400100311416026
leaf_weight=735104 842902 21370 17028 11663 27285 959 25167 27027 4674 10826 16412 7666 40420 79223 8128 9445 14092 30516 8071 28547 996 3883 12632 15049 9635 12764 4297 5154 5072 12683
leaf_count=735104 842902 21370 17028 11663 27285 959 25167 27027 4674 10826 16412 7666 40420 79223 8128 9445 14092 30516 8071 28547 996 3883 12632 15049 9635 12764 4297 5154 5072 12683
internal_value=-0.018175 -0.0462999 0.00148755 -0.0247411 -0.0187489 0.0216865 0.000850249 0.00454263 -0.000635872 0.00229611 0.00914043 0.0204633 -0.0292114 -0.000573282 -0.00471262 -0.0230229 0.00473866 0.0103756 -0.0105675 0.0165637 -0.0389749 0.000612398 0.000494371 -0.00416711 -0.0108167 0.00467978 0.00959268 -0.0118191 -0.000769322 0.0137257
internal_weight=2.04869e+06 842951 1.20574e+06 107847 86477 17776 1.18871e+06 341135 847576 287421 84903 36761 68701 202518 113822 25644 88696 61669 17516 53714 28281 88178 48142 37316 24684 47577 34813 6113 84295 29095
internal_count=2048690 842951 1205739 107847 86477 17776 1188711 341135 847576 287421 84903 36761 68701 202518 113822 25644 88696 61669 17516 53714 28281 88178 48142 37316 24684 47577 34813 6113 84295 29095
is_linear=0
shrinkage=0.05


Tree=78
num_leaves=31
num_cat=0
split_feature=18 5 18 16 1 1 17 10 18 17 1 16 17 1 5 1 16 10 17 5 5 18 6 17 16 12 17 10 5 1
split_gain=486479 13606.6 2667.65 3215 2211.82 2117.18 2014.58 1649.81 1546.9 2195.03 2914.3 1207.21 1200.03 1044.9 1042.75 846.771 987.607 844.248 1345.2 947.862 1054.53 790.185 731.574 710.225 2470.76 1721.34 974.988 855.972 1622.33 1159.81
threshold=-0.0044176316045538575 384.50000000000006 0.033615819209039555 0.21688681631710352 0.78656609248549303 1.0000000180025095e-35 122.50000000000001 98.500000000000014 0.75017337031900155 252.50000000000003 1.0000000180025095e-35 1.0000000180025095e-35 13.500000000000002 -0.78656609248549325 40.500000000000007 1.0000000180025095e-35 58.47071984134363 124.50000000000001 150.50000000000003 184.50000000000003 167.50000000000003 0.031320067264574002 1.0000000180025095e-35 18.500000000000004 15.278781333539966 19.916666666666668 24.500000000000004 28.500000000000004 24.500000000000004 -0.12940952255126037
decision_type=10 2 10 10 2 2 10 2 10 10 2 10 10 2 2 2 8 2 10 2 2 10 2 10 8 2 10 2 2 2
left_child=11 2 3 -2 5 -5 22 14 -9 15 -11 -1 -7 -3 -8 -10 -17 -18 -19 20 -20 -14 -4 -24 25 -25 -26 28 -28 -29
right_child=1 13 6 4 -6 12 7 8 9 10 -12 -13 21 -15 -16 16 17 18 19 -21 -22 -23 23 24 26 -27 27 29 -30 -31
leaf_value=-0.0018299583806109243 0.001510519238395231 0.78809432985829631 0.00023917580574074339 -0.00094964013060752194 -0.0011508667629507423 -0.00094964013060752194 0.025447647008975241 -0.11672137962101203 0.15077043777840338 -0.035982157770069988 0.58015172912693058 -0.002060169565162051 4.5871338017741606e-05 6.1315532662355423 0.43614178028850042 0.7101739764564301 0.032599037553746511 -0.074261694218135693 -0.018103812256018158 -0.0501653902134791 0.3626934783270912 -0.011938581709206732 0 0.016815340008171909 -0.014747873249240585 0.080270512940142702 -0.0016257328666727134 0.0039828650297874194 0.043440751071730871 -0.0082810067086693806
leaf_weight=746541 9247 2433 7084 46070 12538 10229 7481 30086 16784 6664 10191 39222 12833 17839 21749 1253 7714 7621 3400 9705 2742 848 705939 50826 12185 20718 36300 71480 20622 100346
leaf_count=746541 9247 2433 7084 46070 12538 10229 7481 30086 16784 6664 10191 39222 12833 17839 21749 1253 7714 7621 3400 9705 2742 848 705939 50826 12185 20718 36300 71480 20622 100346
internal_value=-0.0182428 0.000975749 0.000312878 -0.00789135 -0.0110243 -0.0075593 0.000967034 0.00694952 0.00378744 0.00806671 0.0236399 -0.0491321 0.00451276 0.0416091 0.017352 0.0027337 -0.00198397 -0.00373292 -0.0084498 -0.000148293 0.0152231 0.0141985 0.000235544 0.000124163 0.0021088 0.0102678 -0.000313988 0.000420113 0.00573416 -0.00134031
internal_weight=2.04869e+06 1.26293e+06 1.24266e+06 91765 82518 69980 1.15089e+06 125390 96160 66074 16855 785763 23910 20272 29230 49219 32435 31182 23468 15847 6142 13681 1.0255e+06 1.01842e+06 312477 71544 240933 228748 56922 171826
internal_count=2048690 1262927 1242655 91765 82518 69980 1150890 125390 96160 66074 16855 785763 23910 20272 29230 49219 32435 31182 23468 15847 6142 13681 1025500 1018416 312477 71544 240933 228748 56922 171826
is_linear=0
shrinkage=0.05


Tree=79
num_leaves=31
num_cat=0
split_feature=18 11 15 12 12 17 15 1 11 0 13 16 15 11 16 17 15 10 13 11 1 15 6 18 12 18 0 1 11 1
split_gain=492605 12618.9 8962.9 8016.41 3483.08 2148.14 3727.72 5316.68 3424.03 2583.28 1895.35 1207.21 1151.86 1118.58 3627.17 1271.55 1628.04 1055.53 1018.34 973.289 2535.34 1160.85 936.185 913.231 890.565 870.632 1668.44 1271.15 1495.13 837.386
threshold=-0.0044176316045538575 438.50000000000006 1.0000000180025095e-35 1.0000000180025095e-35 1.0000000180025095e-35 109.50000000000001 98.995145631067984 -0.12940952255126037 40.166666666666679 -0.25881904510252113 3.6204065448697627 1.0000000180025095e-35 -1.0000000180025095e-35 16.833333333333339 19.62627092533635 22.500000000000004 13.358299337072923 -1.0000000180025095e-35 1.0000000180025095e-35 283.16666666666669 1.0000000180025095e-35 127.26232394366198 317.50000000000006 0.66709956709956719 19.916666666666668 0.97022314171715685 -0.25881904510252113 0.1294095225512602 78.166666666666671 0.60355339059327384
decision_type=10 2 8 2 2 10 8 2 2 2 2 10 10 2 8 10 10 2 2 2 2 10 2 10 2 10 2 2 2 2
left_child=11 2 4 17 -2 6 13 8 -8 22 19 -1 -6 -5 18 16 -16 -4 24 21 -21 -11 -7 -3 -15 -17 27 28 -27 -12
right_child=1 23 3 5 12 9 7 -9 -10 10 29 -13 -14 14 15 25 -18 -19 -20 20 -22 -23 -24 -25 -26 26 -28 -29 -30 -31
leaf_value=-0.0017384604615803768 8.8581616903557424e-05 -2.1634237565996215 0.00092131613759404156 0 0.026371236631622774 0.21843867475953058 -0.068299761270828624 -0.021769119748299204 0.049172266037317058 0.063922620038638911 -0.63614743355367909 -0.0019571610869039469 -0.011620084358568726 0.0052101533218868569 0.19859136679589007 -0.0053016590895772712 -0.027879264090718971 -0.00090215812407714582 0.030335356362377299 -0.35652380868132383 0.63960470249388102 -0.023699324648266896 1.5736206701242623 6.1315166665465206 0.053979880623896116 -0.0013293926755267194 0.0025888749217351406 -0.014226261642659567 0.16874174656995039 1.0686825135892513
leaf_weight=746541 18138 462 1392 788368 3728 56340 2174 12180 4398 27374 11826 39222 2226 10271 580 127925 2666 40406 18593 2578 4302 29243 5640 16109 22070 4807 36261 9715 2449 706
leaf_count=746541 18138 462 1392 788368 3728 56340 2174 12180 4398 27374 11826 39222 2226 10271 580 127925 2666 40406 18593 2578 4302 29243 5640 16109 22070 4807 36261 9715 2449 706
internal_value=-0.0180489 0.00129026 0.000713961 0.000118673 0.0309148 0.000880627 0.000104561 -0.021987 0.0142575 0.00674268 0.000566231 -0.0491321 -0.00226738 0.000509229 0.00353429 0.000271959 -0.0307455 -0.0214005 0.0153453 0.00407342 0.0218314 0.0019155 0.0143191 0.0446352 0.0207059 0.000827735 0.00620116 -0.00673796 0.00909592 -0.017204
internal_weight=2.04869e+06 1.26293e+06 1.24636e+06 1.22226e+06 24092 1.18047e+06 1.04246e+06 18752 6572 138009 76029 785763 5954 1.0237e+06 235337 184403 3246 41798 50934 63497 6880 56617 61980 16571 32341 181157 53232 16971 7256 12532
internal_count=2048690 1262927 1246356 1222264 24092 1180466 1042457 18752 6572 138009 76029 785763 5954 1023705 235337 184403 3246 41798 50934 63497 6880 56617 61980 16571 32341 181157 53232 16971 7256 12532
is_linear=0
shrinkage=0.05


Tree=80
num_leaves=31
num_cat=0
split_feature=18 5 15 11 14 5 16 15 5 18 16 18 0 0 15 14 15 0 18 0 0 0 14 5 17 5 5 5 15 17
split_gain=490593 13001.3 8963.33 7924.23 3418.97 1963.86 3383.96 2998.99 1580.03 1745.73 1207.21 1104.18 1831.95 1067.45 980.006 941.451 822.091 757.635 740.721 631.77 595.582 594.972 1111.16 578.668 561.442 555.465 1294.37 1188.81 2370.07 766.905
threshold=-0.0044176316045538575 447.50000000000006 1.0000000180025095e-35 1.0000000180025095e-35 1.0000000180025095e-35 21.500000000000004 19.62627092533635 1.0000000180025095e-35 284.50000000000006 0.46169849567907828 1.0000000180025095e-35 0.79277003484320574 -0.25881904510252113 -0.25881904510252113 20.753635405690204 0.63226727006295136 -1.0000000180025095e-35 -0.98296291314453399 0.67412127269698496 0.98296291314453421 0.91597561503675362 0.25881904510252091 1.7518708881789931 40.500000000000007 163.50000000000003 24.500000000000004 28.500000000000004 38.500000000000007 41.650242718446613 60.500000000000007
decision_type=10 2 8 2 2 2 8 10 2 10 10 10 2 2 10 2 10 2 10 2 2 2 2 2 10 2 2 2 10 10
left_child=10 2 4 13 19 7 15 18 9 17 -1 12 -10 24 23 -7 -6 -8 -5 -2 -15 -13 -23 -11 -4 -16 -27 -28 -29 -30
right_child=1 -3 3 5 16 6 8 -9 11 14 -12 21 -14 20 25 -17 -18 -19 -20 -21 -22 22 -24 -25 -26 26 27 28 29 -31
leaf_value=-0.0016515374385013605 8.4152536058379547e-05 6.0183997695964395 -0.00084125783783819226 0.022098381907434673 0.044216461956365818 0.12986180640422126 -0.54436604644473141 0 1.14156347067603 0.013006237600925452 -0.0018593030325587514 1.1474483143555319 -1.5208185930697711 -0.00090051606227388187 -0.007049058356760441 0.068196531795054943 -0.011039080140640291 0.28474637606974113 -0.073130533710048254 0.24706898660206233 -0.0014711059619241847 0.51785668250750239 -0.50067349981324871 0.52120661995843209 0.00087525033071433889 0.036361609711753395 -0.0054583951266582893 0.14535512269782239 -0.032795633182119664 0.00081068060506481751
leaf_weight=746541 18333 15946 25851 681 2037 13521 2329 825152 4658 7012 39222 4764 2769 20909 5005 11041 2097 29218 3918 1625 3777 3340 1495 3130 966 9238 34136 13387 12310 184282
leaf_count=746541 18333 15946 25851 681 2037 13521 2329 825152 4658 7012 39222 4764 2769 20909 5005 11041 2097 29218 3918 1625 3777 3340 1495 3130 966 9238 34136 13387 12310 184282
internal_value=-0.0181125 0.00118716 0.000613482 1.84808e-05 0.0308152 0.00086244 0.00405301 -0.00045122 0.002668 0.00182721 -0.0491321 0.017485 0.00300929 -0.0191766 0.000519926 0.0219323 -0.0105709 0.0129537 -0.0407154 0.0393877 -0.0266791 0.0286853 0.0163289 0.0157661 -0.0122702 -7.85731e-05 0.000247283 -0.000447945 0.000958905 -0.000427281
internal_weight=2.04869e+06 1.26293e+06 1.24698e+06 1.22289e+06 24092 1.17139e+06 341635 829751 317073 300047 785763 17026 7427 51503 268500 24562 4134 31547 4599 19958 24686 9599 4835 10142 26817 258358 253353 244115 209979 196592
internal_count=2048690 1262927 1246981 1222889 24092 1171386 341635 829751 317073 300047 785763 17026 7427 51503 268500 24562 4134 31547 4599 19958 24686 9599 4835 10142 26817 258358 253353 244115 209979 196592
is_linear=0
shrinkage=0.05


Tree=81
num_leaves=31
num_cat=0
split_feature=18 5 15 12 12 5 15 15 17 0 14 18 14 12 18 10 15 10 5 10 15 5 18 0 0 5 18 18 0 5
split_gain=489611 12708.8 8877.17 7904.14 3629.88 1907.44 2988.94 2793.45 1592 2133.89 1778.76 1270.18 1194.85 1288.57 1124.34 1055.53 921.824 907.358 1157.84 885.725 874.504 1626.29 1463.68 1370.28 933.354 753.244 776.799 720.182 715.077 709.078
threshold=-0.0044176316045538575 439.50000000000006 1.0000000180025095e-35 1.0000000180025095e-35 1.0000000180025095e-35 21.500000000000004 1.0000000180025095e-35 27.850199401794619 150.50000000000003 -0.25881904510252113 5.6038147172422503 0.66709956709956719 0.53867513459481298 24.916666666666668 0.044643746885899359 -1.0000000180025095e-35 0.46821976838136287 121.50000000000001 283.50000000000006 136.50000000000003 98.995145631067984 93.500000000000014 0.98202564102564105 0.25881904510252091 0.98296291314453421 188.50000000000003 0.90238230289279653 0.67412127269698496 -0.98296291314453399 317.50000000000006
decision_type=10 2 8 2 2 2 10 10 10 2 2 10 2 2 10 2 10 2 2 2 10 2 10 2 2 2 10 10 2 2
left_child=16 2 4 15 -2 6 27 12 11 28 17 -9 13 -7 -6 -4 -1 -11 25 -12 21 -13 -22 -24 -25 -19 -27 -5 -10 -30
right_child=1 -3 3 5 14 7 -8 8 9 10 19 20 -14 -15 -16 -17 -18 18 -20 -21 22 -23 23 24 -26 26 -28 -29 29 -31
leaf_value=-0.001568960566576294 7.9944909255460562e-05 5.5174797811166174 0.00083148781417862199 0.010145983544954398 -0.010384549890890481 0.0067309893076517475 0 0.087218896251181732 -0.14427466747505643 0.29529585435605415 0.24645536084169592 -0.0037112563808463506 0.055514712703177871 0.099504776934878345 0.014637574758021566 -0.00081498732598137892 -0.0017663378809308129 0.064905946029787748 0.44528574599908954 -0.97879567971125858 0.0015214524932027019 0.023019396487902102 -0.02072119779113777 -0.02072119779113777 -0.02072119779113777 -0.16000402721361695 -0.0020574037335109097 -0.069474007024545856 0.33278123727949449 1.5863353348361189
leaf_weight=759644 18138 16491 1392 740 2156 6957 834802 33473 4146 3513 2938 114537 28179 17998 3798 40406 26119 10683 6309 9491 20418 16655 5642 10347 1446 4327 9983 3916 29116 4930
leaf_count=759644 18138 16491 1392 740 2156 6957 834802 33473 4146 3513 2938 114537 28179 17998 3798 40406 26119 10683 6309 9491 20418 16655 5642 10347 1446 4327 9983 3916 29116 4930
internal_value=-0.0181435 0.0011368 0.000559876 -3.25195e-05 0.030616 0.000724029 -0.000557086 0.00387701 0.00193329 0.00765719 0.000552451 -0.000481439 0.0144107 0.0223783 -0.00325831 -0.0214005 -0.0491321 0.00634927 0.00364513 -0.0156851 -0.00224349 -0.000311757 -0.00893853 -0.0195784 -0.00988298 -0.00118633 -0.00868623 -0.0405069 0.0164459 0.0188333
internal_weight=2.04869e+06 1.26293e+06 1.24644e+06 1.22234e+06 24092 1.18055e+06 839458 341088 287954 85436 47244 202518 53134 24955 5954 41798 785763 34815 31302 12429 169045 131192 37853 17435 11793 24993 14310 4656 38192 34046
internal_count=2048690 1262927 1246436 1222344 24092 1180546 839458 341088 287954 85436 47244 202518 53134 24955 5954 41798 785763 34815 31302 12429 169045 131192 37853 17435 11793 24993 14310 4656 38192 34046
is_linear=0
shrinkage=0.05


Tree=82
num_leaves=31
num_cat=0
split_feature=5 17 5 15 11 14 16 5 1 17 15 17 0 0 17 0 10 17 15 1 15 0 16 17 5 15 14 15 17 0
split_gain=447338 36688.5 12461.7 8953.8 8201.29 3569.22 2090.96 1740.17 4588.5 1610.68 1448.34 2025.56 1395.47 1153.39 1153.85 1048.01 970.752 837.338 1954.78 7074.49 2595.53 1609.82 1274.39 1079.27 1065.61 2893.02 1321.08 944.129 933.293 831.156
threshold=-1.0000000180025095e-35 1.0000000180025095e-35 447.50000000000006 1.0000000180025095e-35 1.0000000180025095e-35 1.0000000180025095e-35 -0.62084420919083605 287.50000000000006 1.0000000180025095e-35 308.00000000000006 308.82214472537061 40.500000000000007 1.0000000180025095e-35 0.98296291314453421 2.5000000000000004 -0.25881904510252113 262.50000000000006 99.500000000000014 87.584965437788028 1.0000000180025095e-35 98.995145631067984 -1.0000000180025095e-35 46.829730431770962 291.50000000000006 24.500000000000004 27.850199401794619 0.53867513459481298 98.995145631067984 72.500000000000014 -0.37940952255126065
decision_type=2 10 2 8 2 2 10 2 2 10 8 10 2 2 10 2 2 10 10 2 10 2 10 10 2 10 2 10 10 2
left_child=6 -2 3 5 15 -3 -1 10 12 13 17 -12 -9 -8 -15 -5 -13 18 24 27 -21 -19 -23 -24 -6 26 -26 -20 29 -27
right_child=1 2 -4 4 7 -7 9 8 -10 -11 11 16 -14 14 -16 -17 -18 21 19 20 -22 22 23 -25 25 28 -28 -29 -30 -31
leaf_value=-0.0014905125382474794 -0.025372251324872881 7.7558949495637637e-05 5.4416057920607876 -0.00075844557964721364 0 -0.0055719604569712915 -0.001678020986884271 0.33978655418322323 1.0902448938620495 0.00078991342346969036 -0.066000306673318562 0.44895496073080016 -0.78079731973134026 0.024190016975461026 -0.001678020986884271 -0.0008147408928611188 -0.36835637930668952 0.17045854140882855 0.06420375561677219 -0.013854246087145583 -0.019685137901581131 0.42315920937016466 -0.004138158793932689 -1.0027441777028023 0.07552809379688484 -0.0066971607157276132 0.053852855849064879 0.04770917859475432 0.026879493047445635 6.4958171588003216e-05
leaf_weight=692304 36662 19958 15946 26374 832434 4134 53305 4703 7465 1041 4941 2774 4163 962 2638 24006 1314 61201 6125 15068 8130 2352 59781 2664 17060 17679 16411 4048 53323 49724
leaf_count=692304 36662 19958 15946 26374 832434 4134 53305 4703 7465 1041 4941 2774 4163 962 2638 24006 1314 61201 6125 15068 8130 2352 59781 2664 17060 17679 16411 4048 53323 49724
internal_value=-0.0182621 -0.00050218 0.000930473 0.000368308 -0.00022693 0.0305537 -0.0489989 0.000622652 0.01683 -0.0398751 0.000393497 -0.0195537 -0.00748928 -0.0410025 -0.0136111 -0.0199802 0.00648239 0.000550654 7.56371e-05 -0.0118261 -0.0270713 0.0043961 -0.0010965 -0.00245736 0.000478193 0.00429613 0.017303 0.0229382 0.000689992 -0.00322018
internal_weight=2.04869e+06 1.29844e+06 1.26178e+06 1.24583e+06 1.22174e+06 24092 750250 1.17136e+06 16331 57946 1.15503e+06 9029 8866 56905 3600 50380 4088 1.146e+06 1.02e+06 33371 23198 125998 64797 62445 986631 154197 33471 10173 120726 67403
internal_count=2048690 1298440 1261778 1245832 1221740 24092 750250 1171360 16331 57946 1155029 9029 8866 56905 3600 50380 4088 1146000 1020002 33371 23198 125998 64797 62445 986631 154197 33471 10173 120726 67403
is_linear=0
shrinkage=0.05


Tree=83
num_leaves=31
num_cat=0
split_feature=18 5 15 12 12 5 15 5 18 0 18 10 9 15 5 15 18 5 10 5 15 5 15 5 5 18 18 14 15 5
split_gain=485694 12136.5 8940.71 7780.57 3646.24 1904.29 1448.32 1884.15 1117.43 1547.02 1116.74 1055.53 968.315 921.824 881.6 2877.53 1598.19 1813.79 829.93 1313.69 823.514 1372.88 1624.63 1479.97 1492.61 796.603 773.608 756.391 748.734 1847.29
threshold=-0.0044176316045538575 457.50000000000006 1.0000000180025095e-35 1.0000000180025095e-35 1.0000000180025095e-35 287.50000000000006 308.82214472537061 37.500000000000007 0.78954750129179907 -0.25881904510252113 0.077121332275971469 -1.0000000180025095e-35 261.50000000000006 0.46821976838136287 6.5000000000000009 6.9196774193548398 0.6207344379758174 9.5000000000000018 119.50000000000001 42.500000000000007 9.8576036866359456 12.500000000000002 14.19788232943762 16.500000000000004 14.500000000000002 0.95529051172707902 0.67412127269698496 0.53867513459481298 29.004629629629633 25.500000000000004
decision_type=10 2 8 2 2 2 8 2 10 2 10 2 2 10 2 10 10 2 2 2 10 2 10 2 2 10 10 2 10 2
left_child=13 2 4 11 -2 6 14 26 9 -7 -6 -4 -9 -1 -5 27 18 -18 19 -17 -19 -22 25 24 -24 -23 -8 -16 29 -25
right_child=1 -3 3 5 10 8 7 12 -10 -11 -12 -13 -14 -15 15 16 17 20 -20 -21 21 22 23 28 -26 -27 -28 -29 -30 -31
leaf_value=-0.0014159869113351043 7.2069716317905657e-05 5.3195255024577479 0.00075041775229620642 0 -0.0095867243734973923 1.0489899171373054 0.0093033620622633428 0.44678854021654435 0.65495510125075218 -1.4415233555163867 0.015115259536797288 -0.00073631568069994929 -0.34993856034135434 -0.0015941199375400562 0.067266731798594437 0.020300484924681172 -0.0029056123239353583 0.013923195946164669 -0.3447269752718814 0.2773123243418768 -0.0054857822756287263 0.022848841364417807 0.049399131238223239 -0.00049810591289620729 -0.0077347771949402679 0.046430140501107789 -0.062700291339652631 0.037593640578619338 -0.0031126569702468743 0.035945963082129849
leaf_weight=759644 18138 15212 1392 663264 2217 4538 850 2591 9810 2717 3737 40406 1322 26119 17237 73458 14868 11888 8724 27822 14670 11255 2239 40304 11139 6065 4325 14813 212988 24938
leaf_count=759644 18138 15212 1392 663264 2217 4538 850 2591 9810 2717 3737 40406 1322 26119 17237 73458 14868 11888 8724 27822 14670 11255 2239 40304 11139 6065 4325 14813 212988 24938
internal_value=-0.0182677 0.000935288 0.00039408 -0.000199816 0.0305579 0.000549997 0.000307059 -0.0195753 0.0171316 0.00225362 -0.00339268 -0.0214005 0.00660618 -0.0491321 0.00046341 0.00206617 0.00105766 -0.000593114 0.00631522 0.00758985 0.000164239 -0.000310571 0.000399122 -0.000484555 -0.016729 0.0152771 -0.039372 0.0165523 0.000296517 0.00498299
internal_weight=2.04869e+06 1.26293e+06 1.24772e+06 1.22362e+06 24092 1.18182e+06 1.16476e+06 9088 17065 7255 5954 41798 3913 785763 1.15567e+06 492408 460358 350354 110004 101280 335486 323598 308928 291608 13378 17320 5175 32050 278230 65242
internal_count=2048690 1262927 1247715 1223623 24092 1181825 1164760 9088 17065 7255 5954 41798 3913 785763 1155672 492408 460358 350354 110004 101280 335486 323598 308928 291608 13378 17320 5175 32050 278230 65242
is_linear=0
shrinkage=0.05


Tree=84
num_leaves=31
num_cat=0
split_feature=5 16 5 15 11 10 5 16 5 1 15 5 0 0 0 16 16 16 1 0 10 5 10 5 16 11 5 1 14 10
split_gain=444898 23188 11975.4 5897.68 7764.38 3389.83 3040.31 2090.96 1809.01 4851.76 1420.17 2549.65 1274.58 1108.19 1090.15 958.879 917.917 795.356 784.051 775.529 755.403 840.68 1538.58 722.815 2383.9 1804.04 1607.67 1855.64 2897.84 2818.76
threshold=-1.0000000180025095e-35 1.0000000180025095e-35 457.50000000000006 1.0000000180025095e-35 1.0000000180025095e-35 1.0000000180025095e-35 1.0000000180025095e-35 -0.62084420919083605 287.50000000000006 1.0000000180025095e-35 1.0000000180025095e-35 43.500000000000007 1.0000000180025095e-35 0.98296291314453421 -0.5 -0.52667994026879039 -1.0000000180025095e-35 73.44835993263294 0.78656609248549303 -1.0000000180025095e-35 280.50000000000006 217.50000000000003 205.50000000000003 9.5000000000000018 15.278781333539966 17.833333333333339 33.500000000000007 -0.12940952255126037 1.0000000180025095e-35 73.500000000000014
decision_type=2 8 2 8 2 2 2 10 2 2 10 2 2 2 2 10 10 10 2 2 2 2 2 2 8 2 2 2 2 2
left_child=7 6 3 5 14 -3 16 -1 10 12 11 -6 -10 17 -5 -15 -2 -9 -7 -18 21 22 23 -12 25 -25 -26 28 -28 -29
right_child=1 2 -4 4 8 18 -8 13 9 -11 20 -13 -14 15 -16 -17 19 -19 -20 -21 -22 -23 -24 24 26 -27 27 29 -30 -31
leaf_value=-0.0013451875657683465 -0.042818277168465119 3.5746559045073241e-05 5.0535492273348614 -0.00068370751662985552 -0.059565276772669984 0.015744500489423382 0.0017732497649689096 -0.001514413940663051 0.29489705911354064 1.0516537009001212 0 0.4244491132057171 -0.73222411811791943 0.023051315472254731 -0.00073718806418306539 -0.001514413940663051 -0.024032839413062484 -0.001514413940663051 -0.0085503014728846582 -0.024032839413062484 -0.060972525919584089 0.20410591269437078 -0.23428182593249292 0.0020440073921937697 -0.004477718516150731 0.059847410928377268 0.049361278194456307 0.028151415937826843 0.03651223754525397 -0.018545248157990104
leaf_weight=692304 18574 13966 15212 21397 5206 2280 3407 52154 4771 7866 698102 1442 4428 720 27136 2939 9330 2133 1498 15306 4024 12328 4438 70147 99884 28025 18584 50391 79116 81582
leaf_count=692304 18574 13966 15212 21397 5206 2280 3407 52154 4771 7866 698102 1442 4428 720 27136 2939 9330 2133 1498 15306 4024 12328 4438 70147 99884 28025 18584 50391 79116 81582
internal_value=-0.0183461 -0.000634646 0.000654765 0.000112364 -0.000304258 0.0287308 -0.0352597 -0.0489989 0.000508402 0.0166686 0.000269278 -0.0227738 -0.00798456 -0.0398751 -0.0199009 -0.0132413 -0.0388452 -0.0416702 -0.0132875 -0.0325175 0.000402879 0.00047904 0.000337398 0.000453221 0.00207176 0.00891089 3.44402e-05 0.00233745 0.0075609 -0.00152948
internal_weight=2.04869e+06 1.29844e+06 1.25182e+06 1.23661e+06 1.21887e+06 17744 46617 750250 1.17033e+06 17065 1.15327e+06 6648 9199 57946 48533 3659 43210 54287 3778 24636 1.14662e+06 1.1426e+06 1.13027e+06 1.12583e+06 427729 98172 329557 229673 97700 131973
internal_count=2048690 1298440 1251823 1236611 1218867 17744 46617 750250 1170334 17065 1153269 6648 9199 57946 48533 3659 43210 54287 3778 24636 1146621 1142597 1130269 1125831 427729 98172 329557 229673 97700 131973
is_linear=0
shrinkage=0.05


Tree=85
num_leaves=31
num_cat=0
split_feature=18 15 15 11 12 16 6 1 15 11 16 0 0 6 18 0 18 0 0 16 1 0 15 10 11 18 1 1 1 6
split_gain=483146 11252.3 8332.53 6160.73 4443.34 2335.82 1868.2 4571.06 1411.69 2463.21 1207.21 1102.59 864.111 863.841 830.19 703.624 649.127 1131.96 1767.09 1388.21 2163.47 1062.04 611.57 574.054 708.627 558.598 526.183 513.107 512.319 1669.12
threshold=-0.0044176316045538575 459.13263546798038 1.0000000180025095e-35 1.0000000180025095e-35 1.0000000180025095e-35 0.21688681631710352 290.50000000000006 1.0000000180025095e-35 1.0000000180025095e-35 43.166666666666679 1.0000000180025095e-35 -0.25881904510252113 1.0000000180025095e-35 1.5000000000000002 0.67412127269698496 0.98296291314453421 0.63657804459691258 -0.98296291314453399 -0.5 18.419328569054347 0.37940952255126048 0.91597561503675362 0.17992805755395685 136.50000000000003 43.166666666666679 0.72733145407564026 0.37940952255126048 0.25881904510252057 -0.12940952255126037 78.500000000000014
decision_type=10 10 8 2 2 10 2 2 10 2 10 2 2 2 10 2 10 2 2 10 2 2 10 2 2 10 2 2 2 2
left_child=10 2 4 5 15 -4 8 12 9 14 -1 22 -8 -6 -5 -2 17 -10 19 -19 -21 23 -7 24 -20 27 -26 -3 29 -18
right_child=1 25 3 6 13 11 7 -9 16 -11 -12 -13 -14 -15 -16 -17 28 18 21 20 -22 -23 -24 -25 26 -27 -28 -29 -30 -31
leaf_value=-0.0012779281874799266 6.6678902549756707e-05 -1.347816702127858 0.00060635771102889122 0.020281235200318968 -0.0044607343008528384 -0.0012245322919634668 0.27609617517226753 1.1191663765143915 -0.043616030256003413 0.40322665754543152 -0.0014386932436298962 -0.00071612104100900783 -0.59505724571690455 0.041454692139049579 -0.0565870129340365 0.23470227126525353 0 0.0061447939382558436 -0.001904983639456681 0.10781235528808111 0.71441509933680192 0.044042676952055153 -0.00064952214079836269 -0.74538697774286222 0.091143480931211412 4.9508717659681167 0.30842220219416633 9.2033368890877796 0 0.046893214284733635
leaf_weight=746541 16556 538 3840 812 2678 2855 4655 7711 13384 1443 39222 22073 5067 3276 4410 1582 350849 43684 86486 30837 12990 12546 22735 4549 12826 13422 1272 469 532924 46458
leaf_count=746541 16556 538 3840 812 2678 2855 4655 7711 13384 1443 39222 22073 5067 3276 4410 1582 350849 43684 86486 30837 12990 12546 22735 4549 12826 13422 1272 469 532924 46458
internal_value=-0.0183488 0.000803807 0.000296436 -0.000276542 0.0294164 -0.0172019 0.000466663 0.0167126 0.000221555 -0.0227232 -0.0491321 -0.0202243 -0.00608928 -0.00806181 -0.0387016 0.041719 0.000354673 0.0028066 0.00372557 0.00910628 0.0153935 -0.00027575 -0.0131614 -0.00191662 -0.0011309 0.0447051 0.00926373 0.00878848 -0.00022145 0.00113753
internal_weight=2.04869e+06 1.26293e+06 1.2485e+06 1.22441e+06 24092 51503 1.1729e+06 17433 1.15547e+06 6665 785763 47663 9722 5954 5222 18138 1.1488e+06 218574 205190 87511 43827 117679 25590 105133 100584 14429 14098 1007 930231 397307
internal_count=2048690 1262927 1248498 1224406 24092 51503 1172903 17433 1155470 6665 785763 47663 9722 5954 5222 18138 1148805 218574 205190 87511 43827 117679 25590 105133 100584 14429 14098 1007 930231 397307
is_linear=0
shrinkage=0.05


Tree=86
num_leaves=31
num_cat=0
split_feature=18 5 17 1 5 10 14 0 10 17 10 1 18 1 17 0 10 18 17 1 0 13 17 1 5 18 10 17 18 5
split_gain=483103 11377.1 2515.37 3488.65 2683.64 1549.78 1107.17 897.379 848.835 810.207 688.207 1339.73 662.461 2439.91 1979.47 2295.47 918.354 822.462 713.664 991.694 678.595 606.084 604.17 593.786 2655.61 2420.13 1722.41 4040.03 576.71 572.763
threshold=-0.0044176316045538575 463.50000000000006 150.50000000000003 0.1294095225512602 287.50000000000006 102.50000000000001 8.1963741431769019 1.0000000180025095e-35 141.50000000000003 8.5000000000000018 136.50000000000003 1.0000000180025095e-35 0.066806136680613679 1.0000000180025095e-35 13.500000000000002 -1.0000000180025095e-35 1.0000000180025095e-35 0.66634491634491644 92.500000000000014 0.25881904510252057 -0.37940952255126065 0.64395055085937891 149.50000000000003 -0.12940952255126037 78.500000000000014 0.9923175290182964 98.500000000000014 99.500000000000014 0.72534051788654408 28.500000000000004
decision_type=10 2 10 2 2 2 2 2 2 10 2 2 10 2 10 2 2 10 10 2 2 2 10 2 2 10 2 10 10 2
left_child=9 2 10 6 5 -5 -4 -8 -9 -1 12 -12 13 -2 20 -16 22 18 -14 -20 -15 -7 -17 24 29 -26 -25 -28 -3 -19
right_child=1 28 3 4 -6 21 7 8 -10 -11 11 -13 17 14 15 16 -18 23 19 -21 -22 -23 -24 26 25 -27 27 -29 -30 -31
leaf_value=-0.0012140317781059286 -0.00063016438641588053 -0.059743288799285213 0.05015455788902301 0.29289276548816617 1.0872644039365795 0.00099834890853571783 0.030808533799879002 0.038549246443562349 -1.6911416756219482 -0.0013667585814484018 0.26304682487681319 -0.072894423790410209 0.0024568682704336989 0.00095594928798273205 -0.00066682160718970775 2.5080400637874676e-05 -0.010082265751376052 0 0.09256943366250639 0.60250902328264111 -0.00089638031128613988 0.23577812841770296 -0.0010377524663669169 0 0.04658894804684266 0.044548553570496807 -0.017617985750090527 0.0033474044433205565 4.6533281776697093 -0.0029078149707267189
leaf_weight=730122 50914 691 40406 8729 7578 14625 7076 2250 5234 55641 1532 3152 147543 8514 10984 10668 1087 314004 21491 4448 9075 11172 210 478168 18639 9423 9279 15728 14017 36290
leaf_count=730122 50914 691 40406 8729 7578 14625 7076 2250 5234 55641 1532 3152 147543 8514 10984 10668 1087 314004 21491 4448 9075 11172 210 478168 18639 9423 9279 15728 14017 36290
internal_value=-0.0183502 0.000801551 0.000286408 0.00801586 0.0188462 0.0129323 -0.000280173 -0.0121016 -0.0241716 -0.0491321 -0.000365374 -0.0194919 -0.000287231 -0.00436951 0.00478317 0.014456 0.0296072 6.66343e-05 0.00321359 0.010862 -0.00783728 0.00677017 0.033986 -0.000552675 0.00094382 0.0157437 -0.00167795 -0.0144699 0.04452 -0.000241797
internal_weight=2.04869e+06 1.26293e+06 1.24822e+06 97070 42104 34526 54966 14560 7484 785763 1.15115e+06 4684 1.14646e+06 91452 40538 22949 11965 1.05501e+06 173482 25939 17589 25797 10878 881531 378356 28062 503175 25007 14708 350294
internal_count=2048690 1262927 1248219 97070 42104 34526 54966 14560 7484 785763 1151149 4684 1146465 91452 40538 22949 11965 1055013 173482 25939 17589 25797 10878 881531 378356 28062 503175 25007 14708 350294
is_linear=0
shrinkage=0.05


Tree=87
num_leaves=31
num_cat=0
split_feature=18 15 15 11 17 12 16 17 1 6 15 13 16 17 0 14 0 6 1 9 1 6 17 15 18 1 18 15 17 16
split_gain=477282 10968.3 4622.83 6431.12 4526.81 3823.65 2491.16 1900.62 2926.14 2774.55 2512.17 1240.96 1222.92 1104.06 1094.44 994.033 804.126 725.705 717.772 675.725 633.865 615.342 585.626 2033.38 2335 2079.21 3071.74 2588.11 4085.32 2024.93
threshold=-1.0000000180025095e-35 459.13263546798038 1.0000000180025095e-35 1.0000000180025095e-35 171.50000000000003 1.0000000180025095e-35 0.21688681631710352 150.50000000000003 0.1294095225512602 286.50000000000006 131.95180023228806 2.107525783562807 1.0000000180025095e-35 1.5000000000000002 -0.25881904510252113 8.1963741431769019 1.0000000180025095e-35 1.5000000000000002 0.37940952255126048 134.50000000000003 1.0000000180025095e-35 137.50000000000003 37.500000000000007 43.380749354005175 0.95529051172707902 1.0000000180025095e-35 0.98961031951640777 98.995145631067984 99.500000000000014 19.62627092533635
decision_type=10 10 8 2 10 2 10 10 2 2 8 2 10 10 2 2 2 2 2 2 2 2 10 10 10 2 10 10 10 8
left_child=12 2 4 6 5 -2 -4 10 15 11 22 -10 -1 -12 -8 -9 -17 -7 -13 -18 -15 -22 29 24 -24 26 -25 -27 -29 -5
right_child=1 -3 3 7 -6 17 14 8 9 -11 13 18 -14 20 -16 16 19 -19 -20 -21 21 -23 23 25 -26 27 -28 28 -30 -31
leaf_value=-0.0011533301892006299 9.4853176743062902e-05 4.420661768786224 0.00060754804479824082 0 -0.014614012988442976 -0.0053116752733502618 -0.00058553781443765058 0.068428609812004035 0.026470784563916896 1.0421683732823823 -0.053757662287334675 0.058989300385595911 -0.0012984206523759811 0.064030523768077705 -0.00064880676963776339 0.029268107109885477 0.027347260878405194 0.040080520068319837 1.1029835020366008 -1.5348715538379651 -0.065342966555916912 -0.069249702600889404 0.035543033633090582 0.0060725730218440079 0.28721581683741526 -0.0022043061387808649 0.04232112589197215 -0.016737086462585895 -0.017051832253632427 -0.0029482480731399365
leaf_weight=746541 15719 14429 3840 793040 2737 2492 25147 39081 21552 7392 3069 2468 40371 2815 21393 7046 2117 3144 7629 5415 2930 2700 74870 53261 6521 59455 9990 8130 13726 49670
leaf_count=746541 15719 14429 3840 793040 2737 2492 25147 39081 21552 7392 3069 2468 40371 2815 21393 7046 2117 3144 7629 5415 2930 2700 74870 53261 6521 59455 9990 8130 13726 49670
internal_value=-0.0185633 0.000495293 -6.09292e-06 -0.00043327 0.0216835 0.0294428 -0.0179258 0.000318107 0.00718878 0.0176033 -0.00027153 0.0111615 -0.0491229 -0.0235018 -0.0211195 -0.000388565 -0.0115311 -0.0058907 0.0256264 -0.022889 -0.0141681 -0.0238544 -2.12415e-05 0.00223918 0.00856053 -0.00131985 0.00547896 -0.00660858 -0.0213214 -0.000627321
internal_weight=2.04869e+06 1.26178e+06 1.24735e+06 1.22326e+06 24092 21355 50380 1.17288e+06 92700 39041 1.08018e+06 31649 786912 11514 46540 53659 14578 5636 10097 7532 8445 5630 1.06866e+06 225953 81391 144562 63251 81311 21856 842710
internal_count=2048690 1261778 1247349 1223257 24092 21355 50380 1172877 92700 39041 1080177 31649 786912 11514 46540 53659 14578 5636 10097 7532 8445 5630 1068663 225953 81391 144562 63251 81311 21856 842710
is_linear=0
shrinkage=0.05


Tree=88
num_leaves=31
num_cat=0
split_feature=18 5 15 11 17 12 5 15 5 18 0 5 15 0 18 0 13 17 15 5 15 5 5 0 13 18 5 10 18 13
split_gain=477639 11114.8 4613.05 6480.38 4526.19 3826.47 1914.13 1423.02 2425.77 1200.46 1467.82 965.533 935.982 807.276 793.635 734.314 1042.88 726.831 1614.42 2598.31 1516.5 1776.09 1086.78 1080.92 1017.32 1006.55 688.69 667.076 642.947 702.191
threshold=-1.0000000180025095e-35 469.50000000000006 1.0000000180025095e-35 1.0000000180025095e-35 171.50000000000003 1.0000000180025095e-35 291.50000000000006 1.0000000180025095e-35 43.500000000000007 0.78954750129179907 -0.25881904510252113 1.5000000000000002 0.46821976838136287 -0.70710678118654735 0.67412127269698496 0.25881904510252091 0.64395055085937891 37.500000000000007 41.650242718446613 41.500000000000007 27.850199401794619 25.500000000000004 28.500000000000004 -0.60355339059327362 0.64395055085937891 0.83737870884513999 31.500000000000004 34.500000000000007 0.10020920502092052 1.0000000180025095e-35
decision_type=10 2 8 2 10 2 2 10 2 10 2 2 10 2 10 2 2 10 10 2 10 2 2 2 2 10 2 2 10 2
left_child=12 2 4 13 5 -2 7 8 14 10 -8 -7 -1 -4 -5 -11 -17 20 19 27 21 28 -23 24 -20 -21 -24 -19 29 -9
right_child=1 -3 3 6 -6 11 9 17 -10 15 -12 -13 -14 -15 -16 16 -18 18 23 25 -22 22 26 -25 -26 -27 -28 -29 -30 -31
leaf_value=-0.0010956636797405995 9.0110517905909757e-05 4.1996286803469136 -0.00055626092371576809 0.016758685610846195 -0.013883312339020827 -0.0050460915096827491 0.96590308266974889 -0.0023249772611244504 0.38721337228346048 1.0443793327290281 -1.3011842244436567 0.039499300279027642 -0.0012334996197571836 -0.00060057405112077958 -0.051069779172967934 0.38116602975959496 -0.29195668284103676 0.039711060658829789 -0.018836683264937905 0.19916239146369677 -0.0026150118185334749 0.12456083471914106 -0.03866557895503267 -0.0085323760001951854 0.16329321518566076 0.383051464066266 0.16367950788325097 -0.018709145956094988 0 -0.0035093101874117852
leaf_weight=759644 15719 14229 17011 816 2737 2633 4434 7604 1444 5189 2719 3003 27268 33369 4407 2940 2186 50604 19215 7483 24414 7981 3279 165623 40652 7620 1118 15035 783857 14457
leaf_count=759644 15719 14229 17011 816 2737 2633 4434 7604 1444 5189 2719 3003 27268 33369 4407 2940 2186 50604 19215 7483 24414 7981 3279 165623 40652 7620 1118 15035 783857 14457
internal_value=-0.0185519 0.000513838 1.26648e-05 -0.000413991 0.0216794 0.0294381 0.000340131 9.18131e-05 -0.0229414 0.0167678 0.00102754 -0.00590845 -0.0491229 -0.0179734 -0.0387995 0.027683 0.0142606 0.000225468 0.00231165 0.00837854 -0.000532627 -0.00016626 0.0186298 0.000139252 0.00589724 0.0270774 -0.00133045 0.00407608 -0.000454947 -0.00887312
internal_weight=2.04869e+06 1.26178e+06 1.24755e+06 1.22346e+06 24092 21355 1.17308e+06 1.15561e+06 6667 17468 7153 5636 786912 50380 5223 10315 5126 1.14894e+06 306232 80742 842710 818296 12378 225490 59867 15103 4397 65639 805918 22061
internal_count=2048690 1261778 1247549 1223457 24092 21355 1173077 1155609 6667 17468 7153 5636 786912 50380 5223 10315 5126 1148942 306232 80742 842710 818296 12378 225490 59867 15103 4397 65639 805918 22061
is_linear=0
shrinkage=0.05


Tree=89
num_leaves=31
num_cat=0
split_feature=18 5 1 5 17 0 17 18 5 1 1 13 18 1 5 0 17 17 17 5 17 11 17 0 17 17 12 0 13 1
split_gain=479559 10663.1 1948.64 1369.32 992.082 949.332 930.843 906.514 862.527 3675.26 837.015 2133.97 1595.94 2341.18 1122.75 1008.5 926.724 861.882 828.149 787.417 751.077 916.089 786.552 593.021 666.768 601.04 558.534 554.773 549.342 675.669
threshold=-1.0000000180025095e-35 405.50000000000006 1.0000000180025095e-35 9.5000000000000018 149.50000000000003 -0.37940952255126065 100.50000000000001 0.71456859971711462 291.50000000000006 1.0000000180025095e-35 -0.5 1.0000000180025095e-35 0.650088339222615 0.25881904510252057 78.500000000000014 -0.25881904510252113 64.500000000000014 15.500000000000002 8.5000000000000018 28.500000000000004 47.500000000000007 1.0000000180025095e-35 34.500000000000007 -0.5 88.500000000000014 306.00000000000006 1.0000000180025095e-35 1.0000000180025095e-35 4.2815672430289302 0.37940952255126048
decision_type=10 2 2 2 10 2 10 10 2 2 2 2 10 2 2 2 10 10 10 2 10 2 10 2 10 10 2 2 2 2
left_child=18 3 7 4 6 -6 20 -3 10 27 11 14 13 -12 15 19 -15 -17 -1 -5 22 -22 -2 24 -13 -25 -24 -10 -14 -30
right_child=1 2 -4 8 5 -7 -8 -9 9 -11 12 23 28 16 -16 17 -18 -19 -20 -21 21 -23 26 25 -26 -27 -28 -29 29 -31
leaf_value=-0.0010408804957535711 0 -2.1796915312598828 4.0396472463295678 0.012658942202280166 0.03578169810320244 -0.013189146722069785 0.0030111261194491097 0.93730354145342576 0.061902809030991081 0.68860579216190276 -0.014490053827260319 -0.0079057114126483974 -0.0019359394290725973 0.046289706967902335 0.10323176084731003 0.005719205902421632 0.82741652981900671 0.0088693529764550579 -0.0011718246387693255 -0.0026700850785562839 -0.00052844787752997959 0.026741727686368011 1.4578195873532309e-05 -0.0036833704386695313 0.21100982864733808 -0.6844170119117845 0.020171923731233134 -0.59197324938769502 -0.051183196040026149 0.45708479114780975
leaf_weight=730122 741401 875 12503 9226 2972 4362 3843 5253 3745 6168 30087 11073 248161 15006 9259 5340 10758 19054 56790 4286 7216 4963 3056 67472 13380 4218 8235 3153 2859 3854
leaf_count=730122 741401 875 12503 9226 2972 4362 3843 5253 3745 6168 30087 11073 248161 15006 9259 5340 10758 19054 56790 4286 7216 4963 3056 67472 13380 4218 8235 3153 2859 3854
internal_value=-0.0184905 0.000613539 0.0381595 5.08387e-05 -0.00123659 -0.0195391 -0.00106197 0.015062 0.00218979 0.0148553 0.00182531 0.00498646 0.000367367 0.00802224 0.0136977 0.00988498 0.0190848 0.0159547 -0.0491229 -0.00107312 -0.0011853 -0.0135028 -0.000985994 0.000713 0.00743672 -0.00158042 0.0121114 -0.0102204 -0.00131006 0.0128035
internal_weight=2.04869e+06 1.26178e+06 18631 1.24315e+06 776048 7334 768714 6128 467099 13066 454033 143308 310725 55851 47165 37906 25764 24394 786912 13512 764871 12179 752692 96143 24453 71690 11291 6898 254874 6713
internal_count=2048690 1261778 18631 1243147 776048 7334 768714 6128 467099 13066 454033 143308 310725 55851 47165 37906 25764 24394 786912 13512 764871 12179 752692 96143 24453 71690 11291 6898 254874 6713
is_linear=0
shrinkage=0.05


Tree=90
num_leaves=31
num_cat=0
split_feature=18 5 15 11 17 12 5 1 15 5 15 0 1 18 18 0 17 15 5 15 5 18 17 10 1 14 18 15 10 17
split_gain=477134 10677.4 3654.18 5974.14 5688.57 2902.64 1702.72 4458.44 1434.12 2397.27 935.982 910.072 805.154 789.625 715.491 673.835 650.095 1516.26 1691.08 1438.3 2565.69 1028.11 983.523 1488.58 1355.23 3497.14 2383.54 3913.82 2428.93 1924.56
threshold=-1.0000000180025095e-35 469.50000000000006 1.0000000180025095e-35 1.0000000180025095e-35 139.50000000000003 1.0000000180025095e-35 291.50000000000006 1.0000000180025095e-35 1.0000000180025095e-35 42.500000000000007 0.46821976838136287 1.0000000180025095e-35 0.25881904510252057 0.67412127269698496 0.077121332275971469 -0.70710678118654735 37.500000000000007 27.850199401794619 24.500000000000004 41.650242718446613 41.500000000000007 0.83737870884513999 60.500000000000007 63.500000000000007 -0.12940952255126037 0.92016825471890729 0.9923175290182964 98.995145631067984 90.500000000000014 150.50000000000003
decision_type=10 2 8 2 10 2 2 2 10 2 10 2 2 10 10 2 10 10 2 10 2 10 10 2 2 2 10 10 2 10
left_child=10 2 4 15 5 -2 8 11 9 13 -1 -8 -6 -5 -7 -4 17 18 -10 20 -18 -22 -21 -24 25 -25 -26 28 -28 -29
right_child=1 -3 3 6 12 14 7 -9 16 -11 -12 -13 -14 -15 -16 -17 19 -19 -20 22 21 -23 23 24 26 -27 27 29 -30 -31
leaf_value=-0.00098883647096589269 0.0001114424552285077 3.8376648840130887 -0.00050202548365348067 0.017047614329120542 5.8449558186946664 -0.0089727864380292083 0.24274067927120202 0.89424872146709333 0 0.36794950064074144 -0.0011132334068308604 -0.59957213499707085 -0.012495358428806412 -0.048516290214319538 0.011334658777513629 -0.00057054534856474065 0.019145683708395644 -0.0025365808246284871 0.031472589699149546 -0.034998787607790759 0.18700762641269897 0.36399568783440661 0.081624319745626298 0.036846559687909064 -0.0017834334338779458 -0.052503685210773199 -0.020518208270429741 -0.015376816367993484 0.0048218586614844133 -0.0065868689352583942
leaf_weight=759644 14696 14229 17011 813 734 1857 4637 8097 799594 1465 27268 4734 3179 4389 3626 33369 65639 24414 18702 12978 7483 7620 39198 23815 77494 47505 4998 11180 4886 3436
leaf_count=759644 14696 14229 17011 813 734 1857 4637 8097 799594 1465 27268 4734 3179 4389 3626 33369 65639 24414 18702 12978 7483 7620 39198 23815 77494 47505 4998 11180 4886 3436
internal_value=-0.018568 0.000487606 -3.60707e-06 -0.00038334 0.0192803 0.0299792 0.000340728 0.0158347 0.000106524 -0.0230163 -0.0491229 -0.00764593 -0.0358932 -0.0389273 -0.00106693 -0.017243 0.0002407 -0.000476261 -0.000109924 0.00221368 0.00794011 0.0265212 0.0001632 0.000979239 -0.00101088 0.0042765 -0.00470812 -0.018302 0.0059996 -0.0347359
internal_weight=2.04869e+06 1.26178e+06 1.24755e+06 1.22346e+06 24092 20179 1.17308e+06 17468 1.15561e+06 6667 786912 9371 3913 5202 5483 50380 1.14894e+06 842710 818296 306232 80742 15103 225490 212512 173314 71320 101994 24500 9884 14616
internal_count=2048690 1261778 1247549 1223457 24092 20179 1173077 17468 1155609 6667 786912 9371 3913 5202 5483 50380 1148942 842710 818296 306232 80742 15103 225490 212512 173314 71320 101994 24500 9884 14616
is_linear=0
shrinkage=0.05


Tree=91
num_leaves=31
num_cat=0
split_feature=18 5 16 11 5 1 16 12 1 16 16 0 0 0 14 5 16 12 5 10 1 18 18 7 5 10 14 14 14 0
split_gain=474963 10405.9 2174.56 3106.47 1543.25 3954.47 1223.6 1087.1 837.428 1437.01 1000.92 784.056 783.591 680.701 687.48 561.046 2574.6 1775.38 1712.68 1184.4 1411.39 3799.3 2146.79 2257.01 1816.1 1563.87 1141.99 1112.87 1085.93 1075.64
threshold=-1.0000000180025095e-35 476.50000000000006 0.21688681631710352 1.0000000180025095e-35 296.50000000000006 1.0000000180025095e-35 1.0000000180025095e-35 1.0000000180025095e-35 0.37940952255126048 3.9349703999033472 72.063850923166527 -0.37940952255126065 1.0000000180025095e-35 -0.37940952255126065 1.0000000180025095e-35 9.5000000000000018 15.278781333539966 17.583333333333339 38.500000000000007 48.500000000000007 -0.12940952255126037 0.98961031951640777 0.9923175290182964 98.500000000000014 99.500000000000014 90.500000000000014 0.53867513459481298 5.7602554174935223 1.3993254364297207 1.0000000180025095e-35
decision_type=10 2 10 2 2 2 10 2 2 10 10 2 2 2 2 2 10 2 2 2 2 10 10 2 2 2 2 2 2 2
left_child=6 2 7 8 15 12 -1 -2 -4 11 13 -10 -6 -11 -15 -5 17 -17 -18 -20 21 28 27 25 -25 -24 -19 -22 -21 -30
right_child=1 -3 3 4 5 -7 -8 -9 9 10 -12 -13 -14 14 -16 16 18 26 19 20 22 -23 23 24 -26 -27 -28 -29 29 -31
leaf_value=-0.00093939464741759628 0.0024655526302981593 3.6957816398124352 -0.0005033466033473056 0 0.24346457648276215 0.96815450900575117 -0.0010575717364893157 0.00014741240365699905 -0.00046136821828820812 -0.00055128931573987744 -0.01187059050736609 -0.00080341951699509353 -0.54569541473225913 9.0060731121069243e-06 -0.0032378288443976003 0.0020386039940377466 -0.0049337897796167601 0.066898630000463297 0.058444702377837568 0.060515824499738358 -0.0059087021826009336 0.035004231703513258 -0.019492297856908182 -0.014607975549593989 -0.01673818912379943 0.0017873224565136071 0.035778586987526943 0.35940484897730163 0.097579460395424894 -0.13888521143868857
leaf_weight=746541 8800 13500 39808 701489 4429 8204 40371 6886 3948 3174 1373 4646 4911 7259 550 71495 117754 16600 29422 26361 80725 11469 6148 9395 7524 3207 11264 11337 20472 29628
leaf_count=746541 8800 13500 39808 701489 4429 8204 40371 6886 3948 3174 1373 4646 4911 7259 550 71495 117754 16600 29422 26361 80725 11469 6148 9395 7524 3207 11264 11337 20472 29628
internal_value=-0.0186375 0.000374749 -9.74543e-05 -0.000332876 0.000238686 0.0149567 -0.0491228 0.0184018 -0.0113565 -0.00326492 0.0076562 -0.0189667 -0.00729122 0.0126878 0.0206236 1.49876e-05 0.00138703 0.00849797 -0.000611982 0.00184821 0.000509536 0.00530763 -0.00305571 -0.0156619 -0.0265589 0.00404596 0.019204 0.000542026 0.00128235 -0.00303992
internal_weight=2.04869e+06 1.26178e+06 1.24828e+06 1.23259e+06 1.17183e+06 17544 786912 15686 60758 20950 12356 8594 9340 10983 7809 1.15429e+06 452801 99359 353442 235688 206266 87930 118336 26274 16919 9355 27864 92062 76461 50100
internal_count=2048690 1261778 1248278 1232592 1171834 17544 786912 15686 60758 20950 12356 8594 9340 10983 7809 1154290 452801 99359 353442 235688 206266 87930 118336 26274 16919 9355 27864 92062 76461 50100
is_linear=0
shrinkage=0.05


Tree=92
num_leaves=31
num_cat=0
split_feature=12 16 5 15 5 15 1 14 16 5 15 5 16 12 0 14 16 15 1 5 1 9 8 12 0 5 0 1 5 16
split_gain=439359 20902.9 10209.7 3652.15 2636.64 5321.43 2322.18 2107.92 2316.13 1621.34 1442.04 2479.72 1435.92 1326.16 1152.9 1007.68 785.854 1378.53 778.658 750.053 2969.26 1502.97 728.13 734.594 710.813 623.777 604.917 1450.13 594.141 583.775
threshold=-1.0000000180025095e-35 1.0000000180025095e-35 405.50000000000006 1.0000000180025095e-35 1.0000000180025095e-35 1.0000000180025095e-35 1.0000000180025095e-35 1.0000000180025095e-35 63.718893465482481 1.5000000000000002 inf 45.500000000000007 -0.84841212603516436 1.0000000180025095e-35 0.98296291314453421 5.1491623123622405 0.21688681631710352 0.078222778473091378 0.25881904510252057 217.50000000000003 1.0000000180025095e-35 208.50000000000003 1.0000000180025095e-35 3.4166666666666674 1.0000000180025095e-35 291.50000000000006 0.60355339059327384 0.60355339059327384 560.50000000000011 99.015320334261858
decision_type=2 8 2 10 2 8 2 2 10 2 8 2 10 2 2 2 10 8 2 2 2 2 2 2 2 2 2 2 2 8
left_child=12 3 4 9 5 7 15 8 26 18 19 -12 -1 16 -14 -4 17 -7 -2 21 24 29 -5 -24 -21 -22 -3 -28 -17 -6
right_child=1 2 6 22 10 13 -8 -9 -10 -11 11 -13 14 -15 -16 28 -18 -19 -20 20 25 -23 23 -25 -26 -27 27 -29 -30 -31
leaf_value=-0.00089242491504671901 -0.031303663497173416 0.00010520019941655417 1.0099123707019999 0.00051244898102769667 0 0.00087044574233378523 3.4609925578218141 -0.0087509494964275736 -0.011311391939157671 0.035527425491893937 -0.046090475703603563 0.36426343307365916 -0.0010046931496648481 -0.011191936879648492 -0.0010046931496648481 -0.94348512280343755 -0.0004939716532150367 -0.00053030834338761972 -0.022445694169976153 0.063543668660733493 0.12392536280012578 -0.25002705835099021 -9.6033108431292652e-05 0.081547642800803288 -0.45642618076864355 0.56058595083682405 4.6243358531383114e-05 -3.7177295826987606e-07 2.8726508066883785 0.037311846677611983
leaf_weight=685101 26546 7037 2918 1940 1051601 1034 12503 2581 1586 1191 5177 1470 59935 24612 3957 2556 36707 884 14175 7516 9236 3508 895 673 6914 6133 3902 1132 654 64616
leaf_count=685101 26546 7037 2918 1940 1051601 1034 12503 2581 1586 1191 5177 1470 59935 24612 3957 2556 36707 884 14175 7516 9236 3508 895 673 6914 6133 3902 1132 654 64616
internal_value=-0.0186396 -0.00106198 0.000144665 -0.0343835 -0.00040926 -0.00921862 0.0368821 0.0163136 0.0241451 -0.0384854 0.000196294 -0.0230254 -0.0491412 -0.0157748 -0.0419724 0.0116678 -0.0215547 0.00964546 -0.0401672 0.000330572 0.00815967 0.000122218 0.0146237 -0.0107143 -0.0081289 0.0234531 0.0316088 0.018375 -0.00766355 0.000224911
internal_weight=2.04869e+06 1.2997e+06 1.25428e+06 45420 1.23565e+06 79475 18631 16238 13657 41912 1.15617e+06 6647 748993 63237 63892 6128 38625 1918 40721 1.14952e+06 29799 1.11972e+06 3508 1568 14430 15369 12071 5034 3210 1.11622e+06
internal_count=2048690 1299697 1254277 45420 1235646 79475 18631 16238 13657 41912 1156171 6647 748993 63237 63892 6128 38625 1918 40721 1149524 29799 1119725 3508 1568 14430 15369 12071 5034 3210 1116217
is_linear=0
shrinkage=0.05


Tree=93
num_leaves=31
num_cat=0
split_feature=18 15 15 11 17 12 16 15 17 16 17 15 10 18 17 15 11 17 15 18 18 18 15 18 10 14 16 16 18 6
split_gain=472700 9592.83 3905.48 5617.92 3702.28 2494.86 2244.51 1312.18 2539.68 1230.8 1012.16 1813.42 1154.28 1131.46 1073.48 1276.05 925.007 813.928 809.989 757.789 713.884 698.797 698.146 873.387 873.821 680.49 613.648 573.034 561.143 737.143
threshold=-1.0000000180025095e-35 459.13263546798038 1.0000000180025095e-35 1.0000000180025095e-35 149.50000000000003 1.0000000180025095e-35 0.21688681631710352 1.0000000180025095e-35 40.500000000000007 1.0000000180025095e-35 122.50000000000001 98.995145631067984 97.500000000000014 0.72003521126760572 252.50000000000003 59.109821428571429 95.166666666666671 100.50000000000001 -1.0000000180025095e-35 0.74570365558377139 0.20031347962382448 0.67412127269698496 194.54279279279282 0.97573591253153913 193.50000000000003 1.0000000180025095e-35 139.76214412911665 121.09588353413656 0.97896948252985416 351.50000000000006
decision_type=10 10 8 2 10 2 10 10 10 10 10 10 2 10 10 10 2 10 10 10 10 10 10 10 2 2 8 8 10 2
left_child=9 2 4 6 5 -2 -4 8 21 -1 11 16 20 -14 15 -15 27 25 -7 -3 -12 -5 23 26 -25 -8 -17 -9 -16 -30
right_child=1 19 3 7 -6 18 17 10 -10 -11 12 -13 13 14 28 22 -18 -19 -20 -21 -22 -23 -24 24 -26 -27 -28 -29 29 -31
leaf_value=-0.00084780366929438364 0.00012577765266361988 0.14836176845369664 0.00048682653197631184 0.027000445322199165 -0.010745822342199786 0.01515883539142533 -0.00046927307055428483 0 0.33206925273250082 -0.00095445849218160357 0.029220503147966783 -0.013877576772114254 -0.15568082978153122 0.71790029556337354 0.39463364176917537 0.015513859994320001 0.052138458838260252 0.00014383816659795145 -0.0080481663630997905 3.2879429299307219 0.32746708808403596 -0.043785951918423383 -0.080519330370310629 -0.042793359197089847 0.079320519920207749 -0.012546874144704274 0.25671971282828993 -0.0017255505504064517 -0.0072111315667001468 0.84171748601362428
leaf_weight=746541 15704 1185 3840 601 2761 3687 35088 1009720 1903 40371 10506 13611 28046 1768 15894 26463 7526 2299 1940 13244 21607 4340 7221 8927 839 9153 6017 1272 5601 1015
leaf_count=746541 15704 1185 3840 601 2761 3687 35088 1009720 1903 40371 10506 13611 28046 1768 15894 26463 7526 2299 1940 13244 21607 4340 7221 8927 839 9153 6017 1272 5601 1015
internal_value=-0.0187054 0.000261536 -0.00020736 -0.000599997 0.0197285 0.0267803 -0.0169492 0.00010227 -0.0217271 -0.0491179 0.000230397 -0.000300205 0.00432026 0.00171282 0.00496373 0.000965161 -5.79273e-05 -0.0199807 -0.00178603 0.0407963 0.0125852 -0.0406294 -0.000526614 0.00192918 -0.0111817 -0.021488 0.00587131 -0.000187934 0.0140649 0.0018289
internal_weight=2.04869e+06 1.26178e+06 1.24735e+06 1.22326e+06 24092 21331 50380 1.17288e+06 6844 786912 1.16603e+06 1.03213e+06 133904 101791 73745 51235 1.01852e+06 46540 5627 14429 32113 4941 49467 42246 9766 44241 32480 1.01099e+06 22510 6616
internal_count=2048690 1261778 1247349 1223257 24092 21331 50380 1172877 6844 786912 1166033 1032129 133904 101791 73745 51235 1018518 46540 5627 14429 32113 4941 49467 42246 9766 44241 32480 1010992 22510 6616
is_linear=0
shrinkage=0.05


Tree=94
num_leaves=31
num_cat=0
split_feature=12 15 5 17 15 5 17 16 16 0 0 16 15 5 17 0 13 15 5 15 15 0 5 7 0 17 17 5 5 17
split_gain=434388 21834.5 9639.87 6275.79 9340.12 3266.66 3040.08 2825.57 1646.59 2277.89 1749.46 1858.98 1403.27 2354.79 1051.71 2161.95 1046.35 1012.39 1577.91 937.114 1213.27 923.963 832.422 774.938 744.914 1115.18 691.5 644.551 765.9 669.756
threshold=1.0000000180025095e-35 -1.0000000180025095e-35 476.50000000000006 214.50000000000003 1.0000000180025095e-35 -1.0000000180025095e-35 149.50000000000003 0.21688681631710352 3.9349703999033472 0.78656609248549325 -1.0000000180025095e-35 16.893650793650796 inf 45.500000000000007 150.50000000000003 -0.5 5.2808988664221426 98.995145631067984 93.500000000000014 109.51431735484893 127.26232394366198 -0.9159756150367534 1.0000000180025095e-35 92.500000000000014 0.25881904510252091 99.500000000000014 131.50000000000003 184.50000000000003 217.50000000000003 210.50000000000003
decision_type=2 10 2 8 10 2 10 10 10 2 2 10 8 2 10 2 2 10 2 10 10 2 2 2 2 10 10 2 2 10
left_child=1 -1 12 4 6 -6 8 -7 -3 10 -10 -12 14 -14 17 21 27 18 22 24 -21 -16 -2 -24 25 -19 -9 -17 29 -29
right_child=2 3 -4 -5 5 7 -8 26 9 -11 11 -13 13 -15 15 16 -18 19 -20 20 -22 -23 23 -25 -26 -27 -28 28 -30 -31
leaf_value=-0.00080541348582966474 -0.010062390835518221 0.0035891008726308331 3.2235457834341847 -0.020838120811652764 -0.00090673556757252531 0.00053008147235696166 -0.010208531225089797 -0.00044580941702657053 0.00016887296233563537 3.7642307971632967e-05 -2.9931231475071267e-06 0.00048233550040924043 -0.041596654322502216 0.33403862912328181 0.1641257309254911 0.10132397011821155 -0.68652083972251321 -0.013183697933508398 0.024389748954511251 0.028328680127000894 -0.051942500708874212 0.52949616024211854 0 -0.059787466204169706 -0.013183697933508398 -0.041813005951912889 0.00013664625826805387 -0.00021399363750731484 0.041302494559779745 -0.12478354052322659
leaf_weight=735104 25909 7053 13500 23025 26718 3678 2422 35198 1279 2974 3405 621 5339 1499 13690 20229 8869 4089 17657 12766 8339 21648 1005496 3447 11010 2637 1474 5001 19226 5388
leaf_count=735104 25909 7053 13500 23025 26718 3678 2422 35198 1279 2974 3405 621 5339 1499 13690 20229 8869 4089 17657 12766 8339 21648 1005496 3447 11010 2637 1474 5001 19226 5388
internal_value=-0.0188424 -0.0463781 0.000408256 -0.0253688 -0.0190847 -0.0276212 0.0131632 -0.0186419 0.0213866 0.00626283 -0.0133742 -0.0295579 -6.74781e-05 -0.0226528 6.28058e-05 0.00513604 -0.00074515 -0.000374399 -8.1852e-05 -0.00830179 -0.00118218 0.0149075 -0.000334734 -0.000107489 -0.0167738 -0.029884 -0.0228321 0.00207046 -0.00262874 -0.0135672
internal_weight=2.04869e+06 842951 1.20574e+06 107847 84822 67068 17754 40350 15332 8279 5305 4026 1.19224e+06 6838 1.1854e+06 94051 58713 1.09135e+06 1.05251e+06 38841 21105 35338 1.03485e+06 1.00894e+06 17736 6726 36672 49844 29615 10389
internal_count=2048690 842951 1205739 107847 84822 67068 17754 40350 15332 8279 5305 4026 1192239 6838 1185401 94051 58713 1091350 1052509 38841 21105 35338 1034852 1008943 17736 6726 36672 49844 29615 10389
is_linear=0
shrinkage=0.05


Tree=95
num_leaves=31
num_cat=0
split_feature=18 6 18 16 1 14 16 0 15 6 15 17 0 6 17 17 17 1 15 16 16 0 6 17 0 1 15 1 18 6
split_gain=463978 9068.46 3488.84 5539.64 3018.99 1686.57 1585.9 1549.78 1516.43 2296.63 1360.42 1099.39 1065.69 1025.41 982.725 1889.56 948.885 839.742 759.306 1197.62 697.995 695.642 680.004 684.736 1424.33 1069 1068.65 6713.74 3691.23 1243.72
threshold=-1.0000000180025095e-35 410.50000000000006 0.033615819209039555 0.21688681631710352 1.0000000180025095e-35 1.0000000180025095e-35 0.21688681631710352 0.78656609248549325 inf 46.500000000000007 1.0000000180025095e-35 187.50000000000003 -0.25881904510252113 610.00000000000011 107.50000000000001 163.50000000000003 171.50000000000003 0.37940952255126048 0.078222778473091378 1.0000000180025095e-35 3.9349703999033472 -0.60355339059327362 1.0000000180025095e-35 150.50000000000003 -0.5 0.37940952255126048 98.995145631067984 1.0000000180025095e-35 0.9923175290182964 93.500000000000014
decision_type=10 2 10 10 2 2 10 2 8 2 8 10 2 2 10 10 10 2 8 10 10 2 2 10 2 2 10 2 10 2
left_child=6 2 3 16 13 7 -1 12 22 -10 11 20 17 -3 -14 -16 18 -5 -2 -20 -9 -7 -4 26 25 -25 29 -28 -29 -24
right_child=1 4 8 5 -6 21 -8 10 9 -11 -12 -13 14 -15 15 -17 -18 -19 19 -21 -22 -23 23 24 -26 -27 27 28 -30 -31
leaf_value=-0.00076514281153818313 0.0034517860566849489 -0.15341924751496949 0.00022721701545370677 -0.00038130417226364666 2.9623684942624751 0.0070279386720728367 -0.00086139878919390129 -0.00016667962093530766 -0.039516821606377109 0.31279537392667794 -0.00047887411186548786 -0.010282620420974733 -0.00044440552741005398 7.170616777504577 0.00045121314967775387 -0.0097103888381650759 -0.0067350671407953719 -0.00045327214291308892 0.00040975615285388997 -0.00056027997605071595 3.576019257305132e-05 -0.01187604560875836 0 0.1561467009669201 -0.0052276808732662165 0.72366249264823779 0.034607083853619262 -0.027152200235028092 -0.012524513036832731 0.020835861693863936
leaf_weight=748028 5980 4825 7270 15551 12253 13625 38884 355 5187 1463 4519 924 17235 1242 1025 987 546 8117 1751 970 2999 16031 996496 20283 54294 11401 13062 14522 11176 17689
leaf_count=748028 5980 4825 7270 15551 12253 13625 38884 355 5187 1463 4519 924 17235 1242 1025 987 546 8117 1751 970 2999 16031 996496 20283 54294 11401 13062 14522 11176 17689
internal_value=-0.0189259 -0.00013481 -0.000649318 -0.010096 0.0347871 -0.0142636 -0.0490566 -0.019715 9.32044e-05 -0.0237143 -0.000596794 0.019612 -0.0236339 0.00594198 -0.0323713 0.000695825 0.0265762 -0.0165286 0.0305884 0.00869166 0.0329159 -0.00475789 0.000231331 0.00013403 0.00442439 0.0128488 -0.000216298 -0.00836429 -0.0232002 9.5101e-05
internal_weight=2.04869e+06 1.26178e+06 1.24346e+06 90615 18320 81368 786912 51712 1.15284e+06 6650 8797 4278 42915 6067 19247 2012 9247 23668 8701 2721 3354 29656 1.14619e+06 1.13892e+06 85978 31684 1.05294e+06 38760 25698 1.01418e+06
internal_count=2048690 1261778 1243458 90615 18320 81368 786912 51712 1152843 6650 8797 4278 42915 6067 19247 2012 9247 23668 8701 2721 3354 29656 1146193 1138923 85978 31684 1052945 38760 25698 1014185
is_linear=0
shrinkage=0.05


Tree=96
num_leaves=31
num_cat=0
split_feature=18 5 15 11 17 17 14 15 5 15 18 18 17 15 0 0 10 18 5 15 5 14 11 17 15 5 14 15 0 5
split_gain=466475 9461.9 2470.67 5484.49 3701.05 1742.32 1563.98 1446.21 2248.09 1418.18 1110.53 760.592 676.976 1786.08 1451.67 1278.33 1065.94 1632.06 916.739 1319.44 943.28 1074.26 868.325 895.57 1172.71 2265.14 993.37 759.019 729.393 651.736
threshold=-1.0000000180025095e-35 405.50000000000006 1.0000000180025095e-35 1.0000000180025095e-35 149.50000000000003 18.500000000000004 1.0000000180025095e-35 1.0000000180025095e-35 45.500000000000007 0.68048396334478822 0.72324058919803613 0.67412127269698496 122.50000000000001 98.995145631067984 0.25881904510252091 -0.5 124.50000000000001 0.76638220329809126 95.500000000000014 87.584965437788028 79.500000000000014 1.0000000180025095e-35 76.166666666666671 72.500000000000014 27.850199401794619 25.500000000000004 0.53867513459481298 69.114224137931046 0.98296291314453421 42.500000000000007
decision_type=10 2 8 2 10 10 2 10 2 10 10 10 10 10 2 2 2 10 2 10 2 2 2 10 10 2 2 10 2 2
left_child=9 2 4 -4 5 -2 -7 8 11 -1 -3 -5 13 18 -15 -14 -17 -18 19 20 22 -22 23 24 25 -9 -27 -19 -16 -26
right_child=1 10 3 7 -6 6 -8 12 -10 -11 -12 -13 15 14 28 16 17 27 -20 -21 21 -23 -24 -25 29 26 -28 -29 -30 -31
leaf_value=-0.00072688567096127485 0.00039829331348085681 -0.83186616114482492 -0.00039881208794624611 0.018328850069728342 -0.0092125852219270537 3.3972182944398751e-05 -0.0022077597909328519 0 0.29710509863085338 -0.00081832884973420672 2.4142500695493512 -0.037540980526058254 0.21282505959125617 -0.01189828738499088 -0.01189828738499088 0.058282659771710682 -0.48278946085921465 0.71560458329318166 0.05032052326997416 -0.015656531177470612 0.07657945216849385 0.0083975582609141959 -0.054723312618989439 0.044736196602436884 -0.0051668312694999946 0.11190266518497741 0.040592608709900273 -0.0029136603469993362 -0.01189828738499088 -0.0016267247991834212
leaf_weight=760706 8271 1376 50380 830 2761 11155 1905 831988 1470 26206 17255 4434 47000 4572 8001 27135 13057 982 7577 19216 5847 8869 7571 45092 43959 11038 11594 41638 1038 25767
leaf_count=760706 8271 1376 50380 830 2761 11155 1905 831988 1470 26206 17255 4434 47000 4572 8001 27135 13057 982 7577 19216 5847 8869 7571 45092 43959 11038 11594 41638 1038 25767
internal_value=-0.0188304 1.11747e-05 -0.000518885 -0.000832243 0.015337 0.0223876 0.0337596 -0.000135923 -0.0232403 -0.0490421 0.0353792 -0.0385068 -2.02248e-06 -0.000430033 -0.0184226 0.00340107 -0.000336908 -0.00429711 -0.000189589 -0.000319455 -6.80128e-05 0.0124966 -0.000257265 -0.000125537 -0.000461191 4.75065e-05 0.0156548 0.000441107 -0.00680938 -0.00669621
internal_weight=2.04869e+06 1.26178e+06 1.24315e+06 1.21906e+06 24092 21331 13060 1.16868e+06 6734 786912 18631 5264 1.16194e+06 1.03213e+06 13611 129812 82812 55677 1.01852e+06 1.01094e+06 991725 14716 977009 969438 924346 854620 22632 42620 9039 69726
internal_count=2048690 1261778 1243147 1219055 24092 21331 13060 1168675 6734 786912 18631 5264 1161941 1032129 13611 129812 82812 55677 1018518 1010941 991725 14716 977009 969438 924346 854620 22632 42620 9039 69726
is_linear=0
shrinkage=0.05


Tree=97
num_leaves=31
num_cat=0
split_feature=12 17 15 15 11 17 16 17 16 1 16 14 15 11 0 11 0 17 17 17 1 17 15 1 17 11 7 14 0 14
split_gain=434555 34278.8 8678.01 2137.81 5733.63 3419.72 2172.51 2116 1955.73 1686.4 1677.58 1626.44 1367.94 2369.05 1137.17 1091.86 810.036 851.03 771.362 760.903 1787.18 1592.49 1087.31 6630.59 3284.48 1275.8 1237.49 1080.27 949.198 858.612
threshold=-1.0000000180025095e-35 1.0000000180025095e-35 459.13263546798038 1.0000000180025095e-35 1.0000000180025095e-35 149.50000000000003 0.21688681631710352 18.500000000000004 0.21688681631710352 1.0000000180025095e-35 -0.84841212603516436 1.0000000180025095e-35 1.0000000180025095e-35 54.166666666666679 0.98296291314453421 492.50000000000006 -0.70710678118654735 100.50000000000001 2.5000000000000004 150.50000000000003 0.1294095225512602 440.50000000000006 98.995145631067984 1.0000000180025095e-35 99.500000000000014 96.166666666666671 137.50000000000003 1.0000000180025095e-35 0.60355339059327384 1.0335936864527377
decision_type=2 10 10 8 2 10 10 10 10 2 10 2 10 2 2 2 2 10 10 10 2 10 10 2 10 2 2 2 2 2
left_child=10 -2 3 5 6 7 -5 8 -3 15 -1 -9 13 -6 -12 -4 -8 -18 -16 22 -21 29 25 27 -25 -14 -26 -24 -29 -22
right_child=1 2 9 4 12 -7 16 11 -10 -11 14 -13 19 -15 18 -17 17 -19 -20 20 21 -23 23 24 26 -27 -28 28 -30 -31
leaf_value=-0.00069054138741321276 -0.020164511813305017 0.0032613565368033431 -0.86879091394141317 0.00043543392851426601 -0.035663931499755344 -0.0087519559608307002 -0.00036872075312965099 3.2273573797178819e-05 -8.6653193879856694e-05 3.8434796784984115 -0.00077741240724749647 -0.001088775614824553 0 0.38661905594609092 0.022491749910439618 1.5869707504836557 -0.00040423716316152867 0.0001271938922680758 -0.00077741240724749647 -0.029518148535522218 0.0021314274492027609 2.5901927292776663 0.033471644030188229 -0.011303373015741159 -0.021359560578515159 0.097278562058814091 -0.058149349760303441 0.19219704275192306 -0.14546188700812657 0.28212478144577419
leaf_weight=685101 35383 4461 982 3849 5437 2709 16505 11155 4435 10951 59935 2143 1025534 1410 1325 2496 29222 1704 2632 53402 15681 3810 5545 8130 14618 10260 2983 4120 3434 19338
leaf_count=685101 35383 4461 982 3849 5437 2709 16505 11155 4435 10951 59935 2143 1025534 1410 1325 2496 29222 1704 2632 53402 15681 3810 5545 8130 14618 10260 2983 4120 3434 19338
internal_value=-0.0187527 -0.00127149 8.69246e-05 -0.000358153 -0.000652989 0.0141449 -0.0170183 0.0206182 0.00174236 0.0386409 -0.0490872 0.0332456 6.2026e-05 -0.0222214 -0.0413385 0.00830937 -0.01995 -0.0247235 -0.0153778 0.000192783 0.00455107 0.0127134 -0.000181273 -0.00839557 -0.0231375 0.000126666 -0.0109965 0.0205626 0.00826052 0.00937348
internal_weight=2.04869e+06 1.2997e+06 1.26431e+06 1.24988e+06 1.22498e+06 24903 51280 22194 8896 14429 748993 13298 1.1737e+06 6847 63892 3478 47431 30926 3957 1.16686e+06 92231 38829 1.07462e+06 38830 25731 1.03579e+06 17601 13099 7554 35019
internal_count=2048690 1299697 1264314 1249885 1224982 24903 51280 22194 8896 14429 748993 13298 1173702 6847 63892 3478 47431 30926 3957 1166855 92231 38829 1074624 38830 25731 1035794 17601 13099 7554 35019
is_linear=0
shrinkage=0.05


Tree=98
num_leaves=31
num_cat=0
split_feature=18 5 15 11 17 16 17 16 16 14 15 5 1 5 17 5 1 10 5 1 17 18 14 10 5 18 10 12 1 1
split_gain=468482 9011.41 2408.48 5589.68 3700.49 2236.94 1743.76 1907.9 1676.96 1563.98 1479.74 2183.39 1288.2 840.561 825.871 801.14 1893.52 987.008 899.436 1143.77 774.515 757.306 675.895 601.731 726.306 846.055 593.068 568.999 567.131 530.413
threshold=-1.0000000180025095e-35 476.50000000000006 1.0000000180025095e-35 1.0000000180025095e-35 149.50000000000003 0.21688681631710352 18.500000000000004 0.21688681631710352 0.21688681631710352 1.0000000180025095e-35 1.0000000180025095e-35 45.500000000000007 1.0000000180025095e-35 594.00000000000011 3.5000000000000004 368.50000000000006 1.0000000180025095e-35 348.50000000000006 296.50000000000006 1.0000000180025095e-35 100.50000000000001 0.67412127269698496 1.0000000180025095e-35 280.50000000000006 245.50000000000003 0.75017337031900155 21.500000000000004 1.0000000180025095e-35 -0.3794095225512602 0.78656609248549303
decision_type=10 2 8 2 10 10 10 10 10 2 10 2 2 2 10 2 2 2 2 2 10 10 2 2 2 10 2 2 2 2
left_child=8 2 4 5 6 -4 7 27 -1 -8 11 21 13 -3 -9 17 -17 18 23 -20 22 -5 28 24 29 -26 -10 -2 -7 -12
right_child=1 12 3 10 -6 20 9 14 26 -11 15 -13 -14 -15 -16 16 -18 -19 19 -21 -22 -23 -24 -25 25 -27 -28 -29 -30 -31
leaf_value=-0.0006560143180425527 0.0032304152400972836 -0.17302124291961435 0.00041366223208855272 0.019195604141229696 -0.008314358162789165 -0.00035760291112695339 3.0659895107319875e-05 -8.2320534185863862e-05 -0.00073854178688512184 -0.0020429330206449821 0 0.26751072124193626 4.1513635821469652 6.5120248976277004 0.00024829748368656625 -0.20422529107791548 1.5146968542480153 -0.1070628992124 -0.042235459356865596 0.58605439428357897 0.00012083419765467202 -0.033880734924767578 -0.010782456152699842 -0.057585500827408966 -0.2005342516185607 0.31284700631094897 6.1665344423578186e-05 0.00013499385740399774 -0.00042959039919309908 0
leaf_weight=748028 2422 2060 3840 830 2761 16500 11155 2433 38073 1905 898554 1499 10175 1265 1488 4373 3586 3319 3238 3237 2299 4434 9153 4673 2321 5786 811 1928 18588 237956
leaf_count=748028 2422 2060 3840 830 2761 16500 11155 2433 38073 1905 898554 1499 10175 1265 1488 4373 3586 3319 3238 3237 2299 4434 9153 4673 2321 5786 811 1928 18588 237956
internal_value=-0.0187655 0.000116582 -0.000322845 -0.00063095 0.0153329 -0.0169393 0.0223829 0.00441905 -0.0490421 0.0337596 6.90063e-05 -0.0232515 0.0407481 0.0137293 -0.0208748 0.000204148 0.0160133 9.55927e-05 0.000173781 0.0187568 -0.0199656 -0.0384119 -0.021436 6.90861e-05 0.000142187 0.0150549 -0.0389183 0.0272184 -0.0245925 3.58114e-05
internal_weight=2.04869e+06 1.26178e+06 1.24828e+06 1.22419e+06 24092 50380 21331 8271 786912 13060 1.17381e+06 6763 13500 3325 3921 1.16704e+06 7959 1.15908e+06 1.15576e+06 6475 46540 5264 44241 1.14929e+06 1.14462e+06 8107 38884 4350 35088 1.13651e+06
internal_count=2048690 1261778 1248278 1224186 24092 50380 21331 8271 786912 13060 1173806 6763 13500 3325 3921 1167043 7959 1159084 1155765 6475 46540 5264 44241 1149290 1144617 8107 38884 4350 35088 1136510
is_linear=0
shrinkage=0.05


Tree=99
num_leaves=31
num_cat=0
split_feature=18 5 15 11 16 16 15 5 16 14 16 16 5 0 9 5 18 0 16 14 18 8 5 18 9 5 9 5 9 16
split_gain=468173 8961.65 2431.73 6101.31 2247.7 1942.97 1515.03 2141.58 1319.38 1183.15 1416 3077.97 788.751 1426.82 956.605 878.629 756.213 728.972 885.741 704.239 606.867 573.844 695.21 752.741 526.73 1307.44 808.154 818.226 562.285 753.992
threshold=-0.0088569976146717216 476.50000000000006 1.0000000180025095e-35 1.0000000180025095e-35 0.21688681631710352 63.718893465482481 1.0000000180025095e-35 53.500000000000007 0.21688681631710352 1.0000000180025095e-35 3.9349703999033472 0.21688681631710352 368.50000000000006 1.0000000180025095e-35 348.50000000000006 296.50000000000006 0.67412127269698496 -0.70710678118654735 77.530214613640155 4.3092275232829422 0.76196842373312978 280.50000000000006 245.50000000000003 0.75582905466626416 188.50000000000003 165.50000000000003 136.50000000000003 130.50000000000003 126.50000000000001 99.015320334261858
decision_type=10 2 8 2 10 10 10 2 10 2 8 10 2 2 2 2 10 2 10 2 10 2 2 10 2 2 2 2 2 10
left_child=8 2 5 4 -4 9 7 16 -1 10 11 -2 14 -14 15 21 -5 -6 -19 -15 -3 22 24 -24 25 26 27 28 29 -8
right_child=1 20 3 6 17 -7 12 -9 -10 -11 -12 -13 13 19 -16 -17 -18 18 -20 -21 -22 -23 23 -25 -26 -27 -28 -29 -30 -31
leaf_value=-0.00062321360214042667 0.0032329401533662755 0.030219391394251716 0.00039297912048412512 0.018125472130708867 -0.00032880519551351352 -0.0078986402546497077 0 0.30856648232591688 -0.00070161469754086441 -0.0020536282926161679 1.4531526787926061e-05 -7.8204507476570666e-05 1.3478921919723121 0.31657771733849532 -0.087973486115495811 0.36676851667084664 -0.032186698178529198 -0.00036614515944710457 1.0799758829826979e-05 -1.3267673550687391 2.8692507059274508 -0.053729866143723375 -0.17442767683612745 0.29229645953509475 -0.075395392459215324 0.19080991832842359 -0.055241882272288483 0.14786042009944042 -0.082880431192351986 0.092114687270012582
leaf_weight=747989 5751 890 3877 874 16990 1954 1056010 1346 35740 3784 9182 3432 4541 1395 3144 6538 4543 29699 2916 2023 12610 4466 2439 5781 15426 10605 14251 6417 5066 29011
leaf_count=747989 5751 890 3877 874 16990 1954 1056010 1346 35740 3784 9182 3432 4541 1395 3144 6538 4543 29699 2916 2023 12610 4466 2439 5781 15426 10605 14251 6417 5066 29011
internal_value=-0.0187559 5.7986e-05 -0.000379117 -0.000687982 -0.0172039 0.0153487 6.44872e-05 -0.0235325 -0.0491221 0.0195652 0.0248108 0.0109278 0.000201223 0.0158877 9.35165e-05 0.000168424 -0.0375577 -0.0200695 -0.0244443 -0.00851375 0.0405778 6.44644e-05 0.000134235 0.0146229 2.9469e-05 0.000155704 -1.11186e-05 0.000142635 3.7841e-05 0.000115436
internal_weight=2.04869e+06 1.26496e+06 1.25146e+06 1.22736e+06 53482 24103 1.17388e+06 6763 783729 22149 18365 9183 1.16711e+06 7959 1.15915e+06 1.15601e+06 5417 49605 32615 3418 13500 1.14947e+06 1.14501e+06 8220 1.13679e+06 1.12136e+06 1.11076e+06 1.0965e+06 1.09009e+06 1.08502e+06
internal_count=2048690 1264961 1251461 1227358 53482 24103 1173876 6763 783729 22149 18365 9183 1167113 7959 1159154 1156010 5417 49605 32615 3418 13500 1149472 1145006 8220 1136786 1121360 1110755 1096504 1090087 1085021
is_linear=0
shrinkage=0.05


Tree=100
num_leaves=31
num_cat=0
split_feature=18 11 15 11 17 16 17 1 14 16 15 11 16 6 1 11 12 17 17 0 18 10 0 10 15 18 0 1 14 15
split_gain=468058 8080.84 2173.84 6131.05 3558.72 2247.7 2044.58 1642.83 1563.98 1558.9 1543.78 2049.42 1345.78 1065.9 3753.94 967.886 941.581 825.871 766.082 991.872 759.158 675.621 633.576 576.352 712.012 794.956 570.26 510.525 917.258 1189.36
threshold=-0.0088569976146717216 477.83333333333343 1.0000000180025095e-35 1.0000000180025095e-35 149.50000000000003 0.21688681631710352 18.500000000000004 1.0000000180025095e-35 1.0000000180025095e-35 0.21688681631710352 1.0000000180025095e-35 54.166666666666679 0.21688681631710352 295.50000000000006 1.0000000180025095e-35 619.16666666666686 1.0000000180025095e-35 3.5000000000000004 140.50000000000003 -0.25881904510252113 0.67412127269698496 21.500000000000004 1.0000000180025095e-35 280.50000000000006 248.97200598802399 0.76929848320693406 -0.60355339059327362 0.78656609248549303 7.0759748703074061 98.995145631067984
decision_type=10 2 8 2 10 10 10 2 2 10 10 2 10 2 2 2 2 10 10 2 10 2 2 2 10 10 2 2 2 10
left_child=12 2 4 5 6 -4 9 15 -8 16 11 20 -1 23 22 -3 -2 -11 19 -7 -5 -14 -15 24 27 26 -26 -12 29 -29
right_child=1 7 3 10 -6 18 8 -9 -10 17 13 -13 21 14 -16 -17 -18 -19 -20 -21 -22 -23 -24 -25 25 -27 -28 28 -30 -31
leaf_value=-0.00059205292203340365 0.0029072474704241059 -0.33062079929126187 0.00037333016445991883 0.017377402131092092 -0.0075037082419172219 -0.00030667984182705812 2.8400324012557581e-05 3.9003328677432423 -0.0018381049549819244 -7.429428210274213e-05 0 0.29373907112035269 -0.00066653396266382341 0.13799162831717524 0.63389109946267441 6.368925092430394 -3.3402843134511254e-05 0.00023979283487606646 1.0259770888332299e-05 -0.00036363028150984494 -0.030577363269602732 9.5438632581046345e-05 -0.51571417449109025 -0.052801378600977958 0.9499009198816708 0.32381013852077845 -0.26386742084114873 0 0.25188547024266444 -0.010738204364954386
leaf_weight=747989 2422 2252 3877 881 2772 24627 11155 9875 1905 2433 898067 1327 35069 4428 8406 1185 1928 1488 3747 21231 4553 671 4938 4699 2011 4632 2045 213719 4816 19542
leaf_count=747989 2422 2252 3877 881 2772 24627 11155 9875 1905 2433 898067 1327 35069 4428 8406 1185 1928 1488 3747 21231 4553 671 4938 4699 2011 4632 2045 213719 4816 19542
internal_value=-0.0187552 5.64049e-05 -0.000355731 -0.000647715 0.0145148 -0.0172039 0.0214406 0.0388071 0.0337596 0.00198888 0.000106468 -0.0237169 -0.0491177 0.000244452 0.0123959 0.00903404 0.0225977 -0.0208748 -0.0200695 -0.0218457 -0.0373206 -0.0396391 -0.00937433 5.65883e-05 0.000128316 0.0143877 -0.00177515 1.92757e-05 -0.00203926 -0.0024852
internal_weight=2.04869e+06 1.26496e+06 1.25165e+06 1.22755e+06 24103 53482 21331 13312 13060 8271 1.17406e+06 6761 783729 1.1673e+06 17772 3437 4350 3921 49605 45858 5434 35740 9366 1.14953e+06 1.14483e+06 8688 4056 1.13614e+06 238077 233261
internal_count=2048690 1264961 1251649 1227546 24103 53482 21331 13312 13060 8271 1174064 6761 783729 1167303 17772 3437 4350 3921 49605 45858 5434 35740 9366 1149531 1144832 8688 4056 1136144 238077 233261
is_linear=0
shrinkage=0.05


Tree=101
num_leaves=31
num_cat=0
split_feature=18 5 15 5 16 16 14 15 5 16 16 16 10 1 5 1 10 5 1 16 0 0 18 6 8 15 10 5 5 16
split_gain=467461 8613.62 2213.51 4983.7 1884.05 1803.64 1842.89 1588.74 2066.58 1325.39 1319.72 2375.86 1480.74 903.372 801.638 2235.35 985.973 818.391 1122 692.74 777.754 681.096 672.214 621.771 621.665 582.694 572.536 558.453 494.134 2700.67
threshold=-0.0088569976146717216 485.50000000000006 1.0000000180025095e-35 1.0000000180025095e-35 63.718893465482481 0.21688681631710352 1.0000000180025095e-35 1.0000000180025095e-35 53.500000000000007 0.21688681631710352 3.9349703999033472 0.21688681631710352 1.0000000180025095e-35 -0.3794095225512602 368.50000000000006 0.1294095225512602 348.50000000000006 296.50000000000006 1.0000000180025095e-35 77.530214613640155 -0.70710678118654735 1.0000000180025095e-35 0.67412127269698496 1.0000000180025095e-35 1.5000000000000002 -1.0000000180025095e-35 21.500000000000004 594.00000000000011 9.5000000000000018 15.278781333539966
decision_type=10 2 8 2 10 10 2 10 2 10 8 10 2 2 2 2 2 2 2 10 2 2 10 2 2 10 2 2 2 8
left_child=9 2 4 5 10 -4 19 8 22 -1 11 25 -12 27 16 21 17 23 -19 20 -7 -16 -5 -9 -13 -2 -11 -3 -25 -30
right_child=1 13 3 7 -6 6 -8 14 -10 26 12 24 -14 -15 15 -17 -18 18 -20 -21 -22 -23 -24 28 -26 -27 -28 -29 29 -31
leaf_value=-0.00056245027593173626 0.0042162322669830835 -0.33417313580148833 0.00035466365623692295 0.014294205104550312 -0.00712852282982136 -0.00029703094364648489 -0.010206844573017002 0.00021585616468102199 0.27977576569978596 -0.00063320726453063307 1.2384934247901877e-05 -7.0579567997605021e-05 -0.0019191454476199358 3.9553162243560793 0.52463918977427682 1.1268539026447157 -0.11526936678285438 -0.054150515931399926 0.50770913660410599 -1.7566570253194082e-05 -0.00032965638739925704 -0.62695983036426672 -0.029048495106122597 0 0.075331585587048472 0.0030698731294973337 9.0666700951991263e-05 4.1004788378088737 0.0089755366063235097 -0.0013862848252527372
leaf_weight=747989 2350 1132 3967 804 1954 12341 22879 8581 1351 35069 8801 3498 1809 10334 1817 4198 3317 3238 3237 3122 24128 3142 4543 678805 940 4751 671 831 98155 350936
leaf_count=747989 2350 1132 3967 804 1954 12341 22879 8581 1351 35069 8801 3498 1809 10334 1817 4198 3317 3238 3237 3122 24128 3142 4543 678805 940 4751 671 831 98155 350936
internal_value=-0.018778 2.16212e-05 -0.000387175 -0.00068157 0.0146185 -0.0140005 -0.0160765 7.98538e-05 -0.0242013 -0.0491211 0.0187706 0.00706734 0.0314986 0.0416646 0.000220611 0.0149558 0.000102899 0.000181897 0.0179073 -0.0226049 -0.02454 -0.00777374 -0.0381616 8.09079e-05 -0.0216314 0.0250035 -0.0397146 0.0105706 -2.11012e-05 0.00126556
internal_weight=2.04869e+06 1.26496e+06 1.25266e+06 1.22856e+06 24103 66437 62470 1.16212e+06 6698 783729 22149 11539 10610 12297 1.15543e+06 9157 1.14627e+06 1.14295e+06 6475 39591 36469 4959 5347 1.13648e+06 4438 7101 35740 1963 1.1279e+06 449091
internal_count=2048690 1264961 1252664 1228561 24103 66437 62470 1162124 6698 783729 22149 11539 10610 12297 1155426 9157 1146269 1142952 6475 39591 36469 4959 5347 1136477 4438 7101 35740 1963 1127896 449091
is_linear=0
shrinkage=0.05


Tree=102
num_leaves=31
num_cat=0
split_feature=18 5 16 11 1 16 17 16 9 11 17 5 16 1 17 1 17 9 17 18 13 1 13 9 1 5 17 1 16 17
split_gain=463439 8510.25 1815.63 3133.87 2065.58 1707.53 2108.44 1319.38 1154.37 1121.56 1161.84 1125.46 991.646 937.879 838.321 2014.98 1532.22 800.018 780.519 716.839 705.279 693.07 652.343 637.576 1413.39 632.746 594.731 566.059 954.796 787.201
threshold=-0.0088569976146717216 485.50000000000006 1.0000000180025095e-35 1.0000000180025095e-35 1.0000000180025095e-35 3.9349703999033472 171.50000000000003 0.21688681631710352 -1.0000000180025095e-35 1.0000000180025095e-35 171.50000000000003 1.5000000000000002 0.21688681631710352 1.0000000180025095e-35 150.50000000000003 0.1294095225512602 440.50000000000006 184.50000000000003 140.50000000000003 -0.0044176316045538575 2.107525783562807 0.37940952255126048 8.1717642867670648 136.50000000000003 1.0000000180025095e-35 626.50000000000011 3.5000000000000004 0.78656609248549303 73.44835993263294 72.500000000000014
decision_type=10 2 8 2 2 8 10 10 2 2 10 2 10 2 10 2 10 2 10 10 2 2 2 2 2 2 10 2 8 10
left_child=7 2 9 4 12 26 8 -1 -7 10 -2 -11 -4 25 23 17 20 -16 -14 -8 -17 -22 -19 27 -25 -3 -6 29 -29 -5
right_child=1 13 3 14 5 6 19 -9 -10 11 -12 -13 18 -15 15 16 -18 22 -20 -21 21 -23 -24 24 -26 -27 -28 28 -30 -31
leaf_value=-0.00053432776213515058 0.0029163794730224673 -0.024593019315369703 0.00052492590147430783 0 -0.00037727746021918766 -0.00064864310612305356 0.00029477991668989126 -0.00060154690130410091 1.1765687535506783e-05 -9.1231453009732463e-05 -0.0050243240685255777 0.042729811133324996 -0.00028577877086746788 3.8575504131382758 0.081443226600102045 0.026187276674741612 1.6512885310190031 -0.10070459016862686 1.0625110856565812e-05 -0.0073280008663292352 -0.10282891115759583 0.8026419403785261 -2.5145109640895442 0.25000827850332713 -0.052410473917410633 6.3027130265910705 -0.00049452798093967089 0 -0.0101319799054437 0.017747220684961464
leaf_weight=747989 5900 1884 1317 733503 7213 652 284 35740 14800 1457 569 2112 30687 9345 28269 25214 5401 22807 2524 2606 2169 7950 3243 1511 3170 1068 6296 209047 18842 115121
leaf_count=747989 5900 1884 1317 733503 7213 652 284 35740 14800 1457 569 2112 30687 9345 28269 25214 5401 22807 2524 2606 2169 7950 3243 1511 3170 1068 6296 209047 18842 115121
internal_value=-0.0189098 -0.000191271 -0.000597606 -0.000768695 -0.0113387 -0.00215535 0.00777996 -0.0491221 0.0151113 0.0205818 0.0329958 -0.00191931 -0.01981 0.0412011 -0.0001722 0.00432969 0.0127363 -0.00197445 -0.0214974 -0.0314187 0.0089449 0.0200959 -0.00829559 -0.000567983 -0.018981 0.0166328 -0.0156451 -0.000487918 -0.00270044 0.000106231
internal_weight=2.04869e+06 1.26496e+06 1.25266e+06 1.24263e+06 66379 31851 18342 783729 15452 10038 6469 3569 34528 12297 1.17625e+06 95053 40734 54319 33211 2890 35333 10119 26050 1.08119e+06 4681 2952 13509 1.07651e+06 227889 848624
internal_count=2048690 1264961 1252664 1242626 66379 31851 18342 783729 15452 10038 6469 3569 34528 12297 1176247 95053 40734 54319 33211 2890 35333 10119 26050 1081194 4681 2952 13509 1076513 227889 848624
is_linear=0
shrinkage=0.05


Tree=103
num_leaves=31
num_cat=0
split_feature=18 6 15 11 16 16 15 11 12 16 16 16 0 16 18 11 0 9 6 18 18 14 6 0 13 0 18 15 12 15
split_gain=462522 7854.42 2382.83 5665.52 2202.76 1590.39 1510.43 1967.22 1489.45 1463.15 3413.76 1345.78 848.487 924.223 751.941 704.662 1766.26 763.648 747.364 696.837 688.435 609.03 464.553 463.724 1112.51 2413.87 799.157 730.969 652.831 1050.19
threshold=-0.0088569976146717216 490.50000000000006 1.0000000180025095e-35 1.0000000180025095e-35 0.21688681631710352 61.769841269841272 1.0000000180025095e-35 54.166666666666679 1.0000000180025095e-35 3.9349703999033472 0.21688681631710352 0.21688681631710352 -0.70710678118654735 77.530214613640155 0.67412127269698496 367.16666666666669 1.0000000180025095e-35 348.50000000000006 295.50000000000006 0.76196842373312978 0.98017837498035532 10.796733025815723 3.5000000000000004 -0.60355339059327362 1.0000000180025095e-35 -0.9159756150367534 0.066806136680613679 29.004629629629633 11.083333333333334 9.8576036866359456
decision_type=10 2 8 2 10 10 10 2 2 8 10 10 2 10 10 2 2 2 2 10 10 2 2 2 2 2 10 10 2 10
left_child=11 2 5 4 -4 8 7 14 9 10 -2 -1 -6 -14 -5 17 -17 18 23 -3 -18 -13 -10 24 26 -26 -8 28 29 -28
right_child=1 19 3 6 12 -7 15 -9 22 -11 -12 21 13 -15 -16 16 20 -19 -20 -21 -22 -23 -24 -25 25 -27 27 -29 -30 -31
leaf_value=-0.00050761137402839391 0.0027705604993713442 -0.4206713900249156 0.00019111149977395339 0.015793821769309969 -0.00026789045792078724 -0.0064056966450138312 -0.0087815538240306867 0.27107007089784541 -0.0018237764596157142 1.1177403158731444e-05 -5.2761651054351379e-05 -0.0005714695562388961 -0.00029888462948592082 1.0093855313741963e-05 -0.027596070350816473 1.0342255216327076 -0.31885742266300099 -0.10594260276064632 0.29137178367214744 3.4646728924813632 0.37543959778421088 0.00011443489046799594 0.032694045635376277 0 -0.017131548074894455 0.066035501788825543 0 -0.01843684638594496 0.018164018369943059 -0.0072965628325659896
leaf_weight=747989 4952 755 3877 881 16990 2100 2286 1340 2773 8636 2831 35131 29699 2916 4553 5162 3968 2922 6708 10863 768 609 2811 811234 54991 68309 175469 14879 18442 3846
leaf_count=747989 4952 755 3877 881 16990 2100 2286 1340 2773 8636 2831 35131 29699 2916 4553 5162 3968 2922 6708 10863 768 609 2811 811234 54991 68309 175469 14879 18442 3846
internal_value=-0.0189353 -0.000235225 -0.000614556 -0.000919837 -0.0168356 0.0149546 -0.000195874 -0.0237378 0.0189224 0.0265089 0.0107863 -0.0491177 -0.0196724 -0.0243922 -0.0371181 -5.94533e-05 0.0132249 -0.000172895 -0.000108376 0.0406869 -0.00882601 -0.0396391 -0.00338467 -0.000205489 0.00134985 0.00513585 -0.000822159 -0.000506029 0.000298093 -0.000623205
internal_weight=2.04869e+06 1.26496e+06 1.25334e+06 1.22924e+06 53482 24103 1.17576e+06 6774 22003 16419 7783 783729 49605 32615 5434 1.16898e+06 9898 1.15909e+06 1.15616e+06 11618 4736 35740 5584 1.14946e+06 338222 123300 214922 212636 197757 179315
internal_count=2048690 1264961 1253343 1229240 53482 24103 1175758 6774 22003 16419 7783 783729 49605 32615 5434 1168984 9898 1159086 1156164 11618 4736 35740 5584 1149456 338222 123300 214922 212636 197757 179315
is_linear=0
shrinkage=0.05


Tree=104
num_leaves=31
num_cat=0
split_feature=18 5 15 11 16 16 15 5 12 16 16 16 0 16 5 0 10 5 18 18 10 5 15 10 18 15 16 16 15 14
split_gain=460474 7899.78 2176.33 5602.29 2202.76 1530.34 1529.81 1918.54 1389.61 1345.78 1260.96 3413.76 848.487 924.223 763.235 1712.53 926.375 783.744 743.139 713.93 675.621 636.799 452.941 505.774 424.376 405.862 1187.22 396.751 418.007 384.179
threshold=-0.0088569976146717216 492.50000000000006 1.0000000180025095e-35 1.0000000180025095e-35 0.21688681631710352 61.769841269841272 1.0000000180025095e-35 45.500000000000007 1.0000000180025095e-35 0.21688681631710352 3.9349703999033472 0.21688681631710352 -0.70710678118654735 77.530214613640155 368.50000000000006 1.0000000180025095e-35 348.50000000000006 296.50000000000006 0.67412127269698496 0.98017837498035532 21.500000000000004 3.5000000000000004 0.87812695434646659 1.0000000180025095e-35 0.78277721604314132 0.078222778473091378 1.0000000180025095e-35 inf 20.00357142857143 1.0000000180025095e-35
decision_type=10 2 8 2 10 10 10 2 2 10 8 10 2 10 2 2 2 2 10 10 2 2 10 2 10 8 10 8 10 2
left_child=9 2 5 4 25 8 7 18 10 -1 11 -2 -6 29 16 -16 17 22 -5 -17 -11 -10 -8 -24 -3 -4 -27 -25 -29 -14
right_child=1 24 3 6 12 -7 14 -9 21 20 -12 -13 13 -15 15 19 -18 -19 -20 -21 -22 -23 23 27 -26 26 -28 28 -30 -31
leaf_value=-0.00048223080532697193 0.0026320324744027769 0.60036217947632908 0.00048912403141189475 0.014956278877385144 -0.00025449593502474788 -0.0060854118127631395 0 0.1993578177250008 -0.0018475219793914644 -0.00054289607842695207 1.0618533000794873e-05 -5.0123568501633811e-05 -0.00028394039801162479 9.589162548051534e-06 0.98503152980274544 -0.28560404896016961 -0.10551813213941728 0.29304379561216648 -0.026216266833275648 0.30666761789499902 0.00011048896644619833 0.044124453172845413 0.0080460906953370558 0 3.4914392478572953 0.00015533094587949744 -0.00064098904838665656 -0.0011326740276139447 0.014655156844547613 -0.010094014511020207
leaf_weight=747989 4952 933 1181 830 16990 2100 37038 1514 2888 35069 8636 2831 24128 2916 5234 4088 3319 6475 4434 916 671 2696 19188 1091704 10273 1798 898 971 459 5571
leaf_count=747989 4952 933 1181 830 16990 2100 37038 1514 2888 35069 8636 2831 24128 2916 5234 4088 3319 6475 4434 916 671 2696 19188 1091704 10273 1798 898 971 459 5571
internal_value=-0.0190022 -0.000343568 -0.000717126 -0.00100878 -0.0168356 0.0141621 -0.000289116 -0.0239746 0.0180544 -0.0491177 0.0253822 0.0107863 -0.0196724 -0.0243922 -0.000151831 0.0134401 -0.000271879 -0.000196135 -0.0382409 -0.00747402 -0.0396391 -0.00349212 -0.000293859 -0.000112737 0.041451 0.0194609 0.00875371 -0.000253994 -0.0265734 -0.0270295
internal_weight=2.04869e+06 1.26496e+06 1.25376e+06 1.22965e+06 53482 24103 1.17617e+06 6778 22003 783729 16419 7783 49605 32615 1.16939e+06 10238 1.15915e+06 1.15584e+06 5264 5004 35740 5584 1.14936e+06 1.11232e+06 11206 3877 2696 1.09313e+06 1430 29699
internal_count=2048690 1264961 1253755 1229652 53482 24103 1176170 6778 22003 783729 16419 7783 49605 32615 1169392 10238 1159154 1155835 5264 5004 35740 5584 1149360 1112322 11206 3877 2696 1093134 1430 29699
is_linear=0
shrinkage=0.05


Tree=105
num_leaves=31
num_cat=0
split_feature=18 11 12 15 17 1 16 13 15 17 16 16 17 1 17 15 1 0 13 11 11 1 17 0 12 1 15 17 17 18
split_gain=457731 6971.76 1849.91 5041.82 3299.61 2111.94 1725.27 1909.57 1601.71 1927.72 1345.78 1030.86 1287.41 1326.32 935.006 1741.2 8033.32 1430.44 1092.14 1018.07 871.242 849.463 810.082 906.27 794.235 690.504 660.308 818.598 793.943 976.259
threshold=-0.0088569976146717216 498.50000000000006 0.91666666666666685 1.0000000180025095e-35 149.50000000000003 0.37940952255126048 0.21688681631710352 1.0000000180025095e-35 inf 65.500000000000014 0.21688681631710352 0.21688681631710352 3.5000000000000004 0.1294095225512602 122.50000000000001 98.995145631067984 1.0000000180025095e-35 -0.5 4.8416064251843993 330.66666666666669 107.16666666666667 1.0000000180025095e-35 149.50000000000003 -0.25881904510252113 96.083333333333357 0.78656609248549303 87.584965437788028 90.500000000000014 79.500000000000014 0.97833906787613401
decision_type=10 2 2 8 10 2 10 2 8 10 10 10 8 2 10 10 2 2 2 2 2 2 10 2 2 2 10 10 10 10
left_child=10 2 3 4 5 11 -5 22 14 -10 -1 -2 -13 -14 15 24 -17 19 -19 -16 -18 -3 23 -8 26 -20 28 -28 -4 -30
right_child=1 21 8 6 -6 -7 7 -9 9 -11 -12 12 13 -15 17 16 20 18 25 -21 -22 -23 -24 -25 -26 -27 27 -29 29 -31
leaf_value=-0.00045811926506062476 0.0027666901093174635 0.84156847340433394 0 0.00017378937749128084 -0.0057811412221249825 2.4682979914782952e-05 -0.00023143284044749169 0 -0.024905453491611863 0.22611805690699285 -0.00051575127450560483 -4.7617390076552122e-05 0.0004490722093460661 -1.8390536061600914e-07 0.16001893191237448 0.029603555702802001 -0.011556251157939812 0.0068426633576599734 -0.66771836252489225 1.0626867138159839 0.11119431783920533 7.6668672854644315 9.1097044206511775e-06 -0.00028553575814613914 0.06899367880304795 0.67854046465042472 -0.01855290319817442 -0.0040847614872539855 0.022240852507723476 0.084284602848349266
leaf_weight=747989 2307 2589 921749 4450 2448 8870 27039 17129 5174 1502 35740 1888 2218 1246 43914 4255 9009 77612 10096 5561 346 7536 3432 21746 6060 1219 1766 18709 48996 6095
leaf_count=747989 2307 2589 921749 4450 2448 8870 27039 17129 5174 1502 35740 1888 2218 1246 43914 4255 9009 77612 10096 5561 346 7536 3432 21746 6060 1219 1766 18709 48996 6095
internal_value=-0.019092 -0.000489066 -0.000822498 -0.00761698 0.0153686 0.0233922 -0.0135278 -0.0154645 -0.000280062 -0.0247004 -0.0491177 0.00415851 -0.0078849 0.0102194 -0.000138958 -0.000663677 -0.0184276 0.00371671 -7.47804e-05 0.0105316 -0.0443346 0.0408346 -0.0202166 -0.0218684 -0.000422723 -0.0145868 -0.000532379 -0.0094188 -0.000346116 0.00548456
internal_weight=2.04869e+06 1.26496e+06 1.25484e+06 92773 18977 16529 73796 69346 1.16206e+06 6676 783729 7659 5352 3464 1.15539e+06 1.01698e+06 13610 138402 88927 49475 9355 10125 52217 48785 1.00338e+06 11315 997315 20475 976840 55091
internal_count=2048690 1264961 1254836 92773 18977 16529 73796 69346 1162063 6676 783729 7659 5352 3464 1155387 1016985 13610 138402 88927 49475 9355 10125 52217 48785 1003375 11315 997315 20475 976840 55091
is_linear=0
shrinkage=0.05


Tree=106
num_leaves=31
num_cat=0
split_feature=18 5 18 16 15 14 16 17 15 5 16 0 12 17 17 17 15 1 18 14 5 1 13 17 12 0 15 16 17 15
split_gain=458190 6743.46 1851.02 4752.46 2266.8 2467.53 2399.85 3014.9 1634.32 1866.05 1345.78 1112.03 1484.71 951.175 912.226 806.129 1361.06 4777 3333.14 1741.71 1277.23 1207.9 2477.11 1149.24 1053.22 1019.95 762.814 1193.67 752.85 722.926
threshold=-0.0088569976146717216 502.50000000000006 0.033615819209039555 0.21688681631710352 1.0000000180025095e-35 1.0000000180025095e-35 3.9349703999033472 149.50000000000003 inf 53.500000000000007 0.21688681631710352 0.91597561503675362 1.0000000180025095e-35 171.50000000000003 149.50000000000003 145.00000000000003 98.995145631067984 1.0000000180025095e-35 0.9923175290182964 1.0000000180025095e-35 95.500000000000014 0.37940952255126048 3.0175632269705921 205.50000000000003 372.83333333333343 1.0000000180025095e-35 0.078222778473091378 1.0000000180025095e-35 506.00000000000006 87.584965437788028
decision_type=10 2 10 10 8 2 10 10 8 2 10 2 2 10 10 10 10 2 10 2 2 2 2 10 2 2 8 10 10 10
left_child=10 2 3 13 6 14 -5 11 15 -10 -1 12 -8 26 -6 16 20 19 -19 -18 29 23 24 -17 -23 -25 -2 -28 -27 -4
right_child=1 -3 8 4 5 -7 7 -9 9 -11 -12 -13 -14 -15 -16 21 17 18 -20 -21 -22 22 -24 25 -26 28 27 -29 -30 -31
leaf_value=-0.00043521330180759101 0.0023197999988986808 6.0476933445743617 0 -4.5236520572724513e-05 -0.0002537431609809649 -0.0078868696603470873 8.8534573550159806e-06 -0.0055043683353485015 -0.023660180817031275 0.23912933423686625 -0.00048996371078032235 -1.7471009258520868e-07 -0.0016402115376653555 -0.0047541804526817543 8.6542191996219483e-06 0.10684026443746611 0.029499837250553187 -0.019549840179733737 -0.010978438600042752 -0.063770411435417881 0.071889048458089633 0.00066771870666286763 1.3668051494862141 0.080245563668000841 0.2133679067417063 -0.11706611228676281 0.00013887492971095851 -0.00062327071445770132 -1.5491347533599198 -0.015451674699681917
leaf_weight=747989 5980 9391 988732 3307 38398 28056 6440 2161 5329 1367 35740 1945 1068 585 3138 25142 5269 10341 10126 4390 11265 26184 8624 20531 3463 18139 1751 970 2874 19995
leaf_count=747989 5980 9391 988732 3307 38398 28056 6440 2161 5329 1367 35740 1945 1068 585 3138 25142 5269 10341 10126 4390 11265 26184 8624 20531 3463 18139 1751 970 2874 19995
internal_value=-0.019077 -0.000464718 -0.000780442 -0.00753686 -0.0112675 -0.0150592 0.00641713 0.0171173 -0.000234943 -0.0248656 -0.0491177 0.0292976 0.0380261 0.0264161 -0.0227971 -9.21585e-05 -0.000509752 -0.0109839 -0.0246617 0.0179988 -0.000200394 0.00408596 0.0111664 2.24935e-05 0.00430566 -0.00508377 0.0305655 0.00861816 -0.0128278 -0.000387369
internal_weight=2.04869e+06 1.26496e+06 1.25557e+06 93799 84513 69592 14921 11614 1.16177e+06 6696 783729 9453 7508 9286 41536 1.15508e+06 1.05012e+06 30126 20467 9659 1.01999e+06 104957 38271 66686 29647 41544 8701 2721 21013 1.00873e+06
internal_count=2048690 1264961 1255570 93799 84513 69592 14921 11614 1161771 6696 783729 9453 7508 9286 41536 1155075 1050118 30126 20467 9659 1019992 104957 38271 66686 29647 41544 8701 2721 21013 1008727
is_linear=0
shrinkage=0.05


Tree=107
num_leaves=31
num_cat=0
split_feature=18 5 18 16 16 16 17 17 0 13 5 5 18 0 10 16 14 0 0 10 12 0 16 17 17 17 5 17 17 0
split_gain=458321 6222.16 1838.5 4790.39 1345.78 1330.14 864.381 769.935 1187.31 1075.87 1062.59 738.629 779.034 685.014 675.621 594.068 537.732 551.945 539.943 482.067 480.118 476.004 1365.91 1165.48 1066.6 1190.91 825.246 651.292 629.428 647.681
threshold=-0.0088569976146717216 513.50000000000011 0.033615819209039555 0.21688681631710352 0.21688681631710352 0.72419521136441756 171.50000000000003 145.00000000000003 -0.5 3.6204065448697627 325.50000000000006 184.50000000000003 0.90238230289279653 1.0000000180025095e-35 21.500000000000004 132.93126780626781 1.0000000180025095e-35 -0.60355339059327362 -0.98296291314453399 218.50000000000003 1.0000000180025095e-35 -0.37940952255126065 3.9349703999033472 47.500000000000007 137.00000000000003 163.50000000000003 -1.0000000180025095e-35 19.500000000000004 20.500000000000004 0.91597561503675362
decision_type=10 2 10 10 10 10 10 10 2 2 2 2 10 2 2 8 2 2 2 2 2 2 10 10 10 10 2 10 10 2
left_child=4 2 3 6 -1 -5 20 15 10 11 -9 -10 -13 -11 -6 -4 21 18 -18 -15 -2 27 -23 28 -25 26 -26 -7 -24 -30
right_child=1 -3 7 5 14 16 -8 8 9 13 -12 12 -14 19 -16 -17 17 -19 -20 -21 -22 22 23 24 25 -27 -28 -29 29 -31
leaf_value=-0.0004134526367172098 0.0019410176903867393 6.8811392539624912 0 -0.00025857181218978393 -0.00046546552524130426 -0.00020450001299840843 -0.0045164714300476669 0.16166860203654068 0.080998492189991111 0.17471955513218518 1.0082308426366411 -0.12564981420473062 0.014699796876341509 -0.22835237355912064 0.00015525026738817395 -0.0010760403262332519 -0.018546767375202628 -0.0087682249657801171 0.028189893617016255 -1.531440789385625 -0.013448703994649844 -0.00025857181218978393 -0.00024277943215468838 -0.00021635703827818954 -0.00057824897024845174 -0.0052168657442513075 0.00042469204301178489 -0.00020717404037606888 8.4107844872651816e-06 -1.6597458795594827e-07
leaf_weight=747989 8145 8401 1054074 13401 35069 6404 585 31603 23120 3938 6098 8308 23587 5172 671 2245 1849 14357 10542 4616 556 6525 3766 3072 292 3110 1610 11170 6624 1791
leaf_count=747989 8145 8401 1054074 13401 35069 6404 585 31603 23120 3938 6098 8308 23587 5172 671 2245 1849 14357 10542 4616 556 6525 3766 3072 292 3110 1610 11170 6624 1791
internal_value=-0.0190727 -0.000457761 -0.000744493 -0.00747822 -0.0491177 -0.0112237 0.02661 -0.000201288 0.00385186 -5.89168e-05 0.0109825 0.00306553 -0.00186706 -0.012582 -0.0396391 -0.000609712 -0.00850067 -0.00290115 0.00483012 -0.0196669 0.0305655 -0.0118767 -0.00768197 -0.0012756 -0.0159946 -0.00177574 0.0293901 -0.0182713 0.00849273 0.0160963
internal_weight=2.04869e+06 1.26496e+06 1.25656e+06 93799 783729 84513 9286 1.16276e+06 106442 68741 37701 55015 31895 13726 35740 1.05632e+06 71112 26748 12391 9788 8701 44364 26790 20265 8084 5012 1902 17574 12181 8415
internal_count=2048690 1264961 1256560 93799 783729 84513 9286 1162761 106442 68741 37701 55015 31895 13726 35740 1056319 71112 26748 12391 9788 8701 44364 26790 20265 8084 5012 1902 17574 12181 8415
is_linear=0
shrinkage=0.05


Tree=108
num_leaves=31
num_cat=0
split_feature=12 17 5 16 15 5 5 15 17 17 16 16 12 17 0 7 0 17 17 0 0 1 12 5 1 10 10 5 1 1
split_gain=423132 33455.8 5363.26 1899.58 1607.57 1786.35 1620.62 4611.87 2868.61 1738.22 2150.62 1628.48 1640.58 1302.95 1175.09 1037.35 917.124 780.271 705.797 787.239 646.221 620.757 578.416 578.308 2302.42 908.116 724.346 714.094 1075.84 559.258
threshold=-1.0000000180025095e-35 1.0000000180025095e-35 516.50000000000011 -0.84841212603516436 inf 53.500000000000007 1.0000000180025095e-35 1.0000000180025095e-35 149.50000000000003 18.500000000000004 0.21688681631710352 0.21688681631710352 1.0000000180025095e-35 171.50000000000003 0.98296291314453421 1.0000000180025095e-35 0.91597561503675362 2.5000000000000004 131.50000000000003 -0.25881904510252113 0.91597561503675362 -0.5 1.0000000180025095e-35 368.50000000000006 0.1294095225512602 348.50000000000006 478.50000000000006 296.50000000000006 1.0000000180025095e-35 0.1294095225512602
decision_type=2 10 2 10 8 2 2 10 10 10 10 10 2 10 2 2 2 10 10 2 2 2 2 2 2 2 2 2 2 2
left_child=3 -2 4 -1 6 -6 7 8 9 10 22 -9 18 14 -5 16 -11 -16 19 29 -21 -4 -3 25 26 27 -25 -8 -29 -13
right_child=1 2 21 13 5 -7 23 11 -10 15 -12 12 -14 -15 17 -17 -18 -19 -20 20 -22 -23 -24 24 -26 -27 -28 28 -30 -31
leaf_value=-0.00039278000488134903 -0.018893051909478566 0.001936361912221571 -0.012079094292849391 -0.00044219224897923962 -0.022477171776179708 0.24123113353791581 0 6.1105277611831884e-05 -0.004956022457038742 2.258561882692975e-05 -3.004610393459909e-05 -0.00018433061671009257 -0.0080828851728666495 0.00021443809025799567 0.021630396728078833 -0.030789919144789731 0.00031676784540789205 -0.0005311933049732487 9.097963503116933e-05 -0.00024319997137905167 -0.000766588442586908 6.9870822912643638 -0.010659895300113268 0.052310995124135222 0.33040426411867263 -0.10135273447947953 -0.61465628569996233 -0.084059836011613251 0.4331567903016833 -0.00027010727286488781
leaf_weight=685101 35383 2346 833 58130 5776 1381 1140192 3857 2617 8869 3591 10406 24291 1880 1325 462 2663 2557 1539 13981 2293 7036 513 3718 7218 3317 2619 3238 3237 8321
leaf_count=685101 35383 2346 833 58130 5776 1381 1140192 3857 2617 8869 3591 10406 24291 1880 1325 462 2663 2557 1539 13981 2293 7036 513 3718 7218 3317 2619 3238 3237 8321
internal_value=-0.0191077 -0.00185778 -0.000515774 -0.0490408 -0.000773492 -0.0244027 -0.000638123 -0.0072718 0.0130502 0.0200011 -0.000930233 -0.0138882 -0.0158858 -0.0407954 -0.0420386 0.0312573 0.0342005 -0.0154044 -0.0225807 -0.0240379 -0.0320818 0.0406341 0.0314271 -0.000149243 0.010118 -0.000270265 -0.0118747 -0.000194695 0.0163629 -0.0170476
internal_weight=2.04869e+06 1.2997e+06 1.26431e+06 748993 1.25644e+06 7157 1.24929e+06 85749 21061 18444 6450 64688 60831 63892 62012 11994 11532 3882 36540 35001 16274 7869 2859 1.16354e+06 13555 1.14998e+06 6337 1.14667e+06 6475 18727
internal_count=2048690 1299697 1264314 748993 1256445 7157 1249288 85749 21061 18444 6450 64688 60831 63892 62012 11994 11532 3882 36540 35001 16274 7869 2859 1163539 13555 1149984 6337 1146667 6475 18727
is_linear=0
shrinkage=0.05


Tree=109
num_leaves=31
num_cat=0
split_feature=18 11 16 11 16 12 1 16 0 11 16 0 0 1 16 16 10 9 11 1 10 11 1 18 14 0 1 14 16 18
split_gain=457031 4734.05 1650.55 2987 1345.78 1327.27 1213.35 1354.08 1286.62 1093.27 911.874 897.507 798.006 692.07 685.847 684.787 675.621 627.038 585.046 1920.23 743.585 645.614 989.043 547.931 525.364 523.532 487.553 634.136 658.501 1759.47
threshold=-0.0088569976146717216 525.16666666666686 1.0000000180025095e-35 1.0000000180025095e-35 0.21688681631710352 1.0000000180025095e-35 1.0000000180025095e-35 3.9349703999033472 -0.37940952255126065 3.1666666666666674 60.155048076923087 -0.37940952255126065 0.91597561503675362 -0.3794095225512602 0.21688681631710352 73.44835993263294 21.500000000000004 516.50000000000011 367.16666666666669 0.1294095225512602 348.50000000000006 299.83333333333343 1.0000000180025095e-35 0.8731415998742732 1.7989152867217484 0.98296291314453421 0.78656609248549303 8.6353600850067469 61.769841269841272 0.9923175290182964
decision_type=10 2 8 2 10 2 2 8 2 2 10 2 2 2 10 10 2 2 2 2 2 2 2 10 2 2 2 2 8 10
left_child=4 2 5 6 -1 -2 14 8 -8 -7 11 -9 -13 23 -4 -16 -6 18 20 -20 21 26 -23 -3 -21 -14 -5 28 -28 -30
right_child=1 13 3 17 16 9 7 10 -10 -11 -12 12 25 -15 15 -17 -18 -19 19 24 -22 22 -24 -25 -26 -27 27 -29 29 -31
leaf_value=-0.00037314100463728406 0.0022842976264876051 -0.89677812748556396 0.00023988221262187344 0 -0.00042008263653027793 -8.6669880359246948e-05 -0.00013858693179957086 -0.00025047267370065972 -0.00045255012641580086 0.047707127818007011 -0.0046452787978864376 6.8609643215554356e-06 -1.5996068128952753e-05 6.787728176701143 -0.0001933791877953275 8.6430653279610865e-05 0.00055163201266209547 -0.2187395849239934 -0.22509524626526486 0.070562078058429734 -0.091412438238702987 -0.082943234264303112 0.4301352837829569 4.2686335637090735 1.171080223135472 0.2239135333079541 0 0.24844556004502821 -0.0073501714061819717 -0.0084986464222723164
leaf_weight=747989 6381 731 1317 914417 35069 1860 6627 4323 6882 1797 3931 7680 1269 5849 30338 2873 671 926 6082 3483 3101 3084 2996 623 3872 1139 201967 4611 26258 10544
leaf_count=747989 6381 731 1317 914417 35069 1860 6627 4323 6882 1797 3931 7680 1269 5849 30338 2873 671 926 6082 3483 3101 3084 2996 623 3872 1139 201967 4611 26258 10544
internal_value=-0.019115 -0.000526301 -0.000757777 -0.000920239 -0.0491177 0.0194361 -0.0112408 -0.00420238 -0.0162151 -0.00458026 0.00464508 0.0104677 0.018636 0.0398931 -0.0177334 -0.0191367 -0.0396391 -0.000340334 -0.00030807 0.0100655 -0.000427514 -0.000362366 0.0158882 0.00768095 0.0272536 -0.00647841 -0.000447704 -0.00243652 -0.00279119 -0.00894245
internal_weight=2.04869e+06 1.26496e+06 1.25776e+06 1.24772e+06 783729 10038 66379 31851 13509 3657 18342 14411 10088 7203 34528 33211 35740 1.18134e+06 1.18042e+06 13437 1.16698e+06 1.16388e+06 6080 1354 7355 2408 1.1578e+06 243380 238769 36802
internal_count=2048690 1264961 1257758 1247720 783729 10038 66379 31851 13509 3657 18342 14411 10088 7203 34528 33211 35740 1181341 1180415 13437 1166978 1163877 6080 1354 7355 2408 1157797 243380 238769 36802
is_linear=0
shrinkage=0.05


Tree=110
num_leaves=31
num_cat=0
split_feature=18 5 18 16 16 1 16 0 17 9 14 17 0 0 17 16 12 10 17 16 12 17 0 0 14 1 16 14 17 9
split_gain=455873 5025.75 1869.5 2353.87 1345.78 1202.76 1162.25 1304.74 1008.32 900.958 888.763 895.833 845.329 756.835 736.913 702.164 699.665 675.621 658.298 2087.45 1663.34 1185.1 1328.66 1238.03 1445.08 1082.72 930.008 747.777 645.43 607.658
threshold=-0.0088569976146717216 538.50000000000011 0.033615819209039555 0.21688681631710352 0.21688681631710352 1.0000000180025095e-35 3.9349703999033472 -0.37940952255126065 187.50000000000003 -1.0000000180025095e-35 1.0000000180025095e-35 149.50000000000003 -0.37940952255126065 0.91597561503675362 14.500000000000002 18.419328569054347 1.0000000180025095e-35 21.500000000000004 18.500000000000004 15.278781333539966 19.916666666666668 44.500000000000007 -0.60355339059327362 -0.9159756150367534 2.150559497956738 0.37940952255126048 17.644411330690666 0.53867513459481298 3.5000000000000004 516.50000000000011
decision_type=10 2 10 10 10 2 10 2 10 2 2 10 2 2 10 10 2 2 10 10 2 10 2 2 2 2 8 2 10 2
left_child=4 2 3 -2 -1 10 7 28 9 -8 11 -5 15 14 -14 -11 -16 -6 26 20 -20 -21 23 -23 -25 -26 -4 -22 -7 -24
right_child=1 -3 18 5 17 6 8 -9 -10 12 -12 -13 13 -15 16 -17 -18 -19 19 21 27 22 29 24 25 -27 -28 -29 -30 -31
leaf_value=-0.00035448395440542129 0.00087315527367658359 6.3483417678660832 0 -0.00018371022840556111 -0.00039907850470376487 0.0074324544316746403 -0.00030744636910457482 -0.00042992262009501083 -0.0044882415686222513 -0.00037645978142777063 -0.0083613584246159164 8.2109120615630313e-05 -0.00059217105253668145 -1.5196264722505118e-05 6.5179161054776632e-06 0.49989534573988942 -0.0078418020140765404 0.00052405041202898686 0.012736617482306922 -0.0039848072853372329 0.070891919029604011 -0.0050299115478523509 -0.0024587938592794956 0.014258158011218925 0.13812557042131299 0.75219037633860497 -0.00059730598880797237 0.046568961734084272 -0.00037007449028498895 -0.30133484405265565
leaf_weight=747989 9286 6940 709845 24981 35069 4781 652 6914 3400 5886 20052 2077 469 2374 6698 2298 1225 671 51989 82595 13917 37123 208544 22303 12806 14500 1470 7926 2706 1204
leaf_count=747989 9286 6940 709845 24981 35069 4781 652 6914 3400 5886 20052 2077 469 2374 6698 2298 1225 671 51989 82595 13917 37123 208544 22303 12806 14500 1470 7926 2706 1204
internal_value=-0.019153 -0.000587884 -0.000821966 -0.00761255 -0.0491177 -0.0102381 -0.00354383 -0.014683 0.00343014 0.00779002 -0.015553 -0.021465 0.00977836 0.0189857 0.0260367 -0.00233382 0.0296415 -0.0396391 -0.000274862 0.00121515 0.00890671 -0.000282926 0.00119266 0.00639787 0.0115654 0.0192778 -0.00122358 0.0204848 -0.000220382 -0.000959723
internal_weight=2.04869e+06 1.26496e+06 1.25802e+06 93799 783729 84513 37403 14401 23002 19602 47110 27058 18950 10766 8392 8184 7923 35740 1.16422e+06 452907 73832 379075 296480 86732 49609 27306 711315 21843 7487 209748
internal_count=2048690 1264961 1258021 93799 783729 84513 37403 14401 23002 19602 47110 27058 18950 10766 8392 8184 7923 35740 1164222 452907 73832 379075 296480 86732 49609 27306 711315 21843 7487 209748
is_linear=0
shrinkage=0.05


Tree=111
num_leaves=31
num_cat=0
split_feature=12 17 6 15 12 17 12 16 15 17 17 1 1 1 1 1 17 17 16 16 15 1 17 15 1 10 11 11 1 16
split_gain=420738 33269.5 4516.51 1965.74 6835.41 2738.55 1960.65 1899.58 1549.74 1778.1 1302.95 1077.61 1002.86 718.448 702.485 701.567 780.271 647.161 640.55 520.266 1671.17 565.827 519.689 1799.16 7909.63 1023.65 895.549 868.241 865.716 727.926
threshold=-1.0000000180025095e-35 1.0000000180025095e-35 546.50000000000011 1.0000000180025095e-35 1.0000000180025095e-35 149.50000000000003 1.0000000180025095e-35 -0.84841212603516436 1.0000000180025095e-35 40.500000000000007 171.50000000000003 0.37940952255126048 0.1294095225512602 0.1294095225512602 -0.3794095225512602 1.0000000180025095e-35 2.5000000000000004 131.50000000000003 1.0000000180025095e-35 0.21688681631710352 0.078222778473091378 -0.3794095225512602 122.50000000000001 98.995145631067984 -0.12940952255126037 97.500000000000014 107.16666666666667 93.166666666666671 0.25881904510252057 44.38433667781495
decision_type=2 10 2 8 2 10 2 10 10 10 10 2 2 2 2 2 10 10 10 10 8 2 10 10 2 2 2 2 2 8
left_child=7 -2 3 5 17 6 11 -1 9 -6 12 13 15 -3 -4 -9 -17 19 -15 20 -5 -21 23 27 -25 28 -26 -10 -24 -27
right_child=1 2 14 4 8 -7 -8 10 22 -11 -12 -13 -14 18 -16 16 -18 -19 -20 21 -22 -23 25 24 26 29 -28 -29 -30 -31
leaf_value=-0.00033675975668515101 -0.017912018066052506 0.00037784560357792156 0.38097005606780104 0.00019087098109196385 -0.021353313187370715 -0.0042638294901911388 -0.00049298279206799744 -0.00037912457946857604 0 0.1336674305392492 6.4889658087130547e-05 2.078739386423161e-05 -0.00031090683202436575 0.0022416036821087159 6.1809246794727812 0.020585258139627027 -0.00041113384642957887 7.8003664584848801e-05 -1.4436451486379861e-05 -0.00017929280077846649 -0.00014730234489550271 -0.00023721712602101542 0.099020587082023326 0.026771325748097752 -0.010306576977076532 0.64822491902468971 0.10630646357021122 0.0049885227649514976 0.66238259632714858 -0.00099341755262400962
leaf_weight=685101 35383 5215 1188 1173 5007 2709 6513 24712 1015786 1873 1880 8643 33418 467 5520 1325 2557 1577 1356 16541 2547 18675 25299 4192 9062 1419 357 13410 7517 108268
leaf_count=685101 35383 5215 1188 1173 5007 2709 6513 24712 1015786 1873 1880 8643 33418 467 5520 1325 2557 1577 1356 16541 2547 18675 25299 4192 9062 1419 357 13410 7517 108268
internal_value=-0.0191925 -0.00199143 -0.000653161 -0.000871418 -0.00115239 0.0130366 0.0188294 -0.0490408 -0.000466033 -0.0241279 -0.0407954 0.028407 -0.0420386 0.0138818 0.0402654 -0.0351647 -0.0154044 -0.0213499 -0.0131377 -0.0226217 -0.00483871 -0.0245002 -0.00032869 -0.000715712 -0.0187753 0.00250346 -0.0442032 -0.000476877 0.0102511 0.000185528
internal_weight=2.04869e+06 1.2997e+06 1.26431e+06 1.25761e+06 1.2327e+06 24903 22194 748993 1.19219e+06 6880 63892 15681 62012 7038 6708 28594 3882 40513 1823 38936 3720 35216 1.18531e+06 1.04281e+06 13611 142503 9419 1.0292e+06 32816 109687
internal_count=2048690 1299697 1264314 1257606 1232703 24903 22194 748993 1192190 6880 63892 15681 62012 7038 6708 28594 3882 40513 1823 38936 3720 35216 1185310 1042807 13611 142503 9419 1029196 32816 109687
is_linear=0
shrinkage=0.05


Tree=112
num_leaves=31
num_cat=0
split_feature=18 5 18 15 14 15 5 14 0 0 11 15 18 0 1 0 5 15 18 18 1 5 5 15 18 5 1 15 12 1
split_gain=453829 4665.24 2189.71 5812.46 2215.55 1672.54 1755.25 1087.6 888.075 942.249 834.955 710.615 640.351 584.357 511.113 477.409 462.841 2069.66 1732.26 1175.09 1186.66 1086.91 1724.88 1070.56 2203.07 2183.62 1054.4 1002.55 1382.24 1226.4
threshold=-0.0088569976146717216 550.50000000000011 0.033615819209039555 1.0000000180025095e-35 1.0000000180025095e-35 inf 53.500000000000007 0.97871355387816916 -0.37940952255126065 0.91597561503675362 1.0000000180025095e-35 0.38507877664504181 0.67412127269698496 -1.0000000180025095e-35 -0.3794095225512602 -0.98296291314453399 12.500000000000002 14.19788232943762 0.94449944994499457 0.45130420054200548 0.25881904510252057 16.500000000000004 14.500000000000002 6.9196774193548398 0.6207344379758174 7.5000000000000009 0.25881904510252057 9.8576036866359456 9.7500000000000018 0.91597561503675351
decision_type=10 2 10 8 2 8 2 2 2 2 2 10 10 2 2 2 2 10 10 10 2 2 2 10 10 2 2 10 2 2
left_child=7 2 3 8 -5 16 12 11 -2 10 -10 -1 -7 15 -3 -6 23 18 -18 20 -19 22 -21 25 -25 -4 -24 28 29 -26
right_child=1 14 5 4 13 6 -8 -9 9 -11 -12 -13 -14 -15 -16 -17 17 19 -20 21 -22 -23 26 24 27 -27 -28 -29 -30 -31
leaf_value=-0.00031992176885089487 -2.8581608106720781e-05 0.67624116508525844 0 -0.00017842215315611029 -0.017689554825410285 0.015261020108789082 0.21966918036235655 -0.0025456426442217019 1.7712161439089879e-05 -1.5839560337242452e-06 -0.041009423576532915 -0.00036016835049514919 -0.020285647528002184 -0.0079432905033851222 5.9218784454991411 0.0060367749167953184 0.026798486021571356 0.063115281077741336 0.056922569832686953 0.053670859073307133 0.70616118336932654 -0.00049942838176608717 -0.0097822082190749185 0.0034432692640521626 -0.0039337851948252128 0.049090978109663522 -0.0079041487633673135 -0.0057676035900213309 0.0086856121939109521 0.0010315878455321227
leaf_weight=758094 3579 1075 623980 45285 2084 786 1389 2715 12330 3821 499 22920 4543 8884 5394 17317 30102 31449 9895 3063 7201 340104 6275 42500 12537 19889 6182 15290 6498 3010
leaf_count=758094 3579 1075 623980 45285 2084 786 1389 2715 12330 3821 499 22920 4543 8884 5394 17317 30102 31449 9895 3063 7201 340104 6275 42500 12537 19889 6182 15290 6498 3010
internal_value=-0.0192076 -0.000684171 -0.000901873 -0.00825115 -0.0147778 -0.000309996 -0.0251861 -0.049105 0.0154852 0.0203423 0.0268337 -0.0492149 -0.0382342 -0.00379883 0.041668 0.00106438 -0.000165677 0.00112476 0.0119621 2.53631e-05 0.0083053 -0.000874519 -0.0138144 -0.000940025 -0.00640133 -0.000262864 -0.02208 -0.0152632 -0.00843956 -0.0165337
internal_weight=2.04869e+06 1.26496e+06 1.25849e+06 93799 73570 1.16469e+06 6718 783729 20229 16650 12829 781014 5329 28285 6469 19401 1.15798e+06 434271 39997 394274 38650 355624 15520 723704 79835 643869 12457 37335 22045 15547
internal_count=2048690 1264961 1258492 93799 73570 1164693 6718 783729 20229 16650 12829 781014 5329 28285 6469 19401 1157975 434271 39997 394274 38650 355624 15520 723704 79835 643869 12457 37335 22045 15547
is_linear=0
shrinkage=0.05


Tree=113
num_leaves=31
num_cat=0
split_feature=18 5 11 16 1 16 16 0 16 1 16 10 5 16 14 18 1 16 5 1 14 1 18 18 5 10 5 16 7 0
split_gain=451757 4550.33 2720.98 2441.91 1413.16 1377.67 1342.2 1052.38 824.976 822.608 752.922 675.621 652.981 3595.54 1196.76 896.603 1290.46 877.242 812.224 3210.25 1599.29 1420.28 3376.79 1767.09 2948.73 2233 1575.07 1496.94 900.229 903.078
threshold=-0.0088569976146717216 626.50000000000011 1.0000000180025095e-35 1.0000000180025095e-35 1.0000000180025095e-35 3.9349703999033472 0.21688681631710352 -1.0000000180025095e-35 60.155048076923087 0.91597561503675351 73.44835993263294 21.500000000000004 16.500000000000004 15.278781333539966 0.53867513459481298 0.45130420054200548 0.25881904510252057 529.25821735571037 217.50000000000003 0.1294095225512602 1.0335936864527377 -0.12940952255126037 0.97146927146927153 0.9923175290182964 98.500000000000014 90.500000000000014 77.500000000000014 56.961591148577455 89.500000000000014 -1.0000000180025095e-35
decision_type=10 2 2 10 2 10 10 2 10 2 10 2 2 8 2 10 2 8 2 2 2 2 10 10 2 2 2 10 2 2
left_child=6 2 3 -2 10 7 -1 -6 9 -7 -5 -8 17 14 -14 16 -15 -4 21 -20 -21 22 -17 -23 25 28 -24 -26 29 -25
right_child=1 -3 12 4 5 8 11 -9 -10 -11 -12 -13 13 15 -16 18 -18 -19 19 20 -22 23 26 24 27 -27 -28 -29 -30 -31
leaf_value=-0.00030392568040835122 0.0021173748413456524 5.778061157871992 0 -0.00015663896928855422 -0.00021643516206215911 6.1809873900745457e-07 -0.00034557082034260002 -0.0003910087229971567 -0.0040392394494237682 4.2670425350377063e-06 8.302458901341188e-05 0.00062513002363862036 0.057907964964367765 0.051661712454695509 0.031854330380147823 -0.018777037919096885 0.90215588493339782 -0.00056744068936757095 -0.18844303934036191 0.026872552831285645 0.58431782785492459 -0.0047697051688741611 0.0021881089213987791 -0.0081784077361334081 0.17366054268724085 0.0020956547009426175 0.036348672496635002 -0.0097662767091343042 -0.016704763191229689 4.0741823781687005e-05
leaf_weight=747989 6569 4883 790527 31655 7484 10644 35069 6025 3931 3667 2873 671 17840 29856 15282 88230 6298 1139 20233 10172 11498 119137 16691 9933 674 3188 12807 15578 1823 16324
leaf_count=747989 6569 4883 790527 31655 7484 10644 35069 6025 3931 3667 2873 671 17840 29856 15282 88230 6298 1139 20233 10172 11498 119137 16691 9933 674 3188 12807 15578 1823 16324
internal_value=-0.019276 -0.000794847 -0.000981527 -0.0103613 -0.0132433 -0.00562974 -0.049105 -0.0177326 0.00333297 0.00890574 -0.0202444 -0.0396391 -0.000405987 0.00125289 0.0170219 -0.000188168 0.00728273 -0.00123486 -0.00101597 0.0054829 0.0188556 -0.00197356 0.00223057 -0.00494339 -0.0130955 -0.00411603 0.0168757 -0.0303716 -0.00861823 -0.00625928
internal_weight=2.04869e+06 1.26496e+06 1.26008e+06 72848 66279 31751 783729 13509 18242 14311 34528 35740 1.18723e+06 395564 33122 362442 36154 791666 326288 41903 21670 284385 117728 166657 47520 31268 29498 16252 28080 26257
internal_count=2048690 1264961 1260078 72848 66279 31751 783729 13509 18242 14311 34528 35740 1187230 395564 33122 362442 36154 791666 326288 41903 21670 284385 117728 166657 47520 31268 29498 16252 28080 26257
is_linear=0
shrinkage=0.05


Tree=114
num_leaves=31
num_cat=0
split_feature=18 5 18 15 14 15 5 14 11 15 0 0 18 0 1 5 0 0 5 18 0 1 15 1 5 5 14 1 11 0
split_gain=452447 4455.72 2160.24 5742.17 2227.32 1680.77 1700.46 1087.6 789.378 710.615 661.188 973.789 647.77 572.522 547.583 475.796 473.365 432.928 1424.26 1005.16 1875.39 994.662 667.45 1127.71 1093.59 732.038 607.453 823.382 593.862 925.719
threshold=-0.0088569976146717216 550.50000000000011 0.033615819209039555 1.0000000180025095e-35 1.0000000180025095e-35 inf 55.500000000000007 0.97871355387816916 1.0000000180025095e-35 0.38507877664504181 0.91597561503675362 -0.37940952255126065 0.67412127269698496 -1.0000000180025095e-35 -0.3794095225512602 644.50000000000011 -0.98296291314453399 -0.60355339059327362 165.50000000000003 0.74570365558377139 -0.9159756150367534 0.37940952255126048 29.004629629629633 0.1294095225512602 79.500000000000014 38.500000000000007 1.0000000180025095e-35 0.37940952255126048 0.83333333333333337 -0.9159756150367534
decision_type=10 2 10 8 2 8 2 2 2 10 2 2 10 2 2 2 2 2 2 10 2 2 10 2 2 2 2 2 2 2
left_child=7 2 3 8 -5 17 12 9 10 -1 11 -2 -7 16 15 -3 -6 18 19 20 -4 -20 25 24 -24 28 -22 -28 29 -21
right_child=1 14 5 4 13 6 -8 -9 -10 -11 -12 -13 -14 -15 -16 -17 -18 -19 21 22 26 -23 23 -25 -26 -27 27 -29 -30 -31
leaf_value=-0.00028872939638793229 -1.9320579236957032e-05 -0.81131437974442522 -0.0092699322305465522 -0.00016369121355886177 -0.016797245135675341 0.014600783997751839 0.21674112911115345 -0.0024031642279901955 -0.03509349103467977 -0.00032488139195326342 -1.5356631689884057e-06 1.66132012403835e-05 -0.019271365151602073 -0.0075382940297514375 5.3368814653305838 4.7719851531595223 0.0057307849415048802 0 0.18767141171182544 0.00085657740374472382 -0.00043883424737826141 1.0745017765322502 -0.021838065549663811 -0.050670485575355077 0.083683900352529872 0.61972303628317393 0.043541233610986302 0.16389540743876232 0 -0.0033017750894412724
leaf_weight=758094 3220 566 42503 45285 2084 797 1363 2715 884 22920 3795 12330 4558 8884 5394 509 17317 822034 9783 906 7259 4952 6891 15423 6744 1143 26528 21845 190483 1481
leaf_count=758094 3220 566 42503 45285 2084 797 1363 2715 884 22920 3795 12330 4558 8884 5394 509 17317 822034 9783 906 7259 4952 6891 15423 6744 1143 26528 21845 190483 1481
internal_value=-0.0192532 -0.000757929 -0.000970686 -0.00827034 -0.0147574 -0.000382805 -0.02532 -0.049105 0.0153221 -0.0492149 0.0174334 0.022 -0.0380112 -0.00374934 0.0406322 0.00804651 0.00106438 -0.000238131 0.00127418 0.000576888 0.00479391 0.0164744 -0.00127829 -0.00834538 0.00213055 -0.000219831 0.0108355 0.0128594 -0.000456266 -0.0252409
internal_weight=2.04869e+06 1.26496e+06 1.25849e+06 93799 73570 1.16469e+06 6718 783729 20229 781014 19345 15550 5355 28285 6469 1075 19401 1.15798e+06 335941 321206 98135 14735 223071 29058 13635 194013 55632 48373 192870 2387
internal_count=2048690 1264961 1258492 93799 73570 1164693 6718 783729 20229 781014 19345 15550 5355 28285 6469 1075 19401 1157975 335941 321206 98135 14735 223071 29058 13635 194013 55632 48373 192870 2387
is_linear=0
shrinkage=0.05


Tree=115
num_leaves=31
num_cat=0
split_feature=18 5 18 15 12 15 5 16 16 0 0 16 10 11 18 0 0 18 0 16 0 5 16 15 5 18 0 5 15 5
split_gain=451964 4391.04 2468.3 4882.22 1764.13 1707.16 1648.31 1392.76 1342.2 818.167 955.788 761.108 675.621 663.02 637.47 614.217 554.836 514.672 638.342 508.604 488.096 482.338 3292.25 858.595 2333.39 1509.66 951.499 994.103 2449.3 1362.42
threshold=-0.0088569976146717216 626.50000000000011 0.033615819209039555 1.0000000180025095e-35 1.0000000180025095e-35 inf 53.500000000000007 63.718893465482481 0.21688681631710352 -0.37940952255126065 0.60355339059327384 77.530214613640155 21.500000000000004 1.0000000180025095e-35 0.67412127269698496 -0.70710678118654735 0.91597561503675362 0.031320067264574002 -1.0000000180025095e-35 1.0000000180025095e-35 -0.98296291314453399 16.500000000000004 15.278781333539966 6.9196774193548398 6.5000000000000009 0.63657804459691258 0.98296291314453421 12.500000000000002 14.19788232943762 14.500000000000002
decision_type=10 2 10 8 2 8 2 10 10 2 2 8 2 2 10 2 2 8 2 10 2 2 8 10 2 10 2 2 10 2
left_child=8 2 3 7 11 21 14 9 -1 -2 13 15 -10 -11 -7 -5 -17 18 20 -12 -6 23 -23 24 -4 -25 27 -27 -29 -30
right_child=1 -3 5 4 17 6 -8 -9 12 10 19 -13 -14 -15 -16 16 -18 -19 -20 -21 -22 22 -24 25 -26 26 -28 28 29 -31
leaf_value=-0.00027429292656853678 -1.8354550275109178e-05 5.2505588423204133 0 -0.00014228416143650813 -0.015957382878891573 0.013767929903462034 0.20376323855005901 -0.0038381081370145991 -0.00031204820972780548 1.5782541178364328e-05 0.0020889375028487539 8.7057920240684371e-05 0.00071403173385620189 -0.033589698244061404 -0.018307796894021965 -0.00016493411532710257 -0.00061773269163426566 -0.0082931390930052647 -0.0071622105061604508 1.1932512246888519e-05 0.0064724537171758972 0.04674310624246214 -0.00057382346621572824 0.0032733098615877923 0.041837416203635597 -0.0025636424479973385 0.0035612506464345554 0.022816471229064474 0.034126576455826507 -0.0075089413251989258
leaf_weight=747989 3429 4883 618246 13080 2003 786 1403 1890 35069 7216 2231 3182 671 328 4543 24038 3220 2993 8556 5135 16498 33012 360041 56280 28863 34448 3359 13129 1982 10187
leaf_count=747989 3429 4883 618246 13080 2003 786 1403 1890 35069 7216 2231 3182 671 328 4543 24038 3220 2993 8556 5135 16498 33012 360041 56280 28863 34448 3359 13129 1982 10187
internal_value=-0.0192691 -0.000783779 -0.000967162 -0.00877035 -0.0147519 -0.000339584 -0.0254456 0.0129838 -0.049105 0.0171956 0.0222602 -0.0211857 -0.0396391 0.0347694 -0.0381404 -0.0230428 -0.0273168 -0.00543428 -0.00325794 0.00944882 0.00196476 -0.000193826 0.00123024 -0.000924078 -0.000205298 -0.00482012 -0.0101299 -0.0115857 -0.00405961 -0.0202194
internal_weight=2.04869e+06 1.26496e+06 1.26008e+06 93799 73570 1.16628e+06 6732 20229 783729 18339 14910 43520 35740 7544 5329 40338 27258 30050 27057 7366 18501 1.15955e+06 393053 766494 647109 119385 63105 59746 25298 12169
internal_count=2048690 1264961 1260078 93799 73570 1166279 6732 20229 783729 18339 14910 43520 35740 7544 5329 40338 27258 30050 27057 7366 18501 1159547 393053 766494 647109 119385 63105 59746 25298 12169
is_linear=0
shrinkage=0.05


Tree=116
num_leaves=31
num_cat=0
split_feature=12 16 17 11 11 16 17 1 16 17 16 11 16 17 0 16 1 14 0 1 12 14 0 6 16 11 17 17 11 17
split_gain=422351 21224.2 4884.94 7876.91 4009.74 2186.47 1271.72 1052.2 1713.45 1109.51 586.902 645.688 1007.01 568.075 508.894 1355.13 1042.34 627.231 1343.11 1121.11 1672.78 2395.13 1402.3 864.652 899.536 838.028 781.638 3568.18 906.85 2057.71
threshold=1.0000000180025095e-35 -1.0000000180025095e-35 1.0000000180025095e-35 -0.83333333333333315 619.16666666666686 0.21688681631710352 187.50000000000003 0.91597561503675351 3.9349703999033472 187.50000000000003 0.87228814888389372 3.1666666666666674 -1.0000000180025095e-35 171.50000000000003 -0.60355339059327362 139.76214412911665 0.37940952255126048 1.7199379676144053 0.25881904510252091 0.25881904510252057 9.9166666666666696 1.0000000180025095e-35 0.98296291314453421 74.500000000000014 13.892216343327457 405.16666666666669 98.500000000000014 99.500000000000014 25.166666666666668 30.500000000000004
decision_type=2 10 10 2 2 10 10 2 10 10 10 2 10 10 2 10 2 2 2 2 2 2 2 2 10 2 10 10 2 10
left_child=1 -1 -3 6 10 13 -4 -7 -9 -10 11 12 -2 -5 15 -12 -17 19 25 20 -16 22 23 24 -22 -19 28 -28 -21 -30
right_child=4 2 3 5 -6 7 -8 8 9 -11 14 -13 -14 -15 17 16 -18 18 -20 26 21 -23 -24 -25 -26 -27 27 -29 29 -31
leaf_value=-0.00026057828024010908 -0.00053906865489918856 -0.01651417520777923 -0.0002976070708078538 0.0013211266736524096 4.9208998841076612 -0.00013237575437982828 0.00020064625701903262 -0.00035502702040300063 2.4339032873484294e-06 -0.0036462027301638689 0 0.029694124721047113 0 -0.0041995597915356923 0 0.17005821053837772 1.140680115096538 -0.0010599809615698041 -0.069132446576273307 0 0.0084115641837858145 -0.0019067290594122711 -0.00078462905775231748 0.025045447761151963 0.0021375596316133283 0.64091730757503174 -0.0074000681267577311 -0.0020242924523152794 0.0046211847832280384 0.00020067078857266551
leaf_weight=728148 2902 18857 35921 7588 5003 44720 1762 1680 3300 455 316610 4447 44576 520 241321 15666 6086 50700 48466 253007 12296 59061 13100 11741 17817 2853 9086 35377 6714 48910
leaf_count=728148 2902 18857 35921 7588 5003 44720 1762 1680 3300 455 316610 4447 44576 520 241321 15666 6086 50700 48466 253007 12296 59061 13100 11741 17817 2853 9086 35377 6714 48910
internal_value=-0.0191881 -0.0463396 -0.0263586 -0.0217862 -0.000206056 -0.0102647 -0.0396001 -0.0141591 0.00661454 0.0253928 -0.000392176 -0.00559172 -0.00729812 0.0138259 -0.000157162 0.0014715 0.0135436 -0.000837129 -0.00450259 -0.000309275 0.00167349 0.00666447 0.0141773 0.0186458 0.0141583 0.000955129 -0.00230463 -0.00850258 -0.00141172 0.00436862
internal_weight=2.04869e+06 842951 114803 95946 1.20574e+06 58263 37683 50155 5435 3755 1.20074e+06 51925 47478 8108 1.14881e+06 338362 21752 810449 102019 708430 355336 114015 54954 41854 30113 53553 353094 44463 308631 55624
internal_count=2048690 842951 114803 95946 1205739 58263 37683 50155 5435 3755 1200736 51925 47478 8108 1148811 338362 21752 810449 102019 708430 355336 114015 54954 41854 30113 53553 353094 44463 308631 55624
is_linear=0
shrinkage=0.05


Tree=117
num_leaves=31
num_cat=0
split_feature=18 5 15 12 17 15 0 17 16 12 0 17 10 18 17 0 0 16 0 5 17 10 15 18 10 5 16 16 17 0
split_gain=453131 4140.81 2518.98 6932.62 3074.89 1691.83 1594.87 1572.05 1434.54 1189.06 1167.3 911.335 762.623 611.433 596.711 648.289 631.684 512.168 527.382 1292.6 652.57 821.785 803.916 569.695 1164.55 446.03 813.967 426.845 514.395 407.896
threshold=-0.0088569976146717216 626.50000000000011 1.0000000180025095e-35 1.0000000180025095e-35 149.50000000000003 1.0000000180025095e-35 -0.37940952255126065 65.500000000000014 0.21688681631710352 1.0000000180025095e-35 0.91597561503675362 149.50000000000003 2.5000000000000004 0.67412127269698496 32.500000000000007 -0.5 0.91597561503675362 0.87228814888389372 -0.60355339059327362 325.50000000000006 79.500000000000014 71.500000000000014 62.802439024390246 0.80870695256660186 218.50000000000003 5.5000000000000009 1.0000000180025095e-35 53.333929636255228 171.50000000000003 1.0000000180025095e-35
decision_type=10 2 8 2 10 10 2 10 10 2 2 10 2 10 10 2 2 10 2 2 10 2 10 10 2 2 10 10 10 2
left_child=8 2 4 11 6 7 -2 13 -1 10 -8 14 -10 -5 15 -4 -17 25 19 20 22 -22 -19 24 -20 26 -7 -23 -29 -26
right_child=1 -3 3 5 -6 17 9 -9 12 -11 -12 -13 -14 -15 -16 16 -18 18 23 -21 21 27 -24 -25 29 -27 -28 28 -30 -31
leaf_value=-0.00024754936622810585 -1.0818035042362306e-05 4.7419859059990079 -0.00012855116564569131 0.013054528977744756 -0.0038971866956047383 -0.00051211522215423029 2.4023013206742978e-05 0.1771901309320974 -0.00028156544570102085 0.00058740324374800422 0.00031490173529985613 8.9323811947641566e-05 -0.00077264749500377539 -0.017392407049320869 -0.00012575696666083686 -0.00016341775167560849 -0.00058022726933356099 0 -0.0025431232359876877 0.94205998477612818 0.191512649713831 0.32421691965441046 -0.074431603280156369 0 -0.16884995603495839 0.055312652848887915 0 -0.03896023033138505 0.13976031123224716 -0.84751411583812419
leaf_weight=747989 5094 4883 13000 729 2772 1753 10085 1547 33400 3210 2942 3261 2340 4601 9339 15357 2764 262335 186000 5135 29476 1470 1778 606424 2969 2431 44035 18440 16869 6262
leaf_count=747989 5094 4883 13000 729 2772 1753 10085 1547 33400 3210 2942 3261 2340 4601 9339 15357 2764 262335 186000 5135 29476 1470 1778 606424 2969 2431 44035 18440 16869 6262
internal_value=-0.0192151 -0.000705832 -0.000883914 -0.0011961 0.0151247 -0.000479009 0.0215625 -0.0252072 -0.0490895 0.0292203 0.0359369 -0.0207509 -0.0393033 -0.0380863 -0.0228003 -0.019474 -0.0255863 -0.000335547 -0.000121531 0.00154291 0.00115598 0.00559279 4.2974e-05 -0.00081812 -0.00316727 -0.00538273 -0.00649078 0.000607684 -0.000491376 -0.0205016
internal_weight=2.04869e+06 1.26496e+06 1.26008e+06 1.23598e+06 24103 1.19225e+06 21331 6877 783729 16237 13027 43721 35740 5330 40460 31121 18121 1.18538e+06 1.13716e+06 335503 330368 66255 264113 801655 195231 48219 45788 36779 35309 9231
internal_count=2048690 1264961 1260078 1235975 24103 1192254 21331 6877 783729 16237 13027 43721 35740 5330 40460 31121 18121 1185377 1137158 335503 330368 66255 264113 801655 195231 48219 45788 36779 35309 9231
is_linear=0
shrinkage=0.05


Tree=118
num_leaves=31
num_cat=0
split_feature=18 15 15 12 17 15 17 0 16 12 0 17 14 18 16 15 0 0 16 16 17 15 0 5 18 1 16 0 1 14
split_gain=454223 4017.01 2310.76 6917.74 2999.14 1719.88 1532.71 1505.49 1434.46 1169.41 1463.34 904.462 754.313 611.433 578.734 1611.15 606.191 769.779 548.687 537.953 498.71 469.854 432.043 1170.15 608.308 2094.15 1254.91 883.307 581.704 496.183
threshold=-0.0088569976146717216 617.36184210526324 1.0000000180025095e-35 1.0000000180025095e-35 149.50000000000003 1.0000000180025095e-35 65.500000000000014 -0.37940952255126065 0.21688681631710352 1.0000000180025095e-35 0.91597561503675362 149.50000000000003 1.0335936864527377 0.67412127269698496 0.21688681631710352 0.078222778473091378 -0.25881904510252113 0.91597561503675362 -1.0000000180025095e-35 0.87228814888389372 32.500000000000007 0.54577691811734375 -0.60355339059327362 325.50000000000006 0.74083669161389376 0.37940952255126048 18.419328569054347 -0.98296291314453399 0.1294095225512602 1.7199379676144053
decision_type=10 10 8 2 10 10 10 2 10 2 2 10 2 10 10 8 2 2 10 10 10 10 2 2 10 2 10 2 2 2
left_child=8 2 4 11 7 6 13 -2 -1 10 -9 14 -10 -5 15 -4 20 -18 -17 -7 21 -16 23 24 25 27 -27 -21 -25 -24
right_child=1 -3 3 5 -6 19 -8 9 12 -11 -12 -13 -14 -15 16 18 17 -19 -20 22 -22 -23 29 28 -26 26 -28 -29 -30 -31
leaf_value=-0.0002351718979167028 -1.0277133290244192e-05 4.5243651604426933 0.00015787278884224143 0.01240180252885752 -0.0037023273608245014 0 0.17868618014009741 2.2821862546405832e-05 -0.00026748717341597007 0.00055803308156060396 0.00029915664853486331 8.4857621350259484e-05 -0.0011360196181949389 -0.016522786696854832 -0.00013534609880781732 0.0020774626872511553 -0.00015524686409182809 -0.00055121590586688289 -0.00027833904171474652 -0.034723088562051863 -9.5840923436150494e-05 -0.00011354902810498564 0 0.16818955649715123 0 0.021583591984027085 0.47463631456149558 0.0091585556614819826 1.6419082967753127 -0.027355255456427276
leaf_weight=747989 5094 4844 1172 729 2772 48219 1571 10085 33286 3210 2942 3261 2454 4601 5195 316 14677 2564 2283 16503 4917 9336 703200 2333 216351 15101 14101 68312 2802 98470
leaf_count=747989 5094 4844 1172 729 2772 48219 1571 10085 33286 3210 2942 3261 2454 4601 5195 316 14677 2564 2283 16503 4917 9336 703200 2333 216351 15101 14101 68312 2802 98470
internal_value=-0.0191788 -0.000647332 -0.000822027 -0.00112102 0.0145106 -0.000404724 -0.0252934 0.0208687 -0.0490892 0.0283088 0.0349697 -0.0206548 -0.0393033 -0.0380863 -0.0226965 -0.00404402 -0.0246136 -0.0314396 -0.0259908 -0.00025983 -0.0185623 -0.0139048 -4.04952e-05 0.00146601 0.00109787 0.00405334 0.0156017 7.72269e-05 0.0251509 -0.000670974
internal_weight=2.04869e+06 1.26496e+06 1.26012e+06 1.23601e+06 24103 1.19229e+06 6901 21331 783729 16237 13027 43721 35740 5330 40460 3771 36689 17241 2599 1.18539e+06 19448 14531 1.13717e+06 335503 330368 114017 29202 84815 5135 801670
internal_count=2048690 1264961 1260117 1236014 24103 1192293 6901 21331 783729 16237 13027 43721 35740 5330 40460 3771 36689 17241 2599 1185392 19448 14531 1137173 335503 330368 114017 29202 84815 5135 801670
is_linear=0
shrinkage=0.05


Tree=119
num_leaves=31
num_cat=0
split_feature=18 5 11 15 17 15 17 16 16 16 17 0 12 18 0 0 0 17 16 16 5 0 8 15 5 8 5 18 15 18
split_gain=451707 3963.06 2808.87 4864.48 2496.89 1760.69 1464.26 1433.47 1336.87 1267.78 812.204 802.773 744.812 680.446 535.932 1343.01 605.581 840.776 973.281 501.578 619.842 1870.11 821.942 571.854 491.488 549.425 608.101 621.637 581.576 1867.31
threshold=-0.0088569976146717216 626.50000000000011 1.0000000180025095e-35 1.0000000180025095e-35 149.50000000000003 inf 40.500000000000007 0.21688681631710352 1.0000000180025095e-35 0.5824587912087914 140.50000000000003 -0.70710678118654735 1.0000000180025095e-35 0.67412127269698496 0.25881904510252091 0.91597561503675362 -1.0000000180025095e-35 20.500000000000004 16.266113416320888 529.25821735571037 368.50000000000006 0.25881904510252091 349.50000000000006 370.7405956112853 296.50000000000006 280.50000000000006 245.50000000000003 0.75582905466626416 98.995145631067984 0.9923175290182964
decision_type=10 2 2 8 10 8 10 10 10 10 10 2 2 10 2 2 2 10 10 8 2 2 2 10 2 2 2 10 10 10
left_child=7 2 3 4 8 19 13 -1 -2 -10 11 -5 -9 -7 16 -16 -11 -18 -19 20 22 -22 24 -23 25 26 28 -28 -4 -30
right_child=1 -3 5 10 -6 6 -8 12 9 14 -12 -13 -14 -15 15 -17 17 18 -20 -21 21 23 -24 -25 -26 -27 27 -29 29 -31
leaf_value=-0.0002234133030208696 0.0019493418068494079 4.2981469024205579 0 -0.00011644615595815746 -0.0034736011215426191 0.027838053854137002 0.088039590791371233 -0.00025411281474517212 -9.7632766257319826e-06 0.00016368607631946062 8.0614740282746518e-05 -0.000134925010055139 -0.0030987209733109923 -0.015696647362012085 1.5995962891125132e-05 -2.6139637095627971e-05 1.2529475167421248e-05 -3.0035664676432886e-08 0.0003954371599336173 -0.008680834972101082 0.60559273850935114 0.35852426168665374 -0.087857956182722324 -0.13740718139893601 0.21269073632971641 -0.051770002301952903 -0.13864415433219648 0.23654167443060459 -0.0019397540557335446 -0.0070300647204199155
leaf_weight=747989 4118 4883 1057987 16803 2588 601 1879 33327 1764 2820 3810 32869 2413 4340 3761 2074 498 1427 316 4330 7526 1290 2541 6075 6461 4376 2296 5771 63037 18720
leaf_count=747989 4118 4883 1057987 16803 2588 601 1879 33327 1764 2820 3810 32869 2413 4340 3761 2074 498 1427 316 4330 7526 1290 2541 6075 6461 4376 2296 5771 63037 18720
internal_value=-0.0192332 -0.000753106 -0.000927324 -0.0104574 0.0110141 -0.000342562 -0.0256745 -0.0490606 0.0180653 0.0100158 -0.0182323 -0.0199388 -0.0392781 -0.0399615 0.0163822 0.0267095 0.0044754 -0.0149264 -0.0312966 -0.000196203 -0.000133664 0.0100027 -0.000263652 -0.00790903 -0.000201355 -0.00027847 -0.000211054 0.0134685 -0.000307876 -0.00437088
internal_weight=2.04869e+06 1.26496e+06 1.26008e+06 72848 19366 1.18723e+06 6820 783729 16778 12660 53482 49672 35740 4941 10896 5835 5061 2241 1743 1.18041e+06 1.17608e+06 14891 1.16119e+06 7365 1.15865e+06 1.15219e+06 1.14781e+06 8067 1.13974e+06 81757
internal_count=2048690 1264961 1260078 72848 19366 1187230 6820 783729 16778 12660 53482 49672 35740 4941 10896 5835 5061 2241 1743 1180410 1176080 14891 1161189 7365 1158648 1152187 1147811 8067 1139744 81757
is_linear=0
shrinkage=0.05


Tree=120
num_leaves=31
num_cat=0
split_feature=18 15 11 15 15 15 5 16 16 16 16 14 18 1 14 16 15 1 16 16 16 1 1 5 16 18 1 14 8 15
split_gain=450807 3861.57 2822.77 4842.17 1750.92 1747.26 1479.95 1279.99 875.449 1019.45 785.267 834.733 640.557 608.583 553.046 525.376 1704.46 538.492 489.476 436.954 423.328 422.491 418.578 399.756 2928.87 958.482 1055.83 738.718 678.349 625.895
threshold=-0.0088569976146717216 617.36184210526324 1.0000000180025095e-35 1.0000000180025095e-35 0.46821976838136287 617.36184210526324 94.500000000000014 1.0000000180025095e-35 0.5824587912087914 63.718893465482481 73.44835993263294 1.0000000180025095e-35 0.68974737230315342 0.98296291314453421 0.7545593041629518 0.21688681631710352 0.078222778473091378 -0.3794095225512602 inf -0.84841212603516436 -0.19188765717419401 -0.3794095225512602 -0.9159756150367534 21.500000000000004 19.62627092533635 0.45489918641669619 0.25881904510252057 0.63226727006295136 20.500000000000004 14.19788232943762
decision_type=10 10 2 8 10 8 2 10 10 10 8 2 10 2 2 10 8 2 8 10 10 2 2 2 10 10 2 2 2 10
left_child=4 2 3 7 19 18 12 -2 22 13 11 15 -7 -10 -6 16 -5 -17 23 -1 -18 -3 -9 28 27 26 -26 -25 -4 -27
right_child=1 21 5 10 14 6 -8 8 9 -11 -12 -13 -14 -15 -16 17 20 -19 -20 -21 -22 -23 -24 24 25 29 -28 -29 -30 -31
leaf_value=-0.00021224263786982501 0.0018440206443446835 -0.0033700085408383987 0 0.00015672539990288633 -0.00023799628663570549 0.0097130266270665962 0.44772436770919272 1.0502183902649392e-05 9.3875463129917305e-06 -0.0030859281835462849 7.658400326860919e-05 -0.0048284983037378453 -0.014911814993911476 -2.8533881442611241e-08 -0.00037666021791891161 -0.00011154419738666088 0.0019557964487655938 -0.0001700542106977676 -5.2467712441461868e-05 -0.0076374792483282607 -0.00025767583912625222 4.1832395572995322 -9.2751127944453826e-06 0.10411680623456371 0.078597793760422266 0.17159206031465646 1.0721940274375406 0.051293368466205004 -0.046189534585178528 -0.0014871616307868152
leaf_weight=681548 4632 486 816325 1171 22447 967 872 271 10194 1787 4407 9278 5005 989 1649 16831 223 19265 1500 78085 2307 4358 1493 13635 25999 3261 5276 11245 12024 291160
leaf_count=681548 4632 486 816325 1171 22447 967 872 271 10194 1787 4407 9278 5005 989 1649 16831 223 19265 1500 78085 2307 4358 1493 13635 25999 3261 5276 11245 12024 291160
internal_value=-0.019212 -0.000750339 -0.000921621 -0.0104752 -0.0490097 -0.000335434 -0.025526 0.010947 0.00373965 0.00823439 -0.0182323 -0.0200479 -0.0344106 0.013838 -0.0357404 -0.0231965 -0.00525534 -0.025036 -0.000189381 -0.0494306 -0.0283399 0.0438068 -0.0293084 -0.000153063 0.00126221 -9.21104e-07 0.00832134 0.0177974 -0.000752038 -0.000884957
internal_weight=2.04869e+06 1.26496e+06 1.26012e+06 72848 783729 1.18727e+06 6844 19366 14734 12970 53482 49075 5972 11183 24096 39797 3701 36096 1.18042e+06 759633 2530 4844 1764 1.17892e+06 350576 325696 31275 24880 828349 294421
internal_count=2048690 1264961 1260117 72848 783729 1187269 6844 19366 14734 12970 53482 49075 5972 11183 24096 39797 3701 36096 1180425 759633 2530 4844 1764 1178925 350576 325696 31275 24880 828349 294421
is_linear=0
shrinkage=0.05


Tree=121
num_leaves=31
num_cat=0
split_feature=16 12 16 11 15 12 16 15 15 6 12 16 16 16 16 15 1 0 15 15 0 1 0 14 0 16 0 0 1 15
split_gain=413132 15368.2 14565.1 35987.9 3648.03 2532.53 2444.6 2370.83 1676.36 1326.65 1161.28 899.721 855.414 883.668 1009.96 1077.15 771.511 1151.7 751.202 707.472 660.264 624.591 603.079 594.825 586.407 584.833 660.428 752.027 476.462 677.489
threshold=-0.84841212603516436 1.0000000180025095e-35 -1.0000000180025095e-35 -0.83333333333333315 617.36184210526324 -0.91666666666666663 1.0000000180025095e-35 0.078222778473091378 617.36184210526324 96.500000000000014 1.0833333333333337 99.015320334261858 63.718893465482481 0.67425476260981154 0.21688681631710352 1.0000000180025095e-35 0.91597561503675351 0.91597561503675362 -0.99693251533742322 0.17992805755395685 -1.0000000180025095e-35 0.25881904510252057 0.98296291314453421 1.0000000180025095e-35 -1.0000000180025095e-35 73.44835993263294 -0.25881904510252113 0.91597561503675362 -0.9159756150367534 1.0000000180025095e-35
decision_type=10 2 10 2 10 2 10 8 8 2 2 10 10 10 10 10 2 2 8 10 2 2 2 2 2 10 2 2 2 10
left_child=10 2 3 22 8 11 24 12 -3 23 -1 -4 13 14 15 -8 17 -15 -5 -20 -18 -19 -2 -10 -7 26 -9 -28 29 -16
right_child=1 4 5 18 -6 6 7 25 9 -11 -12 -13 -14 16 28 -17 20 21 19 -21 -22 -23 -24 -25 -26 -27 27 -29 -30 -31
leaf_value=-0.00020163050597633571 0.00021202834415091633 0 -0.0002295073596761288 0.00021202834415091633 3.9240775794345555 -0.015271285756615571 -7.8414176110730638e-05 -9.5681817696529378e-05 -0.014166224244215897 0.42660795807816287 -0.0072052044131600823 0.00022867164051981748 -0.0029316317743689705 1.4726787430919291e-05 9.9770747075169226e-06 0.00014119103989254945 0.00015430348539416139 0.16167888814864889 -0.034931766836916185 0.0018825459809530744 -1.9371489763391565e-07 -3.7432705434832778e-05 0.020045548326043165 -0.042628980196590699 -0.015271285756615571 7.2754803105178729e-05 -0.00013516106051514667 -0.00050840614953589342 -3.7539490323097053e-05 -0.00010953769287405923
leaf_weight=686891 22913 1191889 35988 532 4829 9330 497 18045 3921 808 1347 1346 1661 5280 395 1033 762 1205 17219 248 2034 1114 1403 1887 15267 1702 13905 2477 2431 331
leaf_count=686891 22913 1191889 35988 532 4829 9330 497 18045 3921 808 1347 1346 1661 5280 395 1033 762 1205 17219 248 2034 1114 1403 1887 15267 1702 13905 2477 2431 331
internal_value=-0.0181154 -0.00214546 -0.0168523 0.00822285 -0.000225208 -0.0260947 -0.0209393 -0.0148812 -0.000399957 -0.0254988 -0.0496835 -0.0367922 0.000671923 0.00442249 -0.0136015 0.0197386 0.0125493 0.0208119 -0.045372 -0.0471546 -0.00990701 -0.00855972 0.0478944 -0.0338499 -0.0339615 -0.0220889 -0.0235034 -0.0307716 -0.0297593 0.00578512
internal_weight=2.04869e+06 1.36045e+06 157118 42315 1.20333e+06 114803 77469 52872 1.1985e+06 6616 688238 37334 16743 15082 4687 1530 10395 7599 17999 17467 2796 2319 24316 5808 24597 36129 34427 16382 3157 726
internal_count=2048690 1360452 157118 42315 1203334 114803 77469 52872 1198505 6616 688238 37334 16743 15082 4687 1530 10395 7599 17999 17467 2796 2319 24316 5808 24597 36129 34427 16382 3157 726
is_linear=0
shrinkage=0.05


Tree=122
num_leaves=31
num_cat=0
split_feature=16 12 16 11 18 16 15 15 15 17 17 18 18 17 0 16 16 16 15 15 0 0 15 15 0 0 0 17 16 18
split_gain=414111 14423.4 13519 35420.7 12183.3 4976.97 3493.55 2171.72 1674.35 1374.59 1337.97 1233.11 1170.8 1154.42 1127.37 984.144 969.55 955.456 1066.75 787.726 765.061 1600.44 700.016 2517.44 644.492 711.015 595.854 766.454 985.107 585.764
threshold=-0.84841212603516436 1.0000000180025095e-35 -1.0000000180025095e-35 -0.83333333333333315 -0.0088569976146717216 1.0000000180025095e-35 617.36184210526324 0.078222778473091378 617.36184210526324 149.50000000000003 94.500000000000014 -1.0000000180025095e-35 -0.0088569976146717216 171.50000000000003 0.98296291314453421 60.155048076923087 0.72419521136441756 0.21688681631710352 1.0000000180025095e-35 -0.99693251533742322 0.91597561503675362 0.25881904510252091 0.17992805755395685 0.46821976838136287 -0.25881904510252113 0.91597561503675362 -1.0000000180025095e-35 20.500000000000004 16.893650793650796 0.67412127269698496
decision_type=10 2 10 2 10 10 10 8 8 10 10 10 10 10 2 10 10 10 10 8 2 2 10 10 2 2 2 10 10 10
left_child=12 2 3 14 22 13 8 9 -3 16 29 19 -1 -6 -2 24 17 18 -7 -5 21 26 -4 -24 -9 -26 -18 -28 -29 -10
right_child=1 6 4 11 5 7 -8 15 10 -11 -12 -13 -14 -15 -16 -17 20 -19 -20 -21 -22 -23 23 -25 25 -27 27 28 -30 -31
leaf_value=-0.00019154898067751949 0.00020142692694337106 0 -0.014507721468784793 0.00020142692694337106 0.0023965007741504128 -7.4493467305194113e-05 3.7278737004628284 -9.6247193205393147e-05 0.010322875930694475 -0.0027973343599802906 0.33893921500060104 0.0038178325355224169 -3.9762801520570878e-05 -0.00276456278744677 0.019043270909741006 1.4137741924824533e-06 0.00014731722091812993 -3.1245159127785875e-05 0.00013413148789792199 -0.033185178495070376 -3.5561070163091138e-05 1.744689040882979e-05 0.00011507379514332784 -0.00021462110432011739 -0.00012840300748938934 -0.00048298584205909878 1.1443309838282295e-05 -4.8822545221050203e-07 0.00037567641437589029 -0.013457913032005098
leaf_weight=685667 22913 1191889 34933 522 5225 484 4829 17582 843 1942 1050 462 2571 520 1403 4691 2101 3258 1033 17015 2065 3568 970 17762 14038 2532 358 1435 306 4723
leaf_count=685667 22913 1191889 34933 522 5225 484 4829 17582 843 1942 1050 462 2571 520 1403 4691 2101 3258 1033 17015 2065 3568 970 17762 14038 2532 358 1435 306 4723
internal_value=-0.018078 -0.00208916 -0.0163368 0.0078211 -0.0252411 -0.0099807 -0.000228864 -0.0145749 -0.000399873 0.000592145 -0.0254837 -0.0453497 -0.0496835 0.0343168 0.0471788 -0.0210373 0.00584611 -0.0126387 0.0201384 -0.0474739 0.0148225 0.0220134 -0.0426265 -0.0348281 -0.0239869 -0.0310622 0.00109524 -0.0177465 -0.0314474 -0.0352497
internal_weight=2.04869e+06 1.36045e+06 157118 42315 114803 61138 1.20333e+06 55393 1.1985e+06 16550 6616 17999 688238 5745 24316 38843 14608 4775 1517 17537 9833 7768 53665 18732 34152 16570 4200 2099 1741 5566
internal_count=2048690 1360452 157118 42315 114803 61138 1203334 55393 1198505 16550 6616 17999 688238 5745 24316 38843 14608 4775 1517 17537 9833 7768 53665 18732 34152 16570 4200 2099 1741 5566
is_linear=0
shrinkage=0.05


Tree=123
num_leaves=31
num_cat=0
split_feature=16 18 15 16 15 5 5 17 5 16 18 16 15 15 17 5 16 11 17 0 16 0 18 7 0 0 15 15 10 18
split_gain=406845 13473.9 22824.4 22066.9 10425.1 9922.65 3549.96 3094.79 2672.56 2824.83 2015.6 4435.24 1794.99 1392.28 1431.74 1324.03 1164.54 1158.52 1053.2 1032.88 885.677 862.664 824.738 773.775 734.099 787.898 725.932 1354.12 603.625 593.279
threshold=-0.84841212603516436 -0.0088569976146717216 -0.42136968928344953 0.21688681631710352 0.46821976838136287 -1.0000000180025095e-35 626.50000000000011 9.5000000000000018 -1.0000000180025095e-35 -1.0000000180025095e-35 0.033615819209039555 1.0000000180025095e-35 inf 1.0000000180025095e-35 149.50000000000003 95.500000000000014 0.5824587912087914 1.0000000180025095e-35 171.50000000000003 0.98296291314453421 60.155048076923087 -0.70710678118654735 -0.0088569976146717216 1.5000000000000002 0.91597561503675362 0.25881904510252091 0.46821976838136287 0.17992805755395685 1.5000000000000002 0.031320067264574002
decision_type=10 10 8 10 10 2 2 10 2 10 10 10 8 8 10 2 10 2 10 2 10 2 10 2 2 2 8 10 2 10
left_child=4 2 3 5 22 19 10 -6 9 -4 11 18 -12 14 16 -14 -13 20 -3 -2 21 -15 -1 -9 25 -18 27 -11 -28 -19
right_child=1 6 8 -5 7 -7 -8 23 -10 26 12 13 15 17 -16 -17 24 29 -20 -21 -22 -23 -24 -25 -26 -27 28 -29 -30 -31
leaf_value=-0.00018197153164364324 0.00019135558059619752 0.0022766757354428921 0.00019135558059619752 -0.0065187438444888057 -3.7774661444545113e-05 -0.031525919570316856 3.4914800154396861 5.926276424850219e-06 -0.014225233861705417 -0.0062008429032054668 0 -5.3721246821789681e-06 -0.012785017380404841 -9.2524687080265076e-05 -0.002657467641981276 0.36663271813595844 2.1862575245835047e-06 -1.7508406526800523e-05 -0.0026263346480744315 0.018091107364253955 1.3430854828633266e-06 -0.0001094233462828222 -0.00016652731777203612 -0.0078819214771407072 -3.3783016654936577e-05 1.3118103538931837e-05 -0.0002038900491041107 0.000109320105386157 -0.0003558521911158408 -0.0083364099214291009
leaf_weight=681548 22190 5872 2220 13998 1517 3012 4865 3486 32842 1872 1157583 1831 5641 15764 2161 796 5550 17125 577 1456 5879 29859 927 760 2082 3815 17850 1076 1546 2990
leaf_count=681548 22190 5872 2220 13998 1517 3012 4865 3486 32842 1872 1157583 1831 5641 15764 2161 796 5550 17125 577 1456 5879 29859 927 760 2082 3815 17850 1076 1546 2990
internal_value=-0.01788 -0.00203197 -0.0198854 0.00877853 -0.049207 0.0354715 -0.000645126 0.0177598 -0.0401857 -0.0277113 -0.000810044 -0.00787284 -0.000242693 -0.0108367 0.00278192 -0.0265729 0.00892454 -0.0137726 0.0321368 0.0463588 -0.0177469 -0.0201006 -0.0497724 0.0396609 0.0148467 0.0208169 -0.0330559 -0.00993894 -0.0365694 -0.00359682
internal_weight=2.04869e+06 1.36045e+06 98062 40656 688238 26658 1.26239e+06 5763 57406 24564 1.25752e+06 93505 1.16402e+06 87056 15439 6437 13278 71617 6449 23646 51502 45623 682475 4246 11447 9365 22344 2948 19396 20115
internal_count=2048690 1360452 98062 40656 688238 26658 1262390 5763 57406 24564 1257525 93505 1164020 87056 15439 6437 13278 71617 6449 23646 51502 45623 682475 4246 11447 9365 22344 2948 19396 20115
is_linear=0
shrinkage=0.05


Tree=124
num_leaves=31
num_cat=0
split_feature=16 11 15 16 18 15 5 16 5 17 5 15 15 16 15 0 15 17 17 16 17 17 0 18 7 18 18 9 17 16
split_gain=405442 14152.5 13183.4 22483.2 11265.9 10425.1 7401.82 5225.26 3397.76 3094.79 3053.97 3770.88 1842.73 1622.93 1587.79 1180.3 1147.94 1110.09 1038.82 918.682 906.303 1156.48 869.485 824.738 773.775 672.446 536.307 536.033 474.492 446.209
threshold=-0.84841212603516436 1.0000000180025095e-35 -0.52539565697460422 0.21688681631710352 -0.0088569976146717216 0.46821976838136287 -1.0000000180025095e-35 1.0000000180025095e-35 626.50000000000011 9.5000000000000018 -1.0000000180025095e-35 0.46821976838136287 inf 0.21688681631710352 0.17992805755395685 0.98296291314453421 0.078222778473091378 40.500000000000007 171.50000000000003 60.155048076923087 187.50000000000003 47.500000000000007 -0.70710678118654735 -0.0088569976146717216 1.5000000000000002 0.67412127269698496 -0.0044176316045538575 21.500000000000004 16.500000000000004 -0.62084420919083605
decision_type=10 2 8 10 10 10 2 10 2 10 2 10 8 10 10 2 8 10 10 10 10 10 2 10 2 10 10 2 8 10
left_child=5 2 3 6 10 23 15 18 12 -7 11 13 26 -4 -15 -2 20 25 -6 22 21 -9 -18 -1 -11 -14 -3 -13 -17 -30
right_child=1 8 4 -5 7 9 -8 16 -10 24 -12 27 17 14 -16 28 19 -19 -20 -21 -22 -23 -24 -25 -26 -27 -28 -29 29 -31
leaf_value=-0.00017287295506145941 0.00018178780156639097 -0.030941722866713178 0.0001851986889386037 -0.0061928066522643661 0.0021628419486707474 -3.5885928372314523e-05 -0.029949623591801013 -1.0232304610743503e-07 3.3169060146676999 5.6299626036038221e-06 -0.013513972168620145 -0.00019369554664890322 0.028746472736510764 -0.005890800758045195 0.00010385410011685137 -0.0026553433235076088 -8.8032154095134832e-05 0.053346760746838841 -0.0024950179156707098 1.2759312087218257e-06 -0.0025245942598822123 0.00042863522493957648 -0.00010504559921766486 -0.00015820095188343598 -0.0074878254032839211 -0.012145766511384593 0 0.001022274251833344 -0.027809596376372148 0.017186551996041258
leaf_weight=681548 21648 1162 2210 13774 5520 1517 2547 14028 4865 3486 33543 19042 587 1867 1009 430 14564 1803 569 5799 2053 1628 28103 927 760 4135 1178355 187 318 706
leaf_count=681548 21648 1162 2210 13774 5520 1517 2547 14028 4865 3486 33543 19042 587 1867 1009 430 14564 1803 569 5799 2053 1628 28103 927 760 4135 1178355 187 318 706
internal_value=-0.017934 -0.00211342 -0.0156292 0.00970119 -0.0233035 -0.049207 0.0373718 -0.0101392 -0.000189226 0.0177598 -0.0397456 -0.0262533 -0.000360274 0.012033 -0.012726 0.0462904 -0.0142176 -0.0268582 0.0341846 -0.0181983 -0.00332317 0.000772867 -0.0207362 -0.0497724 0.0396609 -0.0396019 -0.000213689 -0.0363799 0.00268226 0.0211914
internal_weight=2.04869e+06 1.36045e+06 169545 39423 130122 688238 25649 72264 1.19091e+06 5763 57858 24315 1.18604e+06 5086 2876 23102 66175 6525 6089 48466 17709 15656 42667 682475 4246 4722 1.17952e+06 19229 1454 1024
internal_count=2048690 1360452 169545 39423 130122 688238 25649 72264 1190907 5763 57858 24315 1186042 5086 2876 23102 66175 6525 6089 48466 17709 15656 42667 682475 4246 4722 1179517 19229 1454 1024
is_linear=0
shrinkage=0.05


Tree=125
num_leaves=31
num_cat=0
split_feature=16 12 15 16 15 18 5 16 5 5 15 15 7 18 15 16 15 0 5 16 18 18 0 0 16 18 16 18 14 18
split_gain=405590 14443.4 14014.4 22897.2 10451.9 10244.3 7954.98 5571.38 3319.66 2746.34 4413.3 1860.22 1664.71 2038.4 1404.08 1208.59 1475.02 1192.05 1003.59 983.908 824.738 710.643 643.926 710.663 568.056 472.663 443.305 407.419 739.148 565.539
threshold=-0.84841212603516436 1.0000000180025095e-35 -0.49827586206896546 0.21688681631710352 0.46821976838136287 -0.0088569976146717216 -1.0000000180025095e-35 1.0000000180025095e-35 626.50000000000011 -1.0000000180025095e-35 0.46821976838136287 inf 1.0000000180025095e-35 -0.11805555555555554 0.078222778473091378 0.21688681631710352 0.17992805755395685 0.98296291314453421 39.500000000000007 60.155048076923087 -0.0088569976146717216 0.67412127269698496 -0.25881904510252113 0.91597561503675362 72.063850923166527 -0.060661764705882346 -0.62084420919083605 0.066806136680613679 1.0000000180025095e-35 0.40038910505836584
decision_type=10 2 8 10 10 10 2 10 2 2 10 8 2 10 8 10 10 2 2 10 10 10 2 2 10 8 10 10 2 10
left_child=4 2 3 6 20 9 17 -7 11 10 15 27 13 -6 24 -4 -17 -2 21 22 -1 -13 -16 -24 -9 -19 -27 28 -3 -29
right_child=1 8 5 -5 12 7 -8 14 -10 -11 -12 18 -14 -15 19 16 -18 25 -20 -21 -22 -23 23 -25 -26 26 -28 29 -30 -31
leaf_value=-0.00016422930730838892 0.00017269841148807031 -0.0079424401146757535 0.00017593875449167795 -0.0058831663196511454 -4.574241402205415e-06 0.0017664975602137618 -0.028452142412210963 -9.2196317807063275e-08 3.1510607139343167 -0.012838273560189137 -0.0001840107693164561 0.010363297867568011 -3.4091631953703237e-05 5.3484644734203002e-06 -8.2406991486353492e-05 -0.0055962607201429371 9.8661395111010475e-05 -0.0025225761573322292 0.072807853669129938 1.2121346482873997e-06 -0.00015029090428926307 -0.011538478185815361 -0.00011125940983989553 -0.00044811310268111945 -0.0023231378362579659 -0.026419116557553541 0.016327224396239196 0.0070385677146025949 -0.0040430492060883711 0
leaf_weight=681548 21735 3828 2042 13471 678 6099 2614 15121 4865 33385 18428 850 1565 3520 17582 1649 943 430 1591 4691 927 4154 14038 2532 1332 318 708 98812 38206 1051028
leaf_count=681548 21735 3828 2042 13471 678 6099 2614 15121 4865 33385 18428 850 1565 3520 17582 1649 943 430 1591 4691 927 4154 14038 2532 1332 318 708 98812 38206 1051028
internal_value=-0.0179276 -0.00210408 -0.0163616 0.00950453 -0.0492062 -0.0249826 0.0370878 -0.010847 -0.000242493 -0.0403573 -0.0270879 -0.000409815 0.0178466 0.0342544 -0.0158492 0.01653 -0.00613426 0.0464081 -0.0268916 -0.0210347 -0.0497724 -0.0378897 -0.023984 -0.0310561 -0.00360724 0.00260989 0.0210526 -0.000263283 -0.00509825 -8.65338e-05
internal_weight=2.04869e+06 1.36045e+06 157118 39276 688238 117842 25805 61395 1.20333e+06 56447 23062 1.19847e+06 5763 4198 55296 4634 2592 23191 6595 38843 682475 5004 34152 16570 16453 1456 1026 1.19187e+06 42034 1.14984e+06
internal_count=2048690 1360452 157118 39276 688238 117842 25805 61395 1203334 56447 23062 1198469 5763 4198 55296 4634 2592 23191 6595 38843 682475 5004 34152 16570 16453 1456 1026 1191874 42034 1149840
is_linear=0
shrinkage=0.05


Tree=126
num_leaves=31
num_cat=0
split_feature=16 12 15 16 15 17 16 5 11 5 17 15 15 17 17 0 17 17 16 18 12 15 18 16 15 15 5 1 16 12
split_gain=404277 13583.4 13727.6 22974.5 10451.8 9657.31 9192.56 7981.1 3471.33 3284.75 3103.56 2075.72 1858.83 1260.22 1134.88 1072.57 1029.14 959.879 1299.34 836.088 758.531 699.463 653.443 653.409 956.288 708.975 624.54 711.523 701.61 587.725
threshold=-0.84841212603516436 1.0000000180025095e-35 -0.49827586206896546 0.21688681631710352 0.46821976838136287 1.0000000180025095e-35 1.0000000180025095e-35 -1.0000000180025095e-35 -0.83333333333333315 626.50000000000011 9.5000000000000018 0.078222778473091378 inf 131.50000000000003 171.50000000000003 0.98296291314453421 40.500000000000007 187.50000000000003 16.266113416320888 -0.0088569976146717216 1.9166666666666667 2.6006756756756761 0.67412127269698496 0.21688681631710352 1.0000000180025095e-35 1.0000000180025095e-35 -1.0000000180025095e-35 -0.9159756150367534 0.63001057082452439 -0.91666666666666663
decision_type=10 2 8 10 10 10 10 2 2 2 10 8 8 10 10 2 10 10 10 10 2 8 10 10 10 10 2 2 10 2
left_child=4 2 3 7 19 8 14 15 -4 12 -6 17 -3 21 -7 -2 22 18 23 -1 -12 -13 -14 25 26 -8 -25 -28 -29 -23
right_child=1 9 5 -5 10 6 11 -9 -10 -11 20 13 16 -15 -16 -17 -18 -19 -20 -21 -22 29 -24 24 -26 -27 27 28 -30 -31
leaf_value=-0.00015601784194296808 0.00016406349091366846 0 0.00016714181676709129 -0.0055890080036685892 -3.2387050356019742e-05 0.0015573087937983182 -4.8040579609737139e-05 -0.027029535291600418 -0.01219635988217968 2.9935076782376031 5.0810412497437341e-06 -0.00010813968954914383 0.016601040386411192 1.1515279158769155e-06 -0.0024585918978978628 0.015510863176427237 0.045752122541747653 -0.0022822076550752034 0.00040720807350848808 -0.00014277635907480323 -0.0071117295515215062 -0.00017481023085063054 -0.010961554276524588 -0.005330631231453698 -9.7017656991630136e-05 0.00013271677367835758 9.8819863103221428e-06 -5.0937924798742945e-06 2.6399460538631346e-06 -6.9918693583867698e-05
leaf_weight=681548 21735 1191874 913 13471 1517 7056 661 2614 33450 4865 3474 26098 649 4190 557 1456 1812 1927 1444 927 772 14302 4134 1116 2033 1033 764 1137 7844 13317
leaf_count=681548 21735 1191874 913 13471 1517 7056 661 2614 33450 4865 3474 26098 649 4190 557 1456 1812 1927 1444 927 772 14302 4134 1116 2033 1033 764 1137 7844 13317
internal_value=-0.0179778 -0.00217994 -0.0160064 0.00959364 -0.0492058 -0.0245388 -0.0153554 0.0372234 -0.0468484 -0.000374626 0.0178466 -0.0206113 -0.000541065 -0.0252172 0.0370222 0.046559 -0.0270129 -0.00576034 -0.00175274 -0.049772 0.0397786 -0.0272772 -0.03917 -0.00623115 -0.0100667 0.0229634 -0.00417549 -0.000118009 -0.00405857 -0.0328234
internal_weight=2.04869e+06 1.36045e+06 157118 39276 688238 117842 83479 25805 34363 1.20333e+06 5763 75866 1.19847e+06 57907 7613 23191 6595 17959 16032 682475 4246 53717 4783 14588 12894 1694 10861 9745 8981 27619
internal_count=2048690 1360452 157118 39276 688238 117842 83479 25805 34363 1203334 5763 75866 1198469 57907 7613 23191 6595 17959 16032 682475 4246 53717 4783 14588 12894 1694 10861 9745 8981 27619
is_linear=0
shrinkage=0.05


Tree=127
num_leaves=31
num_cat=0
split_feature=16 11 15 16 18 15 5 16 15 17 5 15 15 16 15 0 15 17 17 16 17 17 14 18 10 8 0 18 0 14
split_gain=403019 13898.1 13182.2 22483.2 11112.2 10882.5 7401.82 4959.21 3222.22 3179.34 3125.62 4590.37 1838.36 1225.01 1791.74 1180.3 1157.55 1061.73 993.86 918.682 909.911 1191.85 906.659 835.019 802.384 758.201 693.842 654.295 621.456 562.73
threshold=-0.84841212603516436 1.0000000180025095e-35 -0.52539565697460422 0.21688681631710352 -0.0088569976146717216 0.38507877664504181 -1.0000000180025095e-35 1.0000000180025095e-35 617.36184210526324 9.5000000000000018 -1.0000000180025095e-35 0.46821976838136287 617.36184210526324 0.21688681631710352 0.078222778473091378 0.98296291314453421 0.078222778473091378 40.500000000000007 171.50000000000003 60.155048076923087 187.50000000000003 47.500000000000007 1.0000000180025095e-35 -0.0088569976146717216 1.5000000000000002 1.5000000000000002 -0.25881904510252113 0.67412127269698496 0.91597561503675362 1.5137626158259736
decision_type=10 2 8 10 10 10 2 10 10 10 2 10 8 10 10 2 8 10 10 10 10 10 2 10 2 2 2 10 2 2
left_child=5 2 3 6 10 23 15 18 12 -7 11 13 -3 -4 -15 -2 20 27 -6 22 21 -9 26 -1 -13 -11 -18 -14 -28 -5
right_child=1 8 4 29 7 9 -8 16 -10 25 -12 24 17 14 -16 -17 19 -19 -20 -21 -22 -23 -24 -25 -26 -27 28 -29 -30 -31
leaf_value=-0.00014821694984581968 0.00015586031636798394 0 0.00015878472592874006 -0.0053095576034851606 0.001888509533536606 -3.0767697838218755e-05 -0.025678058527020393 -2.2459438060486687e-07 2.8938322943257222 4.826989187256548e-06 -0.011586541888070697 -0.00016606971930809846 0.025960932186986165 -0.0051794494715950773 9.9135309832909524e-05 0.014735320017605875 -7.2879657434578624e-05 0.051799073466933271 -0.0023356623030029696 1.0939515200814042e-06 -0.0021680972723214431 0.00038684766983306364 -0.0048298651160502519 -0.00013563754112105864 0.0011733129995460945 -0.0067561430739452536 -0.00010100927584891491 -0.010413476562698355 -0.00042030046306960629 0.0065895429506602878
leaf_weight=681403 21648 1179532 2210 13436 5520 1535 2547 14028 4829 3621 33543 18415 587 1620 1256 1454 17488 1824 569 5799 2053 1628 8787 924 814 755 13949 4135 2443 338
leaf_count=681403 21648 1179532 2210 13436 5520 1535 2547 14028 4829 3621 33543 18415 587 1620 1256 1454 17488 1824 569 5799 2053 1628 8787 924 814 755 13949 4135 2443 338
internal_value=-0.0180076 -0.00223426 -0.015628 0.00970119 -0.023302 -0.0491869 0.0373718 -0.0102278 -0.00032744 0.0183641 -0.0396315 -0.0259819 -0.000493391 0.0162603 -0.00525035 0.0462904 -0.014201 -0.0269172 0.0329529 -0.0181983 -0.00326105 0.000843127 -0.0207362 -0.0497721 -0.0371548 0.0400823 -0.0244481 -0.0394324 -0.0318387 -0.0418252
internal_weight=2.04869e+06 1.36045e+06 169545 39423 130122 688238 25649 72264 1.19091e+06 5911 57858 24315 1.18608e+06 5086 2876 23102 66175 6546 6089 48466 17709 15656 42667 682327 19229 4376 33880 4722 16392 13774
internal_count=2048690 1360452 169545 39423 130122 688238 25649 72264 1190907 5911 57858 24315 1186078 5086 2876 23102 66175 6546 6089 48466 17709 15656 42667 682327 19229 4376 33880 4722 16392 13774
is_linear=0
shrinkage=0.05


Tree=128
num_leaves=31
num_cat=0
split_feature=18 17 5 11 15 15 15 17 15 17 15 11 10 5 1 17 17 0 3 17 15 18 15 1 4 17 5 15 18 15
split_gain=384736 8414.69 3292.24 3027.46 3261.31 2335.91 2894.68 2035.84 1953.57 1134.25 1119.88 3661.23 2153.93 1208.21 1066.66 1021.76 853.066 868.126 795.542 756.966 720.059 648.069 546.932 483.679 483.15 496.834 457.964 1486.21 1584.9 845.284
threshold=-0.0088569976146717216 1.0000000180025095e-35 626.50000000000011 1.0000000180025095e-35 1.0000000180025095e-35 1.0000000180025095e-35 0.46821976838136287 149.50000000000003 inf 40.500000000000007 -0.99693251533742322 -0.83333333333333315 -1.0000000180025095e-35 -1.0000000180025095e-35 0.25881904510252057 1.5000000000000002 127.50000000000001 -0.70710678118654735 0.81174490092936691 58.500000000000007 -0.72623178348369177 0.67412127269698496 -0.83279569892473104 0.25881904510252057 1.0000000180025095e-35 21.500000000000004 11.500000000000002 14.19788232943762 0.94449944994499457 6.9196774193548398
decision_type=10 10 2 2 8 10 10 10 8 10 10 2 2 2 2 10 10 2 2 10 10 10 10 2 2 10 2 10 10 10
left_child=1 10 3 4 7 15 -7 19 26 21 12 14 23 -14 18 20 17 -6 -12 -2 -3 -10 -20 -1 25 -17 29 28 -28 -5
right_child=2 5 -4 8 16 6 -8 -9 9 -11 11 -13 13 -15 -16 24 -18 -19 22 -21 -22 -23 -24 -25 -26 -27 27 -29 -30 -31
leaf_value=-0.00014080610235353008 1.0835941534349181e-05 -0.00014080610235353008 2.7218615920610834 0 -7.0325528097991269e-05 5.5247746554965012e-06 -0.00015776623334269325 -0.0021046791458783228 0.024131468753517994 0.05260705691640908 -0.00014080610235353008 -0.011007214793667161 0.00014806730054958141 -0.023200128108645513 0.00013023055937300132 -0.00014080610235353008 1.8598011252335402e-05 -8.4590530044163943e-05 0.00013364144674521405 0.00041817499500730701 8.1337140780735062e-05 -0.0098928027345634335 -0.00014080610235353008 -0.00014080610235353008 -0.00014080610235353008 -0.0023282650271297502 0.013667211851863037 -0.00020568907769629165 0.049613388486033028 -0.0013402178541652709
leaf_weight=360500 15066 8248 4883 656117 16450 2914 24096 2588 601 1879 12519 36320 880 516 2893 29754 5003 32029 668 1712 878 4340 403 277104 15689 10347 37543 397612 10933 78205
leaf_count=360500 15066 8248 4883 656117 16450 2914 24096 2588 601 1879 12519 36320 880 516 2893 29754 5003 32029 668 1712 878 4340 403 277104 15689 10347 37543 397612 10933 78205
internal_value=-0.0180049 -0.0455325 -0.000949634 -0.00110842 -0.0110024 -0.0313198 -0.0189633 0.00657854 -0.000501335 -0.0271848 -0.0474211 -0.0404229 -0.0479994 0.0140401 -0.0208791 -0.036461 -0.0173685 -0.0193971 -0.0267476 0.0129455 -0.0209511 -0.0397592 0.0146125 -0.0481352 -0.038998 -0.0360876 -0.000347168 0.000916411 0.00918186 -0.00111477
internal_weight=2.04869e+06 783729 1.26496e+06 1.26008e+06 72848 91926 27010 19366 1.18723e+06 6820 691803 52803 639000 1396 16483 64916 53482 48479 13590 16778 9126 4941 1071 637604 55790 40101 1.18041e+06 446088 48476 734322
internal_count=2048690 783729 1264961 1260078 72848 91926 27010 19366 1187230 6820 691803 52803 639000 1396 16483 64916 53482 48479 13590 16778 9126 4941 1071 637604 55790 40101 1180410 446088 48476 734322
is_linear=0
shrinkage=0.05


Tree=129
num_leaves=31
num_cat=0
split_feature=16 15 5 15 16 18 5 5 15 15 6 16 15 16 15 0 15 17 17 14 15 17 17 16 0 18 0 14 1 17
split_gain=398096 17171.3 14170.2 12437.5 22569.9 12088 7038.15 3147.39 4340.13 3134.23 2544.85 2450.74 1914.21 1328.64 1755.04 1171.17 1151.39 1159.09 1050.23 950.45 1498.16 1069.34 1190.75 1007.76 693.842 680.325 621.456 595.122 568.803 545.045
threshold=-0.84841212603516436 -1.0000000180025095e-35 1.0000000180025095e-35 -0.52539565697460422 0.21688681631710352 -0.0088569976146717216 -1.0000000180025095e-35 -1.0000000180025095e-35 0.46821976838136287 617.36184210526324 -1.0000000180025095e-35 1.0000000180025095e-35 617.36184210526324 0.21688681631710352 0.078222778473091378 0.98296291314453421 0.17992805755395685 171.50000000000003 1.5000000000000002 1.0000000180025095e-35 0.078222778473091378 187.50000000000003 47.500000000000007 60.155048076923087 -0.25881904510252113 -1.0000000180025095e-35 0.91597561503675362 0.7545593041629518 1.0000000180025095e-35 32.500000000000007
decision_type=10 10 2 8 10 10 2 2 10 10 2 10 8 10 10 2 8 10 10 2 8 10 10 10 2 10 2 2 2 10
left_child=1 25 3 4 6 7 15 8 13 12 -3 16 -4 -5 -15 -2 17 -7 -14 20 21 22 -13 24 29 -1 -26 -10 -11 -22
right_child=2 10 9 5 -6 11 -8 -9 27 28 -12 19 18 14 -16 -17 -18 -19 -20 -21 23 -23 -24 -25 26 -27 -28 -29 -30 -31
leaf_value=-0.00013376579723585192 0.00015510760566725957 1.2473951395031158e-05 0 0.00015447490737776628 -0.004927666471954412 0.0019195505479594509 -0.023843794860986017 -0.010456854053983803 -0.00014987792167555638 0.17721702338953949 -2.9229312946310593e-05 -7.5015116229708252e-07 -0.0093981625978352586 -0.0049765362918460293 9.3902305608484235e-05 0.014005594321843257 -5.816021541481443e-05 -0.0021136452305589048 -0.036258268377509499 -0.0052277289573596222 -6.6942953061974715e-05 -0.0019544584514114547 0.00034659653659104516 1.0935338146111917e-07 -9.1729285554260971e-05 -0.0055383201031784964 -0.00039505591341391786 -0.00019315824545839135 2.7630476000063826 -5.2744114128531077e-05
leaf_weight=680226 21689 5360 1164723 2232 13989 3901 2663 33543 18336 820 1827 13083 2901 1734 1302 1454 1681 515 3575 24798 13713 1884 1445 4654 13949 825 2443 1641 4009 3775
leaf_count=680226 21689 5360 1164723 2232 13989 3901 2663 33543 18336 820 1827 13083 2901 1734 1302 1454 1681 515 3575 24798 13713 1884 1445 4654 13949 825 2443 1641 4009 3775
internal_value=-0.0180018 -0.0489902 -0.00232518 -0.0152111 0.00954266 -0.0220222 0.0372665 -0.0394894 -0.0261537 -0.000304415 0.0278906 -0.0100599 -0.000470159 0.0142179 -0.00731225 0.0461241 0.0204937 0.0338995 -0.0275788 -0.0123959 -0.016063 -0.00341214 0.00118392 -0.0214512 -0.0244481 -0.0498015 -0.0318387 -0.0367998 0.0398944 -0.0175206
internal_weight=2.04869e+06 688238 1.36045e+06 184424 39795 144629 25806 58788 25245 1.17603e+06 7187 85841 1.1712e+06 5268 3036 23143 6097 4416 6476 79744 54946 16412 14528 38534 33880 681051 16392 19977 4829 17488
internal_count=2048690 688238 1360452 184424 39795 144629 25806 58788 25245 1176028 7187 85841 1171199 5268 3036 23143 6097 4416 6476 79744 54946 16412 14528 38534 33880 681051 16392 19977 4829 17488
is_linear=0
shrinkage=0.05


Tree=130
num_leaves=31
num_cat=0
split_feature=16 15 12 15 16 18 11 15 15 11 15 12 17 16 15 0 16 15 17 17 17 18 16 15 16 17 0 0 0 0
split_gain=398040 17169.7 15109.8 14855.7 23087.3 9422.94 7236.04 3456.77 3148.89 2623.83 5136.02 2553.2 2310.16 1948.76 1805.7 1180.87 1083.45 1881.11 1066.17 1064.07 886.942 770.239 722.307 1422.03 613.545 620.07 646.705 1096.29 669.553 602.646
threshold=-0.84841212603516436 -1.0000000180025095e-35 1.0000000180025095e-35 -0.49827586206896546 0.21688681631710352 -0.0088569976146717216 -1.0000000180025095e-35 1.0000000180025095e-35 617.36184210526324 -0.83333333333333315 0.46821976838136287 -0.91666666666666663 149.50000000000003 1.0000000180025095e-35 617.36184210526324 0.98296291314453421 0.21688681631710352 0.078222778473091378 1.5000000000000002 47.500000000000007 137.00000000000003 -1.0000000180025095e-35 0.21688681631710352 0.078222778473091378 0.5824587912087914 20.500000000000004 -1.0000000180025095e-35 0.25881904510252091 0.91597561503675362 -0.25881904510252113
decision_type=10 10 2 8 10 10 2 8 10 2 10 2 10 10 8 2 8 10 10 10 10 10 10 8 10 10 2 2 2 2
left_child=1 21 3 4 6 9 15 12 14 10 16 -3 13 -7 -4 -2 -5 -18 -16 24 22 -1 23 -9 -15 -26 -27 -28 -29 -24
right_child=2 11 8 5 -6 7 -8 20 -10 -11 -12 -13 -14 19 18 -17 17 -19 -20 -21 -22 -23 29 -25 25 26 27 28 -30 -31
leaf_value=-0.00012707750737405709 0.00014735222538390103 1.1850253825285151e-05 0 0.00015016204938108626 -0.0046812831483566911 0.0018243019303551549 -0.022651605117936714 0.00013824632189599065 2.4748952200060614 -0.009934011351284612 -0.00014238402559177966 -2.7767847298998396e-05 -0.0019155678626767904 -5.3321626554529417e-06 -0.0089282544679434982 0.013305314605751095 -0.004671926422155798 8.9207190328055577e-05 -0.031707481772087043 0.00032926670976149289 6.7807174469814311e-05 -0.0052614040980195845 -5.6391277226978958e-05 -7.6506939356849035e-05 1.061730434579093e-05 0.00013922671586192445 -1.1884581898989455e-06 2.7437987452742306e-06 -3.2709196956259537e-05 -8.7142821276547922e-05
leaf_weight=680226 21790 5320 1191889 1967 13471 3725 2559 1171 4829 33527 18380 1867 2437 1681 2944 1456 1400 1173 3672 1378 3751 825 19242 2520 2605 575 1428 2427 1494 16961
leaf_count=680226 21790 5320 1191889 1967 13471 3725 2559 1171 4829 33527 18380 1867 2437 1681 2944 1456 1400 1173 3672 1378 3751 825 19242 2520 2605 575 1428 2427 1494 16961
internal_value=-0.0180005 -0.0489867 -0.00232496 -0.0169077 0.0097235 -0.0257837 0.037421 -0.0122266 -0.000420914 -0.0405292 -0.0274913 0.0278906 0.00637746 0.0135734 -0.000583268 0.0462058 0.0201322 -0.00122425 -0.0266324 0.00346048 -0.0197926 -0.049798 -0.0219782 -0.000907613 -0.00210578 0.00333568 -0.00560432 -0.0110208 0.00263963 -0.0241265
internal_weight=2.04869e+06 688238 1.36045e+06 157118 39276 117842 25805 61395 1.20333e+06 56447 22920 7187 17750 15313 1.1985e+06 23246 4540 2573 6616 11588 43645 681051 39894 3691 10210 8529 5924 5349 3921 36203
internal_count=2048690 688238 1360452 157118 39276 117842 25805 61395 1203334 56447 22920 7187 17750 15313 1198505 23246 4540 2573 6616 11588 43645 681051 39894 3691 10210 8529 5924 5349 3921 36203
is_linear=0
shrinkage=0.05


Tree=131
num_leaves=31
num_cat=0
split_feature=16 17 12 15 16 18 5 15 2 15 15 5 15 15 17 6 16 15 0 0 17 17 16 15 17 16 15 16 17 0
split_gain=388029 21906.9 14657.2 15765.5 21367.6 9393.49 7396.25 6609.43 3520.82 3471.92 3097.41 2646.42 5050.92 2551.16 2310.16 2114.82 1948.76 1787 1516.36 1192.05 1075.9 1064.07 1005 1870.6 874.549 719.164 1416.84 613.545 620.07 646.705
threshold=-0.84841212603516436 21.500000000000004 1.0000000180025095e-35 -0.49827586206896546 0.21688681631710352 -0.0088569976146717216 -1.0000000180025095e-35 -1.0000000180025095e-35 -0.60785761079279388 1.0000000180025095e-35 617.36184210526324 -1.0000000180025095e-35 0.46821976838136287 -1.0000000180025095e-35 149.50000000000003 -1.0000000180025095e-35 1.0000000180025095e-35 617.36184210526324 0.98296291314453421 0.98296291314453421 1.5000000000000002 47.500000000000007 0.21688681631710352 0.078222778473091378 149.50000000000003 0.21688681631710352 0.078222778473091378 0.5824587912087914 20.500000000000004 -1.0000000180025095e-35
decision_type=10 10 2 8 10 10 2 10 2 8 10 2 10 10 10 2 10 8 2 2 10 10 10 10 10 10 8 10 10 2
left_child=1 7 3 4 6 11 19 -1 13 14 17 12 22 -3 16 -9 -7 -4 -6 -2 -19 27 -5 -24 25 26 -11 -18 -29 -30
right_child=2 8 10 5 18 9 -8 15 -10 24 -12 -13 -14 -15 -16 -17 21 20 -20 -21 -22 -23 23 -25 -26 -27 -28 28 29 -31
leaf_value=-0.00012072363200535396 0.00013998461411470763 -0.00010654008468743981 0 0.00014265394691203028 -0.0044472189909388563 0.0017330868338373971 -0.021519024862039878 6.6855821953870634e-06 2.8328615513717462e-06 0.00013133400580119111 2.3511504590057597 -0.0094373107837203828 -0.00013526482431219233 1.1257741134018674e-05 -0.001819789469542951 -2.6379454934044591e-05 -5.0655545226802939e-06 -0.008481841744546326 2.9743353247568827e-06 0.012640048875463543 -0.030122107683482693 0.00031280337427341825 -0.0044383301010480101 8.4746830811655019e-05 6.4416815746323587e-05 -6.950634840215147e-05 -7.2681592389006573e-05 1.0086439128501384e-05 0.00013226538006882822 -8.4983354144593999e-07
leaf_weight=674458 21735 2155 1191889 2042 12029 3725 2614 2656 6561 1171 4829 33385 18428 1224 2437 1184 1681 2944 1442 1456 3672 1378 1413 1179 3260 36689 2525 2605 575 5349
leaf_count=674458 21735 2155 1191889 2042 12029 3725 2614 2656 6561 1171 4829 33385 18428 1224 2437 1184 1681 2944 1442 1456 3672 1378 1413 1179 3260 36689 2525 2605 575 5349
internal_value=-0.017774 -0.048368 -0.00229681 -0.0166595 0.010775 -0.0258032 0.037421 -0.0494479 0.0253219 -0.0122673 -0.000421496 -0.0405256 -0.0274998 -0.0161438 0.00637746 0.0159635 0.0135734 -0.000582517 -0.040268 0.0464081 -0.0264964 0.00346048 0.0191627 -0.00150463 -0.0198499 -0.0218608 -0.000838745 -0.00210578 0.00333568 -0.00560432
internal_weight=2.04869e+06 688238 1.36045e+06 157118 39276 117842 25805 678298 9940 61395 1.20333e+06 56447 23062 3379 17750 3840 15313 1.1985e+06 13471 23191 6616 11588 4634 2592 43645 40385 3696 10210 8529 5924
internal_count=2048690 688238 1360452 157118 39276 117842 25805 678298 9940 61395 1203334 56447 23062 3379 17750 3840 15313 1198505 13471 23191 6616 11588 4634 2592 43645 40385 3696 10210 8529 5924
is_linear=0
shrinkage=0.05


Tree=132
num_leaves=31
num_cat=0
split_feature=16 17 12 16 5 18 5 16 5 16 18 17 0 3 16 0 3 17 5 16 18 7 14 0 5 0 18 9 14 17
split_gain=389899 21824.5 14657.2 12451.6 31133.9 7586.97 3018.6 2749.41 1839.5 4608.89 1548.96 1246.12 1145.56 979.653 935.794 842.8 824.583 721.161 525.664 2782.92 833.952 678.766 678.176 545.698 545.093 1415.8 1336.37 1005.56 662.515 508.449
threshold=-0.84841212603516436 21.500000000000004 1.0000000180025095e-35 -0.1451758081814003 -1.0000000180025095e-35 -0.0088569976146717216 626.50000000000011 1.0000000180025095e-35 -1.0000000180025095e-35 0.21688681631710352 -0.22499999999999998 1.0000000180025095e-35 0.98296291314453421 -0.56174490092936669 -0.9990583804143125 0.98296291314453421 -0.22252093395631442 171.50000000000003 22.500000000000004 19.002083333333335 0.45489918641669619 22.500000000000004 0.63226727006295136 -0.98296291314453399 217.50000000000003 -0.25881904510252113 0.76196842373312978 208.50000000000003 9.7588990467539354 137.00000000000003
decision_type=10 10 2 10 2 10 2 10 2 10 10 10 2 2 10 2 2 10 2 10 10 2 2 2 2 2 10 2 2 10
left_child=1 10 3 4 15 8 18 17 9 -5 -1 -6 -11 -3 -12 -2 -15 -7 21 22 23 -4 -20 -21 27 28 -27 -22 -26 -9
right_child=2 13 6 5 11 7 -8 29 -10 12 14 -13 -14 16 -16 -17 -18 -19 19 20 24 -23 -24 -25 25 26 -28 -29 -30 -31
leaf_value=-0.00011468745040508767 0.00013298538340896781 2.6912184738048242e-06 0 0.00013639627078118055 -0.026266130953145801 0.001519695294175458 2.2335929360554703 -4.472384584837234e-05 -0.0085225467781744994 -0.00013191247046879796 -0.00010050390308717351 0.0028699604674788633 -0.0001065473276802953 -0.00010121308045306643 1.0923462024248209e-05 0.012008046431690365 2.6912184738048242e-06 -0.0018211951024199727 0.11766172821675661 -0.6150802736542913 -0.0015197248315388379 -0.083881938758884195 0.058188822591006863 0.17753935125399389 0.17286074135275131 -0.66833978317280873 0.013522495291047676 -0.19325309657250644 1.5493387151307048 -0.00010114266392068361
leaf_weight=658782 21850 3106 844818 3144 15241 5233 4865 48840 20613 30978 18536 454 2349 1702 980 1326 5132 537 11766 2257 251061 5957 9460 28382 10818 4850 21684 3001 4415 6553
leaf_count=658782 21850 3106 844818 3144 15241 5233 4865 48840 20613 30978 18536 454 2349 1702 980 1326 5132 537 11766 2257 251061 5957 9460 28382 10818 4850 21684 3001 4415 6553
internal_value=-0.0177126 -0.0483802 -0.00219817 -0.0165608 0.00798925 -0.0246311 -0.000322853 -0.0123956 -0.0377409 -0.0309931 -0.0494581 -0.0463874 -0.0364524 0.025171 -0.0355759 0.0448136 0.0145888 0.0204506 -0.000482407 0.00115561 1.50091e-05 -0.00115183 0.0186988 0.00786742 -0.000798265 0.00449518 -0.00247984 -0.00166849 0.0166448 -0.015817
internal_weight=2.04869e+06 688238 1.36045e+06 157118 38871 118247 1.20333e+06 61163 57084 36471 678298 15695 33327 9940 19516 23176 6834 5770 1.19847e+06 347694 326468 850775 21226 30639 295829 41767 26534 254062 15233 55393
internal_count=2048690 688238 1360452 157118 38871 118247 1203334 61163 57084 36471 678298 15695 33327 9940 19516 23176 6834 5770 1198469 347694 326468 850775 21226 30639 295829 41767 26534 254062 15233 55393
is_linear=0
shrinkage=0.05


Tree=133
num_leaves=31
num_cat=0
split_feature=18 17 12 15 18 17 5 2 17 14 5 1 15 18 15 5 14 1 17 3 2 2 17 2 17 1 15 17 1 5
split_gain=383897 7022.06 3762.84 3994.07 3018.52 3549.4 3008.04 2375.17 2456.21 1676.23 1880.14 1654.7 1305.02 1204.17 1114.38 3350.59 1113.6 1011.59 916.003 780.015 685.867 978.271 660.151 634.845 623.677 606.434 545.138 533.952 525.27 530.337
threshold=-0.046822076110779036 1.0000000180025095e-35 0.41666666666666669 1.0000000180025095e-35 -0.0088569976146717216 149.50000000000003 626.50000000000011 -0.60785761079279388 29.500000000000004 1.0000000180025095e-35 -1.0000000180025095e-35 0.37940952255126048 -0.52539565697460422 -0.044466403162055329 -0.99693251533742322 -1.0000000180025095e-35 1.0000000180025095e-35 0.25881904510252057 137.00000000000003 0.81174490092936691 0.6078576107927941 0.87837969732492682 16.500000000000004 -0.60785761079279388 31.500000000000004 -0.9159756150367534 -0.83279569892473104 1.5000000000000002 1.0000000180025095e-35 672.50000000000011
decision_type=10 10 2 8 10 10 2 2 10 2 2 2 10 10 10 2 2 2 10 2 2 2 10 2 10 2 10 10 2 2
left_child=1 9 3 4 7 11 -4 -2 20 14 -11 25 23 -5 -1 17 18 19 24 -16 -9 -22 -13 -3 -15 -6 -21 -14 29 -8
right_child=2 12 6 13 5 -7 28 8 -10 10 -12 22 27 16 15 -17 -18 -19 -20 26 21 -23 -24 -25 -26 -27 -28 -29 -30 -31
leaf_value=-0.00010895307788483244 -0.00010134764137675889 -0.00010895307788483244 0 1.098153713275929e-05 1.3087730167071855e-05 -0.0016649105290338609 -1.2654152494329651 2.5566575501123623e-06 -0.0039003614765851348 0.00011189244409336441 -0.030615614433861068 0.001026536549745142 4.4845582015484725e-05 -6.6396872964254722e-05 -0.00010895307788483244 -0.0085393179056256398 -0.0029316229785222416 9.4947539975620557e-05 6.6253108155041595e-05 9.81878829792171e-05 -0.0039635951333509278 2.5566575501123623e-06 1.8944257994426438e-05 -0.00010895307788483244 -0.00011712370056481959 1.2500532818075585e-05 -0.00010895307788483244 -0.0001219059595731431 2.2719132892526943 3.6230605597402161
leaf_weight=638110 3850 13246 1187098 844 1248 2447 596 3059 5040 1272 1279 1596 891 34556 12417 34867 12242 2807 3679 651 946 1110 7146 33333 17415 6123 400 16135 3815 472
leaf_count=638110 3850 13246 1187098 844 1248 2447 596 3059 5040 1272 1279 1596 891 34556 12417 34867 12242 2807 3679 651 946 1110 7146 33333 17415 6123 400 16135 3815 472
internal_value=-0.0176319 -0.045952 -0.00109002 -0.0103415 0.0040826 0.017306 -0.00030378 -0.0134416 -0.000763171 -0.0474137 -0.00695806 0.025827 -0.0300535 -0.0171751 -0.0475634 -0.0404619 -0.017913 -0.0217296 -0.0209164 -0.0274206 0.0236461 0.00131323 0.0405399 -0.0343835 -0.0226232 0.00837743 0.0139391 -0.0182074 0.0388593 0.00786517
internal_weight=2.04869e+06 755408 1.29328e+06 101301 32565 18560 1.19198e+06 14005 10155 691803 2551 16113 63605 68736 689252 51142 67892 16275 55650 13468 5115 2056 8742 46579 51971 7371 1051 17026 4883 1068
internal_count=2048690 755408 1293282 101301 32565 18560 1191981 14005 10155 691803 2551 16113 63605 68736 689252 51142 67892 16275 55650 13468 5115 2056 8742 46579 51971 7371 1051 17026 4883 1068
is_linear=0
shrinkage=0.05


Tree=134
num_leaves=31
num_cat=0
split_feature=16 17 11 15 16 18 15 5 15 2 5 15 5 17 15 6 0 0 0 0 16 15 16 10 0 18 1 5 18 10
split_gain=390740 21790.5 12614.2 13738.9 21013.7 11638.2 7635.45 6806 5707.56 3511.89 3180.27 4811.14 2998.63 2798.66 2532.74 2499.01 1510.2 1180.3 1165.67 1217.26 1054.94 1568.43 901.732 804.21 784.672 558.678 517.015 517.218 515.256 501.009
threshold=-0.84841212603516436 21.500000000000004 1.0000000180025095e-35 -0.52539565697460422 0.21688681631710352 -0.0088569976146717216 -1.0000000180025095e-35 -1.0000000180025095e-35 1.0000000180025095e-35 -0.60785761079279388 -1.0000000180025095e-35 0.46821976838136287 626.50000000000011 149.50000000000003 -1.0000000180025095e-35 -1.0000000180025095e-35 0.98296291314453421 0.98296291314453421 -0.37940952255126065 0.91597561503675362 0.21688681631710352 0.078222778473091378 60.155048076923087 1.5000000000000002 -0.70710678118654735 -1.0000000180025095e-35 1.0000000180025095e-35 672.50000000000011 -0.0044176316045538575 3.5000000000000004
decision_type=10 10 2 8 10 10 10 2 8 2 2 10 2 10 10 2 2 2 2 2 10 10 10 2 2 10 2 2 8 2
left_child=1 6 3 4 7 10 25 17 13 14 11 20 28 18 -3 -8 29 -2 -7 -20 -5 -22 24 -13 -10 -1 27 -14 -4 -6
right_child=2 9 12 5 16 8 15 -9 22 -11 -12 23 26 -15 -16 -17 -18 -19 19 -21 21 -23 -24 -25 -26 -27 -28 -29 -30 -31
leaf_value=-0.00010350542399059083 0.00013178376813276495 -9.1085044361571843e-05 -0.028436578951807481 0.00013090874691801258 -0.0040232443440392177 -3.2011111450314417e-06 1.647258690169462e-05 -0.018702801175999314 -5.1744888186788092e-05 2.4288246726067442e-06 -0.0081123520103443571 -0.00011858611592492907 -1.2021444869613163 -0.0015816650025821677 1.6416478181868756e-05 -2.0035287032982296e-05 0.00020317105877178945 0.011413091764000087 1.8725954888381732e-05 -2.0002545600122711e-05 -0.0042037226744935097 9.0424956442725082e-05 9.5264733686990547e-06 0.001132193573508844 -6.7157024205794129e-05 -0.010021751317051679 2.1583176247900613 3.4419075317532051 0 0.0064212948032528975
leaf_weight=673757 21648 2155 1165 2210 12023 2979 2656 2547 15932 6561 33543 18415 596 2581 1224 1184 1472 1454 10369 2917 1620 1256 5880 814 31606 701 3797 472 1184877 279
leaf_count=673757 21648 2155 1165 2210 12023 2979 2656 2547 15932 6561 33543 18415 596 2581 1224 1184 1472 1454 10369 2917 1620 1256 5880 814 31606 701 3797 472 1184877 279
internal_value=-0.0176423 -0.048343 -0.00211117 -0.0148713 0.0109872 -0.0227056 -0.04942 0.0377383 -0.00932553 0.0251509 -0.0394172 -0.0256488 -0.000294565 0.014332 -0.0162622 0.0208854 -0.0388268 0.0462904 0.0220074 0.0283456 0.0175973 -0.00236439 -0.0176719 -0.0370872 -0.0199567 -0.0498203 0.0388798 0.00814607 -0.000455254 -0.0445537
internal_weight=2.04869e+06 688238 1.36045e+06 169545 39423 130122 678298 25649 72264 9940 57858 24315 1.19091e+06 18846 3379 3840 13774 23102 16265 13286 5086 2876 53418 19229 47538 674458 4865 1068 1.18604e+06 12302
internal_count=2048690 688238 1360452 169545 39423 130122 678298 25649 72264 9940 57858 24315 1190907 18846 3379 3840 13774 23102 16265 13286 5086 2876 53418 19229 47538 674458 4865 1068 1186042 12302
is_linear=0
shrinkage=0.05


Tree=135
num_leaves=31
num_cat=0
split_feature=16 17 12 16 11 18 2 11 16 11 16 18 18 0 16 0 17 17 18 16 17 17 18 16 12 18 0 16 0 13
split_gain=389329 21802.1 14630.9 12559.5 30300.5 7551.07 3511.89 2813.03 2303.36 1821.52 4554.74 1627.03 1182.22 1076.64 921.55 864.638 569.396 835.714 844.989 597.273 508.989 448.839 801.358 845.003 2464.45 875.095 777.472 1250.12 903.103 1376.43
threshold=-0.84841212603516436 21.500000000000004 1.0000000180025095e-35 -0.1451758081814003 -0.83333333333333315 -0.0088569976146717216 -0.60785761079279388 619.16666666666686 0.21688681631710352 -1.0000000180025095e-35 0.21688681631710352 -0.22499999999999998 -1.0000000180025095e-35 0.98296291314453421 -0.9990583804143125 0.98296291314453421 137.00000000000003 187.50000000000003 -0.0044176316045538575 63.718893465482481 171.50000000000003 37.500000000000007 0.10020920502092052 15.278781333539966 15.91666666666667 0.88896594236400073 -0.60355339059327362 19.002083333333335 -0.9159756150367534 3.17859624443807
decision_type=10 10 2 10 2 10 2 2 10 2 10 10 10 2 10 2 10 10 10 10 10 10 10 10 2 10 2 10 2 2
left_child=1 11 3 4 15 9 -3 21 20 10 -5 -1 -6 -12 -13 -2 -10 19 -19 -18 -7 22 -4 24 -24 -25 28 -28 -23 -30
right_child=2 6 7 5 12 8 -8 -9 16 -11 13 14 -14 -15 -16 -17 17 18 -20 -21 -22 26 23 25 -26 -27 27 -29 29 -31
leaf_value=-9.8330152791059619e-05 0.00012519457972612891 -8.653079214349102e-05 -0.0038702692116706658 0.00012843492272972547 -0.024120240909690012 0.00085340953610870882 2.3073834389819581e-06 1.8504017435505604 -3.6765152115445068e-05 -0.0072638359434672745 -0.0001159903371937554 -8.4855782839043942e-05 0.0027249011197195971 -0.00010509909678991237 1.5648957556613218e-05 0.010842437175800083 0.00029736766048931877 0.00094534753217024876 -0.0015025817524530593 2.4778441737305371e-05 -0.0015678065707181725 -0.0062922699489083474 0 -0.036832684001029035 0.031447063465519065 -0.00064728306526689043 0.061552048428555044 -0.0042177730712040784 0.037432997026673402 0.73513805804768484
leaf_weight=658782 21406 3379 33708 3171 15685 7596 6561 4985 46477 20586 30978 18536 454 2349 980 1326 995 627 3270 1661 537 43302 726585 27670 26451 46093 13717 223674 44160 12989
leaf_count=658782 21406 3379 33708 3171 15685 7596 6561 4985 46477 20586 30978 18536 454 2349 980 1326 995 627 3270 1661 537 43302 726585 27670 26451 46093 13717 223674 44160 12989
internal_value=-0.0177173 -0.0483625 -0.00221423 -0.016564 0.00809215 -0.0246691 0.0251509 -0.000340595 -0.0124626 -0.0377479 -0.0310401 -0.0494398 -0.0442995 -0.0364884 -0.0352121 0.0452886 -0.0162625 -0.00246452 -0.0172055 0.0191642 0.012314 -0.000496516 -0.00110284 -0.000794752 -0.000294475 -0.00590201 0.00104783 -0.000512446 0.00473514 0.00886192
internal_weight=2.04869e+06 688238 1.36045e+06 157118 38871 118247 9940 1.20333e+06 61163 57084 36498 678298 16139 33327 19516 22732 53030 6553 3897 2656 8133 1.19835e+06 860507 826799 753036 73763 337842 237391 100451 57149
internal_count=2048690 688238 1360452 157118 38871 118247 9940 1203334 61163 57084 36498 678298 16139 33327 19516 22732 53030 6553 3897 2656 8133 1198349 860507 826799 753036 73763 337842 237391 100451 57149
is_linear=0
shrinkage=0.05


Tree=136
num_leaves=31
num_cat=0
split_feature=16 17 18 5 16 2 5 18 17 16 1 0 1 16 0 17 0 0 14 1 17 17 1 0 17 10 17 14 17 1
split_gain=392078 21812.7 12522.7 20256.7 36059.5 3498.65 3040.07 1842.16 1810.59 1699.98 1532.08 1129.2 1053.06 1291.36 1131.42 992.411 1016.5 976.899 958.094 845.445 839.292 774.061 923.984 718.12 753.831 647.163 620.976 619.368 563.175 531.872
threshold=-0.84841212603516436 21.500000000000004 -0.0088569976146717216 -1.0000000180025095e-35 0.21688681631710352 -0.60785761079279388 626.50000000000011 0.033615819209039555 5.5000000000000009 1.0000000180025095e-35 -0.5 0.98296291314453421 1.0000000180025095e-35 3.9349703999033472 -0.37940952255126065 187.50000000000003 -0.37940952255126065 0.98296291314453421 1.0000000180025095e-35 -0.5 149.50000000000003 5.5000000000000009 -0.70710678118654757 0.91597561503675362 17.500000000000004 1.0000000180025095e-35 171.50000000000003 0.97871355387816916 3.5000000000000004 1.0000000180025095e-35
decision_type=10 10 10 2 10 2 2 10 10 10 2 2 2 10 2 10 2 2 2 2 10 10 2 2 10 2 10 2 10 2
left_child=1 8 3 4 17 19 7 9 -1 26 -10 27 18 14 28 16 -15 21 20 -3 -11 -2 -23 24 -18 -26 -4 -6 -14 -8
right_child=2 5 6 -5 11 -7 29 -9 10 12 -12 -13 13 15 -16 -17 23 -19 -20 -21 -22 22 -24 -25 25 -27 -28 -29 -30 -31
leaf_value=-9.3413645151507746e-05 0.0001189348507398269 1.5355651973947284e-05 0.0014014151533003521 -0.0073435426126537756 -0.00011019082033406625 2.1920142670328603e-06 0.58997702893216797 0 -8.0612993697093407e-05 -3.9344251188829117e-05 -8.0612993697093407e-05 -9.9844141950417026e-05 0.002631858747113375 -0.00010299853856103901 -0.00024845022933280469 -0.0014274526648304063 -0.00042216758123920004 0.010300315317010079 -0.0054916600387941135 -8.2204252536316472e-05 6.1225206991989288e-05 -3.4645262895721676e-05 0.00012234573811203964 -2.6581694894081037e-05 4.8400397391332769e-06 -0.0062333827040691918 -0.001489416242182264 -0.0023985703115619928 -0.00021064681963255387 1.9578816563730301
leaf_weight=661734 20747 975 5872 35854 30901 6561 1068 1164020 5035 26240 11529 2449 5272 8404 7604 3400 500 1469 20155 2404 2077 975 3277 2482 7070 1146 577 2390 2706 3797
leaf_count=661734 20747 975 5872 35854 30901 6561 1068 1164020 5035 26240 11529 2449 5272 8404 7604 3400 500 1469 20155 2404 2077 975 3277 2482 7070 1146 577 2390 2706 3797
internal_value=-0.0175869 -0.0483401 -0.00202922 -0.0192409 -0.00198849 0.0251911 -0.000692219 -0.000844834 -0.0494177 -0.00759692 -0.0330898 -0.0347482 -0.00943186 -0.00326819 -0.014382 0.0042605 0.00858586 0.0422472 -0.0143382 -0.0161438 -0.0202687 0.0445758 0.0251411 0.0184497 0.0252065 0.028834 0.0171732 -0.0371587 -0.00122838 0.0387564
internal_weight=2.04869e+06 688238 1.36045e+06 98062 62208 9940 1.26239e+06 1.25752e+06 678298 93505 16564 35740 87056 38584 15582 23002 19602 26468 48472 3379 28317 24999 4252 11198 8716 8216 6449 33291 7978 4865
internal_count=2048690 688238 1360452 98062 62208 9940 1262390 1257525 678298 93505 16564 35740 87056 38584 15582 23002 19602 26468 48472 3379 28317 24999 4252 11198 8716 8216 6449 33291 7978 4865
is_linear=0
shrinkage=0.05


Tree=137
num_leaves=31
num_cat=0
split_feature=16 17 18 15 16 11 15 2 15 15 12 17 6 15 15 6 0 12 0 0 10 17 1 17 15 16 11 6 18 16
split_gain=392937 21812.7 12378.7 23511.3 20298.5 9455.93 7720.02 3498.65 3032.95 2822.91 6643.54 3181.63 2692.32 3509.93 2551.16 2531.43 1604.41 1546.01 1438.21 1171.25 1151.32 916.536 651.496 608.196 606.645 1542.93 604.614 572.85 562.252 484.254
threshold=-0.84841212603516436 21.500000000000004 -0.0088569976146717216 -0.40070422535211264 0.21688681631710352 -1.0000000180025095e-35 -1.0000000180025095e-35 -0.60785761079279388 617.36184210526324 1.0000000180025095e-35 1.0000000180025095e-35 149.50000000000003 -1.0000000180025095e-35 0.46821976838136287 -1.0000000180025095e-35 -1.0000000180025095e-35 0.98296291314453421 1.0000000180025095e-35 0.91597561503675362 0.98296291314453421 1.5000000000000002 149.50000000000003 1.0000000180025095e-35 16.500000000000004 0.078222778473091378 0.21688681631710352 -0.83333333333333315 676.50000000000011 -1.0000000180025095e-35 0.21688681631710352
decision_type=10 10 10 8 10 2 10 2 10 8 2 10 2 10 10 2 2 2 2 2 2 10 2 10 10 10 2 2 10 10
left_child=1 6 3 4 5 19 28 14 9 11 21 17 13 24 -3 -8 -6 18 23 -2 -15 -11 27 -4 25 26 -5 -10 -1 -20
right_child=2 7 8 12 16 -7 15 -9 22 10 -12 -13 -14 20 -16 -17 -18 -19 29 -21 -22 -23 -24 -25 -26 -27 -28 -29 -30 -31
leaf_value=-8.8742962893934019e-05 0.00011298810820283834 -8.2972035135014951e-05 1.2961083974656993e-05 0.00011523516390223865 -0.0038107730689608656 -0.01663737040744202 2.3720332988697024e-05 2.0824135536834375e-06 -1.5747152212692357 -5.349929424140122e-05 0 -0.001356080031588886 -0.0069763654820210871 -0.00010134775225228987 1.9154411281241404e-05 -1.0120051281803378e-05 0.00020325966777021698 -0.00011090286882071699 0.0013313443956353345 0.0097852995511595736 0.00010884073640955451 5.8163946642389821e-05 1.8599875735543776 1.9385912762778234e-05 9.9988220827429427e-05 -0.0039822274828924418 -0.027106026935533607 3.3401068982678854 -0.0095174155493920713 -2.5252610149376988e-05
leaf_weight=673757 22291 2155 4493 1336 12523 3099 2656 6561 496 40385 1190402 2761 33144 18389 1224 1184 1512 5198 796 1456 1151 3260 4009 8134 1500 1453 208 324 701 2132
leaf_count=673757 22291 2155 4493 1336 12523 3099 2656 6561 496 40385 1190402 2761 33144 18389 1224 1184 1512 5198 796 1456 1151 3260 4009 8134 1500 1453 208 324 701 2132
internal_value=-0.0175532 -0.0483401 -0.0019785 -0.019091 0.009864 0.0353386 -0.0494177 0.0251911 -0.000649205 -0.000801074 -0.00112808 0.0163605 -0.0397921 -0.027052 -0.0161438 0.021276 -0.0388636 0.023069 0.0309579 0.0460584 -0.036218 -0.0202875 0.0389004 0.0382791 0.0127752 -0.000216884 0.0345855 -0.00170732 -0.0498202 -0.000614754
internal_weight=2.04869e+06 688238 1.36045e+06 98062 40881 26846 678298 9940 1.26239e+06 1.25756e+06 1.23405e+06 23514 57181 24037 3379 3840 14035 20753 15555 23747 19540 43645 4829 12627 4497 2997 1544 820 674458 2928
internal_count=2048690 688238 1360452 98062 40881 26846 678298 9940 1262390 1257561 1234047 23514 57181 24037 3379 3840 14035 20753 15555 23747 19540 43645 4829 12627 4497 2997 1544 820 674458 2928
is_linear=0
shrinkage=0.05


Tree=138
num_leaves=31
num_cat=0
split_feature=16 18 11 15 16 18 15 5 15 5 15 2 15 7 15 0 10 16 0 16 15 7 16 0 0 1 0 10 5 18
split_gain=391726 20724.9 12369.2 13482.7 21150.6 11622.1 9865.6 6811.47 5853.9 3355.55 4785.62 3000.48 2972.78 2220 1733.92 1397.52 1389.55 1287.19 1182.17 1070.69 1575.56 890.661 876.218 785.68 730.559 643.694 603.395 636.99 567.459 514.005
threshold=-0.84841212603516436 -0.046822076110779036 1.0000000180025095e-35 -0.52539565697460422 0.21688681631710352 -0.0088569976146717216 1.0000000180025095e-35 -1.0000000180025095e-35 1.0000000180025095e-35 -1.0000000180025095e-35 0.46821976838136287 -0.60785761079279388 617.36184210526324 -1.0000000180025095e-35 -1.0000000180025095e-35 0.98296291314453421 1.5000000000000002 63.718893465482481 0.98296291314453421 0.21688681631710352 0.078222778473091378 1.0000000180025095e-35 60.155048076923087 0.91597561503675362 -0.25881904510252113 1.0000000180025095e-35 0.91597561503675362 4.5000000000000009 672.50000000000011 -0.0044176316045538575
decision_type=10 10 2 8 10 10 10 2 8 2 10 2 10 2 10 2 2 10 2 10 10 2 10 2 2 2 2 2 2 10
left_child=1 6 3 4 7 9 -1 18 17 10 19 14 29 -13 -3 -6 -12 23 -2 -5 -21 -16 24 -7 -10 28 27 -26 -14 -4
right_child=2 11 12 5 15 8 -8 -9 22 -11 16 13 25 -15 21 -17 -18 -19 -20 20 -22 -23 -24 -25 26 -27 -28 -29 -30 -31
leaf_value=-8.4305814749235933e-05 0.00010733870279269198 -7.8823433378266705e-05 -0.026690045528662679 0.000106395079853705 -0.0036202344155128242 1.4654461880780039e-05 2.2534316339262173e-05 -0.015362603420710056 -3.4835775286200609e-05 -0.0066275472079200329 -9.6280364639678159e-05 1.9782928760037068e-06 -1.4959794602057741 -9.614048717709879e-06 1.8196690717176001e-05 0.00019309668438171059 0.0013248589337802265 -0.0012759918556796731 0.0092960345736015949 -0.0036658714350593204 9.2213355455605941e-05 -9.614048717709879e-06 1.584127590597457e-05 -1.4572445462171418e-05 -6.510726958420057e-05 1.7669881948766601 -0.0004069497221431075 0.0019477751118500025 3.1731015533544906 0
leaf_weight=674013 21648 2216 1165 2210 12302 13770 2489 2547 24495 33543 18415 6116 496 1753 1031 1472 814 1787 1454 1620 1256 620 5880 3289 19013 4009 3531 499 324 1184913
leaf_count=674013 21648 2216 1165 2210 12302 13770 2489 2547 24495 33543 18415 6116 496 1753 1031 1472 814 1787 1454 1620 1256 620 5880 3289 19013 4009 3531 499 324 1184913
internal_value=-0.0176 -0.0483394 -0.00204928 -0.0146849 0.0109314 -0.0224459 -0.0494822 0.0377695 -0.00907506 -0.0391458 -0.0250031 0.0175358 -0.000250397 0.0352586 -0.0185286 -0.0390446 -0.0364111 0.0148838 0.046325 0.0181282 -0.00198192 0.0202604 -0.0175278 0.0191131 -0.01978 0.0389004 -0.0261706 -0.0296125 -0.00146341 -0.000409796
internal_weight=2.04869e+06 688238 1.36045e+06 169545 39423 130122 676502 25649 72264 57858 24315 11736 1.19091e+06 7869 3867 13774 19229 18846 23102 5086 2876 1651 53418 17059 47538 4829 23043 19512 820 1.18608e+06
internal_count=2048690 688238 1360452 169545 39423 130122 676502 25649 72264 57858 24315 11736 1190907 7869 3867 13774 19229 18846 23102 5086 2876 1651 53418 17059 47538 4829 23043 19512 820 1186078
is_linear=0
shrinkage=0.05


Tree=139
num_leaves=31
num_cat=0
split_feature=16 17 12 15 16 17 15 5 15 2 11 5 15 6 16 0 17 0 17 17 16 15 12 1 15 5 17 0 17 1
split_gain=389632 21788.7 14748.8 15661 21512.6 8554.08 7719.86 7325.63 5694.04 3511.89 3460 2988.77 2532.74 2531.43 2434.8 1421.01 1254.19 1193.93 1184.96 966.189 1224.84 689.004 534.473 518.091 484.964 481.112 472.663 450.904 981.914 1005.79
threshold=-0.84841212603516436 21.500000000000004 1.0000000180025095e-35 -0.49827586206896546 0.21688681631710352 1.0000000180025095e-35 -1.0000000180025095e-35 -1.0000000180025095e-35 0.078222778473091378 -0.60785761079279388 -0.83333333333333315 626.50000000000011 -1.0000000180025095e-35 -1.0000000180025095e-35 1.0000000180025095e-35 0.98296291314453421 149.50000000000003 0.98296291314453421 171.50000000000003 187.50000000000003 16.266113416320888 2.6006756756756761 -0.91666666666666663 1.0000000180025095e-35 0.98512990602542849 672.50000000000011 16.500000000000004 -0.60355339059327362 394.00000000000006 0.1294095225512602
decision_type=10 10 2 8 10 10 10 2 8 2 2 2 10 2 10 2 10 2 10 10 10 8 2 2 10 2 8 2 10 2
left_child=1 6 3 4 7 10 -1 17 14 12 -5 24 -3 -8 18 -6 21 -2 -7 20 -16 -10 -23 25 -4 -13 -19 28 -26 -30
right_child=2 9 11 5 15 8 13 -9 16 -11 -12 23 -14 -15 19 -17 -18 26 -20 -21 -22 22 -24 -25 27 -27 -28 -29 29 -31
leaf_value=-8.0090524011772193e-05 0.00010197176765305294 -7.4882261709352532e-05 0 0.0001041536517144448 -0.0034392226947371819 0.0014468809592585034 2.1407600522294069e-05 -0.014594473249674554 -6.2384106507969834e-05 1.8793782322057417e-06 -0.0062961698475240318 -1.1797319762639746 1.7286856181319977e-05 -9.1333462818199439e-06 -5.6042332945775851e-07 0.0001834418501626245 5.4463685514971594e-05 -0.0090760776809713454 -0.0013478741515877454 -0.001224476437225458 0.00029104739389569943 -8.8930005027659798e-05 -3.0213883318352209e-05 1.6786387851328302 0 2.914446475686765 0.0088312328449215143 0 0.10813951599344307 1.9299816514259924
leaf_weight=674458 21735 2155 91549 913 12029 4517 2656 2614 27702 6561 33450 596 1224 1184 14588 1442 3326 430 495 1927 1444 15279 14201 3797 304328 472 1026 793999 4859 3734
leaf_count=674458 21735 2155 91549 913 12029 4517 2656 2614 27702 6561 33450 596 1224 1184 14588 1442 3326 430 495 1927 1444 15279 14201 3797 304328 472 1026 793999 4859 3734
internal_value=-0.0176828 -0.04834 -0.00217373 -0.0165812 0.0107623 -0.0256946 -0.0494169 0.0374985 -0.0170516 0.0251509 -0.0466912 -0.000292562 -0.0162622 0.021276 0.00414218 -0.0404536 -0.0250975 0.0464426 0.0349561 -0.00445738 -0.000436627 -0.0268336 -0.032154 0.0388181 -0.000451326 0.00805243 0.00260989 -0.000162071 0.00144541 0.0181136
internal_weight=2.04869e+06 688238 1.36045e+06 157118 39276 117842 678298 25805 83479 9940 34363 1.20333e+06 3379 3840 22971 13471 60508 23191 5012 17959 16032 57182 29480 4865 1.19847e+06 1068 1456 1.10692e+06 312921 8593
internal_count=2048690 688238 1360452 157118 39276 117842 678298 25805 83479 9940 34363 1203334 3379 3840 22971 13471 60508 23191 5012 17959 16032 57182 29480 4865 1198469 1068 1456 1106920 312921 8593
is_linear=0
shrinkage=0.05


Tree=140
num_leaves=31
num_cat=0
split_feature=16 17 12 15 16 18 15 5 15 2 5 15 6 5 15 17 16 0 0 17 17 15 17 0 0 18 1 15 17 5
split_gain=389081 21788.7 15189.5 15944.4 21512.6 9899.6 7719.86 7325.63 3762.68 3511.89 3002.07 2532.74 2531.43 2229.04 3650.54 2046.53 2133.54 1421.01 1193.93 1163.3 973.728 904.644 1384.27 580.412 878.489 580.297 508.292 483.554 472.663 455.683
threshold=-0.84841212603516436 21.500000000000004 1.0000000180025095e-35 -0.49827586206896546 0.21688681631710352 -0.0088569976146717216 -1.0000000180025095e-35 -1.0000000180025095e-35 0.078222778473091378 -0.60785761079279388 626.50000000000011 -1.0000000180025095e-35 -1.0000000180025095e-35 -1.0000000180025095e-35 0.46821976838136287 149.50000000000003 1.0000000180025095e-35 0.98296291314453421 0.98296291314453421 47.500000000000007 149.50000000000003 0.078222778473091378 1.0000000180025095e-35 -0.25881904510252113 0.91597561503675362 -1.0000000180025095e-35 1.0000000180025095e-35 0.98512990602542849 16.500000000000004 672.50000000000011
decision_type=10 10 2 8 10 10 10 2 8 2 2 10 2 2 10 10 10 2 2 10 10 10 10 2 2 10 2 10 8 2
left_child=1 6 3 4 7 13 25 18 15 11 27 -3 -8 14 21 16 -7 -6 -2 -18 23 22 -5 -10 -25 -1 29 -4 -20 -12
right_child=2 9 10 5 17 8 12 -9 20 -11 26 -13 -14 -15 -16 -17 19 -19 28 -21 -22 -23 -24 24 -26 -27 -28 -29 -30 -31
leaf_value=-7.6085997811181649e-05 9.6873179270395856e-05 -7.1138148623883798e-05 0 9.8945969128727554e-05 -0.0032672615600003231 0.0013810480058333817 2.0337220496180476e-05 -0.013864749587190826 -3.6592659906431797e-05 1.7854093205982304e-06 -1.120745377450777 1.6422513372249536e-05 -8.6766789677339421e-06 -0.0059813613551478306 -8.7019846156310981e-05 -0.0011880853376541891 -3.4079989222121151e-07 0.00017426975765448828 -0.008622273796922781 0.00027649502420091452 5.1740501239223016e-05 9.3497347338677991e-05 -0.0031614872180182499 -5.9264901182571337e-05 -0.00031815434689132953 -0.0090370595432859926 1.5947068458761864 0 0.0083896712026754385 2.7687241519024273
leaf_weight=673757 21735 2155 91549 978 12029 3863 2656 2614 18879 6561 596 1224 1184 33385 18428 2437 13081 1442 430 1430 3260 1403 2253 15475 2970 701 3797 1106920 1026 472
leaf_count=673757 21735 2155 91549 978 12029 3863 2656 2614 18879 6561 596 1224 1184 33385 18428 2437 13081 1442 430 1430 3260 1403 2253 15475 2970 701 3797 1106920 1026 472
internal_value=-0.0177045 -0.04834 -0.00220636 -0.0168275 0.0107623 -0.026023 -0.0494169 0.0374985 -0.0121272 0.0251509 -0.000297299 -0.0162622 0.021276 -0.0411368 -0.0291822 0.00515833 0.0108686 -0.0404536 0.0464426 0.00207773 -0.020991 0.0104877 -0.00406995 -0.0232799 -0.029588 -0.0498194 0.0389003 -0.000456416 0.00260989 0.00842697
internal_weight=2.04869e+06 688238 1.36045e+06 157118 39276 117842 678298 25805 61395 9940 1.20333e+06 3379 3840 56447 23062 20811 18374 13471 23191 14511 40584 4634 3231 37324 18445 674458 4865 1.19847e+06 1456 1068
internal_count=2048690 688238 1360452 157118 39276 117842 678298 25805 61395 9940 1203334 3379 3840 56447 23062 20811 18374 13471 23191 14511 40584 4634 3231 37324 18445 674458 4865 1198469 1456 1068
is_linear=0
shrinkage=0.05


Tree=141
num_leaves=31
num_cat=0
split_feature=18 17 12 5 15 17 14 5 15 15 18 15 5 4 5 15 17 17 17 0 17 15 4 3 15 4 0 0 0 18
split_gain=381825 7433.64 5102.34 3012.48 2579.63 1866.48 1712.02 1918.21 1654.76 1581.18 1298.75 1114.38 3350.59 1055.84 1703.5 1051.92 1569.54 967.977 919.775 730.193 727.895 731.681 727.243 709.195 754.451 645.003 520.68 504.697 493.737 535.299
threshold=-0.046822076110779036 1.0000000180025095e-35 1.0000000180025095e-35 626.50000000000011 0.078222778473091378 31.500000000000004 1.0000000180025095e-35 -1.0000000180025095e-35 1.0000000180025095e-35 0.68048396334478822 -0.044466403162055329 -0.99693251533742322 -1.0000000180025095e-35 1.0000000180025095e-35 -1.0000000180025095e-35 -0.88854382332643189 149.50000000000003 58.500000000000007 149.50000000000003 0.98296291314453421 1.5000000000000002 -0.72623178348369177 1.0000000180025095e-35 0.81174490092936691 -0.83279569892473104 1.0000000180025095e-35 0.91597561503675362 -0.25881904510252113 0.91597561503675362 -0.032795698924731172
decision_type=10 10 2 2 8 10 2 2 10 10 10 10 2 2 2 10 10 10 10 2 10 10 2 2 10 2 2 2 2 10
left_child=1 6 4 -4 5 13 11 -8 20 -10 -6 -1 23 -2 -15 19 17 26 27 -7 21 -3 -11 -13 -25 -22 -17 -12 29 -29
right_child=2 8 3 -5 10 15 7 -9 9 22 18 12 -14 14 -16 16 -18 -19 -20 -21 25 -23 -24 24 -26 -27 -28 28 -30 -31
leaf_value=-7.2281697920623117e-05 1.6961388545677637e-06 -7.2281697920623117e-05 0 1.4149715035823762 9.6997744580828993e-06 -0.002785997540716967 6.6543574062816194e-05 -0.025811954740902962 1.7868375649354731e-05 -7.9893399518043975e-05 -3.9372441403996486e-05 -7.2281697920623117e-05 -0.0056822932873904393 -6.7898460913523581e-05 1.0974902094690805e-05 2.4713227533623664e-06 -0.0011286810707714797 0.00028168845845734733 4.9153476177261862e-05 0.00016555626977176054 -7.2281697920623117e-05 8.0922358150170581e-05 8.7237541960161212e-06 5.3524241004365706e-05 -7.2281697920623117e-05 -7.2281697920623117e-05 -0.00016317190424009067 2.5110113994308849e-06 -8.0132512468461545e-05 -5.630165612344277e-05
leaf_weight=638110 14924 8248 1199273 4883 818 5696 1272 1279 2201 7933 24235 14762 34867 2097 3959 3222 2444 1638 3282 523 29754 878 2813 867 646 11778 869 1348 4450 19621
leaf_count=638110 14924 8248 1199273 4883 818 5696 1272 1279 2201 7933 24235 14762 34867 2097 3959 3222 2444 1638 3282 523 29754 878 2813 867 646 11778 869 1348 4450 19621
internal_value=-0.0176646 -0.0459082 -0.00116746 -0.000313041 -0.0127112 -0.00222492 -0.0474121 -0.00652685 -0.0295503 -0.0135977 -0.0196116 -0.0475634 -0.0404619 0.00728789 -0.0103203 -0.0160923 -0.00430075 0.0100105 -0.0205777 -0.0315887 -0.0336275 -0.0208416 -0.0215057 -0.0217296 0.0108724 -0.036437 -0.00299438 -0.0222721 -0.0271942 -0.0304044
internal_weight=2.04869e+06 755408 1.29328e+06 1.20416e+06 89126 35372 691803 2551 63605 12947 53754 689252 51142 20980 6056 14392 8173 5729 52936 6219 50658 9126 10746 16275 1513 41532 4091 49654 25419 20969
internal_count=2048690 755408 1293282 1204156 89126 35372 691803 2551 63605 12947 53754 689252 51142 20980 6056 14392 8173 5729 52936 6219 50658 9126 10746 16275 1513 41532 4091 49654 25419 20969
is_linear=0
shrinkage=0.05


Tree=142
num_leaves=31
num_cat=0
split_feature=16 17 12 15 16 18 15 11 15 15 11 15 6 2 17 16 0 15 17 0 17 17 16 15 0 0 1 18 6 15
split_gain=389062 24777.3 14076.7 15243.2 21514.7 9577.81 7719.86 7158.88 3434.64 2964.2 2792.27 5286.2 2531.43 2071.01 2029.66 2159.64 1421.01 1411.41 1369.99 1182.74 1040.01 919.881 906.895 1618.6 782.734 863.802 605.955 580.297 517.194 480.44
threshold=-0.84841212603516436 21.500000000000004 1.0000000180025095e-35 -0.49827586206896546 0.21688681631710352 -0.0088569976146717216 -1.0000000180025095e-35 -1.0000000180025095e-35 0.078222778473091378 617.36184210526324 -0.83333333333333315 0.46821976838136287 -1.0000000180025095e-35 -0.60785761079279388 149.50000000000003 1.0000000180025095e-35 0.98296291314453421 -1.0000000180025095e-35 35.500000000000007 0.98296291314453421 47.500000000000007 137.00000000000003 0.21688681631710352 0.078222778473091378 -0.25881904510252113 0.91597561503675362 1.0000000180025095e-35 -1.0000000180025095e-35 676.50000000000011 0.98512990602542849
decision_type=10 10 2 8 10 10 10 2 8 10 2 10 2 2 10 10 2 10 10 2 10 10 10 10 2 2 2 10 2 10
left_child=1 6 3 4 7 10 27 19 14 29 11 22 -8 17 15 -7 -6 18 -3 -2 -17 24 -5 -24 -10 -26 28 -1 -11 -4
right_child=2 13 9 5 16 8 12 -9 21 26 -12 -13 -14 -15 -16 20 -18 -19 -20 -21 -22 -23 23 -25 25 -27 -28 -29 -30 -31
leaf_value=-6.8667613024592242e-05 9.5643605202910822e-05 -6.4186318147013696e-05 0 0.00012496990630010975 -0.0030813268219947623 0.0013118720394040446 1.962821340056875e-05 -0.012887397443461762 -3.2794404840910386e-05 -1.3969219544287625 -0.005398178623020917 -7.9309616914352565e-05 -8.2428450193461341e-06 1.6113319118438163e-06 -0.0010722470172329058 -4.4732603527826926e-07 0.00015727845628317195 1.8416470509807772e-05 7.1401416122329753e-05 0.0079738017274376977 0.0002485858500680014 4.6695802368398772e-05 -0.003327413847585392 8.7987562455293938e-05 -5.3486573317270634e-05 -0.00029824000392333997 1.494222928403258 -0.0085852065661216944 2.6595393691281859 0
leaf_weight=673757 21790 1612 91570 1967 12029 3863 2656 2559 18673 496 33527 18380 1184 6561 2437 13081 1442 1224 543 1456 1430 3751 1400 1173 15271 2889 4009 701 324 1106935
leaf_count=673757 21790 1612 91570 1967 12029 3863 2656 2559 18673 496 33527 18380 1184 6561 2437 13081 1442 1224 543 1456 1430 3751 1400 1173 15271 2889 4009 701 324 1106935
internal_value=-0.0176338 -0.0482685 -0.00213602 -0.0162114 0.0107648 -0.0252024 -0.0494169 0.0375024 -0.0115343 -0.000298213 -0.0400686 -0.0266187 0.021276 0.0301006 0.00498054 0.0106672 -0.0404536 -0.00170169 -0.0260557 0.0462402 0.00182276 -0.020003 0.021696 0.00215702 -0.0224052 -0.0297963 0.0387969 -0.0498194 -0.000365854 -0.000455734
internal_weight=2.04869e+06 688238 1.36045e+06 157118 39276 117842 678298 25805 61395 1.20333e+06 56447 22920 3840 9940 20811 18374 13471 3379 2155 23246 14511 40584 4540 2573 36833 18160 4829 674458 820 1.1985e+06
internal_count=2048690 688238 1360452 157118 39276 117842 678298 25805 61395 1203334 56447 22920 3840 9940 20811 18374 13471 3379 2155 23246 14511 40584 4540 2573 36833 18160 4829 674458 820 1198505
is_linear=0
shrinkage=0.05


Tree=143
num_leaves=31
num_cat=0
split_feature=16 18 11 15 16 18 15 5 5 15 5 15 16 2 16 15 0 18 0 16 15 10 16 0 1 16 16 1 16 14
split_gain=389769 23388.8 12910.2 13834.9 21161.3 10908.7 9770.44 6780.46 3421.49 4750.21 2930.46 2775.46 1930.88 2108.06 1734.74 1461.93 1397.52 1365.77 1182.17 1064.26 1565.15 980.356 658.405 978.641 636.151 913.301 598.485 584.488 545.614 510.616
threshold=-0.84841212603516436 -0.046822076110779036 1.0000000180025095e-35 -0.52539565697460422 0.21688681631710352 -0.0088569976146717216 1.0000000180025095e-35 -1.0000000180025095e-35 -1.0000000180025095e-35 0.46821976838136287 626.50000000000011 1.0000000180025095e-35 -0.84841212603516436 -0.60785761079279388 1.0000000180025095e-35 1.0000000180025095e-35 0.98296291314453421 -0.027046783625730989 0.98296291314453421 0.21688681631710352 0.078222778473091378 1.5000000000000002 60.155048076923087 -0.25881904510252113 -0.9159756150367534 0.63001057082452439 63.718893465482481 0.60355339059327384 0.21688681631710352 2.2016204666156263
decision_type=10 10 2 8 10 10 10 2 2 10 2 8 8 2 10 10 2 10 2 10 10 2 10 2 2 10 10 2 10 2
left_child=1 6 3 4 7 8 -1 18 9 19 -4 14 13 15 -7 17 29 -3 -2 -5 -21 -11 23 -13 -16 -26 -27 28 -25 -6
right_child=2 12 10 5 16 11 -8 -9 -10 21 -12 22 -14 -15 24 -17 -18 -19 -20 20 -22 -23 -24 27 25 26 -28 -29 -30 -31
leaf_value=-6.5234232373362352e-05 9.0861424942767507e-05 -6.0977002239664958e-05 0 0.00010499531273318042 -0.0029272604808950223 0.001239835461958428 1.8646802730537539e-05 -0.012243027571288674 -0.0051282696918698717 -7.5344136068633549e-05 1.2695117819830957 -2.6145317048406034e-05 -7.8307027683743879e-06 1.53076531624885e-06 1.3440421144854355e-05 1.6649186248351989e-05 0.00014941453346901669 6.7831345316216046e-05 0.0075751116410658131 -0.0032762428813306655 8.3529683066507768e-05 0.0012586159870912163 6.7396558431243038e-06 9.0539815843254345e-05 -1.2172334940809429e-05 2.8786395401181735e-06 -0.00098151776975148792 -0.00027803421069282872 -3.9329044575811022e-05 0.0067413619634624673
leaf_weight=674013 21648 1610 1186042 2210 12025 4216 2489 2547 33543 18415 4865 24495 1938 6563 1051 1027 1472 598 1454 1620 1256 814 5880 1797 1643 10223 1713 4527 16719 277
leaf_count=674013 21648 1610 1186042 2210 12025 4216 2489 2547 33543 18415 4865 24495 1938 6563 1051 1027 1472 598 1454 1620 1256 814 5880 1797 1643 10223 1713 4527 16719 277
internal_value=-0.0176074 -0.0482699 -0.00209559 -0.0150046 0.0109441 -0.0228662 -0.049484 0.037789 -0.0390456 -0.0247645 -0.000257787 -0.00991227 0.021711 0.0307308 0.00658495 -0.00230294 -0.0390446 -0.0252264 0.046325 0.0182068 -0.00184284 -0.0361303 -0.0157325 -0.0176848 -0.00155844 -0.00445909 0.000351877 -0.0250814 -0.0211439 -0.0445537
internal_weight=2.04869e+06 688238 1.36045e+06 169545 39423 130122 676502 25649 57858 24315 1.19091e+06 72264 11736 9798 18846 3235 13774 2208 23102 5086 2876 19229 53418 47538 14630 13579 11936 23043 18516 12302
internal_count=2048690 688238 1360452 169545 39423 130122 676502 25649 57858 24315 1190907 72264 11736 9798 18846 3235 13774 2208 23102 5086 2876 19229 53418 47538 14630 13579 11936 23043 18516 12302
is_linear=0
shrinkage=0.05


Tree=144
num_leaves=31
num_cat=0
split_feature=18 17 12 5 15 15 14 5 15 17 5 18 17 3 15 5 3 1 17 3 3 3 17 17 15 0 15 0 0 0
split_gain=382975 7632.55 4064.14 2922.1 2789.74 1853.08 1712.02 1918.21 1483.49 1467.12 1300.08 1157.49 1152.78 1251.23 1114.38 3350.59 1066.58 1011.59 842.054 802.639 1324.82 780.015 741.331 727.895 731.681 565.298 545.138 519.548 524.991 603.385
threshold=-0.046822076110779036 1.0000000180025095e-35 1.0000000180025095e-35 644.50000000000011 0.078222778473091378 1.0000000180025095e-35 1.0000000180025095e-35 -1.0000000180025095e-35 0.68048396334478822 171.50000000000003 -1.0000000180025095e-35 -0.044466403162055329 24.500000000000004 -0.56174490092936669 -0.99693251533742322 -1.0000000180025095e-35 0.81174490092936691 0.25881904510252057 149.50000000000003 1.0000000180025095e-35 -0.22252093395631442 0.81174490092936691 122.50000000000001 1.5000000000000002 -0.72623178348369177 -0.25881904510252113 -0.83279569892473104 -0.70710678118654735 0.91597561503675362 0.78656609248549325
decision_type=10 10 2 2 8 10 2 2 10 10 2 10 10 2 10 2 2 2 10 2 2 2 10 10 10 2 10 2 2 2
left_child=1 6 4 -4 9 23 14 -8 -7 10 12 -6 13 -2 -1 17 19 21 25 20 -15 -16 27 24 -3 -13 -23 -12 29 -29
right_child=2 5 3 -5 11 8 7 -9 -10 -11 22 18 -14 16 15 -17 -18 -19 -20 -21 -22 26 -24 -25 -26 -27 -28 28 -30 -31
leaf_value=-6.1972520754693947e-05 1.4542270504347423e-06 -6.1972520754693947e-05 0 1.4060361928839429 9.0576808737696811e-06 1.5061206060329458e-05 5.3891143852391468e-05 -0.023995034588113272 -6.8166041892991921e-05 -0.0010806264394691819 -4.8906361018421848e-07 -3.4456833239330835e-05 -0.0023462682985366302 -5.305015690216797e-05 -6.1972520754693947e-05 -0.0048718562072763774 1.4542270504347423e-06 4.156491639227822e-05 4.4024029457822612e-05 -0.0024824912996769147 1.4542270504347423e-06 4.1522777446856289e-05 0.0002791593647258331 -6.1972520754693947e-05 6.7550988735376466e-05 -4.8845792422616556e-05 -6.1972520754693947e-05 9.1969202403840487e-06 -1.5179266670953084e-05 2.8677666330282217e-05
leaf_weight=638110 1705 8248 1199764 4392 818 2201 1272 1279 10746 2429 2849 24235 8306 741 12417 34867 787 2807 3282 1627 996 651 1187 41532 878 25419 400 10124 2916 1705
leaf_count=638110 1705 8248 1199764 4392 818 2201 1272 1279 10746 2429 2849 24235 8306 741 12417 34867 787 2807 3282 1627 996 651 1187 41532 878 25419 400 10124 2916 1705
internal_value=-0.0176021 -0.0458882 -0.00108016 -0.000317608 -0.0113828 -0.0293129 -0.0474121 -0.00652685 -0.0124315 -0.000477779 0.00228728 -0.0185586 -0.00915125 0.00783811 -0.0475634 -0.0404619 -0.00697422 -0.0217296 -0.0194707 -0.0192331 0.00440415 -0.0274206 0.0109126 -0.0336275 -0.0208416 -0.021092 0.0139391 0.00833239 0.0121092 0.0167935
internal_weight=2.04869e+06 755408 1.29328e+06 1.20416e+06 89126 63605 691803 2551 12947 35372 32943 53754 14162 5856 689252 51142 4151 16275 52936 3364 1737 13468 18781 50658 9126 49654 1051 17594 14745 11829
internal_count=2048690 755408 1293282 1204156 89126 63605 691803 2551 12947 35372 32943 53754 14162 5856 689252 51142 4151 16275 52936 3364 1737 13468 18781 50658 9126 49654 1051 17594 14745 11829
is_linear=0
shrinkage=0.05


Tree=145
num_leaves=31
num_cat=0
split_feature=16 17 12 15 16 18 15 5 15 5 15 5 6 17 16 0 0 17 16 15 17 0 0 16 18 0 1 17 0 0
split_gain=387716 31296.3 13017.6 15200.1 20618.7 10139 7652.08 7319.29 3058.93 2956.47 5153.76 2821.7 2505.48 2274.88 1882.19 1447.78 1193.93 1027.43 864.351 1610.3 739.778 809.889 748.323 633.98 587.595 580.815 980.161 632.012 799.584 622.958
threshold=-0.84841212603516436 21.500000000000004 1.0000000180025095e-35 -0.49827586206896546 0.21688681631710352 -0.0088569976146717216 -1.0000000180025095e-35 -1.0000000180025095e-35 1.0000000180025095e-35 -1.0000000180025095e-35 0.46821976838136287 644.50000000000011 -1.0000000180025095e-35 149.50000000000003 1.0000000180025095e-35 0.98296291314453421 0.98296291314453421 47.500000000000007 0.21688681631710352 0.078222778473091378 137.00000000000003 -0.25881904510252113 0.91597561503675362 0.5824587912087914 -1.0000000180025095e-35 0.91597561503675362 0.60355339059327384 19.500000000000004 -1.0000000180025095e-35 0.98296291314453421
decision_type=10 10 2 8 10 10 10 2 8 2 10 2 2 10 10 2 2 10 10 10 10 2 2 10 10 2 2 10 2 2
left_child=1 6 3 4 7 9 24 16 13 10 18 -4 -8 14 -7 -6 -2 23 -5 -20 21 -10 -23 -16 -1 26 -25 -28 -29 -27
right_child=2 -3 11 5 15 8 12 -9 20 -11 -12 -13 -14 -15 17 -17 -18 -19 19 -21 -22 22 -24 25 -26 29 27 28 -30 -31
leaf_value=-5.8873894716959812e-05 8.9416979733358826e-05 9.8776383613663483e-06 0 0.00011657027138617382 -0.0026862405088717125 0.0011841305491505118 2.0378723049674364e-05 -0.011387283382360423 -2.3115209534019189e-05 -0.0046282633969125589 -6.8708361087144174e-05 1.3357343832397477 -7.439167629952337e-06 -0.0010265951174957229 -4.8497146019726872e-07 0.00025925722172239765 0.0071994546850502571 0.00022296927592984728 -0.0029902730147709946 8.1162627097364223e-05 4.1822827984931486e-05 -4.6403502801485732e-05 -0.00027891926187725158 1.608869925719977e-05 -0.008156022776081422 -2.2663705492138351e-05 9.9735029582049297e-06 0.00012451020314278071 -1.2203399933031261e-06 0.20360784110588731
leaf_weight=673757 21735 9940 1198957 2042 12029 3725 2656 2614 20449 33385 18428 4377 1184 2437 1681 1442 1456 1378 1413 1179 3751 16248 3197 2496 701 1009 971 423 2855 775
leaf_count=673757 21735 9940 1198957 2042 12029 3725 2656 2614 20449 33385 18428 4377 1184 2437 1681 1442 1456 1378 1413 1179 3751 16248 3197 2496 701 1009 971 423 2855 775
internal_value=-0.017546 -0.0481277 -0.00207508 -0.0156106 0.0113275 -0.0245889 -0.0494184 0.0375024 -0.0105261 -0.0398843 -0.0261166 -0.00030777 0.0209635 0.00697465 0.0141155 -0.038813 0.0464426 0.00417673 0.0210186 0.00185185 -0.0176435 -0.0196395 -0.0269452 -0.00129285 -0.0498191 0.00423848 0.0109489 -0.00365968 -0.014155 -0.0211323
internal_weight=2.04869e+06 688238 1.36045e+06 157118 39276 117842 678298 25805 61395 56447 23062 1.20333e+06 3840 17750 15313 13471 23191 11588 4634 2592 43645 39894 19445 10210 674458 8529 6745 4249 3278 1784
internal_count=2048690 688238 1360452 157118 39276 117842 678298 25805 61395 56447 23062 1203334 3840 17750 15313 13471 23191 11588 4634 2592 43645 39894 19445 10210 674458 8529 6745 4249 3278 1784
is_linear=0
shrinkage=0.05


Tree=146
num_leaves=31
num_cat=0
split_feature=16 17 12 15 16 18 5 15 15 5 15 5 17 7 16 17 16 15 2 18 17 16 1 1 15 18 1 15 17 12
split_gain=388580 31310.5 12536.5 15001.1 20450.6 10210.8 7319.29 6894.75 3476.67 3138.72 5000.35 2761.12 2434.69 2211.31 1669.89 910.626 864.351 1610.3 751.943 811.424 741.364 733.032 695.31 1313.12 659.833 591.261 536.338 485.401 471.698 405.651
threshold=-0.84841212603516436 21.500000000000004 1.0000000180025095e-35 -0.49827586206896546 0.21688681631710352 -0.0088569976146717216 -1.0000000180025095e-35 -1.0000000180025095e-35 1.0000000180025095e-35 -1.0000000180025095e-35 0.46821976838136287 644.50000000000011 149.50000000000003 -1.0000000180025095e-35 1.0000000180025095e-35 47.500000000000007 0.21688681631710352 0.078222778473091378 -0.8783796973249266 -0.040833333333333326 149.50000000000003 -1.0000000180025095e-35 0.25881904510252057 1.0000000180025095e-35 1.0000000180025095e-35 -1.0000000180025095e-35 -0.9159756150367534 0.98512990602542849 16.500000000000004 -0.74999999999999989
decision_type=10 10 2 8 10 10 2 10 8 2 10 2 10 2 10 10 10 10 2 10 10 10 2 2 10 10 2 10 10 2
left_child=1 7 3 4 6 9 -2 25 12 10 16 27 14 -9 -7 26 -5 -18 19 24 -10 -12 23 -6 -3 -1 -16 -4 -25 -20
right_child=2 18 11 5 22 8 -8 13 20 -11 21 -13 -14 -15 15 -17 17 -19 29 -21 -22 -23 -24 28 -26 -27 -28 -29 -30 -31
leaf_value=-5.5930199981113485e-05 8.4946130746688117e-05 -5.0891530975127891e-05 0 0.00011074175781686791 -0.0022240547092494847 0.001124924021692986 -0.010817919213242402 1.9359786897188427e-05 -3.2600127585815359e-05 -0.0043968502270669311 3.0096815009428294e-06 1.2689476640777628 -0.00097526536162093665 -7.0672092484569408e-06 8.9761594216044222e-06 0.00021182081213335491 -0.002840759364032447 7.7104495742497114e-05 8.1109149120073273e-06 6.3769376106592721e-05 3.9731686585684915e-05 -6.5753179429683953e-05 -0.0029613877466522945 -0.00015497189604202766 1.1206303242528026e-05 -0.0077482216372773503 -4.6072288718740525e-07 0 0.00024629436063627885 0.019632698048071263
leaf_weight=673757 23191 642 91549 2042 4394 3725 2614 2679 40385 33385 666 4377 2437 1161 828 1378 1413 1179 7579 838 3260 17762 7195 838 222 701 9382 1107408 1044 659
leaf_count=673757 23191 642 91549 2042 4394 3725 2614 2679 40385 33385 666 4377 2437 1161 828 1378 1413 1179 7579 838 3260 17762 7195 838 222 701 9382 1107408 1044 659
internal_value=-0.0175319 -0.0481476 -0.0020437 -0.0153267 0.0114345 -0.024246 0.0375024 -0.0494386 -0.0101336 -0.0395955 -0.0254098 -0.000309349 0.00852394 0.0173698 0.0159113 0.00654988 0.0210186 0.00185185 0.0399497 0.00969448 -0.0177214 -0.0370849 -0.0385012 -0.0263384 -0.0243056 -0.049819 0.00140059 -0.000454061 0.00860786 0.0462005
internal_weight=2.04869e+06 688238 1.36045e+06 157118 39276 117842 25805 678298 61395 56447 23062 1.20333e+06 17750 3840 15313 11588 4634 2592 9940 1702 43645 18428 13471 6276 864 674458 10210 1.19896e+06 1882 8238
internal_count=2048690 688238 1360452 157118 39276 117842 25805 678298 61395 56447 23062 1203334 17750 3840 15313 11588 4634 2592 9940 1702 43645 18428 13471 6276 864 674458 10210 1198957 1882 8238
is_linear=0
shrinkage=0.05


Tree=147
num_leaves=31
num_cat=0
split_feature=16 17 12 16 5 18 5 16 18 1 17 5 16 0 0 2 18 17 18 12 16 17 5 16 18 1 7 5 1 1
split_gain=388679 31092.3 12498.4 12237.5 34843.7 9493.12 2716.9 1963.82 1637.29 1367.17 1301.63 1277.73 1680.16 1124.96 1051.38 748.128 822.341 673.089 514.904 490.997 479.203 471.047 462.228 2492.13 679.166 859.199 627.157 449.329 2924.48 1279.86
threshold=-0.84841212603516436 21.500000000000004 1.0000000180025095e-35 -1.0000000180025095e-35 -1.0000000180025095e-35 -0.0088569976146717216 644.50000000000011 1.0000000180025095e-35 -0.22499999999999998 -0.5 1.0000000180025095e-35 -1.0000000180025095e-35 0.21688681631710352 0.98296291314453421 0.98296291314453421 -0.8783796973249266 -0.040833333333333326 171.50000000000003 -0.11805555555555554 -0.74999999999999989 -0.9990583804143125 16.500000000000004 21.500000000000004 15.278781333539966 0.45489918641669619 0.25881904510252057 21.500000000000004 217.50000000000003 1.0000000180025095e-35 1.0000000180025095e-35
decision_type=10 10 2 10 2 10 2 10 10 2 10 2 10 2 2 2 10 10 10 2 10 8 2 10 10 2 2 2 2 2
left_child=1 8 3 4 14 11 22 17 -1 18 -6 12 -5 -14 -2 16 -3 -7 -10 -17 -11 -16 26 -24 25 -25 -4 29 -29 -26
right_child=2 15 6 5 10 7 -8 -9 9 20 -12 -13 13 -15 21 19 -18 -19 -20 -21 -22 -23 23 24 27 -27 -28 28 -30 -31
leaf_value=-5.3133689982060034e-05 8.0698824209357589e-05 -4.8346954426370382e-05 0 0.00052823184470054409 -0.01974769396726532 0.00088174540265260274 1.2055002808738722 -1.6809881720282772e-05 -5.4516585845559853e-05 -4.0973071100364192e-05 0.0030724100330626215 -0.0037341092493537193 -6.6106372135765759e-05 -5.4314299703550621e-05 -0.0093261131053578982 7.7053691664108467e-06 6.0580907301266418e-05 -0.0010188971998940589 -4.0325427015946993e-05 0.018651063145667734 7.7951922769714518e-06 0.0068352346442604088 0.11385579484528351 0.063453210809819013 0.0040761158375147493 0.99040606487499083 -0.078674754378485021 -0.23932123641558578 0.1508073129016424 -0.0058004450585649181
leaf_weight=658782 23448 864 839846 1486 17002 5225 4377 55393 2523 13162 462 18852 30978 2349 374 7579 838 520 3259 659 572 1029 15517 26165 118265 5318 5975 18301 23954 145616
leaf_count=658782 23448 864 839846 1486 17002 5225 4377 55393 2523 13162 462 18852 30978 2349 374 7579 838 520 3259 659 572 1029 15517 26165 118265 5318 5975 18301 23954 145616
internal_value=-0.0175323 -0.0481519 -0.00204223 -0.0153051 0.00767931 -0.0237768 -0.000310512 -0.0103062 -0.0494384 -0.035166 -0.0464441 -0.0391233 -0.0334458 -0.0357653 0.0457145 0.0396378 0.00945946 0.0175196 -0.01477 0.0458728 -0.0437527 0.00367071 -0.000454061 0.00106531 0.000164831 0.00715783 -0.00108841 -0.000554329 0.00423264 -0.00132086
internal_weight=2.04869e+06 688238 1.36045e+06 157118 42315 114803 1.20333e+06 61138 678298 19516 17464 53665 34813 33327 24851 9940 1702 5745 5782 8238 13734 1403 1.19896e+06 353136 337619 31483 845821 306136 42255 263881
internal_count=2048690 688238 1360452 157118 42315 114803 1203334 61138 678298 19516 17464 53665 34813 33327 24851 9940 1702 5745 5782 8238 13734 1403 1198957 353136 337619 31483 845821 306136 42255 263881
is_linear=0
shrinkage=0.05


Tree=148
num_leaves=31
num_cat=0
split_feature=16 17 12 16 5 18 5 16 17 1 17 5 16 0 0 17 17 5 16 18 1 14 7 14 14 16 0 12 17 1
split_gain=388510 31064 12370.8 11749.6 34349.5 9802.73 2613.59 1898.57 1795.99 1511.9 1301.63 1277.73 1680.16 1124.96 1018.83 673.089 471.047 459.31 2227.68 576.456 683.391 578.882 566.704 476.451 463.174 444.251 408.837 401.953 392.174 920.349
threshold=-0.84841212603516436 21.500000000000004 1.0000000180025095e-35 -1.0000000180025095e-35 -1.0000000180025095e-35 -0.0088569976146717216 644.50000000000011 1.0000000180025095e-35 5.5000000000000009 -0.5 1.0000000180025095e-35 -1.0000000180025095e-35 0.21688681631710352 0.98296291314453421 0.98296291314453421 171.50000000000003 16.500000000000004 21.500000000000004 15.278781333539966 0.45130420054200548 0.25881904510252057 1.8892937658821094 21.500000000000004 0.53867513459481298 12.221337506466412 -0.62084420919083605 -0.98296291314453399 -0.74999999999999989 49.500000000000007 0.1294095225512602
decision_type=10 10 2 10 2 10 2 10 10 2 10 2 10 2 2 10 8 2 10 10 2 2 2 2 2 10 2 2 10 2
left_child=1 8 3 4 14 11 17 15 -1 -10 -6 12 -5 -14 -2 -7 -16 22 23 20 24 -22 28 -19 26 -18 -20 -3 -4 -30
right_child=2 27 6 5 10 7 -8 -9 9 -11 -12 -13 13 -15 16 -17 25 18 19 -21 21 -23 -24 -25 -26 -27 -28 -29 29 -31
leaf_value=-5.0477005482957307e-05 7.6663882998895269e-05 8.5929422393715704e-06 0 0.00050182025246551241 -0.018760309268902053 0.00083765813251997267 1.145225266830181 -1.5969387634268633e-05 -3.8956799749567675e-05 -3.8924417545344039e-05 0.0029187895314094904 -0.0035474037868860331 -6.2801053528976916e-05 -5.1598584718370866e-05 -0.0088598074500900025 -0.00096795233989935595 -0.034115550994055714 0.14406488657867361 -0.5693810717952531 -0.00068552107143808887 -0.04215692044532169 1.5742806309144866 -0.074741016659560705 0.060914206074673419 -0.39669523406836765 0.0064934729120473883 0.13475187499961125 0.019099715722641977 -0.0010391124912617611 0.55362780215185214
leaf_weight=661734 23448 9159 822989 1486 17002 5225 4377 55393 5035 11529 462 18852 30978 2349 374 520 318 8550 1804 306659 1276 3962 5975 6967 4660 711 19258 781 12255 4602
leaf_count=661734 23448 9159 822989 1486 17002 5225 4377 55393 5035 11529 462 18852 30978 2349 374 520 318 8550 1804 306659 1276 3962 5975 6967 4660 711 19258 781 12255 4602
internal_value=-0.0175192 -0.0481322 -0.00203245 -0.0152274 0.0072941 -0.0235286 -0.000309598 -0.00984003 -0.0494181 -0.0331562 -0.0464441 -0.0391233 -0.0334458 -0.0357653 0.0450585 0.0175196 0.00367071 -0.000450391 0.00106418 0.000212814 0.00671512 0.0231768 -0.00108273 0.0195882 0.00336288 0.021137 0.00651885 0.0396177 -0.000973571 0.0065759
internal_weight=2.04869e+06 688238 1.36045e+06 157118 42315 114803 1.20333e+06 61138 678298 16564 17464 53665 34813 33327 24851 5745 1403 1.19896e+06 353136 337619 30960 5238 845821 15517 25722 1029 21062 9940 839846 16857
internal_count=2048690 688238 1360452 157118 42315 114803 1203334 61138 678298 16564 17464 53665 34813 33327 24851 5745 1403 1198957 353136 337619 30960 5238 845821 15517 25722 1029 21062 9940 839846 16857
is_linear=0
shrinkage=0.05


Tree=149
num_leaves=31
num_cat=0
split_feature=15 12 12 15 14 5 6 1 1 12 1 3 14 15 0 5 1 14 1 2 3 15 5 15 15 8 15 1 15 1
split_gain=359974 11493.1 7870.79 3462.09 3201.29 2522.47 2003.38 1391.25 1058.47 962.003 801.161 579.266 577.352 463.849 446.818 909.105 537.436 451.933 1378.75 438.253 432.909 422.964 401.815 385.989 583.3 2242.61 1002.83 566.359 534.441 389.123
threshold=-0.031293349653202768 1.0000000180025095e-35 1.0000000180025095e-35 -0.99693251533742322 1.0000000180025095e-35 644.50000000000011 -1.0000000180025095e-35 1.0000000180025095e-35 -0.12940952255126037 1.0833333333333337 1.0000000180025095e-35 0.81174490092936691 1.0000000180025095e-35 0.98512990602542849 -0.60355339059327362 325.50000000000006 0.1294095225512602 3.8819279280918346 0.37940952255126048 -0.60785761079279388 -0.56174490092936669 -0.84580419580419564 100.50000000000001 103.42512908777971 2.6006756756756761 -1.0000000180025095e-35 0.46821976838136287 -0.12940952255126037 0.078222778473091378 0.37940952255126048
decision_type=10 2 2 10 2 2 2 2 2 2 2 2 2 10 2 2 2 2 2 2 2 10 2 10 10 2 10 2 10 2
left_child=2 23 3 4 10 13 7 11 12 -10 -1 20 -4 -3 15 17 -17 -15 -19 -12 -5 -13 -11 24 25 26 28 -28 -2 -27
right_child=1 5 8 6 -6 -7 -8 -9 9 22 19 21 -14 14 -16 16 -18 18 -20 -21 -22 -23 -24 -25 -26 29 27 -29 -30 -31
leaf_value=-4.7953155208807496e-05 -3.6330552583657698e-05 0 0.00018801084544206039 -4.7953155208807496e-05 3.4610295775350246e-05 1.0879640034886735 -0.017822293805456951 -3.6978196668074896e-05 -0.0080577496573190129 -0.013446722241150162 -4.7953155208807496e-05 2.2860347690090157e-05 -0.0069772923929755154 0 0 0.1147328780681221 1.379439955395334 -0.00035616829122311346 0.51784164020300683 -4.7953155208807496e-05 -4.7953155208807496e-05 -4.7953155208807496e-05 1.266308486000471 3.9384065724128235e-05 -5.1589291489262391e-05 -5.4791932809368212e-05 6.8904535961200611e-06 -6.2045713446196035e-05 7.7132153751413585e-05 -0.00025610106554996379
leaf_weight=322109 1031 80961 2497 5193 986 4370 15114 6632 2548 3610 105390 996 2360 274712 796024 2333 2802 23201 9886 261662 15462 1268 435 2165 32224 36691 5191 1431 2278 27128
leaf_count=322109 1031 80961 2497 5193 986 4370 15114 6632 2548 3610 105390 996 2360 274712 796024 2333 2802 23201 9886 261662 15462 1268 435 2165 32224 36691 5191 1431 2278 27128
internal_value=-0.0176219 -0.00175706 -0.0453104 -0.0459513 -0.0468244 -0.000343719 -0.0324605 -0.0248875 -0.00417467 -0.0172228 -0.0469533 -0.0307234 0.0135372 -0.000482974 -0.000216239 0.00138448 0.0222493 0.00103639 0.00655696 -0.0453562 -0.0333551 -0.00671378 -0.00206428 -0.0173661 -0.017793 -0.015341 0.00676166 -0.00446995 0.0292384 -0.0187805
internal_weight=2.04869e+06 1.30243e+06 746262 734812 690147 1.19429e+06 44665 29551 11450 6593 689161 22919 4857 1.18992e+06 1.10896e+06 312934 5135 307799 33087 367052 20655 2264 4045 108139 105974 73750 9931 6622 3309 63819
internal_count=2048690 1302428 746262 734812 690147 1194289 44665 29551 11450 6593 689161 22919 4857 1189919 1108958 312934 5135 307799 33087 367052 20655 2264 4045 108139 105974 73750 9931 6622 3309 63819
is_linear=0
shrinkage=0.05


Tree=150
num_leaves=31
num_cat=0
split_feature=16 18 18 15 16 11 15 6 15 16 15 12 15 16 0 12 0 0 2 18 16 15 16 15 1 11 6 14 0 0
split_gain=392422 28363.6 12157.8 24029.6 19485.7 9144.98 8972.64 2777.33 3655.88 2768.01 2543.75 3532.86 2396.79 1967.7 1505.04 1430.16 1583.79 1174.01 735.355 841.204 713.001 636.27 620.712 1553.33 608.096 561.037 557.18 511.703 477.446 864.395
threshold=-0.84841212603516436 -0.046822076110779036 -0.0088569976146717216 -0.42136968928344953 0.21688681631710352 -1.0000000180025095e-35 1.0000000180025095e-35 -1.0000000180025095e-35 0.46821976838136287 -0.84841212603516436 1.0000000180025095e-35 1.0000000180025095e-35 617.36184210526324 60.155048076923087 0.98296291314453421 1.0000000180025095e-35 0.91597561503675362 0.98296291314453421 -0.8783796973249266 -0.040833333333333326 11.781579087331137 1.0000000180025095e-35 0.21688681631710352 0.078222778473091378 1.0000000180025095e-35 -0.83333333333333315 676.50000000000011 0.63226727006295136 0.78656609248549325 -0.25881904510252113
decision_type=10 10 10 8 10 2 10 2 10 8 8 2 10 10 2 2 2 2 2 10 10 10 10 10 2 2 2 2 2 2
left_child=1 6 3 4 5 17 -1 8 22 18 13 20 -13 15 -6 16 -4 -2 19 21 28 -3 25 -24 26 -5 -14 -10 29 -12
right_child=2 9 10 7 14 -7 -8 -9 27 -11 11 12 24 -15 -16 -17 -18 -19 -20 -21 -22 -23 23 -25 -26 -27 -28 -29 -30 -31
leaf_value=-4.5555497448368515e-05 7.5228346609390595e-05 -4.3961596056579794e-05 2.7398323049336275e-05 0.000107413198007833 -0.0024265138106247587 -0.0079034068668589301 2.4966136559079201e-05 -0.0038001270106240992 -5.2960448203598355e-05 -2.141344956863023e-06 -2.218380502431491e-05 0 -1.6193821836265501 -0.00077615769291916419 0.00024167294458601332 -0.00011475826765177111 -8.1753279472455118e-06 0.0061706481762784232 6.5459309163129475e-06 5.9519872584679057e-05 -9.9711685237026424e-07 1.2289166009948894e-05 -0.0027058427917420248 7.4963488558865707e-05 1.033565803314241 -0.019409746285264196 2.0906164220029213 -7.0568455215119783e-05 -3.3254779620620208e-05 -3.8074761173924694e-05
leaf_weight=674013 22216 642 12890 1623 12491 2986 2489 33261 18272 1938 16278 1190402 496 2227 1507 5126 3271 1456 8193 741 11660 222 1489 1273 4009 220 324 1268 4748 10959
leaf_count=674013 22216 642 12890 1623 12491 2986 2489 33261 18272 1938 16278 1190402 496 2227 1507 5126 3271 1456 8193 741 11660 222 1489 1273 4009 220 324 1268 4748 10959
internal_value=-0.0173956 -0.0481623 -0.00183105 -0.0187902 0.0106208 0.0357041 -0.0494992 -0.0396196 -0.0267115 0.0289025 -0.000513669 -0.000822883 -0.000312659 0.0157778 -0.0371482 0.0204561 0.0277551 0.0461051 0.039702 0.00875389 -0.0147955 -0.0247685 0.0133659 -0.00162925 0.0348416 0.0358383 -0.00439024 -0.0361566 -0.0186541 -0.0212046
internal_weight=2.04869e+06 688238 1.36045e+06 98062 40656 26658 676502 57406 24145 11736 1.26239e+06 1.23888e+06 1.19523e+06 23514 13998 21287 16161 23672 9798 1605 43645 864 4605 2762 4829 1843 820 19540 31985 27237
internal_count=2048690 688238 1360452 98062 40656 26658 676502 57406 24145 11736 1262390 1238876 1195231 23514 13998 21287 16161 23672 9798 1605 43645 864 4605 2762 4829 1843 820 19540 31985 27237
is_linear=0
shrinkage=0.05


Tree=151
num_leaves=31
num_cat=0
split_feature=18 17 5 14 5 15 12 17 15 17 15 14 0 15 15 5 1 2 3 18 18 17 15 17 2 17 0 0 0 2
split_gain=388792 7530 2482.95 1794.46 2006.15 1732.08 4998.75 2703.64 2185.07 1746.04 1724.58 1672.93 1453.16 1156.49 1113.24 3350.59 1011.59 782.442 780.015 758.668 743.907 723.631 731.681 655.683 648.755 639.735 605.769 578.405 705.647 577.363
threshold=-0.046822076110779036 1.0000000180025095e-35 652.50000000000011 1.0000000180025095e-35 -1.0000000180025095e-35 1.0000000180025095e-35 1.0000000180025095e-35 149.50000000000003 -1.0000000180025095e-35 29.500000000000004 1.0000000180025095e-35 1.0000000180025095e-35 0.91597561503675362 0.73701079622132271 -0.99693251533742322 -1.0000000180025095e-35 0.25881904510252057 -0.8783796973249266 0.81174490092936691 -0.044466403162055329 -0.015043290043290041 1.5000000000000002 -0.72623178348369177 16.500000000000004 -0.60785761079279388 149.50000000000003 0.98296291314453421 -0.25881904510252113 0.78656609248549325 -0.60785761079279388
decision_type=10 10 2 2 2 8 2 10 10 10 10 2 2 10 10 2 2 2 2 10 10 10 10 10 2 10 2 2 2 2
left_child=1 3 5 14 -5 7 19 8 9 17 21 12 23 -12 -1 16 18 -2 -16 -7 26 22 -3 -10 -23 27 -11 -21 -29 -15
right_child=2 10 -4 4 -6 6 -8 -9 11 20 13 -13 -14 29 15 -17 -18 -19 -20 25 -22 24 -24 -25 -26 -27 -28 28 -30 -31
leaf_value=-4.3277722575951749e-05 -4.1763516253751079e-05 -4.3277722575951749e-05 1.3318875131485299 2.911836365611098e-05 -0.01933750597489621 6.2186343704917492e-06 0 -0.00093658836782994448 1.1535995406253367e-05 -0.0021343056925420211 1.1211180176740056e-05 -0.0061198854499926502 -7.3026233878770878e-06 -2.8850137095914886e-06 -4.3277722575951749e-05 -0.0036101206600928945 1.8340426255036846e-05 1.7375336785807606e-06 1.7955912975109457e-05 -2.3321067901257041e-05 0.00017922902885436631 -4.3277722575951749e-05 4.5674640917114929e-05 2.8381401031458097e-05 -4.3277722575951749e-05 4.2013386141209874e-05 0.00022958929735671376 -3.6171023115228457e-05 -4.7520679654261547e-05 -4.6361804504618799e-05
leaf_weight=638110 1153 8248 3905 1272 1279 844 1194098 2772 4384 4679 2336 1762 2898 2783 12417 34867 2807 9512 1051 26074 2539 11778 878 8152 29754 3282 454 18808 7966 7828
leaf_count=638110 1153 8248 3905 1272 1279 844 1194098 2772 4384 4679 2336 1762 2898 2783 12417 34867 2807 9512 1051 26074 2539 11778 878 8152 29754 3282 454 18808 7966 7828
internal_value=-0.0173911 -0.0458912 -0.000744192 -0.0474049 -0.00554684 -0.000864759 -0.00118542 0.00960841 0.0133186 0.00131156 -0.0294277 0.0261224 0.0313917 -0.013142 -0.0475598 -0.0404619 -0.0217296 0.0143976 -0.0274206 -0.0156545 -0.0168796 -0.03359 -0.0208416 0.0387683 -0.0363912 -0.016362 -0.0278297 -0.0176922 -0.0228543 -0.0201536
internal_weight=2.04869e+06 755408 1.29328e+06 691803 2551 1.28938e+06 1.25107e+06 38305 35533 18337 63605 17196 15434 12947 689252 51142 16275 10665 13468 56974 7672 50658 9126 12536 41532 56130 5133 52848 26774 10611
internal_count=2048690 755408 1293282 691803 2551 1289377 1251072 38305 35533 18337 63605 17196 15434 12947 689252 51142 16275 10665 13468 56974 7672 50658 9126 12536 41532 56130 5133 52848 26774 10611
is_linear=0
shrinkage=0.05


Tree=152
num_leaves=31
num_cat=0
split_feature=16 17 18 11 16 11 18 1 11 10 17 16 11 10 11 16 16 12 17 1 1 17 18 1 10 16 17 4 16 17
split_gain=394326 30449.6 12209 20785 35147.4 2223.7 1679.92 1419.45 1005.55 744.001 696.585 1029.71 1279.45 920.854 863.401 1115.06 791.661 926.939 734.945 632.909 814.299 621.898 613.713 897.283 1087.3 1026.68 935.867 625.828 607.018 1504.6
threshold=-0.84841212603516436 21.500000000000004 -0.0088569976146717216 -1.0000000180025095e-35 0.21688681631710352 650.83333333333337 -0.22499999999999998 -0.5 -0.83333333333333315 2.5000000000000004 24.500000000000004 15.278781333539966 22.833333333333339 11.500000000000002 1.0000000180025095e-35 1.0000000180025095e-35 15.278781333539966 15.91666666666667 186.50000000000003 0.25881904510252057 1.0000000180025095e-35 20.500000000000004 0.95529051172707902 0.25881904510252057 20.500000000000004 19.62627092533635 17.500000000000004 1.0000000180025095e-35 7.6429544569871561 14.500000000000002
decision_type=10 10 10 2 10 2 10 2 2 2 10 10 2 2 2 10 10 2 10 2 2 10 10 2 2 10 10 2 10 10
left_child=1 6 3 4 8 10 -1 -8 -2 19 14 12 -12 18 15 -4 17 28 -13 20 -6 -19 -18 25 26 -24 -25 -27 -16 -30
right_child=2 -3 5 -5 9 -7 7 -9 -10 -11 11 13 -14 -15 16 -17 22 21 -20 -21 -22 -23 23 24 -26 27 -28 -29 29 -31
leaf_value=-4.1113836447154166e-05 7.3630815407721431e-05 8.4787322944035463e-06 0.00040975341180760462 -0.0034396800837252794 -5.0648411504838899e-05 1.0201492130296004 -3.0169641000438176e-05 -3.0138877906421559e-05 -0.0023439122189559849 7.5593762340214765e-05 1.0285166995604677e-05 6.2444112665777099e-05 0.11950230934773068 -0.0011693177599360284 0 -2.3039403949876242e-05 -0.043611032493838131 0.02848706420864211 -0.00050254486676273771 -0.0020275904079149198 -4.2608304291513749e-05 0.0029029789023134358 0.01272180518915338 0.0017019292998231351 0.0010790555161515059 -0.014370119313739594 -0.0061556229858869219 0.047354437122398708 -0.0023684494328891862 0.0031531809461601058
leaf_weight=658782 25834 9940 4057 36581 15145 3993 5782 13734 964 1354 42571 28522 12926 357782 658870 40441 9246 6107 7085 14739 3445 6533 3586 1053 1032 1139 3383 1139 32252 40673
leaf_count=658782 25834 9940 4057 36581 15145 3993 5782 13734 964 1354 42571 28522 12926 357782 658870 40441 9246 6107 7085 14739 3445 6533 3586 1053 1032 1139 3383 1139 32252 40673
internal_value=-0.0173242 -0.0481655 -0.00172196 -0.0187167 -0.000960459 -0.000401817 -0.0494386 -0.0349816 0.0420479 -0.0341911 -0.000520027 0.00105973 0.00743554 0.000160274 -0.00139603 -0.00816666 -0.00100221 -0.000734785 0.00782852 -0.0356671 -0.029532 0.0126899 -0.0106765 -0.00287681 -0.017447 0.0107094 -0.0282011 -0.0155399 -0.000966664 -0.00529517
internal_weight=2.04869e+06 688238 1.36045e+06 98062 61481 1.26239e+06 678298 19516 26798 34683 1.2584e+06 448886 55497 393389 809511 44498 765013 744435 35607 33329 18590 12640 20578 11332 5468 5864 4436 2278 731795 72925
internal_count=2048690 688238 1360452 98062 61481 1262390 678298 19516 26798 34683 1258397 448886 55497 393389 809511 44498 765013 744435 35607 33329 18590 12640 20578 11332 5468 5864 4436 2278 731795 72925
is_linear=0
shrinkage=0.05


Tree=153
num_leaves=31
num_cat=0
split_feature=16 17 15 17 5 16 15 15 5 12 16 18 15 17 5 17 0 0 12 16 12 17 0 12 15 14 2 17 15 17
split_gain=399897 30445.8 7083.02 5796.45 43651.6 4144.88 5373.44 2936.05 2354.69 2282.91 1823.68 1437.89 1846.85 2210.83 1602.4 1398.01 1379.46 1254.62 1658.65 1253.74 1217.5 1174.73 1208.89 1104.22 967.343 751.155 725.713 801.955 636.999 619.552
threshold=-0.84841212603516436 21.500000000000004 -1.0000000180025095e-35 1.0000000180025095e-35 -1.0000000180025095e-35 1.0000000180025095e-35 -0.8746257485029939 0.17992805755395685 652.50000000000011 -0.91666666666666663 0.21688681631710352 0.033615819209039555 1.0000000180025095e-35 149.50000000000003 -1.0000000180025095e-35 34.500000000000007 0.98296291314453421 0.91597561503675362 1.0000000180025095e-35 0.21688681631710352 -1.0000000180025095e-35 171.50000000000003 0.98296291314453421 1.0000000180025095e-35 9.8576036866359456 1.0000000180025095e-35 -0.8783796973249266 25.500000000000004 1.0000000180025095e-35 36.500000000000007
decision_type=10 10 10 10 2 10 8 8 2 2 10 8 8 10 2 10 2 2 2 10 2 10 2 2 10 2 2 10 10 10
left_child=1 2 -1 4 -2 7 10 21 11 -4 -7 12 13 14 -8 24 20 18 19 -16 -12 22 23 -5 25 -14 27 28 -3 -17
right_child=3 26 9 5 -6 6 8 -9 -10 -11 16 -13 15 -15 17 29 -18 -19 -20 -21 -22 -23 -24 -25 -26 -27 -28 -29 -30 -31
leaf_value=-3.9058144624798402e-05 6.9949274637337575e-05 -4.0099277055782867e-05 2.604935731409519e-05 8.1039167691321367e-05 -0.0032676960795390156 0.0004772587130028261 -0.00239741904362753 -2.9777192488611438e-05 1.1893794680338716 -5.2733381369352015e-07 -0.0022255345255184078 0 -3.321050176197322e-05 -0.0011875497344455174 -0.00010617222813606451 5.1030667081009007e-05 0.00022024024770345152 -9.3547923869438919e-06 -0.0049469058014653703 1.3499686886523396e-05 0.00741510962543015 -0.00086180442573763967 -0.0087244694832805721 0.00041665666806249281 4.7320221518698527e-05 -0.0052309594159722257 5.4837660372397682e-06 5.8208118153402212e-05 1.0939839376200578e-05 -4.1241494761883779e-07
leaf_weight=674458 17317 643 2629 10016 35854 776 2470 4009 3894 1211 11279 1161512 41050 2161 467 736 1430 2168 1507 9031 949 517 820 1683 5117 19208 8238 829 230 26481
leaf_count=674458 17317 643 2629 10016 35854 776 2470 4009 3894 1211 11279 1161512 41050 2161 467 736 1430 2168 1507 9031 949 517 820 1683 5117 19208 8238 829 230 26481
internal_value=-0.0171017 -0.0481601 -0.0494331 -0.00138965 -0.0175725 -0.000731442 -0.00105504 0.0237636 -0.000711827 0.0182812 -0.0313912 -0.000830681 -0.00628374 0.00846439 0.0150131 -0.00911958 -0.0356275 0.0219426 0.0287915 0.0365235 -0.0410615 0.0352716 0.0383218 0.0424353 -0.0130837 -0.0148561 0.0387123 0.00898942 -0.0244559 0.000402322
internal_weight=2.04869e+06 688238 678298 1.36045e+06 53171 1.30728e+06 1.29024e+06 17045 1.2758e+06 3840 14434 1.27191e+06 110396 17804 15643 92592 13658 13173 11005 9498 12228 13036 12519 11699 65375 60258 9940 1702 873 27217
internal_count=2048690 688238 678298 1360452 53171 1307281 1290236 17045 1275802 3840 14434 1271908 110396 17804 15643 92592 13658 13173 11005 9498 12228 13036 12519 11699 65375 60258 9940 1702 873 27217
is_linear=0
shrinkage=0.05


Tree=154
num_leaves=31
num_cat=0
split_feature=16 17 15 17 11 16 15 15 12 15 16 17 12 12 12 1 17 17 15 14 1 15 15 11 9 15 17 1 2 17
split_gain=400362 30230.8 7083.02 5814.03 42623.7 4003.1 5145.73 2866.05 2282.91 2114.81 1790.62 1157.71 1089.42 1065.94 1056.37 3792.15 3047.83 2628.94 1450.04 1316.93 1172.19 1084.05 1088.75 3018.64 1039.46 1016.92 856.93 929.553 756.714 845.336
threshold=-0.84841212603516436 21.500000000000004 -1.0000000180025095e-35 1.0000000180025095e-35 -0.83333333333333315 1.0000000180025095e-35 -0.8746257485029939 0.17992805755395685 -0.91666666666666663 617.36184210526324 0.21688681631710352 171.50000000000003 1.0000000180025095e-35 1.0000000180025095e-35 0.58333333333333337 0.37940952255126048 13.500000000000002 187.50000000000003 0.078222778473091378 1.0000000180025095e-35 0.25881904510252057 -1.0000000180025095e-35 1.0000000180025095e-35 -0.83333333333333315 -1.0000000180025095e-35 -0.99693251533742322 149.50000000000003 0.25881904510252057 -0.8783796973249266 25.500000000000004
decision_type=10 10 10 10 2 10 8 8 2 10 10 10 2 2 2 2 10 10 8 2 2 10 10 2 2 8 10 2 2 10
left_child=1 2 -1 4 -2 7 10 11 -4 14 -7 13 -12 -5 15 18 24 21 20 26 -8 -18 -23 -24 -17 -6 27 -20 29 -3
right_child=3 28 8 5 25 6 9 -9 -10 -11 12 -13 -14 -15 -16 16 17 -19 19 -21 -22 22 23 -25 -26 -27 -28 -29 -30 -31
leaf_value=-3.7105237393558754e-05 6.6451810905465705e-05 -3.8094313202996502e-05 2.4746889448390431e-05 6.9308203624984802e-05 0.0013536323671600404 0.00045339577735268314 8.605368427696232e-06 -2.82883328641792e-05 -5.0096712300717883e-07 0.65481670343792764 -0.0019672941044649671 -0.00081871420445075766 0.0084339795623501416 0.00039582383465937011 0 5.5585443832240068e-05 -0.0024159083079787202 -0.00060601565982129591 -3.0772955019905527e-05 -0.00040373794003530918 -1.640154512865299e-05 1.4490931089471274e-05 4.8842881372557217e-05 -0.00018101814376814392 -0.00018447213189020788 -0.0030942458189250352 3.6811131948241467e-05 5.1447442939034366e-05 5.2095777353766699e-06 5.5297712245727663e-05
leaf_weight=674458 16809 873 2629 10800 533 776 8727 4009 1211 4829 12690 517 968 1719 1176456 1123 634 1926 35490 13184 1461 5756 5875 4833 11554 35829 2268 1686 8238 829
leaf_count=674458 16809 873 2629 10800 533 776 8727 4009 1211 4829 12690 517 968 1719 1176456 1123 634 1926 35490 13184 1461 5756 5875 4833 11554 35829 2268 1686 8238 829
internal_value=-0.0170882 -0.0481646 -0.0494331 -0.00136701 -0.0175744 -0.000707805 -0.00102582 0.0233646 0.0182812 -0.000689958 -0.0307122 0.0347346 -0.0349099 0.0377626 -0.000815438 -0.00590105 0.0081969 0.0208526 -0.0130158 -0.0163582 0.0042501 0.0270909 0.0295615 0.0201345 -0.0107951 -0.0480117 -0.0209309 -0.0227512 0.0384004 0.00804935
internal_weight=2.04869e+06 688238 678298 1.36045e+06 53171 1.30728e+06 1.29024e+06 17045 3840 1.2758e+06 14434 13036 13658 12519 1.27097e+06 94517 31701 19024 62816 52628 10188 17098 16464 10708 12677 36362 39444 37176 9940 1702
internal_count=2048690 688238 678298 1360452 53171 1307281 1290236 17045 3840 1275802 14434 13036 13658 12519 1270973 94517 31701 19024 62816 52628 10188 17098 16464 10708 12677 36362 39444 37176 9940 1702
is_linear=0
shrinkage=0.05


Tree=155
num_leaves=31
num_cat=0
split_feature=16 18 15 18 5 16 15 15 16 5 16 0 18 15 16 18 0 15 14 16 0 10 7 2 18 14 15 18 5 0
split_gain=401023 28330.6 8706.64 5878.22 43495.3 3990.37 4816.38 2866.05 2762.83 2132.95 1742.25 1776.37 1157.94 1851.77 1447.84 1471.42 1383.01 1324.78 1204.6 1186.72 1098.17 1073.77 875.939 750.285 822.546 675.074 636.27 601.451 552.302 539.956
threshold=-0.84841212603516436 -0.046822076110779036 -1.0000000180025095e-35 inf -1.0000000180025095e-35 1.0000000180025095e-35 -0.8746257485029939 0.17992805755395685 -0.84841212603516436 652.50000000000011 0.21688681631710352 0.98296291314453421 0.033615819209039555 1.0000000180025095e-35 63.718893465482481 -0.0088569976146717216 0.91597561503675362 6.625753012048194 1.0000000180025095e-35 0.21688681631710352 0.98296291314453421 2.5000000000000004 1.0000000180025095e-35 -0.8783796973249266 -0.040833333333333326 1.0000000180025095e-35 1.0000000180025095e-35 -0.027046783625730989 3.5000000000000004 0.98296291314453421
decision_type=10 10 10 8 2 10 8 8 8 2 10 2 10 8 8 10 2 10 2 10 2 2 2 2 10 2 10 10 2 2
left_child=1 2 -1 5 -5 7 10 20 23 12 -7 21 13 14 15 -8 18 25 19 -17 22 -12 -2 24 26 -15 -3 -19 -9 -18
right_child=3 8 -4 4 -6 6 9 28 -10 -11 11 -13 -14 17 -16 16 29 27 -20 -21 -22 -23 -24 -25 -26 -27 -28 -29 -30 -31
leaf_value=-3.5249975523882208e-05 6.5842793443737779e-05 -3.6189597542846118e-05 2.2829211973807164e-05 6.312922036019187e-05 -0.0029495989846158133 0.00043072598848504785 -0.0022779783598675385 -2.6873916220970795e-05 -4.7591876686237103e-07 1.122075868266029 -0.0020158930940192389 0.00030759294054153455 0 -3.0011328922879284e-05 -0.0005634307025004625 -0.00010129388515064611 -1.3915239324946294e-05 4.4014105480616465e-05 -0.0046974994158603253 1.2100155987723663e-05 -0.0082917114192977929 0.0077972279846438954 0.0003760326429263994 6.0109937750629783e-06 5.2532826633444608e-05 -0.0049289683831485369 1.2297563067542595e-05 -7.0164698890296493e-07 0.062081689544429164 0.19343381398580758
leaf_weight=673757 10737 642 2745 17317 35854 776 2470 3336 1938 3894 11447 1430 1161512 43432 1890 467 1353 4394 1470 9144 890 781 1409 8193 741 20424 222 24342 673 1010
leaf_count=673757 10737 642 2745 17317 35854 776 2470 3336 1938 3894 11447 1430 1161512 43432 1890 467 1353 4394 1470 9144 890 781 1409 8193 741 20424 222 24342 673 1010
internal_value=-0.0170665 -0.0481685 -0.0495047 -0.00133231 -0.017629 -0.000669481 -0.00098699 0.0233646 0.0288514 -0.000662054 -0.0297076 -0.0338483 -0.000775174 -0.00566868 0.00909908 0.0140128 0.0205296 -0.00850829 0.0279352 0.0343825 0.0347346 -0.0400147 0.0386629 0.0396407 0.00838006 -0.0125204 -0.0247685 0.000407155 -0.0136069 -0.0141981
internal_weight=2.04869e+06 688238 676502 1.36045e+06 53171 1.30728e+06 1.29024e+06 17045 11736 1.2758e+06 14434 13658 1.27191e+06 110396 17804 15914 13444 92592 11081 9611 13036 12228 12146 9798 1605 63856 864 28736 4009 2363
internal_count=2048690 688238 676502 1360452 53171 1307281 1290236 17045 11736 1275802 14434 13658 1271908 110396 17804 15914 13444 92592 11081 9611 13036 12228 12146 9798 1605 63856 864 28736 4009 2363
is_linear=0
shrinkage=0.05


Tree=156
num_leaves=31
num_cat=0
split_feature=16 17 15 17 5 16 15 15 7 5 16 0 17 0 11 10 16 15 17 5 0 10 18 1 10 10 17 15 1 17
split_gain=401899 30220.9 6873.33 5976.46 43256.1 4172.98 5034.54 2572.3 2203.33 1980.91 1764.65 1435.9 1157.71 1185.97 1148.94 1073.77 984.089 749.881 2497.19 1315.66 1429.55 1704.1 768.407 2251.44 5215.28 1962.7 1278.25 1099.61 937.947 907.538
threshold=-0.84841212603516436 21.500000000000004 -1.0000000180025095e-35 1.0000000180025095e-35 -1.0000000180025095e-35 1.0000000180025095e-35 -0.8746257485029939 0.17992805755395685 -1.0000000180025095e-35 656.50000000000011 0.21688681631710352 0.98296291314453421 171.50000000000003 0.98296291314453421 1.0000000180025095e-35 2.5000000000000004 0.87228814888389372 1.0000000180025095e-35 149.50000000000003 -1.0000000180025095e-35 0.91597561503675362 1.0000000180025095e-35 0.033615819209039555 0.25881904510252057 -1.0000000180025095e-35 -1.0000000180025095e-35 267.00000000000006 0.46821976838136287 0.60355339059327384 187.50000000000003
decision_type=10 10 10 10 2 10 8 8 2 2 10 2 10 2 2 2 10 8 10 2 2 2 10 2 2 2 10 8 2 10
left_child=1 2 -1 4 -2 7 10 12 -4 16 -7 15 13 14 -5 -12 -8 18 19 -18 21 -21 23 25 26 27 -25 -19 -26 -29
right_child=3 -3 8 5 -6 6 9 -9 -10 -11 11 -13 -14 -15 -16 -17 17 22 -20 20 -22 -23 -24 24 28 -27 -28 29 -30 -31
leaf_value=-3.3487476747690038e-05 5.9972759342186156e-05 6.7931369129969894e-06 2.2368084377288878e-05 7.0229659453324719e-05 -0.0028021190353850227 0.00040918968906079601 0 -2.553022040991948e-05 -4.5212282852036272e-07 1.8287216516754654 -0.0019150984393182747 0.00029221329351445394 -0.00078107063390040659 -0.0078771258483329061 0.00035723101078007915 0.0074073665854117012 -0.0022002231952962139 7.9755846458318136e-05 -0.0010696999296071535 2.0764264157154138e-05 -7.3712135449167326e-06 -0.0029000260563587315 0 4.7004866710764762e-05 4.1907383017544456e-05 -8.2391554307875222e-06 -0.071343612449932856 -4.341625164436258e-05 -0.00022604705473176111 0.00024310158659107683
leaf_weight=674458 17317 9940 2679 10149 35854 776 63588 4009 1161 3283 11447 1430 517 820 1550 781 1717 620 2223 7166 2217 2138 1120804 7444 5735 37526 425 11061 8787 1068
leaf_count=674458 17317 9940 2679 10149 35854 776 63588 4009 1161 3283 11447 1430 517 820 1550 781 1717 620 2223 7166 2217 2138 1120804 7444 5735 37526 425 11061 8787 1068
internal_value=-0.0170346 -0.0481705 -0.0494389 -0.00128321 -0.0177155 -0.000614864 -0.000939557 0.023963 0.0172656 -0.000607343 -0.0303035 -0.0344706 0.0347346 0.0377626 0.0418369 -0.0400147 -0.000707416 -0.000388525 0.0105524 0.0187868 0.024872 0.0334695 -0.000530261 -0.00551289 0.00767496 -0.0113864 0.0404562 -0.0283356 -0.0100881 -0.0316555
internal_weight=2.04869e+06 688238 678298 1.36045e+06 53171 1.30728e+06 1.29024e+06 17045 3840 1.2758e+06 14434 13658 13036 12519 11699 12228 1.27252e+06 1.20893e+06 15461 13238 11521 9304 1.19347e+06 72666 22391 50275 7869 12749 14522 12129
internal_count=2048690 688238 678298 1360452 53171 1307281 1290236 17045 3840 1275802 14434 13658 13036 12519 11699 12228 1272519 1208931 15461 13238 11521 9304 1193470 72666 22391 50275 7869 12749 14522 12129
is_linear=0
shrinkage=0.05


Tree=157
num_leaves=31
num_cat=0
split_feature=16 17 15 17 5 16 15 15 7 5 0 16 17 0 11 10 16 15 17 5 0 10 18 1 9 10 17 15 1 17
split_gain=401708 29823.9 6698.36 6078.22 42805.7 4197.28 5424.71 2518.06 2138 1731.97 1192.74 1212.04 1155.78 1183.36 1145.02 1073.77 985.618 778.735 2518.98 1331.78 1452.34 1602.25 782.307 2220.37 5165.36 2006.07 1254.23 1106 929.778 824.997
threshold=-0.84841212603516436 21.500000000000004 -1.0000000180025095e-35 1.0000000180025095e-35 -1.0000000180025095e-35 1.0000000180025095e-35 -0.8746257485029939 0.17992805755395685 -1.0000000180025095e-35 659.50000000000011 0.98296291314453421 0.21688681631710352 171.50000000000003 0.98296291314453421 1.0000000180025095e-35 2.5000000000000004 0.87228814888389372 1.0000000180025095e-35 149.50000000000003 -1.0000000180025095e-35 0.91597561503675362 1.0000000180025095e-35 0.033615819209039555 0.25881904510252057 -1.0000000180025095e-35 -1.0000000180025095e-35 267.00000000000006 0.46821976838136287 0.60355339059327384 187.50000000000003
decision_type=10 10 10 10 2 10 8 8 2 2 2 10 10 2 2 2 10 8 10 2 2 2 10 2 2 2 10 8 2 10
left_child=1 2 -1 4 -2 7 10 12 -4 16 11 -7 13 14 -5 -13 -8 18 19 -18 21 -21 23 25 26 27 -25 -19 -26 -29
right_child=3 -3 8 5 -6 6 9 -9 -10 -11 -12 15 -14 -15 -16 -17 17 22 -20 20 -22 -23 -24 24 28 -27 -28 29 -30 -31
leaf_value=-3.1813102910305259e-05 5.6974121375075186e-05 6.4534800673476951e-06 2.124968015841944e-05 6.6718176480662367e-05 -0.0026620130836157718 0.00038873020460775679 0 -2.4253709389421286e-05 -4.2951668709489966e-07 2.0072134890789926 0.00027760262883873564 -0.0018193435173523621 -0.00074201710220538628 -0.0074832695559162617 0.00033936946024107351 0.0070369982561411144 -0.0020902120355314026 7.576805413540556e-05 -0.0010162149331267958 1.9726050949296432e-05 -7.0026528676708951e-06 -0.0027550247535407949 0 4.4654623375228745e-05 3.9812013866667232e-05 -7.8271976592481471e-06 -0.067776431827436201 -4.1245439062143063e-05 -0.00021474470199517307 0.00023094650726152022
leaf_weight=674458 17317 9940 2679 10149 35854 710 63588 4009 1161 2927 1496 11447 517 820 1550 781 1717 620 2223 7166 2217 2138 1121160 7619 5663 37526 432 11061 8677 1068
leaf_count=674458 17317 9940 2679 10149 35854 710 63588 4009 1161 2927 1496 11447 517 820 1550 781 1717 620 2223 7166 2217 2138 1121160 7619 5663 37526 432 11061 8677 1068
internal_value=-0.0170552 -0.0481838 -0.0494438 -0.00130754 -0.0178791 -0.000633529 -0.000959166 0.0240158 0.0164063 -0.000614319 -0.0314397 -0.0363271 0.0346732 0.0376987 0.0417685 -0.0400147 -0.000702661 -0.000383614 0.0107658 0.0190361 0.0251584 0.0338242 -0.000528008 -0.00555556 0.00754098 -0.0113884 0.0395914 -0.0285238 -0.0104533 -0.0318534
internal_weight=2.04869e+06 688238 678298 1.36045e+06 53171 1.30728e+06 1.29024e+06 17045 3840 1.2758e+06 14434 12938 13036 12519 11699 12228 1.27288e+06 1.20929e+06 15461 13238 11521 9304 1.19383e+06 72666 22391 50275 8051 12749 14340 12129
internal_count=2048690 688238 678298 1360452 53171 1307281 1290236 17045 3840 1275802 14434 12938 13036 12519 11699 12228 1272875 1209287 15461 13238 11521 9304 1193826 72666 22391 50275 8051 12749 14340 12129
is_linear=0
shrinkage=0.05


Tree=158
num_leaves=31
num_cat=0
split_feature=16 15 18 17 6 16 15 6 15 6 17 0 0 16 10 7 16 15 17 18 0 10 7 9 18 15 1 17 18 15
split_gain=410108 15572.6 8398.16 6809.66 39110.4 4229.63 5498.19 2439.35 2438.3 1414.43 1155.78 1183.36 1133.03 1212.34 1069.23 1013.29 1012.31 762.302 2515.67 1329.33 1448.87 1593.78 622.21 602.622 590.572 820.954 1039.54 558.087 1722.78 1316.14
threshold=-0.84841212603516436 -1.0000000180025095e-35 -0.040833333333333326 1.0000000180025095e-35 -1.0000000180025095e-35 1.0000000180025095e-35 -0.8746257485029939 -1.0000000180025095e-35 0.17992805755395685 657.50000000000011 171.50000000000003 0.98296291314453421 0.98296291314453421 0.21688681631710352 2.5000000000000004 1.0000000180025095e-35 0.87228814888389372 1.0000000180025095e-35 149.50000000000003 -1.0000000180025095e-35 0.91597561503675362 1.0000000180025095e-35 -1.0000000180025095e-35 -1.0000000180025095e-35 1.0000000180025095e-35 0.078222778473091378 1.0000000180025095e-35 35.500000000000007 0.066806136680613679 27.850199401794619
decision_type=10 10 10 10 2 10 8 2 8 2 10 2 2 10 2 2 10 8 10 10 2 2 2 2 10 8 2 10 10 8
left_child=1 2 -1 4 -2 8 12 -3 10 16 11 15 13 -7 -15 -5 24 18 19 -18 21 -21 -4 -10 25 26 -8 28 -19 -29
right_child=3 7 22 5 -6 6 9 -9 23 -11 -12 -13 -14 14 -16 -17 17 27 -20 20 -22 -23 -24 -25 -26 -27 -28 29 -30 -31
leaf_value=-3.0222447764788331e-05 5.4125415306316431e-05 1.4584287147922927e-05 0.00017122627517406343 6.3382267656630906e-05 -0.0025188469727979532 0.00036929369437737063 1.9201662675135251e-06 -4.0804085273959959e-07 9.8416718949390081e-06 1.6741753178150021 -0.00070491624709511703 -0.0071091060781204481 0.00026372249739680108 -0.0017283763414847443 0.0066851483433340575 0.00032240098722902122 -0.0019857014337548331 -2.7707444822233532e-05 -0.00096540418647045605 1.8739748401831608e-05 -6.6525202242873499e-06 -0.0026172735158637552 -0.0069485011922234725 -0.00020806386011583612 0 -4.1345710422763252e-05 -0.00024132347200472214 4.6094218528558445e-05 0 -3.8578109984133138e-05
leaf_weight=678159 17266 5360 2134 10299 35905 710 4105 1827 1037 3177 517 820 1496 11447 781 1400 1717 49842 2223 7166 2217 2138 758 2972 40205 17091 2187 64886 782394 296454
leaf_count=678159 17266 5360 2134 10299 35905 710 4105 1827 1037 3177 517 820 1496 11447 781 1400 1717 49842 2223 7166 2217 2138 758 2972 40205 17091 2187 64886 782394 296454
internal_value=-0.017183 -0.0486354 -0.049408 -0.0012716 -0.0188119 -0.000558181 -0.000885071 0.0245791 0.024186 -0.000537897 0.0346732 0.0376987 -0.0315713 -0.0363348 -0.0400229 0.0417685 -0.000621078 -0.000297675 0.0107335 0.0189983 0.025115 0.0337704 0.0356155 -0.00991519 -0.00677015 -0.0130886 0.00235219 -0.000440567 -0.00115298 0.00120025
internal_weight=2.04869e+06 688238 681051 1.36045e+06 53171 1.30728e+06 1.29024e+06 7187 17045 1.2758e+06 13036 12519 14434 12938 12228 11699 1.27262e+06 1.20904e+06 15461 13238 11521 9304 2892 4009 63588 23383 6292 1.19358e+06 832236 361340
internal_count=2048690 688238 681051 1360452 53171 1307281 1290236 7187 17045 1275802 13036 12519 14434 12938 12228 11699 1272625 1209037 15461 13238 11521 9304 2892 4009 63588 23383 6292 1193576 832236 361340
is_linear=0
shrinkage=0.05


Tree=159
num_leaves=31
num_cat=0
split_feature=16 17 17 11 16 18 18 8 6 16 18 2 17 16 18 17 11 18 17 16 7 12 12 16 16 16 17 17 17 17
split_gain=400847 29501.5 6739.05 39223.1 4204.58 3442.15 1639.68 1577.58 1222.3 959.74 853.638 738.307 810.979 640.015 612.714 638.95 602.66 581.709 572.58 702.248 515.278 490.574 460.81 451.375 581.625 436.872 426.048 442.537 382.373 377.665
threshold=-0.84841212603516436 21.500000000000004 1.0000000180025095e-35 -0.83333333333333315 1.0000000180025095e-35 -0.027046783625730989 -0.22499999999999998 -1.0000000180025095e-35 667.50000000000011 -0.9990583804143125 0.033615819209039555 -0.8783796973249266 25.500000000000004 4.1718768316986443 0.99930651872399456 171.50000000000003 -1.0000000180025095e-35 0.031320067264574002 94.500000000000014 36.005016722408037 -1.0000000180025095e-35 3.9166666666666674 -0.74999999999999989 0.21688681631710352 3.1650909810126584 -0.76557444018017429 28.500000000000004 19.500000000000004 20.500000000000004 18.500000000000004
decision_type=10 10 10 2 10 10 10 2 2 10 10 2 10 10 10 10 2 10 10 10 2 2 2 10 10 10 10 10 10 10
left_child=1 6 3 25 7 23 -1 -4 10 -8 13 12 -3 -7 15 -9 20 18 26 -20 -5 -16 -13 -6 -25 -2 27 29 -29 -15
right_child=2 11 4 16 5 8 9 14 -10 -11 -12 22 -14 17 21 -17 -18 -19 19 -21 -22 -23 -24 24 -26 -27 -28 28 -30 -31
leaf_value=-2.8711325376551413e-05 3.3582403364407208e-05 -3.3531326126484685e-05 4.8952716851191628e-05 -0.016619110681969661 0.00034741812228629155 -2.6443476955597156e-05 -1.8285114762855992e-05 0.00078546294069494187 2.1404665519242543 1.151606199699673e-05 0 3.2570039534274287e-06 4.0682540694048089e-05 0.00036049741242112046 -1.2637830914152826e-05 -0.00066967043474036115 -0.0023929046241580559 -0.0073221512234007968 -0.00015480522460388141 -3.6649204484928699e-05 0.0012742406729828405 0.023512336077016374 0.016762054532827621 -0.0012998313807971618 -3.7797794867922009e-05 5.1419144540998389e-05 4.6132645014607624e-06 -1.5414153654558104e-05 -5.6616702423299877e-06 2.0795265169190337e-05
leaf_weight=658782 2776 873 7816 406 1425 38953 18536 7005 2340 980 1163613 7579 829 5381 1179 545 35446 2976 2726 15646 510 500 659 11380 16012 14033 19776 2626 6108 1274
leaf_count=658782 2776 873 7816 406 1425 38953 18536 7005 2340 980 1163613 7579 829 5381 1179 545 35446 2976 2726 15646 510 500 659 11380 16012 14033 19776 2626 6108 1274
internal_value=-0.0170954 -0.0481906 -0.00136466 -0.0188138 -0.000654947 -0.000980867 -0.0494438 0.0240158 -0.000590525 -0.0351609 -0.000657624 0.0373239 0.0073443 -0.0052029 0.0100173 0.0160927 -0.0480117 -0.00180401 -0.000607991 -0.00776181 -0.00796943 -0.017302 0.0435178 -0.0180675 -0.0194947 0.0443483 0.00312953 -0.00310936 -0.0105106 0.00660406
internal_weight=2.04869e+06 688238 1.36045e+06 53171 1.30728e+06 1.29024e+06 678298 17045 1.26142e+06 19516 1.25908e+06 9940 1702 95466 9229 7550 36362 56513 53537 18372 916 1679 8238 28817 27392 16809 35165 15389 8734 6655
internal_count=2048690 688238 1360452 53171 1307281 1290236 678298 17045 1261419 19516 1259079 9940 1702 95466 9229 7550 36362 56513 53537 18372 916 1679 8238 28817 27392 16809 35165 15389 8734 6655
is_linear=0
shrinkage=0.05


Tree=160
num_leaves=31
num_cat=0
split_feature=16 18 15 17 5 16 15 16 15 5 0 16 12 17 0 12 16 15 15 17 5 15 12 11 0 12 16 18 1 16
split_gain=403246 29949.6 8559.68 8170.07 35201.3 3825.76 5483.1 3378.51 2877.45 1334.83 1235.32 1209.9 1163.95 1149.73 1175.23 1305.9 782.358 1254.62 744.614 2154.63 1522.72 1475.72 1411.26 1202.52 1028.15 1501.08 1140.5 903.489 3293.1 3708.92
threshold=-0.84841212603516436 -0.046822076110779036 -1.0000000180025095e-35 1.0000000180025095e-35 -1.0000000180025095e-35 1.0000000180025095e-35 -0.8746257485029939 -0.84841212603516436 0.17992805755395685 663.50000000000011 0.98296291314453421 0.21688681631710352 -1.0000000180025095e-35 171.50000000000003 0.98296291314453421 1.0000000180025095e-35 -0.64059800664451816 -0.99693251533742322 0.078222778473091378 149.50000000000003 -1.0000000180025095e-35 0.61964176362522971 -0.24999999999999997 1.0000000180025095e-35 0.91597561503675362 1.0000000180025095e-35 3.9349703999033472 -0.024404761904761901 0.25881904510252057 3.1650909810126584
decision_type=8 10 10 10 2 8 8 10 8 2 2 8 2 10 2 2 10 10 8 10 2 10 2 2 2 2 10 10 2 10
left_child=1 2 -1 4 7 8 10 -2 13 18 11 -7 -13 14 15 -5 17 -9 19 20 -8 22 -20 -24 25 26 -22 28 29 -23
right_child=3 -3 -4 5 -6 6 9 16 -10 -11 -12 12 -14 -15 -16 -17 -18 -19 21 -21 24 27 23 -25 -26 -27 -28 -29 -30 -31
leaf_value=-2.7275759107725506e-05 -2.7275759107725506e-05 4.2117229766325263e-06 1.9691904529073324e-05 5.7765518431240896e-05 -0.0022833248495871829 0.00033345810354419304 -0.0019220977390564109 3.1011446137352293e-05 -1.200593936844241e-05 1.9334432243280391 0.0002524262622703666 -0.0016121894501858248 0.0055274691459815378 -0.00063618691300334313 -0.0067560984100569878 0.00030691282941327505 4.8848187313943474e-05 -6.5010800910370041e-07 0.00013892407553656172 -0.00091530151692268682 3.1463318019177067e-06 2.3642602916640334e-05 -0.00013988018813375206 0 -6.5505574381460204e-06 -0.0034814711527831766 1.629905956127436e-05 0 4.4620159115982275e-05 -3.4862385137141017e-05
leaf_weight=672621 1075 9798 2702 10016 35900 710 2708 3874 4009 2535 1496 11333 960 517 820 1683 11648 1795 1644 2235 5576 3790 12304 19914 2634 3676 6687 1202774 5572 5684
leaf_count=672621 1075 9798 2702 10016 35900 710 2708 3874 4009 2535 1496 11333 960 517 820 1683 11648 1795 1644 2235 5576 3790 12304 19914 2634 3676 6687 1202774 5572 5684
internal_value=-0.0169566 -0.0482514 -0.0495106 -0.00123265 -0.0202387 -0.00044452 -0.000754934 0.0360102 0.0230889 -0.000407988 -0.0313297 -0.0362801 -0.0399455 0.0344814 0.037499 0.0415548 0.0413495 0.0261157 -0.000480043 0.00833475 0.0132395 -0.000645651 -0.0109415 -0.0132473 0.0183465 0.0231288 0.0315298 -0.000359372 0.0118171 -0.00612202
internal_weight=2.04869e+06 685121 675323 1.36357e+06 54292 1.30928e+06 1.29223e+06 18392 17045 1.27773e+06 14499 13003 12293 13036 12519 11699 17317 5669 1.2752e+06 23516 21281 1.25168e+06 33862 32218 18573 15939 12263 1.21782e+06 15046 9474
internal_count=2048690 685121 675323 1363569 54292 1309277 1292232 18392 17045 1277733 14499 13003 12293 13036 12519 11699 17317 5669 1275198 23516 21281 1251682 33862 32218 18573 15939 12263 1217820 15046 9474
is_linear=0
shrinkage=0.05


Tree=161
num_leaves=31
num_cat=0
split_feature=16 18 17 11 16 16 8 18 17 1 6 0 1 17 0 17 16 2 17 7 18 17 1 18 0 17 12 16 17 17
split_gain=403450 29921.9 8187.71 34159.2 4046.17 3410.46 1534.55 1473.38 1415.13 1338.57 1118.24 1105.86 783.758 1489.51 1353.21 1241.29 779.958 743.283 810.468 625.07 610.286 637.328 600.651 759.7 1184.57 690.453 596.112 2370.84 735.271 709.39
threshold=-0.84841212603516436 -0.046822076110779036 1.0000000180025095e-35 -0.83333333333333315 1.0000000180025095e-35 -0.84841212603516436 -1.0000000180025095e-35 0.033615819209039555 5.5000000000000009 -0.5 667.50000000000011 0.98296291314453421 1.0000000180025095e-35 17.500000000000004 -0.37940952255126065 171.50000000000003 -0.64059800664451816 -0.8783796973249266 25.500000000000004 1.0000000180025095e-35 0.99930651872399456 171.50000000000003 0.37940952255126048 -0.028594771241830061 -0.37940952255126065 33.500000000000007 -0.91666666666666663 3.1650909810126584 35.500000000000007 187.50000000000003
decision_type=8 10 10 2 8 10 2 10 10 2 2 2 2 10 2 8 10 2 10 2 10 10 2 10 2 10 2 10 10 10
left_child=1 8 3 5 6 -2 11 12 -1 -10 -9 -4 26 14 -14 19 -7 18 -3 22 21 -8 -15 25 -25 -24 27 28 -6 -29
right_child=2 17 4 -5 7 16 20 10 9 -11 -12 -13 13 15 -16 -17 -18 -19 -20 -21 -22 -23 23 24 -26 -27 -28 29 -30 -31
leaf_value=-2.5911971152337011e-05 -2.5911971152337011e-05 -3.2065345968990136e-05 4.3657561682941551e-05 -0.0021590931504707942 1.8432793933642613e-05 2.946087383048912e-05 0.00074330151773863281 0 -1.6036296008636876e-05 -1.6007071069323865e-05 1.9367710631116382 -0.0064182934895541388 1.0937298769512066e-05 -3.9267973956768795e-06 -0.00021651055456400138 -0.00086953644107655252 4.640577794824408e-05 2.8835676069260965e-06 3.8437827510517945e-05 -0.0076608345515432278 -1.1405642400019734e-05 -0.00060437756735317596 3.6772640624516129e-05 -4.3978570850589095e-07 1.8413870283805986e-05 -0.0012601345241585904 -9.2075186982464165e-06 -3.7866057587843117e-05 -0.0010148456552694363 0.0002231605476218923
leaf_weight=659416 1075 883 7409 36408 5374 5591 7005 1165408 4927 10980 2347 407 10461 7576 13430 3459 11218 8193 722 3752 1679 545 4136 4973 10748 710 47876 10335 731 916
leaf_count=659416 1075 883 7409 36408 5374 5591 7005 1165408 4927 10980 2347 407 10461 7576 13430 3459 11218 8193 722 3752 1679 545 4136 4973 10748 710 47876 10335 731 916
internal_value=-0.0169493 -0.048252 -0.00122135 -0.0202479 -0.000432376 0.0363397 0.0237694 -0.000751607 -0.0495106 -0.034774 -0.000200384 0.0400716 -0.00592278 -0.00175964 -0.0114039 0.00475759 0.0418615 0.0384977 0.00738318 0.00784292 0.00996316 0.0160265 0.0103987 0.014832 0.0201673 -0.00247627 -0.00970383 -0.0176423 0.00744472 -0.031255
internal_weight=2.04869e+06 685121 1.36357e+06 54292 1.30928e+06 17884 17045 1.29223e+06 675323 15907 1.16776e+06 7816 124477 59245 23891 35354 16809 9798 1605 31895 9229 7550 28143 20567 15721 4846 65232 17356 6105 11251
internal_count=2048690 685121 1363569 54292 1309277 17884 17045 1292232 675323 15907 1167755 7816 124477 59245 23891 35354 16809 9798 1605 31895 9229 7550 28143 20567 15721 4846 65232 17356 6105 11251
is_linear=0
shrinkage=0.05


Tree=162
num_leaves=31
num_cat=0
split_feature=16 18 17 12 15 16 15 16 15 0 16 12 17 0 12 11 18 1 16 15 15 17 12 17 7 15 0 12 16 2
split_gain=403298 29852.5 8844.6 33140.7 8559.68 3794.16 5389.37 3434.22 2867.43 1218.35 1361.74 1166.83 1147.08 1171.67 1299.88 1027.68 844.617 1726.29 3148.75 2657.52 1259.81 2491.29 2463.05 1225.21 1184.64 998.797 964.976 1393.81 1043.36 756.325
threshold=-0.84841212603516436 -0.046822076110779036 1.0000000180025095e-35 -0.91666666666666663 -1.0000000180025095e-35 1.0000000180025095e-35 -0.8746257485029939 -0.84841212603516436 0.17992805755395685 0.98296291314453421 0.21688681631710352 -1.0000000180025095e-35 171.50000000000003 0.98296291314453421 1.0000000180025095e-35 674.16666666666674 -0.024404761904761901 0.25881904510252057 3.1650909810126584 0.078222778473091378 0.078222778473091378 149.50000000000003 1.0000000180025095e-35 42.500000000000007 -1.0000000180025095e-35 0.46821976838136287 0.91597561503675362 1.0000000180025095e-35 3.9349703999033472 -0.8783796973249266
decision_type=8 10 10 2 10 8 8 10 8 2 10 2 10 2 2 2 10 2 10 10 8 10 2 10 2 8 2 2 10 2
left_child=1 4 3 7 -1 8 9 -2 12 10 -7 -12 13 14 -4 16 17 18 -8 -19 21 26 23 -22 -21 -20 27 28 -18 -3
right_child=2 29 5 -5 -6 6 15 -9 -10 -11 11 -13 -14 -15 -16 -17 20 19 25 24 22 -23 -24 -25 -26 -27 -28 -29 -30 -31
leaf_value=-2.461637259472127e-05 -2.461637259472127e-05 4.2876519081080925e-06 5.2694364425531771e-05 -0.0020511384929472543 1.9507662856088626e-05 0.00031586355867030402 2.1538833074130628e-05 4.4085489050826876e-05 -1.0835360280014861e-05 0.00024000128902663677 -0.0014981871685841254 0.005276101620237404 -0.00057415868898551714 -0.0060973788150764322 0.00029213747006260894 1.8899325099560542 3.4493911467341419e-06 -0.0019826659463125563 7.4021941376212213e-05 4.2133889897011391e-05 -1.7666917766217376e-05 -0.00082605961902272498 0 -8.9744661884327598e-08 -0.0244012477524445 -3.2271482988277536e-05 -6.0266896964548763e-06 -0.0033074648667402494 1.3797788348901976e-05 2.7393892265803468e-06
leaf_weight=672621 1075 1605 10016 37157 2702 775 4841 16060 4009 1496 11279 949 517 820 1683 2097 5576 1116 1007 6019 28776 2235 1192753 13793 424 5870 2634 3696 6896 8193
leaf_count=672621 1075 1605 10016 37157 2702 775 4841 16060 4009 1496 11279 949 517 820 1683 2097 5576 1116 1007 6019 28776 2235 1192753 13793 424 5870 2634 3696 6896 8193
internal_value=-0.0169567 -0.0482534 -0.00123169 -0.0210068 -0.0495106 -0.000411678 -0.000720807 0.0365188 0.0230243 -0.0310332 -0.0359494 -0.0400229 0.0343971 0.0374111 0.0414608 -0.000376839 -0.000434332 0.00995227 -0.0020652 0.0285818 -0.0005937 0.0115392 -0.000800318 -0.0126183 0.0409204 -0.0238113 0.0174715 0.0220435 0.0300353 0.0383956
internal_weight=2.04869e+06 685121 1.36357e+06 54292 675323 1.30928e+06 1.29223e+06 17135 17045 14499 13003 12228 13036 12519 11699 1.27773e+06 1.27564e+06 19277 11718 7559 1.25636e+06 21037 1.23532e+06 42569 6443 6877 18802 16168 12472 9798
internal_count=2048690 685121 1363569 54292 675323 1309277 1292232 17135 17045 14499 13003 12228 13036 12519 11699 1277733 1275636 19277 11718 7559 1256359 21037 1235322 42569 6443 6877 18802 16168 12472 9798
is_linear=0
shrinkage=0.05


Tree=163
num_leaves=31
num_cat=0
split_feature=18 15 18 18 17 15 17 11 14 5 1 17 18 2 14 0 12 5 15 15 1 15 17 15 5 14 0 0 2 2
split_gain=399847 5993.04 4969.54 3211.46 2865.12 2691.18 3765.36 2212.12 1950.41 2020.25 1819.76 1474.21 1412.5 1509.98 1407.57 1295.52 1159.8 1158.9 946.652 882.958 848.361 792.388 784.937 746.434 1993.98 705.097 648.193 630.646 598.968 1089.63
threshold=-0.22499999999999998 -1.0000000180025095e-35 -0.046822076110779036 -0.024404761904761901 1.5000000000000002 0.078222778473091378 149.50000000000003 1.0000000180025095e-35 1.0000000180025095e-35 -1.0000000180025095e-35 0.25881904510252057 45.500000000000007 -0.040833333333333326 -0.8783796973249266 1.0000000180025095e-35 0.91597561503675362 -0.41666666666666657 663.50000000000011 -0.72623178348369177 17.692896509491735 0.25881904510252057 0.54577691811734375 16.500000000000004 -0.99693251533742322 -1.0000000180025095e-35 0.4220412585204984 -0.25881904510252113 0.78656609248549325 0.6078576107927941 0.87837969732492682
decision_type=10 10 10 10 8 10 10 2 2 2 2 10 10 2 2 2 2 2 10 10 2 10 10 10 2 2 2 2 2 2
left_child=4 2 -2 10 18 6 14 11 23 -10 19 21 13 -4 15 22 -12 -9 -1 -3 -14 -7 -5 -6 -25 -22 -23 -28 -15 -30
right_child=1 3 12 5 8 7 -8 17 9 -11 16 -13 20 28 -16 -17 -18 -19 -20 -21 25 26 -24 24 -26 -27 27 -29 29 -31
leaf_value=-2.3385553964982986e-05 -2.6446539230284838e-05 9.2672963036166688e-06 -3.0676461265943812e-05 1.1520174954051136e-05 -2.3385553964982986e-05 -0.00014589917753262649 -0.00057391953658682911 0 0.00010067404376378209 -0.016889597617363038 3.943201132388108e-05 1.3802266679087048e-06 3.6301553539586086e-05 5.8571085359560016e-07 -0.0059288283759843241 -2.9651848790641419e-06 -0.0031485955651674395 1.6496339722125073 8.7298466138086016e-06 -3.4675271160755643e-05 -0.0013026046362211775 -7.2455887922029471e-06 1.8825831621732778e-05 -2.3385553964982986e-05 -0.0019485815682998915 0.036773435915124476 -2.7335869933868792e-05 -6.8268103209494483e-06 -0.0013601761308584593 5.8571085359560016e-07
leaf_weight=8248 25727 13579 735 7099 650136 10501 2732 1177394 1371 1279 6355 16143 11130 3201 2276 3257 874 2528 1241 1125 7019 14292 8520 20130 34867 1713 9884 3510 834 990
leaf_count=8248 25727 13579 735 7099 650136 10501 2732 1177394 1371 1279 6355 16143 11130 3201 2276 3257 874 2528 1241 1125 7019 14292 8520 20130 34867 1713 9884 3510 834 990
internal_value=-0.0169201 -0.000707103 -0.017456 -3.52325e-05 -0.0470151 -0.000365898 0.0162577 -0.000687582 -0.047381 -0.00456604 0.0189327 -0.0105522 -0.00186949 0.0199306 0.0233926 0.0278714 0.039473 -0.000233363 -0.0197228 0.00883433 -0.00819152 -0.0159072 0.033853 -0.0475419 -0.0419487 -0.019858 -0.0114715 -0.0193743 0.0297214 0.00685307
internal_weight=2.04869e+06 1.33142e+06 51349 1.28007e+06 717272 1.25814e+06 23884 1.23425e+06 707783 2650 21933 54330 25622 5760 21152 18876 7229 1.17992e+06 9489 14704 19862 38187 15619 705133 54997 8732 27686 13394 5025 1824
internal_count=2048690 1331418 51349 1280069 717272 1258136 23884 1234252 707783 2650 21933 54330 25622 5760 21152 18876 7229 1179922 9489 14704 19862 38187 15619 705133 54997 8732 27686 13394 5025 1824
is_linear=0
shrinkage=0.05


Tree=164
num_leaves=31
num_cat=0
split_feature=16 18 17 5 16 16 9 17 1 5 0 18 0 17 1 17 18 1 12 16 0 17 18 12 16 17 17 12 17 0
split_gain=405184 29707.2 8028.82 35870.5 3731.71 3442.02 1498.71 1413.95 1339.35 1126.35 1051.96 939.26 708.988 1191.53 1446.36 1984.68 1840.28 1074 744.271 664.514 601.795 695.028 575.084 527.795 486.752 594.674 486.164 405.048 673.298 363.789
threshold=-0.84841212603516436 -0.046822076110779036 1.0000000180025095e-35 -1.0000000180025095e-35 1.0000000180025095e-35 -0.84841212603516436 -1.0000000180025095e-35 5.5000000000000009 -0.5 663.50000000000011 0.98296291314453421 0.033615819209039555 -0.25881904510252113 16.500000000000004 0.37940952255126048 187.50000000000003 -0.028594771241830061 0.60355339059327384 1.0000000180025095e-35 -0.72921861616065475 0.98296291314453421 36.500000000000007 0.031320067264574002 1.0000000180025095e-35 20.00179856115108 23.500000000000004 11.500000000000002 1.0000000180025095e-35 171.50000000000003 -0.98296291314453399
decision_type=8 10 10 2 10 10 2 10 2 2 2 10 2 10 2 10 10 2 2 10 2 10 10 2 10 10 10 2 10 2
left_child=1 7 3 5 6 -2 10 -1 26 11 -4 12 22 17 20 16 24 -14 -18 -7 21 23 29 -15 25 -16 -9 28 -8 -6
right_child=2 -3 4 -5 9 19 27 8 -10 -11 -12 -13 13 14 15 -17 18 -19 -20 -21 -22 -23 -24 -25 -26 -27 -28 -29 -30 -31
leaf_value=-2.2216276266734392e-05 -2.2216276266734392e-05 2.2349161361678862e-06 4.0139030848529436e-05 -0.0018612179465219267 -2.4632366924174317e-05 2.6952833384674691e-05 0.0006761620782727211 -1.268133561694862e-05 -1.265357192460348e-05 1.5629541858476275 -0.0057913405966243618 0 -2.2289383413425378e-05 -2.6091589726769545e-05 -0.0012921673243155352 -0.00023390407334030153 1.169580334064852e-05 -0.00030518380508699408 -0.0056984801212228379 4.3050492296536906e-05 0.00022618614689832173 -2.0027693018458916e-06 -0.0069555832862958529 -0.0012232009625190061 3.4566159094551187e-05 -0.0012921673243155352 2.0890595601774645e-05 -1.0293592266008567e-05 -0.00051675477770689977 1.3112153345132693e-06
leaf_weight=659416 1075 9798 7518 35900 5530 4352 5766 3795 10980 2528 408 1163425 21790 8715 1462 1677 8587 5823 629 12965 3022 10893 2271 2451 247 1231 1132 4822 527 49955
leaf_count=659416 1075 9798 7518 35900 5530 4352 5766 3795 10980 2528 408 1163425 21790 8715 1462 1677 8587 5823 629 12965 3022 10893 2271 2451 247 1231 1132 4822 527 49955
internal_value=-0.0168868 -0.0482567 -0.00112506 -0.0199661 -0.000343778 0.0368149 0.0216296 -0.0495108 -0.0347803 -0.000668056 0.0382412 -0.000733513 -0.00486511 -0.00838381 -0.00274708 0.0102328 0.0172672 -0.0163275 0.0282552 0.0422042 -0.0099059 -0.0127726 -0.000812037 -0.0215386 -0.0171769 -0.0233383 -0.0131216 0.00978408 0.0181392 0.000197351
internal_weight=2.04869e+06 685121 1.36357e+06 54292 1.30928e+06 18392 19041 675323 15907 1.29024e+06 7926 1.28771e+06 124283 66527 38914 13833 12156 27613 9216 17317 25081 22059 57756 11166 2940 2693 4927 11115 6293 55485
internal_count=2048690 685121 1363569 54292 1309277 18392 19041 675323 15907 1290236 7926 1287708 124283 66527 38914 13833 12156 27613 9216 17317 25081 22059 57756 11166 2940 2693 4927 11115 6293 55485
is_linear=0
shrinkage=0.05


Tree=165
num_leaves=31
num_cat=0
split_feature=16 18 15 17 5 16 15 16 15 17 5 12 16 12 18 1 16 15 7 15 17 11 15 16 2 17 1 1 12 15
split_gain=404913 29129.8 8510.01 8004.21 35870.5 3688.54 5546.08 3442.02 2560.94 1142.88 1051.76 1029.07 991.207 1051.95 853.166 1744.22 3141.8 2669 1187.46 1109.69 2414.25 1778.96 996.273 940.331 761.739 733.787 716.657 1973.7 709.661 701.914
threshold=-0.84841212603516436 -0.046822076110779036 -1.0000000180025095e-35 1.0000000180025095e-35 -1.0000000180025095e-35 1.0000000180025095e-35 -0.8746257485029939 -0.84841212603516436 0.17992805755395685 171.50000000000003 672.50000000000011 1.0000000180025095e-35 0.21688681631710352 -1.0000000180025095e-35 -0.024404761904761901 0.25881904510252057 3.1650909810126584 0.078222778473091378 -1.0000000180025095e-35 0.078222778473091378 149.50000000000003 1.0000000180025095e-35 0.46821976838136287 11.781579087331137 -0.8783796973249266 25.500000000000004 0.25881904510252057 1.0000000180025095e-35 1.0000000180025095e-35 0.078222778473091378
decision_type=8 10 10 10 2 10 8 10 8 10 2 2 10 2 10 2 10 10 2 8 10 2 8 10 2 10 2 2 2 10
left_child=1 2 -1 4 7 8 12 -2 9 11 14 -5 -7 26 15 16 29 -17 -19 20 28 23 -18 -21 25 -3 27 -14 -16 -8
right_child=3 24 -4 5 -6 6 10 -9 -10 -11 -12 -13 13 -15 19 17 22 18 -20 21 -22 -23 -24 -25 -26 -27 -28 -29 -30 -31
leaf_value=-2.1105462453396841e-05 -2.1105462453396841e-05 -2.9254384009452795e-05 1.8701593494330205e-05 4.1542966678320693e-05 -0.0017681570491958302 0.00030917669698197206 -0.0016899179678079635 4.089796768170784e-05 -9.7789126527025878e-06 -0.00049091703882155481 1.6820547893041464 0.00027623019849579714 -0.0011680452996223444 0.0050523772680003479 4.3513641300321505e-06 -0.0018176019558196366 7.1162058978557763e-05 5.374841779143269e-05 -0.02300726696878715 -1.7762445057005051e-05 -0.00074436545757523213 0 -3.0006804483373452e-05 -2.1982952891120995e-07 2.027309143259881e-06 3.4374730055797276e-05 -0.0017481117871899045 0.00025545750790125778 -0.0022441278256573566 2.2449834820259529e-05
leaf_weight=672621 1075 883 2702 10902 35900 776 762 17317 5873 527 2128 1739 4022 1015 14779 1106 1007 6009 423 35434 2225 1181141 5870 16871 8193 722 6882 1739 3968 4079
leaf_count=672621 1075 883 2702 10902 35900 776 762 17317 5873 527 2128 1739 4022 1015 14779 1106 1007 6009 423 35434 2225 1181141 5870 16871 8193 722 6882 1739 3968 4079
internal_value=-0.0169104 -0.0482698 -0.0495116 -0.00115396 -0.0199661 -0.00037387 -0.000696268 0.0368149 0.0214721 0.0337181 -0.000347585 0.0367257 -0.0315159 -0.034639 -0.000406266 0.0100384 -0.00203106 0.0288007 0.0411381 -0.000566597 0.0108383 -0.000760512 -0.0237531 -0.00978396 0.0373239 0.00582555 -0.0385708 -0.0255598 0.0166827 0.0288267
internal_weight=2.04869e+06 685121 675323 1.36357e+06 54292 1.30928e+06 1.29024e+06 18392 19041 13168 1.2758e+06 12641 14434 13658 1.27367e+06 19256 11718 7538 6432 1.25442e+06 20972 1.23345e+06 6877 52305 9798 1605 12643 5761 18747 4841
internal_count=2048690 685121 675323 1363569 54292 1309277 1290236 18392 19041 13168 1275802 12641 14434 13658 1273674 19256 11718 7538 6432 1254418 20972 1233446 6877 52305 9798 1605 12643 5761 18747 4841
is_linear=0
shrinkage=0.05


Tree=166
num_leaves=31
num_cat=0
split_feature=18 15 18 18 18 15 1 14 5 11 18 11 5 14 0 15 1 15 15 5 0 15 1 14 3 3 1 1 14 18
split_gain=400265 6063.11 4913.58 3000.37 2754.14 2376.32 1964.25 1944.18 2013.51 1449.83 1408.26 1122.74 983.653 964.964 1209.46 838.83 816.181 795.127 725.11 1946.16 724.939 1674.24 898.398 674.016 565.304 1148.46 509.983 508.95 504.406 494.14
threshold=-0.22499999999999998 -1.0000000180025095e-35 -0.046822076110779036 -0.024404761904761901 -0.74999999999999989 1.0000000180025095e-35 0.25881904510252057 1.0000000180025095e-35 -1.0000000180025095e-35 1.0000000180025095e-35 -0.040833333333333326 -0.83333333333333315 672.50000000000011 1.0000000180025095e-35 0.91597561503675362 22.703042328042333 0.25881904510252057 -0.72623178348369177 -0.99693251533742322 -1.0000000180025095e-35 -0.25881904510252113 9.5016129032258085 0.60355339059327384 0.4220412585204984 -0.56174490092936669 -0.22252093395631442 0.25881904510252057 -0.3794095225512602 1.7518708881789931 -0.027046783625730989
decision_type=10 10 10 10 8 10 2 2 2 2 10 2 2 2 2 10 2 10 10 2 2 10 2 2 2 2 2 2 2 10
left_child=4 2 -2 6 17 13 15 18 -9 20 24 -8 -11 14 -5 -3 29 -1 26 -20 -7 22 27 -18 -4 -26 -6 28 -22 -12
right_child=1 3 10 5 7 9 11 8 -10 12 16 -13 -14 -15 -16 -17 23 -19 19 -21 21 -23 -24 -25 25 -27 -28 -29 -30 -31
leaf_value=-2.005018933072811e-05 -2.2958125332761536e-05 7.3290268646553084e-06 3.4331404694665226e-07 1.2129873696954572e-05 -2.005018933072811e-05 -4.3133281819536298e-06 3.5919913544446572e-05 9.1442918576678531e-05 -0.015863648986708997 0 -0.00094325290646682944 -0.022061328412913597 1.6007037370900379 -0.0077255366841807623 -3.761174894165425e-06 -3.2417955488173166e-05 -0.0012043978901343511 4.2092544067839913e-06 -2.005018933072811e-05 -0.0016696837400990091 -8.9969210808754336e-06 2.341977065326543e-06 -0.00019842013824475569 0.035046970510651136 -2.7791664808979323e-05 3.4331404694665226e-07 -2.005018933072811e-05 -0.00012760974035855901 0.0024261820533106873 0.00017679522549297612
leaf_weight=8248 25727 13946 1712 14078 366137 29259 6802 1371 1279 1178525 3439 427 2130 2099 3733 758 7019 1241 20130 34867 11454 7858 4172 1713 735 3313 283999 4314 514 7691
leaf_count=8248 25727 13946 1712 14078 366137 29259 6802 1371 1279 1178525 3439 427 2130 2099 3733 758 7019 1241 20130 34867 11454 7858 4172 1713 735 3313 283999 4314 514 7691
internal_value=-0.0169186 -0.000697114 -0.0175437 -2.1327e-05 -0.0470293 -0.000340941 0.0183126 -0.047388 -0.00464151 -0.000616487 -0.00204512 0.0396528 -0.000238681 0.0167956 0.0205744 0.007821 -0.00835767 -0.0202708 -0.0475487 -0.0420359 -0.00836445 -0.0140682 -0.0216046 -0.0198007 0.0197222 0.00953557 -0.048015 -0.0163002 -0.0216076 0.000619946
internal_weight=2.04869e+06 1.33142e+06 51349 1.28007e+06 717272 1.25814e+06 21933 707783 2650 1.23823e+06 25622 7229 1.18066e+06 19910 17811 14704 19862 9489 705133 54997 57571 28312 20454 8732 5760 4048 650136 16282 11968 11130
internal_count=2048690 1331418 51349 1280069 717272 1258136 21933 707783 2650 1238226 25622 7229 1180655 19910 17811 14704 19862 9489 705133 54997 57571 28312 20454 8732 5760 4048 650136 16282 11968 11130
is_linear=0
shrinkage=0.05


Tree=167
num_leaves=31
num_cat=0
split_feature=16 17 17 5 16 16 17 9 1 0 5 0 17 5 2 17 16 0 17 17 5 16 11 17 17 16 10 1 13 1
split_gain=404765 28180.2 8065.77 35652.7 3666.43 3421.36 1533.72 1491.28 1333.96 1044.5 1013.61 933.742 1049.31 932.383 898.894 643.717 642.901 487.613 458.33 449.137 403.173 358.731 347.014 668.166 344.466 1253.94 1355.35 1186.77 604.196 601.944
threshold=-0.84841212603516436 21.500000000000004 1.0000000180025095e-35 -1.0000000180025095e-35 1.0000000180025095e-35 -0.84841212603516436 5.5000000000000009 -1.0000000180025095e-35 -0.5 0.98296291314453421 1.0000000180025095e-35 -0.25881904510252113 36.500000000000007 672.50000000000011 -0.8783796973249266 25.500000000000004 -0.72921861616065475 0.98296291314453421 98.500000000000014 11.500000000000002 1.0000000180025095e-35 29.152777777777782 1.0000000180025095e-35 171.50000000000003 72.500000000000014 38.464354930647922 73.500000000000014 0.25881904510252057 1.9702113754102264 -0.12940952255126037
decision_type=8 10 10 2 10 10 10 2 2 2 2 2 10 2 2 10 10 2 10 10 2 10 2 10 10 10 2 2 2 2
left_child=1 6 3 5 7 -2 20 9 19 -4 11 18 17 24 15 -3 -7 21 -6 -8 -1 -13 23 -9 -12 -26 27 -27 -29 -28
right_child=2 14 4 -5 10 16 8 22 -10 -11 13 12 -14 -15 -16 -17 -18 -19 -20 -21 -22 -23 -24 -25 25 26 29 28 -30 -31
leaf_value=-1.9047679864192537e-05 -1.9047679864192537e-05 -2.6402081568532855e-05 3.7057440438736935e-05 -0.0015962650097310885 1.3040074695664114e-06 2.4562802797889471e-05 -9.8440894467977106e-06 0.00064046488476987725 -9.8177139390642778e-06 -0.0055028482056605271 0 -2.3449041933537045e-05 5.4385235745109339e-08 1.5179168629844355 1.5594923428619014e-06 7.981863887634999e-05 3.9855578764158578e-05 0.0002492666094816798 -5.7951632255848209e-05 1.854453480373275e-05 0.0083519203757948645 2.835443457303022e-05 -9.2899670200652387e-06 -0.00046697768056532478 0.44602482794612275 0.03734324250517531 0.023030601761976757 0.06762038948479443 0.86675853714038498 -0.0056225833338409362
leaf_weight=659527 1075 864 7518 35900 46329 4352 3847 5950 11183 408 917832 43621 17113 2128 7623 722 12965 3642 6208 1188 167 227 4626 539 4650 43459 78001 9369 6231 111426
leaf_count=659527 1075 864 7518 35900 46329 4352 3847 5950 11183 408 917832 43621 17113 2128 7623 722 12965 3642 6208 1188 167 227 4626 539 4650 43459 78001 9369 6231 111426
internal_value=-0.0169237 -0.0482774 -0.00117016 -0.0200545 -0.000387084 0.0365539 -0.049461 0.0213933 -0.0342706 0.0379637 -0.000708514 -0.00514342 -0.00916908 -0.000265665 0.0385981 0.00435057 0.041927 -0.0129943 -0.000193197 -0.0128997 -0.0498345 -0.0144545 0.00957715 0.0170365 -0.000325756 0.0013072 0.000825801 0.00743917 0.0192692 -0.0012361
internal_weight=2.04869e+06 685121 1.36357e+06 54292 1.30928e+06 18392 675912 19041 16218 7926 1.29024e+06 117140 64603 1.1731e+06 9209 1586 17317 47490 52537 5035 659694 43848 11115 6489 1.17097e+06 253136 248486 59059 15600 189427
internal_count=2048690 685121 1363569 54292 1309277 18392 675912 19041 16218 7926 1290236 117140 64603 1173096 9209 1586 17317 47490 52537 5035 659694 43848 11115 6489 1170968 253136 248486 59059 15600 189427
is_linear=0
shrinkage=0.05


Tree=168
num_leaves=31
num_cat=0
split_feature=16 18 15 17 6 16 15 16 15 2 0 16 15 12 17 0 12 3 6 18 1 16 15 7 15 15 12 17 17 0
split_gain=404778 27523 8502.93 8341.2 33652 3478.87 5519.98 3277.84 2645.62 1304.43 1220.48 1214.99 1139.65 1128.81 1128.49 1124.33 1256.75 1026 824.435 813.749 1819.46 2995.43 2679.87 1117.28 996.273 928.792 1417.79 1277.17 1045.75 1069.77
threshold=-0.84841212603516436 -0.046822076110779036 -1.0000000180025095e-35 1.0000000180025095e-35 -1.0000000180025095e-35 1.0000000180025095e-35 -0.8746257485029939 -0.84841212603516436 0.17992805755395685 -0.8783796973249266 0.98296291314453421 0.21688681631710352 -0.99693251533742322 -1.0000000180025095e-35 171.50000000000003 0.98296291314453421 1.0000000180025095e-35 0.81174490092936691 676.50000000000011 -0.024404761904761901 0.25881904510252057 3.1650909810126584 0.078222778473091378 -1.0000000180025095e-35 0.46821976838136287 0.078222778473091378 1.0000000180025095e-35 149.50000000000003 45.500000000000007 -0.25881904510252113
decision_type=8 10 10 10 2 10 8 10 8 2 2 10 10 2 10 2 2 2 2 10 2 10 10 2 8 8 2 10 10 2
left_child=1 2 -1 4 7 8 10 -2 14 -3 11 -7 -9 -13 15 16 -5 -14 19 20 21 -8 -22 -24 -23 27 28 -21 29 -27
right_child=3 9 -4 5 -6 6 18 12 -10 -11 -12 13 17 -15 -16 -17 -18 -19 -20 25 22 24 23 -25 -26 26 -28 -29 -30 -31
leaf_value=-1.8095295870984575e-05 -1.8095295870984575e-05 -2.4447137094707472e-06 1.7617308063544446e-05 4.0293606372699443e-05 -0.0015063863026075043 0.00029528729802831278 1.9816392768456927e-05 3.7862799825949535e-05 -8.8254686690603098e-06 1.4815177257210266e-06 0.00020162986853381471 -0.0012680113410950544 2.9220464796364531e-05 0.0042361518816038668 -0.00044362879653705854 -0.0052277057953775026 0.00025404342564736563 -1.2926379480626694e-05 1.4075222839090544 4.660995140419934e-06 -0.0017244014996653401 6.84099567830665e-05 4.9199800851162934e-05 -0.020752664747605433 -2.7343238021126926e-05 -7.3456179106456191e-06 0 -0.00070775639764310554 2.0971528647295609e-08 -1.8664493839183234e-05
leaf_weight=672621 1075 1605 2702 10118 35951 710 4841 12314 5873 8193 1496 11279 3965 949 527 820 1703 987 2050 18747 1106 1007 6009 423 5870 14913 1191000 2225 13540 14071
leaf_count=672621 1075 1605 2702 10118 35951 710 4841 12314 5873 8193 1496 11279 3965 949 527 820 1703 987 2050 18747 1106 1007 6009 423 5870 14913 1191000 2225 13540 14071
internal_value=-0.0169505 -0.0483047 -0.0495118 -0.00119671 -0.0204008 -0.000400374 -0.000713474 0.0347118 0.0208156 0.0348949 -0.0314604 -0.0364044 0.0399861 -0.0400965 0.0332625 0.0362511 0.0401785 0.0197294 -0.000365613 -0.000416604 0.00978396 -0.0025431 0.0289467 0.0413091 -0.0237531 -0.000573178 -0.000750573 0.00986077 -0.00972157 -0.0150807
internal_weight=2.04869e+06 685121 675323 1.36357e+06 54292 1.30928e+06 1.29024e+06 18341 19041 9798 14434 12938 17266 12228 13168 12641 11821 4952 1.2758e+06 1.27375e+06 19256 11718 7538 6432 6877 1.2545e+06 1.23352e+06 20972 42524 28984
internal_count=2048690 685121 675323 1363569 54292 1309277 1290236 18341 19041 9798 14434 12938 17266 12228 13168 12641 11821 4952 1275802 1273752 19256 11718 7538 6432 6877 1254496 1233524 20972 42524 28984
is_linear=0
shrinkage=0.05


Tree=169
num_leaves=31
num_cat=0
split_feature=16 18 17 5 15 16 15 16 15 0 16 17 0 11 10 15 3 5 18 1 16 15 11 15 15 11 17 16 0 0
split_gain=404867 27691.8 8337.19 34806.4 7870.71 3473.56 5540.74 3341.02 2641.64 1201.22 1215.88 1127.53 1123.07 1080.07 1020.3 954.615 1064.33 877.052 799.183 1837.25 2952.19 2679.87 1151.61 996.273 908.589 1485.39 1269.02 1085.25 983.907 719.924
threshold=-0.84841212603516436 -0.046822076110779036 1.0000000180025095e-35 -1.0000000180025095e-35 -1.0000000180025095e-35 1.0000000180025095e-35 -0.8746257485029939 -0.84841212603516436 0.17992805755395685 0.98296291314453421 0.21688681631710352 171.50000000000003 0.98296291314453421 1.0000000180025095e-35 2.5000000000000004 -0.99693251533742322 0.81174490092936691 692.50000000000011 -0.024404761904761901 0.25881904510252057 3.1650909810126584 0.078222778473091378 -0.49999999999999994 0.46821976838136287 0.078222778473091378 1.0000000180025095e-35 149.50000000000003 11.781579087331137 -0.25881904510252113 0.91597561503675362
decision_type=8 10 10 2 10 10 8 10 8 2 10 10 2 2 2 10 2 2 10 2 10 10 2 8 8 2 10 10 2 2
left_child=1 4 3 7 -1 8 9 -2 11 10 -7 12 13 -4 -12 -9 -17 18 19 20 -8 -21 -23 -22 26 27 29 28 -26 -20
right_child=2 -3 5 -5 -6 6 17 15 -10 -11 14 -13 -14 -15 -16 16 -18 -19 24 21 23 22 -24 -25 25 -27 -28 -29 -30 -31
leaf_value=-1.7190531077437845e-05 -1.7190531077437845e-05 1.4074418394294242e-06 3.6899221533737149e-05 -0.001441132444114159 1.6736442660369999e-05 0.00028052293312689217 1.8825573130032416e-05 3.5969659834655943e-05 -8.3841952356111807e-06 0.00019154837510712011 -0.0012046107740403046 -0.00042144735671020562 -0.0049663205056086294 0.00024134125436499622 0.0041541332079364284 2.7759441556551857e-05 -1.228006050659758e-05 1.4743965928908609 4.8536314038945152e-06 -0.0016381814246820726 6.4989458943909281e-05 4.6739810808604787e-05 -0.01992173937443319 -2.5976076120071136e-05 -9.1222184155136366e-06 0 -0.0006723685777609502 5.0617397525489103e-08 -1.7852673521699368e-05 -5.7422359831882196e-06
leaf_weight=672621 1075 9798 10255 35900 2702 710 4841 12474 5873 1496 11447 527 820 1566 781 3875 968 1770 16113 1106 1007 6020 412 5870 18763 1181499 2225 16871 16671 2634
leaf_count=672621 1075 9798 10255 35900 2702 710 4841 12474 5873 1496 11447 527 820 1566 781 3875 968 1770 16113 1106 1007 6020 412 5870 18763 1181499 2225 16871 16671 2634
internal_value=-0.0169569 -0.0483145 -0.00120133 -0.0204008 -0.0495253 -0.000405185 -0.000718047 0.0355318 0.0207946 -0.0315228 -0.0364276 0.0332321 0.0362194 0.0401447 -0.040121 0.0408414 0.0220008 -0.000369532 -0.000418396 0.00969049 -0.00269671 0.0289467 0.0413091 -0.0237531 -0.000573529 -0.000748944 0.00974633 -0.00899436 -0.013964 0.0139836
internal_weight=2.04869e+06 685121 1.36357e+06 54292 675323 1.30928e+06 1.29024e+06 18392 19041 14434 12938 13168 12641 11821 12228 17317 4843 1.2758e+06 1.27403e+06 19256 11718 7538 6432 6877 1.25478e+06 1.2338e+06 20972 52305 35434 18747
internal_count=2048690 685121 1363569 54292 675323 1309277 1290236 18392 19041 14434 12938 13168 12641 11821 12228 17317 4843 1275802 1274032 19256 11718 7538 6432 6877 1254776 1233804 20972 52305 35434 18747
is_linear=0
shrinkage=0.05


Tree=170
num_leaves=31
num_cat=0
split_feature=16 17 17 5 16 16 17 2 1 8 0 5 5 1 16 17 17 0 17 16 16 16 10 17 12 17 0 5 17 0
split_gain=404964 26735.1 8041.75 35639.2 3420.07 3151.29 1422.93 1378.57 1210.2 1105.85 946.602 942.675 862.772 747.728 2325.75 968.121 1073.35 902.277 658.858 641.563 632.586 586.917 540.904 429.315 383.008 674.827 380.25 372.7 369.732 343.469
threshold=-0.84841212603516436 21.500000000000004 1.0000000180025095e-35 -1.0000000180025095e-35 -0.84841212603516436 1.0000000180025095e-35 5.5000000000000009 -0.8783796973249266 -0.5 -1.0000000180025095e-35 0.98296291314453421 -1.0000000180025095e-35 692.50000000000011 1.0000000180025095e-35 3.1650909810126584 35.500000000000007 106.00000000000001 -1.0000000180025095e-35 187.50000000000003 -0.72921861616065475 0.87228814888389372 4.6423097974822118 -1.0000000180025095e-35 11.500000000000002 1.0000000180025095e-35 171.50000000000003 0.98296291314453421 1.0000000180025095e-35 33.500000000000007 0.98296291314453421
decision_type=8 10 10 2 10 10 10 2 2 2 2 2 2 2 10 10 10 2 10 10 10 10 2 10 2 10 2 2 10 2
left_child=1 6 3 4 -2 9 27 -3 23 10 -4 13 20 14 -7 17 -17 -15 22 29 -13 26 -16 -8 25 -11 -19 -1 -23 -6
right_child=2 7 5 -5 19 11 8 -9 -10 24 -12 12 -14 15 18 16 -18 21 -20 -21 -22 28 -24 -25 -26 -27 -28 -29 -30 -31
leaf_value=-1.6331004523567617e-05 -1.6331004523567617e-05 -1.8823915338750387e-06 3.1344927021470516e-05 -0.001369075821908451 2.0534876733802057e-05 1.3254349625191342e-05 -7.587593627039757e-06 1.3370697474535122e-06 -7.5625368946952161e-06 0.00062409147321465562 -0.0047180044803281978 0 1.4006767632463153 2.294659434873836e-05 -2.9586764243294542e-05 2.6460941267414385e-05 -0.0009558106987468673 -0.0015347547337103253 0.00021629027453872187 3.4171176842923147e-05 0 2.2139732261394762e-05 0.0012716736127394324 1.5899620527348724e-05 -7.9649854738295122e-06 -0.0004003749888746954 -2.0964727649058769e-05 0.0079341799090268516 -0.00072005079977495727 -0.032749003506774933
leaf_weight=659527 1075 1586 7487 35900 4054 6394 3847 7623 11183 5739 407 61565 1770 4642 10335 5022 2532 4245 993 12965 1186530 3873 652 1188 4881 527 1011 167 672 298
leaf_count=659527 1075 1586 7487 35900 4054 6394 3847 7623 11183 5739 407 61565 1770 4642 10335 5022 2532 4245 993 12965 1186530 3873 652 1188 4881 527 1011 167 672 298
internal_value=-0.0169613 -0.0483226 -0.00120383 -0.02006 0.0365376 -0.000421912 -0.0494755 0.036296 -0.034844 0.0197705 0.0340892 -0.000719907 -0.000477012 -0.00823983 -0.0156852 -0.00202073 0.0124835 -0.00960673 -0.0286811 0.0419097 -0.000526482 -0.0182073 -0.0322062 -0.0144886 0.00963039 0.0178104 -0.0295852 -0.0498352 -0.0050495 0.0252987
internal_weight=2.04869e+06 685121 1.36357e+06 54292 18392 1.30928e+06 675912 9209 16218 19041 7894 1.29024e+06 1.24986e+06 40371 18374 21997 7554 14443 11980 17317 1.2481e+06 9801 10987 5035 11147 6266 5256 659694 4545 4352
internal_count=2048690 685121 1363569 54292 18392 1309277 675912 9209 16218 19041 7894 1290236 1249865 40371 18374 21997 7554 14443 11980 17317 1248095 9801 10987 5035 11147 6266 5256 659694 4545 4352
is_linear=0
shrinkage=0.05


Tree=171
num_leaves=31
num_cat=0
split_feature=16 18 17 5 15 16 16 15 15 2 0 16 17 0 15 10 7 16 5 18 1 16 15 7 15 15 17 18 17 0
split_gain=404661 27694.9 8364.34 34690.2 7654.2 3329.99 3116.53 5588.62 2462.14 1226.49 1163.54 1217.95 1078.83 1059.32 994.206 989.573 873.717 863.294 810.604 783.759 1862.77 2918.35 2676.09 1118.16 998.797 883.495 1374.39 1214.65 1099.94 1111.02
threshold=-0.84841212603516436 -0.046822076110779036 1.0000000180025095e-35 -1.0000000180025095e-35 -1.0000000180025095e-35 -0.84841212603516436 1.0000000180025095e-35 -0.8746257485029939 0.17992805755395685 -0.8783796973249266 0.98296291314453421 0.21688681631710352 171.50000000000003 0.98296291314453421 -0.99693251533742322 2.5000000000000004 1.0000000180025095e-35 -0.64059800664451816 692.50000000000011 -0.024404761904761901 0.25881904510252057 3.1650909810126584 0.078222778473091378 -1.0000000180025095e-35 0.46821976838136287 1.0000000180025095e-35 149.50000000000003 0.033615819209039555 34.500000000000007 -0.25881904510252113
decision_type=8 10 10 2 10 10 10 8 8 2 2 10 10 2 10 2 2 10 2 10 2 10 10 2 8 8 10 10 10 2
left_child=1 4 3 5 -1 -2 8 10 12 -3 11 -8 13 16 -7 -13 -4 -16 19 20 21 -9 -22 -24 -23 26 -21 28 29 -27
right_child=2 9 6 -5 -6 14 7 18 -10 -11 -12 15 -14 -15 17 -17 -18 -19 -20 25 22 24 23 -25 -26 27 -28 -29 -30 -31
leaf_value=-1.5514454297388402e-05 -1.5514454297388402e-05 -2.2987305392740965e-06 3.3487014105970657e-05 -0.0013006220308130283 1.5104639500984619e-05 3.2462618000772547e-05 0.00026534945675311673 1.7221576992276779e-05 -7.566736200137481e-06 1.2702162600852774e-06 0.00021582131976216612 -0.0010919933900701174 -0.00038035623943096061 -0.0044821042563117867 -1.0619552935475785e-05 0.0039618780139616177 0.00022967244092043649 3.6716133038361413e-05 1.3306429250839984 4.1852638132042115e-06 -0.0015573793400610382 6.3219324208874109e-05 4.548368693428895e-05 -0.018720051528116573 -2.3197934101903962e-05 -7.9408095817473306e-06 -0.00063875014887290272 0 5.9291036183836279e-07 -2.0992808590966985e-05
leaf_weight=672621 1075 1605 10405 35900 2702 12474 710 4841 5873 8193 1496 11447 527 820 1795 781 1416 3048 1770 14974 1106 1007 6009 423 5870 28458 2224 1161976 23996 23148
leaf_count=672621 1075 1605 10405 35900 2702 12474 710 4841 5873 8193 1496 11447 527 820 1795 781 1416 3048 1770 14974 1106 1007 6009 423 5870 28458 2224 1161976 23996 23148
internal_value=-0.0169695 -0.0483191 -0.00121798 -0.0204487 -0.04953 0.0353904 -0.000420537 -0.000716884 0.0196602 0.0351398 -0.0316544 -0.0364817 0.0316677 0.0345898 0.0406912 -0.0401783 0.038402 0.021464 -0.000366867 -0.000413844 0.00959701 -0.00287592 0.0289865 0.0413402 -0.0238113 -0.000567472 0.0106873 -0.000723874 -0.0068649 -0.0109774
internal_weight=2.04869e+06 685121 1.36357e+06 54292 675323 18392 1.30928e+06 1.29024e+06 19041 9798 14434 12938 13168 12641 17317 12228 11821 4843 1.2758e+06 1.27403e+06 19256 11718 7538 6432 6877 1.25478e+06 17198 1.23758e+06 75602 51606
internal_count=2048690 685121 1363569 54292 675323 18392 1309277 1290236 19041 9798 14434 12938 13168 12641 17317 12228 11821 4843 1275802 1274032 19256 11718 7538 6432 6877 1254776 17198 1237578 75602 51606
is_linear=0
shrinkage=0.05


Tree=172
num_leaves=31
num_cat=0
split_feature=16 15 18 5 18 16 15 16 15 15 0 16 12 15 0 12 5 18 15 16 16 15 11 15 0 12 15 16 0 0
split_gain=411660 14408.4 9417.87 31791.7 8608.21 3130.37 5624.47 3054.77 2439.69 2275.54 1142.96 1220.02 1058.7 1015.87 975.107 1013.59 791.601 726.519 1099.68 1599.18 1091.48 865.24 1328.8 999.603 739.249 770.574 607.11 575.527 599.972 564.767
threshold=-0.84841212603516436 -1.0000000180025095e-35 inf -1.0000000180025095e-35 -0.040833333333333326 1.0000000180025095e-35 -0.8746257485029939 -0.84841212603516436 0.17992805755395685 -0.99693251533742322 0.98296291314453421 0.21688681631710352 -1.0000000180025095e-35 -0.89968553459119482 0.98296291314453421 1.0000000180025095e-35 692.50000000000011 -0.024404761904761901 0.078222778473091378 3.1650909810126584 0.21688681631710352 0.078222778473091378 1.0000000180025095e-35 0.17992805755395685 0.91597561503675362 1.0000000180025095e-35 0.46821976838136287 63.718893465482481 0.25881904510252091 -0.25881904510252113
decision_type=8 10 8 2 10 10 8 10 8 10 2 10 2 10 2 2 2 10 10 10 10 8 2 10 2 2 10 10 2 2
left_child=1 4 5 7 -1 8 10 -4 14 -9 11 -7 -13 -11 15 -2 17 18 -8 20 -20 24 23 -23 25 27 -3 -19 -29 -25
right_child=2 26 3 -5 -6 6 16 9 -10 13 -12 12 -14 -15 -16 -17 -18 21 19 -21 -22 22 -24 29 -26 -27 -28 28 -30 -31
leaf_value=-1.4738731582519816e-05 3.1642119032049279e-05 4.4444708420243732e-07 -1.4738731582519816e-05 -0.0012355909292723769 0.00028679460538520994 0.00025208198391546421 -0.0014795427552622032 3.0839487100731143e-05 -7.1883993901344929e-06 -3.2649318203181732e-06 0.00020503025377405226 -0.0010373937205666096 0.0036175881103583719 3.4880326386443898e-05 -0.0042579990434961973 -8.8704682216000919e-05 1.2641107788297974 4.0147598174837332e-06 -0.0002133219720633517 1.8023041178105715e-05 2.3945307387984727e-05 -0.0018650351850097704 0 -1.5417638569697885e-06 -8.6192920715714418e-06 -0.0039555618942320901 1.4105934818542387e-05 0.00010331946959165907 -7.2371879197543371e-05 -4.8272828813847024e-06
leaf_weight=677020 10550 1318 1075 35900 2559 710 2562 12474 5873 1355 1496 11279 949 3488 890 1728 1770 12502 452 11056 5186 3163 1181499 25229 3294 3971 4224 590 615 23913
leaf_count=677020 10550 1318 1075 35900 2559 710 2562 12474 5873 1355 1496 11279 949 3488 890 1728 1770 12502 452 11056 5186 3163 1181499 25229 3294 3971 4224 590 615 23913
internal_value=-0.0171511 -0.0487707 -0.00126396 -0.0216699 -0.0494255 -0.000417788 -0.000714792 0.0317856 0.0197075 0.0368626 -0.0317514 -0.0365358 -0.0402355 0.00777411 0.0316601 0.0353233 -0.000363654 -0.000410076 0.00922829 0.0139092 0.03558 -0.000557988 -0.000729168 -0.00852787 0.00951268 0.0135649 0.0315229 0.0191836 -0.0138174 -0.00677425
internal_weight=2.04869e+06 685121 1.36357e+06 54292 679579 1.30928e+06 1.29024e+06 18392 19041 17317 14434 12938 12228 4843 13168 12278 1.2758e+06 1.27403e+06 19256 16694 5638 1.25478e+06 1.2338e+06 52305 20972 17678 5542 13707 1205 49142
internal_count=2048690 685121 1363569 54292 679579 1309277 1290236 18392 19041 17317 14434 12938 12228 4843 13168 12278 1275802 1274032 19256 16694 5638 1254776 1233804 52305 20972 17678 5542 13707 1205 49142
is_linear=0
shrinkage=0.05


Tree=173
num_leaves=31
num_cat=0
split_feature=16 18 17 5 15 16 15 16 15 15 1 2 0 16 17 3 0 12 12 5 18 1 16 15 11 15 15 15 17 0
split_gain=404117 27455.2 9426 31791.7 7640.77 3127.52 5635.38 3054.77 2439.69 2275.54 1803.2 1296.69 1144.11 1220.91 1078.6 1064.32 1059.01 1146.38 1046.56 777.82 721.1 1939.38 2740.33 2676.09 1152.49 998.797 751.106 1282.48 1205.1 660.663
threshold=-0.84841212603516436 -0.046822076110779036 1.0000000180025095e-35 -1.0000000180025095e-35 -1.0000000180025095e-35 1.0000000180025095e-35 -0.8746257485029939 -0.84841212603516436 0.17992805755395685 -0.99693251533742322 0.25881904510252057 -0.8783796973249266 0.98296291314453421 0.21688681631710352 171.50000000000003 0.81174490092936691 0.98296291314453421 1.0000000180025095e-35 -1.0000000180025095e-35 692.50000000000011 -0.024404761904761901 0.25881904510252057 3.1650909810126584 0.078222778473091378 -0.49999999999999994 0.46821976838136287 0.078222778473091378 0.61964176362522971 149.50000000000003 0.91597561503675362
decision_type=8 10 10 2 10 10 8 10 8 10 2 2 2 10 10 2 2 2 2 2 10 2 10 10 2 8 8 10 10 2
left_child=1 4 3 7 -1 8 12 -2 14 -9 15 -3 13 -7 16 -11 17 -4 -15 20 21 22 -8 -23 -25 -24 28 -28 29 -22
right_child=2 11 5 -5 -6 6 19 9 -10 10 -12 -13 -14 18 -16 -17 -18 -19 -20 -21 26 23 25 24 -26 -27 27 -29 -30 -31
leaf_value=-1.400179500339327e-05 -1.400179500339327e-05 -2.8890907532386213e-06 3.0230557449073549e-05 -0.0011738113828087581 1.364411078501604e-05 0.00023947788471969658 1.5163232773263147e-05 2.9297512745696255e-05 -6.8289794206255479e-06 3.3136310067116706e-05 -2.8279685104048993e-06 7.1029802793942671e-07 0.00019477874108535522 -0.00098552403453827653 -0.00036292053341101509 -1.1998577080168939e-05 -0.0040450990913213861 0.00022262405298521527 0.0034367087048404522 1.2009052398883058 4.2009486521653923e-06 -0.0014055332352948759 5.9157205939519564e-05 4.2308350528663667e-05 -0.017991698311082046 -2.2939189455717382e-05 -3.0331405101773314e-06 0 -0.00061197861490884054 -5.2334227711104466e-06
leaf_weight=672621 1075 1605 10118 35900 2702 710 4841 12474 5873 2453 1696 8193 1496 11279 527 694 820 1703 949 1770 16113 1106 1007 6020 412 5870 31792 1202012 2225 2634
leaf_count=672621 1075 1605 10118 35900 2702 710 4841 12474 5873 2453 1696 8193 1496 11279 527 694 820 1703 949 1770 16113 1106 1007 6020 412 5870 31792 1202012 2225 2634
internal_value=-0.0169961 -0.0483247 -0.00125516 -0.0216699 -0.0495303 -0.000408622 -0.000705491 0.0317856 0.0197075 0.0368626 0.00777411 0.0347724 -0.0317722 -0.036559 0.0316601 0.0301716 0.0345819 0.0383935 -0.0402601 -0.000354013 -0.000400029 0.00920233 -0.00352449 0.0289865 0.0413402 -0.0238113 -0.000547389 -0.000706879 0.00883559 0.0129647
internal_weight=2.04869e+06 685121 1.36357e+06 54292 675323 1.30928e+06 1.29024e+06 18392 19041 17317 4843 9798 14434 12938 13168 3147 12641 11821 12228 1.2758e+06 1.27403e+06 19256 11718 7538 6432 6877 1.25478e+06 1.2338e+06 20972 18747
internal_count=2048690 685121 1363569 54292 675323 1309277 1290236 18392 19041 17317 4843 9798 14434 12938 13168 3147 12641 11821 12228 1275802 1274032 19256 11718 7538 6432 6877 1254776 1233804 20972 18747
is_linear=0
shrinkage=0.05


Tree=174
num_leaves=31
num_cat=0
split_feature=18 17 15 18 18 1 15 14 10 15 17 18 2 18 15 17 11 0 1 17 17 13 1 17 6 14 2 2 0 2
split_gain=405330 4093.44 3092.06 3867.8 2297.33 2135.61 2103.3 1854.79 1988.24 1836.59 1768.82 1435 1505.28 1155 1224.18 1160.25 1010.45 911.792 1067.68 871.975 904.738 856.581 822.616 741.822 681.39 631.519 592.73 1089.63 590.003 583.175
threshold=-0.11805555555555554 1.0000000180025095e-35 -1.0000000180025095e-35 -0.046822076110779036 -0.024404761904761901 0.25881904510252057 1.0000000180025095e-35 1.0000000180025095e-35 -1.0000000180025095e-35 1.0000000180025095e-35 149.50000000000003 -0.040833333333333326 -0.8783796973249266 0.033615819209039555 0.61964176362522971 34.500000000000007 -0.49999999999999994 -0.25881904510252113 0.60355339059327384 31.500000000000004 9.5000000000000018 1.0000000180025095e-35 0.25881904510252057 29.500000000000004 676.50000000000011 1.0000000180025095e-35 0.6078576107927941 0.87837969732492682 0.91597561503675362 -0.60785761079279388
decision_type=10 10 10 10 10 2 10 2 2 10 10 10 2 10 10 10 2 2 2 10 10 2 2 10 2 2 2 2 2 2
left_child=1 7 3 -2 5 19 29 -1 -9 10 21 12 -5 15 -15 17 -7 23 -19 20 -4 28 -13 -11 -16 -24 -14 -28 -6 -3
right_child=2 6 4 11 9 16 -8 8 -10 13 -12 22 26 14 24 -17 -18 18 -20 -21 -22 -23 25 -25 -26 -27 27 -29 -30 -31
leaf_value=-1.3301705253221386e-05 -4.9716610057926052e-06 -1.3301705253221386e-05 -1.7962440649665901e-05 -2.3939666676159321e-05 1.6088421975576683e-05 2.3688918446740371e-05 4.7528070918678725e-06 -0.01458932234131078 7.4847830992097464e-05 -9.1441328678097613e-07 -0.0003732432887910521 5.701535567258498e-05 6.747831265419002e-07 1.5165702551001027e-07 0 2.048614660921117e-06 -0.017210038081240206 -8.4019644653250476e-06 -0.00022201826902953347 -2.6608429161983918e-05 9.0420431027804501e-06 -0.029288861964792086 -0.00075663681962527822 -0.001800283660612312 1.0408599778938878 0.018912430489655265 -0.00083023953974243898 6.747831265419002e-07 1.6803107972335677e-07 -1.3301705253221386e-05
leaf_weight=689252 14959 10175 813 735 13537 6590 2672 1261 1290 24567 2731 11130 3201 11492 1146989 24725 390 19540 4808 1730 10314 732 6871 4054 2051 1861 834 990 2910 25486
leaf_count=689252 14959 10175 813 735 13537 6590 2672 1261 1290 24567 2731 11130 3201 11492 1146989 24725 390 19540 4808 1730 10314 732 6871 4054 2051 1861 834 990 2910 25486
internal_value=-0.0169033 -0.0467903 -0.000353607 -0.0139413 7.78577e-05 0.0169607 -0.0308859 -0.0476716 -0.00511564 -0.000188334 0.0148769 -0.00214659 0.0198264 -0.000430576 -3.54579e-05 -0.00633254 0.0392264 -0.0105071 -0.0176195 0.00487283 0.0100072 0.020819 -0.00851878 -0.00445652 -0.000197861 -0.0200069 0.029602 0.00685307 0.0231744 -0.0340919
internal_weight=2.04869e+06 730136 1.31855e+06 40581 1.27797e+06 19837 38333 691803 2551 1.25814e+06 19910 25622 5760 1.23823e+06 1.16053e+06 77694 6980 52969 24348 12857 11127 17179 19862 28621 1.14904e+06 8732 5025 1824 16447 35661
internal_count=2048690 730136 1318554 40581 1277973 19837 38333 691803 2551 1258136 19910 25622 5760 1238226 1160532 77694 6980 52969 24348 12857 11127 17179 19862 28621 1149040 8732 5025 1824 16447 35661
is_linear=0
shrinkage=0.05


Tree=175
num_leaves=31
num_cat=0
split_feature=16 17 17 5 15 16 15 16 15 15 1 0 16 17 3 0 12 12 5 4 3 10 1 16 15 17 15 5 17 5
split_gain=406070 26147.9 9513.43 31791.7 7390.17 3067.82 5689.83 3054.77 2422.51 2275.54 1803.2 1146.79 1222.98 1074.4 1064.32 1053.53 1137.2 1018.51 705.748 671.816 659.743 620.552 3530.54 3193.75 1941.66 1200.13 995.414 1082.18 795.729 582.095
threshold=-0.84841212603516436 21.500000000000004 1.0000000180025095e-35 -1.0000000180025095e-35 -1.0000000180025095e-35 1.0000000180025095e-35 -0.8746257485029939 -0.84841212603516436 0.17992805755395685 -0.99693251533742322 0.25881904510252057 0.98296291314453421 0.21688681631710352 171.50000000000003 0.81174490092936691 0.98296291314453421 1.0000000180025095e-35 -1.0000000180025095e-35 692.50000000000011 1.0000000180025095e-35 1.0000000180025095e-35 -1.0000000180025095e-35 0.25881904510252057 3.1650909810126584 0.078222778473091378 226.50000000000003 0.46821976838136287 -1.0000000180025095e-35 187.50000000000003 1.0000000180025095e-35
decision_type=8 10 10 2 10 10 8 10 8 10 2 2 10 10 2 2 2 2 2 2 2 2 2 10 10 10 8 2 10 2
left_child=1 4 3 7 29 8 11 -2 13 -9 14 12 -7 15 -11 16 -4 -14 21 -3 -21 22 23 -8 -24 -26 -25 28 -28 -1
right_child=2 19 5 -5 -6 6 18 9 -10 10 -12 -13 17 -15 -16 -17 -18 -19 -20 20 -22 -23 24 26 25 -27 27 -29 -30 -31
leaf_value=-1.2636619990558097e-05 -1.2636619990558097e-05 6.4104397021758077e-07 2.9384114839281495e-05 -0.0011144557284056592 1.2509803090632322e-05 0.00022816907574637615 1.5032267573544811e-05 2.8497722371079171e-05 -6.4875304495948255e-06 3.2144579826420827e-05 -2.0214848222233074e-06 0.00018218903624745987 -0.00093286661907777686 -0.00032611234230091172 -1.0733562963499699e-05 -0.0038421790514926559 0.00020864208255232388 0.0032649704821060554 1.0888169789991935 -2.3366083665321559e-06 6.5138721407631547e-05 0 -0.0013285190442143991 8.0202102890591936e-05 4.0969482565833552e-05 -0.064280953951975042 -2.5278007703882777e-05 0.043974005054401882 0.00020542077275349514 0.017876004314597928
leaf_weight=672773 1075 6063 10118 35900 2802 710 5341 12474 5873 2453 1696 1496 11279 527 694 820 1703 949 1770 1586 1560 1247304 914 1079 8025 499 8355 1452 1063 337
leaf_count=672773 1075 6063 10118 35900 2802 710 5341 12474 5873 2453 1696 1496 11279 527 694 820 1703 949 1770 1586 1560 1247304 914 1079 8025 499 8355 1452 1063 337
internal_value=-0.0169396 -0.0483438 -0.0011607 -0.0216699 -0.049484 -0.000310248 -0.000604269 0.0317856 0.0196129 0.0368626 0.00777411 -0.0318207 -0.0366131 0.0315234 0.0301716 0.0344395 0.0382413 -0.0403173 -0.000251097 0.0353404 0.0165925 -0.00029493 0.00724334 -0.00618276 0.0318394 0.0392656 -0.0205498 -0.0250966 -0.0312911 -0.0498213
internal_weight=2.04869e+06 685121 1.36357e+06 54292 675912 1.30928e+06 1.29024e+06 18392 19041 17317 4843 14434 12938 13168 3147 12641 11821 12228 1.2758e+06 9209 3146 1.27403e+06 26728 17290 9438 8524 11949 10870 9418 673110
internal_count=2048690 685121 1363569 54292 675912 1309277 1290236 18392 19041 17317 4843 14434 12938 13168 3147 12641 11821 12228 1275802 9209 3146 1274032 26728 17290 9438 8524 11949 10870 9418 673110
is_linear=0
shrinkage=0.05


Tree=176
num_leaves=31
num_cat=0
split_feature=16 18 17 5 15 16 16 15 15 15 1 17 3 2 16 10 11 15 18 1 1 5 18 1 15 16 11 15 18 15
split_gain=406856 24594.2 9506.08 31791.7 7276.02 3054.77 3046.14 5722.6 2408.24 2275.54 1803.2 1070.9 1064.32 1027.07 1005.75 839.606 770.508 746.06 787.018 719.315 1843.69 681.159 630.986 2046.25 2663.63 2510.21 1152.05 998.797 569.972 1280.33
threshold=-0.84841212603516436 -0.046822076110779036 1.0000000180025095e-35 -1.0000000180025095e-35 -1.0000000180025095e-35 -0.84841212603516436 1.0000000180025095e-35 -0.8746257485029939 0.17992805755395685 -0.99693251533742322 0.25881904510252057 171.50000000000003 0.81174490092936691 -0.8783796973249266 0.21688681631710352 2.5000000000000004 1.0000000180025095e-35 -0.99693251533742322 -0.044466403162055329 0.25881904510252057 1.0000000180025095e-35 672.50000000000011 -0.024404761904761901 0.25881904510252057 0.078222778473091378 3.1650909810126584 -0.49999999999999994 0.46821976838136287 0.066806136680613679 0.61964176362522971
decision_type=8 10 10 2 10 10 10 8 8 10 2 10 2 2 10 2 2 10 10 2 2 2 10 2 10 10 2 8 10 8
left_child=1 4 3 5 -1 -2 8 14 11 -7 12 16 -11 -3 -8 19 -4 -15 -19 20 -16 22 23 25 -25 -9 -26 -27 -24 -30
right_child=2 13 6 -5 -6 9 7 21 -10 10 -12 -13 -14 17 15 -17 -18 18 -20 -21 -22 -23 28 24 26 27 -28 -29 29 -31
leaf_value=-1.2004788991032412e-05 -1.2004788991032412e-05 -3.0799079523913254e-06 2.7744364728687909e-05 -0.0010587329419853764 1.1884312936105702e-05 2.7072836252528543e-05 0.00021675850419293765 1.3201355600789277e-05 -6.16315392711897e-06 3.0537350835102563e-05 -1.9204105811132521e-06 -0.00030980672518586615 -1.0196884815322216e-05 6.0899177171114263e-07 -0.00073947643907820715 0.0044048579900174854 0.00019820997842470711 -1.8260548889648123e-08 1.2148741902262562e-05 -0.0012553795257618794 0.00021040517148720463 0.93682273131667559 -2.1751052365962033e-06 -0.0012685820382691228 3.6960012951592352e-05 5.1737138342877745e-05 -0.016296213998203298 -1.9197908139634293e-05 1.4407417423534243e-07 0
leaf_weight=672621 1075 1605 11040 35900 2702 12474 776 4841 5873 2453 1696 527 694 5060 4114 842 1601 821 2312 6943 1759 2128 98686 1106 6020 1007 412 5870 12377 1143355
leaf_count=672621 1075 1605 11040 35900 2702 12474 776 4841 5873 2453 1696 527 694 5060 4114 842 1601 821 2312 6943 1759 2128 98686 1106 6020 1007 412 5870 12377 1143355
internal_value=-0.0169628 -0.0483974 -0.00116862 -0.0216699 -0.0495384 0.0317856 -0.000318496 -0.000611477 0.0195342 0.0368626 0.00777411 0.0314095 0.0301716 0.0302511 -0.0319177 -0.0350637 0.0343209 0.0374161 0.0182413 -0.0382413 -0.0253618 -0.000257289 -0.000304513 0.00867781 0.0289997 -0.00439495 0.0413246 -0.0238113 -0.000442396 -0.000130956
internal_weight=2.04869e+06 685121 1.36357e+06 54292 675323 18392 1.30928e+06 1.29024e+06 19041 17317 4843 13168 3147 9798 14434 13658 12641 8193 3133 12816 5873 1.2758e+06 1.27367e+06 19256 7538 11718 6432 6877 1.25442e+06 1.15573e+06
internal_count=2048690 685121 1363569 54292 675323 18392 1309277 1290236 19041 17317 4843 13168 3147 9798 14434 13658 12641 8193 3133 12816 5873 1275802 1273674 19256 7538 11718 6432 6877 1254418 1155732
is_linear=0
shrinkage=0.05


Tree=177
num_leaves=31
num_cat=0
split_feature=18 17 15 18 15 18 1 18 2 11 1 15 17 18 15 17 0 1 17 17 5 13 13 2 2 2 15 5 17 17
split_gain=402945 3930.07 3092.6 3836.46 1769.12 1642.04 2650.52 1443.78 1502.16 1006.38 839.714 824.805 1219.93 1030.31 1160.96 1151.8 1010.39 985.382 670.024 744.717 665.424 609.712 600.933 588.589 1089.63 582.529 566.618 647.996 558.717 851.261
threshold=-0.11805555555555554 1.0000000180025095e-35 -1.0000000180025095e-35 -0.046822076110779036 1.0000000180025095e-35 -0.024404761904761901 0.25881904510252057 -0.040833333333333326 -0.8783796973249266 -0.49999999999999994 0.25881904510252057 0.078222778473091378 149.50000000000003 0.033615819209039555 0.61964176362522971 34.500000000000007 -0.25881904510252113 0.60355339059327384 31.500000000000004 9.5000000000000018 692.50000000000011 1.0000000180025095e-35 1.0000000180025095e-35 0.6078576107927941 0.87837969732492682 -0.60785761079279388 0.17992805755395685 1.0000000180025095e-35 13.500000000000002 23.500000000000004
decision_type=10 10 10 10 10 10 2 10 2 2 2 10 10 10 10 10 2 2 10 10 2 2 2 2 2 2 10 2 10 10
left_child=1 -1 3 -2 25 6 18 8 -5 -8 -9 12 22 15 -15 16 26 -18 19 -4 -16 -12 -7 -10 -25 -3 -13 -28 -21 -30
right_child=2 4 5 7 -6 11 9 10 23 -11 21 13 -14 14 20 -17 17 -19 -20 28 -22 -23 -24 24 -26 -27 27 -29 29 -31
leaf_value=-1.1404549541482735e-05 -3.4910075064287228e-06 -1.1404549541482735e-05 -1.484052282500481e-05 -2.2471857526407124e-05 3.1034855785483374e-06 1.46736468292141e-05 1.8607997748532059e-05 5.4435413704911897e-05 5.7854218312725089e-07 -0.015534725477268033 -0.00060939267140203146 -0.0017299574221368342 -0.00032278517097716056 1.3687046552246506e-07 0 2.2985586864192014e-06 -7.6832427906630599e-06 -0.00018214100808950026 -2.305421191170498e-05 1.2541287820755365e-05 0.9875349934834049 0.057246465680426045 -0.028479874949164659 -0.00070250261712429549 5.7854218312725089e-07 -1.1404549541482735e-05 2.4321314925264601e-06 -0.0065172841432095344 -5.3420580091223527e-06 9.3495444731916961e-06
leaf_weight=691803 14959 10175 813 735 2672 20132 6590 11130 3201 390 7340 1759 2732 10917 1147271 24574 18418 4637 1730 3548 1769 1392 1020 834 990 25486 22711 2196 4825 1941
leaf_count=691803 14959 10175 813 735 2672 20132 6590 11130 3201 390 7340 1759 2732 10917 1147271 24574 18418 4637 1730 3548 1769 1392 1020 834 990 25486 22711 2196 4825 1941
internal_value=-0.016942 -0.046741 -0.000441127 -0.01403 -0.0311572 -9.62462e-06 0.0142637 -0.00228319 0.0197569 0.0390688 -0.00867486 -0.000234673 0.00896835 -0.00041276 -4.71569e-05 -0.00612087 -0.0104976 -0.0181631 0.000797231 0.00529792 -0.000201342 -0.0202817 0.0130295 0.0295224 0.00685307 -0.0340975 -0.0038701 -0.00193319 0.00892961 0.000502513
internal_weight=2.04869e+06 730136 1.31855e+06 40581 38333 1.27797e+06 19837 25622 5760 6980 19862 1.25814e+06 23884 1.23425e+06 1.15996e+06 74295 49721 23055 12857 11127 1.14904e+06 8732 21152 5025 1824 35661 26666 24907 10314 6766
internal_count=2048690 730136 1318554 40581 38333 1277973 19837 25622 5760 6980 19862 1258136 23884 1234252 1159957 74295 49721 23055 12857 11127 1149040 8732 21152 5025 1824 35661 26666 24907 10314 6766
is_linear=0
shrinkage=0.05


Tree=178
num_leaves=31
num_cat=0
split_feature=18 17 15 18 15 18 1 18 11 1 17 17 15 17 18 15 17 0 1 5 17 4 7 5 3 3 1 18 18 17
split_gain=402693 3925.09 3245.76 3705.1 1756.58 1716.97 2463.6 1218.37 991.659 845.295 707.623 774.943 670.704 1245.17 910.158 1226.15 979.281 933.758 1166.69 636.333 586.161 582.529 579.039 573.837 555.831 1059.91 509.785 947.183 638.368 555.128
threshold=-0.11805555555555554 1.0000000180025095e-35 -1.0000000180025095e-35 -0.046822076110779036 1.0000000180025095e-35 -0.024404761904761901 0.25881904510252057 -0.040833333333333326 -0.49999999999999994 0.25881904510252057 31.500000000000004 9.5000000000000018 1.0000000180025095e-35 149.50000000000003 0.033615819209039555 0.61964176362522971 34.500000000000007 -0.25881904510252113 0.60355339059327384 692.50000000000011 1.5000000000000002 1.0000000180025095e-35 2.5000000000000004 1.0000000180025095e-35 -0.56174490092936669 -0.22252093395631442 0.1294095225512602 -0.0044176316045538575 -0.0088569976146717216 171.50000000000003
decision_type=10 10 10 10 10 10 2 10 2 2 10 10 8 10 10 10 10 2 2 2 10 2 2 2 2 2 2 10 10 10
left_child=1 -1 3 -2 21 6 10 24 -8 -9 11 -4 13 22 16 -16 17 23 -19 -17 -11 -3 -7 -14 -5 -26 27 29 -28 -18
right_child=2 4 5 7 -6 12 8 9 -10 20 -12 -13 14 -15 15 19 26 18 -20 -21 -22 -23 -24 -25 25 -27 28 -29 -30 -31
leaf_value=-1.0834322064406933e-05 -3.3164571311083969e-06 -1.0834322064406933e-05 -1.4098496683756513e-05 5.4961507397477403e-07 2.9483112996220307e-06 1.4096826006221601e-05 1.7677597861109896e-05 5.1713643019668522e-05 -0.014757989203404629 -0.0074610589165584164 -2.1901501316118344e-05 7.4438657487352346e-06 -9.0986329186668718e-07 -0.00030664591242830254 1.3002694224661936e-07 0 -3.2919298191991242e-05 -7.4889488406958322e-06 -0.00020170154991175197 0.93815824380923241 -0.00051849572813210127 -1.0834322064406933e-05 -0.028165559347805482 -0.0061914199360490587 -2.1348264650089545e-05 5.4961507397477403e-07 3.8347352938095108e-05 1.3423719027632535e-06 0.00011341181364408204 0.00039279549045204701
leaf_weight=691803 14959 25486 813 1712 2672 16551 6590 11130 390 1684 1730 10314 26423 2731 11492 1147271 3431 19540 4808 1769 7048 10175 628 2198 735 3313 1818 13703 5311 462
leaf_count=691803 14959 25486 813 1712 2672 16551 6590 11130 390 1684 1730 10314 26423 2731 11492 1147271 3431 19540 4808 1769 7048 10175 628 2198 735 3313 1818 13703 5311 462
internal_value=-0.0169519 -0.0467416 -0.000456144 -0.0143774 -0.0311677 -1.40848e-05 0.0145813 -0.0028335 0.0384957 -0.00870506 0.00159835 0.0062236 -0.00024421 0.00885987 -0.000390599 -3.98524e-05 -0.00562978 -0.00946497 -0.0166626 -0.000202386 -0.0203504 -0.0340975 0.0138454 -0.00334195 0.0174132 0.00731225 0.00258645 -0.00198341 0.0138659 -0.0237478
internal_weight=2.04869e+06 730136 1.31855e+06 40581 38333 1.27797e+06 19837 25622 6980 19862 12857 11127 1.25814e+06 19910 1.23823e+06 1.16053e+06 77694 52969 24348 1.14904e+06 8732 35661 17179 28621 5760 4048 24725 17596 7129 3893
internal_count=2048690 730136 1318554 40581 38333 1277973 19837 25622 6980 19862 12857 11127 1258136 19910 1238226 1160532 77694 52969 24348 1149040 8732 35661 17179 28621 5760 4048 24725 17596 7129 3893
is_linear=0
shrinkage=0.05


Tree=179
num_leaves=31
num_cat=0
split_feature=18 17 15 18 14 5 15 18 1 18 2 12 1 2 2 5 2 15 17 13 15 18 15 17 0 1 17 5 13 17
split_gain=401978 3922.6 3176.41 3747.7 1848.5 2045.47 1756.58 1342.76 2763.52 1196.86 1398.54 921.306 802.983 626.172 920.803 610.099 582.529 577.896 630.355 571.7 480.808 845.725 1233.05 931.192 858.746 943.729 688.41 573.837 539.221 574.335
threshold=-0.11805555555555554 1.0000000180025095e-35 -1.0000000180025095e-35 -0.046822076110779036 1.0000000180025095e-35 -1.0000000180025095e-35 1.0000000180025095e-35 -0.024404761904761901 0.25881904510252057 -0.040833333333333326 -0.8783796973249266 0.91666666666666685 0.25881904510252057 0.6078576107927941 0.87837969732492682 692.50000000000011 -0.60785761079279388 22.703042328042333 9.5000000000000018 1.0000000180025095e-35 1.0000000180025095e-35 0.033615819209039555 0.61964176362522971 34.500000000000007 -0.25881904510252113 0.60355339059327384 149.50000000000003 1.0000000180025095e-35 1.0000000180025095e-35 47.500000000000007
decision_type=10 10 10 10 2 2 10 10 2 10 2 2 2 2 2 2 2 10 10 2 10 10 10 10 2 2 10 2 2 10
left_child=1 4 3 -2 -1 -6 16 8 17 10 -5 -10 -11 -12 -15 20 -3 18 -4 -14 26 23 -23 24 27 -26 28 -22 29 -9
right_child=2 6 7 9 5 -7 -8 15 11 12 13 -13 19 14 -16 -17 -18 -19 -20 -21 21 22 -24 -25 25 -27 -28 -29 -30 -31
leaf_value=-1.0292605961187419e-05 -3.1506342745513117e-06 -1.0292605961187419e-05 -1.3393571849568131e-05 -2.0280851417586732e-05 6.9438855091596971e-05 -0.013750084847145395 2.800895734644815e-06 9.9298008507106502e-06 1.5815216548331625e-05 4.9127960868688983e-05 5.2213432027992113e-07 -0.0030120374725448765 -0.00055299825142532399 -0.00066740496702177854 5.2213432027992113e-07 0.89125033161877243 -1.0292605961187419e-05 -1.9509247137378117e-05 5.2883636286416019e-06 0.054410067182811321 -8.6437012727335277e-07 1.2352559513595374e-07 0 1.2752533076250909e-06 -7.1145013986610402e-06 -0.00019161647241616438 -0.00029131361680688743 -0.0058818489392466035 -0.026188266972404631 0.00022574673537961053
leaf_weight=689252 14959 10175 813 735 1272 1279 2672 14657 6248 11130 3201 732 7340 834 990 1769 25486 754 11290 1392 26423 11492 1147271 24725 19540 4808 2731 2198 732 1790
leaf_count=689252 14959 10175 813 735 1272 1279 2672 14657 6248 11130 3201 732 7340 834 990 1769 25486 754 11290 1392 26423 11492 1147271 24725 19540 4808 2731 2198 732 1790
internal_value=-0.0169734 -0.0467366 -0.00049232 -0.0142641 -0.0475993 -0.00511564 -0.0311677 -5.5009e-05 0.0128522 -0.00265397 0.0174132 0.0381805 -0.00847347 0.0268358 0.00345395 -0.000258517 -0.0340975 -0.000898343 0.0017475 -0.0198236 -0.000299833 -0.000423953 -8.53496e-05 -0.00547404 -0.00921388 -0.0161163 0.00740834 -0.00334195 0.0111153 0.0129841
internal_weight=2.04869e+06 730136 1.31855e+06 40581 691803 2551 38333 1.27797e+06 19837 25622 5760 6980 19862 5025 1824 1.25814e+06 35661 12857 12103 8732 1.25637e+06 1.23646e+06 1.15876e+06 77694 52969 24348 19910 28621 17179 16447
internal_count=2048690 730136 1318554 40581 691803 2551 38333 1277973 19837 25622 5760 6980 19862 5025 1824 1258136 35661 12857 12103 8732 1256367 1236457 1158763 77694 52969 24348 19910 28621 17179 16447
is_linear=0
shrinkage=0.05


Tree=180
num_leaves=31
num_cat=0
split_feature=16 18 17 5 15 16 16 15 15 15 17 1 16 3 12 12 15 1 1 5 16 18 1 15 16 11 15 18 15 16
split_gain=407971 23542.8 8656.86 32781.7 6501.74 3187.78 3073.08 5732.72 2447.75 1584.02 1075.33 1020.74 998.917 912.704 881.326 792.054 759.429 697.017 1906.63 589.272 565.041 548.216 2010.45 2602.85 2375.27 1044.27 998.797 679.116 1286.22 939.463
threshold=-0.84841212603516436 -0.046822076110779036 1.0000000180025095e-35 -1.0000000180025095e-35 0.46821976838136287 -0.84841212603516436 1.0000000180025095e-35 -0.8746257485029939 0.17992805755395685 -0.99693251533742322 171.50000000000003 0.25881904510252057 0.21688681631710352 0.81174490092936691 -1.0000000180025095e-35 1.0000000180025095e-35 -0.99693251533742322 0.25881904510252057 1.0000000180025095e-35 692.50000000000011 -0.47632614807872536 -0.024404761904761901 0.25881904510252057 0.078222778473091378 3.1650909810126584 -0.49999999999999994 0.46821976838136287 0.066806136680613679 0.61964176362522971 16.893650793650796
decision_type=8 10 10 2 10 10 10 8 8 10 10 2 10 2 2 2 10 2 2 2 10 10 2 10 10 2 8 10 8 10
left_child=1 4 3 5 -1 -2 8 12 10 -7 15 13 -8 -11 17 -4 -3 18 -14 21 -10 22 24 -24 -9 -25 -26 29 -29 -23
right_child=2 16 6 -5 -6 9 7 19 20 11 -12 -13 14 -15 -16 -17 -18 -19 -20 -21 -22 27 23 25 26 -27 -28 28 -30 -31
leaf_value=-9.7779756631277696e-06 -9.7779756631277696e-06 4.9602760426870063e-07 2.7983720370594603e-05 -0.0010041697210077538 1.2235112460368126e-05 2.7345768318243205e-05 0.0002075471528616313 1.2171779252345694e-05 4.9652129632926652e-06 3.0637057171689629e-05 -0.0002482791539159553 -1.9781617370262518e-07 -0.00070926765713534296 -8.0604666962025294e-06 0.0034015554818440106 0.00018053562862381246 5.551652005186814e-06 -0.001192112644528176 0.00019212106203317925 0.84668781503783641 -2.1689504310246079e-05 -3.6978894356316787e-06 -0.0012046550314100625 3.2506971696122379e-05 4.8780772857326406e-05 -0.014089598167680515 -1.6910908074985187e-05 1.1734931538165406e-07 0 7.9605504975264597e-06
leaf_weight=673457 1075 6079 10902 35900 1866 12474 776 4841 2861 2453 527 1696 4022 694 1015 1739 3719 6882 1739 1770 3012 70508 1106 6020 1007 412 5870 12377 1143713 28178
leaf_count=673457 1075 6079 10902 35900 1866 12474 776 4841 2861 2453 527 1696 4022 694 1015 1739 3719 6882 1739 1770 3012 70508 1106 6020 1007 412 5870 12377 1143713 28178
internal_value=-0.0169859 -0.0484635 -0.00117009 -0.0207342 -0.0495799 0.0335472 -0.000358824 -0.000653098 0.0195814 0.0387336 0.0315538 0.0144642 -0.031987 0.0313155 -0.0351223 0.0344712 0.0284854 -0.038721 -0.0258896 -0.000298596 -0.00726205 -0.000338649 0.00803386 0.0281772 -0.00492405 0.0403607 -0.0238113 -0.000467135 -0.000127282 -0.00444845
internal_weight=2.04869e+06 685121 1.36357e+06 54292 675323 18392 1.30928e+06 1.29024e+06 19041 17317 13168 4843 14434 3147 13658 12641 9798 12643 5761 1.2758e+06 5873 1.27403e+06 19256 7538 11718 6432 6877 1.25478e+06 1.15609e+06 98686
internal_count=2048690 685121 1363569 54292 675323 18392 1309277 1290236 19041 17317 13168 4843 14434 3147 13658 12641 9798 12643 5761 1275802 5873 1274032 19256 7538 11718 6432 6877 1254776 1156090 98686
is_linear=0
shrinkage=0.05


Tree=181
num_leaves=31
num_cat=0
split_feature=16 18 17 5 16 16 18 9 2 0 0 17 17 5 18 16 0 12 12 17 17 0 0 17 17 10 16 17 16 17
split_gain=408383 23431.5 8658.49 32781.7 3187.78 3117.98 1516.59 1174.02 973.155 951.935 849.803 1234.52 798.861 553.804 542.968 424.159 381.545 313.796 313.757 635.476 307.823 293.844 289.736 316.156 531.76 519.065 356.961 297.048 281.421 271.945
threshold=-0.84841212603516436 -0.046822076110779036 1.0000000180025095e-35 -1.0000000180025095e-35 -0.84841212603516436 1.0000000180025095e-35 0.033615819209039555 -1.0000000180025095e-35 -0.8783796973249266 0.98296291314453421 -0.25881904510252113 122.50000000000001 5.5000000000000009 692.50000000000011 0.031320067264574002 -0.77441247112257117 -0.98296291314453399 1.0000000180025095e-35 1.0000000180025095e-35 171.50000000000003 23.500000000000004 -0.5 0.98296291314453421 106.00000000000001 36.500000000000007 -1.0000000180025095e-35 29.152777777777782 31.500000000000004 60.155048076923087 163.50000000000003
decision_type=8 10 10 2 10 10 10 2 2 2 2 10 10 2 10 10 2 2 2 10 10 2 2 10 10 2 10 10 10 10
left_child=1 12 3 4 -2 7 10 9 -3 -4 14 22 -1 -8 16 -6 -7 29 19 -9 21 -10 23 24 26 -26 27 -12 -25 -13
right_child=2 8 5 -5 15 6 13 18 20 -11 11 17 -14 -15 -16 -17 -18 -19 -20 -21 -22 -23 -24 28 25 -27 -28 -29 -30 -31
leaf_value=-9.2890768799702705e-06 -9.2890768799702705e-06 -2.7517320344117027e-06 2.3045745285121822e-05 -0.00095396123495736619 1.3023994798677664e-05 -1.8118802784528044e-05 0 0.00056241041571075234 4.7122622405249008e-07 -0.0036512299292946362 -1.3840952663618173e-05 0.0001066457499954276 -2.5042037776645822e-06 0.8043534242859437 -0.0055875715978124909 2.5978479902333263e-05 2.5841310606387225e-06 -0.021672185248716978 -4.7705210152515502e-06 -0.00023586519622015753 1.0541638338656957e-05 4.7122622405249008e-07 1.9657971969611057e-05 -0.00046394074461154623 9.9683475541123566e-06 -1.85790848996798e-06 6.4306818253534462e-06 -1.8797128383518646e-05 0.016859216986846587 2.6255772694899447e-05
leaf_weight=659416 1075 1605 7518 35900 2361 5530 1164183 5766 821 408 39791 2114 15907 1770 2271 14956 49955 1305 4822 527 5255 2117 4395 1082 3333 6509 227 4506 140 3125
leaf_count=659416 1075 1605 7518 35900 2361 5530 1164183 5766 821 408 39791 2114 15907 1770 2271 14956 49955 1305 4822 527 5255 2117 4395 1082 3333 6509 227 4506 140 3125
internal_value=-0.0169921 -0.0484855 -0.00116826 -0.0207342 0.0335472 -0.000356915 -0.00065333 0.0197285 0.0282813 0.034431 -0.00590386 -0.00975619 -0.0495993 -9.36573e-05 -0.00146651 0.0387336 -0.000485717 0.0108649 0.00924426 0.0165978 0.0352557 0.0222941 -0.0120059 -0.012983 -0.0124177 -0.00190002 -0.0147426 -0.0150631 -0.0381342 0.0163295
internal_weight=2.04869e+06 685121 1.36357e+06 54292 18392 1.30928e+06 1.29024e+06 19041 9798 7926 124283 66527 675323 1.16595e+06 57756 17317 55485 6544 11115 6293 8193 2938 59983 55588 54366 9842 44524 44297 1222 5239
internal_count=2048690 685121 1363569 54292 18392 1309277 1290236 19041 9798 7926 124283 66527 675323 1165953 57756 17317 55485 6544 11115 6293 8193 2938 59983 55588 54366 9842 44524 44297 1222 5239
is_linear=0
shrinkage=0.05


Tree=182
num_leaves=31
num_cat=0
split_feature=16 17 17 5 15 16 16 15 15 17 15 0 16 17 0 1 17 15 3 15 2 10 11 2 5 16 5 1 10 5
split_gain=412643 13854.8 8673.16 32781.7 5660.06 3187.78 2970.91 5754.24 2393.69 1704.69 1584.02 1124.72 1218.11 1061.6 1036.87 1020.74 972.491 926.667 912.704 875.084 1048.92 857.732 822.612 575.472 571.815 563.768 555.5 1623.17 589.803 736.34
threshold=-0.84841212603516436 21.500000000000004 1.0000000180025095e-35 -1.0000000180025095e-35 0.46821976838136287 -0.84841212603516436 1.0000000180025095e-35 -0.8746257485029939 0.17992805755395685 24.500000000000004 -0.99693251533742322 0.98296291314453421 0.21688681631710352 171.50000000000003 0.98296291314453421 0.25881904510252057 23.500000000000004 0.54577691811734375 0.81174490092936691 -0.031293349653202768 -0.8783796973249266 -1.0000000180025095e-35 1.0000000180025095e-35 -0.60785761079279388 1.0000000180025095e-35 -0.47632614807872536 538.50000000000011 0.37940952255126048 496.50000000000006 368.50000000000006
decision_type=8 10 10 2 10 10 10 8 8 10 10 2 10 10 2 2 10 10 2 10 2 2 2 2 2 10 2 2 2 2
left_child=1 4 3 5 24 -2 8 11 13 16 -7 12 -8 14 22 18 19 23 -12 20 -3 -14 -4 -18 -1 -10 28 -28 29 -9
right_child=2 9 6 -5 -6 10 7 26 25 -11 15 -13 21 -15 -16 -17 17 -19 -20 -21 -22 -23 -24 -25 -26 -27 27 -29 -30 -31
leaf_value=-8.8246230359745326e-06 -8.8246230359745326e-06 -1.9154023625200801e-05 2.5432247087808781e-05 -0.00090626317320949789 1.2022127005950623e-05 2.4679555907214381e-05 0.00019704270643163826 0 4.9554783658867236e-06 0.00024915274035853808 2.7806280317987932e-05 0.00014420652328092087 -0.00080397967229791094 -0.00022407193640914966 -0.0034686684328299024 -1.4868493601383205e-06 1.3182798369437699e-05 7.44079126346886e-06 -8.3086431013235106e-06 -6.8800000131985512e-07 4.4766491285042066e-07 0.0024635640269464968 0.00017174737324338052 -5.5855692882023079e-08 0.01507398550464193 -2.1757316358989032e-05 -0.27311467010561613 0.47001489493565035 -0.16030122499397237 0.19426522627734075
leaf_weight=673623 1075 312 10255 35900 1937 12474 710 1254329 2861 3365 2453 1496 11235 527 820 1696 758 393 694 769 1719 993 1566 1893 352 3012 2948 3969 3837 10719
leaf_count=673623 1075 312 10255 35900 1937 12474 710 1254329 2861 3365 2453 1496 11235 527 820 1696 758 393 694 769 1719 993 1566 1893 352 3012 2948 3969 3837 10719
internal_value=-0.0170578 -0.0487151 -0.00115168 -0.0207342 -0.0495451 0.0335472 -0.000339653 -0.000628993 0.0192663 0.0122 0.0387336 -0.0320216 -0.0367677 0.0311057 0.0340044 0.0144642 -0.00412389 -0.0236859 0.0313155 0.0171429 0.0343427 -0.0404645 0.037776 -0.0343078 -0.0497903 -0.00727907 -0.000273828 0.0138572 -0.000350859 -0.000291491
internal_weight=2.04869e+06 685121 1.36357e+06 54292 675912 18392 1.30928e+06 1.29024e+06 19041 9209 17317 14434 12938 13168 12641 4843 5844 3044 3147 2800 2031 12228 11821 2651 673975 5873 1.2758e+06 6917 1.26888e+06 1.26505e+06
internal_count=2048690 685121 1363569 54292 675912 18392 1309277 1290236 19041 9209 17317 14434 12938 13168 12641 4843 5844 3044 3147 2800 2031 12228 11821 2651 673975 5873 1275802 6917 1268885 1265048
is_linear=0
shrinkage=0.05


Tree=183
num_leaves=31
num_cat=0
split_feature=16 18 17 11 15 16 16 15 15 15 0 16 17 0 11 9 1 11 3 17 15 17 15 2 16 18 1 15 16 13
split_gain=414004 12002.6 8668.49 31665 5560.38 3049.49 3004.5 5751.62 2327.12 2213.92 1124.72 1218.11 1059.75 1034.46 819.317 767.716 762.707 917.417 903.431 657.507 1012.7 930.389 761.626 936.596 568.363 553.594 1980.28 2598.95 2424.89 1008.06
threshold=-0.84841212603516436 -0.046822076110779036 1.0000000180025095e-35 -1.0000000180025095e-35 0.68048396334478822 -0.84841212603516436 1.0000000180025095e-35 -0.8746257485029939 0.17992805755395685 -0.99693251533742322 0.98296291314453421 0.21688681631710352 171.50000000000003 0.98296291314453421 1.0000000180025095e-35 -1.0000000180025095e-35 0.25881904510252057 -0.83333333333333315 0.81174490092936691 26.500000000000004 0.078222778473091378 23.500000000000004 -0.031293349653202768 -0.8783796973249266 -1.0000000180025095e-35 -0.024404761904761901 0.25881904510252057 0.078222778473091378 3.1650909810126584 0.87965281125489481
decision_type=8 10 10 2 10 10 10 8 8 10 2 10 10 2 2 2 2 2 2 10 10 10 8 2 10 10 2 10 10 2
left_child=1 4 3 5 -1 -2 8 10 12 -7 11 -8 13 14 -4 -13 17 18 -11 21 -21 22 23 -3 -10 26 28 -28 -9 -29
right_child=2 19 6 -5 -6 9 7 25 24 16 -12 15 -14 -15 -16 -17 -18 -19 -20 20 -22 -23 -24 -25 -26 -27 27 29 -30 -31
leaf_value=-8.3833918841758066e-06 -8.3833918841758066e-06 -1.8196322443941871e-05 2.4160634733416678e-05 -0.0008508845579119934 1.2106774701403645e-05 2.3445578111858101e-05 0.00018719057111005188 1.1673305292947411e-05 4.7077044475929421e-06 2.6415966302084651e-05 0.00013699619711687872 -0.00076378068868301343 -0.00021286833958869216 -0.0032952350111884079 0.00016316000458120873 0.0025066535925490022 -1.6862236110248842e-06 -0.011570020942557465 -7.8932109462581678e-06 0.00036333357976180429 -2.4430805962039061e-06 -5.306290823958726e-08 -6.5360000125469506e-07 4.2528166720456896e-07 -0.00043015801397557247 0 -0.0011437302322063747 3.1573670744489136e-05 -1.5373315038053059e-05 -0.013446971561261145
leaf_weight=673706 1076 322 10255 35491 1617 12474 710 4841 4442 2369 1496 11354 527 820 1566 874 1739 479 664 1891 1047 3471 872 2195 1431 1256546 1106 6026 6877 406
leaf_count=673706 1076 322 10255 35491 1617 12474 710 4841 4442 2369 1496 11354 527 820 1566 874 1739 479 664 1891 1047 3471 872 2195 1431 1256546 1106 6026 6877 406
internal_value=-0.0170893 -0.0487988 -0.00115696 -0.0207342 -0.0495959 0.0317297 -0.000345152 -0.000636124 0.0193714 0.0366911 -0.0320216 -0.0367677 0.031045 0.0339411 0.0377083 -0.0404645 0.00945534 0.0228645 0.0330201 0.00614411 0.025936 -0.00233236 0.0163027 0.0302543 -0.00680232 -0.000281039 0.00813253 0.0281242 -0.00472777 0.0402985
internal_weight=2.04869e+06 685121 1.36357e+06 54292 675323 18801 1.30928e+06 1.29024e+06 19041 17725 14434 12938 13168 12641 11821 12228 5251 3512 3033 9798 2938 6860 3389 2517 5873 1.2758e+06 19256 7538 11718 6432
internal_count=2048690 685121 1363569 54292 675323 18801 1309277 1290236 19041 17725 14434 12938 13168 12641 11821 12228 5251 3512 3033 9798 2938 6860 3389 2517 5873 1275802 19256 7538 11718 6432
is_linear=0
shrinkage=0.05


Tree=184
num_leaves=31
num_cat=0
split_feature=16 18 17 5 15 16 16 15 15 15 0 16 17 0 12 12 17 15 17 15 2 16 5 18 15 16 16 18 15 16
split_gain=413356 11941.4 8665.2 32768.7 6114.58 3186.54 2893.17 5752.71 2314.4 1589.85 1125.1 1218.41 1035.8 1017.65 944.301 944.27 640.205 1016.8 930.389 761.626 936.596 555.721 525.033 525.768 998.741 1234.81 971.807 577.996 1288.05 705.768
threshold=-0.84841212603516436 -0.046822076110779036 1.0000000180025095e-35 -1.0000000180025095e-35 -1.0000000180025095e-35 -0.84841212603516436 1.0000000180025095e-35 -0.8746257485029939 0.17992805755395685 -0.99693251533742322 0.98296291314453421 0.21688681631710352 171.50000000000003 0.98296291314453421 -1.0000000180025095e-35 1.0000000180025095e-35 26.500000000000004 0.078222778473091378 23.500000000000004 -0.031293349653202768 -0.8783796973249266 -1.0000000180025095e-35 672.50000000000011 -0.024404761904761901 0.078222778473091378 3.1650909810126584 0.21688681631710352 0.066806136680613679 0.61964176362522971 14.306138427810838
decision_type=8 10 10 2 10 10 10 8 8 10 2 10 10 2 2 2 10 8 10 8 2 10 2 10 10 10 10 10 8 10
left_child=1 4 3 5 -1 -2 8 10 12 -7 11 -8 13 15 -13 -4 18 -18 19 20 -3 -10 23 24 -9 26 -26 29 -29 -25
right_child=2 16 6 -5 -6 9 7 22 21 -11 -12 14 -14 -15 -16 -17 17 -19 -20 -21 -22 -23 -24 27 25 -27 -28 28 -30 -31
leaf_value=-7.9642222899689589e-06 -7.9642222899689589e-06 -1.7286506321745334e-05 2.2952602996750839e-05 -0.0008184057866534233 8.5134370044870351e-06 2.2273299206265753e-05 0.00017783104255455486 -0.0010921092421151636 4.4723192252127401e-06 1.3596659249259791e-05 0.00013014638726103201 -0.00072559165424886389 -0.00020222492260925755 -0.0031304732606289853 0.0026106416219655593 0.00015500200435215051 0.00034516690077371906 -2.3209265663959313e-06 -5.0409762825109898e-08 -6.2092000119307045e-07 4.0401758384378543e-07 -0.00040865011327679385 0.69063500832486402 -2.5731385446741625e-06 -0.00020750266769321569 3.9872716115829657e-06 1.8362214612088759e-05 1.114818496128489e-07 0 4.1765934132304816e-06
leaf_weight=672621 1075 322 10118 35900 2702 12474 710 2562 4442 4843 1496 11279 527 820 949 1703 1866 1072 3471 872 2195 1431 2128 68119 452 11056 5186 12377 1143355 30567
leaf_count=672621 1075 322 10118 35900 2702 12474 710 2562 4442 4843 1496 11279 527 820 949 1703 1866 1072 3471 872 2195 1431 2128 68119 452 11056 5186 12377 1143355 30567
internal_value=-0.0170861 -0.0487707 -0.0011662 -0.0207397 -0.0495658 0.0335309 -0.000354547 -0.000640077 0.0189932 0.0387163 -0.0320285 -0.0367754 0.0306349 0.0334981 -0.0404727 0.0372346 0.00603184 0.0255616 -0.00233236 0.0163027 0.0302543 -0.0071088 -0.000284958 -0.000326418 0.00787287 0.0123338 0.0313764 -0.000452281 -0.000138657 -0.00412521
internal_weight=2.04869e+06 685121 1.36357e+06 54292 675323 18392 1.30928e+06 1.29024e+06 19041 17317 14434 12938 13168 12641 12228 11821 9798 2938 6860 3389 2517 5873 1.2758e+06 1.27367e+06 19256 16694 5638 1.25442e+06 1.15573e+06 98686
internal_count=2048690 685121 1363569 54292 675323 18392 1309277 1290236 19041 17317 14434 12938 13168 12641 12228 11821 9798 2938 6860 3389 2517 5873 1275802 1273674 19256 16694 5638 1254418 1155732 98686
is_linear=0
shrinkage=0.05


Tree=185
num_leaves=31
num_cat=0
split_feature=16 18 17 5 15 16 16 15 15 15 1 0 16 17 0 12 12 3 17 15 17 15 2 16 18 1 15 16 7 15
split_gain=415157 11774.4 9195.27 31530.2 5369.99 3068.18 2772.03 5790.78 2248.08 2199.39 1862.81 1125.86 1219 1020.96 998.313 936.652 914.363 909.269 576.266 943.267 930.389 761.626 936.596 549.237 520.105 2027.65 2466.16 2343.18 1012.85 998.797
threshold=-0.84841212603516436 -0.046822076110779036 1.0000000180025095e-35 -1.0000000180025095e-35 0.68048396334478822 -0.84841212603516436 1.0000000180025095e-35 -0.8746257485029939 0.17992805755395685 -0.99693251533742322 0.25881904510252057 0.98296291314453421 0.21688681631710352 171.50000000000003 0.98296291314453421 -1.0000000180025095e-35 1.0000000180025095e-35 0.81174490092936691 26.500000000000004 0.078222778473091378 23.500000000000004 -0.031293349653202768 -0.8783796973249266 -1.0000000180025095e-35 -0.024404761904761901 0.25881904510252057 0.078222778473091378 3.1650909810126584 1.0000000180025095e-35 0.46821976838136287
decision_type=8 10 10 2 10 10 10 8 8 10 2 2 10 10 2 2 2 2 10 8 10 8 2 10 10 2 10 10 2 8
left_child=1 4 3 5 -1 -2 8 11 13 -7 17 12 -8 14 16 -14 -4 -11 20 -20 21 22 -3 -10 25 27 -27 -9 -28 -29
right_child=2 18 6 -5 -6 9 7 24 23 10 -12 -13 15 -15 -16 -17 -18 -19 19 -21 -22 -23 -24 -25 -26 26 28 29 -30 -31
leaf_value=-7.5660111754694007e-06 -7.5660111754694007e-06 -1.642218100565973e-05 2.1804972846917184e-05 -0.00077748549732075214 1.1075764116108555e-05 2.1159634245948579e-05 0.00016893949042682266 1.0171529297686722e-05 4.2487032639537686e-06 2.4415335024519092e-05 -2.0080286740387087e-06 0.00012363906789798486 -0.0006893120715364188 -0.00019211367647879469 -0.0029739495975975362 0.0024801095408672814 0.00014725190413454327 -8.1783833614068609e-06 0.00032790855573503478 -2.2048802380769673e-06 -4.7889274684687066e-08 -5.8987400113341699e-07 3.8381670465215127e-07 -0.00038821760761295415 0 -0.0010319382584903004 2.9795623626682757e-05 4.7603084018965625e-05 -0.012857338903855995 -1.5274614558996591e-05
leaf_weight=673706 1075 322 10118 35900 1617 12474 710 4841 4442 2453 1696 1496 11279 527 820 949 1703 694 1866 1072 3471 872 2195 1431 1256546 1106 6032 1007 400 5870
leaf_count=673706 1075 322 10118 35900 1617 12474 710 4841 4442 2453 1696 1496 11279 527 820 949 1703 694 1866 1072 3471 872 2195 1431 1256546 1106 6032 1007 400 5870
internal_value=-0.0170614 -0.048815 -0.00110687 -0.0212702 -0.0496045 0.031965 -0.00027076 -0.000550248 0.0186676 0.0370532 0.0084555 -0.0320424 -0.0367908 0.0301413 0.0329839 -0.040489 0.0366847 0.0312202 0.00560318 0.0241321 -0.00233236 0.0163027 0.0302543 -0.00705772 -0.000193956 0.00796115 0.0281905 -0.00505206 0.0400498 -0.0238113
internal_weight=2.04869e+06 685121 1.36357e+06 54292 675323 18392 1.30928e+06 1.29024e+06 19041 17317 4843 14434 12938 13168 12641 12228 11821 3147 9798 2938 6860 3389 2517 5873 1.2758e+06 19256 7538 11718 6432 6877
internal_count=2048690 685121 1363569 54292 675323 18392 1309277 1290236 19041 17317 4843 14434 12938 13168 12641 12228 11821 3147 9798 2938 6860 3389 2517 5873 1275802 19256 7538 11718 6432 6877
is_linear=0
shrinkage=0.05


Tree=186
num_leaves=31
num_cat=0
split_feature=16 15 15 5 16 16 15 1 0 5 15 0 11 1 16 15 14 1 5 16 5 3 15 5 9 5 7 1 16 12
split_gain=413628 6890.1 6385.45 8340.87 18884.4 9162.98 1818.53 1816.35 1758.31 1204.34 1002.85 877.539 783.963 910.138 782.437 873.886 997.264 1008.9 827.889 759.878 717.787 709.576 671.428 626.999 605.291 599.793 583.783 4608.34 3969.1 1106.61
threshold=-0.84841212603516436 -1.0000000180025095e-35 0.17992805755395685 -1.0000000180025095e-35 0.21688681631710352 1.0000000180025095e-35 -0.99693251533742322 0.25881904510252057 0.98296291314453421 1.0000000180025095e-35 0.078222778473091378 0.98296291314453421 1.0000000180025095e-35 -0.12940952255126037 0.21688681631710352 0.61964176362522971 1.0000000180025095e-35 -0.60355339059327384 3.5000000000000004 -1.0000000180025095e-35 1.0000000180025095e-35 0.81174490092936691 0.078222778473091378 100.50000000000001 2.5000000000000004 1.0000000180025095e-35 -1.0000000180025095e-35 0.25881904510252057 3.1650909810126584 -0.91666666666666663
decision_type=8 10 10 2 8 10 10 2 2 2 8 2 2 2 8 10 2 2 2 8 2 2 10 2 2 2 2 2 10 2
left_child=1 25 3 4 6 9 11 21 22 19 -7 -2 -12 24 18 16 17 -16 -4 -5 -19 -8 -6 -15 -14 -1 27 28 -17 -30
right_child=2 -3 14 5 8 10 7 -9 -10 -11 12 -13 13 23 15 26 -18 20 -20 -21 -22 -23 -24 -25 -26 -27 -28 -29 29 -31
leaf_value=-7.1877106166962079e-06 2.0101652533655036e-05 1.2403636143298869e-06 -2.9947422038345552e-05 -0.013859597870377674 -0.00065484646795959669 1.9788939049411359e-06 2.3194568273288142e-05 -1.9076272403384387e-06 0.00013139728603002166 0.00013988930892781527 -0.0017689829815649796 0.00581129923864629 0.00015749250258054737 -0.0070603560581592234 1.0590775713081868e-07 1.0502929870637169e-05 -0.0032001055327730344 -4.3055080562509167e-06 0.065362501307479448 -0.00029571275609484825 1.0590775713081868e-07 -1.3198282612036928e-06 0.00027536113558794816 1.0884247825275011 -0.078424595483510731 0.018267949795807991 0 3.4056135557136717e-05 -1.8809644805817263e-05 0.015465644015399819
leaf_weight=679228 16538 5542 4893 17403 15046 21386 3835 2451 1680 1756 3128 1342 1862 4052 5408 3616 7753 5258 870 23431 3094 1047 237 383 1548 351 1197317 8016 9241 978
leaf_count=679228 16538 5542 4893 17403 15046 21386 3835 2451 1680 1756 3128 1342 1862 4052 5408 3616 7753 5258 870 23431 3094 1047 237 383 1548 351 1197317 8016 9241 978
internal_value=-0.0170991 -0.0487942 -0.00117405 -0.012336 0.00545097 -0.0223452 0.0328937 0.0119255 -0.0353387 -0.0375839 -0.00228839 0.0414933 -0.0145767 -0.00613767 -0.000125196 -3.98168e-05 0.0099498 0.0180305 -0.018506 -0.0393275 0.00713602 0.0295576 -0.0406759 -0.021071 0.0132845 -0.049247 -0.00021609 0.00788293 -0.00959523 -0.025526
internal_weight=2.04869e+06 685121 1.36357e+06 117125 42176 74949 25213 7333 16963 42590 32359 17880 10973 7845 1.24644e+06 1.24068e+06 21513 13760 5763 40834 8352 4882 15283 4435 3410 679579 1.21917e+06 21851 13835 10219
internal_count=2048690 685121 1363569 117125 42176 74949 25213 7333 16963 42590 32359 17880 10973 7845 1246444 1240681 21513 13760 5763 40834 8352 4882 15283 4435 3410 679579 1219168 21851 13835 10219
is_linear=0
shrinkage=0.05


Tree=187
num_leaves=31
num_cat=0
split_feature=16 18 18 5 15 15 16 12 15 15 2 16 1 1 3 11 14 16 15 16 1 18 1 1 18 5 11 12 6 16
split_gain=409922 19016.5 7078.46 37565 5817.06 2378.76 4541.83 1915.43 1785.3 1655.05 1419.88 1207.03 1123.11 1011.07 902.421 876.576 816.419 735.201 1097.69 665.257 630.445 617.403 600.109 1829.47 588.687 496.692 432.786 404.386 375.981 373.803
threshold=-0.84841212603516436 -0.046822076110779036 inf -1.0000000180025095e-35 -1.0000000180025095e-35 -0.95581728266527843 0.21688681631710352 1.0000000180025095e-35 -0.63117408906882577 -0.99693251533742322 -0.8783796973249266 -0.62084420919083605 -0.12940952255126037 0.25881904510252057 0.81174490092936691 1.5000000000000002 1.0000000180025095e-35 1.0000000180025095e-35 0.17992805755395685 -0.65933268858800764 1.0000000180025095e-35 -0.74999999999999989 0.25881904510252057 1.0000000180025095e-35 -0.040833333333333326 692.50000000000011 6.166666666666667 1.0000000180025095e-35 1.5000000000000002 -0.9990583804143125
decision_type=8 10 8 2 10 10 8 2 8 10 2 10 2 2 2 2 2 10 8 10 2 10 2 2 10 2 2 2 2 10
left_child=1 4 5 9 -1 6 11 22 10 -4 24 20 15 14 -11 -9 -14 18 21 28 -2 -7 23 -8 -3 -19 -21 -23 -20 -6
right_child=2 8 3 -5 29 17 7 12 -10 13 -12 -13 16 -15 -16 -17 -18 25 19 26 -22 27 -24 -25 -26 -27 -28 -29 -30 -31
leaf_value=-6.8283250858613975e-06 1.744998706565415e-06 -1.9446209915552351e-05 1.9096569906973394e-05 -0.00072382558464997209 8.1861199646482422e-06 -1.9346680339704658e-06 -0.00048932335145255863 0.00014961787745151889 -6.2239848179768138e-07 2.2034839859619296e-05 7.240114002549092e-07 1.6298754205679167e-05 -0.0067073382552512613 -1.8122458783187412e-06 -7.7034727802738355e-06 -0.048451530347107676 0.0054787044762780179 0 4.0362681007544147e-06 -1.0684973218338946e-05 -1.6658886656473194e-06 0.0005438940716847063 -0.00094993943693229006 0.00014821283725370283 0.00020023699083558945 0.70610325790862027 0.12783616858792055 0.00013289484348142367 -0.010106705375626746 -4.5506936380446119e-06
leaf_weight=672621 381 602 13547 35900 2362 1056 4172 1425 3253 2453 5510 4710 2846 1698 694 1759 1633 1267639 992 3127 861 5564 6897 1722 433 1766 394 1412 921 340
leaf_count=672621 381 602 13547 35900 2362 1056 4172 1425 3253 2453 5510 4710 2846 1698 694 1759 1633 1267639 992 3127 861 5564 6897 1722 433 1766 394 1412 921 340
internal_value=-0.0169371 -0.0484899 -0.00108355 -0.0187744 -0.0494933 -0.000349964 -0.0152049 -0.0263909 0.0206675 0.0393323 0.0357143 0.0232359 -0.00662273 0.0142518 0.0310296 0.0160804 -0.0227618 -4.41977e-05 0.0115773 -0.00577843 -0.0206119 0.0233192 -0.0382339 -0.0265185 -0.0180193 -0.00016748 -0.0186737 0.0287127 0.0179561 0.0237232
internal_weight=2.04869e+06 685121 1.36357e+06 54292 675323 1.30928e+06 26406 20454 9798 18392 6545 5952 7663 4845 3147 3184 4479 1.28287e+06 13466 5434 1242 8032 12791 5894 1035 1.2694e+06 3521 6976 1913 2702
internal_count=2048690 685121 1363569 54292 675323 1309277 26406 20454 9798 18392 6545 5952 7663 4845 3147 3184 4479 1282871 13466 5434 1242 8032 12791 5894 1035 1269405 3521 6976 1913 2702
is_linear=0
shrinkage=0.05


Tree=188
num_leaves=31
num_cat=0
split_feature=17 12 17 14 5 17 1 17 0 17 17 5 1 17 17 1 17 1 14 1 14 5 14 17 14 10 9 17 5 1
split_gain=388017 11443 7913.11 1862.41 2016.99 1087.75 2125.4 943.037 825.072 600.014 536.311 482.213 443.001 420.077 480.746 404.327 394.991 392.048 1438.07 1216.53 1088.99 1032.92 1787.83 930.965 522.322 508.197 398.335 1317.32 816.736 1509.98
threshold=1.0000000180025095e-35 -0.91666666666666663 8.5000000000000018 1.0000000180025095e-35 -1.0000000180025095e-35 20.500000000000004 1.0000000180025095e-35 31.500000000000004 -1.0000000180025095e-35 171.50000000000003 308.00000000000006 692.50000000000011 -0.70710678118654757 5.5000000000000009 1.5000000000000002 0.25881904510252057 21.500000000000004 -0.5 10.003471017426028 0.37940952255126048 9.8840484039614154 55.500000000000007 0.92016825471890729 195.00000000000003 29.51012026069635 351.50000000000006 73.500000000000014 72.500000000000014 245.50000000000003 -0.12940952255126037
decision_type=10 2 10 2 2 10 2 10 2 10 10 2 2 10 10 2 10 2 2 2 2 2 2 10 2 2 2 10 2 2
left_child=3 2 13 15 -5 8 7 16 -4 -9 -8 17 -10 14 -2 -1 -7 20 26 -20 21 -3 -23 24 -21 -22 27 -19 29 -28
right_child=1 11 5 4 -6 6 10 9 12 -11 -12 -13 -14 -15 -16 -17 -18 18 19 23 25 22 -24 -25 -26 -27 28 -29 -30 -31
leaf_value=-6.4869088315711035e-06 -6.4869088315711035e-06 0 -4.127938437736845e-08 5.6762885430394765e-05 -0.0120678509334837 -1.3570401590756731e-05 6.8781083024660465e-07 -3.1784272493601277e-05 -6.5083280098576779e-08 0.00019820934881495945 -0.059244908002534249 0.67079809501319121 -4.127938437736845e-08 -1.2679655557168435e-05 -6.4869088315711035e-06 -6.4869088315711035e-06 2.7769014987466534e-07 0 -0.016850925466089819 0.15981888007982264 -0.11237976758977775 0.060961557634543341 0.0320316201770817 1.4641196406053127 -0.081102225279713738 -1.6868348064607717 0.02325553100676956 0.025076582036030717 0.03841187974304603 -0.0074904253607584797
leaf_weight=398512 9174 351139 7926 1272 1279 947 17615 7176 2591 942 499 1773 10318 10515 17961 290740 6019 665549 8076 4027 9838 15015 37916 6339 735 2801 19230 33056 25911 83799
leaf_count=398512 9174 351139 7926 1272 1279 947 17615 7176 2591 942 499 1773 10318 10515 17961 290740 6019 665549 8076 4027 9838 15015 37916 6339 735 2801 19230 33056 25911 83799
internal_value=-0.0169706 -0.00143328 -0.0184903 -0.0474452 -0.00480204 -0.0062286 -0.00060847 -0.0144723 -0.0151836 -0.0260532 0.0109363 -0.000197241 -0.0229801 -0.0360876 -0.0393753 -0.0476031 -0.00097617 -0.000233808 -0.000851696 0.0126845 0.0010217 0.00147375 0.00798492 0.0234258 0.00671987 -0.0134307 -0.00116537 -0.000694098 -0.00371878 -0.00571441
internal_weight=2.04869e+06 1.35689e+06 91683 691803 2551 54033 33198 15084 20835 8118 18114 1.2652e+06 12909 37650 27135 689252 6966 1.26343e+06 846722 19177 416709 404070 52931 11101 4762 12639 827545 698605 128940 103029
internal_count=2048690 1356887 91683 691803 2551 54033 33198 15084 20835 8118 18114 1265204 12909 37650 27135 689252 6966 1263431 846722 19177 416709 404070 52931 11101 4762 12639 827545 698605 128940 103029
is_linear=0
shrinkage=0.05


Tree=189
num_leaves=31
num_cat=0
split_feature=16 15 5 16 15 16 15 1 5 1 1 1 8 1 16 12 15 16 16 1 15 16 15 16 5 1 15 1 16 15
split_gain=406479 7418.96 12003.3 18181.5 6321.34 6162.65 2465.26 1792.71 1237.29 996.848 2076.96 792.229 767.555 3958.2 3131.8 825.488 703.3 677.691 921.172 668.435 639.987 606.665 600.831 575.588 565.922 1511.94 1160.51 549.715 540.474 540.712
threshold=-0.84841212603516436 1.0000000180025095e-35 -1.0000000180025095e-35 0.21688681631710352 0.46821976838136287 0.21688681631710352 -0.99693251533742322 0.1294095225512602 3.5000000000000004 0.25881904510252057 1.0000000180025095e-35 -0.12940952255126037 -1.0000000180025095e-35 0.25881904510252057 3.1650909810126584 -0.91666666666666663 0.46821976838136287 13.582739735834201 1.0012315270935963 0.37940952255126048 -0.52539565697460422 81.001256281407052 229.03278688524594 0.3913968547641074 1.0000000180025095e-35 0.60355339059327384 0.61964176362522971 0.60355339059327384 -0.068633192442837485 -0.82101686688508668
decision_type=8 10 2 10 10 10 10 2 2 2 2 2 2 2 10 2 10 10 10 2 10 10 10 10 2 2 10 2 10 8
left_child=4 2 3 6 20 8 -2 -7 28 10 -5 -8 13 14 23 16 -16 18 -9 -20 -1 -18 -15 -3 25 -14 -26 -21 -4 -30
right_child=1 12 5 9 -6 7 11 17 -10 -11 -12 -13 24 22 15 -17 21 -19 19 27 -22 -23 -24 -25 26 -27 -28 -29 29 -31
leaf_value=-6.1625633899942136e-06 1.8466086853208276e-05 -7.1966034221881974e-07 -0.013130102352184715 -0.00048624015987718265 3.5039355743227142e-06 0.00014213698357894435 2.0356551194200545e-05 -0.0063719713424887029 0.024584184065875505 -0.0009024404011164556 0.00058919593411612683 -1.5135891906936651e-06 -7.8615671738264882e-07 3.4444159327740032e-05 4.1383821062157547e-05 0.029568261786401085 -1.7599966648962351e-05 -0.0012291938921072899 -8.8546619689518797e-06 1.4828334953275646e-05 -6.1625633899942136e-06 0.00016538993136441251 -0.058239600879108823 1.2296224674779311e-05 1.0061236927483287e-07 -0.00014936863782664755 0 -6.6204334606888546e-07 0.00032996640078674603 -0.00024441149361602874
leaf_weight=672726 19019 1603 17841 5027 4224 9237 3807 2318 1084 8201 2099 3380 53085 8696 467 1146 8340 4531 1190 1233 8171 1047 273 3790 11565 11146 1154217 5155 227 23845
leaf_count=672726 19019 1603 17841 5027 4224 9237 3807 2318 1084 8201 2099 3380 53085 8696 467 1146 8340 4531 1190 1233 8171 1047 273 3790 11565 11146 1154217 5155 227 23845
internal_value=-0.0170575 -0.00127064 -0.0138335 0.00726531 -0.0484775 -0.026979 0.0325651 -0.00648665 -0.0382573 -0.035992 -0.0223127 0.00761792 -0.000187912 0.00842205 -0.00618862 -0.0214909 -0.026162 -0.0174984 -0.0101657 -0.00172869 -0.0488558 -0.0291414 0.0351265 0.0250232 -0.000365443 -0.00493453 -0.000113701 0.00468065 -0.0396214 -0.0347333
internal_weight=2.04869e+06 1.36357e+06 108194 41533 685121 66661 26206 23664 42997 15327 7126 7187 1.25538e+06 25362 16393 11000 9854 14427 9896 7578 680897 9387 8969 5393 1.23001e+06 64231 1.16578e+06 6388 41913 24072
internal_count=2048690 1363569 108194 41533 685121 66661 26206 23664 42997 15327 7126 7187 1255375 25362 16393 11000 9854 14427 9896 7578 680897 9387 8969 5393 1230013 64231 1165782 6388 41913 24072
is_linear=0
shrinkage=0.05


Tree=190
num_leaves=31
num_cat=0
split_feature=18 16 5 16 17 16 18 18 1 0 16 16 1 18 1 4 3 16 5 0 8 1 1 18 17 17 17 17 17 18
split_gain=411547 26520.2 33823 7757.41 4457.79 1007.58 1495.56 812.333 790.247 647.426 631.675 832.692 564.406 506.172 456.669 440.396 728.334 438.128 435.591 428.772 410.517 403.006 384.129 704.113 822.608 478.924 538.384 657.029 462.112 458.421
threshold=-0.11805555555555554 -0.84841212603516436 -1.0000000180025095e-35 -0.98160224443591992 1.0000000180025095e-35 1.0000000180025095e-35 0.033615819209039555 -0.060661764705882346 -0.60355339059327384 -1.0000000180025095e-35 0.21688681631710352 -0.62084420919083605 0.25881904510252057 0.031320067264574002 -0.12940952255126037 1.0000000180025095e-35 1.0000000180025095e-35 -0.77441247112257117 692.50000000000011 -0.98296291314453399 -1.0000000180025095e-35 0.25881904510252057 0.60355339059327384 -0.0044176316045538575 33.500000000000007 42.500000000000007 17.500000000000004 19.500000000000004 106.00000000000001 -0.027046783625730989
decision_type=10 8 2 8 10 10 10 10 2 2 10 8 2 10 2 2 2 8 2 2 2 2 2 10 10 10 10 10 10 10
left_child=1 -1 4 7 17 20 9 -2 -9 13 11 14 -13 19 -6 -10 -17 -3 -8 -7 -5 -12 29 24 -24 26 -25 -28 -26 -11
right_child=3 2 -4 5 10 6 18 8 15 22 21 12 -14 -15 -16 16 -18 -19 -20 -21 -22 -23 23 25 28 -27 27 -29 -30 -31
leaf_value=-5.8544352204925603e-06 2.6891275434204331e-07 5.2360216620805922e-06 -0.00066502392865806391 2.6868390775958153e-05 9.936042031477577e-07 -1.8652146859204912e-05 0 -1.9051442060602499e-07 9.6154845823370745e-07 -1.6310644153538779e-05 -7.5212981094918702e-07 -1.7400252478871893e-07 1.4756955899586366e-05 -0.0053080643609946356 -2.1815531334457017e-06 -1.399563830077888e-05 6.1172541657306129e-05 1.7542782510548972e-05 0.63725819026253139 -4.1654243330760852e-07 0.00013548455153409957 -0.00086932483842478434 -0.00036459764704172004 -0.00010940996807783629 3.0029247444418596e-05 -0.0010493206743696524 9.1435044303031869e-06 -1.3517887016952725e-06 -0.00016808554029985602 -1.9345349002619723e-06
leaf_weight=665754 8542 2361 35900 2086 612 5429 1164183 2697 4902 11313 1457 2691 2771 2399 921 1208 1244 16031 1770 55425 11473 1638 3338 3579 1910 2925 529 3041 585 29976
leaf_count=665754 8542 2361 35900 2086 612 5429 1164183 2697 4902 11313 1457 2691 2771 2399 921 1208 1244 16031 1770 55425 11473 1638 3338 3579 1910 2925 529 3041 585 29976
internal_value=-0.0167185 -0.0468339 -0.0161909 -4.2357e-05 0.0244962 -0.000501015 -0.000643928 0.0320255 0.0223908 -0.00594816 -0.00221011 0.00611151 0.0152508 -0.00246233 -0.0264514 0.0308812 0.0135808 0.0391475 -9.5973e-05 -0.00157426 0.0130577 -0.0210178 -0.00980313 -0.0164047 -0.00258015 -0.0244094 -0.017436 -0.00369748 0.0191383 -0.0072598
internal_weight=2.04869e+06 730136 64382 1.31855e+06 28482 1.29996e+06 1.2864e+06 18593 10051 120449 10090 6995 5462 63253 1533 7354 2452 18392 1.16595e+06 60854 13559 3095 57196 15907 5833 10074 7149 3570 2495 41289
internal_count=2048690 730136 64382 1318554 28482 1299961 1286402 18593 10051 120449 10090 6995 5462 63253 1533 7354 2452 18392 1165953 60854 13559 3095 57196 15907 5833 10074 7149 3570 2495 41289
is_linear=0
shrinkage=0.05


Tree=191
num_leaves=31
num_cat=0
split_feature=18 16 5 16 17 15 15 16 15 15 17 15 0 12 16 15 16 15 0 16 15 17 14 16 5 9 5 15 17 15
split_gain=412072 25611.3 32616.6 7333.94 4017.63 3187.16 2490.49 2311.38 1473.75 1389.34 992.704 937.222 770.053 751.902 625.671 1139.71 1336.9 706.178 666.669 504.52 1394.16 959.6 523.42 480.418 470.816 439.252 439.238 402.39 823.881 786.27
threshold=-0.11805555555555554 -0.84841212603516436 -1.0000000180025095e-35 -0.98160224443591992 1.0000000180025095e-35 -0.99693251533742322 -0.99693251533742322 0.21688681631710352 -0.88854382332643189 0.68048396334478822 21.500000000000004 -0.89968553459119482 0.98296291314453421 -0.74999999999999989 0.21688681631710352 -0.96326902320561236 -0.62084420919083605 0.078222778473091378 0.98296291314453421 1.0000000180025095e-35 0.078222778473091378 122.50000000000001 1.0000000180025095e-35 1.0000000180025095e-35 3.5000000000000004 -1.0000000180025095e-35 692.50000000000011 0.17992805755395685 137.00000000000003 -1.0000000180025095e-35
decision_type=10 8 2 8 10 8 10 10 8 10 10 10 2 2 10 10 8 10 2 8 8 10 2 10 2 2 2 10 10 10
left_child=1 9 4 8 6 7 -3 -5 -2 -1 -10 -8 13 -9 15 16 -6 -16 -18 20 21 22 -7 -21 25 -22 27 28 -25 -30
right_child=3 2 -4 5 14 19 11 12 10 -11 -12 -13 -14 -15 17 -17 18 -19 -20 23 24 -23 -24 26 -26 -27 -28 -29 29 -31
leaf_value=-5.5617134594676548e-06 2.5546711662771671e-07 1.6665643385016528e-05 -0.00063177273222516078 2.5857532755946268e-05 -2.0724754767720291e-06 0.00069773055169729389 -2.4724645277196534e-06 -0.00041826759337552645 8.8049750009977509e-07 7.8781722372411878e-06 -7.7083412289291608e-07 1.9362476622974969e-05 7.4797953299254879e-05 0.0053105704691340464 -0.00082585859650354258 -6.9213454297001325e-06 1.4317554167964098e-05 6.8702859249092368e-06 -0.0043276720056044217 -2.9397728809832381e-06 8.701102420527463e-06 -0.0013509047067776182 0.001164897109765417 -1.4758015373741669e-06 0.05295505368745599 -0.00034482616844206927 0.60539528074940563 0 0.82226739544895155 -0.0011152681637834427
leaf_weight=665199 12492 13547 35900 1476 1008 4782 1355 9679 2936 555 3165 3490 1107 608 2159 2683 3026 936 278 1927 514 755 1105 30858 773 2550 1770 1238137 610 3310
leaf_count=665199 12492 13547 35900 1476 1008 4782 1355 9679 2936 555 3165 3490 1107 608 2159 2683 3026 936 278 1927 514 755 1105 30858 773 2550 1770 1238137 610 3310
internal_value=-0.0167505 -0.0468851 -0.0167718 -6.37441e-05 0.0231831 -0.000509708 0.0370922 -0.0252681 0.0311165 -0.0497972 0.0109736 0.00632611 -0.0328945 -0.0371585 -0.00217047 0.00611151 0.0220315 -0.0208885 0.0374092 -0.000262142 0.0106642 0.0245257 0.0313317 -0.00035183 -0.0133307 -0.0221279 -0.000314117 -0.000348727 -0.005653 -0.0272449
internal_weight=2.04869e+06 730136 64382 1.31855e+06 28482 1.29996e+06 18392 12870 18593 665754 6101 4845 11394 10287 10090 6995 4312 3095 3304 1.28709e+06 10479 6642 5887 1.27661e+06 3837 3064 1.27468e+06 1.27292e+06 34778 3920
internal_count=2048690 730136 64382 1318554 28482 1299961 18392 12870 18593 665754 6101 4845 11394 10287 10090 6995 4312 3095 3304 1287091 10479 6642 5887 1276612 3837 3064 1274685 1272915 34778 3920
is_linear=0
shrinkage=0.05


Tree=192
num_leaves=31
num_cat=0
split_feature=18 15 18 14 10 18 18 6 1 15 6 1 15 15 3 1 2 15 1 14 13 15 1 18 6 14 18 18 12 15
split_gain=413568 2822.31 2178.22 1977.62 1448.8 1122.12 470.125 393.555 408.598 346.064 843.302 544.016 472.555 397.639 495.711 348.142 340.18 314.692 302.812 1164.03 972.865 859.624 791.835 1369.86 753.915 2312.41 746.669 688.691 612.062 1073.9
threshold=-0.11805555555555554 1.0000000180025095e-35 -0.081415620641562048 1.0000000180025095e-35 -1.0000000180025095e-35 -0.11805555555555554 -0.11805555555555554 676.50000000000011 0.37940952255126048 -0.99693251533742322 -1.0000000180025095e-35 0.25881904510252057 -1.0000000180025095e-35 -0.89384469696969682 -0.56174490092936669 0.98296291314453421 -0.60785761079279388 -0.97212509712509698 -0.5 11.626717178328073 7.0945599899431757 inf 0.37940952255126048 0.05581516095534788 77.500000000000014 1.6201341443438058 0.96245300751879703 -0.040833333333333326 -0.91666666666666663 0.61964176362522971
decision_type=10 10 10 2 2 8 8 2 2 8 2 2 10 10 2 2 2 10 2 2 2 8 2 10 2 2 10 10 2 10
left_child=1 3 -2 5 -5 -1 -6 18 -9 11 12 -7 13 15 -15 -11 -13 -17 20 21 24 27 -21 -24 28 -26 -25 -20 -4 -30
right_child=2 -3 7 4 6 9 -8 8 -10 10 -12 16 -14 14 -16 17 -18 -19 19 22 -22 -23 23 26 25 -27 -28 -29 29 -31
leaf_value=-5.2836277864953825e-06 2.4269376079910644e-07 2.4670075766453085e-06 -6.4858093910991068e-06 -0.010743113436156118 -0.00092817451630844991 -5.2836277864953825e-06 5.1291015521426342e-05 -0.18044045445322468 0.77512551671193253 -5.2836277864953825e-06 -0.00060018409561390278 -5.2836277864953825e-06 0.010022304316935139 -5.2836277864953825e-06 -5.2836277864953825e-06 2.22904040900751e-05 -5.2836277864953825e-06 -1.0064321828551215e-05 4.9057699912369308e-07 -0.00033193582798408819 -0.46826548942092611 -0.006053298985287392 -0.017559249317081773 1.1753528688909427 0.083467545504602475 -0.028565450352927613 -0.18545637577711319 0 1.0842327860877602e-07 0
leaf_weight=35243 14958 2672 11770 1261 418 358500 1290 798 1258 8947 35170 79789 159 2040 8866 183 195460 138 13128 6412 7584 4856 899 7362 16202 26656 947 839909 19968 345847
leaf_count=35243 14958 2672 11770 1261 418 358500 1290 798 1258 8947 35170 79789 159 2040 8866 183 195460 138 13128 6412 7584 4856 899 7362 16202 26656 947 839909 19968 345847
internal_value=-0.0167624 -0.0469517 -4.53906e-05 -0.0471401 -0.0064163 -0.047307 0.0235948 -0.00026308 0.0215953 -0.0477519 -0.0439661 -0.0480835 -0.0358604 -0.0365371 -0.030066 -0.0441519 -0.0464116 0.00700935 -0.000297609 -0.00083147 0.000791889 -0.00107776 0.0126953 0.0220895 0.00111204 0.00739652 0.028433 -0.000958341 0.000398718 0.00075981
internal_weight=2.04869e+06 730136 1.31855e+06 727464 2969 724495 1708 1.3036e+06 2056 689252 55503 633749 20333 20174 10906 9268 275249 321 1.30154e+06 873513 428027 857893 15620 9208 420443 42858 8309 853037 377585 365815
internal_count=2048690 730136 1318554 727464 2969 724495 1708 1303596 2056 689252 55503 633749 20333 20174 10906 9268 275249 321 1301540 873513 428027 857893 15620 9208 420443 42858 8309 853037 377585 365815
is_linear=0
shrinkage=0.05


Tree=193
num_leaves=31
num_cat=0
split_feature=18 16 5 16 15 17 15 15 15 1 3 16 0 10 16 15 16 15 0 16 16 1 0 2 17 17 16 1 17 1
split_gain=412708 25080.2 31809.7 8089.34 4297.34 3538.88 1826.34 1696.95 1414.1 883.808 978.286 703.367 768.689 734.49 696.013 1028.05 1313.36 676.226 631.373 524.412 855.398 982.741 587.641 504.393 980.119 536.015 482.299 456.592 425.097 474.922
threshold=-0.11805555555555554 -0.84841212603516436 -1.0000000180025095e-35 -1.0000000180025095e-35 -0.99693251533742322 1.0000000180025095e-35 0.46821976838136287 -0.99693251533742322 -0.99693251533742322 0.25881904510252057 0.81174490092936691 0.21688681631710352 0.98296291314453421 -1.0000000180025095e-35 0.21688681631710352 -0.82101686688508668 -0.62084420919083605 0.078222778473091378 0.98296291314453421 -0.62084420919083605 -0.72921861616065475 1.0000000180025095e-35 0.98296291314453421 -0.8783796973249266 19.500000000000004 28.500000000000004 -1.0000000180025095e-35 1.0000000180025095e-35 21.500000000000004 0.25881904510252057
decision_type=10 8 2 8 8 10 10 8 10 2 2 10 2 2 10 10 8 10 2 8 10 2 2 2 10 10 10 2 10 2
left_child=1 6 5 7 11 8 -1 23 19 10 -10 -5 13 -13 15 16 27 -16 -18 20 22 -22 -3 24 -2 -26 -6 -7 29 -9
right_child=3 2 -4 4 26 14 -8 28 9 -11 -12 12 -14 -15 17 -17 18 -19 -20 -21 21 -23 -24 -25 25 -27 -28 -29 -30 -31
leaf_value=-5.0194463971697804e-06 2.3055907275582046e-07 3.1420575014262654e-06 -0.00057017489083320755 0.0001652874210269606 -2.7927842369379621e-06 1.3769148231590478e-06 7.3609132465457527e-06 5.7147595149686925e-06 1.8658534181148489e-05 -2.902690250639051e-06 -7.8857777267904442e-06 -0.0003973542137067521 7.1058055634287687e-05 0.0050271724911205018 -0.00078430148528904067 -7.4046037881358996e-06 1.3865857848882613e-05 6.403421249834285e-06 -0.0041110242239348728 1.6096542605081864e-05 3.4097710654323878e-06 -1.1163067692443462e-09 -0.031416216223839902 4.6604814917250438e-07 -1.3333158591527507e-05 0.00030282141012453193 0 -1.7046703136069931e-06 -1.4341735651846044e-07 -3.4944037345940871e-07
leaf_weight=665075 1257 2590 35900 367 1927 433 679 5972 2453 1698 694 9688 1107 599 2159 2196 3286 936 278 9610 415 646 286 11200 770 332 1280496 802 3660 1179
leaf_count=665075 1257 2590 35900 367 1927 433 679 5972 2453 1698 694 9688 1107 599 2159 2196 3286 936 278 9610 415 646 286 11200 770 332 1280496 802 3660 1179
internal_value=-0.0167411 -0.0468989 -0.0170995 -4.14469e-05 -0.000578859 0.022358 -0.0497807 0.0284982 0.0354121 0.0122291 0.0279155 -0.0306649 -0.0328594 -0.0371197 -0.00143707 0.00729807 0.0202646 -0.0211793 0.0356622 0.0437034 0.0283338 -0.0100377 0.0424896 0.0402795 0.0192666 -0.0151543 -0.000302942 -0.02417 0.0137221 0.0208153
internal_weight=2.04869e+06 730136 64382 1.31855e+06 1.29418e+06 28482 665754 24370 18392 4845 3147 11761 11394 10287 10090 6995 4799 3095 3564 13547 3937 1061 2876 13559 2359 1102 1.28242e+06 1235 10811 7151
internal_count=2048690 730136 64382 1318554 1294184 28482 665754 24370 18392 4845 3147 11761 11394 10287 10090 6995 4799 3095 3564 13547 3937 1061 2876 13559 2359 1102 1282423 1235 10811 7151
is_linear=0
shrinkage=0.05


Tree=194
num_leaves=31
num_cat=0
split_feature=18 16 5 16 15 17 15 15 15 1 12 16 16 15 16 15 16 16 1 2 17 17 16 1 16 18 5 9 15 18
split_gain=412353 24951.3 31608 6848.68 4297.34 3486.97 2431.95 1525.64 1389.3 811.319 741.599 743.784 692.524 1022.87 1307.21 676.226 524.412 855.398 982.741 504.393 980.119 536.015 482.299 456.592 430.375 420.869 400.521 386.396 355.549 478.814
threshold=-0.11805555555555554 -0.84841212603516436 -1.0000000180025095e-35 -1.0000000180025095e-35 -0.99693251533742322 1.0000000180025095e-35 -0.99693251533742322 -0.99693251533742322 0.68048396334478822 0.25881904510252057 -0.24999999999999997 0.21688681631710352 0.21688681631710352 -0.82101686688508668 -0.62084420919083605 0.078222778473091378 -0.62084420919083605 -0.72921861616065475 1.0000000180025095e-35 -0.8783796973249266 19.500000000000004 28.500000000000004 -1.0000000180025095e-35 1.0000000180025095e-35 -0.62084420919083605 0.68335945663531883 692.50000000000011 33.500000000000007 -0.52539565697460422 -0.046822076110779036
decision_type=10 8 2 8 8 10 8 10 10 2 2 10 10 10 8 10 8 10 2 2 10 10 10 2 10 10 2 2 8 10
left_child=1 8 5 6 10 7 19 16 -1 24 11 -5 13 14 23 -14 17 -3 -19 20 -2 -22 27 -7 -9 28 -24 -6 29 -8
right_child=3 2 -4 4 22 12 25 9 -10 -11 -12 -13 15 -15 -16 -17 -18 18 -20 -21 21 -23 26 -25 -26 -27 -28 -29 -30 -31
leaf_value=-4.768474077310181e-06 2.1903111911969476e-07 2.9849546263505113e-06 -0.00054166614629154724 0.00015702304997561312 -2.6531450250888434e-06 1.3080690820066466e-06 -3.3196835478865876e-07 2.501349626105043e-06 6.9928675842212413e-06 -2.7575557381087635e-06 0.008084144929455318 -0.00032169050429184945 -0.00074508641102458703 -7.0343735987299375e-06 1.2979096405307811e-05 6.083250187338685e-06 1.5291715474829993e-05 3.2392825121574377e-06 -1.0604914280065713e-09 4.4274574171332406e-07 -1.2666500661950852e-05 0.00028768033961830143 0 -1.6194367979283088e-06 1.7725607472085513e-05 0.00021503940559974843 0.5840535945093962 0.044017885123540525 5.3859996130833925e-07 1.0825615088583264e-06
leaf_weight=665199 1257 2876 35900 335 1426 433 694 1260 555 1698 696 10730 2159 2196 3564 936 9610 415 646 11200 770 332 1278726 802 1887 2474 1770 501 6679 964
leaf_count=665199 1257 2876 35900 335 1426 433 694 1260 555 1698 696 10730 2159 2196 3564 936 9610 415 646 11200 770 332 1278726 802 1887 2474 1770 501 6679 964
internal_value=-0.0167768 -0.0469217 -0.0171989 -8.43727e-05 -0.000578859 0.0221333 0.0261756 0.0350913 -0.049796 0.0110114 -0.0306649 -0.0338138 -0.00148662 0.00722659 0.0201605 -0.0211793 0.0437034 0.0283338 -0.0100377 0.0402795 0.0192666 -0.0151543 -0.000302942 -0.02417 0.0260407 0.00848673 -0.000265327 -0.0252984 0.00311263 -0.0176116
internal_weight=2.04869e+06 730136 64382 1.31855e+06 1.29418e+06 28482 24370 18392 665754 4845 11761 11065 10090 6995 4799 3095 13547 3937 1061 13559 2359 1102 1.28242e+06 1235 3147 10811 1.2805e+06 1927 8337 1658
internal_count=2048690 730136 64382 1318554 1294184 28482 24370 18392 665754 4845 11761 11065 10090 6995 4799 3095 13547 3937 1061 13559 2359 1102 1282423 1235 3147 10811 1280496 1927 8337 1658
is_linear=0
shrinkage=0.05


Tree=195
num_leaves=31
num_cat=0
split_feature=18 16 5 16 17 15 15 16 15 15 12 0 16 15 16 15 16 0 16 16 0 16 5 4 18 3 17 9 17 16
split_gain=411698 24865.8 31494.8 5941.43 3449.75 2849.81 2566.97 2208.23 1595.78 1389.3 728.448 717.85 692.524 1022.87 1307.21 676.226 640.58 628.927 524.412 855.398 587.641 490.695 390.745 387.358 795.252 503.837 559.983 374.403 339.855 338.291
threshold=-0.11805555555555554 -0.84841212603516436 -1.0000000180025095e-35 -0.98160224443591992 1.0000000180025095e-35 -0.99693251533742322 -0.99693251533742322 0.21688681631710352 -0.99693251533742322 0.68048396334478822 -0.24999999999999997 0.98296291314453421 0.21688681631710352 -0.82101686688508668 -0.62084420919083605 0.078222778473091378 -0.62084420919083605 0.98296291314453421 -0.62084420919083605 -0.72921861616065475 0.98296291314453421 -0.98160224443591992 692.50000000000011 1.0000000180025095e-35 -0.060661764705882346 1.0000000180025095e-35 28.500000000000004 33.500000000000007 21.500000000000004 -0.9990583804143125
decision_type=10 8 2 8 10 8 8 10 10 10 2 2 10 10 8 10 10 2 8 10 2 10 2 2 10 2 10 2 10 10
left_child=1 9 4 6 8 7 23 -5 18 -1 11 -9 13 14 -6 -14 -10 -16 19 20 -3 27 -23 -2 -25 26 -26 -7 -27 -11
right_child=3 2 -4 5 12 21 -8 10 16 29 -12 -13 15 -15 17 -17 -18 -19 -20 -21 -22 22 -24 24 25 28 -28 -29 -30 -31
leaf_value=-4.5300503734468924e-06 4.2060845463209877e-07 2.8357068950324307e-06 -0.00051458283897696979 2.4507081735569702e-05 -1.5384649580341137e-06 -2.5204877738382872e-06 1.6208434587827726e-07 -0.00036140197780681893 -7.3622287833419179e-06 9.5672114592826318e-06 0.0057285404425226009 3.8761361323214062e-05 -0.00070783209047335931 -6.6826549187937179e-06 1.2523610136172537e-05 5.7790876779706408e-06 1.6839327098483461e-05 -0.0039061219675583961 1.4527129701091825e-05 -1.0074668543857969e-09 -0.029845554660379227 0 0.55485091478392412 1.851193782154148e-07 -1.6217193085843464e-05 -2.9089107395852133e-06 0.00027329632263738412 0.041816990867363658 5.9092973040586476e-05 -5.0067791885488599e-06
leaf_weight=665199 7793 2590 35900 1476 1235 1426 6143 9685 1875 433 664 1045 2159 2196 3286 936 2970 278 9610 1061 286 1283394 1770 2432 750 127 329 501 1019 122
leaf_count=665199 7793 2590 35900 1476 1235 1426 6143 9685 1875 433 664 1045 2159 2196 3286 936 2970 278 9610 1061 286 1283394 1770 2432 750 127 329 501 1019 122
internal_value=-0.0168057 -0.0469266 -0.0172548 -0.00012654 0.0220069 -0.000527939 0.0279379 -0.0239394 0.0348956 -0.049796 -0.0313937 -0.0345387 -0.00148662 0.00722659 0.0201605 -0.0211793 0.0102683 0.0355219 0.0437034 0.0283338 0.0424896 -0.000293841 -0.000256037 0.040988 0.0295791 0.00797753 -0.0165431 -0.025506 0.0310646 0.0292793
internal_weight=2.04869e+06 730136 64382 1.31855e+06 28482 1.29996e+06 18593 12870 18392 665754 11394 10730 10090 6995 4799 3095 4845 3564 13547 3937 2876 1.28709e+06 1.28516e+06 12450 4657 2225 1079 1927 1146 555
internal_count=2048690 730136 64382 1318554 28482 1299961 18593 12870 18392 665754 11394 10730 10090 6995 4799 3095 4845 3564 13547 3937 2876 1287091 1285164 12450 4657 2225 1079 1927 1146 555
is_linear=0
shrinkage=0.05


Tree=196
num_leaves=31
num_cat=0
split_feature=17 16 5 16 17 16 16 5 16 1 2 17 16 1 0 17 17 5 1 10 5 1 9 1 17 10 5 0 0 16
split_gain=395890 17166.5 32774.7 5657.08 24441.6 1032.05 773.323 1149.96 598.844 777.036 566.429 1037.96 545.412 894.059 504.955 420.324 385.456 362.855 1549.95 577.126 594.715 899.083 841.475 547.407 1406.12 1618.93 2488.62 1047.14 1372.15 1036.44
threshold=1.0000000180025095e-35 -0.84841212603516436 -1.0000000180025095e-35 -0.81858630851074166 8.5000000000000018 -0.62084420919083605 1.0000000180025095e-35 1.0000000180025095e-35 -0.97092680047225488 -0.5 -0.8783796973249266 21.500000000000004 -0.72921861616065475 1.0000000180025095e-35 0.12940952255126045 171.50000000000003 21.500000000000004 518.50000000000011 0.37940952255126048 496.50000000000006 368.50000000000006 0.1294095225512602 348.50000000000006 -0.12940952255126037 259.50000000000006 98.500000000000014 99.500000000000014 -1.0000000180025095e-35 -0.37940952255126065 58.47071984134363
decision_type=10 8 2 10 10 8 10 2 8 2 2 10 10 2 2 10 10 2 2 2 2 2 2 2 10 2 2 2 2 10
left_child=1 -1 5 4 -2 12 15 14 9 -6 11 -11 -3 -14 -8 16 -5 19 -19 20 22 -22 23 -9 25 -25 27 28 -27 -28
right_child=3 2 -4 6 8 -7 7 17 -10 10 -12 -13 13 -15 -16 -17 -18 18 -20 -21 21 -23 -24 24 -26 26 29 -29 -30 -31
leaf_value=-4.3035478547726047e-06 -4.3035478547726047e-06 2.6939215502785885e-06 -0.00048885369702812134 1.159898356600797e-05 1.7501969853395139e-07 1.3800773216032792e-05 -1.8769966109876944e-06 0 -1.8175389173824553e-05 1.9882359425515972e-07 1.7586340930186851e-07 -1.1222315974562802e-05 3.0773687598850688e-06 -9.570935100011725e-10 -1.0421387333086061e-05 -0.0013757545777929063 0.00069891534420689447 -0.34079404965819154 0.39464362746090276 -0.1435242538288975 -0.088827223243987424 0.32826562394515124 -0.092930811567626392 0 0.19235971417008174 -0.047396202870614704 0.34026693655966939 -0.0071159040927206265 0.00085481871804020675 -0.024092996915462808
leaf_weight=637511 29966 4352 35900 13903 5711 12582 68271 523221 1472 1302 10462 1095 647 811 48869 583 2157 3164 4144 3533 4781 5849 3137 561482 14616 2556 1384 6775 913 37541
leaf_count=637511 29966 4352 35900 13903 5711 12582 68271 523221 1472 1302 10462 1095 647 811 48869 583 2157 3164 4144 3533 4781 5849 3137 561482 14616 2556 1384 6775 913 37541
internal_value=-0.0168053 -0.0475875 -0.0205979 -0.00111107 -0.0176152 0.0336777 -0.000479539 -0.000617678 0.0251272 0.0275606 0.0343767 0.0124531 0.0162478 -0.0102195 -0.00534147 0.0102295 0.0117435 -0.000145981 0.0109606 -0.000215605 -0.000154269 0.0116181 -0.000262933 -0.000192296 -0.00119085 -0.00155768 -0.0102575 -0.0321847 -0.00984434 -0.00448683
internal_weight=2.04869e+06 691803 54292 1.35689e+06 50008 18392 1.30688e+06 1.29024e+06 20042 18570 12859 2397 5810 1458 117140 16643 16060 1.1731e+06 7308 1.16579e+06 1.16226e+06 10630 1.15162e+06 1.14849e+06 625267 610651 49169 10244 3469 38925
internal_count=2048690 691803 54292 1356887 50008 18392 1306879 1290236 20042 18570 12859 2397 5810 1458 117140 16643 16060 1173096 7308 1165788 1162255 10630 1151625 1148488 625267 610651 49169 10244 3469 38925
is_linear=0
shrinkage=0.05


Tree=197
num_leaves=31
num_cat=0
split_feature=18 16 5 16 17 15 15 15 15 1 16 12 1 3 8 17 2 17 16 15 16 15 0 0 1 16 16 1 0 16
split_gain=413038 24067.9 30469.9 5759.91 3177.25 2570.62 2493.67 2260.28 1826.34 1581.8 1473.04 1191.2 1180.01 868.838 831.949 823.938 710.832 1206.67 677.963 1041.84 1316.81 676.226 666.669 646.611 625.046 524.412 855.398 982.741 587.641 426.977
threshold=-0.11805555555555554 -0.84841212603516436 -1.0000000180025095e-35 -0.97092680047225488 1.0000000180025095e-35 -0.99693251533742322 -0.99693251533742322 -0.99693251533742322 0.46821976838136287 0.25881904510252057 0.21688681631710352 1.0000000180025095e-35 -0.12940952255126037 0.81174490092936691 1.5000000000000002 1.5000000000000002 -0.8783796973249266 19.500000000000004 0.21688681631710352 -0.96326902320561236 -0.62084420919083605 0.078222778473091378 0.98296291314453421 0.98296291314453421 1.0000000180025095e-35 -0.62084420919083605 -0.72921861616065475 1.0000000180025095e-35 0.98296291314453421 -0.95135004302925974
decision_type=10 8 2 8 10 10 8 10 10 2 8 2 2 2 2 10 2 10 10 10 8 10 2 2 2 8 10 2 2 10
left_child=1 8 4 6 7 10 16 25 -1 13 -5 23 14 -9 -13 -14 17 -2 19 20 24 -20 -22 -12 -6 26 28 -28 -3 -7
right_child=3 2 -4 5 18 29 -8 9 -10 -11 11 12 15 -15 -16 -17 -18 -19 21 -21 22 -23 -24 -25 -26 -27 27 -29 -30 -31
leaf_value=-4.0883704620353623e-06 1.8888241454240173e-07 2.5592254727646591e-06 -0.00046441101217671528 2.270177847049082e-05 7.3963969751122968e-07 -2.1792859924096853e-06 1.4522914365544537e-07 1.5307322082758201e-05 6.3800410247782942e-06 -4.151682966929693e-06 -0.00035360409363386361 0.00013509850331294148 -0.0057506340360230284 -7.3831409600988445e-06 -0.042472819277175944 -0.010613248808824239 1.6707023883233419e-07 -1.0661200175832165e-05 -0.00067191941658303889 -5.8349643319077774e-06 1.1317480451056295e-05 6.0112026607272998e-06 -0.0037113958183587759 3.7344362623703553e-05 -2.0414908884380802e-06 1.3110734555232817e-05 2.923500321894146e-06 -9.0923883422355806e-10 -0.028353411623437776 0
leaf_weight=665075 1216 2590 35900 1575 227 1775 6183 2453 679 1698 9961 1386 1830 694 1731 2599 10159 1079 2159 2683 3026 936 278 1055 781 9610 415 646 286 1278005
leaf_count=665075 1216 2590 35900 1575 227 1775 6183 2453 679 1698 9961 1386 1830 694 1731 2599 10159 1079 2159 2683 3026 936 278 1055 781 9610 415 646 286 1278005
internal_value=-0.0167878 -0.0469577 -0.0177658 -8.14908e-05 0.0208518 -0.000477184 0.0275178 0.033221 -0.0497807 0.00391125 -0.0182028 -0.022142 -0.00683806 0.0248967 0.0167308 -0.0234252 0.0404047 0.0152723 -0.00169475 0.00692638 0.0221475 -0.0211793 0.0374092 -0.0326253 -0.027877 0.0437034 0.0283338 -0.0100377 0.0424896 -0.000198276
internal_weight=2.04869e+06 730136 64382 1.31855e+06 28482 1.29992e+06 18637 18392 665754 4845 20137 18562 7546 3147 3117 4429 12454 2295 10090 6995 4312 3095 3304 11016 1008 13547 3937 1061 2876 1.27978e+06
internal_count=2048690 730136 64382 1318554 28482 1299917 18637 18392 665754 4845 20137 18562 7546 3147 3117 4429 12454 2295 10090 6995 4312 3095 3304 11016 1008 13547 3937 1061 2876 1279780
is_linear=0
shrinkage=0.05


Tree=198
num_leaves=31
num_cat=0
split_feature=17 15 17 12 1 14 5 17 15 1 9 1 12 17 15 15 17 5 1 14 1 5 14 5 14 17 15 17 1 5
split_gain=396782 7393.73 10998.5 2206.57 2308.15 2051.66 1843.54 747.661 1288.23 554.03 546.166 2637.26 583.854 650.43 514.734 482.499 478.26 362.882 347.454 956.785 1448.2 1435.49 924.95 826.337 2117.69 744.973 629.407 1596.39 4075.36 1220.3
threshold=1.0000000180025095e-35 -1.0000000180025095e-35 8.5000000000000018 -0.91666666666666663 -0.12940952255126037 1.0000000180025095e-35 -1.0000000180025095e-35 24.500000000000004 -0.99693251533742322 1.0000000180025095e-35 -1.0000000180025095e-35 0.25881904510252057 -0.91666666666666663 31.500000000000004 -0.95176799007444157 229.03278688524594 171.50000000000003 703.50000000000011 -0.5 7.587453038191085 0.37940952255126048 1.0000000180025095e-35 12.221337506466412 78.500000000000014 1.6201341443438058 288.50000000000006 98.995145631067984 109.50000000000001 1.0000000180025095e-35 93.500000000000014
decision_type=10 10 10 2 2 2 2 10 8 2 2 2 2 10 8 10 10 2 2 2 2 2 2 2 2 10 10 10 2 2
left_child=5 2 3 -2 -5 -1 -7 8 -4 14 11 12 13 -3 -9 -13 -15 18 22 26 -21 -22 23 -12 -25 -23 29 28 -28 -20
right_child=1 10 7 4 -6 6 -8 9 -10 -11 17 15 -14 16 -16 -17 -18 -19 19 20 21 25 -24 24 -26 -27 27 -29 -30 -31
leaf_value=-3.8839519389322067e-06 -3.8839519389322067e-06 8.6998423642903336e-08 1.4694227307154861e-07 0.00012834357814729415 -0.0054631023342218811 4.5085119967747114e-05 -0.010076973335082985 -0.00017846059665614923 -3.4067679123284127e-07 2.9989031860666595e-05 0 2.9872649164863765e-05 0.030421379961786777 -2.0834028928773396e-05 0.032159378289953904 -0.055276880152785507 0.00020113025100266803 0.70969183403861968 0 -0.043885891111116494 -0.015486027044463696 0.28074372538575859 -0.40633906719964302 0.082726029788801725 -0.018513907218533278 1.6411302702099562 0.022092754456431152 -0.0084455034577359811 -0.0067601088880849154 0.0094123855918510912
leaf_weight=689252 35203 12844 17159 2502 3071 1272 1279 3418 6521 6712 362125 9451 2225 5053 1609 271 1091 1332 717812 11151 1220 8138 8768 15718 24986 4906 1911 69225 8351 14114
leaf_count=689252 35203 12844 17159 2502 3071 1272 1279 3418 6521 6712 362125 9451 2225 5053 1609 271 1091 1332 717812 11151 1220 8138 8768 15718 24986 4906 1911 69225 8351 14114
internal_value=-0.0167826 -0.00107076 -0.0162025 -0.0339072 -0.00467432 -0.0475995 -0.00284202 0.00417996 0.00929476 -0.00613766 -0.000170494 0.00639244 -0.00349078 -0.00633031 -0.0186891 0.0279572 -0.0197103 -0.000332945 -0.000360775 -0.000945774 0.00860712 0.0191601 0.000828602 0.00117829 0.00793288 0.024011 -0.00124499 -0.00547071 -0.0238745 -0.000786077
internal_weight=2.04869e+06 1.35689e+06 76195 40776 5573 691803 2551 35419 23680 11739 1.28069e+06 30935 21213 18988 5027 9722 6144 1.24976e+06 1.24842e+06 836828 25415 14264 411597 402829 40704 13044 811413 79487 10262 731926
internal_count=2048690 1356887 76195 40776 5573 691803 2551 35419 23680 11739 1280692 30935 21213 18988 5027 9722 6144 1249757 1248425 836828 25415 14264 411597 402829 40704 13044 811413 79487 10262 731926
is_linear=0
shrinkage=0.05


Tree=199
num_leaves=31
num_cat=0
split_feature=18 16 5 16 17 15 15 15 15 1 16 12 1 3 7 17 16 15 16 15 0 0 1 16 5 17 16 15 16 16
split_gain=410956 25783.5 32494.8 6042.59 3689.51 2734.96 2631.16 2443.88 1826.34 1520.18 1450.23 1143.55 1182.81 868.838 857.543 831.193 743.867 933.694 1293.2 650.911 630.394 624.102 457.852 421.982 357.679 355.344 347.615 343.763 422.016 341.485
threshold=-0.11805555555555554 -0.84841212603516436 -1.0000000180025095e-35 -0.98160224443591992 1.0000000180025095e-35 -0.99693251533742322 -0.99693251533742322 -0.99693251533742322 0.46821976838136287 0.25881904510252057 0.21688681631710352 1.0000000180025095e-35 -0.12940952255126037 0.81174490092936691 1.5000000000000002 1.5000000000000002 0.21688681631710352 -0.82101686688508668 -0.62084420919083605 0.078222778473091378 0.98296291314453421 0.98296291314453421 1.0000000180025095e-35 -0.98160224443591992 703.50000000000011 99.500000000000014 -0.9990583804143125 -0.83987179487179475 -1.0000000180025095e-35 9.062679425837322
decision_type=10 8 2 8 10 10 8 10 10 2 8 2 2 2 2 10 10 10 8 10 2 2 2 10 2 10 10 8 10 8
left_child=1 8 4 6 5 -3 -2 10 -1 13 -5 21 14 -7 -13 -14 17 18 22 -18 -20 29 -6 -9 -25 -17 -10 28 -4 -12
right_child=3 2 27 7 16 9 -8 23 26 -11 11 12 15 -15 -16 25 19 -19 20 -21 -22 -23 -24 24 -26 -27 -28 -29 -30 -31
leaf_value=-3.6897543419844862e-06 1.7209118016170422e-07 1.2649395424413347e-05 -0.0025737348623915794 2.1559342433319362e-05 8.9685530958449893e-07 1.4736153575567457e-05 1.5500152603653563e-07 -2.0703216927930869e-06 6.0566890523583445e-06 -3.749901221633545e-06 -0.0005484723847039352 0.00012192639923992999 -0.0051899472175107823 -6.8197863151486796e-06 -0.050115298900505326 -0.028758310174341162 -0.0006381292481569379 -6.4425255376088231e-06 1.0945804025452866e-05 5.7062926065110103e-06 -0.0035256318298438893 3.3977692899489491e-05 -1.7452187470679005e-06 0 0.67420724233668927 1.0504930550779434 -4.8646148088082874e-06 -0.00044099626397093293 0.00053749574543453975 -0.0001692132763537857
leaf_weight=665075 12450 13547 773 1579 433 2453 6143 1609 557 1698 7085 1397 1830 694 1720 2127 2159 2196 3286 936 278 1055 802 1276881 1330 472 122 34939 188 2876
leaf_count=665075 12450 13547 773 1579 433 2453 6143 1609 557 1698 7085 1397 1830 694 1720 2127 2159 2196 3286 936 278 1055 802 1276881 1330 472 122 34939 188 2876
internal_value=-0.016765 -0.0468588 -0.0166444 -0.000100906 0.0232357 0.0365648 0.0282015 -0.000505707 -0.0497807 0.00432405 -0.0177871 -0.0217002 -0.00670554 0.0248967 0.0168912 -0.0233123 -0.00106046 0.00796998 0.0203272 -0.0214701 0.0356061 -0.0319717 -0.0237652 -0.000233744 -0.000201532 -0.00513659 0.0321797 -0.0482841 -0.0187825 -0.0358448
internal_weight=2.04869e+06 730136 64382 1.31855e+06 28482 18392 18593 1.29996e+06 665754 4845 20141 18562 7546 3147 3117 4429 10090 6995 4799 3095 3564 11016 1235 1.27982e+06 1.27821e+06 2599 679 35900 961 9961
internal_count=2048690 730136 64382 1318554 28482 18392 18593 1299961 665754 4845 20141 18562 7546 3147 3117 4429 10090 6995 4799 3095 3564 11016 1235 1279820 1278211 2599 679 35900 961 9961
is_linear=0
shrinkage=0.05


Tree=200
num_leaves=31
num_cat=0
split_feature=16 18 15 15 16 16 7 18 15 16 18 1 16 1 1 18 18 1 6 15 15 10 6 18 13 15 14 14 13 10
split_gain=404227 44392.7 2744.8 1532 14263.2 9468.59 3280.81 2320.03 1389.3 1150.28 1028.19 860.968 798.749 950.068 776.38 7344.46 2857.46 6660.29 1978.37 2008.42 4021.01 1579.33 1175.14 3756.08 1149.68 1023.02 1353.95 1004.25 879.683 836.122
threshold=-0.84841212603516436 -0.11805555555555554 -0.99693251533742322 -0.99693251533742322 0.21688681631710352 -0.038358345882882408 -1.0000000180025095e-35 inf 0.68048396334478822 -0.62084420919083605 -0.11805555555555554 -0.3794095225512602 -0.72921861616065475 1.0000000180025095e-35 -0.12940952255126037 -0.74999999999999989 inf 0.25881904510252057 244.50000000000003 98.995145631067984 99.012987012987026 277.50000000000006 78.500000000000014 0.98961031951640777 4.2815672430289302 0.61964176362522971 1.0000000180025095e-35 4.6978069154939002 1.0950140852533554 -1.0000000180025095e-35
decision_type=8 10 8 8 10 10 2 8 10 8 8 2 10 2 2 10 8 2 2 8 10 2 2 10 2 10 2 2 2 2
left_child=1 8 -3 4 9 6 11 -8 -1 10 -2 -5 -12 -14 15 -7 18 -18 19 29 -21 22 25 28 -22 26 -17 -20 -24 -16
right_child=3 2 -4 5 -6 14 7 -9 -10 -11 12 -13 13 -15 16 21 17 -19 27 20 24 -23 23 -25 -26 -27 -28 -29 -30 -31
leaf_value=-3.5052666248869271e-06 -1.6579578097142279e-06 1.6348662115195368e-07 1.4725144973359863e-07 9.6285289778563772e-06 -0.00028794383002787031 1.3886558950450414e-05 -1.9668056081556529e-06 -0.012227519756689802 5.7538545997437579e-06 1.2016925653191014e-05 1.9929920248462631e-06 -3.562406160551035e-06 2.3390531315281573e-06 -4.3913595116906738e-07 1.2771229960006903e-05 2.7275156857544012e-07 1.3886558950450414e-05 -0.00041894645077238628 0.057493186244403208 -0.0064221034436805274 -0.026192842168244114 -0.37636658210905694 0.07852510569192149 0.020988116733609275 0.55123994700508161 0 -0.0049205978866429757 0.82402844744060533 -0.082076341795002963 0
leaf_weight=665199 974 12561 6806 3804 13107 8523 5097 16452 555 14067 2948 4497 466 698 11691 17648 2527 8039 19353 11951 38586 14271 20081 10513 5470 488014 7021 7549 27030 603192
leaf_count=665199 974 12561 6806 3804 13107 8523 5097 16452 555 14067 2948 4497 466 698 11691 17648 2527 8039 19353 11951 38586 14271 20081 10513 5470 488014 7021 7549 27030 603192
internal_value=-0.0162924 -0.0476252 0.026997 -0.000549367 0.010217 -0.000810255 -0.0286533 -0.0389415 -0.049796 0.0377199 0.0173417 -0.00194555 0.0282831 -0.00678694 -0.000171654 0.00116296 -0.00128911 -0.0270963 -0.000898334 -0.00143146 -0.010496 0.000491124 0.000902233 0.00767215 -0.00351825 0.000141315 0.0100754 0.0123968 0.00164187 -0.000605806
internal_weight=2.04869e+06 685121 19367 1.36357e+06 32260 1.33131e+06 29850 21549 665754 19153 5086 8301 4112 1164 1.30146e+06 593101 708358 10566 697792 670890 56007 584578 570307 57624 44056 512683 24669 26902 47111 614883
internal_count=2048690 685121 19367 1363569 32260 1331309 29850 21549 665754 19153 5086 8301 4112 1164 1301459 593101 708358 10566 697792 670890 56007 584578 570307 57624 44056 512683 24669 26902 47111 614883
is_linear=0
shrinkage=0.05


Tree=201
num_leaves=31
num_cat=0
split_feature=16 18 15 15 16 16 7 18 15 16 18 1 0 1 18 18 1 6 15 15 10 6 18 10 15 14 0 0 14 15
split_gain=404423 44392.7 2744.8 1629.95 13902.2 9022.73 3139.3 2181.89 1389.3 1150.28 1028.19 852.694 843.882 799.32 7342.04 2813.62 6628.28 1828.06 1764.68 4186.38 1452.77 1166.27 3763.08 1119.82 997.746 1314.56 945.31 1319.6 922.953 826.434
threshold=-0.84841212603516436 -0.11805555555555554 -0.99693251533742322 -0.99693251533742322 0.21688681631710352 -0.038358345882882408 -1.0000000180025095e-35 inf 0.68048396334478822 -0.62084420919083605 -0.11805555555555554 -0.3794095225512602 0.98296291314453421 -0.12940952255126037 -0.74999999999999989 inf 0.25881904510252057 244.50000000000003 98.995145631067984 99.012987012987026 277.50000000000006 78.500000000000014 0.98961031951640777 88.500000000000014 0.61964176362522971 1.0000000180025095e-35 -1.0000000180025095e-35 -0.37940952255126065 5.8748511737261575 0.17992805755395685
decision_type=8 10 8 8 10 10 2 8 10 8 8 2 2 2 10 8 2 2 8 10 2 2 10 2 10 2 2 2 2 8
left_child=1 8 -3 4 9 6 11 -8 -1 10 -2 -5 -6 14 -7 17 -17 18 -15 26 21 24 -23 -21 25 29 27 -20 -19 -16
right_child=3 2 -4 5 12 13 7 -9 -10 -11 -12 -13 -14 15 20 16 -18 28 19 23 -22 22 -24 -25 -26 -27 -28 -29 -30 -31
leaf_value=-3.3300032936445237e-06 -1.5750599192287941e-06 1.5531229009546623e-07 1.3988887724858402e-07 9.1471025289613383e-06 -0.00031690750012929871 1.3192231002927892e-05 -1.8684653277478703e-06 -0.011616143768855312 5.4661618697604559e-06 1.1416079370529797e-05 1.8933424236089459e-06 -3.3842858525257037e-06 9.1504316499857474e-05 0 6.3198080509745387e-06 1.3192231002927892e-05 -0.00039799912823376693 0.060445670018896183 -0.044367282110495412 0.079095698041503945 -0.35754825300360271 0.021328179997414057 0.019938710896929026 -0.025990768384161811 0 -0.0046745679923108265 -0.0061009982714963946 0.0014711883987267528 0.91965490583105103 8.1944172380943325e-08
leaf_weight=665199 974 12561 6806 3804 11718 8523 5097 16452 555 14067 4112 4497 1389 614883 8437 2527 8039 20326 2852 4657 14271 47111 10513 39399 488014 7021 7933 1166 6576 9211
leaf_count=665199 974 12561 6806 3804 11718 8523 5097 16452 555 14067 4112 4497 1389 614883 8437 2527 8039 20326 2852 4657 14271 47111 10513 39399 488014 7021 7933 1166 6576 9211
internal_value=-0.0162848 -0.0476252 0.026997 -0.000537927 0.0105673 -0.000807025 -0.0279866 -0.0380505 -0.049796 0.0377199 0.0173417 -0.00186122 -0.0291104 -0.00018364 0.00117054 -0.00131748 -0.026926 -0.000929718 -0.00144219 -0.00993894 0.000498821 0.000893115 0.00763744 -0.00281914 0.000135074 0.00994568 -0.0361853 -0.0164261 0.0118504 0.0172257
internal_weight=2.04869e+06 685121 19367 1.36357e+06 32260 1.33131e+06 29850 21549 665754 19153 5086 8301 13107 1.30146e+06 593101 708358 10566 697792 670890 56007 584578 570307 57624 44056 512683 24669 11951 4018 26902 17648
internal_count=2048690 685121 19367 1363569 32260 1331309 29850 21549 665754 19153 5086 8301 13107 1301459 593101 708358 10566 697792 670890 56007 584578 570307 57624 44056 512683 24669 11951 4018 26902 17648
is_linear=0
shrinkage=0.05


Tree=202
num_leaves=31
num_cat=0
split_feature=16 18 15 15 15 16 16 5 17 16 18 0 16 18 12 16 0 15 17 0 0 17 15 11 18 15 17 15 14 17
split_gain=403066 44375 2744.8 1826.34 1682.88 13785 8838.08 3312.13 2675.14 1150.28 1028.19 831.002 798.749 670.037 660.337 585.623 1402.03 917.751 1692.41 747.619 579.885 482.094 594.394 478.856 429.905 1281.13 619.419 923.405 612.08 436.877
threshold=-0.84841212603516436 -0.11805555555555554 -0.99693251533742322 0.46821976838136287 -0.99693251533742322 0.21688681631710352 -0.038358345882882408 -1.0000000180025095e-35 1.5000000000000002 -0.62084420919083605 -0.11805555555555554 0.98296291314453421 -0.72921861616065475 1.0000000180025095e-35 -1.0000000180025095e-35 1.0000000180025095e-35 -0.9159756150367534 0.17992805755395685 94.500000000000014 0.98296291314453421 0.98296291314453421 2.5000000000000004 -0.89968553459119482 -1.0000000180025095e-35 0.066806136680613679 0.61964176362522971 133.50000000000003 0.078222778473091378 1.0000000180025095e-35 40.500000000000007
decision_type=8 10 8 10 8 10 10 2 10 8 8 2 10 8 2 10 2 8 8 2 2 10 8 2 10 8 10 10 2 10
left_child=1 3 -3 -1 5 9 7 21 13 10 -2 14 20 -9 -7 16 -8 18 -18 -20 -12 22 -6 -11 26 28 29 -28 -26 -17
right_child=4 2 -4 -5 6 11 15 8 -10 23 12 -13 -14 -15 -16 24 17 -19 19 -21 -22 -23 -24 -25 25 -27 27 -29 -30 -31
leaf_value=-3.1635031289611874e-06 -1.4963069232654114e-06 1.4754667558847246e-07 1.3289443339115082e-07 5.1928537762702127e-06 -2.3970412212692697e-06 -0.0003030410898834435 1.2532619452781497e-05 0.00037242884217986307 0.0097790528806783964 1.0845275402004973e-05 1.7986753024334945e-06 8.6929100674859597e-05 -5.1184627479217153e-07 -0.011035336580412546 0.0060128593277905098 -1.5326170630214353e-06 0.00066192902578922081 -0.00037864448081877377 -0.00037809917182207861 1.2532619452781497e-05 -0.02693637363116258 -7.4967198670894415e-06 1.1480552217413288e-05 -0.045661470574283186 7.2425799835240675e-08 0 -0.0010484104569007189 -0.00037773188866694344 0.00017167779579969067 3.7788737179633714e-06
leaf_weight=665075 974 12561 6806 679 1457 11080 2858 314 2945 13776 2662 1389 1164 18620 638 85334 3588 1585 16130 910 286 1757 4757 291 7505 1145483 3250 9194 5023 20599
leaf_count=665075 974 12561 6806 679 1457 11080 2858 314 2945 13776 2662 1389 1164 18620 638 85334 3588 1585 16130 910 286 1757 4757 291 7505 1145483 3250 9194 5023 20599
internal_value=-0.0163226 -0.0476103 0.026997 -0.0497807 -0.000602096 0.010682 -0.000875529 -0.0277755 -0.0378285 0.0377199 0.0173417 -0.0288281 0.0282831 -0.0447238 -0.0331627 -0.000258556 0.00730924 0.00306802 0.0058852 -0.00068662 0.0421303 -0.000181909 0.00635661 0.0450878 -0.000407204 -0.000113816 -0.00327724 -0.01383 0.0157886 -0.00203761
internal_weight=2.04869e+06 685121 19367 665754 1.36357e+06 32260 1.33131e+06 29850 21879 19153 5086 13107 4112 18934 11718 1.30146e+06 25071 22213 20628 17040 2948 7971 6214 14067 1.27639e+06 1.15801e+06 118377 12444 12528 105933
internal_count=2048690 685121 19367 665754 1363569 32260 1331309 29850 21879 19153 5086 13107 4112 18934 11718 1301459 25071 22213 20628 17040 2948 7971 6214 14067 1276388 1158011 118377 12444 12528 105933
is_linear=0
shrinkage=0.05


Tree=203
num_leaves=31
num_cat=0
split_feature=16 18 7 16 18 18 11 16 1 17 18 1 17 9 9 5 5 18 16 16 16 18 1 13 1 16 1 11 9 6
split_gain=405218 44392.7 826.224 9559.53 7706.45 4068.68 1327.34 1279.97 1031.3 7125.72 3220.82 6497.85 1868.41 1282.84 1253.67 2831.59 1204.15 3620.21 958.44 903.861 857.169 839.326 1018.58 720.749 687.149 648.142 671.977 638.215 619.885 524.119
threshold=-0.84841212603516436 -0.11805555555555554 -1.0000000180025095e-35 -0.068633192442837485 -1.0000000180025095e-35 -0.095454545454545445 -1.0000000180025095e-35 0.21688681631710352 -0.12940952255126037 1.0000000180025095e-35 -0.0044176316045538575 0.25881904510252057 259.50000000000006 279.50000000000006 98.500000000000014 99.500000000000014 78.500000000000014 0.98961031951640777 -0.62084420919083605 44.38433667781495 -0.64059800664451816 0.97896948252985416 0.37940952255126048 1.0950140852533554 -0.5 -0.72921861616065475 1.0000000180025095e-35 -0.83333333333333315 121.50000000000001 555.50000000000011
decision_type=8 10 2 8 8 10 2 10 2 10 10 2 10 2 2 2 2 10 8 8 8 10 2 2 2 10 2 2 2 2
left_child=1 -1 4 5 7 6 -4 20 9 -5 11 -10 14 16 -12 -16 -11 23 25 -17 -2 22 -14 -18 -3 -6 -27 -20 -21 -23
right_child=2 24 3 8 18 -7 -8 -9 10 13 12 -13 21 -15 15 19 17 -19 27 28 -22 29 -24 -25 -26 26 -28 -29 -30 -31
leaf_value=-3.0053279725106297e-06 -1.4214915771026961e-06 1.262497117182626e-07 0.0013584082485519678 3.1437578043885426e-05 8.1690447848448147e-07 0.00054872407024826326 -0.010483569751391919 -1.0820989778559387e-05 1.1905988480142422e-05 0 0 -0.00035919421323097467 0.014228192678683627 -0.34300127936057551 -0.0057959483579217881 0.59553433806496947 0.074270200547093879 0.018941775352082857 1.0303011631906944e-05 0.026485650079487756 8.3861537395479857e-06 -0.013920171098016 0.37379348860686723 -0.068345263437542061 1.4016934181126929e-07 2.153025667506192e-06 -4.8625396105173029e-07 0.012479884802777978 -0.036951780519756026 0.55642374022781382
leaf_weight=665754 1444 6061 508 8562 4444 3133 16384 37601 2670 500060 605079 8840 6772 13846 10581 854 20153 10559 12155 10857 7692 8708 13900 26720 13306 640 802 1590 27889 1126
leaf_count=665754 1444 6061 508 8562 4444 3133 16384 37601 2670 500060 605079 8840 6772 13846 10581 854 20153 10559 12155 10857 7692 8708 13900 26720 13306 640 802 1590 27889 1126
internal_value=-0.016254 -0.0476252 -0.000491651 -0.000770043 0.00494967 -0.0350487 -0.0447549 -0.0060926 -0.000232583 0.0013254 -0.0015283 -0.0277585 -0.00108805 0.000646903 -0.00165118 -0.00924553 0.00102028 0.00787714 0.0312389 -0.00310606 0.010694 0.0110077 0.0167279 0.00191902 0.026997 0.0143561 -0.0147712 0.0384685 -0.00422753 -0.00101688
internal_weight=2.04869e+06 685121 1.36357e+06 1.2972e+06 66368 20025 16892 46737 1.27718e+06 579900 697276 11510 685766 571338 655260 50181 557492 57432 19631 39600 9136 30506 20672 46873 19367 5886 1442 13745 38746 9834
internal_count=2048690 685121 1363569 1297201 66368 20025 16892 46737 1277176 579900 697276 11510 685766 571338 655260 50181 557492 57432 19631 39600 9136 30506 20672 46873 19367 5886 1442 13745 38746 9834
is_linear=0
shrinkage=0.05


Tree=204
num_leaves=31
num_cat=0
split_feature=18 15 1 14 5 15 17 17 11 17 1 15 1 15 1 2 17 17 1 15 15 17 1 14 15 17 5 18 5 17
split_gain=388754 21521.4 14835.9 2490.99 1510.98 1442.84 1123.79 1104.28 707.467 706.305 692.878 610.22 544.016 447.463 439.314 438.544 802.098 433.437 403.686 875.72 779.262 709.872 1544.55 663.234 687.342 645.472 533.479 1297.83 494.277 494.031
threshold=-0.11805555555555554 -1.0000000180025095e-35 0.25881904510252057 1.0000000180025095e-35 -1.0000000180025095e-35 -0.99693251533742322 1.0000000180025095e-35 1.0000000180025095e-35 -0.49999999999999994 12.500000000000002 1.0000000180025095e-35 -0.99693251533742322 0.25881904510252057 -0.49827586206896546 0.98296291314453421 -0.8783796973249266 21.500000000000004 29.500000000000004 -0.70710678118654757 0.61964176362522971 -0.52539565697460422 520.50000000000011 0.37940952255126048 1.0000000180025095e-35 0.29152869757174399 506.00000000000006 78.500000000000014 0.91672445677300052 516.50000000000011 8.5000000000000018
decision_type=10 10 2 2 2 8 10 10 2 10 2 8 2 8 2 2 10 10 2 10 10 10 2 2 8 10 2 10 2 10
left_child=1 3 6 7 -5 9 -3 11 -4 -2 17 12 -1 -13 -15 -12 -17 -11 19 23 -20 28 -23 24 -7 26 -21 -28 -22 -26
right_child=5 2 8 4 -6 18 -8 -9 -10 10 15 13 -14 14 -16 16 -18 -19 20 25 21 22 -24 -25 29 -27 27 -29 -30 -31
leaf_value=-2.8550615738864863e-06 1.0066485397475234e-07 2.9865699141691158e-05 0.0001058862727691734 3.9969329595257455e-05 -0.0077355508144298568 4.695228434936638e-07 1.2201255572552584e-08 -2.8550615738864863e-06 -0.0003412345025694259 1.2076671280780717e-07 -1.0174417586134021e-05 -2.8550615738864863e-06 -2.8550615738864863e-06 -0.0099593912638223231 1.6354423341868874e-05 -0.0002911790705122708 7.462746107633756e-07 -0.00011481694204514281 -0.0023909805789264493 0 0 -0.17124300728960407 0.53290656900089173 -0.0025656135305792355 2.5574801133097451e-07 -0.69976082089766301 0.018854859457876929 0.10008167788500799 -0.17470686896576809 2.0473221904009207e-06
leaf_weight=358500 8007 12106 333 1681 1095 6608 2358 35203 9292 3250 1518 13862 275249 20164 293 2595 7009 2941 8333 269289 951664 6016 6058 5194 4839 4932 21269 7308 514 1210
leaf_count=358500 8007 12106 333 1681 1095 6608 2358 35203 9292 3250 1518 13862 275249 20164 293 2595 7009 2941 8333 269289 951664 6016 6058 5194 4839 4932 21269 7308 514 1210
internal_value=-0.0162352 -0.0455048 0.000969322 -0.0470904 0.000180115 -2.74922e-05 0.0329784 -0.047277 -0.0471325 0.011793 0.0061139 -0.0477318 -0.0480835 -0.0412381 -0.0459378 0.0135767 0.0175239 -0.00729284 -0.000258925 0.00127959 -0.000766154 -0.000634585 0.011413 0.0120413 0.0182152 0.00064515 0.000942202 0.0074378 -0.000787353 0.0303935
internal_weight=2.04869e+06 730136 24089 706047 2776 1.31855e+06 14464 703271 9625 25320 17313 668068 633749 34319 20457 11122 9604 6191 1.29323e+06 320649 972585 964252 12074 17851 12657 302798 297866 28577 952178 6049
internal_count=2048690 730136 24089 706047 2776 1318554 14464 703271 9625 25320 17313 668068 633749 34319 20457 11122 9604 6191 1293234 320649 972585 964252 12074 17851 12657 302798 297866 28577 952178 6049
is_linear=0
shrinkage=0.05


Tree=205
num_leaves=31
num_cat=0
split_feature=16 18 15 17 15 16 16 18 11 15 11 16 15 18 18 1 1 18 18 1 13 15 11 13 1 18 10 11 18 12
split_gain=385051 46394.6 27058.7 3434.86 2133.58 12229 7205.79 3058.44 4397.89 1968.15 1200.03 1150.28 1110.25 1028.19 908.157 906.888 820.682 7189.8 2669.66 6100.67 1519.62 1295.42 5153.32 1341.99 1177.8 1421.99 1129.53 1088.95 3685.27 948.197
threshold=-0.84841212603516436 -0.11805555555555554 -0.49827586206896546 1.0000000180025095e-35 -0.99693251533742322 0.21688681631710352 -0.068633192442837485 -0.095454545454545445 -1.0000000180025095e-35 -0.031293349653202768 -0.83333333333333315 -0.62084420919083605 0.46821976838136287 -0.11805555555555554 -0.032795698924731172 1.0000000180025095e-35 -0.12940952255126037 -0.74999999999999989 -0.29166666666666657 0.25881904510252057 4.7491392863563799 98.995145631067984 102.83333333333336 1.0000000180025095e-35 0.37940952255126048 1.0000000180025095e-35 277.50000000000006 78.166666666666671 0.98961031951640777 93.416666666666671
decision_type=8 10 8 10 8 10 8 10 2 8 2 8 10 8 10 2 2 10 10 2 2 8 2 2 2 10 2 2 10 2
left_child=1 2 -1 10 5 11 7 8 -6 -3 -4 13 -5 -2 -7 -16 17 -8 19 -18 21 29 23 -23 -22 -26 27 -19 -29 -20
right_child=4 9 3 12 6 14 16 -9 -10 -11 -12 -13 -14 -15 15 -17 18 26 20 -21 24 22 -24 -25 25 -27 -28 28 -30 -31
leaf_value=-2.7123084951896637e-06 -1.2076639195501839e-06 2.9884019985271238e-07 0.00049511450161723316 -3.5337608847552107e-06 -2.2957233177245407e-07 -0.00062233131134881723 2.83724141846066e-05 0.00052123752355146544 -0.0094614217006312069 1.1784095370503957e-06 -0.029307622825768521 9.9306141290056448e-06 5.0828674233005529e-06 1.8106493920755364e-06 -0.00010940038541243924 3.522227344964213e-05 9.8174040990507415e-06 0 0 -0.00032417277744095462 -0.075563520772591555 -0.0055061509400253783 -0.0031093587085678112 0.010724831438620443 -0.021799113996758893 0.91229864162461072 -0.31401044942757894 0.01803734085564912 0.017994686584478361 0.0052088550199513861
leaf_weight=655314 974 14833 7927 1509 7483 7806 8591 3692 16182 4534 325 14067 679 4112 2520 2781 2572 512697 597538 8664 5543 14145 57474 2549 801 10251 14271 47225 10508 11123
leaf_count=655314 974 14833 7927 1509 7483 7806 8591 3692 16182 4534 325 14067 679 4112 2520 2781 2572 512697 597538 8664 5543 14145 57474 2549 801 10251 14271 47225 10508 11123
internal_value=-0.0158171 -0.0463977 -0.0486169 0.0312452 -0.000451976 0.0122536 -0.000759854 -0.026156 -0.0327593 0.0298885 0.0460131 0.0377199 -0.0244516 0.0173417 -0.0249599 -0.00898887 -0.000227041 0.00114581 -0.00137316 -0.0255518 -0.000984739 -0.00134807 -0.00758683 -0.0320415 0.013965 0.0233985 0.000478621 0.000826219 0.00733636 -0.000587848
internal_weight=2.04869e+06 685121 665754 10440 1.36357e+06 32260 1.33131e+06 27357 23665 19367 8252 19153 2188 5086 13107 5301 1.30395e+06 593292 710660 11236 699424 682829 74168 16694 16595 11052 584701 570430 57733 608661
internal_count=2048690 685121 665754 10440 1363569 32260 1331309 27357 23665 19367 8252 19153 2188 5086 13107 5301 1303952 593292 710660 11236 699424 682829 74168 16694 16595 11052 584701 570430 57733 608661
is_linear=0
shrinkage=0.05


Tree=206
num_leaves=31
num_cat=0
split_feature=16 18 15 17 15 16 16 18 15 11 15 11 16 0 18 17 15 18 16 16 0 17 0 0 2 18 17 11 15 18
split_gain=386552 46339.5 26410.9 3904.38 2255.53 11818.7 5522.39 2519.34 3295.59 2354.3 1959.7 1200.03 1150.28 1055.61 1028.19 970.743 869.56 856.765 798.749 637.816 1336.91 859.605 593.18 579.885 569.438 1019 508.401 478.856 458.298 708.649
threshold=-0.84841212603516436 -0.11805555555555554 -0.49827586206896546 1.0000000180025095e-35 -0.99693251533742322 0.21688681631710352 -0.068633192442837485 -0.044466403162055329 -0.52539565697460422 -0.83333333333333315 -0.031293349653202768 -0.83333333333333315 -0.62084420919083605 0.98296291314453421 -0.11805555555555554 18.500000000000004 0.68048396334478822 -0.032795698924731172 -0.72921861616065475 1.0000000180025095e-35 -0.9159756150367534 2.5000000000000004 0.98296291314453421 0.98296291314453421 -0.8783796973249266 -0.060661764705882346 28.500000000000004 -1.0000000180025095e-35 0.46821976838136287 -0.046822076110779036
decision_type=8 10 8 10 8 10 8 10 10 2 8 2 8 2 8 8 10 10 10 10 2 8 2 2 2 10 10 2 8 10
left_child=1 2 -1 11 5 12 7 8 -6 15 24 -4 14 17 -2 -10 -5 -7 23 20 -8 -22 -23 -16 25 -3 -27 -14 -12 -30
right_child=4 10 3 16 6 13 19 -9 9 -11 28 -13 27 -15 18 -17 -18 -19 -20 -21 21 22 -24 -25 -26 26 -28 -29 29 -31
leaf_value=-2.5766930704329561e-06 -1.1472807235735072e-06 1.1318562201934058e-07 0.00047035877653637262 -1.8879763665324845e-06 7.0497664139690383e-08 -0.00062694857734555971 9.3265338940982057e-06 0.0004952259905582735 -3.3652460784516783e-06 -0.008988350615599645 -4.2010360251643064e-07 -0.027842241684480098 9.4340834225548068e-06 8.1325267727017095e-05 1.7201169224767555e-06 0.0005020809929794257 4.8287240521305291e-06 -8.4643120254757076e-05 -4.0972065390443291e-07 0 0.00054999178695926967 -0.00026929223825320321 9.3265338940982057e-06 -0.025589543574219289 3.3567961876812547e-07 -1.3885162207832869e-05 0.00025968107928386885 -0.042854572335627179 9.1299667825617267e-06 -5.5021243476893751e-07
leaf_weight=655314 974 1514 7927 1633 7088 6869 2903 3197 1463 14691 933 325 13776 1389 2662 918 555 4849 1164 1276388 2417 20974 1270 286 12179 810 330 291 1216 2385
leaf_count=655314 974 1514 7927 1633 7088 6869 2903 3197 1463 14691 933 325 13776 1389 2662 918 555 4849 1164 1276388 2417 20974 1270 286 12179 810 330 291 1216 2385
internal_value=-0.0157742 -0.0464144 -0.0486322 0.0302682 -0.000379152 0.0126844 -0.000695706 -0.0229283 -0.0284478 -0.0403468 0.0298265 0.0460131 0.0377199 -0.0238994 0.0173417 0.00577488 -0.0291133 -0.0287848 0.0282831 -0.000229265 0.00729575 0.0035177 0.000440568 0.0421303 0.03862 0.0176338 -0.0180702 0.0450878 0.00105867 0.00915024
internal_weight=2.04869e+06 685121 665754 10440 1.36357e+06 32260 1.33131e+06 27357 24160 17072 19367 8252 19153 13107 5086 2381 2188 11718 4112 1.30395e+06 27564 24661 22244 2948 14833 2654 1140 14067 4534 3601
internal_count=2048690 685121 665754 10440 1363569 32260 1331309 27357 24160 17072 19367 8252 19153 13107 5086 2381 2188 11718 4112 1303952 27564 24661 22244 2948 14833 2654 1140 14067 4534 3601
is_linear=0
shrinkage=0.05


Tree=207
num_leaves=31
num_cat=0
split_feature=18 15 1 15 11 10 5 15 17 15 17 18 17 1 1 1 17 13 17 15 15 17 1 14 15 18 15 14 15 5
split_gain=366412 34832.1 13589.4 6423.34 6372.38 3531.15 2814.06 6182.79 3907.38 2121.54 1975.29 1939.02 1271.58 922.935 521.454 481.441 549.187 515.293 462.776 443.443 544.015 434.345 401.471 883.733 834.715 753.517 916.634 1071.22 875.063 706.284
threshold=-0.11805555555555554 -1.0000000180025095e-35 0.25881904510252057 -0.90558609419105618 -0.49999999999999994 -1.0000000180025095e-35 -1.0000000180025095e-35 -0.49827586206896546 1.0000000180025095e-35 -0.52539565697460422 1.0000000180025095e-35 -0.032795698924731172 1.0000000180025095e-35 0.25881904510252057 0.25881904510252057 0.37940952255126048 9.5000000000000018 0.87965281125489481 12.500000000000002 0.078222778473091378 -0.47595931576514094 1.5000000000000002 -0.5 11.626717178328073 inf -0.015043290043290041 0.61964176362522971 1.0000000180025095e-35 0.17992805755395685 32.500000000000007
decision_type=10 8 2 10 2 2 2 10 10 10 10 10 10 2 2 2 10 2 10 8 10 10 2 2 8 10 10 2 8 2
left_child=1 3 10 5 -4 12 7 21 -9 13 -3 15 14 -8 -1 16 -2 19 -18 20 -17 -5 25 24 -24 -13 27 28 -27 -25
right_child=11 2 4 6 -6 -7 9 8 -10 -11 -12 22 -14 -15 -16 17 18 -19 -20 -21 -22 -23 23 29 -26 26 -28 -29 -30 -31
leaf_value=-2.4478584169096429e-06 -8.1361042800653937e-06 4.0418405388036431e-05 0.00044684083770955011 -2.4478584169096429e-06 -0.0002944995266562467 3.7002628237925443e-05 0.00018965375690149392 0.00044684083770955011 -1.7935775482036398e-06 -0.0085389330848196637 -1.4815336004114777e-07 -2.748228586522683e-05 -2.4478584169096429e-06 -0.0002532447094583713 -2.4478584169096429e-06 7.5680074163031466e-08 6.3905620339976818e-08 -0.013744555184702904 2.6711420891833981e-07 6.6219209348572505e-05 -0.00088371502702420121 -2.4478584169096429e-06 0 -0.015517878640973185 -0.0039094381949288165 6.4450108980606345e-06 0 -0.0038552508089058236 2.4296061076442578e-07 0.52865222572396042
leaf_weight=361718 970 14492 2243 8855 9396 1676 1553 4868 1878 12416 2401 3028 27864 569 276475 9805 8207 362 14358 3301 537 3732 839167 2435 4820 6497 397778 6569 7372 13348
leaf_count=361718 970 14492 2243 8855 9396 1676 1553 4868 1878 12416 2401 3028 27864 569 276475 9805 8207 362 14358 3301 537 3732 839167 2435 4820 6497 397778 6569 7372 13348
internal_value=-0.015729 -0.0441451 0.0100098 -0.0463474 -0.031562 -0.0474249 -0.0251055 -0.012608 0.0260154 -0.0417251 0.0386521 6.10517e-06 -0.0476073 0.00447691 -0.0480638 0.0112067 0.00683875 0.0185469 0.00842234 0.0201092 0.0150164 -0.0333082 -0.000322128 -0.000941705 -0.00116092 0.000942447 0.00112239 0.0114493 0.0193273 0.0107806
internal_weight=2.04869e+06 730136 28532 701604 11639 667733 33871 19333 6746 14538 16893 1.31855e+06 666057 2122 638193 37540 23535 14005 22565 13643 10342 12587 1.28101e+06 859770 843987 421244 418216 20438 13869 15783
internal_count=2048690 730136 28532 701604 11639 667733 33871 19333 6746 14538 16893 1318554 666057 2122 638193 37540 23535 14005 22565 13643 10342 12587 1281014 859770 843987 421244 418216 20438 13869 15783
is_linear=0
shrinkage=0.05


Tree=208
num_leaves=31
num_cat=0
split_feature=16 18 15 18 15 16 15 15 15 1 11 18 11 16 18 0 1 18 18 1 6 15 15 11 1 10 15 14 13 0
split_gain=387921 45851 26259.6 4019.22 2378.86 11426.9 4844.58 3124.4 1965.83 1865.32 1744.81 2112.92 1200.03 1150.28 1028.19 1003.51 900.118 7363.25 3020.6 7592.29 1393.95 2340.08 3837.46 1156.1 1280.94 1045.41 961.932 1246.44 952.488 934.283
threshold=-0.84841212603516436 -0.11805555555555554 -0.49827586206896546 -0.11805555555555554 -0.99693251533742322 0.21688681631710352 -1.0000000180025095e-35 -0.52539565697460422 -0.031293349653202768 0.25881904510252057 -0.83333333333333315 -1.0000000180025095e-35 -0.83333333333333315 -0.62084420919083605 -0.11805555555555554 0.98296291314453421 -0.12940952255126037 inf inf 0.25881904510252057 244.50000000000003 98.995145631067984 99.012987012987026 -0.49999999999999994 0.25881904510252057 478.50000000000006 0.61964176362522971 1.0000000180025095e-35 5.1422346211470673 -1.0000000180025095e-35
decision_type=8 10 8 8 8 10 8 10 8 2 2 10 2 8 8 2 2 8 8 2 2 8 10 2 2 2 10 2 2 2
left_child=1 2 -1 -4 5 13 7 9 -3 -6 -9 -12 -5 14 -2 -7 17 25 20 -20 21 23 29 24 -18 26 27 -8 -24 -23
right_child=4 8 3 12 6 15 16 10 -10 -11 11 -13 -14 -15 -16 -17 18 -19 19 -21 -22 22 28 -25 -26 -27 -28 -29 -30 -31
leaf_value=-2.3254654960669366e-06 -9.6752376654851702e-07 2.6333020520796778e-07 -1.7038986707906823e-06 0.00042449879582406869 1.2244485861900856e-05 -0.00026421887361486874 3.0671220357392271e-07 -1.0114575611508414e-07 4.1943387677489954e-07 -9.5329850843928206e-06 -0.0081119864305786802 0.0059472963288828016 -0.026023182946015105 9.0847721722742143e-06 1.7565039971967344e-06 7.7259004340668463e-05 -1.9831484416893419e-05 3.8397485118634606e-05 6.8392869299914735e-06 -0.00027977455032343433 0.10526810556577858 -0.002741981426419049 -0.022638701232329694 0 2.9534250666474196e-05 -0.78103302907787797 0 -0.0040345784657509374 0.55611091187572625 -0.0052308433930242874
leaf_weight=655314 974 14833 2188 7927 6646 11718 17207 2950 4534 3649 12362 1361 325 14067 4112 1389 2453 9202 2925 9575 26986 4027 39578 603439 7991 4170 556896 7031 4586 8275
leaf_count=655314 974 14833 2188 7927 6646 11718 17207 2950 4534 3649 12362 1361 325 14067 4112 1389 2453 9202 2925 9575 26986 4027 39578 603439 7991 4170 556896 7031 4586 8275
internal_value=-0.0157353 -0.0464297 -0.0486358 0.0300383 -0.000313075 0.0131029 -0.000638169 -0.0216145 0.0294083 4.37105e-05 -0.0349877 -0.0424871 0.0460131 0.0377199 0.0173417 -0.0228695 -0.000204471 0.00123077 -0.00140652 -0.025768 -0.000969835 -0.00141837 -0.0111589 -0.000522412 0.0159709 0.000533056 0.000712056 0.0104629 -0.0042795 -0.035856
internal_weight=2.04869e+06 685121 665754 10440 1.36357e+06 32260 1.33131e+06 26968 19367 10295 16673 13723 8252 19153 5086 13107 1.30434e+06 594506 709835 12500 697335 670349 56466 613883 10444 585304 581134 24238 44164 12302
internal_count=2048690 685121 665754 10440 1363569 32260 1331309 26968 19367 10295 16673 13723 8252 19153 5086 13107 1304341 594506 709835 12500 697335 670349 56466 613883 10444 585304 581134 24238 44164 12302
is_linear=0
shrinkage=0.05


Tree=209
num_leaves=31
num_cat=0
split_feature=16 18 15 17 15 16 15 15 15 5 17 5 16 18 18 17 16 15 2 18 2 18 15 17 18 12 17 17 11 16
split_gain=388054 45705.5 26259.6 4019.22 2562.08 10957 4404.37 3623.1 1948.95 1820.88 2097.14 1200.03 1150.28 1028.19 1012.81 928.703 798.749 768.847 684.445 666.954 665.103 1197.58 643.652 2585.27 915.704 871.65 980.175 583.583 568.62 501.251
threshold=-0.84841212603516436 -0.11805555555555554 -0.49827586206896546 1.0000000180025095e-35 -0.99693251533742322 0.21688681631710352 -1.0000000180025095e-35 -0.52539565697460422 -0.031293349653202768 -1.0000000180025095e-35 1.0000000180025095e-35 -1.0000000180025095e-35 -0.62084420919083605 -0.11805555555555554 -0.032795698924731172 1.0000000180025095e-35 -0.72921861616065475 0.68048396334478822 -0.60785761079279388 -0.095454545454545445 -0.8783796973249266 -0.060661764705882346 0.61964176362522971 137.00000000000003 0.870114503816794 1.0000000180025095e-35 18.500000000000004 22.500000000000004 0.83333333333333337 1.0000000180025095e-35
decision_type=8 10 8 10 8 10 8 10 8 2 10 2 8 8 10 10 10 10 2 8 2 10 8 10 10 2 10 10 2 8
left_child=1 2 -1 11 5 12 7 19 20 15 -11 -4 13 -2 -7 -9 -15 -5 -16 -6 21 -3 23 24 25 26 -8 -28 -26 -29
right_child=4 8 3 17 6 14 22 9 -10 10 -12 -13 -14 16 18 -17 -18 -19 -20 -21 -22 -23 -24 -25 28 -27 27 29 -30 -31
leaf_value=-2.2091922212641447e-06 -9.1914757822109119e-07 9.0575826949823579e-08 0.00040327385603287084 -1.6187037372494829e-06 -1.4030220266647576e-05 -0.00054659706877478731 7.3138353006669376e-07 0.00045463995873278322 3.9846218293781991e-07 -0.007706387109049747 0.0056499315124386613 -0.024722023798714351 8.6305335636582832e-06 1.6686787973396734e-06 -0.00025703934554293094 -0.00021342587544107006 -3.5466690022634141e-07 4.6798904510647617e-06 1.4454647392225795e-05 1.1632261568805813e-05 2.9237341712118339e-07 -9.0129028271324081e-06 0 -0.0010065631633825803 -0.0017967233567489083 -0.0047101016959783769 1.7035110531762629e-05 0.00064433773761974884 4.132086913188893e-08 1.0023065950232658e-05
leaf_weight=655314 974 1514 7927 1633 1729 7806 38073 962 4534 12160 1361 325 14067 2948 1240 2190 1164 555 4061 8566 12179 1140 1231226 4164 1994 8436 3324 1261 7957 7906
leaf_count=655314 974 1514 7927 1633 1729 7806 38073 962 4534 12160 1361 325 14067 2948 1240 2190 1164 555 4061 8566 12179 1140 1231226 4164 1994 8436 3324 1261 7957 7906
internal_value=-0.0157336 -0.0464332 -0.0486358 0.0300383 -0.000308675 0.0136144 -0.000646056 -0.0206467 0.0292843 -0.0350477 -0.0430257 0.0460131 0.0377199 0.0173417 -0.0216106 -0.000824873 0.0282831 -0.0302102 -0.00474439 0.00267606 0.0380537 0.015373 -0.000232531 0.00432538 0.00663587 0.00426949 0.00675184 0.0189056 0.0206663 0.0123977
internal_weight=2.04869e+06 685121 665754 10440 1.36357e+06 32260 1.33131e+06 26968 19367 16673 13521 8252 19153 5086 13107 3152 4112 2188 5301 10295 14833 2654 1.30434e+06 73115 68951 59000 50564 12491 9951 9167
internal_count=2048690 685121 665754 10440 1363569 32260 1331309 26968 19367 16673 13521 8252 19153 5086 13107 3152 4112 2188 5301 10295 14833 2654 1304341 73115 68951 59000 50564 12491 9951 9167
is_linear=0
shrinkage=0.05


Tree=210
num_leaves=31
num_cat=0
split_feature=18 15 1 15 7 10 5 15 18 15 15 18 18 1 18 1 1 18 1 15 14 13 5 18 15 14 15 5 5 1
split_gain=365268 35178.3 13943.7 6646.15 6196.49 3531.15 2945.54 6576.3 3356.07 2121.54 1857.36 1613.81 1271.58 922.935 562.586 521.454 503.036 435.794 408.85 813.029 743.032 684.878 857.176 1870.95 638.1 868.469 866.708 596.605 588.158 679.817
threshold=-0.11805555555555554 -1.0000000180025095e-35 0.25881904510252057 -0.90558609419105618 -1.0000000180025095e-35 -1.0000000180025095e-35 -1.0000000180025095e-35 -0.49827586206896546 -0.74999999999999989 -0.52539565697460422 -0.21380952380952378 -0.11805555555555554 -0.11805555555555554 0.25881904510252057 -0.081415620641562048 0.25881904510252057 1.0000000180025095e-35 -0.74999999999999989 -0.5 -1.0000000180025095e-35 11.626717178328073 6.2890974207183605 78.500000000000014 0.98608691444057317 0.61964176362522971 1.0000000180025095e-35 0.17992805755395685 -1.0000000180025095e-35 38.500000000000007 0.37940952255126048
decision_type=10 8 2 10 2 2 2 10 10 10 8 8 8 2 10 2 2 10 2 10 2 2 2 10 10 2 8 2 2 2
left_child=1 3 11 5 -4 12 7 17 -9 13 14 -3 -1 -8 -2 -14 -16 -5 21 -20 -21 22 24 -24 25 26 -12 -28 -22 -30
right_child=10 2 4 6 -6 -7 9 8 -10 -11 18 -13 15 -15 16 -17 -18 -19 19 20 28 -23 23 -25 -26 -27 27 -29 29 -31
leaf_value=-2.0987326102006598e-06 3.2336435518143251e-08 2.5384428359309654e-08 0.00038311016323122615 -2.0987326102006598e-06 -0.00026582239198376595 3.4266731539234212e-05 0.0001789772316848839 0.00038311016323122615 -1.5377685503858984e-06 -0.0073210677535972589 3.8334024825559255e-07 3.6441041686199542e-05 -2.0987326102006598e-06 -0.0002406874378096734 -3.2378419473622078e-06 -2.0987326102006598e-06 6.4566570446844555e-07 -2.0987326102006598e-06 -0.0026048823550980926 0 -0.014691656550755395 -0.347625865841589 0.046920309619978444 0.04070655261554066 0 -0.0034035842280280095 -4.4199831160107732e-07 1.7890779354417366e-07 -0.0062266890479378391 0.80474502328916631
leaf_weight=27864 9437 2401 2243 8855 9396 1676 1553 5319 1427 12416 6501 14492 361718 569 8824 276475 13368 3732 6072 838740 2722 9162 34842 6178 355890 5578 1087 7273 4907 7973
leaf_count=27864 9437 2401 2243 8855 9396 1676 1553 5319 1427 12416 6501 14492 361718 569 8824 276475 13368 3732 6072 838740 2722 9162 34842 6178 355890 5578 1087 7273 4907 7973
internal_value=-0.0157439 -0.0441156 0.0103077 -0.0463288 -0.0318026 -0.0474249 -0.0247217 -0.0119356 0.027898 -0.0417251 -3.34078e-05 0.039321 -0.0476073 0.00447691 0.0119368 -0.0480638 0.00758832 -0.0332843 -0.000327603 -0.000955063 -0.000825489 0.000938194 0.00123506 0.00809849 0.000486941 0.00907823 0.0153926 0.0260407 0.0099859 0.0144488
internal_weight=2.04869e+06 730136 28532 701604 11639 667733 33871 19333 6746 14538 1.31855e+06 16893 666057 2122 31629 638193 22192 12587 1.28692e+06 860414 854342 426511 417349 41020 376329 20439 14861 8360 15602 12880
internal_count=2048690 730136 28532 701604 11639 667733 33871 19333 6746 14538 1318554 16893 666057 2122 31629 638193 22192 12587 1286925 860414 854342 426511 417349 41020 376329 20439 14861 8360 15602 12880
is_linear=0
shrinkage=0.05


Tree=211
num_leaves=31
num_cat=0
split_feature=16 18 15 17 15 16 15 15 15 1 5 17 5 15 18 1 16 16 1 1 17 17 1 5 15 17 15 14 14 15
split_gain=385962 46228.2 26905.6 3542.63 2827.78 11222.7 4920.62 3215.85 2002.77 1858.43 1725.06 1967.37 1200.03 1010.65 990.936 1295.86 886.966 1091.99 1299.72 855.816 7414.41 2998.77 7592.29 1375.6 2173.06 4177.66 1024.79 1196.62 934.457 929.098
threshold=-0.84841212603516436 -0.11805555555555554 -0.49827586206896546 1.0000000180025095e-35 -0.99693251533742322 0.21688681631710352 -1.0000000180025095e-35 -0.52539565697460422 -0.031293349653202768 0.25881904510252057 -1.0000000180025095e-35 1.0000000180025095e-35 -1.0000000180025095e-35 0.46821976838136287 -0.032795698924731172 1.0000000180025095e-35 -0.62084420919083605 -0.72921861616065475 1.0000000180025095e-35 -0.12940952255126037 1.0000000180025095e-35 1.0000000180025095e-35 0.25881904510252057 245.50000000000003 98.995145631067984 99.500000000000014 0.61964176362522971 1.0000000180025095e-35 4.1915917858976108 0.17992805755395685
decision_type=8 10 8 10 8 10 8 10 8 2 2 10 2 10 10 2 8 10 2 2 10 10 2 2 8 10 10 2 2 8
left_child=1 2 -1 12 5 16 7 9 -3 -6 -9 -12 -4 -5 -7 -16 17 -2 -19 20 -8 22 -21 24 -23 -26 27 29 -25 -22
right_child=4 8 3 13 6 14 19 10 -10 -11 11 -13 -14 -15 15 -17 -18 18 -20 21 26 23 -24 28 25 -27 -28 -29 -30 -31
leaf_value=-1.9937959796934026e-06 1.690181487978837e-06 2.0326173887363909e-07 0.00036395465506966485 -3.0904054551972317e-06 1.1155585120870005e-05 -0.0005192308886634051 3.4618989601889562e-05 -9.3006549074348139e-06 5.7148213646884825e-07 -9.5330122781067676e-06 -0.006955014365917396 0.0053675968289140967 -0.023119869221098769 4.4446267070896722e-06 -8.7048106720583052e-05 3.6506756383469786e-05 8.3039435159859572e-06 2.2753187224222595e-06 -2.3199692470443625e-07 4.6387013226785882e-06 5.5877503920566383e-06 0 -0.00025253127238457769 0.035436833650820176 -0.0049693012233731799 -0.011670023991476697 0 -0.0034507633087383599 0.66134788555797863 1.6996240386696496e-07
leaf_weight=655314 3451 14833 7927 1509 6646 7806 9202 3152 4534 3649 12160 1361 325 679 2520 2781 14067 563 1072 2925 7417 613883 9575 18845 12002 44462 561039 7058 8143 9790
leaf_count=655314 3451 14833 7927 1509 6646 7806 9202 3152 4534 3649 12160 1361 325 679 2520 2781 14067 563 1072 2925 7417 613883 9575 18845 12002 44462 561039 7058 8143 9790
internal_value=-0.0157886 -0.0464053 -0.0486205 0.0310153 -0.00040526 0.0142219 -0.000759703 -0.0219 0.0297439 7.28509e-05 -0.0354675 -0.0432327 0.0460131 -0.0255484 -0.0214275 -0.00474439 0.038618 0.0207236 -0.0129358 -0.000322615 0.00107686 -0.00149471 -0.025768 -0.00105961 -0.00150519 -0.0108919 0.000376727 0.0104368 0.0100082 0.0175481
internal_weight=2.04869e+06 685121 665754 10440 1.36357e+06 32260 1.33131e+06 26968 19367 10295 16673 13521 8252 2188 13107 5301 19153 5086 1635 1.30434e+06 594506 709835 12500 697335 670347 56464 585304 24265 26988 17207
internal_count=2048690 685121 665754 10440 1363569 32260 1331309 26968 19367 10295 16673 13521 8252 2188 13107 5301 19153 5086 1635 1304341 594506 709835 12500 697335 670347 56464 585304 24265 26988 17207
is_linear=0
shrinkage=0.05


Tree=212
num_leaves=31
num_cat=0
split_feature=16 18 15 17 15 16 15 15 5 17 15 16 5 18 0 18 17 16 15 18 16 17 0 2 11 2 18 17 15 5
split_gain=386107 43417.8 26373.1 4042.26 2592.41 11036.1 4499.43 3780.81 1753.76 1763.17 1704.6 1150.28 1068.26 1028.19 951.98 985.185 853.974 798.749 768.847 640.038 608.559 617.747 579.885 512.881 478.856 463.732 1232.83 406.248 680.128 382.074
threshold=-0.84841212603516436 -0.11805555555555554 -0.49827586206896546 1.0000000180025095e-35 -0.99693251533742322 0.21688681631710352 -1.0000000180025095e-35 -0.52539565697460422 -1.0000000180025095e-35 1.0000000180025095e-35 -0.068729333963155392 -0.62084420919083605 -1.0000000180025095e-35 -0.11805555555555554 0.98296291314453421 -0.046822076110779036 1.0000000180025095e-35 -0.72921861616065475 0.68048396334478822 -0.095454545454545445 -0.40320784616043509 2.5000000000000004 0.98296291314453421 -0.60785761079279388 -1.0000000180025095e-35 -0.8783796973249266 -0.046822076110779036 21.500000000000004 0.46821976838136287 703.50000000000011
decision_type=8 10 8 10 8 10 8 10 2 10 8 8 2 8 2 10 10 10 10 8 10 10 2 2 2 2 10 10 8 2
left_child=1 2 -1 12 5 11 7 19 16 -10 25 13 -4 -2 15 -7 -9 22 -5 -6 21 -8 -15 -17 -13 26 -3 28 -12 -22
right_child=4 10 3 18 6 14 20 8 9 -11 27 24 -14 17 -16 23 -18 -19 -20 -21 29 -23 -24 -25 -26 -27 -28 -29 -30 -31
leaf_value=-1.8941061807109528e-06 -7.5665372256117367e-07 7.4855849585553361e-08 0.00034575692231617608 -1.306359850106187e-06 -1.2747122008899271e-05 -0.00057232431877185519 0.000467060253364493 0.00041321748537994642 -0.0066072636476215271 0.0050992169874683919 -3.8856351610161434e-07 7.888746340189989e-06 -0.021963875760043831 1.605672413584891e-06 7.081570064962906e-05 -0.00024457186114993371 -8.591916708548808e-05 -2.2039707847087975e-07 4.2223953717335228e-06 1.0597805864831501e-05 0 -1.9639520139824731e-05 -0.024310094834171098 -1.0337500766061104e-05 -0.040716708149297273 3.7156033954044433e-07 -8.6047040579406705e-06 -6.0552643328937179e-07 8.6008042526009018e-06 0.59211324772228413
leaf_weight=655314 974 1564 7927 1633 1729 5016 2469 962 12160 1361 507 13776 325 2662 1389 1534 2190 1164 555 8566 1298734 1805 286 5168 291 12113 1075 2819 1289 1333
leaf_count=655314 974 1564 7927 1633 1729 5016 2469 962 12160 1361 507 13776 325 2662 1389 1534 2190 1164 555 8566 1298734 1805 286 5168 291 12113 1075 2819 1289 1333
internal_value=-0.0158638 -0.0464863 -0.0486331 0.0302107 -0.000477644 0.0135276 -0.000817015 -0.0210323 -0.0357434 -0.043573 0.0273119 0.0377199 0.0462312 0.0173417 -0.0218242 -0.0264636 -0.00215736 0.0282831 -0.0302102 0.00279262 -0.000399052 0.0184371 0.0421303 -0.0139212 0.0450878 0.0356087 0.0166161 0.000790899 0.0193764 -0.000460976
internal_weight=2.04869e+06 685121 665754 10440 1.36357e+06 32260 1.33131e+06 26968 16673 13521 19367 19153 8252 5086 13107 11718 3152 4112 2188 10295 1.30434e+06 4274 2948 6702 14067 14752 2639 4615 1796 1.30007e+06
internal_count=2048690 685121 665754 10440 1363569 32260 1331309 26968 16673 13521 19367 19153 8252 5086 13107 11718 3152 4112 2188 10295 1304341 4274 2948 6702 14067 14752 2639 4615 1796 1300067
is_linear=0
shrinkage=0.05


Tree=213
num_leaves=31
num_cat=0
split_feature=16 17 15 17 15 16 15 15 1 5 17 15 16 1 5 17 0 17 1 17 16 1 1 17 17 1 0 17 15 15
split_gain=385986 42257.6 26466.3 3996.03 2603.54 11039.9 5042.06 3264.71 1835.84 1754.73 1665.26 1645.94 1151.46 1121.75 1068.26 992.339 951.98 862.912 856.052 838.339 806.271 949.919 753.316 4712.22 2997.76 7592.29 2115.45 1278.27 1250.25 928.189
threshold=-0.84841212603516436 8.5000000000000018 -0.49827586206896546 1.0000000180025095e-35 -0.99693251533742322 0.21688681631710352 -1.0000000180025095e-35 -0.52539565697460422 0.25881904510252057 -1.0000000180025095e-35 1.0000000180025095e-35 -0.031293349653202768 -0.62084420919083605 -0.60355339059327384 -1.0000000180025095e-35 8.5000000000000018 0.98296291314453421 21.500000000000004 0.1294095225512602 1.0000000180025095e-35 -0.72921861616065475 1.0000000180025095e-35 -0.12940952255126037 1.0000000180025095e-35 1.0000000180025095e-35 0.25881904510252057 -0.9159756150367534 520.50000000000011 492.47603224752157 0.61964176362522971
decision_type=8 10 8 10 8 10 8 10 2 2 10 8 8 2 2 8 2 10 2 10 10 2 2 10 10 2 2 10 8 10
left_child=1 2 -1 14 5 12 7 8 -6 19 -11 13 15 -3 -4 -2 17 -7 -19 -9 -17 -22 23 26 25 -24 -8 28 -26 -25
right_child=4 11 3 -5 6 16 22 9 -10 10 -12 -13 -14 -15 -16 20 -18 18 -20 -21 21 -23 24 29 27 -27 -28 -29 -30 -31
leaf_value=-1.7994008716770705e-06 -7.1882103643283741e-07 5.0385532457397634e-08 0.00032846907620036618 -1.241041857602543e-06 1.0067915571587706e-05 -0.00053208730121079295 -5.7448804931299055e-07 0.00039255661111095021 -9.5862519574441147e-06 -0.0062769004652404514 0.0048442561380949729 2.1296113522639715e-07 7.4943090231816003e-06 1.7452063495460026e-07 -0.020865681972041639 1.5253887929000954e-06 6.7274915617143716e-05 -8.2178826346251962e-05 1.8469537674314918e-05 -8.1623208731215757e-05 2.1725726402244129e-06 -2.0937722454705822e-07 4.4067662565446586e-06 4.8325899948409301e-08 0 -0.00023990470876534881 3.2888040121795088e-05 0.33178530831275455 -0.003073714936607597 0
leaf_weight=655636 1004 2430 7927 2272 6646 5150 1057 962 3649 12160 1361 4463 14067 12068 325 2934 1389 3251 3317 2190 455 693 2925 24265 682875 9575 8145 8761 5699 561039
leaf_count=655636 1004 2430 7927 2272 6646 5150 1057 962 3649 12160 1361 4463 14067 12068 325 2934 1389 3251 3317 2190 455 693 2925 24265 682875 9575 8145 8761 5699 561039
internal_value=-0.0158852 -0.046503 -0.0485979 0.0300646 -0.000501478 0.0135338 -0.000841578 -0.0222412 -0.000101991 -0.0359114 -0.0437431 0.0271004 0.0377304 0.0352738 0.0462312 0.0173417 -0.0218242 -0.0264636 -0.0144488 -0.00231599 0.028295 -0.00722997 -0.000399129 0.000913868 -0.0014988 -0.025768 0.036416 -0.00106376 -0.00130523 0.000355713
internal_weight=2.04869e+06 685121 666160 10524 1.36357e+06 32260 1.33131e+06 26968 10295 16673 13521 18961 19153 14498 8252 5086 13107 11718 6568 3152 4082 1148 1.30434e+06 594506 709835 12500 9202 697335 688574 585304
internal_count=2048690 685121 666160 10524 1363569 32260 1331309 26968 10295 16673 13521 18961 19153 14498 8252 5086 13107 11718 6568 3152 4082 1148 1304341 594506 709835 12500 9202 697335 688574 585304
is_linear=0
shrinkage=0.05


Tree=214
num_leaves=31
num_cat=0
split_feature=16 15 15 16 15 15 5 15 5 1 0 16 16 16 1 1 16 15 1 16 0 15 16 16 13 1 11 0 10 15
split_gain=392496 30784.6 2793.56 11375.4 4475 3710.35 1920.35 1639.32 1536.75 1183.99 951.98 895.337 888.001 1091.99 1299.72 762.316 4471.69 1787.08 2170.77 1716.78 1645.4 1592.4 1395.25 1373.58 1340.2 1183.86 1121.68 917.201 913.31 818.951
threshold=-0.84841212603516436 -0.49827586206896546 -0.99693251533742322 0.21688681631710352 -1.0000000180025095e-35 -0.52539565697460422 -1.0000000180025095e-35 -0.24899999999999997 1.0000000180025095e-35 0.25881904510252057 0.98296291314453421 0.21688681631710352 -0.62084420919083605 -0.72921861616065475 1.0000000180025095e-35 -0.12940952255126037 1.0000000180025095e-35 0.17992805755395685 0.25881904510252057 1.0000000180025095e-35 -0.9159756150367534 0.46821976838136287 1.0000000180025095e-35 16.266113416320888 4.7491392863563799 0.37940952255126048 0.83333333333333337 0.91597561503675362 277.50000000000006 1.0000000180025095e-35
decision_type=8 8 8 10 8 10 2 10 2 2 2 8 8 10 2 2 10 10 2 10 2 8 8 10 2 2 2 2 2 10
left_child=1 -1 3 12 5 9 11 -3 -8 -4 -5 -7 13 -2 -15 16 20 18 19 -17 -6 -22 -20 26 -19 -26 27 29 -18 -24
right_child=2 7 4 10 15 6 8 -9 -10 -11 -12 -13 -14 14 -16 17 28 24 22 -21 21 -23 23 -25 25 -27 -28 -29 -30 -31
leaf_value=-1.7094308280951598e-06 1.4491193532584213e-06 0.0003120456223903445 9.5645197930038783e-06 -0.00022285906631688834 -5.4576364684734103e-07 0.00036640812857102745 -0.0059630554419784288 5.6253629454605658e-07 0.014696303196690019 -9.1069393595710757e-06 6.3911169836283754e-05 -0.00088611503123192659 7.1195935720247405e-06 2.0639440082126373e-06 -1.989083633191502e-07 4.1864279437174256e-06 0 0 -0.00022790947332708138 -0.0015423485891647103 3.1243638115705335e-05 -6.3797593080616721e-07 1.272813104844881e-05 -0.00095623500521345136 -0.084766737316307947 0.75765998799566892 -0.002920029189777218 -6.0546871771780643e-06 -0.29133639691647772 -0.00042794301862095365
leaf_weight=669140 3451 8902 6646 11718 1244 1795 12272 7079 1249 3649 1389 1357 14067 563 1072 3512 567358 656916 12493 4429 9359 2274 6614 3812 5478 10521 3094 1081 14271 1885
leaf_count=669140 3451 8902 6646 11718 1244 1795 12272 7079 1249 3649 1389 1357 14067 563 1072 3512 567358 656916 12493 4429 9359 2274 6614 3812 5478 10521 3094 1081 14271 1885
internal_value=-0.0159844 -0.0468592 -0.000471483 0.014067 -0.000823776 -0.0209841 -0.0355575 0.0217227 -0.0437505 0.00261778 -0.0218242 -0.000412437 0.0386284 0.0207236 -0.0129358 -0.000406949 0.000913868 -0.00151317 -0.0122237 0.0109369 0.0300575 0.0359022 -0.0185703 -0.00901977 -0.000925526 0.0133727 -0.00110462 0.00734864 0.000268642 0.0128662
internal_weight=2.04869e+06 685121 1.36357e+06 32260 1.33131e+06 26968 16673 15981 13521 10295 13107 3152 19153 5086 1635 1.30434e+06 594506 709835 36920 7941 12877 11633 28979 16486 672915 15999 12674 9580 581629 8499
internal_count=2048690 685121 1363569 32260 1331309 26968 16673 15981 13521 10295 13107 3152 19153 5086 1635 1304341 594506 709835 36920 7941 12877 11633 28979 16486 672915 15999 12674 9580 581629 8499
is_linear=0
shrinkage=0.05


Tree=215
num_leaves=31
num_cat=0
split_feature=16 7 16 16 5 16 11 1 16 0 5 1 13 1 16 9 1 5 14 5 1 5 0 16 16 16 1 0 5 5
split_gain=385970 1512.04 7285.39 5298.2 2115.38 1576.22 1003.72 937.855 4551.56 2577.55 1592.76 1874.34 1419.52 1098.9 935.416 814.09 762.385 678.481 2830.37 2024.67 832.037 870.473 698.796 675.241 995.23 654.563 904.711 621.992 620.065 613.584
threshold=-0.84841212603516436 -1.0000000180025095e-35 -1.0000000180025095e-35 -1.0000000180025095e-35 1.0000000180025095e-35 -0.62084420919083605 -1.0000000180025095e-35 -0.12940952255126037 1.0000000180025095e-35 -0.9159756150367534 1.0000000180025095e-35 0.60355339059327384 5.7251797889279175 0.37940952255126048 -0.60840188014101049 279.50000000000006 0.25881904510252057 31.500000000000004 1.0000000180025095e-35 28.500000000000004 -0.78656609248549325 97.500000000000014 0.60355339059327384 1.0000000180025095e-35 17.644411330690666 -0.72921861616065475 1.0000000180025095e-35 1.0000000180025095e-35 1.0000000180025095e-35 24.500000000000004
decision_type=8 2 10 8 2 8 2 2 10 2 2 2 2 2 10 2 2 2 2 2 2 2 2 10 10 10 2 2 2 2
left_child=28 2 5 4 6 25 -3 8 9 -5 11 -9 -12 -14 -8 17 -7 19 20 29 21 27 -20 -13 -25 -2 -27 -19 -1 -10
right_child=1 3 -4 7 -6 16 14 10 15 -11 12 23 13 -15 -16 -17 -18 18 22 -21 -22 -23 -24 24 -26 26 -28 -29 -30 -31
leaf_value=-1.6239592866895693e-06 4.8482632677426805e-07 0.0012815315718688214 -5.7941429908503487e-06 -5.1847546450497397e-07 0.00047039683715347506 9.1000341891134265e-06 -0.0002277716460326752 -6.520801622191522e-07 0 2.9681456209920063e-05 0 -0.00021651399966072729 -0.15840794586839879 0.98190897488377482 -0.0056649026698795072 -0.27896579288162399 6.763613893423504e-06 -0.0014033036453298565 0.035236368083879199 -0.029332178965338684 0.017094952255254727 -0.00041126097590193922 -0.063985884188289613 -2.6850109915983685e-06 -0.00090842325495277872 1.9607468078053358e-06 -1.8896294515236001e-07 0.027389640940401708 0.016315738960850892 0.030333512553408326
leaf_weight=684646 5150 558 40256 937 2734 6309 2945 28508 422743 8711 630235 8274 3981 8272 14326 13846 12304 1713 64323 10040 13140 3253 26052 15125 2614 1048 1301 2887 475 11984
leaf_count=684646 5150 558 40256 937 2734 6309 2945 28508 422743 8711 630235 8274 3981 8272 14326 13846 12304 1713 64323 10040 13140 3253 26052 15125 2614 1048 1301 2887 475 11984
internal_value=-0.0158586 -0.00047515 0.00688585 -0.000851757 -0.0260298 0.0274548 -0.0323097 -0.000446211 0.00103989 0.0350954 -0.00168204 -0.00988702 -0.000985777 0.0158696 -0.0344421 0.000463437 0.0352522 0.000761596 0.00425167 -0.000112306 0.0207903 0.00791417 0.000409959 -0.0195921 -0.0140904 0.00810108 -0.0137718 0.021913 -0.0464757 0.000400366
internal_weight=2.04869e+06 1.36357e+06 66368 1.2972e+06 20563 26112 17829 1.27664e+06 579629 9648 697009 54521 642488 12253 17271 569981 18613 556135 111368 444767 20993 7853 90375 26013 17739 7499 2349 4600 685121 434727
internal_count=2048690 1363569 66368 1297201 20563 26112 17829 1276638 579629 9648 697009 54521 642488 12253 17271 569981 18613 556135 111368 444767 20993 7853 90375 26013 17739 7499 2349 4600 685121 434727
is_linear=0
shrinkage=0.05


Tree=216
num_leaves=31
num_cat=0
split_feature=18 15 15 10 2 15 17 15 5 15 17 7 0 15 5 17 17 0 15 18 2 18 12 5 15 5 10 5 8 0
split_gain=362472 36037.9 6624.46 3620.53 2726.66 2291.68 2255.44 2049.01 1366.6 2826.7 1246.96 1000.02 693.493 688.086 1627.73 1093.08 800.642 633.284 491.183 419.574 481.829 630.236 395.006 376.945 372.528 413.672 303.559 954.171 727.167 588.37
threshold=-0.11805555555555554 -1.0000000180025095e-35 -0.90558609419105618 -1.0000000180025095e-35 -0.60785761079279388 -0.49827586206896546 1.0000000180025095e-35 3.7529766123316803 -1.0000000180025095e-35 -0.49827586206896546 1.0000000180025095e-35 -1.0000000180025095e-35 0.98296291314453421 -0.39003720545680026 -1.0000000180025095e-35 1.0000000180025095e-35 1.0000000180025095e-35 -0.98296291314453399 -0.54487917146144982 -0.040833333333333326 -0.60785761079279388 -0.015043290043290041 -1.0000000180025095e-35 703.50000000000011 -1.0000000180025095e-35 153.50000000000003 478.50000000000006 368.50000000000006 349.50000000000006 1.0000000180025095e-35
decision_type=10 8 10 2 2 8 10 8 2 10 10 2 2 10 2 10 10 2 10 10 2 10 2 2 10 2 2 2 2 2
left_child=1 2 3 10 6 19 8 12 9 -4 -1 -9 17 16 15 -15 -6 -3 -10 -2 21 -21 -5 24 25 -7 27 28 -26 -28
right_child=5 7 4 22 13 23 -8 11 18 -11 -12 -13 -14 14 -16 -17 -18 -19 -20 20 -22 -23 -24 -25 26 -27 29 -29 -30 -31
leaf_value=-1.5427613223539805e-06 1.7169643762304787e-07 4.0097105546425116e-06 -1.5427613223539805e-06 3.0558063630259368e-05 -1.5427613223539805e-06 -0.00098515663666866034 -1.5427613223539805e-06 0.00033417911692849026 0.00017934766108475882 0.00029652453923515457 -1.5427613223539805e-06 -0.012355523011532922 4.0097105546425116e-06 0.00030903701176239197 -0.0053816575363855312 -7.0090280044288194e-06 -1.5427613223539805e-06 4.0097105546425116e-06 -0.0056535140875778739 -0.00020913094442570059 6.1005318494011807e-05 0.00024768023625548752 -0.0047081489783404656 0.57705871511809625 0 1.3183009855632137 0.156526939409423 0.35849443215877702 -0.07010394156851589 -0.11318010123447948
leaf_weight=638193 18461 1123 2252 985 8039 10623 2218 4263 330 3627 27864 309 909 805 10224 930 4322 21928 1124 1862 8484 728 691 1335 1253793 420 2147 8268 2767 9666
leaf_count=638193 18461 1123 2252 985 8039 10623 2218 4263 330 3627 27864 309 909 805 10224 930 4322 21928 1124 1862 8484 728 691 1335 1253793 420 2147 8268 2767 9666
internal_value=-0.0157847 -0.0440475 -0.0462876 -0.0473819 -0.0247158 -0.000134428 -0.00207832 0.0110367 0.0112846 0.0220191 -0.0475666 0.0417104 0.00518364 -0.0336061 -0.0421565 0.00262248 -0.0253337 0.00349443 -0.0321183 0.0136364 0.00594185 -0.0129344 0.0260143 -0.000449955 -0.000477485 -0.00962148 -0.000398389 -0.000323878 -0.000435276 -0.00837637
internal_weight=2.04869e+06 730136 701604 667733 33871 1.31855e+06 9551 28532 7333 5879 666057 4572 23960 24320 11959 1735 12361 23051 1454 29535 11074 2590 1676 1.28902e+06 1.28768e+06 11043 1.27664e+06 1.26483e+06 1.25656e+06 11813
internal_count=2048690 730136 701604 667733 33871 1318554 9551 28532 7333 5879 666057 4572 23960 24320 11959 1735 12361 23051 1454 29535 11074 2590 1676 1289019 1287684 11043 1276641 1264828 1256560 11813
is_linear=0
shrinkage=0.05


Tree=217
num_leaves=31
num_cat=0
split_feature=16 18 16 5 17 16 16 17 17 16 18 2 18 16 17 16 5 0 0 2 16 18 0 0 18 17 17 17 0 3
split_gain=386140 47932.6 1482.51 8420.25 2087.28 1950.39 1831.07 952.613 924.527 734.461 693.85 954.395 654.54 693.114 937.073 897.173 1347.19 671.367 690.417 555.646 519.604 498.213 436.539 428.872 406.707 390.553 687.942 416.032 386.986 375.788
threshold=-0.84841212603516436 -0.11805555555555554 -0.23992033006117511 -1.0000000180025095e-35 1.0000000180025095e-35 -0.37445652173913041 -0.62084420919083605 18.500000000000004 8.5000000000000018 -0.64059800664451816 -0.060661764705882346 -0.8783796973249266 0.033615819209039555 0.21688681631710352 43.500000000000007 -1.0000000180025095e-35 -1.0000000180025095e-35 0.98296291314453421 -0.98296291314453399 -0.60785761079279388 -0.72921861616065475 -0.046822076110779036 -0.37940952255126065 0.98296291314453421 0.031320067264574002 133.50000000000003 205.50000000000003 216.00000000000003 0.12940952255126045 0.81174490092936691
decision_type=8 10 10 2 10 10 8 8 8 8 10 2 10 10 8 10 2 2 2 2 10 10 2 2 10 10 10 10 2 2
left_child=1 -1 3 6 5 9 8 22 -2 29 -3 -12 13 14 -4 16 -16 18 -17 -11 -10 -15 -8 -24 25 -23 28 -28 -27 -5
right_child=2 10 12 4 -6 -7 7 -9 20 19 11 -13 -14 21 15 17 -18 -19 -20 -21 -22 24 23 -25 -26 26 27 -29 -30 -31
leaf_value=-1.465623256236004e-06 -5.8634835306548005e-07 1.6370033844026467e-07 2.8300503119820226e-05 -0.0041001884249983996 0.00049913918494308158 9.8130554506115867e-06 -1.2615643714575244e-06 6.5025712648658643e-06 1.4295601353686573e-06 9.8130554506115867e-06 -8.0155384961977386e-06 9.7038507218538683e-07 0 -1.184308712262605e-05 6.5430857715786947e-05 3.8092250269103858e-06 -0.0068425741166259525 3.8092250269103858e-06 -6.9303721901185083e-07 -0.0051125746595662548 -1.0237673177537766e-07 -1.2033967678346011e-06 5.1190952981339247e-06 -0.031074254051196095 -0.0050425845120917528 -0.00065736881459594893 0.00067019282534102058 -8.0301638062990629e-05 -0.00076186782665802909 0.00017942479915087652
leaf_weight=665754 1533 8745 11041 1585 4544 2242 1733 11858 4382 757 1695 8927 1166796 16708 862 874 2272 922 17954 9327 1528 89494 2079 162 2997 4304 829 2158 3763 865
leaf_count=665754 1533 8745 11041 1585 4544 2242 1733 11858 4382 757 1695 8927 1166796 16708 862 874 2272 922 17954 9327 1528 89494 2079 162 2997 4304 829 2158 3763 865
internal_value=-0.015763 -0.0463868 -0.000376145 0.00880502 -0.0155952 -0.024709 0.0290591 0.0386748 0.0086054 -0.0323919 0.0311535 0.0225664 -0.000672193 -0.003734 0.00257775 -0.00319437 -0.0280472 0.000749367 -0.00129063 -0.0383578 0.0175804 -0.00551462 0.0174887 0.0320616 -0.00422184 -0.00368083 -0.0125475 0.00795112 -0.0201376 -0.00783673
internal_weight=2.04869e+06 685121 1.36357e+06 42595 19320 14776 23275 15832 7443 12534 19367 10622 1.32097e+06 154178 33925 22884 3134 19750 18828 10084 5910 120253 3974 2241 103545 100548 11054 2987 8067 2450
internal_count=2048690 685121 1363569 42595 19320 14776 23275 15832 7443 12534 19367 10622 1320974 154178 33925 22884 3134 19750 18828 10084 5910 120253 3974 2241 103545 100548 11054 2987 8067 2450
is_linear=0
shrinkage=0.05


Tree=218
num_leaves=31
num_cat=0
split_feature=16 15 15 16 15 15 15 5 16 11 1 16 16 1 16 1 16 15 1 15 15 1 14 15 15 5 16 16 7 11
split_gain=386871 31295.1 3069.51 10619.9 4602.44 3682.37 1859.09 1539.19 1522.97 1193.15 989.602 889.037 1091.99 1299.72 842.35 680.502 3974.49 1407.02 1975.75 1618.83 1113.58 1089.25 1078.01 1032.39 3674.45 1112 862.757 1286.15 1045.78 850.897
threshold=-0.84841212603516436 -0.49827586206896546 -0.99693251533742322 0.21688681631710352 -1.0000000180025095e-35 -0.40070422535211264 -0.24899999999999997 -1.0000000180025095e-35 -0.30457444378722476 1.1666666666666667 0.25881904510252057 -0.62084420919083605 -0.72921861616065475 1.0000000180025095e-35 0.21688681631710352 -0.12940952255126037 1.0000000180025095e-35 0.17992805755395685 0.25881904510252057 1.0000000180025095e-35 1.0000000180025095e-35 -0.3794095225512602 5.8748511737261575 98.995145631067984 99.012987012987026 93.500000000000014 1.0000000180025095e-35 16.266113416320888 1.0000000180025095e-35 -0.49999999999999994
decision_type=8 8 8 10 8 10 10 2 8 2 2 8 10 2 8 2 10 10 2 8 8 2 2 10 10 2 8 10 2 2
left_child=1 -1 3 11 5 10 -3 14 -6 -9 -4 12 -2 -14 -7 16 20 18 19 -17 21 -10 23 25 -25 29 -20 28 -28 -19
right_child=2 6 4 -5 8 7 -8 9 15 -11 -12 -13 13 -15 -16 17 -18 22 26 -21 -22 -23 -24 24 -26 -27 27 -29 -30 -31
leaf_value=-1.392342093425869e-06 1.3580821285996692e-06 0.00028177159343620864 8.3833015967704757e-06 -0.00013827282223222159 0.00024516843630360862 0.00033593885973774999 1.6363138673036737e-06 -0.0048569459265879423 2.8031549732642535e-05 0.089229779657461261 -7.1321833652326916e-06 6.177442701627012e-06 1.9449663701154309e-06 -9.7257895187441442e-08 -0.00083817882059831214 3.6187637755648663e-06 0 1.6515658255489284e-05 -0.00020585413334447242 -0.0016118128640319699 -1.419409214881151e-05 2.8031549732642535e-05 0.18152468781071962 -0.004720836162204734 -0.0085939557976800526 0.0054837718063708964 1.918041237849237e-06 -0.00083719287520200684 -0.0027247698984549152 0
leaf_weight=669140 3451 8902 8083 13107 3784 1223 7079 11729 7228 661 4130 14067 563 1072 1142 4715 581629 9677 11468 2845 1521 1931 26765 8050 56295 10988 9443 3812 3231 560959
leaf_count=669140 3451 8902 8083 13107 3784 1223 7079 11729 7228 661 4130 14067 563 1072 1142 4715 581629 9677 11468 2845 1521 1931 26765 8050 56295 10988 9443 3812 3231 560959
internal_value=-0.015734 -0.0463868 -0.000332583 0.014907 -0.000701866 -0.0211473 0.0227614 -0.0379566 -0.000279145 -0.0450121 -0.00083927 0.0386389 0.0207236 -0.0129358 -0.000993658 -0.000371302 0.000879355 -0.00141723 -0.0111167 0.0115608 0.0311049 0.0376842 -0.000905187 -0.0013126 -0.00732225 -0.000647755 -0.0172498 -0.00992357 -0.00226448 -0.000951132
internal_weight=2.04869e+06 685121 1.36357e+06 32260 1.33131e+06 26968 15981 14755 1.30434e+06 12390 12213 19153 5086 1635 2365 1.30056e+06 592309 708248 35514 7560 10680 9159 672734 645969 64345 581624 27954 16486 12674 570636
internal_count=2048690 685121 1363569 32260 1331309 26968 15981 14755 1304341 12390 12213 19153 5086 1635 2365 1300557 592309 708248 35514 7560 10680 9159 672734 645969 64345 581624 27954 16486 12674 570636
is_linear=0
shrinkage=0.05


Tree=219
num_leaves=31
num_cat=0
split_feature=16 18 15 17 15 16 15 15 15 12 18 1 16 2 18 11 18 1 18 17 1 0 17 15 15 12 10 16 1 0
split_gain=385329 48100.2 25983.4 4347.5 3067.47 9880.06 4265.48 4111.62 2171.28 1383.96 1250.43 1413.6 1148.51 1137.07 1120.35 1068.26 1028.19 801.438 4719.28 2424.8 7079.2 2062.72 1132.65 1254.53 895.053 834.479 801.046 798.749 950.068 774.979
threshold=-0.84841212603516436 -0.11805555555555554 -0.49827586206896546 1.0000000180025095e-35 -0.99693251533742322 0.21688681631710352 -1.0000000180025095e-35 -0.40070422535211264 -1.0000000180025095e-35 -0.91666666666666663 -0.046822076110779036 1.0000000180025095e-35 -0.62084420919083605 -0.60785761079279388 -1.0000000180025095e-35 -0.83333333333333315 -0.11805555555555554 -0.12940952255126037 -0.74999999999999989 1.0000000180025095e-35 0.25881904510252057 -0.9159756150367534 520.50000000000011 492.47603224752157 0.61964176362522971 -1.0000000180025095e-35 478.50000000000006 -0.72921861616065475 1.0000000180025095e-35 0.98296291314453421
decision_type=8 10 8 10 8 10 8 10 10 2 10 2 8 2 10 2 8 2 10 10 2 2 10 8 10 2 2 10 2 2
left_child=1 2 -1 15 5 12 7 -6 -3 -9 29 -12 16 -13 -11 -4 -2 18 21 20 -19 -8 23 -21 -20 -22 -26 -18 -29 -7
right_child=4 8 3 -5 6 10 17 9 -10 14 11 13 -14 -15 -16 -17 27 19 24 22 25 -23 -24 -25 26 -27 -28 28 -30 -31
leaf_value=-1.3227249887559634e-06 -5.5216804065172376e-07 3.6299808316986318e-07 0.00026768301376439707 -8.6375993225085154e-06 3.1357028960066204e-07 -0.00049808814377347299 -2.0599628446933851e-06 4.7613227058707077e-06 1.6538351779171734e-07 -0.0046140986302585446 -6.2713679538256578e-05 -0.00013042219971924897 5.8685705665473266e-06 6.4928863519320148e-05 0.0054500806748801842 -0.01985185711703762 1.2901780221730165e-06 3.4378255867866232e-06 4.5909604950988836e-08 0 8.6534309924335422e-07 2.6629972246010407e-05 0.29863547715207234 -0.0030915838353735904 0 -0.00019556142667724878 -0.71081264607389871 1.8477180516063287e-06 -9.2395000428346918e-08 5.1773895968509902e-05
leaf_weight=655314 974 14922 7927 2188 12213 5016 1086 1969 4445 11736 3349 804 14067 3133 1050 325 2948 2925 24079 682875 240 8371 8761 5699 556827 9335 4143 466 698 805
leaf_count=655314 974 14922 7927 2188 12213 5016 1086 1969 4445 11736 3349 804 14067 3133 1050 325 2948 2925 24079 682875 240 8371 8761 5699 556827 9335 4143 466 698 805
internal_value=-0.0157912 -0.0463828 -0.0486424 0.0296169 -0.000420514 0.014814 -0.000789674 -0.0204724 0.0312929 -0.0382345 -0.0186351 -0.00483118 0.0377043 0.0154813 -0.0442437 0.0462312 0.0173417 -0.000382722 0.000971563 -0.00151697 -0.023344 0.0360104 -0.00112571 -0.00135301 0.00040518 -0.044141 0 0.0282831 -0.00678694 -0.0359131
internal_weight=2.04869e+06 685121 665754 10440 1.36357e+06 32260 1.33131e+06 26968 19367 14755 13107 7286 19153 3937 12786 8252 5086 1.30434e+06 594506 709835 12500 9457 697335 688574 585049 9575 560970 4112 1164 5821
internal_count=2048690 685121 665754 10440 1363569 32260 1331309 26968 19367 14755 13107 7286 19153 3937 12786 8252 5086 1304341 594506 709835 12500 9457 697335 688574 585049 9575 560970 4112 1164 5821
is_linear=0
shrinkage=0.05


Tree=220
num_leaves=31
num_cat=0
split_feature=16 18 15 17 15 16 15 15 15 16 11 18 16 18 11 18 2 17 16 0 15 18 0 2 18 16 11 15 18 15
split_gain=386235 47926.1 26861 3678.63 3127.9 9690.98 4219.17 4045.11 2153.77 1615.81 1466.99 1241.82 1148.51 1128.98 1068.26 1028.19 920.564 803.854 798.749 754.649 717.037 699.943 579.885 544.457 1246.17 491.034 458.025 423.185 738.837 384.624
threshold=-0.84841212603516436 -0.11805555555555554 -0.49827586206896546 1.0000000180025095e-35 -0.99693251533742322 0.21688681631710352 -1.0000000180025095e-35 -0.40070422535211264 -1.0000000180025095e-35 -0.26433425943349226 -0.83333333333333315 -0.046822076110779036 -0.62084420919083605 -0.024404761904761901 -0.83333333333333315 -0.11805555555555554 -0.60785761079279388 1.0000000180025095e-35 -0.72921861616065475 0.98296291314453421 0.46821976838136287 -0.095454545454545445 0.98296291314453421 -0.8783796973249266 -0.046822076110779036 -0.98160224443591992 -1.0000000180025095e-35 0.46821976838136287 -0.046822076110779036 0.46821976838136287
decision_type=8 10 8 10 8 10 8 10 10 8 2 10 8 10 2 8 2 10 10 2 10 8 2 2 10 10 2 10 10 8
left_child=1 2 -1 14 5 12 7 21 23 29 17 19 15 -12 -4 -2 -13 -9 22 -7 -5 -6 -17 24 -3 -25 -14 -10 -29 -8
right_child=4 8 3 20 6 11 9 10 27 -11 13 16 26 -15 -16 18 -18 -19 -20 -21 -22 -23 -24 25 -26 -27 -28 28 -30 -31
leaf_value=-1.2565887393178877e-06 -5.2455963862052537e-07 2.6375389279298388e-07 0.00025429886307617446 -2.9933040062557482e-05 -1.1032140098798938e-05 -0.000473183736584798 6.4703103287644395e-05 0.00031999735763481589 -2.2388815085150338e-06 0 -0.0043833936987456171 -0.00019568877576560674 5.57514203821663e-06 0.0051775766411361751 -0.01885926426118574 1.2256691210632554e-06 1.1120087223914777e-05 -0.00031063267936054799 -8.777525040692958e-08 4.9185201170087733e-05 3.6444490591591719e-06 7.5851364191747985e-06 -0.023094889812134384 7.2737620758767114e-07 -7.5728660776097634e-06 -1.9422805406160704e-05 -0.037907924422236269 8.1149172466488121e-06 -6.7143114163559228e-07 0.00038373997863876412
leaf_weight=655314 974 1583 7927 1509 1928 5016 2963 626 900 1299961 11514 1675 13776 1057 325 2662 5611 1558 1164 805 679 10285 286 11744 1081 514 291 1187 2358 1417
leaf_count=655314 974 1583 7927 1509 1928 5016 2963 626 900 1299961 11514 1675 13776 1057 325 2662 5611 1558 1164 805 679 10285 286 11744 1081 514 291 1187 2358 1417
internal_value=-0.0157385 -0.046366 -0.0486216 0.0309483 -0.000349744 0.0150341 -0.000722522 -0.0202981 0.031169 -0.000317785 -0.037916 -0.0180934 0.0377043 -0.0444873 0.0462312 0.0173417 -0.00433708 -9.15751e-05 0.0282831 -0.0353118 -0.026691 0.000986654 0.0421303 0.0402694 0.0197823 0.0447218 0.0450665 0.000618673 0.0083921 0.03
internal_weight=2.04869e+06 685121 665754 10440 1.36357e+06 32260 1.33131e+06 26968 19367 1.30434e+06 14755 13107 19153 12571 8252 5086 7286 2184 4112 5821 2188 12213 2948 14922 2664 12258 14067 4445 3545 4380
internal_count=2048690 685121 665754 10440 1363569 32260 1331309 26968 19367 1304341 14755 13107 19153 12571 8252 5086 7286 2184 4112 5821 2188 12213 2948 14922 2664 12258 14067 4445 3545 4380
is_linear=0
shrinkage=0.05


Tree=221
num_leaves=31
num_cat=0
split_feature=16 17 15 15 16 15 15 17 15 5 16 17 5 1 17 1 4 16 16 16 1 1 17 0 17 1 15 17 15 14
split_gain=386093 47272.8 27941.5 3520.75 9650.49 4533.32 3674.97 2984.59 2327.1 1686.2 1615.81 1243.18 1068.26 999.393 969.304 1536.43 1019.63 946.906 885.413 1091.99 1299.72 742.716 4353.61 2760.16 2518.29 6605.53 1067.08 964.197 827.722 1120.78
threshold=-0.84841212603516436 8.5000000000000018 -0.49827586206896546 -0.99693251533742322 0.21688681631710352 -1.0000000180025095e-35 -0.40070422535211264 1.0000000180025095e-35 -1.0000000180025095e-35 -1.0000000180025095e-35 -0.26433425943349226 3.5000000000000004 -1.0000000180025095e-35 0.25881904510252057 21.500000000000004 1.0000000180025095e-35 1.0000000180025095e-35 0.21688681631710352 -0.62084420919083605 -0.72921861616065475 1.0000000180025095e-35 -0.12940952255126037 1.0000000180025095e-35 -0.9159756150367534 1.0000000180025095e-35 0.25881904510252057 -1.0000000180025095e-35 520.50000000000011 0.61964176362522971 1.0000000180025095e-35
decision_type=8 10 8 8 10 8 10 10 10 2 8 10 2 2 10 2 2 8 8 10 2 2 10 2 10 2 10 10 10 2
left_child=1 2 -1 4 18 6 13 12 -3 17 -7 -11 -4 -5 -6 -16 -17 -8 19 -2 -21 22 23 -12 25 -23 -26 -28 29 -24
right_child=3 8 7 5 14 10 9 -9 -10 11 21 -13 -14 -15 15 16 -18 -19 -20 20 -22 24 28 -25 26 -27 27 -29 -30 -31
leaf_value=-1.1937593023536586e-06 1.1643856650089824e-06 2.9878849269193711e-07 0.00024158391992236129 7.5692011815009508e-06 -0.00042094175422920934 0.00012244357238344605 0.00030302072556592785 -6.7090673532554934e-06 -2.4863152042753356e-07 -0.0041642240138083366 -1.9569647024587155e-06 0.074043341809041999 -0.017916301048126453 -7.1705095324114959e-06 -6.0133999922540318e-05 6.1126415982160065e-05 -0.00011566511710245364 -0.00077573854570892053 5.2963849363041333e-06 1.7597209115427503e-06 -8.3386487886860658e-08 3.2659343074472918e-06 2.9282197016809511e-07 2.529847363370989e-05 -0.0024339522117634905 -0.00018578335534338635 0 0.27988123918437252 0 -0.0033401401214160549
leaf_weight=655636 3451 14585 7927 8083 5961 4380 1223 2272 4376 11666 865 724 325 4130 3251 3111 784 1142 14067 563 1072 2504 16718 7518 4272 8345 684068 8726 560048 6897
leaf_count=655636 3451 14585 7927 8083 5961 4380 1223 2272 4376 11666 865 724 325 4130 3251 3111 784 1142 14067 563 1072 2504 16718 7518 4272 8345 684068 8726 560048 6897
internal_value=-0.0157277 -0.0463497 -0.0485655 -0.000341824 0.0159795 -0.000737319 -0.0210286 0.0322596 0.0314989 -0.0378211 -0.000317785 -0.0452058 0.0462312 -0.000741014 -0.0170787 -0.00465995 0.0165212 0.000866808 0.0386023 0.0207236 -0.0129358 -0.000419936 0.000886924 0.0366635 -0.00151289 -0.0254171 -0.00114085 -0.000987234 0.000373075 0.00954266
internal_weight=2.04869e+06 685121 666160 1.36357e+06 32260 1.33131e+06 26968 10524 18961 14755 1.30434e+06 12390 8252 12213 13107 7146 3895 2365 19153 5086 1635 1.29996e+06 592046 8383 707915 10849 697066 692794 583663 23615
internal_count=2048690 685121 666160 1363569 32260 1331309 26968 10524 18961 14755 1304341 12390 8252 12213 13107 7146 3895 2365 19153 5086 1635 1299961 592046 8383 707915 10849 697066 692794 583663 23615
is_linear=0
shrinkage=0.05


Tree=222
num_leaves=31
num_cat=0
split_feature=16 17 15 15 16 15 15 17 15 5 16 11 5 16 1 17 17 17 1 4 17 16 1 17 16 1 17 15 15 17
split_gain=382601 47210 27960.9 3160.83 9638.18 4150.85 4062.04 2972.43 2306.17 1588.75 1206.24 1176.72 1068.26 970.397 1133.19 924.421 865.077 825.831 1303.67 878.003 730.66 660.955 650.854 3794.97 1451.44 6405.43 2251.43 1652.43 942.129 831.342
threshold=-0.84841212603516436 8.5000000000000018 -0.49827586206896546 -0.99693251533742322 0.21688681631710352 -1.0000000180025095e-35 -0.40070422535211264 1.0000000180025095e-35 -1.0000000180025095e-35 -1.0000000180025095e-35 -0.62084420919083605 1.1666666666666667 -1.0000000180025095e-35 -0.72921861616065475 1.0000000180025095e-35 1.0000000180025095e-35 8.5000000000000018 21.500000000000004 1.0000000180025095e-35 1.0000000180025095e-35 3.5000000000000004 -0.3567892503536067 0.78656609248549303 1.0000000180025095e-35 1.0000000180025095e-35 0.25881904510252057 43.500000000000007 1.0000000180025095e-35 1.0000000180025095e-35 520.50000000000011
decision_type=8 10 8 8 10 8 10 10 10 2 8 2 2 10 2 10 8 10 2 2 10 10 2 10 10 2 8 8 8 10
left_child=1 2 -1 4 10 6 -5 12 -3 15 13 -11 -4 16 -15 -8 -2 20 -19 -20 -6 -7 24 -24 25 27 28 -23 -27 -25
right_child=3 8 7 5 17 21 9 -9 -10 11 -12 -13 -14 14 -16 -17 -18 18 19 -21 -22 22 23 29 -26 26 -28 -29 -30 -31
leaf_value=-1.1340713372387512e-06 -4.6391140151591514e-08 2.8384906806122603e-07 0.00022950472392624377 2.7716043078385154e-07 3.1175115808268485e-05 0.00035843080108765581 0.00029056753499770996 -6.3736139855941069e-06 -2.3619994440338133e-07 -0.0039560128131179194 5.03156568948393e-06 0.080534740718335315 -0.01702048599572013 1.6717348659600618e-06 -7.9217163490019621e-08 -0.00049933177427322062 1.1061663817590883e-06 -5.712729992641275e-05 5.8070095183049286e-05 -0.00010988186124732957 -0.00039989466651774722 2.4033549952024396e-05 -0.00017649418757621706 0 0 0.00044872229610092994 -0.00018728728355114246 -2.0650350152162657e-05 -0.00036558714099806447 0.34320051860098033
leaf_weight=655636 517 14585 7927 12213 279 4797 690 2272 4376 11729 14067 661 325 563 1072 1675 2934 3251 3111 784 5682 12299 4595 263492 1007178 1187 4935 1984 488 3386
leaf_count=655636 517 14585 7927 12213 279 4797 690 2272 4376 11729 14067 661 325 563 1072 1675 2934 3251 3111 784 5682 12299 4595 263492 1007178 1187 4935 1984 488 3386
internal_value=-0.0158676 -0.0463507 -0.0485651 -0.000551421 0.0149132 -0.000926156 -0.0203426 0.0322881 0.0314461 -0.0379973 0.0375215 -0.0451655 0.0462312 0.0166536 -0.0150765 -0.000443975 0.0316865 -0.0181239 -0.00666107 0.0128498 -0.0318655 -0.000524709 -0.000593093 -0.00277063 -1.80921e-05 0.0130259 -0.0276702 0.0318596 0.0224179 -0.00199492
internal_weight=2.04869e+06 685121 666160 1.36357e+06 32260 1.33131e+06 26968 10524 18961 14755 19153 12390 8252 5086 1635 2365 3451 13107 7146 3895 5961 1.30434e+06 1.29954e+06 271473 1.02807e+06 20893 6610 14283 1675 266878
internal_count=2048690 685121 666160 1363569 32260 1331309 26968 10524 18961 14755 19153 12390 8252 5086 1635 2365 3451 13107 7146 3895 5961 1304341 1299544 271473 1028071 20893 6610 14283 1675 266878
is_linear=0
shrinkage=0.05


Tree=223
num_leaves=31
num_cat=0
split_feature=16 18 15 15 16 15 15 17 15 5 1 16 16 12 5 18 16 18 1 17 16 17 15 1 2 17 17 1 0 1
split_gain=383281 47569.5 27876.2 3113.96 9701.71 4299.22 3850.29 2986.14 2239.73 1753.31 1571.33 1473.48 1206.24 1161.7 1068.26 997.78 899.963 894.914 1208.74 893.354 887.622 843.863 1065.69 801.576 773.387 752.68 737.067 614.058 579.885 573.83
threshold=-0.84841212603516436 -0.11805555555555554 -0.49827586206896546 -0.99693251533742322 0.21688681631710352 -1.0000000180025095e-35 -0.40070422535211264 1.0000000180025095e-35 -1.0000000180025095e-35 -1.0000000180025095e-35 -0.12940952255126037 -0.26433425943349226 -0.62084420919083605 1.0833333333333337 -1.0000000180025095e-35 -0.11805555555555554 -0.72921861616065475 -0.046822076110779036 1.0000000180025095e-35 2.5000000000000004 0.21688681631710352 2.5000000000000004 -0.49827586206896546 1.0000000180025095e-35 -0.60785761079279388 3.5000000000000004 6.5000000000000009 1.0000000180025095e-35 0.98296291314453421 0.78656609248549303
decision_type=8 10 8 8 10 10 10 10 10 2 2 10 8 2 2 8 10 10 2 10 8 10 10 2 2 10 8 2 2 2
left_child=1 2 -1 4 12 6 10 14 -3 20 21 19 15 -11 -4 27 28 25 -19 -7 -8 22 -5 -18 -20 -6 -12 -2 -17 -13
right_child=3 8 7 5 17 11 9 -9 -10 13 26 29 -14 -15 -16 16 23 18 24 -21 -22 -23 -24 -25 -26 -27 -28 -29 -30 -31
leaf_value=-1.0773677703745931e-06 1.670772199613424e-06 2.7934749060598566e-07 0.00021802948772993159 0.00016499310889941943 2.9616360017858945e-05 0.00031774245029130341 0.00027334131253774484 -6.0549332863146788e-06 -1.1661584236599687e-07 -0.0037582121724620238 -0.0015892447224940211 0 4.7799874050125097e-06 0.07761228311639537 -0.016169461695934122 1.0508580626678032e-06 1.5881481226664997e-06 -5.4270934930089612e-05 -0.00010283930202751313 -5.4112598186078057e-05 -0.00071198502970981625 -2.5573993150584952e-05 -0.003896385422244371 -7.5256305315241089e-08 5.5166590423894048e-05 -0.00037989993319185734 -6.7085630718721763e-06 -4.9020147411815711e-07 -0.021940258849130003 0
leaf_weight=655314 201 14922 7927 5375 275 4046 1223 2188 4445 11733 3228 1021091 14067 657 325 2662 466 3349 804 1881 1142 3784 639 698 3133 5546 7008 773 286 269502
leaf_count=655314 201 14922 7927 5375 275 4046 1223 2188 4445 11733 3228 1021091 14067 657 325 2662 466 3349 804 1881 1142 3784 639 698 3133 5546 7008 773 286 269502
internal_value=-0.0158405 -0.0463507 -0.0485978 -0.000510719 0.0148388 -0.000882665 -0.0182285 0.0324617 0.0308953 -0.037611 -0.00395328 -0.000417232 0.0375215 -0.0451412 0.0462312 0.0166536 0.0274319 -0.018307 -0.00662915 0.0244559 0.00183932 0.0103593 0.0219987 -0.00979381 0.0121539 -0.0329239 -0.0176534 -0.0288501 0.0421303 -0.000531461
internal_weight=2.04869e+06 685121 665754 1.36357e+06 32260 1.33131e+06 34789 10440 19367 14755 20034 1.29652e+06 19153 12390 8252 5086 4112 13107 7286 5927 2365 9798 6014 1164 3937 5821 10236 974 2948 1.29059e+06
internal_count=2048690 685121 665754 1363569 32260 1331309 34789 10440 19367 14755 20034 1296520 19153 12390 8252 5086 4112 13107 7286 5927 2365 9798 6014 1164 3937 5821 10236 974 2948 1290593
is_linear=0
shrinkage=0.05


Tree=224
num_leaves=31
num_cat=0
split_feature=16 18 15 15 16 15 15 17 15 5 16 11 5 18 1 18 16 16 1 17 16 17 1 1 17 16 1 17 15 15
split_gain=381566 47574.9 27902.1 3305.32 9393.95 5303.14 3061.16 2969.55 2237.24 1815.48 1206.24 1123.93 1068.26 1014.26 1395.78 997.78 899.963 847.198 801.576 713.487 713.049 698.691 614.058 612.739 3806.42 1564.04 6611.5 2195.34 1399.5 841.103
threshold=-0.84841212603516436 -0.11805555555555554 -0.49827586206896546 -0.99693251533742322 0.21688681631710352 -1.0000000180025095e-35 -0.40070422535211264 1.0000000180025095e-35 -1.0000000180025095e-35 -1.0000000180025095e-35 -0.62084420919083605 1.1666666666666667 -1.0000000180025095e-35 -0.046822076110779036 1.0000000180025095e-35 -0.11805555555555554 -0.72921861616065475 0.21688681631710352 1.0000000180025095e-35 3.5000000000000004 -0.38851452530697811 2.5000000000000004 1.0000000180025095e-35 0.78656609248549303 1.0000000180025095e-35 1.0000000180025095e-35 0.25881904510252057 43.500000000000007 1.0000000180025095e-35 1.0000000180025095e-35
decision_type=8 10 8 8 10 10 10 10 10 2 8 2 2 10 2 8 10 10 2 10 10 10 2 2 10 10 2 8 10 10
left_child=1 2 -1 4 10 6 -5 12 -3 17 15 -11 -4 19 -15 22 -17 -8 -18 -6 21 -7 -2 25 -25 26 28 29 -22 -28
right_child=3 8 7 5 13 20 9 -9 -10 11 -12 -13 -14 14 -16 16 18 -19 -20 -21 23 -23 -24 24 -26 -27 27 -29 -30 -31
leaf_value=-1.023499381858084e-06 1.5872335896283119e-06 2.6538011607124548e-07 0.00020712801334343833 -5.1289835671819441e-06 2.8135542016971549e-05 0.00044037356312698339 0.00025967424691085704 -5.7521866219989452e-06 -1.1078505025019504e-07 -0.0035703015638389223 4.5409880347624387e-06 0.072627389526598848 -0.015360988611137414 -5.1557388183587353e-05 2.6519174529282541e-05 9.9831515953940908e-07 1.5087407165381706e-06 -0.00068162354425106437 -7.14934900503117e-08 -0.00036090493653226363 2.2831872454423172e-05 -5.4301028647729677e-05 -4.656914004141921e-07 -0.00016766947819740619 0 0 0.00042628618129588337 -0.00017792291937358533 -1.5089085133440651e-05 -0.00034730778394816126
leaf_weight=655314 201 14922 7927 20034 275 2145 1225 2188 4445 11729 14067 661 325 3349 3937 2948 466 1140 698 5546 12520 1644 773 4571 265558 1001610 1187 4943 1885 457
leaf_count=655314 201 14922 7927 20034 275 2145 1225 2188 4445 11729 14067 661 325 3349 3937 2948 466 1140 698 5546 12520 1644 773 4571 265558 1001610 1187 4943 1885 457
internal_value=-0.0159081 -0.04635 -0.0485972 -0.000612657 0.0152015 -0.000995862 -0.0202607 0.0325 0.0309005 -0.0375432 0.0375215 -0.0452058 0.0462312 -0.0174144 -0.00498216 0.0166536 0.0274319 0.00260042 -0.00979381 -0.0329754 -0.000478936 0.0211797 -0.0288501 -0.000542418 -0.0026604 1.70643e-05 0.0135242 -0.0279718 0.0324991 0.0220803
internal_weight=2.04869e+06 685121 665754 1.36357e+06 32260 1.33131e+06 34789 10440 19367 14755 19153 12390 8252 13107 7286 5086 4112 2365 1164 5821 1.29652e+06 3789 974 1.29273e+06 270129 1.0226e+06 20992 6587 14405 1644
internal_count=2048690 685121 665754 1363569 32260 1331309 34789 10440 19367 14755 19153 12390 8252 13107 7286 5086 4112 2365 1164 5821 1296520 3789 974 1292731 270129 1022602 20992 6587 14405 1644
is_linear=0
shrinkage=0.05


Tree=225
num_leaves=31
num_cat=0
split_feature=16 18 15 15 16 15 15 17 15 5 17 5 16 16 1 18 1 17 17 16 17 1 17 16 1 17 15 15 17 9
split_gain=381699 47569 28116.6 3613.98 9531.97 5352.87 3106.96 2834.4 2237.24 1692.54 1079.37 1068.26 936.182 1188.27 1133.19 909.337 1376.47 984.566 870.654 650.346 644.16 613.052 3806.42 1571.61 6597.94 2215.41 1393.08 802.959 731.077 644.95
threshold=-0.84841212603516436 -0.11805555555555554 -0.49827586206896546 -0.99693251533742322 0.21688681631710352 -1.0000000180025095e-35 -0.40070422535211264 1.0000000180025095e-35 -1.0000000180025095e-35 -1.0000000180025095e-35 1.0000000180025095e-35 -1.0000000180025095e-35 -0.62084420919083605 -0.72921861616065475 1.0000000180025095e-35 -0.046822076110779036 1.0000000180025095e-35 5.5000000000000009 1.0000000180025095e-35 -0.38851452530697811 2.5000000000000004 0.78656609248549303 1.0000000180025095e-35 1.0000000180025095e-35 0.25881904510252057 43.500000000000007 1.0000000180025095e-35 0.17992805755395685 520.50000000000011 478.50000000000006
decision_type=8 10 8 8 10 10 10 10 10 2 10 2 8 10 2 10 2 10 10 10 10 2 10 10 2 8 10 10 10 2
left_child=1 2 -1 4 12 6 -5 11 -3 18 -11 -4 13 -2 -15 17 -17 -6 -8 20 -7 23 -23 24 26 27 -21 -26 -24 -25
right_child=3 8 7 5 15 19 9 -9 -10 10 -12 -13 -14 14 -16 16 -18 -19 -20 21 -22 22 28 29 25 -27 -28 -29 -30 -31
leaf_value=-9.7232441276240422e-07 9.4839940156798974e-07 2.5211111026601785e-07 0.00019677161267626087 -4.8725343888222921e-06 2.6728764916117421e-05 0.00041835488497063422 0.00024938838027539491 -5.4645772908978877e-06 -1.0524579773796284e-07 -0.0033917864856469766 0.00056413737949220506 -0.014592939180580543 4.3139386330270925e-06 1.4333036807090417e-06 -6.791881554946145e-08 -4.8979518774405764e-05 2.5193215802821191e-05 -0.00034328690924175236 -0.00040468475686151751 2.1690278831702015e-05 -5.1585977215340421e-05 -0.00015928600428753587 0 0 0.00040497187223108928 -0.00016902677340490605 -1.4334630876766675e-05 -0.0003299423947507532 0.32353486663560038 -0.12601423510898827
leaf_weight=655314 3451 14922 7927 20034 510 2145 690 2188 4445 11340 1050 325 14067 563 1072 3349 3937 5311 1675 12520 1644 4571 262187 993065 1208 4943 1885 436 3371 8545
leaf_count=655314 3451 14922 7927 20034 510 2145 690 2188 4445 11340 1050 325 14067 563 1072 3349 3937 5311 1675 12520 1644 4571 262187 993065 1208 4943 1885 436 3371 8545
internal_value=-0.015898 -0.0463452 -0.0485923 -0.000599896 0.0159361 -0.00100059 -0.0203556 0.0328161 0.0309005 -0.0377669 -0.0451655 0.0462312 0.0384196 0.0200354 -0.0150765 -0.0169184 -0.00514686 -0.0316526 0.000993658 -0.00048125 0.0202032 -0.000541876 -0.0026604 1.77488e-05 0.0135575 -0.0278959 0.032513 0.0223844 -0.0018817 -0.000266022
internal_weight=2.04869e+06 685121 665754 1.36357e+06 32260 1.33131e+06 34789 10440 19367 14755 12390 8252 19153 5086 1635 13107 7286 5821 2365 1.29652e+06 3789 1.29273e+06 270129 1.0226e+06 20992 6587 14405 1644 265558 1.00161e+06
internal_count=2048690 685121 665754 1363569 32260 1331309 34789 10440 19367 14755 12390 8252 19153 5086 1635 13107 7286 5821 2365 1296520 3789 1292731 270129 1022602 20992 6587 14405 1644 265558 1001610
is_linear=0
shrinkage=0.05


Tree=226
num_leaves=31
num_cat=0
split_feature=16 18 15 15 16 15 15 18 15 5 16 16 5 18 18 16 16 0 18 1 1 18 1 0 18 1 18 0 15 2
split_gain=379294 47544.3 28116.6 3139.82 9848.1 5229.66 3055.63 2834.4 2234.27 1828.35 1410.46 1206.24 1068.26 1060.06 997.78 899.963 837.3 807.257 818.917 801.576 787.208 750.673 13791.2 2811.88 631.129 614.058 600.64 579.885 554.817 546.027
threshold=-0.84841212603516436 -0.11805555555555554 -0.49827586206896546 -0.99693251533742322 0.21688681631710352 -1.0000000180025095e-35 -0.40070422535211264 -0.11805555555555554 -1.0000000180025095e-35 -1.0000000180025095e-35 -0.26433425943349226 -0.62084420919083605 -1.0000000180025095e-35 -1.0000000180025095e-35 -0.11805555555555554 -0.72921861616065475 0.21688681631710352 0.98296291314453421 -0.046822076110779036 1.0000000180025095e-35 0.1294095225512602 inf -0.12940952255126037 -0.9159756150367534 0.95883349809348972 1.0000000180025095e-35 -0.22499999999999998 0.98296291314453421 -0.24899999999999997 -0.8783796973249266
decision_type=8 10 8 8 10 10 10 8 10 2 10 8 2 10 8 10 10 2 10 2 2 8 2 2 8 2 10 2 10 2
left_child=1 2 -1 4 11 6 -5 28 29 16 24 14 -9 -11 25 27 -8 18 26 -17 -20 -12 23 -23 -7 -2 -6 -16 -4 -3
right_child=3 8 7 5 17 10 9 12 -10 13 21 -13 -14 -15 15 19 -18 -19 20 -21 -22 22 -24 -25 -26 -27 -28 -29 -30 -31
leaf_value=-9.237081921242841e-07 1.4604519400718275e-06 1.8100366158124715e-07 -2.7191982466628906e-05 -4.6289076693795119e-06 2.539232667031488e-05 -2.1889634869592946e-05 0.00023422111555154723 0.00018693303204244673 -9.9983507850787145e-08 -0.0032221971613646278 0 4.0982417013779583e-06 -0.013863292221551516 0.00053593051051759326 9.0097943148403916e-07 1.3616384966774753e-06 -0.00062730812919543639 8.7148228438216354e-05 -4.6530542835687699e-05 -6.4522874770878155e-08 1.8223263684180591e-05 -5.2869015292432595e-06 -0.00015132170407315909 2.0605764890116912e-05 0.00028168571611382752 -4.3901088961351142e-07 -0.00035725441547165284 -0.020843343242401557 4.817868904161138e-07 6.2203358333068346e-07
leaf_weight=655314 201 2664 841 20034 328 1630 1225 7927 4445 11340 1271835 14067 325 1050 2662 466 1140 1389 3349 698 3353 864 10455 7439 4297 773 4688 286 1347 12258
leaf_count=655314 201 2664 841 20034 328 1630 1225 7927 4445 11340 1271835 14067 325 1050 2662 466 1140 1389 3349 698 3353 864 10455 7439 4297 773 4688 286 1347 12258
internal_value=-0.0159946 -0.0463458 -0.0485923 -0.00074481 0.0146683 -0.0011183 -0.0202492 0.0328161 0.0308798 -0.0375161 -0.000604966 0.0375215 0.0462312 -0.0452058 0.0166536 0.0274319 0.00276956 -0.0187266 -0.0229988 -0.00979381 -0.0115637 -0.000716725 -0.0106461 0.0374624 0.0237304 -0.0288501 -0.0382775 0.0421303 -0.0177788 0.0401488
internal_weight=2.04869e+06 685121 665754 1.36357e+06 32260 1.33131e+06 34789 10440 19367 14755 1.29652e+06 19153 8252 12390 5086 4112 2365 13107 11718 1164 6702 1.29059e+06 18758 8303 5927 974 5016 2948 2188 14922
internal_count=2048690 685121 665754 1363569 32260 1331309 34789 10440 19367 14755 1296520 19153 8252 12390 5086 4112 2365 13107 11718 1164 6702 1290593 18758 8303 5927 974 5016 2948 2188 14922
is_linear=0
shrinkage=0.05


Tree=227
num_leaves=31
num_cat=0
split_feature=16 15 15 16 15 16 15 1 15 11 16 11 0 16 16 12 1 16 16 1 15 0 1 10 11 6 1 1 12 1
split_gain=379859 32892 1940.87 8039 5334.83 3587.34 3093.04 1801.79 1738.29 1707.94 1322.7 964.229 792.905 667.098 642.412 623.996 615.754 2052.67 1443.68 6859.01 1379.36 727.843 1829.63 604.296 514.73 473.892 504.445 469.473 537.374 745.752
threshold=-0.84841212603516436 -0.49827586206896546 -0.99693251533742322 0.21688681631710352 -1.0000000180025095e-35 -0.62084420919083605 -0.40070422535211264 1.0000000180025095e-35 -1.0000000180025095e-35 -0.83333333333333315 -0.76557444018017429 3.8333333333333335 0.98296291314453421 0.21688681631710352 -0.3567892503536067 -0.91666666666666663 0.78656609248549303 1.0000000180025095e-35 1.0000000180025095e-35 0.25881904510252057 1.0000000180025095e-35 -0.9159756150367534 -0.12940952255126037 473.50000000000006 525.16666666666686 367.50000000000006 0.37940952255126048 0.25881904510252057 -0.91666666666666663 -0.70710678118654757
decision_type=8 8 8 10 10 8 10 2 10 2 10 2 2 8 10 2 2 10 10 2 10 2 2 2 2 2 2 2 2 2
left_child=1 -1 3 5 6 7 27 -2 15 13 -9 -11 -5 -8 -6 -3 18 -18 19 20 21 22 -16 25 -19 -20 -27 28 29 -4
right_child=2 8 4 12 14 -7 9 10 -10 11 -12 -13 -14 -15 16 -17 17 24 23 -21 -22 -23 -24 -25 -26 26 -28 -29 -30 -31
leaf_value=-8.7752278251640456e-07 4.266817832121461e-06 0.00017758638044031996 -3.4125106280757937e-07 -0.00016882279638181231 0.00029884075391093393 3.8933296163112807e-06 0.00022188443614761246 8.55930459908727e-07 1.0830242962334146e-06 -0.0030610873032963963 -3.5906598916390919e-08 0.059875995245364494 8.2790817016309423e-05 -0.00047794184866111757 -5.0225564527810965e-06 -0.014058844642986349 -0.00014375561886950113 0 0 -0.00014221625355607739 -1.3617899332929452e-05 1.9575476645611071e-05 7.4660508461215147e-06 -0.12733333653281137 0.24550438465446975 0.09642123457953318 0.94948053052493009 -5.9482372449154441e-05 0.00015747497473572183 5.7102669556385882e-06
leaf_weight=669140 1319 10138 1907 11718 4194 14067 1142 1465 5542 11919 2302 652 1389 1042 933 301 6562 260844 986543 6504 1805 9530 1836 9113 2702 4206 1748 7744 8162 2221
leaf_count=669140 1319 10138 1907 11718 4194 14067 1142 1465 5542 11919 2302 652 1389 1042 933 301 6562 260844 986543 6504 1805 9530 1836 9113 2702 4206 1748 7744 8162 2221
internal_value=-0.015972 -0.0463458 -0.000710855 0.0114073 -0.0010045 0.032055 -0.0203268 -0.00393236 0.0245448 -0.0376991 -0.0215423 -0.0447896 -0.0187648 0.00311355 -0.000486032 0.03656 -0.000549436 -0.00267263 1.15924e-05 0.0131114 0.0326999 0.0386901 0.016125 -0.000257935 -0.00198485 -0.000140252 0.0139234 -0.0075322 -0.00145647 -0.0161579
internal_weight=2.04869e+06 685121 1.36357e+06 32260 1.33131e+06 19153 34789 5086 15981 14755 3767 12571 13107 2184 1.29652e+06 10439 1.29233e+06 270108 1.02222e+06 20608 14104 12299 2769 1.00161e+06 263546 992497 5954 20034 12290 4128
internal_count=2048690 685121 1363569 32260 1331309 19153 34789 5086 15981 14755 3767 12571 13107 2184 1296520 10439 1292326 270108 1022218 20608 14104 12299 2769 1001610 263546 992497 5954 20034 12290 4128
is_linear=0
shrinkage=0.05


Tree=228
num_leaves=31
num_cat=0
split_feature=18 15 10 15 1 5 11 17 15 15 15 17 17 18 0 1 17 1 10 1 15 0 18 1 5 15 5 1 8 14
split_gain=365270 34040.2 5218.92 5161.3 10713.2 5278.52 4473.91 4156.63 2852.98 2686.47 1901.11 1618.17 1246.69 712.495 614.027 1602.58 604.54 531.449 455.168 444.915 492.31 437.181 430.511 413.963 361.482 432.979 666.245 914.832 723.918 616.611
threshold=-0.11805555555555554 -0.74147133905778595 -1.0000000180025095e-35 -1.0000000180025095e-35 0.25881904510252057 -1.0000000180025095e-35 -0.49999999999999994 1.5000000000000002 -0.49827586206896546 -0.19657494145199059 -0.49827586206896546 1.0000000180025095e-35 1.0000000180025095e-35 -0.028594771241830061 -0.9159756150367534 -0.12940952255126037 1.0000000180025095e-35 0.98296291314453421 -1.0000000180025095e-35 0.25881904510252057 -0.96326902320561236 -1.0000000180025095e-35 -0.015043290043290041 0.1294095225512602 703.50000000000011 459.13263546798038 368.50000000000006 0.25881904510252057 349.50000000000006 29.51012026069635
decision_type=10 8 2 8 2 2 2 10 10 8 10 10 10 10 2 2 10 2 2 2 10 2 10 2 2 8 2 2 2 2
left_child=1 2 11 5 12 7 17 8 23 13 -7 19 14 -2 15 18 -10 -6 -5 -1 -21 -22 -15 -3 25 26 28 -28 -11 -27
right_child=9 3 -4 4 6 10 -8 -9 16 24 -12 -13 -14 22 -16 -17 -18 -19 -20 20 21 -23 -24 -25 -26 29 27 -29 -30 -31
leaf_value=-8.3364664338891894e-07 2.158296176224539e-07 -8.3364664338891894e-07 3.8397091881270386e-05 0.0029280115731069398 0.00016682433253364384 0.00015385525779695324 -0.00013656783792602607 -6.0310019869447286e-06 0.00016870706141830505 0 -0.0029080329381315764 -8.3364664338891894e-07 2.3573734776460855e-07 -2.00002960120238e-05 1.8596702813330516e-05 7.0927483038154397e-06 -3.9258238886369368e-05 -3.7692282856105488e-06 -4.771428630142042e-06 -8.3364664338891894e-07 -3.338703784867003e-05 6.1148082678430529e-07 0.00018064893267915051 6.1148082678430529e-07 0.51037776995595441 -0.0033430447102685279 0.065981735601536681 0.68421171998542718 -0.066169046700207443 2.8218945871660739
leaf_weight=366196 23190 1299 2807 159 2045 1331 9396 3245 4868 1255064 12243 31116 2401 2971 11019 2398 451 198 916 275493 822 764 5643 969 1335 19463 4880 2290 2762 956
leaf_count=366196 23190 1299 2807 159 2045 1331 9396 3245 4868 1255064 12243 31116 2401 2971 11019 2398 451 198 916 275493 822 764 5643 969 1335 19463 4880 2290 2762 956
internal_value=-0.0159295 -0.0443012 -0.0473197 -0.00568779 0.00875158 -0.0225682 -0.0281596 0.00346196 0.0237182 -0.000218914 -0.0433402 -0.0476029 0.0341828 0.0141366 0.0397116 0.0213792 0.0437394 0.0352876 -0.0293488 -0.0481415 -0.0466298 -0.0188525 0.00185744 -0.0232363 -0.000573732 -0.00060074 -0.000484152 0.0147141 -0.000570786 -0.0078236
internal_weight=2.04869e+06 730136 677198 52938 28532 24406 11639 10832 7587 1.31855e+06 13574 674391 16893 31804 14492 3473 5319 2243 1075 643275 277079 1586 8614 2268 1.28675e+06 1.28542e+06 1.265e+06 7170 1.25783e+06 20419
internal_count=2048690 730136 677198 52938 28532 24406 11639 10832 7587 1318554 13574 674391 16893 31804 14492 3473 5319 2243 1075 643275 277079 1586 8614 2268 1286750 1285415 1264996 7170 1257826 20419
is_linear=0
shrinkage=0.05


Tree=229
num_leaves=31
num_cat=0
split_feature=16 18 15 18 15 16 15 15 15 5 16 16 5 18 18 16 1 15 18 18 1 18 18 1 18 16 1 18 15 0
split_gain=383025 47466.4 27108.8 3496.5 3304.05 9401.65 4845 3575.7 2239.31 1625.89 1363.28 1179.67 1068.26 1033.31 940.385 899.963 801.576 789.898 757.804 1147.36 982.587 747.241 714.19 591.279 3548.08 1598.25 6702.03 1947.08 1133.64 837.026
threshold=-0.84841212603516436 -0.11805555555555554 -0.49827586206896546 -0.11805555555555554 -0.99693251533742322 0.21688681631710352 -1.0000000180025095e-35 -0.40070422535211264 -1.0000000180025095e-35 -1.0000000180025095e-35 -0.19188765717419401 -0.62084420919083605 -1.0000000180025095e-35 -1.0000000180025095e-35 -0.11805555555555554 -0.72921861616065475 1.0000000180025095e-35 1.0000000180025095e-35 -0.22499999999999998 -0.046822076110779036 1.0000000180025095e-35 -0.0088569976146717216 0.95883349809348972 0.78656609248549303 inf 1.0000000180025095e-35 0.25881904510252057 0.40038910505836584 1.0000000180025095e-35 -0.9159756150367534
decision_type=8 10 8 8 8 10 10 10 10 2 10 8 2 10 8 10 2 10 10 10 2 8 8 2 8 10 2 8 10 2
left_child=1 2 -1 17 5 11 7 -6 -3 21 22 14 -5 -11 -2 -16 -17 -4 -7 -20 -21 -9 -8 25 -25 26 28 -28 29 -12
right_child=4 8 3 12 6 18 10 9 -10 13 23 -13 -14 -15 15 16 -18 -19 19 20 -22 -23 -24 24 -26 -27 27 -29 -30 -31
leaf_value=-7.9196431121975055e-07 -3.7358268301646016e-07 2.3179765789027585e-07 -3.4410152265967885e-05 0.00016027170834739259 -2.3655075370998535e-06 3.2605532488072519e-05 -1.5656277178827115e-05 -0.00032918802012561478 -1.4913554727269407e-07 -0.0027626312912249974 6.5129977763285562e-06 3.7403454676732119e-06 -0.012321783731418044 0.00020978704116094706 8.5481626909134085e-07 1.1218980124128032e-06 -1.7819068914848302e-08 1.4506540616299192e-06 -0.00029982949466786927 -3.4762861074211225e-05 1.9931339987988574e-05 0.00020567833060575191 0.0002526593926125864 0 -0.00012973944602972476 0 3.5754607949927891e-05 -0.00013907014495689762 -3.110362584248192e-05 1.766686767266399e-05
leaf_weight=655314 974 14922 1300 7927 20034 455 1884 1675 4445 11340 2617 14067 325 1050 2948 466 698 888 5366 3349 3937 690 4506 265512 3969 1001610 1940 4026 1264 9192
leaf_count=655314 974 14922 1300 7927 20034 455 1884 1675 4445 11340 2617 14067 325 1050 2948 466 698 888 5366 3349 3937 690 4506 265512 3969 1001610 1940 4026 1264 9192
internal_value=-0.0158599 -0.0463599 -0.0486046 0.0313314 -0.000535213 0.0152759 -0.000918344 -0.0193323 0.0308024 -0.0380108 -0.000424251 0.0376051 0.0462312 -0.0452623 0.0169681 0.0274319 -0.00979381 -0.0248629 -0.0173533 -0.0196333 -0.0067115 -2.11416e-05 0.0226135 -0.000538357 -0.00262152 1.16592e-05 0.0143626 -0.0295508 0.034403 0.0392201
internal_weight=2.04869e+06 685121 665754 10440 1.36357e+06 32260 1.33131e+06 34789 19367 14755 1.29652e+06 19153 8252 12390 5086 4112 1164 2188 13107 12652 7286 2365 6390 1.29013e+06 269481 1.02065e+06 19039 5966 13073 11809
internal_count=2048690 685121 665754 10440 1363569 32260 1331309 34789 19367 14755 1296520 19153 8252 12390 5086 4112 1164 2188 13107 12652 7286 2365 6390 1290130 269481 1020649 19039 5966 13073 11809
is_linear=0
shrinkage=0.05


Tree=230
num_leaves=31
num_cat=0
split_feature=16 18 7 16 16 16 1 18 11 1 18 18 1 0 13 1 16 5 16 1 1 18 14 13 16 1 18 2 1 18
split_gain=380677 47466.4 777.662 4851.63 4097.37 3583.38 2637.22 2187.72 907.43 812.261 4742.51 3096.01 6630.18 2876.84 993.202 912.352 742.253 727.975 722.249 1713.57 981.108 1304.86 829.195 719.5 702.792 1138.7 675.27 1014.27 687.567 761.47
threshold=-0.84841212603516436 -0.11805555555555554 -1.0000000180025095e-35 0.21688681631710352 -1.0000000180025095e-35 -0.62084420919083605 0.1294095225512602 -1.0000000180025095e-35 -1.0000000180025095e-35 -0.12940952255126037 inf -0.0044176316045538575 0.25881904510252057 -0.9159756150367534 4.7491392863563799 0.37940952255126048 -0.60840188014101049 8.5000000000000018 3.1650909810126584 1.0000000180025095e-35 0.25881904510252057 -0.046822076110779036 1.0000000180025095e-35 5.7251797889279175 -0.76557444018017429 1.0000000180025095e-35 -0.060661764705882346 -0.8783796973249266 -0.78656609248549325 -0.044466403162055329
decision_type=8 10 2 10 8 8 2 10 2 2 8 10 2 2 2 2 10 2 10 2 2 10 2 2 10 2 10 2 2 10
left_child=1 -1 3 5 7 24 -7 8 -4 10 23 12 -11 -12 -13 -16 -10 -17 20 22 -5 -22 -20 -6 -2 -26 -3 -28 29 -29
right_child=2 26 4 18 9 6 -8 -9 16 11 13 14 -14 -15 15 17 -18 -19 19 -21 21 -23 -24 -25 25 -27 27 28 -30 -31
leaf_value=-7.5236609565765282e-07 8.1207545563621866e-07 9.2032993959101364e-08 0.0012110163100970573 1.0003326631902177e-05 0 5.1205699134526664e-06 3.5533281942945472e-06 0.00031477462545129192 -0.00022850424379023543 6.1873478875121278e-06 -4.8585070874513679e-06 0 -0.00012325247372823854 1.6783524289030791e-05 -0.12129133736529854 -0.030734612068281261 -0.0026244997266637476 0.73840228153867571 -1.5111915700299906e-05 4.6084345780572636e-07 -0.00027031709379152783 5.8415343115691969e-05 0.020125210552002316 -0.27393823340650275 1.0658031117882772e-06 -3.5169750256525135e-08 -7.2411802886029891e-06 -6.3868093885255392e-07 8.583834909980937e-07 3.8245681867832287e-06
leaf_weight=665754 3450 8745 558 6983 557631 6423 13721 3350 2676 2614 870 669719 8742 7548 5370 523 13979 10041 11229 14132 3485 1901 995 13580 1234 2815 1695 610 7168 1149
leaf_count=665754 3450 8745 558 6983 557631 6423 13721 3350 2676 2614 870 669719 8742 7548 5370 523 13979 10041 11229 14132 3485 1901 995 13580 1234 2815 1695 610 7168 1149
internal_value=-0.0159535 -0.0463599 -0.000675873 0.00460312 -0.00094596 0.0206038 0.0315876 -0.0230876 -0.0302823 -0.000589321 0.000793697 -0.00173943 -0.027633 0.0380494 -0.00131058 0.0110267 -0.0323837 0.019557 -0.00681859 -0.0114964 0.003149 -0.0128853 -0.0252045 0.000244656 -0.00890119 -0.0230304 0.0308024 0.022331 0.0290635 0.00105173
internal_weight=2.04869e+06 685121 1.36357e+06 66368 1.2972e+06 27643 20144 20563 17213 1.27664e+06 579629 697009 11356 8418 685653 15934 16655 10564 38725 26356 12369 5386 12224 571211 7499 4049 19367 10622 8927 1759
internal_count=2048690 685121 1363569 66368 1297201 27643 20144 20563 17213 1276638 579629 697009 11356 8418 685653 15934 16655 10564 38725 26356 12369 5386 12224 571211 7499 4049 19367 10622 8927 1759
is_linear=0
shrinkage=0.05


Tree=231
num_leaves=31
num_cat=0
split_feature=18 12 1 18 18 1 2 11 18 18 2 1 18 0 7 2 18 18 18 2 11 10 0 11 8 0 11 8 1 1
split_gain=362149 19376.3 3723.99 2524.7 2367.24 1452.45 1148.97 520.527 419.858 729.74 490.388 501.557 434.577 362.953 600.462 311.094 337.406 366.981 290.7 320.873 289.491 283.847 493.098 357.703 586.303 512.233 495.889 578.11 524.087 422.109
threshold=-0.11805555555555554 -0.91666666666666663 0.25881904510252057 -0.11805555555555554 -0.032795698924731172 1.0000000180025095e-35 -0.60785761079279388 -0.83333333333333315 -0.081415620641562048 -0.046822076110779036 -0.8783796973249266 -0.78656609248549325 -0.044466403162055329 0.91597561503675362 -1.0000000180025095e-35 -0.60785761079279388 -0.22499999999999998 -0.74999999999999989 -0.095454545454545445 1.0000000180025095e-35 707.50000000000011 496.50000000000006 -0.25881904510252113 367.16666666666669 349.50000000000006 -1.0000000180025095e-35 299.83333333333343 280.50000000000006 1.0000000180025095e-35 -0.12940952255126037
decision_type=10 2 2 8 10 2 2 2 10 10 2 2 10 2 2 2 10 10 10 2 2 2 2 2 2 2 2 2 2 2
left_child=1 3 5 15 8 6 -3 -4 18 -10 -11 12 -12 -8 -15 -1 17 -17 -2 -20 21 23 -23 24 26 -25 27 29 -28 -6
right_child=4 2 7 -5 20 -7 13 -9 9 10 11 -13 -14 14 -16 16 -18 -19 19 -21 -22 22 -24 25 -26 -27 28 -29 -30 -31
leaf_value=-7.1474779087532527e-07 7.5068167759706489e-08 1.5944348074579252e-05 6.4527478548304093e-05 -7.1474779087532527e-07 0 6.1030936054326319e-06 -0.0024932747403305605 -0.00011708985004182662 -7.3558330326850552e-07 -6.8791212741725616e-06 -6.0674689191242421e-07 5.7907921169331189e-07 1.9183510549636298e-06 -0.001963792458188647 1.5944348074579252e-05 -7.1474779087532527e-07 -5.9121031344311349e-06 -7.1474779087532527e-07 1.7372436252882651e-07 7.5068167759706489e-08 0.64857876434289785 0.48896093885921915 -0.11225327968900274 0.48526764239320247 -0.056973902815525439 -0.021455236883844011 -0.0056358089142577233 -0.067012709971564277 0.29560416433779724 0
leaf_weight=10943 7435 3977 335 653869 568735 3255 18376 11169 10314 1728 525 8294 1721 287 1204 6420 9008 11293 4212 3311 1077 831 8587 5479 2588 5597 3396 4931 3032 676761
leaf_count=10943 7435 3977 335 653869 568735 3255 18376 11169 10314 1728 525 8294 1721 287 1204 6420 9008 11293 4212 3311 1077 831 8587 5479 2588 5597 3396 4931 3032 676761
internal_value=-0.0158907 -0.044141 -0.00966635 -0.0460654 -0.000247354 0.000452046 -0.00382486 -0.0335014 0.0121284 0.00782482 0.0160662 0.0201139 -0.000845948 -0.00873559 0.0149899 -0.0334776 -0.0305696 -0.0345763 0.0186255 0.025555 -0.000610025 -0.000631828 -0.0092801 -0.000567721 -0.000646397 0.00837848 -0.000597444 -0.000668652 0.0132545 -0.000601006
internal_weight=2.04869e+06 730136 38603 691533 1.31855e+06 27099 23844 11504 37540 22582 12268 10540 2246 19867 1491 37664 26721 17713 14958 7523 1.28101e+06 1.27994e+06 9418 1.27052e+06 1.25944e+06 11076 1.25686e+06 1.25043e+06 6428 1.2455e+06
internal_count=2048690 730136 38603 691533 1318554 27099 23844 11504 37540 22582 12268 10540 2246 19867 1491 37664 26721 17713 14958 7523 1281014 1279937 9418 1270519 1259443 11076 1256855 1250427 6428 1245496
is_linear=0
shrinkage=0.05


Tree=232
num_leaves=31
num_cat=0
split_feature=16 18 16 5 16 1 18 16 16 1 18 18 18 16 16 5 1 1 16 2 18 18 16 12 16 18 2 10 1 16
split_gain=385377 47182.9 2017.71 6958.56 2735.07 7255.38 3314.46 3583.06 2981.56 2685.32 1673.2 1620.91 1004.75 992.54 911.877 888.638 707.201 503.513 500.128 575.744 1209.02 474.047 482.918 468.077 1808.85 520.81 467.833 459.295 428.632 387.502
threshold=-0.84841212603516436 -0.11805555555555554 0.21688681631710352 -1.0000000180025095e-35 -0.37445652173913041 0.25881904510252057 -1.0000000180025095e-35 -0.23992033006117511 -1.0000000180025095e-35 -0.70710678118654757 -1.0000000180025095e-35 -1.0000000180025095e-35 -0.15476190476190474 -0.59041875477788153 -0.62084420919083605 1.0000000180025095e-35 -0.5 -0.70710678118654757 -0.98160224443591992 -0.8783796973249266 -0.046822076110779036 0.53588222122704898 -0.2195444685466377 -0.91666666666666663 3.1650909810126584 -0.015043290043290041 -0.60785761079279388 -1.0000000180025095e-35 0.1294095225512602 36.005016722408037
decision_type=8 10 10 2 8 2 10 8 10 2 10 10 8 10 8 2 2 2 10 2 10 10 10 2 10 10 2 2 2 10
left_child=1 -1 3 9 11 8 7 -7 21 -2 -10 13 14 -5 -11 17 -3 23 19 20 -18 22 -6 24 -4 -26 -15 -28 -14 -19
right_child=2 16 15 4 5 6 -8 -9 10 12 -12 -13 28 26 -16 -17 18 29 -20 -21 -22 -23 -24 -25 25 -27 27 -29 -30 -31
leaf_value=-6.7901040133322437e-07 -3.8452190677107372e-07 7.8975706112593975e-07 1.0283555602852435e-05 -0.00037109471570880861 -0.002282111030461048 0.00013114847564043566 7.0897873484399715e-05 -0.00011123535753973529 0.00012004815528344924 -3.1740767181265284e-07 0.00010471378224904553 0.00025030907997752319 1.0137830961542971e-05 8.327211808289772e-05 1.6595579747202827e-06 0 1.8509319575921169e-07 -3.2672983570625203e-06 -1.8538600911638392e-05 3.7638967549380457e-07 -6.5447369172022547e-06 0.00043657081161881941 -0.0040121104875207444 6.9471166615647426e-07 -1.2117806515798969e-05 3.0369374354743961e-06 7.1180921355601384e-05 -0.0023686110033140327 3.4113991741246966e-06 -0.00059350881478761885
leaf_weight=665754 3705 6061 2467 3163 1119 1300 7494 8844 10915 1205 4307 2225 4206 642 3213 1171822 1302 70201 425 10484 1095 841 1435 25097 3915 1189 388 8295 15335 10246
leaf_count=665754 3705 6061 2467 3163 1119 1300 7494 8844 10915 1205 4307 2225 4206 642 3213 1171822 1302 70201 425 10484 1095 841 1435 25097 3915 1189 388 8295 15335 10246
internal_value=-0.0157731 -0.0463666 -0.000401446 0.00737359 -0.0035846 0.00379396 -0.0191858 -0.0378155 0.0255653 0.0275629 0.0350151 -0.0217665 0.0336888 -0.0287716 0.0121548 -0.000877241 0.0305649 -0.0051094 0.0370134 0.0387742 0.0166667 -0.0168041 -0.0275255 0.000125505 -0.0107714 -0.0277625 -0.0369812 -0.0400265 0.0385574 -0.0072352
internal_weight=2.04869e+06 685121 1.36357e+06 78632 50968 36255 17638 10144 18617 27664 15222 14713 23959 12488 4418 1.28494e+06 19367 113115 13306 12881 2397 3395 2554 32668 7571 5104 9325 8683 19541 80447
internal_count=2048690 685121 1363569 78632 50968 36255 17638 10144 18617 27664 15222 14713 23959 12488 4418 1284937 19367 113115 13306 12881 2397 3395 2554 32668 7571 5104 9325 8683 19541 80447
is_linear=0
shrinkage=0.05


Tree=233
num_leaves=31
num_cat=0
split_feature=16 18 12 16 16 16 1 18 16 1 18 17 16 16 0 17 9 16 5 11 5 16 1 6 5 17 0 5 8 5
split_gain=381857 47127.1 1010.42 5365.21 3253.21 2784.21 2422.88 1596.04 1171.89 1021.32 5699.21 3968.45 3982.71 3557.38 1175.45 940.472 1208.44 1678.08 1236.4 1584.68 1026.62 867.919 1105.78 805.926 1223.79 793.21 1169.48 769.269 2044.82 1274.51
threshold=-0.84841212603516436 -0.11805555555555554 -1.0000000180025095e-35 0.21688681631710352 -0.62084420919083605 -0.37445652173913041 -0.70710678118654757 -1.0000000180025095e-35 -0.59962894248608523 -0.12940952255126037 -0.0088569976146717216 1.0000000180025095e-35 -1.0000000180025095e-35 -0.23992033006117511 -0.98296291314453399 259.50000000000006 73.500000000000014 40.488468646363394 53.500000000000007 50.166666666666679 44.500000000000007 -0.76557444018017429 1.0000000180025095e-35 61.500000000000007 66.500000000000014 137.00000000000003 -0.60355339059327362 102.50000000000001 98.500000000000014 90.500000000000014
decision_type=8 10 2 10 8 8 2 10 10 2 10 10 10 8 2 10 2 8 2 2 2 8 2 2 2 10 2 2 2 2
left_child=1 -1 3 4 21 7 -6 8 -4 11 13 12 -7 -11 -15 16 18 -18 19 20 25 -2 -23 -20 -25 -12 -27 28 29 -19
right_child=2 -3 5 -5 6 9 -8 -9 -10 10 15 -13 -14 14 -16 -17 17 27 23 -21 -22 22 -24 24 -26 26 -28 -29 -30 -31
leaf_value=-6.4505988126573046e-07 6.3663911370470672e-07 2.3356580669542382e-07 -0.00019266980331319189 -4.9072189645560373e-06 -3.652958114330751e-07 -0.0038115049631447075 3.2408292154229025e-06 0.00022602795262206544 -0.002250180453148331 0.00012605344890616644 0 0 0.00013460567732693484 0.00012453930974549209 -0.00010567358966274852 0.084018377348806447 0.50150213358743445 -0.026057958607687226 0.11880096890706326 -0.079910983706421856 0.056081639414454904 5.4135879766770152e-07 -1.6824383190505722e-07 -0.020458825254449666 0.10276505936173806 0.26655394304368457 -0.00075337361637275698 -0.013750381863883377 -0.0044847943540943904 0.00064651258583907638
leaf_weight=665754 3525 19367 2662 36469 2585 1501 18356 2173 9100 1720 530268 573155 8418 1036 12306 30553 1744 21970 6488 4110 7956 1270 2841 5521 8468 2810 3950 38522 12082 12010
leaf_count=665754 3525 19367 2662 36469 2585 1501 18356 2173 9100 1720 530268 573155 8418 1036 12306 30553 1744 21970 6488 4110 7956 1270 2841 5521 8468 2810 3950 38522 12082 12010
internal_value=-0.0159141 -0.0463676 -0.000612877 0.00546844 0.0216905 -0.000917504 0.0318777 -0.0231468 -0.03042 -0.000676365 -0.00196169 0.000870044 0.032226 -0.0323861 -0.0411108 -0.00129412 -0.00169355 -0.00720624 -0.000858014 -0.00130788 -0.00107462 -0.00624673 -0.021856 0.0112053 0.00444992 -0.00133876 -0.018358 -0.00820723 -0.0125678 -0.00628605
internal_weight=2.04869e+06 685121 1.36357e+06 65046 28577 1.29852e+06 20941 13935 11762 1.28459e+06 701514 583074 9919 15062 13342 686452 655899 86328 569571 549094 544984 7636 4111 20477 13989 537028 6760 84584 46062 33980
internal_count=2048690 685121 1363569 65046 28577 1298523 20941 13935 11762 1284588 701514 583074 9919 15062 13342 686452 655899 86328 569571 549094 544984 7636 4111 20477 13989 537028 6760 84584 46062 33980
is_linear=0
shrinkage=0.05


Tree=234
num_leaves=31
num_cat=0
split_feature=16 17 15 17 15 15 16 15 16 15 12 1 16 16 17 5 5 17 17 1 15 1 17 16 1 17 15 17 15 17
split_gain=383367 46270.1 27208.1 3460.96 2265.59 1927.99 7358.33 4148.69 3346.51 3139.2 2236.41 1768.14 1536.07 1277.71 1069.97 1068.26 985.126 853.028 1088.14 1044.72 781.845 654.002 3538.99 2065.1 7630.47 2088.85 1242.71 617 613.57 571.011
threshold=-0.84841212603516436 8.5000000000000018 -0.49827586206896546 1.0000000180025095e-35 -1.0000000180025095e-35 -0.99693251533742322 0.21688681631710352 -1.0000000180025095e-35 -0.62084420919083605 -0.40070422535211264 -1.0000000180025095e-35 1.0000000180025095e-35 -0.19188765717419401 -0.76557444018017429 2.5000000000000004 -1.0000000180025095e-35 6.5000000000000009 5.5000000000000009 21.500000000000004 1.0000000180025095e-35 1.0000000180025095e-35 0.78656609248549303 1.0000000180025095e-35 1.0000000180025095e-35 0.25881904510252057 140.50000000000003 1.0000000180025095e-35 8.5000000000000018 1.0000000180025095e-35 520.50000000000011
decision_type=8 10 8 10 10 8 10 10 8 10 2 2 10 10 10 2 2 10 10 2 10 2 10 10 2 8 10 8 10 10
left_child=1 2 -1 15 -3 6 8 9 11 -7 -11 -2 14 27 -9 -4 -12 -8 -19 -20 -5 23 -23 24 26 28 -14 -13 -26 -24
right_child=5 4 3 20 -6 7 17 12 -10 10 16 13 21 -15 -16 -17 -18 18 19 -21 -22 22 29 -25 25 -27 -28 -29 -30 -31
leaf_value=-6.1280688720133378e-07 3.5088285722406633e-06 2.2188751636065263e-07 0.00015239768213848315 -3.2550085444210679e-05 -3.0206268883947731e-07 -1.2304953211583759e-06 4.4935573808857487e-05 0.00026716414400335017 3.0787877546512022e-06 6.7459833827050164e-05 -0.0021376714304909145 -2.5009377024876048e-08 0.00011831234425821749 -1.5983164031174724e-07 -1.9609137604742479e-05 -0.01170638794043196 0.10208653262545356 -0.00027091719278720674 -3.2871202650891494e-05 1.8814378562481696e-05 1.5176805670091831e-06 -0.0001003899101796111 0 0 0.00038650146722562226 -0.00010925407416042533 -3.4784133662810106e-05 1.8678694556406584e-06 -0.00031166708640712804 0.26963967980128134
leaf_weight=655636 1319 14585 7927 1331 4376 20034 518 4288 14067 2901 11323 288 11809 2302 2102 325 531 5443 3251 3895 941 3969 262141 1001610 1292 4224 1264 1177 450 3371
leaf_count=655636 1319 14585 7927 1331 4376 20034 518 4288 14067 2901 11323 288 11809 2302 2102 325 531 5443 3251 3895 941 3969 262141 1001610 1292 4224 1264 1177 450 3371
internal_value=-0.0158657 -0.0463793 -0.0485715 0.0311859 0.0306392 -0.000534186 0.0115437 -0.000826855 0.031298 -0.0178663 -0.0353677 -0.00346048 -0.000369643 -0.0209052 0.0240845 0.0462312 -0.0449975 -0.0173228 -0.0199102 -0.00708088 -0.0234595 -0.000490764 -0.00268164 8.76893e-05 0.0164005 -0.0304559 0.037784 0.0155973 0.0156142 -0.00198108
internal_weight=2.04869e+06 685121 666160 10524 18961 1.36357e+06 32260 1.33131e+06 19153 34789 14755 5086 1.29652e+06 3767 6390 8252 11854 13107 12589 7146 2272 1.29013e+06 269481 1.02065e+06 19039 5966 13073 1465 1742 265512
internal_count=2048690 685121 666160 10524 18961 1363569 32260 1331309 19153 34789 14755 5086 1296520 3767 6390 8252 11854 13107 12589 7146 2272 1290130 269481 1020649 19039 5966 13073 1465 1742 265512
is_linear=0
shrinkage=0.05


Tree=235
num_leaves=31
num_cat=0
split_feature=16 15 15 16 15 16 15 10 1 16 15 16 16 1 2 0 5 15 15 0 5 5 0 16 13 16 1 10 3 14
split_gain=379092 31952.7 2027.92 7353.59 3970.97 3343.5 3118.23 2049.16 1768.14 1576.57 1510.2 1277.71 1264.29 4998.27 6078.1 1841.89 825.596 787.318 772.872 584.869 423.489 416.893 415.612 408.643 435.595 392.48 377.899 372.141 367.029 357.116
threshold=-0.84841212603516436 -0.52539565697460422 -0.99693251533742322 0.21688681631710352 -1.0000000180025095e-35 -0.62084420919083605 -0.40070422535211264 -1.0000000180025095e-35 1.0000000180025095e-35 -0.1451758081814003 -0.24899999999999997 -0.76557444018017429 1.0000000180025095e-35 1.0000000180025095e-35 -0.60785761079279388 0.91597561503675362 6.5000000000000009 1.0030303030303032 -0.35977528089887634 0.98296291314453421 -1.0000000180025095e-35 -1.0000000180025095e-35 -1.0000000180025095e-35 0.21688681631710352 1.0000000180025095e-35 -0.1451758081814003 0.25881904510252057 -1.0000000180025095e-35 -0.56174490092936669 0.71627013171810361
decision_type=8 8 8 10 10 8 10 2 2 10 10 10 10 2 2 2 2 10 8 2 2 2 2 8 2 10 2 2 2 2
left_child=1 29 3 5 6 8 -4 23 -2 17 18 26 13 14 -11 -16 -9 20 -3 27 -6 25 -15 24 -8 -7 -10 -5 -12 -1
right_child=2 10 4 19 9 21 7 16 11 12 28 -13 -14 22 15 -17 -18 -19 -20 -21 -22 -23 -24 -25 -26 -27 -28 -29 -30 -31
leaf_value=-5.821665428396017e-07 3.3333871436336262e-06 1.0459368648652047e-05 -1.1689705550987917e-06 -0.00014380145462878914 -1.8039025140847986e-05 2.9248483669142012e-06 0.00017067660059471025 -0.002030787858966369 -0.019801856918645552 -3.5011781725797894e-06 -7.4661708293066739e-07 -1.5184005829338433e-07 0 -9.5370414670630546e-05 0.00012195977624767721 -3.5011781725797894e-06 0.097032839212984182 -1.8167180880135361e-05 0.00014477779803155901 7.7088882450282448e-05 0.00025380593680318268 -0.035654527329704415 -9.5370414670630546e-05 -0.00043666907501652976 -0.0012632355977846737 9.4995458015056946e-06 1.7744759828630665e-06 0.0045582233210795468 4.7338217042169898e-06 0.00051570453566239798
leaf_weight=668430 1319 2148 20034 11061 549 12117 1533 11483 336 3200 1384 2302 1265156 4236 6780 748 491 1670 7115 1389 4353 279 9828 934 314 1671 1129 657 5695 349
leaf_count=668430 1319 2148 20034 11061 549 12117 1533 11483 336 3200 1384 2302 1265156 4236 6780 748 491 1670 7115 1389 4353 279 9828 934 314 1671 1129 657 5695 349
internal_value=-0.0160983 -0.0464414 -0.000852542 0.0115344 -0.0011527 0.0312823 -0.0178232 -0.035266 -0.00346048 -0.000705388 0.0226349 -0.0209052 -0.00082984 -0.0120119 0.0136931 0.0382306 -0.0442459 0.0237219 0.0359225 -0.0173228 0.0338229 0.0438437 -0.0316197 0.00339806 0.0170276 0.0450682 0.0155973 -0.0209592 0.00524792 -0.0481293
internal_weight=2.04869e+06 685121 1.36357e+06 32260 1.33131e+06 19153 34789 14755 5086 1.29652e+06 16342 3767 1.28995e+06 24792 10728 7528 11974 6572 9263 13107 4902 14067 14064 2781 1847 13788 1465 11718 7079 668779
internal_count=2048690 685121 1363569 32260 1331309 19153 34789 14755 5086 1296520 16342 3767 1289948 24792 10728 7528 11974 6572 9263 13107 4902 14067 14064 2781 1847 13788 1465 11718 7079 668779
is_linear=0
shrinkage=0.05


Tree=236
num_leaves=31
num_cat=0
split_feature=18 15 10 11 17 15 15 15 2 15 0 17 15 0 18 0 0 12 17 18 7 0 5 15 5 8 5 8 0 17
split_gain=368512 30568.8 5622.01 4902.25 4788.24 4189.71 3911.44 2542.31 2409.37 2099.63 1633.01 1244.46 923.665 735.231 703.54 654.467 759.559 590.731 585.311 408.86 369.268 321.186 319.133 507.484 596.47 718.547 549.562 638.37 436.824 833.642
threshold=-0.11805555555555554 -0.74147133905778595 -1.0000000180025095e-35 -0.83333333333333315 1.0000000180025095e-35 -1.0000000180025095e-35 -0.49827586206896546 -0.19657494145199059 -0.60785761079279388 -0.49827586206896546 -0.9159756150367534 1.0000000180025095e-35 1.0000000180025095e-35 0.98296291314453421 -0.028594771241830061 0.98296291314453421 0.91597561503675362 -1.0000000180025095e-35 1.5000000000000002 -0.015043290043290041 -1.0000000180025095e-35 -0.9159756150367534 703.50000000000011 459.13263546798038 368.50000000000006 349.50000000000006 301.50000000000006 280.50000000000006 0.12940952255126045 520.50000000000011
decision_type=10 8 2 2 10 10 8 8 2 8 2 10 10 2 10 2 2 2 10 10 2 2 2 8 2 2 2 2 2 10
left_child=1 2 11 4 6 9 -3 14 13 -5 -10 -1 18 21 -2 16 -12 20 -6 -16 -11 -7 23 24 25 26 27 -9 29 -25
right_child=7 3 -4 5 12 8 -8 22 10 17 15 -13 -14 -15 19 -17 -18 -19 -20 -21 -22 -23 -24 28 -26 -27 -28 -29 -30 -31
leaf_value=-5.5305821569651137e-07 1.2752074795008285e-07 -5.5305821569651137e-07 8.745654137792125e-05 0.00031067791873491332 5.7007193713887187e-05 -1.2889168466321396e-05 0.00014362920597277284 0 9.5301857627635306e-05 -0.0017874213527566643 9.2239875372778911e-05 -5.5305821569651137e-07 1.205105453450095e-06 1.9686385421835041e-06 -7.264183642635702e-06 1.9686385421835041e-06 -3.3261192639507999e-06 -0.0019292484660180503 -5.2306780248978503e-06 0.0001715494931649575 5.5553012105962149e-05 -3.3261192639507999e-06 0.44846692326825066 -0.0010238288133373463 0.33495298041490146 -0.064212818091860413 0.20128824329031547 -0.070908912590883236 -0.048286445322721507 0.70086692858581046
leaf_weight=643275 23190 1797 2807 1388 881 781 9025 1243923 2237 345 10971 31116 2545 268 2971 627 1323 11684 3320 5643 616 5130 1335 5312 7170 2762 5983 5158 12938 2169
leaf_count=643275 23190 1797 2807 1388 881 781 9025 1243923 2237 345 10971 31116 2545 268 2971 627 1323 11684 3320 5643 616 5130 1335 5312 7170 2762 5983 5158 12938 2169
internal_value=-0.016011 -0.0445084 -0.0473689 -0.00791681 0.0136726 -0.0186401 0.034282 -0.000230897 -0.00468435 -0.0398596 0.00604301 -0.0476628 -0.0193893 -0.0310002 0.0137341 -0.000785543 -0.00332683 -0.0462673 -0.0337896 0.00153239 -0.00858481 -0.0346726 -0.000576064 -0.00060144 -0.000475219 -0.000557192 -0.00050113 -0.000573542 -0.00842108 0.00119636
internal_weight=2.04869e+06 730136 677198 52938 17568 35370 10822 1.31855e+06 21337 14033 15158 674391 6746 6179 31804 12921 12294 12645 4201 8614 961 5911 1.28675e+06 1.28542e+06 1.265e+06 1.25783e+06 1.25506e+06 1.24908e+06 20419 7481
internal_count=2048690 730136 677198 52938 17568 35370 10822 1318554 21337 14033 15158 674391 6746 6179 31804 12921 12294 12645 4201 8614 961 5911 1286750 1285415 1264996 1257826 1255064 1249081 20419 7481
is_linear=0
shrinkage=0.05


Tree=237
num_leaves=31
num_cat=0
split_feature=16 18 15 18 15 15 16 18 16 15 15 16 12 2 10 16 5 16 0 15 18 18 18 0 0 2 18 0 0 18
split_gain=379684 46734.7 27108.8 3496.5 2190.06 1708.53 6980.26 4074.21 3009.81 1634.42 3012.04 2836.94 2756.77 2334.09 1463.59 1276.41 1068.26 879.175 816.683 789.898 755.8 1071.76 630.877 611.887 1027.19 576.639 1244.88 514.897 496.017 488.006
threshold=-0.84841212603516436 -0.11805555555555554 -0.49827586206896546 -0.11805555555555554 -1.0000000180025095e-35 -0.99693251533742322 0.21688681631710352 inf -0.62084420919083605 -1.0000000180025095e-35 -0.49827586206896546 -0.1451758081814003 -1.0000000180025095e-35 -0.60785761079279388 -1.0000000180025095e-35 -0.76557444018017429 -1.0000000180025095e-35 -0.23992033006117511 0.98296291314453421 1.0000000180025095e-35 -0.046822076110779036 -0.22499999999999998 -0.15476190476190474 0.98296291314453421 0.91597561503675362 -0.8783796973249266 -0.046822076110779036 -0.98296291314453399 0.98296291314453421 -0.22499999999999998
decision_type=8 10 8 8 10 8 10 8 8 10 8 8 2 2 2 10 2 10 2 10 10 10 8 2 2 2 10 2 2 8
left_child=1 2 -1 19 25 6 8 -7 15 10 14 -11 -12 18 -9 28 -5 -10 -13 -4 21 -8 -19 24 27 26 -3 -15 29 -2
right_child=5 4 3 16 -6 7 20 9 17 11 12 13 -14 23 -16 -17 -18 22 -20 -21 -22 -23 -24 -25 -26 -27 -28 -29 -30 -31
leaf_value=-5.2540530491307362e-07 -8.4829796531682436e-08 1.7579815956292324e-07 -3.1184015703183964e-05 0.00013035744783134186 -2.6227472158524281e-07 0 4.9906520760645279e-05 -1.9940481626457008e-07 2.8062588593558149e-06 0.00011164140713429657 7.4889143353884543e-05 -1.2244710043005329e-05 -0.0018327860427171478 0.00010153364535154097 0.00041871492988283365 -1.165951445947222e-07 -0.011124369162448092 -6.7835706171748278e-07 1.8702066150743289e-06 1.1448501807787004e-06 -5.6083854296618003e-06 -0.00025018763645380803 1.568452474495219e-05 1.8702066150743289e-06 -0.00010892200039270461 5.2169368418564239e-07 -6.2175404477504696e-06 -8.3297871663514785e-07 -0.01881173641980249 1.7134050945055713e-06
leaf_weight=655314 326 1583 1300 7927 4445 1290544 455 3754 11815 2535 1902 5130 11509 631 2417 2986 325 730 233 888 7286 5366 1522 555 1140 12258 1081 10959 312 1462
leaf_count=655314 326 1583 1300 7927 4445 1290544 455 3754 11815 2535 1902 5130 11509 631 2417 2986 325 730 233 888 7286 5366 1522 555 1140 12258 1081 10959 312 1462
internal_value=-0.0160105 -0.0463773 -0.0486046 0.0313314 0.0301879 -0.000752877 0.0106169 -0.00102839 0.0298569 -0.0165914 -0.0270044 -0.00696549 -0.0403065 -0.0137119 0.00190407 -0.00310657 0.0462312 0.0417751 -0.0415532 -0.0248629 -0.0174983 -0.0309311 0.0131439 -0.00247271 -0.00471328 0.0393647 0.0182808 -0.000258844 0.0267619 0.0369128
internal_weight=2.04869e+06 685121 665754 10440 19367 1.36357e+06 32260 1.33131e+06 19153 40765 19582 21183 13411 18648 6171 5086 8252 14067 5363 2188 13107 5821 2252 13285 12730 14922 2664 11590 2100 1788
internal_count=2048690 685121 665754 10440 19367 1363569 32260 1331309 19153 40765 19582 21183 13411 18648 6171 5086 8252 14067 5363 2188 13107 5821 2252 13285 12730 14922 2664 11590 2100 1788
is_linear=0
shrinkage=0.05


Tree=238
num_leaves=31
num_cat=0
split_feature=16 18 15 17 15 15 16 15 15 16 12 1 16 16 1 5 18 17 1 15 17 18 1 3 3 16 18 16 17 0
split_gain=381741 43385.2 27108.8 3496.5 1800.23 1746.4 7063.62 3810.85 3173.46 3061.51 2170.62 1743.11 1470.58 1330.82 1125.15 1068.26 996.19 896.526 8913.25 789.898 775.819 1198.4 1003.62 767.407 2154.32 759.839 751.547 534.917 526.155 507.349
threshold=-0.84841212603516436 -0.11805555555555554 -0.49827586206896546 1.0000000180025095e-35 -1.0000000180025095e-35 -0.99693251533742322 0.21688681631710352 -1.0000000180025095e-35 -0.40070422535211264 -0.62084420919083605 -1.0000000180025095e-35 1.0000000180025095e-35 -0.1451758081814003 -0.76557444018017429 -0.60355339059327384 -1.0000000180025095e-35 -0.095454545454545445 1.0000000180025095e-35 0.1294095225512602 1.0000000180025095e-35 5.5000000000000009 -0.046822076110779036 1.0000000180025095e-35 -0.56174490092936669 -0.22252093395631442 -0.23992033006117511 0.60027739251040224 2.5063103216396123 8.5000000000000018 0.98296291314453421
decision_type=8 10 8 10 10 8 10 8 10 8 2 2 8 10 2 2 10 10 2 10 10 10 2 2 2 10 8 10 8 2
left_child=1 2 -1 15 14 6 9 8 -7 11 -10 -2 26 28 -3 -4 -12 18 23 -5 -8 -22 27 -14 -25 -11 -9 -23 -13 -30
right_child=5 4 3 19 -6 7 20 12 10 25 16 13 17 -15 -16 -17 -18 -19 -20 -21 21 22 -24 24 -26 -27 -28 -29 29 -31
leaf_value=-4.9913503966658725e-07 3.1087004425112141e-06 1.2224791409165548e-07 0.00012383957543977698 -2.962481491802227e-05 -2.4916098550487046e-07 -1.8943457545383959e-07 4.7411194722613018e-05 -1.3614136699280356e-05 4.9030904332969813e-05 2.6659459163913549e-06 -0.0017411467405812906 -8.0588306705653426e-08 0.00011129144260248614 -1.1076538736221053e-07 2.0744074606948716e-07 -0.010568150704325688 -0.00041500258437719988 0 -9.5172238769906207e-05 1.0876076717347695e-06 -0.00023767825463111847 4.6576254510088957e-05 2.0625326683143542e-05 -2.5475777986029935e-06 0.00011129144260248614 6.2477929283988326e-06 0.00017442233603909841 -2.3763526552822434e-05 1.6277348397819581e-06 -0.017871149598812364
leaf_weight=655314 1319 2628 7927 1300 4445 12213 518 1273 2901 11815 10646 288 2953 2302 12294 325 1208 1280227 9105 888 5311 728 3933 1467 5546 2252 3770 2617 907 270
leaf_count=655314 1319 2628 7927 1300 4445 12213 518 1273 2901 11815 10646 288 2953 2302 12294 325 1208 1280227 9105 888 5311 728 3933 1467 5546 2252 3770 2617 907 270
internal_value=-0.0160097 -0.0464586 -0.0486046 0.0313314 0.0273119 -0.000710782 0.0107843 -0.000989327 -0.0195936 0.0301389 -0.0351982 -0.00310657 -0.000604673 -0.0204274 0.035632 0.0462312 -0.0446853 -0.000709268 -0.0114703 -0.0248629 -0.0174983 -0.0199658 -0.00678758 0.0212021 0.0121988 0.042159 0.0263434 -0.0269208 0.0168259 0.0316483
internal_weight=2.04869e+06 685121 665754 10440 19367 1.36357e+06 32260 1.33131e+06 26968 19153 14755 5086 1.30434e+06 3767 14922 8252 11854 1.2993e+06 19071 2188 13107 12589 7278 9966 7013 14067 5043 3345 1465 1177
internal_count=2048690 685121 665754 10440 19367 1363569 32260 1331309 26968 19153 14755 5086 1304341 3767 14922 8252 11854 1299298 19071 2188 13107 12589 7278 9966 7013 14067 5043 3345 1465 1177
is_linear=0
shrinkage=0.05


Tree=239
num_leaves=31
num_cat=0
split_feature=18 15 11 12 15 1 2 0 17 15 15 15 17 17 17 1 1 18 12 1 15 1 15 7 0 18 5 9 1 5
split_gain=367872 31568.7 7588.68 5570.11 3557.86 5412.39 4089.31 3215.82 2466.79 1890.3 1777.35 1755.69 1790.72 1442.22 1170.55 919.666 761.779 644.948 590.731 578.605 539.147 452.664 591.052 369.268 350.527 317.837 291.085 357.272 310.832 614.872
threshold=-0.11805555555555554 -0.74147133905778595 -0.83333333333333315 -0.91666666666666663 -1.0000000180025095e-35 0.25881904510252057 -0.60785761079279388 0.91597561503675362 4.5000000000000009 -0.49827586206896546 -0.19657494145199059 -0.49827586206896546 1.0000000180025095e-35 1.0000000180025095e-35 1.0000000180025095e-35 1.0000000180025095e-35 0.98296291314453421 -0.028594771241830061 -1.0000000180025095e-35 -0.70710678118654757 1.0000000180025095e-35 0.25881904510252057 -0.96326902320561236 -1.0000000180025095e-35 -1.0000000180025095e-35 -0.015043290043290041 703.50000000000011 622.50000000000011 0.78656609248549303 518.50000000000011
decision_type=10 8 2 2 10 2 2 2 10 8 8 8 10 10 10 2 2 10 2 2 8 2 10 2 2 10 2 2 2 2
left_child=1 3 8 14 9 6 15 -8 11 -4 17 13 16 -3 21 -6 -13 19 23 -2 -10 -1 -23 -11 -24 -19 27 28 -12 -30
right_child=10 2 4 -5 5 -7 7 -9 20 18 26 12 -14 -15 -16 -17 -18 25 -20 -21 -22 22 24 -25 -26 -27 -28 -29 29 -31
leaf_value=-4.7417828768492324e-07 -1.5490606075641011e-08 -4.7417828768492324e-07 0.00027421774803279862 6.2157439543656187e-05 -8.1121499287273019e-06 -9.0413626831410904e-05 0.00010572687047236183 -3.2782854112423367e-06 -4.9179171064228651e-06 -0.001704246287503174 0 0.00012436351813693847 -2.8143574172123656e-05 1.9570469955709769e-08 -4.7417828768492324e-07 9.9474200287082644e-06 -9.9843641681529607e-06 -5.432378861380816e-06 -0.001654089403552226 8.4687989032605776e-08 -2.5667309788701689e-08 -4.7417828768492324e-07 -3.1399899932699205e-05 4.6579359116321325e-05 3.9170989682979498e-07 0.00016293556178519354 0.42604357710483787 -0.13223953118928763 0 0.67734614229863155
leaf_weight=366070 2232 1797 1388 2943 2911 9293 7288 1319 1520 345 1014159 8816 1711 1442 31116 526 209 2971 11684 20958 2073 275485 822 616 762 5643 1335 3617 266447 1192
leaf_count=366070 2232 1797 1388 2943 2911 9293 7288 1319 1520 345 1014159 8816 1711 1442 31116 526 209 2971 11684 20958 2073 275485 822 616 762 5643 1335 3617 266447 1192
internal_value=-0.0160042 -0.0444768 -0.00729155 -0.0473836 -0.0206333 -0.00777288 0.0143474 0.0327582 0.0195697 -0.0401874 -0.000237723 0.0290698 0.038804 -0.00319543 -0.0476832 -0.0317573 0.0476953 0.0114388 -0.0462673 0.0157784 -0.017381 -0.0481415 -0.0466167 -0.00858481 -0.0161616 -0.000243789 -0.000526326 -0.000550561 -0.000506281 -0.00202194
internal_weight=2.04869e+06 730136 52938 677198 35370 21337 12044 8607 17568 14033 1.31855e+06 13975 10736 3239 674255 3437 9025 31804 12645 23190 3593 643139 277069 961 1584 8614 1.28675e+06 1.28542e+06 1.2818e+06 267639
internal_count=2048690 730136 52938 677198 35370 21337 12044 8607 17568 14033 1318554 13975 10736 3239 674255 3437 9025 31804 12645 23190 3593 643139 277069 961 1584 8614 1286750 1285415 1281798 267639
is_linear=0
shrinkage=0.05


Tree=240
num_leaves=31
num_cat=0
split_feature=16 18 15 17 15 15 16 17 16 15 1 4 16 15 12 10 15 17 1 16 1 16 5 17 18 1 16 18 15 18
split_gain=377818 43077 27925.2 2895.44 1784.29 1644.06 6607.72 5201.48 3491.48 1421.7 4992.34 5385.21 4739.65 2478.94 2752.31 1395.32 1226.05 1942 1195.76 1254.83 1182.89 1116.83 1068.26 773.852 1204.48 763.754 640.03 605.423 531.2 518.602
threshold=-0.84841212603516436 -0.11805555555555554 -0.49827586206896546 1.0000000180025095e-35 -1.0000000180025095e-35 -0.94322211476466788 0.21688681631710352 1.0000000180025095e-35 -0.62084420919083605 -1.0000000180025095e-35 1.0000000180025095e-35 1.0000000180025095e-35 -0.1451758081814003 -0.49827586206896546 -1.0000000180025095e-35 -1.0000000180025095e-35 -0.74147133905778595 4.5000000000000009 1.0000000180025095e-35 -0.76557444018017429 -0.60355339059327384 -0.23992033006117511 -1.0000000180025095e-35 5.5000000000000009 -0.046822076110779036 1.0000000180025095e-35 -0.13021432681242803 -0.15476190476190474 -0.24899999999999997 0.11132478632478633
decision_type=8 10 8 10 10 8 10 10 8 10 2 2 8 8 2 2 10 8 2 8 2 10 2 10 10 2 10 8 10 8
left_child=1 2 16 22 20 6 8 9 18 13 11 -11 -12 15 -15 -7 -1 -18 -2 29 -3 -10 -4 -8 -25 -26 -13 -23 -5 -20
right_child=5 4 3 28 -6 7 23 -9 21 10 12 26 -14 14 -16 -17 17 -19 19 -21 -22 27 -24 24 25 -27 -28 -29 -30 -31
leaf_value=-4.5046937330317505e-07 2.1687149208915458e-06 1.1503874122187341e-07 0.00011142942076094454 -3.2835165893180256e-05 -2.3670293622934937e-07 -1.5625393229856679e-07 4.5064343900869114e-05 0 2.5563575349552004e-06 0.00010044052694874375 8.2623675518877257e-05 0.00047111304754657296 -8.5892945489840348e-05 6.6364173013725746e-05 -0.0015713849333746149 0.00039468078314028175 1.8591946460144727e-08 -2.4970728766504638e-06 -5.2849976989177708e-08 -8.1518203615127407e-08 1.9283430930938651e-07 -9.3311994066591637e-07 -0.010042072137065219 -0.00022579857629901335 -2.2578014072149878e-05 1.8515393727935869e-05 -7.7065424322909368e-06 1.145860998621462e-05 5.0950576222508206e-07 1.5700570121790491e-06
leaf_weight=652438 1736 2628 7927 841 4445 2875 518 1290039 12345 7201 1500 285 9584 1902 11509 2198 1051 1825 292 2633 12294 730 325 5318 3437 4000 2613 1591 1347 1263
leaf_count=652438 1736 2628 7927 841 4445 2875 518 1290039 12345 7201 1500 285 9584 1902 11509 2198 1051 1825 292 2633 12294 730 325 5318 3437 4000 2613 1591 1347 1263
internal_value=-0.0160281 -0.0463201 -0.0484584 0.0326724 0.027188 -0.000807953 0.0100715 -0.00108501 0.0278048 -0.0189187 -0.0100765 0.015353 -0.0332461 -0.0290522 -0.0403139 0.000719495 -0.049751 -0.0171766 -0.00459149 -0.0190544 0.0354711 0.0408905 0.0462312 -0.0174377 -0.0198706 -0.00687777 -0.0422015 0.00906937 -0.0184644 0.0165595
internal_weight=2.04869e+06 685121 665754 10440 19367 1.36357e+06 33863 1.32971e+06 20590 39667 21183 10099 11084 18484 13411 5073 655314 2876 5924 4188 14922 14666 8252 13273 12755 7437 2898 2321 2188 1555
internal_count=2048690 685121 665754 10440 19367 1363569 33863 1329706 20590 39667 21183 10099 11084 18484 13411 5073 655314 2876 5924 4188 14922 14666 8252 13273 12755 7437 2898 2321 2188 1555
is_linear=0
shrinkage=0.05


Tree=241
num_leaves=31
num_cat=0
split_feature=18 15 5 10 15 1 2 17 15 15 1 15 17 1 17 15 15 1 15 10 18 17 2 2 1 7 1 1 18 10
split_gain=366407 33622.7 6810.35 5061.3 4384.45 6651.91 4536.7 2587.83 3920.55 1950.86 1537.6 1379.79 1167.55 754.336 510.884 581.877 531.428 491.854 927.295 447.394 394.089 490.495 1613.89 953.458 320.962 310.68 289.992 289.163 597.484 558.038
threshold=-0.11805555555555554 -0.74147133905778595 -1.0000000180025095e-35 -1.0000000180025095e-35 -1.0000000180025095e-35 0.25881904510252057 -0.60785761079279388 1.0000000180025095e-35 -0.49827586206896546 -0.49827586206896546 1.0000000180025095e-35 -0.19657494145199059 1.0000000180025095e-35 0.98296291314453421 4.5000000000000009 -0.49827586206896546 1.0000000180025095e-35 0.25881904510252057 -0.96326902320561236 -1.0000000180025095e-35 -0.028594771241830061 21.500000000000004 -0.8783796973249266 -0.60785761079279388 0.25881904510252057 -1.0000000180025095e-35 -0.70710678118654757 0.78656609248549303 0.45489918641669619 473.50000000000006
decision_type=10 8 2 2 10 2 2 10 8 8 2 8 10 2 10 8 8 2 10 2 10 10 2 2 2 2 2 2 10 2
left_child=1 3 7 12 9 6 10 8 -3 -4 -6 20 17 -10 15 -9 -16 -1 -19 25 21 23 -23 -2 -5 -11 -25 29 -29 -13
right_child=11 2 4 24 5 -7 -8 14 13 19 -12 27 -14 -15 16 -17 -18 18 -20 -21 -22 22 -24 26 -26 -27 -28 28 -30 -31
leaf_value=-4.2794590463524076e-07 1.3782728961464485e-07 -3.2561572946843145e-07 0.00024077282147414467 0.00026830981406223553 -7.3212153106763898e-06 -8.1598298215348344e-05 9.5418500601306556e-05 1.7662349138802824e-08 0.00011257387119204543 -0.0016223521817787018 1.3744696301764867e-05 0 -4.2794590463524076e-07 -1.280335461043558e-05 -4.6012342306001042e-06 -2.5094637168859846e-05 -7.2584064866876297e-07 -4.2794590463524076e-07 -4.2870358895275023e-06 -0.001492815686705884 8.8222697467443825e-07 -1.01258633618595e-05 4.9778151803847594e-07 -2.5400822567522854e-08 -2.0348304439289122e-05 4.0932182509818972e-05 2.1220627477447351e-09 -4.2328242094119239e-05 0 -0.11697345008751087
leaf_weight=366196 4060 1828 1331 2130 2890 9246 8547 1459 8879 335 526 1008284 31116 211 1532 1809 2133 275493 1586 11676 8614 1246 7735 881 677 536 9268 33734 235562 9170
leaf_count=366196 4060 1828 1331 2130 2890 9246 8547 1459 8879 335 526 1008284 31116 211 1532 1809 2133 275493 1586 11676 8614 1246 7735 881 677 536 9268 33734 235562 9170
internal_value=-0.0160086 -0.0444245 -0.00604859 -0.0474244 -0.0188403 -0.00454288 0.0200744 0.0190942 0.0342645 -0.0406903 -0.02863 -0.000273595 -0.0477033 0.0477008 -0.0047959 0.00957772 -0.0176126 -0.0481608 -0.0465714 -0.046796 0.0100145 0.0134066 0.0225532 0.00762545 0.0195761 -0.0122273 -0.000566558 -0.00052788 -0.0019848 -0.000142267
internal_weight=2.04869e+06 730136 52938 677198 35087 21209 11963 17851 10918 13878 3416 1.31855e+06 674391 9090 6933 3268 3665 643275 277079 12547 31804 23190 8981 14209 2807 871 10149 1.28675e+06 269296 1.01745e+06
internal_count=2048690 730136 52938 677198 35087 21209 11963 17851 10918 13878 3416 1318554 674391 9090 6933 3268 3665 643275 277079 12547 31804 23190 8981 14209 2807 871 10149 1286750 269296 1017454
is_linear=0
shrinkage=0.05


Tree=242
num_leaves=31
num_cat=0
split_feature=16 15 15 15 16 15 16 15 10 16 16 16 16 1 2 0 15 15 10 0 11 15 2 5 10 0 15 15 1 16
split_gain=380530 33081.6 1852.98 1489.21 5798.19 4236.17 4232.16 2750.63 1914.67 1547.16 1470.6 1213.01 1113.94 4439.15 5897.16 1784.42 840.779 896.443 833.168 725.188 530.318 499.962 488.609 456.966 433.954 403.512 400.022 390.635 355.952 351.274
threshold=-0.84841212603516436 -0.74147133905778595 -0.74147133905778595 -0.94322211476466788 0.21688681631710352 -1.0000000180025095e-35 -0.62084420919083605 -0.40070422535211264 -1.0000000180025095e-35 -0.76557444018017429 -0.1451758081814003 -0.23992033006117511 1.0000000180025095e-35 1.0000000180025095e-35 -0.60785761079279388 0.91597561503675362 -0.49827586206896546 -1.0000000180025095e-35 1.0000000180025095e-35 0.98296291314453421 -1.0000000180025095e-35 1.0000000180025095e-35 -0.60785761079279388 -1.0000000180025095e-35 -1.0000000180025095e-35 0.98296291314453421 1.0000000180025095e-35 0.46821976838136287 1.0000000180025095e-35 0.21688681631710352
decision_type=8 8 10 8 10 8 8 10 2 10 8 10 8 2 2 2 10 10 2 2 2 8 2 2 2 2 8 10 2 10
left_child=1 -1 -3 4 6 7 9 -5 29 25 21 20 13 14 -12 26 -4 22 23 -6 -8 -7 -18 -10 -11 -2 -16 -19 -13 -9
right_child=3 2 16 5 19 10 11 8 18 24 12 28 -14 -15 15 -17 17 27 -20 -21 -22 -23 -24 -25 -26 -27 -28 -29 -30 -31
leaf_value=-4.0654860940514405e-07 1.5129514568057446e-06 0.00014350662290222305 -3.0933494299389963e-07 -1.2704394045104372e-07 -0.0001011152671749338 0.00010034523540426836 2.4499369534414229e-06 6.0999355237548521e-05 0.0016626217855776892 -5.6044998203441666e-08 -6.9551545451425697e-06 1.0885573383767612e-05 0 -7.5146243111429048e-05 9.0647575571241236e-05 -1.2907322518182735e-05 0.00010022925616329781 -8.6736555011124319e-07 -0.00040722193317074276 7.1522322065931118e-05 -0.033893098581083914 0.00016559917108344702 4.274588724828554e-06 -0.0014181749023705898 0.00012485493985470164 -0.01697762551551274 -2.8578242033172611e-06 2.2742538650533108e-06 -2.0377025786721961e-07 -0.00041762699140475705
leaf_weight=665622 2080 3947 3518 10610 11882 2578 12017 1849 157 3118 3200 682 1274177 14269 6426 769 4112 1318 1094 1391 328 2465 2380 10723 414 312 457 4224 1639 932
leaf_count=665622 2080 3947 3518 10610 11882 2578 12017 1849 157 3118 3200 682 1274177 14269 6426 769 4112 1318 1094 1391 328 2465 2380 10723 414 312 457 4224 1639 932
internal_value=-0.0160094 -0.04641 0.017783 -0.000734763 0.00961964 -0.000998454 0.0262312 -0.021236 -0.0351982 -0.00943619 -0.000604903 0.0406382 -0.000709499 -0.0111361 0.0129654 0.0368008 0.010018 0.0163038 -0.0438784 -0.0161493 0.0468732 0.0263434 0.0289125 -0.0480607 -0.0304643 0.0216137 0.0448714 0.00153374 0.00747523 0.00217548
internal_weight=2.04869e+06 685121 19499 1.36357e+06 33863 1.32971e+06 20590 25365 14755 5924 1.30434e+06 14666 1.2993e+06 25121 10852 7652 15552 12034 11974 13273 12345 5043 6492 10880 3532 2392 6883 5542 2321 2781
internal_count=2048690 685121 19499 1363569 33863 1329706 20590 25365 14755 5924 1304341 14666 1299298 25121 10852 7652 15552 12034 11974 13273 12345 5043 6492 10880 3532 2392 6883 5542 2321 2781
is_linear=0
shrinkage=0.05


Tree=243
num_leaves=31
num_cat=0
split_feature=16 18 15 18 15 16 16 18 15 1 16 2 15 12 15 16 1 15 18 10 5 1 1 16 18 16 2 2 18 15
split_gain=380120 43228.2 27996.7 2830.11 1813.58 5053.92 5080.12 4476.54 2052.24 5693.4 4209.98 3714.11 2284.51 2650.74 1775.54 1548.85 1518.73 1226.05 1942 1183.32 1067.09 847.169 830.091 640.03 639.737 862.483 649.14 630.173 949.833 554.817
threshold=-0.84841212603516436 -0.11805555555555554 -0.49827586206896546 -0.11805555555555554 -0.94322211476466788 -0.23992033006117511 -0.62084420919083605 inf -1.0000000180025095e-35 0.25881904510252057 -0.1451758081814003 -0.60785761079279388 -0.49827586206896546 -1.0000000180025095e-35 -1.0000000180025095e-35 -0.76557444018017429 1.0000000180025095e-35 -0.74147133905778595 -0.22499999999999998 -1.0000000180025095e-35 -1.0000000180025095e-35 -0.60355339059327384 -0.3794095225512602 -0.13021432681242803 -0.046822076110779036 0.5824587912087914 -0.60785761079279388 -0.8783796973249266 -0.046822076110779036 -0.24899999999999997
decision_type=8 10 8 8 8 10 8 8 10 2 8 2 8 2 10 10 2 10 8 2 2 2 2 10 8 10 2 2 10 10
left_child=1 2 17 29 5 6 15 -6 12 11 -11 16 19 -14 21 -2 23 -1 -19 -9 -5 -3 -13 -10 25 -7 -26 28 -23 -4
right_child=4 14 3 20 7 24 -8 8 9 10 -12 22 13 -15 -16 -17 -18 18 -20 -21 -22 27 -24 -25 26 -27 -28 -29 -30 -31
leaf_value=-3.8622117893294396e-07 1.4373038839665675e-06 1.2025646528579514e-07 -3.0496242881705715e-05 9.5217793355129035e-05 0 -1.935817449727484e-07 2.327440105764911e-06 -1.2069174342710376e-07 0.00044290619416456471 7.7555144883487395e-05 -7.3761071149009468e-05 8.6115196792679169e-05 5.7949387475671093e-05 -0.0013472661572520603 -1.8149951190871151e-07 -5.3242748293547137e-08 1.6814773642248075e-05 3.2245978831557665e-08 -2.1266907741346322e-06 0.00036153760547717848 -0.0095422288687736917 1.5619616534623406e-07 1.9619730340719709e-06 -6.6073968178854411e-06 -0.00015233412803909997 -0.00022603295491067655 5.8785731128496721e-06 3.0263533343788398e-07 -5.4042909790164024e-06 5.6369078405005268e-07
leaf_weight=652438 2392 2628 841 7927 1290039 3340 12345 2875 285 1244 8012 4986 1902 11509 4445 3532 528 1051 1825 2198 325 1294 3515 2613 1720 4545 5989 10047 953 1347
leaf_count=652438 2392 2628 841 7927 1290039 3340 12345 2875 285 1244 8012 4986 1902 11509 4445 3532 528 1051 1825 2198 325 1294 3515 2613 1720 4545 5989 10047 953 1347
internal_value=-0.0159305 -0.0463147 -0.0484568 0.0327778 -0.000664066 0.0107625 0.0286086 -0.000955061 -0.0174994 -0.0068758 -0.0363008 0.0159596 -0.0296743 -0.0404854 0.0273222 -0.00945307 -0.0279918 -0.049751 -0.0171766 -0.00109403 0.0461827 0.035585 0.0336725 -0.0422015 -0.0101449 -0.0201585 9.72889e-05 0.0410932 0.0171562 -0.0177788
internal_weight=2.04869e+06 685121 665754 10440 1.36357e+06 33863 18269 1.32971e+06 39667 21183 9256 11927 18484 13411 19367 5924 3426 655314 2876 5073 8252 14922 8501 2898 15594 7885 7709 12294 2247 2188
internal_count=2048690 685121 665754 10440 1363569 33863 18269 1329706 39667 21183 9256 11927 18484 13411 19367 5924 3426 655314 2876 5073 8252 14922 8501 2898 15594 7885 7709 12294 2247 2188
is_linear=0
shrinkage=0.05


Tree=244
num_leaves=31
num_cat=0
split_feature=16 18 15 17 15 16 16 17 15 16 2 15 12 0 15 16 0 6 15 17 5 0 17 16 17 0 2 18 15 18
split_gain=380461 42314.1 27996.7 2830.11 1826.54 5032.2 5080.12 4536.3 2096.3 2826.7 2351.21 2182.78 2650.74 2147.5 1673.92 1548.85 1246.13 1232.48 1226.05 1942 1067.09 816.683 747.691 687.242 1017.05 600.39 577.794 624.954 554.817 548.109
threshold=-0.84841212603516436 -0.11805555555555554 -0.49827586206896546 1.0000000180025095e-35 -0.94322211476466788 -0.23992033006117511 -0.62084420919083605 1.0000000180025095e-35 -1.0000000180025095e-35 -0.1451758081814003 -0.60785761079279388 -0.49827586206896546 -1.0000000180025095e-35 -0.9159756150367534 -1.0000000180025095e-35 -0.76557444018017429 0.91597561503675362 -1.0000000180025095e-35 -0.74147133905778595 4.5000000000000009 -1.0000000180025095e-35 0.98296291314453421 29.500000000000004 0.21688681631710352 5.5000000000000009 0.98296291314453421 -0.60785761079279388 -0.027046783625730989 -0.24899999999999997 -0.15476190476190474
decision_type=8 10 8 10 8 10 8 10 10 8 2 8 2 2 10 10 2 2 10 8 2 2 8 10 10 2 2 10 10 10
left_child=1 2 18 20 5 6 15 8 11 -10 21 17 -13 -12 -3 -2 -15 -6 -1 -20 -4 -11 23 29 -25 -26 -24 -28 -5 -7
right_child=4 14 3 28 7 22 -8 -9 9 10 13 12 -14 16 -16 -17 -18 -19 19 -21 -22 -23 26 24 25 -27 27 -29 -30 -31
leaf_value=-3.6691011998657432e-07 1.3654386897710148e-06 1.4838635707947746e-07 9.0456903687374812e-05 -2.8971430737623206e-05 -1.1977366501381148e-07 -8.4519904826052543e-07 2.2110681004772203e-06 0 9.1450216389880583e-05 -1.5361923719243234e-05 6.5304069220574731e-05 5.5051918101887536e-05 -0.0012799028493894573 -6.7700877398407108e-05 -1.7242453631549637e-07 -5.0580610877482004e-08 -1.2360055043977197e-05 0.00042464431353106483 3.0633679892755338e-08 -2.0203562354270676e-06 -0.0090651174253350061 7.9306901056781728e-06 -0.00013723515522118813 4.7897966447052465e-05 -0.00020901855800997129 0.00019059368157167136 6.765227730698431e-05 -1.3341728077076454e-05 5.3550624484755005e-07 1.0350973801831477e-05
leaf_weight=652438 2392 14922 7927 841 2981 730 12345 1290039 2535 5130 1858 1902 11509 9732 4445 3532 1695 2092 1051 1825 325 233 1340 518 6508 767 2694 1604 1347 1433
leaf_count=652438 2392 14922 7927 841 2981 730 12345 1290039 2535 5130 1858 1902 11509 9732 4445 3532 1695 2092 1051 1825 325 233 1340 518 6508 767 2694 1604 1347 1433
internal_value=-0.0159397 -0.0463374 -0.0484568 0.0327778 -0.000666413 0.0108009 0.0286086 -0.000958445 -0.0176129 -0.0068758 -0.01361 -0.0299178 -0.0404854 -0.0023297 0.0265168 -0.00945307 -0.0104358 -0.00198108 -0.049751 -0.0171766 0.0461827 -0.0415532 -0.0100616 -0.0183005 -0.0252214 -0.0300412 0.00448741 0.0134248 -0.0177788 0.0066343
internal_weight=2.04869e+06 685121 665754 10440 1.36357e+06 33863 18269 1.32971e+06 39667 21183 18648 18484 13411 13285 19367 5924 11427 5073 655314 2876 8252 5363 15594 9956 7793 7275 5638 4298 2188 2163
internal_count=2048690 685121 665754 10440 1363569 33863 18269 1329706 39667 21183 18648 18484 13411 13285 19367 5924 11427 5073 655314 2876 8252 5363 15594 9956 7793 7275 5638 4298 2188 2163
is_linear=0
shrinkage=0.05


Tree=245
num_leaves=31
num_cat=0
split_feature=18 12 17 0 5 18 18 2 2 7 2 2 5 10 0 5 8 5 8 10 5 18 10 5 18 0 0 10 17 5
split_gain=365382 14595.1 2872.43 1065.97 1078.12 466.253 815.11 697.108 581.323 385.036 289.321 356.281 280.071 364.328 430.624 381.2 701.992 483.53 711.3 469.616 431.575 509.233 434.715 578.412 342.442 340.008 330.361 278.177 277.062 271.059
threshold=-0.11805555555555554 -0.91666666666666663 1.0000000180025095e-35 0.98296291314453421 -1.0000000180025095e-35 -0.028594771241830061 -0.046822076110779036 -0.8783796973249266 -0.8783796973249266 1.0000000180025095e-35 -0.8783796973249266 -0.60785761079279388 703.50000000000011 496.50000000000006 -0.25881904510252113 368.50000000000006 349.50000000000006 296.50000000000006 280.50000000000006 446.50000000000006 245.50000000000003 0.75017337031900155 207.50000000000003 217.50000000000003 0.68974737230315342 0.98296291314453421 0.91597561503675362 228.50000000000003 20.500000000000004 165.50000000000003
decision_type=10 2 10 2 2 10 10 2 2 2 2 2 2 2 2 2 2 2 2 2 2 10 2 2 10 2 2 2 10 2
left_child=1 2 -1 4 9 6 7 28 -8 -3 -6 -12 13 15 -15 16 17 18 20 -17 22 24 29 -24 -22 -18 -20 -25 -2 -7
right_child=5 3 -4 -5 10 12 8 -9 -10 -11 11 -13 -14 14 -16 19 25 -19 26 -21 21 -23 23 27 -26 -27 -28 -29 -30 -31
leaf_value=-3.4856461398891096e-07 1.4096703923049959e-07 7.2737884315565712e-05 -3.4856461398891096e-07 1.7697692525182523e-07 -1.9898757118514074e-05 0 -5.1319240411795704e-06 -2.0769444497581446e-10 4.7978773149992553e-07 -0.022818436971694646 -2.5590708138568536e-05 -6.6687973721638632e-05 0.40474139824959821 0.39170052694137214 -0.11222393083336897 0.43614605726276212 -0.090840944718777905 0.16936095878587168 -0.082785702276825648 -0.018445039411136576 0.09446163752739381 0.18791982495347101 -0.18803742757148856 0.18532319542954384 -0.2453507251427027 0.22725449410740453 0.028629587771240497 -0.057007233831160423 -1.5273413246094659e-05 0.046926831724523055
leaf_weight=653869 2938 1689 37664 1104 3954 1207803 2112 22014 13218 247 3414 28195 1335 818 8342 5596 2629 6820 3738 5425 1653 5847 4069 1392 776 168 862 2617 320 18062
leaf_count=653869 2938 1689 37664 1104 3954 1207803 2112 22014 13218 247 3414 28195 1335 818 8342 5596 2629 6820 3738 5425 1653 5847 4069 1392 776 168 862 2617 320 18062
internal_value=-0.0160004 -0.0443765 -0.0460468 -0.0144561 -0.0158818 -0.000287474 0.00498744 -0.000530231 0.0140835 0.0204545 -0.0178599 -0.0194549 -0.000455064 -0.000479 -0.0104148 -0.000407193 -0.000488405 -0.000432581 -0.000505206 0.00885128 -0.000432532 0.0109473 -0.000508857 -0.0120698 -0.00829559 -0.0255095 -0.0201304 0.00140933 0.0210559 -0.000432674
internal_weight=2.04869e+06 730136 691533 38603 37499 1.31855e+06 40602 25272 15330 1936 35563 31609 1.27795e+06 1.27662e+06 9160 1.26746e+06 1.25644e+06 1.25364e+06 1.24682e+06 11021 1.24222e+06 8276 1.23394e+06 8078 2429 2797 4600 4009 3258 1.22586e+06
internal_count=2048690 730136 691533 38603 37499 1318554 40602 25272 15330 1936 35563 31609 1277952 1276617 9160 1267457 1256436 1253639 1246819 11021 1242219 8276 1233943 8078 2429 2797 4600 4009 3258 1225865
is_linear=0
shrinkage=0.05


Tree=246
num_leaves=31
num_cat=0
split_feature=16 18 17 9 16 16 16 1 17 16 2 1 13 2 1 16 1 18 16 16 1 18 1 16 2 2 0 13 17 1
split_gain=387342 30777.6 1082.9 866.539 3506.48 4129.86 2805.08 1436.84 1366.34 903.514 837.372 1057.54 775.904 748.029 725.318 711.401 878.345 585.565 578.052 785.98 623.691 3384.08 5147.88 2365.96 1571.67 2074.21 1828.18 809.315 719.368 797.685
threshold=-0.84841212603516436 -0.11805555555555554 13.500000000000002 -1.0000000180025095e-35 -0.3567892503536067 -0.62084420919083605 -0.37445652173913041 0.25881904510252057 45.500000000000007 -0.59041875477788153 -0.8783796973249266 0.37940952255126048 1.0000000180025095e-35 -0.8783796973249266 -0.78656609248549325 -0.76557444018017429 1.0000000180025095e-35 -0.046822076110779036 -0.29262967302162096 -1.0000000180025095e-35 -0.12940952255126037 -0.0088569976146717216 0.25881904510252057 1.0000000180025095e-35 -0.60785761079279388 -0.8783796973249266 0.91597561503675362 5.9625858719895239 90.500000000000014 0.37940952255126048
decision_type=8 10 10 2 10 8 8 2 8 10 2 2 2 2 2 10 2 10 8 8 2 10 2 10 2 2 2 2 10 2
left_child=1 -1 10 4 5 15 8 -7 -5 -10 -3 -12 -11 17 -15 -2 -17 -4 -8 -20 23 22 -22 24 25 -21 -26 -23 -29 -30
right_child=3 2 13 6 -6 7 18 -9 9 12 11 -13 -14 14 -16 16 -18 -19 19 20 21 27 -24 -25 26 -27 -28 28 29 -31
leaf_value=-3.3113638329140829e-07 4.4406032271293585e-07 1.2957460022722246e-07 6.4514475749399842e-07 0.00017167697559450912 -7.8551086514777608e-07 5.0028988599903901e-06 6.9123372821816979e-05 2.1179429261608543e-06 -9.7947146447548413e-05 -0.0012125733082339026 3.9141297980549441e-10 -1.9730972411480252e-10 0.0011242436123478862 4.557983449227088e-07 9.9616203881325309e-07 1.2319830045015578e-08 -3.06233496338848e-08 -4.8848995458594673e-06 -0.0019835922910491875 1.1779580849511536e-06 1.9330696074215672e-06 0 -6.3353575035556703e-05 0 8.8528879509047504e-05 -4.2293953841005808e-06 -8.4076536056964052e-06 -0.045857186743517575 -0.12867678358959786 0.96143870010494226
leaf_weight=665754 3514 1425 522 2009 44854 3484 1903 10362 3073 9314 4051 2508 265 1709 7565 1226 2783 1587 4047 1339 2718 673249 9394 569554 6043 1525 739 1004 3548 7622
leaf_count=665754 3514 1425 522 2009 44854 3484 1903 10362 3073 9314 4051 2508 265 1709 7565 1226 2783 1587 4047 1339 2718 673249 9394 569554 6043 1525 739 1004 3548 7622
internal_value=-0.0159801 -0.0466515 0.0154825 -0.000569315 0.00500959 0.0216786 -0.00085409 0.037881 -0.0226008 -0.0286832 0.00136523 -0.00618234 -0.0362512 0.0253843 0.0314967 -0.0081417 -0.0225368 -0.0014936 -0.000605527 -0.000646441 -0.000576705 -0.00158372 -0.0277824 0.00063605 0.0251918 -0.00586592 0.0383073 -0.00112077 0.011656 0.0152999
internal_weight=2.04869e+06 685121 19367 1.36357e+06 66223 21369 1.29735e+06 13846 14661 12652 7984 6559 9579 11383 9274 7523 4009 2109 1.28268e+06 1.28078e+06 1.27674e+06 697535 12112 579200 9646 2864 6782 685423 12174 11170
internal_count=2048690 685121 19367 1363569 66223 21369 1297346 13846 14661 12652 7984 6559 9579 11383 9274 7523 4009 2109 1282685 1280782 1276735 697535 12112 579200 9646 2864 6782 685423 12174 11170
is_linear=0
shrinkage=0.05


Tree=247
num_leaves=31
num_cat=0
split_feature=15 18 12 15 12 15 17 17 15 18 17 15 6 17 12 1 18 2 2 17 17 1 1 1 15 0 1 14 1 17
split_gain=373818 25130.5 4383.41 1732.14 6521.55 2339.36 1258.9 1160.84 1094.41 2064.82 1388.99 1027.95 2227.91 782.099 938.363 630.547 616.54 1251.18 586.647 1135.05 571.359 495.49 534.473 469.177 917.623 424.169 480.346 407.515 386.156 2200
threshold=-0.74147133905778595 -0.11805555555555554 -0.74999999999999989 -1.0000000180025095e-35 -1.0000000180025095e-35 -0.49827586206896546 3.5000000000000004 1.0000000180025095e-35 -0.49827586206896546 -0.11805555555555554 4.5000000000000009 -1.0000000180025095e-35 -1.0000000180025095e-35 15.500000000000002 -0.91666666666666663 0.98296291314453421 -0.081415620641562048 -0.8783796973249266 1.0000000180025095e-35 1.5000000000000002 9.5000000000000018 0.37940952255126048 -0.5 0.25881904510252057 -0.96326902320561236 0.98296291314453421 0.98296291314453421 1.0000000180025095e-35 0.78656609248549303 1.0000000180025095e-35
decision_type=8 10 2 8 2 10 10 10 10 8 8 10 2 10 2 2 10 2 2 8 10 2 2 2 10 2 2 2 2 10
left_child=1 2 7 4 8 -6 -7 23 10 -10 -2 12 15 14 -11 -5 17 -3 19 25 -12 22 -19 -1 -25 26 -14 -20 -13 -30
right_child=3 16 -4 11 5 6 -8 -9 9 13 20 28 18 -15 -16 -17 -18 21 27 -21 -22 -23 -24 24 -26 -27 -28 -29 29 -31
leaf_value=-3.1457956412572765e-07 6.3087045765186647e-08 1.2250714752637394e-07 0.00011987784713651806 0.00012708154195484322 0.00029526004576473585 -0.0011519446428222074 0.00096760518042808834 -3.1457956412572765e-07 -2.1046266015828375e-05 8.5968043552864251e-05 -1.2066394818377458e-06 0 0.00036818315084989899 -0.00013629248209348632 -0.00037035621860880886 -1.7901721074403688e-05 3.8002233601064364e-07 -1.4897944605740677e-08 -0.00097263737267048187 -0.026909163045982145 6.0454399860199186e-05 -1.874442379090624e-10 3.7184233470100025e-10 -3.1457956412572765e-07 -4.0590834130493919e-06 -0.00072408305712435845 -0.0031280076790917936 0.0092285853842161078 -6.0185896283778872e-05 0
leaf_weight=366301 1440 1198 2675 4083 2112 11726 1157 31122 1837 5815 2681 1029739 2002 1113 1062 192 19407 874 1339 2879 1113 3888 2239 275500 1600 142 143 988 4622 267701
leaf_count=366301 1440 1198 2675 4083 2112 11726 1157 31122 1837 5815 2681 1029739 2002 1113 1062 192 19407 874 1339 2879 1113 3888 2239 275500 1600 142 143 988 4622 267701
internal_value=-0.0160126 -0.045505 -0.0474112 -0.000545322 -0.0124135 -0.0357553 -0.0437515 -0.0476646 0.010826 0.0206625 -0.00764234 -0.000273818 0.0144375 0.0316521 0.0379453 0.0432398 0.00125697 -0.0102391 -0.0019952 0.0073945 -0.0235108 -0.0183188 -0.00345326 -0.0481208 -0.0465684 0.0336904 0.0392308 -0.0228406 -0.000406778 -0.00208117
internal_weight=2.04869e+06 704804 677198 1.34389e+06 30056 14995 12883 674523 15061 9827 5234 1.31383e+06 11768 7990 6877 4275 27606 8199 7493 5166 3794 7001 3113 643401 277100 2287 2145 2327 1.30206e+06 272323
internal_count=2048690 704804 677198 1343886 30056 14995 12883 674523 15061 9827 5234 1313830 11768 7990 6877 4275 27606 8199 7493 5166 3794 7001 3113 643401 277100 2287 2145 2327 1302062 272323
is_linear=0
shrinkage=0.05


Tree=248
num_leaves=31
num_cat=0
split_feature=16 15 17 17 15 16 15 15 16 12 16 16 17 2 17 0 17 5 11 17 16 17 17 17 16 16 16 0 2 17
split_gain=389939 34865.4 19341.1 3048.39 2217.77 6545.53 3945.91 3042.89 2334.42 2244.05 1525.75 1432.52 1098.38 1443.58 1010.1 983.373 655.871 521.965 484.558 481.632 673.312 1005.37 577.987 499.313 577.993 463.722 1496.56 510.312 447.976 469.961
threshold=-0.8691775211602395 -0.74147133905778595 8.5000000000000018 107.50000000000001 -0.99693251533742322 -0.23992033006117511 -1.0000000180025095e-35 -0.40070422535211264 -0.62084420919083605 -1.0000000180025095e-35 -0.9990583804143125 -0.26433425943349226 13.500000000000002 -0.8783796973249266 1.0000000180025095e-35 0.91597561503675362 4.5000000000000009 -1.0000000180025095e-35 -1.0000000180025095e-35 29.500000000000004 0.21688681631710352 5.5000000000000009 8.5000000000000018 35.500000000000007 9.062679425837322 -0.76557444018017429 -0.72921861616065475 0.98296291314453421 -0.8783796973249266 21.500000000000004
decision_type=8 8 10 8 8 10 8 10 8 2 10 8 10 2 10 2 8 2 2 8 10 10 10 10 10 10 10 2 2 10
left_child=1 2 -1 -3 5 8 7 -6 16 -9 -5 17 13 -4 -11 -15 -2 -8 -10 20 22 -22 -7 -21 -25 27 -27 -18 29 -14
right_child=4 3 12 10 6 19 11 9 18 14 -12 -13 28 15 -16 -17 25 -19 -20 23 21 -23 -24 24 -26 26 -28 -29 -30 -31
leaf_value=-2.9885058591694325e-07 -2.3364069167142177e-07 5.9932693474706866e-08 1.1697051284231819e-07 8.1669641375226035e-05 -3.6235720846100607e-08 -2.9296731265948672e-07 -4.7137589382612037e-05 5.1787605017095523e-05 2.027774758062151e-06 -0.0010943474106810971 -3.2617846400195831e-05 0 5.9388640282209699e-07 -1.7807202379316325e-10 -0.00032602025068062535 3.5325021796595025e-10 1.3081209480625411e-06 0.00015150578750314225 -0.032140701405699086 6.4265948481523338e-05 4.5575500876871015e-05 -0.00018723389974613093 1.8191511853193899e-05 2.2223050183289851e-06 -2.1196905308806804e-05 -1.3363203943406178e-08 4.8784308370741771e-09 -0.01612887342267302 6.7523656619439267e-07 -4.6596556853684141e-06
leaf_weight=652349 954 9943 994 8151 12672 1273 627 2960 11596 10631 1078 1299961 331 3387 1248 874 1527 3793 219 1959 518 7168 829 1881 1731 1248 1226 276 6255 1031
leaf_count=652349 954 9943 994 8151 12672 1273 627 2960 11596 10631 1078 1299961 331 3387 1248 874 1527 3793 219 1959 518 7168 829 1881 1731 1248 1226 276 6255 1031
internal_value=-0.015961 -0.0467596 -0.0486755 0.0197163 -0.000510959 0.0124132 -0.000825405 -0.0195649 0.033744 -0.0349316 0.0404107 -0.000430166 0.0120183 -0.00556613 -0.0446376 -0.0182234 0.00593577 0.0279864 0.0460559 -0.0112605 -0.0179403 -0.0247983 0.00713606 0.000475678 -0.0105482 0.0142974 0.000242522 0.0335829 0.0241499 -0.00183554
internal_weight=2.04869e+06 684393 665221 19172 1.3643e+06 32405 1.33189e+06 27511 17046 14839 9229 1.30438e+06 12872 5255 11879 4261 5231 4420 11815 15359 9788 7686 2102 5571 3612 4277 2474 1803 7617 1362
internal_count=2048690 684393 665221 19172 1364297 32405 1331892 27511 17046 14839 9229 1304381 12872 5255 11879 4261 5231 4420 11815 15359 9788 7686 2102 5571 3612 4277 2474 1803 7617 1362
is_linear=0
shrinkage=0.05


Tree=249
num_leaves=31
num_cat=0
split_feature=16 15 18 18 15 15 16 15 15 16 12 16 16 17 2 18 0 5 18 18 16 0 2 1 2 17 17 1 17 1
split_gain=390453 33096.3 19653.8 2531.39 2660.86 1976.95 6000.22 3969.93 3062.6 3051.1 2194.47 1432.52 1290.69 1094.15 1401.68 1015 897.927 820.838 633.442 545.773 855.084 581.237 543.653 519.309 447.976 469.961 500.389 430.53 3379.07 5753
threshold=-0.8691775211602395 -0.74147133905778595 -0.11805555555555554 0.66709956709956719 -0.49827586206896546 -0.99693251533742322 -0.23992033006117511 -1.0000000180025095e-35 -0.40070422535211264 -0.72921861616065475 -1.0000000180025095e-35 -0.26433425943349226 -0.77441247112257117 13.500000000000002 -0.8783796973249266 -0.095454545454545445 0.91597561503675362 -1.0000000180025095e-35 -0.040833333333333326 -0.046822076110779036 0.5824587912087914 0.98296291314453421 -0.60785761079279388 1.0000000180025095e-35 -0.8783796973249266 21.500000000000004 26.500000000000004 -0.12940952255126037 1.0000000180025095e-35 0.25881904510252057
decision_type=8 8 10 8 8 8 10 8 10 8 2 8 10 10 2 10 2 2 8 8 10 2 2 2 2 10 10 2 10 2
left_child=1 2 -1 -3 -5 6 9 8 -7 12 -10 18 -2 14 -4 -12 -16 -6 -9 20 -8 -22 -21 -14 25 -15 -27 -13 29 -29
right_child=5 3 13 4 17 7 19 11 10 -11 15 27 23 24 16 -17 -18 -19 -20 22 21 -23 -24 -25 -26 26 -28 28 -30 -31
leaf_value=-2.839080566197083e-07 1.2427149006621896e-06 5.6936058800971527e-08 1.111219872007574e-07 -4.0756808901698527e-06 7.7586159306464178e-05 -3.4423934802685356e-08 -5.4561587514712077e-08 -5.2887217056840631e-05 4.9198224766240748e-05 1.9263860201568231e-06 -0.0010396300401470423 0 2.6196993278215786e-06 5.6419208268598806e-07 -1.6916842371372811e-10 -0.00022784972946577887 3.3558770207164915e-10 -0.0082894889609289434 0.00014393049812798654 -0.0001396507246373191 -0.0002530272133831335 0.00020179009389085235 8.8251440833020396e-06 -1.2695043744015423e-08 6.414747378835628e-07 -8.621624685373197e-06 0.00020907497244189167 1.8364161270504887e-06 0 -5.717660146958993e-05
leaf_weight=652079 1832 9834 994 1116 7861 12672 3334 561 2960 13450 10665 592046 155 331 3620 1214 911 361 3859 1713 3930 608 5774 1609 6255 600 431 2504 697066 8345
leaf_count=652079 1832 9834 994 1116 7861 12672 3334 561 2960 13450 10665 592046 155 331 3620 1214 911 361 3859 1713 3930 608 5774 1609 6255 600 431 2504 697066 8345
internal_value=-0.0159899 -0.0468089 -0.0486755 0.0179585 0.0366031 -0.000529723 0.0116726 -0.000826606 -0.0196231 0.0320955 -0.0350394 -0.000430166 -0.00881535 0.0118627 -0.00507692 -0.0446376 -0.0168727 0.0464364 0.0279864 -0.0109936 -0.0201855 -0.0343103 -0.00132897 -0.0393424 0.0241499 -0.00183554 -0.0184772 -0.000526785 -0.00135892 -0.0290488
internal_weight=2.04869e+06 684393 665221 19172 9338 1.3643e+06 32405 1.33189e+06 27511 17046 14839 1.30438e+06 3596 13142 5525 11879 4531 8222 4420 15359 7872 4538 7487 1764 7617 1362 1031 1.29996e+06 707915 10849
internal_count=2048690 684393 665221 19172 9338 1364297 32405 1331892 27511 17046 14839 1304381 3596 13142 5525 11879 4531 8222 4420 15359 7872 4538 7487 1764 7617 1362 1031 1299961 707915 10849
is_linear=0
shrinkage=0.05


Tree=250
num_leaves=31
num_cat=0
split_feature=16 15 18 18 15 15 16 16 15 15 12 16 16 16 17 2 18 18 17 11 1 1 18 1 2 18 17 1 1 11
split_gain=388718 33104.3 19393.1 2531.39 2660.86 1163.21 4692.31 5337.53 4353.95 2686.29 2160.72 1448.17 1147.73 1132.95 1041.72 1401.68 1028.91 941.222 1183.08 820.838 712.212 828.862 615.401 578.012 567.266 553.98 544.602 514.392 576.173 506.534
threshold=-0.8691775211602395 -0.74147133905778595 -0.11805555555555554 0.66709956709956719 -0.49827586206896546 -0.94322211476466788 0.21688681631710352 -0.62084420919083605 -1.0000000180025095e-35 -0.40070422535211264 -1.0000000180025095e-35 -0.26433425943349226 -0.23992033006117511 -0.77441247112257117 13.500000000000002 -0.8783796973249266 -0.095454545454545445 -0.046822076110779036 5.5000000000000009 -0.83333333333333315 0.37940952255126048 -0.60355339059327384 0.6207344379758174 1.0000000180025095e-35 -0.8783796973249266 -0.15476190476190474 21.500000000000004 0.25881904510252057 1.0000000180025095e-35 -1.0000000180025095e-35
decision_type=8 8 10 8 8 8 10 8 8 10 2 8 10 10 10 2 10 10 10 2 2 2 8 2 2 8 10 2 2 2
left_child=1 2 -1 -3 -5 6 7 13 9 -7 -11 22 29 -2 15 -4 -12 18 -8 -6 21 -17 -10 -19 26 -14 -16 28 -20 -9
right_child=5 3 14 4 19 8 17 12 11 10 16 -13 25 -15 24 20 -18 23 27 -21 -22 -23 -24 -25 -26 -27 -28 -29 -30 -31
leaf_value=-2.6971265378872292e-07 1.1805791556240842e-06 5.4089255863143395e-08 1.0556588784238486e-07 -3.8718968456641361e-06 7.3706851341137644e-05 -3.2702738061995977e-08 4.3299453912404307e-05 1.8300667191439858e-06 -3.7592572570066543e-05 4.6738313527928716e-05 -0.00098764853813969019 0 -7.1312989867733385e-07 -1.9712644766523013e-08 5.3598247855557452e-07 -1.4059565317525724e-08 -0.00021645724299248771 -1.7820467100743144e-05 -0.00024159260790335702 -0.0078750145128824965 -1.6071000086270715e-10 3.1880831308228608e-10 0.00013673397322158665 2.9475992746408332e-05 6.0940100099493577e-07 1.7284664339911603e-05 -4.2956694651707931e-06 -0.00019677935455939544 0.00019170058919630863 -0.030533762654715135
leaf_weight=652079 2195 9834 994 1116 7861 10977 510 12017 942 2960 10665 1299961 730 3966 331 827 1214 3441 904 361 2342 1362 3478 4004 6255 1591 1031 3620 794 328
leaf_count=652079 2195 9834 994 1116 7861 10977 510 12017 942 2960 10665 1299961 730 3966 331 827 1214 3441 904 361 2342 1362 3478 4004 6255 1591 1031 3620 794 328
internal_value=-0.0160663 -0.0468167 -0.0486836 0.0179585 0.0366031 -0.00064055 0.00847801 0.0232847 -0.000874307 -0.0212078 -0.0350799 -0.000471871 0.0396904 -0.0157685 0.0114518 -0.00507692 -0.0446039 -0.0147555 -0.0298044 0.0464364 -0.0168727 0.0036318 0.0280995 -0.00297515 0.023441 0.00743214 -0.00580029 -0.0367807 -0.0140754 0.0457554
internal_weight=2.04869e+06 684393 665221 19172 9338 1.3643e+06 34100 20827 1.3302e+06 25816 14839 1.30438e+06 14666 6161 13142 5525 11879 13273 5828 8222 4531 2189 4420 7445 7617 2321 1362 5318 1698 12345
internal_count=2048690 684393 665221 19172 9338 1364297 34100 20827 1330197 25816 14839 1304381 14666 6161 13142 5525 11879 13273 5828 8222 4531 2189 4420 7445 7617 2321 1362 5318 1698 12345
is_linear=0
shrinkage=0.05


Tree=251
num_leaves=31
num_cat=0
split_feature=16 15 18 18 15 15 16 16 15 15 12 16 16 16 18 17 17 2 18 0 5 18 2 2 17 11 1 18 1 17
split_gain=388664 33104.3 19393.1 2531.39 2660.86 1179.81 4738.6 5374.34 4351.86 2686.29 2160.72 1303.41 1132.95 1082.55 1076.53 1219.07 1041.72 1401.68 1028.91 897.927 820.838 577.356 567.266 564.978 544.602 496.773 487.166 481.51 467.853 4704.64
threshold=-0.8691775211602395 -0.74147133905778595 -0.11805555555555554 0.66709956709956719 -0.49827586206896546 -0.94322211476466788 0.21688681631710352 -0.62084420919083605 -1.0000000180025095e-35 -0.40070422535211264 -1.0000000180025095e-35 -0.26433425943349226 -0.77441247112257117 -0.23992033006117511 -0.046822076110779036 5.5000000000000009 13.500000000000002 -0.8783796973249266 -0.095454545454545445 0.91597561503675362 -1.0000000180025095e-35 -0.040833333333333326 -0.8783796973249266 -0.60785761079279388 21.500000000000004 -1.0000000180025095e-35 1.0000000180025095e-35 -0.15476190476190474 -0.12940952255126037 1.0000000180025095e-35
decision_type=8 8 10 8 8 8 10 8 8 10 2 8 10 10 10 10 10 2 10 2 2 8 2 2 10 2 2 8 2 10
left_child=1 2 -1 -3 -5 6 7 12 9 -7 -11 21 -2 25 15 -8 17 -4 -12 -19 -6 -10 24 -16 -18 -9 -14 -15 -13 -30
right_child=5 3 16 4 20 8 14 13 11 10 18 28 26 27 23 -17 22 19 -20 -21 -22 -23 -24 -25 -26 -27 -28 -29 29 -31
leaf_value=-2.5622702110039697e-07 1.1215501978467658e-06 5.1384793064990221e-08 1.0028759345193095e-07 -3.6783020033792638e-06 7.0021508774076321e-05 -3.1067601158341063e-08 4.1134481216786867e-05 1.7385633831912274e-06 -4.8363227575493055e-05 4.4401397851532274e-05 -0.00093826611123270565 0 -6.8144773557321517e-08 -6.77473403742912e-07 -0.00014092246301828927 -0.00017313154179763869 5.0918335462446509e-07 -1.5267450081957181e-10 -0.00020563438084286181 3.0286789742817177e-10 -0.007481263787238371 0.00012989727456050871 5.7893095094518905e-07 6.3502935981896158e-06 -4.0808859919139188e-06 -0.029007074521979384 -1.8727012529584643e-08 1.6420431122921019e-05 -5.4317771396110429e-05 0
leaf_weight=652079 2195 9834 994 1116 7861 10977 510 12017 561 2960 10665 592046 949 730 1682 5318 331 3620 1214 911 361 3859 6255 5763 1031 328 3017 1591 10849 697066
leaf_count=652079 2195 9834 994 1116 7861 10977 510 12017 561 2960 10665 592046 949 730 1682 5318 331 3620 1214 911 361 3859 6255 5763 1031 328 3017 1591 10849 697066
internal_value=-0.0160685 -0.0468167 -0.0486836 0.0179585 0.0366031 -0.000643775 0.00853959 0.0234191 -0.000879193 -0.0212078 -0.0350799 -0.000476855 -0.0157685 0.0398814 -0.0148083 -0.0309025 0.0114518 -0.00507692 -0.0446039 -0.0168727 0.0464364 0.026629 0.023441 -0.00220954 -0.00580029 0.0457716 -0.0317196 0.00855235 -0.000569017 -0.00143647
internal_weight=2.04869e+06 684393 665221 19172 9338 1.3643e+06 34100 20827 1.3302e+06 25816 14839 1.30438e+06 6161 14666 13273 5828 13142 5525 11879 4531 8222 4420 7617 7445 1362 12345 3966 2321 1.29996e+06 707915
internal_count=2048690 684393 665221 19172 9338 1364297 34100 20827 1330197 25816 14839 1304381 6161 14666 13273 5828 13142 5525 11879 4531 8222 4420 7617 7445 1362 12345 3966 2321 1299961 707915
is_linear=0
shrinkage=0.05


Tree=252
num_leaves=31
num_cat=0
split_feature=16 18 16 10 16 16 17 1 17 16 1 18 1 18 16 1 1 18 1 16 16 16 4 3 11 1 17 9 16 5
split_gain=389072 24729.5 557.102 1128.46 5554.01 3676.25 1377.38 1060.08 983.388 736.566 1658.59 906.04 660.536 633.187 600.629 762.37 560.874 2400.74 3592.05 2882.66 998.714 1829.96 1571.67 2074.21 887.673 792.838 771.644 1292.41 1509.72 1076.26
threshold=-0.8691775211602395 -0.11805555555555554 -0.62084420919083605 -1.0000000180025095e-35 -0.38851452530697811 -0.4493384260826121 20.500000000000004 1.0000000180025095e-35 40.500000000000007 3.1650909810126584 1.0000000180025095e-35 -0.0044176316045538575 -0.12940952255126037 -0.044466403162055329 -0.77441247112257117 1.0000000180025095e-35 -0.12940952255126037 -0.0088569976146717216 0.25881904510252057 -0.23992033006117511 1.0000000180025095e-35 -1.0000000180025095e-35 1.0000000180025095e-35 1.0000000180025095e-35 -1.0000000180025095e-35 -0.3794095225512602 259.50000000000006 73.500000000000014 40.488468646363394 54.500000000000007
decision_type=8 10 8 2 10 8 8 2 8 10 2 10 2 10 10 2 2 10 2 8 10 10 2 2 2 2 10 2 8 2
left_child=1 -1 14 4 6 7 -4 8 -5 13 11 -11 -8 -6 -2 -16 20 18 -18 -20 21 -7 25 -24 -21 -23 27 29 -29 -19
right_child=2 -3 3 5 9 16 12 -9 -10 10 -12 -13 -14 -15 15 -17 17 26 19 24 -22 22 23 -25 -26 -27 -28 28 -30 -31
leaf_value=-2.4341567004260158e-07 3.1425033186760487e-07 9.4684491092067449e-08 3.0641905806039206e-07 0.0001296685212917259 -2.9514221100424011e-08 -0.0010563039631459529 4.2181327958955669e-05 5.197846530873296e-05 -0.00089135280567107032 -1.1654488849910383e-05 1.8656197606659044e-06 0.00025675652954278985 1.6516352140283354e-06 3.9902906075028888e-05 -6.473753487723499e-08 -1.7790661904770744e-08 4.4604838905034862e-06 0 3.9110725276501322e-05 -0.0001394707227507397 0 8.4102435533595126e-05 1.1190601807035959e-06 -4.0179256148955511e-06 -5.2239037447341959e-05 6.0946820470175553e-05 0.072972518665395114 0.48088917681382815 -0.0045913265898398945 0.059807859068097713
leaf_weight=665108 4685 19285 2818 644 13739 3217 1086 904 7967 10681 13506 1946 9394 5455 3407 3708 4228 549627 1450 1221 569328 5340 1339 1525 9414 1442 30517 1749 84576 19384
leaf_count=665108 4685 19285 2818 644 13739 3217 1086 904 7967 10681 13506 1946 9394 5455 3407 3708 4228 549627 1450 1221 569328 5340 1339 1525 9414 1442 30517 1749 84576 19384
internal_value=-0.0160734 -0.0468378 -0.00064055 -0.000546175 0.00623881 -0.000853601 0.0346518 -0.0318182 -0.0372256 -0.00209698 -0.00755941 -0.0205868 0.0429962 0.00534021 -0.0114576 -0.0206114 -0.000624203 -0.00157562 -0.0205327 -0.0344104 0.000523282 0.0143007 0.0251918 -0.00586592 -0.0434274 0.0383073 -0.00112473 -0.00148664 -0.00718737 -0.000621781
internal_weight=2.04869e+06 684393 1.3643e+06 1.3525e+06 58625 1.29387e+06 13298 9515 8611 45327 26133 12627 10480 19194 11800 7115 1.28436e+06 702166 16313 12085 582191 12863 9646 2864 10635 6782 685853 655336 86325 569011
internal_count=2048690 684393 1364297 1352497 58625 1293872 13298 9515 8611 45327 26133 12627 10480 19194 11800 7115 1284357 702166 16313 12085 582191 12863 9646 2864 10635 6782 685853 655336 86325 569011
is_linear=0
shrinkage=0.05


Tree=253
num_leaves=31
num_cat=0
split_feature=16 15 18 18 15 17 2 5 15 15 18 16 15 12 16 16 18 16 17 1 18 17 2 18 1 1 2 17 1 17
split_gain=390854 33229.3 15697.2 2318.71 3073.17 1537.76 2498.14 964.888 922.788 4332.23 4307.72 4603.8 2801.7 2046.93 1668.58 1331.51 1016.95 747.32 984.169 931.612 919.532 1182.52 595.734 588.559 516.21 573.992 466.67 544.602 451.607 3366.16
threshold=-0.84841212603516436 -0.74147133905778595 -0.081415620641562048 0.66709956709956719 -0.49827586206896546 8.5000000000000018 -0.8783796973249266 -1.0000000180025095e-35 -0.94322211476466788 -1.0000000180025095e-35 0.83349834983498361 -0.62084420919083605 -0.40070422535211264 -1.0000000180025095e-35 -0.77441247112257117 -0.26433425943349226 -0.095454545454545445 0.21688681631710352 4.5000000000000009 1.0000000180025095e-35 -0.046822076110779036 5.5000000000000009 -0.60785761079279388 -0.040833333333333326 0.25881904510252057 1.0000000180025095e-35 -0.8783796973249266 21.500000000000004 -0.12940952255126037 1.0000000180025095e-35
decision_type=8 8 10 8 8 10 2 2 8 8 8 8 10 2 10 8 10 10 10 2 10 10 2 8 2 2 2 10 2 10
left_child=1 2 5 -3 -5 -1 -7 -6 10 12 17 14 -10 -14 -12 23 -15 18 19 -2 21 -19 -22 -11 25 -23 27 -4 -17 -30
right_child=8 3 26 4 7 6 -8 -9 9 15 11 -13 13 16 -16 28 -18 20 -20 -21 22 24 -24 -25 -26 -27 -28 -29 29 -31
leaf_value=-2.3124488653936127e-07 3.7900695176729116e-06 6.0986336913870784e-08 4.7898996233808335e-07 -3.482216119704562e-06 6.6532604118874072e-05 9.0538989228061703e-08 -4.8792653306595218e-09 -0.0071338278060446405 -2.8038510047068145e-08 -4.5943590485664214e-05 1.0497601713677086e-06 1.5690534533319145e-06 4.0072261561007884e-05 -0.0008467851653875168 -1.6901128807589318e-08 0 -0.00022554924786644115 3.9079232867000879e-05 4.295853981717279e-06 -2.2848241072459531e-07 -0.00013532742329788738 -0.00022085492470725332 3.2686910888202193e-06 0.00013116401093785091 -0.00017828233403048845 0.00019077361253743154 5.452501788405506e-07 -3.8815759168753244e-06 -4.8989930953937801e-05 0
leaf_weight=652438 726 9871 331 1277 7927 994 4206 424 10610 561 1557 10261 2901 10646 3122 592046 1208 510 2956 2176 1628 904 5609 3819 3620 794 6622 1031 10849 697066
leaf_count=652438 726 9871 331 1277 7927 994 4206 424 10610 561 1557 10261 2901 10646 3122 592046 1208 510 2956 2176 1628 904 5609 3819 3620 794 6622 1031 10849 697066
internal_value=-0.0161378 -0.046948 -0.0488327 0.0173881 0.0348463 -0.0496787 -0.0225962 0.0458927 -0.000657319 -0.00086489 0.00749343 0.0275636 -0.0213306 -0.0354219 -0.0135392 -0.000466902 -0.0446347 -0.00835227 0.00648686 -0.0141971 -0.0150057 -0.0297872 -0.00310211 0.0270548 -0.0367619 -0.0140165 0.0208542 -0.00580029 -0.000559632 -0.00141189
internal_weight=2.04869e+06 685121 665622 19499 9628 657638 5200 8351 1.36357e+06 1.32971e+06 33863 14940 25365 14755 4679 1.30434e+06 11854 18923 5858 2902 13065 5828 7237 4380 5318 1698 7984 1362 1.29996e+06 707915
internal_count=2048690 685121 665622 19499 9628 657638 5200 8351 1363569 1329706 33863 14940 25365 14755 4679 1304341 11854 18923 5858 2902 13065 5828 7237 4380 5318 1698 7984 1362 1299961 707915
is_linear=0
shrinkage=0.05


Tree=254
num_leaves=31
num_cat=0
split_feature=16 15 18 18 15 17 15 15 18 16 15 12 16 16 18 16 18 17 17 1 5 3 3 18 1 16 1 17 1 18
split_gain=390590 33343.7 15692.7 2556.81 2674.25 1537.87 805.815 4336.28 4300.8 4858.03 2699.09 2163.01 1429.1 1302.51 1032.4 738.195 992.059 1219.07 960.321 809.909 723.638 669.437 1846.19 577.356 462.876 478.438 451.607 3366.16 5753 2108.36
threshold=-0.8691775211602395 -0.74147133905778595 -0.081415620641562048 0.66709956709956719 -0.49827586206896546 8.5000000000000018 -0.94322211476466788 -1.0000000180025095e-35 0.83349834983498361 -0.62084420919083605 -0.40070422535211264 -1.0000000180025095e-35 -0.77441247112257117 -0.26433425943349226 -0.095454545454545445 0.21688681631710352 -0.046822076110779036 5.5000000000000009 4.5000000000000009 1.0000000180025095e-35 -1.0000000180025095e-35 -0.22252093395631442 -0.56174490092936669 -0.040833333333333326 1.0000000180025095e-35 8.739313116550969 -0.12940952255126037 1.0000000180025095e-35 0.25881904510252057 -0.74999999999999989
decision_type=8 8 10 8 8 10 8 8 8 8 10 2 10 8 10 10 10 10 10 2 2 2 2 8 2 10 2 10 2 10
left_child=1 2 5 -3 -5 -1 8 10 15 12 -8 -12 -10 23 -13 18 17 -17 19 -2 -6 22 -7 -9 25 -18 29 28 -28 -15
right_child=6 3 -4 4 20 21 7 13 9 -11 11 14 -14 26 -16 16 24 -19 -20 -21 -22 -23 -24 -25 -26 -27 27 -29 -30 -31
leaf_value=-2.1968264221072787e-07 3.2374539027824058e-06 5.7937020070397693e-08 4.4015742767244959e-07 -3.308105313720722e-06 6.3205973912927601e-05 -4.6353020644041015e-09 -2.6636584543604515e-08 -4.364641096137878e-05 9.9727216279488218e-07 1.4906007806625433e-06 3.8068648482957486e-05 -0.00080444590711814101 -1.6056072366099629e-08 7.9897313756915371e-05 -0.0001740649295342428 3.7125271223648061e-05 -1.7935237831945284e-06 -0.00015555937229517759 4.0810612826347459e-06 -2.170582901861451e-07 -0.0067504970367907192 -4.6353020644041015e-09 8.6012039768323945e-08 0.00012194812353265029 2.6000971071893366e-05 -2.2761823184352939e-05 6.6869562436752016e-06 0 -4.654043440624091e-05 0
leaf_weight=652079 775 9834 7942 1116 7861 1128 10977 561 1702 10261 2960 10665 3122 8445 1214 510 2102 5318 2956 2219 361 3078 994 3859 3911 1224 2504 697066 8345 583601
leaf_count=652079 775 9834 7942 1116 7861 1128 10977 561 1702 10261 2960 10665 3122 8445 1214 510 2102 5318 2956 2219 361 3078 994 3859 3911 1224 2504 697066 8345 583601
internal_value=-0.0161375 -0.0469618 -0.0488354 0.0180472 0.0367852 -0.0496796 -0.00067456 -0.000869119 0.00691496 0.0268512 -0.0211613 -0.0350664 -0.0145315 -0.000467501 -0.0445955 -0.00890087 -0.0155492 -0.0309025 0.00569748 -0.0142619 0.0466432 -0.0225962 -0.000989632 0.026629 -0.00318502 -0.0168972 -0.000559632 -0.00141189 -0.0290488 0.000459424
internal_weight=2.04869e+06 684393 665221 19172 9338 657279 1.3643e+06 1.3302e+06 34100 15085 25816 14839 4824 1.30438e+06 11879 19015 13065 5828 5950 2994 8222 5200 2122 4420 7237 3326 1.29996e+06 707915 10849 592046
internal_count=2048690 684393 665221 19172 9338 657279 1364297 1330197 34100 15085 25816 14839 4824 1304381 11879 19015 13065 5828 5950 2994 8222 5200 2122 4420 7237 3326 1299961 707915 10849 592046
is_linear=0
shrinkage=0.05


Tree=255
num_leaves=31
num_cat=0
split_feature=15 18 12 10 15 18 15 15 17 17 5 1 1 18 3 3 1 18 1 15 4 18 0 17 10 5 18 1 15 13
split_gain=377778 21507.1 4239.59 1788.24 7212.48 3483.56 2498.36 2234.94 1152.55 1104.78 1088.3 1084.58 780.45 769.627 758.737 912.061 498.395 1687.87 4607.42 882.989 3429.7 1163.22 1310.89 882.798 742.25 749.567 1717.35 1309.52 1592.49 731.149
threshold=-0.74147133905778595 -0.095454545454545445 -0.74999999999999989 -1.0000000180025095e-35 -1.0000000180025095e-35 0.99475062000551129 -0.49827586206896546 -0.49827586206896546 1.0000000180025095e-35 7.5000000000000009 -1.0000000180025095e-35 0.25881904510252057 0.98296291314453421 -0.060661764705882346 -0.22252093395631442 -0.56174490092936669 -0.12940952255126037 -0.0088569976146717216 0.25881904510252057 0.078222778473091378 1.0000000180025095e-35 0.99475062000551129 0.91597561503675362 99.500000000000014 277.50000000000006 78.500000000000014 0.98961031951640777 -0.78656609248549325 98.995145631067984 5.9625858719895239
decision_type=8 10 2 2 8 8 8 10 10 10 2 2 2 10 2 2 2 10 2 10 2 8 2 8 2 2 10 2 10 2
left_child=1 2 9 5 7 11 -7 -5 -9 -1 12 -2 -8 14 15 -3 19 18 -18 20 21 -6 -23 -22 25 -21 -27 28 -28 -19
right_child=3 13 -4 4 16 6 10 8 -10 -11 -12 -13 -14 -15 -16 -17 17 29 -20 24 23 22 -24 -25 -26 26 27 -29 -30 -31
leaf_value=-2.086985101013017e-07 -1.0939366103579486e-06 -9.3363467013052328e-09 0.00011379666916486731 0.00021164249078068462 9.276846537152269e-06 -3.1427000480366288e-06 6.6761596686426566e-05 -0.00076422361176223393 -0.00026258261213386592 -5.8319401322448623e-06 3.6165216058809614e-05 2.1540255108565278e-05 -6.7379798700917266e-06 1.8176445153450517e-07 -8.9035814276883229e-09 8.1711437782683305e-08 6.3526084314914415e-06 0 -4.4213412685928865e-05 0 -3.6276997214004852e-09 7.5902448069069606e-05 -1.5029477636766132e-05 -7.8118950219965412e-06 -0.26155619559658877 0.022047116681405046 0.15699884960903177 0.016240204642492272 -0.00039069792710648703 0.44855834763871488
leaf_weight=669818 27072 2066 2754 2155 5660 1881 8750 11500 1498 7966 2019 10744 208 17043 4069 1088 3105 672359 10429 490825 1869 7411 894 2630 14195 46126 2410 6666 1325 12155
leaf_count=669818 27072 2066 2754 2155 5660 1881 8750 11500 1498 7966 2019 10744 208 17043 4069 1088 3105 672359 10429 490825 1869 7411 894 2630 14195 46126 2410 6666 1325 12155
internal_value=-0.0161984 -0.0458465 -0.0474958 -0.000649348 -0.00101039 0.00856455 0.0310468 -0.0353032 -0.043122 -0.0477474 0.0401704 0.000920245 0.0476446 0.000407978 -0.0132701 0.00513633 -0.000603806 -0.00150384 -0.0189892 0.000479387 0.0112381 0.0234694 0.0353823 -0.0267282 0.000125635 0.000418378 0.00587065 0.0242236 0.000522088 -0.00115812
internal_weight=2.04869e+06 704804 680538 1.34389e+06 1.29321e+06 50674 12858 15153 12998 677784 10977 37816 8958 24266 7223 3154 1.27806e+06 698048 13534 580011 18464 13965 8305 4499 561547 547352 56527 10401 3735 684514
internal_count=2048690 704804 680538 1343886 1293212 50674 12858 15153 12998 677784 10977 37816 8958 24266 7223 3154 1278059 698048 13534 580011 18464 13965 8305 4499 561547 547352 56527 10401 3735 684514
is_linear=0
shrinkage=0.05


Tree=256
num_leaves=31
num_cat=0
split_feature=16 15 18 18 15 15 16 15 15 16 12 16 16 18 18 2 18 18 17 1 2 1 0 0 18 16 18 17 17 1
split_gain=387624 33226.6 19969.8 2642.65 2701.13 2064.97 6336.08 4012.56 2967.4 2715.69 2166.07 1357.44 1303.33 1179.78 1623.75 1921.02 1032.4 939.903 860.545 8426.27 4796.65 1520.3 883.828 1049 630.331 758.497 576.25 563.017 1650.21 580.659
threshold=-0.8691775211602395 -0.74147133905778595 -0.11805555555555554 0.66709956709956719 -0.49827586206896546 -0.99693251533742322 -0.1451758081814003 -1.0000000180025095e-35 -0.40070422535211264 -0.62084420919083605 -1.0000000180025095e-35 -0.72921861616065475 -0.26433425943349226 -0.095454545454545445 -0.081415620641562048 -0.8783796973249266 -0.095454545454545445 -0.22499999999999998 1.0000000180025095e-35 0.25881904510252057 -0.60785761079279388 1.0000000180025095e-35 0.91597561503675362 0.98296291314453421 -0.046822076110779036 0.5824587912087914 0.6207344379758174 24.500000000000004 23.500000000000004 -0.5
decision_type=8 8 10 8 8 8 10 8 10 8 2 10 8 10 10 2 10 8 10 2 2 2 2 2 8 10 8 10 10 2
left_child=1 2 -1 -3 -5 6 9 8 -7 11 -10 17 26 -4 15 -15 -12 -2 19 20 21 -14 -22 -24 25 -8 -9 28 -16 -30
right_child=5 3 13 4 -6 7 24 12 10 -11 16 -13 18 14 27 -17 -18 -19 -20 -21 22 -23 23 -25 -26 -27 -28 -29 29 -31
leaf_value=-1.9826358459429373e-07 -3.822014258303419e-07 5.8630582056018454e-08 2.8762623491829233e-07 -2.9855650456322991e-06 5.6707595382954334e-05 -1.4869829811914315e-08 -6.0941206194709005e-07 -2.8759109948861553e-05 3.4356955255869131e-05 1.4265056671347589e-06 -0.00072601243117412229 -7.6790490183276111e-08 -7.4213002708967147e-06 7.7037143197955523e-08 4.0906133371709788e-07 -3.9583578914648143e-09 -0.00015223255245083722 2.8340099711421374e-09 0 -4.200274205163243e-05 7.2107325665616117e-05 1.1627215156626974e-05 -1.4278003754927824e-05 4.270036481484537e-06 -1.7129358166112497e-06 -0.00014705746613448146 0.00011585071735601972 0.00027059087721421627 2.2566232062981584e-07 -2.3744445142304117e-07
leaf_weight=652079 534 9834 2154 1116 8222 12672 2884 942 2960 12345 10665 1635 2645 677 3764 2369 1214 3062 1280729 8345 6591 451 618 582 7407 4538 3478 2006 311 1861
leaf_count=652079 534 9834 2154 1116 8222 12672 2884 942 2960 12345 10665 1635 2645 677 3764 2369 1214 3062 1280729 8345 6591 451 618 582 7407 4538 3478 2006 311 1861
internal_value=-0.0160883 -0.0467954 -0.0486657 0.0180993 0.0371493 -0.000684235 0.0117868 -0.000987655 -0.0198848 0.0320949 -0.0350596 0.00190212 -0.000589092 0.0123573 0.00572443 -0.0253119 -0.0445955 0.0190768 -0.000681251 -0.0111793 0.0177965 -0.0348514 0.0387178 -0.00075 -0.0122834 -0.0225815 0.0265158 0.0176278 0.00988881 -0.0248158
internal_weight=2.04869e+06 684393 665221 19172 9338 1.3643e+06 32405 1.33189e+06 27511 17576 14839 5231 1.30438e+06 13142 10988 3046 11879 3596 1.29996e+06 19232 10887 3096 7791 1200 14829 7422 4420 7942 5936 2172
internal_count=2048690 684393 665221 19172 9338 1364297 32405 1331892 27511 17576 14839 5231 1304381 13142 10988 3046 11879 3596 1299961 19232 10887 3096 7791 1200 14829 7422 4420 7942 5936 2172
is_linear=0
shrinkage=0.05


Tree=257
num_leaves=31
num_cat=0
split_feature=15 17 12 15 12 15 17 17 15 5 17 15 17 5 17 1 1 15 1 1 17 15 17 11 10 13 5 5 11 17
split_gain=371636 25095.4 4954.44 1596.78 6878.04 2162.69 1262.89 1076.65 1053.27 2232.27 981.762 725.432 827.892 890.26 659.811 631.229 596.777 904.287 499.284 390.843 2220.4 627.712 3084.96 1141.51 507.772 499.041 472.24 438.866 1615.19 502.51
threshold=-0.74147133905778595 8.5000000000000018 -0.74999999999999989 -1.0000000180025095e-35 -1.0000000180025095e-35 -0.49827586206896546 3.5000000000000004 4.5000000000000009 -1.0000000180025095e-35 -1.0000000180025095e-35 8.5000000000000018 -0.40070422535211264 1.0000000180025095e-35 -1.0000000180025095e-35 1.0000000180025095e-35 0.98296291314453421 0.25881904510252057 -0.96326902320561236 0.25881904510252057 0.78656609248549303 1.0000000180025095e-35 1.0000000180025095e-35 122.50000000000001 1.0000000180025095e-35 473.50000000000006 2.4032561733691686 405.50000000000006 1.0000000180025095e-35 -0.49999999999999994 25.500000000000004
decision_type=8 10 2 8 2 10 10 10 10 2 10 10 10 2 10 2 2 10 2 2 10 10 10 2 2 2 2 2 2 10
left_child=1 2 14 4 7 -6 -7 11 9 15 -9 -2 13 -13 16 -5 -1 -18 -4 24 -21 22 23 -22 26 -26 -10 28 29 -23
right_child=3 -3 18 8 5 6 -8 10 19 -11 -12 12 -14 -15 -16 -17 17 -19 -20 20 21 27 -24 -25 25 -27 -28 -29 -30 -31
leaf_value=-1.8835040536679949e-07 1.0680547049002343e-07 7.3185286042498642e-08 0.00031878997534286381 9.2930039095673333e-05 0.00026992600721652353 -0.00068971180961541613 0.0010157180048425696 -4.1173974394681512e-06 0 -0.00017300183804270787 5.8388426302347092e-06 5.3872215613803845e-05 -2.6389688073069629e-05 -0.00038507124240480967 -1.8835040536679949e-07 -4.3009437740049174e-06 -1.8835040536679949e-07 -3.8512080875185983e-06 -0.00021493583627115733 -3.9902604949050806e-05 4.9748099707631717e-05 5.6818757185272961e-05 -0.00071358852344941318 -0.03989609260028526 -0.028128438985626759 -1.3044322922882516 0.42682550099418964 0 -0.00013677884914697785 -3.3375088868692342e-07
leaf_weight=366301 4476 26810 2616 4084 2112 11726 1157 1495 1017118 7492 3315 4210 772 793 31127 192 275500 1600 850 4622 5179 1758 1838 464 6406 2707 3508 248357 7061 3044
leaf_count=366301 4476 26810 2616 4084 2112 11726 1157 1495 1017118 7492 3315 4210 772 793 31127 192 275500 1600 850 4622 5179 1758 1838 464 6406 2707 3508 248357 7061 3044
internal_value=-0.0161112 -0.0455173 -0.0473935 -0.000689084 -0.0120841 -0.0360554 -0.0437437 0.0117821 -0.000428404 0.014463 -0.00773389 0.0209394 0.0326494 0.0400859 -0.0476999 0.0432881 -0.0480438 -0.046293 0.0122331 -0.000562992 -0.00224751 -0.00165427 0.0126253 0.0309498 -0.000117506 -0.0118677 -1.25903e-05 -0.00206479 -0.01146 0.0109121
internal_weight=2.04869e+06 704804 677994 1.34389e+06 30056 14995 12883 15061 1.31383e+06 11768 4810 10251 5775 5003 674528 4276 643401 277100 3466 1.30206e+06 272323 267701 7481 5643 1.02974e+06 9113 1.02063e+06 260220 11863 4802
internal_count=2048690 704804 677994 1343886 30056 14995 12883 15061 1313830 11768 4810 10251 5775 5003 674528 4276 643401 277100 3466 1302062 272323 267701 7481 5643 1029739 9113 1020626 260220 11863 4802
is_linear=0
shrinkage=0.05


Tree=258
num_leaves=31
num_cat=0
split_feature=16 15 15 15 16 15 15 12 16 16 16 12 2 1 16 10 5 15 15 5 0 13 16 11 5 16 5 16 5 15
split_gain=385684 33132.1 1833.34 1748.52 5828.08 3941.32 3009.99 2166.84 1539.08 1706.02 1323.22 974.548 681.609 568.009 1802.33 445.863 629.571 442.313 647.454 433.956 426.171 425.437 410.142 407.118 391.596 445.775 691.44 1218.2 659.332 1158.43
threshold=-0.8691775211602395 -0.74147133905778595 -0.74147133905778595 -0.99693251533742322 -0.23992033006117511 -1.0000000180025095e-35 -0.40070422535211264 -1.0000000180025095e-35 -0.62084420919083605 -0.72921861616065475 -0.26433425943349226 1.0833333333333337 -0.60785761079279388 0.78656609248549303 1.0000000180025095e-35 454.50000000000006 405.50000000000006 -0.49827586206896546 0.078222778473091378 -1.0000000180025095e-35 0.98296291314453421 4.9777156621411853 0.21688681631710352 -1.0000000180025095e-35 518.50000000000011 1.0012315270935963 16.500000000000004 15.278781333539966 25.500000000000004 30.281650641025646
decision_type=8 8 10 8 10 8 10 2 8 10 8 2 2 2 8 2 2 10 10 2 2 2 8 2 2 10 2 10 2 8
left_child=1 -1 -3 4 8 6 -5 22 9 20 19 -9 17 15 -15 16 -12 -4 -19 -7 -2 -17 -8 -10 25 -16 -27 -28 -29 -30
right_child=3 2 12 5 -6 10 7 11 23 -11 13 -13 -14 14 24 21 -18 18 -20 -21 -22 -23 -24 -25 -26 26 27 28 29 -31
leaf_value=-1.7893288509762686e-07 1.2109829738982115e-08 8.8283537140887441e-05 -2.1210266777538235e-06 -4.7088180521459581e-09 -1.5616678074387157e-05 -3.2950390110120241e-05 9.5782132953203824e-05 -0.0006552262191346454 1.3645979040410873e-06 -6.3533445404662106e-08 0 0.0024301942994741535 -1.8893445564716062e-07 -3.7907474701598262e-05 0 -0.043523995286727769 0.57301900711272535 5.1178604833113095e-05 1.0734026794079199e-06 0.00011005818148822067 -0.015322705347140104 -1.5856259699465114 -0.00041555329507438348 -0.027581173359366298 0.19654038608720159 -0.00033900011497338585 0.028197324141124015 -0.0042240001685541987 0.0049658826688279596 -0.0021817847332876285
leaf_weight=665221 3268 3946 1264 12672 15359 627 2015 11054 11596 1635 1014127 825 7300 6023 122812 8099 2579 4281 2381 3793 328 2134 945 219 2849 54698 7429 7789 6353 65069
leaf_count=665221 3268 3946 1264 12672 15359 627 2015 11054 11596 1635 1014127 825 7300 6023 122812 8099 2579 4281 2381 3793 328 2134 945 219 2849 54698 7429 7789 6353 65069
internal_value=-0.0161407 -0.0467709 0.0180315 -0.000775198 0.0107005 -0.0010544 -0.019783 -0.0350664 0.0308283 0.0082489 -0.000659393 -0.0446039 0.0101603 -0.000752253 -0.00277926 -0.000213352 -0.000108832 0.0203129 0.0254578 0.0266516 0.0275028 -0.0105981 0.00320946 0.0408252 -0.00216911 -0.00236797 -0.00428264 -0.00150392 -0.00331961 -0.00181317
internal_weight=2.04869e+06 684393 19172 1.3643e+06 32405 1.33189e+06 27511 14839 17046 5231 1.30438e+06 11879 15226 1.29996e+06 273022 1.02694e+06 1.01671e+06 7926 6662 4420 3596 10233 2960 11815 266999 264150 141338 86640 79211 71422
internal_count=2048690 684393 19172 1364297 32405 1331892 27511 14839 17046 5231 1304381 11879 15226 1299961 273022 1026939 1016706 7926 6662 4420 3596 10233 2960 11815 266999 264150 141338 86640 79211 71422
is_linear=0
shrinkage=0.05


Tree=259
num_leaves=31
num_cat=0
split_feature=16 15 18 18 15 15 18 15 15 12 16 18 17 4 0 16 17 18 17 16 16 0 0 0 16 4 0 18 18 5
split_gain=386192 32581.8 26888.4 2770.05 2701.13 2072.77 6750.38 4012 3012.43 2168.36 1307.43 1021.95 876.72 2703.43 1778.33 869.955 970.563 961.322 1191.94 846.972 1978.27 839.257 715.907 768.015 625.712 615.908 612.224 586.297 559.719 547.608
threshold=-0.8691775211602395 -0.74147133905778595 -0.11805555555555554 0.66709956709956719 -0.49827586206896546 -0.99693251533742322 0.83349834983498361 -1.0000000180025095e-35 -0.40070422535211264 -1.0000000180025095e-35 -0.26433425943349226 -0.095454545454545445 1.0000000180025095e-35 1.0000000180025095e-35 -0.9159756150367534 0.21688681631710352 5.5000000000000009 -0.046822076110779036 5.5000000000000009 -0.62084420919083605 -0.72921861616065475 0.98296291314453421 0.98296291314453421 0.91597561503675362 -0.3567892503536067 1.0000000180025095e-35 0.98296291314453421 -0.095454545454545445 0.6207344379758174 -1.0000000180025095e-35
decision_type=8 8 10 8 8 8 8 8 10 2 8 10 10 2 2 10 10 10 10 8 10 2 2 2 8 2 2 10 8 2
left_child=1 2 -1 -3 -5 6 15 8 -7 -10 28 -11 13 14 -12 16 24 18 -17 20 -8 -15 23 -16 -2 -19 -20 -4 -9 -6
right_child=5 3 27 4 29 7 19 10 9 11 12 -13 -14 21 22 17 -18 25 26 -21 -22 -23 -24 -25 -26 -27 -28 -29 -30 -31
leaf_value=-1.6998624084441085e-07 -1.2536057604761731e-07 -4.3811086625211715e-07 2.785323031329057e-07 -2.7355757329872167e-06 4.8619674591454667e-05 -4.4733771520366618e-09 1.150433824870234e-08 -2.5673634945916347e-05 4.7103562965655971e-05 -0.00062246490817791317 4.6504125072086721e-05 -0.00010320591960693293 0 -8.8413187103125076e-06 -3.6012100966518349e-05 3.7652935923138121e-05 4.6894706914657472e-06 4.0486659312111154e-06 -0.00016362618218564441 1.2963680088406982e-06 -6.035677313498411e-08 1.1045854398795624e-05 4.0565346574103103e-06 -1.3564103567181431e-05 2.1130996513685218e-07 -0.00012900736747891163 0.00018864432159354516 7.9061388691403786e-08 0.0001045552724138088 -0.006398352816680249
leaf_weight=652079 2175 9834 2154 1116 7861 12672 2992 942 2960 10665 1915 1214 1280729 5156 10150 510 2566 5457 4650 9820 1087 241 582 1188 866 1621 661 10988 3478 361
leaf_count=652079 2175 9834 2154 1116 7861 12672 2992 942 2960 10665 1915 1214 1280729 5156 10150 510 2566 5457 4650 9820 1087 241 582 1188 866 1621 661 10988 3478 361
internal_value=-0.0159661 -0.0466164 -0.0484685 0.0176455 0.0371493 -0.000590487 0.011904 -0.000894479 -0.0197903 -0.0350799 -0.000495944 -0.0446208 -0.000588248 -0.0111845 0.000524033 -0.00787312 0.00856965 -0.0150205 -0.0300722 0.0382366 0.0190856 -0.0411988 -0.00666107 -0.00943729 -0.0105393 -0.00264199 -0.0370834 0.0223406 0.0266516 0.0470567
internal_weight=2.04869e+06 684393 665221 19172 9338 1.3643e+06 32405 1.33189e+06 27511 14839 1.30438e+06 11879 1.29996e+06 19232 13835 18506 5607 12899 5821 13899 4079 5397 11920 11338 3041 7078 5311 13142 4420 8222
internal_count=2048690 684393 665221 19172 9338 1364297 32405 1331892 27511 14839 1304381 11879 1299961 19232 13835 18506 5607 12899 5821 13899 4079 5397 11920 11338 3041 7078 5311 13142 4420 8222
is_linear=0
shrinkage=0.05


Tree=260
num_leaves=31
num_cat=0
split_feature=16 15 18 18 15 15 18 15 15 12 16 18 18 2 18 17 1 2 1 16 16 16 18 17 17 2 16 5 18 17
split_gain=388794 32749.6 20863.2 2770.05 2701.13 1963.06 6928.75 4011.01 3012.43 2168.36 1238.84 1085.69 1800.68 1921.02 1021.95 875.872 8426.27 4796.65 1520.3 846.972 1978.27 826.969 1010.61 1218.45 919.727 607.981 600.863 547.608 536.264 507.077
threshold=-0.8691775211602395 -0.74147133905778595 -0.11805555555555554 0.66709956709956719 -0.49827586206896546 -0.99693251533742322 0.83349834983498361 -1.0000000180025095e-35 -0.40070422535211264 -1.0000000180025095e-35 -0.26433425943349226 -0.095454545454545445 -0.081415620641562048 -0.8783796973249266 -0.095454545454545445 1.0000000180025095e-35 0.25881904510252057 -0.60785761079279388 1.0000000180025095e-35 -0.62084420919083605 -0.72921861616065475 0.21688681631710352 -0.046822076110779036 5.5000000000000009 7.5000000000000009 -0.60785761079279388 -0.3567892503536067 -1.0000000180025095e-35 0.6207344379758174 106.00000000000001
decision_type=8 8 10 8 8 8 8 8 10 2 8 10 10 2 10 10 2 2 2 8 10 10 10 10 10 2 8 2 8 10
left_child=1 2 -1 -3 -5 6 21 8 -7 -10 28 -4 13 -13 -11 16 17 18 -12 20 -8 24 23 -23 26 -24 -2 -6 -9 -27
right_child=5 3 11 4 27 7 19 10 9 14 15 12 -14 -15 -16 -17 -18 -19 -20 -21 -22 22 25 -25 -26 29 -28 -29 -30 -31
leaf_value=-1.6148692880135762e-07 -1.1909254724606911e-07 -4.1620532293951133e-07 2.6460568797181949e-07 -2.5987969463403541e-06 4.618869086188138e-05 -4.2497082963777187e-09 1.0929121341263227e-08 -2.4389953198622474e-05 4.474838481737317e-05 -0.00059134166276901751 -6.6081693218362541e-06 7.4519596560129744e-08 3.899425775499843e-07 -2.4261294806482428e-09 -9.8045623626588643e-05 0 -3.8739154521761946e-05 7.0302564430661232e-05 1.0493561678855842e-05 1.2315496083936674e-06 -5.7338934478234908e-08 3.5770289126979551e-05 -0.00012255699910496687 -0.00013848777553743808 4.455018795157528e-06 2.5352222429408934e-05 2.0074446688278513e-07 -0.006078435175846237 9.9327508793117805e-05 -1.9985217258122746e-05
leaf_weight=652079 2175 9834 2154 1116 7861 12672 2992 942 2960 10665 2645 677 7942 2369 1214 1280729 8345 7791 451 9820 1087 510 1621 5311 2385 4359 1047 361 3478 1098
leaf_count=652079 2175 9834 2154 1116 7861 12672 2992 942 2960 10665 2645 677 7942 2369 1214 1280729 8345 7791 451 9820 1087 510 1621 5311 2385 4359 1047 361 3478 1098
internal_value=-0.0160283 -0.0467817 -0.0486385 0.0176455 0.0371493 -0.000600969 0.0115584 -0.000896807 -0.0197903 -0.0350799 -0.000498321 0.0137346 0.00737168 -0.0253119 -0.0446208 -0.000588171 -0.0111793 0.0177965 -0.0348514 0.0382366 0.0190856 -0.00847833 -0.0154469 -0.0308796 0.00755306 -0.00275502 -0.00986965 0.0470567 0.0259276 0.00523181
internal_weight=2.04869e+06 684393 665221 19172 9338 1.3643e+06 32405 1.33189e+06 27511 14839 1.30438e+06 13142 10988 3046 11879 1.29996e+06 19232 10887 3096 13899 4079 18506 12899 5821 5607 7078 3222 8222 4420 5457
internal_count=2048690 684393 665221 19172 9338 1364297 32405 1331892 27511 14839 1304381 13142 10988 3046 11879 1299961 19232 10887 3096 13899 4079 18506 12899 5821 5607 7078 3222 8222 4420 5457
is_linear=0
shrinkage=0.05


Tree=261
num_leaves=31
num_cat=0
split_feature=15 18 12 15 12 15 15 18 5 10 18 5 18 18 2 0 0 0 15 18 15 12 0 0 18 18 0 12 0 0
split_gain=370921 24245.7 4047.21 2083.78 5437.66 2502.03 1637.85 2276.86 1253.85 1242.32 2720.8 1117.53 957.533 562.71 1810.25 712.984 529.101 780.79 514.858 1033.79 509.673 811.686 574.725 546.827 479.878 429.723 373.443 370.536 545.997 465.045
threshold=-0.81043557168784008 -0.11805555555555554 -0.74999999999999989 -1.0000000180025095e-35 -1.0000000180025095e-35 -0.49827586206896546 -0.49827586206896546 -0.0088569976146717216 3.5000000000000004 -1.0000000180025095e-35 inf -1.0000000180025095e-35 -0.11805555555555554 -1.0000000180025095e-35 -0.60785761079279388 0.98296291314453421 0.98296291314453421 0.91597561503675362 -0.74147133905778595 -0.22499999999999998 1.0000000180025095e-35 9.9166666666666696 0.91597561503675362 -0.37940952255126065 -0.11805555555555554 -0.11805555555555554 -0.98296291314453399 0.58333333333333337 -0.37940952255126065 -0.5
decision_type=8 10 2 8 2 10 10 8 2 2 8 2 8 10 2 2 2 2 10 8 8 2 2 2 10 10 2 2 2 2
left_child=1 2 12 4 6 -6 18 24 -7 10 -5 -9 -1 14 15 -11 17 26 25 -20 21 22 23 -15 -8 -2 -16 28 29 -22
right_child=3 -3 -4 9 5 8 7 11 -10 13 -12 -13 -14 20 16 -17 -18 -19 19 -21 27 -23 -24 -25 -26 -27 -28 -29 -30 -31
leaf_value=-1.5341258235990196e-07 -1.5341258235990196e-07 7.0793616735453921e-08 0.00020157878265760767 3.5471989649926707e-06 0.00019619526885652626 -0.00056177457963056665 -2.1506511514424178e-05 4.5894119265954553e-05 0.060238419400925808 -6.2777608557444414e-06 7.9128942011175152e-05 -0.00084391672838605265 -1.5341258235990196e-07 -9.6573015300780406e-06 6.5908021491583639e-05 9.9688835949130507e-06 3.3857970300673279e-07 -1.640102661035542e-05 1.5362772920468615e-07 -2.4688570990250016e-06 -1.6994111639465976e-06 -0.033175997907417751 -5.5917161158558085e-06 1.7891529208742128e-05 5.5629031782022944e-06 0.00011909037088333464 3.673771154452887e-06 0 -1.2261079047432044e-05 9.978293991206852e-06
leaf_weight=29922 2325 27040 2228 31369 2769 12059 1837 4868 824 6451 4402 920 642354 3127 848 292 673 1447 1435 3799 26081 935 3743 12025 2202 278 13880 1177073 27371 4113
leaf_count=29922 2325 27040 2228 31369 2769 12059 1837 4868 824 6451 4402 920 642354 3127 848 292 673 1447 1435 3799 26081 935 3743 12025 2202 278 13880 1177073 27371 4113
internal_value=-0.0160517 -0.0455334 -0.0473945 -0.000698774 -0.0130478 -0.0345068 0.00596694 0.0195634 -0.0437747 -0.000385628 0.00880462 0.0396683 -0.0476175 -0.00064285 -0.00829342 -0.0301869 0.000468898 -0.00133849 -0.011082 -0.00204433 -0.000498976 0.00745335 0.00970363 0.0140378 -0.00924734 -0.0292547 0.00210483 -0.000626702 -0.00454356 9.27337e-05
internal_weight=2.04869e+06 701544 674504 1.34715e+06 33316 15652 17664 9827 12883 1.31383e+06 35771 5788 672276 1.27806e+06 23591 6743 16848 16175 7837 5234 1.25447e+06 19830 18895 15152 4039 2603 14728 1.23464e+06 57565 30194
internal_count=2048690 701544 674504 1347146 33316 15652 17664 9827 12883 1313830 35771 5788 672276 1278059 23591 6743 16848 16175 7837 5234 1254468 19830 18895 15152 4039 2603 14728 1234638 57565 30194
is_linear=0
shrinkage=0.05


Tree=262
num_leaves=31
num_cat=0
split_feature=18 12 17 1 0 2 1 5 18 5 1 10 5 11 1 3 1 2 9 2 2 1 10 17 1 0 18 18 17 17
split_gain=364156 11273.8 2557.05 2073.68 909.693 908.03 638.799 522.156 300.39 278.835 276.079 269.484 301.635 264.09 263.196 300.616 237.663 521.149 233.229 229.647 228.406 217.867 380.422 636.845 1470.73 820.297 704.354 696.961 612.483 1291.31
threshold=-0.11805555555555554 -0.91666666666666663 1.0000000180025095e-35 0.25881904510252057 0.98296291314453421 -0.60785761079279388 0.1294095225512602 -1.0000000180025095e-35 -0.095454545454545445 710.50000000000011 0.1294095225512602 626.50000000000011 560.50000000000011 -1.0000000180025095e-35 -0.70710678118654757 0.81174490092936691 0.25881904510252057 -0.60785761079279388 -1.0000000180025095e-35 -1.0000000180025095e-35 -0.60785761079279388 -0.5 2.5000000000000004 16.500000000000004 0.25881904510252057 0.37940952255126054 0.91473032238208829 0.92687617260788013 14.500000000000002 88.500000000000014
decision_type=10 2 10 2 2 2 2 2 10 2 2 2 2 2 2 2 2 2 2 2 2 2 2 10 2 2 10 10 10 10
left_child=1 2 16 4 5 6 -3 18 14 11 -9 12 21 -5 -2 -16 19 -18 -7 -1 -4 -10 28 24 27 -26 -27 -24 -23 -30
right_child=8 3 20 13 -6 7 -8 10 9 -11 -12 -13 -14 -15 15 -17 17 -19 -20 -21 -22 22 23 -25 25 26 -28 -29 29 -31
leaf_value=-1.4574195323913132e-07 -6.1402193302639854e-07 -5.9638728129572199e-06 -1.4574195323913132e-07 -2.6963658337375575e-06 3.2165071785639613e-07 -5.8810576725853998e-06 2.1488892541047545e-05 -0.00053368585064903829 0 0.61204834768853977 -3.5944113062239788e-06 -0.10811472651049031 0.7264275414104816 -3.6985885353396491e-05 2.4783572273312514e-07 -0.00010650793508639734 -1.4574195323913132e-07 -1.4574195323913132e-07 0.00017204843967162932 -1.4574195323913132e-07 -1.4574195323913132e-07 0 -0.0047638461977891622 -0.001566096501351666 -0.0030462648455948818 -0.0038986920901071366 -0.0011558785850763087 0.0016693144210840672 1.2519297477385058e-05 -7.9667026320179307e-05
leaf_weight=167268 1636 3977 10943 511 1104 237 356 19391 430029 960 1054 3926 1108 10993 5060 739 80484 199426 980 206691 26721 415168 17825 317574 30334 8715 10842 12624 48359 13655
leaf_count=167268 1636 3977 10943 511 1104 237 356 19391 430029 960 1054 3926 1108 10993 5060 739 80484 199426 980 206691 26721 415168 17825 317574 30334 8715 10842 12624 48359 13655
internal_value=-0.0160043 -0.0443327 -0.0458006 -0.0180362 -0.0104856 -0.0123735 -0.0332679 -0.00819407 -0.000317659 -0.000374489 -0.010088 -0.000394227 -0.000354914 -0.0358223 0.0097041 0.0147008 -0.0465303 -0.0454285 0.0236237 -0.0473551 -0.0331324 -0.000377052 -0.000829909 -0.00197153 -0.00594847 -0.0112335 -0.0192182 0.00271109 0.000122071 0.00475699
internal_weight=2.04869e+06 730136 691533 38603 27099 25995 4333 21662 1.31855e+06 1.31112e+06 20445 1.31016e+06 1.30623e+06 11504 7435 5799 653869 279910 1217 373959 37664 1.30512e+06 875096 397914 80340 49891 19557 30449 477182 62014
internal_count=2048690 730136 691533 38603 27099 25995 4333 21662 1318554 1311119 20445 1310159 1306233 11504 7435 5799 653869 279910 1217 373959 37664 1305125 875096 397914 80340 49891 19557 30449 477182 62014
is_linear=0
shrinkage=0.05


Tree=263
num_leaves=31
num_cat=0
split_feature=16 15 17 17 15 17 15 15 15 17 17 10 16 16 16 17 17 2 2 0 11 16 16 17 17 2 0 0 0 16
split_gain=394546 33486.1 12637.3 2926.11 2192.96 6330.86 3214.53 3926.04 2184.39 2090.25 2061.07 1965.71 1229.12 893.808 1983.94 888.495 882.764 2703.43 867.14 839.257 587.399 559.169 847.879 692.065 1179.26 580.849 537.612 534.526 487.634 428.88
threshold=-0.8691775211602395 -0.74147133905778595 8.5000000000000018 107.50000000000001 -0.99693251533742322 107.50000000000001 -1.0000000180025095e-35 -0.40070422535211264 -0.49827586206896546 10.500000000000002 24.500000000000004 -1.0000000180025095e-35 -0.26433425943349226 -0.62084420919083605 -0.72921861616065475 1.0000000180025095e-35 1.0000000180025095e-35 -0.60785761079279388 -0.60785761079279388 0.98296291314453421 -0.83333333333333315 0.21688681631710352 -0.41457702633232413 6.5000000000000009 21.500000000000004 -0.60785761079279388 0.98296291314453421 0.98296291314453421 -0.98296291314453399 -0.59041875477788153
decision_type=8 8 10 8 8 8 8 10 8 10 10 2 8 8 10 10 10 2 2 2 2 10 8 10 10 2 2 2 2 10
left_child=1 2 -1 -3 5 21 7 29 -5 -4 18 -9 -8 14 26 -13 17 19 -11 -14 -10 22 -2 -23 -25 -26 -7 28 -19 -6
right_child=4 3 9 8 6 13 12 11 20 10 -12 15 16 -15 -16 -17 -18 27 -20 -21 -22 23 -24 24 25 -27 -28 -29 -30 -31
leaf_value=-1.384548555749543e-07 -9.8180193103258883e-08 -4.5080460672197734e-07 2.354439365914729e-07 -2.4347317575168507e-06 -2.3044844329890643e-06 2.5340392051376171e-08 8.2773794041818288e-05 5.8286959104869585e-05 4.1591837453147656e-05 3.6853835794214974e-08 0.00025641366598043723 -0.00050700155811658635 -7.4567626252699881e-06 1.1849298547583765e-06 -3.9514260968820386e-08 -0.00036630327249906894 0 8.9296912949456369e-05 -2.5905910603363227e-07 9.4543568792745789e-06 -0.0057579993262313334 6.501749119991463e-06 3.6195627692747758e-06 -0.00013836253019340884 -0.0001170586537044216 4.5878121571973912e-06 -0.014556556243729297 3.0556818196357634e-07 -3.41469074091278e-06 8.7339125267593695e-07
leaf_weight=652349 2724 9943 2196 1085 5162 2690 4420 2840 7861 3284 2006 10771 5156 9579 1078 1228 1280729 658 5386 241 283 1154 2978 4807 1615 5494 286 582 12595 7510
leaf_count=652349 2724 9943 2196 1085 5162 2690 4420 2840 7861 3284 2006 10771 5156 9579 1078 1228 1280729 658 5386 241 283 1154 2978 4807 1615 5494 286 582 12595 7510
internal_value=-0.0160474 -0.0470274 -0.048905 0.0181202 -0.000506341 0.0123453 -0.000819023 -0.0177329 0.0383953 0.000155376 -0.00898277 -0.0351877 -0.000462288 0.0382784 0.0185989 -0.0440412 -0.000551786 -0.0111845 -0.0195502 -0.0411988 0.0472741 -0.00648839 0.00657664 -0.0121882 -0.0157687 -0.00283444 0.0396505 0.000524033 -0.0015355 0.00270676
internal_weight=2.04869e+06 684393 665221 19172 1.3643e+06 32405 1.33189e+06 27511 9229 12872 10676 14839 1.30438e+06 13633 4054 11999 1.29996e+06 19232 8670 5397 8144 18772 5702 13070 11916 7109 2976 13835 13253 12672
internal_count=2048690 684393 665221 19172 1364297 32405 1331892 27511 9229 12872 10676 14839 1304381 13633 4054 11999 1299961 19232 8670 5397 8144 18772 5702 13070 11916 7109 2976 13835 13253 12672
is_linear=0
shrinkage=0.05


Tree=264
num_leaves=31
num_cat=0
split_feature=15 18 12 10 15 17 15 15 17 13 17 17 17 2 11 17 2 2 17 15 15 18 2 0 0 15 17 0 0 15
split_gain=373325 23984.8 4193.44 2237.22 7271.64 3409.58 2217.96 2179.93 1104.7 952.081 865.012 566.531 827.95 393.185 390.938 359.469 364.092 354.517 477.894 339.624 287.294 272.602 2230.31 712.984 450.16 425.706 3444.37 840.667 1082.77 649.638
threshold=-0.74147133905778595 -0.11805555555555554 -0.74999999999999989 -1.0000000180025095e-35 -1.0000000180025095e-35 318.00000000000006 -0.49827586206896546 -0.49827586206896546 1.0000000180025095e-35 1.0000000180025095e-35 1.0000000180025095e-35 12.500000000000002 26.500000000000004 -0.8783796973249266 -1.0000000180025095e-35 35.500000000000007 -0.60785761079279388 -0.60785761079279388 10.500000000000002 -0.97212509712509698 229.03278688524594 -1.0000000180025095e-35 -0.60785761079279388 0.98296291314453421 0.98296291314453421 0.078222778473091378 122.50000000000001 0.91597561503675362 -1.0000000180025095e-35 0.17992805755395685
decision_type=8 10 2 2 8 8 10 8 10 2 10 10 10 2 2 10 2 2 10 10 10 10 2 2 2 8 10 2 2 8
left_child=1 2 10 5 6 20 -5 -7 14 -9 19 13 -13 -3 -8 16 -14 18 -15 -1 -2 22 23 -6 -24 26 27 28 -23 -27
right_child=3 11 -4 4 21 7 8 9 -10 -11 -12 12 15 17 -16 -17 -18 -19 -20 -21 -22 25 24 -25 -26 29 -28 -29 -30 -31
leaf_value=-1.3153211279592904e-07 7.7184033775434813e-07 6.5999966802898776e-08 9.3480024210113033e-05 0.00017956134222969953 -5.2928410410458597e-06 -2.2163905585348419e-06 0.0017330789014232684 4.6252732290508197e-05 -0.00024871943917514905 -0.0011604234824524014 -1.3153211279592904e-07 -5.711716496992203e-07 -1.4642627040406531e-05 2.2822816698742089e-07 -0.00048165148021075705 -4.2120382015009564e-07 0.00011755117090164192 7.1084514607910879e-09 -7.6308128982294221e-09 -1.3153211279592904e-07 -0.052682879371503989 1.6747071367483342e-05 4.7427151761980866e-06 8.9816390353108492e-06 2.9028977286539753e-07 -0.0015561018866762071 -0.00072490033502831586 -5.9380951839322715e-06 2.2719208194349443e-05 0
leaf_weight=634269 38458 1215 2675 2155 6451 1842 139 9684 1498 424 31122 10558 876 494 11361 4969 1888 6876 730 9132 266 7580 16175 292 673 4329 4010 2960 9224 1226365
leaf_count=634269 38458 1215 2675 2155 6451 1842 139 9684 1498 424 31122 10558 876 494 11361 4969 1888 6876 730 9132 266 7580 16175 292 673 4329 4010 2960 9224 1226365
internal_value=-0.0160223 -0.0454952 -0.0473575 -0.000565189 -0.000969021 0.0097407 -0.0354022 0.0330879 -0.0431913 0.0422042 -0.0476053 0.000188365 -0.00492319 0.0102254 -0.0484522 0.00750679 0.0219609 0.00624691 -0.0185458 -0.0479991 0.0025359 -0.000560772 -0.00588572 -0.0301869 0.00384022 -0.000460634 0.0061664 0.0147389 0.0190669 -0.000588652
internal_weight=2.04869e+06 704804 677198 1.34389e+06 1.29321e+06 50674 15153 11950 12998 10108 674523 27606 18291 9315 11500 7733 2764 8100 1224 643401 38724 1.27806e+06 23591 6743 16848 1.25447e+06 23774 19764 16804 1.23069e+06
internal_count=2048690 704804 677198 1343886 1293212 50674 15153 11950 12998 10108 674523 27606 18291 9315 11500 7733 2764 8100 1224 643401 38724 1278059 23591 6743 16848 1254468 23774 19764 16804 1230694
is_linear=0
shrinkage=0.05


Tree=265
num_leaves=31
num_cat=0
split_feature=16 15 18 18 15 15 18 15 15 12 18 16 17 17 18 17 2 16 16 0 5 0 0 2 2 18 0 18 5 16
split_gain=390660 33305.6 18116 2954.56 2139.77 2071.96 6666.32 4014.04 3081.27 2143.14 1339.46 1173.04 1118.9 1365.9 984.053 882.559 2703.43 876.331 1959.02 839.257 538.016 534.915 534.526 517.577 1152.48 515.111 487.634 439.998 365.083 354.424
threshold=-0.8691775211602395 -0.74147133905778595 -0.11805555555555554 0.66709956709956719 -0.49827586206896546 -0.99693251533742322 0.83349834983498361 -1.0000000180025095e-35 -0.40070422535211264 -1.0000000180025095e-35 -0.095454545454545445 -0.26433425943349226 24.500000000000004 21.500000000000004 -0.095454545454545445 1.0000000180025095e-35 -0.60785761079279388 -0.62084420919083605 -0.72921861616065475 0.98296291314453421 -1.0000000180025095e-35 0.98296291314453421 0.98296291314453421 -0.60785761079279388 -0.8783796973249266 0.28006514657980464 -0.98296291314453399 -0.0088569976146717216 -1.0000000180025095e-35 0.21688681631710352
decision_type=8 8 10 8 8 8 8 8 10 2 10 8 10 10 10 10 2 8 10 2 2 2 2 2 2 8 2 8 2 10
left_child=1 2 -1 -3 -5 6 29 8 -7 27 -4 25 13 -12 -11 16 19 18 21 -13 -6 -8 26 24 -15 -9 -18 -10 -29 -2
right_child=5 3 10 4 20 7 17 11 9 14 12 15 -14 23 -16 -17 22 -19 -20 -21 -22 -23 -24 -25 -26 -27 -28 28 -30 -31
leaf_value=-1.2495550715807547e-07 3.1263437494377659e-08 -4.6685639327193054e-07 2.2288355192578992e-07 -2.1055710306083776e-06 3.7199608965965417e-05 -2.6172453104766904e-08 3.064997808888137e-08 -3.3329687467606454e-05 -7.9857353196133302e-05 -0.00045756890620021924 2.3492037204420058e-09 -6.8192824419541956e-06 0.00023771542413633109 -8.2225464607121879e-06 -0.00018638538526660753 0 8.459493154317365e-05 1.1322599676621969e-06 -3.0961942282248244e-08 8.5325570835453068e-06 -0.0054200459584051288 -0.013828721854937193 2.7577528422212766e-07 -4.6350437974407301e-07 5.4056554366754832e-05 9.0222443651366557e-05 -3.4810919626770456e-06 0.00010150248921354522 -0.00016551226153971847 -2.5079765682062274e-05
leaf_weight=652079 5607 9834 2154 1116 7861 12672 2706 822 1454 10665 4903 5156 2006 600 1214 1280729 658 9820 1087 241 361 286 582 2879 600 3598 12595 749 757 12899
leaf_count=652079 5607 9834 2154 1116 7861 12672 2706 822 1454 10665 4903 5156 2006 600 1214 1280729 658 9820 1087 241 361 286 582 2879 600 3598 12595 749 757 12899
internal_value=-0.0160246 -0.0468517 -0.0487242 0.0181202 0.038263 -0.000560289 0.0119318 -0.000864222 -0.0197648 -0.0352281 0.00939735 -0.000465585 0.00232981 -0.00521042 -0.0447134 -0.000553017 -0.0111845 0.0380999 0.0186198 -0.0411988 0.047081 0.0395053 0.000524033 -0.0265874 0.001 0.0252489 -0.0015355 0.00283784 0.0217795 -0.00772182
internal_weight=2.04869e+06 684393 665221 19172 9338 1.3643e+06 32405 1.33189e+06 27511 14839 13142 1.30438e+06 10988 8982 11879 1.29996e+06 19232 13899 4079 5397 8222 2992 13835 4079 1200 4420 13253 2960 1506 18506
internal_count=2048690 684393 665221 19172 9338 1364297 32405 1331892 27511 14839 13142 1304381 10988 8982 11879 1299961 19232 13899 4079 5397 8222 2992 13835 4079 1200 4420 13253 2960 1506 18506
is_linear=0
shrinkage=0.05


Tree=266
num_leaves=31
num_cat=0
split_feature=16 15 18 18 15 18 15 15 15 10 18 17 17 1 17 16 16 2 2 1 1 17 17 1 2 2 18 1 16 10
split_gain=391635 33345.8 17838.1 2964.23 2169.15 6494.49 4015.24 3067.68 2108.7 1973.28 1373.6 962.709 1365.9 910.411 898.562 876.331 1959.02 755.226 1080 596.924 542.421 3840.24 3584.07 3562.13 1685.45 1808.06 1401.46 1422.47 1268.68 956.243
threshold=-0.8691775211602395 -0.74147133905778595 -0.11805555555555554 0.66709956709956719 -0.99693251533742322 0.83349834983498361 -1.0000000180025095e-35 -0.40070422535211264 -0.49827586206896546 -1.0000000180025095e-35 -0.095454545454545445 24.500000000000004 21.500000000000004 -0.5 1.0000000180025095e-35 -0.62084420919083605 -0.72921861616065475 -0.60785761079279388 -0.8783796973249266 1.0000000180025095e-35 -0.12940952255126037 1.0000000180025095e-35 1.0000000180025095e-35 0.1294095225512602 -0.60785761079279388 -0.8783796973249266 -0.0088569976146717216 0.25881904510252057 -0.1451758081814003 1.0000000180025095e-35
decision_type=8 8 10 8 8 8 8 10 8 2 8 10 10 2 10 8 10 2 2 2 2 10 10 2 2 2 10 2 8 2
left_child=1 2 -1 -3 5 -2 7 -6 -5 -9 -4 12 19 -14 -11 16 -7 18 -15 -12 22 23 24 -22 25 -8 27 -23 -25 -29
right_child=4 3 10 8 6 15 20 9 -10 14 11 -13 13 17 -16 -17 -18 -19 -20 -21 21 26 -24 28 -26 -27 -28 29 -30 -31
leaf_value=-1.1870773179989414e-07 -3.1717649938700633e-07 -4.43513573605836e-07 2.117393743339413e-07 -2.0002924790762932e-06 -2.4863830450083671e-08 2.9117479183327079e-08 1.9290163892333378e-07 4.7984850074433988e-05 3.5339628517672141e-05 -0.00043469046089020832 -6.8593861091148515e-09 0.00022582965292951008 4.4060917466781649e-07 -5.8801447893386264e-06 -0.00032623286765203212 1.0756469692840831e-06 -2.9413845170633836e-08 -5.7216774037582849e-07 5.1750612289763742e-05 6.6572069745696186e-09 2.4139782093135857e-06 -1.5090099470810304e-05 0 1.7522008498596318e-07 9.3395693560227041e-05 -4.6872348668958566e-06 0 4.2384782343174448e-05 -3.0501279105787569e-05 -0.010443354132252586
leaf_weight=652079 18506 9834 2154 1116 12672 2992 1404 2840 8222 10771 1850 2006 461 540 1228 9820 1087 2538 540 3053 1968 2301 585328 1430 6579 1230 686823 7195 9105 1018
leaf_count=652079 18506 9834 2154 1116 12672 2992 1404 2840 8222 10771 1850 2006 461 540 1228 9820 1087 2538 540 3053 1968 2301 585328 1430 6579 1230 686823 7195 9105 1018
internal_value=-0.015994 -0.0468596 -0.0487332 0.0181515 -0.000510446 0.0122713 -0.000821425 -0.0197248 0.0383273 -0.035154 0.0089408 0.00178376 -0.00521042 -0.0265874 -0.0440245 0.0380999 0.0186198 -0.0350193 0 0.0125739 -0.000422729 -0.00135587 0.000691374 -0.0288211 0.0316346 -0.00216401 -0.000863428 0.0172532 -0.040356 0.0269877
internal_weight=2.04869e+06 684393 665221 19172 1.3643e+06 32405 1.33189e+06 27511 9338 14839 13142 10988 8982 4079 11999 13899 4079 3618 1080 4903 1.30438e+06 709840 594541 12503 9213 2634 697337 10514 10535 8213
internal_count=2048690 684393 665221 19172 1364297 32405 1331892 27511 9338 14839 13142 10988 8982 4079 11999 13899 4079 3618 1080 4903 1304381 709840 594541 12503 9213 2634 697337 10514 10535 8213
is_linear=0
shrinkage=0.05


Tree=267
num_leaves=31
num_cat=0
split_feature=16 15 18 18 15 18 15 15 12 15 18 18 17 17 1 16 16 3 3 1 1 17 17 1 12 16 1 17 17 15
split_gain=391424 33408.2 17838.1 2983.63 2172.78 6494.49 4022.94 3077.56 2140.86 2047.24 1373.6 994.316 962.709 1365.9 910.411 876.331 1959.02 755.226 1080 596.924 552.772 3834.8 3584.07 3562.13 1284.24 1268.68 1222.78 664.946 664.026 1853.11
threshold=-0.8691775211602395 -0.74147133905778595 -0.11805555555555554 0.66709956709956719 -0.99693251533742322 0.83349834983498361 -1.0000000180025095e-35 -0.40070422535211264 -1.0000000180025095e-35 -0.49827586206896546 -0.095454545454545445 -0.095454545454545445 24.500000000000004 21.500000000000004 -0.5 -0.62084420919083605 -0.72921861616065475 1.0000000180025095e-35 0.81174490092936691 1.0000000180025095e-35 -0.12940952255126037 1.0000000180025095e-35 1.0000000180025095e-35 0.1294095225512602 -1.0000000180025095e-35 -0.1451758081814003 0.25881904510252057 114.50000000000001 259.50000000000006 98.995145631067984
decision_type=8 8 10 8 8 8 8 10 2 8 8 10 10 10 2 8 10 2 2 2 2 10 10 2 2 8 2 10 10 8
left_child=1 2 -1 -3 5 -2 7 -6 -9 -5 -4 -10 13 19 -15 16 -7 -16 -19 -12 22 23 -8 -22 26 -25 -23 -28 29 -26
right_child=4 3 10 9 6 15 20 8 11 -11 12 -13 -14 14 17 -17 -18 18 -20 -21 21 24 -24 25 28 -27 27 -29 -30 -31
leaf_value=-1.1277234521211987e-07 -3.0131767441710092e-07 -4.2133789492360131e-07 2.0115240562113001e-07 -1.9002778551213685e-06 -2.3620638928134599e-08 2.7661605228601616e-08 8.8725908882215693e-05 7.5665112734468748e-05 -0.00041295593784569792 3.357264709178409e-05 -6.5164168061571106e-09 -0.00016075447262067224 0.00021453817028302958 4.1857871593276034e-07 -7.7994445812357158e-07 1.0218646208204341e-06 -2.794315291376748e-08 4.9163081675279722e-05 -4.7764006354533712e-07 6.3243466241758032e-09 2.2932792988479064e-06 -1.4335594497272287e-05 0 1.66459080736665e-07 0 -2.8976215150498192e-05 4.0265543226014615e-05 -4.891486895542419e-05 0.06866955939728428 -0.0039526834818296667
leaf_weight=652079 18506 9834 2154 1116 12672 2992 9213 2960 10665 8222 1850 1214 2006 461 2538 9820 1087 540 540 3053 1968 2544 585328 1430 603434 9105 7213 1260 30553 52333
leaf_count=652079 18506 9834 2154 1116 12672 2992 9213 2960 10665 8222 1850 1214 2006 461 2538 9820 1087 540 540 3053 1968 2544 585328 1430 603434 9105 7213 1260 30553 52333
internal_value=-0.0160005 -0.0468578 -0.0487332 0.0182141 -0.000521148 0.0122713 -0.000832387 -0.0197539 -0.0352079 0.0384558 0.0089408 -0.0446881 0.00178376 -0.00521042 -0.0265874 0.0380999 0.0186198 -0.0350193 0 0.0125739 -0.000433309 -0.00137531 0.000691374 -0.0288211 -0.000883217 -0.040356 0.0160525 0.02518 -0.00115507 -0.00149077
internal_weight=2.04869e+06 684393 665221 19172 1.3643e+06 32405 1.33189e+06 27511 14839 9338 13142 11879 10988 8982 4079 13899 4079 3618 1080 4903 1.30438e+06 709840 594541 12503 697337 10535 11017 8473 686320 655767
internal_count=2048690 684393 665221 19172 1364297 32405 1331892 27511 14839 9338 13142 11879 10988 8982 4079 13899 4079 3618 1080 4903 1304381 709840 594541 12503 697337 10535 11017 8473 686320 655767
is_linear=0
shrinkage=0.05


Tree=268
num_leaves=31
num_cat=0
split_feature=17 12 5 17 1 2 1 1 17 0 5 7 17 17 17 8 3 9 1 10 5 10 5 0 1 17 9 5 12 6
split_gain=350925 11518.4 5531.93 10497.1 3473.44 911.113 1277.73 910.74 814.569 716.174 607.722 598.171 429.702 575.33 425.79 332.293 324.388 296.821 296.134 278.3 260.357 290.579 374.505 359.018 308.332 592.96 1324.97 965.766 1260.65 911.208
threshold=1.0000000180025095e-35 -0.91666666666666663 -1.0000000180025095e-35 8.5000000000000018 0.25881904510252057 -0.60785761079279388 1.0000000180025095e-35 0.78656609248549303 13.500000000000002 0.91597561503675362 -1.0000000180025095e-35 -1.0000000180025095e-35 26.500000000000004 106.00000000000001 21.500000000000004 -1.0000000180025095e-35 1.0000000180025095e-35 -1.0000000180025095e-35 0.1294095225512602 -1.0000000180025095e-35 710.50000000000011 496.50000000000006 518.50000000000011 -0.25881904510252113 -0.12940952255126037 259.50000000000006 73.500000000000014 54.500000000000007 50.083333333333336 61.500000000000007
decision_type=10 2 2 10 2 2 2 2 10 2 2 2 10 10 10 2 2 2 2 2 2 2 2 2 2 10 2 2 2 2
left_child=1 -1 3 -2 5 6 -3 8 -5 10 17 -11 14 19 -9 -4 -16 -7 -12 -14 21 22 24 -23 -17 26 27 28 -26 -29
right_child=2 4 15 7 -6 9 -8 12 -10 11 18 -13 13 -15 16 20 -18 -19 -20 -21 -22 23 -24 -25 25 -27 -28 29 -30 -31
leaf_value=-1.0713372795012611e-07 -1.0713372795012611e-07 -8.8891685676618474e-06 0.034654458938359681 6.1933430595129122e-08 -3.1368159244756015e-05 -5.8011632539434203e-06 1.3659055076642446e-05 1.8502799205011302e-07 -7.5051894195543596e-07 -0.0014115291104419185 -0.00039230814095341302 2.1048905068617133e-06 3.9262407597462358e-05 -5.6220119140970585e-06 -7.4094723521711541e-07 0 4.6071656845392273e-05 0.00017959326148663248 -3.3316265172890518e-07 -0.012123947114911941 0.58037403492326689 0.33033202972791575 3.5545457789163382 -0.097162132743886798 0 0.082734756572958201 -0.0037550493077382896 0.14716581367021428 -0.065071962056028096 0.022497054698597908
leaf_weight=653869 38319 3918 2131 12672 11158 189 674 5089 32028 287 17900 1984 3425 1318 1205 569644 925 770 1054 128 960 828 377 8707 545408 22896 86311 5431 5113 13972
leaf_count=653869 38319 3918 2131 12672 11158 189 674 5089 32028 287 17900 1984 3425 1318 1205 569644 925 770 1054 128 960 828 377 8707 545408 22896 86311 5431 5113 13972
internal_value=-0.0160229 -0.0450044 -0.0012469 -0.0128752 -0.0182185 -0.0084516 -0.0287239 0.000769502 -0.00252349 -0.00425532 -0.00728921 0.022347 0.0129446 0.02442 0.00520155 -0.00037039 -0.0135681 0.0315433 -0.00925398 0.034886 -0.000403764 -0.000423616 -0.000357242 -0.00911904 -0.000372285 -0.00109184 -0.0013678 -0.000493487 -0.000879894 0.01047
internal_weight=2.04869e+06 691803 1.35689e+06 95109 37934 26776 4592 56790 44700 22184 19913 2271 12090 4871 7219 1.26178e+06 2130 959 18954 3553 1.25965e+06 1.25869e+06 1.24915e+06 9535 1.24878e+06 679131 656235 569924 550521 19403
internal_count=2048690 691803 1356887 95109 37934 26776 4592 56790 44700 22184 19913 2271 12090 4871 7219 1261778 2130 959 18954 3553 1259647 1258687 1249152 9535 1248775 679131 656235 569924 550521 19403
is_linear=0
shrinkage=0.05


Tree=269
num_leaves=31
num_cat=0
split_feature=16 15 17 17 15 17 17 15 17 1 15 4 16 1 15 12 12 1 17 0 16 5 16 16 16 4 0 16 1 17
split_gain=392620 33269.3 13702.9 3028.21 2216.05 6401.55 4599.77 2088.09 1900.31 1502.65 5832.04 3809.05 3260.82 3050.05 2129.75 2545.47 1580.56 1550.71 1464.18 972.615 680.91 586.991 586.258 564.659 968.664 547.993 535.052 482.515 433.15 409.966
threshold=-0.8691775211602395 -0.74147133905778595 8.5000000000000018 107.50000000000001 -0.99693251533742322 107.50000000000001 1.0000000180025095e-35 -0.49827586206896546 10.500000000000002 0.25881904510252057 -0.031293349653202768 1.0000000180025095e-35 -0.1451758081814003 1.0000000180025095e-35 -0.49827586206896546 -1.0000000180025095e-35 -0.58333333333333315 1.0000000180025095e-35 24.500000000000004 -0.9159756150367534 -0.60840188014101049 -1.0000000180025095e-35 -0.068633192442837485 -0.62084420919083605 -0.72921861616065475 1.0000000180025095e-35 0.98296291314453421 -0.13021432681242803 1.0000000180025095e-35 21.500000000000004
decision_type=8 8 10 8 8 8 10 8 10 2 10 2 8 2 8 2 2 2 10 2 10 2 10 8 10 2 2 10 2 10
left_child=1 2 -1 -3 5 -2 9 -5 -4 10 14 13 20 -12 16 -16 -6 27 25 -7 -11 -9 -15 24 26 29 -21 -13 -26 -10
right_child=4 3 8 7 6 19 -8 21 18 12 11 17 -14 22 15 -17 -18 -19 -20 23 -22 -23 -24 -25 28 -27 -28 -29 -30 -31
leaf_value=-1.017770415501218e-07 -2.2106683876810252e-07 -3.9491431377824959e-07 1.8799811380976196e-07 -1.8965118870728493e-06 -3.0650340683280324e-07 -2.1189308868629909e-08 0 3.189937142359378e-05 -2.0213519857925634e-09 -4.1957268799464044e-06 0.00010390502048577555 0.00035411843858216652 -3.0084348833520933e-05 0.00037555769283556582 9.1171621092800425e-05 -0.00037269273390574237 0.00045106667171473382 2.3683814178390834e-05 0.00020384878771597672 3.1635211361624725e-08 1.5457812387715234e-06 -0.0052044108539661248 -3.1650451914245992e-07 9.7612807616886963e-07 6.1833087428020412e-09 2.9165804094066772e-08 -0.013137283244458155 -6.2692227668814689e-06 -2.1189308868629909e-08 -3.5031282346054128e-07
leaf_weight=652349 18772 9943 2196 1085 2567 1282 1290741 7861 2507 1025 7211 292 9099 173 1412 10644 1828 528 2006 2596 2630 283 1129 8713 223 3284 286 2613 533 2879
leaf_count=652349 18772 9943 2196 1085 2567 1282 1290741 7861 2507 1025 7211 292 9099 173 1412 10644 1828 528 2006 2596 2630 283 1129 8713 223 3284 286 2613 533 2879
internal_value=-0.0160892 -0.0469935 -0.048865 0.0179428 -0.000586163 0.012333 -0.000900486 0.0385686 0.00222188 -0.0173568 -0.0109536 0.015637 -0.0316136 0.0335663 -0.0302626 -0.0411248 -0.000466439 -0.0288232 -0.0064912 0.0384105 0.00827633 0.0472495 -0.0368664 0.0427131 0.0261682 -0.0153979 0.0393824 -0.0431497 -0.0242063 -0.0252135
internal_weight=2.04869e+06 684393 665221 19172 1.3643e+06 32405 1.33189e+06 9229 12872 41151 28397 11946 12754 8513 16451 12056 4395 3433 10676 13633 3655 8144 1302 12351 3638 8670 2882 2905 756 5386
internal_count=2048690 684393 665221 19172 1364297 32405 1331892 9229 12872 41151 28397 11946 12754 8513 16451 12056 4395 3433 10676 13633 3655 8144 1302 12351 3638 8670 2882 2905 756 5386
is_linear=0
shrinkage=0.05


Tree=270
num_leaves=31
num_cat=0
split_feature=16 15 18 18 15 18 18 15 18 18 1 15 16 2 0 15 12 1 1 12 0 16 2 13 16 16 11 0 16 16
split_gain=392066 33280.3 13720 3057.73 2256.57 6498.57 5449.34 2045.86 1972.07 1217.37 1193.9 4754.26 3280 3034.07 2606.27 2005.29 2545.47 1650.44 1550.71 1433.49 960.594 664.418 560.384 557.025 550.021 962.055 537.578 533.866 511.402 482.515
threshold=-0.8691775211602395 -0.74147133905778595 -0.11805555555555554 0.66709956709956719 -0.99693251533742322 0.83349834983498361 inf -0.49827586206896546 -0.095454545454545445 -0.040833333333333326 0.25881904510252057 -0.031293349653202768 -0.1451758081814003 -0.60785761079279388 0.91597561503675362 -0.49827586206896546 -1.0000000180025095e-35 0.1294095225512602 1.0000000180025095e-35 -0.58333333333333315 -0.9159756150367534 -0.60840188014101049 -0.60785761079279388 1.0000000180025095e-35 -0.62084420919083605 -0.72921861616065475 -0.83333333333333315 0.98296291314453421 -0.089955224685763599 -0.13021432681242803
decision_type=8 8 10 8 8 8 8 8 10 10 2 10 8 2 2 8 2 2 2 2 2 10 2 2 8 10 2 2 10 10
left_child=1 2 -1 -3 5 -2 -6 -5 -4 22 11 15 21 18 17 19 23 -15 29 -8 -7 -12 -10 -17 25 27 -9 -22 -16 -13
right_child=4 3 8 7 6 20 10 26 9 -11 12 13 -14 14 28 16 -18 -19 -20 -21 24 -23 -24 -25 -26 -27 -28 -29 -30 -31
leaf_value=-9.6688189471505492e-08 -2.6984176236255485e-07 -3.7516859808794938e-07 1.7859820812260453e-07 -1.7050816816133187e-06 0 -2.012984342547597e-08 -2.9117823648894262e-07 3.0304402852410207e-05 2.7707513894359437e-08 0.00021407466946243847 -3.9859405359499165e-06 0.00033641251665305819 -2.8580131391844884e-05 9.8709769461486775e-05 0.00064586017453422176 0.00010359339931504783 -0.00035405809721045521 -3.0067929318533689e-07 2.2499623469471294e-05 0.00042851333812899713 3.0053450794653716e-08 1.4684921768329472e-06 -7.1725151062906894e-08 -0.00076907946235856722 9.2732167236153637e-07 -2.012984342547597e-08 -0.0048923739760923825 -0.012480419082235246 -3.1956050427701501e-06 -5.9557616285373949e-06
leaf_weight=652079 18506 9834 2154 1116 1290741 1324 2567 7861 3284 2353 1025 292 9099 6554 144 1103 10644 675 528 1828 2609 2630 5351 309 8919 761 361 286 1140 2613
leaf_count=652079 18506 9834 2154 1116 1290741 1324 2567 7861 3284 2353 1025 292 9099 6554 144 1103 10644 675 528 1828 2609 2630 5351 309 8919 761 361 286 1140 2613
internal_value=-0.0161218 -0.0470044 -0.0488762 0.0179428 -0.000629702 0.012407 -0.000946886 0.0384344 0.00170446 -0.00687113 -0.0188586 -0.013151 -0.0315666 0.0108572 0.0268589 -0.0305848 -0.0411248 0.0385185 -0.0288232 -0.00167235 0.0382438 0.00844049 -0.0155588 0.0219547 0.0425089 0.0261761 0.0470567 0.0393264 -0.038785 -0.0431497
internal_weight=2.04869e+06 684393 665221 19172 1.3643e+06 32405 1.33189e+06 9338 13142 10988 41151 28397 12754 11946 8513 16451 12056 7229 3433 4395 13899 3655 8635 1412 12575 3656 8222 2895 1284 2905
internal_count=2048690 684393 665221 19172 1364297 32405 1331892 9338 13142 10988 41151 28397 12754 11946 8513 16451 12056 7229 3433 4395 13899 3655 8635 1412 12575 3656 8222 2895 1284 2905
is_linear=0
shrinkage=0.05


Tree=271
num_leaves=31
num_cat=0
split_feature=16 17 10 17 17 1 16 2 16 1 17 16 0 0 1 17 16 1 16 17 17 16 5 1 5 1 16 1 17 16
split_gain=391742 21356.4 1907.71 5530.41 5386.99 2081.95 4638.02 4439.36 2044.09 1743.35 1546.74 1423.39 935.193 1046.53 851.752 809.616 730.548 711.646 1524.32 765.709 936.567 587.161 573.804 536.134 691.05 493.54 585.074 758.564 488.472 463.628
threshold=-0.8691775211602395 8.5000000000000018 -1.0000000180025095e-35 318.00000000000006 1.0000000180025095e-35 0.25881904510252057 -1.0000000180025095e-35 -0.60785761079279388 -0.23992033006117511 0.1294095225512602 21.500000000000004 -0.60840188014101049 0.91597561503675362 0.98296291314453421 1.0000000180025095e-35 27.500000000000004 -0.59962894248608523 0.78656609248549303 3.1650909810126584 19.500000000000004 106.00000000000001 -0.9990583804143125 -1.0000000180025095e-35 1.0000000180025095e-35 -1.0000000180025095e-35 -0.9159756150367534 -0.72921861616065475 0.1294095225512602 187.50000000000003 1.0000000180025095e-35
decision_type=8 10 2 8 10 2 10 2 8 2 10 8 2 2 2 10 10 2 10 10 10 10 2 2 2 2 10 2 10 10
left_child=1 21 3 17 5 6 16 14 -7 12 -3 25 -9 -14 -8 -12 -4 18 -2 -19 -21 -1 -18 24 28 -5 -27 -28 -20 -6
right_child=2 10 4 11 29 8 7 9 -10 -11 15 -13 13 -15 -16 -17 22 19 23 20 -22 -23 -24 -25 -26 26 27 -29 -30 -31
leaf_value=-9.1853779998762874e-08 3.1749868177000097e-06 1.6351356963983933e-07 -0.00059483784731126799 -3.7978550876394124e-06 0.00020855356647263225 1.3950675679912998e-06 -5.6579735471105257e-06 9.3774280988412443e-05 -2.7151124822252643e-05 -2.8564532852607005e-07 -4.4593428462635921e-07 8.8095558874456976e-07 -3.0358247906316428e-06 9.6984597355491481e-08 4.8784417177347361e-06 0.0001252449823436974 2.2589036854070434e-05 -2.7430924542937166e-08 -1.1360681474220648e-05 3.7517885741866767e-05 -2.5341921700999805e-05 -9.1853779998762874e-08 -0.00033635519234993246 -5.2213982195792326e-06 0.038640284773718087 2.8550778252700584e-08 8.2492663588951128e-09 -1.9123351252536836e-08 0.00019315161999992059 0
leaf_weight=661552 17361 9726 2497 469 11151 2047 2583 6133 8848 605 6756 12192 576 576 442 2448 935 4338 10335 4733 1048 3911 11023 8040 1365 4360 779 777 909 1250175
leaf_count=661552 17361 9726 2497 469 11151 2047 2583 6133 8848 605 6756 12192 576 576 442 2448 935 4338 10335 4733 1048 3911 11023 8040 1365 4360 779 777 909 1250175
internal_value=-0.0160415 -0.0469113 -0.000555817 0.00769046 -0.000979739 -0.0199793 -0.0121285 0.0124737 -0.0382607 0.032218 0.00545695 0.0308634 0.0389911 -0.00234375 -0.0390248 -0.00923512 -0.0307056 -0.00125392 -0.00439095 0.0105297 0.0224442 -0.048401 -0.0358421 -0.0135721 -0.0200056 0.0117384 0.0156525 -0.0106684 -0.024084 -0.000433472
internal_weight=2.04869e+06 684393 1.3643e+06 66706 1.29759e+06 36265 25370 10915 10895 7890 18930 18577 7285 1152 3025 9204 14455 48129 38010 10119 5781 665463 11958 20649 12609 6385 5916 1556 11244 1.26133e+06
internal_count=2048690 684393 1364297 66706 1297591 36265 25370 10915 10895 7890 18930 18577 7285 1152 3025 9204 14455 48129 38010 10119 5781 665463 11958 20649 12609 6385 5916 1556 11244 1261326
is_linear=0
shrinkage=0.05


Tree=272
num_leaves=31
num_cat=0
split_feature=16 15 18 18 18 15 15 18 17 1 15 2 16 15 5 18 1 11 1 0 2 0 0 16 16 16 10 5 0 5
split_gain=393513 32587.3 12766.1 3281.16 2140.16 2045.86 1998.74 6874.89 4517.09 1413.47 5777.27 3790.37 3276.08 2148.86 2398.3 1389.89 1383.58 1334.69 1092.63 960.594 768.346 765.298 995.688 666.377 550.021 962.055 543.655 537.578 533.866 505.56
threshold=-0.8691775211602395 -0.74147133905778595 -0.11805555555555554 0.66709956709956719 -0.095454545454545445 -0.49827586206896546 -0.99693251533742322 0.83349834983498361 1.0000000180025095e-35 0.25881904510252057 -0.031293349653202768 -0.60785761079279388 -0.16735933269920242 -0.49827586206896546 -1.0000000180025095e-35 -0.040833333333333326 0.1294095225512602 -0.49999999999999994 -0.12940952255126037 -0.9159756150367534 -0.60785761079279388 0.91597561503675362 0.98296291314453421 -0.60840188014101049 -0.62084420919083605 -0.72921861616065475 -1.0000000180025095e-35 -1.0000000180025095e-35 0.98296291314453421 -1.0000000180025095e-35
decision_type=8 8 10 8 10 8 8 8 10 2 10 2 8 8 2 10 2 2 2 2 2 2 2 10 8 10 2 2 2 2
left_child=1 2 -1 -3 -4 -5 7 -2 9 10 13 18 23 17 -15 20 21 -8 -12 -9 -6 -13 -23 -11 25 28 -16 -7 -21 -14
right_child=6 3 4 5 15 27 8 19 -10 12 11 16 29 14 26 -17 -18 -19 -20 24 -22 22 -24 -25 -26 -27 -28 -29 -30 -31
leaf_value=-8.726109099743696e-08 -2.5497812801700271e-07 -5.2699173950787608e-07 1.6149261923281701e-07 -1.6152349085307716e-06 1.8146459723755726e-08 2.8793775398783251e-05 -3.2066710409783818e-07 -1.8167183690742662e-08 0 -3.7856873415897943e-06 -7.5505622421522857e-06 8.9085566938991825e-05 5.562341317877362e-07 8.4195216523863525e-05 -0.00017411644209423181 0.00019710868687213836 -2.7136306209976656e-07 0.00045760418273269575 4.6345196318479986e-06 2.7123239343396224e-08 -4.5842179280386476e-08 -2.8840335511000609e-06 9.2135367487716918e-08 1.325314189591735e-06 8.3690780930956168e-07 -1.8167183690742662e-08 -0.00031953743273243582 -0.0046477506845987631 -0.011856399555662395 -2.6195874781924066e-05
leaf_weight=652079 18506 9834 2154 1116 3284 7861 2603 1324 1290741 1025 2639 6554 496 716 680 2353 675 1792 794 2609 5351 657 627 2497 8919 761 10660 361 286 8736
leaf_count=652079 18506 9834 2154 1116 3284 7861 2603 1324 1290741 1025 2639 6554 496 716 680 2353 675 1792 794 2609 5351 657 627 2497 8919 761 10660 361 286 8736
internal_value=-0.0161205 -0.04706 -0.0489122 0.0172074 -0.000121747 0.0384344 -0.000599869 0.0116695 -0.000898384 -0.0172061 -0.0109959 0.0154696 -0.0310334 -0.030214 -0.0411248 -0.00905533 0.0333549 -0.000284414 -0.0288814 0.0382438 -0.0183382 0.0392702 0.00397196 0.00999432 0.0425089 0.0261761 -0.0467284 0.0470567 0.0393264 -0.0466854
internal_weight=2.04869e+06 684393 665221 19172 13142 9338 1.3643e+06 32405 1.33189e+06 41151 28397 11946 12754 16451 12056 10988 8513 4395 3433 13899 8635 7838 1284 3522 12575 3656 11340 8222 2895 9232
internal_count=2048690 684393 665221 19172 13142 9338 1364297 32405 1331892 41151 28397 11946 12754 16451 12056 10988 8513 4395 3433 13899 8635 7838 1284 3522 12575 3656 11340 8222 2895 9232
is_linear=0
shrinkage=0.05


Tree=273
num_leaves=31
num_cat=0
split_feature=15 18 10 10 15 17 15 15 1 17 13 1 18 1 2 17 18 1 15 1 15 18 18 1 2 17 15 17 11 1
split_gain=374677 20782.6 2837.9 1985.34 7428.31 3884.57 2007.7 1757.03 1365.68 1117.38 951.567 829.229 770.496 5791.73 5381.25 728.352 640.293 605.829 1014.49 551.208 535.995 513.72 794.31 681.479 499.334 485.507 469.716 2540.62 1647.93 1230.01
threshold=-0.74147133905778595 -0.11805555555555554 -1.0000000180025095e-35 -1.0000000180025095e-35 -1.0000000180025095e-35 318.00000000000006 -0.49827586206896546 -0.49827586206896546 0.78656609248549303 1.0000000180025095e-35 1.0000000180025095e-35 0.98296291314453421 -0.74999999999999989 0.1294095225512602 -0.60785761079279388 1.0000000180025095e-35 -0.0088569976146717216 0.25881904510252057 -0.96326902320561236 0.1294095225512602 0.29152869757174399 -0.095454545454545445 -0.040833333333333326 1.0000000180025095e-35 -0.60785761079279388 31.500000000000004 1.0000000180025095e-35 137.00000000000003 2.8333333333333335 0.37940952255126048
decision_type=8 10 2 2 8 8 10 8 2 10 2 2 10 2 2 10 10 2 10 2 8 10 10 2 2 10 10 10 2 2
left_child=1 2 15 5 6 8 -5 -7 25 -8 11 -9 13 14 -6 17 -10 -1 -19 -4 -16 -3 -23 24 -24 -2 27 28 29 -14
right_child=3 21 19 4 12 7 9 10 16 -11 -12 -13 26 -15 20 -17 -18 18 -20 -21 -22 22 23 -25 -26 -27 -28 -29 -30 -31
leaf_value=-8.2898036446454884e-08 2.7857015492127604e-07 1.4726326019731673e-07 0.00029739954721214783 0.00017186868316791719 -2.5369044495164412e-06 -1.534473163106176e-06 -0.00030356056109581404 3.6758278605153463e-05 3.4840470933839022e-05 -0.00021304250926305058 -0.0010489182306375655 -4.2474536866565775e-07 7.1308957593477524e-05 -2.0358422439258352e-05 8.4631288592042228e-05 -8.2898036446454884e-08 -0.00012208189486914156 -8.2898036446454884e-08 -2.9151878024269441e-06 -6.3509619510460087e-06 -0.0096430394854882112 -3.9990506239817591e-08 -0.00014213964603001505 6.9700524926252788e-05 -6.2711280024441157e-08 -7.3457090861928092e-06 0 -0.00062162529992128551 -0.050311692019663214 3.3282427950914741e-05
leaf_weight=366196 23592 3340 1196 2155 3119 1842 11500 9424 4329 1498 424 260 9109 10339 7780 31116 928 275493 1586 1611 202 14170 1077 5461 3558 9875 1229586 4610 3446 9868
leaf_count=366196 23592 3340 1196 2155 3119 1842 11500 9424 4329 1498 424 260 9109 10339 7780 31116 928 275493 1586 1611 202 14170 1077 5461 3558 9875 1229586 4610 3446 9868
internal_value=-0.0161139 -0.0456401 -0.0473736 -0.000628811 -0.00100923 0.00907961 -0.0358114 0.034 0.00138932 -0.043222 0.0421844 0.0453945 -0.000596608 -0.00999534 0.0150842 -0.0475824 0.0250808 -0.0479438 -0.0461798 0.00279658 0.0368454 -0.00311526 -0.00564576 0.00507132 -0.00902913 -0.00233215 -0.00043625 0.00608331 0.0130335 0.0188096
internal_weight=2.04869e+06 704804 677198 1.34389e+06 1.29321e+06 50674 15153 11950 38724 12998 10108 9684 1.27806e+06 21440 11101 674391 5257 643275 277079 2807 7982 27606 24266 10096 4635 33467 1.25662e+06 27033 22423 18977
internal_count=2048690 704804 677198 1343886 1293212 50674 15153 11950 38724 12998 10108 9684 1278059 21440 11101 674391 5257 643275 277079 2807 7982 27606 24266 10096 4635 33467 1256619 27033 22423 18977
is_linear=0
shrinkage=0.05


Tree=274
num_leaves=31
num_cat=0
split_feature=16 18 10 17 18 1 16 2 16 1 18 1 1 13 1 16 16 1 17 17 11 16 16 16 16 17 16 16 17 17
split_gain=392823 18560.9 1439.17 5239.36 5128.15 2140.77 4565.72 4469.42 2044.09 1636.13 1348.73 1105.93 851.752 843.692 806.886 1216.8 790.067 716.644 653.512 884.317 534.123 649.58 1465.87 518.576 490.257 455.972 450.281 447.772 536.425 420.891
threshold=-0.8691775211602395 -0.11805555555555554 -1.0000000180025095e-35 1.0000000180025095e-35 0.28583959899749378 0.25881904510252057 -1.0000000180025095e-35 -0.60785761079279388 -0.23992033006117511 0.25881904510252057 -0.095454545454545445 -0.3794095225512602 1.0000000180025095e-35 1.0000000180025095e-35 0.78656609248549303 3.1650909810126584 -0.59962894248608523 1.0000000180025095e-35 19.500000000000004 106.00000000000001 -0.83333333333333315 -0.62084420919083605 -0.72921861616065475 -0.62084420919083605 -0.97092680047225488 187.50000000000003 -0.60840188014101049 1.0000000180025095e-35 2.5000000000000004 18.500000000000004
decision_type=8 10 2 10 8 2 8 2 8 2 10 2 2 2 2 10 10 2 10 10 2 10 10 10 10 10 10 10 8 10
left_child=1 -1 4 5 14 6 13 12 26 -6 24 -9 -8 16 15 23 -4 25 -16 -20 21 22 -11 -2 -3 -17 -7 28 -5 -30
right_child=2 10 3 27 9 8 7 11 -10 20 -12 -13 -14 -15 18 17 -18 -19 19 -21 -22 -23 -24 -25 -26 -27 -28 -29 29 -31
leaf_value=-7.8753134624687249e-08 -3.2576858471355944e-07 1.4605482525631431e-07 -0.00092559738059030949 0.0001947757844915965 3.6249681741429287e-06 -0.00014409606309507628 -5.479955628871577e-06 8.0399724162440124e-05 -2.3465853720080882e-05 2.991197919355315e-08 -7.8731827835021316e-09 7.6012621296813943e-07 4.5296388727314199e-06 0.0010060254197383212 -9.1655700917847592e-09 -1.0806575908256512e-05 -0.00028838253304102333 -3.4588943945979e-06 3.3681369383797846e-05 -1.844693518021079e-05 -0.0023071583770069176 7.9920732066751658e-07 -1.3113922686658342e-08 3.2750647326884597e-06 -1.2647852310410103e-05 0.00018386132445422643 2.2769696020750658e-06 0 -0.00028851561284272994 0.00060690509947657122
leaf_weight=665108 1412 3305 2450 3921 8624 463 2583 4809 8848 3514 15777 3081 442 436 4244 10504 11569 7855 4541 1039 605 7972 623 14856 203 917 1584 1250175 2864 4366
leaf_count=665108 1412 3305 2450 3921 8624 463 2583 4809 8848 3514 15777 3081 442 436 4244 10504 11569 7855 4541 1039 605 7972 623 14856 203 917 1584 1250175 2864 4366
internal_value=-0.0161243 -0.0470366 -0.000617241 -0.000985441 0.00654514 -0.0197229 -0.0117619 0.0126477 -0.0382607 0.0267598 0.00131968 0.0324588 -0.0390248 -0.0301937 -0.00296244 -0.00646804 -0.032324 -0.0149668 0.00972109 0.0209677 0.0381627 0.0404534 0.0243776 0.00360216 0.0293615 -0.0229621 0.006766 -0.000446712 0.00952829 0.00145228
internal_weight=2.04869e+06 684393 1.3643e+06 1.29759e+06 66706 36265 25370 10915 10895 21338 19285 7890 3025 14455 45368 35544 14019 19276 9824 5580 12714 12109 4137 16268 3508 11421 2047 1.26133e+06 11151 7230
internal_count=2048690 684393 1364297 1297591 66706 36265 25370 10915 10895 21338 19285 7890 3025 14455 45368 35544 14019 19276 9824 5580 12714 12109 4137 16268 3508 11421 2047 1261326 11151 7230
is_linear=0
shrinkage=0.05


Tree=275
num_leaves=31
num_cat=0
split_feature=16 15 18 18 15 15 18 17 18 1 15 2 16 15 12 12 18 1 16 16 1 16 2 13 11 16 11 17 15 17
split_gain=392852 32327.3 13825.5 3182.41 2010.83 1971.77 7326.7 4328.19 1954.27 1412.49 5816.13 3704.51 3422.09 1972.85 2566.63 1652.2 1199.37 1053.38 983.701 1942.35 824.469 562.756 539.821 533.364 526.458 499.498 483.579 463.555 497.543 423.539
threshold=-0.8691775211602395 -0.74147133905778595 -0.11805555555555554 0.66709956709956719 -0.49827586206896546 -0.99693251533742322 0.83349834983498361 1.0000000180025095e-35 -0.095454545454545445 0.25881904510252057 -0.031293349653202768 -0.60785761079279388 -0.16735933269920242 -0.49827586206896546 -1.0000000180025095e-35 -0.58333333333333315 -0.040833333333333326 -0.12940952255126037 -0.62084420919083605 -0.72921861616065475 -0.3794095225512602 -0.60840188014101049 -0.60785761079279388 1.0000000180025095e-35 -0.83333333333333315 -0.13021432681242803 -0.83333333333333315 24.500000000000004 0.46821976838136287 21.500000000000004
decision_type=8 8 10 8 8 8 8 10 10 2 10 2 8 8 2 2 10 2 8 10 2 10 2 2 2 10 2 10 10 10
left_child=1 2 -1 27 -5 6 -2 9 -4 10 13 17 21 15 23 -7 22 25 19 -8 -13 -11 -10 -15 -6 -12 -14 28 -3 -24
right_child=5 3 8 4 24 7 18 -9 16 12 11 20 26 14 -16 -17 -18 -19 -20 -21 -22 -23 29 -25 -26 -27 -28 -29 -30 -31
leaf_value=-7.4815477890677334e-08 -3.5263280329100866e-07 -6.0236718718575943e-07 1.387520839890577e-07 -1.45381184821769e-06 2.5520110355314875e-05 -4.8173725578082305e-07 2.8416380237761275e-08 0 1.9632321190954373e-08 -3.0519360141589846e-06 0.00034308559255079242 7.6379737954318104e-05 5.6518571731611902e-07 0.00010505634133560498 -0.00027396340638897218 0.00041583401002733158 0.00018376861994136019 4.3031569290948496e-06 7.5924695462914477e-07 -1.2458226550382535e-08 7.2211990231973241e-07 2.1631211219713125e-06 -1.8244118993315794e-09 -0.00066965643155166878 -0.0044171971266423514 -6.7721911261252698e-06 -2.2694867234860896e-05 -8.9304627967190526e-06 5.0359051075643538e-06 -3.0222891709286161e-07
leaf_weight=652079 18506 5585 2154 1116 7861 2567 2992 1290741 3284 1025 236 4995 467 1103 10644 1828 2353 794 9820 1087 3518 2497 2472 309 361 2403 8765 1325 2924 2879
leaf_count=652079 18506 5585 2154 1116 7861 2567 2992 1290741 3284 1025 236 4995 467 1103 10644 1828 2353 794 9820 1087 3518 2497 2472 309 361 2403 8765 1325 2924 2879
internal_value=-0.0161139 -0.0470274 -0.0488723 0.0169831 0.0378882 -0.00060632 0.01158 -0.000902813 0.0019023 -0.0168659 -0.0106578 0.0158965 -0.0306884 -0.0299404 -0.0403948 -0.0012628 -0.00663451 -0.0279493 0.0390136 0.0183746 0.0335781 0.0112436 -0.0152577 0.0229462 0.0464364 -0.0431413 -0.0466854 -0.0028676 0.00141615 -0.0250514
internal_weight=2.04869e+06 684393 665221 19172 9338 1.3643e+06 32405 1.33189e+06 13142 41151 28397 11946 12754 16451 12056 4395 10988 3433 13899 4079 8513 3522 8635 1412 8222 2639 9232 9834 8509 5351
internal_count=2048690 684393 665221 19172 9338 1364297 32405 1331892 13142 41151 28397 11946 12754 16451 12056 4395 10988 3433 13899 4079 8513 3522 8635 1412 8222 2639 9232 9834 8509 5351
is_linear=0
shrinkage=0.05


Tree=276
num_leaves=31
num_cat=0
split_feature=18 9 17 1 1 14 2 18 0 13 1 2 18 2 17 1 3 11 17 5 14 9 5 1 1 18 0 0 18 5
split_gain=363719 10376.7 2449.19 2319.12 1365.33 1051.22 1020.71 523.513 421.021 384.388 278.08 516.044 263.948 352.698 368.256 447.92 458.004 259.15 253.649 247.768 243.439 234.043 1251.82 2952.79 1365.25 1818.2 686.03 1263.98 622.946 613.079
threshold=-0.11805555555555554 -1.0000000180025095e-35 1.0000000180025095e-35 0.25881904510252057 0.1294095225512602 1.0000000180025095e-35 -0.60785761079279388 -0.095454545454545445 0.91597561503675362 1.0000000180025095e-35 0.25881904510252057 -0.60785761079279388 -0.040833333333333326 -0.60785761079279388 21.500000000000004 -0.5 1.0000000180025095e-35 -1.0000000180025095e-35 23.500000000000004 710.50000000000011 1.0000000180025095e-35 98.500000000000014 102.50000000000001 1.0000000180025095e-35 -0.78656609248549325 0.99930651872399456 -1.0000000180025095e-35 -0.37940952255126065 0.83349834983498361 90.500000000000014
decision_type=10 2 10 2 2 2 2 10 2 2 2 2 10 2 10 2 2 2 10 2 2 2 2 2 2 10 2 2 10 2
left_child=1 2 5 4 6 10 -3 -2 -8 -7 -1 -12 13 -9 -15 18 -17 -5 -16 21 -10 29 23 24 -23 -26 27 -25 -29 -14
right_child=7 3 -4 17 -6 9 8 12 20 -11 11 -13 19 14 15 16 -18 -19 -20 -21 -22 22 -24 26 25 -27 -28 28 -30 -31
leaf_value=-7.107470399447813e-08 1.3181447978682927e-07 -6.4335815698190064e-06 -7.107470399447813e-08 6.4099667377431893e-05 8.3477504508211463e-06 6.3973774260095428e-05 -0.00026026523606952355 4.1578209342141298e-08 -7.0455086089115621e-06 -0.0012126480038305053 -7.107470399447813e-08 -7.107470399447813e-08 0 -6.1764700021171848e-09 -1.1399022545655059e-06 -4.0384083112576797e-07 -2.8711747123710832e-07 -2.0873220121331083e-05 4.9837107946038017e-07 0.55135533317710494 0.00016068233462351934 -0.00037116303075137582 -0.0016059160517158944 -0.03993562035106564 -0.23007025479009757 0.015506499235435456 -0.0035672968423511977 -0.12091506905482277 0.0036109266326953106 0.0039883877614755653
leaf_weight=373959 7435 4188 37794 354 1995 759 18024 7341 1560 505 80484 199426 1127579 13027 1352 2475 1619 10947 879 960 141 5225 111603 2366 2269 3911 8224 265 920 21104
leaf_count=373959 7435 4188 37794 354 1995 759 18024 7341 1560 505 80484 199426 1127579 13027 1352 2475 1619 10947 879 960 141 5225 111603 2366 2269 3911 8224 265 920 21104
internal_value=-0.0160963 -0.0444078 -0.045789 -0.018685 -0.0104408 -0.046503 -0.0137561 -0.000419133 -0.0089962 -0.000949367 -0.0465911 -0.0453992 -0.000494158 -0.00541528 -0.00895515 -0.0188538 -0.0286761 -0.0375852 -0.000829225 -0.000391887 -0.0327748 -0.00041088 -0.00238198 -0.0129551 0.00517755 0.0210841 -0.030518 -0.0121515 0.03 -0.000179597
internal_weight=2.04869e+06 730136 692927 37209 25908 655133 23913 1.31855e+06 19725 1264 653869 279910 1.31112e+06 26693 19352 6325 4094 11301 2231 1.28443e+06 1701 1.28347e+06 134783 23180 11405 6180 11775 3551 1185 1.14868e+06
internal_count=2048690 730136 692927 37209 25908 655133 23913 1318554 19725 1264 653869 279910 1311119 26693 19352 6325 4094 11301 2231 1284426 1701 1283466 134783 23180 11405 6180 11775 3551 1185 1148683
is_linear=0
shrinkage=0.05


Tree=277
num_leaves=31
num_cat=0
split_feature=16 15 18 18 15 18 18 15 18 1 15 4 0 16 15 5 6 16 16 18 1 10 5 16 16 18 1 3 3 15
split_gain=393208 32137.7 14263.5 3246.5 2422.16 6468.71 4583.27 2012.88 1881.88 1813.2 5857.14 3704.51 3167.11 2632 1976.3 2397.49 1462.13 1444.31 1564.86 1126.69 1053.38 551.589 512.383 511.402 499.498 488.523 910.411 755.226 1080 487.58
threshold=-0.8691775211602395 -0.74147133905778595 -0.11805555555555554 0.66709956709956719 -0.94322211476466788 0.83349834983498361 inf -0.49827586206896546 -0.095454545454545445 0.25881904510252057 -0.031293349653202768 1.0000000180025095e-35 0.91597561503675362 -0.1451758081814003 -0.49827586206896546 -1.0000000180025095e-35 -1.0000000180025095e-35 -0.62084420919083605 -0.72921861616065475 -0.040833333333333326 -0.12940952255126037 -1.0000000180025095e-35 -1.0000000180025095e-35 -0.089955224685763599 -0.13021432681242803 -0.046822076110779036 -0.5 1.0000000180025095e-35 0.81174490092936691 -0.99693251533742322
decision_type=8 8 10 8 8 8 8 8 10 2 10 2 2 8 8 2 2 8 8 10 2 2 2 10 10 10 2 2 2 10
left_child=1 2 -1 -3 5 -2 -6 -5 -4 10 14 12 -12 -11 16 -16 -8 18 29 25 24 -17 -9 -14 -13 -10 -27 -28 -29 -7
right_child=4 3 8 7 6 17 9 22 19 13 11 20 23 -15 15 21 -18 -19 -20 -21 -22 -23 -24 -25 -26 26 27 28 -30 -31
leaf_value=-6.7520968793921562e-08 -3.3144742792590167e-07 -4.7750455830497527e-07 1.2522375579804291e-07 -1.3775675206051386e-06 0 3.0549296425874672e-08 -4.5409665779261311e-07 2.424765857274025e-05 -1.4243678014835838e-09 6.0136246227138201e-07 8.557401286007839e-05 0.00032625299200174374 0.00064103285876034076 -2.0114156666267244e-05 7.3074762768854384e-05 -0.00017470213924000529 0.00040805557132944122 7.2483834209213791e-07 -8.2815800217517228e-09 0.00017458018894429551 4.4096781611310574e-06 -0.00024725197426604738 -0.0042043713870414104 -6.6932331784659837e-06 -6.1119024913280556e-06 4.7345252548458564e-07 -6.2003389433851197e-07 4.6127061175771372e-05 -6.4098528206324452e-07 -2.1097504932510171e-07
leaf_weight=652079 19015 9834 2154 1116 1290216 2992 2259 7861 4556 2974 7229 236 144 9099 716 680 1647 10261 1169 2353 794 10660 361 1140 2403 461 2538 540 540 663
leaf_count=652079 19015 9834 2154 1116 1290216 2992 2259 7861 4556 2974 7229 236 144 9099 716 680 1647 10261 1169 2353 794 10660 361 1140 2403 461 2538 540 540 663
internal_value=-0.0160893 -0.0470168 -0.0488562 0.0168058 -0.000574655 0.0125836 -0.00091197 0.0379203 0.00271648 -0.0175846 -0.0105812 0.0158965 0.0335781 -0.0337737 -0.0303972 -0.0404114 0.000512033 0.0370335 0.0144693 -0.00566072 -0.0279493 -0.0460141 0.0464729 -0.038785 -0.0431413 -0.0140185 -0.0265874 -0.0350193 0 0.0305746
internal_weight=2.04869e+06 684393 665221 19172 1.3643e+06 34100 1.3302e+06 9338 13142 39981 27908 11946 8513 12073 15962 12056 3906 15085 4824 10988 3433 11340 8222 1284 2639 8635 4079 3618 1080 3655
internal_count=2048690 684393 665221 19172 1364297 34100 1330197 9338 13142 39981 27908 11946 8513 12073 15962 12056 3906 15085 4824 10988 3433 11340 8222 1284 2639 8635 4079 3618 1080 3655
is_linear=0
shrinkage=0.05


Tree=278
num_leaves=31
num_cat=0
split_feature=15 18 10 10 15 18 15 15 18 1 2 0 18 18 13 1 1 15 15 18 18 18 1 2 1 18 18 1 5 15
split_gain=371954 21995.8 4834.57 2116.91 7200.81 4169.88 1964.07 1864.08 1125.33 5407.24 4926.15 1656.49 1086.27 990.787 958.961 907.64 651.768 1194.06 564.047 500.182 440.984 582.798 596.704 530.133 417.735 384.281 460.996 387.209 373.5 366.541
threshold=-0.74147133905778595 -0.11805555555555554 -1.0000000180025095e-35 -1.0000000180025095e-35 -1.0000000180025095e-35 inf -0.49827586206896546 -0.49827586206896546 -0.74999999999999989 1.0000000180025095e-35 -0.60785761079279388 0.91597561503675362 inf -0.11805555555555554 1.0000000180025095e-35 0.78656609248549303 0.25881904510252057 -0.96326902320561236 1.0000000180025095e-35 -0.0088569976146717216 -0.095454545454545445 -0.040833333333333326 1.0000000180025095e-35 -0.60785761079279388 0.25881904510252057 0.15685731431473021 -0.032795698924731172 0.25881904510252057 -1.0000000180025095e-35 0.078222778473091378
decision_type=8 10 2 2 8 8 10 8 10 2 2 2 8 8 2 2 2 10 8 10 10 10 2 2 2 10 10 2 2 10
left_child=1 2 13 5 6 15 -5 -7 9 10 -6 18 -8 -1 -9 25 -15 -18 -12 -17 -3 -22 23 -23 -4 26 27 -2 -14 -10
right_child=3 20 24 4 8 7 12 14 29 -11 11 -13 28 16 -16 19 17 -19 -20 -21 21 22 -24 -25 -26 -27 -28 -29 -30 -31
leaf_value=-6.4144920353115261e-08 -4.2920401761570308e-07 1.1280783993594668e-07 0.00021357407335772518 0.00016406683735627201 -5.3199205234483435e-06 -1.3086891445746041e-06 -0.00020152114731834814 2.9775762354122828e-05 1.0508249731819491e-05 -1.498309643016843e-05 8.129531221707446e-05 -6.3585715195426848e-06 0.0031770646239269841 -6.4144920353115261e-08 -0.00090573713224846326 3.1414378917959951e-05 -6.4144920353115261e-08 -2.6448415984758889e-06 -0.0091258334665856936 -0.00011505545336667478 -2.9790000777296656e-08 -0.00015294971051366124 6.6205408415409559e-05 5.1495709094684374e-07 -5.5396461979897652e-05 0.031608215300886137 -6.992780660436404e-06 4.6383153294371486e-05 -0.000234889375552745 0
leaf_weight=31116 18912 3340 2130 2155 2850 1842 1498 9611 31020 11244 6470 666 127 366196 402 4329 275493 1586 210 929 14170 1077 5461 3558 677 2770 9244 2635 11373 1225599
leaf_count=31116 18912 3340 2130 2155 2850 1842 1498 9611 31020 11244 6470 666 127 366196 402 4329 275493 1586 210 929 14170 1077 5461 3558 677 2770 9244 2635 11373 1225599
internal_value=-0.0160938 -0.0455125 -0.0472959 -0.000665123 -0.00105795 0.00935983 -0.035323 0.0353142 -0.000651691 -0.0120103 0.0143586 0.036006 -0.0426527 -0.0475685 0.043818 0.00143358 -0.04799 -0.0461603 0.043503 0.0207493 -0.00176411 -0.00410863 0.00507132 -0.00812298 0.0181867 -0.00159262 -0.00319736 0.000809858 -0.0478696 -0.000457895
internal_weight=2.04869e+06 704804 677198 1.34389e+06 1.29321e+06 50674 15153 11855 1.27806e+06 21440 10196 7346 12998 674391 10013 38819 643275 277079 6680 5258 27606 24266 10096 4635 2807 33561 30791 21547 11500 1.25662e+06
internal_count=2048690 704804 677198 1343886 1293212 50674 15153 11855 1278059 21440 10196 7346 12998 674391 10013 38819 643275 277079 6680 5258 27606 24266 10096 4635 2807 33561 30791 21547 11500 1256619
is_linear=0
shrinkage=0.05


Tree=279
num_leaves=31
num_cat=0
split_feature=16 18 10 17 18 1 1 16 4 1 16 0 17 1 1 16 13 16 18 5 16 16 16 17 17 1 17 1 3 3
split_gain=390872 20966 1536.83 5627.27 4250.48 2241.6 1556.71 3738.27 3224.2 3118.44 2919.66 1971.73 1142.46 931.73 881.599 1002.32 847.104 793.81 534.213 530.639 597.921 1507.26 529.677 476.049 658.185 431.178 428.882 529.551 590.011 714.318
threshold=-0.8691775211602395 -0.11805555555555554 -1.0000000180025095e-35 1.0000000180025095e-35 0.28583959899749378 0.25881904510252057 0.25881904510252057 -1.0000000180025095e-35 1.0000000180025095e-35 1.0000000180025095e-35 -0.23992033006117511 0.91597561503675362 21.500000000000004 -0.12940952255126037 0.78656609248549303 3.1650909810126584 1.0000000180025095e-35 -0.59962894248608523 -0.11805555555555554 -1.0000000180025095e-35 -0.62084420919083605 -0.72921861616065475 -0.60840188014101049 106.00000000000001 29.500000000000004 1.0000000180025095e-35 27.500000000000004 1.0000000180025095e-35 1.0000000180025095e-35 0.81174490092936691
decision_type=8 10 2 10 8 2 2 10 2 2 8 2 10 2 2 10 2 10 10 2 10 10 10 10 10 2 10 2 2 2
left_child=1 -1 4 6 14 -6 7 16 9 11 22 -9 -3 -10 15 18 17 -4 -2 20 21 -7 -8 24 -16 -17 27 -14 -29 -30
right_child=2 12 3 -5 5 19 10 8 13 -11 -12 -13 26 -15 23 25 -18 -19 -20 -21 -22 -23 -24 -25 -26 -27 -28 28 29 -31
leaf_value=-6.093767433434927e-08 -2.6851516269910113e-07 1.0716744793803912e-07 -0.00082849901194692968 0 3.4475324628191476e-06 3.2229077617795813e-08 -0.00014392841212447513 7.7230546606220739e-05 -5.5403113405892361e-06 -3.2609194368328093e-06 -1.8359294011445457e-05 -6.040642943565551e-06 -3.511575948134116e-07 4.9383490745829261e-06 3.225770117687432e-08 -9.6544584070379361e-06 0.0009445538532961373 -0.00022314490677510774 7.0554664581834459e-06 -0.0021025675397763426 6.9180367100463165e-07 -4.6602550041185971e-09 3.8177127703341531e-06 -2.0800654830410715e-05 3.0645180492994142e-05 -4.0704591015405798e-06 8.4414955430678348e-05 -5.8754269958161134e-07 4.3812625910277797e-05 -6.1701822465787261e-07
leaf_weight=665108 7279 10081 2450 1261326 8624 3514 463 6133 2373 1181 8848 576 3326 652 5843 11421 436 11569 8989 605 7972 623 1584 1039 2942 7855 2448 2329 591 510
leaf_count=665108 7279 10081 2450 1261326 8624 3514 463 6133 2373 1181 8848 576 3326 652 5843 11421 436 11569 8989 605 7972 623 1584 1039 2942 7855 2448 2329 591 510
internal_value=-0.0161119 -0.0469474 -0.000643408 -0.0010239 0.00675801 0.0251617 -0.0204426 -0.0136539 0.00843335 0.0252598 -0.0362506 0.0384484 0.00444646 -0.0354545 -0.00189781 -0.00556212 -0.0303321 -0.0324667 0.00357758 0.0385087 0.040792 0.0253686 0.0175623 0.0113599 0.0151451 -0.0132756 -0.00828987 -0.0147869 -0.0285714 0.00158946
internal_weight=2.04869e+06 684393 1.3643e+06 1.29759e+06 66706 21338 36265 25370 10915 7890 10895 6709 19285 3025 45368 35544 14455 14019 16268 12714 12109 4137 2047 9824 8785 19276 9204 6756 3430 1101
internal_count=2048690 684393 1364297 1297591 66706 21338 36265 25370 10915 7890 10895 6709 19285 3025 45368 35544 14455 14019 16268 12714 12109 4137 2047 9824 8785 19276 9204 6756 3430 1101
is_linear=0
shrinkage=0.05


Tree=280
num_leaves=31
num_cat=0
split_feature=16 18 12 18 18 16 18 16 16 16 2 0 16 16 16 2 16 16 16 0 0 16 17 16 0 16 16 0 17 14
split_gain=392802 18536.8 1508.9 5801.28 4889.56 1418.64 1318.99 1238.62 995.055 895.172 1355.33 1095.36 915.703 752.906 634.401 543.186 520.515 502.618 485.82 458.878 457.055 414.036 410.269 415.447 335.895 359.055 333.556 308.343 751.854 599.965
threshold=-0.8691775211602395 -0.11805555555555554 -1.0000000180025095e-35 -0.11805555555555554 1.0000000180025095e-35 -0.60840188014101049 -0.095454545454545445 -0.37445652173913041 -0.72921861616065475 -0.44330887061025454 -0.60785761079279388 0.91597561503675362 -0.59041875477788153 -0.23992033006117511 3.1650909810126584 -0.60785761079279388 -0.62084420919083605 -0.19188765717419401 -0.97092680047225488 -0.9159756150367534 -0.60355339059327362 0.21688681631710352 2.5000000000000004 -0.9990583804143125 -0.78656609248549292 -0.16735933269920242 0.87228814888389372 -0.60355339059327362 394.00000000000006 1.3993254364297207
decision_type=8 10 2 10 8 8 10 10 10 10 2 2 8 10 10 2 8 10 10 2 2 10 10 10 2 10 10 2 10 2
left_child=1 22 4 9 14 8 18 -7 -6 12 13 -12 -4 -11 16 -14 -2 -13 -3 -15 -16 -5 23 -1 -9 -26 -23 28 -28 -29
right_child=2 6 3 21 5 7 -8 24 -10 10 11 17 15 19 20 -17 -18 -19 -20 -21 -22 26 -24 -25 25 -27 27 29 -30 -31
leaf_value=-5.789079061679914e-08 -2.4596118066155804e-07 1.0796380360833525e-07 -0.00036759478390593106 7.6897131977361351e-05 3.0617623736350906e-08 6.5721348745384495e-07 -9.6653004655333781e-09 0.0011559432471345277 -4.4272422561331125e-09 3.5229924309808394e-06 -3.0978734649911686e-06 0.00033769718300942519 0.00032136358376658441 -5.3008419510050733e-06 -1.0342189616016629e-05 -0.00021198766143635235 2.5240515446833812e-06 -5.738610796387273e-06 -1.4574486483459604e-05 -1.2629073156300966e-05 -2.1863020691348378e-06 0 -5.789079061679914e-08 -5.789079061679914e-08 -3.1114071577520441e-07 6.313752738963396e-05 0 0 0.55525696161380445 -0.022837833659787012
leaf_weight=643794 1816 3305 2920 15116 4890 10935 15777 435 1718 1113 15313 270 345 686 5542 7701 19316 1998 203 5072 18998 57737 18281 3033 1230 705 340496 719039 8621 122285
leaf_count=643794 1816 3305 2920 15116 4890 10935 15777 435 1718 1113 15313 270 345 686 5542 7701 19316 1998 203 5072 18998 57737 18281 3033 1230 705 340496 719039 8621 122285
internal_value=-0.0161248 -0.0470364 -0.000618194 -0.000991867 0.00678128 0.0274569 0.00128857 0.0368621 0.00851998 -0.0209498 -0.0156265 -0.00826745 -0.0328196 -0.0344564 -0.00223332 -0.0415237 0.00411698 -0.0406966 0.0290194 -0.0417332 -0.00770171 -0.000432322 -0.0484375 -0.0486463 0.00409283 -0.00483204 -0.000531935 -0.000351928 0.000897264 -0.000870295
internal_weight=2.04869e+06 684393 1.3643e+06 1.29871e+06 65585 19913 19285 13305 6608 35418 24452 17581 10966 6871 45672 8046 21132 2268 3508 5758 24540 1.26329e+06 665108 646827 2370 1935 1.24818e+06 1.19044e+06 349117 841324
internal_count=2048690 684393 1364297 1298712 65585 19913 19285 13305 6608 35418 24452 17581 10966 6871 45672 8046 21132 2268 3508 5758 24540 1263294 665108 646827 2370 1935 1248178 1190441 349117 841324
is_linear=0
shrinkage=0.05


Tree=281
num_leaves=31
num_cat=0
split_feature=16 15 17 17 15 17 15 15 15 10 17 16 16 16 17 17 1 0 2 2 17 17 5 1 17 17 16 1 15 0
split_gain=393492 31787.7 14339.5 3333.71 2095.84 6695.5 4238.25 2687.3 2058.33 1918.23 1794.48 1395.55 1592.21 1163.17 1060.76 883.558 9751.31 1260.32 1696.12 1929.28 881.191 641.007 532.641 521.492 849.734 777.444 514.898 619.191 500.623 539.276
threshold=-0.8691775211602395 -0.74147133905778595 8.5000000000000018 107.50000000000001 -0.94322211476466788 107.50000000000001 -1.0000000180025095e-35 -0.40070422535211264 -0.49827586206896546 -1.0000000180025095e-35 10.500000000000002 -0.62084420919083605 -0.72921861616065475 -0.26433425943349226 24.500000000000004 1.0000000180025095e-35 1.0000000180025095e-35 0.91597561503675362 -0.60785761079279388 -0.8783796973249266 1.0000000180025095e-35 24.500000000000004 -1.0000000180025095e-35 0.25881904510252057 29.500000000000004 45.500000000000007 9.062679425837322 1.0000000180025095e-35 -0.99693251533742322 0.98296291314453421
decision_type=8 8 10 8 8 8 8 10 8 2 10 8 10 8 10 10 2 2 2 2 10 10 2 2 10 10 10 2 10 2
left_child=1 2 -1 21 5 23 7 -6 -5 -9 -4 12 28 -8 -12 16 17 18 19 -15 -11 -3 -10 26 -25 -26 -2 -28 29 -7
right_child=4 3 10 8 6 11 13 9 22 20 14 -13 -14 15 -16 -17 -18 -19 -20 -21 -22 -23 -24 24 25 -27 27 -29 -30 -31
leaf_value=-5.4996251086514293e-08 2.6715822611267372e-06 3.5352825050738446e-07 1.0256561342458782e-07 -1.3339178752069803e-06 -2.9558367998783201e-07 2.9086742547868029e-08 5.3073885738508246e-05 5.495806557165306e-06 2.1552428949633828e-05 -0.00020138827836453473 -1.5315859097642105e-08 6.2435281308337318e-07 -4.2058801441591243e-09 4.2875647835035051e-09 0.00014843846795171701 0 -1.3161083234838176e-05 -5.4516802565679095e-06 7.3523912949159258e-05 -4.6318421157447256e-06 -0.00028115531780932291 -1.3493270247427748e-05 -0.0040426165715410625 -6.3178289562149108e-07 7.8476797916304805e-05 -1.1561431596818218e-05 -6.986934786277765e-05 4.5256043832031526e-05 -3.7112655517090866e-07 -0.011263926776193107
leaf_weight=652349 6982 8595 2196 1085 10977 2690 4420 2840 7861 10771 8670 10017 1156 1235 2006 1280729 9981 864 5988 1164 1228 1348 283 8420 1397 916 1254 328 654 286
leaf_count=652349 6982 8595 2196 1085 10977 2690 4420 2840 7861 10771 8670 10017 1156 1235 2006 1280729 9981 864 5988 1164 1228 1348 283 8420 1397 916 1254 328 654 286
internal_value=-0.0160739 -0.0470125 -0.0488419 0.0164615 -0.000553618 0.0116862 -0.00086739 -0.0209289 0.0381027 -0.0348036 0.00341827 0.0369824 0.0147723 -0.000470338 -0.00504871 -0.000557401 -0.0111949 0.0257864 0.0317098 -0.00381409 -0.0435495 -0.00362567 0.0467215 -0.00771882 -0.015061 0.0117812 0.00148295 -0.0242731 0.0310468 0.0397513
internal_weight=2.04869e+06 684393 665221 19172 1.3643e+06 34100 1.3302e+06 25816 9229 14839 12872 14803 4786 1.30438e+06 10676 1.29996e+06 19232 9251 8387 2399 11999 9943 8144 19297 10733 2313 8564 1582 3630 2976
internal_count=2048690 684393 665221 19172 1364297 34100 1330197 25816 9229 14839 12872 14803 4786 1304381 10676 1299961 19232 9251 8387 2399 11999 9943 8144 19297 10733 2313 8564 1582 3630 2976
is_linear=0
shrinkage=0.05


Tree=282
num_leaves=31
num_cat=0
split_feature=16 15 18 18 15 18 15 15 12 15 18 16 16 17 18 16 17 17 15 5 18 15 18 17 18 15 15 15 17 2
split_gain=393312 32067.6 14658.1 3280.7 2116.88 6800.91 4159.92 2635.38 2034.45 2016.31 1818.75 1372.12 1576.15 1037.65 946.572 767.138 792.428 537.121 497.95 489.35 480.298 473.772 429.455 381.483 836.551 626.434 610.078 530.577 441.105 360.512
threshold=-0.8691775211602395 -0.74147133905778595 -0.11805555555555554 0.66709956709956719 -0.94322211476466788 0.83349834983498361 -1.0000000180025095e-35 -0.40070422535211264 -1.0000000180025095e-35 -0.49827586206896546 -0.095454545454545445 -0.62084420919083605 -0.72921861616065475 24.500000000000004 -0.095454545454545445 -0.26433425943349226 1.0000000180025095e-35 24.500000000000004 -0.99693251533742322 -1.0000000180025095e-35 1.0000000180025095e-35 0.46821976838136287 -0.0088569976146717216 4.5000000000000009 -0.11805555555555554 0.078222778473091378 -0.49827586206896546 -0.24899999999999997 1.5000000000000002 -0.60785761079279388
decision_type=8 8 10 8 8 8 8 10 2 8 10 8 10 10 10 8 10 10 10 2 8 10 8 10 10 10 8 10 10 2
left_child=1 2 -1 17 5 -2 7 -6 22 -5 -4 12 18 29 -10 20 -17 21 -7 -11 -8 23 -9 26 -25 -26 28 -28 -3 -12
right_child=4 3 10 9 6 11 15 8 14 19 13 -13 -14 -15 -16 16 -18 -19 -20 -21 -22 -23 -24 24 25 -27 27 -29 -30 -31
leaf_value=-5.2246438531078359e-08 -3.7326237536938756e-07 -3.5545810341341967e-05 9.7437332757799311e-08 -1.1706173703385226e-06 -2.8080449598899548e-07 2.7632405419364403e-08 -3.8692054806332976e-05 -8.2422068984377988e-05 -0.00019131886444630799 2.0474807502157691e-05 1.4023198668944304e-08 5.9313517243309026e-07 -3.9955861397267256e-09 0.00014101654455412894 -0.00014194212441718257 -4.4002500099574897e-06 0 -1.3092628674410411e-05 -3.5257022741319592e-07 -0.0037935048358067446 6.479690391015813e-05 4.320515500289002e-06 6.1061510959214979e-05 -3.4494120739525517e-06 1.6022067916587891e-05 -2.1317386122987614e-06 -2.3752810066202114e-05 6.7510414503368926e-06 3.3585183798479081e-07 -1.4560885269743196e-08
leaf_weight=652079 19015 144 2154 1116 10977 2992 768 1454 10665 7861 3320 10261 1169 2006 1214 19232 1280729 1325 663 361 3652 2924 1506 1317 1752 691 539 253 889 5662
leaf_count=652079 19015 144 2154 1116 10977 2992 768 1454 10665 7861 3320 10261 1169 2006 1214 19232 1280729 1325 663 361 3652 2924 1506 1317 1752 691 539 253 889 5662
internal_value=-0.0160729 -0.0470045 -0.0488419 0.0167484 -0.000556257 0.0117449 -0.0008716 -0.0207468 -0.0344868 0.0379739 0.00343935 0.0368147 0.0148217 -0.00479614 -0.0437284 -0.000478235 -0.00054894 -0.00340655 0.030985 0.0465337 0.0203167 0.00120461 0.00260135 -0.00733214 -0.0164362 0.000880065 0.0114247 -0.0215909 0.0367377 -0.0120574
internal_weight=2.04869e+06 684393 665221 19172 1.3643e+06 34100 1.3302e+06 25816 14839 9338 13142 15085 4824 10988 11879 1.30438e+06 1.29996e+06 9834 3655 8222 4420 8509 2960 5585 3760 2443 1825 792 1033 8982
internal_count=2048690 684393 665221 19172 1364297 34100 1330197 25816 14839 9338 13142 15085 4824 10988 11879 1304381 1299961 9834 3655 8222 4420 8509 2960 5585 3760 2443 1825 792 1033 8982
is_linear=0
shrinkage=0.05


Tree=283
num_leaves=31
num_cat=0
split_feature=16 15 17 17 15 17 17 1 15 15 15 10 17 6 16 16 16 0 4 3 1 17 4 5 16 15 0 17 15 1
split_gain=393011 32016.9 14044.2 3241.88 2139.35 6645.92 4374.64 2921.43 7372.92 2053.51 1864.59 2264.41 1842.9 1577.64 1440.47 1395.55 1592.21 1379.12 1002.89 1689.65 1626.7 991.302 705.72 531.283 511.402 500.623 539.276 490.237 457.821 421.823
threshold=-0.8691775211602395 -0.74147133905778595 8.5000000000000018 107.50000000000001 -0.94322211476466788 107.50000000000001 1.0000000180025095e-35 0.25881904510252057 -0.031293349653202768 -0.49827586206896546 -0.49827586206896546 -1.0000000180025095e-35 10.500000000000002 -1.0000000180025095e-35 -0.1451758081814003 -0.62084420919083605 -0.72921861616065475 0.91597561503675362 1.0000000180025095e-35 1.0000000180025095e-35 0.1294095225512602 31.500000000000004 1.0000000180025095e-35 -1.0000000180025095e-35 -0.089955224685763599 -0.99693251533742322 0.98296291314453421 24.500000000000004 0.46821976838136287 0.1294095225512602
decision_type=8 8 10 8 8 8 10 2 10 8 8 2 10 2 8 8 10 2 2 2 2 10 2 2 10 10 2 10 10 2
left_child=1 2 -1 27 5 -2 7 8 10 -5 13 -12 -4 -6 -9 16 25 18 20 -20 -10 -14 24 -11 -19 26 -7 28 -3 -21
right_child=4 3 12 9 6 15 -8 14 17 23 11 -13 21 -15 -16 -17 -18 22 19 29 -22 -23 -24 -25 -26 -27 -28 -29 -30 -31
leaf_value=-4.9634116605634662e-08 -3.5459925660230598e-07 -4.6886806354118349e-07 9.2565466114358241e-08 -1.2086911129305378e-06 -5.5618475743868243e-07 2.6250785145620626e-08 0 -2.1118186773663148e-06 7.0067729802199174e-05 1.9451067127052025e-05 5.9294551587230072e-05 -0.00018175292122399257 -1.2642646218807841e-08 0.0004059210959914116 -1.5931808990818353e-05 5.6347841380643977e-07 -3.7958068355159469e-09 0.00059767799110415189 2.2408568704220285e-07 -4.1802375094596151e-06 -2.0649131295018268e-06 0.00019019108000105646 5.0900092085415869e-07 -0.0036508105011736724 -4.9590837432416395e-06 -3.3494171604031568e-07 -0.010700731819003717 -1.2163975301332509e-05 4.1409442359974237e-06 2.2767347808364623e-05
leaf_weight=652349 19297 5635 2196 1085 2259 2690 1290216 2974 6554 7861 1303 10753 9398 1647 9099 10017 1156 144 1542 1224 675 1278 541 283 1140 654 286 1348 2960 126
leaf_count=652349 19297 5635 2196 1085 2259 2690 1290216 2974 6554 7861 1303 10753 9398 1647 9099 10017 1156 144 1542 1224 675 1278 541 283 1140 654 286 1348 2960 126
internal_value=-0.0160969 -0.0470166 -0.0488526 0.0166858 -0.000586163 0.0117801 -0.000903174 -0.0171919 -0.00830228 0.0380269 -0.030535 -0.0402621 0.00286669 -0.000512033 -0.0377412 0.0369824 0.0147723 0.0214047 0.0286187 0.00373444 0.0385738 -0.00571375 -0.0186027 0.0466356 -0.038785 0.0310468 0.0397513 -0.0031228 0.001274 -0.0371111
internal_weight=2.04869e+06 684393 665221 19172 1.3643e+06 34100 1.3302e+06 39981 27908 9229 15962 12056 12872 3906 12073 14803 4786 11946 10121 2892 7229 10676 1825 8144 1284 3630 2976 9943 8595 1350
internal_count=2048690 684393 665221 19172 1364297 34100 1330197 39981 27908 9229 15962 12056 12872 3906 12073 14803 4786 11946 10121 2892 7229 10676 1825 8144 1284 3630 2976 9943 8595 1350
is_linear=0
shrinkage=0.05


Tree=284
num_leaves=31
num_cat=0
split_feature=16 18 7 18 18 1 16 1 0 14 18 16 1 2 2 16 2 2 16 16 16 16 1 17 1 1 16 18 1 16
split_gain=393187 19224.5 1363.42 4980.5 4353.82 3911.58 5393.28 2351.2 1662.62 1498.47 1356.03 958.366 940.185 1573 1852.66 852.404 751.564 605.731 461.725 453.804 1528.69 513.638 427.504 422.722 559.229 387.722 696.433 560.076 361.412 359.598
threshold=-0.84841212603516436 -0.11805555555555554 -1.0000000180025095e-35 0.28006514657980464 -1.0000000180025095e-35 0.25881904510252057 -1.0000000180025095e-35 0.25881904510252057 0.91597561503675362 1.0000000180025095e-35 -0.095454545454545445 -0.59962894248608523 0.1294095225512602 -0.60785761079279388 -0.8783796973249266 -0.16735933269920242 -0.60785761079279388 -0.60785761079279388 -0.9990583804143125 -0.62084420919083605 -0.72921861616065475 -0.37445652173913041 -0.9159756150367534 2.5000000000000004 1.0000000180025095e-35 0.78656609248549303 3.1650909810126584 -0.11805555555555554 1.0000000180025095e-35 0.21688681631710352
decision_type=8 10 2 8 10 2 10 2 2 2 10 10 2 2 2 8 2 2 10 8 10 10 2 10 2 2 10 10 2 10
left_child=1 18 3 25 5 6 9 22 12 11 -3 -4 13 14 -8 -7 -10 -14 23 20 -9 -21 -5 -1 -25 26 27 -2 -28 -6
right_child=2 10 4 7 29 15 8 19 16 -11 -12 -13 17 -15 -16 -17 -18 -19 -20 21 -22 -23 -24 24 -26 -27 28 -29 -30 -31
leaf_value=-4.7152410775908043e-08 -2.374714065445094e-07 8.793719280530965e-08 -0.0007399713189525449 -2.3895503331594625e-07 7.201932157940929e-05 -2.0062277434979989e-06 2.1288140269009269e-07 2.4938245890560041e-08 4.8355087481145079e-07 0.00015339670598394338 -7.0560659093388269e-09 -0.00017266527516279296 2.2471545973009785e-05 6.6564343312089215e-05 -3.9712256339866345e-06 -1.6014084726626983e-05 -4.7111295560795581e-06 -1.9616674730267356e-06 -4.7152410775908043e-08 5.3530449312111372e-07 -3.6060164965157073e-09 3.3548830794760676e-06 3.269476461831289e-06 -4.7152410775908043e-08 -4.7152410775908043e-08 1.3997397370069109e-06 -8.2024616866960273e-06 6.5168254133940454e-06 -3.7576210430045888e-06 0
leaf_weight=643794 7369 3508 2273 1099 14852 2101 1293 2433 485 1058 15859 11007 213 6449 1166 9531 1204 640 4206 8614 642 750 5935 8614 9140 10163 11728 9102 8533 1244929
leaf_count=643794 7369 3508 2273 1099 14852 2101 1293 2433 485 1058 15859 11007 213 6449 1166 9531 1204 640 4206 8614 642 750 5935 8614 9140 10163 11728 9102 8533 1244929
internal_value=-0.0160902 -0.0469922 -0.000563595 0.00642629 -0.000921214 -0.0177285 -0.00687141 0.0276819 0.0187162 -0.0273051 0.00211442 -0.0318675 0.0266417 0.0314436 -0.00258235 -0.0417985 -0.027087 -0.0235053 -0.0484207 0.0407468 0.0240813 0.0462196 0.00457777 -0.0485257 -0.0409147 -0.00240004 -0.00479146 0.00284439 -0.010999 -0.000421978
internal_weight=2.04869e+06 685121 1.36357e+06 66368 1.2972e+06 37420 25788 19473 11450 14338 19367 13280 9761 8908 2459 11632 1689 853 665754 12439 3075 9364 7034 661548 17754 46895 36732 16471 20261 1.25978e+06
internal_count=2048690 685121 1363569 66368 1297201 37420 25788 19473 11450 14338 19367 13280 9761 8908 2459 11632 1689 853 665754 12439 3075 9364 7034 661548 17754 46895 36732 16471 20261 1259781
is_linear=0
shrinkage=0.05


Tree=285
num_leaves=31
num_cat=0
split_feature=16 15 18 18 15 18 18 1 15 15 15 12 18 6 16 0 12 16 16 2 2 1 18 2 12 16 0 16 6 6
split_gain=392955 32280.6 14381.6 3057.59 2207.72 6427.93 4201.91 2839.73 7475.92 1983.86 1890.42 2027.9 1868.8 1750.94 1400.98 1384.18 1351.29 1264.92 1828.38 1006.79 1693.76 1625.05 894.286 705.72 617.437 511.402 473.325 651.058 494.117 467.431
threshold=-0.84841212603516436 -0.74147133905778595 -0.11805555555555554 0.66709956709956719 -0.94322211476466788 0.98870020429009198 inf 0.25881904510252057 -0.031293349653202768 -0.49827586206896546 -0.49827586206896546 -1.0000000180025095e-35 -0.095454545454545445 -1.0000000180025095e-35 -0.1451758081814003 0.91597561503675362 -1.0000000180025095e-35 -0.62084420919083605 -0.72921861616065475 -0.60785761079279388 -0.8783796973249266 0.1294095225512602 -0.032795698924731172 -0.60785761079279388 -0.91666666666666663 -0.089955224685763599 -0.9159756150367534 1.6699862637362639 56.500000000000007 -1.0000000180025095e-35
decision_type=8 8 10 8 10 8 8 2 10 8 10 2 10 2 8 2 2 8 10 2 2 2 10 2 2 10 2 8 2 2
left_child=1 2 -1 -3 5 -2 -6 8 10 -5 13 -12 -4 -8 -9 19 17 18 -7 20 -10 -21 -14 -17 -11 -25 -18 -28 -29 -16
right_child=4 3 12 9 6 16 7 14 15 24 11 -13 22 -15 29 23 26 -19 -20 21 -22 -23 -24 25 -26 -27 27 28 -30 -31
leaf_value=-4.4794790238222859e-08 -3.5179973308374636e-07 -3.574136566153463e-07 8.3540333162268612e-08 -1.0492943256334986e-06 0 2.3691333594921816e-08 -8.8517876618010585e-07 -1.9059163563230989e-06 2.0223733255558807e-07 1.8480871391246546e-05 5.7259857204028376e-05 -0.00016403201140465331 -1.1657710607959616e-08 0.00042847929034011138 3.2297052687957349e-05 4.5937333107087826e-07 -0.0010475175147129923 5.0853926846228254e-07 -3.4257156722450335e-09 6.3236126146484753e-05 -3.7726643522873023e-06 -1.8635840993753987e-06 0.00018068187880430076 0.0005764273553070839 -0.003455452114427702 -4.4755730782755796e-06 0.00053641027325815327 -0.07589136092754184 0.18418037964429568 -1.4334514304946086e-05
leaf_weight=652438 21574 9871 2154 1277 1282737 3349 2160 2876 1540 7927 1351 10416 9361 1597 263 541 787 10011 1092 6545 1350 673 1669 144 424 1140 3131 968 772 8552
leaf_count=652438 21574 9871 2154 1277 1282737 3349 2160 2876 1540 7927 1351 10416 9361 1597 263 541 787 10011 1092 6545 1350 673 1669 144 424 1140 3131 968 772 8552
internal_value=-0.0160993 -0.0469922 -0.0488498 0.0164188 -0.000577309 0.0107523 -0.000934574 -0.0170711 -0.00828386 0.0364666 -0.0311582 -0.0410173 0.00285194 -0.000279478 -0.0377085 0.0214741 0.031089 0.0391987 0.0169894 0.0287099 0.00377163 0.0386949 -0.00546691 -0.0186027 0.0453419 -0.038785 0.0103747 0.0161876 -0.00833333 -0.047595
internal_weight=2.04869e+06 685121 665622 19499 1.36357e+06 41684 1.32188e+06 39148 27457 9628 15524 11767 13184 3757 11691 11933 20110 14452 4441 10108 2890 7218 11030 1825 8351 1284 5658 4871 1740 8815
internal_count=2048690 685121 665622 19499 1363569 41684 1321885 39148 27457 9628 15524 11767 13184 3757 11691 11933 20110 14452 4441 10108 2890 7218 11030 1825 8351 1284 5658 4871 1740 8815
is_linear=0
shrinkage=0.05


Tree=286
num_leaves=31
num_cat=0
split_feature=17 12 12 17 1 5 2 17 1 9 5 14 17 9 5 12 5 12 5 5 8 5 17 11 0 8 0 0 13 17
split_gain=348935 12467.9 6674.96 10076.4 3816.89 992.286 939.11 750.956 295.969 657.185 702.082 1726.85 577.147 1295.46 917.608 787.669 1249.33 1205.63 916.042 762.385 2253.7 1130.35 1040.1 889.512 797.702 797.597 796.921 1203.59 696.519 677.245
threshold=1.0000000180025095e-35 -0.91666666666666663 -0.91666666666666663 8.5000000000000018 0.25881904510252057 -1.0000000180025095e-35 -0.8783796973249266 10.500000000000002 -0.12940952255126037 269.50000000000006 78.500000000000014 0.7545593041629518 259.50000000000006 73.500000000000014 66.500000000000014 63.083333333333336 54.500000000000007 50.083333333333336 44.500000000000007 102.50000000000001 98.500000000000014 90.500000000000014 95.500000000000014 89.166666666666671 -1.0000000180025095e-35 121.50000000000001 -1.0000000180025095e-35 -0.37940952255126065 7.3333176808581264 171.50000000000003
decision_type=10 2 2 10 2 2 2 10 2 2 2 2 10 2 2 2 2 2 2 2 2 2 10 2 2 2 2 2 2 10
left_child=1 -1 3 -2 5 -3 -7 -5 9 10 -4 -12 13 14 15 16 17 18 29 20 21 23 24 -15 -23 -21 27 -22 -14 -10
right_child=2 4 8 7 -6 6 -8 -9 12 -11 11 -13 28 19 -16 -17 -18 -19 -20 25 26 22 -24 -25 -26 -27 -28 -29 -30 -31
leaf_value=-4.25550507276995e-08 -4.25550507276995e-08 5.778255982490377e-05 0 7.9363316507485856e-08 -1.3333191038696068e-05 1.9212546592780866e-07 -4.2517944243618006e-06 -2.4955660599124131e-08 0 -0.21603061586051525 0.042002489802258229 -0.0015120089698900331 0.024858727892092248 -0.020228923501372266 0.097053912097617712 -0.056920824957293094 0.093678548918499874 -0.061818363953226554 0.05396669870585491 0.045054790803590095 -0.037938839333512678 -0.014628639654414854 -0.008759055167629981 -0.023466225088098015 0.0027891077834006242 -0.031044982056586436 -0.0033889320002337799 0.0034303803010608648 1.5117279622042972 -0.00096954727747767611
leaf_weight=653869 37650 1059 504254 7122 11158 2483 23234 46911 536015 15100 18401 37850 26311 19597 8805 3526 7135 5079 8190 10389 2833 710 8094 3187 3349 28955 8157 1134 4244 3889
leaf_count=653869 37650 1059 504254 7122 11158 2483 23234 46911 536015 15100 18401 37850 26311 19597 8805 3526 7135 5079 8190 10389 2833 710 8094 3187 3349 28955 8157 1134 4244 3889
internal_value=-0.0160828 -0.044982 -0.00134875 -0.0143762 -0.0171139 -0.00687556 -0.00882879 -0.000539485 -0.000404717 0.000432328 0.000709628 0.00600789 -0.00110339 -0.00141485 -0.000553752 -0.000803871 -0.000655622 -0.000923762 -0.000699059 -0.00712169 -0.011416 -0.00497038 0.00734387 -0.0115388 0.0279995 -0.00198505 -0.0299901 -0.0116083 0.00561447 -0.000950817
internal_weight=2.04869e+06 691803 1.35689e+06 91683 37934 26776 25717 54033 1.2652e+06 575605 560505 56251 689599 659044 572639 563834 560308 553173 548094 86405 47061 34937 12153 22784 4059 39344 12124 3967 30555 539904
internal_count=2048690 691803 1356887 91683 37934 26776 25717 54033 1265204 575605 560505 56251 689599 659044 572639 563834 560308 553173 548094 86405 47061 34937 12153 22784 4059 39344 12124 3967 30555 539904
is_linear=0
shrinkage=0.05


Tree=287
num_leaves=31
num_cat=0
split_feature=16 18 12 18 18 16 18 16 16 16 0 16 2 2 2 2 16 17 0 16 0 17 16 0 18 17 3 17 17 16
split_gain=393029 19838.3 1429.48 5199.64 4783.39 1491.11 1279.97 1263.51 1848.54 1078.97 719.084 716.707 599.139 1002.62 540.046 502.167 480.619 488.084 527.448 461.725 437.632 422.722 366.627 480.219 425.629 365.726 348.367 343.303 440.633 354.121
threshold=-0.84841212603516436 -0.11805555555555554 -1.0000000180025095e-35 1.0000000180025095e-35 -0.11805555555555554 -1.0000000180025095e-35 -0.095454545454545445 -0.60840188014101049 -0.37445652173913041 -0.72921861616065475 0.91597561503675362 -0.59962894248608523 -0.60785761079279388 -0.8783796973249266 -0.60785761079279388 -0.60785761079279388 1.0000000180025095e-35 2.5000000000000004 0.91597561503675362 -0.9990583804143125 -0.98296291314453399 2.5000000000000004 3.1650909810126584 -0.60355339059327362 -0.044466403162055329 21.500000000000004 0.81174490092936691 18.500000000000004 46.500000000000007 -1.0000000180025095e-35
decision_type=8 10 2 8 10 10 10 8 10 10 2 8 2 2 2 2 10 10 2 10 2 10 10 2 10 8 2 10 10 8
left_child=1 19 3 22 5 11 -3 9 -9 -5 12 26 13 -7 -13 -12 17 18 -6 21 -14 -1 24 -24 -2 -8 -4 29 -29 -19
right_child=2 6 4 7 16 10 25 8 -10 -11 15 14 20 -15 -16 -17 -18 27 -20 -21 -22 -23 23 -25 -26 -27 -28 28 -30 -31
leaf_value=-4.0427298192424747e-08 -4.0711839188745105e-08 7.5395150678225775e-08 -0.00078974227784866971 2.4634519457666927e-08 0.00029857215964964603 1.8251919263141823e-07 4.9146213876305468e-09 4.8524005757943911e-07 -1.8062059080614646e-07 -1.1266773514151396e-09 4.1468154847655864e-07 -5.0632996036495123e-05 6.3891979012954136e-05 -3.7753991511649413e-06 -0.00015561782111320256 -4.039204703143711e-06 0 0.014190617509932314 -6.254304661628577e-05 -4.0427298192424747e-08 -1.5578151731885388e-06 -4.0427298192424747e-08 -9.4807313305828041e-06 -1.6211137331800796e-06 6.7157621147173612e-06 -2.0357921588498586e-07 0.00020597590280827405 0.0006033840771466814 -0.00039238268461025318 -0.00028742725108186665
leaf_weight=643794 16284 3508 1809 4542 3564 2404 6650 10935 2370 1718 697 1893 666 2243 11598 1749 1251991 1583 282 4206 11408 17754 5542 18998 4657 9209 844 2954 1513 1325
leaf_count=643794 16284 3508 1809 4542 3564 2404 6650 10935 2370 1718 697 1893 666 2243 11598 1749 1251991 1583 282 4206 11408 17754 5542 18998 4657 9209 844 2954 1513 1325
internal_value=-0.0160738 -0.0469696 -0.000550321 0.00668296 -0.000912652 -0.0190635 0.00291475 0.0282366 0.0369523 0.00971246 -0.00963375 -0.0302589 -0.00592967 -0.0211857 -0.0349307 -0.034955 -0.000405276 0.00989662 0.024337 -0.0484207 -5.79758e-05 -0.0485257 -0.00258899 -0.00673594 0.00227067 -0.00313071 -0.00650207 0.0023661 0.0110701 -0.0110041
internal_weight=2.04869e+06 685121 1.36357e+06 65046 1.29852e+06 35311 19367 19565 13305 6260 19167 16144 16721 4647 13491 2446 1.26321e+06 11221 3846 665754 12074 661548 45481 24540 20941 15859 2653 7375 4467 2908
internal_count=2048690 685121 1363569 65046 1298523 35311 19367 19565 13305 6260 19167 16144 16721 4647 13491 2446 1263212 11221 3846 665754 12074 661548 45481 24540 20941 15859 2653 7375 4467 2908
is_linear=0
shrinkage=0.05


Tree=288
num_leaves=31
num_cat=0
split_feature=16 15 18 18 15 18 15 15 15 18 12 16 12 16 16 18 17 17 17 0 17 0 12 0 2 2 2 17 0 15
split_gain=394040 32265.3 14810.7 3057.59 2423.14 6370 4167.51 2935.33 1983.86 1800.88 1711.18 1340.14 1179.19 1264.13 1828.38 921.735 845.663 838.02 825.628 766.457 641.317 647.626 617.437 502.398 510.012 877.597 500.456 468.022 462.892 490.139
threshold=-0.84841212603516436 -0.74147133905778595 -0.11805555555555554 0.66709956709956719 -0.94322211476466788 0.98870020429009198 -1.0000000180025095e-35 -0.40070422535211264 -0.49827586206896546 -0.095454545454545445 -1.0000000180025095e-35 -0.26433425943349226 -1.0000000180025095e-35 -0.62084420919083605 -0.72921861616065475 -0.095454545454545445 1.5000000000000002 2.5000000000000004 31.500000000000004 -0.9159756150367534 1.0000000180025095e-35 -0.98296291314453399 -0.91666666666666663 0.91597561503675362 -0.60785761079279388 -0.8783796973249266 -0.60785761079279388 24.500000000000004 0.98296291314453421 -0.99693251533742322
decision_type=8 8 10 8 10 8 10 10 8 10 2 10 2 8 10 10 8 10 10 2 10 2 2 2 2 2 2 10 2 10
left_child=1 2 -1 27 5 -2 7 -6 -5 -4 -9 17 13 14 28 -12 19 -8 -11 -14 21 -13 -10 24 25 -23 -25 -3 29 -7
right_child=4 3 9 8 6 12 11 10 22 18 15 20 16 -15 -16 -17 -18 -19 -20 -21 -22 23 -24 26 -26 -27 -28 -29 -30 -31
leaf_value=-3.8405933283636177e-08 -3.3004640193068369e-07 2.2843576948927691e-07 7.162539314986561e-08 -9.926804919069276e-07 -1.7158956126528403e-07 2.3402793480897799e-08 0.00013182384174504225 -2.5873991305880306e-06 1.7560976939134944e-05 -1.0072773115599176e-08 -0.00014783693005754244 6.069738006230642e-05 -0.00099514163897733714 4.6097805470601829e-07 -1.0703434860648287e-09 -0.00015337459225778227 -0.0098392889207557649 -4.0347280541314095e-05 0.00017165921160791078 0.00050958975959524702 0 -8.432596393826048e-06 -0.0032824648976201897 3.939474710527307e-07 -1.4799244145291117e-06 -7.9501029256335127e-06 -3.8372444679865256e-06 -1.1800148245666443e-05 -0.010165858990416733 -7.1785158419213075e-07
leaf_weight=652438 21574 8542 2154 1277 10610 2590 4046 2901 7927 9752 10646 841 286 10011 1092 1208 2592 1881 1278 2780 1271835 2259 424 724 11003 2188 1743 1329 286 473
leaf_count=652438 21574 8542 2154 1277 10610 2590 4046 2901 7927 9752 10646 841 286 10011 1092 1208 2592 1881 1278 2780 1271835 2259 424 724 11003 2188 1743 1329 286 473
internal_value=-0.0160417 -0.0469772 -0.0488343 0.0164188 -0.000498251 0.0113713 -0.000872542 -0.0209442 0.0364666 0.00363319 -0.0353677 -0.000479861 0.0316161 0.0391918 0.0169894 -0.0437911 0.0122658 0.0232411 -0.00453309 0.0300391 -0.000588799 -0.0097665 0.0453419 -0.0117793 -0.00843366 -0.0227232 -0.0327321 -0.00313545 0.035309 0.0409892
internal_weight=2.04869e+06 685121 665622 19499 1.36357e+06 41684 1.32188e+06 25365 9628 13184 14755 1.29652e+06 20110 14452 4441 11854 5658 5927 11030 3066 1.29059e+06 18758 8351 17917 15450 4447 2467 9871 3349 3063
internal_count=2048690 685121 665622 19499 1363569 41684 1321885 25365 9628 13184 14755 1296520 20110 14452 4441 11854 5658 5927 11030 3066 1290593 18758 8351 17917 15450 4447 2467 9871 3349 3063
is_linear=0
shrinkage=0.05


Tree=289
num_leaves=31
num_cat=0
split_feature=16 15 17 17 15 17 15 15 15 12 17 16 16 17 17 16 11 17 1 4 3 0 16 0 17 0 15 1 4 17
split_gain=392521 32383.9 15005.3 2977.89 2433.45 6552.27 4144.61 2928.41 2020.38 1724.3 1688.82 1201.02 1739.48 920.304 788.103 713.224 661.631 641.993 8086.25 1474.87 1741.01 1715.03 1342.56 657.544 590.374 448.035 506.55 401.465 1274.4 376.579
threshold=-0.84841212603516436 -0.74147133905778595 8.5000000000000018 107.50000000000001 -0.94322211476466788 107.50000000000001 -1.0000000180025095e-35 -0.40070422535211264 -0.49827586206896546 -1.0000000180025095e-35 10.500000000000002 -0.62084420919083605 -0.72921861616065475 1.0000000180025095e-35 31.500000000000004 -0.3567892503536067 -0.83333333333333315 1.0000000180025095e-35 1.0000000180025095e-35 1.0000000180025095e-35 1.0000000180025095e-35 0.91597561503675362 -0.1451758081814003 -0.9159756150367534 2.5000000000000004 0.98296291314453421 -0.99693251533742322 0.25881904510252057 1.0000000180025095e-35 24.500000000000004
decision_type=8 8 10 8 8 8 8 10 8 2 10 8 10 10 10 10 2 10 2 2 2 2 10 2 10 2 10 2 2 10
left_child=1 2 -1 29 5 -2 7 -6 -5 -9 -4 12 25 -11 -12 24 -10 18 19 21 23 -17 -20 -21 -8 26 -7 28 -24 -3
right_child=4 3 10 8 6 11 15 9 16 13 14 -13 -14 -15 -16 17 -18 -19 22 20 -22 -23 27 -25 -26 -27 -28 -29 -30 -31
leaf_value=-3.648563661751148e-08 -2.8674007219731128e-07 2.6707293341310392e-07 6.8044123491262096e-08 -9.4304646731102617e-07 -1.6301008320396271e-07 2.223265380685291e-08 0.00027705235957991013 -2.4580291740572414e-06 1.6682928092182083e-05 -0.00014044508355466533 -9.5691344625947763e-09 4.3792915197515827e-07 -1.0168263120391431e-09 -0.00025233171608511905 0.00016307625102751633 6.0438796539764492e-05 -0.0033378651408764604 0 4.573798183587434e-08 -2.4942097193020621e-06 -2.7851663096149249e-06 -3.6453822445871991e-06 -1.4059281938026561e-06 5.9502305269114966e-07 -5.1531888638722827e-05 -0.0096575660408958937 -5.0433956473305845e-07 -1.2080256382921342e-05 6.0783179602989321e-06 -1.0936118894022684e-05
leaf_weight=652742 19201 8648 2198 1240 10610 2621 2933 2901 7927 10612 9404 10017 1156 1242 1278 6090 331 1279103 1304 225 1315 666 1163 1168 1864 286 582 8067 443 1353
leaf_count=652742 19201 8648 2198 1240 10610 2621 2933 2901 7927 10612 9404 10017 1156 1242 1278 6090 331 1279103 1304 225 1315 666 1163 1168 1864 286 582 8067 443 1353
internal_value=-0.0160793 -0.0469551 -0.0488157 0.0165573 -0.000565868 0.0126702 -0.000902944 -0.0209206 0.0366077 -0.035327 0.00462733 0.0378393 0.0168245 -0.0437827 -0.00358547 -0.000513669 0.0455437 -0.000584705 -0.00937576 0.0244928 -0.0066839 0.0369893 -0.0385761 0.0322685 0.0187305 0.0344368 0.0397908 -0.0449964 -0.0221669 -0.00248475
internal_weight=2.04869e+06 685121 665622 19499 1.36357e+06 33863 1.32971e+06 25365 9498 14755 12880 14662 4645 11854 10682 1.30434e+06 8258 1.29954e+06 20441 9464 2708 6756 10977 1393 4797 3489 3203 9673 1606 10001
internal_count=2048690 685121 665622 19499 1363569 33863 1329706 25365 9498 14755 12880 14662 4645 11854 10682 1304341 8258 1299544 20441 9464 2708 6756 10977 1393 4797 3489 3203 9673 1606 10001
is_linear=0
shrinkage=0.05


Tree=290
num_leaves=31
num_cat=0
split_feature=16 15 18 18 15 18 17 1 15 16 15 15 10 6 18 0 2 1 2 16 16 17 2 11 16 0 15 1 17 3
split_gain=391903 32530.6 15948.3 2927.13 2468.02 6632.84 4330.9 2430.24 7357.32 2036.3 1975.35 1905 1770.82 1765.05 1631.3 1322.37 1233.79 1625.05 1398.26 1179.58 1722.4 723.609 705.72 614.422 511.402 446.634 502.423 421.823 393.466 694.278
threshold=-0.84841212603516436 -0.74147133905778595 -0.11805555555555554 0.66709956709956719 -0.94322211476466788 0.83349834983498361 1.0000000180025095e-35 0.25881904510252057 -0.031293349653202768 -0.1451758081814003 -0.49827586206896546 -0.49827586206896546 -1.0000000180025095e-35 -1.0000000180025095e-35 -0.095454545454545445 0.91597561503675362 -0.60785761079279388 0.1294095225512602 -0.8783796973249266 -0.62084420919083605 -0.72921861616065475 31.500000000000004 -0.60785761079279388 -0.83333333333333315 -0.089955224685763599 0.98296291314453421 -0.99693251533742322 0.1294095225512602 21.500000000000004 1.0000000180025095e-35
decision_type=8 8 10 8 8 8 10 2 10 8 8 8 2 2 10 2 2 2 2 8 10 10 2 2 10 2 10 2 10 2
left_child=1 2 -1 -3 5 -2 7 8 11 -9 -5 13 -13 -6 -4 16 18 -18 -10 20 25 28 -17 -12 -24 26 -7 -20 -16 -30
right_child=4 3 14 10 6 19 -8 9 15 -11 23 12 -14 -15 21 22 17 -19 27 -21 -22 -23 24 -25 -26 -27 -28 -29 29 -31
leaf_value=-3.4661354786358345e-08 -2.7240306858522522e-07 -3.0774928074794875e-07 6.464191731891944e-08 -8.958941439429769e-07 -8.1303106357344397e-07 2.1121021120951158e-08 0 4.3451082744080622e-08 5.6527190005659222e-07 -1.1934612358558181e-05 1.5848781687577417e-05 5.4188333092985991e-05 -0.00013342282937693205 0.00041039525295922808 7.1817596314360799e-10 3.4449894486553668e-07 5.7416856712776262e-05 -1.3356317841125233e-06 -2.6459079941341784e-06 4.1603269437251459e-07 -9.6598499754740881e-10 0.00015492243847614606 0.00054919054534358514 -0.0029538661097044429 -3.4631131323578389e-06 -0.0091746877388511009 -4.7912258649418504e-07 2.1188985263953334e-05 -3.1839608509165456e-07 3.9304982090526688e-05
leaf_weight=652438 18923 9871 2154 1277 2160 2634 1290039 2911 1540 9099 7927 1249 10718 1597 4945 541 6545 673 1224 10261 1169 1278 144 424 1140 286 590 126 3285 1522
leaf_count=652438 18923 9871 2154 1277 2160 2634 1290039 2911 1540 9099 7927 1249 10718 1597 4945 541 6545 673 1224 10261 1169 1278 144 424 1140 286 590 126 3285 1522
internal_value=-0.0160781 -0.0469296 -0.0487944 0.0167265 -0.000576868 0.0127529 -0.00091633 -0.0171894 -0.00903388 -0.03597 0.0363419 -0.0314996 -0.0412509 -0.00043918 0.00565079 0.020569 0.0276415 0.0386949 3.46021e-05 0.0376573 0.0168519 -0.00212149 -0.0186027 0.0451982 -0.038785 0.034359 0.0396712 -0.0371111 -0.00675759 -0.016944
internal_weight=2.04869e+06 685121 665622 19499 1.36357e+06 33863 1.32971e+06 39667 27657 12010 9628 15724 11967 3757 13184 11933 10108 7218 2890 14940 4679 11030 1825 8351 1284 3510 3224 1350 9752 4807
internal_count=2048690 685121 665622 19499 1363569 33863 1329706 39667 27657 12010 9628 15724 11967 3757 13184 11933 10108 7218 2890 14940 4679 11030 1825 8351 1284 3510 3224 1350 9752 4807
is_linear=0
shrinkage=0.05


Tree=291
num_leaves=31
num_cat=0
split_feature=16 15 18 18 15 18 15 15 15 18 12 16 16 18 18 11 1 18 1 18 16 0 2 2 18 10 16 13 0 13
split_gain=393075 32546.7 15481.3 2927.13 2673.22 6318.9 4183.33 2931.48 1975.35 1699.14 1677.02 1179.58 1722.4 941.709 670.44 614.422 593.404 3686.85 3508.01 2383.53 1474.96 1097.15 1506.28 1722.39 765.594 603.912 637.642 866.9 577.265 538.091
threshold=-0.84841212603516436 -0.74147133905778595 -0.11805555555555554 0.66709956709956719 -0.94322211476466788 0.83349834983498361 -1.0000000180025095e-35 -0.40070422535211264 -0.49827586206896546 -0.095454545454545445 -1.0000000180025095e-35 -0.62084420919083605 -0.72921861616065475 -0.095454545454545445 -0.032795698924731172 -0.83333333333333315 -0.12940952255126037 inf 0.1294095225512602 inf -0.1451758081814003 0.91597561503675362 -0.60785761079279388 -0.8783796973249266 -0.032795698924731172 277.50000000000006 77.530214613640155 0.87965281125489481 1.0000000180025095e-35 8.4918236151132742
decision_type=8 8 10 8 8 8 8 10 8 10 2 8 10 10 10 2 2 8 2 8 8 2 2 2 10 2 10 2 2 2
left_child=1 2 -1 -3 5 -2 7 -6 -5 -4 -9 12 -7 -12 -11 -10 19 24 -19 25 -20 22 23 -21 -18 26 -8 -28 -29 -27
right_child=4 3 9 8 6 11 16 10 15 14 13 -13 -14 -15 -16 -17 17 18 20 21 -22 -23 -24 -25 -26 29 27 28 -30 -31
leaf_value=-3.2928287047040429e-08 -2.5878291515790688e-07 -2.9236181671166155e-07 6.140982145019791e-08 -8.5109943674388515e-07 -1.1420802586425972e-07 2.0064970063238264e-08 0 -4.47775324268207e-06 1.5056342603203544e-05 -1.1769045610288132e-08 -0.00012675168790808545 3.9523105965777461e-07 -9.1768574961292874e-10 -0.00013308927684063665 0.00014717631655234432 -0.0028061728042192203 3.7889142264047049e-05 2.8742208950073647e-07 4.1278528606876591e-08 5.3700830505376262e-07 -7.9497062030841578e-06 -3.2899574757399471e-06 5.4546013877137452e-05 -2.5136125944274697e-06 0 -0.10638951719805619 0.021417262238475135 0.10475532916973052 -0.089274442536460621 -2.2272367892990022
leaf_weight=652438 18923 9871 2154 1277 10610 3510 500409 2901 7927 9361 10646 10261 1169 1208 1669 424 5265 1967 1428 1263 9105 937 5904 1098 692070 11694 28891 21233 20500 2577
leaf_count=652438 18923 9871 2154 1277 10610 3510 500409 2901 7927 9361 10646 10261 1169 1208 1669 424 5265 1967 1428 1263 9105 937 5904 1098 692070 11694 28891 21233 20500 2577
internal_value=-0.0160478 -0.0469454 -0.0488106 0.0167265 -0.000523406 0.0133494 -0.000876698 -0.0209876 0.0363419 0.00483161 -0.0354016 0.0376573 0.0168519 -0.0437405 -0.00310063 0.0451982 -0.000485609 -0.00146161 -0.028376 0.000679724 -0.0398225 0.0259291 0.0317423 -0.00201186 -0.000979156 0.000282759 0.000536659 0.00498414 0.000375003 -0.00987667
internal_weight=2.04869e+06 685121 665622 19499 1.36357e+06 33863 1.32971e+06 25365 9628 13184 14755 14940 4679 11854 11030 8351 1.30434e+06 709835 12500 594506 10533 9202 8265 2361 697335 585304 571033 70624 41733 14271
internal_count=2048690 685121 665622 19499 1363569 33863 1329706 25365 9628 13184 14755 14940 4679 11854 11030 8351 1304341 709835 12500 594506 10533 9202 8265 2361 697335 585304 571033 70624 41733 14271
is_linear=0
shrinkage=0.05


Tree=292
num_leaves=31
num_cat=0
split_feature=16 17 17 12 17 17 1 16 1 16 16 16 16 4 1 3 0 0 16 1 1 16 16 1 16 17 0 0 17 1
split_gain=391346 20074.2 1355.66 1223.16 4927.16 3798.06 3461.58 7388.96 2326.04 1388.79 938.423 858.056 1499.02 825.102 1743.35 1506.94 935.193 1046.53 740.145 1473.2 729.753 704.563 515.993 505.24 490.463 467.391 518.902 442.193 423.812 557.983
threshold=-0.84841212603516436 8.5000000000000018 21.500000000000004 -1.0000000180025095e-35 318.00000000000006 1.0000000180025095e-35 0.25881904510252057 -1.0000000180025095e-35 1.0000000180025095e-35 -0.23992033006117511 -0.59962894248608523 -0.62084420919083605 -0.72921861616065475 1.0000000180025095e-35 0.1294095225512602 1.0000000180025095e-35 0.91597561503675362 0.98296291314453421 3.1650909810126584 1.0000000180025095e-35 1.0000000180025095e-35 -0.9990583804143125 -0.37445652173913041 0.25881904510252057 1.0000000180025095e-35 2.5000000000000004 0.91597561503675362 -0.9159756150367534 2.5000000000000004 1.0000000180025095e-35
decision_type=8 10 10 2 8 10 2 10 2 8 10 8 10 2 2 2 2 2 10 2 2 10 10 2 10 10 2 2 10 2
left_child=1 21 -3 4 18 6 7 10 -6 -8 -5 12 23 14 16 27 -9 -18 -2 -20 -17 28 -13 -10 25 26 -7 -15 -1 -30
right_child=3 2 -4 5 8 24 9 13 11 -11 -12 22 -14 15 -16 20 17 -19 19 -21 -22 -23 -24 -25 -26 -27 -28 -29 29 -31
leaf_value=-3.1281872692190408e-08 4.1781344817248822e-07 5.2184602317151277e-08 -3.0113769594608542e-07 -0.00062764862227617207 -1.0849762457354473e-07 0.00026319974160091689 -1.8182790824023908e-06 5.1818713183280577e-05 -0.0087159543551570458 -1.2079879496499458e-05 -0.00012041410351268118 3.7546950667488591e-07 -8.7180146435272832e-10 -2.4121339328148254e-06 -8.7136488475268917e-07 -2.3879319647060959e-06 -3.1254596019529496e-06 8.8769409012341237e-08 -9.9747220316359637e-06 9.8483668372617581e-07 2.7305098502569967e-07 -3.1281872692190408e-08 4.2808233852609236e-06 1.9061721556745683e-08 0 0.0002856594398846103 -5.9415894285471481e-05 5.1015788980107445e-07 -3.1281872692190408e-08 -3.1281872692190408e-08
leaf_weight=643794 21065 9752 9209 2273 5021 3625 1923 6133 401 8758 11007 9967 811 324 605 1237 576 576 11420 13088 214 4608 822 2451 1252314 7426 282 1250 8614 9144
leaf_count=643794 21065 9752 9209 2273 5021 3625 1923 6133 401 8758 11007 9967 811 324 605 1237 576 576 11420 13088 214 4608 822 2451 1252314 7426 282 1250 8614 9144
internal_value=-0.0161162 -0.0469458 0.00378408 -0.000626004 0.00606494 -0.000961169 -0.0172382 -0.00677206 0.027117 -0.0409465 -0.0318223 0.0373028 0.0163937 0.0237059 0.032218 0.00150413 0.0389911 -0.00234375 -0.00293046 -0.00883793 -0.0352516 -0.0483897 0.0444017 0.0334502 -0.000511931 0.00984294 0.0238418 0.0353875 -0.0485254 -0.0409055
internal_weight=2.04869e+06 685121 18961 1.36357e+06 65046 1.29852e+06 34876 24195 19473 10681 13280 14452 3663 10915 7890 3025 7285 1152 45573 24508 1451 666160 10789 2852 1.26365e+06 11333 3907 1574 661552 17758
internal_count=2048690 685121 18961 1363569 65046 1298523 34876 24195 19473 10681 13280 14452 3663 10915 7890 3025 7285 1152 45573 24508 1451 666160 10789 2852 1263647 11333 3907 1574 661552 17758
is_linear=0
shrinkage=0.05


Tree=293
num_leaves=31
num_cat=0
split_feature=16 15 18 18 15 18 15 15 15 18 12 16 16 18 17 5 0 15 15 17 5 18 8 0 0 0 0 0 17 18
split_gain=391671 32576.5 14212.5 2922.43 2553.01 6650.89 4081.78 2960.81 1973.23 1896.19 1671.69 1133.43 1761.84 923.85 862.566 613.669 458.613 458.99 395.805 2906.34 1145.61 1044.37 689.451 615.631 781.54 1954.48 672.224 501.299 719.813 655.842
threshold=-0.84841212603516436 -0.74147133905778595 -0.11805555555555554 0.66709956709956719 -0.94322211476466788 0.83349834983498361 -1.0000000180025095e-35 -0.40070422535211264 -0.49827586206896546 -0.095454545454545445 -1.0000000180025095e-35 -0.62084420919083605 -0.72921861616065475 -0.095454545454545445 31.500000000000004 -1.0000000180025095e-35 0.98296291314453421 -0.99693251533742322 98.995145631067984 109.50000000000001 93.500000000000014 0.98961031951640777 92.500000000000014 0.78656609248549325 -1.0000000180025095e-35 -0.37940952255126065 0.98296291314453421 -0.70710678118654735 171.50000000000003 0.758774630541872
decision_type=8 8 10 8 8 8 8 10 8 10 2 8 10 10 10 2 2 10 10 8 2 10 2 2 2 2 2 2 10 10
left_child=1 2 -1 -3 5 -2 7 -6 -5 -4 -9 12 16 -12 -11 -10 17 -7 20 23 22 -22 -8 24 25 -20 -25 28 -21 -29
right_child=4 3 9 8 6 11 18 10 15 14 13 -13 -14 -15 -16 -17 -18 -19 19 27 21 -23 -24 26 -26 -27 -28 29 -30 -31
leaf_value=-2.9717779059801331e-08 -2.6673444180613795e-07 -2.8035295598916044e-07 5.5730100256834447e-08 -8.0698037127624467e-07 -1.0307274334597772e-07 1.810863548001862e-08 0 -4.2484406993226198e-06 1.4305089566679641e-05 -1.378982344424351e-08 -0.00011439339833704712 3.566960313450274e-07 -8.2821138835953434e-10 -0.00013959480007865732 0.00013983255760952051 -0.0026658625999146247 -0.0082801566373991945 8.9993298957313791e-08 -0.036548496362109266 -0.1037874385713792 0.012930221330411485 0.022727851708116021 -0.085276349742112956 -0.0032194854002220554 -0.0010202474903458381 0.0032588612860081413 -0.0035502573536724926 -0.06698859656271737 0.25021879174633599 0.00024154095672059841
leaf_weight=652438 18923 9871 2154 1277 10610 2634 1145975 2901 7927 9752 10646 10261 1169 1208 1278 424 286 590 1462 4369 15212 9619 5161 3638 5706 873 933 22927 18041 70425
leaf_count=652438 18923 9871 2154 1277 10610 2634 1145975 2901 7927 9752 10646 10261 1169 1208 1278 424 286 590 1462 4369 15212 9619 5161 3638 5706 873 933 22927 18041 70425
internal_value=-0.0161475 -0.0469899 -0.048856 0.0167111 -0.000650865 0.0129064 -0.000996122 -0.0208614 0.0363108 0.00254096 -0.0353473 0.0378447 0.0174503 -0.043673 -0.00583862 0.0451623 0.0351567 0.0405397 -0.00060981 -0.00324598 -0.000322033 0.0103037 -0.000551238 -0.0260387 -0.0343676 -0.01 -0.011387 -0.000762772 0.0059527 -0.00237488
internal_weight=2.04869e+06 685121 665622 19499 1.36357e+06 33863 1.32971e+06 25365 9628 13184 14755 14940 4679 11854 11030 8351 3510 3224 1.30434e+06 128374 1.17597e+06 24831 1.15114e+06 12612 8041 2335 4571 115762 22410 93352
internal_count=2048690 685121 665622 19499 1363569 33863 1329706 25365 9628 13184 14755 14940 4679 11854 11030 8351 3510 3224 1304341 128374 1175967 24831 1151136 12612 8041 2335 4571 115762 22410 93352
is_linear=0
shrinkage=0.05


Tree=294
num_leaves=31
num_cat=0
split_feature=15 18 12 15 12 15 15 15 11 18 17 17 17 2 17 1 1 15 2 1 17 1 17 2 2 0 10 5 15 0
split_gain=371539 20712.7 4625.61 2121.77 4588.56 2786.87 1596.69 1265.65 2023.92 1188.5 1182.11 959.1 937.564 703.746 1396.67 639.461 628.25 928.438 567.62 530.75 3442.88 3594.9 2691.42 1087.61 1932.46 1645.74 738.642 2032.58 2253.8 1254.65
threshold=-0.82101686688508668 -0.11805555555555554 -0.91666666666666663 -1.0000000180025095e-35 -1.0000000180025095e-35 -0.49827586206896546 -0.74147133905778595 -1.0000000180025095e-35 -0.49999999999999994 -0.095454545454545445 4.5000000000000009 8.5000000000000018 1.0000000180025095e-35 1.0000000180025095e-35 1.5000000000000002 0.98296291314453421 0.25881904510252057 -0.96326902320561236 -0.60785761079279388 -0.12940952255126037 1.0000000180025095e-35 0.1294095225512602 1.0000000180025095e-35 -0.60785761079279388 -0.8783796973249266 0.91597561503675362 73.500000000000014 102.50000000000001 98.995145631067984 -1.0000000180025095e-35
decision_type=8 10 2 8 2 10 10 10 2 10 10 10 10 2 8 2 2 10 2 2 10 2 10 2 2 2 2 2 10 2
left_child=1 2 12 4 6 -6 -2 8 15 -7 18 -12 16 14 -10 -5 -1 -18 -8 22 21 -21 23 24 -9 -25 -22 28 -28 -30
right_child=3 -3 -4 7 5 9 10 19 13 -11 11 -13 -14 -15 -16 -17 17 -19 -20 20 26 -23 -24 25 -26 -27 27 -29 29 -31
leaf_value=-2.8231890109031711e-08 -2.8231890109031711e-08 -7.2365128445106565e-09 0.00012359447504993739 4.7177779643470252e-05 0.00020656737015439152 -0.00010867372842019476 1.3589835088345659e-05 4.8464999531102083e-07 0.00048601159809761322 -5.1922185548336497e-05 -3.2083087851131342e-06 4.6891489854261616e-06 -2.8231890109031711e-08 -0.00061967914072508234 -0.025050990828393949 -1.2247155418126932e-05 -2.8231890109031711e-08 -1.004368488716212e-06 3.8769193125842707e-07 5.7172981160756178e-06 0 -6.9482269181049764e-06 0 4.9227777524116551e-05 -2.2685353664707912e-06 -2.9691866218553021e-06 -0.01058146240075928 0.0056404926150051445 -0.034214472548731577 -0.003058511130210917
leaf_weight=365221 3074 26966 2411 4079 2869 11401 5298 1479 2287 1482 1495 3315 29705 2331 2881 190 275485 1185 4953 1945 579444 10200 586571 5805 1248 693 35834 68006 3077 7760
leaf_count=365221 3074 26966 2411 4079 2869 11401 5298 1479 2287 1482 1495 3315 29705 2331 2881 190 275485 1185 4953 1945 579444 10200 586571 5805 1248 693 35834 68006 3077 7760
internal_value=-0.0161337 -0.0456582 -0.0473773 -0.000777389 -0.0131304 -0.032872 0.00401709 -0.000458773 0.0158651 -0.0427967 0.0107197 -0.00972973 -0.0476255 0.000220029 0.010507 0.0433474 -0.0480274 -0.0462302 0.0203151 -0.000606308 -0.00153349 -0.0279251 0.000492786 0.02729 0.000788412 0.0384118 -0.00107172 -0.00473809 -0.0127735 -0.0327535
internal_weight=2.04869e+06 700973 674007 1.34772e+06 33887 15752 18135 1.31383e+06 11768 12883 15061 4810 671596 7499 5168 4269 641891 276670 10251 1.30206e+06 706266 12145 595796 9225 2727 6498 694121 114677 46671 10837
internal_count=2048690 700973 674007 1347717 33887 15752 18135 1313830 11768 12883 15061 4810 671596 7499 5168 4269 641891 276670 10251 1302062 706266 12145 595796 9225 2727 6498 694121 114677 46671 10837
is_linear=0
shrinkage=0.05


Tree=295
num_leaves=31
num_cat=0
split_feature=16 15 18 1 15 18 18 18 1 15 18 16 15 11 12 0 1 15 4 1 3 18 5 16 15 18 0 13 1 16
split_gain=397405 23721.8 14360.9 3086.59 2920.61 6699.79 4509.1 2525.81 2471.57 7081.63 1872.13 1856.97 1802.87 1846.12 1825.84 1694.87 1464.88 1233.54 1205.43 1611.54 1377.56 785.779 626.056 557.42 553.7 621.317 477.616 448.401 414.047 401.591
threshold=-0.84841212603516436 -0.74147133905778595 -0.11805555555555554 0.25881904510252057 -0.94322211476466788 0.83349834983498361 inf 0.91672445677300052 0.25881904510252057 -0.043636940653760704 -0.095454545454545445 -0.1451758081814003 -0.49827586206896546 -0.49999999999999994 -1.0000000180025095e-35 0.91597561503675362 0.25881904510252057 -0.49827586206896546 1.0000000180025095e-35 0.1294095225512602 1.0000000180025095e-35 -0.032795698924731172 -1.0000000180025095e-35 -0.1451758081814003 0.46821976838136287 -0.046822076110779036 -0.70710678118654735 1.0000000180025095e-35 0.1294095225512602 0.21688681631710352
decision_type=8 8 10 2 8 8 8 8 2 10 10 8 8 2 2 2 2 8 2 2 2 10 2 10 10 10 2 2 2 10
left_child=1 2 -1 7 5 29 -6 24 9 12 -4 -10 13 -8 -14 18 26 -9 19 -11 -20 -12 -19 -17 -3 -26 27 -7 -22 -2
right_child=4 3 10 -5 6 16 8 17 11 15 21 -13 14 -15 -16 23 -18 22 20 -21 28 -23 -24 -25 25 -27 -28 -29 -30 -31
leaf_value=-2.6820295601082124e-08 4.7453748786008282e-08 -5.45381373001641e-07 5.3305420888438705e-08 -2.4706851805000874e-07 0 -5.1754307096030241e-07 -7.7547518727016933e-07 -1.4461231071294379e-06 -1.3618420999783609e-07 4.6766388647910721e-05 -1.2738506632858915e-08 -9.9889911097458416e-06 5.2362965112739968e-05 0.00038962854484927045 -0.00010324004199918501 0.00052806468045691983 3.4027282428406027e-07 4.4818890661302296e-05 4.6041749554546974e-07 -4.8038529460980592e-07 -2.1551085981472516e-06 0.00013284129155469727 -0.0025816483473074859 -2.0153396724205671e-07 5.0361960177824912e-06 -1.1223031459728361e-06 3.633421714077656e-06 0.00088029375880281928 2.086078010756384e-05 -2.1295060765202933e-05
leaf_weight=652438 5858 5425 2154 3270 1290039 1329 2160 983 2911 6593 9361 9099 1352 1597 10517 238 11143 6061 1544 673 1236 1669 361 1621 1674 1725 2166 302 126 13065
leaf_count=652438 5858 5425 2154 3270 1290039 1329 2160 983 2911 6593 9361 9099 1352 1597 10517 238 11143 6061 1544 673 1236 1669 361 1621 1674 1725 2166 302 126 13065
internal_value=-0.0161909 -0.0472581 -0.0488505 0.00710036 -0.000581195 0.0139193 -0.000950473 0.0160299 -0.0175549 -0.00933037 0.00281402 -0.0364946 -0.0315308 -0.00134416 -0.041086 0.0195038 0.0389491 0.0375625 0.0275265 0.0384118 0.000309704 -0.00551224 0.0455466 -0.0243948 -0.00203989 0.0137835 0.012128 -0.00830779 -0.0363436 -0.0058421
internal_weight=2.04869e+06 685121 665622 19499 1.36357e+06 33863 1.32971e+06 16229 39667 27657 13184 12010 15626 3757 11869 12031 14940 7405 10172 7266 2906 11030 6422 1859 8824 3399 3797 1631 1362 18923
internal_count=2048690 685121 665622 19499 1363569 33863 1329706 16229 39667 27657 13184 12010 15626 3757 11869 12031 14940 7405 10172 7266 2906 11030 6422 1859 8824 3399 3797 1631 1362 18923
is_linear=0
shrinkage=0.05


Tree=296
num_leaves=31
num_cat=0
split_feature=16 17 10 17 17 1 16 1 0 16 2 1 2 17 16 2 13 16 16 16 1 16 16 1 0 16 17 16 0 2
split_gain=396371 19502.4 1311.77 4275.68 3393.35 2992.58 5263.14 2279.8 2097.59 1491.31 1255.86 2034 1420.3 1159.6 902.471 814.692 814.349 813.939 1158.62 670.686 517.644 485.99 468.276 1126.94 539.396 442.544 419.135 450.611 418.156 402.22
threshold=-0.84841212603516436 8.5000000000000018 -1.0000000180025095e-35 1.0000000180025095e-35 318.00000000000006 0.25881904510252057 -1.0000000180025095e-35 0.25881904510252057 0.91597561503675362 -0.16735933269920242 -0.60785761079279388 0.1294095225512602 -0.8783796973249266 21.500000000000004 -0.59962894248608523 -0.8783796973249266 1.0000000180025095e-35 -0.62084420919083605 -0.72921861616065475 -0.9990583804143125 -0.70710678118654757 -0.4493384260826121 3.1650909810126584 0.78656609248549303 0.37940952255126054 -0.1451758081814003 10.500000000000002 -0.97092680047225488 -0.9159756150367534 -0.60785761079279388
decision_type=8 10 2 10 8 2 10 2 2 8 2 2 2 10 10 2 2 8 10 10 2 10 10 2 2 10 10 10 2 2
left_child=1 19 4 5 22 6 14 20 10 -7 12 -12 28 26 -4 -10 21 18 -9 -1 -6 29 -2 24 -24 -23 27 -3 -8 -16
right_child=2 13 3 -5 7 9 8 17 15 -11 11 -13 -14 -15 16 -17 -18 -19 -20 -21 -22 25 23 -25 -26 -27 -28 -29 -30 -31
leaf_value=-2.5479280818530017e-08 8.0502104855550986e-07 5.0640149840130992e-08 -0.00010665622097935091 0 -2.3315532706180698e-07 -1.3731445718771308e-06 -2.6004130167551382e-06 1.6011569958784834e-09 2.9468090420748471e-06 -9.4895415542585502e-06 4.4428069215515185e-05 -4.5636602987931565e-07 -2.0473531682398891e-06 -2.8439256901102717e-07 0.00041147565088472254 -2.8106505924004339e-06 0.00083627907086267781 3.2325918306597148e-07 -1.6388847529080763e-08 -2.5479280818530017e-08 2.9256329849625121e-06 -0.00010027497142404962 -9.0931480572931111e-06 1.7282167744980814e-05 -1.4641727682007667e-06 -0.0017026928622795737 5.2825412044654744e-09 -2.970329593060539e-06 4.3739662076819626e-07 -9.8078039899225761e-05
leaf_weight=661552 21886 3319 2397 1261258 2077 2142 324 2390 240 8739 6133 605 1231 9209 249 1372 389 9215 623 4608 3931 2337 9411 5389 11238 1116 6194 239 1010 7867
leaf_count=661552 21886 3319 2397 1261258 2077 2142 324 2390 240 8739 6133 605 1231 9209 249 1372 389 9215 623 4608 3931 2337 9411 5389 11238 1116 6194 239 1010 7867
internal_value=-0.016225 -0.0472519 -0.000635685 -0.000985888 0.00623186 -0.01794 -0.0085002 0.0245887 0.0176683 -0.0398631 0.0267924 0.038127 -0.00298246 0.00275038 -0.0283978 -0.0349876 -0.0340107 0.0369807 0.0144208 -0.0486751 -0.00063249 -0.0364033 -0.000753276 -0.00528458 -0.0105986 -0.0206922 0.0147662 0.0284429 0.0327586 -0.0430877
internal_weight=2.04869e+06 685121 1.36357e+06 1.29741e+06 66160 36151 25270 18236 10915 10881 9303 6738 2565 18961 14355 1612 11958 12228 3013 666160 6008 11569 47924 26038 20649 3453 9752 3558 1334 8116
internal_count=2048690 685121 1363569 1297409 66160 36151 25270 18236 10915 10881 9303 6738 2565 18961 14355 1612 11958 12228 3013 666160 6008 11569 47924 26038 20649 3453 9752 3558 1334 8116
is_linear=0
shrinkage=0.05


Tree=297
num_leaves=31
num_cat=0
split_feature=15 17 12 15 12 15 15 17 17 5 17 1 17 17 1 2 2 0 1 15 15 10 10 17 15 0 5 15 5 13
split_gain=370661 20632.8 5256.43 2384.32 4039.79 2728.05 1999.75 1923.65 1159.06 946.269 775.654 658.282 5384.65 3764.89 2786.93 1208.51 1932.46 1247.03 586.577 932.82 546.952 533.355 522.057 936.773 1393.01 1624.63 1047.51 765.169 2350.38 1410.46
threshold=-0.82101686688508668 8.5000000000000018 -0.91666666666666663 -1.0000000180025095e-35 -1.0000000180025095e-35 -0.49827586206896546 -0.49827586206896546 1.0000000180025095e-35 1.0000000180025095e-35 -1.0000000180025095e-35 1.0000000180025095e-35 -0.12940952255126037 1.0000000180025095e-35 1.0000000180025095e-35 0.25881904510252057 -0.60785761079279388 -0.8783796973249266 0.91597561503675362 0.25881904510252057 -0.96326902320561236 370.7405956112853 -1.0000000180025095e-35 2.5000000000000004 16.500000000000004 9.8576036866359456 0.98296291314453421 9.5000000000000018 43.380749354005175 43.500000000000007 2.8479344402135331
decision_type=8 10 2 8 2 10 10 10 10 2 10 2 10 10 2 2 2 2 2 10 10 2 2 10 8 2 2 8 2 2
left_child=1 2 10 4 6 -6 -2 9 -7 -8 18 13 14 15 -13 16 -5 -17 -1 -20 -15 -19 -14 24 26 -26 -24 28 -25 -29
right_child=3 -3 -4 11 5 8 7 -9 -10 -11 -12 12 22 20 -16 17 -18 21 19 -21 -22 -23 23 27 25 -27 -28 29 -30 -31
leaf_value=-2.4205316778713737e-08 -7.108485453044544e-08 -6.4802506749561677e-09 0.00016069106769974752 4.155267897297864e-07 0.00018209038545317596 -9.3174137904264464e-05 1.0670672764911961e-05 -8.9552433347295242e-06 -0.00013001895079730596 -0.00043931722846429284 -2.4205316778713737e-08 1.9920108760597644e-05 0 0 -5.626888938999508e-06 4.2206665754739432e-05 -1.9449855098278949e-06 4.2579220092286986e-05 -2.4205316778713737e-08 -9.4742091162891568e-07 -0.43537050974853175 -2.6701180627804123e-06 -0.00056951021077402688 0.00016893554125090306 -0.0071116056043337931 0.005196752876156641 0.017213938195398095 -0.0032198189294788907 0.21949041337314129 0.21127397129818634
leaf_weight=365221 8308 26303 3074 1479 2869 11355 4868 4071 1528 888 29705 3492 372921 583509 11243 7383 1248 224 275485 1185 6134 666 40956 106584 16369 1698 5621 127403 6717 20183
leaf_count=365221 8308 26303 3074 1479 2869 11355 4868 4071 1528 888 29705 3492 372921 583509 11243 7383 1248 224 275485 1185 6134 666 40956 106584 16369 1698 5621 127403 6717 20183
internal_value=-0.0162234 -0.045713 -0.0474067 -0.000885275 -0.0139803 -0.0325038 0.00210918 0.0173756 -0.0423232 0.0359798 -0.0477053 -0.000547521 -0.00157462 0.00067203 -0.0314863 0.0296545 0.000788412 0.0391696 -0.0480709 -0.0463343 0.000131351 -0.0167416 -0.000943587 -0.00240668 -0.007795 -0.0195799 -0.00322369 -0.00107154 0.00201896 -0.00344409
internal_weight=2.04869e+06 700973 674670 1.34772e+06 33887 15752 18135 9827 12883 5756 671596 1.31383e+06 713187 600643 14735 11000 2727 8273 641891 276670 589643 890 698452 325531 64644 18067 46577 260887 113301 147586
internal_count=2048690 700973 674670 1347717 33887 15752 18135 9827 12883 5756 671596 1313830 713187 600643 14735 11000 2727 8273 641891 276670 589643 890 698452 325531 64644 18067 46577 260887 113301 147586
is_linear=0
shrinkage=0.05


Tree=298
num_leaves=31
num_cat=0
split_feature=15 18 12 15 12 15 15 18 15 17 18 12 17 1 15 1 17 17 0 2 2 0 10 6 15 0 6 0 18 7
split_gain=373755 21415.4 2722.88 2393.97 4142.34 2654.48 1921.09 1962.31 1853.09 1936.89 1165.7 833.918 781.599 574.428 931.35 521.034 5009.24 2691.89 1464.94 1087.61 1932.46 1645.74 516.061 1353.81 2589.81 1386.79 1344.9 1257.02 1190.18 889.316
threshold=-0.82101686688508668 -0.11805555555555554 -0.41666666666666657 -1.0000000180025095e-35 -1.0000000180025095e-35 -0.49827586206896546 -0.49827586206896546 -0.0088569976146717216 -1.0000000180025095e-35 1.5000000000000002 -0.095454545454545445 -0.91666666666666663 1.0000000180025095e-35 0.25881904510252057 -0.96326902320561236 -0.12940952255126037 1.0000000180025095e-35 1.0000000180025095e-35 -0.9159756150367534 -0.60785761079279388 -0.8783796973249266 0.91597561503675362 73.500000000000014 102.50000000000001 98.995145631067984 -1.0000000180025095e-35 90.500000000000014 -0.37940952255126065 0.98961031951640777 89.500000000000014
decision_type=8 10 2 8 2 10 10 8 10 10 10 2 10 2 10 2 10 10 2 2 2 2 2 2 10 2 2 2 10 2
left_child=1 2 12 4 6 -6 -2 -8 9 -5 -7 -9 13 -1 -15 17 18 19 -17 20 -10 -21 -18 24 26 27 29 -26 -28 -24
right_child=3 -3 -4 8 5 10 7 11 15 -11 -12 -13 -14 14 -16 16 22 -19 -20 21 -22 -23 23 -25 25 -27 28 -29 -30 -31
leaf_value=-2.2995050941165831e-08 -6.7530611802535398e-08 -6.1562381414859148e-09 0.00031748378812431827 4.0468886804545527e-05 0.00017298586618051713 -8.8515431009051246e-05 -8.5074811679908272e-06 1.0137139126664697e-05 3.9475045024329709e-07 -0.020441072790963168 -4.2825128731049933e-05 -0.00026526604832640625 -2.2995050941165831e-08 -2.2995050941165831e-08 -9.0004986604830259e-07 2.1385072592207879e-05 0 0 -5.3455444920495327e-06 4.0096332467002459e-05 -1.8477362343365002e-06 -2.5366121596413917e-06 -0.018255401564798036 0.003067436358450948 -0.032849356970093169 -0.0027445946272266044 -0.0089433261180758457 0.0049676327956177605 0.0029899301945551572 -0.022020625073370326
leaf_weight=365862 8308 26966 1675 7518 2869 11401 4039 4741 1479 4250 1482 1047 29743 275529 1198 1984 579444 586571 10161 5805 1248 693 19339 67947 2171 7730 8287 1005 5046 3152
leaf_count=365862 8308 26966 1675 7518 2869 11401 4039 4741 1479 4250 1482 1047 29743 275529 1198 1984 579444 586571 10161 5805 1248 693 19339 67947 2171 7730 8287 1005 5046 3152
internal_value=-0.0161604 -0.0457729 -0.0475209 -0.000758468 -0.01388 -0.0326371 0.00241246 0.0173756 -0.000420032 0.0193321 -0.0423232 0.0360401 -0.0476796 -0.0480463 -0.0463274 -0.000598551 -0.0015172 0.000490436 -0.0333512 0.02729 0.000788412 0.0384118 -0.000960207 -0.00402478 -0.0105756 -0.031909 -0.00408106 -0.0040932 0.00850146 -0.0115402
internal_weight=2.04869e+06 700973 674007 1.34772e+06 33887 15752 18135 9827 1.31383e+06 11768 12883 5788 672332 642589 276727 1.30206e+06 706266 595796 12145 9225 2727 6498 694121 114677 46730 10906 35824 3176 13333 22491
internal_count=2048690 700973 674007 1347717 33887 15752 18135 9827 1313830 11768 12883 5788 672332 642589 276727 1302062 706266 595796 12145 9225 2727 6498 694121 114677 46730 10906 35824 3176 13333 22491
is_linear=0
shrinkage=0.05


Tree=299
num_leaves=31
num_cat=0
split_feature=16 17 17 10 17 17 1 16 1 0 2 1 2 16 16 13 2 16 16 16 1 16 1 5 16 17 1 0 17 1
split_gain=395194 20114 1314.41 1111.16 4597.17 3620.42 3079.2 5460.75 2267.71 2097.59 1255.86 2034 1420.3 1201.82 819.85 816.172 814.692 813.939 1158.62 670.617 515.361 430.466 882.327 470.586 426.021 425.732 502.487 418.156 401.763 689.555
threshold=-0.84841212603516436 8.5000000000000018 21.500000000000004 -1.0000000180025095e-35 1.0000000180025095e-35 318.00000000000006 0.25881904510252057 -1.0000000180025095e-35 0.25881904510252057 0.91597561503675362 -0.60785761079279388 0.1294095225512602 -0.8783796973249266 -0.16735933269920242 -0.59962894248608523 1.0000000180025095e-35 -0.8783796973249266 -0.62084420919083605 -0.72921861616065475 -0.9990583804143125 -0.70710678118654757 3.1650909810126584 1.0000000180025095e-35 1.5000000000000002 -0.44330887061025454 2.5000000000000004 1.0000000180025095e-35 -0.9159756150367534 24.500000000000004 1.0000000180025095e-35
decision_type=8 10 10 2 10 8 2 10 2 2 2 2 2 8 10 2 2 8 10 10 2 10 2 2 10 10 2 2 10 2
left_child=1 19 -3 5 6 21 7 14 20 10 12 -12 27 -8 -5 24 -11 18 -10 25 -7 -2 23 -23 -16 -1 -27 -9 29 -4
right_child=3 2 28 4 -6 8 13 9 17 16 11 -13 -14 -15 15 -17 -18 -19 -20 -21 -22 22 -24 -25 -26 26 -28 -29 -30 -31
leaf_value=-2.1845298392442204e-08 7.6713001452288769e-07 4.2585238735348699e-08 -2.6954111611576795e-07 -8.8593641152306956e-05 0 -2.1913754232327777e-07 -1.0404632227335382e-06 -4.5356514335576576e-06 3.8811175384623198e-09 2.4148475522580747e-06 3.8091515843652331e-05 -2.4988067960256263e-06 -1.7553494226196752e-06 -8.4664428049931696e-06 -8.4089659458598678e-05 0.00077055637452834176 -2.4097815516593223e-06 3.0945624230893647e-07 -1.3209386767742971e-08 -2.1845298392442204e-08 2.7817113541050989e-06 -7.4735770108913524e-06 4.9870599841961296e-07 0.041235963341113374 -0.00064314898469789317 -2.1845298392442204e-08 -2.1845298392442204e-08 3.7501292773113221e-07 1.501364079070644e-06 -4.9410696564278209e-07
leaf_weight=643794 21886 9752 2910 2397 1261258 2077 2142 324 2390 240 6133 605 1231 8739 8310 389 1372 9215 623 4608 3931 11320 13429 1289 3259 8614 9144 1010 3365 2934
leaf_count=643794 21886 9752 2910 2397 1261258 2077 2142 324 2390 240 6133 605 1231 8739 8310 389 1372 9215 623 4608 3931 11320 13429 1289 3259 8614 9144 1010 3365 2934
internal_value=-0.0162263 -0.0472071 0.00357312 -0.000660106 -0.00098242 0.00566052 -0.0185624 -0.00898694 0.0246216 0.0176683 0.0267924 0.038127 -0.00298246 -0.0408005 -0.0292546 -0.0346044 -0.0349876 0.0369807 0.0144208 -0.0486524 -0.000532623 -0.00155454 -0.00589907 -0.0153977 -0.0369997 -0.0487848 -0.0411477 0.0327586 -0.00997394 -0.0178987
internal_weight=2.04869e+06 685121 18961 1.36357e+06 1.29741e+06 66160 36151 25270 18236 10915 9303 6738 2565 10881 14355 11958 1612 12228 3013 666160 6008 47924 26038 12609 11569 661552 17758 1334 9209 5844
internal_count=2048690 685121 18961 1363569 1297409 66160 36151 25270 18236 10915 9303 6738 2565 10881 14355 11958 1612 12228 3013 666160 6008 47924 26038 12609 11569 661552 17758 1334 9209 5844
is_linear=0
shrinkage=0.05


end of trees

feature_importances:
park_hour_mean=1505
park_dow_mean=1212
park_capacity=1130
lag_1=926
occupancy_ratio=919
hour_cos=853
hour_sin=741
roll_mean_3=301
roll_mean_6=285
roll_std_6=262
lag_6=230
dow_sin=202
roll_std_3=131
lag_2=80
dow_cos=59
lag_5=58
lag_3=50
lag_4=30
is_weekend=26

parameters:
[boosting: gbdt]
[objective: regression_l1]
[metric: l1]
[tree_learner: serial]
[device_type: cpu]
[data_sample_strategy: bagging]
[data: ]
[valid: ]
[num_iterations: 300]
[learning_rate: 0.05]
[num_leaves: 31]
[num_threads: 8]
[seed: 0]
[deterministic: 0]
[force_col_wise: 0]
[force_row_wise: 0]
[histogram_pool_size: -1]
[max_depth: -1]
[min_data_in_leaf: 20]
[min_sum_hessian_in_leaf: 0.001]
[bagging_fraction: 0.8]
[pos_bagging_fraction: 1]
[neg_bagging_fraction: 1]
[bagging_freq: 0]
[bagging_seed: 3]
[bagging_by_query: 0]
[feature_fraction: 0.8]
[feature_fraction_bynode: 1]
[feature_fraction_seed: 2]
[extra_trees: 0]
[extra_seed: 6]
[early_stopping_round: 0]
[early_stopping_min_delta: 0]
[first_metric_only: 0]
[max_delta_step: 0]
[lambda_l1: 0]
[lambda_l2: 0]
[linear_lambda: 0]
[min_gain_to_split: 0]
[drop_rate: 0.1]
[max_drop: 50]
[skip_drop: 0.5]
[xgboost_dart_mode: 0]
[uniform_drop: 0]
[drop_seed: 4]
[top_rate: 0.2]
[other_rate: 0.1]
[min_data_per_group: 100]
[max_cat_threshold: 32]
[cat_l2: 10]
[cat_smooth: 10]
[max_cat_to_onehot: 4]
[top_k: 20]
[monotone_constraints: ]
[monotone_constraints_method: basic]
[monotone_penalty: 0]
[feature_contri: ]
[forcedsplits_filename: ]
[refit_decay_rate: 0.9]
[cegb_tradeoff: 1]
[cegb_penalty_split: 0]
[cegb_penalty_feature_lazy: ]
[cegb_penalty_feature_coupled: ]
[path_smooth: 0]
[interaction_constraints: ]
[verbosity: -1]
[saved_feature_importance_type: 0]
[use_quantized_grad: 0]
[num_grad_quant_bins: 4]
[quant_train_renew_leaf: 0]
[stochastic_rounding: 1]
[linear_tree: 0]
[max_bin: 255]
[max_bin_by_feature: ]
[min_data_in_bin: 3]
[bin_construct_sample_cnt: 200000]
[data_random_seed: 1]
[is_enable_sparse: 1]
[enable_bundle: 1]
[use_missing: 1]
[zero_as_missing: 0]
[feature_pre_filter: 1]
[pre_partition: 0]
[two_round: 0]
[header: 0]
[label_column: ]
[weight_column: ]
[group_column: ]
[ignore_column: ]
[categorical_feature: ]
[forcedbins_filename: ]
[precise_float_parser: 0]
[parser_config_file: ]
[objective_seed: 5]
[num_class: 1]
[is_unbalance: 0]
[scale_pos_weight: 1]
[sigmoid: 1]
[boost_from_average: 1]
[reg_sqrt: 0]
[alpha: 0.9]
[fair_c: 1]
[poisson_max_delta_step: 0.7]
[tweedie_variance_power: 1.5]
[lambdarank_truncation_level: 30]
[lambdarank_norm: 1]
[label_gain: ]
[lambdarank_position_bias_regularization: 0]
[eval_at: ]
[multi_error_top_k: 1]
[auc_mu_weights: ]
[num_machines: 1]
[local_listen_port: 12400]
[time_out: 120]
[machine_list_filename: ]
[machines: ]
[gpu_platform_id: -1]
[gpu_device_id: -1]
[gpu_use_dp: 0]
[num_gpu: 1]

end of parameters

pandas_categorical:[]
