tree
version=v4
num_class=1
num_tree_per_iteration=1
label_index=0
max_feature_idx=18
objective=regression_l1
feature_names=hour_sin hour_cos dow_sin dow_cos is_weekend lag_1 lag_2 lag_3 lag_4 lag_5 lag_6 roll_mean_3 roll_mean_6 roll_std_3 roll_std_6 park_hour_mean park_dow_mean park_capacity occupancy_ratio
feature_infos=[-1:1] [-1:1] [-0.97492791218182362:0.97492791218182362] [-0.90096886790241903:1] [0:1] [-19:773] [-37:773] [-37:773] [-35:773] [-35:772] [-37:772] [-18.666666666666668:773] [-21.333333333333332:772.66666666666663] [0:150.84944665313014] [0:160] [-1:716.37037037037032] [-1:737.18181818181813] [1:780] [-1:1]
tree_sizes=2804 2773 2809 2869 2816 2848 2828 2885 2811 2809 2892 3003 2959 2947 2879 2870 2901 2877 2950 2939 2967 2900 3014 2936 3010 2966 2985 2940 2947 2926 2825 3004 2914 2893 2983 2959 2949 2973 2975 3013 2890 2927 3007 2983 2979 2993 2985 2879 3055 2967 3001 2906 3021 2936 3020 2994 3032 3024 2992 3036 3045 2894 2987 3006 3026 2984 3020 2983 3052 3045 2951 2978 2977 3048 2926 2749 2804 3024 2917 3032 3061 3040 3064 3026 3041 3050 3025 3049 3055 3012 3008 3035 3016 2985 3033 2993 3045 3014 2961 2929 3030 3022 3001 2951 3014 3021 3028 3012 2989 3023 2990 2992 3000 3046 3045 2991 2990 3008 2978 2945 2989 2922 3030 3034 2981 3082 3040 3045 3071 3012 3055 3020 3102 3035 2985 2981 3018 3045 2994 3019 3035 3084 3023 3040 3088 3022 2997 3013 3013 3068 3035 3020 2948 3043 2921 2915 2892 2999 2915 3048 2982 3022 2988 2986 3016 3000 2976 2989 2955 2944 2941 2944 2905 2950 2923 2916 2968 2984 2902 2894 2977 2961 2897 2905 2916 2922 2908 2945 2995 2949 2970 2936 3014 2885 2967 2894 2948 2890 2950 2917 2940 2950 2936 2989 2929 2959 2946 2948 2847 2979 2975 2929 2954 3025 3027 3026 2998 3032 3024 2975 3017 2996 2861 2875 2925 2843 2948 2978 2931 2960 3026 2989 2942 2958 2930 2955 2991 3003 2914 2982 2928 3001 2966 2989 2927 2944 2970 2987 2995 2999 2963 2960 2868 2991 2981 2978 3012 2955 2959 2975 2954 3005 3055 2990 3019 3004 2965 2957 3021 2927 2979 2980 2982 3021 2982 2998 2995 2989 2953 2967 2981 2944 2950 2967 2871 3007 3033 2991 3036 2968 3007 3012 3068 2944 3046 2983 3055 3034 2948 3044

Tree=0
num_leaves=31
num_cat=0
split_feature=18 1 14 5 15 10 12 10 17 14 17 1 10 14 16 1 14 18 1 1 17 10 17 14 10 1 1 10 5 18
split_gain=7095.78 6649.04 13559.7 11888.2 3103.26 3059.14 1526.2 1132.17 1605.63 992.692 972.741 923.41 1483.02 820.591 738.209 790.595 1087.87 719.762 783.159 654.149 596.932 841.506 1234.37 1095.35 872.947 772.426 622.015 510.149 507.291 492.593
threshold=0.3893480257116621 0.1294095225512602 1.0335936864527377 8.5000000000000018 29.004629629629633 127.50000000000001 -0.24999999999999997 446.50000000000006 260.50000000000006 1.0000000180025095e-35 29.500000000000004 -0.78656609248549325 30.500000000000004 3.1202543611861309 20.00179856115108 0.37940952255126048 1.0000000180025095e-35 0.90921578421578431 -0.78656609248549325 0.37940952255126048 145.00000000000003 62.500000000000007 81.500000000000014 1.1117877927675144 36.500000000000007 -0.78656609248549325 -0.3794095225512602 5.5000000000000009 1.5000000000000002 0.90006934812760064
decision_type=8 2 2 2 8 2 2 2 10 2 10 2 2 2 10 2 2 10 2 2 10 2 10 2 2 2 2 2 2 10
left_child=6 3 9 -2 29 20 -1 8 -7 -3 -11 12 28 -6 27 -16 -17 18 -10 -15 21 22 24 -23 -5 -24 -25 -13 -8 -4
right_child=1 2 4 5 13 7 11 -9 17 10 -12 14 -14 19 15 16 -18 -19 -20 -21 -22 23 25 26 -26 -27 -28 -29 -30 -31
leaf_value=0 0 0 0.050000000000000003 0 0.10000000000000001 -0.45000000000000001 0 -1.6000000000000001 -0.60000000000000009 0 0 0 -0.20000000000000001 0.30000000000000004 0.10000000000000001 0 1.3 -0.20000000000000001 0.15000000000000002 0.65000000000000002 0 0 -0.10000000000000001 -0.40000000000000002 -0.10000000000000001 0.25 -0.10000000000000001 0 0 0
leaf_weight=92288 696582 690149 15916 107641 24118 18524 26088 6671 6498 27284 42096 83585 8503 4032 26101 3357 7397 4408 7620 20883 9002 28683 4057 15385 17312 6606 4508 19155 20338 3903
leaf_count=92288 696582 690149 15916 107641 24118 18524 26088 6671 6498 27284 42096 83585 8503 4032 26101 3357 7397 4408 7620 20883 9002 28683 4057 15385 17312 6606 4508 19155 20338 3903
internal_value=0.000147509 -0.00103974 0.0022209 -0.00393322 0.0234677 -0.0136085 0.00744076 -0.0255518 -0.0221377 0.000294854 0.00599596 0.00995301 0.00446121 0.0302164 0.012114 0.0181848 0.0295936 -0.0117295 -0.00622255 0.0365804 -0.0109056 -0.01152 -0.0094974 -0.0171669 -0.0108909 0.00683204 -0.0261826 0.00993625 0.00797721 0.00677128
internal_weight=2.04869e+06 1.76188e+06 828381 933497 68852 236915 286812 43721 37050 759529 69380 194524 54929 49033 139595 36855 10754 18526 14118 24915 193194 184192 135616 48576 124953 10663 19893 102740 46426 19819
internal_count=2048690 1761878 828381 933497 68852 236915 286812 43721 37050 759529 69380 194524 54929 49033 139595 36855 10754 18526 14118 24915 193194 184192 135616 48576 124953 10663 19893 102740 46426 19819
is_linear=0
shrinkage=0.05


Tree=1
num_leaves=31
num_cat=0
split_feature=0 14 17 12 1 1 14 10 1 17 15 14 0 0 15 14 17 10 0 1 5 10 8 17 5 16 15 0 0 17
split_gain=6783.87 16827.8 12671.1 5330.24 3675.38 3339.11 2932.71 2775.91 3952.47 1096.59 1054.73 1038.38 1239.36 1320.86 835.704 781.457 564.576 499.871 478.469 476.482 474.187 467.835 461.466 1358.24 530.971 640.741 448.567 447.13 503.786 434.609
threshold=1.0000000180025095e-35 1.2302853885690339 45.500000000000007 26.750000000000004 0.60355339059327384 0.37940952255126048 1.8445659198001898 4.5000000000000009 0.25881904510252057 163.50000000000003 1.0000000180025095e-35 1.0000000180025095e-35 -0.98296291314453399 -0.25881904510252113 43.380749354005175 1.0000000180025095e-35 4.5000000000000009 58.500000000000007 0.98296291314453421 1.0000000180025095e-35 1.5000000000000002 39.500000000000007 14.500000000000002 13.500000000000002 4.5000000000000009 3.1650909810126584 6.104714912280703 -0.9159756150367534 -0.70710678118654735 150.50000000000003
decision_type=2 2 10 2 2 2 2 2 2 10 8 2 2 2 8 2 10 2 2 2 2 2 2 10 2 10 8 2 2 10
left_child=2 7 22 20 19 11 15 16 9 -9 -8 -4 14 -14 -13 -7 -2 -16 -18 -5 -3 -17 23 24 25 -1 -26 -25 -29 -12
right_child=1 3 5 4 -6 6 10 8 -10 -11 29 12 13 -15 17 21 18 -19 -20 -21 -22 -23 -24 27 26 -27 -28 28 -30 -31
leaf_value=0 0 0 0 -0.6775000000000001 0.045000000000000005 0 -0.065000000000000002 0 0 -0.17749999999999999 0.3175 -0.30000000000000004 0.17250000000000001 0 0.34750000000000003 0.25 0 -0.040000000000000008 0 -0.065000000000000002 -0.0025000000000000005 0.050000000000000003 0 0 0 0 0 0 0 0.96750000000000014
leaf_weight=671989 652500 4161 13412 47363 4204 13496 469 93911 112980 7616 15477 3451 59456 11624 2310 3231 72098 6459 7691 2656 22853 20785 59099 18733 14753 13846 19252 19935 35741 17139
leaf_count=671989 652500 4161 13412 47363 4204 13496 469 93911 112980 7616 15477 3451 59456 11624 2310 3231 72098 6459 7691 2656 22853 20785 59099 18733 14753 13846 19252 19935 35741 17139
internal_value=-1.19833e-05 -0.00287885 0.0028756 -0.0247178 -0.0337578 0.0154573 0.0237248 -0.00100502 -0.00600726 -0.0131669 0.0345761 0.00942231 0.0115012 0.01403 -0.00320786 0.0141541 0.000460269 0.00499487 0.00443044 -0.0375317 -0.00657252 0.019564 0.000408802 0.000725969 6.11942e-05 0.000363571 -0.00603735 0.00715706 0.00940531 0.0356466
internal_weight=2.04869e+06 1.02803e+06 1.02066e+06 81237 54223 167309 70597 946796 214507 101527 33085 96712 83300 71080 12220 37512 732289 8769 79789 50019 27014 24016 853348 794249 719840 685835 34005 74409 55676 32616
internal_count=2048690 1028033 1020657 81237 54223 167309 70597 946796 214507 101527 33085 96712 83300 71080 12220 37512 732289 8769 79789 50019 27014 24016 853348 794249 719840 685835 34005 74409 55676 32616
is_linear=0
shrinkage=0.05


Tree=2
num_leaves=31
num_cat=0
split_feature=18 1 12 0 14 17 0 17 14 17 12 13 10 0 14 18 17 1 0 1 18 17 0 0 0 0 0 5 0 13
split_gain=6189 4403.94 9323.15 10251.3 8910.32 4667.65 2107.77 1956.81 1902.91 1769.35 1755.54 1748.73 2439.46 1348.72 1334.6 1319.78 1017.48 839.481 838.761 642.63 621.009 539.956 526.747 514.77 504.369 478.314 460.253 459.905 416.952 401.695
threshold=0.3893480257116621 0.1294095225512602 7.7500000000000009 1.0000000180025095e-35 2.2514898644778492 151.50000000000003 -0.37940952255126065 61.500000000000007 1.0000000180025095e-35 43.500000000000007 14.083333333333334 1.0000000180025095e-35 27.500000000000004 -0.98296291314453399 0.53867513459481298 0.9852202402621042 29.500000000000004 0.37940952255126048 -0.5 0.37940952255126048 0.97896948252985416 45.500000000000007 0.98296291314453421 0.98296291314453421 -0.9159756150367534 0.98296291314453421 0.37940952255126054 1.0000000180025095e-35 -0.98296291314453399 2.4032561733691686
decision_type=8 2 2 2 2 10 2 10 2 10 2 2 2 2 2 10 10 2 2 2 10 10 2 2 2 2 2 2 2 2
left_child=6 2 -2 7 14 11 8 28 -1 -6 22 -5 -13 27 -3 17 -16 -11 24 -15 -18 -21 -8 26 -9 -7 -14 -10 -4 -19
right_child=1 4 3 5 9 25 10 18 13 15 -12 12 23 19 16 -17 20 29 -20 21 -22 -23 -24 -25 -26 -27 -28 -29 -30 -31
leaf_value=0 0 0 0 0 0 -1.023625 0 0.041375000000000002 0 0.22637499999999999 -0.090000000000000011 -0.049875000000000003 -0.19612499999999999 0.050000000000000003 0 -0.020875000000000001 0.050000000000000003 0.201625 0 0.050000000000000003 0 1.5725 0 -0.045000000000000005 0.14637500000000001 -0.11112500000000002 -0.34612500000000002 -0.050000000000000003 0 1.0191250000000001
leaf_weight=61289 693706 733932 9478 61219 6342 23516 136263 17178 1879 5108 13258 18011 9637 41729 17630 2616 32317 10729 13653 10887 6125 6217 9892 2549 14681 4107 23801 5398 41961 13582
leaf_count=61289 693706 733932 9478 61219 6342 23516 136263 17178 1879 5108 13258 18011 9637 41729 17630 2616 32317 10729 13653 10887 6125 6217 9892 2549 14681 4107 23801 5398 41961 13582
internal_value=-2.11599e-05 -0.00112996 -0.0034848 -0.0119838 0.0015237 -0.0205009 0.00679016 0.000564718 0.0115849 0.0250515 0.00295835 -0.0160753 -0.0226342 0.0174686 0.000380758 0.0298283 0.00781584 0.0328546 0.00811654 0.0199803 0.0123771 0.0281425 0.00453867 -0.0301526 0.01256 -0.0389603 -0.0318036 -0.00283771 -0.00611695 0.0367262
internal_weight=2.04869e+06 1.76188e+06 933497 239791 828381 142840 286812 96951 127399 38377 159413 115217 53998 66110 790004 32035 56072 29419 45512 58833 38442 17104 146155 35987 31859 27623 33438 7277 51439 24311
internal_count=2048690 1761878 933497 239791 828381 142840 286812 96951 127399 38377 159413 115217 53998 66110 790004 32035 56072 29419 45512 58833 38442 17104 146155 35987 31859 27623 33438 7277 51439 24311
is_linear=0
shrinkage=0.05


Tree=3
num_leaves=31
num_cat=0
split_feature=1 10 13 16 1 10 11 16 14 16 1 15 1 13 10 1 15 15 16 10 16 10 15 10 5 1 1 16 14 1
split_gain=3343.91 10510.4 9356.33 2928.83 1766.87 1683.58 1656 1613.55 1373.01 1050.85 1007.43 706.617 628.654 613.505 533.631 666.669 527.57 502.488 456.696 624.741 880.041 758.495 693.566 479.248 444.7 409.096 378.965 366.03 504.468 470.279
threshold=1.0000000180025095e-35 62.500000000000007 0.64395055085937891 17.644411330690666 0.37940952255126048 425.50000000000006 7.5000000000000009 63.718893465482481 2.8406504597584035 396.85529482551152 -0.9159756150367534 3.7529766123316803 -0.9159756150367534 1.0000000180025095e-35 32.500000000000007 -0.5 13.358299337072923 0.17992805755395685 84.285221143473578 134.50000000000003 215.59282040589383 212.50000000000003 119.4578167819392 89.500000000000014 72.500000000000014 0.1294095225512602 0.78656609248549303 46.829730431770962 1.0000000180025095e-35 -0.60355339059327384
decision_type=2 2 2 10 2 2 2 10 2 10 2 10 2 2 2 2 8 8 10 2 10 2 10 2 2 2 2 10 2 2
left_child=1 6 13 -4 25 9 11 14 26 18 -9 -1 -11 -2 15 16 -8 -10 -3 22 -21 -22 23 24 -20 -5 -6 28 -16 -29
right_child=2 5 3 4 8 -7 7 10 17 12 -12 -13 -14 -15 27 -17 -18 -19 19 20 21 -23 -24 -25 -26 -27 -28 29 -30 -31
leaf_value=0 0 -0.13 0 -0.099937500000000012 0.1925 -1.8849437500000001 0 -0.10162499999999999 -0.057250000000000002 -0.68494374999999996 0.28387500000000004 0 0.43387500000000001 0 0 0 0 0.71816875000000002 -0.28631875000000001 -0.64244374999999998 0.34565312500000006 -0.32994374999999998 0.050000000000000003 -0.028818749999999994 0.021181250000000009 0.13387500000000002 0.047500000000000001 -0.085193750000000013 -0.15131875 0.039056250000000001
leaf_weight=702440 903384 26338 19239 1988 8554 6210 35070 4888 177 1841 13533 57565 5158 54838 4322 40515 37932 25058 3391 12723 2456 8546 4101 20180 5391 11116 9849 6318 11197 4372
leaf_count=702440 903384 26338 19239 1988 8554 6210 35070 4888 177 1841 13533 57565 5158 54838 4322 40515 37932 25058 3391 12723 2456 8546 4101 20180 5391 11116 9849 6318 11197 4372
internal_value=-0.000240153 -0.00227972 0.00176053 0.0186494 0.0243655 -0.0179914 -0.000631214 -0.00528622 0.0292005 -0.0162563 0.00862331 0.000337432 0.00235034 0.000421353 -0.00712001 -0.00563528 -0.00278075 0.0367743 -0.0178229 -0.015299 -0.02149 -0.0111343 -0.0108565 -0.0135816 -0.0038317 0.00826465 0.0188149 -0.0135507 -0.0184548 -0.00643124
internal_weight=2.04869e+06 1.01449e+06 1.0342e+06 75981 56742 96335 918152 158147 43638 90125 18421 760005 6999 958222 139726 113517 73002 25235 83126 56788 23725 11002 33063 28962 8782 13104 18403 26209 15519 10690
internal_count=2048690 1014487 1034203 75981 56742 96335 918152 158147 43638 90125 18421 760005 6999 958222 139726 113517 73002 25235 83126 56788 23725 11002 33063 28962 8782 13104 18403 26209 15519 10690
is_linear=0
shrinkage=0.05


Tree=4
num_leaves=31
num_cat=0
split_feature=18 15 12 15 10 16 14 17 10 14 10 5 18 15 10 15 10 5 5 15 10 17 10 10 17 10 10 5 18 14
split_gain=3974.06 862.714 801.411 1084.33 635.385 777.524 700.604 580.243 569.569 568.816 561.533 953.13 721.138 433.21 407.279 1171.02 1466.51 1047.18 672.593 620.348 616.072 489.668 569.602 511.414 428.407 654.548 426.645 401.883 393.77 390.18
threshold=0.49965325936199728 0.17992805755395685 2.9166666666666674 24.621665582303191 44.500000000000007 49.062289225015867 1.0000000180025095e-35 252.50000000000003 8.5000000000000018 4.9511484711623899 454.50000000000006 439.50000000000006 0.80461247525337598 617.36184210526324 127.50000000000001 98.995145631067984 90.500000000000014 127.50000000000001 90.500000000000014 73.564805681594024 76.500000000000014 150.50000000000003 4.5000000000000009 99.500000000000014 267.00000000000006 218.50000000000003 28.500000000000004 2.5000000000000004 0.81023570493234398 21.453114132374882
decision_type=8 8 2 8 2 10 2 10 2 2 2 2 10 8 2 10 2 2 2 10 2 10 2 2 10 2 2 2 10 2
left_child=1 -1 -2 -4 5 8 -7 9 -3 -6 11 14 -12 -14 15 16 19 -16 -18 26 -21 23 -23 -17 -19 -26 28 -11 -5 -9
right_child=2 4 3 10 7 6 -8 29 -10 27 12 -13 13 -15 17 21 18 24 -20 20 -22 22 -24 -25 25 -27 -28 -29 -30 -31
leaf_value=0 0 0 0 0.091374999999999998 0.0045000000000000005 0 0.31000000000000005 0.91218125000000017 0 0.021000000000000005 -3.3906965625000001 1.0414478125000002 -0.050000000000000003 0.044124999999999998 -0.76981875 0 -0.47855906250000002 0 0 0.014315937500000001 0 -0.36494375000000001 0.43037500000000001 0 0.70409234375000007 0 0 -0.59512500000000002 0 -0.9012528125
leaf_weight=93784 1246340 141788 193342 5710 7341 6535 23055 6199 35618 811 1759 1698 9002 4597 2458 14648 3245 37999 22288 8489 19729 351 4763 14264 2815 25482 99105 7862 5626 1987
leaf_count=93784 1246340 141788 193342 5710 7341 6535 23055 6199 35618 811 1759 1698 9002 4597 2458 14648 3245 37999 22288 8489 19729 351 4763 14264 2815 25482 99105 7862 5626 1987
internal_value=1.96955e-05 0.00509139 -0.000936497 -0.00267853 0.00673217 0.00762841 0.0151318 -0.000933884 0.0063769 -0.00646934 -0.00071243 -0.000180891 -0.0100111 -0.00611442 -0.000418396 0.00073177 -0.00101771 -0.00373433 -0.0120295 0.00101003 0.00762634 0.00917387 0.0234357 0.00665122 -0.00254616 0.00211153 -0.000680454 -0.0151389 0.00850829 0.00989494
internal_weight=2.04869e+06 324980 1.72371e+06 477370 231196 206996 29590 24200 177406 16014 284028 268670 15358 13599 266972 198218 164192 68754 25533 138659 28218 34026 5114 28912 66296 28297 110441 8673 11336 8186
internal_count=2048690 324980 1723710 477370 231196 206996 29590 24200 177406 16014 284028 268670 15358 13599 266972 198218 164192 68754 25533 138659 28218 34026 5114 28912 66296 28297 110441 8673 11336 8186
is_linear=0
shrinkage=0.05


Tree=5
num_leaves=31
num_cat=0
split_feature=18 0 14 15 17 0 18 0 12 16 0 14 14 14 18 14 0 17 14 0 0 5 14 0 0 5 0 15 18 0
split_gain=3762.43 2180.11 12844.9 6080.74 3917.16 2677.34 2598.47 1257.3 2387.18 1843.36 1610.76 1398.45 1120.38 985.888 971.619 903.695 626.802 613.151 610.034 588.039 490.742 606.051 540.281 483.288 592.374 483.152 824.59 749.148 750.565 501.284
threshold=0.47637648809523814 0.25881904510252091 0.92016825471890729 36.006097560975618 42.500000000000007 -0.25881904510252113 0.95811168360952526 -0.37940952255126065 19.583333333333339 16.893650793650796 -0.98296291314453399 1.0000000180025095e-35 6.7133760280407477 1.0000000180025095e-35 0.77326460481099668 1.9328187669829739 0.98296291314453421 149.50000000000003 4.2311671066083036 -0.9159756150367534 1.0000000180025095e-35 2.5000000000000004 2.1376234211275693 -0.9159756150367534 -0.70710678118654735 2.5000000000000004 -0.9159756150367534 6.625753012048194 0.88080584395041861 -0.5
decision_type=8 2 2 10 10 2 10 2 2 10 2 2 2 2 10 2 2 10 2 2 2 2 2 2 2 2 2 8 10 2
left_child=7 3 13 25 -4 6 12 9 16 18 -11 -12 -5 -3 -7 -6 -9 -8 -1 -14 -10 -22 -23 -13 -25 -2 -27 -28 29 -29
right_child=1 2 4 5 15 14 17 8 20 10 11 23 19 -15 -16 -17 -18 -19 -20 -21 21 22 -24 24 -26 26 27 28 -30 -31
leaf_value=0 0 0 -0.0044437499999999998 0.10563531250000001 -0.17231874999999999 -0.095377812500000006 0 0 -0.020704531249999998 -0.0055000000000000014 0 0.22718125 0.50836249999999994 0 0 -0.73625281250000008 0 0.049125000000000002 -0.0025000000000000005 1.0801879218749999 0.038825000000000005 -0.0025000000000000005 -0.56230140624999991 0.65418125000000005 0.21033125 0 0 0.050000000000000003 0 0
leaf_weight=92146 720037 633613 15975 51904 15583 9337 13222 148829 4790 5515 6473 10505 3702 54035 28606 28510 10456 4188 1730 10179 529 2945 7842 14062 13845 30832 23722 18987 45246 21345
leaf_count=92146 720037 633613 15975 51904 15583 9337 13222 148829 4790 5515 6473 10505 3702 54035 28606 28510 10456 4188 1730 10179 529 2945 7842 14062 13845 30832 23722 18987 45246 21345
internal_value=-2.79935e-05 -0.000949322 -0.00298329 0.000600475 -0.0251565 0.0110886 0.0161085 0.00495531 0.00211128 0.0084127 0.016126 0.0192592 0.0206544 -0.00104639 8.17015e-05 -0.0328419 0.00396616 -0.00106835 0.00427159 0.0332721 -0.0162331 -0.0219115 -0.0244739 0.0228822 0.0263231 -0.000876572 -0.00356271 -0.00152562 0.00065379 0.00561341
internal_weight=2.04869e+06 1.72902e+06 747716 981307 60068 121138 83195 319667 175391 144276 50400 44885 65785 687648 37943 44093 159285 17410 93876 13881 16106 11316 10787 38412 27907 860169 140132 109300 85578 40332
internal_count=2048690 1729023 747716 981307 60068 121138 83195 319667 175391 144276 50400 44885 65785 687648 37943 44093 159285 17410 93876 13881 16106 11316 10787 38412 27907 860169 140132 109300 85578 40332
is_linear=0
shrinkage=0.05


Tree=6
num_leaves=31
num_cat=0
split_feature=0 17 13 11 13 0 0 7 15 10 10 15 15 0 15 17 17 17 0 0 14 15 0 12 10 14 0 8 8 10
split_gain=2826.19 9834.23 9673.88 4200.07 3884.45 2582.73 2497.37 1478.57 1091.77 909.659 841.821 1086.63 694.751 674.85 1208.65 651.029 592.304 655.838 569.196 660.857 540.086 528.492 482.098 451.47 443.457 425.385 425.017 400.238 383.023 349.977
threshold=-0.25881904510252113 45.500000000000007 1.0950140852533554 27.833333333333339 1.0000000180025095e-35 1.0000000180025095e-35 -0.98296291314453399 4.5000000000000009 149.78549088210352 88.500000000000014 7.5000000000000009 3.7529766123316803 43.380749354005175 0.78656609248549325 96.43167701863355 4.5000000000000009 163.50000000000003 98.500000000000014 -0.9159756150367534 -0.70710678118654735 0.53867513459481298 7.9096352749047369 0.98296291314453421 3.0833333333333335 70.500000000000014 2.5953674356106835 -1.0000000180025095e-35 14.500000000000002 88.500000000000014 20.500000000000004
decision_type=2 10 2 2 2 2 2 2 10 2 2 10 8 2 10 10 10 10 2 2 2 8 2 2 2 2 2 2 2 2
left_child=1 10 7 29 28 26 12 15 9 18 11 23 -6 14 -9 -2 17 -15 -8 -20 -19 -12 -17 -1 -14 -7 -5 -23 -3 -4
right_child=2 4 3 5 6 25 8 13 -10 -11 21 -13 24 16 -16 22 -18 20 19 -21 -22 27 -24 -25 -26 -27 -28 -29 -30 -31
leaf_value=0 0 0 0 -0.13514985937499999 -0.32243406250000001 -0.24664046875000001 0.13922218750000001 0 0.59958073437500004 0.067853546875000004 0 0 0.26759783593749997 0 0 0 -0.047500000000000001 0 0.35947854687499997 0.12762500000000002 -0.13356812500000001 0 0 0 -0.074981624999999996 -0.90444017187500014 0.092625000000000013 0 0 -0.096149687500000011
leaf_weight=580455 759967 21851 14802 5200 3210 10688 14083 132248 21755 16958 19019 36355 3108 75833 32065 90429 15147 13300 20465 22714 3079 22466 7741 8585 5189 28851 2144 45136 10138 5709
leaf_count=580455 759967 21851 14802 5200 3210 10688 14083 132248 21755 16958 19019 36355 3108 75833 32065 90429 15147 13300 20465 22714 3079 22466 7741 8585 5189 28851 2144 45136 10138 5709
internal_value=-6.05021e-05 0.00214155 -0.00162667 -0.0200292 0.0142825 -0.0282853 0.0188348 -0.000528939 0.0214738 0.0185866 -0.000236652 0.000403185 -0.00317633 -0.00374367 -0.00172932 0.000488791 -0.00682663 -0.00532143 0.021599 0.0244459 0.00375176 -0.00485621 0.00432057 -0.000114593 0.00446547 -0.033343 -0.00105528 -0.00278468 -0.00101285 -0.00115792
internal_weight=2.04869e+06 851487 1.1972e+06 67394 139471 46883 107482 1.12981e+06 95975 74220 712016 625395 11507 271672 164313 858137 107359 92212 57262 43179 16379 86621 98170 589040 8297 39539 7344 67602 31989 20511
internal_count=2048690 851487 1197203 67394 139471 46883 107482 1129809 95975 74220 712016 625395 11507 271672 164313 858137 107359 92212 57262 43179 16379 86621 98170 589040 8297 39539 7344 67602 31989 20511
is_linear=0
shrinkage=0.05


Tree=7
num_leaves=31
num_cat=0
split_feature=1 13 7 0 14 9 5 16 16 13 1 9 15 17 15 17 0 9 15 14 16 15 1 9 11 5 15 0 14 12
split_gain=2548 8416.91 5349.12 7654.47 5490 4982.58 3387.16 2382.78 2316.36 1414.96 1370.6 873.296 787.697 719.173 679.421 733.237 593.684 580.986 598.332 536.202 538.63 506.615 644.343 505.906 484.776 473.041 453.666 425.239 458.335 409.202
threshold=1.0000000180025095e-35 1.0950140852533554 8.5000000000000018 1.0000000180025095e-35 1.0000000180025095e-35 29.500000000000004 73.500000000000014 46.829730431770962 19.62627092533635 1.0000000180025095e-35 0.37940952255126048 134.50000000000003 119.4578167819392 10.500000000000002 98.995145631067984 84.500000000000014 -0.37940952255126065 57.500000000000007 114.2995097126544 0.95011807466920095 14.740400140400142 138.56107129019765 0.25881904510252057 86.500000000000014 4.166666666666667 1.5000000000000002 26.420369243254211 0.37940952255126054 2.9178481642797691 2.5833333333333335
decision_type=2 2 2 2 2 2 2 10 10 2 2 2 10 10 10 10 2 2 10 2 10 10 2 2 2 2 8 2 2 2
left_child=2 9 13 7 6 -6 -5 -4 -3 21 -10 25 14 24 15 -8 -12 -9 23 -11 -21 29 -23 -19 -1 -7 -18 28 -27 -2
right_child=1 8 3 4 5 11 12 17 10 19 16 -13 -14 -15 -16 -17 26 18 -20 20 -22 22 -24 -25 -26 27 -28 -29 -30 -31
leaf_value=0 0 0 0 0 -0.04738125 0.058807171875000008 0.0065000000000000006 0.16339670312500001 0.11894483593750001 0 0.71179489296874998 -0.92161644101562501 -0.070999999999999994 0 0.0014409374999999997 -0.043500000000000004 -0.056744950781249998 0.0065000000000000006 0.19527033828124998 0 0.076448517968750004 -0.023193749999999999 0 -0.0058778125000000011 0 -0.083693750000000011 0.13299374999999999 -0.27490562499999999 -0.55713944140624994 0
leaf_weight=673116 718387 12237 56521 25645 28825 217 2217 19940 9415 48489 22483 22504 1163 81561 4615 2530 370 12740 15557 7613 21792 2365 15634 11357 14076 8222 8420 27767 5914 166998
leaf_count=673116 718387 12237 56521 25645 28825 217 2217 19940 9415 48489 22483 22504 1163 81561 4615 2530 370 12740 15557 7613 21792 2365 15634 11357 14076 8222 8420 27767 5914 166998
internal_value=2.12575e-05 0.00176769 -0.00175912 -0.0081808 -0.0165331 -0.022935 6.91181e-06 0.00114283 0.0211904 0.000720132 0.0269269 -0.0306457 0.0238907 0.000293592 0.0287118 0.0154308 0.0319621 0.00811827 0.00461744 0.00718605 0.0125132 0.000162611 0.00846714 -0.000317467 -0.000233268 -0.0263972 0.0209443 -0.0267785 -0.0197192 -6.21199e-06
internal_weight=2.04869e+06 1.0342e+06 1.01449e+06 245734 129619 93449 36170 116115 52925 981278 40688 64624 10525 768753 9362 4747 31273 59594 39654 77894 29405 903384 17999 24097 687192 42120 8790 41903 14136 885385
internal_count=2048690 1034203 1014487 245734 129619 93449 36170 116115 52925 981278 40688 64624 10525 768753 9362 4747 31273 59594 39654 77894 29405 903384 17999 24097 687192 42120 8790 41903 14136 885385
is_linear=0
shrinkage=0.05


Tree=8
num_leaves=31
num_cat=0
split_feature=10 15 15 15 10 10 17 10 13 5 14 5 17 12 10 15 10 15 15 10 10 14 5 12 5 16 15 10 16 14
split_gain=629.558 1773.56 1490.07 810.149 1621.69 1473.91 992.493 673.249 604.005 557.149 518.311 507.728 478.276 524.674 443.584 599.438 724.596 487.377 442.135 865.93 750.872 610.258 436.792 403.777 337.202 336.303 330.565 326.938 304.815 297.314
threshold=7.5000000000000009 6.625753012048194 9.1399428804569585 96.43167701863355 91.500000000000014 99.500000000000014 95.500000000000014 57.500000000000007 1.0000000180025095e-35 69.500000000000014 31.388691782334057 91.500000000000014 8.5000000000000018 4.0833333333333348 14.500000000000002 26.420369243254211 28.500000000000004 13.358299337072923 149.78549088210352 134.50000000000003 152.50000000000003 2.4860581912011899 99.500000000000014 2.9166666666666674 134.50000000000003 1.0012315270935963 1.857625482625483 27.500000000000004 7.3472557955220932 3.0299353587921387
decision_type=2 10 8 10 2 2 10 2 2 2 2 2 10 2 2 8 2 10 10 2 2 2 2 2 2 10 8 2 10 2
left_child=1 12 -2 4 6 22 14 -8 -3 29 28 -6 23 26 17 27 -17 -4 19 24 -20 -21 -5 25 -7 -1 -14 -16 -10 -9
right_child=2 8 3 5 11 18 7 9 10 -11 -12 -13 13 -15 15 16 -18 -19 20 21 -22 -23 -24 -25 -26 -27 -28 -29 -30 -31
leaf_value=0 0 0 0 0 -0.51899518935546873 0 0.22251593750000001 0.037600691796875002 0 0.0051990780078124748 -0.13751915636718751 0 0 0 0 0.050000000000000003 0 0.0024937500000000003 0.17579362097656251 0 0 -0.85321234123046874 0.86842202332031249 0 0.1961500557421875 0 0 -0.005000000000000001 0.1253424178515625 -0.398927569921875
leaf_weight=1306375 60165 34407 32129 18319 4936 22284 18043 2404 4962 16079 700 23359 66752 19690 81344 8734 111361 14187 4003 6522 67876 5273 2816 19094 1278 14692 42049 14863 19182 4812
leaf_count=1306375 60165 34407 32129 18319 4936 22284 18043 2404 4962 16079 700 23359 66752 19690 81344 8734 111361 14187 4003 6522 67876 5273 2816 19094 1278 14692 42049 14863 19182 4812
internal_value=5.16672e-05 0.000563387 -0.00144963 -0.000483042 -0.00178645 0.00289045 -0.000720664 0.00648072 0.00904457 0.000864992 0.0149855 -0.0132356 0.000221223 0.00313524 -0.00185421 -0.00280511 -0.000449228 0.00258658 0.000511955 -0.00406567 0.00276367 -0.0151251 0.0149586 -5.81647e-05 0.00147059 4.61748e-05 0.00449444 -0.00574594 0.0162152 -0.0106777
internal_weight=2.04869e+06 1.5279e+06 520787 460622 332251 128371 303956 41338 59251 23295 24844 28295 1.46865e+06 128491 262618 216302 120095 46316 107236 35357 71879 11795 21135 1.34016e+06 23562 1.32107e+06 108801 96207 24144 7216
internal_count=2048690 1527903 520787 460622 332251 128371 303956 41338 59251 23295 24844 28295 1468652 128491 262618 216302 120095 46316 107236 35357 71879 11795 21135 1340161 23562 1321067 108801 96207 24144 7216
is_linear=0
shrinkage=0.05


Tree=9
num_leaves=31
num_cat=0
split_feature=18 1 14 13 0 12 15 5 15 0 0 12 15 1 14 15 15 5 18 0 5 1 1 0 5 13 15 14 0 0
split_gain=3318.13 2334.14 6302.43 5756.62 5301.06 5363.38 1825.85 1621.44 1383.36 1716.93 1198.35 2374.49 1429.98 1737.77 1173.11 1062.08 1516.01 962.908 854.129 776.455 729.164 823.388 679.235 674.3 645.016 601.901 597.303 478.756 447.509 436.343
threshold=0.47637648809523814 0.1294095225512602 1.0000000180025095e-35 1.0950140852533554 0.25881904510252091 29.083333333333339 29.004629629629633 150.50000000000003 39.615802304964546 -0.5 -0.37940952255126065 24.916666666666668 8.1288389845552995 0.37940952255126048 1.7037491494287642 98.995145631067984 122.87655841157459 2.5000000000000004 0.96326902320561258 -0.98296291314453399 27.500000000000004 -0.78656609248549325 -0.12940952255126037 0.98296291314453421 88.500000000000014 1.0000000180025095e-35 149.78549088210352 1.0000000180025095e-35 -0.98296291314453399 -0.5
decision_type=8 2 2 2 2 2 8 2 10 2 2 2 8 2 2 10 10 2 10 2 2 2 2 2 2 2 10 2 2 2
left_child=10 2 15 7 8 -6 -5 -3 28 -10 12 23 -1 19 -7 17 22 -2 26 -14 -19 -22 29 -12 -23 -15 -8 -21 -4 -17
right_child=1 3 4 6 5 14 18 -9 9 -11 11 -13 13 25 -16 16 -18 20 -20 27 21 24 -24 -25 -26 -27 -28 -29 -30 -31
leaf_value=0 0 0 -0.050000000000000003 0 0 -0.13625471875 0.19492327343750002 0.0023750000000000004 0.12194072734375001 -0.069198163281250002 0 -0.17288510156250003 -0.0052250000000000005 0 -0.63582895312499998 -0.0055839218750000016 -0.027500000000000004 0 0.01695763359374999 0 0 0 0 0 -0.0055839218750000016 0.7181941405078125 0.76060974441406248 0.15868266484375002 0 0.0013688906249999999
leaf_weight=87091 657725 757093 7567 7410 29474 26615 13471 24693 24081 15316 151063 13845 6797 4038 29063 171 3075 46311 3765 5535 8309 15139 1326 10483 3698 10409 10900 30406 38985 4836
leaf_count=87091 657725 757093 7567 7410 29474 26615 13471 24693 24081 15316 151063 13845 6797 4038 29063 171 3075 46311 3765 5535 8309 15139 1326 10483 3698 10409 10900 30406 38985 4836
internal_value=-6.25278e-05 -0.000927749 -0.00266719 0.0010125 -0.0113161 -0.0201581 0.0206915 0.000117743 -0.00255617 0.00433916 0.0046173 0.00184074 0.00799267 0.0141357 -0.029288 -0.000668994 0.0160236 -0.000883774 0.026507 0.00906804 -0.00631322 0.000193399 0.0300095 0.00354388 -0.00559006 0.0291272 0.0299311 0.0119988 -0.00839169 0.0384362
internal_weight=2.04869e+06 1.72902e+06 911691 817332 171101 85152 35546 781786 85949 39397 319667 175391 144276 57185 55678 740590 9408 731182 28136 42738 73457 27146 6333 161546 18837 14447 24371 35941 46552 5007
internal_count=2048690 1729023 911691 817332 171101 85152 35546 781786 85949 39397 319667 175391 144276 57185 55678 740590 9408 731182 28136 42738 73457 27146 6333 161546 18837 14447 24371 35941 46552 5007
is_linear=0
shrinkage=0.05


Tree=10
num_leaves=31
num_cat=0
split_feature=18 1 13 0 14 12 15 15 18 0 10 15 1 14 18 15 5 0 14 13 1 0 0 10 0 11 0 10 1 14
split_gain=3518.3 1709.25 5637.13 5544.95 5159.8 4154.48 1902.86 1581.47 1395.43 1237.45 2031.01 1455.55 1757.78 1133.32 683.343 1616.83 695.136 674.453 639.47 569.768 566.071 534.762 528.871 648.977 469.375 468.707 459.537 417.131 416.286 414.12
threshold=0.49965325936199728 0.1294095225512602 1.0000000180025095e-35 1.0000000180025095e-35 1.5499277101640241 35.083333333333336 29.004629629629633 33.828797976058254 0.97695258705488897 -0.37940952255126065 29.500000000000004 8.1288389845552995 0.37940952255126048 3.1906916056494738 0.99930651872399456 98.995145631067984 101.50000000000001 0.98296291314453421 5.3398383559105875 1.0000000180025095e-35 -0.12940952255126037 -0.5 -0.98296291314453399 11.500000000000002 -0.5 1.0000000180025095e-35 0.78656609248549325 6.5000000000000009 0.37940952255126048 0.85701202439173851
decision_type=8 2 2 2 2 2 8 10 10 2 2 8 2 2 8 10 2 2 2 2 2 2 2 2 2 2 2 2 2 2
left_child=9 2 14 7 29 -5 -6 -4 18 11 17 27 22 -7 26 -16 20 -11 -8 -14 24 -9 23 -13 -17 -24 -2 -1 -20 -3
right_child=1 4 3 5 6 13 8 21 -10 10 -12 12 19 -15 15 16 -18 -19 28 -21 -22 -23 25 -25 -26 -27 -28 -29 -30 -31
leaf_value=0 0 0 -0.0030201718750000012 -0.0081405843749999939 0 -0.19314479531249998 0.11376198437500001 0.1210195987890625 -0.010075000000000001 0 -0.1619134970703125 0.00053625000000000016 0 -0.92828964357421884 0 -0.0053047257812500019 -0.020659062499999999 0 0.26373600478027343 0.68142788660156262 0 -0.021137264486328123 0 -0.24723875000000001 0.0013004460937499998 0.14497970308593749 -0.029219795312499998 -0.0023750000000000004 0.74467736899316406 0.016597898828124995
leaf_weight=78538 33162 744162 28240 26480 10235 31259 18052 22401 4513 151724 15506 2731 4110 20170 709814 141 1234 10507 2075 11067 913 8553 4968 4386 3848 32761 21641 8682 11594 25223
leaf_count=78538 33162 744162 28240 26480 10235 31259 18052 22401 4513 151724 15506 2731 4110 20170 709814 141 1234 10507 2075 11067 913 8553 4968 4386 3848 32761 21641 8682 11594 25223
internal_value=-8.23453e-05 -0.000982039 -0.00247462 -0.0118163 0.000678859 -0.0205811 0.0168586 -0.000280434 0.022236 0.00468967 0.00188143 0.0080795 0.0140721 -0.028866 -0.000812906 -0.000401006 0.0251548 0.00353385 0.0259371 0.0287804 0.0335985 0.00752568 0.00909446 -0.00340733 0.0417272 0.0114527 -0.006194 0.00395551 0.0340954 -0.000298355
internal_weight=2.04869e+06 1.72371e+06 907856 137103 815854 77909 46469 59194 36234 324980 177737 147243 60023 51429 770753 715950 6136 162231 31721 15177 4902 30954 44846 7117 3989 37729 54803 87220 13669 769385
internal_count=2048690 1723710 907856 137103 815854 77909 46469 59194 36234 324980 177737 147243 60023 51429 770753 715950 6136 162231 31721 15177 4902 30954 44846 7117 3989 37729 54803 87220 13669 769385
is_linear=0
shrinkage=0.05


Tree=11
num_leaves=31
num_cat=0
split_feature=1 13 10 17 11 15 17 10 10 17 13 17 1 16 13 13 17 10 5 16 17 10 1 13 17 1 5 10 16 1
split_gain=1196.08 6221.26 4729.99 2103.55 1390.46 1873.95 1791.07 1452.83 1262.89 1148.07 906.119 768.374 756.387 688.888 648.817 616.199 517.161 513.574 830.046 635.48 497.872 489.438 633.352 475.669 451.14 504.94 446.067 433.42 564.763 419.3
threshold=1.0000000180025095e-35 1.0950140852533554 127.50000000000001 64.500000000000014 7.8333333333333348 98.995145631067984 101.50000000000001 90.500000000000014 425.50000000000006 260.50000000000006 1.0000000180025095e-35 5.5000000000000009 0.37940952255126048 74.831324211922137 3.17859624443807 1.0000000180025095e-35 77.500000000000014 37.500000000000007 83.500000000000014 46.829730431770962 133.50000000000003 65.500000000000014 -0.9159756150367534 2.107525783562807 33.500000000000007 0.78656609248549303 1.0000000180025095e-35 218.50000000000003 260.18776959690621 0.1294095225512602
decision_type=2 2 2 10 2 10 10 2 2 10 2 10 2 10 2 2 10 2 2 10 10 2 2 2 10 2 2 2 10 2
left_child=2 10 4 -3 11 7 -7 13 9 23 -2 15 -5 17 -14 -1 -15 19 -19 -6 -8 22 -18 -4 25 -12 -16 -11 -29 -26
right_child=1 3 8 12 5 6 20 -9 -10 27 24 -13 14 16 26 -17 21 18 -20 -21 -22 -23 -24 -25 29 -27 -28 28 -30 -31
leaf_value=0 0 0.0048074843750000006 -0.17548549140625003 0.16361232343749998 0 0.0012354237890624996 -0.142421618046875 -0.17974961552539065 -1.5818751613955078 0.2168966409980469 0 0 0.15769930023437495 0.0054592031250000001 -0.03716777331054686 0.00015100859375000007 -0.097375491162109362 -0.087283053906250005 0.0061749999999999999 0.10818430493164062 0.020419974372070371 -0.02113884443164063 0.29595531676367187 -1.0040001613955079 -0.038930024296875004 0 1.3022131621812012 -0.86311478689892585 -0.097015780095703136 0.037972679160156252
leaf_weight=640386 903384 17325 10135 8072 115154 4047 2605 14973 6210 4425 18991 112084 13565 1429 243 9587 3474 30830 2270 6912 7440 13177 8875 6029 3778 12118 13720 2580 11865 43007
leaf_count=640386 903384 17325 10135 8072 115154 4047 2605 14973 6210 4425 18991 112084 13565 1429 243 9587 3474 30830 2270 6912 7440 13177 8875 6029 3778 12118 13720 2580 11865 43007
internal_value=0.000131621 0.00132817 -0.00108819 0.0180265 -0.000385361 -0.00397541 0.0136389 -0.00523481 -0.0176729 -0.0139893 0.000427555 0.000609534 0.0249803 -0.00400393 0.0289269 -4.97713e-05 0.00337414 -0.00528563 -0.0108097 -0.00378771 0.00232454 0.00173549 0.00888736 -0.0237689 0.00560184 0.000935421 0.0364929 -0.00561208 -0.00980616 0.00870471
internal_weight=2.04869e+06 1.0342e+06 1.01449e+06 52925 973243 211186 14092 197094 41244 35034 981278 762057 35600 182121 27528 649973 26955 155166 33100 122066 10045 25526 12349 16164 77894 31109 13963 18870 14445 46785
internal_count=2048690 1034203 1014487 52925 973243 211186 14092 197094 41244 35034 981278 762057 35600 182121 27528 649973 26955 155166 33100 122066 10045 25526 12349 16164 77894 31109 13963 18870 14445 46785
is_linear=0
shrinkage=0.05


Tree=12
num_leaves=31
num_cat=0
split_feature=18 1 10 14 18 18 10 16 10 16 15 15 15 1 16 10 1 10 1 10 13 12 15 12 1 10 16 14 10 10
split_gain=2853.59 834.225 4186.12 3988.68 1907.72 1426.79 3547.22 1370.4 901.133 870.598 685.401 674.436 637.97 994.336 1675.06 777.449 711.597 593.151 585.381 576.291 590.812 537.823 559.52 490.902 510.384 463.7 578.906 462.872 454.695 443.726
threshold=0.49965325936199728 1.0000000180025095e-35 128.50000000000003 1.5499277101640241 0.95130420054200548 0.99744571741740184 67.500000000000014 17.644411330690666 431.50000000000006 242.11883787661409 103.42512908777971 149.78549088210352 0.17992805755395685 1.0000000180025095e-35 32.451741682974564 33.500000000000007 -0.78656609248549325 2.5000000000000004 -0.12940952255126037 2.5000000000000004 1.0000000180025095e-35 22.083333333333339 109.51431735484893 1.0000000180025095e-35 0.37940952255126048 90.500000000000014 70.227907405544954 1.0000000180025095e-35 104.50000000000001 55.500000000000007
decision_type=8 2 2 2 10 8 2 10 2 10 8 10 8 2 10 2 2 2 2 2 2 2 10 2 2 2 10 2 2 2
left_child=12 2 5 -3 7 21 19 -5 9 -4 -6 28 27 15 17 -14 -17 -15 -18 20 -7 -2 25 -16 -25 26 29 -1 -9 -23
right_child=1 3 8 4 10 6 -8 11 -10 -11 -12 -13 13 14 23 16 18 -19 -20 -21 -22 22 -24 24 -26 -27 -28 -29 -30 -31
leaf_value=0 0 0 -0.39304852923828126 -0.0023750000000000004 -0.020461518683593749 0 0.0036827549950195315 0.15140421592480469 -1.4857465752007324 -0.0936699757413086 0.027128750000000004 0.57826044482573236 0 0 0 -0.19531092889648433 0.16949674389033201 0 -0.65113835017534183 0 0.00014345816406250006 -0.038249375000000002 0.0049998829596191625 0.27925273025585939 1.4321853730227758 -0.19739670680185545 -0.00024056722568359669 -7.5504296875000039e-06 0.037032023114952399 -0.16854487440332033
leaf_weight=88544 53651 843694 17549 6282 3841 609096 10431 15321 5835 12414 5805 11765 121874 38775 2702 13351 8857 30300 2264 40051 4617 34877 4942 4653 8420 12469 17920 5240 4624 8526
leaf_count=88544 53651 843694 17549 6282 3841 609096 10431 15321 5835 12414 5805 11765 121874 38775 2702 13351 8857 30300 2264 40051 4617 34877 4942 4653 8420 12469 17920 5240 4624 8526
internal_value=7.04597e-05 -0.0007398 -0.00187805 0.000323168 0.0143992 -0.00112638 -0.000181648 0.0194409 -0.0186044 -0.0151036 -0.00545822 0.0236676 0.00436811 0.00577908 0.0100854 0.00328229 -0.00485044 0.00672819 0.0044915 -0.000643198 -0.000263967 -0.00586622 -0.00849696 0.0247861 0.028796 -0.00958776 -0.0078005 0.000889811 0.0180672 -0.0109221
internal_weight=2.04869e+06 1.72371e+06 832378 891332 47638 796580 664195 37992 35798 29963 9646 31710 324980 231196 84850 146346 24472 69075 11121 653764 613713 132385 78734 15775 13073 73792 61323 93784 19945 43403
internal_count=2048690 1723710 832378 891332 47638 796580 664195 37992 35798 29963 9646 31710 324980 231196 84850 146346 24472 69075 11121 653764 613713 132385 78734 15775 13073 73792 61323 93784 19945 43403
is_linear=0
shrinkage=0.05


Tree=13
num_leaves=31
num_cat=0
split_feature=18 1 14 14 10 18 16 10 1 13 17 5 17 1 1 1 1 1 15 1 16 10 1 14 11 1 5 14 13 1
split_gain=2778.15 818.917 4967.77 3403.99 1978.16 1266.69 1410.16 1131.61 850.646 805.526 765.829 760.769 2199.08 611.883 626.235 1031.39 604.309 602.681 584.253 555.796 504.091 497.625 490.762 489.188 465.281 549.663 621.231 581.347 468.457 425.633
threshold=0.36216395934264278 1.0000000180025095e-35 1.5499277101640241 1.4383538134692249 70.500000000000014 0.93081014729950906 17.644411330690666 446.50000000000006 0.37940952255126048 3.9431471460641339 320.00000000000006 98.500000000000014 99.500000000000014 -0.3794095225512602 -0.5 -0.60355339059327384 -0.5 -0.78656609248549325 0.078222778473091378 -0.9159756150367534 72.063850923166527 -1.0000000180025095e-35 0.91597561503675351 4.768234273163352 5.8333333333333348 -0.78656609248549325 73.500000000000014 1.0000000180025095e-35 1.0000000180025095e-35 1.0000000180025095e-35
decision_type=8 2 2 2 2 10 10 2 2 2 10 2 10 2 2 2 2 2 8 2 10 2 2 2 2 2 2 2 2 2
left_child=18 3 -3 11 20 6 -4 10 -8 22 13 24 19 14 15 23 -14 -12 -1 -13 21 -5 -10 -6 28 26 -26 -28 -2 -20
right_child=1 2 5 4 7 -7 8 -9 9 -11 17 12 16 -15 -16 -17 -18 -19 29 -21 -22 -23 -24 -25 25 -27 27 -29 -30 -31
leaf_value=0 0 0 0.00011875000000000003 0.00053202921874999972 -0.1839717404327588 0.00078270171542968751 0.095699051228173848 -1.9614592464406959 0.22997712510344243 1.3859409224752526 -0.44245777726508301 0.00098951484985839821 0.015984164816259767 -0.10078497394222535 -0.73414772686381824 0.18577763553208498 -0.13041565746386716 0.25722445222739748 0 0.00098951484985839821 0.1020278750828882 -0.04856811311572265 0.049096890083957526 -0.7934240170044824 0 0 0.0056821122502490233 0.0034353905229003836 0.00013628525585937507 0
leaf_weight=89475 617140 854444 7733 1951 12843 12309 7133 4590 12336 8322 4625 1548 5304 7478 4234 2011 6862 5530 117386 4998 7240 37369 5746 9520 42493 73886 2140 2413 9545 70086
leaf_count=89475 617140 854444 7733 1951 12843 12309 7133 4590 12336 8322 4625 1548 5304 7478 4234 2011 6862 5530 117386 4998 7240 37369 5746 9520 42493 73886 2140 2413 9545 70086
internal_value=0.00015361 -0.00057435 0.000474052 -0.00167653 -0.0104815 0.0152429 0.0194415 -0.0173014 0.0238796 0.0280185 -0.014951 -0.000557528 0.00940038 -0.0183645 -0.0216932 -0.01861 -0.00317278 -0.00282127 0.00481067 0.0327681 -0.00303587 -0.00526831 0.0220938 -0.0216943 -0.000806763 -0.00364626 0.000578158 0.0181309 -0.000258822 0.00639722
internal_weight=2.04869e+06 1.77174e+06 908023 863720 97391 53579 41270 50831 33537 26404 46241 766329 18712 36086 28608 24374 12166 10155 276947 6546 46560 39320 18082 22363 747617 120932 47046 4553 626685 187472
internal_count=2048690 1771743 908023 863720 97391 53579 41270 50831 33537 26404 46241 766329 18712 36086 28608 24374 12166 10155 276947 6546 46560 39320 18082 22363 747617 120932 47046 4553 626685 187472
is_linear=0
shrinkage=0.05


Tree=14
num_leaves=31
num_cat=0
split_feature=18 0 14 15 10 18 0 0 0 14 15 0 10 15 0 14 0 14 10 16 10 10 7 0 15 10 0 0 15 15
split_gain=2773.49 1558.79 7942.91 5905.22 1957.82 1527.95 1135.36 1065.31 1177.38 981.048 717.872 620.164 939.565 839.646 678.566 628.092 614.571 540.06 510.296 678.32 482.901 430.101 417.547 390.417 310.084 405.07 307.741 298.803 296.616 1031.53
threshold=0.36216395934264278 -1.0000000180025095e-35 1.7037491494287642 32.093647316538892 25.500000000000004 0.92687617260788013 1.0000000180025095e-35 -0.5 -0.9159756150367534 1.0000000180025095e-35 149.78549088210352 -0.60355339059327362 44.500000000000007 3.7529766123316803 -0.9159756150367534 1.0000000180025095e-35 0.98296291314453421 3.7286424217164416 29.500000000000004 86.287348790322596 76.500000000000014 86.500000000000014 -1.0000000180025095e-35 0.25881904510252091 39.615802304964546 51.500000000000007 0.60355339059327384 -0.98296291314453399 96.43167701863355 119.4578167819392
decision_type=8 2 2 10 2 10 2 2 2 2 10 2 2 10 2 2 2 2 2 8 2 2 2 2 10 2 2 2 10 10
left_child=11 3 9 -2 -4 7 -6 8 24 28 21 13 16 -1 -15 -16 -13 -8 22 23 -7 -10 -11 -20 -5 -26 -21 -27 -3 -30
right_child=1 2 4 5 6 20 17 -9 10 18 -12 12 -14 14 15 -17 -18 -19 19 26 -22 -23 -24 -25 25 27 -28 -29 29 -31
leaf_value=0 0 0 -0.0022621874999999999 -0.22533586722630616 0.021049713281250007 0 -0.21297998209637475 0.03348194041970947 0.16653308683731557 0.00038549161806640596 0.89436322961602766 0 -0.084949332634375041 0 0 0.23918091135289743 0 -0.79969364961066169 -0.0008298949414062498 0.0029172925585937491 0 0.11123737662041969 0 -0.038035551191406253 0.26338036452833741 -0.0070274747237744116 -0.0089084310488281252 0.14651365888380616 0 0
leaf_weight=49224 685494 791126 10221 888 3105 7197 18505 18253 18463 571 9130 162558 7149 20174 7239 20808 9795 22297 8813 12645 20486 7922 46930 23656 3233 5606 17312 11187 13689 15014
leaf_count=49224 685494 791126 10221 888 3105 7197 18505 18253 18463 571 9130 162558 7149 20174 7239 20808 9795 22297 8813 12645 20486 7922 46930 23656 3233 5606 17312 11187 13689 15014
internal_value=0.000157515 -0.000569834 -0.00189697 0.0010875 -0.0205162 0.0122894 -0.0251042 0.0160085 0.0194049 -0.000813009 0.0249472 0.00481067 0.00306738 0.00802196 0.0127113 0.0177416 0.00380411 -0.0273222 -0.00524848 -0.00822013 0.0022559 0.0207656 -0.00134313 -0.0132265 0.00999331 0.0112753 -0.002794 0.00815518 -0.000218277 0.00477476
internal_weight=2.04869e+06 1.77174e+06 983884 787859 54128 102365 43907 74682 56429 929756 35515 276947 179502 97445 48221 28047 172353 40802 109927 62426 27683 26385 47501 32469 20914 20026 29957 16793 819829 28703
internal_count=2048690 1771743 983884 787859 54128 102365 43907 74682 56429 929756 35515 276947 179502 97445 48221 28047 172353 40802 109927 62426 27683 26385 47501 32469 20914 20026 29957 16793 819829 28703
is_linear=0
shrinkage=0.05


Tree=15
num_leaves=31
num_cat=0
split_feature=18 0 13 17 1 9 18 1 0 14 14 0 12 1 5 16 0 17 14 14 1 12 0 17 1 10 5 16 0 17
split_gain=2586.7 1192.14 7287.68 5810.5 1682.88 1841.2 1290.83 1577.02 842.657 837.226 783.495 587.845 921.961 725.85 1121.59 695.678 608.041 526.751 492.824 471.596 462.346 1246.83 502.278 409.856 842.839 749.83 576.885 479.823 392.131 372.871
threshold=0.36216395934264278 -0.25881904510252113 1.0950140852533554 64.500000000000014 1.0000000180025095e-35 33.500000000000007 0.89280081117620569 0.37940952255126048 1.0000000180025095e-35 4.504624876411448 0.63226727006295136 -0.60355339059327362 26.750000000000004 0.37940952255126048 -1.0000000180025095e-35 18.419328569054347 0.98296291314453421 291.50000000000006 1.0000000180025095e-35 5.7020939609837429 1.0000000180025095e-35 25.083333333333339 0.37940952255126054 28.500000000000004 -0.5 8.5000000000000018 73.500000000000014 24.459641923644689 -0.37940952255126065 243.50000000000003
decision_type=8 2 2 10 2 2 10 2 2 2 2 2 2 2 2 10 2 10 2 2 2 2 2 10 2 2 2 10 2 10
left_child=11 3 10 -2 5 -4 7 -5 -7 18 23 13 16 29 -15 -16 -13 -8 -9 -10 21 -12 -23 25 26 -3 27 -25 -14 -1
right_child=1 2 4 6 -6 8 17 9 19 -11 20 12 28 14 15 -17 -18 -19 -20 -21 -22 22 -24 24 -26 -27 -28 -29 -30 -31
leaf_value=0 0 0 -0.041841455750463871 0.13086257434518261 0.010067297641538082 -0.088864160607403694 0 -0.0069558626459854736 -0.32688108773833308 1.0520984529718223 0 0 0.11277246767890624 0 0.035300580213605125 1.0047216349218413 0 0.19604286941097895 0.13389158003313423 -1.3346300399327389 0 -0.043912915357949993 -0.18609830923730469 0.0019124687500000001 0 0 0.0049141657175217285 0 -0.12413200954874998 0.7582156589091309
leaf_weight=67585 630774 751214 9789 37699 7200 3840 27112 752 19503 10218 19478 160534 1826 7368 12756 6256 9792 3600 10223 12627 24549 8710 15317 3867 101145 59525 8054 6547 7350 3480
leaf_count=67585 630774 751214 9789 37699 7200 3840 27112 752 19503 10218 19478 160534 1826 7368 12756 6256 9792 3600 10223 12627 24549 8710 15317 3867 101145 59525 8054 6547 7350 3480
internal_value=0.000283718 -0.000418712 -0.0014923 0.00114815 -0.019567 -0.0231026 0.0130625 0.0173963 -0.0283347 0.0283089 -0.00053355 0.00477745 0.00308019 0.00790395 0.0149867 0.0214049 0.00391191 0.00475221 0.0187198 -0.0309804 -0.00571238 -0.00880818 -0.0164294 -0.000154726 0.00257748 -0.000557824 0.0123998 0.00462838 -0.0123583 0.00527475
internal_weight=2.04869e+06 1.77174e+06 1.05136e+06 720378 52959 45759 89604 58892 35970 21193 998406 276947 179502 97445 26380 19012 170326 30712 10975 32130 68054 43505 24027 930352 119613 810739 18468 10414 9176 71065
internal_count=2048690 1771743 1051365 720378 52959 45759 89604 58892 35970 21193 998406 276947 179502 97445 26380 19012 170326 30712 10975 32130 68054 43505 24027 930352 119613 810739 18468 10414 9176 71065
is_linear=0
shrinkage=0.05


Tree=16
num_leaves=31
num_cat=0
split_feature=18 1 14 10 0 15 18 12 0 13 18 15 13 0 0 16 15 1 13 18 0 10 0 13 16 10 0 18 15 15
split_gain=1951.51 782.16 3307.56 3149.03 4175.2 1066.31 1668.94 1133.5 1585.44 971.208 927.486 1118.24 822.144 786.001 709.305 2341.08 1410.42 1021.29 1098.94 873.151 737.365 701.819 659.752 618.107 537.389 512.931 511.993 538.871 500.196 482.841
threshold=0.49965325936199728 1.0000000180025095e-35 1.5499277101640241 134.50000000000003 1.0000000180025095e-35 96.43167701863355 0.99930651872399456 4.416666666666667 0.37940952255126054 1.7926456271808611 0.93081014729950906 138.56107129019765 0.64395055085937891 0.37940952255126054 -1.0000000180025095e-35 19.62627092533635 3.7529766123316803 0.37940952255126048 1.0000000180025095e-35 1.0000000180025095e-35 0.91597561503675362 26.500000000000004 -0.37940952255126065 1.0000000180025095e-35 17.644411330690666 1.5000000000000002 -0.9159756150367534 0.78583959899749389 12.44362849818415 -0.54487917146144982
decision_type=8 2 2 2 2 10 10 2 2 2 10 10 2 2 2 10 8 2 2 10 2 2 2 2 10 2 2 10 10 8
left_child=14 3 -3 5 -5 7 13 23 28 -6 11 22 -10 -7 16 20 25 -18 -19 -17 -16 -14 26 -2 -20 -1 -4 -28 -9 -22
right_child=1 2 10 4 9 6 -8 8 12 -11 -12 -13 21 -15 15 19 17 18 24 -21 29 -23 -24 -25 -26 -27 27 -29 -30 -31
leaf_value=0 0 0 0.012720711152776632 0.12181962040356105 -0.22301435258678712 0.091258115262645809 0.00094003910736547821 0 0 -1.1877603415364242 0.00074356662965820305 0.56257207880297089 -0.044507970781250003 -0.12064590987001955 0 0 0.0021078191035156179 0 0.10000000000000001 -0.15012468750000002 0 -0.24326817355915653 -0.0022740781250000001 0.00012947099306640631 0.86595864828772773 0 0.25028859756111987 0.045112812500000002 0 0
leaf_weight=64807 612872 843694 4197 11068 10692 5287 4813 34356 43714 11759 12309 11151 5906 4796 95692 9956 71209 9531 5657 15756 11454 12395 6943 7218 9419 15145 8106 4932 67502 16354
leaf_count=64807 612872 843694 4197 11068 10692 5287 4813 34356 43714 11759 12309 11151 5906 4796 95692 9956 71209 9531 5657 15756 11454 12395 6943 7218 9419 15145 8106 4932 67502 16354
internal_value=0.000181897 -0.000488162 0.0005411 -0.00159032 -0.016604 -0.00096037 0.0122919 -0.00121217 -0.00491051 -0.0289943 0.0133591 0.0174771 -0.0112134 0.00072895 0.00373592 0.00120064 0.00588816 0.00997954 0.0187609 -0.0125253 0.0040583 -0.0201109 0.011436 -0.000234805 0.0271624 0.000984966 0.0166783 0.0215677 -0.00107306 0.0112252
internal_weight=2.04869e+06 1.72371e+06 891332 832378 33519 798859 14896 783963 163873 22451 47638 35329 62015 10083 324980 149212 175768 95816 24607 25712 123500 18301 24178 620090 15076 79952 17235 13038 101858 27808
internal_count=2048690 1723710 891332 832378 33519 798859 14896 783963 163873 22451 47638 35329 62015 10083 324980 149212 175768 95816 24607 25712 123500 18301 24178 620090 15076 79952 17235 13038 101858 27808
is_linear=0
shrinkage=0.05


Tree=17
num_leaves=31
num_cat=0
split_feature=0 16 13 11 13 1 0 18 1 18 0 14 10 17 0 10 0 15 12 1 5 10 16 1 17 0 16 1 18 10
split_gain=1010.49 6228.26 6037.18 2373.6 1884.5 1815.63 1258.16 955.331 1481.79 794.334 691.597 604.351 538.994 495.263 486.283 454.569 447.851 437.089 426.167 872.074 763.967 716.648 454.589 419.167 1027.05 594.342 386.334 797.165 1078.06 599.408
threshold=-0.25881904510252113 49.062289225015867 1.0950140852533554 35.166666666666679 1.0000000180025095e-35 0.60355339059327384 -0.98296291314453399 0.87844152563778743 0.37940952255126048 0.12529069767441864 1.0000000180025095e-35 0.63226727006295136 149.50000000000003 291.50000000000006 0.98296291314453421 -1.0000000180025095e-35 -0.37940952255126065 43.380749354005175 25.083333333333339 -0.5 73.500000000000014 8.5000000000000018 24.459641923644689 1.0000000180025095e-35 40.500000000000007 0.37940952255126054 16.893650793650796 0.37940952255126048 0.85728429985855736 7.5000000000000009
decision_type=2 10 2 2 2 2 2 10 2 8 2 2 2 10 2 2 2 8 2 2 2 2 10 2 10 2 10 2 10 2
left_child=1 26 9 -4 -3 10 17 8 -8 14 -5 18 -12 -9 -2 -13 -10 -6 21 20 22 -11 -20 24 -17 -26 29 -28 -29 -1
right_child=2 4 3 5 6 -7 7 13 16 11 12 15 -14 -15 -16 23 -18 -19 19 -21 -22 -23 -24 -25 25 -27 27 28 -30 -31
leaf_value=0 0 0 -0.00024037421875000003 -0.11712732580603119 -0.67173288706093759 0.048119982934036382 0.21065058217786295 0.012919468759846193 0.74972556961763415 0 -0.2932624722017802 0.0004336954140625 -0.99096194775845425 0.22183177048137526 0 0 0.089700816835756259 0.045714752197946233 0.0018168453125000001 0 0.004668457431645642 0 0 0 -0.039507124979310151 -0.18650742140293397 0 0.11924839364088409 0 0
leaf_weight=625008 102489 21921 23243 4725 1519 3977 40878 13682 18115 761248 19783 1274 15666 3668 8451 23990 2665 8021 1937 97700 8054 66835 6415 26053 10341 15022 34032 12566 10690 58722
leaf_count=625008 102489 21921 23243 4725 1519 3977 40878 13682 18115 761248 19783 1274 15666 3668 8451 23990 2665 8021 1937 97700 8054 66835 6415 26053 10341 15022 34032 12566 10690 58722
internal_value=9.76234e-07 0.00131769 -0.000935514 -0.0154732 0.0123931 -0.0222815 0.0156424 0.0177134 0.0206299 -6.83301e-05 -0.0254717 -0.000505806 -0.0278668 0.0073487 0.00394943 -0.00477439 0.0315014 -0.00150943 -0.000158408 0.00270626 0.0133732 -0.000553145 0.00277778 -0.00527478 -0.0079833 -0.0149982 -0.000333393 0.0036107 0.0107456 -0.000663859
internal_weight=2.04869e+06 851487 1.1972e+06 67394 110469 44151 88548 79008 61658 1.12981e+06 40174 1.01887e+06 35449 17350 110940 76680 20780 9540 942189 114106 16406 828083 8352 75406 49353 25363 741018 57288 23256 683730
internal_count=2048690 851487 1197203 67394 110469 44151 88548 79008 61658 1129809 40174 1018869 35449 17350 110940 76680 20780 9540 942189 114106 16406 828083 8352 75406 49353 25363 741018 57288 23256 683730
is_linear=0
shrinkage=0.05


Tree=18
num_leaves=31
num_cat=0
split_feature=18 0 14 0 16 16 1 15 0 1 15 0 5 1 13 0 14 17 5 14 0 17 18 10 13 17 14 18 1 18
split_gain=963.916 845.453 802.334 1639.86 2062.5 1405.66 1552.88 1161.42 1346.01 1275.57 755.981 754.716 696.374 607.815 2773.53 4337.44 2555.88 2064.52 947.973 2460.07 924.506 917.874 784.494 721.226 607.726 563.047 876.762 682.018 600.849 547.81
threshold=0.53588222122704898 0.98296291314453421 1.0000000180025095e-35 -1.0000000180025095e-35 19.62627092533635 16.893650793650796 0.37940952255126048 3.7529766123316803 -1.0000000180025095e-35 -0.12940952255126037 0.17992805755395685 -0.98296291314453399 1.0000000180025095e-35 1.0000000180025095e-35 0.64395055085937891 1.0000000180025095e-35 3.7286424217164416 30.500000000000004 73.500000000000014 1.0000000180025095e-35 0.60355339059327384 195.00000000000003 0.82765448958688981 2.5000000000000004 2.8479344402135331 34.500000000000007 1.0000000180025095e-35 0.94291146116241176 0.25881904510252057 0.13658572697660648
decision_type=8 2 2 2 10 10 2 8 2 2 8 2 2 2 2 2 2 10 2 2 2 10 10 2 2 10 2 10 2 10
left_child=1 2 7 5 29 -4 11 -1 9 12 -8 -7 -9 14 18 -16 25 -17 23 -20 -21 22 -18 -2 -19 -15 -27 -28 -29 -5
right_child=13 -3 3 4 -6 6 10 8 -10 -11 -12 -13 -14 16 15 17 21 24 19 20 -22 -23 -24 -25 -26 26 27 28 -30 -31
leaf_value=0 0 0 0 0 -0.1306802000390625 -0.10657790637996092 -0.029339980856166705 -0.0001053909551757809 0 0 0.66722186162303565 0.12747338386378262 -0.0001053909551757809 0 0.0025794142495361326 0.00062921671874999977 0.1902314564840569 -0.21940081883783408 0.0037255052018602356 0.019659423984267101 -0.15223926836725715 0.49017260949497321 -0.02184653435807471 0 -0.95780088307631983 0 0.031314043599482345 -0.072638233920898451 4.1494747070312492e-05 0
leaf_weight=127232 614652 11211 48736 12883 18601 5573 318 7893 24572 11185 11743 41377 3116 726777 35438 8152 6134 25152 15013 8374 7119 10760 5329 93415 12424 62408 44069 3565 25070 20399
leaf_count=127232 614652 11211 48736 12883 18601 5573 318 7893 24572 11185 11743 41377 3116 726777 35438 8152 6134 25152 15013 8374 7119 10760 5329 93415 12424 62408 44069 3565 25070 20399
internal_value=-1.24226e-05 0.00239837 0.00194453 0.00450448 -0.0027986 0.0080211 0.0132111 -0.000404028 -0.00714194 -0.0160674 0.029214 0.00910011 -0.0281497 -0.000500337 -0.00148108 -0.0102543 0.000408998 -0.0204295 -0.000516943 0.00811316 -0.00586394 0.0171511 0.00730612 -0.000888758 -0.0253779 -2.26827e-05 0.00294126 0.00667295 0.00066527 0.00465417
internal_weight=2.04869e+06 344839 333628 159630 51883 107747 59011 173998 46766 22194 12061 46950 11009 1.70385e+06 819739 81166 884112 45728 738573 30506 15493 22223 11463 708067 37576 861889 135112 72704 28635 33282
internal_count=2048690 344839 333628 159630 51883 107747 59011 173998 46766 22194 12061 46950 11009 1703851 819739 81166 884112 45728 738573 30506 15493 22223 11463 708067 37576 861889 135112 72704 28635 33282
is_linear=0
shrinkage=0.05


Tree=19
num_leaves=31
num_cat=0
split_feature=18 0 0 13 6 17 1 17 0 17 1 13 0 13 10 6 18 17 10 0 0 18 13 13 0 15 18 0 15 0
split_gain=985.675 882.749 655.14 2114.07 1823.57 1347.52 1214.77 865.206 783.957 587.985 485.995 2611.99 3711.05 2323.37 1703.49 981.333 2279.16 871.212 721.206 720.353 551.84 509.6 487.623 468.451 443.798 532.78 421.966 414.769 373.601 342.446
threshold=0.53588222122704898 0.91597561503675362 -0.25881904510252113 1.0000000180025095e-35 5.5000000000000009 57.500000000000007 0.37940952255126048 31.500000000000004 -0.98296291314453399 131.50000000000003 1.0000000180025095e-35 0.64395055085937891 0.25881904510252091 1.9702113754102264 35.500000000000007 73.500000000000014 0.99930651872399456 163.50000000000003 2.5000000000000004 0.60355339059327384 0.60355339059327384 0.88253449527959338 3.17859624443807 1.0000000180025095e-35 -0.9159756150367534 3.7529766123316803 0.78583959899749389 -0.98296291314453399 0.17992805755395685 -0.25881904510252113
decision_type=8 2 2 2 2 10 2 10 2 10 2 2 2 2 2 2 8 10 2 2 2 10 2 2 2 10 10 2 8 2
left_child=1 2 3 7 -4 24 8 -1 -7 -6 11 15 29 -12 -14 18 19 26 23 -17 21 -19 -16 -2 -5 -26 -15 -9 -3 -13
right_child=10 28 4 5 9 6 -8 27 -10 -11 13 12 14 17 22 16 -18 20 -20 -21 -22 -23 -24 -25 25 -27 -28 -29 -30 -31
leaf_value=0 0 0 0 -0.0023616409551757808 -0.00012468750000000002 -0.18345710852756447 1.4499154526073323 0 0.25903628640917908 -0.36560264116852936 0 0.0046127098443315929 -0.037543426548878177 0.15222046828009925 -0.2617257759428524 0.0049889453227731995 0.0032628662426826224 1.1123744503768698 0 -0.092625732571219976 -0.56706981045860239 0.14192679866752586 -1.1086361792005597 0.00012299744341308597 -0.00225625 0.070252445080694975 -0.012402202578910861 0 0 -0.061565919088686617
leaf_weight=70022 610348 16341 105520 14204 29843 4190 7927 1792 25501 9403 863969 30574 9663 4634 21623 10537 10909 6668 93400 9075 546 3819 8602 4304 8483 18643 4476 17024 15946 10704
leaf_count=70022 610348 16341 105520 14204 29843 4190 7927 1792 25501 9403 863969 30574 9663 4634 21623 10537 10909 6668 93400 9075 546 3819 8602 4304 8483 18643 4476 17024 15946 10704
internal_value=-7.55849e-05 0.00236226 0.00154918 0.00367552 -0.00091527 0.00962912 0.0164762 -0.0016153 0.0118336 -0.010117 -0.000568976 -0.00144595 -0.00995984 0.000244143 -0.0208358 -0.000510308 0.00826808 0.0170307 -0.000888706 -0.00192229 0.0264797 0.0290312 -0.0266782 -0.000266655 0.00339705 0.00714628 0.00558727 -0.0111341 0.0102332 0.00054993
internal_weight=2.04869e+06 344839 312552 167786 144766 78948 37618 88838 29691 39246 1.70385e+06 819739 81166 884112 39888 738573 30521 20143 708052 19612 11033 10487 30225 614652 41330 27126 9110 18816 32287 41278
internal_count=2048690 344839 312552 167786 144766 78948 37618 88838 29691 39246 1703851 819739 81166 884112 39888 738573 30521 20143 708052 19612 11033 10487 30225 614652 41330 27126 9110 18816 32287 41278
is_linear=0
shrinkage=0.05


Tree=20
num_leaves=31
num_cat=0
split_feature=18 0 14 0 0 16 10 16 0 5 5 14 18 15 5 0 0 13 15 8 13 13 0 11 18 14 0 0 0 15
split_gain=1343.46 789.728 673.158 1456.4 1156.53 1185.12 1090.07 1078.1 688.873 751.522 673.589 467.34 438.562 548.962 411.261 608.253 410.864 4296.59 3047.14 934.913 865.498 756.004 633.263 574.825 412.094 458.793 406.283 398.636 394.281 377.341
threshold=0.53588222122704898 0.98296291314453421 1.0000000180025095e-35 -0.60355339059327362 -0.9159756150367534 42.169281845186099 28.500000000000004 13.892216343327457 -1.0000000180025095e-35 2.5000000000000004 -1.0000000180025095e-35 5.523936518909367 0.10020920502092052 43.380749354005175 1.0000000180025095e-35 -0.5 -1.0000000180025095e-35 1.5236033621142739 51.448784722222229 53.500000000000007 1.0000000180025095e-35 4.5214865433696501 0.25881904510252091 3.5000000000000004 0.93703540553934273 1.0000000180025095e-35 -1.0000000180025095e-35 0.60355339059327384 -0.98296291314453399 3.7529766123316803
decision_type=8 2 2 2 2 10 2 10 2 2 2 2 10 10 2 2 2 2 10 2 2 2 2 2 10 2 2 2 2 8
left_child=1 2 7 4 12 10 14 -1 -8 -10 -6 -11 -4 -14 15 -5 18 20 -2 -19 -18 24 -21 -22 25 -20 28 -25 -9 -30
right_child=16 -3 3 6 5 -7 8 26 9 11 -12 -13 13 -15 -16 -17 17 19 21 22 23 -23 -24 27 -26 -27 -28 -29 29 -31
leaf_value=0 0 0 0.031417853472111491 -0.0023834341972656251 -0.0023943604082031253 0.56909945755045344 0.0094218736503736359 0.00040404654482421919 0.035979601124781248 -0.082759343592011106 0.047500000000000001 -0.74639956912284044 -0.030474753341304374 0.36239003937073005 0 3.7752148437500022e-07 0 -0.0091969712602556417 -0.010495841323721711 -0.078849707409447578 0.00035359361533911097 0.70476742032295969 -0.54818631948604779 -0.0015625585784116173 0 0.082283856172383707 0 -0.042801616856097291 0 -0.00010012140741699185
leaf_weight=151622 675241 11211 9694 910 707 16970 9083 996 814 6142 24817 6063 15947 7076 47539 13868 851639 5562 1731 4446 2614 9216 18905 34873 19522 41338 11786 38764 2030 7564
leaf_count=151622 675241 11211 9694 910 707 16970 9083 996 814 6142 24817 6063 15947 7076 47539 13868 851639 5562 1731 4446 2614 9216 18905 34873 19522 41338 11786 38764 2030 7564
internal_value=4.92998e-06 0.00285104 0.00241242 0.00475725 0.00981705 0.0152574 0.000249351 0.00026121 -0.00929101 -0.0166641 0.00844891 -0.0197665 0.00275086 -0.00100552 0.00363304 0.0109183 -0.000571089 -0.00125716 0.000307611 -0.0202383 -0.000665704 0.0101 -0.0246264 -0.0057691 0.00813136 0.0108628 -0.00998391 -0.00658704 -0.0170916 -0.0202001
internal_weight=2.04869e+06 344839 333628 159630 75211 42494 84419 173998 22102 13019 25524 12205 32717 23023 62317 14778 1.70385e+06 956803 747048 28913 927890 71807 23351 76251 62591 43069 22376 73637 10590 9594
internal_count=2048690 344839 333628 159630 75211 42494 84419 173998 22102 13019 25524 12205 32717 23023 62317 14778 1703851 956803 747048 28913 927890 71807 23351 76251 62591 43069 22376 73637 10590 9594
is_linear=0
shrinkage=0.05


Tree=21
num_leaves=31
num_cat=0
split_feature=18 17 5 15 15 10 5 10 14 13 17 10 17 15 5 14 15 13 10 5 10 15 17 10 10 13 13 15 14 5
split_gain=765.317 382.128 922.561 370.99 359.125 681.907 436.37 422.418 296.827 295.108 632.509 370.114 1040.89 376.312 378.292 358.563 294.437 326.883 293.802 393.566 293.758 1044.04 402.544 568.816 375.539 405.719 318.079 289.206 270.728 261.072
threshold=0.55175492610837451 28.500000000000004 2.5000000000000004 0.68048396334478822 161.24342105263159 90.500000000000014 76.500000000000014 369.50000000000006 7.0759748703074061 1.0000000180025095e-35 47.500000000000007 17.500000000000004 53.500000000000007 21.458785354513758 2.5000000000000004 2.4972191289246477 8.1288389845552995 1.0000000180025095e-35 66.500000000000014 52.500000000000007 127.50000000000001 96.43167701863355 267.00000000000006 212.50000000000003 91.500000000000014 1.0000000180025095e-35 1.0950140852533554 3.0915071770334932 37.07593538305688 134.50000000000003
decision_type=8 8 2 8 10 2 2 2 2 2 10 2 10 10 2 2 10 2 2 2 2 10 10 2 2 2 2 8 2 2
left_child=4 2 3 -2 5 6 9 -6 -7 10 -1 12 27 14 -13 -14 -4 -18 19 -15 21 24 26 -24 -3 -26 -22 -11 -25 -28
right_child=1 20 16 -5 7 8 -8 -9 -10 11 -12 13 15 18 -16 -17 17 -19 -20 -21 22 -23 23 28 25 -27 29 -29 -30 -31
leaf_value=0 0 0 0 0 0.57721587211636205 0.041952533647796213 0.82310320525512148 -1.98451443169286 -0.64089943937474081 0 0 0.011238763502896921 0.092410142195312503 0.020795717803093163 -0.096902612432930926 0.57372242209771451 0 7.812792892058087e-05 -0.19844066986943865 0.32062573467293087 0 0 0.55102600872646856 -0.00011875000000000003 0 -0.079759956120572212 -0.4728483715385412 0.013844947254906304 2.2937209717094293 -0.10999310109657978
leaf_weight=189240 12539 854574 55183 539058 7729 2260 2396 886 5075 18845 26767 1358 5057 20546 10498 7093 70457 23989 3602 3803 26698 35623 1932 40399 11962 9349 2528 47280 921 11043
leaf_count=189240 12539 854574 55183 539058 7729 2260 2396 886 5075 18845 26767 1358 5057 20546 10498 7093 70457 23989 3602 3803 26698 35623 1932 40399 11962 9349 2528 47280 921 11043
internal_value=-4.41258e-05 -0.000484626 -0.00137859 -0.000434013 0.00207599 0.00182334 0.0021521 0.012159 -0.0132584 0.00199962 0.000900897 0.0040095 0.00600575 8.41561e-05 -0.00738023 0.0194568 -0.00486069 -0.0031653 0.00325033 0.00522198 0.000145373 0.000405427 -0.00269274 0.000656617 6.41637e-05 -0.00649195 -0.0062902 0.00353422 -0.000583253 -0.012523
internal_weight=2.04869e+06 1.69626e+06 701226 551597 352435 343820 336485 8615 7335 334089 216007 118082 78275 39807 11856 12150 149629 94446 27951 24349 995029 911508 83521 43252 875885 21311 40269 66125 41320 13571
internal_count=2048690 1696255 701226 551597 352435 343820 336485 8615 7335 334089 216007 118082 78275 39807 11856 12150 149629 94446 27951 24349 995029 911508 83521 43252 875885 21311 40269 66125 41320 13571
is_linear=0
shrinkage=0.05


Tree=22
num_leaves=31
num_cat=0
split_feature=1 13 10 17 15 17 13 10 10 18 1 18 16 18 14 16 17 10 16 5 17 1 15 1 10 18 1 15 15 14
split_gain=858.475 3434.26 2158.96 1421.92 1070.86 1694.32 926.614 827.275 805.214 786.905 906.296 703.357 696.079 681.623 677.432 645.629 520.013 459.145 589.317 528.151 496.283 454.981 699.058 647.723 444.01 438.17 412.624 515.022 378.261 319.185
threshold=1.0000000180025095e-35 1.9702113754102264 134.50000000000003 64.500000000000014 96.43167701863355 101.50000000000001 1.0000000180025095e-35 425.50000000000006 90.500000000000014 0.870114503816794 0.37940952255126048 0.99930651872399456 242.11883787661409 0.99930651872399456 4.4300087905003052 97.501456421092811 130.50000000000003 8.5000000000000018 74.831324211922137 83.500000000000014 77.500000000000014 0.78656609248549303 8.3766225076943694 0.25881904510252057 57.500000000000007 0.93344988344988356 -0.5 41.650242718446613 185.14621749408988 18.463552681873399
decision_type=2 2 2 10 10 10 2 2 2 10 2 10 10 10 2 10 10 2 10 2 10 2 10 2 2 10 2 10 8 2
left_child=2 6 4 -3 8 -6 -2 12 17 10 -5 21 -4 -10 -9 -15 -7 -1 19 24 -20 23 -23 25 26 -8 -19 -28 -11 -14
right_child=1 3 7 9 5 16 11 14 13 28 -12 -13 29 15 -16 -17 -18 18 20 -21 -22 22 -24 -25 -26 -27 27 -29 -30 -31
leaf_value=0 0 -0.0002279968624023438 -0.29636990496308374 0.21959811825524955 0.00054361857977006133 -0.31196760233908605 0.015862671727633549 -0.14110529506712907 -0.20875705636309247 -0.055921591122001402 1.0564697084827745 0 0.0069327664294130294 -0.082591879451958589 -2.3840317067136008 0.0083497229305484928 0.016796566674799191 0 0.003999312033831688 0.0045694569080510601 0.0052696839930367672 -0.0012149193277228869 0.015977963707204473 0.043473161010804118 -0.093070177257327927 -0.071659752983611158 0 0.033244593458007815 0.17287657813551702 -1.8244587032193014
leaf_weight=766765 903384 7593 16387 4953 4754 1232 15872 2429 11872 2438 13914 6893 13993 1463 3781 1174 13078 88191 1429 2310 25397 6317 32731 33619 11798 2715 41946 4873 3774 1615
leaf_count=766765 903384 7593 16387 4953 4754 1232 15872 2429 11872 2438 13914 6893 13993 1463 3781 1174 13078 88191 1429 2310 25397 6317 32731 33619 11798 2715 41946 4873 3774 1615
internal_value=-0.00012303 0.000890686 -0.00115645 0.0168432 -0.000700156 0.0110339 0.000370283 -0.0128164 -0.000933852 0.0225826 0.0276647 0.00498436 -0.00957493 -0.0126232 -0.0295169 0.0103716 0.00244235 -0.000753944 -0.00305751 -0.00428486 0.003765 0.00614768 0.00206541 0.00920105 -0.00465812 0.00171087 -0.00384527 -0.00763899 0.00714746 -0.0020182
internal_weight=2.04869e+06 1.0342e+06 1.01449e+06 32672 976282 19064 1.00153e+06 38205 957218 25079 18867 98147 31995 14509 6210 2637 14310 942709 175944 149118 26826 91254 39048 52206 146808 18587 135010 46819 6212 15608
internal_count=2048690 1034203 1014487 32672 976282 19064 1001531 38205 957218 25079 18867 98147 31995 14509 6210 2637 14310 942709 175944 149118 26826 91254 39048 52206 146808 18587 135010 46819 6212 15608
is_linear=0
shrinkage=0.05


Tree=23
num_leaves=31
num_cat=0
split_feature=0 16 13 10 14 1 13 0 18 1 5 7 0 1 0 0 14 5 10 0 10 1 5 10 16 16 18 0 14 12
split_gain=627.728 4972.5 4106.42 1513.43 1234.11 1150.19 1071.78 893.942 771.121 1389.52 654.342 595.987 520.69 507.861 466.532 394.811 394.247 378.825 363.081 359.206 338.396 842.675 737.423 659.258 540.753 529.785 467.446 724.852 346.095 343.482
threshold=-0.25881904510252113 49.062289225015867 1.5236033621142739 65.500000000000014 0.95011807466920095 0.60355339059327384 1.0000000180025095e-35 -0.98296291314453399 0.78583959899749389 0.37940952255126048 214.50000000000003 3.5000000000000004 0.37940952255126054 1.0000000180025095e-35 1.0000000180025095e-35 0.91597561503675362 6.7133760280407477 6.5000000000000009 22.500000000000004 -0.37940952255126065 25.500000000000004 -0.5 73.500000000000014 8.5000000000000018 24.459641923644689 106.22190737502679 0.94127227438206562 0.98296291314453421 1.0000000180025095e-35 -0.91666666666666663
decision_type=2 10 2 2 2 2 2 2 10 2 2 2 2 2 2 2 2 2 2 2 2 2 2 2 10 10 8 2 2 2
left_child=1 -1 6 -4 -3 14 20 -6 9 -9 -10 15 -13 18 -5 -8 -16 -18 -14 -11 23 22 24 25 -22 26 27 -2 -24 -29
right_child=2 4 3 5 7 -7 11 8 10 19 -12 12 13 -15 16 -17 17 -19 -20 -21 21 -23 28 -25 -26 -27 -28 29 -30 -31
leaf_value=0 0 0 -0.0069473684204601595 -0.17361751378646068 -0.0077591661945089043 0.081807950757502093 0 0.21970946684830511 0.012987165944217133 1.0454388434862723 0.2155780693153001 -0.00079763831792109606 -0.042593983834891165 -3.7483604181370522e-05 -0.32012485837616045 0.0045405007858163576 0.13846685831847691 -1.2811281952982747 -0.13363820206583149 0.01522353158299441 0.001726003046875 0 0.0037993464321401031 0 0 -0.005000000000000001 0 0 0.013503664063923816 0.050000000000000003
leaf_weight=741018 116175 27628 19623 3346 9235 2408 12903 35248 16250 12836 7821 39629 13970 21395 13283 2487 161 11669 22805 1451 1930 90478 6246 66663 6468 1420 732726 5086 1633 4699
leaf_count=741018 116175 27628 19623 3346 9235 2408 12903 35248 16250 12836 7821 39629 13970 21395 13283 2487 161 11669 22805 1451 1930 90478 6246 66663 6468 1420 732726 5086 1633 4699
internal_value=-0.000248061 0.000789736 -0.000986174 -0.0149416 0.0106858 -0.0218437 -0.000371715 0.0137378 0.0155775 0.019145 0.00823605 -0.00499077 -0.00643002 -0.00944129 -0.0246513 0.0041553 -0.026988 -0.0336264 -0.0130048 0.0322986 0.000134153 0.00279987 0.0132733 -0.000172913 0.00296499 0.000198348 0.00024881 0.00306248 0.0242607 0.0161318
internal_weight=2.04869e+06 851487 1.1972e+06 50490 110469 30867 1.14671e+06 82841 73606 49535 24071 113189 97799 58170 28459 15390 25113 11830 36775 14287 1.03352e+06 106755 16277 926769 8398 860106 858686 125960 7879 9785
internal_count=2048690 851487 1197203 50490 110469 30867 1146713 82841 73606 49535 24071 113189 97799 58170 28459 15390 25113 11830 36775 14287 1033524 106755 16277 926769 8398 860106 858686 125960 7879 9785
is_linear=0
shrinkage=0.05


Tree=24
num_leaves=31
num_cat=0
split_feature=1 13 10 17 6 14 14 17 10 16 15 10 14 5 17 10 16 13 16 1 1 16 1 15 5 16 5 15 10 16
split_gain=595.494 3275.41 1836.21 1013.71 828.757 684.941 652.865 509.781 544.02 488.618 418.823 699.543 936.82 1069.18 494.872 717.245 727.806 566.25 668.612 398.178 392.117 381.476 393.735 614.753 734.164 467.434 356.666 464.994 318.26 470.613
threshold=1.0000000180025095e-35 1.9702113754102264 369.50000000000006 291.50000000000006 8.5000000000000018 5.6531690008592399 1.1363672635645734 49.500000000000007 68.500000000000014 14.740400140400142 13.766978723404257 17.500000000000004 1.0000000180025095e-35 66.500000000000014 394.00000000000006 70.500000000000014 72.063850923166527 4.0550824479184113 84.285221143473578 -0.78656609248549325 -0.78656609248549325 79.235229476405962 -0.60355339059327384 98.995145631067984 101.50000000000001 84.285221143473578 98.500000000000014 119.4578167819392 183.50000000000003 242.11883787661409
decision_type=2 2 2 10 2 2 2 10 2 10 10 2 2 2 10 2 10 2 10 2 2 10 2 10 2 10 2 10 2 10
left_child=2 6 4 7 -1 -4 -2 -3 -9 -8 -6 -12 13 -13 15 16 -14 18 -17 -16 -18 -15 23 -23 25 -25 -24 -28 -20 -30
right_child=1 3 5 -5 10 -7 9 8 -10 -11 11 12 14 21 19 17 20 -19 28 -21 -22 22 26 24 -26 -27 27 -29 29 -31
leaf_value=0 0 -0.00055561910748890887 -0.14921132606883294 0.99070387223597656 0 -2.0751090235008713 -1.8876074218750011e-08 0.49185227295110256 0.082293902562016255 0.036997595123083184 0 0 -0.036475181848622321 0.0042784775895984718 -0.15698262581963349 -0.17072049715579282 -0.012461472532311668 -0.7512826776206899 -0.014649316982311672 0.73850506762802115 0.20843031234590501 0.0034859368146366999 -0.013672840458292247 0.0049064016717161856 0.0033178911408165077 -0.00015266082828381539 0.00051643765078155832 -0.023630114582993536 -0.38777320584250674 -0.031514728195707511
leaf_weight=768969 948118 6274 3647 8122 51510 4668 15938 9100 9176 37475 18657 22128 50498 6042 2666 11731 7413 10166 26224 3749 7714 2049 991 172 623 1560 2460 1004 4104 5742
leaf_count=768969 948118 6274 3647 8122 51510 4668 15938 9100 9176 37475 18657 22128 50498 6042 2666 11731 7413 10166 26224 3749 7714 2049 991 172 623 1560 2460 1004 4104 5742
internal_value=-0.000351591 0.000492698 -0.00121229 0.0160719 -0.00101891 -0.0246121 -1.55262e-05 0.0110061 0.0152276 0.00536293 -0.00360261 -0.00249606 -0.0035217 0.00349456 -0.00552009 -0.00622289 -0.00264305 -0.0102757 -0.00799669 0.00802027 0.00697759 0.0138481 0.00724122 -0.00336058 -0.0207856 -0.0375289 0.0177217 0.0252887 -0.00462434 -0.0122893
internal_weight=2.04869e+06 1.0342e+06 1.01449e+06 32672 1.00617e+06 8315 1.00153e+06 24550 18276 53413 237203 185693 167036 37029 130007 123592 65625 57967 47801 6415 15127 14901 8859 4404 2355 1732 4455 3464 36070 9846
internal_count=2048690 1034203 1014487 32672 1006172 8315 1001531 24550 18276 53413 237203 185693 167036 37029 130007 123592 65625 57967 47801 6415 15127 14901 8859 4404 2355 1732 4455 3464 36070 9846
is_linear=0
shrinkage=0.05


Tree=25
num_leaves=31
num_cat=0
split_feature=18 0 14 16 9 1 0 14 15 5 15 9 14 0 5 15 1 0 14 15 18 10 10 15 16 14 14 15 10 15
split_gain=653.284 693.436 2944.27 1787.2 1174.08 847.729 607.546 564.403 462.791 741.364 505.363 456.02 422.515 2143.76 1209.04 1158.39 1574.28 612.003 522.07 453.856 399.629 562.166 372.136 361.878 347.729 327.089 315.852 248.642 245.191 237.467
threshold=0.57063231133878745 0.25881904510252091 1.184026093296336 97.501456421092811 33.500000000000007 1.0000000180025095e-35 -0.5 10.325938016926083 24.621665582303191 2.5000000000000004 8.8726781492738969 177.50000000000003 1.0335936864527377 1.0000000180025095e-35 12.500000000000002 13.766978723404257 0.37940952255126048 -0.98296291314453399 8.094064631809827 22.703042328042333 0.94127227438206562 85.500000000000014 -1.0000000180025095e-35 73.564805681594024 53.333929636255228 12.025435783180052 11.626717178328073 174.74316334072435 127.50000000000001 0.46821976838136287
decision_type=10 2 2 10 2 2 2 2 10 2 8 2 2 2 2 8 2 2 2 10 10 2 2 10 10 2 2 10 2 8
left_child=12 3 -3 8 22 11 7 -5 9 -2 -11 -6 19 15 26 -14 17 -17 -16 -1 21 23 -4 -10 -18 -22 29 -21 -23 -15
right_child=1 2 4 6 5 -7 -8 -9 20 10 -12 -13 13 14 18 16 24 -19 -20 27 25 28 -24 -25 -26 -27 -28 -29 -30 -31
leaf_value=0 0 0 0.0027810731433593749 0.058697049014714189 -0.18986368153743505 0.0034603058703316148 0.00052999284256043946 1.0411686786241778 0.017660474155623173 0 0 -0.69795244537136802 3.5958921386718774e-07 3.5958921386718774e-07 -0.10819786677787868 -0.1464837248530971 0.17979466758526025 0.13990704116152552 -1.0177354310546354 0 0 -0.00025995390039062376 -0.029000921136311621 0.086200575224320314 1.7259716415085471 -0.10738049290868541 0.029551765291031651 -0.028610793605818103 -0.29703266185227334 -1.7932270507812509e-08
leaf_weight=917606 317868 401848 1215 19523 18776 4335 22815 4434 33098 38642 62256 11129 33089 1038 12201 5452 4845 33679 4731 15654 33474 9125 8369 7588 6810 685 979 713 1667 15046
leaf_count=917606 317868 401848 1215 19523 18776 4335 22815 4434 33098 38642 62256 11129 33089 1038 12201 5452 4845 33679 4731 15654 33474 9125 8369 7588 6810 685 979 713 1667 15046
internal_value=-0.000340608 -0.00125777 -0.00272431 -7.19372e-05 -0.0150306 -0.0193604 0.00927799 0.0148391 -0.000938932 -0.00162382 -0.00535789 -0.0223558 0.000528596 0.00334945 -0.00724224 0.00764232 0.0123853 0.00758095 -0.016708 0.000172596 0.00241017 0.00519251 0.00043823 0.00788355 0.0285157 -0.00178284 0.00215085 -0.00808028 -0.00495274 0.000472519
internal_weight=2.04869e+06 996847 445672 551175 43824 34240 46772 23957 504403 418766 100898 29905 1.05184e+06 117870 33995 83875 50786 39131 16932 933973 85637 51478 9584 40686 11655 34159 17063 16367 10792 16084
internal_count=2048690 996847 445672 551175 43824 34240 46772 23957 504403 418766 100898 29905 1051843 117870 33995 83875 50786 39131 16932 933973 85637 51478 9584 40686 11655 34159 17063 16367 10792 16084
is_linear=0
shrinkage=0.05


Tree=26
num_leaves=31
num_cat=0
split_feature=18 0 14 16 16 1 16 5 13 18 10 10 1 18 1 15 13 0 1 16 16 0 0 16 16 14 15 5 14 0
split_gain=748.563 560.943 2381.29 2181.58 745.154 933.01 590.454 694.073 563.097 536.441 468.19 445.502 432.729 430.865 530.394 418.207 415.685 1993.95 1269.32 1159.5 1095.63 714.304 509.407 509.324 432.374 538.128 405.841 389.53 470.463 352.328
threshold=0.57063231133878745 -1.0000000180025095e-35 2.6167076325435135 139.76214412911665 22.594959805373389 0.60355339059327384 25.623167444612452 2.5000000000000004 1.0000000180025095e-35 0.93116609634114245 85.500000000000014 147.50000000000003 -0.78656609248549325 0.96804255319148946 0.37940952255126048 7.9096352749047369 1.0000000180025095e-35 -1.0000000180025095e-35 0.37940952255126048 18.419328569054347 53.333929636255228 -0.98296291314453399 0.91597561503675362 44.38433667781495 17.644411330690666 1.0000000180025095e-35 3.5705244122965647 1.5000000000000002 5.0235554341667843 0.37940952255126054
decision_type=10 2 2 10 10 2 10 2 2 10 2 2 2 10 2 10 2 2 2 10 10 2 2 10 10 2 10 2 2 2
left_child=16 3 8 6 -4 11 7 -2 -3 10 -8 -6 -11 14 -5 -9 24 18 21 22 26 -18 -19 -23 -1 -26 -20 -21 -29 -10
right_child=1 2 4 13 5 -7 9 15 29 12 -12 -13 -14 -15 -16 -17 17 19 20 27 -22 23 -24 -25 25 -27 -28 28 -30 -31
leaf_value=0 0 0 0.0025588856433593752 0.16520416996440335 -0.18188625592968957 0.032667524877827106 0.042976097988893451 0 -0.00021786281423636386 0 -0.0060702797524805835 -0.78668659018492582 0 -0.0049848243794815388 0.40411507612953096 0 -0.04573944826463669 -7.191784277343753e-06 -0.0021736580505402059 0.013347997014207811 1.6091001860892278 0.0017795404961277188 0.048287594011582197 0.16921513819253708 0 0.0065339920224924313 0.11751513084239096 -0.072879037986744 -0.55192655432602988 -0.011736596749773032
leaf_weight=883799 248426 472183 4058 10085 9462 3108 32217 26263 23455 2898 15130 12078 24926 2767 7764 51714 9607 20685 4497 1229 7014 33161 4440 31107 19141 6580 11761 11043 7779 50313
leaf_count=883799 248426 472183 4058 10085 9462 3108 32217 26263 23455 2898 15130 12078 24926 2767 7764 51714 9607 20685 4497 1229 7014 33161 4440 31107 19141 6580 11761 11043 7779 50313
internal_value=-0.000417999 -0.00139976 -0.0024164 -1.59881e-05 -0.016453 -0.0197217 -0.000830358 -0.00175044 -0.00167836 0.00316478 0.00640273 -0.0234169 -0.0023451 0.0158469 0.0186929 -0.00586583 0.000512434 0.00302516 0.00706095 -0.00565344 0.0172439 0.00385313 0.00150249 0.00575403 0.000119239 -0.00627114 0.0101181 -0.0146202 -0.016401 -0.00574097
internal_weight=2.04869e+06 996847 574657 422190 28706 24648 401574 326403 545951 75171 47347 21540 27824 20616 17849 77977 1.05184e+06 142323 97147 45176 23272 73875 25125 64268 909520 25721 16258 20051 18822 73768
internal_count=2048690 996847 574657 422190 28706 24648 401574 326403 545951 75171 47347 21540 27824 20616 17849 77977 1051843 142323 97147 45176 23272 73875 25125 64268 909520 25721 16258 20051 18822 73768
is_linear=0
shrinkage=0.05


Tree=27
num_leaves=31
num_cat=0
split_feature=18 8 17 0 11 15 0 13 1 18 16 17 1 1 17 1 17 15 17 14 0 1 16 16 18 17 0 1 0 15
split_gain=696.374 570.757 497.054 1432.06 425.563 919.374 935.795 1705.38 1020.65 1012.63 894.597 548.054 406.558 401.205 411.001 358.52 334.494 309.797 286.083 331.047 2606.76 1318.56 1206.19 996.543 713.09 679.747 419.544 411.962 398.781 407.736
threshold=0.67412127269698496 399.50000000000006 320.00000000000006 -0.25881904510252113 2.8333333333333335 15.222875816993465 0.12940952255126045 0.64395055085937891 1.0000000180025095e-35 0.94768958534761116 139.76214412911665 205.50000000000003 -0.78656609248549325 0.1294095225512602 55.500000000000007 0.1294095225512602 30.500000000000004 0.68048396334478822 19.500000000000004 0.53867513459481298 -1.0000000180025095e-35 0.37940952255126048 18.419328569054347 18.419328569054347 1.0000000180025095e-35 46.500000000000007 -0.98296291314453399 -0.12940952255126037 1.0000000180025095e-35 3.7529766123316803
decision_type=10 2 10 2 2 8 2 2 2 10 10 10 2 2 10 2 10 8 8 2 2 2 10 10 10 10 2 2 2 8
left_child=1 2 18 15 17 -6 9 -8 11 10 -7 16 -12 14 -11 -4 -9 -2 -1 25 21 26 -23 -22 -25 -20 -21 28 29 -27
right_child=4 -3 3 -5 5 6 7 8 -10 13 12 -13 -14 -15 -16 -17 -18 -19 19 20 23 22 -24 24 -26 27 -28 -29 -30 -31
leaf_value=0 0 -3.1244565751923767 0.60294078988596744 -0.41861320458428253 0 0.0019124687500000001 0 0.016338376037249143 0.011946697663675671 0 -0.0082949967641822719 -0.6464493429149889 0.26602254190635782 0 0.0033954552310531748 4.2646241149187318 -0.15788962346547827 0 0 -0.077144601077307265 0.00013123527161352543 3.4160975317382832e-07 0.39057195894483276 0.0096683101202755597 -0.13616145432755797 0 0.047194722107671644 0 0 -9.5115337046142257e-05
leaf_weight=176726 12603 1102 5257 3075 96483 63042 134140 1661 7344 10497 2671 9013 11815 33227 6995 2262 16629 538093 757204 8740 14674 7619 14361 1467 26442 1267 57326 15420 5767 5768
leaf_count=176726 12603 1102 5257 3075 96483 63042 134140 1661 7344 10497 2671 9013 11815 33227 6995 2262 16629 538093 757204 8740 14674 7619 14361 1467 26442 1267 57326 15420 5767 5768
internal_value=-0.000367625 0.000484709 0.00052063 0.0112988 -0.00136463 -0.00262034 -0.00124296 -0.00368927 -0.0135784 0.00197665 0.00557025 -0.0180292 0.0167748 -0.00351643 0.00261262 0.0230549 -0.0130563 -0.000467318 0.00041614 6.08042e-05 0.00239151 0.00730357 0.0179117 -0.00776484 -0.0133111 -0.000326829 0.00377426 -0.00794593 -0.0145758 -0.0225657
internal_weight=2.04869e+06 1.10448e+06 1.10338e+06 10594 944213 393517 297034 168787 34647 128247 77528 27303 14486 50719 17492 7519 18290 550696 1.09278e+06 916055 130629 88046 21980 42583 27909 785426 66066 28222 12802 7035
internal_count=2048690 1104477 1103375 10594 944213 393517 297034 168787 34647 128247 77528 27303 14486 50719 17492 7519 18290 550696 1092781 916055 130629 88046 21980 42583 27909 785426 66066 28222 12802 7035
is_linear=0
shrinkage=0.05


Tree=28
num_leaves=31
num_cat=0
split_feature=10 0 17 13 17 5 13 10 1 14 17 1 16 1 1 0 16 13 0 1 0 14 5 16 16 0 0 10 16 14
split_gain=524.924 2290.27 2828 2556.63 1062.73 723.932 697.736 656.729 610.566 669.492 568.778 565.102 466.645 454.035 441.415 438.244 401.44 372.782 386.363 356.506 462.718 836.839 1265.85 341.171 336.137 326.163 303.177 543.969 344.387 846.379
threshold=7.5000000000000009 -1.0000000180025095e-35 45.500000000000007 1.9702113754102264 286.50000000000006 2.5000000000000004 1.0000000180025095e-35 88.500000000000014 0.60355339059327384 8.1963741431769019 47.500000000000007 0.1294095225512602 10.758567519437086 0.25881904510252057 -0.12940952255126037 1.0000000180025095e-35 75.853299856527997 5.8972611465541744 -0.60355339059327362 1.0000000180025095e-35 0.60355339059327384 1.0000000180025095e-35 73.500000000000014 114.57821418863823 16.893650793650796 -0.60355339059327362 0.78656609248549325 454.50000000000006 86.287348790322596 1.0000000180025095e-35
decision_type=2 2 10 2 10 2 2 2 2 2 10 2 10 2 2 2 10 2 2 2 2 2 2 10 10 2 2 2 10 2
left_child=6 2 24 19 7 -5 10 16 9 -7 -1 -6 -8 -14 15 -12 -4 18 -13 20 -3 22 -22 -9 -2 -15 27 28 -21 -30
right_child=1 3 4 5 11 8 12 23 -10 -11 14 17 13 25 -16 -17 -18 -19 -20 26 21 -23 -24 -25 -26 -27 -28 -29 29 -31
leaf_value=0 0 0 0.011129082076440523 0.0058340142804419 0.24671282267164019 -0.19783876463353811 2.787054643604574e-05 0 0.049410201842126231 -1.1658784320795843 -9.0359570193835148e-05 0.57363157139461818 0.043080545861205806 0.3679031505234967 0 0 0.1188064340617743 2.3273280686577897 0.027836219291842036 0 0 -0.088203268050619371 0.0042211984740740298 0.034053399628691174 0 0.038970573505551477 0 0.0061550327988588172 -2.6499642128021974e-05 -0.00014793936528320308
leaf_weight=1432852 63135 47609 51906 1296 11509 18306 53030 20318 2140 10138 5869 3576 13868 4057 11528 5079 23900 3683 2856 63673 15092 36192 6616 15740 31598 1620 66194 4258 10175 10877
leaf_count=1432852 63135 47609 51906 1296 11509 18306 53030 20318 2140 10138 5869 3576 13868 4057 11528 5079 23900 3683 2856 63673 15092 36192 6616 15740 31598 1620 66194 4258 10175 10877
internal_value=-0.000418341 -0.00178922 0.00196498 -0.00471774 0.00665378 -0.0180834 4.89233e-05 0.0046923 -0.0196344 -0.0215722 -0.000189682 0.0168008 0.00483362 0.0114377 -0.00808195 -0.0152722 0.00733451 0.0254226 0.0181592 -0.00308321 -0.00532561 -0.00832815 -0.000566611 -0.000862499 -0.00464199 0.0233486 -0.00155854 -0.00346471 -0.0043411 -0.00988505
internal_weight=2.04869e+06 520787 228221 292566 133488 31880 1.5279e+06 111864 30584 28444 1.45533e+06 21624 72575 19545 22476 10948 75806 10115 6432 260686 105509 57900 21708 36058 94733 5677 155177 88983 84725 21052
internal_count=2048690 520787 228221 292566 133488 31880 1527903 111864 30584 28444 1455328 21624 72575 19545 22476 10948 75806 10115 6432 260686 105509 57900 21708 36058 94733 5677 155177 88983 84725 21052
is_linear=0
shrinkage=0.05


Tree=29
num_leaves=31
num_cat=0
split_feature=18 10 17 0 10 0 13 1 18 15 17 17 1 13 0 13 17 15 15 1 0 10 18 0 6 17 10 18 15 18
split_gain=706.78 685.602 515.228 977.353 462.52 696.511 548.537 740.707 759.458 450.046 431.872 1030.59 837.758 1197.41 1286.93 572.96 482.551 422.163 365.634 342.199 341.583 318.659 312.949 291.073 311.744 697.776 501.247 309.462 276.31 250.653
threshold=0.67412127269698496 405.50000000000006 386.00000000000006 -0.25881904510252113 97.500000000000014 1.0000000180025095e-35 4.8416064251843993 0.37940952255126048 0.033615819209039555 0.68048396334478822 2.5000000000000004 28.500000000000004 -0.3794095225512602 1.0000000180025095e-35 0.25881904510252091 4.7491392863563799 291.50000000000006 109.51431735484893 174.74316334072435 0.1294095225512602 0.78656609248549325 45.500000000000007 0.86684397163120586 -0.5 73.500000000000014 90.500000000000014 27.500000000000004 0.96005698005698015 8.1288389845552995 0.97896948252985416
decision_type=10 2 10 2 2 2 2 2 10 8 10 10 2 2 2 2 10 8 10 2 2 2 10 2 2 10 2 10 10 10
left_child=1 2 4 19 6 -6 18 21 -9 -2 -11 28 13 23 -15 29 20 -17 -1 -4 -16 -8 -19 -13 26 27 -25 -26 -12 -14
right_child=9 -3 3 -5 5 -7 7 8 -10 10 11 12 15 14 16 17 -18 22 -20 -21 -22 -23 -24 24 25 -27 -28 -29 -30 -31
leaf_value=0 0 -3.0866895288475757 0.543457998834598 -0.32368761105450794 0.0051069871647432671 -0.6874400046401864 0.05327435166287451 -0.0021158704552945895 1.6060556413602898 0 0 0 0 0.001291612998681116 -0.08029120315434847 -0.033717125022941954 -0.7178709931590197 0.87790538174234689 -0.027180253925527198 4.4701135829048964 -0.21466112634487358 -0.21721878469582398 0.094307650546475788 0.0017281356549311161 -0.073029165635436086 0.00027955584453877888 0 0.0039370928615615787 0 0
leaf_weight=1067938 15119 1200 5003 2649 7775 5388 3932 677 3297 537547 40116 4699 118323 17214 16908 1904 5317 3064 780 2195 7676 3643 2106 2775 275 8332 9405 2601 84710 66122
leaf_count=1067938 15119 1200 5003 2649 7775 5388 3932 677 3297 537547 40116 4699 118323 17214 16908 1904 5317 3064 780 2195 7676 3643 2106 2775 275 8332 9405 2601 84710 66122
internal_value=-0.000419195 0.000439484 0.000480568 0.0118666 0.000378031 -0.00893793 0.000491545 0.01133 0.0288123 -0.00142362 -0.00128437 -0.00254746 -0.000792589 -0.00526449 -0.0101358 0.000963351 -0.0164058 0.0149279 0.000374421 0.0214226 -0.0134518 0.00215842 0.0223404 0.00290704 0.00518856 0.0112063 -0.000348933 0.0324409 -0.00629717 0.00042777
internal_weight=2.04869e+06 1.10448e+06 1.10328e+06 9847 1.09343e+06 13163 1.08027e+06 11549 3974 944213 929094 391547 266721 75202 47115 191519 29901 7074 1.06872e+06 7198 24584 7575 5170 28087 23388 11208 12180 2876 124826 184445
internal_count=2048690 1104477 1103277 9847 1093430 13163 1080267 11549 3974 944213 929094 391547 266721 75202 47115 191519 29901 7074 1068718 7198 24584 7575 5170 28087 23388 11208 12180 2876 124826 184445
is_linear=0
shrinkage=0.05


Tree=30
num_leaves=31
num_cat=0
split_feature=18 15 12 5 17 1 14 0 13 15 17 16 0 1 1 15 1 18 0 1 17 1 0 5 1 16 5 0 15 16
split_gain=685.76 452.366 412.642 411.11 1060 743.724 1248.7 978.32 529.245 421.424 397.502 356.787 935.142 411.942 304.731 276.31 274.065 259.573 555.09 467.55 316.706 361.991 301.59 366.73 326.691 250.113 1031.45 255.728 247.927 302.622
threshold=0.67412127269698496 0.68048396334478822 409.91666666666669 2.5000000000000004 28.500000000000004 -0.3794095225512602 0.92016825471890729 0.25881904510252091 5.7637996218446714 109.51431735484893 506.00000000000006 242.11883787661409 -0.25881904510252113 0.37940952255126048 -0.78656609248549325 8.1288389845552995 0.37940952255126048 0.97573591253153913 0.37940952255126054 0.1294095225512602 29.500000000000004 0.78656609248549303 0.91597561503675362 282.50000000000006 1.0000000180025095e-35 97.501456421092811 101.50000000000001 0.12940952255126045 98.995145631067984 84.285221143473578
decision_type=10 8 2 2 10 2 2 2 2 8 10 10 2 2 2 10 2 10 2 2 10 2 2 2 2 10 2 2 10 10
left_child=2 -2 11 -3 15 6 14 -8 17 -10 -9 -1 13 -13 -6 -5 -4 20 19 -19 21 -7 23 -22 -24 27 -27 -21 -16 -30
right_child=1 3 16 4 5 8 7 10 9 -11 -12 12 -14 -15 28 -17 -18 18 -20 25 22 -23 24 -25 -26 26 -28 -29 29 -31
leaf_value=0 0 0 -3.333639919278939 0 0 0 -0.00092177255069761247 -0.1617614281601911 -0.043718693032484816 0.58693213084139617 -1.3906752054431157 0.51752829627319574 -0.28434092415350354 5.8068932803450783 0 0 5.6831828464429766 0 0 0 0 -0.0022444283369446728 -0.074707227283484959 0.084560697417414038 0 -2.6499642128021974e-05 -0.00013798716002162091 0 0.004467440076305622 0.00026557805231183996
leaf_weight=1092782 15119 537547 816 40116 18090 3969 13721 23411 1473 4040 2344 6009 3401 1380 13774 84710 89 3567 39951 14558 78117 2190 8612 7390 15602 1801 6407 3842 822 3040
leaf_count=1092782 15119 537547 816 40116 18090 3969 13721 23411 1473 4040 2344 6009 3401 1380 13774 84710 89 3567 39951 14558 78117 2190 8612 7390 15602 1801 6407 3842 822 3040
internal_value=-0.000412215 -0.00140159 0.000433599 -0.00126198 -0.00249434 -0.000714604 -0.00492806 -0.0110574 0.000939855 0.0162071 -0.0168026 0.000461275 0.0095088 0.0194952 0.00184459 -0.00629717 -0.0333149 0.00048735 -0.0019137 -0.00703231 0.00194037 -0.00909239 0.00255967 0.00395465 -0.0023664 -0.00931111 -0.0165692 -0.00607337 -0.00283227 0.00836354
internal_weight=2.04869e+06 944213 1.10448e+06 929094 391547 266721 75202 39476 191519 5513 25755 1.10357e+06 10790 7389 35726 124826 905 186006 70126 30175 115880 6159 109721 85507 24214 26608 8208 18400 17636 3862
internal_count=2048690 944213 1104477 929094 391547 266721 75202 39476 191519 5513 25755 1103572 10790 7389 35726 124826 905 186006 70126 30175 115880 6159 109721 85507 24214 26608 8208 18400 17636 3862
is_linear=0
shrinkage=0.05


Tree=31
num_leaves=31
num_cat=0
split_feature=1 13 0 5 0 17 17 0 13 10 14 5 17 17 13 14 14 10 1 16 0 1 5 0 5 16 17 0 17 13
split_gain=373.915 2391.71 1366.2 1104.21 1308.07 1632.33 1108.22 648.138 874.062 580.163 568.146 728.536 695.384 561.511 495.266 485.113 481.946 479.451 452.176 418.471 410.798 380.806 371.403 510.651 509.865 496.707 515.104 393.2 369.22 351.001
threshold=0.25881904510252057 1.9702113754102264 -0.60355339059327362 4.5000000000000009 0.25881904510252091 163.50000000000003 58.500000000000007 -0.25881904510252113 4.9102935861554124 -1.0000000180025095e-35 0.92016825471890729 73.500000000000014 40.500000000000007 195.00000000000003 3.6204065448697627 1.0000000180025095e-35 0.7545593041629518 19.500000000000004 -0.12940952255126037 22.594959805373389 -0.98296291314453399 0.1294095225512602 88.500000000000014 0.78656609248549325 98.500000000000014 84.285221143473578 130.50000000000003 0.98296291314453421 101.50000000000001 0.64395055085937891
decision_type=2 2 2 2 2 10 10 2 2 2 2 2 10 10 2 2 2 2 2 10 2 2 2 2 2 10 10 2 10 2
left_child=3 29 19 17 6 9 18 16 -9 -6 11 -11 -12 -4 -7 22 21 -1 -5 -3 -18 -8 -13 25 -25 -24 -27 28 -26 -2
right_child=1 2 13 4 5 14 7 8 -10 10 12 15 -14 -15 -16 -17 20 -19 -20 -21 -22 -23 23 24 27 26 -28 -29 -30 -31
leaf_value=0 0 0.02788715557881425 -0.0022572388502463789 0 0.0039750649696484374 -0.12219051420804257 0.00031418845699357457 0.0023817108630116756 -0.94171665730654552 0 -0.011625995921224697 0.0038045353059444685 -0.13086610011627273 0.23216403196263233 -1.1170494753124964 -0.031300494800886529 -0.02074735292093003 0.019044029227654819 -9.5623437500000016e-05 0.79400479370772437 0.11779532914273867 -0.0029335274686293085 0.0042440680724903411 -0.048259814140625003 0.00027955584453877888 -0.00015900557909656355 0.0031380187915487434 0 0.017384565893127573 0.02594959271417548
leaf_weight=858986 802443 1823 6948 69382 1349 17517 7860 16908 4030 55745 16177 2944 28764 5712 7666 5875 9847 2660 24392 10958 45183 1629 977 1839 1848 1906 418 2056 903 33945
leaf_count=858986 802443 1823 6948 69382 1349 17517 7860 16908 4030 55745 16177 2944 28764 5712 7666 5875 9847 2660 24392 10958 45183 1629 977 1839 1848 1906 418 2056 903 33945
internal_value=-0.000390762 0.000401936 0.0155045 -0.000966373 -0.0034488 -0.00696241 -0.000586952 0.0035316 -0.00411214 -0.00454839 -0.00491662 -0.0022386 -0.00935671 0.00386256 -0.0185423 0.00628264 0.00601218 -2.94204e-05 -0.00434022 0.0270362 0.00780665 -0.00439456 0.0117097 0.00709259 0.0150767 -0.00898213 -0.0215577 0.0236426 0.0360051 -5.74494e-05
internal_weight=2.04869e+06 861829 25441 1.18686e+06 325215 145984 179231 85457 20938 120801 119452 74511 44941 12660 25183 18766 64519 861646 93774 12781 55030 9489 12891 9947 6646 3301 2324 4807 2751 836388
internal_count=2048690 861829 25441 1186861 325215 145984 179231 85457 20938 120801 119452 74511 44941 12660 25183 18766 64519 861646 93774 12781 55030 9489 12891 9947 6646 3301 2324 4807 2751 836388
is_linear=0
shrinkage=0.05


Tree=32
num_leaves=31
num_cat=0
split_feature=1 14 10 17 15 0 12 14 0 15 5 17 17 0 0 0 14 5 15 14 0 17 0 5 17 16 0 10 17 12
split_gain=361.347 1628.66 1195.36 696.424 632.591 995.649 2053.35 867.061 723.596 570.459 524.865 471.211 467.734 437.64 487.493 352.094 454.842 848.534 308.937 308.256 573.87 456.864 329.201 421.285 352.029 300.737 297.106 295.948 278.239 269.09
threshold=-0.3794095225512602 6.7133760280407477 405.50000000000006 99.500000000000014 3.3409444732745204 0.25881904510252091 1.0000000180025095e-35 2.5522190848509143 1.0000000180025095e-35 3.7529766123316803 84.500000000000014 67.500000000000014 506.00000000000006 -0.37940952255126065 -0.9159756150367534 0.60355339059327384 1.0000000180025095e-35 73.500000000000014 20.753635405690204 1.0000000180025095e-35 -0.5 90.500000000000014 -0.5 37.500000000000007 37.500000000000007 42.169281845186099 -0.60355339059327362 -1.0000000180025095e-35 195.00000000000003 32.083333333333336
decision_type=2 2 2 10 8 2 2 2 2 10 2 10 10 2 2 2 2 2 8 2 2 10 2 2 10 10 2 2 10 2
left_child=2 -2 4 10 -1 6 8 15 9 -6 -3 27 -4 14 -5 -7 17 25 -18 22 21 -21 24 -24 -8 -17 -16 -9 -15 -22
right_child=1 3 12 13 5 7 19 11 -10 -11 -12 -13 -14 28 26 16 18 -19 -20 20 29 -23 23 -25 -26 -27 -28 -29 -30 -31
leaf_value=0 0 0.0010243058997850831 -0.054586861782197627 0.35421941874188878 0 0 0 0.005124125342021911 0 -9.5115337046142257e-05 -0.086290453570077447 -0.28151534449515281 -1.7255963862146886 -0.037425155850531376 1.6177878837522599 0 -0.033643532310695869 0.0036873542294559949 -0.11803551171927414 0.0018582585895272757 0.0020365478664619088 0.16402370850832107 0 0.0034513799137802581 -0.0028453893350849596 -0.005000000000000001 0.27942825244936348 -0.027190908108551751 0.15300810640205445 -0.036089426959858686
leaf_weight=521577 1263634 6494 1690 7171 1156 37690 6965 609 1868 6392 834 19632 3604 1397 5677 12810 11455 3401 12550 21036 29241 16885 11677 2875 1998 996 3543 5725 3439 24669
leaf_count=521577 1263634 6494 1690 7171 1156 37690 6965 609 1868 6392 834 19632 3604 1397 5677 12810 11455 3401 12550 21036 29241 16885 11677 2875 1998 996 3543 5725 3439 24669
internal_value=-0.000295848 0.000212237 -0.00116371 0.0120207 -0.000996862 -0.0031836 -0.000165114 -0.00677471 -0.0226158 -0.0295111 -0.0012691 -0.0147 -0.0248394 0.0166086 0.0205082 -0.00416656 -0.00736072 -0.00115651 -0.011808 0.00166759 0.00297557 0.00768835 -0.00344036 0.00120258 -0.0109785 -0.00666739 0.0281128 -0.00284181 0.00339123 -0.000339455
internal_weight=2.04869e+06 1.29219e+06 756501 28555 751207 229630 124762 104868 9416 7548 7328 25966 5294 21227 16391 78902 41212 17207 24005 115346 91831 37921 23515 14552 8963 13806 9220 6334 4836 53910
internal_count=2048690 1292189 756501 28555 751207 229630 124762 104868 9416 7548 7328 25966 5294 21227 16391 78902 41212 17207 24005 115346 91831 37921 23515 14552 8963 13806 9220 6334 4836 53910
is_linear=0
shrinkage=0.05


Tree=33
num_leaves=31
num_cat=0
split_feature=18 17 11 15 1 13 16 1 10 16 8 0 14 1 15 0 17 16 15 0 15 10 1 14 0 13 13 18 1 18
split_gain=557.106 348.028 957.01 492.643 333.887 631.703 724.736 950.889 622.663 563.828 464.91 448.985 428.277 475.141 389.176 387.129 391.353 328.799 327.579 285.061 276.145 298.173 272.014 1525.55 1228.95 959.113 598.434 457.658 445.243 345.628
threshold=0.53588222122704898 28.500000000000004 2.8333333333333335 0.82160537482319673 -0.78656609248549325 1.0000000180025095e-35 44.38433667781495 0.37940952255126048 6.5000000000000009 17.644411330690666 67.500000000000014 -0.98296291314453399 1.0000000180025095e-35 -0.12940952255126037 1.0000000180025095e-35 -0.60355339059327362 27.500000000000004 7.0597803237334462 161.24342105263159 1.0000000180025095e-35 7.9096352749047369 11.500000000000002 -0.3794095225512602 0.92016825471890729 1.0000000180025095e-35 5.7251797889279175 4.6784206501525132 0.86591651998994223 0.37940952255126048 0.89668856048166401
decision_type=8 8 2 8 2 2 10 2 2 10 2 2 2 2 8 2 10 10 10 2 10 2 2 2 2 2 2 10 2 8
left_child=4 2 3 -2 10 9 8 11 17 15 -1 -8 13 -11 -9 16 -6 -7 -15 -12 -4 -22 23 -3 -25 29 -26 28 -27 -24
right_child=1 22 20 -5 5 6 7 14 -10 12 19 -13 -14 18 -16 -17 -18 -19 -20 -21 21 -23 25 24 26 27 -28 -29 -30 -31
leaf_value=0 0 0 0 0 0 0.00028084784159135236 -0.22011312701656391 -0.22474908814325786 -0.0034987405186103606 -0.00058982833373995953 -0.084693333713879271 0.19859728430843548 0.012957382615886595 0 1.309047521197221 0 0 0.089531350812091751 -0.025821241229250835 -0.74738361263290232 0 0 0.00011222141684723365 0.0053227526262791397 -0.11394139830385459 0.11577787588793867 -1.2260065747183473 -0.0025231195399934309 1.0692076696613886 0
leaf_weight=81816 21883 293741 53445 530699 46470 17735 3727 161 26784 4762 3324 19808 4056 8870 6980 96898 8384 11147 592 3325 32890 65398 76701 19278 33285 1676 5840 2440 3854 562721
leaf_count=81816 21883 293741 53445 530699 46470 17735 3727 161 26784 4762 3324 19808 4056 8870 6980 96898 8384 11147 592 3325 32890 65398 76701 19278 33285 1676 5840 2440 3854 562721
internal_value=-0.000283498 -0.000654429 -0.00150572 -0.00053992 0.00154927 0.0024632 0.00594612 0.012117 0.00254554 0.000694575 -0.0010993 0.0072679 -0.0076012 -0.011688 0.0280983 0.00169388 -0.0016626 0.00763798 -0.00520503 -0.0138141 -0.00502297 -0.00345007 -5.45753e-05 -0.00117296 -0.0085535 0.00055376 -0.0136447 0.0177917 0.0257505 0.0003389
internal_weight=2.04869e+06 1.70385e+06 704315 552582 344839 256374 86342 30676 55666 170032 88465 23535 18280 14224 7141 151752 54854 28882 9462 6649 151733 98288 999536 352144 58403 647392 39125 7970 5530 639422
internal_count=2048690 1703851 704315 552582 344839 256374 86342 30676 55666 170032 88465 23535 18280 14224 7141 151752 54854 28882 9462 6649 151733 98288 999536 352144 58403 647392 39125 7970 5530 639422
is_linear=0
shrinkage=0.05


Tree=34
num_leaves=31
num_cat=0
split_feature=18 15 0 17 7 15 13 0 13 7 18 0 13 0 10 15 18 17 15 15 2 14 13 14 9 14 15 7 18 0
split_gain=671.529 465.23 409.26 1473.07 846.346 400.486 488.886 1293.44 409.288 381.856 362.062 465.018 903.266 930.93 721.459 646.099 547.474 543.957 494.739 460.477 427.513 382.929 380.544 355.172 353.822 352.706 326.212 646.449 387.951 354.074
threshold=0.5418859649122808 0.78389189189189201 -0.70710678118654735 149.50000000000003 2.5000000000000004 9.1399428804569585 1.7926456271808611 1.0000000180025095e-35 5.2808988664221426 1.0000000180025095e-35 -1.0000000180025095e-35 -0.5 1.0000000180025095e-35 -0.9159756150367534 20.500000000000004 3.7529766123316803 0.077121332275971469 27.500000000000004 43.380749354005175 161.24342105263159 -0.60785761079279388 1.0000000180025095e-35 3.6204065448697627 14.677078538639616 17.500000000000004 11.626717178328073 27.850199401794619 73.500000000000014 0.94768958534761116 -0.98296291314453399
decision_type=10 8 2 10 2 8 2 2 2 2 10 2 2 2 2 10 10 10 10 10 2 2 2 2 2 2 10 2 10 2
left_child=10 -2 3 9 -4 -6 -7 23 -9 -3 19 12 17 16 -13 -15 -14 -12 24 -1 -16 -19 -17 -8 -18 -5 -11 -28 -29 -30
right_child=1 2 4 25 5 6 7 8 -10 26 11 14 13 15 20 22 18 21 -20 -21 -22 -23 -24 -25 -26 -27 27 28 29 -31
leaf_value=0 0 -1.3935273218022871e-06 0 0.13912464608799247 0 0 -0.0016734019742149387 -0.16678563595294771 -1.2609248485734623 0 0 0 0.045149642843563785 -0.0017740395696231516 -0.16095282449192566 0.10091510933674007 -0.0025486009974685043 -9.5365640564684743e-05 0.28244922929547983 -0.024530179167788296 -0.022979702051915452 0.016801936648825084 0.95553847311699658 0.43405239275651991 -0.26169442771517176 1.2681835977974378 4.7811718750000015e-06 0.016638872521050008 0.0020796106649150401 -0.001973576067018902
leaf_weight=786120 21817 1212 406102 13453 47915 274633 11189 15401 5368 173260 31055 113936 5716 6295 6665 25759 9677 8539 7299 792 21199 3908 6994 2744 4786 2692 18533 9306 957 5368
leaf_count=786120 21817 1212 406102 13453 47915 274633 11189 15401 5368 173260 31055 113936 5716 6295 6665 25759 9677 8539 7299 792 21199 3908 6994 2744 4786 2692 18533 9306 957 5368
internal_value=-0.000389883 -0.00130794 -0.00114848 0.000726707 -0.00170066 -0.00347572 -0.00281685 -0.00840874 -0.0163152 -0.00039926 0.000502724 0.00215286 0.00459201 0.00825542 0.000260226 0.0132171 0.0012046 -0.0010103 -0.00241246 -2.53523e-05 -0.00695162 -0.00984173 0.0160367 0.00337688 -0.0077681 0.0152772 -0.000235749 0.0042296 -0.00325955 -0.0128142
internal_weight=2.04869e+06 1.00995e+06 988133 224781 763352 357250 309335 34702 20769 208636 1.03874e+06 251828 110028 66526 141800 39048 27478 43502 21762 786912 27864 12447 32753 13933 14463 16145 207424 34164 15631 6325
internal_count=2048690 1009950 988133 224781 763352 357250 309335 34702 20769 208636 1038740 251828 110028 66526 141800 39048 27478 43502 21762 786912 27864 12447 32753 13933 14463 16145 207424 34164 15631 6325
is_linear=0
shrinkage=0.05


Tree=35
num_leaves=31
num_cat=0
split_feature=10 0 17 17 5 1 17 10 1 1 15 0 15 17 5 15 17 0 17 17 5 10 1 15 17 12 15 0 1 15
split_gain=458.651 1454.53 2105.84 697.239 564.518 675.816 1074.17 547.698 472.919 440.331 416.334 389.348 538.84 494.807 736.756 431.424 985.451 880.144 378.286 346.542 323.601 309.07 326.285 306.765 361.748 552.855 805.972 1617.58 1782.01 442.754
threshold=7.5000000000000009 -0.37940952255126065 84.500000000000014 394.00000000000006 2.5000000000000004 1.0000000180025095e-35 163.50000000000003 70.500000000000014 0.1294095225512602 0.60355339059327384 1.6601624468557652 0.60355339059327384 99.012987012987026 90.500000000000014 73.500000000000014 98.995145631067984 101.50000000000001 0.78656609248549325 30.500000000000004 569.00000000000011 692.50000000000011 74.500000000000014 0.1294095225512602 161.24342105263159 12.500000000000002 1.0000000180025095e-35 3.7529766123316803 -1.0000000180025095e-35 -0.12940952255126037 6.3626692456479699
decision_type=2 2 10 10 2 2 10 2 2 2 8 2 10 10 2 10 10 2 10 10 2 2 2 10 10 2 10 2 2 10
left_child=23 2 10 7 9 6 11 -4 -5 -3 -2 12 13 14 -6 -13 17 -17 -7 -8 -21 -12 -23 24 -1 26 -26 28 -28 -27
right_child=1 4 3 8 5 18 19 -9 -10 -11 21 15 -14 -15 -16 16 -18 -19 -20 20 -22 22 -24 -25 25 29 27 -29 -30 -31
leaf_value=0 -0.0022472757662868399 0.0061653792626549788 0.17333995587206552 0.32934376474228083 0 0 -0.21629550237714629 0.0010646794205408151 1.1211147723509274 -5.7435448816756595e-05 0 -0.021448724649806617 0.078031078601651011 -0.056124653966636399 0.0030473568142692195 -0.00055976183793382864 -0.095696655800239283 0.00026557805231183996 0 -1.9932289176143634 0.34135821281940615 -0.0014090419895385995 -0.00055645410382202613 -0.023303670209398882 0 0 -9.0359570193835148e-05 0 0 0.034778007126386602
leaf_weight=1397247 2403 3416 25899 6026 44974 60184 24919 43721 4981 1237 99184 48712 2543 16347 1856 849 5150 1723 119662 3464 404 1575 1558 1130 45430 25656 7184 12381 5835 33040
leaf_count=1397247 2403 3416 25899 6026 44974 60184 24919 43721 4981 1237 99184 48712 2543 16347 1856 849 5150 1723 119662 3464 404 1575 1558 1130 45430 25656 7184 12381 5835 33040
internal_value=-0.000412556 -0.00169397 0.00186083 0.00793469 -0.00365818 -0.00390145 -0.00636838 0.00608589 0.0196284 0.0136364 -0.0028156 -0.00432078 -0.00170496 -0.00261329 1.06769e-06 -0.00736701 0.00361305 0.028888 -0.00183101 -0.0150571 -0.0289814 -0.00233246 -0.0177944 2.42162e-05 4.34904e-05 0.0025713 -0.000402372 -0.00753543 -0.0198402 0.0061597
internal_weight=2.04869e+06 520787 185347 80627 335440 330787 150941 69620 11007 4653 104720 122154 65720 63177 46830 56434 7722 2572 179846 28787 3868 102317 3133 1.5279e+06 1.52677e+06 129526 70830 25400 13019 58696
internal_count=2048690 520787 185347 80627 335440 330787 150941 69620 11007 4653 104720 122154 65720 63177 46830 56434 7722 2572 179846 28787 3868 102317 3133 1527903 1526773 129526 70830 25400 13019 58696
is_linear=0
shrinkage=0.05


Tree=36
num_leaves=31
num_cat=0
split_feature=18 15 18 15 14 15 10 5 10 10 14 5 10 5 5 14 18 14 15 3 5 14 18 15 8 12 16 16 14 10
split_gain=411.749 435.132 260.375 460.213 278.488 207.913 481.381 310.799 240.01 232.946 526.453 385.269 228.032 218.91 277.865 200.555 197.137 490.993 373.906 360.464 347.813 291.434 408.202 338.845 248.409 247.338 232.938 227.741 404.913 210.085
threshold=0.53588222122704898 0.82160537482319673 -1.0000000180025095e-35 161.24342105263159 1.0000000180025095e-35 161.24342105263159 90.500000000000014 75.500000000000014 369.50000000000006 49.500000000000007 5.8748511737261575 31.500000000000004 10.500000000000002 3.5000000000000004 51.500000000000007 7.0759748703074061 0.99475062000551129 1.0000000180025095e-35 15.222875816993465 -0.56174490092936669 2.5000000000000004 1.0000000180025095e-35 0.89486842105263176 23.350782514840802 12.500000000000002 18.583333333333339 8.739313116550969 529.25821735571037 2.2882530238058014 29.500000000000004
decision_type=10 8 10 10 2 10 2 2 2 2 2 2 2 2 2 2 10 2 10 2 2 2 10 10 2 2 10 10 2 2
left_child=2 -2 3 4 -1 6 7 9 -7 10 -4 12 -12 -11 -15 -8 18 26 20 29 -3 22 23 -20 -22 -23 -18 -27 -29 -19
right_child=1 16 5 -5 -6 8 15 -9 -10 13 11 -13 -14 14 -16 -17 17 19 21 -21 24 25 -24 -25 -26 27 -28 28 -30 -31
leaf_value=0 0 0.00012877682429440868 0 -0.022138486698928938 0 0.65422470018277301 0.046646487310672717 0.69257703407828564 -1.4731048734638066 0.07091156059148114 0.49528888155069384 0.88928910721785714 0.0011009661093128714 -0.15080333071548907 0.017252695152480992 -0.52171185519444263 0 0 0 -3.9063964460290435e-06 0 0.011329230445151771 0 -5.6110708423616825e-06 -0.0010910522533917478 -5.6110708423616825e-06 0 0.035580248331155508 -1.3824141424955063 0.01479947894962534
leaf_weight=780143 25071 1506 212345 792 5977 6421 1962 2306 742 419 1480 3135 5462 5425 5374 4659 543437 5383 7624 17378 46116 9272 34511 14458 25764 184297 89663 1557 1943 4068
leaf_count=780143 25071 1506 212345 792 5977 6421 1962 2306 742 419 1480 3135 5462 5425 5374 4659 543437 5383 7624 17378 46116 9272 34511 14458 25764 184297 89663 1557 1943 4068
internal_value=-0.000290259 -0.00100766 0.000410122 -3.62811e-05 2.09892e-06 0.00181676 0.00156884 0.00194197 0.0102122 0.00176168 0.00211625 0.0132827 0.00671276 -0.00526832 -0.00664413 -0.0117278 -0.000842421 -0.000344961 -0.00184621 -0.00697007 -0.00498937 -0.000936877 -0.00409945 -0.00940812 -0.00548762 -2.86702e-05 -6.42079e-05 -0.000422264 -0.0130571 0.000888795
internal_weight=2.04869e+06 1.01205e+06 1.03664e+06 786912 786120 249730 242567 235946 7163 233640 222422 10077 6942 11218 10799 6621 986977 659929 327048 26829 73386 253662 56593 22082 71880 197069 633100 187797 3500 9451
internal_count=2048690 1012048 1036642 786912 786120 249730 242567 235946 7163 233640 222422 10077 6942 11218 10799 6621 986977 659929 327048 26829 73386 253662 56593 22082 71880 197069 633100 187797 3500 9451
is_linear=0
shrinkage=0.05


Tree=37
num_leaves=31
num_cat=0
split_feature=18 1 17 8 1 4 15 16 1 12 15 10 10 10 17 10 17 17 1 13 1 18 13 10 17 1 17 18 18 18
split_gain=335.946 252.535 576.881 375.906 289.034 284.372 236.067 326.27 764.842 602.258 310.602 328.087 292.043 288.895 251.892 239.689 227.895 289.366 286.844 208.285 1066.23 1250.65 724.493 597.184 526.562 423.307 484.128 418.654 386.326 342.6
threshold=0.53588222122704898 -0.78656609248549325 320.00000000000006 67.500000000000014 0.37940952255126048 1.0000000180025095e-35 174.74316334072435 49.062289225015867 0.37940952255126048 1.0000000180025095e-35 7.9096352749047369 30.500000000000004 -1.0000000180025095e-35 10.500000000000002 22.500000000000004 49.500000000000007 88.500000000000014 55.500000000000007 -0.5 1.0000000180025095e-35 0.25881904510252057 0.9923175290182964 6.2092539874768535 7.5000000000000009 661.50000000000011 0.78656609248549303 29.500000000000004 0.86591651998994223 0.8174754058784478 0.88896594236400073
decision_type=8 2 10 2 2 2 10 8 2 2 10 2 2 2 10 2 10 10 2 2 2 10 2 2 8 2 8 10 8 8
left_child=1 3 6 -1 -4 -5 7 13 9 -9 -10 -12 -8 16 -15 -11 17 -3 -18 29 24 22 25 -23 -21 28 -27 -24 -22 -2
right_child=19 2 4 5 -6 -7 12 8 10 15 11 -13 -14 14 -16 -17 18 -19 -20 20 21 23 27 -25 -26 26 -28 -29 -30 -31
leaf_value=0 0 0 0.65717082094480039 -0.17740430129065629 6.3243490356520029 -1.0857567981749117 -0.02103156236398249 -0.004611387500388758 0 0.1388318016165849 0.73316790770263374 0.37320082592618053 0.16936560083435151 -0.0024947304522412112 -0.00082217022481651599 -0.031827778076377829 -8.1573916692994109e-05 0.22258256742148924 0 -0.026918769125512033 0.074054096162741861 -1.3935273218022871e-06 1.0247056493270879 -0.0013011907123325016 -0.45798502728674984 -0.0016124430011193779 0.013268450455880189 -0.007018245618066285 0.0005564762277134814 0
leaf_weight=81816 71087 183081 3458 4945 800 1704 639 3363 2156 12621 4523 3190 619 3641 22950 7994 949 1295 5095 133651 12115 2308 3601 6192 4055 7436 29981 1180 14097 1418148
leaf_count=81816 71087 183081 3458 4945 800 1704 639 3363 2156 12621 4523 3190 619 3641 22950 7994 949 1295 5095 133651 12115 2308 3601 6192 4055 7436 29981 1180 14097 1418148
internal_value=-0.000177284 0.00124594 0.00204077 -0.00105748 0.0202912 -0.0124906 0.00173254 0.00184088 0.00640677 0.00158479 0.0181224 0.0228121 -0.0198728 0.00112874 -0.00375315 0.00478535 0.00181047 0.00212365 -0.00774322 -0.000465328 -0.00192157 0.00279418 0.00504166 -0.0152941 -0.00455536 0.00363121 0.000217815 0.023813 0.00850374 -0.000255467
internal_weight=2.04869e+06 344839 256374 88465 4258 6649 252116 250858 33847 23978 9869 7713 1258 217011 26591 20615 190420 184376 6044 1.70385e+06 214616 76910 68410 8500 137706 63629 37417 4781 26212 1.48924e+06
internal_count=2048690 344839 256374 88465 4258 6649 252116 250858 33847 23978 9869 7713 1258 217011 26591 20615 190420 184376 6044 1703851 214616 76910 68410 8500 137706 63629 37417 4781 26212 1489235
is_linear=0
shrinkage=0.05


Tree=38
num_leaves=31
num_cat=0
split_feature=0 17 17 0 13 0 14 14 13 16 1 12 0 1 16 0 10 5 16 15 5 10 16 12 14 0 10 5 15 1
split_gain=188.714 2058.09 862.087 850.994 1424.99 731.196 659.541 435.362 418.129 369.527 292.617 290.741 1399.85 577.803 597.764 437.013 347.686 445.172 265.966 258.689 521.319 465.988 411.308 416.83 402.702 373.502 327.03 305.704 292.095 375.094
threshold=-0.70710678118654735 114.50000000000001 107.50000000000001 1.0000000180025095e-35 2.8479344402135331 -0.9159756150367534 0.53867513459481298 0.53867513459481298 5.4971397384721934 61.769841269841272 0.78656609248549303 98.750000000000014 0.25881904510252091 -0.78656609248549325 97.501456421092811 -0.37940952255126065 36.500000000000007 9.5000000000000018 86.287348790322596 39.615802304964546 90.500000000000014 18.500000000000004 8.2560739806641461 1.0000000180025095e-35 1.0000000180025095e-35 -0.98296291314453399 10.500000000000002 88.500000000000014 3.7529766123316803 0.37940952255126048
decision_type=2 10 10 2 2 2 2 2 2 8 2 2 2 2 10 2 2 2 8 10 2 2 10 2 2 2 2 2 10 2
left_child=1 19 11 7 -5 -3 -7 -4 -8 -9 -6 16 13 -13 15 -15 -2 -18 -19 21 24 22 -1 25 27 -24 -25 -21 -27 -30
right_child=2 5 3 4 10 6 8 9 -10 -11 -12 12 -14 14 -16 -17 17 18 -20 20 -22 -23 23 26 -26 28 -28 -29 29 -31
leaf_value=0 0 0.066857363050644089 -7.6567846322144514e-05 -5.3305173002435987e-06 -0.61752829208575388 -0.013752849735417717 0.22671580620552312 -0.16328476058944752 1.753192588641634 0.035165904436976272 0.28093542204050509 0.0090957312640658813 0 -5.3233971027040754e-05 -2.3849677915219777e-05 0 0.064349149812243239 0 1.3249821064010988e-06 -0.00099907309684851451 -0.0028880826363054043 -2.3905859375000008e-07 0.00025479767275878913 4.7811718750000015e-06 0.059877707761459925 0 0 4.5444832323904352e-05 -9.0847662054992988e-05 0
leaf_weight=375161 1306646 20070 5618 66680 15634 1759 13865 1869 4414 33381 479 993 9568 607 1426 1803 677 78123 12032 2479 3809 29520 1029 21863 18280 1745 15975 246 1904 1035
leaf_count=375161 1306646 20070 5618 66680 15634 1759 13865 1869 4414 33381 479 993 9568 607 1426 1803 677 78123 12032 2479 3809 29520 1029 21863 18280 1745 15975 246 1904 1035
internal_value=-0.000106068 0.000724052 -0.000383482 -0.00438659 -0.00730074 0.0115987 0.0183551 0.00151708 0.0211691 0.0035773 -0.0206448 -3.28641e-05 0.00703619 -0.0149099 -0.0237096 -0.00852697 -0.00010569 -0.00309693 -0.00340026 -0.000197972 0.0047715 -0.000473081 -4.5019e-05 0.00455443 0.00785765 -0.00803431 0.00645515 -0.0100734 -0.0140265 -0.0236475
internal_weight=2.04869e+06 513154 1.53554e+06 123661 82793 40108 20038 40868 18279 35250 16113 1.41188e+06 14397 4829 3836 2410 1.39748e+06 90832 90155 473046 24814 448232 418712 43551 21005 5713 37838 2725 4684 2939
internal_count=2048690 513154 1535536 123661 82793 40108 20038 40868 18279 35250 16113 1411875 14397 4829 3836 2410 1397478 90832 90155 473046 24814 448232 418712 43551 21005 5713 37838 2725 4684 2939
is_linear=0
shrinkage=0.05


Tree=39
num_leaves=31
num_cat=0
split_feature=18 15 17 1 12 12 7 0 15 1 16 17 0 1 0 9 0 15 1 0 1 17 9 0 16 18 17 11 9 17
split_gain=403.911 852.487 611.992 1178.14 517.678 507.894 391.081 356.414 388.572 219.347 339.429 177.071 1653.32 984.619 306.283 287.538 643.338 429.089 417.751 984.933 401.045 696.188 469.006 360.841 473.747 459.893 397.356 342.849 336.715 810.304
threshold=0.15685731431473021 96.43167701863355 122.50000000000001 0.37940952255126048 0.58333333333333337 -1.0000000180025095e-35 15.500000000000002 0.91597561503675362 0.82160537482319673 0.25881904510252057 36.005016722408037 394.00000000000006 -0.25881904510252113 0.37940952255126048 -0.98296291314453399 149.50000000000003 1.0000000180025095e-35 96.43167701863355 0.25881904510252057 0.78656609248549325 0.78656609248549303 150.50000000000003 99.500000000000014 0.37940952255126054 97.501456421092811 0.89902176337507578 101.50000000000001 150.50000000000003 36.500000000000007 95.500000000000014
decision_type=8 10 10 2 2 2 2 2 8 2 10 10 2 2 2 2 2 10 2 2 2 10 2 2 10 10 10 2 2 10
left_child=1 2 7 9 -3 -5 -7 -1 -9 -4 -11 15 14 -14 -13 17 -17 28 -18 -20 22 23 -19 24 -22 -25 -26 -21 29 -2
right_child=11 4 3 5 -6 6 -8 8 -10 10 -12 12 13 -15 -16 16 18 20 19 27 21 -23 -24 25 26 -27 -28 -29 -30 -31
leaf_value=0 0 -0.019979717719918355 0.00025026652586501225 -0.035965746827989954 0.010330501976865454 2.6652586501217994e-07 -0.097546253864875462 0 0 2.6652586501217994e-07 -0.0047691640991155511 -0.26601974301560499 -0.26035461373350982 0.0047624540258650126 0.53033023025488935 0.025866810531144813 -0.15101631713873287 1.3249821064010988e-06 -0.00011715849202858676 -0.0087894145229631127 0 0.13938257518751401 2.6652586501217994e-07 -5.0639914352314192e-06 -2.2657194019458787e-05 1.3249821064010988e-06 -0.0026560763521476672 0.0022565165258650122 0 0.41796284104650722
leaf_weight=174296 1555587 2491 9729 234 1619 3264 385 16622 6127 108 396 1160 11116 6298 10474 17048 16459 14016 8442 252 6436 2771 23172 739 1154 1889 2722 5478 142329 5877
leaf_count=174296 1555587 2491 9729 234 1619 3264 385 16622 6127 108 396 1160 11116 6298 10474 17048 16459 14016 8442 252 6436 2771 23172 739 1154 1889 2722 5478 142329 5877
internal_value=-5.5328e-05 0.00199353 0.0024325 0.0124894 -0.0205596 0.0359387 0.040518 0.00171205 0.00759814 0.00359132 -0.0285714 -0.000295895 0.00357684 -0.00617319 0.0181709 -0.000358241 -0.00418948 -0.000254256 -0.00852241 -0.00222975 0.00418061 -0.00251734 0.00701033 -0.00738794 -0.011603 0.00915145 -0.0254128 0.0137696 -0.000391949 -0.000179735
internal_weight=2.04869e+06 215271 211161 14116 4110 3883 3649 197045 22749 10233 504 1.83342e+06 29048 17414 11634 1.80437e+06 47679 1.75669e+06 30631 14172 52899 15711 37188 12940 10312 2628 3876 5730 1.70379e+06 1.56146e+06
internal_count=2048690 215271 211161 14116 4110 3883 3649 197045 22749 10233 504 1833419 29048 17414 11634 1804371 47679 1756692 30631 14172 52899 15711 37188 12940 10312 2628 3876 5730 1703793 1561464
is_linear=0
shrinkage=0.05


Tree=40
num_leaves=31
num_cat=0
split_feature=18 5 17 17 15 13 15 14 17 16 14 17 12 17 8 15 12 13 3 14 5 8 16 17 12 15 15 15 9 15
split_gain=437.484 387.271 467.077 303.46 699.345 290.068 247.498 244.196 285.143 376.43 243.64 234.323 224.672 181.094 399.083 365.292 557.752 354.796 303.503 206.287 194.043 180.527 152.452 248.26 155.349 287.048 227.68 348.815 151.384 502.541
threshold=0.15685731431473021 -1.0000000180025095e-35 195.00000000000003 100.50000000000001 1.0000000180025095e-35 1.0000000180025095e-35 3.7529766123316803 19.395373134347398 88.500000000000014 51.115070921985826 1.0000000180025095e-35 163.50000000000003 -0.91666666666666663 122.50000000000001 94.500000000000014 0.82160537482319673 0.91666666666666685 1.0000000180025095e-35 -0.56174490092936669 0.53867513459481298 95.500000000000014 26.500000000000004 22.594959805373389 48.500000000000007 1.0000000180025095e-35 3.3409444732745204 4.8492424242424255 0.38507877664504181 36.500000000000007 16.206389452332662
decision_type=8 2 10 10 8 2 8 2 10 10 2 10 2 8 2 8 2 2 2 2 2 2 8 10 2 10 10 10 2 10
left_child=1 2 6 7 5 -5 12 8 22 -10 11 -6 -1 14 15 -2 17 18 -17 -16 28 -12 23 24 26 -26 27 -3 29 -18
right_child=13 3 -4 4 10 -7 -8 -9 9 -11 21 -13 -14 -15 19 16 20 -19 -20 -21 -22 -23 -24 -25 25 -27 -28 -29 -30 -31
leaf_value=0 0 0 -0.018980731833922435 2.5319957176157092e-07 -0.0035201782131196327 -0.17323263337862008 0 0.1046825099389493 -7.6567846322144514e-05 4.5179785096917579e-06 0.14836044944253307 0.39990547347433875 -0.00032459590070867974 0 0 0 0 0.0013448099251421909 1.9531982230145219e-07 -0.053037992486768562 -0.068721149786015776 -0.078055012081050451 0.023126415864699903 -4.2308147606912304e-05 0 0.0054614218653651139 0 0 0 0
leaf_weight=75281 26897 23335 1667 3818 1461 179 15870 455 2996 3880 8006 349 2291 832042 19934 660 723284 3193 1960 2838 802 2564 4575 2763 25666 16358 5190 18567 110589 111220
leaf_count=75281 26897 23335 1667 3818 1461 179 15870 455 2996 3880 8006 349 2291 832042 19934 660 723284 3193 1960 2838 802 2564 4575 2763 25666 16358 5190 18567 110589 111220
internal_value=-0.000119735 0.00201258 -0.000371153 0.00389932 0.0102247 0.0284088 9.68515e-05 0.00290119 0.00274025 -0.00709715 0.0043538 -0.0125967 0.00126076 -0.000370101 -0.000823067 -0.000670802 -0.000508402 0.014932 0.0285687 -0.0073665 -0.000603291 0.00725639 0.00344154 0.00299796 0.00345561 0.00124572 0.00542767 0.00665123 -0.000582429 -0.000352065
internal_weight=2.04869e+06 215271 95109 120162 16377 3997 93442 103785 103330 6876 12380 1810 77572 1.83342e+06 1.00138e+06 978605 951708 5813 2620 22772 945895 10570 96454 91879 89116 42024 47092 41902 945093 834504
internal_count=2048690 215271 95109 120162 16377 3997 93442 103785 103330 6876 12380 1810 77572 1833419 1001377 978605 951708 5813 2620 22772 945895 10570 96454 91879 89116 42024 47092 41902 945093 834504
is_linear=0
shrinkage=0.05


Tree=41
num_leaves=31
num_cat=0
split_feature=18 15 16 15 0 11 0 13 15 0 18 0 15 13 0 9 0 18 16 10 0 16 15 15 15 16 0 13 16 18
split_gain=459.147 386.809 416.017 453.059 537.775 341.598 295.484 256.614 255.514 251.527 246.468 274.297 239.936 685.373 1024.77 516.65 615.734 476.5 350.405 331.721 328.343 320.627 278.145 256.601 248.159 222.574 205.763 1701.44 1604.07 631.684
threshold=0.15685731431473021 109.51431735484893 44.38433667781495 1.2360681114551086 0.91597561503675362 6.166666666666667 0.91597561503675362 1.0950140852533554 0.82160537482319673 0.91597561503675362 -0.0044176316045538575 0.60355339059327384 3.7529766123316803 1.0000000180025095e-35 -1.0000000180025095e-35 1.0000000180025095e-35 -0.98296291314453399 0.031320067264574002 16.893650793650796 1.5000000000000002 -0.37940952255126065 7.3472557955220932 1.857625482625483 8.1288389845552995 0.54577691811734375 75.853299856527997 -0.37940952255126065 2.4032561733691686 139.76214412911665 0.89486842105263176
decision_type=8 10 10 8 2 2 2 2 8 2 10 2 8 2 2 2 2 10 10 2 2 10 10 8 10 10 2 2 10 8
left_child=1 2 6 4 5 -4 12 25 -8 10 -5 -12 19 14 15 16 21 -16 -18 24 22 23 -21 -14 -1 -3 28 29 -2 -28
right_child=26 7 3 9 -6 -7 8 -9 -10 -11 11 -13 13 -15 17 -17 18 -19 -20 20 -22 -23 -24 -25 -26 -27 27 -29 -30 -31
leaf_value=0 0 0.00041948486982740631 2.4053959317349237e-07 -0.0017919312945268871 -0.0045307185541383615 -0.16457100170968908 0 0.18539607843601866 0 0.0078126808765430628 0.022107704779898193 -0.0047126014951622448 -0.0001053909551757809 0.030204401482650522 0 0.027873708040241266 -8.1573916692994109e-05 -0.0002730710932682557 -8.5841591684143379e-05 -0.0025000089897303473 0 0.99988186916118638 0 0.00012904654482421912 0 -0.018031695242226312 0 -0.19110602200005478 0.22614550179774842 0
leaf_weight=82622 650401 466 2895 1672 794 188 16997 1096 5875 312 14570 320 372 12944 10220 2844 8254 2095 2864 3294 5501 643 2204 122 34307 1800 162710 31279 26025 963004
leaf_count=82622 650401 466 2895 1672 794 188 16997 1096 5875 312 14570 320 372 12944 10220 2844 8254 2095 2864 3294 5501 643 2204 122 34307 1800 162710 31279 26025 963004
internal_value=-0.000110803 0.00207367 0.00234063 0.00906462 0.0244777 0.033928 0.00161071 -0.0147531 0.00694299 0.00552329 0.00468542 0.00672935 0.000885992 -0.00247535 -0.00695265 -0.0156832 -0.0201387 0.00375152 -0.0237228 0.00194641 -0.00635512 0.0149077 -0.0149964 -0.0153846 0.0027273 -0.0243601 -0.000367292 -0.000772304 0.000325461 -0.00045269
internal_weight=2.04869e+06 215271 211909 20751 3877 3083 191158 3362 22872 16874 16562 14890 168286 40358 27414 15099 12255 12315 11118 127928 10999 1137 5498 494 116929 2266 1.83342e+06 1.15699e+06 676426 1.12571e+06
internal_count=2048690 215271 211909 20751 3877 3083 191158 3362 22872 16874 16562 14890 168286 40358 27414 15099 12255 12315 11118 127928 10999 1137 5498 494 116929 2266 1833419 1156993 676426 1125714
is_linear=0
shrinkage=0.05


Tree=42
num_leaves=31
num_cat=0
split_feature=18 0 17 13 13 13 10 0 18 18 0 17 5 16 0 0 0 10 5 17 0 10 9 0 17 0 17 0 17 0
split_gain=441.146 187.151 1590.11 1497.39 548.912 528.373 411.273 446.247 387.989 362.709 718.826 668.598 416.286 351.865 329.403 315.404 300.639 328.856 282.833 337.719 274.481 270.022 250.635 250.072 246.431 242.937 302.6 315.34 312.266 229.629
threshold=0.15685731431473021 -0.37940952255126065 149.50000000000003 0.87965281125489481 5.7251797889279175 5.6861651579932326 75.500000000000014 1.0000000180025095e-35 0.89486842105263176 0.76929848320693406 -0.9159756150367534 95.500000000000014 91.500000000000014 8.739313116550969 -0.60355339059327362 -0.9159756150367534 0.25881904510252091 18.500000000000004 40.500000000000007 94.500000000000014 -0.98296291314453399 34.500000000000007 18.500000000000004 -0.5 127.50000000000001 0.25881904510252091 139.50000000000003 0.98296291314453421 163.50000000000003 -0.70710678118654735
decision_type=8 2 10 2 2 2 2 2 8 8 2 10 2 10 2 2 2 2 2 10 2 2 2 2 10 2 10 2 10 2
left_child=-1 2 9 8 14 16 -7 -8 21 10 18 13 -11 -12 20 -6 -5 -18 22 -20 -4 -3 -2 -15 -13 -23 27 -27 -28 -17
right_child=1 3 4 5 15 6 7 -9 -10 12 11 24 -14 23 -16 29 17 -19 19 -21 -22 25 -24 -25 -26 26 28 -29 -30 -31
leaf_value=0 -6.4388412147204344e-06 0 -0.099536585260913094 -0.0021286984280707365 0.408092669080242 0.010196094046683334 -0.0079227148248556933 -1.2529557097695068 0 0 0 0.30340085468701966 -0.0025970021310586684 0.051396060655224743 -0.025208614783546503 1.9715265882286621 -8.2158360414067824e-06 -0.10447320879771867 0.16343440285774091 -0.024402709339202598 0.15758826740237769 -0.00014313072685542301 -0.11028896968388657 -0.0048597540848442757 0.14533535052770197 -5.3305173002435987e-06 0.04528478610568519 0.0014559124478965178 -0.0064197583665566082 0.47181448834427209
leaf_weight=215271 18759 87609 3142 26667 2983 2130 1828 7026 949302 532471 19623 5635 10580 26796 6249 3508 9960 35620 2732 4270 19552 12212 7738 5806 3677 15176 3705 1754 4004 2905
leaf_count=215271 18759 87609 3142 26667 2983 2130 1828 7026 949302 532471 19623 5635 10580 26796 6249 3508 9960 35620 2732 4270 19552 12212 7738 5806 3677 15176 3705 1754 4004 2905
internal_value=-0.000109826 -0.000361238 0.000299441 -0.000747498 0.0101894 -0.00720825 -0.0174253 -0.0221708 -0.000246703 -0.000294787 0.00255482 0.0057632 -0.00079348 0.00356247 0.00678057 0.0206897 -0.00565491 -0.00812198 -0.00333891 0.0055984 0.00957962 -0.00287161 -0.00570065 0.00674652 0.0181057 -0.00646251 -0.00932059 -0.0130597 -0.00110909 0.0269375
internal_weight=2.04869e+06 1.83342e+06 676426 1.15699e+06 38339 83231 10984 8854 1.07376e+06 638087 95036 61537 543051 52225 28943 9396 72247 45580 33499 7002 22694 124460 26497 32602 9312 36851 24639 16930 7709 6413
internal_count=2048690 1833419 676426 1156993 38339 83231 10984 8854 1073762 638087 95036 61537 543051 52225 28943 9396 72247 45580 33499 7002 22694 124460 26497 32602 9312 36851 24639 16930 7709 6413
is_linear=0
shrinkage=0.05


Tree=43
num_leaves=31
num_cat=0
split_feature=18 15 1 13 17 1 15 0 13 15 10 17 1 0 14 14 18 1 1 13 17 18 18 15 0 10 10 10 0 17
split_gain=427.57 364.967 468.446 455.551 409.94 1303.76 521.413 315.508 279.208 274.451 223.259 222.042 195.79 185.63 1470.68 1396.98 865.907 1166.82 487.18 679.865 420.498 559.9 382.981 336.038 356.355 279.368 266.782 264.767 238.984 197.501
threshold=0.20031347962382448 91.252636252636265 0.37940952255126048 1.0000000180025095e-35 107.50000000000001 0.37940952255126048 24.621665582303191 0.91597561503675362 18.844388343704328 0.82160537482319673 -1.0000000180025095e-35 149.50000000000003 0.25881904510252057 -0.37940952255126065 2.6900008265000515 3.2595949365173804 0.90006934812760064 0.37940952255126048 -0.3794095225512602 6.3595706766915745 288.50000000000006 0.74083669161389376 0.89486842105263176 41.650242718446613 -0.9159756150367534 45.500000000000007 -1.0000000180025095e-35 90.500000000000014 1.0000000180025095e-35 86.500000000000014
decision_type=8 10 2 2 10 2 8 2 2 8 2 10 2 2 2 2 10 2 2 2 10 10 8 8 2 2 2 2 2 10
left_child=1 4 11 -4 7 12 8 -1 10 -9 -7 -3 -6 15 22 29 17 23 19 26 21 -19 -15 24 -17 -25 -16 -21 -28 -2
right_child=13 2 3 -5 5 6 -8 9 -10 -11 -12 -13 -14 14 18 16 -18 20 -20 27 -22 -23 -24 25 -26 -27 28 -29 -30 -31
leaf_value=0 0 0.0008389212171882026 -0.034572981363681511 1.2710204608429474 8.986309059135655e-05 -0.0085093653835180295 0.033772407651785484 0 -0.1593663287535253 0 2.4053959317349237e-07 -0.0027472238048246189 -0.0043041826264314433 0 0.0023155172753633168 -0.1836668093981636 -0.040902667916300817 0.36107115776994125 -0.0023921189983306061 -0.034637053194785487 1.534343824192006 0.0084710912190803511 0 0.46042679532985881 0.066761908801289738 0.13086471705861188 0.015881402607174078 -1.5203685722189455 -0.15154207929719296 0.00046637544412357347
leaf_weight=182979 586152 435 1377 474 11787 106 969 16630 143 6922 3100 2818 504 142470 777 3626 5753 7757 13525 1021 3729 3626 957968 2549 2952 17431 4069 5788 25363 35890
leaf_count=182979 586152 435 1377 474 11787 106 969 16630 143 6922 3100 2818 504 142470 777 3626 5753 7757 13525 1021 3729 3626 957968 2549 2952 17431 4069 5788 25363 35890
internal_value=-4.64931e-05 0.00199348 -0.0112265 -0.0313074 0.00229587 0.00985309 0.0334877 0.00168812 0.0428337 0.00713528 0.0458827 0.000199816 0.00154991 -0.000302261 -0.000687327 0.000359765 0.00863189 0.0111423 -0.00902697 -0.0119942 0.022234 0.0174602 -0.000304288 0.00483094 -0.00497112 0.00805806 -0.00877719 -0.0262667 -0.00954064 -0.000270882
internal_weight=2.04869e+06 228244 5104 1851 223140 16609 4318 206531 3349 23552 3206 3253 12291 1.82045e+06 1.15098e+06 669465 47423 41670 50543 37018 15112 11383 1.10044e+06 26558 6578 19980 30209 6809 29432 622042
internal_count=2048690 228244 5104 1851 223140 16609 4318 206531 3349 23552 3206 3253 12291 1820446 1150981 669465 47423 41670 50543 37018 15112 11383 1100438 26558 6578 19980 30209 6809 29432 622042
is_linear=0
shrinkage=0.05


Tree=44
num_leaves=31
num_cat=0
split_feature=10 15 17 1 17 10 16 15 0 17 14 5 1 14 17 10 16 1 16 12 0 15 16 5 1 16 10 15 0 0
split_gain=231.033 585.541 600.362 1328.79 547.259 504.733 422.887 417.484 508.426 1425.35 1103.14 605.323 568.497 677.211 429.662 592.084 418.988 379.216 311.549 504.062 380.437 604.292 359.481 322.836 438.817 302.753 294.823 282.813 280.254 271.987
threshold=1.0000000180025095e-35 119.4578167819392 137.00000000000003 0.37940952255126048 31.500000000000004 -1.0000000180025095e-35 0.46678281068524979 0.82160537482319673 -0.37940952255126065 86.500000000000014 2.0982144614371934 2.5000000000000004 1.0000000180025095e-35 9.0867730168848677 440.50000000000006 83.500000000000014 75.853299856527997 0.1294095225512602 16.893650793650796 1.0000000180025095e-35 -1.0000000180025095e-35 4.1913919413919425 44.38433667781495 -1.0000000180025095e-35 -0.3794095225512602 49.062289225015867 395.50000000000006 99.012987012987026 0.98296291314453421 -0.98296291314453399
decision_type=2 10 10 2 8 2 10 8 2 10 2 2 2 2 10 2 10 2 10 2 2 8 10 2 2 10 2 10 2 2
left_child=1 2 4 -4 6 -5 -1 -2 9 16 -10 -12 13 -13 15 27 -9 -16 -6 20 21 -20 -22 24 -24 29 -19 -11 -8 -23
right_child=7 -3 3 5 18 -7 28 8 10 14 11 12 -14 -15 17 -17 -18 26 19 -21 22 25 23 -25 -26 -27 -28 -29 -30 -31
leaf_value=0 0 -0.015833061789873766 -0.00024609458212764365 -0.033394460521108747 0 2.1648563385614315e-07 0 0 0 0.10829376152547808 0.0028885150638630168 -0.088231309908562081 0.0012016088150834437 -0.77239470002977895 0.23787082023827288 5.5959061871066034e-05 -0.0057638665397042425 2.7713855632024944 4.2800526045484948e-06 0.079803685201699323 0 1.4501494570652944 0.00055771129557337016 -0.0011056111379203943 -0.033840897340360339 -0.0026558644760262327 0.19355467655587955 0.83524023719347928 0.047500000000000001 -0.001178124693000947
leaf_weight=68069 32875 2224 4540 261 711361 2684 65670 337706 657021 32887 4096 39206 12953 10823 6004 36515 879 2725 1257 3010 2530 378 293 680 479 1228 2182 2428 2913 2813
leaf_count=68069 32875 2224 4540 261 711361 2684 65670 337706 657021 32887 4096 39206 12953 10823 6004 36515 879 2725 1257 3010 2530 378 293 680 479 1228 2182 2428 2913 2813
internal_value=-4.00012e-05 0.000577787 0.000643425 0.0147428 0.000520809 0.0408998 0.00342293 -0.000496351 -0.000336906 0.00104408 -0.00114045 -0.00724828 -0.00845956 -0.0108767 0.00692704 0.00552276 -0.00039355 0.0161718 -2.69326e-05 -0.00779918 -0.0133672 -0.021679 -0.00151934 -0.0213499 0.000777202 -0.0303802 0.0264826 0.0101388 0.00619395 -0.0384989
internal_weight=2.04869e+06 870390 868166 7485 860681 2945 136652 1.1783e+06 1.14542e+06 421326 724099 67078 62982 50029 82741 71830 338585 10911 724029 12668 9658 5676 3982 1452 772 4419 4907 35315 68583 3191
internal_count=2048690 870390 868166 7485 860681 2945 136652 1178300 1145425 421326 724099 67078 62982 50029 82741 71830 338585 10911 724029 12668 9658 5676 3982 1452 772 4419 4907 35315 68583 3191
is_linear=0
shrinkage=0.05


Tree=45
num_leaves=31
num_cat=0
split_feature=18 15 17 1 10 7 1 1 15 10 13 8 0 14 14 18 1 1 13 13 18 15 10 0 10 10 0 18 14 0
split_gain=408.758 367.998 401.034 1136.15 727.792 590.304 370.516 183.29 182.237 174.069 164.48 161.074 157.722 1279.3 1212.46 657.426 1062.85 412.099 619.284 406.164 373.806 275.542 276.909 266.676 250.12 246.05 223.368 199.358 197.196 184.595
threshold=0.20031347962382448 99.012987012987026 107.50000000000001 0.37940952255126048 -1.0000000180025095e-35 35.500000000000007 0.60355339059327384 0.25881904510252057 35.121519816573873 86.500000000000014 1.0000000180025095e-35 34.500000000000007 -0.37940952255126065 3.360301806185189 2.6900008265000515 0.88253449527959338 0.37940952255126048 -0.3794095225512602 6.4288914274887627 7.3333176808581264 0.89486842105263176 41.650242718446613 45.500000000000007 -0.9159756150367534 82.500000000000014 -1.0000000180025095e-35 0.25881904510252091 0.79863441461595841 10.796733025815723 -0.60355339059327362
decision_type=8 10 10 2 2 2 2 2 8 2 2 2 2 2 2 10 2 2 2 2 8 8 2 2 2 2 2 10 2 2
left_child=1 2 9 7 -5 8 -3 11 -6 -1 -8 -4 13 -2 20 16 21 18 25 29 -14 23 -23 -15 -20 -16 -27 -21 -17 -18
right_child=12 6 3 4 5 -7 10 -9 -10 -11 -12 -13 14 15 17 28 19 -19 24 27 -22 22 -24 -25 -26 26 -28 -29 -30 -31
leaf_value=0 0 -0.0015135702606174164 0.0010765187398600147 -0.032900234724333503 2.1768833182201061e-07 -0.15829666843784951 -0.031811247142825697 -0.0040766687660034892 1.3045614141196911 0.10827808411924461 -0.054586054676405919 -0.15519595512937698 0 -0.19148860837640114 0.002199741411595151 -0.0016514220649546927 0.26776085685315626 -0.0022287920479519001 -0.0014719512963124793 1.7365327519617388 0 0.44364241788926062 0.1213552381062846 0.07797690476435877 -1.3881724093155281 -0.023326301566493332 -0.14807151532124826 0.14004658806947398 -0.093604409573136677 0.050194501326717281
leaf_weight=206426 623579 3130 10464 368 3140 385 932 515 586 317 256 1725 142470 3346 777 4443 6807 13525 899 3498 957968 2486 16726 2721 5873 8184 21285 602 2044 3213
leaf_count=206426 623579 3130 10464 368 3140 385 932 515 586 317 256 1725 142470 3346 777 4443 6807 13525 899 3498 957968 2486 16726 2721 5873 8184 21285 602 2044 3213
internal_value=-4.2515e-05 0.00195208 0.00223087 0.00957051 0.0312235 0.0372537 -0.0125058 0.0019364 0.0433441 0.00162085 -0.0362795 0.00317089 -0.000292593 0.000317642 -0.000647535 0.0083751 0.0108036 -0.00821973 -0.0109487 0.0217918 -0.000299744 0.00466593 0.00759942 -0.00462337 -0.0246161 -0.00788865 -0.00862092 0.0350488 -0.00637429 0.0163673
internal_weight=2.04869e+06 228244 223926 17183 4479 4111 4318 12704 3726 206743 1188 12189 1.82045e+06 669465 1.15098e+06 45886 39399 50543 37018 14120 1.10044e+06 25279 19212 6067 6772 30246 29469 4100 6487 10020
internal_count=2048690 228244 223926 17183 4479 4111 4318 12704 3726 206743 1188 12189 1820446 669465 1150981 45886 39399 50543 37018 14120 1100438 25279 19212 6067 6772 30246 29469 4100 6487 10020
is_linear=0
shrinkage=0.05


Tree=46
num_leaves=31
num_cat=0
split_feature=18 1 17 5 1 15 13 1 13 9 2 0 15 10 15 10 5 16 1 5 10 0 0 1 5 18 15 16 0 1
split_gain=396.222 323.009 491.924 989.351 1081.92 761.406 1187.8 374.804 286.249 261.23 297.219 259.99 314.684 256.799 378.383 318.474 266.839 270.626 237.238 425.216 375.942 223.946 216.631 209.297 243.242 199.653 199.185 192.874 179.878 166.049
threshold=0.5418859649122808 -0.78656609248549325 122.50000000000001 -1.0000000180025095e-35 0.37940952255126048 27.850199401794619 1.0950140852533554 -0.3794095225512602 14.278961889752908 67.500000000000014 -0.60785761079279388 0.91597561503675362 0.78389189189189201 4.5000000000000009 14.19788232943762 24.500000000000004 5.5000000000000009 34.620725727361894 -0.12940952255126037 -1.0000000180025095e-35 -1.0000000180025095e-35 -0.98296291314453399 0.60355339059327384 0.78656609248549303 -1.0000000180025095e-35 0.22239637756879138 33.828797976058254 21.706600455203809 1.0000000180025095e-35 0.60355339059327384
decision_type=8 2 10 2 2 8 2 2 2 2 2 2 8 2 10 2 2 8 2 2 2 2 2 2 2 10 10 10 2 2
left_child=1 9 11 7 21 8 25 -4 -6 -1 -11 13 -13 16 23 29 17 -3 19 -19 -20 -5 -23 24 -15 -7 -17 -18 -12 -16
right_child=-2 2 3 4 5 6 -8 -9 -10 10 28 12 -14 14 15 26 27 18 20 -21 -22 22 -24 -25 -26 -27 -28 -29 -30 -31
leaf_value=0 0 0 0.0006543575137288283 -0.14232088235601328 2.0680391523091006e-07 -0.033381409851360407 1.6013297922567107 -0.016125417687349205 -0.14348317889395654 -0.85081009384595951 0.11153109025376287 0 2.9491416686997978e-05 -0.0018926893722325578 0.014486898689228634 -0.11030168093058657 0.03832617361552515 0.0005137192259965555 -0.032054524443520409 -0.0049712027452218999 0.26412008518532337 0.21148271160477414 -0.0025582738228230126 -0.0016221178929519253 -0.00048080033028731294 0.094097267030801859 0.017556744404779591 0.4966270111383832 -0.31049551848062795 0.079549934255012736
leaf_weight=81828 1701753 130269 580 2889 3229 1184 4012 1709 149 1906 2582 16703 13390 917 9065 3771 3127 208 509 1470 1407 13630 3277 7928 28154 440 4730 1258 2852 3764
leaf_count=81828 1701753 130269 580 2889 3229 1184 4012 1709 149 1906 2582 16703 13390 917 9065 3771 3127 208 509 1470 1407 13630 3277 7928 28154 440 4730 1258 2852 3764
internal_value=-4.62247e-05 0.00149379 0.00239109 0.00828805 0.0108018 0.0251609 0.0139106 -0.0233508 0.0439313 -0.00110017 -0.0101362 0.00158204 0.00591001 0.000919487 -0.00186271 0.00344116 0.00209334 0.00169576 -0.0118392 -0.0255662 0.000182672 0.00426349 0.00646182 -0.0049204 -0.00295655 -0.0221675 -0.00406423 0.0142303 -0.0041774 0.00841453
internal_weight=2.04869e+06 346937 257769 31099 28810 9014 5636 2289 3378 89168 7340 226670 30093 196577 58329 21330 138248 133863 3594 1678 1916 19796 16907 36999 29071 1624 8501 4385 5434 12829
internal_count=2048690 346937 257769 31099 28810 9014 5636 2289 3378 89168 7340 226670 30093 196577 58329 21330 138248 133863 3594 1678 1916 19796 16907 36999 29071 1624 8501 4385 5434 12829
is_linear=0
shrinkage=0.05


Tree=47
num_leaves=31
num_cat=0
split_feature=18 1 17 5 15 13 16 15 12 15 16 7 17 1 15 18 13 17 15 17 10 1 12 18 1 15 10 15 17 18
split_gain=281.143 280.558 1008.87 1987.68 805.594 1183.25 456.514 355.203 1015.69 374.239 567.179 297.443 269.866 365.497 279.678 241.181 255.68 287.661 215.839 231.045 280.813 210.274 207.352 431.755 206.456 205.099 202.314 242.251 303.763 304.574
threshold=0.5418859649122808 0.37940952255126048 97.500000000000014 -1.0000000180025095e-35 35.121519816573873 1.0950140852533554 23.510742000841013 3.7529766123316803 1.0000000180025095e-35 53.504901960784316 97.501456421092811 46.500000000000007 88.500000000000014 1.0000000180025095e-35 11.679858590914781 0.15685731431473021 7.6518811931770907 356.00000000000006 7.6620886880384136 27.500000000000004 5.5000000000000009 -0.12940952255126037 1.0000000180025095e-35 -0.024404761904761901 -0.9159756150367534 0.17992805755395685 1.5000000000000002 0.54577691811734375 3.5000000000000004 -0.027046783625730989
decision_type=8 2 10 2 8 2 10 8 2 10 10 2 10 2 10 10 2 10 10 10 2 2 2 10 2 10 2 8 10 10
left_child=1 7 18 6 11 -6 -4 22 9 12 -11 -5 13 14 -9 -10 17 21 26 20 -20 -17 23 -1 -18 -25 27 -3 -29 -30
right_child=-2 2 3 4 5 -7 -8 8 15 10 -12 -13 -14 -15 -16 16 24 -19 19 -21 -22 -23 -24 25 -26 -27 -28 28 29 -31
leaf_value=0 0 0 0 1.9646371946936458e-07 -0.028793046356294445 1.4042192833215923 -0.029531389006048642 0 0.017920146422915298 0.0014885595665165418 -0.0018703149734983567 -0.13328514281993806 -0.0010462762897827829 -1.474570834349899e-06 0 6.2343750000000008e-06 -1.0998071219849741 0.44597837475853352 4.078695834649706e-06 0 7.1382902755191444e-05 -0.0025014745708343503 0 0 -0.20594906527236045 0 0 0.043359970989319742 4.0692577975403311e-06 0
leaf_weight=44858 1701753 39829 1170 3943 1708 4441 1328 8751 26577 1145 1035 185 4845 2163 2796 60045 1739 3633 3739 13005 3339 14915 35316 13179 2999 14052 20036 2047 1808 12311
leaf_count=44858 1701753 39829 1170 3943 1708 4441 1328 8751 26577 1145 1035 185 4845 2163 2796 60045 1739 3633 3739 13005 3339 14915 35316 13179 2999 14052 20036 2047 1808 12311
internal_value=-9.57197e-05 0.00120151 0.00330382 0.0165049 0.0262285 0.0147585 -0.0234988 0.000239868 -0.00151137 -0.0116614 0.00793578 0.043314 -0.0139639 -0.0103793 -0.00684593 0.000403519 -0.000919226 -0.000239207 0.0015492 0.00615944 0.0134289 -0.000905149 0.00237 0.00390767 -0.0121992 0.00887408 0.000331444 0.00187427 0.00703637 0.00442666
internal_weight=2.04869e+06 346937 108889 12775 10277 6149 2498 238048 130643 20735 2180 4128 18555 13710 11547 109908 83331 78593 96114 20083 7078 74960 107405 72089 4738 27231 76031 55995 16166 14119
internal_count=2048690 346937 108889 12775 10277 6149 2498 238048 130643 20735 2180 4128 18555 13710 11547 109908 83331 78593 96114 20083 7078 74960 107405 72089 4738 27231 76031 55995 16166 14119
is_linear=0
shrinkage=0.05


Tree=48
num_leaves=31
num_cat=0
split_feature=18 10 16 1 14 15 12 11 1 3 10 5 15 17 1 17 16 10 5 17 17 5 15 1 10 16 1 13 10 5
split_gain=226.84 409.498 397.856 571.151 324.585 322.238 572.489 322.886 947.015 296.609 272.466 642.515 335.554 359.326 579.287 982.455 326.719 222.13 360.462 344.051 363.437 277.999 233.955 221.607 217.135 196.854 220.868 191.113 186.289 343.016
threshold=0.67412127269698496 405.50000000000006 242.11883787661409 0.37940952255126048 21.453114132374882 0.82160537482319673 0.91666666666666685 0.83333333333333337 0.37940952255126048 -0.56174490092936669 107.50000000000001 98.500000000000014 174.74316334072435 151.50000000000003 0.37940952255126048 226.50000000000003 129.53898246223307 55.500000000000007 44.500000000000007 149.50000000000003 139.50000000000003 13.500000000000002 5.8515238242574261 0.37940952255126048 -1.0000000180025095e-35 82.593488072211485 -0.78656609248549325 2.8479344402135331 26.500000000000004 25.500000000000004
decision_type=10 2 10 2 2 8 2 2 2 2 2 2 10 10 2 10 10 2 2 10 10 2 10 2 2 10 2 2 2 2
left_child=1 2 10 4 -4 -2 7 8 -7 -9 11 12 13 17 -15 24 -17 18 19 20 28 -19 -22 -12 -16 26 -21 -20 29 -1
right_child=5 -3 3 -5 -6 6 -8 9 -10 -11 23 -13 -14 14 15 16 -18 21 27 25 22 -23 -24 -25 -26 -27 -28 -29 -30 -31
leaf_value=0 0 -2.3446194452725542 0.23875855158231316 4.2910095745515298 -1.3363241523080793 0.001394347323761423 0 0 -6.8299351024430149e-05 1.8555383118637959e-07 -0.2853747932596063 0.7177028706688553 -0.010982843764174965 0.0012564990920796327 -0.025802602165041912 -0.033713591008661718 0.96074874399649657 0.095244012697544053 0.045847895574134892 -0.0010083296565652634 1.7461355383722174e-07 -0.059826880668941401 0.0013667503139889166 0.024822408592374345 1.8664053349589635e-07 -0.015149590461084864 1.2365419364030052 0.38706832370459265 -0.013007408838338964 0.11555472852204117
leaf_weight=1008832 24553 1200 7565 1566 1367 1230 915130 705 639 1956 8527 2517 813 14059 139 710 497 583 5444 249 1252 13825 1521 1347 3144 1207 301 2234 21032 4546
leaf_count=1008832 24553 1200 7565 1566 1367 1230 915130 705 639 1956 8527 2517 813 14059 139 710 497 583 5444 249 1252 13825 1521 1347 3144 1207 301 2234 21032 4546
internal_value=-0.000127423 0.000359039 0.00039079 0.0100781 0.00519481 -0.000696453 -0.000545528 0.0171854 0.00125736 0.0283728 0.000297727 0.000373117 0.000314332 0.000338513 0.00723759 0.0228731 -0.0157001 0.000217902 0.000302785 0.000223016 0.000260465 -0.00594808 0.0183375 -0.00797043 0.0370545 -0.0218839 0.00290909 0.0110966 0.000212005 0.000308671
internal_weight=2.04869e+06 1.10448e+06 1.10328e+06 10498 8932 944213 919660 4530 1869 2661 1.09278e+06 1.0829e+06 1.08039e+06 1.07958e+06 18549 4490 1207 1.06103e+06 1.04662e+06 1.03894e+06 1.03718e+06 14408 2773 9874 3283 1757 550 7678 1.03441e+06 1.01338e+06
internal_count=2048690 1104477 1103277 10498 8932 944213 919660 4530 1869 2661 1092779 1082905 1080388 1079575 18549 4490 1207 1061026 1046618 1038940 1037183 14408 2773 9874 3283 1757 550 7678 1034410 1013378
is_linear=0
shrinkage=0.05


Tree=49
num_leaves=31
num_cat=0
split_feature=18 10 17 1 5 10 14 16 17 10 17 14 16 17 17 14 5 9 1 14 1 17 18 17 14 10 18 1 17 17
split_gain=235.562 377.963 363.623 1597 1966.9 464.432 659.326 447.77 314.041 272.15 370.281 253.319 250.964 641.89 244.351 230.665 306.08 190.521 182.469 163.627 599.371 724.761 405.772 360.2 318.199 290.052 197.793 280.363 364.87 404.021
threshold=0.67412127269698496 405.50000000000006 97.500000000000014 0.37940952255126048 -1.0000000180025095e-35 15.500000000000002 1.5499277101640241 25.623167444612452 226.50000000000003 65.500000000000014 320.00000000000006 21.453114132374882 94.64108455882355 163.50000000000003 661.50000000000011 6.6259170444038062 13.500000000000002 -1.0000000180025095e-35 0.37940952255126048 0.71627013171810361 -0.12940952255126037 31.500000000000004 0.93840885142255015 252.50000000000003 7.00495680746885 590.50000000000011 0.89486842105263176 0.25881904510252057 147.50000000000003 92.500000000000014
decision_type=10 2 10 2 2 2 2 10 10 2 10 2 10 10 10 2 2 2 2 2 2 10 10 10 2 2 10 2 10 10
left_child=1 2 -1 9 7 12 8 -5 -7 -4 15 -12 -6 -14 -8 -11 -17 18 -2 26 24 -22 23 -23 -21 -26 27 -19 29 -29
right_child=17 -3 3 4 5 6 14 -9 -10 10 11 -13 13 -15 -16 16 -18 19 -20 20 21 22 -24 -25 25 -27 -28 28 -30 -31
leaf_value=0 0.0032943425197169969 -2.2273884730089266 5.2313814489139151e-05 0 1.7730850682110153e-07 0.0081797091733647326 0.5687117842586531 -0.028123157071445654 -0.06139594444011548 -0.02744351253638553 0.24592060661718165 -1.177098722747931 -0.026591146233397246 2.1434454909905427 5.5232188929168622 0.1750448989630945 -0.49171768487456835 0 -0.038689917357344721 -0.033731896202380228 -0.0015688509617069581 0.020063034399720195 -0.0030583335213532404 0.17433340936939379 -0.20733434166204248 -2.1390022339061825 0 0 0.0024593481005993484 -0.00026375915882477415
leaf_weight=1029821 1564 1200 28730 1194 3833 822 6157 1304 630 11304 7235 1296 309 743 933 417 8549 26891 325 61118 15961 30626 20036 8348 6295 766 740084 23796 2749 5654
leaf_count=1029821 1564 1200 28730 1194 3833 822 6157 1304 630 11304 7235 1296 309 743 933 417 8549 26891 325 61118 15961 30626 20036 8348 6295 766 740084 23796 2749 5654
internal_value=-0.000116587 0.000379139 0.000409643 0.0038084 0.017821 0.0254003 0.0183681 -0.0229183 -0.0123278 -7.03968e-05 -0.00350509 0.00523385 0.037697 0.0160646 0.0246544 -0.00718303 -0.013172 -0.000696453 0.0151668 -0.000728253 -0.00228502 0.000800309 0.00335706 0.00632986 -0.0056777 -0.0157272 -0.000449402 -0.0032332 -0.00638063 -0.00800679
internal_weight=2.04869e+06 1.10448e+06 1.10328e+06 73456 15925 13427 8542 2498 1452 57531 28801 8531 4885 1052 7090 20270 8966 944213 1889 942324 143150 74971 59010 38974 68179 7061 799174 59090 32199 29450
internal_count=2048690 1104477 1103277 73456 15925 13427 8542 2498 1452 57531 28801 8531 4885 1052 7090 20270 8966 944213 1889 942324 143150 74971 59010 38974 68179 7061 799174 59090 32199 29450
is_linear=0
shrinkage=0.05


Tree=50
num_leaves=31
num_cat=0
split_feature=0 16 13 13 0 15 15 0 14 5 16 7 0 14 15 10 0 5 13 10 0 0 0 16 0 5 15 10 16 15
split_gain=145.814 1101.78 934.081 405.993 705.385 454.049 453.438 518.776 472.671 487.928 895.769 388.094 414.913 505.035 375.973 355.869 339.571 337.653 323.145 284.589 278.267 297.713 331.277 276.849 251.505 240.25 239.016 228.168 328.061 224.115
threshold=-0.37940952255126065 139.76214412911665 0.64395055085937891 1.0000000180025095e-35 -0.98296291314453399 43.380749354005175 27.850199401794619 -0.98296291314453399 1.0000000180025095e-35 89.500000000000014 97.501456421092811 33.500000000000007 1.0000000180025095e-35 8.1963741431769019 3.7529766123316803 5.5000000000000009 -0.5 15.500000000000002 12.270100694512839 58.500000000000007 -0.5 -0.9159756150367534 -0.70710678118654735 75.853299856527997 0.78656609248549325 96.500000000000014 90.168918918918934 125.50000000000001 63.718893465482481 90.168918918918934
decision_type=2 10 2 2 2 8 10 2 2 2 10 2 2 2 8 2 2 2 2 2 2 2 2 10 2 2 10 2 10 10
left_child=1 3 -2 6 5 -5 -1 23 9 20 26 -4 -13 24 -6 -16 -12 -15 -3 -7 21 -9 -23 -8 29 -10 -11 28 -17 -14
right_child=2 18 11 4 14 19 7 8 25 10 16 12 13 17 15 27 -18 -19 -20 -21 -22 22 -24 -25 -26 -27 -28 -29 -30 -31
leaf_value=0 0 0.13924137261705313 -0.00045235310657272597 -0.04603860749980377 -6.4884383473208643e-05 0.24858192523970316 4.5540662109375013e-06 -2.2710566406250007e-07 0.018341174843875548 1.7055865407977161e-05 -0.0026399451232369327 -0.00058073799298930743 -0.063953552446828751 0.10213378524920146 0.067290689044322477 0.0023910122556897555 0.0087446780821157904 -0.69427643049354781 2.2171947664687965 -0.031445338480932297 0 -2.2710566406250007e-07 0 -0.0029353412988318639 -0.14075859255472745 -0.042837568620634515 5.3161108777512735e-05 -0.069450982060060507 0.073518304566211043 0.0080042565141750458
leaf_weight=573853 1176651 25894 40347 11362 17442 2030 1345 2672 5716 950 1632 15471 14346 327 16290 56647 213 10497 2247 3307 1131 4205 3003 823 13045 1179 968 3631 28823 12643
leaf_count=573853 1176651 25894 40347 11362 17442 2030 1345 2672 5716 950 1632 15471 14346 327 16290 56647 213 10497 2247 3307 1131 4205 3003 823 13045 1179 968 3631 28823 12643
internal_value=-7.34372e-05 0.000472782 -0.000399197 0.00010214 0.0025306 -0.0071112 -0.000464789 -0.00722197 -0.00955512 -0.0146 0.000943396 -0.00487926 -0.00723138 -0.00941248 0.00384139 0.00496674 -0.0239295 -0.0189948 0.0101827 0.00491849 -0.0199119 -0.0226012 -0.0278857 0.0160978 -0.0068217 0.00125453 0.0248697 0.00372443 0.00424593 -0.00406647
internal_weight=2.04869e+06 765363 1.28333e+06 737222 139532 16699 597690 23837 21669 14774 3763 106676 66329 50858 122833 105391 1845 10824 28141 5337 11011 9880 7208 2168 40034 6895 1918 89101 85470 26989
internal_count=2048690 765363 1283327 737222 139532 16699 597690 23837 21669 14774 3763 106676 66329 50858 122833 105391 1845 10824 28141 5337 11011 9880 7208 2168 40034 6895 1918 89101 85470 26989
is_linear=0
shrinkage=0.05


Tree=51
num_leaves=31
num_cat=0
split_feature=18 5 17 0 15 17 0 0 16 1 17 16 9 1 0 5 1 16 17 17 15 9 1 15 0 17 16 0 15 16
split_gain=184.117 379.132 477.521 445.195 667.159 822.189 705.346 664.98 384.148 443.384 359.832 332.1 293.317 270.539 259.991 253.48 221.323 331.976 219.447 222.043 204.556 204.418 191.768 388.568 351.339 530.178 475.367 755.045 1439.97 341.204
threshold=0.51123737373737377 -1.0000000180025095e-35 195.00000000000003 -0.25881904510252113 0.17992805755395685 60.500000000000007 0.91597561503675362 0.91597561503675362 73.44835993263294 0.37940952255126048 131.50000000000003 94.64108455882355 32.500000000000007 -0.60355339059327384 -0.98296291314453399 1.0000000180025095e-35 0.25881904510252057 36.005016722408037 18.500000000000004 46.500000000000007 29.931025369978865 48.500000000000007 -0.3794095225512602 0.46821976838136287 -1.0000000180025095e-35 31.500000000000004 16.266113416320888 -0.9159756150367534 3.7529766123316803 34.620725727361894
decision_type=8 2 10 2 8 10 2 2 10 2 10 10 2 2 2 2 2 10 10 10 10 2 2 8 2 10 8 2 8 10
left_child=1 2 22 8 5 -5 11 10 12 14 -6 -7 -3 20 -10 -11 -8 -18 -9 -20 -4 -21 29 -24 26 -26 27 -25 -29 -1
right_child=-2 3 13 4 7 6 16 18 9 15 -12 -13 -14 -15 -16 -17 17 -19 19 21 -22 -23 23 24 25 -27 -28 28 -30 -31
leaf_value=0 0 0 -0.00030074262085356171 0 0 1.5701745080430556e-07 6.8925670154469163 0 -0.1747247789111781 -0.025261588921727387 -0.058213306560929462 -0.10692210926799997 -0.081313671744811467 -0.014679104556822534 0.18727582637824611 1.5223217757398098 0.00049406088413401431 -0.0038103622818906023 0.099998525429165652 -0.0024956852607187214 6.3465293203266601e-05 0.042988639902265695 0 -1.2739883637939457e-05 -2.0393479173248531e-07 0 -0.0058942152974390998 -2.0346288987701656e-07 3.8752329447726887e-06 0.00041098959564644363
leaf_weight=30926 1712727 99115 138 14890 72606 2608 674 6397 2527 476 10151 185 4677 1218 16064 4307 105 396 4081 1052 311 543 48097 2010 3060 3937 1448 1067 2003 894
leaf_count=30926 1712727 99115 138 14890 72606 2608 674 6397 2527 476 10151 185 4677 1218 16064 4307 105 396 4081 1052 311 543 48097 2010 3060 3937 1448 1067 2003 894
internal_value=-3.64867e-05 0.00103374 -0.00163917 0.00208923 -0.000184276 0.00840492 0.028629 -0.00189233 0.00412178 0.00991272 -0.00349155 0.0423022 0.00281765 -0.0281644 0.00641977 0.0234894 -0.00387234 -0.0290419 0.00906983 0.0162262 0.00501114 0.000407524 -0.00116596 -0.00279365 -0.010281 -0.0180649 -0.00193781 0.00526575 0.0208632 0.00198617
internal_weight=2.04869e+06 335963 95109 240854 113688 18858 3968 94830 127166 23374 82757 2793 103792 1667 18591 4783 1175 501 12073 5676 449 1595 93442 61622 13525 6997 6528 5080 3070 31820
internal_count=2048690 335963 95109 240854 113688 18858 3968 94830 127166 23374 82757 2793 103792 1667 18591 4783 1175 501 12073 5676 449 1595 93442 61622 13525 6997 6528 5080 3070 31820
is_linear=0
shrinkage=0.05


Tree=52
num_leaves=31
num_cat=0
split_feature=17 1 5 0 17 17 13 13 0 10 1 13 6 13 0 11 15 17 10 1 10 15 10 15 9 13 17 0 16 0
split_gain=178.77 1418.65 1063.76 1007.73 788.914 1272.91 827.888 753.428 529.536 526.767 519.982 496.572 500.181 480.785 430.711 346.85 315.046 286.292 285.431 247.817 239.819 301.554 425.417 357.395 293.947 280.261 527.44 316.136 276.709 349.488
threshold=122.50000000000001 0.1294095225512602 -1.0000000180025095e-35 1.0000000180025095e-35 140.50000000000003 150.50000000000003 6.2092539874768535 3.6204065448697627 0.12940952255126045 35.500000000000007 0.60355339059327384 1.0000000180025095e-35 473.50000000000006 1.0000000180025095e-35 0.91597561503675362 1.0000000180025095e-35 122.87655841157459 163.50000000000003 15.500000000000002 0.37940952255126048 36.500000000000007 16.206389452332662 8.5000000000000018 9.1399428804569585 16.500000000000004 1.0000000180025095e-35 67.500000000000014 0.91597561503675362 46.829730431770962 0.78656609248549325
decision_type=10 2 2 2 10 10 2 2 2 2 2 2 2 2 2 2 10 10 2 2 2 10 2 10 2 2 8 2 8 2
left_child=20 3 -3 -2 8 16 9 15 18 14 -11 12 17 -10 -7 -5 -6 -12 -4 -8 21 22 25 -24 -25 -1 27 -27 -22 -30
right_child=1 2 4 7 5 6 19 -9 13 10 11 -13 -14 -15 -16 -17 -18 -19 -20 -21 28 -23 23 24 -26 26 -28 -29 29 -31
leaf_value=0 0.031515642072695374 -0.022896630751567962 0.74850442438404752 0.0018887299355528208 -0.00095286363758873178 1.4856522928115656e-07 0.1361489148938298 -0.60105891089139618 2.6652586501217994e-07 0.0021496281995717617 0.049888699432572847 0.025719250019696344 0.001841579684628821 0.001346402740857511 -0.0036198441677960723 -0.043037464641171225 -0.017053609926648602 -0.00011130056742715742 0.00083596790707759312 1.1352265724776875 0 0 0 0 -0.0050208614909340119 4.5669636198641633e-05 0.022018991445001287 0.040020198978524046 0 -6.6249105320054943e-08
leaf_weight=1444736 38847 1238 865 2197 2522 2784 1225 11823 4905 14688 539 17209 1410 1303 353 32257 4658 7350 6473 5661 29208 124423 48246 53662 15055 62237 2144 4753 80092 25827
leaf_count=1444736 38847 1238 865 2197 2522 2784 1225 11823 4905 14688 539 17209 1410 1303 353 32257 4658 7350 6473 5661 29208 124423 48246 53662 15055 62237 2144 4753 80092 25827
internal_value=-2.12087e-05 0.00159279 0.00669759 -0.00279592 0.00748836 0.00496669 0.00773053 -0.00778032 0.0183597 0.00522523 0.00372124 -0.000460238 -0.00976987 0.0291076 0.0249761 -0.00404307 -0.0147493 -0.0146723 0.00926683 0.02386 -0.00015637 -1.13943e-07 -0.000181134 -0.00308645 -0.000770552 4.33327e-05 0.0031533 0.002372 -0.00218609 -0.000997932
internal_weight=2.04869e+06 158307 73183 85124 71945 58399 51219 46277 13546 44333 41196 26508 9299 6208 3137 34454 7180 7889 7338 6886 1.89038e+06 1.75526e+06 1.63083e+06 116963 68717 1.51387e+06 69134 66990 135127 105919
internal_count=2048690 158307 73183 85124 71945 58399 51219 46277 13546 44333 41196 26508 9299 6208 3137 34454 7180 7889 7338 6886 1890383 1755256 1630833 116963 68717 1513870 69134 66990 135127 105919
is_linear=0
shrinkage=0.05


Tree=53
num_leaves=31
num_cat=0
split_feature=18 0 15 17 1 18 17 1 0 13 17 1 15 17 12 17 1 17 10 10 15 13 17 0 18 17 15 17 1 14
split_gain=152.368 420.381 574.214 627.643 552.212 586.82 575.767 548.16 369.846 359.288 900.146 464.752 556.102 332.291 247.443 218.421 214.504 209.225 193.118 184.558 389.309 182.743 181.686 174.659 756.083 222.72 173.479 209.302 269.81 239.806
threshold=0.51123737373737377 -0.25881904510252113 4.1913919413919425 137.00000000000003 0.37940952255126048 -0.032795698924731172 98.500000000000014 0.37940952255126048 0.12940952255126045 1.0000000180025095e-35 88.500000000000014 0.37940952255126048 3.7529766123316803 97.500000000000014 3.7500000000000004 285.50000000000006 0.25881904510252057 171.50000000000003 5.5000000000000009 37.500000000000007 109.51431735484893 1.0000000180025095e-35 31.500000000000004 -0.98296291314453399 1.0000000180025095e-35 61.500000000000007 0.078222778473091378 4.5000000000000009 0.78656609248549303 1.0000000180025095e-35
decision_type=8 2 8 10 2 10 10 2 2 2 10 2 10 10 2 10 2 10 2 2 10 2 10 2 8 10 10 10 2 2
left_child=1 9 3 -3 15 -6 21 16 17 10 26 23 14 18 -13 -4 -5 -9 -14 -15 -21 -7 -23 24 -11 -25 -1 -28 -29 -30
right_child=-2 2 4 7 5 6 -8 8 -10 11 -12 12 13 19 -16 -17 -18 -19 -20 20 -22 22 -24 25 -26 -27 27 28 29 -31
leaf_value=0 0 0 0 0.30564517241377853 -1.9373805214586102e-07 0 -0.021569467719892099 -0.03742151018617302 1.4113696781709874e-07 0.0008849126560394185 -0.0021914950390836906 0.00035646816535667066 0.12405211048722209 1.2217051299989397 -0.004052161456278314 -0.030206428412521236 -0.003438851959406269 3.7030034189121434e-06 0.040993303322356844 -0.060335557326803096 2.2847573332899134 -0.015410222608388785 0.012039616074462293 0.0052572099662434374 -0.088204553677110026 0.13255872462844187 0 0 3.6809993956785865e-06 -3.5911731201171901e-08
leaf_weight=28339 1712727 99583 53330 939 1184 8828 1361 162 1984 1150 7996 3036 3997 2790 1482 2662 496 318 6298 1407 1262 1606 695 23385 7144 22899 8428 35847 5713 1642
leaf_count=28339 1712727 99583 53330 939 1184 8828 1361 162 1984 1150 7996 3036 3997 2790 1482 2662 496 318 6298 1407 1262 1606 695 23385 7144 22899 8428 35847 5713 1642
internal_value=2.56261e-05 0.000999217 -0.000715862 0.00164666 -0.00422516 -0.0132331 -0.010044 0.021326 0.0356331 0.00282314 0.000656511 0.00536941 0.0118341 0.0162689 -0.00362992 -0.00202529 -0.00324042 -0.00375 0.0109811 0.0262411 0.0168415 -0.00628987 -0.0188396 0.00296823 -0.00371353 0.00416559 0.00225587 0.00398121 0.00257511 0.0112984
internal_weight=2.04869e+06 335963 173148 103482 69666 13674 12490 3899 2464 162815 87965 74850 20272 15754 4518 55992 1435 480 10295 5459 2669 11129 2301 54578 8294 46284 79969 51630 43202 7355
internal_count=2048690 335963 173148 103482 69666 13674 12490 3899 2464 162815 87965 74850 20272 15754 4518 55992 1435 480 10295 5459 2669 11129 2301 54578 8294 46284 79969 51630 43202 7355
is_linear=0
shrinkage=0.05


Tree=54
num_leaves=31
num_cat=0
split_feature=18 15 17 16 0 10 5 0 10 10 0 15 0 16 0 15 10 0 13 0 18 0 14 13 15 17 0 10 16 16
split_gain=175.552 283.342 351.066 307.389 600.98 526.563 283.907 525.757 216.207 205.797 192.98 417.596 421.349 366.496 196.385 185.023 484.354 449.771 851.205 830.706 788.984 1080.09 758.294 599.187 599.172 505.691 458.641 436.984 403.035 386.94
threshold=0.15685731431473021 119.4578167819392 97.500000000000014 16.893650793650796 0.78656609248549325 -1.0000000180025095e-35 -1.0000000180025095e-35 1.0000000180025095e-35 99.500000000000014 -1.0000000180025095e-35 0.91597561503675362 0.17992805755395685 0.12940952255126045 94.64108455882355 0.98296291314453421 12.035098522167489 10.500000000000002 -0.70710678118654735 1.0000000180025095e-35 0.25881904510252091 0.89486842105263176 -0.9159756150367534 1.0000000180025095e-35 6.1734131666497243 43.380749354005175 45.500000000000007 1.0000000180025095e-35 52.500000000000007 36.005016722408037 24.459641923644689
decision_type=8 8 10 8 2 2 2 2 2 2 2 10 2 10 2 10 2 2 2 2 10 2 2 2 10 10 2 2 10 10
left_child=1 2 -1 4 -4 -6 7 -5 10 -3 11 12 -8 -14 -12 16 -2 20 26 -20 21 24 -23 -24 28 -21 -19 -26 -17 -22
right_child=15 9 3 6 5 -7 8 -9 -10 -11 14 -13 13 -15 -16 17 -18 18 19 25 29 22 23 -25 27 -27 -28 -29 -30 -31
leaf_value=0 0 -0.0070341761346493746 4.9698123764682189e-05 -0.003081250778288783 -2.6156907244569578e-06 0.00070411206620835814 -0.00010800535621022869 0.0004065466206622676 -0.021999941178521384 -0.00043125070918239601 -0.0032669093614359555 0.036241326851034705 1.3408011942624379e-07 -0.10182601828970986 6.4825619695571035 -0.0014558760110970422 0 0 0.0024828456934349536 0.0005286524163278073 1.1952929687500004e-08 -0.0058498593645108224 0.09443621854659992 1.2336988311941637 0.2457234677251702 -0.050372086407157096 0 0.032621330971868812 -0.30341406300544138 -2.1575038085937508e-07
leaf_weight=188867 1369382 1275 2602 1535 632 362 778 1083 361 2327 549 12904 1488 106 402 9685 41155 37470 80734 16826 7764 1920 27600 3971 4035 62835 128648 16458 4350 20586
leaf_count=188867 1369382 1275 2602 1535 632 362 778 1083 361 2327 549 12904 1488 106 402 9685 41155 37470 80734 16826 7764 1920 27600 3971 4035 62835 128648 16458 4350 20586
internal_value=3.40217e-05 0.00138477 0.0016214 0.0074818 0.0208982 -0.012173 0.0049698 -0.0103323 0.00738486 -0.0125208 0.00823627 0.00959675 0.0288786 0.043601 -0.0136172 -0.000124576 -0.0003996 0.000792774 -9.3105e-05 -0.00269117 0.00379427 0.00671504 0.0131125 0.0149679 0.000509731 -0.00631363 0.00241545 0.00596057 -0.00744923 -0.0032134
internal_weight=2.04869e+06 215271 211669 22802 3596 994 19206 2618 16588 3602 16227 15276 2372 1594 951 1.83342e+06 1.41054e+06 422882 326513 160395 96369 68019 33491 31571 34528 79661 166118 20493 14035 28350
internal_count=2048690 215271 211669 22802 3596 994 19206 2618 16588 3602 16227 15276 2372 1594 951 1833419 1410537 422882 326513 160395 96369 68019 33491 31571 34528 79661 166118 20493 14035 28350
is_linear=0
shrinkage=0.05


Tree=55
num_leaves=31
num_cat=0
split_feature=16 1 18 12 1 0 14 0 13 13 18 5 10 14 17 18 17 15 15 5 0 15 18 15 0 11 0 10 1 6
split_gain=201.952 738.31 1151.88 1204.42 745.747 684.078 2035.12 697.034 639.34 510.795 462.441 396.422 325.087 318.331 296.608 288.026 282.042 325.026 414.938 318.205 301.584 279.357 272.75 260.232 557.324 390.2 947.38 379.591 357.986 370.49
threshold=49.062289225015867 0.25881904510252057 0.99930651872399456 -0.91666666666666663 0.78656609248549303 1.0000000180025095e-35 1.0000000180025095e-35 0.98296291314453421 5.3953141390848511 5.2173941556879457 0.98938984577282463 10.500000000000002 36.500000000000007 1.1363672635645734 74.500000000000014 0.84936795895700012 77.500000000000014 94.006578947368425 122.87655841157459 90.500000000000014 0.78656609248549325 64.383974358974385 0.90006934812760064 94.006578947368425 0.12940952255126045 99.166666666666671 0.78656609248549325 141.50000000000003 0.60355339059327384 150.50000000000003
decision_type=10 2 10 2 2 2 2 2 2 2 10 2 2 2 10 10 10 8 10 2 2 10 10 10 2 2 2 2 2 2
left_child=12 5 3 -3 8 13 7 14 21 -8 -9 -11 -1 -2 -7 -10 -16 19 20 -18 -19 -5 -14 24 -4 26 -25 -27 29 -29
right_child=1 2 23 4 -6 6 9 10 15 11 -12 -13 22 -15 16 -17 17 18 -20 -21 -22 -23 -24 25 -26 27 -28 28 -30 -31
leaf_value=0 -0.00097683533605799101 -0.024451019293492193 -0.00037997679763530792 1.2737611345493163e-07 2.6652586501217994e-07 -0.03607469404427828 -0.061582233630126652 0.0013828669383851965 1.2610517308736715 0.15915883922079899 -6.2936650054052194e-08 -0.79514549950360036 -0.0021965962476637084 0.055715277683546477 0.0034619406999337843 -0.14794321200117508 0.0014558496213584106 0.0026551111490847649 -0.0012200250907762381 -0.07470261863187265 0.00025223621304619389 8.3638397845182509e-06 0 0 0 2.398732785109619e-07 -6.2936650054052194e-08 -0.0074972633004825266 -0.00010573553905579955 0.0020421467895931733
leaf_weight=1744166 19689 1377 2541 7047 44591 668 51511 3486 4230 279 2862 8204 18984 57191 719 327 2839 3351 1342 1375 2348 33975 17553 6141 4304 1205 1834 236 3017 1298
leaf_count=1744166 19689 1377 2541 7047 44591 668 51511 3486 4230 279 2862 8204 18984 57191 719 327 2839 3351 1342 1375 2348 33975 17553 6141 4304 1205 1834 236 3017 1298
internal_value=1.72305e-05 0.00129689 0.00439116 0.00679378 0.0075025 -0.000929015 -0.00419705 0.0100685 0.012 -0.00871254 -0.00344991 -0.0200813 -0.000175352 0.00242846 0.0168565 0.0297674 0.0186654 0.0167259 0.0232992 0.00574276 0.0291893 0.0100263 -0.00484304 -0.0062986 0.00166545 -0.0102687 -0.0174295 -0.000347464 -0.00695452 0.0127119
internal_weight=2.04869e+06 267987 112123 91547 90170 155864 78984 18990 45579 59994 6348 8483 1.7807e+06 76880 12642 4557 11974 11255 7041 4214 5699 41022 36537 20576 6845 13731 7975 5756 4551 1534
internal_count=2048690 267987 112123 91547 90170 155864 78984 18990 45579 59994 6348 8483 1780703 76880 12642 4557 11974 11255 7041 4214 5699 41022 36537 20576 6845 13731 7975 5756 4551 1534
is_linear=0
shrinkage=0.05


Tree=56
num_leaves=31
num_cat=0
split_feature=18 0 16 10 1 13 1 15 18 0 18 15 18 1 15 15 14 5 15 10 13 15 1 15 10 13 1 15 15 10
split_gain=159.26 443.966 1203.84 715.702 583.083 451.178 635.319 438.818 539.39 390.238 376.876 370.322 458.146 544.074 344.224 322.187 290.174 517.895 408.503 276.289 270.141 270.03 286.204 447.951 263.615 424.442 473.636 246.137 238.532 218.361
threshold=0.89902176337507578 -0.5 139.76214412911665 222.50000000000003 0.37940952255126048 1.0000000180025095e-35 0.37940952255126048 3.5705244122965647 0.74083669161389376 1.0000000180025095e-35 0.89902176337507578 43.380749354005175 0.22117638494576694 -0.12940952255126037 94.006578947368425 0.82160537482319673 0.92016825471890729 101.50000000000001 161.24342105263159 28.500000000000004 7.2876732428628994 15.781221346048049 0.60355339059327384 0.46821976838136287 1.0000000180025095e-35 1.0000000180025095e-35 0.1294095225512602 161.24342105263159 27.850199401794619 3.5000000000000004
decision_type=10 2 10 2 2 2 2 8 10 2 8 10 10 2 10 8 2 2 10 2 2 10 2 8 2 2 2 10 8 2
left_child=1 2 5 16 -4 14 10 -8 29 -5 11 12 -7 -14 -1 -2 17 18 -3 21 -11 22 -18 -24 25 28 -27 -21 -17 -9
right_child=15 3 4 9 -6 6 7 8 -10 20 -12 -13 13 -15 -16 24 19 -19 -20 27 -22 -23 23 -25 -26 26 -28 -29 -30 -31
leaf_value=0 0 0 0.19637092477242965 0.033874658292563843 0.76846047087285729 0.019895748208474832 -0.0020421835330478822 0.21077939259384976 0.0095840584037087846 -0.11072320761134646 0.02091804187275122 0.067264380637028817 0.00047095878858688633 -0.078584924126530759 -0.02318351944107493 1.7627613962706059e-07 -1.7979460693359389e-08 0.00012288300784803972 -0.0057644695101342278 -0.04542793409194365 -1.8805493722051478 0.022523005790879284 0.0001005490718770419 -0.0036225401969875812 0 0.0013256603713031703 -6.3993322475570412e-05 0.076261008879173975 -0.034030991094575053 0.10842417582418558
leaf_weight=317219 23521 677567 13928 3508 6067 14910 4142 4261 9906 6406 407 20880 21336 13881 945 2557 32356 7469 752 52675 2848 14492 904 4771 766110 1475 829 4487 300 17781
leaf_count=317219 23521 677567 13928 3508 6067 14910 4142 4261 9906 6406 407 20880 21336 13881 945 2557 32356 7469 752 52675 2848 14492 904 4771 766110 1475 829 4487 300 17781
internal_value=-8.22965e-05 0.000268682 0.00153569 -0.000429949 0.0135259 0.000972472 0.00377288 0.00917983 0.011165 -0.0121768 0.00104041 0.000765417 -0.00156502 -0.0046753 2.62443e-05 -0.000636015 -0.000241492 0.000140422 -3.75929e-06 -0.00262935 -0.01756 -1.14236e-05 -0.0022245 -0.0125815 -0.000460214 0.0108022 -0.00516493 -0.00503481 0.0236787 0.0155204
internal_weight=2.04869e+06 1.2539e+06 445663 808235 19995 425668 107504 36090 31948 12762 71414 71007 50127 35217 318164 794792 795473 685788 678319 109685 9254 52523 38031 5675 771271 5161 2304 57162 2857 22042
internal_count=2048690 1253898 445663 808235 19995 425668 107504 36090 31948 12762 71414 71007 50127 35217 318164 794792 795473 685788 678319 109685 9254 52523 38031 5675 771271 5161 2304 57162 2857 22042
is_linear=0
shrinkage=0.05


Tree=57
num_leaves=31
num_cat=0
split_feature=18 0 16 8 1 16 14 1 17 18 9 17 15 17 14 6 15 12 16 12 3 13 1 12 1 1 6 14 17 15
split_gain=166.662 369.311 1107.15 546.445 527.587 398.766 859.318 648.045 609.767 542.954 424.41 385.937 319.632 314.851 312.055 540.21 408.514 350.987 308.428 308.136 507.699 573.112 659.248 290.376 284.833 254.2 281.032 253.123 243.815 244.346
threshold=0.89902176337507578 -0.5 139.76214412911665 325.50000000000006 0.37940952255126048 16.893650793650796 1.0000000180025095e-35 0.37940952255126048 106.00000000000001 0.73346203346203354 9.5000000000000018 82.500000000000014 0.82160537482319673 130.50000000000003 0.92016825471890729 101.50000000000001 161.24342105263159 36.083333333333336 7.0597803237334462 0.91666666666666685 -0.56174490092936669 1.0000000180025095e-35 0.37940952255126048 8.4166666666666696 0.25881904510252057 0.37940952255126048 1.5000000000000002 8.7662544210336062 32.500000000000007 8.8726781492738969
decision_type=10 2 10 2 2 10 2 2 10 10 2 10 8 10 2 2 10 2 10 2 2 2 2 2 2 2 2 2 10 10
left_child=1 2 5 14 -4 8 11 -8 10 -9 18 25 -2 -11 15 16 -3 27 -1 20 -14 -22 -23 -10 -5 26 -7 -16 29 -12
right_child=12 3 4 24 -6 6 7 9 23 13 28 -13 19 -15 17 -17 -18 -19 -20 -21 21 22 -24 -25 -26 -27 -28 -29 -30 -31
leaf_value=0 0 0 0.18655237853380813 -0.7437303634975827 0.7300374473292145 2.5432549730091868e-05 0.017339006714490297 0.19804653188735291 0.00010708984576595043 0.034697326159597357 -0.0030617297905321719 -0.0070899832393498024 -8.8138069813530296e-09 -0.098009207415939686 -9.590383810006078e-05 0.0004074766252551603 -0.0054762460346275167 -0.051518339705869859 4.5292234344842376e-06 0 1.6746233264570757e-07 0.0013223464757634198 -6.0723979985701774e-05 -0.042292782418178972 0.028839664788887023 -0.0055995045325671448 -0.0028565007323024267 0.0069102573191048653 -0.01381950193014847 4.7811718750000015e-06
leaf_weight=298177 23521 677584 13928 5380 6067 1243 47513 14949 853 7107 6223 4709 1127 2531 57585 8417 752 53744 24319 766784 1877 993 490 125 1509 1021 903 3264 4931 11064
leaf_count=298177 23521 677584 13928 5380 6067 1243 47513 14949 853 7107 6223 4709 1127 2531 57585 8417 752 53744 24319 766784 1877 993 490 125 1509 1021 903 3264 4931 11064
internal_value=-9.24737e-05 0.000266569 0.00142215 -0.000370622 0.0129207 0.000882025 0.00406372 0.0057767 0.000145939 0.0123663 3.40862e-05 -0.0116176 -0.000658915 0.00311268 -0.000250079 0.000152966 -3.24323e-06 -0.00266552 0.00049458 -0.000483812 0.0125808 0.0223214 -0.000910317 0.0395706 -0.0143925 0.00187875 0.0116496 -6.49148e-05 -0.00665001 -0.00385261
internal_weight=2.04869e+06 1.2539e+06 445663 808235 19995 425668 79976 72100 345692 24587 344714 7876 794792 9638 801346 686753 678336 114593 322496 771271 4487 3360 1483 978 6889 3167 2146 60849 22218 17287
internal_count=2048690 1253898 445663 808235 19995 425668 79976 72100 345692 24587 344714 7876 794792 9638 801346 686753 678336 114593 322496 771271 4487 3360 1483 978 6889 3167 2146 60849 22218 17287
is_linear=0
shrinkage=0.05


Tree=58
num_leaves=31
num_cat=0
split_feature=18 15 12 11 1 10 17 1 0 13 10 2 2 10 0 13 0 17 12 1 15 15 17 17 15 10 17 17 12 2
split_gain=153.911 328.63 386.336 323.851 831.725 314.684 292.083 560.45 236.559 218.265 201.439 190.923 201.909 171.602 163.505 669.793 819.074 481.262 421.535 361.844 340.55 305.248 289.064 504.682 280.819 280.318 278.884 272.385 267.338 241.063
threshold=0.67412127269698496 0.82160537482319673 0.91666666666666685 0.83333333333333337 0.37940952255126048 405.50000000000006 661.50000000000011 0.37940952255126048 -0.98296291314453399 11.185237245927743 -1.0000000180025095e-35 -0.60785761079279388 0.6078576107927941 1.0000000180025095e-35 -0.5 1.0000000180025095e-35 -0.98296291314453399 95.500000000000014 49.083333333333336 0.37940952255126048 161.24342105263159 1.857625482625483 133.50000000000003 99.500000000000014 51.448784722222229 58.500000000000007 95.500000000000014 564.00000000000011 16.083333333333339 -0.60785761079279388
decision_type=10 8 2 2 2 2 10 2 2 2 2 2 2 2 2 2 2 8 2 2 10 10 10 10 8 2 10 8 2 2
left_child=5 10 3 4 -3 6 14 8 -8 -10 -2 -5 13 -13 15 22 24 21 20 26 -16 -18 23 -1 28 -26 -19 -21 -17 -20
right_child=1 2 -4 11 -6 -7 7 -9 9 -11 -12 12 -14 -15 18 16 17 19 29 27 -22 -23 -24 -25 25 -27 -28 -29 -30 -31
leaf_value=0 0.0019363859121394257 0.0012591127972399693 0 1.5908921601342221e-07 -6.088744711019521e-05 -2.0215623697328575 -2.297994222997219 4.8797744573101998 0.63974454574461836 -1.0153407394325018 0 -8.3731166322853795e-09 1.5908921601342221e-07 4.406903490676515e-10 0 -0.00018569285392746622 -0.003619512708337476 0.019872139779113659 -0.22030856300230775 0.62733286218487772 -0.0052024337328961407 0.034438752882123343 -0.023436769497912298 9.9756656935092938e-05 0.48604737901493134 -0.26707434602307728 0.14728614851402694 -0.0030897886631446824 -0.33769655989993741 -0.032135149664016587
leaf_weight=302600 414 1230 915130 1276 639 1200 418 963 2195 746 24139 734 433 218 682723 5387 5351 397 5312 7617 829 42190 2973 1290 1233 1931 18692 145 3106 17179
leaf_count=302600 414 1230 915130 1276 639 1200 418 963 2195 746 24139 734 433 218 682723 5387 5351 397 5312 7617 829 42190 2973 1290 1233 1931 18692 145 3106 17179
internal_value=-0.000143433 -0.00061215 -0.000459735 0.014106 -0.00184591 0.000257271 0.000285105 0.0132578 0.00361715 0.00861952 -0.00632102 0.02531 0.0124549 -0.000420168 0.000234086 0.00105163 0.00495009 0.00688112 -0.000220879 0.0122323 7.31473e-07 0.00385877 -4.15495e-05 0.000110237 -0.00737325 0.00534134 0.00853109 0.0213347 -0.01211 -0.00695612
internal_weight=2.04869e+06 944213 919660 4530 1869 1.10448e+06 1.10328e+06 4322 3359 2941 24553 2661 1385 952 1.09896e+06 392912 86049 74392 706043 26851 683552 47541 306863 303890 11657 3164 19089 7762 8493 22491
internal_count=2048690 944213 919660 4530 1869 1104477 1103277 4322 3359 2941 24553 2661 1385 952 1098955 392912 86049 74392 706043 26851 683552 47541 306863 303890 11657 3164 19089 7762 8493 22491
is_linear=0
shrinkage=0.05


Tree=59
num_leaves=31
num_cat=0
split_feature=17 1 10 13 13 10 13 17 15 1 1 5 0 13 15 17 1 17 15 17 0 13 0 17 1 1 8 10 17 10
split_gain=152.021 906.065 578.868 515.105 392.521 218.3 398.494 478.075 409.531 318.872 311.451 273.801 230.875 458.353 322.239 352.275 486.3 694.484 578.743 882.789 731.729 458.909 339.42 391.04 307.958 688.852 288.702 271.652 217.298 215.497
threshold=394.00000000000006 0.37940952255126048 377.50000000000006 10.110446837511306 4.9440812476641245 63.500000000000007 2.4719640003162362 122.50000000000001 119.4578167819392 0.37940952255126048 0.25881904510252057 81.500000000000014 0.60355339059327384 0.64395055085937891 66.760874004492564 145.00000000000003 1.0000000180025095e-35 94.500000000000014 94.006578947368425 101.50000000000001 0.78656609248549325 1.0000000180025095e-35 0.78656609248549325 99.500000000000014 0.60355339059327384 0.25881904510252057 98.500000000000014 262.50000000000006 151.50000000000003 77.500000000000014
decision_type=10 2 2 2 2 2 2 10 10 2 2 2 2 2 10 10 2 10 10 10 2 2 2 10 2 2 2 2 10 2
left_child=5 2 -2 -3 -4 6 8 -8 -1 -10 -9 29 27 14 -14 16 17 -16 -18 20 -20 22 -19 26 25 28 -24 -13 -17 -7
right_child=1 3 4 -5 -6 11 7 10 9 -11 -12 12 13 -15 15 24 18 21 19 -21 -22 -23 23 -25 -26 -27 -28 -29 -30 -31
leaf_value=0 0.21808699574000812 0.020162912199664453 -0.033278297143538305 3.1811993007314099 -1.4320369297928766 -1.3326293250608998e-08 0.0025419895245236898 0.16093813011778649 -0.0011590238362374262 -0.020161556721038185 0.96360020750526632 0 2.5319957176157092e-07 -0.15956524435185795 -0.12096748770027901 0.027311709847368162 0 -0.00066459555259669554 7.7429190653507623e-07 -1.7831871071495066e-07 -5.978981755134958e-08 -0.095006198667284436 0.0012889294220678749 0.023229346395740341 -0.00010021623104502548 0.0020357910976039474 0.00023962440239388419 -0.00023618332140615215 -0.040981252737687081 -0.0039020938640038218
leaf_weight=1802586 7642 9649 7387 1677 3459 25559 21650 6201 1073 966 2611 82243 2044 13166 1111 1019 6845 1221 1156 4842 3497 1514 416 1060 3092 6113 1809 7912 5007 14163
leaf_count=1802586 7642 9649 7387 1677 3459 25559 21650 6201 1073 966 2611 82243 2044 13166 1111 1019 6845 1221 1156 4842 3497 1514 416 1060 3092 6113 1809 7912 5007 14163
internal_value=-0.000156612 0.00338767 -0.00343466 0.0145241 -0.0108611 -0.000208953 -4.44121e-05 0.00562668 -0.00014014 -0.0225356 0.0154448 -0.00185185 -0.000838499 -0.00342688 -0.000806214 -0.00182807 -0.00567083 0.00522367 -0.0104253 -0.018415 -0.0339673 0.0119269 0.019929 0.0282953 0.00409362 0.00768185 0.0402022 0.000709334 -0.00431464 -0.00552716
internal_weight=2.04869e+06 29814 18488 11326 10846 2.01888e+06 1.83509e+06 30462 1.80462e+06 2039 8812 183789 144067 53912 40746 38702 23471 7131 16340 9495 4653 6020 4506 3285 15231 12139 2225 90155 6026 39722
internal_count=2048690 29814 18488 11326 10846 2018876 1835087 30462 1804625 2039 8812 183789 144067 53912 40746 38702 23471 7131 16340 9495 4653 6020 4506 3285 15231 12139 2225 90155 6026 39722
is_linear=0
shrinkage=0.05


Tree=60
num_leaves=31
num_cat=0
split_feature=18 15 12 11 1 9 16 1 10 5 15 13 16 10 13 1 10 15 10 5 2 1 15 0 0 2 2 5 15 1
split_gain=111.374 362.789 376.686 322.296 832.875 283.582 263.018 399.928 283.782 510.196 331.139 253.141 234.595 302.535 462.258 244.938 204.181 279.219 295.758 275.053 229.563 295.983 202.155 313.053 197.851 193.091 192.951 187.269 175.858 332.006
threshold=0.66634491634491644 0.82160537482319673 0.91666666666666685 0.83333333333333337 0.37940952255126048 405.50000000000006 242.11883787661409 0.1294095225512602 104.50000000000001 102.50000000000001 174.74316334072435 12.823586447220416 72.063850923166527 49.500000000000007 2.4032561733691686 0.37940952255126048 11.500000000000002 16.206389452332662 25.500000000000004 15.500000000000002 -0.60785761079279388 0.1294095225512602 91.252636252636265 -0.98296291314453399 -1.0000000180025095e-35 -0.60785761079279388 0.6078576107927941 10.500000000000002 114.2995097126544 0.37940952255126048
decision_type=10 8 2 2 2 2 10 2 2 2 10 2 10 2 2 2 2 10 2 2 2 2 10 2 2 2 2 2 10 2
left_child=5 -2 3 4 -3 6 8 11 9 10 12 -8 16 14 28 -16 19 -18 -19 -1 21 -20 23 -15 -25 -5 -27 -26 -14 -30
right_child=1 2 -4 25 -6 -7 7 -9 -10 -11 -12 -13 13 22 15 -17 17 18 20 -21 -22 -23 -24 24 27 26 -28 -29 29 -31
leaf_value=0 0 0.0011961571573779709 0 1.5113475521275109e-07 -5.7843074754685455e-05 -2.0160870578868142 0.15252621077367393 2.4798276074191925 -0.16795824969388873 0.83182923550118137 -0.0036296810633074921 -1.7408340821275354 1.2100730778218505e-07 -0.92418651509430916 0.25577549066852517 1.2324867218942075 -0.00367911075196311 0.012932313686302552 -0.19856684712281047 0.145935876136919 -0.0023300867875181821 0.0078323317312643786 0.098217293683807494 0.040260373799192666 0.17637146340942653 -7.9544608006711091e-09 1.5113475521275109e-07 -0.12689356383579614 0.001934808420584983 -0.022011395464164859
leaf_weight=960208 24647 1239 926269 1281 647 1021 7047 2293 10093 1627 816 960 11416 918 4933 1661 27839 16830 4267 2813 19172 1778 3173 8452 184 961 439 4646 497 563
leaf_count=960208 24647 1239 926269 1281 647 1021 7047 2293 10093 1627 816 960 11416 918 4933 1661 27839 16830 4267 2813 19172 1778 3173 8452 184 961 439 4646 497 563
internal_value=-0.000107874 -0.000502207 -0.00034367 0.0139807 -0.00185578 0.00023678 0.000261402 0.00821359 0.000185694 0.000264277 0.000221741 0.00294118 0.000246037 0.00418873 0.00853697 0.0192448 0.000106931 -0.00250265 6.89704e-05 0.000296307 -0.00335686 -0.0118528 -0.00058424 -0.0031338 -0.00118205 0.0251212 0.0122857 -0.00925466 0.00287752 -0.0166038
internal_weight=2.04869e+06 955483 930836 4567 1886 1.09321e+06 1.09219e+06 10300 1.08189e+06 1.07179e+06 1.07017e+06 8007 1.06935e+06 36443 19070 6594 1.03291e+06 69886 42047 963021 25217 6045 17373 14200 13282 2681 1400 4830 12476 1060
internal_count=2048690 955483 930836 4567 1886 1093207 1092186 10300 1081886 1071793 1070166 8007 1069350 36443 19070 6594 1032907 69886 42047 963021 25217 6045 17373 14200 13282 2681 1400 4830 12476 1060
is_linear=0
shrinkage=0.05


Tree=61
num_leaves=31
num_cat=0
split_feature=15 12 0 14 14 0 0 15 5 5 5 1 15 10 5 1 1 15 13 0 14 2 1 0 5 0 1 10 15 7
split_gain=89.3688 705.354 249.846 886.838 821.393 648.157 531.176 507.436 529.773 489.673 450.885 403.949 387.519 376.197 364.217 310.927 322.163 783.81 299.996 289.754 288.678 274.26 268.146 258.129 250.232 249.11 313.071 438.278 243.732 239.944
threshold=9.1399428804569585 6.416666666666667 -0.37940952255126065 2.0982144614371934 1.0000000180025095e-35 -0.98296291314453399 -0.98296291314453399 27.850199401794619 89.500000000000014 19.500000000000004 -1.0000000180025095e-35 -0.5 73.564805681594024 13.500000000000002 296.50000000000006 0.37940952255126048 0.1294095225512602 39.615802304964546 12.270100694512839 -0.5 0.79012959837684982 -0.60785761079279388 0.37940952255126048 -0.60355339059327362 28.500000000000004 1.0000000180025095e-35 0.78656609248549303 149.50000000000003 22.703042328042333 78.500000000000014
decision_type=8 2 2 2 2 2 2 10 2 2 2 2 10 2 2 2 2 10 2 2 2 2 2 2 2 2 2 2 8 2
left_child=1 -1 4 11 5 24 -6 9 15 10 -7 12 -4 22 28 16 19 -18 -16 -9 29 -10 -8 -12 -2 -5 27 -27 -15 -14
right_child=2 -3 3 25 6 7 13 8 21 -11 23 -13 20 14 18 -17 17 -19 -20 -21 -22 -23 -24 -25 -26 26 -28 -29 -30 -31
leaf_value=0 0 0 0 -0.0009858616520634566 -0.039771157768355464 0 0.026212101763465657 -2.0496286181640633e-07 5.0503053338637097e-05 0 -5.9764648437500027e-10 0 0.0026829096132823848 -0.0024163640033850464 0.16055784624339786 -2.0496286181640633e-07 4.5762090131835951e-06 -0.005085028236482228 2.6721393356948395 0 0.026159129869635492 -0.00023759430800789966 0.12897355514110737 0 4.3371504194335949e-06 -0.036087417887272592 0.050974008466113864 -0.38403851401972172 0.026770216548580764 0.0025223555916305263
leaf_weight=1472675 3001 67605 47884 16620 17173 3020 12645 3986 819 6907 8658 201567 1235 19099 6591 4695 697 585 1167 1135 4747 3071 9389 2903 1609 30091 1908 15482 75297 6429
leaf_count=1472675 3001 67605 47884 16620 17173 3020 12645 3986 819 6907 8658 201567 1235 19099 6591 4695 697 585 1167 1135 4747 3071 9389 2903 1609 30091 1908 15482 75297 6429
internal_value=-0.000103725 -0.000293453 0.000471076 -0.000358169 0.00195262 -0.00427031 0.00376129 -0.00650291 -0.0135642 -0.00157762 -0.00677251 0.00093217 0.00452276 0.00490104 0.00362296 -0.0191296 -0.0119631 0.0104524 0.0140371 -0.0175747 0.0123963 0.00231362 0.0108265 -0.0112663 0.0133948 -0.0056294 -0.00747352 -0.00830426 0.00276707 0.0183977
internal_weight=2.04869e+06 1.54028e+06 508410 325963 182447 41086 141361 36476 14988 21488 14581 261862 60295 124188 102154 11098 6403 1282 7758 5121 12411 3890 22034 11561 4610 64101 47481 45573 94396 7664
internal_count=2048690 1540280 508410 325963 182447 41086 141361 36476 14988 21488 14581 261862 60295 124188 102154 11098 6403 1282 7758 5121 12411 3890 22034 11561 4610 64101 47481 45573 94396 7664
is_linear=0
shrinkage=0.05


Tree=62
num_leaves=31
num_cat=0
split_feature=15 12 16 0 14 17 1 15 17 5 16 5 0 14 1 9 13 9 11 16 16 15 9 0 1 9 5 1 1 12
split_gain=152.917 705.354 399.969 370.316 792.086 442.404 392.258 362.124 363.493 478.437 330.858 298.838 295.873 279.116 278.495 354.754 343.388 257.289 360.741 409.451 346.486 264.195 253.639 250.29 249.69 290.242 242.679 239.521 441.988 432.773
threshold=9.1399428804569585 6.416666666666667 17.644411330690666 -0.37940952255126065 2.0982144614371934 394.00000000000006 -0.5 73.564805681594024 86.500000000000014 83.500000000000014 17.644411330690666 2.5000000000000004 1.0000000180025095e-35 0.79012959837684982 0.60355339059327384 75.500000000000014 6.8958842066956336 14.500000000000002 0.83333333333333337 20.00179856115108 20.00179856115108 19.442072271386433 21.500000000000004 0.78656609248549325 0.1294095225512602 389.50000000000006 75.500000000000014 0.37940952255126048 0.25881904510252057 -1.0000000180025095e-35
decision_type=8 2 10 2 2 10 2 10 10 2 10 2 2 2 2 2 2 2 2 10 10 8 2 2 2 2 2 2 2 2
left_child=1 2 -1 5 6 17 7 8 9 -5 12 -6 -10 -9 15 -13 23 18 20 -20 -2 -19 -23 -17 -7 -26 -21 28 -4 -29
right_child=3 -3 27 4 11 24 -8 13 10 -11 -12 14 -14 -15 -16 16 -18 21 19 26 -22 22 -24 -25 25 -27 -28 29 -30 -31
leaf_value=0 0 0 2.6276329623932892e-05 0 0.0095904671782527547 0.15020689845245908 0 0.0024389019755876378 -3.0282003281896326e-05 0.0033248511314048958 -0.0013888762661639776 -0.019825525601075002 4.721321757644808e-05 0.024851173376153748 0.0023380886846837367 -0.09457227408532505 -1.0264874587231221 -5.6776416015625032e-10 2.9882324218750015e-11 0.23078996321295386 -0.0042105253557079038 1.1355283203125005e-08 1.0248143090820318e-08 -0.35231962444327591 2.052100141591128 0.12055700662509361 -0.2372027598173026 -0.0038729156143826413 -0.0031035763125352197 1.1495694239307579e-07
leaf_weight=1461895 4523 67605 7516 40953 1943 6075 201567 7664 136 575 5784 21027 436 4747 11599 17899 5929 20960 20530 10015 5835 7970 101328 5704 2560 2452 199 301 458 2505
leaf_count=1461895 4523 67605 7516 40953 1943 6075 201567 7664 136 575 5784 21027 436 4747 11599 17899 5929 20960 20530 10015 5835 7970 101328 5704 2560 2452 199 301 458 2505
internal_value=-4.52728e-05 -0.000293453 -6.42029e-05 0.000706615 -0.000302948 0.00251032 0.000916513 0.00445476 0.00248204 0.00418633 -0.00865324 -0.00528463 0.0276224 0.0120659 -0.00588822 -0.00749125 -0.0110253 0.00188405 0.00533307 0.00805198 -0.00273701 0.000795728 0.00178183 -0.00832309 0.01219 0.0204509 0.0162326 0.00953154 0.00511036 0.0220955
internal_weight=2.04869e+06 1.54028e+06 1.47268e+06 508410 325963 182447 261862 60295 47884 41528 6356 64101 572 12411 62158 50559 29532 171360 41102 30744 10358 130258 109298 23603 11087 5012 10214 10780 7974 2806
internal_count=2048690 1540280 1472675 508410 325963 182447 261862 60295 47884 41528 6356 64101 572 12411 62158 50559 29532 171360 41102 30744 10358 130258 109298 23603 11087 5012 10214 10780 7974 2806
is_linear=0
shrinkage=0.05


Tree=63
num_leaves=31
num_cat=0
split_feature=17 1 0 13 13 17 9 15 1 1 13 1 0 16 16 16 1 8 15 17 3 9 17 8 9 0 9 0 16 11
split_gain=111.774 743.039 472.408 442.183 345.239 183.19 178.237 184.493 370.217 634.097 254.873 214.012 203.772 197.836 176.2 168.997 144.475 136.83 118.834 117.563 115.779 109.855 108.548 113.643 100.11 96.2336 95.224 95.0268 93.9608 340.539
threshold=394.00000000000006 0.37940952255126048 -0.25881904510252113 9.0123182491253715 5.9625858719895239 501.50000000000006 218.50000000000003 248.97200598802399 0.60355339059327384 0.25881904510252057 1.0000000180025095e-35 0.37940952255126048 0.78656609248549325 260.18776959690621 242.11883787661409 242.11883787661409 1.0000000180025095e-35 523.50000000000011 370.7405956112853 284.00000000000006 1.0000000180025095e-35 284.50000000000006 288.50000000000006 252.50000000000003 592.50000000000011 -1.0000000180025095e-35 375.50000000000006 0.78656609248549325 106.22190737502679 1.0000000180025095e-35
decision_type=10 2 2 2 2 10 2 8 2 2 2 2 2 10 10 10 2 2 10 10 2 2 10 2 2 2 2 2 10 2
left_child=6 2 5 18 -4 -2 14 11 9 13 15 12 22 -9 28 -10 24 -5 -3 -13 -7 -15 23 -8 27 -12 -22 -6 -1 -30
right_child=1 3 4 17 16 20 7 8 10 -11 25 19 -14 21 -16 -17 -18 -19 -20 -21 26 -23 -24 -25 -26 -27 -28 -29 29 -31
leaf_value=0 0.52977760241536864 0.14325981418664532 -0.03076548917974083 3.1914546850917014 -1.1111449158645759 -0.10992462871560796 0.27676704936360724 -0.20222191779383625 0.0044990624844344594 0.0019399390427237502 -0.047482308720535972 -0.00010114291949277421 -0.41381637521635861 0.048600265380852437 0.26551173873091771 -9.5205419492774197e-05 0.88735632159040423 0.12870555932098765 0.0034082861126207248 0.055777548898680307 0.59789014193341572 -0.048890174333325702 -0.63936231657289833 -0.16857121807131842 -1.9180167737254785 0.019259401656598941 -0.10473933627090154 -2.0632980712165532 -0.0037527501570340498 0.0010292188109088829
leaf_weight=1934845 1415 1093 7720 1508 2464 3276 580 1356 496 2320 1877 1622 1347 2847 1997 2388 72 319 8406 497 1965 2593 1262 494 574 1491 663 339 2403 58461
leaf_count=1934845 1415 1093 7720 1508 2464 3276 580 1356 496 2320 1877 1622 1347 2847 1997 2388 72 319 8406 497 1965 2593 1262 494 574 1491 663 339 2403 58461
internal_value=-0.000100894 0.00293822 -0.00323994 0.0130231 -0.00970991 0.00663342 -0.000145774 -0.00470949 -0.00184149 0.00458534 -0.0112124 -0.0123061 -0.01959 -0.00311948 -9.74117e-05 -0.0221221 -0.0228617 0.0355501 0.00869039 0.000353941 0.00276084 0.00113971 -0.0106592 0.00102421 -0.0243559 -0.00187055 0.0105784 -0.0204602 -0.000112266 0.0018221
internal_weight=2.04869e+06 29814 18488 11326 11169 7319 2.01888e+06 21170 15368 9116 6252 5802 3683 6796 1.99771e+06 2884 3449 1827 9499 2119 5904 5440 2336 1074 3377 3368 2628 2803 1.99571e+06 60864
internal_count=2048690 29814 18488 11326 11169 7319 2018876 21170 15368 9116 6252 5802 3683 6796 1997706 2884 3449 1827 9499 2119 5904 5440 2336 1074 3377 3368 2628 2803 1995709 60864
is_linear=0
shrinkage=0.05


Tree=64
num_leaves=31
num_cat=0
split_feature=18 15 12 3 13 1 9 1 16 1 13 10 14 15 16 17 1 12 15 12 10 8 8 15 18 1 4 1 7 7
split_gain=129.973 356.96 376.991 350.645 582.194 649.848 254.69 221.02 214.125 390.176 240.367 234.76 358.54 314.01 237.923 233.088 222.759 614.8 334.716 386.089 217.106 209.804 191.076 177.557 251.413 242.379 172.955 171.87 253.528 228.479
threshold=0.66634491634491644 0.82160537482319673 0.91666666666666685 -0.56174490092936669 1.0000000180025095e-35 0.37940952255126048 425.50000000000006 0.37940952255126048 242.11883787661409 0.37940952255126048 12.741003187248593 104.50000000000001 15.006017247360806 174.74316334072435 72.063850923166527 661.50000000000011 0.37940952255126048 -0.91666666666666663 35.121519816573873 1.0000000180025095e-35 26.500000000000004 312.50000000000006 -1.0000000180025095e-35 29.004629629629633 0.29742913645352675 -0.60355339059327384 1.0000000180025095e-35 0.25881904510252057 1.0000000180025095e-35 1.0000000180025095e-35
decision_type=10 8 2 2 2 2 2 2 10 2 2 2 2 10 10 10 2 2 10 2 2 2 2 8 10 2 2 2 2 2
left_child=6 27 3 7 -5 -6 8 -3 11 10 -10 12 13 14 20 21 -16 -18 -19 -20 -1 -11 -15 -22 -25 -26 -27 28 -2 -29
right_child=1 2 -4 4 5 -7 -8 -9 9 15 -12 -13 -14 22 16 -17 17 18 19 -21 23 -23 -24 24 25 26 -28 29 -30 -31
leaf_value=0 0.0014591090183862991 8.1637887164782439e-10 0 1.4357801745211355e-07 0.0011334656542443518 -5.1751254893172663e-05 -2.0605158449117122 -7.5567377606375536e-09 0.17398144122141901 1.4414035683703788 -1.4515503002316887 -0.15010927902058682 0.14434760340567096 -0.0035651126491823473 0.0019909353111060872 4.1366761324233048 -0.022221161536858988 1.0920909527342199e-07 -0.01866674705192823 0.34145239155439633 -0.076221412386973497 -0.56047212184088213 0.78354427423813344 -0.063962913018346709 -0.046559510659532746 0.050871640602240809 -0.030954878224036822 -3.6311359198382234e-07 0 0
leaf_weight=1005230 2051 693 926269 1877 1028 506 774 463 7866 364 1175 10094 4277 620 29054 957 400 1500 310 3541 8566 184 214 1800 7070 6464 2747 667 16624 5305
leaf_count=1005230 2051 693 926269 1877 1028 506 774 463 7866 364 1175 10094 4277 620 29054 957 400 1500 310 3541 8566 184 214 1800 7070 6464 2747 667 16624 5305
internal_value=-0.000124519 -0.000550507 -0.000393249 0.0139369 0.0220023 -0.000847458 0.000247803 -0.00986159 0.000268117 0.00735824 0.00343435 0.000199004 0.000270481 0.000212596 0.000236575 0.0309302 0.00430254 0.0132933 0.017763 0.00995845 9.94305e-05 0.00492701 -0.0304556 -0.00435509 -0.00154582 0.000414594 0.00575942 -0.00648963 -0.00412851 -0.0138731
internal_weight=2.04869e+06 955483 930836 4567 3411 1534 1.09321e+06 1156 1.09243e+06 10546 9041 1.08189e+06 1.07179e+06 1.06752e+06 1.06668e+06 1505 34805 5751 5351 3851 1.03188e+06 548 834 26647 18081 16281 9211 24647 18675 5972
internal_count=2048690 955483 930836 4567 3411 1534 1093207 1156 1092433 10546 9041 1081887 1071793 1067516 1066682 1505 34805 5751 5351 3851 1031877 548 834 26647 18081 16281 9211 24647 18675 5972
is_linear=0
shrinkage=0.05


Tree=65
num_leaves=31
num_cat=0
split_feature=10 15 15 1 11 15 17 3 0 17 13 0 1 13 17 17 10 0 11 9 15 17 15 15 8 7 1 1 15 17
split_gain=92.5151 380.574 367.952 372.718 241.729 202.546 179.236 896.174 169.012 836.568 354.011 394.303 265.905 508.609 271.564 268.133 225.825 223.432 253.515 218.555 195.711 220.871 432.17 226.573 280.271 229.746 194.239 192.818 255.019 170.244
threshold=1.0000000180025095e-35 0.82160537482319673 119.4578167819392 0.37940952255126048 0.83333333333333337 0.82160537482319673 1.5000000000000002 -0.56174490092936669 -0.60355339059327362 149.50000000000003 1.0950140852533554 0.25881904510252091 0.37940952255126048 7.1954126026849909 150.50000000000003 151.50000000000003 149.50000000000003 0.78656609248549325 674.16666666666674 592.50000000000011 98.995145631067984 79.500000000000014 59.109821428571429 35.121519816573873 32.500000000000007 74.500000000000014 0.1294095225512602 0.1294095225512602 114.2995097126544 252.50000000000003
decision_type=2 8 10 2 2 8 10 2 2 10 2 2 2 2 10 10 2 2 2 2 10 10 10 8 2 2 2 2 10 10
left_child=2 -2 4 -4 -1 -6 7 -7 9 20 -10 -12 14 15 -11 -14 29 19 -19 -18 21 22 -3 24 26 -25 -23 28 -22 -13
right_child=1 8 3 -5 5 6 -8 -9 10 12 11 16 13 -15 -16 -17 17 18 -20 -21 27 23 -24 25 -26 -27 -28 -29 -30 -31
leaf_value=0 0 0 -0.0011097223231584059 -0.016931934251329921 0 -7.1789008726056748e-09 0.0062428914709832389 1.3639911657950786e-07 0 0.21123273365045511 -0.00090691617108377943 -0.032017300422328088 -0.11175505679725424 1.68650018419165 0.079313909691198392 0.16243778274740495 -0.10518530236322809 -0.60490672225245945 0.61906533830965227 -0.8995177424114873 -0.01194850325544522 -0.043842427460606917 -0.0033722507289899988 0.094077742458998304 -0.11190006742136026 3.268703446430027e-05 0.39312824480820341 -0.040693844463794655 0.1206648628074819 0.80560545084211665
leaf_weight=850797 32875 256018 1253 971 2565 485 12876 1443 732365 1240 43552 27584 846 2414 21998 6293 8208 4838 174 756 675 2086 2197 14623 2617 12486 1518 1601 689 647
leaf_count=850797 32875 256018 1253 971 2565 485 12876 1443 732365 1240 43552 27584 846 2414 21998 6293 8208 4838 174 756 675 2086 2197 14623 2617 12486 1518 1601 689 647
internal_value=-0.000133354 -0.000422134 0.000257586 -0.020054 0.000309618 0.00614889 0.00839638 0.0226141 -0.0002699 0.000690343 -0.000654057 -0.00369349 0.00826599 0.0152884 0.00537912 0.00857963 -0.00713744 -0.0123354 -0.0207901 -0.00760821 -0.000153136 -2.31525e-05 -0.000517592 0.00380738 -0.00479826 0.00578221 0.00424528 -0.0129342 0.000879765 -0.00456413
internal_weight=2.04869e+06 1.1783e+06 870390 2224 868166 17369 14804 1928 1.14542e+06 327301 818124 85759 32791 9553 23238 7139 42207 13976 5012 8964 294510 291545 258215 33330 6221 27109 3604 2965 1364 28231
internal_count=2048690 1178300 870390 2224 868166 17369 14804 1928 1145425 327301 818124 85759 32791 9553 23238 7139 42207 13976 5012 8964 294510 291545 258215 33330 6221 27109 3604 2965 1364 28231
is_linear=0
shrinkage=0.05


Tree=66
num_leaves=31
num_cat=0
split_feature=18 15 12 3 13 1 1 17 1 13 10 14 15 10 5 5 5 13 17 10 13 17 1 15 15 0 15 16 0 0
split_gain=118.177 388.337 373.094 349.464 585.091 657.286 221.755 178.116 385.738 275.639 266.104 230.277 370.606 300.356 300.014 244.471 201.262 179.609 177.858 179.154 274.42 483.38 408.19 366.611 230.664 256.733 204.426 362.068 472.616 273.732
threshold=0.56386978083506645 0.82160537482319673 0.91666666666666685 -0.56174490092936669 1.0000000180025095e-35 0.37940952255126048 0.37940952255126048 320.00000000000006 0.37940952255126048 11.87900505741065 99.500000000000014 9.4839040413618676 161.24342105263159 44.500000000000007 76.500000000000014 16.500000000000004 23.500000000000004 3.6204065448697627 151.50000000000003 11.500000000000002 1.0000000180025095e-35 1.0000000180025095e-35 0.37940952255126048 6.9196774193548398 16.672646822204346 0.25881904510252091 22.703042328042333 34.620725727361894 0.91597561503675362 -0.98296291314453399
decision_type=10 8 2 2 2 2 2 10 2 2 2 2 10 2 2 2 2 2 10 2 2 10 2 10 10 2 10 8 2 2
left_child=7 -2 3 6 -5 -6 -3 10 9 -9 11 12 18 16 15 -15 -13 -12 19 20 26 22 -22 -23 -21 -26 -1 -28 29 -29
right_child=1 2 -4 4 5 -7 -8 8 -10 -11 17 13 -14 14 -16 -17 -18 -19 -20 24 21 23 -24 -25 25 -27 27 28 -30 -31
leaf_value=0 0 7.7555992806543316e-10 0 1.2957916075053247e-07 0.0010767923715321341 -4.916369214851403e-05 -6.8199558289753907e-09 0.2897460573197263 3.3846526897682114 -1.2523423881028126 0.0029528065477752753 0.0024143030428418698 -0.0025402603041567336 0.04448499338132629 0.9800292397532453 -0.410565640916838 0.85280859706098378 -0.53693494892464189 1.1525946066253125e-07 -0.0056170264331942762 0.019491417459467853 -3.3174199178671812e-06 -0.0029352992299874481 0.04206467497444865 0.023982562735176936 -0.023181722176094495 0 3.0603990444338955 0.0022214782895891086 -0.003995718363621505
leaf_weight=883746 24986 705 969045 1877 1057 511 464 5664 923 1396 2399 2301 964 1350 842 2500 2269 3647 15235 21874 900 38397 128 24884 24736 8293 3344 166 465 3622
leaf_count=883746 24986 705 969045 1877 1057 511 464 5664 923 1396 2399 2301 964 1350 842 2500 2269 3647 15235 21874 900 38397 128 24884 24736 8293 3344 166 465 3622
internal_value=-0.000125397 -0.000514798 -0.00035685 0.0138275 0.0218433 -0.000701531 -0.0097947 0.000244942 0.00768508 0.00371105 0.000187945 0.000248983 0.000178183 0.0080976 -0.000788576 -0.0067013 0.017221 -0.0102713 0.000207304 0.000126465 0.000286035 0.00344042 0.0374514 0.00288791 -0.00265104 -1.36244e-05 5.84511e-05 -0.00810846 -0.0177874 -0.0236272
internal_weight=2.04869e+06 998645 973659 4614 3445 1568 1169 1.05004e+06 7983 7060 1.04206e+06 1.03602e+06 1.02675e+06 9262 4692 3850 4570 6046 1.02579e+06 1.01056e+06 955652 64309 1028 63281 54903 33029 891343 7597 4253 3788
internal_count=2048690 998645 973659 4614 3445 1568 1169 1050045 7983 7060 1042062 1036016 1026754 9262 4692 3850 4570 6046 1025790 1010555 955652 64309 1028 63281 54903 33029 891343 7597 4253 3788
is_linear=0
shrinkage=0.05


Tree=67
num_leaves=31
num_cat=0
split_feature=18 15 12 13 1 2 2 10 1 11 11 5 14 1 16 15 1 0 0 5 16 0 14 16 12 10 5 15 10 11
split_gain=123.146 388.337 373.094 315.654 866.104 199.51 218.448 194.144 170.256 249.403 204.613 180.027 129.491 640.262 474.463 432.587 324.861 252.162 320.464 450.239 244.126 232.371 204.981 199.625 192.797 179.183 184.182 143.946 286.614 170.909
threshold=0.56386978083506645 0.82160537482319673 0.91666666666666685 1.0000000180025095e-35 0.37940952255126048 -0.60785761079279388 0.6078576107927941 1.0000000180025095e-35 0.25881904510252057 0.83333333333333337 0.83333333333333337 7.5000000000000009 1.585470348223504 0.37940952255126048 65.869337472111752 119.4578167819392 0.37940952255126048 -0.98296291314453399 1.0000000180025095e-35 2.5000000000000004 22.594959805373389 0.91597561503675362 5.0235554341667843 82.593488072211485 16.916666666666668 5.5000000000000009 18.500000000000004 53.504901960784316 76.500000000000014 22.166666666666668
decision_type=10 8 2 2 2 2 2 2 2 2 2 2 2 2 10 10 2 2 2 2 10 2 2 10 2 2 2 10 2 2
left_child=12 8 3 5 -5 -3 7 -7 10 -10 -2 -12 15 17 25 -1 23 27 20 24 -19 22 -21 -17 -20 -15 -27 29 -29 -14
right_child=1 2 -4 4 -6 6 -8 -9 9 -11 11 -13 13 14 -16 16 -18 18 19 21 -22 -23 -24 -25 -26 26 -28 28 -30 -31
leaf_value=0 0.0013455056663175279 1.2310020271300584e-07 0 0.0010261969721291877 -4.9905173664866847e-05 -6.4789580375266213e-09 1.2310020271300584e-07 7.3678193166216157e-10 -3.4495791238463119e-07 0 0 0.00011236378831434201 -0.018213567025728062 0.094221080214013361 0.90609235999698667 0.0052202903005631367 -0.015885551620582347 -0.0026095133811768773 0.00030264191440382651 -0.030851474576012745 0.086031577921205291 0.09767823709873423 -0.24584997161591221 -0.0094770264647830588 0.055532340769675226 -0.00026815282695315603 0.10826457485544827 0.671135926474276 -1.0423530365933087 -0.68726555719402183
leaf_weight=958618 2422 1254 969045 1404 685 657 398 216 762 5356 15056 1390 3016 3247 5552 216 934 9925 3358 11440 31253 1531 7515 766 549 6006 2478 1215 1139 1287
leaf_count=958618 2422 1254 969045 1404 685 657 398 216 762 5356 15056 1390 3016 3247 5552 216 934 9925 3358 11440 31253 1531 7515 766 549 6006 2478 1215 1139 1287
internal_value=-0.000117294 -0.000514798 -0.00035685 0.0138275 -0.000550503 0.0257228 0.0117624 -0.00223368 -0.00666974 -0.0139179 -0.00431948 -0.00631765 0.000260751 0.00207963 0.0107244 9.12513e-05 -0.023643 1.1076e-05 0.000952403 -0.00358914 0.00364272 -0.0065557 -0.00806911 -0.00356415 0.0119657 0.00502515 0.00120226 -0.00926093 0.000679694 -0.014699
internal_weight=2.04869e+06 998645 973659 4614 2089 2525 1271 873 24986 6118 18868 16446 1.05004e+06 89511 17283 960534 1916 72228 65571 24393 41178 20486 18955 982 3907 11731 8484 6657 2354 4303
internal_count=2048690 998645 973659 4614 2089 2525 1271 873 24986 6118 18868 16446 1050045 89511 17283 960534 1916 72228 65571 24393 41178 20486 18955 982 3907 11731 8484 6657 2354 4303
is_linear=0
shrinkage=0.05


Tree=68
num_leaves=31
num_cat=0
split_feature=18 15 12 3 11 10 0 0 10 17 10 0 5 15 17 9 10 5 8 10 5 17 0 16 14 15 0 15 16 0
split_gain=118.273 445.179 373.094 349.464 549.416 185.182 182.398 184.527 178.725 165.666 312.974 241.504 198.228 300.068 189.612 185.502 153.611 184.238 163.376 148.341 194.117 142.585 346.332 647.041 481.42 281.48 263.902 198.866 193.197 184.575
threshold=0.56386978083506645 0.82160537482319673 0.91666666666666685 -0.56174490092936669 0.83333333333333337 1.0000000180025095e-35 -0.70710678118654735 -0.9159756150367534 -1.0000000180025095e-35 320.00000000000006 104.50000000000001 1.0000000180025095e-35 98.500000000000014 161.24342105263159 151.50000000000003 -1.0000000180025095e-35 83.500000000000014 53.500000000000007 40.500000000000007 53.500000000000007 16.500000000000004 95.500000000000014 -0.37940952255126065 16.893650793650796 1.0000000180025095e-35 -0.99693251533742322 -1.0000000180025095e-35 81.763768115942042 18.419328569054347 -0.98296291314453399
decision_type=10 8 2 2 2 2 2 2 2 10 2 2 2 10 10 2 2 2 2 2 2 10 2 10 2 8 2 10 8 2
left_child=9 -2 3 5 6 8 7 -5 -3 10 12 -11 13 14 19 -15 17 18 -16 21 -21 -1 23 -23 27 26 -24 -25 -28 -26
right_child=1 2 -4 4 -6 -7 -8 -9 -10 11 -12 -13 -14 15 16 -17 -18 -19 -20 20 -22 22 25 24 29 -27 28 -29 -30 -31
leaf_value=0 0 0.0015726142606620947 0 0.00085810922864638689 1.1694519257735554e-07 6.9994283507905353e-10 0.00097164290434906806 -4.4210248857844988e-05 -6.9534417551166023e-09 0.49703071292854184 -0.21801795204613691 -0.4828236492936222 0.65745314835500501 -0.0016189697079197797 1.0253900005154226e-07 0.55263994090666224 -0.19560551112419367 0.34343677421913155 -0.048082527444867657 0.079258386109299972 -0.12277415122757054 9.4768824088338284e-05 0.00010708984576595043 -0.0022731119800912269 -0.064489488362812875 1.0300529028105139e-07 -2.4849061882341094e-06 -0.024351997420853273 0.0001733184496860187 0.2224491288561021
leaf_weight=985735 24986 94 969045 199 2001 368 793 452 707 6685 5406 1298 1307 722 9967 296 1828 3717 2578 647 7221 1033 139 2235 968 7288 1175 397 105 9298
leaf_count=985735 24986 94 969045 199 2001 368 793 452 707 6685 5406 1298 1307 722 9967 296 1828 3717 2578 647 7221 1033 139 2235 968 7288 1175 397 105 9298
internal_value=-0.000136404 -0.000525963 -0.00035685 0.0138275 0.0218433 -0.0097947 -0.00166205 -0.021275 -0.0232834 0.000234085 0.000179116 0.0074095 0.000241691 0.000217125 0.000243829 -0.0269155 0.00531786 0.00686262 0.00396572 0.000153507 -0.00668531 0.000206868 0.00413022 0.00901945 0.00596992 -0.00369243 -0.0240662 -0.0131079 -0.0311719 0.0108611
internal_weight=2.04869e+06 998645 973659 4614 3445 1169 1444 651 801 1.05004e+06 1.04206e+06 7983 1.03666e+06 1.03535e+06 1.03433e+06 1018 18090 16262 12545 1.01624e+06 7868 1.00837e+06 22638 13931 12898 8707 1419 2632 1280 10266
internal_count=2048690 998645 973659 4614 3445 1169 1444 651 801 1050045 1042062 7983 1036656 1035349 1034331 1018 18090 16262 12545 1016241 7868 1008373 22638 13931 12898 8707 1419 2632 1280 10266
is_linear=0
shrinkage=0.05


Tree=69
num_leaves=31
num_cat=0
split_feature=18 15 12 13 1 2 2 10 7 17 1 10 13 5 15 17 1 17 9 1 11 11 0 10 5 17 1 0 18 13
split_gain=118.068 444.895 349.645 295.986 866.104 223.652 242.595 217.521 151.416 145.075 363.577 265.733 239.72 186.036 304.354 183.294 287.105 285.113 180.207 136.737 251.05 169.045 136.192 129.87 169.372 132.68 380.87 225.333 545.018 419.746
threshold=0.56386978083506645 0.82160537482319673 0.91666666666666685 1.0000000180025095e-35 0.37940952255126048 -0.60785761079279388 0.6078576107927941 1.0000000180025095e-35 -1.0000000180025095e-35 320.00000000000006 0.37940952255126048 104.50000000000001 14.321692300493835 98.500000000000014 161.24342105263159 151.50000000000003 0.37940952255126048 226.50000000000003 -1.0000000180025095e-35 0.25881904510252057 0.83333333333333337 0.83333333333333337 0.91597561503675362 51.500000000000007 13.500000000000002 95.500000000000014 0.98296291314453421 -0.37940952255126065 -0.0088569976146717216 1.0000000180025095e-35
decision_type=10 8 2 2 2 2 2 2 2 10 2 2 2 2 10 10 2 10 2 2 2 2 2 2 2 10 2 2 10 2
left_child=9 8 3 5 -5 -3 7 -7 -2 11 12 13 -11 14 15 23 -17 -18 -16 21 -21 22 -10 25 -25 -1 27 28 -27 -30
right_child=1 2 -4 4 -6 6 -8 -9 19 10 -12 -13 -14 -15 18 16 17 -19 -20 20 -22 -23 -24 24 -26 26 -28 -29 29 -31
leaf_value=0 0.0061021662475515921 1.1109793294848776e-07 0 0.00092630497830527509 -4.5199402538731256e-05 -5.8073380478944594e-09 1.1109793294848776e-07 6.6494569332510083e-10 0.0012782303830016514 0.24634424040196132 3.1452639016335233 -0.20711705444383011 -1.6221174797450808 0.62458049093725487 -0.0015380212225237907 0.0012150403628549624 1.0436953762682757e-07 -0.015819919183956196 0.52500794386132899 -3.2771001676539969e-07 0 0 -8.1702440534284654e-05 0.069431842713609318 -0.10512792011830362 9.0030382883921376e-05 -0.023176601674646871 -2.3405153587750003e-06 -0.0062569173160078656 0.18062017195427549
leaf_weight=985429 204 1254 969045 1404 685 657 398 216 2250 6051 923 5406 1009 1307 722 13734 3218 1138 296 758 5341 16317 116 632 8051 1169 446 8038 3054 9422
leaf_count=985429 204 1254 969045 1404 685 657 398 216 2250 6051 923 5406 1009 1307 722 13734 3218 1138 296 758 5341 16317 116 632 8051 1169 446 8038 3054 9422
internal_value=-0.000138845 -0.000528066 -0.000359007 0.0133723 -0.000550503 0.0248911 0.0101101 -0.00463918 -0.00711598 0.000231323 0.00694601 0.000179884 0.00308782 0.000237543 0.000213744 0.000240639 0.00522941 0.0164141 -0.027112 -0.00746913 -0.0139695 -0.00534711 0.00714286 0.000151834 -0.00593689 0.000204306 0.00403317 0.00497394 0.00888604 0.00582719
internal_weight=2.04869e+06 998645 973659 4614 2089 2525 1271 873 24986 1.05004e+06 7983 1.04206e+06 7060 1.03666e+06 1.03535e+06 1.03433e+06 18090 4356 1018 24782 6099 18683 2366 1.01624e+06 8683 1.00756e+06 22129 21683 13645 12476
internal_count=2048690 998645 973659 4614 2089 2525 1271 873 24986 1050045 7983 1042062 7060 1036656 1035349 1034331 18090 4356 1018 24782 6099 18683 2366 1016241 8683 1007558 22129 21683 13645 12476
is_linear=0
shrinkage=0.05


Tree=70
num_leaves=31
num_cat=0
split_feature=18 15 7 1 11 11 0 16 1 5 15 13 15 14 5 10 5 5 13 16 15 14 15 10 5 5 1 13 14 0
split_gain=128.691 444.895 151.416 136.737 251.05 169.045 136.192 118.391 475.456 412.847 231.908 214.169 419.185 243.67 184.74 161.603 188.626 216.94 209.935 157.198 256.203 156.123 155.935 155 181.217 150.674 142.864 137.155 126.557 153.578
threshold=0.56386978083506645 0.82160537482319673 -1.0000000180025095e-35 0.25881904510252057 0.83333333333333337 0.83333333333333337 0.91597561503675362 72.063850923166527 0.37940952255126048 -1.0000000180025095e-35 174.74316334072435 4.9777156621411853 35.121519816573873 0.71627013171810361 11.500000000000002 75.500000000000014 21.500000000000004 117.50000000000001 12.101409307696569 94.64108455882355 7.9096352749047369 16.038578301684314 22.703042328042333 24.500000000000004 20.500000000000004 4.5000000000000009 0.25881904510252057 3.756446776551098 1.6201341443438058 1.0000000180025095e-35
decision_type=10 8 2 2 2 2 2 10 2 2 10 2 10 2 2 2 2 2 2 10 10 2 10 2 2 2 2 2 2 2
left_child=7 2 -2 5 -5 6 -4 23 15 10 -10 12 19 -14 -13 22 -17 27 -19 21 -21 -11 26 24 -1 -25 -9 -18 29 -24
right_child=1 -3 3 4 -6 -7 -8 8 9 11 -12 14 13 -15 -16 16 17 18 -20 20 -22 -23 28 25 -26 -27 -28 -29 -30 -31
leaf_value=0 0.0057970579351740124 0 0.0012143188638515689 -3.1132451592712968e-07 0 0 -7.7617318507570415e-05 -0.0013111604841235089 -0.020319118390741263 8.7640240592705832e-08 5.3763682712811489e-05 -0.195035316972619 -0.016606450873856198 0.31350797945254555 1.2557098110172624 0.19907862694563133 -0.058856035899628539 0.15638162997838925 -1.5149423808905542 -0.096734764068584791 1.5884640318705945 -0.020840243165178275 -0.02227357204801313 0.0043193371336579618 0.052369397786973672 -0.041455227223467173 -0.0031087071705295471 -0.55670809090537543 0.12400050282458529 0.001151004659167049
leaf_weight=977408 204 973659 2250 758 5341 16317 116 5550 436 992 398 119 744 2042 2686 391 3411 6748 1207 153 205 73 3047 1638 6095 18750 164 3853 12165 1770
leaf_count=977408 204 973659 2250 758 5341 16317 116 5550 436 992 398 119 744 2042 2686 391 3411 6748 1207 153 205 73 3047 1638 6095 18750 164 3853 12165 1770
internal_value=-0.000121712 -0.000528066 -0.00711598 -0.00746913 -0.0139695 -0.00534711 0.00714286 0.000264751 0.00274082 0.0139526 -0.0193046 0.017907 0.0107745 -0.000502513 0.0286096 0.000443795 -0.00347213 -0.00435311 0.00135135 0.0328531 0.00418994 0.0424883 0.00313712 0.000150913 0.000240365 -0.00416421 -0.0040077 -0.0106002 0.00554116 -0.00131825
internal_weight=2.04869e+06 998645 24986 24782 6099 18683 2366 1.05004e+06 46154 7848 834 7014 4209 2786 2805 38306 15610 15219 7955 1423 358 1065 22696 1.00389e+06 983503 20388 5714 7264 16982 4817
internal_count=2048690 998645 24986 24782 6099 18683 2366 1050045 46154 7848 834 7014 4209 2786 2805 38306 15610 15219 7955 1423 358 1065 22696 1003891 983503 20388 5714 7264 16982 4817
is_linear=0
shrinkage=0.05


Tree=71
num_leaves=31
num_cat=0
split_feature=9 15 15 11 9 9 5 0 14 15 14 0 1 14 2 1 0 16 17 17 1 14 15 0 17 5 0 16 17 5
split_gain=89.2661 458.45 156.327 568.593 324.691 195.602 371.7 345.027 485.034 318.799 297.192 445.03 425.808 242.887 220.613 232.836 208.171 307.975 188.158 413.79 220.907 946.812 662.319 691.379 1314.36 408.327 458.558 503.369 362.542 343.954
threshold=1.0000000180025095e-35 0.82160537482319673 9.1399428804569585 6.5000000000000009 9.5000000000000018 90.500000000000014 91.500000000000014 -0.60355339059327362 14.453469394817541 99.012987012987026 2.7411368307772812 0.78656609248549325 -0.70710678118654757 0.95011807466920095 -0.60785761079279388 0.78656609248549303 0.37940952255126054 90.362050739957724 150.50000000000003 163.50000000000003 1.0000000180025095e-35 1.0000000180025095e-35 94.006578947368425 0.78656609248549325 114.50000000000001 98.500000000000014 0.78656609248549325 84.285221143473578 101.50000000000001 101.50000000000001
decision_type=2 8 10 2 2 2 2 2 2 10 2 2 2 2 2 2 2 10 10 10 2 2 10 2 10 2 2 10 10 2
left_child=-1 -2 3 -3 -4 9 -7 8 -8 -6 12 14 13 16 15 -12 17 -9 20 -20 21 25 -22 -24 -25 -14 27 -27 -28 -29
right_child=1 2 4 -5 5 6 7 10 -10 -11 11 -13 18 -15 -16 -17 -18 -19 19 -21 22 -23 23 24 -26 26 28 29 -30 -31
leaf_value=0 0 0 0.015509294876661712 0 0 -0.082984439662899395 0.0024280881623736346 -0.251700022166229 1.1365278115622048 0.26406336205987396 -0.38929780108187578 -0.5850930092686677 -0.064720767811565313 0.012061294393607636 -0.0092960355557677229 0.0070817577034637987 0.0022742927132696181 0.0083681651478061427 0.075801297892908681 -8.3241928304103846e-05 3.3124552660027475e-09 -0.13868558927399627 0 -5.6800326673782109e-08 -1.6940277517920311e-07 0.003527830141999084 0.00022764318227418997 -0.00087942865332776897 0.022093849978201359 0.014016544870087813
leaf_weight=870386 31892 608996 22003 64497 294004 6862 26704 984 2801 4456 5542 4501 554 4535 18772 2898 1501 2914 2670 32465 7266 3975 15142 3616 4982 354 1826 567 884 141
leaf_count=870386 31892 608996 22003 64497 294004 6862 26704 984 2801 4456 5542 4501 554 4535 18772 2898 1501 2914 2670 32465 7266 3975 15142 3616 4982 354 1826 567 884 141
internal_value=-0.000122981 -0.000406644 -0.000242147 -0.000731411 0.000454623 0.000165219 -0.00129185 -0.000755869 0.00407219 0.000909502 -0.00198296 -0.00610948 -0.000431995 0.00929132 -0.00370057 -0.0104147 0.0164568 0.0103643 -0.00172953 0.000929273 -0.00410614 0.00313818 -0.0060456 -0.0100885 -0.021412 0.019325 0.0252121 -0.00263653 0.0361255 -0.0269774
internal_weight=2.04869e+06 1.1783e+06 1.14641e+06 673493 472919 450916 152456 145594 29505 298460 116089 31713 84376 9934 27212 8440 5399 3898 74442 35135 39307 8301 31006 23740 8598 4326 3772 1062 2710 708
internal_count=2048690 1178304 1146412 673493 472919 450916 152456 145594 29505 298460 116089 31713 84376 9934 27212 8440 5399 3898 74442 35135 39307 8301 31006 23740 8598 4326 3772 1062 2710 708
is_linear=0
shrinkage=0.05


Tree=72
num_leaves=31
num_cat=0
split_feature=18 15 12 3 13 1 10 17 1 18 16 16 15 13 15 1 2 1 8 12 1 11 11 16 10 15 16 11 1 18
split_gain=136.843 444.029 352.383 390.257 584.761 654.158 208.537 165.854 502.454 374.594 704.191 429.555 403.433 558.374 309.819 303.872 206.594 208.488 189.923 164.651 154.253 249.643 187.857 140.325 175.172 179.713 133.932 119.04 117.911 116.165
threshold=0.55175492610837451 0.82160537482319673 0.91666666666666685 -0.56174490092936669 1.0000000180025095e-35 0.37940952255126048 1.0000000180025095e-35 97.500000000000014 0.37940952255126048 -1.0000000180025095e-35 15.278781333539966 49.062289225015867 35.121519816573873 2.107525783562807 174.74316334072435 0.91597561503675351 -0.60785761079279388 0.1294095225512602 52.500000000000007 1.0000000180025095e-35 0.25881904510252057 0.83333333333333337 0.83333333333333337 274.83347327686926 55.500000000000007 98.995145631067984 94.64108455882355 0.83333333333333337 0.25881904510252057 -0.0044176316045538575
decision_type=10 8 2 2 2 2 2 10 2 10 8 10 10 2 10 2 2 2 2 2 2 2 2 8 2 10 10 2 2 10
left_child=7 20 3 6 -5 -6 -3 -1 16 11 -11 -10 15 19 -13 -12 17 18 -9 -14 22 -22 -2 24 -15 -26 27 -17 -19 -18
right_child=1 2 -4 4 5 -7 -8 8 9 10 12 14 13 23 -16 26 29 28 -20 -21 21 -23 -24 -25 25 -27 -28 -29 -30 -31
leaf_value=0 0.0011171600333823779 -5.5169711454997361e-09 0 1.0554303630106337e-07 0.00087674551021635079 -3.9739766288016175e-05 6.316984086588457e-10 -2.2436351108836545e-06 8.7507560282285262e-05 -2.3549074890662363e-06 2.2820708695635784e-07 -0.02272194567190533 -0.015065876934809989 0.77223715872143583 5.1075498577170917e-05 9.2193573167623768e-08 6.3789159023272749e-05 0.50048043809709364 -0.4493479294812967 -0.019609001417492136 -2.9575829013077319e-07 0 0 3.2981380481726852 -0.65909649462119657 0.75757901393109217 -0.091898025865155553 -0.12473240745108601 -0.0030091543546088536 0.003099592354353036
leaf_weight=985902 2422 801 974785 1877 1059 512 368 6768 1311 529 2560 789 335 2019 398 831 2628 1302 4584 1856 762 5387 16479 787 627 686 118 122 244 29842
leaf_count=985902 2422 801 974785 1877 1059 512 368 6768 1311 529 2560 789 335 2019 398 831 2628 1302 4584 1856 762 5387 16479 787 627 686 118 122 244 29842
internal_value=-0.000157686 -0.000574343 -0.000406217 0.0133745 0.0218387 -0.000668364 -0.0115911 0.000243096 0.00283358 0.011513 0.0156638 -0.00588471 0.0186551 0.0110143 -0.0276748 0.0319334 0.000352671 -0.00500078 -0.00734672 -0.00937928 -0.0071477 -0.0140267 -0.00490979 0.0218621 0.017377 0.0031607 0.00957049 0.0157922 0.0122251 0.00247921
internal_weight=2.04869e+06 1.00445e+06 979402 4617 3448 1571 1169 1.04424e+06 58336 12968 10470 2498 9941 6310 1187 3631 45368 12898 11352 2191 25050 6149 18901 4119 3332 1313 1071 953 1546 32470
internal_count=2048690 1004452 979402 4617 3448 1571 1169 1044238 58336 12968 10470 2498 9941 6310 1187 3631 45368 12898 11352 2191 25050 6149 18901 4119 3332 1313 1071 953 1546 32470
is_linear=0
shrinkage=0.05


Tree=73
num_leaves=31
num_cat=0
split_feature=18 16 10 12 12 3 10 5 10 0 16 10 13 18 0 16 13 10 0 0 13 0 14 0 12 16 11 14 0 5
split_gain=130.262 161.24 214.166 146.631 122.902 154.646 172.072 118.014 241.602 182.396 169.058 166.201 186.593 500.157 215.929 233.29 162.475 335.756 237.802 156.005 135.875 116.876 121.736 120.148 218.63 162.368 114.248 110.143 110.076 109.983
threshold=0.55175492610837451 0.76325809475733764 -1.0000000180025095e-35 0.91666666666666685 0.41666666666666669 -0.56174490092936669 1.0000000180025095e-35 121.50000000000001 99.500000000000014 1.0000000180025095e-35 73.44835993263294 12.500000000000002 1.0000000180025095e-35 0.55175492610837451 0.91597561503675362 20.00179856115108 0.64395055085937891 43.500000000000007 -0.25881904510252113 -0.98296291314453399 3.3495889939662065 -1.0000000180025095e-35 1.0000000180025095e-35 0.78656609248549325 1.0000000180025095e-35 97.501456421092811 -1.0000000180025095e-35 16.493264274600243 -0.37940952255126065 78.500000000000014
decision_type=10 8 2 2 2 2 2 2 2 2 10 2 2 8 2 10 2 2 2 2 2 2 2 2 2 10 2 2 2 2
left_child=7 2 -2 4 -3 6 -6 8 10 19 11 12 -1 14 15 26 21 18 -18 -9 -10 22 -12 24 -23 -25 -14 -11 -17 -19
right_child=1 3 -4 -5 5 -7 -8 9 20 27 16 -13 13 -15 -16 28 17 29 -20 -21 -22 23 -24 25 -26 -27 -28 -29 -30 -31
leaf_value=0 0.0015680907438089154 -2.9912605522342568e-07 0 0 -5.2411225882247496e-09 1.002658844860102e-07 6.001134882259035e-10 -1.1983883097742343 0.0023817977583840862 0.081945331551602871 -0.01185779229126945 -0.0034653469672519411 -0.0034443294405982574 0.018516846586494461 0.07232767672621114 0.11245418101685534 0.4489714017130923 -0.024252861625867442 -0.021041277860003614 0.46984188679209898 -0.53164835388726628 7.1847874215252647e-08 0.0064849055959438212 7.1847874215252647e-08 -0.016595048062541591 -0.0076865805997478253 3.3792095519790521e-05 -1.5726964683804803 -0.0024041297820730756 0.27922193719996946
leaf_weight=891361 798 1135 25329 972890 548 3216 536 618 1528 857 2579 44843 225 1028 3592 7369 7741 9876 1659 6042 2966 1756 2892 866 744 559 49895 803 2096 2343
leaf_count=891361 798 1135 25329 972890 548 3216 536 618 1528 857 2579 44843 225 1028 3592 7369 7741 9876 1659 6042 2966 1756 2892 866 744 559 49895 803 2096 2343
internal_value=-0.000168327 -0.000574841 -0.00445133 -0.000471316 0.00771849 0.0115814 -0.00475092 0.000222698 0.000175062 0.00615385 0.000225465 0.000112754 0.000252364 0.0028557 0.00229276 0.00157506 0.00386103 0.00624682 0.0133511 0.00984985 -0.011393 -0.00162835 -0.00635167 0.00495541 0.01156 -0.00663158 0.000215483 -0.0086747 0.00877443 0.00078157
internal_weight=2.04869e+06 1.00445e+06 26127 978325 5435 4300 1084 1.04424e+06 1.03592e+06 8320 1.03142e+06 1.00041e+06 955566 64205 63177 59585 31015 21619 9400 6660 4494 9396 5471 3925 2500 1425 50120 1660 9465 12219
internal_count=2048690 1004452 26127 978325 5435 4300 1084 1044238 1035918 8320 1031424 1000409 955566 64205 63177 59585 31015 21619 9400 6660 4494 9396 5471 3925 2500 1425 50120 1660 9465 12219
is_linear=0
shrinkage=0.05


Tree=74
num_leaves=31
num_cat=0
split_feature=10 15 13 15 16 16 1 1 16 1 8 15 0 17 15 1 17 0 17 15 6 10 16 1 17 0 1 11 10 15
split_gain=117.098 477.226 175.026 161.182 275.409 247.274 931.592 333.079 264.739 234.446 385.306 395.339 336.459 240.374 214.91 210.609 251.086 209.617 173.426 158.552 528.268 393.818 324.445 284.008 181.547 157.514 161.389 154.222 246.147 403.669
threshold=1.0000000180025095e-35 0.82160537482319673 1.9702113754102264 24.621665582303191 29.152777777777782 42.169281845186099 0.37940952255126048 0.25881904510252057 94.64108455882355 0.37940952255126048 -1.0000000180025095e-35 161.24342105263159 -0.70710678118654735 100.50000000000001 174.74316334072435 0.98296291314453421 187.50000000000003 -0.98296291314453399 46.500000000000007 12.035098522167489 5.5000000000000009 20.500000000000004 19.62627092533635 -0.60355339059327384 14.500000000000002 -0.37940952255126065 0.1294095225512602 24.166666666666668 91.500000000000014 79.492990654205627
decision_type=2 8 2 10 8 10 2 2 10 2 2 10 2 10 10 2 10 2 10 10 2 2 10 2 10 2 2 2 2 10
left_child=2 -2 3 5 -5 -1 7 -7 15 10 11 12 -6 17 -11 -8 -17 -12 -14 20 -3 22 23 -21 -25 26 -24 -23 29 -29
right_child=1 19 -4 4 9 6 8 -9 -10 14 13 -13 18 -15 -16 16 -18 -19 -20 21 -22 27 25 24 -26 -27 -28 28 -30 -31
leaf_value=0 0 0 0.016514053825147403 0 -0.034701557990622647 6.4248454616534787e-07 8.7740706397668307e-08 -0.0031082550221144326 -0.091460403360051901 -0.017548284588993022 3.9573789783605458 -0.010032057676569915 -1.400842292632404e-06 -0.00036445594395278049 4.8518131254601614e-05 -0.034386233159405061 8.8783288395322817e-06 -0.0037713870867015285 0.0012758603876514096 2.8388208007812518e-11 0 -5.6110708423616825e-06 0.052433602201505114 0 0 0 0.15322640696194015 0 -5.3960310340093007e-08 0.00047127908535657485
leaf_weight=850525 32875 599946 4369 2423 402 3401 1818 369 169 1634 96 330 83 1364 395 132 153 1604 1123 13579 112604 21918 8122 1602 44685 6735 5767 153693 149539 27235
leaf_count=850525 32875 599946 4369 2423 402 3401 1818 369 169 1634 96 330 83 1364 395 132 153 1604 1123 13579 112604 21918 8122 1602 44685 6735 5767 153693 149539 27235
internal_value=-0.000179651 -0.00050454 0.000260171 0.00020981 -0.00628305 0.000281472 0.0103608 -0.00488064 0.0356514 -0.0112928 -0.00547781 0.0119711 0.0222015 -0.0165144 -0.0256284 0.0404898 0.000526316 -0.0290588 0.0354063 -0.000334068 -0.000792576 0.000420676 0.00357622 0.00171299 -0.000152311 0.00898468 0.0120275 -0.000300098 -3.07141e-05 0.00120987
internal_weight=2.04869e+06 1.1783e+06 870390 866021 9454 856567 6042 3770 2272 7031 5002 1938 1608 3064 2029 2103 285 1700 1206 1.14542e+06 712550 432875 80490 59866 46287 20624 13889 352385 330467 180928
internal_count=2048690 1178300 870390 866021 9454 856567 6042 3770 2272 7031 5002 1938 1608 3064 2029 2103 285 1700 1206 1145425 712550 432875 80490 59866 46287 20624 13889 352385 330467 180928
is_linear=0
shrinkage=0.05


Tree=75
num_leaves=31
num_cat=0
split_feature=17 12 0 16 17 15 15 16 0 16 0 15 5 12 16 0 14 17 16 12 0 16 10 11 0 0 14 17 0 17
split_gain=152.356 335.406 400.92 287.641 207.361 247.682 154.889 213.231 155.291 153.344 358.837 135.928 264.106 179.675 146.697 140.396 440.441 123.832 121.069 116.127 115.4 112.204 130.553 107.511 104.748 299.964 299.773 138.442 166.445 117.067
threshold=23.500000000000004 2.9166666666666674 0.60355339059327384 9.8129297642436164 10.500000000000002 12.035098522167489 19.442072271386433 14.740400140400142 -0.37940952255126065 19.62627092533635 -0.78656609248549292 10.435599078341015 14.500000000000002 9.0833333333333339 3.9349703999033472 -0.9159756150367534 1.0000000180025095e-35 21.500000000000004 16.266113416320888 17.083333333333339 -0.98296291314453399 19.62627092533635 12.500000000000002 6.8333333333333348 -0.37940952255126065 -0.70710678118654735 1.0000000180025095e-35 17.500000000000004 1.0000000180025095e-35 16.500000000000004
decision_type=8 2 2 10 10 10 8 8 2 10 2 10 2 2 10 2 2 10 10 2 2 10 2 2 2 2 2 10 2 10
left_child=1 -1 6 -4 -5 21 11 -8 9 10 -9 13 17 14 -3 16 20 -13 19 -7 -15 22 -6 -16 25 -14 29 -26 -29 -27
right_child=-2 2 3 4 5 18 7 8 -10 -11 -12 12 24 15 23 -17 -18 -19 -20 -21 -22 -23 -24 -25 27 26 -28 28 -30 -31
leaf_value=0 0 0 0 0 0 0 0 1.0787519042968755e-08 0 -0.002621680677839416 -5.6918357055664093e-10 0 -5.3937595214843776e-10 4.5421117871337903e-06 0 0 -0.049945447387330415 -0.0022573172819583824 0 0 4.5421132812500012e-06 0.001072436232490331 -0.048627464643554962 0 0 2.8388208007812518e-11 -0.00063035266741761264 -9.5623437500000016e-05 0 2.696879760742189e-11
leaf_weight=694968 1178035 19070 32648 2385 2010 8102 1743 259 2029 675 418 11011 5751 737 23373 18626 2599 2250 3564 1930 1614 174 1237 20770 4627 675 1589 2078 3096 647
leaf_count=694968 1178035 19070 32648 2385 2010 8102 1743 259 2029 675 418 11011 5751 737 23373 18626 2599 2250 3564 1930 1614 174 1237 20770 4627 675 1589 2078 3096 647
internal_value=-0.000171158 -0.000672712 -0.00262455 0.00105668 0.00587826 0.00394312 -0.00417432 -0.0126854 -0.0200089 -0.0331361 -0.016322 -0.00380633 -0.00100555 -0.00483011 -0.00344075 -0.00855531 -0.00107071 0.0043775 0.00696896 0.0041567 0.0146108 -0.00808243 -0.0101786 -0.0018576 -0.00487191 -0.000865851 0.0122123 -0.00841241 -0.00279281 0.0298033
internal_weight=2.04869e+06 870655 175687 52050 19402 17017 123637 5124 3381 1352 677 118513 31724 86789 63213 23576 4950 13261 13596 10032 2351 3421 3247 44143 18463 8662 2911 9801 5174 1322
internal_count=2048690 870655 175687 52050 19402 17017 123637 5124 3381 1352 677 118513 31724 86789 63213 23576 4950 13261 13596 10032 2351 3421 3247 44143 18463 8662 2911 9801 5174 1322
is_linear=0
shrinkage=0.05


Tree=76
num_leaves=31
num_cat=0
split_feature=17 12 0 16 18 0 15 17 17 1 16 1 7 18 1 0 0 7 12 0 15 0 17 15 16 13 16 5 8 9
split_gain=140.402 289.616 395.679 318.311 302.265 246.377 237.063 201.466 195.537 489.929 193.385 247.359 174.357 161.668 157.274 582.394 395.183 176.62 230.633 155.054 355.468 337.426 289.895 255.757 240.365 191.697 191.569 151.032 148.085 147.958
threshold=23.500000000000004 2.9166666666666674 0.60355339059327384 9.8129297642436164 0.93957648776925906 -0.98296291314453399 10.435599078341015 21.500000000000004 10.500000000000002 1.0000000180025095e-35 16.266113416320888 1.0000000180025095e-35 7.5000000000000009 0.99930651872399456 0.1294095225512602 -0.9159756150367534 -0.37940952255126065 4.5000000000000009 17.083333333333339 -0.70710678118654735 19.442072271386433 -0.5 17.500000000000004 9.1399428804569585 8.2560739806641461 1.0000000180025095e-35 19.62627092533635 17.500000000000004 5.5000000000000009 14.500000000000002
decision_type=8 2 2 10 10 2 10 10 10 2 10 2 2 10 2 2 2 2 2 2 8 2 10 10 10 2 10 2 2 2
left_child=1 -1 4 -4 6 27 12 -8 9 -5 -10 13 -3 -12 19 17 29 -16 -19 22 21 23 24 -21 -7 -26 -24 28 -6 -17
right_child=-2 2 3 8 5 14 7 -9 10 -11 11 -13 -14 -15 15 16 -18 18 -20 20 -22 -23 26 -25 25 -27 -28 -29 -30 -31
leaf_value=0 0 0 0 0.001072436232490331 0 0 5.4552612669587395e-05 -0.00098706185145509178 0 0 0.0011269888437405078 0 -0.00077058809256319008 0.001072436232490331 0 -1.4941162109375008e-12 0 4.5540662109375005e-06 -0.007525444354810994 0 -1.4194104003906261e-12 0 1.0248143090820318e-08 2.8388208007812512e-11 -2.3903020554199229e-07 0.0014015906567849564 -0.0024905852886642418 -0.092532455950269099 4.5421132812500012e-06 -5.1240715454101582e-10
leaf_weight=694968 1178035 36360 32648 1017 388 1781 14652 3527 13050 1368 478 2281 25183 1208 250 4863 13681 1494 326 931 1312 10264 741 1024 1868 152 274 540 1586 2440
leaf_count=694968 1178035 36360 32648 1017 388 1781 14652 3527 13050 1368 478 2281 25183 1208 250 4863 13681 1494 326 931 1312 10264 741 1024 1868 152 274 540 1586 2440
internal_value=-0.000156319 -0.000637796 -0.00245152 0.00120557 -0.00399112 -0.0073221 -0.00215624 0.00286044 0.0062777 0.0196855 0.00439854 0.014066 -0.00363811 0.0285884 -0.00824497 -0.00549579 -0.0079918 0.0198068 0.0252198 -0.0116995 -0.00895721 -0.00630166 -0.0194041 0.0127366 -0.0257432 -0.0375495 0.00433498 0.00787589 0.0142857 -0.0173833
internal_weight=2.04869e+06 870655 175687 52050 123637 43915 79722 18179 19402 2385 17017 3967 61543 1686 41401 23054 20984 2070 1820 18347 13531 12219 4816 1955 3801 2020 1015 2514 1974 7303
internal_count=2048690 870655 175687 52050 123637 43915 79722 18179 19402 2385 17017 3967 61543 1686 41401 23054 20984 2070 1820 18347 13531 12219 4816 1955 3801 2020 1015 2514 1974 7303
is_linear=0
shrinkage=0.05


Tree=77
num_leaves=31
num_cat=0
split_feature=15 11 14 10 0 17 14 1 1 5 0 10 17 17 13 17 17 1 17 0 5 2 14 15 15 1 15 17 15 17
split_gain=102.445 338.716 305.572 259.428 281.133 424.318 387.124 754.096 451.657 391.124 349.011 370.396 274.858 306.75 274.209 288.86 273.955 273.51 253.262 238.103 235.971 232.214 249.481 240.687 206.896 358.287 297.919 195.796 191.784 393.716
threshold=12.44362849818415 10.16666666666667 1.0000000180025095e-35 37.500000000000007 -0.70710678118654735 394.00000000000006 1.0335936864527377 -0.78656609248549325 1.0000000180025095e-35 73.500000000000014 0.78656609248549325 590.50000000000011 79.500000000000014 94.500000000000014 2.4719640003162362 95.500000000000014 84.500000000000014 0.37940952255126048 107.50000000000001 0.37940952255126054 692.50000000000011 -0.60785761079279388 4.9902681131612852 90.168918918918934 91.252636252636265 0.37940952255126048 174.74316334072435 74.500000000000014 127.26232394366198 150.50000000000003
decision_type=8 2 2 2 2 10 2 2 2 2 2 2 10 10 2 10 10 2 10 2 2 2 2 10 10 2 10 10 8 10
left_child=1 18 -3 14 5 12 7 9 10 -6 11 21 27 -14 24 -16 -11 -7 -1 -18 28 22 -8 -23 -2 -26 -27 -5 29 -12
right_child=3 2 -4 4 6 17 8 -9 -10 16 20 -13 13 -15 15 -17 19 -19 -20 -21 -22 23 -24 -25 25 26 -28 -29 -30 -31
leaf_value=0 0 0 -0.026403480995582342 -0.0055601882745107897 -0.0070166041626692341 0.23104084049005033 -0.027880943495820668 0 0.0079612851845991036 0.0029787464169855147 -0.13155434220270174 -1.3485715628979307 0.013119323155180962 0.00018437219045384267 0.0072911306037558412 0.34222598936090959 0.0024381808163341126 1.028850643297017 6.7460838895369232e-08 0.0021605807756216538 0.61715590039239543 -0.051381405817795225 -0.41359746313563284 0.04408514031221307 0.00028923548363924279 -0.019709451865258201 4.6092224691871532e-05 -0.0025713258467322921 -0.46430140303469153 1.0190187256095971
leaf_weight=1537836 172524 15672 28832 5357 3767 4748 8424 106496 27871 1786 5819 781 8236 34121 8071 7469 5267 2458 6034 1830 196 19819 6299 17525 2083 1121 403 1803 5504 538
leaf_count=1537836 172524 15672 28832 5357 3767 4748 8424 106496 27871 1786 5819 781 8236 34121 8071 7469 5267 2458 6034 1830 196 19819 6299 17525 2083 1121 403 1803 5504 538
internal_value=-3.12395e-05 -0.000221579 -0.00452207 0.000625549 -0.000377078 0.00274933 -0.00121389 0.000671865 -0.00363564 0.0122134 -0.00592173 -0.00417045 0.00109962 0.00263121 0.00203082 0.00839768 0.0179388 0.0140855 -9.76118e-05 0.0135339 -0.0135979 -0.00365779 -0.00897575 -0.00156116 0.00146908 -0.0103826 -0.0288058 -0.00796089 -0.0144971 -0.00858109
internal_weight=2.04869e+06 1.58837e+06 44504 460316 268645 56723 211922 119146 92776 12650 64905 52848 49517 42357 191671 15540 8883 7206 1.54387e+06 7097 12057 52067 14723 37344 176131 3607 1524 7160 11861 6357
internal_count=2048690 1588374 44504 460316 268645 56723 211922 119146 92776 12650 64905 52848 49517 42357 191671 15540 8883 7206 1543870 7097 12057 52067 14723 37344 176131 3607 1524 7160 11861 6357
is_linear=0
shrinkage=0.05


Tree=78
num_leaves=31
num_cat=0
split_feature=18 18 1 17 16 16 10 16 16 12 18 1 1 16 12 17 5 10 1 16 17 17 12 1 1 17 12 16 17 17
split_gain=80.9115 112.045 101.865 148.596 354.715 184.648 238.401 282.694 171.729 150.809 116.43 214.782 172.773 210.009 284.749 240.901 176.705 162.294 159.509 159.396 228.484 172.55 157.862 149.022 144.68 184.184 131.444 228.527 196.109 323.819
threshold=0.15685731431473021 -0.015043290043290041 0.60355339059327384 187.50000000000003 60.155048076923087 1.0000000180025095e-35 8.5000000000000018 92.338146833786382 114.57821418863823 1.0000000180025095e-35 -0.0044176316045538575 0.37940952255126048 1.0000000180025095e-35 27.538466925797533 1.4166666666666667 100.50000000000001 1.5000000000000002 1.5000000000000002 -0.78656609248549325 44.38433667781495 64.500000000000014 90.500000000000014 -0.41666666666666657 0.25881904510252057 -0.12940952255126037 92.500000000000014 1.0000000180025095e-35 0.8959418886198548 19.500000000000004 23.500000000000004
decision_type=8 10 2 10 8 8 2 10 10 2 10 2 2 10 2 10 2 2 2 10 10 10 2 2 2 10 2 10 10 10
left_child=1 -1 10 4 -4 -5 7 -7 -9 -6 11 -3 13 26 15 18 22 -18 19 20 -15 -21 -14 -24 -20 -26 28 -28 -12 -30
right_child=-2 2 3 5 9 6 -8 8 -10 -11 12 -13 16 14 -16 -17 17 -19 24 21 -22 -23 23 -25 25 -27 27 -29 29 -31
leaf_value=0 0 6.0599701072109119e-05 0 -2.2405351565576929e-06 -0.014362325052501164 6.049540323983814e-08 -0.044924534726679913 -0.032173582574233604 4.3787613457277956e-05 0.0034532319888723375 0 -4.0033224005409604e-06 -0.0078050243173474546 -0.0011533306338367276 0.010026580583589502 -0.00020836840585699038 0.43776876227344297 0.084900310415793934 -0.0039234603073434104 -0.00053616338946929317 0.00036287369445693612 -0.00061289828627538075 4.7682820282342378e-06 0 3.8599544800123797 -0.019551656814076196 -1.8876074218750011e-08 4.302762262760026e-06 0 0
leaf_weight=88212 1833419 3568 24611 207 779 894 419 239 393 287 15128 470 256 429 9896 3205 972 3330 1473 525 266 627 9661 12468 122 214 4872 23061 2888 5799
leaf_count=88212 1833419 3568 24611 207 779 894 419 239 393 287 15128 470 256 429 9896 3205 972 3330 1473 525 266 627 9661 12468 122 214 4872 23061 2888 5799
internal_value=-1.16416e-05 0.00090537 0.00185583 -0.000817493 -0.00187522 0.011803 0.016581 0.0257536 0.000158228 -0.0301126 0.00260556 0.0109212 0.00225282 0.00092329 -0.00394164 -0.0117694 0.00566568 0.0149465 -0.0205416 -0.0102057 0.00870504 -0.0216146 0.00388206 0.00433368 -0.0310945 -0.0014881 0.00249865 0.00017184 0.0052278 -0.000759756
internal_weight=2.04869e+06 215271 127059 27829 25677 2152 1945 1526 632 1066 99230 4038 95192 68505 16757 6861 26687 4302 3656 1847 695 1152 22385 22129 1809 336 51748 27933 23815 8687
internal_count=2048690 215271 127059 27829 25677 2152 1945 1526 632 1066 99230 4038 95192 68505 16757 6861 26687 4302 3656 1847 695 1152 22385 22129 1809 336 51748 27933 23815 8687
is_linear=0
shrinkage=0.05


Tree=79
num_leaves=31
num_cat=0
split_feature=15 10 13 16 1 13 18 1 6 15 0 18 1 15 18 12 17 10 0 16 0 10 11 17 10 16 18 0 8 0
split_gain=102.349 260.545 233.425 298.732 230.495 595.652 577.736 1866.77 449.057 835.185 341.757 307.322 267.894 240.92 223.767 553.338 890.815 743.846 450.003 291.015 959.448 665.546 991.77 661.716 423.445 416.458 291.045 592.083 421.569 334.289
threshold=12.44362849818415 37.500000000000007 2.4719640003162362 70.227907405544954 0.37940952255126048 8.4918236151132742 0.99930651872399456 1.0000000180025095e-35 111.50000000000001 98.995145631067984 0.25881904510252091 0.80870695256660186 1.0000000180025095e-35 114.2995097126544 0.95883349809348972 90.083333333333357 94.500000000000014 89.500000000000014 -1.0000000180025095e-35 97.501456421092811 0.37940952255126054 98.500000000000014 99.166666666666671 100.50000000000001 473.50000000000006 86.287348790322596 0.99930651872399456 0.37940952255126054 100.50000000000001 0.78656609248549325
decision_type=8 2 2 10 2 2 10 2 2 10 2 10 2 8 10 2 10 2 2 10 2 2 2 10 2 10 10 2 2 2
left_child=-1 2 -2 -4 6 14 10 -8 9 -9 -3 13 -12 -7 -6 17 -17 18 -16 20 21 -18 -23 25 26 -22 29 28 -28 -21
right_child=1 4 3 -5 5 11 7 8 -10 -11 12 -13 -14 -15 15 16 19 -19 -20 24 23 22 -24 -25 -26 -27 27 -29 -30 -31
leaf_value=0 0 -0.00037664784307431037 0.014592825891198792 0.48695833393886834 2.8620424185849417e-05 -0.050118789404031354 0.0020525517368405713 -1.2659978588078546e-08 0.00041412631509311687 -5.1262294823088352e-08 -0.067237882299232207 -0.046828257648681461 0 1.6700989724699189 -0.0010185687314998692 5.8448480197072604e-09 -6.3551089803050288e-08 -2.3563954267828742e-05 0 -9.1920979087413304e-05 -6.3551089803050288e-08 2.6980155170046504e-09 2.4257129402796656e-07 2.4796370439712615e-07 0.0019063709999505266 8.4307340460883553e-07 -2.2654661626705083e-05 -5.1262294823088352e-08 -0.00050127840550638029 0.0018471068850182848
leaf_weight=1588374 176131 67105 10373 5167 59337 497 12038 3073 2014 1811 54176 996 19786 2220 3280 2823 1637 1304 7690 7994 2075 2461 1779 1226 4422 692 1603 3490 1558 1558
leaf_count=1588374 176131 67105 10373 5167 59337 497 12038 3073 2014 1811 54176 996 19786 2220 3280 2823 1637 1304 7690 7994 2075 2461 1779 1226 4422 692 1603 3490 1558 1558
internal_value=-6.26498e-05 0.000593831 0.00200213 0.00787645 -0.000410951 0.00136641 -0.00161778 0.0065827 -0.0141563 -0.0223485 -0.00271857 0.0210477 -0.00506273 0.0297571 0.000669977 -0.00196416 0.00137913 -0.0110396 -0.00679581 -0.00110838 0.00595238 0.0188021 0.0292571 -0.0129602 -0.00448727 -0.0265089 -0.00822996 -0.0162607 -0.0319361 -0.00263819
internal_weight=2.04869e+06 460316 191671 15540 268645 108642 160003 18936 6898 4884 141067 3713 73962 2717 104929 45592 33318 12274 10970 30495 9870 5877 4240 3993 20625 2767 16203 6651 3161 9552
internal_count=2048690 460316 191671 15540 268645 108642 160003 18936 6898 4884 141067 3713 73962 2717 104929 45592 33318 12274 10970 30495 9870 5877 4240 3993 20625 2767 16203 6651 3161 9552
is_linear=0
shrinkage=0.05


Tree=80
num_leaves=31
num_cat=0
split_feature=10 5 0 14 15 17 14 17 17 14 15 18 10 0 6 5 15 10 16 0 18 15 0 14 18 18 16 17 15 17
split_gain=123.169 626.142 530.389 502.748 707.106 395.62 362.878 355.663 352.983 488.848 446.771 271.904 361.383 260.229 249.682 231.88 230.72 414.48 702.339 1051.02 660.81 565.094 346.506 540.999 237.981 199.536 191.572 271.034 219.207 194.284
threshold=85.500000000000014 90.500000000000014 0.60355339059327384 1.0000000180025095e-35 35.121519816573873 94.500000000000014 1.0000000180025095e-35 151.50000000000003 145.00000000000003 1.7037491494287642 94.006578947368425 0.99004950495049515 91.500000000000014 0.78656609248549325 136.50000000000003 53.500000000000007 96.43167701863355 100.50000000000001 97.501456421092811 0.25881904510252091 0.80870695256660186 98.995145631067984 0.25881904510252091 1.0000000180025095e-35 0.99402380952380964 0.99930651872399456 106.22190737502679 140.50000000000003 122.87655841157459 150.50000000000003
decision_type=2 2 2 2 10 10 2 10 10 2 10 10 2 2 2 2 8 2 10 2 10 8 2 2 10 10 8 10 8 10
left_child=7 3 5 4 -2 6 -3 -1 10 14 11 12 -4 -13 -10 -9 -7 18 22 20 -20 -22 23 -18 26 -6 27 28 -19 -29
right_child=1 2 8 -5 25 16 -8 15 9 -11 -12 13 -14 -15 -16 -17 17 24 19 -21 21 -23 -24 -25 -26 -27 -28 29 -30 -31
leaf_value=0 0.0021791145182819258 1.260973151433763e-06 0.0041252431493431808 -0.022226163327588856 -0.00027598436834988256 -7.0221166223505057e-05 3.9617569689451033e-05 6.049540323983814e-08 0.054059919275940164 -0.22354117772804091 -4.869918008193393e-08 2.306738007073406e-07 -1.9096174558187312e-06 5.5526056187218974e-09 0.00047936883722709081 0.32186137171258311 2.5631147411544181e-09 -1.8004283386254545e-05 0.24056563893856744 0.0016313505262360935 0.0053807463800875774 -2.1713885328034686e-05 1.2192773463676065e-06 0.0040434090983431648 -0.00014228127206935342 -2.2385756554437306e-05 0.022807490834696686 -0.17866047596103007 0.039883390223908445 -0.027992207047377527
leaf_weight=1862313 442 1063 807 12520 2401 15801 998 13766 1995 9927 15810 604 4074 2153 20546 5834 2555 2120 1253 1159 424 1847 1243 964 4703 1690 53457 1629 1062 3530
leaf_count=1862313 442 1063 807 12520 2401 15801 998 13766 1995 9927 15810 604 4074 2153 20546 5834 2555 2120 1253 1159 424 1847 1243 964 4703 1690 53457 1629 1062 3530
internal_value=-0.000137039 -0.00143935 -0.000405413 -0.0105172 -0.0247849 0.00189216 0.0235565 -2.16269e-05 -0.00425996 -0.000883947 -0.00893466 0.000995025 -0.00609506 0.0135473 0.00318752 0.00667857 0.0014055 0.00254918 0.0123504 -0.00139868 -0.014983 -0.0310656 0.0258715 0.0338875 0.00115713 -0.031276 0.00198226 -0.00506534 0.00641106 -0.0121438
internal_weight=2.04869e+06 166777 149724 17053 4533 93808 2061 1.88191e+06 55916 32468 23448 7638 4881 2757 22541 19600 91747 75946 9445 4683 3524 2271 4762 3519 66501 4091 61798 8341 3182 5159
internal_count=2048690 166777 149724 17053 4533 93808 2061 1881913 55916 32468 23448 7638 4881 2757 22541 19600 91747 75946 9445 4683 3524 2271 4762 3519 66501 4091 61798 8341 3182 5159
is_linear=0
shrinkage=0.05


Tree=81
num_leaves=31
num_cat=0
split_feature=10 0 5 17 17 14 9 0 15 18 14 15 5 0 11 18 15 11 14 8 15 17 17 0 14 0 15 14 10 0
split_gain=267.296 535.93 456.488 336.107 268.866 462.136 335.088 251.365 295.959 287.196 221.706 473.521 207.811 172.899 161.229 179.051 160.701 169.477 394.778 253.261 209.151 158.827 157.341 214.99 277.916 196.175 192.891 226.68 189.201 192.736
threshold=85.500000000000014 0.25881904510252091 90.500000000000014 151.50000000000003 145.00000000000003 5.1867886003962385 132.50000000000003 0.78656609248549325 94.006578947368425 0.94768958534761116 1.0000000180025095e-35 35.121519816573873 53.500000000000007 0.98296291314453421 39.166666666666679 0.92687617260788013 36.006097560975618 90.166666666666671 1.0000000180025095e-35 91.500000000000014 73.564805681594024 96.500000000000014 394.00000000000006 -0.70710678118654735 16.493264274600243 -0.98296291314453399 492.47603224752157 18.463552681873399 104.50000000000001 -0.60355339059327362
decision_type=2 2 2 10 10 2 2 2 10 10 2 8 2 2 2 10 8 2 2 2 8 10 10 2 2 2 8 2 2 2
left_child=3 2 10 -1 7 6 -6 16 13 -10 11 -2 -5 -9 -12 -16 -3 18 -18 -19 -20 -15 28 24 25 -24 27 -25 29 -4
right_child=1 4 22 12 5 -7 -8 8 9 -11 14 -13 -14 21 15 -17 17 19 20 -21 -22 -23 23 26 -26 -27 -28 -29 -30 -31
leaf_value=0 0.0008673535039291796 0.0020840387944034522 -0.00039544582448873875 5.7470633077846237e-08 0.066591414021769518 -0.3390802046052841 -0.00010454126389201077 -1.8141365830277945e-06 -1.854981481105185e-05 -4.626422107783723e-08 0.039524671412118267 -8.9590755330646595e-05 0.30576830312695402 -0.041996567596647764 -0.071822564428772759 0.035138802665599926 -2.126646872671544e-05 0.0041255813616839178 -0.33003995883928566 -6.0808507218968999e-08 0.0311763285690871 0.024910619130702805 -0.43299108264806557 0.023613061834771257 2.1245438149222022 0.29263453393181466 0.066940524538085994 -1.2696450012426137 -0.00020287139017863794 2.4349590040966973e-09
leaf_weight=1862313 236 403 6650 13766 3519 10399 32517 7269 3815 8038 547 1656 5834 962 5489 923 995 429 687 12807 1575 722 966 4964 1548 4404 3187 1484 39680 10906
leaf_count=1862313 236 403 6650 13766 3519 10399 32517 7269 3815 8038 547 1656 5834 962 5489 923 995 429 687 12807 1575 722 966 4964 1548 4404 3187 1484 39680 10906
internal_value=-0.000193612 -0.0021121 0.000747822 -2.3593e-05 -0.00492114 -0.00237429 0.00030525 -0.00805793 -0.011737 -0.0169198 -0.00998192 -0.0251586 0.0064898 -0.00487546 -0.00585573 -0.0080786 -0.00352746 -0.0042897 -0.0145072 -0.00177546 -0.00296198 0.00956057 0.00203486 0.00632816 0.0130529 0.00767225 0.00149974 -0.00347395 0.000793207 0.00511506
internal_weight=2.04869e+06 166777 82640 1.88191e+06 84137 46435 36036 37702 20806 11853 8851 1892 19600 8953 6959 6412 16896 16493 3257 13236 2262 1684 73789 16553 6918 5370 9635 6448 57236 17556
internal_count=2048690 166777 82640 1881913 84137 46435 36036 37702 20806 11853 8851 1892 19600 8953 6959 6412 16896 16493 3257 13236 2262 1684 73789 16553 6918 5370 9635 6448 57236 17556
is_linear=0
shrinkage=0.05


Tree=82
num_leaves=31
num_cat=0
split_feature=10 0 16 13 5 17 1 16 16 14 15 14 1 1 14 16 1 14 15 15 15 5 0 17 17 5 15 17 1 0
split_gain=230.083 501.189 319.43 465.382 318.691 315.587 463.249 505.456 295.457 475.05 311.846 246.693 423.783 235.758 780.907 249.166 229.838 907.668 720.689 725.159 480.577 455.936 288.974 282.035 279.697 263.173 221.423 576.596 631.664 537.146
threshold=85.500000000000014 0.25881904510252091 86.287348790322596 4.6784206501525132 90.500000000000014 151.50000000000003 0.37940952255126048 42.169281845186099 75.853299856527997 1.0000000180025095e-35 98.995145631067984 7.885464385528234 -0.98296291314453399 -0.70710678118654757 1.3590390832944899 260.18776959690621 1.0000000180025095e-35 1.0000000180025095e-35 98.995145631067984 99.012987012987026 94.006578947368425 90.500000000000014 0.78656609248549325 99.500000000000014 95.500000000000014 91.500000000000014 94.006578947368425 130.50000000000003 0.60355339059327384 0.60355339059327384
decision_type=2 2 10 2 2 10 2 8 10 2 10 2 2 2 2 10 2 2 10 10 10 2 2 10 10 2 10 10 2 2
left_child=5 4 16 13 -2 -1 -7 -8 9 10 -6 -10 -13 14 -4 26 18 20 -3 -20 21 -18 25 -22 -24 -23 -15 28 -28 -30
right_child=1 2 3 -5 8 6 7 -9 11 -11 -12 12 -14 15 -16 -17 17 -19 19 -21 23 22 24 -25 -26 -27 27 -29 29 -31
leaf_value=0 -0.00047666391556162196 -0.16146277519034891 0.0021951771315816063 -0.56264378508749713 3.5133340552029028e-06 0.00087677258129791101 -2.1344067005456925e-06 4.51542009336943e-05 -1.9303330703182057e-05 4.7096082529316651e-05 2.3132110538918625e-09 -0.96912399309356223 0.24928281024442481 5.412037665971912e-08 -0.075855942248138589 0.001099344007034453 -2.1381343003771105e-05 0.0018998097481983983 0.0045628838780481622 -0.092614247863481491 -9.3612746274606451e-08 0.0037126983190941595 9.6907045819564833e-08 -1.736275605170096e-07 -2.2615943926387904e-07 -5.7768081858020547e-08 -1.5348645084524975e-07 -6.9083264615943404e-05 -8.0300491755104533e-05 1.2307549203774941e-06
leaf_weight=1862313 8851 4767 2902 6192 935 13971 630 4999 53373 3858 1368 1442 12813 6245 5839 12663 964 2447 1445 1755 2682 117 919 1468 796 958 5522 24419 1033 1004
leaf_count=1862313 8851 4767 2902 6192 935 13971 630 4999 53373 3858 1368 1442 12813 6245 5839 12663 964 2447 1445 1755 2682 117 919 1468 796 958 5522 24419 1033 1004
internal_value=-0.000183459 -0.0019634 -0.00467987 -0.00305459 0.000802275 -2.57185e-05 0.00628571 0.0183958 0.00187765 0.01236 0.03033 0.000922695 0.00676605 -0.00169973 0.00588605 -0.00300279 -0.0105197 -0.0154333 -0.00413581 0.0142188 -0.0236716 -0.0107086 -0.00046595 -0.0353976 0.0122741 -0.0207907 -0.00501661 -0.00669836 -0.0187657 0.00503191
internal_weight=2.04869e+06 166777 84137 65819 82640 1.88191e+06 19600 5629 73789 6161 2303 67628 14255 59627 8741 50886 18318 10351 7967 3200 7904 3754 2790 4150 1715 1075 38223 31978 7559 2037
internal_count=2048690 166777 84137 65819 82640 1881913 19600 5629 73789 6161 2303 67628 14255 59627 8741 50886 18318 10351 7967 3200 7904 3754 2790 4150 1715 1075 38223 31978 7559 2037
is_linear=0
shrinkage=0.05


Tree=83
num_leaves=31
num_cat=0
split_feature=10 0 15 13 0 15 13 15 5 14 10 18 15 0 10 14 5 18 10 0 18 0 11 18 0 14 15 8 18 15
split_gain=140.423 472.871 324.464 339.82 316.716 261.509 230.165 230.52 203.917 204.028 173.257 214.229 220.402 182.701 143.04 246.507 196.988 240.461 207.91 188.826 163.503 162.669 148.071 146.939 146.639 249.481 141.063 207.725 451.076 131.917
threshold=94.500000000000014 0.25881904510252091 99.012987012987026 5.4971397384721934 0.98296291314453421 92.71320346320347 4.7491392863563799 99.012987012987026 93.500000000000014 24.081170604740478 48.500000000000007 0.73743686868686875 41.650242718446613 1.0000000180025095e-35 104.50000000000001 0.4220412585204984 141.50000000000003 0.89668856048166401 136.50000000000003 -0.60355339059327362 0.758774630541872 -0.37940952255126065 281.16666666666669 0.99402380952380964 -0.70710678118654735 17.972586814250064 12.44362849818415 11.500000000000002 0.92687617260788013 69.114224137931046
decision_type=2 2 8 2 2 10 2 10 2 2 2 10 8 2 2 2 2 10 2 2 10 2 2 10 2 2 8 2 10 10
left_child=6 8 4 -4 -3 -6 26 10 9 -2 11 12 -8 -13 19 22 18 24 -17 20 -10 -19 -16 -23 25 -18 27 -1 -29 -21
right_child=1 2 3 -5 5 -7 7 -9 14 -11 -12 13 -14 -15 15 16 17 21 -20 29 -22 23 -24 -25 -26 -27 -28 28 -30 -31
leaf_value=0 -0.50622223255994869 -3.8655932961216949e-08 -1.7597003943956799e-05 -0.57818402585631279 0.0028386148966446242 -3.9270372710215044e-08 0.0017326194740209168 0.43367275590128646 0.25001042982883387 0.029095671851256222 -0.10732846130049332 -0.078925490261775408 0.4795255649114154 0.014238822598295807 -0.00012399142200710659 -0.0022483745489663394 0.16361778099549645 -0.049164068654610912 -0.17656473000484435 -0.39991545260007749 -0.00042713023761229633 0.024806714938014653 -0.0013457271795389791 -0.0050148481346061393 0.039593771167284533 1.8806849981829641 0 -0.012143757336281881 0 2.197550501197269e-09
leaf_weight=1550120 2313 14895 50478 4388 294 1141 4353 2775 1131 890 3945 1213 2636 587 3867 11240 9784 6122 2103 401 3108 6777 802 1522 12279 1462 306657 26705 8139 6563
leaf_count=1550120 2313 14895 50478 4388 294 1141 4353 2775 1131 890 3945 1213 2636 587 3867 11240 9784 6122 2103 401 3108 6777 802 1522 12279 1462 306657 26705 8139 6563
internal_value=-0.000192245 -0.00171164 -0.00458453 -0.00274305 -0.0107716 -0.0332056 -7.9465e-05 0.00598685 0.00119521 -0.0111302 0.0031412 0.00704858 0.0110102 -0.00833333 0.00178303 0.000750563 0.00175184 0.00358931 -0.00347373 0.00694011 -0.00138004 -0.00149435 -0.0102484 0.00306663 0.00670563 0.0108305 -0.000129201 -0.000319124 -0.00413701 0.0120046
internal_weight=2.04869e+06 141560 71196 54866 16330 1435 1.90713e+06 15509 70364 3203 12734 8789 6989 1800 67161 55958 51289 37946 13343 11203 4239 14421 4669 8299 23525 11246 1.89162e+06 1.58496e+06 34844 6964
internal_count=2048690 141560 71196 54866 16330 1435 1907130 15509 70364 3203 12734 8789 6989 1800 67161 55958 51289 37946 13343 11203 4239 14421 4669 8299 23525 11246 1891621 1584964 34844 6964
is_linear=0
shrinkage=0.05


Tree=84
num_leaves=31
num_cat=0
split_feature=15 10 0 15 16 14 6 14 1 16 5 13 14 5 5 1 14 15 14 5 15 16 15 15 15 1 16 0 0 16
split_gain=79.1194 290.772 338.393 396.34 491.664 1180.33 423.053 407.708 375.039 570.918 793.149 310.639 301.205 229.91 239.287 221.333 689.811 294.573 301.548 208.735 206.461 204.068 279.711 364.332 463.503 1041.97 1080.2 1215.83 537.235 489.855
threshold=8.1288389845552995 37.500000000000007 0.25881904510252091 79.492990654205627 86.287348790322596 1.0000000180025095e-35 93.500000000000014 0.53867513459481298 0.1294095225512602 97.501456421092811 137.50000000000003 2.7265482080417307 1.0000000180025095e-35 90.500000000000014 105.50000000000001 -0.70710678118654757 1.0000000180025095e-35 81.763768115942042 1.6201341443438058 90.500000000000014 94.006578947368425 260.18776959690621 81.763768115942042 99.012987012987026 94.006578947368425 1.0000000180025095e-35 84.285221143473578 0.91597561503675362 0.78656609248549325 86.287348790322596
decision_type=8 2 2 8 10 2 2 2 2 10 2 2 2 2 2 2 2 8 2 2 8 10 10 10 10 2 10 2 2 10
left_child=-1 -2 3 -3 5 13 -7 8 -6 12 -11 15 19 -5 -15 16 -4 -18 -19 -10 -9 22 -17 24 -24 26 -26 -28 29 -27
right_child=1 2 11 4 7 6 -8 20 9 10 -12 -13 -14 14 -16 21 17 18 -20 -21 -22 -23 23 -25 25 28 27 -29 -30 -31
leaf_value=0 0 -0.00048652682736526737 0.0018700779981041995 7.0462648178979874e-06 0.004883128294235318 0.041483534684888371 -0.0077494884311321123 -0.021471714356929246 -5.6750299076914646e-05 -0.00054773982511629863 -0.00028521370147175431 -0.21033101624739495 -0.003186734438111842 9.6736986868793497e-07 -0.00011779185090675124 0 -0.061972936283276693 0.11765474498230984 -0.015963567320984761 4.2930209896758197e-06 0.035410352869643259 0.0016518826929519176 -2.1291867065262424e-07 -3.8504623049445311e-05 0.0043347416169424021 -1.1168354330853849e-07 -0.00093806702698433675 0.00011365048962321719 -3.6723136313156095e-08 1.1711499710066803e-06
leaf_weight=1520275 258938 56337 3159 917 3465 7179 6262 6774 685 2975 3482 14567 1340 3083 199 33250 7848 1967 3752 1417 48334 11996 12315 29078 1110 1299 1197 612 3577 1301
leaf_count=1520275 258938 56337 3159 917 3465 7179 6262 6774 685 2975 3482 14567 1340 3083 199 33250 7848 1967 3752 1417 48334 11996 12315 29078 1110 1299 1197 612 3577 1301
internal_value=-0.000128399 0.000398645 -0.000751085 0.000922084 0.00305532 0.0104989 0.00326985 0.00113769 -0.0066971 -0.0116527 -0.0204197 -0.00262737 0.00479372 0.033639 0.0398233 -0.00173749 0.00356929 -0.00133043 0.00730023 0.0166032 0.00303767 -0.00266465 -0.00353838 -0.00588346 -0.0108332 -0.0193931 0.00522439 -0.0186014 -0.0310264 -0.0137308
internal_weight=2.04869e+06 528415 269477 142449 86112 17640 13441 68472 13364 9899 6457 127028 3442 4199 3282 112461 16726 13567 5719 2102 55108 95735 83739 50489 21411 9096 2919 1809 6177 2600
internal_count=2048690 528415 269477 142449 86112 17640 13441 68472 13364 9899 6457 127028 3442 4199 3282 112461 16726 13567 5719 2102 55108 95735 83739 50489 21411 9096 2919 1809 6177 2600
is_linear=0
shrinkage=0.05


Tree=85
num_leaves=31
num_cat=0
split_feature=15 10 0 15 1 15 15 16 0 0 0 16 0 13 16 10 16 1 1 16 11 15 10 9 13 0 0 18 15 0
split_gain=122.559 235.113 397.206 426.589 923.934 739.53 718.628 689.037 789.561 1193.36 418.349 549.286 714.627 347.564 226.757 167.424 163.014 527.324 334.819 161.295 176.046 173.595 232.148 168.795 311.569 430.477 370.754 423.764 442.309 317.076
threshold=8.1288389845552995 94.500000000000014 0.25881904510252091 99.012987012987026 1.0000000180025095e-35 98.995145631067984 98.995145631067984 84.285221143473578 0.60355339059327384 0.91597561503675362 0.78656609248549325 86.287348790322596 0.60355339059327384 4.6784206501525132 97.501456421092811 98.500000000000014 63.718893465482481 0.25881904510252057 0.98296291314453421 77.530214613640155 1.1666666666666667 90.168918918918934 24.500000000000004 17.500000000000004 1.0000000180025095e-35 -0.25881904510252113 -0.9159756150367534 0.98017837498035532 19.442072271386433 -0.70710678118654735
decision_type=8 2 2 8 2 10 10 10 2 2 2 10 2 2 10 2 10 2 2 10 2 10 2 2 2 2 2 10 8 2
left_child=16 19 -3 4 6 15 -4 -8 -9 -10 11 -7 14 -5 -13 -6 -1 -18 -19 23 -21 22 -22 -2 25 26 -25 -28 -29 -30
right_child=1 2 3 13 5 10 7 8 9 -11 -12 12 -14 -15 -16 -17 17 18 -20 20 21 -23 -24 24 -26 -27 27 28 29 -31
leaf_value=0 0 6.0252743762455878e-06 -0.18486836543228288 -1.2402039046873957e-05 -3.931542503962111e-07 -1.0609936614311157e-07 0.004306106533036127 0.0016650988404244564 -0.00089116367563511995 0.00010796796514205633 -3.2507734017964222e-08 5.1197537902631282e-06 1.1125924724563464e-06 -0.46720393304310015 -7.6342091869251581e-05 1.8930088471920706e-07 0.00048901059723072636 -2.2062945273111788e-06 6.1449210110551329e-06 -0.0010379814863979448 0.3510945523107597 0.00010425908192468826 2.1199898146662513e-05 4.1197804913073751e-06 -0.0048805425871790466 0 5.0617254171180852e-06 1.143626056646729e-08 -1.9522712588012701e-07 -5.1240715454101592e-10
leaf_weight=1515658 136338 69785 5203 49448 1513 755 1283 849 1074 535 2634 66 482 5418 416 1317 3198 1190 229 4529 3795 14708 30779 7757 93641 73592 11194 1088 3883 6333
leaf_count=1515658 136338 69785 5203 49448 1513 755 1283 849 1074 535 2634 66 482 5418 416 1317 3198 1190 229 4529 3795 14708 30779 7757 93641 73592 11194 1088 3883 6333
internal_value=-8.359e-05 0.000572372 -0.00117774 -0.00381094 -0.0109599 -0.0243144 -0.000234794 0.0164796 0.000976404 -0.0196085 -0.0372502 -0.0180628 0.00695021 -0.00170962 -0.0360996 -0.00441696 -0.000311588 -0.00969244 -0.0350599 0.00120796 0.0037483 0.00461528 0.00267976 0.00079847 -0.000135704 0.00175017 -0.00327053 -0.00652058 -0.0133493 -0.0165769
internal_weight=2.04869e+06 528415 140778 70993 16127 7183 8944 3741 2458 1609 4353 1719 964 54866 482 2830 1.52028e+06 4617 1419 387637 53811 49282 34574 333826 197488 103847 30255 22498 11304 10216
internal_count=2048690 528415 140778 70993 16127 7183 8944 3741 2458 1609 4353 1719 964 54866 482 2830 1520275 4617 1419 387637 53811 49282 34574 333826 197488 103847 30255 22498 11304 10216
is_linear=0
shrinkage=0.05


Tree=86
num_leaves=31
num_cat=0
split_feature=10 0 5 1 14 5 0 0 18 13 18 5 0 5 18 14 13 0 9 1 18 17 17 17 0 0 5 17 0 1
split_gain=168.152 564.403 488.909 1150.23 992.688 440.094 412.573 359.785 333.922 318.106 306.705 283.977 240.513 227.596 206.237 533.637 195.231 193.886 194.155 191.694 241.29 169.534 204.492 204.373 165.164 292.631 231.783 194.218 179.643 161.732
threshold=85.500000000000014 0.25881904510252091 99.500000000000014 1.0000000180025095e-35 1.0000000180025095e-35 98.500000000000014 0.91597561503675362 0.60355339059327384 0.98938984577282463 2.7265482080417307 0.98870020429009198 77.500000000000014 0.37940952255126054 89.500000000000014 0.75017337031900155 5.9313188430906001 3.9431471460641339 0.78656609248549325 592.50000000000011 -0.78656609248549325 0.97695258705488897 90.500000000000014 96.500000000000014 100.50000000000001 0.78656609248549325 0.60355339059327384 97.500000000000014 96.500000000000014 0.98296291314453421 0.1294095225512602
decision_type=2 2 2 2 2 2 2 2 10 2 10 2 2 2 10 2 2 2 2 2 10 10 10 10 2 2 2 10 2 2
left_child=11 13 3 5 8 21 7 12 10 -4 -5 -1 -7 -2 16 19 -13 18 -11 20 -16 -3 -23 -24 25 -10 -27 28 -26 -17
right_child=1 2 9 4 -6 6 -8 -9 24 17 -12 14 -14 -15 15 29 -18 -19 -20 -21 -22 22 23 -25 27 26 -28 -29 -30 -31
leaf_value=0 -0.019966867627510012 0.0036948089537476763 -1.0221682258769895e-05 -5.3422481046149132e-06 0.0018047111640478652 0.0012632702746407849 0.00010256956688495352 -6.5123815611406211e-06 -5.2571878404669017e-06 -0.065339016448203155 0.0039190772070440139 0.049718225982047323 0.0015818438984032336 7.4224713850535379e-06 0.0076977156595268454 -0.011892518099787315 0.59055482388887126 -0.78754400373450872 -1.0890645386146056 0.00017048405648029523 0.0028135397672381366 -0.11664744468471265 0.042424652396545047 -0.15909675242667679 -5.1111717105035852e-06 -5.2056728729305799e-06 1.0122460638619328e-06 -3.0882347317066011e-08 -0.04520796967175595 -0.09916088927236566
leaf_weight=1859325 6693 452 47109 3464 2303 831 965 1912 1584 6258 363 2614 924 75947 832 1081 2323 2875 560 13277 831 2248 2249 3759 1141 642 964 2969 565 1630
leaf_count=1859325 6693 452 47109 3464 2303 831 965 1912 1584 6258 363 2614 924 75947 832 1081 2323 2875 560 13277 831 2248 2249 3759 1141 642 964 2969 565 1630
internal_value=-0.000126959 -0.00164861 -0.0045313 -0.0100256 -0.0200393 0.00047976 0.0129318 0.00527679 -0.0259494 -0.00188726 -0.0138359 7.89091e-06 0.0216239 0.0012863 0.0055804 0.00305365 0.0146141 -0.0101362 -0.00554415 0.00675703 0.0227601 -0.00614378 -0.00777616 -0.00296272 -0.0318436 -0.0230721 -0.00803238 -0.0378289 -0.0243845 -0.0173552
internal_weight=2.04869e+06 166777 84137 27335 13995 13340 4632 3667 11692 56802 3827 1.88191e+06 1755 82640 22588 17651 4937 9693 6818 14940 1663 8708 8256 6008 7865 3190 1606 4675 1706 2711
internal_count=2048690 166777 84137 27335 13995 13340 4632 3667 11692 56802 3827 1881913 1755 82640 22588 17651 4937 9693 6818 14940 1663 8708 8256 6008 7865 3190 1606 4675 1706 2711
is_linear=0
shrinkage=0.05


Tree=87
num_leaves=31
num_cat=0
split_feature=15 17 1 1 9 0 17 1 14 1 15 0 16 17 17 16 0 15 17 17 14 15 13 15 9 14 0 12 16 1
split_gain=114.366 585.495 341.601 482.221 275.7 439.515 665.525 659.363 529.998 466.828 375.383 407.499 939.431 390.49 293.16 792.995 816.496 725.068 229.387 226.293 200.295 193.571 248.689 258.668 207.803 373.386 329.38 264.164 657.7 891.156
threshold=8.1288389845552995 149.50000000000003 0.98296291314453421 0.25881904510252057 87.500000000000014 0.60355339059327384 99.500000000000014 1.0000000180025095e-35 1.0000000180025095e-35 1.0000000180025095e-35 92.71320346320347 0.78656609248549325 94.64108455882355 90.500000000000014 98.500000000000014 84.285221143473578 0.91597561503675362 92.71320346320347 97.500000000000014 193.50000000000003 1.0000000180025095e-35 84.959771354616066 3.6204065448697627 44.776643990929713 104.50000000000001 1.0000000180025095e-35 -0.60355339059327362 98.750000000000014 75.853299856527997 0.91597561503675351
decision_type=8 10 2 2 2 2 10 2 2 2 10 2 10 10 10 10 2 10 10 10 2 8 2 10 2 2 2 2 10 2
left_child=1 -1 3 19 -2 21 7 14 10 20 13 12 -12 -9 -7 -16 17 -17 -13 -3 -8 22 23 -6 26 -26 -23 -28 29 -29
right_child=4 2 -4 -5 5 6 9 8 -10 -11 11 18 -14 -15 15 16 -18 -19 -20 -21 -22 24 -24 -25 25 -27 27 28 -30 -31
leaf_value=0 0 -0.15980012552748893 5.8571601863955549e-06 -2.1027804766350565e-06 0.00071871281464751073 -0.077417691796050125 0.022126691494281633 -2.1014742487513718e-05 0.0017131107954315779 4.1908458510121127e-06 -1.4149248257644534e-07 -4.8546878836480163e-06 1.0063505456404324e-06 5.6072161137318171e-08 0.0039030248285215324 0.052996779223878181 9.7441088540705832e-05 -0.00084627987277530691 -3.1717475430746781e-08 0.89096225590078471 -0.13076521043277775 -0.00052102522114854863 -0.59705435885754721 -0.0031385614976385577 -0.00020018204554329719 0.0080169839659330229 2.6069534781970383e-06 1.1089067806775682e-05 8.3763299222019586e-06 -7.1866810852321567e-07
leaf_weight=1516644 365959 890 342 1907 1562 2906 1740 734 1240 25159 1036 1062 490 1987 1093 375 729 1108 3012 492 17588 6289 2566 6096 5220 63065 9069 999 6153 1178
leaf_count=1516644 365959 890 342 1907 1562 2906 1740 734 1240 25159 1036 1062 490 1987 1093 375 729 1108 3012 492 17588 6289 2566 6096 5220 63065 9069 999 6153 1178
internal_value=-9.2132e-05 -0.000312378 -0.0203663 -0.0253116 0.000541525 -0.00117263 -0.00455948 -0.0133845 -0.0216243 -0.00143076 -0.0261687 -0.0335714 -0.0115334 -0.0109335 -0.00070037 0.00948563 -0.00773056 -0.029029 -0.0418262 -0.002822 -0.00727442 0.000824388 -0.00570227 -0.0011883 0.00154991 0.000150106 0.00558511 0.00912984 0.0155582 -0.00806155
internal_weight=2.04869e+06 1.52028e+06 3631 3289 528415 162456 60259 15772 9561 44487 8321 5600 1526 2721 6211 3305 2212 1483 4074 1382 19328 102197 10224 7658 91973 68285 23688 17399 8330 2177
internal_count=2048690 1520275 3631 3289 528415 162456 60259 15772 9561 44487 8321 5600 1526 2721 6211 3305 2212 1483 4074 1382 19328 102197 10224 7658 91973 68285 23688 17399 8330 2177
is_linear=0
shrinkage=0.05


Tree=88
num_leaves=31
num_cat=0
split_feature=9 5 15 17 0 0 0 13 18 0 7 12 10 5 17 5 5 5 15 13 0 10 15 0 0 17 18 18 15 18
split_gain=125.546 419.336 319.582 608.4 349.17 282.205 199.632 341.796 254.034 187.106 162.846 160.605 159.298 241.193 211.904 314.867 176.652 189.329 180.252 191.074 177.847 170.847 259.237 231.349 240.75 254.48 230.069 205.227 193.023 209.203
threshold=91.500000000000014 94.500000000000014 10.862227143309083 171.50000000000003 1.0000000180025095e-35 0.91597561503675362 -0.60355339059327362 15.531326635798392 0.84627441523993252 -0.98296291314453399 93.500000000000014 90.916666666666671 36.500000000000007 31.500000000000004 138.50000000000003 74.500000000000014 40.500000000000007 7.5000000000000009 90.168918918918934 1.0000000180025095e-35 -0.98296291314453399 86.500000000000014 35.121519816573873 0.25881904510252091 -0.37940952255126065 90.500000000000014 0.98938984577282463 0.99930651872399456 79.492990654205627 0.9872933350555414
decision_type=2 2 8 10 2 2 2 2 10 2 2 2 2 2 10 2 2 2 8 2 2 2 10 2 2 10 10 10 10 10
left_child=2 10 3 -1 -5 -6 7 8 9 -3 -2 12 13 -4 15 -15 17 -14 21 -20 -19 28 -23 24 27 -26 -25 -24 29 -18
right_child=1 6 11 4 5 -7 -8 -9 -10 -11 -12 -13 16 14 -16 -17 18 20 19 -21 -22 22 23 26 25 -27 -28 -29 -30 -31
leaf_value=0 -4.9225265048973343e-06 -0.24227022887002364 0 1.0632287537021071e-06 -1.9908407771138671e-06 -0.0029964747176671699 -3.0131601659209443e-08 2.7402251904426738 -0.00062455126667408504 0.14994242401176036 -4.85855755284141e-06 0.0052633993451794182 0.050490097259411261 0 0.5154825198148183 -0.16473815098360783 -3.0563504067438346e-09 -0.54813254424537206 -0.00026036234244719423 0.094706823346219118 -0.003049570952528502 0.0015682063157616694 -0.012828501990411046 -0.00027003353919751951 6.1925059541982868e-06 -0.00022731777337492572 -1.9863955563818613e-05 -0.00045953273884087722 0.00016300320981509699 3.9787699285331972e-09
leaf_weight=1564518 7166 2576 181027 1094 1375 835 109122 807 10841 14452 6717 3200 944 24053 2457 678 67892 609 2812 6188 12924 593 2041 2762 566 954 959 345 8815 9368
leaf_count=1564518 7166 2576 181027 1094 1375 835 109122 807 10841 14452 6717 3200 944 24053 2457 678 67892 609 2812 6188 12924 593 2041 2762 566 954 959 345 8815 9368
internal_value=-0.000111364 -0.00149557 -6.85289e-07 -0.000298057 -0.0217312 -0.0331674 -0.000661113 0.00305133 0.00212243 0.00593141 -0.00977815 0.00141561 0.00130619 0.00213745 0.00652862 0.00513728 -0.000163451 -0.00533605 0.000561499 0.00732222 -0.00684623 -8.37796e-05 -0.0069708 -0.0094467 -0.000947261 0.0146053 -0.0183687 -0.010855 0.000573918 -0.000225861
internal_weight=2.04869e+06 151681 1.89701e+06 1.56782e+06 3304 2210 137798 28676 27869 17028 13883 329187 325987 208215 27188 24731 117772 14477 103295 9000 13533 94295 8220 7627 3906 1520 3721 2386 86075 77260
internal_count=2048690 151681 1897009 1567822 3304 2210 137798 28676 27869 17028 13883 329187 325987 208215 27188 24731 117772 14477 103295 9000 13533 94295 8220 7627 3906 1520 3721 2386 86075 77260
is_linear=0
shrinkage=0.05


Tree=89
num_leaves=31
num_cat=0
split_feature=10 5 5 17 1 0 17 17 17 0 11 17 0 13 1 18 1 0 1 17 17 17 17 1 10 0 17 13 1 17
split_gain=130.417 358.441 279.998 240.723 377.827 484.246 260.887 238.164 221.36 219.181 195.295 180.139 179.588 312.185 169.209 165.233 185.511 179.862 163.081 154.922 172.852 151.56 229.397 145.484 171.348 136.024 713.757 166.467 363.124 129.967
threshold=91.500000000000014 94.500000000000014 23.500000000000004 149.50000000000003 0.25881904510252057 0.12940952255126045 214.50000000000003 24.500000000000004 163.50000000000003 0.78656609248549325 39.166666666666679 243.50000000000003 -0.70710678118654735 15.380267223575251 0.37940952255126048 0.84459158118631861 0.1294095225512602 -0.98296291314453399 -0.70710678118654757 661.50000000000011 520.50000000000011 267.00000000000006 252.50000000000003 -0.12940952255126037 23.500000000000004 0.98296291314453421 99.500000000000014 7.1954126026849909 0.37940952255126048 183.50000000000003
decision_type=2 2 2 10 2 2 10 10 10 2 2 10 2 2 2 10 2 2 2 10 10 10 10 2 2 2 10 2 2 10
left_child=2 10 3 -1 -5 8 -7 23 -6 -8 -2 -9 13 15 -15 17 -17 19 -13 20 -3 22 -19 -4 -25 27 -27 -14 -29 -28
right_child=1 12 7 4 5 6 9 11 -10 -11 -12 18 25 14 -16 16 -18 21 -20 -21 -22 -23 -24 24 -26 26 29 28 -30 -31
leaf_value=0 0.036602373122460494 -0.1431761534498262 -0.048927283213967554 -0.00029837742632435685 -0.014787800556247649 -1.8980994139476105e-06 9.1233698755810699e-05 0 6.2934043519489793e-06 -0.0014688470566660739 -4.6953867275131586e-06 -0.10061138241845775 -2.6245776096714901e-08 -0.53079620749442946 3.0648921076534883 0.0046955783166266196 -0.0024785825186385071 0.073735269966350145 0.89516354220834238 -2.2579357623467833 1.7960756195683105 0.37888845347317324 -1.3146431400404719 -0.0013380354408514155 2.8055354211808411e-07 -2.9208739337797163e-08 0.0035221407844952973 -0.85797645500328756 0.25603288122146067 -0.038991045230650903
leaf_weight=1689368 570 1914 288 7280 185 1865 169 192761 1128 149 14275 761 98154 145 649 3710 6239 4694 2066 410 168 6319 498 144 849 1159 2433 4822 1769 3749
leaf_count=1689368 570 1914 288 7280 185 1865 169 192761 1128 149 14275 761 98154 145 649 3710 6239 4694 2066 410 168 6319 498 144 849 1159 2433 4822 1769 3749
internal_value=-8.47859e-05 -0.00149561 2.80177e-05 -0.000178691 -0.00762806 -0.0211384 -0.0355703 0.00181313 0.00285605 0.00628931 -0.00887504 0.00167239 -0.000695013 0.00316011 0.034005 0.00213761 -0.00278923 0.00563808 0.0142023 -0.00654093 -0.00100865 0.00827469 0.0019453 0.0233021 0.0323766 -0.00154613 -0.0081256 -0.00108502 -0.00877712 -0.00137496
internal_weight=2.04869e+06 151677 1.89701e+06 1.70014e+06 10776 3496 2183 196869 1313 318 14845 195588 136832 24746 794 23952 9949 14003 2827 2492 2082 11511 5192 1281 993 112086 7341 104745 6591 6182
internal_count=2048690 151677 1897013 1700144 10776 3496 2183 196869 1313 318 14845 195588 136832 24746 794 23952 9949 14003 2827 2492 2082 11511 5192 1281 993 112086 7341 104745 6591 6182
is_linear=0
shrinkage=0.05


Tree=90
num_leaves=31
num_cat=0
split_feature=10 15 17 0 15 1 15 15 1 0 1 1 5 0 13 18 0 5 13 1 0 17 2 1 0 0 0 1 17 8
split_gain=138.6 385.303 601.699 364.114 357.208 568.536 1263.04 628.192 1221.74 408.635 602.415 329.525 198.822 197.419 284.975 187.122 186.293 181.208 177.427 360.222 217.393 192.396 177.218 176.748 163.904 293.928 188.865 150.734 224.74 162.491
threshold=91.500000000000014 10.862227143309083 171.50000000000003 1.0000000180025095e-35 99.012987012987026 -0.12940952255126037 98.995145631067984 98.995145631067984 0.60355339059327384 0.78656609248549325 -0.78656609248549325 0.25881904510252057 29.500000000000004 -0.60355339059327362 15.531326635798392 0.84627441523993252 -0.37940952255126065 94.500000000000014 7.1954126026849909 1.0000000180025095e-35 -0.5 130.50000000000003 -0.60785761079279388 0.37940952255126048 0.60355339059327384 0.37940952255126054 -1.0000000180025095e-35 0.1294095225512602 149.50000000000003 252.50000000000003
decision_type=2 8 10 2 8 2 10 10 2 2 2 2 2 2 2 10 2 2 2 2 2 10 2 2 2 2 2 2 10 2
left_child=1 2 -1 -4 5 6 12 17 -9 10 -8 -5 -2 14 15 -6 22 -7 20 -20 21 -15 -10 -16 25 26 -18 29 -29 -17
right_child=4 -3 3 11 13 7 9 8 16 -11 -12 -13 -14 18 23 27 24 -19 19 -21 -22 -23 -24 -25 -26 -27 -28 28 -30 -31
leaf_value=0 0.25044189139840872 0 6.9539709841955278e-07 0.095700297959871283 0.13465241868731845 -3.3938403301805235e-06 0.0015023357058558497 -2.4933487291879155e-08 4.7641722168467577e-05 9.2571852982558343e-05 -0.00080396306026765381 -1.8031944432502301e-06 -0.044707945856306101 0.11440526962729024 -0.33921275549968188 0.09539716108304791 -3.3566609608311406e-07 6.4482355835867874e-08 -0.91009188641949545 0.25091715428136491 2.1459747847257144e-06 -0.10007565977474515 -0.00033981727082549166 2.9569097998317031 9.5885188724620696e-07 -3.8956952726359887e-07 9.8931601031798511e-07 -0.13043774483603895 -0.022635476905393859 -0.045586284202831194
leaf_weight=1564472 231 329288 1045 538 13872 7108 1280 2737 265 1726 987 1670 15440 322 177 1580 843 7944 4594 1966 76104 3632 716 638 841 879 1728 869 3854 1344
leaf_count=1564472 231 329288 1045 538 13872 7108 1280 2737 265 1726 987 1670 15440 322 177 1580 843 7944 4594 1966 76104 3632 716 638 841 879 1728 869 3854 1344
internal_value=-8.80075e-05 2.82813e-05 -0.000298298 -0.0217799 -0.00154242 -0.0054172 0.000828926 -0.0107432 -0.0220564 0.0259329 0.0119762 -0.033288 -0.00556761 -2.29459e-05 0.00416853 0.00306938 -0.00798558 -0.00472362 -0.0011037 -0.00900915 -0.000455919 -0.0118867 0.0116718 0.0331902 -0.0124796 -0.0173043 -0.00877091 -0.00321041 -0.00873386 0.00571135
internal_weight=2.04869e+06 1.89701e+06 1.56772e+06 3253 151677 42725 19664 23061 8009 3993 2267 2208 15671 108952 22334 21519 5272 15052 86618 6560 80058 3954 981 815 4291 3450 2571 7647 4723 2924
internal_count=2048690 1897013 1567725 3253 151677 42725 19664 23061 8009 3993 2267 2208 15671 108952 22334 21519 5272 15052 86618 6560 80058 3954 981 815 4291 3450 2571 7647 4723 2924
is_linear=0
shrinkage=0.05


Tree=91
num_leaves=31
num_cat=0
split_feature=10 5 16 5 1 18 0 12 18 1 14 16 10 1 1 18 14 0 0 16 18 0 14 1 0 14 13 5 5 18
split_gain=102.354 361.614 278.922 276.755 275.634 841.979 1447.13 634.366 634.326 394.71 294.003 252.489 210.822 374.354 526.078 954.526 459.295 318.629 583.099 274.545 265.885 224.19 267.737 224.114 321.902 700.228 290.527 266.759 262.109 245.342
threshold=91.500000000000014 94.500000000000014 86.287348790322596 23.500000000000004 1.0000000180025095e-35 0.99299472457367199 -0.37940952255126065 99.083333333333357 0.99004950495049515 -0.9159756150367534 1.0000000180025095e-35 84.285221143473578 126.50000000000001 1.0000000180025095e-35 0.60355339059327384 0.9923175290182964 1.0000000180025095e-35 0.78656609248549325 0.60355339059327384 106.22190737502679 0.99004950495049515 -0.60355339059327362 16.944337826080982 0.25881904510252057 0.78656609248549325 1.0000000180025095e-35 8.2394465664339425 150.50000000000003 360.50000000000006 0.99299472457367199
decision_type=2 2 8 2 2 10 2 2 10 2 2 10 2 2 2 10 2 2 2 10 8 2 2 2 2 2 2 2 2 10
left_child=3 -2 4 -1 8 -6 10 -8 -3 -10 -7 -11 13 16 15 -15 17 18 -4 -18 -20 22 -14 26 25 -25 -23 29 -29 -26
right_child=1 2 12 -5 5 6 7 -9 9 11 -12 -13 21 14 -16 -17 19 -19 20 -21 -22 23 -24 24 27 -27 -28 28 -30 -31
leaf_value=0 -4.2710135854373942e-06 -0.14480663799289212 0.0015087254830075433 0 8.9398790127938554e-08 7.9203736333118401e-05 -1.647715713790213e-07 5.1867326402181555e-07 -1.7498836805740905 0.0041195112234079295 -0.017431475733075567 -0.00014020860789151995 0.025371670150889637 4.4016106532489158e-06 9.3985020980208589e-07 -2.3686812927285198e-08 -0.096675979419001815 8.7943260333430426e-05 0.015578571291006239 0.083313341636067212 -0.00076376490725427117 -0.03694593579245066 1.2257001939789358 -0.00016153505700069226 3.4764331237502152e-06 0.002331631669519542 -1.1004638067983556 0.0017733538420494329 -0.0019768320746780333 -6.8284624851049414e-05
leaf_weight=1700144 14845 3847 3256 196869 7598 756 3708 796 505 1704 266 260 17132 4075 9516 2231 2108 1343 89 6303 530 29921 1766 5705 858 20464 3610 5334 2614 537
leaf_count=1700144 14845 3847 3256 196869 7598 756 3708 796 505 1704 266 260 17132 4075 9516 2231 2108 1343 89 6303 530 29921 1766 5705 858 20464 3610 5334 2614 537
internal_value=-7.17044e-05 -0.00132156 -0.000517423 2.82286e-05 -0.00606481 -0.0101951 -0.0250452 -0.0372336 0.00251742 0.0222965 0.0286693 0.0324338 0.00040122 0.00406268 -0.00116926 -0.0123692 0.0101365 0.02179 0.0145161 0.00290691 -0.0299677 -0.000824985 0.00400042 -0.00214576 0.000622325 -0.00222209 -0.00507739 0.00858932 0.0121288 -0.0115771
internal_weight=2.04869e+06 151677 136832 1.89701e+06 19440 13124 5526 4504 6316 2469 1022 1964 117392 29451 15822 6306 13629 5218 3875 8411 619 87941 18898 69043 35512 26169 33531 9343 7948 1395
internal_count=2048690 151677 136832 1897013 19440 13124 5526 4504 6316 2469 1022 1964 117392 29451 15822 6306 13629 5218 3875 8411 619 87941 18898 69043 35512 26169 33531 9343 7948 1395
is_linear=0
shrinkage=0.05


Tree=92
num_leaves=31
num_cat=0
split_feature=15 9 16 5 10 1 1 5 14 15 0 0 15 10 1 0 16 16 16 15 5 1 13 1 14 15 5 0 13 5
split_gain=154.137 312.392 318.015 264.105 221.591 377.168 532.65 902.302 455.379 528.058 331.821 593.624 264.76 222.205 307.885 426.1 458.418 471.297 220.556 211.904 203.592 254.43 372.911 322.896 703.645 299.743 296.522 281.185 242.98 201.827
threshold=10.862227143309083 91.500000000000014 86.287348790322596 95.500000000000014 126.50000000000001 1.0000000180025095e-35 0.60355339059327384 99.500000000000014 1.0000000180025095e-35 119.4578167819392 0.78656609248549325 0.60355339059327384 99.012987012987026 104.50000000000001 0.91597561503675351 0.60355339059327384 97.501456421092811 99.015320334261858 97.501456421092811 99.012987012987026 139.50000000000003 0.1294095225512602 12.342331667252525 0.60355339059327384 1.0000000180025095e-35 149.78549088210352 150.50000000000003 1.0000000180025095e-35 8.2394465664339425 476.50000000000006
decision_type=8 2 8 2 2 2 2 2 2 10 2 2 8 2 2 2 10 10 10 8 2 2 2 2 2 8 2 2 2 2
left_child=-1 -2 -3 -4 5 8 7 19 10 -10 11 -5 -13 14 15 16 -8 -18 -16 -7 -6 27 23 26 25 -25 -23 -22 -29 -27
right_child=1 2 3 4 20 6 13 -9 9 -11 -12 12 -14 -15 18 -17 17 -19 -20 -21 21 22 -24 24 -26 29 -28 28 -30 -31
leaf_value=0 0 -1.5121722716847829e-07 -4.4779930319729698e-06 0.0014332892088571661 -0.0019667448974006142 -2.2502472280920939e-08 7.4545913766339503e-05 0.0004468775221284867 -0.039210560019134671 0.18345808483985088 8.3546097316758916e-05 -0.00072557666189155753 0.014799642726455925 -1.1631867654980963e-05 8.9285769931198164e-07 8.6391678239379239e-07 -7.2705639545114867e-05 0.11044514373026022 7.8638739839736537e-06 3.895644226900616e-06 0.047656450025747789 -0.0073045965174257724 1.4585015858975909 0.00085167395914354568 0.0058719616485834797 -0.0001790022641945192 0.0016940173900717383 -0.045957562351436179 -1.3162479509241451 0.00033283989051063385
leaf_weight=1568679 329187 25272 8494 3225 10149 2272 630 3766 6148 2038 1329 526 90 4935 621 751 873 566 1251 162 13268 931 1606 416 20782 3959 12231 21480 2549 504
leaf_count=1568679 329187 25272 8494 3225 10149 2272 630 3766 6148 2038 1329 526 90 4935 621 751 873 566 1251 162 13268 931 1606 416 20782 3959 12231 21480 2549 504
internal_value=-5.78907e-05 0.000726129 -0.0011583 -0.000128234 0.000489501 0.00426447 -0.000957225 -0.0123871 0.0104522 0.00311507 0.0220696 0.0146186 -0.0303571 0.00640386 0.0141944 0.00375887 -0.0079507 -0.0235233 0.0299145 -0.0361134 -0.000764154 0.000105499 0.00285315 0.00187646 -0.00138927 -0.0184771 0.00824343 -0.00287289 -0.00609888 -0.0222608
internal_weight=2.04869e+06 480011 150824 125552 117058 29183 15827 6200 13356 8186 5170 3841 616 9627 4692 2820 2069 1439 1872 2434 87875 77726 40429 38823 25661 4879 13162 37297 24029 4463
internal_count=2048690 480011 150824 125552 117058 29183 15827 6200 13356 8186 5170 3841 616 9627 4692 2820 2069 1439 1872 2434 87875 77726 40429 38823 25661 4879 13162 37297 24029 4463
is_linear=0
shrinkage=0.05


Tree=93
num_leaves=31
num_cat=0
split_feature=15 17 10 17 15 18 14 10 16 10 14 16 18 15 18 14 12 3 13 16 10 18 15 12 10 13 16 11 17 15
split_gain=168.31 547.764 285.388 235.921 175.653 343.171 246.696 239.628 223.113 215.974 311.951 140.94 129.96 528.355 305.079 474.987 294.54 274.075 557.361 239.522 187.822 399.552 180.06 156.437 137.425 193.033 130.816 121.646 303.676 132.217
threshold=10.862227143309083 171.50000000000003 40.500000000000007 195.00000000000003 29.931025369978865 0.031320067264574002 26.480076347020404 14.500000000000002 19.002083333333335 18.500000000000004 0.79012959837684982 27.538466925797533 0.05581516095534788 0.82160537482319673 0.10020920502092052 1.0000000180025095e-35 0.91666666666666685 -0.56174490092936669 1.0000000180025095e-35 17.644411330690666 11.500000000000002 0.9189832689832691 4.3840885142255015 0.41666666666666669 1.0000000180025095e-35 1.0000000180025095e-35 2.8972999035679847 23.833333333333339 24.500000000000004 22.090144927536233
decision_type=8 10 2 10 10 10 2 2 8 2 2 10 10 10 10 2 2 2 2 10 2 10 10 2 2 2 8 2 10 8
left_child=1 12 4 -3 9 8 7 11 -6 -2 27 -7 19 -14 15 -15 17 24 23 22 -18 26 -1 -19 25 -16 -22 -11 -29 -30
right_child=2 3 -4 -5 5 6 -8 -9 -10 10 -12 -13 13 14 16 -17 20 18 -20 -21 21 -23 -24 -25 -26 -27 -28 28 29 -31
leaf_value=0 0 -1.7130347210877187e-06 -2.9035328864066427e-09 0.31608409829082951 3.8744989196281277e-05 -0.010487235929964703 -0.12765167765495541 0 -0.00076207184787493369 0 -0.016278738968518756 0.48057973240077345 0 -0.00025941753860484292 -5.2411225882247496e-09 2.2913741757298822e-06 0 -4.2518667994934583e-05 0.00072505124278798632 8.0159089914897065e-07 0.0008533563736384496 7.4705810546875047e-14 0 1.002658844860102e-07 6.001134882259035e-10 0.00051561049932303984 -0.043115615369050758 2.6652586501217994e-07 0.00010661034600487195 0
leaf_weight=827076 92945 3220 261282 475 612 559 1139 39773 7499 19309 27000 3218 28106 3307 500 4542 650683 54 2963 8443 682 4516 13675 2007 438 650 17342 1048 7001 18626
leaf_count=827076 92945 3220 261282 475 612 559 1139 39773 7499 19309 27000 3218 28106 3307 500 4542 650683 54 2963 8443 682 4516 13675 2007 438 650 17342 1048 7001 18626
internal_value=-4.71033e-05 -0.000297798 0.00077217 -0.0195264 0.00210466 0.00461648 0.00633377 0.00693456 -0.00484527 0.00130538 -0.000730297 0.0189701 -0.000252399 -0.000748683 -0.000474055 -0.0102752 -0.000360896 0.0101407 0.0158639 0.000165922 -0.000464036 -0.0049512 8.17721e-05 0.0358321 -0.00796599 -0.0170435 -0.0082834 0.00177453 0.00396251 0.00288368
internal_weight=2.04869e+06 1.56868e+06 480011 3695 218729 52800 44689 43550 8111 165929 72984 3777 1.56498e+06 715790 687684 7849 679835 6612 5024 849194 673223 22540 840751 2061 1588 1150 18024 45984 26675 25627
internal_count=2048690 1568679 480011 3695 218729 52800 44689 43550 8111 165929 72984 3777 1564984 715790 687684 7849 679835 6612 5024 849194 673223 22540 840751 2061 1588 1150 18024 45984 26675 25627
is_linear=0
shrinkage=0.05


Tree=94
num_leaves=31
num_cat=0
split_feature=15 17 0 0 9 16 5 10 0 13 17 0 14 15 0 0 5 10 12 14 16 0 12 14 14 16 16 0 0 17
split_gain=144.672 605.853 290.883 267.646 244.186 333.173 262.549 189.852 251.459 208.238 184.529 535.286 375.076 286.628 555.576 244.854 172.501 184.379 159.198 386.414 193.377 158.281 156.718 183.964 148.038 143.524 171.728 140.287 138.133 137.336
threshold=8.1288389845552995 149.50000000000003 0.12940952255126045 0.91597561503675362 91.500000000000014 86.287348790322596 94.500000000000014 149.50000000000003 -0.70710678118654735 15.380267223575251 99.500000000000014 -0.5 1.1117877927675144 98.995145631067984 0.25881904510252091 0.98296291314453421 137.50000000000003 131.50000000000003 6.0833333333333348 1.0000000180025095e-35 18.419328569054347 -0.9159756150367534 90.916666666666671 1.0000000180025095e-35 0.7545593041629518 65.869337472111752 84.285221143473578 -0.9159756150367534 -1.0000000180025095e-35 243.50000000000003
decision_type=8 10 2 2 2 8 2 2 2 2 10 2 2 10 2 2 2 2 2 2 10 2 2 2 2 10 10 2 2 10
left_child=1 18 28 -4 22 10 -7 16 9 -9 11 12 -6 -13 -15 25 17 -8 20 21 -1 -20 -2 -24 -12 -16 -27 -11 -3 -18
right_child=4 2 3 -5 5 6 7 8 -10 27 24 13 -14 14 15 -17 29 -19 19 -21 -22 -23 23 -25 -26 26 -28 -29 -30 -31
leaf_value=0 0 -0.043249937344797748 -1.6205823093438959e-06 -0.0028463802653548973 7.5251255554465219e-05 -4.1481291909032289e-06 3.8281850767490682e-06 0.058807982486640799 -0.0002181515103607429 -1.2392213227398683 3.4605351680583926e-06 -3.7442327829946363e-06 -0.038617228995938453 -6.4718791283340769e-07 -1.4882695480732598e-07 -1.0557011434618032e-08 0.005615551625148602 -0.024478290780834123 4.3269606215808109e-06 -0.0048763271137509147 7.6151135419152213e-07 0 0.0034599507210014303 0.029970082568233317 -0.048636316352782122 -1.012144183512395e-08 -2.1850954010003739e-07 2.5179137466976318 5.2473524029266302e-06 0.74575385823510076
leaf_weight=1455843 374280 961 1438 859 901 7672 32699 12602 61143 116 5265 6359 271 1383 208 383 5395 3837 2467 33689 6795 17850 653 2548 7826 2472 306 575 373 1521
leaf_count=1455843 374280 961 1438 859 901 7672 32699 12602 61143 116 5265 6359 271 1383 208 383 5395 3837 2467 33689 6795 17850 653 2548 7826 2472 306 575 373 1521
internal_value=-2.19409e-05 -0.000269655 -0.0206692 -0.0314541 0.000690745 -0.00100905 4.69895e-05 0.000630259 -0.000902789 0.00532987 -0.00623473 -0.0106367 0.0215017 -0.0140266 -0.0233165 -0.0123627 0.00325647 0.00188581 -0.000220816 -0.00288672 -0.000122382 0.00255943 0.0013704 0.0123868 -0.0021045 -0.00753516 -0.00453564 0.032055 -0.00209895 0.0104974
internal_weight=2.04869e+06 1.52028e+06 3631 2297 528415 150934 125560 117888 74436 13293 25374 12283 1172 11111 4752 3369 43452 36536 1.51664e+06 54006 1.46264e+06 20317 377481 3201 13091 2986 2778 691 1334 6916
internal_count=2048690 1520275 3631 2297 528415 150934 125560 117888 74436 13293 25374 12283 1172 11111 4752 3369 43452 36536 1516644 54006 1462638 20317 377481 3201 13091 2986 2778 691 1334 6916
is_linear=0
shrinkage=0.05


Tree=95
num_leaves=31
num_cat=0
split_feature=15 17 1 1 9 16 17 0 13 17 0 1 15 16 12 1 14 15 18 16 17 14 0 9 16 12 14 1 17 14
split_gain=136.861 600.778 347.979 464.779 238.777 217.814 179.518 177.93 287.17 264.302 515.035 698.977 422.034 260.047 215.79 206.2 435.632 203.004 297.199 148.737 141.249 139.999 546.416 198.6 148.477 135.46 196.301 134.696 234.672 194.352
threshold=8.1288389845552995 171.50000000000003 0.98296291314453421 0.25881904510252057 91.500000000000014 94.64108455882355 193.50000000000003 0.25881904510252091 4.4087031600079616 101.50000000000001 -0.5 0.1294095225512602 98.995145631067984 97.501456421092811 98.750000000000014 0.78656609248549303 0.85701202439173851 109.51431735484893 0.89668856048166401 97.501456421092811 356.00000000000006 1.4766030247826072 0.60355339059327384 143.50000000000003 260.18776959690621 90.916666666666671 1.0000000180025095e-35 -0.98296291314453399 661.50000000000011 8.4203786789916251
decision_type=8 10 2 2 2 8 10 2 2 10 2 2 8 10 2 2 2 8 10 10 10 2 2 2 10 2 2 2 10 2
left_child=1 -1 3 6 25 -6 -3 9 15 10 11 12 -7 -13 -12 21 20 -11 27 -16 -17 22 -9 -23 -25 -2 -27 28 -19 -29
right_child=4 2 -4 -5 5 7 -8 8 -10 17 14 13 -14 -15 19 16 -18 18 -20 -21 -22 23 -24 24 -26 26 -28 29 -30 -31
leaf_value=0 0 -0.17693575705889628 4.9849847827802984e-06 -1.546353869566138e-06 -1.483208827155698e-07 0.002040519832337257 0.8417066697361042 0.0012799269218926287 -0.39668140600131174 -0.04245635857052478 -0.0024727885224096803 7.5071901501068796e-05 -0.008375909770322312 -0.0023512595914348009 -6.0178226392779482e-07 -0.00015985104769652289 0.044840875760332743 0.028236161127530846 -0.0012270133136152491 7.2794162075818381e-06 0.00036881163241029669 0.068119663361889904 6.2945686608096956e-07 -0.23261136189323728 -0.0094811527018582534 0.0032869531849513585 0.028471578439821638 0.030430073440278128 -3.0215324676344557 0.38541327962210281
leaf_weight=1516715 374280 819 342 1907 37226 786 492 2098 6409 8138 318 115 159 781 169 3463 1289 1983 18285 1694 861 3614 28193 5234 4349 653 2548 15756 486 9528
leaf_count=1516715 374280 819 342 1907 37226 786 492 2098 6409 8138 318 115 159 781 169 3463 1289 1983 18285 1694 861 3614 28193 5234 4349 653 2548 15756 486 9528
internal_value=-1.48876e-06 -0.000242423 -0.0207584 -0.0258546 0.000691691 -0.000989174 -0.00293669 9.76185e-05 -0.00192758 0.00202928 0.0143958 -0.00507876 0.0249206 -0.0367188 0.0308345 -0.000628297 -0.00964725 0.00111119 0.00239802 0.0373323 -0.0172525 0.00053578 0.00240831 -0.00376222 -0.00752896 0.00136378 0.0116057 0.00565885 -0.00548805 0.00674735
internal_weight=2.04869e+06 1.52028e+06 3560 3218 528415 150934 1311 113708 55510 58198 4022 1841 945 896 2181 49101 5613 54176 46038 1863 4324 43488 30291 13197 9583 377481 3201 27753 2469 25284
internal_count=2048690 1520275 3560 3218 528415 150934 1311 113708 55510 58198 4022 1841 945 896 2181 49101 5613 54176 46038 1863 4324 43488 30291 13197 9583 377481 3201 27753 2469 25284
is_linear=0
shrinkage=0.05


Tree=96
num_leaves=31
num_cat=0
split_feature=15 17 0 0 10 5 7 5 14 0 14 0 14 0 2 18 18 0 17 10 15 17 15 18 0 14 17 17 0 0
split_gain=143.217 597.499 295.421 264.331 224.285 206.738 201.539 187.511 169.833 155.531 267.008 151.487 148.767 309.279 182.38 178.57 175.801 156.539 385.247 398.122 150.518 146.42 191.129 225.354 155.792 152.976 137.143 134.227 147.046 162.007
threshold=8.1288389845552995 171.50000000000003 1.0000000180025095e-35 0.91597561503675362 88.500000000000014 90.500000000000014 91.500000000000014 29.500000000000004 1.0000000180025095e-35 -0.60355339059327362 16.038578301684314 -1.0000000180025095e-35 2.9273603838359334 0.78656609248549325 -0.60785761079279388 0.5418859649122808 0.89280081117620569 0.98296291314453421 100.50000000000001 95.500000000000014 91.252636252636265 96.500000000000014 90.168918918918934 0.99930651872399456 0.37940952255126054 1.0000000180025095e-35 183.50000000000003 138.50000000000003 0.12940952255126045 -1.0000000180025095e-35
decision_type=8 10 2 2 2 2 2 2 2 2 2 2 2 2 2 10 10 2 10 2 8 10 10 10 2 2 10 10 2 2
left_child=1 27 11 -4 -2 7 8 -6 -7 10 -8 -3 17 14 -14 -15 -17 21 19 -19 -16 22 25 24 -24 -11 -20 -1 29 -29
right_child=4 2 3 -5 5 6 9 -9 -10 12 -12 -13 13 15 20 16 -18 18 26 -21 -22 -23 23 -25 -26 -27 -28 28 -30 -31
leaf_value=0 0 -0.062810637388204679 -1.4622355003983943e-06 -0.0027039839343936741 0.13152670804607505 0.0031226055257037909 0.0015391342708158645 -0.00025739498211002621 0.016799303578028009 5.1959399219385544e-07 0.95220563871951147 4.7357355436412837e-06 -0.12274024952648475 1.0204455102764176 -0.35468858404393017 -0.75761884407742885 -0.22868740016448577 -0.0029169529906613563 0.0053213411035542184 -2.4393539901455243e-07 0.022044680160483922 5.4477710018656007e-07 0.022288014168671808 -3.5496050997091265e-06 -0.022428686633499208 -0.034260646699788962 -0.033669378036781161 0.022235404267611784 1.2451273700411684e-07 -0.032666989703296172
leaf_weight=1515079 368135 914 1445 859 612 653 27166 11302 1547 656 2237 342 8048 313 1092 2329 1552 816 2357 1078 16999 73824 636 2194 1070 410 3389 601 876 159
leaf_count=1515079 368135 914 1445 859 612 653 27166 11302 1547 656 2237 342 8048 313 1092 2329 1552 816 2357 1078 16999 73824 636 2194 1070 410 3389 601 876 159
internal_value=4.1734e-06 -0.000242292 -0.0207022 -0.0313368 0.000713265 -0.000847891 -0.000339026 -0.00718482 0.0146818 -0.000565111 0.0026851 -0.00119427 -0.00138357 -0.0043962 -0.00237385 -0.0170005 -0.0199304 -0.000326276 -0.00715969 -0.0267159 0.000411807 0.000336337 -0.00797422 -0.0131026 0.00052755 0.010788 -0.00071354 -0.000194269 0.0141198 -0.00197368
internal_weight=2.04869e+06 1.52028e+06 3560 2304 528415 160280 148366 11914 2200 146166 29403 1256 116763 30333 26139 4194 3881 86430 7640 1894 18091 78790 4966 3900 1706 1066 5746 1.51672e+06 1636 760
internal_count=2048690 1520275 3560 2304 528415 160280 148366 11914 2200 146166 29403 1256 116763 30333 26139 4194 3881 86430 7640 1894 18091 78790 4966 3900 1706 1066 5746 1516715 1636 760
is_linear=0
shrinkage=0.05


Tree=97
num_leaves=31
num_cat=0
split_feature=15 17 1 1 10 17 11 1 17 1 17 17 14 16 7 14 17 17 1 11 16 13 1 7 13 1 14 0 0 13
split_gain=159.207 630.509 294.346 413.65 192.525 164.76 150.847 382.43 257.745 257.232 303.141 256.499 181.316 192.685 160.56 198.482 145.423 137.169 264.738 136.835 136.57 261.394 346.277 154.138 172.813 136.213 158.469 136.005 122.701 263.35
threshold=8.1288389845552995 149.50000000000003 0.25881904510252057 0.98296291314453421 88.500000000000014 193.50000000000003 90.166666666666671 0.91597561503675351 94.500000000000014 -0.12940952255126037 90.500000000000014 96.500000000000014 26.480076347020404 82.593488072211485 91.500000000000014 1.0000000180025095e-35 97.500000000000014 138.50000000000003 0.98296291314453421 7.166666666666667 97.501456421092811 0.64395055085937891 1.0000000180025095e-35 98.500000000000014 0.64395055085937891 -0.9159756150367534 1.0000000180025095e-35 -0.98296291314453399 -0.60355339059327362 15.380267223575251
decision_type=8 10 2 2 2 10 2 2 10 2 10 10 2 10 2 2 10 10 2 2 10 2 2 2 2 2 2 2 2 2
left_child=1 17 5 -4 20 -3 7 9 -9 12 27 -12 13 -6 15 -8 -15 -1 19 -19 23 25 -23 -2 -25 26 -22 -11 29 -16
right_child=4 2 3 -5 6 -7 14 8 -10 10 11 -13 -14 16 28 -17 -18 18 -20 -21 21 22 -24 24 -26 -27 -28 -29 -30 -31
leaf_value=0 0 -0.13956467855906363 -1.3959244010679112e-06 4.4989487664592192e-06 -0.31010863483465712 0.8027618681187092 0.0029664752494186013 1.8752774938634004e-05 -0.00030565471985514336 0.0055519707799989056 2.0051508063205671e-05 -0.026166574261090592 0.15359799030700963 0.0018997144320621721 0.001715159767840174 0.0099276073275706683 -0.052227267280108514 1.2465590582665757e-07 -0.031033640218131361 -0.10045525574474257 0.0012337897717818499 0.071101265849043596 0.67427403389917517 -0.044996398410379113 0.028851962291791933 -0.0080570712138468437 -0.014441366735695417 -7.1213657700141567e-06 -1.681436935891193e-07 1.9718337970650657
leaf_weight=1515079 351160 890 1907 342 1382 492 653 575 360 41 471 1849 474 1157 28854 1752 2879 1269 144 152 300 8454 3425 522 488 3313 473 1237 117774 822
leaf_count=1515079 351160 890 1907 342 1382 492 653 575 360 41 471 1849 474 1157 28854 1752 2879 1269 144 152 300 8454 3425 522 488 3313 473 1237 117774 822
internal_value=1.55953e-05 -0.000244265 -0.0210548 -0.0322143 0.000763226 -0.00289436 -0.000683179 -0.0064988 0.0240107 -0.00950474 -0.0200389 -0.00926724 -0.00307196 -0.0056663 -0.000278603 0.0125364 -0.000148662 -0.000194442 0.0146006 0.0211471 0.00139297 0.00591607 0.00966832 0.00118792 -0.0183168 -0.00499266 0.0139069 -0.0395931 -0.000487623 0.00238577
internal_weight=2.04869e+06 1.52028e+06 3631 2249 528415 1382 160280 10425 935 9490 3598 2320 5892 5418 149855 2405 4036 1.51664e+06 1565 1421 368135 15965 11879 352170 1010 4086 773 1278 147450 29676
internal_count=2048690 1520275 3631 2249 528415 1382 160280 10425 935 9490 3598 2320 5892 5418 149855 2405 4036 1516644 1565 1421 368135 15965 11879 352170 1010 4086 773 1278 147450 29676
is_linear=0
shrinkage=0.05


Tree=98
num_leaves=31
num_cat=0
split_feature=15 17 1 1 9 5 17 17 1 11 12 14 18 7 12 14 18 9 18 1 18 16 1 12 16 17 1 1 17 15
split_gain=171.71 627.345 295.932 413.65 196.29 268.426 150.244 140.013 262.151 164.053 126.075 201.347 127.394 119.168 118.039 111.686 138.619 101.456 100.713 337.835 164.418 172.022 142.636 141.361 266.106 308.797 387.247 196.703 221.424 175.782
threshold=8.1288389845552995 171.50000000000003 0.25881904510252057 0.98296291314453421 91.500000000000014 95.500000000000014 193.50000000000003 138.50000000000003 0.98296291314453421 7.166666666666667 90.916666666666671 1.0000000180025095e-35 0.98938984577282463 98.500000000000014 10.083333333333334 1.0000000180025095e-35 0.077121332275971469 93.500000000000014 -0.0088569976146717216 -0.12940952255126037 -0.015043290043290041 17.644411330690666 -0.9159756150367534 1.0000000180025095e-35 20.792503881126638 114.50000000000001 -0.12940952255126037 -0.12940952255126037 92.500000000000014 90.168918918918934
decision_type=8 10 2 2 2 2 10 10 2 2 2 2 10 2 2 2 10 2 8 2 10 10 2 2 10 10 2 2 10 10
left_child=1 7 6 -4 10 17 -3 14 9 -9 13 -12 -13 18 -1 -16 -17 -6 19 20 21 -2 -23 24 -20 27 -27 -26 -29 -25
right_child=4 2 3 -5 5 -7 -8 8 -10 -11 11 12 -14 -15 15 16 -18 -19 23 -21 -22 22 -24 29 25 26 -28 28 -30 -31
leaf_value=0 0 -0.15797020340858803 -1.3261281810145158e-06 4.2740013281362586e-06 -3.5188138020945576e-07 -1.0611591024215629e-08 0.76262377471277376 1.1842311053532469e-07 -0.029481958207224792 -0.10255284509340508 0.0028181514869476711 0.040138553946267141 -0.029901831815278147 -0.041250365030830891 0 0.00090315921878007441 -0.045480235516379641 -3.8755150516016171e-06 0 0 5.7569716018503661e-05 0 6.7595009080744666e-05 0 -0.0033231214732188071 0.00063277369168589833 -0.0090840159806214946 3.4830960149206471 -0.0057807002776653835 0.040494231600556568
leaf_weight=1497316 1442 819 1907 342 5001 135800 492 1321 144 171 653 2229 319 332 6013 1156 10594 10133 7493 5057 981 311 760 340005 2154 2324 2038 165 625 10593
leaf_count=1497316 1442 819 1907 342 5001 135800 492 1321 144 171 653 2229 319 332 6013 1156 10594 10133 7493 5057 981 311 760 340005 2154 2324 2038 165 625 10593
internal_value=2.67244e-05 -0.000243147 -0.0212079 -0.0322143 0.000803157 -0.000720845 -0.00232647 -0.000193939 0.0144254 0.0206434 0.00141252 0.0112933 0.00494505 0.00132802 -0.000209725 -0.00426167 -0.00709787 -0.00703713 0.0013546 0.00671851 0.0186749 0.0118981 0.0270775 0.00122907 -0.00355767 -0.0103477 -0.0019028 -0.0228601 -0.00151899 0.00143113
internal_weight=2.04869e+06 1.52028e+06 3560 2249 528415 150934 1311 1.51672e+06 1636 1492 377481 3201 2548 374280 1.51508e+06 17763 11750 15134 373948 8551 3494 2513 1071 365397 14799 7306 4362 2944 790 350598
internal_count=2048690 1520275 3560 2249 528415 150934 1311 1516715 1636 1492 377481 3201 2548 374280 1515079 17763 11750 15134 373948 8551 3494 2513 1071 365397 14799 7306 4362 2944 790 350598
is_linear=0
shrinkage=0.05


Tree=99
num_leaves=31
num_cat=0
split_feature=15 9 15 13 5 13 16 9 15 0 18 0 9 12 16 0 0 0 16 18 5 0 0 16 0 0 15 15 16 16
split_gain=149.994 188.573 236.9 272.874 320.922 215.313 262.24 176.711 236.731 347.682 318.842 345.331 257.04 256.451 365.635 273.954 204.112 176.875 175.226 191.541 162.104 183.029 152.76 233.211 214.437 190.04 204.444 152.757 148.39 147.555
threshold=8.1288389845552995 17.500000000000004 19.442072271386433 1.0000000180025095e-35 25.500000000000004 1.5236033621142739 34.620725727361894 41.500000000000007 29.931025369978865 -0.37940952255126065 0.96668978270920036 -0.98296291314453399 29.500000000000004 28.750000000000004 10.001246882793019 -0.60355339059327362 0.98296291314453421 0.60355339059327384 21.706600455203809 0.74570365558377139 3.5000000000000004 -0.98296291314453399 -0.70710678118654735 22.594959805373389 -0.9159756150367534 -0.5 26.420369243254211 16.206389452332662 27.538466925797533 61.769841269841272
decision_type=8 2 8 2 2 2 8 2 10 2 10 2 2 2 10 2 2 2 10 10 2 2 2 10 2 2 8 10 10 10
left_child=29 5 3 4 -3 6 27 8 9 10 -4 -12 16 14 15 -13 -11 -14 -7 -20 -5 -22 23 -15 -25 28 -27 -2 -24 -1
right_child=1 2 7 20 -6 18 -8 -9 -10 12 11 13 17 22 -16 -17 -18 -19 19 -21 21 -23 25 24 -26 26 -28 -29 -30 -31
leaf_value=0 0 0 -0.00033324567815081537 0.034275457246066461 0.00024466948269975645 0.0064347605216182853 -0.00034319914633488814 -5.3761852106327728e-11 0 0 3.9137914667420058e-06 2.0574495694702157e-08 0 0.00024925550842623962 -5.3099130679010074e-06 -5.1652344470214863e-10 0 -0.048927563767509674 0.21987210943465663 -0.11543156462489512 -0.26829254211255826 -0.043721123863093327 -0.0051905429660149844 -4.0121615044549581e-07 -1.8546576958612066e-07 0.00024999951321320326 -4.8678679681396513e-10 1.1439103122558599e-08 9.7613562940063518e-09 -1.2530210962743531e-06
leaf_weight=1515399 94599 10526 14428 492 3322 8652 12997 256748 41377 26338 542 278 3560 350 2625 109 1733 2594 8046 525 1416 15527 216 453 633 133 225 19526 445 4876
leaf_count=1515399 94599 10526 14428 492 3322 8652 12997 256748 41377 26338 542 278 3560 350 2625 109 1733 2594 8046 525 1416 15527 216 453 633 133 225 19526 445 4876
internal_value=1.49364e-05 0.000740611 0.000161559 -0.00400857 0.00123122 0.00228134 0.00157054 0.00053134 0.00236102 0.000201237 -0.00495914 -0.0146364 0.00328269 -0.0184105 -0.0281873 0.0171835 0.00531153 -0.00597173 0.00752772 0.0125948 -0.00817035 -0.00899191 -0.00641548 -0.016922 -0.028361 0.00839058 -0.0209497 0.00233691 0.0242814 -0.000237293
internal_weight=2.04869e+06 528415 384070 31283 13848 144345 127122 352787 96039 54662 20437 6009 34225 5467 3012 387 28071 6154 17223 8571 17435 16943 2455 1436 1086 1019 358 114125 661 1.52028e+06
internal_count=2048690 528415 384070 31283 13848 144345 127122 352787 96039 54662 20437 6009 34225 5467 3012 387 28071 6154 17223 8571 17435 16943 2455 1436 1086 1019 358 114125 661 1520275
is_linear=0
shrinkage=0.05


Tree=100
num_leaves=31
num_cat=0
split_feature=15 17 10 0 1 18 16 16 12 16 1 1 15 10 1 14 16 17 1 17 16 10 0 18 1 1 0 14 18 0
split_gain=169.149 506.344 412.588 385.511 325.765 295.796 375.771 283.831 267.481 286.841 333.569 381.632 264.348 214.462 415.061 205.765 191.26 190.625 211.934 183.28 176.049 255.616 285.564 511.716 824.028 860.301 542.766 525.704 365.986 898.687
threshold=19.442072271386433 171.50000000000003 40.500000000000007 1.0000000180025095e-35 0.25881904510252057 0.033615819209039555 97.501456421092811 34.620725727361894 15.91666666666667 40.488468646363394 0.37940952255126048 0.98296291314453421 29.931025369978865 -1.0000000180025095e-35 -0.60355339059327384 25.207984877750626 13.246140350877194 100.50000000000001 -0.12940952255126037 106.00000000000001 14.740400140400142 19.500000000000004 -0.70710678118654735 0.98202564102564105 -0.78656609248549325 1.0000000180025095e-35 -1.0000000180025095e-35 1.0000000180025095e-35 0.88080584395041861 -0.9159756150367534
decision_type=8 10 2 2 2 8 8 8 2 10 2 2 8 2 2 2 8 10 2 10 10 2 2 10 2 2 2 2 10 2
left_child=1 8 5 -3 -5 7 15 12 9 -1 -11 -12 19 14 -9 20 -10 18 -15 -2 -7 -22 28 -24 -25 -26 27 -27 -23 -30
right_child=2 3 -4 4 -6 6 -8 13 16 10 11 -13 -14 17 -16 -17 -18 -19 -20 -21 21 22 23 24 25 26 -28 -29 29 -31
leaf_value=0 -5.7195515612793003e-10 -4.4077216164422335e-07 -2.0893534869505441e-09 -0.085533916779673841 -1.1971707171500721e-06 0 0.25251567759023746 0.0011576215559252069 0 0.00065366099395540033 0.074504097951652165 -0.028007860296863554 3.8103020438590562e-05 -0.0031940511766677553 -0.0071828568968066824 -0.12836082418808559 -5.7337456652832064e-10 -0.0099622344019480828 0.15239496886890153 3.916757114690779e-05 0.075090566632585953 0.028064914458739539 2.8055354211808411e-07 0 0.001072436232490331 2.5620357727050797e-11 0 -0.0024215574262942945 3.7181018934049063e-06 -1.8546576958612066e-07
leaf_weight=1602574 2551 1913 258596 764 1730 20615 3821 763 17008 4833 1367 132 1862 2133 2406 1028 31309 3521 437 323 10985 11258 35924 5180 4741 2418 10236 377 3945 3940
leaf_count=1602574 2551 1913 258596 764 1730 20615 3821 763 17008 4833 1367 132 1862 2133 2406 1028 31309 3521 437 323 10985 11258 35924 5180 4741 2418 10236 377 3945 3940
internal_value=2.44058e-05 -0.000194869 0.000965742 -0.0171205 -0.0300722 0.00328185 0.0041208 -0.00357959 -0.000149859 -3.97786e-05 0.0105812 0.0311875 0.00637669 -0.00867171 0.00187756 0.00358844 -0.00381543 -0.0141602 -0.0245136 -0.00313152 0.00379724 0.00476158 0.00375614 0.00548101 0.0113127 0.0164275 0.00979203 0.0293202 -0.00154887 -0.00980977
internal_weight=2.04869e+06 1.66163e+06 387060 4407 2494 128464 114468 13996 1.65722e+06 1.60891e+06 6332 1499 4736 9260 3169 110647 48317 6091 2570 2874 109619 89004 78019 58876 22952 17772 13031 2795 19143 7885
internal_count=2048690 1661630 387060 4407 2494 128464 114468 13996 1657223 1608906 6332 1499 4736 9260 3169 110647 48317 6091 2570 2874 109619 89004 78019 58876 22952 17772 13031 2795 19143 7885
is_linear=0
shrinkage=0.05


Tree=101
num_leaves=31
num_cat=0
split_feature=15 16 1 18 0 10 5 5 18 5 15 1 1 9 1 14 1 14 9 15 18 1 1 5 1 16 15 16 10 0
split_gain=120.137 327.684 468.525 610.197 454.999 177.583 173.149 166.589 253.099 368.031 169.37 164.585 147.266 141.586 136.32 859.887 333.405 277.874 257.169 238.822 228.172 2054.71 491.948 295.48 493.195 1242.57 988.402 335.466 411.819 925.144
threshold=8.1288389845552995 40.488468646363394 0.25881904510252057 1.0000000180025095e-35 0.12940952255126045 63.500000000000007 70.500000000000014 58.500000000000007 0.74570365558377139 81.500000000000014 94.006578947368425 0.25881904510252057 0.78656609248549303 -1.0000000180025095e-35 -0.5 0.53867513459481298 -0.78656609248549325 40.349341186989584 592.50000000000011 77.465868568517593 0.99744571741740184 1.0000000180025095e-35 -0.3794095225512602 99.500000000000014 0.91597561503675351 87.872026072786539 94.006578947368425 97.501456421092811 90.500000000000014 0.37940952255126054
decision_type=10 8 2 8 2 2 2 2 10 2 10 2 2 2 2 2 2 2 2 10 10 2 2 2 2 10 10 10 2 2
left_child=1 -1 -3 4 13 7 -7 -2 10 -10 -9 -11 -5 -4 15 16 -8 20 19 -17 22 -22 -16 24 27 26 -26 28 -23 -30
right_child=5 2 3 12 -6 6 14 8 9 11 -12 -13 -14 -15 17 18 -18 -19 -20 -21 21 23 -24 -25 25 -27 -28 -29 29 -31
leaf_value=0 0 0.00043186151361356668 0.0016027262221760205 0.00025308842124279477 -0.0023190780549445585 -0.0028161012325646165 0.0026728628322701445 0.093781636232556906 0.0018999807245584401 -0.033459238975900835 0.75087599262091487 -0.18951340283674953 0 -0.013644208799876104 -0.14784135306415039 -0.076574310086930886 0.001230042847278954 1.1872414414184473 -1.0609489787951005 0.014866311030611043 0.0026305382693837518 -8.5368094086879953e-06 3.5871090445958573e-06 -3.0785191167576111e-05 1.5583326308022811e-05 6.8972514621910376e-06 -6.2560640806766718e-07 -2.6230820417576486e-07 7.1300112491003639e-05 -2.1007700368295774e-08
leaf_weight=1521100 292134 5066 110 438 1955 16891 6875 5672 5280 786 1442 802 2638 736 8405 7516 3859 939 699 32115 4948 3682 103226 7999 1726 1642 1614 2948 913 4534
leaf_count=1521100 292134 5066 110 438 1955 16891 6875 5672 5280 786 1442 802 2638 736 8405 7516 3859 939 699 32115 4948 3682 103226 7999 1726 1642 1614 2948 913 4534
internal_value=-2.96043e-05 -0.000251951 -0.00887325 -0.0184788 -0.0353624 0.000629734 -0.000488052 0.00139849 0.00673008 -0.000116482 0.0133399 -0.0212217 -0.00310468 -0.00472813 -6.45528e-05 0.0021522 0.0147289 -0.00085849 -0.00119514 -0.000664884 -0.00103822 -0.00490902 2.23952e-06 -0.0107231 -0.0144411 -0.00120434 -0.0187126 -0.0199015 -0.015166 -0.00643473
internal_weight=2.04869e+06 1.53204e+06 10943 5877 2801 516647 210531 306116 13982 6868 7114 1588 3076 846 193640 51064 10734 142576 40330 39631 141637 30006 111631 25058 17059 4982 3340 12077 9129 5447
internal_count=2048690 1532043 10943 5877 2801 516647 210531 306116 13982 6868 7114 1588 3076 846 193640 51064 10734 142576 40330 39631 141637 30006 111631 25058 17059 4982 3340 12077 9129 5447
is_linear=0
shrinkage=0.05


Tree=102
num_leaves=31
num_cat=0
split_feature=9 5 1 14 5 1 17 14 17 8 17 18 1 7 5 16 17 18 9 14 5 1 1 1 1 18 1 16 18 16
split_gain=142.596 385.514 448.148 462.749 288.587 361.181 446.58 385.373 356.285 482.521 397.59 470.48 776.432 480.809 406.463 317.942 271.451 262.992 341.068 285.748 234.81 541.153 265.875 496.324 419.624 301.763 292.258 329.067 315.654 295.535
threshold=91.500000000000014 113.50000000000001 -0.5 0.48570226039551595 17.500000000000004 0.25881904510252057 18.500000000000004 1.0000000180025095e-35 35.500000000000007 73.500000000000014 77.500000000000014 0.98938984577282463 0.91597561503675351 83.500000000000014 76.500000000000014 73.44835993263294 30.500000000000004 0.92005509641873295 77.500000000000014 1.0000000180025095e-35 73.500000000000014 1.0000000180025095e-35 -0.70710678118654757 -0.78656609248549325 -0.60355339059327384 0.9693564542381371 -0.5 27.538466925797533 0.96881079766536982 27.538466925797533
decision_type=2 2 2 2 2 2 10 2 10 2 10 10 2 2 2 10 10 10 2 2 2 2 2 2 2 10 2 10 10 10
left_child=4 2 3 -2 -1 7 -7 20 -8 -10 14 17 13 -13 -11 16 -9 19 -19 -12 22 -22 23 25 -24 -6 27 -26 -28 -30
right_child=1 -3 -4 -5 5 6 8 15 9 10 11 12 -14 -15 -16 -17 -18 18 -20 -21 21 -23 24 -25 26 -27 28 -29 29 -31
leaf_value=0 0.0011685407049150064 3.09737506654975e-06 -2.4919279396697661e-07 -0.059298373767326253 0.0015532820841075885 2.8668728326416034e-11 0 0.002125505382172925 0.00013120150022240693 -0.00071639003852159554 -0.00095288668431790704 0.00018594738933319248 1.7036051411710386e-05 -8.1093359393241913e-06 4.2756017901177674e-07 0.023345146629719205 -0.030036021692582682 -2.0274971861540357e-06 0.00018598630878390149 0.013538597087192622 0.002539219690656637 -0.00020250867538160178 0.0010188144208658143 -5.3612050268222549e-05 2.9426603410464209e-07 0 -0.0033512610010346736 -1.7619248110681463e-07 0 3.9549920361342604e-06
leaf_weight=1655986 5012 105233 32854 8582 3506 1554 32679 13792 45787 870 2253 434 1257 2299 400 29781 57838 1182 6120 6157 5282 1697 2169 1664 1053 6223 6584 754 4121 5567
leaf_count=1655986 5012 105233 32854 8582 3506 1554 32679 13792 45787 870 2253 434 1257 2299 400 29781 57838 1182 6120 6157 5282 1697 2169 1664 1053 6223 6584 754 4121 5567
internal_value=-1.1788e-05 -0.001487 -0.00528117 0.00235398 0.000106167 0.00172266 0.0040018 7.89111e-05 0.00358615 0.00568013 -0.000600801 0.00114709 -0.0141855 -0.0291438 -0.0277165 -0.00153977 -0.00334497 0.00504073 0.011983 -0.00098692 0.00432936 0.0126307 0.00249834 -0.00361187 0.00593639 0.000704081 0.00344322 -0.0156336 0.0055617 0.0113026
internal_weight=2.04869e+06 151681 46448 13594 1.89701e+06 241023 100992 140031 99438 66759 20972 19702 3990 2733 1270 101411 71630 15712 7302 8410 38620 6979 31641 11393 20248 9729 18079 1807 16272 9688
internal_count=2048690 151681 46448 13594 1897009 241023 100992 140031 99438 66759 20972 19702 3990 2733 1270 101411 71630 15712 7302 8410 38620 6979 31641 11393 20248 9729 18079 1807 16272 9688
is_linear=0
shrinkage=0.05


Tree=103
num_leaves=31
num_cat=0
split_feature=18 15 12 3 13 15 9 11 0 9 0 15 0 16 16 9 16 11 15 16 16 12 0 0 15 0 18 0 0 9
split_gain=141.193 520.276 299.952 391.528 520.501 227.462 495.736 397.092 829.98 268.072 517.246 351.913 388.336 449.05 318.371 254.507 249.109 268.56 269.106 237.637 234.559 229.973 229.631 214.34 236.454 279.224 206.951 182.698 435.996 250.636
threshold=0.93344988344988356 0.82160537482319673 0.91666666666666685 -0.56174490092936669 1.0000000180025095e-35 30.281650641025646 60.500000000000007 80.166666666666671 -0.25881904510252113 17.500000000000004 -0.60355339059327362 17.006097560975615 -0.98296291314453399 10.758567519437086 15.767839068825912 71.500000000000014 13.246140350877194 19.166666666666668 17.692896509491735 74.831324211922137 34.620725727361894 28.750000000000004 0.98296291314453421 -0.9159756150367534 16.672646822204346 0.60355339059327384 0.95406694358365762 -0.9159756150367534 -0.25881904510252113 37.500000000000007
decision_type=10 8 2 2 2 10 2 2 2 2 2 10 2 10 8 2 10 2 10 10 10 2 2 2 8 2 10 2 2 2
left_child=-1 -2 3 -3 -5 9 20 8 19 14 11 -11 21 -14 -4 -15 -12 18 -18 -8 -7 -13 -19 -16 -25 -26 -10 -22 29 -29
right_child=1 2 5 4 -6 6 7 -9 26 10 16 12 13 15 23 -17 17 22 -20 -21 27 -23 -24 24 25 -27 -28 28 -30 -31
leaf_value=0 0 -4.9790664588135126e-09 0 9.023929603740919e-08 -7.3990383810253519e-05 0 0.00016957181025928738 -1.9711865915906812e-07 0.00013239684488318624 0.00016764854147106891 0 -0.049995795568941528 1.954577090996705e-08 -7.648100394001793e-07 4.5524128708707839e-06 0.0045799773364684146 2.7235291910095233e-11 0 2.7235291910095233e-11 -0.0012715143028492199 3.5301367702650473e-06 3.3344471969279474e-06 -1.9774960180671303e-07 0 -5.4470583820190462e-10 -5.43286427801514e-10 0.00014537463076532854 -6.5600506717805057e-06 -6.5596698611887366e-06 -0.0079613523538636065
leaf_weight=1292237 23292 1124 572901 1877 1477 9582 1147 80024 2025 2362 5367 501 416 4956 563 240 581 20237 1122 1796 1032 457 1405 2091 1494 951 7345 1318 7662 1108
leaf_count=1292237 23292 1124 572901 1877 1477 9582 1147 80024 2025 2362 5367 501 416 4956 563 240 581 20237 1122 1796 1032 457 1405 2091 1494 951 7345 1318 7662 1108
internal_value=-0.000131279 -0.000673803 -0.000440081 0.0124609 0.0210197 -0.000519362 -0.00258097 -0.00101314 0.00734589 -0.000140828 0.00394751 -0.00656068 -0.0125114 -0.0175339 -0.000407093 -0.0215358 0.00721649 0.00944956 0.0285672 -0.0158172 -0.00957395 0.0169102 0.0079452 -0.0128457 -0.0164572 -0.0270143 0.0146211 -0.0145144 -0.0165642 -0.0350371
internal_weight=2.04869e+06 756453 733161 4478 3354 728683 113039 92337 12313 615644 37644 8932 6570 5612 578000 5196 28712 23345 1703 2943 20702 958 21642 5099 4536 2445 9370 11120 10088 2426
internal_count=2048690 756453 733161 4478 3354 728683 113039 92337 12313 615644 37644 8932 6570 5612 578000 5196 28712 23345 1703 2943 20702 958 21642 5099 4536 2445 9370 11120 10088 2426
is_linear=0
shrinkage=0.05


Tree=104
num_leaves=31
num_cat=0
split_feature=18 15 12 3 13 10 0 0 14 10 3 0 14 0 0 14 18 0 16 18 13 16 16 15 10 15 12 13 15 10
split_gain=89.2822 545.489 291.56 391.528 520.501 229.343 174.613 182.654 166.3 258.52 156.443 232.626 156.601 152.389 240.341 755.694 509.528 407.612 319.297 272.865 350.675 196.846 189.64 205.694 260.358 158.965 219.407 156.592 346.642 273.014
threshold=0.93344988344988356 0.82160537482319673 0.91666666666666685 -0.56174490092936669 1.0000000180025095e-35 1.0000000180025095e-35 -0.70710678118654735 -0.9159756150367534 0.53867513459481298 467.50000000000006 -0.56174490092936669 -0.5 10.003471017426028 -0.98296291314453399 -0.70710678118654735 1.0000000180025095e-35 -1.0000000180025095e-35 -0.9159756150367534 92.338146833786382 0.79277003484320574 10.640581604551672 480.85425311203329 7.0597803237334462 1.857625482625483 6.5000000000000009 39.615802304964546 18.583333333333339 1.0000000180025095e-35 56.256578947368432 70.500000000000014
decision_type=10 8 2 2 2 2 2 2 2 2 2 2 2 2 2 2 8 2 10 8 2 10 10 8 2 10 2 2 10 2
left_child=13 -2 3 5 -5 -3 7 -6 -4 10 -10 12 -12 21 15 18 -17 25 -15 20 22 27 -19 -24 -25 26 -18 -1 -29 -30
right_child=1 2 8 4 6 -7 -8 -9 9 -11 11 -13 -14 14 -16 16 17 19 -20 -21 -22 -23 23 24 -26 -27 -28 28 29 -31
leaf_value=0 0 -5.2664886259279127e-09 0 8.572733123553872e-08 0.0006925131561418609 8.1906113675528393e-10 0.00080035017846242238 -7.0305820922502012e-05 -0.00024297386138218981 0.033161126521136917 -0.014593566533935721 -0.0036067619833170042 -0.18409475272518994 0 0 -0.0037988272180010975 0.00024891946962328178 0.017751161903530526 -0.027765241933519692 0.0014248202422793006 1.2239325755313821 -2.4889934229693682 -0.0078846767110700797 0.14252133936871422 0.074242359990002976 0.062072177278809093 -0.055320902122356588 -0.041304115551249534 0.26958066708051032 -0.067809563948380128
leaf_weight=40090 23292 756 685265 1877 200 368 819 458 12428 5821 7261 17042 866 185038 946908 948 19439 8651 1064 11665 1707 336 608 7508 27898 16077 6645 11421 2142 4092
leaf_count=40090 23292 756 685265 1877 200 368 819 458 12428 5821 7261 17042 866 185038 946908 948 19439 8651 1064 11665 1707 336 608 7508 27898 16077 6645 11421 2142 4092
internal_value=-6.62374e-05 -0.000497652 -0.000258333 0.0124609 0.0210197 -0.0130783 -0.00118483 -0.0203647 -0.000336497 -0.00333733 -0.00485544 -0.00712186 -0.0140827 0.000186305 0.000304094 0.00157094 0.00504963 0.00539482 -0.000319717 0.00811293 0.00983244 -0.00231659 0.00898242 0.0105792 0.0110744 0.00165319 -0.000757169 -0.00209455 -0.00601813 0.00346487
internal_weight=2.04869e+06 756453 733161 4478 3354 1124 1477 658 728683 43418 37597 25169 8127 1.29224e+06 1.23416e+06 287248 101146 100198 186102 58037 46372 58081 44665 36014 35406 42161 26084 57745 17655 6234
internal_count=2048690 756453 733161 4478 3354 1124 1477 658 728683 43418 37597 25169 8127 1292237 1234156 287248 101146 100198 186102 58037 46372 58081 44665 36014 35406 42161 26084 57745 17655 6234
is_linear=0
shrinkage=0.05


Tree=105
num_leaves=31
num_cat=0
split_feature=18 15 12 3 13 1 1 9 14 0 9 1 15 1 17 17 9 0 0 0 15 17 17 9 1 17 18 11 1 14
split_gain=80.2282 548.537 290.567 391.528 520.501 652.952 179.757 147.708 137.925 132.179 119.08 314.175 169.841 231.314 215.045 155.115 150.535 245.117 176.825 143.757 135.016 185.002 294.352 157.832 147.53 158.314 134.404 454.488 233.928 181.29
threshold=0.93344988344988356 0.82160537482319673 0.91666666666666685 -0.56174490092936669 1.0000000180025095e-35 0.37940952255126048 0.37940952255126048 -1.0000000180025095e-35 18.463552681873399 0.60355339059327384 432.50000000000006 1.0000000180025095e-35 248.97200598802399 0.1294095225512602 687.50000000000011 687.50000000000011 222.50000000000003 1.0000000180025095e-35 -0.98296291314453399 -0.9159756150367534 149.78549088210352 252.50000000000003 308.00000000000006 127.50000000000001 0.60355339059327384 356.00000000000006 0.92005509641873295 13.16666666666667 0.25881904510252057 0.48570226039551595
decision_type=10 8 2 2 2 2 2 2 2 2 2 2 10 2 10 10 2 2 2 2 10 10 10 2 2 10 10 2 2 2
left_child=10 -2 3 6 7 -6 -3 -5 -4 -10 12 15 16 -14 -15 -12 20 18 -18 -16 23 -22 -23 26 25 -24 -1 28 -28 -30
right_child=1 2 8 4 5 -7 -8 -9 9 -11 11 -13 13 14 19 -17 17 -19 -20 -21 21 22 24 -25 -26 -27 27 -29 29 -31
leaf_value=0 0 7.481024055062246e-10 0 -4.0401532926551503e-05 0.00076033266953930124 -6.6795543170601216e-05 -4.4667887045764413e-09 8.1440964673761793e-08 -0.17822202229832246 0.035102574631174679 -0.10505739119764126 0.026814776173701739 0.012177830460987683 0.010849162686159109 0.029639353076359287 -1.29849531329345 -1.0798835271737224 -0.32788356187112583 0.13360992817318337 2.6652121624958398 3.218765311233614e-05 0.49678445175365404 -0.080047433677355118 -0.038688446107736321 0.061165122197097688 0.33471679037943541 0.00060158322281116854 3.5507057977567239e-06 0.00060446023618061469 -0.00028032974679358477
leaf_weight=1225182 23292 665 727288 46 987 490 459 1831 928 467 1820 3782 9873 4524 294 2128 415 2214 2224 963 9129 2103 1395 12615 367 1861 973 8948 1216 211
leaf_count=1225182 23292 665 727288 46 987 490 459 1831 928 467 1820 3782 9873 4524 294 2128 415 2214 2224 963 9129 2103 1395 12615 367 1861 973 8948 1216 211
internal_value=-6.76774e-05 -0.000476632 -0.000236647 0.0124609 0.0210197 -0.00118483 -0.0130783 0.0384923 -0.000314677 -0.0160215 0.000171718 -0.00601552 0.000208952 0.00538521 0.0133281 -0.0158815 0.000145092 -0.00864414 0.00164835 0.0316229 0.000178837 0.00491754 0.011963 0.000122484 0.00332597 -6.14251e-05 0.000179252 0.0055957 0.0249167 0.0378066
internal_weight=2.04869e+06 756453 733161 4478 3354 1477 1124 1877 728683 1395 1.29224e+06 7730 1.28451e+06 15654 5781 3948 1.26885e+06 4853 2639 1257 1.264e+06 14855 5726 1.24914e+06 3623 3256 1.23653e+06 11348 2400 1427
internal_count=2048690 756453 733161 4478 3354 1477 1124 1877 728683 1395 1292237 7730 1284507 15654 5781 3948 1268853 4853 2639 1257 1264000 14855 5726 1249145 3623 3256 1236530 11348 2400 1427
is_linear=0
shrinkage=0.05


Tree=106
num_leaves=31
num_cat=0
split_feature=18 15 12 3 13 1 10 9 14 15 0 3 14 10 1 17 1 0 17 13 18 1 1 13 13 12 0 0 9 18
split_gain=81.7065 548.921 290.442 391.528 520.501 652.952 229.343 147.708 126.104 224.078 153.981 165.305 165.338 121.366 266.009 188.301 565.7 191.024 146.682 136.115 110.097 205.567 105.406 260.733 232.133 176.006 136.855 105.453 104.016 100.095
threshold=0.93344988344988356 0.82160537482319673 0.91666666666666685 -0.56174490092936669 1.0000000180025095e-35 0.37940952255126048 1.0000000180025095e-35 -1.0000000180025095e-35 0.53867513459481298 617.36184210526324 -1.0000000180025095e-35 -0.56174490092936669 10.003471017426028 431.50000000000006 1.0000000180025095e-35 661.50000000000011 0.37940952255126048 -0.98296291314453399 711.50000000000011 17.188489848636802 0.98124981689274315 0.37940952255126048 0.25881904510252057 1.0000000180025095e-35 1.0000000180025095e-35 0.91666666666666685 0.91597561503675362 0.37940952255126054 23.500000000000004 0.92005509641873295
decision_type=10 8 2 2 2 2 2 2 2 8 2 2 2 2 2 10 2 2 10 2 10 2 2 2 2 2 2 2 2 10
left_child=13 22 3 6 7 -6 -3 -5 -4 10 11 -10 20 15 18 29 17 -17 -15 -19 -13 -22 24 -24 25 -2 -26 -25 -27 -1
right_child=1 2 8 4 5 -7 -8 -9 9 -11 -12 12 -14 14 -16 16 -18 19 -20 -21 21 -23 23 27 26 28 -28 -29 -30 -31
leaf_value=0 -5.0132942243005103e-09 -5.0405693149068289e-09 0 -3.8381456280223928e-05 0.00072231603606233614 -6.3455766012071151e-05 7.4070295964220849e-10 7.73689164400737e-08 -0.00049132328121038365 0.064348926050942654 -0.00081986745075731814 -0.011956115362057681 -0.15870569418912359 -0.11044089870918219 0.022599539165455103 -2.0033033605388937 2.3966907367540369 0.33619288639054273 -1.2337525945142294 -1.7796767983801574 -0.0048306638630514452 -0.010789879628636759 0 -2.8097037562423453e-07 0.0011383878068451031 0 -0.00012959445425131079 -0.0016601265392346771 0.0089144414300170813 3.281510160977023e-05
leaf_weight=1265584 1514 756 685265 46 987 490 368 1831 6398 2241 22589 5994 1053 1999 3662 472 1200 2764 2158 375 2236 2907 4523 721 2433 13628 150 173 150 14023
leaf_count=1265584 1514 756 685265 46 987 490 368 1831 6398 2241 22589 5994 1053 1999 3662 472 1200 2764 2158 375 2236 2907 4523 721 2433 13628 150 173 150 14023
internal_value=-6.12831e-05 -0.000473988 -0.000233919 0.0124609 0.0210197 -0.00118483 -0.0130783 0.0384923 -0.000311933 -0.00292505 -0.00376302 -0.00713363 -0.0105496 0.000180307 -0.00603018 0.000218114 0.0100915 0.000207699 -0.0146861 0.00466709 -0.00875909 -0.014126 -0.00803065 -0.0141407 -0.00617902 -0.0085208 0.00768486 -0.0388143 -0.00674263 0.000180993
internal_weight=2.04869e+06 756453 733161 4478 3354 1477 1124 1877 728683 43418 41177 18588 12190 1.29224e+06 7819 1.28442e+06 4811 3611 4157 3139 11137 5143 23292 5417 17875 15292 2583 894 13778 1.27961e+06
internal_count=2048690 756453 733161 4478 3354 1477 1124 1877 728683 43418 41177 18588 12190 1292237 7819 1284418 4811 3611 4157 3139 11137 5143 23292 5417 17875 15292 2583 894 13778 1279607
is_linear=0
shrinkage=0.05


Tree=107
num_leaves=31
num_cat=0
split_feature=18 16 7 18 11 10 5 16 10 0 13 16 0 17 12 0 0 17 16 17 18 0 10 16 0 16 7 16 6 0
split_gain=67.4064 197.639 149.753 127.903 474.542 127.992 192.21 129.127 178.248 115.931 114.635 104.281 171.283 580.239 532.758 235.088 235.457 508.698 476.621 296.771 228.523 153.74 751.105 408.624 296.801 266.94 702.141 373.178 361.231 342.88
threshold=0.93116609634114245 0.87228814888389372 -1.0000000180025095e-35 0.92005509641873295 13.16666666666667 431.50000000000006 476.50000000000006 242.11883787661409 252.50000000000003 -0.25881904510252113 1.0000000180025095e-35 86.287348790322596 0.91597561503675362 127.50000000000001 98.750000000000014 -0.5 0.37940952255126054 101.50000000000001 97.501456421092811 492.50000000000006 0.9923175290182964 0.60355339059327384 98.500000000000014 60.155048076923087 0.78656609248549325 8.739313116550969 40.500000000000007 53.333929636255228 81.500000000000014 0.98296291314453421
decision_type=10 10 2 10 2 2 2 10 2 2 2 10 2 10 2 2 2 10 10 10 10 2 2 10 2 8 2 10 2 2
left_child=3 2 -2 5 10 6 7 -1 -9 -7 -5 21 15 14 -14 -13 17 18 -17 20 -18 -3 25 -24 -25 -23 29 -28 -29 -27
right_child=1 11 -4 4 -6 9 -8 8 -10 -11 -12 12 13 -15 -16 16 19 -19 -20 -21 -22 22 23 24 -26 26 27 28 -30 -31
leaf_value=0 0.0031524864651432064 0 0 0.00057259646929109544 9.1820577286518839e-06 0.098702273566827481 1.6311368966943371 0.27218061712484526 0.0054478632884827271 -0.10648047632272817 -0.0011931610142597942 -0.0023999612250801849 -2.9731197139184825e-06 -0.0019761401832440574 -2.2687722131067438e-07 6.9976873933700503e-07 9.694533168422299e-07 -3.7046758908982144e-06 6.5747044617377876e-06 0.0030185053867410809 -4.8025248588558272e-06 0 -0.00010249409241797968 1.533739222107599e-06 4.1994530895955601e-08 0 -6.2320381241460628e-06 0.00013692221407116746 -3.1464687940224633e-06 0
leaf_weight=1251250 256 449926 41666 2040 9306 1319 285 6670 12190 5849 244 8450 1569 10289 2107 2252 9255 10001 2109 3524 7939 161380 742 1111 2894 22298 6588 5763 5309 4109
leaf_count=1251250 256 449926 41666 2040 9306 1319 285 6670 12190 5849 244 8450 1569 10289 2107 2252 9255 10001 2109 3524 7939 161380 742 1111 2894 22298 6588 5763 5309 4109
internal_value=-3.91714e-05 -0.000412817 -0.00374982 0.000180972 0.00540984 0.000133535 0.000171128 0.000161915 0.00426829 -0.00652902 0.0258319 -0.000217874 -0.0022602 -0.00707841 -0.0241295 -0.00071445 0.00108894 0.00600891 0.0202591 -0.00232165 -0.00503082 -3.99927e-05 0.00107639 0.0207394 0.0270537 0.000622058 0.00407107 -0.00364666 0.0019599 0.0092324
internal_weight=2.04869e+06 759537 41922 1.28915e+06 11590 1.27756e+06 1.2704e+06 1.27011e+06 18860 7168 2284 717615 57495 13965 3676 43530 35080 14362 4361 20718 17194 660120 210194 4747 4005 205447 44067 17660 11072 26407
internal_count=2048690 759537 41922 1289153 11590 1277563 1270395 1270110 18860 7168 2284 717615 57495 13965 3676 43530 35080 14362 4361 20718 17194 660120 210194 4747 4005 205447 44067 17660 11072 26407
is_linear=0
shrinkage=0.05


Tree=108
num_leaves=31
num_cat=0
split_feature=15 10 1 3 16 0 10 0 1 10 17 17 17 17 0 17 1 5 1 17 15 15 3 1 16 1 14 17 10 0
split_gain=65.1594 324.479 87.6155 87.3463 86.6419 189.262 250.214 185.163 184.314 170.952 120.809 119.296 105.606 203.306 94.8054 95.6349 82.8083 180.711 154.838 87.0615 95.3625 87.2305 75.1544 72.0822 278.05 147.85 255.299 253.194 172.633 146.7
threshold=617.36184210526324 550.50000000000011 -0.9159756150367534 -0.22252093395631442 274.83347327686926 -0.70710678118654735 274.50000000000006 -0.9159756150367534 0.1294095225512602 222.50000000000003 719.50000000000011 687.50000000000011 661.50000000000011 530.50000000000011 0.60355339059327384 569.00000000000011 0.60355339059327384 489.50000000000006 0.37940952255126048 286.50000000000006 334.02775761973879 492.47603224752157 1.0000000180025095e-35 0.25881904510252057 215.59282040589383 0.60355339059327384 1.0000000180025095e-35 267.00000000000006 389.50000000000006 -0.37940952255126065
decision_type=10 2 2 2 10 2 2 2 2 2 10 10 10 10 2 10 2 2 2 10 8 8 2 2 10 2 2 10 2 2
left_child=1 4 -3 -2 9 6 8 12 11 -1 -9 -6 13 -8 -7 16 18 -18 19 -16 -21 -22 -13 24 -11 27 -27 -25 -29 -28
right_child=3 2 -4 -5 5 14 7 10 -10 23 -12 22 -14 -15 15 -17 17 -19 -20 20 21 -23 -24 25 -26 26 29 28 -30 -31
leaf_value=0 0.077988248156028256 -4.3323325253043441 -0.16422691903843722 0.00087996926160001105 0.65758456480846594 -0.0014003147935372786 -0.13005133768256724 0.089176126503145395 2.1938776729001468 -0.54378475025675233 1.0864355987013419 -1.0092678093433241 -1.2238178029170688 0.61461742234936856 0.051628473318651703 -0.26585642446937635 -0.00020565922864006941 0.0001832298962444391 0.0015281868156143657 -0.15874128370362439 0.021291142319267174 -0.029152485049362839 0.38022471192540924 -0.098323680179933856 -0.045784840651083229 -0.00029526199256683813 -0.098397352500863858 0.0017714140480342908 -0.029009544319980252 0.012668563484204766
leaf_weight=1998252 2017 261 1617 2827 853 13316 1714 2194 1180 1216 657 427 770 383 467 455 506 436 940 682 2995 711 310 714 5318 1435 974 1583 180 3300
leaf_count=1998252 2017 261 1617 2827 853 13316 1714 2194 1180 1216 657 427 770 383 467 455 506 436 940 682 2995 711 310 714 5318 1435 974 1583 180 3300
internal_value=-3.24842e-05 -4.62119e-05 -0.02082 0.0057597 -2.71062e-05 0.00268658 0.0089656 0.00299056 0.0212996 -6.61957e-05 0.0120133 0.0101887 -0.00598186 -0.000166905 8.77706e-05 0.00471357 0.00621196 -0.00753715 0.00844694 0.00485067 0.00266636 0.00582839 -0.00454545 -0.00543478 -0.00935109 -0.00230882 -0.00673498 0.00789261 0.0180658 -0.000608329
internal_weight=2.04869e+06 2.04385e+06 1878 4844 2.04197e+06 28996 8488 5718 2770 2.01297e+06 2851 1590 2867 2097 20508 7192 6737 942 5795 4855 4388 3706 737 14720 6534 8186 5709 2477 1763 4274
internal_count=2048690 2043846 1878 4844 2041968 28996 8488 5718 2770 2012972 2851 1590 2867 2097 20508 7192 6737 942 5795 4855 4388 3706 737 14720 6534 8186 5709 2477 1763 4274
is_linear=0
shrinkage=0.05


Tree=109
num_leaves=31
num_cat=0
split_feature=7 10 1 16 1 13 1 18 10 13 16 18 1 16 14 1 10 18 18 18 0 1 0 0 10 9 18 1 0 2
split_gain=60.5451 78.9833 241.352 106.458 182.887 353.086 204.347 155.637 149.584 125.285 120.298 102.748 102.14 365.588 327.706 321.46 142.247 116.084 112.579 109.876 100.049 96.9316 91.4405 90.1168 81.5837 77.8256 122.991 114.582 138.484 80.1224
threshold=693.50000000000011 518.50000000000011 1.0000000180025095e-35 329.14587231700608 0.37940952255126048 10.640581604551672 0.60355339059327384 0.82364210051836839 236.50000000000003 17.188489848636802 242.11883787661409 0.99930651872399456 0.60355339059327384 215.59282040589383 1.0000000180025095e-35 0.25881904510252057 286.50000000000006 0.98202564102564105 0.93703540553934273 0.70376822815847218 -0.37940952255126065 0.1294095225512602 0.60355339059327384 0.37940952255126054 383.50000000000006 375.50000000000006 0.99402380952380964 -0.12940952255126037 0.37940952255126054 -0.8783796973249266
decision_type=2 2 2 10 2 2 2 10 2 2 10 10 2 10 2 2 2 10 10 10 2 2 2 2 2 2 10 2 2 2
left_child=1 3 23 8 9 6 -6 -7 10 25 -1 -8 13 21 18 16 -15 19 -14 -16 -21 -10 -12 -3 -17 26 29 28 -27 -5
right_child=-2 2 -4 4 5 7 11 -9 12 -11 22 -13 14 15 17 24 -18 -19 -20 20 -22 -23 -24 -25 -26 27 -28 -29 -30 -31
leaf_value=0 0.043641667667685652 -3.6247799097595568 0.0068665081196565732 -0.26869940727269109 0.0065468385225123217 1.9598770702073904 0.00026911895892198077 -0.06454947728384966 -0.6050712806712133 -1.6802702787058934 0.22165506696779214 -0.00019537626720806593 0.0037191693526214503 0.0076806990924238819 -0.064205761639584455 0.0015399026162499886 -0.20769042430496759 -0.0052046535208198075 -0.00020004189619717054 -0.049508307607648822 0.04310854596725066 -0.04841744315740476 -0.76077421653472921 -0.60315644403569779 -0.010281850735618221 -0.16952541412452918 0.0073394609207404378 -0.069126064296588505 0.17068349976550778 0.11037292437264412
leaf_weight=1997710 1726 347 3610 1076 1613 1175 3985 249 850 651 2704 772 232 5003 367 1990 2010 1662 1567 844 2013 841 99 1648 185 2200 435 2021 2316 6789
leaf_count=1997710 1726 347 3610 1076 1613 1175 3985 249 850 651 2704 772 232 5003 367 1990 2010 1662 1567 844 2013 841 99 1648 185 2200 435 2021 2316 6789
internal_value=-3.27282e-05 -4.06211e-05 -0.00596789 -2.43465e-05 0.00333734 0.0095843 0.00455259 0.0320927 -6.31294e-05 0.000193698 -2.27942e-05 -0.000662182 -0.00465725 -0.00166835 -0.00952132 0.00226382 -0.00294453 -0.00280393 -0.0277654 0.00272953 0.0060378 -0.0230337 0.0103282 -0.0199248 0.0190575 0.00113567 0.0043494 -0.00294478 0.00148361 0.00291799
internal_weight=2.04869e+06 2.04696e+06 5605 2.04136e+06 23282 7794 6370 1424 2.01808e+06 15488 2.00051e+06 4757 17564 10879 6685 9188 7013 4886 1799 3224 2857 1691 2803 1995 2175 14837 8300 6537 4516 7865
internal_count=2048690 2046964 5605 2041359 23282 7794 6370 1424 2018077 15488 2000513 4757 17564 10879 6685 9188 7013 4886 1799 3224 2857 1691 2803 1995 2175 14837 8300 6537 4516 7865
is_linear=0
shrinkage=0.05


Tree=110
num_leaves=31
num_cat=0
split_feature=7 10 1 5 8 0 17 1 1 17 0 16 1 14 10 17 1 1 14 16 10 10 17 0 18 0 16 18 5 1
split_gain=59.033 75.1848 215.638 123.537 76.7414 89.4633 104.024 74.3818 120.256 66.9093 106.413 63.2575 139.774 160.931 126.09 141.708 145.832 378.827 269.861 214.81 156.016 129.786 122.907 119.271 110.44 106.48 106.051 89.0543 82.8611 81.4302
threshold=693.50000000000011 541.50000000000011 -0.3794095225512602 518.50000000000011 604.50000000000011 0.25881904510252091 732.00000000000011 -0.5 0.25881904510252057 594.50000000000011 0.91597561503675362 329.14587231700608 -0.9159756150367534 40.349341186989584 236.50000000000003 267.00000000000006 0.60355339059327384 0.25881904510252057 1.0000000180025095e-35 215.59282040589383 286.50000000000006 383.50000000000006 501.50000000000006 -0.37940952255126065 0.93703540553934273 0.91597561503675362 274.83347327686926 0.98202564102564105 284.50000000000006 0.91597561503675351
decision_type=2 2 2 2 2 2 10 2 2 10 2 10 2 2 2 10 2 2 2 10 2 2 10 2 10 2 10 10 2 2
left_child=1 3 4 11 5 -3 -7 -2 -9 10 -4 14 22 -14 26 25 17 19 24 -17 -21 -19 -13 -20 -18 -16 -1 28 -25 -26
right_child=7 2 9 -5 -6 6 -8 8 -10 -11 -12 12 13 -15 15 16 18 21 23 20 -22 -23 -24 27 29 -27 -28 -29 -30 -31
leaf_value=0 -0.48640211905038522 -4.2212302684339154 0.0023655385589908631 0.30806306777401177 -1.3905237173637817 0.38830719891028243 -1.7475602576783267 0.51265884108633253 0.022096254070036198 0.021257305967323628 -0.60122378756465877 0.1613430253364242 0.0029057376041170938 2.6384318890240595 -0.0010972113560539698 -0.67557631814928742 0.0035332108849903776 0.0014629074854374891 -0.086658342322560963 0.018496630864662168 -0.19730590308971921 -0.026601347198570314 -0.51797868426240201 -0.0017709496032470248 -0.00018820427051120239 -0.29339533457378153 0.7713525426216985 -0.0025096445624321665 0.078885821608467008 -0.0010186747771070684
leaf_weight=2000026 176 116 479 765 683 288 181 401 1149 3061 318 929 19035 405 1105 718 232 2142 1201 4801 2010 259 2628 1045 853 557 487 1197 990 453
leaf_count=2000026 176 116 479 765 683 288 181 401 1149 3061 318 929 19035 405 1105 718 232 2142 1201 4801 2010 259 2628 1045 853 557 487 1197 990 453
internal_value=-3.0971e-05 -3.87647e-05 -0.00608662 -2.35817e-05 -0.0239748 -0.0106838 -0.000959488 0.00921205 0.0127097 -0.000207361 -0.0131117 -3.11111e-05 0.00257642 0.00424383 -6.08253e-05 -0.00427888 -0.00282687 0.000886203 -0.00900184 -0.00462877 -0.00188665 0.0181799 -0.00653641 -0.00274081 -0.0270481 -0.0181709 -2.37939e-05 0.00225866 0.00862408 -0.0326953
internal_weight=2.04869e+06 2.04696e+06 5126 2.04184e+06 1268 585 469 1726 1550 3858 797 2.04107e+06 22997 19440 2.01808e+06 17563 15901 9930 5971 7529 6811 2401 3557 4433 1538 1662 2.00051e+06 3232 2035 1306
internal_count=2048690 2046964 5126 2041838 1268 585 469 1726 1550 3858 797 2041073 22997 19440 2018076 17563 15901 9930 5971 7529 6811 2401 3557 4433 1538 1662 2000513 3232 2035 1306
is_linear=0
shrinkage=0.05


Tree=111
num_leaves=31
num_cat=0
split_feature=15 17 12 17 1 1 13 11 10 1 16 11 16 6 16 1 17 1 1 17 16 16 15 17 15 1 12 1 15 1
split_gain=60.544 480.359 200.318 210.695 351.606 394.14 284.099 184.595 380.335 301.365 273.588 269.679 159.118 208.646 151.677 486.658 288.206 266.011 218.754 192.797 205.347 165.43 190.866 163.218 345.997 149.194 149.114 145.51 144.717 216.325
threshold=17.692896509491735 18.500000000000004 15.91666666666667 17.500000000000004 0.25881904510252057 -0.70710678118654757 1.0000000180025095e-35 1.5000000000000002 24.500000000000004 0.60355339059327384 16.266113416320888 -0.83333333333333315 13.246140350877194 17.500000000000004 58.47071984134363 0.37940952255126048 122.50000000000001 0.25881904510252057 0.25881904510252057 187.50000000000003 42.169281845186099 94.64108455882355 7.9096352749047369 163.50000000000003 1.0000000180025095e-35 0.37940952255126048 16.916666666666668 0.37940952255126048 161.24342105263159 0.37940952255126048
decision_type=10 10 2 10 2 2 2 2 2 2 10 2 8 2 10 2 10 2 2 10 8 10 10 10 8 2 2 2 10 2
left_child=2 12 14 4 5 -4 -5 9 10 11 -9 28 -2 -14 16 18 -1 -18 -16 -19 27 23 -23 24 -17 -22 -6 -21 29 -3
right_child=1 7 3 6 26 -7 -8 8 -10 -11 -12 -13 13 -15 15 21 17 19 -20 20 25 22 -24 -25 -26 -27 -28 -29 -30 -31
leaf_value=0 -1.4334364163208017e-12 5.469065826242234e-05 -5.1747054629180933e-10 1.9477510243723435e-07 -5.1612210641143828e-10 0.00010652387205105413 -0.038042794341004098 0 0 -0.0016923144605913328 2.6498062033126861e-07 -0.00023927879875287268 -5.43286427801514e-10 2.5873527314590472e-11 0.00041026843793288834 -0.003609145018497933 6.1583781668728044 -0.0036091316922046823 -0.0024525722227069866 0.00095548769696689401 -0.0022031868032521443 -0.085526021697832605 2.274904696869914 0.00011482354805351322 1.216730709822996 0.00011467643630389987 -5.1612210641143828e-10 -1.1248691249896371e-06 -0.0064959423900323651 -0.0084274989431095838
leaf_weight=1609151 212 4031 766 16311 562 1198 21395 14580 326442 3115 33610 5588 130 1154 4862 153 440 966 213 63 48 126 80 945 414 194 852 253 422 414
leaf_count=1609151 212 4031 766 16311 562 1198 21395 14580 326442 3115 33610 5588 130 1154 4862 153 440 966 213 63 48 126 80 945 414 194 852 253 422 414
internal_value=-2.88721e-05 0.00053195 -0.00016061 -0.00360846 -0.0155713 -0.00188391 -0.00253673 0.000422976 0.000630485 -0.00530582 0.00477692 -0.00123864 0.0288102 0.0354361 -7.30573e-05 0.0073826 -0.000104493 -0.0192464 -0.000403941 -0.0291339 -0.00573477 0.0303842 -0.0116505 0.0361111 0.014903 0.0289256 -0.0345827 -0.0322785 0.00736593 0.0100225
internal_weight=2.04869e+06 389698 1.65899e+06 41084 3378 1964 37706 388202 374632 13570 48190 10455 1496 1284 1.61791e+06 6793 1.61112e+06 1964 5075 1524 558 1718 206 1512 567 242 1414 316 4867 4445
internal_count=2048690 389698 1658992 41084 3378 1964 37706 388202 374632 13570 48190 10455 1496 1284 1617908 6793 1611115 1964 5075 1524 558 1718 206 1512 567 242 1414 316 4867 4445
is_linear=0
shrinkage=0.05


Tree=112
num_leaves=31
num_cat=0
split_feature=18 15 12 12 1 1 11 11 0 18 14 2 11 1 2 10 1 0 10 1 5 14 1 7 15 11 0 1 14 18
split_gain=133.347 385.805 298.712 326.436 321.011 166.404 243.473 170.019 152.481 150.851 191.293 146.134 164.32 189.883 150.759 164.172 140.866 114.314 108.179 227.411 215.954 105.664 161.253 100.728 95.306 293.328 289.289 539.438 355.87 398.311
threshold=0.9254525246109877 0.82160537482319673 0.91666666666666685 0.41666666666666669 0.37940952255126048 0.25881904510252057 0.83333333333333337 0.83333333333333337 0.91597561503675362 0.92005509641873295 0.4220412585204984 -0.60785761079279388 0.83333333333333337 0.37940952255126048 0.6078576107927941 1.0000000180025095e-35 0.37940952255126048 0.37940952255126054 478.50000000000006 1.0000000180025095e-35 476.50000000000006 10.003471017426028 0.37940952255126048 1.0000000180025095e-35 14.19788232943762 12.16666666666667 -0.70710678118654735 0.37940952255126048 1.0000000180025095e-35 0.8174754058784478
decision_type=10 8 2 2 2 2 2 2 2 10 2 2 2 2 2 2 2 2 2 2 2 2 2 2 10 2 2 2 2 10
left_child=9 5 3 4 23 7 17 8 -2 18 16 12 13 -5 15 -13 -11 -7 20 -20 24 -4 -23 -3 25 -1 27 -26 -29 -30
right_child=1 2 21 11 -6 6 -8 -9 -10 10 -12 14 -14 -15 -16 -17 -18 -19 19 -21 -22 22 -24 -25 26 -27 -28 28 29 -31
leaf_value=0 0.001081468416502848 0.0006343046594291978 0 0.00068620023425921932 -6.0277964417243296e-05 -2.669218568430228e-07 0 0 -0.00012311473153874526 0.00054669427646002005 0.00083068748224624693 -3.7293646741910404e-09 7.3500470618070016e-08 -6.3482643835246103e-05 7.8513764842370535e-08 1.7328383122192463e-09 0.00054669427645628475 0.00064861310844887177 -0.88399163223146526 0.021726825388738293 0.97160085152455344 0.014180037224386412 -0.088059588423047605 -3.6462383466212733e-05 0.00053784177583913594 -0.013719303270710937 0 -0.0049881678422808709 0.16146194879892253 -0.0008764983879216981
leaf_weight=986595 2300 443 736042 464 399 626 4674 15462 119 722 2465 716 1239 121 538 458 930 136 2358 2400 516 1366 1807 100 52662 30203 178028 2080 17299 5422
leaf_count=986595 2300 443 736042 464 399 626 4674 15462 119 722 2465 716 1239 121 538 458 930 136 2358 2400 516 1366 1807 100 52662 30203 178028 2080 17299 5422
internal_value=-9.10582e-05 -0.000612508 -0.000413948 0.0124609 -0.0136943 -0.00694558 -0.0146063 -0.00461663 0.0077098 0.000220999 0.00977654 0.0194287 0.0292763 0.0074359 0.00893692 -0.00110733 0.0229419 -0.0408136 0.000190206 -0.00733501 0.000218337 -0.000491941 -0.0095966 0.011326 0.000205221 -1.17034e-05 0.00106853 0.00361915 0.00969921 0.0115114
internal_weight=2.04869e+06 767010 743693 4478 942 23317 5436 17881 2419 1.28168e+06 4117 3536 1824 585 1712 1174 1652 762 1.27756e+06 4758 1.2728e+06 739215 3173 543 1.27229e+06 1.0168e+06 255491 77463 24801 22721
internal_count=2048690 767010 743693 4478 942 23317 5436 17881 2419 1281680 4117 3536 1824 585 1712 1174 1652 762 1277563 4758 1272805 739215 3173 543 1272289 1016798 255491 77463 24801 22721
is_linear=0
shrinkage=0.05


Tree=113
num_leaves=31
num_cat=0
split_feature=18 16 7 18 14 1 12 1 0 10 12 1 13 4 10 1 5 14 1 1 0 16 1 13 18 1 10 18 0 10
split_gain=140.571 168.104 152.34 145.5 185.026 134.759 101.044 324.427 168.95 156.602 100.785 109.106 520.718 115.574 96.562 214.667 200.391 93.6854 130.272 93.3767 100.802 84.3947 248.328 165.431 202.094 212.728 162.235 314.075 246.432 161.39
threshold=0.9254525246109877 0.87228814888389372 -1.0000000180025095e-35 0.92005509641873295 0.4220412585204984 0.37940952255126048 0.41666666666666669 0.25881904510252057 0.91597561503675362 1.0000000180025095e-35 0.91666666666666685 0.25881904510252057 1.0000000180025095e-35 1.0000000180025095e-35 478.50000000000006 -0.9159756150367534 476.50000000000006 10.003471017426028 0.37940952255126048 1.0000000180025095e-35 0.78656609248549325 114.57821418863823 0.1294095225512602 6.2092539874768535 0.79277003484320574 0.37940952255126048 149.50000000000003 0.68610836219693228 0.78656609248549325 83.500000000000014
decision_type=10 10 2 10 2 2 2 2 2 2 2 2 2 2 2 2 2 2 2 2 2 10 2 2 10 2 2 10 2 2
left_child=3 2 -2 14 5 -5 7 8 -4 -8 11 -3 13 -13 16 -16 21 -12 -19 20 -17 29 26 -24 25 -25 27 -23 -28 -1
right_child=1 10 6 4 -6 -7 9 -9 -10 -11 17 12 -14 -15 15 19 -18 18 -20 -21 -22 22 23 24 -26 -27 28 -29 -30 -31
leaf_value=0 0.0029407887210609034 6.9825447087166518e-08 0.00068586130548892882 0.00051935956263701906 0.00078915310813393454 0.00051935956263347057 2.5066471121502553e-10 -1.0284334992798658e-05 -0.000116958994961808 0 0 2.620561294112375e-10 -5.7249109893619961e-05 6.9825447087166518e-08 -2.4572846235614367 0.0054962345918955439 0.92302080894832561 0.013814849404694258 -0.088877183312766034 0.020640484119301378 -0.94623868406196898 -0.0021884059279670006 0.0018753273050074238 -0.006608691827610081 -0.10642847925847376 0.90770265096048031 -0.022401324716673266 0.091593676034852939 -0.21684385435919068 -0.00090427304595009327
leaf_weight=1179327 256 2424 1078 722 2465 930 2844 605 152 37008 718474 324 412 323 581 889 516 1330 1780 2400 888 14284 14902 994 740 2850 20190 4746 2824 31432
leaf_count=1179327 256 2424 1078 722 2465 930 2844 605 152 37008 718474 324 412 323 581 889 516 1330 1780 2400 888 14284 14902 994 740 2850 20190 4746 2824 31432
internal_value=-7.41205e-05 -0.00060951 -0.00368715 0.000246278 0.0096308 0.0225787 -0.00392329 -0.0153951 -0.000650407 -0.00339506 -0.000431477 0.0080534 -0.00533522 0.022643 0.000216036 -0.00689365 0.000242614 -0.000472433 -0.00913183 -0.00293273 -0.0116207 0.000229979 0.00203641 0.00670225 0.0150087 0.019615 -0.000126058 0.00328954 -0.00295038 0.000138178
internal_weight=2.04869e+06 767010 41943 1.28168e+06 4117 1652 41687 1835 1230 39852 725067 3483 1059 647 1.27756e+06 4758 1.2728e+06 721584 3110 4177 1777 1.27229e+06 61530 19486 4584 3844 42044 19030 23014 1.21076e+06
internal_count=2048690 767010 41943 1281680 4117 1652 41687 1835 1230 39852 725067 3483 1059 647 1277563 4758 1272805 721584 3110 4177 1777 1272289 61530 19486 4584 3844 42044 19030 23014 1210759
is_linear=0
shrinkage=0.05


Tree=114
num_leaves=31
num_cat=0
split_feature=18 15 7 12 3 11 1 1 0 18 14 1 12 1 11 15 1 10 14 18 0 2 18 3 10 14 15 11 1 10
split_gain=149.081 354.73 250.971 237.853 528.448 509.697 641.897 175.422 157.813 144.5 185.026 134.759 131.532 106.803 146.952 105.223 395.996 393.947 299.488 330.997 291.178 381.758 283.096 275.797 259.233 236.292 214.21 204.614 195.406 193.928
threshold=0.9254525246109877 0.82160537482319673 1.0000000180025095e-35 0.91666666666666685 -0.56174490092936669 0.83333333333333337 0.37940952255126048 0.91597561503675351 0.91597561503675362 0.92005509641873295 0.4220412585204984 0.37940952255126048 0.41666666666666669 0.37940952255126048 0.83333333333333337 13.358299337072923 1.0000000180025095e-35 26.500000000000004 0.53867513459481298 0.75017337031900155 0.78656609248549325 -0.60785761079279388 0.64528472679394355 -0.22252093395631442 214.50000000000003 12.649658670372959 89.32000632111253 12.16666666666667 -0.60355339059327384 67.500000000000014
decision_type=10 8 2 2 2 2 2 2 2 10 2 2 2 2 2 10 2 2 2 10 2 2 10 2 2 2 10 2 2 2
left_child=9 2 7 4 13 6 -6 8 -2 15 11 -11 -7 14 -3 27 17 28 -18 25 21 22 -19 -23 -22 -20 29 -1 -17 -25
right_child=1 3 -4 -5 5 12 -8 -9 -10 10 -12 -13 -14 -15 -16 16 18 20 19 -21 24 23 -24 26 -26 -27 -28 -29 -30 -31
leaf_value=0 0.00061671485546134172 0.0010716813003999457 0 0 0.00065156824021448236 -2.8791314544811698e-05 -5.6749849446741206e-05 -1.0284334992798658e-05 -0.00011696402078926786 0.00049339158450516815 0.00074969545272723784 0.00049339158450179704 6.9812913851605767e-08 -3.8174858054534766e-09 -4.8766619804239232e-09 0.0010880678119989573 0 -0.20395861775789578 0.051081960285115746 0.0049392555521476089 -0.052273561068006104 -0.030197355485012879 -0.013338757573349767 0.010456676470208582 -0.84853282182316048 0.51008307759584726 0.094496247400226316 -0.024700966136671942 -1.4649460499194026e-06 -0.062971321300061653
leaf_weight=983381 2385 278 20669 739215 952 60 482 125 138 722 2465 930 1860 459 387 25724 49052 11102 29240 30241 11288 23889 15225 19625 1983 5403 16712 26118 20870 7710
leaf_count=983381 2385 278 20669 739215 952 60 482 125 138 722 2465 930 1860 459 387 25724 49052 11102 29240 30241 11288 23889 15225 19625 1983 5403 16712 26118 20870 7710
internal_value=-5.13743e-05 -0.00060273 -0.00667539 -0.000412334 0.0110764 0.0210197 -0.00153417 0.00781722 0.0106817 0.00027858 0.0096308 0.0225787 0.0378646 -0.0185943 -0.00578947 0.000248442 0.00112902 -0.000523266 0.00336417 0.00559306 -0.00218722 -0.00121097 -0.00632241 0.000769842 -0.00912139 0.00892965 0.00311599 1.46112e-05 0.00331695 0.00038961
internal_weight=2.04869e+06 767010 23317 743693 4478 3354 1434 2648 2523 1.28168e+06 4117 1652 1920 1124 665 1.27756e+06 268064 154128 113936 64884 107534 94263 26327 67936 13271 34643 44047 1.0095e+06 46594 27335
internal_count=2048690 767010 23317 743693 4478 3354 1434 2648 2523 1281680 4117 1652 1920 1124 665 1277563 268064 154128 113936 64884 107534 94263 26327 67936 13271 34643 44047 1009499 46594 27335
is_linear=0
shrinkage=0.05


Tree=115
num_leaves=31
num_cat=0
split_feature=18 15 1 12 12 3 11 1 11 0 18 16 12 1 12 1 11 15 10 10 1 5 15 1 18 10 0 0 16 1
split_gain=144.856 513.688 243.626 348.604 237.853 528.448 509.697 641.897 184.508 152.481 145.336 183.09 131.532 130.061 111 106.803 146.952 104.644 98.4708 91.1979 163.357 154.324 112.375 142.546 112.04 96.0778 180.881 121.504 97.7837 93.3849
threshold=0.9254525246109877 0.82160537482319673 0.25881904510252057 0.91666666666666685 0.91666666666666685 -0.56174490092936669 0.83333333333333337 0.37940952255126048 0.83333333333333337 0.91597561503675362 0.92005509641873295 12.036980056980058 0.41666666666666669 0.25881904510252057 10.750000000000002 0.37940952255126048 0.83333333333333337 617.36184210526324 1.5000000000000002 431.50000000000006 1.0000000180025095e-35 476.50000000000006 248.97200598802399 0.1294095225512602 0.60814762130551614 228.50000000000003 1.0000000180025095e-35 -0.98296291314453399 242.11883787661409 0.37940952255126048
decision_type=10 8 2 2 2 2 2 2 2 2 10 10 2 2 2 2 2 10 2 2 2 2 10 2 10 2 2 2 10 2
left_child=10 2 8 -4 5 15 7 -7 9 -2 19 13 -8 -12 -15 16 -3 -6 -5 21 -21 22 25 -24 29 28 27 -27 -1 -25
right_child=1 4 3 18 17 6 12 -9 -10 -11 11 -13 -14 14 -16 -17 -18 -19 -20 20 -22 -23 23 24 -26 26 -28 -29 -30 -31
leaf_value=0 0.000965515420098077 0.0010180972353799483 -9.2559014935187916e-06 0 0 0.00061898982820375831 -2.7351748817571118e-05 -5.3912356974404146e-05 0 -0.0001052628441742542 0.00050739526057280628 0.0032741177712875737 6.6322268159025482e-08 -0.0021568376279400797 0.00046872200527670722 -3.6266115151808026e-09 -4.6328288814027275e-09 0.044187234722537105 -0.050037352664507297 -0.45803758235555758 0.017628950184368466 1.3098870532907227 0.016037727601576169 0.21703420122084296 0.0065061380211969035 -0.9719785562250518 -0.47799131166193515 0.15132830508937758 0.19447896562572214 1.5986608063023811
leaf_weight=1248217 2300 278 1433 3655 737211 952 60 482 15462 119 443 2893 1860 64 717 459 387 2004 348 3887 3281 285 9293 489 3716 340 1795 1901 3276 1083
leaf_count=1248217 2300 278 1433 3655 737211 952 60 482 15462 119 443 2893 1860 64 717 459 387 2004 348 3887 3281 285 9293 489 3716 340 1795 1901 3276 1083
internal_value=-9.7965e-05 -0.000641452 -0.00794914 -0.0172185 -0.000412334 0.0110764 0.0210197 -0.00153417 -0.00513114 0.0077098 0.00022728 0.00960651 0.0378646 0.025817 0.0380922 -0.0185943 -0.00578947 -0.00048193 -0.00964277 0.000197055 -0.0054269 0.000228787 0.000220532 0.00458473 0.0111384 0.000169849 -0.00753221 0.0019411 0.000194687 0.0223282
internal_weight=2.04869e+06 767010 23317 5436 743693 4478 3354 1434 17881 2419 1.28168e+06 4117 1920 1224 781 1124 665 739215 4003 1.27756e+06 7168 1.2704e+06 1.27011e+06 14581 5288 1.25553e+06 4036 2241 1.25149e+06 1572
internal_count=2048690 767010 23317 5436 743693 4478 3354 1434 17881 2419 1281680 4117 1920 1224 781 1124 665 739215 4003 1277563 7168 1270395 1270110 14581 5288 1255529 4036 2241 1251493 1572
is_linear=0
shrinkage=0.05


Tree=116
num_leaves=31
num_cat=0
split_feature=7 1 1 10 1 17 1 17 12 13 8 0 10 16 3 17 17 0 0 10 11 11 17 10 1 1 14 8 6 6
split_gain=58.1126 65.8498 115.953 58.2115 176.968 96.2141 316.716 156.187 141.958 128.272 81.1441 77.7948 68.519 59.4061 218.297 64.6052 56.9446 90.8808 55.6106 54.0434 171.453 165.298 166.386 148.296 124.975 538.914 468.162 283.748 159.948 176.681
threshold=693.50000000000011 -0.5 0.25881904510252057 541.50000000000011 -0.3794095225512602 530.50000000000011 0.37940952255126048 661.50000000000011 372.83333333333343 12.741003187248593 523.50000000000011 0.91597561503675362 590.50000000000011 529.25821735571037 -0.56174490092936669 20.500000000000004 594.50000000000011 0.91597561503675362 -0.37940952255126065 136.50000000000003 142.83333333333334 114.16666666666667 127.50000000000001 113.50000000000001 0.60355339059327384 0.37940952255126048 1.0000000180025095e-35 184.50000000000003 482.50000000000006 153.50000000000003
decision_type=2 2 2 2 2 10 2 10 2 2 2 2 2 8 2 10 10 2 2 2 2 2 10 2 2 2 2 2 2 2
left_child=3 -2 -3 5 12 13 9 8 -8 11 -9 -7 -5 19 15 -15 17 -6 -12 21 -21 23 -23 -1 25 -22 28 -27 29 -26
right_child=1 2 -4 4 16 6 7 10 -10 -11 18 -13 -14 14 -16 -17 -18 -19 -20 20 24 22 -24 -25 26 27 -28 -29 -30 -31
leaf_value=0 -0.46278188526359304 0.48481653729588903 0.018743905621900602 -0.20198615593269198 0.0022472616310413199 0.10158591663860719 -1.031112999183182 1.7819158371921759 0.1055631162038234 -1.0279108730019597 -0.24080391020820002 -0.6478819611022909 -1.1699141222791851 -0.012608623922195129 0 -5.6295889757835703e-05 0.019508263053585918 -0.5711625981864259 1.3255667461072482 -0.021308284594734772 -0.0079626856509092247 -0.0011107138197266801 0.00088276765957926025 -0.13045180248795027 0.00078529234960139952 -0.0069061653857877686 4.9914933727993745e-05 0.0016200903324548599 3.8550334586765739e-05 -0.0001743139187893038
leaf_weight=1935354 176 401 1149 361 479 5092 127 1301 902 1176 149 187 907 407 2563 123 3061 318 64 5815 35362 1882 20506 3204 545 1353 17140 4294 430 3862
leaf_count=1935354 176 401 1149 361 479 5092 127 1301 902 1176 149 187 907 407 2563 123 3061 318 64 5815 35362 1882 20506 3204 545 1353 17140 4294 430 3862
internal_value=-7.4511e-05 0.00909618 0.0123871 -8.22438e-05 -0.00540382 -6.8884e-05 0.00509002 0.0200354 0.00500486 -0.000797831 0.030251 0.00252889 -0.0216088 -9.1719e-05 -0.00701584 -0.0362264 -7.77605e-05 -0.0119824 0.00164319 -8.11678e-05 -0.00145855 -3.28413e-05 0.00423888 -8.21745e-05 -0.000700156 0.000930284 -0.00374255 0.0152736 -0.0174798 -0.0203199
internal_weight=2.04869e+06 1726 1550 2.04696e+06 5126 2.04184e+06 8998 2543 1029 6455 1514 5279 1268 2.03284e+06 3093 530 3858 797 213 2.02975e+06 68801 1.96095e+06 22388 1.93856e+06 62986 41009 21977 5647 4837 4407
internal_count=2048690 1726 1550 2046964 5126 2041838 8998 2543 1029 6455 1514 5279 1268 2032840 3093 530 3858 797 213 2029747 68801 1960946 22388 1938558 62986 41009 21977 5647 4837 4407
is_linear=0
shrinkage=0.05


Tree=117
num_leaves=31
num_cat=0
split_feature=18 15 12 3 13 0 0 9 18 16 10 15 9 13 0 3 18 10 10 16 12 15 0 10 0 0 16 12 15 0
split_gain=105.85 222.111 235.742 527.653 522.279 173.382 182.654 147.708 121.403 202.221 96.8818 95.1816 93.9154 93.1517 173.309 196.75 169.713 147.767 109.244 439.865 1033.95 547.824 568.32 470.855 672.939 842.438 401.411 268.171 308.541 263.06
threshold=0.9254525246109877 0.82160537482319673 0.91666666666666685 -0.56174490092936669 1.0000000180025095e-35 -0.70710678118654735 -0.9159756150367534 -1.0000000180025095e-35 0.92005509641873295 12.036980056980058 1.0000000180025095e-35 617.36184210526324 43.500000000000007 1.0950140852533554 1.0000000180025095e-35 -0.56174490092936669 0.99930651872399456 31.500000000000004 58.500000000000007 15.767839068825912 22.083333333333339 16.672646822204346 0.60355339059327384 41.500000000000007 -0.60355339059327362 -0.9159756150367534 27.538466925797533 66.083333333333357 62.802439024390246 -0.98296291314453399
decision_type=10 8 2 2 2 2 2 2 10 10 2 10 2 2 2 2 10 2 2 8 2 8 2 2 2 2 10 2 10 2
left_child=8 12 3 10 7 6 -6 -5 -1 -10 -3 13 -2 18 15 16 -15 -18 19 -4 21 -21 -23 24 25 29 -27 28 -20 -22
right_child=1 2 11 4 5 -7 -8 -9 9 -11 -12 -13 -14 14 -16 -17 17 -19 27 20 23 22 -24 -25 -26 26 -28 -29 -30 -31
leaf_value=0 0 -4.1391313079213541e-09 0 -2.5984161376692561e-05 0.00048590219161805185 0.00052793477679998044 -5.1209260974303342e-05 6.3006154751074204e-08 0.00044528590501287184 0.0030498503302452706 1.0925004391404681e-09 0.037638353749940894 0.0024952978194591226 -0.062010752127621249 0.011128010528976873 -0.056924586812099581 -0.0053315700675116637 0.25223770522170169 -0.00010091947244586077 0 3.3536299317517949e-06 -1.3249031016563432e-08 -4.9031600109086634e-10 -6.2320381241460628e-06 0 -5.0116169257618747e-06 -1.6738285705147392e-07 8.7297051062156836e-10 0.0001498593204091585 -7.7315087821970763e-08
leaf_weight=1277563 23055 756 582579 46 200 819 458 1831 1224 2893 368 2004 262 1560 5983 5107 637 1077 1463 3364 1080 5332 3176 9106 24891 1493 2652 83504 2055 2152
leaf_count=1277563 23055 756 582579 46 200 819 458 1831 1224 2893 368 2004 262 1560 5983 5107 637 1077 1463 3364 1080 5332 3176 9106 24891 1493 2652 83504 2055 2152
internal_value=-6.96299e-05 -0.000534217 -0.000383559 0.011054 0.0209899 -0.00125254 -0.0203647 0.0384923 0.000208398 0.00878067 -0.0185943 -0.000452845 -0.00533945 -0.000482426 -0.00446951 -0.00910989 0.000458155 0.0113186 -0.000403197 -0.000630598 -0.00498066 -0.0179877 -0.0247414 -0.00124837 0.00158516 -0.0116782 -0.0265983 0.0012583 0.0147811 0.00745668
internal_weight=2.04869e+06 767010 743693 4478 3354 1477 658 1877 1.28168e+06 4117 1124 739215 23317 737211 14364 8381 3274 1714 722847 635825 53246 11872 8508 41374 32268 7377 4145 87022 3518 3232
internal_count=2048690 767010 743693 4478 3354 1477 658 1877 1281680 4117 1124 739215 23317 737211 14364 8381 3274 1714 722847 635825 53246 11872 8508 41374 32268 7377 4145 87022 3518 3232
is_linear=0
shrinkage=0.05


Tree=118
num_leaves=31
num_cat=0
split_feature=18 15 12 12 1 2 2 13 1 18 16 1 13 12 9 15 14 7 0 15 12 1 14 18 17 17 7 18 15 16
split_gain=79.785 231.193 231.625 294.776 319.013 202.807 204.694 173.896 194.353 115.979 206.86 130.061 112.347 111 93.9154 90.8479 92.5173 83.8398 80.5197 426.93 438.282 374.348 456.47 558.446 336.56 318.421 303.521 292.461 277.038 364.841
threshold=0.9254525246109877 0.82160537482319673 0.91666666666666685 0.41666666666666669 0.37940952255126048 -0.60785761079279388 0.6078576107927941 1.0000000180025095e-35 0.37940952255126048 0.92005509641873295 12.036980056980058 0.25881904510252057 1.0000000180025095e-35 10.750000000000002 43.500000000000007 617.36184210526324 17.972586814250064 -1.0000000180025095e-35 -0.70710678118654735 0.17992805755395685 -0.91666666666666663 0.37940952255126048 1.0000000180025095e-35 -0.024404761904761901 6.5000000000000009 3.5000000000000004 -1.0000000180025095e-35 0.8174754058784478 3.7529766123316803 18.419328569054347
decision_type=10 8 2 2 2 2 2 2 2 10 10 2 2 2 2 10 2 2 2 10 2 2 2 10 10 8 2 10 10 10
left_child=9 14 3 4 12 7 -7 -5 -9 18 11 -11 -3 -13 17 16 -4 -2 19 20 -1 24 23 28 -21 -25 -22 -24 -23 -30
right_child=1 2 15 5 -6 6 -8 8 -10 10 -12 13 -14 -15 -16 -17 -18 -19 -20 21 26 22 27 25 -26 -27 -28 -29 29 -31
leaf_value=0 0.0032649901810960259 -2.4684953307857933e-05 0 5.985584701352049e-08 -4.8656276076968771e-05 -2.9762682446144582e-09 6.4618476526605965e-08 0.00056196558028534732 -4.935248277903036e-05 0.00045976120229352237 0.0028973578137330073 -0.0020712600417937192 0.00049754259692899941 0.00042302160976222822 0.0023705329284861667 0.035756436062443851 -0.094214349210067383 0 0 3.2194206073602175e-07 -1.244597348116409e-05 -1.9328974538316574e-07 0.076849130478359229 0.046066972439853762 0 -0.001760260728652022 0 -0.0019019000525035022 3.6814712975340549e-06 -0.0047387594501668269
leaf_weight=177010 151 66 735783 1234 399 1174 538 465 125 443 2893 64 477 717 262 2004 1428 22904 934810 7380 855 384 30469 1314 93749 8533 15786 6231 941 101
leaf_count=177010 151 66 735783 1234 399 1174 538 465 125 443 2893 64 477 717 262 2004 1428 22904 934810 7380 855 384 30469 1314 93749 8533 15786 6231 941 101
internal_value=-3.36068e-05 -0.000436956 -0.000283249 0.011054 -0.0138004 0.0176753 0.00531542 0.0292763 0.00694915 0.000207774 0.00858635 0.025817 0.0111418 0.0380922 -0.00533945 -0.000351927 -0.000380827 -0.00567773 0.000180774 0.000836317 -0.000712106 0.00284738 0.0064849 -0.00231527 0.00112183 -0.00655022 -0.00847004 0.00918801 0.0269285 0.0403071
internal_weight=2.04869e+06 767010 743693 4478 942 3536 1712 1824 590 1.28168e+06 4117 1224 543 781 23317 739215 737211 23055 1.27756e+06 342753 193651 149102 47973 11273 101129 9847 16641 36700 1426 1042
internal_count=2048690 767010 743693 4478 942 3536 1712 1824 590 1281680 4117 1224 543 781 23317 739215 737211 23055 1277563 342753 193651 149102 47973 11273 101129 9847 16641 36700 1426 1042
is_linear=0
shrinkage=0.05


Tree=119
num_leaves=31
num_cat=0
split_feature=18 15 12 3 13 0 0 9 9 0 16 17 11 18 16 16 15 16 17 13 13 13 18 5 15 15 17 17 8 17
split_gain=71.8115 229.189 232.47 527.653 522.279 173.382 182.654 147.708 133.413 102.039 177.351 96.5502 286.43 333.872 157.096 559.506 216.941 314.99 210.992 170.883 154.357 144.788 137.981 136.427 127.72 117.996 109.168 111.423 103.295 93.6863
threshold=0.98938984577282463 0.82160537482319673 0.91666666666666685 -0.56174490092936669 1.0000000180025095e-35 -0.70710678118654735 -0.9159756150367534 -1.0000000180025095e-35 45.500000000000007 -0.98296291314453399 480.85425311203329 13.500000000000002 1.0000000180025095e-35 0.077121332275971469 -0.49037989165180518 -0.37445652173913041 56.256578947368432 55.405923733452276 94.500000000000014 4.4087031600079616 1.0000000180025095e-35 1.0000000180025095e-35 -0.027046783625730989 1.5000000000000002 96.43167701863355 0.17992805755395685 291.50000000000006 530.50000000000011 54.500000000000007 27.500000000000004
decision_type=10 8 2 2 2 2 2 2 2 2 10 8 2 10 10 10 10 10 10 2 2 2 8 2 10 10 10 10 2 10
left_child=9 8 3 -3 7 6 -6 -5 -2 10 11 12 25 -14 -13 -16 17 21 -18 24 -15 22 -17 -23 -20 -1 -26 -28 -19 -24
right_child=1 2 -4 4 5 -7 -8 -9 -10 -11 -12 14 13 20 15 16 18 28 19 -21 -22 23 29 -25 26 -27 27 -29 -30 -31
leaf_value=0 0 -3.0895109617949722e-09 0 -2.3450705642465037e-05 0.00043350880302288195 0.00047666090811353148 -4.6215984121739738e-05 5.686305466284447e-08 0.00284614265373585 0 -2.1988850229477985 0 0.0018872586792519617 2.0004715426672643e-05 -0.050000000000000003 -2.2646117172421189e-07 0.087752279558819715 -0.063833216517136401 -0.13660643394644731 0.5170122862850004 -0.032120282877395143 0.012549697868244475 0 -0.078563006002159888 0.10881532653256237 -1.6097103036801088e-08 -0.46779558123373982 0.77784236471416879 -1.28907779693111 4.6607129716652366e-06
leaf_weight=2341 22938 1124 662324 46 200 819 458 1831 196 1299500 336 27564 640 1410 880 541 1346 1536 2015 1683 1830 461 3147 6809 1579 1358 662 127 717 2272
leaf_count=2341 22938 1124 662324 46 200 819 458 1831 196 1299500 336 27564 640 1410 880 541 1346 1536 2015 1683 1830 461 3147 6809 1579 1358 662 127 717 2272
internal_value=-5.42542e-05 -0.000469681 -0.000299939 0.011054 0.0209899 -0.00125254 -0.0203647 0.0384923 -0.00536224 0.000156688 -0.00187245 -0.00166587 0.00360206 0.0130928 -0.00244356 -0.00542166 -0.00391789 -0.00728541 0.00311657 -0.000857237 0.00657407 -0.0043424 0.00143456 -0.0090784 -0.00605749 -0.00635307 0.00181588 -0.0133714 -0.0245672 0.00383835
internal_weight=2.04869e+06 689936 666802 4478 3354 1477 658 1877 23134 1.35875e+06 59254 58918 7579 3880 51339 23775 22895 15483 7412 6066 3240 13230 5960 7270 4383 3699 2368 789 2253 5419
internal_count=2048690 689936 666802 4478 3354 1477 658 1877 23134 1358754 59254 58918 7579 3880 51339 23775 22895 15483 7412 6066 3240 13230 5960 7270 4383 3699 2368 789 2253 5419
is_linear=0
shrinkage=0.05


Tree=120
num_leaves=31
num_cat=0
split_feature=18 15 18 16 1 9 9 15 7 14 9 3 13 1 14 1 6 1 5 15 16 1 15 13 18 1 1 1 14 9
split_gain=74.7445 230.566 120.135 203.954 130.061 106.729 93.9154 85.6038 83.8398 81.5472 84.9563 194.191 287.221 390.54 181.649 91.9856 79.1844 70.5701 449.558 457.914 515.033 275.801 242.088 194.765 247.908 197.025 179.617 222.547 187.805 151.704
threshold=0.9254525246109877 0.82160537482319673 0.92005509641873295 12.036980056980058 0.25881904510252057 9.5000000000000018 43.500000000000007 617.36184210526324 -1.0000000180025095e-35 17.972586814250064 1.0000000180025095e-35 -0.56174490092936669 1.0000000180025095e-35 0.37940952255126048 0.92016825471890729 0.37940952255126048 125.50000000000001 1.0000000180025095e-35 26.500000000000004 84.959771354616066 63.718893465482481 0.37940952255126048 370.7405956112853 8.4918236151132742 0.76638220329809126 0.37940952255126048 0.37940952255126048 0.25881904510252057 11.294664406984948 21.500000000000004
decision_type=10 8 10 10 2 2 2 10 2 2 2 2 2 2 2 2 2 2 2 10 10 2 10 2 10 2 2 2 2 2
left_child=2 6 17 4 -4 -6 8 9 -2 10 11 15 14 -14 -13 -3 -8 22 19 20 29 -21 -1 -20 25 -25 27 -22 -28 -19
right_child=1 7 3 -5 5 -7 16 -9 -10 -11 -12 12 13 -15 -16 -17 -18 18 23 21 26 -23 -24 24 -26 -27 28 -29 -30 -31
leaf_value=0 0.0031017406720412252 -2.1801136512657044e-09 0.00043677314217884628 0.0027689130925453182 -0.0030343051192885315 0.00040187052927411686 0.0041630513302442496 0.033968614259321656 0 -0.08950363174956405 0 5.8544399967133447e-08 0.00050020379674904148 -4.3912663067033336e-05 -2.2249518561321487e-05 -2.9350354137052239e-09 -6.8748494518415386 0 0.00024923924467686037 0.0019389221935093429 0.30089208187654193 -0.016197640020946213 -0.40381368408774015 -0.14289509592480024 -0.067911318018032893 0.73309823205735225 0.00010910488064689273 -0.0023299436115716376 -0.011767232547541587 -0.00058714438076267427
leaf_weight=660267 151 617 443 2893 61 720 226 2004 22904 1428 736766 1009 783 417 324 345 36 519457 72205 556 1517 1722 4546 757 1252 3074 2212 212 304 9482
leaf_count=660267 151 617 443 2893 61 720 226 2004 22904 1428 736766 1009 783 417 324 345 36 519457 72205 556 1517 1722 4546 757 1252 3074 2212 212 304 9482
internal_value=-5.32047e-05 -0.000443606 0.000180427 0.0087078 0.025817 0.0380922 -0.00533945 -0.000290106 -0.00567773 -0.00031799 -0.000294964 0.00748212 0.0147454 -0.003 0.0307202 -0.0116424 0.0244275 0.000152947 0.000540024 2.5492e-05 0.000121065 -0.0223442 -0.000203817 0.00410478 0.0135648 0.0198773 0.0174676 0.00506073 0.0259936 -1.81495e-05
internal_weight=2.04869e+06 767010 1.28168e+06 4117 1224 781 23317 743693 23055 741689 740261 3495 2533 1200 1333 962 262 1.27756e+06 612750 535462 533184 2278 664813 77288 5083 3831 4245 1729 2516 528939
internal_count=2048690 767010 1281680 4117 1224 781 23317 743693 23055 741689 740261 3495 2533 1200 1333 962 262 1277563 612750 535462 533184 2278 664813 77288 5083 3831 4245 1729 2516 528939
is_linear=0
shrinkage=0.05


Tree=121
num_leaves=31
num_cat=0
split_feature=16 1 13 10 13 9 1 1 14 8 6 1 15 0 10 0 1 6 10 10 1 0 16 15 8 2 14 16 15 6
split_gain=54.6491 205.415 187.856 179.103 92.4531 81.5564 98.8136 244.729 290.672 158.057 107.643 84.3221 74.819 73.4846 77.3096 66.2002 65.5597 63.7176 76.3163 59.9859 133.302 85.1608 101.196 106.383 68.061 59.6445 59.3702 55.103 232.153 57.5265
threshold=329.14587231700608 -0.9159756150367534 19.776324990656494 482.50000000000006 7.5645050585752687 279.50000000000006 1.0000000180025095e-35 0.60355339059327384 1.0000000180025095e-35 469.50000000000006 286.50000000000006 0.37940952255126048 370.7405956112853 0.25881904510252091 283.50000000000006 -0.9159756150367534 0.91597561503675351 309.50000000000006 425.50000000000006 236.50000000000003 0.1294095225512602 -0.98296291314453399 480.85425311203329 334.02775761973879 424.50000000000006 -0.60785761079279388 2.5522190848509143 329.14587231700608 370.7405956112853 22.500000000000004
decision_type=10 2 2 2 2 2 2 2 2 2 2 2 10 2 2 2 2 2 2 2 2 2 10 10 2 2 2 8 8 2
left_child=5 3 19 4 12 27 13 9 16 11 -10 -8 26 -7 -15 -4 -9 -12 -19 20 -3 22 23 -21 -25 -6 -2 -1 -29 -30
right_child=1 2 15 -5 25 6 7 8 10 -11 17 -13 -14 14 -16 -17 -18 18 -20 21 -22 -23 -24 24 -26 -27 -28 28 29 -31
leaf_value=0 -0.21071559843086352 0.14474401246998125 -1.1225000234278839 -2.2917067917211598 -1.9374959061319388 0.048770843917802544 0.0017878963500625505 -0.00016724830658170763 -0.0091567941241078674 -0.048812167135298561 0.052475159214906322 0.0012604874541979748 -0.49025666813905056 0.039446984711747929 -0.36604332275257367 1.3793448462110374 -0.00095902538596077556 -0.0038964204698279355 0.084363650370253021 -0.61657532886779209 2.1569321491488043 0.0021358482625301357 -2.1120851453555685 0.56408509487138792 -0.30970098569573018 -0.70608404973209393 0.22711736705494201 0 -0.011978192726085371 -0.0016509403594389433
leaf_weight=2006043 244 1603 77 558 339 498 1473 733 624 203 593 861 531 373 1598 861 423 1250 380 214 566 22700 270 352 102 848 1323 2548 414 88
leaf_count=2006043 244 1603 77 558 339 498 1473 733 624 203 593 861 531 373 1598 861 423 1250 380 214 566 22700 270 352 102 848 1323 2548 414 88
internal_value=-4.44918e-05 0.00205309 0.00360628 -0.00875618 -0.00430746 -7.62845e-05 -0.00482295 -0.0016055 -0.00930552 0.0105439 -0.000720056 0.0142245 0.00200191 -0.0133455 -0.0176814 0.0255864 -0.0304498 0.00443095 -0.000674847 0.00280738 0.0107653 0.00207716 -0.0126866 -0.00224551 0.0114537 -0.0154591 0.0074984 -5.49999e-05 -0.00677049 -0.0378486
internal_weight=2.04869e+06 30588 26745 3843 3285 2.0181e+06 9009 6540 4003 2537 2847 2334 2098 2469 1971 938 1156 2223 1630 25807 2169 23638 938 668 454 1187 1567 2.00909e+06 3050 502
internal_count=2048690 30588 26745 3843 3285 2018102 9009 6540 4003 2537 2847 2334 2098 2469 1971 938 1156 2223 1630 25807 2169 23638 938 668 454 1187 1567 2009093 3050 502
is_linear=0
shrinkage=0.05


Tree=122
num_leaves=31
num_cat=0
split_feature=18 15 12 3 13 0 0 9 18 16 10 9 0 16 0 11 12 11 0 17 15 18 0 16 15 16 17 16 15 18
split_gain=82.607 228.326 230.911 526.064 525.844 176.453 185.45 147.708 119.102 206.489 96.8818 96.3119 88.7065 161.454 136.496 569.87 293.127 612.999 278.431 234.956 240.706 216.225 418.833 445.664 275.844 205.765 215.895 208.741 196.956 199.413
threshold=0.9254525246109877 0.82160537482319673 0.91666666666666685 -0.56174490092936669 1.0000000180025095e-35 -0.70710678118654735 -0.9159756150367534 -1.0000000180025095e-35 0.92005509641873295 12.036980056980058 1.0000000180025095e-35 43.500000000000007 -0.98296291314453399 480.85425311203329 -0.70710678118654735 1.0000000180025095e-35 -0.91666666666666663 -0.83333333333333315 -0.78656609248549292 58.500000000000007 17.692896509491735 -0.0088569976146717216 1.0000000180025095e-35 18.419328569054347 16.206389452332662 20.00179856115108 187.50000000000003 84.285221143473578 1.857625482625483 0.78583959899749389
decision_type=10 8 2 2 2 2 2 2 10 10 2 2 2 10 2 2 2 2 2 10 10 10 2 10 10 8 10 8 8 10
left_child=8 11 3 10 7 6 -6 -5 12 -10 -3 -2 13 -1 15 16 -14 -18 -17 20 -16 22 24 -24 -21 26 -23 -27 -20 -30
right_child=1 2 -4 4 5 -7 -8 -9 9 -11 -12 -13 14 -15 19 18 17 -19 28 21 -22 25 23 -25 -26 27 -28 -29 29 -31
leaf_value=0 0 -3.5198800996415302e-09 0 -2.1165694432275712e-05 0.00041175518193906904 0.00044699544394066976 -4.1717029913681674e-05 5.4019901929702246e-08 0.000381777002810411 0.0026304674379180521 1.4201643856559066e-09 0.0019015465828628533 0 -2.0064808880877898 0 0.00057274004101329245 -7.0618713439906836e-05 0 -0.0016727132119848953 9.7477001231477392e-05 8.431316764362979e-05 0.00017834746735190642 -6.6190131249979177e-06 0.00016051618596290228 -4.4056438079920323e-06 -0.0021391235986933732 -1.0686256687401554e-06 -2.1970300404068193e-06 0.083271340612172173 0.00014877019394651442
leaf_weight=57317 23055 756 739215 46 200 819 458 1831 1224 2893 368 262 152679 336 755968 87057 1049 24045 1294 414 48123 1695 1510 487 436 56536 494 69147 13942 5034
leaf_count=57317 23055 756 739215 46 200 819 458 1831 1224 2893 368 262 152679 336 755968 87057 1049 24045 1294 414 48123 1695 1510 487 436 56536 494 69147 13942 5034
internal_value=-5.2741e-05 -0.000463162 -0.00031041 0.0110094 0.0209302 -0.00138795 -0.0206687 0.0384923 0.000192872 0.00868351 -0.0185943 -0.00533516 0.00016551 -0.00175099 0.000256084 0.00121378 -0.000523139 -0.0055312 0.00409077 -3.59966e-05 0.000283612 -0.002002 -0.0156305 -0.0281422 0.0137647 -0.00169857 0.0134993 -0.00196327 0.00936852 0.0106556
internal_weight=2.04869e+06 767010 743693 4478 3354 1477 658 1877 1.28168e+06 4117 1124 23317 1.27756e+06 57653 1.21991e+06 285100 177773 25094 107327 934810 804091 130719 2847 1997 850 127872 2189 125683 20270 18976
internal_count=2048690 767010 743693 4478 3354 1477 658 1877 1281680 4117 1124 23317 1277563 57653 1219910 285100 177773 25094 107327 934810 804091 130719 2847 1997 850 127872 2189 125683 20270 18976
is_linear=0
shrinkage=0.05


Tree=123
num_leaves=31
num_cat=0
split_feature=15 15 16 18 11 10 17 0 0 16 16 0 8 15 17 5 5 18 0 17 16 18 0 0 16 16 17 16 5 0
split_gain=73.1841 748.981 475.594 448.387 235.627 435.864 237.558 234.624 251.599 333.919 207.312 209.311 194.766 403.675 255.054 186.915 211.588 265.422 184.092 253.768 191.739 183.169 168.333 167.016 146.762 145.33 144.933 164.15 132.361 127.587
threshold=20.00357142857143 19.442072271386433 14.740400140400142 0.96668978270920036 2.1666666666666674 26.500000000000004 54.500000000000007 0.60355339059327384 -0.37940952255126065 19.62627092533635 15.767839068825912 1.0000000180025095e-35 18.500000000000004 17.692896509491735 19.500000000000004 4.5000000000000009 25.500000000000004 0.86591651998994223 0.91597561503675362 195.00000000000003 38.464354930647922 -0.027046783625730989 0.98296291314453421 -0.9159756150367534 58.47071984134363 13.582739735834201 45.500000000000007 30.001408450704229 75.500000000000014 0.98296291314453421
decision_type=10 10 8 10 2 2 10 2 2 10 10 2 2 10 10 2 2 10 2 10 10 10 2 2 10 8 10 8 2 2
left_child=1 12 -3 -4 6 10 26 8 9 23 11 -6 13 24 25 -14 -17 -18 -8 20 -20 -16 -9 -5 -1 -15 27 -2 -12 -13
right_child=4 2 3 7 5 -7 18 22 -10 -11 28 29 15 14 21 16 17 -19 19 -21 -22 -23 -24 -25 -26 -27 -28 -29 -30 -31
leaf_value=0 -8.3418614449682341e-06 0 -3.9491325171693102e-06 -9.100880740001072e-08 -0.0059703131203817797 0 -0.00036331953144055955 -1.3224515216508887e-08 -1.258657946573526e-08 -0.0025412466777913227 0.00037711004593992688 2.542211419807031e-05 0.0044287106115547363 7.1671820816040091e-14 8.0399492692229016e-05 -0.0025000097387551223 -0.054717405335423644 0.00022587593355364829 -8.3520581845548565e-06 -0.0061709621717262299 0.002904377747148662 0.0016243239369322642 -3.3370351261732357e-09 2.5239404086553341e-07 0.0002105833065531616 4.9095651003404275e-11 8.0399521289986831e-05 0.00095781375073963795 -0.083205142028639156 -0.05052760966318897
leaf_weight=1624798 1836 2749 2184 117 4084 312623 8682 1459 1857 717 31159 3763 1545 348 405 20373 6567 6290 221 259 522 4804 284 499 7093 1175 627 183 1077 390
leaf_count=1624798 1836 2749 2184 117 4084 312623 8682 1459 1857 717 31159 3763 1545 348 405 20373 6567 6290 221 259 522 4804 284 499 7093 1175 627 183 1077 390
internal_value=-0.000132524 -0.000271764 -0.0140077 -0.0208304 0.000508858 0.000746114 -0.00628548 -0.029181 -0.0372414 -0.0206677 0.00562844 -0.00145077 -0.000190779 -0.000112198 0.0121064 -0.0038936 -0.00468402 0.000338337 -0.00991326 0.0103792 0.0252355 0.00684392 -0.0144291 0.00633117 -0.000162603 0.0301051 0.00699169 0.00047053 0.00743734 0.00645317
internal_weight=2.04869e+06 1.68326e+06 9866 7117 365426 353096 12330 4933 3190 1333 40473 8237 1.6734e+06 1.63862e+06 6732 34775 33230 12857 9684 1002 743 5209 1743 616 1.63189e+06 1523 2646 2019 32236 4153
internal_count=2048690 1683264 9866 7117 365426 353096 12330 4933 3190 1333 40473 8237 1673398 1638623 6732 34775 33230 12857 9684 1002 743 5209 1743 616 1631891 1523 2646 2019 32236 4153
is_linear=0
shrinkage=0.05


Tree=124
num_leaves=31
num_cat=0
split_feature=18 15 15 5 16 1 9 1 0 9 0 0 0 0 17 0 18 18 0 8 0 15 5 16 1 16 17 1 15 1
split_gain=92.1583 210.172 245.779 1947.76 1349.8 839.44 857.707 703.005 1617.61 638.056 387.403 361.224 345.724 645.725 399.288 387.782 379.368 326.36 318.312 303.456 490.649 278.234 314.741 249.711 213.878 323.564 260.745 212.701 207.616 539.237
threshold=0.9254525246109877 0.82160537482319673 19.442072271386433 26.500000000000004 11.104580403766294 -0.78656609248549325 35.500000000000007 1.0000000180025095e-35 0.60355339059327384 17.500000000000004 -0.60355339059327362 -0.98296291314453399 -0.60355339059327362 -0.98296291314453399 30.500000000000004 0.98296291314453421 0.99930651872399456 0.98608691444057317 -0.37940952255126065 84.500000000000014 -0.9159756150367534 26.420369243254211 32.500000000000007 65.869337472111752 0.1294095225512602 87.872026072786539 149.50000000000003 -0.9159756150367534 61.224318658280929 1.0000000180025095e-35
decision_type=10 8 8 2 8 2 2 2 2 2 2 2 2 2 10 2 10 10 2 2 2 10 2 10 2 10 10 2 8 2
left_child=-1 -2 9 4 10 6 -5 8 -6 -3 11 -4 13 16 15 -14 -7 -8 -12 20 -15 -22 -23 -19 -21 -26 -27 -25 29 -16
right_child=1 2 3 5 7 12 17 -9 -10 -11 18 -13 14 19 28 -17 -18 23 -20 24 21 22 -24 27 25 26 -28 -29 -30 -31
leaf_value=0 0 0 -1.4941162109375008e-12 0 -1.8855502296996346e-05 -0.0025786923645974092 0.0058907340751959475 -1.8590494711415994e-05 0.00096518004595184189 0.00011966025955111899 -1.4941162109375008e-12 2.8388208007812512e-11 0 -7.2270378303907177e-07 0.0010186166712640077 -1.8786212171637738e-07 3.19573291383106e-06 3.2798349305943685e-07 0 0.0014471875382968977 -3.622322376018638e-05 -1.2958283628423195e-07 -0.00095098622207858547 0.00072087833949074692 0.0010723078004484232 -0.0022799632074747013 -0.027634954866587493 0.0012052980651280985 -4.3576437055383715e-08 -5.6084825557146926e-06
leaf_weight=1281680 23317 580681 183 3323 3360 1232 3272 6392 1361 10009 439 937 7187 3243 4669 690 1574 1554 2980 2329 989 1826 3483 2084 1638 1558 1836 1468 77991 15405
leaf_count=1281680 23317 580681 183 3323 3360 1232 3272 6392 1361 10009 439 937 7187 3243 4669 690 1574 1554 2980 2329 989 1826 3483 2084 1638 1558 1836 1468 77991 15405
internal_value=-0.000158736 -0.000592235 -0.000445681 -0.00223166 -0.0189433 -0.000327264 0.0124818 -0.0283272 -0.0136941 1.69294e-05 0.00403173 0.0295536 -0.0015201 -0.00760097 -0.000388892 0.0104418 0.0146115 0.0210074 -0.00432875 -0.0112886 -0.0171733 -0.0253096 -0.0298455 0.0289072 -0.00366119 -0.00945946 -0.0182675 0.0215935 -0.00125886 -0.00579356
internal_weight=2.04869e+06 767010 743693 153003 15652 137351 11701 11113 4721 590690 4539 1120 125650 19708 105942 7877 2806 8378 3419 16902 9541 6298 5309 5106 7361 5032 3394 3552 98065 20074
internal_count=2048690 767010 743693 153003 15652 137351 11701 11113 4721 590690 4539 1120 125650 19708 105942 7877 2806 8378 3419 16902 9541 6298 5309 5106 7361 5032 3394 3552 98065 20074
is_linear=0
shrinkage=0.05


Tree=125
num_leaves=31
num_cat=0
split_feature=5 12 16 0 18 5 18 15 10 15 5 10 15 5 14 12 18 15 16 11 18 15 12 0 18 14 15 14 0 0
split_gain=184.362 1420.18 561.738 944.319 585.053 520.446 728.803 588.279 501.631 460.739 329.031 360.716 313.416 269.712 264.379 264.261 253.586 369.799 481.904 249.642 432.245 331.284 248.365 224.134 213.086 430.087 276.444 207.799 566.572 425.683
threshold=19.500000000000004 20.083333333333339 18.419328569054347 -0.37940952255126065 0.99930651872399456 25.500000000000004 0.88583959899749376 20.00357142857143 40.500000000000007 29.004629629629633 54.500000000000007 68.500000000000014 62.802439024390246 77.500000000000014 1.0000000180025095e-35 24.916666666666668 0.82991444000280545 14.618898809523811 19.62627092533635 17.833333333333339 0.99930651872399456 16.206389452332662 80.083333333333357 0.25881904510252091 0.90921578421578431 1.0000000180025095e-35 39.615802304964546 1.0000000180025095e-35 0.37940952255126054 0.98296291314453421
decision_type=2 2 10 2 10 2 10 8 2 10 2 2 8 2 2 2 10 8 10 2 10 8 2 2 10 2 8 2 2 2
left_child=19 2 -2 16 -5 6 -3 15 9 -7 24 12 -12 -13 -9 -8 -4 -18 -19 -1 -21 -22 23 -15 25 -10 -27 28 -26 -30
right_child=1 5 3 4 -6 8 7 14 10 -11 11 13 -14 22 -16 -17 17 18 -20 20 21 -23 -24 -25 27 26 -28 -29 29 -31
leaf_value=0 1.8567062954068305e-08 -2.2817883845182218e-05 0.18884667779497236 0.0050800845438040143 9.1759182441819192e-07 0 -0.044421260486534754 -1.7912727182146527e-05 8.1528530470740762e-05 2.8042412778573466e-07 8.6503526630344444e-05 -0.00068681640925984761 0.0034039179258802173 0.00019414829158873991 -0.0037204537298423505 0.0001136869853286849 0.00023515184085771227 1.1693247621727776e-06 -0.0070212810229886421 -0.0030410462830977657 0.00024505032138058639 -5.9829894190511345e-06 2.393704088861579e-09 0.00016179250611704027 1.8358345785050905e-05 -0.14484463531500663 -0.0050013838557539285 -0.0024416127557069581 -5.6560419209883944e-06 0.0050010345482242981
leaf_weight=1656540 8292 20270 3083 1100 3875 29218 1932 4383 3388 41827 12085 19074 12812 3562 1564 675 327 791 909 11067 593 1605 174798 2810 1306 5859 15999 4662 3640 644
leaf_count=1656540 8292 20270 3083 1100 3875 29218 1932 4383 3388 41827 12085 19074 12812 3562 1564 675 327 791 909 11067 593 1605 174798 2810 1306 5859 15999 4662 3640 644
internal_value=1.30083e-05 0.00100875 0.0145671 0.0224938 0.038 0.000317607 -0.00612684 -0.0183657 0.000877643 0.00460201 -0.000137547 0.000567866 0.00624372 -0.000137832 -0.0270473 0.00143843 0.00739726 -0.00633942 -0.0157059 -0.000212929 -0.00704485 -0.0272975 0.000457581 0.0101538 -0.00461153 -0.00214291 -0.00471223 -0.0106906 -0.0171914 -0.0259804
internal_weight=2.04869e+06 378885 18377 10085 4975 360508 28824 8554 331684 71045 260639 225141 24897 200244 5947 2607 5110 2027 1700 1.6698e+06 13265 2198 181170 6372 35498 25246 21858 10252 5590 4284
internal_count=2048690 378885 18377 10085 4975 360508 28824 8554 331684 71045 260639 225141 24897 200244 5947 2607 5110 2027 1700 1669805 13265 2198 181170 6372 35498 25246 21858 10252 5590 4284
is_linear=0
shrinkage=0.05


Tree=126
num_leaves=31
num_cat=0
split_feature=15 17 15 1 17 0 1 0 16 1 1 16 18 17 15 17 1 0 15 17 16 0 0 16 5 12 5 0 14 18
split_gain=85.5165 562.233 503.835 433.442 866.7 429.754 312.557 280.465 207.857 972.34 571.049 256.702 228.094 201.808 197.976 918.224 419.285 720.102 348.829 795.177 964.994 1537.3 649.383 518.998 195.615 172.895 171.238 171.003 661.548 335.837
threshold=30.281650641025646 42.500000000000007 29.931025369978865 0.25881904510252057 30.500000000000004 0.37940952255126054 -0.70710678118654757 0.98296291314453421 34.620725727361894 0.78656609248549303 -0.12940952255126037 30.001408450704229 0.97022314171715685 30.500000000000004 22.703042328042333 25.500000000000004 1.0000000180025095e-35 0.60355339059327384 18.852396514161224 20.500000000000004 11.104580403766294 -0.37940952255126065 -0.60355339059327362 19.62627092533635 36.500000000000007 40.416666666666679 35.500000000000007 -0.70710678118654735 0.48570226039551595 0.84459158118631861
decision_type=10 10 10 2 10 2 2 2 10 2 2 10 10 10 10 10 2 2 10 10 10 2 2 10 2 2 2 2 2 10
left_child=2 5 14 6 -5 8 -4 13 10 -10 12 -12 -2 -8 18 16 17 -16 -1 20 22 23 -20 -22 26 -7 -11 28 -3 -30
right_child=1 27 3 4 -6 25 7 -9 9 24 11 -13 -14 -15 15 -17 -18 -19 19 -21 21 -23 -24 -25 -26 -27 -28 -29 29 -31
leaf_value=0 -2.473861940634103e-05 -0.00092243587054162608 -1.4021206389286734e-08 -1.4021206389286734e-08 5.329287864086279e-07 3.9663681264917178e-07 0.00096785967861613427 -1.9249022201984522e-07 2.9756311201717829e-07 5.9438641445588481e-07 -0.001000683332080922 2.6640292139644791e-07 -1.45079931861007e-08 -0.0056183750846653295 -1.7017090823039204e-05 0 -1.6790390661573214e-05 0.00095259555263033319 1.763870980636489e-08 1.3980614954435547e-05 1.1108585240641385e-06 8.717122331972823e-07 -9.2835314770341531e-10 -0.0043661972447383429 0.00017083920039802402 -5.3735915809557387e-06 -5.9656452167950326e-06 -1.7879451551127509e-07 0.090289777716675526 -0.0092429655953245992
leaf_weight=1668744 408 9316 681 1807 734 9471 912 196 1867 54 1145 2165 892 484 1265 37382 1981 683 333 26989 651 3675 842 682 79 225 663 218796 42223 13345
leaf_count=1668744 408 9316 681 1807 734 9471 912 196 1867 54 1145 2165 892 484 1265 37382 1981 683 333 26989 651 3675 842 682 79 225 663 218796 42223 13345
internal_value=-8.16131e-05 0.000697325 -0.000215584 -0.0163689 -0.0305588 0.00953798 -0.000505939 0.0116206 0.000350612 0.011472 -0.00607375 0.00495468 -0.0341538 0.0194842 -0.000170976 -0.00359105 -0.0265844 -0.0101129 -8.79597e-05 0.00498915 0.0211629 0.0307308 -0.019617 -0.0152663 -0.034799 0.0164295 -0.0430265 0.0001685 0.00242279 0.00448999
internal_weight=2.04869e+06 300649 1.74804e+06 4814 2541 16969 2273 1592 7273 2663 4610 3310 1300 1396 1.74323e+06 41311 3929 1948 1.70192e+06 33172 6183 5008 1175 1333 796 9696 717 283680 64884 55568
internal_count=2048690 300649 1748041 4814 2541 16969 2273 1592 7273 2663 4610 3310 1300 1396 1743227 41311 3929 1948 1701916 33172 6183 5008 1175 1333 796 9696 717 283680 64884 55568
is_linear=0
shrinkage=0.05


Tree=127
num_leaves=31
num_cat=0
split_feature=15 15 17 1 0 17 0 16 1 1 16 18 5 15 17 1 0 15 17 16 0 0 16 10 5 15 14 0 14 18
split_gain=84.0148 871.892 587.428 710.925 947.953 564.277 430.489 208.371 972.34 570.167 255.892 228.094 195.615 195.482 901.743 431.228 704.109 346.396 796.957 964.994 1537.3 649.383 518.998 181.689 171.238 162.116 157.138 148.827 630.562 307.907
threshold=30.281650641025646 29.931025369978865 30.500000000000004 -0.12940952255126037 0.60355339059327384 42.500000000000007 0.37940952255126054 34.620725727361894 0.78656609248549303 -0.12940952255126037 30.001408450704229 0.97022314171715685 36.500000000000007 22.703042328042333 25.500000000000004 1.0000000180025095e-35 0.60355339059327384 18.852396514161224 20.500000000000004 11.104580403766294 -0.37940952255126065 -0.60355339059327362 19.62627092533635 40.500000000000007 35.500000000000007 23.350782514840802 1.0000000180025095e-35 -0.70710678118654735 0.48570226039551595 0.8174754058784478
decision_type=10 10 10 2 2 10 2 10 2 2 10 10 2 10 10 2 2 10 10 10 2 2 10 2 2 10 2 2 2 10
left_child=1 13 3 4 -3 6 7 9 -9 11 -11 -2 24 17 15 16 26 -1 19 21 22 -19 -21 -8 -10 -18 -15 28 -7 -30
right_child=5 2 -4 -5 -6 27 23 8 12 10 -12 -13 -14 14 -16 -17 25 18 -20 20 -22 -23 -24 -25 -26 -27 -28 -29 29 -31
leaf_value=0 -2.3501688436023978e-05 -1.3320146069822396e-08 2.3975648207601652e-07 -1.3320146069822396e-08 0.00097020966612681157 -0.0008763140770145447 5.1309694577616926e-07 2.8268495641631936e-07 5.6466709373309053e-07 -0.00095064916547687593 2.5308277532662548e-07 -1.3782593526795663e-08 0.00016229724037812284 -1.6166236281887242e-05 0 -1.5950871128494553e-05 -0.11956982720093486 1.6756774316046647e-08 1.3281584206713771e-05 1.0553155978609317e-06 8.2812662153741823e-07 -8.8193549031824453e-10 -0.0041478873825014249 -5.1049120019079514e-06 -5.6673629559552809e-06 0.00090496577499881651 0.0042556892079648771 -1.6985478973571133e-07 0.093861347814597637 -0.0071686040956036815
leaf_weight=1668744 408 491 1573 2249 501 9316 9470 1867 54 1145 2165 892 79 1047 37382 1981 113 333 26989 651 3675 842 682 226 663 570 218 218796 39938 15630
leaf_count=1668744 408 491 1573 2249 501 9316 9470 1867 54 1145 2165 892 79 1047 37382 1981 113 333 26989 651 3675 842 682 226 663 570 218 218796 39938 15630
internal_value=-9.66959e-05 -0.000229485 -0.021479 -0.033647 0.0016129 0.000675372 0.00953209 0.000336862 0.011472 -0.00609544 0.00492447 -0.0341538 -0.034799 -0.000170804 -0.00356927 -0.0263553 -0.00965092 -8.83122e-05 0.00497106 0.0211629 0.0307308 -0.019617 -0.0152663 0.0164295 -0.0430265 0.0312592 -0.0317391 0.000145587 0.00224863 0.00426684
internal_weight=2.04869e+06 1.74804e+06 4814 3241 992 300649 16969 7273 2663 4610 3310 1300 796 1.74323e+06 41311 3929 1948 1.70192e+06 33172 6183 5008 1175 1333 9696 717 683 1265 283680 64884 55568
internal_count=2048690 1748041 4814 3241 992 300649 16969 7273 2663 4610 3310 1300 796 1743227 41311 3929 1948 1701916 33172 6183 5008 1175 1333 9696 717 683 1265 283680 64884 55568
is_linear=0
shrinkage=0.05


Tree=128
num_leaves=31
num_cat=0
split_feature=15 15 17 1 0 17 0 15 17 1 0 15 17 0 10 15 17 15 1 1 10 11 18 18 15 18 1 9 11 1
split_gain=77.784 871.587 587.428 710.925 947.953 570.629 429.019 195.053 901.743 431.228 704.109 322.059 792.227 843.049 181.689 175.545 719.843 166.409 622.332 576.086 341.129 327.302 239.834 234.245 162.116 154.132 153.31 247.505 174.563 149.87
threshold=30.281650641025646 29.931025369978865 30.500000000000004 -0.12940952255126037 0.60355339059327384 42.500000000000007 0.37940952255126054 22.703042328042333 25.500000000000004 1.0000000180025095e-35 0.60355339059327384 18.201503759398502 20.500000000000004 -0.37940952255126065 40.500000000000007 17.692896509491735 18.500000000000004 32.093647316538892 -0.12940952255126037 0.78656609248549303 35.500000000000007 38.166666666666679 0.97022314171715685 0.99930651872399456 23.350782514840802 -0.027046783625730989 -0.60355339059327384 16.500000000000004 0.83333333333333337 1.0000000180025095e-35
decision_type=10 10 10 2 2 10 2 10 10 2 2 10 10 2 2 10 10 10 2 2 2 2 10 10 10 10 2 2 2 2
left_child=1 7 3 4 -3 6 17 11 9 10 -9 15 13 -13 -8 -1 -17 18 22 23 -21 -22 -2 -19 -12 -14 28 -28 -27 -15
right_child=5 2 -4 -5 -6 -7 14 8 -10 -11 24 12 25 29 -16 16 -18 19 -20 20 21 -23 -24 -25 -26 26 27 -29 -30 -31
leaf_value=0 -2.2326604014222779e-05 -1.2654138766331277e-08 2.2776865797221571e-07 -1.2654138766331277e-08 0.00092169918282047089 1.9706484146767821e-08 4.8744209848736086e-07 -1.5357924467792878e-05 0 -1.5153327572069823e-05 -0.11359133584088812 -4.9887194099668221e-05 7.8717292317187246e-05 7.9994640137024428e-07 -4.8496664018125544e-06 -5.683838930336035e-06 8.008040227524471e-05 -0.0047239818623245888 2.4042863656029421e-07 2.4042863656029421e-07 -5.3840381880269463e-06 0.00015418237835921667 -1.3093463850455881e-08 2.6855070859550342e-07 0.00085971748624887566 -6.2300142138457847e-05 0.039832930888786644 -2.3040099610980576e-05 0.002415700106653046 7.860899121574717e-07
leaf_weight=1658992 391 491 1573 2249 501 283680 9470 1265 37382 1981 113 2132 397 1479 226 1496 3452 346 1697 770 816 486 877 1890 570 998 4336 15454 10225 2955
leaf_count=1658992 391 491 1573 2249 501 283680 9470 1265 37382 1981 113 2132 397 1479 226 1496 3452 346 1697 770 816 486 877 1890 570 998 4336 15454 10225 2955
internal_value=-0.000105433 -0.000233204 -0.021479 -0.033647 0.0016129 0.000637454 0.00954387 -0.000174533 -0.00356927 -0.0263553 -0.00965092 -9.21315e-05 0.00446071 0.0202559 0.0164295 -0.000196041 -0.00959984 0.000364361 -0.00875211 0.00663881 -0.0123552 -0.027957 -0.0352524 0.0242397 0.0312592 0.00115887 0.000762583 -0.00188479 0.00543081 0.0326793
internal_weight=2.04869e+06 1.74804e+06 4814 3241 992 300649 16969 1.74323e+06 41311 3929 1948 1.70192e+06 37976 6566 9696 1.66394e+06 4948 7273 2965 4308 2072 1302 1268 2236 683 31410 31013 19790 11223 4434
internal_count=2048690 1748041 4814 3241 992 300649 16969 1743227 41311 3929 1948 1701916 37976 6566 9696 1663940 4948 7273 2965 4308 2072 1302 1268 2236 683 31410 31013 19790 11223 4434
is_linear=0
shrinkage=0.05


Tree=129
num_leaves=31
num_cat=0
split_feature=0 18 15 16 5 0 1 1 6 0 16 7 0 0 15 0 15 5 15 15 1 9 0 10 16 10 5 15 1 5
split_gain=76.142 98.2955 270.366 2208.82 1368.19 1221.15 1456.89 921.896 1333.47 654.851 725.88 517.655 900.244 479.538 469.354 612.188 387.332 455.388 348.126 640.689 331.954 442.099 388.407 287.758 284.428 1334.87 896.15 504.813 1272.15 452.998
threshold=-0.9159756150367534 0.97573591253153913 20.00357142857143 18.419328569054347 30.500000000000004 0.60355339059327384 1.0000000180025095e-35 -0.78656609248549325 35.500000000000007 -0.37940952255126065 22.594959805373389 35.500000000000007 -0.60355339059327362 0.98296291314453421 17.692896509491735 -0.37940952255126065 29.004629629629633 25.500000000000004 29.931025369978865 29.004629629629633 0.60355339059327384 36.500000000000007 -0.60355339059327362 31.500000000000004 86.287348790322596 98.500000000000014 129.50000000000003 98.995145631067984 0.37940952255126048 102.50000000000001
decision_type=2 10 10 10 2 2 2 2 2 2 10 2 2 2 10 2 10 2 10 10 2 2 2 2 10 2 2 10 2 2
left_child=-1 -2 3 14 5 16 -7 8 -6 -5 -11 12 -9 23 -3 -16 17 -4 19 -8 24 22 -22 -14 25 -13 27 -26 -29 -27
right_child=1 2 4 9 7 6 18 11 -10 10 -12 20 13 -15 15 -17 -18 -19 -20 -21 21 -23 -24 -25 26 29 -28 28 -30 -31
leaf_value=0 0 0 -1.4590028244403236e-05 3.4969095229512967e-06 -1.1952003861119119e-08 0.00087561422367944729 -1.4385773713375993e-05 -2.1336111949348445e-07 0.0009638435677305487 7.5617852263541698e-07 0.00010779647482478737 -3.1022261196812848e-06 1.9654412855081285e-07 -1.2054732559002218e-09 2.5102786405836556e-06 -5.3989869834673642e-06 -1.2021431828014714e-08 0 -1.2021431828014714e-08 0.0024463641671690945 4.1092954142902978e-05 -5.5354788583017554e-07 -5.1148362786255984e-06 2.2840720473227953e-07 -9.2379788421522017e-07 5.8357433528963784e-08 0.00092172018557681596 -5.2346929810875887e-05 3.1711650809922959e-08 0.0010590954138313929
leaf_weight=257860 1163356 531952 2550 1763 693 2072 1667 578 5371 4152 1354 10543 758 313 626 2745 2254 3888 751 497 269 29556 1048 2214 2536 2485 10134 3008 665 1032
leaf_count=257860 1163356 531952 2550 1763 693 2072 1667 578 5371 4152 1354 10543 758 313 626 2745 2254 3888 751 497 269 29556 1048 2214 2536 2485 10134 3008 665 1032
internal_value=-0.000111535 4.13216e-06 -0.00050026 -8.97544e-05 -0.00312434 -0.0176073 0.0021155 -0.00034198 0.0183047 0.0272871 0.0357792 -0.00207786 0.0156743 0.0257991 -0.000461497 -0.0190596 -0.0289231 -0.0226779 -0.020669 -0.0104898 -0.00319701 -0.00684903 -0.0351936 0.0319987 0.000511463 0.00572546 -0.00397418 -0.0189322 -0.0307787 0.0323998
internal_weight=2.04869e+06 1.79083e+06 627474 542592 84882 13679 4987 71203 6064 7269 5506 65139 3863 3285 535323 3371 8692 6438 2915 2164 61276 30873 1317 2972 30403 14060 16343 6209 3673 3517
internal_count=2048690 1790830 627474 542592 84882 13679 4987 71203 6064 7269 5506 65139 3863 3285 535323 3371 8692 6438 2915 2164 61276 30873 1317 2972 30403 14060 16343 6209 3673 3517
is_linear=0
shrinkage=0.05


Tree=130
num_leaves=31
num_cat=0
split_feature=15 9 12 17 0 17 15 16 15 16 9 17 0 9 0 15 13 6 15 17 12 0 16 16 0 18 0 0 15 0
split_gain=126.862 244.142 1896.53 1327.85 908.822 600.921 654.239 592.841 650.087 214.95 211.383 1018.31 887.139 274.751 249.101 245.433 221.439 211.19 207.071 203.657 260.472 536.17 745.871 672.697 1047.08 484.706 451.572 396.241 309.628 490.251
threshold=69.114224137931046 20.500000000000004 19.916666666666668 20.500000000000004 -0.37940952255126065 25.500000000000004 20.00357142857143 19.62627092533635 12.035098522167489 73.44835993263294 29.500000000000004 30.500000000000004 0.60355339059327384 35.500000000000007 -0.5 29.004629629629633 1.0000000180025095e-35 23.500000000000004 29.004629629629633 100.50000000000001 98.750000000000014 0.78656609248549325 84.285221143473578 86.287348790322596 -0.5 0.98938984577282463 0.37940952255126054 0.98296291314453421 89.32000632111253 -0.25881904510252113
decision_type=10 2 2 10 2 10 8 10 8 10 2 10 2 2 2 10 2 2 8 10 2 2 10 10 2 10 2 2 10 2
left_child=1 2 9 4 7 6 17 -4 -9 -1 14 12 18 -13 15 -7 -16 -3 -12 20 25 23 -23 24 -22 -2 -26 -24 29 -27
right_child=19 5 3 -5 -6 10 -8 8 -10 -11 11 13 -14 -15 16 -17 -18 -19 -20 -21 21 22 27 -25 26 28 -28 -29 -30 -31
leaf_value=0 0.00013831039668918071 -0.0074258744771251613 3.3220640468037319e-06 0.00019819741285828955 7.0960686872090284e-07 -5.0878847035989325e-05 -1.3860526832183076e-05 0.00022296550842139035 -0.0062420183807722386 0.00048618203064325458 0 1.8512376831419887e-07 0.00078109054105399102 -5.3567926838839635e-06 7.1928868566879972e-07 0.071058847501499864 -0.00046574115531809241 0.00010795508838099703 -1.3420134797885998e-08 5.2423938665812022e-06 6.6880445767500979e-05 5.5439561852515594e-08 -1.6837217576157004e-07 5.033376261039172e-06 -5.2587049153866681e-07 -0.0021014302436021697 -1.5927537774017926e-07 2.4598902545860193e-06 -3.2684412052112485e-06 2.0809799465790491e-05
leaf_weight=1656149 34009 3045 1693 6799 5097 14392 5532 238 735 7799 490 22788 2134 91223 15381 3156 11699 1043 2673 138107 616 1771 2239 6302 1824 1367 1556 563 5916 2354
leaf_count=1656149 34009 3045 1693 6799 5097 14392 5532 238 735 7799 490 22788 2134 91223 15381 3156 11699 1043 2673 138107 616 1771 2239 6302 1824 1367 1556 563 5916 2354
internal_value=-5.76466e-05 -0.000185847 -1.25111e-06 0.0179646 0.0320946 -0.00197112 -0.0141164 0.00843961 -0.0226619 -0.000158479 -0.00125842 -0.00235651 -0.023787 -0.00136083 0.0016772 -0.0029633 0.00468427 0.00105186 -0.0405944 0.00114991 0.00362202 0.00933696 0.0235841 0.00301029 -0.013038 0.00167484 -0.0239645 0.00753034 -0.00822351 0.00307713
internal_weight=2.04869e+06 1.85207e+06 1.67851e+06 14562 7763 173556 9620 2666 973 1.66395e+06 163936 119308 5297 114011 44628 17548 27080 4088 3163 196624 58517 14871 4573 10298 3996 43646 3380 2802 9637 3721
internal_count=2048690 1852066 1678510 14562 7763 173556 9620 2666 973 1663948 163936 119308 5297 114011 44628 17548 27080 4088 3163 196624 58517 14871 4573 10298 3996 43646 3380 2802 9637 3721
is_linear=0
shrinkage=0.05


Tree=131
num_leaves=31
num_cat=0
split_feature=5 7 10 0 16 16 0 14 17 0 0 16 0 17 16 15 0 0 16 18 15 16 15 14 5 15 12 0 14 10
split_gain=118.805 620.085 519.246 420.136 575.854 453.622 480.959 344.457 293.357 244.798 204.243 219.575 320.472 203.978 149.807 128.457 125.942 245.154 210.362 179.212 227.204 194.326 141.207 140.273 124.749 232.53 300.936 320.208 296.419 216.935
threshold=98.500000000000014 93.500000000000014 99.500000000000014 0.78656609248549325 84.285221143473578 86.287348790322596 -0.37940952255126065 1.0000000180025095e-35 100.50000000000001 0.98296291314453421 0.37940952255126054 75.853299856527997 -1.0000000180025095e-35 100.50000000000001 86.287348790322596 61.224318658280929 -0.5 0.37940952255126054 97.501456421092811 0.70017421602787466 98.995145631067984 97.501456421092811 99.012987012987026 0.48570226039551595 76.500000000000014 35.121519816573873 80.083333333333357 0.25881904510252091 1.0000000180025095e-35 73.500000000000014
decision_type=2 2 2 2 10 10 2 2 10 2 2 8 2 10 10 8 2 2 10 10 8 10 8 2 2 8 2 2 2 2
left_child=1 24 3 5 8 6 7 15 -5 -6 11 -8 -13 -9 -11 -2 19 18 -18 -7 -21 -22 -23 -20 29 -26 27 -27 -29 -1
right_child=2 -3 -4 4 9 16 10 13 -10 14 -12 12 -14 -15 -16 -17 17 -19 23 20 21 22 -24 -25 25 26 -28 28 -30 -31
leaf_value=0 -2.1311196653623385 -3.9628022327575456e-06 1.4402212443222177e-06 5.2667583759889815e-08 -1.8237133104464314e-08 0.43845482727217294 -5.6582607228178846e-07 -0.035055408980902751 0.0066204766978922754 -6.7554950876785379e-08 -1.4789657975259325e-07 1.0955327213805227e-08 -5.5293778106249769e-08 0.1348440865867199 2.3368957418567185e-06 6.4637342569066414e-05 -7.9948148829353324e-07 6.4981852399045052e-07 6.0404404490682534e-06 0.0011575730148298622 0.00015753314830570082 -0.0024495809510229954 -0.062109713905062064 0.088800432230408718 0.0025649621706402993 0.00012114923388665345 -3.0797244973494762e-06 0.00014652263267037047 0.0010965238341860799 -0.000667244808349691
leaf_weight=1847335 71 11949 114333 1808 2416 1608 1369 576 514 48 1652 330 620 966 555 656 572 2206 2063 1684 330 556 406 421 1903 6801 28387 2651 1490 12414
leaf_count=1847335 71 11949 114333 1808 2416 1608 1369 576 514 48 1652 330 620 966 555 656 572 2206 2063 1684 330 556 406 421 1903 6801 28387 2651 1490 12414
internal_value=-8.05637e-05 -0.000181998 0.0013487 0.00849162 0.0206422 0.00445729 -0.00608974 0.0122741 0.0393626 0.00624379 -0.0165827 -0.0261535 -0.00768421 -0.00110246 0.034743 0.0406465 0.0111416 0.0164196 0.025589 0.0050829 -0.00218414 -0.0179567 -0.0293139 0.0318841 -0.000110627 0.00260962 0.00178367 0.00882837 0.0197899 -0.000170937
internal_weight=2.04869e+06 1.91293e+06 135760 21427 5341 16086 6240 2269 2322 3019 3971 2319 950 1542 603 727 9846 5262 3056 4584 2976 1292 962 2484 1.90098e+06 41232 39329 10942 4141 1.85975e+06
internal_count=2048690 1912930 135760 21427 5341 16086 6240 2269 2322 3019 3971 2319 950 1542 603 727 9846 5262 3056 4584 2976 1292 962 2484 1900981 41232 39329 10942 4141 1859749
is_linear=0
shrinkage=0.05


Tree=132
num_leaves=31
num_cat=0
split_feature=5 9 8 0 16 16 0 14 17 0 0 16 0 17 16 5 12 0 14 18 16 0 10 14 0 16 16 12 17 0
split_gain=136.523 640.404 506.106 348.416 577.379 554.398 479.021 348.907 297.596 245.59 207.207 228.566 344.14 182.309 150.716 122.737 228.539 338.325 282.509 212.835 228.537 214.922 189.877 184.329 183.852 168.946 209.148 848.184 2416.57 924.666
threshold=98.500000000000014 99.500000000000014 93.500000000000014 0.78656609248549325 84.285221143473578 86.287348790322596 -0.37940952255126065 1.4383538134692249 100.50000000000001 0.98296291314453421 0.37940952255126054 75.853299856527997 -1.0000000180025095e-35 100.50000000000001 86.287348790322596 76.500000000000014 80.083333333333357 0.25881904510252091 1.0000000180025095e-35 0.87844152563778743 75.853299856527997 -1.0000000180025095e-35 73.500000000000014 1.0000000180025095e-35 0.98296291314453421 72.063850923166527 20.00179856115108 19.916666666666668 20.500000000000004 -0.37940952255126065
decision_type=2 2 2 2 10 10 2 2 10 2 2 8 2 10 10 2 2 2 2 10 10 2 2 2 2 10 8 2 10 2
left_child=2 3 15 5 8 6 7 -2 -5 -6 11 -8 -13 -9 -11 22 17 19 24 -17 23 -22 25 -21 -19 26 27 -1 29 -29
right_child=1 -3 -4 4 9 -7 10 13 -10 14 -12 12 -14 -15 -16 16 -18 18 -20 20 21 -23 -24 -25 -26 -27 -28 28 -30 -31
leaf_value=0 6.1405475440613093e-05 1.3812346337568139e-06 -5.7779364426432343e-06 5.0034204571895327e-08 -1.7325276449241099e-08 5.7384184266148406e-06 -5.3753476866769898e-07 -0.034507090929669255 0.024949269446340239 -6.4177203332946101e-08 -1.4050175076496357e-07 1.0407560853114966e-08 -5.2529089200937284e-08 0.13568798185413017 2.2200509547638826e-06 0.099752327275179423 1.1841678045528172e-06 0.00013919981349211794 0.0012652001157840249 0.00028310964001004396 -0.0047493489010488306 0.00017045202510852461 -0.00063387925547694055 -0.0075311989214986762 -2.4544245442371337e-05 0.00114596690235943 -2.0610592083773108e-08 2.2186615062142862e-06 8.4758854304274106e-06 6.7412652528485772e-07
leaf_weight=1626779 767 115123 12846 1808 2401 9362 1315 544 444 48 1652 302 616 827 551 3655 29664 2274 1544 689 991 336 11868 1354 377 32645 150518 2666 29645 5079
leaf_count=1626779 767 115123 12846 1808 2401 9362 1315 544 444 48 1652 302 616 827 551 3655 29664 2274 1544 689 991 336 11868 1354 377 32645 150518 2666 29645 5079
internal_value=-6.55785e-05 0.00146656 -0.000174314 0.00957746 0.0206969 0.00578161 -0.0060518 0.012956 0.0398313 0.00633333 -0.0165122 -0.0264442 -0.00729847 -0.00215171 0.034975 -0.000107443 0.00260249 0.00868093 0.0199166 0.00197153 -0.00709199 -0.0232479 -0.000167034 0.00340186 0.0298189 -0.000126534 -0.000190666 -2.92338e-05 0.00741642 0.0322853
internal_weight=2.04869e+06 135760 1.91293e+06 20637 5252 15385 6023 2138 2252 3000 3885 2233 918 1371 599 1.90008e+06 40884 11220 4195 7025 3370 1327 1.8592e+06 2043 2651 1.84733e+06 1.81469e+06 1.66417e+06 37390 7745
internal_count=2048690 135760 1912930 20637 5252 15385 6023 2138 2252 3000 3885 2233 918 1371 599 1900084 40884 11220 4195 7025 3370 1327 1859200 2043 2651 1847332 1814687 1664169 37390 7745
is_linear=0
shrinkage=0.05


Tree=133
num_leaves=31
num_cat=0
split_feature=5 9 1 8 1 15 1 15 1 1 14 17 15 14 15 10 5 5 18 10 1 18 1 1 17 1 14 15 17 18
split_gain=119.172 585.197 525.232 505.801 370.08 656.153 258.432 379.602 250.64 227.56 180.049 178.335 148.917 137.691 119.789 138.924 199.918 154.998 116.392 113.651 111.66 98.7639 489.769 280.707 266.402 254.569 187.751 203.42 146.076 135.304
threshold=98.500000000000014 99.500000000000014 0.78656609248549303 93.500000000000014 -0.12940952255126037 98.995145631067984 -0.70710678118654757 98.995145631067984 -0.9159756150367534 0.60355339059327384 0.63226727006295136 106.00000000000001 71.206557377049194 1.0000000180025095e-35 94.006578947368425 139.50000000000003 143.50000000000003 137.50000000000003 0.70017421602787466 136.50000000000003 1.0000000180025095e-35 0.98017837498035532 0.60355339059327384 0.37940952255126048 171.50000000000003 0.25881904510252057 1.0000000180025095e-35 149.78549088210352 163.50000000000003 0.61294511939673246
decision_type=2 2 2 2 2 10 2 10 2 2 2 10 8 2 8 2 2 2 10 2 2 10 2 2 10 2 2 8 10 10
left_child=3 2 4 -1 6 -6 8 13 12 11 -10 20 -2 -8 -3 17 -17 19 -4 -16 -7 25 23 -23 -25 -18 27 -24 -27 -30
right_child=1 14 18 -5 5 9 7 -9 10 -11 -12 -13 -14 -15 15 16 21 -19 -20 -21 -22 22 26 24 -26 28 -28 -29 29 -31
leaf_value=0 -2.5483091879145245 -0.0010795193421957181 0.37916979430057901 -5.489039620511073e-06 -2.3285250928857684e-06 -0.0036187763395903478 0.0065024925703005406 -4.9719386591066332e-05 0.0010994074431670386 3.3040667646018598e-07 -0.020708806765274576 0.30197685745548736 0.00063581795982869645 0.007187053307716568 6.8430264780000612e-05 -0.14979269705455386 -0.030034243305616572 0.0010898963813708842 -1.2647228741404686e-07 -0.11528811656039434 4.7532494343300565e-08 -0.00074607690900596385 0.0007899850433679827 -0.0066073278556352784 0.0014850024515810525 0.048770875860178496 -0.0017778310427725827 -0.00011934866541485779 1.0269393989263305 0.0019479582189407764
leaf_weight=1900084 210 7490 370 12846 2128 42 687 3176 1320 1534 307 720 1529 496 24047 3086 33829 3957 5419 862 2699 6627 322 244 1947 951 6286 2587 1104 21784
leaf_count=1900084 210 7490 370 12846 2128 42 687 3176 1320 1534 307 720 1529 496 24047 3086 33829 3957 5419 862 2699 6627 322 244 1947 951 6286 2587 1104 21784
internal_value=-2.89941e-05 0.00140247 0.00915589 -0.000130585 0.0141366 0.0223572 0.00655663 -0.0014797 0.0169638 0.0322623 0.0310695 0.0393672 0.00376653 0.0226965 1.25952e-05 0.000438063 -0.000649384 0.00340539 -0.00361893 0.00194508 0.0451842 -0.000140722 -0.00337256 0.0050465 0.0205614 0.000868766 -0.0114464 -0.0219491 0.00482613 0.00402831
internal_weight=2.04869e+06 135760 20637 1.91293e+06 14848 7123 7725 4359 3366 4995 1627 3461 1739 1183 115123 107633 78767 28866 5789 24909 2741 75681 18013 8818 2191 57668 9195 2909 23839 22888
internal_count=2048690 135760 20637 1912930 14848 7123 7725 4359 3366 4995 1627 3461 1739 1183 115123 107633 78767 28866 5789 24909 2741 75681 18013 8818 2191 57668 9195 2909 23839 22888
is_linear=0
shrinkage=0.05


Tree=134
num_leaves=31
num_cat=0
split_feature=16 15 17 18 5 9 9 1 0 16 0 0 10 1 15 16 0 0 15 0 16 0 15 17 17 10 18 16 0 16
split_gain=494.421 1080.77 223.558 155.435 135.491 568.176 524.097 499.26 472.995 572.23 621.354 481.599 372.688 362.463 679.771 377.687 1668.03 510.61 427.768 322.439 382.943 334.46 221.06 217.969 187.403 167.482 167.133 138.609 229.489 282.895
threshold=inf 1.0030303030303032 1.5000000000000002 0.99475062000551129 97.500000000000014 99.500000000000014 93.500000000000014 0.78656609248549303 0.37940952255126054 97.501456421092811 -0.37940952255126065 -0.37940952255126065 95.500000000000014 -0.12940952255126037 98.995145631067984 84.285221143473578 0.60355339059327384 0.37940952255126054 94.006578947368425 0.78656609248549325 86.287348790322596 0.60355339059327384 98.995145631067984 107.50000000000001 107.50000000000001 98.500000000000014 0.80870695256660186 75.853299856527997 -1.0000000180025095e-35 86.287348790322596
decision_type=8 8 10 8 2 2 2 2 2 10 2 2 2 2 10 10 2 2 10 2 10 2 10 10 10 2 10 10 2 10
left_child=4 3 -3 -2 6 7 -1 13 9 10 12 26 -9 15 -15 17 25 -6 -18 20 21 -16 -12 -19 -21 -17 -11 -24 29 -29
right_child=1 2 -4 -5 5 -7 -8 8 -10 11 22 -13 -14 14 19 16 18 23 -20 24 -22 -23 27 -25 -26 -27 -28 28 -30 -31
leaf_value=0 -0.012961997329352696 -0.011379282059251499 -8.6264173034731779e-07 1.0305296041886555e-09 -1.0245828451718064 1.0786224563795629e-05 -5.4713133919421738e-06 -0.025079460819917351 -2.6620497218527636e-07 0.13639966510458845 2.8580891142064663e-06 5.4578211196548011e-06 5.7240606193012658e-05 -1.1312731005331436e-07 0.24642057152754548 -0.0080615262079505295 0.024478748958769642 0.003784520005853222 -0.00010344643783762453 3.7946172818025566e-08 6.0748433550186551e-05 -1.6041640196297037e-07 -5.043344158636117e-07 -0.0008118061915422637 -0.014901662159156337 0.0010056202611083405 -0.0023273825007788058 1.6210797181161561e-08 -4.3579020370188076e-08 -1.4162476143518317e-06
leaf_weight=1896162 143 335 1005 1634 651 115179 12790 542 1046 280 301 1201 604 2404 265 762 157 1429 1723 2634 1622 394 1029 319 180 2893 225 239 413 129
leaf_count=1896162 143 335 1005 1634 651 115179 12790 542 1046 280 301 1201 604 2404 265 762 157 1429 1723 2634 1622 394 1029 319 180 2893 225 239 413 129
internal_value=-2.3576e-05 0.0198749 -0.0140299 0.0454418 -5.38969e-05 0.0014672 -0.000162759 0.0089404 -0.00328674 0.00315333 -0.00913417 0.026612 0.0205061 0.0137012 0.0215829 0.00625158 -0.000930443 0.022822 -0.0392021 0.0319235 0.0179527 -0.0141882 -0.025225 0.0368993 0.043248 0.0187551 -0.0143564 -0.0318232 -0.0159411 0.0127717
internal_weight=2.04869e+06 3117 1340 1777 2.04557e+06 136621 1.90895e+06 21442 6009 4963 3257 1706 1146 15433 7499 7934 5535 2399 1880 5095 2281 659 2111 1748 2814 3655 505 1810 781 368
internal_count=2048690 3117 1340 1777 2045573 136621 1908952 21442 6009 4963 3257 1706 1146 15433 7499 7934 5535 2399 1880 5095 2281 659 2111 1748 2814 3655 505 1810 781 368
is_linear=0
shrinkage=0.05


Tree=135
num_leaves=31
num_cat=0
split_feature=16 3 17 10 0 16 17 17 14 0 17 17 17 7 9 18 7 11 7 0 16 12 13 17 10 17 14 7 16 0
split_gain=495.673 745.236 590.76 86.2874 69.0934 86.9369 134.138 115.707 90.0081 87.1434 86.3287 333.372 300.037 164.973 101.998 97.5008 225.944 231.048 423.278 170.272 110.304 139.855 163.241 219.724 108.871 234.812 152.043 232.194 215.524 196.92
threshold=inf -0.56174490092936669 2.5000000000000004 57.500000000000007 -0.9159756150367534 480.85425311203329 477.00000000000006 308.00000000000006 7.1540580844181383 -0.98296291314453399 188.50000000000003 205.50000000000003 243.50000000000003 42.500000000000007 267.50000000000006 0.99402380952380964 28.500000000000004 29.166666666666668 31.500000000000004 -0.98296291314453399 16.893650793650796 8.9166666666666696 1.0000000180025095e-35 1.0000000180025095e-35 -1.0000000180025095e-35 39.500000000000007 1.0000000180025095e-35 6.5000000000000009 70.227907405544954 -0.98296291314453399
decision_type=8 2 10 2 2 10 10 10 2 2 10 10 10 2 2 8 2 2 2 2 10 2 2 10 2 10 2 2 10 2
left_child=4 3 -3 -2 5 6 7 10 -8 -7 15 -12 13 -13 -14 24 20 -18 -19 -20 21 22 -17 -24 25 -1 27 29 -29 -26
right_child=1 2 -4 -5 -6 9 8 -9 -10 -11 11 12 14 -15 -16 16 17 18 19 -21 -22 -23 23 -25 26 -27 -28 28 -30 -31
leaf_value=0 -0.010810317956288923 9.7900312397922272e-10 -8.1950964382995198e-07 0.020068931710589065 0 -1.9138636314034081 0.020866444192747836 -0.18625977754031459 0.77993969244769912 -0.22268209053447521 0.45706477056245221 -0.0065075791807361174 0.2329022659316704 -1.2468188410218888 -0.1018683365811533 0 5.3852295762060622e-06 -4.5368058618470602e-05 0.0012314726111351715 3.7370007960056225e-06 -1.3969420706620767e-05 4.087332694848633e-06 0.016965673614378698 0.000454605847814636 0 7.8672426553059213e-05 -0.0022893024410591371 3.7286372207555394e-05 -0.0048481721091589722 -2.3841410141171191e-07
leaf_weight=8804 460 1654 929 74 1787713 336 1299 1890 1284 663 2227 611 2484 860 214 154860 727 554 1121 2196 1298 4210 364 1470 3239 1129 53719 4183 829 7289
leaf_count=8804 460 1654 929 74 1787713 336 1299 1890 1284 663 2227 611 2484 860 214 154860 727 554 1121 2196 1298 4210 364 1470 3239 1129 53719 4183 829 7289
internal_value=-4.87629e-05 0.0198749 0.0309911 -0.0338951 -7.91221e-05 -0.000844257 -0.000787002 -0.000902162 0.0105497 -0.0155656 -0.000809864 0.00492495 -0.00341809 -0.021584 0.00648629 -0.000958974 -0.000273082 0.0106568 0.00579954 0.0125565 -0.000582915 -0.000465806 -0.00070743 0.0141221 -0.00240365 0.00249169 -0.00310573 -0.00746139 0.00139665 -0.0116784
internal_weight=2.04869e+06 3117 2583 534 2.04557e+06 257860 256861 254278 2583 999 252388 6396 4169 1471 2698 245992 166800 4598 3871 3317 162202 160904 156694 1834 79192 9933 69259 15540 5012 10528
internal_count=2048690 3117 2583 534 2045573 257860 256861 254278 2583 999 252388 6396 4169 1471 2698 245992 166800 4598 3871 3317 162202 160904 156694 1834 79192 9933 69259 15540 5012 10528
is_linear=0
shrinkage=0.05


Tree=136
num_leaves=31
num_cat=0
split_feature=16 3 17 0 16 17 0 18 18 16 0 5 10 9 1 1 1 16 0 16 17 5 18 14 10 1 17 16 17 16
split_gain=481.944 784.453 590.76 82.8134 81.3213 120.346 83.055 69.1197 141.665 220.111 131.39 471.208 2536.9 879.374 1245.87 1012.74 608.553 561.379 535.88 569.072 465.734 1192.76 404.147 363.411 362.86 736.667 812.387 574.287 550.691 409.88
threshold=inf -0.56174490092936669 2.5000000000000004 -0.9159756150367534 480.85425311203329 520.50000000000011 -0.98296291314453399 0.9254525246109877 0.92005509641873295 12.613025048169559 0.78656609248549325 20.500000000000004 19.500000000000004 36.500000000000007 -0.78656609248549325 -0.70710678118654757 0.78656609248549303 19.002083333333335 -0.37940952255126065 19.62627092533635 30.500000000000004 35.500000000000007 0.99930651872399456 1.0000000180025095e-35 98.500000000000014 0.25881904510252057 99.500000000000014 84.285221143473578 101.50000000000001 260.18776959690621
decision_type=8 2 10 2 10 10 2 10 10 10 2 2 2 2 2 2 2 10 2 10 10 2 10 2 2 2 10 10 10 10
left_child=3 -2 -3 4 5 -1 -6 8 -5 -10 11 12 -9 15 -15 17 -17 -13 19 -14 22 23 -18 -22 -12 27 -27 28 -26 -29
right_child=1 2 -4 7 6 -7 -8 10 9 -11 24 13 18 14 -16 16 20 -19 -20 -21 21 -23 -24 -25 25 26 -28 29 -30 -31
leaf_value=0 -0.010269802058474477 9.3005296778026155e-10 -7.7853416163845434e-07 0 -1.8181704498332381 0.5134724337642903 -0.21154798600775138 0 0.00036268815267149172 0.0042458623556578517 0 -1.3591294762095292e-05 3.0450277691528313e-06 0.0022110685919501821 -6.4267947547580507e-07 6.843547809895484e-07 3.9671039467130618e-07 -1.2901461094371497e-05 6.4042019902061482e-07 -0.0013221637860833494 2.0876118568414426e-07 -4.5902243008959315e-06 -3.4933904679251334e-08 -0.00057708245955826636 0.0031790305954678463 3.6048864177124288e-08 0.00093809955822548815 -9.827411594574331e-05 -0.061076146607571026 0.053091903954659452
leaf_weight=255898 534 1654 929 1102469 336 963 663 402420 1150 2676 161314 1602 1403 7754 57518 7133 1472 5534 3738 624 1322 1095 4365 742 1055 1863 8282 7838 716 3628
leaf_count=255898 534 1654 929 1102469 336 963 663 402420 1150 2676 161314 1602 1403 7754 57518 7133 1472 5534 3738 624 1322 1095 4365 742 1055 1863 8282 7838 716 3628
internal_value=-5.96479e-05 0.0195861 0.0309911 -8.95837e-05 -0.000927247 -0.000871872 -0.0151652 3.1241e-05 0.000275243 0.00987977 -0.000364901 -0.000788268 -7.10462e-05 -0.0040949 -0.00111993 -0.0124414 -0.00550251 -0.028125 0.0328621 0.0121608 -0.0141507 0.00131371 -0.0225201 0.0236919 0.000773704 0.00659482 0.0167324 -0.00117474 0.0253247 -0.00526775
internal_weight=2.04869e+06 3117 2583 2.04557e+06 257860 256861 999 1.78771e+06 1.1063e+06 3826 681418 496722 408185 88537 65272 23265 16129 7136 5765 2027 8996 3159 5837 2064 184696 23382 10145 13237 1771 11466
internal_count=2048690 3117 2583 2045573 257860 256861 999 1787713 1106295 3826 681418 496722 408185 88537 65272 23265 16129 7136 5765 2027 8996 3159 5837 2064 184696 23382 10145 13237 1771 11466
is_linear=0
shrinkage=0.05


Tree=137
num_leaves=31
num_cat=0
split_feature=16 15 17 18 10 15 10 11 17 1 1 0 0 1 10 12 1 16 17 1 10 12 17 0 16 18 15 13 15 1
split_gain=480.363 1102.58 216.076 155.435 109.542 105.218 296.941 560.662 378.002 607.737 823.375 961.951 560.797 440.479 350.312 489.588 876.889 692.159 460.583 431.1 320.217 1210.4 1394.91 1065.73 1009.2 636.53 426.368 368.559 300.239 296.072
threshold=inf 1.0030303030303032 1.5000000000000002 0.99475062000551129 -1.0000000180025095e-35 8.1288389845552995 35.500000000000007 31.166666666666668 36.500000000000007 -0.70710678118654757 0.25881904510252057 -0.60355339059327362 -0.9159756150367534 0.1294095225512602 29.500000000000004 28.750000000000004 0.78656609248549303 27.538466925797533 29.500000000000004 0.91597561503675351 20.500000000000004 19.916666666666668 20.500000000000004 -0.37940952255126065 19.62627092533635 0.96668978270920036 20.00357142857143 1.0000000180025095e-35 16.206389452332662 1.0000000180025095e-35
decision_type=8 8 10 8 2 8 2 2 10 2 2 2 2 2 2 2 2 10 10 2 2 2 10 2 10 10 8 2 10 2
left_child=5 3 -3 4 -2 -1 7 14 9 -8 12 -12 13 -11 15 20 17 -17 -19 -16 21 27 23 24 -23 -22 -27 28 -7 -28
right_child=1 2 -4 -5 -6 6 8 -9 -10 10 11 -13 -14 -15 19 16 -18 18 -20 -21 25 22 -24 -25 -26 26 29 -29 -30 -31
leaf_value=0 0.002170770710254732 -0.0097563119555507533 -7.3960745355653158e-07 8.8355031939124852e-10 -0.012313817560694787 0 -4.7023111994844747e-05 6.2500620544217651e-07 -1.2026160809103159e-07 -5.8335059748728273e-05 4.148271787363595e-05 -4.3607130858511347e-06 0.00091757673348388075 3.6462955181147164e-06 -1.6704025741202877e-07 -6.2982788174442267e-08 -3.3187209445288769e-08 6.843547809895484e-07 0.0030356416014652508 -7.9721286585684569e-09 -3.7747021506838821e-06 2.8927763806951899e-06 -9.4647655707196585e-06 6.2093105610824208e-07 -0.0059293299237736059 9.8369840107348616e-05 -1.2521396906251158e-05 0.0077242205206700517 -2.9815462530711052e-06 -1.3210306755543871e-05
leaf_weight=1518377 56 335 1005 1634 87 70107 977 20929 273622 337 349 1483 836 168 11749 1911 1737 3171 891 1124 35050 1636 6696 4762 756 1254 2455 59021 23731 2444
leaf_count=1518377 56 335 1005 1634 87 70107 977 20929 273622 337 349 1483 836 168 11749 1911 1737 3171 891 1124 35050 1636 6696 4762 756 1254 2455 59021 23731 2444
internal_value=4.68592e-06 0.0196182 -0.0146269 0.0454418 -0.00454545 -2.52008e-05 0.000583369 0.00183563 -0.000541091 -0.0155181 -0.00490072 -0.0266921 0.0248695 -0.0167327 0.00111819 0.00159654 0.0139689 0.0230621 0.0347366 -0.00689427 0.00113774 0.00211326 0.0162671 0.0316187 0.00438963 -0.00280926 -0.0176418 0.000830831 -0.00111629 -0.0243009
internal_weight=2.04869e+06 3117 1340 1777 143 2.04557e+06 527196 249424 277772 4150 3173 1832 1341 505 228495 215622 7710 5973 4062 12873 207912 166709 13850 7154 2392 41203 6153 152859 93838 4899
internal_count=2048690 3117 1340 1777 143 2045573 527196 249424 277772 4150 3173 1832 1341 505 228495 215622 7710 5973 4062 12873 207912 166709 13850 7154 2392 41203 6153 152859 93838 4899
is_linear=0
shrinkage=0.05


Tree=138
num_leaves=31
num_cat=0
split_feature=16 15 9 15 10 5 15 15 0 18 5 1 18 5 11 16 16 18 1 15 9 1 5 1 1 15 18 10 18 18
split_gain=479.272 1099.84 192.224 167.008 521.351 493.292 439.326 913.017 948.201 955.754 514.589 384.272 997.869 454.982 964.237 669.131 433.98 380.573 308.849 680.305 295.964 324.364 325.408 320.368 293 289.778 286.361 283.528 264.359 251.026
threshold=inf 1.0030303030303032 2.5000000000000004 13.358299337072923 35.500000000000007 31.500000000000004 20.753635405690204 19.442072271386433 -0.37940952255126065 0.99930651872399456 20.500000000000004 0.78656609248549303 0.99930651872399456 28.500000000000004 29.166666666666668 27.538466925797533 36.005016722408037 0.99930651872399456 0.91597561503675351 29.931025369978865 17.500000000000004 -0.5 18.500000000000004 1.0000000180025095e-35 -0.78656609248549325 69.114224137931046 0.90717967599410909 80.500000000000014 0.75017337031900155 0.99930651872399456
decision_type=8 8 2 8 2 2 8 10 2 10 2 2 10 2 2 10 10 10 2 10 2 2 2 2 2 8 10 2 8 10
left_child=3 -2 -3 -1 5 6 7 20 -9 -10 -11 13 16 -8 15 -15 28 -17 19 -14 -5 -22 29 -24 26 -6 -16 -27 -13 -23
right_child=1 2 -4 4 25 -7 11 8 9 10 -12 12 18 14 24 17 -18 -19 -20 -21 21 22 23 -25 -26 27 -28 -29 -30 -31
leaf_value=0 8.3937280342168609e-10 -0.0092684963577732149 -7.0262708087870503e-07 0 -5.334051733839793e-06 5.9424268196688164e-07 0 -4.8141606355975682e-05 0.00092745716113184357 5.8988450330282991e-07 -2.0488215105320584e-05 0.0014163799395852646 -3.1527848973024328e-08 -4.5812442376433415e-08 -0.014144642110377071 0.040567397185155118 -0.013794139141547543 6.5013704194007098e-07 -3.1503509633183632e-08 3.7988421203298208e-10 0.00023279783263254681 -0.027937960904725667 -0.099553056353558211 9.8686010484754216e-05 -2.3798152494320686e-07 0.00015666203427059397 6.4370624369664528e-07 -3.2530151733368385e-09 0 -4.9806213397548527e-06
leaf_weight=1596365 1777 423 917 40002 86066 21446 48087 4812 4006 4311 473 4407 1574 2028 920 1154 1209 3197 2615 364 6931 2722 2628 4978 6778 25781 734 164590 5626 1769
leaf_count=1596365 1777 423 917 40002 86066 21446 48087 4812 4006 4311 473 4407 1574 2028 920 1154 1209 3197 2615 364 6931 2722 2628 4978 6778 25781 734 164590 5626 1769
internal_value=5.90621e-05 0.0196503 -0.0145522 2.92094e-05 0.000880884 0.00303552 0.00202974 0.00483396 0.0165123 0.0262799 0.0413671 -0.000558499 -0.00753086 0.00119241 0.00885491 0.0235225 0.000466999 0.0345783 -0.0272787 -0.0121517 0.00214298 -0.00299033 -0.00793172 -0.00163029 -0.00224146 -0.000465748 0.0166264 0.000622731 0.00387721 -0.0186039
internal_weight=2.04869e+06 3117 1340 2.04557e+06 449208 172771 151325 72632 13602 8790 4784 78693 15795 62898 14811 6379 11242 4351 4553 1938 59030 19028 12097 7606 8432 276437 1654 190371 10033 4491
internal_count=2048690 3117 1340 2045573 449208 172771 151325 72632 13602 8790 4784 78693 15795 62898 14811 6379 11242 4351 4553 1938 59030 19028 12097 7606 8432 276437 1654 190371 10033 4491
is_linear=0
shrinkage=0.05


Tree=139
num_leaves=31
num_cat=0
split_feature=16 15 17 15 17 12 0 16 12 15 1 0 15 17 15 17 1 16 6 1 0 1 14 10 5 15 10 14 1 16
split_gain=478.293 1099.84 217.004 196.111 1004.67 1803.1 1065.76 1065.13 399.342 292.767 362.398 256.794 321.038 225.718 862.838 478.055 1107.21 1364.84 385.859 278.605 249.824 701.709 252.681 223.22 681.281 277.289 265.665 243.339 555 355.357
threshold=inf 1.0030303030303032 1.5000000000000002 13.358299337072923 20.500000000000004 19.916666666666668 -0.37940952255126065 19.62627092533635 17.583333333333339 16.206389452332662 0.25881904510252057 0.12940952255126045 17.006097560975615 27.500000000000004 20.753635405690204 29.500000000000004 0.78656609248549303 27.538466925797533 23.500000000000004 0.25881904510252057 0.60355339059327384 1.0000000180025095e-35 1.0000000180025095e-35 35.500000000000007 31.500000000000004 69.114224137931046 73.500000000000014 1.0000000180025095e-35 0.25881904510252057 16.893650793650796
decision_type=8 8 10 8 8 2 2 10 2 8 2 2 8 8 8 8 2 10 2 2 2 2 2 2 2 8 2 2 2 10
left_child=3 -2 -3 -1 5 8 7 -7 9 -5 -11 -10 -13 14 -6 16 17 19 -16 -15 22 -22 -20 24 27 -25 -27 29 -29 -17
right_child=1 2 -4 4 13 6 -8 -9 11 10 -12 12 -14 15 18 23 -18 -19 20 -21 21 -23 -24 25 -26 26 -28 28 -30 -31
leaf_value=0 7.9740416325060172e-10 -0.0088050715398845548 -6.6749572683476973e-07 0 4.9343382486361057e-05 5.1552178794592142e-06 5.6039027813768834e-07 -0.0056304563472671263 4.9556678379889719e-08 0 1.5751754816591817e-09 0.00023304683637854481 -4.7315917062035267e-06 0.001842902241655512 -1.6125212886817071e-05 0 -2.9952673491365145e-08 6.1763018984306751e-07 -1.2308265701540012e-05 -3.2655014119024287e-05 0.00077427102746898541 -1.2561750839552004e-05 -0.0021252005245018901 -5.0673491471478033e-06 5.6453054786853754e-07 0.032569588217797651 7.9955753500621035e-09 -0.0050944955845439567 0.044713355947814663 -1.9848051033553499e-07
leaf_weight=1596365 1777 335 1005 15574 17033 1499 4676 731 1067 5103 3849 517 1246 9182 3357 11124 3516 3265 2465 2516 703 1018 789 86066 21446 12881 177490 32011 12434 17650
leaf_count=1596365 1777 335 1005 15574 17033 1499 4676 731 1067 5103 3849 517 1246 9182 3357 11124 3516 3265 2465 2516 703 1018 789 86066 21446 12881 177490 32011 12434 17650
internal_value=7.90749e-05 0.0196503 -0.0145522 4.92527e-05 0.000972155 0.00920116 0.0320301 0.00358744 0.003438 0.00549009 0.0126955 -0.0143463 -0.0260635 0.000292689 -0.00427755 0.00059025 0.00843931 0.0143721 -0.0174628 0.00639426 -0.0263015 -0.0108948 -0.0344499 0.000199406 0.00229493 -0.000518201 0.000546564 -6.82883e-07 0.0023186 -0.0035831
internal_weight=2.04869e+06 3117 1340 2.04557e+06 449208 34262 6906 2230 27356 24526 8952 2830 1763 414946 25365 389581 18479 14963 8332 11698 4975 1721 3254 371102 94665 276437 190371 73219 44445 28774
internal_count=2048690 3117 1340 2045573 449208 34262 6906 2230 27356 24526 8952 2830 1763 414946 25365 389581 18479 14963 8332 11698 4975 1721 3254 371102 94665 276437 190371 73219 44445 28774
is_linear=0
shrinkage=0.05


Tree=140
num_leaves=31
num_cat=0
split_feature=16 15 17 15 17 12 0 16 12 10 5 18 15 16 17 1 0 0 18 18 0 10 0 1 15 0 0 15 15 10
split_gain=479.075 1099.84 217.004 185.426 879.143 1960.92 1087.48 1063.96 350.743 313.393 987.254 902.294 369.176 321.846 533.651 1446.78 515.618 465.995 1401.17 781.605 570.614 319.911 302.122 641.083 276.682 266.595 265.502 310.674 254.361 346.265
threshold=inf 1.0030303030303032 1.5000000000000002 13.358299337072923 20.500000000000004 19.916666666666668 -0.37940952255126065 19.62627092533635 17.583333333333339 35.500000000000007 28.500000000000004 0.99930651872399456 20.00357142857143 26.768112256431127 29.500000000000004 0.78656609248549303 -0.37940952255126065 -0.60355339059327362 0.9693564542381371 0.96804255319148946 0.98296291314453421 29.500000000000004 0.60355339059327384 1.0000000180025095e-35 16.206389452332662 -0.60355339059327362 0.12940952255126045 17.006097560975615 79.492990654205627 81.500000000000014
decision_type=8 8 10 10 10 2 2 10 2 2 2 10 10 10 10 2 2 2 10 10 2 2 2 2 8 2 2 10 10 2
left_child=3 -2 -3 -1 5 8 7 -7 24 10 11 -6 -13 -12 15 -15 -17 18 -16 -19 21 -21 -14 -24 -5 -26 -10 -28 -11 -30
right_child=1 2 -4 4 9 6 -8 -9 26 28 13 12 22 14 17 16 -18 19 -20 20 -22 -23 23 -25 25 -27 27 -29 29 -31
leaf_value=0 7.5753395508807158e-10 -0.0083648179628903266 -6.3412094049303124e-07 0 3.2197806730210837e-06 4.8974569854862539e-06 5.32370764230804e-07 -0.0053489335299037703 4.7078844460895234e-08 -4.8734602213857096e-06 9.880527616188928e-09 8.4685021800133984e-05 -1.1704738576987157e-05 5.8674868035091412e-07 0.06867949154419635 2.5607249706945213e-06 -2.8453822849804857e-08 0.001835254396542423 -1.0410865776162035e-06 -0.0038161633247586128 -9.8559830168506295e-08 1.0913415463605727e-07 0.00073555747609553611 -1.1933663297574403e-05 -1.5319057569004032e-07 1.4917076039972963e-07 0.00022139449455961754 -4.4950121208933496e-06 0.012983241007361458 7.595796582558998e-09
leaf_weight=1607620 1777 335 1005 15574 85699 1494 4631 721 1054 107200 11211 1588 3023 3196 8839 172 667 7278 2223 447 596 6850 684 912 1236 3394 517 1235 10509 157003
leaf_count=1607620 1777 335 1005 15574 85699 1494 4631 721 1054 107200 11211 1588 3023 3196 8839 172 667 7278 2223 447 596 6850 684 912 1236 3394 517 1235 10509 157003
internal_value=6.30891e-05 0.0196503 -0.0145522 3.32425e-05 0.000945307 0.00922763 0.0327198 0.00390519 0.00223816 0.00033938 0.00232785 -0.000561987 -0.0189705 0.00873092 0.0114114 0.0283395 -0.0300954 0.00880761 0.00100344 0.0144981 0.0253959 0.029238 -0.0261204 -0.0085213 0.00453871 0.01527 -0.0143264 -0.0262557 -0.00062611 0.000591002
internal_weight=2.04869e+06 3117 1340 2.04557e+06 437953 29856 6846 2215 23010 408097 133385 91906 6207 41479 30268 4035 839 26233 11062 15171 7893 7297 4619 1596 20204 4630 2806 1752 274712 167512
internal_count=2048690 3117 1340 2045573 437953 29856 6846 2215 23010 408097 133385 91906 6207 41479 30268 4035 839 26233 11062 15171 7893 7297 4619 1596 20204 4630 2806 1752 274712 167512
is_linear=0
shrinkage=0.05


Tree=141
num_leaves=31
num_cat=0
split_feature=0 10 5 17 17 0 15 18 14 17 0 0 0 15 5 17 0 0 5 8 12 15 10 14 17 0 0 0 15 0
split_gain=87.6489 112.571 839.842 2690.98 1164.55 688.649 427.834 338.903 325.555 322.484 1363.38 470.721 293.907 424.892 281.719 247.634 1192.46 401.39 238.982 289.268 220.503 337.663 206.86 197.356 196.609 527.728 276.257 189.041 182.028 173.506
threshold=-0.9159756150367534 35.500000000000007 19.500000000000004 20.500000000000004 28.500000000000004 -0.37940952255126065 20.753635405690204 0.9189832689832691 1.0000000180025095e-35 36.500000000000007 -0.60355339059327362 0.60355339059327384 0.60355339059327384 24.621665582303191 31.500000000000004 34.500000000000007 -0.60355339059327362 0.98296291314453421 97.500000000000014 93.500000000000014 29.083333333333339 26.420369243254211 104.50000000000001 25.207984877750626 29.500000000000004 0.60355339059327384 -0.70710678118654735 0.60355339059327384 -1.0000000180025095e-35 0.78656609248549325
decision_type=2 2 2 10 10 2 8 10 2 10 2 2 2 10 2 10 2 2 2 2 2 10 2 2 10 2 2 2 10 2
left_child=-1 2 -2 5 6 -4 -5 -8 12 10 -3 -12 -9 -14 20 16 -16 -18 19 -11 21 -6 29 -17 25 26 -23 -26 -7 -20
right_child=1 9 3 4 14 28 7 8 -10 18 11 -13 13 -15 15 23 17 -19 22 -21 -22 24 -24 -25 27 -27 -28 -29 -30 -31
leaf_value=0 0 3.7962566021943603e-05 3.7152847979626818e-06 -2.1768489404953821e-05 1.9248819206142554e-05 -0.0023751704538459064 -2.1513846618012358e-05 -1.1107615487613653e-05 -0.00094855550514255866 -4.1634068345950583e-06 -4.2996454873244126e-06 -4.5633744414186868e-06 -1.1336980132695682e-05 0.00064780466350841919 -2.8227110426287856e-07 0.0009674876660030285 4.5891931736950504e-07 -9.3631838660080979e-08 1.2833005215815202e-06 -2.8902175120244668e-06 -1.5310289590069661e-09 2.2699812017072829e-06 -6.3905829869523244e-06 -0.097185488779868837 0.04900508520101933 5.5741124633336833e-07 4.8273316792617016e-07 -0.0022521699599717766 5.0575364542966411e-07 3.5739208441655532e-08
leaf_weight=257860 1453288 673 2139 6707 24597 58 2260 2319 1282 111918 1777 1245 1041 466 563 14676 2156 130 16117 10858 10908 595 100955 1162 6192 1176 2077 1803 5290 6402
leaf_count=257860 1453288 673 2139 6707 24597 58 2260 2319 1282 111918 1777 1245 1041 466 563 14676 2156 130 16117 10858 10908 595 100955 1162 6192 1176 2077 1803 5290 6402
internal_value=-2.62119e-05 9.78876e-05 0.000257547 0.00501216 0.00233304 0.0336784 -0.0107247 -0.0190418 -0.0261746 -0.000886395 -0.015548 -0.0298809 -0.0334814 -0.0162906 0.00511623 0.0103147 0.0238856 0.0399388 -0.000666396 -0.00222845 0.00306454 0.00493139 0.000886826 0.00787347 0.0118678 0.0211538 0.00886976 0.00739837 0.0432685 0.00522004
internal_weight=2.04869e+06 1.79083e+06 1.54088e+06 87597 80110 7487 14075 7368 5108 249945 3695 3022 3826 1507 66035 18687 2849 2286 246250 122776 47348 36440 123474 15838 11843 3848 2672 7995 5348 22519
internal_count=2048690 1790830 1540885 87597 80110 7487 14075 7368 5108 249945 3695 3022 3826 1507 66035 18687 2849 2286 246250 122776 47348 36440 123474 15838 11843 3848 2672 7995 5348 22519
is_linear=0
shrinkage=0.05


Tree=142
num_leaves=31
num_cat=0
split_feature=16 15 17 18 12 9 17 0 0 11 1 17 16 17 0 1 15 16 17 0 18 18 0 9 0 14 1 0 1 15
split_gain=487.328 1099.84 217.004 155.435 109.542 104.934 507.036 1100.09 521.306 466.94 544.907 911.521 671.531 610.818 459.272 1093.08 520.427 350.879 278.448 267.089 1226.82 384.774 594.485 386.454 396.215 274.806 234.328 332.012 198.989 787.715
threshold=inf 1.0030303030303032 1.5000000000000002 0.99475062000551129 -0.41666666666666657 33.500000000000007 36.500000000000007 -0.70710678118654735 -0.98296291314453399 28.833333333333339 0.91597561503675351 29.500000000000004 27.538466925797533 31.500000000000004 0.60355339059327384 1.0000000180025095e-35 21.458785354513758 26.768112256431127 32.500000000000007 -0.60355339059327362 0.91473032238208829 0.99930651872399456 0.60355339059327384 31.500000000000004 0.98296291314453421 1.0000000180025095e-35 0.78656609248549303 0.37940952255126054 1.0000000180025095e-35 29.931025369978865
decision_type=8 8 10 8 2 2 10 2 2 2 2 10 10 10 2 2 8 10 10 2 10 10 2 2 2 2 2 2 2 10
left_child=5 3 -3 4 -2 9 7 8 -7 -1 11 12 -11 17 16 -16 -9 -12 -15 20 -13 -21 25 28 -25 -23 -14 -28 -24 -30
right_child=1 2 -4 -5 -6 6 -8 14 -10 10 13 19 26 18 15 -17 -18 -19 -20 21 -22 22 23 24 -26 -27 27 -29 29 -31
leaf_value=0 0.0020622320550264498 -0.007946577064745811 -6.6657991954745571e-07 7.1965725733366805e-10 -0.011698126802375594 -5.46545637061732e-05 -5.0575258480912954e-07 0.00015968185899449899 4.2277237973276459e-06 -8.5274696881765694e-06 -1.6429908844459982e-07 0.043928454858696481 5.2954068401669995e-07 8.0731481035779143e-08 0.00092346699776740956 -4.4136165407418454e-05 -4.3693231065617625e-05 -3.454252072328638e-09 -0.00023565401378950582 0.0002485709381086404 -9.8903224873539322e-07 5.074145600780186e-07 0.00074202762175019693 0.00091668753085662647 -8.8950246727076927e-08 -0.003125435492415193 2.4085520637634867e-06 -5.1167790103623123e-08 0.0022850172572458946 -3.90401219249813e-05
leaf_weight=1725643 56 335 1005 1634 87 185 280566 306 929 1288 552 6957 3177 364 1037 1537 2522 1215 1452 8940 2792 2084 952 727 120 197 168 168 596 1099
leaf_count=1725643 56 335 1005 1634 87 185 280566 306 929 1288 552 6957 3177 364 1037 1537 2522 1215 1452 8940 2792 2084 952 727 120 197 168 168 596 1099
internal_value=-0.000104896 0.0196503 -0.0145522 0.0454418 -0.00454545 -0.000134999 -0.00102131 -0.0148097 0.0304309 9.69581e-06 0.00591512 0.00816846 0.0280879 -0.0124895 -0.0241392 -0.00885781 -0.0380481 -0.0334182 0.00787445 0.00425932 -0.0021592 0.00851172 0.0185714 0.00560962 0.0350059 0.0384261 0.0394108 -0.000297619 -0.00379675 -0.0140708
internal_weight=2.04869e+06 3117 1340 1777 143 2.04557e+06 287082 6516 1114 1.75849e+06 32848 29265 4801 3583 5402 2574 2828 1767 1816 24464 9749 14715 5775 3494 847 2281 3513 336 2647 1695
internal_count=2048690 3117 1340 1777 143 2045573 287082 6516 1114 1758491 32848 29265 4801 3583 5402 2574 2828 1767 1816 24464 9749 14715 5775 3494 847 2281 3513 336 2647 1695
is_linear=0
shrinkage=0.05


Tree=143
num_leaves=31
num_cat=0
split_feature=16 15 10 18 10 10 5 1 14 16 18 5 8 18 0 10 1 0 16 1 0 14 15 15 18 0 15 0 16 0
split_gain=488.552 1099.84 186.578 155.435 109.542 107.518 685.457 688.774 703.034 599.041 387.255 331.207 352.413 282.801 263.698 260.558 398.207 829.422 533.981 494.873 490.26 434.681 431.84 406.172 391.216 335.755 320.656 286.229 477.323 1141.43
threshold=inf 1.0030303030303032 2.5000000000000004 0.99475062000551129 -1.0000000180025095e-35 29.500000000000004 28.500000000000004 0.78656609248549303 1.0000000180025095e-35 27.538466925797533 0.96668978270920036 97.500000000000014 93.500000000000014 0.72003521126760572 -0.37940952255126065 104.50000000000001 0.60355339059327384 0.37940952255126054 97.501456421092811 0.25881904510252057 -0.37940952255126065 1.2746500939737988 98.995145631067984 98.995145631067984 0.94449944994499457 -0.37940952255126065 99.012987012987026 0.60355339059327384 84.285221143473578 0.98296291314453421
decision_type=8 8 2 8 2 2 2 2 2 10 10 2 2 10 2 2 2 2 10 2 2 2 8 10 10 2 10 2 10 2
left_child=5 3 -3 4 -2 6 -1 8 9 -8 -9 12 -7 -10 -12 16 19 18 20 27 21 -18 -19 -21 -24 -20 -25 -13 -29 -30
right_child=1 2 -4 -5 -6 11 7 10 13 -11 14 15 -14 -15 -16 -17 17 22 25 23 -22 -23 24 26 -26 -27 -28 28 29 -31
leaf_value=0 0.001959120452275127 -0.0075492482115085205 -6.3325092357008292e-07 6.8367439446698468e-10 -0.011113220462256816 -1.8678032444060151e-06 7.1493766345411772e-05 0.028360947184094012 0.13611492599229688 5.0306364981586495e-07 2.2881244605753124e-06 0.00096029787858806876 -5.0193755004466449e-06 -0.0060391981862018638 -5.0996294466998721e-08 -1.1667548036353805e-05 5.5478147712804268e-05 8.2425525105378731e-07 7.8300380749320343e-05 -2.7633381478844351e-05 -4.1421585024861803e-07 -0.009634814868983899 0.00011863722209175946 6.3143252353229136e-08 -2.7248825953703923e-06 5.1835828031738181e-06 0.043990381185857158 0.0019213323170168323 -9.3331513317071186e-05 7.0473771023397506e-06
leaf_weight=1718748 56 431 909 1634 87 161093 1305 2016 6128 3368 430 7141 11843 3712 1116 110614 754 383 1429 818 2551 1289 384 1792 1762 1343 793 1839 2118 804
leaf_count=1718748 56 431 909 1634 87 161093 1305 2016 6128 3368 430 7141 11843 3712 1116 110614 754 383 1429 818 2551 1289 384 1792 1762 1343 793 1839 2118 804
internal_value=-0.000129693 0.0196503 -0.0145522 0.0454418 -0.00454545 -0.000159833 -6.99553e-06 0.00967911 0.0145146 0.0304836 -0.0100225 -0.0010196 -0.00247086 0.00693089 -0.0288486 0.000828339 0.00541667 -0.0024002 0.006082 0.0104704 -0.00437527 0.0138767 -0.0271056 0.0272847 -0.0358341 0.0234127 0.0370019 0.00566291 -0.00383323 -0.0163929
internal_weight=2.04869e+06 3117 1340 1777 143 2.04557e+06 1.73682e+06 18075 14513 4673 3562 308750 172936 9840 1546 135814 25200 9895 7366 15305 4594 2043 2529 3403 2146 2772 2585 11902 4761 2922
internal_count=2048690 3117 1340 1777 143 2045573 1736823 18075 14513 4673 3562 308750 172936 9840 1546 135814 25200 9895 7366 15305 4594 2043 2529 3403 2146 2772 2585 11902 4761 2922
is_linear=0
shrinkage=0.05


Tree=144
num_leaves=31
num_cat=0
split_feature=10 5 17 17 0 0 0 1 15 15 1 1 17 1 5 8 10 1 0 1 15 15 0 0 9 17 15 5 17 0
split_gain=93.2665 951.969 475.828 356.012 1308.62 538.89 423.797 1067.98 528.867 321.26 357.151 406.49 314.191 263.183 245.22 389.981 307.826 469.433 654.405 542.723 486.845 315.858 277.639 261.665 221.729 678.052 804.609 595.201 1317.79 715.424
threshold=33.500000000000007 28.500000000000004 30.500000000000004 36.500000000000007 -0.60355339059327362 -0.98296291314453399 0.60355339059327384 1.0000000180025095e-35 19.442072271386433 27.850199401794619 -0.78656609248549325 -0.70710678118654757 31.500000000000004 -0.3794095225512602 97.500000000000014 93.500000000000014 99.500000000000014 0.60355339059327384 0.37940952255126054 0.25881904510252057 98.995145631067984 98.995145631067984 0.60355339059327384 0.37940952255126054 23.500000000000004 25.500000000000004 19.442072271386433 19.500000000000004 20.500000000000004 -0.25881904510252113
decision_type=2 2 10 10 2 2 2 2 8 10 2 2 8 2 2 2 2 2 2 2 10 8 2 2 2 10 8 2 8 2
left_child=1 24 9 4 5 -2 8 -8 -6 -3 -11 -12 -4 -13 15 -5 17 19 -19 22 -21 -20 23 -16 27 26 -26 -1 29 -29
right_child=3 2 12 14 6 -7 7 -9 -10 10 11 13 -14 -15 16 -17 -18 18 21 20 -22 -23 -24 -25 25 -27 -28 28 -30 -31
leaf_value=0 -5.1828445358644236e-05 2.9944145169451319e-07 -0.01088543778890036 -3.8936804280124372e-06 0.00015179115620699436 4.1097277696815651e-06 0.0008733613064697863 -4.1835966974827231e-05 -4.1415179350116439e-05 4.0742874029520668e-07 -4.7891511509611224e-05 0.0007557968200054407 3.6558578879793423e-06 9.210839731286057e-08 0.00098297162040843883 -4.6911131133274709e-06 -7.1141578451138445e-06 3.6656706619340864e-06 7.49297914129494e-07 -2.6482424902591137e-05 5.9986089735567683e-08 -2.5491392369131713e-06 -3.24519170751061e-05 0.00073273368115297165 8.689295669071655e-05 -1.2904627374076447e-05 -1.056439832436537e-05 4.6793267670912259e-07 2.5211754801884611e-06 4.8046596315818095e-07
leaf_weight=1663774 183 2545 1887 133162 311 1084 1040 1540 2368 1355 256 1016 23196 6493 5173 11862 114607 6509 271 643 2026 1823 4047 925 1014 23209 4345 3516 23551 4959
leaf_count=1663774 183 2545 1887 133162 311 1084 1040 1540 2368 1355 256 1016 23196 6493 5173 11862 114607 6509 271 643 2026 1823 4047 925 1014 23209 4345 3516 23551 4959
internal_value=-4.73473e-05 8.89777e-05 0.00805214 -0.000882208 -0.0124272 0.0331886 -0.023417 -0.00895349 -0.037346 0.0163952 0.0207785 0.0166452 0.00417215 0.0187575 -0.00061413 -0.00204449 0.000910869 0.00641313 -0.00262118 0.0124785 0.0325403 -0.0269341 0.00720059 0.013939 -8.07252e-05 -0.00444903 -0.0204796 -7.13528e-06 0.00674452 0.0236519
internal_weight=2.04869e+06 1.76112e+06 36748 287574 6526 1267 5259 2580 2679 11665 9120 7765 25083 7509 281048 145024 136024 21417 8603 12814 2669 2094 10145 6098 1.72437e+06 28568 5359 1.6958e+06 32026 8475
internal_count=2048690 1761116 36748 287574 6526 1267 5259 2580 2679 11665 9120 7765 25083 7509 281048 145024 136024 21417 8603 12814 2669 2094 10145 6098 1724368 28568 5359 1695800 32026 8475
is_linear=0
shrinkage=0.05


Tree=145
num_leaves=31
num_cat=0
split_feature=16 15 17 18 10 15 17 15 15 16 17 0 17 16 1 0 1 12 17 17 17 1 0 1 0 1 10 1 17 0
split_gain=482.998 1099.84 217.004 155.435 109.542 91.7006 354.271 902.124 666.006 726.745 916.782 1258.48 658.264 655.356 430.01 704.109 415.014 408.116 328.856 314.824 412.319 1560.55 760.953 767.621 549.007 357.887 726.575 279.687 268.568 326.503
threshold=inf 1.0030303030303032 1.5000000000000002 0.99475062000551129 -1.0000000180025095e-35 8.1288389845552995 30.500000000000004 27.850199401794619 22.703042328042333 16.893650793650796 20.500000000000004 -0.37940952255126065 25.500000000000004 19.62627092533635 1.0000000180025095e-35 0.60355339059327384 -0.78656609248549325 19.916666666666668 17.500000000000004 35.500000000000007 36.500000000000007 -0.78656609248549325 0.78656609248549325 1.0000000180025095e-35 -0.98296291314453399 -0.12940952255126037 31.500000000000004 -0.70710678118654757 31.500000000000004 -0.5
decision_type=8 8 10 8 2 10 10 10 10 10 10 2 10 10 2 2 2 2 10 10 10 2 2 2 2 2 2 2 10 2
left_child=5 3 -3 4 -2 -1 7 8 9 -7 11 13 14 -11 15 -10 -9 18 -13 25 21 -21 24 -24 -23 28 -27 -18 -8 -30
right_child=1 2 -4 -5 -6 6 19 16 12 10 -12 17 -14 -15 -16 -17 27 -19 -20 20 -22 22 23 -25 -26 26 -28 -29 29 -31
leaf_value=0 0.0018611644296613707 -0.007171785800933095 -7.84871910488283e-07 6.4949067474363543e-10 -0.010557559439143974 0 -0.092646622733495734 3.8705730328044635e-07 -9.6110761564132916e-06 1.5696319865185403e-07 7.8755393719926942e-05 1.4171222237974314e-07 -2.9175360981094081e-05 -0.0050815102500424165 -1.0263940998419869e-05 0.00066691758903155666 -4.5496935934130666e-05 4.5644124558987157e-07 -4.2695990632978543e-06 -3.934442038261062e-05 -1.6098903365105419e-07 -4.9237023090712031e-05 0.00083371897271777027 -9.6217069129049714e-09 2.4611958632896338e-06 -0.00010408456834678361 -4.3900134088811855e-05 8.7502977447217549e-08 -5.0344008229535832e-05 7.0895001243792468e-06
leaf_weight=1529632 56 335 1005 1634 87 103725 2118 1402 1265 1646 13409 809 8993 802 1975 683 289 3510 678 810 342537 173 342 718 3267 7018 3685 7760 2589 5738
leaf_count=1529632 56 335 1005 1634 87 103725 2118 1402 1265 1646 13409 809 8993 802 1975 683 289 3510 678 810 342537 173 342 718 3267 7018 3685 7760 2589 5738
internal_value=-1.69377e-05 0.0196503 -0.0145522 0.0454418 -0.00454545 -4.69062e-05 0.000529518 0.00260572 0.0015786 0.00269909 0.0112161 0.0252854 -0.00922886 -0.00408497 -0.0263191 -0.00965092 0.0175484 0.0396738 0.0177202 -0.000297294 6.2815e-05 0.0138889 0.0253889 -0.0116509 0.0368023 -0.00622045 -0.012646 0.0131755 0.00036381 0.00440735
internal_weight=2.04869e+06 3117 1340 1777 143 2.04557e+06 515941 146946 137495 124579 20854 7445 12916 2448 3923 1948 9451 4997 1487 368995 347847 5310 4500 1060 3440 21148 10703 8049 10445 8327
internal_count=2048690 3117 1340 1777 143 2045573 515941 146946 137495 124579 20854 7445 12916 2448 3923 1948 9451 4997 1487 368995 347847 5310 4500 1060 3440 21148 10703 8049 10445 8327
is_linear=0
shrinkage=0.05


Tree=146
num_leaves=31
num_cat=0
split_feature=16 15 17 18 15 18 1 14 16 15 5 15 5 1 5 5 1 15 15 5 5 1 16 1 1 16 16 16 1 15
split_gain=484 1094.38 218.867 155.435 137.588 443.854 754.814 334.054 418.321 1239.67 1843.29 652.823 649.732 1456.69 504.402 487.488 434.944 493.151 447.948 416.874 403.624 339.914 824.596 326.19 319.349 302.303 273.409 633.632 817.463 877.636
threshold=inf 1.0030303030303032 1.5000000000000002 0.99475062000551129 8.1288389845552995 0.99475062000551129 1.0000000180025095e-35 1.0000000180025095e-35 16.266113416320888 20.00357142857143 25.500000000000004 32.093647316538892 90.500000000000014 0.91597561503675351 41.500000000000007 35.500000000000007 0.60355339059327384 149.78549088210352 98.995145631067984 101.50000000000001 35.500000000000007 0.25881904510252057 84.285221143473578 0.78656609248549303 0.25881904510252057 18.419328569054347 27.538466925797533 84.285221143473578 -0.70710678118654757 98.995145631067984
decision_type=8 8 10 8 10 10 2 2 10 10 2 10 2 2 2 2 2 10 10 2 2 2 10 2 2 10 10 10 2 10
left_child=4 3 -3 -2 -1 -6 26 8 -8 24 -11 -12 13 14 15 -13 18 -18 -14 21 -15 22 -20 -17 25 -10 -7 -28 -29 -30
right_child=1 2 -4 -5 5 6 7 -9 9 10 11 12 16 20 -16 23 17 -19 19 -21 -22 -23 -24 -25 -26 -27 27 28 29 -31
leaf_value=0 -0.010029681467186776 -0.0068131965108864413 -7.4562831496386898e-07 6.1701614100645368e-10 0 2.5549387207031261e-11 0 -0.0010651015285138463 -5.1850664342254951e-06 -9.7507439484988756e-06 8.3152167914697366e-08 -4.1705127384371261e-05 -8.925660104012018e-07 -4.1726888465799582e-05 -5.2692698503963617e-06 -9.1406215672597223e-09 2.4443834871086576e-08 -0.0001097609635986253 -0.00025331534492642591 0.00052623558633741916 1.6199553498941747e-05 6.5036236931341998e-08 8.3256535526606228e-06 1.071577903574538e-06 4.2106297693187943e-07 4.6187105400549407e-07 2.2579662859328368e-06 0.00061459848410251952 0.0039100406175055554 -8.7034292345779753e-05
leaf_weight=1529632 143 335 1005 1634 408075 20839 18003 11083 250 1690 7335 454 1899 164 3982 1300 7751 1481 340 2669 1883 1779 564 371 3892 522 12963 2455 1350 2847
leaf_count=1529632 143 335 1005 1634 408075 20839 18003 11083 250 1690 7335 454 1899 164 3982 1300 7751 1481 340 2669 1883 1779 564 371 3892 522 12963 2455 1350 2847
internal_value=2.6822e-05 0.0197145 -0.014403 0.0454418 -3.17759e-06 0.00070289 0.00355534 0.000315226 0.00187648 0.00482962 0.00148238 0.0041724 0.000273978 -0.0112705 -0.0235058 -0.00383529 0.00598495 -0.00121317 0.0151496 0.0225523 0.025232 0.0364704 0.0115044 0.00864752 0.028988 -0.000388601 0.00895462 0.0131914 0.000646422 -0.0127591
internal_weight=2.04869e+06 3117 1340 1777 2.04557e+06 515941 107866 67412 56329 38326 33662 31972 24637 8154 6107 2125 16483 9232 7251 5352 2047 2683 904 1671 4664 772 40454 19615 6652 4197
internal_count=2048690 3117 1340 1777 2045573 515941 107866 67412 56329 38326 33662 31972 24637 8154 6107 2125 16483 9232 7251 5352 2047 2683 904 1671 4664 772 40454 19615 6652 4197
is_linear=0
shrinkage=0.05


Tree=147
num_leaves=31
num_cat=0
split_feature=16 3 17 5 18 1 9 0 16 0 16 16 16 0 16 16 0 12 16 16 5 16 5 5 12 9 0 12 0 1
split_gain=486.917 782.778 583.127 122.479 516.695 472.227 386.121 349.139 1315.95 910.163 687.864 464.814 411.164 293.428 246.633 658.861 595.271 382.197 366.428 338.456 319.031 229.071 1618.08 646.421 411.29 355.446 243.952 224.013 212.788 211.686
threshold=inf -0.56174490092936669 2.5000000000000004 11.500000000000002 0.99475062000551129 -0.12940952255126037 12.500000000000002 0.37940952255126054 84.285221143473578 0.60355339059327384 16.893650793650796 106.22190737502679 94.64108455882355 -0.37940952255126065 38.464354930647922 27.538466925797533 -0.98296291314453399 97.583333333333357 19.62627092533635 97.501456421092811 29.500000000000004 16.266113416320888 20.500000000000004 25.500000000000004 19.916666666666668 17.500000000000004 0.98296291314453421 98.750000000000014 -0.98296291314453399 0.37940952255126048
decision_type=8 2 10 2 10 2 2 2 10 2 10 10 10 2 10 10 2 2 10 8 2 10 2 2 2 2 2 2 2 2
left_child=3 -2 -3 -1 6 7 -5 12 10 -10 -9 27 -6 14 15 18 20 28 -7 -19 -17 -15 24 -24 25 26 -23 -11 -16 -8
right_child=1 2 -4 4 5 13 29 8 9 11 -12 -13 -14 21 17 16 -18 19 -20 -21 -22 22 23 -25 -26 -27 -28 -29 -30 -31
leaf_value=0 -0.0064725366853421191 5.86165333956131e-10 -7.0834689921567549e-07 0.0014860116277705269 2.4271917846679701e-11 1.1085595227050787e-10 -0.0010552907143003966 0.0010136293531541193 0.0005838685598973935 0.0030381018469539389 0.00088591027821771683 0.036267239783111971 0.0010672440449200754 0 0.0011708772496641835 4.815515463013305e-06 2.0917137477965521e-06 5.2527784054006345e-05 -0.0026201095800011463 -0.0019281433590258728 -4.6888070250473071e-05 1.1357346241416202e-07 -9.241176962496694e-06 -8.6835904888967368e-09 4.0000982808528548e-07 -4.0778101947303293e-06 -4.9328987236332075e-06 -8.2682577728490772e-05 -0.00081138785462335061 2.2658106330937872e-05
leaf_weight=1592602 534 1654 929 18749 15947 4766 212563 3752 641 342 8455 906 1904 9519 363 180 2805 1286 1612 1583 519 640 2059 32812 2184 296 115 1798 2027 125148
leaf_count=1592602 534 1654 929 18749 15947 4766 212563 3752 641 342 8455 906 1904 9519 363 180 2805 1286 1612 1583 519 640 2059 32812 2184 296 115 1798 2027 125148
internal_value=-3.2411e-05 0.0197145 0.0311072 -6.25008e-05 0.000662956 0.00390836 -0.000215732 0.00867832 0.0140682 -0.0121101 0.0219751 -0.0235062 0.00387933 0.00134388 0.00740704 0.0120623 0.0294806 -0.00134056 0.00249294 0.010962 -0.0118026 -0.000583727 0.00114943 -0.00198876 0.0349768 0.00927688 0.0274834 -0.036215 -0.0161088 -0.000603475
internal_weight=2.04869e+06 3117 2583 2.04557e+06 452971 96511 356460 33745 15894 3687 12207 3046 17851 62766 15141 9882 3504 5259 6378 2869 699 47625 38106 34871 3235 1051 755 2140 2390 337711
internal_count=2048690 3117 2583 2045573 452971 96511 356460 33745 15894 3687 12207 3046 17851 62766 15141 9882 3504 5259 6378 2869 699 47625 38106 34871 3235 1051 755 2140 2390 337711
is_linear=0
shrinkage=0.05


Tree=148
num_leaves=31
num_cat=0
split_feature=16 3 17 5 10 16 17 0 10 5 17 1 16 1 0 18 7 0 17 1 14 10 0 10 14 5 18 17 10 5
split_gain=489.744 773.986 583.127 130.739 368.461 729.018 645.073 659.678 626.747 494.496 447.5 571.721 566.557 368.234 670.218 276.139 265.87 381.208 247.385 236.161 511.145 344.353 412.154 930.978 515.576 628.213 430.345 343.016 678.667 341.968
threshold=inf -0.56174490092936669 2.5000000000000004 11.500000000000002 20.500000000000004 16.266113416320888 20.500000000000004 -0.5 19.500000000000004 25.500000000000004 29.500000000000004 0.78656609248549303 27.538466925797533 -0.5 -0.5 0.9254525246109877 28.500000000000004 -0.37940952255126065 17.500000000000004 0.25881904510252057 1.0000000180025095e-35 41.500000000000007 0.78656609248549325 90.500000000000014 1.0000000180025095e-35 153.50000000000003 0.98766518866284125 99.500000000000014 98.500000000000014 88.500000000000014
decision_type=8 2 10 2 2 10 10 2 2 2 10 2 10 2 2 10 2 2 10 2 2 2 2 2 2 2 10 10 2 2
left_child=3 -2 -3 -1 5 -5 7 -7 18 15 11 12 -11 14 -14 -6 -13 -18 -9 20 -12 -21 24 26 25 29 -24 28 -25 -23
right_child=1 2 -4 4 9 6 -8 8 -10 10 19 16 13 -15 -16 -17 17 -19 -20 21 -22 22 23 27 -26 -27 -28 -29 -30 -31
leaf_value=0 -0.0061489098510750136 5.568570672583245e-10 -6.729295542548917e-07 0 -0.0028772201090526035 1.0586857207553025e-07 0.012479203389933561 1.1434239369114741e-07 4.1142430766881697e-07 0.00014566543848852146 5.7397883043600453e-06 1.692294659451416e-05 -3.9564221396683982e-05 1.9871280604067246e-06 2.5480491022388982e-07 -8.8655159730596433e-06 2.0559943730229805e-06 -6.1150477352942719e-08 -3.8732817492430396e-06 9.134133210059836e-07 -0.019558252911682606 -6.3188496835534864e-06 -3.2093332414728088e-06 1.830192321200392e-06 0.001056104719696947 -0.00016498415442225671 -3.3699275562771112e-06 0.00089868304888996115 6.2218604609219754e-08 1.6720547003366975e-08
leaf_weight=1592602 534 1654 929 62211 25018 2904 22319 1911 4108 4641 36319 928 324 1969 1009 6729 311 801 1055 25412 137744 10456 6977 2156 62298 4390 1702 12480 1864 14935
leaf_count=1592602 534 1654 929 62211 25018 2904 22319 1911 4108 4641 36319 928 324 1969 1009 6729 311 801 1055 25412 137744 10456 6977 2156 62298 4390 1702 12480 1864 14935
internal_value=-2.54797e-05 0.0197786 0.0311072 -5.56568e-05 0.000693863 0.00347113 0.0095659 0.0201343 0.0283715 -3.83582e-05 0.000540531 0.0109636 0.0170276 0.0328589 0.0125656 -0.00599584 -0.0126471 -0.0291367 0.0108564 0.000212008 -0.00102405 0.00172005 0.000576507 0.00624528 -0.00097362 -0.00638494 -0.00701118 0.0132182 0.0259204 -0.00336537
internal_weight=2.04869e+06 3117 2583 2.04557e+06 452971 94508 32297 9978 7074 358463 326716 9983 7943 3302 1333 31747 2040 1112 2966 316733 174063 142670 117258 25179 92079 29781 8679 16500 4020 25391
internal_count=2048690 3117 2583 2045573 452971 94508 32297 9978 7074 358463 326716 9983 7943 3302 1333 31747 2040 1112 2966 316733 174063 142670 117258 25179 92079 29781 8679 16500 4020 25391
is_linear=0
shrinkage=0.05


Tree=149
num_leaves=31
num_cat=0
split_feature=15 0 0 15 15 15 0 0 12 15 10 14 15 10 11 5 1 15 14 15 14 10 5 5 10 14 15 1 0 5
split_gain=123.696 224.957 264.692 223.469 276.77 360.296 286.591 285.833 400.519 260.528 227.908 224.688 219.736 313.189 198.056 190.943 175.421 665.208 472.335 205.478 172.798 168.566 169.071 165.93 278.005 164.146 440.635 440.227 755.62 435.747
threshold=10.862227143309083 -0.98296291314453399 -0.70710678118654735 22.703042328042333 19.442072271386433 20.00357142857143 -0.60355339059327362 -0.25881904510252113 -0.58333333333333315 25.31789473684211 30.500000000000004 1.0000000180025095e-35 43.380749354005175 29.500000000000004 2.8333333333333335 6.5000000000000009 -0.78656609248549325 9.8576036866359456 1.0000000180025095e-35 3.0915071770334932 1.0000000180025095e-35 72.500000000000014 5.5000000000000009 88.500000000000014 149.50000000000003 1.0000000180025095e-35 3.7529766123316803 0.37940952255126048 -1.0000000180025095e-35 -1.0000000180025095e-35
decision_type=10 2 2 10 10 10 2 2 2 10 2 2 10 2 2 2 2 10 2 10 2 2 2 2 2 2 10 2 2 2
left_child=14 12 -3 4 7 6 -6 11 -9 -5 15 -4 13 -2 25 -11 17 -16 -19 -18 -8 22 -14 -12 -25 26 -1 -28 29 -29
right_child=1 2 3 9 5 -7 20 8 -10 10 23 -13 21 -15 16 -17 19 18 -20 -21 -22 -23 -24 24 -26 -27 27 28 -30 -31
leaf_value=0 -0.014928133557842567 3.5468096189190022e-05 5.1521235772705123e-11 -8.3578964436359548e-06 -4.6459464734759387e-05 5.9082554098954987e-05 3.6008912495987377e-07 -1.8405114953856798e-07 0 -1.6201397217594008e-05 -4.2779286337184272e-06 0.0010483712393419028 -0.10305547572745349 -0.13227432653090831 0 2.4206466471269528e-07 0 -1.2774693603515632e-12 -0.026503315612152641 0 0.0022598036214206084 -0.018833203038920644 0.11119235795566235 1.1638366136438928e-07 -0.00015673494670114386 4.7840167714419564e-08 -1.3907933086526304e-06 3.4973977326573518e-06 0 3.6681846931415643e-06
leaf_weight=1359267 7560 91875 4170 13632 419 13740 5871 2213 51377 7426 96241 10277 264 2601 32582 21626 24456 1872 1350 90382 1723 5928 3376 65829 62095 54658 11584 1180 2069 1047
leaf_count=1359267 7560 91875 4170 13632 419 13740 5871 2213 51377 7426 96241 10277 264 2601 32582 21626 24456 1872 1350 90382 1723 5928 3376 65829 62095 54658 11584 1180 2069 1047
internal_value=-2.73834e-05 0.000686396 0.000916248 0.000299743 0.0024574 0.0073668 0.0157931 0.000887752 -0.000794924 -0.000426271 -6.37793e-05 0.00712951 -0.004539 -0.00965948 -0.000238856 0.00410299 -0.00196326 -0.00501899 -0.0266915 -0.00101055 0.0180142 0.000898829 0.00936813 -0.000603796 0.000576123 -5.71756e-05 -0.000163982 -0.00844458 0.00522579 0.0254378
internal_weight=2.04869e+06 468243 448514 356639 89790 21753 8013 68037 53590 266849 253217 14447 19729 10161 1.58045e+06 29052 150642 35804 3222 114838 7594 9568 3640 224165 127924 1.4298e+06 1.37515e+06 15880 4296 2227
internal_count=2048690 468243 448514 356639 89790 21753 8013 68037 53590 266849 253217 14447 19729 10161 1580447 29052 150642 35804 3222 114838 7594 9568 3640 224165 127924 1429805 1375147 15880 4296 2227
is_linear=0
shrinkage=0.05


Tree=150
num_leaves=31
num_cat=0
split_feature=16 15 9 18 15 15 15 16 0 16 12 0 16 16 18 1 0 15 15 12 12 16 11 0 16 14 11 18 10 11
split_gain=495.034 1066.55 202.651 154.387 134.33 276.485 276.737 424.404 763.681 712.894 259.624 295.454 271.694 264.168 193.101 307.242 330.191 1195.75 520.447 441.681 402.99 298.885 270.152 317.209 235.982 183.753 179.872 221.068 220.542 286.385
threshold=inf 1.0030303030303032 2.5000000000000004 0.99475062000551129 16.206389452332662 20.753635405690204 19.442072271386433 18.419328569054347 -0.37940952255126065 20.00179856115108 17.083333333333339 0.78656609248549325 19.62627092533635 13.246140350877194 0.031320067264574002 -0.60355339059327384 1.0000000180025095e-35 3.7529766123316803 3.7529766123316803 1.0000000180025095e-35 1.0000000180025095e-35 16.893650793650796 1.0000000180025095e-35 -0.98296291314453399 21.706600455203809 0.85701202439173851 2.1666666666666674 -0.0044176316045538575 21.500000000000004 25.166666666666668
decision_type=8 8 2 8 10 8 10 10 2 10 2 2 10 10 8 2 2 8 10 2 2 10 2 2 10 2 2 10 2 2
left_child=4 3 -3 -2 14 6 10 -8 -9 -10 -6 13 -13 -12 15 16 18 25 -1 21 24 -20 -17 -24 -19 -18 27 -7 -28 -30
right_child=1 2 -4 -5 5 26 7 8 9 -11 11 12 -14 -15 -16 22 17 20 19 -21 -22 -23 23 -25 -26 -27 28 -29 29 -31
leaf_value=0 -0.0095281283300047634 -0.0058414643585212624 -6.4510225961036656e-07 5.2901421389540832e-10 1.4171222237974314e-07 1.1702521774689873e-05 -2.1873921616959879e-08 -4.4136491498021419e-05 3.728486360373824e-07 0.0013475542128387617 0.00012557272313221186 -0.023053539927435279 8.085618393093911e-05 -4.2702615148486825e-06 0 0 0 6.9539665432631516e-08 -8.6699426554910647e-05 0.02360850418899792 0.0054670383295867741 -1.2575526106371212e-05 0.0019147089202076223 0.00066822203186307414 1.8282538763669762e-08 0.0014257157615118381 0.020285401405945969 -0.0027619202702240477 -8.0043453522248635e-06 2.1630500417632688e-08
leaf_weight=18359 143 423 917 1634 13619 4921 5228 3239 3741 2185 4808 3047 488 7461 1475423 107951 19756 3199 2009 1863 1747 1050 999 7538 389 1105 18801 7024 15866 313757
leaf_count=18359 143 423 917 1634 13619 4921 5228 3239 3741 2185 4808 3047 488 7461 1475423 107951 19756 3199 2009 1863 1747 1050 999 7538 389 1105 18801 7024 15866 313757
internal_value=-3.5901e-05 0.0198749 -0.013806 0.0452729 -6.62406e-05 0.000750275 0.00450064 0.010182 0.0166667 0.0273372 0.00172144 -0.00263857 -0.0153748 0.00103105 -0.000267304 0.00134968 0.00465065 0.0085013 0.000317856 -0.0141203 0.0296251 -0.0258091 -5.23659e-05 0.00851002 0.039214 0.00309908 0.000294282 -0.0057388 0.000501114 0.000200684
internal_weight=2.04869e+06 3117 1340 1777 2.04557e+06 404185 43816 14393 9165 5926 29423 15804 3535 12269 1.64139e+06 165965 49477 26196 23281 4922 5335 3059 116488 8537 3588 20861 360369 11945 348424 329623
internal_count=2048690 3117 1340 1777 2045573 404185 43816 14393 9165 5926 29423 15804 3535 12269 1641388 165965 49477 26196 23281 4922 5335 3059 116488 8537 3588 20861 360369 11945 348424 329623
is_linear=0
shrinkage=0.05


Tree=151
num_leaves=31
num_cat=0
split_feature=15 17 0 17 18 17 15 1 17 0 15 12 0 14 0 10 17 5 1 18 18 0 0 1 10 9 1 1 0 15
split_gain=158.67 1006.73 530.585 354.56 553.201 329.488 401.083 1590.67 575.784 514.596 306.335 279.185 276.153 253.63 213.601 254.79 287.721 218.165 321.789 275.191 253.238 233.091 223.108 260.079 345.547 254.387 207.901 194.583 189.099 340.643
threshold=16.206389452332662 20.500000000000004 -0.60355339059327362 28.500000000000004 0.95406694358365762 42.500000000000007 35.121519816573873 -0.78656609248549325 38.500000000000007 0.98296291314453421 20.00357142857143 19.916666666666668 0.60355339059327384 1.0000000180025095e-35 -0.5 30.500000000000004 35.500000000000007 34.500000000000007 -0.70710678118654757 0.99930651872399456 0.99930651872399456 0.91597561503675362 0.60355339059327384 0.25881904510252057 31.500000000000004 31.500000000000004 1.0000000180025095e-35 -0.3794095225512602 0.78656609248549325 17.692896509491735
decision_type=10 10 2 10 10 10 10 2 10 2 10 2 2 2 2 2 10 2 2 10 10 2 2 2 2 2 2 2 2 10
left_child=-1 2 -2 4 12 6 14 -8 9 -9 -6 28 -3 -12 -5 -16 17 18 19 -17 21 -20 -22 24 -24 -25 -19 -18 29 -4
right_child=1 3 11 5 10 -7 7 8 -10 -11 13 -13 -14 -15 15 16 27 26 20 -21 22 -23 23 25 -26 -27 -28 -29 -30 -31
leaf_value=0 -1.6583471983716475e-06 0.00079938888142231735 1.0047641514424513e-07 -9.389502010350658e-08 7.0307463259850311e-05 8.9838115640975282e-09 -3.7564273399925584e-05 9.4603025599058977e-07 0.00014299502143031139 -3.9816970838690384e-05 -7.7246586142234675e-06 3.5420620423551326e-07 -0.00097842398117828637 -0.00064093164987027789 2.4157313745504787e-07 -0.014115897258935115 -0.031699732513196646 0.00073407899022580911 -6.8064692707933458e-05 -1.4842115597219385e-07 2.345719690989367e-06 0.00147178502722766 -0.14124061278497932 0.00055148819513098075 0.00082592668984166236 -4.3506045294687427e-05 -3.9472965622370411e-05 0.00030802097196105423 0.0011246594618162993 -4.0567459879072889e-06
leaf_weight=1643940 2698 7261 2051 18188 1685 308954 822 3121 2194 194 4206 5117 5194 1216 28818 752 1398 277 1484 651 509 652 182 175 486 369 700 2313 2101 982
leaf_count=1643940 2698 7261 2051 18188 1685 308954 822 3121 2194 194 4206 5117 5194 1216 28818 752 1398 277 1484 651 509 652 182 175 486 369 700 2313 2101 982
internal_value=-2.70173e-05 0.00085979 0.0145764 0.000406456 -0.00615479 0.000751265 0.00403808 0.0159769 0.025658 0.0388084 -0.0172858 0.0197688 0.000196708 -0.0230727 0.00271096 0.00480834 -0.00209087 -0.00864999 -0.00461977 -0.0251247 0.00283899 -0.00866105 0.0171121 0.00544554 0.0263473 -0.0202206 -0.030348 0.0089329 0.011531 0.00354435
internal_weight=2.04869e+06 404750 12949 391801 19562 372239 63285 6331 5509 3315 7107 10251 12455 5422 56954 38766 9948 6237 5260 1403 3857 2136 1721 1212 668 544 977 3711 5134 3033
internal_count=2048690 404750 12949 391801 19562 372239 63285 6331 5509 3315 7107 10251 12455 5422 56954 38766 9948 6237 5260 1403 3857 2136 1721 1212 668 544 977 3711 5134 3033
is_linear=0
shrinkage=0.05


Tree=152
num_leaves=31
num_cat=0
split_feature=16 3 17 17 17 16 1 17 10 16 1 1 18 12 1 1 18 17 18 18 1 1 17 16 1 1 10 1 16 1
split_gain=496.241 745.236 578.862 115.736 269.649 1663.63 244.325 469.832 219.756 213.363 1084.08 724.767 271.409 179.847 168.117 456.52 164.791 156.918 563.784 192.595 382.857 336.508 238.982 744.069 934.867 710.72 814.727 380.769 471.766 296.492
threshold=inf -0.56174490092936669 2.5000000000000004 12.500000000000002 20.500000000000004 18.419328569054347 0.91597561503675351 19.500000000000004 2.5000000000000004 9.5723562152133592 -0.78656609248549325 0.25881904510252057 0.90717967599410909 19.916666666666668 -0.60355339059327384 -0.5 0.99930651872399456 26.500000000000004 0.95406694358365762 0.99475062000551129 1.0000000180025095e-35 -0.12940952255126037 53.500000000000007 84.285221143473578 -0.70710678118654757 -0.70710678118654757 31.500000000000004 -0.9159756150367534 27.538466925797533 -0.78656609248549325
decision_type=8 2 10 8 8 10 2 10 2 10 2 2 10 2 2 2 10 8 10 10 2 2 10 10 2 2 2 2 10 2
left_child=3 -2 -3 9 5 6 8 -8 -5 -1 12 14 -11 -10 16 -16 -12 18 -6 -19 21 22 25 -24 -25 26 27 28 -21 -28
right_child=1 2 -4 4 17 -7 7 -9 13 10 11 -13 -14 -15 15 -17 -18 19 -20 20 -22 -23 23 24 -26 -27 29 -29 -30 -31
leaf_value=0 -0.0055493911405951994 5.0256350320063781e-10 -6.1329633720805318e-07 0 0 3.3649589402373763e-07 0 -0.039908088959171584 0 -0.00073693533914105267 -0.00042060940237298385 0 -1.213595892333985e-12 1.8167246279714079e-06 -2.27079972734253e-07 3.8829660601062019e-06 0.001018814419588345 0 -7.338425683512294e-06 -0.00012466171343139838 -5.0240344505168533e-09 0.006559351171985587 0.0028809692404413679 0.00055438079258863853 -7.8842788155951543e-05 0.00067328193880076658 -3.5686059729929306e-05 -4.4076305122747404e-05 2.1680124958342649e-07 8.9872874319106029e-07
leaf_weight=730915 534 1654 929 16668 52247 6028 9533 1405 58206 605 250 4853 1722 1908 389 2778 678 1085573 7641 342 41976 1672 5139 2496 3855 4698 1589 1217 904 286
leaf_count=730915 534 1654 929 16668 52247 6028 9533 1405 58206 605 250 4853 1722 1908 389 2778 678 1085573 7641 342 41976 1672 5139 2496 3855 4698 1589 1217 904 286
internal_value=-6.01604e-05 0.0198749 0.0309911 -9.0537e-05 0.000193266 0.00277659 0.00103055 -0.00596087 0.00202652 -0.000588933 -0.00741463 0.00049173 -0.0378169 0.000617992 0.0159829 0.0104989 0.0346983 -6.94424e-06 -0.00250217 0.000123027 0.00278462 0.00809532 0.0063383 0.0111227 -0.000322784 0.000254537 -0.0143384 0.0045676 0.0239968 -0.0391733
internal_weight=2.04869e+06 3117 2583 2.04557e+06 1.30338e+06 93748 87720 10938 76782 742190 11275 8948 2327 60114 4095 3167 928 1.20964e+06 59888 1.14975e+06 64174 22198 20526 11490 6351 9036 4338 2463 1246 1875
internal_count=2048690 3117 2583 2045573 1303383 93748 87720 10938 76782 742190 11275 8948 2327 60114 4095 3167 928 1209635 59888 1149747 64174 22198 20526 11490 6351 9036 4338 2463 1246 1875
is_linear=0
shrinkage=0.05


Tree=153
num_leaves=31
num_cat=0
split_feature=16 15 17 15 17 12 0 16 17 15 16 0 18 17 15 0 12 0 17 16 14 0 0 10 17 0 17 16 17 0
split_gain=495.956 1066.55 226.397 163.531 1040.64 748.504 502.442 350.273 283.66 581.766 271.032 529.649 263.49 255.394 271.759 252.395 259.466 347.163 441.033 244.12 230.131 224.716 381.594 217.078 216.484 192.534 456.985 443.942 680.086 308.626
threshold=inf 1.0030303030303032 1.5000000000000002 16.206389452332662 20.500000000000004 19.916666666666668 -0.60355339059327362 12.927389028881569 28.500000000000004 20.753635405690204 11.463979548687197 0.37940952255126054 0.9189832689832691 42.500000000000007 35.121519816573873 -0.5 29.083333333333339 -0.98296291314453399 31.500000000000004 32.451741682974564 1.0000000180025095e-35 0.98296291314453421 0.60355339059327384 2.5000000000000004 36.500000000000007 0.37940952255126054 29.500000000000004 29.152777777777782 34.500000000000007 0.60355339059327384
decision_type=8 8 10 10 10 2 2 10 10 10 10 2 10 10 10 2 2 2 10 10 2 2 2 2 10 2 10 10 10 2
left_child=3 -2 -3 23 5 -5 7 -7 9 -6 11 -8 -11 14 15 16 -10 -18 -19 25 -14 22 -16 -1 -24 27 29 -17 -29 -27
right_child=1 2 -4 4 8 6 10 -9 13 12 -12 -13 20 -15 21 19 17 18 -20 -21 -22 -23 24 -25 -26 26 -28 28 -30 -31
leaf_value=0 4.7743532804060593e-10 -0.0052719215835654396 -5.8263152034765041e-07 9.0068237732697127e-08 4.6259612055262015e-05 1.7258883965728375e-06 0.00010576438800582887 -4.3811157910614372e-05 1.1823127563370652e-07 -0.00079575461572167381 3.1967109932255075e-07 -1.6134777709748871e-07 -6.9714800599968365e-06 8.7858227084184948e-09 3.7234922188392367e-07 2.0596118710425519e-07 0.0062351055293238984 -3.4048172150198451e-05 -3.7056307939581719e-08 -3.7532017269782249e-05 -0.00079414466499686323 -3.7825871095033336e-05 0.00070462473855749906 0 0.00013812266361560479 -8.0718273023481798e-08 -1.0867071517599826e-08 1.643302888322881e-06 -3.7499066139529368e-05 0.0001920920742924979
leaf_weight=1430704 1777 335 1005 6514 11395 291 618 1015 13495 2728 4097 388 4050 308538 3852 12376 600 1145 2948 2103 1346 477 1017 210684 973 1274 15610 1915 1057 4363
leaf_count=1430704 1777 335 1005 6514 11395 291 618 1015 13495 2728 4097 388 4050 308538 3852 12376 600 1145 2948 2103 1346 477 1017 210684 973 1274 15610 1915 1057 4363
internal_value=-5.44494e-05 0.0198749 -0.013806 -8.48173e-05 0.000816087 0.014776 0.0269075 -0.000765697 0.000355005 -0.00552026 0.0339898 0.0107356 -0.0157435 0.000663496 0.00355905 0.00246634 -0.00239169 -0.0125186 -0.0177254 0.0047496 -0.022146 0.0133961 0.0160904 -0.000306661 0.0338693 0.0057016 0.00261919 0.00996873 0.0273217 0.0148217
internal_weight=2.04869e+06 3117 1340 2.04557e+06 404185 12923 6409 1306 391262 19519 5103 1006 8124 371743 63205 56886 18188 4693 4093 38698 5396 6319 5842 1.64139e+06 1990 36595 21247 15348 2972 5637
internal_count=2048690 3117 1340 2045573 404185 12923 6409 1306 391262 19519 5103 1006 8124 371743 63205 56886 18188 4693 4093 38698 5396 6319 5842 1641388 1990 36595 21247 15348 2972 5637
is_linear=0
shrinkage=0.05


Tree=154
num_leaves=31
num_cat=0
split_feature=16 15 17 17 17 15 1 1 17 12 10 1 16 16 1 15 1 1 15 14 14 17 15 14 1 16 1 12 1 16
split_gain=500.3 1066.55 226.397 129.503 107.06 566.654 1239.66 371.116 353.746 1707.43 278.725 266.588 302.198 253.072 223.369 189.401 173.49 361.334 423.704 161.07 158.094 151.974 779.453 287.679 154.537 145.561 144.843 144.739 133.277 135.545
threshold=inf 1.0030303030303032 1.5000000000000002 4.5000000000000009 12.500000000000002 9.5016129032258085 -0.70710678118654757 1.0000000180025095e-35 20.500000000000004 19.916666666666668 2.5000000000000004 0.91597561503675351 11.104580403766294 10.001246882793019 0.78656609248549303 19.442072271386433 -0.9159756150367534 -0.70710678118654757 19.442072271386433 1.0000000180025095e-35 1.0000000180025095e-35 26.500000000000004 20.753635405690204 1.0000000180025095e-35 0.25881904510252057 10.39252155005048 -0.3794095225512602 24.083333333333339 0.25881904510252057 19.62627092533635
decision_type=8 8 10 10 8 10 2 2 8 2 2 2 10 10 2 8 2 2 8 2 2 8 8 2 2 10 2 2 2 10
left_child=4 3 -3 -2 5 -1 20 -8 9 10 25 12 13 14 -11 -15 -14 18 -18 -9 -7 22 24 -24 -10 -6 -19 -26 -28 -30
right_child=1 2 -4 -5 8 6 7 19 21 11 -12 -13 16 15 -16 -17 17 26 -20 -21 -22 -23 23 -25 27 -27 28 -29 29 -31
leaf_value=0 4.5356356163857569e-10 -0.0050083255043871676 -5.5349994433026787e-07 -0.0090516912725594322 0 -1.1529160977172857e-12 0.00096787369860892771 0 0 1.6395939767441954e-06 0 2.7292357703092082e-07 3.258813483431318e-07 9.6783870545161157e-05 -1.9248057175201596e-06 -1.5328038824261426e-07 0.00015599120228804863 0.00082107987190727409 -4.3969631348946822e-05 0.0011774695446926582 0.0039506375529801867 0 -6.6229303963368373e-06 -0.00075463275156932162 0 6.6062682160999945e-08 3.1104024658856122e-07 7.1351942252812154e-05 3.0368754435642318e-07 2.7227257336862737e-07
leaf_weight=729473 1667 335 1005 110 16331 2079 2933 6729 31361 560 67597 1112 797 174 102 333 271 797 571 873 103 1149747 4380 1997 21590 2075 1314 560 857 857
leaf_count=729473 1667 335 1005 110 16331 2079 2933 6729 31361 560 67597 1112 797 174 102 333 271 797 571 873 103 1149747 4380 1997 21590 2075 1314 560 857 857
internal_value=-0.000141529 0.0198749 -0.013806 0.0452729 -0.00017203 -0.000651383 -0.011115 -0.00401044 0.00010093 0.0030598 0.00103485 0.0255455 0.0217473 -0.00132592 0.0190332 -0.0279093 0.0266837 0.0230019 -0.00665083 -0.00983952 -0.045417 -0.000128386 -0.00258399 -0.0191077 -0.000614827 0.00648973 0.0295294 0.00258239 0.0245376 0.0337223
internal_weight=2.04869e+06 3117 1340 1777 2.04557e+06 742190 12717 10535 1.30338e+06 93748 86003 7745 6633 1169 662 507 5464 4667 842 7602 2182 1.20964e+06 59888 6377 53511 18406 3825 22150 3028 1714
internal_count=2048690 3117 1340 1777 2045573 742190 12717 10535 1303383 93748 86003 7745 6633 1169 662 507 5464 4667 842 7602 2182 1209635 59888 6377 53511 18406 3825 22150 3028 1714
is_linear=0
shrinkage=0.05


Tree=155
num_leaves=31
num_cat=0
split_feature=16 15 9 18 18 15 9 10 15 16 0 5 15 6 16 0 18 16 16 0 5 15 9 0 0 0 0 0 0 0
split_gain=501.763 1066.55 202.651 154.387 133.918 428.148 138.449 135.303 512.38 1695.37 1009.47 523.512 456.932 435.659 390.896 322.053 393.599 293.635 291.428 772.261 989.118 454.998 303.161 284.717 260.069 236.854 209.951 302.353 192.591 403.394
threshold=inf 1.0030303030303032 2.5000000000000004 0.99475062000551129 0.9254525246109877 0.82160537482319673 19.500000000000004 97.500000000000014 20.00357142857143 18.419328569054347 -0.37940952255126065 25.500000000000004 17.692896509491735 99.500000000000014 11.104580403766294 -0.98296291314453399 0.99930651872399456 20.00179856115108 7.3472557955220932 0.60355339059327384 13.500000000000002 9.5016129032258085 19.500000000000004 -0.9159756150367534 0.98296291314453421 -0.37940952255126065 0.60355339059327384 -0.70710678118654735 -0.60355339059327362 0.37940952255126054
decision_type=8 8 2 8 10 8 2 2 8 10 2 2 10 2 10 2 10 10 10 2 2 10 2 2 2 2 2 2 2 2
left_child=4 3 -3 -2 -1 6 -6 8 9 18 12 14 -11 -9 26 16 -13 -12 -7 20 21 23 -22 -20 -21 -23 27 -10 -17 -30
right_child=1 2 -4 -5 5 7 -8 13 11 10 17 15 -14 -15 -16 28 -18 -19 19 24 22 25 -24 -25 -26 -27 -28 -29 29 -31
leaf_value=0 -0.0085991067089314609 -0.0047579092291678091 -5.2582494711375449e-07 4.3088538355664693e-10 0 0 0.0017915641858874489 5.1569686298557704e-08 -5.1789976475537205e-11 0.00034889811213843379 2.9007391568799183e-07 -0.0036105366080618575 -3.9555343461168987e-05 -2.6503606638216396e-05 -6.4362622135083838e-06 -3.4343707608227594e-05 0.0059330580554508225 7.067930414963742e-05 3.6893843184974983e-06 0 0 -2.3903013083618175e-07 9.4250299101203766e-05 0 0 0 0 1.3165031463623056e-13 1.9566312774904241e-07 -2.8369401544477548e-06
leaf_weight=1279998 143 423 917 1634 22868 547586 437 16038 691 884 3954 812 1764 46237 5474 11873 1180 1320 808 12016 12063 2832 3641 3162 2223 3833 1107 1612 22448 38712
leaf_count=1279998 143 423 917 1634 22868 547586 437 16038 691 884 3954 812 1764 46237 5474 11873 1180 1320 808 12016 12063 2832 3641 3162 2223 3833 1107 1612 22448 38712
internal_value=-0.000170768 0.0198749 -0.013806 0.0452729 -0.000201313 -0.000724423 -0.00739755 -0.000514907 -0.000719196 -0.000204249 0.022772 -0.00437736 -0.00241692 0.00171578 -0.0158543 -0.00301833 0.0168173 0.035419 -0.000513717 -0.00460225 -0.00967387 -0.021448 -0.0017002 -0.00804786 0.00477913 -0.0294299 -0.00256598 0.00603561 -0.00355935 -0.00242806
internal_weight=2.04869e+06 3117 1340 1777 2.04557e+06 765575 23305 742270 679995 596086 7922 83909 2648 62275 8884 75025 1992 5274 588164 40578 26339 10635 15704 3970 14239 6665 3410 2303 73033 61160
internal_count=2048690 3117 1340 1777 2045573 765575 23305 742270 679995 596086 7922 83909 2648 62275 8884 75025 1992 5274 588164 40578 26339 10635 15704 3970 14239 6665 3410 2303 73033 61160
is_linear=0
shrinkage=0.05


Tree=156
num_leaves=31
num_cat=0
split_feature=16 15 17 18 10 17 15 1 0 16 1 0 1 1 15 15 17 16 0 15 16 10 2 17 1 0 17 0 1 0
split_gain=498.787 1066.55 226.397 154.387 109.542 103.813 291.851 910.16 639.977 394.83 377.147 297.981 373.532 617.112 255.315 252.053 216.16 1311.51 1320.84 501.875 359.229 215.537 213.783 213.153 204.346 553.641 192.037 175.74 184.111 171.602
threshold=inf 1.0030303030303032 1.5000000000000002 0.99475062000551129 -1.0000000180025095e-35 12.500000000000002 9.5016129032258085 -0.9159756150367534 -0.60355339059327362 9.5723562152133592 0.37940952255126048 -0.37940952255126065 -0.70710678118654757 1.0000000180025095e-35 9.8576036866359456 10.004424778761065 20.500000000000004 18.419328569054347 -0.37940952255126065 12.916164658634541 19.62627092533635 2.5000000000000004 -1.0000000180025095e-35 1.5000000000000002 0.1294095225512602 -0.9159756150367534 10.500000000000002 -0.60355339059327362 -0.3794095225512602 0.60355339059327384
decision_type=8 8 10 8 2 8 8 2 2 10 2 2 2 2 10 8 8 10 2 8 10 2 2 10 2 2 10 2 2 2
left_child=5 3 -3 4 -2 6 -1 -8 9 10 23 15 -13 14 -14 -10 17 21 19 -19 27 -7 -17 -9 -11 -26 -16 28 -21 -15
right_child=1 2 -4 -5 -6 16 7 8 11 24 -12 12 13 29 26 22 -18 18 -20 20 -22 -23 -24 -25 25 -27 -28 -29 -30 -31
leaf_value=0 0.0036286363018801916 -0.0045200137677094184 -4.9953369975806685e-07 4.0934111437881451e-10 -0.0081691513734848866 0 -1.0952702928314216e-12 2.6962215091690071e-11 1.1950087131408699e-08 -4.9234433998449073e-05 -4.9200477651760342e-11 -1.0952702928314216e-12 0 0 0.00097022658635489327 -1.4259929161224373e-12 0 0.00033145320653151211 2.7557021990359222e-07 -3.3693303714783924e-05 -0.0046918053601346238 0 1.4962076816521348e-09 -0.00021636810896736989 3.7007692636427e-06 -2.2707862429437262e-07 0.00092242035764155675 8.5101072369123888e-06 9.9808886952768423e-06 0
leaf_weight=725591 56 335 1005 1634 87 18386 1627 431 692 1286 692 583 1050 3244 1069 278 1209635 555 3879 216 754 69334 317 392 271 665 301 256 368 3701
leaf_count=725591 56 335 1005 1634 87 18386 1627 431 692 1286 692 583 1050 3244 1069 278 1209635 555 3879 216 754 69334 317 392 271 665 301 256 368 3701
internal_value=-0.000111242 0.0198749 -0.013806 0.0452729 -0.00454545 -0.000141696 -0.000613724 -0.00716911 -0.00330951 -0.0212336 -0.00155116 0.00265243 -0.000276437 0.00214095 0.0238843 0.0252914 0.000127092 0.00244005 0.025 -0.00644486 -0.0207026 0.000889763 0.00142857 0.0213244 -0.0346535 -0.0168803 0.0381022 0.00178571 -0.0133562 -0.00543557
internal_weight=2.04869e+06 3117 1340 1777 143 2.04557e+06 742190 16599 14972 3737 1515 11235 9948 9365 2420 1287 1.30338e+06 93748 6028 2149 1594 87720 595 823 2222 936 1370 840 584 6945
internal_count=2048690 3117 1340 1777 143 2045573 742190 16599 14972 3737 1515 11235 9948 9365 2420 1287 1303383 93748 6028 2149 1594 87720 595 823 2222 936 1370 840 584 6945
is_linear=0
shrinkage=0.05


Tree=157
num_leaves=31
num_cat=0
split_feature=16 15 17 18 10 15 17 0 16 0 0 18 17 18 15 1 1 16 10 5 1 18 17 1 16 17 17 1 0 16
split_gain=497.055 1066.55 226.397 154.387 109.542 102.078 699.229 1024.2 1102.57 335.917 326.331 306.428 298.726 588.611 312.072 283.667 268.591 233.724 168.205 320.766 268.536 1234.23 266.468 295.26 260.403 322.653 256.698 310.599 218.374 215.283
threshold=inf 1.0030303030303032 1.5000000000000002 0.99475062000551129 -1.0000000180025095e-35 16.206389452332662 20.500000000000004 -0.70710678118654735 18.419328569054347 -0.5 0.37940952255126054 0.99930651872399456 28.500000000000004 0.95406694358365762 20.00357142857143 0.37940952255126048 0.25881904510252057 12.613025048169559 32.500000000000007 31.500000000000004 0.91597561503675351 0.96668978270920036 30.500000000000004 -0.9159756150367534 36.005016722408037 35.500000000000007 35.500000000000007 0.25881904510252057 0.98296291314453421 28.803288201160544
decision_type=8 8 10 8 2 8 8 2 10 2 2 10 8 10 8 2 2 10 2 2 2 10 8 2 10 10 10 2 2 10
left_child=5 3 -3 4 -2 -1 7 15 10 -10 11 -9 13 17 -15 -7 -12 -8 19 20 22 24 23 29 25 -22 27 -20 -25 -14
right_child=1 2 -4 -5 -6 6 12 8 9 -11 16 -13 18 14 -16 -17 -18 -19 26 -21 21 -23 -24 28 -26 -27 -28 -29 -30 -31
leaf_value=0 0.0034472044867861818 -0.0042940130793239478 -4.7455701477016349e-07 3.888740586598738e-10 -0.0077606938048106425 -1.7802233119826909e-13 0.0015578757813845803 -4.2636595940923667e-05 -3.3812102536127247e-05 2.6179170890841263e-07 4.818099890975955e-14 1.4964101250604905e-09 0.0042347620993423733 5.8898365117582074e-05 -5.9972486878391963e-06 -1.5799332503397e-06 -7.8758774082959092e-11 -0.00064459612575256179 0.0002048987463847693 2.3627254840113273e-06 0 -8.322678055707167e-08 0 1.8295050922634011e-06 -0.01093514538980833 0.033794152741702214 5.7680472580696846e-09 -3.7336002750874198e-05 -3.7336201797056505e-05 1.8587997136159029e-07
leaf_weight=1630133 56 335 1005 1634 87 1900 4451 1212 419 3683 2893 3229 2308 1672 5512 1248 2745 8230 1527 13594 3353 1617 48363 19743 640 2263 281439 1321 1178 900
leaf_count=1630133 56 335 1005 1634 87 1900 4451 1212 419 3683 2893 3229 2308 1672 5512 1248 2745 8230 1527 13594 3353 1617 48363 19743 640 2263 281439 1321 1178 900
internal_value=-7.65123e-05 0.0198749 -0.013806 0.0452729 -0.00454545 -0.000106914 0.000592745 0.0104247 0.0161519 0.0380059 0.00725766 0.0173947 0.000164778 -0.00581173 -0.0172467 -0.0153748 -0.000727208 0.000666351 0.000478657 0.00231271 0.00111118 -0.00765909 0.00206368 0.00635542 0.00240569 0.00584936 -0.000127512 -0.0150632 0.00418957 0.02048
internal_weight=2.04869e+06 3117 1340 1777 143 2.04557e+06 415440 17329 14181 4102 10079 4441 398111 19865 7184 3148 5638 12681 378246 93959 80365 7873 72492 24129 6256 5616 284287 2848 20921 3208
internal_count=2048690 3117 1340 1777 143 2045573 415440 17329 14181 4102 10079 4441 398111 19865 7184 3148 5638 12681 378246 93959 80365 7873 72492 24129 6256 5616 284287 2848 20921 3208
is_linear=0
shrinkage=0.05


Tree=158
num_leaves=31
num_cat=0
split_feature=16 15 17 18 10 17 15 1 0 1 17 0 0 17 16 0 0 15 15 2 10 17 15 14 15 0 1 17 1 17
split_gain=499.473 1066.55 226.397 154.387 109.542 106.7 376.114 920.421 551.414 682.661 469.89 435.562 359.649 291.904 1930.53 822.586 264.375 252.053 251.582 213.783 212.485 180.983 758.987 293.893 169.244 251.705 484.557 285.699 235.679 206.177
threshold=inf 1.0030303030303032 1.5000000000000002 0.99475062000551129 -1.0000000180025095e-35 12.500000000000002 9.5016129032258085 -0.9159756150367534 -0.60355339059327362 0.1294095225512602 2.5000000000000004 -0.9159756150367534 0.98296291314453421 20.500000000000004 18.419328569054347 -0.5 -0.37940952255126065 10.004424778761065 12.916164658634541 -1.0000000180025095e-35 2.5000000000000004 26.500000000000004 20.753635405690204 1.0000000180025095e-35 2.9205263157894739 1.0000000180025095e-35 -0.12940952255126037 19.500000000000004 -0.3794095225512602 19.500000000000004
decision_type=8 8 10 8 2 8 8 2 2 2 10 2 2 8 10 2 2 8 8 2 2 8 8 2 8 2 2 10 2 10
left_child=5 3 -3 4 -2 6 -1 -8 9 -9 -11 -12 16 14 20 18 17 -10 -16 -19 24 22 -15 -24 -7 26 27 -26 -27 -30
right_child=1 2 -4 -5 -6 13 7 8 12 10 11 -13 -14 21 15 -17 -18 19 -20 -21 -22 -23 23 -25 25 28 -28 -29 29 -31
leaf_value=0 0.0032748442624468731 -0.0040793124253577498 -4.5082916403165532e-07 3.6943035572688012e-10 -0.0073726591145701105 0 -1.0405067781898503e-12 -4.613573769807967e-05 1.1352582774838264e-08 7.894992206321584e-08 3.5157308004605648e-06 -2.1572469307965398e-07 -1.9414830300531012e-07 0 0.00069671031142539807 2.4870212346299199e-07 0 -7.6175199523340853e-11 -3.2121497409320892e-05 1.3465767913165035e-09 0 0 -5.6701083314526163e-06 -0.00071627943844578814 0 6.6062682160999945e-08 0.066957736454090672 -8.2383504623885213e-05 -1.7484859206163958e-07 0.049999996696865889
leaf_weight=725591 56 335 1005 1634 87 9276 1627 1793 692 433 442 1069 976 53511 508 4113 8972 278 1407 317 69334 1149747 4380 1997 1891 2364 2644 665 833 713
leaf_count=725591 56 335 1005 1634 87 9276 1627 1793 692 433 442 1069 976 53511 508 4113 8972 278 1407 317 69334 1149747 4380 1997 1891 2364 2644 665 833 713
internal_value=-0.000124982 0.0198749 -0.013806 0.0452729 -0.00454545 -0.000155458 -0.000634002 -0.00807579 -0.0041945 -0.0208322 -0.000308642 -0.0134679 0.00133956 0.000117042 0.00280486 0.0301758 0.00409884 0.0252914 0.00310705 0.00142857 0.000923963 -9.12672e-05 -0.00277101 -0.0190764 0.00570271 0.0105434 0.00333654 -0.012187 0.0201279 0.00494825
internal_weight=2.04869e+06 3117 1340 1777 143 2.04557e+06 742190 16599 14972 3737 1944 1511 11235 1.30338e+06 93748 6028 10259 1287 1915 595 87720 1.20964e+06 59888 6377 18386 9110 5200 2556 3910 1546
internal_count=2048690 3117 1340 1777 143 2045573 742190 16599 14972 3737 1944 1511 11235 1303383 93748 6028 10259 1287 1915 595 87720 1209635 59888 6377 18386 9110 5200 2556 3910 1546
is_linear=0
shrinkage=0.05


Tree=159
num_leaves=31
num_cat=0
split_feature=16 3 17 16 17 12 17 14 16 10 16 17 14 10 14 16 14 18 18 18 17 17 18 14 13 14 17 16 18 10
split_gain=499.71 745.236 578.862 93.2768 1045.52 1226.24 449.843 319.78 232.316 131.802 211.416 144.323 264.98 154.28 193.531 144.451 152.053 201.542 169.181 326.728 148.001 138.539 135.934 445.149 440.78 918.024 195.437 193.812 123.68 120.126
threshold=inf -0.56174490092936669 2.5000000000000004 14.740400140400142 20.500000000000004 19.916666666666668 26.500000000000004 1.0000000180025095e-35 16.893650793650796 1.0000000180025095e-35 0.87228814888389372 3.5000000000000004 1.0000000180025095e-35 22.500000000000004 1.0000000180025095e-35 2.5063103216396123 1.0000000180025095e-35 0.40919661733615226 0.92687617260788013 0.92005509641873295 12.500000000000002 15.500000000000002 -0.0088569976146717216 0.48570226039551595 1.0000000180025095e-35 1.0000000180025095e-35 1.0000000180025095e-35 5.2538543201660577 0.88080584395041861 32.500000000000007
decision_type=8 2 10 10 10 2 10 2 10 2 10 10 2 2 2 10 2 10 10 10 10 10 10 2 2 2 10 10 10 2
left_child=3 -2 -3 9 5 28 7 8 -6 22 -11 12 -12 15 -15 20 17 -17 19 -19 -13 -18 23 24 25 27 -26 -1 -5 -8
right_child=1 2 -4 4 6 -7 29 -9 -10 10 11 13 -14 14 -16 16 21 18 -20 -21 -22 -23 -24 -25 26 -27 -28 -29 -30 -31
leaf_value=0 -0.0038753468040898624 3.5095883794053612e-10 -4.2828770583007256e-07 0.039079738432597932 -2.151381131380013e-07 2.3626701728984238e-07 1.4332183133187185e-06 -0.00032827102727229942 -5.3987665260123851e-06 0 0 -2.3920083857209785e-09 0.00012446333403213537 0.00020502492361644151 -0.0014852706682729052 -2.151381131380013e-07 7.814722129309135e-05 0 0 0.00027025316364778952 5.9226562500000012e-06 -0.00079918041318280538 0 -8.2951311434962626e-06 0.017591001865161351 -2.3920083857209785e-09 -0.0075455638228042994 0 0 -5.1777935021932234e-07
leaf_weight=760760 534 1654 929 2477 1833 5608 109647 6751 5792 42585 512644 12881 5658 5977 6428 17455 48467 27924 37681 963 2329 51610 69814 553 1025 1112 99 11827 8459 287214
leaf_count=760760 534 1654 929 2477 1833 5608 109647 6751 5792 42585 512644 12881 5658 5977 6428 17455 48467 27924 37681 963 2329 51610 69814 553 1025 1112 99 11827 8459 287214
internal_value=-0.000129717 0.0198749 0.0309911 -0.0001602 0.000496399 0.0128204 6.07922e-07 -0.00868809 -0.0157049 -0.000333819 -0.000805848 -0.000606082 -0.000156762 -0.00170607 0.00370415 -0.0020428 -0.00165589 -0.00322412 -0.00197017 0.000908713 -0.00672584 -0.000339239 9.76703e-05 -9.26002e-05 -6.05945e-05 -0.000106049 0.0312278 -4.07074e-05 0.00307242 0.00031535
internal_weight=2.04869e+06 3117 2583 2.04557e+06 427781 16544 411237 14376 7625 1.61779e+06 772602 730017 518302 211715 12405 199310 184100 84023 66568 28887 15210 100077 845190 775376 774823 773699 1124 772587 10936 396861
internal_count=2048690 3117 2583 2045573 427781 16544 411237 14376 7625 1617792 772602 730017 518302 211715 12405 199310 184100 84023 66568 28887 15210 100077 845190 775376 774823 773699 1124 772587 10936 396861
is_linear=0
shrinkage=0.05


Tree=160
num_leaves=31
num_cat=0
split_feature=16 15 17 18 12 18 15 12 12 17 15 16 0 5 1 0 14 17 18 16 0 0 5 5 0 18 0 18 1 16
split_gain=497.293 1066.55 226.397 154.387 109.542 109.348 449.402 136.582 125.751 468.765 430.91 2302.7 609.97 567.893 493.908 473.481 1195.83 621.491 574.857 582.872 488.246 437.644 419.336 407.624 402.821 704.348 630.25 405.663 399.475 2131.41
threshold=inf 1.0030303030303032 1.5000000000000002 0.99475062000551129 -0.41666666666666657 0.9254525246109877 0.82160537482319673 19.916666666666668 98.750000000000014 100.50000000000001 20.00357142857143 18.419328569054347 -0.5 25.500000000000004 1.0000000180025095e-35 0.37940952255126054 1.0000000180025095e-35 90.500000000000014 0.98766518866284125 27.538466925797533 0.91597561503675362 -0.5 2.5000000000000004 40.500000000000007 -0.5 0.99930651872399456 -0.98296291314453399 0.99004950495049515 0.91597561503675351 97.501456421092811
decision_type=8 8 10 8 2 10 8 2 2 10 8 10 2 2 2 2 2 10 10 10 2 2 2 2 2 10 2 10 2 10
left_child=5 3 -3 4 -2 -1 7 -7 10 28 11 -8 -13 21 24 -16 17 18 20 -20 23 22 -12 -17 26 -26 27 -15 -10 -30
right_child=1 2 -4 -5 -6 6 8 -9 9 -11 13 12 -14 14 15 16 -18 -19 19 -21 -22 -23 -24 -25 25 -27 -28 -29 29 -31
leaf_value=0 0.0031111234637098209 -0.0036815794638853693 -4.0687332053856887e-07 3.3341089604350933e-10 -0.0070040047444563137 0 0 0.0017268179162492786 1.3186775411732302e-07 -2.5191714628597326e-05 7.5002425960055047e-08 1.1369468521474685e-05 2.2986798499649162e-07 -0.0034299841770936168 -6.785412352588778e-08 0.00012733713895757943 0.0015701227066316601 1.7533698305060111e-07 0.00024709812416960647 -9.3192727629423919e-06 4.951579159662665e-05 -4.6598981794463909e-06 -1.9949260480412306e-05 -6.0498856494802696e-06 -0.013564783222580035 0.00025152973392917119 -3.761331470024585e-05 0.0056362420165080021 -5.5487908596668293e-07 4.7630296347846317e-06
leaf_weight=1279998 56 335 1005 1634 87 22861 588168 444 12812 46522 835 2371 5548 820 23854 922 5539 4659 1139 7242 3107 6712 1337 3194 9385 9419 4814 1172 1698 1001
leaf_count=1279998 56 335 1005 1634 87 22861 588168 444 12812 46522 835 2371 5548 820 23854 922 5539 4659 1139 7242 3107 6712 1337 3194 9385 9419 4814 1172 1698 1001
internal_value=-8.12959e-05 0.0198749 -0.013806 0.0452729 -0.00454545 -0.000111705 -0.000584397 -0.00742115 -0.000369744 0.00178534 -0.000566273 -9.34427e-05 0.026689 -0.00391563 -0.00250445 -0.00541324 -0.0101077 -0.0157356 -0.0205204 -0.0294297 -0.0101827 -0.0158712 0.0036372 -0.0214772 0.00313549 0.0069081 -0.00728769 0.0163655 0.00931275 -0.00816969
internal_weight=2.04869e+06 3117 1340 1777 143 2.04557e+06 765575 23305 742270 62033 680237 596087 7919 84150 75266 49656 25802 20263 15604 8381 7223 8884 2172 4116 25610 18804 6806 1992 15511 2699
internal_count=2048690 3117 1340 1777 143 2045573 765575 23305 742270 62033 680237 596087 7919 84150 75266 49656 25802 20263 15604 8381 7223 8884 2172 4116 25610 18804 6806 1992 15511 2699
is_linear=0
shrinkage=0.05


Tree=161
num_leaves=31
num_cat=0
split_feature=16 3 17 18 16 17 16 17 1 0 1 18 1 8 17 0 1 1 14 0 0 17 17 17 18 17 17 8 1 1
split_gain=497.24 745.236 578.862 108.518 213.792 182.676 2161.75 993.92 1035.34 866.651 756.462 641.059 436.364 1518.56 678.336 404.633 651.363 520.598 396.648 365.797 361.066 347.738 331.984 305.51 336.339 304.889 298.133 292.555 270.477 247.706
threshold=inf -0.56174490092936669 2.5000000000000004 0.9254525246109877 0.84537778079218684 20.500000000000004 18.419328569054347 35.500000000000007 -0.70710678118654757 -0.5 0.91597561503675351 0.99930651872399456 -0.78656609248549325 47.500000000000007 40.500000000000007 0.60355339059327384 1.0000000180025095e-35 -0.12940952255126037 1.0000000180025095e-35 0.98296291314453421 -0.70710678118654735 24.500000000000004 36.500000000000007 30.500000000000004 0.99930651872399456 34.500000000000007 34.500000000000007 84.500000000000014 -0.12940952255126037 -0.60355339059327384
decision_type=8 2 10 10 10 10 10 10 2 2 2 10 2 2 10 2 2 2 2 2 2 10 10 10 10 10 8 2 2 2
left_child=3 -2 -3 -1 -5 6 -6 8 11 -8 19 -7 13 -9 15 17 -17 20 -13 21 -14 -10 -18 24 -12 -25 29 -16 -28 -23
right_child=1 2 -4 4 5 7 9 12 10 -11 23 18 14 -15 27 16 22 -19 -20 -21 -22 26 -24 25 -26 -27 28 -29 -30 -31
leaf_value=0 -0.0034975004906911012 3.1674035124133386e-10 -3.8652965451164043e-07 0 0 0.0010562828058506817 -2.917938641953327e-05 -4.6481511238492218e-05 -8.9621162737041471e-06 2.1296026717552565e-07 -1.8676308490743684e-05 -1.2530273045936074e-05 -2.9942803440826089e-05 0.0020802018990141104 -5.0009518784940076e-06 0.0006661987628438455 -3.44859811982841e-05 3.2960880615876921e-06 0.0021558026661857598 -3.5075088984722496e-05 4.458626525509046e-06 0.00057624342017475549 0.00094069419284654489 1.9503321236686202e-06 -1.6729325309649138e-07 -3.3737814177709375e-05 0.0006915070047750669 2.4775224700266169e-08 -3.5030974165282182e-05 1.3850231237002843e-06
leaf_weight=1279998 534 1654 929 36276 574632 1437 1599 1195 2399 4089 1082 4127 365 7483 28591 603 823 2086 558 1659 168 989 214 641 2613 498 712 75668 1000 14068
leaf_count=1279998 534 1654 929 36276 574632 1437 1599 1195 2399 4089 1082 4127 365 7483 28591 603 823 2086 558 1659 168 989 214 641 2613 498 712 75668 1000 14068
internal_value=-8.0222e-05 0.0198749 0.0309911 -0.000110629 -0.000581524 -0.000395174 5.77268e-06 -0.00195699 -0.00979926 0.0306786 -0.00539145 -0.0282751 0.000169801 0.0109587 -0.000692973 0.0188659 -0.000609756 0.0310615 -0.0372359 -0.00125558 -0.0130394 0.000693865 -0.0246384 -0.0232106 -0.0301894 -0.000570676 0.0032411 -0.00149196 -0.0165304 0.00548914
internal_weight=2.04869e+06 3117 2583 2.04557e+06 765575 729299 580320 148979 31783 5688 25661 6122 117196 8678 108518 4259 1640 2619 4685 20827 533 19168 1037 4834 3695 1139 16769 104259 1712 15057
internal_count=2048690 3117 2583 2045573 765575 729299 580320 148979 31783 5688 25661 6122 117196 8678 108518 4259 1640 2619 4685 20827 533 19168 1037 4834 3695 1139 16769 104259 1712 15057
is_linear=0
shrinkage=0.05


Tree=162
num_leaves=31
num_cat=0
split_feature=16 15 15 17 0 0 17 10 18 15 15 16 9 1 1 0 1 9 17 0 1 1 17 17 0 0 15 17 10 17
split_gain=497.164 1066.55 514.774 1237.71 266.453 276.529 226.397 186.94 163.329 430.19 238.106 2245.49 1170.69 1228.06 843.409 613.934 440.235 1513.35 607.599 456.521 748.227 637.948 437.193 430.253 408.272 403.705 386.846 352.255 336.228 334.023
threshold=inf 1.0030303030303032 617.36184210526324 1.5000000000000002 -0.5 -0.60355339059327362 1.5000000000000002 550.50000000000011 0.9254525246109877 0.82160537482319673 20.00357142857143 18.419328569054347 35.500000000000007 -0.70710678118654757 0.91597561503675351 -0.5 -0.78656609248549325 47.500000000000007 40.500000000000007 0.60355339059327384 1.0000000180025095e-35 -0.12940952255126037 30.500000000000004 20.500000000000004 0.98296291314453421 -0.70710678118654735 26.420369243254211 36.500000000000007 84.500000000000014 34.500000000000007
decision_type=8 8 8 8 2 2 10 2 10 10 10 10 2 2 2 2 2 2 10 2 2 2 10 10 2 2 10 10 2 10
left_child=2 -2 7 4 5 -4 -3 8 -1 -10 11 -11 13 26 24 -13 17 -14 19 21 -21 25 -16 -17 -15 -18 -12 -22 -20 -24
right_child=1 6 3 -5 -6 -7 -8 -9 9 10 12 15 16 14 22 23 18 -19 28 20 27 -23 29 -25 -26 -27 -28 -29 -30 -31
leaf_value=0 3.0090333367926717e-10 -0.0033226254661565461 7.1252304662052293e-08 0 2.3299490656326958e-07 -2.470873346252074e-09 -3.672031717860584e-07 -0.23409758739981187 0 0 -4.5269586154397655e-06 1.2259964416377613e-05 -4.4156967930300379e-05 2.9874096003307947e-07 -1.589285904416668e-07 2.0231225381674936e-07 -2.8445663268784787e-05 0.0019502337226042187 -4.9352016251811287e-06 0.00063288882470165318 -3.2761682138369892e-05 8.6929550130704475e-07 1.8528155174851891e-06 6.435365002285878e-05 -3.3321334535486378e-05 4.2356951992335939e-06 -1.1914508747135988e-05 9.4979872976544988e-05 2.3536463465252863e-08 -3.384223199598625e-05
leaf_weight=1269661 1777 335 717 13074 2150 143 1005 1841 23305 588355 2315 2466 1063 16856 2924 4041 344 7156 27755 562 677 1644 628 1560 1530 161 2802 184 71089 570
leaf_count=1269661 1777 335 717 13074 2150 143 1005 1841 23305 588355 2315 2466 1063 16856 2924 4041 344 7156 27755 562 677 1644 628 1560 1530 161 2802 184 71089 570
internal_value=-7.87088e-05 0.0198749 -0.000109114 0.00880067 0.0377076 0.014186 -0.013806 -0.000179725 -0.000165265 -0.000746055 -0.000533904 -0.000100516 -0.00240344 -0.0116109 -0.00658433 0.0261002 -0.000104397 0.0110293 -0.000997891 0.0192609 -0.00270555 0.0338064 -0.0270257 0.0352526 -0.00200152 -0.0153465 -0.0337209 -0.0319977 -0.00173 -0.00158598
internal_weight=2.04869e+06 3117 2.04557e+06 16084 3010 860 1340 2.02949e+06 2.02765e+06 757987 734682 596422 138260 27625 22508 8067 110635 8219 102416 3572 1423 2149 4122 5601 18386 505 5117 861 98844 1198
internal_count=2048690 3117 2045573 16084 3010 860 1340 2029489 2027648 757987 734682 596422 138260 27625 22508 8067 110635 8219 102416 3572 1423 2149 4122 5601 18386 505 5117 861 98844 1198
is_linear=0
shrinkage=0.05


Tree=163
num_leaves=31
num_cat=0
split_feature=15 17 1 0 0 9 18 15 15 10 9 1 1 0 17 14 1 9 17 0 1 1 17 0 0 17 5 18 10 17
split_gain=373.73 1082.16 413.39 266.453 276.529 173.414 157.078 434.35 246.303 1533.47 1189.03 1222.8 860.23 699.31 629.797 463.416 437.539 1513.35 600.484 451.75 748.227 631.58 430.849 408.272 403.705 352.255 332.024 320.129 298.561 292.465
threshold=617.36184210526324 1.5000000000000002 0.98296291314453421 -0.5 -0.60355339059327362 592.50000000000011 0.9254525246109877 0.82160537482319673 20.00357142857143 19.500000000000004 35.500000000000007 -0.70710678118654757 0.91597561503675351 -0.5 20.500000000000004 1.0000000180025095e-35 -0.78656609248549325 47.500000000000007 40.500000000000007 0.60355339059327384 1.0000000180025095e-35 -0.12940952255126037 30.500000000000004 0.98296291314453421 -0.70710678118654735 36.500000000000007 32.500000000000007 0.99930651872399456 84.500000000000014 24.500000000000004
decision_type=8 8 2 2 2 2 10 10 10 2 2 2 2 2 10 2 2 2 10 2 2 2 10 2 2 10 2 10 2 10
left_child=5 2 3 4 -2 6 -1 -8 9 -9 11 15 23 -11 -15 -10 17 -12 19 21 -21 24 27 29 -18 -22 -24 -14 -20 -13
right_child=1 -3 -4 -5 -6 -7 7 8 10 13 16 12 22 14 -16 -17 18 -19 28 20 25 -23 26 -25 -26 -27 -28 -29 -30 -31
leaf_value=0 6.7689689428949677e-08 0 -0.0031555639784263041 2.2134516123510612e-07 -2.3473296789394707e-09 -0.77154357588472622 0 0 -1.124932254967738e-05 -3.649359490152827e-07 -4.1949119533785357e-05 -4.0378397239303326e-06 -8.0203544196448786e-06 1.9761095969705326e-07 6.4431970454674337e-05 -0.021481362114682188 -2.7023380105345543e-05 0.0018527220364740076 -4.685385193515329e-06 0.00060124438346657058 -3.11235980314514e-05 8.2583072624169245e-07 1.7601747416109296e-06 -3.1655267808712057e-05 4.0239104392719137e-06 9.0230879327717745e-05 -3.2150120396186932e-05 -1.5098216091958346e-07 8.8009848555807095e-09 3.5056694136403244e-07
leaf_weight=1271538 717 13459 143 2150 143 845 23317 584006 4153 4149 1063 1065 682 5482 3615 964 344 7156 27824 562 677 1652 623 1530 161 184 590 2264 71841 15791
leaf_count=1271538 717 13459 143 2150 143 845 23317 584006 4153 4149 1063 1065 682 5482 3615 964 344 7156 27824 562 677 1652 623 1530 161 184 590 2264 71841 15791
internal_value=-7.38765e-05 0.00739526 0.0337615 0.0377076 0.014186 -0.000134936 -0.000125515 -0.000694358 -0.000481614 -4.02678e-05 -0.00237626 -0.011655 -0.00664671 0.0167824 0.0245411 -0.0337209 -7.35664e-05 0.0110293 -0.000957431 0.019162 -0.00270555 0.0335883 -0.027182 -0.00200152 -0.0153465 -0.0319977 -0.00210223 -0.0375085 -0.00168013 0.000243237
internal_weight=2.04869e+06 16612 3153 3010 860 2.03208e+06 2.03123e+06 759695 736378 597252 139126 27662 22545 13246 9097 5117 111464 8219 103245 3580 1423 2157 4159 18386 505 861 1213 2946 99665 16856
internal_count=2048690 16612 3153 3010 860 2032078 2031233 759695 736378 597252 139126 27662 22545 13246 9097 5117 111464 8219 103245 3580 1423 2157 4159 18386 505 861 1213 2946 99665 16856
is_linear=0
shrinkage=0.05


Tree=164
num_leaves=31
num_cat=0
split_feature=16 3 17 18 16 17 16 17 1 0 1 18 14 17 18 17 17 0 17 1 1 10 1 17 1 10 1 1 1 17
split_gain=497.179 745.236 578.862 108.419 213.641 181.429 2161.75 904.422 1077 866.651 742.546 641.059 396.648 295.945 388.881 297.886 273.949 307.46 298.133 270.477 262.028 518.538 762.227 475.008 489.054 286.039 254.804 247.706 328.022 234.504
threshold=inf -0.56174490092936669 2.5000000000000004 0.9254525246109877 0.84537778079218684 20.500000000000004 18.419328569054347 35.500000000000007 -0.70710678118654757 -0.5 0.91597561503675351 0.99930651872399456 1.0000000180025095e-35 30.500000000000004 0.99930651872399456 34.500000000000007 24.500000000000004 0.98296291314453421 34.500000000000007 -0.12940952255126037 -0.60355339059327384 45.500000000000007 -0.78656609248549325 40.500000000000007 0.78656609248549303 84.500000000000014 -0.78656609248549325 -0.60355339059327384 -0.5 84.500000000000014
decision_type=8 2 10 10 10 10 10 10 2 2 2 10 2 10 10 10 10 2 8 2 2 2 2 10 2 2 2 2 2 10
left_child=3 -2 -3 -1 -5 6 -6 8 11 -8 16 -7 -13 14 -12 -15 -10 18 27 -20 21 22 -9 24 -22 -25 29 -18 -29 -23
right_child=1 2 -4 4 5 7 9 20 10 -11 13 12 -14 15 -16 -17 17 -19 19 -21 23 26 -24 25 -26 -27 -28 28 -30 -31
leaf_value=0 -0.0031564941928487189 2.8585816699530385e-10 -3.4928306243953445e-07 0 0 0.0010911864957905916 -2.8315168521924723e-05 -3.9852131303363321e-05 -8.3299695088858887e-06 1.8231609314105925e-07 -1.7333528915702172e-05 -1.0745567828798602e-05 0.0025826533014698914 1.6721660045303832e-06 -1.4343305287360428e-07 -2.8751305849215247e-05 0.00054739878377094793 -3.0072504418276455e-05 0.00065689918914124375 -3.3311890852087926e-05 3.046527347130871e-06 0.0018328784157182277 3.8227149173083179e-06 -4.414205226549113e-06 5.7326992623433722e-07 2.1919591049211184e-08 0.00078490691356852208 -3.0267620990991959e-05 1.3422163683889837e-06 0.00041431924539957237
leaf_weight=1279998 534 1654 929 36276 574632 1437 1599 1162 2613 4089 1082 4127 558 641 2613 498 989 1445 712 1000 2657 2265 515 28016 1255 71568 4507 824 13244 5251
leaf_count=1279998 534 1654 929 36276 574632 1437 1599 1162 2613 4089 1082 4127 558 641 2613 498 989 1445 712 1000 2657 2265 515 28016 1255 71568 4507 824 13244 5251
internal_value=-7.90017e-05 0.0198749 0.0309911 -0.000109407 -0.000580087 -0.000393803 5.77268e-06 -0.00195027 -0.00943114 0.0306786 -0.00493551 -0.0282751 -0.0372359 -0.02259 -0.0294587 -0.000307287 -0.000837855 0.00133414 0.0032411 -0.0165304 7.8501e-05 0.00657664 -0.0194693 -0.000781673 0.0163088 -0.00145304 0.0102096 0.00548914 0.00378874 0.0158462
internal_weight=2.04869e+06 3117 2583 2.04557e+06 765575 729299 580320 148979 31783 5688 25661 6122 4685 4834 3695 1139 20827 18214 16769 1712 117196 13700 1677 103496 3912 99584 12023 15057 14068 7516
internal_count=2048690 3117 2583 2045573 765575 729299 580320 148979 31783 5688 25661 6122 4685 4834 3695 1139 20827 18214 16769 1712 117196 13700 1677 103496 3912 99584 12023 15057 14068 7516
is_linear=0
shrinkage=0.05


Tree=165
num_leaves=31
num_cat=0
split_feature=16 15 15 17 2 17 18 15 15 16 10 1 1 17 15 18 17 1 1 10 1 12 10 1 17 1 13 5 18 1
split_gain=498.572 1063.85 514.334 1237.71 259.108 227.347 159.769 429.667 240.726 2232.93 987.997 1306.18 891.894 419.076 383.239 357.241 339.69 313.691 275.5 497.205 807.718 400.532 355.86 321.138 288.993 255.67 255.487 241.753 240.129 236.116
threshold=inf 1.0030303030303032 617.36184210526324 1.5000000000000002 1.0000000180025095e-35 1.5000000000000002 0.9254525246109877 0.82160537482319673 20.00357142857143 18.419328569054347 35.500000000000007 -0.70710678118654757 0.91597561503675351 30.500000000000004 26.420369243254211 0.99930651872399456 34.500000000000007 -0.60355339059327384 -0.60355339059327384 45.500000000000007 -0.78656609248549325 40.416666666666679 84.500000000000014 0.78656609248549303 40.500000000000007 -0.5 1.0000000180025095e-35 29.500000000000004 0.97274715299554393 -0.78656609248549325
decision_type=8 8 8 8 2 10 10 10 10 10 2 2 2 10 10 10 10 2 2 2 2 2 2 2 10 2 2 2 10 2
left_child=2 -2 6 4 -4 -3 -1 -8 9 -9 11 14 17 15 27 -14 -15 28 19 20 -12 23 -23 -20 -25 -19 -11 -10 -13 -21
right_child=1 5 3 -5 -6 -7 7 8 10 26 18 12 13 16 -16 -17 -18 25 21 29 -22 22 -24 24 -26 -27 -28 -29 -30 -31
leaf_value=0 2.7156525864553864e-10 -0.002998669483206283 2.1027790317335082e-07 0 6.4305204957502195e-08 -3.3181890931755776e-07 0 0 -3.5003667157284001e-06 1.9271223431158937e-07 -3.7859056991927926e-05 -0.046611526258533764 -6.752660252877527e-06 1.5885577043038642e-06 -1.021903879085539e-05 -1.3626140022992408e-07 -2.9105049083916825e-05 -6.440866370207302e-05 2.8942009797743275e-06 0.001668442013864396 3.6315791714429025e-06 -4.3543977828415857e-06 -1.0281789779938463e-07 9.476104482752399e-08 -0.00063194021747752102 -3.3852315232400435e-06 -0.016457094099674236 0.00024133585139012267 0.00052002884458240051 0.00074566156789009595
leaf_weight=1270781 1777 335 2151 13074 859 1005 23305 588355 2029 7519 1009 263 677 628 2813 2247 592 765 2975 7285 461 25049 68601 946 437 16736 548 290 844 4334
leaf_count=1270781 1777 335 2151 13074 859 1005 23305 588355 2029 7519 1009 263 677 628 2813 2247 592 765 2975 7285 461 25049 68601 946 437 16736 548 290 844 4334
internal_value=-7.48527e-05 0.019907 -0.000105301 0.00880067 0.0377076 -0.0137313 -0.000175882 -0.000750025 -0.000538208 -0.000101522 -0.0024122 -0.010827 -0.00568741 -0.0266651 -0.0336126 -0.0369357 -0.00204918 -0.00101569 -0.000300188 0.0065131 -0.0208844 -0.00121011 -0.00189963 0.0136072 0.0335141 -0.00264842 0.0260258 -0.018564 0.0247967 0.00997934
internal_weight=2.04869e+06 3117 2.04557e+06 16084 3010 1340 2.02949e+06 758708 735403 596422 138981 27884 22752 4144 5132 2924 1220 18608 111097 13089 1470 98008 93650 4358 1383 17501 8067 2319 1107 11619
internal_count=2048690 3117 2045573 16084 3010 1340 2029489 758708 735403 596422 138981 27884 22752 4144 5132 2924 1220 18608 111097 13089 1470 98008 93650 4358 1383 17501 8067 2319 1107 11619
is_linear=0
shrinkage=0.05


Tree=166
num_leaves=31
num_cat=0
split_feature=15 18 5 1 0 0 6 0 0 18 15 15 10 9 1 1 0 12 14 10 5 18 1 18 15 1 10 1 12 10
split_gain=373.935 640.759 492.115 458.655 260.366 257.731 164.168 157.022 215.165 156.298 433.05 256.843 1525.38 1001.62 1298.53 902.997 707.5 518.851 468.426 386.198 481.672 419.057 318.637 285.005 260.984 260.347 486.897 804.6 401.671 357.498
threshold=617.36184210526324 0.9915598290598292 11.500000000000002 0.98296291314453421 -0.5 -0.60355339059327362 32.500000000000007 -0.9159756150367534 -0.98296291314453399 0.9254525246109877 0.82160537482319673 20.00357142857143 19.500000000000004 35.500000000000007 -0.70710678118654757 0.91597561503675351 -0.5 20.083333333333339 1.0000000180025095e-35 31.500000000000004 32.500000000000007 0.97430820005077445 -0.60355339059327384 0.99930651872399456 17.692896509491735 -0.60355339059327384 45.500000000000007 -0.78656609248549325 40.416666666666679 84.500000000000014
decision_type=8 10 2 2 2 2 2 2 2 10 10 10 2 2 2 2 2 2 2 2 2 10 2 10 10 2 2 2 2 2
left_child=9 -2 3 4 5 7 -4 8 -3 -1 -11 12 -12 14 18 22 24 -18 23 21 -21 -17 -16 -13 -14 26 27 -15 -27 -30
right_child=1 2 6 -5 -6 -7 -8 -9 -10 10 11 13 16 25 15 19 17 -19 -20 20 -22 -23 -24 -25 -26 28 -28 -29 29 -31
leaf_value=0 0 2.2928742345323407e-06 -0.0023087980595420947 -0.0026900275957022386 1.9976400801468328e-07 -5.4452234428676073e-09 0.0089725059101903697 6.1089944709627086e-08 -1.7831758266795578e-08 0 0 0.0016928123357162078 0.00018179812847468686 -3.5966104142331532e-05 0.00049402740235328043 -1.7096937219751761e-05 1.6897899533956818e-07 6.1398452969844045e-05 -0.020498629051940047 1.5091298190886712e-06 -2.5858488102558645e-05 -1.2944833021842787e-07 -3.6750124872530787e-06 -9.6386260912108123e-06 -6.5229084097598294e-06 5.3986837768124411e-07 0.0014757935018827975 3.450000212870757e-06 -4.150004186950115e-06 -9.7677002909415404e-08
leaf_weight=1272210 11368 168 427 162 2274 158 1455 444 156 23317 584006 281 2033 1019 1102 953 5694 3403 964 359 504 2343 17284 3872 2116 4407 11619 471 25326 68795
leaf_count=1272210 11368 168 427 162 2274 158 1455 444 156 23317 584006 281 2033 1019 1102 953 5694 3403 964 359 504 2343 17284 3872 2116 4407 11619 471 25326 68795
internal_value=-7.59266e-05 0.00739526 0.0218535 0.0333135 0.0374688 0.0151188 0.00138151 0.0270833 0.000617284 -0.000137003 -0.000704399 -0.000492023 -4.11049e-05 -0.00242536 -0.0109428 -0.00578177 0.0167371 0.0245411 -0.0336818 -0.0268214 0.00295481 -0.0346177 -0.00102252 -0.0409704 -0.000373584 -0.00031486 0.00630483 -0.020604 -0.0011956 -0.0018864
internal_weight=2.04869e+06 16612 5244 3362 3200 926 1882 768 324 2.03208e+06 759868 736551 597252 139299 27662 22545 13246 9097 5117 4159 863 3296 18386 4153 4149 111637 13109 1490 98528 94121
internal_count=2048690 16612 5244 3362 3200 926 1882 768 324 2032078 759868 736551 597252 139299 27662 22545 13246 9097 5117 4159 863 3296 18386 4153 4149 111637 13109 1490 98528 94121
is_linear=0
shrinkage=0.05


Tree=167
num_leaves=31
num_cat=0
split_feature=16 3 17 0 17 17 0 1 1 14 17 17 17 14 17 17 17 11 16 1 16 16 16 2 10 13 8 1 14 16
split_gain=498.57 740.941 578.862 104.949 88.6204 72.0619 422.882 205.247 97.4641 88.5464 86.8341 69.9545 219.549 151.32 142.608 138.565 171.789 137.514 185.914 148.501 119.57 115.71 138.332 140.692 108.196 104.017 246.183 200.866 99.0586 122.073
threshold=inf -0.56174490092936669 2.5000000000000004 -0.9159756150367534 20.500000000000004 594.50000000000011 -0.25881904510252113 -0.3794095225512602 -0.98296291314453399 15.308403102661586 569.00000000000011 58.500000000000007 94.500000000000014 0.95011807466920095 92.500000000000014 106.00000000000001 107.50000000000001 83.166666666666671 75.853299856527997 0.1294095225512602 73.44835993263294 31.741751142913937 46.829730431770962 -0.60785761079279388 -1.0000000180025095e-35 1.0000000180025095e-35 2.5000000000000004 -0.12940952255126037 8.4203786789916251 77.530214613640155
decision_type=8 2 10 2 10 10 2 2 2 2 10 8 8 2 10 8 8 2 10 2 10 10 10 2 2 2 2 2 2 10
left_child=3 4 -3 11 -2 10 -7 8 -8 -9 -5 13 14 25 17 -14 20 18 21 -19 -17 -13 -23 -24 -15 -1 27 -27 -18 -30
right_child=1 2 -4 5 -6 6 7 9 -10 -11 -12 12 15 24 -16 16 28 19 -20 -21 -22 22 23 -25 -26 26 -28 -29 29 -31
leaf_value=0 -0.002848736009045969 2.5798699571326167e-10 -3.1034411370620912e-07 0 0.00074013015785202863 0.59378626256004863 -2.3130415505431379 0.011056686758837276 -0.40844422462604019 0.43755067465462427 -0.13566826589230105 0.28075625710580615 -0.014026745650245729 0.0094222998378465234 0.11870137848142966 7.8040444932114066e-05 0 0.0019553786945783968 -0.0032571079609442586 -0.00042851595350271507 -0.40845517863419706 -0.033167960145100095 -0.038153674036576803 0.042095790853586147 -0.011358907445751687 -0.0027841602546930396 -0.0036506085602953722 0.0018116230293235538 0.60029206035693461 0.11618481312884509
leaf_weight=102259 407 1654 929 1776107 127 3431 486 3680 2481 332 1196 508 6341 243 1592 424 102625 376 318 219 74 1534 1305 3777 20227 1240 7041 2487 604 4666
leaf_count=102259 407 1654 929 1776107 127 3431 486 3680 2481 332 1196 508 6341 243 1592 424 102625 376 318 219 74 1534 1305 3777 20227 1240 7041 2487 604 4666
internal_value=-7.48039e-05 0.019907 0.0309911 -0.000105252 -0.0337079 3.07656e-05 0.00417867 -0.00288723 -0.0128581 0.00448654 6.47048e-06 -0.00104824 -0.000194994 -0.00184311 0.00705681 -0.000803598 -0.000383327 0.00434864 0.00249933 0.027479 0.0289157 0.00416901 0.00240326 0.00637544 -0.00579873 -0.00112672 0.00354755 0.0139388 -0.00051856 0.00616698
internal_weight=2.04869e+06 3117 2583 2.04557e+06 534 1.78771e+06 10410 6979 2967 4012 1.7773e+06 257860 124363 133497 9629 114734 108393 8037 7442 595 498 7124 6616 5082 20470 113027 10768 3727 107895 5270
internal_count=2048690 3117 2583 2045573 534 1787713 10410 6979 2967 4012 1777303 257860 124363 133497 9629 114734 108393 8037 7442 595 498 7124 6616 5082 20470 113027 10768 3727 107895 5270
is_linear=0
shrinkage=0.05


Tree=168
num_leaves=31
num_cat=0
split_feature=16 15 15 17 0 0 17 18 15 15 16 9 1 1 0 17 17 15 18 17 1 1 0 1 16 1 16 17 10 16
split_gain=497.014 1066.55 530.105 1197.47 266.453 276.529 226.397 159.228 431.136 224.891 2214.02 1006.27 1303.92 882.784 634.254 433.829 428.796 386.057 357.241 329.604 318.371 255.372 251.155 1136.97 722.595 513.361 693.548 816.985 346.573 275.005
threshold=inf 1.0030303030303032 inf 1.5000000000000002 -0.5 -0.60355339059327362 1.5000000000000002 0.9254525246109877 0.82160537482319673 20.00357142857143 18.419328569054347 35.500000000000007 -0.70710678118654757 0.91597561503675351 -0.5 20.500000000000004 30.500000000000004 26.420369243254211 0.99930651872399456 34.500000000000007 -0.60355339059327384 -0.5 0.60355339059327384 1.0000000180025095e-35 28.803288201160544 -0.12940952255126037 27.538466925797533 34.500000000000007 27.500000000000004 27.538466925797533
decision_type=8 8 8 8 2 2 10 10 10 10 10 2 2 2 2 10 10 10 10 10 2 2 2 2 10 2 10 10 2 10
left_child=2 -2 7 4 5 -4 -3 -1 -9 10 -10 12 17 20 -12 -16 18 -11 -15 -18 -14 -22 25 29 28 -23 -27 -28 -25 -24
right_child=1 6 3 -5 -6 -7 -8 8 9 11 14 -13 13 16 15 -17 19 -19 -20 -21 21 22 23 24 -26 26 27 -29 -30 -31
leaf_value=0 2.4508764592759861e-10 -0.0027062992085936707 5.8035447474145734e-08 0 1.897758076139491e-07 -5.1729622707242267e-09 -2.9482690802089864e-07 0 0 -2.5439165253970171e-06 1.3397481227878144e-05 -1.4959347943772693e-07 0.00046932603223561641 -5.5601803792460629e-06 1.5511572700144841e-07 5.4767699920354902e-05 1.4336733281342375e-06 -9.2261555467520799e-06 -1.2297591370750648e-07 -2.6356872224593054e-05 -6.1004479892606719e-05 -3.0631567753592768e-05 0.00059356275604553635 -4.4925564604590783e-06 -3.2075101192450233e-05 -1.2197371576777429e-05 1.6797622350289066e-06 -0.001585461112177359 0.00043826700168161746 0.00078930373889589791
leaf_weight=1273614 1777 335 717 8245 2150 143 1005 23305 588355 2315 2466 113352 1102 677 4041 1560 628 2802 2247 570 765 928 1630 1457 2754 2984 2823 583 1713 1647
leaf_count=1273614 1777 335 717 8245 2150 143 1005 23305 588355 2315 2466 113352 1102 677 4041 1560 628 2802 2247 570 765 928 1630 1457 2754 2984 2823 583 1713 1647
internal_value=-7.56825e-05 0.0198749 -0.000106083 0.0107152 0.0377076 0.014186 -0.013806 -0.000165952 -0.000738329 -0.000526716 -0.000102193 -0.00232272 -0.0108796 -0.0057002 0.0259142 0.0352169 -0.0266133 -0.0336623 -0.0369357 -0.00141903 -0.00101164 -0.00267299 -0.00136509 -0.00686338 -0.0199359 0.00554796 0.0105947 0.0260129 -0.00365931 0.0167684
internal_weight=2.04869e+06 3117 2.04557e+06 11255 3010 860 1340 2.03432e+06 760704 737399 596422 140977 27625 22508 8067 5601 4122 5117 2924 1198 18386 17284 16519 9201 5924 7318 6390 3406 3170 3277
internal_count=2048690 3117 2045573 11255 3010 860 1340 2034318 760704 737399 596422 140977 27625 22508 8067 5601 4122 5117 2924 1198 18386 17284 16519 9201 5924 7318 6390 3406 3170 3277
is_linear=0
shrinkage=0.05


Tree=169
num_leaves=31
num_cat=0
split_feature=16 15 15 17 0 0 17 18 18 15 15 16 9 1 1 0 17 18 14 1 18 10 1 17 0 15 14 15 1 17
split_gain=496.413 1066.55 528.923 1197.47 266.453 276.529 226.397 154.387 148.119 435.327 190.802 2214.02 864.697 931.256 1270.71 634.254 433.829 419.199 410.225 274.747 206.407 198.241 378.425 313.6 314.662 234.136 243.832 189.983 249.814 183.342
threshold=inf 1.0030303030303032 inf 1.5000000000000002 -0.5 -0.60355339059327362 1.5000000000000002 0.99475062000551129 0.9254525246109877 0.82160537482319673 20.00357142857143 18.419328569054347 31.500000000000004 -0.70710678118654757 0.91597561503675351 -0.5 20.500000000000004 0.97430820005077445 1.0000000180025095e-35 -0.60355339059327384 0.97695258705488897 83.500000000000014 -0.78656609248549325 84.500000000000014 0.37940952255126054 79.492990654205627 1.0000000180025095e-35 24.621665582303191 -0.5 285.50000000000006
decision_type=8 8 8 8 2 2 10 8 10 10 10 10 2 2 2 2 10 10 2 2 10 2 2 10 2 10 2 10 2 10
left_child=2 7 8 4 5 -4 -3 -2 -1 -10 11 -11 13 18 19 -13 -17 -16 -12 20 -15 25 23 -23 -25 -14 -27 -21 -29 -26
right_child=1 6 3 -5 -6 -7 -8 -9 9 10 12 15 21 14 17 16 -18 -19 -20 27 -22 22 -24 24 29 26 -28 28 -30 -31
leaf_value=0 -0.0066537522402697769 -0.0025709842481639869 5.5133675100438442e-08 0 1.8028701723325163e-07 -4.9143141571880153e-09 -2.8008556261985369e-07 2.3283326363121867e-10 0 0 -8.7540984159177573e-06 1.2727607166484237e-05 -2.3697410411649068e-06 -0.11735396525866318 -1.5964081339801873e-05 1.47359940651376e-07 5.2029314924337164e-05 -1.1682711802213115e-07 -0.025580321786694615 -4.2679286374361244e-06 0.00044585973062383558 0.0015112377177510083 -8.531347879205829e-08 0.00025593502765840654 0.00022609905206949878 -0.00054712734860551946 -0.0051066201194381981 -5.795425589797638e-05 5.3495186464959237e-07 -0.037280394068985603
leaf_weight=1273614 143 335 717 8245 2150 143 1005 1634 23305 588355 3210 2466 34169 142 942 4041 1560 2318 801 4573 651 530 76221 3360 1382 1085 2087 345 8782 379
leaf_count=1273614 143 335 717 8245 2150 143 1005 1634 23305 588355 3210 2466 34169 142 942 4041 1560 2318 801 4573 651 530 76221 3360 1382 1085 2087 345 8782 379
internal_value=-6.3626e-05 0.0198749 -9.40079e-05 0.0107152 0.0377076 0.014186 -0.013806 0.0452729 -0.000153811 -0.000705859 -0.00049322 -0.000102193 -0.00214751 -0.0113123 -0.0063961 0.0259142 0.0352169 -0.0346012 -0.0330716 -5.17491e-05 0.0285624 -0.000474361 0.000902628 0.013387 0.00959773 -0.00349348 -0.016488 -0.00170803 0.00245973 0.0267178
internal_weight=2.04869e+06 3117 2.04557e+06 11255 3010 860 1340 1777 2.03432e+06 760704 737399 596422 140977 21764 17753 8067 5601 3260 4011 14493 793 119213 81872 5651 5121 37341 3172 13700 9127 1761
internal_count=2048690 3117 2045573 11255 3010 860 1340 1777 2034318 760704 737399 596422 140977 21764 17753 8067 5601 3260 4011 14493 793 119213 81872 5651 5121 37341 3172 13700 9127 1761
is_linear=0
shrinkage=0.05


Tree=170
num_leaves=31
num_cat=0
split_feature=16 17 2 2 0 16 17 17 5 8 10 10 11 12 16 1 17 16 17 16 0 16 0 17 17 0 16 5 10 5
split_gain=496.35 340.777 215.902 850.22 107.928 73.2788 115.937 106.171 84.8138 119.206 81.8998 81.2199 389.74 276.334 295.493 211.883 116.216 120.631 117.644 289.979 133.697 112.703 89.1551 78.8389 93.9694 75.9349 75.8791 70.6539 66.2039 246.718
threshold=inf 2.5000000000000004 -1.0000000180025095e-35 -0.60785761079279388 -0.9159756150367534 480.85425311203329 477.00000000000006 308.00000000000006 149.50000000000003 262.50000000000006 313.50000000000006 -1.0000000180025095e-35 -0.83333333333333315 -1.0000000180025095e-35 -0.3567892503536067 -0.12940952255126037 98.500000000000014 46.829730431770962 24.500000000000004 15.278781333539966 -0.98296291314453399 -0.49956521739130427 -0.98296291314453399 520.50000000000011 501.50000000000006 -0.98296291314453399 -0.44330887061025454 1.5000000000000002 84.500000000000014 83.500000000000014
decision_type=8 10 2 2 2 10 10 10 2 2 2 2 2 2 10 2 10 10 10 10 2 10 2 10 10 2 10 2 2 2
left_child=4 2 3 -2 5 6 7 8 11 -10 -8 16 22 -14 15 -15 18 -18 27 -20 -21 -17 -13 24 -12 -7 -23 -1 29 -16
right_child=1 -3 -4 -5 -6 25 10 -9 9 -11 23 12 13 14 28 21 17 -19 19 20 -22 26 -24 -25 -26 -27 -28 -29 -30 -31
leaf_value=0 2.2119160044965774e-10 -2.66081284488861e-07 2.2119160044965774e-10 -0.0024424350357557874 0 -1.7281932088874559 0.95908706148144085 -0.17626901327289027 0.19211269914018647 -0.09067884452307523 0.19777501080684357 0.0019649718603692778 0.015237837448393311 0 0 0 7.2806099923102948e-05 -0.00096471067327989822 -3.2966271457559879e-06 -0.12088431913222662 0.00046742820410307893 -0.047500000000000001 -8.2950115430769778e-06 0.43821699747047999 -0.37102071726327934 -0.20575037569908405 -0.047500000000000001 0.0078594242880446943 -0.018372775613006737 0.016608096288048286
leaf_weight=88760 666 1121 993 337 1787713 336 1258 1890 1678 339 472 53 342 1142 145248 406 366 298 1126 163 334 767 596 303 550 663 445 179 8120 2026
leaf_count=88760 666 1121 993 337 1787713 336 1258 1890 1678 339 472 53 342 1142 145248 406 366 298 1126 163 334 767 596 303 550 663 445 179 8120 2026
internal_value=-6.23569e-05 0.0198749 0.0322645 0.0159023 -9.27369e-05 -0.00104902 -0.000996453 -0.00110352 -0.0010151 0.00919683 0.00954317 -0.00109737 -0.0017792 -0.00162086 -0.00171795 -0.0179348 9.2079e-05 0.0209337 -6.07319e-05 -0.0134011 0.0184105 -0.0295735 -0.0404468 0.000867925 -0.00577299 -0.0145646 -0.0372112 0.000182709 -0.00142991 -0.00118758
internal_weight=2.04869e+06 3117 1996 1003 2.04557e+06 257860 256861 254278 252388 2017 2583 250371 159145 158496 158154 2760 91226 664 90562 1623 497 1618 649 1325 1022 999 1212 88939 155394 147274
internal_count=2048690 3117 1996 1003 2045573 257860 256861 254278 252388 2017 2583 250371 159145 158496 158154 2760 91226 664 90562 1623 497 1618 649 1325 1022 999 1212 88939 155394 147274
is_linear=0
shrinkage=0.05


Tree=171
num_leaves=31
num_cat=0
split_feature=16 15 15 17 0 0 17 18 18 15 15 16 9 1 1 0 17 18 14 1 18 10 1 17 0 15 14 15 1 17
split_gain=496.005 1066.55 528.12 1197.47 266.453 276.529 226.397 154.387 149.84 432.932 186.945 2213.93 865.245 932.83 1269.98 634.254 433.829 418.285 410.225 276.775 202.061 193.746 379.128 313.297 316.033 212.814 219.2 188.654 249.814 180.886
threshold=inf 1.0030303030303032 inf 1.5000000000000002 -0.5 -0.60355339059327362 1.5000000000000002 0.99475062000551129 0.9254525246109877 0.82160537482319673 20.00357142857143 18.419328569054347 31.500000000000004 -0.70710678118654757 0.91597561503675351 -0.5 20.500000000000004 0.97430820005077445 1.0000000180025095e-35 -0.60355339059327384 0.97695258705488897 83.500000000000014 -0.78656609248549325 84.500000000000014 0.37940952255126054 79.492990654205627 1.0000000180025095e-35 24.621665582303191 -0.5 285.50000000000006
decision_type=8 8 8 8 2 2 10 8 10 10 10 10 2 2 2 2 10 10 2 2 10 2 2 10 2 10 2 10 2 10
left_child=2 7 8 4 5 -4 -3 -2 -1 -10 11 -11 13 18 19 -13 -17 -16 -12 20 -15 25 23 -23 -25 -14 -27 -21 -29 -26
right_child=1 6 3 -5 -6 -7 -8 -9 9 10 12 15 21 14 17 16 -18 -19 -20 27 -22 22 -24 24 29 26 -28 28 -30 -31
leaf_value=0 -0.0063210513241920632 -0.0023203132839679981 5.2376991345416522e-08 0 1.7127266637158905e-07 -4.6685984493286144e-09 -2.5277722026441795e-07 2.1013202042717487e-10 0 0 -8.3163934951218689e-06 1.2091226808160025e-05 -2.2512539891066616e-06 -0.11148626699573001 -1.5165877272811779e-05 1.399919436188072e-07 4.9427849178120304e-05 -1.1098576212102459e-07 -0.024301305697359887 -4.0545322055643185e-06 0.00042356674409264384 0.0014356758318634579 -8.1047804852455377e-08 0.00024313827627548621 0.00021479409946602385 -0.0005197709811752435 -0.004882006339341622 -5.5056543103077562e-05 5.0820427141711279e-07 -0.035416374365536289
leaf_weight=1273614 143 335 717 8245 2150 143 1005 1634 23305 588355 3210 2466 34169 142 942 4041 1560 2318 801 4573 651 530 76221 3360 1382 1085 2087 345 8782 379
leaf_count=1273614 143 335 717 8245 2150 143 1005 1634 23305 588355 3210 2466 34169 142 942 4041 1560 2318 801 4573 651 530 76221 3360 1382 1085 2087 345 8782 379
internal_value=-5.54257e-05 0.0198749 -8.5795e-05 0.0107152 0.0377076 0.014186 -0.013806 0.0452729 -0.000145552 -0.000700798 -0.000488745 -0.00010169 -0.00212623 -0.0112939 -0.00637357 0.0259142 0.0352169 -0.0345706 -0.0330716 -3.10495e-05 0.0286885 -0.000452551 0.000908736 0.0134047 0.00961726 -0.00343724 -0.015826 -0.00169343 0.00245973 0.0267746
internal_weight=2.04869e+06 3117 2.04557e+06 11255 3010 860 1340 1777 2.03432e+06 760704 737399 596422 140977 21764 17753 8067 5601 3260 4011 14493 793 119213 81872 5651 5121 37341 3172 13700 9127 1761
internal_count=2048690 3117 2045573 11255 3010 860 1340 1777 2034318 760704 737399 596422 140977 21764 17753 8067 5601 3260 4011 14493 793 119213 81872 5651 5121 37341 3172 13700 9127 1761
is_linear=0
shrinkage=0.05


Tree=172
num_leaves=31
num_cat=0
split_feature=16 15 15 18 5 2 9 18 18 15 15 16 9 0 0 0 18 16 0 10 15 16 15 16 0 0 12 0 15 12
split_gain=495.971 1066.55 528.053 763.033 521.441 270.636 202.651 154.387 149.219 433.169 183.347 2191.1 866.858 626.094 615.117 844.509 494.844 371.743 275.372 188.636 191.569 188.346 179.068 164.612 352.37 262.657 641.179 431.211 534.095 537.665
threshold=inf 1.0030303030303032 inf 0.99649736228683605 14.500000000000002 1.0000000180025095e-35 2.5000000000000004 0.99475062000551129 0.9254525246109877 0.82160537482319673 20.00357142857143 18.419328569054347 31.500000000000004 -0.5 0.60355339059327384 -0.5 0.97274715299554393 20.00179856115108 0.37940952255126054 83.500000000000014 79.492990654205627 27.538466925797533 17.006097560975615 2.5063103216396123 0.60355339059327384 -0.25881904510252113 16.083333333333339 -0.60355339059327362 9.5016129032258085 10.083333333333334
decision_type=8 8 8 10 2 2 2 8 10 10 10 10 2 2 2 2 10 10 2 2 10 10 10 10 2 2 2 2 10 2
left_child=2 7 8 -4 5 -5 -3 -2 -1 -10 11 23 14 22 15 -12 -17 -15 -18 20 -14 -20 -13 -11 25 27 -27 28 -25 -30
right_child=1 6 3 4 -6 -7 -8 -9 9 10 12 13 19 17 -16 16 18 -19 21 -21 -22 -23 -24 24 -26 26 -28 -29 29 -31
leaf_value=0 -0.0060049987579824608 -0.0022042976197695981 0 1.6270903305300959e-07 -0.00043847957680182817 4.97581417781457e-08 -2.4013835925119705e-07 1.9962541940581614e-10 0 0 -1.2281659742442155e-05 0.00041852965369778563 -2.1386912896513285e-06 1.3299234643786684e-07 -2.3914684575424108e-06 -1.4407583409171191e-05 -4.3969880993999687e-06 4.699242115349773e-05 -1.1644623486092886e-05 5.8057112379436486e-08 -0.00050043557394144149 4.1603102851365017e-07 -2.849371604718219e-05 0 0 0 1.1229674302753524e-07 0 -4.3828950813175685e-05 -1.7619681974021951e-06
leaf_weight=1273614 143 423 6840 2265 1186 964 917 1634 23305 530651 6020 812 34169 4197 7992 1720 4647 1404 656 81872 3172 729 1654 6523 19620 13211 3622 7453 2103 5172
leaf_count=1273614 143 423 6840 2265 1186 964 917 1634 23305 530651 6020 812 34169 4197 7992 1720 4647 1404 656 81872 3172 729 1654 6523 19620 13211 3622 7453 2103 5172
internal_value=-5.47423e-05 0.0198749 -8.51106e-05 0.0107152 0.0269196 0.0373335 -0.013806 0.0452729 -0.000144864 -0.000698958 -0.000486846 -0.000103534 -0.0021085 0.0257779 -0.0112847 -0.0176881 -0.0285991 0.0350205 -0.0353448 -0.000433258 -0.00337832 -0.0157762 0.00478508 -0.000458397 -0.00299459 -0.00579902 -0.0104646 -0.00210343 -0.00733802 -0.0166529
internal_weight=2.04869e+06 3117 2.04557e+06 11255 4415 3229 1340 1777 2.03432e+06 760704 737399 596422 140977 8067 21764 13772 7752 5601 6032 119213 37341 1385 2466 588355 57704 38084 16833 21251 13798 7275
internal_count=2048690 3117 2045573 11255 4415 3229 1340 1777 2034318 760704 737399 596422 140977 8067 21764 13772 7752 5601 6032 119213 37341 1385 2466 588355 57704 38084 16833 21251 13798 7275
is_linear=0
shrinkage=0.05


Tree=173
num_leaves=31
num_cat=0
split_feature=16 15 15 17 0 0 17 18 0 0 18 10 0 18 0 14 5 18 17 17 18 15 18 0 16 16 17 1 15 16
split_gain=491.598 1066.55 520.326 1196.68 266.453 276.529 226.397 154.387 147.079 248.364 137.697 109.542 102.786 99.9003 189.891 815.463 387.219 306.56 288.038 238.447 323.741 225.698 218.566 509.511 424.824 255.09 178.273 171.47 171.182 170.004
threshold=inf 1.0030303030303032 inf 1.5000000000000002 -0.5 -0.60355339059327362 1.5000000000000002 0.99475062000551129 -0.9159756150367534 -0.98296291314453399 -0.0088569976146717216 -1.0000000180025095e-35 -0.9159756150367534 0.9254525246109877 -0.70710678118654735 1.0000000180025095e-35 -1.0000000180025095e-35 -0.0088569976146717216 27.500000000000004 45.500000000000007 0.92005509641873295 4.6046450017661611 -0.0088569976146717216 -0.25881904510252113 18.419328569054347 15.767839068825912 661.50000000000011 -0.98296291314453399 31.502577319587633 18.419328569054347
decision_type=8 8 8 8 2 2 10 8 2 2 8 2 2 8 2 2 2 10 10 10 10 10 10 2 10 10 10 2 10 10
left_child=2 7 12 4 5 8 -3 11 9 -4 -5 -2 -1 14 15 17 -17 21 -19 20 27 -14 23 25 -25 -21 -18 -16 -29 -20
right_child=1 6 3 10 -6 -7 -8 -9 -10 -11 -12 -13 13 -15 19 16 26 18 29 22 -22 -23 -24 24 -26 -27 -28 28 -30 -31
leaf_value=0 0.0039046229776744908 -0.002094082738781118 2.1674653100208168e-06 0.00034834802404296999 1.545735814003591e-07 -6.9230756157694691e-09 -2.281314412886372e-07 1.8964414843552535e-10 4.7270234689238413e-08 -2.7705383138363118e-08 0 -0.0057047488200833371 0 0 0 -0.0046975685790493563 0.036836174532784059 -1.6097103036801088e-08 -0.0016722476922194211 2.0268349756605707e-05 0.00025674050546540004 3.3225278460244843e-06 -7.3075841561357914e-05 -6.2880624687480222e-06 5.0113978559592596e-05 -0.004555329294018598 1.0351598616893989 0 0.0015781845731277361 -0.0038292268945238519
leaf_weight=256770 56 335 143 199 2150 143 1005 1634 430 144 8046 87 8155 1276608 15964 667 55362 11252 2222 678 1138 1540 149401 2930 1010 318 1458 242899 3519 2427
leaf_count=256770 56 335 143 199 2150 143 1005 1634 430 144 8046 87 8155 1276608 15964 667 55362 11252 2222 678 1138 1540 149401 2930 1010 318 1458 242899 3519 2427
internal_value=3.3314e-05 0.0198749 3.07982e-06 0.0107241 0.0377076 0.014186 -0.013806 0.0452729 0.026848 -0.00087108 0.000873257 -0.00454545 -5.62351e-05 7.88446e-05 0.000677227 0.00286039 0.00616574 -0.00456321 -0.00883592 0.000243145 0.00115722 0.00244456 -0.00131757 -0.0116694 -0.0197462 0.0202811 0.00661035 0.0010418 0.000716466 -0.0193052
internal_weight=2.04869e+06 3117 2.04557e+06 11255 3010 860 1340 1777 717 287 8245 143 2.03432e+06 1.77755e+06 500940 83083 57487 25596 15901 417857 263520 9695 154337 4936 3940 996 56820 262382 246418 4649
internal_count=2048690 3117 2045573 11255 3010 860 1340 1777 717 287 8245 143 2034318 1777548 500940 83083 57487 25596 15901 417857 263520 9695 154337 4936 3940 996 56820 262382 246418 4649
is_linear=0
shrinkage=0.05


Tree=174
num_leaves=31
num_cat=0
split_feature=15 17 1 0 0 0 0 8 18 0 18 0 14 18 14 6 15 0 18 15 17 1 15 17 0 15 17 0 17 1
split_gain=369.431 1073.28 413.39 266.453 276.529 147.079 248.364 145.582 131.938 122.36 140.124 226.6 485.302 344.63 294.874 356.958 281.747 374.374 267.32 266.762 270.04 224.697 450.793 227.883 391.306 614.726 221.455 495.155 447.012 439.202
threshold=617.36184210526324 1.5000000000000002 0.98296291314453421 -0.5 -0.60355339059327362 -0.9159756150367534 -0.98296291314453399 553.50000000000011 -0.0088569976146717216 -0.9159756150367534 0.9254525246109877 -0.70710678118654735 1.0000000180025095e-35 -1.0000000180025095e-35 1.0000000180025095e-35 -1.0000000180025095e-35 6.3626692456479699 -0.60355339059327362 0.92005509641873295 19.442072271386433 97.500000000000014 -0.3794095225512602 0.078222778473091378 31.500000000000004 -1.0000000180025095e-35 3.7529766123316803 149.50000000000003 0.91597561503675362 139.50000000000003 0.25881904510252057
decision_type=8 8 2 2 2 2 2 2 8 2 8 2 2 10 2 2 10 2 10 10 10 2 10 10 2 10 10 2 10 2
left_child=7 2 3 4 5 6 -2 9 -3 -1 11 12 19 -14 15 21 26 -18 -19 20 -11 -13 -23 24 25 -24 28 -28 -17 -30
right_child=1 8 -4 -5 -6 -7 -8 -9 -10 10 -12 14 13 -15 -16 16 17 18 -20 -21 -22 22 23 -25 -26 -27 27 -29 29 -31
leaf_value=0 2.0590920445197761e-06 0.00033098541221575833 -0.0016961688087132204 1.4684490233034116e-07 -6.5769218349809956e-09 4.4906722954776495e-08 -2.6320113981444959e-08 -0.20115183086885022 0 0 0 0 -0.004462690150096889 0.036817343852082851 -4.8349961662791128e-06 0 -0.0024614705953718407 0 0.00024390348019213005 -0.0048851687376020372 8.3332348388198045e-05 0 -3.7733971516709508e-07 0 -1.3211058876131483e-06 3.3225514411172578e-06 0.00012202866892588282 -0.002195044731873777 5.9004147060713175 -0.0033181425666434627
leaf_weight=256770 143 208 143 2150 143 430 144 1614 13251 22526 1276081 28242 667 56820 230133 55979 1763 50517 1220 2476 594 33909 455 5483 2854 544 1572 835 160 864
leaf_count=256770 143 208 143 2150 143 430 144 1614 13251 22526 1276081 28242 667 56820 230133 55979 1763 50517 1220 2476 594 33909 455 5483 2854 544 1572 835 160 864
internal_value=7.75618e-05 0.00750361 0.0337615 0.0377076 0.014186 0.026848 -0.00087108 1.68547e-05 0.00135225 2.87865e-05 0.000176468 0.00088814 0.00327143 0.00582132 0.000410465 0.00190025 0.0036507 0.00101869 0.00179079 -0.00245546 -0.000785035 -0.000864493 -0.00312984 -0.0128588 -0.0221775 0.00475475 0.00602087 0.0208766 0.00539358 -0.0273438
internal_weight=2.04869e+06 16612 3153 3010 860 717 287 2.03208e+06 13459 2.03046e+06 1.77369e+06 497613 83083 57487 414530 184397 112910 53500 51737 25596 23120 71487 43245 9336 3853 999 59410 2407 57003 1024
internal_count=2048690 16612 3153 3010 860 717 287 2032078 13459 2030464 1773694 497613 83083 57487 414530 184397 112910 53500 51737 25596 23120 71487 43245 9336 3853 999 59410 2407 57003 1024
is_linear=0
shrinkage=0.05


Tree=175
num_leaves=31
num_cat=0
split_feature=16 15 15 17 0 0 17 0 0 17 0 10 10 11 12 15 15 15 15 0 17 17 17 15 16 17 11 17 15 10
split_gain=487.009 1066.55 511.342 1196.68 266.453 276.529 226.397 147.079 248.364 129.503 124.362 70.2133 69.7235 395.982 274.188 241.776 163.634 241.085 212.299 159.703 155.262 146.675 138.387 258.58 200.665 250.175 132.294 123.215 105.362 286.328
threshold=inf 1.0030303030303032 inf 1.5000000000000002 -0.5 -0.60355339059327362 1.5000000000000002 -0.9159756150367534 -0.98296291314453399 4.5000000000000009 -0.9159756150367534 -1.0000000180025095e-35 -1.0000000180025095e-35 -0.83333333333333315 -1.0000000180025095e-35 -0.031293349653202768 3.7529766123316803 2.6006756756756761 7.9096352749047369 -0.98296291314453399 106.00000000000001 29.500000000000004 39.500000000000007 0.46821976838136287 7.0597803237334462 28.500000000000004 1.8333333333333337 226.50000000000003 39.615802304964546 68.500000000000014
decision_type=8 8 8 8 2 2 10 2 2 10 2 2 2 2 2 10 10 10 10 2 10 8 10 10 10 10 2 10 10 2
left_child=2 9 10 4 5 7 -3 8 -4 -2 12 -11 16 -14 -15 19 17 20 26 21 22 -16 23 24 25 -1 -18 -20 -17 -30
right_child=1 6 3 -5 -6 -7 -8 -9 -10 11 -12 -13 13 14 15 28 18 -19 27 -21 -22 -23 -24 -25 -26 -27 -28 -29 29 -31
leaf_value=0 1.8016194101374906e-10 -0.0019893786018420623 1.9561374422937873e-06 0 1.395026572138241e-07 -6.2480757432319463e-09 -2.1672486922420536e-07 4.2661386807037671e-08 -2.5004108282372712e-08 0.0037093918287907663 0 -0.0054195113790791701 -7.880260965923129e-06 0.014475945575973646 0 0 -9.9238719153788211e-05 6.3699418189697291e-07 0.00042158532667408029 0 7.0498117689353205e-05 -0.045124999999999998 -3.3582569601924004e-06 6.3699418189697291e-07 -6.1629814436412488e-08 1.648313572877994e-07 0.010927639763072428 -0.027478143500872479 0.0770128264951008 -0.0017872310937811166
leaf_weight=87233 1667 335 143 8245 2150 143 1005 430 144 36 1777548 74 652 342 202 132076 844 313 1020 1957 270 1086 267 307 259 252 51 160 10496 18983
leaf_count=87233 1667 335 143 8245 2150 143 1005 430 144 36 1777548 74 652 342 202 132076 844 313 1020 1957 270 1086 267 307 259 252 51 160 10496 18983
internal_value=0.000126129 0.0198749 9.60367e-05 0.0107241 0.0377076 0.014186 -0.013806 0.026848 -0.00087108 0.0452729 3.72361e-05 -0.00727273 -0.000991354 -0.00160169 -0.00144815 -0.00154096 0.000120911 0.000444877 -0.013759 -0.0150539 0.000290107 -0.0287267 0.00017437 0.000283359 0.000123085 0.000253186 -0.0321229 0.000169492 -0.00126954 0.00143322
internal_weight=2.04869e+06 3117 2.04557e+06 11255 3010 860 1340 717 287 1777 2.03432e+06 110 256770 165794 165142 164800 90976 88901 2075 3245 88588 1288 88318 88051 87744 87485 895 1180 161555 29479
internal_count=2048690 3117 2045573 11255 3010 860 1340 717 287 1777 2034318 110 256770 165794 165142 164800 90976 88901 2075 3245 88588 1288 88318 88051 87744 87485 895 1180 161555 29479
is_linear=0
shrinkage=0.05


Tree=176
num_leaves=31
num_cat=0
split_feature=16 15 15 17 2 17 18 5 1 15 13 17 10 16 11 5 15 15 11 10 11 13 10 15 15 17 16 18 5 1
split_gain=486.687 1066.55 510.712 1196.68 259.108 226.397 197.33 214.58 180.16 299.828 714.091 440.075 194.223 474.89 415.563 444.37 249.618 210.067 269.754 560.34 212.478 189.107 184.144 456.179 411.056 640.915 542.421 651.102 301.725 642.053
threshold=inf 1.0030303030303032 inf 1.5000000000000002 1.0000000180025095e-35 1.5000000000000002 0.25044169611307426 -1.0000000180025095e-35 0.25881904510252057 3.0915071770334932 1.0000000180025095e-35 1.5000000000000002 -1.0000000180025095e-35 -0.62084420919083605 -0.83333333333333315 -1.0000000180025095e-35 -0.91157855547282185 0.82160537482319673 0.83333333333333337 1.0000000180025095e-35 0.83333333333333337 1.0000000180025095e-35 43.500000000000007 27.850199401794619 20.753635405690204 25.500000000000004 18.419328569054347 0.95883349809348972 90.500000000000014 0.60355339059327384
decision_type=8 8 8 8 2 10 8 2 2 10 2 10 2 10 2 2 10 10 2 2 2 2 2 10 10 10 10 10 2 2
left_child=2 -2 6 4 -4 -3 7 -1 12 10 -10 -12 13 21 -14 -16 -15 18 -17 -20 -19 -8 23 24 26 -26 -11 -28 -24 -30
right_child=1 5 3 -5 -6 -7 8 -9 9 22 11 -13 14 16 15 17 -18 20 19 -21 -22 -23 28 -25 25 -27 27 -29 29 -31
leaf_value=0 1.7115384396306162e-10 -0.0018899096717499592 1.3252752435313288e-07 0 4.0528317466685788e-08 -2.0588862576299506e-07 0 0 0 0 -3.9618614123622126e-05 -0.0075364017400940788 -7.4862479176269726e-06 0.050000000000000003 0.013752148297174964 0 0 0.00048469965285968358 -7.1671711343672151e-09 0 0 0.016711451771903287 -2.1413966776521227e-06 1.0696082124604838e-06 -4.1771386944299702e-06 -2.6382102396532574e-05 0.00019660910012484316 9.5546211607356503e-08 2.9114797269783395e-06 -1.3669859690258673e-07
leaf_weight=94819 1777 335 2151 8245 859 1005 369681 147543 527170 69794 1522 3455 632 856 426 26745 4595 1225 1108 15667 608110 350 38674 26688 2451 11384 3433 3328 21149 53513
leaf_count=94819 1777 335 2151 8245 859 1005 369681 147543 527170 69794 1522 3455 632 856 426 26745 4595 1225 1108 15667 608110 350 38674 26688 2451 11384 3433 3328 21149 53513
internal_value=0.00013267 0.0198749 0.000102587 0.0107241 0.0377076 -0.013806 4.3823e-05 0.00138285 -0.00013728 0.00044521 -0.00020718 -0.0190577 -0.000568781 0.000337566 -0.00108921 -0.00105001 0.0149881 -0.00108332 -0.00443934 -0.00940984 -0.000843625 0.000121747 0.00195192 0.00334264 0.00164675 -0.00628478 0.00308014 0.0166026 0.000515282 0.00237202
internal_weight=2.04869e+06 3117 2.04557e+06 11255 3010 1340 2.03432e+06 242362 1.79196e+06 762561 532147 4977 1.0294e+06 375482 653913 653281 5451 652855 43520 16775 609335 370031 230414 117078 90390 13835 76555 6761 113336 74662
internal_count=2048690 3117 2045573 11255 3010 1340 2034318 242362 1791956 762561 532147 4977 1029395 375482 653913 653281 5451 652855 43520 16775 609335 370031 230414 117078 90390 13835 76555 6761 113336 74662
is_linear=0
shrinkage=0.05


Tree=177
num_leaves=31
num_cat=0
split_feature=15 17 1 0 0 18 5 17 0 17 1 11 13 0 18 11 0 15 1 17 18 11 10 0 18 15 18 13 15 10
split_gain=369.871 1073.28 413.39 266.453 276.529 205.839 207.674 177.396 309.275 220.565 168.77 346.366 274.794 303.561 321.151 210.749 198.461 184.026 162.661 295.95 222.073 298.303 708.13 1868.44 721.61 702.775 701.571 523.303 582.75 497.103
threshold=617.36184210526324 1.5000000000000002 0.98296291314453421 -0.5 -0.60355339059327362 0.25044169611307426 -1.0000000180025095e-35 18.500000000000004 0.98296291314453421 32.500000000000007 -0.12940952255126037 1.0000000180025095e-35 1.0000000180025095e-35 -1.0000000180025095e-35 0.11132478632478633 0.83333333333333337 0.98296291314453421 6.104714912280703 0.25881904510252057 661.50000000000011 0.92687617260788013 41.166666666666679 27.500000000000004 0.60355339059327384 0.97022314171715685 22.703042328042333 0.97146927146927153 1.0000000180025095e-35 1.2360681114551086 19.500000000000004
decision_type=8 8 2 2 2 8 2 10 2 10 2 2 2 2 10 2 2 10 2 10 8 2 2 2 10 10 10 2 10 2
left_child=5 2 3 4 -2 6 -1 10 -9 -10 11 -8 13 -12 17 -14 -16 -15 -7 20 -20 22 25 26 -25 27 -24 29 -29 -22
right_child=1 -3 -4 -5 -6 18 7 8 9 -11 12 -13 15 14 16 -17 -18 -19 19 -21 21 -23 23 24 -26 -27 -28 28 -30 -31
leaf_value=0 3.8501901593351497e-08 0 -0.0014173959545979583 1.2590114813547624e-07 -7.9620878294046382e-09 0 0 0 0.68762350417696982 0.04395697919737853 -1.5292247884961033e-08 1.0756905656900065e-08 0.031096810057613774 0 1.0756905656900065e-08 0.00011645818501801113 -0.0023763900853869761 -0.00024643590476894388 2.4050773420022547e-05 1.1193636443433654 0 -2.2112619089744532e-07 -2.4754524707990277e-05 0.0001278693886589325 -2.9599464385763139e-05 -3.9682817597084713e-06 8.0485853814218895e-07 -3.7652639720202204e-05 -0.0003950654643893494 9.011789736469522e-08
leaf_weight=94894 717 13459 143 2150 143 1028176 17609 82354 1141 1274 12568 14449 3524 8286 2313 3530 352 262 122036 1182 546595 66001 1931 1063 3426 2496 6374 1629 2899 5714
leaf_count=94894 717 13459 143 2150 143 1028176 17609 82354 1141 1274 12568 14449 3524 8286 2313 3530 352 262 122036 1182 546595 66001 1931 1063 3426 2496 6374 1629 2899 5714
internal_value=7.31443e-05 0.00750361 0.0337615 0.0377076 0.014186 1.24011e-05 0.00137927 0.00255211 0.00105935 0.0186957 0.0045641 0.00710431 0.00192314 -0.000647576 0.0053331 0.0105897 0.0204878 0.000608329 -0.000172867 0.000381101 0.000342229 -3.14984e-05 0.000335677 0.0119665 -0.0140232 6.96365e-05 0.0260144 0.000188296 -0.0167403 0.000327081
internal_weight=2.04869e+06 16612 3153 3010 860 2.03208e+06 242556 147662 84769 2415 62893 32058 30835 23781 11213 7054 2665 8548 1.78952e+06 761346 760164 638128 572127 12794 4489 559333 8305 556837 4528 552309
internal_count=2048690 16612 3153 3010 860 2032078 242556 147662 84769 2415 62893 32058 30835 23781 11213 7054 2665 8548 1789522 761346 760164 638128 572127 12794 4489 559333 8305 556837 4528 552309
is_linear=0
shrinkage=0.05


Tree=178
num_leaves=31
num_cat=0
split_feature=15 17 1 18 1 15 18 17 0 0 0 1 15 17 0 17 1 17 12 17 15 18 1 0 17 12 0 15 18 17
split_gain=381.84 1073.28 413.39 270.216 436.798 342.513 277.467 297.507 350.352 266.453 276.529 237.255 268.063 182.208 279.778 213.448 421.678 181.557 153.585 152.825 447.763 404.808 514.442 272.146 208.4 1605.21 963.65 382.522 244.2 411.552
threshold=617.36184210526324 1.5000000000000002 0.98296291314453421 0.031320067264574002 1.0000000180025095e-35 59.109821428571429 -0.0088569976146717216 54.500000000000007 -0.5 -0.5 -0.60355339059327362 0.37940952255126048 174.74316334072435 150.50000000000003 0.91597561503675362 139.50000000000003 0.25881904510252057 149.50000000000003 24.916666666666668 12.500000000000002 0.82160537482319673 0.99930651872399456 1.0000000180025095e-35 -0.37940952255126065 20.500000000000004 19.916666666666668 -0.5 17.692896509491735 0.94127227438206562 25.500000000000004
decision_type=8 8 2 8 2 10 10 10 2 2 2 2 10 10 2 10 2 10 2 8 10 10 2 2 8 2 2 10 10 10
left_child=3 2 9 4 6 13 -1 -8 -9 10 -2 17 -13 15 -15 -6 -17 -7 -10 20 -5 22 -22 -24 25 -21 27 -27 -26 -30
right_child=1 -3 -4 19 5 11 7 8 18 -11 -12 12 -14 14 -16 16 -18 -19 -20 24 21 -23 23 -25 28 26 -28 -29 29 -31
leaf_value=0 3.657680651368392e-08 0 -0.0013465261568680604 0 0 0.0033428072305601037 0 -0.003422071793452313 5.8840493998212954e-05 1.1960609072870242e-07 -7.5639834379344074e-09 -0.016293781113847987 0.0004481063230157419 0.00011592739229147711 -0.0020852924952800881 5.5533008057703093 -0.0031522354383112894 -0.0018778698937318237 0.14226361303170917 0 0 0 -8.6096090132644946e-06 -1.2025386710011275e-06 0 0.0001376928778020022 1.3175704768711487e-07 -6.2012688841400726e-06 -3.3591788887515385e-06 -1.1880735751258512e-07
leaf_weight=42228 717 13459 143 24828 84611 280 36639 4535 7113 2150 143 1325 454 2247 668 212 1023 424 322 70641 32185 561287 10353 17223 994871 727 5406 1566 8306 122604
leaf_count=42228 717 13459 143 24828 84611 280 36639 4535 7113 2150 143 1325 454 2247 668 212 1023 424 322 70641 32185 561287 10353 17223 994871 727 5406 1566 8306 122604
internal_value=-4.6127e-05 0.00750361 0.0337615 -0.000107845 0.00173 -0.000713472 0.00418442 0.00676007 -8.35422e-05 0.0377076 0.014186 -0.0190294 -0.0287521 -0.000201102 0.0120926 -0.000618549 -0.0212551 0.00553977 0.00659718 -0.00028873 -0.00090923 -0.000646005 -0.00455816 -0.00956992 4.40986e-05 0.00253766 0.0242174 -0.00294374 -0.000129421 -0.0021595
internal_weight=2.04869e+06 16612 3153 2.03208e+06 182081 91244 90837 48609 11970 3010 860 2483 1779 88761 2915 85846 1235 704 7435 1.85e+06 645876 621048 59761 27576 1.20412e+06 78340 7699 2293 1.12578e+06 130910
internal_count=2048690 16612 3153 2032078 182081 91244 90837 48609 11970 3010 860 2483 1779 88761 2915 85846 1235 704 7435 1849997 645876 621048 59761 27576 1204121 78340 7699 2293 1125781 130910
is_linear=0
shrinkage=0.05


Tree=179
num_leaves=31
num_cat=0
split_feature=15 17 1 18 1 15 18 17 0 0 0 1 15 17 0 17 1 17 0 0 12 12 17 15 12 18 0 1 18 1
split_gain=380.193 1073.28 413.39 271.36 448.053 333.13 287.236 282.669 367.448 266.453 276.529 232.611 262.637 182.743 279.778 240.68 343.529 181.557 147.079 248.364 147.024 154.569 139.091 453.848 379.133 394.804 267.955 737.021 1068.99 379.37
threshold=617.36184210526324 1.5000000000000002 0.98296291314453421 0.031320067264574002 1.0000000180025095e-35 59.109821428571429 -0.0088569976146717216 58.500000000000007 -0.5 -0.5 -0.60355339059327362 0.37940952255126048 174.74316334072435 150.50000000000003 0.91597561503675362 139.50000000000003 0.25881904510252057 149.50000000000003 -0.9159756150367534 -0.98296291314453399 24.916666666666668 1.0000000180025095e-35 12.500000000000002 0.82160537482319673 2.9166666666666674 0.089018087855297176 -0.37940952255126065 0.1294095225512602 0.91473032238208829 1.0000000180025095e-35
decision_type=8 8 2 8 2 10 10 10 2 2 2 2 10 10 2 10 2 10 2 2 2 2 8 10 2 10 2 2 10 2
left_child=3 2 9 4 6 13 -1 -8 -9 10 18 17 -13 15 -15 -6 -17 -7 19 -2 21 -10 23 -5 25 -25 27 -26 -29 -28
right_child=1 -3 -4 22 5 11 7 8 20 -11 -12 12 -14 14 -16 16 -18 -19 -20 -21 -22 -23 -24 24 26 -27 29 28 -30 -31
leaf_value=0 1.852550218900412e-06 0 -0.0012791998490246574 0 0 0.0031756668690320986 0 -0.0034263581090101455 9.4018508833103954e-05 1.136257861922673e-07 -7.1857842660376868e-09 -0.015479092058155586 0.00042570100686495485 0.00011013102267690325 -0.0019810278705160839 5.2756357654817938 -0.0029946236663957251 -0.0017839763990452327 3.4747966187999721e-08 -2.9534254146940132e-08 0.1351504323801237 -0.0077595197292008589 0 -0.0016537110755858034 -6.4782032988397228e-07 0 0 -2.7861901928537887e-05 7.4705810546875047e-14 0
leaf_weight=42228 143 13459 143 24828 84611 280 36973 4368 4063 2150 143 1325 454 2247 668 212 1023 424 430 144 321 2884 1204121 451 15343 543310 22808 7026 5706 26404
leaf_count=42228 143 13459 143 24828 84611 280 36973 4368 4063 2150 143 1325 454 2247 668 212 1023 424 430 144 321 2884 1204121 451 15343 543310 22808 7026 5706 26404
internal_value=-2.98239e-05 0.00750361 0.0337615 -9.14089e-05 0.00175032 -0.000724431 0.00423616 0.00685675 6.01581e-05 0.0377076 0.014186 -0.0187878 -0.0284148 -0.000219128 0.0120926 -0.000637188 -0.0225506 0.00553977 0.026848 -0.00087108 0.00694827 0.00541961 -0.000272676 -0.00086464 -0.000599632 -0.000133882 -0.00387646 2.13713e-05 0.00891455 -0.00610014
internal_weight=2.04869e+06 16612 3153 2.03208e+06 182081 91244 90837 48609 11636 3010 860 2483 1779 88761 2915 85846 1235 704 717 287 7268 6947 1.85e+06 645876 621048 543761 77287 28075 12732 49212
internal_count=2048690 16612 3153 2032078 182081 91244 90837 48609 11636 3010 860 2483 1779 88761 2915 85846 1235 704 717 287 7268 6947 1849997 645876 621048 543761 77287 28075 12732 49212
is_linear=0
shrinkage=0.05


Tree=180
num_leaves=31
num_cat=0
split_feature=16 15 15 17 18 1 5 18 16 1 17 9 12 16 10 17 17 1 15 16 15 18 12 15 18 15 17 16 17 1
split_gain=485.314 1080.06 523.534 1196.68 228.632 240.192 282.885 335.539 268.82 328.355 315.79 298.344 242.71 382.158 251.258 221.676 200.378 199.777 161.672 158.243 155.484 154.387 149.332 143.126 137.697 133.615 134.71 214.852 167.454 551.91
threshold=inf 1.0030303030303032 inf 1.5000000000000002 0.25044169611307426 1.0000000180025095e-35 1.0000000180025095e-35 -0.0088569976146717216 22.594959805373389 -0.78656609248549325 100.50000000000001 2.5000000000000004 1.0000000180025095e-35 84.285221143473578 1.0000000180025095e-35 1.5000000000000002 195.00000000000003 0.78656609248549303 24.621665582303191 99.015320334261858 1.0030303030303032 0.99475062000551129 1.0000000180025095e-35 99.012987012987026 -0.0088569976146717216 1.4586748633879785 193.50000000000003 13.246140350877194 187.50000000000003 0.37940952255126048
decision_type=8 8 8 8 8 2 2 10 10 2 10 2 2 10 2 10 10 2 10 10 10 8 2 10 8 10 10 10 10 2
left_child=2 21 4 -4 5 6 7 -1 -9 18 11 -11 13 25 17 -3 -12 -14 -10 23 -8 -2 -20 -16 -5 26 27 -7 -29 -30
right_child=1 15 3 24 -6 12 20 8 9 10 16 -13 14 -15 19 -17 -18 -19 22 -21 -22 -23 -24 -25 -26 -27 -28 28 29 -31
leaf_value=0 -0.0051485358186829037 -0.0017954141881624615 1.0787213285215672e-07 0.00031438135223003358 0 0 -2.4526700290315112e-05 0 8.3690074004354368e-05 -0.0029920514533387983 0.0012428436207162401 0.022127406076119033 0.085068830657761163 -0.0023524328371553509 1.0219060374055063e-08 -1.785975170543438e-07 -0.011443033669979672 -0.00134285629709421 0.0002289125817199111 0.60545843568653213 1.0219060374055063e-08 1.6259615176490854e-10 -0.0035601281228622808 -0.38990323282428696 0 -1.0005086807790018e-07 0.00018624547646111181 -0.0019131814578486339 -0.66168140670746656 0.00018624547646111181
leaf_weight=42228 143 335 3010 199 1791956 59311 2096 36270 3092 1896 1534 394 3754 1862 27693 1005 766 1042 1128 1860 38354 1634 491 194 8046 14937 792 2077 237 354
leaf_count=42228 143 335 3010 199 1791956 59311 2096 36270 3092 1896 1534 394 3754 1862 27693 1005 766 1042 1128 1860 38354 1634 491 194 8046 14937 792 2077 237 354
internal_value=1.22029e-07 0.0197145 -2.99183e-05 0.0107241 -8.94157e-05 0.0013519 0.00283667 0.00443057 0.00740603 -0.0001774 -0.00969499 -0.0228384 -0.000316791 -0.00183612 0.00318299 -0.0141791 0.0033913 0.0138032 0.00909573 0.00147074 -0.000622991 0.0452729 0.0218962 0.00052892 0.000873257 -0.00129974 -0.00028835 -0.000550186 -0.0144303 0.00905245
internal_weight=2.04869e+06 3117 2.04557e+06 11255 2.03432e+06 242362 128249 87799 45571 9301 4590 2290 114113 79570 34543 1340 2300 4796 4711 29747 40450 1777 1619 27887 8245 77708 62771 61979 2668 591
internal_count=2048690 3117 2045573 11255 2034318 242362 128249 87799 45571 9301 4590 2290 114113 79570 34543 1340 2300 4796 4711 29747 40450 1777 1619 27887 8245 77708 62771 61979 2668 591
is_linear=0
shrinkage=0.05


Tree=181
num_leaves=31
num_cat=0
split_feature=16 3 17 18 5 16 17 12 12 0 16 0 0 0 17 16 16 0 0 16 17 0 17 0 11 12 0 16 17 16
split_gain=481.514 740.796 591.564 461.427 434.272 214.504 173.669 393.757 383.935 217.475 357.198 159.093 260.736 233.249 268.713 227.821 206.992 127.87 123.28 142.284 114.657 189.704 118.333 107.233 213.968 168.621 158.642 145.455 175.873 300.597
threshold=inf -0.56174490092936669 2.5000000000000004 0.031320067264574002 -1.0000000180025095e-35 20.00179856115108 187.50000000000003 1.0000000180025095e-35 1.0000000180025095e-35 0.91597561503675362 94.64108455882355 0.98296291314453421 0.60355339059327384 -0.5 139.50000000000003 73.44835993263294 106.22190737502679 -1.0000000180025095e-35 1.0000000180025095e-35 129.53898246223307 187.50000000000003 0.91597561503675362 122.50000000000001 -0.98296291314453399 1.0000000180025095e-35 1.0000000180025095e-35 -0.70710678118654735 0.46678281068524979 18.500000000000004 11.104580403766294
decision_type=8 2 10 8 2 10 10 2 2 2 10 2 2 2 10 10 10 2 2 10 10 2 10 2 2 2 2 10 10 10
left_child=3 -2 -3 4 -1 20 7 11 9 10 -8 12 13 -7 -15 -16 -14 -12 -17 -20 22 -22 23 24 25 -6 27 -25 -29 -30
right_child=1 2 -4 -5 5 6 8 -9 -10 -11 17 -13 16 14 15 18 -18 -19 19 -21 21 -23 -24 26 -26 -27 -28 28 29 -31
leaf_value=0 -0.0017056434787543384 1.5446634417666313e-10 -1.6966764120162659e-07 0 7.646123942480517e-10 -0.0031455458603675125 0.00011540280973833929 0.021271037428540709 -0.023815684279383766 0.030644205058756608 0.15572444233842944 5.0120714561216504 -0.0027492397789891801 4.9297857373364881e-06 -0.0027492467364767579 -0.0037158665505284748 0.00047755247817903322 -0.081243403198623637 0.000901671578315013 -0.0061641938672760757 -2.4078030325004002e-05 0.0015206138519885904 0.000173083886062379 -2.2572878394687826e-07 0.00017355181985037485 -0.0014564435273927833 0 1.1920705070585596e-08 -8.3008175539927472e-05 0.00021634358150602855
leaf_weight=95025 534 1654 929 1863039 1947 2304 1153 5935 2555 700 153 189 977 2236 400 331 189 170 207 51 265 137 390 2357 879 602 48326 10450 3064 1542
leaf_count=95025 534 1654 929 1863039 1947 2304 1153 5935 2555 700 153 189 977 2236 400 331 189 170 207 51 265 137 390 2357 879 602 48326 10450 3064 1542
internal_value=7.74641e-05 0.0197145 0.0307975 4.75417e-05 0.00244667 0.00498806 4.5584e-05 -0.00297605 0.00823293 0.0236673 0.0345528 -0.0111127 -0.0123898 -0.00785856 0.000821705 -0.0208797 -0.0338765 -0.0119195 -0.00110357 0.0248062 0.00622793 -0.020398 0.00638182 0.00622696 0.0148483 0.00751275 0.00577739 0.00168552 0.00349362 -0.00464611
internal_weight=2.04869e+06 3117 2583 2.04557e+06 182534 87509 17550 12819 4731 2176 1476 6884 6695 5529 3225 989 1166 323 589 258 69959 402 69557 69167 3428 2549 65739 17413 15056 4606
internal_count=2048690 3117 2583 2045573 182534 87509 17550 12819 4731 2176 1476 6884 6695 5529 3225 989 1166 323 589 258 69959 402 69557 69167 3428 2549 65739 17413 15056 4606
is_linear=0
shrinkage=0.05


Tree=182
num_leaves=31
num_cat=0
split_feature=16 15 15 17 0 0 17 5 15 16 15 13 1 1 5 17 1 17 17 16 0 15 10 0 0 17 0 16 15 0
split_gain=482.501 1077.35 514.867 1196.68 266.453 276.529 222.616 185.511 494.709 483.332 413.477 325.669 391.089 290.074 272.822 272.023 262.31 390.238 623.139 326.883 256.379 341.079 207.231 198.108 218.42 195.719 185.791 159.399 202.3 147.079
threshold=inf 1.0030303030303032 inf 1.5000000000000002 -0.5 -0.60355339059327362 1.5000000000000002 1.0000000180025095e-35 0.82160537482319673 1.0000000180025095e-35 14.930190058479534 1.0000000180025095e-35 0.25881904510252057 0.60355339059327384 -1.0000000180025095e-35 188.50000000000003 0.1294095225512602 187.50000000000003 139.50000000000003 94.64108455882355 0.91597561503675362 1.0030303030303032 1.0000000180025095e-35 0.91597561503675362 -1.0000000180025095e-35 193.50000000000003 -1.0000000180025095e-35 49.062289225015867 174.74316334072435 -0.9159756150367534
decision_type=8 8 8 8 2 2 10 2 10 10 10 2 2 2 2 8 2 10 10 10 2 10 2 2 2 10 2 10 10 2
left_child=2 -2 7 4 5 29 -3 9 -9 11 14 -1 15 -12 20 -13 -16 18 -18 23 -11 -22 -10 24 -19 -25 -20 -15 -29 -4
right_child=1 6 3 -5 -6 -7 -8 8 22 10 13 12 -14 27 16 -17 17 19 26 -21 21 -23 -24 25 -26 -27 -28 28 -30 -31
leaf_value=0 1.4674302696782996e-10 -0.0016203613048166214 -3.3451148082200961e-08 0 1.0255089024004609e-07 -1.2220101695343639e-08 -1.6118425914154525e-07 0 5.1012972673439996e-08 0 -1.4630284742458555e-07 -7.8512132908567598e-05 -0.0033867433283840927 -5.0322517512061406e-05 0 0.016148440904691478 0 -0.021322404894538866 0.016030275025925769 -0.073928874870841779 0 -1.3263000837958776e-06 0 0.029669883605445219 0.00010963266925142232 -0.0034034114165029904 -0.0026117775989772307 -0.013767119676395156 0.00051422871720818513 2.7616961235991902e-08
leaf_weight=746179 1777 335 287 8245 2150 143 1005 28941 17697 26143 11508 216 264 2081 38999 895 27716 107 193 258 4521 1704 1123388 132 1158 126 792 956 344 430
leaf_count=746179 1777 335 287 8245 2150 143 1005 28941 17697 26143 11508 216 264 2081 38999 895 27716 107 193 258 4521 1704 1123388 132 1158 126 792 956 344 430
internal_value=8.9423e-05 0.0197466 5.94699e-05 0.0107241 0.0377076 0.014186 -0.0141045 4.66987e-07 -0.000409905 0.000556004 0.00354812 8.87561e-05 0.0244 -0.00423467 0.00468586 0.0373987 0.00645212 0.00297717 0.00156789 0.0256878 0.000894402 -0.0082249 -0.000246169 0.0345043 0.0426482 -0.00542636 -0.0375127 -0.0171103 -0.0308462 0.026848
internal_weight=2.04869e+06 3117 2.04557e+06 11255 3010 860 1340 2.03432e+06 1.17003e+06 864292 116738 747554 1375 14889 101849 1111 69481 30482 28701 1781 32368 6225 1.14108e+06 1523 1265 258 985 3381 1300 717
internal_count=2048690 3117 2045573 11255 3010 860 1340 2034318 1170026 864292 116738 747554 1375 14889 101849 1111 69481 30482 28701 1781 32368 6225 1141085 1523 1265 258 985 3381 1300 717
is_linear=0
shrinkage=0.05


Tree=183
num_leaves=31
num_cat=0
split_feature=18 16 15 15 17 18 15 1 2 17 1 16 16 0 14 17 17 16 17 0 16 17 16 16 16 16 0 14 14 1
split_gain=510.673 542.883 1137.42 504.006 1276.08 460.393 308.9 270.805 269.761 229.074 219.222 370.276 235.735 209.944 174.521 174.51 414.499 195.301 185.369 184.865 526.652 372.621 296.619 259.841 170.264 168.982 165.52 156.664 156 141.233
threshold=0.031320067264574002 inf 1.0030303030303032 inf 1.5000000000000002 -1.0000000180025095e-35 25.31789473684211 -0.78656609248549325 1.0000000180025095e-35 1.5000000000000002 0.1294095225512602 63.718893465482481 21.706600455203809 0.91597561503675362 1.0000000180025095e-35 139.50000000000003 171.50000000000003 1.0000000180025095e-35 187.50000000000003 -0.60355339059327362 0.46678281068524979 3.5000000000000004 3.9349703999033472 0.72419521136441756 40.488468646363394 17.644411330690666 0.91597561503675362 40.349341186989584 18.463552681873399 0.37940952255126048
decision_type=8 8 8 8 8 10 8 2 2 10 2 10 10 2 2 10 10 8 10 2 10 10 10 10 8 8 2 2 2 2
left_child=5 3 -3 -2 8 -1 10 14 -5 -4 12 15 -7 -9 -8 19 24 18 -18 20 -12 23 -23 -22 -17 -21 -20 -26 29 -13
right_child=1 2 9 4 -6 6 7 13 -10 -11 11 28 -14 -15 -16 16 17 -19 26 25 21 22 -24 -25 27 -27 -28 -29 -30 -31
leaf_value=0 0 1.3940587561943846e-10 -0.0015393432395757903 9.7423345728043789e-08 0 0 3.9512740626155962e-05 -0.0028417172391822934 2.6236113174192306e-08 -1.53125046184468e-07 -0.001673307528601642 0.028210702119098832 -3.9032551910872454e-05 0.0029860441345198573 -0.0089376980140515941 0.00063765266506142374 0.00014789755894005708 0.00018150869772753106 -2.2874128808753802e-05 0 -2.2632481920040753e-07 -0.0015844798962880498 8.4657362371652741e-06 0.040202993645328589 -0.002481188719028369 -0.0015387629588254398 0.0011484580977641219 0.027633517720236013 -0.015347048978315188 0.00010414801101868922
leaf_weight=95109 1852401 1650 333 2065 7736 38631 810 4035 837 946 1489 806 6697 445 981 96 95 390 261 19688 1403 2089 4853 2045 771 292 54 78 279 1325
leaf_count=95109 1852401 1650 333 2065 7736 38631 810 4035 837 946 1489 806 6697 445 981 96 95 390 261 19688 1403 2089 4853 2045 771 292 54 78 279 1325
internal_value=9.33279e-05 -0.0001537 0.0213554 -0.000187516 0.0106646 0.002616 0.00523096 -0.00546165 0.0389387 -0.0140344 0.0060553 0.00314322 0.008369 -0.0120313 0.0109715 0.0017855 -0.0136103 0.012875 -0.0112195 0.00262877 -0.0023108 0.00167469 -0.00499856 0.0151102 -0.0360317 0.00556557 -0.0296825 -0.0431684 0.0220747 0.0266776
internal_weight=2.04869e+06 1.86597e+06 2929 1.86304e+06 10638 182722 87613 6271 2902 1279 81342 36014 45328 4480 1791 33604 1745 800 410 31859 11879 10390 6942 3448 945 19980 315 849 2410 2131
internal_count=2048690 1865968 2929 1863039 10638 182722 87613 6271 2902 1279 81342 36014 45328 4480 1791 33604 1745 800 410 31859 11879 10390 6942 3448 945 19980 315 849 2410 2131
is_linear=0
shrinkage=0.05


Tree=184
num_leaves=31
num_cat=0
split_feature=18 5 16 15 15 17 16 2 17 17 12 14 16 0 15 0 15 0 0 0 15 17 0 15 17 17 15 18 17 16
split_gain=669.084 626.259 542.883 1137.42 504.006 1276.08 378.088 269.761 229.074 210.272 440.274 351.286 231.143 386.714 136.496 136.23 250.607 197.73 148.682 146.715 229.44 127.217 189.704 125.895 150.97 108.592 462.23 374.332 214.361 2059.33
threshold=0.031320067264574002 -1.0000000180025095e-35 inf 1.0030303030303032 inf 1.5000000000000002 22.594959805373389 1.0000000180025095e-35 1.5000000000000002 187.50000000000003 1.0000000180025095e-35 1.0000000180025095e-35 94.64108455882355 0.91597561503675362 308.82214472537061 0.98296291314453421 1.0000000180025095e-35 -1.0000000180025095e-35 -0.5 0.60355339059327384 48.776891290527665 187.50000000000003 0.91597561503675362 119.4578167819392 64.500000000000014 12.500000000000002 0.82160537482319673 0.089018087855297176 20.500000000000004 18.419328569054347
decision_type=8 2 8 8 8 8 8 2 10 10 2 2 10 2 8 2 10 2 2 2 10 10 2 10 10 8 10 10 8 10
left_child=1 14 4 -4 25 7 21 -6 -5 10 15 12 13 -11 -1 16 17 -8 -18 23 -21 -3 -23 24 -20 26 -2 -28 29 -27
right_child=2 6 3 8 5 -7 9 -9 -10 11 -12 -13 -14 -15 -16 -17 18 -19 19 20 -22 22 -24 -25 -26 28 27 -29 -30 -31
leaf_value=0 0 0 1.3243558183846655e-10 -0.0014623760775970007 9.2552178441641593e-08 0 -0.00036123421944396386 2.4924307515482689e-08 -1.454687938752446e-07 9.8943635237916757e-05 0.020133919581886071 -0.019187666359537812 -0.068533003653215713 0.026775854319218018 0.00029872719591221997 4.7616280938569489 -0.002730736852557228 -0.0023571292830769507 -0.00099532523116399011 -0.0024961801792364024 0.00045947176215965584 -2.1730422368316114e-05 0.0013871602545009547 -0.005025542328133399 4.1072193183001675e-05 0 -0.0010767380648562701 0 0 1.1047167128301518e-07
leaf_weight=94889 24816 70692 1650 333 2065 7736 322 837 946 1115 5536 2600 343 678 220 180 1940 946 403 388 250 265 137 127 1691 72272 459 619771 1129128 5955
leaf_count=94889 24816 70692 1650 333 2065 7736 322 837 946 1115 5536 2600 343 678 220 180 1940 946 403 388 250 265 137 127 1691 72272 459 619771 1129128 5955
internal_value=0.000129058 0.0030166 -0.0001537 0.0213554 -0.000187516 0.0106646 0.00606645 0.0389387 -0.0140344 -0.000747624 -0.00432403 0.00815034 0.0231742 0.0303681 0.000207131 -0.0134224 -0.0146942 -0.0344637 -0.00947072 -0.00222106 -0.0233542 0.00764973 -0.020398 0.00384962 0.00678128 -0.000249838 -0.000773588 -0.000505861 2.99829e-05 0.00256114
internal_weight=2.04869e+06 182722 1.86597e+06 2929 1.86304e+06 10638 87613 2902 1279 16519 11783 4736 2136 1793 95109 6247 6067 1268 4799 2859 638 71094 402 2221 2094 1.8524e+06 645046 620230 1.20736e+06 78227
internal_count=2048690 182722 1865968 2929 1863039 10638 87613 2902 1279 16519 11783 4736 2136 1793 95109 6247 6067 1268 4799 2859 638 71094 402 2221 2094 1852401 645046 620230 1207355 78227
is_linear=0
shrinkage=0.05


Tree=185
num_leaves=31
num_cat=0
split_feature=18 5 16 15 15 17 16 2 1 17 1 1 16 0 17 12 12 0 15 17 15 0 15 15 0 15 12 1 1 17
split_gain=665.854 622.848 542.883 1137.42 504.006 1276.08 385.759 269.761 235.573 232.814 535.583 399.053 358.781 316.953 229.074 176.89 170.543 207.309 743.879 259.719 408.082 219.011 642.995 360.513 305.229 198.595 170.366 160.549 383.51 202.434
threshold=0.031320067264574002 -1.0000000180025095e-35 inf 1.0030303030303032 inf 1.5000000000000002 22.594959805373389 1.0000000180025095e-35 0.25881904510252057 187.50000000000003 0.60355339059327384 0.37940952255126048 94.64108455882355 -1.0000000180025095e-35 1.5000000000000002 25.583333333333339 1.0000000180025095e-35 -0.70710678118654735 0.17992805755395685 2.5000000000000004 3.7529766123316803 1.0000000180025095e-35 3.7529766123316803 4.8492424242424255 -0.5 8.1288389845552995 1.0000000180025095e-35 -0.78656609248549325 1.0000000180025095e-35 100.50000000000001
decision_type=8 2 8 8 8 8 8 2 2 10 2 2 10 2 10 2 2 2 10 10 10 2 8 10 2 10 2 2 2 10
left_child=1 -1 4 -4 -2 7 8 -6 16 10 15 -11 13 -13 -5 27 17 18 -3 -20 -21 23 -23 -19 -25 -24 -12 -8 29 -29
right_child=2 6 3 14 5 -7 9 -9 -10 11 26 12 -14 -15 -16 -17 -18 21 19 20 -22 22 25 24 -26 -27 -28 28 -30 -31
leaf_value=0 0 1.2091294349183969e-08 1.2581380274654321e-10 -0.0013892572737171508 8.7924569519559514e-08 0 3.9018583523851592e-05 2.3678092139708554e-08 0 -0.0056714893924260986 -0.0026312385703111518 -0.098505815263277785 -0.066810988345189837 9.821853538355761e-05 -1.3819535418148238e-07 0.10409833123282911 3.9964364271711752e-05 0 -4.7724332197447719e-09 8.9306115103011966e-06 -1.3247796367285202e-05 0 6.6062682160999945e-08 4.0709074541426931e-05 -7.8245279995970847e-05 5.6178462632750431e-06 0.010030735245135015 -0.0026448080562211499 0.18660111834099147 0.00027979699192286022
leaf_weight=95109 1852401 2850 1650 333 2065 7736 4411 837 27326 3034 1045 150 389 1163 946 330 15707 6103 1845 2107 1846 9050 1827 478 903 1052 234 2528 2292 943
leaf_count=95109 1852401 2850 1650 333 2065 7736 4411 837 27326 3034 1045 150 389 1163 946 330 15707 6103 1845 2107 1846 9050 1827 478 903 1052 234 2528 2292 943
internal_value=0.000128375 0.00300894 -0.0001537 0.0213554 -0.000187516 0.0106646 0.00605047 0.0389387 0.00764973 -0.000832375 -0.0045956 0.00853041 0.0279083 0.0404037 -0.0140344 -0.000875857 0.00992392 0.012259 0.018698 0.0084167 0.0156463 0.00939061 0.0135971 0.00268573 -0.0203838 0.0341785 -0.0351446 -0.00204443 -0.00753948 -0.0180207
internal_weight=2.04869e+06 182722 1.86597e+06 2929 1.86304e+06 10638 87613 2902 71094 16519 11783 4736 1702 1313 1279 10504 43768 28061 8648 5798 3953 19413 11929 7484 1381 2879 1279 10174 5763 3471
internal_count=2048690 182722 1865968 2929 1863039 10638 87613 2902 71094 16519 11783 4736 1702 1313 1279 10504 43768 28061 8648 5798 3953 19413 11929 7484 1381 2879 1279 10174 5763 3471
is_linear=0
shrinkage=0.05


Tree=186
num_leaves=31
num_cat=0
split_feature=16 15 15 16 16 0 0 9 10 15 16 13 1 14 14 15 1 10 0 12 0 5 15 0 1 14 1 0 1 15
split_gain=484.524 1077.35 543.25 292.683 875.593 235.343 239.569 198.447 166.568 372.803 337.095 367.401 395.242 393.642 307.169 297.843 277.035 243.537 217.652 211.397 170.833 244.187 358.034 140.681 222.982 132.853 128.965 127.483 238.799 349.769
threshold=inf 1.0030303030303032 inf 3.1650909810126584 0.97705251825500861 -0.5 -0.60355339059327362 2.5000000000000004 1.0000000180025095e-35 0.82160537482319673 1.0000000180025095e-35 1.0000000180025095e-35 0.25881904510252057 1.0000000180025095e-35 0.48570226039551595 16.206389452332662 0.91597561503675351 14.500000000000002 -0.70710678118654735 -1.0000000180025095e-35 0.91597561503675362 -1.0000000180025095e-35 1.0030303030303032 -0.9159756150367534 0.1294095225512602 0.92016825471890729 1.0000000180025095e-35 -0.37940952255126065 0.37940952255126048 2.0545860821451378
decision_type=8 8 8 10 10 2 2 2 2 10 10 2 2 2 2 10 2 2 2 2 2 2 10 2 2 2 2 2 2 10
left_child=2 -2 8 4 -4 6 23 -3 10 17 11 13 19 -1 -15 20 -17 -10 -16 -13 -12 22 -22 24 -6 -20 -24 28 -11 -30
right_child=1 7 3 -5 5 -7 -8 -9 9 27 15 12 -14 14 18 16 -18 -19 25 -21 21 -23 26 -25 -26 -27 -28 -29 29 -31
leaf_value=0 1.1952311260921604e-10 -0.0013197944100312932 0 -0.00014107832264030127 1.7524597330754248e-06 8.3528341043581537e-08 -1.5351022252045635e-08 -1.3128558647240826e-07 0 0 0 0.015068457138073546 -0.0044919693660818221 -2.2724079664349296e-09 -6.6972985649900973e-06 -2.9693224213626517e-06 -0.0016868753113024933 0.001256203283785999 4.1236454878909214e-07 0.00030563132484578878 0 0 -1.3232613665897415e-06 2.2494187532723127e-08 -3.5520516319560096e-08 -0.00010855889883255241 -1.2599850796060838e-06 0 0 1.959362053463444e-06
leaf_weight=744243 1777 423 4674 3552 151 2168 141 917 30081 275923 87714 1007 278 1084 272 14265 1395 2763 348 353 4310 7182 755 426 143 258 851 718011 68140 75085
leaf_count=744243 1777 423 4674 3552 151 2168 141 917 30081 275923 87714 1007 278 1084 272 14265 1395 2763 348 353 4310 7182 755 426 143 258 851 718011 68140 75085
internal_value=4.82503e-05 0.0197466 1.82345e-05 0.0109729 0.0164481 0.0373886 0.0152729 -0.0141045 -4.23729e-05 -0.000431238 0.000484025 9.4338e-05 0.0237485 4.24146e-05 -0.0223242 0.00298613 -0.00342912 -0.00568293 -0.000341686 0.0348529 0.00398266 -0.00134372 -0.00886579 0.0269444 0.000340136 0.0163366 -0.0290162 -0.000279556 0.000413338 0.00206982
internal_weight=2.04869e+06 3117 2.04557e+06 11255 7703 3029 861 1340 2.03432e+06 1.17e+06 864315 747843 1638 746205 1962 116472 15660 32844 878 1360 100812 13098 5916 720 294 606 1606 1.13716e+06 419148 143225
internal_count=2048690 3117 2045573 11255 7703 3029 861 1340 2034318 1170003 864315 747843 1638 746205 1962 116472 15660 32844 878 1360 100812 13098 5916 720 294 606 1606 1137159 419148 143225
is_linear=0
shrinkage=0.05


Tree=187
num_leaves=31
num_cat=0
split_feature=16 15 15 18 5 18 2 9 5 10 15 1 5 16 10 11 1 5 15 1 13 11 11 18 1 12 1 15 18 5
split_gain=490.735 1077.35 562.079 743.7 522.505 405.68 268.601 198.447 161.536 316.626 230.623 189.338 270.124 202.55 154.461 336.484 270.563 253.846 291.191 250.579 230.286 190.727 167.164 154.387 148.848 145.022 923.053 195.918 133.109 127.293
threshold=inf 1.0030303030303032 inf 0.99649736228683605 14.500000000000002 0.25044169611307426 1.0000000180025095e-35 2.5000000000000004 -1.0000000180025095e-35 1.0000000180025095e-35 23.967845326716297 -0.78656609248549325 4.5000000000000009 30.001408450704229 -1.0000000180025095e-35 -0.83333333333333315 -0.70710678118654757 -1.0000000180025095e-35 0.87812695434646659 0.37940952255126048 1.0000000180025095e-35 0.50000000000000011 0.83333333333333337 0.99475062000551129 0.37940952255126048 0.91666666666666685 0.25881904510252057 0.82160537482319673 -0.0088569976146717216 27.500000000000004
decision_type=8 8 8 10 2 8 2 2 2 2 10 2 2 10 2 2 2 2 10 2 2 2 2 8 2 2 2 10 8 2
left_child=2 23 5 28 6 8 -5 -3 -1 10 -10 -12 13 -13 20 16 -16 19 22 -17 -7 24 -19 -2 -22 26 27 -24 -4 -6
right_child=1 7 3 4 29 14 -8 -9 9 -11 11 12 -14 -15 15 17 -18 18 -20 -21 21 -23 25 -25 -26 -27 -28 -29 -30 -31
leaf_value=0 -0.0045647440170693276 -0.0012538046895297285 0.00028378368694870724 7.9351923991402467e-08 -0.0022403084273712524 0 2.1369478156086968e-08 -1.2472130714878782e-07 0 9.7081073553523088e-09 3.3681030880573629e-05 0.00030595444373726903 0.75327569942002892 -0.0027140744215834772 3.721536083132355e-07 0.011503695980177964 -7.1118219013473013e-06 0 0 -0.004267370897777731 0.015150606869765035 0.0062545968014366838 -7.1546378988064633e-09 1.1354695697875525e-10 -0.0028571674091290382 0 4.6039053305465785e-07 4.2408714508157281e-08 0 0.00081603771506748638
leaf_weight=94819 143 423 206 2265 265 651252 964 917 67395 75548 1079 463 589 2469 99 432 657 38685 1069340 81 584 1375 1478 1634 47 26876 813 237 6634 921
leaf_count=94819 143 423 206 2265 265 651252 964 917 67395 75548 1079 463 589 2469 99 432 657 38685 1069340 81 584 1375 1478 1634 47 26876 813 237 6634 921
internal_value=-7.75862e-05 0.0197466 -0.000107794 0.0110351 0.0270328 -0.000169443 0.0374574 -0.0141045 0.00175048 0.00278529 0.005158 -0.00567391 -0.0112894 -0.0174966 -0.000429112 -0.000780716 -0.034127 -0.000758562 -0.000774422 0.0344055 0.000183771 0.0170987 -0.00394484 0.0452729 0.0398574 -0.00678649 -0.0182358 -0.0390379 0.000709064 -0.00134907
internal_weight=2.04869e+06 3117 2.04557e+06 11255 4415 2.03432e+06 3229 1340 242362 147543 71995 4600 3521 2932 1.79196e+06 1.1387e+06 756 1.13794e+06 1.13743e+06 513 653258 2006 68089 1777 631 29404 2528 1715 6840 1186
internal_count=2048690 3117 2045573 11255 4415 2034318 3229 1340 242362 147543 71995 4600 3521 2932 1791956 1138698 756 1137942 1137429 513 653258 2006 68089 1777 631 29404 2528 1715 6840 1186
is_linear=0
shrinkage=0.05


Tree=188
num_leaves=31
num_cat=0
split_feature=10 17 11 13 17 1 14 14 1 14 17 17 1 17 0 17 17 5 10 14 0 0 17 0 1 0 17 17 12 5
split_gain=229.645 330.009 330.633 276.774 336.604 408.19 286.402 226.229 185.461 191.41 180.377 357.225 294.484 506.09 274.449 348.707 234.774 213.501 170.762 169.689 172.871 254.856 152.222 213.094 213.58 203.752 136.25 133.098 121.965 117.636
threshold=1.0000000180025095e-35 82.500000000000014 -1.0000000180025095e-35 1.0000000180025095e-35 82.500000000000014 0.37940952255126048 1.0000000180025095e-35 0.48570226039551595 0.37940952255126048 26.480076347020404 150.50000000000003 195.00000000000003 0.37940952255126048 139.50000000000003 0.12940952255126045 97.500000000000014 122.50000000000001 -1.0000000180025095e-35 -1.0000000180025095e-35 1.0000000180025095e-35 -0.9159756150367534 -0.70710678118654735 107.50000000000001 1.0000000180025095e-35 0.25881904510252057 0.60355339059327384 308.00000000000006 88.500000000000014 -0.91666666666666663 -1.0000000180025095e-35
decision_type=2 8 2 2 10 2 2 2 2 2 8 8 2 10 2 10 10 2 2 2 2 2 10 2 2 2 8 10 2 2
left_child=1 2 28 6 5 -5 10 26 -6 -10 12 -12 22 14 15 -14 -17 -16 -9 20 -4 -22 25 -24 -25 29 -8 -27 -1 -3
right_child=-2 3 19 4 8 -7 7 18 9 -11 11 -13 13 -15 17 16 -18 -19 -20 -21 21 -23 23 24 -26 27 -28 -29 -30 -31
leaf_value=0 0 2.2673635723404201e-05 2.2602579550470313e-08 0.013830065659064975 -0.01169041551383157 -0.0040540023528888441 0.00095104775856616442 3.9174632134963756e-07 0.98682356781047886 -0.2267169945919604 8.908250193668106e-05 0 -0.0065570452800031223 -0.0056179142848948836 -5.9736593453106208e-06 9.1589733682073232e-05 -0.018175408447036499 0.00016442969175926004 -6.0068425416732276e-06 4.2897510695026586e-08 -3.9574481914842385e-10 0 -0.00065711931059885692 0.0016893975842777122 -0.010637611533002189 0.0011359141019810102 -2.1587875681131827e-09 -7.8177243359654511e-06 -0.0028814642727515278 -4.0795501731375886e-05
leaf_weight=85057 1178300 1295 6240 900 2727 128 200 348 817 144 2730 690921 457 1154 792 941 137 246 553 23922 6660 36399 954 894 258 60 1029 1191 387 2849
leaf_count=85057 1178300 1295 6240 900 2727 128 200 348 817 144 2730 690921 457 1154 792 941 137 246 553 23922 6660 36399 954 894 258 60 1029 1191 387 2849
internal_value=-7.87576e-05 0.000537173 0.00259919 7.74878e-05 0.0121501 0.0374514 -3.04098e-06 -0.0183099 0.00509761 0.0239854 5.22785e-05 0.00015404 -0.00623441 -0.017722 -0.00538282 0.0080456 0.0235622 -0.0252408 0.000721421 0.0050648 0.00674152 0.00561439 -0.000526596 0.0108737 0.0253472 -0.00497683 -0.032262 -0.0226619 0.000486283 0.000361969
internal_weight=2.04869e+06 870390 158665 711725 4716 1028 707009 2130 3688 961 704879 693651 11228 3727 2573 1535 1078 1038 901 73221 49299 43059 7501 2106 1152 5395 1229 1251 85444 4144
internal_count=2048690 870390 158665 711725 4716 1028 707009 2130 3688 961 704879 693651 11228 3727 2573 1535 1078 1038 901 73221 49299 43059 7501 2106 1152 5395 1229 1251 85444 4144
is_linear=0
shrinkage=0.05


Tree=189
num_leaves=31
num_cat=0
split_feature=16 15 15 16 12 12 2 10 15 16 13 1 14 14 15 10 1 14 9 10 15 16 16 1 5 16 12 1 1 16
split_gain=492.144 1077.35 564.06 286.412 699.547 268.625 260.052 229.482 348.854 246.1 304.234 364.761 351.669 273.935 266.713 224.6 214.345 199.8 198.447 171.474 129.424 250.101 253.528 291.571 210.953 155.927 146.288 208.949 497.333 245.79
threshold=inf 1.0030303030303032 inf 10.001246882793019 0.91666666666666685 1.0833333333333337 1.0000000180025095e-35 1.0000000180025095e-35 0.82160537482319673 1.0000000180025095e-35 1.0000000180025095e-35 0.25881904510252057 1.0000000180025095e-35 0.48570226039551595 16.672646822204346 14.500000000000002 0.78656609248549303 0.48570226039551595 2.5000000000000004 -1.0000000180025095e-35 0.85282717738258096 63.718893465482481 94.64108455882355 0.37940952255126048 1.0000000180025095e-35 27.538466925797533 -1.0000000180025095e-35 0.37940952255126048 -0.12940952255126037 7.9557449147883466
decision_type=8 8 8 10 2 2 2 2 10 10 2 2 2 2 10 2 2 2 2 2 10 10 10 2 2 10 2 2 2 10
left_child=2 -2 7 4 -4 6 -6 9 15 10 12 17 -1 -14 20 -9 -16 -12 -3 -15 21 24 23 -23 25 -11 27 28 -22 -29
right_child=1 18 3 -5 5 -7 -8 8 -10 14 11 -13 13 19 16 -17 -18 -19 -20 -21 26 22 -24 -25 -26 -27 -28 29 -30 -31
leaf_value=0 1.078696091298175e-10 -0.0011911144550532421 0 -0.00048559592154489157 7.5384327791832343e-08 7.2647449718990499e-06 2.0301004248282621e-08 0 0 0 0.013138562376111726 -0.0038513022352444021 -2.0508481897075236e-09 3.7215900528215568e-07 -2.8208563002945191e-06 0.0011933926341913311 -0.0016029985463401676 0.00041032288652964729 -1.1848524179134844e-07 -5.7065004145895666e-06 0 0.00030933862807234152 -0.066365170882004387 8.4628220027958571e-05 -6.799344982545686e-09 -0.0018267966235655812 3.7825415161918586e-08 0 -1.2640019988086242e-06 5.0025434038950093e-09
leaf_weight=744243 1777 423 4707 2852 2055 809 832 30081 1137159 45967 951 278 1084 541 12954 2763 2284 409 917 337 7455 800 181 848 4267 1839 34156 2195 1991 1535
leaf_count=744243 1777 423 4707 2852 2055 809 832 30081 1137159 45967 951 278 1084 541 12954 2763 2284 409 917 337 7455 800 181 848 4267 1839 34156 2195 1991 1535
internal_value=-0.000106043 0.0197466 -0.000136294 0.0110262 0.015673 0.0319535 0.039089 -0.000198052 -0.000654486 0.000419812 8.68498e-05 0.0216117 3.96004e-05 -0.0211009 0.0025577 -0.00573469 -0.0036094 0.0322794 -0.0141045 -0.000341686 0.00348598 0.00181069 0.0199836 0.0261529 0.00117239 0.00212316 0.00539381 0.000918336 -0.00303832 0.0109383
internal_weight=2.04869e+06 3117 2.04557e+06 11255 8403 3696 2887 2.03432e+06 1.17e+06 864315 747843 1638 746205 1962 116472 32844 15238 1360 1340 878 101234 53902 1829 1648 52073 47806 47332 13176 9446 3730
internal_count=2048690 3117 2045573 11255 8403 3696 2887 2034318 1170003 864315 747843 1638 746205 1962 116472 32844 15238 1360 1340 878 101234 53902 1829 1648 52073 47806 47332 13176 9446 3730
is_linear=0
shrinkage=0.05


Tree=190
num_leaves=31
num_cat=0
split_feature=16 3 17 18 16 13 17 1 1 1 10 5 14 17 16 1 0 10 16 1 16 1 5 0 1 10 1 16 5 17
split_gain=495.189 736.514 591.564 175.379 176.119 130.068 510.849 405.134 271.766 234.859 484.503 203.382 115.69 112.894 302.12 687.743 277.833 210.414 192.008 205.533 193.321 274.922 179.917 153.794 175.005 319.053 244.74 142.94 135.778 132.905
threshold=inf -0.56174490092936669 2.5000000000000004 0.25044169611307426 0.87228814888389372 1.0000000180025095e-35 1.0000000180025095e-35 0.37940952255126048 0.78656609248549303 -0.12940952255126037 2.5000000000000004 -1.0000000180025095e-35 4.8203847393817334 163.50000000000003 34.620725727361894 0.60355339059327384 -0.25881904510252113 19.500000000000004 94.64108455882355 -0.5 34.620725727361894 0.37940952255126048 48.500000000000007 0.98296291314453421 -0.78656609248549325 -1.0000000180025095e-35 0.37940952255126048 51.115070921985826 -1.0000000180025095e-35 122.50000000000001
decision_type=8 2 10 10 10 2 10 2 2 2 2 2 2 10 10 2 2 2 10 2 10 2 2 2 2 2 2 10 2 10
left_child=3 -2 -3 5 -5 13 7 -7 9 -8 11 -11 -10 14 29 23 -15 -17 20 28 -18 -22 -23 24 -16 26 -26 -24 -20 -1
right_child=1 2 -4 4 -6 6 8 -9 12 10 -12 -13 -14 16 15 17 18 -19 19 -21 21 22 27 -25 25 -27 -28 -29 -30 -31
leaf_value=0 -0.0011315587323005799 1.0247612867332661e-10 -1.1256097970178101e-07 0 0 0.01248163425730614 0.0004323581686051345 -0.0036587371234821815 -0.0029763384396119114 -0.0057071627716111248 0.0011335586425486326 0.038769170622663524 0.00068838726598954804 -0.0082599406515959633 3.7712886826281986e-05 -0.009752438586891371 -1.5785752523678769e-05 0.028641866892262925 0.0013675011117122579 -0.0073619134846622612 0.021877389355799207 8.0399990608611064e-05 0.0070933700085608377 3.8855173194845145 0.0013864013028071556 -0.002500003675793601 -0.018052337884293085 -0.012007127978282241 -0.0099773901925585291 0.00050508556861614685
leaf_weight=860048 534 1654 929 42903 1068775 900 35734 127 3395 207 10874 6940 749 1465 2593 1502 560 129 287 773 1166 1152 187 305 749 3391 150 101 159 252
leaf_count=860048 534 1654 929 42903 1068775 900 35734 127 3395 207 10874 6940 749 1465 2593 1502 560 129 287 773 1166 1152 187 305 749 3391 150 101 159 252
internal_value=-0.000167351 0.0197466 0.0307975 -0.000197695 -0.000622033 0.000307422 0.0025812 0.0375365 0.00196117 0.00291229 0.00756617 0.0176787 -0.0103764 0.000154291 0.000107695 -0.00909967 0.00707692 -0.038412 0.0133751 -0.00348646 0.0198673 0.0255948 0.0402083 -0.00244853 -0.00398809 -0.0101865 0.0162959 0.00486111 0.0235426 0.000202081
internal_weight=2.04869e+06 3117 2583 2.04557e+06 1.11168e+06 933895 58926 1027 57899 53755 18021 7147 4144 874969 869119 8819 5850 1631 4385 1219 3166 2606 1440 7188 6883 4290 899 288 446 860300
internal_count=2048690 3117 2583 2045573 1111678 933895 58926 1027 57899 53755 18021 7147 4144 874969 869119 8819 5850 1631 4385 1219 3166 2606 1440 7188 6883 4290 899 288 446 860300
is_linear=0
shrinkage=0.05


Tree=191
num_leaves=31
num_cat=0
split_feature=16 15 15 17 0 0 17 18 15 0 0 18 18 15 17 16 15 10 9 16 17 0 17 15 18 17 10 17 18 16
split_gain=496.391 1077.35 560.146 1198.6 250.151 284.693 222.616 189.13 435.764 155.334 244.67 154.387 136.561 125.793 136.715 115.496 114.106 604.451 447.709 712.122 789.88 1064.54 396.284 256.813 251.804 203.79 202.797 201.425 313.58 208.719
threshold=inf 1.0030303030303032 inf 1.5000000000000002 -0.5 -0.60355339059327362 1.5000000000000002 0.25044169611307426 0.82160537482319673 -0.9159756150367534 -0.98296291314453399 0.99475062000551129 -0.0088569976146717216 81.763768115942042 214.50000000000003 2.5063103216396123 13.358299337072923 2.5000000000000004 20.500000000000004 18.419328569054347 20.500000000000004 -0.5 28.500000000000004 20.00357142857143 0.72534051788654408 12.500000000000002 12.500000000000002 18.500000000000004 0.95529051172707902 18.419328569054347
decision_type=8 8 8 8 2 2 10 10 10 2 2 8 8 10 10 10 10 2 2 10 10 2 10 10 10 10 2 10 10 10
left_child=2 11 7 4 5 9 -3 13 -9 10 -4 -2 -5 15 -15 -1 17 -10 19 -18 21 -21 23 -20 -22 -19 -27 -28 -29 -30
right_child=1 6 3 12 -6 -7 -8 8 16 -11 -12 -13 -14 14 -16 -17 18 25 22 20 24 -23 -24 -25 -26 26 27 28 29 -31
leaf_value=0 -0.0043365011935603574 -0.001074980795685551 1.6627532223014348e-06 0.00026960165176917363 7.1615111402240715e-08 -1.6666995259661829e-08 -1.0693293071669195e-07 0 0 1.9285954035868494e-08 -3.5828014623800563e-08 9.7352322239660294e-11 0 -0.0077849149255857543 0.0002210348885433573 0 0 0 3.6554502010238327e-05 -2.8680813280440029e-05 0.054553713841976062 1.0494808771886443e-07 -7.342305216795079e-08 -3.601884387945628e-06 -0.0018998953319957898 2.2848234749021419e-05 -9.79236323772399e-08 -0.025881512938688747 6.9803757391476788e-05 0.00013080271032833794
leaf_weight=796148 143 335 143 199 2150 143 1005 26282 537005 430 144 1634 8046 3451 3373 125899 43387 74691 3819 1387 8306 3670 329421 7443 2453 36941 9368 18845 1253 1176
leaf_count=796148 143 335 143 199 2150 143 1005 26282 537005 430 144 1634 8046 3451 3373 125899 43387 74691 3819 1387 8306 3670 329421 7443 2453 36941 9368 18845 1253 1176
internal_value=-0.000191513 0.0197466 -0.000221894 0.0109018 0.037907 0.0151163 -0.0141045 -0.000283437 -0.000725363 0.0279637 -0.000522648 0.0452729 0.00104306 0.000242499 -0.0065211 0.000292556 -0.000570441 -0.00096492 9.96534e-05 0.00411297 0.0131955 0.0294938 -0.00059777 -0.00982064 0.0055349 -0.00386262 -0.00187325 -0.00488056 -0.00219047 0.014718
internal_weight=2.04869e+06 3117 2.04557e+06 11255 3010 860 1340 2.03432e+06 1.10545e+06 717 287 1777 8245 928871 6824 922047 1.07916e+06 679279 399886 59203 15816 5057 340683 11262 10759 142274 67583 30642 21274 2429
internal_count=2048690 3117 2045573 11255 3010 860 1340 2034318 1105447 717 287 1777 8245 928871 6824 922047 1079165 679279 399886 59203 15816 5057 340683 11262 10759 142274 67583 30642 21274 2429
is_linear=0
shrinkage=0.05


Tree=192
num_leaves=31
num_cat=0
split_feature=15 18 8 1 2 18 15 8 18 8 14 15 1 15 13 12 1 10 2 14 15 11 10 12 18 14 1 1 15 14
split_gain=404.705 657.78 455.909 425.058 271.923 176.966 447.285 138.379 129.498 106.944 105.254 103.998 162.737 417.506 178.596 100.877 235.699 139.852 216.277 265.011 104.909 547.003 479.036 444.566 418.483 335.399 344.49 295.401 499.573 293.778
threshold=617.36184210526324 0.9915598290598292 1.5000000000000002 0.98296291314453421 1.0000000180025095e-35 0.25044169611307426 0.82160537482319673 565.50000000000011 -0.0088569976146717216 16.500000000000004 1.0000000180025095e-35 81.763768115942042 0.37940952255126048 174.74316334072435 1.0000000180025095e-35 0.41666666666666669 0.37940952255126048 1.0000000180025095e-35 -0.60785761079279388 0.7545593041629518 11.679858590914781 2.8333333333333335 20.500000000000004 19.916666666666668 0.99930651872399456 1.0000000180025095e-35 0.91597561503675351 0.37940952255126048 4.6046450017661611 1.0000000180025095e-35
decision_type=8 10 2 2 2 10 10 2 8 2 2 10 2 10 2 2 2 2 2 2 10 2 2 2 10 2 2 2 10 2
left_child=5 8 3 4 -3 11 9 15 -2 -7 -11 -1 -13 14 -14 16 -8 18 19 -17 21 -19 23 -22 -25 26 -26 -23 -29 -30
right_child=1 2 -4 -5 -6 6 7 -9 -10 10 -12 12 13 -15 -16 17 -18 20 -20 -21 22 27 -24 24 25 -27 -28 28 29 -31
leaf_value=0 0.00025612156918071493 6.8034355832128678e-08 6.9115508006137925e-06 -0.00044105742431223668 1.8321656334075068e-08 0 0.00020341113116316111 -0.49982343710157873 0 0.0023189503838431523 -0.043495183460509991 -0.00017887740610204327 -0.012073731381187001 0.0018847058788694058 -0.37412802459434025 3.8861364402179333e-08 -3.5776594529118615e-05 0 3.544534821695335e-08 0.0038549162201599188 0 0 -4.3710563691845892e-07 0.00074878935142600996 9.970068333292122e-08 -0.045286934943114282 6.890416582430419e-08 -1.1422921370317849e-06 0 0.00022463041407765766
leaf_weight=923169 215 2067 2195 141 841 25107 648 1113 11153 530 668 4637 1025 640 523 1090 420 527961 6193 1865 57338 84746 335718 6441 5884 637 1103 11570 21056 11996
leaf_count=923169 215 2067 2195 141 841 25107 648 1113 11153 530 668 4637 1025 640 523 1090 420 527961 6193 1865 57338 84746 335718 6441 5884 637 1103 11570 21056 11996
internal_value=-0.000148485 0.00762401 0.0222731 0.0347819 0.0388927 -0.000212024 -0.00064065 -0.000483138 0.000866467 -0.0070823 0.00751252 0.000295916 -0.00585348 -0.0170932 -0.031137 -0.000464889 -0.015824 -0.00044961 0.00570617 0.0168359 -0.000502513 -0.00089316 0.000128217 0.00384718 0.011813 0.0197403 0.0229068 -0.00380697 -0.00709964 -0.0039695
internal_weight=2.04869e+06 16612 5244 3049 2908 2.03208e+06 1.10208e+06 1.07578e+06 11368 26305 1198 929994 6825 2188 1548 1.07467e+06 1068 1.0736e+06 9148 2955 1.06445e+06 657329 407121 71403 14065 7624 6987 129368 44622 33052
internal_count=2048690 16612 5244 3049 2908 2032078 1102084 1075779 11368 26305 1198 929994 6825 2188 1548 1074666 1068 1073598 9148 2955 1064450 657329 407121 71403 14065 7624 6987 129368 44622 33052
is_linear=0
shrinkage=0.05


Tree=193
num_leaves=31
num_cat=0
split_feature=16 15 15 17 2 17 17 11 1 17 16 0 17 17 0 1 15 15 17 0 10 1 15 14 0 0 15 15 1 0
split_gain=491.451 1080.06 553.365 1198.6 260.962 221.676 182.796 592.662 379.14 289.568 1688.63 681.064 561.583 250.295 383.404 281.074 248.92 216.374 257.132 623.724 243.588 212.16 701.357 283.48 244.087 199.957 624.547 397.356 505.973 369.429
threshold=inf 1.0030303030303032 inf 1.5000000000000002 1.0000000180025095e-35 1.5000000000000002 12.500000000000002 2.8333333333333335 0.25881904510252057 21.500000000000004 18.419328569054347 -0.5 20.500000000000004 13.500000000000002 -0.25881904510252113 0.60355339059327384 12.916164658634541 5.0913261050875738 4.5000000000000009 -0.37940952255126065 2.5000000000000004 -0.9159756150367534 8.1288389845552995 1.0000000180025095e-35 0.98296291314453421 0.60355339059327384 9.8576036866359456 9.5016129032258085 0.1294095225512602 -0.5
decision_type=8 8 8 8 2 10 8 2 2 8 10 2 10 10 2 2 10 10 10 2 2 2 10 2 2 2 8 10 2 2
left_child=2 -2 6 4 -4 -3 7 -1 21 10 13 16 -13 14 -8 -16 -12 18 19 -10 -21 22 -9 -24 25 27 -27 -23 29 -29
right_child=1 5 3 -5 -6 -7 9 8 17 -11 11 12 -14 -15 15 -17 -18 -19 -20 20 -22 24 23 -25 -26 26 -28 28 -30 -31
leaf_value=0 9.2484706127677282e-11 -0.0010212317559012735 6.4632638040522259e-08 0 1.7405573517371311e-08 -7.9731002334934412e-08 -8.2364455227165113e-05 0 -4.0853424851062943e-08 0 0.00061820734193034836 9.4715649166275158e-08 -0.045909762390433803 0 1.769949240191919e-05 1.7965131590666674e-08 -2.7251757650584673e-05 0 -1.0852971305994816e-06 -5.9707322724537281e-06 5.7114606851589249e-08 0 -9.884814392803579e-13 0.001231862347588002 -1.844408878550446e-07 0 0.00092171525703714854 -4.2242086856469648e-05 5.5313917973610307e-06 -1.0405067781898503e-12
leaf_weight=657861 1777 335 2151 8245 859 1005 3503 7681 617 1185804 508 4072 309 95642 3412 1352 1408 21464 9891 141 1498 20389 1461 380 3326 9673 1370 1413 397 746
leaf_count=657861 1777 335 2151 8245 859 1005 3503 7681 617 1185804 508 4072 309 95642 3412 1352 1408 21464 9891 141 1498 20389 1461 380 3326 9673 1370 1413 397 746
internal_value=-0.000124128 0.0197145 -0.000154358 0.0109018 0.037907 -0.0141791 -0.000215527 -0.000843483 -0.00489453 0.000142206 0.00259378 0.0277354 0.0386099 0.00107017 0.00941696 0.0186503 0.00287056 -0.00894648 -0.0142792 0.000953014 0.0170836 -0.00198672 -0.00864839 -0.0363661 -0.000286756 0.000978286 0.00650638 -0.00168228 -0.020266 -0.0298055
internal_weight=2.04869e+06 3117 2.04557e+06 11255 3010 1340 2.03432e+06 738308 80447 1.29601e+06 110206 6297 4381 103909 8267 4764 1916 33611 12147 2256 1639 46836 9522 1841 37314 33988 11043 22945 2556 2159
internal_count=2048690 3117 2045573 11255 3010 1340 2034318 738308 80447 1296010 110206 6297 4381 103909 8267 4764 1916 33611 12147 2256 1639 46836 9522 1841 37314 33988 11043 22945 2556 2159
is_linear=0
shrinkage=0.05


Tree=194
num_leaves=31
num_cat=0
split_feature=16 15 15 17 2 17 18 17 11 1 1 15 14 17 16 14 18 1 5 16 1 15 1 18 17 15 1 8 12 15
split_gain=490.128 1080.06 550.689 1198.6 260.962 221.676 154.387 145.017 386.073 377.338 272.712 705.799 277.358 259.409 1832.41 226.105 208.02 191.241 423.701 246.602 291.127 244.529 223.935 184.977 364.05 482.075 212.419 1259.12 473.296 411.748
threshold=inf 1.0030303030303032 inf 1.5000000000000002 1.0000000180025095e-35 1.5000000000000002 0.99475062000551129 12.500000000000002 2.8333333333333335 0.25881904510252057 -0.9159756150367534 8.1288389845552995 1.0000000180025095e-35 21.500000000000004 18.419328569054347 1.0000000180025095e-35 0.90717967599410909 0.1294095225512602 4.5000000000000009 9.5723562152133592 -0.12940952255126037 9.5016129032258085 1.0000000180025095e-35 0.94127227438206562 25.500000000000004 19.442072271386433 -0.9159756150367534 47.500000000000007 87.083333333333357 39.615802304964546
decision_type=8 8 8 8 2 10 8 8 2 2 2 10 2 8 10 2 10 2 2 10 2 10 2 10 10 10 2 2 2 10
left_child=2 6 7 4 -4 -3 -2 8 -1 10 11 -10 -13 14 -9 -16 -12 19 -19 22 -21 -22 -18 -15 25 -25 27 -26 -29 -28
right_child=1 5 3 -5 -6 -7 -8 13 9 -11 16 12 -14 23 15 -17 17 18 -20 20 21 -23 -24 24 26 -27 29 28 -30 -31
leaf_value=0 -0.0041196761385065743 -0.00097017016810620974 6.1401006138496137e-08 0 1.6535294841502748e-08 -7.5744452218187685e-08 8.786047082129342e-11 0 0 0 -1.7862895843498992e-06 -9.3905736731634003e-13 0.0011702692302086018 0 8.9979866707961406e-08 0.00048374919937940476 0 -3.7352905273437522e-15 4.1327538948963628e-06 -9.884814392803579e-13 3.5373061190668219e-06 -1.7521884346229236e-07 9.222044392752231e-09 4.314750430604879e-05 -7.6600069665625446e-06 -2.9550527040212786e-06 1.5501257084157987e-07 0.0014080644867501765 -0.00026308904607850152 -4.5880907558133311e-07
leaf_weight=657861 143 335 2151 8245 859 1005 1634 103909 7681 33611 20535 1461 380 1055332 5582 715 10277 209 1131 2902 97 735 1428 1439 2581 4915 27992 1167 2422 89956
leaf_count=657861 143 335 2151 8245 859 1005 1634 103909 7681 33611 20535 1461 380 1055332 5582 715 10277 209 1131 2902 97 735 1428 1439 2581 4915 27992 1167 2422 89956
internal_value=-9.74037e-05 0.0197145 -0.000127593 0.0109018 0.037907 -0.0141791 0.0452729 -0.000188614 -0.000747926 -0.00401755 -0.00111666 -0.0086694 -0.0364747 0.000130014 0.00245041 0.0286406 0.000810688 0.0049407 0.0230597 0.00336809 -0.00782003 -0.0338942 0.00693721 -8.56381e-05 -0.0018617 -0.0135348 -0.00126412 -0.0103079 0.00884648 -0.000791027
internal_weight=2.04869e+06 3117 2.04557e+06 11255 3010 1340 1777 2.03432e+06 738308 80447 46836 9522 1841 1.29601e+06 110206 6297 37314 16779 1340 15439 3734 832 11705 1.1858e+06 130472 6354 124118 6170 3589 117948
internal_count=2048690 3117 2045573 11255 3010 1340 1777 2034318 738308 80447 46836 9522 1841 1296010 110206 6297 37314 16779 1340 15439 3734 832 11705 1185804 130472 6354 124118 6170 3589 117948
is_linear=0
shrinkage=0.05


Tree=195
num_leaves=31
num_cat=0
split_feature=16 15 15 17 0 0 17 0 0 18 17 11 17 16 0 17 15 17 15 14 0 15 0 0 16 18 0 18 15 14
split_gain=488.448 1080.06 547.297 1198.6 250.151 284.693 221.676 155.334 244.67 154.387 148.948 336.263 250.872 1832.41 731.555 304.342 248.92 170.881 559.998 224.527 252.985 244.763 226.735 240.084 139.492 136.561 133.263 487.463 327.721 297.735
threshold=inf 1.0030303030303032 inf 1.5000000000000002 -0.5 -0.60355339059327362 1.5000000000000002 -0.9159756150367534 -0.98296291314453399 0.99475062000551129 12.500000000000002 2.8333333333333335 21.500000000000004 18.419328569054347 -0.5 20.500000000000004 12.916164658634541 26.500000000000004 20.753635405690204 1.0000000180025095e-35 0.60355339059327384 24.621665582303191 -0.5 -0.60355339059327362 14.306138427810838 -0.0088569976146717216 0.60355339059327384 0.99930651872399456 9.5016129032258085 1.0000000180025095e-35
decision_type=8 8 8 8 2 2 10 2 2 8 8 2 8 10 2 10 10 8 8 2 2 10 2 2 10 8 2 10 10 2
left_child=2 9 10 4 5 7 -3 8 -4 -2 11 -1 13 -12 16 -16 -15 18 -14 20 22 -22 23 -20 -24 -5 28 29 -13 -28
right_child=1 6 3 25 -6 -7 -8 -9 -10 -11 12 26 17 14 15 -17 -18 -19 19 -21 21 -23 24 -25 -26 -27 27 -29 -30 -31
leaf_value=0 -0.0039136923315812458 -0.00092166165970089932 1.5770024349517155e-06 0.00024331549072167922 5.833095583157133e-08 -1.8446771731326195e-08 -7.1957229607278297e-08 1.570853009942761e-08 -3.6649740127257996e-08 8.3467447280228749e-11 0 0 0 0.00058729247584049559 8.5480873372563338e-08 -0.043638461730881088 -2.5893668761390833e-05 0 -7.2512108183617205e-06 -0.00053722038275647325 -1.7717877322020831e-06 0.00036918585364936101 5.9725175956485591e-06 0.00012952532509017854 -3.2522065908412023e-06 0 -1.0881468809210969e-06 0 -8.9210449895052296e-13 8.0004728166910827e-06
leaf_weight=657861 143 335 143 199 2150 143 1005 430 144 1634 103909 48526 36637 508 4072 309 1408 1143180 530 1803 1106 406 141 200 1801 8046 6095 11877 7866 6083
leaf_count=657861 143 335 143 199 2150 143 1005 430 144 1634 103909 48526 36637 508 4072 309 1408 1143180 530 1803 1106 406 141 200 1801 8046 6095 11877 7866 6083
internal_value=-6.34308e-05 0.0197145 -9.35679e-05 0.0109018 0.037907 0.0151163 -0.0141791 0.0279637 -0.000522648 0.0452729 -0.000154401 -0.000721244 0.000168517 0.00245041 0.0286406 0.039911 0.00287056 -4.35569e-05 -0.00315198 -0.0173292 -0.0236855 -0.00734127 -0.0329341 -0.00917808 -0.0418641 0.00104306 -0.00377267 -0.000656828 -0.00510179 -0.00768599
internal_weight=2.04869e+06 3117 2.04557e+06 11255 3010 860 1340 717 287 1777 2.03432e+06 738308 1.29601e+06 110206 6297 4381 1916 1.1858e+06 42624 5987 4184 1512 2672 730 1942 8245 80447 24055 56392 12178
internal_count=2048690 3117 2045573 11255 3010 860 1340 717 287 1777 2034318 738308 1296010 110206 6297 4381 1916 1185804 42624 5987 4184 1512 2672 730 1942 8245 80447 24055 56392 12178
is_linear=0
shrinkage=0.05


Tree=196
num_leaves=31
num_cat=0
split_feature=16 17 2 2 0 13 10 16 16 10 17 5 10 10 5 16 5 14 17 14 10 5 10 17 10 17 14 10 5 17
split_gain=486.297 349.658 215.902 850.22 106.781 166.084 221.891 227.812 137.296 135.195 139.709 113.608 256.958 149.057 113.859 108.984 106 110.789 119.649 104.986 87.5901 81.8119 90.0269 81.0023 163.085 138.987 86.6217 77.3616 75.8173 129.61
threshold=inf 2.5000000000000004 -1.0000000180025095e-35 -0.60785761079279388 -0.98296291314453399 1.0000000180025095e-35 29.500000000000004 38.464354930647922 44.38433667781495 28.500000000000004 25.500000000000004 40.500000000000007 45.500000000000007 14.500000000000002 1.0000000180025095e-35 480.85425311203329 56.500000000000007 6.7133760280407477 94.500000000000014 1.0000000180025095e-35 83.500000000000014 75.500000000000014 111.50000000000001 106.00000000000001 -1.0000000180025095e-35 92.500000000000014 1.0000000180025095e-35 50.500000000000007 136.50000000000003 318.00000000000006
decision_type=8 10 2 2 2 2 2 10 10 2 10 2 2 2 2 10 2 2 10 2 2 2 2 10 2 10 2 2 2 10
left_child=4 2 3 -2 5 6 8 19 9 10 -1 13 -13 -7 -15 16 27 18 -18 -8 -9 -19 -23 24 -12 26 -26 -14 -20 -30
right_child=1 -3 -4 -5 -6 11 7 20 -10 -11 23 12 15 14 -16 -17 17 21 28 -21 -22 22 -24 -25 25 -27 -28 -29 29 -31
leaf_value=0 7.9294074916217304e-11 -6.8359368126914383e-08 7.9294074916217304e-11 -0.00087557857671585445 0 -0.0017831530834257353 0.0054033117493990359 -0.0026292051710829507 -0.013798688571462931 -0.00015503009745312089 -1.2787108903067839e-05 0.24962706510888186 -0.010168703427585768 0.083229908273381822 -0.1424498917522154 -1.605069046367424 0.056075977801037319 -1.2293950763494443 -0.18079887042579162 -0.035465695891415169 0.006133776810321654 0.57436743802096391 0.16011011502301661 6.5839530018715336e-05 2.7487076685728805e-05 -0.12278578689726882 0.0078484827570490783 -0.79357726893908009 0.1499982041239584 -0.31336235496637088
leaf_weight=61295 666 1121 993 337 1959449 6684 615 602 380 227 464 1079 286 137 4427 328 917 158 2413 94 709 627 907 126 1126 97 628 436 668 694
leaf_count=61295 666 1121 993 337 1959449 6684 615 602 380 227 464 1079 286 137 4427 328 917 158 2413 94 709 627 907 126 1126 97 628 436 668 694
internal_value=-1.98419e-05 0.0197145 0.0322645 0.0159023 -4.99127e-05 -0.00177302 -0.000574869 0.0157426 -0.00108714 -0.000909119 -0.000771934 -0.00579677 -0.00143898 -0.00909495 -0.0160605 -0.00474845 -0.00344779 -0.00139411 -0.00534953 0.0385755 0.00339436 0.00957447 0.013103 0.0109586 0.00883369 0.0154781 0.0187001 -0.0216066 -0.00928477 0.000146843
internal_weight=2.04869e+06 3117 1996 1003 2.04557e+06 86124 66363 2020 64343 63963 63736 19761 8513 11248 4564 7434 7106 6384 4692 709 1311 1692 1534 2441 2315 1851 1754 722 3775 1362
internal_count=2048690 3117 1996 1003 2045573 86124 66363 2020 64343 63963 63736 19761 8513 11248 4564 7434 7106 6384 4692 709 1311 1692 1534 2441 2315 1851 1754 722 3775 1362
is_linear=0
shrinkage=0.05


Tree=197
num_leaves=31
num_cat=0
split_feature=16 15 15 17 2 17 18 18 17 17 16 0 17 17 15 14 0 1 0 1 15 1 0 15 17 1 16 5 18 1
split_gain=486.158 1080.06 542.678 1198.6 260.962 221.676 154.387 136.561 110.287 245.144 1758.82 821.112 285.507 174.188 557.961 227.916 254.467 493.283 222.95 292.944 162.167 160.372 175.21 316.813 214.012 157.185 139.492 126.217 223.183 822.312
threshold=inf 1.0030303030303032 inf 1.5000000000000002 1.0000000180025095e-35 1.5000000000000002 0.99475062000551129 -0.0088569976146717216 12.500000000000002 21.500000000000004 18.419328569054347 -0.5 20.500000000000004 26.500000000000004 20.753635405690204 1.0000000180025095e-35 0.60355339059327384 0.25881904510252057 -0.5 0.60355339059327384 12.916164658634541 0.25881904510252057 -0.37940952255126065 3.3409444732745204 22.500000000000004 -0.98296291314453399 14.306138427810838 2.5000000000000004 0.99930651872399456 -0.9159756150367534
decision_type=8 8 8 8 2 10 8 8 8 8 10 2 10 8 10 2 2 2 2 2 10 2 2 10 10 2 10 2 10 2
left_child=2 6 8 4 -4 -3 -2 -5 27 10 25 20 -13 14 21 16 18 -18 19 -16 -12 -11 23 -23 -25 -10 -20 -1 -29 -30
right_child=1 5 3 7 -6 -7 -8 -9 9 13 11 12 -14 -15 15 -17 17 -19 26 -21 -22 22 -24 24 -26 -27 -28 28 29 -31
leaf_value=0 -0.0037180042970337774 -0.0008317996478800617 5.541440803999276e-08 0.00023114971618559525 1.4923103594456226e-08 -6.4941399720568669e-08 7.5329371170406449e-11 0 6.2759548052949938e-08 0 0.00055792785204847079 8.120682970393517e-08 -0.041456538644337029 0 -9.1752975029282622e-06 -0.00051035936361864956 0.00035072656096689299 -2.7187106822101111e-06 5.6738917158661315e-06 0.00012304905883566962 -2.4598985323321294e-05 0 0 3.1093335264843418e-06 0.093257293596324731 0 -3.0895962612991423e-06 -1.033739536875042e-06 -8.474992740029967e-13 0
leaf_weight=656190 143 335 2151 199 859 1005 1634 8046 4227 21570 508 4072 309 1143180 505 1803 853 659 141 225 1408 1754 10276 888 2149 99682 1801 45258 3847 33013
leaf_count=656190 143 335 2151 199 859 1005 1634 8046 4227 21570 508 4072 309 1143180 505 1803 853 659 141 225 1408 1754 10276 888 2149 99682 1801 45258 3847 33013
internal_value=-1.70109e-05 0.0197145 -4.70773e-05 0.0109018 0.037907 -0.0141791 0.0452729 0.00104306 -0.000107653 0.000170215 0.00242591 0.0280848 0.0400251 -3.94247e-05 -0.00317779 -0.0173292 -0.0237333 -0.00734127 -0.033009 -0.00945205 0.000782881 -0.000865246 0.00309285 0.0109894 0.0207606 0.000870954 -0.0418641 -0.000595415 -0.00244344 0.000444927
internal_weight=2.04869e+06 3117 2.04557e+06 11255 3010 1340 1777 8245 2.03432e+06 1.29601e+06 110206 6297 4381 1.1858e+06 42624 5987 4184 1512 2672 730 1916 36637 15067 4791 3037 103909 1942 738308 82118 36860
internal_count=2048690 3117 2045573 11255 3010 1340 1777 8245 2034318 1296010 110206 6297 4381 1185804 42624 5987 4184 1512 2672 730 1916 36637 15067 4791 3037 103909 1942 738308 82118 36860
is_linear=0
shrinkage=0.05


Tree=198
num_leaves=31
num_cat=0
split_feature=15 17 1 2 9 1 17 0 13 15 9 17 12 9 2 15 17 17 17 9 9 15 17 1 17 5 17 17 17 17
split_gain=390.265 1079 415.287 260.962 122.264 109.281 127.522 105.595 149.71 245.765 228.209 221.572 206.79 204.458 163.033 161.853 127.723 139.249 130.003 136.938 101.759 99.8297 206.584 97.8482 92.148 93.3913 89.6823 88.2251 93.0039 141.236
threshold=617.36184210526324 1.5000000000000002 0.98296291314453421 1.0000000180025095e-35 560.50000000000011 0.98296291314453421 22.500000000000004 -0.98296291314453399 1.0000000180025095e-35 43.380749354005175 29.500000000000004 38.500000000000007 16.916666666666668 61.500000000000007 -0.60785761079279388 27.850199401794619 106.00000000000001 94.500000000000014 27.500000000000004 -1.0000000180025095e-35 83.500000000000014 96.43167701863355 318.00000000000006 -0.9159756150367534 96.500000000000014 3.5000000000000004 92.500000000000014 320.00000000000006 661.50000000000011 520.50000000000011
decision_type=8 8 2 2 2 2 10 2 2 10 2 10 2 2 2 10 10 10 10 2 2 10 10 2 10 2 10 10 10 10
left_child=4 2 3 -2 7 -3 -7 8 10 12 15 -12 -10 14 -11 16 17 18 -1 -20 -13 -15 -23 -6 -14 -26 -22 -24 29 -29
right_child=1 5 -4 -5 23 6 -8 -9 9 13 11 20 24 21 -16 -17 -18 -19 19 -21 26 22 27 -25 25 -27 -28 28 -30 -31
leaf_value=0 5.2643687637993125e-08 0 -0.00018798246268140995 1.4176948414733417e-08 -3.4681593297135209 -0.00079020966548605856 -0.012454393695438616 0 -0.00170021504521513 -0.059445189756501073 0.0050849501662858553 -0.002497744912528803 -0.1226297824526462 -0.11247922482492279 0.25389357057219691 -0.00014727859258046488 6.2547553517779567e-05 -0.013288296472224514 -1.2147753457914447e-05 1.5926391909739111e-05 0.005631759299404686 0.17841106392132955 -1.7891949539639822 -0.15701539374131479 0.11586560605055203 -0.94053903133955841 0.0058270879698055708 -0.15629276640516632 -1.368453805432809 1.6564863227649909
leaf_weight=61109 2151 12588 143 859 228 260 611 1945197 7138 669 598 635 3360 2459 1594 452 180 219 427 1567 170 1850 162 1063 51 844 599 892 448 167
leaf_count=61109 2151 12588 143 859 228 260 611 1945197 7138 669 598 635 3360 2459 1594 452 180 219 427 1567 170 1850 162 1063 51 844 599 892 448 167
internal_value=-8.56645e-06 0.00762401 0.0339518 0.037907 -7.09618e-05 0.00145627 -0.0156716 -6.11832e-05 -0.00178 -0.00561271 -0.000639062 0.015984 -0.0103704 0.000964689 0.0137649 -0.00115943 -0.000947214 -0.00106677 -0.00092864 0.0116349 0.00512821 -0.0038809 0.00152032 -0.0154531 -0.0190952 -0.033352 0.0173602 -0.0112343 -0.00746516 0.000613787
internal_weight=2.04869e+06 16612 3153 3010 2.03208e+06 13459 871 2.03079e+06 85590 19634 65956 2002 11393 8241 2263 63954 63502 63322 63103 1994 1404 5978 3519 1291 4255 895 769 1669 1507 1059
internal_count=2048690 16612 3153 3010 2032078 13459 871 2030787 85590 19634 65956 2002 11393 8241 2263 63954 63502 63322 63103 1994 1404 5978 3519 1291 4255 895 769 1669 1507 1059
is_linear=0
shrinkage=0.05


Tree=199
num_leaves=31
num_cat=0
split_feature=16 15 15 17 0 0 17 0 0 18 18 10 0 18 17 15 16 17 10 5 18 15 1 17 16 1 10 17 17 0
split_gain=485.778 1080.06 541.913 1198.6 250.151 284.693 221.676 155.334 244.67 154.387 136.561 109.542 103.426 172.03 327.088 201.587 105.071 102.492 98.7005 133.926 92.4233 117.721 143.129 453.5 125.481 391.184 264.278 107.654 240.754 346.865
threshold=inf 1.0030303030303032 inf 1.5000000000000002 -0.5 -0.60355339059327362 1.5000000000000002 -0.9159756150367534 -0.98296291314453399 0.99475062000551129 -0.0088569976146717216 -1.0000000180025095e-35 -0.98296291314453399 0.61294511939673246 1.5000000000000002 2.7571662571662574 -1.0000000180025095e-35 27.500000000000004 84.500000000000014 86.500000000000014 0.26275643028220358 81.763768115942042 0.37940952255126048 195.00000000000003 70.227907405544954 0.37940952255126048 47.500000000000007 139.50000000000003 140.50000000000003 0.98296291314453421
decision_type=8 8 8 8 2 2 10 2 2 8 8 2 2 8 10 10 10 10 2 2 8 10 2 10 10 2 2 10 10 2
left_child=2 9 12 4 5 7 -3 8 -4 11 -5 -2 13 14 16 17 -1 -16 19 -17 21 24 -23 -24 27 -26 -27 -14 29 -29
right_child=1 6 3 10 -6 -7 -8 -9 -10 -11 -12 -13 20 -15 15 18 -18 -19 -20 -21 -22 22 23 -25 25 26 -28 28 -30 -31
leaf_value=0 0.0048139974246836741 -0.00075069918221175563 1.4966973106036704e-06 0.00021959223037631547 5.0011503256093465e-08 -1.8979435745219366e-08 -6.1694329734540234e-08 1.3468100993996748e-08 -3.6272255721354573e-08 7.1562902611886118e-11 0 -0.0036001942847777358 0 0 0 -0.0025197967467088934 -1.5457373426961658e-08 1.6936756185357965e-06 -0.8888090376874811 1.256600842768683 0 -0.00014596956506012767 -0.012796002363834484 0.0011431852617618606 0.00059039107876737197 0.00064788936394704266 -0.015538821342223764 -0.0012583887153286386 0.00013683784352240411 4.3697722424323766
leaf_weight=348 56 335 143 199 2150 143 1005 430 144 1634 8046 87 208479 66149 3488 11229 1692 921 1486 277 1715331 4463 1095 1152 11732 2113 414 1301 2504 144
leaf_count=348 56 335 143 199 2150 143 1005 430 144 1634 8046 87 208479 66149 3488 11229 1692 921 1486 277 1715331 4463 1095 1152 11732 2113 414 1301 2504 144
internal_value=-9.29862e-06 0.0197145 -3.93533e-05 0.0109018 0.037907 0.0151163 -0.0141791 0.0279637 -0.000522648 0.0452729 0.00104306 -0.00454545 -9.98861e-05 -0.00180103 -0.00593591 -0.0037153 -0.0248775 0.00552279 -0.00685037 -0.0052842 -2.51703e-05 0.000908324 -0.00561848 -0.0159101 0.00110152 0.00564205 0.0234863 0.000796741 -0.00738162 -0.0236332
internal_weight=2.04869e+06 3117 2.04557e+06 11255 3010 860 1340 717 287 1777 8245 143 2.03432e+06 85590 19441 17401 2040 4409 12992 11506 1.94873e+06 233397 6710 2247 226687 14259 2527 212428 3949 1445
internal_count=2048690 3117 2045573 11255 3010 860 1340 717 287 1777 8245 143 2034318 85590 19441 17401 2040 4409 12992 11506 1948728 233397 6710 2247 226687 14259 2527 212428 3949 1445
is_linear=0
shrinkage=0.05


Tree=200
num_leaves=31
num_cat=0
split_feature=16 15 15 18 8 2 9 18 18 10 18 15 1 15 13 16 1 10 13 16 14 7 14 7 15 2 15 18 14 1
split_gain=484.54 1080.06 539.422 722.549 509.068 271.923 197.403 154.387 133.011 109.542 85.864 98.5343 125.174 352.857 133.225 84.3885 371.92 241.754 113.292 90.796 285.405 89.6027 189.451 136.864 85.6318 83.8568 80.6667 116.887 79.8933 73.5662
threshold=inf 1.0030303030303032 inf 0.99649736228683605 1.5000000000000002 1.0000000180025095e-35 2.5000000000000004 0.99475062000551129 -0.0088569976146717216 -1.0000000180025095e-35 0.25044169611307426 81.763768115942042 0.37940952255126048 174.74316334072435 1.0000000180025095e-35 73.44835993263294 0.37940952255126048 47.500000000000007 8.7685485557772349 94.64108455882355 1.0000000180025095e-35 21.500000000000004 1.0000000180025095e-35 42.500000000000007 35.121519816573873 -1.0000000180025095e-35 248.97200598802399 -1.0000000180025095e-35 40.349341186989584 0.91597561503675351
decision_type=8 8 8 10 2 2 2 8 8 2 8 10 2 10 2 10 2 2 2 10 2 2 2 2 10 2 10 10 2 2
left_child=2 7 10 8 5 -5 -3 9 -4 -2 11 15 -13 14 -14 18 -17 19 21 24 -21 28 25 -24 -18 -23 -15 -28 -1 -7
right_child=1 6 3 4 -6 29 -8 -9 -10 -11 -12 12 13 26 -16 16 17 -19 -20 20 -22 22 23 -25 -26 -27 27 -29 -30 -31
leaf_value=0 0.0045732975534494907 -0.00071316422310116782 0.0002086126188574997 4.7510928093288792e-08 6.5559301832734079e-06 1.279469594429691e-08 -5.8609613247813219e-08 6.7984757481291815e-11 0 -0.0034201845705388494 0 -0.00016263505754393474 -0.010852944502577826 0.0023759575240897782 -0.35478182324643143 0.00042334411268358417 4.3982498110666382e-05 -0.015689595442915753 0.0078760230331405123 -0.062711211131868408 1.2588052015517941 -0.011124513296623435 -0.094876535489571159 -0.19493601266189323 0.67516638913803284 0.0089936577017846221 -0.077189534561502321 2.2430251860066717 0.020229057503173629 9.3323203401290226e-08
leaf_weight=218531 56 423 206 2067 1507 700 917 1634 6634 87 1791956 4637 1024 400 523 11210 989 383 1091 188 528 46 1482 365 220 349 122 118 156 141
leaf_count=218531 56 423 206 2067 1507 700 917 1634 6634 87 1791956 4637 1024 400 523 11210 989 383 1091 188 528 46 1482 365 220 349 122 118 156 141
internal_value=1.58394e-05 0.0197145 -1.4177e-05 0.0109018 0.0266704 0.0388927 -0.0141791 0.0452729 0.000723684 -0.00454545 -7.45704e-05 0.000808708 -0.0051143 -0.0149749 -0.0278927 0.000980309 0.0048158 0.0230936 0.00074678 0.0303117 0.0162011 0.000667409 -0.00927743 -0.0159989 0.0386683 0.0221519 0.01625 -0.00666667 0.000769364 0.0149227
internal_weight=2.04869e+06 3117 2.04557e+06 11255 4415 2908 1340 1777 6840 143 2.03432e+06 242362 6824 2187 1547 235538 13518 2308 222020 1925 716 220929 2242 1847 1209 395 640 240 218687 841
internal_count=2048690 3117 2045573 11255 4415 2908 1340 1777 6840 143 2034318 242362 6824 2187 1547 235538 13518 2308 222020 1925 716 220929 2242 1847 1209 395 640 240 218687 841
is_linear=0
shrinkage=0.05


Tree=201
num_leaves=31
num_cat=0
split_feature=16 15 15 18 8 2 9 18 18 10 18 15 1 15 13 0 18 15 15 18 16 1 10 13 16 14 15 0 7 14
split_gain=484.567 1080.06 538.597 721.288 510.956 271.923 197.403 154.387 133.011 109.542 85.1588 94.0609 119.305 341.157 128.205 89.7523 127.208 97.7986 82.5104 114.066 82.4758 365.241 225.24 102.267 99.3508 273.477 87.9038 87.177 80.7251 181.842
threshold=inf 1.0030303030303032 inf 0.99649736228683605 1.5000000000000002 1.0000000180025095e-35 2.5000000000000004 0.99475062000551129 -0.0088569976146717216 -1.0000000180025095e-35 0.25044169611307426 81.763768115942042 0.37940952255126048 174.74316334072435 1.0000000180025095e-35 0.98296291314453421 -0.0044176316045538575 161.24342105263159 248.97200598802399 -1.0000000180025095e-35 73.44835993263294 0.37940952255126048 47.500000000000007 9.5510165801608071 94.64108455882355 1.0000000180025095e-35 35.121519816573873 -0.98296291314453399 21.500000000000004 1.0000000180025095e-35
decision_type=8 8 8 10 2 2 2 8 8 2 8 10 2 10 2 2 10 10 10 10 10 2 2 2 10 2 10 2 2 2
left_child=2 7 10 8 5 -5 -3 9 -4 -2 11 20 15 14 -14 16 17 -13 -15 -20 23 27 24 28 26 -26 -23 -22 -1 -30
right_child=1 6 3 4 -6 -7 -8 -9 -10 -11 -12 12 13 18 -16 -17 -18 -19 19 -21 21 22 -24 -25 25 -27 -28 -29 29 -31
leaf_value=0 0.0043446326757770161 -0.00067750601194610949 0.00019818198791462475 4.5135381688624352e-08 6.228133674109737e-06 1.2154961147082064e-08 -5.5679132585422554e-08 6.4585519607227224e-11 0 -0.0032491753420119071 0 0.0020846620736993077 -0.010310297277448935 0.0022571596478852896 -0.3370427320841099 -0.19020145943175593 -0.0057106119963922569 -0.010205488879527628 -0.073330057833427206 2.1308739267063381 -0.086724342226928791 4.1783373205133067e-05 -0.014905115670769964 0.010020080469168274 -0.059575650575274988 1.1958649414742044 0.64140806968113118 0.00075521336805812155 0.0062845411612491575 -0.11628597117516976
leaf_weight=218815 56 423 206 2067 1507 841 917 1634 6634 87 1791956 593 1024 400 523 210 3726 108 122 118 777 989 383 927 188 528 220 10433 395 1883
leaf_count=218815 56 423 206 2067 1507 841 917 1634 6634 87 1791956 593 1024 400 523 210 3726 108 122 118 777 989 383 927 188 528 220 10433 395 1883
internal_value=1.53025e-05 0.0197145 -1.47147e-05 0.0108929 0.0266478 0.0388927 -0.0141791 0.0452729 0.000723684 -0.00454545 -7.5062e-05 0.000804582 -0.00498242 -0.0146091 -0.0273109 -0.000442096 0.00107296 0.0206134 0.0160938 -0.00708333 0.000972242 0.00476402 0.0228769 0.000741375 0.0298442 0.0150838 0.0385856 0.00103479 0.000671889 -0.00869183
internal_weight=2.04869e+06 3117 2.04557e+06 11255 4415 2908 1340 1777 6840 143 2.03432e+06 242362 6824 2187 1547 4637 4427 701 640 240 235538 13518 2308 222020 1925 716 1209 11210 221093 2278
internal_count=2048690 3117 2045573 11255 4415 2908 1340 1777 6840 143 2034318 242362 6824 2187 1547 4637 4427 701 640 240 235538 13518 2308 222020 1925 716 1209 11210 221093 2278
is_linear=0
shrinkage=0.05


Tree=202
num_leaves=31
num_cat=0
split_feature=16 15 15 17 0 0 17 0 0 18 18 12 18 17 15 17 0 18 0 12 12 12 14 0 15 15 17 16 0 17
split_gain=484.356 1080.06 536.42 1200.97 250.151 284.693 221.676 155.334 244.67 154.387 136.804 109.542 91.61 79.317 454.098 257.162 276.6 228.402 183.629 208.092 128.83 142.162 120.554 265.92 216.906 166.192 120.102 2015.35 982.61 166.848
threshold=inf 1.0030303030303032 inf 1.5000000000000002 -0.5 -0.60355339059327362 1.5000000000000002 -0.9159756150367534 -0.98296291314453399 0.99475062000551129 -0.0088569976146717216 -0.41666666666666657 0.25044169611307426 12.500000000000002 0.82160537482319673 13.500000000000002 -0.60355339059327362 0.99930651872399456 0.78656609248549325 9.9166666666666696 0.41666666666666669 0.75000000000000011 1.0000000180025095e-35 0.12940952255126045 6.9196774193548398 10.862227143309083 20.500000000000004 18.419328569054347 -0.5 26.500000000000004
decision_type=8 8 8 8 2 2 10 2 2 8 8 2 8 8 10 8 2 10 2 2 2 2 2 2 10 10 8 10 2 8
left_child=2 9 12 4 5 7 -3 8 -4 11 -5 -2 -1 14 -14 16 -15 22 19 -18 -19 -22 23 -16 -24 -25 27 -17 -29 -28
right_child=1 6 3 10 -6 -7 -8 -9 -10 -11 -12 -13 13 15 17 26 18 20 -20 -21 21 -23 24 25 -26 -27 29 28 -30 -31
leaf_value=0 0.0041274010419881648 -0.00064363071134880393 1.4206149622189176e-06 0.00018827288851889351 4.2878612604193133e-08 -1.9277946812527348e-08 -5.2895175956151422e-08 1.1547213089727961e-08 -3.5706125789855794e-08 6.1356243626865855e-11 0 -0.0030867165749113119 0 -0.0023340444920168378 0 0 3.6502018270612471e-05 -3.3972808499901501e-05 -8.8007843847709764e-07 0.0002266348268877477 3.3991076183713685e-08 0 -0.00074034198157117996 -9.7922569680646951e-07 0.0012520608789658222 -1.0363174165612641e-06 -2.9351164482341851e-06 -2.1452713160895431e-05 7.7146488218738415e-08 0
leaf_weight=242362 56 335 143 199 2150 143 1005 430 144 1634 8046 87 23867 2151 8676 57961 1828 932 953 1379 1831 557771 22648 9444 6742 601 34710 1834 4051 1054577
leaf_count=242362 56 335 143 199 2150 143 1005 430 144 1634 8046 87 23867 2151 8676 57961 1828 932 953 1379 1831 557771 22648 9444 6742 601 34710 1834 4051 1054577
internal_value=1.95979e-05 0.0197145 -1.04127e-05 0.0108752 0.037907 0.0151163 -0.0141791 0.0279637 -0.000522648 0.0452729 0.00100667 -0.00454545 -7.06379e-05 -0.000194034 -0.000644415 5.16627e-05 0.0101173 -0.000379121 0.0176442 0.0233708 -9.53555e-05 -6.44208e-05 -0.00368523 -0.00682122 -0.00168765 -0.0123594 -3.42545e-06 0.00210428 0.029983 -0.000126964
internal_weight=2.04869e+06 3117 2.04557e+06 11255 3010 860 1340 717 287 1777 8245 143 2.03432e+06 1.79196e+06 632512 1.15944e+06 6311 608645 4160 3207 560534 559602 48111 18721 29390 10045 1.15313e+06 63846 5885 1.08929e+06
internal_count=2048690 3117 2045573 11255 3010 860 1340 717 287 1777 8245 143 2034318 1791956 632512 1159444 6311 608645 4160 3207 560534 559602 48111 18721 29390 10045 1153133 63846 5885 1089287
is_linear=0
shrinkage=0.05


Tree=203
num_leaves=31
num_cat=0
split_feature=16 17 2 2 18 13 1 18 14 13 1 17 9 1 1 2 14 1 7 11 17 14 18 5 9 17 18 17 17 17
split_gain=483.417 349.658 215.902 850.22 83.0497 57.6615 206.597 429.395 377.302 201.795 179.076 164.484 153.301 145.068 188.366 167.157 345.714 142.043 135.244 121.443 109.057 96.0104 95.6931 124.993 102.98 227.597 97.347 93.3728 149.539 148.614
threshold=inf 2.5000000000000004 -1.0000000180025095e-35 -0.60785761079279388 0.25044169611307426 0.64395055085937891 0.25881904510252057 0.78583959899749389 11.626717178328073 2.2586347517122234 0.91597561503675351 29.500000000000004 149.50000000000003 -0.5 -0.3794095225512602 -0.60785761079279388 11.294664406984948 0.37940952255126048 1.0000000180025095e-35 674.16666666666674 36.500000000000007 9.7588990467539354 0.89486842105263176 469.50000000000006 212.50000000000003 223.50000000000003 0.92687617260788013 205.50000000000003 243.50000000000003 190.50000000000003
decision_type=8 10 2 2 8 2 2 10 2 2 2 10 2 2 2 2 2 2 2 2 10 2 10 2 2 10 10 10 10 10
left_child=4 2 3 -2 -1 -6 13 8 10 20 -8 -12 -11 15 18 16 -7 -10 -15 21 -9 27 24 -24 25 -20 -25 29 -29 -16
right_child=1 -3 -4 -5 5 6 7 9 17 12 11 -13 -14 14 19 -17 -18 -19 22 -21 -22 -23 23 26 -26 -27 -28 28 -30 -31
leaf_value=0 5.8288431445522559e-11 -5.025041715834385e-08 5.8288431445522559e-11 -0.00061144917578136377 0 -0.016421885917792395 0.040844014555409709 -0.0021918563276769071 -0.60499860569683483 -0.089528169764889962 -0.026779158265641131 0.01823399621635597 -0.033887599765096608 0.013844733338236367 -0.019953562066253806 0.0035406141473141002 -0.8386322309267854 0.48404437592676008 -0.10957983408130741 0.75921218347176689 0.0072701759312195913 0.07586454001877721 -0.072933549799847661 -1.435364098843535 -1.0270818289610728 4.2232995456099376 0.31751916868295632 -1.0830813484476818 -0.13962399405269382 0.28053375483271648
leaf_weight=243213 666 1121 993 337 1615449 20966 16208 3302 137 3595 1765 2392 4737 184 30635 57988 2311 4243 5885 142 15313 4481 3008 68 968 221 444 638 6166 1114
leaf_count=243213 666 1121 993 337 1615449 20966 16208 3302 137 3595 1765 2392 4737 184 30635 57988 2311 4243 5885 142 15313 4481 3008 68 968 221 444 638 6166 1114
internal_value=3.86833e-05 0.0197145 0.0322645 0.0159023 8.70172e-06 -0.00010833 -0.000939752 0.00174882 0.00650434 -0.0026181 0.00364105 -0.00561703 -0.00908545 -0.00196755 -0.00397746 -0.000633114 -0.00421231 0.0198174 -0.00989052 -0.00250139 0.000276659 -0.00265372 -0.0106287 -0.00389205 -0.0139808 -0.0115788 0.0189453 -0.00345887 -0.00877425 -0.00231976
internal_weight=2.04869e+06 3117 1996 1003 2.04557e+06 1.80236e+06 186911 51692 24745 26947 20365 4157 8332 135219 53954 81265 23277 4380 10778 43176 18615 43034 10594 3520 7074 6106 512 38553 6804 31749
internal_count=2048690 3117 1996 1003 2045573 1802360 186911 51692 24745 26947 20365 4157 8332 135219 53954 81265 23277 4380 10778 43176 18615 43034 10594 3520 7074 6106 512 38553 6804 31749
is_linear=0
shrinkage=0.05


Tree=204
num_leaves=31
num_cat=0
split_feature=15 17 1 2 18 9 1 5 1 18 0 0 0 0 1 14 5 17 18 18 15 5 5 17 15 15 5 15 18 17
split_gain=382.631 1080.48 415.287 260.962 131.393 112.308 102.954 135.563 96.6662 78.2236 72.8986 235.503 121.126 244.67 70.666 144.352 216.711 475.103 329.193 179.766 192.466 153.976 430.359 108.707 118.64 103.861 139.834 151.797 100.257 125.509
threshold=617.36184210526324 1.5000000000000002 0.98296291314453421 1.0000000180025095e-35 -0.0088569976146717216 560.50000000000011 0.98296291314453421 22.500000000000004 -0.9159756150367534 0.25044169611307426 -0.37940952255126065 -0.60355339059327362 -0.9159756150367534 -0.98296291314453399 0.98296291314453421 1.0000000180025095e-35 9.5000000000000018 95.500000000000014 0.96125395785566126 0.99930651872399456 131.95180023228806 27.500000000000004 20.500000000000004 3.5000000000000004 17.692896509491735 16.206389452332662 12.500000000000002 9.5016129032258085 0.83349834983498361 8.5000000000000018
decision_type=8 8 2 2 8 2 2 2 2 8 2 2 2 2 2 2 2 10 10 8 10 2 2 10 10 10 2 10 8 10
left_child=5 2 3 -2 -3 9 -6 -8 -7 -1 11 12 13 -5 -11 16 28 18 -18 20 23 22 25 -17 -25 26 27 -20 29 -16
right_child=1 4 -4 10 6 8 7 -9 -10 14 -12 -13 -14 -15 15 19 17 -19 21 -21 -22 -23 -24 24 -26 -27 -28 -29 -30 -31
leaf_value=0 4.0734681973983474e-08 0.00017885924409294883 -8.7608743278794015e-06 1.3495842141079718e-06 0 -3.2761876538681962 -0.00058087671699229553 -0.010137294022411859 -0.14860599398253421 0 8.5905364543661954e-08 -1.8314049471900981e-08 1.0969852435241563e-08 -3.3920819500363003e-08 -9.7934529722575543e-07 0.00053117669148465454 2.5704408093933864e-06 -5.0211772712232147e-07 0 -0.0020560112661422735 0.02970731092642729 1.6299668139814076e-06 -3.2131854269480347e-06 -0.0071129576426629121 -0.0017059361012426817 4.3381468512321856e-08 0 4.4605224947526153e-14 0 -9.6858839156885532e-07
leaf_weight=242556 2151 208 143 143 12389 228 263 599 1063 1711375 143 143 286 144 247 151 1976 1990 168 1597 3247 1864 299 2928 6671 569 616 444 53272 817
leaf_count=242556 2151 208 143 143 12389 228 263 599 1063 1711375 143 143 286 144 247 151 1976 1990 168 1597 3247 1864 299 2928 6671 569 616 444 53272 817
internal_value=4.83968e-05 0.00760595 0.0339518 0.037907 0.00143398 -1.33853e-05 0.000815033 -0.0158933 -0.014756 -4.01322e-06 0.01461 0.00810056 0.0224258 -0.000522648 -0.000118301 0.00136489 0.00241399 0.0101375 0.0172254 -0.00311087 -0.00116565 0.0255429 0.0162452 -0.00467692 -0.0053391 0.0254869 0.0173046 0.034232 0.00128736 -0.0139098
internal_weight=2.04869e+06 16612 3153 3010 13459 2.03208e+06 13251 862 1291 2.03079e+06 859 716 573 287 1.78823e+06 76856 62262 7926 5936 14594 12997 3960 2096 9750 9599 1797 1228 612 54336 1064
internal_count=2048690 16612 3153 3010 13459 2032078 13251 862 1291 2030787 859 716 573 287 1788231 76856 62262 7926 5936 14594 12997 3960 2096 9750 9599 1797 1228 612 54336 1064
is_linear=0
shrinkage=0.05


Tree=205
num_leaves=31
num_cat=0
split_feature=16 15 15 17 2 17 18 18 10 18 0 0 0 0 15 1 17 16 1 10 16 12 13 0 17 0 16 17 17 0
split_gain=492.712 1078.06 531.53 1203.34 260.962 224.502 155.435 127.151 109.542 86.9809 72.8986 235.503 121.126 244.67 68.271 141.255 344.951 91.1687 379.745 190.796 115.109 295.868 89.3814 82.1093 81.1864 228.725 804.312 420.451 195.554 162.715
threshold=inf 1.0030303030303032 inf 1.5000000000000002 1.0000000180025095e-35 1.5000000000000002 0.99475062000551129 -0.0088569976146717216 -1.0000000180025095e-35 0.25044169611307426 -0.37940952255126065 -0.60355339059327362 -0.9159756150367534 -0.98296291314453399 81.763768115942042 0.37940952255126048 195.00000000000003 73.44835993263294 0.37940952255126048 15.500000000000002 94.64108455882355 1.0000000180025095e-35 9.5510165801608071 -0.25881904510252113 92.500000000000014 -0.25881904510252113 16.893650793650796 171.50000000000003 106.00000000000001 0.98296291314453421
decision_type=8 8 8 8 2 10 8 8 2 8 2 2 2 2 10 2 10 10 2 2 10 2 2 2 10 2 10 10 10 2
left_child=2 6 9 4 -4 -3 8 -5 -2 14 11 12 13 -6 17 -16 -17 22 -19 20 -20 -22 24 -24 -1 26 -26 28 -27 -30
right_child=1 5 3 7 10 -7 -8 -9 -10 -11 -12 -13 -14 -15 15 16 -18 18 19 -21 21 -23 23 -25 25 27 -28 -29 29 -31
leaf_value=0 0.0039210335024096148 -0.00055183288114268078 3.8697947875284302e-08 0.00016991628188830137 1.2821050034025732e-06 -2.2632009944310578e-08 5.5374009873246436e-11 0 -0.0029323782336448884 0 8.1610096316478857e-08 -1.739834699830593e-08 1.0421359813479484e-08 -3.222477852534485e-08 0.00024033055889671742 -0.01109804015664142 0.00063481336957682685 0.00039334831971275753 3.9694204544876415e-05 0.0017138622692552522 -0.056596868046511241 1.5208037105323609 0.0012760441368845441 0.032135200431943858 7.1185919178969067e-05 -2.8810166264682283e-05 -0.0026493190074592678 0.00022805397789717747 -7.4268381191671794e-06 4.0514558579888584
leaf_weight=206519 56 335 2151 199 143 1005 1634 8046 87 1791956 143 143 286 144 4637 1084 1103 11210 1068 745 160 335 480 447 1298 1759 6088 2028 3096 305
leaf_count=206519 56 335 2151 199 143 1005 1634 8046 87 1791956 143 143 286 144 4637 1084 1103 11210 1068 745 160 335 480 447 1298 1759 6088 2028 3096 305
internal_value=4.29299e-05 0.019907 1.26615e-05 0.0108485 0.037907 -0.0139552 0.0454418 0.000970285 -0.00454545 -4.72886e-05 0.01461 0.00810056 0.0224258 -0.000522648 0.000841716 -0.00408851 -0.0145633 0.000984555 0.00497115 0.0234402 0.0333653 0.0134343 0.000741825 0.0162352 0.000676864 -0.00292988 0.00324939 -0.00927935 -0.0168605 -0.0238606
internal_weight=2.04869e+06 3117 2.04557e+06 11255 3010 1340 1777 8245 143 2.03432e+06 859 716 573 287 242362 6824 2187 235538 13518 2308 1563 495 222020 927 221093 14574 7386 7188 5160 3401
internal_count=2048690 3117 2045573 11255 3010 1340 1777 8245 143 2034318 859 716 573 287 242362 6824 2187 235538 13518 2308 1563 495 222020 927 221093 14574 7386 7188 5160 3401
is_linear=0
shrinkage=0.05


Tree=206
num_leaves=31
num_cat=0
split_feature=16 15 15 17 2 17 18 17 18 10 18 0 0 0 0 0 17 17 17 16 17 9 17 15 17 17 3 16 9 10
split_gain=738.404 734.396 530.735 1204.13 260.962 188.84 155.435 127.57 124.013 109.542 85.9174 72.8986 235.503 121.126 244.67 58.9982 133.496 294.749 130.778 166.304 219.055 115.244 206.949 115.018 109.318 99.6536 121.616 101.335 98.6277 97.0723
threshold=inf 1.0030303030303032 inf 1.5000000000000002 1.0000000180025095e-35 760.50000000000011 0.99475062000551129 2.5000000000000004 -0.0088569976146717216 -1.0000000180025095e-35 0.25044169611307426 -0.37940952255126065 -0.60355339059327362 -0.9159756150367534 -0.98296291314453399 -0.78656609248549292 79.500000000000014 74.500000000000014 94.500000000000014 63.718893465482481 82.500000000000014 14.500000000000002 16.500000000000004 0.82160537482319673 61.500000000000007 394.00000000000006 1.0000000180025095e-35 424.20984462430062 389.50000000000006 36.500000000000007
decision_type=8 8 8 8 2 8 8 10 8 2 8 2 2 2 2 2 8 10 8 10 10 2 10 10 10 10 2 10 2 2
left_child=2 6 10 4 -4 7 9 -3 -5 -2 -1 12 13 14 -6 16 17 21 19 20 -18 23 -23 -12 29 -20 27 -27 -28 -24
right_child=1 5 3 8 11 -7 -8 -9 -10 -11 15 -13 -14 -15 -16 -17 18 -19 25 -21 -22 22 24 -25 -26 26 28 -29 -30 -31
leaf_value=0 0.0037249818272891339 1.9268813445648611e-05 3.6763050481520091e-08 0.00016142046779388632 1.2179997532324448e-06 -0.00052424123708554678 5.2605309379584116e-11 -2.150040944709505e-08 0 -0.0027857593219626441 0 7.7529591500654909e-08 -1.6528429648390637e-08 9.9002918228055098e-09 -3.0613539599077605e-08 0 0.13948348961154924 -0.0028780055743441203 0 0.043640271150994212 -0.0011480661134022935 -1.7782730037537541e-06 -2.5627060771551681e-05 0 0.023680080696513152 0.30587685149815375 0.68700152913834411 -0.23270026907892763 -0.0052621181023944537 -0.036991810945629637
leaf_weight=242362 56 145 2151 199 143 192 1634 1003 8046 87 8273 143 143 286 144 1426555 823 1677 172717 4208 2729 1629 25049 137373 3179 1172 1712 1651 761 2448
leaf_count=242362 56 145 2151 199 143 192 1634 1003 8046 87 8273 143 143 286 144 1426555 823 1677 172717 4208 2729 1629 25049 137373 3179 1172 1712 1651 761 2448
internal_value=4.89337e-05 0.0243664 1.18793e-05 0.0108396 0.037907 -0.00358209 0.0454418 0.00409408 0.000958156 -0.00454545 -4.80259e-05 0.01461 0.00810056 0.0224258 -0.000522648 -0.000167526 -0.000734399 -0.0017063 0.000205358 0.00655928 -0.00140766 -0.00150969 -0.00421142 -0.000910427 -0.00328922 -7.1624e-05 0.00668429 -0.000407368 0.0147796 -0.00430411
internal_weight=2.04869e+06 3117 2.04557e+06 11255 3010 1340 1777 1148 8245 143 2.03432e+06 859 716 573 287 1.79196e+06 365401 179628 185773 7760 3552 177951 32305 145646 30676 178013 5296 2823 2473 27497
internal_count=2048690 3117 2045573 11255 3010 1340 1777 1148 8245 143 2034318 859 716 573 287 1791956 365401 179628 185773 7760 3552 177951 32305 145646 30676 178013 5296 2823 2473 27497
is_linear=0
shrinkage=0.05


Tree=207
num_leaves=31
num_cat=0
split_feature=15 17 2 18 10 1 1 5 18 1 1 1 1 10 15 13 11 5 1 1 17 1 11 12 1 15 15 1 15 14
split_gain=470.227 1394.99 266.392 119.031 103.612 102.81 101.622 136.616 78.7174 72.8986 235.503 121.126 244.67 60.8936 350.07 219.491 216.873 296.996 250.579 245.178 194.7 172.59 162.473 150.244 923.053 195.918 110.756 106.266 101.782 86.5213
threshold=617.36184210526324 1.5000000000000002 1.0000000180025095e-35 -0.0088569976146717216 561.00000000000011 -0.9159756150367534 0.98296291314453421 22.500000000000004 0.25044169611307426 0.91597561503675351 0.78656609248549303 0.37940952255126048 0.1294095225512602 -1.0000000180025095e-35 0.87812695434646659 1.0000000180025095e-35 -0.83333333333333315 -1.0000000180025095e-35 0.37940952255126048 -0.70710678118654757 10.500000000000002 0.37940952255126048 0.83333333333333337 0.91666666666666685 0.25881904510252057 0.82160537482319673 87.584965437788028 0.78656609248549303 -0.99693251533742322 0.48570226039551595
decision_type=8 8 2 8 2 2 2 2 8 2 2 2 2 2 10 2 2 2 2 2 10 2 2 2 2 10 10 2 10 2
left_child=4 2 -2 -3 8 -6 -5 -8 -1 10 11 12 -4 15 16 29 19 18 -18 -15 21 -17 28 24 25 -24 -22 -21 -19 -10
right_child=1 3 9 6 5 -7 7 -9 13 -11 -12 -13 -14 14 -16 20 17 22 -20 27 26 -23 23 -25 -26 -27 -28 -29 -30 -31
leaf_value=0 3.4924897957444083e-08 0.00015334944440419199 1.1570997655708225e-06 0 -3.1115414456115618 -0.14117569428340754 -0.00049802917523126937 -0.0096304293212912569 0 7.365311192562217e-08 -1.5702008165971106e-08 9.4052772316652344e-09 -2.908286261912373e-08 3.5375640968546476e-07 0 0.012118821925223289 0.0089559980665449238 -0.047625000000000001 -0.0034758002673080726 -6.7560203244920463e-06 0.010713495432248709 -0.0021361069530918147 -8.2559889683325775e-09 0 4.3556609811630086e-07 3.3649825767917721e-08 -0.74775198885938921 3.5364278928714289e-07 0 6.3852347767802353e-06
leaf_weight=242556 2294 208 143 12389 251 1067 263 599 650319 143 143 286 144 99 1064630 771 432 216 81 617 1013 95 1478 26902 813 237 128 40 38502 1831
leaf_count=242556 2294 208 143 12389 251 1067 263 599 650319 143 143 286 144 99 1064630 771 432 216 81 617 1013 95 1478 26902 813 237 128 40 38502 1831
internal_value=4.65419e-05 0.00842463 0.0383603 0.00141169 -2.1948e-05 -0.0140364 0.000822579 -0.0157773 -1.28523e-05 0.01461 0.00810056 0.0224258 -0.000522648 -0.000127502 -0.000349104 0.000256666 -0.00378942 -0.00349616 0.0344055 -0.0304233 0.0167663 0.034642 -0.00378148 -0.00658172 -0.0182358 -0.0390379 0.00319895 -0.0414764 -0.00165298 0.000205858
internal_weight=2.04869e+06 16612 3153 13459 2.03208e+06 1318 13251 862 2.03076e+06 859 716 573 287 1.7882e+06 1.13405e+06 654157 69417 68661 513 756 2007 866 68148 29430 2528 1715 1141 657 38718 652150
internal_count=2048690 16612 3153 13459 2032078 1318 13251 862 2030760 859 716 573 287 1788204 1134047 654157 69417 68661 513 756 2007 866 68148 29430 2528 1715 1141 657 38718 652150
is_linear=0
shrinkage=0.05


Tree=208
num_leaves=31
num_cat=0
split_feature=16 15 15 18 8 2 18 18 10 18 18 0 0 0 0 11 9 0 15 9 18 10 11 11 15 1 16 16 0 1
split_gain=738.601 734.396 527.575 725.281 514.744 271.923 188.84 155.435 109.542 108.893 86.516 74.2614 239.528 130.645 263.282 69.3953 71.5139 62.5393 95.9713 167.758 89.1618 80.7098 392.434 249.034 157.37 171.352 209.109 174.038 130.327 82.9862
threshold=inf 1.0030303030303032 inf 0.99649736228683605 1.5000000000000002 1.0000000180025095e-35 inf 0.99475062000551129 -1.0000000180025095e-35 -0.0088569976146717216 0.25044169611307426 -0.37940952255126065 -0.60355339059327362 -0.9159756150367534 -0.98296291314453399 1.1666666666666667 1.0000000180025095e-35 -0.78656609248549292 248.97200598802399 264.50000000000006 0.42780891005884009 -1.0000000180025095e-35 -0.83333333333333315 -1.0000000180025095e-35 -0.23024948024948025 -0.12940952255126037 -0.51057124977650614 -0.3567892503536067 -0.98296291314453399 0.37940952255126048
decision_type=8 8 8 10 2 2 8 8 2 8 8 2 2 2 2 2 2 2 10 2 10 2 2 2 10 2 10 10 2 2
left_child=2 7 10 9 5 -5 15 8 -2 -4 -1 12 13 14 -7 16 -3 18 21 -20 -21 -12 -23 29 25 -25 28 -28 -27 -24
right_child=1 6 3 4 -6 11 -8 -9 -10 -11 17 -13 -14 -15 -16 -17 -18 -19 19 20 -22 22 23 24 -26 26 27 -29 -30 -31
leaf_value=0 0.0035387327359246777 -0.010964047107072201 0.0001456819721839824 3.3178653059571874e-08 5.9167269904042493e-06 1.0992447772922811e-06 -0.00047312771646970588 4.9975043910604911e-11 -0.002646471355864512 0 0 6.9970456329341058e-08 -1.491690775767255e-08 8.9350133700819737e-09 -2.7628719488167542e-08 -2.0425388974740297e-08 1.8303626528468308e-05 0 0.36702575868142218 -1.5634151969681547 0.038712714303170963 -6.4182193082674438e-06 0.008508198163217677 0 0 0.00225625 -0.042868750000000004 0 0 -0.0033020102539426696
leaf_weight=242362 56 57 206 2067 1507 140 192 1634 87 6634 135147 142 141 279 139 932 159 1426555 1504 252 4439 475 313 1934 219588 175 811 442 298 23
leaf_count=242362 56 57 206 2067 1507 140 192 1634 87 6634 135147 142 141 279 139 932 159 1426555 1504 252 4439 475 313 1934 219588 175 811 442 298 23
internal_value=4.56877e-05 0.0243664 8.62839e-06 0.0108041 0.0266025 0.0388927 -0.00358209 0.0454418 -0.00454545 0.000606725 -5.10982e-05 0.0149227 0.00822604 0.0229391 -0.00125448 0.00409408 0.0296296 -0.000171014 -0.00075465 0.00541566 0.000756768 -0.000861066 -0.00144315 -0.0013467 -0.00141143 -0.011694 -0.023146 -0.0338388 0.0051797 0.0416667
internal_weight=2.04869e+06 3117 2.04557e+06 11255 4415 2908 1340 1777 143 6840 2.03432e+06 841 699 558 279 1148 216 1.79196e+06 365401 6195 4691 359206 224059 223584 223248 3660 1726 1253 473 336
internal_count=2048690 3117 2045573 11255 4415 2908 1340 1777 143 6840 2034318 841 699 558 279 1148 216 1791956 365401 6195 4691 359206 224059 223584 223248 3660 1726 1253 473 336
is_linear=0
shrinkage=0.05


Tree=209
num_leaves=31
num_cat=0
split_feature=16 15 15 17 2 17 18 17 18 10 18 15 17 16 15 16 17 13 17 15 16 18 6 8 5 16 5 10 10 10
split_gain=740.634 732.162 527.713 1207.29 260.962 189.455 155.435 131.101 111.849 109.542 86.7944 58.7191 101.007 90.5736 127.229 258.597 90.0535 96.3107 68.0009 75.9796 64.8128 77.0533 64.5178 61.5016 83.5782 83.4307 101.767 62.9865 61.01 59.4257
threshold=inf 1.0030303030303032 inf 1.5000000000000002 1.0000000180025095e-35 1.0000000180025095e-35 0.99475062000551129 2.5000000000000004 -0.0088569976146717216 -1.0000000180025095e-35 0.25044169611307426 81.763768115942042 214.50000000000003 73.44835993263294 0.17992805755395685 94.64108455882355 92.500000000000014 9.8601184834208215 308.00000000000006 33.828797976058254 13.246140350877194 0.15685731431473021 -1.0000000180025095e-35 23.500000000000004 18.500000000000004 139.76214412911665 7.5000000000000009 98.500000000000014 98.500000000000014 2.5000000000000004
decision_type=8 8 8 8 2 10 8 10 8 2 8 10 10 10 10 8 10 2 10 10 10 10 2 2 2 10 2 2 2 2
left_child=2 6 10 4 -4 -3 9 -7 -5 -2 11 13 -13 16 15 29 17 20 23 -20 -1 -22 -19 24 -16 26 -25 -28 -18 -15
right_child=1 5 3 8 -6 7 -8 -9 -10 -11 -12 12 -14 14 18 -17 28 22 19 -21 21 -23 -24 25 -26 -27 27 -29 -30 -31
leaf_value=0 0.003361796099128444 -0.00044947133064622059 3.1519720406593282e-08 0.00013839787357478327 8.4882627015778742e-09 1.7388445202044894e-05 4.7476291715074671e-11 -1.9404119526003282e-08 0 -0.0025141477880712866 0 -0.0060190201271830297 0.00072432702959723556 3.7702536830054733e-05 0.0033342625318879601 -0.053691467475207415 -5.3036344720867311e-06 -0.0016109765818523966 -0.034531549158101311 0.00048886160844230429 9.5376864289049129e-06 -0.0036115674435773792 0.01021795174892264 0.11331721291601837 0.53248523207246201 0.25396598322816866 -0.13469065146511561 0.24980704834329162 0.034972887895665009 4.7972574724754605e-05
leaf_weight=180209 56 192 2151 199 859 145 1634 1003 8046 87 1791956 3451 3373 1117 6202 236 14563 165 400 342 20165 6147 554 388 1083 1069 2386 112 217 183
leaf_count=180209 56 192 2151 199 859 145 1634 1003 8046 87 1791956 3451 3373 1117 6202 236 14563 165 400 342 20165 6147 554 388 1083 1069 2386 112 217 183
internal_value=4.4321e-05 0.0243985 7.21069e-06 0.0108041 0.037907 -0.00350746 0.0454418 0.00418118 0.000909642 -0.00454545 -5.25237e-05 0.000835527 -0.00373681 0.000967997 0.00494156 0.0184896 0.000726061 0.000994982 0.00320481 -0.0114555 0.000931382 0.00324947 0.0192629 0.0041726 0.00689774 -0.000847029 -0.00526681 -0.00896717 -0.00304465 0.0272308
internal_weight=2.04869e+06 3117 2.04557e+06 11255 3010 1340 1777 1148 8245 143 2.03432e+06 242362 6824 235538 13518 1536 222020 207240 11982 742 206521 26312 719 11240 7285 3955 2886 2498 14780 1300
internal_count=2048690 3117 2045573 11255 3010 1340 1777 1148 8245 143 2034318 242362 6824 235538 13518 1536 222020 207240 11982 742 206521 26312 719 11240 7285 3955 2886 2498 14780 1300
is_linear=0
shrinkage=0.05


Tree=210
num_leaves=31
num_cat=0
split_feature=15 18 5 0 0 0 0 18 8 1 7 13 18 15 15 10 0 5 12 1 1 1 9 8 15 5 15 7 1 1
split_gain=468.776 835.528 610.886 270.86 285.134 163.218 263.282 100.575 97.9755 94.7249 115.273 80.3495 68.6373 431.598 258.601 1318.07 890.083 685.113 543.306 215.742 185.3 168.478 1340.34 386.877 346.223 173.247 238.523 152.149 1117.02 839.131
threshold=617.36184210526324 0.9915598290598292 1.5000000000000002 -0.5 -0.60355339059327362 -0.9159756150367534 -0.98296291314453399 -0.0088569976146717216 565.50000000000011 0.98296291314453421 6.5000000000000009 0.64395055085937891 0.9254525246109877 0.82160537482319673 20.00357142857143 19.500000000000004 -0.5 25.500000000000004 20.083333333333339 0.37940952255126048 0.91597561503675351 -0.9159756150367534 47.500000000000007 95.500000000000014 26.420369243254211 132.50000000000003 98.995145631067984 40.500000000000007 -0.70710678118654757 -0.78656609248549325
decision_type=8 10 2 2 2 2 2 8 2 2 2 2 10 10 10 2 2 2 2 2 2 2 2 2 10 2 10 2 2 2
left_child=8 7 3 4 5 6 -3 -2 12 -9 -11 -4 -1 -14 15 -15 19 20 -18 -17 -16 22 24 -24 -19 26 -25 28 -23 -29
right_child=1 2 11 -5 -6 -7 -8 9 -10 10 -12 -13 13 14 17 16 18 21 -20 -21 -22 27 23 25 -26 -27 -28 29 -30 -31
leaf_value=0 0.0001314779798960441 1.0438581252925882e-06 -1.4371045534316464e-06 2.9943734386263622e-08 -1.4595475504867816e-08 8.063849566498982e-09 -2.6671696648838058e-08 0 -0.43328196256462309 -0.00042699776411390955 -0.03293961917094175 0.17922168671830446 0 0 -1.0098999269936832e-06 3.8440681024242253e-05 8.7986687827545401e-08 -5.8560850724732313e-05 5.6329940897253009e-05 -5.9941585767728877e-06 -3.0282868272276423e-06 -3.3799086517726285e-05 0.0013376612624126677 -0.064161993873316558 -7.266257264737699e-06 0.076683627227657203 -0.00024993459377457643 0.0019814338867713082 3.3844302005842399e-07 -5.0211772712232147e-07
leaf_weight=1271321 215 140 1662 2213 140 411 139 10444 1113 219 490 539 23317 584006 4347 2616 5694 518 3403 1533 1008 2486 1767 1209 1973 614 456 3245 22661 98791
leaf_count=1271321 215 140 1662 2213 140 411 139 10444 1113 219 490 539 23317 584006 4347 2616 5694 518 3403 1533 1008 2486 1767 1209 1973 614 456 3245 22661 98791
internal_value=2.93846e-05 0.00839453 0.0249047 0.0394183 0.0150602 0.0282609 -0.00125448 0.000778501 -3.89995e-05 0.000125527 -0.0175599 0.00483871 -3.0872e-05 -0.000406901 -0.000194818 0.000257345 0.0158538 -0.00213662 0.024607 -0.00333815 -0.0196732 -0.00143434 -0.00926266 0.00850222 -0.0381172 -0.00511189 -0.0134835 -0.00103198 0.00245158 -0.00189051
internal_weight=2.04869e+06 16612 5244 3043 830 690 279 11368 2.03208e+06 11153 709 2201 2.03096e+06 759644 736327 597252 13246 139075 9097 4149 5355 133720 6537 4046 2491 2279 1665 127183 25147 102036
internal_count=2048690 16612 5244 3043 830 690 279 11368 2032078 11153 709 2201 2030965 759644 736327 597252 13246 139075 9097 4149 5355 133720 6537 4046 2491 2279 1665 127183 25147 102036
is_linear=0
shrinkage=0.05


Tree=211
num_leaves=31
num_cat=0
split_feature=16 15 15 17 2 17 18 17 10 18 0 0 0 0 18 0 17 17 17 8 17 1 14 15 17 16 5 15 17 17
split_gain=802.288 664.59 522.553 1212.05 260.962 209.002 155.435 115.653 109.542 106.288 72.8986 235.503 121.126 244.67 64.024 67.6037 123.795 275.09 120.129 104.282 157.291 215.04 155.187 127.525 105.343 87.4817 87.4495 158.94 87.2137 86.2383
threshold=inf 1.0030303030303032 inf 1.5000000000000002 1.0000000180025095e-35 1.0000000180025095e-35 0.99475062000551129 2.5000000000000004 -1.0000000180025095e-35 -0.0088569976146717216 -0.37940952255126065 -0.60355339059327362 -0.9159756150367534 -0.98296291314453399 0.25044169611307426 -0.78656609248549292 79.500000000000014 74.500000000000014 82.500000000000014 14.500000000000002 16.500000000000004 -0.12940952255126037 1.0000000180025095e-35 0.87812695434646659 61.500000000000007 65.869337472111752 51.500000000000007 26.420369243254211 65.500000000000014 394.00000000000006
decision_type=8 8 8 8 2 10 8 10 2 8 2 2 2 2 8 2 8 10 8 2 10 2 2 10 10 10 2 10 10 10
left_child=2 6 14 4 -4 -3 8 -7 -2 -5 11 12 13 -6 -1 16 17 19 25 23 21 22 -21 -16 -22 -18 27 28 -26 -20
right_child=1 5 3 9 10 7 -8 -9 -10 -11 -12 -13 -14 -15 15 -17 18 -19 29 20 24 -23 -24 -25 26 -27 -28 -29 -30 -31
leaf_value=0 0.003193706294172022 -0.0004056478759082141 2.8446547666950438e-08 0.00012490408090124188 9.9166521902795876e-07 1.6517525755223335e-05 4.5102477129320939e-11 6.6719728064129556e-09 -0.002388440398667722 0 6.4550333658481927e-08 -1.3865701729624426e-08 7.6606570881740318e-09 -2.5338111816396153e-08 0 0 0.13735277194896917 -0.0027340801897405586 0 -1.7844265904679674e-06 -2.724991712423183e-05 -4.0799265095729527e-09 0.0011243037850567016 0 0.16310775149860091 0.00012349364764751092 -0.014811151500336718 0.11046244708375058 -0.23289985660243212 0.1718649332069957
leaf_weight=242362 56 192 2151 199 143 145 1634 1003 87 8046 143 143 286 144 10822 1426555 1012 1677 178737 683 27650 773 151 134668 128 728 1165 1482 429 5296
leaf_count=242362 56 192 2151 199 143 145 1634 1003 87 8046 143 143 286 144 10822 1426555 1012 1677 178737 683 27650 773 151 134668 128 728 1165 1482 429 5296
internal_value=4.54437e-05 0.025393 6.81961e-06 0.0107508 0.037907 -0.00119403 0.0454418 0.00688153 -0.00454545 0.000836871 0.01461 0.00810056 0.0224258 -0.000522648 -5.26221e-05 -0.000155779 -0.000762587 -0.00169851 0.000142378 -0.00150856 -0.00407104 -0.0193217 -0.0369305 -0.000936834 -0.00327672 0.0132184 0.00530587 0.0115498 -0.0112208 1.87466e-05
internal_weight=2.04869e+06 3117 2.04557e+06 11255 3010 1340 1777 1148 143 8245 859 716 573 287 2.03432e+06 1.79196e+06 365401 179628 185773 177951 32461 1607 834 145490 30854 1740 3204 2039 557 184033
internal_count=2048690 3117 2045573 11255 3010 1340 1777 1148 143 8245 859 716 573 287 2034318 1791956 365401 179628 185773 177951 32461 1607 834 145490 30854 1740 3204 2039 557 184033
is_linear=0
shrinkage=0.05


Tree=212
num_leaves=31
num_cat=0
split_feature=16 15 15 17 2 17 18 17 10 18 0 0 0 0 10 18 17 15 17 16 0 18 17 15 15 14 10 15 16 0
split_gain=801.538 664.59 521.398 1212.05 260.962 209.002 155.435 115.653 109.542 106.288 72.8986 235.503 121.126 244.67 63.4708 62.0343 62.9308 458.672 263.375 1866.82 980.182 156.145 503.869 222.911 187.744 163.934 159.207 258.285 275.471 517.61
threshold=inf 1.0030303030303032 inf 1.5000000000000002 1.0000000180025095e-35 1.0000000180025095e-35 0.99475062000551129 2.5000000000000004 -1.0000000180025095e-35 -0.0088569976146717216 -0.37940952255126065 -0.60355339059327362 -0.9159756150367534 -0.98296291314453399 36.500000000000007 0.25044169611307426 12.500000000000002 0.82160537482319673 20.500000000000004 18.419328569054347 -0.5 0.94127227438206562 25.500000000000004 20.753635405690204 21.458785354513758 0.53867513459481298 97.500000000000014 98.995145631067984 89.169870331476588 0.25881904510252091
decision_type=8 8 8 8 2 10 8 10 2 8 2 2 2 2 2 8 8 10 8 10 2 10 10 10 10 2 2 10 10 2
left_child=2 6 15 4 -4 -3 8 -7 -2 -5 11 12 13 -6 -9 -1 17 -17 19 -18 -21 -20 23 -23 25 -24 -26 -28 29 -29
right_child=1 5 3 9 10 7 -8 14 -10 -11 -12 -13 -14 -15 -16 16 18 -19 21 20 -22 22 24 -25 26 -27 27 28 -30 -31
leaf_value=0 0.0030340209794634206 -0.00038536548211280338 2.7024220283602918e-08 0.00011865887685617979 9.420819580765608e-07 1.5691649467462167e-05 4.2847353272854892e-11 -0.0084030625285206363 -0.0022690183787343358 0 6.1322816975557829e-08 -1.3172416643143204e-08 7.2776242337653298e-09 -2.4071206225576346e-08 0.0023389101553796983 0 0 0 0 -1.9658262659273594e-05 6.8889829416424219e-08 -0.00013959149680436379 0.00023711971066116825 -1.5936238896953101e-06 -1.6157738987000745e-06 -0.044718532314380603 0.00013025381958071922 -3.9294215047452645e-08 -1.8573157613218399e-05 2.4164676263365556e-07
leaf_weight=242362 56 192 2151 199 143 145 1634 529 87 8046 143 143 286 144 474 23867 64272 608645 956890 1834 4051 3657 2761 4622 64134 913 5498 2986 42476 5350
leaf_count=242362 56 192 2151 199 143 145 1634 529 87 8046 143 143 286 144 474 23867 64272 608645 956890 1834 4051 3657 2761 4622 64134 913 5498 2986 42476 5350
internal_value=5.73049e-05 0.025393 1.86989e-05 0.0107508 0.037907 -0.00119403 0.0454418 0.00688153 -0.00454545 0.000836871 0.01461 0.00810056 0.0224258 -0.000522648 0.000847458 -4.0677e-05 -0.000142219 -0.000543389 7.66316e-05 0.00304603 0.03 -0.000114616 -0.00172398 -0.0136671 -0.000927343 0.0102069 -0.00126698 0.00067306 -0.000440841 0.00786948
internal_weight=2.04869e+06 3117 2.04557e+06 11255 3010 1340 1777 1148 143 8245 859 716 573 287 1003 2.03432e+06 1.79196e+06 632512 1.15944e+06 70157 5885 1.08929e+06 132397 8279 124118 3674 120444 56310 50812 8336
internal_count=2048690 3117 2045573 11255 3010 1340 1777 1148 143 8245 859 716 573 287 1003 2034318 1791956 632512 1159444 70157 5885 1089287 132397 8279 124118 3674 120444 56310 50812 8336
is_linear=0
shrinkage=0.05


Tree=213
num_leaves=31
num_cat=0
split_feature=16 15 15 17 2 17 17 17 0 0 0 0 10 10 5 1 17 9 15 14 16 17 12 0 17 1 9 0 14 1
split_gain=738.637 734.396 522.434 1212.05 260.962 188.84 131.616 130.336 72.8986 235.503 121.126 244.67 70.2133 56.7178 262.141 511.023 584.688 182.1 181.955 189.635 172.156 1178.43 990.663 854.831 395.422 434.78 564.159 678.467 680.346 1059.56
threshold=inf 1.0030303030303032 inf 1.5000000000000002 1.0000000180025095e-35 760.50000000000011 2.5000000000000004 4.5000000000000009 -0.37940952255126065 -0.60355339059327362 -0.9159756150367534 -0.98296291314453399 -1.0000000180025095e-35 40.500000000000007 35.500000000000007 -0.78656609248549325 36.500000000000007 33.500000000000007 30.281650641025646 25.207984877750626 15.278781333539966 20.500000000000004 19.916666666666668 -0.5 28.500000000000004 0.37940952255126048 27.500000000000004 0.60355339059327384 1.0000000180025095e-35 -0.12940952255126037
decision_type=8 8 8 8 2 8 10 10 2 2 2 2 2 2 2 2 10 2 10 2 10 10 2 2 10 2 2 2 2 2
left_child=2 7 13 4 -4 6 -3 -2 9 10 11 -6 -9 14 17 16 -16 20 -17 -20 -1 22 -22 -24 -23 26 -26 28 29 -28
right_child=1 5 3 -5 8 -7 -8 12 -10 -11 -12 -13 -14 -15 15 18 -18 -19 19 -21 21 24 23 -25 25 -27 27 -29 -30 -31
leaf_value=0 4.070498560921215e-11 1.490706699408906e-05 2.5673009269422771e-08 0 8.9497786017273273e-07 -0.00036609720800716321 -0.00011693916939481884 0.0028823199304902499 5.825667612677994e-08 -1.2513795810986044e-08 6.9137430220770633e-09 -2.2867645914297527e-08 -0.0020874772572019714 -4.0879802469377778e-07 -3.2963766236416956e-05 -0.016395539999846828 -0.0010087580872776669 -3.6413705398093559e-05 0.0001201434191190818 -0.071514557116232266 1.0668190587615847e-07 -2.3400608739029249e-06 -1.8675349526309913e-05 6.5445337945603011e-08 3.1815268575369124e-05 1.6938576972533308e-06 -2.5806632573085235e-05 0.00040259556302860871 -0.024796858285005302 8.9111455537655192e-06
leaf_weight=1611062 1667 145 2151 8245 143 192 1003 36 143 143 286 144 74 261653 810 2505 2188 7722 15379 1108 9163 14926 1480 4060 52568 31071 4119 6394 7011 1099
leaf_count=1611062 1667 145 2151 8245 143 192 1003 36 143 143 286 144 74 261653 810 2505 2188 7722 15379 1108 9163 14926 1480 4060 52568 31071 4119 6394 7011 1099
internal_value=4.5102e-05 0.0243664 8.04176e-06 0.0107508 0.037907 -0.00358209 0.00409408 0.0454418 0.01461 0.00810056 0.0224258 -0.000522648 -0.00727273 -5.13931e-05 5.00377e-05 0.00547522 -0.0137091 -1.81073e-05 0.00850358 0.0104112 1.58352e-05 0.00175258 0.0150956 0.031787 7.85063e-05 0.00118812 -0.000965712 -0.00844386 -0.0153447 -0.0290149
internal_weight=2.04869e+06 3117 2.04557e+06 11255 3010 1340 1148 1777 859 716 573 287 110 2.03432e+06 1.77266e+06 21990 2998 1.75068e+06 18992 16487 1.74295e+06 131891 14703 5540 117188 102262 71191 18623 12229 5218
internal_count=2048690 3117 2045573 11255 3010 1340 1148 1777 859 716 573 287 110 2034318 1772665 21990 2998 1750675 18992 16487 1742953 131891 14703 5540 117188 102262 71191 18623 12229 5218
is_linear=0
shrinkage=0.05


Tree=214
num_leaves=31
num_cat=0
split_feature=16 15 15 12 12 2 9 9 10 5 12 16 0 16 1 15 5 0 14 1 15 14 0 16 10 0 16 16 1 5
split_gain=741.748 732.162 524.299 301.087 955.007 258.051 184.553 129.642 70.5637 373.028 742.742 743.099 687.581 437.602 355.897 530.212 425.663 491.864 860.741 1194.81 982.368 403.897 770.922 369.064 315.568 875.079 920.535 573.737 559.263 536.632
threshold=inf 1.0030303030303032 inf 1.0833333333333337 0.91666666666666685 1.0000000180025095e-35 1.0000000180025095e-35 1.5000000000000002 28.500000000000004 19.500000000000004 20.083333333333339 18.419328569054347 -0.5 20.00179856115108 0.25881904510252057 43.380749354005175 83.500000000000014 0.60355339059327384 1.0000000180025095e-35 -0.12940952255126037 26.420369243254211 1.0000000180025095e-35 0.98296291314453421 28.803288201160544 32.500000000000007 0.60355339059327384 28.803288201160544 27.538466925797533 0.98296291314453421 36.500000000000007
decision_type=8 8 8 2 2 2 2 2 2 2 2 10 2 10 2 10 2 2 2 2 10 2 2 10 2 2 10 10 2 2
left_child=2 -2 8 4 -4 -6 -3 -8 9 -1 11 -11 -13 -14 15 16 17 18 19 20 -10 22 23 -19 25 27 -27 -16 -29 -26
right_child=1 6 3 -5 5 -7 7 -9 14 10 -12 12 13 -15 24 -17 -18 21 -20 -21 -22 -23 -24 -25 29 26 -28 28 -30 -31
leaf_value=0 3.8669736328751545e-11 -0.00034779234760680508 0 -0.00019578314494219921 2.438935880595163e-08 6.56805587097321e-09 1.4161713644384605e-05 -0.00010762133243748401 0.00013233821352797771 5.027478492994181e-07 1.066383296611541e-08 0.0001027118430092684 6.2173071048322849e-08 0.018000775962321081 3.1907998160398827e-08 -6.5516148659740633e-05 0.0021586216542260144 -0.037871519526393019 -0.046273126278690985 8.4655882760772428e-06 -2.8926516288784511e-05 -0.043847322424332938 -3.6280757344354261e-05 0.00058825446421588001 -2.0879036801810701e-05 0.00049139749281767173 -3.3382374305392406e-05 1.8583434157719292e-06 -3.7959312339260468e-08 1.5297282184977611e-07
leaf_weight=1653895 1777 252 4798 3564 2061 832 157 931 1280 8223 45992 4587 4338 1063 2800 131347 2720 935 21385 1611 5114 6799 2119 2681 6383 1886 1754 4349 571 122486
leaf_count=1653895 1777 252 4798 3564 2061 832 157 931 1280 8223 45992 4587 4338 1063 2800 131347 2720 935 21385 1611 5114 6799 2119 2681 6383 1886 1754 4349 571 122486
internal_value=2.60166e-05 0.0243985 -1.11216e-05 0.0107508 0.0163178 0.039008 -0.00350746 0.00542279 -7.06625e-05 5.5672e-05 0.00379499 0.0123414 0.0215058 0.0335956 -0.000757068 -0.00225438 -0.00696174 -0.00820532 -0.0117421 -0.0257277 -0.0354238 8.77613e-05 0.00986051 0.0238938 0.00112209 0.00911092 -0.0110989 0.0186399 0.0289228 0.000417866
internal_weight=2.04869e+06 3117 2.04557e+06 11255 7691 2893 1340 1088 2.03432e+06 1.7181e+06 64203 18211 9988 5401 316220 175991 44644 41924 29390 8005 6394 12534 5735 3616 140229 11360 3640 7720 4920 128869
internal_count=2048690 3117 2045573 11255 7691 2893 1340 1088 2034318 1718098 64203 18211 9988 5401 316220 175991 44644 41924 29390 8005 6394 12534 5735 3616 140229 11360 3640 7720 4920 128869
is_linear=0
shrinkage=0.05


Tree=215
num_leaves=31
num_cat=0
split_feature=16 12 3 11 9 12 0 16 16 5 11 5 9 1 1 13 1 0 14 5 9 9 1 16 0 1 0 16 0 14
split_gain=742.714 389.083 319.249 297.589 99.317 962.424 522.923 602.159 703.092 287.365 369.014 250.566 240.751 224.685 223.703 385.368 228.473 199.788 171.43 159.343 316.649 296.454 270.57 981.692 1209.99 534.62 519.708 281.611 737.215 165.474
threshold=inf 1.4166666666666667 -0.56174490092936669 1.0000000180025095e-35 20.500000000000004 19.916666666666668 -0.5 18.419328569054347 20.00179856115108 36.500000000000007 35.833333333333336 4.5000000000000009 40.500000000000007 0.78656609248549303 -0.78656609248549325 1.0000000180025095e-35 -0.60355339059327384 -0.37940952255126065 1.0000000180025095e-35 98.500000000000014 93.500000000000014 99.500000000000014 -0.12940952255126037 84.285221143473578 0.25881904510252091 -0.9159756150367534 0.78656609248549325 84.285221143473578 0.98296291314453421 0.63226727006295136
decision_type=8 2 2 2 2 2 2 10 10 2 2 2 2 2 2 2 2 2 2 2 2 2 2 10 2 2 2 10 2 2
left_child=4 2 3 -2 5 -1 -7 -8 -9 10 11 17 -11 14 15 -12 18 -6 -16 20 -14 22 23 25 -25 -21 -24 28 -28 -26
right_child=1 -3 -4 -5 9 6 7 8 -10 12 13 -13 19 -15 16 -17 -18 -19 -20 21 -22 -23 26 24 29 -27 27 -29 -30 -31
leaf_value=0 -0.00033040273022646484 -0.0001057111443032037 3.6736249512313964e-11 1.3453627962165375e-05 -0.0033288810010084166 4.7761045683444722e-07 4.4058261215013437e-05 5.9064417495906711e-08 0.0018400709565169428 0.00023103070995174303 -2.9869252110156883e-05 -2.5701405018854518e-06 -1.5285627492956176e-06 -4.560866172003618e-06 0.00052643580178129144 -0.053420878584363819 -2.7480190474345289e-05 0.01130304416450888 -0.037446520064166898 -2.2760637683622749 -5.5417815816617504e-06 -3.2071634252007859e-06 1.4879181858159233e-07 0.0037385745590162479 -7.056127297444729e-05 0.003156582824066926 8.5864443206972535e-10 3.3635606914641327e-06 -0.00023754459605782884 0.49752939839456034
leaf_weight=1666282 216 954 1802 145 977 6064 3708 4298 1547 12811 835 82224 110933 1276 331 1134 3392 1586 266 364 13081 114910 9627 2379 2862 1620 825 1738 398 105
leaf_count=1666282 216 954 1802 145 977 6064 3708 4298 1547 12811 835 82224 110933 1276 331 1134 3392 1586 266 364 13081 114910 9627 2379 2862 1620 825 1738 398 105
internal_value=1.01528e-05 0.0243985 0.0361304 -0.0067867 -2.70095e-05 0.000134996 0.0124896 0.0197791 0.0297776 -0.000776245 -0.00319112 -0.00226627 4.17812e-05 -0.014031 -0.009953 -0.023743 -0.00314615 0.0131291 0.0253769 -0.000289366 -0.00158289 0.000900406 0.00653178 -0.00110505 -0.0122522 0.0289315 0.0109787 0.0292975 0.0109158 -0.0335524
internal_weight=2.04869e+06 3117 2163 361 2.04557e+06 1.6819e+06 15617 9553 5845 363674 92021 84787 271653 7234 5958 1969 3989 2563 597 258842 124014 134828 19918 7330 5346 1984 12588 2961 1223 2967
internal_count=2048690 3117 2163 361 2045573 1681899 15617 9553 5845 363674 92021 84787 271653 7234 5958 1969 3989 2563 597 258842 124014 134828 19918 7330 5346 1984 12588 2961 1223 2967
is_linear=0
shrinkage=0.05


Tree=216
num_leaves=31
num_cat=0
split_feature=15 17 2 18 8 0 0 0 0 18 18 15 15 10 0 17 10 0 2 5 10 7 17 17 0 0 0 15 0 17
split_gain=483.168 1387.3 267.104 100.655 81.1702 72.8986 235.503 121.126 244.67 68.4051 60.4375 437.679 239.717 1323.1 659.596 525.4 295.4 194.782 186.595 164.612 141.374 166.597 136.106 423.198 550.358 475.599 406.758 279.58 179.119 160.845
threshold=617.36184210526324 1.5000000000000002 1.0000000180025095e-35 -0.0088569976146717216 565.50000000000011 -0.37940952255126065 -0.60355339059327362 -0.9159756150367534 -0.98296291314453399 0.96125395785566126 0.9254525246109877 0.82160537482319673 20.00357142857143 19.500000000000004 -0.5 20.500000000000004 76.500000000000014 0.37940952255126054 -0.60785761079279388 24.500000000000004 24.500000000000004 89.500000000000014 34.500000000000007 36.500000000000007 -0.70710678118654735 0.37940952255126054 0.98296291314453421 29.004629629629633 -0.98296291314453399 40.500000000000007
decision_type=8 8 2 8 2 2 2 2 2 10 10 10 10 2 2 10 2 2 2 2 2 2 10 10 2 2 2 10 2 10
left_child=4 2 -2 -3 10 6 7 8 -4 -5 -1 -12 13 -13 -15 17 19 -16 -19 -14 -17 -22 26 24 -24 -26 27 -21 -29 -25
right_child=1 3 5 9 -6 -7 -8 -9 -10 -11 11 12 16 14 15 20 -18 18 -20 22 21 -23 23 29 25 -27 -28 28 -30 -31
leaf_value=0 2.316989086565405e-08 0.0001127259330133708 8.4990056437054731e-07 0 -0.41161676262907981 5.5015439526892283e-08 -1.2216508813985402e-08 6.2396530774245489e-09 -2.2052666412131314e-08 0.00015682766188229353 0 0 -2.3122638734953728e-06 -2.1901189607964509e-06 8.4907767307697354e-08 -0.039471288956476211 -3.1977835081959544e-08 5.6111196621111381e-08 2.4696225633315567e-08 -2.0608662577123335e-06 0.00010483958695851721 -0.00014379930197678259 7.4295226833802045e-07 0.00019056745655915045 -2.5465211843774999e-05 -2.4824918653305337e-05 -4.4644346862540177e-05 0.0048326700437438868 1.5099596772641736e-07 -2.9000521923453876e-06
leaf_weight=1271321 2294 208 143 9768 1113 143 143 286 144 3483 23317 584006 2184 4149 2527 1025 87334 911 2044 12595 2293 297 1217 512 2200 3267 1092 294 7920 20460
leaf_count=1271321 2294 208 143 9768 1113 143 143 286 144 3483 23317 584006 2184 4149 2527 1025 87334 911 2044 12595 2293 297 1217 512 2200 3267 1092 294 7920 20460
internal_value=4.64199e-05 0.00853901 0.038392 0.00154543 -2.3006e-05 0.01461 0.00810056 0.0224258 -0.000522648 0.0010037 -1.56083e-05 -0.000368462 -0.00015489 0.000280451 0.0159067 0.0234418 -0.00202445 0.0331996 0.0244839 -0.00501826 0.00864454 0.0148649 -0.00442622 -0.00675803 -0.0177139 -0.0244833 -0.00148167 7.92926e-05 0.0072559 -0.00326626
internal_weight=2.04869e+06 16612 3153 13459 2.03208e+06 859 716 573 287 13251 2.03096e+06 759644 736327 597252 13246 9097 139075 5482 2955 51741 3615 2590 49557 27656 6684 5467 21901 20809 8214 20972
internal_count=2048690 16612 3153 13459 2032078 859 716 573 287 13251 2030965 759644 736327 597252 13246 9097 139075 5482 2955 51741 3615 2590 49557 27656 6684 5467 21901 20809 8214 20972
is_linear=0
shrinkage=0.05


Tree=217
num_leaves=31
num_cat=0
split_feature=16 17 3 12 18 0 18 2 10 17 0 13 0 17 18 0 10 17 16 17 10 0 0 17 17 0 0 16 18 14
split_gain=742.063 499.386 347.224 309.094 55.6813 65.6529 90.6597 123.495 74.9707 61.9352 321.441 128.931 88.4448 76.1173 71.4015 91.3566 55.4731 759.594 302.485 1334.22 724.788 696.2 305.972 347.352 301.688 287.956 432.961 252.27 165.031 157.047
threshold=inf 2.5000000000000004 -0.56174490092936669 1.0000000180025095e-35 0.25044169611307426 -0.9159756150367534 0.57171428571428573 -0.8783796973249266 24.500000000000004 594.50000000000011 -0.25881904510252113 1.9702113754102264 0.98296291314453421 569.00000000000011 0.8174754058784478 -0.37940952255126065 33.500000000000007 36.500000000000007 16.266113416320888 20.500000000000004 19.500000000000004 -0.5 0.25881904510252091 29.500000000000004 30.500000000000004 -0.70710678118654735 0.37940952255126054 29.152777777777782 0.84936795895700012 4.1915917858976108
decision_type=8 10 2 2 8 2 8 2 2 10 2 2 2 10 10 2 2 10 8 10 2 2 2 10 10 2 2 10 10 2
left_child=4 2 3 -2 -1 6 7 8 -6 13 14 -12 -13 16 -11 -16 18 25 -7 20 -20 -22 23 -21 -25 -18 27 -27 -26 -30
right_child=1 -3 -4 -5 5 9 -8 -9 -10 10 11 12 -14 -15 15 -17 17 -19 19 22 21 -23 -24 24 28 26 -28 -29 29 -31
leaf_value=0 -0.00031388259371514159 -0.00010042398819628942 3.4899437036698264e-11 1.2779788069513824e-05 -0.0028120537955365053 0 0 -0.0013068439325230191 -0.43958505725469571 0.80589507551133088 0.018682131726532592 -0.36192073895030208 0.99699571520604513 -0.13087883280085241 -0.3747071967895611 0.24474384090925483 3.1415528246509533e-05 -1.5180128407675534e-07 7.9596661769664848e-08 -2.1966750191604464e-06 -2.2791548775259737e-05 5.4876385339445596e-08 -3.6679019234767088e-06 2.4577308882900797e-07 0.038396867351489367 8.2817453148245873e-05 -2.3549454981590598e-05 -1.9417544854961124e-05 -2.4491832751775002e-06 -0.1538737370233115
leaf_weight=243213 198 1121 1654 144 1911 1258125 200712 18546 1260 2134 3737 3033 68 1177 235 415 547 232078 3968 11223 898 4108 26359 3647 18677 251 3176 1940 3562 573
leaf_count=243213 198 1121 1654 144 1911 1258125 200712 18546 1260 2134 3737 3033 68 1177 235 415 547 232078 3968 11223 898 4108 26359 3647 18677 251 3176 1940 3562 573
internal_value=5.29119e-05 0.0244305 0.0394289 -0.00643275 1.57658e-05 -8.00617e-05 -0.000884327 -0.00395312 -0.0130716 3.3166e-05 0.00403243 -0.00179877 -0.0093357 8.66072e-06 0.0183549 0.00384615 1.81948e-05 -0.000684897 0.000143899 0.00327262 0.0213283 0.0339792 0.000742493 0.00363303 0.00675951 -0.0183801 -0.0219024 -0.0390005 0.00462476 -0.00441354
internal_weight=2.04869e+06 3117 1996 342 2.04557e+06 1.80236e+06 222429 21717 3171 1.57993e+06 9622 6838 3101 1.57031e+06 2784 650 1.56913e+06 237992 1.33114e+06 73015 8974 5006 64041 37682 26459 5914 5367 2191 22812 4135
internal_count=2048690 3117 1996 342 2045573 1802360 222429 21717 3171 1579931 9622 6838 3101 1570309 2784 650 1569132 237992 1331140 73015 8974 5006 64041 37682 26459 5914 5367 2191 22812 4135
is_linear=0
shrinkage=0.05


Tree=218
num_leaves=31
num_cat=0
split_feature=16 15 15 16 16 9 9 14 1 1 1 1 7 10 5 16 10 5 14 1 15 14 1 1 15 16 15 1 14 5
split_gain=740.644 729.931 539.422 284.92 883.209 185.268 129.076 100.6 100.595 350.49 67.7796 116.372 47.4792 49.3861 462 269.535 295.131 899.493 638.999 547.138 829.567 248.22 524.4 534.889 328.354 238.822 352.905 451.957 219.123 211.905
threshold=inf 1.0030303030303032 inf 3.1650909810126584 0.97705251825500861 1.0000000180025095e-35 1.5000000000000002 1.0000000180025095e-35 0.1294095225512602 0.25881904510252057 0.78656609248549303 0.91597561503675351 693.50000000000011 33.500000000000007 36.500000000000007 15.278781333539966 20.500000000000004 19.500000000000004 1.0000000180025095e-35 0.60355339059327384 25.31789473684211 1.0000000180025095e-35 -0.70710678118654757 0.25881904510252057 33.828797976058254 27.538466925797533 33.828797976058254 0.78656609248549303 1.0000000180025095e-35 34.500000000000007
decision_type=8 8 8 10 10 2 2 2 2 2 2 2 2 2 2 10 2 2 2 2 10 2 2 2 10 10 10 2 2 2
left_child=2 -2 12 4 -4 -3 -7 8 -6 -10 -11 -12 13 15 21 -1 17 -17 -19 29 -21 22 -15 -24 -25 -22 27 -27 -29 -18
right_child=1 5 3 -5 7 6 -8 -9 9 10 11 -13 -14 14 -16 16 19 18 -20 20 25 -23 23 24 -26 26 -28 28 -30 -31
leaf_value=0 3.3154465184863353e-11 -0.00029818846402938448 0 -0.00020283709362755258 2.2011396322371348e-08 1.2140798666038132e-05 -9.1933509190635174e-05 -0.00078032780660268865 -2.0950033091524748e-08 2.1936577896042499e-08 2.3512963762177972e-08 2.3432988350228773e-08 0.029599940549801192 -2.6131651669712236e-05 -7.5294330895407097e-08 1.1251118891918069e-06 -3.6854027679293221e-06 5.0561817523083527e-08 0.041452850018756336 -2.3393373503967426e-06 0.00026315821835804436 -0.013735860317980254 0.00050253273037397168 8.8516916042930086e-05 -2.1702267490351319e-06 1.8740948172498342e-06 0.015422679747073965 5.8259415384091844e-07 0.041270478985732717 0.094595229364957373
leaf_weight=1611533 1777 252 4674 3552 1512 157 931 126 137 704 276 274 1721 1109 264076 59616 41634 6037 10319 5887 4889 12880 2188 564 2781 1546 1859 2454 585 2640
leaf_count=1611533 1777 252 4674 3552 1512 157 931 126 137 704 276 274 1721 1109 264076 59616 41634 6037 10319 5887 4889 12880 2188 564 2781 1546 1859 2454 585 2640
internal_value=7.62438e-05 0.0244305 3.91333e-05 0.0109551 0.0163573 -0.00343284 0.00551471 0.0373886 0.0392869 0.029583 0.0378788 0.0247273 -2.12602e-05 -2.82889e-05 -0.000640343 7.09549e-05 0.00219618 0.00428052 0.0146674 -0.000378899 0.00718351 -0.0080627 -0.0159139 -0.00962407 -0.0221973 0.0150931 0.0214153 0.0288659 0.0400625 -0.00332023
internal_weight=2.04869e+06 3117 2.04557e+06 11255 7703 1340 1088 3029 2903 1391 1254 550 2.03432e+06 2.0326e+06 283598 1.749e+06 137466 75972 16356 61494 17220 19522 6642 5533 3345 11333 6444 4585 3039 44274
internal_count=2048690 3117 2045573 11255 7703 1340 1088 3029 2903 1391 1254 550 2034318 2032597 283598 1748999 137466 75972 16356 61494 17220 19522 6642 5533 3345 11333 6444 4585 3039 44274
is_linear=0
shrinkage=0.05


Tree=219
num_leaves=31
num_cat=0
split_feature=16 15 15 17 2 17 18 17 10 18 0 0 0 0 18 15 15 16 0 10 1 15 1 0 17 16 1 1 0 1
split_gain=741.826 729.931 548.407 1187.58 260.962 190.07 155.435 130.588 109.542 104.086 72.8986 235.503 121.126 244.67 63.9083 435.542 209.543 1924.79 911.373 435.561 1285.85 1436.64 503.812 438.211 463.532 740.852 1483.28 660.603 405.323 399.03
threshold=inf 1.0030303030303032 inf 1.5000000000000002 1.0000000180025095e-35 1.0000000180025095e-35 0.99475062000551129 2.5000000000000004 -1.0000000180025095e-35 -0.0088569976146717216 -0.37940952255126065 -0.60355339059327362 -0.9159756150367534 -0.98296291314453399 0.9254525246109877 0.82160537482319673 20.00357142857143 18.419328569054347 -0.5 36.500000000000007 -0.70710678118654757 26.420369243254211 -0.60355339059327384 0.98296291314453421 34.500000000000007 27.538466925797533 0.78656609248549303 0.1294095225512602 -0.60355339059327362 0.91597561503675351
decision_type=8 8 8 8 2 10 8 10 2 8 2 2 2 2 10 10 10 10 2 2 2 10 2 2 10 10 2 2 2 2
left_child=2 6 14 4 -4 -3 8 -7 -2 -5 11 12 13 -6 -1 -16 17 -17 -19 20 21 -18 -22 24 25 29 -27 -26 -29 -24
right_child=1 5 3 9 10 7 -8 -9 -10 -11 -12 -13 -14 -15 15 16 19 18 -20 -21 22 -23 23 -25 27 26 -28 28 -30 -31
leaf_value=0 0.0027432251279475295 -0.00028327904082791521 2.0910826506252778e-08 0.00010708963636270227 8.0630496633590143e-07 1.1533758732736225e-05 3.1496741925620185e-11 -9.0806113326943178e-05 -0.0020461724029557284 0 5.1093018133036231e-08 -1.2781331561395031e-08 4.8308415287511962e-09 -1.9902531436948509e-08 0 0 4.1046061751105341e-07 -2.1654499427372904e-05 6.4301999216063042e-08 -2.2905112563391137e-07 0.00047740609385527315 -2.4825069086226628e-05 -2.1877170164967898e-07 -4.5633129780532778e-05 0.00051453737868571616 -3.2660189498569307e-06 5.5346444614887257e-07 2.9953263171635813e-05 -1.8338156274761309e-05 -1.2924402144174821e-05
leaf_weight=1273614 56 192 2151 199 143 145 1634 1003 87 8046 143 143 286 144 23305 588355 2319 2466 5601 108994 1276 3787 7123 1713 1882 5427 2463 948 2955 2090
leaf_count=1273614 56 192 2151 199 143 145 1634 1003 87 8046 143 143 286 144 23305 588355 2319 2466 5601 108994 1276 3787 7123 1713 1882 5427 2463 948 2955 2090
internal_value=5.68168e-05 0.0244305 1.96766e-05 0.0110262 0.037907 -0.00343284 0.0454418 0.00426829 -0.00454545 0.00121286 0.01461 0.00810056 0.0224258 -0.000522648 -4.12177e-05 -0.000403836 -0.000191145 0.000218637 0.0244763 -0.00192478 -0.00705531 -0.0276941 -0.00218534 -0.00377424 -0.00194862 0.00218967 0.0134347 -0.0141832 -0.025916 -0.00744057
internal_weight=2.04869e+06 3117 2.04557e+06 11255 3010 1340 1777 1148 143 8245 859 716 573 287 2.03432e+06 760704 737399 596422 8067 140977 31983 6106 25877 24601 22888 17103 7890 5785 3903 9213
internal_count=2048690 3117 2045573 11255 3010 1340 1777 1148 143 8245 859 716 573 287 2034318 760704 737399 596422 8067 140977 31983 6106 25877 24601 22888 17103 7890 5785 3903 9213
is_linear=0
shrinkage=0.05


Tree=220
num_leaves=31
num_cat=0
split_feature=16 15 15 17 2 17 18 17 10 18 0 0 0 0 18 13 10 15 16 0 17 0 0 17 16 0 0 0 17 12
split_gain=743.069 727.703 547.248 1187.58 260.962 190.687 155.435 130.076 109.542 104.086 72.8986 235.503 121.126 244.67 59.7124 64.6153 118.483 303.284 242.55 427.387 725.29 1121.56 372.379 320.383 497 340.094 256.282 584.135 788.419 620.738
threshold=inf 1.0030303030303032 inf 1.5000000000000002 1.0000000180025095e-35 1.0000000180025095e-35 0.99475062000551129 2.5000000000000004 -1.0000000180025095e-35 -0.0088569976146717216 -0.37940952255126065 -0.60355339059327362 -0.9159756150367534 -0.98296291314453399 0.35624311132105185 0.64395055085937891 98.500000000000014 94.006578947368425 84.285221143473578 0.37940952255126054 99.500000000000014 0.98296291314453421 -0.37940952255126065 99.500000000000014 75.853299856527997 1.0000000180025095e-35 0.78656609248549325 0.25881904510252091 101.50000000000001 99.083333333333357
decision_type=8 8 8 8 2 10 8 10 2 8 2 2 2 2 8 2 2 10 10 2 10 2 2 10 10 2 2 2 10 2
left_child=2 6 14 4 -4 -3 8 -7 -2 -5 11 12 13 -6 -1 16 17 -16 19 22 21 -21 -18 24 -24 -26 27 29 -29 -20
right_child=1 5 3 9 10 7 -8 -9 -10 -11 -12 -13 -14 -15 15 -17 18 -19 26 20 -22 -23 23 -25 25 -27 -28 28 -30 -31
leaf_value=0 0.0026060638715501528 -0.00026911508878651948 1.9865285180940139e-08 0.00010173515454456714 7.6598971801910634e-07 1.0957070796099415e-05 2.9921904829339172e-11 -8.6265807660596024e-05 -0.0019438637828079421 0 4.853836722638442e-08 -1.214226498332528e-08 4.5892994523136367e-09 -1.8907404865101085e-08 0 -0.0046464019024971201 4.8858657341361355e-05 -0.00010630309079986932 5.6247722142821561e-06 2.6625759814810506e-07 1.8386165141482751e-06 -0.00022564296002615297 -4.2018334566019469e-07 0.00012622684868134038 4.9228720376224421e-08 -7.5716062975578701e-09 1.1799255885116761e-05 -6.016455462040598e-05 -4.9067800006781357e-05 -0.0006397463191713384
leaf_weight=273638 56 192 2151 199 143 145 1634 1003 87 8046 143 143 286 144 1521922 168305 1232 4290 4333 2829 3293 353 1077 1391 303 293 21583 2759 11744 14973
leaf_count=273638 56 192 2151 199 143 145 1634 1003 87 8046 143 143 286 144 1521922 168305 1232 4290 4333 2829 3293 353 1077 1391 303 293 21583 2759 11744 14973
internal_value=6.84828e-05 0.0244626 3.13115e-05 0.0110262 0.037907 -0.00335821 0.0454418 0.0043554 -0.00454545 0.00121286 0.01461 0.00810056 0.0224258 -0.000522648 -2.95185e-05 -0.000136311 -3.78366e-05 -0.000127636 0.00203361 0.0088989 0.0170116 0.0340352 -0.00332868 -0.0126632 -0.0274059 0.00922819 0.000698657 -0.00201869 -0.00960146 0.00367761
internal_weight=2.04869e+06 3117 2.04557e+06 11255 3010 1340 1777 1148 143 8245 859 716 573 287 2.03432e+06 1.76068e+06 1.59238e+06 1.52621e+06 66163 10771 6475 3182 4296 3064 1673 596 55392 33809 14503 19306
internal_count=2048690 3117 2045573 11255 3010 1340 1777 1148 143 8245 859 716 573 287 2034318 1760680 1592375 1526212 66163 10771 6475 3182 4296 3064 1673 596 55392 33809 14503 19306
is_linear=0
shrinkage=0.05


Tree=221
num_leaves=31
num_cat=0
split_feature=16 15 15 17 0 0 17 0 0 17 17 15 10 10 17 1 1 0 15 0 0 0 16 1 11 13 5 5 1 16
split_gain=740.751 727.703 543.459 1187.58 250.151 284.693 190.687 155.334 244.67 130.336 130.076 80.6505 275.558 200.466 743.886 409.749 631.899 436.73 601.369 428.405 359.308 430.432 309.2 326.118 250.443 219.387 196.62 190.096 285.64 563.622
threshold=inf 1.0030303030303032 inf 1.5000000000000002 -0.5 -0.60355339059327362 1.0000000180025095e-35 -0.9159756150367534 -0.98296291314453399 4.5000000000000009 2.5000000000000004 96.43167701863355 126.50000000000001 34.500000000000007 36.500000000000007 -0.70710678118654757 1.0000000180025095e-35 -0.60355339059327362 33.828797976058254 -0.9159756150367534 0.60355339059327384 -0.98296291314453399 72.063850923166527 0.37940952255126048 -1.0000000180025095e-35 3.479186213202814 7.5000000000000009 43.500000000000007 -0.12940952255126037 84.285221143473578
decision_type=8 8 8 8 2 2 10 2 2 10 10 10 2 2 10 2 2 2 10 2 2 2 10 2 2 2 2 2 2 10
left_child=2 9 11 4 5 7 -3 8 -4 -2 -8 13 27 22 15 -15 20 19 -19 -18 21 -17 -1 -24 -25 -16 -27 -13 29 -29
right_child=1 6 3 -5 -6 -7 10 -9 -10 -11 -12 12 -14 14 25 16 17 18 -20 -21 -22 -23 23 24 -26 26 -28 28 -30 -31
leaf_value=0 2.8425809587872214e-11 -0.00025565933434719353 7.2769023211815101e-07 0 1.8872020921893132e-08 -1.1535151734159016e-08 1.0409217256294443e-05 4.3598344796979553e-09 -1.7962034621846032e-08 -0.0017785803910718972 -8.1952517277566217e-05 -0.0029018562867040697 -3.7567538711697478e-05 -2.3583815631915297e-05 -7.080956817693353e-07 0.005084554823617366 -2.5918495022359256e-05 0.00010859392947355815 -1.6734673609498048e-05 3.3309207920972414e-05 0.00048881050975143031 -7.6996834017029327e-05 0.0013733538404811186 -0.010403598700683574 0.0022158779701176748 0.06806129163224614 -0.17183247585191844 0.0025825013661197444 5.717263154130099e-07 -5.5679643618226538e-05
leaf_weight=1735351 1667 192 143 8245 2150 143 145 430 144 110 1003 3603 88843 1057 136421 170 167 431 2148 359 765 330 10141 139 2555 930 11837 2780 25684 10607
leaf_count=1735351 1667 192 143 8245 2150 143 145 430 144 110 1003 3603 88843 1057 136421 170 167 431 2148 359 765 330 10141 139 2555 930 11837 2780 25684 10607
internal_value=0.000106556 0.0244626 6.94426e-05 0.0110262 0.037907 0.0151163 -0.00335821 0.0279637 -0.000522648 0.0454418 0.0043554 8.8236e-06 0.00120631 -7.39436e-05 -0.00179963 -0.0199834 -0.0132265 -0.0253623 -0.0338309 0.0161597 0.0165613 -0.0164 7.86816e-05 0.00781067 0.0232739 -0.00113816 -0.00740581 0.0045086 0.005522 -0.000399641
internal_weight=2.04869e+06 3117 2.04557e+06 11255 3010 860 1340 717 287 1777 1148 2.03432e+06 131517 1.9028e+06 154615 5427 4370 3105 2579 526 1265 500 1.74819e+06 12835 2694 149188 12767 42674 39071 13387
internal_count=2048690 3117 2045573 11255 3010 860 1340 717 287 1777 1148 2034318 131517 1902801 154615 5427 4370 3105 2579 526 1265 500 1748186 12835 2694 149188 12767 42674 39071 13387
is_linear=0
shrinkage=0.05


Tree=222
num_leaves=31
num_cat=0
split_feature=16 15 15 17 0 0 17 0 0 17 17 10 12 17 14 17 10 17 15 12 0 1 0 15 10 3 12 11 11 16
split_gain=743.42 727.703 547.822 1187.58 250.151 284.693 190.687 155.334 244.67 130.336 130.076 70.2133 67.2 55.7966 101.956 70.3133 63.5334 55.0748 157.29 541.969 438.402 182.347 179.854 167.451 135.409 358.792 460.172 121.871 120.994 311.613
threshold=inf 1.0030303030303032 inf 1.5000000000000002 -0.5 -0.60355339059327362 1.0000000180025095e-35 -0.9159756150367534 -0.98296291314453399 4.5000000000000009 2.5000000000000004 -1.0000000180025095e-35 0.91666666666666685 14.500000000000002 1.0000000180025095e-35 26.500000000000004 11.500000000000002 1.5000000000000002 0.87812695434646659 1.0000000180025095e-35 -0.98296291314453399 0.1294095225512602 -0.9159756150367534 0.61964176362522971 1.0000000180025095e-35 -0.56174490092936669 0.41666666666666669 0.83333333333333337 -1.0000000180025095e-35 0.46678281068524979
decision_type=8 8 8 8 2 2 10 2 2 10 10 2 2 8 2 8 2 8 10 2 2 2 2 10 2 2 2 2 2 10
left_child=2 9 17 4 5 7 -3 8 -4 -2 -8 -11 -6 14 -5 16 -15 18 19 20 -1 23 28 -21 25 27 -27 -20 -22 -30
right_child=1 6 3 13 12 -7 10 -9 -10 11 -12 -13 -14 15 -16 -17 -18 -19 24 21 22 -23 -24 -25 -26 26 -28 -29 29 -31
leaf_value=-2.3544324909898206e-10 2.7004519108478606e-11 -0.00024287636762983385 6.9130572051224344e-07 1.7792417780238229e-05 1.9649172782438958e-05 -1.0958394147451065e-08 9.888756393479722e-06 4.1418427557130572e-09 -1.7063932890753732e-08 0.0025646896975262401 -7.7854891413687904e-05 -0.0016896513715183024 1.7928419875798475e-08 6.0209842808242534e-05 -0.0045460357450735822 0 -0.003074739719406608 0 -1.8912707580959294e-09 0 0 0 0 0 0 -1.8912707580959294e-09 3.6918296182070362e-08 -1.494817938249531e-08 8.3449199391637594e-05 9.5899761220736017e-09
leaf_weight=1282 1667 192 143 577 100 143 145 430 144 36 1003 74 2050 238 409 6567 454 1453189 433 9624 688 11765 21501 14310 516234 1410 1392 409 750 1331
leaf_count=1282 1667 192 143 577 100 143 145 430 144 36 1003 74 2050 238 409 6567 454 1453189 433 9624 688 11765 21501 14310 516234 1410 1392 409 750 1331
internal_value=6.2723e-05 0.0244626 2.5543e-05 0.0110262 0.037907 0.0151163 -0.00335821 0.0279637 -0.000522648 0.0454418 0.0043554 -0.00727273 0.0470233 0.00121286 0.0123732 -0.000303072 -0.0154624 -3.5319e-05 -0.000446717 -0.00284322 0.00271603 -0.00682232 0.00422126 -0.00932773 -0.000164365 0.00944018 0.0180407 -0.0191805 0.0162152 0.0222249
internal_weight=2.04869e+06 3117 2.04557e+06 11255 3010 860 1340 717 287 1777 1148 110 2150 8245 986 7259 692 2.03432e+06 581129 61251 25552 35699 24270 23934 519878 3644 2802 842 2769 2081
internal_count=2048690 3117 2045573 11255 3010 860 1340 717 287 1777 1148 110 2150 8245 986 7259 692 2034318 581129 61251 25552 35699 24270 23934 519878 3644 2802 842 2769 2081
is_linear=0
shrinkage=0.05


Tree=223
num_leaves=31
num_cat=0
split_feature=16 15 15 17 2 17 18 17 12 18 0 0 0 0 17 15 12 1 15 0 9 13 12 1 17 16 0 17 15 1
split_gain=743.853 727.703 534.455 1200.18 260.962 190.687 155.435 130.076 109.542 105.22 72.8986 235.503 121.126 244.67 59.4193 184.255 483.802 182.347 167.451 130.18 683.281 113.438 158.939 139.567 113.351 1831.3 867.901 284.945 169.721 163.17
threshold=inf 1.0030303030303032 inf 1.5000000000000002 1.0000000180025095e-35 1.0000000180025095e-35 0.99475062000551129 2.5000000000000004 -0.41666666666666657 -0.0088569976146717216 -0.37940952255126065 -0.60355339059327362 -0.9159756150367534 -0.98296291314453399 1.5000000000000002 0.87812695434646659 1.0000000180025095e-35 0.1294095225512602 0.61964176362522971 -0.98296291314453399 -1.0000000180025095e-35 1.0000000180025095e-35 0.91666666666666685 -0.3794095225512602 21.500000000000004 18.419328569054347 -0.5 20.500000000000004 12.916164658634541 0.25881904510252057
decision_type=8 8 8 8 2 10 8 10 2 8 2 2 2 2 8 10 2 2 10 2 2 2 2 2 8 10 2 10 10 2
left_child=2 6 14 4 -4 -3 8 -7 -2 -5 11 12 13 -6 15 16 19 18 -18 20 -1 22 -20 -23 25 29 28 -28 -27 -16
right_child=1 5 3 9 10 7 -8 -9 -10 -11 -12 -13 -14 -15 24 -17 17 -19 21 -21 -22 23 -24 -25 -26 26 27 -29 -30 -31
leaf_value=1.1772162454949104e-11 0.0024364552126499282 -0.00023073254924834216 1.7031998882008552e-08 9.5768558161903424e-05 6.5674043448663126e-07 9.3943185738057345e-06 2.5654293153054676e-11 -7.3962146843003517e-05 -0.0016732590055380349 0 4.4271426825180625e-08 -1.0410474440078513e-08 3.9347506179274036e-09 -1.6210736246216044e-08 0 0 0 0 -1.1321928638713524e-08 0 -2.2367108664403298e-10 0.00091725040847926299 0 -0.0016087659309374136 0 0.00052977282071217527 4.6389375235515985e-08 -0.039461315545799049 -2.5131946247053237e-05 0
leaf_weight=322 56 192 2151 199 143 145 1634 1003 87 8046 143 143 286 144 151442 519878 9624 11765 1557 24270 960 1842 10408 503 1185804 508 4072 309 1408 109646
leaf_count=322 56 192 2151 199 143 145 1634 1003 87 8046 143 143 286 144 151442 519878 9624 11765 1557 24270 960 1842 10408 503 1185804 508 4072 309 1408 109646
internal_value=5.56209e-05 0.0244626 1.843e-05 0.0108841 0.037907 -0.00335821 0.0454418 0.0043554 -0.00454545 0.0010188 0.01461 0.00810056 0.0224258 -0.000522648 -4.16847e-05 -0.000469001 -0.00306281 -0.00682232 -0.00932773 0.00218965 -0.0133385 -0.00589797 -0.00786878 0.00415778 0.000129199 0.00105915 0.0277037 0.0399795 -0.000365344 0.000416526
internal_weight=2.04869e+06 3117 2.04557e+06 11255 3010 1340 1777 1148 143 8245 859 716 573 287 2.03432e+06 581129 61251 35699 23934 25552 1282 14310 11965 2345 1.45319e+06 267385 6297 4381 1916 261088
internal_count=2048690 3117 2045573 11255 3010 1340 1777 1148 143 8245 859 716 573 287 2034318 581129 61251 35699 23934 25552 1282 14310 11965 2345 1453189 267385 6297 4381 1916 261088
is_linear=0
shrinkage=0.05


Tree=224
num_leaves=31
num_cat=0
split_feature=16 15 15 17 0 0 17 18 0 0 17 10 18 16 17 15 7 0 10 1 10 10 3 11 9 11 15 11 10 1
split_gain=743.993 727.703 522.511 1211.25 250.151 284.693 190.687 155.435 155.334 244.67 130.076 109.542 68.8384 59.9888 58.5408 182.392 368.158 190.801 662.111 149.087 192.725 139.278 360.746 431.169 144.519 124.198 177.48 122.612 111.382 117.374
threshold=inf 1.0030303030303032 inf 1.5000000000000002 -0.5 -0.60355339059327362 1.0000000180025095e-35 0.99475062000551129 -0.9159756150367534 -0.98296291314453399 2.5000000000000004 -1.0000000180025095e-35 -0.0088569976146717216 0.97116770117490592 1.5000000000000002 0.87812695434646659 1.0000000180025095e-35 -0.98296291314453399 -1.0000000180025095e-35 1.0000000180025095e-35 1.0000000180025095e-35 1.0000000180025095e-35 -0.56174490092936669 0.83333333333333337 -1.0000000180025095e-35 0.83333333333333337 0.82160537482319673 0.83333333333333337 1.0000000180025095e-35 0.37940952255126048
decision_type=8 8 8 8 2 2 10 8 2 2 10 2 8 10 8 10 2 2 2 2 2 2 2 2 2 2 10 2 2 2
left_child=2 7 14 4 5 8 -3 11 9 -4 -8 -2 -5 -6 15 16 17 18 -1 20 25 22 27 -24 -25 -18 -27 -17 29 -21
right_child=1 6 3 12 13 -7 10 -9 -10 -11 -12 -13 -14 -15 -16 21 19 -19 -20 28 -22 -23 23 24 -26 26 -28 -29 -30 -31
leaf_value=1.1183554332201649e-11 0.0023146324520174318 -0.00021919592178592506 6.2390341276229975e-07 9.0980130253808254e-05 2.138502177570855e-08 -9.8899507180745866e-09 8.9246026451154474e-06 2.4371578495401941e-11 3.738013087031034e-09 -1.5400199433905243e-08 -7.026403950085333e-05 -0.0015895960552611333 0 1.6180398937908122e-08 0 -1.7967072201911328e-09 -4.9831359300270449e-05 0 -2.1248753231183135e-10 -2.8298952956154362e-09 0 0 0.00022923524612800513 -2.8907471822438249e-05 3.5072381372966841e-08 -7.2770930879802727e-09 3.4953662225443452e-08 -1.4200770413370545e-08 0 4.1378779321048582e-07
leaf_weight=320 56 192 143 199 143 143 145 1634 430 144 1003 87 8046 2007 1453189 433 799 30392 1476 243 16972 516234 1553 43 1206 953 152 409 9154 790
leaf_count=320 56 192 143 199 143 143 145 1634 430 144 1003 87 8046 2007 1453189 433 799 30392 1476 243 16972 516234 1553 43 1206 953 152 409 9154 790
internal_value=5.33268e-05 0.0244626 1.61324e-05 0.0107597 0.037907 0.0151163 -0.00335821 0.0454418 0.0279637 -0.000522648 0.0043554 -0.00454545 0.000848999 0.0470233 -4.33069e-05 -0.000467452 -0.00304811 0.00063533 -0.0152004 -0.00712762 -0.00975842 -0.000163404 0.00957739 0.0182013 0.0400721 -0.0248424 -0.0357014 -0.0191211 -0.00225287 0.0133107
internal_weight=2.04869e+06 3117 2.04557e+06 11255 3010 860 1340 1777 717 287 1148 143 8245 2150 2.03432e+06 581129 61251 32188 1796 29063 18876 519878 3644 2802 1249 1904 1105 842 10187 1033
internal_count=2048690 3117 2045573 11255 3010 860 1340 1777 717 287 1148 143 8245 2150 2034318 581129 61251 32188 1796 29063 18876 519878 3644 2802 1249 1904 1105 842 10187 1033
is_linear=0
shrinkage=0.05


Tree=225
num_leaves=31
num_cat=0
split_feature=16 15 15 17 2 17 18 17 12 1 1 1 1 18 17 15 12 1 15 5 5 17 16 14 1 17 18 15 17 18
split_gain=744.055 727.703 519.16 1214.43 260.962 190.687 155.435 130.076 109.542 72.8986 235.503 121.126 244.67 59.8561 59.119 183.828 483.501 177.316 169.929 113.419 110.539 110.248 1742.87 251.966 163.17 215.946 295.46 212.88 570.577 441.157
threshold=inf 1.0030303030303032 inf 1.5000000000000002 1.0000000180025095e-35 1.0000000180025095e-35 0.99475062000551129 2.5000000000000004 -0.41666666666666657 0.91597561503675351 0.78656609248549303 0.37940952255126048 0.1294095225512602 -0.0088569976146717216 1.5000000000000002 0.87812695434646659 1.0000000180025095e-35 0.1294095225512602 0.61964176362522971 1.0000000180025095e-35 -1.0000000180025095e-35 21.500000000000004 18.419328569054347 1.0000000180025095e-35 0.25881904510252057 8.5000000000000018 0.19064445566212354 9.5016129032258085 10.500000000000002 0.5418859649122808
decision_type=8 8 8 8 2 10 8 10 2 2 2 2 2 8 8 10 2 2 10 2 2 8 10 2 2 10 10 10 10 10
left_child=2 6 14 4 -4 -3 8 -7 -2 10 11 12 -6 -5 15 16 -1 18 -18 20 -19 22 24 -24 25 26 -16 29 -29 -26
right_child=1 5 3 13 9 7 -8 -9 -10 -11 -12 -13 -14 -15 21 -17 17 19 -20 -21 -22 -23 23 -25 27 -27 -28 28 -30 -31
leaf_value=0 0.0021989008294165599 -0.00020823612569662882 1.5371378991012717e-08 8.6431123741117843e-05 5.9270824212418466e-07 8.478372512859676e-06 2.3152999570631846e-11 -6.6750837525810663e-05 -0.0015101162524980766 4.1248835537026186e-08 -9.3954531821708577e-09 3.551112432679482e-09 -1.4630189462209981e-08 0 0 0 0 -0.0029915443357077655 0 0 0.025607965724873189 0 4.4069906473740181e-08 -0.00061645040769065039 0 0 1.1960041928604893e-10 4.2374963700149845e-14 0 0
leaf_weight=25552 56 192 2151 199 143 145 1634 1003 87 143 143 286 144 8046 20221 519878 9624 76 14310 9788 1901 1185804 5582 715 55115 114413 16808 4193 24285 26053
leaf_count=25552 56 192 2151 199 143 145 1634 1003 87 143 143 286 144 8046 20221 519878 9624 76 14310 9788 1901 1185804 5582 715 55115 114413 16808 4193 24285 26053
internal_value=5.23017e-05 0.0244626 1.51058e-05 0.0107241 0.037907 -0.00335821 0.0454418 0.0043554 -0.00454545 0.01461 0.00810056 0.0224258 -0.000522648 0.000800485 -4.41426e-05 -0.000470377 -0.00306117 -0.00681952 -0.00929013 -0.00179346 0.00912999 0.000126308 0.00104344 0.0270367 0.000416526 0.0014801 0.00479894 -0.00105248 0.00266697 -0.00235746
internal_weight=2.04869e+06 3117 2.04557e+06 11255 3010 1340 1777 1148 143 859 716 573 287 8245 2.03432e+06 581129 61251 35699 23934 11765 1977 1.45319e+06 267385 6297 261088 151442 37029 109646 28478 81168
internal_count=2048690 3117 2045573 11255 3010 1340 1777 1148 143 859 716 573 287 8245 2034318 581129 61251 35699 23934 11765 1977 1453189 267385 6297 261088 151442 37029 109646 28478 81168
is_linear=0
shrinkage=0.05


Tree=226
num_leaves=31
num_cat=0
split_feature=16 15 15 18 5 2 18 18 5 10 18 15 12 18 16 1 12 0 15 10 0 1 0 0 15 5 1 5 15 10
split_gain=750.86 727.703 530.03 738.926 512.317 257.43 190.687 155.435 126.591 109.542 97.5535 502.633 118.181 113.528 201.514 124.807 118.017 89.4967 350.731 328.575 407.703 309.97 378.487 367.122 366.184 609.513 230.285 535.199 549.995 231.167
threshold=inf 1.0030303030303032 inf 0.99649736228683605 14.500000000000002 1.0000000180025095e-35 -0.29166666666666657 0.99475062000551129 27.500000000000004 -1.0000000180025095e-35 0.9254525246109877 0.73701079622132271 19.916666666666668 0.92005509641873295 12.036980056980058 0.25881904510252057 11.41666666666667 -0.5 4.6046450017661611 16.500000000000004 -0.60355339059327362 -0.12940952255126037 -0.9159756150367534 -0.70710678118654735 9.5016129032258085 10.500000000000002 -0.3794095225512602 92.500000000000014 25.31789473684211 136.50000000000003
decision_type=8 8 8 10 2 2 10 8 2 2 10 10 2 10 10 2 2 2 10 2 2 2 2 2 10 2 2 2 10 2
left_child=2 7 10 -4 5 -5 -3 9 -6 -2 13 12 -12 -1 15 -15 -17 18 -13 20 21 23 -23 -20 -24 -26 27 28 -21 -28
right_child=1 6 3 4 8 -7 -8 -9 -10 -11 11 17 -14 14 -16 16 -18 -19 19 26 -22 22 24 -25 25 -27 29 -29 -30 -31
leaf_value=0 0.0020889557879457321 -0.00019782431941179737 0 1.4602810041462082e-08 -0.0019744985567866813 3.3735568110455085e-09 8.054453887216692e-06 2.1995349592100253e-11 0.00076892610726657081 -0.0014346104398731728 0 0 0.0014998676409006273 0.00025650985812153627 0.0030069993263596778 -0.001003529131063976 0.00021803071617683973 0 -7.0878560661412114e-06 -8.885908567685198e-07 -9.7968031702652185e-08 3.5025883904766701e-06 -9.7968031702652185e-08 3.2391016494198614e-08 1.888541018311127e-06 -0.0010690924848035719 5.6323588203254734e-07 0.00082550992850694916 -4.8361655459607672e-05 -0.057600687704242697
leaf_weight=1269529 56 192 6840 2265 265 964 1148 1634 921 87 16579 177770 413 441 2880 89 675 523004 2754 1930 1915 2750 1486 1102 544 742 21826 1112 2251 4526
leaf_count=1269529 56 192 6840 2265 265 964 1148 1634 921 87 16579 177770 413 441 2880 89 675 523004 2754 1930 1915 2750 1486 1102 544 742 21826 1112 2251 4526
internal_value=-5.90621e-05 0.0244626 -9.64277e-05 0.0107241 0.0266704 0.0369929 -0.00335821 0.0454418 -0.00143339 -0.00454545 -0.000156293 -0.000604309 -0.00910723 0.000111297 0.00843329 0.0256017 0.0378272 -0.000410038 -0.00125437 -0.00530998 -0.0126317 -0.00833866 -0.000742485 -0.0192168 -0.0137807 0.00575428 -0.00269711 -0.0122142 -0.0204138 -0.000785519
internal_weight=2.04869e+06 3117 2.04557e+06 11255 4415 3229 1340 1777 1186 143 2.03432e+06 760704 16992 1.27361e+06 4085 1205 764 743712 220708 42938 11293 9378 5522 3856 2772 1286 31645 5293 4181 26352
internal_count=2048690 3117 2045573 11255 4415 3229 1340 1777 1186 143 2034318 760704 16992 1273614 4085 1205 764 743712 220708 42938 11293 9378 5522 3856 2772 1286 31645 5293 4181 26352
is_linear=0
shrinkage=0.05


Tree=227
num_leaves=31
num_cat=0
split_feature=16 15 15 16 16 0 0 9 0 0 9 16 1 10 0 4 15 10 1 1 9 16 15 0 14 15 0 11 14 15
split_gain=749.751 727.703 527.386 282.527 970.756 245.048 270.787 185.985 154.126 259.115 128.511 58.4648 240.817 604.335 335.583 390.105 327.737 453.825 495.594 1115.87 327.987 268.844 208.66 208.291 450.917 310.677 228.935 257.244 219.765 204.214
threshold=inf 1.0030303030303032 inf 1.0012315270935963 0.97116770117490592 -0.5 -0.60355339059327362 1.0000000180025095e-35 -0.9159756150367534 -0.98296291314453399 1.5000000000000002 92.338146833786382 1.0000000180025095e-35 99.500000000000014 0.78656609248549325 1.0000000180025095e-35 98.995145631067984 98.500000000000014 0.78656609248549303 0.91597561503675351 98.500000000000014 97.501456421092811 370.7405956112853 0.78656609248549325 1.0000000180025095e-35 149.78549088210352 0.91597561503675362 150.50000000000003 0.7545593041629518 138.56107129019765
decision_type=8 8 8 10 10 2 2 2 2 2 2 10 2 2 2 2 10 2 2 2 2 10 10 2 2 10 2 2 2 10
left_child=2 -2 11 4 -4 6 8 -3 9 -6 -9 -1 14 16 -13 -16 20 -18 -19 21 -14 -20 -17 24 25 -15 27 -25 -29 -26
right_child=1 7 3 -5 5 -7 -8 10 -10 -11 -12 12 13 23 15 22 17 18 19 -21 -22 -23 -24 26 29 -27 -28 28 -30 -31
leaf_value=0 2.0895582112495241e-11 -0.0001879331034412075 0 -3.0902395534045817e-07 5.6290415217742319e-07 1.3872669539388978e-08 -9.09435836361459e-09 7.6517311928558578e-06 3.2048789704932325e-09 -1.4067357829651759e-08 -6.0346738748041196e-05 0.00045806802252277038 0.00013041058101643827 2.2368980400721659e-05 -0.078854568310508799 -8.6017631341735018e-06 0.0021765425188897741 2.6012397756488388e-06 0.00013782164006193742 5.2898414014412816e-06 -0.00025588705583236743 -5.7184913205156331e-05 0.35522247778995952 -9.3556428263000268e-05 -0.010148193757306911 -0.0001418746828882321 0.00010858595122968491 0.0013616243120236559 -0.018060741901055121 0.015221640241632861
leaf_weight=1896707 1777 252 4669 3787 135 2016 130 157 386 132 931 56033 5353 2176 8844 2836 3543 2064 85 1062 681 617 671 1292 6445 4479 10535 3244 719 26932
leaf_count=1896707 1777 252 4669 3787 135 2016 130 157 386 132 931 56033 5353 2176 8844 2836 3543 2064 85 1062 681 617 671 1292 6445 4479 10535 3244 719 26932
internal_value=-4.0953e-05 0.0244626 -7.8291e-05 0.0107152 0.0163565 0.0396392 0.0159004 -0.00335821 0.0290199 -0.000187266 0.00560662 -0.000138007 0.000857126 0.00293599 -0.00124737 -0.0087078 0.0124692 0.0195428 0.0314786 0.0120181 0.00382831 -0.0368946 0.00540348 0.000646698 -0.00127148 -0.0131555 0.00550982 0.0140343 0.0203507 0.00109806
internal_weight=2.04869e+06 3117 2.04557e+06 11255 7468 2799 783 1340 653 267 1088 2.03432e+06 137611 69227 68384 12351 13405 7371 3828 1764 6034 702 3507 55822 40032 6655 15790 5255 3963 33377
internal_count=2048690 3117 2045573 11255 7468 2799 783 1340 653 267 1088 2034318 137611 69227 68384 12351 13405 7371 3828 1764 6034 702 3507 55822 40032 6655 15790 5255 3963 33377
is_linear=0
shrinkage=0.05


Tree=228
num_leaves=31
num_cat=0
split_feature=15 17 0 0 0 0 17 17 15 0 0 1 11 1 0 15 15 18 17 0 0 0 0 15 0 0 1 1 18 14
split_gain=465.82 1408.07 256.262 284.693 155.334 244.67 106.258 242.914 919.208 764.137 283.306 411.256 209.467 276.688 538.764 1008.16 756.841 607.96 496.281 507.603 509.812 405.877 758.003 317.051 1139.05 673.35 641.375 259.705 242.588 369.842
threshold=617.36184210526324 1.5000000000000002 -0.5 -0.60355339059327362 -0.9159756150367534 -0.98296291314453399 12.500000000000002 21.500000000000004 19.442072271386433 -0.5 0.37940952255126054 -0.70710678118654757 2.8333333333333335 0.25881904510252057 0.60355339059327384 9.5016129032258085 9.1399428804569585 0.99930651872399456 4.5000000000000009 -0.25881904510252113 0.98296291314453421 -0.37940952255126065 -0.60355339059327362 9.8576036866359456 0.60355339059327384 0.98296291314453421 0.1294095225512602 0.1294095225512602 0.99930651872399456 1.0000000180025095e-35
decision_type=8 8 2 2 2 2 8 8 10 2 2 2 2 2 2 10 10 10 10 2 2 2 2 10 2 2 2 2 10 2
left_child=6 2 3 4 5 -2 12 8 -8 -10 -11 -12 -1 18 15 -15 28 -17 19 27 -21 22 -19 -20 26 -26 -25 -14 29 -16
right_child=1 -3 -4 -5 -6 -7 7 -9 9 10 11 -13 13 14 16 17 -18 21 23 20 -22 -23 -24 24 25 -27 -28 -29 -30 -31
leaf_value=0 5.3475894456855201e-07 0 1.3179036062419529e-08 -8.6396404454338608e-09 3.0446350219685712e-09 -1.3363989938169172e-08 0 0 -5.6621244093027417e-06 6.7650985342519729e-08 -4.2010075499999216e-05 4.0295662600663353e-08 3.2385036473234317e-08 0 -9.3309127519096635e-07 -3.7665394786534005e-06 -2.1187481850074925e-15 1.7941139673955708e-06 1.1366277328544664e-10 -5.9800209643024463e-12 8.7549621521503156e-09 4.2486476762518657e-14 -8.2284708700757026e-08 -8.9445214236881377e-13 0.00087562949423471517 -1.6645790128917777e-07 4.8730551378295529e-06 -5.9835694903034236e-12 0 0.00015551416198467412
leaf_weight=658654 143 13459 2293 143 430 144 103516 1182510 1563 2084 200 2991 873 19785 2963 1203 2221 621 38892 1502 269 2041 388 2700 1370 669 352 209 3434 1068
leaf_count=658654 143 13459 2293 143 430 144 103516 1182510 1563 2084 200 2991 873 19785 2963 1203 2221 621 38892 1502 269 2041 388 2700 1370 669 352 209 3434 1068
internal_value=-2.24534e-05 0.00831628 0.038392 0.0151163 0.0279637 -0.000522648 -9.06215e-05 0.000182773 0.00242628 0.0201813 0.0292796 0.0199154 -0.00056878 -0.00297542 -0.00642866 -0.00241701 -0.0163845 0.0196685 -0.00048894 -0.0206975 -0.0371824 0.031541 0.0055996 0.000821908 -0.0109114 0.0180235 -0.0302425 0.00628466 -0.00876088 -0.0170801
internal_weight=2.04869e+06 16612 3153 860 717 287 2.03208e+06 1.29286e+06 110354 6838 5275 3191 739214 80560 33724 24038 9686 4253 46836 2853 1771 3050 1009 43983 5091 2039 3052 1082 7465 4031
internal_count=2048690 16612 3153 860 717 287 2032078 1292864 110354 6838 5275 3191 739214 80560 33724 24038 9686 4253 46836 2853 1771 3050 1009 43983 5091 2039 3052 1082 7465 4031
is_linear=0
shrinkage=0.05


Tree=229
num_leaves=31
num_cat=0
split_feature=16 15 15 18 5 2 18 18 5 16 16 1 15 0 1 0 18 18 1 15 15 18 12 18 9 15 0 5 1 2
split_gain=749.663 727.703 527.245 737.651 514.567 257.43 190.687 155.435 125.891 119.821 388.255 797.694 1187.41 519.087 796.671 498.897 289.456 218.209 132.069 299.003 259.94 139.352 135.394 131.846 118.145 167.021 173.357 157.709 136.057 115.063
threshold=inf 1.0030303030303032 inf 0.99649736228683605 14.500000000000002 1.0000000180025095e-35 -0.29166666666666657 0.99475062000551129 27.500000000000004 97.501456421092811 99.015320334261858 -0.60355339059327384 98.995145631067984 0.60355339059327384 0.91597561503675351 -0.60355339059327362 0.9923175290182964 0.99930651872399456 0.1294095225512602 98.995145631067984 98.995145631067984 0.97938852384728681 98.750000000000014 0.99930651872399456 80.500000000000014 92.71320346320347 -0.9159756150367534 43.500000000000007 0.60355339059327384 -0.60785761079279388
decision_type=8 8 8 10 2 2 10 8 2 10 10 2 10 2 2 2 10 10 2 10 10 10 2 10 2 10 2 2 2 2
left_child=2 7 9 -4 5 -5 -3 -2 -6 -1 11 12 17 14 15 18 -15 -11 20 21 22 -20 -13 -16 27 26 -26 -12 -29 -18
right_child=1 6 3 4 8 -7 -8 -9 -10 10 24 13 -14 16 23 -17 29 -19 19 -21 -22 -23 -24 -25 25 -27 -28 28 -30 -31
leaf_value=0 -0.0012947897163286452 -0.00017853644826914714 0 1.2520084259298552e-08 -0.00187575817774958 2.8924032708701427e-09 7.2684856814099436e-06 1.9850803006870478e-11 0.00073049525310100929 -0.050088171341068223 0.00014342617065012694 -0.022449511763878806 -0.00059154893078234064 -7.4849801373650464e-05 -0.014067697163468474 -5.4325667544898515e-05 8.1028095659363219e-08 0.013564355455539915 0.14444688417513146 0.00016936531380413455 -0.0017930086174209631 -0.0020309694454135035 0.0055093742133836198 5.0253493313692177e-06 -0.58830560058941861 7.7981903297321339e-05 -0.040893039341759009 0.11939260380181621 0.67971206787971961 2.4711777868663972e-06
leaf_weight=1906721 143 192 6840 2265 265 964 1148 1634 921 623 8529 166 1236 380 104 729 368 877 145 286 138 337 514 1022 1465 96603 5555 5210 1055 2255
leaf_count=1906721 143 192 6840 2265 265 964 1148 1634 921 623 8529 166 1236 380 104 729 368 877 145 286 138 337 514 1022 1465 96603 5555 5210 1055 2255
internal_value=-3.95131e-05 0.0244626 -7.68489e-05 0.0107152 0.0266478 0.0369929 -0.00335821 0.0454418 -0.00151771 -0.000136557 0.00134682 0.0112527 -0.011367 0.0208566 0.00759954 -0.00917927 0.0360473 0.0185333 0.00655738 -0.00833333 0.0205379 -0.0323651 0.0332353 0.0420959 0.000578886 -1.78532e-05 -0.00746439 0.00475869 0.0107821 0.0419558
internal_weight=2.04869e+06 3117 2.04557e+06 11255 4415 3229 1340 1777 1186 2.03432e+06 127597 9180 2736 6444 3441 2315 3003 1500 1586 768 818 482 680 1126 118417 103623 7020 14794 6265 2623
internal_count=2048690 3117 2045573 11255 4415 3229 1340 1777 1186 2034318 127597 9180 2736 6444 3441 2315 3003 1500 1586 768 818 482 680 1126 118417 103623 7020 14794 6265 2623
is_linear=0
shrinkage=0.05


Tree=230
num_leaves=31
num_cat=0
split_feature=16 7 3 9 18 18 16 10 1 0 0 1 1 18 0 1 10 9 9 2 2 5 10 16 10 5 18 1 1 1
split_gain=751.121 384.804 320.322 296.505 172.364 74.8282 64.3877 210.145 548.156 536.537 356.314 305.18 316.898 321.508 330.006 383.412 296.124 274.133 262.233 186.899 185.703 152.628 203.201 135.601 118.105 239.966 219.301 580.524 432.356 378.244
threshold=inf 1.5000000000000002 -0.56174490092936669 1.0000000180025095e-35 0.40038910505836584 -0.028594771241830061 97.501456421092811 99.500000000000014 0.91597561503675351 0.91597561503675362 0.25881904510252091 0.78656609248549303 0.60355339059327384 0.89486842105263176 0.78656609248549325 0.37940952255126048 98.500000000000014 98.500000000000014 98.500000000000014 -0.60785761079279388 -0.60785761079279388 115.50000000000001 147.50000000000003 121.09588353413656 32.500000000000007 36.500000000000007 0.99930651872399456 -0.70710678118654757 0.91597561503675351 0.78656609248549303
decision_type=8 2 2 2 8 10 10 2 2 2 2 2 2 10 2 2 2 2 2 2 2 2 2 10 2 2 10 2 2 2
left_child=6 2 3 -2 5 -4 24 8 9 10 -8 12 13 -12 -15 20 23 -11 -14 -17 -16 -9 -23 -10 -1 26 -26 -28 29 -29
right_child=1 -3 4 -5 -6 -7 7 21 16 17 11 -13 18 14 15 19 -18 -19 -20 -21 -22 22 -24 -25 25 -27 27 28 -30 -31
leaf_value=0 -0.00016960962585568979 -6.1162105690549406e-05 0.0020492474833200985 6.9050613973394466e-06 1.8858262856526956e-11 -0.0012300502305122129 0.0052339055027144392 -0.0084234015257459143 -0.0094678742983475006 -0.00040552018522589618 0.00091385864834966273 -5.1609384167653594e-05 -0.001458941286065555 -0.00021719423366854803 -6.4388746958359323e-05 7.6976690876395055e-08 4.774081864800757e-06 1.0939150922154885e-05 1.3549433254086571e-06 -4.2530793683956654e-08 0.003877790072925812 0.0058249071951864285 -7.6808886506983545e-05 0.0035059664874250497 -0.00083348774271812089 -2.3256589317641235e-07 -2.2404624850319531e-05 -2.0509829400846342e-05 -2.2657557667133698e-07 3.9789403510118031e-07
leaf_weight=1748034 220 951 62 143 1627 114 18790 9100 326 526 2478 597 143 1227 62 63 1007 1339 449 403 378 16722 74401 390 15103 148783 1055 2937 755 505
leaf_count=1748034 220 951 62 143 1627 114 18790 9100 326 526 2478 597 143 1227 62 63 1007 1339 449 403 378 16722 74401 390 15103 148783 1055 2937 755 505
internal_value=-6.33332e-05 0.0244626 0.0361034 -0.00674931 0.044731 -0.00227273 -0.000100705 0.000983248 0.00479807 0.00301833 0.00105734 -0.00977586 -0.00589083 -0.0103123 -0.0245429 -0.00165563 0.0321242 0.028874 0.0285473 -0.0332618 0.0318182 -8.93009e-05 0.000527309 0.0075419 -0.000173302 -0.00143492 -0.00652665 -0.0153275 -0.00699309 0.000522952
internal_weight=2.04869e+06 3117 2166 363 1803 176 2.04557e+06 128401 28178 26455 24590 5800 5203 4611 2133 906 1723 1865 592 466 440 100223 91123 716 1.91717e+06 169138 20355 5252 4197 3442
internal_count=2048690 3117 2166 363 1803 176 2045573 128401 28178 26455 24590 5800 5203 4611 2133 906 1723 1865 592 466 440 100223 91123 716 1917172 169138 20355 5252 4197 3442
is_linear=0
shrinkage=0.05


Tree=231
num_leaves=31
num_cat=0
split_feature=1 14 14 18 6 6 6 18 6 6 18 0 12 1 14 14 6 6 0 6 0 0 6 0 6 0 6 6 0 6
split_gain=66.8634 94.7913 110.164 123.266 118.184 202.897 142.338 141.199 101.845 202.961 87.5943 106.478 284.052 464.809 407.003 293.919 360.05 1115.39 809.112 377.064 283.725 269.387 175.788 421.556 215.576 368.852 337.09 342.004 335.718 296.915
threshold=0.98296291314453421 11.463104666829318 1.0000000180025095e-35 -1.0000000180025095e-35 9.5000000000000018 105.50000000000001 12.500000000000002 0.96125395785566126 94.500000000000014 76.500000000000014 0.9254525246109877 -0.5 8.9166666666666696 -0.12940952255126037 1.0000000180025095e-35 1.0000000180025095e-35 41.500000000000007 27.500000000000004 -0.78656609248549292 84.500000000000014 -0.60355339059327362 -0.9159756150367534 9.5000000000000018 -0.9159756150367534 56.500000000000007 -0.9159756150367534 28.500000000000004 19.500000000000004 -0.70710678118654735 14.500000000000002
decision_type=2 2 2 10 2 2 2 10 2 2 10 2 2 2 2 2 2 2 2 2 2 2 2 2 2 2 2 2 2 2
left_child=10 2 4 -4 -2 6 -6 -8 9 -9 -1 12 -12 14 22 16 17 18 -15 -18 -21 -19 23 -14 26 -26 27 28 -24 -30
right_child=1 -3 3 -5 5 -7 7 8 -10 -11 11 -13 13 15 -16 -17 19 21 -20 20 -22 -23 24 -25 25 -27 -28 -29 29 -31
leaf_value=0 0 0.091368819263562662 0.0001071841648772678 -0.0014401880741533729 3.8131891677016412e-14 -0.00042291716212771319 -9.9251394933636991e-06 3.3965160781123797e-09 -1.885177072082901e-09 3.6683670633551947e-05 0 0 -2.291660749469726e-07 1.7044082690257923e-06 0.00017038236185549176 -0.0084943623910863023 -0.00071142529973422313 8.5932684920409549e-06 -9.3069630117519581e-08 -0.00010079822702179415 4.637060465907983e-05 2.4329832509102769e-06 -3.9138614971140252e-05 3.2385333355534343e-08 0.00082503602919828498 -0.00090971892773549943 -2.7803721090615341e-05 -2.391093004198516e-07 -4.1825911651171302e-05 8.6527804219383912e-08
leaf_weight=1232710 61391 599 401 15738 1023 680 1877 2739 1026 650 186114 500374 279 4339 3729 14102 1867 1485 3400 1675 1114 2494 1820 434 754 1228 2046 1749 484 369
leaf_count=1232710 61391 599 401 15738 1023 680 1877 2739 1026 650 186114 500374 279 4339 3729 14102 1867 1485 3400 1675 1114 2494 1820 434 754 1228 2046 1749 484 369
internal_value=-6.60178e-05 0.00129755 0.00115873 -0.00256212 0.00202418 0.00774234 0.0101709 0.00735855 0.0122424 0.0164208 -0.000125856 -0.000559973 -0.00145175 -0.00509592 -0.0130546 -0.00172923 0.00282765 0.00750128 -0.00355989 -0.00893471 0.00270706 0.0290148 -0.018722 0.00511921 -0.0207337 -0.00630676 -0.0251546 -0.0173903 -0.0286382 -0.00275498
internal_weight=2.04869e+06 86124 85525 16139 69386 7995 7315 6292 4415 3389 1.96257e+06 729856 229482 43368 12892 30476 16374 11718 7739 4656 2789 3979 9163 713 8450 1982 6468 4422 2673 853
internal_count=2048690 86124 85525 16139 69386 7995 7315 6292 4415 3389 1962566 729856 229482 43368 12892 30476 16374 11718 7739 4656 2789 3979 9163 713 8450 1982 6468 4422 2673 853
is_linear=0
shrinkage=0.05


Tree=232
num_leaves=31
num_cat=0
split_feature=16 12 18 18 2 2 5 18 16 10 18 16 1 12 5 7 1 12 5 5 5 10 5 14 16 5 16 14 0 16
split_gain=758.433 376.42 135.89 86.5701 73.0397 289.824 319.882 63.5574 266.736 139.375 108.425 206.644 125.674 114.697 96.4359 94.046 92.3982 353.675 1362.1 579.824 1471.72 525.571 406.895 262.275 298.929 195.642 185.35 169.836 123.371 271.84
threshold=inf 1.4166666666666667 0.40038910505836584 -0.028594771241830061 -1.0000000180025095e-35 -0.60785761079279388 1.0000000180025095e-35 0.9254525246109877 0.84537778079218684 2.5000000000000004 0.92005509641873295 12.036980056980058 0.25881904510252057 11.41666666666667 7.5000000000000009 -1.0000000180025095e-35 -0.9159756150367534 2.4166666666666674 12.500000000000002 28.500000000000004 48.500000000000007 16.500000000000004 86.500000000000014 1.0000000180025095e-35 2.5063103216396123 4.5000000000000009 16.893650793650796 1.0000000180025095e-35 -0.5 74.831324211922137
decision_type=8 2 8 10 2 2 2 10 10 2 10 10 2 2 2 2 2 2 2 2 2 2 2 2 10 2 10 2 2 10
left_child=7 2 3 -2 5 -4 -7 10 9 15 -1 12 -12 -14 -11 -9 17 -10 23 21 26 -20 -22 24 25 -19 -21 -23 29 -18
right_child=1 -3 4 -5 -6 6 -8 8 16 14 11 -13 13 -15 -16 -17 28 18 19 20 22 27 -24 -25 -26 -27 -28 -29 -30 -31
leaf_value=0 0.0019467851091540937 -5.8103906147168323e-05 1.7915349713700607e-11 -0.0012366379215822502 1.7915349713700607e-11 -0.00016112914456290527 6.5598083274724747e-06 0.00073578777624278859 0 -1.166315962857478e-11 0.00024368436521545944 0.0021916720226365779 -0.00095335267451077729 0.00020712918036799776 -5.618201036501766e-06 0 0 -5.6386449523871745e-12 -3.9104756530761741e-12 -6.185127642436128e-05 0.0012743031027661876 9.0437036651077754e-08 -0.00020633452198512062 -0.038627368107676967 -5.6407637005721828e-12 1.079796346211743e-10 -2.3683714759407301e-06 0.004378482708418693 0 -0.0014839421361350345
leaf_weight=1275896 67 954 656 129 976 192 143 253 62026 417 443 2893 91 675 677 34929 204568 183 1543 313 1273 1946 2959 667 2434 344 2181 710 435580 12572
leaf_count=1275896 67 954 656 129 976 192 143 253 62026 417 443 2893 91 675 677 34929 204568 183 1543 313 1273 1946 2959 667 2434 344 2181 710 435580 12572
internal_value=-5.40833e-05 0.024591 0.0361304 -0.00357143 0.0400864 0.0305247 -0.00731343 -9.16369e-05 -0.000452013 -0.00463667 0.000123906 0.00823988 0.0255997 0.037859 -0.0222121 -0.00409016 -0.000243864 -0.00188694 -0.00890194 -8.69565e-05 -0.00918822 0.0144915 0.00876654 -0.0354465 -0.0418271 -0.00768501 -0.0396552 0.0279744 -5.10939e-05 -0.00102468
internal_weight=2.04869e+06 3117 2163 196 1967 991 335 2.04557e+06 765575 36276 1.28e+06 4102 1209 766 1094 35182 729299 76579 14553 10925 6726 4199 4232 3628 2961 527 2494 2656 652720 217140
internal_count=2048690 3117 2163 196 1967 991 335 2045573 765575 36276 1279998 4102 1209 766 1094 35182 729299 76579 14553 10925 6726 4199 4232 3628 2961 527 2494 2656 652720 217140
is_linear=0
shrinkage=0.05


Tree=233
num_leaves=31
num_cat=0
split_feature=16 17 3 11 17 11 17 16 0 17 1 17 0 0 0 16 12 12 1 16 0 0 18 0 0 18 18 17 18 17
split_gain=757.976 488.761 347.224 309.094 76.5081 298.612 276.913 1544.66 930.396 282.066 223.988 451.645 493.181 498.244 418.034 1016.15 476.306 430.477 336.781 432.733 970.665 764.088 310.908 302.157 507.522 328.235 291.555 277.137 257.537 288.048
threshold=inf 2.5000000000000004 -0.56174490092936669 1.0000000180025095e-35 12.500000000000002 2.8333333333333335 21.500000000000004 18.419328569054347 -0.5 20.500000000000004 0.25881904510252057 4.5000000000000009 -0.25881904510252113 0.98296291314453421 0.60355339059327384 9.8129297642436164 9.9166666666666696 11.083333333333334 0.1294095225512602 9.5723562152133592 0.60355339059327384 0.98296291314453421 0.90717967599410909 -0.37940952255126065 -0.60355339059327362 0.99930651872399456 0.91473032238208829 10.500000000000002 0.90717967599410909 10.500000000000002
decision_type=8 10 2 2 8 2 8 10 2 10 2 10 2 2 2 10 2 2 2 10 2 2 10 2 2 10 10 10 10 10
left_child=4 2 3 -2 5 -1 7 -6 -9 -10 11 12 -7 -14 15 -12 28 -18 19 -13 22 27 -21 24 -17 -25 -20 -22 29 -16
right_child=1 -3 -4 -5 6 10 -8 8 9 -11 14 18 13 -15 16 23 17 -19 26 20 21 -23 -24 25 -26 -27 -28 -29 -30 -31
leaf_value=0 -0.00015307268733476002 -5.5198710839809909e-05 1.7019582228015578e-11 6.2318179110988501e-06 0 3.0765784649572603e-08 0 -1.8977889410650727e-05 3.9851628020020007e-08 -0.037534701367334271 0 1.0793725965747415e-10 -5.6810199160873243e-12 8.3172140445427989e-09 -8.8643671143141799e-07 1.7090617505316684e-06 -2.0128107757571179e-15 1.0593740925037463e-16 3.8987525578247879e-05 -0.00033915646487399191 0.00083184801952297942 -1.5813500622471885e-07 -8.4972953525037316e-13 -3.5782125047207301e-06 -7.351699175984319e-08 4.036215292439272e-14 3.8408901035615915e-06 -0.018904165031435452 0 2.2895380154671773e-05
leaf_weight=661214 198 1121 1654 144 104435 1094 1192591 1929 4113 315 21376 35147 1517 269 3022 641 2113 263 2002 875 1106 533 3043 203 324 1542 1092 450 3235 1129
leaf_count=661214 198 1121 1654 144 104435 1094 1192591 1929 4113 315 21376 35147 1517 269 3022 641 2113 263 2002 875 1106 533 3043 203 324 1542 1092 450 3235 1129
internal_value=-4.6664e-05 0.024591 0.0394289 -0.00643275 -8.42062e-05 -0.00048943 0.000146542 0.00253764 0.0264669 0.0390921 -0.00335532 -0.00112672 -0.0203125 -0.0365062 -0.00645828 -0.00292078 -0.0151864 -0.0346591 0.000122039 -0.00107401 -0.0134759 0.0140498 -0.0281521 0.0259225 0.0034715 0.0383381 0.016031 0.0317481 -0.00892229 -0.0171645
internal_weight=2.04869e+06 3117 1996 342 2.04557e+06 742190 1.30338e+06 110792 6357 4428 80976 47128 2880 1786 33848 24086 9762 2376 44248 41154 6007 2089 3918 2710 965 1745 3094 1556 7386 4151
internal_count=2048690 3117 1996 342 2045573 742190 1303383 110792 6357 4428 80976 47128 2880 1786 33848 24086 9762 2376 44248 41154 6007 2089 3918 2710 965 1745 3094 1556 7386 4151
is_linear=0
shrinkage=0.05


Tree=234
num_leaves=31
num_cat=0
split_feature=16 15 15 17 2 17 17 17 17 17 16 0 17 11 17 1 0 1 0 15 15 12 17 1 16 0 0 15 0 0
split_gain=757.691 718.828 527.51 1215.22 260.962 193.163 130.336 128.036 118.708 291.611 1598.2 963.443 281.254 256.594 219.457 338.237 505.005 322.371 432.879 1048.33 592.809 465.82 394.594 337.664 447.531 986.08 787.508 327.513 294.604 758.676
threshold=inf 1.0030303030303032 inf 1.5000000000000002 1.0000000180025095e-35 1.0000000180025095e-35 4.5000000000000009 2.5000000000000004 12.500000000000002 21.500000000000004 18.419328569054347 -0.5 20.500000000000004 2.8333333333333335 4.5000000000000009 -0.3794095225512602 -0.25881904510252113 0.25881904510252057 0.60355339059327384 9.5016129032258085 9.1399428804569585 11.083333333333334 10.500000000000002 0.1294095225512602 9.5723562152133592 0.60355339059327384 0.98296291314453421 9.5016129032258085 -0.37940952255126065 -0.60355339059327362
decision_type=8 8 8 8 2 10 10 10 8 8 10 2 10 2 10 2 2 2 2 10 10 2 10 2 10 2 2 10 2 2
left_child=2 6 8 4 -4 -3 -2 -7 13 10 -10 -12 -13 -1 15 16 -15 23 19 -19 -20 -22 28 24 -16 27 -27 -26 29 -21
right_child=1 5 3 -5 -6 7 -8 -9 9 -11 11 12 -14 14 17 -17 -18 18 20 22 21 -23 -24 -25 25 26 -28 -29 -30 -31
leaf_value=0 1.6168603116614797e-11 -0.00014541905296802202 1.1894080046333627e-08 0 2.7477831073266356e-09 5.9202270155439077e-06 -0.0011039558873654992 -5.2438775297819408e-05 0 0 -1.8028994940118189e-05 3.7859046619019007e-08 -0.035508682776050182 2.9227495417093972e-08 1.0254039667460044e-10 -5.3969689202829577e-12 -5.3969689202829577e-12 0 0 1.6236086630050849e-06 -1.9121702369692619e-15 1.006405387878559e-16 -2.5335808875258562e-12 4.154774697635309e-06 -5.2555592441643557e-12 0.00079025561854683042 -1.5022825591348291e-07 -8.072430584878544e-13 3.8344045278173088e-14 -6.9841142171851029e-08
leaf_weight=657861 1667 192 2151 8245 859 145 110 1003 103909 1185804 1916 4072 309 418 34961 3420 1271 18194 6712 561 1964 257 1556 3070 871 1536 526 3019 1760 351
leaf_count=657861 1667 192 2151 8245 859 145 110 1003 103909 1185804 1916 4072 309 418 34961 3420 1271 18194 6712 561 1964 257 1556 3070 871 1536 526 3019 1760 351
internal_value=-4.20269e-05 0.024591 -7.95621e-05 0.0107152 0.037907 -0.0030597 0.0454418 0.00470383 -0.000139285 0.000148996 0.0026092 0.0270684 0.0400023 -0.000645327 -0.00331088 -0.0133392 -0.0316459 -0.00263081 -0.00650454 -0.00279636 -0.0158122 -0.0382035 0.019631 0.000130732 -0.00106934 -0.0137433 0.0142095 -0.0285604 0.0312874 0.00822368
internal_weight=2.04869e+06 3117 2.04557e+06 11255 3010 1340 1777 1148 2.03432e+06 1.29601e+06 110206 6297 4381 738308 80447 5109 1689 75338 31355 22422 8933 2221 4228 43983 40913 5952 2062 3890 2672 912
internal_count=2048690 3117 2045573 11255 3010 1340 1777 1148 2034318 1296010 110206 6297 4381 738308 80447 5109 1689 75338 31355 22422 8933 2221 4228 43983 40913 5952 2062 3890 2672 912
is_linear=0
shrinkage=0.05


Tree=235
num_leaves=31
num_cat=0
split_feature=16 15 15 16 16 2 9 9 0 0 0 0 10 15 10 16 13 16 1 2 15 0 7 15 10 16 5 0 0 16
split_gain=758.466 718.828 528.744 282.527 970.756 246.293 188.864 126.262 69.3547 231.637 129.734 252.062 53.209 588.91 249.224 124.621 119.079 193.512 358.516 206.81 186.897 98.1477 97.7109 97.478 440.897 362.834 376.674 589.781 311.937 279.453
threshold=inf 1.0030303030303032 inf 1.0012315270935963 0.97116770117490592 1.0000000180025095e-35 1.0000000180025095e-35 1.5000000000000002 -0.98296291314453399 -0.9159756150367534 -0.60355339059327362 -0.37940952255126065 1.0000000180025095e-35 0.82160537482319673 16.500000000000004 0.76325809475733764 2.4719640003162362 46.829730431770962 0.60355339059327384 -0.60785761079279388 174.74316334072435 -1.0000000180025095e-35 40.500000000000007 10.862227143309083 20.500000000000004 18.419328569054347 19.500000000000004 1.0000000180025095e-35 -1.0000000180025095e-35 20.00179856115108
decision_type=8 8 8 10 10 2 2 2 2 2 2 2 2 10 2 10 2 10 2 2 10 2 2 10 2 10 2 2 2 10
left_child=2 -2 12 4 -4 -6 -3 -8 -7 -10 -11 -12 16 14 15 -14 17 -1 -19 -20 -21 -16 -18 -15 25 -25 28 -28 -27 -29
right_child=1 6 3 -5 5 8 7 -9 9 10 11 -13 13 23 21 -17 22 18 19 20 -22 -23 -24 24 -26 26 27 29 -30 -31
leaf_value=0 1.5360172960784058e-11 -0.0001381481003196209 0 -2.9419819569721939e-07 1.1299376044016945e-08 5.0773898802121458e-07 5.6242156647667126e-06 -3.3812578310728875e-05 -1.2977799760170553e-08 2.6103939519603036e-09 -8.4896677420720059e-09 3.7383121320622339e-08 0 0 0.00031683526575605379 0 0.015129058907735193 -4.0547328055358571e-05 0.00011979682682688986 -0.001184445205398971 0.00042051145662575732 0.0025749754869742311 -0.30304739118256308 0 -1.0631210664108735e-07 0.071909010597547604 2.224358477850657e-05 3.4395345738678268e-08 -0.0077443723311648865 0.010534350536510402
leaf_weight=849286 1777 252 4669 3787 2013 135 157 931 132 259 130 130 11497 691838 1519 18923 3528 8737 517 1857 241 905 149 65652 353302 9966 8683 3088 3860 770
leaf_count=849286 1777 252 4669 3787 2013 135 157 931 132 259 130 130 11497 691838 1519 18923 3528 8737 517 1857 241 905 149 65652 353302 9966 8683 3088 3860 770
internal_value=-5.46203e-05 0.024591 -9.21747e-05 0.0107152 0.0163565 0.0396392 -0.0030597 0.00597426 0.0159033 0.00913978 0.0241811 -0.000769231 -0.000151967 -0.000371751 -0.00697235 -0.00820184 0.000145549 0.000107188 -0.00637773 -0.0226195 -0.0295996 0.0084571 0.00912429 -0.000181109 0.000395894 0.00347863 0.00843289 0.0147078 0.00274121 0.0309746
internal_weight=2.04869e+06 3117 2.04557e+06 11255 7468 2799 1340 1088 786 651 519 260 2.03432e+06 1.17e+06 32844 30420 864315 860638 11352 2615 2098 2424 3677 1.13716e+06 445321 92019 26367 12541 13826 3858
internal_count=2048690 3117 2045573 11255 7468 2799 1340 1088 786 651 519 260 2034318 1170003 32844 30420 864315 860638 11352 2615 2098 2424 3677 1137159 445321 92019 26367 12541 13826 3858
is_linear=0
shrinkage=0.05


Tree=236
num_leaves=31
num_cat=0
split_feature=15 17 2 18 15 17 18 11 13 12 0 15 0 10 0 17 0 0 0 0 5 13 0 0 0 0 15 10 0 15
split_gain=471.141 1408.07 267.104 117.771 497.084 120.087 109.3 192.954 90.4957 143.866 98.7162 96.9074 84.9196 83.7939 89.7131 116.895 80.6602 122.956 77.408 76.5216 73.7883 73.3091 72.8986 235.503 121.126 244.67 69.8643 408.056 313.403 213.022
threshold=617.36184210526324 1.5000000000000002 1.0000000180025095e-35 0.9254525246109877 0.73701079622132271 20.500000000000004 0.92005509641873295 12.16666666666667 1.0000000180025095e-35 0.91666666666666685 0.91597561503675362 -0.031293349653202768 -0.70710678118654735 505.50000000000006 0.37940952255126054 732.00000000000011 -0.5 -0.9159756150367534 0.91597561503675362 0.78656609248549325 476.50000000000006 1.9702113754102264 -0.37940952255126065 -0.60355339059327362 -0.9159756150367534 -0.98296291314453399 20.00357142857143 16.500000000000004 1.0000000180025095e-35 23.967845326716297
decision_type=8 8 2 10 10 10 10 2 2 2 2 10 2 2 2 10 2 2 2 2 2 2 2 2 2 2 10 2 2 10
left_child=3 2 -2 6 5 8 13 12 9 -5 16 -11 -8 20 -15 19 17 -10 -14 -16 -1 -17 23 24 25 -4 27 -6 -29 -28
right_child=1 -3 22 4 26 -7 7 -9 10 11 -12 -13 18 14 15 21 -18 -19 -20 -21 -22 -23 -24 -25 -26 -27 29 28 -30 -31
leaf_value=0 1.0734407241816097e-08 0 4.8235203862015391e-07 -5.1166271986670835e-09 0 0.0018500441790523872 -0.049599607052489156 0.0033230712498033008 0.00068709139337992187 -2.1603884463749771e-11 -0.0016052467335632614 0 0.00019677272134959787 -1.660616991430516 0.61548816568419795 0.047799821663237735 0.00059020127353847046 -2.6252940937232215e-05 0.00020726439025185993 -0.62567774338297588 0.46908229038629501 -1.3580329730995133 3.5513965254591219e-08 -8.0651843549684055e-09 2.4798742543622885e-09 -1.2328909772162024e-08 -1.5739035198418769e-06 1.1966746117029264e-08 4.7373102471488267e-08 -2.1562199318553735e-07
leaf_weight=1266084 2294 13459 143 1755 583991 441 126 2794 583 1069 135 10916 811 486 397 224 1380 723 250 129 534 375 143 143 286 144 6553 9001 10575 132746
leaf_count=1266084 2294 13459 143 1755 583991 441 126 2794 583 1069 135 10916 811 486 397 224 1380 723 250 129 534 375 143 143 286 144 6553 9001 10575 132746
internal_value=-6.99471e-05 0.00831628 0.038392 -0.000138504 -0.000631031 -0.00908423 0.000155674 0.00842753 -0.00976994 -0.0114447 -0.0016129 -0.00948686 0.0253159 0.000129708 -0.0112663 -0.00351111 0.000483991 -0.00842266 0.0299246 0.0136882 0.000144203 -0.0186144 0.01461 0.00810056 0.0224258 -0.000522648 -0.000437562 -0.000204617 0.0068962 -0.00144689
internal_weight=2.04869e+06 16612 3153 2.03208e+06 759868 17002 1.27221e+06 3981 16561 13740 2821 11985 1187 1.26823e+06 1611 1125 2686 1306 1061 526 1.26662e+06 599 859 716 573 287 742866 603567 19576 139299
internal_count=2048690 16612 3153 2032078 759868 17002 1272210 3981 16561 13740 2821 11985 1187 1268229 1611 1125 2686 1306 1061 526 1266618 599 859 716 573 287 742866 603567 19576 139299
is_linear=0
shrinkage=0.05


Tree=237
num_leaves=31
num_cat=0
split_feature=16 15 15 18 5 2 18 18 15 10 0 18 16 0 0 9 5 14 16 0 0 0 0 18 16 15 16 18 18 18
split_gain=759.11 718.828 529.77 737.651 514.567 257.43 193.163 155.435 118.032 396.038 361.013 291.228 290.107 1088.56 520.292 207.288 189.798 185.792 220.943 648.303 1053.21 561.981 619.627 351.14 277.36 284.411 231.565 205.422 184.025 169.396
threshold=inf 1.0030303030303032 inf 0.99649736228683605 14.500000000000002 1.0000000180025095e-35 -0.29166666666666657 0.99475062000551129 96.43167701863355 117.50000000000001 0.60355339059327384 0.99930651872399456 84.285221143473578 0.98296291314453421 0.91597561503675362 93.500000000000014 104.50000000000001 0.63226727006295136 97.501456421092811 0.25881904510252091 -0.37940952255126065 0.37940952255126054 -0.37940952255126065 0.99004950495049515 75.853299856527997 99.012987012987026 99.015320334261858 0.99004950495049515 0.80870695256660186 0.79277003484320574
decision_type=8 8 8 10 2 2 10 8 10 2 2 10 10 2 2 2 2 2 10 2 2 2 2 10 10 10 10 10 10 10
left_child=2 7 8 -4 5 -5 -3 -2 15 10 17 16 13 -13 -14 -1 -12 18 21 20 -20 22 29 -22 25 -24 -21 -23 -19 -10
right_child=1 6 3 4 -6 -7 -8 -9 9 -11 11 12 14 -15 -16 -17 -18 28 19 26 23 27 24 -25 -26 -27 -28 -29 -30 -31
leaf_value=0 -0.0010487580937652327 -0.00013124069530363986 0 1.0197686879725293e-08 -0.00042070617572463696 2.3558805416441744e-09 5.3424681611662862e-06 1.4592164312744857e-11 -0.0070647442471819021 -3.7684853060971363e-05 -0.00049263710596018342 2.5208340212020115e-07 -2.4307549008427584e-08 -0.00021436167334096579 1.0306580443387651e-05 -5.7793814740183319e-06 0.0030213524181990654 0.13100744499050052 -0.0023022772151498057 -4.9012818254279584e-05 -0.00072593663890217818 1.325428466752844e-05 -3.9994123564407951e-07 4.55147447655205e-06 -8.0543421031786172e-09 3.948183037884727e-05 -6.1396772731657747e-05 3.9310459207867351e-06 -0.012853951809432851 0.00011936619702780937
leaf_weight=1880129 143 192 6840 2265 1186 964 1148 1634 102 96219 3528 2087 2191 336 1694 22672 2325 9689 1424 1112 592 519 932 1267 1581 308 369 943 3579 720
leaf_count=1880129 143 192 6840 2265 1186 964 1148 1634 102 96219 3528 2087 2191 336 1694 22672 2325 9689 1424 1112 592 519 932 1267 1581 308 369 943 3579 720
internal_value=-6.50904e-05 0.024591 -0.000102661 0.0107152 0.0266478 0.0369929 -0.0030597 0.0454418 -0.000162511 0.00128615 0.00581619 0.0127909 0.0202441 0.0338217 0.0117761 -0.000262639 0.00475824 0.00215024 -0.00304489 -0.0107893 0.00159915 0.00418217 -0.0063272 0.0263852 -0.0174583 -0.0351613 -0.0382512 0.0303694 0.00601447 0.0318735
internal_weight=2.04869e+06 3117 2.04557e+06 11255 4415 3229 1340 1777 2.03432e+06 131517 35298 12161 6308 2423 3885 1.9028e+06 5853 23137 9869 4764 3283 5105 3643 1859 2821 1240 1481 1462 13268 822
internal_count=2048690 3117 2045573 11255 4415 3229 1340 1777 2034318 131517 35298 12161 6308 2423 3885 1902801 5853 23137 9869 4764 3283 5105 3643 1859 2821 1240 1481 1462 13268 822
is_linear=0
shrinkage=0.05


Tree=238
num_leaves=31
num_cat=0
split_feature=16 15 15 17 0 0 17 18 0 0 18 15 17 17 10 10 10 1 16 5 11 17 11 12 15 0 15 12 10 15
split_gain=761.544 718.828 537.15 1212.05 250.151 284.693 193.163 155.435 155.334 244.67 130.563 410.181 128.036 123.615 109.542 101.444 87.3755 82.9505 459.324 1256.68 414.06 1519.69 409.843 334.193 293.054 229.574 182.27 162.003 156.794 250.541
threshold=inf 1.0030303030303032 inf 1.5000000000000002 -0.5 -0.60355339059327362 1.0000000180025095e-35 0.99475062000551129 -0.9159756150367534 -0.98296291314453399 0.92687617260788013 0.82160537482319673 2.5000000000000004 20.500000000000004 -1.0000000180025095e-35 1.5000000000000002 5.5000000000000009 -0.9159756150367534 1.9040603490941004 12.500000000000002 28.833333333333339 51.500000000000007 94.166666666666671 16.083333333333339 13.358299337072923 1.0000000180025095e-35 26.420369243254211 8.9166666666666696 100.50000000000001 98.995145631067984
decision_type=8 8 8 8 2 2 10 8 2 2 10 10 10 10 2 2 2 2 10 2 2 10 2 2 10 2 10 2 2 10
left_child=2 7 10 4 5 8 -3 14 9 -4 -1 13 -8 15 -2 -12 -17 18 -13 27 23 26 -23 24 -21 -25 -22 -20 29 -24
right_child=1 6 3 -5 -6 -7 12 -9 -10 -11 11 17 -14 -15 -16 16 -18 -19 19 20 21 22 28 25 -26 -27 -28 -29 -30 -31
leaf_value=0 0.0019598414875269077 -0.00012467866053845789 4.58116642662064e-07 0 9.6878025357390286e-09 -7.7797191643021942e-09 5.0753447531079717e-06 1.3862556097107611e-11 2.2380865145619656e-09 -1.1830258310636132e-08 0 0 -4.838254992579104e-05 0.0017639135381188255 -0.001064410391672619 -2.218704244517851e-11 -5.6180902987318396e-06 0 -4.8028132629493017e-12 4.8924666669915727e-09 -0.0003397169966993847 0.0012106040443328695 -0.018719327212109362 3.599219389587163e-08 -3.7149518704223646e-12 5.2683669093541203e-07 -2.2318564225910904e-06 -3.9551488846888577e-13 0.070534184869337366 -0.00019355105826815924
leaf_weight=1275072 56 192 143 8245 2150 143 145 1634 430 144 21932 61226 1003 466 87 355 548 660694 1448 650 472 1758 1253 1043 701 1780 1924 1900 649 447
leaf_count=1275072 56 192 143 8245 2150 143 145 1634 430 144 21932 61226 1003 466 87 355 548 660694 1448 650 472 1758 1253 1043 701 1780 1924 1900 649 447
internal_value=-0.000104579 0.024591 -0.00014221 0.0107508 0.037907 0.0151163 -0.0030597 0.0454418 0.0279637 -0.000522648 -0.000202476 -0.000721571 0.00470383 -0.00725291 -0.00454545 -0.00777316 -0.0241971 -0.00051478 -0.00208768 -0.0102496 -0.0018685 -0.00975704 0.00870465 0.0104217 -0.0100296 0.020209 -0.0414023 -0.0369773 -0.00495956 -0.0129412
internal_weight=2.04869e+06 3117 2.04557e+06 11255 3010 860 1340 1777 717 287 2.03432e+06 759246 1148 23301 143 22835 903 735945 75251 14025 10677 6503 4107 4174 1351 2823 2396 3348 2349 1700
internal_count=2048690 3117 2045573 11255 3010 860 1340 1777 717 287 2034318 759246 1148 23301 143 22835 903 735945 75251 14025 10677 6503 4107 4174 1351 2823 2396 3348 2349 1700
is_linear=0
shrinkage=0.05


Tree=239
num_leaves=31
num_cat=0
split_feature=15 17 2 18 15 17 18 11 1 12 1 17 15 1 8 15 5 0 0 1 18 0 11 5 17 0 15 5 17 12
split_gain=477.733 1405.82 267.104 133.599 406.883 118.181 110.382 198.19 127.259 119.332 101.57 131.547 96.3798 409.351 924.491 1475.96 1097.04 1060.8 498.53 400.653 731.561 842.51 1574.08 311.103 301.643 400.372 256.768 765.887 253.199 246.072
threshold=617.36184210526324 1.5000000000000002 1.0000000180025095e-35 0.9254525246109877 0.82160537482319673 20.500000000000004 0.92005509641873295 12.16666666666667 0.25881904510252057 11.41666666666667 0.98296291314453421 22.500000000000004 1.857625482625483 -0.70710678118654757 47.500000000000007 26.420369243254211 11.500000000000002 -0.25881904510252113 0.37940952255126054 1.0000000180025095e-35 0.99402380952380964 0.60355339059327384 8.8333333333333339 85.500000000000014 84.500000000000014 -0.5 9.5016129032258085 13.500000000000002 501.50000000000006 8.9166666666666696
decision_type=8 8 2 10 10 10 10 2 2 2 2 10 10 2 2 10 2 2 2 2 10 2 2 2 10 2 10 2 10 2
left_child=3 2 -2 6 5 -5 -1 8 -8 -10 -3 -12 -6 14 15 16 17 -14 -18 20 28 26 -23 -24 25 -16 -22 -28 -15 -19
right_child=1 10 -4 4 12 -7 7 -9 9 -11 11 -13 13 19 24 -17 18 29 -20 -21 21 22 23 -25 -26 -27 27 -29 -30 -31
leaf_value=0 9.2034124089520783e-09 0 2.1261821888338675e-09 0 0 0.0016693462931938266 0.00022166151088720659 0.0031588019299661841 -0.00091552367685271841 0.00018693408528211799 -0.000118444727511535 -0.011150761467991387 3.0875143224227071e-08 -0.029898893014499318 -0.0033749770206118138 -2.0366476900690292e-05 2.5432212964009313e-08 -2.1622488633302286e-11 -4.4256694151282059e-05 0 2.9227765265539982e-08 -5.1271204742688098e-12 0.00075074283761948895 0.0024533914186433011 1.83474020830549e-05 0.0012795746056945699 -3.7181684139734605e-05 -5.3578266702217462e-07 0.24789838073749718 -7.6688090556346178e-13
leaf_weight=1268229 2294 12588 859 22843 526722 474 425 2794 91 671 260 611 1687 16969 406 4014 7861 1998 1582 134420 3461 2095 10986 4444 5813 2161 945 7422 989 2576
leaf_count=1268229 2294 12588 859 22843 526722 474 425 2794 91 671 260 611 1687 16969 406 4014 7861 1998 1582 134420 3461 2095 10986 4444 5813 2161 945 7422 989 2576
internal_value=-0.000104335 0.00834036 0.038392 -0.000173369 -0.00069795 -0.00720075 0.000139953 0.00845265 0.0255687 0.0377953 0.00130025 -0.0152124 -0.000492091 -0.00139828 -0.00701473 -0.0129273 -0.00601121 -0.0222409 0.00474955 -0.000529904 0.00342732 0.00829046 0.0152496 0.0207712 0.00689737 0.0211726 -0.00202063 -0.00675869 -0.00452166 -0.0347398
internal_weight=2.04869e+06 16612 3153 2.03208e+06 759868 23317 1.27221e+06 3981 1187 762 13459 871 736551 209829 28098 19718 15704 6261 9443 181731 47311 29353 17525 15430 8380 2567 11828 8367 17958 4574
internal_count=2048690 16612 3153 2032078 759868 23317 1272210 3981 1187 762 13459 871 736551 209829 28098 19718 15704 6261 9443 181731 47311 29353 17525 15430 8380 2567 11828 8367 17958 4574
is_linear=0
shrinkage=0.05


Tree=240
num_leaves=31
num_cat=0
split_feature=16 15 15 17 17 18 18 15 17 17 1 1 10 1 16 5 12 8 12 14 12 15 15 14 16 5 16 10 15 16
split_gain=761.303 718.828 536.764 1212.05 193.163 155.435 129.634 400.243 147.801 128.036 110.413 354.277 109.542 89.6567 528.617 1187.34 413.303 1330.16 460.294 406.953 323.728 245.807 241.357 222.116 174.616 184.098 153.083 128.518 284.289 251.675
threshold=inf 1.0030303030303032 inf 1.5000000000000002 1.0000000180025095e-35 0.99475062000551129 0.94127227438206562 0.82160537482319673 20.500000000000004 2.5000000000000004 0.1294095225512602 0.25881904510252057 -1.0000000180025095e-35 -0.9159756150367534 1.9040603490941004 12.500000000000002 28.083333333333339 47.500000000000007 87.083333333333357 1.0000000180025095e-35 16.916666666666668 27.850199401794619 13.358299337072923 1.0000000180025095e-35 2.5063103216396123 4.5000000000000009 29.152777777777782 100.50000000000001 98.995145631067984 87.872026072786539
decision_type=8 8 8 8 10 8 10 10 10 10 2 2 2 2 10 2 2 2 2 2 2 10 10 2 10 2 10 2 10 10
left_child=2 5 6 10 -3 12 -1 8 -8 -6 -4 -12 -2 14 -9 19 20 21 -19 24 22 26 -17 -24 25 -16 -18 28 29 -20
right_child=1 4 3 -5 9 -7 7 13 -10 -11 11 -13 -14 -15 15 16 17 18 27 -21 -22 -23 23 -25 -26 -27 -28 -29 -30 -31
leaf_value=0 0.0018618494131505622 -0.00011252249113595824 8.7432417885044728e-09 0 4.8211173448321257e-06 1.316942829225223e-11 0 0 0.001739993787948414 -4.5963422429501488e-05 -1.1345054504546018e-08 8.6721642834920699e-09 -0.0010111898720889881 0 -3.4815481681367217e-12 2.4094842726424614e-10 -0.00032287389389661227 0.0010619316409466483 -1.836314816713307 0.0019251452349187609 9.8940669466861058e-08 -1.1019397564270213e-06 -1.2751398524773668e-09 0.0022674478732662849 -1.5824488542445687e-11 9.3378035168324432e-11 3.0723923637511158e-07 0.082725674473594357 -0.00018479087545890404 0.013570113190006457
leaf_weight=1292370 56 192 1579 8245 145 1634 22825 61223 430 1003 144 1287 87 644487 173 503 392 1146 547 575 2515 1833 460 244 2409 191 125 476 426 968
leaf_count=1292370 56 192 1579 8245 145 1634 22825 61223 430 1003 144 1287 87 644487 173 503 392 1146 547 575 2515 1833 460 244 2409 191 125 476 426 968
internal_value=-0.000100674 0.024591 -0.000138299 0.0107508 -0.0030597 0.0454418 -0.000198543 -0.00072532 -0.00718125 0.00470383 0.037907 0.0278477 -0.00454545 -0.000516424 -0.00216222 -0.0113263 -0.00241308 -0.0106291 0.00863037 -0.0369773 0.0106394 -0.0398298 -0.0106462 -0.0295455 -0.0449153 -0.0126374 -0.00938104 -0.00374431 -0.00945389 0.000693069
internal_weight=2.04869e+06 3117 2.04557e+06 11255 1340 1777 2.03432e+06 741948 23255 1148 3010 1431 143 718693 74206 12983 9635 5913 3563 3348 3722 2350 1207 704 2773 364 517 2417 1941 1515
internal_count=2048690 3117 2045573 11255 1340 1777 2034318 741948 23255 1148 3010 1431 143 718693 74206 12983 9635 5913 3563 3348 3722 2350 1207 704 2773 364 517 2417 1941 1515
is_linear=0
shrinkage=0.05


Tree=241
num_leaves=31
num_cat=0
split_feature=15 17 2 1 17 18 15 17 15 15 1 10 1 8 15 5 5 1 1 14 1 15 15 15 1 1 10 15 1 1
split_gain=472.869 1405.82 267.104 101.57 131.547 100.466 414.305 146.925 112.032 239.516 220.972 194.182 157.141 1130.12 1038.82 375.985 359.732 437.961 319.849 625.897 400.758 377.031 488.104 349.692 308.367 276.627 222.756 279.991 199.012 204.833
threshold=617.36184210526324 1.5000000000000002 1.0000000180025095e-35 0.98296291314453421 22.500000000000004 0.94127227438206562 0.82160537482319673 20.500000000000004 20.00357142857143 23.967845326716297 0.91597561503675351 24.500000000000004 -0.70710678118654757 46.500000000000007 27.850199401794619 34.500000000000007 88.500000000000014 -0.78656609248549325 0.78656609248549303 1.0000000180025095e-35 -0.60355339059327384 29.931025369978865 29.004629629629633 26.420369243254211 -0.5 -0.3794095225512602 95.500000000000014 99.012987012987026 -0.60355339059327384 -0.5
decision_type=8 8 2 2 10 10 10 10 10 10 2 2 2 2 10 2 2 2 2 2 2 10 10 10 2 2 2 10 2 2
left_child=5 2 -2 -3 -5 -1 7 -7 11 10 -10 -8 13 14 -11 18 17 -15 20 21 -14 22 23 -20 -22 -26 28 -28 -17 -30
right_child=1 3 -4 4 -6 6 8 -9 9 12 -12 -13 15 16 -16 26 -18 -19 19 -21 24 -23 -24 -25 25 -27 27 -29 29 -31
leaf_value=0 8.3060796990792494e-09 0 1.5862648652175708e-09 -0.00010689636657916034 -0.010590925223470344 0 0 0.0016529940985509932 -1.495208343849783e-06 4.9427621226709794e-07 -1.4921639336838563e-06 0.00010060128809937024 0.00029215033425891577 0.0012044341202266259 -1.9348153055655777e-05 0.00039259970996899721 -3.3812536827356731e-05 -0.0032062281695812225 -1.3995885644731771e-06 -0.0030638289005686654 -4.1681434064518151e-05 1.7189334677208955e-06 -1.2343777837817565e-05 2.4448708932591849e-07 0.00050148298244570165 -2.3756323637407303e-06 2.3947923201419113e-07 -8.0808438723099533e-05 -0.0020865708214834349 -1.3532505209176743e-06
leaf_weight=1290807 2294 12588 859 260 611 22833 590168 434 4224 1259 992 3191 831 1863 3792 1207 4690 356 325 848 479 1702 441 987 1099 8026 15738 36298 720 38768
leaf_count=1290807 2294 12588 859 260 611 22833 590168 434 4224 1259 992 3191 831 1863 3792 1207 4690 356 325 848 479 1702 441 987 1099 8026 15738 36298 720 38768
internal_value=-6.12343e-05 0.00834036 0.038392 0.00130025 -0.0152124 -0.000129916 -0.000593845 -0.00716036 -0.000381056 -0.00174375 -0.0122316 -9.47993e-05 -0.0012857 -0.00672241 -0.0246981 -0.000680661 0.00641916 0.0230059 0.00673768 0.0182082 0.00200767 0.0276556 0.0113805 0.0266768 -0.000874636 0.00117808 -0.00185968 0.000307479 -0.00463079 -0.0052421
internal_weight=2.04869e+06 16612 3153 13459 871 2.03208e+06 741271 23267 718004 124645 5216 593359 119429 11960 5051 107469 6909 2219 14738 4303 10435 3455 1753 1312 9604 9125 92731 52036 40695 39488
internal_count=2048690 16612 3153 13459 871 2032078 741271 23267 718004 124645 5216 593359 119429 11960 5051 107469 6909 2219 14738 4303 10435 3455 1753 1312 9604 9125 92731 52036 40695 39488
is_linear=0
shrinkage=0.05


Tree=242
num_leaves=31
num_cat=0
split_feature=16 15 15 16 16 2 9 9 0 0 0 0 16 10 1 0 14 15 0 1 10 15 1 5 16 1 10 14 15 16
split_gain=760.769 714.411 529.607 278.978 970.756 246.293 190.313 125.146 69.3547 231.637 129.734 252.062 55.9504 178.919 563.026 594.229 342.924 381.345 395.38 338.99 286.68 285.697 267.308 230.082 221.979 213.078 197.276 167.57 164.98 141.895
threshold=inf 1.0030303030303032 inf 1.0012315270935963 0.97116770117490592 1.0000000180025095e-35 1.0000000180025095e-35 1.5000000000000002 -0.98296291314453399 -0.9159756150367534 -0.60355339059327362 -0.37940952255126065 97.501456421092811 99.500000000000014 0.91597561503675351 0.91597561503675362 1.2302853885690339 98.995145631067984 0.60355339059327384 0.60355339059327384 98.500000000000014 99.012987012987026 0.1294095225512602 98.500000000000014 99.015320334261858 0.1294095225512602 55.500000000000007 1.0000000180025095e-35 94.006578947368425 110.56035838499926
decision_type=8 8 8 10 10 2 2 2 2 2 2 2 10 2 2 2 2 10 2 2 2 10 2 2 10 2 2 2 10 10
left_child=2 -2 12 4 -4 -6 -3 -8 -7 -10 -11 -12 -1 14 15 16 17 22 29 -20 -16 -17 23 -14 -21 -18 -27 -24 -15 -19
right_child=1 6 3 -5 5 8 7 -9 9 10 11 -13 13 28 20 21 25 18 19 24 -22 -23 27 -25 -26 26 -28 -29 -30 -31
leaf_value=0 1.2510956877639619e-11 -0.00010155154825020232 0 -2.7992380537418445e-07 7.8907757141252875e-09 4.3458802608683302e-07 4.5796461736055657e-06 -2.7593330559780962e-05 -1.0857115022579598e-08 1.5069516219566923e-09 -8.0099637729642604e-09 3.2516852271115333e-08 -0.0001762358185510735 -0.1298982024270546 0.00046869077977547868 9.8809870972683799e-06 0.022510065344101202 -4.657415130316631e-05 -3.5066133158715767e-08 1.2925342799792673e-06 4.3119267911237384e-06 -0.00046800525066217419 -0.0021115861383036172 0.0068352270331298939 -0.0013673522078056126 0.83168521768402892 0.099004410579903557 0.39879566448904125 8.1033514427993037e-05 -0.0064590230404694728
leaf_weight=1906721 1777 252 4669 3787 2013 135 157 931 132 259 130 130 2037 5314 716 1364 11356 1925 1551 424 994 468 664 1436 106 1883 2208 172 94328 651
leaf_count=1906721 1777 252 4669 3787 2013 135 157 931 132 259 130 130 2037 5314 716 1364 11356 1925 1551 424 994 468 664 1436 106 1883 2208 172 94328 651
internal_value=-2.78471e-05 0.0246551 -6.54584e-05 0.0107508 0.0163565 0.0396392 -0.00291045 0.00615809 0.0159033 0.00913978 0.0241811 -0.000769231 -0.0001253 0.000888344 0.00442318 0.00261193 0.000550936 -0.0072273 -0.0171462 -0.000937049 0.0322222 0.0300764 0.00349269 0.00960265 0.0335849 0.00506571 0.0148497 -0.02189 -0.00010337 -0.0302407
internal_weight=2.04869e+06 3117 2.04557e+06 11255 7468 2799 1340 1088 786 651 519 260 2.03432e+06 127597 27955 26245 24413 8966 4657 2081 1710 1832 4309 3473 530 15447 4091 836 99642 2576
internal_count=2048690 3117 2045573 11255 7468 2799 1340 1088 786 651 519 260 2034318 127597 27955 26245 24413 8966 4657 2081 1710 1832 4309 3473 530 15447 4091 836 99642 2576
is_linear=0
shrinkage=0.05


Tree=243
num_leaves=31
num_cat=0
split_feature=16 15 15 18 5 2 18 18 5 10 18 15 9 10 10 13 1 12 1 7 1 15 15 5 12 9 1 1 1 12
split_gain=760.871 714.411 529.77 742.758 505.594 257.43 194.407 155.435 113.372 109.542 78.2949 424.016 144.815 93.9702 91.4022 80.3158 337.337 186.715 1044.74 83.5476 77.2074 75.8325 89.252 287.047 199.298 164.831 755.291 737.067 288.062 311.61
threshold=inf 1.0030303030303032 inf 0.99649736228683605 14.500000000000002 1.0000000180025095e-35 -0.29166666666666657 0.99475062000551129 27.500000000000004 -1.0000000180025095e-35 0.94127227438206562 0.82160537482319673 19.500000000000004 1.5000000000000002 5.5000000000000009 1.0000000180025095e-35 0.25881904510252057 0.91666666666666685 0.25881904510252057 1.0000000180025095e-35 0.1294095225512602 617.36184210526324 33.828797976058254 31.500000000000004 89.916666666666671 36.500000000000007 -0.70710678118654757 1.0000000180025095e-35 -0.78656609248549325 84.083333333333357
decision_type=8 8 8 10 2 2 10 8 2 2 10 10 2 2 2 2 2 2 2 2 2 10 8 2 2 2 2 2 2 2
left_child=2 7 10 -4 5 -5 -3 9 -6 -2 -1 12 13 15 -15 17 20 18 -12 -18 -17 22 23 -13 -25 26 -24 -28 29 -27
right_child=1 6 3 4 8 -7 -8 -9 -10 -11 11 21 -14 14 -16 16 19 -19 -20 -21 -22 -23 25 24 -26 28 27 -29 -30 -31
leaf_value=0 0.0017687569418674864 -9.6473970837692216e-05 0 7.4962369284190233e-09 -0.0017608942985107949 1.4316040408588576e-09 4.3506638649252877e-06 1.1885409033757638e-11 0.0005773222653855046 -0.00096063037911008661 -7.4458633952018235e-09 0 0.0014226794891729097 -2.1077690322919583e-11 -5.337185783795248e-06 0.00086993105027871164 -2.5452705731724917e-05 0 3.9335423490989499e-07 4.0522343148813722e-06 0.00068080503591969673 0.028982138823308301 -1.8997457022246976e-05 1.6461337642374344e-06 -9.9208826635218504e-05 0.0011442124142152946 0.00042794209308396399 -7.3659638350318117e-06 -1.3717836748037678e-07 9.2278352367971254e-05
leaf_weight=1292370 56 192 6840 2265 265 964 1148 1634 921 87 1514 609416 399 356 532 2221 651 16490 667 139 286 1806 1025 6696 1075 1921 1756 3650 87276 4072
leaf_count=1292370 56 192 6840 2265 265 964 1148 1634 921 87 1514 609416 399 356 532 2221 651 16490 667 139 286 1806 1025 6696 1075 1921 1756 3650 87276 4072
internal_value=-2.95067e-05 0.0246551 -6.71206e-05 0.0107508 0.0267384 0.0369929 -0.00291045 0.0454418 -0.00118044 -0.00454545 -0.000126971 -0.000536358 -0.00718125 -0.00770257 -0.0236486 -0.00705799 0.000136488 -0.00832842 -0.022077 -0.0283544 0.00911448 -0.000321347 -0.000347126 -0.000122896 0.00942607 -0.00173521 -0.00947753 -0.00201628 -0.00120136 0.00940264
internal_weight=2.04869e+06 3117 2.04557e+06 11255 4415 3229 1340 1777 1186 143 2.03432e+06 741948 23255 22856 888 21968 3297 18671 2181 790 2507 718693 716887 617187 7771 99700 6431 5406 93269 5993
internal_count=2048690 3117 2045573 11255 4415 3229 1340 1777 1186 143 2034318 741948 23255 22856 888 21968 3297 18671 2181 790 2507 718693 716887 617187 7771 99700 6431 5406 93269 5993
is_linear=0
shrinkage=0.05


Tree=244
num_leaves=31
num_cat=0
split_feature=16 15 15 17 2 17 18 17 12 17 11 17 0 0 15 15 12 15 14 2 0 11 0 18 0 16 18 16 17 2
split_gain=759.433 714.411 523.151 1216.02 260.962 194.407 155.435 127.022 109.542 77.3121 168.935 219.254 177.639 259.008 129.482 128.946 440.756 323.317 164.598 147.074 120.285 202.793 110.201 198.016 99.5858 121.466 99.6638 98.2674 97.1015 94.9193
threshold=inf 1.0030303030303032 inf 1.5000000000000002 1.0000000180025095e-35 1.0000000180025095e-35 0.99475062000551129 2.5000000000000004 -0.41666666666666657 9.5000000000000018 2.8333333333333335 4.5000000000000009 0.98296291314453421 0.91597561503675362 0.85282717738258096 0.94810004810004822 1.0000000180025095e-35 0.68048396334478822 1.0000000180025095e-35 -0.60785761079279388 -0.37940952255126065 3.1666666666666674 0.98296291314453421 0.99930651872399456 0.78656609248549325 1.9040603490941004 0.66634491634491644 0.87228814888389372 6.5000000000000009 0.87837969732492682
decision_type=8 8 8 8 2 10 8 10 2 8 2 10 2 2 10 10 2 10 2 2 2 2 2 10 2 10 10 10 10 2
left_child=2 6 9 4 -4 -3 8 -7 -2 10 15 12 13 14 -12 16 -1 27 -17 -20 21 28 -22 -24 25 -21 -27 -18 -13 -16
right_child=1 5 3 -5 -6 7 -8 -9 -10 -11 11 20 -14 -15 29 18 17 -19 19 24 22 -23 23 -25 -26 26 -28 -29 -30 -31
leaf_value=0 0.0016803190947741122 -9.1650272295807597e-05 7.1214250819980712e-09 0 1.3600238388159147e-09 4.1331306716790234e-06 1.1291138582069755e-11 -4.2515091934884336e-05 -0.00091259886015458225 0 -3.1594246398156134e-09 6.006297445072944e-05 7.9016231907616739e-09 -2.8554604941334487e-09 -3.7713422352703016e-12 0 0 0 4.1810795647416584e-08 -1.777278089532933e-06 0 -2.3950137557622336e-08 -0.0010386965374991524 8.7447351516337419e-09 0.001586226033733062 0.00013503537081734182 0.00095589062547023088 0 -2.8462826909999783e-05 -4.8707644505553697e-12
leaf_weight=56074 56 192 2151 8245 859 145 1634 1003 87 1357835 243 940 269 490 3545 509258 13017 36856 4630 3279 21222 11994 630 804 1242 4553 531 5931 413 562
leaf_count=56074 56 192 2151 8245 859 145 1634 1003 87 1357835 243 940 269 490 3545 509258 13017 36856 4630 3279 21222 11994 630 804 1242 4553 531 5931 413 562
internal_value=-6.17468e-06 0.0246551 -4.3753e-05 0.0107064 0.037907 -0.00291045 0.0454418 0.00487805 -0.00454545 -0.000103229 -0.000539925 -0.00364614 -0.0133392 -0.0155372 -0.0116552 -0.000338936 -0.00187973 -0.00502563 -9.64674e-06 0.00529329 -0.00227064 0.00149472 -0.00448888 0.00892608 0.00176471 -0.000197298 0.00464201 -0.0103335 0.0198448 -0.00955685
internal_weight=2.04869e+06 3117 2.04557e+06 11255 3010 1340 1777 1148 143 2.03432e+06 676483 41112 5109 4840 4350 635371 111878 55804 523493 14235 36003 13347 22656 1434 9605 8363 5084 18948 1353 4107
internal_count=2048690 3117 2045573 11255 3010 1340 1777 1148 143 2034318 676483 41112 5109 4840 4350 635371 111878 55804 523493 14235 36003 13347 22656 1434 9605 8363 5084 18948 1353 4107
is_linear=0
shrinkage=0.05


Tree=245
num_leaves=31
num_cat=0
split_feature=18 0 7 0 13 17 18 5 5 10 18 5 9 17 17 17 17 0 13 0 0 13 13 0 17 14 5 10 0 10
split_gain=49.4533 276.231 122.814 43.6236 172.572 347.238 320.119 202.568 107.501 215.223 131.436 126.568 108.812 107.393 80.4933 65.6105 50.3882 216.639 125.749 83.9919 74.9636 53.2943 52.83 51.6015 51.3465 50.3852 77.4197 129.451 50.3513 73.1726
threshold=-0.74999999999999989 -0.98296291314453399 -1.0000000180025095e-35 -0.98296291314453399 1.0000000180025095e-35 5.5000000000000009 0.20031347962382448 -1.0000000180025095e-35 40.500000000000007 47.500000000000007 0.68974737230315342 3.5000000000000004 38.500000000000007 6.5000000000000009 1.5000000000000002 61.500000000000007 594.50000000000011 -0.25881904510252113 1.9702113754102264 -0.9159756150367534 0.98296291314453421 21.745959951627302 19.776324990656494 0.78656609248549325 569.00000000000011 5.9872539711046135 69.500000000000014 87.500000000000014 0.91597561503675362 454.50000000000006
decision_type=8 2 2 2 2 10 8 2 2 2 10 2 2 10 8 10 10 2 2 2 2 2 2 2 10 2 2 2 2 2
left_child=1 -1 -3 4 5 6 7 -2 11 15 25 14 -13 -7 -6 -10 24 19 -19 -18 22 -21 23 -20 -5 -11 -27 -28 29 -26
right_child=3 2 -4 16 8 13 -8 -9 9 10 -12 12 -14 -15 -16 -17 17 18 20 21 -22 -23 -24 -25 28 26 27 -29 -30 -31
leaf_value=1.0624376615591565e-11 0 0 -0.0029972009291957084 0 -0.0016062743629723999 0.00012664288966030227 0 -2.0186315569623976e-10 -0.05697960033010651 -0.45846021897353229 0.012528046730388764 -0.067175529197090786 -0.56878474094459719 1.6089918376090068e-06 0.0037489862178282257 0.2513702050044429 -0.035890164662129645 0.016793352780606403 -0.13487547259320351 0.37712286508449666 0.94895372877837814 1.7434252341904735 -1.7166390191455427 -0.95701378128732895 -0.16104154950159641 -1.301829151529037 0.92405426032827909 -0.57511243300078074 -0.66144416816168261 0.0542820568228971
leaf_weight=335 744 9038 116 1940708 657 424 51931 1415 188 1813 3964 8084 493 11524 2004 1063 972 3744 2318 2913 68 518 475 392 911 237 352 896 180 213
leaf_count=335 744 9038 116 1940708 657 424 51931 1415 188 1813 3964 8084 493 11524 2004 1063 972 3744 2318 2913 68 518 475 392 911 237 352 896 180 213
internal_value=1.34964e-05 0.00361471 0.00198274 -3.26108e-06 -0.00110679 0.000119628 -0.0015844 -0.0204493 -0.00520733 -0.000969106 -0.0042688 -0.00841787 -0.0113734 0.00783395 0.00110861 0.0181855 4.5203e-05 0.00335965 -0.00210805 0.0120486 -0.00929911 0.0157243 -0.0104082 -0.00771218 2.57465e-05 -0.0116434 -0.00481481 0.000160256 -0.00989264 -0.00596085
internal_weight=2.04869e+06 9489 9154 2.0392e+06 85789 66038 54090 2159 19751 8513 7262 11238 8577 11948 2661 1251 1.95341e+06 11400 6997 4403 3253 3431 3185 2710 1.94201e+06 3298 1485 1248 1304 1124
internal_count=2048690 9489 9154 2039201 85789 66038 54090 2159 19751 8513 7262 11238 8577 11948 2661 1251 1953412 11400 6997 4403 3253 3431 3185 2710 1942012 3298 1485 1248 1304 1124
is_linear=0
shrinkage=0.05


Tree=246
num_leaves=31
num_cat=0
split_feature=16 17 0 18 18 17 16 13 17 18 16 9 12 9 14 17 5 9 18 5 9 17 17 12 18 17 2 2 12 18
split_gain=760.299 484.543 98.7602 335.286 306.025 266.113 219.08 137.534 231.15 504.773 124.972 253.354 189.718 120.845 110.786 107.209 107.061 182.761 118.44 109.977 100.76 93.1715 83.2904 86.9665 77.1293 75.817 70.7884 282.897 321.924 69.7905
threshold=inf 2.5000000000000004 -0.98296291314453399 -0.74999999999999989 -0.040833333333333326 6.5000000000000009 2.3196210074686161 1.0000000180025095e-35 1.5000000000000002 1.0000000180025095e-35 44.38433667781495 29.500000000000004 28.750000000000004 84.500000000000014 1.0000000180025095e-35 10.500000000000002 40.500000000000007 48.500000000000007 0.68974737230315342 3.5000000000000004 39.500000000000007 106.00000000000001 94.500000000000014 3.7500000000000004 -0.044466403162055329 1.5000000000000002 -1.0000000180025095e-35 -0.60785761079279388 1.0000000180025095e-35 0.15685731431473021
decision_type=8 10 2 8 8 10 10 2 10 8 10 2 2 2 2 10 2 2 10 2 2 10 10 2 10 8 2 2 2 10
left_child=2 26 3 -1 5 -5 -7 8 9 -6 11 12 21 -12 -13 -8 19 -18 -19 25 -21 22 23 29 -17 -9 27 -2 -29 -10
right_child=1 -3 -4 4 7 6 15 16 10 -11 13 14 -14 -15 -16 24 17 18 -20 20 -22 -23 -24 -25 -26 -27 -28 28 -30 -31
leaf_value=1.0093157784811988e-11 1.0726581652966269e-11 -4.0389337338140117e-05 0 0 -1.9176999791142779e-10 -8.044959188045035e-08 3.1520455086683666e-05 -0.0015259606448237801 1.5285422457285564e-06 0 -0.0014438432745492019 0.0046392035009317567 -0.00013787327013439795 0.004709932184357001 -0.033132899008463106 -6.9126533294239758e-08 0.17915558764101658 -0.38893734415201875 0.013704458856525338 -0.064860586308720755 -0.57814033794346498 5.5960928233739228e-05 -0.11600062625835546 3.5963599521132064e-06 3.1530973290118047e-05 0.0035403746881031792 1.0726581652966269e-11 -8.7067758681017219e-05 3.9264741380950723e-06 0.00012524161919263128
leaf_weight=335 666 1121 1959449 796 1311 1151 101 657 2373 51484 1017 635 233 626 122 149 1186 3352 3975 8144 433 126 84 5089 54 1985 993 193 144 706
leaf_count=335 666 1121 1959449 796 1311 1151 101 657 2373 51484 1017 635 233 626 122 149 1186 3352 3975 8144 433 126 84 5089 54 1985 993 193 144 706
internal_value=-2.02324e-05 0.0246551 -5.78322e-05 -0.00171497 -0.00190992 -0.0201022 -0.0328179 -0.00141971 -0.000291509 -0.00166588 0.00629825 0.00852904 0.00609105 -0.00642118 0.0362616 0.00493421 -0.00506791 -0.000839892 -0.00378736 -0.00827614 -0.0110237 0.00732872 0.00667717 0.00718658 -0.0160099 0.000643452 0.0394289 0.0300598 -0.00727003 0.0138194
internal_weight=2.04869e+06 3117 2.04557e+06 86124 85789 2251 1455 83538 63806 52795 11011 9368 8611 1643 757 304 19732 8513 7327 11219 8577 8378 8252 8168 203 2642 1996 1003 337 3079
internal_count=2048690 3117 2045573 86124 85789 2251 1455 83538 63806 52795 11011 9368 8611 1643 757 304 19732 8513 7327 11219 8577 8378 8252 8168 203 2642 1996 1003 337 3079
is_linear=0
shrinkage=0.05


Tree=247
num_leaves=31
num_cat=0
split_feature=15 17 2 1 0 18 18 15 17 13 17 18 15 10 12 15 17 17 18 10 17 15 2 17 17 18 15 17 1 1
split_gain=463.531 1401.5 267.104 138.916 118.163 337.788 309.078 515.101 422.627 108.896 256.403 507.79 235.736 258.271 167.163 153.399 266.962 151.036 122.75 112.562 282.466 136.982 85.5784 84.1164 131.317 84.0882 81.0208 224.188 791.564 834.824
threshold=inf 1.5000000000000002 1.0000000180025095e-35 0.98296291314453421 -0.98296291314453399 -0.74999999999999989 -0.040833333333333326 0.54577691811734375 6.5000000000000009 1.0000000180025095e-35 5.5000000000000009 0.20031347962382448 53.504901960784316 59.500000000000007 2.9166666666666674 9.5016129032258085 11.500000000000002 97.500000000000014 0.016530054644808747 29.500000000000004 38.500000000000007 27.850199401794619 -0.8783796973249266 661.50000000000011 520.50000000000011 0.20031347962382448 9.8576036866359456 10.500000000000002 0.91597561503675351 -0.9159756150367534
decision_type=8 8 2 2 2 8 8 10 10 2 10 8 10 2 2 10 10 10 10 2 10 10 2 10 10 10 10 10 2 2
left_child=4 2 -2 -3 5 -1 7 8 -7 10 11 -8 17 22 -13 -12 -17 -11 -19 21 -21 -18 -14 24 -15 -24 -6 28 29 -28
right_child=1 3 -4 -5 26 6 9 -9 -10 12 15 14 13 23 -16 16 19 18 -20 20 -22 -23 25 -25 -26 -27 27 -29 -30 -31
leaf_value=9.588499895571389e-12 6.7653538278981683e-09 0 1.2920226468751191e-09 -8.2714370746966352e-05 0 0 -1.8218149801585639e-10 2.9954424625612143e-05 -7.6427112286427827e-08 -0.020939850277951755 3.4376639946769214e-06 0 -0.28664844310601589 -0.028732706825565793 -6.2343143940621901e-06 -3.4240669721729101e-05 0.00032977674543156673 0.01448642117573461 -0.71900306580059148 0.0044072433258851686 0.0004273762010321609 -0.00013097960662767803 0.003898896866514612 -1.2013625418716458 1.588697268625904 0.39617774382291648 4.5382932835501605e-13 4.6270088976392834e-10 3.6426843014264432e-14 -1.8165617251207988e-15
leaf_weight=335 2294 8245 859 370 1485106 730 1412 326 1193 10810 4622 51245 191 5204 330 248 3133 255 1197 589 1371 451 277 450 167 1054 943 458717 1049 5517
leaf_count=335 2294 8245 859 370 1485106 730 1412 326 1193 10810 4622 51245 191 5204 330 248 3133 255 1197 589 1371 451 277 450 167 1054 943 458717 1049 5517
internal_value=-2.48207e-05 0.00986999 0.038392 -0.000568775 -8.19864e-05 -0.00190034 -0.00209724 -0.0203868 -0.0302392 -0.00160169 -0.000594628 -0.00200427 -0.00485845 0.00222661 -0.00119438 0.00657768 0.00115677 -0.00910129 -0.0242424 0.00342713 0.0130612 -0.00184152 0.020565 -0.00256829 -0.000828524 0.0250563 -2.22925e-06 0.000572791 0.00914236 0.00260062
internal_weight=2.04869e+06 11768 3153 8615 2.03692e+06 85590 85255 2249 1923 83006 63401 52987 19605 7343 51575 10414 5792 12262 1452 5544 1960 3584 1522 5821 5371 1331 1.95133e+06 466226 7509 6460
internal_count=2048690 11768 3153 8615 2036922 85590 85255 2249 1923 83006 63401 52987 19605 7343 51575 10414 5792 12262 1452 5544 1960 3584 1522 5821 5371 1331 1951332 466226 7509 6460
is_linear=0
shrinkage=0.05


Tree=248
num_leaves=31
num_cat=0
split_feature=16 15 15 17 2 17 17 17 17 15 15 17 9 16 0 0 16 16 15 0 16 0 15 15 17 0 12 15 17 0
split_gain=766.006 714.411 533.582 1216.02 260.962 194.407 130.336 127.022 108.553 197.532 261.561 171.176 144.04 185.708 227.183 257.835 529.01 141.335 131.594 130.274 126.895 341.189 470.494 319.318 1349.33 773.667 844.918 298.217 296.637 250.282
threshold=inf 1.0030303030303032 inf 1.5000000000000002 1.0000000180025095e-35 1.0000000180025095e-35 4.5000000000000009 2.5000000000000004 26.500000000000004 24.621665582303191 20.753635405690204 29.500000000000004 1.0000000180025095e-35 22.594959805373389 -0.60355339059327362 0.37940952255126054 28.803288201160544 24.459641923644689 24.621665582303191 0.98296291314453421 15.278781333539966 0.78656609248549325 17.692896509491735 14.19788232943762 15.500000000000002 -0.5 14.91666666666667 17.692896509491735 20.500000000000004 0.60355339059327384
decision_type=8 8 8 8 2 10 10 10 8 10 10 8 2 10 2 2 10 10 10 2 10 2 10 10 10 2 2 10 10 2
left_child=2 6 8 4 -4 -3 -2 -7 9 10 20 12 -10 -14 -15 16 -16 -11 -17 -20 23 27 -23 -1 25 -25 -27 -22 -24 -26
right_child=1 5 3 -5 -6 7 -8 -9 11 17 -12 -13 13 14 15 18 -18 -19 19 -21 21 22 28 24 29 26 -28 -29 -30 -31
leaf_value=0 1.0190252570317955e-11 -7.8578652209618038e-05 6.42708613650326e-09 0 1.2274215145313632e-09 3.729812163498924e-06 -0.00079685924768429801 -3.8369893606277602e-05 0 5.4310061182506793e-07 -1.4175545327043117e-06 0 -4.0075059423771151e-07 -1.8380768537917476e-05 1.3531351573562421e-05 0.00027686585452892174 2.1911696925239155e-07 -1.4901217168375025e-06 -2.9678628142302045e-06 -1.1592138679870202e-05 5.5506999482775393e-08 1.9376685032481199e-05 4.6552060852815428e-08 6.3798810760726272e-07 8.8345911976408842e-05 0.0011223336278407073 -2.313504448819642e-11 -2.431501683220003e-09 3.2593412483164986e-05 -3.8608024038268777e-06
leaf_weight=840939 1667 192 2151 8245 859 145 110 1003 4358 1098 4729 1109138 21628 2315 1388 1523 1227 268 1434 169 10425 2755 1627 540 10573 1068 4509 6391 800 5416
leaf_count=840939 1667 192 2151 8245 859 145 110 1003 4358 1098 4729 1109138 21628 2315 1388 1523 1227 268 1434 169 10425 2755 1627 540 10573 1068 4509 6391 800 5416
internal_value=-0.000112657 0.0246551 -0.000150398 0.0107064 0.037907 -0.00291045 0.0454418 0.00487805 -0.000210464 -0.000624146 -0.000653313 0.000112012 0.00360437 0.00235817 0.00883813 0.01417 0.0257553 0.0183748 0.00447857 -0.0055209 -0.000590649 0.00315938 0.0143767 -0.000686233 -0.00661811 -0.0265898 -0.032123 -0.000297336 0.0304285 0.00102258
internal_weight=2.04869e+06 3117 2.04557e+06 11255 3010 1340 1777 1148 2.03432e+06 891138 889772 1.14318e+06 34042 29684 8056 5741 2615 1366 3126 1603 885043 21998 5182 863045 22106 6117 5577 16816 2427 15989
internal_count=2048690 3117 2045573 11255 3010 1340 1777 1148 2034318 891138 889772 1143180 34042 29684 8056 5741 2615 1366 3126 1603 885043 21998 5182 863045 22106 6117 5577 16816 2427 15989
is_linear=0
shrinkage=0.05


Tree=249
num_leaves=31
num_cat=0
split_feature=16 15 15 17 2 17 18 17 17 15 1 8 1 17 16 16 15 1 17 15 17 0 16 15 1 10 15 0 17 17
split_gain=766.504 714.411 534.375 1216.02 260.962 194.407 155.435 127.022 111.74 197.826 180.946 179.109 960.589 846.855 440.573 372.81 362.893 278.34 483.19 636.272 265.25 350.882 588.827 231.274 225.554 272.803 247.865 183.129 163.208 160.453
threshold=inf 1.0030303030303032 inf 1.5000000000000002 1.0000000180025095e-35 1.0000000180025095e-35 0.99475062000551129 2.5000000000000004 26.500000000000004 24.621665582303191 -0.3794095225512602 14.500000000000002 0.60355339059327384 15.500000000000002 17.644411330690666 15.278781333539966 13.358299337072923 -0.12940952255126037 15.500000000000002 13.358299337072923 20.500000000000004 0.60355339059327384 18.419328569054347 19.442072271386433 0.91597561503675351 20.500000000000004 19.442072271386433 -0.5 20.500000000000004 29.500000000000004
decision_type=8 8 8 8 2 10 8 10 8 10 2 2 2 10 10 10 10 2 10 10 10 2 10 10 2 2 10 2 10 8
left_child=2 6 8 4 -4 -3 -2 -7 9 11 -11 -1 15 16 -15 17 -14 27 19 -19 21 -17 -23 -20 25 -16 -26 -13 -25 -10
right_child=1 5 3 -5 -6 7 -8 -9 29 10 -12 12 13 14 24 20 -18 18 23 -21 -22 22 -24 28 26 -27 -28 -29 -30 -31
leaf_value=0 -0.00075701628530008315 -7.4649719599137137e-05 6.105731829678098e-09 0 1.1660504388047952e-09 3.5433215553239782e-06 9.6807399418020567e-12 -3.6451398925963715e-05 8.9639772043757107e-08 5.1594558123381452e-07 -1.4156156309956273e-06 6.4288428922612475e-07 -8.3494710974959011e-08 -1.6032809383878888e-06 -1.6156465831879702e-09 1.9310589471738256e-08 -2.1978292263786599e-11 4.873046574373799e-09 9.2601217379518577e-05 -2.1978292263786599e-11 -4.3413467643890389e-07 0.00087450253695059161 4.4224457810174656e-08 -3.6849571762260146e-06 9.7314123197818224e-07 9.7442123076941072e-07 -1.1133379796492523e-06 -1.2333611521172851e-09 8.2340014831141731e-06 0
leaf_weight=838133 143 192 2151 8245 859 145 1634 1003 34042 1088 278 2819 546 9522 1455 5353 2308 728 4267 1699 6525 2362 1567 407 395 1003 1710 8690 283 1109138
leaf_count=838133 143 192 2151 8245 859 145 1634 1003 34042 1088 278 2819 546 9522 1455 5353 2308 728 4267 1699 6525 2362 1567 407 395 1003 1710 8690 283 1109138
internal_value=-0.000120711 0.0246551 -0.000158464 0.0107064 0.037907 -0.00291045 0.0454418 0.00487805 -0.000218574 -0.000638285 0.0183748 -0.000667474 -0.00352544 -0.0132859 -0.00825346 0.00123919 -0.0381219 -0.0035013 -0.011078 -0.0293572 0.00690517 0.0123357 0.0236829 -0.0021283 -0.0210278 -0.0107404 -0.0330404 0.00135981 -0.0289855 0.000108601
internal_weight=2.04869e+06 3117 2.04557e+06 11255 3010 1340 1777 1148 2.03432e+06 891138 1366 889772 51639 16939 14085 34700 2854 18893 7384 2427 15807 9282 3929 4957 4563 2458 2105 11509 690 1.14318e+06
internal_count=2048690 3117 2045573 11255 3010 1340 1777 1148 2034318 891138 1366 889772 51639 16939 14085 34700 2854 18893 7384 2427 15807 9282 3929 4957 4563 2458 2105 11509 690 1143180
is_linear=0
shrinkage=0.05


Tree=250
num_leaves=31
num_cat=0
split_feature=16 15 15 17 2 17 18 17 10 17 15 12 15 15 1 15 16 1 7 17 1 15 1 15 12 12 17 1 1 1
split_gain=768.248 714.411 537.154 1216.02 260.962 194.407 155.435 127.022 109.542 93.8773 139.723 350.744 202.96 129.837 218.859 177.916 265.294 314.8 256.355 718.328 1568.13 945.03 588.749 320.039 230.618 214.092 191.555 169.703 186.836 154.147
threshold=inf 1.0030303030303032 inf 1.5000000000000002 1.0000000180025095e-35 1.0000000180025095e-35 0.99475062000551129 2.5000000000000004 -1.0000000180025095e-35 28.500000000000004 0.93450283438026671 1.0000000180025095e-35 0.68048396334478822 24.621665582303191 1.0000000180025095e-35 20.753635405690204 19.002083333333335 0.60355339059327384 14.500000000000002 16.500000000000004 1.0000000180025095e-35 13.358299337072923 -0.78656609248549325 13.358299337072923 14.91666666666667 14.91666666666667 20.500000000000004 1.0000000180025095e-35 -0.78656609248549325 0.91597561503675351
decision_type=8 8 8 8 2 10 8 10 2 8 10 2 10 10 2 10 10 2 2 10 2 10 2 10 2 2 10 2 2 2
left_child=2 6 9 4 -4 -3 8 -7 -2 10 11 -1 -13 15 -15 16 18 26 -12 20 22 -22 23 -20 -25 -23 -18 28 -28 -17
right_child=1 5 3 -5 -6 7 -8 -9 -10 -11 13 12 -14 14 -16 29 17 -19 19 -21 21 25 -24 24 -26 -27 27 -29 -30 -31
leaf_value=0 0.0016760163835515326 -7.0917233619180274e-05 5.8004452381941932e-09 0 1.1077479168645554e-09 3.366155477557779e-06 9.1967029447119534e-12 -3.4628828979665533e-05 -0.00078725567363072688 0 0 0 0 4.9014830217212383e-07 -4.3003428978000943e-05 -1.327886601244621e-06 4.0442486370276153e-08 -1.5348642540285531e-09 2.647408745484867e-10 -5.2405944850268515e-09 4.6293942456551093e-09 -0.00013126116824482606 7.783111225080253e-07 0.0041932711933879638 -1.2114386226926778e-09 -2.0879377650597267e-11 0.050436836875611346 0.0031969197611200657 -0.042486836149406737 -1.3028491804743778e-06
leaf_weight=85440 56 192 2151 8245 859 145 1634 1003 87 1133899 700231 24092 33385 1164 371 4803 3580 2300 763 30606 1041 278 3056 105 761 3705 473 1150 1329 1786
leaf_count=85440 56 192 2151 8245 859 145 1634 1003 87 1133899 700231 24092 33385 1164 371 4803 3580 2300 763 30606 1041 278 3056 105 761 3705 473 1150 1329 1786
internal_value=-0.000148876 0.0246551 -0.000186671 0.0107064 0.037907 -0.00291045 0.0454418 0.00487805 -0.00454545 -0.000246938 -0.000628096 -0.00206204 -0.00508203 -0.000357557 0.0141694 -0.000387054 -0.000315128 0.00829937 -0.000417867 -0.00429493 -0.0161448 -0.0355494 0.00466382 -0.0196133 -0.0404157 -0.0466357 0.0139008 0.00447154 -0.00510544 -0.00856731
internal_weight=2.04869e+06 3117 2.04557e+06 11255 3010 1340 1777 1148 143 2.03432e+06 900419 142917 57477 757502 1535 755967 749378 8832 740546 40315 9709 5024 4685 1629 866 3983 6532 2952 1802 6589
internal_count=2048690 3117 2045573 11255 3010 1340 1777 1148 143 2034318 900419 142917 57477 757502 1535 755967 749378 8832 740546 40315 9709 5024 4685 1629 866 3983 6532 2952 1802 6589
is_linear=0
shrinkage=0.05


Tree=251
num_leaves=31
num_cat=0
split_feature=16 15 15 17 2 17 18 17 10 17 15 7 17 15 1 1 1 1 17 16 0 15 11 1 12 15 0 18 12 12
split_gain=768.532 714.411 537.607 1216.02 260.962 194.407 155.435 127.022 109.542 96.7655 182.344 158.159 974.475 1361.17 710.301 715.34 236.507 232.214 352.512 398.734 639.9 508.783 221.4 207.979 182.644 175.797 481.462 547.512 448.769 348.267
threshold=inf 1.0030303030303032 inf 1.5000000000000002 1.0000000180025095e-35 1.0000000180025095e-35 0.99475062000551129 2.5000000000000004 -1.0000000180025095e-35 28.500000000000004 24.621665582303191 14.500000000000002 16.500000000000004 14.19788232943762 1.0000000180025095e-35 -0.70710678118654757 0.78656609248549303 0.60355339059327384 20.500000000000004 17.644411330690666 0.60355339059327384 18.852396514161224 17.833333333333339 -0.98296291314453399 14.91666666666667 0.93450283438026671 -0.98296291314453399 -0.74999999999999989 1.0000000180025095e-35 1.0000000180025095e-35
decision_type=8 8 8 8 2 10 8 10 2 8 10 2 10 10 2 2 2 2 10 10 2 10 2 2 2 10 2 10 2 2
left_child=2 6 9 4 -4 -3 8 -7 -2 10 11 25 13 16 15 24 -13 18 19 21 23 22 -14 -21 -15 26 27 -1 -28 -29
right_child=1 5 3 -5 -6 7 -8 -9 -10 -11 -12 12 17 14 -16 -17 -18 -19 -20 20 -22 -23 -24 -25 -26 -27 28 29 -30 -31
leaf_value=9.1090749007928192e-12 0.0015922155643739559 -6.7371371938221259e-05 5.5104229762844839e-09 0 1.0523605210213277e-09 3.1978477036798897e-06 8.736867797476356e-12 -3.2897387530682254e-05 -0.00074789288994919051 0 4.6564088706351759e-07 4.3979245333723535e-09 2.4471955311572008e-08 0.0037475867562892654 -1.9835408768067405e-11 7.3939556638262403e-07 -2.0992160992477226e-11 -1.0544191480507233e-06 -4.7836339836611807e-05 1.6324355090037877e-08 0.00054610909327753926 -3.500447287690462e-06 0.00031668955810681244 -1.065539839246292e-06 -1.1508666915580438e-09 0 0 -1.4622133929629656e-08 0 0
leaf_weight=335 56 192 2151 8245 859 145 1634 1003 87 1133899 1535 3797 6817 78 3593 966 544 15719 15585 232 1790 585 2660 2270 778 701186 82015 3098 52614 4222
leaf_count=335 56 192 2151 8245 859 145 1634 1003 87 1133899 1535 3797 6817 78 3593 966 544 15719 15585 232 1790 585 2660 2270 778 701186 82015 3098 52614 4222
internal_value=-0.000153464 0.0246551 -0.000191267 0.0107064 0.037907 -0.00291045 0.0454418 0.00487805 -0.00454545 -0.000251559 -0.000638536 -0.000667939 -0.0032555 -0.0175994 -0.0343213 -0.00889133 0.00325962 -0.000190547 0.0023932 0.00804654 0.0208062 0.00260386 0.00539728 0.00447642 -0.0421729 -0.000497943 -0.00210038 -0.0142978 -0.00140683 -0.0171585
internal_weight=2.04869e+06 3117 2.04557e+06 11255 3010 1340 1777 1148 143 2.03432e+06 900419 898884 55414 9756 5415 1822 4341 45658 29939 14354 4292 10062 9477 2502 856 843470 142284 7655 134629 7320
internal_count=2048690 3117 2045573 11255 3010 1340 1777 1148 143 2034318 900419 898884 55414 9756 5415 1822 4341 45658 29939 14354 4292 10062 9477 2502 856 843470 142284 7655 134629 7320
is_linear=0
shrinkage=0.05


Tree=252
num_leaves=31
num_cat=0
split_feature=16 17 3 11 18 18 17 1 1 1 1 1 17 1 16 16 17 17 1 17 17 7 16 10 18 16 1 5 12 12
split_gain=766.586 484.543 347.224 309.094 82.0923 112.603 257.846 123.851 88.4482 116.778 75.6168 229.26 124.166 202.049 210.509 144.379 106.969 202.362 99.8058 86.9362 74.8679 74.7196 90.7645 89.303 72.9099 150.934 111.961 426.095 1947.31 584.838
threshold=inf 2.5000000000000004 -0.56174490092936669 1.0000000180025095e-35 -0.22499999999999998 -0.032795698924731172 24.500000000000004 -0.60355339059327384 1.0000000180025095e-35 -0.12940952255126037 0.1294095225512602 -0.12940952255126037 6.5000000000000009 1.0000000180025095e-35 2.3196210074686161 0.46678281068524979 16.500000000000004 19.500000000000004 1.0000000180025095e-35 10.500000000000002 22.500000000000004 -1.0000000180025095e-35 0.21688681631710352 -1.0000000180025095e-35 0.94127227438206562 0.87228814888389372 1.0000000180025095e-35 10.500000000000002 15.083333333333334 14.91666666666667
decision_type=8 10 2 2 8 8 8 2 2 2 2 2 10 2 10 10 10 10 2 10 10 2 10 2 10 10 2 2 2 2
left_child=4 2 3 -2 21 6 7 -6 9 -8 11 -9 18 14 -14 -15 -17 -18 -13 -16 -21 22 23 -1 -7 -26 -27 -28 29 -29
right_child=1 -3 -4 -5 5 24 8 10 -10 -11 -12 12 13 15 19 16 17 -19 -20 20 -22 -23 -24 -25 25 26 27 28 -30 -31
leaf_value=0 -6.4002803341310196e-05 -3.125251815414814e-05 8.3000244076025388e-12 3.0379553184958949e-06 0 0 0 0 -4.481988602187856e-09 3.1447494335385579e-05 0 7.3110669648148279e-10 -7.1874649975624947e-08 0 2.8446711101068876e-05 -0.0023750000000000004 0.59762500000000007 -0.0023750000000000004 0 -6.1117744318724895e-08 2.8456703394331536e-05 -0.0026921070724625915 0 -0.0022197392773536787 0 0 0 -2.3134948879684569e-11 -5.7994715316680442e-08 -1.8843638329664034e-11
leaf_weight=24355 198 1121 1654 144 12830 1223055 1446 7800 1872 127 21930 136 1151 1247 101 723 162 349 282 143 54 169 794 129 40483 322515 276587 3218 99339 4576
leaf_count=24355 198 1121 1654 144 12830 1223055 1446 7800 1872 127 21930 136 1151 1247 101 723 162 349 282 143 54 169 794 129 40483 322515 276587 3218 99339 4576
internal_value=-0.000122029 0.0246551 0.0394289 -0.00643275 -0.000159784 -0.000195334 -0.00253014 -0.0015605 -0.0157329 -0.00699301 -0.00313692 -0.00630145 -0.0155014 -0.018257 -0.0330918 -0.00959291 -0.021718 -0.00420744 0.0104067 0.00436242 -0.0149746 0.0026624 0.00288393 0.00234439 -0.00013565 -0.000524964 -0.000354769 -0.00093193 -0.00360907 -0.0276751
internal_weight=2.04869e+06 3117 1996 342 2.04557e+06 2.02013e+06 50353 46908 3445 1573 34078 12148 4348 3930 1449 2481 1234 511 418 298 197 25447 25278 24484 1.96977e+06 746718 706235 383720 107133 7794
internal_count=2048690 3117 1996 342 2045573 2020126 50353 46908 3445 1573 34078 12148 4348 3930 1449 2481 1234 511 418 298 197 25447 25278 24484 1969773 746718 706235 383720 107133 7794
is_linear=0
shrinkage=0.05


Tree=253
num_leaves=31
num_cat=0
split_feature=16 15 15 17 2 17 18 17 10 18 15 10 13 1 14 15 3 17 15 1 16 18 1 1 12 5 15 10 12 15
split_gain=765.333 714.411 532.511 1216.02 260.962 194.407 155.435 127.022 109.542 103.649 341.64 167.669 316.122 390.777 258.577 138.021 178.333 130.919 90.9258 89.2904 367.458 413.492 883.097 425.85 362.457 1921.1 1046.1 473.057 348.594 318.843
threshold=inf 1.0030303030303032 inf 1.5000000000000002 1.0000000180025095e-35 1.0000000180025095e-35 0.99475062000551129 2.5000000000000004 -1.0000000180025095e-35 0.94127227438206562 0.82160537482319673 1.0000000180025095e-35 1.0000000180025095e-35 0.37940952255126048 0.92016825471890729 0.92068331397599701 -0.56174490092936669 20.500000000000004 6.9196774193548398 1.0000000180025095e-35 8.504937189599767 0.99402380952380964 -0.70710678118654757 -0.78656609248549325 10.083333333333334 15.500000000000002 13.358299337072923 13.500000000000002 14.91666666666667 21.458785354513758
decision_type=8 8 8 8 2 10 8 10 2 10 10 2 2 2 2 10 2 10 10 2 10 10 2 2 2 2 10 2 2 10
left_child=2 6 9 4 -4 -3 8 -7 -2 -1 17 12 14 18 15 16 -12 -11 -14 20 -13 -22 23 -23 -21 26 27 -26 -28 -25
right_child=1 5 3 -5 -6 7 -8 -9 -10 10 11 19 13 -15 -16 -17 -18 -19 -20 24 21 22 -24 29 25 -27 28 -29 -30 -31
leaf_value=0 0.0015141674120629656 -6.0802663174244691e-05 5.2349018274702599e-09 0 9.9974249497026115e-10 2.8860575525711005e-06 7.8850231872224111e-12 -2.9689892246440736e-05 -0.00070893561954402356 0 -1.9130187382561719e-08 0 0.00038893098071498248 -4.6972975674761439e-05 -0.00010136217165584783 3.5093482057503403e-08 3.3847025118545315e-08 0.0014993462039048857 -0.0079599537389853266 0 -0.0080349197921132636 4.3113786193726525e-13 0.00048324916706141542 -2.1994964316766686e-08 -2.197820143570034e-11 -5.5094979550846418e-08 6.6911850870403757e-06 4.8741995865272555e-09 -1.7901456413180834e-11 -2.8602234025749563e-05
leaf_weight=1292370 56 192 2151 8245 859 145 1634 1003 87 22825 108 263879 783 615 843 1370 366 430 604 287512 16854 14887 22884 1441 1748 98199 385 1377 3695 1143
leaf_count=1292370 56 192 2151 8245 859 145 1634 1003 87 22825 108 263879 783 615 843 1370 366 430 604 287512 16854 14887 22884 1441 1748 98199 385 1377 3695 1143
internal_value=-0.000101772 0.0246551 -0.000139496 0.0107064 0.037907 -0.00291045 0.0454418 0.00487805 -0.00454545 -0.000199502 -0.000670532 -0.000477534 0.00894647 -0.00609391 0.0201526 0.0306399 0.00738397 -0.00663513 0.00861572 -0.000539423 7.9106e-05 0.00371183 0.00645893 -0.00200618 -0.00104488 -0.003553 -0.0284733 -0.006704 -0.0451471 -0.020743
internal_weight=2.04869e+06 3117 2.04557e+06 11255 3010 1340 1777 1148 143 2.03432e+06 741948 718693 4689 2002 2687 1844 474 23255 1387 714004 321088 57209 40355 17471 392916 105404 7205 3125 4080 2584
internal_count=2048690 3117 2045573 11255 3010 1340 1777 1148 143 2034318 741948 718693 4689 2002 2687 1844 474 23255 1387 714004 321088 57209 40355 17471 392916 105404 7205 3125 4080 2584
is_linear=0
shrinkage=0.05


Tree=254
num_leaves=31
num_cat=0
split_feature=16 15 15 17 17 18 18 15 15 10 15 14 1 1 1 12 10 12 1 1 1 15 5 15 16 15 1 1 1 14
split_gain=771.042 712.207 538.442 1216.02 195.031 155.435 155.272 322.883 190.732 683.658 1627.39 1091.31 280.653 312.542 422.381 390.021 279.126 449.926 251.234 244.175 445.249 243.279 712.576 229.549 197.397 183.39 561.422 522.372 347.934 244.792
threshold=inf 1.0030303030303032 inf 1.5000000000000002 1.0000000180025095e-35 0.99475062000551129 0.94127227438206562 0.82160537482319673 1.857625482625483 16.500000000000004 14.19788232943762 1.0000000180025095e-35 0.91597561503675351 0.25881904510252057 0.1294095225512602 4.916666666666667 1.0000000180025095e-35 0.41666666666666669 0.37940952255126048 1.0000000180025095e-35 -0.5 9.5016129032258085 10.500000000000002 17.006097560975615 7.6429544569871561 9.8576036866359456 -0.9159756150367534 1.0000000180025095e-35 -0.9159756150367534 1.0000000180025095e-35
decision_type=8 8 8 8 10 8 10 10 10 2 10 2 2 2 2 2 2 2 2 2 2 10 2 10 10 10 2 2 2 2
left_child=2 5 6 -4 -3 -2 -1 -8 16 10 12 19 13 14 25 -16 17 18 -9 20 -12 -14 -23 -11 -24 27 -27 28 29 -10
right_child=1 4 3 -5 -6 -7 7 8 9 23 11 -13 21 -15 15 -17 -18 -19 -20 -21 -22 22 24 -25 -26 26 -28 -29 -30 -31
leaf_value=0 -0.00060539863597117464 -5.776253001553246e-05 4.9056331063349618e-09 0 2.7417546749425455e-06 7.4907720278612908e-12 0 0.00022100187624374192 -1.6214356535345126e-11 9.5442144867258334e-07 -4.1915767883394776e-09 -0.00030669969589007539 0 -1.7257336388647588e-15 -1.543515207936641e-09 3.4423043703796271e-06 0 3.3056154771466264e-08 -4.1389277573813082e-05 -1.7006383592521791e-11 0.0009599793176764313 3.4605500863551208e-14 4.6279172807027848e-09 -2.0822558427872994e-08 -2.07122451345877e-11 4.0958096884040206e-13 -7.500029252958959e-13 8.3015183730877524e-09 -6.5418284927905027e-12 -0.028680758415206314
leaf_weight=1292370 143 192 3010 8245 1148 1634 23255 491 1887 8121 934 3099 3962 12918 229 1142 523012 2138 377 3359 659 1173 177 135471 817 1450 5653 1253 9677 694
leaf_count=1292370 143 192 3010 8245 1148 1634 23255 491 1887 8121 934 3099 3962 12918 229 1142 523012 2138 377 3359 659 1173 177 135471 817 1450 5653 1253 9677 694
internal_value=-0.00016186 0.0246872 -0.000199724 0.0107064 -0.00283582 0.0454418 -0.000260063 -0.000836582 -0.000648956 -0.00199481 -0.00708901 -0.0276425 -0.00305615 -0.00478899 -0.00116216 0.0257112 -0.000155983 0.0150366 -0.0153226 -0.0422052 -0.0260829 0.00681188 0.0202815 -0.000253496 -0.0108652 -0.00294945 0.00355484 -0.00636888 -0.00951216 -0.0258233
internal_weight=2.04869e+06 3117 2.04557e+06 11255 1340 1777 2.03432e+06 741948 718693 192675 49083 8051 41032 34903 21985 1371 526018 3006 868 4952 1593 6129 2167 143592 994 20614 7103 13511 12258 2581
internal_count=2048690 3117 2045573 11255 1340 1777 2034318 741948 718693 192675 49083 8051 41032 34903 21985 1371 526018 3006 868 4952 1593 6129 2167 143592 994 20614 7103 13511 12258 2581
is_linear=0
shrinkage=0.05


Tree=255
num_leaves=31
num_cat=0
split_feature=15 17 0 0 0 0 1 18 15 15 12 15 12 12 0 1 15 1 18 0 0 6 15 5 10 12 5 10 5 15
split_gain=469.397 1401.5 256.262 284.693 155.334 244.67 138.916 89.3948 349.653 172.093 1846.57 939.224 607.978 436.762 347.568 469.61 435.377 425.535 658.863 741.717 446.998 606.611 472.04 311.971 311.8 422.691 274.164 283.529 890.016 263.911
threshold=inf 1.5000000000000002 -0.5 -0.60355339059327362 -0.9159756150367534 -0.98296291314453399 0.98296291314453421 0.94127227438206562 0.82160537482319673 10.435599078341015 15.083333333333334 14.19788232943762 14.91666666666667 13.083333333333334 -0.60355339059327362 -0.3794095225512602 20.753635405690204 1.0000000180025095e-35 0.99402380952380964 0.60355339059327384 0.37940952255126054 51.500000000000007 98.995145631067984 85.500000000000014 1.0000000180025095e-35 0.41666666666666669 17.500000000000004 33.500000000000007 53.500000000000007 19.442072271386433
decision_type=8 8 2 2 2 2 2 10 10 10 2 10 2 2 2 2 10 2 10 2 2 2 10 2 2 2 2 2 2 10
left_child=7 2 3 4 5 -2 -3 -1 -9 24 11 13 -13 -11 15 16 -12 18 -16 20 22 -22 26 29 25 -10 -20 -28 -29 -21
right_child=1 6 -4 -5 -6 -7 -8 8 9 10 14 12 -14 -15 17 -17 -18 -19 19 23 21 -23 -24 -25 -26 -27 27 28 -30 -31
leaf_value=0 4.1213149445653752e-07 0 4.7278750807799978e-09 -8.3365959102699063e-09 7.0447371490500012e-10 -1.1041389597404477e-08 -5.487440351475584e-05 0 -3.6971574950081369e-05 -2.2250676558847348e-11 4.644366288067078e-05 6.511228487086718e-05 -1.6156064412895702e-11 3.1695429708584038e-09 -0.018914076285903282 -6.099089529347072e-06 -6.2844246283192418e-05 -4.7543021033623014e-08 -5.0785279114228846e-08 0.0008001874009738153 -4.1596985970483914e-05 8.8606192939685304e-05 -0.00017614489692651121 0.002306555292307715 0 3.1686000216054921e-08 3.6904365097148001e-07 -1.8046566199814616e-05 0.0009155672210333888 0.00051522555928410136
leaf_weight=1293837 143 8245 2293 143 430 144 370 23267 882 1511 1252 969 4984 3975 14294 17053 3422 86959 293 1047 1382 1167 461 4544 560219 2694 4495 710 2361 5144
leaf_count=1293837 143 8245 2293 143 430 144 370 23267 882 1511 1252 969 4984 3975 14294 17053 3422 86959 293 1047 1382 1167 461 4544 560219 2694 4495 710 2361 5144
internal_value=-8.72265e-05 0.00986999 0.038392 0.0151163 0.0279637 -0.000522648 -0.000568775 -0.000144753 -0.000581831 -0.000386834 -0.00185646 -0.021195 -0.0349488 -0.00627051 -0.000326454 -0.00615594 -0.0201968 0.000704478 0.00528442 0.0107943 0.00158708 -0.0167321 0.00719952 0.0201164 1.98654e-05 0.0147371 0.010084 0.0119218 0.000211657 0.0274188
internal_weight=2.04869e+06 11768 3153 860 717 287 8615 2.03692e+06 743085 719818 156023 11439 5953 5486 144584 21727 4674 122857 35898 21604 10869 2549 8320 10735 563795 3576 7859 7566 3071 6191
internal_count=2048690 11768 3153 860 717 287 8615 2036922 743085 719818 156023 11439 5953 5486 144584 21727 4674 122857 35898 21604 10869 2549 8320 10735 563795 3576 7859 7566 3071 6191
is_linear=0
shrinkage=0.05


Tree=256
num_leaves=31
num_cat=0
split_feature=16 15 15 17 2 17 18 17 10 18 15 15 12 15 12 12 0 1 15 14 10 12 0 17 15 0 0 1 15 0
split_gain=767.121 712.207 532.204 1216.02 260.962 195.031 155.435 126.517 109.542 101.251 342.629 186.994 1955.94 865.228 596.412 398.723 358.472 518.296 354.735 336.592 315.221 421.496 286.441 425.778 264.139 1209.83 305.142 637.364 682.364 654.214
threshold=inf 1.0030303030303032 inf 1.5000000000000002 1.0000000180025095e-35 1.0000000180025095e-35 0.99475062000551129 2.5000000000000004 -1.0000000180025095e-35 0.94127227438206562 0.82160537482319673 10.435599078341015 15.083333333333334 14.19788232943762 14.91666666666667 13.083333333333334 -0.60355339059327362 -0.3794095225512602 20.753635405690204 1.0000000180025095e-35 1.0000000180025095e-35 0.41666666666666669 0.98296291314453421 36.500000000000007 5.6229149576155324 -0.5 -0.60355339059327362 0.1294095225512602 9.5016129032258085 -0.9159756150367534
decision_type=8 8 8 8 2 10 8 10 2 10 10 10 2 10 2 2 2 2 10 2 2 2 2 10 10 2 2 2 10 2
left_child=2 6 9 4 -4 -3 8 -7 -2 -1 -11 20 13 15 -15 -13 17 18 -14 -20 21 -12 -18 -24 -22 26 27 -26 29 -29
right_child=1 5 3 -5 -6 7 -8 -9 -10 10 11 12 16 14 -16 -17 22 -19 19 -21 24 -23 23 -25 25 -27 -28 28 -30 -31
leaf_value=0 0.0014687289732583759 -5.2130683339018051e-05 4.4914813267409988e-09 0 6.6925002915975011e-10 2.6044305474413791e-06 7.116233426468226e-12 -2.8340108216814148e-05 -0.00064321890676826365 0 -3.5122996202577299e-05 -2.1140160838551198e-11 4.4121479736637243e-05 6.1856670627323827e-05 -1.5348261192250916e-11 3.0110658223154837e-09 6.0335600077660173e-08 -5.7941350528797189e-06 -5.9702033969032792e-05 -0.0019497379781158236 0 3.0101700205252174e-08 -3.9618879843965906e-05 -0.00017985895151014547 -3.973506539547932e-05 8.6286681943237946e-17 -8.72186416474758e-08 2.6715319226619373e-06 1.5424282300319454e-06 -1.7829004348252252e-07
leaf_weight=1292370 56 192 2151 8245 859 145 1634 1003 87 23255 881 1504 1252 960 4978 3974 112095 17053 2621 801 535477 2694 2438 7974 2994 17283 1086 538 926 1164
leaf_count=1292370 56 192 2151 8245 859 145 1634 1003 87 23255 881 1504 1252 960 4978 3974 112095 17053 2621 801 535477 2694 2438 7974 2994 17283 1086 538 926 1164
internal_value=-9.85996e-05 0.0246872 -0.000136368 0.0107064 0.037907 -0.00283582 0.0454418 0.00496516 -0.00454545 -0.000196356 -0.000661906 -0.000468628 -0.00200257 -0.0219254 -0.0351465 -0.00759401 -0.000425697 -0.00634464 -0.0210954 -0.0294272 -4.45792e-05 0.0147552 0.000624046 -0.00730887 -0.00013915 0.00499354 -0.0130292 -0.00834223 0.00962709 -0.00916569
internal_weight=2.04869e+06 3117 2.04557e+06 11255 3010 1340 1777 1148 143 2.03432e+06 741948 718693 155650 11416 5938 5478 144234 21727 4674 3422 563043 3575 122507 10412 559468 23991 6708 5622 2628 1702
internal_count=2048690 3117 2045573 11255 3010 1340 1777 1148 143 2034318 741948 718693 155650 11416 5938 5478 144234 21727 4674 3422 563043 3575 122507 10412 559468 23991 6708 5622 2628 1702
is_linear=0
shrinkage=0.05


Tree=257
num_leaves=31
num_cat=0
split_feature=15 17 0 0 0 0 1 10 15 10 17 0 15 15 13 17 1 12 17 14 1 5 17 1 0 15 4 17 5 1
split_gain=478.244 1401.5 256.262 284.693 155.334 244.67 138.916 104.365 423.555 216.781 165.614 456.665 933.315 229.604 213.832 437.365 411.85 171.968 253.189 163.381 150.262 125.257 123.523 232.685 324.014 415.799 166.123 222.127 209.368 118.199
threshold=inf 1.5000000000000002 -0.5 -0.60355339059327362 -0.9159756150367534 -0.98296291314453399 0.98296291314453421 1.0000000180025095e-35 0.82160537482319673 16.500000000000004 5.5000000000000009 -0.98296291314453399 0.17992805755395685 0.94810004810004822 1.0000000180025095e-35 5.5000000000000009 0.37940952255126048 0.41666666666666669 1.5000000000000002 1.0000000180025095e-35 -0.5 1.0000000180025095e-35 82.500000000000014 0.37940952255126048 0.12940952255126045 -1.0000000180025095e-35 1.0000000180025095e-35 214.50000000000003 -1.0000000180025095e-35 0.78656609248549303
decision_type=8 8 2 2 2 2 2 2 10 2 8 2 10 10 2 10 2 2 10 2 2 2 10 2 2 10 2 10 2 2
left_child=7 2 3 4 5 -2 -3 10 9 -9 11 12 -1 19 22 16 -16 -15 -19 -13 -17 -14 -12 -24 25 -25 27 -26 -28 -22
right_child=1 6 -4 -5 -6 -7 -8 8 -10 -11 14 13 21 17 15 20 -18 18 -20 -21 29 -23 23 24 26 -27 28 -29 -30 -31
leaf_value=5.5803427336641921e-10 3.9149145723225269e-07 0 4.2669072604039482e-09 -7.9532286162143979e-09 6.3578752770176252e-10 -1.052278261899224e-08 -4.952414917206715e-05 0 0 0.00087084176964186816 0 0 -1.3891027233148175e-08 3.1112726457990795e-09 0.011251611448179669 -0.00051872173151732738 -0.0031369097412455361 2.8596615194989566e-08 0.00016731016174997688 -6.2851139038878138e-09 0.040736767583474963 0.0024999986002646407 3.1197109237331399e-06 7.1292130049340364e-05 -4.2288148067925162e-05 -0.0025891317253263911 -5.0384527484823948e-06 0.001302008606675622 0.00011885843417502936 -0.0032909906067907046
leaf_weight=1647 143 8245 2293 143 430 144 370 30443 1138640 2432 777854 42118 728 3151 900 5853 127 1252 780 6651 6774 344 10210 568 2329 1992 192 197 697 1043
leaf_count=1647 143 8245 2293 143 430 144 370 30443 1138640 2432 777854 42118 728 3151 900 5853 127 1252 780 6651 6774 344 10210 568 2329 1992 192 197 697 1043
internal_value=-0.000180628 0.00986999 0.038392 0.0151163 0.0279637 -0.000522648 -0.000568775 -0.000238693 -0.000546301 -0.00614144 0.00017772 0.00279067 0.0227841 0.00178307 -5.37876e-06 0.00597061 0.0374391 0.0117885 0.0231299 0.000719719 0.00360644 -0.0135261 -0.000115989 -0.0044393 -0.0122762 0.00117188 -0.0223572 -0.0288994 -0.00376828 0.00814251
internal_weight=2.04869e+06 11768 3153 860 717 287 8615 2.03692e+06 1.17152e+06 32875 865407 56671 2719 53952 808736 14697 1027 5183 2032 48769 13670 1072 794039 16185 5975 2560 3415 2526 889 7817
internal_count=2048690 11768 3153 860 717 287 8615 2036922 1171515 32875 865407 56671 2719 53952 808736 14697 1027 5183 2032 48769 13670 1072 794039 16185 5975 2560 3415 2526 889 7817
is_linear=0
shrinkage=0.05


Tree=258
num_leaves=31
num_cat=0
split_feature=16 15 15 16 16 2 9 9 10 15 10 12 15 16 1 13 16 1 2 15 0 10 15 13 0 15 0 5 1 1
split_gain=773.321 712.207 542.078 283.418 970.756 246.293 191.039 124.589 86.9272 420.406 213.532 121.28 348.985 229.24 228.428 201.623 180.884 359.916 229.717 255.794 219.777 143.246 136.717 194.009 136.634 127.749 105.317 125.044 100.16 160.307
threshold=inf 1.0030303030303032 inf 1.0012315270935963 0.97116770117490592 1.0000000180025095e-35 1.0000000180025095e-35 1.5000000000000002 1.0000000180025095e-35 0.82160537482319673 16.500000000000004 0.41666666666666669 0.73701079622132271 1.0012315270935963 0.37940952255126048 1.0000000180025095e-35 34.620725727361894 0.25881904510252057 -0.60785761079279388 174.74316334072435 -0.5 -1.0000000180025095e-35 0.87812695434646659 1.0000000180025095e-35 -0.78656609248549292 25.31789473684211 0.91597561503675362 -1.0000000180025095e-35 0.91597561503675351 0.25881904510252057
decision_type=8 8 8 10 10 2 2 2 2 10 2 2 8 10 2 2 10 2 2 10 2 2 10 2 2 10 2 2 2 2
left_child=2 -2 8 4 -4 -6 -3 -8 11 10 -10 16 14 22 15 21 -1 20 -19 24 -18 -13 -14 -24 25 -20 -26 -28 29 -15
right_child=1 6 3 -5 5 -7 7 -9 9 -11 -12 12 13 28 -16 -17 17 18 19 -21 -22 -23 23 -25 26 -27 27 -29 -30 -31
leaf_value=0 6.7604217551448144e-12 -4.7047941713463786e-05 0 -4.077713256142632e-07 4.0535618973837514e-09 6.0399815131667447e-10 2.4739956747062901e-06 -1.0839208096127284e-05 0 0 0.00086285281049301623 0.0014893247261843615 -9.5133921491502711e-10 0.0014801147761405273 3.7400077885959461e-07 -4.733947707956173e-05 -0.0022039934351207094 0.0001078642205886823 1.8758547445029681 0.00054180473988207944 0.00012040274657154279 -6.5369546406291005e-09 2.716678443524009e-08 0.00036947616911593158 -0.0011336370367386215 -0.020374719127675398 0.0051326744941385984 -0.0070113156105042615 -0.013645212259501244 0.090835273883632217
leaf_weight=832924 1777 252 4669 3787 2013 786 157 931 30420 1137159 2424 148 765 9582 760 949 2662 1064 229 372 4486 951 1889 791 2370 118 91 319 735 3110
leaf_count=832924 1777 252 4669 3787 2013 786 157 931 30420 1137159 2424 148 765 9582 760 949 2662 1064 229 372 4486 951 1889 791 2370 118 91 319 735 3110
internal_value=-0.000198566 0.0246872 -0.000236486 0.0107064 0.0163565 0.0396392 -0.00283582 0.00625 -0.000297028 -0.000577947 -0.00615485 8.32451e-05 0.00396341 0.00667971 -0.0123575 -0.0210449 -7.16286e-06 -0.00617795 -0.0171488 -0.0233352 0.000825406 -0.0356233 0.0181858 0.0235075 -0.0279981 0.00158501 -0.0316906 -0.00829268 0.00372756 0.00476678
internal_weight=2.04869e+06 3117 2.04557e+06 11255 7468 2799 1340 1088 2.03432e+06 1.17e+06 32844 864315 19680 16872 2808 2048 844635 11711 4563 3499 7148 1099 3445 2680 3127 347 2780 410 13427 12692
internal_count=2048690 3117 2045573 11255 7468 2799 1340 1088 2034318 1170003 32844 864315 19680 16872 2808 2048 844635 11711 4563 3499 7148 1099 3445 2680 3127 347 2780 410 13427 12692
is_linear=0
shrinkage=0.05


Tree=259
num_leaves=31
num_cat=0
split_feature=16 15 15 17 0 0 17 18 15 15 12 15 12 12 0 0 17 15 0 0 11 15 0 0 0 0 18 17 0 15
split_gain=772.142 712.207 540.195 1216.02 250.151 284.693 195.031 175.424 318.31 239.239 1876.15 866.197 590.652 400.479 303.872 247.278 426.225 245.564 229.117 219.605 266.243 205.605 560.196 1434.93 340.737 400.554 203.651 202.057 170.636 198.873
threshold=inf 1.0030303030303032 inf 1.5000000000000002 -0.5 -0.60355339059327362 1.0000000180025095e-35 0.94127227438206562 0.82160537482319673 10.435599078341015 15.083333333333334 14.19788232943762 14.91666666666667 13.083333333333334 -0.60355339059327362 0.98296291314453421 36.500000000000007 18.201503759398502 -0.98296291314453399 0.60355339059327384 14.16666666666667 9.8576036866359456 -0.5 0.37940952255126054 -0.70710678118654735 -0.78656609248549292 0.99930651872399456 17.500000000000004 -0.70710678118654735 21.458785354513758
decision_type=8 8 8 8 2 2 10 10 10 10 2 10 2 2 2 2 10 10 2 2 2 10 2 2 2 2 10 10 2 10
left_child=2 -2 7 4 5 -4 -3 -1 -9 21 11 13 -13 -11 18 -16 17 27 -12 20 -15 -10 24 -24 25 -23 -19 -17 -20 -30
right_child=1 6 3 -5 -6 -7 -8 8 9 10 14 12 -14 19 15 16 -18 26 28 -21 -22 22 23 -25 -26 -27 -28 -29 29 -31
leaf_value=0 6.4224006673875741e-12 -4.4695544627790598e-05 5.7379824375084071e-10 0 3.8508838025145639e-09 -7.5857670929695118e-09 2.3502958909709753e-06 0 0 -2.0083152796623637e-11 0.0041013557808488119 5.8666177184806924e-05 -1.4580848132638371e-11 4.0900670387975869e-09 5.7318820073777159e-08 -0.00010375816244801095 -0.00017086600393463819 0.0014220363984632348 -2.5397195057848679e-05 2.673103365537431e-05 -1.6809341668565975e-09 -5.7498304978453703e-05 3.8909760606428478e-13 -1.6437612910186828e-15 -6.1988152803769927e-08 1.465306818530348e-06 -3.7637935851767614e-05 0.0010345336247350458 3.8955039162661011e-05 -2.104376718392943e-05
leaf_weight=1292370 1777 192 717 8245 2150 143 1148 23255 555035 1504 3185 960 4978 343 112095 140 7974 351 16253 1294 2337 1299 2258 3494 577 380 1626 321 724 1565
leaf_count=1292370 1777 192 717 8245 2150 143 1148 23255 555035 1504 3185 960 4978 343 112095 140 7974 351 16253 1294 2337 1299 2258 3494 577 380 1626 321 724 1565
internal_value=-0.000179578 0.0246872 -0.00021747 0.0107064 0.037907 0.0151163 -0.00283582 -0.000277906 -0.000890696 -0.000704404 -0.00243945 -0.0219516 -0.0351802 -0.00761227 -0.000895073 7.14245e-05 -0.00729927 -0.0255947 -0.00634464 0.00070458 -0.00746269 -0.000224761 0.00772977 0.0160118 -0.0133865 -0.00199524 -0.0332575 0.00726681 -0.00847266 -0.0212538
internal_weight=2.04869e+06 3117 2.04557e+06 11255 3010 860 1340 2.03432e+06 741948 718693 155650 11416 5938 5478 144234 122507 10412 2438 21727 3974 2680 563043 8008 5752 2256 1679 1977 461 18542 2289
internal_count=2048690 3117 2045573 11255 3010 860 1340 2034318 741948 718693 155650 11416 5938 5478 144234 122507 10412 2438 21727 3974 2680 563043 8008 5752 2256 1679 1977 461 18542 2289
is_linear=0
shrinkage=0.05


Tree=260
num_leaves=31
num_cat=0
split_feature=16 15 15 17 2 17 18 15 15 5 15 12 10 12 5 1 1 1 15 1 1 15 1 5 15 18 1 1 1 1
split_gain=772.584 712.207 540.902 1216.02 260.962 195.031 182.654 316.137 259.933 2263.79 713.876 504.818 312.18 414.457 279.639 247.686 245.581 447.036 209.149 822.354 857.084 158.372 263.844 262.61 211.284 155.435 135.686 204.788 278.455 408.102
threshold=inf 1.0030303030303032 inf 1.5000000000000002 1.0000000180025095e-35 1.0000000180025095e-35 0.94127227438206562 0.82160537482319673 10.435599078341015 16.500000000000004 14.19788232943762 14.91666666666667 1.0000000180025095e-35 0.41666666666666669 13.500000000000002 0.37940952255126048 1.0000000180025095e-35 -0.5 9.8576036866359456 0.91597561503675351 -0.9159756150367534 8.8726781492738969 0.91597561503675351 9.5000000000000018 9.5016129032258085 0.99475062000551129 -0.12940952255126037 -0.5 -0.60355339059327384 -0.70710678118654757
decision_type=8 8 8 8 2 10 10 10 10 2 10 2 2 2 2 2 2 2 8 2 2 10 2 2 10 8 2 2 2 2
left_child=2 25 6 4 -4 -3 -1 -8 12 10 14 -12 13 15 -10 -9 17 -13 21 20 -20 -14 23 -23 -24 -2 27 28 29 -22
right_child=1 5 3 -5 -6 -7 7 8 9 -11 11 16 18 -15 -16 -17 -18 -19 19 -21 26 22 24 -25 -26 -27 -28 -29 -30 -31
leaf_value=0 -0.00054296775949334375 -4.2460767396401073e-05 3.6583396123888357e-09 0 5.4510833156329867e-10 2.2327810964224268e-06 0 0.00021355635542555547 -1.7705505567532269e-11 -1.1993522041100162e-08 0.0007626357529913326 -3.9796936902356142e-09 0 2.584013476218495e-08 -2.430889432348937e-10 -3.571524070112178e-05 -1.3851805726006451e-11 0.00091198035409686842 3.6964272576107057e-13 1.3416031183062245e-14 -7.1242490530064719e-13 8.197234784607604e-17 -4.3143340971618975e-18 -1.7345893772747228e-15 3.4692253636989707e-14 6.1012806340181957e-12 -1.5615732264677487e-15 0.00068904323742311261 -5.4623389729531018e-05 0.00063829666474670061
leaf_weight=1292370 143 192 2151 8245 859 1148 23255 502 1253 144827 503 935 547718 2694 4100 379 3367 665 963 1058 776 669 779 2157 148 1634 3443 1063 337 357
leaf_count=1292370 143 192 2151 8245 859 1148 23255 502 1253 144827 503 935 547718 2694 4100 379 3367 665 963 1058 776 669 779 2157 148 1634 3443 1063 337 357
internal_value=-0.000186705 0.0246872 -0.000224607 0.0107064 0.037907 -0.00283582 -0.000285083 -0.000910374 -0.000724718 -0.00253325 -0.0245911 -0.0372943 -0.000224761 0.0145035 -0.0116103 -0.0152667 -0.042128 -0.026 -0.000318874 0.00770914 0.00144834 -0.00043529 -0.0106715 -0.00307856 -0.0338188 0.0454418 -0.00560576 0.00317805 -0.00891156 0.00295675
internal_weight=2.04869e+06 3117 2.04557e+06 11255 3010 1340 2.03432e+06 741948 718693 155650 10823 5470 563043 3575 5353 881 4967 1600 559468 7997 6939 551471 3753 2826 927 1777 5976 2533 1470 1133
internal_count=2048690 3117 2045573 11255 3010 1340 2034318 741948 718693 155650 10823 5470 563043 3575 5353 881 4967 1600 559468 7997 6939 551471 3753 2826 927 1777 5976 2533 1470 1133
is_linear=0
shrinkage=0.05


Tree=261
num_leaves=31
num_cat=0
split_feature=15 18 5 2 18 15 15 5 15 12 10 12 0 5 0 5 15 0 15 0 0 0 0 18 15 8 0 12 15 15
split_gain=478.851 850.626 588.125 275.503 178.13 319.348 276.647 2249.33 715.137 498.242 308.767 415.638 294.695 271.693 236.017 430.765 244.592 230.191 208.711 566.25 1438.45 338.348 409.441 207.302 198.949 175.866 168.108 167.609 288.269 155.387
threshold=inf 0.99649736228683605 1.5000000000000002 1.0000000180025095e-35 0.94127227438206562 0.82160537482319673 10.435599078341015 16.500000000000004 14.19788232943762 14.91666666666667 1.0000000180025095e-35 0.41666666666666669 -0.60355339059327362 13.500000000000002 0.98296291314453421 36.500000000000007 18.201503759398502 -0.70710678118654735 9.8576036866359456 -0.5 0.37940952255126054 -0.70710678118654735 -0.78656609248549292 0.99930651872399456 21.458785354513758 17.500000000000004 -0.98296291314453399 29.750000000000004 36.006097560975618 8.8726781492738969
decision_type=8 10 2 2 10 10 10 2 10 2 2 2 2 2 2 2 10 2 10 2 2 2 2 10 10 2 2 2 10 10
left_child=4 -2 3 -3 -1 -6 10 8 13 -10 11 -7 17 -8 -14 16 25 26 29 21 -21 22 -20 -18 -19 -16 27 -9 -29 -12
right_child=1 2 -4 -5 5 6 7 12 9 -11 18 -13 14 -15 15 -17 23 24 19 20 -22 -23 -24 -25 -26 -27 -28 28 -30 -31
leaf_value=0 0 3.4754226317693938e-09 1.6955058837112485e-05 5.1785291498513369e-10 0 -3.1581239921024631e-05 -1.6820230289155656e-11 -0.00035215001522037706 0.0005887448402883093 -1.3159215439706131e-11 0 2.4548128024075704e-08 5.505255517214331e-08 -2.3093449607314899e-10 -9.8569654649508347e-05 -0.00016232210406180421 0.001350935178216175 3.7007886880630011e-05 -5.189222024305447e-05 3.5116058947301703e-13 -1.4834945651443613e-15 -5.8888745085502768e-08 1.3920414776819094e-06 -3.5755439383077176e-05 -1.9990979148630902e-05 0.00098280754317439547 -2.6813518527111316e-05 0.0039582472142285332 0.0037062464749013247 -4.0986173923038031e-18
leaf_weight=1293837 7101 2206 1624 837 23267 882 1260 1172 512 4972 548446 2694 112807 4101 213 7973 353 734 1293 2270 3491 577 378 1626 1565 248 16435 605 1447 3764
leaf_count=1293837 7101 2206 1624 837 23267 882 1260 1172 512 4972 548446 2694 112807 4101 213 7973 353 734 1293 2270 3491 577 378 1626 1565 248 16435 605 1447 3764
internal_value=-0.000186998 0.00986999 0.0264517 0.0394183 -0.0002451 -0.000862082 -0.000675726 -0.00253905 -0.0245044 -0.0371991 -0.000160076 0.0144855 -0.000898208 -0.0115184 5.27512e-05 -0.00714972 -0.0255328 -0.00623463 -0.000253562 0.00776002 0.0160649 -0.0135231 -0.00212448 -0.0331733 -0.0212049 0.00726681 -0.00448395 0.00595533 0.0145712 -0.000369787
internal_weight=2.04869e+06 11768 4667 3043 2.03692e+06 743085 719818 156023 10845 5484 563795 3576 145178 5361 123220 10413 2440 21958 560219 8009 5761 2248 1671 1979 2299 461 19659 3224 2052 552210
internal_count=2048690 11768 4667 3043 2036922 743085 719818 156023 10845 5484 563795 3576 145178 5361 123220 10413 2440 21958 560219 8009 5761 2248 1671 1979 2299 461 19659 3224 2052 552210
is_linear=0
shrinkage=0.05


Tree=262
num_leaves=31
num_cat=0
split_feature=18 7 10 1 12 10 0 1 1 0 0 0 0 0 12 1 1 11 0 5 12 12 0 1 1 18 0 0 6 5
split_gain=166.001 367.691 949.922 1417.8 1250.39 709.707 620.98 646.512 535.789 694.079 533.535 477.952 318.493 605.503 622.709 1503.15 936.429 554.125 492.708 315.655 300.003 266.09 260.518 601.391 368.85 501.797 1143.21 472.005 345.246 292.027
threshold=0.94127227438206562 2.5000000000000004 16.500000000000004 0.91597561503675351 14.91666666666667 5.5000000000000009 -0.5 0.78656609248549303 1.0000000180025095e-35 0.60355339059327384 -0.60355339059327362 -0.60355339059327362 -0.25881904510252113 0.60355339059327384 9.4166666666666696 1.0000000180025095e-35 1.0000000180025095e-35 9.1666666666666696 0.37940952255126054 10.500000000000002 4.916666666666667 8.9166666666666696 -0.60355339059327362 -0.3794095225512602 1.0000000180025095e-35 0.99402380952380964 0.60355339059327384 -0.25881904510252113 85.500000000000014 52.500000000000007
decision_type=10 2 2 2 2 2 2 2 2 2 2 2 2 2 2 2 2 2 2 2 2 2 2 2 2 10 2 2 2 2
left_child=-1 -2 3 4 6 -5 11 12 9 -6 -10 -3 -8 17 16 -16 21 -14 -19 -9 -18 -15 23 -4 25 -24 27 -27 -28 -29
right_child=1 2 22 5 8 -7 7 19 10 -11 -12 -13 13 14 15 -17 20 18 -20 -21 -22 -23 24 -25 -26 26 28 29 -30 -31
leaf_value=0 0 -7.0611474808210683e-08 -2.5472842600755749e-05 5.4259334924567561e-08 -2.0483690357540724e-08 -2.7946922035220818e-15 3.202888628081214e-08 8.197234784607604e-17 -7.1046589446518148e-08 0.00086638133704998585 -1.2501254667720825e-11 -6.8842117276179913e-08 -1.542519991600883e-11 -4.3551059141523289e-12 0.00065459107555203115 -1.4093198368871433e-15 7.0914661125692031e-09 3.3360255999936614e-13 -6.7672948530735765e-13 -1.5812172545370251e-11 8.197234784607604e-17 0.0010107366150988821 -0.017545444657598271 -2.8932929448856777e-06 -5.3201542646065892e-08 3.2957078865619438e-06 0.00058876528604782279 -1.0690477427683895e-07 0.0021912194920196654 0.00020960014828315875
leaf_weight=1300573 551363 10344 4809 1154 3152 6722 1235 1642 920 1818 3255 1875 3132 2225 2224 3077 1077 1823 649 270 3228 898 14108 17201 87906 1865 6331 5664 4523 3627
leaf_count=1300573 551363 10344 4809 1154 3152 6722 1235 1642 920 1818 3255 1875 3132 2225 2224 3077 1077 1823 649 270 3228 898 14108 17201 87906 1865 6331 5664 4523 3627
internal_value=-0.000237322 -0.000830752 -0.00268635 -0.00858143 -0.0049972 -0.028079 -0.000547494 0.00457169 -0.0213942 -0.0103018 -0.0345988 -0.00954661 0.00186018 0.000204549 0.0062338 -0.0068572 0.0155762 -0.0134904 0.00420712 0.0323222 0.0306969 -0.00526737 -0.000638892 -0.00565198 0.000250758 0.00450468 0.00922308 -0.00201685 0.0207758 -0.00662469
internal_weight=2.04869e+06 748117 196754 50720 42844 7876 33699 21480 9145 4970 4175 12219 19568 18333 12729 5301 7428 5604 2472 1912 4305 3123 146034 22010 124024 36118 22010 11156 10854 9291
internal_count=2048690 748117 196754 50720 42844 7876 33699 21480 9145 4970 4175 12219 19568 18333 12729 5301 7428 5604 2472 1912 4305 3123 146034 22010 124024 36118 22010 11156 10854 9291
is_linear=0
shrinkage=0.05


Tree=263
num_leaves=31
num_cat=0
split_feature=16 15 15 17 2 17 17 17 0 0 0 0 10 17 7 17 15 14 15 0 16 0 0 0 10 14 0 15 15 16
split_gain=767.104 712.207 529.564 1218.4 260.962 195.031 130.336 126.517 72.8986 235.503 121.126 244.67 70.2133 69.3704 354.418 1183.24 623.96 197.559 175.476 158.902 284.005 381.964 285.623 230.703 238.965 211.412 209.839 348.398 206.04 176.953
threshold=inf 1.0030303030303032 inf 1.5000000000000002 1.0000000180025095e-35 1.0000000180025095e-35 4.5000000000000009 2.5000000000000004 -0.37940952255126065 -0.60355339059327362 -0.9159756150367534 -0.98296291314453399 -1.0000000180025095e-35 28.500000000000004 14.500000000000002 16.500000000000004 14.19788232943762 0.63226727006295136 24.621665582303191 1.0000000180025095e-35 17.644411330690666 -0.37940952255126065 -0.60355339059327362 0.78656609248549325 18.500000000000004 1.0000000180025095e-35 0.98296291314453421 23.350782514840802 19.442072271386433 18.419328569054347
decision_type=8 8 8 8 2 10 10 10 2 2 2 2 2 8 2 10 10 2 10 2 10 2 2 2 2 2 2 10 10 10
left_child=2 6 13 4 -4 -3 -2 -7 9 10 11 -6 -8 14 -1 16 -16 -18 19 20 -17 22 -22 29 -25 -24 27 -26 -23 -21
right_child=1 5 3 -5 8 7 12 -9 -10 -11 -12 -13 -14 -15 15 18 17 -19 -20 23 21 28 25 24 26 -27 -28 -29 -30 -31
leaf_value=0 5.7962166023172857e-12 -4.0337729026581016e-05 3.3016515001809244e-09 0 3.7180484648855927e-07 2.1209682704697166e-06 0.0014224409119109832 -2.6610388801163049e-05 2.9404785553069546e-08 -7.259626800648457e-09 4.9196026923587701e-10 -1.0108681370123423e-08 -0.00051581937151867665 0 -5.4900176867132966e-10 -1.7860929243623815e-07 -1.1876191934334783e-11 0.00072169742185892788 4.2225733257598614e-07 1.0430611819912629e-07 -3.5301367657778543e-05 3.0467316593953349e-05 2.1187481293444097e-05 0.00019000607638489729 -2.7277321252166948e-05 -0.012363724417658092 -0.00022582949237972779 2.606928907365675e-06 -1.0089842162720919e-06 5.6530753095229237e-08
leaf_weight=843483 1667 192 2151 8245 143 145 36 1003 143 143 286 144 74 1133899 4341 14130 5141 274 1522 9325 3382 206 790 5925 4345 315 1320 456 1567 3897
leaf_count=843483 1667 192 2151 8245 143 145 36 1003 143 143 286 144 74 1133899 4341 14130 5141 274 1522 9325 3382 206 790 5925 4345 315 1320 456 1567 3897
internal_value=-9.83311e-05 0.0246872 -0.000136099 0.0106797 0.037907 -0.00283582 0.0454418 0.00496516 0.01461 0.00810056 0.0224258 -0.000522648 -0.00727273 -0.000195938 -0.00052359 -0.00434172 -0.0201927 -0.0315143 -0.00106401 -0.00162075 -0.00490436 -0.01377 -0.00600624 0.00102897 -0.00397642 0.0160633 -0.0109051 -0.00605082 -0.0334179 0.00558917
internal_weight=2.04869e+06 3117 2.04557e+06 11255 3010 1340 1777 1148 859 716 573 287 110 2.03432e+06 900419 56936 9756 5415 47180 45658 20390 6260 4487 25268 12046 1105 6121 4801 1773 13222
internal_count=2048690 3117 2045573 11255 3010 1340 1777 1148 859 716 573 287 110 2034318 900419 56936 9756 5415 47180 45658 20390 6260 4487 25268 12046 1105 6121 4801 1773 13222
is_linear=0
shrinkage=0.05


Tree=264
num_leaves=31
num_cat=0
split_feature=15 17 2 18 15 15 10 15 0 15 14 14 10 12 0 14 6 0 0 15 14 0 17 15 17 15 18 17 12 15
split_gain=466.962 1404 267.104 90.7669 344.858 296.755 1280.22 996.878 1138.74 577.222 540.853 431.711 329.07 438.235 296.237 469.78 234.118 196.458 275.459 200.72 196.263 179.903 312.268 190.24 212.113 169.747 150.414 138.733 119.129 113.584
threshold=inf 1.5000000000000002 1.0000000180025095e-35 0.94127227438206562 0.82160537482319673 9.1399428804569585 15.500000000000002 5.6229149576155324 -0.5 14.19788232943762 1.0000000180025095e-35 1.0000000180025095e-35 1.0000000180025095e-35 0.41666666666666669 -0.9159756150367534 1.0000000180025095e-35 9.5000000000000018 -0.60355339059327362 -0.70710678118654735 21.458785354513758 1.0000000180025095e-35 0.98296291314453421 36.500000000000007 18.201503759398502 17.500000000000004 48.776891290527665 0.99930651872399456 20.500000000000004 98.750000000000014 14.930190058479534
decision_type=8 8 2 10 10 10 2 10 2 10 2 2 2 2 2 2 2 2 2 10 2 2 10 10 10 10 10 10 2 10
left_child=3 2 -2 -1 27 7 9 12 14 -7 29 16 13 -6 -9 -16 -10 18 25 -20 -21 -19 23 24 -23 -8 -25 -5 -27 -11
right_child=1 -3 -4 4 5 6 17 8 11 10 -12 -13 -14 -15 15 -17 -18 21 19 20 -22 22 -24 26 -26 28 -28 -29 -30 -31
leaf_value=0 3.1365689251718779e-09 0 4.6736225577408311e-10 0 -3.0002177924973401e-05 -1.5771889856970143e-15 1.2658165384349219e-06 2.3353824574025997e-06 7.7873730453772246e-17 -1.1282382337618044e-11 -0.00057794429413725724 -0.00067662039773027218 0 2.3341647989991292e-08 -7.9427047238815115e-08 0.00058125521384210573 1.3584092365341551e-16 5.273950585431289e-08 3.6440065131258111e-05 -1.7717788061161571e-05 0.00083290923543689768 -0.00010313881565914549 -0.0001542033387815817 0.0012833910793824987 0.00092416952227356323 -0.00089297198040303729 -3.3965007336791017e-05 0.0013376916094741198 -8.3889282563481262e-05 -1.1282382337618044e-11
leaf_weight=1293837 2294 8615 859 22833 881 15561 10263 1479 7115 3081 2483 1286 536190 2583 1729 581 1806 111457 713 1215 348 137 7962 351 324 4469 1626 434 4311 1867
leaf_count=1293837 2294 8615 859 22833 881 15561 10263 1479 7115 3081 2483 1286 536190 2583 1729 581 1806 111457 713 1215 348 137 7962 351 324 4469 1626 434 4311 1867
internal_value=-8.68604e-05 0.00984449 0.038392 -0.000144237 -0.000584657 -0.000391002 -0.00224411 0.000165177 0.0133395 -0.0131959 -0.0246602 0.022029 -0.000176502 0.0151848 -0.0100686 -0.0212554 0.0259332 -0.000485417 -0.00491346 -0.0213533 -0.031382 0.000289273 -0.006 -0.0216571 0.00726681 -0.00294859 -0.0284016 -0.00657584 -0.00805239 -0.0342158
internal_weight=2.04869e+06 11768 3153 2.03692e+06 743085 719818 166168 553650 13996 22992 7431 10207 539654 3464 3789 2310 8921 143176 21319 2276 1563 121857 10400 2438 461 19043 1977 23267 8780 4948
internal_count=2048690 11768 3153 2036922 743085 719818 166168 553650 13996 22992 7431 10207 539654 3464 3789 2310 8921 143176 21319 2276 1563 121857 10400 2438 461 19043 1977 23267 8780 4948
is_linear=0
shrinkage=0.05


Tree=265
num_leaves=31
num_cat=0
split_feature=16 15 15 17 2 17 18 17 12 18 15 16 9 15 0 5 15 14 14 0 0 14 0 0 16 18 7 15 0 12
split_gain=765.972 712.207 527.771 1218.4 260.962 195.031 155.435 126.517 109.542 89.1964 345.612 273.953 1492.42 898.243 991.178 669.734 589.308 402.048 221.977 213.665 191.124 358.265 156.512 184.316 330.293 382.778 349.299 179.592 171.291 148.577
threshold=inf 1.0030303030303032 inf 1.5000000000000002 1.0000000180025095e-35 1.0000000180025095e-35 0.99475062000551129 2.5000000000000004 -0.41666666666666657 0.94127227438206562 0.82160537482319673 9.062679425837322 15.500000000000002 5.6229149576155324 -0.5 9.5000000000000018 14.19788232943762 1.0000000180025095e-35 1.0000000180025095e-35 0.98296291314453421 -0.9159756150367534 1.0000000180025095e-35 -0.60355339059327362 0.98296291314453421 84.285221143473578 0.98938984577282463 99.500000000000014 98.995145631067984 -0.98296291314453399 0.91666666666666685
decision_type=8 8 8 8 2 10 8 10 2 10 10 10 2 10 2 2 10 2 2 2 2 2 2 2 8 10 2 10 2 2
left_child=2 6 9 4 -4 -3 8 -7 -2 -1 -11 13 16 29 20 18 19 -18 -16 -13 -15 -22 28 -24 25 -25 27 -26 -14 -12
right_child=1 5 3 -5 -6 7 -8 -9 -10 10 11 12 22 14 15 -17 17 -19 -20 -21 21 -23 23 24 26 -27 -28 -29 -30 -31
leaf_value=0 0.0013513188663154341 -3.8320842575251966e-05 2.979740478913284e-09 0 4.4399414298537897e-10 2.0147630284999721e-06 5.5064057722014211e-12 -2.5282506336397611e-05 -0.00055811860553839061 0 1.8256690139109749e-08 -1.4983295364121635e-15 0.0036984576045913683 2.0436647680300486e-06 7.3980043931083625e-17 1.290488774707447e-16 -1.0718263220737142e-11 -0.00043675795613618685 1.8692138118054032e-05 -1.4271680514738183e-07 -7.5455694876874367e-08 0.00019953528617966417 5.0102530561597261e-08 0.00065642112052574425 0.007093388020480821 -4.3843516225353995e-05 -0.020023192013874414 4.2768625957093777e-05 -2.0309003714709629e-05 0
leaf_weight=1292370 56 192 2151 8245 859 145 1634 1003 87 23255 4426 13945 3198 1383 7102 5044 4907 1646 779 526 1582 748 110603 2284 539 3505 3531 539 18427 533979
leaf_count=1292370 56 192 2151 8245 859 145 1634 1003 87 23255 4426 13945 3198 1383 7102 5044 4907 1646 779 526 1582 748 110603 2284 539 3505 3531 539 18427 533979
internal_value=-8.00267e-05 0.0246872 -0.000117767 0.0106797 0.037907 -0.00283582 0.0454418 0.00496516 -0.00454545 -0.000177504 -0.000614464 -0.000420346 -0.00221815 0.000109721 0.0115519 0.0180928 -0.0146547 -0.0270945 0.0271983 -0.00902149 -0.0112173 -0.0199571 -0.000384923 0.000315287 -0.00604924 -0.0140007 0.00393795 0.0288497 -0.00430289 -0.000243868
internal_weight=2.04869e+06 3117 2.04557e+06 11255 3010 1340 1777 1148 143 2.03432e+06 741948 718693 163650 555043 16638 12925 21024 6553 7881 14471 3713 2330 142626 121001 10398 5789 4609 1078 21625 538405
internal_count=2048690 3117 2045573 11255 3010 1340 1777 1148 143 2034318 741948 718693 163650 555043 16638 12925 21024 6553 7881 14471 3713 2330 142626 121001 10398 5789 4609 1078 21625 538405
is_linear=0
shrinkage=0.05


Tree=266
num_leaves=31
num_cat=0
split_feature=16 15 15 17 2 17 18 17 10 18 15 16 10 1 0 0 15 0 1 15 1 5 10 11 1 0 15 15 0 13
split_gain=765.999 712.207 527.814 1218.4 260.962 195.031 155.435 126.517 109.542 89.5113 345.472 272.642 1501.77 2219.13 1955.17 1726.81 885.473 1016.84 1483.97 764.018 426.964 335.268 331.623 363.454 410.319 298.749 324.69 332.499 293.593 238.722
threshold=inf 1.0030303030303032 inf 1.5000000000000002 1.0000000180025095e-35 1.0000000180025095e-35 0.99475062000551129 2.5000000000000004 -1.0000000180025095e-35 0.94127227438206562 0.82160537482319673 9.062679425837322 15.500000000000002 -0.12940952255126037 -0.5 -0.60355339059327362 5.6229149576155324 -0.5 1.0000000180025095e-35 9.1399428804569585 0.37940952255126048 10.500000000000002 1.0000000180025095e-35 0.83333333333333337 0.37940952255126048 -0.98296291314453399 13.358299337072923 9.5016129032258085 -0.9159756150367534 1.0000000180025095e-35
decision_type=8 8 8 8 2 10 8 10 2 10 10 10 2 2 2 2 10 2 2 10 2 2 2 2 2 2 10 10 2 2
left_child=2 6 9 4 -4 -3 8 -7 -2 -1 -11 16 13 14 -13 25 22 20 -19 -20 -18 -16 23 24 -12 -15 27 28 -27 -17
right_child=1 5 3 -5 -6 7 -8 -9 -10 10 11 12 -14 15 21 29 17 18 19 -21 -22 -23 -24 -25 -26 26 -28 -29 -30 -31
leaf_value=0 0.0012837529229996624 -3.6404800446489363e-05 2.8307534549676198e-09 0 4.2179443583611003e-10 1.9140248770749736e-06 5.2310854835913506e-12 -2.4018381019577732e-05 -0.00053021267526147115 0 0.00031007205991600401 -3.7744781551724227e-05 -8.7539767953881498e-09 -4.9231284446391622e-05 3.1707620792550333e-13 -1.0182350059700284e-11 2.0268180494084867e-06 -1.4653947512897109e-11 7.0281041734529451e-17 3.5188095147816891e-14 -7.1682910133030652e-08 3.8380471744731819e-10 0 2.1209115167709997e-08 -3.0866176911033937e-05 2.3354108458513172e-06 -0.015552631939383298 6.8484897586208574e-06 -8.1614218925595189e-08 -0.000432317994852254
leaf_weight=1292370 56 192 2151 8245 859 145 1634 1003 87 23255 537 2258 142253 749 2862 9109 1928 4133 6762 2030 1785 3838 534944 2483 441 192 425 1106 377 481
leaf_count=1292370 56 192 2151 8245 859 145 1634 1003 87 23255 537 2258 142253 749 2862 9109 1928 4133 6762 2030 1785 3838 534944 2483 441 192 425 1106 377 481
internal_value=-8.04661e-05 0.0246872 -0.000118206 0.0106797 0.037907 -0.00283582 0.0454418 0.00496516 -0.00454545 -0.000177947 -0.000615677 -0.000421599 -0.00221509 -0.0145651 0.00440947 -0.0282298 0.000107199 0.0114677 0.0180928 0.0297088 -0.0115944 0.0179701 -0.000243868 0.0151835 -0.0106339 0.00594946 0.015619 0.0255224 -0.00553603 -0.0383837
internal_weight=2.04869e+06 3117 2.04557e+06 11255 3010 1340 1777 1148 143 2.03432e+06 741948 718693 163650 21397 8958 12439 555043 16638 12925 8792 3713 6700 538405 3461 978 2849 2100 1675 569 9590
internal_count=2048690 3117 2045573 11255 3010 1340 1777 1148 143 2034318 741948 718693 163650 21397 8958 12439 555043 16638 12925 8792 3713 6700 538405 3461 978 2849 2100 1675 569 9590
is_linear=0
shrinkage=0.05


Tree=267
num_leaves=31
num_cat=0
split_feature=16 15 15 17 0 0 17 18 0 0 17 10 0 18 18 18 15 13 15 10 17 16 18 15 5 16 10 18 15 15
split_gain=758.887 712.207 516.59 1218.4 250.151 284.693 195.031 155.435 155.334 244.67 126.517 109.542 73.2744 278.763 749.787 587.01 636.471 112.025 216.769 233.869 204.959 309.938 197.756 178.447 164.81 188.651 131.73 117.822 328.478 313.763
threshold=inf 1.0030303030303032 inf 1.5000000000000002 -0.5 -0.60355339059327362 1.0000000180025095e-35 0.99475062000551129 -0.9159756150367534 -0.98296291314453399 2.5000000000000004 -1.0000000180025095e-35 -0.98296291314453399 -0.74999999999999989 -0.15476190476190474 -0.040833333333333326 1.6601624468557652 1.0000000180025095e-35 51.448784722222229 58.500000000000007 29.500000000000004 44.38433667781495 0.99930651872399456 26.420369243254211 3.5000000000000004 58.47071984134363 84.500000000000014 0.84054243628711733 0.17992805755395685 1.6601624468557652
decision_type=8 8 8 8 2 2 10 8 2 2 10 2 2 8 8 8 10 2 10 2 10 10 10 10 2 10 2 8 10 10
left_child=2 7 12 4 5 8 -3 11 9 -4 -8 -2 13 -1 -15 16 -16 20 24 -20 23 22 -22 27 -19 -26 -23 28 -17 -30
right_child=1 6 3 -5 -6 -7 10 -9 -10 -11 -12 -13 -14 14 15 17 -18 18 19 -21 21 26 -24 -25 25 -27 -28 -29 29 -31
leaf_value=-1.9248092512567784e-11 0.0012195652768496792 -3.4584560424164899e-05 3.5314794662240153e-07 0 2.6892157822192389e-09 -6.9633030023458129e-09 1.818323633221225e-06 4.969531209411783e-12 4.0070471404430451e-10 -9.6699048433470328e-09 -2.2817461968598844e-05 -0.00050370204149839757 0 7.0320498281316192e-10 -6.82809174768437e-08 5.3013255969809835e-10 2.7033868224614958e-05 0.0017139541902461729 0.2819648956259152 -0.033954399641512908 3.3956393140538978e-06 -0.0019470953688441248 0.0035754937848067 -0.00051938358316976432 -0.053733010597015074 -0.65441382201254827 0.0038585371822247891 0 -1.3196475871490764e-08 0.0001257761585683691
leaf_weight=335 56 192 143 8245 2150 143 145 1634 430 144 1003 87 1948728 796 1197 674 256 2560 1571 5908 2131 1022 542 189 8286 1280 611 53972 1068 3192
leaf_count=335 56 192 143 8245 2150 143 145 1634 430 144 1003 87 1948728 796 1197 674 256 2560 1571 5908 2131 1022 542 189 8286 1280 611 53972 1068 3192
internal_value=3.47783e-05 0.0246872 -2.78651e-06 0.0106797 0.037907 0.0151163 -0.00283582 0.0454418 0.0279637 -0.000522648 0.00496516 -0.00454545 -6.18881e-05 -0.00149375 -0.00131488 -0.00177009 -0.033276 -0.00121859 -0.00452181 0.00217275 -0.000197158 0.0103344 0.0208193 -0.000964549 -0.00865083 -0.0116663 -0.00682792 -0.000808916 0.00658695 0.0014554
internal_weight=2.04869e+06 3117 2.04557e+06 11255 3010 860 1340 1777 717 287 1148 143 2.03432e+06 85590 85255 84459 1453 83006 19605 7479 63401 4306 2673 59095 12126 9566 1633 58906 4934 4260
internal_count=2048690 3117 2045573 11255 3010 860 1340 1777 717 287 1148 143 2034318 85590 85255 84459 1453 83006 19605 7479 63401 4306 2673 59095 12126 9566 1633 58906 4934 4260
is_linear=0
shrinkage=0.05


Tree=268
num_leaves=31
num_cat=0
split_feature=0 13 17 17 12 9 5 10 5 8 17 17 12 17 10 17 17 5 12 17 17 10 11 0 17 1 17 12 1 0
split_gain=75.8801 86.9569 216.224 234.079 176.038 91.1166 86.682 180.745 124.8 86.5677 83.7445 82.3664 457.796 220.653 542.033 162.219 85.1715 146.358 72.6719 66.417 132.882 63.2947 1255.35 1297.21 1237.45 1138.9 659.224 979.623 1639.95 905.522
threshold=-0.98296291314453399 1.0000000180025095e-35 29.500000000000004 38.500000000000007 28.750000000000004 29.500000000000004 40.500000000000007 43.500000000000007 3.5000000000000004 38.500000000000007 1.5000000000000002 6.5000000000000009 -1.0000000180025095e-35 1.5000000000000002 -1.0000000180025095e-35 24.500000000000004 5.5000000000000009 3.5000000000000004 2.9166666666666674 661.50000000000011 520.50000000000011 10.500000000000002 8.8333333333333339 -0.5 10.500000000000002 0.25881904510252057 15.500000000000002 14.91666666666667 1.0000000180025095e-35 -0.70710678118654735
decision_type=2 2 10 10 2 2 2 2 2 2 8 10 2 10 2 10 8 2 2 10 8 2 2 2 10 2 10 2 2 2
left_child=1 2 4 5 11 -4 8 -8 10 -10 -3 13 15 -1 -15 -13 18 -18 -16 20 -9 22 -2 -24 25 -25 27 -23 29 -29
right_child=21 6 3 -5 -6 -7 7 19 9 -11 -12 12 -14 14 16 -17 17 -19 -20 -21 -22 26 23 24 -26 -27 -28 28 -30 -31
leaf_value=0 0 -0.0004860001397919721 1.1104499680055879e-06 3.6390672117198542e-05 -0.00049341440401127611 0.0033485230999231366 0.22791392586586171 -0.033215649985106357 -0.056433676331514665 -0.55957226931626614 0.0041444378334427852 -6.4866871603001514e-08 1.5003392718256374e-06 6.6804473367250374e-10 5.2096910944445565e-05 2.3586311690197846e-05 0.00016875294814013879 -2.0941436205189269e-06 -5.9190677735272455e-06 -1.1537619662113294 1.5109601251766844 -1.4271372417632738e-11 -6.3445283120503133e-08 3.0122239752922815e-13 3.7310157825175922e-05 1.2431353527297294e-16 3.4985860033998211e-09 -2.1702764263370929e-05 -9.6732325567152693e-12 8.6414694347499752e-10
leaf_weight=53120 1470871 667 958 2762 205 601 900 7000 8138 439 2004 1421 5489 809 216 88 174 185 335 446 167 14148 17627 7438 12896 8815 422741 654 4545 2831
leaf_count=53120 1470871 667 958 2762 205 601 900 7000 8138 439 2004 1421 5489 809 216 88 174 185 335 446 167 14148 17627 7438 12896 8815 422741 654 4545 2831
internal_value=3.48759e-05 -0.00141772 -0.000550759 0.0102638 -0.00130396 0.0257537 -0.00432923 -0.00052273 -0.00721017 -0.0101492 0.00222763 -0.00115061 -0.00625893 -0.000498733 0.0171321 -0.0306494 -0.00934066 0.00961003 -0.0216878 -0.00302772 -0.0018627 9.86209e-05 0.000252364 0.00831623 0.0147912 0.0239679 -0.000425808 -0.00882857 -0.0227771 0.00302726
internal_weight=2.04869e+06 86124 66363 4321 62042 1559 19761 8513 11248 8577 2671 61837 6998 54839 1719 1509 910 359 551 7613 7167 1.96257e+06 1.51765e+06 46776 29149 16253 444919 22178 8030 3485
internal_count=2048690 86124 66363 4321 62042 1559 19761 8513 11248 8577 2671 61837 6998 54839 1719 1509 910 359 551 7613 7167 1962566 1517647 46776 29149 16253 444919 22178 8030 3485
is_linear=0
shrinkage=0.05


Tree=269
num_leaves=31
num_cat=0
split_feature=16 15 15 17 0 0 17 0 0 17 17 10 0 16 14 12 17 17 17 17 15 15 17 16 17 16 5 17 10 14
split_gain=758.803 712.207 516.458 1218.4 250.151 284.693 195.031 155.334 244.67 130.336 126.517 70.2133 70.1022 82.5156 82.5927 67.2 61.0474 208.851 121.444 76.3486 191.138 273.285 183.775 98.6938 74.6381 68.922 65.0669 313.223 184.947 143.833
threshold=inf 1.0030303030303032 inf 1.5000000000000002 -0.5 -0.60355339059327362 1.0000000180025095e-35 -0.9159756150367534 -0.98296291314453399 4.5000000000000009 2.5000000000000004 -1.0000000180025095e-35 -0.98296291314453399 480.85425311203329 11.626717178328073 0.91666666666666685 205.50000000000003 188.50000000000003 226.50000000000003 94.500000000000014 6.104714912280703 46.882895611702132 87.500000000000014 97.501456421092811 150.50000000000003 121.09588353413656 29.500000000000004 43.500000000000007 28.500000000000004 1.0000000180025095e-35
decision_type=8 8 8 8 2 2 10 2 2 10 10 2 2 10 2 2 10 10 10 10 10 10 10 10 10 10 2 10 2 2
left_child=2 9 12 4 5 7 -3 8 -4 -2 -8 -11 13 14 16 -6 17 19 25 22 -21 -22 26 24 -23 -18 28 29 -1 -28
right_child=1 6 3 -5 15 -7 10 -9 -10 11 -12 -13 -14 -15 -16 -17 18 -19 -20 20 21 23 -24 -25 -26 -27 27 -29 -30 -31
leaf_value=0 4.7210546489411933e-12 -3.2855332402956651e-05 3.3549054929128142e-07 0 1.8656247099482998e-05 -6.6151378522285223e-09 1.7274074515601639e-06 3.8066947834208929e-10 -9.1864096011796805e-09 0.0011585870130071951 -2.1676763799469074e-05 -0.00041042673682782985 0 -1.2662079442170402 0.16117129203697772 2.5547549931082769e-09 0.023742202111721716 0.62303467181254213 -0.067842024548334073 5.1482691686466139e-05 -0.22045661608261102 -0.037347760126209127 0.14727921476801478 0.0036637907895076902 -0.81459957153712992 -1.2794834974429692 0.0032292929405702085 -0.00058953814603095829 -0.00046874368381071225 0.021813590158066366
leaf_weight=71561 1667 192 143 8245 100 143 145 430 144 36 1003 74 1948728 336 1324 2050 29 590 1908 139 1261 1833 1003 1188 254 306 550 2429 534 345
leaf_count=71561 1667 192 143 8245 100 143 145 430 144 36 1003 74 1948728 336 1324 2050 29 590 1908 139 1261 1833 1003 1188 254 306 550 2429 534 345
internal_value=3.6145e-05 0.0246872 -1.4177e-06 0.0106797 0.037907 0.0151163 -0.00283582 0.0279637 -0.000522648 0.0454418 0.00496516 -0.00727273 -6.05117e-05 -0.00146104 -0.00136357 0.0470233 -0.00155904 -0.00133559 -0.00969683 -0.00155123 -0.00775401 -0.00952381 -0.00117178 -0.0019084 -0.00845712 -0.0374627 -0.00145454 0.00538508 -0.00176989 0.0306704
internal_weight=2.04869e+06 3117 2.04557e+06 11255 3010 860 1340 717 287 1777 1148 110 2.03432e+06 85590 85254 2150 83930 81687 2243 81097 4675 4536 76422 3275 2087 335 75419 3324 72095 895
internal_count=2048690 3117 2045573 11255 3010 860 1340 717 287 1777 1148 110 2034318 85590 85254 2150 83930 81687 2243 81097 4675 4536 76422 3275 2087 335 75419 3324 72095 895
is_linear=0
shrinkage=0.05


Tree=270
num_leaves=31
num_cat=0
split_feature=16 15 15 18 8 2 18 18 10 0 0 0 0 0 18 18 18 15 18 15 16 15 16 15 13 15 16 10 18 10
split_gain=758.737 712.207 516.354 732.561 518.545 271.923 195.031 155.435 109.542 74.2614 239.528 130.645 263.282 67.6589 279.479 747.967 596.952 640.149 117.548 344.219 316.465 169.8 113.655 93.8659 92.5016 278.248 280.422 220.125 115.972 133.287
threshold=inf 1.0030303030303032 inf 0.99649736228683605 1.5000000000000002 1.0000000180025095e-35 -0.29166666666666657 0.99475062000551129 -1.0000000180025095e-35 -0.37940952255126065 -0.60355339059327362 -0.9159756150367534 -0.98296291314453399 -0.98296291314453399 -0.74999999999999989 -0.15476190476190474 -0.040833333333333326 1.6601624468557652 0.033615819209039555 0.17992805755395685 1.3779960847975556 2.6006756756756761 7.6429544569871561 71.206557377049194 1.0000000180025095e-35 43.380749354005175 55.405923733452276 58.500000000000007 0.52981050968577503 29.500000000000004
decision_type=8 8 8 10 2 2 10 8 2 2 2 2 2 2 8 8 8 10 8 10 10 10 10 10 2 10 10 2 8 2
left_child=2 7 13 -4 5 -5 -3 8 -2 10 11 12 -7 14 -1 -16 17 -17 19 22 21 -21 -18 -22 28 26 -26 -27 -20 -30
right_child=1 6 3 4 -6 9 -8 -9 -10 -11 -12 -13 -14 -15 15 16 18 -19 24 20 23 -23 -24 -25 25 27 -28 -29 29 -31
leaf_value=-1.8285687886939394e-11 0.0011006576623568355 -3.121256578280882e-05 0 2.4270172434528627e-09 1.6107305895252762e-05 3.1871602182671739e-07 1.6410370789821557e-06 4.4850019164941339e-12 -0.00045799560258208627 2.7605690194919913e-08 -6.2843809596170963e-09 3.6163600442498482e-10 -8.727089121120695e-09 0 6.3464249698887859e-10 -6.1623528022851432e-08 5.0362593171319342e-10 2.5685418156964359e-05 0.00016314519279055366 -1.2536652077916226e-08 3.0896558272562439e-05 0.00020332481504047471 -1.2179113933949213e-05 -0.13566498549310965 -0.03475955374509522 0.17454984160914361 -0.68817111989984647 -0.034864333723320741 0 0.0030196322978984693
leaf_weight=335 56 192 6840 2067 1507 140 1148 1634 87 142 141 279 139 1948728 796 1197 799 256 1877 1267 2932 102 167 141 9014 2020 1088 6072 55610 1917
leaf_count=335 56 192 6840 2067 1507 140 1148 1634 87 142 141 279 139 1948728 796 1197 799 256 1877 1267 2932 102 167 141 9014 2020 1088 6072 55610 1917
internal_value=3.72189e-05 0.0246872 -3.42202e-07 0.0106797 0.0265572 0.0388927 -0.00283582 0.0454418 -0.00454545 0.0149227 0.00822604 0.0229391 -0.00125448 -5.94302e-05 -0.00143533 -0.00125623 -0.00171089 -0.0334825 -0.00115474 0.00597263 9.00495e-05 -0.019905 0.0330228 0.00899772 -0.00165146 -0.0047708 -0.0103049 0.00213791 -0.000696081 -0.00109514
internal_weight=2.04869e+06 3117 2.04557e+06 11255 4415 2908 1340 1777 143 841 699 558 279 2.03432e+06 85590 85255 84459 1453 83006 5408 4442 1369 966 3073 77598 18194 10102 8092 59404 57527
internal_count=2048690 3117 2045573 11255 4415 2908 1340 1777 143 841 699 558 279 2034318 85590 85255 84459 1453 83006 5408 4442 1369 966 3073 77598 18194 10102 8092 59404 57527
is_linear=0
shrinkage=0.05


Tree=271
num_leaves=31
num_cat=0
split_feature=16 17 3 11 0 16 14 5 9 17 16 17 17 10 12 14 17 5 5 5 5 17 10 14 3 9 10 10 14 11
split_gain=759.38 482.441 347.224 309.094 92.0287 70.105 77.1149 92.6451 137.371 90.5034 414.912 244.387 216.661 542.428 141.125 91.5857 73.6544 114.053 91.0556 68.2755 68.1478 381.304 159.811 136.887 65.003 60.642 59.1055 57.8449 56.5006 81.8077
threshold=inf 2.5000000000000004 -0.56174490092936669 1.0000000180025095e-35 -0.98296291314453399 480.85425311203329 8.4203786789916251 86.500000000000014 65.500000000000014 6.5000000000000009 0.3913968547641074 24.500000000000004 1.5000000000000002 -1.0000000180025095e-35 -0.24999999999999997 1.0000000180025095e-35 4.5000000000000009 3.5000000000000004 1.0000000180025095e-35 1.0000000180025095e-35 29.500000000000004 43.500000000000007 28.500000000000004 1.0000000180025095e-35 1.0000000180025095e-35 3.5000000000000004 -1.0000000180025095e-35 124.50000000000001 1.0335936864527377 1.1666666666666667
decision_type=8 10 2 2 2 10 2 2 2 10 10 10 10 2 2 2 10 2 2 2 2 10 2 2 2 2 2 2 2 2
left_child=4 2 3 -2 5 6 9 8 -8 12 11 14 -1 -14 -11 16 -15 18 -18 25 22 23 26 -22 -23 -12 -21 -9 29 -28
right_child=1 -3 -4 -5 -6 -7 7 27 -10 10 19 -13 13 15 -16 -17 17 -19 -20 20 21 24 -24 -25 -26 -27 28 -29 -30 -31
leaf_value=0 -2.965193749366838e-05 -2.0674977463444727e-05 4.260751820669427e-12 1.5589852250330477e-06 0 -1.2011543303200221 0.043094345419604912 0.60752069931082986 -1.084257620527197 -5.8542351621708867e-08 7.7588263583166032e-07 4.8271537738949241e-05 6.0291037213943465e-10 -5.6231143848508828e-06 0.00022429751345879611 0.0026300585679883827 -1.0978312589322044e-05 -2.1645658590168148e-06 0.00015215804109360416 0.016968178285243239 0.0029168466786467745 -0.034117716213381721 -0.044531428023359555 0.026787401403234809 0.0033296196351373822 0.0042393334312862537 -4.8990044402281365e-07 0.24594957192528263 -0.050099681917755247 -1.4186953113969726e-05
leaf_weight=53797 198 1121 1654 144 1959449 336 802 567 287 950 2910 111 817 292 112 566 45 203 126 56 547 4936 639 345 3780 298 572 601 5719 6710
leaf_count=53797 198 1121 1654 144 1959449 336 802 567 287 950 2910 111 817 292 112 566 45 203 126 56 547 4936 639 345 3780 298 572 601 5719 6710
internal_value=2.67732e-05 0.0246872 0.0394289 -0.00643275 -1.08038e-05 -0.00161047 -0.00152119 0.00759858 -0.00289256 -0.00176761 -0.00410511 -0.0332055 -0.000608817 0.015349 -0.0405838 -0.00560065 -0.0181682 -0.00347594 0.0266082 -0.00281759 -0.00375901 -0.000530808 -0.00602366 0.0306054 -0.0037173 0.0040212 -0.00482883 0.0173801 -0.00504961 -0.00212854
internal_weight=2.04869e+06 3117 1996 342 2.04557e+06 86124 85788 2257 1089 83531 27685 1173 55846 2049 1062 1232 666 374 171 26512 23304 9608 13696 892 8716 3208 13057 1168 13001 7282
internal_count=2048690 3117 1996 342 2045573 86124 85788 2257 1089 83531 27685 1173 55846 2049 1062 1232 666 374 171 26512 23304 9608 13696 892 8716 3208 13057 1168 13001 7282
is_linear=0
shrinkage=0.05


Tree=272
num_leaves=31
num_cat=0
split_feature=16 15 15 17 2 17 18 17 10 0 0 0 0 15 17 15 0 18 1 1 0 11 15 0 17 15 1 10 0 18
split_gain=768.384 701.24 518.551 1216.02 260.962 198.164 155.435 124.005 109.542 72.8986 235.503 121.126 244.67 65.4093 678.483 1078.07 1915.48 830.682 571.739 490.746 611.983 493.799 428.903 273.025 242.948 1173.87 1308.94 680.345 304.157 245.063
threshold=inf 1.0030303030303032 inf 1.5000000000000002 1.0000000180025095e-35 1.0000000180025095e-35 0.99475062000551129 2.5000000000000004 -1.0000000180025095e-35 -0.37940952255126065 -0.60355339059327362 -0.9159756150367534 -0.98296291314453399 2.6006756756756761 10.500000000000002 7.9096352749047369 -0.5 0.99930651872399456 0.25881904510252057 0.1294095225512602 -0.60355339059327362 9.8333333333333339 9.5016129032258085 -0.9159756150367534 15.500000000000002 14.19788232943762 -0.12940952255126037 14.500000000000002 -0.70710678118654735 0.92687617260788013
decision_type=8 8 8 8 2 10 8 10 2 2 2 2 2 10 10 10 2 10 2 2 2 2 10 2 10 10 2 2 2 10
left_child=2 6 13 4 -4 -3 8 -7 -2 10 11 12 -6 -1 15 -15 19 -18 -19 21 22 -17 23 -21 25 29 28 -28 -27 -16
right_child=1 5 3 -5 9 7 -8 -9 -10 -11 -12 -13 -14 14 24 16 17 18 -20 20 -22 -23 -24 -25 -26 26 27 -29 -30 -31
leaf_value=0 0.001046658528112166 -2.8169340618984957e-05 2.30566638128022e-09 0 3.0278022073538153e-07 1.4810359637813955e-06 4.0477142296359551e-12 -1.9641228590272491e-05 -0.0004340620735798097 2.6225405685173919e-08 -5.970161911636241e-09 3.4355420420373561e-10 -8.2907346650646615e-09 6.0551312884154322e-17 1.0955445669347725e-08 1.8667572939497091e-06 -8.9637973238982126e-07 2.8616127765276675e-13 1.1851850608379758e-16 2.2218125677147768e-06 -4.9329428540114578e-08 -4.7403667315265308e-05 3.8030875213652779e-06 -3.0774830280979729e-07 8.3881615102668175e-09 -2.0486217870149378e-05 0.00032485595775499508 -9.1895709288795059e-12 3.2140713440120244e-10 -5.8394910950795285e-10
leaf_weight=1400179 56 192 2151 8245 143 145 1634 1003 87 143 143 286 144 47707 36828 669 2293 5026 6834 357 725 1327 774 677 515447 343 713 3445 1616 9358
leaf_count=1400179 56 192 2151 8245 143 145 1634 1003 87 143 143 286 144 47707 36828 669 2293 5026 6834 357 725 1327 774 677 515447 343 713 3445 1616 9358
internal_value=4.14167e-05 0.0248476 3.61757e-06 0.0107064 0.037907 -0.00246269 0.0454418 0.0054007 -0.00454545 0.01461 0.00810056 0.0224258 -0.000522648 -5.5596e-05 0.000365693 0.00514844 0.0153303 0.0243871 0.0297133 -0.012972 0.00163837 -0.031513 0.0172013 -0.00386847 -0.000193571 -0.00344053 -0.0240232 -0.039899 0.0096733 -0.000714502
internal_weight=2.04869e+06 3117 2.04557e+06 11255 3010 1340 1777 1148 143 859 716 573 287 2.03432e+06 634139 66389 18682 14153 11860 4529 2533 1996 1808 1034 567750 52303 6117 4158 1959 46186
internal_count=2048690 3117 2045573 11255 3010 1340 1777 1148 143 859 716 573 287 2034318 634139 66389 18682 14153 11860 4529 2533 1996 1808 1034 567750 52303 6117 4158 1959 46186
is_linear=0
shrinkage=0.05


Tree=273
num_leaves=31
num_cat=0
split_feature=15 17 2 1 18 15 15 17 1 1 17 17 17 1 15 17 15 1 18 14 1 1 15 15 1 15 18 10 17 1
split_gain=458.258 1401.5 267.104 138.916 94.4063 425.9 597.804 267.152 212.406 198.797 127.564 403.688 115.123 125.546 82.6028 636.809 1110.76 865.515 863.227 213.234 197.214 219.099 218.62 192.976 180.229 711.304 264.78 163.885 1097.03 1266.5
threshold=inf 1.5000000000000002 1.0000000180025095e-35 0.98296291314453421 -0.032795698924731172 2.6006756756756761 3.7529766123316803 22.500000000000004 -0.98296291314453399 -0.3794095225512602 25.500000000000004 29.500000000000004 26.500000000000004 0.37940952255126048 2.6006756756756761 10.500000000000002 7.4021924410744733 0.1294095225512602 0.99930651872399456 1.0000000180025095e-35 0.91597561503675351 0.78656609248549303 9.8576036866359456 9.1399428804569585 -0.9159756150367534 9.8576036866359456 0.90006934812760064 12.500000000000002 16.500000000000004 1.0000000180025095e-35
decision_type=8 8 2 2 8 10 10 10 2 2 10 10 10 2 10 10 10 2 10 2 2 2 10 10 2 10 8 2 10 2
left_child=4 2 -2 -3 5 10 9 8 -8 -7 -1 -12 -9 -14 -6 16 -16 24 -19 20 21 22 23 -20 25 26 -18 -17 29 -29
right_child=1 3 -4 -5 14 6 7 12 -10 -11 11 -13 13 -15 15 27 17 18 19 -21 -22 -23 -24 -25 -26 -27 -28 28 -30 -31
leaf_value=0 2.1903830622162088e-09 0 3.2637649399354879e-10 -2.6760873588035713e-05 0 -4.194080755133409e-10 6.5514909877532554e-08 -8.2364874635240616e-05 -9.5619232001960748e-08 -1.7862271471314001e-07 -4.2578891720784632e-09 2.240994301093928e-10 -8.6865972355287382e-05 3.1612086884817513e-06 5.7523747239946615e-17 5.7017370903336623e-08 0.0068589845431118526 -8.5156074577033013e-07 5.4625387579964449e-17 3.9588086638828762e-05 1.1259258077960769e-16 5.0731701057275835e-17 5.0792028346400907e-13 -3.2763283397443839e-15 -6.8796222927125928e-13 2.7185321377012839e-13 -1.3950619321011353e-11 2.6559124949988577e-10 -1.9753396826919767e-09 -8.7300923824355291e-12
leaf_weight=65247 2294 8245 859 370 1335505 1814 296 1126 4831 666 711 529 334 127 42089 126657 267 2606 2130 636 2978 1609 1839 424 7373 943 421 6606 421594 7564
leaf_count=65247 2294 8245 859 370 1335505 1814 296 1126 4831 666 711 529 334 127 42089 126657 267 2606 2130 636 2978 1609 1839 424 7373 943 421 6606 421594 7564
internal_value=3.163e-05 0.00986999 0.038392 -0.000568775 -2.52096e-05 -0.00175804 -0.0118447 -0.00409592 0.00145309 -0.0328226 -0.000363229 -0.01625 -0.0220227 -0.000976139 4.16573e-05 0.000515713 0.00526968 0.0145953 0.0232613 0.0301789 0.0321604 0.026941 0.0327225 0.0232576 0.00283207 0.0178725 -0.0207849 -1.94694e-05 -0.000479617 -0.0141637
internal_weight=2.04869e+06 11768 3153 8615 2.03692e+06 75681 9194 6714 5127 2480 66487 1240 1587 461 1.96124e+06 625736 63315 21226 12222 9616 8980 6002 4393 2554 9004 1631 688 562421 435764 14170
internal_count=2048690 11768 3153 8615 2036922 75681 9194 6714 5127 2480 66487 1240 1587 461 1961241 625736 63315 21226 12222 9616 8980 6002 4393 2554 9004 1631 688 562421 435764 14170
is_linear=0
shrinkage=0.05


Tree=274
num_leaves=31
num_cat=0
split_feature=16 17 3 11 17 11 1 16 17 17 12 1 17 12 1 1 12 1 12 1 1 1 10 11 16 1 17 1 1 1
split_gain=770.688 469.924 347.224 309.094 52.8126 1725.18 1289.07 353.352 462.009 303.437 1299.03 1690.48 207.474 242.988 200.269 188.207 173.687 137.94 123.346 115.338 307.858 169.408 110.037 174.115 140.961 224.49 99.8599 189.247 92.9099 120.132
threshold=inf 2.5000000000000004 -0.56174490092936669 1.0000000180025095e-35 10.500000000000002 8.8333333333333339 0.1294095225512602 9.8129297642436164 9.5000000000000018 16.500000000000004 14.91666666666667 1.0000000180025095e-35 12.500000000000002 10.750000000000002 0.91597561503675351 0.25881904510252057 -1.0000000180025095e-35 0.37940952255126048 6.416666666666667 -0.60355339059327384 -0.5 -0.78656609248549325 12.500000000000002 11.833333333333334 10.39252155005048 0.60355339059327384 13.500000000000002 0.25881904510252057 -0.9159756150367534 -0.98296291314453399
decision_type=8 10 2 2 10 2 2 10 10 10 2 2 10 2 2 2 2 2 2 2 2 2 2 2 10 2 10 2 2 2
left_child=4 2 3 -2 5 18 -7 8 14 10 12 19 13 -6 17 -15 -14 -8 -1 21 -21 28 23 24 -18 -26 27 -25 29 -12
right_child=1 -3 -4 -5 9 6 7 -9 -10 -11 11 -13 16 15 -16 -17 22 -19 -20 20 -22 -23 -24 26 25 -27 -28 -29 -30 -31
leaf_value=0 -2.5422829908633926e-05 -1.8659068393774733e-05 3.8453285181541576e-12 1.4068746464392149e-06 0 2.5826055308162196e-13 5.1894118200966234e-17 5.0458044244044719e-13 1.008905028291888e-16 0 -2.8459201874413474e-09 -8.2935877633137526e-12 0 -2.8373100601507759e-09 1.0696295174062732e-16 -2.8364311333908741e-09 4.9258045794171411e-09 5.1894118200966234e-17 -1.0417634757728992e-06 -2.0413243497566947e-05 0.00071285019880016048 1.9036851091699707e-06 -1.3321761726954472e-06 0.00020557184003413203 0.0091456380640880294 0.11757906943143617 0.00053053891395481113 0.0001775839599557076 -4.8463128757795699e-05 2.9205721520614801e-10
leaf_weight=1373996 198 1121 1654 144 23618 10563 863 3524 3012 567766 241 4575 5276 1137 1948 1761 17669 2955 9495 335 1610 628 6135 453 3061 866 2298 740 542 506
leaf_count=1373996 198 1121 1654 144 23618 10563 863 3524 3012 567766 241 4575 5276 1137 1948 1761 17669 2955 9495 335 1610 628 6135 453 3061 866 2298 740 542 506
internal_value=3.63403e-05 0.0248797 0.0394289 -0.00643275 -1.51547e-06 0.000169765 0.0137918 0.0247927 0.0194236 -0.000378354 -0.00344922 -0.0218739 -0.000982321 -0.00434832 0.0277142 -0.0180124 0.00146309 0.0210581 -5.53672e-05 0.00248576 -0.00609254 0.0111894 0.00288098 0.00434887 0.00267411 0.0112427 0.0147093 0.0264459 0.000814585 0.012249
internal_weight=2.04869e+06 3117 1996 342 2.04557e+06 1.40636e+06 22865 12302 8778 639217 71451 8437 63014 26516 5766 2898 36498 3818 1.38349e+06 3862 1945 1917 31222 25087 21596 3927 3491 1193 1289 747
internal_count=2048690 3117 1996 342 2045573 1406356 22865 12302 8778 639217 71451 8437 63014 26516 5766 2898 36498 3818 1383491 3862 1945 1917 31222 25087 21596 3927 3491 1193 1289 747
is_linear=0
shrinkage=0.05


Tree=275
num_leaves=31
num_cat=0
split_feature=16 15 15 17 2 17 18 17 10 15 17 1 18 15 17 12 1 15 1 1 1 17 14 1 14 15 16 16 1 1
split_gain=770.653 699.057 518.133 1216.81 260.962 198.793 155.435 123.505 109.542 74.6683 1114.54 859.746 662.96 467.478 409.967 1106.54 1837.7 460.639 408.643 744.757 362.502 309.723 445.935 293.629 292.152 280.721 276.303 258.732 202.401 279.418
threshold=inf 1.0030303030303032 inf 1.5000000000000002 1.0000000180025095e-35 1.0000000180025095e-35 0.99475062000551129 2.5000000000000004 -1.0000000180025095e-35 3.9726650062266504 10.500000000000002 0.91597561503675351 0.99930651872399456 9.8576036866359456 15.500000000000002 14.91666666666667 1.0000000180025095e-35 11.679858590914781 0.1294095225512602 -0.9159756150367534 0.78656609248549303 12.500000000000002 1.0000000180025095e-35 -0.12940952255126037 1.0000000180025095e-35 10.435599078341015 9.5723562152133592 9.062679425837322 -0.5 -0.60355339059327384
decision_type=8 8 8 8 2 10 8 10 2 10 10 2 10 10 10 2 2 10 2 2 2 10 2 2 2 10 10 10 2 2
left_child=2 6 9 4 -4 -3 8 -7 -2 -1 11 13 -13 -11 15 21 -17 -18 19 -15 27 22 25 28 -14 -12 -25 -20 29 -21
right_child=1 5 3 -5 -6 7 -8 -9 -10 10 14 12 24 18 -16 16 17 -19 20 23 -22 -23 -24 26 -26 -27 -28 -29 -30 -31
leaf_value=0 0.00099525855512624635 -2.415168841320223e-05 2.0808639091053984e-09 0 3.1005766929387135e-10 1.3365309141172541e-06 3.6530620922464502e-12 -1.7726114974085993e-05 -0.00041142601648113053 4.9299412290917923e-17 -1.0451621165956295e-06 3.1662073740623595e-06 1.0409251623910482e-16 2.4534752542754085e-13 4.1473325890660648e-08 2.7745435444584061e-10 1.9854476237071316e-06 -7.8789083751480656e-12 -2.8439051897432069e-14 4.0029863358780241e-08 3.7141373467083739e-14 2.3849134688167041e-06 0.00017544957506351817 2.6780756825492167e-08 5.8565597365748826e-06 -9.877807861788462e-07 -1.3558046365660974e-07 4.572952471687862e-13 0.00062186152175084536 -4.5033483928016956e-05
leaf_weight=1434680 56 192 2151 8245 859 145 1634 1003 87 31758 5817 2205 3678 943 506720 3698 516 4002 93 1101 745 23967 8358 114 507 1761 532 1792 1007 324
leaf_count=1434680 56 192 2151 8245 859 145 1634 1003 87 31758 5817 2205 3678 943 506720 3698 516 4002 93 1101 745 23967 8358 114 507 1761 532 1792 1007 324
internal_value=3.69016e-05 0.0248797 -9.53278e-07 0.0106975 0.037907 -0.00238806 0.0454418 0.0054878 -0.00454545 -6.0143e-05 0.000408413 0.0079946 0.0249765 0.00516936 -0.000204113 -0.0046146 -0.0213242 -0.042718 0.017223 0.0071997 0.0325475 -0.0011741 -0.00657631 -0.00471085 0.0366667 -0.0153603 -0.0346749 0.0442175 0.00324836 -0.00887719
internal_weight=2.04869e+06 3117 2.04557e+06 11255 3010 1340 1777 1148 143 2.03432e+06 599638 44799 6390 38409 554839 48119 8216 4518 6651 4021 2630 39903 15936 3078 4185 7578 646 1885 2432 1425
internal_count=2048690 3117 2045573 11255 3010 1340 1777 1148 143 2034318 599638 44799 6390 38409 554839 48119 8216 4518 6651 4021 2630 39903 15936 3078 4185 7578 646 1885 2432 1425
is_linear=0
shrinkage=0.05


Tree=276
num_leaves=31
num_cat=0
split_feature=17 11 0 1 18 0 1 0 9 17 11 1 0 0 17 11 1 0 14 14 14 5 5 1 1 17 14 0 0 0
split_gain=73.7832 1708.56 2294.54 1151.62 506.246 362.299 505.024 420.684 317.821 291.894 1052.6 1745.75 699.829 546.235 266.966 254.181 421.952 312.431 233.414 228.2 218.588 207.433 665.236 316.586 217.776 214.206 203.045 185.115 167.964 706.813
threshold=10.500000000000002 8.8333333333333339 -0.5 0.25881904510252057 0.99930651872399456 -0.60355339059327362 0.1294095225512602 -0.9159756150367534 9.5000000000000018 16.500000000000004 14.833333333333334 1.0000000180025095e-35 -0.70710678118654735 -0.60355339059327362 9.5000000000000018 9.8333333333333339 -0.9159756150367534 0.98296291314453421 1.0000000180025095e-35 1.0000000180025095e-35 1.0000000180025095e-35 12.500000000000002 11.500000000000002 0.37940952255126048 0.25881904510252057 14.500000000000002 1.0000000180025095e-35 -0.98296291314453399 0.60355339059327384 0.37940952255126054
decision_type=10 2 2 2 10 2 2 2 2 10 2 2 2 2 10 2 2 2 2 2 2 2 2 2 2 10 2 2 2 2
left_child=1 -1 5 15 -5 6 8 -8 -3 10 19 12 27 -13 20 16 -4 28 -15 21 -9 22 -2 -23 -24 -25 -6 -12 29 -17
right_child=9 2 3 4 26 -7 7 14 -10 -11 11 13 -14 18 -16 17 -18 -19 -20 -21 -22 23 24 25 -26 -27 -28 -29 -30 -31
leaf_value=0 0 -3.704422819178729e-07 -1.3266003847585482e-11 -0.00073770137864229688 9.6410178341640707e-17 -6.2448585513422386e-08 3.0485888188087041e-06 -1.3475949878894467e-07 -4.2781809731616105e-05 0 0.00067720302355705933 3.1034753480647319e-06 1.7725105801458328e-06 -7.4849629563906618e-12 7.9656330435891994e-07 2.3308014915616378e-13 7.8924145693130537e-09 -1.2880144047377925e-07 -6.8968764293270905e-05 0.00031796889972052987 0.00024207936655426047 3.2843074715238066e-06 2.6948833752802405e-07 -7.1216164717364942e-06 0.00016585788564726667 0.00061226167774588525 3.7316326221908671e-05 -5.6260133945035124e-05 0.00059076844566330312 -2.0021596450844738e-09
leaf_weight=1385618 29459 1399 855 466 7957 1057 766 545 1726 568603 288 514 3203 4105 1059 1682 2254 582 319 27688 108 1099 933 1235 1639 306 392 768 1607 458
leaf_count=1385618 29459 1399 855 466 7957 1057 766 545 1726 568603 288 514 3203 4105 1059 1682 2254 582 319 27688 108 1099 933 1235 1639 306 392 768 1607 458
internal_value=2.73834e-05 0.000229672 0.0137717 0.0239002 0.0361259 -0.0109459 -0.00588078 0.0109766 -0.019248 -0.000417709 -0.00342739 -0.0192182 0.00423808 -0.0394492 -0.00280374 0.00941113 -0.00149566 0.0172442 -0.0451175 -0.00109848 -0.0279479 -0.00380145 -0.00269114 -0.0172727 0.0216952 -0.0318949 0.0389568 -0.0310606 0.022538 0.0133645
internal_weight=2.04869e+06 1.40853e+06 22913 16253 8815 6660 5603 2478 3125 640159 71556 9197 4259 4938 1712 7438 3109 4329 4424 62359 653 34671 32031 2640 2572 1541 8349 1056 3747 2140
internal_count=2048690 1408531 22913 16253 8815 6660 5603 2478 3125 640159 71556 9197 4259 4938 1712 7438 3109 4329 4424 62359 653 34671 32031 2640 2572 1541 8349 1056 3747 2140
is_linear=0
shrinkage=0.05


Tree=277
num_leaves=31
num_cat=0
split_feature=16 15 15 18 5 0 0 18 0 0 18 10 15 10 18 0 1 15 18 1 15 14 5 0 1 0 16 10 14 0
split_gain=772.886 699.057 521.628 737.199 513.587 265.129 285.134 198.793 163.218 263.282 155.435 109.542 69.2631 743.062 1249.79 2852.56 808.946 554.212 989.419 847.333 691.139 551.754 507.901 425.221 361.788 599.649 469.137 423.438 339.718 297.699
threshold=inf 1.0030303030303032 inf 0.99649736228683605 1.5000000000000002 -0.5 -0.60355339059327362 -0.29166666666666657 -0.9159756150367534 -0.98296291314453399 0.99475062000551129 -1.0000000180025095e-35 7.4021924410744733 10.500000000000002 0.99930651872399456 -0.5 0.25881904510252057 15.222875816993465 0.99930651872399456 1.0000000180025095e-35 13.358299337072923 1.0000000180025095e-35 16.500000000000004 0.60355339059327384 0.1294095225512602 -0.60355339059327362 8.504937189599767 9.5000000000000018 1.0000000180025095e-35 -0.25881904510252113
decision_type=8 8 8 10 2 2 2 10 2 2 8 2 10 2 10 2 2 10 10 2 10 2 2 2 2 2 10 2 2 2
left_child=2 10 12 -4 5 6 8 -3 9 -5 11 -2 -1 14 21 24 -17 18 -15 23 -21 -14 -22 29 26 27 -16 -26 -18 -20
right_child=1 7 3 4 -6 -7 -8 -9 -10 -11 -12 -13 13 17 15 16 28 -19 19 20 22 -23 -24 -25 25 -27 -28 -29 -30 -31
leaf_value=0 0.00094549562736993397 -2.2944103992542119e-05 0 2.8760938799044803e-07 1.5301940600490123e-05 1.9768207136501283e-09 -5.7034755242187995e-09 1.2697043684113915e-06 2.9455478582917778e-10 -7.9080196399757977e-09 3.4704089876341278e-12 -0.00039085471565707402 -9.9290401076584801e-07 -3.5321025794805762e-06 2.3032662696992773e-06 2.2142614169835559e-13 9.1589669424558668e-17 4.546586618720503e-08 -1.0562830898961964e-05 -5.326156802164038e-07 -7.1107148085711292e-12 0.015671943927562226 0.00013284903850606473 0.00078733103080209303 -2.7720622264233191e-07 -4.7416379290079672e-08 -4.0642719245035297e-05 1.1806182230940358e-06 3.6385116816709793e-05 -8.9182348253295253e-08
leaf_weight=1503200 56 192 6840 140 1513 2072 140 1148 411 139 1634 87 28724 42030 320 6051 6985 387365 2405 3181 4015 40939 572 1939 812 743 1795 1065 629 1548
leaf_count=1503200 56 192 6840 140 1513 2072 140 1148 411 139 1634 87 28724 42030 320 6051 6985 387365 2405 3181 4015 40939 572 1939 812 743 1795 1065 629 1548
internal_value=9.27422e-07 0.0248797 -3.69823e-05 0.0106975 0.0266251 0.0389387 0.0150602 -0.00238806 0.0282609 -0.00125448 0.0454418 -0.00454545 -9.63714e-05 0.000394451 0.00458933 0.0161793 0.027768 -0.000439336 -0.00510325 -0.0167936 -0.027639 0.00152807 -0.0400589 -0.00249491 -0.017265 -0.00484733 -0.0326478 0.0102025 0.0386131 -0.0119024
internal_weight=2.04869e+06 3117 2.04557e+06 11255 4415 2902 830 1340 690 279 1777 143 2.03432e+06 531118 88063 18400 13665 443055 55690 13660 7768 69663 4587 5892 4735 2620 2115 1877 7614 3953
internal_count=2048690 3117 2045573 11255 4415 2902 830 1340 690 279 1777 143 2034318 531118 88063 18400 13665 443055 55690 13660 7768 69663 4587 5892 4735 2620 2115 1877 7614 3953
is_linear=0
shrinkage=0.05


Tree=278
num_leaves=31
num_cat=0
split_feature=15 18 5 2 1 0 0 0 0 1 14 14 5 5 5 5 15 5 18 15 18 5 5 15 15 18 14 15 14 18
split_gain=462.372 851.498 588.125 275.503 158.406 73.3186 238.537 132.013 263.282 63.4749 93.3113 90.7377 137.874 443.509 409.567 262.989 236.867 159.56 141.613 181.931 118.631 90.3415 258.569 94.9832 80.6977 118.253 80.2742 77.6678 65.538 60.9456
threshold=inf 0.99649736228683605 1.5000000000000002 1.0000000180025095e-35 0.98296291314453421 -0.37940952255126065 -0.60355339059327362 -0.9159756150367534 -0.98296291314453399 0.98296291314453421 16.038578301684314 1.0000000180025095e-35 30.500000000000004 14.500000000000002 8.5000000000000018 105.50000000000001 10.435599078341015 15.500000000000002 0.96125395785566126 94.006578947368425 -0.027046783625730989 29.500000000000004 25.500000000000004 17.006097560975615 131.95180023228806 0.99930651872399456 1.8445659198001898 24.621665582303191 2.418087672780167 0.99930651872399456
decision_type=8 10 2 2 2 2 2 2 2 2 2 2 2 2 2 2 10 2 10 10 10 2 2 10 10 10 2 10 2 10
left_child=9 4 3 -3 -2 6 7 8 -5 -1 11 12 13 14 -11 18 -16 -15 27 -20 -13 22 23 29 28 26 -26 -14 -22 -19
right_child=1 2 -4 5 -6 -7 -8 -9 -10 10 -12 20 15 17 16 -17 -18 21 19 -21 24 -23 -24 -25 25 -27 -28 -29 -30 -31
leaf_value=0 0 1.8779796779676222e-09 1.4536843570451988e-05 2.7322891859092561e-07 -2.1796898792915012e-05 2.4783472657068345e-08 -5.4183017480078599e-09 2.7982704653771891e-10 -7.5126186579770081e-09 0 0.12196590686182729 0.00010469672907424224 0.0029818821815634673 -1.7720590597253745e-10 8.9487898038839598e-17 -0.00039988123242999467 -3.3569247384748388e-06 -0.0031866415180768432 1.5935392469683857e-05 3.7205608149947919e-09 -0.0012337043880763861 -6.0088398490230697e-08 2.1095199795848926e-07 -9.6027393402978532e-07 0.031616224503911015 -0.0091723563026997589 -0.0118060641867203 -6.9197686118675082e-06 -0.045622635931251702 9.6035457313684163e-08
leaf_weight=1951311 6840 2206 1624 140 261 141 140 277 139 60273 346 371 74 541 1412 679 646 121 1441 979 10715 306 345 1103 1843 345 1665 932 1340 134
leaf_count=1951311 6840 2206 1624 140 261 141 140 277 139 60273 346 371 74 541 1412 679 646 121 1441 979 10715 306 345 1103 1843 345 1665 932 1340 134
internal_value=-2.09402e-05 0.00986149 0.0264517 0.0394183 -0.00104211 0.014994 0.00833333 0.0230216 -0.00125448 -7.80344e-05 0.00125451 0.00114936 0.0019417 0.00137945 0.00221559 0.0108283 0.0241497 -0.0190588 0.0164623 0.0230165 -0.00220837 -0.0125684 -0.00807399 -0.017894 -0.0028602 0.00343888 0.00618586 0.000695825 -0.0048735 0.00960784
internal_weight=2.04869e+06 11768 4667 3043 7101 837 696 556 279 2.03692e+06 85611 85265 68986 64881 62331 4105 2058 2550 3426 2420 16279 2009 1703 1358 15908 3853 3508 1006 12055 255
internal_count=2048690 11768 4667 3043 7101 837 696 556 279 2036922 85611 85265 68986 64881 62331 4105 2058 2550 3426 2420 16279 2009 1703 1358 15908 3853 3508 1006 12055 255
is_linear=0
shrinkage=0.05


Tree=279
num_leaves=31
num_cat=0
split_feature=16 17 3 11 17 11 0 1 17 12 1 0 0 0 0 16 0 1 18 0 1 16 0 16 17 0 16 5 16 0
split_gain=776.473 471.089 347.983 309.094 98.2532 1806.69 2371.35 1107.2 492.542 1841.5 1018.59 764.042 567.398 450.635 769.234 422.184 881.638 694.691 420.52 360.68 475.883 893.73 418.289 437.895 251.333 240.639 152.743 506.085 154.46 216.247
threshold=inf 2.5000000000000004 -0.56174490092936669 1.0000000180025095e-35 10.500000000000002 8.8333333333333339 -0.5 0.25881904510252057 15.500000000000002 14.91666666666667 1.0000000180025095e-35 0.60355339059327384 -0.60355339059327362 -0.25881904510252113 -0.70710678118654735 9.5723562152133592 0.98296291314453421 -0.9159756150367534 0.99930651872399456 -0.60355339059327362 0.1294095225512602 8.504937189599767 -0.9159756150367534 9.8129297642436164 14.500000000000002 -0.98296291314453399 9.062679425837322 9.5000000000000018 7.9557449147883466 0.60355339059327384
decision_type=8 10 2 2 10 2 2 2 10 2 2 2 2 2 2 10 2 2 10 2 2 10 2 10 10 2 10 2 10 2
left_child=4 2 3 -2 5 -1 19 15 9 24 11 13 -12 14 25 17 -17 -8 -9 20 21 -7 -22 -24 -6 -11 27 -20 -29 -30
right_child=1 -3 -4 -5 8 6 7 18 -10 10 12 -13 -14 -15 -16 16 -18 -19 26 -21 22 -23 23 -25 -26 -27 -28 28 29 -31
leaf_value=0 -2.070705385326926e-05 -1.6903480471843014e-05 3.2968885382524214e-12 1.2061252510069234e-06 0 1.6689326415145263e-06 -1.2613778855977651e-11 -0.00070097393616318704 0 0.00064387101392415443 2.9483015806614951e-06 0.00074796447926198844 -6.7551790681425735e-12 -8.6883908490418454e-08 2.2480029969345562e-06 3.802834746552669e-08 -1.2236137952139737e-07 7.497782769540317e-09 4.4767374436273042e-17 -5.6955337273247278e-08 2.8961593778653168e-06 -3.8610583282783535e-05 -1.0129869107371833e-07 6.9770422798627213e-07 0.0033229669089293113 -5.2918985702835263e-05 4.7519548547409549e-13 8.145168327470078e-17 2.9249939789848439e-14 -3.1294214109014807e-15
leaf_weight=1383491 198 1121 1654 144 47284 1210 1123 462 575405 236 441 1314 4099 990 527 2751 366 3198 4376 1057 766 1915 1124 588 8267 654 2715 640 315 259
leaf_count=1383491 198 1121 1654 144 47284 1210 1123 462 575405 236 441 1314 4099 990 527 2751 366 3198 4376 1057 766 1915 1124 588 8267 654 2715 640 315 259
internal_value=-2.46499e-05 0.0249118 0.039479 -0.00643275 -6.26475e-05 0.000170974 0.0141111 0.0244338 -0.000576643 -0.00474441 -0.0267704 -0.00737705 -0.0426652 -0.0241172 -0.00603387 0.0102447 0.0242701 0.000127285 0.036472 -0.011006 -0.00595217 -0.018928 0.0104116 -0.00332944 -0.00146892 -0.034382 0.0390548 0.0343292 0.00576606 -0.0130662
internal_weight=2.04869e+06 3117 1996 342 2.04557e+06 1.40636e+06 22865 16205 639217 63812 8261 3721 4540 2407 1417 7438 3117 4321 8767 6660 5603 3125 2478 1712 55551 890 8305 5590 1214 574
internal_count=2048690 3117 1996 342 2045573 1406356 22865 16205 639217 63812 8261 3721 4540 2407 1417 7438 3117 4321 8767 6660 5603 3125 2478 1712 55551 890 8305 5590 1214 574
is_linear=0
shrinkage=0.05


Tree=280
num_leaves=31
num_cat=0
split_feature=16 17 17 11 0 17 12 0 0 0 0 0 0 16 0 16 0 17 17 14 0 16 16 14 16 16 18 17 18 0
split_gain=780.299 471.089 81.1949 742.469 1838.82 524.382 1816.96 479.351 492.541 702.001 465.321 411.992 384.229 525.203 315.184 311.079 306.671 303.838 293.702 228.001 208.888 162.791 158.482 153.35 148.343 147.143 406.375 180.532 150.916 230.753
threshold=inf 2.5000000000000004 10.500000000000002 8.8333333333333339 -0.5 15.500000000000002 14.91666666666667 0.60355339059327384 -0.25881904510252113 -1.0000000180025095e-35 -0.37940952255126065 0.60355339059327384 0.98296291314453421 9.5723562152133592 -0.78656609248549292 9.5723562152133592 -0.60355339059327362 9.5000000000000018 9.5000000000000018 1.0000000180025095e-35 0.98296291314453421 4.6423097974822118 7.6429544569871561 1.0000000180025095e-35 9.062679425837322 8.9390284491233825 0.8174754058784478 14.500000000000002 0.92687617260788013 -0.5
decision_type=8 10 10 2 2 10 2 2 2 2 2 2 2 10 2 10 2 10 10 2 2 10 10 2 10 10 10 10 10 2
left_child=2 -2 3 -1 16 6 19 8 -6 -10 14 -12 15 -14 -8 17 21 -9 -11 25 -13 -5 -19 -18 -24 26 -4 -27 29 -28
right_child=1 -3 5 4 7 -7 10 12 9 18 11 20 13 -15 -16 -17 23 22 -20 -21 -22 -23 24 -25 -26 27 28 -29 -30 -31
leaf_value=0 3.1320441113398e-12 -1.6058306448250864e-05 0 3.4023708464540238e-06 4.5557704142651971e-13 0 -1.3405497668064705e-05 3.5196080566248408e-17 -1.9012070184417214e-09 7.9876774755101797e-17 -1.6800785172050345e-10 -6.4174201147354447e-12 7.1228936310633008e-09 -1.1624331054532749e-07 2.1307066654689663e-06 4.5884510338161189e-13 -5.4107570409584918e-08 2.0046539258046753e-16 -1.83347955585456e-15 0.00030477544362642224 -6.4174201147354447e-12 -3.6354228705721233e-07 -2.9729503403564068e-15 0.00018976192626080505 4.8406908097849286e-13 -3.3554974505065475e-06 -0.0020655788252138467 0.049523808570766152 6.9271815669783053e-09 0.00015774159649761268
leaf_weight=1383491 1996 1121 19110 712 1924 575405 1177 2726 721 2591 2731 2930 817 366 851 2189 921 605 3410 26810 572 4891 572 136 284 4840 688 837 1714 1552
leaf_count=1383491 1996 1121 19110 712 1924 575405 1177 2726 721 2591 2731 2930 817 366 851 2189 921 605 3410 26810 572 4891 572 136 284 4840 688 837 1714 1552
internal_value=-8.60062e-05 0.0249118 -0.000124097 8.82778e-05 0.00902471 -0.000591348 -0.00489171 0.0181148 0.010074 0.00368938 -0.0267704 -0.0335392 0.0273118 0.00114117 -0.00596647 0.0321675 -0.0130931 0.024182 0.00929012 -0.00163813 -0.0221873 -0.00843298 0.00578371 -0.0377956 -0.00806075 -0.00473192 -0.00295699 -0.0119429 0.0116338 0.0201786
internal_weight=2.04869e+06 3117 2.04557e+06 1.40636e+06 22865 639217 63812 16205 8646 6722 8261 6233 7559 1183 2028 6376 6660 4187 6001 55551 3502 5603 1461 1057 856 28741 23064 5677 3954 2240
internal_count=2048690 3117 2045573 1406356 22865 639217 63812 16205 8646 6722 8261 6233 7559 1183 2028 6376 6660 4187 6001 55551 3502 5603 1461 1057 856 28741 23064 5677 3954 2240
is_linear=0
shrinkage=0.05


Tree=281
num_leaves=31
num_cat=0
split_feature=16 15 15 17 2 17 17 17 0 0 0 0 10 16 10 0 17 17 1 17 17 1 1 15 1 1 17 1 2 0
split_gain=788.713 689.826 525.87 1218.4 260.962 201.956 130.614 121.024 72.8986 235.503 121.126 244.67 70.2133 58.8993 157.704 339.401 497.179 282.909 247.123 699.039 346.636 338.05 782.365 399.234 437.005 388.701 284.109 275.139 196.538 169.198
threshold=inf 1.0030303030303032 inf 1.5000000000000002 1.0000000180025095e-35 1.0000000180025095e-35 4.5000000000000009 2.5000000000000004 -0.37940952255126065 -0.60355339059327362 -0.9159756150367534 -0.98296291314453399 -1.0000000180025095e-35 97.501456421092811 149.50000000000003 0.91597561503675362 101.50000000000001 130.50000000000003 0.91597561503675351 101.50000000000001 107.50000000000001 0.78656609248549303 0.60355339059327384 98.995145631067984 -0.5 -0.3794095225512602 150.50000000000003 0.1294095225512602 -0.60785761079279388 -0.9159756150367534
decision_type=8 8 8 8 2 10 10 10 2 2 2 2 2 10 2 2 10 10 2 10 10 2 2 10 2 2 10 2 2 2
left_child=2 6 13 4 -4 -3 -2 -7 9 10 11 -6 -8 -1 15 18 -17 -18 20 -20 21 22 23 27 -25 28 -21 29 -26 -15
right_child=1 5 3 -5 8 7 12 -9 -10 -11 -12 -13 -14 14 -16 16 17 -19 19 26 -22 -23 -24 24 25 -27 -28 -29 -30 -31
leaf_value=0 2.9754419057728103e-12 -1.9671701317208004e-05 1.7840806940692411e-09 0 2.5956747266137934e-07 1.1458188318543718e-06 0.00089986893534744193 -1.525539112583832e-05 2.3544299024214927e-08 -5.1473866606074669e-09 2.6583569421083298e-10 -7.1369877250781581e-09 -0.00030157368793256776 0.0050355007782057733 -7.107837059030146e-05 4.0625789828083427e-05 -0.043226107461801812 0.017881300825162792 4.0973164701052442e-06 -0.0018025439139957593 0.001986030441486708 -4.4244457719470296e-05 1.2288935845179969e-06 -0.00079784569413035079 -0.000432892692378937 -3.2326807963087039e-08 0.10466022216910231 -0.00020956058690522821 0.003312177186511027 0.0067049318779935519
leaf_weight=1906721 1667 192 2151 8245 143 145 36 1003 143 143 286 144 74 359 73551 1312 895 2634 1014 2343 38683 665 665 1193 60 564 1568 404 337 1350
leaf_count=1906721 1667 192 2151 8245 143 145 36 1003 143 143 286 144 74 359 73551 1312 895 2634 1014 2343 38683 665 665 1193 60 564 1568 404 337 1350
internal_value=-6.0014e-05 0.0250722 -9.83099e-05 0.0106797 0.037907 -0.00201493 0.045498 0.00592334 0.01461 0.00810056 0.0224258 -0.000522648 -0.00727273 -0.00015794 0.000882074 0.00293269 0.015565 0.00579484 0.00168987 0.0123147 0.00050813 -0.011122 -0.00660989 -0.0144715 -0.0296193 -0.00452653 0.00272309 0.000970185 0.0333753 0.00974254
internal_weight=2.04869e+06 3117 2.04557e+06 11255 3010 1340 1777 1148 859 716 573 287 110 2.03432e+06 127597 54046 4841 3529 49205 4925 44280 5597 4932 4267 2154 961 3911 2113 397 1709
internal_count=2048690 3117 2045573 11255 3010 1340 1777 1148 859 716 573 287 110 2034318 127597 54046 4841 3529 49205 4925 44280 5597 4932 4267 2154 961 3911 2113 397 1709
is_linear=0
shrinkage=0.05


Tree=282
num_leaves=31
num_cat=0
split_feature=16 15 15 17 2 17 18 17 10 18 12 17 15 12 17 15 10 17 16 18 18 16 15 15 15 15 17 12 15 15
split_gain=790.331 689.826 528.392 1218.4 260.962 201.956 155.785 121.024 109.542 60.1244 56.2715 48.479 152.701 345.535 352.428 204.498 211.942 194.182 171.203 131.207 344.244 144.532 156.501 144.764 131.049 135.346 124.543 107.739 130.071 304.358
threshold=inf 1.0030303030303032 inf 1.5000000000000002 1.0000000180025095e-35 1.0000000180025095e-35 0.99475062000551129 2.5000000000000004 -1.0000000180025095e-35 -0.0088569976146717216 0.91666666666666685 145.00000000000003 0.96784532671629464 1.0000000180025095e-35 138.50000000000003 0.73701079622132271 16.500000000000004 27.500000000000004 38.464354930647922 -0.095454545454545445 -0.060661764705882346 4.4336506866627357 2.6006756756756761 3.7529766123316803 2.6006756756756761 3.7529766123316803 5.5000000000000009 -1.0000000180025095e-35 8.1288389845552995 12.035098522167489
decision_type=8 8 8 8 2 10 8 10 2 8 2 8 10 2 10 10 2 10 10 10 10 10 10 10 10 10 10 2 10 10
left_child=2 6 11 4 10 -3 8 -7 -2 -5 -4 12 13 14 26 16 -15 -17 -16 21 24 22 -14 -23 -21 -26 -1 28 -22 -30
right_child=1 5 3 9 -6 7 -8 -9 -10 -11 -12 -13 19 15 18 17 -18 -19 -20 20 27 23 -24 -25 25 -27 -28 -29 29 -31
leaf_value=0 0.0008548754885800698 -1.8688116251347603e-05 1.7723016694806514e-05 8.2109567554061944e-05 2.5254390950029133e-10 1.0885278902616531e-06 2.8266698104841697e-12 -1.4492621569546405e-05 -0.0003545852061315872 0 1.694876659365779e-09 0 0 0 0.00092708183442168036 0 0.0009308166329138099 -2.4550972636975291e-05 -0.0011957612111682164 0 -3.9843767173767386e-10 2.0970400748101401e-11 6.2786936661630787e-08 -1.077404483039413e-07 -5.2680187969171917e-10 -6.3447620567876773e-08 0 0 3.3877317739047554e-06 -1.2405623316946048e-06
leaf_weight=44667 56 192 108 199 859 145 1634 1003 87 8046 2043 809721 1190 28969 102 43752 2015 1131 917 1368 5704 251 2254 707 812 1320 56607 1024245 1162 7424
leaf_count=44667 56 192 108 199 859 145 1634 1003 87 8046 2043 809721 1190 28969 102 43752 2015 1131 917 1368 5704 251 2254 707 812 1320 56607 1024245 1162 7424
internal_value=-8.57865e-05 0.0250722 -0.000124122 0.0106797 0.037907 -0.00201493 0.045498 0.00592334 -0.00454545 0.000739842 0.0472106 -0.000183895 -0.000382371 -0.00173552 0.000160813 -0.00429238 -0.00741673 -0.00213555 -0.0290972 -0.000151992 -0.000188381 0.00846206 0.0132404 -0.00871608 -0.0158429 -0.0235929 0.000455201 -0.000135624 -0.00444717 -0.00055905
internal_weight=2.04869e+06 3117 2.04557e+06 11255 3010 1340 1777 1148 143 8245 2151 2.03432e+06 1.2246e+06 178160 102293 75867 30984 44883 1019 1.04644e+06 1.04204e+06 4402 3444 958 3500 2132 101274 1.03854e+06 14290 8586
internal_count=2048690 3117 2045573 11255 3010 1340 1777 1148 143 8245 2151 2034318 1224597 178160 102293 75867 30984 44883 1019 1046437 1042035 4402 3444 958 3500 2132 101274 1038535 14290 8586
is_linear=0
shrinkage=0.05


Tree=283
num_leaves=31
num_cat=0
split_feature=16 15 15 17 0 0 17 0 0 17 17 10 16 0 16 15 14 17 15 6 17 10 17 10 15 15 9 10 14 17
split_gain=790.362 689.826 522.373 1223.97 250.151 284.693 201.956 155.334 244.67 130.614 121.024 70.2133 59.9888 49.3721 66.2146 86.6433 317.674 158.274 502.162 285.205 261.004 280.724 222.415 540.016 143.003 139.662 164.946 152.865 111.647 145.08
threshold=inf 1.0030303030303032 inf 1.5000000000000002 -0.5 -0.60355339059327362 1.0000000180025095e-35 -0.9159756150367534 -0.98296291314453399 4.5000000000000009 2.5000000000000004 -1.0000000180025095e-35 0.97116770117490592 -0.98296291314453399 480.85425311203329 19.442072271386433 1.0000000180025095e-35 6.5000000000000009 1.2360681114551086 3.5000000000000004 35.500000000000007 -1.0000000180025095e-35 1.5000000000000002 -1.0000000180025095e-35 94.006578947368425 56.256578947368432 49.500000000000007 67.500000000000014 1.0335936864527377 10.500000000000002
decision_type=8 8 8 8 2 2 10 2 2 10 10 2 10 2 10 10 2 10 10 2 10 2 10 2 10 10 2 2 2 10
left_child=2 9 13 4 5 7 -3 8 -4 -2 -8 -11 -6 14 15 17 24 22 20 -20 21 -19 -1 -24 -17 26 -18 -27 29 -21
right_child=1 6 3 -5 12 -7 10 -9 -10 11 -12 -13 -14 -15 -16 16 25 18 19 28 -22 -23 23 -25 -26 27 -28 -29 -30 -31
leaf_value=0 2.6853363199599613e-12 -1.7753710438780221e-05 2.4657647183283539e-07 0 8.411443161472626e-09 -4.9026445230521085e-09 1.0341014957485704e-06 2.3991671402527677e-10 -6.7927655342992647e-09 0.0008121317141510662 -1.3767990491069086e-05 -0.00026876574322935997 1.61013282639749e-09 0 -1.1410930645530921 0.0027228036814705117 -0.017479716041439008 -5.5615234040623423e-08 0.00010499591815742104 -3.7638494394209045e-05 7.3708850404007728e-07 -4.6540542182167304e-07 5.7276485353246291e-10 -2.591852083957318e-06 -0.033273484068815751 0.18961812983029508 -0.36916864557332696 -0.011761475013547868 -0.072816631915148672 0.00015406977834636284
leaf_weight=53446 1667 192 143 8245 143 143 145 430 144 36 1003 74 2007 1948728 336 2147 3539 1186 3212 1332 343 880 817 1213 114 2063 1038 5188 4582 4154
leaf_count=53446 1667 192 143 8245 143 143 145 430 144 36 1003 74 2007 1948728 336 2147 3539 1186 3212 1332 343 880 817 1213 114 2063 1038 5188 4582 4154
internal_value=-8.62746e-05 0.0250722 -0.000124611 0.0106175 0.037907 0.0151163 -0.00201493 0.0279637 -0.000522648 0.045498 0.00592334 -0.00727273 0.0470233 -0.000184042 -0.00135939 -0.00127208 0.00231031 -0.00198131 -0.00641532 -0.00260542 -0.027418 -0.0341239 -0.000727342 0.0155172 0.0194825 -0.000972269 -0.00781079 0.00334437 -0.00674414 -0.00193219
internal_weight=2.04869e+06 3117 2.04557e+06 11255 3010 860 1340 717 287 1777 1148 110 2150 2.03432e+06 85590 85254 14089 71165 15689 13280 2409 2066 55476 2030 2261 11828 4577 7251 10068 5486
internal_count=2048690 3117 2045573 11255 3010 860 1340 717 287 1777 1148 110 2150 2034318 85590 85254 14089 71165 15689 13280 2409 2066 55476 2030 2261 11828 4577 7251 10068 5486
is_linear=0
shrinkage=0.05


Tree=284
num_leaves=31
num_cat=0
split_feature=16 17 2 2 11 18 17 0 16 17 0 17 0 17 16 7 16 1 16 10 17 17 17 16 10 17 17 17 17 0
split_gain=790.129 460.771 70.0409 284.411 321.924 50.364 109.564 219.718 366.435 157.868 126.774 826.795 125.469 131.747 154.61 95.6633 91.8922 178.161 91.5046 85.4354 78.2331 221.587 73.3067 96.459 71.0788 70.1554 65.8244 64.3706 87.0808 61.2653
threshold=inf 2.5000000000000004 -1.0000000180025095e-35 -0.60785761079279388 1.0000000180025095e-35 -1.0000000180025095e-35 5.5000000000000009 -0.98296291314453399 0.79503805047283316 24.500000000000004 -0.98296291314453399 1.5000000000000002 0.98296291314453421 195.00000000000003 0.46678281068524979 -1.0000000180025095e-35 129.53898246223307 -0.60355339059327384 0.21688681631710352 -1.0000000180025095e-35 16.500000000000004 19.500000000000004 106.00000000000001 8.2560739806641461 -1.0000000180025095e-35 106.00000000000001 6.5000000000000009 54.500000000000007 33.500000000000007 -0.25881904510252113
decision_type=8 10 2 2 2 8 10 2 10 10 2 10 2 10 10 2 10 2 10 2 10 10 10 10 2 10 10 10 10 2
left_child=5 2 3 -2 -5 6 10 8 9 26 11 -1 16 14 25 18 -9 29 19 -12 -16 -22 23 -10 -25 -14 -8 28 -23 -18
right_child=1 -3 -4 4 -6 -7 7 12 22 -11 15 -13 13 -15 20 -17 17 -19 -20 -21 21 27 -24 24 -26 -27 -28 -29 -30 -31
leaf_value=-1.7371403492592426e-11 2.551069503961963e-12 -1.3079590966515632e-05 2.551069503961963e-12 -1.6866024916841211e-05 9.8239642096114188e-07 0 0.00011875542000125889 0 7.0023407883807339e-07 4.1245831061811805e-05 0 5.4412661085583969e-10 0 0.0074639849785674353 -0.00225625 -0.0026163911676956963 -0.033710547191535954 -0.015842135409867508 0 -0.002252825862886798 0.56774374999999999 -0.00225625 0.00016816799083050861 -2.4566361789958511e-05 0.042411642143515907 -0.20257680890167795 -5.2834472338592256e-08 -0.18134596590642704 0 0.0014556835344298746
leaf_weight=335 666 1121 993 193 144 1950548 30 60660 603 96 25326 744 1463 88 825 171 31 446 851 130 162 535 215 319 41 66 1028 269 493 98
leaf_count=335 666 1121 993 193 144 1950548 30 60660 603 96 25326 744 1463 88 825 171 31 446 851 130 162 535 215 319 41 66 1028 269 493 98
internal_value=-8.2565e-05 0.0250722 0.039479 0.0301595 -0.00727003 -0.000120895 -0.00124494 -0.00232999 -0.0174099 -0.037435 0.00141162 0.0182113 -0.0017901 -0.0104845 -0.0118804 0.000727019 -0.00123622 -0.0211304 0.000969324 0.000430154 -0.0201182 -0.0131597 0.00220713 -0.0036864 -0.0241667 0.000425114 -0.0430057 -0.0200463 -0.0143482 0.0306202
internal_weight=2.04869e+06 3117 1996 1003 337 2.04557e+06 95025 67468 2332 1154 27557 1079 65136 3901 3813 26478 61235 575 26307 25456 2284 1459 1178 963 360 1529 1058 1297 1028 129
internal_count=2048690 3117 1996 1003 337 2045573 95025 67468 2332 1154 27557 1079 65136 3901 3813 26478 61235 575 26307 25456 2284 1459 1178 963 360 1529 1058 1297 1028 129
is_linear=0
shrinkage=0.05


Tree=285
num_leaves=31
num_cat=0
split_feature=16 15 15 18 8 2 18 18 10 0 0 0 0 7 10 1 14 16 6 0 15 16 0 6 0 16 6 18 16 0
split_gain=789.688 689.826 521.328 744.62 512.848 271.923 201.956 155.785 109.542 74.2614 239.528 130.645 263.282 60.6278 68.3506 48.3157 139.905 479.926 1061.23 1319.79 1311 723.485 507.43 491.365 445.05 554.481 427.253 389.734 349.055 616.385
threshold=inf 1.0030303030303032 inf 0.99649736228683605 1.5000000000000002 1.0000000180025095e-35 -0.29166666666666657 0.99475062000551129 -1.0000000180025095e-35 -0.37940952255126065 -0.60355339059327362 -0.9159756150367534 -0.98296291314453399 1.5000000000000002 1.0000000180025095e-35 1.0000000180025095e-35 1.0000000180025095e-35 10.39252155005048 8.5000000000000018 -1.0000000180025095e-35 10.435599078341015 9.3112612253573541 -0.9159756150367534 11.500000000000002 0.98296291314453421 9.5723562152133592 20.500000000000004 0.97896948252985416 44.38433667781495 -0.37940952255126065
decision_type=8 8 8 10 2 2 10 8 2 2 2 2 2 2 2 2 2 10 2 2 10 10 2 2 2 10 2 8 10 2
left_child=2 7 15 -4 5 -5 -3 8 -2 10 11 12 -7 14 -8 -1 17 18 -17 21 24 22 -20 -22 -21 -26 -19 -18 29 -28
right_child=1 6 3 4 -6 9 13 -9 -10 -11 -12 -13 -14 -15 -16 16 27 26 19 20 23 -23 -24 -25 25 -27 28 -29 -30 -31
leaf_value=0 0.00077217932088629747 -1.6022723670999153e-05 0 1.5296261850776153e-09 1.3810001391925392e-05 2.3424764824119365e-07 -0.010985708260895939 2.4235160287638651e-12 -0.00032276367911521415 2.2273950236209294e-08 -4.6575122968995032e-09 2.2792087832401293e-10 -6.4531272575843007e-09 2.8616996962128651e-06 9.3327659991308484e-07 0 0.00058703324492936958 -1.4999856389539771e-10 2.1405292439234599e-06 8.0777978493761976e-17 -2.589476686178111e-06 6.8099613093981912e-07 -5.3868663319138959e-08 6.4689423287145898e-05 6.7667489495101359e-09 -1.1043114501806111e-07 7.665657086820839e-06 -2.1304149300286928e-05 -2.8734827974622337e-07 -1.5270571427974385e-08
leaf_weight=1009106 56 192 6840 2067 1507 140 56 1634 87 142 141 279 139 931 161 708355 156656 32936 855 8614 1191 2506 4046 4907 861 362 5146 26709 47414 24654
leaf_count=1009106 56 192 6840 2067 1507 140 56 1634 87 142 141 279 139 931 161 708355 156656 32936 855 8614 1191 2506 4046 4907 861 362 5146 26709 47414 24654
internal_value=-7.55361e-05 0.0250722 -0.000113856 0.0106175 0.0266251 0.0388927 -0.00201493 0.045498 -0.00454545 0.0149227 0.00822604 0.0229391 -0.00125448 0.00592334 0.0297235 -0.000173228 6.85224e-05 -0.000204075 0.000259124 0.0107489 0.0188547 -0.00668962 -0.0178637 0.000639554 0.0301464 0.0019215 -0.00328098 0.00132004 -0.00124718 0.00299329
internal_weight=2.04869e+06 3117 2.04557e+06 11255 4415 2908 1340 1777 143 841 699 558 279 1148 217 2.03432e+06 1.02521e+06 841847 731697 23342 15935 7407 4901 6098 9837 1223 110150 183365 77214 29800
internal_count=2048690 3117 2045573 11255 4415 2908 1340 1777 143 841 699 558 279 1148 217 2034318 1025212 841847 731697 23342 15935 7407 4901 6098 9837 1223 110150 183365 77214 29800
is_linear=0
shrinkage=0.05


Tree=286
num_leaves=31
num_cat=0
split_feature=1 5 17 0 0 0 14 9 17 17 12 1 12 12 17 0 17 0 14 2 17 9 12 0 0 0 11 17 12 17
split_gain=152.365 207.907 1979.18 1222.74 594.512 496.945 451.423 315.802 193.56 196.453 418.555 924.555 306.242 240.19 230.532 187.523 442.438 342.497 188.978 181.055 184.581 189.193 174.465 165.804 210.555 157.763 149.563 143.087 236.91 135.186
threshold=1.0000000180025095e-35 8.5000000000000018 10.500000000000002 -1.0000000180025095e-35 -0.9159756150367534 0.98296291314453421 1.0000000180025095e-35 6.5000000000000009 12.500000000000002 15.500000000000002 14.91666666666667 0.98296291314453421 12.91666666666667 11.083333333333334 14.500000000000002 -0.37940952255126065 9.5000000000000018 -0.60355339059327362 1.0000000180025095e-35 0.6078576107927941 594.50000000000011 276.50000000000006 11.750000000000002 -1.0000000180025095e-35 0.91597561503675362 0.12940952255126045 9.8333333333333339 9.5000000000000018 8.9166666666666696 13.500000000000002
decision_type=2 2 10 2 2 2 2 2 10 10 2 2 2 2 10 2 10 2 2 2 10 2 2 2 2 2 2 10 2 10
left_child=-1 7 3 4 -3 6 -5 -2 22 10 12 -12 13 14 -10 17 -17 27 -19 20 -11 -22 -4 -14 -25 -9 -7 28 -6 -15
right_child=1 2 8 5 15 26 -8 25 9 19 11 -13 23 29 -16 16 -18 18 -20 -21 21 -23 -24 24 -26 -27 -28 -29 -30 -31
leaf_value=0 0 2.6625020611287389e-06 -4.6453791106164218e-07 7.6318431994600582e-17 0.00022911010740793143 6.4284114981409416e-09 -0.00060241744311561273 -0.00073757145728225169 -4.8894151046229426e-06 9.7671156991786707e-08 1.403379085771214e-12 -1.5210753093970839e-10 3.0440815582828206e-07 0.00015471422440032818 0.053538580207275005 2.6934104714560467e-09 -3.4049373748801602e-08 -5.3546049118025598e-08 0.00018114371759047772 -6.6678429162790933e-07 2.970994722283669 0.031510465675713764 -8.0517866924314804e-06 -9.8237480426112834e-06 4.3721518023396101e-05 -2.1481823249410401e-05 -1.0490958776715807e-07 6.4694632439282806e-07 -1.2965694162671894e-07 0.00048465488244100232
leaf_weight=1014487 758390 796 2934 7222 215 631 474 9769 1999 159517 4089 456 926 865 766 702 650 921 211 67365 546 3699 656 1528 442 4965 582 1115 545 1227
leaf_count=1014487 758390 796 2934 7222 215 631 474 9769 1999 159517 4089 456 926 865 766 702 650 921 211 67365 546 3699 656 1528 442 4965 582 1115 545 1227
internal_value=8.13935e-05 0.000508459 0.0017284 0.019973 0.000591659 0.0311876 0.0358758 9.64916e-05 0.000689634 0.000859608 0.0070174 0.0190649 -4.51438e-05 0.00762817 -0.0020434 -0.00666437 0.00880178 -0.0136182 -0.0353357 0.000531959 0.00142951 0.0117197 -0.0108357 -0.0129144 -0.0211168 -0.00715352 0.0014427 -0.000506667 -0.0172368 0.0204111
internal_weight=2.04869e+06 1.0342e+06 261079 14064 5155 8909 7696 773124 247015 243425 12298 4545 7753 4857 2765 4359 1352 3007 1132 231127 163762 4245 3590 2896 1970 14734 1213 1875 760 2092
internal_count=2048690 1034203 261079 14064 5155 8909 7696 773124 247015 243425 12298 4545 7753 4857 2765 4359 1352 3007 1132 231127 163762 4245 3590 2896 1970 14734 1213 1875 760 2092
is_linear=0
shrinkage=0.05


Tree=287
num_leaves=31
num_cat=0
split_feature=16 17 3 11 0 18 18 18 16 17 13 10 16 14 14 18 10 17 16 8 16 2 18 12 12 16 3 16 5 8
split_gain=780.637 458.721 347.983 309.094 56.8927 282.43 740.488 602.651 195.585 95.7224 86.9841 362.139 194.85 111.13 82.4535 76.6126 127.427 153.158 167.228 213.721 118.971 97.318 86.3555 173.939 95.1724 67.6123 70.4548 67.0121 99.9366 117.757
threshold=inf 2.5000000000000004 -0.56174490092936669 1.0000000180025095e-35 -0.98296291314453399 -0.74999999999999989 -0.15476190476190474 -0.040833333333333326 2.3196210074686161 10.500000000000002 1.0000000180025095e-35 25.500000000000004 38.464354930647922 1.0000000180025095e-35 8.4203786789916251 0.84054243628711733 2.5000000000000004 10.500000000000002 8.739313116550969 6.5000000000000009 0.21688681631710352 -0.60785761079279388 0.13658572697660648 1.0000000180025095e-35 3.4166666666666674 97.501456421092811 1.0000000180025095e-35 445.77368823229756 73.500000000000014 55.500000000000007
decision_type=8 10 2 2 2 8 8 8 10 10 2 2 10 2 2 8 2 10 10 2 10 2 10 2 2 10 2 8 2 2
left_child=4 2 3 -2 5 -1 -7 8 -8 -10 11 15 13 -13 -12 20 -17 18 19 -18 -9 -19 23 -22 -24 26 -14 28 29 -16
right_child=1 -3 -4 -5 -6 6 7 10 9 -11 14 12 25 -15 27 16 17 21 -20 -21 22 -23 24 -25 -26 -27 -28 -29 -30 -31
leaf_value=-1.6502833317962804e-11 -1.5221587487449195e-05 -1.2535357188419097e-05 2.3023402273256718e-12 8.8661276991743055e-07 0 5.1692028031304776e-10 -5.0192748721662645e-08 4.784446351275337e-10 1.9069694441673602e-05 -1.1934836527910934e-07 -0.017468243793830197 0.0025866634973969859 0.00090828737939223727 0.006867193122900352 0.042587159321380713 0 -5.2123660614104729e-06 0.00060464890062440725 -3.5756569674498588e-05 6.1211301666356915e-06 4.784446351275337e-10 -0.049395351099375595 0.00014467985124353518 -0.00011253761061440927 0.00021748220635499669 0.0027752187627960037 -0.0012652408485232362 -1.420230913011981 0.4514024169383774 -0.96165897544827816
leaf_weight=335 198 1121 1654 144 1959449 796 1151 331 101 203 17344 929 535 236 635 51534 429 384 469 385 2755 1026 432 1233 2345 407 376 234 1246 273
leaf_count=335 198 1121 1654 144 1959449 796 1151 331 101 203 17344 929 535 236 635 51534 429 384 469 385 2755 1026 432 1233 2345 407 376 234 1246 273
internal_value=0.000101065 0.0251043 0.039479 -0.00643275 6.29652e-05 -0.00119479 -0.00101586 -0.00146541 -0.0333677 0.00230263 -0.000909766 -1.2538e-05 0.0187072 0.0336052 -0.00381107 -0.00077051 -0.00140981 -0.0120126 -0.0245129 -0.0108108 0.00411499 -0.000638298 0.00268293 -0.00203109 0.00945265 0.00553869 -0.00203074 0.0048995 0.00766017 -0.00495595
internal_weight=2.04869e+06 3117 1996 342 2.04557e+06 86124 85789 84993 1455 304 83538 63806 2483 1165 19732 61323 54227 2693 1283 814 7096 1410 6765 3988 2777 1318 911 2388 2154 908
internal_count=2048690 3117 1996 342 2045573 86124 85789 84993 1455 304 83538 63806 2483 1165 19732 61323 54227 2693 1283 814 7096 1410 6765 3988 2777 1318 911 2388 2154 908
is_linear=0
shrinkage=0.05


Tree=288
num_leaves=31
num_cat=0
split_feature=16 15 15 17 2 17 18 17 15 17 18 0 14 12 0 0 0 16 12 18 18 12 7 13 17 0 16 12 0 17
split_gain=779.169 687.661 505.435 1220.79 260.962 202.592 155.785 120.53 111.085 1148.56 544.377 1071.66 263.316 181.18 177.439 166.981 166.559 168.762 159.754 117.844 155.538 109.542 99.4742 110.964 150.649 156.113 177.169 118.222 107.64 101.162
threshold=inf 1.0030303030303032 inf 1.5000000000000002 1.0000000180025095e-35 1.0000000180025095e-35 0.99475062000551129 2.5000000000000004 5.6229149576155324 9.5000000000000018 0.99930651872399456 -0.5 1.0000000180025095e-35 8.9166666666666696 -1.0000000180025095e-35 -0.60355339059327362 -0.70710678118654735 8.504937189599767 -1.0000000180025095e-35 -0.081415620641562048 -0.060661764705882346 -0.41666666666666657 2.5000000000000004 1.0000000180025095e-35 11.500000000000002 -1.0000000180025095e-35 7.0597803237334462 4.0833333333333348 0.98296291314453421 149.50000000000003
decision_type=8 8 8 8 2 10 8 10 10 10 10 2 2 2 2 2 2 10 2 10 10 2 2 2 10 2 10 2 2 10
left_child=2 6 8 4 -4 -3 21 -7 22 10 14 13 -13 -12 -10 16 17 -15 -16 -11 -21 -2 29 24 -24 -26 28 -25 -27 -1
right_child=1 5 3 -5 -6 7 -8 -9 9 19 11 12 -14 15 18 -17 -18 -19 -20 20 -22 -23 23 27 25 26 -28 -29 -30 -31
leaf_value=0 0.00073419712270140353 -1.4460508113076735e-05 1.4531448758237345e-09 0 2.1652483440781227e-10 8.4228213142155903e-07 2.1872232159593879e-12 -1.1908589328998142e-05 0.036075608471241673 3.163045611888679e-06 2.3352733303948562e-06 5.8398266027052034e-17 1.8722517545800549e-05 1.4153674671160986e-06 -1.0235342588874423e-07 -4.8497927697280733e-08 3.896977538976461e-06 -3.5004920358932032e-07 -8.9637973239819005e-07 -9.3405517513882045e-07 3.8771120055464874e-13 -0.00030599872730003252 -4.1373506184447119e-12 9.644342651703668e-05 -4.803211151571319e-06 2.7986309422536065e-05 -2.1381429355273351e-07 -0.010081195873405122 -0.0022575771677091575 4.29078906892395e-05
leaf_weight=1400402 56 192 2151 8245 859 145 1634 1003 1750 396 657 7102 779 281 318 374 104 625 2408 555 550348 87 25711 7746 5769 3438 2640 19755 233 2927
leaf_count=1400402 56 192 2151 8245 859 145 1634 1003 1750 396 657 7102 779 281 318 374 104 625 2408 555 550348 87 25711 7746 5769 3438 2640 19755 233 2927
internal_value=0.000124592 0.0251043 8.65283e-05 0.010653 0.037907 -0.0019403 0.045498 0.00601045 2.80684e-05 0.00062339 0.0145645 0.0210945 0.0294569 -0.0111955 8.93655e-05 -0.0214595 -0.0108911 -0.0177704 -0.00788701 0.000259297 0.000239697 -0.00454545 -0.000201243 -0.00210899 -0.000350613 0.00425497 0.00968943 -0.00452529 0.0167938 -0.000112483
internal_weight=2.04869e+06 3117 2.04557e+06 11255 3010 1340 1777 1148 2.03432e+06 565697 14398 9922 7881 2041 4476 1384 1010 906 2726 551299 550903 143 1.46862e+06 65292 37791 12080 6311 27501 3671 1.40333e+06
internal_count=2048690 3117 2045573 11255 3010 1340 1777 1148 2034318 565697 14398 9922 7881 2041 4476 1384 1010 906 2726 551299 550903 143 1468621 65292 37791 12080 6311 27501 3671 1403329
is_linear=0
shrinkage=0.05


Tree=289
num_leaves=31
num_cat=0
split_feature=16 15 15 17 0 0 17 0 0 17 17 1 15 17 0 12 17 16 0 0 0 17 17 15 1 12 12 0 16 15
split_gain=781.674 687.661 509.286 1220.79 250.151 284.693 202.592 155.334 244.67 130.614 120.53 105.076 185.002 1320.25 721.842 509.43 263.51 532.37 735.557 829.289 1113.97 308.723 273.686 704.283 1067.24 546.139 459.042 386.851 271.618 267.471
threshold=inf 1.0030303030303032 inf 1.5000000000000002 -0.5 -0.60355339059327362 1.0000000180025095e-35 -0.9159756150367534 -0.98296291314453399 4.5000000000000009 2.5000000000000004 1.0000000180025095e-35 7.6620886880384136 9.5000000000000018 -0.37940952255126065 8.9166666666666696 11.500000000000002 9.3112612253573541 0.98296291314453421 -1.0000000180025095e-35 -0.60355339059327362 12.500000000000002 15.500000000000002 14.19788232943762 0.98296291314453421 12.91666666666667 14.91666666666667 -0.60355339059327362 6.816965196978976 9.1399428804569585
decision_type=8 8 8 8 2 2 10 2 2 10 10 2 10 10 2 2 10 10 2 2 2 10 10 10 2 2 2 2 10 10
left_child=2 9 11 4 5 7 -3 8 -4 -2 -8 -1 -13 14 -14 -16 17 -15 19 20 -19 29 23 25 26 28 -25 -27 -23 -18
right_child=1 6 3 -5 -6 -7 10 -9 -10 -11 -12 12 13 16 15 -17 21 18 -20 -21 -22 22 -24 24 -26 27 -28 -29 -30 -31
leaf_value=0 2.0778620551614186e-12 -1.3737482707422899e-05 2.2252443958741356e-07 0 1.3804876320325476e-09 -4.4354629237749186e-09 8.0016802485048104e-07 2.0569859268742166e-10 -6.1412971364254763e-09 -0.00022260858833938297 -1.1313159862548234e-05 0 -4.3606559886277092e-08 -1.9202972725305412e-14 3.6684182831056959e-07 2.2661542712165257e-17 7.6360479425599325e-05 1.4886582672263587e-06 -9.9664127764360198e-08 4.3213397032992655e-13 -3.2346924446921556e-08 -0.00078210215673512609 4.4804579031218688e-08 -9.7375426615901116e-05 -1.4452153995275071e-10 3.7498746529264798e-06 1.313824571454921e-12 -1.337007753626543e-06 0.00045769450766608731 -4.8563947282227419e-06
leaf_weight=1009106 1667 192 143 8245 2150 143 145 430 144 110 1003 757366 591 4241 914 3493 437 1015 391 2356 687 910 238684 707 488 687 2941 2545 4125 2634
leaf_count=1009106 1667 192 143 8245 2150 143 145 430 144 110 1003 757366 591 4241 914 3493 437 1015 391 2356 687 910 238684 707 488 687 2941 2545 4125 2634
internal_value=8.44686e-05 0.0251043 4.6344e-05 0.010653 0.037907 0.0151163 -0.0019403 0.0279637 -0.000522648 0.045498 0.00601045 -1.23383e-05 0.000344173 0.00147361 0.0269308 0.0338893 0.000989545 0.00955121 0.0216341 0.0279448 0.00135135 0.000696811 0.000889532 0.0081311 0.0249758 -0.000296359 0.0342654 -0.0163366 0.01 -0.0150602
internal_weight=2.04869e+06 3117 2.04557e+06 11255 3010 860 1340 717 287 1777 1148 2.03432e+06 1.02521e+06 267846 4998 4407 262848 8690 4449 4058 1702 254158 251087 12403 4136 8267 3648 3232 5035 3071
internal_count=2048690 3117 2045573 11255 3010 860 1340 717 287 1777 1148 2034318 1025212 267846 4998 4407 262848 8690 4449 4058 1702 254158 251087 12403 4136 8267 3648 3232 5035 3071
is_linear=0
shrinkage=0.05


Tree=290
num_leaves=31
num_cat=0
split_feature=16 15 15 17 2 17 18 17 1 15 17 0 11 17 15 1 10 15 16 0 0 0 18 18 17 18 18 0 16 17
split_gain=780.945 687.661 508.165 1220.79 260.962 202.592 155.785 120.53 112.003 207.227 1311.01 721.842 487.513 343.105 662.469 1067.24 359.616 356.675 467.421 606.03 753.627 659.913 461.062 319.075 318.568 296.396 291.025 231.595 228.912 218.901
threshold=inf 1.0030303030303032 inf 1.5000000000000002 1.0000000180025095e-35 1.0000000180025095e-35 0.99475062000551129 2.5000000000000004 1.0000000180025095e-35 7.6620886880384136 9.5000000000000018 -0.37940952255126065 8.8333333333333339 15.500000000000002 14.19788232943762 0.98296291314453421 14.500000000000002 10.862227143309083 9.3112612253573541 0.98296291314453421 -1.0000000180025095e-35 -0.60355339059327362 0.99930651872399456 0.92687617260788013 12.500000000000002 0.92005509641873295 0.92687617260788013 -0.9159756150367534 10.39252155005048 150.50000000000003
decision_type=8 8 8 8 2 10 8 10 2 10 10 2 2 10 10 2 2 10 10 2 2 2 10 10 10 10 10 2 10 10
left_child=2 6 8 4 -4 -3 -2 -7 -1 -10 11 27 -13 14 17 16 -16 18 -12 20 21 -20 -23 24 -19 -22 29 -11 -18 -15
right_child=1 5 3 -5 -6 7 -8 -9 9 10 13 12 -14 26 15 -17 28 23 19 -21 25 22 -24 -25 -26 -27 -28 -29 -30 -31
leaf_value=0 -0.0002114781589224138 -1.3050608572051753e-05 1.3114632504309203e-09 0 1.9541366305305058e-10 7.6015962360795695e-07 1.9739689524033475e-12 -1.0747501869420822e-05 0 1.7386961392448476e-06 -1.824282408904014e-14 -3.0111929952771815e-08 2.2387474853230913e-17 7.1547003964632521e-06 8.3908772961919511e-05 -1.3729546295511318e-10 -3.234477416152147e-06 -1.9849129848298303e-07 3.0332340964674729e-06 -9.4680921376142189e-08 -2.1939562392905461e-06 0.049996992458357224 -6.5571767831723159e-08 -2.342765399377455e-06 0.00012728894224735987 4.1052727181343024e-13 -5.6600872307917259e-08 -6.045703396786688e-08 1.2481333428821748e-12 0.020451599622033731
leaf_weight=1009106 143 192 2151 8245 859 145 1634 1003 757366 105 6730 759 3648 103844 652 488 77 1007 2469 415 250 275 728 3245 2564 2345 107261 486 2919 27579
leaf_count=1009106 143 192 2151 8245 859 145 1634 1003 757366 105 6730 759 3648 103844 652 488 77 1007 2469 415 250 275 728 3245 2564 2345 107261 486 2919 27579
internal_value=9.61346e-05 0.0251043 5.80278e-05 0.010653 0.037907 -0.0019403 0.045498 0.00601045 -5.89878e-07 0.000367485 0.00156284 0.0269308 0.0338893 0.00108047 0.00675799 0.0249758 0.0342654 0.00299581 0.00778837 0.0173712 0.0213697 0.00613479 -0.0280658 -0.00629401 0.00401848 0.0417534 0.00050569 -0.0249577 0.0415888 0.00208297
internal_weight=2.04869e+06 3117 2.04557e+06 11255 3010 1340 1777 1148 2.03432e+06 1.02521e+06 267846 4998 4407 262848 24164 4136 3648 20028 13212 6482 6067 3472 1003 6816 3571 2595 238684 591 2996 131423
internal_count=2048690 3117 2045573 11255 3010 1340 1777 1148 2034318 1025212 267846 4998 4407 262848 24164 4136 3648 20028 13212 6482 6067 3472 1003 6816 3571 2595 238684 591 2996 131423
is_linear=0
shrinkage=0.05


Tree=291
num_leaves=31
num_cat=0
split_feature=16 15 15 18 8 2 18 18 10 1 15 15 18 0 0 16 0 16 11 16 0 15 16 0 18 10 12 1 15 0
split_gain=781.705 687.661 509.333 747.638 507.183 271.923 202.592 155.785 109.542 104.791 184.099 692.925 785.132 659.278 407.513 464.788 401.708 351.247 1365.32 262.014 267.846 744.726 271.736 352.735 204.626 498.677 1138.94 917.913 438.075 462.886
threshold=inf 1.0030303030303032 inf 0.99649736228683605 1.5000000000000002 1.0000000180025095e-35 -0.29166666666666657 0.99475062000551129 -1.0000000180025095e-35 1.0000000180025095e-35 7.6620886880384136 10.435599078341015 0.90484574111334692 -1.0000000180025095e-35 0.98296291314453421 9.5723562152133592 -0.9159756150367534 8.9390284491233825 9.1666666666666696 7.0597803237334462 -0.60355339059327362 9.5016129032258085 9.3112612253573541 -0.37940952255126065 0.92687617260788013 14.500000000000002 15.083333333333334 0.98296291314453421 14.19788232943762 0.60355339059327384
decision_type=8 8 8 10 2 2 10 8 2 2 10 10 10 2 2 10 2 10 2 10 2 10 10 2 10 2 2 2 10 2
left_child=2 7 9 -4 5 -5 -3 8 -2 -1 -11 12 -12 16 17 -16 -14 18 -15 -18 21 -21 23 -22 -13 -26 27 28 29 -27
right_child=1 6 3 4 -6 -7 -8 -9 -10 10 11 24 13 14 15 -17 19 -19 -20 20 22 -23 -24 -25 25 26 -28 -29 -30 -31
leaf_value=0 0.00071919160392942317 -1.2398078143449165e-05 0 1.2458900879093741e-09 1.3119501322325306e-05 1.8564297990039808e-10 7.2215164242755912e-07 1.8752705047831802e-12 -0.00026899445357194101 0 3.6684181079990861e-07 8.2244291708522511e-05 8.107451505402563e-06 2.0409091833895449e-17 6.1069909219552182e-09 -8.994687530733508e-08 2.5587399431315275e-09 3.2619257841974844e-13 -1.7352282254423122e-14 -3.1348325258488553e-07 -3.8403380189676212e-08 3.8850437060293514e-07 -6.2293179440136995e-08 2.5587399427108801e-09 -8.4736027398062859e-06 1.8384606945998495e-07 -5.2817602925956244e-08 -1.3043068980735753e-10 1.1857266757380662e-12 -1.1222143558590453e-06
leaf_weight=1009106 56 192 6840 2067 1507 841 1148 1634 87 757366 12429 129207 748 2257 715 384 746 3200 1085 631 270 718 792 264 4075 581 105953 474 2989 328
leaf_count=1009106 56 192 6840 2067 1507 841 1148 1634 87 757366 12429 129207 748 2257 715 384 746 3200 1085 631 270 718 792 264 4075 581 105953 474 2989 328
internal_value=8.39805e-05 0.0251043 4.58551e-05 0.010653 0.0266931 0.0388927 -0.0019403 0.045498 -0.00454545 -1.28299e-05 0.000343197 0.00146987 0.00953216 0.0187638 0.0274899 -0.000682439 0.00277045 0.0322226 0.0208857 -0.00448699 -0.0117944 0.00389177 -0.0277526 -0.000187266 0.000667674 -0.000872378 -0.000237933 0.0247713 0.0327604 0.00236524
internal_weight=2.04869e+06 3117 2.04557e+06 11255 4415 2908 1340 1777 143 2.03432e+06 1.02521e+06 267846 24239 11810 7641 1099 4169 6542 3342 3421 2675 1349 1326 534 243607 114400 110325 4372 3898 909
internal_count=2048690 3117 2045573 11255 4415 2908 1340 1777 143 2034318 1025212 267846 24239 11810 7641 1099 4169 6542 3342 3421 2675 1349 1326 534 243607 114400 110325 4372 3898 909
is_linear=0
shrinkage=0.05


Tree=292
num_leaves=31
num_cat=0
split_feature=16 17 3 12 1 5 17 0 16 14 0 14 8 16 17 0 17 0 10 0 12 14 17 10 12 5 17 16 12 1
split_gain=784.574 458.721 347.983 309.094 77.0759 175.616 953.579 856.434 426.951 589.915 320.108 539.903 225.093 235.513 244.702 319.836 352.723 225.839 165.83 183.104 155.886 149.298 139.766 187.955 138.018 164.829 269.592 843.799 296.781 908.546
threshold=inf 2.5000000000000004 -0.56174490092936669 1.0000000180025095e-35 1.0000000180025095e-35 5.5000000000000009 9.5000000000000018 -0.37940952255126065 8.9390284491233825 1.0000000180025095e-35 -0.9159756150367534 1.0000000180025095e-35 2.5000000000000004 7.3472557955220932 5.5000000000000009 -1.0000000180025095e-35 7.5000000000000009 -1.0000000180025095e-35 4.5000000000000009 0.91597561503675362 4.916666666666667 1.0000000180025095e-35 594.50000000000011 395.50000000000006 4.7500000000000009 8.5000000000000018 15.500000000000002 9.8129297642436164 14.91666666666667 0.98296291314453421
decision_type=8 10 2 2 2 2 10 2 10 2 2 2 2 10 10 2 10 2 2 2 2 2 10 2 2 2 10 10 2 2
left_child=4 2 3 -2 -1 12 7 10 9 -9 -7 -12 -6 14 17 -16 -17 20 19 21 -14 -18 24 -24 -8 -26 27 -27 -29 -30
right_child=1 -3 -4 -5 5 6 22 8 -10 -11 11 -13 13 -15 15 16 18 -19 -20 -21 -22 -23 23 -25 25 26 -28 28 29 -31
leaf_value=0 -1.1778174236276707e-05 -1.0246234358071159e-05 1.781506979544021e-12 6.8604406030618116e-07 0 2.5825509163563644e-06 0.10130886631714855 5.5478352725699433e-17 -1.6242298774772176e-14 -4.1273064406309395e-06 -4.8443850277260279e-08 0.00068268906624880245 -3.53679274101184e-08 7.6121803100080956e-05 -1.2853103754403498e-06 -9.3037782550284063e-07 -1.2913880915598932e-06 5.1546575045870102e-08 -8.4683770738948287e-07 -2.3059285976853154e-06 1.81397192510204e-08 -0.0001553651891657453 1.479127797673949 0.014449345083966848 -0.00068572547823081257 -1.9477813718157008e-14 2.0226836428346666e-08 3.0988294949876104e-13 1.1264403419511629e-12 -1.2390915531698965e-10
leaf_weight=1014487 198 1121 1654 144 728243 728 1685 5556 1160 1410 1383 1059 1708 6197 6730 1379 1571 2707 2226 1022 316 876 1420 4530 12181 10221 223947 8355 4032 444
leaf_count=1014487 198 1121 1654 144 728243 728 1685 5556 1160 1410 1383 1059 1708 6197 6730 1379 1571 2707 2226 1022 316 876 1420 4530 12181 10221 223947 8355 4032 444
internal_value=3.80975e-05 0.0251043 0.039479 -0.00643275 -9.77721e-08 0.000304339 0.00137805 0.0156073 0.0242063 0.0288831 -0.00643533 -0.0151106 -9.22341e-05 -0.00478328 -0.00760453 -0.0109678 -0.0183913 0.00220884 -0.0128973 -0.0197319 -0.0104249 -0.0271557 0.000775631 0.00835294 0.000602802 0.00051007 0.000790084 0.00593875 0.0144767 0.024866
internal_weight=2.04869e+06 3117 1996 342 2.04557e+06 1.03109e+06 278111 11296 8126 6966 3170 2442 752975 24732 18535 13804 7074 4731 5695 3469 2024 2447 266815 5950 260865 259180 246999 23052 12831 4476
internal_count=2048690 3117 1996 342 2045573 1031086 278111 11296 8126 6966 3170 2442 752975 24732 18535 13804 7074 4731 5695 3469 2024 2447 266815 5950 260865 259180 246999 23052 12831 4476
is_linear=0
shrinkage=0.05


Tree=293
num_leaves=31
num_cat=0
split_feature=16 15 15 17 2 17 18 17 18 15 0 16 0 17 17 17 16 17 12 0 16 14 16 0 0 17 0 17 17 0
split_gain=784.376 687.661 513.45 1220.79 260.962 202.592 155.785 120.53 117.714 668.699 299.705 289.638 234.901 767.687 827.944 303.949 205.635 233.027 176.495 205.219 175.514 173.881 159.724 149.018 142.706 136.428 903.168 220.051 131.695 126.99
threshold=inf 1.0030303030303032 inf 1.5000000000000002 1.0000000180025095e-35 1.0000000180025095e-35 0.99475062000551129 2.5000000000000004 -1.0000000180025095e-35 2.6006756756756761 -0.98296291314453399 20.792503881126638 -0.98296291314453399 5.5000000000000009 1.5000000000000002 35.500000000000007 10.39252155005048 35.500000000000007 -0.91666666666666663 -0.5 53.333929636255228 2.5953674356106835 9.3112612253573541 -0.37940952255126065 0.25881904510252091 49.500000000000007 0.12940952255126045 106.00000000000001 20.500000000000004 -0.25881904510252113
decision_type=8 8 8 8 2 10 8 10 8 10 2 10 2 10 10 10 10 10 2 2 10 2 10 2 2 10 2 10 10 2
left_child=2 6 8 4 -4 -3 -2 -7 9 12 22 29 13 14 -1 -15 18 23 25 -20 -13 -21 -11 -18 -22 -14 27 -27 -25 -12
right_child=1 5 3 -5 -6 7 -8 -9 -10 10 11 20 16 15 -16 -17 17 -19 19 21 24 -23 -24 28 -26 26 -28 -29 -30 -31
leaf_value=-1.567769165206466e-11 -0.00018694221657979248 -1.1189265524462871e-05 1.1835955835139053e-09 0 1.7636083090537816e-10 6.5174185729087212e-07 1.6924316305668199e-12 -9.7339226401675999e-06 0 2.3199283483665571e-05 -1.7283092581056454e-07 5.2370797436513491e-05 0 -4.7683111285579511e-08 4.9107426629739538e-10 6.6519845266441338e-07 -2.264536717960171e-07 0 -0.002650430925477989 -0.00011017116567084663 -0.0059473126305164296 0.00013992853315762766 -0.019271417866971299 -3.3031341080499972e-09 8.386629009550289e-05 -2.2646117172421189e-07 -4.7865301110582753e-06 6.7727523546873346e-05 7.4999281947698861e-12 -6.0275239539482943e-08
leaf_weight=335 143 192 2151 8245 859 145 1634 1003 1939499 421 5490 2342 65428 1211 741 346 260 1694 601 442 1578 674 355 104 1670 117 976 556 1154 8324
leaf_count=335 143 192 2151 8245 859 145 1634 1003 1939499 421 5490 2342 65428 1211 741 346 260 1694 601 442 1578 674 355 104 1670 117 976 556 1154 8324
internal_value=4.12703e-05 0.0251043 3.07982e-06 0.010653 0.037907 -0.0019403 0.045498 0.00601045 -5.58418e-05 -0.00177602 -0.00985134 -0.0110699 0.000407294 -0.0142613 0.0182156 -0.0367052 0.000943671 0.0133095 0.000366311 -0.015463 -0.00146691 -0.00277778 0.0206186 0.0275362 -0.00899015 0.000771501 -0.0134324 0.0311293 0.0346582 -0.0149558
internal_weight=2.04869e+06 3117 2.04557e+06 11255 3010 1340 1777 1148 2.03432e+06 94819 20180 19404 74639 2633 1076 1557 72006 3212 68794 1717 5590 1116 776 1518 3248 67077 1649 673 1258 13814
internal_count=2048690 3117 2045573 11255 3010 1340 1777 1148 2034318 94819 20180 19404 74639 2633 1076 1557 72006 3212 68794 1717 5590 1116 776 1518 3248 67077 1649 673 1258 13814
is_linear=0
shrinkage=0.05


Tree=294
num_leaves=31
num_cat=0
split_feature=15 17 2 1 1 5 17 0 18 15 14 0 14 10 17 12 1 15 0 12 18 17 15 15 17 17 0 0 0 14
split_gain=447.252 1406.51 267.104 138.271 87.2123 170.657 937.082 868.052 458.388 400.281 789.14 329.734 553.025 263.355 231.601 802.255 895.998 546.876 429.599 252.785 244.221 269.812 391.315 241.951 474.781 667.35 512.89 718.385 1191.37 250.828
threshold=inf 1.5000000000000002 1.0000000180025095e-35 0.98296291314453421 1.0000000180025095e-35 5.5000000000000009 9.5000000000000018 -0.37940952255126065 0.99930651872399456 3.0915071770334932 1.0000000180025095e-35 -0.9159756150367534 1.0000000180025095e-35 2.5000000000000004 15.500000000000002 14.91666666666667 0.98296291314453421 14.19788232943762 0.60355339059327384 12.91666666666667 0.92687617260788013 150.50000000000003 127.26232394366198 9.8576036866359456 11.500000000000002 12.500000000000002 0.98296291314453421 -1.0000000180025095e-35 -0.60355339059327362 1.0000000180025095e-35
decision_type=8 8 2 2 2 2 10 2 10 10 2 2 2 2 10 2 2 10 2 2 10 10 10 10 10 10 2 2 2 2
left_child=4 2 -2 -3 -1 9 7 11 -9 -6 -11 -7 -13 -12 15 19 17 18 -17 23 21 22 -16 -8 26 29 27 28 -25 -26
right_child=1 3 -4 -5 5 6 14 8 -10 10 13 12 -14 -15 20 16 -18 -19 -20 -21 -22 -23 -24 24 25 -27 -28 -29 -30 -31
leaf_value=0 1.12441580433821e-09 0 1.6754278936010925e-10 -1.0629802248239727e-05 0 2.453423370538546e-06 -1.5489178085959126e-14 1.9579553073849028e-07 5.2704435089414464e-17 -9.8847504198220557e-07 0.083470371344632185 -4.6021657763397265e-08 0.00064855414103450696 -5.633342913120305e-05 6.1309761286754765e-05 1.7465370966496862e-07 -1.1771369755114019e-10 1.0701183248536047e-12 -1.0661036943881102e-06 -6.309680813996013e-06 -5.8984674240754422e-08 0.028907931561438307 -0.05754578208881507 5.8915989175074971e-06 -6.8655592493192915e-06 0.00011874224672512241 -8.544954703611579e-08 3.3608081778154991e-13 -2.4336346355129943e-08 0.00090387522485027994
leaf_weight=1009106 2294 8245 859 370 717608 716 12806 1733 6340 20224 4590 1367 1048 8215 98855 817 456 2941 314 2882 108601 26296 2099 770 1798 3272 466 2334 739 529
leaf_count=1009106 2294 8245 859 370 717608 716 12806 1733 6340 20224 4590 1367 1048 8215 98855 817 456 2941 314 2882 108601 26296 2099 770 1798 3272 466 2334 739 529
internal_value=9.95026e-05 0.009819 0.038392 -0.000638421 4.33497e-05 0.000367527 0.00142778 0.0155926 0.0242599 -2.39796e-05 -0.00540586 -0.00675503 -0.0155901 0.00430691 0.000831093 0.0049595 0.0243595 0.0318026 0.00225464 0.00152758 0.000303793 0.00179018 0.000615132 0.00329753 0.00916431 -0.000437578 0.0216408 0.0276477 0.000762094 -0.0209067
internal_weight=2.04869e+06 11768 3153 8615 2.03692e+06 1.02782e+06 277179 11204 8073 750637 33029 3131 2415 12805 265975 30124 4528 4072 1131 25596 235851 127250 100954 22714 9908 5599 4309 3843 1509 2327
internal_count=2048690 11768 3153 8615 2036922 1027816 277179 11204 8073 750637 33029 3131 2415 12805 265975 30124 4528 4072 1131 25596 235851 127250 100954 22714 9908 5599 4309 3843 1509 2327
is_linear=0
shrinkage=0.05


Tree=295
num_leaves=31
num_cat=0
split_feature=16 15 15 18 5 0 0 18 0 0 18 12 1 5 9 18 0 0 15 5 0 5 15 16 15 0 14 14 8 0
split_gain=782.154 685.499 506.947 747.638 507.934 265.129 285.134 203.228 163.218 263.282 155.785 109.542 71.619 204.731 550.934 731.168 923.019 534.214 459.767 1415.25 458.112 503.062 392.304 343.838 306.805 544.589 460.248 413.105 248.824 245.042
threshold=inf 1.0030303030303032 inf 0.99649736228683605 1.5000000000000002 -0.5 -0.60355339059327362 -0.29166666666666657 -0.9159756150367534 -0.98296291314453399 0.99475062000551129 -0.41666666666666657 1.0000000180025095e-35 5.5000000000000009 15.500000000000002 0.99930651872399456 0.12940952255126045 -0.9159756150367534 14.19788232943762 11.500000000000002 -0.37940952255126065 9.5000000000000018 59.109821428571429 55.405923733452276 9.5016129032258085 -0.60355339059327362 1.0000000180025095e-35 1.0000000180025095e-35 2.5000000000000004 0.98296291314453421
decision_type=8 8 8 10 2 2 2 10 2 2 8 2 2 2 2 10 2 2 10 2 2 2 10 10 10 2 2 2 2 2
left_child=2 10 12 -4 5 6 8 -3 9 -5 11 -2 -1 22 15 23 17 -17 19 29 24 -22 28 -15 26 27 -19 -26 -14 -18
right_child=1 7 3 4 -6 -7 -8 -9 -10 -11 -12 -13 13 14 -16 16 18 20 -20 -21 21 -23 -24 -25 25 -27 -28 -29 -30 -31
leaf_value=0 0.00069309144627984528 -1.0098312135827741e-05 0 2.1136196959488196e-07 1.2463526256206268e-05 1.0681950141212996e-09 -4.2499377907471196e-09 6.1909854363611162e-07 1.5916564989210376e-10 -5.8704802927651498e-09 1.6078100490384789e-12 -0.00024568530834645079 0 1.7919606457697865e-05 2.1080552508522727e-09 2.4897011833872412e-06 5.0069213334943743e-17 -7.3301501703665282e-08 1.0166124086109243e-12 -2.6104019667679664e-06 1.0487610376270432e-16 -1.1182801267358318e-10 -0.0072345807912671707 0.66533448988004007 5.5970189716321223e-06 -5.7961718644521136e-08 0.00014773004885035838 -0.0080809843258424861 -7.2800191190429407e-07 5.8016413704483169e-09
leaf_weight=1009106 56 192 6840 140 1513 2072 140 1148 411 139 1634 87 721938 43920 208017 1296 6811 2100 2882 1611 1708 2641 2456 1566 715 747 802 240 24374 1388
leaf_count=1009106 56 192 6840 140 1513 2072 140 1148 411 139 1634 87 721938 43920 208017 1296 6811 2100 2882 1611 1708 2641 2456 1566 715 747 802 240 24374 1388
internal_value=0.000108874 0.0251363 7.07381e-05 0.010653 0.0266931 0.0389387 0.0150602 -0.00186567 0.0282609 -0.00125448 0.045498 -0.00454545 1.21908e-05 0.000306522 0.00146938 0.00536119 0.0126389 0.00147819 0.0216514 0.0164934 -0.00286496 0.00877213 -0.000122802 0.00169063 -0.0138575 0.00299647 -0.0237422 0.0280105 -5.71477e-05 0.0249116
internal_weight=2.04869e+06 3117 2.04557e+06 11255 4415 2902 830 1340 690 279 1777 143 2.03432e+06 1.02521e+06 276444 68427 22941 10249 12692 9810 8953 4349 748768 45486 4604 1702 2902 955 746312 8199
internal_count=2048690 3117 2045573 11255 4415 2902 830 1340 690 279 1777 143 2034318 1025212 276444 68427 22941 10249 12692 9810 8953 4349 748768 45486 4604 1702 2902 955 746312 8199
is_linear=0
shrinkage=0.05


Tree=296
num_leaves=31
num_cat=0
split_feature=16 17 3 11 1 17 10 17 2 14 9 7 1 13 11 17 0 0 14 16 12 17 17 12 1 12 0 17 16 0
split_gain=781.349 456.676 347.983 309.094 75.3448 135.053 177.164 97.3517 95.4588 185.748 149.296 128.349 104.05 94.1947 94.9242 710.693 733.619 353.536 487.412 345.48 604.191 796.885 180.358 844.809 906.325 219.775 265.565 277.901 747.568 1080.14
threshold=inf 2.5000000000000004 -0.56174490092936669 1.0000000180025095e-35 1.0000000180025095e-35 594.50000000000011 383.50000000000006 732.00000000000011 -0.60785761079279388 7.0759748703074061 45.500000000000007 468.50000000000006 -0.78656609248549325 18.236085210366927 5.5000000000000009 9.5000000000000018 -0.37940952255126065 -0.9159756150367534 1.0000000180025095e-35 8.9390284491233825 8.9166666666666696 7.5000000000000009 15.500000000000002 14.91666666666667 0.98296291314453421 12.91666666666667 -1.0000000180025095e-35 11.500000000000002 9.3112612253573541 0.98296291314453421
decision_type=8 10 2 2 2 10 2 10 2 2 2 2 2 2 2 10 2 2 2 10 2 10 10 2 2 2 2 10 10 2
left_child=4 2 3 -2 7 13 -7 8 9 11 -11 -1 -12 14 -6 16 17 -16 -19 20 21 -18 23 25 -25 26 -17 28 -28 -30
right_child=1 -3 -4 -5 5 6 -8 -9 -10 10 12 -13 -14 -15 15 22 19 18 -20 -21 -22 -23 -24 24 -26 -27 27 -29 29 -31
leaf_value=0 -9.5933965290363546e-06 -9.2752322016289863e-06 1.5274195465865551e-12 5.8814361645430597e-07 0 1.4802800693126585 0.014361243622921667 -0.61325029185138646 0 0.0064121157266573336 -0.52576509120633008 0.25044715747896301 -0.12272787979039174 -0.11999197879360068 2.38139656236609e-06 -2.8086623599488985e-08 9.9632298574569115e-17 -4.0055499790044134e-08 0.00039561307404790779 -1.5435322518454787e-14 1.984783309343069e-17 -6.311515089437072e-07 2.0026524883096593e-09 9.6578178818037824e-13 -1.0623661203990403e-10 -5.9682497578619634e-06 3.4354425527390075e-15 -4.8534836784299976e-06 3.4553191770321802e-13 -8.1467151752832417e-08
leaf_weight=284932 198 1121 1654 144 752408 1346 4621 1823 718741 2331 3566 773 2321 1021 736 10506 1249 1383 1012 1159 3575 2109 230283 4089 451 2881 4475 4977 2409 396
leaf_count=284932 198 1121 1654 144 752408 1346 4621 1823 718741 2331 3566 773 2321 1021 736 10506 1249 1383 1012 1159 3575 2109 230283 4089 451 2881 4475 4977 2409 396
internal_value=0.000121761 0.0251363 0.039479 -0.00643275 8.3644e-05 0.000384643 0.00788503 -0.00022228 -0.000201498 -0.000960626 -0.00837187 -0.000747449 -0.0126125 0.000340985 0.000356118 0.0011572 0.0134768 -0.00707442 -0.0163883 0.0214286 0.0256527 0.0104229 0.000626375 0.00426054 0.024141 0.000740914 0.00238765 0.00738762 0.0136126 0.0338503
internal_weight=2.04869e+06 3117 1996 342 2.04557e+06 1.03109e+06 5967 1.01449e+06 1.01266e+06 293923 8218 285705 5887 1.02512e+06 1.0241e+06 271690 11223 3131 2395 8092 6933 3358 260467 30184 4540 25644 22763 12257 7280 2805
internal_count=2048690 3117 1996 342 2045573 1031086 5967 1014487 1012664 293923 8218 285705 5887 1025119 1024098 271690 11223 3131 2395 8092 6933 3358 260467 30184 4540 25644 22763 12257 7280 2805
is_linear=0
shrinkage=0.05


Tree=297
num_leaves=31
num_cat=0
split_feature=15 17 2 1 1 5 17 0 15 0 0 12 17 12 17 17 12 5 0 12 17 17 12 1 15 0 12 0 15 15
split_gain=445.049 1406.51 267.104 138.271 97.7881 120.461 696.454 716.264 375.867 610.515 330.441 502.378 319.125 290.533 788.147 241.775 223.284 191.435 181.114 166.898 190.362 164.745 860.378 895.998 546.876 429.599 213.659 263.532 283.898 654.806
threshold=inf 1.5000000000000002 1.0000000180025095e-35 0.98296291314453421 1.0000000180025095e-35 5.5000000000000009 9.5000000000000018 -0.37940952255126065 3.0915071770334932 -0.37940952255126065 -0.9159756150367534 8.9166666666666696 8.5000000000000018 8.9166666666666696 7.5000000000000009 8.5000000000000018 1.0000000180025095e-35 -1.0000000180025095e-35 0.91597561503675362 1.9166666666666667 5.5000000000000009 15.500000000000002 14.91666666666667 0.98296291314453421 14.19788232943762 0.60355339059327384 12.91666666666667 -1.0000000180025095e-35 10.435599078341015 9.8576036866359456
decision_type=8 8 2 2 2 2 10 2 10 2 2 2 10 2 10 10 2 2 2 2 10 10 2 2 10 2 2 2 10 10
left_child=4 2 -2 -3 -1 8 7 10 -6 16 -7 15 19 14 -9 -12 -10 -14 -19 -11 -21 22 26 24 25 -24 27 -8 29 -29
right_child=1 3 -4 -5 5 6 21 13 9 12 11 -13 17 -15 -16 -17 -18 18 -20 20 -22 -23 23 -25 -26 -27 -28 28 -30 -31
leaf_value=0 1.0147852634152345e-09 0 1.5120736739749859e-10 -9.1137267025845376e-06 0 2.0871973147239522e-06 -4.0239403550923067e-08 9.4650683645840675e-17 -5.6565275575833108e-06 5.2535024739005609e-08 -7.7950217077060701e-08 -3.8052724800541931e-08 -1.4375969079896448e-06 1.8855441438759156e-17 -5.9959393349652188e-07 0.0010462876871752073 0.019987222775889508 -1.2452897500110831e-06 0.00012296892022160244 1.3479861558219973e-07 -7.9804106655433766e-07 2.1959192932008957e-08 2.9644066362805783e-07 -1.0092478143790882e-10 9.1749269877135922e-13 -8.8227845961939571e-07 -5.669837269968865e-06 3.6649877129753423e-13 -4.6108095109765366e-06 2.603056617889178e-13
leaf_weight=1009106 2294 8245 859 370 717608 716 10473 1237 4948 263 593 945 6160 4706 2130 877 10138 7560 2263 202 1495 235851 817 456 2941 314 2882 6203 3159 2879
leaf_count=1009106 2294 8245 859 370 717608 716 10473 1237 4948 263 593 945 6160 4706 2130 877 10138 7560 2263 202 1495 235851 817 456 2941 314 2882 6203 3159 2879
internal_value=0.000123469 0.009819 0.038392 -0.000638421 6.74547e-05 0.000410725 0.00130151 0.013513 8.17972e-05 -0.00513337 -0.00678697 -0.0156315 -0.0113665 0.0213861 0.0101723 0.00265306 0.00228026 -0.00903147 -0.00469816 -0.0304082 -0.036152 0.000787104 0.00426902 0.0243595 0.0318026 0.00225464 0.000714955 0.00234217 0.00732375 0.0118146
internal_weight=2.04869e+06 11768 3153 8615 2.03692e+06 1.02782e+06 277179 11204 750637 33029 3131 2415 17943 8073 3367 1470 15086 15983 9823 1960 1697 265975 30124 4528 4072 1131 25596 22714 12241 9082
internal_count=2048690 11768 3153 8615 2036922 1027816 277179 11204 750637 33029 3131 2415 17943 8073 3367 1470 15086 15983 9823 1960 1697 265975 30124 4528 4072 1131 25596 22714 12241 9082
is_linear=0
shrinkage=0.05


Tree=298
num_leaves=31
num_cat=0
split_feature=15 17 2 1 1 17 18 8 13 18 15 15 14 13 18 15 17 1 1 17 17 17 0 0 15 18 15 17 0 0
split_gain=446.26 1406.51 267.104 138.271 90.514 119.959 185.358 88.28 301.647 206.926 198.216 187.018 239.55 828.183 258.939 181.346 378.784 241.808 190.6 325.972 259.835 226.732 343.256 342.743 187.937 178.823 296.626 166.338 142.326 139.98
threshold=inf 1.5000000000000002 1.0000000180025095e-35 0.98296291314453421 1.0000000180025095e-35 594.50000000000011 0.82364210051836839 -1.0000000180025095e-35 1.0000000180025095e-35 0.52981050968577503 0.95864918780279296 0.93450283438026671 1.0000000180025095e-35 1.0000000180025095e-35 0.96326902320561258 3.9726650062266504 17.500000000000004 -0.3794095225512602 -0.9159756150367534 187.50000000000003 12.500000000000002 30.500000000000004 -0.98296291314453399 0.37940952255126054 161.24342105263159 0.98938984577282463 0.82160537482319673 106.00000000000001 1.0000000180025095e-35 -0.98296291314453399
decision_type=8 8 2 2 2 10 10 2 2 8 10 10 2 2 8 10 10 2 2 10 10 10 2 2 10 8 10 10 2 2
left_child=4 2 -2 -3 7 -6 -7 8 10 -10 -1 12 14 25 -9 16 -12 27 19 20 28 22 -20 -24 -23 -14 -27 -18 -17 -15
right_child=1 3 -4 -5 5 6 -8 11 9 -11 15 -13 13 29 -16 18 17 -19 21 -21 -22 24 23 -25 -26 26 -28 -29 -30 -31
leaf_value=0 9.6404600024447298e-10 0 1.4364699902762364e-10 -8.6580403674553102e-06 0 0.86131501554886902 0.0048609747695341514 0 -0.0076386184129071822 0.010665988902516171 0 0 -1.7780572075727868e-06 0.00048085415474996904 0 -8.6819756298705096e-05 1.9921883586883693e-11 3.7870322296149924e-07 1.8519171521892193e-05 0.0011693406753962058 -2.5864602441567513e-05 4.5735827016069872e-05 -8.2538681660782292e-05 7.0718058899498046e-08 -0.0056303078945489715 -1.9483057802221477e-09 1.5491252303541096e-08 -7.3313505165345467e-06 7.0718058899498046e-08 -3.0930111146016026e-05
leaf_weight=346745 2294 8245 859 370 1021855 2021 3940 14753 263 1368 4186 572815 3518 775 44618 65 1542 539 342 200 1308 3497 1116 1027 170 1944 486 61 246 7522
leaf_count=346745 2294 8245 859 370 1021855 2021 3940 14753 263 1368 4186 572815 3518 775 44618 65 1542 539 342 200 1308 3497 1116 1027 170 1944 486 61 246 7522
internal_value=0.00011029 0.009819 0.038392 -0.000638421 5.41994e-05 0.000384456 0.0074568 -0.00028218 0.00034218 0.0217964 0.000245261 -0.000632473 -0.00300478 -0.00882766 -0.00160769 0.00601441 0.0123341 0.0294351 0.000997365 -0.0132216 -0.0206609 0.00520156 -0.00645875 -0.0138824 0.0131034 -0.0230666 -0.0334979 0.0391765 0.020418 0.00138002
internal_weight=2.04869e+06 11768 3153 8615 2.03692e+06 1.02782e+06 5961 1.00911e+06 362675 1631 361044 646431 73616 14245 59371 14299 6328 2142 7971 1819 1619 6152 2485 2143 3667 5948 2430 1603 311 8297
internal_count=2048690 11768 3153 8615 2036922 1027816 5961 1009106 362675 1631 361044 646431 73616 14245 59371 14299 6328 2142 7971 1819 1619 6152 2485 2143 3667 5948 2430 1603 311 8297
is_linear=0
shrinkage=0.05


Tree=299
num_leaves=31
num_cat=0
split_feature=16 17 3 12 1 5 17 0 16 12 17 0 14 8 16 17 17 12 16 14 17 12 1 0 0 12 0 17 16 0
split_gain=782.155 456.676 347.983 309.094 66.9649 114.737 703.853 723.592 344.559 609.593 784.438 328.49 492.432 318.909 191.247 204.27 397.238 157.348 141.82 126.922 120.149 740.697 857.153 243.265 239.404 207.753 221.737 236.993 847.656 1080.85
threshold=inf 2.5000000000000004 -0.56174490092936669 1.0000000180025095e-35 1.0000000180025095e-35 5.5000000000000009 9.5000000000000018 -0.37940952255126065 8.9390284491233825 8.9166666666666696 7.5000000000000009 -0.9159756150367534 1.0000000180025095e-35 3.5000000000000004 7.3472557955220932 5.5000000000000009 8.5000000000000018 4.916666666666667 3.6957483665668724 1.0000000180025095e-35 15.500000000000002 14.91666666666667 0.98296291314453421 -0.37940952255126065 -0.60355339059327362 12.91666666666667 -1.0000000180025095e-35 11.500000000000002 9.3112612253573541 0.98296291314453421
decision_type=8 10 2 2 2 2 10 2 10 2 10 2 2 2 10 10 10 2 10 2 10 2 2 2 2 2 2 10 10 2
left_child=4 2 3 -2 -1 13 7 11 9 10 -9 -7 18 -6 15 17 19 -15 -13 -17 21 25 23 24 -23 26 -8 28 -28 -30
right_child=1 -3 -4 -5 5 6 20 8 -10 -11 -12 12 -14 14 -16 16 -18 -19 -20 -21 -22 22 -24 -25 -26 -27 27 -29 29 -31
leaf_value=0 -8.2251383490825445e-06 -8.8125685511941375e-06 1.4510485692572275e-12 5.5863749406840775e-07 0 1.9828374489877545e-06 -1.9697636279219165e-08 8.9918149463548641e-17 -1.4664499164603983e-14 1.7912669366821199e-17 -5.6961423682169575e-07 3.2339887699086491e-08 0.00053664536538096331 -0.0022715447528255436 1.4522522784900401e-05 -7.5813901322662086e-07 -1.1830252625105289e-06 1.2972902759283222e-07 -3.6150088560514832e-08 -0.0042263383605988941 2.0861233285408508e-08 2.8215797153102517e-06 -9.5878542366013392e-11 8.716180638327914e-13 -3.9752986096296708e-08 -5.3863454064704219e-06 -1.3839284535152179e-15 -4.3802690189596708e-06 3.1524003872861125e-13 -7.7393807180473895e-08
leaf_weight=1014487 198 1121 1654 144 737003 728 10531 1259 1160 3575 2132 202 1059 661 5236 1364 7493 600 1181 618 236628 441 451 3478 170 2881 4479 4954 2406 396
leaf_count=1014487 198 1121 1654 144 737003 728 10531 1259 1160 3575 2132 202 1059 661 5236 1364 7493 600 1181 618 236628 441 451 3478 170 2881 4479 4954 2406 396
internal_value=0.00010885 0.0251363 0.039479 -0.00643275 7.07137e-05 0.000354481 0.00122235 0.0134472 0.0213512 0.0255527 0.0103657 -0.00681388 -0.015602 3.39321e-05 -0.00695592 -0.0107768 -0.0132929 0.00812847 -0.0352495 -0.0331988 0.000704795 0.00367542 0.0222907 0.029506 0.000409165 0.000380161 0.00198102 0.00655905 0.0122991 0.0338687
internal_weight=2.04869e+06 3117 1996 342 2.04557e+06 1.03109e+06 278111 11296 8126 6966 3391 3170 2442 752975 15972 10736 9475 1261 1383 1982 266815 30187 4540 4089 611 25647 22766 12235 7281 2802
internal_count=2048690 3117 1996 342 2045573 1031086 278111 11296 8126 6966 3391 3170 2442 752975 15972 10736 9475 1261 1383 1982 266815 30187 4540 4089 611 25647 22766 12235 7281 2802
is_linear=0
shrinkage=0.05


end of trees

feature_importances:
hour_sin=1370
park_capacity=1170
park_hour_mean=1168
hour_cos=1035
park_dow_mean=814
occupancy_ratio=682
lag_6=606
roll_std_6=433
lag_1=428
roll_mean_6=326
roll_std_3=262
lag_5=179
roll_mean_3=150
dow_sin=128
lag_4=72
lag_3=67
dow_cos=58
lag_2=47
is_weekend=5

parameters:
[boosting: gbdt]
[objective: regression_l1]
[metric: l1]
[tree_learner: serial]
[device_type: cpu]
[data_sample_strategy: bagging]
[data: ]
[valid: ]
[num_iterations: 300]
[learning_rate: 0.05]
[num_leaves: 31]
[num_threads: 8]
[seed: 0]
[deterministic: 0]
[force_col_wise: 0]
[force_row_wise: 0]
[histogram_pool_size: -1]
[max_depth: -1]
[min_data_in_leaf: 20]
[min_sum_hessian_in_leaf: 0.001]
[bagging_fraction: 0.8]
[pos_bagging_fraction: 1]
[neg_bagging_fraction: 1]
[bagging_freq: 0]
[bagging_seed: 3]
[bagging_by_query: 0]
[feature_fraction: 0.8]
[feature_fraction_bynode: 1]
[feature_fraction_seed: 2]
[extra_trees: 0]
[extra_seed: 6]
[early_stopping_round: 0]
[early_stopping_min_delta: 0]
[first_metric_only: 0]
[max_delta_step: 0]
[lambda_l1: 0]
[lambda_l2: 0]
[linear_lambda: 0]
[min_gain_to_split: 0]
[drop_rate: 0.1]
[max_drop: 50]
[skip_drop: 0.5]
[xgboost_dart_mode: 0]
[uniform_drop: 0]
[drop_seed: 4]
[top_rate: 0.2]
[other_rate: 0.1]
[min_data_per_group: 100]
[max_cat_threshold: 32]
[cat_l2: 10]
[cat_smooth: 10]
[max_cat_to_onehot: 4]
[top_k: 20]
[monotone_constraints: ]
[monotone_constraints_method: basic]
[monotone_penalty: 0]
[feature_contri: ]
[forcedsplits_filename: ]
[refit_decay_rate: 0.9]
[cegb_tradeoff: 1]
[cegb_penalty_split: 0]
[cegb_penalty_feature_lazy: ]
[cegb_penalty_feature_coupled: ]
[path_smooth: 0]
[interaction_constraints: ]
[verbosity: -1]
[saved_feature_importance_type: 0]
[use_quantized_grad: 0]
[num_grad_quant_bins: 4]
[quant_train_renew_leaf: 0]
[stochastic_rounding: 1]
[linear_tree: 0]
[max_bin: 255]
[max_bin_by_feature: ]
[min_data_in_bin: 3]
[bin_construct_sample_cnt: 200000]
[data_random_seed: 1]
[is_enable_sparse: 1]
[enable_bundle: 1]
[use_missing: 1]
[zero_as_missing: 0]
[feature_pre_filter: 1]
[pre_partition: 0]
[two_round: 0]
[header: 0]
[label_column: ]
[weight_column: ]
[group_column: ]
[ignore_column: ]
[categorical_feature: ]
[forcedbins_filename: ]
[precise_float_parser: 0]
[parser_config_file: ]
[objective_seed: 5]
[num_class: 1]
[is_unbalance: 0]
[scale_pos_weight: 1]
[sigmoid: 1]
[boost_from_average: 1]
[reg_sqrt: 0]
[alpha: 0.9]
[fair_c: 1]
[poisson_max_delta_step: 0.7]
[tweedie_variance_power: 1.5]
[lambdarank_truncation_level: 30]
[lambdarank_norm: 1]
[label_gain: ]
[lambdarank_position_bias_regularization: 0]
[eval_at: ]
[multi_error_top_k: 1]
[auc_mu_weights: ]
[num_machines: 1]
[local_listen_port: 12400]
[time_out: 120]
[machine_list_filename: ]
[machines: ]
[gpu_platform_id: -1]
[gpu_device_id: -1]
[gpu_use_dp: 0]
[num_gpu: 1]

end of parameters

pandas_categorical:[]
