ParkingSpaceId,ParkingMeterStatus,OccupancyStatus,OccupancyDateChanged
10006A,N,O,03/27/2026 11:39:16 AM
10006B,N,O,03/27/2026 11:57:46 AM
10007A,N,O,03/27/2026 07:57:45 AM
10007B,N,O,03/27/2026 07:57:45 AM
10008A,N,O,03/27/2026 09:50:53 AM
10008B,N,O,03/27/2026 07:58:11 AM
10009A,N,O,03/27/2026 12:07:20 PM
10009B,N,O,03/27/2026 10:02:20 AM
10010A,N,O,03/27/2026 11:43:31 AM
10010B,N,O,03/27/2026 11:32:10 AM
10012A,N,O,03/27/2026 07:58:00 AM
10012B,N,O,03/27/2026 07:57:47 AM
10013A,N,O,03/27/2026 12:11:44 PM
10013B,N,O,03/27/2026 12:11:44 PM
10014A,N,O,03/27/2026 07:56:06 AM
10014B,N,O,03/27/2026 10:20:37 AM
10015A,N,O,03/27/2026 09:22:28 AM
10015B,N,O,03/27/2026 12:22:06 PM
1001A,N,O,03/27/2026 12:26:02 PM
10021A,N,O,03/27/2026 09:06:57 AM
10021B,N,O,03/27/2026 10:40:59 AM
10022A,N,O,03/27/2026 09:14:50 AM
10022B,N,O,03/27/2026 08:42:03 AM
10023A,N,O,03/27/2026 08:52:21 AM
10023B,N,V,03/27/2026 11:49:36 AM
10024A,N,V,03/27/2026 12:13:20 PM
10024B,N,O,03/27/2026 09:19:42 AM
10025A,N,O,03/27/2026 12:16:20 PM
10025B,N,O,03/27/2026 12:14:18 PM
10026A,N,O,03/27/2026 08:28:48 AM
10026B,N,O,03/27/2026 08:28:48 AM
10027A,N,O,03/27/2026 08:27:52 AM
10028A,N,O,03/27/2026 06:56:48 AM
10028B,N,O,03/27/2026 10:09:29 AM
10029A,N,O,03/27/2026 11:08:54 AM
10029B,N,O,03/27/2026 10:49:47 AM
1002A,N,O,03/27/2026 12:17:29 PM
10030A,N,V,03/27/2026 12:27:22 PM
10030B,N,O,03/27/2026 06:59:49 AM
10031A,N,O,03/27/2026 12:08:21 PM
10031B,N,O,03/27/2026 12:19:15 PM
10033B,N,O,03/27/2026 11:46:59 AM
10034A,N,O,03/27/2026 09:30:06 AM
10034B,N,O,03/27/2026 09:50:26 AM
10035A,N,O,03/27/2026 10:24:24 AM
10035B,N,O,03/27/2026 11:57:48 AM
10036A,N,O,03/27/2026 06:58:53 AM
10036B,N,O,03/27/2026 09:08:33 AM
10037A,N,O,03/27/2026 08:58:15 AM
10037B,N,O,03/27/2026 12:18:28 PM
10038A,N,O,03/27/2026 10:55:38 AM
10039A,N,O,03/27/2026 11:58:25 AM
10039B,N,O,03/27/2026 12:08:54 PM
1003B,N,O,03/27/2026 11:26:47 AM
10040A,N,O,03/27/2026 12:09:03 PM
10040B,N,O,03/27/2026 11:09:48 AM
10041A,N,O,03/27/2026 09:08:05 AM
10041B,N,O,03/27/2026 10:57:49 AM
10042A,N,O,03/27/2026 11:33:28 AM
10042B,N,V,03/27/2026 12:26:35 PM
10057A,N,O,03/27/2026 10:08:39 AM
10057B,N,V,03/27/2026 11:57:11 AM
10058A,N,O,03/27/2026 10:39:15 AM
10058B,N,O,03/26/2026 11:08:27 PM
10059A,N,O,03/27/2026 08:25:55 AM
10059B,N,O,03/27/2026 12:22:45 PM
1006B,N,O,03/27/2026 10:34:02 AM
10072A,N,O,03/27/2026 11:59:52 AM
10073A,N,O,03/27/2026 07:57:45 AM
10073B,N,O,03/27/2026 12:15:11 PM
10074A,N,O,03/27/2026 07:55:43 AM
10074B,N,O,03/27/2026 10:13:00 AM
10075A,N,O,03/27/2026 07:59:49 AM
10075B,N,O,03/27/2026 11:41:38 AM
10083A,N,O,03/27/2026 06:56:48 AM
10083B,N,O,03/27/2026 10:19:36 AM
10084A,N,O,03/27/2026 12:25:54 PM
10084B,N,O,03/27/2026 09:34:04 AM
10085A,N,O,03/27/2026 07:00:14 AM
10085B,N,O,03/27/2026 11:40:16 AM
10086A,N,O,03/27/2026 06:58:48 AM
10086B,N,O,03/27/2026 10:29:29 AM
10091A,N,O,03/27/2026 11:48:45 AM
10092A,N,O,03/27/2026 09:13:59 AM
10092B,N,O,03/27/2026 11:58:19 AM
100A,N,V,03/27/2026 12:27:46 PM
100B,N,V,03/27/2026 12:27:38 PM
10112A,N,O,03/27/2026 10:21:16 AM
10112B,N,O,03/27/2026 08:06:15 AM
10113A,N,O,03/27/2026 06:56:48 AM
10113B,N,O,03/27/2026 08:14:27 AM
10118A,N,O,03/27/2026 09:10:07 AM
10118B,N,O,03/27/2026 08:08:30 AM
10119A,N,O,03/27/2026 08:52:39 AM
10119B,N,O,03/27/2026 11:16:21 AM
10120A,N,O,03/27/2026 10:20:57 AM
10120B,N,O,03/27/2026 08:34:07 AM
10121A,N,O,03/27/2026 12:04:43 PM
10121B,N,O,03/27/2026 10:38:30 AM
10122A,N,O,03/27/2026 09:20:00 AM
10122B,N,O,03/27/2026 10:05:46 AM
10124A,N,O,03/27/2026 06:55:43 AM
10124B,N,O,03/27/2026 08:50:13 AM
10125A,N,V,03/27/2026 12:22:03 PM
10125B,N,O,03/27/2026 11:56:03 AM
10131B,N,O,03/27/2026 11:35:58 AM
10132A,N,O,03/27/2026 11:11:16 AM
10132B,N,O,03/27/2026 09:42:38 AM
10133A,N,O,03/27/2026 11:46:28 AM
10133B,N,O,03/27/2026 11:59:10 AM
10134A,N,O,03/27/2026 12:16:52 PM
10134B,N,O,03/27/2026 10:50:03 AM
10135A,N,O,03/27/2026 12:09:10 PM
10135B,N,O,03/27/2026 10:32:59 AM
10136A,N,O,03/27/2026 08:40:38 AM
10136B,N,O,03/27/2026 11:42:23 AM
10137A,N,O,03/27/2026 11:53:10 AM
10137B,N,O,03/27/2026 09:15:58 AM
10138A,N,O,03/27/2026 10:18:47 AM
10138B,N,O,03/27/2026 12:23:15 PM
10145A,N,O,03/27/2026 09:49:43 AM
10146A,N,O,03/27/2026 07:58:43 AM
10146B,N,O,03/27/2026 07:58:43 AM
10148B,N,O,03/27/2026 07:56:49 AM
10149B,N,V,03/27/2026 12:01:16 PM
10153A,N,O,03/27/2026 10:23:07 AM
10153B,N,O,03/27/2026 10:32:45 AM
10154A,N,O,03/27/2026 09:19:13 AM
10154B,N,O,03/27/2026 11:32:51 AM
10155A,N,O,03/27/2026 10:15:18 AM
10155B,N,O,03/27/2026 10:08:18 AM
10156B,N,O,03/27/2026 12:09:41 PM
10158A,N,O,03/27/2026 11:38:57 AM
10158B,N,O,03/27/2026 11:20:40 AM
10159A,N,O,03/27/2026 11:14:34 AM
10159B,N,O,03/27/2026 10:49:07 AM
10160A,N,O,03/27/2026 12:06:50 PM
10160B,N,O,03/27/2026 12:12:58 PM
10161A,N,V,03/27/2026 12:22:03 PM
10161B,N,V,03/27/2026 12:21:55 PM
10172A,N,O,03/26/2026 07:57:51 AM
10172B,N,O,03/27/2026 07:57:46 AM
10173A,N,O,03/27/2026 07:56:56 AM
10173B,N,O,03/27/2026 07:56:42 AM
10174A,N,O,03/27/2026 07:55:56 AM
10174B,N,O,03/27/2026 07:55:56 AM
10175A,N,O,03/27/2026 07:59:54 AM
10175B,N,O,03/27/2026 07:59:50 AM
10176B,N,O,03/27/2026 07:58:52 AM
10182A,N,V,03/27/2026 12:19:50 PM
10182B,N,O,07/22/2025 01:25:37 PM
10183A,N,O,03/27/2026 11:44:15 AM
10185A,N,O,03/27/2026 06:59:53 AM
10185B,N,O,03/27/2026 09:21:10 AM
10186A,N,O,03/27/2026 11:59:16 AM
10186B,N,O,03/27/2026 09:22:49 AM
10187A,N,O,03/27/2026 08:04:23 AM
10187B,N,O,03/27/2026 06:57:48 AM
10188A,N,O,03/27/2026 06:56:49 AM
10188B,N,O,03/27/2026 09:24:03 AM
10189A,N,O,03/27/2026 08:41:20 AM
10189B,N,O,03/27/2026 06:55:51 AM
10190A,N,O,03/27/2026 06:59:51 AM
10190B,N,O,03/27/2026 06:59:44 AM
10191A,N,O,03/27/2026 07:14:26 AM
10191B,N,V,03/27/2026 12:26:14 PM
10192A,N,O,03/27/2026 07:36:20 AM
10192B,N,O,03/27/2026 11:58:08 AM
10196A,N,O,03/27/2026 11:27:11 AM
10196B,N,O,03/27/2026 12:20:16 PM
101A,N,V,03/27/2026 10:35:14 AM
101B,N,V,03/27/2026 10:55:15 AM
10200A,N,O,03/27/2026 10:53:59 AM
10201A,N,O,03/27/2026 08:28:57 AM
10201B,N,O,03/27/2026 12:24:07 PM
10207A,N,O,03/27/2026 06:57:59 AM
10207B,N,O,03/27/2026 06:57:45 AM
10209B,N,O,03/27/2026 12:12:41 PM
10211A,N,O,03/27/2026 12:04:33 PM
10211B,N,O,03/27/2026 11:54:08 AM
10212A,N,O,03/27/2026 11:17:09 AM
10212B,N,O,03/27/2026 11:24:56 AM
10213A,N,O,03/27/2026 12:02:35 PM
10213B,N,O,03/27/2026 09:11:52 AM
10215B,N,V,03/27/2026 11:28:53 AM
10216A,N,O,03/27/2026 12:06:04 PM
10216B,N,O,03/27/2026 08:28:58 AM
1021A,N,O,03/27/2026 06:58:43 AM
1021B,N,O,03/27/2026 12:01:02 PM
10222A,N,O,03/27/2026 09:02:25 AM
10222B,N,O,03/27/2026 09:27:42 AM
10223A,N,O,03/27/2026 11:44:49 AM
10224A,N,O,03/27/2026 12:18:05 PM
10224B,N,O,03/27/2026 11:50:15 AM
10225A,N,O,03/27/2026 11:55:55 AM
10225B,N,O,03/27/2026 09:43:07 AM
10226A,N,V,03/27/2026 12:16:58 PM
10226B,N,O,03/27/2026 12:20:03 PM
10227A,N,O,03/27/2026 09:38:47 AM
10227B,N,O,03/27/2026 11:59:52 AM
10228B,N,O,03/27/2026 07:56:52 AM
10229A,N,O,03/27/2026 12:19:26 PM
10229B,N,O,03/27/2026 11:40:05 AM
1022A,N,V,03/27/2026 12:26:45 PM
1022B,N,O,03/27/2026 12:27:24 PM
10231B,N,O,03/27/2026 10:54:31 AM
10232A,N,V,03/27/2026 12:27:25 PM
10232B,N,O,03/27/2026 07:57:43 AM
10233B,N,V,03/27/2026 12:14:31 PM
10234A,N,O,03/27/2026 12:17:02 PM
10234B,N,O,03/27/2026 11:02:08 AM
10235A,N,O,03/27/2026 10:14:40 AM
10235B,N,O,03/27/2026 07:25:15 AM
10236A,N,O,03/27/2026 11:46:56 AM
10237A,N,O,03/27/2026 12:27:28 PM
10237B,N,O,03/27/2026 11:54:31 AM
10238A,N,O,03/27/2026 11:05:42 AM
10238B,N,O,03/27/2026 11:57:17 AM
10239A,N,O,03/27/2026 12:21:22 PM
10239B,N,V,03/27/2026 12:27:28 PM
1023A,N,V,03/27/2026 12:06:11 PM
1023B,N,O,03/27/2026 11:43:54 AM
10240B,N,O,03/27/2026 08:05:14 AM
10241A,N,O,03/27/2026 07:14:10 AM
10241B,N,O,03/27/2026 12:24:05 PM
10242A,N,O,03/27/2026 12:26:19 PM
10242B,N,O,03/27/2026 11:40:04 AM
10245A,N,O,03/27/2026 10:44:05 AM
10245B,N,O,03/27/2026 12:17:33 PM
10246A,N,O,03/27/2026 11:09:32 AM
10246B,N,O,03/27/2026 12:06:41 PM
10247A,N,O,03/27/2026 12:24:59 PM
1024A,N,O,03/27/2026 06:55:49 AM
1024B,N,V,03/27/2026 12:21:31 PM
10253A,N,O,03/27/2026 11:54:45 AM
10254A,N,O,03/27/2026 12:18:28 PM
10254B,N,O,03/27/2026 08:43:03 AM
10256A,N,O,03/27/2026 07:58:49 AM
10256B,N,V,03/27/2026 12:25:56 PM
10257A,N,O,03/27/2026 07:57:56 AM
10257B,N,O,03/27/2026 12:25:52 PM
10258A,N,O,03/27/2026 12:24:19 PM
10258B,N,O,03/27/2026 11:59:09 AM
10259A,N,O,03/27/2026 10:44:40 AM
10259B,N,O,03/27/2026 10:08:19 AM
1025A,N,V,03/27/2026 10:25:26 AM
1025B,N,O,03/27/2026 11:40:41 AM
10262A,N,V,03/27/2026 08:04:36 AM
10262B,N,O,03/27/2026 12:25:53 PM
10263A,N,O,03/27/2026 12:23:48 PM
10263B,N,O,03/27/2026 12:27:43 PM
10264A,N,V,03/27/2026 11:23:30 AM
10264B,N,O,03/27/2026 11:36:31 AM
1026A,N,V,03/27/2026 11:50:22 AM
10270A,N,O,03/27/2026 10:14:12 AM
10270B,N,O,03/27/2026 12:12:40 PM
10271A,N,O,03/27/2026 06:59:26 AM
10271B,N,O,03/27/2026 06:58:52 AM
10272A,N,V,03/27/2026 12:26:35 PM
10272B,N,O,03/27/2026 11:31:44 AM
10273A,N,V,03/27/2026 12:12:05 PM
10273B,N,O,03/27/2026 11:38:18 AM
1027A,N,V,03/27/2026 09:39:42 AM
1027B,N,V,03/27/2026 08:53:23 AM
10280A,N,O,03/27/2026 12:14:15 PM
10280B,N,O,03/27/2026 11:11:14 AM
10281A,N,O,03/27/2026 11:26:10 AM
10281B,N,O,03/27/2026 10:11:35 AM
10286A,N,O,03/27/2026 08:09:15 AM
10286B,N,O,03/27/2026 11:31:04 AM
10287A,N,O,03/27/2026 10:12:51 AM
10287B,N,O,03/27/2026 11:45:15 AM
1028A,N,V,03/27/2026 12:20:15 PM
1028B,N,V,03/27/2026 10:40:34 AM
10295A,N,V,03/27/2026 12:08:10 PM
10296A,N,O,03/27/2026 12:18:53 PM
10296B,N,O,03/27/2026 11:42:35 AM
10297A,N,V,03/27/2026 12:26:46 PM
10297B,N,O,03/27/2026 10:53:04 AM
10298A,N,O,03/27/2026 11:09:03 AM
10298B,N,O,03/27/2026 12:12:44 PM
1029A,N,O,03/27/2026 12:06:29 PM
1029B,N,V,03/27/2026 12:15:05 PM
102A,N,V,03/27/2026 09:24:11 AM
102B,N,V,03/27/2026 11:27:00 AM
10301A,N,O,03/27/2026 12:22:22 PM
10301B,N,O,03/27/2026 11:46:27 AM
10302A,N,O,03/27/2026 10:50:12 AM
10302B,N,O,03/27/2026 11:47:08 AM
10303A,N,O,03/27/2026 12:27:14 PM
10303B,N,O,03/27/2026 10:07:12 AM
1030A,N,V,03/27/2026 12:27:13 PM
1030B,N,V,03/27/2026 09:57:28 AM
10310A,N,O,03/27/2026 11:43:04 AM
10310B,N,O,03/27/2026 09:04:41 AM
10311A,N,O,03/27/2026 10:48:05 AM
10311B,N,O,03/27/2026 11:40:53 AM
10312A,N,O,03/27/2026 10:51:14 AM
10312B,N,O,03/27/2026 07:58:47 AM
10316A,N,O,03/27/2026 12:11:04 PM
10316B,N,O,03/27/2026 10:38:29 AM
10317A,N,O,03/27/2026 06:57:46 AM
10317B,N,O,03/27/2026 12:07:08 PM
10318A,N,O,03/27/2026 11:26:55 AM
10318B,N,O,03/27/2026 10:58:10 AM
10319A,N,O,03/27/2026 07:59:14 AM
10319B,N,O,03/27/2026 12:15:03 PM
1031A,N,V,03/27/2026 09:06:55 AM
1031B,N,V,03/27/2026 11:46:47 AM
10320A,N,O,03/27/2026 09:39:29 AM
10320B,N,O,03/27/2026 11:51:37 AM
10322A,N,O,03/27/2026 10:22:35 AM
10323A,N,O,03/27/2026 11:30:25 AM
10323B,N,O,03/27/2026 08:59:29 AM
10325A,N,O,03/27/2026 11:02:42 AM
10325B,N,O,03/27/2026 08:18:10 AM
10326A,N,V,03/27/2026 11:28:33 AM
10326B,N,O,03/27/2026 12:11:30 PM
10327A,N,O,03/27/2026 11:51:15 AM
10327B,N,O,03/27/2026 11:46:22 AM
10328A,N,O,03/27/2026 11:33:15 AM
10328B,N,O,03/27/2026 06:56:48 AM
10329B,N,O,03/27/2026 11:59:13 AM
1032A,N,V,03/27/2026 08:44:31 AM
1032B,N,O,03/27/2026 11:45:38 AM
10330A,N,O,03/27/2026 11:26:36 AM
10331A,N,O,03/27/2026 11:36:25 AM
10331B,N,O,03/27/2026 11:41:56 AM
10332A,N,O,03/26/2026 08:03:24 AM
10332B,N,O,03/27/2026 11:32:37 AM
10333B,N,O,03/27/2026 10:57:02 AM
10334A,N,O,03/27/2026 10:57:44 AM
10334B,N,O,03/27/2026 08:43:43 AM
10335A,N,V,03/27/2026 12:04:17 PM
10335B,N,O,03/27/2026 10:56:07 AM
10336A,N,O,03/27/2026 06:58:51 AM
10336B,N,O,03/27/2026 11:30:10 AM
10337A,N,O,03/27/2026 07:07:03 AM
10337B,N,O,03/27/2026 08:58:10 AM
10338A,N,O,03/27/2026 06:56:47 AM
10338B,N,O,03/27/2026 11:05:46 AM
1033A,N,V,03/27/2026 11:29:09 AM
1033B,N,V,03/26/2026 01:50:51 PM
1034A,N,V,03/27/2026 12:04:18 PM
1034B,N,O,03/27/2026 10:59:49 AM
10350A,N,O,03/27/2026 11:40:41 AM
10350B,N,O,03/27/2026 09:36:21 AM
10351A,N,O,03/27/2026 12:10:37 PM
10351B,N,O,03/27/2026 08:10:16 AM
10352B,N,O,03/27/2026 06:57:47 AM
10358A,N,O,03/27/2026 12:24:58 PM
10358B,N,O,03/27/2026 11:07:38 AM
10359A,N,O,03/27/2026 09:41:19 AM
10359B,N,O,03/27/2026 12:21:13 PM
1035A,N,V,03/26/2026 01:20:41 PM
1035B,N,V,03/26/2026 07:17:45 AM
10362B,N,O,03/27/2026 07:57:50 AM
10364B,N,O,03/27/2026 06:55:56 AM
10365A,N,O,03/27/2026 09:07:29 AM
10365B,N,O,03/27/2026 11:55:40 AM
10369A,N,O,03/27/2026 06:55:48 AM
10369B,N,O,03/26/2026 06:56:01 AM
1036A,N,V,03/27/2026 12:26:10 PM
10371A,N,O,03/27/2026 06:58:49 AM
10372A,N,O,03/27/2026 06:57:52 AM
10372B,N,O,03/27/2026 06:57:52 AM
10373A,N,O,03/26/2026 06:56:53 AM
10373B,N,O,03/27/2026 06:56:46 AM
10374A,N,O,03/27/2026 06:55:43 AM
10374B,N,O,03/27/2026 09:59:27 AM
10376A,N,O,03/27/2026 06:58:52 AM
10376B,N,O,03/27/2026 06:58:52 AM
10377B,N,O,03/27/2026 06:57:52 AM
10378A,N,O,03/27/2026 06:56:51 AM
10378B,N,O,03/27/2026 06:56:58 AM
10379A,N,O,03/27/2026 06:55:47 AM
1037A,N,O,03/27/2026 09:48:54 AM
1037B,N,V,03/27/2026 11:02:06 AM
10380A,N,O,03/27/2026 06:59:51 AM
10380B,N,O,03/27/2026 07:49:33 AM
10381A,N,O,03/27/2026 09:29:49 AM
10381B,N,O,03/27/2026 09:13:42 AM
10382A,N,O,03/27/2026 06:57:45 AM
10382B,N,O,03/27/2026 06:57:45 AM
10383A,N,O,03/27/2026 10:30:59 AM
10383B,N,O,03/27/2026 10:57:58 AM
10384A,N,O,03/27/2026 12:25:58 PM
10384B,N,O,03/27/2026 06:55:51 AM
10387A,N,O,03/27/2026 08:01:10 AM
10387B,N,O,03/27/2026 06:57:51 AM
10389A,N,O,03/27/2026 12:22:23 PM
10389B,N,O,03/27/2026 11:53:53 AM
1038A,N,O,03/27/2026 12:20:57 PM
10390A,N,O,03/27/2026 10:58:53 AM
10390B,N,O,03/27/2026 11:33:46 AM
10391A,N,O,03/27/2026 09:19:47 AM
10391B,N,O,03/27/2026 07:34:04 AM
10392A,N,O,03/27/2026 10:39:18 AM
10392B,N,O,03/27/2026 07:57:44 AM
10393A,N,O,03/27/2026 07:56:51 AM
10394A,N,O,03/27/2026 10:16:48 AM
10394B,N,O,03/27/2026 06:55:50 AM
10395A,N,O,03/27/2026 06:59:43 AM
10396A,N,O,03/27/2026 09:18:51 AM
10396B,N,O,03/27/2026 11:57:04 AM
10397A,N,O,03/27/2026 11:20:16 AM
10397B,N,O,03/27/2026 11:20:06 AM
10398A,N,O,03/27/2026 12:25:26 PM
10398B,N,O,03/27/2026 12:18:14 PM
10399A,N,O,03/27/2026 07:55:50 AM
10399B,N,O,03/27/2026 07:56:06 AM
1039A,N,V,03/27/2026 12:27:00 PM
1039B,N,V,03/27/2026 11:44:47 AM
103A,N,V,03/27/2026 12:26:12 PM
103B,N,V,03/27/2026 09:53:16 AM
10401A,N,O,03/27/2026 09:02:39 AM
10402A,N,O,03/27/2026 11:37:04 AM
10402B,N,O,03/27/2026 10:03:30 AM
10404A,N,O,03/27/2026 09:18:51 AM
10404B,N,O,03/27/2026 11:52:32 AM
10405A,N,O,03/27/2026 12:04:59 PM
10405B,N,O,03/27/2026 10:30:03 AM
10406B,N,O,03/27/2026 07:44:35 AM
10407A,N,O,03/27/2026 10:24:29 AM
10407B,N,O,03/27/2026 06:57:53 AM
10408B,N,O,03/27/2026 10:44:10 AM
10409A,N,O,03/27/2026 10:10:20 AM
10409B,N,O,03/27/2026 08:24:03 AM
10410A,N,O,03/27/2026 06:59:42 AM
10410B,N,O,03/27/2026 08:26:52 AM
10411A,N,O,03/27/2026 12:22:48 PM
10411B,N,O,03/27/2026 12:10:03 PM
10412A,N,O,03/27/2026 12:02:04 PM
10412B,N,O,03/27/2026 12:16:44 PM
10413A,N,O,03/27/2026 10:58:19 AM
10413B,N,O,03/27/2026 11:14:30 AM
10435A,N,O,03/27/2026 06:59:43 AM
10435B,N,O,03/27/2026 06:59:43 AM
10436B,N,O,03/27/2026 06:58:47 AM
1043A,N,O,03/27/2026 11:39:02 AM
1043B,N,O,03/27/2026 10:16:49 AM
1044A,N,O,03/27/2026 12:20:03 PM
1044B,N,O,03/27/2026 12:05:52 PM
10452A,N,O,03/27/2026 08:57:42 AM
10452B,N,O,03/27/2026 11:01:03 AM
10453A,N,O,03/27/2026 10:15:56 AM
10453B,N,O,03/27/2026 06:56:44 AM
10454A,N,O,03/27/2026 08:18:22 AM
10456A,N,O,03/27/2026 11:19:04 AM
10456B,N,O,03/27/2026 11:13:27 AM
10457A,N,O,03/27/2026 06:57:58 AM
10457B,N,O,03/27/2026 12:08:19 PM
10458A,N,O,03/27/2026 07:59:13 AM
10458B,N,O,03/27/2026 10:45:02 AM
1045A,N,O,03/27/2026 12:09:30 PM
10461B,N,O,03/27/2026 06:58:43 AM
10462A,N,O,03/27/2026 09:28:25 AM
10462B,N,O,03/27/2026 11:24:37 AM
10463A,N,O,03/27/2026 11:40:00 AM
10463B,N,O,03/27/2026 06:56:53 AM
10464A,N,O,03/27/2026 11:34:19 AM
10464B,N,O,03/27/2026 11:34:52 AM
10465A,N,O,03/27/2026 10:16:57 AM
10465B,N,O,03/27/2026 08:44:32 AM
10466A,N,O,03/27/2026 12:20:39 PM
10466B,N,O,03/27/2026 08:04:16 AM
10467A,N,O,03/27/2026 09:04:47 AM
10467B,N,O,03/27/2026 06:57:45 AM
10468B,N,O,03/27/2026 10:50:28 AM
1046A,N,O,03/27/2026 06:58:52 AM
1046B,N,V,03/27/2026 12:20:21 PM
10471A,N,O,03/27/2026 06:58:51 AM
10472A,N,V,03/27/2026 12:25:16 PM
10474A,N,O,03/27/2026 10:36:44 AM
10474B,N,O,03/27/2026 10:15:28 AM
10475A,N,O,03/27/2026 11:03:25 AM
10475B,N,O,03/27/2026 11:56:20 AM
10476B,N,O,03/27/2026 09:13:53 AM
1047A,N,V,03/27/2026 12:27:11 PM
1047B,N,O,03/27/2026 12:18:14 PM
10481A,N,O,03/27/2026 10:37:32 AM
10481B,N,O,03/27/2026 08:39:10 AM
10482A,N,O,03/27/2026 12:24:14 PM
10482B,N,O,03/27/2026 11:59:36 AM
10483A,N,O,03/27/2026 12:09:33 PM
10483B,N,O,03/27/2026 07:31:57 AM
10485A,N,O,03/27/2026 10:23:27 AM
10485B,N,O,03/27/2026 12:05:10 PM
10486A,N,O,03/27/2026 08:54:26 AM
10486B,N,O,03/27/2026 09:06:46 AM
10487A,N,O,03/27/2026 11:35:59 AM
10487B,N,O,03/27/2026 09:14:35 AM
10488A,N,O,03/27/2026 06:56:47 AM
10488B,N,O,03/27/2026 08:22:35 AM
10489A,N,O,03/27/2026 06:55:46 AM
10489B,N,O,03/27/2026 06:55:50 AM
1048A,N,V,03/27/2026 12:27:40 PM
1048B,N,O,03/27/2026 11:12:09 AM
10490B,N,O,03/27/2026 06:59:38 AM
10491A,N,O,03/27/2026 06:58:49 AM
10491B,N,O,03/26/2026 03:28:20 PM
10492A,N,O,03/27/2026 06:57:51 AM
10492B,N,O,03/27/2026 06:57:51 AM
10493A,N,O,03/27/2026 11:38:36 AM
10493B,N,O,03/27/2026 11:43:39 AM
10494A,N,O,03/27/2026 09:57:05 AM
10494B,N,O,03/27/2026 10:46:18 AM
10495A,N,O,03/27/2026 08:48:00 AM
10495B,N,O,03/27/2026 10:26:38 AM
10496B,N,O,03/27/2026 08:05:31 AM
1049A,N,O,03/27/2026 11:45:04 AM
1049B,N,O,03/27/2026 09:39:32 AM
104A,N,O,03/27/2026 11:07:32 AM
104B,N,V,03/27/2026 12:21:54 PM
10501A,N,O,03/27/2026 09:05:05 AM
10501B,N,O,03/27/2026 06:58:59 AM
10502A,N,O,03/27/2026 10:46:15 AM
10502B,N,O,03/27/2026 08:06:56 AM
10503A,N,O,03/27/2026 09:00:25 AM
10503B,N,O,03/27/2026 09:16:57 AM
10504A,N,O,03/27/2026 06:55:50 AM
10504B,N,O,03/27/2026 09:23:16 AM
1050A,N,O,03/27/2026 10:53:11 AM
1050B,N,V,03/27/2026 12:25:47 PM
10511A,N,O,03/27/2026 10:28:53 AM
10511B,N,O,03/27/2026 09:08:58 AM
10512A,N,O,03/27/2026 12:12:41 PM
10512B,N,O,03/27/2026 08:31:56 AM
10513B,N,O,03/27/2026 08:26:52 AM
1051A,N,O,03/27/2026 10:50:54 AM
1051B,N,O,03/27/2026 10:50:54 AM
1052A,N,V,03/27/2026 12:20:46 PM
1052B,N,O,03/27/2026 09:01:38 AM
10534A,N,O,03/27/2026 10:54:39 AM
10534B,N,O,03/27/2026 09:47:28 AM
10535A,N,O,03/27/2026 11:40:24 AM
10535B,N,O,03/27/2026 12:16:20 PM
10536A,N,O,03/27/2026 11:08:56 AM
10536B,N,O,03/27/2026 11:18:24 AM
10537A,N,O,03/27/2026 10:03:00 AM
10537B,N,O,03/27/2026 07:39:07 AM
10539A,N,O,03/27/2026 08:57:42 AM
10539B,N,O,03/26/2026 09:25:56 PM
10540A,N,O,03/27/2026 11:31:03 AM
10540B,N,O,03/27/2026 11:10:33 AM
10541A,N,O,03/27/2026 11:04:49 AM
10541B,N,O,03/27/2026 10:04:23 AM
10542A,N,O,03/27/2026 06:57:45 AM
10542B,N,O,03/27/2026 11:49:19 AM
10543A,N,O,03/26/2026 06:56:48 AM
10543B,N,O,03/27/2026 06:56:51 AM
10544A,N,O,03/27/2026 09:23:58 AM
10544B,N,O,03/27/2026 06:55:48 AM
10545A,N,O,03/27/2026 06:59:46 AM
10545B,N,O,03/27/2026 06:59:46 AM
10546A,N,O,03/27/2026 11:59:09 AM
10546B,N,O,03/27/2026 11:50:50 AM
10547A,N,O,03/27/2026 11:55:48 AM
10547B,N,O,03/27/2026 12:16:42 PM
10548A,N,O,03/27/2026 12:09:20 PM
10548B,N,O,03/27/2026 11:29:10 AM
10549A,N,O,03/27/2026 12:16:35 PM
10549B,N,O,03/27/2026 11:37:06 AM
10550A,N,O,03/27/2026 11:54:51 AM
10550B,N,O,03/27/2026 12:12:49 PM
10551A,N,O,03/27/2026 10:26:40 AM
10551B,N,O,03/27/2026 12:05:29 PM
10552A,N,O,03/27/2026 12:26:59 PM
10552B,N,O,03/27/2026 12:08:10 PM
10553A,N,O,03/27/2026 12:00:00 PM
10553B,N,O,03/27/2026 12:26:06 PM
10554A,N,O,03/27/2026 10:54:59 AM
10554B,N,O,03/27/2026 11:14:17 AM
10555A,N,O,03/27/2026 12:21:46 PM
10555B,N,O,03/27/2026 12:05:14 PM
10556A,N,O,03/27/2026 11:46:06 AM
10556B,N,O,03/27/2026 12:10:30 PM
10557A,N,O,03/27/2026 08:27:42 AM
10557B,N,O,03/27/2026 12:21:47 PM
10558A,N,O,03/27/2026 11:22:59 AM
10558B,N,O,03/27/2026 12:18:55 PM
10581A,N,O,03/27/2026 06:58:45 AM
10581B,N,O,03/27/2026 06:59:23 AM
10582A,N,O,03/27/2026 06:57:52 AM
10582B,N,O,03/27/2026 06:57:59 AM
10583A,N,V,03/27/2026 12:26:43 PM
10583B,N,O,03/26/2026 07:48:04 PM
10584A,N,O,03/27/2026 10:07:12 AM
10585A,N,O,03/27/2026 06:59:49 AM
10585B,N,O,03/27/2026 07:57:45 AM
105A,N,V,03/27/2026 12:26:49 PM
105B,N,O,03/27/2026 07:57:33 AM
10600A,N,O,03/27/2026 12:27:37 PM
10601A,N,O,03/27/2026 09:39:14 AM
10601B,N,O,03/27/2026 12:20:17 PM
10602A,N,O,03/27/2026 07:57:50 AM
10602B,N,O,03/27/2026 07:57:54 AM
10605A,N,O,03/27/2026 12:17:43 PM
10605B,N,O,03/27/2026 11:57:40 AM
10606A,N,O,03/27/2026 11:46:53 AM
10606B,N,O,03/27/2026 08:00:18 AM
10607B,N,V,03/27/2026 12:21:43 PM
10608A,N,O,03/27/2026 12:14:52 PM
10610B,N,O,03/27/2026 08:00:14 AM
10616A,N,O,03/27/2026 09:03:41 AM
10616B,N,O,03/27/2026 12:24:24 PM
10617B,N,O,03/27/2026 10:07:48 AM
10618A,N,O,03/27/2026 11:53:14 AM
10619B,N,O,03/27/2026 12:10:22 PM
10620A,N,O,03/27/2026 12:01:02 PM
10621B,N,O,03/27/2026 11:32:58 AM
10622B,N,O,03/27/2026 09:17:24 AM
10623A,N,O,03/27/2026 11:16:53 AM
10623B,N,O,03/27/2026 12:06:37 PM
10624A,N,O,03/27/2026 07:57:21 AM
10624B,N,O,03/27/2026 10:38:49 AM
10625A,N,O,03/27/2026 11:02:17 AM
10625B,N,O,03/27/2026 07:59:50 AM
10626A,N,O,03/27/2026 09:55:11 AM
10626B,N,O,03/27/2026 11:49:06 AM
10628A,N,O,03/26/2026 07:56:50 AM
10628B,N,O,03/27/2026 09:30:36 AM
10629A,N,O,03/27/2026 07:55:52 AM
10637A,N,O,03/27/2026 09:40:13 AM
10637B,N,O,03/27/2026 08:10:23 AM
10638A,N,O,03/27/2026 10:46:02 AM
10638B,N,O,03/27/2026 10:04:36 AM
10639A,N,O,03/27/2026 06:55:46 AM
10639B,N,O,03/27/2026 07:03:05 AM
10642A,N,O,03/27/2026 06:57:48 AM
10642B,N,O,03/27/2026 10:13:58 AM
10643A,N,O,03/27/2026 10:36:11 AM
10643B,N,O,03/27/2026 06:56:52 AM
1064A,N,O,03/27/2026 06:55:57 AM
1064B,N,O,03/27/2026 10:14:23 AM
10650A,N,V,03/27/2026 12:16:05 PM
10650B,N,O,03/27/2026 10:19:09 AM
10661A,N,O,03/27/2026 11:42:09 AM
10661B,N,O,03/27/2026 12:11:25 PM
10662A,N,O,03/27/2026 12:01:43 PM
10662B,N,O,03/27/2026 07:57:39 AM
10663A,N,O,03/27/2026 11:06:23 AM
10663B,N,O,03/27/2026 12:02:28 PM
10664A,N,O,03/27/2026 08:06:49 AM
10664B,N,O,03/27/2026 12:13:18 PM
1067A,N,O,03/27/2026 12:07:41 PM
1067B,N,O,03/27/2026 12:05:34 PM
1068A,N,O,03/27/2026 12:12:17 PM
1068B,N,O,03/27/2026 08:36:30 AM
10691A,N,O,03/27/2026 10:01:59 AM
10691B,N,O,03/27/2026 06:58:50 AM
10696A,N,O,03/27/2026 10:20:08 AM
10696B,N,O,03/27/2026 06:58:58 AM
10697A,N,O,03/27/2026 06:57:52 AM
10697B,N,O,03/26/2026 06:57:48 AM
10698A,N,O,03/27/2026 06:56:54 AM
10698B,N,O,03/27/2026 12:23:08 PM
10699A,N,O,03/27/2026 07:48:50 AM
10699B,N,O,03/27/2026 11:09:30 AM
1069A,N,V,03/27/2026 12:22:14 PM
1069B,N,O,03/27/2026 12:17:15 PM
106A,N,V,03/27/2026 12:27:30 PM
106B,N,V,03/27/2026 11:16:07 AM
10701A,N,V,03/27/2026 12:07:30 PM
10701B,N,O,03/27/2026 11:31:26 AM
10724B,N,O,03/27/2026 11:53:45 AM
10725A,N,O,03/27/2026 12:17:14 PM
10725B,N,O,03/27/2026 08:03:54 AM
10729A,N,O,03/27/2026 11:32:31 AM
10729B,N,O,03/27/2026 10:35:57 AM
10730B,N,O,03/27/2026 12:03:39 PM
10731A,N,O,03/27/2026 11:43:47 AM
10731B,N,O,03/27/2026 06:58:53 AM
10745A,N,O,03/27/2026 11:54:41 AM
10745B,N,V,03/27/2026 10:33:35 AM
10746A,N,O,03/27/2026 08:03:26 AM
10746B,N,O,03/27/2026 12:26:10 PM
10751A,N,O,03/27/2026 12:04:09 PM
10751B,N,O,03/27/2026 06:58:43 AM
10752A,N,V,03/27/2026 12:27:16 PM
10752B,N,O,03/27/2026 11:26:15 AM
10753A,N,O,03/27/2026 10:11:22 AM
10753B,N,O,03/27/2026 06:56:47 AM
10754A,N,O,03/27/2026 12:12:54 PM
10754B,N,O,03/27/2026 12:27:15 PM
10755A,N,V,03/27/2026 12:25:29 PM
10755B,N,O,03/27/2026 09:50:20 AM
10756A,N,O,03/27/2026 10:14:51 AM
10757A,N,V,03/27/2026 12:02:56 PM
10757B,N,V,03/27/2026 11:28:11 AM
10758B,N,O,08/08/2025 06:34:38 PM
10759A,N,V,03/27/2026 11:22:30 AM
10759B,N,O,03/26/2026 05:52:11 PM
10760A,N,V,03/27/2026 10:58:11 AM
10760B,N,V,03/27/2026 08:06:51 AM
10761A,N,V,03/27/2026 10:47:57 AM
10761B,N,V,03/27/2026 10:47:57 AM
10762B,N,O,03/27/2026 07:41:59 AM
10763A,N,O,03/27/2026 12:24:12 PM
10763B,N,O,03/27/2026 11:27:07 AM
10764A,N,O,03/27/2026 11:47:07 AM
10764B,N,V,03/27/2026 12:27:16 PM
10765A,N,O,03/27/2026 10:02:19 AM
10765B,N,O,03/27/2026 11:37:29 AM
10766A,N,O,03/27/2026 12:23:12 PM
10766B,N,O,03/27/2026 12:20:04 PM
107A,N,V,03/27/2026 11:52:02 AM
10805A,N,V,03/27/2026 10:23:39 AM
10805B,N,O,03/27/2026 09:32:39 AM
10806A,N,O,03/27/2026 12:27:20 PM
10806B,N,V,03/27/2026 09:15:28 AM
10807A,N,O,03/27/2026 12:15:00 PM
10807B,N,V,03/27/2026 08:27:44 AM
10808A,N,O,03/27/2026 09:25:28 AM
10808B,N,O,03/27/2026 08:06:04 AM
10809A,N,V,03/26/2026 08:48:50 PM
10809B,N,O,03/27/2026 06:55:43 AM
10810A,N,V,03/26/2026 09:20:39 PM
10810B,N,V,03/26/2026 09:00:08 PM
10811A,N,V,03/26/2026 09:06:13 PM
10811B,N,V,03/26/2026 09:29:56 PM
10812A,N,V,03/26/2026 10:37:25 PM
10812B,N,V,03/26/2026 10:46:21 PM
10813A,N,V,03/27/2026 09:14:29 AM
10813B,N,V,03/26/2026 11:08:13 PM
10814A,N,O,03/27/2026 11:05:52 AM
10814B,N,V,03/27/2026 07:45:25 AM
10815A,N,V,03/27/2026 12:18:24 PM
10815B,N,V,03/26/2026 08:48:09 PM
10816A,N,V,03/27/2026 09:52:50 AM
10816B,N,V,03/27/2026 09:52:50 AM
10820A,N,V,03/27/2026 09:07:04 AM
10820B,N,V,03/27/2026 10:09:29 AM
10821B,NU,V,12/04/2024 08:59:29 AM
10822A,NU,V,01/27/2026 04:12:34 PM
10822B,NU,V,01/27/2026 04:12:34 PM
10823A,NU,O,12/04/2024 06:56:44 AM
10823B,NU,O,12/04/2024 06:56:51 AM
10824A,NU,O,12/04/2024 08:47:13 AM
10824B,NU,V,12/04/2024 08:58:00 AM
10825A,NU,O,05/28/2025 04:29:02 PM
10825B,N,V,03/26/2026 08:50:51 PM
10826A,NU,V,01/27/2026 04:10:18 PM
10826B,NU,O,01/27/2026 04:10:18 PM
10827A,NU,V,12/03/2024 10:26:33 PM
10827B,NU,V,12/04/2024 08:49:40 AM
10828A,N,O,03/27/2026 10:10:30 AM
10828B,N,V,03/27/2026 08:38:57 AM
10829A,N,V,03/27/2026 08:41:40 AM
10829B,N,V,03/27/2026 11:08:41 AM
10830A,N,V,03/27/2026 11:45:55 AM
10830B,N,V,03/26/2026 08:52:16 PM
10831A,N,O,03/27/2026 11:32:32 AM
10831B,N,O,03/27/2026 09:22:54 AM
10832A,N,V,03/26/2026 08:51:27 PM
10832B,N,O,03/27/2026 06:57:44 AM
10833A,N,V,03/27/2026 11:39:21 AM
10833B,N,V,03/27/2026 11:41:57 AM
10834A,N,V,03/27/2026 11:28:07 AM
10834B,N,V,03/27/2026 12:21:40 PM
10835A,N,O,03/27/2026 12:27:24 PM
10835B,N,O,03/27/2026 12:01:30 PM
10836A,N,V,03/26/2026 08:47:14 PM
10836B,N,V,03/26/2026 08:48:18 PM
10837A,N,V,03/26/2026 09:50:27 PM
10837B,N,O,03/27/2026 11:02:18 AM
10838A,N,V,03/27/2026 09:50:51 AM
10838B,N,V,03/27/2026 11:46:39 AM
10839A,N,V,09/21/2025 05:09:16 PM
10839B,N,V,09/21/2025 03:59:51 PM
10840A,N,O,03/27/2026 12:26:29 PM
10840B,N,O,03/27/2026 12:24:11 PM
108A,N,V,03/27/2026 12:27:04 PM
108B,N,V,03/27/2026 10:17:19 AM
109A,N,V,03/26/2026 01:06:25 PM
10B,NU,V,02/25/2026 11:59:15 PM
11022A,N,O,03/27/2026 12:09:38 PM
11022B,N,O,03/27/2026 10:52:56 AM
11023A,N,O,03/27/2026 09:49:43 AM
11023B,N,O,03/27/2026 08:00:08 AM
11030A,N,V,03/27/2026 12:26:07 PM
11031A,N,O,03/27/2026 09:54:37 AM
11031B,N,O,03/27/2026 12:11:29 PM
11032B,N,O,03/27/2026 08:58:34 AM
11034A,N,O,03/27/2026 12:16:25 PM
11034B,N,O,03/27/2026 09:14:05 AM
11035A,N,O,03/27/2026 07:59:42 AM
11035B,N,O,03/27/2026 12:18:55 PM
11036A,N,O,03/27/2026 06:59:18 AM
11036B,N,O,03/27/2026 07:59:08 AM
11040B,N,O,03/27/2026 07:59:50 AM
11041A,N,O,03/27/2026 10:37:44 AM
11041B,N,O,03/27/2026 10:41:54 AM
11042A,N,O,03/27/2026 11:35:58 AM
11042B,N,O,03/27/2026 10:02:37 AM
11043A,N,O,03/27/2026 12:20:19 PM
11043B,N,O,03/27/2026 10:30:59 AM
11044A,N,O,03/27/2026 08:57:17 AM
11044B,N,O,03/27/2026 08:56:32 AM
11070A,N,O,03/27/2026 11:42:23 AM
11070B,N,O,03/27/2026 11:51:14 AM
11071A,N,O,03/27/2026 12:24:41 PM
11071B,N,O,03/27/2026 11:58:25 AM
11072B,N,O,03/27/2026 10:20:03 AM
11073A,N,O,03/27/2026 09:26:51 AM
11074A,N,O,03/27/2026 08:54:04 AM
11074B,N,O,03/27/2026 09:20:48 AM
11075A,N,O,03/27/2026 09:32:39 AM
11075B,N,O,03/27/2026 06:59:44 AM
11076A,N,O,03/27/2026 09:17:17 AM
11076B,N,O,03/27/2026 10:56:38 AM
11077A,N,O,03/27/2026 07:56:38 AM
11077B,N,O,03/27/2026 08:48:39 AM
11078A,N,O,03/27/2026 08:42:14 AM
11078B,N,O,03/27/2026 09:54:21 AM
11079A,N,O,03/27/2026 12:03:08 PM
11079B,N,O,03/27/2026 11:17:04 AM
11081B,N,V,03/27/2026 12:23:41 PM
11082A,N,O,03/27/2026 11:24:16 AM
11082B,N,O,03/27/2026 11:45:54 AM
11083A,N,O,03/27/2026 12:06:28 PM
11083B,N,O,03/27/2026 11:46:11 AM
11084A,N,V,03/27/2026 12:27:39 PM
11085A,N,O,03/27/2026 10:44:03 AM
11085B,N,O,03/27/2026 06:59:57 AM
11086A,N,O,03/27/2026 12:11:37 PM
11086B,N,O,03/27/2026 12:14:05 PM
11087A,N,O,03/27/2026 12:25:37 PM
11087B,N,O,03/27/2026 12:24:45 PM
11088A,N,O,03/27/2026 11:40:47 AM
11088B,N,O,03/27/2026 11:47:59 AM
11089A,N,O,03/27/2026 11:00:55 AM
11089B,N,O,03/27/2026 12:18:05 PM
11090A,N,O,03/27/2026 12:20:18 PM
11090B,N,O,03/27/2026 11:48:47 AM
11091A,N,V,03/27/2026 12:24:34 PM
11091B,N,V,03/27/2026 12:18:30 PM
11092A,N,O,03/27/2026 11:35:31 AM
11092B,N,O,03/27/2026 09:48:49 AM
11093A,N,O,03/27/2026 07:56:42 AM
11093B,N,O,03/27/2026 10:28:29 AM
11094A,N,O,03/27/2026 11:42:09 AM
11094B,N,O,03/27/2026 12:23:48 PM
11095A,N,O,03/27/2026 07:12:08 AM
11095B,N,O,03/27/2026 11:16:19 AM
11096A,N,O,03/26/2026 05:36:43 PM
11096B,N,O,03/27/2026 11:04:08 AM
11097A,N,O,03/27/2026 08:40:49 AM
11097B,N,O,03/27/2026 11:21:21 AM
11098A,N,O,03/27/2026 12:11:18 PM
11098B,N,O,03/27/2026 10:22:27 AM
11099A,N,O,03/27/2026 11:48:18 AM
11099B,N,O,03/27/2026 08:45:26 AM
11100A,N,O,03/27/2026 12:00:20 PM
11100B,N,O,03/27/2026 10:43:25 AM
11101A,N,O,03/27/2026 10:02:48 AM
11101B,N,O,03/27/2026 12:02:50 PM
11102A,N,O,03/27/2026 12:27:34 PM
11102B,N,V,03/27/2026 12:27:06 PM
11103A,N,V,03/27/2026 12:27:10 PM
11103B,N,O,03/27/2026 10:10:52 AM
11104A,N,O,03/27/2026 10:39:10 AM
11104B,N,O,03/27/2026 10:24:24 AM
11105A,N,O,03/27/2026 09:59:46 AM
11105B,N,O,03/27/2026 12:14:03 PM
11106A,N,O,03/27/2026 11:33:15 AM
11106B,N,O,03/27/2026 12:27:37 PM
11107A,N,O,03/27/2026 09:42:42 AM
11110A,N,V,03/27/2026 11:27:58 AM
11110B,N,O,03/27/2026 11:53:29 AM
11111A,N,O,03/27/2026 08:51:06 AM
11111B,N,O,03/27/2026 08:39:26 AM
11112A,N,O,03/27/2026 10:36:55 AM
11112B,N,O,03/27/2026 11:36:23 AM
11113A,N,O,03/27/2026 11:22:31 AM
11113B,N,O,03/27/2026 12:02:48 PM
11114A,N,O,03/27/2026 10:03:19 AM
11114B,N,O,03/27/2026 10:05:04 AM
11116A,N,O,03/27/2026 10:12:07 AM
11116B,N,O,03/27/2026 12:26:47 PM
11117A,N,O,03/27/2026 11:46:33 AM
11117B,N,O,03/27/2026 11:56:37 AM
11118A,N,O,03/27/2026 08:51:09 AM
11119A,N,O,03/27/2026 06:55:55 AM
11119B,N,O,03/27/2026 11:42:45 AM
11120A,N,O,03/27/2026 09:45:39 AM
11120B,N,O,03/27/2026 10:12:45 AM
11121A,N,O,03/27/2026 12:13:42 PM
11121B,N,O,03/27/2026 12:04:22 PM
11122A,N,O,03/27/2026 06:57:41 AM
11122B,N,O,03/27/2026 11:54:26 AM
11127A,N,O,03/27/2026 07:45:22 AM
11127B,N,O,03/27/2026 09:11:47 AM
11128A,N,O,03/27/2026 09:13:31 AM
11128B,N,O,03/27/2026 09:33:02 AM
11129A,N,O,03/27/2026 11:18:58 AM
11129B,N,O,03/27/2026 12:06:58 PM
11130B,N,O,03/27/2026 08:47:15 AM
11131B,N,O,03/27/2026 08:29:08 AM
11132A,N,O,03/27/2026 11:12:46 AM
11132B,N,O,03/27/2026 11:42:09 AM
11133A,N,O,03/27/2026 09:28:30 AM
11134B,N,O,03/27/2026 11:53:12 AM
11135A,N,O,03/27/2026 10:56:51 AM
11135B,N,O,03/27/2026 12:10:28 PM
11136A,N,V,03/27/2026 12:25:35 PM
11136B,N,O,03/27/2026 12:12:07 PM
11137A,N,O,03/27/2026 11:21:11 AM
11137B,N,O,03/27/2026 12:00:45 PM
11138A,N,O,03/26/2026 05:53:50 PM
11138B,N,V,03/27/2026 12:04:54 PM
11139A,N,V,03/27/2026 12:27:41 PM
11139B,N,O,03/27/2026 12:16:37 PM
11140A,N,O,03/27/2026 12:01:33 PM
11140B,N,O,03/27/2026 12:14:50 PM
11141A,N,O,03/27/2026 12:05:33 PM
11141B,N,O,03/27/2026 12:07:50 PM
11142A,N,O,03/27/2026 10:08:09 AM
11142B,N,O,03/27/2026 08:55:35 AM
11143A,N,O,03/27/2026 09:50:43 AM
11143B,N,O,03/27/2026 12:13:39 PM
11144A,N,O,03/27/2026 09:41:19 AM
11144B,N,O,03/27/2026 11:54:39 AM
11145A,N,O,03/27/2026 10:56:19 AM
11145B,N,O,03/27/2026 06:59:48 AM
11146A,N,O,03/27/2026 08:17:08 AM
11146B,N,O,03/27/2026 10:01:49 AM
11147A,N,O,03/27/2026 11:05:42 AM
11147B,N,V,03/27/2026 12:24:47 PM
11149A,N,O,03/27/2026 12:10:03 PM
11149B,N,V,03/27/2026 12:27:00 PM
11150A,N,O,03/27/2026 10:16:05 AM
11150B,N,V,03/27/2026 12:23:53 PM
11151A,N,O,03/27/2026 11:19:43 AM
11151B,N,O,03/27/2026 12:03:38 PM
11152B,N,O,03/27/2026 12:24:52 PM
11153A,N,O,03/27/2026 10:14:33 AM
11153B,N,O,03/27/2026 12:22:13 PM
11155A,N,O,03/27/2026 10:27:22 AM
11155B,N,O,03/27/2026 12:26:41 PM
11156B,N,O,03/27/2026 12:25:57 PM
11157A,N,O,03/27/2026 12:11:56 PM
11158A,N,O,03/27/2026 12:21:09 PM
11158B,N,O,03/27/2026 10:48:59 AM
11159A,N,V,03/27/2026 12:26:24 PM
11159B,N,O,03/27/2026 08:58:17 AM
11160A,N,O,03/27/2026 12:01:53 PM
11160B,N,O,03/27/2026 12:19:37 PM
11165A,N,O,03/27/2026 07:59:53 AM
11166A,N,O,03/27/2026 07:58:42 AM
11166B,N,O,03/27/2026 09:25:49 AM
11167A,N,O,03/27/2026 07:57:44 AM
11167B,N,O,03/27/2026 07:57:51 AM
11168A,N,O,03/27/2026 07:56:48 AM
11168B,N,O,03/27/2026 09:51:14 AM
11169A,N,O,03/27/2026 07:55:48 AM
11169B,N,O,03/27/2026 07:55:48 AM
11171B,N,O,03/27/2026 10:34:06 AM
11172A,N,O,03/27/2026 12:27:05 PM
11172B,N,V,03/27/2026 12:26:40 PM
11173A,N,O,03/27/2026 12:22:09 PM
11173B,N,V,03/27/2026 12:22:39 PM
11174A,N,O,03/27/2026 06:55:52 AM
11174B,N,O,03/27/2026 12:06:47 PM
11175A,N,V,03/27/2026 12:27:42 PM
11175B,N,V,03/27/2026 12:18:16 PM
11176A,N,V,03/27/2026 12:14:29 PM
11176B,N,O,03/27/2026 12:27:05 PM
11177A,N,V,03/27/2026 09:00:40 AM
11177B,N,V,03/27/2026 12:26:35 PM
11178A,N,V,03/27/2026 12:25:16 PM
11178B,N,O,03/27/2026 12:15:29 PM
1117A,N,O,03/27/2026 07:43:56 AM
1117B,N,O,03/27/2026 11:45:45 AM
11181A,N,O,03/27/2026 06:58:48 AM
11181B,N,O,03/27/2026 06:58:45 AM
11182A,N,O,03/27/2026 06:57:45 AM
11182B,N,O,03/27/2026 06:57:45 AM
11183A,N,O,03/27/2026 07:44:36 AM
11183B,N,O,03/27/2026 11:36:41 AM
1118A,N,V,03/27/2026 12:24:22 PM
1118B,N,O,03/27/2026 11:49:11 AM
11191A,N,O,03/27/2026 08:21:27 AM
11191B,N,O,03/27/2026 12:06:09 PM
1119A,N,O,03/27/2026 08:26:28 AM
1119B,N,V,03/27/2026 12:16:38 PM
111A,N,O,03/27/2026 11:51:23 AM
111B,N,V,03/27/2026 12:13:05 PM
11205A,N,O,03/27/2026 11:53:41 AM
11205B,N,O,03/27/2026 08:32:54 AM
11206B,N,O,03/27/2026 12:16:22 PM
11207A,N,O,03/27/2026 11:39:14 AM
11207B,N,O,03/27/2026 11:43:31 AM
11208A,N,O,03/27/2026 06:56:49 AM
11208B,N,O,03/27/2026 11:04:00 AM
11209A,N,O,03/27/2026 12:01:32 PM
11209B,N,O,03/27/2026 11:03:48 AM
11210A,N,V,03/27/2026 12:23:18 PM
11210B,N,V,03/27/2026 12:27:43 PM
11211A,N,O,03/27/2026 12:10:23 PM
11211B,N,O,03/27/2026 09:10:21 AM
11212A,N,O,03/27/2026 06:57:45 AM
11212B,N,O,03/27/2026 12:19:46 PM
112A,N,O,03/27/2026 12:18:52 PM
112B,N,O,03/27/2026 11:39:39 AM
113A,N,O,03/27/2026 06:56:50 AM
113B,N,V,03/27/2026 12:12:58 PM
11500A,N,V,03/27/2026 12:14:52 PM
11500B,N,O,03/27/2026 11:33:39 AM
11501A,N,O,03/27/2026 10:31:31 AM
11501B,N,O,03/27/2026 12:11:36 PM
11502B,N,O,03/27/2026 06:57:52 AM
11504A,N,V,03/27/2026 12:16:25 PM
11504B,N,O,03/27/2026 11:06:16 AM
11505A,N,O,03/27/2026 06:59:46 AM
11505B,N,O,03/27/2026 06:59:50 AM
11506B,N,O,03/27/2026 06:58:52 AM
11507B,N,O,03/27/2026 12:21:41 PM
11508A,N,O,03/27/2026 12:25:05 PM
11508B,N,O,03/27/2026 10:24:00 AM
11509A,N,V,03/27/2026 12:02:16 PM
11509B,N,V,03/27/2026 12:26:02 PM
11582A,N,O,03/27/2026 12:26:30 PM
11583A,N,O,03/27/2026 12:14:56 PM
11583B,N,O,03/27/2026 10:46:29 AM
11584A,N,O,03/27/2026 12:26:45 PM
11584B,N,V,03/27/2026 11:47:39 AM
11585B,N,O,03/27/2026 12:24:16 PM
11593A,N,O,03/27/2026 12:26:09 PM
11593B,N,O,03/27/2026 12:09:49 PM
11594A,N,O,03/27/2026 09:42:36 AM
11595A,N,O,03/27/2026 12:23:25 PM
11595B,N,O,03/27/2026 09:23:52 AM
11596A,N,O,03/27/2026 12:00:53 PM
11596B,N,O,03/27/2026 11:40:25 AM
11597A,N,V,03/27/2026 12:14:47 PM
11597B,N,O,03/27/2026 12:17:18 PM
11598A,N,V,03/27/2026 12:19:35 PM
11598B,N,O,03/27/2026 10:18:12 AM
11599A,N,O,03/27/2026 11:58:34 AM
11599B,N,O,03/27/2026 08:06:03 AM
115A,N,V,03/27/2026 12:21:41 PM
115B,N,O,03/27/2026 12:24:10 PM
11600A,N,O,03/27/2026 06:59:54 AM
11600B,N,O,03/27/2026 10:27:28 AM
11601A,N,O,03/27/2026 12:15:08 PM
11601B,N,O,03/27/2026 11:33:17 AM
11602A,N,O,03/27/2026 06:57:49 AM
11602B,N,O,03/27/2026 11:57:47 AM
11608A,N,O,03/27/2026 11:35:10 AM
11609B,N,O,03/27/2026 09:27:44 AM
11610A,N,O,03/27/2026 12:25:19 PM
11610B,N,O,03/27/2026 12:26:45 PM
11611A,N,O,03/27/2026 09:27:13 AM
11611B,N,O,03/27/2026 12:20:36 PM
11612A,N,O,03/27/2026 10:41:25 AM
11612B,N,O,03/27/2026 06:57:41 AM
11613A,N,O,03/26/2026 06:56:47 AM
11613B,N,O,03/27/2026 06:56:49 AM
11614A,N,O,03/27/2026 11:45:17 AM
11614B,N,O,03/27/2026 06:55:51 AM
11615A,NU,O,03/01/2026 07:24:19 PM
11615B,N,O,03/27/2026 06:59:59 AM
11616A,NU,O,03/01/2026 08:58:45 AM
11616B,NU,O,02/28/2026 06:58:42 AM
11617B,N,V,03/27/2026 12:27:36 PM
11618A,N,O,03/27/2026 07:36:31 AM
11618B,N,O,03/27/2026 11:14:25 AM
11619A,N,O,03/27/2026 07:42:55 AM
11625A,N,O,03/27/2026 07:39:30 AM
11626A,N,O,03/27/2026 08:40:55 AM
11626B,N,O,03/27/2026 09:05:09 AM
11627A,N,O,03/27/2026 06:58:18 AM
11627B,N,O,03/27/2026 06:57:47 AM
11655A,N,O,03/27/2026 12:15:33 PM
11655B,N,O,03/27/2026 11:41:54 AM
11656A,N,O,03/27/2026 09:14:47 AM
11656B,N,O,03/27/2026 10:40:17 AM
11657A,N,O,03/27/2026 09:25:58 AM
11657B,N,O,03/27/2026 09:38:41 AM
11658A,N,O,03/27/2026 10:40:56 AM
11658B,N,O,03/27/2026 10:01:07 AM
11659A,N,O,03/27/2026 06:55:48 AM
11659B,N,O,03/27/2026 09:17:34 AM
11660A,N,O,03/27/2026 06:59:58 AM
11660B,N,O,03/27/2026 07:36:25 AM
11661A,N,O,03/27/2026 10:56:12 AM
11661B,N,O,03/27/2026 08:01:15 AM
11662A,N,O,03/27/2026 06:57:52 AM
11662B,N,O,03/27/2026 11:15:45 AM
11663A,N,O,03/27/2026 09:30:41 AM
11663B,N,O,03/27/2026 11:58:16 AM
11671B,N,O,03/27/2026 12:17:04 PM
11672A,N,O,03/27/2026 11:07:27 AM
11672B,N,O,03/27/2026 09:17:38 AM
116A,N,O,03/27/2026 12:27:09 PM
116B,N,O,03/27/2026 12:27:34 PM
1172A,N,O,03/27/2026 10:42:51 AM
1172B,N,O,03/27/2026 11:52:33 AM
1173A,N,O,03/27/2026 11:33:43 AM
1173B,N,O,03/27/2026 11:00:27 AM
1174B,N,O,03/27/2026 11:49:43 AM
1175A,N,O,03/27/2026 12:27:04 PM
1175B,N,O,03/27/2026 08:54:45 AM
1176B,N,O,03/27/2026 12:18:53 PM
117A,N,V,03/27/2026 12:22:06 PM
117B,N,V,03/27/2026 12:20:53 PM
118A,N,O,03/27/2026 12:19:49 PM
118B,N,V,03/27/2026 12:26:39 PM
1199A,N,O,03/27/2026 12:03:53 PM
1199B,N,O,03/27/2026 12:25:20 PM
119A,N,V,03/27/2026 12:27:08 PM
119B,N,V,03/27/2026 12:27:35 PM
11B,NU,O,02/25/2026 10:59:20 PM
12001A,N,O,03/27/2026 12:26:09 PM
12001B,N,O,03/27/2026 11:12:07 AM
12003A,N,O,03/27/2026 11:54:43 AM
12003B,N,O,03/27/2026 11:28:14 AM
12004A,N,O,03/27/2026 11:53:11 AM
12004B,N,O,03/27/2026 12:25:54 PM
12005A,N,O,03/27/2026 12:25:21 PM
12005B,N,O,03/27/2026 07:59:49 AM
12006A,N,O,03/27/2026 12:25:18 PM
1202A,N,O,03/27/2026 09:39:10 AM
1202B,N,O,03/27/2026 08:27:58 AM
12030A,N,O,03/27/2026 10:34:05 AM
12030B,N,O,03/27/2026 06:59:50 AM
12031A,N,O,03/27/2026 10:47:03 AM
12031B,N,O,03/27/2026 10:24:02 AM
12032A,N,O,03/27/2026 11:56:08 AM
12032B,N,O,03/27/2026 10:44:36 AM
12034A,N,V,03/27/2026 11:33:27 AM
12034B,N,O,03/27/2026 11:37:51 AM
12035A,N,V,03/27/2026 11:37:48 AM
12035B,N,V,03/27/2026 12:05:56 PM
12036A,N,V,03/27/2026 12:25:13 PM
12036B,N,O,03/27/2026 12:21:04 PM
12037A,N,O,03/27/2026 12:06:33 PM
12037B,N,V,03/27/2026 11:47:53 AM
12038A,N,V,03/27/2026 12:10:21 PM
12038B,N,V,03/27/2026 07:45:44 AM
12039A,N,O,03/27/2026 11:55:24 AM
12039B,N,V,03/27/2026 08:10:14 AM
1203B,N,O,03/27/2026 11:32:53 AM
12040A,N,V,03/27/2026 10:48:53 AM
12040B,N,V,03/27/2026 11:00:48 AM
12041A,N,V,03/27/2026 12:03:47 PM
12041B,N,V,03/27/2026 12:04:55 PM
12042A,N,O,03/27/2026 12:25:11 PM
12042B,N,O,03/27/2026 12:26:03 PM
12043A,N,O,03/27/2026 12:10:12 PM
12043B,N,O,03/27/2026 12:24:49 PM
12044A,N,V,03/27/2026 12:18:17 PM
12044B,N,O,03/27/2026 11:27:44 AM
12045A,N,O,03/27/2026 10:41:58 AM
12045B,N,V,03/27/2026 12:18:50 PM
12046A,N,O,03/27/2026 08:54:53 AM
12046B,N,V,03/27/2026 10:49:30 AM
12047A,N,O,03/27/2026 11:16:33 AM
12047B,N,O,03/27/2026 11:06:19 AM
12048A,N,O,03/27/2026 09:41:20 AM
12048B,N,V,03/27/2026 12:12:29 PM
12051A,N,O,03/27/2026 09:30:38 AM
12051B,N,O,03/27/2026 07:28:17 AM
12052A,N,O,03/27/2026 10:20:36 AM
12052B,N,O,03/27/2026 12:12:06 PM
12054A,N,O,03/27/2026 06:55:48 AM
12055A,N,O,03/27/2026 11:59:31 AM
12055B,N,O,03/27/2026 11:45:20 AM
12056A,N,O,03/27/2026 08:05:18 AM
12056B,N,O,03/27/2026 12:11:29 PM
12057A,N,O,03/27/2026 10:01:03 AM
12057B,N,O,03/27/2026 11:42:15 AM
12058B,N,O,03/27/2026 06:56:43 AM
12059B,N,O,03/27/2026 12:25:11 PM
12060B,N,O,03/27/2026 06:59:50 AM
12061A,N,O,03/27/2026 09:24:43 AM
12061B,N,O,03/27/2026 12:00:27 PM
12062A,N,O,03/27/2026 11:36:59 AM
12062B,N,O,03/27/2026 06:57:49 AM
12063A,N,O,03/27/2026 10:14:06 AM
12063B,N,O,03/27/2026 06:56:44 AM
12064A,N,O,03/27/2026 11:51:04 AM
12064B,N,O,03/27/2026 11:33:06 AM
12065A,N,O,03/27/2026 12:16:28 PM
12065B,N,O,03/27/2026 12:18:45 PM
12066A,N,O,03/27/2026 10:43:02 AM
12066B,N,O,03/27/2026 12:23:53 PM
12067A,N,O,03/27/2026 12:07:24 PM
12067B,N,O,03/27/2026 11:56:36 AM
12068A,N,O,03/27/2026 12:13:04 PM
12068B,N,O,03/27/2026 06:56:43 AM
12069A,N,O,03/27/2026 12:00:36 PM
12069B,N,O,03/27/2026 09:37:04 AM
12070A,N,O,03/27/2026 11:19:53 AM
12070B,N,O,03/27/2026 09:47:24 AM
12071A,N,O,03/27/2026 08:00:19 AM
12071B,N,O,03/27/2026 12:06:28 PM
12081A,N,O,03/27/2026 08:47:17 AM
12081B,N,O,03/27/2026 10:25:26 AM
12082A,N,O,03/27/2026 06:57:48 AM
12082B,N,O,03/27/2026 12:24:50 PM
12083A,N,O,03/27/2026 08:05:21 AM
12083B,N,O,03/26/2026 05:53:05 PM
12099A,N,O,03/27/2026 08:28:38 AM
12099B,N,O,03/27/2026 12:23:58 PM
120A,N,V,03/27/2026 12:26:08 PM
120B,N,O,03/27/2026 12:26:08 PM
12100A,N,O,03/27/2026 12:23:54 PM
12104A,N,O,03/27/2026 11:29:22 AM
12104B,N,O,03/27/2026 08:28:19 AM
12105A,N,O,03/27/2026 12:04:45 PM
12105B,N,V,03/27/2026 12:23:56 PM
12106A,N,V,03/27/2026 12:03:06 PM
12106B,N,V,03/27/2026 12:10:53 PM
12107A,N,V,03/27/2026 12:21:35 PM
12107B,N,V,03/27/2026 12:13:12 PM
12108A,N,O,03/27/2026 11:16:10 AM
12108B,N,O,03/27/2026 11:49:09 AM
12109A,N,V,03/27/2026 12:23:26 PM
12109B,N,O,03/27/2026 11:24:06 AM
12110A,N,O,03/27/2026 09:23:52 AM
12111A,N,O,03/27/2026 11:31:43 AM
12111B,N,O,03/27/2026 12:25:59 PM
12112A,N,V,03/27/2026 12:27:38 PM
12112B,N,O,03/27/2026 06:57:49 AM
12113A,N,O,03/27/2026 12:14:28 PM
12113B,N,O,03/27/2026 12:25:25 PM
12114A,N,O,03/27/2026 06:55:48 AM
12115A,N,O,03/27/2026 12:26:31 PM
12116A,N,V,03/27/2026 12:27:38 PM
12117A,N,O,03/27/2026 12:25:13 PM
12118B,N,O,03/27/2026 11:09:32 AM
12119A,N,O,03/27/2026 09:38:55 AM
12119B,N,V,03/27/2026 12:04:54 PM
12120A,N,O,03/27/2026 12:24:07 PM
12120B,N,V,03/27/2026 12:27:18 PM
12121A,N,V,03/27/2026 12:16:13 PM
12121B,N,O,03/27/2026 06:58:46 AM
12122A,N,O,03/27/2026 11:08:33 AM
12122B,N,O,03/27/2026 12:27:31 PM
12123A,N,V,03/27/2026 12:13:40 PM
12123B,N,V,03/27/2026 12:27:02 PM
12124A,N,O,03/27/2026 11:19:55 AM
12124B,N,O,03/27/2026 11:54:15 AM
12125A,N,O,03/27/2026 12:25:02 PM
12125B,N,V,03/27/2026 12:26:16 PM
12126A,N,V,03/27/2026 12:19:38 PM
12126B,N,O,03/27/2026 12:27:16 PM
12128A,N,V,03/27/2026 12:27:07 PM
12128B,N,O,03/27/2026 12:22:15 PM
12129A,N,O,03/27/2026 12:23:55 PM
12130A,N,V,03/27/2026 12:26:55 PM
12130B,N,V,03/27/2026 12:11:28 PM
12131A,N,O,03/27/2026 12:27:34 PM
12131B,N,V,03/27/2026 12:27:25 PM
12132A,N,O,03/27/2026 12:25:33 PM
12132B,N,V,03/27/2026 12:22:18 PM
12133A,N,O,03/27/2026 11:18:07 AM
12133B,N,O,03/27/2026 12:27:43 PM
12134A,N,O,03/27/2026 10:07:10 AM
12134B,N,O,03/27/2026 11:51:27 AM
12135A,N,O,03/27/2026 06:59:46 AM
12135B,N,O,03/27/2026 11:45:33 AM
12136A,N,O,03/27/2026 09:57:20 AM
12136B,N,O,03/27/2026 11:40:03 AM
12137A,N,O,03/27/2026 11:07:54 AM
12137B,N,O,03/27/2026 08:44:11 AM
12139A,N,O,03/27/2026 11:17:34 AM
12139B,N,O,03/27/2026 11:03:35 AM
12140A,N,O,03/27/2026 12:26:18 PM
12140B,N,O,03/27/2026 12:18:17 PM
12141A,N,O,03/27/2026 06:58:53 AM
12142A,N,V,03/27/2026 11:57:35 AM
12142B,N,V,03/27/2026 12:18:32 PM
12143A,N,O,03/27/2026 06:56:53 AM
12143B,N,O,03/27/2026 12:11:05 PM
12144A,N,O,03/27/2026 12:07:32 PM
12144B,N,O,03/27/2026 11:45:22 AM
12145A,N,O,03/27/2026 11:18:09 AM
12145B,N,V,03/27/2026 12:24:37 PM
12148A,N,O,03/27/2026 11:05:47 AM
12148B,N,O,03/27/2026 11:50:48 AM
12149A,N,O,03/27/2026 11:31:03 AM
12149B,N,O,03/27/2026 10:51:24 AM
12151A,N,O,03/27/2026 11:35:41 AM
12151B,N,O,03/27/2026 09:00:07 AM
12152A,N,O,03/27/2026 12:10:12 PM
12152B,N,V,03/27/2026 12:27:04 PM
12153A,N,O,03/27/2026 06:56:54 AM
12153B,N,O,03/27/2026 11:23:06 AM
12154A,N,O,03/27/2026 12:22:40 PM
12154B,N,V,03/27/2026 12:26:41 PM
12155A,N,O,03/27/2026 12:25:18 PM
12155B,N,O,03/27/2026 09:28:46 AM
12156A,N,O,03/27/2026 11:56:13 AM
12156B,N,V,03/27/2026 12:22:53 PM
12157A,N,V,03/27/2026 11:48:22 AM
12157B,N,O,03/27/2026 11:34:03 AM
12158A,N,O,03/27/2026 11:34:05 AM
12158B,N,O,03/27/2026 11:34:00 AM
12159B,N,V,03/27/2026 12:27:31 PM
12160A,N,O,03/27/2026 11:35:56 AM
12160B,N,O,03/27/2026 11:29:08 AM
12161A,N,O,10/25/2025 03:07:40 PM
12161B,N,O,03/27/2026 11:26:06 AM
12162A,N,V,03/27/2026 12:27:19 PM
12162B,N,O,03/27/2026 12:24:25 PM
12163A,N,O,03/27/2026 06:57:15 AM
12163B,N,O,03/27/2026 12:10:44 PM
12164A,N,O,03/27/2026 12:27:34 PM
12164B,N,V,03/27/2026 12:14:16 PM
12165A,N,V,03/27/2026 12:27:23 PM
12165B,N,V,03/27/2026 12:26:05 PM
12166B,N,O,03/27/2026 12:24:48 PM
12167A,N,O,03/27/2026 11:35:14 AM
12167B,N,O,03/27/2026 12:27:02 PM
12169A,N,V,03/27/2026 11:02:57 AM
12169B,N,O,03/27/2026 11:35:18 AM
12170A,N,O,03/27/2026 09:41:09 AM
12170B,N,O,03/27/2026 11:29:19 AM
12171A,N,V,03/27/2026 12:14:17 PM
12173A,N,V,03/27/2026 12:15:30 PM
12173B,N,V,03/27/2026 12:21:09 PM
12174A,N,O,03/27/2026 10:40:36 AM
12174B,N,O,03/27/2026 06:55:55 AM
12175A,N,V,03/27/2026 12:27:16 PM
12175B,N,O,03/27/2026 12:24:23 PM
12176B,N,V,03/27/2026 12:16:58 PM
12177A,N,V,03/27/2026 11:50:20 AM
12177B,N,O,03/27/2026 11:46:53 AM
12179A,N,V,03/27/2026 12:27:29 PM
12179B,N,V,03/27/2026 12:01:59 PM
12180B,N,V,03/27/2026 12:26:50 PM
12182A,N,V,03/27/2026 12:20:05 PM
12182B,N,V,03/27/2026 12:07:46 PM
12183A,N,O,03/27/2026 11:12:12 AM
12183B,N,O,03/27/2026 10:03:31 AM
12184A,N,O,03/27/2026 08:25:17 AM
12184B,N,V,03/27/2026 08:31:02 AM
12186A,N,O,03/27/2026 12:05:18 PM
12187A,N,O,03/27/2026 09:07:06 AM
12187B,N,O,03/27/2026 12:23:58 PM
12188A,N,O,03/27/2026 08:26:27 AM
12188B,N,O,03/27/2026 08:01:34 AM
12189A,N,O,03/27/2026 12:17:16 PM
12190A,N,V,03/27/2026 12:26:32 PM
12190B,N,O,03/27/2026 12:12:51 PM
12191A,N,O,03/27/2026 07:43:16 AM
12191B,N,V,03/27/2026 12:27:37 PM
12192A,N,V,03/27/2026 12:11:26 PM
12193A,N,V,03/27/2026 12:17:42 PM
12193B,N,V,03/27/2026 12:10:46 PM
12194A,N,O,03/27/2026 12:27:12 PM
12195A,N,O,03/27/2026 07:09:01 AM
12195B,N,V,03/27/2026 12:26:42 PM
12196A,N,O,03/27/2026 12:07:35 PM
12196B,N,O,03/27/2026 10:29:09 AM
12197B,N,O,03/27/2026 12:21:41 PM
12198A,N,O,03/27/2026 10:40:10 AM
12198B,N,O,03/27/2026 11:35:07 AM
121A,N,V,03/27/2026 09:40:50 AM
121B,N,O,03/27/2026 10:41:31 AM
12202A,N,V,03/27/2026 12:20:31 PM
12202B,N,O,03/27/2026 12:12:25 PM
12203A,N,V,03/27/2026 12:09:09 PM
12203B,N,V,03/27/2026 12:11:24 PM
12204A,N,V,03/27/2026 12:11:26 PM
12204B,N,V,03/27/2026 12:21:17 PM
12205A,N,V,03/27/2026 12:07:44 PM
12211A,N,O,03/27/2026 10:28:15 AM
12211B,N,O,03/27/2026 12:23:22 PM
12212A,N,O,03/27/2026 12:23:16 PM
12212B,N,V,03/27/2026 12:20:25 PM
122B,N,V,03/27/2026 12:24:40 PM
12370A,N,O,03/27/2026 12:27:30 PM
12371A,N,O,03/27/2026 08:28:58 AM
12371B,N,O,03/27/2026 11:46:27 AM
12374A,N,O,03/27/2026 09:37:51 AM
12374B,N,V,03/27/2026 12:23:48 PM
12375A,N,O,03/27/2026 11:57:56 AM
12375B,N,O,03/27/2026 10:42:40 AM
12376A,N,V,03/27/2026 12:27:32 PM
12376B,N,O,03/27/2026 06:58:49 AM
12377A,N,O,03/27/2026 11:45:02 AM
12377B,N,O,03/27/2026 11:33:02 AM
12378A,N,O,03/27/2026 10:45:56 AM
12378B,N,V,03/27/2026 11:52:59 AM
12379A,N,O,03/27/2026 11:51:47 AM
12379B,N,O,03/27/2026 08:41:07 AM
12385A,N,O,03/27/2026 06:59:45 AM
12385B,N,O,03/27/2026 11:37:36 AM
12388A,N,O,03/27/2026 12:13:14 PM
12388B,N,O,03/27/2026 10:49:03 AM
12391A,N,O,03/27/2026 08:28:43 AM
12392A,N,V,03/27/2026 10:17:08 AM
12392B,N,O,03/27/2026 11:26:00 AM
12431A,N,O,03/27/2026 08:29:07 AM
12431B,N,O,03/27/2026 08:29:00 AM
12432B,N,O,03/27/2026 12:15:11 PM
12433A,N,O,03/27/2026 09:54:29 AM
12433B,N,O,03/27/2026 12:12:41 PM
12434A,N,O,03/27/2026 12:25:44 PM
12434B,N,O,03/27/2026 08:25:53 AM
12435A,N,O,03/27/2026 11:43:33 AM
12437B,N,O,03/27/2026 12:22:49 PM
12440A,N,O,03/27/2026 09:41:34 AM
12440B,N,O,03/27/2026 12:19:50 PM
12441A,N,O,03/27/2026 08:43:23 AM
12441B,N,O,03/26/2026 04:09:51 PM
12442A,N,O,03/27/2026 11:32:44 AM
12443B,N,O,03/27/2026 09:43:53 AM
12461A,N,O,03/27/2026 08:37:36 AM
12461B,N,O,03/27/2026 12:16:51 PM
12462B,N,O,03/27/2026 12:19:10 PM
12467A,N,O,03/27/2026 07:57:50 AM
12468A,N,O,03/27/2026 07:56:52 AM
12468B,N,O,03/27/2026 11:56:36 AM
12469A,N,O,03/27/2026 10:46:08 AM
12469B,N,O,03/27/2026 08:19:14 AM
12470A,N,O,03/27/2026 08:22:49 AM
12470B,N,O,03/27/2026 11:38:22 AM
12471A,N,O,03/27/2026 10:00:00 AM
12471B,N,O,03/27/2026 12:25:21 PM
12481A,N,O,03/27/2026 11:32:31 AM
12481B,N,V,03/27/2026 12:12:57 PM
12482A,N,O,03/27/2026 11:47:42 AM
12482B,N,V,03/27/2026 12:27:41 PM
12490A,N,O,03/27/2026 10:56:43 AM
12490B,N,O,03/27/2026 12:19:20 PM
12491A,N,O,03/27/2026 12:23:18 PM
12491B,N,O,03/27/2026 10:33:20 AM
12492A,N,O,03/27/2026 10:02:07 AM
12492B,N,O,03/27/2026 11:03:04 AM
12493A,N,O,03/27/2026 11:31:34 AM
12493B,N,V,03/27/2026 12:24:17 PM
12494A,N,O,03/27/2026 11:21:06 AM
12495A,N,O,03/27/2026 09:51:31 AM
12495B,N,O,03/27/2026 09:45:15 AM
12496B,N,O,03/27/2026 11:40:27 AM
12498A,N,O,03/27/2026 09:54:43 AM
12499A,N,O,03/27/2026 12:05:41 PM
12499B,N,O,03/27/2026 11:17:14 AM
124A,N,O,03/27/2026 12:27:30 PM
124B,N,O,03/27/2026 11:49:15 AM
12501A,N,O,03/27/2026 11:28:19 AM
12501B,N,O,03/27/2026 07:32:50 AM
12502A,N,O,03/27/2026 07:51:06 AM
12502B,N,O,03/27/2026 07:35:13 AM
12503B,N,O,03/27/2026 12:07:10 PM
12504A,N,O,03/27/2026 07:40:38 AM
12504B,N,O,03/27/2026 07:55:26 AM
12505A,N,V,03/27/2026 11:43:30 AM
12505B,N,O,03/27/2026 07:56:19 AM
12506A,N,O,03/27/2026 12:12:53 PM
12506B,N,V,03/27/2026 12:07:28 PM
12508A,N,O,03/27/2026 12:27:24 PM
12508B,N,O,03/27/2026 12:16:58 PM
12509A,N,O,03/27/2026 12:07:23 PM
12509B,N,O,03/27/2026 09:37:36 AM
12510A,N,O,03/27/2026 10:25:28 AM
12510B,N,O,03/27/2026 09:58:25 AM
1251A,N,O,03/27/2026 10:23:06 AM
1251B,N,O,03/27/2026 08:45:52 AM
1252A,N,O,03/27/2026 08:27:50 AM
1252B,N,O,03/27/2026 11:18:13 AM
12530A,N,V,03/27/2026 11:50:23 AM
12530B,N,O,03/27/2026 12:19:27 PM
12531A,N,O,03/27/2026 12:27:26 PM
12531B,N,V,03/27/2026 12:18:25 PM
12532A,N,O,03/27/2026 12:02:57 PM
12532B,N,O,03/27/2026 12:19:59 PM
1253A,N,O,03/27/2026 12:11:06 PM
1253B,N,O,03/27/2026 12:06:04 PM
1254A,N,O,03/27/2026 12:16:04 PM
12580A,N,V,03/27/2026 12:13:18 PM
12580B,N,V,03/27/2026 12:07:28 PM
12581A,N,O,03/27/2026 09:39:10 AM
12581B,N,O,03/27/2026 12:13:56 PM
12582A,N,O,03/27/2026 07:57:49 AM
12582B,N,O,03/27/2026 11:52:19 AM
12583A,N,O,03/27/2026 12:02:27 PM
12583B,N,O,03/27/2026 07:56:49 AM
12585A,N,O,03/27/2026 10:31:26 AM
12585B,N,O,03/27/2026 07:59:49 AM
12586A,N,O,03/27/2026 11:55:22 AM
12586B,N,O,03/27/2026 11:14:25 AM
12587A,N,O,03/27/2026 12:17:29 PM
12587B,N,O,03/27/2026 12:09:41 PM
1258B,N,O,03/27/2026 08:26:58 AM
12597A,N,O,03/27/2026 12:06:50 PM
12597B,N,O,03/27/2026 11:31:15 AM
12598A,N,V,03/27/2026 12:23:54 PM
12598B,N,V,03/27/2026 12:19:37 PM
12599A,N,O,03/27/2026 11:59:43 AM
12599B,N,V,03/27/2026 12:04:48 PM
1259A,N,O,03/27/2026 11:04:33 AM
1259B,N,O,03/27/2026 08:26:44 AM
125A,N,V,03/27/2026 12:26:44 PM
125B,N,O,03/27/2026 08:17:51 AM
12600B,N,O,03/27/2026 11:30:18 AM
12601A,N,O,03/27/2026 12:10:13 PM
12601B,N,V,03/27/2026 12:23:21 PM
12602A,N,O,03/27/2026 11:33:03 AM
12602B,N,V,03/27/2026 12:09:59 PM
12603B,N,O,03/27/2026 11:34:02 AM
12606A,N,V,03/27/2026 11:45:31 AM
12606B,N,O,03/27/2026 08:28:50 AM
12607A,N,O,03/27/2026 08:28:03 AM
12607B,N,V,03/27/2026 10:47:08 AM
12608B,N,O,03/27/2026 12:03:20 PM
12609A,N,O,03/27/2026 08:25:49 AM
12609B,N,O,03/27/2026 08:25:49 AM
1260A,N,O,03/27/2026 11:51:23 AM
1260B,N,O,03/27/2026 09:33:37 AM
12610A,N,O,03/27/2026 08:29:44 AM
12610B,N,O,03/27/2026 12:07:21 PM
12611A,N,O,03/27/2026 08:28:49 AM
12611B,N,O,03/27/2026 08:28:49 AM
12612A,N,O,03/27/2026 08:27:45 AM
12612B,N,O,03/27/2026 08:27:45 AM
12613B,N,O,03/27/2026 08:26:53 AM
12614A,N,V,03/27/2026 12:00:54 PM
12614B,N,V,03/27/2026 12:00:54 PM
12615A,N,O,03/27/2026 12:26:32 PM
12615B,N,O,03/27/2026 12:25:50 PM
12616A,N,O,03/27/2026 11:33:46 AM
12616B,N,O,03/27/2026 12:13:26 PM
12617B,N,O,03/27/2026 07:27:48 AM
12618A,N,O,03/27/2026 11:00:52 AM
12618B,N,O,03/27/2026 07:26:56 AM
12619A,N,O,03/27/2026 09:34:01 AM
12619B,N,O,03/27/2026 07:25:45 AM
12620A,N,V,03/27/2026 12:21:36 PM
12620B,N,O,03/27/2026 11:51:00 AM
12623A,N,O,03/27/2026 07:26:44 AM
12623B,N,O,03/27/2026 07:26:44 AM
12624A,N,V,03/27/2026 12:19:26 PM
12624B,N,O,03/27/2026 08:25:49 AM
12625A,N,V,03/27/2026 12:20:32 PM
12625B,N,V,03/27/2026 12:20:28 PM
12626A,N,V,03/27/2026 11:54:15 AM
12626B,N,O,03/27/2026 12:15:39 PM
12627A,N,O,03/27/2026 12:11:09 PM
12627B,N,O,03/27/2026 12:16:40 PM
12628A,N,O,03/27/2026 07:26:43 AM
12628B,N,O,03/27/2026 11:10:43 AM
12629A,N,O,03/27/2026 10:56:52 AM
12629B,N,O,03/27/2026 10:57:04 AM
12630A,N,O,03/27/2026 11:59:36 AM
12630B,N,O,03/27/2026 11:04:44 AM
12631A,N,O,03/27/2026 12:23:36 PM
12631B,N,O,03/27/2026 11:59:46 AM
12632A,N,O,03/27/2026 07:27:44 AM
12632B,N,O,03/27/2026 12:15:31 PM
12633A,N,V,03/27/2026 12:23:42 PM
12633B,N,O,03/27/2026 11:07:18 AM
12634A,N,O,03/27/2026 12:27:25 PM
12634B,N,O,03/27/2026 12:01:07 PM
12635A,N,O,03/27/2026 07:29:45 AM
12635B,N,O,03/27/2026 11:30:17 AM
12636A,N,O,03/27/2026 12:25:54 PM
12636B,N,V,03/27/2026 12:22:16 PM
12637A,N,V,03/27/2026 12:27:37 PM
12637B,N,O,03/27/2026 12:13:33 PM
12640A,N,O,03/27/2026 06:59:46 AM
12640B,N,V,03/27/2026 12:08:48 PM
12641A,N,O,03/27/2026 08:54:49 AM
12643A,N,O,03/26/2026 09:41:36 PM
12644A,N,O,03/26/2026 10:25:10 PM
12644B,N,V,03/26/2026 11:58:13 PM
12645A,N,V,03/27/2026 10:12:07 AM
12645B,N,V,03/27/2026 12:22:37 PM
12646A,N,O,03/27/2026 12:17:08 PM
12646B,N,V,03/27/2026 12:24:34 PM
12647A,N,V,03/27/2026 12:27:15 PM
12647B,N,O,03/27/2026 12:25:10 PM
12648A,N,V,03/27/2026 12:27:19 PM
12648B,N,V,03/27/2026 09:02:56 AM
12649A,N,V,03/27/2026 10:36:05 AM
12649B,N,O,03/27/2026 12:27:33 PM
12650A,N,O,03/27/2026 12:25:33 PM
12650B,N,O,03/26/2026 11:30:56 PM
12651A,N,V,03/27/2026 12:08:43 PM
12651B,N,O,03/27/2026 06:58:54 AM
12652A,N,V,03/27/2026 07:13:43 AM
12652B,N,V,03/27/2026 07:05:03 AM
12653A,N,O,03/27/2026 08:24:29 AM
12653B,N,V,03/27/2026 08:33:45 AM
12654A,N,V,03/27/2026 08:41:05 AM
12654B,N,V,03/27/2026 10:43:53 AM
12655A,N,V,03/27/2026 10:13:42 AM
12655B,N,O,03/27/2026 08:55:04 AM
12656A,N,O,03/27/2026 11:57:40 AM
12656B,N,V,03/27/2026 08:35:49 AM
12657A,N,O,03/27/2026 09:45:38 AM
12657B,N,V,03/27/2026 11:43:11 AM
12658A,N,V,03/27/2026 10:42:07 AM
12658B,N,O,03/27/2026 10:36:40 AM
12659A,N,O,03/27/2026 12:11:57 PM
12659B,N,O,03/27/2026 10:22:52 AM
12660A,N,O,03/27/2026 12:25:15 PM
12661A,N,O,03/27/2026 08:28:55 AM
12661B,N,O,03/27/2026 08:29:03 AM
12662A,N,O,03/27/2026 10:49:03 AM
12662B,N,O,03/27/2026 11:08:57 AM
12663A,N,O,03/27/2026 12:27:31 PM
12663B,N,O,03/27/2026 12:22:35 PM
12664A,N,V,03/27/2026 12:18:08 PM
12664B,N,O,03/27/2026 11:46:27 AM
12665A,N,V,03/27/2026 11:32:03 AM
12665B,N,O,03/26/2026 07:44:11 PM
12666A,NU,O,03/26/2026 05:02:27 PM
12666B,NU,O,03/26/2026 09:51:19 PM
12667A,NU,O,03/26/2026 10:38:32 PM
12667B,NU,O,03/26/2026 10:20:05 PM
12668A,NU,O,03/26/2026 08:12:19 PM
12668B,NU,O,03/26/2026 09:12:31 PM
12669A,NU,V,03/26/2026 11:30:31 PM
12669B,NU,O,03/26/2026 10:11:47 PM
1266A,N,O,03/27/2026 11:55:36 AM
1266B,N,O,03/27/2026 12:23:53 PM
12670A,N,O,03/27/2026 12:25:32 PM
12670B,N,O,03/27/2026 12:27:03 PM
12671A,N,V,03/27/2026 12:27:27 PM
12671B,N,O,03/27/2026 12:21:44 PM
12672A,N,O,03/27/2026 10:36:52 AM
12672B,N,O,03/27/2026 12:25:20 PM
12673A,N,V,03/27/2026 12:22:13 PM
12673B,N,V,03/27/2026 11:42:29 AM
12674A,N,V,03/27/2026 12:27:21 PM
12674B,N,O,03/27/2026 12:15:35 PM
12675A,N,O,03/27/2026 08:44:48 AM
12675B,N,O,03/27/2026 11:55:49 AM
12676B,N,O,03/27/2026 12:02:39 PM
12677A,N,O,03/27/2026 07:57:51 AM
12677B,N,O,03/27/2026 07:58:00 AM
12678A,N,O,03/27/2026 11:23:20 AM
12678B,N,O,03/27/2026 07:56:48 AM
12679A,N,O,03/27/2026 07:55:47 AM
12679B,N,O,03/27/2026 07:55:47 AM
1267A,N,O,03/27/2026 12:22:48 PM
1267B,N,V,03/27/2026 12:19:13 PM
12680A,N,V,03/27/2026 12:05:54 PM
12680B,N,V,03/27/2026 12:25:14 PM
12681A,N,O,03/27/2026 07:58:49 AM
12681B,N,O,03/27/2026 07:58:49 AM
12685A,N,V,03/27/2026 12:12:08 PM
12685B,N,V,03/27/2026 12:09:04 PM
12686A,N,O,03/27/2026 11:34:28 AM
12686B,N,V,03/27/2026 12:09:12 PM
12687A,N,O,03/27/2026 11:36:02 AM
12687B,N,O,03/27/2026 08:46:21 AM
12688A,N,O,03/27/2026 12:10:52 PM
12688B,N,O,03/27/2026 11:43:19 AM
12689A,N,O,03/27/2026 06:55:52 AM
12689B,N,O,03/27/2026 08:49:15 AM
1268A,N,O,03/27/2026 10:01:10 AM
1268B,N,O,03/27/2026 12:14:46 PM
12690A,N,V,03/27/2026 12:24:18 PM
12690B,N,V,03/27/2026 12:21:13 PM
12691A,N,O,03/27/2026 12:26:43 PM
12691B,N,O,03/27/2026 12:20:43 PM
1269A,N,O,03/27/2026 11:39:12 AM
1269B,N,O,03/27/2026 08:26:00 AM
126B,N,O,03/27/2026 07:49:00 AM
12701A,N,O,03/27/2026 09:51:54 AM
12701B,N,V,03/27/2026 11:58:17 AM
12702A,N,O,03/27/2026 11:14:17 AM
12702B,N,O,03/27/2026 10:12:44 AM
12703A,N,O,03/27/2026 11:50:15 AM
12703B,N,O,03/27/2026 12:26:11 PM
12704A,N,O,03/27/2026 12:02:05 PM
12704B,N,O,03/27/2026 10:08:33 AM
12705A,N,O,03/27/2026 08:49:12 AM
12705B,N,O,03/27/2026 12:15:26 PM
12706A,N,O,03/27/2026 10:13:14 AM
12706B,N,V,03/27/2026 12:24:44 PM
12707B,N,V,03/27/2026 12:10:48 PM
12708A,N,V,03/27/2026 12:23:23 PM
12708B,N,O,03/27/2026 09:31:38 AM
12709A,N,O,03/27/2026 12:20:26 PM
12709B,N,O,03/27/2026 12:25:36 PM
1270A,N,O,03/27/2026 11:48:11 AM
1270B,N,O,03/27/2026 12:22:16 PM
12710A,N,O,03/27/2026 08:42:55 AM
12710B,N,V,03/27/2026 10:17:56 AM
12711A,N,O,03/27/2026 12:18:08 PM
12711B,N,O,03/27/2026 12:23:37 PM
12712A,N,O,03/27/2026 07:57:45 AM
12712B,N,O,03/27/2026 10:48:36 AM
12713A,N,V,03/27/2026 12:27:25 PM
12713B,N,O,03/27/2026 12:23:42 PM
12714A,N,O,03/27/2026 08:25:46 AM
12714B,N,V,03/27/2026 11:57:56 AM
12715A,N,O,03/27/2026 08:45:32 AM
12715B,N,O,03/27/2026 11:44:32 AM
12716A,N,O,03/27/2026 11:38:19 AM
12716B,N,O,03/27/2026 08:10:35 AM
12717A,N,O,03/27/2026 11:47:28 AM
12717B,N,O,03/27/2026 11:28:07 AM
12718A,N,O,03/27/2026 12:21:06 PM
12718B,N,O,03/27/2026 08:24:12 AM
12719A,N,O,03/27/2026 07:55:51 AM
12719B,N,O,03/27/2026 12:18:48 PM
1271A,N,O,03/27/2026 11:51:16 AM
1271B,N,O,03/27/2026 11:28:23 AM
12720A,N,V,03/27/2026 11:45:00 AM
12720B,NU,O,03/27/2026 10:53:14 AM
1272A,N,O,03/27/2026 11:31:47 AM
1272B,N,O,03/27/2026 10:36:23 AM
1273A,N,O,03/27/2026 12:20:42 PM
1273B,N,O,03/27/2026 12:14:32 PM
127B,N,V,03/27/2026 12:27:18 PM
1280A,N,O,03/27/2026 10:56:40 AM
1280B,N,O,03/27/2026 11:00:27 AM
1281A,N,O,03/27/2026 11:26:02 AM
1281B,N,O,03/27/2026 10:12:25 AM
1282A,N,O,03/27/2026 11:16:21 AM
1282B,N,O,03/27/2026 09:40:29 AM
1283A,N,O,03/27/2026 09:44:59 AM
1283B,N,O,03/27/2026 12:26:30 PM
1284A,N,O,03/27/2026 11:56:53 AM
1284B,N,O,03/27/2026 12:20:38 PM
12A,NU,V,02/25/2026 11:44:33 PM
12B,NU,V,02/25/2026 11:59:52 PM
13001A,N,O,03/27/2026 11:32:24 AM
13001B,N,O,03/27/2026 08:31:11 AM
13002B,N,O,03/27/2026 10:52:17 AM
13003A,N,O,03/27/2026 10:09:26 AM
13003B,N,O,03/27/2026 08:33:29 AM
13004A,N,O,03/27/2026 11:26:49 AM
13004B,N,O,03/27/2026 10:39:58 AM
13005A,N,O,03/27/2026 08:00:37 AM
13005B,N,O,03/27/2026 11:34:53 AM
13006A,N,O,03/27/2026 09:36:42 AM
13006B,N,O,03/27/2026 11:33:19 AM
13007A,N,O,03/27/2026 10:57:04 AM
13007B,N,O,03/27/2026 08:27:55 AM
13008A,N,O,03/27/2026 07:51:11 AM
13008B,N,O,03/27/2026 07:40:46 AM
13009A,N,O,03/27/2026 12:14:40 PM
13009B,N,O,03/27/2026 06:55:54 AM
13010A,N,O,03/27/2026 07:59:48 AM
13010B,N,O,03/27/2026 08:10:46 AM
13011A,N,O,03/27/2026 09:17:10 AM
13011B,N,V,03/27/2026 09:47:03 AM
13012A,N,O,03/27/2026 10:13:54 AM
13012B,N,V,03/27/2026 11:25:19 AM
13013A,N,O,03/27/2026 12:27:02 PM
13013B,N,O,03/27/2026 09:19:53 AM
13014A,N,V,03/27/2026 12:12:42 PM
13014B,N,O,03/27/2026 06:55:50 AM
13015A,N,O,03/27/2026 11:11:40 AM
13015B,N,O,03/27/2026 12:27:14 PM
13016A,N,V,03/27/2026 12:26:55 PM
13016B,N,V,03/27/2026 12:27:28 PM
13017B,N,O,03/27/2026 12:09:25 PM
13018A,N,V,03/27/2026 11:10:38 AM
13018B,N,V,03/27/2026 12:01:38 PM
13019A,N,O,03/27/2026 10:57:03 AM
13019B,N,O,03/27/2026 09:26:45 AM
13020A,N,V,03/27/2026 12:20:52 PM
13020B,N,O,03/27/2026 12:24:45 PM
13021B,N,O,03/27/2026 09:02:13 AM
13023A,NU,V,12/12/2025 09:59:29 AM
13023B,NU,V,12/12/2025 09:56:05 AM
13024B,NU,V,12/12/2025 09:41:32 AM
13030A,N,O,03/27/2026 12:27:40 PM
13031B,N,V,03/27/2026 12:27:12 PM
13032A,N,O,03/27/2026 11:56:39 AM
13032B,N,O,03/27/2026 11:24:05 AM
13033A,N,V,03/27/2026 12:23:58 PM
13033B,N,O,03/27/2026 06:56:44 AM
13034A,N,O,03/27/2026 09:09:33 AM
13034B,N,V,03/27/2026 09:40:58 AM
13035A,N,O,03/27/2026 06:59:52 AM
13035B,N,V,03/27/2026 09:56:51 AM
13036A,N,O,03/27/2026 06:58:47 AM
13036B,N,O,03/27/2026 12:27:16 PM
13037A,N,O,03/27/2026 12:21:30 PM
13040A,N,O,03/27/2026 11:08:22 AM
13040B,N,O,03/27/2026 06:59:52 AM
13046B,N,O,03/27/2026 10:39:20 AM
13047A,N,O,03/27/2026 11:11:55 AM
13047B,N,O,03/27/2026 07:53:00 AM
13048A,N,V,03/27/2026 11:44:39 AM
13048B,N,V,03/27/2026 12:13:20 PM
13049A,N,O,03/27/2026 12:07:17 PM
13049B,N,O,03/27/2026 08:47:16 AM
13050A,N,O,03/27/2026 08:19:41 AM
13050B,N,O,03/27/2026 08:29:31 AM
13051A,N,O,03/27/2026 11:17:09 AM
13051B,N,O,03/27/2026 08:58:50 AM
13052A,N,O,03/27/2026 09:54:44 AM
13052B,N,V,03/27/2026 12:27:15 PM
13053B,N,O,03/27/2026 07:04:27 AM
13054A,N,O,03/27/2026 09:11:43 AM
13054B,N,O,03/27/2026 09:33:14 AM
13055A,N,O,03/27/2026 12:03:19 PM
13055B,N,O,03/27/2026 11:27:34 AM
13056A,N,O,03/27/2026 12:23:34 PM
13056B,N,O,03/27/2026 06:58:46 AM
13057B,N,O,03/27/2026 06:57:49 AM
13058A,N,V,03/27/2026 12:23:56 PM
13058B,N,O,03/27/2026 09:56:51 AM
13061B,N,O,03/27/2026 09:35:56 AM
13062A,N,O,03/27/2026 10:40:03 AM
13062B,N,O,03/27/2026 12:05:47 PM
13066A,N,O,03/27/2026 11:31:02 AM
13066B,N,V,03/27/2026 12:16:19 PM
13067A,N,V,03/27/2026 12:20:46 PM
13067B,N,O,03/27/2026 10:42:13 AM
13068A,N,O,03/27/2026 12:27:42 PM
13068B,N,O,03/27/2026 12:12:42 PM
13069A,N,O,03/27/2026 12:24:33 PM
13069B,N,O,03/27/2026 09:03:30 AM
13070A,N,O,03/27/2026 10:20:11 AM
13070B,N,O,03/27/2026 12:12:29 PM
13075A,N,O,03/27/2026 10:26:52 AM
13075B,N,O,03/27/2026 07:57:05 AM
13076A,N,V,03/27/2026 12:15:29 PM
13076B,N,O,03/27/2026 08:40:23 AM
13078A,NU,O,01/21/2026 05:59:31 PM
13078B,NU,O,01/21/2026 05:26:46 PM
13084A,N,O,03/27/2026 08:25:24 AM
13084B,N,O,03/27/2026 12:25:50 PM
13085A,N,O,03/27/2026 12:12:17 PM
13085B,N,V,03/27/2026 10:20:10 AM
13086A,N,V,03/27/2026 12:23:09 PM
13086B,N,V,03/27/2026 12:23:05 PM
13087A,N,O,03/27/2026 12:03:55 PM
13087B,N,O,03/27/2026 10:17:58 AM
13100B,N,V,03/27/2026 12:27:08 PM
13101A,N,O,03/27/2026 09:43:03 AM
13101B,N,V,03/27/2026 12:14:18 PM
13102A,N,O,03/27/2026 12:26:56 PM
13102B,N,O,03/27/2026 12:27:29 PM
13103A,N,V,03/27/2026 12:21:04 PM
13103B,N,O,03/27/2026 12:24:16 PM
13104A,N,O,03/27/2026 08:26:10 AM
13104B,N,O,03/27/2026 11:44:32 AM
13111B,N,O,03/27/2026 12:19:12 PM
13112A,N,V,03/27/2026 08:00:46 AM
13112B,N,O,03/27/2026 12:21:35 PM
13113A,N,O,03/27/2026 12:13:38 PM
13113B,N,V,03/27/2026 12:23:13 PM
13114A,N,O,03/27/2026 10:55:12 AM
13114B,N,O,03/27/2026 10:51:11 AM
13115A,N,V,03/27/2026 12:20:31 PM
13115B,N,O,03/27/2026 12:06:39 PM
13116A,N,O,03/27/2026 12:19:31 PM
13116B,N,O,03/27/2026 09:24:13 AM
13117A,N,O,03/27/2026 12:09:24 PM
13117B,N,O,03/27/2026 09:41:50 AM
13118A,N,O,03/27/2026 09:07:18 AM
13120A,N,O,03/27/2026 06:59:47 AM
13120B,N,O,03/27/2026 12:22:43 PM
13121A,N,O,03/27/2026 11:52:11 AM
13122A,N,O,03/27/2026 11:01:09 AM
13122B,N,O,03/27/2026 12:13:29 PM
13123A,N,O,03/27/2026 08:41:56 AM
13123B,N,O,03/27/2026 06:56:42 AM
13124A,N,O,03/27/2026 10:50:38 AM
13126A,N,O,03/27/2026 11:19:20 AM
13126B,N,O,03/27/2026 11:45:10 AM
13127B,N,O,03/27/2026 11:31:24 AM
13128A,N,O,03/27/2026 10:39:10 AM
13128B,N,O,03/27/2026 10:24:45 AM
13129A,N,O,03/27/2026 08:40:59 AM
13129B,N,V,03/27/2026 08:49:29 AM
13200A,N,O,03/27/2026 07:28:42 AM
13200B,NU,O,03/27/2026 12:02:28 PM
13201A,N,O,03/27/2026 06:58:51 AM
13202A,N,O,03/27/2026 10:56:31 AM
13202B,N,O,03/27/2026 12:25:36 PM
13203A,N,O,03/27/2026 11:56:26 AM
13205A,N,O,03/27/2026 12:16:27 PM
13206A,N,O,03/27/2026 12:06:43 PM
13207A,N,O,03/27/2026 12:19:40 PM
13207B,N,V,03/27/2026 12:27:27 PM
13208A,N,O,03/27/2026 12:18:46 PM
13208B,N,O,03/27/2026 12:24:15 PM
13209A,N,O,03/27/2026 11:17:33 AM
13210A,N,V,03/27/2026 12:22:42 PM
13211B,N,O,03/27/2026 06:58:51 AM
13212A,N,O,03/27/2026 07:29:54 AM
13212B,N,V,03/27/2026 09:07:35 AM
13213A,N,O,03/27/2026 11:45:12 AM
13213B,N,O,03/27/2026 12:04:14 PM
13214A,N,O,03/27/2026 12:11:54 PM
13214B,N,V,03/27/2026 11:43:00 AM
13216A,N,O,03/27/2026 11:18:29 AM
13216B,N,O,03/27/2026 12:14:31 PM
13217B,N,O,03/27/2026 11:51:31 AM
13218A,N,V,03/27/2026 11:45:13 AM
13218B,N,V,03/27/2026 12:05:06 PM
13219B,N,O,03/27/2026 12:17:27 PM
13222A,N,O,03/27/2026 11:33:38 AM
13222B,N,O,03/27/2026 11:33:38 AM
13223A,N,V,03/27/2026 12:21:27 PM
13223B,N,O,03/27/2026 06:56:45 AM
13224B,N,O,03/27/2026 11:42:24 AM
13225A,N,V,03/27/2026 12:15:26 PM
13225B,N,V,03/27/2026 12:13:04 PM
13226A,N,O,03/27/2026 11:54:06 AM
13226B,N,O,03/27/2026 12:17:37 PM
13227A,N,O,03/27/2026 12:05:53 PM
13227B,N,O,03/27/2026 12:06:14 PM
13229B,N,V,03/27/2026 12:26:20 PM
13231A,N,O,03/27/2026 11:54:19 AM
13231B,N,O,03/27/2026 06:58:51 AM
13232A,N,O,03/27/2026 09:22:19 AM
13232B,N,V,03/27/2026 12:09:13 PM
13233B,N,O,03/27/2026 10:10:32 AM
13238A,N,O,03/27/2026 12:26:20 PM
13238B,N,V,03/27/2026 12:08:43 PM
13239A,N,V,03/27/2026 12:09:35 PM
13239B,N,V,03/27/2026 12:21:47 PM
13240A,N,O,03/27/2026 07:00:30 AM
13240B,N,O,03/27/2026 12:09:07 PM
13241B,N,O,03/27/2026 06:58:50 AM
13243B,N,O,03/27/2026 12:27:29 PM
13245B,N,O,03/27/2026 09:17:31 AM
13246A,N,V,03/27/2026 12:26:54 PM
13246B,N,O,03/27/2026 11:02:36 AM
13247A,N,V,03/27/2026 12:22:57 PM
13249A,N,O,03/27/2026 06:55:53 AM
13249B,N,O,03/27/2026 12:15:44 PM
13250A,N,O,03/27/2026 12:22:19 PM
13250B,N,V,03/27/2026 11:59:43 AM
13251A,N,V,03/27/2026 12:01:10 PM
13251B,N,O,03/27/2026 12:00:43 PM
13252A,N,O,03/27/2026 09:37:59 AM
13252B,N,V,03/27/2026 12:25:09 PM
13253A,N,O,03/27/2026 12:27:41 PM
13253B,N,O,03/27/2026 11:29:10 AM
13254A,N,O,03/27/2026 12:19:43 PM
13254B,N,V,03/27/2026 12:25:36 PM
13255A,N,V,03/27/2026 12:07:07 PM
13255B,N,O,03/27/2026 06:59:52 AM
13256B,N,V,03/27/2026 12:27:36 PM
13257A,N,V,03/27/2026 12:13:19 PM
13257B,N,O,03/27/2026 11:54:56 AM
13258B,N,O,03/27/2026 08:48:37 AM
13259A,N,O,12/22/2025 08:08:10 PM
13259B,N,O,03/27/2026 06:55:42 AM
13260A,N,V,03/27/2026 11:11:33 AM
13260B,N,V,03/27/2026 12:12:36 PM
13261A,N,O,03/27/2026 12:15:05 PM
13261B,N,O,03/27/2026 06:58:43 AM
13262A,N,O,03/27/2026 11:48:11 AM
13264A,N,O,03/27/2026 11:30:25 AM
13264B,N,O,03/27/2026 06:55:47 AM
13265A,N,V,03/27/2026 12:27:43 PM
13265B,N,O,03/27/2026 06:59:40 AM
13266A,N,O,03/27/2026 06:58:43 AM
13266B,N,O,03/27/2026 12:21:04 PM
13267A,N,O,03/27/2026 10:45:40 AM
13267B,N,V,03/27/2026 12:23:40 PM
13268A,N,O,03/27/2026 11:24:03 AM
13268B,N,O,03/27/2026 10:54:03 AM
13277A,N,O,03/27/2026 10:44:03 AM
13277B,N,O,03/27/2026 11:24:14 AM
13278A,N,O,03/27/2026 09:29:54 AM
13278B,N,V,03/27/2026 12:27:42 PM
13279A,N,O,03/27/2026 12:14:07 PM
13280A,N,V,03/27/2026 12:01:55 PM
13280B,N,O,03/27/2026 11:44:48 AM
13281A,N,O,03/27/2026 10:40:36 AM
13281B,N,V,03/27/2026 12:27:19 PM
13282A,N,O,03/27/2026 11:47:26 AM
13282B,N,O,03/27/2026 12:22:41 PM
13283A,N,O,03/27/2026 10:55:16 AM
13283B,N,O,03/27/2026 10:55:16 AM
13284A,N,O,03/27/2026 12:26:36 PM
13284B,N,O,03/27/2026 11:48:08 AM
13285B,N,O,03/27/2026 11:30:50 AM
13292A,N,O,03/27/2026 12:27:34 PM
13292B,N,V,03/27/2026 12:00:55 PM
13293A,N,V,03/27/2026 12:24:00 PM
13293B,N,O,03/27/2026 10:44:04 AM
13294A,N,O,03/27/2026 12:27:18 PM
13294B,N,O,03/27/2026 12:27:29 PM
13295B,N,V,03/27/2026 12:19:19 PM
13297A,N,O,03/27/2026 12:07:54 PM
13297B,N,O,03/27/2026 12:25:46 PM
13298A,N,V,03/27/2026 12:25:29 PM
13298B,N,O,03/27/2026 11:25:35 AM
13299A,N,V,03/27/2026 11:06:58 AM
13299B,N,V,03/27/2026 11:30:13 AM
1329A,N,O,03/27/2026 07:53:52 AM
1329B,N,O,03/27/2026 06:55:46 AM
13300A,N,V,03/27/2026 12:07:31 PM
13300B,N,V,03/27/2026 12:11:47 PM
13302A,N,V,03/27/2026 12:23:31 PM
13303A,N,O,03/27/2026 07:29:35 AM
13303B,N,O,03/27/2026 10:51:31 AM
13304A,N,V,03/27/2026 12:10:41 PM
13304B,N,V,03/22/2026 08:55:59 AM
13305A,N,O,03/27/2026 12:19:59 PM
13305B,N,O,03/27/2026 12:14:38 PM
13306A,N,V,03/27/2026 12:07:46 PM
13306B,N,V,03/27/2026 12:07:14 PM
13307A,N,O,03/27/2026 11:24:25 AM
13307B,N,O,03/27/2026 12:26:57 PM
13311A,N,O,03/27/2026 12:27:03 PM
13311B,N,O,03/27/2026 11:50:08 AM
13312A,N,O,03/27/2026 11:53:13 AM
13312B,N,O,03/27/2026 06:57:47 AM
13313A,N,O,03/27/2026 11:05:34 AM
13314A,N,V,03/27/2026 12:13:14 PM
13314B,N,O,03/27/2026 06:55:44 AM
13315A,N,O,03/27/2026 10:14:39 AM
13315B,N,V,03/27/2026 11:57:22 AM
13316A,N,O,03/27/2026 12:27:39 PM
13316B,N,V,03/27/2026 12:27:31 PM
13319A,N,O,03/27/2026 11:07:31 AM
13319B,N,O,03/27/2026 12:26:03 PM
13320B,N,V,03/27/2026 12:25:13 PM
13321A,N,O,03/27/2026 11:56:30 AM
13321B,N,O,03/27/2026 12:14:58 PM
13322B,N,V,03/27/2026 12:26:47 PM
13323B,N,V,03/27/2026 12:10:40 PM
13324A,N,V,03/27/2026 11:35:01 AM
13325A,N,O,03/27/2026 11:43:52 AM
13325B,N,V,03/27/2026 12:15:03 PM
13326A,N,V,03/27/2026 12:21:13 PM
13326B,N,V,03/27/2026 12:27:37 PM
13332A,N,O,03/27/2026 12:25:58 PM
13332B,N,O,03/27/2026 12:27:02 PM
13333A,N,V,03/27/2026 12:27:35 PM
13334A,N,O,03/27/2026 11:19:33 AM
13334B,N,V,03/27/2026 10:35:45 AM
13335A,N,V,03/27/2026 11:39:29 AM
13335B,N,O,03/27/2026 12:25:16 PM
13336A,N,O,03/27/2026 12:19:41 PM
13336B,N,O,03/27/2026 12:27:12 PM
13337A,N,V,03/27/2026 11:41:50 AM
13337B,N,V,03/27/2026 12:26:50 PM
13338A,N,V,03/27/2026 11:58:57 AM
13338B,N,O,03/27/2026 11:51:49 AM
13339A,N,V,03/27/2026 12:27:11 PM
13340A,N,V,03/27/2026 12:20:26 PM
13340B,N,V,03/27/2026 12:27:29 PM
13341A,N,O,03/27/2026 11:39:14 AM
13341B,N,V,03/27/2026 12:24:46 PM
13343B,N,O,03/27/2026 11:08:16 AM
13344A,N,O,03/27/2026 12:02:10 PM
13344B,N,V,03/27/2026 12:27:31 PM
13345A,N,V,03/27/2026 12:27:05 PM
13345B,N,O,03/27/2026 12:25:20 PM
13346A,N,V,03/27/2026 11:54:56 AM
13346B,N,V,03/27/2026 11:54:56 AM
13347A,N,V,03/27/2026 12:26:44 PM
13347B,N,V,03/27/2026 12:27:20 PM
13348A,N,O,03/27/2026 11:52:53 AM
13348B,N,O,03/27/2026 12:27:22 PM
13349A,N,O,03/27/2026 06:55:44 AM
1334A,N,O,03/27/2026 12:20:44 PM
1334B,N,O,03/27/2026 12:04:30 PM
13350A,N,O,03/27/2026 12:21:24 PM
13350B,N,V,03/27/2026 12:23:58 PM
13351A,N,V,03/27/2026 10:57:00 AM
13351B,N,V,03/27/2026 10:25:51 AM
13352A,N,O,03/27/2026 12:25:46 PM
13352B,N,O,03/27/2026 12:01:56 PM
13355A,N,V,03/27/2026 11:06:14 AM
13355B,N,V,03/27/2026 12:27:18 PM
13356A,N,O,03/27/2026 12:26:49 PM
13356B,N,O,03/27/2026 12:27:21 PM
13357A,N,O,03/27/2026 12:00:05 PM
13357B,N,O,03/27/2026 12:03:31 PM
13358A,N,O,03/27/2026 12:02:44 PM
13358B,N,O,03/27/2026 06:56:48 AM
13359A,N,V,03/27/2026 12:23:54 PM
13359B,N,O,03/27/2026 06:55:44 AM
1335A,N,O,03/27/2026 12:01:12 PM
1335B,N,O,03/27/2026 10:07:58 AM
1336A,N,O,03/27/2026 11:47:43 AM
1336B,N,O,03/27/2026 11:43:12 AM
1337A,N,O,03/27/2026 08:27:45 AM
1337B,N,O,03/27/2026 12:23:48 PM
13400A,N,O,03/27/2026 07:21:35 AM
13400B,N,O,03/27/2026 12:27:08 PM
13401A,N,O,03/27/2026 07:56:49 AM
13401B,N,O,03/27/2026 08:53:18 AM
13402A,N,O,03/27/2026 10:25:49 AM
13402B,N,O,03/27/2026 10:06:20 AM
13403A,N,O,03/27/2026 12:12:45 PM
13403B,N,O,03/27/2026 12:08:23 PM
13404A,N,O,03/27/2026 12:17:55 PM
13404B,N,O,03/27/2026 10:39:14 AM
13405A,N,V,03/27/2026 09:18:45 AM
13405B,N,O,03/27/2026 08:05:27 AM
13413A,N,O,03/27/2026 09:48:22 AM
13413B,N,V,03/27/2026 12:13:08 PM
13422A,N,O,03/27/2026 09:28:03 AM
13422B,N,O,03/27/2026 10:12:46 AM
13423B,N,O,03/27/2026 11:55:55 AM
13427A,N,O,03/27/2026 11:29:05 AM
13427B,N,O,03/27/2026 08:09:28 AM
13428A,N,V,03/27/2026 12:25:57 PM
13428B,N,V,03/27/2026 11:39:59 AM
13431A,N,V,03/27/2026 10:57:42 AM
13431B,N,O,03/27/2026 08:02:25 AM
13432A,N,V,03/27/2026 11:54:10 AM
13432B,N,V,03/27/2026 12:27:34 PM
13433A,N,O,03/27/2026 09:14:51 AM
13433B,N,V,03/27/2026 12:27:15 PM
13434A,N,V,03/27/2026 12:25:22 PM
13434B,N,O,03/27/2026 09:26:46 AM
13461A,N,V,03/27/2026 12:26:51 PM
13462A,N,V,03/27/2026 11:42:17 AM
13462B,N,V,03/27/2026 12:26:34 PM
13463A,N,O,03/27/2026 10:52:50 AM
13463B,N,O,03/27/2026 11:06:25 AM
13464A,N,V,03/27/2026 12:05:04 PM
13464B,N,O,03/27/2026 12:20:45 PM
13465B,N,O,03/27/2026 06:59:46 AM
13466A,N,O,03/27/2026 12:26:15 PM
13466B,N,V,03/27/2026 12:27:11 PM
13467A,N,V,03/27/2026 11:54:46 AM
13467B,N,O,03/27/2026 12:27:39 PM
13468B,N,O,03/27/2026 11:41:34 AM
13469A,N,O,03/27/2026 11:27:11 AM
13469B,N,O,03/27/2026 12:01:28 PM
13470A,N,O,03/27/2026 10:09:12 AM
13470B,N,O,03/27/2026 10:08:48 AM
13471A,N,O,03/27/2026 12:19:03 PM
13471B,N,O,03/27/2026 11:58:59 AM
13472A,N,O,03/27/2026 12:27:16 PM
13472B,N,O,03/27/2026 12:26:45 PM
13473A,N,O,03/27/2026 11:08:48 AM
13473B,N,O,03/27/2026 12:03:16 PM
13474A,N,O,03/27/2026 11:26:45 AM
13474B,N,V,03/27/2026 12:08:15 PM
13476A,N,O,03/27/2026 11:23:04 AM
13476B,N,V,03/27/2026 12:27:31 PM
13477A,N,O,03/27/2026 12:26:53 PM
13477B,N,V,03/27/2026 12:12:51 PM
13478A,N,O,11/08/2025 11:10:25 AM
13478B,N,V,03/27/2026 12:10:07 PM
13479A,N,V,03/27/2026 12:15:52 PM
13479B,N,O,03/27/2026 12:23:40 PM
13480A,N,O,03/27/2026 12:16:15 PM
13481A,N,O,03/27/2026 12:25:50 PM
13481B,N,O,03/27/2026 12:24:20 PM
13482A,N,O,03/27/2026 12:02:49 PM
13482B,N,O,03/27/2026 11:09:35 AM
13484A,N,O,03/27/2026 11:48:46 AM
13484B,N,V,03/27/2026 12:24:12 PM
13485B,N,O,03/27/2026 11:44:35 AM
13486A,N,O,03/27/2026 12:18:09 PM
13487A,N,O,03/27/2026 12:01:34 PM
13487B,N,O,03/27/2026 12:25:33 PM
13488A,N,V,03/26/2026 11:12:34 PM
13488B,N,O,03/27/2026 08:05:49 AM
13489B,N,V,03/27/2026 12:27:27 PM
13490A,N,O,03/27/2026 12:13:09 PM
13490B,N,O,03/27/2026 12:03:23 PM
13491B,N,O,03/27/2026 07:23:50 AM
13496A,N,O,03/27/2026 11:39:57 AM
13496B,N,V,03/27/2026 12:13:16 PM
13497A,N,V,03/27/2026 11:31:04 AM
13497B,N,V,03/27/2026 12:12:56 PM
13498A,N,V,03/27/2026 11:24:10 AM
13498B,N,V,03/27/2026 12:11:16 PM
13499A,N,V,03/27/2026 12:27:34 PM
13499B,N,V,03/27/2026 10:58:02 AM
13521A,N,V,03/27/2026 12:01:53 PM
13521B,N,O,03/27/2026 12:27:12 PM
13522A,N,V,03/27/2026 12:24:34 PM
13522B,N,O,03/27/2026 12:03:53 PM
13523B,N,V,03/27/2026 11:39:56 AM
13524A,N,V,03/27/2026 11:09:24 AM
13524B,N,V,03/27/2026 11:55:52 AM
13525B,N,O,03/27/2026 11:49:37 AM
13526A,N,V,03/27/2026 11:39:11 AM
13526B,N,O,03/27/2026 06:58:45 AM
13527A,N,V,03/27/2026 11:14:29 AM
13527B,N,O,03/27/2026 06:57:52 AM
13528B,N,O,03/27/2026 12:26:56 PM
13529A,N,O,03/27/2026 09:26:58 AM
13529B,N,V,03/27/2026 12:27:40 PM
13534B,N,O,03/27/2026 11:45:58 AM
13535A,N,V,03/27/2026 12:24:11 PM
13536A,N,V,03/27/2026 12:22:29 PM
13536B,N,O,03/27/2026 12:27:02 PM
13537B,N,O,03/27/2026 09:37:14 AM
13538A,N,V,03/27/2026 12:14:43 PM
13538B,N,O,03/27/2026 07:36:06 AM
13539B,N,O,03/27/2026 08:30:32 AM
13541B,N,V,03/27/2026 12:22:07 PM
13542B,N,O,03/27/2026 10:47:21 AM
13543A,N,V,03/27/2026 11:03:27 AM
13543B,N,V,03/27/2026 10:38:22 AM
13544A,N,V,03/27/2026 11:46:07 AM
13544B,N,V,03/27/2026 10:44:35 AM
13545A,N,O,03/27/2026 12:10:27 PM
13546A,N,V,03/27/2026 12:20:53 PM
13546B,N,O,03/27/2026 11:24:52 AM
13551A,N,O,03/27/2026 12:25:25 PM
13551B,N,O,03/27/2026 11:41:32 AM
13552A,N,O,03/27/2026 12:01:08 PM
13552B,N,O,03/27/2026 10:42:02 AM
13553A,N,V,03/27/2026 12:17:27 PM
13553B,N,V,03/27/2026 12:10:29 PM
13554A,N,V,03/27/2026 11:57:34 AM
13554B,N,V,03/27/2026 12:11:38 PM
13561A,N,O,03/27/2026 06:58:48 AM
13561B,N,O,03/27/2026 11:27:18 AM
13562A,N,O,03/27/2026 11:33:11 AM
13562B,N,O,03/27/2026 11:57:58 AM
13563A,N,O,03/27/2026 11:53:39 AM
13563B,N,O,03/27/2026 11:44:02 AM
13564A,N,O,03/27/2026 12:12:30 PM
13564B,N,O,03/27/2026 12:25:19 PM
13565A,N,V,03/27/2026 12:21:52 PM
13565B,N,O,03/27/2026 12:27:33 PM
13566A,N,O,03/27/2026 12:27:38 PM
13566B,N,O,03/27/2026 12:27:19 PM
13567A,N,V,03/27/2026 12:27:38 PM
13567B,N,O,03/27/2026 06:57:49 AM
13568A,N,V,03/27/2026 12:22:57 PM
13568B,N,V,03/27/2026 12:27:00 PM
13572B,N,O,03/27/2026 07:04:17 AM
13573B,N,O,03/27/2026 09:39:51 AM
13583A,N,V,03/27/2026 11:29:46 AM
13583B,N,V,03/27/2026 12:14:59 PM
13585A,N,O,03/27/2026 10:50:31 AM
13585B,N,O,03/27/2026 12:18:38 PM
13595A,N,O,03/27/2026 07:07:25 AM
13595B,N,O,03/27/2026 12:27:40 PM
13596A,N,O,03/27/2026 08:43:45 AM
13596B,N,O,12/13/2025 07:40:13 AM
13602A,N,O,03/27/2026 06:57:52 AM
13603A,N,V,03/27/2026 12:16:28 PM
13603B,N,V,03/27/2026 12:16:07 PM
13604A,N,O,03/27/2026 10:12:28 AM
13604B,N,V,03/27/2026 12:15:57 PM
13610B,N,O,03/27/2026 12:26:41 PM
13611A,N,V,03/27/2026 12:19:13 PM
13611B,N,V,03/27/2026 12:23:22 PM
13612A,N,O,03/27/2026 08:20:12 AM
13612B,N,V,03/27/2026 12:19:00 PM
13613A,N,V,03/27/2026 12:26:04 PM
13613B,N,O,03/27/2026 06:56:43 AM
13617A,N,V,03/27/2026 11:54:09 AM
13617B,N,V,03/27/2026 12:26:11 PM
13618A,N,O,03/27/2026 08:36:39 AM
13618B,N,V,03/27/2026 12:25:03 PM
13619B,N,O,03/27/2026 06:55:46 AM
13620B,N,V,03/27/2026 12:16:34 PM
13624A,N,O,03/27/2026 11:59:57 AM
13624B,N,O,03/27/2026 12:02:39 PM
13628B,N,O,03/27/2026 10:41:35 AM
13635A,N,O,03/27/2026 12:19:42 PM
13635B,N,O,03/27/2026 12:12:03 PM
13636A,N,O,03/27/2026 10:25:26 AM
13636B,N,O,03/27/2026 11:30:38 AM
13646A,N,O,03/27/2026 09:32:07 AM
13646B,N,O,03/27/2026 06:58:46 AM
13647A,N,O,03/27/2026 07:54:04 AM
13647B,N,O,03/27/2026 12:10:58 PM
13648A,N,V,03/27/2026 12:27:40 PM
13648B,N,O,03/27/2026 11:21:45 AM
13649A,N,O,03/27/2026 11:25:19 AM
13649B,N,V,03/27/2026 12:24:05 PM
13650A,N,O,03/27/2026 10:43:00 AM
13650B,N,O,03/27/2026 07:55:15 AM
13651B,N,O,03/27/2026 12:20:45 PM
13652A,N,V,03/27/2026 12:18:36 PM
13652B,N,O,03/27/2026 10:48:40 AM
13654A,N,O,03/27/2026 12:27:12 PM
13654B,N,O,03/27/2026 08:22:50 AM
13655A,N,O,03/27/2026 11:34:30 AM
13655B,N,V,03/27/2026 11:23:33 AM
13656A,N,O,03/27/2026 12:14:55 PM
13656B,N,V,03/27/2026 12:19:37 PM
13658A,N,O,03/27/2026 12:25:25 PM
13658B,N,O,03/27/2026 12:27:39 PM
13659A,N,O,03/27/2026 10:52:03 AM
13659B,N,O,03/27/2026 09:24:32 AM
13660B,N,V,03/27/2026 11:26:10 AM
13661A,N,O,03/27/2026 07:15:24 AM
13662B,N,O,03/27/2026 08:04:45 AM
13663A,N,O,03/27/2026 10:57:29 AM
13663B,N,O,03/27/2026 12:01:34 PM
13672A,N,V,03/27/2026 12:15:00 PM
13672B,N,O,03/27/2026 11:53:35 AM
13673A,N,O,03/27/2026 11:45:15 AM
13673B,N,V,03/27/2026 12:22:13 PM
13674A,N,O,03/27/2026 12:24:41 PM
13674B,N,O,03/27/2026 12:20:21 PM
13675A,N,O,03/27/2026 11:13:51 AM
13675B,N,O,03/27/2026 12:10:44 PM
13676A,N,O,03/27/2026 11:42:17 AM
13676B,N,V,03/27/2026 12:27:23 PM
13677A,N,V,03/27/2026 12:26:46 PM
13678A,N,O,03/27/2026 07:53:57 AM
13678B,N,O,03/27/2026 08:46:26 AM
13679B,N,V,03/27/2026 12:22:00 PM
13682A,N,O,03/27/2026 07:13:39 AM
13682B,N,V,03/27/2026 09:53:30 AM
13683A,N,O,03/27/2026 10:04:57 AM
13683B,N,V,03/27/2026 12:19:44 PM
13684A,N,O,03/27/2026 12:19:00 PM
13684B,N,V,03/27/2026 12:00:50 PM
13695A,N,O,03/27/2026 12:27:25 PM
13695B,N,O,03/27/2026 12:00:15 PM
13696A,N,V,03/27/2026 12:04:11 PM
13696B,N,V,03/27/2026 12:21:03 PM
13697A,N,O,03/27/2026 11:35:20 AM
13697B,N,O,03/27/2026 11:02:10 AM
13698A,N,V,03/27/2026 12:10:49 PM
13698B,N,V,03/27/2026 12:26:41 PM
13700A,N,O,03/27/2026 07:01:14 AM
13700B,N,V,03/27/2026 12:21:20 PM
13704B,N,O,03/27/2026 06:55:49 AM
13705A,N,O,03/27/2026 11:03:17 AM
13705B,N,O,03/27/2026 11:42:42 AM
13706A,N,V,03/27/2026 12:25:53 PM
13706B,N,O,03/27/2026 10:50:44 AM
13711A,N,O,03/27/2026 11:32:40 AM
13711B,N,O,03/27/2026 08:50:40 AM
13712A,N,O,03/27/2026 06:57:49 AM
13712B,N,O,03/27/2026 11:50:09 AM
13713A,N,V,03/27/2026 10:14:24 AM
13713B,N,V,03/27/2026 12:23:15 PM
13714A,N,O,03/27/2026 09:04:29 AM
13714B,N,V,03/27/2026 12:21:27 PM
13881A,N,O,03/27/2026 12:01:59 PM
13881B,N,V,03/27/2026 11:55:01 AM
13882A,N,O,03/27/2026 12:06:29 PM
13882B,N,V,03/27/2026 12:27:14 PM
13883A,N,O,03/27/2026 10:47:14 AM
13883B,N,O,03/27/2026 11:39:32 AM
13884A,N,O,03/27/2026 12:09:13 PM
13884B,N,O,03/27/2026 07:56:01 AM
13885A,N,O,03/27/2026 12:01:29 PM
13885B,N,O,03/27/2026 10:42:54 AM
13886A,N,O,03/27/2026 07:59:00 AM
13886B,N,O,03/27/2026 07:58:52 AM
13887A,N,O,03/27/2026 11:56:49 AM
13887B,N,O,03/27/2026 07:28:40 AM
13888A,N,O,03/27/2026 06:56:54 AM
13888B,N,O,03/27/2026 11:38:24 AM
13889A,N,O,03/27/2026 11:59:16 AM
13889B,N,O,03/27/2026 12:16:38 PM
13893A,N,V,03/27/2026 12:10:11 PM
13893B,N,V,03/27/2026 12:06:53 PM
13896A,N,O,03/27/2026 11:24:22 AM
13896B,N,O,03/27/2026 11:02:22 AM
13901A,N,O,03/27/2026 08:12:24 AM
13902A,N,O,03/27/2026 12:02:32 PM
13902B,N,O,03/27/2026 12:03:44 PM
13903A,N,O,03/27/2026 10:13:44 AM
13904A,N,O,03/27/2026 09:59:08 AM
13904B,N,O,03/27/2026 10:27:56 AM
13905A,N,O,03/27/2026 09:36:03 AM
13905B,N,O,03/27/2026 12:15:28 PM
13906A,N,O,03/27/2026 12:06:49 PM
13907A,N,O,03/27/2026 12:08:23 PM
13907B,N,V,03/27/2026 12:16:52 PM
13908A,N,O,03/27/2026 11:19:53 AM
13908B,N,O,03/27/2026 12:17:16 PM
13909A,N,O,03/27/2026 11:41:00 AM
13909B,N,V,03/27/2026 12:27:33 PM
13910A,N,O,03/27/2026 12:05:58 PM
13910B,N,O,03/27/2026 12:24:05 PM
13911A,N,O,03/27/2026 11:25:20 AM
13911B,N,O,03/27/2026 11:53:57 AM
13912A,N,O,03/27/2026 06:57:42 AM
13912B,N,O,03/27/2026 09:50:29 AM
13913A,N,O,03/27/2026 12:25:49 PM
13913B,N,V,03/27/2026 11:40:58 AM
13914A,N,O,03/27/2026 12:17:03 PM
13914B,N,O,03/27/2026 08:04:04 AM
13915B,N,O,03/27/2026 11:56:48 AM
13916A,N,O,03/27/2026 11:49:03 AM
13916B,N,O,03/27/2026 11:31:12 AM
13917A,N,O,03/27/2026 10:52:51 AM
13917B,N,O,03/27/2026 11:59:47 AM
13918A,N,O,03/27/2026 12:13:13 PM
13918B,N,O,03/27/2026 12:03:58 PM
13919A,N,O,03/27/2026 11:47:09 AM
13920A,NU,O,03/27/2026 10:37:22 AM
13920B,NU,O,03/27/2026 12:11:46 PM
13921A,N,O,03/27/2026 12:07:42 PM
13921B,N,O,03/27/2026 11:50:17 AM
13922A,N,O,03/27/2026 11:48:06 AM
13922B,N,O,03/27/2026 07:57:54 AM
13923A,N,O,03/27/2026 10:12:07 AM
13923B,N,O,03/26/2026 08:19:13 AM
13924A,N,V,03/27/2026 12:27:32 PM
13924B,N,O,03/27/2026 12:09:57 PM
13925A,N,O,03/27/2026 12:04:40 PM
13925B,N,O,03/27/2026 11:49:07 AM
13926A,N,O,03/27/2026 10:43:29 AM
13926B,N,O,03/27/2026 11:57:03 AM
13927A,N,O,03/27/2026 06:57:47 AM
13927B,N,O,03/27/2026 09:04:20 AM
13928A,N,O,03/27/2026 06:56:49 AM
13928B,N,O,03/26/2026 06:56:52 AM
13929A,N,O,03/27/2026 11:57:31 AM
13931A,N,O,03/27/2026 10:59:44 AM
13931B,N,O,03/27/2026 10:35:48 AM
13932A,N,O,03/27/2026 12:11:56 PM
13932B,N,O,03/27/2026 11:17:40 AM
13933A,N,O,03/27/2026 12:18:23 PM
13933B,N,O,03/27/2026 12:26:44 PM
13934A,N,O,03/27/2026 10:41:29 AM
13934B,N,O,03/27/2026 11:01:39 AM
13935A,N,O,03/26/2026 11:50:48 PM
13935B,N,O,03/27/2026 09:14:05 AM
13936A,N,O,03/27/2026 08:08:40 AM
13936B,N,O,03/27/2026 07:56:49 AM
13937A,N,O,03/27/2026 07:57:49 AM
13937B,N,O,03/27/2026 07:57:49 AM
13938A,N,O,03/27/2026 11:20:30 AM
13938B,N,O,03/27/2026 09:37:58 AM
13939A,N,O,03/27/2026 09:37:24 AM
13941A,N,O,03/27/2026 12:18:24 PM
13941B,N,O,03/27/2026 12:00:08 PM
13942A,N,O,03/27/2026 06:57:44 AM
13942B,N,O,03/27/2026 06:57:44 AM
13943A,N,O,03/27/2026 12:13:40 PM
13943B,N,O,03/27/2026 12:00:08 PM
13944A,N,O,03/27/2026 07:55:52 AM
13944B,N,O,03/27/2026 10:43:30 AM
13945B,N,O,03/27/2026 12:11:49 PM
13946A,N,O,03/27/2026 12:16:37 PM
13946B,N,O,03/27/2026 06:58:52 AM
13950A,N,O,03/27/2026 10:49:08 AM
13950B,N,O,03/27/2026 12:15:40 PM
13951A,N,O,03/27/2026 11:59:29 AM
13951B,N,O,03/27/2026 06:58:57 AM
13952A,N,O,03/27/2026 12:01:39 PM
13952B,N,O,03/27/2026 11:08:35 AM
13953A,N,O,03/27/2026 06:56:55 AM
13953B,N,O,03/27/2026 12:09:29 PM
13954A,N,O,03/27/2026 08:13:56 AM
13954B,N,O,03/27/2026 12:24:30 PM
13955A,N,O,03/27/2026 11:48:33 AM
13955B,N,O,03/27/2026 12:07:33 PM
13956A,N,O,03/27/2026 11:41:35 AM
13956B,N,O,03/27/2026 12:03:27 PM
13957A,N,O,03/27/2026 11:19:50 AM
13957B,N,O,03/27/2026 11:59:22 AM
13958A,N,O,03/27/2026 08:58:11 AM
13958B,N,O,03/27/2026 09:14:51 AM
13960A,N,O,03/27/2026 07:28:01 AM
13960B,N,O,03/27/2026 10:22:55 AM
13961A,N,V,03/27/2026 12:27:31 PM
13961B,N,O,03/27/2026 08:35:26 AM
13962A,N,O,03/27/2026 06:57:50 AM
13962B,N,O,03/27/2026 12:07:19 PM
13963A,N,O,03/27/2026 12:24:29 PM
13963B,N,O,03/27/2026 11:36:35 AM
13964A,N,O,03/27/2026 11:36:38 AM
13964B,N,O,03/27/2026 06:56:10 AM
13965A,N,O,03/27/2026 06:59:52 AM
13A,NU,V,02/25/2026 11:46:20 PM
13B,NU,O,02/25/2026 11:59:12 PM
14002A,N,V,03/27/2026 11:48:34 AM
14003A,N,V,03/27/2026 10:53:18 AM
14003B,N,O,03/27/2026 11:54:52 AM
14004A,N,V,03/27/2026 12:27:42 PM
14004B,N,O,03/27/2026 11:42:32 AM
14005A,N,O,03/27/2026 09:52:03 AM
14005B,NU,O,03/27/2026 09:41:51 AM
14006A,N,V,03/27/2026 12:26:28 PM
14006B,N,O,03/27/2026 12:19:34 PM
14007B,N,V,03/27/2026 11:26:31 AM
14011A,N,V,03/27/2026 12:21:50 PM
14011B,N,V,03/27/2026 12:18:11 PM
14012A,N,V,03/27/2026 12:09:21 PM
14012B,N,V,03/27/2026 10:41:21 AM
14013A,N,V,03/27/2026 10:43:00 AM
14013B,N,V,03/27/2026 10:39:21 AM
14014A,N,V,03/27/2026 10:03:10 AM
14014B,N,V,03/27/2026 11:14:18 AM
14015A,N,V,03/27/2026 10:39:02 AM
14015B,NU,V,03/27/2026 12:24:05 PM
14016A,N,V,03/27/2026 08:22:54 AM
14016B,N,V,03/27/2026 11:11:08 AM
14017A,N,V,03/27/2026 07:47:35 AM
14017B,N,V,03/27/2026 10:47:55 AM
14018A,N,O,03/27/2026 11:48:38 AM
14018B,N,V,03/27/2026 11:50:30 AM
14019A,N,O,03/27/2026 12:07:30 PM
14019B,N,O,03/26/2026 07:40:48 PM
14020A,N,V,03/27/2026 12:11:39 PM
14020B,NU,V,03/27/2026 12:25:46 PM
1443A,N,O,03/27/2026 11:12:20 AM
1443B,N,O,03/27/2026 11:05:18 AM
1444A,N,O,03/27/2026 10:28:00 AM
1444B,N,O,03/27/2026 10:14:03 AM
1445A,N,O,03/27/2026 11:48:04 AM
1445B,N,O,03/27/2026 08:29:46 AM
1446A,N,O,03/27/2026 12:06:25 PM
1447A,N,O,03/27/2026 07:26:18 AM
1447B,N,O,03/27/2026 07:53:40 AM
1448A,N,O,03/27/2026 12:22:44 PM
1448B,N,O,03/27/2026 12:22:37 PM
1449A,N,O,03/27/2026 12:21:30 PM
1449B,N,O,03/27/2026 12:10:36 PM
1450A,N,O,03/27/2026 11:44:43 AM
1450B,N,O,03/27/2026 11:59:18 AM
1451A,N,O,03/27/2026 06:58:44 AM
1451B,N,O,03/27/2026 09:25:32 AM
1452A,N,O,03/27/2026 06:57:44 AM
1452B,N,O,03/27/2026 11:41:53 AM
1453A,N,O,03/27/2026 06:56:54 AM
1453B,N,V,03/27/2026 11:19:13 AM
1454A,N,O,03/27/2026 08:29:55 AM
1454B,N,O,03/27/2026 11:48:27 AM
1455A,N,O,03/27/2026 10:54:43 AM
1455B,N,O,03/27/2026 11:10:27 AM
1456A,N,O,03/27/2026 06:58:50 AM
1456B,N,O,03/27/2026 06:58:43 AM
1457B,N,O,03/27/2026 09:28:16 AM
1458A,N,O,03/27/2026 06:56:56 AM
1458B,N,O,03/27/2026 09:48:50 AM
1459A,N,O,03/27/2026 11:53:54 AM
1459B,N,O,03/27/2026 12:03:41 PM
1460A,N,O,03/27/2026 12:10:29 PM
1460B,N,O,03/27/2026 11:04:44 AM
1461A,N,O,03/27/2026 12:24:33 PM
1461B,N,O,03/27/2026 11:40:41 AM
1464A,N,O,03/27/2026 08:41:49 AM
1465A,N,O,03/27/2026 08:38:39 AM
1465B,N,O,03/27/2026 06:59:43 AM
1466A,N,O,03/27/2026 12:00:31 PM
1466B,N,O,03/27/2026 10:55:02 AM
1467A,N,O,03/27/2026 08:47:09 AM
1467B,N,O,03/27/2026 09:43:26 AM
1479A,N,O,03/27/2026 07:40:29 AM
1479B,N,O,03/27/2026 12:05:15 PM
1480A,N,O,03/27/2026 12:14:04 PM
1480B,N,O,03/27/2026 11:55:49 AM
149A,N,O,03/27/2026 12:13:30 PM
149B,N,O,03/27/2026 07:58:22 AM
14A,NU,O,03/27/2026 12:00:44 PM
14B,NU,O,03/27/2026 12:27:24 PM
150A,N,O,03/27/2026 12:24:09 PM
150B,N,V,03/27/2026 12:27:30 PM
1515A,N,V,03/27/2026 12:14:00 PM
1515B,N,V,03/27/2026 12:26:25 PM
1516A,N,V,03/27/2026 11:35:07 AM
1516B,N,V,03/27/2026 12:26:02 PM
1517A,N,O,03/27/2026 11:11:31 AM
1517B,N,V,03/27/2026 10:53:47 AM
1518A,N,V,03/27/2026 11:22:06 AM
1518B,N,V,03/27/2026 12:25:18 PM
1519A,N,O,01/22/2026 12:31:26 PM
151A,N,O,03/27/2026 12:26:29 PM
151B,N,O,03/27/2026 11:57:10 AM
1520A,N,V,03/27/2026 12:24:45 PM
1521A,N,V,03/27/2026 11:48:07 AM
1521B,N,V,03/27/2026 10:00:23 AM
1522B,N,V,03/27/2026 10:02:27 AM
1523A,N,O,03/27/2026 12:27:45 PM
1523B,N,V,03/27/2026 11:56:45 AM
1524A,N,V,03/26/2026 06:50:10 PM
1524B,N,V,03/27/2026 08:45:00 AM
1525A,N,V,03/27/2026 12:01:02 PM
1525B,N,O,03/27/2026 12:26:39 PM
1526A,N,V,03/27/2026 11:38:44 AM
1526B,N,O,03/27/2026 12:27:20 PM
152A,N,V,03/27/2026 11:27:24 AM
152B,N,O,03/27/2026 11:23:17 AM
153A,N,O,03/27/2026 12:20:03 PM
153B,N,O,03/27/2026 12:07:11 PM
154A,N,O,12/27/2025 11:51:56 AM
154B,N,O,12/27/2025 06:55:48 AM
1553A,N,O,03/27/2026 11:23:40 AM
1553B,N,O,03/26/2026 07:56:50 AM
1554A,N,O,03/27/2026 09:41:49 AM
1554B,N,O,03/27/2026 11:58:52 AM
1555A,N,O,03/27/2026 11:08:29 AM
1555B,N,O,03/27/2026 10:48:53 AM
1556A,N,O,03/27/2026 11:01:36 AM
1558A,N,O,03/27/2026 11:48:10 AM
1558B,N,O,03/27/2026 10:45:18 AM
155A,N,O,03/27/2026 11:51:13 AM
155B,N,O,03/26/2026 07:36:26 PM
1560A,N,O,03/27/2026 12:19:13 PM
1560B,N,O,03/27/2026 09:44:11 AM
1569B,N,O,03/27/2026 10:26:38 AM
156A,N,O,03/27/2026 10:01:45 AM
1570A,N,O,03/27/2026 10:50:03 AM
1570B,N,V,03/27/2026 11:10:51 AM
157B,N,O,03/27/2026 11:13:10 AM
158A,N,V,03/27/2026 12:23:40 PM
158B,N,V,03/27/2026 12:23:09 PM
1597A,N,O,03/27/2026 09:44:56 AM
1597B,N,O,03/27/2026 08:27:49 AM
1598A,N,O,03/27/2026 07:38:40 AM
1599A,N,O,03/27/2026 11:57:41 AM
1599B,N,O,03/27/2026 06:55:43 AM
159A,N,O,03/27/2026 10:40:09 AM
159B,N,O,03/27/2026 11:22:59 AM
15A,NU,V,03/27/2026 11:32:27 AM
1600A,N,O,03/27/2026 09:07:31 AM
1600B,N,O,03/27/2026 06:59:46 AM
1601A,N,O,03/27/2026 08:28:45 AM
1601B,N,O,03/27/2026 08:28:45 AM
1604A,NU,O,03/26/2026 09:20:43 PM
1604B,NU,O,03/26/2026 09:00:55 PM
1605A,NU,V,03/26/2026 09:07:04 PM
1605B,NU,O,03/26/2026 11:02:33 PM
1606A,NU,V,03/26/2026 10:04:29 PM
1606B,NU,O,03/26/2026 11:35:47 PM
1607A,NU,O,03/26/2026 11:28:55 PM
1607B,NU,O,03/26/2026 08:58:34 PM
1608A,NU,V,03/26/2026 09:16:24 PM
1608B,NU,O,03/26/2026 10:58:55 PM
1609A,NU,V,03/26/2026 11:59:48 PM
1609B,NU,V,03/26/2026 11:15:54 PM
1610A,NU,O,03/26/2026 11:54:00 PM
1610B,NU,V,03/26/2026 11:59:02 PM
1611A,NU,V,03/26/2026 11:58:45 PM
1611B,NU,V,03/26/2026 11:45:51 PM
1612A,NU,O,03/26/2026 11:58:40 PM
1612B,NU,V,03/26/2026 10:04:05 PM
1613A,NU,V,03/26/2026 10:39:29 PM
1613B,NU,V,03/26/2026 11:17:11 PM
1614A,NU,V,03/26/2026 08:36:04 PM
1614B,NU,O,03/26/2026 06:02:02 PM
1615A,NU,O,03/26/2026 11:59:36 PM
1615B,NU,O,03/26/2026 11:58:12 PM
1616A,NU,O,03/26/2026 07:21:35 PM
1616B,NU,V,03/26/2026 07:05:49 PM
1617A,NU,V,03/26/2026 11:56:30 PM
1617B,NU,O,03/26/2026 07:57:51 PM
1618A,NU,O,03/26/2026 11:54:15 PM
1618B,NU,O,03/26/2026 11:59:52 PM
1619A,NU,O,03/26/2026 06:00:46 PM
1619B,NU,O,03/26/2026 11:50:55 PM
1620A,NU,O,03/26/2026 11:20:38 PM
1620B,NU,O,03/26/2026 11:34:01 PM
1621A,NU,O,03/26/2026 08:12:35 PM
1621B,NU,O,03/26/2026 09:38:51 PM
1622A,NU,O,03/26/2026 07:23:29 PM
1622B,NU,V,03/26/2026 11:48:26 PM
1623A,NU,V,03/26/2026 11:59:57 PM
1623B,NU,O,03/26/2026 08:42:36 PM
1624A,NU,O,03/26/2026 11:59:47 PM
1624B,NU,V,03/26/2026 11:35:45 PM
1625A,NU,V,03/26/2026 11:49:03 PM
1625B,NU,V,03/26/2026 11:59:48 PM
1626A,NU,O,03/26/2026 06:01:45 PM
1626B,NU,V,03/26/2026 11:56:33 PM
1627A,NU,V,03/26/2026 10:49:42 PM
1627B,NU,O,03/26/2026 09:24:09 PM
1628A,NU,O,03/26/2026 10:47:09 PM
1628B,NU,O,03/26/2026 11:58:26 PM
1629A,NU,O,03/26/2026 11:05:57 PM
1629B,NU,V,03/26/2026 11:12:49 PM
1641A,N,O,03/27/2026 06:58:43 AM
1642A,N,O,03/27/2026 06:57:43 AM
1642B,N,O,03/27/2026 12:19:16 PM
1643A,N,V,03/27/2026 12:27:14 PM
1643B,N,O,03/27/2026 12:00:05 PM
1644A,N,O,03/27/2026 08:45:49 AM
1644B,N,O,03/27/2026 08:03:57 AM
1645A,N,O,03/27/2026 07:13:12 AM
1645B,N,O,03/27/2026 06:59:48 AM
1646A,N,O,03/27/2026 11:23:26 AM
1646B,N,O,03/27/2026 10:10:08 AM
1647A,N,O,03/27/2026 07:12:15 AM
1647B,N,O,03/27/2026 06:57:42 AM
1648A,N,O,03/27/2026 08:51:53 AM
1648B,N,V,01/19/2026 12:33:29 PM
1649A,N,O,03/27/2026 08:42:51 AM
1649B,N,V,03/27/2026 12:27:16 PM
1650A,N,O,03/27/2026 12:12:53 PM
1650B,N,O,03/27/2026 06:59:51 AM
1651A,N,O,03/27/2026 12:20:50 PM
1651B,N,O,03/27/2026 12:05:52 PM
1652A,N,O,03/27/2026 06:57:46 AM
1652B,N,O,03/27/2026 11:24:44 AM
1653A,N,O,03/27/2026 06:56:44 AM
1653B,N,O,03/27/2026 07:59:01 AM
1654A,N,O,03/27/2026 11:57:14 AM
1654B,N,O,03/27/2026 06:55:50 AM
1655A,N,O,03/27/2026 11:10:12 AM
1655B,N,O,03/27/2026 10:25:57 AM
1656A,N,O,03/27/2026 08:18:55 AM
1656B,N,O,03/27/2026 06:58:52 AM
1657A,NU,O,03/26/2026 09:10:28 PM
1657B,NU,O,03/26/2026 06:01:05 PM
16A,NU,V,03/27/2026 12:26:25 PM
16B,NU,V,03/27/2026 12:01:51 PM
1791A,N,O,03/27/2026 11:28:05 AM
1791B,N,O,03/27/2026 08:28:52 AM
1792A,N,O,03/27/2026 08:27:47 AM
1792B,N,O,03/27/2026 11:09:25 AM
1793A,N,O,03/27/2026 11:35:07 AM
1793B,N,O,03/27/2026 12:05:52 PM
1794A,N,O,03/27/2026 09:58:11 AM
1794B,N,O,03/27/2026 10:24:52 AM
1795A,N,O,03/27/2026 12:10:47 PM
1795B,N,O,03/27/2026 12:09:18 PM
17A,NU,O,03/27/2026 12:04:18 PM
18A,N,O,03/27/2026 07:41:56 AM
18B,N,O,03/27/2026 11:29:15 AM
1900A,N,O,03/27/2026 10:52:16 AM
1900B,N,O,03/27/2026 09:38:54 AM
1901A,N,O,03/27/2026 12:04:10 PM
1901B,N,O,03/27/2026 11:15:34 AM
1908B,N,O,03/27/2026 06:56:56 AM
1909A,N,O,03/27/2026 07:24:56 AM
1910A,N,O,03/27/2026 07:57:28 AM
1911A,N,O,03/27/2026 09:17:31 AM
1911B,N,O,03/27/2026 10:55:05 AM
1912A,N,O,03/27/2026 11:39:54 AM
1912B,N,O,03/27/2026 12:12:30 PM
1913A,N,O,03/27/2026 11:50:40 AM
1913B,N,V,03/27/2026 12:23:31 PM
1914A,N,O,03/27/2026 11:09:20 AM
1914B,N,O,03/27/2026 12:15:35 PM
1915A,N,O,03/27/2026 12:13:20 PM
1915B,N,O,03/27/2026 08:30:11 AM
1916A,N,O,03/27/2026 10:58:18 AM
1916B,N,O,03/27/2026 12:07:58 PM
1917A,N,O,03/27/2026 12:24:13 PM
1917B,N,O,03/27/2026 12:16:42 PM
1918A,N,O,03/27/2026 12:10:04 PM
1918B,N,O,03/27/2026 10:11:41 AM
1919B,N,O,03/27/2026 12:05:33 PM
191A,N,O,03/27/2026 08:28:49 AM
191B,N,O,03/27/2026 08:28:42 AM
1920A,N,O,03/27/2026 08:58:47 AM
1920B,N,O,03/26/2026 05:33:30 PM
1921A,N,O,03/27/2026 06:58:48 AM
1921B,N,O,03/27/2026 11:33:35 AM
1922A,N,O,03/27/2026 10:02:09 AM
1922B,N,O,03/27/2026 11:35:38 AM
1923A,N,O,03/27/2026 09:36:38 AM
1923B,N,O,03/27/2026 10:11:15 AM
1924A,N,O,03/27/2026 10:55:38 AM
1924B,N,O,03/27/2026 10:06:17 AM
192A,N,O,03/27/2026 10:31:53 AM
192B,N,O,03/27/2026 08:27:42 AM
1931B,N,O,03/27/2026 06:58:47 AM
1932A,N,O,03/27/2026 06:57:51 AM
1932B,N,O,03/27/2026 10:10:35 AM
1933A,N,O,03/27/2026 09:50:20 AM
1933B,N,O,03/27/2026 10:33:14 AM
1934A,N,V,03/27/2026 12:19:26 PM
1934B,N,O,03/27/2026 12:25:47 PM
1935A,N,O,03/27/2026 06:59:51 AM
1935B,N,O,03/27/2026 07:55:47 AM
1936A,N,O,03/27/2026 11:55:38 AM
1936B,N,O,03/27/2026 06:58:44 AM
1937A,N,O,03/27/2026 06:57:49 AM
1937B,N,O,03/26/2026 06:57:47 AM
1938A,N,O,03/26/2026 06:56:46 AM
1938B,N,O,03/27/2026 11:03:45 AM
1939A,N,O,03/27/2026 07:40:59 AM
1939B,N,O,03/27/2026 07:08:44 AM
1940A,N,O,03/27/2026 06:59:46 AM
1941A,N,O,03/27/2026 08:52:55 AM
1941B,N,O,03/27/2026 06:58:45 AM
1942A,N,O,03/27/2026 06:58:24 AM
1942B,N,O,03/27/2026 06:57:51 AM
1945B,N,O,03/27/2026 06:59:54 AM
1946A,N,O,03/26/2026 04:17:37 PM
1946B,N,O,03/27/2026 06:58:50 AM
1947A,N,O,03/27/2026 11:22:36 AM
1947B,N,O,03/27/2026 06:57:45 AM
1950B,N,O,03/27/2026 06:59:49 AM
1951A,N,O,03/27/2026 11:16:32 AM
1952A,N,O,01/20/2026 01:18:47 PM
1952B,N,O,01/20/2026 01:17:26 PM
1953A,N,O,03/27/2026 08:26:31 AM
1954A,N,V,03/27/2026 12:25:56 PM
1954B,N,O,03/27/2026 12:21:20 PM
1957A,N,O,03/27/2026 06:57:52 AM
1958A,N,V,03/27/2026 12:24:13 PM
1958B,N,O,03/27/2026 12:04:40 PM
198A,N,V,03/27/2026 11:08:18 AM
198B,N,V,03/27/2026 12:06:16 PM
199B,N,V,03/27/2026 12:08:43 PM
19A,N,O,03/27/2026 12:12:38 PM
19B,N,V,03/27/2026 12:16:28 PM
1A,N,V,03/27/2026 11:29:40 AM
1B,N,O,03/27/2026 12:25:55 PM
20000A,N,O,03/27/2026 12:27:25 PM
20000B,N,O,03/27/2026 11:13:29 AM
20001A,N,O,03/27/2026 06:58:46 AM
20001B,N,V,03/27/2026 12:25:38 PM
20002A,N,V,03/27/2026 12:19:44 PM
20002B,N,O,03/27/2026 06:57:52 AM
20003A,N,V,03/27/2026 10:47:19 AM
20003B,N,O,03/27/2026 12:27:27 PM
20004B,N,O,03/27/2026 12:19:13 PM
20005A,N,V,03/27/2026 12:25:50 PM
20005B,N,O,03/27/2026 12:27:04 PM
20006A,N,O,03/27/2026 10:33:49 AM
20006B,N,V,03/27/2026 12:25:45 PM
20007A,N,O,03/27/2026 12:26:56 PM
20007B,N,V,03/27/2026 12:12:14 PM
20008A,N,V,03/27/2026 12:25:40 PM
20008B,N,O,03/27/2026 12:09:09 PM
20009A,N,V,03/27/2026 12:25:14 PM
20009B,N,V,03/27/2026 12:25:14 PM
20010A,N,O,03/27/2026 10:32:00 AM
20010B,N,V,03/27/2026 12:27:42 PM
20011A,N,V,03/27/2026 11:17:42 AM
20011B,N,V,03/27/2026 09:14:05 AM
20012A,N,O,03/27/2026 11:19:54 AM
20012B,N,V,03/27/2026 12:12:19 PM
20013A,N,O,03/27/2026 11:57:12 AM
20013B,N,O,03/27/2026 11:02:44 AM
20014A,N,O,03/27/2026 11:12:02 AM
20014B,N,O,03/27/2026 11:46:52 AM
20015B,N,V,03/27/2026 12:27:32 PM
20017A,N,O,03/27/2026 10:40:52 AM
20017B,N,O,03/27/2026 10:20:17 AM
20020A,N,O,03/27/2026 10:47:06 AM
20020B,N,V,03/27/2026 10:51:51 AM
20021A,N,O,03/27/2026 12:09:00 PM
20021B,N,O,03/27/2026 11:58:55 AM
20022A,N,V,03/27/2026 11:31:24 AM
20022B,N,O,03/27/2026 12:13:55 PM
20023A,N,V,03/27/2026 10:28:30 AM
20023B,N,V,03/27/2026 08:47:38 AM
20024A,N,O,03/27/2026 10:21:38 AM
20029A,N,V,03/27/2026 08:47:08 AM
20029B,N,V,03/27/2026 08:47:08 AM
2002A,N,O,03/27/2026 06:57:45 AM
2002B,N,O,03/27/2026 06:57:54 AM
20030A,N,V,03/27/2026 10:03:19 AM
20031A,N,V,03/27/2026 12:26:59 PM
20031B,N,V,03/27/2026 10:55:07 AM
20032A,N,V,03/27/2026 11:24:19 AM
20032B,N,V,03/27/2026 10:40:11 AM
20033A,N,V,03/27/2026 10:39:50 AM
20033B,N,V,03/27/2026 10:39:31 AM
20034A,N,V,03/27/2026 10:36:21 AM
20034B,N,V,03/27/2026 10:36:05 AM
20035A,N,V,03/27/2026 10:54:06 AM
20035B,N,V,03/27/2026 11:44:31 AM
20036A,N,O,03/27/2026 11:29:47 AM
20036B,N,V,03/27/2026 12:25:28 PM
20037A,N,O,03/27/2026 11:52:14 AM
20037B,N,V,03/27/2026 10:46:44 AM
20038A,N,V,03/27/2026 08:44:15 AM
20039A,N,V,03/27/2026 07:57:56 AM
20039B,N,V,03/27/2026 08:14:45 AM
2003A,N,O,03/27/2026 06:56:46 AM
2003B,N,O,03/27/2026 06:56:46 AM
20040B,N,V,03/26/2026 07:39:55 PM
20041A,N,V,03/27/2026 07:58:50 AM
20041B,N,V,03/27/2026 08:54:51 AM
20042A,N,V,03/27/2026 10:04:53 AM
20042B,N,O,03/27/2026 11:00:08 AM
20043A,N,V,03/27/2026 12:27:23 PM
20043B,N,O,03/27/2026 12:27:00 PM
20044A,N,V,03/27/2026 11:29:48 AM
20044B,N,O,03/27/2026 12:25:09 PM
20045A,N,V,03/27/2026 12:12:43 PM
20045B,N,V,03/27/2026 11:12:15 AM
20046B,N,V,03/27/2026 09:03:14 AM
20047A,N,V,03/27/2026 11:10:06 AM
20047B,N,O,03/27/2026 12:10:03 PM
20048A,N,V,03/27/2026 09:56:23 AM
20048B,N,V,03/27/2026 11:16:50 AM
20049A,N,V,03/27/2026 12:16:37 PM
20049B,N,O,03/27/2026 12:27:21 PM
2004A,N,O,03/27/2026 06:55:51 AM
20050A,N,V,03/27/2026 07:05:31 AM
20050B,N,O,03/27/2026 10:43:29 AM
20051B,N,V,03/27/2026 12:26:10 PM
20052A,N,V,03/27/2026 12:25:43 PM
20052B,N,V,08/24/2025 11:16:32 AM
20053A,N,V,03/27/2026 11:50:47 AM
20053B,N,V,03/27/2026 11:53:03 AM
20054A,N,V,03/27/2026 12:27:44 PM
20054B,N,O,03/26/2026 05:44:21 PM
20055A,N,V,03/27/2026 07:56:04 AM
20055B,N,V,03/27/2026 07:59:57 AM
20056A,N,O,03/27/2026 06:58:55 AM
20056B,N,V,03/27/2026 10:30:08 AM
20057A,N,V,09/09/2025 10:48:07 AM
20057B,N,V,03/27/2026 07:55:10 AM
20058A,N,V,03/27/2026 12:27:34 PM
20058B,N,V,03/27/2026 11:52:12 AM
20059A,N,V,03/27/2026 11:44:54 AM
20059B,N,O,03/27/2026 12:09:22 PM
2005A,N,O,03/27/2026 06:59:45 AM
2005B,N,O,03/27/2026 06:59:45 AM
20060A,N,V,03/27/2026 10:46:35 AM
20060B,N,V,03/27/2026 11:27:36 AM
20061A,N,V,03/27/2026 11:16:20 AM
20061B,N,V,03/27/2026 07:18:50 AM
20062A,N,V,03/27/2026 12:13:03 PM
20062B,N,V,03/27/2026 12:12:41 PM
20063A,N,V,03/27/2026 11:10:19 AM
20063B,N,O,03/27/2026 12:00:11 PM
20064A,N,V,03/27/2026 08:48:55 AM
20064B,N,O,03/27/2026 11:25:14 AM
20065A,N,O,03/27/2026 12:22:20 PM
20065B,N,O,03/27/2026 06:59:47 AM
20066A,N,V,03/27/2026 11:51:57 AM
20066B,N,O,03/27/2026 08:56:20 AM
20067A,N,O,03/27/2026 12:11:58 PM
20067B,N,V,03/27/2026 08:17:26 AM
20068A,N,V,03/27/2026 11:51:50 AM
20068B,N,O,03/27/2026 11:40:39 AM
20069A,N,V,03/27/2026 11:42:47 AM
20069B,N,O,03/27/2026 10:43:55 AM
2006A,N,O,03/27/2026 06:58:48 AM
2006B,N,O,03/27/2026 06:58:48 AM
20070A,N,V,03/27/2026 12:05:02 PM
20070B,N,V,03/27/2026 08:58:34 AM
20071A,N,V,03/27/2026 12:27:43 PM
20071B,N,V,03/27/2026 09:20:36 AM
20072A,N,O,03/27/2026 12:27:06 PM
20072B,N,V,03/27/2026 10:47:02 AM
20073A,N,V,03/27/2026 11:52:46 AM
20073B,N,V,03/27/2026 07:20:58 AM
20074A,N,V,03/27/2026 12:13:04 PM
20074B,N,V,03/24/2026 01:24:28 PM
20075A,N,V,03/27/2026 12:19:52 PM
20076A,N,V,03/27/2026 09:44:04 AM
20076B,N,O,03/27/2026 08:49:29 AM
20077B,N,O,03/26/2026 06:57:42 PM
20078A,N,V,03/27/2026 07:25:17 AM
20078B,N,O,03/26/2026 03:51:23 PM
20079A,N,O,03/26/2026 06:45:36 PM
20079B,N,V,03/27/2026 08:09:39 AM
20080A,N,V,03/27/2026 08:55:54 AM
20080B,N,V,03/27/2026 07:27:57 AM
20081A,N,V,03/27/2026 08:19:22 AM
20081B,N,V,03/27/2026 08:02:28 AM
20082A,N,V,03/27/2026 08:55:12 AM
20082B,N,V,03/27/2026 09:27:53 AM
20087A,N,O,03/27/2026 11:30:32 AM
20087B,N,O,03/27/2026 10:57:13 AM
20088A,N,O,03/27/2026 12:04:51 PM
20088B,N,V,03/27/2026 12:25:34 PM
20089A,N,O,03/27/2026 12:19:57 PM
20090A,N,O,03/27/2026 09:49:18 AM
20090B,N,O,03/27/2026 12:21:31 PM
20091A,N,O,03/27/2026 11:49:18 AM
20091B,N,O,03/27/2026 08:48:22 AM
20092A,N,O,03/27/2026 12:12:41 PM
20092B,N,O,03/27/2026 08:28:17 AM
20093A,N,O,03/27/2026 12:15:16 PM
20093B,N,O,03/27/2026 11:37:28 AM
20094A,N,O,03/27/2026 08:25:48 AM
20095A,N,O,03/27/2026 12:10:32 PM
20095B,N,O,03/27/2026 09:49:34 AM
20097A,N,O,03/27/2026 11:43:29 AM
20097B,N,O,03/27/2026 11:37:52 AM
20098A,N,O,03/27/2026 12:24:55 PM
20098B,N,O,03/27/2026 12:27:37 PM
20099A,N,O,03/27/2026 10:50:06 AM
20099B,N,O,03/27/2026 08:25:53 AM
200A,N,O,03/27/2026 08:33:51 AM
200B,NU,O,03/27/2026 09:46:51 AM
20100A,N,O,03/27/2026 11:18:31 AM
20100B,N,O,03/27/2026 08:29:51 AM
20101A,N,O,03/27/2026 11:46:20 AM
20101B,N,O,03/27/2026 10:28:14 AM
20102A,N,O,03/27/2026 09:47:32 AM
20102B,N,O,03/27/2026 11:27:45 AM
20103A,N,O,03/27/2026 10:40:37 AM
20104A,N,O,03/27/2026 11:26:21 AM
20104B,N,O,03/27/2026 11:54:54 AM
20105A,N,O,03/27/2026 11:34:02 AM
20105B,N,O,03/27/2026 08:50:27 AM
20109A,N,O,03/27/2026 08:51:35 AM
20109B,N,O,03/27/2026 06:56:19 AM
2010A,N,O,03/27/2026 06:59:52 AM
2010B,N,O,03/27/2026 10:30:29 AM
20110A,N,O,03/27/2026 06:59:44 AM
20110B,N,O,03/27/2026 06:59:48 AM
20111A,N,O,03/27/2026 12:02:29 PM
20111B,N,O,03/27/2026 11:07:44 AM
20112A,N,O,03/27/2026 11:57:23 AM
20112B,N,O,03/27/2026 11:43:35 AM
20115A,N,O,03/27/2026 11:57:33 AM
20115B,N,O,03/27/2026 11:30:14 AM
20116A,N,O,03/27/2026 10:56:16 AM
20116B,N,O,03/27/2026 09:43:37 AM
20117A,N,O,03/27/2026 08:37:25 AM
20117B,N,O,03/27/2026 09:13:44 AM
20118A,N,O,03/27/2026 10:32:19 AM
20118B,N,O,03/27/2026 11:18:22 AM
2013B,N,O,03/27/2026 06:59:25 AM
20141A,N,O,03/27/2026 11:32:28 AM
20141B,N,O,03/27/2026 10:57:42 AM
20142A,N,O,03/27/2026 12:00:26 PM
20142B,N,O,03/27/2026 12:05:36 PM
20143A,N,O,03/27/2026 09:43:07 AM
20143B,N,O,03/27/2026 12:05:33 PM
20144A,N,O,03/27/2026 12:05:59 PM
20144B,N,O,03/27/2026 11:53:17 AM
20145A,N,O,03/27/2026 11:55:03 AM
20145B,N,V,03/27/2026 08:05:46 AM
20146A,N,O,03/27/2026 12:05:22 PM
20146B,N,O,03/27/2026 11:35:57 AM
20147A,N,O,03/27/2026 09:22:13 AM
20147B,N,O,03/27/2026 09:25:15 AM
20148A,N,O,03/27/2026 11:00:14 AM
20148B,N,O,03/27/2026 12:22:34 PM
20149A,N,O,03/27/2026 11:39:28 AM
20149B,N,O,03/27/2026 11:48:31 AM
2014A,N,O,03/27/2026 09:31:39 AM
2014B,N,O,03/27/2026 08:25:58 AM
20150A,N,O,03/27/2026 06:59:46 AM
20150B,N,O,03/27/2026 08:09:57 AM
20154B,N,O,03/27/2026 11:24:23 AM
20155A,N,O,03/27/2026 06:59:54 AM
20155B,N,O,03/27/2026 08:27:31 AM
20158B,N,O,03/27/2026 06:56:45 AM
20159A,NU,O,03/27/2026 08:19:51 AM
20159B,NU,O,03/27/2026 08:25:53 AM
2015A,N,O,03/27/2026 08:53:03 AM
2015B,N,O,03/27/2026 08:58:44 AM
20160A,N,O,03/27/2026 09:36:12 AM
20160B,N,V,03/27/2026 10:41:44 AM
20161A,N,O,03/27/2026 12:08:16 PM
20161B,N,O,03/27/2026 09:16:48 AM
20168A,N,O,03/27/2026 09:38:11 AM
20168B,N,O,03/27/2026 06:56:57 AM
20170A,N,O,03/27/2026 10:26:34 AM
20170B,N,O,03/27/2026 12:22:52 PM
20171A,N,O,03/27/2026 11:57:36 AM
20171B,N,O,03/27/2026 06:58:53 AM
20177A,N,O,03/27/2026 12:25:50 PM
20177B,N,O,03/27/2026 12:02:35 PM
20178A,N,O,03/27/2026 12:19:48 PM
20178B,N,O,03/27/2026 09:49:38 AM
20179A,N,O,03/27/2026 10:05:39 AM
20179B,N,O,03/27/2026 11:02:24 AM
20180A,N,O,03/27/2026 11:58:41 AM
20183B,N,V,03/27/2026 12:25:47 PM
20184A,N,O,03/27/2026 12:23:38 PM
20184B,N,O,03/27/2026 12:24:04 PM
20186A,N,O,03/27/2026 12:10:08 PM
20186B,N,O,03/27/2026 12:24:38 PM
20187A,N,O,03/27/2026 11:55:25 AM
20187B,N,O,03/27/2026 11:57:25 AM
20190A,N,O,03/27/2026 10:25:56 AM
20190B,N,O,03/27/2026 10:47:21 AM
20191A,N,O,03/27/2026 11:36:11 AM
20191B,N,O,03/27/2026 12:01:02 PM
20192A,N,O,03/27/2026 08:07:05 AM
20192B,N,O,03/27/2026 09:08:52 AM
20193A,N,O,03/27/2026 11:10:44 AM
20193B,N,O,03/27/2026 11:10:10 AM
20194A,N,O,03/27/2026 12:17:03 PM
20194B,N,V,03/27/2026 10:16:34 AM
20195A,N,O,03/27/2026 06:59:43 AM
20195B,N,V,03/27/2026 10:29:41 AM
20196A,N,O,03/27/2026 12:23:18 PM
20196B,N,O,03/27/2026 10:49:23 AM
20197A,N,O,03/27/2026 07:57:49 AM
20197B,N,O,03/27/2026 07:57:49 AM
201B,N,O,03/27/2026 12:10:31 PM
20202B,N,O,03/27/2026 07:57:43 AM
20204A,N,O,03/27/2026 09:29:06 AM
20204B,N,O,03/27/2026 10:17:44 AM
20205A,N,V,03/27/2026 10:03:30 AM
20205B,N,O,03/27/2026 07:47:28 AM
20206A,N,V,03/27/2026 12:27:00 PM
20206B,N,O,03/27/2026 10:16:23 AM
20208A,N,O,03/27/2026 10:59:07 AM
20208B,N,O,03/27/2026 06:56:48 AM
20209A,NU,O,12/05/2025 06:55:56 AM
20209B,NU,O,12/05/2025 08:47:44 AM
20210A,N,O,03/27/2026 12:02:31 PM
20210B,N,O,03/27/2026 07:45:09 AM
20211A,N,O,03/27/2026 11:26:23 AM
20211B,N,O,03/27/2026 07:33:16 AM
20212A,N,O,03/27/2026 07:38:28 AM
20212B,N,O,03/27/2026 09:11:10 AM
20213A,N,O,03/27/2026 06:56:49 AM
20213B,N,O,03/27/2026 12:06:17 PM
20214A,N,O,03/27/2026 11:01:32 AM
20214B,N,O,03/27/2026 09:39:50 AM
20248A,N,O,03/27/2026 12:20:33 PM
20248B,N,O,03/27/2026 06:57:04 AM
20249A,N,O,03/26/2026 06:55:54 AM
20249B,N,O,03/27/2026 06:55:46 AM
20250A,N,O,03/27/2026 06:59:54 AM
20250B,N,O,03/27/2026 06:59:50 AM
20251A,N,O,03/27/2026 06:58:48 AM
20251B,N,O,03/27/2026 08:14:43 AM
20252A,N,O,03/27/2026 10:20:20 AM
20252B,N,O,03/27/2026 06:57:48 AM
20253A,N,O,03/27/2026 06:57:04 AM
20253B,N,O,03/27/2026 06:56:57 AM
20254A,N,O,03/27/2026 06:55:43 AM
20254B,N,O,03/27/2026 06:55:43 AM
20255A,N,O,03/26/2026 11:51:37 PM
20255B,N,O,03/27/2026 06:59:48 AM
20256A,N,O,03/26/2026 06:58:48 AM
20256B,N,O,03/27/2026 11:29:50 AM
20257A,N,O,03/27/2026 11:14:55 AM
20257B,N,O,03/27/2026 12:23:00 PM
20258A,N,O,03/27/2026 11:20:34 AM
20258B,N,O,03/27/2026 12:24:07 PM
20259B,N,O,03/27/2026 12:19:56 PM
2025A,N,O,03/27/2026 08:30:47 AM
2025B,N,O,03/27/2026 11:22:05 AM
20260A,N,O,03/27/2026 12:21:37 PM
20260B,N,O,03/27/2026 12:09:10 PM
20261A,N,O,03/27/2026 11:08:27 AM
20261B,N,O,03/27/2026 12:02:18 PM
20262A,N,O,03/27/2026 11:41:32 AM
20262B,N,V,03/27/2026 12:26:50 PM
20263A,N,O,03/27/2026 11:07:03 AM
20263B,N,O,03/27/2026 09:51:23 AM
20264A,N,O,03/27/2026 12:13:51 PM
20264B,N,O,03/27/2026 11:51:32 AM
20265A,N,O,03/27/2026 12:11:46 PM
20265B,N,O,03/27/2026 12:23:04 PM
20266A,N,O,03/27/2026 11:59:36 AM
20266B,N,O,03/27/2026 11:46:23 AM
20267A,N,O,03/27/2026 12:17:44 PM
20267B,N,O,03/27/2026 08:27:48 AM
20268A,N,O,03/27/2026 11:48:26 AM
20268B,N,O,03/27/2026 10:31:24 AM
20269A,N,O,03/27/2026 12:11:37 PM
20269B,N,O,03/27/2026 08:25:54 AM
20271B,N,O,03/27/2026 06:58:50 AM
20272A,N,O,03/27/2026 06:57:43 AM
20272B,N,O,03/27/2026 12:21:41 PM
20273A,N,O,03/27/2026 11:05:20 AM
20273B,N,O,03/27/2026 12:15:51 PM
20274A,N,O,03/27/2026 06:55:48 AM
20274B,N,O,03/27/2026 06:55:48 AM
20275A,N,O,03/27/2026 08:13:39 AM
20275B,N,O,03/27/2026 09:14:14 AM
20276A,N,O,03/27/2026 09:05:17 AM
20276B,N,O,03/27/2026 12:25:30 PM
20277A,N,O,03/27/2026 12:07:45 PM
20277B,N,O,03/27/2026 10:43:50 AM
20278A,N,O,03/27/2026 11:41:24 AM
20278B,N,O,03/27/2026 07:19:25 AM
20279A,N,O,03/27/2026 08:41:16 AM
20279B,N,O,03/27/2026 12:02:15 PM
2027A,N,O,03/27/2026 12:14:42 PM
2027B,N,O,03/27/2026 11:40:36 AM
20280A,N,O,03/27/2026 11:16:58 AM
20280B,N,O,03/27/2026 07:00:24 AM
20281A,N,O,03/27/2026 06:58:55 AM
20281B,N,O,03/27/2026 06:58:45 AM
20282A,N,O,03/27/2026 06:57:47 AM
20282B,N,O,03/27/2026 11:15:40 AM
20283A,N,O,03/27/2026 11:27:34 AM
20283B,N,O,03/26/2026 06:56:55 AM
20284A,N,O,03/27/2026 09:19:15 AM
20284B,N,O,03/27/2026 12:23:50 PM
20285A,N,O,03/27/2026 12:21:33 PM
20285B,N,O,03/27/2026 11:49:44 AM
20286A,N,O,03/27/2026 11:48:33 AM
20286B,N,O,03/27/2026 09:17:05 AM
20287A,N,O,03/27/2026 11:04:13 AM
20287B,N,V,03/27/2026 12:24:36 PM
20288A,N,O,03/27/2026 11:59:46 AM
20288B,N,O,03/27/2026 11:57:28 AM
2028A,N,O,03/27/2026 06:56:47 AM
2028B,N,O,03/27/2026 10:31:32 AM
20290A,N,O,03/27/2026 06:59:51 AM
20290B,N,O,03/27/2026 10:59:15 AM
20291A,N,O,03/27/2026 11:40:58 AM
20291B,N,O,03/27/2026 11:38:11 AM
20292A,N,O,03/27/2026 10:42:22 AM
20292B,N,O,03/27/2026 11:19:52 AM
20293A,N,O,03/27/2026 06:56:50 AM
20293B,N,O,03/27/2026 06:56:50 AM
20294A,N,O,03/27/2026 08:23:53 AM
20294B,N,O,03/27/2026 10:30:40 AM
202A,N,O,03/27/2026 09:31:20 AM
20305A,N,O,03/27/2026 10:11:06 AM
20305B,N,O,03/27/2026 12:24:58 PM
20306A,N,O,03/27/2026 10:21:16 AM
20306B,N,V,03/27/2026 10:10:06 AM
20307A,N,O,03/27/2026 11:02:56 AM
20307B,N,O,03/27/2026 12:19:10 PM
20308A,N,O,03/27/2026 09:52:50 AM
20308B,N,O,03/27/2026 08:30:48 AM
20309A,N,O,03/27/2026 08:07:25 AM
2030A,N,O,03/27/2026 06:59:43 AM
20310A,N,O,03/27/2026 11:47:06 AM
20310B,N,O,03/27/2026 09:31:41 AM
20311A,N,O,03/27/2026 06:59:13 AM
20311B,N,O,03/27/2026 06:58:52 AM
20312A,N,O,03/27/2026 06:57:51 AM
20312B,N,O,03/26/2026 10:18:51 AM
20313A,N,O,03/27/2026 06:56:48 AM
20313B,N,O,03/27/2026 06:56:41 AM
20314A,N,V,03/27/2026 12:27:20 PM
20314B,N,O,03/27/2026 12:18:25 PM
20315A,N,O,03/27/2026 12:26:14 PM
20315B,N,V,03/27/2026 12:21:07 PM
20316A,N,O,03/27/2026 11:58:18 AM
20316B,N,O,03/27/2026 11:54:53 AM
20317A,N,O,03/27/2026 12:23:11 PM
20317B,N,O,03/27/2026 12:19:40 PM
20318A,N,O,03/27/2026 12:15:04 PM
20318B,N,O,03/27/2026 12:11:45 PM
20319A,N,V,03/27/2026 12:22:35 PM
20319B,N,O,03/27/2026 12:27:16 PM
2031A,N,O,03/27/2026 08:36:17 AM
2031B,N,O,03/27/2026 11:37:32 AM
20320A,N,O,03/27/2026 12:14:41 PM
20320B,N,O,03/27/2026 11:55:44 AM
20321A,N,O,03/27/2026 11:35:10 AM
20321B,N,O,03/27/2026 12:26:41 PM
20322A,N,O,03/27/2026 12:16:45 PM
20322B,N,O,03/27/2026 11:57:20 AM
20323A,N,O,03/27/2026 12:11:32 PM
20323B,N,O,03/27/2026 11:27:26 AM
20324A,N,O,03/27/2026 11:55:05 AM
20324B,N,O,03/27/2026 10:05:03 AM
20325A,N,O,03/27/2026 11:56:41 AM
20325B,N,O,03/27/2026 12:20:03 PM
20326A,N,O,03/27/2026 11:56:49 AM
20326B,N,O,03/27/2026 10:23:09 AM
20327B,N,O,03/27/2026 11:27:05 AM
20328A,N,O,03/27/2026 07:31:52 AM
20328B,N,O,03/27/2026 09:08:10 AM
20329A,N,O,03/27/2026 09:31:36 AM
20329B,N,V,03/27/2026 11:28:40 AM
2032A,N,O,03/27/2026 06:57:50 AM
2032B,N,O,03/27/2026 07:04:32 AM
20330A,N,O,03/27/2026 10:32:41 AM
20330B,N,O,03/27/2026 11:32:15 AM
20331A,N,O,03/27/2026 07:58:51 AM
20331B,N,O,03/27/2026 07:58:43 AM
20332A,N,O,03/27/2026 07:57:50 AM
20332B,N,O,03/27/2026 12:06:17 PM
20333A,N,O,03/27/2026 09:47:20 AM
20333B,N,V,03/27/2026 10:55:09 AM
20334A,N,O,03/27/2026 07:55:46 AM
20334B,N,O,03/27/2026 07:55:50 AM
20335A,N,O,03/27/2026 10:57:11 AM
20335B,N,O,03/27/2026 11:05:55 AM
20336A,N,O,03/27/2026 09:58:56 AM
20336B,N,O,03/27/2026 09:22:19 AM
20337A,N,O,03/27/2026 09:19:03 AM
20337B,N,O,03/27/2026 10:22:27 AM
2033B,N,O,03/27/2026 12:14:15 PM
20343B,N,O,03/27/2026 11:42:05 AM
20344A,N,O,03/27/2026 12:12:23 PM
20344B,N,O,03/27/2026 12:13:36 PM
20345A,N,O,03/27/2026 11:41:19 AM
20345B,N,O,03/27/2026 12:05:56 PM
20346A,N,O,03/27/2026 12:07:59 PM
20346B,N,O,03/27/2026 12:10:14 PM
20347A,N,O,03/27/2026 11:04:02 AM
20347B,N,O,03/27/2026 11:45:59 AM
20348A,N,O,03/27/2026 11:52:31 AM
20348B,N,O,03/27/2026 12:09:26 PM
20349A,N,O,03/27/2026 11:34:44 AM
20349B,N,O,03/27/2026 11:53:33 AM
2034A,N,O,03/27/2026 08:16:21 AM
2034B,N,O,03/27/2026 08:25:02 AM
20350A,N,O,03/27/2026 11:33:05 AM
20350B,N,O,03/27/2026 11:45:21 AM
20351A,N,O,03/27/2026 12:14:05 PM
20351B,N,V,03/27/2026 12:27:38 PM
20352A,N,V,03/27/2026 09:15:45 AM
20352B,N,O,03/27/2026 12:14:42 PM
20353A,N,O,03/27/2026 11:51:09 AM
20353B,N,O,03/27/2026 08:25:51 AM
20354A,N,O,03/27/2026 08:51:13 AM
20354B,N,O,03/27/2026 08:22:59 AM
20355A,N,O,03/27/2026 12:20:46 PM
20355B,N,O,03/27/2026 10:48:17 AM
20356A,N,V,03/27/2026 12:27:32 PM
20356B,N,O,03/27/2026 11:11:54 AM
20357A,N,O,03/27/2026 11:57:29 AM
20357B,N,O,03/27/2026 11:49:53 AM
20358A,N,O,03/27/2026 12:27:03 PM
20358B,N,O,03/27/2026 11:46:27 AM
20359A,N,O,03/27/2026 08:09:04 AM
20359B,N,O,03/27/2026 11:38:10 AM
2035A,N,O,03/27/2026 11:53:51 AM
2035B,N,O,03/27/2026 11:06:08 AM
20369A,N,V,03/27/2026 12:13:34 PM
2036A,N,O,03/27/2026 07:25:17 AM
2036B,N,V,03/27/2026 11:32:30 AM
20373B,N,O,03/27/2026 10:04:13 AM
20374A,N,O,03/27/2026 11:46:15 AM
20374B,N,O,03/27/2026 08:35:35 AM
20375A,N,O,03/27/2026 11:37:03 AM
20375B,N,O,03/27/2026 11:27:41 AM
20376A,N,O,03/27/2026 11:51:58 AM
20376B,N,O,03/27/2026 11:17:40 AM
20377A,N,O,03/27/2026 09:43:57 AM
20377B,N,O,03/27/2026 11:45:22 AM
20378A,N,O,03/27/2026 11:43:03 AM
20378B,N,O,03/27/2026 11:48:12 AM
20379A,N,O,03/27/2026 11:34:35 AM
20379B,N,O,03/27/2026 12:24:59 PM
2037A,N,O,03/27/2026 06:57:56 AM
2037B,N,O,03/27/2026 09:22:03 AM
20380A,N,O,03/27/2026 12:27:07 PM
20380B,N,O,03/27/2026 12:04:24 PM
20381A,N,O,03/27/2026 11:30:03 AM
20381B,N,O,03/27/2026 10:17:28 AM
20382A,N,O,03/27/2026 12:07:03 PM
20382B,N,O,03/27/2026 10:15:41 AM
20385B,N,V,03/27/2026 11:20:52 AM
20386A,N,V,03/27/2026 12:04:55 PM
20386B,N,V,03/27/2026 12:04:59 PM
20387A,N,V,03/27/2026 11:56:35 AM
20387B,N,O,03/27/2026 11:48:59 AM
20388A,N,O,03/27/2026 12:01:40 PM
20388B,N,V,03/27/2026 12:01:40 PM
20389A,N,V,03/27/2026 07:24:29 AM
20389B,N,V,03/27/2026 12:27:14 PM
2038A,N,O,03/27/2026 12:04:16 PM
2038B,N,O,03/27/2026 08:40:19 AM
20390A,N,V,03/27/2026 12:27:24 PM
20390B,N,O,03/27/2026 12:12:49 PM
20391A,N,O,03/27/2026 12:27:41 PM
20391B,N,O,03/27/2026 10:54:52 AM
20392A,N,O,03/27/2026 10:46:57 AM
20392B,N,O,03/27/2026 11:49:43 AM
20393B,N,V,03/27/2026 11:48:57 AM
20394A,N,V,03/27/2026 11:39:37 AM
20394B,N,O,03/27/2026 12:27:26 PM
20395A,N,V,03/27/2026 12:27:09 PM
20395B,N,V,03/27/2026 08:23:35 AM
20396A,N,V,03/27/2026 12:02:52 PM
20396B,N,V,03/27/2026 09:59:57 AM
20397A,N,V,03/27/2026 11:38:58 AM
20397B,N,V,03/27/2026 10:23:38 AM
20398A,N,V,03/27/2026 07:31:56 AM
20399B,N,V,03/27/2026 11:56:02 AM
2039A,N,O,03/27/2026 12:25:37 PM
2039B,N,O,03/27/2026 10:52:56 AM
203A,N,O,03/27/2026 12:27:20 PM
203B,N,V,03/27/2026 12:26:27 PM
20400A,N,V,03/27/2026 10:10:48 AM
20400B,N,O,03/26/2026 07:19:50 PM
20401A,N,O,03/26/2026 07:11:50 PM
20401B,N,O,03/26/2026 06:22:06 PM
20402A,N,V,03/27/2026 09:44:29 AM
20402B,N,V,03/27/2026 08:05:03 AM
20403A,N,O,03/26/2026 04:35:31 PM
20403B,N,V,03/27/2026 12:22:09 PM
20404A,N,V,03/27/2026 10:12:02 AM
20405A,N,V,03/27/2026 10:47:21 AM
20405B,N,O,03/26/2026 07:54:35 PM
20406A,N,V,03/27/2026 11:39:01 AM
20406B,N,V,03/27/2026 11:39:01 AM
20407A,N,V,03/27/2026 10:10:06 AM
20407B,N,V,03/27/2026 11:00:18 AM
20408A,N,V,03/27/2026 12:10:15 PM
20409A,N,V,03/27/2026 07:44:10 AM
20409B,N,V,03/27/2026 10:04:17 AM
20410A,N,V,03/27/2026 10:56:50 AM
20410B,N,V,03/27/2026 10:03:13 AM
20411A,N,V,03/27/2026 11:42:05 AM
20411B,N,V,03/27/2026 11:37:09 AM
20412A,N,V,03/27/2026 12:03:56 PM
20412B,N,V,03/27/2026 12:03:48 PM
20413A,N,O,03/27/2026 06:56:45 AM
20413B,N,O,03/27/2026 07:41:43 AM
20414A,N,V,03/27/2026 12:27:38 PM
20415A,N,O,03/27/2026 12:11:39 PM
20415B,N,O,03/27/2026 11:14:22 AM
20416A,N,V,03/27/2026 12:18:40 PM
20416B,N,O,03/27/2026 12:27:29 PM
20417A,N,V,03/27/2026 12:07:05 PM
20418A,N,V,03/27/2026 11:22:53 AM
20418B,N,V,03/27/2026 12:13:56 PM
20419A,N,O,03/27/2026 12:22:48 PM
20419B,N,O,03/27/2026 11:21:02 AM
20420A,N,V,03/27/2026 12:26:02 PM
20420B,N,V,03/27/2026 12:13:08 PM
20421A,N,O,03/27/2026 10:14:20 AM
20422B,N,O,03/27/2026 09:23:34 AM
20423A,N,V,03/27/2026 12:14:53 PM
20423B,N,V,03/27/2026 12:25:14 PM
20424A,N,V,03/27/2026 12:23:05 PM
20424B,N,V,03/27/2026 12:15:56 PM
20425A,N,V,03/27/2026 12:27:42 PM
20425B,N,V,03/26/2026 05:38:14 PM
20426A,N,V,03/27/2026 10:55:24 AM
20426B,N,V,03/27/2026 10:50:27 AM
20427A,N,V,03/27/2026 10:46:46 AM
20428A,N,O,03/27/2026 07:30:26 AM
20428B,N,O,03/27/2026 12:00:48 PM
20429A,N,O,03/27/2026 06:55:46 AM
20429B,N,V,03/27/2026 12:05:40 PM
20430A,N,O,03/27/2026 11:43:27 AM
20430B,N,O,03/27/2026 09:22:35 AM
20431A,N,O,03/27/2026 06:58:55 AM
20431B,N,O,03/27/2026 10:52:09 AM
20432A,N,O,03/27/2026 10:34:24 AM
20432B,N,O,03/27/2026 10:44:29 AM
20433A,N,O,03/27/2026 08:10:55 AM
20433B,N,O,03/27/2026 12:18:39 PM
20434A,N,O,03/27/2026 11:58:17 AM
20434B,N,O,03/27/2026 11:46:12 AM
20437A,N,V,03/27/2026 12:27:40 PM
20437B,N,O,03/27/2026 11:48:29 AM
20438A,N,O,03/27/2026 09:27:17 AM
20438B,N,O,03/27/2026 11:50:13 AM
20439A,N,O,03/27/2026 10:14:53 AM
20439B,N,O,03/27/2026 12:24:32 PM
20440A,N,O,03/27/2026 12:20:17 PM
20440B,N,O,03/27/2026 12:19:35 PM
20441A,N,O,03/27/2026 11:23:08 AM
20441B,N,O,03/27/2026 09:26:08 AM
20442A,N,O,03/27/2026 10:38:59 AM
20442B,N,O,03/27/2026 08:23:08 AM
20443A,N,O,03/27/2026 12:18:35 PM
20443B,N,O,03/27/2026 09:02:10 AM
20444A,N,V,03/27/2026 12:13:17 PM
20444B,N,V,03/27/2026 12:08:02 PM
20445A,N,V,03/27/2026 12:19:19 PM
20445B,N,V,03/27/2026 11:37:36 AM
20446A,N,O,03/27/2026 11:46:21 AM
20446B,N,O,03/27/2026 12:02:47 PM
20447A,N,O,03/27/2026 12:01:15 PM
20447B,N,O,03/27/2026 11:35:15 AM
20448A,N,V,03/27/2026 12:22:37 PM
20448B,N,V,03/27/2026 12:25:02 PM
20449A,N,O,03/27/2026 08:31:57 AM
20449B,N,V,03/27/2026 09:27:13 AM
20450A,N,V,03/27/2026 11:54:18 AM
20450B,N,O,03/27/2026 11:54:22 AM
20451A,N,V,03/27/2026 12:21:36 PM
20451B,N,O,03/27/2026 12:25:38 PM
20452B,N,O,03/27/2026 12:20:09 PM
20453A,N,O,03/27/2026 11:45:33 AM
20453B,N,O,03/27/2026 11:40:30 AM
20497A,N,V,03/27/2026 12:12:43 PM
20497B,N,O,03/27/2026 12:13:28 PM
20498A,N,O,03/27/2026 08:40:22 AM
20498B,N,V,03/27/2026 11:00:00 AM
20499A,N,V,03/27/2026 08:55:35 AM
20499B,N,V,03/27/2026 12:19:08 PM
204A,N,V,03/27/2026 10:33:46 AM
204B,N,V,03/27/2026 11:31:16 AM
20500A,N,O,03/27/2026 08:17:59 AM
20500B,N,O,03/27/2026 10:33:07 AM
20501A,N,O,03/27/2026 06:58:48 AM
20501B,N,V,03/27/2026 12:27:30 PM
20506A,N,V,03/27/2026 11:11:55 AM
20506B,N,V,03/27/2026 11:11:55 AM
20507A,N,V,03/27/2026 11:30:10 AM
20507B,N,V,03/27/2026 10:47:11 AM
20508A,N,O,03/27/2026 11:00:03 AM
20508B,N,V,03/27/2026 10:47:00 AM
20509A,N,O,03/27/2026 11:58:57 AM
20509B,N,V,03/27/2026 10:46:50 AM
20510B,N,V,03/27/2026 10:59:29 AM
20511A,N,V,03/27/2026 11:56:06 AM
20511B,N,O,03/27/2026 11:46:27 AM
20512A,N,V,03/27/2026 12:08:28 PM
20512B,N,O,03/27/2026 11:46:15 AM
20513A,N,V,03/27/2026 09:16:16 AM
20513B,N,V,03/27/2026 11:56:22 AM
20514A,N,O,03/27/2026 11:46:04 AM
20515A,N,V,03/27/2026 11:02:11 AM
20515B,N,V,03/27/2026 11:36:38 AM
20516A,N,V,03/27/2026 11:29:34 AM
20516B,N,V,03/27/2026 11:57:25 AM
20517B,NU,V,03/23/2026 11:12:30 AM
2053A,N,O,03/27/2026 11:40:37 AM
2053B,N,O,03/27/2026 09:00:14 AM
20545A,N,V,03/27/2026 08:03:03 AM
20545B,N,O,03/26/2026 03:32:09 PM
20546B,N,V,03/27/2026 08:02:44 AM
2054A,N,O,03/27/2026 06:55:57 AM
2054B,N,O,03/27/2026 07:43:07 AM
20550A,N,V,03/27/2026 12:22:56 PM
20550B,N,O,03/27/2026 11:00:31 AM
20551A,N,V,03/27/2026 11:54:24 AM
20551B,N,O,03/27/2026 11:10:54 AM
20552A,N,V,03/27/2026 12:21:56 PM
20562A,N,O,03/27/2026 11:29:58 AM
20562B,N,O,03/27/2026 11:06:08 AM
20563A,N,O,03/27/2026 11:07:37 AM
20563B,N,O,03/27/2026 12:20:04 PM
20564A,N,O,03/27/2026 10:51:19 AM
20564B,N,O,03/27/2026 12:23:20 PM
20565A,N,O,03/27/2026 11:49:36 AM
20565B,N,O,03/27/2026 12:12:08 PM
20566A,N,O,03/27/2026 10:05:31 AM
20566B,N,O,03/27/2026 10:07:19 AM
20567A,N,O,03/27/2026 12:23:49 PM
20567B,N,O,03/27/2026 11:45:26 AM
20570A,N,V,03/27/2026 12:20:18 PM
20570B,N,O,03/27/2026 08:58:19 AM
20571A,N,O,03/27/2026 11:52:10 AM
20571B,N,O,03/27/2026 08:35:47 AM
20572A,N,O,03/27/2026 12:00:14 PM
20572B,N,O,03/27/2026 12:01:11 PM
20573A,N,O,03/27/2026 12:18:49 PM
20573B,N,O,03/27/2026 12:18:45 PM
20574A,N,V,03/27/2026 11:32:13 AM
20574B,N,O,03/27/2026 12:27:32 PM
20575A,N,V,03/27/2026 12:10:48 PM
20575B,N,O,03/27/2026 12:03:51 PM
20576A,N,V,03/27/2026 12:11:03 PM
20576B,N,O,03/27/2026 12:18:29 PM
20577A,N,V,03/27/2026 12:02:06 PM
20577B,N,O,03/27/2026 11:54:33 AM
20591A,N,O,03/27/2026 07:58:46 AM
20591B,N,O,03/27/2026 12:26:44 PM
20592A,N,V,03/27/2026 12:25:16 PM
20592B,N,O,03/27/2026 12:07:28 PM
20593A,N,O,03/27/2026 07:57:06 AM
20593B,N,O,03/27/2026 07:56:48 AM
20594B,N,O,03/27/2026 07:55:54 AM
20595A,N,O,03/27/2026 11:51:28 AM
20595B,N,O,03/27/2026 11:51:17 AM
20596A,N,O,03/27/2026 07:58:46 AM
20596B,N,O,03/27/2026 09:10:33 AM
20597A,N,O,03/26/2026 07:58:05 AM
20597B,N,O,03/27/2026 07:57:42 AM
20598A,N,O,03/27/2026 09:16:50 AM
20598B,N,O,03/27/2026 12:10:11 PM
205A,N,O,03/27/2026 11:07:38 AM
205B,N,V,03/27/2026 12:00:48 PM
20601B,N,O,03/27/2026 12:26:57 PM
20602A,N,O,03/27/2026 11:55:02 AM
20602B,N,O,03/27/2026 11:18:21 AM
20604A,N,V,03/27/2026 12:27:11 PM
20604B,N,O,03/27/2026 11:44:51 AM
20605A,N,O,03/27/2026 11:29:48 AM
20605B,N,O,03/27/2026 12:21:17 PM
20606A,N,O,03/27/2026 12:11:45 PM
20606B,N,O,03/27/2026 08:47:35 AM
20607A,N,O,03/27/2026 12:25:52 PM
20607B,N,O,03/27/2026 11:25:35 AM
20608A,N,V,03/27/2026 11:30:21 AM
20608B,N,V,03/27/2026 11:28:46 AM
20609A,N,O,03/27/2026 12:16:58 PM
20609B,N,O,03/27/2026 11:38:39 AM
20610A,N,V,03/27/2026 11:39:52 AM
20610B,N,V,03/27/2026 11:37:10 AM
20611A,N,O,03/27/2026 12:27:19 PM
20611B,N,V,03/27/2026 07:17:53 AM
20612A,N,O,03/27/2026 12:15:56 PM
20612B,N,O,03/27/2026 06:57:45 AM
20613A,N,V,03/27/2026 12:18:22 PM
20613B,N,V,03/27/2026 12:19:12 PM
20614A,N,V,03/27/2026 12:22:28 PM
20614B,N,V,03/27/2026 11:30:11 AM
20618A,N,O,03/27/2026 08:26:46 AM
20619A,N,O,03/27/2026 06:55:52 AM
20619B,N,O,03/27/2026 09:42:34 AM
20620A,N,O,03/27/2026 09:03:55 AM
20620B,N,O,03/27/2026 06:59:51 AM
20621A,N,O,03/27/2026 08:42:37 AM
20621B,N,O,03/27/2026 06:58:46 AM
20631A,N,O,03/27/2026 10:08:12 AM
20631B,N,O,03/27/2026 11:09:35 AM
20632A,N,O,03/27/2026 10:04:42 AM
20632B,N,V,03/27/2026 11:23:06 AM
20633A,N,O,03/27/2026 08:38:41 AM
20633B,N,V,03/27/2026 12:26:53 PM
20634A,N,V,03/27/2026 12:13:26 PM
20634B,N,O,03/27/2026 06:55:45 AM
20635A,N,O,03/27/2026 06:59:44 AM
20635B,N,O,03/27/2026 11:54:34 AM
20636A,N,O,03/27/2026 06:58:51 AM
20636B,N,O,03/27/2026 12:22:06 PM
20637A,N,V,03/27/2026 12:27:15 PM
20637B,N,O,03/27/2026 12:16:20 PM
20638A,N,V,03/27/2026 12:18:05 PM
20638B,N,O,03/27/2026 09:59:59 AM
20639A,N,O,03/27/2026 09:59:26 AM
20639B,N,O,03/27/2026 09:11:02 AM
2063A,N,O,03/27/2026 07:58:01 AM
2063B,N,O,03/27/2026 08:29:55 AM
20640A,N,O,03/27/2026 08:46:27 AM
20640B,N,O,03/27/2026 09:05:42 AM
20641A,N,O,03/27/2026 08:43:28 AM
20641B,N,O,03/27/2026 09:19:12 AM
20642A,N,O,03/27/2026 06:57:45 AM
20642B,N,O,03/27/2026 12:11:43 PM
20643A,N,O,03/27/2026 06:56:45 AM
20643B,N,O,03/27/2026 08:39:39 AM
2064B,N,O,03/27/2026 11:17:43 AM
20651A,N,O,03/27/2026 09:14:35 AM
20651B,N,V,03/27/2026 11:05:32 AM
20652A,N,O,03/26/2026 06:57:50 AM
20652B,N,O,03/27/2026 12:09:29 PM
20653A,N,O,03/27/2026 12:02:15 PM
20653B,N,V,03/27/2026 12:27:39 PM
20654A,N,O,03/27/2026 06:55:50 AM
20654B,N,O,03/27/2026 11:06:33 AM
20658A,N,O,03/27/2026 10:23:49 AM
20658B,N,O,03/27/2026 12:06:27 PM
20659B,N,O,03/27/2026 11:49:00 AM
2065A,N,O,03/27/2026 06:59:48 AM
20661A,N,O,03/27/2026 07:59:09 AM
20661B,N,V,03/27/2026 12:21:20 PM
20663A,N,O,03/27/2026 07:56:42 AM
20663B,N,O,03/27/2026 07:56:55 AM
20664B,N,O,03/27/2026 12:18:37 PM
20665A,N,O,03/27/2026 11:07:36 AM
20666A,NU,O,03/27/2026 10:56:44 AM
20666B,NU,O,03/27/2026 10:43:40 AM
20667A,N,O,03/27/2026 07:57:53 AM
20667B,N,O,03/27/2026 12:26:39 PM
2066A,N,O,03/27/2026 08:38:57 AM
2066B,N,O,03/27/2026 08:28:30 AM
20672A,N,V,07/13/2025 10:00:25 AM
20672B,N,O,03/27/2026 07:45:58 AM
20673A,N,O,03/27/2026 07:53:43 AM
20673B,N,O,03/27/2026 06:56:48 AM
20674A,N,O,03/27/2026 11:08:19 AM
20674B,N,O,03/27/2026 09:27:04 AM
20675A,N,O,03/27/2026 09:48:39 AM
20675B,N,O,03/27/2026 06:59:49 AM
20676A,N,O,03/26/2026 11:02:32 PM
20676B,N,O,03/27/2026 12:14:13 PM
20677A,N,O,03/27/2026 09:21:35 AM
20677B,N,O,03/27/2026 08:23:37 AM
20678A,N,V,03/27/2026 12:26:42 PM
20678B,N,O,03/27/2026 12:16:41 PM
20679A,N,O,03/27/2026 07:55:44 AM
20679B,N,O,03/26/2026 07:55:56 AM
2067A,N,O,03/27/2026 11:55:39 AM
2067B,N,O,03/27/2026 06:57:53 AM
20680A,N,O,03/27/2026 07:59:51 AM
20680B,N,V,03/27/2026 12:27:35 PM
20681A,N,O,03/27/2026 07:58:58 AM
20681B,N,O,03/27/2026 07:59:21 AM
20682B,N,O,03/27/2026 07:37:27 AM
20683A,N,O,03/27/2026 11:32:37 AM
20683B,N,O,03/27/2026 11:30:32 AM
20684A,N,O,03/27/2026 10:28:59 AM
20684B,N,O,03/27/2026 11:25:42 AM
20685A,N,O,03/27/2026 08:12:12 AM
20685B,N,O,03/27/2026 08:06:54 AM
20686A,N,O,03/27/2026 09:38:50 AM
20686B,N,V,03/27/2026 09:33:08 AM
20687A,N,O,03/27/2026 11:22:13 AM
20687B,N,O,03/27/2026 11:22:13 AM
20688A,NU,V,03/27/2026 10:47:25 AM
20688B,NU,O,03/27/2026 10:31:38 AM
20689A,N,O,03/27/2026 07:55:50 AM
2068A,N,V,03/27/2026 12:27:45 PM
2068B,N,O,03/27/2026 12:19:24 PM
20690A,N,O,03/27/2026 07:59:50 AM
20690B,N,O,03/27/2026 11:04:42 AM
20691A,N,O,03/27/2026 09:44:52 AM
20691B,N,O,03/27/2026 08:01:07 AM
20692A,N,O,03/27/2026 10:47:12 AM
20692B,N,O,03/27/2026 11:23:34 AM
20693B,N,O,03/27/2026 12:18:10 PM
20694A,N,O,03/27/2026 10:59:51 AM
20694B,N,O,03/27/2026 08:47:57 AM
20695A,N,O,03/27/2026 11:26:23 AM
20695B,N,O,03/27/2026 09:53:59 AM
20696A,N,O,03/27/2026 06:58:48 AM
20696B,N,O,03/27/2026 08:28:56 AM
20697A,N,O,03/27/2026 06:57:48 AM
20697B,N,O,03/27/2026 08:32:55 AM
20698A,N,O,03/27/2026 06:56:55 AM
20698B,N,O,03/27/2026 06:56:51 AM
2069A,N,O,03/27/2026 07:48:54 AM
2070A,N,O,03/27/2026 12:27:26 PM
2070B,N,O,03/27/2026 06:59:48 AM
2071A,N,O,03/27/2026 08:04:44 AM
2071B,N,O,03/27/2026 11:48:56 AM
2072A,N,O,03/27/2026 09:03:44 AM
2072B,N,O,03/27/2026 09:45:41 AM
2073A,N,O,03/27/2026 06:56:52 AM
2073B,N,O,03/27/2026 10:37:55 AM
20745A,N,O,03/27/2026 12:25:34 PM
20745B,N,V,03/27/2026 12:02:50 PM
20746A,N,V,03/27/2026 11:47:16 AM
20746B,N,O,03/27/2026 12:20:13 PM
20748A,N,O,03/27/2026 07:56:45 AM
20748B,N,O,03/27/2026 07:56:45 AM
20749A,N,O,03/27/2026 11:37:32 AM
20749B,N,O,03/27/2026 11:25:42 AM
2074A,N,O,03/27/2026 07:11:02 AM
20750A,N,V,03/27/2026 10:27:27 AM
20750B,N,O,03/27/2026 10:28:49 AM
20751A,N,V,03/27/2026 12:26:38 PM
20752A,N,O,03/27/2026 11:57:44 AM
20752B,N,O,03/27/2026 10:50:40 AM
20755A,N,O,03/27/2026 11:48:46 AM
20756A,N,O,03/27/2026 12:21:35 PM
20756B,N,O,03/27/2026 11:10:40 AM
20757A,N,O,03/27/2026 11:12:43 AM
20758A,N,O,03/27/2026 12:20:31 PM
20758B,N,O,03/27/2026 12:15:51 PM
20759A,N,O,03/27/2026 12:22:50 PM
20759B,N,O,03/27/2026 11:36:58 AM
2075A,N,O,03/27/2026 06:59:53 AM
2075B,N,O,03/27/2026 11:27:48 AM
20760A,N,V,03/27/2026 09:02:05 AM
20760B,N,O,03/27/2026 08:48:19 AM
20763A,N,O,03/27/2026 11:50:28 AM
20763B,N,O,03/27/2026 08:26:52 AM
20764A,N,O,03/27/2026 11:35:09 AM
20764B,N,O,03/27/2026 11:47:16 AM
20765A,N,V,03/27/2026 12:26:37 PM
20765B,N,O,03/27/2026 12:27:08 PM
20766A,N,O,03/27/2026 12:04:25 PM
20766B,N,O,03/27/2026 12:16:21 PM
20767A,N,O,03/27/2026 08:27:55 AM
20767B,N,O,03/27/2026 12:27:03 PM
20768A,N,V,03/27/2026 12:27:44 PM
20768B,N,O,03/27/2026 12:23:40 PM
20769A,N,O,03/27/2026 11:33:27 AM
20769B,N,O,03/27/2026 11:26:12 AM
2076A,N,O,03/27/2026 07:59:05 AM
2076B,N,O,03/27/2026 10:42:59 AM
20777A,N,O,03/27/2026 12:09:46 PM
20778A,N,O,03/27/2026 12:21:08 PM
20778B,N,O,03/27/2026 12:09:11 PM
20779A,N,O,03/27/2026 10:33:34 AM
20779B,N,O,03/27/2026 11:52:46 AM
2077A,N,V,03/27/2026 12:25:27 PM
2077B,N,O,03/27/2026 11:48:13 AM
20780A,N,O,03/27/2026 11:47:33 AM
20780B,N,O,03/27/2026 11:40:04 AM
20781A,N,O,03/27/2026 12:02:13 PM
20781B,N,O,03/27/2026 12:02:13 PM
20782A,N,O,03/27/2026 10:56:53 AM
20782B,N,O,03/27/2026 12:25:57 PM
20784A,N,O,03/27/2026 11:44:35 AM
20784B,N,O,03/27/2026 12:19:13 PM
20787A,N,O,03/27/2026 07:58:11 AM
20788A,N,O,03/27/2026 07:56:47 AM
20788B,N,O,03/27/2026 07:56:47 AM
20789A,N,O,10/19/2025 12:18:34 PM
20789B,N,O,09/24/2025 08:46:47 AM
20790A,N,O,03/26/2026 08:00:37 AM
20790B,N,O,03/27/2026 07:59:55 AM
20791A,N,O,03/27/2026 12:22:28 PM
20791B,N,O,03/27/2026 11:56:19 AM
20792A,N,O,03/27/2026 12:25:28 PM
20792B,N,O,03/27/2026 09:47:38 AM
20793A,N,O,03/27/2026 10:32:22 AM
20793B,N,V,03/27/2026 12:24:01 PM
20795B,N,O,03/27/2026 09:54:13 AM
20796A,N,O,03/27/2026 07:58:49 AM
20796B,N,O,03/27/2026 07:58:49 AM
207A,N,O,03/27/2026 09:48:42 AM
207B,N,O,03/27/2026 11:39:23 AM
20801B,N,O,03/27/2026 11:28:00 AM
20802A,N,O,03/27/2026 10:02:50 AM
20802B,N,O,03/27/2026 06:58:10 AM
20803A,N,O,03/27/2026 09:36:14 AM
20803B,N,O,03/27/2026 11:14:40 AM
20804A,N,O,03/27/2026 09:50:04 AM
20804B,N,O,03/27/2026 11:37:50 AM
20805A,N,O,03/27/2026 10:16:34 AM
20805B,N,O,03/27/2026 06:59:52 AM
20806A,N,O,03/27/2026 10:55:53 AM
20806B,N,O,03/27/2026 11:56:38 AM
20807A,N,O,03/27/2026 10:53:26 AM
20807B,N,O,03/27/2026 11:56:44 AM
20809A,N,O,03/27/2026 07:55:52 AM
20809B,N,O,03/27/2026 07:55:56 AM
20810A,N,O,03/27/2026 08:00:50 AM
20810B,N,O,03/27/2026 12:19:38 PM
20811A,N,O,03/27/2026 12:19:36 PM
20811B,N,O,03/27/2026 08:34:52 AM
20812A,N,O,03/27/2026 08:27:48 AM
20812B,N,O,03/27/2026 11:58:22 AM
20813A,N,V,03/27/2026 12:26:25 PM
20813B,N,O,03/27/2026 09:42:04 AM
20814A,N,O,03/27/2026 12:14:27 PM
20814B,N,O,03/27/2026 11:51:03 AM
20815A,N,O,03/27/2026 12:05:12 PM
20815B,N,O,03/27/2026 08:42:20 AM
20816B,N,O,03/27/2026 11:38:39 AM
20817B,N,O,03/27/2026 11:41:19 AM
20818A,N,O,03/27/2026 06:56:51 AM
20818B,N,O,03/27/2026 06:56:51 AM
20819A,N,O,03/27/2026 11:59:24 AM
20819B,N,O,03/27/2026 08:19:37 AM
20820A,N,O,03/27/2026 08:27:22 AM
20820B,N,O,03/27/2026 12:03:58 PM
20821A,N,O,03/27/2026 10:20:19 AM
20821B,N,O,03/27/2026 10:55:55 AM
20822A,N,O,03/27/2026 10:03:57 AM
20822B,N,O,03/27/2026 11:21:44 AM
20823A,N,O,03/27/2026 12:09:02 PM
20823B,N,O,03/27/2026 11:41:07 AM
20824A,N,V,03/27/2026 12:18:04 PM
20824B,N,O,03/27/2026 12:03:49 PM
20825A,N,O,03/27/2026 07:55:28 AM
20825B,N,O,03/27/2026 06:59:44 AM
20826A,N,O,03/27/2026 06:58:53 AM
20826B,N,O,03/26/2026 06:59:01 AM
20827A,N,O,03/27/2026 06:57:48 AM
20827B,N,O,03/27/2026 06:57:48 AM
20828A,N,O,03/27/2026 08:17:43 AM
20828B,N,O,03/27/2026 09:46:26 AM
20829B,N,O,03/27/2026 06:55:52 AM
20830A,N,O,03/27/2026 12:03:20 PM
20830B,N,O,03/27/2026 08:22:10 AM
20831A,N,O,03/27/2026 08:02:53 AM
20831B,N,O,03/27/2026 08:04:48 AM
20833A,N,O,03/27/2026 09:03:13 AM
20833B,N,O,03/27/2026 11:33:41 AM
20834A,N,O,03/27/2026 10:41:27 AM
20834B,N,O,03/27/2026 09:12:26 AM
20835A,N,O,03/27/2026 09:46:33 AM
20835B,N,O,03/27/2026 09:57:21 AM
20836A,N,O,03/27/2026 09:04:13 AM
20836B,N,O,03/27/2026 12:20:20 PM
20837A,N,O,03/27/2026 09:57:49 AM
20837B,N,O,03/27/2026 11:42:30 AM
20838A,N,O,03/27/2026 07:30:39 AM
20838B,N,O,03/27/2026 12:26:18 PM
20839A,N,O,03/27/2026 11:56:19 AM
20839B,N,V,03/27/2026 12:19:03 PM
2083A,N,O,03/27/2026 09:41:52 AM
2083B,N,O,03/27/2026 09:16:03 AM
20840A,NU,O,03/27/2026 11:12:20 AM
20840B,NU,O,03/27/2026 09:01:55 AM
20841A,N,O,03/27/2026 08:02:44 AM
20841B,N,O,03/27/2026 06:58:50 AM
20842A,N,O,03/27/2026 12:20:10 PM
20843A,N,O,03/27/2026 12:25:19 PM
20843B,N,O,03/27/2026 07:28:44 AM
20844A,N,O,03/27/2026 10:40:20 AM
20844B,N,O,03/27/2026 09:20:42 AM
20845A,N,O,03/27/2026 08:01:39 AM
20845B,N,O,03/27/2026 11:35:25 AM
20846A,N,O,03/27/2026 11:04:14 AM
2084A,N,O,03/27/2026 11:30:40 AM
2084B,N,O,03/27/2026 12:11:26 PM
20851A,N,O,03/27/2026 12:11:57 PM
20851B,N,O,03/27/2026 10:44:10 AM
20852A,N,O,03/27/2026 10:03:18 AM
20852B,N,O,03/27/2026 09:27:12 AM
20853A,N,O,03/27/2026 10:47:14 AM
20853B,N,O,03/27/2026 09:02:25 AM
20854A,N,O,03/27/2026 11:28:46 AM
20854B,N,O,03/27/2026 12:18:53 PM
20855A,N,O,03/27/2026 06:59:53 AM
20855B,N,O,03/27/2026 06:59:53 AM
20856A,N,O,03/27/2026 11:40:41 AM
20856B,N,O,03/27/2026 06:58:40 AM
20857A,N,V,03/27/2026 08:04:48 AM
20857B,N,O,03/27/2026 11:07:34 AM
20858A,N,O,03/27/2026 08:24:28 AM
20858B,N,O,03/27/2026 10:18:55 AM
20859A,N,O,03/27/2026 08:49:37 AM
20859B,N,O,03/27/2026 08:24:19 AM
20860B,N,O,03/27/2026 08:49:06 AM
20861A,N,O,03/27/2026 06:58:51 AM
20861B,N,O,03/27/2026 11:05:52 AM
20862A,N,O,03/27/2026 06:57:49 AM
20862B,N,V,03/27/2026 12:24:16 PM
20863A,N,O,03/26/2026 06:56:42 AM
20863B,N,O,03/27/2026 11:28:58 AM
20864A,N,O,03/27/2026 06:55:40 AM
20864B,N,O,03/27/2026 12:27:40 PM
20865A,N,O,03/27/2026 06:59:48 AM
20865B,N,O,03/27/2026 12:13:23 PM
20866A,N,O,03/27/2026 06:58:49 AM
20866B,N,O,03/27/2026 12:13:43 PM
20867A,N,O,03/27/2026 12:12:54 PM
20867B,N,O,03/27/2026 11:22:18 AM
20868A,N,O,03/27/2026 09:19:36 AM
20868B,N,O,03/27/2026 11:08:28 AM
20869A,N,O,03/21/2026 06:20:50 PM
20869B,N,O,03/21/2026 06:06:47 PM
2086A,N,O,03/27/2026 06:58:54 AM
20870B,N,O,03/27/2026 11:51:25 AM
20871A,N,V,03/26/2026 11:59:03 PM
20871B,N,O,03/27/2026 09:28:43 AM
20872A,N,V,03/27/2026 08:01:06 AM
20872B,N,O,03/27/2026 12:26:03 PM
20873A,N,V,03/27/2026 11:46:20 AM
20873B,N,O,03/27/2026 06:56:54 AM
20874A,N,O,03/27/2026 11:34:03 AM
20876A,N,O,03/27/2026 12:07:55 PM
20876B,N,O,03/27/2026 11:53:06 AM
20877A,N,O,03/27/2026 08:07:19 AM
20877B,N,V,03/27/2026 11:47:39 AM
20878A,N,O,03/27/2026 12:18:11 PM
20878B,N,V,03/27/2026 11:58:22 AM
20879A,N,O,03/27/2026 10:13:45 AM
20879B,N,V,03/27/2026 08:51:09 AM
2087A,N,O,03/27/2026 11:44:39 AM
20880A,N,O,03/27/2026 12:25:48 PM
20880B,N,O,03/27/2026 10:32:32 AM
20882A,N,O,03/27/2026 12:02:38 PM
20882B,N,O,03/27/2026 11:44:28 AM
20883A,N,O,03/27/2026 10:38:08 AM
20883B,N,O,03/27/2026 11:30:53 AM
20884A,N,V,03/27/2026 12:26:43 PM
20885A,N,V,03/27/2026 12:25:03 PM
20885B,N,O,03/27/2026 11:45:41 AM
20886A,N,V,03/27/2026 12:27:15 PM
20886B,N,O,03/27/2026 06:58:48 AM
20887A,N,O,03/27/2026 06:57:50 AM
20887B,N,O,03/27/2026 06:57:43 AM
20888A,N,O,03/27/2026 12:00:35 PM
20888B,N,O,03/27/2026 08:03:24 AM
20889A,N,O,03/27/2026 06:55:50 AM
20889B,N,O,03/27/2026 11:11:21 AM
2088A,N,O,03/27/2026 06:56:49 AM
2089A,N,O,03/27/2026 06:55:46 AM
2089B,N,O,03/27/2026 07:32:52 AM
208A,N,O,03/27/2026 11:33:21 AM
208B,N,O,03/27/2026 11:45:01 AM
20907A,N,O,03/27/2026 11:48:40 AM
20907B,N,O,03/27/2026 10:00:12 AM
20908A,N,V,03/27/2026 12:24:34 PM
20908B,N,O,03/27/2026 06:56:43 AM
20909A,N,O,03/27/2026 11:38:57 AM
20909B,N,O,03/27/2026 11:25:07 AM
2090A,N,O,03/27/2026 06:59:55 AM
2090B,N,O,03/27/2026 08:47:49 AM
20910B,N,V,03/27/2026 12:19:08 PM
20919A,N,O,03/27/2026 12:26:46 PM
2091A,N,O,03/27/2026 10:45:36 AM
2091B,N,O,03/27/2026 08:55:06 AM
20920A,N,V,03/27/2026 12:26:44 PM
20920B,N,O,03/27/2026 11:48:40 AM
20921A,N,V,03/27/2026 12:27:03 PM
20921B,N,V,03/27/2026 12:18:27 PM
20922A,N,O,03/27/2026 06:57:51 AM
20922B,N,O,03/27/2026 10:47:06 AM
20923A,N,O,03/27/2026 06:56:46 AM
20923B,N,O,03/27/2026 06:56:46 AM
2092A,N,O,03/27/2026 11:32:44 AM
2092B,N,O,03/27/2026 11:54:09 AM
20931A,N,V,03/27/2026 12:23:24 PM
20931B,N,V,03/27/2026 12:23:24 PM
20932A,N,V,03/27/2026 12:25:45 PM
20932B,N,O,03/27/2026 06:57:48 AM
20934A,N,O,03/27/2026 12:10:18 PM
20934B,N,V,03/27/2026 12:08:54 PM
20935A,N,O,03/27/2026 12:14:52 PM
20935B,N,O,03/27/2026 10:43:30 AM
20936A,N,O,10/13/2025 09:42:41 AM
20937A,N,O,03/27/2026 12:07:08 PM
20937B,N,O,03/27/2026 07:58:09 AM
20938A,N,O,03/27/2026 07:56:46 AM
20938B,N,O,03/26/2026 07:56:43 AM
20939A,N,O,03/27/2026 07:55:52 AM
20940B,N,O,03/27/2026 07:59:47 AM
20941A,N,O,03/27/2026 07:58:51 AM
20941B,N,O,03/27/2026 07:59:09 AM
20942A,N,O,03/27/2026 07:57:51 AM
20942B,N,O,03/26/2026 01:45:54 PM
20943A,N,O,03/27/2026 07:56:48 AM
20943B,N,O,03/27/2026 07:56:41 AM
20944A,N,O,03/27/2026 10:53:58 AM
20944B,N,O,03/27/2026 07:55:50 AM
20957A,N,O,03/27/2026 12:26:13 PM
20958A,N,O,03/27/2026 11:23:44 AM
20958B,N,O,03/27/2026 12:25:02 PM
20959A,N,O,03/27/2026 09:21:56 AM
20959B,N,O,03/27/2026 06:55:50 AM
20960A,N,O,03/27/2026 07:13:55 AM
20960B,N,O,03/27/2026 11:20:36 AM
20961A,N,O,03/27/2026 11:37:21 AM
20961B,N,O,03/27/2026 06:58:45 AM
20962A,N,O,03/27/2026 09:26:52 AM
20962B,N,O,03/27/2026 12:15:57 PM
20963A,N,O,03/27/2026 11:20:48 AM
20963B,N,O,03/27/2026 11:28:10 AM
20964A,N,O,03/27/2026 09:12:43 AM
20966A,N,O,03/27/2026 10:35:46 AM
20966B,N,O,03/27/2026 10:12:25 AM
20967A,N,O,03/27/2026 09:59:28 AM
20967B,N,O,03/27/2026 10:09:37 AM
20968B,N,O,03/27/2026 12:16:15 PM
20969A,N,O,03/27/2026 10:04:57 AM
20969B,N,O,03/27/2026 08:02:17 AM
20970A,N,O,03/27/2026 09:13:39 AM
20971A,N,V,03/27/2026 10:51:20 AM
20971B,N,O,03/27/2026 08:45:54 AM
20972A,N,O,03/27/2026 12:04:37 PM
20972B,N,O,03/27/2026 12:27:05 PM
20973A,N,O,03/27/2026 10:10:46 AM
20973B,N,O,03/27/2026 08:21:11 AM
20974A,N,O,03/27/2026 09:05:33 AM
20974B,N,O,03/27/2026 12:14:08 PM
20975A,N,O,03/27/2026 08:12:51 AM
20975B,N,O,03/27/2026 11:27:07 AM
20976A,N,O,03/27/2026 11:34:32 AM
20976B,N,O,03/27/2026 07:59:16 AM
20977A,N,O,03/27/2026 11:51:35 AM
20977B,N,V,03/27/2026 12:27:00 PM
20978A,N,O,03/27/2026 08:13:44 AM
20978B,N,O,03/27/2026 08:25:38 AM
20979A,N,O,03/27/2026 09:49:06 AM
20979B,N,O,03/27/2026 09:23:26 AM
2097B,N,O,03/27/2026 11:09:31 AM
20980A,N,O,03/27/2026 06:59:45 AM
20980B,N,O,03/27/2026 11:58:27 AM
20981B,N,O,03/27/2026 06:58:48 AM
20982A,N,O,03/27/2026 08:30:39 AM
20982B,N,V,03/27/2026 12:24:54 PM
20983A,N,O,03/27/2026 10:36:20 AM
20983B,N,V,03/27/2026 12:03:36 PM
20988A,N,O,03/27/2026 07:59:51 AM
20989A,N,O,03/27/2026 08:43:37 AM
20989B,N,O,03/27/2026 11:10:05 AM
2098A,N,O,03/27/2026 09:33:22 AM
2098B,N,O,03/27/2026 08:26:52 AM
20990A,N,O,03/27/2026 10:53:26 AM
20990B,N,O,03/27/2026 10:19:50 AM
2099A,N,O,03/27/2026 08:25:55 AM
2099B,N,O,03/27/2026 08:26:08 AM
20A,N,O,03/27/2026 08:15:33 AM
20B,N,V,03/27/2026 12:18:42 PM
21001A,N,O,03/26/2026 12:51:39 PM
21001B,N,O,03/27/2026 09:43:32 AM
21002A,N,O,03/27/2026 09:02:30 AM
21002B,N,O,03/27/2026 11:47:52 AM
21003A,N,O,03/27/2026 11:53:57 AM
21003B,N,O,03/27/2026 11:26:12 AM
21004A,N,O,03/27/2026 12:02:43 PM
21004B,N,O,03/27/2026 12:07:54 PM
21005A,N,O,03/27/2026 09:55:56 AM
21005B,N,O,03/27/2026 12:03:34 PM
21006A,N,O,03/27/2026 11:29:15 AM
21006B,N,O,03/27/2026 12:05:40 PM
21007A,N,O,03/27/2026 10:41:05 AM
21007B,N,O,03/27/2026 10:58:48 AM
21008A,N,O,03/27/2026 11:00:19 AM
21008B,N,V,03/27/2026 12:14:43 PM
21009B,N,O,03/27/2026 08:43:54 AM
2100A,N,O,03/27/2026 08:29:47 AM
2100B,N,O,03/27/2026 11:46:53 AM
21010B,N,O,03/27/2026 10:45:39 AM
21011A,N,O,03/27/2026 09:51:06 AM
21011B,N,O,03/27/2026 07:06:24 AM
21012A,N,V,03/27/2026 12:24:16 PM
21012B,N,O,03/27/2026 10:50:47 AM
21013A,N,O,03/23/2026 06:56:54 AM
21013B,N,O,03/27/2026 11:04:10 AM
21014A,N,O,03/27/2026 11:01:50 AM
21014B,N,V,03/27/2026 12:06:31 PM
21015A,N,O,03/27/2026 12:24:59 PM
21015B,N,O,03/27/2026 12:24:59 PM
21016A,N,O,03/26/2026 05:21:57 PM
21016B,N,O,03/27/2026 12:17:55 PM
21017A,N,O,03/27/2026 12:11:03 PM
21017B,N,O,03/27/2026 12:08:16 PM
21018A,N,O,03/27/2026 12:14:52 PM
21018B,N,O,03/27/2026 09:48:54 AM
21019A,N,O,03/27/2026 08:31:53 AM
21019B,N,O,03/27/2026 11:33:14 AM
2101A,N,O,03/27/2026 08:29:40 AM
2101B,N,O,03/27/2026 12:23:41 PM
21020A,N,O,03/27/2026 11:23:50 AM
21020B,N,O,03/27/2026 06:59:50 AM
21021B,N,O,03/27/2026 12:20:48 PM
21022A,N,O,03/27/2026 11:54:11 AM
21022B,N,O,03/27/2026 06:57:47 AM
21023A,N,O,03/27/2026 10:27:07 AM
21023B,N,O,03/27/2026 10:01:47 AM
21024A,N,O,03/27/2026 12:22:42 PM
21024B,N,O,03/27/2026 09:47:56 AM
2102A,N,O,03/27/2026 09:30:55 AM
2102B,N,O,03/27/2026 10:20:58 AM
21031A,N,O,03/27/2026 12:10:49 PM
21032A,N,O,03/27/2026 06:57:46 AM
21032B,N,O,03/27/2026 09:11:39 AM
21033A,N,O,03/27/2026 09:31:16 AM
21033B,N,O,03/27/2026 12:25:04 PM
21035A,N,O,03/27/2026 11:26:23 AM
21035B,N,O,03/27/2026 12:03:28 PM
21036A,N,V,03/27/2026 12:22:02 PM
21036B,N,O,03/27/2026 12:00:29 PM
21037A,N,V,03/27/2026 11:56:04 AM
21037B,N,O,03/27/2026 12:11:53 PM
21038A,N,O,03/27/2026 09:55:07 AM
21038B,N,O,03/27/2026 12:22:06 PM
21039A,N,V,03/27/2026 11:39:38 AM
21039B,N,V,03/27/2026 12:27:24 PM
21040A,N,V,03/27/2026 12:20:22 PM
21040B,N,O,03/27/2026 12:27:13 PM
21041A,N,V,03/27/2026 12:27:25 PM
21041B,N,O,03/27/2026 12:26:54 PM
21042A,N,V,03/27/2026 12:06:11 PM
21042B,N,O,03/27/2026 12:23:36 PM
21043A,N,O,03/27/2026 12:23:53 PM
21043B,N,O,03/27/2026 09:19:25 AM
21044A,N,O,03/27/2026 09:21:03 AM
21044B,N,V,03/27/2026 12:25:55 PM
21045A,N,O,03/27/2026 11:50:57 AM
21045B,N,V,03/27/2026 12:27:20 PM
21046A,N,O,03/27/2026 12:27:19 PM
21046B,N,O,03/27/2026 11:50:44 AM
21050B,N,V,03/27/2026 11:27:04 AM
21051A,N,V,03/27/2026 12:12:44 PM
21051B,N,O,03/27/2026 09:08:02 AM
21052A,N,V,03/27/2026 12:00:45 PM
21052B,N,V,03/27/2026 12:16:56 PM
21053A,N,V,03/27/2026 10:20:25 AM
21053B,N,V,03/27/2026 10:20:40 AM
21054A,N,V,03/27/2026 11:55:30 AM
21054B,N,V,03/27/2026 11:47:39 AM
21055A,N,V,03/27/2026 11:19:26 AM
21055B,N,V,03/27/2026 10:16:10 AM
21056A,N,V,03/27/2026 09:56:00 AM
21056B,N,V,03/27/2026 11:18:54 AM
21057B,N,O,03/27/2026 08:22:39 AM
21058A,N,O,03/27/2026 08:28:33 AM
21058B,N,O,03/27/2026 10:04:29 AM
21059A,N,O,03/27/2026 10:04:24 AM
21059B,N,V,03/27/2026 11:20:44 AM
21070A,N,O,03/27/2026 11:23:46 AM
21070B,N,V,03/27/2026 12:14:23 PM
21071A,N,O,03/27/2026 12:23:32 PM
21071B,N,V,03/27/2026 12:27:31 PM
21072A,N,V,03/27/2026 11:19:46 AM
21072B,N,O,03/27/2026 12:01:59 PM
21073A,N,V,03/27/2026 11:15:51 AM
21073B,N,V,03/27/2026 12:24:53 PM
21074A,N,O,03/27/2026 10:07:04 AM
21074B,N,O,03/27/2026 12:19:14 PM
21075A,N,V,03/27/2026 12:19:51 PM
21075B,N,O,03/27/2026 12:15:32 PM
21076A,N,O,03/27/2026 11:14:17 AM
21076B,N,O,03/27/2026 12:12:37 PM
21077A,N,O,03/27/2026 12:06:44 PM
21077B,N,O,03/27/2026 11:45:55 AM
21078A,N,V,03/27/2026 12:27:29 PM
21078B,N,O,03/27/2026 06:56:50 AM
21079A,N,V,03/27/2026 12:19:24 PM
21079B,N,V,03/27/2026 12:15:06 PM
21080A,N,V,03/27/2026 11:18:03 AM
21080B,N,V,03/27/2026 12:14:36 PM
21081A,NU,O,03/22/2026 01:37:08 PM
21081B,NU,O,03/22/2026 01:45:06 PM
21082A,N,V,03/27/2026 12:15:22 PM
21082B,N,V,03/27/2026 12:14:13 PM
21083A,N,O,03/27/2026 09:54:10 AM
21083B,N,V,03/27/2026 12:11:23 PM
21084A,N,O,03/27/2026 10:21:31 AM
21084B,N,V,03/27/2026 12:15:12 PM
21085A,N,V,03/27/2026 11:39:22 AM
21085B,N,O,03/27/2026 11:56:32 AM
21086A,N,O,03/27/2026 12:19:30 PM
21086B,N,O,03/27/2026 12:22:39 PM
21087A,N,O,03/26/2026 07:49:25 PM
21087B,N,V,03/26/2026 03:57:48 PM
21088A,N,V,03/27/2026 08:18:42 AM
21088B,N,V,03/26/2026 03:20:20 PM
21089A,N,O,03/27/2026 12:11:39 PM
21089B,N,V,03/27/2026 10:17:13 AM
21090A,N,V,03/26/2026 07:40:17 PM
21090B,N,V,03/27/2026 08:27:50 AM
21091A,N,V,03/26/2026 05:16:17 PM
21091B,N,V,03/27/2026 08:36:02 AM
21092A,N,V,03/27/2026 11:43:56 AM
21092B,N,V,03/26/2026 07:25:46 PM
21093A,N,V,03/27/2026 11:22:18 AM
21093B,N,O,03/27/2026 11:29:09 AM
21094A,N,V,03/27/2026 12:17:32 PM
21094B,N,V,03/26/2026 12:02:34 PM
21095A,N,V,03/26/2026 06:05:15 PM
21095B,N,V,03/26/2026 06:06:06 PM
21096A,N,V,03/27/2026 10:28:21 AM
21096B,N,V,03/26/2026 03:15:43 PM
21097A,N,V,03/26/2026 04:01:48 PM
21097B,N,V,03/27/2026 12:13:15 PM
21098A,N,V,03/26/2026 05:50:58 PM
21098B,N,V,03/27/2026 07:17:02 AM
21099A,N,V,03/27/2026 10:30:28 AM
21099B,N,V,03/27/2026 10:30:35 AM
2109A,N,O,03/27/2026 11:37:11 AM
2109B,N,O,03/27/2026 12:12:26 PM
210A,N,V,03/27/2026 12:08:09 PM
21100A,N,O,03/27/2026 07:00:01 AM
21100B,N,V,03/26/2026 04:12:30 PM
21101A,N,V,03/26/2026 06:21:48 PM
21101B,N,O,03/26/2026 06:45:46 PM
21102A,N,O,03/26/2026 07:25:38 PM
21102B,N,V,03/26/2026 07:18:15 PM
21103A,N,V,03/27/2026 09:54:41 AM
21103B,N,V,03/27/2026 10:17:33 AM
21104A,N,V,03/26/2026 05:38:24 PM
21104B,N,V,03/26/2026 06:09:01 PM
21105A,NU,V,03/26/2026 07:25:29 PM
21105B,NU,O,03/26/2026 07:22:48 PM
21106A,N,O,03/27/2026 08:31:33 AM
21106B,N,O,03/27/2026 11:17:41 AM
21107A,N,V,03/26/2026 07:29:54 PM
21107B,N,V,03/27/2026 11:49:07 AM
21108A,N,V,03/26/2026 07:06:03 PM
21108B,N,O,03/26/2026 07:16:16 PM
21109A,N,V,03/27/2026 11:11:55 AM
21109B,N,V,03/27/2026 12:04:54 PM
2110A,N,V,03/27/2026 12:22:49 PM
2110B,N,O,03/27/2026 11:53:09 AM
2119A,N,V,03/26/2026 01:17:55 PM
2119B,N,O,03/27/2026 08:25:50 AM
211A,N,V,03/27/2026 12:08:09 PM
211B,N,O,03/27/2026 12:03:32 PM
2120A,N,O,03/27/2026 11:40:05 AM
2120B,N,O,03/27/2026 11:56:03 AM
212A,N,V,03/27/2026 12:16:13 PM
212B,N,V,03/27/2026 12:07:59 PM
2132A,N,O,03/27/2026 10:20:34 AM
2132B,N,O,03/27/2026 11:43:48 AM
2133A,N,O,03/27/2026 08:26:46 AM
2133B,N,O,03/27/2026 10:58:28 AM
213A,N,V,03/27/2026 12:00:27 PM
213B,N,O,03/27/2026 09:17:07 AM
2148A,N,O,03/27/2026 10:22:41 AM
2148B,N,O,03/27/2026 11:09:16 AM
2149A,N,O,03/27/2026 10:25:33 AM
2149B,N,O,03/27/2026 09:24:49 AM
214B,N,V,03/27/2026 12:16:46 PM
2150A,N,O,03/27/2026 08:29:44 AM
2150B,N,O,03/27/2026 08:46:04 AM
21523A,N,O,03/27/2026 11:43:17 AM
21524A,N,O,03/27/2026 11:32:16 AM
21524B,N,O,03/27/2026 11:50:47 AM
21525A,N,O,03/27/2026 12:15:16 PM
21526A,N,O,03/27/2026 12:26:52 PM
21526B,N,O,03/27/2026 12:17:28 PM
21527A,N,O,03/27/2026 12:14:43 PM
21527B,N,O,03/27/2026 12:06:58 PM
21528A,N,O,03/27/2026 12:09:06 PM
21528B,N,O,03/27/2026 12:00:54 PM
21529A,N,O,03/27/2026 12:24:33 PM
21529B,N,O,03/27/2026 12:11:07 PM
21530A,N,O,03/27/2026 12:03:11 PM
21530B,N,O,03/27/2026 11:49:24 AM
21531A,N,O,03/27/2026 06:58:46 AM
21532A,N,O,03/27/2026 10:07:03 AM
21532B,N,O,03/27/2026 12:07:47 PM
21533A,N,O,03/27/2026 12:10:28 PM
21534A,N,O,03/27/2026 12:16:20 PM
21534B,N,O,03/27/2026 12:27:21 PM
21535B,N,O,03/27/2026 12:15:48 PM
21536A,N,O,03/27/2026 12:19:18 PM
21536B,N,O,03/27/2026 12:23:22 PM
21537A,N,O,03/27/2026 12:15:24 PM
21537B,N,O,03/27/2026 11:40:01 AM
21538A,N,O,03/27/2026 11:57:04 AM
21538B,N,O,03/27/2026 12:18:17 PM
21539A,N,O,03/27/2026 11:43:18 AM
21539B,N,O,03/27/2026 12:19:12 PM
21540A,N,O,03/27/2026 12:02:27 PM
21540B,N,O,03/27/2026 12:12:18 PM
21541A,N,O,03/27/2026 12:19:17 PM
21541B,N,V,03/27/2026 12:18:52 PM
21542A,N,O,03/27/2026 10:03:19 AM
21542B,N,O,03/27/2026 11:02:46 AM
21543A,N,O,03/27/2026 12:03:35 PM
21544A,N,O,03/27/2026 11:54:23 AM
21544B,N,O,03/27/2026 11:54:23 AM
21545A,N,O,03/27/2026 12:06:41 PM
21545B,N,O,03/27/2026 12:00:43 PM
21546A,N,V,03/27/2026 12:26:20 PM
21546B,N,V,03/27/2026 12:25:40 PM
21547A,N,O,03/27/2026 12:10:14 PM
21547B,N,O,03/27/2026 11:28:28 AM
21548A,N,O,03/27/2026 12:22:42 PM
21548B,N,O,03/27/2026 12:03:38 PM
21549A,N,O,03/27/2026 12:26:43 PM
21549B,N,O,03/27/2026 11:37:26 AM
21550A,N,O,03/27/2026 12:07:21 PM
21550B,N,O,03/27/2026 12:21:12 PM
21551A,N,O,03/27/2026 11:31:23 AM
21551B,N,V,03/27/2026 12:27:04 PM
21552A,N,O,03/27/2026 12:23:30 PM
21552B,N,O,03/27/2026 12:09:14 PM
21553A,N,O,03/27/2026 08:50:26 AM
21553B,N,O,03/27/2026 12:10:47 PM
21554A,N,O,03/27/2026 12:08:38 PM
21554B,N,O,03/27/2026 12:21:06 PM
21555A,N,O,03/27/2026 12:15:32 PM
21555B,N,O,03/27/2026 12:00:05 PM
21556A,N,O,03/27/2026 12:12:58 PM
21556B,N,O,03/27/2026 11:58:04 AM
21557A,N,O,03/27/2026 12:20:33 PM
21557B,N,O,03/27/2026 11:49:54 AM
21558A,N,O,03/27/2026 12:15:57 PM
21558B,N,O,03/27/2026 11:59:49 AM
21559A,N,O,03/27/2026 11:59:45 AM
21559B,N,V,03/27/2026 12:27:33 PM
21560A,N,O,03/26/2026 06:49:35 PM
21560B,N,O,03/27/2026 11:47:15 AM
21561A,N,V,03/27/2026 12:26:26 PM
21561B,N,O,03/27/2026 12:11:55 PM
21562A,N,V,03/27/2026 12:17:59 PM
21562B,N,O,03/27/2026 09:27:23 AM
21563A,N,O,03/27/2026 12:16:12 PM
21563B,N,O,03/27/2026 10:01:18 AM
21564A,N,O,03/27/2026 11:48:59 AM
21564B,N,O,03/27/2026 11:39:17 AM
21565A,N,O,03/27/2026 09:41:35 AM
21565B,N,O,03/27/2026 12:22:03 PM
21566A,N,O,03/27/2026 11:49:21 AM
21566B,N,O,03/27/2026 12:23:03 PM
21567A,N,O,03/27/2026 12:01:07 PM
21568B,N,O,03/27/2026 12:02:51 PM
21573B,N,O,03/27/2026 09:46:41 AM
21574A,N,O,03/27/2026 11:23:31 AM
21574B,N,O,03/27/2026 09:49:23 AM
21575A,N,O,03/27/2026 11:58:42 AM
21575B,N,O,03/27/2026 08:58:56 AM
21589A,N,O,03/25/2026 07:53:11 PM
21589B,N,O,03/27/2026 06:55:51 AM
21590A,NU,O,05/28/2025 06:59:42 AM
21590B,NU,O,05/28/2025 09:25:12 AM
21591A,NU,O,05/28/2025 06:58:52 AM
21591B,NU,O,05/28/2025 07:54:35 AM
21592B,NU,O,05/28/2025 08:01:04 AM
21593A,N,V,03/27/2026 12:04:05 PM
21593B,N,V,03/26/2026 03:32:54 PM
21594A,N,V,03/27/2026 10:57:24 AM
21594B,N,V,03/27/2026 12:06:12 PM
21595A,N,V,03/27/2026 12:21:32 PM
21595B,N,O,03/27/2026 08:37:03 AM
21596A,N,V,03/27/2026 12:06:19 PM
21596B,N,V,03/27/2026 08:35:47 AM
21597A,N,O,03/27/2026 11:05:05 AM
21597B,N,O,03/27/2026 12:27:35 PM
21598A,N,V,03/26/2026 05:33:20 PM
21598B,N,V,03/26/2026 05:31:59 PM
21599A,N,V,03/26/2026 05:35:33 PM
21599B,N,V,03/26/2026 12:23:10 PM
215A,N,O,03/27/2026 11:52:16 AM
215B,N,O,03/27/2026 12:25:25 PM
21600A,N,O,03/23/2026 04:38:08 PM
21600B,N,V,03/21/2026 06:56:41 PM
21601A,N,O,03/27/2026 06:58:46 AM
21601B,N,O,03/27/2026 10:47:52 AM
21602A,N,O,03/27/2026 12:08:02 PM
21602B,N,O,03/27/2026 07:12:17 AM
21603A,N,O,03/26/2026 07:52:32 PM
21603B,N,O,03/27/2026 06:56:50 AM
21604A,N,O,03/27/2026 06:55:42 AM
21604B,N,O,03/27/2026 06:55:42 AM
21605A,N,O,03/27/2026 06:59:47 AM
21605B,N,O,03/27/2026 06:59:47 AM
21606A,N,O,03/27/2026 07:21:59 AM
21606B,N,O,03/27/2026 07:21:59 AM
21607A,N,O,03/27/2026 11:14:49 AM
21608A,N,V,03/27/2026 12:07:44 PM
21608B,N,O,03/27/2026 12:00:31 PM
21609A,N,V,03/27/2026 12:17:11 PM
21609B,N,V,03/27/2026 12:15:56 PM
2160A,N,O,03/27/2026 09:24:20 AM
2160B,N,O,03/27/2026 12:25:26 PM
21610A,N,V,03/24/2026 03:46:49 PM
21610B,N,O,03/27/2026 12:26:36 PM
21611A,N,O,03/27/2026 11:16:39 AM
21611B,N,O,03/27/2026 12:04:08 PM
21612A,N,V,03/26/2026 11:34:29 AM
21612B,N,V,03/26/2026 11:34:29 AM
21613A,N,V,03/24/2026 05:59:20 PM
21614A,N,O,03/27/2026 11:56:50 AM
21614B,N,V,03/26/2026 02:09:06 PM
21615A,N,V,03/26/2026 04:25:47 PM
21615B,N,V,03/27/2026 11:13:22 AM
21616A,N,O,03/27/2026 11:57:19 AM
21616B,N,V,03/23/2026 01:45:13 PM
21617A,N,V,03/26/2026 03:01:12 PM
21617B,N,V,03/27/2026 12:27:36 PM
21618A,N,V,03/26/2026 04:22:32 PM
21618B,N,V,03/26/2026 03:44:45 PM
21619A,N,V,03/27/2026 12:11:14 PM
21619B,N,V,03/26/2026 03:45:41 PM
2161A,N,O,03/27/2026 12:03:03 PM
2161B,N,O,03/27/2026 10:35:02 AM
21620A,N,V,03/27/2026 12:21:48 PM
21621A,N,V,03/27/2026 12:16:44 PM
21621B,N,O,03/27/2026 11:36:50 AM
21622A,N,V,03/26/2026 03:25:57 PM
21622B,N,V,03/26/2026 03:27:11 PM
21623A,N,V,03/27/2026 11:47:58 AM
21623B,N,V,03/26/2026 03:24:35 PM
21624A,N,V,03/27/2026 12:23:06 PM
21624B,N,O,03/27/2026 12:22:07 PM
21625A,N,O,03/27/2026 12:13:23 PM
21625B,N,O,03/27/2026 12:25:15 PM
21626A,N,O,03/27/2026 11:00:48 AM
21626B,N,O,03/27/2026 10:40:29 AM
21627B,N,O,03/27/2026 10:32:58 AM
2162B,N,O,03/27/2026 08:27:55 AM
21630A,N,O,03/27/2026 12:22:26 PM
21630B,N,O,03/27/2026 09:50:04 AM
21631A,N,O,03/27/2026 09:42:00 AM
21631B,N,O,03/27/2026 12:08:19 PM
21632B,N,O,03/27/2026 12:10:53 PM
21640A,NU,V,02/14/2026 02:07:07 PM
21640B,NU,V,02/16/2026 11:03:29 AM
21641A,NU,V,02/16/2026 10:23:38 AM
21641B,NU,V,02/15/2026 12:02:37 PM
21642A,NU,O,02/16/2026 06:57:54 AM
21642B,NU,V,02/14/2026 02:33:33 PM
21643A,NU,V,02/16/2026 11:26:23 AM
21643B,NU,V,02/16/2026 12:24:46 PM
21644A,NU,V,02/16/2026 12:23:49 PM
21645A,NU,O,02/16/2026 12:19:04 PM
21645B,NU,O,02/16/2026 12:23:44 PM
21646A,NU,V,02/16/2026 11:32:41 AM
21646B,NU,V,02/16/2026 12:22:17 PM
21647A,NU,V,02/16/2026 11:06:46 AM
21647B,NU,V,02/14/2026 03:14:21 PM
21648A,NU,O,02/09/2026 02:09:45 PM
21648B,NU,V,02/09/2026 02:09:45 PM
21649B,NU,V,02/16/2026 12:20:25 PM
2164A,N,O,03/27/2026 08:25:49 AM
2164B,N,O,03/27/2026 12:10:46 PM
21650B,NU,V,02/15/2026 07:56:51 PM
21651A,NU,O,02/16/2026 12:17:32 PM
21651B,NU,V,02/15/2026 06:40:56 PM
21652A,NU,V,02/14/2026 03:28:35 PM
21652B,NU,V,02/16/2026 12:14:31 PM
21653A,NU,O,02/16/2026 12:16:18 PM
21653B,NU,V,02/16/2026 10:09:22 AM
21654A,NU,O,02/16/2026 12:15:15 PM
21654B,NU,V,02/15/2026 03:34:35 PM
21655A,NU,V,02/16/2026 11:39:24 AM
21655B,NU,V,02/16/2026 11:16:16 AM
21656A,NU,V,02/14/2026 03:26:49 PM
21656B,NU,O,02/16/2026 09:48:11 AM
21657B,NU,V,02/16/2026 12:09:22 PM
21658A,NU,O,02/16/2026 06:56:45 AM
21658B,NU,O,02/16/2026 06:56:45 AM
21659A,NU,O,02/16/2026 12:06:19 PM
21659B,NU,O,02/16/2026 12:07:09 PM
2165A,N,O,03/27/2026 10:24:20 AM
2165B,N,O,03/27/2026 12:02:09 PM
21660A,NU,O,02/16/2026 06:59:45 AM
21660B,NU,O,02/16/2026 06:59:45 AM
21661A,NU,O,02/16/2026 06:58:50 AM
2166A,N,O,03/27/2026 10:49:39 AM
2166B,N,O,03/27/2026 10:17:15 AM
2167A,N,O,03/27/2026 09:48:16 AM
2167B,N,O,03/27/2026 12:09:36 PM
216A,N,V,03/27/2026 12:26:47 PM
216B,N,O,03/27/2026 12:20:31 PM
21700A,N,O,03/27/2026 12:23:31 PM
21700B,N,O,03/27/2026 10:09:51 AM
21701A,N,V,03/27/2026 12:19:29 PM
21701B,N,V,03/27/2026 12:27:25 PM
21702A,N,O,03/27/2026 10:16:43 AM
21702B,N,O,03/27/2026 11:33:14 AM
21703A,N,O,03/27/2026 11:36:33 AM
21703B,N,O,03/27/2026 12:01:07 PM
217A,N,O,03/27/2026 06:57:43 AM
217B,N,V,03/27/2026 11:25:08 AM
218A,N,V,03/27/2026 11:17:36 AM
218B,N,O,03/27/2026 11:51:34 AM
21A,N,V,03/27/2026 12:18:12 PM
21B,N,O,03/27/2026 12:18:58 PM
22001A,N,O,03/27/2026 11:49:57 AM
22001B,N,O,03/27/2026 10:33:19 AM
22002A,N,O,03/27/2026 11:17:21 AM
22002B,N,O,03/27/2026 11:17:17 AM
22003A,N,O,03/27/2026 12:19:13 PM
22003B,N,O,03/27/2026 12:12:53 PM
22004A,N,O,03/27/2026 09:43:15 AM
22004B,N,O,03/27/2026 09:43:15 AM
22005A,N,O,03/27/2026 10:11:31 AM
22006A,N,O,03/27/2026 12:21:54 PM
22006B,N,O,03/27/2026 12:16:14 PM
22007A,N,O,03/27/2026 12:26:14 PM
22007B,N,V,03/27/2026 12:03:05 PM
22008A,N,O,03/27/2026 11:41:42 AM
22008B,N,O,03/27/2026 12:14:18 PM
22009A,N,O,03/27/2026 11:31:14 AM
22009B,N,V,03/27/2026 12:26:04 PM
22010A,N,O,03/27/2026 11:53:44 AM
22010B,N,O,03/27/2026 10:57:14 AM
22012A,N,O,03/27/2026 12:15:37 PM
22012B,N,V,03/27/2026 08:30:11 AM
22013A,N,O,03/27/2026 12:27:09 PM
22013B,N,O,03/27/2026 08:29:05 AM
22014A,N,O,03/27/2026 10:26:08 AM
22014B,N,O,03/27/2026 11:51:25 AM
22015A,N,O,03/27/2026 11:21:08 AM
22015B,N,O,03/27/2026 07:33:10 AM
22016A,N,O,03/27/2026 11:43:43 AM
22016B,N,O,03/27/2026 12:18:30 PM
22017A,N,O,03/27/2026 08:04:44 AM
22018A,N,O,03/27/2026 11:01:16 AM
22018B,N,O,03/27/2026 08:19:13 AM
22020A,N,O,03/27/2026 12:20:20 PM
22021A,N,V,03/27/2026 12:27:28 PM
22021B,N,O,03/27/2026 12:07:48 PM
22022A,N,O,03/27/2026 12:17:10 PM
22022B,N,O,03/27/2026 12:12:47 PM
22023A,N,O,03/27/2026 11:32:15 AM
22023B,N,O,03/27/2026 12:15:58 PM
22024A,N,O,03/27/2026 11:45:50 AM
22024B,N,O,03/27/2026 12:14:39 PM
22025A,N,O,03/27/2026 12:02:39 PM
22025B,N,O,03/27/2026 12:03:00 PM
22026A,N,O,03/27/2026 11:50:01 AM
22026B,N,O,03/27/2026 12:00:56 PM
22027A,N,O,03/27/2026 11:22:35 AM
22027B,N,O,03/27/2026 06:57:58 AM
22028A,N,O,03/27/2026 11:59:19 AM
22028B,N,O,03/27/2026 10:08:58 AM
22029B,N,O,03/27/2026 11:59:47 AM
22031A,N,V,03/27/2026 10:45:14 AM
22031B,N,V,03/27/2026 12:01:12 PM
22032A,N,V,03/27/2026 10:49:18 AM
22032B,N,V,03/27/2026 10:59:02 AM
22033B,N,O,03/27/2026 11:40:04 AM
22034A,N,O,03/27/2026 11:41:27 AM
22034B,N,O,03/27/2026 10:16:29 AM
22035A,N,O,03/27/2026 11:48:16 AM
22035B,N,O,03/27/2026 10:42:39 AM
22036A,N,V,03/27/2026 12:22:11 PM
22036B,N,O,03/27/2026 12:08:19 PM
22037A,N,O,03/27/2026 12:26:43 PM
22038A,N,V,03/27/2026 12:14:48 PM
22038B,N,V,03/27/2026 12:16:50 PM
22039A,N,V,03/26/2026 07:46:40 PM
22039B,N,O,03/26/2026 07:58:53 PM
22040A,N,V,03/27/2026 11:22:19 AM
22040B,N,O,03/27/2026 12:25:50 PM
22041A,N,O,03/27/2026 12:08:17 PM
22041B,N,V,03/27/2026 12:27:17 PM
22042A,N,O,03/27/2026 10:33:31 AM
22042B,N,O,03/27/2026 10:52:19 AM
22043A,N,O,03/27/2026 06:56:52 AM
22043B,N,O,03/27/2026 11:43:24 AM
22044A,N,O,03/27/2026 11:18:27 AM
22044B,N,O,03/27/2026 12:09:58 PM
22045A,N,O,03/27/2026 10:44:30 AM
22045B,N,O,03/27/2026 09:55:26 AM
22046A,N,O,03/27/2026 12:11:07 PM
22046B,N,O,03/27/2026 11:25:48 AM
22047A,N,O,03/27/2026 11:57:38 AM
22047B,N,O,03/27/2026 12:00:01 PM
22048A,N,O,03/27/2026 10:10:45 AM
22048B,N,O,03/27/2026 11:23:08 AM
22049A,N,O,03/27/2026 06:55:47 AM
22049B,N,O,03/27/2026 10:56:23 AM
22050A,N,O,03/27/2026 12:24:29 PM
22050B,N,O,03/27/2026 12:00:52 PM
22051A,N,O,03/27/2026 08:55:40 AM
22051B,N,O,03/27/2026 11:40:44 AM
22052A,N,O,03/27/2026 11:04:03 AM
22053A,N,O,03/27/2026 10:30:22 AM
22053B,N,O,03/27/2026 09:29:14 AM
22054A,N,O,03/27/2026 06:55:53 AM
22054B,N,O,03/27/2026 12:27:13 PM
22055B,N,O,03/27/2026 07:56:23 AM
22059A,N,O,03/27/2026 11:33:37 AM
22059B,N,O,03/27/2026 12:04:21 PM
22060A,N,O,03/27/2026 10:37:21 AM
22060B,N,O,03/27/2026 12:24:27 PM
22061A,N,O,03/27/2026 11:14:30 AM
22062A,N,O,03/27/2026 12:05:34 PM
22062B,N,O,03/27/2026 12:23:14 PM
22063A,N,O,03/27/2026 08:19:14 AM
22063B,N,O,03/27/2026 11:15:18 AM
22065A,N,O,03/27/2026 07:21:32 AM
22066A,N,O,03/27/2026 09:25:37 AM
22066B,N,V,03/27/2026 12:23:43 PM
22067A,N,V,03/27/2026 12:19:45 PM
22067B,N,O,03/27/2026 10:25:43 AM
22068A,N,O,03/27/2026 12:27:03 PM
22068B,N,V,03/27/2026 11:42:09 AM
22069A,N,V,03/27/2026 12:27:37 PM
22069B,N,O,03/27/2026 12:10:32 PM
22070A,N,O,03/27/2026 06:59:46 AM
22071A,N,O,03/27/2026 12:26:29 PM
22071B,N,V,03/27/2026 12:27:22 PM
22072A,N,O,03/27/2026 12:12:25 PM
22072B,N,V,03/27/2026 12:27:35 PM
22073A,N,V,03/27/2026 12:12:34 PM
22073B,N,O,03/27/2026 12:01:21 PM
22074A,N,V,03/27/2026 12:27:31 PM
22074B,N,O,03/27/2026 07:56:25 AM
22075A,N,V,03/27/2026 09:33:51 AM
22075B,N,O,03/26/2026 07:58:55 PM
22076A,N,V,03/27/2026 08:15:32 AM
22076B,N,V,03/27/2026 11:53:17 AM
22077A,N,V,03/27/2026 10:57:14 AM
22077B,N,O,03/27/2026 12:20:23 PM
22078A,N,V,03/27/2026 11:46:58 AM
22078B,N,V,03/27/2026 11:51:36 AM
22080A,N,O,03/27/2026 08:08:13 AM
22080B,N,O,03/27/2026 08:00:38 AM
22081A,N,O,03/27/2026 07:59:11 AM
22081B,N,O,03/27/2026 12:05:59 PM
22082A,N,O,03/26/2026 07:57:54 AM
22082B,N,O,03/27/2026 07:57:45 AM
22083A,N,O,03/27/2026 11:44:49 AM
22083B,N,O,03/27/2026 07:56:50 AM
22084A,N,O,03/27/2026 11:16:04 AM
22084B,N,O,03/27/2026 11:39:31 AM
22085A,N,O,03/27/2026 11:19:05 AM
22085B,N,O,03/27/2026 07:59:49 AM
22086A,N,O,03/27/2026 11:23:44 AM
22086B,N,O,03/27/2026 09:05:53 AM
22087A,N,O,03/27/2026 07:57:48 AM
22087B,N,O,03/27/2026 08:28:32 AM
22088A,N,O,03/27/2026 07:56:50 AM
22088B,N,O,03/27/2026 11:06:35 AM
22089A,N,O,03/27/2026 10:48:28 AM
22089B,N,O,03/27/2026 10:28:03 AM
22090A,N,O,03/27/2026 12:23:47 PM
22090B,N,O,03/27/2026 11:39:23 AM
22091A,N,O,03/27/2026 12:15:15 PM
22091B,N,O,03/27/2026 11:11:52 AM
22092A,N,O,03/27/2026 11:11:33 AM
22092B,N,O,03/27/2026 07:57:44 AM
22093A,N,O,03/27/2026 11:09:17 AM
22093B,N,O,03/27/2026 11:22:13 AM
22094A,N,O,03/27/2026 09:36:14 AM
22094B,N,O,03/27/2026 12:24:25 PM
22095A,N,O,03/27/2026 11:52:05 AM
22095B,N,O,03/27/2026 10:17:33 AM
22096A,N,O,03/27/2026 08:54:45 AM
22096B,N,O,03/27/2026 12:17:36 PM
22097A,N,O,03/27/2026 12:05:29 PM
22097B,N,O,03/27/2026 11:59:48 AM
22098A,N,O,03/26/2026 06:56:52 AM
22098B,N,O,03/27/2026 12:17:52 PM
22099A,N,O,03/27/2026 12:26:40 PM
22099B,N,V,03/27/2026 12:27:40 PM
22100A,N,O,03/27/2026 10:45:42 AM
22100B,N,O,03/27/2026 10:36:25 AM
22101A,N,O,03/27/2026 06:58:48 AM
22101B,N,O,03/27/2026 06:58:48 AM
22102A,N,O,03/27/2026 06:57:46 AM
22102B,N,O,03/27/2026 07:48:09 AM
22103B,N,O,03/27/2026 07:50:28 AM
22104A,N,O,03/27/2026 10:45:18 AM
22104B,N,O,03/27/2026 10:19:00 AM
22105A,N,O,03/27/2026 07:00:08 AM
22105B,N,O,03/27/2026 10:48:31 AM
22106A,N,V,03/26/2026 12:17:58 PM
22106B,N,O,03/27/2026 12:17:30 PM
22110A,N,O,03/27/2026 06:59:47 AM
22110B,N,V,03/27/2026 11:25:40 AM
22111A,N,O,03/27/2026 11:09:11 AM
22111B,N,O,03/27/2026 06:59:10 AM
22112A,N,O,03/27/2026 06:57:56 AM
22112B,N,O,03/27/2026 06:57:48 AM
22113A,N,O,03/27/2026 06:56:53 AM
22113B,N,O,03/27/2026 06:57:02 AM
22114A,N,O,03/27/2026 06:55:50 AM
22114B,N,O,03/27/2026 10:54:25 AM
22115A,N,O,03/27/2026 10:55:45 AM
22115B,N,O,03/27/2026 06:59:51 AM
22116A,N,O,03/27/2026 06:58:48 AM
22116B,N,O,03/27/2026 06:59:53 AM
22117A,N,O,03/26/2026 08:33:16 AM
22117B,N,O,03/27/2026 10:39:23 AM
22118A,N,O,03/27/2026 12:08:34 PM
22118B,N,O,03/27/2026 10:17:22 AM
22119A,N,O,03/27/2026 10:18:38 AM
22120A,N,V,03/27/2026 11:38:59 AM
22120B,N,O,03/27/2026 09:12:33 AM
22121A,N,V,03/27/2026 12:24:03 PM
22121B,N,O,03/27/2026 09:51:57 AM
22122A,N,O,03/27/2026 11:45:40 AM
22122B,N,V,03/27/2026 11:17:59 AM
22123A,N,O,03/27/2026 09:18:43 AM
22123B,N,O,03/27/2026 12:15:08 PM
22125B,N,V,03/27/2026 12:01:53 PM
22126A,N,O,03/27/2026 12:26:26 PM
22126B,N,O,03/27/2026 07:00:47 AM
22127A,N,O,03/27/2026 11:47:42 AM
22127B,N,V,03/27/2026 11:46:15 AM
22128A,N,O,03/27/2026 11:51:41 AM
22128B,N,O,03/27/2026 06:56:47 AM
22129A,N,O,03/27/2026 10:50:41 AM
22129B,N,O,03/27/2026 10:01:42 AM
22130A,N,O,03/27/2026 10:53:29 AM
22130B,N,O,03/27/2026 10:25:55 AM
22131A,N,O,03/27/2026 10:57:45 AM
22131B,N,V,03/27/2026 10:48:52 AM
22132A,N,O,03/26/2026 11:57:38 PM
22132B,N,O,03/27/2026 06:57:51 AM
22133A,N,V,03/27/2026 09:25:36 AM
22133B,N,O,03/27/2026 12:22:21 PM
22134A,N,O,03/27/2026 12:00:15 PM
22135B,N,V,03/27/2026 10:58:41 AM
22136A,N,V,03/26/2026 11:36:46 PM
22136B,N,O,03/27/2026 12:25:25 PM
22137A,N,V,03/26/2026 09:59:28 PM
22137B,N,V,03/26/2026 09:35:27 PM
22138A,N,O,03/27/2026 06:56:59 AM
22139A,N,V,03/27/2026 12:18:21 PM
22139B,N,O,03/27/2026 12:21:51 PM
22140A,N,O,03/27/2026 12:18:54 PM
22140B,N,O,03/27/2026 10:18:49 AM
22141A,N,O,03/27/2026 06:58:55 AM
22141B,N,V,03/27/2026 12:27:12 PM
22142A,N,O,03/27/2026 11:33:37 AM
22142B,N,V,03/27/2026 12:26:15 PM
22143A,N,V,03/27/2026 12:12:56 PM
22143B,N,V,03/27/2026 10:06:30 AM
22144A,N,V,03/27/2026 12:23:12 PM
22144B,N,O,03/27/2026 06:56:08 AM
22145A,N,O,03/27/2026 10:32:08 AM
22145B,N,V,03/27/2026 11:49:05 AM
22146A,N,O,03/27/2026 06:58:46 AM
22146B,N,O,03/27/2026 06:58:46 AM
22147A,N,O,03/27/2026 11:59:56 AM
22147B,N,O,03/27/2026 10:00:02 AM
22148A,N,O,03/27/2026 07:15:55 AM
22148B,N,V,03/27/2026 12:03:20 PM
22149A,N,V,03/27/2026 09:32:57 AM
22149B,N,V,03/27/2026 11:13:18 AM
22150A,N,O,03/26/2026 09:15:21 PM
22150B,N,O,03/27/2026 09:42:53 AM
22151A,N,V,03/27/2026 08:12:05 AM
22151B,N,O,03/26/2026 11:15:17 PM
22152A,N,O,03/27/2026 12:27:35 PM
22152B,N,O,03/27/2026 11:59:29 AM
22153A,N,V,03/27/2026 10:58:34 AM
22153B,N,O,03/27/2026 12:18:30 PM
22154A,N,V,03/27/2026 11:41:15 AM
22154B,N,O,03/27/2026 12:27:18 PM
22155A,N,V,03/26/2026 09:18:49 PM
22155B,N,O,03/27/2026 12:13:10 PM
22156A,N,O,03/27/2026 11:57:07 AM
22156B,N,V,03/27/2026 08:24:34 AM
22157A,N,O,03/27/2026 11:43:09 AM
22157B,N,O,03/27/2026 12:02:42 PM
22158A,N,V,03/27/2026 12:21:15 PM
22161A,N,O,03/27/2026 10:44:34 AM
22161B,N,V,03/27/2026 11:56:10 AM
22162A,N,V,03/27/2026 11:24:08 AM
22162B,N,O,03/27/2026 10:21:53 AM
22163A,N,V,03/27/2026 11:33:48 AM
22163B,N,V,03/27/2026 10:22:31 AM
22164A,N,O,03/27/2026 11:55:46 AM
22164B,N,O,03/27/2026 12:25:34 PM
22165A,N,O,03/27/2026 11:27:43 AM
22165B,N,O,03/27/2026 12:14:45 PM
22166A,N,O,03/27/2026 10:13:04 AM
22166B,N,O,03/27/2026 12:16:14 PM
22167A,N,V,03/27/2026 12:14:56 PM
22167B,N,V,03/27/2026 12:21:11 PM
22168A,N,V,03/27/2026 11:31:13 AM
22168B,N,V,03/27/2026 12:23:55 PM
22169A,N,O,03/27/2026 11:04:38 AM
22170A,N,O,03/27/2026 07:06:32 AM
22170B,N,O,03/27/2026 09:45:05 AM
22171A,N,O,03/27/2026 10:26:26 AM
22171B,N,O,03/27/2026 10:54:19 AM
22172A,N,O,03/27/2026 11:51:32 AM
22172B,N,O,03/27/2026 11:11:15 AM
22173A,N,V,03/27/2026 12:26:18 PM
22173B,N,O,03/27/2026 12:26:50 PM
22174A,N,O,03/27/2026 08:41:10 AM
22174B,N,O,03/27/2026 11:27:17 AM
22175A,N,O,03/27/2026 11:23:50 AM
22175B,N,O,03/27/2026 10:47:04 AM
22176A,N,O,03/27/2026 11:35:54 AM
22176B,N,O,03/27/2026 11:32:46 AM
22177A,N,O,03/27/2026 12:03:34 PM
22177B,N,O,03/27/2026 11:30:47 AM
22178A,N,O,03/27/2026 12:04:25 PM
22178B,N,V,03/27/2026 12:22:22 PM
22179A,N,O,03/27/2026 10:03:44 AM
22179B,N,V,03/27/2026 07:37:40 AM
22180A,N,O,03/27/2026 12:22:11 PM
22180B,N,V,03/27/2026 12:04:53 PM
22181A,N,V,03/27/2026 12:15:26 PM
22181B,N,V,03/26/2026 11:44:45 PM
22182A,N,V,03/27/2026 12:01:43 PM
22182B,N,O,03/27/2026 12:12:47 PM
22183A,N,V,03/27/2026 11:30:02 AM
22183B,N,O,03/27/2026 11:02:19 AM
22184A,N,O,03/27/2026 12:14:52 PM
22184B,N,O,03/27/2026 10:43:04 AM
22185A,N,V,03/27/2026 09:49:27 AM
22185B,N,O,03/27/2026 11:37:47 AM
22186A,N,V,03/27/2026 12:03:06 PM
22186B,N,V,03/27/2026 12:03:06 PM
22187A,N,V,03/27/2026 07:03:14 AM
22187B,N,V,03/26/2026 04:15:39 PM
22188A,N,V,03/26/2026 10:27:32 PM
22188B,N,V,03/27/2026 11:57:41 AM
22189A,N,V,03/27/2026 12:27:10 PM
22189B,N,O,03/27/2026 12:24:50 PM
22190B,N,O,03/27/2026 12:18:55 PM
22191A,N,V,03/27/2026 10:30:15 AM
22191B,N,V,03/27/2026 11:20:59 AM
22192A,N,O,03/27/2026 12:20:26 PM
22192B,N,O,03/26/2026 11:35:18 PM
22193A,N,V,03/27/2026 11:17:36 AM
22193B,N,V,03/27/2026 10:35:40 AM
22194A,N,O,03/26/2026 10:14:21 PM
22194B,N,V,03/27/2026 07:43:28 AM
22195A,N,V,03/27/2026 12:15:23 PM
22195B,N,O,03/27/2026 06:59:50 AM
22196A,N,V,03/26/2026 09:16:39 PM
22196B,N,O,03/26/2026 11:30:42 PM
22197A,N,O,03/27/2026 12:01:25 PM
22197B,N,V,03/27/2026 08:59:39 AM
22198A,N,V,03/27/2026 11:55:57 AM
22198B,N,V,03/27/2026 10:26:32 AM
22199A,N,V,03/27/2026 12:23:22 PM
22199B,N,V,03/27/2026 12:24:21 PM
22200A,N,V,03/27/2026 08:02:36 AM
22200B,N,O,03/26/2026 08:18:00 PM
22201A,N,V,03/26/2026 11:52:38 PM
22201B,N,V,03/27/2026 12:27:20 PM
22202A,N,V,03/26/2026 11:02:47 PM
22202B,N,V,03/27/2026 11:54:06 AM
22203A,N,V,03/27/2026 12:26:26 PM
22204A,N,O,03/27/2026 11:46:44 AM
22204B,N,V,03/27/2026 11:47:01 AM
22205A,N,V,03/27/2026 07:53:51 AM
22206A,N,V,03/27/2026 07:38:20 AM
22206B,N,V,03/27/2026 07:38:48 AM
22207A,N,V,03/27/2026 10:25:35 AM
22207B,N,V,03/27/2026 10:28:29 AM
22208A,N,O,03/26/2026 08:55:40 PM
22208B,N,V,03/26/2026 11:35:41 PM
22209A,N,V,03/26/2026 11:35:22 PM
22209B,N,V,03/26/2026 11:35:06 PM
22210A,N,V,03/27/2026 10:29:00 AM
22210B,N,V,03/27/2026 07:25:01 AM
22211A,N,V,03/27/2026 10:29:05 AM
22211B,N,V,03/26/2026 10:30:47 PM
22213B,N,O,03/27/2026 11:08:58 AM
22215A,N,O,03/27/2026 10:39:57 AM
22215B,N,O,03/27/2026 12:27:35 PM
22216A,N,V,03/27/2026 11:53:27 AM
22216B,N,O,03/27/2026 12:11:47 PM
22217A,N,O,03/27/2026 12:14:02 PM
22217B,N,O,03/27/2026 12:09:17 PM
22218A,N,O,03/27/2026 12:16:24 PM
22218B,N,V,03/27/2026 12:27:35 PM
22219A,N,V,03/27/2026 11:01:42 AM
22219B,N,V,03/27/2026 12:27:13 PM
22220A,N,V,03/27/2026 12:27:30 PM
22220B,N,O,03/27/2026 12:27:20 PM
22221A,N,O,03/27/2026 12:27:33 PM
22221B,N,O,03/27/2026 12:27:41 PM
22222A,N,O,03/27/2026 12:26:20 PM
22222B,N,V,03/27/2026 12:27:25 PM
22223A,N,O,03/27/2026 12:27:43 PM
22225A,N,O,03/27/2026 12:27:32 PM
22225B,N,O,03/27/2026 06:59:48 AM
22226A,N,O,03/27/2026 09:18:04 AM
22226B,N,O,03/27/2026 12:22:12 PM
22227A,N,O,03/27/2026 11:56:08 AM
22228A,N,V,03/27/2026 12:27:40 PM
22228B,N,O,03/27/2026 06:56:47 AM
22229A,N,V,03/27/2026 12:27:29 PM
22229B,N,O,03/27/2026 06:55:50 AM
2222B,N,O,03/27/2026 12:24:53 PM
22230A,N,O,03/27/2026 12:26:42 PM
22230B,N,O,03/27/2026 11:49:14 AM
22231A,N,O,03/27/2026 06:58:45 AM
22231B,N,O,03/27/2026 12:27:38 PM
22232A,N,O,03/27/2026 12:03:31 PM
22232B,N,O,03/27/2026 12:10:43 PM
22237A,N,O,03/27/2026 12:00:37 PM
22237B,N,V,03/27/2026 12:27:28 PM
22238A,N,O,03/27/2026 11:39:34 AM
22238B,N,V,03/27/2026 12:00:34 PM
22239A,N,O,03/27/2026 12:26:07 PM
22239B,N,V,03/27/2026 10:24:22 AM
22240A,N,V,03/27/2026 11:37:59 AM
22240B,N,O,03/27/2026 11:54:20 AM
22241A,N,O,03/27/2026 10:17:11 AM
22241B,N,O,03/27/2026 11:51:52 AM
22242A,N,O,03/27/2026 12:25:56 PM
22242B,N,O,03/27/2026 06:57:44 AM
22243A,N,O,03/27/2026 12:00:08 PM
22243B,N,O,03/27/2026 12:21:28 PM
22244A,N,O,03/27/2026 09:35:28 AM
22244B,N,V,03/27/2026 12:12:06 PM
22245A,N,O,03/27/2026 11:36:03 AM
22245B,N,V,03/27/2026 12:26:37 PM
22246A,N,O,03/27/2026 09:15:34 AM
22246B,N,O,03/27/2026 11:25:32 AM
22247A,N,V,03/27/2026 12:27:42 PM
22247B,N,O,03/27/2026 09:12:54 AM
22248A,N,O,03/27/2026 11:32:38 AM
22248B,N,O,03/27/2026 12:18:27 PM
22249B,N,O,03/27/2026 12:21:37 PM
22250B,N,O,03/27/2026 06:59:45 AM
22251A,N,O,03/27/2026 11:31:57 AM
22251B,N,O,03/27/2026 11:46:15 AM
22252B,N,O,03/27/2026 06:57:45 AM
22254A,N,O,03/27/2026 12:25:57 PM
22254B,N,O,03/27/2026 11:46:06 AM
22255A,N,V,03/27/2026 12:25:45 PM
22255B,N,O,03/27/2026 11:50:05 AM
22256A,N,O,03/27/2026 12:25:48 PM
22256B,N,O,03/27/2026 12:05:45 PM
22257B,N,O,03/27/2026 11:41:54 AM
22260A,N,O,03/27/2026 12:27:21 PM
22260B,N,O,03/27/2026 12:10:32 PM
22261A,N,O,03/27/2026 12:25:02 PM
22261B,N,V,03/27/2026 12:18:45 PM
22262A,N,V,03/27/2026 12:16:13 PM
22262B,N,V,03/27/2026 12:20:02 PM
22263A,N,O,03/27/2026 11:38:25 AM
22263B,N,O,03/27/2026 06:56:51 AM
22264A,N,O,03/27/2026 11:45:09 AM
22264B,N,V,03/27/2026 12:15:13 PM
22265A,N,V,03/27/2026 12:13:57 PM
22266A,N,O,03/27/2026 10:55:25 AM
22266B,N,O,03/27/2026 11:05:29 AM
22267B,N,O,03/27/2026 06:57:54 AM
22275A,N,O,03/27/2026 11:23:28 AM
22275B,N,O,03/27/2026 11:21:30 AM
22276A,N,O,03/27/2026 10:07:16 AM
22276B,N,O,03/27/2026 12:01:47 PM
22277A,N,O,03/27/2026 11:46:58 AM
22277B,N,O,03/27/2026 12:03:24 PM
22278A,N,O,03/27/2026 06:56:52 AM
22278B,N,V,03/27/2026 12:26:59 PM
22280A,N,V,03/27/2026 07:32:28 AM
22280B,N,O,03/27/2026 09:31:06 AM
22281A,N,O,03/27/2026 10:02:25 AM
22281B,N,V,03/27/2026 12:26:29 PM
22282A,N,O,03/27/2026 09:09:17 AM
22282B,N,O,03/27/2026 08:09:03 AM
22283A,N,V,03/27/2026 11:01:14 AM
22283B,N,O,03/27/2026 09:16:39 AM
22284A,N,V,03/27/2026 11:25:49 AM
22284B,N,O,03/27/2026 11:54:28 AM
22285A,N,O,03/27/2026 12:26:57 PM
22285B,N,V,03/27/2026 11:20:13 AM
22286A,N,O,03/27/2026 11:46:51 AM
22286B,N,O,03/27/2026 10:44:53 AM
22287A,N,O,03/27/2026 12:18:37 PM
22287B,N,O,03/27/2026 10:14:45 AM
22288A,N,O,03/27/2026 06:56:44 AM
22288B,N,V,03/27/2026 09:53:02 AM
22289A,N,O,03/27/2026 11:34:59 AM
22289B,N,O,03/27/2026 09:41:30 AM
22290A,N,O,03/27/2026 12:15:17 PM
22290B,N,O,03/27/2026 08:41:53 AM
22291A,N,O,03/27/2026 06:58:47 AM
22291B,N,O,03/27/2026 09:37:18 AM
22292A,N,O,03/27/2026 12:24:03 PM
22292B,N,O,03/27/2026 08:21:42 AM
22293A,N,O,03/27/2026 06:56:47 AM
22293B,N,O,03/27/2026 06:57:10 AM
22294A,N,V,03/27/2026 12:16:23 PM
22294B,N,O,03/27/2026 11:45:47 AM
22295A,N,O,03/27/2026 12:14:44 PM
22295B,N,O,03/27/2026 11:47:42 AM
22296A,N,O,03/27/2026 11:12:40 AM
22296B,N,O,03/27/2026 12:24:31 PM
22297B,N,O,03/27/2026 12:02:43 PM
22298A,N,O,03/27/2026 12:17:54 PM
22298B,N,O,03/27/2026 09:25:11 AM
22299A,N,O,03/27/2026 11:56:08 AM
22299B,N,V,03/27/2026 12:26:26 PM
22301A,N,O,03/27/2026 06:58:57 AM
22301B,N,O,03/27/2026 06:58:53 AM
22302A,N,O,03/27/2026 11:36:54 AM
22302B,N,O,03/27/2026 10:23:45 AM
22303A,N,O,03/27/2026 11:50:57 AM
22303B,N,O,03/27/2026 12:04:24 PM
22304A,N,O,03/27/2026 11:16:46 AM
22304B,N,O,03/27/2026 12:03:59 PM
22305A,N,O,03/27/2026 12:09:46 PM
22305B,N,O,03/27/2026 11:57:07 AM
22306A,N,O,03/27/2026 10:28:56 AM
22306B,N,O,03/27/2026 12:13:13 PM
22307A,N,O,03/27/2026 10:58:09 AM
22307B,N,O,03/27/2026 12:19:20 PM
22308A,N,O,03/27/2026 12:18:39 PM
22308B,N,O,03/27/2026 11:03:35 AM
22309A,N,O,03/27/2026 11:59:41 AM
22309B,N,O,03/27/2026 12:06:59 PM
22310A,N,O,03/27/2026 11:28:46 AM
22310B,N,V,03/27/2026 12:27:33 PM
22311A,N,O,03/27/2026 12:19:37 PM
22312B,N,O,03/27/2026 10:14:43 AM
22313A,N,O,03/27/2026 11:26:43 AM
22313B,N,O,03/27/2026 06:56:50 AM
22314A,N,O,03/27/2026 12:06:15 PM
22314B,N,O,03/27/2026 12:26:59 PM
22315A,N,O,03/27/2026 12:13:13 PM
22315B,N,V,03/27/2026 12:20:23 PM
22316A,N,O,03/27/2026 10:29:02 AM
22316B,N,O,03/27/2026 12:26:35 PM
22317A,N,O,03/27/2026 12:05:17 PM
22317B,N,O,03/27/2026 11:51:30 AM
22319A,N,V,03/27/2026 12:26:19 PM
22319B,N,O,03/27/2026 11:53:00 AM
2231A,N,O,03/27/2026 06:58:40 AM
2231B,N,O,03/27/2026 07:57:16 AM
22320A,N,O,03/27/2026 10:05:43 AM
22320B,N,O,03/27/2026 11:43:13 AM
22321A,N,V,03/27/2026 12:13:14 PM
22321B,N,O,03/27/2026 12:21:24 PM
22322B,N,O,03/27/2026 11:34:46 AM
22323A,N,O,03/27/2026 11:44:38 AM
22323B,N,V,03/27/2026 12:14:56 PM
22324A,N,O,03/27/2026 11:36:56 AM
22324B,N,O,03/27/2026 11:36:56 AM
22325A,N,O,03/27/2026 09:59:35 AM
22325B,N,O,03/27/2026 08:58:21 AM
22326A,N,O,03/27/2026 11:41:04 AM
22326B,N,O,03/27/2026 09:44:12 AM
22327A,N,O,03/27/2026 12:21:17 PM
22327B,N,O,03/27/2026 12:09:09 PM
22328A,N,O,03/27/2026 12:02:40 PM
22328B,N,O,03/27/2026 06:56:51 AM
22329A,N,O,03/27/2026 10:18:37 AM
22329B,N,O,03/27/2026 12:15:36 PM
2232A,N,O,03/27/2026 07:59:36 AM
2232B,N,O,03/27/2026 10:31:27 AM
22330A,N,O,03/27/2026 11:51:54 AM
22330B,N,O,03/27/2026 10:32:40 AM
22331A,N,O,03/27/2026 11:54:58 AM
22331B,N,O,03/27/2026 09:26:51 AM
22332A,N,O,03/27/2026 11:59:42 AM
22332B,N,O,03/27/2026 10:26:16 AM
22333B,N,O,03/27/2026 07:39:45 AM
22334A,N,O,03/27/2026 11:43:51 AM
22334B,N,O,03/27/2026 11:14:46 AM
22335A,N,V,03/27/2026 08:37:39 AM
22335B,N,O,03/27/2026 11:46:43 AM
22336A,N,V,03/27/2026 12:26:59 PM
22336B,N,O,03/27/2026 11:16:24 AM
22337A,N,O,03/27/2026 09:11:50 AM
22337B,N,O,03/27/2026 12:18:37 PM
22338A,N,O,03/27/2026 11:47:41 AM
22338B,N,O,03/27/2026 11:59:28 AM
22339A,N,O,03/27/2026 12:03:22 PM
22339B,N,O,03/27/2026 11:57:19 AM
2233A,N,O,03/27/2026 07:07:41 AM
2233B,N,O,03/27/2026 06:56:52 AM
22340A,N,O,03/27/2026 12:21:17 PM
22340B,N,O,03/27/2026 12:07:45 PM
22341A,N,O,03/27/2026 11:41:38 AM
22341B,N,O,03/27/2026 11:23:45 AM
22342A,N,O,03/27/2026 10:48:30 AM
22342B,N,O,03/27/2026 12:13:49 PM
22344A,N,O,03/27/2026 11:52:23 AM
22344B,N,O,03/27/2026 12:23:41 PM
22345A,N,O,03/27/2026 07:07:39 AM
22345B,N,O,03/27/2026 09:36:07 AM
22346A,N,O,03/27/2026 06:58:52 AM
22346B,N,O,03/27/2026 12:13:41 PM
22347A,N,O,03/27/2026 11:55:14 AM
22348B,N,O,03/27/2026 12:23:59 PM
22349A,N,O,03/27/2026 12:23:31 PM
22349B,N,O,03/27/2026 06:55:54 AM
2234A,N,O,03/27/2026 08:20:58 AM
22350A,N,O,03/27/2026 11:21:51 AM
22350B,N,O,03/27/2026 12:02:55 PM
22351A,N,O,03/27/2026 08:58:12 AM
22351B,N,O,03/27/2026 12:07:41 PM
22355A,N,O,03/27/2026 12:12:26 PM
22355B,N,O,03/27/2026 12:13:13 PM
22356A,N,O,03/27/2026 11:55:54 AM
22356B,N,O,03/27/2026 12:00:01 PM
22357A,N,O,03/27/2026 09:53:26 AM
22357B,N,O,03/27/2026 12:06:22 PM
22358A,N,O,03/27/2026 12:22:52 PM
22358B,N,O,03/27/2026 12:24:07 PM
22359A,N,O,03/27/2026 12:04:22 PM
22359B,N,O,03/27/2026 11:27:36 AM
2235B,N,O,03/27/2026 12:17:08 PM
22360A,N,O,03/27/2026 12:10:30 PM
22360B,N,O,03/27/2026 12:05:09 PM
22361A,N,O,03/27/2026 12:10:56 PM
22361B,N,O,03/27/2026 12:25:51 PM
22363A,N,O,03/27/2026 12:19:46 PM
22363B,N,O,03/27/2026 08:28:42 AM
22364A,N,O,03/27/2026 10:47:15 AM
22364B,N,O,03/27/2026 12:15:46 PM
22368B,N,O,03/27/2026 12:23:35 PM
22369A,N,O,03/27/2026 12:17:40 PM
22369B,N,O,03/27/2026 12:02:19 PM
2236A,N,O,03/27/2026 06:58:55 AM
2236B,N,O,03/27/2026 09:55:05 AM
22370A,N,O,03/27/2026 12:25:40 PM
22370B,N,O,03/27/2026 12:09:41 PM
22371A,N,O,03/27/2026 06:58:55 AM
22372A,N,O,03/27/2026 11:56:46 AM
22372B,N,V,03/27/2026 12:27:41 PM
22373A,N,V,03/27/2026 12:27:10 PM
22373B,N,O,03/27/2026 10:46:31 AM
22374A,N,O,03/27/2026 06:55:51 AM
22374B,N,V,03/27/2026 12:25:16 PM
22375A,N,O,03/27/2026 11:54:05 AM
22375B,N,O,03/27/2026 12:02:52 PM
22376A,N,O,03/27/2026 12:24:07 PM
22376B,N,O,03/27/2026 11:53:07 AM
22377A,N,O,03/27/2026 12:18:18 PM
22377B,N,O,03/27/2026 12:04:07 PM
22378A,N,O,03/27/2026 12:04:10 PM
22378B,N,O,03/27/2026 11:50:12 AM
22379A,N,O,03/27/2026 11:49:09 AM
22379B,N,O,03/27/2026 10:33:27 AM
2237A,N,O,03/27/2026 09:46:49 AM
22380A,N,O,03/27/2026 11:40:33 AM
22380B,N,O,03/26/2026 09:31:25 AM
22383B,N,V,03/27/2026 12:25:04 PM
22384A,N,O,03/27/2026 11:24:56 AM
22384B,N,O,03/27/2026 12:03:10 PM
22385A,N,O,03/27/2026 12:18:09 PM
22385B,N,O,03/27/2026 11:24:59 AM
22386A,N,O,03/27/2026 11:52:03 AM
22386B,N,O,03/27/2026 10:59:04 AM
22387A,N,O,03/27/2026 12:10:53 PM
22387B,N,O,03/27/2026 12:27:11 PM
22388A,N,O,03/27/2026 11:17:31 AM
22388B,N,O,03/27/2026 11:12:39 AM
22389A,N,O,03/27/2026 12:04:43 PM
22389B,N,O,03/27/2026 12:17:18 PM
2238A,N,O,03/27/2026 12:09:19 PM
2238B,N,O,03/27/2026 10:17:48 AM
22390A,N,V,03/27/2026 12:26:31 PM
22390B,N,O,03/27/2026 12:27:21 PM
22391A,N,O,03/27/2026 11:41:45 AM
22391B,N,O,03/27/2026 12:27:37 PM
22392A,N,O,03/27/2026 10:09:26 AM
22392B,N,O,03/27/2026 10:07:37 AM
22393B,N,O,03/27/2026 12:12:10 PM
22394A,N,O,03/27/2026 11:56:50 AM
22394B,N,V,03/27/2026 11:35:30 AM
22395A,N,O,03/27/2026 12:26:17 PM
22395B,N,O,03/27/2026 11:38:35 AM
22396A,N,V,03/27/2026 12:25:16 PM
22396B,N,O,03/27/2026 10:31:51 AM
22397A,N,V,03/27/2026 11:27:22 AM
22397B,N,O,03/27/2026 10:54:58 AM
22398A,N,O,03/27/2026 12:22:22 PM
22398B,N,O,03/27/2026 10:10:31 AM
22399A,N,O,03/27/2026 11:04:16 AM
22399B,N,O,03/27/2026 11:26:42 AM
2239A,N,O,03/27/2026 11:39:04 AM
2239B,N,O,03/27/2026 07:35:13 AM
223A,N,O,03/27/2026 12:27:11 PM
223B,N,O,03/27/2026 12:18:10 PM
22400A,N,V,03/27/2026 12:21:45 PM
22400B,N,V,03/27/2026 07:09:23 AM
22401A,N,V,03/27/2026 12:15:39 PM
22401B,N,O,03/27/2026 08:17:23 AM
22402A,N,O,03/27/2026 06:57:51 AM
22402B,N,O,03/27/2026 12:11:43 PM
22403A,N,V,03/27/2026 12:01:25 PM
22403B,N,V,03/27/2026 12:24:21 PM
22404A,N,O,03/27/2026 10:31:51 AM
22404B,N,O,03/27/2026 11:56:53 AM
22405A,N,O,03/27/2026 11:29:22 AM
22405B,N,O,03/27/2026 10:34:18 AM
22406A,N,V,03/27/2026 12:26:39 PM
22407A,N,O,03/27/2026 11:47:29 AM
22407B,N,O,03/27/2026 11:45:03 AM
22408A,N,V,03/27/2026 12:12:57 PM
22408B,N,O,03/27/2026 12:01:54 PM
22409A,N,O,03/27/2026 12:14:56 PM
22409B,N,O,03/27/2026 12:22:06 PM
2240A,N,O,03/27/2026 06:59:50 AM
2240B,N,O,03/27/2026 08:14:51 AM
22410A,N,O,03/27/2026 06:59:44 AM
22410B,N,O,03/27/2026 06:59:48 AM
22411A,N,O,03/27/2026 08:59:46 AM
22411B,N,O,03/27/2026 12:03:04 PM
22412A,N,O,03/27/2026 12:19:54 PM
22412B,N,V,03/27/2026 12:18:25 PM
22414A,N,O,03/27/2026 12:10:22 PM
22414B,N,O,03/27/2026 10:45:06 AM
22415A,N,V,03/27/2026 12:26:55 PM
22415B,N,O,03/27/2026 12:17:00 PM
22416A,N,O,03/27/2026 09:58:53 AM
22416B,N,O,03/27/2026 10:11:23 AM
22417A,N,O,03/27/2026 11:53:55 AM
22417B,N,O,03/27/2026 11:57:18 AM
22418A,N,V,03/27/2026 12:25:20 PM
22418B,N,O,03/27/2026 09:10:02 AM
22419A,N,O,03/27/2026 12:24:16 PM
22419B,N,O,03/27/2026 11:16:15 AM
2241A,N,O,03/27/2026 09:19:26 AM
2241B,N,O,03/27/2026 08:35:12 AM
22420A,N,O,03/26/2026 06:47:26 PM
22420B,N,O,03/27/2026 12:23:57 PM
22421A,N,O,03/27/2026 12:05:22 PM
22421B,N,O,03/27/2026 12:07:40 PM
22422A,N,O,03/27/2026 10:45:08 AM
22422B,N,V,03/27/2026 10:33:37 AM
22423A,N,O,03/27/2026 06:56:48 AM
22423B,N,O,03/27/2026 10:59:49 AM
22424A,N,O,03/27/2026 12:04:30 PM
22424B,N,O,03/27/2026 10:54:00 AM
22425A,N,O,03/27/2026 11:56:07 AM
22425B,N,V,03/27/2026 12:04:26 PM
22426A,N,V,03/27/2026 10:32:27 AM
22426B,N,O,03/27/2026 12:27:38 PM
22427A,N,O,03/27/2026 07:24:53 AM
22427B,N,V,03/27/2026 10:54:05 AM
22428A,N,O,03/27/2026 12:14:13 PM
22428B,N,O,03/27/2026 11:14:55 AM
22429A,N,O,03/27/2026 10:55:25 AM
22429B,N,O,03/27/2026 10:53:10 AM
2242A,N,O,03/27/2026 09:58:34 AM
2242B,N,O,03/27/2026 06:57:43 AM
22430A,N,O,03/27/2026 10:51:50 AM
22430B,N,O,03/27/2026 06:59:49 AM
22431A,N,O,03/27/2026 12:21:51 PM
22431B,N,O,03/27/2026 09:55:32 AM
22432A,N,V,03/27/2026 12:20:06 PM
22432B,N,O,03/27/2026 12:11:02 PM
22433A,N,O,03/27/2026 11:57:08 AM
22433B,N,O,03/27/2026 12:01:49 PM
22434A,N,O,03/27/2026 10:56:52 AM
22435A,N,O,03/27/2026 11:31:10 AM
22436A,N,O,03/27/2026 11:18:45 AM
22436B,N,V,03/27/2026 11:29:34 AM
22437A,N,O,03/27/2026 11:39:06 AM
22437B,N,O,03/27/2026 12:13:24 PM
22440A,N,O,03/27/2026 11:40:55 AM
22440B,N,O,03/27/2026 10:56:52 AM
22442B,N,O,03/27/2026 12:15:47 PM
22443A,N,O,03/27/2026 11:06:08 AM
22443B,N,O,03/27/2026 10:31:15 AM
22444A,N,O,03/27/2026 06:55:45 AM
22444B,N,O,03/27/2026 06:55:45 AM
22445A,N,V,03/27/2026 11:33:23 AM
22445B,N,V,03/27/2026 09:29:11 AM
22446A,N,V,03/27/2026 10:57:40 AM
22446B,N,O,03/27/2026 12:22:51 PM
22447A,N,O,03/27/2026 11:14:21 AM
22447B,N,O,03/27/2026 10:33:03 AM
22448A,N,V,03/27/2026 12:22:46 PM
22448B,N,O,03/27/2026 12:11:31 PM
22449A,N,V,03/26/2026 06:39:46 PM
22449B,N,V,03/27/2026 08:55:14 AM
2244A,N,O,03/27/2026 06:55:42 AM
2244B,N,O,03/27/2026 06:55:45 AM
22450A,N,O,03/27/2026 11:30:20 AM
22450B,N,V,03/27/2026 08:26:54 AM
22451A,N,V,03/27/2026 08:56:45 AM
22451B,N,O,03/26/2026 06:44:10 PM
22452A,N,V,03/27/2026 08:49:57 AM
22452B,N,V,03/27/2026 08:56:33 AM
22453A,N,V,03/26/2026 07:30:51 PM
22453B,N,V,03/27/2026 12:17:48 PM
22454A,N,O,03/20/2026 07:09:14 PM
22454B,N,V,03/27/2026 08:03:36 AM
22455A,N,V,03/27/2026 11:21:37 AM
22455B,N,V,03/27/2026 11:13:31 AM
22456A,N,V,03/27/2026 11:16:02 AM
22456B,N,O,03/27/2026 11:36:50 AM
22457A,N,V,03/27/2026 12:09:05 PM
22457B,N,V,03/26/2026 01:13:08 PM
22458A,N,V,03/27/2026 10:57:34 AM
22458B,N,V,03/27/2026 10:41:38 AM
22459A,N,O,03/27/2026 11:59:03 AM
22459B,N,V,03/27/2026 12:16:23 PM
2245A,N,O,03/27/2026 08:54:08 AM
2245B,N,O,03/27/2026 06:59:50 AM
22460A,N,V,03/27/2026 08:23:49 AM
22460B,N,O,03/27/2026 12:25:01 PM
22461A,N,O,03/27/2026 12:18:07 PM
22461B,N,O,03/27/2026 09:41:30 AM
22462A,N,V,03/27/2026 07:40:12 AM
22462B,N,O,03/27/2026 12:18:01 PM
22463A,N,O,03/27/2026 10:17:46 AM
22463B,N,O,03/27/2026 12:09:08 PM
22464A,N,O,03/27/2026 12:23:09 PM
22464B,N,O,03/27/2026 12:23:09 PM
22465A,N,V,03/27/2026 10:37:09 AM
22465B,N,O,03/27/2026 12:16:06 PM
22466A,N,V,03/27/2026 11:51:53 AM
22466B,N,O,03/27/2026 12:10:50 PM
22467A,N,V,03/27/2026 12:10:51 PM
22467B,N,O,03/27/2026 12:11:19 PM
22468A,N,O,03/27/2026 11:16:09 AM
22468B,N,O,03/27/2026 07:40:26 AM
22469B,N,O,03/27/2026 12:04:21 PM
2246A,N,O,03/27/2026 06:58:48 AM
22470A,N,V,03/27/2026 07:31:22 AM
22470B,N,O,03/27/2026 12:26:37 PM
22471A,N,O,03/27/2026 12:16:03 PM
22471B,N,V,03/27/2026 08:42:05 AM
22472A,N,V,03/27/2026 07:51:39 AM
22472B,N,V,03/27/2026 12:21:21 PM
22473A,N,V,03/27/2026 09:27:16 AM
22473B,N,V,03/27/2026 09:19:58 AM
22474A,N,O,03/27/2026 06:55:48 AM
22474B,N,V,03/27/2026 12:19:48 PM
22475A,N,V,03/27/2026 09:22:33 AM
22475B,N,V,03/27/2026 08:48:16 AM
22476A,N,V,03/27/2026 07:32:03 AM
22476B,N,O,03/27/2026 11:16:04 AM
22477A,N,V,03/26/2026 05:03:52 PM
22477B,N,V,03/26/2026 06:09:04 PM
22478A,N,V,03/27/2026 08:48:12 AM
22478B,N,V,03/27/2026 08:02:47 AM
22479A,N,V,03/27/2026 07:41:09 AM
22479B,N,V,03/27/2026 07:20:08 AM
2247A,N,V,03/27/2026 11:07:25 AM
2247B,N,O,03/27/2026 08:16:43 AM
22480A,N,V,03/27/2026 08:33:45 AM
22480B,N,V,03/27/2026 08:30:08 AM
22481A,N,V,03/27/2026 08:34:45 AM
22481B,N,V,03/27/2026 11:11:49 AM
22482A,N,V,03/26/2026 08:06:36 AM
22482B,N,V,03/26/2026 05:12:26 PM
22483A,N,V,03/27/2026 11:19:39 AM
22483B,N,V,03/27/2026 08:25:24 AM
22484A,N,V,03/27/2026 08:04:30 AM
22484B,N,V,03/27/2026 11:13:12 AM
22485A,N,O,03/27/2026 11:34:53 AM
22485B,N,V,03/27/2026 07:01:48 AM
22486A,N,O,03/27/2026 12:06:46 PM
22486B,N,O,03/27/2026 11:41:22 AM
22487A,N,V,03/27/2026 10:52:45 AM
22487B,N,V,03/27/2026 12:14:59 PM
22488A,N,V,03/27/2026 10:28:40 AM
22488B,N,V,03/27/2026 10:29:25 AM
22489A,N,V,03/27/2026 09:53:08 AM
22489B,N,V,03/27/2026 07:56:44 AM
2248B,N,O,03/27/2026 06:56:44 AM
22490A,N,O,03/27/2026 12:22:53 PM
22490B,N,V,03/27/2026 07:09:18 AM
22491A,N,V,03/27/2026 07:34:43 AM
22491B,N,V,03/27/2026 12:26:04 PM
22492A,N,O,03/27/2026 12:24:04 PM
22492B,N,V,03/27/2026 07:50:11 AM
22493A,N,V,03/27/2026 08:12:44 AM
22493B,N,V,03/27/2026 08:11:09 AM
22494A,N,V,03/27/2026 07:05:12 AM
22494B,N,V,03/27/2026 09:19:26 AM
22495A,N,V,03/27/2026 08:22:09 AM
22495B,N,V,03/27/2026 12:26:41 PM
22496A,N,V,03/27/2026 08:46:31 AM
22496B,N,V,03/27/2026 08:07:17 AM
22497A,N,O,03/26/2026 07:46:10 PM
22497B,N,V,03/27/2026 07:50:06 AM
22498A,N,V,03/27/2026 08:37:48 AM
22498B,N,O,03/27/2026 11:14:09 AM
22499A,N,V,03/27/2026 08:11:42 AM
22499B,N,V,03/27/2026 08:10:08 AM
22500A,N,V,03/27/2026 08:13:44 AM
22500B,N,V,03/27/2026 07:51:19 AM
22501A,N,V,03/27/2026 10:40:14 AM
22501B,N,V,03/27/2026 10:40:48 AM
22502A,N,V,03/27/2026 08:20:43 AM
22502B,N,V,03/27/2026 12:11:22 PM
22503A,N,O,03/27/2026 12:08:51 PM
22503B,N,O,03/27/2026 12:08:38 PM
22504A,N,O,03/27/2026 12:00:36 PM
22504B,N,O,03/27/2026 10:48:03 AM
22505A,N,O,03/27/2026 12:14:01 PM
22505B,N,O,03/26/2026 05:35:06 PM
22506A,N,V,03/27/2026 11:20:50 AM
22506B,N,V,03/27/2026 08:03:05 AM
22507A,N,V,03/27/2026 11:19:52 AM
22507B,N,V,03/27/2026 07:32:23 AM
22508A,N,V,03/27/2026 08:25:25 AM
22508B,N,V,03/27/2026 10:10:34 AM
22509A,N,O,03/27/2026 11:40:40 AM
22509B,N,V,03/27/2026 08:06:26 AM
22510A,N,V,03/27/2026 09:48:19 AM
22510B,N,V,03/27/2026 11:48:16 AM
22511A,N,V,03/27/2026 07:42:15 AM
22511B,N,O,03/27/2026 12:27:23 PM
22512A,N,V,03/27/2026 07:46:31 AM
22512B,N,V,03/27/2026 07:21:10 AM
22513A,N,V,03/27/2026 08:11:13 AM
22513B,N,V,03/27/2026 07:19:40 AM
22514A,N,V,03/27/2026 10:56:49 AM
22514B,N,V,03/27/2026 11:02:03 AM
22515A,N,O,03/27/2026 11:42:08 AM
22515B,N,V,03/27/2026 11:39:46 AM
22516A,N,V,03/27/2026 07:02:24 AM
22516B,N,V,03/27/2026 07:23:06 AM
22517A,N,O,03/27/2026 11:38:36 AM
22517B,N,V,03/27/2026 10:53:51 AM
22518A,N,O,03/26/2026 05:50:03 PM
22518B,N,V,03/27/2026 08:05:34 AM
22519A,N,O,03/27/2026 11:42:07 AM
22519B,N,V,03/27/2026 11:06:41 AM
22520B,N,V,03/27/2026 09:18:09 AM
22521A,N,O,03/27/2026 12:00:29 PM
22522B,N,O,03/27/2026 07:57:46 AM
22523A,N,O,03/27/2026 12:26:55 PM
22523B,N,O,03/27/2026 08:03:50 AM
22524A,N,O,03/27/2026 07:55:48 AM
22524B,N,O,03/27/2026 12:12:56 PM
22525A,N,O,03/27/2026 12:27:38 PM
22525B,N,V,03/27/2026 11:44:55 AM
22526A,N,O,03/27/2026 07:58:52 AM
22526B,N,O,03/27/2026 12:27:36 PM
22531A,N,O,03/27/2026 09:17:11 AM
22531B,N,O,03/27/2026 09:48:18 AM
22532A,N,O,03/27/2026 11:41:10 AM
22532B,N,O,03/27/2026 11:36:12 AM
22533A,N,O,03/27/2026 11:24:19 AM
22534A,N,O,03/27/2026 12:09:01 PM
22534B,N,O,03/27/2026 11:19:35 AM
22535A,NU,O,03/03/2026 12:13:10 PM
22535B,NU,O,03/03/2026 10:29:01 AM
22536B,N,V,03/27/2026 12:15:04 PM
22537A,N,O,03/27/2026 11:13:30 AM
22538A,N,O,03/27/2026 11:54:29 AM
22538B,N,O,03/27/2026 11:18:13 AM
22539A,N,O,03/27/2026 11:30:38 AM
22539B,N,V,03/27/2026 11:32:07 AM
22540A,N,V,03/27/2026 08:02:02 AM
22540B,N,V,03/27/2026 10:40:48 AM
22541A,N,O,03/27/2026 08:29:06 AM
22541B,N,O,03/27/2026 11:56:06 AM
22542A,N,V,03/27/2026 12:21:42 PM
22542B,N,V,03/27/2026 12:09:02 PM
22543A,N,V,03/27/2026 12:23:21 PM
22543B,N,V,03/27/2026 11:56:25 AM
22544A,N,O,03/27/2026 12:03:22 PM
22544B,N,V,03/27/2026 12:20:48 PM
22545A,N,V,03/27/2026 11:54:58 AM
22545B,N,O,03/27/2026 11:37:12 AM
22546A,N,V,03/27/2026 11:40:38 AM
22546B,N,O,03/27/2026 12:04:02 PM
22547A,N,V,03/27/2026 11:47:40 AM
22547B,N,O,03/27/2026 11:17:36 AM
22548A,N,O,03/27/2026 11:14:55 AM
22548B,N,O,03/27/2026 08:37:08 AM
22549A,N,V,03/27/2026 11:41:14 AM
22550A,N,V,03/27/2026 11:42:35 AM
22550B,N,V,03/27/2026 08:58:22 AM
22551A,N,V,03/27/2026 11:54:54 AM
22551B,N,V,03/27/2026 08:01:17 AM
22552A,N,V,03/27/2026 07:51:25 AM
22552B,N,V,03/27/2026 08:18:35 AM
22553A,N,V,03/27/2026 08:50:51 AM
22553B,N,V,03/27/2026 11:54:32 AM
22554A,N,V,03/27/2026 12:16:14 PM
22554B,N,V,03/27/2026 12:21:33 PM
22555A,N,O,03/27/2026 08:28:32 AM
22555B,N,O,03/26/2026 04:15:02 PM
22556A,N,O,03/27/2026 11:45:19 AM
22556B,N,V,03/27/2026 07:12:42 AM
22557B,N,V,03/27/2026 12:15:37 PM
22558A,N,V,03/27/2026 07:57:37 AM
22558B,N,V,03/27/2026 11:00:11 AM
22559A,N,V,03/27/2026 11:19:02 AM
22559B,N,V,03/27/2026 07:15:47 AM
22560A,N,V,03/27/2026 11:30:37 AM
22560B,N,V,03/27/2026 11:46:46 AM
22561A,N,V,03/27/2026 10:38:24 AM
22561B,N,V,03/27/2026 08:29:55 AM
22562A,N,V,03/27/2026 07:35:43 AM
22562B,N,V,03/27/2026 07:15:11 AM
22563A,N,V,03/27/2026 07:08:10 AM
22563B,N,V,03/27/2026 12:27:42 PM
22564A,N,V,03/27/2026 12:04:35 PM
22564B,N,O,03/27/2026 11:15:10 AM
22565A,N,O,03/27/2026 11:51:29 AM
22565B,N,V,03/27/2026 08:24:11 AM
22566A,N,V,03/27/2026 09:16:49 AM
22566B,N,V,03/27/2026 09:59:55 AM
22567A,N,V,03/27/2026 12:23:52 PM
22567B,N,O,03/27/2026 12:12:16 PM
22568A,N,O,03/27/2026 06:56:47 AM
22568B,N,V,03/27/2026 12:26:54 PM
22569A,N,O,03/27/2026 08:16:08 AM
22569B,N,O,03/27/2026 12:24:00 PM
22570A,N,V,03/27/2026 12:23:43 PM
22570B,N,O,03/27/2026 08:45:51 AM
22571A,N,V,03/27/2026 12:07:36 PM
22571B,N,O,03/27/2026 09:42:43 AM
22572A,N,V,03/27/2026 12:01:34 PM
22572B,N,V,03/27/2026 12:27:16 PM
22573A,N,V,03/27/2026 07:28:28 AM
22573B,N,V,03/27/2026 08:38:40 AM
22574A,N,V,03/27/2026 07:44:19 AM
22574B,N,O,03/27/2026 07:50:38 AM
22575A,N,V,03/27/2026 07:58:49 AM
22575B,N,V,03/27/2026 10:33:12 AM
22576A,N,V,03/27/2026 10:32:58 AM
22576B,N,V,03/27/2026 10:28:27 AM
22577A,N,V,03/27/2026 10:35:19 AM
22577B,N,V,03/27/2026 10:02:43 AM
22579A,N,O,03/27/2026 06:55:47 AM
22580A,N,O,03/27/2026 12:04:43 PM
22581A,N,O,03/27/2026 11:49:16 AM
22581B,N,O,03/27/2026 12:17:38 PM
22582A,N,O,03/27/2026 12:02:31 PM
22583A,N,O,03/27/2026 06:56:48 AM
22583B,N,O,03/27/2026 11:56:14 AM
22584A,N,O,03/27/2026 06:55:48 AM
22586B,N,V,03/27/2026 12:05:45 PM
22587A,N,V,03/27/2026 09:07:29 AM
22587B,N,V,03/26/2026 06:07:40 PM
22588A,N,O,03/27/2026 12:01:31 PM
22588B,N,V,03/27/2026 12:18:03 PM
22589A,N,O,03/27/2026 10:44:02 AM
22589B,N,V,03/27/2026 12:24:43 PM
22590A,N,V,03/27/2026 11:15:35 AM
22590B,N,V,03/27/2026 12:18:31 PM
22591A,N,O,03/27/2026 09:32:47 AM
22591B,N,O,03/27/2026 06:58:50 AM
22592A,N,V,03/27/2026 09:32:44 AM
22604A,N,O,03/25/2026 07:52:15 PM
22604B,N,V,03/27/2026 10:47:15 AM
22605A,N,V,03/27/2026 09:49:37 AM
22605B,N,V,03/27/2026 10:31:39 AM
22606A,N,V,03/27/2026 09:05:40 AM
22607A,N,V,03/27/2026 08:25:21 AM
22607B,N,V,03/27/2026 08:04:06 AM
22608A,N,V,03/26/2026 10:14:41 AM
22608B,N,O,03/27/2026 10:45:50 AM
22609A,N,V,03/27/2026 11:28:45 AM
22610B,N,V,03/27/2026 10:35:17 AM
22611A,N,V,03/27/2026 07:42:25 AM
22611B,N,V,03/27/2026 08:16:17 AM
22612A,N,V,03/27/2026 12:09:31 PM
22612B,N,V,03/27/2026 10:56:53 AM
22614A,N,V,03/27/2026 07:16:24 AM
22614B,N,V,03/27/2026 08:11:52 AM
22615A,N,V,03/27/2026 12:14:07 PM
22615B,N,V,03/27/2026 12:22:56 PM
22616A,N,V,03/27/2026 11:19:00 AM
22616B,N,O,03/27/2026 12:27:38 PM
22617A,N,O,03/27/2026 12:19:44 PM
22617B,N,O,03/27/2026 12:19:07 PM
22618A,N,O,03/27/2026 10:57:20 AM
22618B,N,V,03/27/2026 12:26:27 PM
22619A,N,O,03/27/2026 09:22:13 AM
22619B,N,O,03/27/2026 12:22:36 PM
22620A,N,V,03/27/2026 07:56:27 AM
22620B,N,V,03/27/2026 07:54:26 AM
22621A,N,V,03/27/2026 10:14:28 AM
22621B,N,V,03/27/2026 08:31:50 AM
22622A,N,V,03/26/2026 11:47:57 AM
22622B,N,V,03/27/2026 08:07:06 AM
22623A,N,V,03/27/2026 10:50:46 AM
22623B,N,V,03/27/2026 07:16:37 AM
22624A,N,V,03/27/2026 11:45:18 AM
22624B,N,O,03/27/2026 12:27:21 PM
22625A,N,V,03/27/2026 08:20:38 AM
22625B,N,V,03/27/2026 08:38:16 AM
22626A,N,V,03/27/2026 08:52:52 AM
22626B,N,V,03/26/2026 06:29:51 PM
22627A,N,V,03/27/2026 12:27:27 PM
22627B,N,V,03/27/2026 11:52:50 AM
22628A,N,V,03/27/2026 09:52:02 AM
22628B,N,V,03/27/2026 12:00:57 PM
22629A,N,V,03/27/2026 10:56:32 AM
22629B,N,V,03/27/2026 12:18:03 PM
22630A,N,V,03/27/2026 12:01:28 PM
22630B,N,V,03/27/2026 10:56:23 AM
22631A,N,O,03/27/2026 11:43:46 AM
22631B,N,V,03/27/2026 12:22:58 PM
22632A,N,V,03/27/2026 12:27:37 PM
22632B,N,V,03/27/2026 12:17:47 PM
22633A,N,O,03/27/2026 10:31:50 AM
22633B,N,V,03/27/2026 12:04:31 PM
22634A,N,O,03/27/2026 12:26:34 PM
22634B,N,V,03/27/2026 12:27:23 PM
22635A,N,O,03/27/2026 06:59:50 AM
22635B,N,O,03/27/2026 12:07:05 PM
22636A,N,O,03/27/2026 06:58:53 AM
22636B,N,V,03/27/2026 11:44:22 AM
22637A,N,O,03/27/2026 06:57:50 AM
22637B,N,O,03/27/2026 06:57:50 AM
22638A,N,O,03/27/2026 06:56:52 AM
22638B,N,O,03/27/2026 12:16:20 PM
22639A,N,O,03/27/2026 12:27:19 PM
22639B,N,V,03/27/2026 12:27:10 PM
22640A,N,O,03/27/2026 06:59:54 AM
22640B,N,O,03/26/2026 06:59:53 AM
22641A,N,O,03/27/2026 11:49:06 AM
22641B,N,O,03/27/2026 06:58:45 AM
22642A,N,O,03/27/2026 06:57:51 AM
22642B,N,O,03/27/2026 06:57:51 AM
22643A,N,O,03/27/2026 12:27:42 PM
22643B,N,O,03/27/2026 11:59:52 AM
22650A,N,O,03/27/2026 06:59:55 AM
22650B,N,V,03/27/2026 12:26:53 PM
22651A,N,O,03/27/2026 12:00:33 PM
22651B,N,O,03/27/2026 12:00:33 PM
22656B,N,V,03/27/2026 10:41:41 AM
22657A,N,O,03/27/2026 11:50:29 AM
22657B,N,O,03/27/2026 11:35:51 AM
22658A,N,O,03/27/2026 12:02:09 PM
22658B,N,V,03/27/2026 12:27:44 PM
22659A,N,O,03/27/2026 12:11:27 PM
22659B,N,O,03/27/2026 11:47:08 AM
22660A,N,O,03/27/2026 11:41:23 AM
22660B,N,V,01/12/2026 12:09:11 PM
22661A,N,O,03/27/2026 10:50:54 AM
22661B,N,V,03/27/2026 12:24:57 PM
22662A,N,O,03/27/2026 06:57:52 AM
22662B,N,O,03/27/2026 06:57:52 AM
22663A,N,O,03/27/2026 12:03:54 PM
22663B,N,O,03/27/2026 09:45:13 AM
22664A,N,O,03/27/2026 06:55:53 AM
22664B,N,O,03/27/2026 11:54:57 AM
22665A,N,O,03/27/2026 11:54:55 AM
22666A,N,V,03/27/2026 12:14:22 PM
22667A,N,O,03/27/2026 12:27:16 PM
22667B,N,O,03/27/2026 06:57:52 AM
22668A,N,O,03/27/2026 06:56:44 AM
22669A,N,O,03/27/2026 11:02:03 AM
22669B,N,O,03/27/2026 11:23:15 AM
22670A,N,O,11/22/2025 08:29:38 AM
22670B,N,O,11/22/2025 06:59:55 AM
22671A,N,O,03/27/2026 09:11:51 AM
22671B,N,O,03/27/2026 09:35:39 AM
22672A,N,O,03/27/2026 09:35:44 AM
22672B,N,O,03/27/2026 12:14:31 PM
22673A,N,O,03/27/2026 12:12:06 PM
22673B,N,O,03/27/2026 09:33:41 AM
22674A,N,O,03/27/2026 10:21:57 AM
22674B,N,O,03/27/2026 10:20:36 AM
22675A,N,O,11/18/2025 03:37:11 PM
22675B,N,O,08/25/2025 10:40:46 AM
22676A,N,V,03/27/2026 10:47:38 AM
22676B,N,V,09/09/2025 06:39:15 PM
22677A,N,O,03/27/2026 10:19:32 AM
22678B,N,O,03/27/2026 08:06:28 AM
22679A,N,O,03/27/2026 07:36:38 AM
22679B,N,O,03/27/2026 12:12:13 PM
22680A,N,O,03/27/2026 07:49:01 AM
22681A,N,O,03/27/2026 12:19:08 PM
22681B,N,O,03/27/2026 12:23:51 PM
22682A,N,O,03/27/2026 11:42:00 AM
22682B,N,O,03/27/2026 12:11:43 PM
22683A,N,O,03/27/2026 07:58:31 AM
22683B,N,O,03/27/2026 07:23:00 AM
22684A,N,O,03/27/2026 08:12:16 AM
22684B,N,O,03/27/2026 10:46:28 AM
22685A,N,O,03/27/2026 06:59:53 AM
22685B,N,O,03/27/2026 12:27:35 PM
22686A,N,O,03/27/2026 12:05:15 PM
22686B,N,O,03/27/2026 12:26:33 PM
22687A,N,O,03/27/2026 12:17:42 PM
22687B,N,V,03/27/2026 10:52:03 AM
22688A,N,O,03/27/2026 12:18:58 PM
22688B,N,O,03/27/2026 12:26:36 PM
22689A,N,O,03/27/2026 12:01:56 PM
22689B,N,O,03/27/2026 12:03:22 PM
22690A,N,O,03/27/2026 12:00:18 PM
22690B,N,O,03/27/2026 12:01:54 PM
22691A,N,O,03/27/2026 12:12:43 PM
22691B,N,O,03/27/2026 10:59:32 AM
22692A,N,O,03/27/2026 12:24:40 PM
22692B,N,O,03/27/2026 12:07:58 PM
22693A,N,O,03/27/2026 12:11:32 PM
22693B,N,O,03/27/2026 11:20:51 AM
22694A,N,O,03/27/2026 12:18:10 PM
22694B,N,O,03/27/2026 06:55:53 AM
22695A,N,O,03/27/2026 10:33:19 AM
22695B,N,O,03/27/2026 07:34:46 AM
22696A,N,O,03/27/2026 12:19:28 PM
22696B,N,O,03/27/2026 11:21:05 AM
22697A,N,O,03/27/2026 11:04:33 AM
22697B,N,V,03/27/2026 12:20:58 PM
22698A,N,V,03/27/2026 11:31:19 AM
22698B,N,O,03/27/2026 06:56:53 AM
22699A,N,O,03/27/2026 11:27:45 AM
22699B,N,O,03/27/2026 06:55:52 AM
22700A,N,O,03/27/2026 07:00:14 AM
22700B,N,V,03/27/2026 10:07:58 AM
22703A,N,V,03/27/2026 12:09:49 PM
22703B,N,V,03/27/2026 12:26:47 PM
22704A,N,V,03/27/2026 12:19:49 PM
22704B,N,O,03/27/2026 11:01:00 AM
2270A,N,O,03/27/2026 12:07:23 PM
2270B,N,O,03/27/2026 10:29:32 AM
22710A,N,O,03/27/2026 12:25:08 PM
22710B,N,O,03/27/2026 10:14:14 AM
22711A,N,O,03/27/2026 08:28:43 AM
22711B,N,O,03/27/2026 11:47:59 AM
22712A,N,V,03/27/2026 12:11:37 PM
22712B,N,O,03/27/2026 11:00:08 AM
22713A,N,V,03/27/2026 12:25:01 PM
22714B,N,O,03/27/2026 11:19:36 AM
22715A,N,V,03/27/2026 12:26:03 PM
22715B,N,O,03/27/2026 12:23:22 PM
22721A,N,O,03/27/2026 12:09:23 PM
22721B,N,O,03/27/2026 11:42:38 AM
22722A,N,O,03/27/2026 12:21:21 PM
22722B,N,V,03/27/2026 12:10:14 PM
22723A,N,O,03/27/2026 12:00:11 PM
22723B,N,V,03/27/2026 12:19:09 PM
22724A,N,O,03/27/2026 08:15:41 AM
22724B,N,O,03/27/2026 10:14:51 AM
22725A,N,O,03/27/2026 12:25:56 PM
22725B,N,O,03/27/2026 10:08:01 AM
22726B,N,O,03/27/2026 08:30:18 AM
22730A,N,O,03/27/2026 08:41:08 AM
22730B,N,O,03/27/2026 09:28:06 AM
22731A,N,V,03/27/2026 11:10:08 AM
22731B,N,O,03/27/2026 11:50:48 AM
22732A,N,O,03/27/2026 12:16:36 PM
22732B,N,V,03/27/2026 11:32:39 AM
22733A,N,V,03/27/2026 11:09:44 AM
22733B,N,O,03/27/2026 12:22:32 PM
22734A,N,O,03/27/2026 09:13:14 AM
22734B,N,O,03/27/2026 12:13:52 PM
22735A,N,O,03/27/2026 11:48:21 AM
22735B,N,O,03/27/2026 11:34:44 AM
22736A,N,V,03/27/2026 11:55:17 AM
22736B,N,O,03/27/2026 11:50:45 AM
22737A,N,V,03/27/2026 11:52:11 AM
22737B,N,V,03/27/2026 12:27:24 PM
22740A,N,V,03/27/2026 12:23:04 PM
22740B,N,V,03/27/2026 12:03:54 PM
22741A,N,V,03/27/2026 12:27:44 PM
22741B,N,V,03/27/2026 10:50:23 AM
22742A,N,V,03/27/2026 12:18:45 PM
22742B,N,O,03/27/2026 12:13:51 PM
22743A,N,O,03/27/2026 12:21:47 PM
22743B,N,V,03/27/2026 12:17:35 PM
22744A,N,O,03/27/2026 11:35:54 AM
22744B,N,V,03/27/2026 12:20:37 PM
22745A,N,V,03/27/2026 11:54:05 AM
22745B,N,V,03/27/2026 12:26:23 PM
22746A,N,O,03/27/2026 12:14:55 PM
22746B,N,O,03/27/2026 12:27:36 PM
22747A,N,V,03/27/2026 12:19:07 PM
22747B,N,V,03/27/2026 12:25:14 PM
22748A,N,O,03/27/2026 12:05:00 PM
22748B,N,V,03/27/2026 12:27:07 PM
22749A,N,O,03/27/2026 10:25:50 AM
22749B,N,V,03/27/2026 12:05:14 PM
22750A,N,V,03/27/2026 12:15:09 PM
22750B,N,V,03/27/2026 11:03:50 AM
22751A,N,V,03/27/2026 12:27:35 PM
22751B,N,V,03/27/2026 11:57:16 AM
22752A,N,V,03/27/2026 12:26:29 PM
22752B,N,V,03/27/2026 12:13:19 PM
22753A,N,O,03/27/2026 12:23:58 PM
22753B,N,V,03/27/2026 12:24:25 PM
22754A,N,V,03/27/2026 12:25:55 PM
22754B,N,V,03/27/2026 11:40:04 AM
22755A,NU,V,03/27/2026 10:32:47 AM
22755B,NU,O,03/27/2026 12:27:30 PM
22756A,N,O,03/27/2026 12:25:55 PM
22756B,N,O,03/27/2026 10:32:47 AM
22757A,N,O,03/27/2026 12:20:39 PM
22757B,N,V,03/27/2026 12:04:24 PM
22758A,N,V,03/27/2026 12:27:23 PM
22758B,N,V,03/27/2026 12:03:05 PM
22759A,N,V,03/27/2026 11:52:33 AM
22759B,N,V,03/27/2026 12:23:39 PM
22760A,N,O,03/27/2026 11:43:44 AM
22760B,N,V,03/27/2026 12:23:37 PM
22761A,N,O,03/27/2026 12:09:51 PM
22761B,N,V,03/23/2026 06:47:42 PM
22762A,N,O,03/27/2026 06:57:46 AM
22762B,N,O,03/27/2026 12:03:34 PM
22763A,N,V,03/27/2026 12:26:45 PM
22763B,N,O,03/27/2026 12:20:32 PM
22764A,N,O,03/27/2026 12:12:33 PM
22764B,N,V,03/27/2026 12:21:19 PM
22765A,N,V,03/27/2026 09:45:36 AM
22765B,N,O,03/27/2026 12:09:59 PM
22766A,N,V,03/27/2026 12:08:46 PM
22766B,N,V,03/27/2026 09:46:56 AM
22767A,N,V,03/27/2026 12:23:01 PM
22767B,N,O,03/27/2026 12:27:14 PM
22768A,N,V,03/27/2026 12:13:36 PM
22768B,N,O,03/27/2026 12:26:54 PM
22769A,N,O,03/27/2026 06:55:52 AM
22769B,N,V,03/27/2026 12:08:34 PM
2276A,N,O,03/27/2026 11:48:48 AM
2276B,N,O,03/27/2026 10:32:31 AM
22770A,N,O,03/27/2026 08:16:47 AM
22770B,N,V,03/27/2026 10:49:40 AM
22771A,N,O,03/27/2026 12:20:40 PM
22771B,N,V,03/27/2026 11:09:37 AM
22772A,N,O,03/27/2026 10:37:08 AM
22772B,N,V,03/27/2026 11:49:59 AM
22773A,N,V,03/27/2026 12:22:05 PM
22773B,N,V,03/27/2026 12:18:52 PM
22774A,N,V,03/27/2026 12:26:44 PM
22774B,N,V,03/27/2026 11:01:09 AM
22775A,N,V,03/27/2026 08:36:07 AM
22775B,N,V,03/27/2026 07:54:26 AM
22776A,N,V,03/27/2026 09:56:25 AM
22777A,N,O,03/27/2026 12:24:08 PM
22777B,N,V,03/27/2026 10:57:55 AM
22778A,N,V,03/27/2026 10:16:40 AM
22778B,N,O,03/27/2026 11:11:13 AM
22779A,N,O,03/27/2026 12:06:24 PM
22779B,N,O,03/27/2026 08:59:04 AM
2277A,N,O,03/27/2026 12:06:42 PM
2277B,N,O,03/27/2026 08:42:54 AM
22780A,N,V,03/27/2026 12:09:48 PM
22780B,N,O,03/27/2026 10:38:10 AM
22781A,N,V,03/27/2026 12:19:18 PM
22781B,N,O,03/27/2026 12:13:22 PM
22782A,N,V,03/27/2026 10:54:34 AM
22782B,N,O,03/27/2026 12:02:50 PM
2278A,N,O,03/27/2026 11:30:48 AM
2278B,N,O,03/27/2026 08:26:41 AM
22792A,N,O,03/27/2026 06:57:55 AM
22792B,N,V,03/27/2026 11:59:27 AM
22793A,N,O,03/27/2026 06:58:01 AM
22793B,N,O,03/27/2026 12:27:22 PM
22794A,N,V,03/27/2026 11:55:11 AM
22794B,N,V,03/27/2026 12:26:04 PM
22795A,N,O,03/27/2026 12:27:29 PM
22795B,N,V,03/26/2026 07:43:41 PM
22796A,N,V,03/27/2026 07:22:16 AM
22796B,N,O,03/27/2026 07:21:08 AM
22797A,N,O,03/27/2026 08:16:00 AM
22797B,N,V,03/26/2026 07:58:48 PM
22798A,N,V,03/27/2026 09:59:24 AM
22798B,N,V,03/27/2026 11:59:30 AM
2279A,N,O,03/27/2026 12:17:35 PM
2279B,N,O,03/27/2026 12:15:37 PM
22800A,N,O,03/27/2026 10:55:28 AM
22800B,N,V,03/27/2026 12:08:55 PM
22801A,N,O,03/27/2026 11:01:52 AM
22801B,N,O,03/27/2026 12:09:03 PM
22802A,N,O,03/27/2026 06:57:49 AM
22802B,N,O,03/27/2026 11:00:25 AM
22803A,N,O,03/27/2026 07:49:46 AM
22804B,N,V,03/27/2026 10:59:06 AM
22805A,N,V,03/27/2026 08:59:42 AM
22805B,N,O,03/27/2026 08:57:13 AM
22806A,N,V,03/27/2026 09:00:53 AM
22806B,N,V,03/27/2026 11:05:21 AM
22807A,N,V,03/27/2026 11:09:18 AM
22807B,N,V,03/27/2026 09:14:23 AM
22808A,N,V,03/27/2026 10:12:47 AM
22808B,N,V,03/27/2026 11:52:07 AM
22809A,N,V,03/27/2026 11:11:08 AM
22809B,N,O,03/26/2026 02:36:25 PM
2282A,N,O,03/27/2026 12:03:40 PM
2282B,N,O,03/27/2026 12:06:46 PM
2283A,N,O,03/27/2026 12:09:51 PM
2283B,N,O,03/27/2026 12:01:14 PM
2284A,N,O,03/27/2026 11:36:03 AM
2284B,N,O,03/27/2026 12:20:42 PM
2285A,N,O,03/27/2026 12:11:35 PM
2285B,N,O,03/27/2026 10:18:29 AM
2286A,N,O,03/27/2026 10:43:16 AM
2286B,N,O,03/27/2026 12:14:57 PM
2287A,N,O,03/27/2026 11:20:08 AM
2287B,N,O,03/27/2026 11:06:37 AM
2288A,N,O,03/27/2026 11:48:45 AM
2288B,N,O,03/27/2026 08:55:24 AM
2289A,N,O,03/27/2026 09:20:31 AM
2289B,N,O,03/27/2026 08:32:04 AM
2290A,N,O,03/27/2026 11:40:30 AM
2290B,N,O,03/27/2026 10:38:20 AM
2291A,N,O,03/27/2026 12:23:09 PM
2291B,N,O,03/27/2026 08:26:23 AM
2292A,N,O,03/27/2026 11:21:10 AM
2292B,N,O,03/27/2026 08:04:03 AM
2293A,N,O,03/27/2026 08:02:02 AM
2293B,N,O,03/27/2026 11:56:37 AM
2294A,N,O,03/27/2026 07:39:15 AM
2294B,N,O,03/27/2026 11:11:52 AM
2295A,N,O,03/27/2026 12:14:49 PM
2295B,N,O,03/27/2026 08:17:12 AM
2296A,N,O,03/27/2026 09:45:24 AM
2296B,N,O,03/27/2026 07:54:07 AM
2297A,N,O,03/27/2026 09:41:50 AM
2297B,N,O,03/27/2026 11:15:40 AM
2298A,N,O,03/27/2026 12:01:51 PM
2298B,N,O,03/27/2026 11:40:52 AM
22A,NU,V,03/22/2026 09:56:55 PM
22B,NU,O,03/22/2026 09:59:06 PM
23002A,N,O,03/27/2026 10:58:42 AM
23002B,N,V,03/27/2026 10:34:39 AM
23003B,N,O,03/27/2026 11:24:03 AM
23004A,N,V,03/27/2026 12:16:02 PM
23004B,N,O,03/27/2026 08:27:15 AM
23005A,N,O,03/27/2026 07:27:06 AM
23005B,N,V,03/27/2026 12:13:58 PM
23006A,NU,O,10/09/2025 06:58:51 AM
23007A,N,O,03/27/2026 06:57:54 AM
23007B,NU,O,10/09/2025 06:57:50 AM
23008A,N,O,03/27/2026 10:51:35 AM
23008B,N,O,03/27/2026 12:27:03 PM
23010A,N,O,03/26/2026 06:04:48 PM
23010B,N,O,03/27/2026 12:27:04 PM
23011A,N,O,03/27/2026 12:00:12 PM
23011B,N,O,03/27/2026 12:18:57 PM
23012A,N,V,03/27/2026 12:18:56 PM
23012B,N,V,03/27/2026 12:27:33 PM
23013A,N,V,03/27/2026 12:27:40 PM
23013B,N,V,03/27/2026 12:24:50 PM
23017A,N,V,03/27/2026 07:27:35 AM
23017B,N,O,03/27/2026 12:14:02 PM
23018A,N,V,03/27/2026 08:55:13 AM
23018B,N,V,03/27/2026 10:23:04 AM
23019A,N,V,03/27/2026 12:06:28 PM
23019B,N,V,03/27/2026 11:14:55 AM
23020B,N,O,03/27/2026 11:44:20 AM
23021A,N,O,03/27/2026 09:37:59 AM
23021B,N,O,03/27/2026 10:20:29 AM
23022A,N,O,03/27/2026 06:57:58 AM
23022B,N,O,03/27/2026 06:58:02 AM
23023A,N,O,03/27/2026 12:20:54 PM
23023B,N,O,03/27/2026 12:09:26 PM
23024A,N,O,03/27/2026 12:14:29 PM
23024B,N,O,03/27/2026 11:10:22 AM
23025A,N,O,03/27/2026 12:02:35 PM
23025B,N,O,03/27/2026 11:47:05 AM
23026A,N,O,03/27/2026 12:20:50 PM
23026B,N,V,03/27/2026 12:02:58 PM
23027A,N,O,03/27/2026 06:57:45 AM
23027B,N,V,03/27/2026 11:50:34 AM
23028A,N,V,03/27/2026 11:31:36 AM
23028B,N,V,03/27/2026 11:31:36 AM
23029A,N,V,03/27/2026 11:40:56 AM
23029B,N,V,03/27/2026 11:40:56 AM
23030B,N,O,03/27/2026 11:53:49 AM
23031A,N,V,03/27/2026 09:23:57 AM
23031B,N,V,03/27/2026 12:21:43 PM
23032A,N,V,03/27/2026 08:53:52 AM
23032B,N,O,03/27/2026 12:27:38 PM
23033A,N,V,03/27/2026 07:49:56 AM
23033B,N,V,03/27/2026 08:15:15 AM
23034A,N,V,03/27/2026 08:39:23 AM
23034B,N,V,03/27/2026 07:36:01 AM
23035A,N,V,03/27/2026 08:45:33 AM
23035B,N,V,03/27/2026 08:45:33 AM
23036A,N,V,03/27/2026 11:45:43 AM
23036B,N,V,03/27/2026 11:33:32 AM
23037A,N,V,03/27/2026 08:05:13 AM
23037B,N,O,03/27/2026 12:19:53 PM
23038A,N,V,03/27/2026 08:00:07 AM
23038B,N,O,03/27/2026 12:04:50 PM
23039A,N,O,03/27/2026 11:51:49 AM
23039B,N,V,03/27/2026 11:54:39 AM
23040A,N,O,03/27/2026 12:03:31 PM
23040B,N,O,03/27/2026 12:23:26 PM
23041A,N,V,03/27/2026 12:15:42 PM
23042A,N,O,03/27/2026 12:21:49 PM
23042B,N,V,03/27/2026 12:27:37 PM
23043A,N,O,03/27/2026 12:22:27 PM
23043B,N,O,03/27/2026 10:49:44 AM
23045A,N,O,03/27/2026 11:45:58 AM
23045B,N,O,03/27/2026 12:27:18 PM
23046A,N,V,03/27/2026 09:01:58 AM
23046B,N,V,03/27/2026 12:25:55 PM
23047A,N,V,03/27/2026 07:55:48 AM
23047B,N,O,03/27/2026 12:11:50 PM
23048A,N,V,03/27/2026 08:09:18 AM
23048B,N,V,03/27/2026 08:09:18 AM
23049A,N,O,03/26/2026 07:36:07 PM
23049B,N,V,03/27/2026 08:02:18 AM
23050A,N,V,03/27/2026 07:14:24 AM
23050B,N,V,03/27/2026 07:59:11 AM
23051A,N,O,03/27/2026 10:42:02 AM
23051B,N,V,03/27/2026 07:33:05 AM
23052A,N,O,03/27/2026 08:28:32 AM
23052B,N,V,03/27/2026 10:42:27 AM
23053A,N,O,03/26/2026 07:12:52 PM
23053B,N,V,03/27/2026 07:32:11 AM
23055B,N,V,03/27/2026 12:20:58 PM
23056A,N,V,03/27/2026 10:13:45 AM
23056B,N,V,03/27/2026 08:11:41 AM
23057A,N,V,03/27/2026 09:08:35 AM
23057B,N,V,03/27/2026 07:48:39 AM
23058A,N,O,03/27/2026 06:56:47 AM
23058B,N,V,03/27/2026 12:22:39 PM
23059A,N,V,03/27/2026 08:54:55 AM
23059B,N,O,03/27/2026 08:33:42 AM
23060A,N,O,03/27/2026 10:58:00 AM
23061A,NU,O,09/27/2025 07:07:29 AM
23061B,NU,O,10/09/2025 06:58:53 AM
23062A,N,O,03/27/2026 06:57:45 AM
23062B,N,O,03/27/2026 11:16:37 AM
23063A,N,O,03/27/2026 08:27:42 AM
23063B,N,O,03/27/2026 12:01:39 PM
23065A,N,O,03/27/2026 10:48:34 AM
23065B,N,O,03/27/2026 12:22:45 PM
23066A,N,O,03/27/2026 10:57:53 AM
23066B,N,O,03/27/2026 12:22:02 PM
23067B,N,O,03/27/2026 09:38:38 AM
23068B,N,O,03/27/2026 12:20:12 PM
23069A,N,O,03/27/2026 11:37:24 AM
23072A,N,O,03/27/2026 11:34:36 AM
23072B,N,O,03/27/2026 12:20:26 PM
23073A,N,O,03/27/2026 12:10:43 PM
23073B,N,O,03/27/2026 11:41:34 AM
23074A,N,O,03/27/2026 09:43:39 AM
23075A,N,O,03/27/2026 12:19:05 PM
23075B,N,O,03/27/2026 11:18:04 AM
23076A,N,V,03/27/2026 12:23:52 PM
23076B,N,O,03/27/2026 09:25:17 AM
23077A,N,O,03/27/2026 11:27:09 AM
23077B,N,O,03/27/2026 11:37:04 AM
23078A,N,O,03/27/2026 12:25:15 PM
23078B,N,O,03/27/2026 11:55:14 AM
23079A,N,O,03/27/2026 08:25:46 AM
23079B,N,O,03/27/2026 08:25:46 AM
23080A,N,O,03/27/2026 11:27:56 AM
23080B,N,O,03/27/2026 11:29:42 AM
23081A,N,V,03/27/2026 11:52:13 AM
23081B,N,O,03/27/2026 12:09:21 PM
23082A,N,O,03/27/2026 12:27:32 PM
23082B,N,O,03/27/2026 12:01:51 PM
23083A,N,V,03/27/2026 11:44:42 AM
23083B,N,V,03/27/2026 11:44:36 AM
23084A,N,V,03/27/2026 12:15:36 PM
23084B,N,V,03/27/2026 12:00:37 PM
23085A,N,V,03/27/2026 08:35:09 AM
23085B,N,V,03/26/2026 06:56:30 PM
23086A,N,O,03/27/2026 12:05:18 PM
23086B,N,V,03/27/2026 08:35:21 AM
23087A,N,O,03/27/2026 12:20:47 PM
23087B,N,O,03/27/2026 09:29:07 AM
23088A,N,O,03/27/2026 11:39:55 AM
23088B,N,O,03/27/2026 12:27:21 PM
23089A,N,O,03/27/2026 12:21:35 PM
23089B,N,O,03/27/2026 06:55:52 AM
23090B,N,O,03/27/2026 06:59:44 AM
23091A,N,O,03/27/2026 10:17:53 AM
23092A,N,O,03/27/2026 07:58:13 AM
23092B,N,O,03/27/2026 12:05:18 PM
23093A,N,O,03/27/2026 11:58:33 AM
23093B,N,O,03/27/2026 10:54:06 AM
23094A,N,O,03/27/2026 09:44:44 AM
23094B,N,O,03/27/2026 06:56:21 AM
23095A,N,O,03/27/2026 11:33:32 AM
23095B,N,O,03/27/2026 12:22:06 PM
23096A,N,O,03/27/2026 12:23:13 PM
23096B,N,O,03/27/2026 10:59:26 AM
23097A,N,O,03/27/2026 12:15:15 PM
23097B,N,O,03/27/2026 12:02:33 PM
23098A,N,O,03/27/2026 12:07:30 PM
23098B,N,O,03/27/2026 09:14:09 AM
23099B,N,O,03/27/2026 12:06:34 PM
23100A,N,O,03/27/2026 10:50:59 AM
23100B,N,O,03/27/2026 11:32:37 AM
23101A,N,O,03/27/2026 10:23:00 AM
23101B,N,V,03/27/2026 12:08:40 PM
23104A,N,V,03/27/2026 12:23:06 PM
23104B,N,V,03/27/2026 12:06:48 PM
23105A,N,V,03/27/2026 12:25:49 PM
23105B,N,V,03/27/2026 12:00:59 PM
23106A,N,V,03/27/2026 12:01:54 PM
23106B,N,O,03/27/2026 12:12:03 PM
23109A,N,O,03/27/2026 06:55:53 AM
23109B,N,O,03/27/2026 06:55:57 AM
23110A,N,O,03/27/2026 09:39:22 AM
23110B,N,O,03/27/2026 09:59:09 AM
23111A,N,O,03/27/2026 12:09:38 PM
23111B,N,O,03/27/2026 10:25:06 AM
23112A,N,O,03/27/2026 10:49:33 AM
23112B,N,O,03/27/2026 09:16:25 AM
23113A,N,O,03/27/2026 11:11:50 AM
23114A,N,O,03/27/2026 10:40:53 AM
23114B,N,O,03/27/2026 11:53:49 AM
23115A,N,O,03/27/2026 12:12:20 PM
23115B,N,O,03/27/2026 11:54:23 AM
23116A,N,V,03/27/2026 09:55:05 AM
23116B,N,V,03/27/2026 10:17:38 AM
2311B,N,O,03/27/2026 06:58:52 AM
23120A,N,O,03/27/2026 10:22:33 AM
23120B,N,O,03/27/2026 12:11:28 PM
23121A,N,O,03/27/2026 07:58:49 AM
23121B,N,V,03/27/2026 12:27:20 PM
23128B,N,O,03/27/2026 12:27:39 PM
23129A,N,O,03/27/2026 12:27:35 PM
23129B,N,O,03/27/2026 12:27:09 PM
2312A,N,O,03/27/2026 12:07:55 PM
2312B,N,O,03/27/2026 06:57:46 AM
23130A,N,O,03/27/2026 12:27:43 PM
23130B,N,V,03/27/2026 10:28:38 AM
23131A,N,V,03/27/2026 12:01:11 PM
23131B,N,V,03/27/2026 11:56:22 AM
23132A,N,O,03/27/2026 12:02:03 PM
23132B,N,V,03/27/2026 12:03:47 PM
23133A,N,V,03/27/2026 12:26:37 PM
23133B,N,V,03/27/2026 12:04:17 PM
23134A,N,V,03/27/2026 12:07:37 PM
23134B,N,V,03/27/2026 12:02:49 PM
23135A,N,V,03/27/2026 12:08:36 PM
23135B,N,O,03/27/2026 12:11:24 PM
23136A,N,V,03/27/2026 12:16:42 PM
23136B,N,V,03/27/2026 12:16:03 PM
23137A,N,V,03/27/2026 09:50:44 AM
23137B,N,V,03/27/2026 09:58:32 AM
23138A,N,V,03/27/2026 12:24:45 PM
23138B,N,V,03/27/2026 12:23:33 PM
23139A,N,V,03/27/2026 07:50:57 AM
23139B,N,V,03/27/2026 07:17:15 AM
2313A,N,O,03/27/2026 10:17:16 AM
2313B,N,O,03/27/2026 11:26:05 AM
23140A,N,V,03/27/2026 10:49:03 AM
23140B,N,V,03/27/2026 10:49:03 AM
23142A,N,O,03/27/2026 12:21:32 PM
23142B,N,O,03/27/2026 12:26:23 PM
23143A,N,O,03/27/2026 07:21:57 AM
23143B,N,O,03/27/2026 10:53:24 AM
23144A,N,O,03/27/2026 11:34:32 AM
23144B,N,O,03/27/2026 11:37:29 AM
23145A,N,O,03/27/2026 12:17:09 PM
23145B,N,O,03/27/2026 09:53:02 AM
23146A,N,O,03/27/2026 10:53:57 AM
23146B,N,V,03/27/2026 12:22:39 PM
23147A,N,O,03/27/2026 08:35:29 AM
23147B,N,V,03/27/2026 12:24:57 PM
23148A,N,O,03/27/2026 12:05:07 PM
23148B,N,O,03/27/2026 11:32:30 AM
23149A,N,O,03/27/2026 12:19:25 PM
23149B,N,O,03/27/2026 12:19:10 PM
2314A,N,O,03/27/2026 10:31:23 AM
2314B,N,O,03/27/2026 06:55:43 AM
23150A,N,O,03/27/2026 11:10:52 AM
23150B,N,O,03/27/2026 11:03:36 AM
23151A,N,V,03/27/2026 12:21:14 PM
23152A,N,V,03/27/2026 12:27:46 PM
23152B,N,O,03/27/2026 08:05:13 AM
23153A,N,O,03/27/2026 11:45:34 AM
23153B,N,V,03/27/2026 12:26:41 PM
23154A,N,O,03/27/2026 07:45:31 AM
23154B,N,O,03/27/2026 10:49:15 AM
23155A,N,O,03/27/2026 12:06:40 PM
23155B,N,O,03/27/2026 08:46:55 AM
23156A,N,O,03/27/2026 12:10:55 PM
23156B,N,O,03/27/2026 11:17:14 AM
23157A,N,O,09/27/2025 01:26:51 PM
23157B,N,O,03/27/2026 10:23:44 AM
23158A,N,O,03/27/2026 06:56:45 AM
23158B,N,O,03/27/2026 06:56:45 AM
23159A,N,O,03/27/2026 11:21:09 AM
23159B,N,O,09/18/2025 01:24:17 PM
2315B,N,O,03/27/2026 09:31:21 AM
23160A,N,O,03/27/2026 11:39:58 AM
23160B,N,O,03/27/2026 11:41:03 AM
23161A,N,O,03/27/2026 11:41:02 AM
23161B,N,O,03/27/2026 12:20:31 PM
23162A,N,O,03/27/2026 11:17:31 AM
23163A,N,O,03/27/2026 11:52:50 AM
23163B,N,O,03/27/2026 08:57:32 AM
23164A,N,O,03/27/2026 08:58:16 AM
23164B,N,O,03/27/2026 10:26:39 AM
23165A,N,O,03/27/2026 08:47:38 AM
23165B,N,O,03/27/2026 10:46:26 AM
23166A,N,O,03/27/2026 11:58:32 AM
23166B,N,O,03/27/2026 11:39:41 AM
23167A,N,O,03/27/2026 09:59:08 AM
23167B,N,O,03/27/2026 10:57:12 AM
23168A,N,O,03/27/2026 09:18:00 AM
23168B,N,O,03/27/2026 09:41:57 AM
23169A,N,O,03/27/2026 06:55:54 AM
23169B,N,O,03/27/2026 12:17:06 PM
2316B,N,O,03/27/2026 06:58:53 AM
23170A,NU,O,03/27/2026 11:27:26 AM
23170B,NU,O,03/27/2026 11:07:36 AM
2317B,N,O,03/27/2026 06:57:50 AM
2318A,N,O,03/27/2026 06:56:54 AM
2318B,N,O,03/27/2026 10:45:48 AM
2319A,N,O,03/27/2026 12:12:58 PM
2319B,N,O,03/27/2026 08:18:04 AM
23201B,N,O,03/27/2026 10:54:49 AM
23203A,N,O,03/27/2026 09:39:56 AM
23203B,N,O,03/27/2026 11:51:24 AM
23204A,N,O,03/27/2026 11:21:11 AM
23204B,N,O,03/27/2026 11:21:22 AM
23205A,N,O,03/27/2026 11:57:42 AM
23205B,N,O,03/27/2026 12:08:11 PM
23206A,N,O,03/27/2026 11:35:47 AM
23206B,N,O,03/27/2026 06:58:39 AM
23208A,N,O,03/27/2026 11:39:37 AM
23208B,N,V,03/27/2026 12:12:28 PM
23209A,N,V,03/27/2026 12:19:15 PM
2320A,N,O,03/27/2026 11:58:35 AM
2320B,N,O,03/27/2026 08:55:27 AM
23210B,N,O,03/27/2026 12:19:28 PM
23211A,N,O,03/27/2026 11:11:06 AM
23212A,N,O,03/27/2026 11:58:57 AM
23212B,N,O,03/27/2026 11:23:58 AM
23213A,N,O,03/27/2026 12:18:42 PM
23213B,N,O,03/27/2026 11:44:19 AM
23214A,N,V,03/27/2026 08:44:21 AM
23214B,N,O,03/27/2026 12:14:41 PM
23215A,N,O,03/27/2026 12:08:32 PM
23215B,N,O,03/27/2026 11:05:15 AM
23216A,N,O,03/27/2026 10:58:41 AM
23216B,N,O,03/27/2026 11:51:18 AM
23217A,N,O,03/27/2026 12:11:49 PM
23217B,N,O,03/27/2026 12:06:16 PM
23218A,N,O,03/27/2026 12:15:17 PM
23218B,N,O,03/27/2026 12:12:26 PM
23219A,NU,O,02/28/2026 10:44:22 AM
23219B,NU,V,02/28/2026 02:01:40 PM
2321A,N,O,03/27/2026 06:58:48 AM
2321B,N,V,03/27/2026 11:49:27 AM
23220A,NU,O,02/28/2026 01:01:43 PM
23220B,NU,V,02/28/2026 02:02:50 PM
23221A,NU,O,02/28/2026 09:55:19 AM
23221B,NU,O,02/28/2026 01:56:05 PM
23222A,N,O,03/27/2026 11:33:18 AM
23222B,N,O,03/27/2026 10:56:16 AM
23223A,N,O,03/27/2026 11:56:06 AM
23223B,N,O,03/27/2026 11:46:22 AM
23224A,N,O,03/27/2026 12:09:10 PM
23224B,N,O,03/27/2026 11:53:13 AM
2322A,N,O,03/27/2026 06:57:47 AM
2322B,N,O,03/27/2026 11:24:20 AM
23236A,N,O,03/27/2026 10:46:22 AM
23236B,N,O,03/27/2026 12:24:49 PM
23237A,N,O,03/27/2026 11:40:36 AM
23237B,N,O,03/27/2026 11:45:38 AM
23238A,N,O,03/27/2026 10:51:02 AM
23238B,N,O,03/27/2026 11:35:03 AM
23239A,N,O,03/27/2026 06:55:45 AM
23239B,N,O,03/27/2026 06:55:45 AM
2323A,N,O,03/27/2026 10:59:25 AM
2323B,N,O,03/27/2026 08:47:29 AM
23240A,N,O,03/27/2026 07:01:50 AM
23240B,N,O,03/27/2026 07:00:04 AM
23241A,N,O,03/27/2026 11:32:13 AM
23241B,N,O,03/27/2026 10:12:11 AM
23242A,N,O,03/27/2026 11:27:22 AM
23243A,N,O,03/27/2026 12:13:39 PM
23244A,N,O,03/27/2026 12:22:41 PM
23244B,N,O,03/27/2026 12:08:27 PM
23246A,N,V,03/27/2026 11:02:37 AM
23246B,N,V,03/27/2026 10:59:50 AM
23247A,N,V,03/27/2026 11:38:37 AM
23247B,N,V,03/27/2026 07:08:20 AM
23248A,N,V,03/27/2026 11:47:19 AM
23248B,N,V,03/27/2026 12:25:28 PM
23249A,N,V,03/27/2026 09:30:06 AM
23249B,N,V,03/27/2026 08:28:39 AM
2324A,N,V,03/27/2026 11:23:36 AM
2324B,N,V,03/27/2026 12:27:39 PM
23250B,N,V,03/27/2026 10:50:44 AM
23251A,N,V,03/27/2026 12:26:44 PM
23251B,N,V,03/27/2026 12:26:38 PM
23252A,N,V,03/27/2026 12:22:09 PM
23252B,N,V,03/27/2026 12:25:53 PM
23253A,N,O,03/27/2026 12:27:39 PM
23253B,N,V,03/27/2026 11:26:57 AM
23254A,N,O,03/27/2026 12:27:20 PM
23254B,N,O,03/27/2026 12:27:43 PM
23255A,N,V,03/27/2026 12:04:17 PM
23255B,N,V,03/27/2026 12:01:27 PM
23256A,N,O,03/27/2026 12:18:14 PM
23256B,N,O,03/27/2026 12:27:11 PM
23257A,N,O,03/27/2026 10:01:10 AM
23257B,N,V,03/27/2026 12:05:46 PM
23258A,N,O,03/27/2026 12:11:55 PM
23258B,N,V,03/27/2026 12:03:06 PM
23259A,N,V,03/27/2026 11:49:16 AM
23259B,N,O,03/27/2026 08:08:21 AM
23260B,N,V,03/27/2026 12:06:47 PM
23270A,N,O,03/27/2026 08:39:02 AM
23270B,N,O,03/27/2026 09:18:40 AM
23271A,N,O,03/27/2026 12:19:55 PM
23271B,N,V,03/27/2026 12:26:18 PM
23272A,N,O,03/27/2026 07:25:53 AM
23272B,N,O,03/26/2026 06:57:48 AM
23273A,N,O,03/27/2026 12:22:32 PM
23273B,N,O,03/27/2026 12:08:26 PM
23274A,N,V,03/27/2026 12:21:12 PM
23274B,N,O,03/27/2026 12:26:40 PM
23275A,N,O,03/27/2026 12:23:25 PM
23275B,N,V,03/27/2026 12:25:50 PM
23276A,N,O,03/27/2026 09:16:25 AM
23276B,N,O,03/27/2026 10:33:50 AM
23277A,N,O,03/27/2026 11:54:46 AM
23278A,N,O,03/27/2026 11:51:32 AM
23278B,N,O,03/27/2026 12:18:07 PM
23279A,N,O,03/27/2026 12:14:33 PM
23279B,N,O,03/27/2026 11:34:53 AM
23280A,N,O,03/27/2026 09:31:05 AM
23280B,N,O,07/06/2025 09:28:02 PM
23281A,N,O,03/27/2026 08:42:36 AM
23281B,N,O,03/27/2026 12:12:03 PM
23282A,N,O,03/27/2026 11:25:40 AM
23282B,N,O,03/27/2026 11:56:04 AM
23283A,N,O,03/27/2026 12:20:23 PM
23283B,N,O,03/27/2026 08:27:20 AM
23285B,N,O,03/27/2026 11:17:40 AM
23286A,N,O,03/27/2026 10:43:17 AM
23286B,N,O,03/27/2026 12:18:44 PM
23287A,N,O,03/27/2026 11:57:52 AM
23287B,N,O,03/27/2026 07:57:54 AM
23288A,N,O,03/27/2026 08:10:06 AM
23288B,N,O,03/27/2026 07:57:33 AM
23294A,N,O,03/27/2026 10:11:04 AM
23294B,N,O,03/27/2026 11:42:07 AM
23295A,N,O,03/27/2026 12:05:40 PM
23295B,N,O,03/27/2026 11:47:24 AM
23296A,N,O,03/27/2026 08:39:45 AM
23296B,N,O,03/27/2026 09:42:18 AM
23297A,N,O,03/27/2026 11:12:11 AM
23297B,N,O,03/27/2026 11:50:51 AM
23298A,N,O,03/27/2026 11:59:44 AM
23298B,N,O,03/27/2026 12:15:32 PM
23299A,N,V,03/27/2026 12:17:41 PM
23299B,N,O,03/27/2026 12:16:46 PM
23300A,N,O,03/27/2026 12:06:16 PM
23301A,N,O,03/27/2026 11:35:06 AM
23301B,N,O,03/27/2026 11:15:53 AM
23302A,N,O,03/27/2026 12:21:10 PM
23302B,N,V,03/27/2026 11:47:18 AM
23303A,N,O,03/27/2026 10:51:08 AM
23303B,N,O,03/27/2026 12:05:21 PM
23304A,N,O,03/27/2026 12:22:38 PM
23304B,N,O,03/27/2026 11:31:40 AM
23305A,N,O,03/27/2026 11:59:51 AM
23305B,N,O,03/27/2026 10:55:38 AM
23306A,N,O,03/27/2026 10:41:28 AM
23306B,N,O,03/27/2026 11:33:59 AM
23307A,N,O,03/27/2026 06:57:41 AM
23307B,N,O,03/26/2026 06:57:45 AM
23308A,N,O,03/27/2026 10:56:08 AM
23308B,N,O,03/27/2026 06:56:48 AM
23309A,N,O,03/26/2026 06:55:50 AM
23309B,N,O,03/27/2026 11:35:59 AM
23310B,N,O,03/27/2026 12:23:48 PM
23311A,N,O,03/27/2026 06:58:52 AM
23311B,N,O,03/27/2026 11:45:24 AM
23312A,N,O,03/27/2026 11:03:54 AM
23312B,N,O,03/27/2026 12:04:03 PM
23313B,N,O,03/27/2026 11:05:37 AM
23314A,N,O,03/27/2026 09:05:19 AM
23314B,N,O,03/27/2026 09:59:10 AM
23315A,N,O,03/27/2026 06:59:45 AM
23315B,N,O,03/27/2026 06:59:55 AM
23320A,N,O,03/27/2026 11:38:51 AM
23320B,N,O,03/27/2026 11:32:45 AM
23321A,N,O,03/27/2026 12:05:53 PM
23321B,N,O,03/27/2026 12:14:32 PM
23322A,N,O,03/27/2026 11:03:01 AM
23322B,N,O,03/27/2026 11:29:04 AM
23323A,N,O,03/27/2026 07:56:49 AM
23324A,N,O,03/27/2026 12:20:22 PM
23324B,N,O,03/27/2026 12:09:20 PM
23325A,N,O,03/27/2026 07:59:49 AM
23325B,N,O,03/27/2026 11:54:04 AM
2332A,N,O,03/27/2026 12:26:05 PM
2332B,N,O,03/27/2026 11:08:14 AM
23336A,N,V,03/27/2026 09:33:46 AM
23337A,N,O,03/27/2026 10:25:10 AM
23337B,N,O,03/27/2026 11:09:20 AM
23338A,N,O,03/27/2026 11:47:51 AM
23338B,N,O,03/27/2026 08:21:48 AM
23339A,N,O,03/27/2026 11:20:56 AM
23339B,N,O,03/27/2026 10:13:26 AM
2333A,N,O,03/27/2026 10:18:05 AM
2333B,N,O,03/27/2026 09:06:41 AM
23340A,N,O,03/27/2026 12:26:45 PM
23341A,N,O,03/27/2026 08:30:08 AM
23341B,N,O,03/27/2026 08:37:02 AM
23342A,N,O,03/27/2026 09:52:10 AM
23342B,N,O,03/27/2026 06:58:00 AM
23343A,N,O,03/27/2026 11:00:08 AM
23343B,N,O,03/27/2026 10:22:41 AM
23344A,N,O,03/27/2026 11:55:30 AM
23344B,N,O,03/27/2026 12:26:50 PM
23345A,N,O,03/27/2026 10:43:51 AM
23345B,N,O,03/27/2026 08:57:31 AM
23346A,N,O,03/27/2026 11:34:17 AM
23346B,N,O,03/27/2026 12:06:18 PM
23347A,N,O,03/27/2026 11:56:58 AM
23347B,N,O,03/27/2026 11:12:51 AM
23348A,N,O,03/27/2026 11:33:40 AM
23348B,N,O,03/27/2026 12:01:36 PM
23349A,N,O,03/27/2026 10:16:14 AM
23349B,N,O,03/27/2026 08:56:20 AM
2334A,N,O,03/27/2026 11:02:23 AM
2334B,N,O,03/27/2026 11:59:07 AM
23350A,N,O,03/27/2026 09:57:10 AM
23350B,N,O,03/27/2026 12:26:27 PM
23351A,N,O,03/27/2026 09:23:20 AM
23351B,N,O,03/27/2026 12:25:28 PM
23352A,N,O,03/27/2026 12:08:32 PM
23352B,N,O,03/27/2026 10:11:24 AM
23353A,N,O,03/27/2026 06:56:48 AM
23355B,N,O,03/27/2026 08:43:50 AM
23356A,N,O,03/27/2026 11:05:53 AM
23356B,N,O,03/27/2026 08:28:19 AM
23357A,N,O,03/25/2026 08:36:26 AM
23357B,N,O,03/25/2026 08:36:26 AM
23358A,N,O,03/27/2026 10:17:09 AM
23358B,N,O,03/27/2026 11:25:03 AM
23359A,N,O,03/27/2026 11:59:45 AM
23359B,N,O,03/27/2026 11:46:12 AM
23360A,N,O,03/27/2026 12:04:42 PM
23360B,N,O,03/27/2026 11:11:28 AM
23361A,N,O,03/27/2026 11:51:29 AM
23361B,N,O,03/27/2026 07:41:47 AM
23362A,N,O,03/27/2026 10:03:50 AM
23362B,N,O,03/27/2026 11:56:45 AM
23363A,N,O,03/27/2026 11:05:36 AM
23363B,N,O,03/27/2026 11:06:44 AM
23364A,N,O,03/27/2026 11:11:42 AM
23364B,N,O,03/27/2026 11:20:02 AM
23365A,N,O,03/27/2026 11:07:18 AM
23365B,N,O,03/27/2026 11:02:33 AM
23366A,N,O,03/27/2026 12:17:03 PM
23366B,N,V,09/26/2025 08:21:23 AM
23367A,N,O,03/27/2026 09:05:51 AM
23367B,N,O,03/27/2026 12:21:35 PM
23368A,N,O,03/27/2026 10:55:59 AM
23368B,N,O,03/27/2026 11:44:00 AM
23369A,N,O,03/27/2026 09:31:49 AM
23369B,N,O,03/27/2026 09:36:36 AM
23370A,N,O,03/27/2026 12:22:58 PM
23370B,N,O,03/27/2026 07:59:48 AM
23371A,N,O,03/27/2026 07:58:51 AM
23371B,N,O,03/27/2026 09:10:28 AM
23372A,N,O,03/27/2026 08:08:06 AM
23372B,N,O,03/27/2026 09:07:01 AM
23373A,N,O,03/27/2026 10:35:34 AM
23373B,N,O,03/27/2026 10:36:58 AM
23374A,N,O,03/27/2026 11:01:47 AM
23374B,N,O,03/27/2026 10:59:26 AM
23375A,N,O,03/27/2026 07:59:46 AM
23375B,N,O,03/27/2026 11:38:36 AM
23376A,N,O,03/27/2026 12:09:48 PM
23376B,N,O,03/27/2026 12:10:26 PM
23377A,N,O,03/27/2026 09:26:11 AM
23377B,N,O,03/27/2026 09:50:51 AM
23378A,N,O,03/27/2026 12:05:53 PM
23378B,N,O,03/27/2026 12:27:22 PM
23379A,N,O,03/27/2026 11:27:41 AM
23379B,N,O,03/27/2026 09:22:54 AM
23380A,N,O,03/27/2026 07:59:52 AM
23380B,N,O,03/27/2026 08:02:10 AM
23381A,N,O,03/27/2026 09:45:28 AM
23381B,N,O,03/27/2026 12:12:35 PM
23386B,N,O,03/27/2026 11:55:55 AM
23387A,N,O,03/27/2026 12:22:58 PM
23387B,N,O,03/27/2026 06:57:49 AM
23388A,N,O,03/27/2026 12:08:29 PM
23388B,N,O,03/27/2026 11:47:42 AM
23389A,N,O,03/27/2026 08:01:32 AM
23389B,N,O,03/27/2026 10:59:25 AM
23390A,N,O,03/27/2026 12:03:37 PM
23390B,N,O,03/27/2026 07:59:13 AM
23391A,N,O,03/27/2026 07:57:49 AM
23391B,N,O,03/27/2026 06:58:51 AM
23392A,N,O,03/27/2026 12:20:29 PM
23392B,N,O,03/27/2026 09:53:24 AM
23393A,N,O,03/27/2026 08:52:18 AM
23393B,N,O,03/27/2026 11:00:54 AM
23394A,N,O,03/27/2026 10:18:59 AM
23394B,N,O,03/27/2026 12:14:49 PM
23395A,N,O,03/27/2026 06:59:52 AM
23395B,N,O,03/27/2026 10:55:18 AM
23396A,N,O,03/27/2026 11:14:36 AM
23396B,N,O,03/27/2026 11:18:29 AM
23397A,N,O,03/27/2026 11:49:03 AM
23397B,N,O,03/27/2026 10:30:24 AM
23398A,N,O,03/27/2026 10:48:33 AM
23398B,N,O,03/27/2026 06:56:46 AM
23399A,N,O,03/27/2026 11:55:11 AM
23399B,N,O,03/27/2026 12:18:38 PM
23400A,N,O,03/27/2026 10:50:47 AM
23401A,N,O,03/27/2026 12:11:11 PM
23401B,N,O,03/27/2026 09:37:59 AM
23402A,N,O,03/27/2026 06:57:47 AM
23402B,N,O,03/27/2026 10:35:16 AM
23403A,N,O,03/27/2026 12:25:33 PM
23403B,N,O,03/27/2026 10:40:24 AM
23404A,N,O,03/27/2026 12:16:08 PM
23404B,N,O,03/27/2026 11:17:56 AM
23405A,N,O,03/27/2026 07:57:21 AM
23405B,N,O,03/27/2026 11:44:29 AM
23406A,N,O,03/27/2026 11:51:10 AM
23406B,N,O,03/27/2026 10:57:50 AM
23407A,N,O,03/27/2026 06:57:47 AM
23407B,N,O,03/27/2026 06:57:57 AM
23408A,N,O,03/27/2026 06:56:43 AM
23408B,N,O,03/27/2026 11:24:02 AM
23409A,N,O,03/27/2026 10:18:33 AM
23409B,N,O,03/27/2026 11:30:45 AM
2340A,N,O,03/26/2026 12:48:06 PM
2340B,N,O,03/27/2026 12:13:57 PM
23410A,N,O,03/27/2026 11:44:53 AM
23410B,N,O,03/27/2026 11:11:59 AM
23411A,N,O,03/27/2026 10:45:31 AM
23411B,N,O,03/27/2026 12:09:55 PM
23412A,N,O,03/27/2026 11:23:50 AM
23412B,N,O,03/27/2026 11:48:57 AM
23413B,N,O,03/27/2026 10:49:27 AM
23414A,N,O,03/27/2026 09:29:27 AM
23415A,N,O,03/27/2026 11:22:37 AM
23415B,N,O,03/27/2026 08:02:24 AM
23416A,N,V,03/27/2026 11:23:34 AM
23416B,N,O,03/27/2026 11:10:21 AM
23417B,N,O,03/27/2026 07:57:47 AM
23419B,N,O,03/27/2026 12:08:44 PM
2341B,N,O,03/27/2026 09:16:52 AM
23420A,N,O,03/27/2026 10:17:41 AM
23420B,N,O,03/27/2026 12:12:46 PM
23421A,N,O,03/27/2026 10:35:38 AM
23421B,N,O,03/27/2026 06:58:42 AM
23422A,N,O,03/27/2026 09:55:40 AM
23422B,N,O,03/27/2026 11:31:55 AM
23423A,N,O,03/27/2026 08:31:44 AM
23423B,N,O,03/27/2026 06:56:50 AM
2343A,N,O,03/27/2026 09:49:29 AM
2343B,N,V,03/27/2026 12:26:53 PM
23444A,N,O,03/27/2026 12:18:09 PM
23444B,N,O,03/27/2026 12:17:10 PM
23445A,N,O,03/27/2026 11:53:50 AM
23445B,N,O,03/27/2026 12:04:05 PM
23446A,N,O,03/27/2026 12:20:23 PM
23446B,N,O,03/27/2026 12:25:59 PM
23447A,N,O,03/27/2026 12:15:40 PM
23447B,N,O,03/27/2026 11:17:58 AM
23448A,N,V,03/27/2026 12:27:39 PM
23448B,N,O,03/27/2026 12:19:31 PM
23449A,N,O,03/27/2026 11:22:53 AM
23449B,N,O,03/27/2026 12:04:19 PM
2344A,N,O,03/27/2026 06:55:49 AM
23450A,N,O,03/27/2026 11:41:11 AM
23450B,N,O,03/27/2026 10:43:42 AM
23451A,N,O,03/27/2026 11:42:59 AM
23451B,N,O,03/27/2026 09:15:24 AM
23452A,N,O,03/27/2026 10:54:03 AM
23452B,N,O,03/27/2026 12:05:56 PM
23453A,N,O,03/27/2026 11:21:40 AM
23453B,N,O,03/27/2026 11:51:24 AM
23454A,N,O,03/27/2026 12:27:22 PM
23454B,N,O,03/27/2026 11:46:53 AM
23455A,N,O,03/27/2026 11:19:34 AM
23455B,N,O,03/27/2026 07:59:48 AM
2345A,N,O,03/27/2026 12:26:55 PM
2345B,N,O,03/27/2026 12:26:11 PM
23464B,N,O,03/27/2026 07:55:45 AM
23465A,N,O,03/27/2026 08:01:36 AM
23465B,N,O,03/27/2026 07:59:52 AM
23466A,N,O,03/27/2026 07:58:50 AM
23466B,N,V,03/27/2026 12:07:39 PM
23467A,N,O,03/27/2026 07:57:53 AM
23467B,N,O,03/27/2026 11:29:57 AM
23468A,N,O,03/27/2026 09:55:06 AM
23468B,N,O,03/27/2026 07:56:42 AM
23469A,N,O,03/27/2026 07:55:46 AM
23469B,N,O,03/27/2026 07:55:50 AM
23470B,N,O,03/27/2026 12:21:02 PM
23471A,N,O,03/27/2026 09:11:38 AM
23471B,N,O,03/27/2026 12:10:13 PM
23472A,N,O,03/27/2026 06:57:41 AM
23472B,N,V,03/27/2026 12:26:47 PM
23473A,N,V,03/27/2026 12:27:06 PM
23473B,N,O,03/27/2026 11:58:57 AM
23474A,N,O,03/27/2026 09:55:26 AM
23474B,N,O,03/27/2026 11:38:13 AM
23475A,N,O,03/27/2026 10:05:29 AM
23475B,N,V,03/27/2026 12:26:50 PM
23476A,N,O,03/27/2026 09:13:59 AM
23476B,N,O,03/27/2026 09:01:51 AM
23477A,N,O,03/27/2026 12:27:24 PM
23477B,N,O,03/27/2026 12:20:43 PM
23478A,N,O,03/27/2026 07:56:45 AM
23478B,N,O,03/27/2026 08:14:36 AM
23479B,N,O,03/27/2026 06:55:50 AM
23480A,N,O,03/27/2026 11:08:04 AM
23480B,N,O,03/27/2026 12:13:58 PM
23481A,N,O,03/27/2026 08:27:30 AM
23481B,N,O,03/27/2026 07:25:12 AM
23482A,N,O,03/27/2026 11:23:11 AM
23482B,N,O,03/27/2026 10:43:00 AM
23483A,N,O,03/27/2026 11:44:02 AM
23483B,N,O,03/27/2026 11:57:07 AM
23484A,N,O,03/27/2026 09:44:36 AM
23484B,N,O,03/27/2026 11:09:13 AM
23485A,N,O,03/27/2026 11:01:39 AM
23485B,N,O,03/27/2026 10:12:25 AM
23486A,N,O,03/27/2026 12:14:57 PM
23486B,N,O,03/27/2026 10:17:56 AM
23487A,N,O,03/27/2026 11:00:47 AM
23487B,N,O,03/27/2026 12:27:17 PM
23488A,N,O,03/27/2026 07:23:26 AM
23488B,N,O,03/27/2026 08:43:25 AM
23489A,N,O,03/27/2026 11:53:17 AM
23489B,N,O,03/27/2026 09:49:14 AM
2348A,N,O,03/27/2026 06:57:00 AM
23490A,N,O,03/27/2026 11:21:17 AM
23491A,N,O,03/27/2026 10:37:11 AM
23491B,N,O,03/27/2026 12:15:53 PM
23492A,N,O,03/27/2026 07:58:04 AM
23492B,N,O,03/27/2026 09:36:50 AM
23493A,N,O,03/27/2026 07:56:55 AM
23493B,N,O,03/27/2026 07:56:55 AM
23494A,N,O,03/27/2026 10:52:45 AM
23494B,N,O,03/27/2026 10:24:44 AM
23495A,N,O,03/27/2026 11:43:50 AM
23495B,N,O,03/27/2026 08:00:08 AM
23496A,N,O,03/27/2026 12:17:16 PM
23496B,N,O,03/27/2026 11:43:29 AM
23497B,N,O,03/27/2026 06:58:20 AM
23498B,N,O,03/27/2026 07:56:53 AM
23499B,N,O,03/27/2026 11:37:28 AM
2349A,N,O,03/27/2026 06:55:56 AM
2349B,N,O,03/27/2026 06:55:46 AM
23500A,N,O,03/27/2026 06:59:51 AM
23500B,N,O,03/27/2026 12:07:22 PM
23501A,N,O,03/27/2026 08:14:13 AM
23501B,N,O,03/27/2026 09:25:31 AM
23509A,N,O,03/27/2026 07:26:59 AM
23509B,N,O,03/27/2026 12:06:19 PM
23510A,N,O,03/27/2026 12:26:14 PM
23510B,N,O,03/27/2026 11:56:04 AM
23511A,N,O,03/27/2026 12:02:06 PM
23511B,N,O,03/27/2026 09:36:12 AM
23512A,N,O,03/27/2026 12:03:06 PM
23512B,N,O,03/27/2026 10:14:03 AM
23514A,N,O,03/27/2026 12:25:26 PM
23514B,N,O,03/27/2026 12:17:35 PM
23515A,N,O,03/27/2026 10:56:43 AM
23515B,N,O,03/27/2026 12:00:47 PM
23516A,N,O,03/27/2026 11:11:20 AM
23517A,NU,O,03/27/2026 09:35:46 AM
23517B,NU,O,03/27/2026 09:46:57 AM
23518A,N,O,03/27/2026 10:31:27 AM
23518B,N,O,03/27/2026 07:56:54 AM
23519A,N,O,03/27/2026 10:20:41 AM
23519B,N,O,03/27/2026 09:37:40 AM
23520A,N,O,03/27/2026 07:59:53 AM
23520B,N,O,03/26/2026 07:59:49 AM
23521A,N,V,03/27/2026 12:17:37 PM
23522A,N,O,03/27/2026 12:27:42 PM
23522B,N,O,03/27/2026 11:34:48 AM
23523A,N,V,03/27/2026 12:26:53 PM
23523B,N,O,10/05/2025 09:03:09 AM
23524A,N,V,03/27/2026 12:27:39 PM
23524B,N,O,03/27/2026 06:55:52 AM
23525A,N,O,03/27/2026 06:59:51 AM
23525B,N,V,03/27/2026 12:20:23 PM
23526A,N,V,03/27/2026 11:28:57 AM
23526B,N,V,03/27/2026 10:47:34 AM
23527A,N,V,03/27/2026 09:55:28 AM
23527B,N,V,03/27/2026 09:20:07 AM
23528B,N,V,03/26/2026 09:47:20 AM
23530A,N,V,03/27/2026 07:00:38 AM
23530B,N,O,03/27/2026 10:38:09 AM
23531B,N,V,03/27/2026 12:14:10 PM
23532A,N,O,03/27/2026 11:48:07 AM
23532B,N,O,03/27/2026 06:57:44 AM
23533A,N,O,03/27/2026 12:21:34 PM
23533B,N,O,03/27/2026 10:00:21 AM
23534A,N,V,03/27/2026 12:09:46 PM
23534B,N,V,03/27/2026 12:22:06 PM
23535A,N,V,03/27/2026 11:58:02 AM
23535B,N,O,03/27/2026 06:59:53 AM
23536A,N,V,03/27/2026 12:25:15 PM
23536B,N,O,03/27/2026 06:59:07 AM
23537A,N,V,03/27/2026 12:23:31 PM
23537B,N,O,03/27/2026 11:49:03 AM
23538A,N,V,03/27/2026 09:50:03 AM
23538B,N,V,03/27/2026 10:44:15 AM
23539A,N,V,03/27/2026 10:52:14 AM
23539B,N,V,03/23/2026 05:20:18 PM
23542A,N,O,03/27/2026 09:28:54 AM
23542B,N,O,03/27/2026 11:44:31 AM
23543A,N,O,03/27/2026 12:02:23 PM
23543B,N,O,03/27/2026 12:16:14 PM
23544A,N,O,03/27/2026 11:31:06 AM
23544B,N,O,03/27/2026 09:29:06 AM
23552A,N,O,03/27/2026 10:08:14 AM
23552B,N,O,03/27/2026 12:03:55 PM
23553A,N,O,03/27/2026 11:50:54 AM
23553B,N,O,03/27/2026 11:52:39 AM
23554A,N,O,03/27/2026 11:00:47 AM
23554B,N,O,03/27/2026 12:09:20 PM
23555A,N,O,03/27/2026 11:53:46 AM
23555B,N,O,03/27/2026 10:28:09 AM
23556A,N,O,03/27/2026 10:06:48 AM
23556B,N,O,03/27/2026 11:36:03 AM
23557B,N,O,10/12/2025 02:43:57 PM
23558A,N,O,03/27/2026 06:56:49 AM
23558B,N,O,03/27/2026 06:56:56 AM
23559B,N,O,03/27/2026 10:38:54 AM
2355A,N,O,03/27/2026 06:59:47 AM
2355B,N,O,03/27/2026 06:59:47 AM
23560A,N,O,03/27/2026 09:00:23 AM
23561A,N,O,03/27/2026 10:48:38 AM
23561B,N,O,03/27/2026 08:31:03 AM
23562A,N,O,03/27/2026 08:47:07 AM
23562B,N,O,03/27/2026 10:05:13 AM
23563B,N,O,03/27/2026 11:31:57 AM
23564A,N,O,03/27/2026 12:08:32 PM
23567A,N,O,03/27/2026 11:04:35 AM
23567B,N,O,03/27/2026 12:09:12 PM
23568A,N,O,03/27/2026 06:56:48 AM
23577A,N,O,03/27/2026 11:32:47 AM
23577B,N,O,03/27/2026 07:53:10 AM
23578A,N,O,03/27/2026 12:03:39 PM
23578B,N,O,03/27/2026 11:36:04 AM
23579A,N,V,03/27/2026 12:25:55 PM
23579B,N,O,03/27/2026 12:07:12 PM
23580A,N,O,03/27/2026 12:12:54 PM
23580B,N,O,03/27/2026 12:19:42 PM
23581A,N,O,03/27/2026 09:04:27 AM
23581B,N,O,03/27/2026 11:06:23 AM
23582A,N,O,03/27/2026 12:24:49 PM
23582B,N,O,03/27/2026 12:24:32 PM
23583A,N,O,03/27/2026 12:00:07 PM
23583B,N,V,03/27/2026 12:14:14 PM
23584A,N,V,03/27/2026 12:27:36 PM
23584B,N,O,03/27/2026 10:09:03 AM
23585A,N,V,03/27/2026 12:27:15 PM
23585B,N,V,03/27/2026 12:21:15 PM
23586A,N,O,03/27/2026 12:27:41 PM
23586B,N,V,03/27/2026 12:08:10 PM
23587A,N,O,01/07/2026 06:57:43 AM
23587B,N,O,01/07/2026 12:02:32 PM
23588A,N,O,03/27/2026 12:27:43 PM
23588B,N,O,03/27/2026 10:34:02 AM
23589A,N,O,03/27/2026 12:12:44 PM
23589B,N,O,03/27/2026 09:14:34 AM
23590A,N,V,03/27/2026 12:27:28 PM
23590B,N,O,03/27/2026 12:20:23 PM
23591A,N,O,03/27/2026 11:36:40 AM
23591B,N,O,03/27/2026 09:32:30 AM
23592A,N,V,03/27/2026 12:23:55 PM
23592B,N,V,03/27/2026 12:25:54 PM
23593A,N,V,03/27/2026 12:18:57 PM
23593B,N,O,03/27/2026 12:07:36 PM
23594A,N,V,03/27/2026 12:25:13 PM
23594B,N,O,03/27/2026 10:36:34 AM
23595A,N,O,03/27/2026 12:27:28 PM
23595B,N,O,03/27/2026 11:37:15 AM
23596B,N,V,03/27/2026 12:02:47 PM
23597A,N,O,03/27/2026 08:17:17 AM
23597B,N,O,03/27/2026 06:57:40 AM
23598A,N,V,03/27/2026 11:53:25 AM
23598B,N,O,03/27/2026 11:41:41 AM
23599A,N,O,03/27/2026 10:05:17 AM
23599B,N,O,03/27/2026 10:20:38 AM
23600B,N,O,03/27/2026 10:33:00 AM
23601A,N,O,03/27/2026 11:02:38 AM
23601B,N,O,03/27/2026 10:51:19 AM
23602A,N,O,03/27/2026 10:00:56 AM
23602B,N,O,03/27/2026 11:52:04 AM
23603A,N,O,03/27/2026 11:41:17 AM
23603B,N,O,03/27/2026 12:21:42 PM
23604A,N,O,03/27/2026 11:30:50 AM
23604B,N,O,03/27/2026 12:05:16 PM
23605A,N,V,03/27/2026 12:23:54 PM
23605B,N,O,03/27/2026 10:57:35 AM
23606A,N,V,03/27/2026 12:27:06 PM
23606B,N,O,03/27/2026 10:02:38 AM
23607A,N,O,03/27/2026 11:26:18 AM
23607B,N,O,03/27/2026 06:57:46 AM
23608A,N,O,03/27/2026 10:09:27 AM
23608B,N,O,03/27/2026 12:27:18 PM
23609A,N,O,03/27/2026 08:18:26 AM
23609B,N,O,03/27/2026 11:53:46 AM
2360A,N,O,03/27/2026 11:02:07 AM
2360B,N,O,03/27/2026 12:21:29 PM
23610A,N,O,03/27/2026 11:12:26 AM
23611B,N,O,03/27/2026 11:56:04 AM
23612A,N,O,03/27/2026 11:08:03 AM
23613B,N,O,03/27/2026 12:05:53 PM
23614A,N,O,03/27/2026 12:24:44 PM
23614B,N,O,03/27/2026 06:55:52 AM
23615A,N,O,03/27/2026 10:32:57 AM
23615B,N,O,03/27/2026 12:23:39 PM
23616A,N,O,03/27/2026 10:11:16 AM
23616B,N,V,03/27/2026 12:20:03 PM
23617A,NU,O,03/27/2026 06:58:21 AM
23617B,NU,O,03/27/2026 06:57:54 AM
23618A,N,O,03/27/2026 10:32:15 AM
23618B,N,O,03/27/2026 10:58:05 AM
23619A,N,V,03/27/2026 12:19:10 PM
23619B,N,O,03/27/2026 12:15:57 PM
2361A,N,O,03/27/2026 06:58:50 AM
2361B,N,O,03/27/2026 06:58:50 AM
23620A,N,O,03/27/2026 11:53:24 AM
23620B,N,O,03/27/2026 12:02:42 PM
23622A,N,O,03/27/2026 11:53:35 AM
23622B,N,O,03/27/2026 12:25:43 PM
23623A,N,O,03/27/2026 10:51:32 AM
23623B,N,O,03/27/2026 07:56:52 AM
23624A,N,V,03/27/2026 11:43:19 AM
23624B,N,O,03/27/2026 10:51:54 AM
23625A,N,O,03/27/2026 12:13:12 PM
23625B,NU,O,03/26/2026 07:59:47 AM
23626A,N,O,03/27/2026 10:06:45 AM
23627A,N,O,03/27/2026 11:16:58 AM
23627B,N,O,03/27/2026 10:25:55 AM
23628A,N,O,03/27/2026 11:33:26 AM
23628B,N,O,03/27/2026 10:46:16 AM
23629A,N,O,03/27/2026 11:00:19 AM
23629B,N,O,03/27/2026 11:40:54 AM
2362A,N,V,03/27/2026 11:59:58 AM
2362B,N,V,03/27/2026 12:27:36 PM
23630A,N,O,03/27/2026 11:52:36 AM
23630B,N,O,03/27/2026 11:29:36 AM
23631A,N,V,03/27/2026 12:27:20 PM
23631B,N,V,03/27/2026 09:48:02 AM
23632A,N,O,03/27/2026 12:18:04 PM
23632B,N,O,03/27/2026 11:41:33 AM
23633A,N,V,03/27/2026 12:16:40 PM
23633B,N,V,03/27/2026 12:16:28 PM
23634A,N,O,03/27/2026 12:21:01 PM
23634B,N,O,03/27/2026 07:01:48 AM
23635A,N,O,03/27/2026 11:35:41 AM
23635B,N,O,03/27/2026 09:07:26 AM
23636A,N,O,03/27/2026 08:33:43 AM
23636B,N,O,03/27/2026 12:20:32 PM
23637A,N,O,03/27/2026 10:56:43 AM
23637B,N,O,03/27/2026 11:44:53 AM
23638A,N,O,03/27/2026 12:21:08 PM
23638B,N,O,03/27/2026 11:33:52 AM
23639A,N,O,03/27/2026 08:58:33 AM
23639B,N,O,03/27/2026 11:53:36 AM
2363A,N,O,03/27/2026 12:07:44 PM
23640A,N,O,03/27/2026 10:11:10 AM
23640B,N,O,03/27/2026 12:05:04 PM
23641B,N,O,03/27/2026 09:44:02 AM
23642B,N,V,03/27/2026 12:25:07 PM
23643A,N,V,03/27/2026 12:09:39 PM
23643B,N,O,03/27/2026 10:28:33 AM
23644A,N,O,03/27/2026 11:52:38 AM
23644B,N,O,03/27/2026 12:03:54 PM
23645A,N,O,03/27/2026 11:54:06 AM
23645B,N,O,03/27/2026 12:25:28 PM
23646A,N,O,03/27/2026 10:03:31 AM
23646B,N,O,03/27/2026 09:51:21 AM
23647A,N,O,03/27/2026 11:54:39 AM
23648B,N,O,03/27/2026 10:26:25 AM
23649A,N,O,03/27/2026 12:26:20 PM
23649B,N,O,03/27/2026 12:17:13 PM
2364A,N,O,03/27/2026 06:55:48 AM
2364B,N,O,03/27/2026 06:56:01 AM
23650A,N,O,03/27/2026 12:12:49 PM
23650B,N,O,03/27/2026 08:56:28 AM
23651A,N,O,03/27/2026 08:01:48 AM
23651B,N,V,03/27/2026 12:25:45 PM
23652A,N,O,03/27/2026 08:43:58 AM
23652B,N,O,03/27/2026 12:26:39 PM
23653A,N,O,03/27/2026 09:59:58 AM
23654A,N,O,03/27/2026 07:55:44 AM
23654B,N,O,03/27/2026 07:55:44 AM
23655A,N,O,03/27/2026 07:59:47 AM
23655B,N,O,03/27/2026 10:51:17 AM
23656A,N,O,03/26/2026 07:19:45 PM
23656B,N,O,03/27/2026 07:59:05 AM
23657A,N,V,03/27/2026 12:25:39 PM
23657B,N,O,03/27/2026 12:23:14 PM
23658B,N,O,03/27/2026 07:57:33 AM
23659B,N,O,03/27/2026 12:19:36 PM
2365B,N,O,03/27/2026 07:00:05 AM
23660A,N,O,03/27/2026 12:03:53 PM
23660B,N,O,03/27/2026 12:14:13 PM
23661A,N,O,03/27/2026 12:22:06 PM
23661B,N,O,03/27/2026 11:16:13 AM
23662A,N,O,03/27/2026 12:03:00 PM
23662B,N,O,03/27/2026 11:57:17 AM
2366A,N,O,03/27/2026 07:59:12 AM
2367A,N,O,03/27/2026 12:20:50 PM
2367B,N,O,03/27/2026 12:04:43 PM
23680A,N,O,03/27/2026 12:10:54 PM
23680B,N,V,03/27/2026 12:27:42 PM
23681A,N,O,03/27/2026 08:41:48 AM
23681B,N,V,03/27/2026 12:16:07 PM
23682A,N,V,03/27/2026 09:26:03 AM
23682B,N,O,03/27/2026 08:32:48 AM
23683A,N,O,03/27/2026 08:55:47 AM
23683B,N,O,03/27/2026 12:05:19 PM
23684A,N,V,03/27/2026 11:40:05 AM
23684B,N,O,03/27/2026 11:05:20 AM
23685A,N,V,03/27/2026 11:26:11 AM
23685B,N,V,03/27/2026 08:39:29 AM
23686A,N,V,03/27/2026 09:25:10 AM
23686B,N,V,03/27/2026 12:27:37 PM
23687A,N,V,03/27/2026 08:46:03 AM
23687B,N,V,03/27/2026 10:26:51 AM
23688A,N,V,03/26/2026 07:59:26 PM
23688B,N,V,03/26/2026 07:27:31 PM
23689A,N,V,03/27/2026 08:50:04 AM
23689B,N,V,03/27/2026 08:49:59 AM
2368A,N,O,03/27/2026 11:02:33 AM
2368B,N,O,03/27/2026 10:07:16 AM
23690A,N,O,03/26/2026 07:42:02 PM
23690B,N,V,03/27/2026 07:17:21 AM
23691A,N,V,03/27/2026 12:27:36 PM
23691B,N,V,03/27/2026 10:36:33 AM
23692A,N,O,03/27/2026 06:57:51 AM
23692B,N,V,03/27/2026 12:05:58 PM
23693A,N,V,03/27/2026 09:59:08 AM
23693B,N,V,03/27/2026 12:10:18 PM
23694A,N,V,03/27/2026 12:11:30 PM
23694B,N,V,03/27/2026 12:09:23 PM
23695A,N,V,03/27/2026 08:19:11 AM
23695B,N,V,03/27/2026 08:19:27 AM
23696A,N,V,03/27/2026 07:13:00 AM
23696B,N,V,03/27/2026 12:15:17 PM
23697A,N,V,03/27/2026 12:21:49 PM
23697B,N,O,03/27/2026 08:21:25 AM
23698A,N,V,03/27/2026 08:43:43 AM
23698B,N,V,03/27/2026 07:36:50 AM
23699A,N,V,03/25/2026 07:52:21 PM
23699B,N,V,03/27/2026 11:21:43 AM
2369A,N,O,03/27/2026 11:00:36 AM
2369B,N,O,03/27/2026 09:08:09 AM
23700A,N,V,03/26/2026 06:54:12 PM
23700B,N,V,03/27/2026 11:40:15 AM
23701A,N,O,03/26/2026 08:50:12 AM
23701B,N,V,03/26/2026 01:45:27 PM
23702A,N,V,03/26/2026 05:42:05 PM
23702B,N,O,03/27/2026 08:30:11 AM
23703A,N,V,03/26/2026 03:47:30 PM
23703B,N,V,03/26/2026 02:41:06 PM
23704A,N,V,03/25/2026 06:48:54 PM
23704B,N,O,03/27/2026 12:27:37 PM
23705A,N,V,03/25/2026 06:34:51 PM
23705B,N,V,03/26/2026 05:28:21 PM
23706A,N,V,03/27/2026 10:09:53 AM
23706B,N,V,03/27/2026 11:44:36 AM
23707A,N,V,03/27/2026 10:06:27 AM
23707B,N,V,03/27/2026 10:45:20 AM
2370B,N,V,03/27/2026 12:23:31 PM
23710A,N,V,03/27/2026 10:17:27 AM
23710B,N,V,03/27/2026 10:58:47 AM
23711A,N,V,03/26/2026 02:32:19 PM
23711B,N,O,03/27/2026 08:46:53 AM
23712A,N,V,03/26/2026 03:17:31 PM
23712B,N,V,03/27/2026 11:00:58 AM
23713A,N,V,03/26/2026 06:08:55 PM
23713B,N,V,03/26/2026 02:07:48 PM
23714A,N,V,03/27/2026 11:20:58 AM
23714B,N,V,03/26/2026 11:49:22 AM
23715A,N,V,03/27/2026 11:04:45 AM
23715B,N,V,03/26/2026 05:31:41 PM
23716A,N,V,03/26/2026 04:33:43 PM
23716B,N,V,03/27/2026 10:50:58 AM
23717A,N,V,03/25/2026 10:26:08 AM
23717B,N,V,03/27/2026 10:54:22 AM
23718A,N,V,03/26/2026 03:25:59 PM
23718B,N,V,03/27/2026 08:13:31 AM
23719A,N,V,03/27/2026 10:21:56 AM
23719B,N,V,03/26/2026 03:25:57 PM
2371A,N,O,03/27/2026 10:15:10 AM
2371B,N,O,03/27/2026 12:00:07 PM
23720A,N,O,03/27/2026 12:12:49 PM
23720B,N,V,03/26/2026 05:44:37 PM
23721B,N,V,03/27/2026 12:27:25 PM
23722A,N,V,03/27/2026 12:23:42 PM
23722B,N,V,03/27/2026 12:25:40 PM
23723A,N,O,03/27/2026 12:16:59 PM
23723B,N,V,03/27/2026 08:34:42 AM
23724A,N,V,03/27/2026 11:55:55 AM
23724B,N,O,03/27/2026 07:39:00 AM
23725A,N,V,03/27/2026 11:49:13 AM
23725B,N,V,03/27/2026 11:49:03 AM
23726A,N,O,03/27/2026 08:19:31 AM
23726B,N,V,03/27/2026 10:56:33 AM
23727A,N,V,03/27/2026 11:13:25 AM
23727B,N,V,03/27/2026 11:46:21 AM
23728A,N,V,08/11/2025 11:57:50 AM
23728B,N,V,03/27/2026 11:34:11 AM
23729A,N,V,03/26/2026 08:02:02 PM
23729B,N,V,03/27/2026 07:33:45 AM
2372A,N,O,03/27/2026 09:09:57 AM
2372B,N,O,03/27/2026 09:33:53 AM
23730A,N,V,03/27/2026 08:23:40 AM
23730B,N,V,03/25/2026 01:20:51 PM
23731A,N,V,03/26/2026 06:05:36 PM
23731B,N,V,03/27/2026 12:27:13 PM
23732A,N,V,03/27/2026 12:23:15 PM
23732B,N,V,03/27/2026 10:43:16 AM
23733A,N,V,03/27/2026 12:15:13 PM
23733B,N,O,03/27/2026 12:22:14 PM
23734A,N,O,03/27/2026 12:02:45 PM
23734B,N,O,03/27/2026 11:38:07 AM
23735A,N,O,03/27/2026 12:11:30 PM
23735B,N,O,03/27/2026 08:39:13 AM
23736A,N,O,03/27/2026 11:50:10 AM
23736B,N,O,03/27/2026 09:52:57 AM
23737A,N,O,03/27/2026 12:05:29 PM
23737B,N,O,03/27/2026 11:51:22 AM
2373A,N,O,03/27/2026 10:40:08 AM
2373B,N,O,03/27/2026 10:09:31 AM
23740B,N,O,03/27/2026 06:59:43 AM
23741A,N,O,03/27/2026 06:58:42 AM
23741B,N,O,03/27/2026 06:59:46 AM
23742A,N,O,03/27/2026 06:57:48 AM
23742B,N,V,03/27/2026 12:27:17 PM
23743A,N,O,03/27/2026 08:42:46 AM
23743B,N,O,03/27/2026 08:17:12 AM
23744A,N,V,03/27/2026 12:23:42 PM
23744B,N,O,03/27/2026 08:11:18 AM
23745A,N,O,03/27/2026 08:40:46 AM
23745B,N,O,03/27/2026 08:37:07 AM
23746A,N,O,03/27/2026 08:35:35 AM
23746B,N,O,03/27/2026 12:27:42 PM
23747A,N,V,03/27/2026 12:20:31 PM
23747B,N,V,03/27/2026 12:27:37 PM
23748A,N,O,03/27/2026 06:58:26 AM
23748B,N,V,03/27/2026 11:40:02 AM
23749A,N,V,03/27/2026 11:58:37 AM
23749B,N,O,03/27/2026 10:27:38 AM
2374A,N,O,03/27/2026 10:51:14 AM
2374B,N,O,03/27/2026 11:33:13 AM
23750A,N,V,03/27/2026 10:35:50 AM
23750B,N,O,03/27/2026 12:25:34 PM
23751A,N,V,03/27/2026 11:08:40 AM
23751B,N,V,03/27/2026 12:27:26 PM
23755A,N,O,03/27/2026 10:21:07 AM
23756A,N,O,03/27/2026 09:38:21 AM
23756B,N,O,03/27/2026 11:58:51 AM
23757A,N,V,03/27/2026 12:24:40 PM
23757B,N,O,03/27/2026 11:59:40 AM
23758B,N,O,03/27/2026 09:31:28 AM
23759A,N,V,03/27/2026 12:09:02 PM
23759B,N,O,03/27/2026 11:26:16 AM
2375A,N,O,03/27/2026 09:32:26 AM
2375B,N,O,03/27/2026 11:54:39 AM
23760A,N,O,03/27/2026 08:46:44 AM
23760B,N,O,03/27/2026 08:34:34 AM
23761A,N,O,03/27/2026 10:43:18 AM
23761B,N,V,03/27/2026 12:03:35 PM
23762A,N,O,03/27/2026 09:04:38 AM
23762B,N,O,03/27/2026 10:40:17 AM
23763A,N,O,03/27/2026 08:55:51 AM
23763B,N,O,03/27/2026 11:06:24 AM
23764A,N,O,03/27/2026 08:53:42 AM
23764B,N,O,03/27/2026 11:34:45 AM
23767A,N,V,03/27/2026 12:00:02 PM
23767B,N,V,03/27/2026 11:29:16 AM
23768A,N,V,03/27/2026 12:26:06 PM
23768B,N,V,03/27/2026 11:03:15 AM
23769A,N,O,03/20/2026 11:36:45 AM
23769B,N,V,03/26/2026 05:40:36 PM
2376A,N,O,03/27/2026 10:18:36 AM
2376B,N,O,03/27/2026 12:27:14 PM
23770A,N,V,11/24/2025 02:27:42 PM
23770B,N,O,11/24/2025 04:15:05 PM
23771A,N,O,03/18/2026 07:29:02 PM
23771B,N,V,03/21/2026 05:26:57 PM
23772A,N,V,03/26/2026 06:19:25 PM
23772B,N,V,03/26/2026 06:18:23 PM
23773A,N,V,03/27/2026 12:23:08 PM
23773B,N,V,03/27/2026 12:23:08 PM
23774A,N,V,03/27/2026 11:14:48 AM
23774B,N,V,03/27/2026 11:34:27 AM
23775A,N,O,03/27/2026 12:12:26 PM
23775B,N,V,03/27/2026 11:00:28 AM
23776B,N,O,03/27/2026 12:15:05 PM
23777A,N,V,03/27/2026 11:34:28 AM
23777B,N,V,03/27/2026 11:14:48 AM
23778A,N,V,03/27/2026 09:35:38 AM
23778B,N,V,03/27/2026 10:59:02 AM
23779A,N,V,03/27/2026 11:58:43 AM
23779B,N,V,03/27/2026 11:58:27 AM
2377A,N,O,03/27/2026 07:57:46 AM
2377B,N,O,03/27/2026 11:29:04 AM
23780A,N,O,03/27/2026 12:26:10 PM
23780B,N,O,03/27/2026 11:12:31 AM
23781A,N,V,03/25/2026 05:46:37 PM
23781B,N,V,03/27/2026 12:16:25 PM
23782A,NU,O,02/18/2026 05:51:49 PM
23782B,NU,V,02/04/2026 07:52:57 AM
23783A,N,V,03/26/2026 05:16:54 PM
23783B,N,V,03/27/2026 07:52:44 AM
23784A,N,V,03/25/2026 01:28:39 PM
23784B,N,V,03/26/2026 01:03:30 PM
23785A,N,O,03/27/2026 11:30:50 AM
23785B,N,V,03/25/2026 06:47:42 PM
23786A,N,V,03/27/2026 12:10:42 PM
23786B,N,O,03/12/2026 02:01:52 PM
23787A,N,O,03/27/2026 10:28:48 AM
23787B,N,V,03/27/2026 11:57:55 AM
23788A,N,O,03/27/2026 06:56:45 AM
23788B,N,V,03/27/2026 11:40:35 AM
23789A,N,O,03/27/2026 10:28:02 AM
2378A,N,O,03/27/2026 10:30:35 AM
2378B,N,O,03/27/2026 11:54:03 AM
23790A,N,O,03/27/2026 11:03:36 AM
23790B,N,V,03/27/2026 09:29:18 AM
23791A,N,V,03/27/2026 09:37:50 AM
23791B,N,V,03/27/2026 12:24:15 PM
23792A,N,V,03/27/2026 07:22:25 AM
23792B,N,O,03/27/2026 10:28:02 AM
23793A,N,O,03/27/2026 12:26:58 PM
23793B,N,V,03/27/2026 10:36:19 AM
23794A,N,V,03/27/2026 08:47:49 AM
23794B,N,V,03/27/2026 11:04:16 AM
23795A,N,V,03/27/2026 12:27:31 PM
23795B,N,O,03/27/2026 11:20:37 AM
23796A,N,O,03/27/2026 12:24:42 PM
23796B,N,V,03/27/2026 11:24:17 AM
23797A,N,V,03/27/2026 07:50:51 AM
23797B,N,V,03/27/2026 09:24:05 AM
23798A,N,V,03/27/2026 09:24:09 AM
23798B,N,O,03/27/2026 12:26:23 PM
23799A,N,V,03/26/2026 07:09:41 PM
23799B,N,O,03/27/2026 06:55:47 AM
2379A,N,O,03/27/2026 10:38:12 AM
2379B,N,O,03/27/2026 09:52:57 AM
23800A,N,O,03/27/2026 11:31:42 AM
23800B,N,V,03/27/2026 08:41:57 AM
23801A,N,V,03/27/2026 08:46:05 AM
23801B,N,V,03/27/2026 08:46:22 AM
23802A,N,O,03/27/2026 12:27:39 PM
23802B,N,O,03/27/2026 08:39:12 AM
23803A,NU,O,03/27/2026 08:39:18 AM
2380A,N,O,03/27/2026 09:21:46 AM
2380B,N,O,03/27/2026 11:53:22 AM
2381A,N,O,03/27/2026 11:17:28 AM
2381B,N,O,03/27/2026 09:23:18 AM
2382A,N,O,03/27/2026 11:16:37 AM
2382B,N,O,03/27/2026 07:57:43 AM
23830B,N,O,03/27/2026 11:55:03 AM
23831A,N,O,03/26/2026 05:58:51 PM
23831B,N,V,03/27/2026 07:44:18 AM
23832A,N,V,03/27/2026 09:47:07 AM
23832B,N,V,03/27/2026 12:21:50 PM
23833A,N,V,03/27/2026 10:18:48 AM
23833B,N,V,03/27/2026 12:14:04 PM
23834A,N,V,03/27/2026 10:09:24 AM
23834B,N,O,03/27/2026 12:04:43 PM
23835A,N,V,03/27/2026 10:16:45 AM
23835B,N,V,03/27/2026 08:12:20 AM
23836A,N,O,03/27/2026 12:26:40 PM
23836B,N,V,03/27/2026 12:20:08 PM
23837A,N,V,03/27/2026 12:03:55 PM
23837B,N,O,03/27/2026 12:12:38 PM
23838A,N,V,03/27/2026 10:24:48 AM
23838B,N,V,03/27/2026 11:14:22 AM
23839A,N,V,03/27/2026 12:25:02 PM
23839B,N,O,03/27/2026 10:11:03 AM
2383A,N,O,03/27/2026 12:25:33 PM
2383B,N,O,03/27/2026 12:27:15 PM
23840A,NU,V,03/26/2026 03:27:32 PM
23840B,NU,O,03/26/2026 03:27:48 PM
23841A,N,O,07/20/2025 09:50:50 PM
23841B,N,O,07/23/2025 11:01:56 AM
23842A,N,O,03/27/2026 11:09:13 AM
23842B,N,O,03/26/2026 11:31:18 AM
23843A,N,O,03/27/2026 06:57:01 AM
23843B,N,O,03/27/2026 06:56:47 AM
23844A,N,O,03/27/2026 06:55:45 AM
23844B,N,V,03/27/2026 12:25:53 PM
23845A,N,O,03/27/2026 12:01:56 PM
23845B,N,V,03/27/2026 12:20:46 PM
23846A,N,O,03/27/2026 12:26:24 PM
23846B,N,V,03/27/2026 11:45:00 AM
23847A,N,V,03/27/2026 12:25:55 PM
23847B,N,V,03/27/2026 11:16:04 AM
23848A,N,V,03/27/2026 11:03:47 AM
23848B,N,O,03/27/2026 06:56:43 AM
23849A,N,O,03/27/2026 10:59:53 AM
23849B,N,V,03/27/2026 12:21:18 PM
2384A,N,O,03/27/2026 07:56:08 AM
23850A,N,V,03/27/2026 10:18:32 AM
23850B,N,O,03/27/2026 11:06:05 AM
23851A,N,V,03/27/2026 10:49:06 AM
23851B,N,V,03/27/2026 09:39:47 AM
23852A,N,O,03/27/2026 12:26:19 PM
23852B,N,O,03/27/2026 06:57:40 AM
23853A,N,V,03/27/2026 10:56:59 AM
23853B,N,O,03/26/2026 06:56:43 AM
23855A,N,O,03/26/2026 05:22:48 PM
23855B,N,O,03/27/2026 06:59:48 AM
23856A,N,V,03/27/2026 11:17:42 AM
23856B,N,O,03/27/2026 06:58:47 AM
23857A,N,O,03/27/2026 06:57:44 AM
23857B,N,O,03/27/2026 12:26:36 PM
23858A,N,O,03/27/2026 12:14:11 PM
2386A,N,V,03/27/2026 12:27:07 PM
2386B,N,O,03/27/2026 11:49:13 AM
2387A,N,O,03/27/2026 08:00:50 AM
2387B,N,O,03/27/2026 06:57:47 AM
2395A,N,O,03/27/2026 07:48:47 AM
2395B,N,O,03/27/2026 07:56:54 AM
2396A,N,V,03/27/2026 12:14:55 PM
2396B,N,V,03/27/2026 12:25:09 PM
2397A,N,O,03/27/2026 08:15:51 AM
2397B,N,V,03/27/2026 12:25:48 PM
2398A,N,O,03/27/2026 06:56:44 AM
23990A,N,V,03/27/2026 12:27:19 PM
23990B,N,O,03/27/2026 12:06:38 PM
23991A,N,O,03/27/2026 12:15:09 PM
23991B,N,O,03/27/2026 11:56:06 AM
23992A,N,O,03/27/2026 12:09:38 PM
23992B,N,O,03/27/2026 12:03:45 PM
23993A,N,O,03/27/2026 08:28:04 AM
23993B,N,O,03/27/2026 12:05:44 PM
23994B,N,O,03/27/2026 12:15:25 PM
23995A,N,V,03/27/2026 12:27:24 PM
23995B,N,O,03/27/2026 12:10:41 PM
23996A,N,O,03/27/2026 12:09:45 PM
23996B,N,O,03/27/2026 12:08:01 PM
23A,NU,V,01/05/2026 10:15:39 PM
23B,NU,V,01/05/2026 11:57:20 PM
24001A,N,O,03/27/2026 11:38:20 AM
24002A,N,O,03/27/2026 10:54:03 AM
24003A,N,O,03/27/2026 12:18:31 PM
24003B,N,O,03/27/2026 10:53:33 AM
24004A,N,O,03/27/2026 06:55:53 AM
24004B,N,O,03/27/2026 11:43:15 AM
24005A,N,V,03/27/2026 12:07:29 PM
24005B,N,V,03/27/2026 12:11:19 PM
24006A,N,V,03/27/2026 08:56:21 AM
24006B,N,O,03/27/2026 09:04:13 AM
24007A,N,V,03/27/2026 12:08:21 PM
24007B,N,V,03/27/2026 10:17:29 AM
24008A,N,V,03/27/2026 10:17:40 AM
24008B,N,V,03/27/2026 12:02:29 PM
24009A,N,V,03/27/2026 11:57:49 AM
24009B,N,V,03/26/2026 06:19:04 PM
2400B,NU,O,03/27/2026 12:27:04 PM
24010A,N,V,03/27/2026 10:53:41 AM
24010B,N,V,03/26/2026 03:48:12 PM
24013A,N,O,03/27/2026 12:26:48 PM
24013B,N,V,03/27/2026 12:01:29 PM
24014A,N,V,03/27/2026 10:15:50 AM
24014B,N,V,03/27/2026 12:08:58 PM
24015A,N,V,03/27/2026 10:15:47 AM
24015B,N,V,03/27/2026 10:14:04 AM
2401A,N,O,03/27/2026 08:28:45 AM
2401B,N,O,03/27/2026 11:24:18 AM
24020A,N,O,03/27/2026 11:51:47 AM
24021A,N,O,03/27/2026 09:26:34 AM
24021B,N,V,03/27/2026 09:28:24 AM
24022A,N,V,03/27/2026 11:31:03 AM
24022B,N,V,03/27/2026 07:15:45 AM
24023A,N,V,03/27/2026 12:04:40 PM
24023B,N,V,03/27/2026 12:26:15 PM
24024A,N,V,03/27/2026 12:19:44 PM
24024B,N,O,03/27/2026 11:53:28 AM
24025A,N,V,03/27/2026 12:27:21 PM
24025B,N,O,03/27/2026 11:38:37 AM
24026A,N,O,03/27/2026 07:55:51 AM
24026B,N,O,03/27/2026 09:32:05 AM
24030A,N,V,03/25/2026 07:45:11 AM
24030B,N,V,03/26/2026 10:16:10 AM
24031A,N,V,03/27/2026 07:16:48 AM
24031B,N,V,03/27/2026 07:14:20 AM
24032A,N,V,03/26/2026 10:07:11 AM
24033A,N,V,03/26/2026 06:45:51 PM
24033B,N,V,03/27/2026 10:05:35 AM
24034A,N,V,03/27/2026 08:22:06 AM
24034B,N,V,03/27/2026 11:31:02 AM
24035B,N,V,03/27/2026 07:48:53 AM
24040A,N,V,03/26/2026 05:28:46 PM
24040B,N,V,03/26/2026 06:38:21 PM
24041A,N,V,03/27/2026 12:02:53 PM
24041B,N,V,03/27/2026 10:26:19 AM
24042B,N,O,03/27/2026 12:27:27 PM
24043A,N,V,03/27/2026 09:04:19 AM
24043B,N,V,03/27/2026 11:00:08 AM
24044A,N,O,03/27/2026 11:54:39 AM
24044B,N,O,03/27/2026 12:13:34 PM
24045A,N,O,03/27/2026 11:41:21 AM
24045B,N,V,03/27/2026 11:48:10 AM
24046B,N,O,03/27/2026 09:44:27 AM
24047A,NU,O,03/16/2026 01:33:38 PM
24047B,NU,O,03/16/2026 01:34:28 PM
24048A,N,O,03/27/2026 10:17:23 AM
24048B,N,O,03/27/2026 12:03:03 PM
24049A,N,V,03/27/2026 12:21:42 PM
24049B,N,O,03/27/2026 12:17:31 PM
24050A,N,V,03/27/2026 08:59:21 AM
24050B,N,V,03/27/2026 12:01:34 PM
2406A,N,O,03/27/2026 12:03:24 PM
2406B,N,O,03/27/2026 11:55:05 AM
2407A,N,O,03/27/2026 09:18:33 AM
2407B,N,O,03/27/2026 11:32:31 AM
2408B,N,V,03/27/2026 12:18:50 PM
2409A,N,O,03/27/2026 08:55:49 AM
2409B,N,O,03/27/2026 06:55:52 AM
240A,N,V,03/27/2026 12:14:45 PM
240B,N,V,03/27/2026 11:51:31 AM
24100B,N,O,03/27/2026 09:03:09 AM
24101A,N,O,03/27/2026 11:58:52 AM
24101B,N,O,03/27/2026 12:08:31 PM
24102A,N,V,03/27/2026 12:25:35 PM
24102B,N,O,03/27/2026 12:23:53 PM
24103A,N,V,03/27/2026 11:41:03 AM
24103B,N,O,03/27/2026 12:24:37 PM
24104A,N,V,03/27/2026 11:56:54 AM
24104B,N,V,03/27/2026 11:52:44 AM
24105A,N,V,03/27/2026 12:22:24 PM
24105B,N,O,03/27/2026 12:25:39 PM
24106A,N,V,03/27/2026 12:08:23 PM
24106B,N,O,03/27/2026 09:47:35 AM
2410A,N,O,03/27/2026 06:59:45 AM
2410B,N,O,03/27/2026 06:59:45 AM
2411A,N,O,03/27/2026 06:58:47 AM
2411B,N,O,03/27/2026 11:19:24 AM
2412A,N,O,03/27/2026 11:49:04 AM
2412B,N,O,03/27/2026 09:40:17 AM
2413A,N,O,03/27/2026 11:11:40 AM
2413B,N,O,03/27/2026 09:53:35 AM
2414A,N,V,03/27/2026 12:05:06 PM
2414B,N,O,03/27/2026 12:18:23 PM
2415A,N,O,03/27/2026 10:19:50 AM
2415B,N,O,03/27/2026 11:49:18 AM
2416A,N,O,03/23/2026 06:58:55 AM
2416B,N,O,03/27/2026 08:16:29 AM
2417A,N,O,03/27/2026 06:57:51 AM
2417B,N,O,03/27/2026 06:57:51 AM
2418A,N,O,03/27/2026 08:04:53 AM
2418B,N,V,03/27/2026 12:20:47 PM
2419A,N,V,03/27/2026 12:01:35 PM
2419B,N,V,03/27/2026 12:19:51 PM
241A,N,O,03/27/2026 10:57:59 AM
241B,N,O,03/27/2026 12:13:40 PM
2420A,N,V,03/27/2026 12:08:54 PM
2420B,N,V,03/27/2026 12:11:57 PM
2421A,N,O,03/27/2026 06:58:53 AM
2421B,N,O,03/27/2026 12:12:30 PM
2422A,N,O,03/27/2026 06:57:43 AM
2422B,N,O,03/27/2026 12:27:42 PM
2423A,N,V,03/27/2026 12:27:44 PM
2423B,N,V,03/27/2026 12:27:44 PM
2424A,N,V,03/27/2026 11:38:46 AM
2424B,N,V,03/27/2026 12:10:43 PM
2425A,N,O,03/27/2026 08:43:18 AM
2425B,N,V,03/27/2026 12:08:12 PM
2426A,N,O,03/27/2026 06:58:51 AM
2426B,N,O,03/27/2026 10:05:20 AM
242A,N,O,03/27/2026 11:00:16 AM
242B,N,O,03/27/2026 06:57:52 AM
2430A,N,O,03/27/2026 07:49:43 AM
2431A,N,O,03/27/2026 11:55:10 AM
2431B,N,O,03/27/2026 11:50:30 AM
2434B,N,V,03/27/2026 12:27:15 PM
2435A,N,O,03/27/2026 06:59:47 AM
2435B,N,O,03/27/2026 06:59:51 AM
2436A,N,O,03/27/2026 11:00:25 AM
2436B,N,O,03/27/2026 11:34:44 AM
2437A,N,O,03/27/2026 11:35:03 AM
2437B,N,O,03/27/2026 10:55:18 AM
2438A,N,V,03/27/2026 11:59:22 AM
2438B,N,V,03/27/2026 11:43:13 AM
2439A,N,O,03/27/2026 06:55:45 AM
2439B,N,O,03/27/2026 12:26:11 PM
243A,N,O,03/27/2026 12:23:43 PM
243B,N,V,03/27/2026 12:26:47 PM
2440A,N,O,03/27/2026 12:26:14 PM
2440B,N,V,03/27/2026 12:22:09 PM
2441A,N,O,03/27/2026 11:34:06 AM
2441B,N,O,03/27/2026 09:57:44 AM
2447A,N,O,03/27/2026 11:33:45 AM
2447B,N,O,03/27/2026 11:20:39 AM
2448A,N,O,03/27/2026 12:27:13 PM
2448B,N,O,03/27/2026 12:27:39 PM
2449A,N,O,03/27/2026 11:25:03 AM
2449B,N,O,03/27/2026 08:23:10 AM
244A,N,V,03/27/2026 11:59:47 AM
244B,N,O,03/27/2026 09:14:57 AM
24501A,NU,O,10/06/2025 08:01:53 AM
24501B,NU,O,10/06/2025 11:52:25 AM
24502A,NU,O,10/06/2025 11:44:14 AM
24502B,NU,O,10/06/2025 11:44:14 AM
24503A,NU,O,10/06/2025 07:56:40 AM
24504A,NU,V,10/06/2025 11:34:31 AM
24504B,NU,O,10/06/2025 06:55:44 AM
24505A,NU,O,10/06/2025 08:27:15 AM
24505B,NU,O,10/06/2025 09:22:04 AM
24507A,N,V,03/27/2026 12:27:23 PM
24507B,N,V,03/27/2026 12:21:17 PM
24508A,N,V,03/27/2026 12:27:41 PM
24508B,N,V,03/27/2026 12:22:25 PM
24509A,N,V,03/27/2026 11:29:58 AM
24509B,N,V,03/27/2026 12:18:10 PM
2450A,N,O,03/27/2026 11:36:17 AM
2450B,N,O,03/27/2026 11:07:54 AM
24510A,N,V,03/27/2026 10:53:44 AM
24510B,N,O,03/27/2026 12:26:32 PM
24511A,N,O,03/27/2026 11:03:32 AM
24511B,N,O,03/27/2026 06:58:49 AM
24512A,N,V,03/27/2026 12:26:52 PM
24512B,N,V,03/27/2026 12:25:29 PM
24513A,NU,V,02/09/2026 11:33:13 AM
2451A,N,V,03/27/2026 12:26:40 PM
2451B,N,O,03/27/2026 12:12:25 PM
2452A,N,O,03/27/2026 08:05:14 AM
2452B,N,O,03/27/2026 08:48:12 AM
2453A,N,O,03/27/2026 12:09:37 PM
2453B,N,O,03/27/2026 10:58:37 AM
2454A,N,O,03/27/2026 07:29:07 AM
2454B,N,O,03/27/2026 11:38:52 AM
245A,N,O,03/27/2026 10:25:30 AM
245B,N,V,03/27/2026 12:13:40 PM
2467A,N,V,03/27/2026 12:26:59 PM
2467B,N,O,03/27/2026 11:27:41 AM
246A,N,O,03/27/2026 11:01:56 AM
246B,N,O,03/27/2026 11:07:28 AM
2476A,N,O,01/12/2026 03:54:54 PM
2476B,N,O,03/27/2026 06:58:45 AM
2477B,N,O,03/27/2026 06:57:52 AM
2478A,N,O,03/27/2026 06:56:45 AM
2478B,N,O,03/27/2026 06:56:45 AM
2480A,N,V,03/27/2026 12:20:36 PM
2480B,N,O,03/27/2026 11:07:26 AM
2481A,N,O,03/27/2026 10:48:14 AM
2481B,N,V,03/27/2026 12:26:30 PM
2482A,N,O,03/27/2026 12:23:29 PM
2482B,N,O,03/27/2026 12:17:35 PM
2483A,N,O,03/27/2026 11:02:49 AM
2483B,N,O,03/27/2026 11:40:17 AM
2484A,N,O,03/27/2026 06:55:43 AM
2484B,N,O,03/27/2026 10:22:53 AM
2485A,N,V,03/27/2026 12:27:35 PM
2485B,N,O,03/27/2026 06:59:43 AM
2489A,N,O,03/27/2026 10:16:43 AM
2489B,N,O,03/27/2026 06:56:06 AM
2490A,N,O,03/27/2026 09:12:06 AM
2490B,N,O,03/27/2026 08:40:20 AM
2491A,N,O,03/27/2026 06:58:50 AM
2491B,N,O,03/27/2026 06:58:50 AM
2492A,N,O,03/27/2026 06:58:20 AM
2492B,N,O,03/27/2026 07:32:14 AM
2493A,N,O,01/12/2026 12:48:14 PM
2493B,N,V,01/12/2026 12:51:37 PM
2496A,N,O,03/27/2026 08:17:15 AM
2497A,N,O,03/27/2026 09:06:30 AM
2497B,N,O,03/27/2026 12:14:03 PM
24A,NU,V,01/05/2026 11:10:12 PM
24B,NU,V,01/05/2026 10:21:13 PM
2501A,N,V,03/27/2026 12:27:05 PM
2501B,N,O,03/27/2026 08:28:48 AM
2502A,N,V,03/27/2026 12:23:48 PM
2502B,N,O,03/27/2026 12:27:42 PM
25035A,N,O,03/27/2026 12:26:14 PM
25035B,N,O,03/27/2026 10:53:32 AM
25036A,N,O,03/27/2026 12:00:01 PM
25036B,N,O,03/27/2026 12:10:35 PM
25037A,N,O,03/27/2026 11:49:08 AM
25037B,N,O,03/27/2026 07:57:52 AM
2503B,N,O,03/27/2026 08:13:05 AM
25040A,N,O,03/27/2026 11:27:24 AM
25040B,N,O,03/27/2026 11:50:47 AM
25041A,N,O,03/27/2026 07:59:22 AM
25041B,N,O,03/27/2026 11:10:39 AM
25042A,N,O,03/27/2026 08:27:50 AM
25042B,N,O,03/27/2026 08:51:40 AM
25043A,N,O,03/27/2026 07:56:51 AM
25043B,N,O,03/27/2026 08:16:56 AM
25044A,N,O,03/27/2026 11:20:16 AM
25044B,N,O,03/27/2026 11:41:14 AM
25052A,N,O,03/27/2026 11:55:22 AM
25052B,N,O,03/27/2026 11:45:41 AM
25053A,N,V,03/27/2026 12:03:25 PM
25053B,N,O,03/27/2026 10:47:19 AM
25054A,N,O,03/27/2026 11:38:16 AM
25054B,N,O,03/27/2026 12:10:20 PM
25055B,N,O,03/27/2026 12:13:09 PM
2505A,N,O,03/27/2026 11:05:50 AM
2505B,N,O,03/27/2026 11:56:04 AM
25060A,N,O,03/27/2026 08:02:13 AM
25060B,N,O,03/27/2026 07:59:57 AM
25061A,N,O,03/27/2026 12:21:22 PM
25061B,N,O,03/27/2026 07:58:59 AM
25062A,N,O,03/27/2026 11:41:29 AM
25062B,N,O,03/27/2026 11:41:29 AM
25066A,N,O,03/27/2026 10:47:17 AM
25066B,N,O,03/27/2026 11:44:37 AM
25067A,N,O,03/27/2026 11:00:31 AM
25067B,N,O,03/27/2026 11:55:35 AM
25068A,N,O,03/27/2026 11:35:23 AM
25068B,N,O,03/27/2026 12:18:59 PM
25069A,N,O,03/27/2026 12:07:21 PM
25069B,N,O,03/27/2026 11:35:21 AM
2506A,N,O,03/27/2026 06:58:48 AM
2506B,N,O,03/27/2026 07:03:52 AM
25072A,N,O,03/27/2026 11:13:29 AM
25072B,N,O,03/27/2026 09:34:07 AM
25073A,N,V,03/27/2026 12:24:59 PM
25073B,N,O,03/27/2026 12:06:13 PM
25074A,N,V,03/27/2026 12:02:27 PM
25074B,N,O,03/27/2026 11:39:10 AM
25075A,N,V,03/27/2026 11:56:47 AM
25075B,N,O,03/27/2026 10:15:14 AM
25076A,N,V,03/27/2026 12:22:53 PM
25076B,N,O,03/27/2026 12:11:44 PM
25077A,N,O,03/27/2026 12:11:51 PM
25077B,N,V,03/27/2026 09:46:44 AM
25078A,N,V,03/27/2026 12:07:15 PM
25078B,N,V,03/27/2026 11:19:53 AM
25079A,N,V,03/27/2026 11:58:13 AM
25079B,N,V,03/27/2026 07:19:15 AM
2507A,N,O,03/27/2026 06:57:48 AM
2507B,N,V,03/27/2026 12:00:01 PM
25080A,N,O,03/27/2026 12:11:35 PM
25080B,N,V,03/27/2026 07:14:01 AM
25081A,N,O,03/27/2026 12:24:30 PM
25081B,N,O,03/27/2026 11:59:05 AM
25082A,N,O,03/27/2026 07:57:53 AM
25082B,N,O,03/27/2026 07:57:49 AM
25083A,N,O,03/27/2026 08:20:31 AM
25083B,N,O,03/27/2026 11:52:27 AM
25084A,N,O,03/27/2026 07:55:55 AM
25085A,N,O,03/27/2026 06:59:49 AM
25085B,N,O,03/27/2026 06:59:49 AM
25086A,N,O,03/27/2026 11:23:43 AM
25086B,N,O,03/27/2026 11:47:56 AM
25087A,N,O,03/27/2026 11:46:08 AM
25087B,N,O,03/27/2026 10:54:20 AM
25088A,N,O,03/27/2026 06:57:05 AM
25088B,N,O,03/27/2026 12:06:38 PM
25089A,N,O,03/27/2026 06:55:51 AM
25089B,N,O,03/27/2026 06:55:51 AM
2508A,N,O,03/27/2026 12:23:14 PM
2508B,N,O,03/27/2026 12:07:50 PM
25091B,N,V,03/27/2026 11:54:29 AM
25092A,N,V,03/27/2026 12:21:22 PM
25092B,N,O,03/27/2026 12:21:58 PM
25093A,N,O,03/27/2026 11:42:34 AM
25093B,N,O,03/27/2026 11:24:11 AM
25094A,N,V,03/27/2026 11:44:00 AM
25094B,N,O,03/27/2026 11:35:02 AM
25095A,N,V,03/27/2026 12:01:30 PM
25095B,N,O,03/27/2026 11:46:46 AM
25099A,N,O,03/27/2026 11:22:28 AM
25099B,N,O,03/27/2026 11:36:53 AM
2509B,N,O,03/27/2026 10:51:26 AM
250A,N,O,03/27/2026 12:21:06 PM
250B,N,V,03/27/2026 12:27:37 PM
25100A,N,O,03/27/2026 12:23:12 PM
25100B,N,O,03/27/2026 11:13:03 AM
25101A,N,V,03/27/2026 12:21:32 PM
25101B,N,V,03/27/2026 12:12:29 PM
25102A,N,V,03/27/2026 11:56:58 AM
25102B,N,V,03/27/2026 10:57:21 AM
25103A,N,V,03/27/2026 12:27:05 PM
25103B,N,V,03/27/2026 09:09:36 AM
25104A,N,V,03/27/2026 11:53:23 AM
25104B,N,O,03/27/2026 06:55:48 AM
25105A,N,O,03/27/2026 12:25:05 PM
25109B,N,V,03/27/2026 11:15:11 AM
2510A,N,O,03/27/2026 10:01:34 AM
2510B,N,O,03/27/2026 06:59:47 AM
25110A,N,O,03/27/2026 12:22:53 PM
25111B,N,V,03/27/2026 12:27:21 PM
25112A,N,O,03/27/2026 10:52:40 AM
25113A,N,O,03/27/2026 06:56:52 AM
25113B,N,O,03/27/2026 12:04:00 PM
25114A,N,O,03/27/2026 12:20:19 PM
25114B,N,O,03/27/2026 12:27:22 PM
25115A,N,O,03/27/2026 07:30:16 AM
25115B,N,O,03/26/2026 06:59:55 AM
25116A,N,O,03/27/2026 11:28:57 AM
25116B,N,O,03/27/2026 11:36:05 AM
25117A,N,O,03/27/2026 11:36:23 AM
25117B,N,O,03/27/2026 06:58:16 AM
25118A,N,O,03/27/2026 12:27:44 PM
25118B,N,O,03/27/2026 11:41:49 AM
25119A,N,O,03/27/2026 11:41:16 AM
25119B,N,V,09/19/2025 03:52:02 PM
2511A,N,O,03/27/2026 09:22:03 AM
25121A,N,O,03/27/2026 12:12:21 PM
25121B,N,O,03/27/2026 06:58:52 AM
25122A,N,O,03/27/2026 10:04:08 AM
25122B,N,O,03/27/2026 06:57:48 AM
25123A,N,O,03/27/2026 06:56:48 AM
25123B,N,O,03/27/2026 06:57:13 AM
25124A,N,O,03/26/2026 03:15:21 PM
25124B,N,O,03/27/2026 10:34:33 AM
25125A,N,O,03/27/2026 10:35:51 AM
25125B,N,V,03/27/2026 12:25:35 PM
25126B,N,O,03/27/2026 12:17:13 PM
25127A,N,O,03/27/2026 06:57:51 AM
25127B,N,O,03/27/2026 12:27:30 PM
25128A,N,V,03/27/2026 12:27:12 PM
25128B,N,O,03/27/2026 09:16:48 AM
25129A,N,V,03/27/2026 09:17:02 AM
25129B,N,O,03/27/2026 06:56:04 AM
25130A,N,O,03/26/2026 03:46:30 PM
25130B,N,V,03/27/2026 12:27:17 PM
25131A,N,O,03/27/2026 07:55:12 AM
25131B,N,O,03/27/2026 12:24:31 PM
25132A,N,O,03/27/2026 10:49:10 AM
25132B,N,O,03/27/2026 12:26:43 PM
25133B,N,O,03/27/2026 11:24:24 AM
25134A,N,O,03/27/2026 11:07:39 AM
25134B,N,O,03/27/2026 10:26:05 AM
25137A,N,O,03/27/2026 08:20:58 AM
25138A,N,O,03/27/2026 09:39:48 AM
25138B,N,O,03/27/2026 08:52:24 AM
25139A,N,O,03/27/2026 09:58:35 AM
25139B,N,V,03/27/2026 12:25:22 PM
25140A,N,O,03/27/2026 12:17:28 PM
25140B,N,O,03/27/2026 12:27:03 PM
25141A,N,O,03/27/2026 12:24:07 PM
25141B,N,O,03/27/2026 09:03:12 AM
25142A,N,V,03/27/2026 12:07:32 PM
25142B,N,O,03/27/2026 12:27:03 PM
25143A,N,O,03/27/2026 11:36:51 AM
25143B,N,O,03/27/2026 08:37:33 AM
25144A,N,O,03/27/2026 12:17:45 PM
25144B,N,O,03/27/2026 09:25:57 AM
25145A,N,O,03/27/2026 12:16:41 PM
25145B,N,O,03/27/2026 12:17:06 PM
25146A,N,O,03/27/2026 10:25:49 AM
25146B,N,O,03/27/2026 10:00:09 AM
25147B,N,V,03/27/2026 12:23:03 PM
25148A,N,O,03/27/2026 11:20:46 AM
25148B,N,O,03/27/2026 11:28:08 AM
25149A,N,O,03/27/2026 11:39:08 AM
25149B,N,O,03/27/2026 10:59:59 AM
2514B,N,O,03/27/2026 07:31:58 AM
25150A,N,O,03/27/2026 10:02:06 AM
25150B,N,O,03/27/2026 07:52:45 AM
25151A,N,O,03/27/2026 08:26:44 AM
25152B,N,O,03/27/2026 09:59:13 AM
25153A,N,O,03/27/2026 10:18:29 AM
25153B,N,O,03/27/2026 10:00:40 AM
25154A,N,V,03/27/2026 08:23:28 AM
25154B,N,O,03/27/2026 06:56:20 AM
25155A,N,O,03/27/2026 08:51:27 AM
25155B,N,O,03/27/2026 10:06:18 AM
25156A,N,O,03/27/2026 08:22:50 AM
25156B,N,O,03/27/2026 11:22:33 AM
25157A,N,O,03/27/2026 08:46:42 AM
25157B,N,O,03/27/2026 07:25:40 AM
25158A,N,O,03/27/2026 12:20:08 PM
25158B,N,O,03/27/2026 11:32:07 AM
25159A,N,V,03/27/2026 10:19:45 AM
25159B,N,V,03/27/2026 11:45:03 AM
2515A,N,O,03/27/2026 06:59:57 AM
2515B,N,O,03/27/2026 06:59:46 AM
25160A,N,O,03/27/2026 12:26:15 PM
25160B,N,V,03/27/2026 08:07:19 AM
25161A,N,V,03/27/2026 11:06:13 AM
25161B,N,V,03/27/2026 09:06:46 AM
25162A,N,V,03/27/2026 10:25:53 AM
25162B,N,V,03/27/2026 10:25:49 AM
25163A,N,V,03/27/2026 09:39:17 AM
25163B,N,V,03/27/2026 10:09:49 AM
25164A,N,V,03/27/2026 09:58:02 AM
25164B,N,V,03/27/2026 10:09:14 AM
25165A,N,V,03/27/2026 09:43:42 AM
25165B,N,V,03/27/2026 12:25:51 PM
25166A,N,O,03/27/2026 09:49:46 AM
25166B,N,V,03/27/2026 11:41:40 AM
25167B,N,O,03/27/2026 12:27:37 PM
25168A,N,V,03/27/2026 11:36:26 AM
25168B,N,O,03/27/2026 12:27:35 PM
25169A,N,V,03/27/2026 11:37:37 AM
25169B,N,V,03/27/2026 09:38:07 AM
2516A,N,O,03/27/2026 12:09:31 PM
2516B,N,V,03/27/2026 12:00:15 PM
25170A,N,O,03/27/2026 12:11:59 PM
25170B,N,V,03/27/2026 07:39:07 AM
25171A,N,O,03/27/2026 11:51:20 AM
25171B,N,V,03/27/2026 11:59:27 AM
25172A,N,O,03/27/2026 12:27:17 PM
25172B,N,O,03/27/2026 11:50:23 AM
25173A,N,V,03/27/2026 07:37:45 AM
25173B,N,V,03/27/2026 08:03:54 AM
25174A,N,O,03/27/2026 08:04:44 AM
25174B,N,V,03/27/2026 12:18:41 PM
25175A,N,O,03/27/2026 12:19:08 PM
25175B,N,V,03/27/2026 11:40:02 AM
25176A,N,O,03/27/2026 12:04:54 PM
25176B,N,V,03/27/2026 11:24:45 AM
25177A,N,V,03/27/2026 12:17:37 PM
25177B,N,O,03/27/2026 12:02:14 PM
25178A,N,O,03/27/2026 09:59:33 AM
25178B,N,O,03/27/2026 10:44:12 AM
25179A,N,O,03/27/2026 11:18:38 AM
25179B,N,O,03/27/2026 12:08:43 PM
25180A,N,O,03/27/2026 06:59:45 AM
25180B,N,V,03/27/2026 11:20:08 AM
25181A,N,V,03/27/2026 10:41:40 AM
25181B,N,V,03/27/2026 12:05:27 PM
25182A,N,O,03/24/2026 07:59:15 PM
25182B,N,V,03/27/2026 11:40:38 AM
25183A,N,O,03/27/2026 09:16:06 AM
25183B,N,O,03/27/2026 10:42:10 AM
25184A,N,V,03/27/2026 11:59:31 AM
25184B,N,V,03/27/2026 12:22:27 PM
25185A,N,V,03/27/2026 11:55:41 AM
25185B,N,V,03/27/2026 11:34:28 AM
25186A,N,O,03/27/2026 12:21:26 PM
25186B,N,O,03/27/2026 12:27:02 PM
25187A,N,O,03/27/2026 11:03:26 AM
25187B,N,V,03/27/2026 11:04:51 AM
25188A,N,V,03/27/2026 10:49:46 AM
25188B,N,V,03/27/2026 11:04:54 AM
25189A,N,V,03/27/2026 11:29:26 AM
25189B,N,V,03/27/2026 11:30:09 AM
25190A,N,O,03/27/2026 06:59:46 AM
25190B,N,V,03/27/2026 11:06:32 AM
25191A,N,O,03/27/2026 08:33:26 AM
25191B,N,V,03/27/2026 11:16:46 AM
25192A,N,V,03/27/2026 11:59:15 AM
25192B,N,O,03/27/2026 06:57:46 AM
25193A,N,V,03/27/2026 11:59:27 AM
25193B,N,O,03/27/2026 10:40:44 AM
25194A,N,O,03/27/2026 06:56:01 AM
25194B,N,V,03/27/2026 11:48:16 AM
25195A,N,O,03/27/2026 06:59:49 AM
25195B,N,O,03/27/2026 06:59:49 AM
25196A,N,V,03/27/2026 11:55:50 AM
25196B,N,V,03/27/2026 08:33:03 AM
25197A,N,V,03/27/2026 11:51:30 AM
25197B,N,V,03/27/2026 07:45:52 AM
25198A,N,O,03/27/2026 09:33:23 AM
25198B,N,V,03/27/2026 08:36:38 AM
25199A,N,V,03/27/2026 11:52:49 AM
25199B,N,O,03/27/2026 09:10:24 AM
251A,N,O,03/27/2026 06:58:46 AM
251B,N,O,03/27/2026 12:05:12 PM
25200B,N,O,03/27/2026 12:27:14 PM
25201A,N,V,03/27/2026 11:34:03 AM
25201B,N,V,03/27/2026 11:58:03 AM
25202A,N,V,03/27/2026 12:27:25 PM
25202B,N,V,03/27/2026 10:04:19 AM
25203A,N,V,03/27/2026 12:26:07 PM
25203B,N,O,03/27/2026 10:48:48 AM
25204A,N,V,03/27/2026 10:59:01 AM
25204B,N,O,03/27/2026 12:03:40 PM
25205A,N,V,03/27/2026 11:55:59 AM
25205B,N,V,03/27/2026 07:51:50 AM
25206A,N,V,03/27/2026 11:55:22 AM
25206B,N,V,03/27/2026 11:55:22 AM
25207A,N,V,03/27/2026 12:26:14 PM
25207B,N,V,03/27/2026 12:03:38 PM
25208A,N,V,03/27/2026 09:45:05 AM
25208B,N,V,03/27/2026 11:44:06 AM
25209A,N,V,03/27/2026 07:51:06 AM
25209B,N,V,03/27/2026 09:16:26 AM
2520A,N,V,03/27/2026 12:18:54 PM
2520B,N,V,03/27/2026 12:04:50 PM
25210A,N,V,03/27/2026 08:42:24 AM
25210B,N,O,03/27/2026 08:31:53 AM
25211A,N,V,03/27/2026 11:25:00 AM
25211B,N,O,03/27/2026 07:33:03 AM
25212A,N,V,03/27/2026 11:09:38 AM
25212B,N,V,03/27/2026 11:09:38 AM
25213A,N,O,03/27/2026 10:37:08 AM
25213B,N,V,03/27/2026 12:01:49 PM
25214B,N,V,03/27/2026 11:03:25 AM
25215A,N,V,03/27/2026 11:51:11 AM
25215B,N,V,03/27/2026 11:52:32 AM
25216A,N,V,03/27/2026 08:43:33 AM
25216B,N,V,03/27/2026 11:06:12 AM
25217A,N,O,03/27/2026 07:38:58 AM
25217B,N,V,03/27/2026 07:55:02 AM
25218B,N,O,03/27/2026 11:42:48 AM
2521A,N,O,03/27/2026 11:38:16 AM
2521B,N,V,03/27/2026 11:40:17 AM
25221A,N,V,03/27/2026 08:04:20 AM
25221B,N,O,03/27/2026 08:10:40 AM
25222A,N,V,03/27/2026 10:20:40 AM
25222B,N,O,03/27/2026 12:00:45 PM
25223A,N,V,03/27/2026 12:10:24 PM
25223B,N,O,03/27/2026 12:26:19 PM
25224A,N,O,03/27/2026 06:56:02 AM
25224B,N,O,03/27/2026 06:55:58 AM
25225A,N,O,03/27/2026 07:55:33 AM
25225B,N,O,03/27/2026 09:48:56 AM
25226A,N,O,03/27/2026 11:51:21 AM
25226B,N,O,03/27/2026 11:52:55 AM
25227A,N,O,03/27/2026 06:57:53 AM
25227B,N,O,03/27/2026 06:57:45 AM
2522A,N,O,03/27/2026 12:14:09 PM
2522B,N,V,03/27/2026 12:13:00 PM
25230A,N,O,03/27/2026 11:30:43 AM
25230B,N,V,03/27/2026 12:23:08 PM
25231A,N,V,03/27/2026 12:18:32 PM
25231B,N,O,03/27/2026 11:36:32 AM
25232A,N,O,03/27/2026 12:27:37 PM
25232B,N,V,03/27/2026 12:15:36 PM
25234A,N,O,03/27/2026 12:26:24 PM
25234B,N,V,03/27/2026 08:48:31 AM
25235A,N,V,03/27/2026 11:14:07 AM
25235B,N,V,03/27/2026 12:27:24 PM
25236A,N,V,03/27/2026 12:00:13 PM
25236B,N,V,03/27/2026 12:25:58 PM
25237A,N,V,03/27/2026 09:11:39 AM
25237B,N,V,03/27/2026 09:08:29 AM
25238A,N,V,03/27/2026 12:03:58 PM
25238B,N,V,03/27/2026 12:00:13 PM
25239A,N,V,03/27/2026 11:42:37 AM
25239B,N,V,03/27/2026 12:14:59 PM
2523A,N,O,03/27/2026 11:38:55 AM
2523B,N,V,03/27/2026 12:23:43 PM
25240A,N,V,03/27/2026 12:22:55 PM
25240B,N,V,03/27/2026 12:00:39 PM
25241A,N,V,03/27/2026 09:53:11 AM
25241B,N,V,03/27/2026 11:18:42 AM
25242A,N,V,03/27/2026 10:18:19 AM
25242B,N,V,03/27/2026 09:19:24 AM
25243A,N,V,03/27/2026 11:46:40 AM
25243B,N,V,03/27/2026 09:05:19 AM
25244A,N,V,03/27/2026 08:24:28 AM
25244B,N,V,03/27/2026 11:08:46 AM
25245A,N,V,03/27/2026 09:07:36 AM
25245B,N,V,03/27/2026 09:07:23 AM
25246A,N,O,03/27/2026 11:21:00 AM
25246B,N,O,03/27/2026 12:27:21 PM
25247A,N,V,03/27/2026 09:37:41 AM
25247B,N,V,03/27/2026 12:19:56 PM
25248A,N,V,03/27/2026 08:35:31 AM
25248B,N,V,03/27/2026 07:27:11 AM
25249A,N,V,03/27/2026 09:47:36 AM
25249B,N,V,03/27/2026 11:52:57 AM
2524A,N,V,03/27/2026 11:40:04 AM
2524B,N,V,03/27/2026 11:50:15 AM
25250A,N,V,03/27/2026 11:11:25 AM
25250B,N,V,03/27/2026 10:45:58 AM
25251A,N,V,03/27/2026 10:43:07 AM
25251B,N,V,03/27/2026 08:06:04 AM
25252A,N,V,03/27/2026 12:18:29 PM
25252B,N,O,03/27/2026 12:22:17 PM
25253A,NU,O,03/27/2026 11:32:29 AM
25253B,NU,O,03/27/2026 12:18:35 PM
25254B,N,O,03/27/2026 11:54:41 AM
25255A,N,V,03/27/2026 12:13:26 PM
25255B,N,V,03/27/2026 12:27:25 PM
25256A,N,O,03/27/2026 12:18:02 PM
25257B,N,O,03/27/2026 11:13:53 AM
25258A,N,O,03/27/2026 06:56:55 AM
25258B,N,O,03/27/2026 12:22:34 PM
25259A,N,V,03/27/2026 11:49:22 AM
25259B,N,V,03/27/2026 12:24:32 PM
2525A,N,O,03/27/2026 11:53:48 AM
2525B,N,O,03/27/2026 12:23:03 PM
25260A,N,V,03/27/2026 08:24:00 AM
25260B,N,V,03/27/2026 11:36:43 AM
25261A,N,V,03/27/2026 10:16:25 AM
25261B,N,O,03/27/2026 11:26:03 AM
25262A,N,V,03/27/2026 10:20:15 AM
25262B,N,O,03/27/2026 11:11:09 AM
25263A,N,O,03/27/2026 11:20:40 AM
25263B,N,V,03/27/2026 11:06:15 AM
25264A,N,O,03/27/2026 12:24:13 PM
25264B,N,V,03/27/2026 10:31:39 AM
25265A,N,V,03/27/2026 12:22:24 PM
25265B,N,V,03/26/2026 03:53:51 PM
25266B,N,O,03/27/2026 08:16:04 AM
25267A,N,V,03/27/2026 11:10:05 AM
25267B,N,V,03/27/2026 11:36:23 AM
25268A,N,V,03/27/2026 07:28:31 AM
25268B,N,V,03/27/2026 07:07:41 AM
25269A,N,O,03/26/2026 06:16:50 PM
25269B,N,V,03/27/2026 08:13:22 AM
2526A,N,O,03/27/2026 11:17:23 AM
25270A,N,V,03/27/2026 07:21:59 AM
25270B,N,V,03/27/2026 07:30:09 AM
25271A,N,V,03/27/2026 11:51:58 AM
25272A,N,O,03/27/2026 10:38:42 AM
25272B,N,O,03/27/2026 10:59:57 AM
25273A,N,O,03/27/2026 11:57:39 AM
25273B,N,O,03/27/2026 12:26:55 PM
25274A,N,O,03/27/2026 12:22:21 PM
25274B,N,O,03/27/2026 11:48:28 AM
25275A,N,O,03/27/2026 12:07:00 PM
25275B,N,O,03/27/2026 11:25:03 AM
25276A,N,O,03/27/2026 08:59:42 AM
25276B,N,O,03/27/2026 10:29:11 AM
25277A,N,O,01/21/2026 06:36:41 PM
25277B,N,O,02/02/2026 07:57:05 PM
25278A,N,O,03/27/2026 10:46:37 AM
25278B,N,O,03/27/2026 09:28:55 AM
25279A,N,O,03/27/2026 12:16:37 PM
25279B,N,O,03/27/2026 11:46:06 AM
2527A,N,O,03/27/2026 12:26:30 PM
2527B,N,O,03/27/2026 10:21:41 AM
25280A,N,O,03/27/2026 10:42:32 AM
25280B,N,O,03/27/2026 08:20:51 AM
25281A,N,O,03/27/2026 08:34:55 AM
25281B,N,O,03/27/2026 09:10:25 AM
25282B,N,O,03/27/2026 10:12:51 AM
25283A,N,O,03/27/2026 10:25:49 AM
25284A,N,O,03/27/2026 08:32:52 AM
25284B,N,O,03/27/2026 12:22:44 PM
25285A,N,O,03/27/2026 12:10:23 PM
25285B,N,O,03/27/2026 12:22:53 PM
25286A,N,O,03/27/2026 07:42:54 AM
25286B,N,O,03/27/2026 12:19:08 PM
25287A,N,O,03/27/2026 12:07:03 PM
25287B,N,O,03/27/2026 08:53:55 AM
25288A,N,O,03/27/2026 10:59:07 AM
25288B,N,O,03/27/2026 11:58:08 AM
25289A,N,O,03/27/2026 08:16:07 AM
25289B,N,O,03/27/2026 12:25:18 PM
2528B,N,O,03/27/2026 09:50:48 AM
25290A,N,O,03/27/2026 11:08:22 AM
25290B,N,O,03/27/2026 11:08:22 AM
25291A,N,O,03/27/2026 11:09:23 AM
25291B,N,O,03/27/2026 11:20:43 AM
25292A,N,V,03/27/2026 12:07:47 PM
25292B,N,O,03/27/2026 12:27:27 PM
25293A,N,V,03/27/2026 12:26:36 PM
25293B,N,O,03/27/2026 11:19:45 AM
25294A,N,O,03/27/2026 11:05:40 AM
25294B,N,O,03/27/2026 11:35:43 AM
25295A,N,V,03/27/2026 12:02:09 PM
25295B,N,O,03/27/2026 12:21:49 PM
25296A,N,O,03/27/2026 10:15:16 AM
25296B,N,O,03/27/2026 10:36:22 AM
25297A,N,O,03/27/2026 07:55:20 AM
25297B,N,O,03/27/2026 06:58:00 AM
25298A,N,O,03/27/2026 09:37:27 AM
25298B,N,O,03/27/2026 07:15:47 AM
25299A,N,O,09/03/2025 03:25:17 PM
2529A,N,O,03/27/2026 06:55:49 AM
2529B,N,O,03/27/2026 12:27:41 PM
252A,N,O,03/27/2026 06:57:45 AM
252B,N,O,03/27/2026 10:03:33 AM
25302B,N,O,03/27/2026 08:27:44 AM
25303A,N,O,03/27/2026 11:26:21 AM
25303B,N,O,03/27/2026 08:02:20 AM
25304A,N,O,03/27/2026 06:55:46 AM
25304B,N,O,03/27/2026 11:53:24 AM
25305A,N,O,03/27/2026 11:33:46 AM
25305B,N,O,03/27/2026 10:30:48 AM
25306A,N,O,03/27/2026 09:10:41 AM
25306B,N,O,03/27/2026 06:58:47 AM
25307A,N,O,03/27/2026 11:54:28 AM
25307B,N,O,03/27/2026 12:05:22 PM
25308A,N,O,03/27/2026 11:45:57 AM
25308B,N,V,03/27/2026 12:25:20 PM
25309A,N,O,03/27/2026 10:53:50 AM
25309B,N,O,03/27/2026 06:55:52 AM
2530A,N,O,03/27/2026 12:26:58 PM
2530B,N,O,03/27/2026 06:59:51 AM
25311A,N,O,03/27/2026 11:51:26 AM
25312A,N,O,03/27/2026 10:11:40 AM
25312B,N,O,03/27/2026 11:59:27 AM
25313B,N,O,03/27/2026 06:57:15 AM
25314A,N,O,03/27/2026 06:55:45 AM
25314B,N,O,03/27/2026 09:55:55 AM
25316A,N,O,03/27/2026 06:58:45 AM
25316B,N,O,03/27/2026 12:08:03 PM
25317B,N,O,03/27/2026 11:44:12 AM
25318A,N,O,03/27/2026 12:15:26 PM
25318B,N,O,03/27/2026 11:30:38 AM
25319B,N,O,03/27/2026 11:50:47 AM
2531A,N,V,03/27/2026 12:26:48 PM
2531B,N,V,03/27/2026 12:27:03 PM
25320A,N,O,03/27/2026 07:31:44 AM
25321A,N,O,03/27/2026 10:43:56 AM
25321B,N,O,03/27/2026 10:46:44 AM
25322A,N,O,03/27/2026 07:58:15 AM
25322B,N,O,03/27/2026 12:23:27 PM
25330A,N,O,03/27/2026 08:48:24 AM
25330B,N,O,03/27/2026 10:13:53 AM
25331A,N,O,03/27/2026 08:08:40 AM
25331B,N,V,03/27/2026 12:26:39 PM
25332A,N,O,03/27/2026 11:11:44 AM
25332B,N,O,03/27/2026 12:03:51 PM
25333A,N,O,03/27/2026 11:36:42 AM
25333B,N,O,03/27/2026 11:40:21 AM
25334A,N,O,03/27/2026 11:48:06 AM
25334B,N,O,03/27/2026 11:26:45 AM
25335A,N,O,03/27/2026 07:59:52 AM
25335B,N,O,03/27/2026 07:59:52 AM
25336B,N,O,03/27/2026 12:27:20 PM
25337A,N,O,03/27/2026 11:31:27 AM
25337B,N,O,03/27/2026 09:39:57 AM
25338A,N,O,03/27/2026 08:46:49 AM
25338B,N,V,03/27/2026 12:27:14 PM
25341A,N,O,03/27/2026 07:59:04 AM
25342A,N,O,03/27/2026 12:15:00 PM
25342B,N,O,03/27/2026 07:57:50 AM
25343A,N,O,03/27/2026 12:05:55 PM
25343B,N,O,03/27/2026 12:24:42 PM
25344B,N,O,03/27/2026 12:11:17 PM
25345A,N,O,03/27/2026 11:23:02 AM
25346A,N,O,08/09/2025 07:24:28 PM
25346B,N,O,10/23/2025 03:47:54 PM
25352A,N,O,03/27/2026 08:52:14 AM
25352B,N,O,03/27/2026 09:55:16 AM
25353A,N,O,03/27/2026 11:02:22 AM
25353B,N,V,03/27/2026 12:27:10 PM
25354A,N,O,03/27/2026 12:09:54 PM
25354B,N,O,03/27/2026 12:19:22 PM
25355A,N,O,03/27/2026 11:19:54 AM
25355B,N,O,03/27/2026 12:20:34 PM
25356A,N,O,03/27/2026 06:59:16 AM
25356B,N,O,03/27/2026 11:35:10 AM
25357A,N,O,03/27/2026 11:41:45 AM
25357B,N,O,03/27/2026 10:09:36 AM
25358B,N,O,03/27/2026 12:05:22 PM
25359A,N,O,03/27/2026 07:55:53 AM
25360A,N,O,03/27/2026 07:59:49 AM
25360B,N,O,03/27/2026 07:59:49 AM
25361A,N,O,03/27/2026 10:22:33 AM
25361B,N,O,03/27/2026 10:40:23 AM
25362A,N,O,03/27/2026 11:32:26 AM
25362B,N,O,03/27/2026 12:07:00 PM
25363A,N,O,03/27/2026 09:18:58 AM
25363B,N,O,03/27/2026 11:09:08 AM
25364A,N,O,03/27/2026 09:44:51 AM
25364B,N,O,03/27/2026 10:59:40 AM
25365A,N,O,03/27/2026 09:39:04 AM
25365B,N,O,03/27/2026 08:37:36 AM
25366A,N,O,03/27/2026 08:07:26 AM
2536A,N,O,03/27/2026 06:58:49 AM
2536B,N,O,03/27/2026 06:58:49 AM
25371A,N,O,03/27/2026 11:58:49 AM
25371B,N,O,03/27/2026 06:58:49 AM
25372A,N,O,03/27/2026 12:14:30 PM
25372B,N,O,03/27/2026 10:39:27 AM
25373A,N,O,03/27/2026 12:02:21 PM
25373B,N,O,03/27/2026 09:32:26 AM
25374A,N,O,03/27/2026 06:55:57 AM
25374B,N,O,03/27/2026 06:56:01 AM
25375A,N,O,03/27/2026 09:39:00 AM
25375B,N,O,03/27/2026 09:51:50 AM
25376A,N,V,03/27/2026 12:26:12 PM
25376B,N,O,03/27/2026 12:26:43 PM
2537A,N,O,03/27/2026 06:57:52 AM
2537B,N,O,03/27/2026 06:57:52 AM
25383A,N,O,03/27/2026 10:43:11 AM
25383B,N,O,03/27/2026 10:19:40 AM
25384B,N,O,03/27/2026 12:08:52 PM
25385A,N,O,03/27/2026 06:59:50 AM
25385B,N,O,03/27/2026 12:01:34 PM
25386A,N,O,03/27/2026 09:49:06 AM
25386B,N,O,03/27/2026 11:41:24 AM
25387A,N,O,03/27/2026 12:04:50 PM
25387B,N,O,03/27/2026 11:50:39 AM
25388A,N,O,03/27/2026 11:40:07 AM
25388B,N,O,03/27/2026 06:56:53 AM
25389A,N,O,03/27/2026 06:55:43 AM
25389B,N,O,03/27/2026 10:06:22 AM
2538A,N,O,03/27/2026 06:57:00 AM
2538B,N,O,03/27/2026 06:56:50 AM
25390A,N,O,03/27/2026 08:07:02 AM
25390B,N,O,03/27/2026 06:59:54 AM
25391B,N,O,03/27/2026 11:08:33 AM
25393A,N,O,03/27/2026 09:50:18 AM
25393B,N,O,02/15/2026 04:23:05 PM
25394A,N,O,03/27/2026 09:58:27 AM
25395A,N,O,03/27/2026 12:03:40 PM
25396A,N,O,03/27/2026 06:58:47 AM
25396B,N,O,03/27/2026 07:45:01 AM
25397B,N,V,03/27/2026 12:00:19 PM
25398A,N,O,03/27/2026 12:17:20 PM
25399A,N,O,03/27/2026 10:57:52 AM
25399B,N,O,03/27/2026 09:44:55 AM
2539A,N,V,03/27/2026 12:27:24 PM
2539B,N,O,03/27/2026 06:55:46 AM
253A,N,V,03/27/2026 12:17:18 PM
25400B,N,O,03/27/2026 11:04:25 AM
25401A,N,V,03/27/2026 12:06:22 PM
25401B,N,V,03/27/2026 12:01:40 PM
25402A,N,O,03/27/2026 08:06:11 AM
25402B,N,O,03/27/2026 10:54:06 AM
25403A,N,O,03/27/2026 11:00:08 AM
25403B,N,O,03/27/2026 11:33:00 AM
25404A,N,O,03/27/2026 12:19:31 PM
25404B,N,O,03/27/2026 08:43:29 AM
25405A,N,O,03/27/2026 07:39:40 AM
25405B,N,O,03/27/2026 11:11:49 AM
25406A,N,O,03/27/2026 09:18:47 AM
25406B,N,V,03/27/2026 12:24:53 PM
25407A,N,V,03/27/2026 11:15:22 AM
25407B,N,O,03/27/2026 12:05:08 PM
25408A,N,O,03/27/2026 09:25:29 AM
25408B,N,O,03/27/2026 11:57:54 AM
25409A,N,O,03/27/2026 11:47:51 AM
25409B,N,V,03/27/2026 11:57:33 AM
25410A,N,V,03/27/2026 12:10:13 PM
25410B,N,O,03/27/2026 11:49:06 AM
25411A,N,O,03/27/2026 12:03:42 PM
25411B,N,O,03/27/2026 10:27:34 AM
25412B,N,O,03/27/2026 12:07:19 PM
25413A,N,O,03/27/2026 11:50:30 AM
25413B,N,O,03/27/2026 11:50:16 AM
25414A,N,O,03/27/2026 11:46:26 AM
25414B,N,V,03/27/2026 12:16:33 PM
25415A,N,O,03/27/2026 09:52:16 AM
25415B,N,O,03/27/2026 12:23:57 PM
25416A,N,O,03/27/2026 10:30:47 AM
25416B,N,O,03/27/2026 12:24:30 PM
25417A,N,O,03/27/2026 11:47:08 AM
25417B,N,V,03/27/2026 07:12:58 AM
25418A,N,O,03/27/2026 09:49:55 AM
25418B,N,V,03/27/2026 10:42:21 AM
25419A,N,O,03/27/2026 08:23:24 AM
25419B,N,O,03/26/2026 07:53:03 PM
25420A,N,O,03/27/2026 12:08:21 PM
25420B,N,V,03/27/2026 12:25:19 PM
25421A,N,V,03/27/2026 11:45:09 AM
25421B,N,O,03/27/2026 11:17:00 AM
25422A,N,V,03/27/2026 12:15:34 PM
25422B,N,O,03/27/2026 10:55:42 AM
25423A,N,V,03/27/2026 12:26:40 PM
25423B,N,V,03/27/2026 10:26:26 AM
25424A,N,O,03/27/2026 12:24:46 PM
25424B,N,O,03/27/2026 12:26:05 PM
25425A,N,O,03/27/2026 11:52:40 AM
25425B,N,O,03/27/2026 11:51:13 AM
25426A,N,O,03/27/2026 11:53:40 AM
25426B,N,O,03/27/2026 10:53:56 AM
25427A,N,O,03/27/2026 12:20:24 PM
25427B,N,O,03/27/2026 12:18:37 PM
25428A,N,O,03/27/2026 11:01:57 AM
25428B,N,O,03/27/2026 11:39:03 AM
25429A,N,O,03/27/2026 11:57:59 AM
25429B,N,O,03/27/2026 12:10:51 PM
2542A,N,O,03/27/2026 11:23:07 AM
2542B,N,O,03/27/2026 11:18:58 AM
25430A,N,O,03/27/2026 09:42:22 AM
25430B,N,V,03/27/2026 10:48:33 AM
25431A,N,O,03/27/2026 11:58:51 AM
25431B,N,V,03/27/2026 12:22:18 PM
25432A,N,O,03/27/2026 12:00:19 PM
25432B,N,V,03/27/2026 10:29:51 AM
25433A,N,O,03/27/2026 12:22:01 PM
25433B,N,O,03/27/2026 12:22:01 PM
25434A,N,V,03/27/2026 12:10:11 PM
25434B,N,V,03/27/2026 12:25:07 PM
25435A,N,O,03/27/2026 08:13:53 AM
25435B,N,O,03/27/2026 08:12:43 AM
25436A,N,O,03/27/2026 12:21:25 PM
25436B,N,V,03/27/2026 11:31:06 AM
25437A,N,O,03/27/2026 11:12:29 AM
25437B,N,V,03/27/2026 11:31:20 AM
25438A,N,O,03/27/2026 10:07:55 AM
25438B,N,O,03/27/2026 12:23:36 PM
25439B,N,V,03/27/2026 12:26:08 PM
2543A,N,O,03/27/2026 11:53:52 AM
2543B,N,O,03/27/2026 11:47:12 AM
25443B,N,O,03/27/2026 12:09:26 PM
25444A,N,O,03/27/2026 12:19:38 PM
25444B,N,V,03/27/2026 12:27:26 PM
25445A,N,O,03/27/2026 12:12:32 PM
25445B,N,O,03/27/2026 11:25:26 AM
25446A,N,O,03/27/2026 11:37:04 AM
25446B,N,O,03/27/2026 12:26:25 PM
25447A,N,O,03/27/2026 11:22:06 AM
25447B,N,V,03/27/2026 11:41:40 AM
25448A,N,O,03/27/2026 11:53:26 AM
25448B,N,V,03/27/2026 12:27:36 PM
25449A,N,O,03/27/2026 12:09:11 PM
25449B,N,V,01/09/2026 02:21:37 PM
25450A,N,O,03/27/2026 11:22:59 AM
25450B,N,O,03/27/2026 12:26:44 PM
25451A,N,O,03/27/2026 11:07:29 AM
25451B,N,O,03/27/2026 12:02:52 PM
25452A,N,V,03/27/2026 12:27:18 PM
25452B,N,O,03/27/2026 11:26:40 AM
25453A,N,O,03/27/2026 12:03:08 PM
25453B,N,V,03/27/2026 10:46:29 AM
25454A,N,O,03/27/2026 11:54:46 AM
25454B,N,O,03/27/2026 12:02:23 PM
25455A,N,V,03/27/2026 10:17:24 AM
25455B,N,O,01/09/2026 02:48:28 PM
25456A,N,O,03/27/2026 11:57:33 AM
25456B,N,O,03/27/2026 12:18:05 PM
25457A,N,O,03/27/2026 10:35:43 AM
25457B,N,O,03/27/2026 10:36:07 AM
25458A,N,O,03/27/2026 09:33:55 AM
25458B,N,O,03/27/2026 10:35:10 AM
25459A,N,O,03/26/2026 12:46:13 PM
25459B,N,O,03/27/2026 09:57:17 AM
25460A,N,O,03/27/2026 10:52:00 AM
25460B,N,O,03/27/2026 11:20:44 AM
25461A,N,O,03/27/2026 06:58:47 AM
25461B,N,O,03/27/2026 11:02:26 AM
25462A,N,O,03/27/2026 11:11:54 AM
25462B,N,O,03/27/2026 11:28:52 AM
25463A,N,V,01/23/2026 01:37:30 PM
25463B,N,O,03/27/2026 12:08:54 PM
25464A,N,O,03/27/2026 11:16:47 AM
25464B,N,O,03/27/2026 10:39:15 AM
25465A,N,O,03/27/2026 09:23:53 AM
25465B,N,O,03/27/2026 10:36:20 AM
25466A,N,O,03/27/2026 06:58:52 AM
25466B,N,O,03/27/2026 10:50:53 AM
25467A,N,V,03/27/2026 12:27:42 PM
25467B,N,V,03/27/2026 12:27:42 PM
25468A,N,O,03/27/2026 10:48:55 AM
25468B,N,V,03/27/2026 12:19:59 PM
25469A,N,V,03/27/2026 10:45:29 AM
25469B,N,V,03/27/2026 10:16:40 AM
25470A,N,V,03/27/2026 11:03:03 AM
25470B,N,O,03/27/2026 11:40:07 AM
25471A,N,O,03/27/2026 12:23:09 PM
25471B,N,V,03/27/2026 12:22:51 PM
25472A,N,O,03/27/2026 11:03:16 AM
25473A,N,V,03/27/2026 12:20:39 PM
25473B,N,V,03/27/2026 12:14:08 PM
25474A,N,V,03/27/2026 12:13:23 PM
25474B,N,O,03/27/2026 06:55:56 AM
25475A,N,O,03/27/2026 11:56:07 AM
25475B,N,V,03/27/2026 12:26:09 PM
25476A,N,V,03/27/2026 11:39:46 AM
25476B,N,V,03/27/2026 12:26:55 PM
25477A,N,V,03/27/2026 11:47:36 AM
25477B,N,O,03/27/2026 12:11:14 PM
25478A,N,O,03/27/2026 08:54:00 AM
25478B,N,V,03/27/2026 11:11:53 AM
25479A,NU,V,03/16/2026 01:02:29 PM
25479B,NU,V,03/16/2026 07:58:24 AM
2547A,N,O,03/27/2026 06:57:44 AM
2547B,N,O,03/27/2026 12:05:30 PM
25480A,N,O,03/27/2026 12:22:18 PM
25480B,N,V,03/27/2026 12:15:19 PM
25481A,N,O,03/27/2026 11:51:38 AM
25481B,N,O,03/27/2026 12:25:26 PM
25482A,N,O,03/27/2026 06:57:57 AM
25482B,N,O,03/27/2026 07:13:08 AM
25483A,N,O,03/27/2026 06:56:51 AM
25483B,N,O,03/27/2026 08:47:07 AM
25484A,N,O,03/27/2026 07:55:19 AM
25484B,N,O,03/26/2026 03:59:02 PM
25485A,N,O,03/27/2026 08:07:59 AM
25485B,N,V,03/27/2026 12:03:44 PM
25486A,N,O,03/27/2026 10:04:20 AM
25486B,N,O,03/26/2026 05:33:35 PM
25487A,N,V,03/27/2026 11:55:23 AM
25487B,N,O,03/27/2026 09:17:43 AM
25488A,N,V,03/27/2026 12:22:27 PM
25488B,N,O,03/27/2026 09:14:49 AM
25489B,N,V,03/27/2026 12:22:06 PM
25490A,N,O,03/27/2026 06:59:53 AM
25491A,N,O,03/27/2026 11:00:35 AM
25491B,N,V,03/27/2026 11:52:02 AM
25492A,N,O,03/27/2026 09:18:30 AM
25492B,N,O,03/27/2026 12:02:27 PM
25493A,N,O,03/27/2026 11:49:06 AM
25493B,N,O,03/27/2026 10:58:13 AM
25494A,N,V,03/27/2026 12:23:16 PM
25494B,N,O,03/27/2026 06:55:47 AM
25495A,N,O,03/27/2026 10:07:45 AM
25495B,N,O,03/27/2026 09:12:32 AM
25496A,N,O,03/27/2026 07:49:11 AM
25496B,N,O,03/27/2026 07:52:52 AM
25497B,N,O,03/27/2026 07:46:23 AM
25499A,N,O,03/27/2026 06:56:10 AM
25499B,N,O,03/27/2026 06:56:06 AM
254A,N,O,03/27/2026 12:15:30 PM
254B,N,V,03/27/2026 12:23:05 PM
25500A,N,O,03/27/2026 06:59:55 AM
25500B,N,O,03/27/2026 06:59:47 AM
25501A,N,O,03/27/2026 11:20:52 AM
25501B,N,O,03/27/2026 11:20:52 AM
25502A,N,O,03/27/2026 06:57:58 AM
25502B,N,O,03/27/2026 10:50:29 AM
25503A,N,O,03/27/2026 12:04:13 PM
25503B,N,O,03/27/2026 10:32:09 AM
25504A,N,O,03/27/2026 11:28:19 AM
25504B,N,O,03/27/2026 06:56:00 AM
25505B,N,O,03/27/2026 06:59:54 AM
25506A,N,O,03/27/2026 11:27:41 AM
25506B,N,O,03/27/2026 06:58:54 AM
25507A,N,V,03/27/2026 12:26:49 PM
25507B,N,O,03/27/2026 06:57:47 AM
25508A,N,O,03/27/2026 11:22:03 AM
25508B,N,O,03/27/2026 09:18:19 AM
25509A,N,V,03/27/2026 12:20:59 PM
25509B,N,O,03/27/2026 09:53:42 AM
25510A,N,O,03/27/2026 10:21:06 AM
25510B,N,O,03/27/2026 09:29:45 AM
25511A,N,O,03/27/2026 11:25:15 AM
25511B,N,O,03/27/2026 11:25:22 AM
25512A,N,V,03/27/2026 12:25:23 PM
25512B,N,V,03/27/2026 12:24:02 PM
25513A,N,O,03/27/2026 06:56:45 AM
25513B,N,O,03/27/2026 10:17:15 AM
25514B,N,V,03/27/2026 10:48:45 AM
25515A,N,O,03/27/2026 10:45:09 AM
25515B,N,V,03/27/2026 11:03:23 AM
25516A,N,V,03/27/2026 11:34:31 AM
25516B,N,O,03/27/2026 12:15:40 PM
25517A,N,V,03/27/2026 11:55:34 AM
25517B,N,O,03/27/2026 08:40:56 AM
25518B,N,O,03/27/2026 06:56:48 AM
25519A,N,V,03/27/2026 10:02:06 AM
25519B,N,V,03/27/2026 10:07:49 AM
25520A,N,V,03/27/2026 10:07:36 AM
25520B,N,V,03/27/2026 11:58:56 AM
25521A,N,O,03/27/2026 10:37:43 AM
25521B,N,V,03/27/2026 11:56:22 AM
25522A,N,V,03/27/2026 09:06:11 AM
25522B,N,V,03/27/2026 10:07:11 AM
25523A,N,V,03/27/2026 12:25:27 PM
25523B,N,O,03/27/2026 06:56:51 AM
25524A,N,O,03/27/2026 08:57:18 AM
25524B,N,O,03/27/2026 12:14:22 PM
25525A,N,O,03/27/2026 08:45:31 AM
25525B,N,O,03/27/2026 06:59:46 AM
25528A,N,O,03/27/2026 11:55:52 AM
25528B,N,O,03/27/2026 08:14:45 AM
25529A,N,O,03/27/2026 11:29:42 AM
25529B,N,O,03/27/2026 11:05:33 AM
2552A,NU,O,03/27/2026 06:57:51 AM
2552B,NU,O,03/27/2026 09:59:09 AM
25530A,N,O,03/27/2026 09:57:12 AM
25530B,N,O,03/27/2026 11:38:18 AM
25531A,N,O,03/27/2026 08:09:13 AM
25531B,N,O,03/27/2026 10:54:03 AM
25532A,N,O,03/27/2026 09:57:10 AM
25532B,N,O,03/27/2026 12:06:53 PM
25533A,N,V,03/27/2026 11:15:14 AM
25533B,N,O,03/27/2026 11:38:03 AM
25534A,N,V,03/27/2026 12:16:18 PM
25534B,N,V,03/27/2026 12:08:44 PM
25535A,N,V,03/27/2026 12:24:33 PM
25535B,N,V,03/27/2026 12:02:46 PM
25536A,N,O,03/27/2026 08:29:03 AM
25536B,N,V,03/27/2026 11:09:21 AM
25537A,N,O,03/27/2026 06:57:45 AM
25537B,N,O,03/26/2026 06:07:25 PM
25538A,N,V,03/27/2026 09:49:22 AM
25538B,N,O,03/27/2026 09:07:00 AM
2553A,N,O,03/27/2026 06:56:45 AM
2553B,N,O,03/26/2026 06:56:55 AM
25540A,N,O,03/27/2026 08:26:31 AM
25540B,N,O,03/27/2026 08:50:07 AM
25541A,N,V,03/27/2026 12:24:24 PM
25541B,N,V,03/27/2026 09:23:59 AM
25542A,N,O,03/27/2026 08:56:42 AM
25543A,N,V,03/27/2026 11:15:30 AM
25543B,N,V,03/27/2026 09:16:02 AM
25544A,N,V,03/27/2026 11:33:16 AM
25544B,N,O,03/27/2026 12:16:12 PM
25545A,N,V,03/27/2026 07:06:30 AM
25545B,N,V,03/27/2026 07:06:30 AM
25546A,N,O,03/27/2026 12:27:13 PM
25546B,N,O,03/27/2026 06:58:40 AM
25547A,N,O,03/26/2026 07:58:47 PM
25547B,N,V,03/27/2026 10:45:30 AM
25548A,N,V,03/27/2026 09:29:10 AM
25549A,N,O,03/27/2026 12:20:38 PM
25549B,N,V,03/27/2026 09:32:33 AM
2554A,N,O,03/27/2026 08:17:38 AM
2554B,N,O,03/27/2026 09:04:08 AM
25550A,N,V,03/27/2026 12:15:11 PM
25550B,N,O,03/26/2026 02:27:55 PM
25551A,N,O,03/27/2026 08:45:39 AM
25551B,N,V,03/27/2026 11:18:58 AM
25552A,N,O,03/27/2026 07:44:38 AM
25552B,N,O,03/27/2026 10:20:10 AM
25553A,N,O,03/27/2026 11:42:30 AM
25553B,N,O,03/27/2026 09:50:31 AM
25554A,N,O,03/27/2026 07:23:27 AM
25555A,N,O,03/27/2026 08:42:03 AM
25555B,N,O,03/27/2026 12:18:26 PM
25556A,N,O,03/27/2026 11:43:40 AM
25556B,N,O,03/27/2026 12:06:53 PM
25557A,N,V,03/27/2026 12:25:31 PM
25557B,N,O,03/27/2026 06:57:44 AM
25558A,N,V,03/27/2026 11:37:57 AM
25558B,N,V,03/27/2026 11:28:00 AM
25559A,N,O,03/26/2026 06:55:47 AM
25559B,N,O,03/27/2026 08:35:42 AM
2555A,N,O,03/27/2026 06:59:50 AM
2555B,N,O,03/27/2026 10:56:02 AM
25560A,N,O,03/27/2026 11:16:03 AM
25560B,N,O,03/27/2026 08:58:26 AM
25561A,N,V,03/27/2026 12:27:41 PM
25561B,N,O,03/27/2026 12:11:04 PM
25562B,N,O,03/27/2026 11:32:00 AM
25563A,N,V,03/27/2026 11:16:51 AM
25563B,N,O,03/27/2026 08:21:34 AM
25564A,N,V,03/27/2026 11:27:09 AM
25564B,N,V,03/27/2026 11:28:16 AM
25565A,N,V,03/27/2026 08:39:29 AM
25565B,N,V,03/27/2026 07:13:10 AM
25566A,N,V,03/27/2026 09:34:10 AM
25566B,N,V,03/27/2026 11:31:09 AM
25567A,N,V,03/27/2026 11:39:26 AM
25567B,N,V,03/27/2026 11:08:56 AM
25568A,N,V,03/27/2026 10:59:29 AM
25568B,N,V,03/27/2026 10:58:02 AM
25569A,N,V,03/27/2026 10:50:46 AM
25569B,N,V,03/27/2026 11:45:17 AM
2556B,N,O,03/27/2026 08:35:44 AM
25570B,N,O,03/27/2026 06:59:52 AM
25571A,N,V,03/27/2026 11:16:49 AM
25571B,N,V,03/25/2026 08:41:38 AM
25572A,N,V,03/27/2026 12:11:26 PM
25572B,N,V,03/27/2026 12:12:50 PM
25573A,N,V,03/27/2026 08:07:35 AM
25573B,N,V,03/27/2026 08:07:35 AM
25574A,N,O,03/27/2026 06:55:47 AM
25574B,N,V,03/26/2026 06:06:37 PM
25575A,N,O,11/06/2025 11:02:53 AM
25575B,N,O,11/06/2025 11:03:51 AM
25576A,N,O,03/27/2026 08:17:50 AM
25576B,N,V,03/27/2026 07:05:52 AM
25577A,N,O,03/27/2026 10:57:33 AM
25577B,N,O,03/27/2026 10:54:12 AM
25578A,N,V,03/27/2026 10:53:26 AM
25578B,N,V,03/27/2026 10:54:06 AM
25579A,N,V,03/27/2026 11:23:20 AM
2557A,N,O,03/27/2026 08:33:39 AM
2557B,N,O,03/27/2026 09:06:57 AM
25580A,N,O,03/27/2026 11:41:10 AM
25580B,N,O,03/27/2026 11:53:54 AM
25581A,N,V,03/27/2026 07:34:37 AM
25581B,N,O,03/27/2026 12:26:55 PM
25582A,N,O,03/27/2026 11:44:26 AM
25582B,N,V,03/26/2026 04:26:58 PM
25583A,N,V,03/27/2026 11:14:30 AM
25583B,N,V,03/27/2026 12:12:20 PM
25584A,N,V,03/27/2026 09:06:02 AM
25584B,N,O,03/27/2026 09:03:24 AM
25585A,N,V,03/27/2026 08:28:20 AM
25585B,N,V,03/26/2026 05:37:13 PM
25586A,N,V,03/27/2026 11:28:57 AM
25586B,N,V,03/27/2026 07:24:32 AM
25587A,N,V,03/27/2026 08:02:13 AM
25587B,N,V,03/26/2026 06:07:17 PM
25588A,N,V,03/26/2026 07:28:07 PM
25588B,N,V,03/26/2026 03:46:41 PM
25589A,N,O,03/27/2026 09:42:10 AM
2558A,N,O,03/27/2026 10:30:22 AM
2558B,N,O,03/27/2026 08:24:40 AM
25590A,N,V,03/27/2026 12:27:36 PM
25590B,N,V,03/27/2026 12:23:44 PM
25591A,N,V,03/27/2026 09:36:37 AM
25591B,N,O,03/27/2026 12:27:34 PM
25592A,N,V,03/27/2026 11:51:52 AM
25592B,N,V,03/27/2026 11:32:36 AM
25593A,N,V,03/27/2026 11:28:44 AM
25593B,N,O,03/27/2026 11:20:49 AM
25594A,N,V,03/27/2026 12:26:14 PM
25595B,N,O,03/26/2026 06:52:03 PM
25596A,N,O,03/27/2026 06:58:47 AM
25596B,N,V,03/27/2026 09:43:03 AM
25597A,N,V,03/27/2026 11:02:50 AM
25597B,N,O,03/27/2026 12:27:43 PM
25598A,N,O,03/27/2026 11:02:49 AM
25598B,N,V,03/27/2026 11:09:38 AM
25599A,N,O,03/27/2026 12:27:42 PM
25599B,N,V,03/27/2026 12:27:10 PM
2559A,N,O,03/27/2026 09:07:04 AM
2559B,N,O,03/27/2026 08:10:25 AM
255A,N,O,03/27/2026 11:14:07 AM
255B,N,V,03/27/2026 11:13:20 AM
25600A,N,O,03/27/2026 12:25:53 PM
25600B,N,O,03/27/2026 09:09:21 AM
25601A,N,O,03/27/2026 12:01:30 PM
25601B,N,O,03/27/2026 06:59:00 AM
25602A,N,O,03/27/2026 12:25:54 PM
25602B,N,V,03/27/2026 09:04:41 AM
25603A,N,V,03/27/2026 07:50:34 AM
25603B,N,V,03/27/2026 07:38:03 AM
25604A,N,O,03/26/2026 06:34:49 PM
25604B,N,O,03/26/2026 06:43:45 PM
25605A,N,V,03/27/2026 07:46:10 AM
25605B,N,V,03/27/2026 11:58:52 AM
25606A,N,O,03/27/2026 11:43:38 AM
25607A,N,V,03/27/2026 12:02:15 PM
25607B,N,V,03/27/2026 10:53:40 AM
25608A,N,V,03/27/2026 08:51:32 AM
25608B,N,V,03/21/2026 01:25:42 PM
25609A,N,V,03/27/2026 07:56:44 AM
25609B,N,V,03/27/2026 07:44:08 AM
25610A,N,O,03/27/2026 09:09:08 AM
25610B,N,V,03/27/2026 09:53:59 AM
25611A,N,V,03/27/2026 12:22:22 PM
25612A,N,O,03/27/2026 09:49:56 AM
25612B,N,V,03/27/2026 12:18:06 PM
25613A,N,O,03/27/2026 07:16:33 AM
25614A,N,O,03/27/2026 12:08:14 PM
25614B,N,V,03/27/2026 09:23:39 AM
25615A,N,O,03/27/2026 12:25:34 PM
25615B,N,O,03/27/2026 10:37:51 AM
25616A,N,V,03/27/2026 12:07:35 PM
25616B,N,O,03/27/2026 12:18:04 PM
25617A,N,V,03/27/2026 12:09:41 PM
25618B,N,V,03/27/2026 12:27:33 PM
25619A,N,V,03/27/2026 11:57:48 AM
25619B,N,O,03/26/2026 04:18:28 PM
2561B,N,O,03/27/2026 11:17:54 AM
25620A,N,O,03/27/2026 06:59:46 AM
25620B,N,O,03/27/2026 11:40:22 AM
25621A,N,V,03/27/2026 11:17:15 AM
25621B,N,O,03/27/2026 09:47:20 AM
25622A,N,O,03/27/2026 09:47:32 AM
25622B,N,O,03/27/2026 06:57:46 AM
2565A,N,O,03/27/2026 09:07:17 AM
2565B,N,V,03/27/2026 12:19:27 PM
2566A,N,O,03/27/2026 12:06:58 PM
2566B,N,O,03/27/2026 12:22:06 PM
2567A,N,V,03/27/2026 12:25:22 PM
2567B,N,V,03/27/2026 12:26:40 PM
2568A,N,O,03/27/2026 08:50:09 AM
2568B,N,O,03/27/2026 12:27:33 PM
2571A,N,O,03/27/2026 08:08:40 AM
2571B,N,O,03/27/2026 12:11:45 PM
2572A,N,O,03/27/2026 09:11:22 AM
2572B,N,O,03/27/2026 11:34:03 AM
2573A,N,O,03/27/2026 07:56:54 AM
2573B,N,O,03/27/2026 11:46:25 AM
2574A,N,O,03/27/2026 11:51:19 AM
2574B,N,O,03/27/2026 11:41:13 AM
2575B,N,O,03/27/2026 11:26:19 AM
2576A,N,O,03/27/2026 12:04:52 PM
2576B,N,O,03/27/2026 07:58:46 AM
2577A,N,O,03/27/2026 12:20:00 PM
2577B,N,O,03/27/2026 12:00:45 PM
2579A,N,O,03/27/2026 12:18:24 PM
2579B,N,O,03/27/2026 10:19:40 AM
25801A,N,V,03/27/2026 12:08:52 PM
25801B,N,V,03/27/2026 11:51:21 AM
25802A,N,O,03/26/2026 03:53:35 PM
25802B,N,V,03/27/2026 07:40:43 AM
25803A,N,O,03/26/2026 04:44:30 PM
25803B,N,V,03/27/2026 10:40:55 AM
25804A,N,V,03/27/2026 12:03:14 PM
25804B,N,V,03/27/2026 11:18:58 AM
25805A,N,V,03/27/2026 12:12:33 PM
25805B,N,V,03/27/2026 11:02:55 AM
25806A,N,O,03/27/2026 12:19:56 PM
25807A,N,O,03/27/2026 08:52:26 AM
25807B,N,O,03/27/2026 09:23:17 AM
25808A,N,O,03/27/2026 09:58:03 AM
25808B,N,V,03/27/2026 12:18:10 PM
25809A,N,O,03/27/2026 08:35:23 AM
25809B,N,O,03/27/2026 12:03:10 PM
2580A,N,O,03/27/2026 07:59:44 AM
2580B,N,O,03/27/2026 12:17:02 PM
25811A,N,O,03/27/2026 12:04:42 PM
25811B,N,O,03/27/2026 12:14:49 PM
25812A,N,O,03/27/2026 08:33:32 AM
25812B,N,O,03/27/2026 08:33:16 AM
25813A,N,O,03/27/2026 11:57:35 AM
25813B,N,O,03/27/2026 11:24:33 AM
25814A,N,O,03/27/2026 10:13:33 AM
25815B,N,V,03/27/2026 11:38:18 AM
25816A,N,O,03/27/2026 11:36:54 AM
25816B,N,V,03/27/2026 12:25:06 PM
25817A,N,O,03/27/2026 12:20:57 PM
25817B,N,V,03/27/2026 11:35:34 AM
25818A,N,O,03/27/2026 12:05:03 PM
25818B,N,V,03/27/2026 11:43:36 AM
25819A,N,V,03/27/2026 12:26:08 PM
25819B,N,O,03/27/2026 10:59:10 AM
25820A,N,V,03/27/2026 12:27:24 PM
25821B,N,V,03/27/2026 12:20:26 PM
25822A,N,V,03/27/2026 09:18:54 AM
25822B,N,V,03/27/2026 12:04:09 PM
25823A,N,V,03/27/2026 11:53:47 AM
25823B,N,O,03/27/2026 11:25:21 AM
25824A,N,O,03/27/2026 12:18:31 PM
25824B,N,V,03/27/2026 12:16:11 PM
25825A,N,O,03/26/2026 05:50:16 PM
25825B,N,V,03/27/2026 08:19:20 AM
25826A,N,O,03/27/2026 10:50:50 AM
25826B,N,V,03/27/2026 08:07:04 AM
25827A,N,V,03/27/2026 11:55:02 AM
25827B,N,O,03/27/2026 12:18:29 PM
25828A,N,V,03/27/2026 11:34:55 AM
25828B,N,V,03/27/2026 07:51:29 AM
25829A,N,V,03/27/2026 11:54:29 AM
25829B,N,V,03/27/2026 07:50:22 AM
2582A,N,O,03/27/2026 06:57:53 AM
2582B,N,O,03/27/2026 09:42:57 AM
25830A,N,V,03/27/2026 07:53:32 AM
25830B,N,V,03/27/2026 11:27:02 AM
25831A,N,O,03/26/2026 05:16:51 PM
25831B,N,V,03/27/2026 07:06:38 AM
25832A,N,V,03/27/2026 07:47:53 AM
25833A,N,V,03/27/2026 09:56:44 AM
25833B,N,V,03/27/2026 08:50:13 AM
2583A,N,O,03/27/2026 10:58:53 AM
2584A,N,O,03/27/2026 06:55:48 AM
2584B,N,O,03/27/2026 06:55:48 AM
2585A,N,O,03/27/2026 06:59:48 AM
2585B,N,O,03/27/2026 06:59:52 AM
2586A,N,O,03/27/2026 06:58:48 AM
2586B,N,O,03/27/2026 06:58:44 AM
2591A,N,O,03/27/2026 06:58:50 AM
2591B,N,O,03/27/2026 10:06:12 AM
2592A,N,O,03/27/2026 07:44:28 AM
2592B,N,O,03/27/2026 09:55:24 AM
2593A,N,O,03/27/2026 09:21:25 AM
2593B,N,V,03/27/2026 10:59:14 AM
2594A,N,V,03/27/2026 12:11:43 PM
2597A,N,V,03/27/2026 12:09:54 PM
2597B,N,O,03/27/2026 12:27:20 PM
25A,NU,V,01/05/2026 08:43:45 PM
25B,NU,V,01/05/2026 11:58:04 PM
26007B,N,O,03/27/2026 07:57:47 AM
26008A,N,O,03/27/2026 07:56:56 AM
26008B,N,O,03/27/2026 07:56:44 AM
26009A,N,O,03/27/2026 07:55:46 AM
26009B,N,O,03/27/2026 07:55:46 AM
26011A,N,O,03/27/2026 07:58:53 AM
26011B,N,O,03/27/2026 07:58:53 AM
26012A,N,O,03/27/2026 11:20:53 AM
26012B,N,O,03/27/2026 11:25:19 AM
26013A,N,O,03/27/2026 10:25:12 AM
26013B,N,O,03/27/2026 12:04:48 PM
26014A,N,O,03/27/2026 11:33:21 AM
26014B,N,O,03/27/2026 11:09:21 AM
26015B,N,O,03/27/2026 07:59:52 AM
26017A,N,O,03/27/2026 10:35:48 AM
26017B,N,O,03/27/2026 09:23:55 AM
26018A,N,O,03/27/2026 09:18:27 AM
26018B,N,O,03/27/2026 11:44:16 AM
26019A,N,O,03/27/2026 11:15:12 AM
26019B,N,O,03/27/2026 10:44:31 AM
26020A,N,O,03/27/2026 06:59:58 AM
26020B,N,O,03/27/2026 07:42:55 AM
26021A,N,O,03/27/2026 06:58:54 AM
26021B,N,O,03/26/2026 06:59:08 AM
26022B,N,O,03/27/2026 06:57:47 AM
26023A,N,O,03/27/2026 11:25:17 AM
26023B,N,O,03/27/2026 11:48:25 AM
26024A,N,O,03/27/2026 06:55:47 AM
26024B,N,O,03/27/2026 11:10:43 AM
26025A,N,O,03/27/2026 09:27:56 AM
26025B,N,O,03/27/2026 11:09:59 AM
26026A,N,O,03/27/2026 11:06:08 AM
26026B,N,O,03/27/2026 11:01:52 AM
26027A,N,O,03/27/2026 11:35:53 AM
26027B,N,O,03/27/2026 10:34:11 AM
26028A,N,O,03/27/2026 12:02:26 PM
26028B,N,O,03/27/2026 11:32:19 AM
26029B,N,O,03/27/2026 11:43:04 AM
26030A,N,O,03/27/2026 11:21:03 AM
26030B,N,O,03/27/2026 10:23:32 AM
26031A,N,O,03/27/2026 11:24:28 AM
26031B,N,O,03/27/2026 11:55:56 AM
26032A,N,O,03/27/2026 08:36:31 AM
26032B,N,O,03/27/2026 12:19:23 PM
26033A,N,O,03/27/2026 09:16:39 AM
26033B,N,O,03/27/2026 11:34:22 AM
26034A,N,O,03/27/2026 11:16:05 AM
26034B,N,O,03/27/2026 06:55:51 AM
26035A,N,O,03/27/2026 10:14:16 AM
26035B,N,V,03/27/2026 11:29:38 AM
26036A,N,O,03/27/2026 11:06:03 AM
26036B,N,O,03/27/2026 11:33:54 AM
26037A,N,O,03/27/2026 08:54:51 AM
26037B,N,O,03/27/2026 12:09:34 PM
26038A,N,O,03/27/2026 08:58:53 AM
26038B,N,O,03/27/2026 12:27:42 PM
26039A,N,O,03/27/2026 06:55:49 AM
26039B,N,O,03/27/2026 11:01:22 AM
2603A,N,O,01/12/2026 01:25:59 PM
26040A,N,O,03/27/2026 06:59:58 AM
26040B,N,O,03/27/2026 11:03:28 AM
26041A,N,O,03/27/2026 12:16:07 PM
26041B,N,O,03/27/2026 06:58:46 AM
26042A,N,O,03/27/2026 11:58:58 AM
26042B,N,O,03/27/2026 10:11:52 AM
26043A,N,O,03/27/2026 07:09:22 AM
26044A,N,O,03/27/2026 11:17:29 AM
26044B,N,O,03/27/2026 07:27:35 AM
26045A,N,O,03/27/2026 12:15:24 PM
26045B,N,O,03/27/2026 12:06:21 PM
26046A,N,O,03/27/2026 12:04:25 PM
26046B,N,O,03/27/2026 12:00:23 PM
26049A,N,O,03/26/2026 12:33:33 PM
26049B,N,O,03/27/2026 06:55:50 AM
2604A,N,O,03/26/2026 09:30:41 PM
2604B,N,V,03/27/2026 10:21:28 AM
26050B,N,O,03/27/2026 11:40:31 AM
26051A,N,O,03/27/2026 09:49:27 AM
26051B,N,O,03/27/2026 07:58:50 AM
26052A,N,O,03/27/2026 06:57:51 AM
26052B,N,O,03/27/2026 11:46:36 AM
26053A,N,O,03/26/2026 06:56:43 AM
26053B,N,O,03/27/2026 06:56:44 AM
26054A,N,O,03/27/2026 06:55:45 AM
26054B,N,O,03/27/2026 12:25:16 PM
26055A,N,O,03/27/2026 09:09:16 AM
26055B,N,O,03/27/2026 10:59:40 AM
26056A,N,O,03/27/2026 06:58:48 AM
26056B,N,O,03/27/2026 12:25:38 PM
26057A,N,O,03/27/2026 09:49:27 AM
26057B,N,O,03/27/2026 11:48:37 AM
26059A,NU,O,03/26/2026 07:30:09 PM
26059B,NU,O,03/26/2026 05:43:38 PM
26060A,N,O,03/27/2026 10:30:27 AM
26060B,N,O,03/27/2026 08:41:40 AM
26061A,N,O,03/27/2026 11:21:11 AM
26061B,N,O,03/27/2026 11:21:25 AM
26062A,N,O,03/27/2026 12:04:39 PM
26062B,N,O,03/27/2026 12:15:34 PM
26063A,N,V,03/27/2026 10:47:52 AM
26063B,N,O,03/27/2026 11:38:34 AM
26064B,N,O,03/27/2026 11:36:24 AM
26065A,N,V,03/27/2026 10:18:29 AM
26065B,N,O,03/27/2026 12:05:03 PM
26066A,N,O,03/27/2026 12:12:07 PM
26066B,N,O,03/27/2026 10:40:08 AM
26067A,N,O,03/27/2026 12:14:03 PM
26067B,N,O,03/27/2026 11:56:43 AM
26068A,N,V,03/27/2026 12:27:12 PM
26068B,N,O,03/27/2026 12:16:34 PM
26069A,N,O,03/27/2026 11:44:45 AM
26069B,N,O,03/27/2026 12:24:56 PM
26070A,N,O,03/27/2026 11:58:17 AM
26072A,N,O,03/27/2026 08:35:52 AM
26073A,N,O,03/27/2026 11:31:45 AM
26073B,N,O,03/27/2026 08:50:34 AM
26074A,N,O,03/27/2026 12:11:39 PM
26074B,N,O,03/27/2026 12:24:47 PM
26075A,N,O,03/27/2026 12:27:03 PM
26075B,N,O,03/27/2026 11:49:08 AM
26076A,N,O,03/27/2026 12:11:07 PM
26076B,N,O,03/27/2026 12:12:30 PM
26077A,N,O,03/27/2026 12:13:22 PM
26077B,N,O,03/27/2026 07:57:44 AM
26078A,N,O,03/27/2026 12:16:16 PM
26078B,N,O,03/27/2026 12:16:07 PM
26079A,N,O,03/27/2026 11:25:41 AM
26079B,N,O,03/27/2026 12:10:43 PM
26080A,N,O,03/27/2026 10:53:04 AM
26080B,N,O,03/27/2026 12:09:12 PM
26081A,N,O,03/27/2026 09:53:49 AM
26081B,N,O,03/27/2026 11:37:45 AM
26086A,N,O,03/26/2026 03:39:18 PM
26086B,N,O,03/27/2026 12:03:46 PM
26087A,N,O,03/27/2026 08:07:13 AM
26087B,N,O,03/27/2026 12:11:58 PM
26089B,N,V,03/25/2026 07:37:19 AM
26090A,N,O,03/27/2026 11:28:14 AM
26090B,N,O,03/27/2026 11:18:13 AM
26091A,N,V,03/27/2026 12:25:47 PM
26091B,N,O,03/27/2026 10:22:28 AM
26092A,N,O,03/27/2026 11:37:11 AM
26092B,N,O,03/27/2026 12:21:37 PM
26093A,N,O,03/27/2026 12:03:38 PM
26093B,N,O,03/27/2026 12:19:34 PM
26094A,N,O,03/27/2026 08:56:13 AM
26094B,N,O,03/27/2026 12:02:16 PM
26095A,N,O,03/27/2026 06:59:51 AM
26095B,N,O,03/27/2026 12:17:33 PM
26096A,N,O,03/27/2026 06:58:43 AM
26096B,N,O,03/27/2026 12:05:13 PM
26097A,N,O,03/27/2026 11:51:46 AM
26097B,N,O,03/27/2026 09:40:14 AM
26098A,N,O,03/27/2026 12:16:35 PM
26098B,N,O,03/27/2026 11:19:40 AM
26099B,N,O,03/27/2026 11:39:06 AM
2609A,N,O,03/27/2026 06:55:48 AM
2609B,N,O,03/27/2026 06:55:57 AM
26103A,N,O,03/27/2026 12:19:27 PM
26103B,N,O,03/27/2026 09:36:34 AM
26104A,N,O,03/27/2026 10:47:27 AM
26104B,N,O,03/27/2026 11:20:10 AM
26105A,N,O,03/27/2026 09:57:18 AM
26105B,N,O,03/27/2026 12:10:10 PM
26106A,N,O,03/27/2026 06:58:57 AM
26106B,N,O,03/27/2026 12:14:25 PM
26107A,N,O,03/27/2026 12:00:12 PM
26107B,N,O,03/27/2026 12:14:36 PM
26108A,N,O,03/27/2026 12:07:29 PM
26108B,N,O,03/27/2026 10:23:11 AM
26109A,N,O,03/27/2026 11:37:45 AM
26109B,N,O,03/27/2026 12:25:34 PM
26110A,N,O,03/27/2026 06:59:50 AM
26110B,N,O,03/27/2026 11:48:39 AM
26111A,N,O,03/27/2026 12:07:29 PM
26111B,N,O,03/27/2026 11:51:22 AM
26112A,N,O,03/27/2026 12:16:20 PM
26112B,N,O,03/27/2026 08:00:45 AM
26113A,N,O,03/27/2026 07:56:46 AM
26113B,N,O,03/27/2026 11:41:14 AM
26114A,N,O,03/27/2026 07:55:46 AM
26114B,N,O,03/27/2026 11:04:43 AM
26115A,N,O,03/27/2026 12:00:03 PM
26115B,N,O,03/27/2026 12:19:06 PM
26116A,N,O,03/27/2026 12:00:31 PM
26116B,N,O,03/27/2026 12:21:33 PM
26117A,N,O,03/27/2026 12:15:48 PM
26117B,N,O,03/27/2026 12:15:45 PM
26118A,N,O,03/27/2026 12:10:44 PM
26118B,N,O,03/27/2026 12:17:43 PM
26119A,N,O,03/27/2026 11:37:10 AM
26119B,N,O,03/27/2026 11:16:54 AM
2611A,N,O,03/27/2026 11:23:52 AM
2611B,N,O,03/27/2026 07:40:53 AM
26120A,N,O,03/27/2026 12:17:05 PM
26120B,N,O,03/27/2026 11:59:49 AM
26121A,N,O,03/27/2026 11:58:20 AM
26121B,N,O,03/27/2026 11:52:03 AM
26122A,N,O,03/27/2026 11:31:54 AM
26123A,N,O,03/27/2026 11:56:18 AM
26123B,N,O,03/27/2026 07:29:33 AM
26124A,N,O,03/27/2026 06:55:59 AM
26124B,N,O,03/27/2026 11:14:58 AM
26125A,N,O,03/27/2026 08:37:17 AM
26125B,N,O,03/27/2026 06:59:49 AM
26126A,N,O,03/27/2026 07:41:11 AM
26126B,N,O,03/27/2026 12:25:53 PM
26127B,N,O,03/27/2026 12:25:35 PM
26128A,N,O,03/27/2026 06:56:46 AM
26128B,N,O,03/27/2026 11:04:27 AM
26129A,N,O,03/27/2026 12:16:30 PM
26129B,N,O,03/27/2026 11:24:42 AM
2612A,N,O,03/27/2026 11:45:18 AM
2612B,N,V,03/27/2026 12:27:09 PM
26130A,N,O,03/27/2026 12:08:29 PM
26130B,N,O,03/27/2026 11:10:22 AM
26131A,N,O,03/27/2026 11:23:47 AM
26131B,N,O,03/27/2026 08:19:57 AM
26132A,N,O,03/27/2026 06:57:48 AM
26132B,N,O,03/27/2026 11:22:02 AM
26133A,N,O,03/27/2026 12:03:42 PM
26133B,N,O,03/27/2026 07:56:59 AM
26134A,N,O,03/27/2026 11:10:17 AM
26134B,N,O,03/27/2026 11:11:15 AM
26135A,N,O,03/27/2026 10:45:24 AM
26135B,N,O,03/27/2026 12:03:48 PM
26136A,N,O,03/27/2026 10:32:54 AM
26136B,N,O,03/27/2026 12:16:05 PM
26137A,N,V,03/27/2026 08:20:02 AM
26137B,N,O,03/27/2026 06:57:55 AM
26138A,N,O,03/27/2026 06:56:43 AM
26138B,N,O,03/27/2026 10:16:30 AM
26139A,N,O,03/27/2026 12:08:38 PM
26139B,N,O,03/26/2026 03:47:13 PM
2613A,N,O,03/27/2026 11:51:00 AM
2613B,N,O,03/27/2026 11:08:16 AM
26140A,N,O,03/27/2026 11:53:17 AM
26140B,N,O,03/27/2026 11:57:45 AM
26141B,N,O,03/27/2026 06:58:47 AM
26142A,N,O,03/27/2026 09:45:21 AM
26142B,N,O,03/27/2026 11:59:57 AM
26143A,N,O,03/27/2026 11:22:49 AM
26143B,N,O,03/27/2026 08:10:49 AM
26144A,N,O,03/27/2026 10:34:24 AM
26144B,N,O,03/26/2026 02:09:50 PM
26145A,N,O,03/27/2026 07:53:04 AM
26145B,N,O,03/27/2026 11:58:38 AM
26146A,N,O,03/27/2026 11:48:52 AM
26146B,N,O,03/27/2026 06:58:51 AM
26147A,N,O,03/27/2026 11:40:47 AM
26147B,N,O,03/27/2026 12:08:21 PM
26148A,N,O,03/27/2026 10:58:47 AM
26148B,N,O,03/27/2026 12:03:11 PM
26149A,N,O,03/27/2026 10:39:56 AM
2614A,N,O,03/27/2026 10:21:16 AM
2614B,N,O,03/27/2026 06:55:45 AM
26151A,N,O,03/27/2026 08:11:25 AM
26151B,N,O,03/27/2026 09:57:19 AM
26152A,N,O,03/27/2026 12:26:19 PM
26152B,N,O,03/27/2026 06:57:51 AM
26153A,N,O,03/27/2026 06:56:52 AM
26153B,N,O,03/27/2026 09:24:48 AM
26154A,N,O,03/27/2026 06:56:26 AM
26154B,N,O,03/27/2026 10:43:51 AM
26155A,N,O,03/27/2026 10:18:17 AM
26155B,N,O,03/27/2026 10:30:48 AM
26156A,N,O,03/27/2026 11:24:16 AM
26156B,N,O,03/27/2026 08:03:46 AM
26157A,N,O,03/27/2026 06:57:47 AM
26157B,N,O,03/26/2026 06:57:43 AM
26158A,N,O,03/27/2026 06:56:48 AM
26158B,N,O,03/27/2026 06:56:52 AM
26159B,N,O,03/27/2026 08:26:20 AM
2615A,N,O,03/27/2026 10:24:35 AM
2615B,N,O,03/27/2026 06:59:46 AM
26160A,N,O,03/27/2026 10:00:44 AM
26162A,N,O,03/27/2026 11:50:14 AM
26162B,N,O,03/27/2026 07:59:06 AM
26164A,N,O,03/27/2026 06:55:52 AM
26164B,N,O,03/27/2026 12:01:51 PM
26165A,N,O,03/27/2026 07:41:24 AM
26166A,N,O,03/27/2026 06:58:52 AM
26166B,N,O,03/27/2026 06:58:52 AM
26167A,N,O,03/27/2026 06:57:54 AM
26167B,N,O,03/27/2026 06:57:54 AM
26168B,N,O,03/27/2026 06:56:49 AM
26169A,N,O,03/27/2026 06:55:48 AM
2616A,N,O,03/27/2026 08:27:58 AM
2616B,N,O,03/27/2026 06:58:45 AM
26173A,N,O,03/27/2026 11:52:22 AM
26174B,N,O,03/27/2026 12:11:40 PM
26175A,N,O,01/26/2026 01:29:35 PM
26176A,N,O,03/27/2026 12:00:56 PM
26176B,N,O,03/27/2026 10:56:46 AM
26177A,N,O,03/27/2026 06:58:02 AM
26177B,N,V,03/27/2026 12:17:33 PM
26178A,N,V,03/27/2026 12:26:57 PM
26178B,N,O,03/27/2026 12:18:46 PM
26179A,N,O,03/27/2026 12:27:39 PM
26179B,N,V,03/27/2026 11:35:40 AM
26180A,N,O,03/27/2026 06:59:51 AM
26180B,N,O,03/26/2026 08:19:39 AM
26181A,N,O,03/27/2026 06:58:44 AM
26181B,N,O,03/27/2026 06:58:44 AM
26182A,N,O,03/27/2026 07:57:50 AM
26182B,N,O,03/27/2026 07:57:50 AM
26188A,N,O,03/27/2026 08:22:22 AM
26188B,N,V,03/27/2026 12:19:42 PM
26189A,N,O,03/27/2026 07:47:55 AM
26189B,N,O,03/27/2026 12:15:57 PM
2618A,N,O,03/27/2026 10:01:21 AM
2618B,N,O,03/27/2026 12:20:46 PM
26190A,N,O,03/27/2026 08:54:18 AM
26190B,N,O,03/27/2026 11:47:08 AM
26191A,N,O,03/27/2026 11:55:28 AM
26192A,N,V,03/27/2026 08:07:59 AM
26192B,N,O,03/27/2026 11:51:29 AM
26193A,N,O,03/27/2026 10:57:54 AM
26193B,N,O,03/27/2026 08:43:38 AM
26194A,N,V,03/27/2026 12:15:02 PM
26194B,N,V,03/27/2026 12:25:52 PM
26196A,N,O,03/27/2026 09:18:57 AM
26196B,N,O,03/27/2026 12:22:31 PM
26197A,N,O,03/27/2026 12:13:23 PM
26197B,N,V,03/27/2026 12:26:52 PM
26198A,N,V,03/27/2026 12:18:57 PM
26198B,N,O,03/27/2026 12:27:37 PM
26199A,N,O,03/27/2026 12:17:30 PM
26199B,N,O,03/27/2026 06:55:47 AM
2619A,N,O,03/27/2026 10:59:56 AM
2619B,N,O,03/27/2026 12:20:07 PM
26200B,N,O,03/27/2026 06:59:51 AM
26201A,N,O,03/27/2026 10:27:54 AM
26201B,N,O,03/27/2026 11:50:07 AM
26202A,N,O,03/27/2026 12:05:57 PM
26202B,N,O,03/27/2026 11:04:27 AM
26203A,N,V,03/27/2026 12:27:39 PM
26203B,N,V,03/27/2026 12:27:10 PM
26204A,N,O,03/26/2026 06:36:59 PM
26204B,N,O,03/27/2026 06:55:42 AM
26205A,N,V,03/27/2026 12:22:34 PM
26205B,N,O,03/27/2026 07:02:18 AM
26206A,N,O,03/27/2026 06:58:55 AM
26207A,N,O,03/27/2026 07:30:14 AM
26208A,N,O,03/27/2026 07:36:33 AM
26208B,N,O,03/27/2026 08:03:20 AM
26209A,N,O,01/31/2026 06:55:38 PM
26209B,N,O,11/14/2025 09:18:20 AM
2620A,N,O,03/27/2026 09:39:29 AM
2620B,N,O,03/27/2026 06:59:54 AM
26210A,N,O,03/27/2026 10:37:18 AM
26210B,N,O,03/27/2026 09:56:03 AM
26211A,N,O,03/27/2026 10:38:12 AM
26211B,N,O,03/27/2026 11:20:35 AM
26212A,N,O,03/27/2026 11:32:35 AM
26212B,N,O,03/27/2026 11:10:53 AM
26213A,N,O,03/27/2026 09:07:28 AM
26213B,N,O,03/27/2026 11:32:18 AM
26214A,N,O,03/27/2026 11:03:15 AM
26214B,N,O,01/31/2026 05:17:43 PM
26215A,N,O,03/27/2026 11:42:40 AM
26215B,N,O,03/27/2026 11:40:22 AM
26216A,N,O,03/27/2026 12:00:41 PM
26216B,N,O,03/27/2026 11:34:53 AM
26217A,N,O,03/27/2026 11:44:36 AM
26217B,N,O,03/27/2026 11:32:40 AM
26218B,N,O,03/27/2026 06:56:41 AM
26219B,N,O,03/27/2026 06:56:10 AM
2621A,N,O,03/26/2026 10:28:33 PM
2621B,N,O,03/27/2026 10:10:56 AM
26220A,N,O,03/27/2026 11:55:24 AM
26220B,N,O,03/27/2026 10:54:34 AM
26221A,N,O,03/27/2026 11:42:26 AM
26221B,N,O,03/27/2026 11:31:11 AM
26222A,N,O,03/27/2026 10:53:37 AM
26222B,N,O,03/27/2026 12:01:50 PM
26223A,N,O,03/27/2026 12:01:38 PM
26225A,N,O,03/27/2026 11:37:58 AM
26225B,N,O,03/27/2026 11:49:16 AM
26226A,N,O,03/27/2026 12:13:06 PM
26226B,N,O,03/27/2026 12:11:44 PM
26227A,N,O,03/27/2026 11:38:55 AM
26227B,N,O,03/27/2026 08:34:09 AM
26228A,N,O,03/27/2026 10:42:09 AM
26228B,N,O,03/27/2026 12:13:07 PM
26229A,N,O,03/27/2026 10:08:33 AM
26229B,N,O,03/27/2026 11:51:06 AM
2622A,N,O,03/27/2026 12:04:05 PM
2622B,N,O,03/27/2026 06:57:45 AM
26230B,N,O,03/27/2026 09:40:05 AM
26231B,N,O,03/27/2026 06:58:49 AM
26232A,N,O,03/27/2026 06:57:45 AM
26232B,N,O,03/27/2026 10:11:12 AM
26233A,N,O,03/27/2026 10:04:45 AM
26233B,N,O,03/27/2026 12:01:39 PM
26234A,N,O,03/27/2026 10:03:30 AM
26234B,N,O,03/27/2026 08:07:49 AM
26235A,N,O,03/27/2026 07:59:56 AM
26235B,N,O,03/27/2026 12:26:30 PM
26236A,N,O,03/27/2026 10:26:55 AM
26236B,N,O,03/27/2026 08:47:02 AM
26237A,N,O,03/27/2026 12:17:27 PM
26237B,N,O,03/27/2026 06:57:48 AM
26238A,N,O,03/27/2026 12:26:57 PM
26238B,N,O,03/27/2026 10:49:27 AM
26239A,N,O,03/27/2026 12:19:06 PM
26239B,N,O,03/27/2026 10:47:23 AM
2623A,N,O,03/27/2026 12:14:03 PM
2623B,N,O,03/27/2026 11:33:34 AM
26240A,N,O,03/27/2026 12:03:00 PM
26240B,N,O,03/27/2026 12:05:57 PM
26241A,N,O,03/27/2026 10:01:09 AM
26241B,N,O,03/27/2026 11:10:02 AM
26245A,N,V,03/27/2026 12:27:06 PM
26246A,N,O,03/27/2026 12:05:59 PM
26248A,N,O,03/27/2026 08:00:13 AM
26248B,N,O,03/27/2026 12:24:51 PM
26249A,N,O,03/27/2026 07:55:51 AM
26249B,N,O,03/27/2026 10:31:43 AM
2624A,N,O,03/27/2026 12:06:07 PM
2624B,N,O,03/27/2026 11:38:03 AM
26251A,N,O,03/27/2026 09:07:20 AM
26251B,N,V,03/27/2026 12:27:16 PM
26252A,N,O,03/27/2026 10:19:13 AM
26252B,N,O,03/27/2026 08:49:08 AM
26253A,N,O,03/27/2026 09:41:47 AM
26253B,N,O,03/27/2026 08:02:45 AM
26254A,N,O,03/27/2026 11:43:37 AM
26254B,N,O,03/27/2026 09:44:11 AM
26255A,N,O,03/27/2026 11:14:10 AM
26255B,N,O,03/27/2026 10:47:09 AM
26256A,N,O,03/27/2026 08:15:56 AM
26256B,N,O,03/27/2026 06:58:58 AM
26257A,N,O,03/27/2026 09:25:03 AM
26257B,N,O,03/27/2026 11:05:26 AM
26258A,N,O,03/27/2026 12:13:12 PM
26258B,N,O,03/27/2026 12:25:29 PM
26259A,N,O,03/27/2026 10:13:12 AM
26259B,N,O,03/27/2026 11:23:06 AM
2625A,N,O,03/27/2026 06:59:45 AM
2625B,N,O,03/27/2026 11:19:15 AM
26260A,N,O,03/27/2026 09:51:27 AM
26260B,N,O,03/27/2026 10:02:45 AM
26261A,N,O,03/27/2026 11:19:30 AM
26261B,N,V,03/27/2026 12:27:44 PM
26262A,N,O,03/27/2026 12:12:02 PM
26262B,N,O,03/27/2026 09:26:41 AM
26263A,N,O,03/27/2026 10:15:19 AM
26263B,N,O,03/27/2026 12:18:54 PM
26264A,N,O,03/27/2026 09:56:46 AM
26264B,N,O,03/27/2026 06:55:50 AM
26265A,N,O,03/27/2026 12:05:34 PM
26265B,N,O,03/27/2026 11:55:17 AM
26266A,N,O,03/27/2026 11:55:58 AM
26266B,N,O,03/27/2026 12:20:07 PM
26268A,N,V,03/27/2026 12:07:40 PM
26268B,N,O,03/27/2026 11:12:56 AM
26269A,N,O,03/27/2026 10:12:44 AM
26269B,N,O,03/27/2026 10:10:45 AM
2626A,N,O,03/27/2026 12:22:44 PM
2626B,N,O,03/27/2026 11:44:11 AM
26270A,N,O,03/27/2026 11:34:07 AM
26270B,N,O,03/27/2026 12:24:08 PM
26271A,N,O,03/27/2026 10:45:50 AM
26271B,N,O,03/27/2026 09:31:19 AM
26272A,N,V,03/27/2026 12:26:17 PM
26272B,N,O,03/27/2026 08:36:38 AM
26273A,N,O,03/27/2026 08:27:31 AM
26273B,N,O,03/27/2026 06:56:50 AM
26274A,N,V,03/27/2026 11:38:46 AM
26274B,N,O,03/27/2026 11:51:35 AM
26275A,N,O,03/27/2026 12:25:08 PM
26275B,N,V,03/27/2026 12:19:54 PM
26276A,N,O,03/27/2026 11:47:06 AM
26276B,N,O,03/27/2026 08:04:20 AM
26277A,N,O,03/27/2026 09:54:03 AM
26277B,N,O,03/27/2026 11:36:28 AM
26278A,N,O,03/27/2026 11:36:25 AM
26278B,N,O,03/27/2026 12:03:58 PM
26279A,N,O,03/27/2026 10:46:20 AM
26279B,N,O,03/27/2026 11:05:54 AM
2627A,N,V,03/27/2026 12:21:44 PM
2627B,N,O,03/27/2026 06:57:49 AM
26280A,N,O,03/27/2026 09:41:13 AM
26280B,N,O,03/27/2026 09:32:18 AM
26281A,N,O,03/27/2026 11:38:41 AM
26282A,N,O,03/27/2026 11:04:38 AM
26282B,N,O,03/27/2026 09:53:17 AM
26283A,N,O,03/27/2026 11:22:26 AM
26283B,N,O,03/27/2026 06:57:09 AM
26284A,N,O,03/27/2026 10:49:43 AM
26284B,N,O,03/26/2026 07:41:00 PM
26287A,N,O,03/27/2026 07:00:50 AM
26287B,N,O,03/27/2026 11:52:17 AM
26288A,N,V,03/27/2026 12:24:46 PM
26288B,N,O,03/27/2026 11:47:04 AM
26289A,N,V,03/27/2026 12:25:00 PM
26289B,N,V,03/27/2026 12:18:41 PM
26290A,N,V,03/27/2026 12:14:49 PM
26290B,N,V,03/27/2026 12:11:47 PM
26291A,N,V,03/27/2026 12:01:17 PM
26291B,N,V,03/27/2026 12:26:16 PM
26292A,N,O,03/27/2026 10:49:34 AM
26292B,N,O,03/27/2026 11:12:35 AM
26293A,N,O,03/27/2026 10:55:08 AM
26293B,N,O,03/27/2026 09:56:20 AM
26294B,N,O,03/27/2026 10:39:26 AM
26295A,N,O,03/27/2026 07:00:12 AM
26296A,N,V,03/27/2026 12:18:54 PM
26301B,N,O,03/27/2026 12:09:45 PM
26302A,N,O,03/27/2026 12:01:56 PM
26302B,N,O,03/27/2026 08:43:05 AM
26303B,N,O,03/27/2026 12:11:04 PM
26304A,N,O,03/27/2026 08:23:47 AM
26304B,N,O,03/27/2026 08:32:05 AM
26305A,N,O,03/27/2026 08:24:44 AM
26306A,N,V,03/27/2026 09:50:30 AM
26306B,N,V,03/27/2026 10:29:48 AM
26307A,N,V,03/27/2026 09:38:41 AM
26307B,N,V,03/27/2026 08:07:48 AM
26308A,N,V,03/27/2026 11:49:33 AM
26308B,N,V,03/27/2026 07:42:52 AM
26309A,N,V,03/27/2026 11:50:52 AM
26309B,N,V,03/27/2026 12:08:34 PM
2630B,N,O,03/27/2026 10:48:22 AM
26310A,N,V,03/27/2026 08:28:20 AM
26310B,N,O,03/27/2026 12:21:30 PM
26311A,N,V,03/27/2026 07:02:33 AM
26312A,N,V,03/27/2026 12:26:28 PM
26312B,N,O,03/27/2026 09:24:27 AM
26313A,N,O,03/27/2026 11:18:03 AM
26313B,N,O,03/27/2026 06:56:54 AM
26314A,N,V,03/27/2026 11:15:20 AM
26314B,N,O,03/27/2026 10:13:40 AM
26315A,N,V,03/27/2026 11:12:58 AM
26315B,N,O,03/27/2026 06:59:50 AM
26316A,N,V,03/27/2026 09:47:30 AM
26316B,N,V,03/27/2026 08:00:48 AM
26317A,N,V,03/27/2026 07:28:57 AM
26317B,N,V,03/27/2026 12:01:10 PM
26318A,N,V,03/27/2026 08:54:02 AM
26318B,N,V,03/27/2026 08:49:24 AM
26319A,N,O,03/27/2026 08:38:28 AM
26319B,N,V,03/27/2026 09:36:38 AM
2631A,N,O,03/27/2026 11:40:43 AM
2631B,N,O,03/27/2026 12:06:02 PM
26320A,N,V,03/27/2026 11:31:42 AM
26320B,N,V,03/27/2026 11:54:46 AM
26321A,N,O,03/27/2026 10:48:43 AM
26321B,N,V,03/27/2026 11:57:10 AM
26322A,N,O,03/27/2026 08:56:02 AM
26322B,N,O,03/27/2026 09:17:09 AM
26323A,N,V,03/27/2026 11:32:00 AM
26323B,N,V,03/27/2026 12:13:42 PM
26324A,N,O,03/27/2026 11:28:13 AM
26325A,N,V,03/27/2026 12:05:20 PM
26325B,N,O,03/27/2026 08:51:22 AM
26327B,N,O,03/27/2026 09:38:22 AM
26328B,N,O,03/27/2026 06:56:53 AM
26329A,N,O,03/27/2026 11:17:00 AM
26329B,N,O,03/27/2026 06:55:52 AM
2632A,N,O,03/27/2026 08:37:41 AM
2632B,N,O,03/27/2026 12:14:20 PM
26330A,N,O,03/27/2026 12:26:12 PM
26330B,N,O,03/27/2026 06:59:43 AM
26331A,N,O,03/27/2026 09:48:03 AM
26331B,N,O,03/27/2026 07:29:02 AM
26332A,N,V,03/27/2026 07:14:59 AM
26332B,N,V,03/27/2026 07:50:54 AM
26333A,N,V,03/27/2026 07:06:04 AM
26333B,N,V,03/27/2026 10:59:00 AM
26334B,N,O,03/27/2026 08:54:46 AM
26335A,N,V,03/27/2026 07:47:24 AM
26335B,N,O,03/27/2026 12:24:18 PM
26336A,N,V,03/27/2026 07:30:27 AM
26336B,N,V,03/26/2026 07:41:48 AM
26337A,N,V,03/27/2026 09:18:14 AM
26337B,N,V,03/27/2026 10:15:26 AM
26338A,N,V,03/27/2026 06:58:22 AM
26338B,N,V,03/27/2026 11:53:51 AM
26339A,N,V,03/27/2026 11:27:39 AM
26339B,N,O,03/27/2026 12:22:38 PM
2633A,N,O,03/27/2026 09:58:10 AM
2633B,N,O,03/27/2026 09:44:06 AM
26340A,N,O,03/27/2026 08:48:48 AM
26340B,N,O,03/27/2026 11:47:58 AM
26341A,N,O,03/27/2026 12:19:20 PM
26341B,N,V,03/27/2026 12:05:12 PM
26342A,N,O,03/27/2026 09:49:48 AM
26342B,N,V,03/27/2026 11:57:24 AM
26343A,N,O,03/27/2026 08:41:39 AM
26343B,N,O,03/27/2026 06:56:51 AM
26344A,N,O,03/27/2026 08:21:30 AM
26344B,N,O,03/27/2026 06:55:47 AM
26345A,N,O,03/27/2026 06:59:51 AM
26345B,N,O,03/27/2026 08:21:57 AM
26346A,N,V,03/27/2026 11:42:49 AM
26346B,N,O,03/27/2026 06:58:46 AM
26347A,N,O,03/27/2026 11:49:55 AM
26347B,N,O,03/27/2026 06:57:54 AM
26348A,N,O,03/27/2026 06:56:51 AM
26348B,N,O,03/27/2026 06:57:01 AM
26349A,N,O,03/27/2026 06:55:47 AM
26349B,N,O,03/27/2026 06:55:55 AM
2634A,N,O,03/27/2026 11:52:26 AM
2634B,N,O,03/27/2026 11:24:05 AM
26350A,N,O,03/27/2026 06:59:52 AM
26350B,N,O,03/27/2026 06:59:59 AM
26351A,N,V,03/27/2026 10:13:44 AM
26351B,N,O,03/27/2026 07:14:57 AM
26352A,N,V,03/26/2026 07:59:25 PM
26352B,N,V,03/27/2026 09:39:09 AM
26353A,N,V,03/27/2026 09:36:11 AM
26353B,N,V,03/26/2026 11:40:14 AM
26356B,N,O,03/27/2026 12:16:18 PM
26357A,N,O,03/27/2026 10:30:00 AM
26357B,N,O,03/27/2026 10:23:03 AM
26358A,N,O,03/27/2026 12:01:06 PM
26358B,N,O,03/27/2026 07:02:27 AM
26359A,N,O,03/27/2026 12:27:41 PM
26359B,N,V,03/27/2026 11:50:47 AM
2635A,N,O,03/27/2026 12:12:29 PM
2635B,N,O,03/27/2026 09:14:49 AM
26360A,N,O,03/27/2026 06:59:57 AM
26360B,N,O,03/27/2026 07:00:04 AM
26361A,N,O,03/27/2026 06:58:56 AM
26361B,N,O,03/27/2026 06:59:08 AM
26362A,N,O,03/27/2026 06:57:51 AM
26362B,N,O,03/27/2026 06:57:51 AM
26363A,N,O,03/27/2026 06:56:46 AM
26363B,N,O,03/27/2026 06:56:59 AM
26364A,N,O,03/27/2026 06:55:50 AM
26364B,N,O,03/27/2026 06:55:50 AM
26365A,N,O,03/27/2026 12:27:33 PM
26365B,N,V,03/27/2026 11:33:06 AM
26366A,N,V,03/27/2026 11:33:28 AM
26366B,N,O,03/27/2026 12:26:44 PM
26367A,N,O,03/27/2026 10:15:56 AM
26367B,N,O,03/27/2026 06:57:53 AM
26368A,N,O,03/27/2026 06:56:49 AM
26368B,N,O,03/27/2026 12:25:55 PM
26369A,N,O,03/27/2026 06:55:56 AM
26369B,N,O,03/27/2026 06:55:49 AM
2636A,N,O,03/27/2026 11:12:24 AM
2636B,N,O,03/27/2026 07:45:44 AM
26370A,N,V,03/27/2026 10:26:03 AM
26370B,N,V,03/27/2026 10:13:13 AM
26372A,N,V,03/27/2026 11:36:42 AM
26372B,N,V,03/27/2026 09:26:36 AM
26373A,N,V,03/27/2026 11:12:48 AM
26373B,N,V,03/27/2026 12:23:46 PM
26374A,N,O,03/27/2026 06:55:46 AM
26374B,N,O,03/27/2026 07:34:15 AM
26375A,N,O,03/27/2026 07:12:45 AM
26375B,N,O,03/27/2026 06:59:48 AM
26376A,N,O,03/27/2026 10:27:32 AM
26376B,N,O,03/27/2026 08:45:34 AM
26377A,N,O,03/27/2026 10:32:44 AM
26377B,N,V,03/27/2026 08:38:53 AM
26378A,N,O,03/27/2026 07:43:10 AM
26378B,N,O,03/27/2026 11:31:54 AM
26379A,N,V,03/27/2026 08:57:21 AM
26379B,N,V,03/26/2026 07:20:20 PM
2637A,N,V,03/27/2026 12:17:43 PM
2637B,N,V,03/27/2026 11:37:47 AM
26380A,N,O,03/27/2026 12:21:07 PM
26380B,N,O,03/27/2026 12:16:20 PM
26381A,N,V,03/26/2026 06:29:47 PM
26381B,N,V,03/26/2026 01:33:46 PM
26382A,N,O,03/27/2026 11:23:19 AM
26382B,N,V,03/26/2026 01:50:42 PM
26383A,N,V,03/27/2026 09:06:52 AM
26383B,N,O,03/27/2026 09:39:09 AM
26384A,N,V,03/27/2026 12:21:01 PM
26384B,N,V,03/27/2026 12:18:42 PM
26385A,N,V,03/27/2026 10:25:47 AM
26385B,N,V,07/05/2025 06:01:42 PM
26387A,N,O,03/27/2026 08:24:32 AM
26387B,N,O,03/27/2026 06:57:45 AM
26388A,N,O,03/27/2026 12:08:25 PM
26388B,N,O,03/27/2026 12:27:15 PM
26389A,N,V,03/27/2026 08:23:34 AM
26389B,N,V,03/27/2026 10:40:54 AM
2638A,N,O,03/27/2026 12:26:51 PM
2638B,N,O,03/27/2026 11:39:05 AM
26390A,N,V,03/27/2026 11:39:22 AM
26390B,N,V,03/27/2026 10:21:51 AM
26391A,N,V,03/27/2026 11:11:14 AM
26391B,N,V,03/27/2026 11:11:14 AM
26392A,N,O,03/27/2026 08:28:56 AM
26392B,N,O,03/27/2026 08:28:26 AM
26393A,N,O,03/27/2026 06:56:38 AM
26393B,N,O,03/27/2026 08:13:36 AM
26394A,N,O,03/26/2026 05:27:15 PM
26394B,N,O,03/27/2026 11:21:49 AM
26395A,N,V,03/27/2026 12:03:12 PM
26395B,N,O,03/27/2026 07:00:08 AM
26397A,N,V,03/27/2026 12:27:10 PM
26397B,N,V,03/27/2026 11:21:17 AM
26398A,N,O,03/27/2026 06:56:51 AM
26399A,N,V,03/27/2026 10:42:49 AM
26399B,N,V,03/27/2026 10:28:48 AM
26400A,N,V,03/27/2026 09:53:59 AM
26400B,N,V,03/27/2026 10:49:00 AM
26403A,N,V,03/27/2026 12:18:50 PM
26403B,N,V,03/27/2026 12:16:05 PM
26404A,N,O,03/27/2026 11:55:00 AM
26404B,N,V,03/27/2026 10:59:46 AM
26405A,N,O,03/27/2026 08:26:02 AM
26405B,N,O,03/27/2026 12:15:45 PM
26406A,N,O,03/27/2026 12:15:48 PM
26406B,N,O,03/27/2026 12:12:43 PM
26407A,N,V,03/27/2026 12:17:53 PM
26407B,N,V,03/27/2026 12:17:20 PM
26408A,N,O,03/27/2026 08:24:13 AM
26408B,N,V,03/27/2026 11:15:58 AM
26409B,N,V,03/27/2026 12:17:09 PM
2640A,N,O,03/27/2026 12:03:29 PM
2640B,N,O,03/27/2026 12:15:11 PM
26410A,N,O,03/27/2026 09:55:34 AM
26410B,N,V,03/27/2026 10:59:59 AM
26411A,N,O,03/27/2026 12:27:32 PM
26411B,N,V,03/27/2026 10:52:03 AM
26412A,N,V,03/27/2026 09:52:30 AM
26412B,N,V,03/27/2026 08:45:09 AM
26413A,N,V,03/27/2026 08:58:27 AM
26413B,N,V,03/27/2026 09:30:28 AM
26414A,N,O,03/27/2026 11:43:12 AM
26414B,N,O,03/27/2026 11:25:17 AM
26415A,N,V,03/27/2026 08:24:15 AM
26415B,N,V,03/27/2026 12:06:14 PM
26416A,N,V,03/27/2026 12:22:51 PM
26416B,N,V,03/27/2026 09:35:19 AM
26417A,N,V,03/27/2026 12:10:20 PM
26417B,N,V,03/27/2026 12:13:14 PM
26418A,N,V,03/27/2026 12:27:11 PM
26418B,N,O,03/27/2026 12:04:29 PM
26419A,N,O,03/26/2026 07:08:15 PM
26419B,N,O,03/26/2026 07:53:58 PM
2641A,N,V,03/27/2026 12:12:47 PM
26420A,N,V,03/27/2026 08:13:49 AM
26420B,N,V,03/27/2026 08:04:45 AM
26421A,N,V,03/27/2026 10:34:11 AM
26421B,N,V,03/27/2026 07:00:24 AM
26422A,N,O,03/27/2026 11:26:15 AM
26422B,N,O,03/27/2026 12:26:55 PM
26423A,N,V,03/27/2026 08:12:27 AM
26423B,N,V,03/27/2026 10:41:17 AM
26424A,N,V,03/27/2026 08:48:13 AM
26424B,N,V,03/27/2026 07:13:58 AM
26425A,N,O,03/27/2026 06:59:48 AM
26425B,N,V,03/27/2026 12:12:25 PM
26426A,N,O,03/27/2026 06:58:48 AM
26426B,N,O,03/26/2026 07:12:58 PM
26427A,N,O,03/27/2026 12:02:34 PM
26427B,N,V,03/27/2026 12:27:21 PM
26428A,N,O,03/27/2026 12:19:44 PM
26428B,N,O,03/27/2026 12:19:23 PM
26429A,N,O,03/27/2026 12:27:13 PM
26429B,N,O,03/27/2026 12:27:13 PM
2642A,N,O,03/27/2026 12:20:30 PM
2642B,N,O,03/27/2026 11:48:53 AM
26430A,N,O,03/27/2026 11:52:59 AM
26430B,N,V,03/27/2026 11:54:16 AM
26431A,N,O,03/27/2026 06:58:50 AM
26431B,N,V,03/27/2026 12:27:24 PM
26432A,N,O,03/27/2026 12:08:17 PM
26432B,N,V,03/27/2026 11:36:37 AM
26433A,N,O,03/27/2026 12:27:31 PM
26433B,N,V,03/27/2026 12:22:02 PM
26434A,N,O,03/27/2026 12:21:04 PM
26434B,N,V,03/27/2026 12:04:08 PM
26435A,N,V,03/27/2026 09:59:32 AM
26435B,N,V,03/27/2026 07:27:17 AM
26436A,N,O,03/27/2026 09:48:32 AM
26436B,N,V,03/27/2026 12:26:45 PM
26437B,N,O,03/27/2026 12:13:25 PM
26438A,N,V,03/27/2026 07:06:35 AM
26438B,N,V,03/27/2026 08:54:02 AM
26439A,N,V,03/27/2026 11:54:33 AM
26439B,N,V,03/27/2026 07:09:37 AM
2643A,N,O,03/27/2026 08:55:24 AM
2643B,N,O,03/27/2026 10:54:19 AM
26440A,N,V,03/27/2026 08:16:57 AM
26440B,N,V,03/27/2026 09:58:07 AM
26441A,N,V,03/27/2026 11:56:16 AM
26441B,N,V,03/27/2026 08:03:48 AM
26442B,N,V,03/27/2026 11:07:07 AM
26443A,N,V,03/27/2026 10:38:06 AM
26443B,N,V,03/27/2026 08:21:02 AM
26444A,N,O,03/27/2026 11:42:32 AM
26444B,N,O,03/26/2026 04:40:39 PM
26445A,N,V,03/27/2026 08:28:50 AM
26445B,N,V,03/27/2026 08:04:09 AM
26446A,N,V,03/27/2026 10:40:30 AM
26446B,N,V,03/27/2026 09:06:28 AM
26447A,N,V,03/27/2026 12:15:15 PM
26447B,N,V,03/27/2026 10:38:52 AM
26448A,N,O,03/27/2026 12:09:29 PM
26448B,N,V,03/27/2026 12:15:14 PM
26449A,N,O,03/27/2026 12:26:52 PM
26449B,N,V,03/27/2026 12:15:18 PM
2644A,N,O,03/27/2026 08:35:46 AM
2644B,N,O,03/27/2026 08:04:32 AM
26450A,N,O,03/27/2026 12:27:05 PM
26450B,N,O,03/27/2026 12:27:35 PM
26451A,N,V,03/27/2026 11:03:47 AM
26451B,N,V,03/27/2026 12:10:02 PM
26452B,N,V,03/27/2026 12:01:16 PM
26453A,N,V,03/27/2026 11:01:30 AM
26453B,N,O,03/27/2026 11:27:17 AM
26454A,N,O,03/27/2026 10:47:47 AM
26454B,N,V,03/27/2026 11:27:38 AM
26455A,N,V,03/27/2026 12:11:12 PM
26455B,N,V,03/27/2026 12:15:21 PM
26456A,N,V,03/27/2026 07:44:22 AM
26456B,N,V,03/27/2026 11:23:14 AM
26457A,N,O,03/27/2026 11:41:35 AM
26457B,N,V,03/27/2026 11:35:36 AM
26458B,N,O,03/27/2026 06:56:51 AM
26459A,N,O,03/27/2026 11:13:14 AM
26459B,N,O,03/27/2026 07:00:32 AM
2645A,N,V,03/27/2026 11:56:52 AM
2645B,N,O,03/27/2026 06:59:55 AM
26460A,N,V,03/27/2026 12:06:49 PM
26460B,N,V,03/27/2026 10:03:55 AM
26461A,N,V,03/27/2026 09:51:45 AM
26461B,N,V,03/27/2026 08:04:55 AM
26462A,N,V,03/27/2026 09:21:10 AM
26462B,N,V,03/27/2026 12:26:31 PM
26463A,N,V,03/27/2026 12:20:12 PM
26464A,N,O,03/27/2026 09:04:50 AM
26464B,N,V,03/27/2026 12:25:08 PM
26465A,N,O,03/27/2026 12:24:33 PM
26465B,N,O,03/27/2026 12:18:12 PM
26466A,N,O,03/27/2026 10:15:31 AM
26466B,N,O,03/27/2026 12:27:30 PM
26467A,N,V,03/27/2026 11:48:16 AM
26467B,N,V,03/27/2026 11:51:11 AM
2646A,N,O,03/27/2026 07:45:58 AM
2646B,N,V,03/27/2026 11:56:23 AM
26471B,N,O,03/27/2026 10:30:33 AM
26472B,N,O,03/27/2026 12:22:52 PM
26474A,N,V,03/27/2026 11:53:43 AM
26474B,N,V,03/27/2026 11:52:35 AM
26475A,N,V,03/27/2026 09:43:40 AM
26475B,N,V,03/27/2026 09:05:58 AM
26476A,N,V,03/27/2026 09:53:26 AM
26476B,N,V,03/27/2026 09:43:40 AM
26477A,N,V,03/27/2026 11:31:26 AM
26477B,N,V,03/27/2026 09:53:27 AM
26478A,N,V,03/27/2026 11:17:25 AM
26478B,N,V,03/27/2026 11:19:42 AM
26479A,N,V,03/27/2026 10:20:37 AM
26479B,N,V,03/27/2026 11:17:28 AM
2647A,N,O,03/27/2026 06:57:48 AM
2647B,N,V,03/27/2026 12:21:41 PM
26480A,NU,O,03/27/2026 06:59:44 AM
26480B,NU,O,03/26/2026 06:59:40 AM
26481B,N,V,03/27/2026 10:09:37 AM
26482A,N,V,03/26/2026 09:22:50 AM
26482B,N,O,03/26/2026 07:11:54 PM
26483A,N,V,03/27/2026 06:59:14 AM
26483B,N,O,03/26/2026 06:43:24 PM
26484A,N,V,03/27/2026 07:33:16 AM
26484B,N,V,03/25/2026 05:27:15 PM
26485A,N,V,03/27/2026 09:59:52 AM
26485B,N,V,03/25/2026 07:48:39 AM
26486A,N,V,03/25/2026 06:11:18 PM
26486B,N,V,03/26/2026 04:58:00 PM
26487B,N,V,03/27/2026 08:34:39 AM
26488A,N,V,03/27/2026 10:43:41 AM
26488B,N,V,03/27/2026 08:41:02 AM
26489A,N,V,03/27/2026 07:01:49 AM
26489B,N,O,03/27/2026 06:55:45 AM
2648A,N,O,03/27/2026 08:09:50 AM
2648B,N,V,03/27/2026 12:05:17 PM
26490A,N,V,03/26/2026 07:56:34 PM
26490B,N,V,03/25/2026 09:14:53 AM
26491A,N,V,03/27/2026 10:47:08 AM
26491B,N,V,03/26/2026 06:25:05 PM
26492A,N,V,03/27/2026 12:22:43 PM
26492B,N,V,03/27/2026 10:54:04 AM
26495A,N,O,03/27/2026 07:00:05 AM
26495B,N,O,03/27/2026 07:00:15 AM
26496A,N,O,03/27/2026 06:58:57 AM
26496B,N,V,03/27/2026 12:09:57 PM
26497A,N,O,03/27/2026 06:57:50 AM
26498A,N,O,03/27/2026 11:44:39 AM
26498B,N,V,03/27/2026 08:31:56 AM
26499A,N,V,03/27/2026 11:39:40 AM
26499B,N,V,03/27/2026 11:50:27 AM
2649A,N,O,03/27/2026 11:35:54 AM
2649B,N,O,03/27/2026 11:54:16 AM
26500A,N,V,03/27/2026 08:35:41 AM
26500B,N,V,03/26/2026 05:15:18 PM
26501A,N,V,03/27/2026 07:15:49 AM
26501B,N,V,03/26/2026 10:06:21 AM
26502A,N,O,03/26/2026 07:27:57 PM
26502B,N,V,03/26/2026 06:36:42 PM
26503A,N,V,03/27/2026 11:57:12 AM
26503B,N,V,03/27/2026 11:56:53 AM
26504A,N,V,03/27/2026 10:07:04 AM
26504B,N,V,03/26/2026 05:41:25 PM
26505A,N,V,03/26/2026 02:50:39 PM
26506A,N,V,03/27/2026 07:08:30 AM
26507A,N,V,03/27/2026 07:56:56 AM
26507B,N,V,03/27/2026 07:59:26 AM
26508A,N,V,03/27/2026 07:52:35 AM
26508B,N,V,03/27/2026 07:52:24 AM
26509A,N,V,03/27/2026 08:58:57 AM
26509B,N,O,03/27/2026 06:55:54 AM
2650A,N,V,03/27/2026 11:54:58 AM
2650B,N,V,03/27/2026 11:41:12 AM
26510A,N,V,03/27/2026 11:18:06 AM
26510B,N,V,03/27/2026 11:37:53 AM
26511A,N,V,03/27/2026 11:50:10 AM
26511B,N,V,03/27/2026 11:50:10 AM
26512A,N,V,03/27/2026 08:54:09 AM
26512B,N,V,03/27/2026 08:53:49 AM
26513A,N,V,03/27/2026 07:42:21 AM
26513B,N,V,03/27/2026 06:58:21 AM
26514A,N,O,03/27/2026 12:25:46 PM
26514B,N,O,03/26/2026 03:35:07 PM
26515A,N,V,03/27/2026 10:04:09 AM
26515B,N,V,03/27/2026 07:55:02 AM
26516A,N,V,03/27/2026 09:57:34 AM
26516B,N,O,03/27/2026 12:08:36 PM
26517B,N,V,03/27/2026 11:51:43 AM
26518A,N,V,07/26/2025 12:10:32 PM
26518B,N,V,03/27/2026 12:02:27 PM
26519A,N,V,03/27/2026 11:24:20 AM
26519B,N,V,03/27/2026 11:28:33 AM
2651A,N,V,01/12/2026 03:30:58 PM
2651B,N,O,03/27/2026 11:47:32 AM
26520A,N,O,03/27/2026 06:59:49 AM
26520B,N,V,03/27/2026 11:55:03 AM
26521A,N,V,03/27/2026 12:22:22 PM
26521B,N,O,03/27/2026 09:19:03 AM
26522A,N,O,03/27/2026 09:25:38 AM
26522B,N,O,03/27/2026 10:16:09 AM
26523A,N,O,03/26/2026 06:13:36 PM
26523B,N,O,03/27/2026 12:16:59 PM
26524A,N,V,03/27/2026 10:53:28 AM
26524B,N,V,03/27/2026 09:27:53 AM
26525A,N,V,03/27/2026 08:25:43 AM
26525B,N,V,03/27/2026 07:41:08 AM
26526A,N,V,03/27/2026 10:42:48 AM
26526B,N,O,03/26/2026 06:39:03 PM
26527A,N,V,03/27/2026 09:31:43 AM
26527B,N,O,03/27/2026 12:15:08 PM
26528B,N,V,03/27/2026 07:48:40 AM
26529A,N,O,03/27/2026 11:45:18 AM
26529B,N,V,03/27/2026 10:41:06 AM
2652A,N,O,03/27/2026 06:57:49 AM
2652B,N,O,03/27/2026 12:08:06 PM
26530A,N,V,03/27/2026 08:44:18 AM
26530B,N,V,03/27/2026 10:02:36 AM
26531A,N,O,03/27/2026 06:58:48 AM
26531B,N,O,03/05/2026 12:00:16 PM
26532A,N,O,03/27/2026 06:57:51 AM
26532B,N,V,03/27/2026 11:03:42 AM
26533A,N,V,03/27/2026 11:51:06 AM
26533B,N,V,03/27/2026 11:13:57 AM
26534A,N,V,03/27/2026 12:22:27 PM
26534B,N,V,03/27/2026 08:34:24 AM
26535A,N,O,03/27/2026 11:09:53 AM
26535B,N,V,03/27/2026 12:04:04 PM
26536A,N,O,03/27/2026 11:24:22 AM
26536B,N,V,03/27/2026 11:52:40 AM
26537A,N,V,03/27/2026 08:19:11 AM
26537B,N,O,03/27/2026 10:05:13 AM
26538A,N,V,03/26/2026 06:18:58 PM
26538B,N,O,03/27/2026 12:24:34 PM
26539A,N,V,03/27/2026 11:03:41 AM
26539B,N,V,03/27/2026 12:25:33 PM
2653A,N,V,03/27/2026 08:04:40 AM
2653B,N,O,03/27/2026 06:56:43 AM
26540A,N,O,03/27/2026 07:33:57 AM
26540B,N,O,03/27/2026 12:23:33 PM
26541A,N,V,03/27/2026 09:42:47 AM
26541B,N,O,03/27/2026 10:07:52 AM
26542A,N,V,03/27/2026 12:22:57 PM
26542B,N,O,03/27/2026 12:11:45 PM
26543A,N,O,03/27/2026 06:56:45 AM
26543B,N,O,03/27/2026 10:10:42 AM
26544A,N,V,03/27/2026 12:26:08 PM
26544B,N,O,03/27/2026 10:08:02 AM
26545B,N,O,03/27/2026 12:12:03 PM
26546B,N,O,03/27/2026 12:08:04 PM
26547A,N,O,03/27/2026 12:13:03 PM
26547B,N,V,03/27/2026 12:15:26 PM
26548A,N,O,03/27/2026 06:56:45 AM
26548B,N,O,03/27/2026 08:10:22 AM
26549A,N,V,03/27/2026 11:25:09 AM
26549B,N,V,03/27/2026 11:30:53 AM
2654A,N,O,03/27/2026 08:57:53 AM
2654B,N,O,03/27/2026 11:21:14 AM
26555A,N,O,03/27/2026 12:26:54 PM
26555B,N,O,03/27/2026 10:49:09 AM
26556A,N,O,03/27/2026 11:25:09 AM
26556B,N,V,03/27/2026 12:01:13 PM
26557A,N,O,03/27/2026 10:46:21 AM
26557B,N,V,03/27/2026 12:20:38 PM
26558A,N,O,03/27/2026 11:23:53 AM
26558B,N,O,03/27/2026 11:27:25 AM
26559A,N,O,03/27/2026 11:06:01 AM
26559B,N,O,03/27/2026 12:11:13 PM
2655A,N,O,03/27/2026 11:32:59 AM
2655B,N,O,03/27/2026 09:33:05 AM
26560A,N,V,03/27/2026 10:44:13 AM
26560B,N,O,03/27/2026 10:01:49 AM
26561A,N,V,03/27/2026 09:27:48 AM
26561B,N,V,03/26/2026 05:53:44 PM
26562A,N,V,03/27/2026 12:14:17 PM
26562B,N,O,03/27/2026 11:19:44 AM
26563A,N,V,03/27/2026 11:20:09 AM
26563B,N,V,03/27/2026 11:20:09 AM
26564A,N,V,03/26/2026 01:45:43 PM
26564B,N,V,03/26/2026 05:15:03 PM
26565A,N,V,03/27/2026 11:03:14 AM
26565B,N,O,03/27/2026 12:09:38 PM
26566A,N,V,03/27/2026 11:47:46 AM
26566B,N,V,03/27/2026 11:54:16 AM
26567A,N,V,03/26/2026 07:58:33 PM
26567B,N,V,03/26/2026 02:03:42 PM
26568A,N,V,03/27/2026 11:17:10 AM
26568B,N,O,03/26/2026 07:54:59 PM
26569A,N,O,03/27/2026 08:24:44 AM
26569B,N,O,03/26/2026 06:24:14 PM
2656A,N,O,03/27/2026 06:58:42 AM
2656B,N,O,03/27/2026 06:58:42 AM
26570A,N,V,03/27/2026 12:15:34 PM
26571A,N,O,03/27/2026 12:13:05 PM
26571B,N,V,03/27/2026 08:31:53 AM
26572A,N,O,03/27/2026 10:52:15 AM
26572B,N,V,03/27/2026 12:26:41 PM
26573B,N,V,03/26/2026 05:00:36 PM
26574A,N,V,03/26/2026 02:00:34 PM
26574B,N,O,03/26/2026 07:44:03 PM
26575A,N,O,03/27/2026 12:15:15 PM
26575B,N,O,03/27/2026 12:25:57 PM
26576A,N,O,03/27/2026 12:26:30 PM
26576B,N,V,03/26/2026 04:53:59 PM
26577A,N,O,03/27/2026 12:19:25 PM
26578A,N,O,03/27/2026 06:56:45 AM
26578B,N,O,03/27/2026 10:01:32 AM
26579A,N,O,03/27/2026 12:15:53 PM
26579B,N,O,03/27/2026 12:21:34 PM
2657A,NU,O,03/26/2026 05:00:50 PM
26580A,N,O,03/27/2026 11:54:58 AM
26580B,N,O,03/27/2026 12:06:15 PM
26581A,N,O,03/27/2026 11:36:44 AM
26581B,N,O,03/27/2026 12:04:04 PM
26582A,N,O,03/27/2026 11:51:05 AM
26582B,N,O,03/27/2026 06:57:45 AM
26583A,N,V,03/27/2026 12:04:23 PM
26583B,N,O,03/27/2026 12:27:30 PM
26584A,N,O,03/27/2026 11:58:57 AM
26584B,N,V,03/27/2026 12:03:40 PM
26585A,N,V,03/26/2026 12:32:43 PM
26585B,N,V,03/26/2026 05:16:37 PM
26586A,N,V,03/22/2026 08:37:48 PM
26586B,N,V,03/27/2026 07:02:51 AM
26587A,N,V,03/26/2026 05:27:51 PM
26587B,N,O,03/26/2026 04:27:36 PM
26588A,N,O,03/26/2026 07:45:29 PM
26588B,N,V,03/26/2026 01:30:45 PM
26589A,N,V,03/26/2026 02:07:28 PM
26589B,N,V,03/26/2026 03:38:43 PM
26590A,N,O,03/26/2026 05:28:29 PM
26590B,N,V,03/24/2026 05:56:58 PM
26591B,N,V,03/27/2026 10:41:39 AM
26592A,N,V,03/25/2026 01:53:54 PM
26593A,N,O,03/27/2026 10:43:37 AM
26593B,N,V,03/22/2026 07:58:20 PM
26594A,N,V,03/24/2026 05:40:45 PM
26594B,N,V,03/26/2026 01:31:03 PM
26595A,N,V,03/26/2026 05:42:46 PM
26595B,N,V,03/26/2026 01:29:22 PM
26596A,N,V,03/27/2026 10:44:35 AM
26596B,N,V,03/27/2026 07:11:23 AM
26597A,N,V,03/26/2026 02:54:58 PM
26597B,N,V,03/26/2026 01:25:03 PM
26598A,N,V,03/27/2026 08:05:43 AM
26598B,N,V,03/25/2026 02:07:52 PM
26599A,N,V,03/27/2026 11:07:53 AM
26599B,N,O,03/27/2026 12:24:24 PM
26600A,N,O,03/27/2026 06:59:45 AM
26600B,N,V,03/26/2026 06:22:51 PM
26601A,N,V,03/25/2026 06:00:28 PM
26601B,N,V,03/25/2026 07:16:08 PM
26602A,N,V,03/26/2026 01:34:58 PM
26602B,N,V,03/26/2026 06:12:14 PM
26603A,N,V,03/25/2026 05:15:45 PM
26603B,N,V,03/25/2026 05:18:34 PM
26604A,N,V,03/25/2026 02:00:26 PM
26604B,N,V,03/27/2026 09:21:54 AM
26605A,N,V,03/25/2026 06:30:24 PM
26605B,N,V,03/25/2026 06:38:10 PM
26606A,N,V,03/26/2026 07:57:44 PM
26606B,N,V,03/25/2026 05:22:20 PM
26607A,N,O,03/27/2026 12:21:06 PM
26607B,N,V,03/26/2026 12:07:31 PM
26608A,N,O,03/26/2026 07:43:08 PM
26608B,N,V,03/26/2026 04:35:33 PM
26609B,N,V,03/27/2026 12:16:32 PM
26610A,N,O,03/27/2026 12:16:34 PM
26610B,N,O,03/27/2026 11:39:54 AM
26611A,N,O,03/26/2026 07:23:03 PM
26611B,N,V,03/27/2026 12:09:45 PM
26612A,N,V,03/26/2026 07:20:21 PM
26612B,N,V,03/27/2026 07:48:42 AM
26613A,N,O,03/27/2026 12:15:32 PM
26613B,N,O,03/27/2026 11:31:23 AM
26614A,N,V,03/27/2026 08:45:22 AM
26614B,N,V,03/27/2026 12:13:45 PM
26615A,N,V,03/27/2026 08:52:31 AM
26615B,N,O,03/27/2026 12:04:55 PM
26616A,N,V,03/27/2026 07:04:03 AM
26616B,N,V,03/27/2026 07:03:02 AM
26617A,N,V,03/27/2026 09:11:27 AM
26617B,N,V,03/27/2026 12:00:09 PM
26618B,N,O,03/27/2026 11:43:41 AM
26619A,N,V,03/27/2026 11:20:56 AM
26620A,N,V,03/27/2026 08:39:20 AM
26620B,N,O,03/27/2026 10:27:34 AM
26621A,N,V,03/27/2026 10:20:48 AM
26621B,N,V,03/27/2026 11:47:44 AM
26622B,N,V,03/27/2026 10:18:29 AM
26623A,N,O,03/26/2026 03:50:38 PM
26624A,N,V,03/27/2026 12:20:33 PM
26624B,N,V,03/26/2026 12:51:42 PM
26625A,N,V,03/27/2026 08:27:28 AM
26625B,N,V,03/27/2026 08:09:28 AM
26626A,N,V,03/26/2026 06:07:45 PM
26626B,N,O,03/27/2026 10:57:18 AM
26627A,N,V,03/26/2026 07:55:29 PM
26627B,N,V,03/27/2026 12:25:54 PM
26628A,N,V,03/27/2026 09:35:38 AM
26629A,N,V,03/27/2026 07:40:38 AM
26629B,N,V,03/26/2026 01:36:02 PM
26630A,N,V,03/27/2026 08:52:09 AM
26630B,N,V,03/26/2026 12:22:21 PM
26631A,N,V,03/27/2026 10:19:23 AM
26631B,N,V,03/27/2026 07:46:48 AM
26632A,N,O,03/27/2026 06:57:54 AM
26632B,N,V,03/27/2026 10:00:21 AM
26633A,N,V,03/27/2026 10:26:12 AM
26633B,N,V,03/27/2026 10:25:31 AM
26634A,N,V,03/27/2026 10:26:39 AM
26634B,N,V,03/27/2026 10:33:43 AM
26635B,N,V,03/27/2026 08:11:25 AM
26636A,N,V,03/27/2026 08:11:40 AM
26636B,N,O,03/27/2026 08:05:49 AM
26637A,N,V,03/27/2026 10:11:25 AM
26637B,N,V,03/27/2026 07:35:52 AM
26638A,N,V,03/27/2026 12:04:38 PM
26639A,N,O,03/27/2026 12:21:55 PM
26639B,N,O,03/27/2026 11:01:56 AM
26640A,N,O,03/27/2026 09:40:13 AM
26640B,N,V,03/27/2026 12:13:11 PM
26641A,N,O,03/27/2026 06:58:51 AM
26641B,N,O,03/27/2026 08:51:09 AM
26642A,N,O,03/27/2026 11:06:43 AM
26642B,N,O,03/27/2026 09:21:18 AM
26643A,N,V,03/27/2026 12:25:28 PM
26643B,N,O,03/27/2026 11:16:05 AM
26644A,N,O,03/27/2026 12:27:40 PM
26644B,N,O,03/27/2026 07:48:23 AM
26645A,N,O,03/27/2026 07:00:08 AM
26645B,N,V,03/27/2026 12:07:08 PM
26646A,N,V,03/27/2026 12:13:15 PM
26646B,N,V,03/27/2026 11:42:21 AM
26647A,N,V,03/27/2026 12:25:32 PM
26647B,N,V,03/27/2026 12:13:16 PM
26648A,N,O,03/27/2026 12:05:48 PM
26648B,N,O,03/27/2026 12:08:04 PM
26649B,N,O,03/27/2026 11:12:00 AM
26650A,N,O,03/27/2026 10:01:11 AM
26651A,N,O,03/27/2026 06:58:47 AM
26651B,N,O,03/27/2026 06:58:47 AM
26652A,N,O,03/27/2026 06:57:46 AM
26652B,N,V,03/27/2026 11:10:19 AM
26653A,N,V,03/27/2026 09:24:18 AM
26653B,N,O,03/26/2026 07:18:21 PM
26654A,N,V,03/27/2026 11:25:03 AM
26654B,N,V,03/27/2026 12:25:47 PM
26655A,N,V,03/26/2026 06:59:38 PM
26655B,N,V,03/24/2026 08:00:29 AM
26656B,N,V,03/27/2026 11:01:22 AM
26657A,N,V,03/27/2026 10:16:18 AM
26657B,N,O,03/27/2026 06:57:49 AM
26658A,N,V,03/27/2026 12:05:01 PM
26658B,N,O,03/27/2026 09:09:24 AM
26659A,N,V,03/27/2026 12:17:28 PM
26659B,N,V,03/27/2026 12:17:21 PM
26660A,N,O,03/27/2026 11:53:50 AM
26660B,N,V,03/27/2026 12:20:07 PM
26661A,N,V,03/27/2026 12:24:54 PM
26661B,N,V,03/27/2026 07:11:20 AM
26662A,N,O,03/27/2026 12:12:27 PM
26662B,N,V,03/27/2026 12:26:36 PM
26663A,N,V,03/26/2026 07:14:27 PM
26665A,N,V,03/27/2026 12:18:44 PM
26665B,N,O,03/27/2026 12:26:54 PM
26666A,N,O,03/27/2026 12:27:45 PM
26666B,N,V,03/27/2026 12:26:06 PM
26667A,N,O,03/27/2026 12:10:43 PM
26667B,N,O,03/27/2026 06:57:50 AM
26668A,N,O,03/27/2026 11:54:31 AM
26668B,N,V,03/27/2026 11:12:15 AM
26669A,N,O,03/27/2026 07:02:49 AM
26669B,N,O,03/27/2026 07:26:21 AM
2666A,N,O,03/27/2026 12:00:46 PM
2666B,N,O,03/27/2026 12:27:40 PM
26671A,N,O,03/27/2026 07:06:39 AM
26671B,N,O,03/27/2026 06:58:50 AM
26672A,N,O,03/27/2026 11:33:06 AM
26672B,N,O,03/27/2026 11:31:50 AM
26673A,N,V,03/27/2026 11:52:52 AM
26673B,N,O,03/27/2026 11:59:46 AM
26674A,N,V,03/27/2026 07:59:34 AM
26674B,N,V,03/27/2026 07:54:24 AM
26675A,N,V,03/27/2026 08:14:22 AM
26675B,N,V,03/27/2026 08:14:26 AM
26676A,N,V,03/27/2026 11:53:26 AM
26676B,N,V,03/27/2026 11:54:49 AM
26677A,N,V,03/27/2026 11:06:03 AM
26677B,N,V,03/27/2026 07:38:50 AM
26678A,N,V,03/27/2026 11:37:45 AM
26678B,N,V,03/27/2026 11:21:42 AM
26679A,N,V,03/27/2026 10:14:28 AM
26679B,N,V,03/27/2026 11:01:18 AM
2667A,N,O,03/27/2026 12:13:42 PM
2667B,N,O,03/27/2026 12:08:08 PM
26680A,N,V,03/27/2026 12:25:59 PM
26680B,N,O,03/27/2026 12:23:24 PM
26681A,N,O,03/27/2026 11:49:02 AM
26681B,N,V,03/27/2026 12:25:35 PM
26682A,N,O,03/27/2026 11:32:47 AM
26682B,N,O,03/27/2026 10:44:27 AM
26683B,N,V,03/27/2026 12:11:44 PM
26684A,N,V,03/27/2026 07:30:52 AM
26684B,N,V,03/27/2026 10:43:30 AM
26685A,N,V,03/27/2026 11:38:48 AM
26685B,N,V,03/27/2026 08:00:27 AM
26686A,N,V,03/27/2026 11:25:52 AM
26686B,N,O,03/27/2026 11:19:32 AM
26687A,N,V,03/27/2026 09:12:07 AM
26687B,N,V,03/27/2026 08:16:14 AM
26688A,N,V,03/27/2026 12:04:33 PM
26688B,N,V,03/27/2026 12:04:33 PM
26689A,N,V,03/27/2026 08:34:31 AM
26689B,N,V,03/27/2026 08:40:22 AM
2668A,N,O,03/27/2026 10:52:46 AM
2668B,N,V,03/27/2026 12:00:16 PM
26690A,N,O,03/27/2026 12:24:34 PM
26690B,N,O,03/26/2026 06:03:30 PM
26691A,N,V,03/27/2026 12:24:03 PM
26691B,N,V,03/27/2026 09:52:02 AM
26692A,N,V,03/27/2026 12:24:05 PM
26692B,N,V,03/27/2026 11:31:24 AM
26693A,N,V,03/27/2026 09:14:36 AM
26693B,N,V,03/27/2026 07:56:24 AM
26694A,N,O,03/27/2026 10:08:35 AM
26694B,N,V,03/27/2026 08:09:03 AM
26699A,N,O,03/27/2026 06:55:48 AM
26699B,N,V,03/27/2026 08:11:42 AM
2669A,N,O,03/27/2026 11:58:07 AM
26700A,N,V,03/27/2026 12:18:58 PM
26700B,N,V,03/27/2026 09:33:43 AM
26701A,N,V,03/27/2026 11:14:17 AM
26701B,N,V,03/27/2026 12:14:55 PM
26702A,N,V,03/27/2026 11:52:27 AM
26702B,N,V,03/27/2026 12:18:20 PM
26703A,N,V,03/27/2026 10:41:52 AM
26703B,N,O,03/26/2026 06:16:45 PM
26704A,N,O,03/26/2026 06:48:05 PM
26704B,N,V,03/27/2026 08:12:32 AM
26705A,N,V,03/27/2026 07:14:44 AM
26705B,N,V,03/27/2026 08:07:59 AM
26706A,N,O,03/27/2026 12:22:37 PM
26706B,N,V,03/27/2026 08:19:35 AM
26707A,N,V,03/27/2026 09:03:54 AM
26707B,N,V,03/27/2026 09:03:26 AM
26708A,N,V,03/27/2026 07:21:45 AM
26709B,N,V,03/27/2026 07:56:25 AM
26710A,N,V,03/27/2026 08:52:39 AM
26710B,N,V,03/27/2026 08:09:02 AM
26711A,N,V,03/27/2026 08:43:09 AM
26711B,N,V,03/27/2026 07:31:43 AM
26712A,N,V,03/27/2026 10:10:35 AM
26712B,N,V,03/27/2026 09:25:16 AM
26713A,N,O,03/26/2026 05:34:22 PM
26714A,N,V,03/27/2026 11:29:54 AM
26714B,N,V,03/27/2026 08:56:33 AM
26715A,N,V,03/26/2026 03:22:59 PM
26715B,N,V,03/27/2026 09:10:43 AM
26716A,N,V,03/27/2026 07:37:46 AM
26716B,N,V,03/26/2026 08:08:06 AM
26717A,N,V,03/27/2026 08:51:12 AM
26717B,N,V,03/27/2026 08:52:21 AM
26718A,N,V,03/27/2026 09:05:04 AM
26718B,N,V,03/27/2026 07:19:35 AM
26719A,N,O,03/27/2026 11:00:44 AM
26719B,N,V,03/27/2026 10:49:06 AM
2671A,N,O,03/27/2026 12:10:05 PM
2671B,N,O,03/27/2026 08:35:58 AM
26720A,N,V,03/27/2026 08:01:35 AM
26720B,N,O,03/26/2026 07:49:41 PM
26721A,N,V,03/27/2026 09:38:54 AM
26721B,N,V,03/27/2026 07:16:50 AM
26722B,N,V,03/27/2026 08:48:44 AM
26723A,N,V,03/27/2026 11:43:57 AM
26723B,N,O,03/27/2026 12:13:58 PM
26724A,N,V,03/27/2026 12:20:20 PM
26724B,N,V,03/27/2026 12:22:52 PM
26725A,N,O,03/27/2026 10:12:33 AM
26725B,N,O,03/27/2026 10:13:46 AM
26726A,N,O,03/27/2026 12:23:43 PM
26726B,N,O,03/27/2026 12:19:24 PM
26727A,N,V,03/27/2026 12:27:32 PM
26727B,N,V,03/27/2026 12:26:09 PM
26728A,N,V,03/27/2026 12:27:42 PM
26728B,N,O,03/27/2026 06:56:44 AM
26729A,N,O,03/27/2026 12:27:21 PM
26729B,N,V,03/27/2026 12:27:37 PM
2672A,N,O,03/27/2026 12:27:30 PM
2672B,N,O,03/27/2026 07:39:43 AM
26730A,N,V,03/27/2026 11:20:47 AM
26730B,N,O,03/27/2026 12:26:30 PM
26731A,N,V,03/27/2026 12:26:43 PM
26731B,N,V,03/27/2026 12:26:00 PM
26732A,N,O,03/27/2026 12:26:36 PM
26732B,N,O,03/27/2026 12:14:19 PM
26733B,N,O,03/27/2026 12:27:06 PM
26734A,N,O,03/27/2026 09:39:26 AM
26734B,N,O,03/27/2026 09:39:34 AM
26735A,N,O,03/27/2026 12:27:25 PM
26735B,N,V,03/27/2026 10:03:00 AM
26736A,N,V,03/26/2026 06:19:15 PM
26736B,N,O,03/27/2026 12:27:41 PM
26737A,N,O,03/27/2026 12:24:53 PM
26737B,N,O,03/27/2026 08:40:26 AM
26738A,N,O,03/27/2026 12:19:51 PM
26738B,N,O,03/27/2026 09:02:50 AM
26739A,N,O,03/27/2026 12:26:28 PM
26739B,N,O,03/27/2026 06:55:48 AM
2673B,N,O,03/27/2026 08:34:31 AM
26740A,N,V,03/27/2026 12:19:56 PM
26740B,N,O,03/27/2026 12:00:15 PM
26741B,N,O,03/27/2026 12:15:56 PM
2674A,N,O,03/27/2026 11:18:22 AM
2674B,N,O,03/27/2026 11:37:51 AM
2675A,N,O,03/27/2026 11:39:24 AM
2675B,N,O,03/27/2026 11:44:27 AM
26761B,N,O,03/27/2026 06:58:44 AM
26762A,N,V,03/27/2026 08:11:39 AM
26762B,N,V,03/27/2026 12:20:09 PM
26763A,N,O,03/27/2026 12:19:04 PM
26763B,N,V,03/27/2026 09:02:54 AM
26764A,N,V,03/27/2026 11:50:57 AM
26764B,N,V,03/27/2026 11:50:47 AM
26765A,N,V,03/27/2026 09:01:35 AM
26765B,N,V,03/26/2026 07:59:35 PM
26766A,N,V,03/27/2026 09:21:41 AM
26766B,N,V,03/27/2026 09:18:37 AM
26767A,N,V,03/27/2026 11:23:42 AM
26767B,N,V,03/26/2026 05:47:35 PM
26768A,N,V,03/27/2026 12:26:45 PM
26768B,N,V,03/27/2026 10:16:03 AM
26769A,N,O,03/27/2026 12:26:47 PM
26769B,N,V,03/26/2026 04:30:37 PM
2676A,N,O,03/27/2026 12:08:29 PM
2676B,N,V,03/27/2026 11:30:09 AM
26770B,N,O,03/27/2026 06:59:47 AM
26771A,N,O,03/27/2026 11:49:29 AM
26771B,N,O,03/27/2026 12:04:36 PM
26772A,N,V,03/26/2026 03:19:41 PM
26772B,N,V,03/27/2026 08:06:05 AM
26773A,N,V,03/27/2026 11:08:54 AM
26773B,N,V,03/26/2026 03:53:38 PM
2677A,N,V,03/27/2026 12:27:32 PM
2677B,N,V,03/27/2026 10:35:24 AM
26780B,N,O,03/26/2026 06:43:47 PM
26781A,N,V,03/26/2026 07:49:45 PM
26781B,N,V,03/26/2026 02:03:38 PM
26782A,N,V,03/26/2026 07:56:13 PM
26782B,N,V,03/27/2026 09:39:50 AM
26783A,N,O,03/26/2026 05:02:29 PM
26783B,N,V,03/26/2026 06:27:04 PM
26784A,N,V,03/26/2026 05:15:56 PM
26784B,N,V,03/26/2026 11:20:58 AM
26785A,N,V,03/26/2026 05:25:22 PM
26785B,N,V,03/26/2026 05:23:18 PM
26786A,N,O,03/27/2026 12:23:49 PM
26786B,N,O,03/26/2026 07:20:48 PM
26787A,N,O,03/27/2026 12:24:16 PM
26787B,N,V,03/27/2026 12:16:27 PM
26788A,NU,V,03/25/2026 04:09:08 PM
26788B,NU,V,03/25/2026 01:30:15 PM
26789A,N,V,03/27/2026 10:41:49 AM
26789B,N,O,03/27/2026 10:38:27 AM
2678A,N,V,03/27/2026 11:50:39 AM
2678B,N,O,03/27/2026 11:03:38 AM
26790A,N,V,03/27/2026 10:40:56 AM
26790B,N,O,03/27/2026 12:24:16 PM
26791A,N,V,03/26/2026 06:56:21 PM
26791B,N,O,03/26/2026 06:55:02 PM
26792A,N,O,03/27/2026 11:51:33 AM
26792B,N,O,03/26/2026 07:51:14 PM
26793A,N,V,03/26/2026 04:47:03 PM
26793B,N,V,03/26/2026 07:38:16 AM
26794A,N,V,03/27/2026 09:29:57 AM
26794B,N,V,03/27/2026 09:29:08 AM
26795A,N,V,03/27/2026 11:57:22 AM
26796A,N,V,03/27/2026 11:09:44 AM
26796B,N,V,03/27/2026 09:32:40 AM
26797A,N,V,03/26/2026 02:04:19 PM
26797B,N,V,03/27/2026 09:47:10 AM
26798A,N,V,03/26/2026 05:15:59 PM
26798B,N,V,03/26/2026 05:28:22 PM
26799A,N,V,03/27/2026 07:13:07 AM
26799B,N,O,03/26/2026 07:41:17 PM
2679A,N,O,03/27/2026 08:38:12 AM
2679B,N,O,03/27/2026 12:25:10 PM
26800B,N,V,03/26/2026 02:12:17 PM
26801A,N,V,03/27/2026 11:57:16 AM
26801B,N,V,03/27/2026 06:59:04 AM
26802A,N,V,03/27/2026 11:33:51 AM
26802B,N,O,03/26/2026 07:54:46 PM
26803A,N,V,03/25/2026 09:24:09 AM
26803B,N,V,03/27/2026 12:01:27 PM
26804A,N,V,03/26/2026 01:41:19 PM
26804B,N,O,03/27/2026 11:56:05 AM
26805A,N,O,03/27/2026 12:05:11 PM
26805B,N,O,03/27/2026 06:59:45 AM
26806A,N,V,03/27/2026 12:26:12 PM
26806B,N,V,03/26/2026 06:50:03 PM
26807A,N,V,03/26/2026 04:21:02 PM
26807B,N,V,03/27/2026 12:27:23 PM
26808A,N,O,03/27/2026 12:19:17 PM
26808B,N,O,03/27/2026 06:56:52 AM
26809A,N,O,03/27/2026 12:04:00 PM
26809B,N,V,03/26/2026 02:11:27 PM
26810A,N,O,03/27/2026 12:23:00 PM
26810B,N,O,03/27/2026 11:46:23 AM
26863A,N,V,03/27/2026 07:05:50 AM
26863B,N,O,03/27/2026 12:27:17 PM
26864A,N,O,03/27/2026 06:55:42 AM
26864B,N,V,03/27/2026 08:42:02 AM
26865A,N,V,03/27/2026 11:16:06 AM
26865B,N,V,03/27/2026 10:19:14 AM
26866B,N,V,03/27/2026 12:22:50 PM
26867A,N,V,03/25/2026 07:23:43 AM
26867B,N,V,03/27/2026 09:24:46 AM
26868A,N,V,03/27/2026 07:58:47 AM
26868B,N,V,03/27/2026 08:49:28 AM
26869A,N,V,03/27/2026 08:29:39 AM
26869B,N,V,03/27/2026 07:31:36 AM
26870A,N,V,03/27/2026 07:32:35 AM
26870B,N,V,03/26/2026 08:13:16 AM
26871A,N,V,03/27/2026 09:07:57 AM
26871B,N,V,03/27/2026 08:13:38 AM
26872B,N,V,03/27/2026 08:26:36 AM
26873A,N,V,03/27/2026 07:20:59 AM
26873B,N,V,03/27/2026 09:21:16 AM
26874A,N,V,03/27/2026 09:01:03 AM
26874B,N,V,03/27/2026 07:43:12 AM
26875B,N,V,03/27/2026 10:44:39 AM
26876A,N,V,03/27/2026 08:07:21 AM
26876B,N,V,03/27/2026 07:45:47 AM
26877A,N,O,03/27/2026 12:27:25 PM
26877B,N,O,03/27/2026 12:06:47 PM
26878A,N,V,03/27/2026 07:27:58 AM
26878B,N,O,03/27/2026 10:50:46 AM
26879A,N,V,03/27/2026 07:19:25 AM
26879B,N,V,03/27/2026 07:23:12 AM
26880A,N,V,03/27/2026 10:29:26 AM
26880B,N,V,03/27/2026 10:40:44 AM
26881A,N,V,03/26/2026 07:22:29 AM
26881B,N,O,03/26/2026 07:17:41 PM
26882B,N,V,03/27/2026 08:16:03 AM
26883A,N,O,03/27/2026 06:56:53 AM
26883B,N,V,03/26/2026 04:59:45 PM
26884A,N,V,03/27/2026 11:13:54 AM
26884B,N,V,03/27/2026 12:01:32 PM
26885A,N,V,03/27/2026 08:42:43 AM
26885B,N,V,03/27/2026 09:09:59 AM
26886A,N,V,03/27/2026 08:49:52 AM
26886B,N,V,03/26/2026 07:46:41 AM
26887A,N,V,03/27/2026 08:57:07 AM
26887B,N,V,03/27/2026 08:58:27 AM
26888A,N,V,03/26/2026 07:18:11 PM
26888B,N,V,03/27/2026 07:45:35 AM
26889A,N,V,03/27/2026 09:52:27 AM
26889B,N,V,03/27/2026 11:11:28 AM
26890A,N,V,03/27/2026 08:48:44 AM
26890B,N,V,03/27/2026 08:51:59 AM
26891A,N,V,03/27/2026 08:40:02 AM
26891B,N,V,03/27/2026 08:05:08 AM
26892A,N,V,03/27/2026 08:35:55 AM
26892B,N,V,03/27/2026 07:48:49 AM
26893A,N,V,03/27/2026 07:22:59 AM
26893B,N,V,03/27/2026 08:21:00 AM
26894A,N,V,03/27/2026 10:47:10 AM
26895B,N,V,03/27/2026 08:24:47 AM
26896A,N,V,03/27/2026 09:06:50 AM
26896B,N,V,03/27/2026 09:06:50 AM
26897A,N,V,03/27/2026 08:14:46 AM
26897B,N,V,03/27/2026 08:37:03 AM
26898A,N,V,03/27/2026 07:12:43 AM
26898B,N,V,03/27/2026 07:55:35 AM
26899A,N,V,03/27/2026 07:50:34 AM
26899B,N,V,03/27/2026 07:51:56 AM
26900A,N,V,03/27/2026 08:30:54 AM
26900B,N,V,03/27/2026 10:11:10 AM
26901A,N,V,03/27/2026 07:18:19 AM
26901B,N,V,03/27/2026 08:12:03 AM
26902A,N,V,03/27/2026 12:07:05 PM
26902B,N,V,03/27/2026 07:27:39 AM
26903A,N,V,03/27/2026 09:20:40 AM
26903B,N,V,03/27/2026 09:08:00 AM
26904A,N,V,03/27/2026 07:34:54 AM
26905A,N,V,03/27/2026 12:22:40 PM
26905B,N,O,03/27/2026 08:13:39 AM
26906A,N,O,03/27/2026 12:27:24 PM
26906B,N,O,03/27/2026 10:52:42 AM
26907A,N,O,03/27/2026 12:10:39 PM
26907B,N,V,03/27/2026 11:58:35 AM
26908A,N,V,03/27/2026 12:14:49 PM
26908B,N,V,03/27/2026 12:03:58 PM
26909A,N,V,03/27/2026 12:25:09 PM
26909B,N,O,03/27/2026 11:32:18 AM
26910A,N,O,03/27/2026 12:25:38 PM
26910B,N,O,03/27/2026 12:11:17 PM
26911A,N,O,03/27/2026 11:57:05 AM
26911B,N,O,03/27/2026 10:28:23 AM
26912A,N,V,03/27/2026 12:12:29 PM
26912B,N,V,03/27/2026 12:09:55 PM
26913A,N,V,03/27/2026 07:34:44 AM
26913B,N,O,03/27/2026 12:14:55 PM
26914A,N,O,03/27/2026 12:27:41 PM
26914B,N,O,03/27/2026 11:52:46 AM
26915A,N,O,03/27/2026 06:59:43 AM
26915B,N,O,03/27/2026 06:59:43 AM
26916A,N,O,03/27/2026 06:58:55 AM
26916B,N,O,03/27/2026 08:01:36 AM
26917A,N,O,03/27/2026 06:57:53 AM
26917B,N,V,03/27/2026 08:12:20 AM
26918A,N,O,03/27/2026 12:05:58 PM
26918B,N,O,03/26/2026 06:37:26 PM
26919A,N,O,03/27/2026 12:23:16 PM
26919B,N,V,03/27/2026 11:39:32 AM
26920A,N,V,03/27/2026 08:50:56 AM
26920B,N,O,03/27/2026 09:40:49 AM
26921A,N,V,03/27/2026 12:10:45 PM
26921B,N,V,03/27/2026 09:12:50 AM
26922A,N,O,03/27/2026 12:10:39 PM
26922B,N,V,03/27/2026 12:27:34 PM
26923A,N,V,03/27/2026 08:23:05 AM
26923B,N,O,03/27/2026 12:00:39 PM
26924A,N,V,03/27/2026 12:14:42 PM
26924B,N,V,03/27/2026 12:11:16 PM
26925A,N,V,03/27/2026 08:06:17 AM
26925B,N,V,03/27/2026 11:35:30 AM
26926A,N,V,03/27/2026 08:02:37 AM
26926B,N,V,03/27/2026 10:57:23 AM
26927A,N,O,03/27/2026 12:16:57 PM
26928A,N,V,03/27/2026 08:17:06 AM
26928B,N,O,03/27/2026 07:26:13 AM
26929A,N,O,03/27/2026 11:32:12 AM
26929B,N,O,03/27/2026 12:15:23 PM
26930A,N,V,03/27/2026 12:13:32 PM
26930B,N,V,03/27/2026 10:47:55 AM
26931A,N,O,03/27/2026 11:55:21 AM
26931B,N,V,03/27/2026 09:01:47 AM
26932A,N,V,03/27/2026 08:35:58 AM
26932B,N,V,03/27/2026 12:25:10 PM
26933A,N,V,03/27/2026 12:16:31 PM
26933B,N,O,03/27/2026 12:22:07 PM
26934A,N,O,03/27/2026 11:31:10 AM
26934B,N,O,03/27/2026 08:07:36 AM
26935A,N,O,03/27/2026 11:53:02 AM
26935B,N,O,03/27/2026 06:59:57 AM
26936A,N,O,03/27/2026 10:20:27 AM
26936B,N,O,03/27/2026 11:52:17 AM
26937A,N,O,03/27/2026 10:19:59 AM
26937B,N,O,03/27/2026 10:21:55 AM
26938B,N,O,03/27/2026 09:54:48 AM
26939A,N,V,03/27/2026 12:17:50 PM
26939B,N,V,03/27/2026 12:27:42 PM
26941A,NU,V,03/17/2026 09:50:57 AM
26941B,NU,O,03/17/2026 09:59:32 AM
26942A,NU,V,03/16/2026 01:35:33 PM
26942B,NU,V,03/17/2026 09:58:03 AM
26943A,NU,V,03/17/2026 09:47:18 AM
26943B,NU,V,03/17/2026 08:23:00 AM
26944A,N,V,03/27/2026 11:59:42 AM
26944B,N,O,03/27/2026 06:55:47 AM
26945A,N,O,03/27/2026 06:59:48 AM
26945B,N,O,03/27/2026 12:18:54 PM
26946A,NU,O,03/17/2026 09:51:32 AM
26946B,NU,V,03/17/2026 09:54:59 AM
26947A,N,V,03/27/2026 10:15:21 AM
26947B,N,O,03/27/2026 12:20:19 PM
26948A,N,V,03/27/2026 12:13:42 PM
26948B,N,V,03/27/2026 12:26:12 PM
26949A,N,O,03/27/2026 06:55:52 AM
26949B,N,V,03/27/2026 12:27:39 PM
26950A,N,V,03/27/2026 11:35:23 AM
26950B,N,V,03/27/2026 12:25:18 PM
26951A,N,O,03/27/2026 12:25:52 PM
26951B,N,V,03/27/2026 09:48:44 AM
26952A,N,V,03/27/2026 11:27:44 AM
26952B,N,V,03/27/2026 08:19:09 AM
26953A,N,V,03/27/2026 12:09:38 PM
26953B,N,O,03/27/2026 08:11:45 AM
26B,NU,O,01/05/2026 10:58:48 AM
27001A,N,O,03/27/2026 07:58:53 AM
27003A,N,O,03/27/2026 07:57:23 AM
27003B,N,O,03/27/2026 07:57:23 AM
27004A,N,O,03/27/2026 12:26:38 PM
27004B,N,O,03/27/2026 07:55:45 AM
27005A,N,O,03/27/2026 12:09:40 PM
27005B,N,O,03/27/2026 12:06:44 PM
27006A,N,O,03/27/2026 07:58:47 AM
27006B,N,O,03/27/2026 10:44:16 AM
27007A,N,O,03/27/2026 11:34:55 AM
27007B,N,O,03/27/2026 07:57:41 AM
27008A,N,O,03/27/2026 12:03:38 PM
27008B,N,O,03/27/2026 09:34:32 AM
27011A,N,O,03/26/2026 07:58:42 AM
27011B,N,O,03/27/2026 07:58:49 AM
27012A,N,O,03/27/2026 07:57:49 AM
27012B,N,V,03/27/2026 12:27:36 PM
27013A,N,O,03/27/2026 07:56:44 AM
27013B,N,O,03/27/2026 07:56:52 AM
27014A,N,O,03/27/2026 10:10:58 AM
27014B,N,O,03/27/2026 07:55:48 AM
27015B,N,O,03/27/2026 07:59:45 AM
27016A,N,O,03/27/2026 10:30:35 AM
27016B,N,O,03/27/2026 08:00:50 AM
27017A,N,O,03/27/2026 10:50:42 AM
27017B,N,O,03/27/2026 07:57:49 AM
27018A,N,O,03/27/2026 07:56:43 AM
27018B,N,O,03/27/2026 11:13:49 AM
27020A,N,O,03/27/2026 07:59:53 AM
27020B,N,O,03/27/2026 08:00:32 AM
27021A,N,O,03/27/2026 10:29:46 AM
27021B,N,O,03/27/2026 07:58:46 AM
27022A,N,O,03/27/2026 06:57:50 AM
27022B,N,O,03/27/2026 06:57:57 AM
27023A,N,O,03/27/2026 06:56:46 AM
27023B,N,O,03/27/2026 09:32:38 AM
27024A,N,O,03/27/2026 06:55:58 AM
27025A,N,O,03/27/2026 06:59:53 AM
27025B,N,O,03/27/2026 06:59:57 AM
27026A,N,O,03/27/2026 06:58:49 AM
27026B,N,O,03/27/2026 11:32:48 AM
27027A,N,O,03/27/2026 11:56:53 AM
27027B,N,O,03/26/2026 06:10:16 PM
27028A,N,V,03/27/2026 12:26:56 PM
27028B,N,O,03/27/2026 12:25:00 PM
27029A,N,O,03/27/2026 12:27:33 PM
27029B,N,O,03/27/2026 11:05:11 AM
27030A,N,V,03/26/2026 03:51:20 PM
27030B,N,V,03/27/2026 12:22:49 PM
27031A,N,V,03/27/2026 12:02:35 PM
27031B,N,O,03/27/2026 06:58:53 AM
27032A,N,O,03/27/2026 06:57:44 AM
27032B,N,O,03/27/2026 06:57:44 AM
27033A,N,O,03/27/2026 11:08:18 AM
27033B,N,O,03/27/2026 12:22:44 PM
27034A,N,O,03/27/2026 06:55:53 AM
27034B,N,O,03/27/2026 11:30:31 AM
27035A,N,O,03/27/2026 09:32:45 AM
27035B,N,O,03/27/2026 09:32:45 AM
27036A,N,O,03/27/2026 10:39:44 AM
27036B,N,O,03/27/2026 08:03:33 AM
27037A,N,O,03/27/2026 10:17:57 AM
27037B,N,O,03/27/2026 08:14:54 AM
27038A,N,O,03/27/2026 08:26:49 AM
27038B,N,V,03/27/2026 12:27:39 PM
27039B,N,O,03/27/2026 10:54:53 AM
27040A,N,V,03/26/2026 07:47:27 AM
27040B,N,V,03/27/2026 12:26:03 PM
27041A,N,O,03/27/2026 07:52:56 AM
27041B,N,O,03/27/2026 10:46:30 AM
27042A,N,O,03/27/2026 09:58:22 AM
27042B,N,O,03/27/2026 12:19:18 PM
27043A,N,O,03/27/2026 09:36:58 AM
27043B,N,O,03/27/2026 11:39:31 AM
27044A,N,O,03/27/2026 10:29:46 AM
27044B,N,O,03/27/2026 12:16:38 PM
27045A,N,O,03/27/2026 10:28:05 AM
27046A,N,V,03/27/2026 12:03:16 PM
27046B,N,O,03/27/2026 11:41:06 AM
27047A,N,V,03/27/2026 07:39:33 AM
27047B,N,V,03/27/2026 07:38:58 AM
27048A,N,V,03/27/2026 11:41:11 AM
27048B,N,V,03/27/2026 12:12:05 PM
27049A,N,V,03/27/2026 12:22:11 PM
27049B,N,O,03/27/2026 10:59:45 AM
27050A,N,V,03/27/2026 10:59:46 AM
27050B,N,V,03/27/2026 12:01:41 PM
27051A,N,V,03/27/2026 09:54:54 AM
27051B,N,V,03/27/2026 08:11:10 AM
27052A,N,O,03/27/2026 06:57:50 AM
27052B,N,V,03/27/2026 12:01:30 PM
27053A,N,V,03/27/2026 11:22:53 AM
27053B,N,O,03/27/2026 12:26:33 PM
27054A,N,V,03/27/2026 12:13:32 PM
27054B,N,O,03/26/2026 07:01:09 PM
27055A,N,V,03/27/2026 11:49:37 AM
27055B,N,V,03/27/2026 11:49:37 AM
27056A,N,V,03/27/2026 08:29:15 AM
27057A,N,O,03/27/2026 12:13:56 PM
27057B,N,O,03/27/2026 10:42:22 AM
27058B,N,O,03/27/2026 12:07:23 PM
27060A,N,V,03/27/2026 12:27:37 PM
27060B,N,V,03/27/2026 10:34:26 AM
27061A,N,O,03/27/2026 10:34:44 AM
27061B,N,V,03/27/2026 11:05:06 AM
27062A,N,O,03/27/2026 12:00:56 PM
27062B,N,V,03/27/2026 12:21:40 PM
27063A,N,V,03/27/2026 11:28:46 AM
27063B,N,O,03/26/2026 02:01:07 PM
27064A,N,V,03/27/2026 08:28:38 AM
27065B,N,O,03/27/2026 11:59:23 AM
27066A,N,O,03/27/2026 11:44:27 AM
27066B,N,O,03/27/2026 12:11:47 PM
27067A,N,O,03/27/2026 12:05:15 PM
27067B,N,O,03/27/2026 11:02:45 AM
27068A,N,O,03/27/2026 10:29:28 AM
27068B,N,O,03/27/2026 11:15:07 AM
27069B,N,O,03/27/2026 07:56:02 AM
27070A,N,O,03/27/2026 07:59:51 AM
27070B,N,O,03/27/2026 08:55:02 AM
27071B,N,O,03/27/2026 07:58:48 AM
27072A,N,O,03/27/2026 06:57:47 AM
27072B,N,O,03/27/2026 08:05:34 AM
27073A,N,O,03/27/2026 11:41:07 AM
27073B,N,O,03/27/2026 08:26:52 AM
27074A,N,O,03/27/2026 12:08:33 PM
27074B,N,O,03/27/2026 09:29:45 AM
27075A,N,O,03/27/2026 11:53:46 AM
27075B,N,O,03/27/2026 12:19:58 PM
27076A,N,O,03/27/2026 11:57:05 AM
27076B,N,O,03/27/2026 12:27:41 PM
27077A,N,O,03/27/2026 12:22:21 PM
27078A,N,O,03/27/2026 07:56:56 AM
27078B,N,O,03/27/2026 10:13:11 AM
27079A,N,O,03/27/2026 10:21:26 AM
27079B,N,O,03/27/2026 10:04:31 AM
27080B,N,O,03/27/2026 12:03:53 PM
27081A,N,O,03/27/2026 06:58:51 AM
27082A,N,O,03/27/2026 07:38:33 AM
27082B,N,O,03/27/2026 07:54:44 AM
27083A,N,O,03/27/2026 06:56:44 AM
27083B,N,O,03/26/2026 06:56:48 AM
27084A,N,O,03/27/2026 06:56:20 AM
27084B,N,O,03/27/2026 06:56:29 AM
27085A,N,O,03/27/2026 06:59:53 AM
27085B,N,O,03/26/2026 08:55:20 AM
27086B,N,O,03/27/2026 06:58:48 AM
27087A,N,O,03/27/2026 12:06:23 PM
27087B,N,O,03/27/2026 11:33:25 AM
27088A,N,O,03/27/2026 11:23:53 AM
27088B,N,O,03/27/2026 11:52:13 AM
27089A,N,O,03/27/2026 07:55:48 AM
27089B,N,O,03/27/2026 11:52:20 AM
27090A,N,O,03/27/2026 11:43:04 AM
27090B,N,O,03/27/2026 10:03:52 AM
27091B,N,V,03/27/2026 12:27:32 PM
27092A,N,O,03/27/2026 11:19:41 AM
27092B,N,O,03/27/2026 07:57:54 AM
27093A,N,O,03/27/2026 11:45:53 AM
27093B,N,V,03/27/2026 12:27:36 PM
27094B,N,O,03/27/2026 07:50:34 AM
27095A,N,O,03/27/2026 11:36:18 AM
27096A,N,O,03/27/2026 08:51:31 AM
27096B,N,O,03/27/2026 07:58:42 AM
27097A,N,O,03/27/2026 11:14:56 AM
27097B,N,O,03/27/2026 09:02:19 AM
27098A,N,O,03/27/2026 06:56:54 AM
27099A,N,O,03/27/2026 12:06:18 PM
27099B,N,O,03/27/2026 12:04:57 PM
27100A,N,V,03/27/2026 12:27:41 PM
27100B,N,O,03/27/2026 12:22:45 PM
27101A,N,O,03/27/2026 12:24:00 PM
27101B,N,O,03/27/2026 09:52:29 AM
27102A,N,V,03/27/2026 09:45:24 AM
27102B,N,O,03/27/2026 12:26:43 PM
27103A,N,O,03/27/2026 11:05:17 AM
27103B,N,O,03/27/2026 09:01:37 AM
27104B,N,O,03/27/2026 08:32:45 AM
27105A,N,O,03/27/2026 12:17:36 PM
27105B,N,O,03/27/2026 09:44:03 AM
27106A,N,O,03/27/2026 08:03:36 AM
27106B,N,O,03/27/2026 11:22:58 AM
27107A,N,O,03/27/2026 09:59:10 AM
27107B,N,O,03/27/2026 12:25:28 PM
27108A,N,O,03/27/2026 09:25:52 AM
27109A,N,O,03/27/2026 09:14:16 AM
27109B,N,O,03/27/2026 12:25:50 PM
27110A,N,O,03/27/2026 09:23:43 AM
27110B,N,O,03/27/2026 12:26:54 PM
27111A,N,O,03/27/2026 12:23:12 PM
27111B,N,O,03/27/2026 10:17:15 AM
27112A,N,O,03/27/2026 11:16:27 AM
27112B,N,O,03/27/2026 07:55:15 AM
27113A,N,O,03/27/2026 12:05:26 PM
27113B,N,O,03/27/2026 12:22:11 PM
27114A,N,O,03/27/2026 09:57:19 AM
27114B,N,O,03/27/2026 12:18:53 PM
27115A,N,O,03/27/2026 08:09:35 AM
27116A,N,O,03/27/2026 09:37:12 AM
27116B,N,O,03/27/2026 12:04:30 PM
27117A,N,O,03/27/2026 12:06:29 PM
27117B,N,O,03/27/2026 12:27:41 PM
27118A,N,O,03/27/2026 12:25:05 PM
27118B,N,O,03/27/2026 12:11:55 PM
27119A,N,O,03/27/2026 06:55:50 AM
27119B,N,V,03/27/2026 11:35:29 AM
27120A,N,O,03/27/2026 12:01:09 PM
27120B,N,O,03/27/2026 08:06:15 AM
27121A,N,O,03/27/2026 09:02:07 AM
27121B,N,O,03/27/2026 06:59:00 AM
27122A,N,O,03/27/2026 07:45:43 AM
27122B,N,O,03/27/2026 12:17:57 PM
27123A,N,O,03/27/2026 06:56:51 AM
27123B,N,O,03/27/2026 07:57:54 AM
27124A,N,O,03/27/2026 11:43:20 AM
27124B,N,O,03/27/2026 08:23:19 AM
27125A,N,O,03/27/2026 09:26:47 AM
27125B,N,O,03/27/2026 11:56:47 AM
27126A,N,O,03/27/2026 11:57:48 AM
27126B,N,O,03/27/2026 11:47:29 AM
27127A,N,O,03/27/2026 09:26:09 AM
27127B,N,V,03/27/2026 11:41:49 AM
27128A,N,O,03/27/2026 11:35:40 AM
27128B,N,O,03/27/2026 06:56:46 AM
27129A,N,O,03/26/2026 11:47:16 AM
27129B,N,O,03/27/2026 08:29:31 AM
27130A,N,O,03/27/2026 12:05:03 PM
27130B,N,O,03/27/2026 11:48:06 AM
27131A,N,O,03/27/2026 12:19:45 PM
27131B,N,V,03/27/2026 12:20:55 PM
27132A,N,O,03/27/2026 12:00:38 PM
27132B,N,V,03/27/2026 12:17:02 PM
27133A,N,V,03/27/2026 12:25:01 PM
27133B,N,O,03/27/2026 06:56:44 AM
27134A,N,V,03/27/2026 10:47:02 AM
27134B,N,V,03/27/2026 12:22:56 PM
27135A,N,V,03/27/2026 12:25:06 PM
27135B,N,V,03/27/2026 12:23:08 PM
27136A,N,O,03/27/2026 06:58:55 AM
27136B,N,O,03/27/2026 12:27:31 PM
27137A,N,V,03/27/2026 12:22:35 PM
27137B,N,O,03/27/2026 06:57:40 AM
27138A,N,V,03/27/2026 12:16:38 PM
27138B,N,O,03/27/2026 06:56:49 AM
27139B,N,V,03/27/2026 11:58:28 AM
27140A,N,O,03/27/2026 12:24:36 PM
27140B,N,O,03/27/2026 11:34:06 AM
27141A,N,O,03/27/2026 11:25:09 AM
27141B,N,V,03/27/2026 12:23:48 PM
27142A,N,V,03/27/2026 11:45:56 AM
27142B,N,O,03/27/2026 12:24:40 PM
27143A,N,V,03/27/2026 12:10:05 PM
27143B,N,O,03/27/2026 12:16:50 PM
27144A,N,V,03/27/2026 11:00:36 AM
27144B,N,O,03/27/2026 12:14:17 PM
27145A,N,O,03/27/2026 09:35:13 AM
27145B,N,O,03/27/2026 09:58:51 AM
27146A,N,V,03/27/2026 10:37:45 AM
27146B,N,V,03/27/2026 07:31:42 AM
27147A,N,V,03/27/2026 12:04:55 PM
27147B,N,V,03/27/2026 07:27:07 AM
27148A,N,O,03/27/2026 11:10:13 AM
27148B,N,V,03/27/2026 11:29:07 AM
27149A,N,V,03/27/2026 11:46:11 AM
27149B,N,O,03/27/2026 08:53:23 AM
27150A,N,V,03/27/2026 09:38:12 AM
27150B,N,O,03/27/2026 12:24:35 PM
27151A,N,V,03/27/2026 07:29:14 AM
27151B,N,O,03/27/2026 12:14:49 PM
27152A,N,V,03/27/2026 11:20:44 AM
27152B,N,V,03/27/2026 08:00:57 AM
27153A,N,V,03/27/2026 12:15:25 PM
27153B,N,V,03/27/2026 11:48:22 AM
27154A,N,V,03/27/2026 12:25:30 PM
27154B,N,O,12/15/2025 03:02:28 PM
27155A,N,V,03/27/2026 11:25:39 AM
27155B,N,V,03/27/2026 10:10:10 AM
27158A,N,V,03/27/2026 12:02:25 PM
27158B,N,O,03/27/2026 12:07:06 PM
27159A,N,O,03/27/2026 11:15:49 AM
27159B,N,O,03/27/2026 12:26:52 PM
27160A,N,O,03/27/2026 11:56:41 AM
27160B,N,O,03/27/2026 11:16:05 AM
27161A,N,O,03/27/2026 12:02:17 PM
27161B,N,O,03/27/2026 11:44:04 AM
27162B,N,O,03/27/2026 12:22:08 PM
27165B,N,O,03/27/2026 06:59:51 AM
27166A,N,O,03/27/2026 07:47:52 AM
27166B,N,O,03/27/2026 12:16:55 PM
27167A,N,O,03/27/2026 12:01:47 PM
27167B,N,O,03/27/2026 12:09:42 PM
27168A,N,O,03/27/2026 12:12:16 PM
27168B,N,O,03/27/2026 11:19:56 AM
27169A,N,O,03/27/2026 12:08:41 PM
27169B,N,O,03/27/2026 12:15:25 PM
27170A,N,O,03/27/2026 12:21:11 PM
27170B,N,O,03/27/2026 11:58:47 AM
27171A,N,O,03/27/2026 12:27:06 PM
27171B,N,O,03/27/2026 12:27:16 PM
27172A,N,O,03/27/2026 11:57:56 AM
27172B,N,O,03/27/2026 11:57:49 AM
27173A,N,V,03/27/2026 12:27:17 PM
27173B,N,O,03/27/2026 11:50:57 AM
27176B,N,O,03/27/2026 11:22:45 AM
27177A,N,O,03/27/2026 12:01:47 PM
27177B,N,V,03/27/2026 12:11:04 PM
27178A,N,O,03/27/2026 09:54:48 AM
27178B,N,O,03/27/2026 08:21:51 AM
27179A,N,O,03/27/2026 12:12:34 PM
27179B,N,V,03/27/2026 12:24:28 PM
27180A,N,O,03/27/2026 06:59:50 AM
27180B,N,O,03/27/2026 12:08:24 PM
27181A,N,O,03/27/2026 12:00:07 PM
27181B,N,O,03/27/2026 09:51:20 AM
27182A,N,O,03/27/2026 10:50:32 AM
27182B,N,O,03/27/2026 06:57:52 AM
27183A,N,V,03/27/2026 12:16:43 PM
27183B,N,O,03/27/2026 09:50:12 AM
27184A,N,O,03/27/2026 06:55:49 AM
27184B,N,O,03/27/2026 11:24:52 AM
27185A,N,V,03/27/2026 12:16:41 PM
27185B,N,O,03/27/2026 12:26:15 PM
27186A,N,V,03/27/2026 12:10:39 PM
27186B,N,V,03/27/2026 12:21:11 PM
27187A,N,O,03/27/2026 12:02:54 PM
27187B,N,V,03/27/2026 12:16:46 PM
27188A,N,V,03/27/2026 12:25:18 PM
27188B,N,O,03/27/2026 11:40:21 AM
27189A,N,V,03/27/2026 07:31:36 AM
27189B,N,O,03/27/2026 12:21:36 PM
27190A,N,O,03/26/2026 07:55:10 PM
27190B,N,O,03/27/2026 06:59:47 AM
27191A,N,O,03/27/2026 06:58:45 AM
27191B,N,O,03/27/2026 12:14:06 PM
27192A,N,O,03/27/2026 07:57:43 AM
27192B,N,O,03/27/2026 11:10:51 AM
27193A,N,O,03/27/2026 12:15:10 PM
27193B,N,O,03/27/2026 10:05:36 AM
27194A,N,O,03/27/2026 08:45:15 AM
27194B,N,O,03/27/2026 11:48:24 AM
27195A,N,O,03/27/2026 11:48:03 AM
27196A,N,O,03/27/2026 11:01:39 AM
27196B,N,O,03/27/2026 10:04:35 AM
27197A,N,O,03/27/2026 11:56:13 AM
27197B,N,O,03/27/2026 09:28:43 AM
27198A,N,V,03/27/2026 11:05:59 AM
27198B,N,O,03/27/2026 10:27:19 AM
27199A,N,O,03/27/2026 12:02:20 PM
27199B,N,V,03/27/2026 11:52:12 AM
27200A,N,O,03/27/2026 06:59:41 AM
27201A,N,V,03/27/2026 11:09:34 AM
27201B,N,O,03/27/2026 11:53:58 AM
27202A,N,V,03/27/2026 12:19:28 PM
27205A,N,V,03/27/2026 07:56:32 AM
27205B,N,V,03/27/2026 07:47:50 AM
27206A,N,V,03/27/2026 07:24:27 AM
27206B,N,V,03/27/2026 07:36:09 AM
27209A,N,O,03/27/2026 06:55:52 AM
27209B,N,O,03/27/2026 06:55:56 AM
27210A,N,O,03/27/2026 06:59:52 AM
27210B,N,O,03/27/2026 06:59:52 AM
27211A,N,O,03/27/2026 06:58:53 AM
27211B,N,O,03/27/2026 06:58:53 AM
27212A,N,O,03/27/2026 06:57:51 AM
27212B,N,O,03/27/2026 10:53:38 AM
27213A,N,V,03/27/2026 12:19:21 PM
27213B,N,O,03/27/2026 06:56:45 AM
27214A,N,O,03/27/2026 10:53:53 AM
27215B,N,V,03/27/2026 11:13:02 AM
27216A,N,O,03/27/2026 12:06:57 PM
27216B,N,O,03/27/2026 06:58:52 AM
27217A,N,V,03/27/2026 07:24:57 AM
27217B,N,O,03/26/2026 05:56:57 PM
27218A,N,V,03/27/2026 09:43:37 AM
27218B,N,V,03/27/2026 12:16:09 PM
27219A,N,O,03/27/2026 09:43:39 AM
27219B,N,V,03/27/2026 10:01:06 AM
27220A,N,V,03/27/2026 12:11:31 PM
27220B,N,V,03/27/2026 10:58:39 AM
27221A,N,O,03/27/2026 06:58:46 AM
27221B,N,O,03/27/2026 06:58:46 AM
27222A,N,O,03/27/2026 06:57:52 AM
27222B,N,O,03/27/2026 06:57:48 AM
27223A,N,V,03/27/2026 12:20:50 PM
27223B,N,V,03/27/2026 12:27:41 PM
27224A,N,O,03/27/2026 06:55:50 AM
27224B,N,O,03/26/2026 06:55:47 AM
27225A,N,O,03/27/2026 11:53:17 AM
27225B,N,O,03/27/2026 12:19:57 PM
27226A,N,O,03/27/2026 11:31:28 AM
27226B,N,V,03/27/2026 12:26:46 PM
27227B,N,O,03/27/2026 10:40:32 AM
27228A,N,O,03/27/2026 11:55:02 AM
27228B,N,O,03/27/2026 12:26:41 PM
27230B,N,V,03/27/2026 11:20:56 AM
27231A,N,O,03/27/2026 12:23:14 PM
27231B,N,O,03/27/2026 08:31:57 AM
27232A,N,O,03/27/2026 09:14:26 AM
27232B,N,O,03/27/2026 12:27:27 PM
27233A,N,V,07/06/2025 09:33:12 AM
27233B,N,O,07/06/2025 09:25:15 AM
27234A,N,V,03/27/2026 12:01:53 PM
27234B,N,O,03/27/2026 11:33:12 AM
27235A,N,V,03/27/2026 10:55:35 AM
27235B,N,V,03/27/2026 09:01:16 AM
27236A,N,V,03/27/2026 11:41:15 AM
27236B,N,O,03/27/2026 11:34:51 AM
27238B,N,O,03/27/2026 12:27:28 PM
27239A,N,V,03/27/2026 12:24:18 PM
27239B,N,O,03/27/2026 11:44:58 AM
27240A,N,V,03/27/2026 12:24:50 PM
27241A,N,V,03/27/2026 12:15:10 PM
27241B,N,V,03/27/2026 11:52:50 AM
27242A,N,O,03/27/2026 12:27:25 PM
27242B,N,O,03/27/2026 08:02:57 AM
27243A,N,O,03/27/2026 11:43:48 AM
27243B,N,O,03/27/2026 11:07:47 AM
27244A,N,O,03/27/2026 11:29:16 AM
27244B,N,O,03/27/2026 09:49:54 AM
27245A,N,O,03/27/2026 09:27:03 AM
27245B,N,O,03/27/2026 08:06:53 AM
27246A,N,O,03/27/2026 12:26:28 PM
27246B,N,O,03/27/2026 12:13:26 PM
27247A,N,V,03/27/2026 12:27:17 PM
27247B,N,O,03/27/2026 11:09:58 AM
27248A,N,O,03/27/2026 12:04:53 PM
27248B,N,O,03/27/2026 10:53:08 AM
27249A,N,O,03/27/2026 09:30:47 AM
27249B,N,V,03/27/2026 12:27:21 PM
27250A,N,O,03/27/2026 12:14:31 PM
27250B,N,O,03/27/2026 10:38:44 AM
27251A,N,V,03/27/2026 07:39:58 AM
27251B,N,O,03/27/2026 12:25:44 PM
27252A,N,O,03/27/2026 11:27:42 AM
27252B,N,V,03/27/2026 12:18:03 PM
27253A,N,O,03/27/2026 11:19:56 AM
27253B,N,V,03/27/2026 12:21:03 PM
27254A,N,O,03/27/2026 11:17:25 AM
27254B,N,V,03/27/2026 11:18:27 AM
27255A,N,O,03/27/2026 12:05:59 PM
27255B,N,V,03/27/2026 11:46:18 AM
27256A,N,O,03/26/2026 07:17:45 PM
27256B,N,V,03/27/2026 11:58:47 AM
27257A,N,O,03/27/2026 11:28:07 AM
27257B,N,V,03/27/2026 10:40:45 AM
27258A,N,V,03/27/2026 11:06:53 AM
27258B,N,O,03/27/2026 11:27:12 AM
27259A,N,V,03/27/2026 11:43:49 AM
27259B,N,V,03/27/2026 12:25:41 PM
27260A,N,V,03/27/2026 11:49:21 AM
27260B,N,V,03/27/2026 11:44:33 AM
27261A,N,V,03/27/2026 11:28:07 AM
27261B,N,V,03/27/2026 11:49:20 AM
27262A,N,V,03/27/2026 10:26:36 AM
27262B,N,V,03/27/2026 11:33:38 AM
27263A,N,V,03/27/2026 11:05:26 AM
27263B,N,V,03/27/2026 09:55:52 AM
27264A,N,V,03/27/2026 12:09:36 PM
27264B,N,O,03/27/2026 11:04:46 AM
27265A,N,V,03/27/2026 10:08:50 AM
27265B,N,O,03/27/2026 12:22:40 PM
27266A,N,V,03/27/2026 10:30:13 AM
27266B,N,O,03/27/2026 10:56:47 AM
27267A,N,V,03/27/2026 11:55:03 AM
27267B,N,V,03/27/2026 12:21:23 PM
27268A,N,V,03/27/2026 11:54:00 AM
27268B,N,O,03/27/2026 11:46:18 AM
27270A,N,V,03/27/2026 09:31:15 AM
27270B,N,V,03/27/2026 11:24:05 AM
27271A,N,O,03/27/2026 11:33:12 AM
27271B,N,V,03/27/2026 11:23:30 AM
27272A,N,O,03/27/2026 10:34:33 AM
27272B,N,V,03/27/2026 12:26:59 PM
27273A,N,O,03/27/2026 09:33:38 AM
27273B,N,V,03/27/2026 10:47:55 AM
27274A,N,V,03/27/2026 11:03:19 AM
27274B,N,O,03/27/2026 12:27:40 PM
27275A,N,O,03/27/2026 06:59:51 AM
27275B,N,V,03/27/2026 11:03:20 AM
27276A,N,O,03/27/2026 09:22:40 AM
27276B,N,V,03/27/2026 09:23:12 AM
27277A,N,V,03/27/2026 11:54:58 AM
27277B,N,O,03/27/2026 11:54:23 AM
27278A,N,V,03/27/2026 10:52:45 AM
27278B,N,V,03/27/2026 10:49:54 AM
27279A,N,O,03/27/2026 10:31:47 AM
27279B,N,V,03/27/2026 10:30:38 AM
27280A,N,O,03/27/2026 11:43:55 AM
27280B,N,O,03/27/2026 11:58:51 AM
27281A,N,V,03/27/2026 11:51:47 AM
27281B,N,O,03/27/2026 11:23:09 AM
27282A,N,O,03/27/2026 12:26:31 PM
27282B,N,V,03/27/2026 12:18:39 PM
27283A,N,O,03/27/2026 11:35:57 AM
27283B,N,V,03/27/2026 09:29:29 AM
27284B,N,O,03/27/2026 12:10:39 PM
27288A,N,V,03/27/2026 11:02:04 AM
27288B,N,V,03/27/2026 11:02:04 AM
27289A,N,O,03/27/2026 11:51:23 AM
27289B,N,V,03/27/2026 09:12:06 AM
2728B,N,O,03/27/2026 11:38:47 AM
27290A,N,O,03/26/2026 05:00:38 PM
27290B,N,V,03/27/2026 10:33:53 AM
27291A,N,V,03/27/2026 10:35:47 AM
27293A,N,V,03/27/2026 10:12:39 AM
27293B,N,V,03/27/2026 12:00:26 PM
27294A,N,O,03/26/2026 07:21:04 PM
27294B,N,O,03/26/2026 06:39:06 PM
27295A,N,O,03/26/2026 06:59:15 PM
27295B,N,O,03/27/2026 12:17:32 PM
27296A,N,O,03/26/2026 07:06:34 PM
27296B,N,V,03/26/2026 07:46:02 PM
27297A,N,O,03/26/2026 07:52:46 PM
27297B,N,O,03/26/2026 07:09:37 PM
27298A,N,V,03/27/2026 10:47:49 AM
27298B,N,V,03/26/2026 07:30:22 PM
27299A,N,O,03/26/2026 07:05:47 PM
27299B,N,V,03/26/2026 07:02:19 PM
2729A,N,O,03/27/2026 11:56:15 AM
2729B,N,V,03/27/2026 12:14:03 PM
27300A,N,V,03/24/2026 07:10:56 PM
27300B,N,V,03/26/2026 10:48:31 AM
27301A,N,O,03/27/2026 08:28:52 AM
27301B,N,O,03/27/2026 09:05:22 AM
27302A,N,O,03/26/2026 08:27:54 AM
27302B,N,O,03/27/2026 08:27:51 AM
27303A,N,O,03/27/2026 08:26:59 AM
27303B,N,O,03/27/2026 08:26:56 AM
27304A,N,O,03/27/2026 08:25:46 AM
27304B,N,O,03/27/2026 08:25:55 AM
27305A,N,O,03/27/2026 10:31:53 AM
27305B,N,O,03/27/2026 08:29:44 AM
27306A,N,O,03/27/2026 08:28:40 AM
27307A,N,O,03/27/2026 11:43:03 AM
27307B,N,O,03/27/2026 07:54:04 AM
27308A,N,O,03/27/2026 08:16:20 AM
27308B,N,O,03/27/2026 06:56:43 AM
27309A,N,O,03/27/2026 12:12:11 PM
27309B,N,V,03/27/2026 12:24:24 PM
2730A,N,O,03/27/2026 12:13:13 PM
2730B,N,O,03/27/2026 06:59:52 AM
27310A,N,O,03/27/2026 12:26:05 PM
27310B,N,V,03/27/2026 12:18:07 PM
27311A,N,O,03/27/2026 08:19:26 AM
27311B,N,V,03/27/2026 12:23:58 PM
27312A,N,V,03/27/2026 11:27:45 AM
27312B,N,O,03/27/2026 08:23:52 AM
27313A,N,V,03/27/2026 11:04:37 AM
27313B,N,V,03/27/2026 12:21:50 PM
27314A,N,O,03/27/2026 10:29:44 AM
27314B,N,V,03/27/2026 12:26:14 PM
27315A,N,O,03/27/2026 10:30:46 AM
27315B,N,V,03/27/2026 12:25:04 PM
27316A,N,O,03/27/2026 08:42:16 AM
27316B,N,O,03/27/2026 11:51:10 AM
27317A,N,O,03/27/2026 11:39:33 AM
27317B,N,O,03/27/2026 12:22:03 PM
27318A,N,V,03/27/2026 11:19:41 AM
27318B,N,O,03/27/2026 11:56:15 AM
27319B,N,O,03/27/2026 12:01:11 PM
2731A,N,O,03/27/2026 10:10:23 AM
2731B,N,O,03/27/2026 11:15:44 AM
27320A,N,O,03/27/2026 12:18:35 PM
27320B,N,V,03/27/2026 12:27:10 PM
27321A,N,O,03/27/2026 09:52:13 AM
27321B,N,O,03/27/2026 11:53:05 AM
27322A,N,O,03/27/2026 11:38:07 AM
27322B,N,V,03/27/2026 12:03:25 PM
27323A,N,O,03/27/2026 12:20:07 PM
27323B,N,V,03/27/2026 12:20:07 PM
27326A,N,O,03/27/2026 06:58:44 AM
27326B,N,O,03/27/2026 08:50:26 AM
27327A,NU,O,03/27/2026 06:57:52 AM
27327B,NU,O,03/27/2026 12:19:52 PM
27328A,N,O,03/27/2026 12:16:58 PM
27328B,N,O,03/27/2026 06:56:46 AM
27329A,N,V,03/27/2026 12:27:22 PM
27329B,N,V,03/27/2026 07:49:33 AM
2732A,N,O,03/27/2026 07:20:24 AM
2732B,N,V,03/27/2026 12:25:04 PM
27330A,N,O,03/27/2026 11:48:01 AM
27330B,N,O,03/27/2026 11:46:37 AM
27331A,N,V,03/27/2026 08:42:16 AM
27331B,N,V,03/27/2026 11:47:53 AM
27332A,N,O,03/27/2026 11:37:28 AM
27332B,N,V,03/27/2026 11:47:33 AM
27333A,N,O,03/27/2026 12:21:07 PM
27333B,N,O,03/27/2026 06:56:55 AM
27334A,N,O,03/27/2026 06:56:26 AM
27334B,N,O,03/27/2026 06:56:10 AM
27335A,N,O,03/27/2026 06:59:50 AM
27335B,N,O,03/26/2026 04:41:39 PM
27336A,N,O,03/27/2026 12:22:08 PM
27336B,N,V,03/27/2026 11:38:45 AM
27337A,N,V,03/27/2026 07:22:01 AM
27337B,N,V,03/27/2026 07:10:51 AM
27338A,N,V,03/27/2026 11:16:09 AM
27338B,N,V,07/29/2025 01:59:24 PM
27339A,N,V,03/27/2026 08:12:00 AM
27339B,N,O,03/26/2026 05:05:19 PM
2733A,N,O,03/27/2026 08:26:41 AM
2733B,N,O,03/27/2026 08:26:41 AM
27340A,N,O,03/26/2026 05:22:53 PM
27340B,N,O,03/26/2026 07:41:57 PM
27341A,N,V,03/27/2026 08:45:10 AM
27341B,N,V,03/27/2026 08:07:54 AM
27342A,N,V,03/26/2026 07:39:47 PM
27342B,N,V,03/27/2026 07:57:28 AM
27343A,N,V,03/27/2026 09:30:48 AM
27343B,N,V,03/27/2026 07:54:16 AM
27344A,N,V,03/25/2026 07:55:02 AM
27344B,N,V,03/27/2026 10:12:53 AM
27345A,N,V,03/27/2026 12:27:28 PM
27345B,N,V,03/27/2026 11:47:05 AM
27346A,N,V,03/27/2026 11:44:39 AM
27346B,N,O,03/27/2026 12:25:59 PM
27347A,N,O,03/27/2026 09:58:08 AM
27347B,N,O,03/27/2026 06:57:41 AM
27348A,N,V,03/27/2026 09:18:24 AM
27348B,N,V,03/27/2026 10:46:28 AM
27349A,N,V,03/27/2026 12:25:37 PM
27349B,N,O,03/27/2026 09:11:45 AM
27350A,N,V,03/27/2026 11:16:57 AM
27350B,N,V,03/27/2026 08:05:35 AM
27351A,N,O,03/27/2026 08:00:07 AM
27351B,N,V,03/27/2026 08:03:56 AM
27352A,N,O,03/27/2026 12:19:47 PM
27352B,N,V,03/27/2026 07:49:21 AM
27353A,N,V,03/27/2026 08:43:59 AM
27353B,N,V,02/12/2026 08:18:45 AM
27354A,N,V,03/27/2026 11:54:32 AM
27354B,N,V,03/27/2026 08:47:08 AM
27355A,N,O,03/27/2026 08:08:16 AM
27355B,N,V,03/27/2026 10:49:09 AM
27356A,N,O,03/27/2026 11:31:28 AM
27356B,N,V,03/27/2026 10:06:59 AM
27357A,N,V,03/27/2026 11:52:45 AM
27357B,N,V,03/27/2026 08:04:10 AM
27358A,N,V,03/27/2026 11:59:22 AM
27358B,N,V,03/27/2026 08:01:41 AM
27359A,N,O,03/27/2026 10:47:00 AM
27359B,N,O,03/27/2026 12:15:58 PM
27360A,N,O,03/26/2026 07:45:48 PM
27360B,N,V,03/27/2026 07:52:04 AM
27361A,N,O,03/27/2026 06:58:55 AM
27361B,N,V,03/27/2026 11:55:32 AM
27362A,N,V,03/27/2026 12:22:13 PM
27362B,N,O,03/27/2026 10:31:23 AM
27367A,N,V,03/27/2026 11:27:59 AM
27367B,N,V,03/27/2026 11:08:53 AM
27368A,N,O,03/27/2026 08:54:23 AM
27368B,N,V,03/27/2026 11:08:52 AM
27369A,N,V,03/27/2026 12:20:12 PM
27369B,N,V,03/27/2026 09:30:49 AM
27370A,N,O,03/27/2026 11:30:58 AM
27370B,N,V,03/27/2026 08:22:34 AM
27371A,N,V,03/27/2026 11:42:38 AM
27371B,N,O,03/27/2026 12:17:22 PM
27372A,N,V,03/27/2026 11:38:47 AM
27372B,N,V,03/27/2026 11:56:19 AM
27373A,N,V,03/27/2026 12:20:48 PM
27373B,N,O,03/27/2026 11:09:04 AM
27374A,N,O,03/27/2026 06:55:43 AM
27374B,N,O,03/27/2026 06:55:43 AM
27375A,N,O,03/27/2026 06:59:45 AM
27375B,N,O,03/27/2026 08:58:56 AM
27376A,N,O,03/27/2026 08:58:58 AM
27377A,N,V,03/27/2026 12:11:40 PM
27377B,N,O,03/27/2026 12:27:08 PM
27378A,N,V,03/27/2026 12:19:25 PM
27378B,N,V,03/27/2026 11:40:32 AM
27379A,N,V,03/27/2026 12:07:22 PM
27379B,N,O,03/27/2026 11:54:43 AM
2737A,N,O,03/27/2026 11:48:20 AM
27381B,N,O,03/27/2026 11:50:59 AM
27382A,N,O,03/27/2026 12:25:26 PM
27382B,N,O,03/27/2026 12:25:19 PM
27383A,N,V,03/27/2026 11:03:08 AM
27383B,N,V,03/27/2026 11:03:24 AM
27384A,N,V,03/27/2026 09:02:43 AM
27384B,N,V,03/27/2026 12:04:32 PM
27385A,N,V,03/27/2026 09:39:27 AM
27385B,N,V,03/27/2026 12:14:46 PM
27386A,N,V,03/27/2026 07:30:23 AM
27386B,N,O,03/27/2026 11:43:22 AM
27387A,N,V,03/27/2026 08:20:47 AM
27387B,N,V,03/27/2026 11:08:34 AM
27388A,N,V,03/27/2026 07:18:01 AM
27388B,N,O,03/27/2026 06:56:49 AM
27389A,N,V,03/27/2026 08:36:33 AM
27389B,N,V,03/27/2026 11:33:47 AM
2738A,N,O,03/27/2026 12:23:31 PM
2738B,N,O,03/27/2026 12:12:30 PM
27390B,N,V,03/27/2026 11:13:13 AM
27391A,N,V,03/27/2026 12:16:10 PM
27391B,N,V,03/27/2026 10:23:49 AM
27392A,N,V,03/27/2026 12:26:16 PM
27392B,N,O,03/27/2026 12:21:52 PM
27393A,N,O,03/27/2026 12:26:46 PM
27393B,N,V,03/27/2026 08:37:49 AM
27394A,N,O,03/27/2026 08:44:03 AM
27394B,N,O,03/27/2026 08:42:11 AM
27395A,N,O,03/27/2026 06:59:52 AM
27395B,N,O,03/27/2026 12:18:14 PM
27396A,N,O,03/27/2026 11:45:53 AM
27396B,N,O,03/27/2026 08:04:27 AM
27397A,N,O,03/27/2026 08:58:33 AM
27397B,N,O,03/27/2026 09:24:17 AM
27398A,N,O,03/27/2026 11:17:11 AM
27398B,N,O,03/27/2026 12:24:04 PM
27399B,N,O,03/27/2026 08:37:56 AM
2739A,N,O,03/27/2026 08:07:26 AM
2739B,N,O,03/27/2026 12:04:39 PM
27400A,N,V,03/27/2026 10:56:15 AM
27400B,N,V,03/27/2026 11:21:28 AM
27403B,N,O,03/27/2026 06:56:48 AM
27404A,N,O,03/27/2026 07:55:50 AM
27405B,N,O,03/27/2026 09:06:46 AM
27406A,N,O,03/27/2026 11:58:31 AM
27406B,N,O,03/27/2026 09:37:25 AM
27408B,N,O,03/27/2026 08:26:48 AM
27409A,N,O,03/27/2026 11:36:10 AM
27409B,N,V,03/27/2026 12:23:29 PM
2740A,N,O,03/27/2026 12:27:25 PM
2740B,N,O,03/27/2026 12:21:25 PM
27410A,N,V,03/27/2026 12:24:45 PM
27410B,N,V,03/27/2026 12:13:17 PM
27412B,N,O,03/27/2026 10:25:26 AM
27413B,N,O,03/27/2026 06:56:46 AM
27415B,N,O,03/27/2026 11:42:06 AM
27416A,N,O,03/27/2026 12:06:57 PM
27416B,N,O,03/27/2026 12:04:56 PM
27417A,N,O,03/27/2026 06:57:48 AM
27417B,N,O,03/27/2026 06:57:44 AM
27418B,N,O,03/27/2026 06:56:48 AM
27419A,N,O,03/27/2026 09:33:34 AM
27419B,N,O,03/27/2026 06:55:45 AM
2741A,N,V,03/27/2026 12:19:54 PM
2741B,N,V,03/27/2026 12:17:39 PM
27420A,N,O,03/27/2026 06:59:47 AM
27420B,N,O,03/27/2026 09:17:56 AM
27421A,N,O,03/27/2026 07:31:38 AM
27421B,N,O,03/27/2026 12:12:07 PM
27426B,NU,O,03/26/2026 02:50:58 PM
27427A,N,O,03/27/2026 08:14:05 AM
27427B,N,O,03/27/2026 08:38:32 AM
27428A,N,O,03/27/2026 11:38:15 AM
27428B,N,O,03/27/2026 11:12:25 AM
27429A,N,O,03/27/2026 09:47:26 AM
27429B,N,O,03/27/2026 09:43:50 AM
2742A,N,O,03/27/2026 12:05:54 PM
2742B,N,V,03/27/2026 12:16:51 PM
27430A,N,O,03/27/2026 11:58:18 AM
27430B,N,O,03/27/2026 12:13:14 PM
27431A,N,O,03/27/2026 08:47:50 AM
27431B,N,O,03/27/2026 11:59:44 AM
27432A,N,O,03/27/2026 07:45:02 AM
27432B,N,O,03/27/2026 12:10:34 PM
27433A,N,O,03/27/2026 11:43:28 AM
27433B,N,O,03/27/2026 12:02:52 PM
27434A,N,O,03/27/2026 10:47:29 AM
27434B,N,O,03/27/2026 06:55:55 AM
27435A,N,O,03/27/2026 11:53:10 AM
27435B,N,O,03/27/2026 11:39:51 AM
27436A,N,O,03/27/2026 09:20:39 AM
27436B,N,O,03/27/2026 10:44:20 AM
27437A,N,O,03/27/2026 12:21:12 PM
27437B,N,O,03/27/2026 11:22:05 AM
27438A,N,O,03/27/2026 12:04:11 PM
27438B,N,O,03/27/2026 08:04:45 AM
27439A,N,O,03/27/2026 10:55:22 AM
27439B,N,O,03/27/2026 11:22:42 AM
27440A,N,O,03/27/2026 12:14:48 PM
27440B,N,O,03/27/2026 10:47:08 AM
27441A,N,O,03/27/2026 10:17:19 AM
27442B,N,O,03/27/2026 09:06:53 AM
27443A,N,O,03/27/2026 12:20:50 PM
27443B,N,O,03/27/2026 11:14:31 AM
27444A,N,O,03/27/2026 09:45:15 AM
27444B,N,O,03/27/2026 09:00:49 AM
27445A,N,O,03/27/2026 12:12:36 PM
27445B,N,O,03/27/2026 11:47:02 AM
27446A,N,O,03/27/2026 12:08:15 PM
27446B,N,O,03/27/2026 12:17:57 PM
27447A,N,O,03/27/2026 07:52:36 AM
27447B,N,O,03/27/2026 07:59:46 AM
27448A,N,O,03/27/2026 11:52:18 AM
27448B,N,O,03/27/2026 12:14:06 PM
27449A,N,O,03/27/2026 12:25:20 PM
27449B,N,O,03/27/2026 12:06:31 PM
27450A,N,O,03/27/2026 10:44:22 AM
27450B,N,V,03/27/2026 12:25:32 PM
27451A,N,O,03/27/2026 11:47:17 AM
27452A,N,O,03/27/2026 06:57:51 AM
27452B,N,O,03/27/2026 10:14:34 AM
27453A,N,O,03/27/2026 10:14:49 AM
27453B,N,O,03/27/2026 08:32:12 AM
27454A,N,O,03/27/2026 10:50:56 AM
27454B,N,O,03/27/2026 06:55:46 AM
27455A,N,V,03/27/2026 12:10:44 PM
27455B,N,V,03/27/2026 11:25:20 AM
27456A,N,O,03/27/2026 12:21:28 PM
27456B,N,O,03/27/2026 12:21:18 PM
27457A,N,V,03/27/2026 12:25:38 PM
27457B,N,V,03/27/2026 11:18:03 AM
27458A,N,V,03/27/2026 12:23:44 PM
27458B,N,V,03/27/2026 09:01:40 AM
27459A,N,V,03/27/2026 08:12:45 AM
27459B,N,O,03/27/2026 12:26:04 PM
27460A,N,V,03/27/2026 11:27:36 AM
27460B,N,O,03/27/2026 11:47:20 AM
27461A,N,O,03/27/2026 08:07:45 AM
27461B,N,V,03/27/2026 10:56:34 AM
27462A,N,O,01/11/2026 10:51:03 AM
27462B,N,O,03/27/2026 11:57:09 AM
27463A,N,V,03/27/2026 11:23:20 AM
27463B,N,O,03/27/2026 12:19:38 PM
27464A,N,V,03/27/2026 11:36:46 AM
27465A,N,O,03/27/2026 10:48:43 AM
27465B,N,O,03/27/2026 09:58:29 AM
27466A,N,O,03/27/2026 08:04:11 AM
27466B,N,O,03/27/2026 12:15:27 PM
27467A,N,O,03/27/2026 12:13:55 PM
27467B,N,O,03/27/2026 08:28:42 AM
27468A,N,O,03/27/2026 12:25:08 PM
27468B,N,O,03/27/2026 11:19:27 AM
27470B,N,V,03/27/2026 10:22:21 AM
27471A,N,O,03/27/2026 08:05:08 AM
27471B,N,V,03/27/2026 07:32:48 AM
27472A,N,O,03/27/2026 11:38:19 AM
27472B,N,O,03/27/2026 12:24:51 PM
27473A,N,O,03/27/2026 12:07:59 PM
27473B,N,O,03/27/2026 09:09:27 AM
27474A,N,V,03/27/2026 07:14:11 AM
27475A,N,O,03/27/2026 09:38:44 AM
27475B,N,O,03/27/2026 12:22:51 PM
27476A,N,V,03/27/2026 12:20:47 PM
27476B,N,O,03/27/2026 07:54:03 AM
27477A,N,O,03/27/2026 11:57:46 AM
27477B,N,V,03/27/2026 12:26:10 PM
27478A,N,V,03/27/2026 11:51:50 AM
27478B,N,V,03/27/2026 11:55:15 AM
27479A,N,O,03/27/2026 11:12:41 AM
27479B,N,O,03/27/2026 11:46:03 AM
27480A,N,O,03/27/2026 10:08:33 AM
27480B,N,V,03/27/2026 12:27:38 PM
27481B,N,O,03/27/2026 11:31:39 AM
27482A,N,O,03/27/2026 12:15:24 PM
27482B,N,O,03/27/2026 11:06:36 AM
27483A,N,O,03/27/2026 12:25:29 PM
27483B,N,O,03/27/2026 12:03:04 PM
27484A,N,O,03/27/2026 11:58:16 AM
27484B,N,O,03/27/2026 07:56:04 AM
27485A,N,O,03/27/2026 12:03:53 PM
27485B,N,O,03/27/2026 11:23:39 AM
27486A,N,O,03/27/2026 07:58:49 AM
27486B,N,O,03/27/2026 08:12:41 AM
27488A,N,V,03/27/2026 10:54:29 AM
27488B,N,V,03/26/2026 12:34:42 PM
27489A,N,O,03/27/2026 11:50:03 AM
27489B,N,V,03/27/2026 09:32:44 AM
27490A,N,V,03/27/2026 11:39:05 AM
27490B,N,V,03/27/2026 12:10:18 PM
27491A,N,V,03/27/2026 10:54:20 AM
27491B,N,V,03/27/2026 10:57:04 AM
27492A,N,O,03/27/2026 11:37:14 AM
27492B,N,V,03/27/2026 12:26:58 PM
27493A,N,O,03/27/2026 12:25:43 PM
27493B,N,V,03/27/2026 12:09:46 PM
27494A,N,O,03/26/2026 06:55:02 PM
27494B,N,V,03/24/2026 07:12:08 PM
27495A,N,V,03/27/2026 08:43:31 AM
27495B,N,V,03/27/2026 10:35:58 AM
27496B,N,O,03/27/2026 12:26:47 PM
27497A,N,V,03/27/2026 09:49:53 AM
27497B,N,V,03/27/2026 10:58:16 AM
27498A,N,V,03/27/2026 12:16:29 PM
27498B,N,V,03/26/2026 07:36:04 PM
27499A,N,V,03/27/2026 12:08:36 PM
27499B,N,V,03/27/2026 07:19:29 AM
27500B,N,V,03/26/2026 03:25:50 PM
27501A,N,O,03/27/2026 06:58:51 AM
27501B,N,O,03/27/2026 10:09:47 AM
27502A,N,O,03/27/2026 10:17:45 AM
27502B,N,O,03/27/2026 09:01:25 AM
27503A,N,O,03/27/2026 08:51:46 AM
27503B,N,O,03/27/2026 08:55:52 AM
27504A,N,O,03/27/2026 12:20:12 PM
27504B,N,O,03/27/2026 11:51:35 AM
27505A,N,O,03/27/2026 12:27:20 PM
27505B,N,O,03/27/2026 06:59:49 AM
27506A,NU,O,03/27/2026 10:32:20 AM
27506B,NU,O,03/27/2026 10:47:40 AM
27507A,N,O,03/27/2026 12:20:32 PM
27507B,N,O,03/27/2026 11:43:08 AM
27508A,N,O,03/27/2026 11:50:21 AM
27508B,N,O,03/27/2026 12:09:36 PM
27509A,N,O,03/27/2026 11:43:57 AM
27509B,N,O,03/27/2026 12:17:06 PM
27510A,N,O,03/27/2026 12:21:10 PM
27510B,N,O,03/27/2026 11:50:34 AM
27511A,N,O,03/27/2026 11:29:07 AM
27511B,N,O,03/27/2026 09:31:59 AM
27512A,N,V,03/27/2026 12:03:53 PM
27512B,N,O,03/27/2026 12:10:34 PM
27513A,N,O,03/27/2026 11:05:52 AM
27513B,N,O,03/27/2026 11:54:13 AM
27514A,N,O,03/27/2026 12:06:49 PM
27514B,N,O,03/27/2026 09:59:55 AM
27515A,N,O,03/27/2026 09:40:42 AM
27515B,N,O,03/27/2026 11:59:15 AM
27516A,N,V,03/27/2026 10:25:07 AM
27516B,N,O,03/27/2026 12:24:23 PM
27517A,N,V,03/27/2026 11:46:48 AM
27517B,N,O,03/27/2026 12:05:30 PM
27518A,N,V,03/27/2026 12:15:55 PM
27518B,N,V,03/27/2026 12:16:02 PM
27519A,N,O,03/27/2026 10:15:46 AM
2751A,N,O,03/27/2026 11:06:43 AM
27521B,N,V,03/27/2026 11:59:45 AM
27522A,N,O,03/27/2026 12:19:22 PM
27522B,N,O,03/27/2026 11:39:13 AM
27523A,N,V,03/27/2026 12:07:03 PM
27523B,N,O,03/27/2026 12:27:12 PM
27524A,N,O,03/27/2026 11:39:10 AM
27524B,N,V,03/27/2026 11:52:35 AM
27525A,N,O,03/27/2026 11:58:27 AM
27525B,N,O,03/27/2026 12:11:07 PM
27526A,N,V,03/27/2026 11:50:39 AM
27526B,N,O,03/27/2026 12:22:09 PM
27527A,N,V,03/27/2026 12:09:42 PM
27527B,N,O,03/27/2026 12:17:38 PM
27528A,N,O,03/27/2026 12:07:50 PM
27528B,N,O,03/27/2026 11:49:08 AM
27529A,N,O,03/27/2026 11:59:32 AM
27529B,N,O,03/27/2026 12:23:17 PM
2752A,N,O,03/27/2026 12:05:37 PM
2752B,N,O,03/27/2026 08:27:45 AM
27530A,N,V,03/27/2026 12:21:03 PM
27530B,N,O,03/27/2026 12:02:57 PM
27531A,N,O,03/27/2026 11:37:49 AM
27531B,N,O,03/27/2026 12:01:26 PM
27532A,N,O,03/27/2026 12:26:07 PM
27532B,N,O,03/27/2026 12:23:25 PM
27533A,N,O,03/27/2026 12:26:33 PM
27533B,N,O,03/27/2026 12:21:59 PM
27534A,N,O,03/27/2026 06:55:48 AM
27534B,N,O,03/27/2026 10:36:52 AM
27535A,N,V,03/27/2026 10:12:51 AM
27535B,N,O,03/27/2026 12:07:38 PM
27536A,N,V,03/27/2026 12:23:48 PM
27536B,N,O,03/27/2026 11:45:40 AM
27537A,N,O,03/27/2026 11:22:03 AM
27537B,N,O,03/27/2026 10:22:17 AM
27538A,N,O,03/27/2026 12:18:36 PM
27538B,N,O,03/27/2026 10:54:36 AM
27539A,N,O,03/27/2026 10:35:48 AM
27539B,N,O,03/27/2026 12:09:04 PM
2753A,N,O,03/27/2026 12:08:27 PM
2753B,N,O,03/27/2026 12:03:37 PM
27541B,N,O,03/27/2026 12:08:06 PM
27542A,N,V,03/27/2026 12:25:02 PM
27542B,N,O,03/27/2026 06:57:53 AM
27543A,N,O,03/27/2026 11:50:16 AM
27543B,N,O,03/27/2026 11:06:41 AM
27544A,N,O,03/27/2026 09:48:20 AM
27544B,N,O,03/27/2026 10:58:24 AM
27545A,N,O,03/27/2026 11:47:27 AM
27545B,N,O,03/27/2026 12:23:07 PM
27546A,N,O,03/27/2026 11:16:10 AM
27546B,N,O,03/27/2026 09:39:28 AM
27547A,N,V,03/27/2026 11:25:23 AM
27547B,N,O,03/27/2026 10:27:16 AM
27548B,N,O,03/27/2026 12:14:20 PM
27549A,N,O,03/27/2026 10:06:42 AM
27549B,N,V,03/27/2026 12:26:02 PM
2754A,N,O,03/27/2026 08:40:38 AM
2754B,N,O,03/27/2026 12:27:11 PM
27550A,N,O,03/27/2026 11:58:27 AM
27550B,N,O,03/27/2026 11:52:03 AM
27551A,N,O,03/27/2026 06:58:52 AM
27552A,N,O,03/27/2026 12:17:59 PM
27552B,N,O,03/27/2026 12:04:32 PM
27553A,N,O,03/27/2026 11:45:46 AM
27553B,N,O,03/27/2026 12:10:11 PM
27556A,N,O,03/27/2026 09:59:09 AM
27556B,N,O,03/27/2026 09:59:34 AM
27557A,N,O,03/27/2026 12:00:10 PM
27557B,N,O,03/27/2026 09:25:50 AM
27558A,N,O,03/27/2026 11:30:27 AM
27558B,N,O,03/27/2026 12:08:51 PM
27559A,N,O,03/27/2026 11:10:20 AM
27559B,N,O,03/27/2026 09:53:17 AM
2755A,N,O,03/27/2026 12:12:00 PM
2755B,N,O,03/27/2026 11:00:08 AM
27560A,N,O,03/27/2026 09:43:52 AM
27560B,N,V,03/27/2026 12:24:36 PM
27561A,N,O,03/27/2026 11:58:06 AM
27561B,N,O,03/27/2026 11:25:30 AM
27562A,N,O,03/27/2026 11:02:05 AM
27562B,N,V,03/27/2026 12:10:13 PM
27563A,N,O,03/27/2026 09:00:30 AM
27563B,N,O,03/27/2026 11:51:14 AM
27564A,N,O,03/27/2026 11:29:45 AM
27564B,N,V,03/27/2026 10:58:17 AM
27565A,N,V,03/27/2026 12:14:17 PM
27565B,N,V,03/27/2026 12:08:05 PM
27566A,N,V,03/27/2026 12:23:33 PM
27566B,N,V,03/27/2026 12:19:03 PM
27567A,N,V,03/27/2026 11:24:48 AM
27567B,N,V,03/27/2026 08:02:09 AM
27568A,N,V,03/27/2026 10:11:42 AM
27568B,N,V,03/27/2026 09:22:31 AM
27569B,N,V,03/27/2026 11:38:07 AM
2756A,N,O,03/27/2026 10:37:40 AM
2756B,N,O,03/27/2026 12:10:22 PM
27570A,N,V,03/27/2026 10:44:20 AM
27570B,N,V,03/27/2026 10:42:41 AM
27571A,N,V,03/27/2026 10:42:47 AM
27571B,N,V,03/27/2026 11:28:19 AM
27572A,N,O,03/27/2026 11:04:23 AM
27572B,N,V,03/27/2026 12:21:40 PM
27573A,N,O,03/27/2026 09:58:42 AM
27573B,N,O,03/27/2026 06:56:50 AM
27574B,N,V,03/27/2026 11:56:32 AM
27575A,N,V,03/27/2026 12:10:23 PM
27575B,N,V,03/27/2026 11:32:00 AM
27576A,N,V,03/27/2026 12:04:44 PM
27576B,N,V,03/27/2026 12:05:19 PM
27577A,N,V,03/27/2026 06:58:33 AM
27578A,N,V,03/27/2026 12:19:45 PM
27578B,N,V,03/27/2026 11:25:43 AM
27579A,N,O,03/27/2026 11:47:12 AM
27579B,N,V,03/27/2026 08:56:34 AM
27580A,N,V,03/27/2026 12:01:11 PM
27581A,N,V,03/27/2026 08:26:24 AM
27581B,N,O,03/27/2026 09:16:06 AM
27582A,N,V,03/27/2026 08:15:25 AM
27582B,N,O,03/27/2026 12:22:05 PM
27583A,N,O,03/27/2026 11:13:47 AM
27587A,N,V,03/27/2026 12:01:49 PM
27587B,N,O,03/27/2026 11:58:34 AM
27588A,N,V,03/27/2026 11:29:59 AM
27588B,N,V,03/27/2026 06:59:21 AM
27589A,N,V,03/27/2026 11:24:44 AM
2758A,N,O,03/27/2026 10:58:41 AM
2758B,N,O,03/27/2026 09:27:56 AM
27590A,N,V,03/27/2026 12:12:18 PM
27590B,N,V,03/27/2026 11:25:03 AM
27591A,N,V,03/27/2026 10:56:28 AM
27591B,N,V,03/27/2026 11:04:10 AM
27592A,N,V,03/27/2026 09:49:20 AM
27593A,N,O,03/27/2026 09:57:55 AM
27593B,N,V,03/27/2026 12:06:50 PM
27594A,N,V,03/27/2026 12:09:47 PM
27594B,N,V,03/27/2026 12:10:38 PM
27595A,N,V,03/27/2026 12:14:25 PM
27596A,N,O,03/27/2026 12:11:39 PM
27599B,N,O,03/27/2026 12:25:12 PM
2759A,N,O,03/27/2026 10:45:46 AM
2759B,N,O,03/27/2026 10:57:03 AM
27600A,N,V,03/27/2026 12:02:03 PM
27600B,N,O,03/27/2026 06:59:50 AM
27601A,N,V,03/27/2026 12:26:29 PM
27601B,N,O,03/27/2026 06:58:47 AM
27602A,N,O,03/27/2026 06:57:51 AM
27605A,N,V,03/27/2026 12:08:08 PM
27606B,N,V,03/27/2026 12:07:58 PM
27607A,N,O,03/27/2026 12:21:26 PM
27607B,N,O,03/27/2026 11:50:23 AM
27608A,N,O,03/27/2026 12:27:10 PM
27608B,N,O,03/27/2026 11:54:26 AM
27609A,N,O,03/27/2026 08:36:14 AM
27609B,N,V,03/27/2026 11:42:20 AM
2760B,N,O,03/27/2026 06:59:45 AM
27610A,N,O,03/27/2026 11:52:28 AM
27610B,N,O,03/27/2026 06:59:44 AM
27611A,N,O,03/27/2026 10:44:35 AM
27611B,N,V,03/27/2026 11:58:52 AM
27612A,N,V,03/27/2026 11:40:24 AM
27612B,N,V,03/27/2026 12:20:50 PM
27613A,N,V,03/27/2026 11:43:13 AM
27613B,N,V,03/27/2026 11:42:51 AM
27614A,N,O,03/27/2026 12:20:41 PM
27614B,N,V,03/27/2026 12:23:06 PM
27615A,N,O,03/27/2026 12:07:05 PM
27615B,N,V,03/27/2026 12:08:30 PM
27616A,N,O,03/27/2026 11:21:04 AM
27616B,N,V,03/27/2026 12:05:35 PM
27617A,N,O,03/27/2026 12:27:14 PM
27617B,N,V,03/27/2026 11:33:13 AM
27618B,N,O,03/27/2026 12:26:22 PM
27619A,N,O,03/27/2026 08:13:47 AM
27619B,N,O,03/27/2026 12:24:43 PM
2761B,N,O,03/27/2026 10:31:11 AM
27620B,N,O,03/27/2026 12:27:37 PM
27622A,N,O,03/27/2026 10:41:17 AM
27622B,N,O,03/27/2026 10:47:06 AM
27625A,N,O,03/27/2026 09:08:36 AM
27625B,N,O,03/27/2026 12:24:37 PM
27626A,N,O,03/27/2026 08:10:23 AM
27626B,N,O,03/27/2026 08:17:56 AM
27627A,N,O,03/27/2026 12:19:43 PM
27627B,N,O,03/27/2026 12:27:15 PM
27628A,N,O,03/27/2026 12:20:36 PM
27628B,N,O,03/27/2026 06:56:50 AM
27629A,N,O,03/27/2026 12:19:35 PM
27629B,N,O,03/27/2026 12:25:33 PM
2762A,N,O,03/27/2026 11:43:06 AM
2762B,N,O,03/27/2026 12:13:26 PM
27630A,N,O,03/27/2026 12:26:06 PM
27630B,N,V,03/27/2026 10:17:36 AM
27631A,N,O,03/27/2026 12:27:07 PM
27631B,N,O,03/27/2026 10:31:29 AM
27632A,N,V,03/27/2026 12:27:35 PM
27632B,N,V,03/27/2026 12:27:28 PM
27633A,N,O,03/27/2026 09:58:36 AM
27633B,N,O,03/27/2026 06:56:52 AM
27634B,N,V,03/27/2026 12:14:05 PM
27635A,N,O,03/27/2026 10:19:10 AM
27635B,N,O,03/27/2026 06:59:44 AM
27636A,N,O,03/27/2026 12:15:56 PM
27636B,N,V,03/27/2026 12:27:38 PM
27637A,N,O,03/27/2026 09:04:47 AM
27637B,N,O,03/27/2026 08:26:55 AM
27638A,N,O,03/27/2026 12:27:32 PM
27638B,N,O,03/27/2026 09:54:34 AM
27639A,N,O,03/27/2026 06:55:44 AM
27639B,N,O,03/27/2026 12:27:02 PM
2763A,N,O,03/27/2026 11:50:42 AM
2763B,N,O,03/27/2026 12:06:38 PM
27641A,N,O,03/27/2026 09:25:38 AM
27641B,N,O,03/27/2026 12:12:02 PM
27642A,N,O,03/27/2026 12:17:02 PM
27642B,N,O,03/27/2026 09:24:29 AM
27643A,N,V,03/27/2026 12:27:40 PM
27643B,N,O,03/27/2026 12:24:15 PM
27644A,N,O,03/27/2026 11:07:50 AM
27644B,N,O,03/27/2026 12:23:59 PM
27645A,N,O,03/27/2026 12:16:39 PM
27645B,N,V,03/27/2026 12:27:20 PM
2764A,N,O,03/27/2026 07:52:20 AM
2764B,N,O,03/27/2026 06:55:50 AM
27654B,N,O,03/27/2026 10:37:29 AM
27655A,N,O,03/27/2026 09:55:38 AM
27655B,N,V,03/27/2026 11:31:03 AM
27656A,N,O,03/27/2026 08:04:26 AM
27656B,N,O,03/27/2026 11:05:18 AM
27657A,N,O,03/27/2026 09:10:32 AM
27657B,N,V,03/27/2026 12:03:50 PM
27658A,N,V,03/27/2026 11:54:50 AM
27658B,N,V,03/27/2026 11:50:40 AM
27659A,N,V,03/27/2026 12:14:15 PM
27659B,N,V,03/27/2026 11:33:34 AM
2765A,N,O,03/27/2026 06:59:51 AM
2765B,N,O,03/27/2026 06:59:51 AM
27660A,N,O,03/27/2026 12:17:44 PM
27660B,N,V,03/27/2026 12:03:30 PM
27661A,N,O,03/27/2026 09:15:50 AM
27662A,N,V,03/27/2026 12:25:30 PM
27662B,N,V,03/27/2026 12:09:44 PM
27663B,N,O,03/27/2026 11:52:12 AM
27664A,N,V,03/27/2026 11:08:56 AM
27664B,N,V,03/27/2026 11:14:51 AM
27665A,N,V,03/27/2026 08:11:33 AM
27665B,N,V,03/27/2026 11:29:29 AM
27666A,N,V,03/27/2026 08:57:34 AM
27666B,N,V,03/27/2026 07:20:15 AM
27667A,N,V,03/27/2026 11:58:03 AM
27667B,N,O,03/27/2026 11:55:32 AM
27668A,N,V,03/27/2026 12:16:51 PM
27668B,N,O,03/27/2026 12:11:37 PM
27669A,N,O,03/27/2026 10:43:59 AM
27669B,N,O,03/27/2026 11:44:29 AM
2766A,N,O,03/27/2026 10:38:19 AM
2766B,N,O,03/27/2026 07:25:28 AM
27670A,N,O,03/27/2026 11:55:08 AM
27670B,N,O,03/27/2026 06:59:56 AM
27671A,N,V,03/27/2026 10:06:14 AM
27671B,N,V,03/27/2026 12:11:37 PM
27672A,N,V,03/27/2026 09:51:15 AM
27672B,N,O,03/27/2026 12:16:36 PM
27673B,N,O,03/27/2026 11:07:14 AM
27674A,N,O,03/27/2026 12:18:43 PM
27674B,N,O,03/27/2026 11:39:23 AM
27675A,N,V,03/27/2026 12:06:17 PM
27676A,N,O,03/27/2026 12:25:08 PM
27676B,N,V,03/27/2026 10:40:44 AM
27677A,N,O,03/27/2026 10:35:03 AM
27677B,N,V,03/27/2026 08:52:54 AM
27678A,N,V,03/27/2026 12:18:39 PM
27678B,N,V,03/27/2026 09:41:06 AM
27679A,N,V,03/27/2026 12:14:04 PM
27679B,N,V,03/27/2026 12:14:04 PM
2767A,N,O,03/27/2026 11:46:09 AM
2767B,N,O,03/27/2026 11:04:25 AM
27680A,N,O,03/27/2026 12:23:02 PM
27680B,N,V,03/27/2026 12:21:45 PM
27681A,N,O,03/27/2026 12:16:22 PM
27681B,N,O,03/27/2026 06:58:49 AM
27682B,N,O,03/27/2026 12:27:39 PM
27683A,N,O,03/27/2026 12:02:01 PM
27683B,N,V,03/27/2026 12:04:59 PM
27684A,N,O,03/27/2026 09:30:54 AM
27684B,N,O,03/16/2026 05:32:44 PM
27686A,N,O,03/27/2026 11:42:41 AM
27686B,N,O,03/27/2026 11:35:55 AM
27687A,N,V,03/27/2026 12:23:35 PM
27687B,N,O,03/27/2026 11:54:05 AM
27688A,N,O,03/27/2026 09:08:46 AM
27688B,N,O,03/27/2026 11:38:59 AM
27689A,N,O,03/26/2026 04:15:21 PM
27689B,N,O,03/27/2026 07:59:47 AM
2768A,N,O,03/27/2026 10:08:09 AM
2768B,N,O,03/27/2026 12:14:27 PM
27690A,N,V,03/27/2026 12:25:10 PM
27690B,N,O,03/27/2026 06:59:47 AM
27691A,N,V,03/27/2026 11:20:40 AM
27691B,N,V,03/27/2026 11:23:08 AM
27692A,N,O,03/27/2026 11:57:51 AM
27692B,N,V,03/27/2026 11:19:52 AM
27693A,N,V,03/26/2026 04:51:31 PM
27693B,N,V,03/27/2026 11:01:51 AM
27694A,N,V,03/27/2026 11:41:45 AM
27694B,N,V,03/27/2026 07:58:09 AM
27695A,N,O,03/27/2026 11:47:45 AM
27695B,N,V,03/27/2026 09:55:20 AM
27696A,N,O,03/27/2026 12:02:26 PM
27696B,N,V,03/27/2026 07:19:56 AM
27697A,N,V,03/27/2026 09:29:31 AM
27697B,N,O,03/26/2026 07:28:21 PM
2769A,N,O,03/26/2026 11:21:36 PM
2769B,N,O,03/27/2026 12:11:57 PM
27701A,N,O,03/27/2026 11:39:34 AM
27701B,N,O,03/27/2026 06:58:44 AM
27702A,N,O,03/27/2026 06:57:54 AM
27702B,N,O,03/27/2026 11:54:43 AM
27703A,N,O,03/27/2026 11:34:39 AM
27703B,N,O,03/27/2026 11:26:25 AM
27705A,N,O,03/27/2026 06:59:44 AM
27706B,N,O,03/27/2026 11:56:46 AM
27707A,N,O,03/27/2026 11:48:04 AM
27707B,N,O,03/27/2026 11:22:34 AM
27708A,N,O,03/27/2026 07:41:34 AM
27708B,N,O,03/27/2026 11:14:32 AM
27709A,N,O,03/27/2026 12:24:04 PM
27709B,N,O,03/27/2026 09:29:14 AM
27711B,N,O,03/27/2026 07:47:35 AM
27712A,N,O,03/27/2026 08:54:44 AM
27712B,N,O,03/27/2026 12:07:24 PM
27713A,N,O,03/27/2026 12:22:39 PM
27713B,N,O,03/27/2026 11:10:26 AM
27714A,N,O,03/27/2026 10:57:10 AM
27715A,N,O,03/27/2026 11:34:36 AM
27715B,N,O,03/27/2026 11:44:05 AM
27716A,N,O,03/27/2026 11:49:32 AM
27716B,N,O,03/27/2026 12:18:18 PM
27717B,N,O,03/27/2026 07:40:33 AM
27719A,N,V,03/27/2026 10:55:04 AM
27719B,N,V,03/27/2026 08:17:29 AM
2771A,N,O,03/27/2026 11:25:58 AM
2771B,N,O,03/27/2026 10:02:25 AM
27720A,N,V,03/26/2026 03:20:22 PM
27720B,N,V,03/27/2026 12:26:44 PM
27721A,N,V,03/27/2026 12:01:37 PM
27721B,N,V,03/26/2026 07:13:04 PM
27722A,N,V,03/27/2026 08:14:41 AM
27722B,N,O,03/27/2026 10:43:39 AM
27723A,N,O,03/27/2026 12:25:24 PM
27724A,N,O,03/27/2026 06:55:44 AM
27724B,N,O,03/27/2026 06:56:10 AM
27725A,N,V,03/26/2026 05:37:56 PM
27725B,N,V,03/25/2026 12:29:53 PM
27726A,N,V,03/27/2026 11:54:14 AM
27726B,N,V,03/27/2026 12:25:08 PM
27727A,N,V,03/27/2026 11:53:20 AM
27727B,N,V,03/26/2026 04:22:40 PM
27728A,N,V,03/26/2026 12:34:14 PM
27728B,N,V,03/27/2026 12:19:58 PM
27729A,N,V,03/27/2026 12:11:23 PM
27729B,N,V,03/27/2026 12:15:47 PM
2772A,N,V,03/27/2026 12:25:34 PM
2772B,N,O,03/27/2026 10:19:36 AM
27730A,N,V,03/27/2026 12:21:56 PM
27730B,N,V,03/27/2026 12:21:56 PM
27731A,N,V,03/27/2026 12:26:11 PM
27731B,N,V,03/26/2026 09:09:02 AM
27732A,N,V,03/27/2026 12:27:25 PM
27733A,N,O,03/27/2026 06:56:42 AM
27733B,N,V,03/26/2026 07:39:26 PM
27734A,N,O,03/27/2026 12:26:32 PM
27734B,N,V,03/27/2026 11:30:21 AM
27735A,N,V,03/27/2026 11:13:38 AM
27735B,N,V,03/27/2026 12:03:41 PM
27736A,N,V,03/27/2026 11:48:36 AM
27736B,N,V,03/27/2026 10:24:13 AM
27737A,N,O,03/27/2026 12:24:22 PM
27737B,N,O,03/27/2026 12:13:11 PM
27738A,N,V,03/27/2026 12:12:52 PM
27739A,N,V,03/27/2026 12:26:56 PM
27739B,N,V,03/27/2026 12:27:43 PM
27740A,N,V,03/27/2026 10:03:10 AM
27740B,N,O,03/27/2026 12:21:34 PM
27741A,N,V,03/27/2026 09:09:09 AM
27741B,N,O,03/27/2026 12:25:51 PM
27742A,N,V,03/27/2026 09:32:15 AM
27742B,N,V,03/27/2026 09:12:58 AM
27743A,N,O,03/27/2026 12:04:32 PM
27743B,N,V,03/27/2026 11:58:04 AM
27744A,N,V,03/27/2026 11:39:36 AM
27744B,N,O,03/27/2026 12:26:46 PM
27745A,N,O,03/27/2026 12:25:09 PM
27745B,N,V,03/27/2026 12:09:04 PM
27746A,N,O,03/27/2026 12:21:27 PM
27746B,N,V,03/27/2026 09:17:18 AM
27747A,N,V,03/27/2026 12:21:57 PM
27747B,N,V,03/25/2026 04:20:58 PM
27748A,N,V,03/22/2026 02:15:22 PM
27748B,N,V,03/27/2026 12:27:19 PM
27749A,N,O,03/27/2026 12:21:37 PM
2774A,N,O,03/27/2026 11:31:36 AM
2774B,N,O,03/27/2026 10:15:34 AM
27750A,N,V,03/26/2026 09:11:15 AM
27750B,N,V,03/27/2026 10:20:56 AM
27751A,N,O,03/26/2026 05:47:09 PM
27752A,N,O,03/27/2026 12:08:47 PM
27752B,N,V,03/27/2026 08:15:19 AM
27753A,N,V,03/26/2026 05:42:36 PM
27753B,N,V,03/27/2026 09:29:19 AM
27754A,N,V,03/26/2026 04:26:27 PM
27754B,N,V,03/26/2026 08:00:00 PM
27755A,N,V,03/27/2026 10:54:27 AM
27755B,N,V,03/26/2026 07:21:12 PM
27756A,N,V,03/26/2026 01:28:11 PM
27756B,N,V,03/27/2026 09:21:29 AM
27757A,N,V,03/27/2026 10:22:09 AM
27757B,N,V,03/27/2026 10:22:09 AM
27758A,N,V,03/27/2026 10:22:04 AM
27758B,N,V,03/27/2026 10:19:56 AM
27759A,N,V,03/26/2026 05:22:03 PM
27759B,N,V,03/26/2026 11:46:03 AM
2775B,N,O,03/27/2026 11:35:53 AM
27760A,N,V,03/27/2026 12:24:37 PM
27760B,N,V,03/26/2026 04:08:02 PM
27761A,N,V,03/26/2026 07:06:37 PM
27761B,N,V,03/26/2026 02:48:29 PM
27762A,N,V,03/27/2026 11:16:21 AM
27762B,N,O,03/27/2026 12:27:32 PM
27763A,N,V,03/26/2026 06:27:38 PM
27763B,N,O,03/26/2026 06:25:32 PM
27764A,N,V,03/26/2026 11:21:02 AM
27764B,N,O,03/27/2026 10:38:54 AM
27765A,N,V,03/27/2026 08:31:10 AM
27766A,N,O,03/27/2026 10:56:05 AM
27766B,N,O,03/27/2026 11:49:22 AM
27767A,N,O,03/27/2026 06:57:46 AM
27767B,N,O,03/27/2026 06:57:46 AM
27768A,N,O,03/27/2026 06:56:48 AM
27768B,N,O,03/27/2026 06:56:48 AM
27769A,N,O,03/27/2026 08:44:13 AM
27769B,N,O,03/27/2026 06:55:47 AM
27770A,NU,O,03/26/2026 11:09:24 AM
27770B,NU,O,03/26/2026 11:10:03 AM
27771A,N,O,03/27/2026 12:24:29 PM
27771B,N,O,03/27/2026 10:49:12 AM
27772A,N,O,03/27/2026 10:01:34 AM
27772B,N,O,03/27/2026 06:57:52 AM
27774A,N,O,03/27/2026 12:20:11 PM
27774B,N,O,03/27/2026 12:26:38 PM
27775A,N,O,03/27/2026 12:21:34 PM
27775B,N,O,03/27/2026 12:10:23 PM
27776A,N,O,03/27/2026 12:27:42 PM
27776B,N,O,03/27/2026 11:10:21 AM
27777A,N,O,03/27/2026 12:10:19 PM
27777B,N,V,03/27/2026 10:23:03 AM
27778A,N,O,03/27/2026 06:56:57 AM
27779A,N,O,03/27/2026 11:50:17 AM
27779B,N,O,03/27/2026 10:22:16 AM
2777A,N,O,03/27/2026 12:00:51 PM
27780A,N,O,03/27/2026 12:14:41 PM
27780B,N,O,03/27/2026 09:49:16 AM
27781A,N,O,03/27/2026 11:54:16 AM
27781B,N,O,03/27/2026 12:11:07 PM
27782A,N,V,03/27/2026 12:22:40 PM
27782B,N,O,03/27/2026 11:33:02 AM
27783A,N,O,03/27/2026 11:39:36 AM
27784A,N,O,03/27/2026 12:03:00 PM
27784B,N,O,03/27/2026 10:46:00 AM
27785A,N,O,03/27/2026 12:15:28 PM
27785B,N,O,03/27/2026 12:15:07 PM
27786A,N,O,03/27/2026 06:59:12 AM
27787A,N,V,03/27/2026 12:26:44 PM
27787B,N,V,03/27/2026 11:55:30 AM
27788A,N,O,03/27/2026 11:24:34 AM
27788B,N,V,03/27/2026 12:26:06 PM
27789A,N,O,03/27/2026 10:50:38 AM
27789B,N,V,03/27/2026 12:25:32 PM
27790A,N,O,03/27/2026 10:04:31 AM
27790B,N,V,03/27/2026 12:21:43 PM
27791A,N,O,03/27/2026 12:21:34 PM
27791B,N,V,03/27/2026 12:10:49 PM
27792A,N,V,03/27/2026 11:31:53 AM
27792B,N,O,03/27/2026 12:21:32 PM
27793A,N,O,03/27/2026 12:03:21 PM
27793B,N,O,03/27/2026 11:20:36 AM
27794A,N,V,03/27/2026 10:42:48 AM
27794B,N,V,03/27/2026 12:18:39 PM
27795A,N,V,03/27/2026 11:05:06 AM
27795B,N,V,03/27/2026 09:46:29 AM
27796A,N,V,03/27/2026 11:19:00 AM
27796B,N,V,03/27/2026 08:33:53 AM
27797A,N,V,03/27/2026 11:54:56 AM
27797B,N,V,03/27/2026 07:42:53 AM
27798A,N,V,03/27/2026 11:32:51 AM
27798B,N,V,03/27/2026 08:40:02 AM
27799A,N,V,03/27/2026 11:50:28 AM
27799B,N,V,03/27/2026 12:05:23 PM
2779A,N,O,03/27/2026 11:45:25 AM
2779B,N,O,03/27/2026 12:13:48 PM
27800A,N,V,03/27/2026 08:12:39 AM
27800B,N,O,03/27/2026 11:04:48 AM
27801A,N,O,03/27/2026 12:27:30 PM
27801B,N,V,03/27/2026 07:57:50 AM
27802A,N,V,03/27/2026 08:26:18 AM
27802B,N,O,03/27/2026 06:57:47 AM
27803A,N,O,03/27/2026 08:52:09 AM
27803B,N,V,03/27/2026 08:23:47 AM
27804A,N,V,03/27/2026 10:34:45 AM
27804B,N,V,03/27/2026 11:16:34 AM
27805A,N,V,03/27/2026 12:04:07 PM
27805B,N,V,03/27/2026 08:14:55 AM
27806A,N,V,03/27/2026 12:04:11 PM
27806B,N,V,03/27/2026 11:39:14 AM
27807A,N,V,03/27/2026 12:02:02 PM
27807B,N,V,03/27/2026 11:42:38 AM
27808A,N,V,03/27/2026 08:01:56 AM
27808B,N,V,03/27/2026 07:21:03 AM
27809A,N,V,03/27/2026 11:37:36 AM
27809B,N,V,03/27/2026 11:37:36 AM
2780A,N,O,03/27/2026 12:13:07 PM
2780B,N,O,03/27/2026 11:54:41 AM
27810A,N,V,03/27/2026 11:37:04 AM
27810B,N,V,03/27/2026 07:21:07 AM
27811A,N,V,03/27/2026 08:59:20 AM
27811B,N,V,03/27/2026 11:29:58 AM
27812A,N,V,03/27/2026 11:59:13 AM
27812B,N,V,03/27/2026 11:33:14 AM
27813A,N,V,03/27/2026 11:39:25 AM
27813B,N,V,03/27/2026 11:40:45 AM
27814A,N,V,03/27/2026 12:26:08 PM
27814B,N,V,03/27/2026 12:21:13 PM
27815A,N,V,03/27/2026 11:43:59 AM
27815B,N,O,03/27/2026 12:27:40 PM
27816B,N,O,03/27/2026 11:12:17 AM
27817A,N,O,03/27/2026 12:16:10 PM
27817B,N,O,03/27/2026 11:11:08 AM
27818A,N,O,03/27/2026 12:20:37 PM
27818B,N,O,03/27/2026 12:25:20 PM
27819A,N,O,03/27/2026 11:54:40 AM
27819B,N,O,03/27/2026 06:56:08 AM
2781A,N,O,03/27/2026 12:02:48 PM
2781B,N,O,03/27/2026 12:27:37 PM
27820A,N,O,03/27/2026 11:53:05 AM
27820B,N,V,03/27/2026 11:56:54 AM
27821A,N,V,03/27/2026 12:27:18 PM
27821B,N,O,03/27/2026 06:58:49 AM
27822A,N,V,03/27/2026 11:36:36 AM
27822B,N,O,03/27/2026 10:07:59 AM
27823A,N,V,03/27/2026 11:29:53 AM
27823B,N,O,03/27/2026 07:50:28 AM
27824A,N,O,03/27/2026 09:15:29 AM
27824B,N,V,03/27/2026 10:39:14 AM
27825A,N,V,03/27/2026 12:12:32 PM
27825B,N,O,03/27/2026 10:03:16 AM
27826A,N,V,03/27/2026 10:35:51 AM
27826B,N,V,03/27/2026 11:44:24 AM
27827A,N,V,03/27/2026 12:21:59 PM
27827B,N,O,03/27/2026 08:25:06 AM
27828A,N,V,03/27/2026 11:56:18 AM
27829B,N,O,03/27/2026 12:07:10 PM
27830A,N,V,03/27/2026 08:53:04 AM
27830B,N,O,03/27/2026 12:11:32 PM
27831A,N,V,03/27/2026 11:31:16 AM
27831B,N,O,03/27/2026 12:11:22 PM
27832A,N,O,03/27/2026 11:24:29 AM
27832B,N,V,03/27/2026 12:02:16 PM
27833A,N,O,03/27/2026 11:17:08 AM
27833B,N,V,03/27/2026 11:56:44 AM
27834A,N,V,03/27/2026 11:31:41 AM
27834B,N,O,03/27/2026 10:54:46 AM
27835A,N,O,03/27/2026 12:07:36 PM
27835B,N,O,03/27/2026 10:19:41 AM
27836A,N,O,03/27/2026 09:45:40 AM
27836B,N,O,03/27/2026 12:18:56 PM
27837A,N,O,03/27/2026 10:41:21 AM
27837B,N,O,03/27/2026 10:38:37 AM
27838A,N,O,03/27/2026 11:27:59 AM
27838B,N,O,03/27/2026 06:56:47 AM
27839A,N,O,03/27/2026 07:30:32 AM
27839B,N,V,03/27/2026 12:01:38 PM
2783A,N,V,03/27/2026 12:23:24 PM
2783B,N,V,03/27/2026 12:27:22 PM
27840A,N,O,03/27/2026 06:59:39 AM
27840B,N,O,03/27/2026 10:16:08 AM
27841A,N,O,03/27/2026 12:22:37 PM
27841B,N,O,03/27/2026 10:22:57 AM
27842B,N,V,03/27/2026 10:20:15 AM
27843A,N,V,03/27/2026 11:01:53 AM
27843B,N,V,03/27/2026 11:21:24 AM
27844A,N,O,03/27/2026 12:13:21 PM
27844B,N,O,03/27/2026 10:47:43 AM
27845A,N,O,03/07/2026 01:29:49 PM
27845B,N,V,03/07/2026 09:20:54 AM
27846A,N,V,03/27/2026 11:09:02 AM
27846B,N,V,03/27/2026 12:16:38 PM
27847A,NU,O,03/26/2026 07:37:23 PM
27847B,NU,V,03/26/2026 07:44:43 PM
27848A,N,O,03/27/2026 12:11:59 PM
27848B,N,V,03/27/2026 12:18:29 PM
27849A,N,V,03/27/2026 07:56:20 AM
27849B,N,V,03/27/2026 10:03:15 AM
2784A,N,O,03/27/2026 09:36:05 AM
2784B,N,O,03/27/2026 12:17:37 PM
27850A,N,V,03/27/2026 12:14:25 PM
27850B,N,V,03/27/2026 11:27:36 AM
27851A,N,V,03/27/2026 12:16:28 PM
27851B,N,V,03/27/2026 08:22:15 AM
27852A,N,O,03/27/2026 08:02:56 AM
27852B,N,V,03/27/2026 09:46:05 AM
27853A,N,V,03/27/2026 12:16:59 PM
27853B,N,O,03/27/2026 12:24:07 PM
27854A,N,V,03/27/2026 11:01:25 AM
27854B,N,V,03/27/2026 09:44:48 AM
27855A,N,V,03/27/2026 11:49:29 AM
27855B,N,V,03/27/2026 08:21:46 AM
27856A,N,V,03/27/2026 10:38:47 AM
27856B,N,O,03/26/2026 07:20:33 PM
27857A,N,V,03/27/2026 08:28:59 AM
27857B,N,V,03/26/2026 08:24:38 AM
27858A,N,V,03/27/2026 09:09:29 AM
27858B,N,V,03/27/2026 08:17:11 AM
27859A,N,V,03/27/2026 07:43:05 AM
27859B,N,V,03/27/2026 08:12:36 AM
27860A,N,V,03/27/2026 07:19:11 AM
27860B,N,V,03/27/2026 08:07:58 AM
27861A,N,V,01/09/2026 10:17:51 AM
27861B,N,V,01/09/2026 10:38:55 AM
27862A,N,O,03/27/2026 12:27:35 PM
27862B,N,O,03/27/2026 11:03:28 AM
27863A,N,V,03/27/2026 12:24:17 PM
27863B,N,O,03/26/2026 06:43:51 PM
27864A,N,O,03/27/2026 11:59:57 AM
27864B,N,V,03/26/2026 03:27:39 PM
27865A,N,V,03/27/2026 11:48:06 AM
27865B,N,V,03/26/2026 07:53:38 PM
27866A,N,V,03/27/2026 11:36:19 AM
27866B,N,V,03/27/2026 10:26:54 AM
27867A,N,O,03/27/2026 10:12:49 AM
27867B,N,O,03/27/2026 11:07:05 AM
27868A,N,O,03/27/2026 12:03:10 PM
27868B,N,O,03/27/2026 11:32:58 AM
27869A,N,O,03/27/2026 07:52:27 AM
27869B,N,V,03/27/2026 11:43:35 AM
27870A,N,O,03/27/2026 08:55:27 AM
27870B,N,V,03/27/2026 12:14:09 PM
27871A,N,V,03/27/2026 10:53:03 AM
27871B,N,V,03/27/2026 12:19:13 PM
27872A,N,V,03/27/2026 11:40:32 AM
27875B,N,O,03/27/2026 08:07:02 AM
27876A,N,V,03/27/2026 11:46:21 AM
27876B,N,V,03/27/2026 11:30:44 AM
27877A,N,V,03/27/2026 12:16:14 PM
27877B,N,V,03/27/2026 10:36:48 AM
27878B,N,O,03/27/2026 06:56:48 AM
27879A,N,V,03/27/2026 11:06:48 AM
27879B,N,O,03/27/2026 08:17:47 AM
27880A,N,V,03/27/2026 12:09:11 PM
27880B,N,O,03/27/2026 11:41:50 AM
27881A,N,O,03/26/2026 06:59:05 AM
27881B,N,O,03/27/2026 08:05:35 AM
27882A,N,O,03/27/2026 06:57:48 AM
27882B,N,V,03/27/2026 12:13:47 PM
27883B,N,O,03/27/2026 11:14:47 AM
27884B,N,O,03/27/2026 07:54:55 AM
27885A,N,O,03/27/2026 08:19:44 AM
27885B,N,O,03/27/2026 11:51:54 AM
27886A,N,O,03/27/2026 11:38:58 AM
27886B,N,O,03/27/2026 11:26:51 AM
27887A,N,O,03/27/2026 11:15:26 AM
27887B,N,O,03/27/2026 11:54:21 AM
27888A,N,V,03/27/2026 11:51:43 AM
27888B,N,O,03/27/2026 06:56:43 AM
27889A,N,V,03/27/2026 11:54:08 AM
2788B,N,O,03/27/2026 11:50:38 AM
27890A,N,V,03/27/2026 09:14:38 AM
27890B,N,V,03/27/2026 09:29:51 AM
27891A,N,O,03/27/2026 12:27:17 PM
27891B,N,O,03/27/2026 11:30:38 AM
27892A,N,O,03/27/2026 10:23:08 AM
27892B,N,V,03/27/2026 11:54:25 AM
27893A,N,O,03/27/2026 11:18:24 AM
27893B,N,V,03/27/2026 11:58:11 AM
27894A,N,O,03/27/2026 11:30:23 AM
27895A,N,V,03/27/2026 09:48:33 AM
27895B,N,V,03/27/2026 10:30:40 AM
27896A,N,V,03/27/2026 08:11:59 AM
27896B,N,V,03/27/2026 11:35:38 AM
27897A,N,V,03/27/2026 12:27:42 PM
27897B,N,O,03/26/2026 05:44:05 PM
27898A,N,V,03/27/2026 12:22:47 PM
27898B,N,O,03/27/2026 12:13:37 PM
27899A,N,V,03/27/2026 10:59:09 AM
27899B,N,V,03/27/2026 11:27:00 AM
2789A,N,O,03/27/2026 12:20:58 PM
2789B,N,O,03/27/2026 12:02:12 PM
27900A,N,V,03/27/2026 12:01:29 PM
27900B,N,O,03/27/2026 06:59:40 AM
27901A,N,O,03/27/2026 12:16:02 PM
27902A,N,O,03/27/2026 11:17:14 AM
27902B,N,V,03/27/2026 12:15:33 PM
27903A,N,O,03/27/2026 12:20:11 PM
27903B,N,V,03/27/2026 11:59:16 AM
27904A,N,O,03/27/2026 09:37:17 AM
27904B,N,V,03/27/2026 11:44:21 AM
27905A,N,V,03/27/2026 10:44:03 AM
27905B,N,O,03/27/2026 06:59:49 AM
27906A,N,V,03/27/2026 12:27:10 PM
27906B,N,V,03/27/2026 11:24:13 AM
27907B,N,O,03/27/2026 12:22:04 PM
27908B,N,V,03/27/2026 11:26:37 AM
27909A,N,V,03/27/2026 12:27:43 PM
27909B,N,V,03/27/2026 11:27:20 AM
2790A,N,V,03/27/2026 12:14:08 PM
27910A,N,O,03/27/2026 12:18:51 PM
27910B,N,O,03/27/2026 12:25:41 PM
27911A,N,O,03/27/2026 10:26:15 AM
27911B,N,V,03/27/2026 12:00:09 PM
27912A,N,O,03/27/2026 12:03:18 PM
27912B,N,V,03/27/2026 12:20:45 PM
27913A,N,O,03/27/2026 09:19:41 AM
27914A,N,O,03/27/2026 12:25:02 PM
27914B,N,O,03/27/2026 12:27:42 PM
27915A,N,V,03/27/2026 12:15:41 PM
27915B,N,O,03/27/2026 08:03:49 AM
27916A,N,O,03/27/2026 10:10:44 AM
27916B,N,V,03/27/2026 11:00:40 AM
27917A,N,V,03/27/2026 12:18:56 PM
27917B,N,V,03/27/2026 12:27:38 PM
27918A,N,V,03/27/2026 12:01:37 PM
27918B,N,V,03/27/2026 08:26:40 AM
27919B,N,V,03/27/2026 12:02:18 PM
2791A,N,O,03/27/2026 07:55:05 AM
2791B,N,O,03/27/2026 11:36:49 AM
27920A,N,O,03/27/2026 12:21:31 PM
27920B,N,O,03/27/2026 11:40:40 AM
27921B,N,O,03/27/2026 10:08:17 AM
27923A,N,O,03/27/2026 11:53:18 AM
27923B,N,O,03/27/2026 06:56:47 AM
27924A,N,O,03/27/2026 06:55:52 AM
27924B,N,O,03/27/2026 11:52:20 AM
27925A,N,O,03/27/2026 11:10:09 AM
27930A,N,O,03/27/2026 06:59:56 AM
27931A,N,O,03/27/2026 09:26:17 AM
27931B,N,V,03/27/2026 10:21:25 AM
27932A,N,V,03/27/2026 11:33:40 AM
27932B,N,V,03/27/2026 11:34:45 AM
27933A,N,O,03/27/2026 11:40:46 AM
27933B,N,V,03/27/2026 11:55:59 AM
27934A,N,O,03/27/2026 07:04:21 AM
27934B,N,V,03/27/2026 11:50:34 AM
27935A,N,V,03/27/2026 12:22:06 PM
27935B,N,V,03/27/2026 11:52:34 AM
27936A,N,O,03/27/2026 09:04:25 AM
27936B,N,V,03/27/2026 11:39:49 AM
27937A,N,V,03/27/2026 12:14:07 PM
27937B,N,V,03/27/2026 12:13:09 PM
27938A,N,O,03/27/2026 12:24:24 PM
27938B,N,V,03/27/2026 11:18:22 AM
27939A,N,O,03/26/2026 04:47:56 PM
27939B,N,V,03/27/2026 12:26:16 PM
27940A,N,V,03/27/2026 12:00:29 PM
27940B,N,V,03/27/2026 11:59:29 AM
27941A,N,V,03/27/2026 12:27:41 PM
27941B,N,O,03/26/2026 05:00:27 PM
27942A,N,V,03/27/2026 12:24:55 PM
27942B,N,O,03/27/2026 06:57:48 AM
27943A,N,V,03/27/2026 12:16:12 PM
27944A,N,V,03/27/2026 12:24:13 PM
27944B,N,V,03/27/2026 12:11:46 PM
27945A,NU,V,03/27/2026 10:29:26 AM
27945B,NU,V,03/27/2026 11:03:30 AM
27950A,N,V,03/27/2026 08:38:00 AM
27950B,N,O,03/27/2026 10:40:42 AM
27951A,N,V,03/27/2026 08:42:30 AM
27951B,N,V,03/27/2026 12:15:06 PM
27952A,N,O,03/27/2026 06:57:49 AM
27952B,N,V,03/27/2026 10:08:49 AM
27953A,N,V,03/27/2026 10:13:26 AM
27953B,N,V,03/27/2026 10:13:18 AM
27954A,N,V,03/27/2026 11:28:42 AM
27954B,N,O,03/27/2026 11:34:06 AM
27955A,N,O,03/27/2026 12:25:06 PM
27955B,N,O,03/27/2026 12:08:17 PM
27956A,N,O,03/27/2026 10:44:19 AM
27957B,N,O,03/27/2026 06:57:51 AM
27958A,N,O,03/27/2026 11:39:55 AM
27958B,N,O,03/27/2026 12:08:43 PM
27959A,N,V,03/27/2026 11:21:07 AM
27959B,N,O,03/27/2026 12:20:54 PM
27960A,N,O,03/27/2026 12:10:36 PM
27960B,N,O,03/27/2026 11:58:28 AM
27961A,N,O,03/27/2026 12:27:39 PM
27961B,N,O,03/27/2026 08:37:41 AM
27962A,N,O,03/27/2026 10:46:39 AM
27962B,N,O,03/27/2026 11:52:13 AM
27963A,N,O,03/27/2026 10:10:56 AM
28001A,N,O,03/27/2026 09:57:17 AM
28001B,N,O,03/27/2026 11:24:58 AM
28002A,N,O,03/27/2026 11:53:20 AM
28002B,N,O,03/27/2026 11:38:12 AM
28003A,N,O,03/27/2026 09:16:44 AM
28003B,N,O,03/27/2026 06:56:43 AM
28004A,N,O,03/27/2026 12:04:12 PM
28004B,N,O,03/27/2026 07:52:28 AM
28005A,N,O,03/27/2026 12:22:54 PM
28006A,N,O,03/27/2026 11:57:45 AM
28006B,N,O,03/27/2026 06:58:53 AM
28007A,N,O,03/27/2026 11:47:52 AM
28007B,N,O,03/27/2026 12:19:06 PM
28008A,N,O,03/27/2026 12:26:27 PM
28008B,N,O,03/27/2026 09:38:38 AM
28009B,N,O,03/27/2026 11:27:40 AM
2800B,N,V,03/27/2026 12:24:08 PM
28011A,N,O,03/27/2026 11:42:06 AM
28011B,N,O,03/27/2026 11:21:51 AM
28012A,N,O,03/27/2026 11:07:02 AM
28012B,N,O,03/27/2026 09:52:43 AM
28013A,N,O,03/27/2026 11:35:13 AM
28013B,N,O,03/27/2026 12:23:16 PM
28014A,N,O,03/27/2026 12:06:09 PM
28014B,N,O,03/27/2026 12:16:50 PM
28015A,N,O,03/27/2026 07:54:18 AM
28015B,N,O,03/27/2026 11:45:37 AM
28016A,N,O,03/27/2026 12:19:18 PM
28016B,N,O,03/27/2026 10:21:58 AM
28017B,N,V,03/27/2026 12:25:36 PM
28018A,N,O,03/27/2026 12:25:56 PM
2801A,N,V,03/27/2026 12:26:16 PM
2801B,N,O,03/27/2026 07:07:48 AM
28020B,N,O,03/27/2026 12:10:31 PM
28021A,N,O,03/27/2026 11:39:13 AM
28021B,N,O,03/27/2026 10:13:23 AM
28022A,N,O,03/27/2026 08:55:29 AM
28022B,N,O,03/27/2026 11:40:32 AM
28023A,N,V,03/27/2026 12:27:02 PM
28023B,N,O,03/27/2026 11:15:21 AM
28024A,N,O,03/27/2026 12:20:14 PM
28024B,N,O,03/27/2026 11:15:19 AM
28025A,N,O,03/27/2026 06:59:47 AM
28025B,N,O,03/27/2026 11:08:41 AM
28027A,N,O,03/27/2026 06:57:48 AM
28028A,N,O,03/27/2026 12:05:16 PM
28028B,N,V,03/27/2026 11:59:10 AM
28029A,N,V,03/27/2026 11:59:25 AM
28029B,N,V,03/27/2026 12:27:40 PM
28030A,N,O,03/27/2026 06:59:57 AM
28030B,N,V,03/27/2026 08:25:33 AM
28031A,N,O,03/27/2026 11:04:50 AM
28031B,N,O,03/27/2026 12:27:16 PM
28032A,N,V,03/27/2026 12:11:33 PM
28032B,N,O,03/27/2026 12:26:03 PM
28033A,N,V,03/27/2026 12:27:24 PM
28033B,N,V,03/27/2026 12:27:39 PM
28034A,N,V,03/27/2026 12:27:35 PM
28034B,N,O,03/27/2026 12:27:26 PM
28035A,N,V,03/27/2026 10:31:51 AM
28035B,N,V,03/26/2026 07:13:43 PM
28036A,N,V,03/27/2026 08:37:22 AM
28036B,N,O,03/27/2026 08:56:51 AM
28037A,N,O,07/20/2025 03:59:48 PM
28037B,N,V,07/18/2025 11:51:26 AM
28042B,N,O,03/27/2026 11:34:52 AM
28043A,N,O,03/27/2026 11:25:23 AM
28043B,N,O,03/27/2026 12:02:14 PM
28044A,N,O,03/27/2026 12:07:51 PM
28044B,N,O,03/27/2026 11:10:38 AM
28045A,N,O,03/27/2026 11:52:18 AM
28045B,N,V,03/27/2026 12:25:21 PM
28046A,N,O,03/27/2026 10:49:50 AM
28046B,N,V,03/27/2026 11:39:49 AM
28047A,N,O,03/27/2026 10:29:09 AM
28048A,N,O,03/27/2026 11:48:35 AM
28048B,N,O,03/27/2026 10:39:02 AM
28049A,N,O,03/27/2026 12:16:31 PM
28049B,N,O,03/27/2026 11:57:03 AM
28050A,N,O,03/27/2026 06:59:43 AM
28050B,N,O,03/27/2026 11:56:07 AM
28051A,N,O,03/27/2026 06:58:46 AM
28051B,N,O,03/27/2026 12:02:24 PM
28052A,N,O,03/27/2026 11:06:48 AM
28052B,N,O,03/27/2026 12:18:58 PM
28053A,N,O,03/27/2026 08:38:27 AM
28053B,N,O,03/27/2026 12:22:05 PM
28054A,N,O,03/27/2026 11:12:49 AM
28054B,N,O,03/27/2026 12:24:02 PM
28055A,N,O,03/27/2026 11:13:43 AM
28055B,N,O,03/27/2026 11:36:03 AM
28056B,N,O,03/27/2026 11:51:04 AM
28057A,N,O,03/27/2026 12:07:08 PM
28057B,N,O,03/27/2026 12:10:41 PM
28058A,N,O,03/27/2026 11:14:51 AM
28058B,N,O,03/27/2026 12:11:02 PM
28059A,N,O,03/27/2026 11:00:02 AM
28059B,N,O,03/27/2026 10:06:46 AM
28060A,N,O,03/27/2026 12:04:53 PM
28060B,N,O,03/27/2026 12:24:18 PM
28061A,N,O,03/27/2026 11:32:05 AM
28061B,N,O,03/27/2026 11:37:45 AM
28062A,N,O,03/27/2026 11:51:59 AM
28062B,N,O,03/27/2026 11:23:24 AM
28063A,N,O,03/27/2026 11:04:18 AM
28063B,N,O,03/27/2026 12:17:41 PM
28064A,N,O,03/27/2026 11:54:52 AM
28064B,N,O,03/27/2026 12:12:11 PM
28067B,N,O,03/27/2026 12:26:20 PM
28068B,N,O,03/27/2026 12:20:08 PM
28069A,N,O,03/27/2026 10:25:51 AM
28069B,N,O,03/27/2026 10:42:22 AM
28070A,N,O,03/27/2026 11:27:17 AM
28070B,N,O,03/27/2026 09:26:47 AM
28071A,N,O,03/27/2026 12:14:36 PM
28071B,N,O,03/27/2026 12:16:36 PM
28072B,N,O,03/27/2026 06:57:47 AM
28073A,N,O,03/27/2026 09:30:38 AM
28073B,N,O,03/27/2026 06:56:50 AM
28074A,N,O,03/27/2026 09:17:03 AM
28074B,N,O,03/27/2026 08:56:21 AM
28075A,N,O,03/27/2026 11:51:42 AM
28075B,N,O,03/27/2026 06:59:54 AM
28076A,N,O,03/27/2026 06:58:46 AM
28076B,N,O,03/27/2026 06:58:46 AM
28078B,N,O,03/27/2026 06:56:51 AM
28079A,N,O,03/27/2026 06:55:51 AM
28079B,N,O,03/27/2026 06:55:51 AM
2807A,N,O,03/27/2026 09:27:18 AM
2807B,N,O,03/27/2026 09:58:08 AM
28080A,N,O,03/27/2026 11:03:45 AM
28080B,N,O,03/27/2026 07:00:33 AM
28081A,N,O,03/27/2026 10:39:31 AM
28081B,N,O,03/27/2026 12:17:47 PM
28082A,N,O,03/27/2026 11:04:59 AM
28082B,N,O,03/27/2026 12:03:30 PM
28083A,N,O,03/27/2026 11:51:33 AM
28083B,N,O,03/27/2026 11:59:57 AM
28084A,N,O,03/27/2026 10:52:24 AM
28084B,N,O,03/27/2026 11:36:57 AM
28085A,N,O,03/27/2026 09:44:31 AM
28085B,N,O,03/27/2026 08:44:38 AM
28086A,N,O,03/27/2026 10:30:43 AM
28086B,N,O,03/27/2026 12:20:16 PM
28088A,N,O,03/27/2026 11:36:56 AM
28088B,N,O,03/27/2026 12:03:28 PM
28089A,N,O,03/27/2026 11:16:59 AM
28089B,N,O,03/27/2026 12:05:24 PM
2808B,N,O,03/27/2026 11:14:55 AM
28091B,N,O,03/27/2026 10:53:21 AM
28093A,N,O,03/27/2026 06:56:42 AM
28093B,N,V,03/27/2026 12:26:35 PM
28094A,N,O,03/27/2026 11:53:49 AM
28094B,N,O,03/27/2026 11:52:23 AM
28095A,N,O,03/27/2026 12:26:48 PM
28095B,N,O,03/27/2026 12:21:47 PM
28096A,N,O,03/27/2026 11:49:00 AM
28096B,N,O,03/27/2026 12:16:18 PM
28097B,N,V,03/27/2026 08:37:22 AM
28098A,N,V,03/27/2026 08:12:03 AM
280A,N,O,03/27/2026 08:22:46 AM
280B,N,O,03/27/2026 09:27:58 AM
28100A,N,O,03/27/2026 11:59:46 AM
28100B,N,O,03/27/2026 11:34:13 AM
28101A,N,O,03/27/2026 09:02:58 AM
28101B,N,O,03/27/2026 08:54:45 AM
28102A,N,O,03/27/2026 10:00:41 AM
28102B,N,O,03/27/2026 08:06:51 AM
28103A,N,O,03/27/2026 11:54:03 AM
28103B,N,O,03/27/2026 11:44:57 AM
28104A,N,O,03/27/2026 08:11:10 AM
28104B,N,O,03/27/2026 11:26:49 AM
28105A,N,O,03/27/2026 12:23:22 PM
28105B,N,O,03/27/2026 09:23:22 AM
28106A,N,O,03/27/2026 09:18:58 AM
28106B,N,O,03/27/2026 12:23:53 PM
28107A,N,O,03/27/2026 08:55:20 AM
28107B,N,O,03/27/2026 09:19:03 AM
28108A,N,O,03/27/2026 12:25:45 PM
28108B,N,O,03/27/2026 11:44:57 AM
28109A,N,O,03/27/2026 11:08:29 AM
28109B,N,O,03/27/2026 12:23:05 PM
28110A,N,O,03/27/2026 10:27:07 AM
28110B,N,O,03/27/2026 10:51:44 AM
28111A,N,O,03/26/2026 06:43:05 PM
28111B,N,V,03/27/2026 10:38:49 AM
28112A,N,V,03/27/2026 10:11:25 AM
28112B,N,O,03/27/2026 09:59:00 AM
28113A,N,V,03/27/2026 09:23:31 AM
28113B,N,O,03/27/2026 09:21:09 AM
28114A,N,V,03/27/2026 11:58:24 AM
28114B,N,V,03/27/2026 11:56:36 AM
28115A,N,V,03/27/2026 07:16:45 AM
28115B,N,O,03/27/2026 12:13:50 PM
28116A,N,O,03/27/2026 12:01:09 PM
28116B,N,O,03/27/2026 10:10:21 AM
28117A,N,O,03/27/2026 06:57:48 AM
28117B,N,O,03/27/2026 12:17:17 PM
28118B,N,O,03/27/2026 06:56:49 AM
28119A,N,V,03/27/2026 07:17:12 AM
28120A,N,V,03/27/2026 09:45:26 AM
28120B,N,V,03/27/2026 10:08:49 AM
28121A,N,O,03/27/2026 12:25:59 PM
28121B,N,V,03/27/2026 11:42:48 AM
28122B,N,V,03/27/2026 07:11:26 AM
28123A,N,V,03/27/2026 11:07:36 AM
28124A,N,V,03/27/2026 07:12:27 AM
28124B,N,V,03/27/2026 10:36:09 AM
28125A,N,V,03/27/2026 11:41:41 AM
28125B,N,V,03/27/2026 11:44:09 AM
28126A,N,O,03/27/2026 09:46:56 AM
28126B,N,O,03/27/2026 11:46:24 AM
28127A,N,V,03/27/2026 08:12:52 AM
28127B,N,V,03/27/2026 12:27:23 PM
28128A,N,V,03/27/2026 07:45:47 AM
28128B,N,V,03/27/2026 11:18:23 AM
28129A,N,V,03/27/2026 12:11:36 PM
28129B,N,V,03/27/2026 12:14:22 PM
28130A,N,V,03/27/2026 08:45:19 AM
28130B,N,V,03/26/2026 06:00:31 PM
28131A,N,V,03/27/2026 08:00:28 AM
28131B,N,V,03/27/2026 08:54:11 AM
28132A,N,V,03/26/2026 05:58:43 PM
28132B,N,V,03/27/2026 10:57:18 AM
28133A,N,V,03/27/2026 12:11:23 PM
28133B,N,V,03/27/2026 07:31:05 AM
28134A,N,V,03/27/2026 12:05:17 PM
28134B,N,V,03/27/2026 12:23:08 PM
28135A,N,V,03/26/2026 07:40:11 PM
28135B,N,V,03/27/2026 11:29:49 AM
28136A,N,V,03/27/2026 07:46:04 AM
28136B,N,V,03/27/2026 07:47:10 AM
28137A,N,V,03/27/2026 07:31:29 AM
28137B,N,V,03/27/2026 11:24:03 AM
28138A,N,V,03/27/2026 11:00:39 AM
28138B,N,V,03/27/2026 11:01:10 AM
28139A,N,V,03/27/2026 07:40:49 AM
28139B,N,V,03/27/2026 12:14:12 PM
2813A,N,O,03/27/2026 12:11:44 PM
2813B,N,V,03/27/2026 12:17:57 PM
28140A,N,V,03/27/2026 12:10:51 PM
28140B,N,O,03/27/2026 09:20:02 AM
28141A,N,O,03/27/2026 08:15:08 AM
28141B,N,V,03/27/2026 09:48:25 AM
28142A,N,O,03/26/2026 07:31:50 PM
28142B,N,V,03/26/2026 07:41:56 PM
28143A,N,V,03/27/2026 08:48:15 AM
28143B,N,V,03/27/2026 08:48:43 AM
28144A,N,V,03/27/2026 08:29:17 AM
28144B,N,V,03/26/2026 01:33:46 PM
28145A,N,V,03/27/2026 11:46:46 AM
28145B,N,V,03/27/2026 11:46:46 AM
28146A,N,V,03/27/2026 12:24:02 PM
28146B,N,V,03/27/2026 09:38:48 AM
28147A,N,V,03/27/2026 12:27:21 PM
28148B,N,O,03/27/2026 11:42:49 AM
28149A,N,V,03/27/2026 09:21:46 AM
28149B,N,O,03/27/2026 12:22:54 PM
2814A,N,V,03/27/2026 12:17:57 PM
2814B,N,O,03/27/2026 08:00:40 AM
28150A,N,V,03/27/2026 11:56:50 AM
28150B,N,V,03/27/2026 12:25:11 PM
28151A,N,V,03/27/2026 09:55:07 AM
28151B,N,V,03/27/2026 09:53:35 AM
28152A,N,V,03/27/2026 11:18:04 AM
28152B,N,V,03/27/2026 12:25:45 PM
28153A,N,O,03/27/2026 12:27:38 PM
28153B,N,V,03/27/2026 12:27:12 PM
28154A,N,V,03/27/2026 12:25:58 PM
28154B,N,V,03/27/2026 12:25:49 PM
28155A,N,V,03/27/2026 12:24:56 PM
28155B,N,O,03/27/2026 11:45:08 AM
28156A,N,V,03/27/2026 12:27:42 PM
28156B,N,O,03/27/2026 06:58:56 AM
28158A,N,V,03/27/2026 08:27:57 AM
28158B,N,O,03/27/2026 06:56:51 AM
28159A,N,V,03/27/2026 09:42:10 AM
28159B,N,V,03/27/2026 12:25:18 PM
28160A,N,V,03/27/2026 12:01:33 PM
28160B,N,V,03/27/2026 08:41:06 AM
28161A,N,V,03/27/2026 12:09:13 PM
28161B,N,V,03/27/2026 08:59:56 AM
28162A,N,V,03/27/2026 09:17:10 AM
28162B,N,V,03/27/2026 09:19:52 AM
28163A,N,V,03/27/2026 11:39:54 AM
28163B,N,V,03/27/2026 11:39:36 AM
28164A,N,O,03/27/2026 06:58:39 AM
28164B,N,V,03/27/2026 11:00:08 AM
28165A,N,O,03/27/2026 12:00:06 PM
28165B,N,O,03/27/2026 09:24:21 AM
28166A,N,O,03/27/2026 07:58:51 AM
28166B,N,O,03/27/2026 11:12:02 AM
28167A,N,O,03/27/2026 11:21:54 AM
28167B,N,V,03/27/2026 12:06:10 PM
28168A,N,O,03/27/2026 12:10:03 PM
28168B,N,O,03/27/2026 07:57:01 AM
28169A,N,O,03/27/2026 12:08:34 PM
28169B,N,O,03/27/2026 07:57:16 AM
28170A,N,O,03/27/2026 08:35:04 AM
28170B,N,O,03/27/2026 11:23:48 AM
28171A,N,O,03/27/2026 11:59:07 AM
28171B,N,O,03/27/2026 11:59:57 AM
28172A,N,O,03/27/2026 11:10:41 AM
28172B,N,O,03/27/2026 12:18:24 PM
28173A,N,O,03/27/2026 12:25:21 PM
28173B,N,O,03/27/2026 12:24:48 PM
28174A,N,O,03/27/2026 10:16:42 AM
28174B,N,O,03/27/2026 12:06:40 PM
28175A,N,O,03/27/2026 12:06:45 PM
28175B,N,O,03/27/2026 12:24:08 PM
28176A,N,O,03/27/2026 12:10:58 PM
28176B,N,O,03/27/2026 10:25:41 AM
28177A,N,V,03/27/2026 12:27:13 PM
28177B,N,O,03/27/2026 11:30:32 AM
28178A,N,O,03/27/2026 11:50:59 AM
28178B,N,O,03/27/2026 11:57:03 AM
28179A,N,O,03/27/2026 10:48:09 AM
28179B,N,O,03/27/2026 12:14:29 PM
28180A,N,O,03/27/2026 11:46:46 AM
28180B,N,O,03/27/2026 12:20:30 PM
28181A,N,O,03/27/2026 12:02:51 PM
28181B,N,O,03/27/2026 11:13:32 AM
28182A,N,O,03/27/2026 11:17:19 AM
28183A,N,O,03/27/2026 12:09:45 PM
28183B,N,O,03/27/2026 11:23:58 AM
28184A,N,O,03/27/2026 11:55:02 AM
28184B,N,O,03/27/2026 11:52:45 AM
28185A,N,O,03/27/2026 11:50:26 AM
28185B,N,O,03/27/2026 11:44:26 AM
28186A,N,O,03/27/2026 09:59:57 AM
28186B,N,O,03/27/2026 11:23:57 AM
28187A,N,O,03/27/2026 12:02:07 PM
28187B,N,O,03/27/2026 11:09:41 AM
28188B,N,O,03/27/2026 08:20:15 AM
28190B,N,V,03/27/2026 12:21:24 PM
28191A,N,O,03/27/2026 08:48:58 AM
28191B,N,O,03/27/2026 06:58:53 AM
28192A,N,O,03/27/2026 06:58:12 AM
28192B,N,V,03/27/2026 12:27:11 PM
28193A,N,O,03/27/2026 06:56:47 AM
28193B,N,O,03/27/2026 06:56:47 AM
28194A,N,O,03/27/2026 07:45:14 AM
28195A,N,O,03/27/2026 12:23:18 PM
28195B,N,O,03/27/2026 12:10:15 PM
28196A,N,V,03/27/2026 12:27:34 PM
28196B,N,O,03/27/2026 10:54:56 AM
28197A,NU,O,03/26/2026 06:57:54 PM
28197B,NU,O,03/26/2026 04:42:23 PM
28198A,N,O,03/27/2026 08:46:35 AM
28198B,N,O,03/27/2026 11:32:39 AM
28199A,N,O,03/27/2026 11:41:47 AM
28199B,N,O,03/27/2026 07:55:48 AM
2819A,N,V,03/27/2026 12:20:43 PM
2819B,N,O,03/27/2026 11:28:32 AM
281B,N,O,03/27/2026 11:33:06 AM
28200B,N,O,03/27/2026 11:41:20 AM
28201A,N,V,03/27/2026 11:04:24 AM
28201B,N,O,03/26/2026 05:46:00 PM
28202A,N,O,03/27/2026 06:57:49 AM
28202B,N,V,03/27/2026 07:01:57 AM
28203A,N,V,03/27/2026 10:48:13 AM
28203B,N,O,03/27/2026 11:49:28 AM
28204A,N,V,03/27/2026 10:41:24 AM
28204B,N,V,03/27/2026 10:02:41 AM
28205A,N,V,03/27/2026 12:23:52 PM
28205B,N,V,03/27/2026 10:25:39 AM
28206A,N,V,03/27/2026 11:01:45 AM
28206B,N,O,03/27/2026 12:02:07 PM
28207A,N,V,03/27/2026 11:41:40 AM
28209A,N,O,03/27/2026 12:25:16 PM
2820A,N,O,03/27/2026 11:28:05 AM
2820B,N,V,03/27/2026 11:48:47 AM
28210A,N,V,03/27/2026 12:17:47 PM
28210B,N,V,03/27/2026 12:08:32 PM
28211A,N,O,03/27/2026 11:18:06 AM
28211B,N,O,03/27/2026 09:55:10 AM
28212A,N,V,03/26/2026 04:51:46 PM
28212B,N,V,03/26/2026 08:24:57 AM
28213A,N,V,03/20/2026 07:23:06 AM
28213B,N,V,03/17/2026 07:12:20 AM
28214A,N,V,03/27/2026 12:27:33 PM
28215B,N,V,03/27/2026 12:27:43 PM
28216A,N,V,03/27/2026 09:11:23 AM
28216B,N,V,03/27/2026 08:10:26 AM
28217A,N,V,03/27/2026 11:32:24 AM
28217B,N,V,03/27/2026 11:51:16 AM
28218A,N,O,03/27/2026 12:14:02 PM
28218B,N,V,03/27/2026 11:45:28 AM
28219A,NU,O,03/26/2026 06:01:33 PM
28219B,NU,O,03/26/2026 07:25:08 PM
2821A,N,O,03/27/2026 12:23:58 PM
2821B,N,O,03/27/2026 10:33:17 AM
28220A,N,V,03/26/2026 10:33:48 AM
28220B,N,V,03/26/2026 04:24:13 PM
28221A,N,V,03/27/2026 08:33:52 AM
28221B,N,V,03/27/2026 08:41:54 AM
28222A,N,V,03/27/2026 12:25:16 PM
28222B,N,V,03/22/2026 07:17:41 PM
28223A,N,V,03/27/2026 10:30:00 AM
28223B,N,V,03/27/2026 12:23:03 PM
28224A,N,V,03/27/2026 07:34:44 AM
28224B,N,V,03/27/2026 08:44:53 AM
28225A,N,V,03/26/2026 06:30:46 PM
28225B,N,V,03/27/2026 08:58:55 AM
28226A,N,V,03/27/2026 12:17:48 PM
28226B,N,V,03/26/2026 07:58:38 PM
28227A,N,O,03/27/2026 12:24:56 PM
28227B,N,O,03/27/2026 12:09:09 PM
28228A,N,V,03/27/2026 09:36:05 AM
28228B,N,V,03/27/2026 12:27:33 PM
28229A,N,V,03/27/2026 07:22:08 AM
28229B,N,V,03/27/2026 07:14:29 AM
28230A,N,V,03/27/2026 08:03:09 AM
28230B,N,V,03/26/2026 06:51:54 PM
28231A,N,V,03/27/2026 10:50:46 AM
28231B,N,O,03/27/2026 12:24:27 PM
28232A,N,V,03/27/2026 12:13:50 PM
28232B,N,V,03/27/2026 12:12:34 PM
28233A,N,V,03/27/2026 11:33:25 AM
28234B,N,O,03/27/2026 12:27:24 PM
28235A,N,O,03/27/2026 12:16:10 PM
28235B,N,O,03/27/2026 12:19:42 PM
28236B,N,O,03/27/2026 11:31:04 AM
28237A,N,V,03/27/2026 12:26:14 PM
28237B,N,O,03/26/2026 06:24:31 PM
28238A,N,O,03/26/2026 07:19:21 PM
28238B,N,O,03/27/2026 12:09:48 PM
28239A,N,O,09/04/2025 06:16:09 PM
28239B,N,O,03/27/2026 06:55:54 AM
28240A,N,O,03/27/2026 12:16:08 PM
28240B,N,O,03/27/2026 12:19:08 PM
28241A,N,O,03/27/2026 09:33:04 AM
28241B,N,O,03/27/2026 11:57:03 AM
28242A,N,O,03/27/2026 12:00:20 PM
28242B,N,O,03/27/2026 11:14:52 AM
28243A,N,O,03/27/2026 10:46:18 AM
28243B,N,O,03/27/2026 06:56:47 AM
28244B,N,O,03/27/2026 11:06:02 AM
28245A,N,O,03/27/2026 09:42:15 AM
28246A,N,O,03/27/2026 10:30:20 AM
28246B,N,O,03/27/2026 12:07:56 PM
28247A,N,V,10/17/2025 04:27:17 PM
28247B,N,O,10/17/2025 04:34:20 PM
28248B,N,V,03/27/2026 12:26:02 PM
28249A,N,V,03/27/2026 11:14:56 AM
28249B,N,V,03/27/2026 10:50:23 AM
28250A,N,V,03/27/2026 10:29:50 AM
28250B,N,V,03/27/2026 11:15:58 AM
28251A,N,V,03/27/2026 11:54:12 AM
28251B,N,O,03/27/2026 12:26:14 PM
28252A,N,V,03/27/2026 09:05:05 AM
28252B,N,V,03/27/2026 11:44:15 AM
28253A,N,V,03/26/2026 01:21:34 PM
28253B,N,V,03/26/2026 03:32:41 PM
28254A,N,V,03/26/2026 04:13:06 PM
28254B,N,V,03/27/2026 10:13:47 AM
28255A,N,V,03/27/2026 12:13:44 PM
28255B,N,V,03/27/2026 10:56:29 AM
28256A,N,V,03/27/2026 11:36:53 AM
28256B,N,O,03/27/2026 11:52:05 AM
28257A,N,V,03/27/2026 10:53:13 AM
28257B,N,O,03/27/2026 11:38:19 AM
28258A,N,V,03/27/2026 11:17:09 AM
28258B,N,V,03/27/2026 11:46:35 AM
28259A,N,O,03/27/2026 11:48:19 AM
28260A,N,V,03/27/2026 12:27:02 PM
28261A,N,O,03/27/2026 09:03:16 AM
28262A,N,V,03/27/2026 11:20:52 AM
28263A,N,V,03/27/2026 12:06:49 PM
28263B,N,O,03/27/2026 11:18:13 AM
28264A,N,V,03/27/2026 08:26:20 AM
28264B,N,V,03/26/2026 12:16:17 PM
28265A,N,O,03/27/2026 12:22:31 PM
28265B,N,V,03/27/2026 12:26:03 PM
28266A,N,V,03/27/2026 12:27:07 PM
28266B,N,V,03/27/2026 12:11:00 PM
28267A,N,O,03/27/2026 12:27:44 PM
28267B,N,V,03/27/2026 10:39:22 AM
28269A,N,V,03/27/2026 11:45:49 AM
28269B,N,V,03/27/2026 12:05:45 PM
28270A,N,V,03/27/2026 10:51:06 AM
28270B,N,V,03/27/2026 12:20:22 PM
28271A,N,V,03/27/2026 09:22:37 AM
28271B,N,V,03/27/2026 11:50:32 AM
28272A,N,V,03/27/2026 11:56:43 AM
28272B,N,V,03/26/2026 12:12:45 PM
28273A,N,V,03/26/2026 03:28:14 PM
28273B,N,V,03/27/2026 09:09:18 AM
28274A,N,V,03/26/2026 09:25:25 AM
28274B,N,V,03/27/2026 11:21:16 AM
28275A,N,V,03/27/2026 11:11:06 AM
28275B,N,V,03/26/2026 11:43:40 AM
28276A,N,V,03/27/2026 11:02:30 AM
28276B,N,V,03/26/2026 05:57:49 PM
28277A,N,V,03/27/2026 10:14:36 AM
28277B,N,V,03/26/2026 11:09:05 AM
28278A,N,O,03/27/2026 12:07:57 PM
28278B,N,V,03/27/2026 12:12:53 PM
28279A,N,V,03/27/2026 11:58:35 AM
28279B,N,V,03/27/2026 12:03:37 PM
2827A,N,O,03/27/2026 12:25:46 PM
2827B,N,O,03/27/2026 08:58:37 AM
28280A,N,V,03/27/2026 07:48:40 AM
28280B,N,V,03/27/2026 11:32:55 AM
28281A,N,V,03/27/2026 11:53:55 AM
28281B,N,V,03/27/2026 12:03:12 PM
28282A,N,V,03/26/2026 02:09:49 PM
28282B,N,V,03/22/2026 04:20:44 PM
28283A,N,V,03/26/2026 06:07:07 PM
28283B,N,V,03/25/2026 05:29:47 PM
28284A,N,O,03/27/2026 11:19:44 AM
28284B,N,V,03/27/2026 09:04:02 AM
28285A,N,V,03/26/2026 01:35:21 PM
28285B,N,V,03/26/2026 01:35:53 PM
28287B,N,V,03/27/2026 09:58:29 AM
28288A,N,O,03/27/2026 08:26:15 AM
28289A,N,O,03/27/2026 08:57:19 AM
28289B,N,V,03/27/2026 12:27:30 PM
2828A,N,O,03/27/2026 09:36:56 AM
2828B,N,O,03/27/2026 12:12:25 PM
28290A,N,O,03/27/2026 12:21:31 PM
28290B,N,V,03/27/2026 12:27:44 PM
28291B,N,O,03/27/2026 09:08:12 AM
28292A,N,O,03/27/2026 12:09:55 PM
28292B,N,V,03/27/2026 12:26:33 PM
28293A,N,V,03/27/2026 12:23:11 PM
28293B,N,V,03/27/2026 11:31:20 AM
28294A,N,V,03/27/2026 11:49:31 AM
28294B,N,V,03/27/2026 12:27:00 PM
28295A,N,V,03/27/2026 12:26:30 PM
28295B,N,V,03/27/2026 12:16:01 PM
28296A,N,V,03/27/2026 12:03:27 PM
28296B,N,V,03/27/2026 11:46:04 AM
28297A,N,V,03/27/2026 12:07:20 PM
28297B,N,V,03/27/2026 10:30:28 AM
28298A,N,V,03/27/2026 12:14:50 PM
28298B,N,O,03/26/2026 04:46:40 PM
28299A,N,O,03/27/2026 10:33:34 AM
28299B,N,V,03/27/2026 11:08:28 AM
2829A,N,O,03/27/2026 07:46:50 AM
28300A,N,V,03/27/2026 12:26:05 PM
28300B,N,O,03/27/2026 12:13:46 PM
28301A,N,O,03/27/2026 12:03:51 PM
28301B,N,V,03/27/2026 12:19:34 PM
28302A,N,O,03/27/2026 12:26:35 PM
28302B,N,O,03/27/2026 12:18:26 PM
28303A,N,O,03/27/2026 11:01:14 AM
28303B,N,V,03/27/2026 09:34:28 AM
28304A,N,O,03/27/2026 11:38:22 AM
28304B,N,O,03/27/2026 09:02:11 AM
28306A,N,V,03/27/2026 09:55:04 AM
28306B,N,V,03/26/2026 02:46:21 PM
28307A,N,V,03/26/2026 07:32:52 PM
28307B,N,O,03/27/2026 11:45:04 AM
28308A,N,V,03/27/2026 07:43:31 AM
28308B,N,V,03/27/2026 11:28:51 AM
28309A,N,V,03/27/2026 12:26:50 PM
28309B,N,O,03/27/2026 06:55:49 AM
2830B,N,O,03/27/2026 07:00:52 AM
28310A,N,O,03/27/2026 10:59:15 AM
28311A,N,O,03/27/2026 11:28:49 AM
28311B,N,V,03/27/2026 11:59:52 AM
28312A,N,V,03/27/2026 09:21:30 AM
28312B,N,V,03/27/2026 09:56:37 AM
28313A,N,V,03/27/2026 11:59:23 AM
28314A,N,V,03/27/2026 12:17:37 PM
28315A,N,O,03/26/2026 04:52:34 PM
28315B,N,V,03/26/2026 11:18:46 AM
28316A,N,V,03/25/2026 04:59:17 PM
28316B,N,O,03/27/2026 12:27:37 PM
28317A,N,V,03/27/2026 10:56:13 AM
28317B,N,V,03/25/2026 01:58:24 PM
28318A,N,V,03/25/2026 03:44:27 PM
28318B,N,V,03/22/2026 01:05:15 PM
28319A,N,V,03/25/2026 09:17:55 AM
28319B,N,V,03/20/2026 05:57:40 PM
2831A,N,O,03/27/2026 11:14:12 AM
2831B,N,O,03/27/2026 06:58:46 AM
28320A,N,V,03/26/2026 04:33:45 PM
28320B,N,V,03/26/2026 08:37:36 AM
28321A,N,V,03/25/2026 09:17:49 AM
28321B,N,O,03/27/2026 06:58:38 AM
28322A,N,V,03/27/2026 09:18:49 AM
28322B,N,V,03/08/2026 11:49:46 AM
28323A,N,V,03/26/2026 09:21:40 AM
28323B,N,V,03/27/2026 09:59:41 AM
28324A,N,V,03/27/2026 09:59:51 AM
28324B,N,V,03/21/2026 04:13:54 PM
28325A,N,V,03/27/2026 12:19:35 PM
28325B,N,V,03/26/2026 05:55:17 PM
28326A,N,O,03/26/2026 07:18:27 PM
28326B,N,O,03/27/2026 12:27:14 PM
28327A,N,V,03/26/2026 05:36:53 PM
28327B,N,V,03/26/2026 07:01:53 AM
28328A,N,O,03/26/2026 05:10:47 PM
28328B,N,V,03/27/2026 12:19:20 PM
28329A,N,V,03/27/2026 10:41:02 AM
28329B,N,V,03/27/2026 07:59:57 AM
2832A,N,O,03/27/2026 12:27:19 PM
2832B,N,O,03/27/2026 09:22:06 AM
28331A,N,V,03/27/2026 07:18:38 AM
28331B,N,V,03/27/2026 12:21:59 PM
28332A,N,V,03/27/2026 10:44:32 AM
28332B,N,V,03/26/2026 07:42:24 PM
28333A,N,V,03/27/2026 12:15:02 PM
28333B,N,V,03/27/2026 12:14:45 PM
28334A,N,V,03/27/2026 12:21:33 PM
28334B,N,O,03/27/2026 12:27:30 PM
28335A,N,V,03/27/2026 12:23:58 PM
28335B,N,V,03/27/2026 12:17:22 PM
28336A,N,O,03/27/2026 09:14:57 AM
28336B,N,O,03/27/2026 12:26:17 PM
28337A,N,V,03/27/2026 12:05:39 PM
28337B,N,V,03/27/2026 12:19:39 PM
28338A,N,V,03/27/2026 11:52:42 AM
28338B,N,V,03/27/2026 11:04:39 AM
28339B,N,O,03/27/2026 12:27:45 PM
2833A,N,O,03/27/2026 06:56:50 AM
2833B,N,O,03/27/2026 06:56:50 AM
28340A,N,V,03/27/2026 12:26:16 PM
28340B,N,O,03/27/2026 10:36:08 AM
28341A,N,V,03/27/2026 11:49:52 AM
28341B,N,O,03/27/2026 12:27:30 PM
28342A,N,V,03/27/2026 12:27:26 PM
28342B,N,O,03/27/2026 12:21:44 PM
28343A,N,V,03/27/2026 12:20:19 PM
28343B,N,O,03/27/2026 12:18:07 PM
28344A,N,V,03/27/2026 12:15:36 PM
28344B,N,V,03/27/2026 12:26:13 PM
28345A,N,V,03/27/2026 12:19:38 PM
28345B,N,V,03/27/2026 12:09:07 PM
28346A,N,O,03/27/2026 12:24:11 PM
28346B,N,V,03/27/2026 11:08:21 AM
28347A,N,O,03/27/2026 11:57:48 AM
28347B,N,O,03/27/2026 12:00:51 PM
28348A,N,O,03/27/2026 11:42:27 AM
28348B,N,O,03/27/2026 06:56:44 AM
28349A,N,O,03/27/2026 11:40:24 AM
28349B,N,O,03/27/2026 06:55:51 AM
2834A,N,O,03/27/2026 11:26:42 AM
2834B,N,V,03/27/2026 12:22:26 PM
28350A,N,V,03/27/2026 10:23:04 AM
28350B,N,V,03/27/2026 12:05:34 PM
28351A,N,V,03/26/2026 06:08:27 PM
28351B,N,V,03/27/2026 10:05:27 AM
28352A,NU,V,03/26/2026 07:40:54 PM
28352B,NU,O,03/26/2026 06:36:00 PM
28353A,N,V,03/27/2026 10:15:09 AM
28353B,N,V,03/26/2026 03:07:56 PM
28354A,N,V,03/26/2026 07:44:56 PM
28354B,N,V,03/26/2026 03:33:21 PM
28355A,N,V,03/26/2026 03:28:48 PM
28355B,N,V,03/27/2026 08:08:16 AM
28356A,N,V,03/26/2026 03:16:52 PM
28356B,N,V,03/26/2026 03:16:59 PM
28357A,N,O,03/27/2026 07:15:09 AM
28357B,N,V,03/27/2026 08:14:47 AM
28358A,N,V,03/27/2026 12:08:34 PM
28358B,N,V,03/27/2026 10:02:59 AM
28359A,N,V,09/29/2025 12:19:57 PM
28359B,N,V,03/26/2026 01:19:16 PM
2835A,N,V,03/27/2026 12:27:37 PM
2835B,N,V,03/27/2026 12:24:55 PM
28361A,N,V,03/27/2026 12:15:19 PM
28361B,N,O,03/27/2026 06:58:46 AM
28362A,N,O,03/26/2026 07:56:07 PM
28362B,N,V,03/27/2026 08:26:05 AM
28363A,N,V,03/27/2026 11:21:38 AM
28363B,N,V,03/27/2026 08:27:30 AM
28364A,N,O,03/27/2026 09:11:54 AM
28364B,N,O,03/27/2026 11:24:00 AM
28365A,N,O,03/27/2026 11:56:08 AM
28366A,N,O,03/27/2026 12:22:08 PM
28366B,N,V,03/27/2026 09:46:10 AM
28367A,N,O,03/27/2026 06:57:50 AM
28367B,N,V,03/27/2026 11:56:50 AM
28369A,N,O,03/27/2026 11:21:06 AM
28369B,N,O,03/27/2026 12:02:08 PM
2836A,N,O,03/27/2026 12:19:59 PM
2836B,N,O,03/27/2026 12:24:44 PM
28370A,N,V,03/27/2026 10:50:40 AM
28370B,N,O,03/27/2026 11:46:47 AM
28371A,N,V,03/27/2026 12:17:16 PM
28371B,N,O,03/27/2026 08:48:21 AM
28372A,N,V,03/26/2026 02:54:58 PM
28372B,N,V,03/27/2026 12:10:08 PM
28373A,N,V,03/27/2026 07:43:24 AM
28373B,N,V,03/27/2026 07:38:44 AM
28374A,N,V,03/26/2026 05:43:22 PM
28374B,N,V,03/27/2026 11:20:57 AM
28375A,N,V,03/26/2026 01:16:29 PM
28375B,N,V,03/27/2026 07:06:36 AM
28376A,N,V,03/27/2026 10:31:36 AM
28376B,N,V,03/27/2026 09:47:11 AM
28377A,N,O,03/27/2026 10:37:52 AM
28377B,N,V,03/27/2026 07:32:31 AM
28378A,N,O,03/27/2026 11:32:33 AM
28378B,N,V,03/27/2026 09:32:08 AM
28379A,N,V,03/27/2026 08:57:14 AM
2837A,N,O,03/27/2026 12:26:29 PM
2837B,N,V,03/27/2026 12:27:33 PM
28380A,N,O,03/27/2026 12:22:56 PM
28380B,N,V,03/27/2026 09:31:17 AM
28381A,N,V,03/27/2026 12:26:49 PM
28381B,N,V,03/27/2026 12:25:17 PM
28382A,N,V,03/27/2026 09:10:06 AM
28382B,N,V,03/26/2026 12:14:35 PM
28383A,N,V,03/27/2026 11:06:16 AM
28383B,N,V,03/27/2026 11:06:49 AM
28384A,N,V,03/27/2026 10:49:26 AM
28384B,N,V,03/27/2026 10:50:29 AM
28385A,N,O,03/27/2026 12:19:46 PM
28385B,N,V,03/26/2026 01:05:21 PM
28386A,N,V,03/27/2026 09:12:38 AM
28386B,N,O,03/27/2026 12:25:37 PM
28387A,N,V,03/27/2026 10:33:36 AM
28387B,N,O,03/27/2026 10:47:55 AM
28388A,N,O,03/27/2026 10:59:28 AM
28388B,N,V,03/27/2026 10:53:38 AM
2838A,N,O,03/27/2026 06:56:47 AM
2838B,N,O,03/27/2026 10:24:17 AM
28390B,N,O,03/27/2026 11:26:59 AM
28391A,N,V,03/27/2026 10:54:04 AM
28391B,N,V,03/27/2026 12:02:33 PM
28392A,N,O,03/27/2026 12:26:54 PM
28392B,N,V,03/27/2026 11:07:58 AM
28393A,N,O,03/27/2026 12:11:55 PM
28393B,N,O,03/27/2026 06:56:52 AM
28394A,N,O,03/27/2026 11:52:20 AM
28394B,N,V,03/27/2026 12:10:48 PM
28395A,N,V,03/27/2026 11:49:15 AM
28395B,N,V,03/27/2026 12:21:58 PM
28396A,N,V,03/27/2026 12:13:42 PM
28396B,N,O,03/27/2026 11:37:25 AM
28397A,N,V,03/27/2026 11:47:14 AM
28397B,N,V,03/27/2026 11:47:26 AM
28398A,N,V,03/27/2026 11:17:28 AM
28398B,N,V,03/27/2026 10:56:12 AM
28399A,N,V,03/27/2026 12:26:55 PM
28399B,N,V,03/27/2026 12:27:07 PM
2839A,N,O,03/27/2026 11:37:07 AM
2839B,N,O,03/27/2026 12:22:19 PM
28400B,N,O,03/27/2026 09:44:31 AM
28401A,N,V,03/27/2026 12:14:30 PM
28401B,N,V,03/27/2026 12:09:50 PM
28403B,N,V,03/27/2026 10:53:20 AM
28404A,N,V,03/27/2026 09:38:15 AM
28404B,N,V,03/27/2026 09:38:01 AM
28405A,N,V,03/27/2026 11:50:28 AM
28405B,N,O,03/27/2026 12:24:30 PM
28406A,N,V,03/27/2026 12:16:37 PM
28406B,N,O,09/26/2025 01:35:41 PM
28407A,N,V,03/27/2026 09:54:22 AM
28407B,N,O,03/27/2026 09:53:35 AM
28408A,N,V,03/27/2026 12:13:10 PM
28408B,N,V,03/27/2026 12:15:58 PM
28409A,N,O,03/27/2026 12:26:00 PM
28409B,N,O,03/26/2026 07:21:26 PM
2840B,N,O,03/27/2026 11:15:35 AM
28410A,N,V,03/27/2026 12:25:17 PM
28410B,N,V,03/27/2026 12:23:13 PM
28411A,N,V,03/27/2026 12:27:43 PM
28411B,N,O,03/27/2026 12:23:03 PM
28412A,N,V,03/27/2026 12:18:21 PM
28412B,N,V,03/26/2026 12:21:10 PM
28413A,N,V,03/27/2026 11:55:43 AM
28413B,N,V,03/27/2026 10:48:03 AM
28414A,N,O,08/28/2025 04:14:18 PM
28414B,N,V,03/27/2026 11:50:54 AM
28415A,N,V,03/27/2026 11:07:50 AM
28415B,N,V,03/27/2026 11:10:19 AM
28416A,N,O,03/27/2026 12:23:09 PM
28416B,N,V,03/27/2026 11:33:24 AM
28417A,N,O,03/27/2026 12:27:37 PM
28417B,N,O,03/27/2026 12:04:58 PM
28418A,N,V,03/27/2026 10:38:51 AM
28418B,N,V,03/27/2026 11:16:14 AM
28419A,N,O,03/27/2026 12:14:12 PM
28419B,N,O,03/27/2026 06:55:55 AM
28420A,N,V,03/27/2026 10:46:40 AM
28420B,N,V,03/27/2026 11:49:34 AM
28421A,N,V,03/27/2026 10:02:08 AM
28421B,N,V,03/27/2026 10:15:16 AM
28422A,N,V,03/27/2026 09:55:37 AM
28422B,N,V,03/27/2026 07:14:58 AM
28423A,N,V,03/27/2026 10:17:23 AM
28423B,N,V,03/27/2026 11:01:14 AM
28424A,N,V,03/27/2026 10:55:27 AM
28424B,N,V,03/27/2026 10:27:18 AM
28425A,N,V,03/27/2026 07:56:32 AM
28426A,N,V,03/27/2026 09:53:25 AM
28427A,N,V,03/27/2026 12:22:10 PM
28427B,N,O,03/27/2026 11:51:18 AM
28428A,N,V,03/27/2026 09:48:53 AM
28428B,N,V,03/26/2026 07:48:49 PM
28429A,N,V,03/27/2026 09:54:03 AM
28429B,N,V,03/26/2026 02:40:27 PM
28430A,N,V,03/27/2026 12:10:39 PM
28430B,N,V,03/27/2026 12:10:21 PM
28431A,N,V,03/26/2026 01:53:26 PM
28431B,N,V,03/26/2026 07:35:52 PM
28432A,N,O,03/27/2026 11:30:27 AM
28432B,N,V,03/27/2026 12:27:39 PM
28433A,N,O,03/27/2026 06:57:18 AM
28433B,N,V,03/27/2026 12:21:18 PM
28434A,N,V,03/27/2026 12:27:41 PM
28434B,N,V,03/27/2026 12:22:03 PM
28435A,N,V,03/27/2026 12:27:05 PM
28435B,N,V,03/27/2026 11:29:41 AM
28436A,N,V,03/27/2026 08:01:24 AM
28436B,N,V,03/26/2026 04:55:09 PM
28437A,N,V,03/26/2026 10:28:38 AM
28437B,N,V,03/27/2026 12:27:21 PM
28438A,N,V,03/27/2026 10:44:35 AM
28438B,N,V,03/27/2026 12:21:47 PM
28439A,N,V,03/27/2026 08:44:12 AM
28439B,N,V,03/27/2026 09:21:02 AM
28440A,N,V,03/27/2026 10:58:35 AM
28440B,N,V,03/27/2026 07:40:00 AM
28441A,N,V,03/27/2026 10:58:42 AM
28441B,N,V,03/27/2026 10:58:39 AM
28442A,N,O,03/27/2026 11:28:28 AM
28442B,N,V,03/27/2026 07:27:02 AM
28443A,N,V,03/26/2026 04:12:10 PM
28443B,N,V,03/26/2026 05:29:46 PM
28444A,N,V,03/26/2026 05:18:23 PM
28444B,N,V,03/27/2026 08:01:25 AM
28445A,N,O,03/27/2026 11:22:34 AM
28445B,N,O,03/27/2026 11:57:06 AM
28446A,N,O,03/27/2026 06:58:57 AM
28446B,N,O,03/27/2026 12:27:36 PM
28447A,N,V,03/27/2026 12:27:41 PM
28447B,N,V,03/27/2026 12:26:40 PM
28448B,N,V,03/27/2026 08:36:05 AM
28449A,N,O,03/27/2026 09:15:36 AM
28449B,N,V,03/27/2026 12:12:14 PM
28450A,N,O,03/27/2026 12:27:32 PM
28450B,N,O,03/27/2026 11:20:15 AM
28451A,N,V,03/25/2026 03:30:30 PM
28451B,N,O,03/27/2026 12:04:23 PM
28452A,N,V,03/25/2026 06:40:43 PM
28452B,N,V,03/26/2026 07:23:34 PM
28453A,N,V,03/26/2026 10:50:10 AM
28453B,N,V,03/26/2026 06:26:05 PM
28454A,N,V,03/27/2026 11:15:51 AM
28454B,N,V,03/27/2026 11:24:28 AM
28455A,N,V,03/26/2026 11:48:34 AM
28455B,N,V,03/26/2026 01:44:54 PM
28456A,N,O,03/27/2026 12:24:20 PM
28456B,N,V,03/26/2026 06:11:51 PM
28457A,N,V,03/26/2026 03:59:59 PM
28457B,N,V,03/27/2026 10:12:58 AM
28458A,N,V,03/27/2026 09:16:56 AM
28458B,N,O,03/27/2026 12:27:43 PM
28459A,N,V,03/27/2026 11:13:24 AM
28459B,N,V,03/27/2026 11:08:20 AM
28460B,N,V,03/27/2026 08:05:14 AM
28461A,N,O,03/27/2026 12:27:34 PM
28461B,N,O,03/27/2026 12:27:21 PM
28462A,N,V,03/27/2026 12:22:41 PM
28462B,N,V,03/27/2026 12:26:24 PM
28463A,N,V,03/26/2026 05:13:07 PM
28463B,N,O,03/27/2026 12:12:45 PM
28464A,N,V,03/27/2026 12:10:58 PM
28464B,N,V,03/26/2026 01:05:10 PM
28465A,N,V,03/27/2026 12:08:13 PM
28465B,N,V,03/27/2026 09:33:39 AM
28466A,N,V,03/25/2026 07:11:47 AM
28467A,N,V,03/23/2026 03:33:45 PM
28467B,N,V,03/27/2026 12:17:22 PM
28468A,N,V,03/27/2026 12:19:52 PM
28468B,N,V,03/25/2026 07:42:56 PM
28469A,N,V,03/26/2026 07:25:32 PM
28469B,N,V,03/26/2026 07:23:21 PM
28470A,N,O,03/27/2026 12:22:32 PM
28470B,N,O,03/27/2026 12:27:42 PM
28471A,N,V,03/26/2026 07:34:18 PM
28471B,N,V,03/27/2026 12:18:58 PM
28472A,N,V,03/27/2026 12:26:18 PM
28472B,N,V,03/27/2026 12:27:19 PM
28473A,N,O,03/27/2026 12:27:41 PM
28473B,N,V,03/27/2026 12:23:51 PM
28474A,N,V,03/27/2026 12:22:03 PM
28474B,N,O,03/27/2026 12:27:22 PM
28475A,N,V,03/27/2026 12:27:24 PM
28475B,N,O,03/27/2026 11:21:43 AM
28476A,N,O,03/27/2026 06:58:50 AM
28476B,N,V,03/27/2026 12:27:36 PM
28477A,N,V,03/27/2026 12:27:14 PM
28477B,N,O,03/27/2026 12:23:47 PM
28478A,N,V,03/27/2026 10:35:09 AM
28478B,N,V,03/27/2026 12:23:44 PM
28479B,N,V,03/22/2026 02:28:03 PM
2847A,N,O,03/27/2026 11:26:42 AM
2847B,N,O,03/27/2026 09:15:24 AM
28480A,N,V,03/26/2026 04:18:08 PM
28480B,N,V,03/26/2026 04:18:43 PM
28481A,N,V,03/27/2026 10:08:23 AM
28481B,N,V,03/27/2026 10:03:28 AM
28482A,N,V,03/25/2026 06:42:35 PM
28482B,N,V,03/27/2026 08:03:47 AM
28483A,N,V,03/26/2026 01:38:07 PM
28483B,N,V,03/25/2026 06:39:11 PM
28484A,N,V,03/26/2026 02:20:36 PM
28484B,N,V,03/26/2026 04:57:07 PM
28485A,N,V,03/26/2026 07:55:32 PM
28485B,N,O,03/26/2026 07:55:02 PM
28486A,N,V,03/25/2026 06:27:06 PM
28486B,N,V,03/25/2026 06:29:37 PM
28487A,N,V,03/24/2026 07:20:08 PM
28487B,N,V,03/27/2026 09:44:36 AM
28488A,N,V,03/27/2026 08:13:29 AM
28488B,N,V,03/26/2026 08:30:59 AM
28489A,N,V,03/27/2026 08:31:57 AM
28489B,N,V,03/26/2026 01:55:39 PM
2848A,N,O,03/27/2026 06:56:46 AM
2848B,N,O,03/27/2026 12:15:55 PM
28490A,N,V,03/26/2026 07:57:25 PM
28490B,N,O,03/26/2026 07:55:24 PM
28491A,N,V,03/27/2026 11:56:31 AM
28491B,N,O,03/27/2026 06:58:55 AM
28492A,N,O,03/27/2026 11:15:36 AM
28492B,N,V,03/27/2026 10:21:30 AM
28493A,N,V,03/27/2026 08:39:48 AM
28493B,N,V,03/26/2026 05:22:47 PM
28494A,N,V,03/27/2026 10:36:24 AM
28494B,N,V,03/27/2026 10:36:24 AM
28497A,N,O,03/27/2026 06:01:02 AM
28497B,N,V,03/27/2026 12:27:13 PM
28498A,N,V,03/27/2026 12:26:52 PM
28498B,N,V,03/27/2026 12:22:16 PM
28499A,N,O,03/27/2026 12:27:04 PM
28499B,N,V,03/27/2026 11:29:02 AM
2849A,N,O,03/27/2026 09:54:33 AM
2849B,N,O,03/27/2026 07:07:34 AM
284A,N,O,03/27/2026 11:44:44 AM
284B,N,O,03/27/2026 11:09:22 AM
28500B,N,O,03/27/2026 10:33:39 AM
28501A,N,V,03/27/2026 12:16:03 PM
28501B,N,O,03/27/2026 12:25:32 PM
28502A,N,V,03/24/2026 02:38:06 PM
28502B,N,V,03/18/2026 07:19:47 PM
28503A,N,V,03/27/2026 09:41:41 AM
28503B,N,V,03/27/2026 07:43:05 AM
28504A,N,V,03/27/2026 11:29:30 AM
28504B,N,V,03/27/2026 11:57:32 AM
28505A,N,O,03/25/2026 02:47:14 PM
28505B,N,O,03/27/2026 12:12:25 PM
28506A,N,V,03/27/2026 11:54:34 AM
28506B,N,V,03/27/2026 11:05:16 AM
28507A,N,V,03/24/2026 11:22:55 AM
28507B,N,V,03/26/2026 08:31:14 AM
28508A,N,V,03/27/2026 12:02:55 PM
28508B,N,V,03/27/2026 11:30:09 AM
28509A,N,V,03/27/2026 09:57:13 AM
28509B,N,V,03/27/2026 12:02:58 PM
28510A,N,V,03/26/2026 06:09:05 PM
28510B,N,V,03/26/2026 06:09:05 PM
28511A,N,V,03/27/2026 11:07:20 AM
28511B,N,V,03/27/2026 11:56:51 AM
28512A,N,O,03/27/2026 08:51:38 AM
28512B,N,V,03/26/2026 04:36:21 PM
28513A,N,V,03/27/2026 09:36:21 AM
28513B,N,V,03/27/2026 11:41:02 AM
28514A,N,V,03/27/2026 09:40:03 AM
28515B,N,V,03/26/2026 07:49:03 PM
28516A,N,V,03/27/2026 10:17:07 AM
28516B,N,O,03/27/2026 10:16:55 AM
28517A,N,V,03/27/2026 08:06:12 AM
28517B,N,V,03/27/2026 09:49:19 AM
28518A,N,V,03/26/2026 09:53:24 AM
28518B,N,V,03/25/2026 07:54:38 AM
28521A,N,V,03/27/2026 11:45:12 AM
28521B,N,V,03/27/2026 08:49:54 AM
28522A,N,V,03/27/2026 12:03:03 PM
28522B,N,V,03/27/2026 10:18:30 AM
28523A,N,O,03/27/2026 11:30:16 AM
28523B,N,V,03/27/2026 11:43:22 AM
28524A,N,V,03/27/2026 11:52:43 AM
28524B,N,V,03/27/2026 12:27:32 PM
28525A,N,V,01/10/2026 12:18:44 PM
28525B,N,V,03/27/2026 10:27:52 AM
28526A,N,V,03/27/2026 11:53:42 AM
28526B,N,V,03/27/2026 11:54:08 AM
28527A,N,V,03/27/2026 10:07:57 AM
28527B,N,O,03/27/2026 11:44:11 AM
28528A,N,O,03/27/2026 12:12:23 PM
28528B,N,O,03/27/2026 10:13:14 AM
28529A,N,V,03/27/2026 08:01:32 AM
28529B,N,V,03/27/2026 12:26:43 PM
2852A,N,O,03/27/2026 06:57:54 AM
2852B,N,O,03/27/2026 06:57:54 AM
28530A,N,V,03/27/2026 09:15:15 AM
28530B,N,V,03/26/2026 04:08:51 PM
28531A,N,V,03/27/2026 09:31:03 AM
28531B,N,V,03/26/2026 04:28:14 PM
28532A,N,V,03/26/2026 02:20:08 PM
28532B,N,V,03/26/2026 02:17:52 PM
28533A,N,V,03/26/2026 06:29:13 PM
28533B,N,V,03/27/2026 12:20:27 PM
28534A,N,V,03/27/2026 12:20:26 PM
28534B,N,V,03/27/2026 09:02:45 AM
28535A,N,V,03/27/2026 09:03:57 AM
28535B,N,V,03/27/2026 09:04:04 AM
28536A,N,V,03/26/2026 07:13:40 AM
28536B,N,O,03/26/2026 08:59:42 AM
28537A,N,V,03/27/2026 10:18:13 AM
28537B,N,V,03/27/2026 12:25:04 PM
28538A,N,V,03/26/2026 12:05:16 PM
28538B,N,V,03/27/2026 12:26:19 PM
28539A,N,O,03/25/2026 07:52:18 PM
28539B,N,V,03/26/2026 03:49:51 PM
2853A,N,O,03/27/2026 08:22:43 AM
28540A,N,V,03/27/2026 12:12:37 PM
28540B,N,V,03/26/2026 04:20:33 PM
28541A,N,V,03/26/2026 12:55:36 PM
28541B,N,V,03/27/2026 10:33:49 AM
28542A,N,V,03/27/2026 08:34:08 AM
28542B,N,V,03/26/2026 11:37:22 AM
28543A,N,V,03/27/2026 11:50:39 AM
28543B,N,O,03/27/2026 12:08:39 PM
28544A,N,V,03/24/2026 03:12:08 PM
28544B,N,V,03/27/2026 10:33:15 AM
28545A,N,O,03/27/2026 11:35:57 AM
28545B,N,V,03/26/2026 11:55:51 AM
28546A,N,V,03/24/2026 01:28:24 PM
28546B,N,O,03/27/2026 11:22:47 AM
28547A,N,V,03/27/2026 10:46:25 AM
28547B,N,V,03/27/2026 10:46:25 AM
28548A,N,O,03/27/2026 11:12:19 AM
28548B,N,V,03/27/2026 12:25:57 PM
28549B,N,O,03/27/2026 12:26:22 PM
28550A,N,V,03/27/2026 12:12:38 PM
28550B,N,O,03/27/2026 12:19:51 PM
28551A,N,V,03/27/2026 12:25:28 PM
28551B,N,V,03/27/2026 11:46:07 AM
28552A,N,V,03/27/2026 10:30:30 AM
28552B,N,O,03/27/2026 06:58:17 AM
28553A,N,V,03/27/2026 10:26:15 AM
28553B,N,V,03/25/2026 06:01:47 PM
28554A,N,V,03/27/2026 11:30:33 AM
28554B,N,V,03/26/2026 02:18:09 PM
28555A,N,O,03/27/2026 10:18:00 AM
28555B,N,V,03/27/2026 10:25:32 AM
28556A,N,V,03/26/2026 04:26:42 PM
28556B,N,V,03/27/2026 12:26:41 PM
28557A,N,V,03/27/2026 10:50:50 AM
28557B,N,O,03/27/2026 09:02:51 AM
28558A,N,O,03/27/2026 12:17:46 PM
28558B,N,O,03/27/2026 09:10:04 AM
28559A,N,V,03/27/2026 10:52:09 AM
28559B,N,O,03/27/2026 09:21:52 AM
28560A,N,V,03/27/2026 09:21:40 AM
28560B,N,V,03/27/2026 12:27:34 PM
28561A,N,V,03/26/2026 05:37:34 PM
28561B,N,O,03/27/2026 12:10:28 PM
28562A,N,V,03/27/2026 12:09:14 PM
28562B,N,V,03/27/2026 10:56:36 AM
28563A,N,V,03/27/2026 07:55:44 AM
28563B,N,V,03/27/2026 07:56:54 AM
28564A,N,V,03/27/2026 11:23:08 AM
28564B,N,O,03/27/2026 12:27:09 PM
28565A,N,V,03/25/2026 12:41:45 PM
28565B,N,V,03/26/2026 06:49:57 PM
28566A,N,V,03/26/2026 02:12:24 PM
28566B,N,V,03/25/2026 02:18:14 PM
28567A,N,V,03/26/2026 02:40:00 PM
28567B,N,V,03/26/2026 01:01:33 PM
28568A,N,V,03/27/2026 11:37:35 AM
28568B,N,V,03/26/2026 02:09:44 PM
28569B,N,V,03/27/2026 11:44:47 AM
28570A,N,O,03/27/2026 12:27:18 PM
28570B,N,V,03/27/2026 11:39:55 AM
28571A,N,O,03/27/2026 12:27:21 PM
28571B,N,O,03/27/2026 12:27:39 PM
28572A,N,O,03/27/2026 10:16:03 AM
28572B,N,O,03/27/2026 12:27:43 PM
28573A,N,V,03/27/2026 10:59:31 AM
28573B,N,O,03/27/2026 12:27:44 PM
28574A,N,V,03/27/2026 12:26:36 PM
28574B,N,V,03/27/2026 12:21:57 PM
28575A,N,V,03/26/2026 12:19:19 PM
28575B,N,V,03/27/2026 10:01:11 AM
28576A,N,O,03/27/2026 12:22:37 PM
28576B,N,O,03/27/2026 12:23:20 PM
28577A,N,V,03/27/2026 12:26:43 PM
28577B,N,V,03/27/2026 09:58:51 AM
28578A,N,V,03/27/2026 12:11:25 PM
28578B,N,O,03/27/2026 12:27:43 PM
28579A,N,V,03/27/2026 12:26:26 PM
28579B,N,O,03/27/2026 11:56:39 AM
2857A,N,O,03/27/2026 12:14:06 PM
2857B,N,O,03/27/2026 10:11:08 AM
28580A,N,V,03/27/2026 12:27:33 PM
28580B,N,V,03/27/2026 10:14:53 AM
28581A,N,V,03/27/2026 10:14:39 AM
28581B,N,V,03/27/2026 10:15:31 AM
28582A,N,V,03/27/2026 12:25:30 PM
28582B,N,V,03/27/2026 11:04:32 AM
28583A,N,O,03/27/2026 12:25:30 PM
28583B,N,V,03/27/2026 10:54:14 AM
28584A,N,O,03/27/2026 06:55:49 AM
28585A,N,V,03/27/2026 11:41:33 AM
28585B,N,V,03/27/2026 11:41:45 AM
28586A,N,V,03/27/2026 11:05:47 AM
28586B,N,V,03/27/2026 07:53:01 AM
28587A,N,V,03/27/2026 11:25:28 AM
28587B,N,V,03/27/2026 11:27:49 AM
28588B,N,V,03/27/2026 07:23:14 AM
28589A,N,V,03/27/2026 07:27:25 AM
28589B,N,O,03/27/2026 11:50:36 AM
2858A,N,O,03/27/2026 11:09:33 AM
2858B,N,O,03/27/2026 08:39:16 AM
28590A,N,V,03/26/2026 05:47:49 PM
28590B,N,O,03/27/2026 11:03:30 AM
28591A,N,V,03/27/2026 09:59:11 AM
28591B,N,V,03/27/2026 10:50:00 AM
28592A,N,V,03/27/2026 11:26:05 AM
28592B,N,V,03/27/2026 11:22:26 AM
28594A,N,V,03/27/2026 12:26:09 PM
28594B,N,V,03/27/2026 11:25:45 AM
28595A,N,V,03/27/2026 12:26:57 PM
28595B,N,V,03/27/2026 12:26:12 PM
28596A,N,O,03/27/2026 11:38:20 AM
28596B,N,V,03/27/2026 11:40:37 AM
28597A,N,V,03/27/2026 07:48:22 AM
28597B,N,V,03/27/2026 11:40:41 AM
28598A,N,V,03/26/2026 05:40:49 PM
28598B,N,V,03/26/2026 05:05:52 PM
28599A,N,V,03/27/2026 11:49:18 AM
28599B,N,V,03/27/2026 11:37:39 AM
2859A,N,O,03/27/2026 08:32:20 AM
2859B,N,O,03/27/2026 11:43:35 AM
285A,N,O,03/27/2026 11:14:26 AM
285B,N,O,03/27/2026 12:27:36 PM
28600A,N,O,03/27/2026 10:53:27 AM
28600B,N,V,03/27/2026 10:50:47 AM
28601A,N,V,03/27/2026 12:17:36 PM
28601B,N,V,03/27/2026 08:20:53 AM
28602A,N,V,03/27/2026 12:22:56 PM
28602B,N,V,03/27/2026 08:59:34 AM
28603A,N,V,03/27/2026 12:19:52 PM
28603B,N,V,03/27/2026 08:13:42 AM
28604A,N,V,03/27/2026 08:17:55 AM
28604B,N,V,03/27/2026 10:01:30 AM
28605A,N,V,03/27/2026 08:15:21 AM
28605B,N,V,03/26/2026 05:22:30 PM
28606A,N,V,03/27/2026 09:37:37 AM
28606B,N,V,03/27/2026 07:26:46 AM
28607A,N,V,03/27/2026 10:58:52 AM
28607B,N,V,03/27/2026 11:23:26 AM
28608A,N,V,03/27/2026 08:04:05 AM
28608B,N,V,03/27/2026 08:47:13 AM
28609A,N,V,03/27/2026 07:58:08 AM
28609B,N,V,03/27/2026 09:42:03 AM
2860B,N,O,03/27/2026 11:00:54 AM
28610A,N,O,03/27/2026 12:27:18 PM
28610B,N,V,03/27/2026 08:47:39 AM
28611A,N,V,03/27/2026 08:49:59 AM
28611B,N,V,03/26/2026 07:40:15 PM
28612A,N,V,03/27/2026 07:21:53 AM
28612B,N,V,03/27/2026 12:14:22 PM
28613A,N,V,03/27/2026 11:30:46 AM
28613B,N,V,03/27/2026 11:33:03 AM
28614A,N,V,03/27/2026 10:45:30 AM
28614B,N,V,03/27/2026 10:45:30 AM
28615A,N,O,03/26/2026 07:16:43 PM
28615B,N,V,03/27/2026 08:14:37 AM
28616A,N,V,03/27/2026 07:55:10 AM
28616B,N,V,03/27/2026 11:09:37 AM
28617A,N,V,03/26/2026 07:51:23 PM
28617B,N,V,03/26/2026 07:08:17 PM
28618A,N,V,03/27/2026 12:26:02 PM
28618B,N,O,03/27/2026 12:23:33 PM
28619A,N,V,03/27/2026 10:57:32 AM
28619B,N,O,03/27/2026 12:22:31 PM
2861A,N,O,03/27/2026 11:57:28 AM
2861B,N,O,03/27/2026 11:40:04 AM
28620A,N,V,03/27/2026 11:35:50 AM
28620B,N,O,03/27/2026 12:19:20 PM
28621A,N,O,03/27/2026 12:12:30 PM
28622A,N,V,03/27/2026 11:12:50 AM
28622B,N,V,03/27/2026 08:52:50 AM
28623A,N,V,03/27/2026 12:15:03 PM
28623B,N,V,03/27/2026 07:28:11 AM
28624A,N,V,03/27/2026 07:17:40 AM
28624B,N,V,03/27/2026 08:52:34 AM
28625A,N,V,03/27/2026 08:51:02 AM
28625B,N,V,03/27/2026 10:24:32 AM
28626A,N,O,03/27/2026 12:27:41 PM
28626B,N,O,03/27/2026 06:58:44 AM
28627A,N,O,03/27/2026 10:08:00 AM
28627B,N,O,03/27/2026 06:57:47 AM
28628A,N,V,03/27/2026 11:28:09 AM
28628B,N,O,03/27/2026 10:22:47 AM
28629A,N,V,03/27/2026 12:27:24 PM
28629B,NU,O,03/26/2026 09:06:09 AM
2862A,N,O,03/27/2026 12:25:08 PM
2862B,N,O,03/27/2026 06:57:47 AM
28631A,N,V,03/26/2026 04:31:54 PM
28631B,N,V,03/27/2026 07:16:26 AM
28632A,N,V,03/26/2026 06:57:54 PM
28632B,N,O,03/27/2026 12:04:09 PM
28633A,N,V,03/26/2026 03:54:04 PM
28633B,N,V,03/26/2026 12:30:59 PM
28634A,N,O,03/27/2026 12:07:43 PM
28634B,N,O,03/27/2026 11:04:23 AM
28635A,N,V,03/27/2026 12:07:00 PM
28636A,N,V,03/27/2026 10:08:15 AM
28636B,N,V,03/25/2026 12:16:33 PM
28637A,N,V,03/27/2026 07:55:21 AM
28637B,N,V,03/25/2026 07:06:26 AM
28638A,N,V,03/27/2026 10:56:48 AM
28638B,N,V,03/27/2026 07:53:17 AM
28639A,N,V,03/27/2026 08:26:30 AM
28640A,N,V,03/27/2026 11:59:30 AM
28640B,N,V,03/27/2026 11:19:53 AM
28641A,N,V,03/27/2026 11:51:27 AM
28641B,N,V,03/27/2026 11:54:06 AM
28642A,N,V,03/27/2026 12:23:56 PM
28657A,N,V,03/27/2026 12:04:43 PM
28657B,N,O,03/27/2026 06:57:53 AM
28658A,N,V,03/27/2026 07:22:18 AM
28658B,N,V,03/27/2026 12:25:15 PM
28659B,N,O,03/26/2026 04:15:21 PM
28660A,N,O,03/26/2026 07:49:47 PM
28660B,N,V,03/27/2026 07:53:02 AM
28661A,N,V,03/27/2026 12:00:56 PM
28661B,N,V,03/25/2026 07:56:09 AM
28662A,N,V,03/27/2026 10:44:43 AM
28662B,N,V,03/26/2026 09:17:56 AM
28663A,N,V,03/27/2026 12:13:04 PM
28663B,N,V,03/27/2026 12:14:46 PM
28664B,N,O,03/27/2026 12:26:38 PM
28665A,N,V,03/27/2026 12:07:03 PM
28665B,N,V,03/27/2026 11:29:19 AM
28666A,N,O,03/27/2026 11:44:33 AM
28666B,N,V,03/27/2026 12:26:57 PM
28667A,N,O,03/27/2026 12:18:35 PM
28667B,N,O,03/27/2026 11:54:58 AM
28668A,N,V,03/27/2026 12:21:59 PM
28668B,N,O,03/27/2026 12:25:17 PM
28669A,N,O,03/27/2026 12:16:24 PM
28669B,N,V,03/27/2026 12:24:36 PM
28670A,N,V,03/27/2026 12:14:58 PM
28670B,N,O,03/27/2026 12:19:38 PM
28671A,N,V,03/27/2026 12:01:06 PM
28671B,N,V,03/27/2026 12:05:53 PM
28672A,N,O,12/12/2025 05:11:09 PM
28672B,N,V,03/27/2026 12:08:56 PM
28673A,N,O,03/27/2026 08:40:52 AM
28673B,N,V,03/27/2026 12:26:33 PM
28674A,N,O,03/27/2026 09:32:29 AM
28674B,N,O,03/27/2026 08:24:17 AM
28676A,N,V,03/26/2026 04:48:17 PM
28677A,N,V,03/27/2026 11:38:29 AM
28677B,N,V,03/27/2026 11:39:56 AM
28678A,N,V,03/24/2026 08:37:38 AM
28678B,N,V,03/26/2026 11:35:22 AM
28679A,N,V,03/27/2026 08:41:58 AM
28679B,N,O,03/26/2026 07:04:09 PM
28680A,N,V,03/27/2026 11:35:21 AM
28680B,N,O,03/27/2026 10:22:15 AM
28681A,N,V,03/27/2026 08:02:13 AM
28681B,N,V,03/27/2026 08:41:19 AM
28682A,N,V,03/27/2026 11:20:45 AM
28682B,N,V,03/27/2026 11:30:18 AM
28683A,N,V,03/26/2026 05:13:29 PM
28683B,N,V,03/25/2026 04:44:49 PM
28684A,N,V,03/26/2026 11:01:37 AM
28684B,N,V,03/27/2026 08:34:23 AM
28685A,N,V,03/27/2026 09:10:10 AM
28685B,N,V,03/27/2026 09:10:03 AM
28686A,N,V,03/26/2026 10:47:09 AM
28686B,N,V,03/27/2026 10:34:28 AM
28687A,N,V,03/27/2026 08:18:04 AM
28687B,N,V,03/26/2026 06:32:17 PM
28688A,N,O,03/27/2026 08:31:00 AM
28688B,N,V,03/27/2026 11:58:11 AM
28689A,N,V,03/27/2026 12:09:43 PM
28689B,N,V,03/27/2026 12:22:28 PM
2868A,N,O,03/26/2026 09:37:47 PM
2868B,N,O,03/27/2026 11:00:41 AM
28690A,N,V,03/27/2026 11:33:21 AM
28690B,N,V,03/27/2026 12:05:14 PM
28691A,N,V,03/26/2026 04:31:31 PM
28691B,N,V,03/27/2026 10:42:34 AM
28692A,N,V,03/26/2026 07:28:59 PM
28692B,N,O,03/27/2026 12:03:12 PM
28693A,N,V,03/27/2026 08:29:51 AM
28693B,N,V,03/27/2026 12:26:03 PM
28694A,N,V,03/25/2026 04:34:44 PM
28694B,N,V,03/25/2026 04:33:18 PM
28695A,N,O,03/27/2026 10:17:44 AM
28695B,N,V,03/27/2026 10:17:37 AM
28696A,N,V,03/25/2026 03:18:27 PM
28696B,N,V,03/26/2026 01:16:24 PM
28697A,N,V,03/27/2026 07:17:05 AM
28697B,N,V,03/27/2026 07:17:27 AM
28698A,N,V,03/27/2026 11:28:25 AM
28698B,N,V,03/26/2026 06:53:25 PM
28699B,N,V,03/27/2026 08:52:48 AM
2869A,N,O,03/27/2026 07:50:50 AM
2869B,N,O,03/27/2026 08:00:21 AM
286A,N,O,03/27/2026 11:38:24 AM
286B,N,O,03/27/2026 10:47:44 AM
28700A,N,V,03/27/2026 12:03:10 PM
28700B,N,V,03/27/2026 10:48:53 AM
28701A,N,V,03/27/2026 12:25:12 PM
28701B,N,V,03/27/2026 11:50:59 AM
28702A,N,V,03/27/2026 12:26:10 PM
28702B,N,V,03/27/2026 12:20:01 PM
28703A,N,O,03/27/2026 12:22:07 PM
28703B,N,V,03/27/2026 12:19:36 PM
28704A,N,O,03/27/2026 06:55:46 AM
28704B,N,V,03/27/2026 12:06:54 PM
28705A,N,V,03/27/2026 12:26:34 PM
28705B,N,O,03/27/2026 12:25:47 PM
28706A,N,V,03/27/2026 12:05:06 PM
28706B,N,V,03/27/2026 11:14:06 AM
28707A,N,O,03/27/2026 12:26:00 PM
28707B,N,V,03/27/2026 12:21:03 PM
28708A,N,O,03/27/2026 12:26:51 PM
28708B,N,V,03/27/2026 11:03:18 AM
2870A,N,O,03/27/2026 06:59:49 AM
28710A,N,V,03/22/2026 09:44:39 AM
28710B,N,V,03/23/2026 05:09:12 PM
28711A,N,V,03/22/2026 06:06:06 PM
28711B,N,V,03/27/2026 12:27:31 PM
28712A,N,V,03/26/2026 05:13:00 PM
28712B,N,O,03/27/2026 10:13:50 AM
28713A,N,V,03/26/2026 01:04:53 PM
28714A,N,V,03/26/2026 01:46:58 PM
28714B,N,V,03/27/2026 11:27:50 AM
28715A,N,V,03/26/2026 02:52:13 PM
28715B,N,V,03/25/2026 06:48:55 PM
28716A,N,V,03/26/2026 03:37:30 PM
28716B,N,V,03/27/2026 12:06:42 PM
28717A,N,V,03/27/2026 09:11:02 AM
28717B,N,V,03/27/2026 12:27:21 PM
28718A,N,V,03/27/2026 09:58:49 AM
28718B,N,V,03/27/2026 10:33:59 AM
28719A,N,V,03/27/2026 12:22:58 PM
28719B,N,V,03/27/2026 12:20:34 PM
2871A,N,O,03/27/2026 09:37:33 AM
2871B,N,O,03/27/2026 11:56:13 AM
28720A,N,V,03/27/2026 11:42:34 AM
28720B,N,O,03/27/2026 12:27:30 PM
28721A,N,V,03/27/2026 12:26:51 PM
28721B,N,V,03/27/2026 11:41:08 AM
28722A,N,V,03/27/2026 10:15:54 AM
28722B,N,V,03/27/2026 12:25:22 PM
28723A,N,O,03/27/2026 09:17:15 AM
28723B,N,V,03/27/2026 12:26:49 PM
28724A,N,O,03/27/2026 08:41:22 AM
28724B,N,V,03/27/2026 12:24:23 PM
28725A,N,V,03/27/2026 08:44:45 AM
28725B,N,O,03/27/2026 08:42:43 AM
28726A,N,V,03/26/2026 05:05:15 PM
28726B,N,V,03/27/2026 09:50:59 AM
28727A,N,O,03/27/2026 10:41:45 AM
28727B,N,O,03/27/2026 12:02:43 PM
28728A,N,V,03/27/2026 11:58:07 AM
28728B,N,V,03/27/2026 12:19:26 PM
28729A,N,V,03/27/2026 12:27:04 PM
28729B,N,O,03/27/2026 08:38:52 AM
2872A,N,O,03/27/2026 10:40:50 AM
2872B,N,O,03/27/2026 11:45:48 AM
28730A,N,O,03/27/2026 12:26:13 PM
28730B,N,O,03/27/2026 09:01:26 AM
28731A,N,O,03/27/2026 08:44:47 AM
28731B,N,V,03/27/2026 11:54:07 AM
28732A,N,V,03/26/2026 07:50:55 PM
28732B,N,V,03/26/2026 03:44:30 PM
28733A,N,V,03/26/2026 11:21:22 AM
28733B,N,V,03/26/2026 11:22:44 AM
28734A,N,V,03/25/2026 06:31:30 PM
28734B,N,O,03/27/2026 12:27:43 PM
28735A,N,O,03/27/2026 11:09:44 AM
28735B,N,V,03/26/2026 08:20:40 AM
28736A,N,V,03/26/2026 01:17:10 PM
28736B,N,V,03/27/2026 09:29:59 AM
28737A,N,V,03/26/2026 11:09:45 AM
28737B,N,V,03/25/2026 05:17:20 PM
28738A,N,V,03/25/2026 05:45:59 PM
28738B,N,V,03/26/2026 04:45:09 PM
28739A,N,O,03/26/2026 07:55:02 PM
28739B,N,V,03/27/2026 11:57:55 AM
28740A,N,V,03/25/2026 06:28:57 PM
28740B,N,V,03/27/2026 07:51:27 AM
28741A,N,V,03/26/2026 04:38:17 PM
28741B,N,V,03/26/2026 04:38:43 PM
28742A,N,V,03/27/2026 07:04:15 AM
28742B,N,V,03/25/2026 04:58:37 PM
28743A,N,V,03/22/2026 07:16:48 PM
28743B,N,V,03/27/2026 08:54:49 AM
28744B,N,V,03/27/2026 12:27:24 PM
28745A,N,V,03/26/2026 04:08:18 PM
28745B,N,V,03/27/2026 12:27:44 PM
28746A,N,V,03/27/2026 11:49:07 AM
28746B,N,O,03/27/2026 12:27:38 PM
28747A,N,V,03/27/2026 10:15:56 AM
28747B,N,V,03/27/2026 10:10:32 AM
28748A,N,V,03/27/2026 09:34:13 AM
28748B,N,V,03/24/2026 07:59:31 PM
28749A,N,V,03/26/2026 01:47:12 PM
28749B,N,V,03/27/2026 11:49:22 AM
28750A,N,V,03/26/2026 03:22:16 PM
28750B,N,V,03/27/2026 12:26:33 PM
28751A,N,V,03/27/2026 12:27:33 PM
28751B,N,V,03/26/2026 04:41:21 PM
28752A,N,V,03/27/2026 10:56:56 AM
28752B,N,V,03/27/2026 10:56:12 AM
28753A,N,V,03/22/2026 06:07:59 PM
28753B,N,V,03/22/2026 06:25:49 PM
28754A,N,V,03/23/2026 04:12:02 PM
28754B,N,V,03/26/2026 01:51:34 PM
28755A,N,V,03/26/2026 07:41:39 PM
28755B,N,V,03/26/2026 07:40:51 PM
28756A,N,V,03/25/2026 05:16:48 PM
28756B,N,O,03/27/2026 12:27:36 PM
28760A,N,V,03/27/2026 11:14:43 AM
28760B,N,V,03/27/2026 12:07:55 PM
28761A,N,O,03/27/2026 12:27:33 PM
28761B,N,O,03/27/2026 11:46:07 AM
28762A,N,V,03/27/2026 11:04:22 AM
28762B,N,V,03/27/2026 12:26:45 PM
28763A,N,O,03/27/2026 12:17:31 PM
28763B,N,V,03/27/2026 12:16:40 PM
28764A,N,V,03/26/2026 06:28:58 PM
28764B,N,V,03/27/2026 12:27:40 PM
28765A,N,O,03/27/2026 12:01:52 PM
28765B,N,V,03/27/2026 10:48:07 AM
28766A,N,V,03/27/2026 12:20:22 PM
28766B,N,O,03/27/2026 09:43:17 AM
28767A,N,O,03/27/2026 10:00:49 AM
28767B,N,V,03/27/2026 08:26:16 AM
28768A,N,O,03/25/2026 12:34:34 PM
28768B,N,V,03/26/2026 12:04:24 PM
28769A,N,V,03/25/2026 01:41:00 PM
28769B,N,V,03/25/2026 01:41:04 PM
28770A,N,V,03/25/2026 01:42:36 PM
28770B,N,V,03/26/2026 01:25:03 PM
28771A,N,V,03/27/2026 11:50:14 AM
28771B,N,V,03/27/2026 11:50:14 AM
28772A,N,V,03/26/2026 07:09:56 PM
28772B,N,V,03/27/2026 12:22:01 PM
28773A,N,V,03/26/2026 01:35:39 PM
28773B,N,O,03/27/2026 12:03:50 PM
28774A,N,V,03/27/2026 12:23:54 PM
28774B,N,V,03/27/2026 11:17:56 AM
28775A,N,V,03/27/2026 11:40:24 AM
28775B,N,O,03/27/2026 11:00:25 AM
28776A,N,V,03/26/2026 08:57:10 AM
28776B,N,V,03/27/2026 12:27:23 PM
28777A,N,V,03/26/2026 12:04:50 PM
28777B,N,V,03/26/2026 12:04:50 PM
28778A,N,V,03/26/2026 02:10:41 PM
28778B,N,V,03/26/2026 01:10:22 PM
2877A,N,O,03/27/2026 12:07:37 PM
28780B,N,O,03/27/2026 11:42:56 AM
28781A,N,O,03/27/2026 11:43:27 AM
28781B,N,V,03/27/2026 07:10:05 AM
28782A,N,V,03/27/2026 08:43:55 AM
28782B,N,O,03/27/2026 11:46:19 AM
28783A,N,V,03/27/2026 10:18:23 AM
28783B,N,V,03/27/2026 09:12:22 AM
28784A,N,V,03/27/2026 08:40:00 AM
28784B,N,V,03/27/2026 12:26:00 PM
28785A,N,V,03/27/2026 10:52:55 AM
28786A,N,V,03/27/2026 08:56:45 AM
28786B,N,V,03/27/2026 11:28:51 AM
28787A,N,V,03/27/2026 10:54:55 AM
28787B,N,V,03/27/2026 10:33:39 AM
28788A,N,O,03/27/2026 12:22:49 PM
28788B,N,V,03/27/2026 12:24:44 PM
28789A,N,O,03/27/2026 10:53:30 AM
28789B,N,O,03/27/2026 08:55:44 AM
28790A,N,V,03/27/2026 07:52:32 AM
28790B,N,V,03/27/2026 11:04:32 AM
28791A,N,O,03/27/2026 10:53:19 AM
28791B,N,V,03/27/2026 10:23:17 AM
28792A,N,O,03/27/2026 12:27:09 PM
28792B,N,V,03/27/2026 11:07:25 AM
28793A,N,O,03/27/2026 12:27:07 PM
28793B,N,V,03/27/2026 12:27:32 PM
28794A,N,V,03/27/2026 11:06:29 AM
28794B,N,O,03/27/2026 06:55:50 AM
28795A,N,O,03/27/2026 12:21:25 PM
28796A,N,V,03/27/2026 09:34:22 AM
28796B,N,V,03/27/2026 11:29:42 AM
28797A,N,V,03/27/2026 12:10:46 PM
28797B,N,V,03/27/2026 12:10:46 PM
28798A,N,V,03/27/2026 10:36:08 AM
28798B,N,V,03/27/2026 11:29:28 AM
28799A,N,V,03/27/2026 10:40:32 AM
28799B,N,V,03/27/2026 10:40:39 AM
287A,N,O,03/27/2026 12:05:03 PM
287B,N,O,03/27/2026 10:54:11 AM
28800A,N,O,03/27/2026 10:46:06 AM
28800B,N,V,03/27/2026 09:51:35 AM
28801A,N,O,03/27/2026 12:26:41 PM
28801B,N,O,03/27/2026 12:25:57 PM
28802A,N,V,03/27/2026 11:47:32 AM
28802B,N,V,03/27/2026 11:47:32 AM
28803A,N,O,03/27/2026 11:37:58 AM
28804A,N,V,03/27/2026 09:27:15 AM
28804B,N,O,03/27/2026 10:56:23 AM
28805A,N,V,03/27/2026 12:22:40 PM
28805B,N,O,03/27/2026 12:22:33 PM
28806A,N,O,03/27/2026 09:54:57 AM
28806B,N,O,03/27/2026 11:45:37 AM
28807A,N,O,03/27/2026 11:54:59 AM
28807B,N,V,03/27/2026 10:10:54 AM
28808A,N,O,03/27/2026 10:49:46 AM
28808B,N,V,03/27/2026 11:59:03 AM
28809A,N,O,03/27/2026 11:27:26 AM
28809B,N,V,03/27/2026 07:03:44 AM
28810A,N,O,03/27/2026 11:39:08 AM
28810B,N,V,03/27/2026 12:14:51 PM
28811A,N,O,03/27/2026 11:03:42 AM
28811B,N,V,03/27/2026 12:25:59 PM
28812A,N,V,03/27/2026 12:27:38 PM
28812B,N,V,03/27/2026 12:06:11 PM
28813A,N,V,03/27/2026 07:44:59 AM
28813B,N,V,03/27/2026 07:44:59 AM
28814A,N,O,03/27/2026 10:20:40 AM
28814B,N,O,03/26/2026 06:16:09 PM
28815A,N,V,03/27/2026 12:25:38 PM
28815B,N,V,03/27/2026 09:41:56 AM
28816A,N,O,03/27/2026 11:38:45 AM
28816B,N,O,03/27/2026 12:27:31 PM
28817A,N,O,03/27/2026 12:25:24 PM
28817B,N,V,03/27/2026 12:27:18 PM
28820A,N,V,03/27/2026 11:04:25 AM
28820B,N,V,03/27/2026 11:26:35 AM
28821A,N,O,03/27/2026 11:32:10 AM
28821B,N,O,03/27/2026 12:25:09 PM
28822A,N,V,03/27/2026 10:56:11 AM
28822B,N,V,03/27/2026 10:56:11 AM
28823A,N,O,03/27/2026 10:16:39 AM
28823B,N,O,03/27/2026 09:05:09 AM
28824A,N,V,03/27/2026 11:34:25 AM
28824B,N,O,03/27/2026 11:27:40 AM
28825A,N,V,03/26/2026 04:22:32 PM
28825B,N,V,03/27/2026 10:48:44 AM
28826A,N,V,03/27/2026 11:43:41 AM
28826B,N,V,03/27/2026 11:45:27 AM
28827B,N,V,03/27/2026 08:48:42 AM
28828A,N,V,03/27/2026 09:23:52 AM
28828B,N,V,03/27/2026 11:40:37 AM
28829A,N,V,03/27/2026 10:43:35 AM
28829B,N,O,03/27/2026 12:13:55 PM
28830A,N,V,03/26/2026 04:56:23 PM
28830B,N,V,03/26/2026 12:32:20 PM
28831A,N,O,03/27/2026 09:58:45 AM
28831B,N,V,03/27/2026 08:49:43 AM
28832A,N,V,03/27/2026 11:48:34 AM
28832B,N,V,03/27/2026 11:52:10 AM
28833A,N,V,03/27/2026 11:45:44 AM
28833B,N,V,03/27/2026 11:49:58 AM
28835B,N,O,03/27/2026 07:00:01 AM
28836A,N,V,03/27/2026 11:54:25 AM
28836B,N,V,03/27/2026 12:14:57 PM
28837A,N,V,03/27/2026 12:03:52 PM
28837B,N,V,03/27/2026 12:24:00 PM
28838A,N,O,03/27/2026 06:57:02 AM
28838B,N,V,03/27/2026 12:27:27 PM
28839A,N,V,03/27/2026 07:55:47 AM
28839B,N,V,03/27/2026 12:17:37 PM
28840A,N,V,03/27/2026 09:02:46 AM
28840B,N,V,03/27/2026 12:27:17 PM
28841A,N,V,03/27/2026 07:39:56 AM
28841B,N,O,03/27/2026 11:43:02 AM
28842A,N,O,03/27/2026 12:00:53 PM
28842B,N,O,03/26/2026 06:02:25 PM
28843A,N,V,03/27/2026 12:25:09 PM
28843B,N,V,03/27/2026 12:08:36 PM
28844A,N,V,03/27/2026 11:42:33 AM
28844B,N,V,03/27/2026 11:34:58 AM
28845A,N,V,03/27/2026 10:36:04 AM
28845B,N,V,03/27/2026 12:25:24 PM
28846A,N,O,03/27/2026 12:27:26 PM
28846B,N,V,03/27/2026 08:31:15 AM
28847A,N,O,03/27/2026 12:05:51 PM
28847B,N,V,03/27/2026 12:27:10 PM
28848A,N,V,03/27/2026 08:59:29 AM
28848B,N,V,03/27/2026 08:59:51 AM
28849A,N,V,03/27/2026 12:27:13 PM
28849B,N,V,03/27/2026 08:31:47 AM
28850A,N,V,03/27/2026 07:56:44 AM
28850B,N,V,03/26/2026 08:40:46 AM
28851A,N,V,03/27/2026 12:25:48 PM
28852A,N,V,03/27/2026 11:33:02 AM
28852B,N,O,03/27/2026 11:00:37 AM
28853A,N,V,03/27/2026 09:00:50 AM
28853B,N,V,03/27/2026 08:11:07 AM
28854A,N,V,03/27/2026 11:25:36 AM
2889A,N,O,03/27/2026 07:20:30 AM
2890B,N,O,03/27/2026 12:06:34 PM
2894B,N,O,03/27/2026 09:10:25 AM
2896A,N,O,03/27/2026 11:01:37 AM
2897A,N,O,03/27/2026 11:29:09 AM
2897B,N,O,03/27/2026 11:11:39 AM
2899A,N,O,03/27/2026 12:14:51 PM
2899B,N,O,03/27/2026 12:08:49 PM
29002A,N,O,03/27/2026 12:13:42 PM
29002B,N,O,03/27/2026 07:58:09 AM
29003A,N,V,07/28/2025 10:53:03 AM
29003B,N,O,03/27/2026 12:15:42 PM
29004A,N,O,03/27/2026 11:52:16 AM
29004B,N,O,03/27/2026 12:19:08 PM
29005A,N,V,03/27/2026 12:27:44 PM
29005B,N,O,03/27/2026 11:22:08 AM
29006A,N,O,03/27/2026 12:07:43 PM
29006B,N,O,03/27/2026 12:23:05 PM
29007A,N,O,03/27/2026 12:14:06 PM
29007B,N,O,03/27/2026 11:44:03 AM
29008A,N,O,03/27/2026 06:56:58 AM
29008B,N,O,03/27/2026 07:02:08 AM
29009A,N,O,03/27/2026 06:55:49 AM
29009B,N,O,03/26/2026 02:03:43 PM
29011A,N,V,03/27/2026 12:20:55 PM
29011B,N,O,03/27/2026 06:58:45 AM
29012A,N,O,03/27/2026 06:57:50 AM
29012B,N,O,03/27/2026 09:59:10 AM
29013A,N,O,03/27/2026 06:56:48 AM
29013B,N,O,03/27/2026 06:56:48 AM
29014A,N,O,03/27/2026 06:55:49 AM
29014B,N,O,03/27/2026 08:33:07 AM
29015A,N,O,03/27/2026 08:17:46 AM
29015B,N,O,03/27/2026 08:38:57 AM
29016A,N,O,03/26/2026 06:58:39 AM
29016B,N,O,03/27/2026 08:01:16 AM
29017A,N,O,03/27/2026 08:38:50 AM
29018A,N,O,03/27/2026 09:54:41 AM
29018B,N,O,03/27/2026 10:39:34 AM
29019A,N,O,03/27/2026 11:29:21 AM
29019B,N,O,03/27/2026 11:50:39 AM
29020A,N,O,03/27/2026 11:54:54 AM
29020B,N,O,03/27/2026 06:59:54 AM
29021A,N,O,03/27/2026 12:24:23 PM
29021B,N,O,03/27/2026 12:02:20 PM
29022A,N,O,03/27/2026 07:59:03 AM
29022B,N,O,03/27/2026 11:18:55 AM
29023A,N,O,03/27/2026 12:00:12 PM
29024A,N,O,03/27/2026 12:03:09 PM
29024B,N,O,03/27/2026 11:55:34 AM
29025A,N,O,03/27/2026 11:40:14 AM
29025B,N,O,03/27/2026 10:49:43 AM
29026A,N,O,03/27/2026 11:53:31 AM
29026B,N,O,03/27/2026 10:48:02 AM
29027A,N,O,03/27/2026 07:42:19 AM
29027B,N,O,03/27/2026 07:06:22 AM
29028A,N,O,03/27/2026 06:56:45 AM
29028B,N,O,03/27/2026 07:05:26 AM
29029A,N,O,03/27/2026 09:05:43 AM
29029B,N,O,03/27/2026 12:04:36 PM
29030A,N,O,03/27/2026 11:50:26 AM
29030B,N,O,03/27/2026 12:26:24 PM
29031A,N,O,03/27/2026 10:22:36 AM
29031B,N,O,03/27/2026 11:47:46 AM
29032A,N,O,03/27/2026 10:57:47 AM
29032B,N,O,03/27/2026 11:11:04 AM
29033B,N,O,03/27/2026 12:25:47 PM
29034A,N,O,03/27/2026 06:55:49 AM
29034B,N,O,03/26/2026 06:55:48 AM
29035A,N,O,03/27/2026 07:04:10 AM
29035B,N,O,03/27/2026 07:00:06 AM
29036A,N,V,03/27/2026 07:43:38 AM
29036B,N,O,03/27/2026 07:18:01 AM
29046A,N,V,03/27/2026 12:06:34 PM
29046B,N,V,03/27/2026 12:04:22 PM
29047A,N,V,03/27/2026 10:20:29 AM
29047B,N,V,03/27/2026 10:17:58 AM
29048A,N,V,03/27/2026 07:56:32 AM
29048B,N,V,03/27/2026 08:03:29 AM
29049A,N,V,03/27/2026 07:54:59 AM
29049B,N,V,03/27/2026 09:46:57 AM
29050A,N,O,03/27/2026 08:23:42 AM
29050B,N,V,03/27/2026 07:46:25 AM
29051B,N,O,03/27/2026 12:27:00 PM
29052A,N,V,03/27/2026 11:47:17 AM
29053A,N,O,03/27/2026 09:03:36 AM
29053B,N,O,03/27/2026 08:50:53 AM
29054A,N,V,03/27/2026 11:18:42 AM
29054B,N,V,03/27/2026 10:59:25 AM
29055A,N,V,03/27/2026 08:45:36 AM
29055B,N,O,03/27/2026 12:13:45 PM
29056A,N,V,03/27/2026 10:49:00 AM
29056B,N,O,03/27/2026 12:16:43 PM
29057A,N,O,03/27/2026 12:00:08 PM
29057B,N,V,03/27/2026 07:05:42 AM
29058A,N,O,03/27/2026 10:35:02 AM
29059A,N,O,03/27/2026 11:55:18 AM
29059B,N,O,03/27/2026 10:46:26 AM
2905A,N,O,03/27/2026 10:16:11 AM
2905B,N,O,03/27/2026 11:36:11 AM
29060A,N,V,03/27/2026 12:21:57 PM
29060B,N,O,03/27/2026 10:57:37 AM
29061A,N,O,03/27/2026 12:16:35 PM
29061B,N,V,03/27/2026 12:23:28 PM
29062A,N,O,03/27/2026 12:19:31 PM
29062B,N,O,03/27/2026 12:16:45 PM
29063A,N,O,03/27/2026 07:59:23 AM
29063B,N,V,03/27/2026 12:27:04 PM
29064B,N,O,03/27/2026 07:55:26 AM
29065A,N,V,03/27/2026 08:08:10 AM
29065B,N,V,03/27/2026 11:55:05 AM
29066A,N,V,03/27/2026 08:34:44 AM
29066B,NU,O,03/24/2026 04:30:50 PM
29067A,NU,O,03/23/2026 09:36:54 AM
29067B,NU,V,03/23/2026 09:59:48 AM
29068A,NU,V,03/23/2026 09:59:45 AM
29068B,NU,O,03/23/2026 09:43:12 AM
29069A,N,V,03/27/2026 08:24:08 AM
29069B,N,V,03/27/2026 10:39:25 AM
29070A,N,O,03/27/2026 12:18:41 PM
29070B,N,V,03/27/2026 08:48:22 AM
29071A,N,V,03/27/2026 11:42:28 AM
29072A,N,V,03/27/2026 09:51:07 AM
29072B,N,V,03/27/2026 12:03:21 PM
29073A,N,V,03/27/2026 10:01:40 AM
29073B,N,V,03/27/2026 07:55:52 AM
29074A,N,V,03/27/2026 11:15:13 AM
29074B,N,O,03/27/2026 11:05:21 AM
29075A,N,V,03/27/2026 08:35:50 AM
29075B,N,V,03/27/2026 11:21:26 AM
29076B,N,O,03/27/2026 12:27:36 PM
29077A,N,V,03/27/2026 11:23:31 AM
29077B,N,V,03/27/2026 11:43:02 AM
29078A,N,V,03/27/2026 12:27:41 PM
29078B,N,O,03/27/2026 09:14:34 AM
29079A,N,V,03/27/2026 12:25:09 PM
29079B,N,O,03/27/2026 12:07:39 PM
2907A,N,O,03/27/2026 12:22:50 PM
2907B,N,O,03/27/2026 12:10:08 PM
29080A,N,V,03/27/2026 10:58:31 AM
29080B,N,V,03/27/2026 11:33:11 AM
29081A,N,V,03/27/2026 11:33:24 AM
29081B,N,V,03/27/2026 11:47:12 AM
29082A,N,V,03/27/2026 11:24:45 AM
29082B,N,O,03/27/2026 06:57:43 AM
29083A,N,O,03/27/2026 12:26:37 PM
29083B,N,O,03/27/2026 06:56:45 AM
29084A,N,O,03/27/2026 10:27:50 AM
29084B,N,O,03/27/2026 06:55:52 AM
29085A,N,O,03/27/2026 06:59:47 AM
29085B,N,O,03/26/2026 07:00:03 AM
29086A,NU,V,07/11/2025 03:54:12 PM
29086B,NU,V,07/11/2025 03:54:12 PM
29087A,N,O,03/27/2026 06:57:41 AM
29087B,N,O,03/27/2026 12:22:47 PM
29088A,N,O,03/27/2026 06:56:47 AM
29088B,N,O,03/27/2026 12:27:04 PM
29089A,N,O,03/27/2026 09:49:55 AM
29089B,N,O,03/27/2026 11:21:14 AM
2908A,N,O,03/27/2026 08:26:51 AM
2908B,N,O,03/27/2026 12:24:52 PM
29090A,N,O,03/27/2026 06:59:49 AM
29090B,N,O,03/27/2026 06:59:45 AM
29091A,N,O,03/27/2026 06:58:51 AM
29091B,N,O,03/27/2026 06:59:02 AM
29092A,N,O,03/27/2026 06:57:49 AM
29092B,N,O,03/27/2026 07:21:12 AM
29093A,N,O,03/27/2026 07:19:30 AM
29093B,N,V,03/27/2026 12:27:28 PM
29094A,N,O,03/27/2026 06:55:47 AM
29094B,N,O,03/26/2026 06:56:02 AM
29095A,N,V,03/27/2026 12:15:55 PM
29095B,N,O,03/27/2026 12:23:54 PM
29096A,N,O,03/27/2026 12:22:23 PM
29096B,N,O,03/27/2026 09:58:25 AM
29097A,N,V,03/27/2026 12:26:19 PM
29097B,N,O,03/27/2026 11:44:25 AM
29098A,N,O,03/27/2026 11:36:46 AM
29099A,N,O,03/27/2026 11:46:14 AM
29099B,N,V,03/27/2026 12:27:42 PM
2909A,N,V,03/27/2026 11:53:45 AM
2909B,N,V,03/27/2026 12:15:08 PM
290A,N,O,03/27/2026 11:23:35 AM
29100A,N,O,03/27/2026 12:15:19 PM
29100B,N,O,03/27/2026 11:20:31 AM
29101A,N,O,03/27/2026 11:34:15 AM
29101B,N,V,03/27/2026 12:26:51 PM
29102A,N,O,03/27/2026 12:05:36 PM
29102B,N,O,03/27/2026 12:05:26 PM
29103A,N,O,03/27/2026 07:44:37 AM
29103B,N,O,03/27/2026 12:01:45 PM
29104A,N,O,03/27/2026 10:43:28 AM
29105A,N,O,03/27/2026 06:59:46 AM
29105B,N,O,03/27/2026 11:31:14 AM
29106A,N,O,03/27/2026 12:26:59 PM
29106B,N,O,03/27/2026 07:39:56 AM
29107A,N,O,03/27/2026 07:06:45 AM
29107B,N,V,03/27/2026 12:25:50 PM
29108A,N,O,03/27/2026 12:27:23 PM
29108B,N,V,03/27/2026 12:17:04 PM
29109B,N,O,03/27/2026 09:16:03 AM
29111B,N,V,03/27/2026 12:23:37 PM
29112A,N,O,03/27/2026 12:26:59 PM
29112B,N,V,03/27/2026 12:27:10 PM
29113A,N,O,03/27/2026 12:27:41 PM
29113B,N,O,03/27/2026 11:53:48 AM
29114A,N,V,03/27/2026 12:25:13 PM
29114B,N,O,03/27/2026 10:57:51 AM
29115A,N,V,03/27/2026 12:25:33 PM
29115B,N,O,03/27/2026 10:17:17 AM
29116A,N,V,03/27/2026 12:27:21 PM
29116B,N,O,03/27/2026 12:26:59 PM
29117A,N,V,03/27/2026 12:02:57 PM
29117B,N,V,03/27/2026 12:23:24 PM
29118A,N,V,03/27/2026 12:27:38 PM
29118B,N,O,03/27/2026 08:23:34 AM
29121A,N,O,03/27/2026 12:16:49 PM
29122A,N,V,03/27/2026 08:10:22 AM
29122B,N,O,03/27/2026 11:06:29 AM
29123A,N,V,03/27/2026 10:16:06 AM
29123B,N,O,03/27/2026 06:56:51 AM
29124A,N,O,03/27/2026 12:05:46 PM
29124B,N,V,03/27/2026 10:22:53 AM
2912A,N,O,03/27/2026 09:20:29 AM
2912B,N,O,03/27/2026 11:18:28 AM
29139B,N,V,03/27/2026 11:30:02 AM
2913A,N,O,03/27/2026 11:04:09 AM
2913B,N,O,03/27/2026 12:11:26 PM
29140A,N,V,03/27/2026 11:43:36 AM
29140B,N,V,03/27/2026 11:22:17 AM
29141A,N,V,03/27/2026 11:22:17 AM
29141B,N,V,03/27/2026 12:25:36 PM
29142A,N,V,03/27/2026 12:25:38 PM
29142B,N,O,03/27/2026 09:13:55 AM
29143A,N,O,03/27/2026 09:13:54 AM
29143B,N,V,03/27/2026 11:26:46 AM
29144A,N,V,03/27/2026 09:26:38 AM
29144B,N,V,03/27/2026 09:54:48 AM
29145A,N,V,03/27/2026 12:27:31 PM
29145B,N,O,03/27/2026 09:09:29 AM
29146A,N,V,03/27/2026 12:11:47 PM
29146B,N,O,03/27/2026 07:03:59 AM
29147A,N,V,03/27/2026 10:49:21 AM
29147B,N,V,03/27/2026 10:05:04 AM
29148A,N,O,03/27/2026 12:17:02 PM
29148B,N,V,03/27/2026 11:25:57 AM
29149A,N,V,03/27/2026 09:31:41 AM
29149B,N,V,03/27/2026 10:20:12 AM
2914A,N,O,03/27/2026 08:56:02 AM
2914B,N,O,03/27/2026 06:55:44 AM
29150A,N,O,03/27/2026 10:48:54 AM
29150B,N,V,03/27/2026 12:27:43 PM
29151A,N,O,03/27/2026 08:26:30 AM
29151B,N,O,03/27/2026 11:25:59 AM
29152A,N,O,03/27/2026 12:27:42 PM
29152B,N,V,03/27/2026 12:14:37 PM
29153A,N,O,03/27/2026 06:56:53 AM
29153B,N,O,03/27/2026 11:13:33 AM
29154B,N,V,03/27/2026 11:01:05 AM
29155A,N,O,03/27/2026 12:23:35 PM
29155B,N,O,03/27/2026 12:27:36 PM
29159A,N,O,03/27/2026 11:23:12 AM
29159B,N,V,03/27/2026 12:18:03 PM
29160A,N,V,03/27/2026 12:25:07 PM
29161A,N,O,03/27/2026 12:22:58 PM
29161B,N,O,03/27/2026 06:58:52 AM
29162A,N,V,03/27/2026 12:26:23 PM
29162B,N,V,03/27/2026 09:15:57 AM
29163A,N,V,03/27/2026 12:25:17 PM
29164A,N,V,03/27/2026 11:34:10 AM
29164B,N,O,03/27/2026 07:50:31 AM
29165A,N,V,03/27/2026 11:50:28 AM
29165B,N,O,03/27/2026 08:06:14 AM
29166A,N,V,03/27/2026 12:18:56 PM
29166B,N,V,03/27/2026 11:31:39 AM
29167A,N,V,03/27/2026 12:00:48 PM
29167B,N,O,03/26/2026 05:42:28 PM
29168A,N,O,03/27/2026 08:06:08 AM
29168B,N,V,03/27/2026 07:21:36 AM
29169A,N,V,03/27/2026 07:15:42 AM
29169B,N,V,03/27/2026 11:34:14 AM
29170A,N,V,03/27/2026 11:59:39 AM
29170B,N,V,03/27/2026 12:00:07 PM
29171A,N,V,03/27/2026 08:58:18 AM
29171B,N,V,03/27/2026 10:50:24 AM
29172A,N,O,03/27/2026 08:08:03 AM
29173A,N,V,03/27/2026 10:53:49 AM
29173B,N,V,03/27/2026 08:34:36 AM
29174A,N,V,03/27/2026 10:03:07 AM
29174B,N,V,03/27/2026 07:57:21 AM
29175A,N,V,03/27/2026 12:25:45 PM
29175B,N,O,03/27/2026 11:59:44 AM
29176A,N,V,03/27/2026 10:40:08 AM
29176B,N,V,03/27/2026 12:25:45 PM
29177A,N,V,03/27/2026 08:15:39 AM
29177B,N,V,03/27/2026 07:15:43 AM
29178A,N,V,03/27/2026 11:27:34 AM
29178B,N,V,03/26/2026 07:57:35 PM
29179A,N,O,03/27/2026 06:55:44 AM
29179B,N,V,03/27/2026 12:15:33 PM
29181A,N,O,03/27/2026 10:40:30 AM
29181B,N,V,03/27/2026 12:26:03 PM
29182A,N,O,03/27/2026 11:38:32 AM
29182B,N,O,03/27/2026 11:26:48 AM
29183B,N,V,03/27/2026 12:27:39 PM
29184A,N,O,03/27/2026 12:04:38 PM
29184B,N,V,03/27/2026 12:27:06 PM
29185A,N,O,03/27/2026 07:01:18 AM
29185B,N,O,03/27/2026 12:27:03 PM
29186A,N,O,03/27/2026 06:58:48 AM
29186B,N,O,03/27/2026 11:14:14 AM
29187A,N,O,03/27/2026 11:18:25 AM
29188A,N,V,03/27/2026 11:21:31 AM
29188B,N,V,03/27/2026 12:18:43 PM
29189A,N,O,03/27/2026 09:44:55 AM
29189B,N,V,03/27/2026 10:26:37 AM
29190A,N,V,03/27/2026 08:04:47 AM
29190B,N,V,03/27/2026 11:28:31 AM
29191A,N,O,03/27/2026 06:58:46 AM
29191B,N,V,03/27/2026 08:11:28 AM
29192A,N,V,03/27/2026 11:22:52 AM
29192B,N,V,03/27/2026 11:38:51 AM
29193A,N,V,03/27/2026 11:00:58 AM
29193B,N,V,03/27/2026 08:14:50 AM
29194A,N,V,03/27/2026 10:47:20 AM
29194B,N,V,03/27/2026 07:08:37 AM
29195A,N,V,03/27/2026 08:35:39 AM
29195B,N,V,03/27/2026 11:03:53 AM
29196A,N,V,03/27/2026 10:01:55 AM
29196B,N,V,03/27/2026 10:47:59 AM
29197A,N,V,03/27/2026 09:16:58 AM
29197B,N,V,03/27/2026 09:09:27 AM
29198A,N,V,03/27/2026 09:31:51 AM
29198B,N,V,03/27/2026 07:41:26 AM
29199A,N,V,03/27/2026 08:03:25 AM
29199B,N,V,03/27/2026 11:22:04 AM
29200A,N,V,03/27/2026 07:24:34 AM
29200B,N,V,03/27/2026 07:16:41 AM
29201A,N,O,03/26/2026 07:43:49 PM
29201B,N,V,03/27/2026 08:03:11 AM
29202A,N,O,03/27/2026 10:51:34 AM
29202B,N,V,03/27/2026 10:51:34 AM
29203A,N,V,03/27/2026 07:48:24 AM
29203B,N,V,03/27/2026 06:59:14 AM
29204A,N,V,03/27/2026 11:47:44 AM
29204B,N,O,03/27/2026 12:12:20 PM
29205A,N,V,03/27/2026 12:26:23 PM
29205B,N,V,03/27/2026 12:22:43 PM
29206A,N,V,03/27/2026 08:51:55 AM
29206B,N,V,03/27/2026 11:45:21 AM
29207A,N,V,03/27/2026 09:44:25 AM
29207B,N,V,03/27/2026 11:38:16 AM
29208A,N,O,03/27/2026 12:16:04 PM
29208B,N,V,03/27/2026 09:33:11 AM
29209A,N,V,03/27/2026 10:43:25 AM
29209B,N,V,03/27/2026 11:12:35 AM
29210A,N,V,03/27/2026 11:04:33 AM
29210B,N,V,03/27/2026 10:50:12 AM
29211A,N,O,03/27/2026 08:03:16 AM
29211B,N,V,03/27/2026 07:07:27 AM
29212A,N,V,03/27/2026 07:36:51 AM
29212B,N,V,03/27/2026 07:39:25 AM
29213A,N,V,03/27/2026 09:41:40 AM
29213B,N,V,03/27/2026 09:26:37 AM
29214A,N,V,03/27/2026 08:02:07 AM
29214B,N,V,03/27/2026 08:01:03 AM
29215A,N,V,03/27/2026 11:43:13 AM
29215B,N,V,03/27/2026 12:17:44 PM
29216A,N,O,03/27/2026 12:27:06 PM
29216B,N,O,03/27/2026 06:58:49 AM
29217A,N,O,03/27/2026 06:57:47 AM
29218A,N,O,03/27/2026 06:56:49 AM
29218B,N,O,03/27/2026 11:03:14 AM
29219A,N,O,03/27/2026 12:26:53 PM
29219B,N,O,03/27/2026 10:38:08 AM
2921B,N,O,03/27/2026 11:44:37 AM
29220A,N,O,03/27/2026 12:25:11 PM
29220B,N,O,03/27/2026 10:55:37 AM
29221A,N,V,03/27/2026 12:27:28 PM
29221B,N,O,03/27/2026 12:27:16 PM
29222A,N,V,03/27/2026 12:25:31 PM
29222B,N,O,03/27/2026 09:48:06 AM
29223A,N,O,03/27/2026 12:23:25 PM
29223B,N,O,03/27/2026 11:28:33 AM
29224A,N,V,03/27/2026 12:26:18 PM
29224B,N,O,03/27/2026 12:15:44 PM
29225A,N,O,03/27/2026 11:59:21 AM
29225B,N,V,03/27/2026 12:24:51 PM
29226A,N,O,03/27/2026 07:27:10 AM
29226B,N,O,03/27/2026 12:18:54 PM
29227A,N,O,03/27/2026 12:27:39 PM
29227B,N,O,03/27/2026 06:57:49 AM
29228A,N,V,03/27/2026 12:22:32 PM
29228B,N,V,03/27/2026 12:27:15 PM
29229A,N,O,03/27/2026 12:27:46 PM
29229B,N,O,03/27/2026 12:27:04 PM
2922A,N,O,03/27/2026 11:40:03 AM
2922B,N,O,03/27/2026 11:36:51 AM
29230A,N,O,03/27/2026 11:01:09 AM
29230B,N,O,03/27/2026 12:23:43 PM
29231A,N,V,03/27/2026 12:27:38 PM
29231B,N,O,03/26/2026 06:58:50 AM
29232A,N,V,03/27/2026 12:26:19 PM
29232B,N,O,03/27/2026 12:27:41 PM
29233A,N,O,03/27/2026 12:27:16 PM
29233B,N,V,03/27/2026 11:34:42 AM
29234A,N,V,03/27/2026 11:49:15 AM
29234B,N,O,03/27/2026 12:27:46 PM
29235A,N,O,03/27/2026 12:23:23 PM
29235B,N,V,03/27/2026 12:13:59 PM
29236A,N,O,03/27/2026 09:48:05 AM
29237A,N,V,03/27/2026 11:01:24 AM
29238A,N,V,03/27/2026 12:03:39 PM
29238B,N,V,03/27/2026 12:27:04 PM
29239B,N,O,03/27/2026 11:20:39 AM
29240B,N,V,03/27/2026 11:21:28 AM
29241A,N,V,03/27/2026 10:36:16 AM
29241B,N,V,03/27/2026 10:36:31 AM
29242A,N,V,03/27/2026 11:01:45 AM
29242B,N,V,03/27/2026 11:01:52 AM
29243A,N,V,03/27/2026 12:04:08 PM
29243B,N,V,03/27/2026 10:48:12 AM
29244A,N,O,03/27/2026 12:27:24 PM
29244B,N,V,03/27/2026 08:01:27 AM
29254A,N,O,03/27/2026 07:34:13 AM
29255A,N,V,03/27/2026 11:50:45 AM
29255B,N,V,03/27/2026 10:12:45 AM
29256A,N,V,03/27/2026 12:20:44 PM
29256B,N,V,03/27/2026 12:22:08 PM
29257A,N,V,03/27/2026 11:51:00 AM
29257B,N,O,03/27/2026 10:02:03 AM
29258A,N,V,03/27/2026 10:07:23 AM
29258B,N,V,03/27/2026 06:57:20 AM
29259A,N,V,03/27/2026 11:25:29 AM
29259B,N,V,03/27/2026 11:25:36 AM
29260A,N,V,03/27/2026 11:28:02 AM
29260B,N,V,03/27/2026 09:02:31 AM
29261A,N,V,03/27/2026 12:19:18 PM
29261B,N,V,03/27/2026 12:23:07 PM
29262A,N,V,03/26/2026 10:38:51 AM
29262B,N,V,03/27/2026 11:31:48 AM
29263A,N,V,03/27/2026 11:54:20 AM
29263B,N,V,03/27/2026 12:00:30 PM
29264A,N,V,03/27/2026 10:53:22 AM
29264B,N,V,03/26/2026 04:25:56 PM
29265B,N,O,03/27/2026 12:20:50 PM
29266A,N,O,03/27/2026 06:58:44 AM
29266B,N,O,03/27/2026 06:58:44 AM
29267A,N,O,03/27/2026 06:57:48 AM
29267B,N,O,03/27/2026 12:13:24 PM
29268A,N,O,03/27/2026 12:10:10 PM
29268B,N,O,03/27/2026 06:56:46 AM
29269A,N,O,03/27/2026 12:06:40 PM
29269B,N,O,03/27/2026 06:55:51 AM
29270A,N,O,03/27/2026 11:52:40 AM
29270B,N,V,03/27/2026 12:10:31 PM
29271A,N,O,03/27/2026 11:59:27 AM
29271B,N,O,03/27/2026 11:49:54 AM
29272A,N,O,03/27/2026 06:57:41 AM
29272B,N,O,03/27/2026 10:46:19 AM
29273A,N,O,03/27/2026 10:56:36 AM
29273B,N,V,03/27/2026 12:03:10 PM
29274A,N,V,03/27/2026 12:03:15 PM
29274B,N,V,03/27/2026 12:26:55 PM
29275A,N,O,03/27/2026 12:02:21 PM
29275B,N,O,03/27/2026 12:05:50 PM
29276A,N,O,03/27/2026 12:27:31 PM
29276B,N,V,03/27/2026 10:03:20 AM
29277A,N,O,03/27/2026 12:24:14 PM
29277B,N,O,03/27/2026 08:45:57 AM
29278A,N,O,03/27/2026 06:56:42 AM
29278B,N,V,03/27/2026 12:26:14 PM
29279A,N,O,03/27/2026 06:59:38 AM
29279B,N,O,03/27/2026 06:55:53 AM
29280A,N,V,03/27/2026 12:21:39 PM
29280B,N,O,03/27/2026 06:59:44 AM
29281A,N,O,03/27/2026 09:34:45 AM
29281B,N,V,03/27/2026 12:23:42 PM
29282A,N,O,03/27/2026 10:58:47 AM
29282B,N,O,03/27/2026 06:57:53 AM
29283A,N,O,03/27/2026 12:16:38 PM
29283B,N,O,03/27/2026 06:56:49 AM
29284A,N,O,03/27/2026 06:56:10 AM
29284B,N,V,03/27/2026 12:24:07 PM
29285A,N,O,03/27/2026 06:59:43 AM
29285B,N,V,03/27/2026 12:27:30 PM
29286A,N,O,03/27/2026 11:39:55 AM
29286B,N,O,03/27/2026 12:17:54 PM
29287A,N,O,03/27/2026 12:20:11 PM
29287B,N,O,03/27/2026 11:06:44 AM
29288A,N,O,03/27/2026 08:34:30 AM
29288B,N,V,03/27/2026 11:52:22 AM
29289A,N,O,03/27/2026 07:32:37 AM
29289B,N,O,03/27/2026 09:56:05 AM
29290A,N,O,03/27/2026 09:12:30 AM
29290B,N,V,03/27/2026 07:20:33 AM
29291A,N,V,03/27/2026 11:35:17 AM
29291B,N,O,03/27/2026 12:26:50 PM
29292A,N,V,03/26/2026 06:31:46 PM
29292B,N,O,03/27/2026 08:37:15 AM
29293A,N,O,03/27/2026 06:56:46 AM
29293B,N,V,03/27/2026 10:56:31 AM
29294A,N,V,03/26/2026 10:59:20 AM
29294B,N,V,03/27/2026 11:03:40 AM
29295A,N,V,03/27/2026 12:27:37 PM
29295B,N,V,03/27/2026 11:46:40 AM
29296A,N,O,03/27/2026 08:38:46 AM
29296B,N,O,03/27/2026 12:27:45 PM
29297A,N,V,03/27/2026 11:58:12 AM
29297B,N,V,03/27/2026 11:59:23 AM
29298A,N,O,03/27/2026 06:56:42 AM
29298B,N,O,03/27/2026 08:03:05 AM
292A,N,O,03/26/2026 08:40:30 PM
292B,N,O,03/27/2026 07:54:14 AM
29300A,N,O,03/27/2026 11:38:02 AM
29300B,N,V,03/27/2026 12:10:46 PM
29301A,N,V,03/27/2026 09:58:16 AM
29301B,N,V,03/27/2026 10:58:50 AM
29302A,N,O,03/26/2026 07:14:25 PM
29302B,N,O,03/27/2026 09:19:03 AM
29303A,N,V,03/27/2026 12:18:29 PM
29303B,N,O,03/26/2026 04:37:07 PM
29304A,N,V,03/27/2026 07:15:49 AM
29304B,N,V,03/27/2026 10:35:18 AM
29305A,NU,O,03/26/2026 04:43:07 PM
29305B,NU,O,03/26/2026 05:34:22 PM
29306A,N,V,03/27/2026 07:39:57 AM
29306B,N,V,03/27/2026 11:40:45 AM
29307A,N,V,03/27/2026 11:02:19 AM
29307B,N,V,03/27/2026 11:24:27 AM
29308A,N,V,03/27/2026 07:48:54 AM
29308B,N,V,03/27/2026 09:34:49 AM
29309A,N,O,03/27/2026 06:55:46 AM
29309B,N,V,03/27/2026 07:35:56 AM
29310A,N,V,03/27/2026 11:05:48 AM
29310B,N,V,03/27/2026 08:05:41 AM
29311A,N,V,03/27/2026 10:54:55 AM
29311B,N,V,03/27/2026 11:19:17 AM
29312A,N,V,03/27/2026 12:24:30 PM
29312B,N,V,03/27/2026 07:26:54 AM
29313A,N,V,03/27/2026 07:01:14 AM
29313B,N,O,03/27/2026 10:07:36 AM
29314A,N,V,03/27/2026 11:39:15 AM
29314B,N,V,03/27/2026 07:13:04 AM
29315A,N,V,03/27/2026 10:43:33 AM
29315B,N,V,03/26/2026 07:35:13 PM
29316A,N,V,03/27/2026 09:56:09 AM
29316B,N,V,03/27/2026 11:35:04 AM
29317A,N,V,03/27/2026 10:55:30 AM
29317B,N,V,03/27/2026 10:01:48 AM
29318A,N,V,03/27/2026 09:07:02 AM
29318B,N,V,03/27/2026 09:20:59 AM
29319A,N,O,03/26/2026 06:01:16 PM
29319B,N,V,03/27/2026 11:04:53 AM
29320A,N,O,03/27/2026 09:26:24 AM
29320B,N,O,03/27/2026 09:23:07 AM
29321A,N,V,03/27/2026 11:48:04 AM
29321B,N,V,03/27/2026 09:03:43 AM
29322A,N,O,03/27/2026 10:31:14 AM
29322B,N,V,03/27/2026 10:43:31 AM
29323A,N,V,03/27/2026 07:36:38 AM
29323B,N,V,03/27/2026 11:39:15 AM
29324A,N,V,03/27/2026 09:25:28 AM
29324B,N,V,03/27/2026 09:40:10 AM
29325A,N,V,03/27/2026 12:10:06 PM
29325B,N,V,03/27/2026 11:12:44 AM
29326A,N,V,03/27/2026 12:09:31 PM
29326B,N,V,03/27/2026 11:54:34 AM
29330A,N,O,03/27/2026 12:00:16 PM
29330B,N,O,03/27/2026 12:26:44 PM
29331A,N,O,03/27/2026 12:18:38 PM
29331B,N,O,03/27/2026 10:34:52 AM
29332A,N,O,03/27/2026 10:45:26 AM
29333B,N,O,03/27/2026 12:05:44 PM
29334A,N,O,03/27/2026 11:22:21 AM
29334B,N,O,03/27/2026 12:08:23 PM
29335A,N,O,03/27/2026 12:12:20 PM
29335B,N,O,03/27/2026 12:01:59 PM
29336B,N,O,03/27/2026 12:11:31 PM
29337A,N,O,03/27/2026 11:54:41 AM
29337B,N,O,03/27/2026 12:15:14 PM
29338A,N,O,03/27/2026 12:13:31 PM
29338B,N,O,03/27/2026 12:09:27 PM
29339A,N,O,03/27/2026 12:06:04 PM
29339B,N,O,03/27/2026 12:02:48 PM
29340A,N,O,03/27/2026 09:04:34 AM
29340B,N,O,03/26/2026 06:32:19 PM
29341A,N,V,03/27/2026 12:25:03 PM
29342A,N,V,03/27/2026 12:27:43 PM
29342B,N,V,03/27/2026 12:24:50 PM
29343A,N,O,03/27/2026 11:59:13 AM
29343B,N,V,03/27/2026 12:02:52 PM
29344A,N,O,03/27/2026 12:27:05 PM
29345A,N,O,03/27/2026 06:59:57 AM
29345B,N,V,03/27/2026 12:03:22 PM
29346A,N,V,03/27/2026 07:57:43 AM
29346B,N,V,03/27/2026 07:56:02 AM
29347A,N,O,03/27/2026 12:11:27 PM
29348A,N,V,03/27/2026 12:20:54 PM
29348B,N,V,03/27/2026 12:13:45 PM
29349A,N,O,03/27/2026 06:55:52 AM
29349B,N,V,03/27/2026 07:50:56 AM
29350A,N,V,03/27/2026 11:08:47 AM
29351A,N,V,03/27/2026 07:25:40 AM
29351B,N,O,03/26/2026 07:25:05 PM
29352A,N,V,03/27/2026 11:55:08 AM
29352B,N,V,03/27/2026 08:40:44 AM
29353A,N,O,03/27/2026 11:43:11 AM
29354A,N,V,03/27/2026 07:30:23 AM
29354B,N,V,03/27/2026 07:06:49 AM
29355A,N,O,03/27/2026 12:10:33 PM
29355B,N,V,03/27/2026 10:24:12 AM
29356A,N,V,03/26/2026 11:55:18 AM
29360A,N,V,03/26/2026 02:42:10 PM
29360B,N,V,03/26/2026 08:38:43 AM
29361A,N,O,03/27/2026 07:08:38 AM
29361B,N,V,03/27/2026 07:30:51 AM
29362A,N,V,03/27/2026 07:50:37 AM
29362B,N,V,03/27/2026 07:57:08 AM
29363A,N,V,03/27/2026 08:17:13 AM
29363B,N,V,03/27/2026 07:35:43 AM
2946B,N,O,03/27/2026 12:06:21 PM
2947B,N,O,03/27/2026 11:49:42 AM
2948A,N,O,03/27/2026 12:24:07 PM
2948B,N,O,03/27/2026 11:57:54 AM
2949A,N,O,03/27/2026 10:19:44 AM
2949B,N,O,03/27/2026 12:24:44 PM
2950A,N,V,01/12/2026 10:24:18 AM
2950B,N,O,01/12/2026 10:24:33 AM
2951A,N,O,03/27/2026 11:30:44 AM
2951B,N,O,03/27/2026 12:11:19 PM
2952A,N,O,03/27/2026 10:39:30 AM
2952B,N,O,03/27/2026 11:42:19 AM
2955B,N,O,03/27/2026 07:59:42 AM
2956A,N,O,03/27/2026 12:06:13 PM
2956B,N,O,03/27/2026 11:40:45 AM
2959A,N,O,03/27/2026 12:20:02 PM
2959B,N,O,03/27/2026 07:55:57 AM
295A,N,O,03/27/2026 12:26:58 PM
295B,N,O,03/27/2026 08:29:44 AM
2965A,N,O,03/27/2026 08:26:54 AM
2965B,N,O,03/27/2026 08:10:55 AM
2966A,N,O,03/27/2026 11:37:43 AM
2966B,N,O,03/27/2026 10:06:29 AM
2967A,N,O,03/27/2026 06:57:43 AM
2967B,N,V,03/27/2026 12:27:32 PM
2968A,N,O,03/27/2026 11:15:49 AM
2968B,N,V,03/27/2026 12:11:03 PM
2969A,N,O,03/27/2026 12:27:38 PM
2969B,N,O,03/27/2026 07:52:37 AM
2970A,N,O,03/27/2026 06:59:50 AM
2970B,N,O,03/27/2026 08:35:07 AM
2971A,N,O,03/27/2026 10:32:11 AM
2971B,N,V,03/27/2026 10:38:04 AM
2976A,N,O,03/27/2026 10:48:34 AM
2979A,N,O,03/27/2026 12:13:13 PM
2979B,N,O,03/27/2026 06:55:46 AM
297B,N,O,03/27/2026 09:47:06 AM
2981A,N,O,03/27/2026 12:19:43 PM
2982A,N,O,03/27/2026 09:47:06 AM
2982B,N,O,03/27/2026 08:58:52 AM
2983A,N,O,03/27/2026 09:07:09 AM
2983B,N,V,03/27/2026 11:26:35 AM
2984A,N,O,03/27/2026 10:20:04 AM
2984B,N,O,03/27/2026 11:07:36 AM
2985A,N,O,03/27/2026 10:58:50 AM
2985B,N,O,03/27/2026 09:44:42 AM
2986A,N,O,03/27/2026 11:25:46 AM
2986B,N,O,03/27/2026 11:55:48 AM
2987A,N,O,03/27/2026 10:31:48 AM
2987B,N,O,03/27/2026 11:21:54 AM
2988A,N,O,03/27/2026 11:47:55 AM
2988B,N,O,03/27/2026 11:49:27 AM
2989A,N,O,03/27/2026 10:59:46 AM
2989B,N,O,03/27/2026 11:46:33 AM
298A,N,O,03/27/2026 11:55:07 AM
298B,N,O,03/27/2026 10:44:29 AM
2990A,N,O,03/27/2026 09:20:39 AM
2990B,N,O,03/27/2026 08:59:25 AM
2991A,N,O,03/27/2026 12:20:14 PM
2991B,N,O,03/27/2026 09:49:57 AM
2992A,N,O,03/27/2026 11:29:50 AM
2992B,N,O,03/27/2026 08:56:39 AM
2993A,N,O,03/27/2026 12:05:55 PM
2993B,N,O,03/27/2026 08:09:19 AM
2994A,N,O,03/27/2026 11:42:57 AM
2994B,N,O,03/27/2026 08:34:36 AM
2996A,N,O,03/27/2026 10:11:49 AM
2996B,N,O,03/27/2026 12:03:36 PM
2997A,N,O,03/27/2026 12:22:34 PM
2997B,N,O,03/27/2026 11:30:59 AM
2998A,N,O,03/27/2026 10:17:12 AM
2A,N,O,03/27/2026 12:01:50 PM
2B,N,O,03/27/2026 12:06:20 PM
301A,N,O,03/27/2026 12:24:38 PM
301B,N,V,03/27/2026 11:37:32 AM
302A,N,O,03/27/2026 08:07:09 AM
302B,N,O,03/27/2026 09:49:42 AM
303A,N,V,03/27/2026 11:49:13 AM
303B,N,V,03/27/2026 09:59:05 AM
3040A,N,O,03/27/2026 07:52:43 AM
3040B,N,O,03/27/2026 07:46:45 AM
3041A,N,O,03/27/2026 12:04:20 PM
3041B,N,O,03/26/2026 10:17:17 PM
3045A,N,O,03/27/2026 09:09:22 AM
3045B,N,O,03/27/2026 11:00:33 AM
3046A,N,O,01/12/2026 11:15:27 AM
3046B,N,O,01/12/2026 11:15:12 AM
304A,N,V,03/27/2026 12:27:44 PM
304B,N,O,03/27/2026 12:27:29 PM
305A,N,V,03/27/2026 12:15:03 PM
305B,N,O,03/27/2026 08:19:26 AM
3060A,N,O,03/27/2026 08:28:06 AM
3061A,N,O,03/27/2026 08:16:47 AM
3061B,N,O,03/27/2026 12:08:04 PM
3062A,N,O,03/27/2026 08:21:30 AM
3062B,N,O,03/27/2026 09:06:35 AM
3063A,N,O,03/27/2026 12:03:18 PM
3064A,N,O,03/27/2026 07:41:10 AM
3064B,N,O,03/27/2026 09:48:29 AM
3065A,N,O,03/27/2026 12:12:13 PM
3065B,N,O,03/27/2026 07:40:44 AM
3066A,N,O,03/27/2026 07:47:43 AM
3066B,N,V,03/27/2026 12:25:44 PM
3067A,N,O,03/27/2026 08:05:42 AM
3067B,N,O,03/27/2026 11:25:07 AM
3068A,N,O,03/27/2026 09:09:54 AM
3068B,N,O,03/27/2026 09:07:58 AM
3069A,N,O,03/27/2026 10:39:54 AM
3069B,N,O,03/27/2026 11:52:59 AM
306B,N,O,03/27/2026 12:20:47 PM
3070A,N,O,03/27/2026 11:34:33 AM
3070B,N,O,03/27/2026 10:38:42 AM
3073A,N,O,03/27/2026 11:22:17 AM
3074A,N,O,03/27/2026 10:03:07 AM
3074B,N,O,03/27/2026 10:36:14 AM
3075A,N,O,03/27/2026 09:54:40 AM
3075B,N,O,03/27/2026 11:40:55 AM
3076A,N,O,03/27/2026 11:02:30 AM
3076B,N,O,03/27/2026 12:14:48 PM
3077A,N,O,03/27/2026 12:15:49 PM
3077B,N,O,03/27/2026 10:09:47 AM
3078A,N,O,03/27/2026 10:32:50 AM
3078B,N,O,03/27/2026 11:10:38 AM
3079A,N,O,03/27/2026 11:53:24 AM
3079B,N,O,03/27/2026 10:26:47 AM
307A,N,O,03/27/2026 10:24:19 AM
307B,N,V,03/27/2026 12:25:16 PM
3080A,N,O,03/27/2026 12:19:20 PM
3080B,N,O,03/27/2026 11:43:48 AM
3081A,N,O,03/27/2026 11:35:37 AM
3081B,N,O,03/27/2026 12:09:11 PM
308A,N,V,03/27/2026 12:25:14 PM
308B,N,O,03/27/2026 09:36:31 AM
3092B,N,O,03/27/2026 12:22:15 PM
3093A,N,O,03/27/2026 12:15:53 PM
3093B,N,O,03/27/2026 11:50:28 AM
3094A,N,O,03/27/2026 11:44:30 AM
3094B,N,O,03/27/2026 12:17:55 PM
3095A,N,O,03/27/2026 12:16:40 PM
3095B,N,O,03/27/2026 12:22:07 PM
3096A,N,O,03/27/2026 12:03:39 PM
3096B,N,O,03/27/2026 11:43:41 AM
3097A,N,O,03/27/2026 07:41:38 AM
3097B,N,O,03/27/2026 12:11:10 PM
3098A,N,O,03/27/2026 12:10:53 PM
3098B,N,O,03/27/2026 12:26:36 PM
3099A,N,O,03/27/2026 10:50:34 AM
3099B,N,O,03/27/2026 06:55:47 AM
309A,N,V,03/27/2026 12:18:08 PM
309B,N,O,03/27/2026 09:56:30 AM
3100A,N,O,03/27/2026 06:59:51 AM
3100B,N,O,03/27/2026 09:31:16 AM
3101A,N,O,03/27/2026 06:58:45 AM
3101B,N,O,03/27/2026 10:24:07 AM
3107A,N,O,03/27/2026 08:32:49 AM
3107B,N,O,03/27/2026 07:00:15 AM
3109A,N,O,03/27/2026 10:34:42 AM
3109B,N,O,03/27/2026 11:30:24 AM
310A,N,V,03/27/2026 12:03:12 PM
310B,N,V,03/27/2026 12:00:01 PM
3110A,N,O,03/27/2026 09:43:38 AM
311A,N,V,03/27/2026 11:10:12 AM
311B,N,O,03/27/2026 08:53:03 AM
312A,N,V,03/27/2026 11:55:51 AM
312B,N,V,03/27/2026 11:49:52 AM
313A,N,O,03/27/2026 10:52:14 AM
313B,N,V,03/27/2026 12:23:04 PM
314A,N,O,03/27/2026 11:57:29 AM
314B,N,V,03/27/2026 12:02:38 PM
315A,N,V,03/27/2026 11:31:29 AM
315B,N,V,03/27/2026 11:32:35 AM
316A,N,V,03/27/2026 09:04:22 AM
316B,N,O,03/27/2026 06:58:46 AM
317A,N,O,03/27/2026 08:38:44 AM
317B,N,O,03/27/2026 06:57:49 AM
3186A,N,V,03/27/2026 08:05:35 AM
3186B,N,O,03/27/2026 09:03:29 AM
3187A,N,O,03/27/2026 12:21:34 PM
3187B,N,O,03/27/2026 12:19:14 PM
3188A,N,O,03/27/2026 07:26:16 AM
3188B,N,O,03/27/2026 11:12:21 AM
318B,N,O,03/27/2026 12:26:53 PM
3190A,N,O,03/27/2026 10:20:40 AM
3190B,N,O,03/27/2026 10:45:32 AM
3191A,N,V,03/27/2026 12:14:35 PM
3191B,N,O,03/27/2026 11:58:26 AM
3192A,N,V,03/27/2026 12:07:21 PM
3192B,N,O,03/27/2026 11:37:39 AM
3193A,N,O,03/27/2026 08:29:29 AM
3193B,N,O,03/27/2026 09:39:54 AM
3197A,N,O,03/27/2026 10:37:46 AM
3197B,N,O,03/27/2026 08:55:27 AM
319A,N,O,03/27/2026 09:51:16 AM
319B,N,O,03/27/2026 11:41:02 AM
3205A,N,V,03/27/2026 12:27:08 PM
3205B,N,O,03/27/2026 10:55:43 AM
3206A,N,O,03/27/2026 10:09:21 AM
3206B,N,O,03/27/2026 09:08:30 AM
3207A,N,O,03/27/2026 11:08:22 AM
3207B,N,O,03/27/2026 09:47:56 AM
3209A,N,V,03/27/2026 12:00:16 PM
3209B,N,O,03/27/2026 11:57:04 AM
320A,N,O,03/27/2026 12:08:46 PM
320B,N,O,03/27/2026 11:40:44 AM
3210A,N,O,03/27/2026 10:57:34 AM
3210B,N,O,03/27/2026 12:25:59 PM
3211A,N,O,03/27/2026 08:24:28 AM
3211B,N,V,03/27/2026 12:17:03 PM
3212A,N,O,03/27/2026 06:57:43 AM
3212B,N,O,03/27/2026 06:57:43 AM
3213B,N,O,03/27/2026 08:37:15 AM
3214A,N,O,03/27/2026 09:14:58 AM
3214B,N,O,03/27/2026 11:59:34 AM
3215A,N,V,03/27/2026 12:04:23 PM
3215B,N,V,03/27/2026 12:22:16 PM
3216A,N,O,03/27/2026 08:28:46 AM
3216B,N,O,03/27/2026 11:54:54 AM
3217A,N,O,03/27/2026 10:22:00 AM
3217B,N,V,03/27/2026 12:16:20 PM
3218A,N,V,03/27/2026 12:11:13 PM
3218B,N,O,03/27/2026 12:12:45 PM
3219A,N,O,03/27/2026 12:27:20 PM
3219B,N,O,03/27/2026 08:43:54 AM
321A,N,O,03/27/2026 06:58:49 AM
321B,N,O,03/27/2026 06:58:49 AM
3220A,N,O,03/27/2026 08:41:48 AM
3220B,N,O,03/27/2026 09:53:54 AM
3221A,N,V,03/27/2026 12:17:47 PM
3221B,N,O,03/12/2026 10:14:38 AM
3222A,N,V,03/27/2026 11:59:25 AM
3222B,N,O,03/27/2026 11:00:16 AM
322A,N,O,03/27/2026 11:25:48 AM
322B,N,V,03/27/2026 11:59:54 AM
3237A,N,V,03/27/2026 11:59:03 AM
3237B,N,O,03/27/2026 12:01:48 PM
3238A,N,O,03/27/2026 11:42:46 AM
3238B,N,V,03/27/2026 12:11:04 PM
3239A,N,V,03/27/2026 12:08:19 PM
3239B,N,V,03/27/2026 12:27:31 PM
3240A,N,V,03/27/2026 10:24:33 AM
3240B,N,O,03/27/2026 06:59:46 AM
3241A,N,O,03/27/2026 11:51:02 AM
3241B,N,O,03/27/2026 12:26:05 PM
3242B,N,O,03/27/2026 08:15:36 AM
3258A,N,O,03/27/2026 06:56:40 AM
3258B,N,O,03/27/2026 10:54:03 AM
3259A,N,O,03/27/2026 11:36:43 AM
3259B,N,O,03/27/2026 12:03:49 PM
325A,N,V,03/27/2026 12:17:06 PM
325B,N,V,03/27/2026 12:27:40 PM
3260A,N,O,03/27/2026 12:27:10 PM
3260B,N,O,03/27/2026 09:24:59 AM
3261A,N,O,03/27/2026 11:36:44 AM
3261B,N,V,03/27/2026 12:21:54 PM
3262A,N,O,03/27/2026 10:19:30 AM
3262B,N,O,03/27/2026 12:23:07 PM
3263A,NU,V,03/27/2026 08:59:30 AM
3263B,NU,V,03/27/2026 08:58:34 AM
3264A,N,O,03/27/2026 06:55:47 AM
3264B,N,O,03/27/2026 12:24:45 PM
3265A,N,O,03/27/2026 12:24:35 PM
3265B,N,O,03/27/2026 10:48:13 AM
3266A,N,O,03/27/2026 06:58:53 AM
3266B,N,V,03/27/2026 12:27:19 PM
3267A,N,V,03/27/2026 12:27:28 PM
3267B,N,O,03/27/2026 12:25:13 PM
3268A,N,V,03/27/2026 11:03:22 AM
3268B,N,O,03/27/2026 06:56:48 AM
326A,N,O,03/27/2026 12:18:02 PM
326B,N,O,03/27/2026 12:26:14 PM
3271A,N,V,03/27/2026 12:02:59 PM
3272A,N,O,03/27/2026 12:26:34 PM
3272B,N,O,03/27/2026 12:04:49 PM
327A,N,O,03/27/2026 11:59:58 AM
327B,N,O,03/27/2026 11:49:02 AM
3281A,N,O,03/27/2026 11:48:58 AM
3281B,N,O,03/27/2026 09:00:23 AM
3282A,N,O,03/27/2026 09:12:58 AM
3282B,N,O,03/27/2026 09:29:50 AM
3283A,N,O,03/27/2026 07:54:39 AM
3283B,N,O,03/27/2026 08:11:01 AM
3284A,N,O,03/27/2026 06:55:41 AM
3284B,N,O,03/27/2026 07:58:17 AM
3285A,N,O,03/27/2026 11:44:24 AM
3285B,N,O,03/27/2026 12:25:40 PM
3286A,N,O,03/27/2026 12:07:36 PM
3286B,N,O,03/27/2026 11:51:03 AM
3287A,N,O,03/27/2026 12:25:58 PM
3287B,N,O,03/27/2026 11:56:44 AM
3288A,N,O,03/27/2026 12:24:28 PM
3288B,N,O,03/27/2026 11:03:40 AM
328A,N,V,03/27/2026 12:27:12 PM
328B,N,O,03/27/2026 11:40:34 AM
3290A,N,O,03/27/2026 10:07:21 AM
3290B,N,O,03/27/2026 10:25:04 AM
3291B,N,V,03/27/2026 12:25:20 PM
3292A,N,O,03/27/2026 12:16:13 PM
3292B,N,V,03/27/2026 11:39:34 AM
3293A,N,O,03/27/2026 12:01:53 PM
3293B,N,O,03/27/2026 12:27:16 PM
3294A,N,O,03/27/2026 12:07:35 PM
3294B,N,O,03/27/2026 11:11:00 AM
3295A,N,V,03/27/2026 11:40:58 AM
329B,N,O,11/01/2025 01:54:54 PM
330A,N,O,03/27/2026 12:20:42 PM
330B,N,V,03/27/2026 09:06:36 AM
3317A,N,O,03/27/2026 12:23:09 PM
3317B,N,O,03/27/2026 12:25:04 PM
3318A,N,O,03/27/2026 08:48:21 AM
3318B,N,O,03/27/2026 11:12:35 AM
3319A,N,O,03/27/2026 11:24:51 AM
3319B,N,O,03/27/2026 08:48:24 AM
331A,N,O,03/26/2026 12:43:06 PM
331B,N,V,03/27/2026 07:23:47 AM
3320A,N,O,03/27/2026 11:54:36 AM
3320B,N,O,03/27/2026 10:54:32 AM
3321A,N,O,03/27/2026 07:59:42 AM
3321B,N,O,03/27/2026 08:15:09 AM
3322A,N,O,03/27/2026 09:40:20 AM
3322B,N,O,03/27/2026 11:09:03 AM
3323B,N,O,03/27/2026 10:55:11 AM
332A,N,O,03/27/2026 09:56:57 AM
332B,N,O,03/27/2026 09:56:57 AM
3330A,N,V,03/27/2026 11:57:31 AM
3330B,N,O,03/27/2026 08:30:30 AM
3331A,N,O,03/27/2026 08:59:12 AM
3331B,N,O,03/27/2026 09:14:10 AM
3332A,N,V,03/27/2026 11:24:10 AM
3332B,N,V,03/27/2026 11:37:12 AM
3333A,N,V,03/27/2026 12:25:23 PM
3333B,N,O,03/27/2026 12:27:12 PM
3334A,N,V,03/27/2026 12:06:56 PM
3334B,N,V,03/27/2026 12:19:48 PM
333A,N,V,03/27/2026 12:27:23 PM
333B,N,O,03/27/2026 06:56:45 AM
3343A,N,O,03/27/2026 12:11:58 PM
3343B,N,O,03/27/2026 06:56:48 AM
3344A,N,O,03/27/2026 09:10:16 AM
3344B,N,O,03/27/2026 09:45:04 AM
3346A,N,O,03/27/2026 07:00:50 AM
3346B,N,O,03/27/2026 11:35:27 AM
334A,N,V,03/27/2026 11:37:38 AM
334B,N,O,03/27/2026 06:55:45 AM
3350A,N,O,03/27/2026 11:53:38 AM
3350B,N,O,03/27/2026 11:41:16 AM
3351A,N,O,03/27/2026 11:47:20 AM
3351B,N,O,03/27/2026 09:02:13 AM
3352A,N,O,03/27/2026 12:23:09 PM
3352B,N,O,03/27/2026 12:23:55 PM
3353A,N,V,03/27/2026 12:01:56 PM
3354A,N,O,03/27/2026 09:11:02 AM
3354B,N,O,03/27/2026 12:22:24 PM
3355A,N,V,03/27/2026 12:25:07 PM
3355B,N,V,03/27/2026 11:44:59 AM
3357B,N,O,03/27/2026 09:29:35 AM
3358A,N,O,03/27/2026 09:08:55 AM
3358B,N,O,03/27/2026 08:48:10 AM
3359A,N,O,03/27/2026 06:57:11 AM
3359B,N,O,03/27/2026 09:23:48 AM
335B,N,O,03/27/2026 12:17:10 PM
3360A,N,O,03/27/2026 08:24:07 AM
3362A,N,V,03/27/2026 12:19:07 PM
3362B,N,V,03/27/2026 10:50:53 AM
3363A,N,O,03/27/2026 11:52:58 AM
3363B,N,O,03/27/2026 10:24:55 AM
3368A,N,O,03/27/2026 07:39:30 AM
3368B,N,O,03/27/2026 12:21:42 PM
336A,N,V,03/27/2026 11:43:33 AM
336B,N,O,03/27/2026 06:58:49 AM
3371A,N,O,03/27/2026 12:18:35 PM
3371B,N,O,03/27/2026 12:27:39 PM
3372A,N,V,03/27/2026 12:25:53 PM
3372B,N,O,03/27/2026 12:00:40 PM
3373A,N,O,03/27/2026 07:58:45 AM
3373B,N,V,03/27/2026 12:07:59 PM
3374A,N,O,03/27/2026 12:18:26 PM
3374B,N,V,03/27/2026 12:09:22 PM
3375A,N,O,03/27/2026 12:27:42 PM
3375B,N,V,03/27/2026 12:19:27 PM
3376A,N,V,03/27/2026 12:19:30 PM
3376B,N,V,03/27/2026 12:19:30 PM
3377A,N,O,03/27/2026 09:12:38 AM
3377B,N,O,03/27/2026 09:13:06 AM
3378A,N,O,03/27/2026 12:06:54 PM
3378B,N,V,03/27/2026 12:10:49 PM
3379A,N,V,03/27/2026 12:26:34 PM
3379B,N,O,03/27/2026 10:01:12 AM
337A,N,O,03/27/2026 10:01:34 AM
337B,N,O,03/27/2026 06:57:59 AM
3380A,N,V,03/27/2026 12:27:44 PM
3380B,N,O,03/27/2026 06:59:54 AM
3381A,N,O,03/27/2026 10:51:54 AM
3381B,N,O,03/27/2026 12:13:09 PM
3382A,N,O,03/27/2026 11:44:26 AM
3382B,N,V,03/27/2026 12:27:43 PM
3383A,N,O,03/27/2026 11:21:19 AM
3383B,N,O,03/27/2026 11:47:21 AM
338A,N,O,03/27/2026 06:57:26 AM
338B,N,V,03/27/2026 12:27:14 PM
339A,N,V,03/27/2026 10:41:23 AM
3400A,N,O,03/27/2026 09:04:32 AM
3400B,N,O,03/27/2026 11:22:32 AM
3401A,N,O,03/27/2026 09:29:16 AM
3402A,N,O,03/27/2026 08:45:16 AM
3402B,N,O,03/27/2026 10:49:53 AM
3403A,N,O,03/27/2026 09:17:10 AM
3403B,N,O,03/27/2026 07:18:08 AM
3404A,N,O,03/27/2026 12:10:35 PM
3404B,N,O,03/27/2026 12:05:12 PM
3405A,N,O,03/27/2026 12:16:47 PM
3405B,N,O,03/27/2026 11:09:59 AM
3406A,N,O,03/27/2026 07:42:34 AM
3406B,N,O,03/27/2026 09:30:55 AM
3411A,N,O,03/27/2026 06:58:45 AM
3411B,N,O,03/27/2026 12:11:45 PM
3412A,N,O,03/27/2026 11:53:47 AM
3412B,N,O,03/27/2026 08:00:25 AM
3413A,N,O,03/27/2026 08:38:05 AM
3413B,N,O,03/27/2026 09:14:50 AM
3414A,N,O,03/27/2026 06:55:50 AM
3414B,N,O,03/27/2026 09:17:59 AM
3415A,N,O,03/27/2026 09:24:08 AM
3416A,N,O,03/27/2026 10:17:27 AM
3416B,N,O,03/27/2026 12:21:20 PM
3417A,N,O,03/27/2026 10:31:26 AM
3418A,N,O,03/27/2026 06:56:50 AM
3418B,N,O,03/27/2026 08:52:31 AM
3419A,N,O,03/27/2026 06:55:50 AM
3419B,N,O,03/27/2026 09:09:48 AM
3421A,N,O,03/27/2026 12:00:08 PM
3421B,N,O,03/27/2026 08:17:34 AM
3422A,N,O,03/27/2026 11:28:59 AM
3422B,N,O,03/27/2026 09:28:03 AM
3423A,N,O,03/27/2026 08:22:06 AM
3423B,N,O,03/27/2026 12:08:28 PM
3427A,N,O,03/27/2026 12:19:36 PM
3427B,N,O,03/27/2026 11:39:20 AM
3428A,N,O,03/27/2026 06:56:48 AM
3428B,N,O,03/27/2026 09:15:49 AM
342A,N,O,03/27/2026 12:26:54 PM
3433A,N,O,03/27/2026 08:35:22 AM
3433B,N,O,03/27/2026 06:56:52 AM
3434A,N,O,03/27/2026 07:36:41 AM
3434B,N,O,03/27/2026 06:55:51 AM
3435A,N,O,03/27/2026 06:59:50 AM
3435B,N,O,03/27/2026 11:47:26 AM
3436A,N,O,03/27/2026 06:58:53 AM
3436B,N,O,03/27/2026 10:28:16 AM
343A,N,O,03/27/2026 10:46:58 AM
343B,N,O,03/27/2026 11:41:42 AM
3447B,N,O,03/27/2026 11:56:29 AM
3448A,N,O,03/27/2026 06:57:05 AM
3448B,N,O,03/27/2026 07:54:34 AM
3449B,N,O,03/27/2026 12:08:41 PM
344A,N,O,03/27/2026 06:55:49 AM
344B,N,O,03/27/2026 07:40:48 AM
3450A,N,O,03/27/2026 07:19:13 AM
3450B,N,O,03/27/2026 08:35:34 AM
3451A,N,O,03/27/2026 08:56:08 AM
3451B,N,O,03/27/2026 10:21:03 AM
345A,N,V,03/27/2026 09:44:34 AM
345B,N,O,03/27/2026 08:01:58 AM
3467B,N,O,03/27/2026 08:27:52 AM
3468A,N,O,03/27/2026 12:23:01 PM
3468B,N,O,03/27/2026 12:18:59 PM
346B,N,O,03/27/2026 11:54:16 AM
3475B,N,O,03/27/2026 08:28:40 AM
3476A,N,O,03/27/2026 12:24:24 PM
3476B,N,O,03/27/2026 12:16:27 PM
3477A,N,O,03/27/2026 11:51:27 AM
3477B,N,O,03/27/2026 10:52:27 AM
3478A,N,O,03/27/2026 12:23:10 PM
3478B,N,O,03/27/2026 11:46:52 AM
3479A,N,O,03/27/2026 11:49:11 AM
347A,N,O,03/27/2026 11:38:26 AM
347B,N,O,03/27/2026 06:57:49 AM
3483A,N,O,03/27/2026 11:36:40 AM
3484B,N,O,03/27/2026 09:28:15 AM
3485A,N,O,03/27/2026 07:00:53 AM
3486A,N,O,03/27/2026 10:50:17 AM
3486B,N,O,03/27/2026 08:39:03 AM
3487A,N,O,03/27/2026 11:03:56 AM
3487B,N,O,03/27/2026 11:15:43 AM
3488B,N,V,03/27/2026 08:04:30 AM
3489A,N,O,03/27/2026 11:51:53 AM
3489B,N,O,03/27/2026 09:40:27 AM
348A,N,V,03/27/2026 11:25:59 AM
348B,N,V,03/27/2026 12:27:40 PM
350A,N,O,03/27/2026 12:20:29 PM
350B,N,O,03/27/2026 12:21:30 PM
3516A,N,O,03/27/2026 10:52:08 AM
3516B,N,O,03/27/2026 12:16:49 PM
351A,N,O,03/27/2026 11:38:03 AM
351B,N,O,03/27/2026 11:51:37 AM
352A,N,V,03/27/2026 12:15:06 PM
352B,N,V,03/27/2026 12:14:45 PM
353A,N,V,03/27/2026 11:38:00 AM
353B,N,O,03/27/2026 06:56:54 AM
3541B,N,V,03/27/2026 12:21:36 PM
3542A,N,O,03/27/2026 07:50:05 AM
3543A,N,O,03/27/2026 09:05:48 AM
3543B,N,O,03/27/2026 06:56:45 AM
3544A,N,O,03/27/2026 07:52:14 AM
3544B,N,O,03/27/2026 09:58:02 AM
3545A,N,O,03/27/2026 12:25:05 PM
3550A,N,O,03/27/2026 08:20:27 AM
3550B,N,O,03/26/2026 07:13:20 PM
3551A,N,O,03/27/2026 07:53:08 AM
3551B,N,O,03/27/2026 06:58:49 AM
3558B,N,O,03/27/2026 08:03:07 AM
3559A,N,O,03/27/2026 08:53:00 AM
3559B,N,O,03/27/2026 06:55:51 AM
3562A,N,O,03/27/2026 06:57:48 AM
3563A,N,V,03/27/2026 11:28:40 AM
3563B,N,O,03/27/2026 06:56:47 AM
3564A,N,O,03/27/2026 11:33:14 AM
3564B,N,V,03/27/2026 12:25:00 PM
3568A,N,O,03/27/2026 06:56:50 AM
3568B,N,O,03/27/2026 06:56:50 AM
3569A,N,O,03/27/2026 10:37:37 AM
3569B,N,O,03/27/2026 07:22:07 AM
3571A,N,O,03/27/2026 09:17:21 AM
3571B,N,O,03/27/2026 12:17:27 PM
3572A,N,O,03/27/2026 10:53:02 AM
3572B,N,O,03/27/2026 11:50:32 AM
3573A,N,O,03/27/2026 08:26:54 AM
3573B,N,O,03/27/2026 12:19:02 PM
3574A,N,O,03/27/2026 09:03:45 AM
3574B,N,O,03/27/2026 08:25:46 AM
3575A,N,O,03/27/2026 10:54:17 AM
3575B,N,O,03/27/2026 10:06:54 AM
3576A,N,O,03/27/2026 10:42:57 AM
3576B,N,V,03/27/2026 12:27:15 PM
3577A,N,O,03/27/2026 11:23:52 AM
3577B,N,O,03/27/2026 11:52:46 AM
3578A,N,O,03/27/2026 08:26:58 AM
3578B,N,O,03/27/2026 11:43:34 AM
3579A,N,O,03/27/2026 10:03:48 AM
3579B,N,O,03/27/2026 12:01:49 PM
357A,N,O,03/27/2026 11:20:25 AM
357B,N,O,03/27/2026 10:50:53 AM
3580A,N,O,03/27/2026 10:59:54 AM
3583A,N,O,03/27/2026 12:19:55 PM
3583B,N,O,03/27/2026 09:27:32 AM
3584A,N,O,03/27/2026 08:25:46 AM
3584B,N,O,03/27/2026 08:25:46 AM
3585A,N,O,03/27/2026 11:59:30 AM
3585B,N,O,03/27/2026 08:29:52 AM
3586A,N,O,03/27/2026 08:47:21 AM
3586B,N,O,03/27/2026 11:36:04 AM
3587A,N,O,03/27/2026 11:54:04 AM
3587B,N,O,03/27/2026 08:27:55 AM
3588A,N,O,03/27/2026 11:55:03 AM
3592A,N,V,03/27/2026 12:24:50 PM
3592B,N,O,03/27/2026 07:53:44 AM
3593A,N,O,03/27/2026 12:11:54 PM
3593B,N,O,03/27/2026 08:11:15 AM
3594A,N,O,03/27/2026 12:07:41 PM
3594B,N,O,03/27/2026 07:43:04 AM
3597A,N,O,03/27/2026 08:47:44 AM
3597B,N,O,03/27/2026 10:06:44 AM
3604B,N,O,03/27/2026 11:27:02 AM
3605A,N,O,03/27/2026 09:09:57 AM
3605B,N,O,03/27/2026 06:59:48 AM
3606A,N,O,03/27/2026 12:17:40 PM
3606B,N,O,03/27/2026 11:07:52 AM
3607A,NU,O,03/27/2026 07:07:10 AM
3607B,NU,O,03/27/2026 08:56:44 AM
3608B,N,O,03/27/2026 06:56:49 AM
3609A,N,O,03/26/2026 08:21:02 PM
3609B,N,O,03/27/2026 06:55:46 AM
360A,N,O,03/27/2026 09:53:27 AM
360B,N,O,03/27/2026 10:42:26 AM
3610A,N,O,03/27/2026 12:09:03 PM
3610B,N,O,03/27/2026 07:18:40 AM
3611A,N,O,03/27/2026 10:23:31 AM
3611B,N,O,03/27/2026 11:13:54 AM
3612A,N,O,03/27/2026 08:32:07 AM
3612B,N,O,03/27/2026 10:34:06 AM
3613A,N,O,03/27/2026 12:06:04 PM
3613B,N,O,03/27/2026 11:50:42 AM
3614A,N,O,03/27/2026 08:55:06 AM
3615A,N,O,03/27/2026 11:14:42 AM
3615B,N,O,03/27/2026 08:14:11 AM
3616A,N,O,03/27/2026 08:54:59 AM
3616B,N,O,03/27/2026 09:34:57 AM
3617B,N,O,03/27/2026 11:29:04 AM
3618B,N,O,03/27/2026 12:27:09 PM
3619A,N,V,03/27/2026 12:14:05 PM
3619B,N,O,03/27/2026 12:19:21 PM
361A,N,O,03/27/2026 09:03:08 AM
361B,N,V,03/26/2026 04:32:12 PM
3620A,N,O,03/27/2026 10:53:55 AM
3620B,N,O,03/27/2026 08:43:14 AM
3621A,N,O,03/27/2026 09:40:45 AM
3621B,N,O,03/27/2026 10:15:36 AM
3622A,N,O,03/27/2026 08:00:34 AM
3622B,N,O,03/27/2026 12:02:59 PM
3623A,N,O,03/27/2026 10:16:53 AM
3623B,N,O,03/27/2026 06:56:47 AM
3624A,N,O,03/27/2026 06:55:51 AM
3624B,N,O,03/27/2026 07:16:39 AM
3625A,N,O,03/27/2026 12:18:49 PM
3625B,N,O,03/27/2026 09:59:19 AM
3634A,N,O,03/27/2026 11:55:25 AM
3634B,N,O,03/27/2026 12:26:38 PM
3635B,N,O,03/27/2026 12:14:44 PM
3646B,N,O,03/27/2026 08:44:37 AM
3647A,N,O,03/27/2026 07:16:19 AM
3647B,N,O,03/27/2026 08:16:45 AM
364A,N,O,03/27/2026 09:57:13 AM
364B,N,O,03/27/2026 11:04:59 AM
3653A,N,O,03/27/2026 06:56:47 AM
3653B,N,O,03/27/2026 06:56:47 AM
3654A,N,O,03/27/2026 09:32:16 AM
3654B,N,O,03/27/2026 11:26:33 AM
365A,N,O,03/27/2026 12:13:54 PM
365B,N,O,03/27/2026 12:07:16 PM
3663A,N,O,03/27/2026 12:09:18 PM
3664A,N,O,03/27/2026 07:07:36 AM
3664B,N,O,03/27/2026 10:03:11 AM
3665A,N,V,03/27/2026 12:26:17 PM
3666A,N,O,03/27/2026 11:40:02 AM
3666B,N,O,03/27/2026 12:03:54 PM
3669B,N,V,03/27/2026 12:19:33 PM
366A,N,O,03/27/2026 12:06:05 PM
366B,N,O,03/27/2026 11:11:13 AM
367A,N,O,03/27/2026 11:40:25 AM
367B,N,O,03/27/2026 11:28:42 AM
368A,N,O,03/27/2026 06:56:43 AM
368B,N,O,03/27/2026 06:56:43 AM
3711B,N,V,03/27/2026 12:23:42 PM
3712A,N,O,03/27/2026 11:52:32 AM
3712B,N,O,03/27/2026 08:40:17 AM
3713A,N,O,03/27/2026 06:56:50 AM
3714A,N,O,03/27/2026 11:07:51 AM
3714B,N,O,03/27/2026 11:30:44 AM
3715A,N,O,03/27/2026 08:40:45 AM
3715B,N,O,03/27/2026 09:11:18 AM
3716A,N,V,03/27/2026 10:50:38 AM
3716B,N,O,03/27/2026 08:20:43 AM
3717A,N,O,03/27/2026 11:28:15 AM
3717B,N,V,03/27/2026 12:14:10 PM
3718A,N,O,03/27/2026 11:52:51 AM
3718B,N,O,03/27/2026 08:03:11 AM
3719A,N,O,03/27/2026 08:02:59 AM
3719B,N,O,03/27/2026 10:56:02 AM
3720A,N,O,03/27/2026 10:58:41 AM
3720B,N,O,03/27/2026 07:57:50 AM
3721A,N,O,03/27/2026 12:13:31 PM
3721B,N,O,03/27/2026 12:10:07 PM
3722A,N,O,03/27/2026 12:04:45 PM
3723B,N,O,03/27/2026 12:17:15 PM
3724A,N,O,03/27/2026 09:25:22 AM
3724B,N,O,03/27/2026 07:51:47 AM
3725A,N,O,03/27/2026 07:41:03 AM
3725B,N,O,03/27/2026 06:59:59 AM
3726A,N,O,03/27/2026 10:46:43 AM
3726B,N,O,03/27/2026 07:27:12 AM
3727B,N,O,03/27/2026 06:57:50 AM
3728A,N,V,03/27/2026 10:39:57 AM
3728B,N,O,03/27/2026 06:56:47 AM
3729A,N,O,03/27/2026 06:55:47 AM
3729B,N,O,03/27/2026 06:55:50 AM
3730A,N,O,03/27/2026 06:59:40 AM
3730B,N,O,03/27/2026 07:00:35 AM
3731A,N,O,03/27/2026 06:58:52 AM
3731B,N,O,03/27/2026 06:58:52 AM
3732A,N,O,03/27/2026 06:57:46 AM
3732B,N,O,03/27/2026 06:57:59 AM
3733A,N,O,03/27/2026 06:56:52 AM
3733B,N,V,03/26/2026 03:29:37 PM
3734A,N,O,03/27/2026 07:26:11 AM
3734B,N,O,03/27/2026 06:55:48 AM
3735A,N,O,03/26/2026 09:02:05 PM
3735B,N,O,03/27/2026 10:58:58 AM
3736A,N,O,03/27/2026 11:40:53 AM
3736B,N,O,03/27/2026 06:58:50 AM
3737A,N,O,03/27/2026 07:04:37 AM
3737B,N,O,03/27/2026 11:15:56 AM
3738B,N,O,03/27/2026 06:56:47 AM
3739A,N,O,03/27/2026 09:35:19 AM
3739B,N,O,03/27/2026 06:55:53 AM
3741B,N,O,03/27/2026 06:58:45 AM
375A,N,O,03/27/2026 06:59:45 AM
375B,N,O,03/27/2026 08:22:46 AM
3774A,N,O,03/27/2026 12:06:36 PM
3775A,N,V,03/27/2026 11:05:23 AM
3776A,N,O,03/27/2026 10:23:40 AM
3776B,N,O,03/27/2026 07:20:46 AM
3777A,N,V,03/27/2026 12:26:24 PM
3777B,N,O,03/27/2026 10:13:25 AM
3778A,N,O,03/27/2026 11:01:43 AM
3779A,N,O,03/27/2026 12:22:25 PM
3779B,N,O,03/27/2026 12:26:04 PM
3780A,N,O,03/27/2026 08:43:17 AM
3780B,N,O,03/27/2026 12:22:50 PM
3781A,N,O,03/27/2026 11:42:15 AM
3781B,N,O,03/27/2026 08:59:00 AM
3782A,N,O,03/27/2026 12:03:24 PM
3782B,N,V,03/27/2026 12:23:32 PM
3783A,N,O,03/27/2026 12:19:43 PM
3783B,N,V,03/27/2026 12:26:41 PM
3790A,N,O,03/27/2026 12:18:50 PM
3790B,N,V,03/27/2026 12:09:11 PM
3791A,N,O,03/27/2026 10:18:44 AM
3791B,N,O,03/27/2026 11:32:42 AM
3794A,N,V,03/27/2026 12:13:29 PM
3795A,N,O,03/27/2026 11:43:04 AM
3795B,N,O,03/27/2026 12:27:18 PM
37A,N,V,03/27/2026 12:00:47 PM
37B,N,V,03/27/2026 12:01:17 PM
3806A,N,O,03/27/2026 12:08:09 PM
3806B,N,O,03/27/2026 12:08:44 PM
3807A,N,O,03/27/2026 10:23:42 AM
3807B,N,O,03/27/2026 12:21:48 PM
3808A,N,O,03/27/2026 11:45:11 AM
3809A,N,V,03/27/2026 12:27:00 PM
3809B,N,O,03/27/2026 11:46:52 AM
3810A,N,O,03/27/2026 09:03:07 AM
3810B,N,O,03/27/2026 07:59:53 AM
3811A,N,O,03/27/2026 09:00:53 AM
3812A,N,O,03/27/2026 08:10:31 AM
3812B,N,O,03/27/2026 08:12:15 AM
3815A,N,O,03/27/2026 10:49:04 AM
3815B,N,V,03/27/2026 09:07:44 AM
3816A,N,O,03/27/2026 09:44:20 AM
3817A,N,O,03/27/2026 12:18:31 PM
3817B,N,O,03/27/2026 09:20:36 AM
3819A,N,O,03/27/2026 09:40:13 AM
3819B,N,O,03/27/2026 09:54:39 AM
3820A,N,O,03/27/2026 10:21:59 AM
3821A,N,O,03/27/2026 06:58:48 AM
3822A,N,O,03/27/2026 07:08:55 AM
3822B,N,O,03/27/2026 07:13:49 AM
3823A,N,O,03/27/2026 10:26:59 AM
3824A,N,O,03/27/2026 08:31:03 AM
3824B,N,O,03/27/2026 08:41:30 AM
3825A,N,V,03/27/2026 12:10:39 PM
3825B,N,O,03/27/2026 06:59:51 AM
3826A,N,O,03/27/2026 08:01:54 AM
3827A,N,O,03/27/2026 06:57:50 AM
3827B,N,O,03/12/2026 04:10:48 PM
3828A,N,O,03/27/2026 07:32:34 AM
3828B,N,O,03/27/2026 06:56:45 AM
3829A,N,O,03/27/2026 07:50:14 AM
3829B,N,O,03/27/2026 06:55:45 AM
3830A,N,V,01/24/2026 11:57:19 PM
3830B,N,O,01/25/2026 08:59:57 AM
3831A,N,O,03/27/2026 12:23:45 PM
3831B,N,O,03/27/2026 08:27:33 AM
3832B,N,O,03/27/2026 06:57:56 AM
3834A,N,V,03/27/2026 11:39:34 AM
3834B,N,V,03/27/2026 11:40:54 AM
3835A,N,V,03/27/2026 11:40:57 AM
3835B,N,O,03/27/2026 12:26:23 PM
3836A,N,O,12/03/2025 08:44:16 AM
3836B,N,O,12/03/2025 09:29:39 AM
3837A,N,O,03/27/2026 12:25:47 PM
3837B,N,O,03/27/2026 10:36:12 AM
3838A,N,O,03/27/2026 08:56:18 AM
3838B,N,O,03/27/2026 10:58:55 AM
3839A,N,V,03/27/2026 11:40:48 AM
3840A,N,O,03/27/2026 08:30:16 AM
3840B,N,O,03/27/2026 12:03:48 PM
3841A,N,O,03/27/2026 12:18:52 PM
3841B,N,V,03/27/2026 12:20:15 PM
3842A,N,V,03/27/2026 12:18:38 PM
3842B,N,O,03/27/2026 12:27:42 PM
3843A,N,V,03/27/2026 12:19:42 PM
3843B,N,V,03/27/2026 12:18:23 PM
3844A,N,O,03/27/2026 11:24:14 AM
3844B,N,V,03/27/2026 12:27:36 PM
3845A,N,O,03/27/2026 11:05:33 AM
3845B,N,V,03/27/2026 11:48:36 AM
3846B,N,O,03/27/2026 12:19:54 PM
3847A,N,O,03/27/2026 11:59:49 AM
3847B,N,O,03/27/2026 12:26:38 PM
3848A,N,O,03/27/2026 08:59:28 AM
3848B,N,V,03/27/2026 12:27:29 PM
3878A,N,O,03/27/2026 11:39:32 AM
3878B,N,O,03/27/2026 06:56:51 AM
3879A,N,O,03/27/2026 06:55:53 AM
3879B,N,O,03/27/2026 11:42:14 AM
3880A,N,O,03/27/2026 11:07:02 AM
3883A,N,O,03/27/2026 12:18:22 PM
3883B,N,O,03/27/2026 12:11:02 PM
3884A,N,O,03/27/2026 06:55:42 AM
3884B,N,O,03/27/2026 09:10:06 AM
3885A,N,O,03/27/2026 09:18:25 AM
3885B,NU,O,03/27/2026 11:36:35 AM
3886A,N,V,03/27/2026 12:27:04 PM
3886B,N,O,03/27/2026 12:15:59 PM
3887A,N,O,03/27/2026 10:21:04 AM
3887B,N,O,03/27/2026 12:08:13 PM
3888A,N,V,03/27/2026 12:15:05 PM
3888B,N,O,03/27/2026 06:56:51 AM
3889A,N,O,03/27/2026 12:11:31 PM
3889B,N,O,03/27/2026 11:47:21 AM
3890A,N,O,03/27/2026 11:57:46 AM
3890B,N,O,03/27/2026 12:09:47 PM
3891B,N,O,03/27/2026 06:59:07 AM
3893A,N,O,03/27/2026 12:04:10 PM
3893B,N,O,03/27/2026 09:56:59 AM
3894A,N,O,03/27/2026 12:06:58 PM
3894B,N,O,03/27/2026 11:34:11 AM
3895A,N,V,03/27/2026 12:13:42 PM
3895B,N,O,03/27/2026 11:53:14 AM
3896A,N,V,03/27/2026 12:18:06 PM
3896B,N,O,03/27/2026 11:37:05 AM
3897A,N,O,03/27/2026 06:57:52 AM
3897B,N,O,03/27/2026 08:32:44 AM
38A,N,O,03/27/2026 12:26:05 PM
38B,N,V,03/27/2026 11:17:21 AM
3933B,N,O,03/27/2026 10:05:25 AM
3934B,N,O,03/27/2026 12:24:28 PM
3935A,N,O,03/27/2026 08:18:04 AM
3936A,N,O,03/27/2026 09:16:11 AM
3936B,N,O,03/27/2026 11:55:00 AM
3937A,N,O,01/28/2026 06:58:40 AM
3938A,N,O,03/27/2026 12:25:52 PM
3938B,N,O,03/27/2026 08:21:10 AM
3939B,N,O,03/27/2026 12:22:23 PM
3940B,N,O,03/27/2026 12:07:02 PM
3941A,N,O,03/27/2026 12:27:09 PM
3941B,N,O,03/27/2026 11:50:47 AM
3942A,N,O,03/27/2026 12:08:16 PM
3942B,N,O,03/27/2026 12:19:27 PM
3945A,N,O,03/27/2026 12:16:21 PM
3945B,N,O,03/27/2026 06:59:41 AM
3946A,N,O,03/27/2026 11:27:50 AM
3946B,N,O,03/27/2026 12:13:00 PM
3947A,N,O,03/27/2026 07:08:14 AM
3947B,N,O,03/27/2026 11:40:03 AM
3948A,N,O,03/27/2026 10:54:01 AM
3948B,N,O,03/27/2026 12:18:43 PM
3949A,N,O,03/27/2026 09:45:03 AM
3949B,N,O,03/27/2026 11:55:30 AM
3950A,N,O,03/27/2026 12:06:17 PM
3950B,N,O,03/27/2026 11:23:47 AM
3951A,N,O,03/27/2026 12:22:49 PM
3951B,N,O,03/27/2026 12:17:46 PM
3952A,N,O,03/27/2026 12:17:49 PM
3952B,N,O,03/27/2026 11:49:25 AM
3953B,N,O,03/27/2026 11:57:50 AM
3954A,N,V,03/27/2026 12:20:05 PM
3954B,N,V,03/27/2026 11:59:33 AM
3955A,N,O,03/27/2026 09:32:56 AM
3956A,N,O,03/27/2026 12:22:38 PM
3956B,N,O,03/27/2026 12:26:07 PM
3957A,N,O,03/27/2026 08:09:26 AM
3957B,N,O,03/27/2026 12:18:07 PM
3958A,N,O,03/27/2026 12:03:59 PM
3958B,N,O,03/27/2026 10:46:16 AM
3959A,N,O,03/27/2026 10:57:50 AM
3959B,N,O,03/27/2026 10:20:11 AM
3960A,N,O,03/27/2026 09:15:11 AM
3960B,N,O,03/27/2026 12:15:05 PM
3970A,N,V,03/27/2026 11:58:36 AM
3970B,N,V,03/27/2026 12:27:12 PM
3975B,N,V,03/27/2026 12:25:22 PM
3976A,N,O,03/27/2026 12:13:11 PM
3976B,N,O,03/27/2026 09:47:35 AM
3977A,N,O,03/27/2026 07:09:52 AM
3977B,N,O,03/27/2026 06:57:44 AM
3978A,N,O,03/27/2026 12:15:11 PM
3978B,N,O,03/27/2026 06:56:52 AM
3980A,N,O,03/27/2026 08:32:41 AM
3980B,N,O,03/27/2026 09:11:05 AM
3981A,N,V,03/27/2026 10:16:39 AM
3981B,N,V,03/27/2026 12:08:29 PM
3982A,N,V,03/27/2026 12:22:51 PM
3982B,N,O,03/27/2026 08:48:46 AM
3997A,N,O,03/27/2026 07:23:57 AM
3998A,N,V,03/27/2026 12:21:46 PM
3998B,N,V,03/27/2026 12:25:02 PM
3999A,N,O,03/27/2026 06:56:00 AM
3999B,N,O,03/27/2026 10:48:53 AM
39A,N,V,03/27/2026 11:59:20 AM
39B,N,V,03/27/2026 12:25:49 PM
3A,N,O,03/27/2026 11:06:21 AM
3B,N,V,03/27/2026 12:23:25 PM
4030B,N,O,03/27/2026 12:00:10 PM
4031A,N,O,03/27/2026 12:10:58 PM
4031B,N,O,03/27/2026 09:13:59 AM
4032A,N,O,03/27/2026 11:38:08 AM
4132A,N,O,03/27/2026 07:36:11 AM
4140A,N,V,03/27/2026 12:24:18 PM
4140B,N,O,03/27/2026 12:24:55 PM
4141A,N,O,03/27/2026 12:16:10 PM
4141B,N,O,03/27/2026 12:11:54 PM
4144A,N,O,03/27/2026 12:18:38 PM
4145A,N,O,03/27/2026 08:29:47 AM
4145B,N,O,03/27/2026 12:05:38 PM
4146A,N,O,03/27/2026 12:27:32 PM
4146B,N,V,03/27/2026 12:27:28 PM
4147A,N,O,03/27/2026 08:27:45 AM
4147B,N,O,03/27/2026 12:20:13 PM
4148A,N,O,03/27/2026 08:26:51 AM
4148B,N,O,03/27/2026 09:56:17 AM
4149A,N,O,03/27/2026 08:25:47 AM
4149B,N,O,03/27/2026 08:25:47 AM
4159A,N,O,03/27/2026 10:00:38 AM
4159B,N,O,03/27/2026 11:51:24 AM
4160A,N,V,03/27/2026 12:25:40 PM
4160B,N,O,03/27/2026 12:26:15 PM
4161A,N,O,03/27/2026 11:14:16 AM
4161B,N,O,03/27/2026 11:41:39 AM
4163A,N,O,03/27/2026 06:56:55 AM
419A,N,O,03/27/2026 10:12:05 AM
419B,N,O,03/27/2026 06:55:48 AM
41A,N,V,03/27/2026 11:05:09 AM
41B,N,V,03/27/2026 11:53:14 AM
420A,N,O,03/27/2026 06:59:44 AM
420B,N,O,03/27/2026 10:48:19 AM
421A,N,O,03/27/2026 08:36:10 AM
422A,N,O,03/27/2026 08:41:09 AM
422B,N,O,03/27/2026 12:22:02 PM
423A,N,V,03/27/2026 08:40:02 AM
423B,N,O,03/27/2026 06:57:20 AM
4241A,N,O,03/27/2026 08:54:08 AM
4241B,N,O,03/27/2026 10:16:51 AM
4246A,N,O,03/27/2026 11:54:46 AM
4246B,N,O,03/27/2026 06:58:44 AM
424A,N,V,03/27/2026 10:55:04 AM
424B,N,V,03/27/2026 12:19:11 PM
425A,N,V,03/27/2026 12:27:36 PM
425B,N,V,03/27/2026 11:54:56 AM
4261A,N,O,03/27/2026 12:24:33 PM
4261B,N,V,03/27/2026 12:26:49 PM
4262A,N,O,03/27/2026 12:08:11 PM
4262B,N,V,03/27/2026 11:59:45 AM
4263A,N,O,03/27/2026 08:26:53 AM
4264A,N,O,03/27/2026 09:20:13 AM
4264B,N,O,03/27/2026 11:14:27 AM
4265A,N,O,03/27/2026 11:15:35 AM
4265B,N,O,03/27/2026 12:04:48 PM
4271A,N,V,03/27/2026 12:25:54 PM
4271B,N,V,03/27/2026 12:09:42 PM
4272A,N,O,03/27/2026 12:25:45 PM
4272B,N,V,03/27/2026 12:26:51 PM
4273A,N,O,03/27/2026 11:11:04 AM
4273B,N,O,03/27/2026 12:24:48 PM
427A,N,O,03/27/2026 10:02:10 AM
4283A,N,O,03/27/2026 12:17:54 PM
4283B,N,O,03/27/2026 11:30:57 AM
4284A,N,O,03/27/2026 10:52:35 AM
4284B,N,O,03/27/2026 11:30:25 AM
428A,N,O,03/27/2026 06:56:48 AM
428B,N,O,03/27/2026 09:45:47 AM
429A,N,O,03/27/2026 11:09:10 AM
429B,N,O,03/27/2026 06:55:49 AM
42A,NU,V,12/29/2025 09:47:39 AM
42B,NU,V,12/29/2025 09:49:06 AM
430A,N,O,03/27/2026 11:56:24 AM
430B,N,O,03/27/2026 12:14:46 PM
4312A,N,O,03/27/2026 10:50:46 AM
4312B,N,O,03/27/2026 10:29:50 AM
4315A,N,O,03/27/2026 12:06:04 PM
4315B,N,O,03/27/2026 12:15:05 PM
4316A,N,O,03/27/2026 11:59:49 AM
4316B,N,O,03/27/2026 10:22:09 AM
4317A,N,O,03/27/2026 11:47:39 AM
4317B,N,O,03/27/2026 12:18:31 PM
4318A,N,O,03/27/2026 12:26:24 PM
4318B,N,O,03/27/2026 10:13:53 AM
4319A,N,O,03/27/2026 12:02:20 PM
4319B,N,O,03/27/2026 11:39:38 AM
431A,N,O,03/27/2026 12:19:04 PM
431B,N,O,03/27/2026 06:58:53 AM
4322A,N,O,03/26/2026 11:50:02 PM
4322B,N,O,03/27/2026 11:31:57 AM
4327B,N,O,03/27/2026 08:27:52 AM
4328A,N,O,03/27/2026 09:20:27 AM
4328B,N,O,03/27/2026 12:02:45 PM
4329A,N,O,03/27/2026 12:11:50 PM
4329B,N,O,03/27/2026 10:24:25 AM
432A,N,V,03/27/2026 12:15:41 PM
432B,N,O,03/27/2026 10:25:47 AM
4330A,N,O,03/27/2026 09:05:03 AM
4330B,N,O,03/27/2026 09:34:32 AM
4331A,N,O,03/27/2026 09:26:58 AM
4331B,N,O,03/27/2026 09:04:39 AM
4332A,N,O,03/27/2026 11:28:00 AM
4332B,N,O,03/27/2026 09:26:56 AM
4333A,N,O,03/27/2026 09:36:20 AM
4333B,N,O,03/27/2026 11:27:56 AM
4334A,N,O,03/27/2026 11:14:08 AM
4334B,N,O,03/27/2026 09:36:33 AM
4336A,N,O,03/27/2026 11:28:15 AM
4336B,N,O,03/27/2026 12:07:29 PM
4337A,N,O,03/27/2026 08:28:50 AM
4337B,N,O,03/27/2026 08:27:56 AM
433A,N,O,03/27/2026 09:07:32 AM
433B,NU,O,01/29/2026 02:16:59 PM
434A,N,V,03/27/2026 12:07:50 PM
434B,N,O,03/27/2026 12:08:39 PM
4355A,N,O,03/27/2026 10:27:54 AM
4355B,N,V,03/27/2026 12:25:03 PM
4356B,N,O,03/27/2026 08:28:49 AM
4357A,N,O,03/27/2026 09:49:00 AM
4357B,N,O,03/27/2026 09:03:51 AM
4358A,N,O,03/27/2026 08:59:58 AM
4358B,N,O,03/27/2026 09:46:18 AM
4359B,N,O,03/27/2026 11:12:45 AM
435A,N,O,03/27/2026 10:32:13 AM
435B,N,O,03/27/2026 10:50:22 AM
4362A,N,O,03/27/2026 08:28:23 AM
4362B,N,O,03/27/2026 11:47:49 AM
4367A,N,O,03/27/2026 09:07:10 AM
4367B,N,O,03/27/2026 11:38:08 AM
4368A,N,O,03/27/2026 09:56:03 AM
4368B,N,O,03/27/2026 12:02:09 PM
4369A,N,O,03/27/2026 11:40:28 AM
4369B,N,O,03/27/2026 09:49:31 AM
436A,N,V,03/27/2026 10:48:00 AM
436B,N,O,03/27/2026 11:09:17 AM
4370A,N,O,03/27/2026 11:51:32 AM
4370B,N,O,03/27/2026 08:29:48 AM
4371A,N,O,03/27/2026 11:31:03 AM
4371B,N,V,03/27/2026 09:35:46 AM
4372A,N,O,03/27/2026 08:51:34 AM
4372B,N,O,03/27/2026 12:10:14 PM
4373A,N,O,03/27/2026 10:03:48 AM
4373B,N,O,03/27/2026 11:26:20 AM
4374A,N,O,03/27/2026 08:25:48 AM
4374B,N,O,03/27/2026 08:25:48 AM
4375B,N,O,03/27/2026 11:41:45 AM
4378A,N,O,03/27/2026 10:43:47 AM
4378B,N,O,03/27/2026 12:05:07 PM
4379A,N,O,03/27/2026 11:53:07 AM
4379B,N,O,03/27/2026 10:36:13 AM
437A,N,O,03/27/2026 12:27:41 PM
437B,N,V,03/27/2026 12:11:47 PM
438A,N,O,03/27/2026 11:33:30 AM
438B,N,V,03/27/2026 12:26:53 PM
4390A,N,O,03/27/2026 08:30:10 AM
4390B,N,O,03/27/2026 11:55:41 AM
4391A,N,O,03/27/2026 12:26:41 PM
4391B,N,O,03/27/2026 10:03:36 AM
4392A,N,O,03/27/2026 11:33:12 AM
4392B,N,O,03/27/2026 10:08:50 AM
4393B,N,O,03/27/2026 09:42:02 AM
439A,N,V,03/27/2026 12:13:20 PM
439B,N,O,03/27/2026 11:11:15 AM
43A,NU,V,12/29/2025 09:59:44 AM
43B,NU,V,12/29/2025 09:58:14 AM
440A,N,O,03/27/2026 11:05:13 AM
440B,N,O,03/27/2026 09:51:36 AM
4414B,N,O,03/27/2026 11:30:26 AM
4415A,N,O,03/27/2026 09:46:52 AM
4415B,NU,O,03/27/2026 11:23:53 AM
4416A,N,O,03/27/2026 11:53:06 AM
4416B,N,O,03/27/2026 12:24:23 PM
4417A,N,O,03/27/2026 08:31:48 AM
441A,N,O,03/27/2026 12:11:23 PM
441B,N,O,03/27/2026 10:51:27 AM
4427A,N,O,03/27/2026 06:57:51 AM
4427B,N,O,03/27/2026 09:52:32 AM
4429A,N,O,03/27/2026 11:44:12 AM
4429B,N,O,03/27/2026 10:36:32 AM
442A,N,O,03/27/2026 10:30:55 AM
442B,N,O,03/27/2026 10:57:14 AM
4430A,NU,O,03/27/2026 11:57:07 AM
4430B,NU,O,03/27/2026 07:35:40 AM
4431B,N,O,03/27/2026 08:15:13 AM
4433A,N,O,03/27/2026 07:45:56 AM
4433B,N,O,03/27/2026 07:44:36 AM
4434A,N,O,03/27/2026 12:17:05 PM
4434B,N,O,03/27/2026 10:47:24 AM
4435A,N,O,03/27/2026 06:59:55 AM
4435B,N,O,03/27/2026 10:52:58 AM
4439A,N,O,03/27/2026 10:20:03 AM
4439B,N,O,03/27/2026 09:13:13 AM
443A,N,O,03/27/2026 08:18:52 AM
443B,N,O,03/27/2026 11:57:23 AM
4440A,N,O,03/27/2026 08:36:09 AM
4440B,N,V,03/27/2026 08:38:46 AM
4441A,N,O,03/27/2026 06:58:44 AM
4441B,N,O,03/27/2026 07:53:33 AM
4442A,N,O,03/27/2026 07:12:41 AM
4442B,N,O,03/27/2026 09:13:55 AM
444A,N,O,03/27/2026 11:27:40 AM
444B,N,O,03/27/2026 11:02:20 AM
445A,N,V,03/27/2026 12:15:45 PM
445B,N,O,03/27/2026 08:38:28 AM
4461A,N,O,03/27/2026 11:39:36 AM
4461B,N,O,03/27/2026 11:59:11 AM
4462A,N,O,03/27/2026 12:05:43 PM
4462B,N,O,03/27/2026 11:58:59 AM
4463A,N,O,03/27/2026 10:50:19 AM
4463B,N,O,03/27/2026 11:37:43 AM
4464A,N,O,03/27/2026 12:05:13 PM
4464B,N,O,03/27/2026 11:44:59 AM
4465A,N,O,03/27/2026 11:20:52 AM
4465B,N,O,03/27/2026 11:20:28 AM
4467A,N,O,03/27/2026 11:37:05 AM
4467B,N,V,03/27/2026 12:24:28 PM
446A,N,O,03/27/2026 08:07:02 AM
446B,N,O,03/27/2026 11:21:17 AM
447A,N,O,03/27/2026 11:09:52 AM
447B,N,O,03/27/2026 10:54:44 AM
448A,N,O,03/27/2026 12:12:31 PM
448B,N,O,03/27/2026 09:22:40 AM
449A,N,O,03/27/2026 11:56:20 AM
449B,N,O,03/27/2026 11:05:28 AM
44A,NU,O,12/29/2025 09:28:07 AM
44B,NU,V,12/29/2025 09:43:16 AM
4506A,N,O,03/27/2026 11:38:37 AM
4506B,N,O,03/27/2026 09:55:29 AM
4507A,N,O,03/27/2026 11:49:00 AM
4507B,N,O,03/27/2026 12:14:20 PM
4508A,N,O,03/27/2026 12:14:20 PM
4508B,N,O,03/27/2026 12:10:35 PM
450A,N,O,03/27/2026 11:23:57 AM
450B,N,O,03/27/2026 12:23:16 PM
4519B,N,O,03/27/2026 12:20:52 PM
451A,N,O,03/27/2026 11:19:48 AM
451B,N,O,03/27/2026 10:30:45 AM
4522A,N,O,03/27/2026 10:13:56 AM
4522B,N,O,03/27/2026 08:01:44 AM
4529B,N,O,03/27/2026 11:43:59 AM
452A,N,O,03/27/2026 10:44:23 AM
452B,N,O,03/27/2026 12:04:10 PM
4530A,N,O,03/27/2026 08:42:44 AM
4530B,N,O,03/27/2026 06:59:49 AM
4531A,N,O,03/27/2026 08:02:36 AM
4531B,N,O,03/27/2026 11:58:28 AM
4532A,N,O,03/27/2026 06:58:34 AM
4532B,N,O,03/27/2026 06:57:50 AM
4533A,N,O,03/27/2026 06:56:52 AM
4533B,N,O,03/27/2026 12:21:57 PM
4534A,N,O,03/27/2026 08:50:48 AM
4534B,N,O,03/27/2026 08:49:50 AM
453A,N,V,03/27/2026 11:58:59 AM
453B,N,O,03/27/2026 12:19:38 PM
4549A,N,O,03/27/2026 06:55:46 AM
4549B,N,O,03/27/2026 08:43:05 AM
4550A,N,O,03/27/2026 06:59:48 AM
4557A,N,O,03/27/2026 10:02:23 AM
4557B,NU,O,01/06/2026 06:57:47 AM
4558A,N,O,03/27/2026 09:26:48 AM
4558B,N,O,03/27/2026 08:54:20 AM
4559A,N,O,03/27/2026 11:30:33 AM
4559B,N,O,03/27/2026 06:55:50 AM
4560A,N,O,03/27/2026 10:01:28 AM
4560B,N,O,03/27/2026 07:41:00 AM
4563A,N,O,03/27/2026 12:27:14 PM
4563B,N,O,03/27/2026 09:44:51 AM
4564A,N,O,03/27/2026 11:02:03 AM
4564B,N,O,03/27/2026 10:06:07 AM
4565A,N,O,03/27/2026 10:28:39 AM
4565B,N,V,03/27/2026 12:19:00 PM
4566A,N,O,03/27/2026 11:00:12 AM
4566B,N,O,03/27/2026 10:58:07 AM
4567A,N,O,03/27/2026 10:28:40 AM
4567B,N,O,03/27/2026 09:25:41 AM
4568A,N,O,03/27/2026 12:12:48 PM
4568B,N,O,03/27/2026 11:51:21 AM
4572B,N,O,03/27/2026 08:27:51 AM
4573A,N,O,03/27/2026 08:26:50 AM
4573B,N,O,03/27/2026 11:14:30 AM
4574A,N,O,03/27/2026 12:23:27 PM
4574B,N,O,03/27/2026 08:26:51 AM
45A,NU,V,12/29/2025 09:44:21 AM
45B,NU,V,12/29/2025 09:44:03 AM
460B,N,V,03/27/2026 12:26:55 PM
461A,N,O,03/27/2026 09:33:26 AM
461B,N,O,03/27/2026 12:27:06 PM
4620A,NU,O,03/27/2026 11:24:30 AM
4620B,NU,O,03/27/2026 11:58:08 AM
4621A,N,O,03/27/2026 10:41:12 AM
4621B,N,O,03/27/2026 08:24:47 AM
4622A,N,V,03/27/2026 12:20:30 PM
4622B,N,O,03/27/2026 07:39:33 AM
4623A,N,O,03/27/2026 08:57:29 AM
4623B,N,O,03/27/2026 09:54:51 AM
4624A,N,O,03/27/2026 11:52:27 AM
4624B,N,O,03/27/2026 06:56:00 AM
4625A,N,O,03/27/2026 08:08:12 AM
4625B,N,O,03/27/2026 11:08:24 AM
4626A,N,O,03/27/2026 09:33:16 AM
4626B,N,O,03/27/2026 08:09:06 AM
4627A,N,O,03/27/2026 11:25:03 AM
4627B,N,O,03/27/2026 07:41:39 AM
462A,N,V,03/27/2026 11:59:18 AM
462B,N,V,03/27/2026 11:39:13 AM
4636A,N,O,03/27/2026 06:58:54 AM
4636B,N,O,03/27/2026 09:11:03 AM
4637A,N,O,03/27/2026 11:53:57 AM
4637B,N,O,03/27/2026 07:52:02 AM
4638A,N,O,03/27/2026 07:34:29 AM
4638B,N,O,03/27/2026 11:18:25 AM
4639A,N,O,03/27/2026 11:26:04 AM
4639B,N,V,03/27/2026 11:25:39 AM
463A,N,O,03/27/2026 12:02:41 PM
463B,N,V,03/27/2026 12:17:47 PM
4640A,N,O,03/27/2026 09:45:19 AM
4640B,N,O,03/27/2026 09:43:26 AM
4641A,N,V,03/27/2026 12:27:04 PM
4641B,N,O,03/27/2026 09:19:00 AM
4642A,N,O,03/27/2026 06:57:46 AM
4642B,N,V,03/27/2026 12:26:39 PM
4643A,N,O,03/27/2026 11:30:51 AM
4643B,N,O,03/27/2026 09:43:51 AM
4644A,N,O,03/27/2026 08:08:37 AM
4644B,N,O,03/27/2026 11:13:30 AM
4646B,N,O,03/27/2026 12:13:16 PM
4647A,N,O,03/27/2026 08:06:48 AM
4647B,N,O,03/27/2026 09:03:54 AM
4648A,N,O,03/27/2026 12:15:57 PM
4648B,N,O,03/27/2026 10:26:24 AM
4649A,N,O,03/27/2026 10:07:09 AM
4649B,N,O,03/27/2026 11:59:30 AM
464A,N,V,03/27/2026 12:20:12 PM
464B,N,O,03/27/2026 11:48:17 AM
4650A,N,O,03/27/2026 08:54:05 AM
4650B,N,O,03/27/2026 11:31:27 AM
4651A,N,O,03/27/2026 12:21:42 PM
4651B,N,O,03/27/2026 07:52:13 AM
4652B,N,O,03/27/2026 06:57:43 AM
4653A,N,O,03/27/2026 12:12:07 PM
4653B,N,O,03/27/2026 09:32:39 AM
465A,N,O,03/27/2026 07:38:05 AM
465B,N,O,03/27/2026 10:11:57 AM
4660A,N,O,03/27/2026 12:06:11 PM
4661A,N,O,03/27/2026 09:58:58 AM
4661B,N,O,03/27/2026 07:36:36 AM
4662A,N,V,03/27/2026 11:40:50 AM
4662B,N,O,03/27/2026 06:57:50 AM
4663A,N,O,03/27/2026 10:51:30 AM
4663B,N,V,03/27/2026 11:54:45 AM
4664A,N,O,03/27/2026 09:29:46 AM
4664B,N,O,03/27/2026 09:22:35 AM
4665A,N,V,03/27/2026 12:09:21 PM
4665B,N,V,03/27/2026 12:27:29 PM
4666A,N,O,03/27/2026 09:12:45 AM
4666B,N,O,03/27/2026 06:58:50 AM
4667A,N,O,03/27/2026 09:07:04 AM
4667B,N,O,03/27/2026 06:57:46 AM
4668A,N,O,03/27/2026 06:56:53 AM
4668B,N,O,03/27/2026 06:56:53 AM
4669A,N,V,03/27/2026 12:26:27 PM
4669B,N,V,03/27/2026 12:27:24 PM
466A,N,O,03/27/2026 06:58:43 AM
4670A,N,O,03/27/2026 07:48:38 AM
4670B,N,O,03/27/2026 11:42:37 AM
4671A,N,O,03/27/2026 11:09:14 AM
4671B,N,O,03/27/2026 09:25:56 AM
4672A,N,O,03/27/2026 12:26:50 PM
4672B,N,O,03/27/2026 11:48:12 AM
4673A,N,O,03/27/2026 08:23:56 AM
4673B,N,O,03/27/2026 12:26:38 PM
4674A,N,V,03/27/2026 12:19:44 PM
4674B,N,O,03/27/2026 12:02:27 PM
4675B,N,V,03/27/2026 11:56:21 AM
467A,N,O,03/27/2026 11:16:00 AM
467B,N,O,03/27/2026 12:27:39 PM
4701B,N,V,03/27/2026 12:26:36 PM
4702A,N,O,03/27/2026 06:57:48 AM
4703A,N,O,03/27/2026 06:56:51 AM
4703B,N,O,03/27/2026 08:07:22 AM
4706A,N,O,03/27/2026 10:17:27 AM
4707A,N,O,03/27/2026 11:20:40 AM
4707B,N,O,03/27/2026 06:57:49 AM
4708A,N,O,03/27/2026 10:58:32 AM
4708B,N,O,03/27/2026 06:56:49 AM
4709A,N,O,03/27/2026 12:07:40 PM
4709B,N,O,03/27/2026 09:24:09 AM
470A,N,O,03/27/2026 11:45:21 AM
470B,N,O,03/27/2026 12:06:03 PM
4710A,N,O,03/27/2026 11:23:50 AM
4710B,N,O,03/27/2026 10:23:48 AM
4730B,N,O,03/27/2026 12:07:57 PM
4731A,N,O,03/27/2026 11:42:03 AM
4731B,N,O,03/27/2026 09:59:40 AM
4732A,N,O,03/27/2026 08:14:39 AM
4732B,N,O,03/27/2026 12:05:10 PM
4733A,N,O,03/27/2026 08:05:34 AM
4735A,N,O,03/27/2026 08:20:57 AM
4735B,N,O,03/27/2026 11:07:03 AM
4736A,N,O,03/27/2026 12:19:06 PM
4736B,N,O,03/27/2026 12:12:49 PM
4737A,N,O,03/27/2026 08:17:46 AM
4737B,N,O,03/27/2026 06:57:50 AM
4738A,N,O,03/27/2026 10:41:28 AM
4739A,N,O,03/27/2026 12:15:57 PM
4739B,N,O,03/27/2026 11:42:55 AM
4740B,N,O,03/27/2026 07:00:25 AM
4743A,N,O,03/27/2026 11:30:59 AM
4743B,N,O,03/27/2026 10:12:56 AM
4744A,N,O,03/27/2026 12:16:43 PM
4744B,N,O,03/27/2026 11:53:41 AM
4745A,N,O,03/27/2026 08:30:10 AM
4745B,N,O,03/27/2026 10:59:09 AM
474A,N,V,03/27/2026 12:22:53 PM
474B,N,V,03/27/2026 12:20:29 PM
4751B,N,O,03/27/2026 10:12:21 AM
4752A,N,O,03/27/2026 09:44:12 AM
4752B,N,O,03/27/2026 09:49:23 AM
4754A,N,O,03/27/2026 11:47:49 AM
4754B,N,O,03/27/2026 08:55:38 AM
4755A,N,O,03/27/2026 10:15:21 AM
4755B,N,O,03/27/2026 07:09:49 AM
4756A,N,O,03/27/2026 06:58:43 AM
4756B,N,O,03/27/2026 08:56:47 AM
4757A,N,O,03/27/2026 06:57:41 AM
4757B,N,O,03/27/2026 06:57:41 AM
475A,N,O,03/27/2026 06:59:47 AM
475B,N,O,03/27/2026 08:05:22 AM
4767A,N,O,03/27/2026 11:51:11 AM
4767B,N,O,03/27/2026 10:31:15 AM
4768A,N,O,03/27/2026 09:48:07 AM
4768B,N,O,03/27/2026 08:26:47 AM
4769A,N,O,03/27/2026 11:53:19 AM
4769B,N,O,03/27/2026 10:42:12 AM
476A,N,O,03/27/2026 12:23:10 PM
476B,N,O,03/27/2026 09:41:31 AM
4771A,N,V,03/27/2026 12:21:28 PM
4772A,N,V,03/27/2026 12:25:20 PM
4772B,N,O,03/27/2026 12:21:24 PM
4773A,N,O,03/27/2026 12:00:20 PM
4773B,N,O,03/27/2026 10:03:06 AM
4774A,N,O,03/27/2026 11:11:04 AM
4774B,N,O,03/27/2026 12:06:59 PM
477B,N,O,03/27/2026 06:57:45 AM
47A,N,V,03/27/2026 08:56:33 AM
47B,N,V,03/27/2026 09:36:52 AM
4800B,N,O,03/27/2026 07:59:52 AM
4801A,N,O,03/27/2026 07:58:46 AM
4801B,N,O,03/27/2026 07:58:46 AM
4802A,N,V,03/26/2026 11:22:33 PM
4802B,N,O,03/27/2026 07:57:48 AM
4803A,N,O,03/27/2026 12:25:48 PM
4803B,N,O,03/27/2026 12:20:48 PM
4804A,N,O,03/27/2026 11:08:31 AM
4804B,N,V,03/27/2026 09:38:21 AM
481B,N,O,03/27/2026 12:08:42 PM
482A,N,O,03/27/2026 09:18:30 AM
482B,N,O,03/27/2026 12:17:46 PM
4835B,N,O,03/27/2026 10:38:23 AM
4836A,N,O,03/27/2026 08:04:35 AM
4836B,N,O,03/27/2026 10:48:03 AM
4837A,N,O,03/27/2026 09:43:15 AM
4837B,N,O,03/27/2026 09:10:21 AM
4838A,N,O,03/27/2026 11:02:28 AM
4838B,N,O,03/27/2026 09:51:45 AM
4839A,N,O,03/27/2026 12:24:22 PM
4839B,N,O,03/27/2026 11:49:41 AM
483A,N,O,03/27/2026 11:58:02 AM
483B,N,O,03/27/2026 12:18:29 PM
4840A,N,O,03/27/2026 06:59:44 AM
4841A,N,O,03/27/2026 09:20:50 AM
4841B,N,O,03/27/2026 07:14:19 AM
4842A,N,O,03/27/2026 11:42:30 AM
4842B,N,O,03/27/2026 08:47:07 AM
4843A,N,O,03/27/2026 06:56:53 AM
4843B,N,O,03/27/2026 08:46:22 AM
4844A,N,O,03/27/2026 11:36:05 AM
4844B,N,O,03/27/2026 11:58:49 AM
4845A,N,O,03/27/2026 09:31:11 AM
4845B,N,O,03/27/2026 11:19:22 AM
4846A,N,O,03/27/2026 10:24:07 AM
4846B,N,O,03/27/2026 06:58:49 AM
4847A,N,O,03/27/2026 11:33:27 AM
4847B,N,O,03/27/2026 11:35:41 AM
4848A,N,O,03/27/2026 09:49:11 AM
4848B,N,O,03/27/2026 08:23:18 AM
4849A,N,O,03/27/2026 11:57:03 AM
4849B,N,O,03/27/2026 11:11:30 AM
484A,N,O,03/27/2026 08:25:36 AM
484B,N,O,03/27/2026 09:20:47 AM
4850A,N,O,03/27/2026 11:57:24 AM
4850B,N,O,03/27/2026 11:54:51 AM
4851A,N,O,03/27/2026 11:22:53 AM
4851B,N,O,03/27/2026 12:21:21 PM
4852A,N,O,03/27/2026 10:02:11 AM
4852B,N,O,03/27/2026 12:23:30 PM
4853A,N,O,03/27/2026 09:50:24 AM
4854A,N,O,03/27/2026 09:38:42 AM
4854B,N,O,03/27/2026 10:09:58 AM
4862A,N,O,03/27/2026 06:57:45 AM
4862B,N,O,03/27/2026 06:57:45 AM
4863A,N,O,03/27/2026 08:55:19 AM
4863B,N,O,03/27/2026 12:04:22 PM
4864A,N,O,03/27/2026 06:55:52 AM
4864B,N,O,03/27/2026 06:56:28 AM
4866A,N,O,03/27/2026 11:41:06 AM
4866B,N,O,03/27/2026 08:00:10 AM
4867A,N,O,03/27/2026 12:25:11 PM
4867B,N,O,03/27/2026 08:21:50 AM
4868A,N,O,03/27/2026 07:57:44 AM
4868B,N,O,03/27/2026 06:56:43 AM
4870A,N,O,03/27/2026 06:59:51 AM
4870B,N,O,03/27/2026 09:51:54 AM
4871A,N,O,03/27/2026 08:59:20 AM
4871B,N,O,03/27/2026 11:48:43 AM
4872A,N,O,03/27/2026 08:31:26 AM
4872B,N,O,03/27/2026 07:53:34 AM
4875A,N,O,03/27/2026 09:35:33 AM
4875B,N,O,03/27/2026 11:44:07 AM
4876B,N,O,03/27/2026 12:18:38 PM
4877A,N,O,03/27/2026 06:57:42 AM
4877B,N,O,03/27/2026 11:50:34 AM
4878B,N,O,03/27/2026 11:52:43 AM
4881A,N,O,03/27/2026 10:54:06 AM
4881B,N,O,03/27/2026 12:24:33 PM
4882A,N,O,03/27/2026 06:58:01 AM
4882B,N,O,03/27/2026 06:57:44 AM
4896A,N,O,03/27/2026 09:45:10 AM
4896B,N,O,03/27/2026 11:43:33 AM
4897A,N,O,03/27/2026 09:05:24 AM
4897B,N,O,03/27/2026 08:53:32 AM
4898A,N,O,03/27/2026 12:04:29 PM
4898B,N,O,03/27/2026 12:17:30 PM
4899A,N,O,03/27/2026 12:21:13 PM
4899B,N,O,03/27/2026 12:11:17 PM
48A,N,V,03/27/2026 12:25:17 PM
48B,N,V,03/27/2026 11:51:17 AM
4900A,N,O,03/27/2026 07:00:00 AM
4900B,N,O,03/27/2026 06:59:50 AM
4901B,N,O,03/27/2026 07:45:04 AM
4903A,N,O,03/27/2026 09:32:13 AM
4903B,N,O,03/27/2026 07:21:15 AM
4904A,N,O,03/27/2026 11:55:17 AM
4904B,N,O,03/27/2026 11:56:25 AM
4905A,N,O,03/27/2026 12:12:11 PM
4905B,N,O,03/27/2026 12:21:20 PM
4906A,N,O,03/27/2026 07:21:36 AM
4906B,N,O,03/27/2026 10:52:44 AM
4907A,N,O,03/27/2026 08:19:58 AM
4907B,N,O,03/27/2026 07:40:58 AM
4908A,N,O,03/27/2026 06:56:49 AM
4909A,N,O,03/27/2026 06:55:48 AM
490A,N,O,03/27/2026 08:50:07 AM
490B,N,O,03/27/2026 12:05:01 PM
4911A,N,O,03/27/2026 12:12:59 PM
4912A,N,O,03/27/2026 08:03:47 AM
4912B,N,O,03/27/2026 08:14:19 AM
4913A,N,O,03/27/2026 12:13:17 PM
4913B,N,O,03/27/2026 10:04:17 AM
4914A,N,O,03/27/2026 10:29:30 AM
4914B,N,V,03/27/2026 12:24:20 PM
4915A,N,O,03/27/2026 11:53:09 AM
4915B,N,O,03/27/2026 11:46:24 AM
4916B,N,O,03/27/2026 09:23:30 AM
4918A,N,O,03/27/2026 12:26:29 PM
4918B,N,O,03/27/2026 12:17:57 PM
4919A,N,O,03/27/2026 12:22:06 PM
4919B,N,O,03/27/2026 12:13:22 PM
491A,N,V,03/27/2026 12:23:32 PM
491B,N,O,03/27/2026 11:32:17 AM
4920A,N,O,03/27/2026 09:33:41 AM
4920B,N,O,03/27/2026 09:35:55 AM
4921A,N,O,03/27/2026 08:42:17 AM
4921B,N,O,03/27/2026 12:18:47 PM
4922A,N,O,03/27/2026 10:09:03 AM
4922B,N,O,03/27/2026 11:46:20 AM
4923A,N,O,03/27/2026 10:27:07 AM
4923B,N,O,03/27/2026 11:41:59 AM
4924A,N,O,03/27/2026 11:08:47 AM
4924B,N,O,03/27/2026 08:19:03 AM
492A,N,O,03/27/2026 08:27:52 AM
492B,N,O,03/27/2026 12:24:21 PM
4939A,N,O,03/27/2026 08:30:54 AM
4939B,N,O,03/27/2026 10:07:47 AM
4940A,N,O,03/27/2026 07:17:35 AM
4940B,N,O,03/27/2026 12:24:11 PM
4945A,N,O,03/27/2026 11:53:35 AM
4945B,N,O,03/27/2026 10:03:39 AM
4946B,N,O,03/27/2026 11:35:24 AM
4947B,N,O,03/27/2026 09:06:25 AM
4948A,N,O,03/27/2026 10:13:54 AM
4948B,N,O,03/27/2026 07:35:55 AM
4949A,N,O,03/27/2026 10:48:02 AM
4949B,N,O,03/27/2026 12:02:19 PM
4950A,N,O,03/27/2026 07:28:27 AM
4950B,N,O,03/27/2026 11:18:17 AM
496A,N,V,03/27/2026 12:07:33 PM
496B,N,V,03/27/2026 11:04:00 AM
497A,N,V,03/27/2026 11:22:00 AM
497B,N,V,03/27/2026 11:10:03 AM
498A,N,O,03/27/2026 12:22:33 PM
498B,N,V,03/27/2026 10:45:32 AM
4994A,N,O,03/27/2026 08:36:59 AM
4994B,N,O,03/27/2026 06:55:36 AM
499A,N,O,03/27/2026 12:26:26 PM
49A,N,V,03/26/2026 08:35:19 PM
49B,N,V,03/27/2026 09:09:08 AM
4B,N,V,03/27/2026 12:19:31 PM
500A,N,V,03/27/2026 12:26:17 PM
500B,N,V,03/27/2026 10:11:41 AM
501B,N,V,03/27/2026 12:16:06 PM
502B,N,O,03/27/2026 12:27:38 PM
503A,N,O,03/27/2026 12:26:11 PM
504A,N,O,03/27/2026 11:49:48 AM
505A,N,V,03/27/2026 11:53:17 AM
505B,N,V,03/27/2026 11:53:58 AM
5060B,N,O,03/27/2026 08:30:16 AM
5061A,N,O,03/27/2026 12:23:26 PM
5061B,N,O,03/27/2026 08:28:47 AM
5062A,N,V,03/27/2026 12:25:56 PM
5062B,N,O,03/27/2026 11:50:56 AM
5063A,N,O,03/27/2026 12:22:17 PM
5063B,N,O,03/27/2026 09:28:02 AM
506A,N,O,03/27/2026 06:58:51 AM
506B,N,O,03/27/2026 12:06:55 PM
507A,N,O,03/27/2026 10:10:19 AM
507B,N,O,03/27/2026 12:01:34 PM
5086A,N,O,03/27/2026 09:05:40 AM
5086B,N,V,03/27/2026 12:25:07 PM
5088B,N,O,03/27/2026 12:03:54 PM
5089A,N,O,03/27/2026 12:19:59 PM
5089B,N,O,03/27/2026 12:12:50 PM
508A,N,O,03/27/2026 08:43:57 AM
508B,N,O,03/27/2026 12:27:17 PM
5090A,N,O,03/27/2026 12:13:58 PM
5090B,N,O,03/27/2026 11:48:13 AM
5091A,N,O,03/27/2026 11:49:33 AM
5093A,N,O,03/27/2026 12:24:49 PM
5093B,N,O,03/27/2026 08:26:54 AM
5095A,N,O,03/27/2026 08:29:50 AM
5096A,N,O,03/27/2026 08:28:53 AM
5096B,N,V,03/27/2026 12:27:36 PM
5097A,N,O,03/27/2026 12:22:08 PM
5097B,N,O,03/27/2026 11:25:59 AM
5099A,N,O,03/27/2026 11:26:47 AM
5099B,N,O,03/27/2026 09:00:13 AM
509A,N,O,03/27/2026 10:37:03 AM
50A,N,V,03/27/2026 08:27:24 AM
50B,N,V,03/27/2026 10:15:38 AM
5100B,N,O,03/27/2026 11:53:18 AM
5103A,NU,O,03/27/2026 12:27:40 PM
5103B,NU,O,03/27/2026 12:11:27 PM
5104B,N,V,03/27/2026 12:25:57 PM
510A,N,V,03/27/2026 11:58:12 AM
5117A,N,O,03/27/2026 12:21:41 PM
5121A,N,O,03/27/2026 12:24:58 PM
5125A,N,O,03/27/2026 09:10:23 AM
5125B,N,O,03/27/2026 12:09:55 PM
5126A,N,O,03/27/2026 11:09:46 AM
5126B,N,O,03/27/2026 08:47:30 AM
5129B,NU,O,03/08/2026 05:56:28 PM
5131A,N,O,03/27/2026 07:34:01 AM
5131B,N,O,03/27/2026 06:58:52 AM
5132A,N,O,03/27/2026 09:04:48 AM
5132B,N,O,03/27/2026 06:57:52 AM
5133A,N,O,03/27/2026 06:56:43 AM
5133B,N,O,03/27/2026 12:25:36 PM
5145B,N,O,03/27/2026 09:56:09 AM
5146A,N,O,03/27/2026 10:33:44 AM
5146B,N,O,03/27/2026 08:45:01 AM
5147A,N,O,03/27/2026 08:07:03 AM
5147B,N,V,03/27/2026 10:58:16 AM
5150B,N,O,03/27/2026 06:59:43 AM
5151A,N,O,03/27/2026 06:58:44 AM
5151B,N,O,03/27/2026 09:35:18 AM
5152A,N,O,03/27/2026 06:57:47 AM
5152B,N,V,03/27/2026 12:18:17 PM
5153A,N,O,03/27/2026 06:56:56 AM
5153B,N,V,03/27/2026 12:26:34 PM
5154A,N,O,03/27/2026 07:45:16 AM
5154B,N,O,03/27/2026 06:55:46 AM
5155A,N,O,03/27/2026 08:06:25 AM
5155B,N,O,03/27/2026 06:59:53 AM
5156B,N,O,03/27/2026 08:05:04 AM
5157A,N,O,03/27/2026 06:58:54 AM
5160A,N,O,03/27/2026 10:55:33 AM
5160B,N,O,03/27/2026 09:45:46 AM
5161A,N,O,03/27/2026 08:52:09 AM
5161B,N,O,03/27/2026 11:57:26 AM
5162A,N,O,03/27/2026 10:41:48 AM
5162B,N,O,03/27/2026 09:01:26 AM
5163A,N,O,03/27/2026 08:18:14 AM
5163B,N,O,03/27/2026 06:56:46 AM
5164A,N,O,03/27/2026 09:19:37 AM
5164B,N,O,03/27/2026 06:55:54 AM
5165A,N,O,02/24/2026 02:57:38 PM
5165B,N,O,02/24/2026 02:01:41 PM
5172A,N,O,03/27/2026 07:38:27 AM
5172B,N,O,03/27/2026 08:08:10 AM
5173A,N,O,03/27/2026 07:03:41 AM
5173B,N,O,03/27/2026 09:10:28 AM
5174A,N,O,03/27/2026 11:33:55 AM
5174B,N,V,03/27/2026 12:27:34 PM
5175A,N,O,03/27/2026 11:05:49 AM
5176A,N,O,03/27/2026 07:35:29 AM
5176B,N,O,03/27/2026 09:57:06 AM
5186A,N,O,03/27/2026 06:58:48 AM
5187A,N,O,03/27/2026 07:49:29 AM
5187B,N,O,03/27/2026 11:10:24 AM
5188A,N,O,03/27/2026 07:59:54 AM
5188B,N,O,03/27/2026 06:56:42 AM
5189A,N,O,03/27/2026 06:58:28 AM
5189B,N,O,03/27/2026 06:55:42 AM
5192B,N,O,03/27/2026 06:57:45 AM
5193A,N,O,03/27/2026 09:57:27 AM
5193B,N,O,03/27/2026 08:07:05 AM
5194A,N,O,03/27/2026 08:52:57 AM
5194B,N,O,03/27/2026 06:55:47 AM
5195A,N,O,03/27/2026 07:00:01 AM
5195B,N,V,03/27/2026 11:52:23 AM
5196A,N,O,03/27/2026 11:45:41 AM
5196B,N,O,03/27/2026 06:58:49 AM
51A,N,V,03/27/2026 09:56:39 AM
51B,N,O,03/27/2026 09:55:04 AM
5203A,N,O,03/27/2026 06:56:44 AM
5204A,N,O,03/27/2026 06:56:05 AM
5204B,N,O,03/27/2026 06:55:47 AM
5205A,N,O,03/27/2026 11:23:02 AM
5205B,N,O,03/27/2026 06:59:50 AM
5206A,N,O,03/27/2026 06:58:43 AM
5206B,N,O,03/27/2026 06:58:43 AM
5207A,N,O,03/27/2026 06:57:51 AM
5207B,N,O,03/27/2026 09:00:11 AM
5208A,N,O,03/27/2026 11:41:51 AM
5208B,N,O,03/27/2026 06:56:49 AM
5209A,N,O,03/27/2026 06:55:47 AM
5209B,N,O,03/27/2026 06:55:47 AM
5210A,N,O,03/27/2026 06:59:51 AM
5210B,N,O,03/27/2026 07:00:14 AM
5211A,N,O,03/27/2026 10:32:04 AM
5211B,N,O,03/27/2026 07:07:39 AM
5212A,N,O,03/27/2026 07:12:42 AM
5212B,N,O,03/27/2026 12:15:35 PM
5214A,N,O,03/27/2026 06:55:40 AM
5214B,N,O,03/27/2026 06:55:44 AM
5215A,N,O,03/27/2026 06:59:47 AM
5215B,N,O,03/27/2026 06:59:47 AM
5216A,N,O,03/27/2026 06:58:49 AM
5216B,N,O,03/27/2026 06:58:53 AM
5217A,N,O,03/27/2026 06:57:50 AM
5217B,N,O,03/27/2026 06:57:50 AM
5218A,N,O,03/27/2026 10:53:56 AM
5218B,N,O,03/27/2026 11:15:40 AM
5219A,N,O,03/27/2026 06:55:51 AM
5219B,N,O,03/27/2026 06:55:51 AM
521A,N,O,03/27/2026 11:57:27 AM
521B,N,O,03/27/2026 10:01:34 AM
5222A,N,O,03/27/2026 06:57:39 AM
5222B,N,O,03/27/2026 06:57:39 AM
5223A,N,O,03/27/2026 06:56:43 AM
5223B,N,O,03/27/2026 06:56:43 AM
522A,N,O,03/27/2026 10:45:45 AM
5233A,N,O,03/27/2026 06:57:28 AM
5234A,N,O,03/27/2026 06:55:47 AM
5234B,N,O,03/27/2026 08:03:00 AM
5235A,N,O,03/27/2026 06:59:49 AM
5235B,N,O,03/27/2026 06:59:49 AM
5236A,N,O,03/27/2026 12:26:03 PM
5236B,N,O,03/27/2026 07:05:30 AM
5237A,N,O,03/27/2026 10:50:45 AM
5237B,N,O,03/27/2026 10:42:57 AM
5238A,N,O,03/27/2026 10:26:19 AM
5238B,N,O,03/27/2026 10:18:13 AM
5239A,N,O,03/27/2026 10:09:48 AM
5239B,N,O,03/27/2026 10:42:31 AM
523A,N,O,03/27/2026 11:04:31 AM
523B,N,O,03/27/2026 12:05:41 PM
5240A,N,V,03/26/2026 11:14:42 PM
5240B,N,O,03/27/2026 06:59:45 AM
5241B,N,O,03/27/2026 11:58:35 AM
5242A,N,O,03/27/2026 11:21:19 AM
5242B,N,O,03/27/2026 08:37:38 AM
5243A,N,O,03/27/2026 07:56:49 AM
5243B,N,O,03/27/2026 07:56:45 AM
5244B,N,V,03/27/2026 12:25:49 PM
524A,N,O,03/27/2026 10:48:18 AM
524B,N,O,03/27/2026 09:57:02 AM
5253A,N,O,03/27/2026 12:14:18 PM
5253B,N,O,03/27/2026 08:44:33 AM
5254A,N,O,03/27/2026 08:15:21 AM
5254B,N,O,03/27/2026 08:29:42 AM
5255A,N,O,03/27/2026 11:06:07 AM
5255B,N,O,03/27/2026 12:07:54 PM
5256A,N,O,03/27/2026 08:00:57 AM
5256B,N,O,03/27/2026 09:37:14 AM
5257A,N,O,03/27/2026 11:56:45 AM
5257B,N,O,03/27/2026 09:19:06 AM
5258B,N,O,03/27/2026 11:16:55 AM
5272A,N,O,03/27/2026 11:53:37 AM
5272B,N,O,03/27/2026 10:14:31 AM
5273A,N,O,03/27/2026 10:47:49 AM
5273B,N,O,03/27/2026 12:01:49 PM
5274A,N,O,03/27/2026 08:16:29 AM
5274B,N,O,03/27/2026 11:06:15 AM
5275A,N,O,03/27/2026 12:25:08 PM
5276A,N,O,03/27/2026 10:57:59 AM
5276B,N,O,03/27/2026 08:59:31 AM
5277A,N,O,03/27/2026 06:57:54 AM
5277B,N,O,03/27/2026 08:41:14 AM
5278A,N,O,03/27/2026 12:26:15 PM
5278B,N,O,03/27/2026 12:09:13 PM
5279A,N,O,03/27/2026 08:48:43 AM
5279B,N,O,03/27/2026 09:35:28 AM
527A,N,O,03/27/2026 09:02:41 AM
5280A,N,O,03/27/2026 11:37:30 AM
5280B,N,O,03/27/2026 11:47:13 AM
5281A,N,O,03/27/2026 10:40:16 AM
5281B,N,O,03/27/2026 09:50:35 AM
5282A,N,O,03/27/2026 12:22:39 PM
5282B,N,O,03/27/2026 11:16:52 AM
5285B,N,O,03/27/2026 11:32:23 AM
5286A,N,O,03/27/2026 08:30:07 AM
5286B,N,O,03/27/2026 11:54:09 AM
528A,N,O,03/27/2026 11:41:52 AM
528B,N,O,03/27/2026 06:56:51 AM
5290A,N,O,03/27/2026 10:16:18 AM
5290B,N,O,03/27/2026 12:12:27 PM
5291A,N,V,03/27/2026 12:19:22 PM
5291B,N,O,03/27/2026 11:20:38 AM
5292B,N,O,03/27/2026 10:07:51 AM
5294A,N,O,03/27/2026 10:26:49 AM
5294B,N,O,03/27/2026 09:12:29 AM
5295A,N,O,03/27/2026 06:21:01 AM
5295B,N,O,03/27/2026 06:21:01 AM
5296A,N,O,03/27/2026 12:13:36 PM
5296B,N,O,03/27/2026 08:15:25 AM
5299B,N,O,03/27/2026 07:59:17 AM
52A,N,O,03/27/2026 12:27:03 PM
52B,N,O,03/27/2026 12:17:29 PM
5300A,N,O,03/27/2026 06:59:56 AM
5301A,N,O,03/27/2026 12:11:20 PM
5301B,N,O,03/27/2026 07:41:27 AM
5302A,N,O,03/27/2026 06:57:47 AM
5302B,N,O,03/27/2026 06:57:40 AM
5303A,N,O,03/27/2026 08:08:36 AM
5303B,N,O,03/27/2026 08:48:00 AM
5304A,N,O,03/27/2026 06:55:56 AM
5304B,N,O,03/27/2026 08:41:29 AM
5305A,N,O,03/27/2026 11:46:09 AM
5305B,N,O,03/27/2026 08:50:22 AM
5306A,N,O,03/27/2026 06:58:45 AM
5306B,N,O,03/27/2026 11:22:10 AM
5307B,N,O,03/27/2026 07:51:23 AM
5308A,N,O,03/27/2026 08:14:46 AM
5308B,N,O,03/27/2026 12:06:18 PM
5310A,N,O,03/27/2026 10:50:40 AM
5311B,N,O,03/27/2026 12:21:56 PM
5312A,N,O,03/27/2026 08:19:06 AM
5312B,N,O,03/27/2026 09:14:12 AM
5313B,N,O,03/27/2026 11:35:04 AM
5314A,N,O,03/27/2026 10:48:33 AM
5314B,N,O,03/27/2026 06:55:52 AM
5315A,N,O,03/27/2026 07:37:34 AM
5315B,N,O,03/27/2026 06:59:52 AM
5316A,N,O,03/27/2026 08:14:09 AM
5316B,N,O,03/27/2026 06:58:52 AM
5317A,N,O,03/27/2026 11:32:34 AM
5318A,N,O,03/27/2026 12:03:05 PM
5319A,N,O,03/27/2026 08:19:34 AM
5320A,N,O,03/27/2026 08:54:20 AM
5320B,N,O,03/27/2026 09:00:08 AM
5321A,N,O,03/27/2026 08:59:46 AM
5321B,N,O,03/27/2026 06:58:56 AM
5322A,N,O,03/26/2026 10:44:09 AM
5322B,N,O,03/27/2026 09:37:50 AM
5323A,N,O,03/27/2026 12:03:44 PM
5323B,N,O,03/27/2026 07:57:04 AM
5324A,N,O,03/27/2026 09:14:17 AM
5324B,N,O,03/27/2026 07:47:01 AM
5325A,N,O,03/26/2026 06:59:52 AM
5325B,N,O,03/27/2026 09:51:56 AM
5326A,N,O,03/27/2026 10:13:21 AM
5326B,N,O,03/27/2026 06:58:48 AM
5327A,N,O,03/27/2026 07:44:53 AM
5327B,N,O,03/27/2026 10:53:17 AM
5328A,N,O,03/27/2026 12:20:49 PM
5328B,N,O,03/27/2026 10:44:42 AM
5329A,N,O,03/27/2026 11:01:34 AM
5329B,N,V,03/27/2026 07:47:12 AM
5335A,N,O,03/27/2026 12:23:14 PM
5335B,N,O,03/27/2026 11:57:52 AM
5341A,N,O,03/27/2026 09:02:56 AM
5342A,N,O,03/27/2026 12:24:03 PM
5342B,N,O,03/27/2026 12:19:45 PM
5357B,N,O,03/27/2026 08:14:53 AM
5358A,N,O,03/27/2026 11:51:57 AM
5358B,N,O,03/27/2026 07:56:46 AM
5359A,N,O,03/27/2026 11:54:53 AM
5359B,N,O,03/27/2026 07:55:56 AM
535A,N,O,03/27/2026 09:45:42 AM
535B,N,V,03/27/2026 12:26:55 PM
5362A,N,O,03/27/2026 06:57:58 AM
5363A,N,O,03/27/2026 07:31:28 AM
5363B,N,O,03/26/2026 11:34:41 PM
5364A,N,O,03/27/2026 06:56:28 AM
5364B,N,O,03/27/2026 06:56:28 AM
5365A,N,O,03/27/2026 06:59:51 AM
5365B,N,O,03/27/2026 06:59:59 AM
5369B,N,O,03/27/2026 10:15:11 AM
536A,N,O,03/27/2026 12:03:37 PM
536B,N,V,03/27/2026 12:21:05 PM
5371A,N,O,03/27/2026 09:19:06 AM
5372A,N,O,03/27/2026 10:41:53 AM
5372B,N,O,03/27/2026 11:29:21 AM
5373A,N,O,03/27/2026 06:56:47 AM
5373B,N,O,03/27/2026 09:17:25 AM
5374A,N,O,03/27/2026 10:27:10 AM
5374B,N,O,03/27/2026 11:51:32 AM
5375A,N,O,03/27/2026 08:32:49 AM
5377A,N,O,03/27/2026 08:27:58 AM
5377B,N,O,03/27/2026 08:27:44 AM
5378A,N,O,03/27/2026 10:37:22 AM
537A,N,O,03/27/2026 08:52:14 AM
537B,N,O,03/27/2026 12:07:37 PM
5384A,N,O,03/27/2026 07:55:49 AM
5385A,N,O,03/27/2026 09:20:57 AM
5385B,N,O,03/27/2026 08:23:06 AM
5386A,N,O,03/26/2026 08:29:22 PM
5386B,N,O,03/27/2026 10:10:34 AM
5387B,N,O,03/27/2026 11:29:05 AM
5388A,N,O,03/27/2026 10:43:16 AM
5388B,N,O,03/27/2026 10:30:12 AM
5389A,N,O,03/27/2026 12:18:32 PM
5389B,N,O,03/27/2026 10:20:43 AM
538A,N,O,03/27/2026 10:01:18 AM
538B,N,O,03/27/2026 09:52:05 AM
5390A,N,O,03/27/2026 12:20:20 PM
5390B,N,O,03/27/2026 11:38:46 AM
5391A,N,O,03/27/2026 12:08:38 PM
5391B,N,O,03/27/2026 11:19:37 AM
5393A,N,O,03/27/2026 08:18:53 AM
5393B,N,O,03/27/2026 06:56:51 AM
5394A,N,O,03/27/2026 06:55:46 AM
5394B,N,O,03/27/2026 06:55:46 AM
5395A,N,O,03/27/2026 06:59:48 AM
5395B,N,O,03/27/2026 06:59:48 AM
5396A,N,O,03/27/2026 06:58:53 AM
5396B,N,O,03/27/2026 06:58:50 AM
5399A,N,O,03/27/2026 11:10:47 AM
539A,N,O,03/27/2026 12:10:26 PM
539B,N,O,03/27/2026 10:30:45 AM
53A,N,O,03/27/2026 11:25:39 AM
53B,N,O,03/27/2026 11:16:25 AM
5400A,N,O,03/27/2026 07:59:47 AM
5400B,N,O,03/27/2026 10:05:55 AM
5401A,N,O,03/27/2026 07:58:56 AM
5401B,N,O,03/27/2026 12:01:37 PM
5406A,N,O,03/27/2026 09:28:27 AM
5407A,N,O,03/27/2026 12:02:59 PM
5407B,N,O,03/27/2026 12:12:07 PM
5408A,N,O,03/27/2026 12:23:35 PM
5408B,N,O,03/27/2026 12:23:22 PM
5409A,N,O,03/27/2026 11:11:13 AM
5409B,N,O,03/27/2026 12:26:17 PM
540A,N,V,03/27/2026 12:20:29 PM
540B,N,V,03/27/2026 12:19:57 PM
5410A,NU,O,03/27/2026 08:29:52 AM
5410B,NU,O,03/27/2026 12:13:39 PM
541A,N,V,03/27/2026 12:25:11 PM
541B,N,V,03/27/2026 11:41:08 AM
5421A,N,O,03/27/2026 10:45:09 AM
5421B,N,O,03/27/2026 06:58:55 AM
5422A,N,O,03/27/2026 10:58:18 AM
5422B,N,O,03/27/2026 06:57:53 AM
5423A,N,O,03/27/2026 07:52:35 AM
5423B,N,O,03/27/2026 09:21:40 AM
5424A,N,O,03/27/2026 06:55:46 AM
5424B,N,O,03/27/2026 06:55:46 AM
5426A,N,O,03/27/2026 12:02:49 PM
5427A,N,O,03/27/2026 07:57:52 AM
5427B,N,O,03/27/2026 08:03:29 AM
5428A,N,O,03/27/2026 06:56:48 AM
5428B,N,O,03/27/2026 06:56:48 AM
5429A,N,O,03/27/2026 06:55:58 AM
5429B,N,O,03/27/2026 08:06:45 AM
542A,N,V,03/27/2026 12:17:51 PM
542B,N,O,03/27/2026 12:03:39 PM
5430B,N,O,03/27/2026 06:59:51 AM
5435A,N,O,03/27/2026 12:18:06 PM
5435B,N,O,03/27/2026 11:33:47 AM
5436B,N,O,03/27/2026 07:58:49 AM
5437B,N,O,03/27/2026 11:10:09 AM
5438B,N,V,03/27/2026 12:27:19 PM
5439A,N,V,03/27/2026 12:14:42 PM
5439B,N,V,03/27/2026 12:15:44 PM
5440A,N,O,03/27/2026 11:37:03 AM
5440B,N,O,03/27/2026 12:15:41 PM
5447A,N,O,03/27/2026 08:06:30 AM
5447B,N,O,03/27/2026 08:30:40 AM
5448A,N,O,03/27/2026 10:45:30 AM
5448B,N,O,03/27/2026 06:56:49 AM
5449A,N,O,03/27/2026 06:55:46 AM
5449B,N,O,03/27/2026 06:55:46 AM
5450A,N,O,03/27/2026 09:25:28 AM
5450B,N,O,03/27/2026 10:01:43 AM
5451B,N,O,03/27/2026 06:59:01 AM
5461A,N,O,03/27/2026 12:03:12 PM
5461B,N,O,03/27/2026 07:58:48 AM
5462A,N,O,03/27/2026 12:03:28 PM
5462B,N,O,03/27/2026 08:59:28 AM
5466A,N,O,03/27/2026 12:26:34 PM
5466B,N,O,03/27/2026 12:05:04 PM
5467A,N,O,03/27/2026 12:17:09 PM
5467B,N,O,03/27/2026 09:09:04 AM
5468A,N,O,03/27/2026 11:25:54 AM
5468B,N,O,03/26/2026 07:57:16 AM
54B,N,O,03/27/2026 12:13:34 PM
552A,N,O,03/27/2026 12:27:42 PM
552B,N,O,03/27/2026 12:19:14 PM
5532B,N,O,03/27/2026 11:53:38 AM
5533A,N,O,03/27/2026 11:49:03 AM
5533B,N,O,03/27/2026 11:46:46 AM
5534A,N,O,03/27/2026 09:23:13 AM
5534B,N,O,03/27/2026 11:40:12 AM
5535A,N,O,03/27/2026 11:28:12 AM
5535B,N,O,03/27/2026 07:59:43 AM
5536A,N,O,03/27/2026 11:43:32 AM
5537A,N,O,03/27/2026 11:40:50 AM
5538A,N,O,03/27/2026 07:56:45 AM
5538B,N,O,03/27/2026 11:19:30 AM
5539A,N,O,03/27/2026 12:02:46 PM
5539B,N,O,03/27/2026 12:12:24 PM
553A,N,O,03/27/2026 12:14:18 PM
553B,N,O,03/27/2026 12:23:23 PM
5542A,N,O,03/27/2026 12:06:52 PM
5542B,N,O,03/27/2026 09:49:17 AM
5543A,N,O,03/27/2026 10:20:39 AM
5543B,N,O,03/27/2026 09:23:30 AM
5544B,N,V,03/27/2026 12:00:25 PM
5545B,N,O,03/27/2026 09:59:28 AM
5546A,N,O,03/27/2026 09:19:59 AM
5546B,N,O,03/27/2026 09:19:43 AM
5547A,N,O,03/27/2026 11:42:05 AM
5547B,N,O,03/27/2026 11:12:45 AM
5548A,N,O,03/27/2026 12:26:40 PM
5548B,N,O,03/27/2026 12:09:38 PM
5549A,N,O,03/27/2026 12:13:59 PM
554A,N,O,03/27/2026 12:12:30 PM
554B,N,V,03/27/2026 12:27:29 PM
5551A,N,O,03/27/2026 10:46:22 AM
5552A,N,O,03/27/2026 10:43:10 AM
5552B,N,O,03/27/2026 11:53:05 AM
5553A,N,O,03/26/2026 09:08:06 AM
5553B,N,O,03/27/2026 11:29:12 AM
5554A,N,O,03/27/2026 11:40:27 AM
5554B,N,O,03/27/2026 08:54:05 AM
5555A,NU,O,03/27/2026 07:59:52 AM
5555B,NU,O,03/27/2026 12:16:41 PM
5556B,N,V,03/27/2026 09:47:46 AM
5557A,N,O,03/27/2026 10:14:20 AM
5557B,N,O,03/27/2026 08:59:46 AM
5558A,N,O,03/27/2026 12:11:31 PM
5558B,N,O,03/27/2026 11:02:25 AM
5559A,N,O,03/27/2026 08:45:21 AM
5559B,N,O,03/27/2026 07:55:46 AM
555A,N,O,03/27/2026 12:24:33 PM
555B,N,O,03/27/2026 12:19:59 PM
5560A,N,O,03/27/2026 10:03:46 AM
5564A,N,O,03/27/2026 07:55:44 AM
5572A,N,O,03/27/2026 12:00:54 PM
5572B,N,O,03/27/2026 10:57:37 AM
5573A,N,O,03/27/2026 10:46:54 AM
5573B,N,O,03/27/2026 11:31:37 AM
5574A,N,O,03/27/2026 11:48:44 AM
5574B,N,O,03/27/2026 11:47:40 AM
5575B,N,O,03/27/2026 12:04:15 PM
5578A,N,O,03/27/2026 06:56:45 AM
5578B,N,V,03/27/2026 11:21:12 AM
5579A,N,O,03/27/2026 08:08:18 AM
5579B,N,O,03/27/2026 06:55:45 AM
5580A,N,O,03/27/2026 06:59:46 AM
5580B,N,O,03/27/2026 10:20:24 AM
5588A,N,O,03/27/2026 07:56:44 AM
5588B,N,O,03/27/2026 07:56:44 AM
559A,N,O,03/27/2026 09:16:37 AM
559B,N,O,03/27/2026 08:48:54 AM
55B,N,O,03/27/2026 09:01:37 AM
560A,N,V,03/27/2026 11:47:53 AM
560B,N,O,03/27/2026 11:09:56 AM
5617B,N,O,03/27/2026 07:57:51 AM
5618A,N,O,03/27/2026 09:10:03 AM
5618B,N,O,03/27/2026 07:56:46 AM
561B,N,V,03/27/2026 12:26:48 PM
5622A,N,O,03/27/2026 08:47:11 AM
5622B,N,O,03/27/2026 08:39:06 AM
5623A,N,O,03/27/2026 10:42:05 AM
5623B,N,V,03/27/2026 09:17:13 AM
5641B,N,O,03/27/2026 06:58:52 AM
5642A,N,O,03/27/2026 08:11:08 AM
5642B,N,O,03/27/2026 11:32:15 AM
5643A,N,O,03/27/2026 06:56:44 AM
5643B,N,O,03/27/2026 10:58:52 AM
5645A,N,O,03/27/2026 09:35:19 AM
5645B,N,O,03/27/2026 09:51:22 AM
5646A,N,O,03/27/2026 11:40:58 AM
5646B,N,O,03/27/2026 07:58:45 AM
5647A,N,O,03/27/2026 09:02:40 AM
5647B,N,O,03/27/2026 08:44:54 AM
5648A,N,O,03/27/2026 12:25:07 PM
5648B,N,O,03/27/2026 12:10:50 PM
5650A,N,O,03/27/2026 08:35:14 AM
5650B,N,O,03/27/2026 11:00:24 AM
5651A,N,O,03/27/2026 10:10:06 AM
5651B,N,O,03/27/2026 09:38:09 AM
5652A,N,O,03/27/2026 10:05:25 AM
5652B,N,O,03/27/2026 11:11:39 AM
5653A,N,O,03/27/2026 11:03:39 AM
5653B,N,O,03/27/2026 09:46:49 AM
5654A,N,V,03/27/2026 12:24:28 PM
5654B,N,O,03/27/2026 09:01:42 AM
5655A,N,O,03/27/2026 11:30:57 AM
5655B,N,O,03/27/2026 09:55:07 AM
5656A,N,O,03/27/2026 11:08:02 AM
5656B,N,O,03/27/2026 08:01:43 AM
5657A,N,O,03/27/2026 12:10:14 PM
5657B,N,O,03/27/2026 12:27:23 PM
5658A,N,O,03/27/2026 09:11:18 AM
5658B,N,O,03/27/2026 06:56:50 AM
568A,N,O,03/27/2026 11:25:13 AM
568B,N,V,03/27/2026 12:19:17 PM
56A,N,V,03/27/2026 11:46:22 AM
56B,N,V,03/27/2026 12:26:32 PM
57A,N,O,03/27/2026 12:16:32 PM
57B,N,V,03/27/2026 12:16:14 PM
5883A,N,O,03/27/2026 10:20:40 AM
5883B,N,O,03/27/2026 08:26:42 AM
5884A,N,O,03/27/2026 08:25:49 AM
5884B,N,O,03/27/2026 09:12:11 AM
5885A,N,O,03/27/2026 10:13:06 AM
5885B,N,O,03/27/2026 10:27:11 AM
5889A,N,O,03/27/2026 11:59:22 AM
5889B,N,O,03/27/2026 12:25:29 PM
588B,N,O,03/27/2026 10:54:49 AM
5899A,N,O,03/27/2026 10:03:27 AM
589A,N,V,03/27/2026 12:21:31 PM
589B,N,O,03/27/2026 12:25:23 PM
58A,N,O,03/27/2026 06:56:43 AM
58B,N,V,03/27/2026 12:19:38 PM
5900A,N,O,03/27/2026 12:05:50 PM
5900B,N,O,03/27/2026 10:54:20 AM
5901A,N,O,03/27/2026 11:57:22 AM
5901B,N,O,03/27/2026 12:08:00 PM
5904B,N,O,03/27/2026 11:57:52 AM
590A,N,O,03/27/2026 07:16:24 AM
590B,N,O,03/27/2026 10:39:23 AM
5910A,N,O,03/27/2026 12:15:38 PM
5910B,N,O,03/27/2026 12:22:35 PM
5911A,N,O,03/27/2026 12:06:28 PM
5911B,N,O,03/27/2026 10:03:21 AM
5912A,N,O,03/27/2026 12:25:57 PM
5912B,N,O,03/27/2026 12:19:37 PM
5913A,N,O,03/27/2026 12:14:08 PM
5913B,N,O,03/27/2026 10:17:52 AM
591A,N,O,03/27/2026 07:33:43 AM
591B,N,O,03/27/2026 06:58:51 AM
592A,NU,O,03/27/2026 10:40:24 AM
592B,NU,V,03/27/2026 10:18:15 AM
5932A,N,O,03/27/2026 06:57:49 AM
5932B,N,O,03/27/2026 11:57:29 AM
5933A,N,V,03/27/2026 11:11:14 AM
5933B,N,O,03/27/2026 12:07:34 PM
5934A,N,O,03/27/2026 11:49:04 AM
5934B,N,O,03/27/2026 11:48:55 AM
5935A,N,O,03/27/2026 06:59:49 AM
5935B,N,O,03/27/2026 11:43:07 AM
5936A,N,O,03/27/2026 06:58:51 AM
5936B,N,O,03/27/2026 12:12:52 PM
593A,N,O,03/27/2026 12:05:03 PM
593B,N,O,03/27/2026 12:13:04 PM
5946A,N,V,03/27/2026 08:03:30 AM
5946B,N,O,03/27/2026 09:26:49 AM
5947A,N,O,03/27/2026 09:56:19 AM
5947B,N,O,03/27/2026 07:44:05 AM
5949A,N,O,03/27/2026 08:25:50 AM
5949B,N,O,03/27/2026 09:31:16 AM
5950A,N,O,03/27/2026 09:52:56 AM
5950B,N,O,03/26/2026 08:52:30 PM
5951A,N,O,03/27/2026 12:27:00 PM
5951B,N,O,03/27/2026 10:35:05 AM
5952A,N,O,03/27/2026 08:44:27 AM
5952B,N,O,03/27/2026 10:37:04 AM
5953A,N,O,03/27/2026 08:59:13 AM
5953B,N,O,03/27/2026 12:27:16 PM
5954A,N,O,03/27/2026 08:34:49 AM
5954B,N,O,03/27/2026 08:25:54 AM
5955A,N,O,03/27/2026 08:29:52 AM
5955B,N,O,03/27/2026 08:29:52 AM
5956A,N,O,03/27/2026 08:28:45 AM
5956B,N,O,03/27/2026 08:49:10 AM
5957A,N,O,03/27/2026 08:28:30 AM
5957B,N,O,03/27/2026 08:37:08 AM
5958A,N,O,03/27/2026 08:26:50 AM
5958B,N,O,03/27/2026 08:26:50 AM
5962A,N,O,03/27/2026 07:58:40 AM
5962B,N,O,03/27/2026 07:58:40 AM
5963A,N,O,03/27/2026 07:56:44 AM
5963B,N,O,03/27/2026 11:19:14 AM
5964A,N,O,03/27/2026 10:23:31 AM
5964B,N,O,03/27/2026 10:34:42 AM
5965A,N,O,03/27/2026 12:04:16 PM
5965B,N,O,03/27/2026 09:01:36 AM
5969A,N,O,03/27/2026 06:55:50 AM
5969B,N,O,03/27/2026 10:36:20 AM
5970A,N,O,03/27/2026 09:43:21 AM
5970B,N,O,03/27/2026 06:59:51 AM
5971A,N,O,03/27/2026 09:30:59 AM
5971B,N,O,03/27/2026 10:28:55 AM
5972A,N,O,03/27/2026 06:57:47 AM
5972B,N,O,03/27/2026 11:54:41 AM
5973A,N,O,03/27/2026 10:13:38 AM
5973B,N,O,03/27/2026 09:23:24 AM
5974A,N,O,03/27/2026 06:55:51 AM
5990A,N,O,03/27/2026 09:06:03 AM
5990B,N,O,03/27/2026 11:39:07 AM
5991A,N,O,03/27/2026 06:58:52 AM
5991B,N,O,03/27/2026 07:48:08 AM
5992A,N,O,03/27/2026 07:31:03 AM
5992B,N,O,03/27/2026 11:53:14 AM
5993A,N,O,03/27/2026 11:25:03 AM
5993B,N,O,03/27/2026 08:46:20 AM
5994A,N,O,03/27/2026 06:55:46 AM
5994B,N,O,03/27/2026 12:13:03 PM
5995A,N,O,03/27/2026 08:51:50 AM
5995B,N,O,03/27/2026 08:14:03 AM
5996A,N,O,03/27/2026 12:16:09 PM
5996B,N,O,03/27/2026 12:09:28 PM
5997A,N,O,03/27/2026 12:09:10 PM
5997B,N,O,03/27/2026 06:57:52 AM
5998A,N,V,03/27/2026 12:27:35 PM
5998B,N,O,03/27/2026 12:27:35 PM
59A,N,O,03/27/2026 09:17:18 AM
59B,N,O,03/27/2026 10:54:57 AM
5A,N,O,03/27/2026 12:19:26 PM
5B,N,V,03/27/2026 11:59:54 AM
600B,N,O,03/27/2026 09:07:09 AM
6013A,N,O,03/27/2026 12:25:29 PM
6014A,N,O,03/27/2026 11:36:18 AM
6014B,N,O,03/27/2026 11:41:02 AM
6015A,N,O,03/27/2026 08:29:53 AM
6015B,N,O,03/27/2026 11:28:29 AM
6018A,N,O,03/27/2026 09:27:53 AM
6019A,N,O,03/27/2026 12:03:41 PM
6019B,N,V,03/27/2026 11:18:35 AM
601A,N,O,03/27/2026 12:20:33 PM
601B,N,O,03/27/2026 11:22:17 AM
6020A,N,O,03/26/2026 08:29:55 AM
6020B,N,O,03/27/2026 08:29:58 AM
6021A,N,O,03/27/2026 11:05:45 AM
6021B,N,O,03/27/2026 08:30:38 AM
6022A,N,O,03/27/2026 08:27:46 AM
6022B,N,O,03/27/2026 10:08:09 AM
6023A,N,O,03/27/2026 08:27:49 AM
6023B,N,O,03/27/2026 12:21:43 PM
6025A,N,O,03/27/2026 12:17:57 PM
6025B,N,O,03/27/2026 09:35:24 AM
6026A,N,O,03/27/2026 08:28:56 AM
6026B,N,O,03/27/2026 08:29:00 AM
6027A,N,O,03/27/2026 08:27:48 AM
6027B,N,O,03/27/2026 12:16:36 PM
6028A,N,O,03/27/2026 10:11:09 AM
6028B,N,O,03/27/2026 10:15:43 AM
6029A,N,O,03/27/2026 11:35:36 AM
6029B,N,O,03/27/2026 12:09:37 PM
6030A,N,O,03/27/2026 11:46:29 AM
6030B,N,O,03/27/2026 11:47:14 AM
6031B,N,O,03/27/2026 11:52:59 AM
6035A,N,O,03/27/2026 08:29:44 AM
6035B,N,O,03/27/2026 11:59:42 AM
6036A,N,O,03/27/2026 11:03:20 AM
6036B,N,O,03/26/2026 10:03:34 PM
6037A,N,O,03/27/2026 11:39:57 AM
6037B,N,O,03/27/2026 09:30:22 AM
6038A,N,O,03/27/2026 08:30:10 AM
6038B,N,O,03/27/2026 12:07:11 PM
6039A,N,O,03/27/2026 12:00:11 PM
6039B,N,O,03/27/2026 10:36:41 AM
6040A,N,O,03/27/2026 08:30:05 AM
6040B,N,O,03/27/2026 12:17:41 PM
6041A,N,O,03/27/2026 12:24:02 PM
6043B,N,O,03/27/2026 10:20:48 AM
6044A,N,O,03/27/2026 12:02:51 PM
6044B,N,O,03/27/2026 11:49:50 AM
6045A,N,O,03/27/2026 09:44:55 AM
6045B,N,O,03/27/2026 08:31:03 AM
6046A,N,O,03/27/2026 12:05:41 PM
6046B,N,O,03/27/2026 11:51:51 AM
6047A,N,O,03/27/2026 11:42:41 AM
6047B,N,O,03/27/2026 11:44:36 AM
6048A,N,O,03/27/2026 11:18:39 AM
6048B,N,O,03/27/2026 12:18:10 PM
6049A,N,O,03/27/2026 10:13:52 AM
6049B,N,O,03/27/2026 10:10:37 AM
6050A,N,O,03/27/2026 11:30:34 AM
6050B,N,O,03/27/2026 12:16:58 PM
6051A,N,V,03/27/2026 12:22:09 PM
6051B,N,O,03/27/2026 12:21:31 PM
6052A,N,O,03/27/2026 12:12:53 PM
6052B,N,O,03/27/2026 11:57:17 AM
6053A,N,O,03/27/2026 11:29:47 AM
6053B,N,O,03/27/2026 11:36:17 AM
6054A,N,O,03/27/2026 10:10:02 AM
6054B,N,O,03/27/2026 10:32:24 AM
6055A,N,O,03/27/2026 12:07:26 PM
6055B,N,V,03/27/2026 12:23:56 PM
6058A,N,O,03/27/2026 06:56:48 AM
6058B,N,O,03/27/2026 08:42:29 AM
6059A,N,O,03/27/2026 06:55:48 AM
6059B,N,O,03/27/2026 10:59:27 AM
605A,N,O,03/27/2026 10:56:41 AM
605B,N,O,03/27/2026 09:47:27 AM
6060A,N,V,03/27/2026 12:24:52 PM
6060B,N,O,03/27/2026 10:51:17 AM
6061A,N,O,03/27/2026 09:58:37 AM
6061B,N,O,03/27/2026 06:58:47 AM
6062A,N,O,03/27/2026 06:57:51 AM
6062B,N,V,03/27/2026 11:56:48 AM
6063A,N,V,03/27/2026 12:13:05 PM
6063B,N,O,03/27/2026 08:17:50 AM
6064A,N,O,03/27/2026 10:12:36 AM
6064B,N,O,03/27/2026 10:21:10 AM
6066A,N,O,03/27/2026 07:53:19 AM
6066B,N,O,03/27/2026 12:21:56 PM
6067A,N,O,03/27/2026 10:16:30 AM
6067B,N,V,03/27/2026 12:27:08 PM
6068A,N,V,03/27/2026 12:22:41 PM
6068B,N,O,03/27/2026 12:23:53 PM
6069A,N,V,03/27/2026 12:25:21 PM
6069B,N,O,03/27/2026 12:18:08 PM
606A,N,O,03/27/2026 11:40:26 AM
606B,N,O,03/27/2026 10:10:39 AM
6070A,N,O,03/27/2026 09:54:55 AM
6070B,N,O,03/27/2026 11:30:37 AM
6072A,N,O,03/27/2026 10:13:56 AM
6072B,N,O,03/27/2026 11:40:45 AM
6073A,N,O,03/27/2026 10:33:31 AM
6073B,N,O,03/27/2026 06:56:49 AM
6074A,N,O,03/27/2026 11:23:56 AM
6074B,N,O,03/27/2026 12:12:40 PM
6075A,N,O,03/27/2026 12:18:08 PM
6075B,N,O,03/27/2026 11:07:12 AM
6076A,N,O,03/27/2026 11:50:35 AM
607A,N,O,03/27/2026 07:41:56 AM
607B,N,O,03/27/2026 11:22:19 AM
6081A,N,O,03/27/2026 08:28:52 AM
6085B,N,O,03/27/2026 12:05:28 PM
608A,N,O,03/27/2026 12:00:04 PM
608B,N,V,03/27/2026 12:27:15 PM
609A,N,O,03/27/2026 11:21:08 AM
609B,N,O,03/27/2026 06:56:01 AM
60A,N,O,03/27/2026 12:20:12 PM
60B,N,O,03/27/2026 12:14:40 PM
610A,N,O,03/27/2026 06:59:48 AM
6180B,N,O,03/27/2026 12:09:54 PM
6181A,N,O,03/27/2026 10:13:42 AM
6181B,N,O,03/27/2026 08:02:56 AM
6182A,N,O,03/27/2026 10:06:04 AM
6182B,N,O,03/27/2026 09:21:24 AM
6183A,N,O,03/27/2026 08:20:07 AM
6183B,N,O,03/27/2026 08:33:40 AM
6184A,NU,O,03/16/2026 02:00:44 PM
6184B,NU,O,03/16/2026 07:55:48 AM
6185A,NU,O,03/27/2026 08:00:49 AM
6186A,N,O,03/27/2026 07:59:06 AM
6187A,N,O,03/27/2026 11:50:58 AM
6188A,N,O,03/27/2026 11:56:02 AM
6188B,N,O,03/27/2026 11:13:04 AM
6189A,N,O,03/27/2026 11:57:17 AM
6189B,N,O,03/27/2026 08:37:38 AM
6190A,N,O,03/27/2026 10:49:49 AM
6190B,N,O,03/27/2026 06:59:50 AM
6191A,N,O,03/27/2026 12:09:21 PM
6191B,N,O,03/27/2026 06:58:50 AM
6192A,N,O,03/27/2026 11:22:22 AM
6192B,N,O,03/27/2026 11:16:24 AM
6193A,N,O,03/27/2026 09:12:34 AM
6193B,N,O,03/27/2026 12:03:57 PM
6194A,N,O,03/27/2026 06:55:46 AM
6194B,N,O,03/27/2026 12:11:51 PM
6196A,N,O,03/27/2026 06:58:47 AM
61A,N,V,03/27/2026 12:27:25 PM
61B,N,O,03/27/2026 12:27:15 PM
6201B,N,O,03/27/2026 12:02:47 PM
6202A,N,O,03/27/2026 08:56:43 AM
6202B,N,V,03/27/2026 12:11:11 PM
6203B,N,V,03/27/2026 12:23:43 PM
6204A,N,O,03/27/2026 12:17:25 PM
6204B,N,V,03/27/2026 12:24:13 PM
6207A,N,O,03/27/2026 08:43:47 AM
6207B,N,O,03/27/2026 12:09:38 PM
6209A,N,O,03/27/2026 06:55:55 AM
6209B,N,O,03/27/2026 12:02:53 PM
6221A,N,O,03/27/2026 09:36:27 AM
6221B,N,O,03/27/2026 07:18:28 AM
6222A,N,V,03/27/2026 12:27:39 PM
6222B,N,O,03/27/2026 12:26:24 PM
6223A,N,O,03/27/2026 06:56:55 AM
6223B,N,O,03/27/2026 06:56:48 AM
6235A,N,O,03/27/2026 12:10:25 PM
6235B,N,O,03/27/2026 11:47:44 AM
6236A,N,O,03/27/2026 09:34:47 AM
6236B,N,O,03/27/2026 12:10:05 PM
6237B,N,O,03/27/2026 11:59:46 AM
6238A,N,O,03/27/2026 11:55:06 AM
6238B,N,O,03/27/2026 08:26:44 AM
6239A,N,O,03/27/2026 10:55:05 AM
6239B,N,O,03/27/2026 08:25:56 AM
6240A,N,O,03/27/2026 11:56:09 AM
6240B,N,O,03/27/2026 09:52:27 AM
6241A,N,O,03/27/2026 09:50:08 AM
6241B,N,O,03/27/2026 09:26:46 AM
6252A,N,O,03/27/2026 11:53:10 AM
6252B,N,O,03/27/2026 11:35:14 AM
6258A,N,O,03/27/2026 06:56:48 AM
6258B,N,O,03/27/2026 06:56:48 AM
6259A,N,O,03/26/2026 10:43:33 PM
6259B,N,O,03/27/2026 06:55:44 AM
6260A,N,O,03/27/2026 09:13:34 AM
6260B,N,O,03/27/2026 11:32:41 AM
6262B,N,O,03/27/2026 12:11:21 PM
6263A,N,O,03/27/2026 08:26:51 AM
6263B,N,O,03/27/2026 12:08:12 PM
6267A,N,O,03/27/2026 07:06:09 AM
6267B,N,O,03/27/2026 11:40:58 AM
6273B,N,O,03/27/2026 06:56:50 AM
6274A,N,O,03/27/2026 06:55:47 AM
6274B,N,O,03/27/2026 10:22:28 AM
6275A,N,O,03/27/2026 11:50:30 AM
6276A,N,O,03/27/2026 09:09:37 AM
6276B,N,O,03/27/2026 12:16:43 PM
6277A,N,O,03/27/2026 12:01:35 PM
6277B,N,O,03/27/2026 06:58:18 AM
6281B,N,O,03/27/2026 10:52:12 AM
6282A,N,O,03/27/2026 08:27:52 AM
6282B,N,O,03/27/2026 08:27:49 AM
6283A,N,O,03/27/2026 12:16:04 PM
6284A,N,O,03/27/2026 06:55:46 AM
6284B,N,O,03/26/2026 06:56:10 AM
6285A,N,O,03/27/2026 09:18:29 AM
6286B,N,O,03/27/2026 06:58:44 AM
6287A,N,O,03/27/2026 12:22:57 PM
6287B,N,O,03/27/2026 12:22:46 PM
6291A,N,V,03/27/2026 11:45:10 AM
6291B,N,O,03/27/2026 06:58:47 AM
6292A,N,O,03/27/2026 09:32:15 AM
6292B,N,O,03/26/2026 10:57:31 AM
6293A,N,O,03/27/2026 10:11:24 AM
6293B,N,O,03/27/2026 07:34:10 AM
6294A,N,O,03/27/2026 06:55:51 AM
6294B,N,O,03/27/2026 06:55:44 AM
6295A,N,O,03/27/2026 08:35:20 AM
6295B,N,O,03/27/2026 06:59:43 AM
6296A,N,O,03/27/2026 10:12:04 AM
6296B,N,O,03/27/2026 11:09:38 AM
6297A,N,O,03/27/2026 11:51:19 AM
6297B,N,O,03/27/2026 06:58:03 AM
6298A,N,O,03/27/2026 10:27:13 AM
62A,N,V,03/27/2026 12:26:44 PM
62B,N,O,03/27/2026 12:27:43 PM
6301A,N,O,03/27/2026 08:22:36 AM
6301B,N,O,03/27/2026 10:40:46 AM
6302A,N,O,03/27/2026 10:03:05 AM
6302B,N,O,03/27/2026 06:57:51 AM
6306B,N,O,03/27/2026 06:58:59 AM
6307A,N,O,03/27/2026 06:57:46 AM
6307B,N,O,03/27/2026 08:38:52 AM
6308A,N,O,03/27/2026 06:56:56 AM
6308B,N,O,03/27/2026 06:56:53 AM
6309A,N,O,03/26/2026 09:30:41 PM
6309B,N,O,03/27/2026 11:03:21 AM
6314A,N,O,03/27/2026 10:51:23 AM
6314B,N,O,03/27/2026 11:56:42 AM
6315A,N,O,03/27/2026 12:05:21 PM
6315B,N,O,03/27/2026 12:04:17 PM
6316A,N,O,03/27/2026 06:58:43 AM
6316B,N,O,03/27/2026 12:03:32 PM
6318B,N,O,03/27/2026 12:17:30 PM
6319A,N,V,03/27/2026 12:27:06 PM
6319B,N,O,03/27/2026 12:27:36 PM
6320A,N,O,03/27/2026 11:05:16 AM
6320B,NU,O,03/27/2026 08:30:50 AM
6322A,N,O,03/27/2026 12:19:36 PM
6322B,N,O,03/27/2026 10:46:55 AM
6323A,N,O,03/27/2026 11:44:29 AM
6323B,N,O,03/27/2026 06:56:43 AM
6324B,N,O,03/27/2026 12:05:45 PM
6326A,N,O,03/27/2026 08:26:36 AM
6326B,N,O,03/27/2026 11:28:28 AM
6327A,N,O,03/27/2026 12:11:55 PM
6327B,N,O,03/27/2026 11:18:00 AM
6328A,N,O,03/27/2026 12:05:17 PM
6328B,N,O,03/27/2026 09:21:37 AM
6329A,N,O,03/27/2026 09:50:49 AM
6329B,N,O,03/27/2026 09:01:16 AM
6330A,N,O,03/27/2026 09:14:15 AM
6330B,N,O,03/27/2026 11:47:08 AM
6331A,N,O,03/27/2026 08:17:52 AM
6334A,N,O,03/27/2026 09:01:33 AM
6334B,N,V,03/27/2026 12:27:04 PM
6335A,N,O,03/27/2026 11:55:24 AM
6335B,N,O,03/27/2026 08:58:11 AM
6336A,N,O,03/27/2026 12:07:43 PM
6339B,N,O,03/27/2026 06:55:57 AM
6340A,N,O,03/27/2026 12:10:36 PM
6340B,N,O,03/27/2026 06:59:56 AM
6341A,N,O,03/27/2026 08:05:19 AM
6341B,N,O,03/27/2026 06:58:56 AM
6342B,N,V,03/27/2026 12:23:42 PM
6347A,N,O,03/27/2026 10:34:47 AM
6348A,N,O,03/27/2026 08:33:50 AM
6348B,N,O,03/27/2026 11:52:09 AM
6349A,N,O,03/27/2026 09:18:27 AM
6349B,N,O,03/27/2026 12:21:18 PM
6350A,N,O,03/27/2026 09:48:31 AM
6350B,N,O,03/27/2026 12:09:37 PM
6351A,N,O,03/27/2026 11:59:09 AM
6351B,N,O,03/27/2026 10:26:53 AM
6352A,N,O,03/27/2026 11:47:14 AM
6352B,N,O,03/27/2026 12:04:21 PM
6353A,N,O,03/27/2026 11:06:49 AM
6353B,N,O,03/27/2026 09:31:29 AM
6354A,N,O,03/27/2026 11:49:02 AM
6354B,N,O,03/27/2026 08:23:48 AM
6358A,N,O,03/27/2026 08:20:15 AM
6358B,N,O,03/27/2026 11:17:39 AM
6359A,N,O,03/27/2026 06:55:56 AM
6359B,N,O,03/27/2026 11:21:51 AM
6360A,N,O,03/27/2026 07:36:50 AM
6360B,N,O,03/27/2026 08:16:18 AM
6361A,N,O,03/27/2026 12:10:19 PM
6361B,N,O,03/27/2026 12:10:15 PM
6362A,N,O,03/27/2026 09:35:12 AM
6362B,N,O,03/27/2026 10:28:14 AM
6363A,N,O,03/27/2026 10:24:53 AM
6363B,N,O,03/27/2026 10:43:41 AM
6364A,N,O,03/27/2026 11:17:04 AM
6364B,N,O,03/27/2026 08:52:50 AM
6365A,N,O,03/27/2026 11:17:58 AM
6365B,N,O,03/27/2026 12:17:32 PM
6369A,N,O,03/27/2026 10:09:43 AM
6369B,N,O,03/27/2026 11:58:57 AM
6370A,N,O,03/27/2026 06:59:52 AM
6370B,N,O,03/27/2026 12:19:50 PM
6371A,N,O,03/27/2026 08:19:48 AM
6371B,N,O,03/27/2026 06:58:52 AM
6376A,N,O,03/27/2026 07:58:55 AM
6377A,N,O,03/27/2026 10:57:46 AM
6377B,N,O,03/27/2026 12:15:48 PM
6379A,N,O,03/27/2026 12:02:36 PM
6379B,N,O,03/27/2026 12:26:42 PM
6380A,N,O,03/27/2026 11:28:51 AM
6380B,N,O,03/27/2026 11:31:12 AM
6381A,N,O,03/27/2026 08:08:44 AM
6381B,N,O,03/27/2026 07:58:48 AM
6382B,N,O,03/27/2026 12:01:33 PM
6383A,N,V,03/27/2026 12:27:28 PM
6383B,N,V,03/27/2026 12:22:43 PM
6386B,N,O,03/27/2026 07:58:52 AM
6387A,N,O,03/27/2026 07:57:44 AM
6387B,N,O,03/27/2026 11:48:02 AM
6388A,N,O,03/27/2026 10:03:04 AM
6388B,N,O,03/27/2026 07:56:54 AM
6389B,N,O,03/27/2026 10:28:32 AM
6390A,N,O,03/27/2026 07:59:49 AM
6390B,N,O,03/27/2026 11:48:05 AM
6391A,N,O,03/27/2026 07:58:49 AM
6392A,N,O,03/27/2026 07:57:47 AM
6393A,N,O,03/27/2026 07:58:35 AM
6393B,N,O,03/27/2026 07:56:48 AM
6394A,N,O,03/27/2026 07:55:47 AM
6394B,N,O,03/27/2026 10:35:28 AM
6395A,N,O,03/27/2026 11:49:03 AM
6395B,N,O,03/27/2026 12:11:21 PM
6396A,N,O,03/27/2026 11:42:06 AM
6396B,N,O,03/27/2026 12:13:55 PM
6397A,N,O,03/27/2026 10:57:21 AM
6397B,N,O,03/27/2026 08:28:45 AM
6399A,N,O,03/27/2026 11:50:57 AM
63A,N,O,03/27/2026 11:32:11 AM
63B,N,V,03/27/2026 11:41:06 AM
6400A,N,O,03/27/2026 12:06:25 PM
6400B,N,O,03/27/2026 12:07:24 PM
6401A,N,O,03/27/2026 10:42:42 AM
6402A,N,O,03/27/2026 07:45:29 AM
6402B,N,O,03/27/2026 09:31:49 AM
6403A,N,O,03/27/2026 12:05:48 PM
6403B,N,O,03/27/2026 11:57:48 AM
6404A,N,O,03/27/2026 11:12:21 AM
6404B,N,V,03/27/2026 10:31:45 AM
6407A,N,V,03/27/2026 12:27:33 PM
6407B,N,O,03/27/2026 08:36:53 AM
6408A,N,O,03/27/2026 10:18:40 AM
6408B,N,O,03/27/2026 10:19:11 AM
6409A,N,O,03/27/2026 06:56:51 AM
6409B,N,O,03/27/2026 06:55:47 AM
6410A,N,O,03/27/2026 06:59:50 AM
6410B,N,O,03/27/2026 10:25:48 AM
6411A,N,O,03/27/2026 06:58:55 AM
6411B,N,O,03/27/2026 06:58:55 AM
6412A,N,O,03/27/2026 08:18:15 AM
6412B,N,O,03/27/2026 08:21:35 AM
6414B,N,V,03/27/2026 08:55:05 AM
6415A,N,O,03/27/2026 10:51:17 AM
6415B,N,O,03/27/2026 12:03:59 PM
6416A,N,O,03/27/2026 09:11:10 AM
6416B,N,O,03/27/2026 09:21:32 AM
6417A,N,O,03/27/2026 11:38:59 AM
6417B,N,O,03/27/2026 08:32:33 AM
6418A,N,O,03/27/2026 06:56:50 AM
6418B,N,O,03/27/2026 10:39:38 AM
6419A,N,O,03/27/2026 06:55:42 AM
6419B,N,O,03/26/2026 10:06:28 AM
6420A,N,O,03/26/2026 09:43:20 PM
6420B,N,O,03/27/2026 06:59:48 AM
6421A,N,O,03/27/2026 06:58:51 AM
6421B,N,O,03/27/2026 10:56:57 AM
6426A,N,O,03/27/2026 12:06:53 PM
6426B,N,O,03/27/2026 06:58:52 AM
6427A,N,O,03/27/2026 06:57:51 AM
6427B,N,O,03/27/2026 08:01:31 AM
6428A,N,O,03/27/2026 06:56:52 AM
6428B,N,O,03/27/2026 10:40:04 AM
6429A,N,O,03/27/2026 06:55:48 AM
6429B,N,O,03/27/2026 06:55:45 AM
642A,N,O,03/27/2026 07:44:32 AM
642B,N,O,03/27/2026 11:54:11 AM
6430A,N,O,03/27/2026 06:59:47 AM
6430B,N,O,03/27/2026 09:18:07 AM
6431A,N,O,03/27/2026 11:48:11 AM
6431B,N,O,03/27/2026 06:58:44 AM
6432A,N,O,03/27/2026 10:56:46 AM
6432B,N,O,03/27/2026 11:09:44 AM
6433A,N,O,03/27/2026 06:56:53 AM
6433B,N,O,03/26/2026 06:56:48 AM
6434A,N,O,03/27/2026 09:40:15 AM
6434B,N,O,03/27/2026 06:55:45 AM
6435A,N,O,03/27/2026 06:59:50 AM
6435B,N,O,03/27/2026 06:59:50 AM
6436A,N,V,03/27/2026 11:16:05 AM
6436B,N,O,03/27/2026 09:11:32 AM
6439A,N,O,03/27/2026 06:55:46 AM
6439B,N,O,03/27/2026 06:56:27 AM
643A,N,O,03/27/2026 06:56:48 AM
643B,N,O,03/27/2026 12:07:44 PM
6440A,N,O,03/26/2026 06:59:50 AM
6440B,N,O,03/27/2026 06:59:52 AM
6441B,N,O,03/27/2026 06:58:46 AM
6442A,N,O,03/27/2026 06:57:51 AM
6442B,N,O,03/27/2026 09:01:51 AM
6443A,N,O,03/27/2026 06:56:52 AM
6443B,N,O,03/27/2026 06:57:00 AM
6444B,N,O,03/27/2026 06:55:59 AM
6446A,N,O,03/27/2026 06:58:50 AM
6446B,N,O,03/27/2026 10:57:26 AM
6447A,N,O,03/27/2026 06:57:49 AM
6447B,N,O,03/27/2026 06:58:05 AM
6448A,N,O,03/27/2026 06:56:47 AM
6448B,N,O,03/27/2026 06:56:44 AM
6449A,N,O,03/27/2026 06:55:58 AM
6449B,N,O,03/27/2026 06:56:02 AM
6450A,N,O,03/27/2026 11:33:14 AM
6451A,N,O,03/27/2026 08:40:05 AM
6452A,N,O,03/27/2026 09:29:22 AM
6452B,N,O,03/27/2026 10:42:38 AM
6453A,N,O,03/27/2026 11:19:00 AM
6453B,N,O,03/27/2026 10:55:36 AM
6454A,N,O,03/27/2026 09:24:15 AM
6454B,N,O,03/27/2026 07:45:16 AM
6455A,N,O,03/27/2026 09:54:04 AM
6455B,N,O,03/27/2026 07:36:34 AM
6456A,N,V,03/27/2026 12:23:30 PM
6456B,N,O,03/27/2026 10:49:39 AM
6457A,N,O,03/27/2026 06:57:49 AM
6457B,N,V,03/27/2026 11:02:54 AM
6458A,N,O,03/26/2026 09:05:30 PM
6458B,N,O,03/27/2026 10:24:55 AM
6460B,N,O,03/27/2026 09:30:08 AM
6461A,N,O,03/27/2026 08:59:21 AM
6461B,N,O,03/27/2026 08:04:48 AM
6462A,N,O,03/27/2026 09:00:16 AM
6462B,N,V,03/27/2026 12:27:38 PM
6463A,N,O,03/27/2026 11:00:24 AM
6463B,N,O,03/26/2026 06:56:42 AM
6464A,N,O,03/27/2026 09:15:17 AM
6464B,N,O,03/27/2026 12:09:15 PM
6465A,N,O,03/27/2026 09:06:36 AM
6465B,N,O,03/27/2026 12:17:21 PM
6466A,N,O,03/27/2026 10:19:10 AM
6466B,N,O,03/27/2026 08:31:55 AM
6467A,N,O,03/27/2026 06:57:52 AM
6467B,N,O,03/27/2026 09:45:26 AM
6468A,N,O,03/27/2026 11:51:08 AM
6468B,N,O,03/27/2026 11:36:51 AM
6469B,N,O,03/27/2026 07:56:03 AM
6472A,N,O,03/27/2026 10:37:18 AM
6472B,N,O,03/27/2026 09:16:16 AM
6473A,N,O,03/27/2026 09:30:49 AM
6475B,N,O,03/27/2026 09:02:04 AM
6476A,N,O,03/27/2026 12:11:38 PM
6476B,N,V,03/27/2026 12:16:08 PM
6477A,N,O,03/27/2026 11:04:54 AM
6477B,N,O,03/27/2026 11:54:41 AM
6478A,N,O,03/27/2026 10:03:49 AM
6478B,N,O,03/27/2026 11:38:22 AM
6479A,N,V,03/27/2026 12:27:19 PM
6479B,N,O,03/27/2026 10:30:46 AM
6480A,N,O,03/27/2026 09:03:18 AM
6480B,N,O,03/27/2026 10:19:44 AM
6481A,N,O,03/27/2026 12:00:28 PM
6481B,N,O,03/27/2026 12:07:51 PM
6482A,N,O,03/27/2026 09:13:43 AM
6482B,N,O,03/27/2026 06:57:42 AM
6490A,N,O,03/27/2026 09:19:48 AM
6490B,N,O,03/27/2026 12:14:56 PM
6493B,N,O,03/27/2026 11:21:36 AM
6494B,N,O,03/27/2026 10:41:52 AM
6496A,N,O,03/27/2026 10:58:14 AM
6497A,N,O,03/27/2026 12:12:43 PM
6498A,N,O,03/27/2026 11:24:19 AM
6498B,N,O,03/27/2026 11:38:26 AM
6499A,N,O,03/27/2026 10:11:34 AM
6499B,N,V,03/27/2026 12:27:32 PM
64A,N,O,03/27/2026 11:49:21 AM
64B,N,O,03/27/2026 06:55:51 AM
6500A,N,O,03/27/2026 11:52:17 AM
6500B,N,O,03/27/2026 12:13:20 PM
6501A,N,O,03/27/2026 10:26:46 AM
6501B,N,O,03/27/2026 11:14:07 AM
6502A,N,O,03/27/2026 12:01:14 PM
6502B,N,O,03/27/2026 11:56:17 AM
6503A,N,O,03/27/2026 12:03:26 PM
6506A,N,O,03/27/2026 12:15:12 PM
6507B,N,O,03/27/2026 12:23:49 PM
6508B,N,O,03/27/2026 11:24:12 AM
6520A,N,V,03/27/2026 12:20:53 PM
6520B,N,O,03/27/2026 11:36:26 AM
6521A,N,O,03/27/2026 12:11:25 PM
6521B,N,O,03/27/2026 10:40:07 AM
6522A,N,O,03/27/2026 08:58:38 AM
6522B,N,O,03/27/2026 08:59:21 AM
6523A,N,O,03/27/2026 08:58:00 AM
6523B,N,V,03/27/2026 12:23:34 PM
6524A,N,O,03/27/2026 09:16:23 AM
6524B,N,O,03/27/2026 12:27:40 PM
6525A,N,O,03/27/2026 12:15:05 PM
6525B,N,O,03/27/2026 08:26:32 AM
6526A,N,O,03/27/2026 11:45:03 AM
6526B,N,O,03/27/2026 08:11:37 AM
6538A,N,O,03/27/2026 12:27:38 PM
6538B,N,O,03/27/2026 09:53:36 AM
6539A,N,O,03/27/2026 10:53:47 AM
6539B,N,O,03/27/2026 11:36:44 AM
6540A,N,O,03/27/2026 08:44:19 AM
6540B,N,O,03/27/2026 12:18:17 PM
6543A,N,O,03/27/2026 12:14:40 PM
6543B,N,O,03/27/2026 12:05:40 PM
6544A,N,O,03/27/2026 10:50:01 AM
6544B,N,O,03/27/2026 07:41:50 AM
6545A,N,O,03/27/2026 07:44:05 AM
6545B,N,O,03/27/2026 11:10:43 AM
6546A,N,O,03/27/2026 10:24:43 AM
6546B,N,O,03/27/2026 08:40:39 AM
6547A,N,O,03/27/2026 12:18:22 PM
6547B,N,O,03/27/2026 07:39:14 AM
6548A,N,O,03/27/2026 11:24:08 AM
6548B,N,O,03/27/2026 11:39:35 AM
6549A,N,O,03/27/2026 12:06:53 PM
6549B,N,O,03/27/2026 08:39:32 AM
6550A,N,O,03/27/2026 09:39:39 AM
6550B,N,O,03/27/2026 10:03:35 AM
6551A,N,O,03/27/2026 09:52:43 AM
6551B,N,O,03/27/2026 10:31:22 AM
6552A,N,O,03/27/2026 12:03:55 PM
6552B,N,O,03/27/2026 12:09:31 PM
6553B,N,O,03/27/2026 06:56:49 AM
6556A,N,O,03/27/2026 12:06:04 PM
6556B,N,O,03/27/2026 12:00:26 PM
6557A,N,O,03/27/2026 11:34:40 AM
6557B,N,O,03/27/2026 11:45:40 AM
6558A,N,O,03/27/2026 11:30:18 AM
6558B,N,V,03/27/2026 11:13:06 AM
6559A,N,O,03/27/2026 11:39:14 AM
6559B,N,O,03/27/2026 11:37:10 AM
6560A,N,O,03/27/2026 11:58:04 AM
6560B,N,O,03/27/2026 10:46:33 AM
6561A,N,O,03/27/2026 11:02:34 AM
6561B,N,O,03/27/2026 12:19:16 PM
6562A,N,O,03/27/2026 10:30:25 AM
6562B,N,O,03/27/2026 11:04:24 AM
6563A,N,O,03/27/2026 11:43:26 AM
6563B,N,O,03/27/2026 12:02:09 PM
6564B,N,V,03/27/2026 11:20:18 AM
6567B,N,O,03/27/2026 08:17:47 AM
6568A,N,O,03/27/2026 08:56:10 AM
6568B,N,O,03/27/2026 12:24:22 PM
6569A,N,O,03/27/2026 11:33:56 AM
6569B,N,O,03/27/2026 07:57:59 AM
6573A,N,O,03/27/2026 11:34:44 AM
6573B,N,O,03/27/2026 09:33:05 AM
6584A,N,V,03/26/2026 11:58:27 AM
6584B,N,O,03/27/2026 09:03:06 AM
6585A,N,O,03/27/2026 06:59:44 AM
6586A,N,O,03/27/2026 12:16:03 PM
6587A,N,O,03/27/2026 12:15:06 PM
6587B,N,O,03/27/2026 08:20:54 AM
6590A,N,O,03/27/2026 12:03:35 PM
6590B,N,O,03/27/2026 10:22:03 AM
6592A,N,O,03/27/2026 08:08:08 AM
6592B,N,O,03/27/2026 08:05:41 AM
6594A,N,O,03/27/2026 11:46:27 AM
6594B,N,O,03/27/2026 08:16:46 AM
6595A,N,O,03/27/2026 12:06:11 PM
6595B,N,O,03/27/2026 11:55:52 AM
6596A,N,O,03/27/2026 12:12:47 PM
6596B,N,O,03/27/2026 10:47:30 AM
6597A,N,O,03/27/2026 12:13:32 PM
6597B,N,O,03/27/2026 10:55:14 AM
6598A,N,O,03/27/2026 06:56:57 AM
6598B,N,O,03/27/2026 08:04:14 AM
65A,N,V,03/27/2026 12:18:57 PM
6600A,N,O,03/27/2026 12:17:31 PM
6601A,N,O,03/27/2026 10:31:55 AM
6601B,N,O,03/27/2026 08:01:10 AM
6602A,N,O,03/27/2026 11:37:49 AM
6602B,N,O,03/27/2026 11:29:23 AM
6603A,N,O,03/27/2026 11:18:47 AM
6603B,N,O,03/27/2026 06:56:46 AM
6604A,N,O,03/27/2026 11:22:34 AM
6604B,N,O,03/27/2026 12:14:31 PM
6605A,N,O,03/27/2026 07:35:13 AM
6605B,N,O,03/27/2026 08:41:46 AM
6606A,N,O,03/27/2026 09:19:55 AM
6606B,N,O,03/27/2026 11:18:56 AM
6607A,N,O,03/27/2026 10:31:24 AM
6607B,N,O,03/27/2026 08:56:22 AM
6608A,N,O,03/27/2026 10:44:11 AM
6608B,N,O,03/27/2026 11:47:05 AM
6609A,N,O,03/27/2026 10:42:26 AM
6609B,N,O,03/27/2026 11:12:02 AM
6610A,N,O,03/27/2026 11:39:30 AM
6610B,N,O,03/27/2026 12:23:41 PM
6611A,N,O,03/27/2026 10:59:12 AM
6611B,N,O,03/27/2026 12:00:49 PM
6617A,N,O,03/27/2026 09:06:02 AM
6617B,N,O,03/27/2026 06:57:47 AM
6618A,N,O,03/27/2026 11:49:39 AM
6618B,N,O,03/27/2026 11:08:02 AM
6619A,N,O,03/27/2026 11:33:40 AM
6619B,N,O,03/27/2026 10:11:50 AM
6620A,N,O,03/27/2026 06:59:52 AM
6620B,N,O,03/27/2026 12:16:10 PM
6621A,N,O,03/27/2026 12:00:05 PM
6621B,N,O,03/27/2026 12:02:00 PM
6622A,N,O,03/27/2026 11:43:35 AM
6622B,N,O,03/27/2026 09:55:48 AM
6623A,N,O,03/27/2026 09:25:52 AM
6623B,N,O,03/27/2026 12:07:52 PM
6624A,N,O,03/27/2026 12:21:24 PM
6624B,N,O,03/27/2026 11:40:05 AM
6625A,N,O,03/27/2026 12:24:25 PM
6625B,N,O,03/27/2026 12:24:25 PM
6626A,N,O,03/27/2026 11:33:04 AM
6626B,N,O,03/27/2026 09:41:05 AM
6627A,N,O,03/27/2026 07:33:27 AM
6627B,N,O,03/27/2026 09:57:26 AM
6628A,N,O,03/27/2026 12:20:52 PM
6628B,N,O,03/27/2026 07:01:18 AM
6629A,N,O,03/27/2026 08:04:19 AM
6629B,N,O,03/27/2026 11:02:46 AM
6635A,N,O,03/27/2026 10:28:27 AM
6635B,N,O,03/27/2026 09:15:47 AM
6636A,N,O,03/27/2026 12:02:07 PM
6636B,N,O,03/27/2026 06:58:54 AM
6637A,N,O,03/27/2026 12:08:10 PM
6637B,N,O,03/27/2026 10:40:38 AM
6638A,N,O,03/27/2026 09:40:53 AM
6640A,N,O,03/27/2026 11:22:05 AM
6640B,N,O,03/27/2026 08:48:03 AM
6641A,N,O,03/27/2026 10:43:20 AM
6641B,N,O,03/27/2026 11:34:54 AM
6642A,N,O,03/27/2026 11:35:02 AM
6643A,N,O,03/27/2026 12:11:21 PM
6643B,N,O,03/27/2026 10:59:58 AM
6644A,N,O,03/27/2026 07:53:41 AM
6646A,N,O,03/27/2026 10:12:25 AM
6646B,N,O,03/27/2026 12:21:33 PM
6647A,N,O,03/27/2026 12:22:26 PM
6647B,N,O,03/27/2026 07:34:20 AM
6648B,N,O,03/27/2026 07:09:26 AM
6649A,N,O,03/27/2026 10:47:47 AM
6649B,N,O,03/27/2026 12:16:47 PM
6650A,N,V,03/27/2026 12:27:43 PM
6650B,N,V,03/27/2026 12:14:48 PM
6651A,N,O,03/27/2026 12:13:53 PM
6651B,N,O,03/27/2026 11:38:35 AM
6653A,N,O,03/27/2026 12:24:47 PM
6653B,N,O,03/27/2026 12:27:32 PM
6654A,N,O,03/27/2026 12:24:36 PM
6654B,N,O,03/27/2026 08:51:26 AM
6655A,N,V,03/27/2026 12:16:22 PM
6656A,N,V,03/27/2026 12:00:01 PM
6656B,N,O,03/27/2026 12:21:45 PM
6657A,N,O,03/27/2026 09:35:16 AM
6658A,N,O,01/27/2026 09:42:47 PM
6659A,N,O,03/27/2026 12:27:28 PM
6660B,N,O,03/27/2026 12:16:06 PM
6661A,N,O,03/27/2026 06:58:48 AM
6670A,N,O,03/27/2026 11:34:14 AM
6671A,N,O,03/27/2026 08:51:41 AM
6671B,N,O,03/27/2026 10:27:44 AM
6672A,N,O,03/27/2026 11:40:17 AM
6672B,N,V,03/27/2026 12:17:56 PM
6673A,N,V,03/27/2026 11:00:47 AM
6673B,N,V,03/27/2026 07:34:14 AM
6674A,N,O,03/27/2026 10:27:56 AM
6674B,N,O,03/27/2026 10:43:40 AM
6680A,N,O,03/27/2026 11:59:10 AM
6680B,N,O,03/27/2026 12:27:04 PM
6681A,N,V,03/27/2026 12:16:42 PM
6686A,N,O,03/27/2026 06:58:51 AM
6686B,N,O,03/27/2026 06:58:51 AM
6687A,N,O,03/27/2026 11:06:04 AM
6687B,N,O,03/27/2026 11:50:56 AM
6688A,N,O,03/27/2026 12:26:06 PM
6688B,N,O,03/27/2026 11:42:20 AM
6689A,N,O,03/27/2026 12:15:26 PM
6689B,N,O,03/27/2026 12:19:26 PM
6690A,N,V,03/27/2026 12:27:25 PM
6690B,N,O,03/27/2026 11:58:36 AM
6691A,N,O,03/27/2026 12:09:36 PM
6692A,N,O,03/27/2026 07:58:53 AM
6692B,N,O,03/27/2026 11:39:22 AM
6694A,N,O,03/27/2026 11:36:01 AM
6694B,N,O,03/27/2026 06:55:43 AM
6695A,N,O,03/27/2026 09:28:21 AM
6695B,N,O,03/27/2026 10:03:21 AM
6696A,N,O,03/27/2026 11:56:16 AM
6696B,N,O,03/27/2026 11:40:16 AM
6697B,N,O,03/27/2026 08:14:05 AM
6698A,N,O,03/27/2026 11:27:20 AM
6698B,N,O,03/27/2026 12:01:30 PM
6699A,N,O,03/27/2026 12:23:20 PM
6699B,N,O,03/27/2026 12:26:41 PM
66A,N,O,03/27/2026 12:27:41 PM
66B,N,O,03/27/2026 12:01:01 PM
6700A,N,V,03/27/2026 11:39:15 AM
6700B,N,V,03/27/2026 12:24:00 PM
6701A,N,V,03/27/2026 11:49:47 AM
6701B,N,O,03/27/2026 12:06:39 PM
6702A,N,V,03/27/2026 12:08:05 PM
6704A,NU,V,03/26/2026 11:56:32 PM
6704B,NU,V,03/26/2026 11:46:08 PM
6705A,NU,V,03/26/2026 11:59:38 PM
6705B,NU,V,03/26/2026 11:32:24 PM
6706A,NU,V,03/26/2026 11:51:25 PM
6706B,NU,V,03/26/2026 11:41:32 PM
6707A,NU,V,03/26/2026 06:18:26 PM
6707B,NU,O,03/26/2026 06:46:53 PM
6710A,NU,V,03/26/2026 11:15:09 PM
6710B,NU,O,03/26/2026 11:52:48 PM
6711A,NU,O,03/26/2026 11:59:08 PM
6711B,NU,V,03/26/2026 11:58:13 PM
6712A,NU,V,03/26/2026 11:54:15 PM
6712B,NU,O,03/26/2026 06:24:22 PM
6713A,N,V,03/27/2026 12:06:07 PM
6713B,N,V,03/27/2026 12:06:47 PM
6714B,N,O,03/27/2026 08:33:48 AM
6715A,N,O,03/27/2026 11:52:51 AM
6715B,N,O,03/27/2026 12:22:51 PM
6716A,N,O,03/27/2026 06:58:58 AM
6716B,N,O,03/27/2026 12:26:08 PM
6717B,N,O,03/27/2026 06:57:50 AM
6718A,N,O,03/27/2026 06:56:41 AM
6720A,N,O,03/27/2026 11:33:40 AM
6721A,N,O,03/27/2026 11:18:06 AM
6721B,N,O,03/27/2026 12:03:12 PM
6722A,N,O,03/27/2026 11:21:43 AM
6722B,N,O,03/27/2026 11:47:09 AM
6723A,N,O,03/27/2026 11:56:14 AM
6723B,N,O,03/27/2026 12:00:56 PM
6726B,N,O,03/27/2026 08:01:14 AM
6727B,N,O,03/27/2026 06:57:49 AM
6728A,N,O,03/27/2026 10:43:11 AM
6728B,N,O,03/27/2026 11:12:42 AM
672A,N,O,03/27/2026 10:44:37 AM
672B,N,O,03/27/2026 12:26:19 PM
6730A,N,O,03/27/2026 11:57:43 AM
6730B,N,O,03/27/2026 11:52:04 AM
6731A,N,O,03/27/2026 07:48:40 AM
6731B,N,V,03/27/2026 12:26:45 PM
6734A,N,O,03/27/2026 09:26:34 AM
6734B,N,O,03/27/2026 12:11:18 PM
6735A,N,O,03/27/2026 11:08:51 AM
6735B,N,O,03/27/2026 08:24:28 AM
6736A,N,O,03/27/2026 11:21:06 AM
6736B,N,O,03/27/2026 11:26:00 AM
6737B,N,O,03/27/2026 12:04:33 PM
6738A,N,V,03/27/2026 12:20:29 PM
6738B,N,O,03/27/2026 11:59:43 AM
6739A,N,O,03/27/2026 10:56:53 AM
6739B,N,O,03/27/2026 06:55:43 AM
673A,N,O,03/27/2026 11:59:37 AM
673B,N,V,03/27/2026 10:52:17 AM
6741A,N,O,03/27/2026 12:09:39 PM
6741B,N,O,03/27/2026 11:50:20 AM
6742A,N,O,03/27/2026 10:56:28 AM
6742B,N,O,03/27/2026 12:08:55 PM
6743A,N,O,03/27/2026 06:56:43 AM
6743B,N,O,03/27/2026 12:07:34 PM
6744A,N,O,03/27/2026 06:55:51 AM
6744B,N,V,03/27/2026 12:25:44 PM
6745A,N,O,03/27/2026 12:13:57 PM
6745B,N,O,03/27/2026 09:14:16 AM
6746A,N,O,03/27/2026 12:08:15 PM
6746B,N,O,03/27/2026 11:48:49 AM
6747A,N,O,03/27/2026 12:22:44 PM
6747B,N,O,03/27/2026 10:25:58 AM
6748A,N,O,03/27/2026 10:03:09 AM
6748B,N,O,03/27/2026 11:18:54 AM
6749A,N,O,03/27/2026 12:02:24 PM
6749B,N,O,03/27/2026 11:53:42 AM
674A,N,O,03/27/2026 11:51:35 AM
674B,N,O,03/27/2026 12:15:27 PM
6750A,N,O,03/27/2026 09:00:38 AM
6750B,N,O,03/27/2026 09:34:39 AM
6751A,N,O,03/27/2026 06:58:48 AM
6751B,N,O,03/27/2026 12:19:19 PM
6752A,N,O,03/27/2026 11:33:07 AM
6752B,N,O,03/27/2026 06:57:47 AM
6754A,N,O,03/27/2026 11:18:40 AM
6754B,N,O,03/27/2026 11:36:18 AM
6755A,N,O,03/27/2026 12:19:24 PM
6755B,N,O,03/27/2026 09:30:41 AM
6756B,N,O,03/27/2026 11:43:36 AM
6757A,N,O,03/27/2026 09:25:26 AM
6757B,N,O,03/27/2026 11:52:57 AM
6758A,N,O,03/27/2026 12:02:05 PM
6758B,N,O,03/27/2026 11:48:27 AM
675A,N,O,03/27/2026 12:26:59 PM
675B,N,O,03/27/2026 12:27:25 PM
6761A,N,O,03/27/2026 07:41:37 AM
6761B,N,O,03/27/2026 08:30:03 AM
6762A,N,O,03/27/2026 12:00:08 PM
6762B,N,O,03/27/2026 11:15:50 AM
6763A,N,O,03/27/2026 10:52:55 AM
6763B,N,O,03/27/2026 12:02:37 PM
6764A,N,O,03/27/2026 10:42:15 AM
6764B,N,O,03/27/2026 11:15:53 AM
6766A,N,O,03/27/2026 09:28:51 AM
6766B,N,O,03/27/2026 09:39:10 AM
6767A,N,O,03/27/2026 11:27:32 AM
6767B,N,O,03/27/2026 12:25:14 PM
6768A,N,O,03/27/2026 08:36:42 AM
6768B,N,O,03/27/2026 12:16:06 PM
6769A,N,O,03/27/2026 12:21:09 PM
6769B,N,O,03/27/2026 11:56:49 AM
676B,N,V,03/27/2026 12:26:41 PM
6770A,N,O,03/27/2026 10:47:55 AM
6770B,N,O,03/27/2026 06:59:49 AM
6777A,N,O,03/27/2026 12:22:57 PM
6777B,N,O,03/27/2026 11:39:27 AM
6778A,N,O,03/27/2026 08:28:11 AM
6778B,N,O,03/27/2026 11:12:12 AM
6779A,N,O,03/27/2026 11:16:19 AM
6779B,N,O,03/27/2026 10:20:58 AM
677A,N,O,03/27/2026 12:06:32 PM
677B,N,V,03/27/2026 12:00:20 PM
6780A,N,O,03/27/2026 12:15:24 PM
6780B,N,O,03/27/2026 12:10:08 PM
6781A,N,O,03/27/2026 12:27:11 PM
6781B,N,O,03/27/2026 11:42:32 AM
6782A,N,O,03/27/2026 10:24:28 AM
6782B,N,O,03/27/2026 12:02:34 PM
6783A,N,O,03/27/2026 12:15:40 PM
6783B,N,O,03/27/2026 12:18:46 PM
6784A,N,O,03/27/2026 12:05:43 PM
6784B,N,O,03/27/2026 12:18:49 PM
6785A,N,O,03/27/2026 11:46:20 AM
6785B,N,O,03/27/2026 11:23:47 AM
6786A,N,O,03/27/2026 12:19:23 PM
6786B,N,O,03/27/2026 12:25:10 PM
678A,N,V,03/27/2026 12:25:10 PM
678B,N,O,03/27/2026 12:24:43 PM
6792A,N,O,03/27/2026 11:50:47 AM
6792B,N,O,03/27/2026 10:46:34 AM
6794A,N,O,03/27/2026 06:55:49 AM
6794B,N,O,03/27/2026 12:04:48 PM
6795A,N,O,03/27/2026 12:11:19 PM
6795B,N,O,03/27/2026 12:08:45 PM
6796A,N,V,03/26/2026 02:54:52 PM
6796B,N,O,03/27/2026 11:23:32 AM
6797A,N,O,03/27/2026 12:26:33 PM
6797B,N,O,03/27/2026 12:19:37 PM
6798A,N,O,03/27/2026 12:23:51 PM
6798B,N,O,03/27/2026 11:44:17 AM
679A,N,O,03/27/2026 11:40:44 AM
679B,N,O,03/27/2026 11:40:52 AM
67A,N,V,03/27/2026 12:20:59 PM
6800A,N,O,03/27/2026 06:59:44 AM
6800B,N,O,03/27/2026 06:59:47 AM
6801A,N,O,03/27/2026 11:48:05 AM
6801B,N,O,03/27/2026 11:40:24 AM
6804A,N,O,01/17/2026 04:50:47 PM
6804B,N,O,03/27/2026 12:17:43 PM
6805A,N,O,03/27/2026 11:36:54 AM
6805B,N,O,03/27/2026 10:19:15 AM
6806A,N,O,03/27/2026 12:09:29 PM
6806B,N,O,03/27/2026 12:09:29 PM
6807A,N,O,03/27/2026 11:54:32 AM
6807B,N,O,03/27/2026 12:05:27 PM
6808A,N,O,03/27/2026 11:27:17 AM
6808B,N,O,03/27/2026 11:47:12 AM
6809A,N,O,03/27/2026 11:55:44 AM
6809B,N,O,03/27/2026 06:59:42 AM
680A,N,V,03/27/2026 12:26:30 PM
680B,N,O,03/27/2026 12:24:25 PM
6810A,N,O,03/27/2026 10:10:40 AM
6810B,N,O,03/27/2026 06:59:45 AM
6811A,N,O,03/27/2026 11:58:35 AM
6811B,N,O,03/27/2026 06:58:43 AM
6812B,N,O,03/27/2026 07:57:38 AM
6813A,N,O,03/27/2026 10:24:38 AM
6813B,N,O,03/27/2026 08:10:56 AM
6814B,N,O,03/27/2026 11:57:25 AM
6815A,N,O,03/27/2026 11:58:13 AM
6815B,N,O,03/27/2026 11:49:33 AM
681A,N,O,03/27/2026 11:38:06 AM
681B,N,O,03/27/2026 12:27:42 PM
6820A,N,O,03/27/2026 12:10:11 PM
6820B,N,O,03/27/2026 12:13:34 PM
6822A,N,O,03/27/2026 09:03:05 AM
6822B,N,O,03/27/2026 12:15:52 PM
6823A,N,O,03/27/2026 12:13:57 PM
6823B,N,O,03/27/2026 12:26:14 PM
6824A,N,O,03/27/2026 12:24:46 PM
6824B,N,O,03/27/2026 10:22:59 AM
6825A,N,O,03/27/2026 11:33:22 AM
6825B,N,O,03/27/2026 12:22:11 PM
6826A,N,O,03/27/2026 06:58:50 AM
6828A,N,O,03/27/2026 08:44:41 AM
6828B,N,O,03/27/2026 11:59:32 AM
6829A,N,O,03/27/2026 12:20:06 PM
6829B,N,O,03/27/2026 10:29:46 AM
682A,N,O,03/27/2026 11:47:22 AM
682B,N,O,03/27/2026 11:58:03 AM
6830A,N,O,03/27/2026 09:13:32 AM
6830B,N,O,03/27/2026 10:37:02 AM
6831A,N,O,03/27/2026 12:04:19 PM
6831B,N,O,03/27/2026 12:27:28 PM
6832A,N,O,03/27/2026 12:04:58 PM
6832B,N,V,03/27/2026 12:27:08 PM
6833A,N,O,03/27/2026 11:38:04 AM
6833B,N,O,03/27/2026 12:26:16 PM
6834A,N,O,03/27/2026 12:19:29 PM
6834B,N,O,03/27/2026 12:06:10 PM
6835A,N,O,03/27/2026 11:58:13 AM
6835B,N,O,03/27/2026 10:33:08 AM
6836A,N,O,03/27/2026 09:52:32 AM
6836B,N,O,03/27/2026 12:25:18 PM
6838A,N,O,03/27/2026 11:41:04 AM
6838B,N,O,03/27/2026 12:15:16 PM
6839A,N,O,03/27/2026 06:55:50 AM
6839B,N,O,03/27/2026 06:55:50 AM
683A,N,O,03/27/2026 12:11:41 PM
683B,N,O,03/27/2026 11:17:22 AM
6840A,N,O,03/27/2026 11:29:05 AM
6840B,N,O,03/27/2026 12:16:31 PM
6841A,N,O,03/27/2026 11:22:02 AM
6841B,N,O,03/27/2026 11:56:33 AM
6842A,N,O,03/27/2026 09:07:45 AM
6842B,N,O,03/27/2026 09:30:39 AM
6843A,N,O,03/27/2026 11:21:07 AM
6843B,N,O,03/27/2026 11:22:57 AM
684A,N,V,03/27/2026 11:13:04 AM
684B,N,O,03/27/2026 10:26:22 AM
685A,N,V,03/27/2026 12:23:17 PM
685B,N,O,03/27/2026 11:44:02 AM
6861A,N,O,03/27/2026 10:32:45 AM
6861B,N,O,03/27/2026 08:48:07 AM
6862A,N,V,03/27/2026 12:07:25 PM
6862B,N,O,03/26/2026 05:28:27 PM
6863A,N,O,03/27/2026 09:29:18 AM
6863B,N,O,03/27/2026 12:01:41 PM
6864A,N,O,03/27/2026 12:08:42 PM
6864B,N,O,03/27/2026 07:56:33 AM
6865A,N,O,03/27/2026 06:59:40 AM
6865B,N,O,03/27/2026 11:58:00 AM
6866A,N,O,03/27/2026 09:13:38 AM
6866B,N,O,03/27/2026 11:27:21 AM
6867A,N,O,03/27/2026 08:18:02 AM
6867B,N,O,03/27/2026 10:14:02 AM
6868A,N,O,03/27/2026 06:56:46 AM
6868B,N,O,03/27/2026 06:56:46 AM
6869A,N,O,03/27/2026 06:55:50 AM
6869B,N,O,03/27/2026 11:54:27 AM
686A,N,O,03/27/2026 06:58:47 AM
686B,N,O,03/27/2026 08:59:51 AM
6870A,N,O,03/27/2026 06:59:52 AM
6870B,N,V,03/27/2026 12:27:11 PM
6871A,N,O,03/27/2026 12:25:03 PM
6871B,N,V,03/27/2026 12:22:35 PM
687A,N,O,03/27/2026 08:59:52 AM
687B,N,O,03/27/2026 11:15:09 AM
6881A,N,O,03/27/2026 10:47:42 AM
6881B,N,O,03/27/2026 11:49:04 AM
6882A,N,O,03/27/2026 12:08:07 PM
6882B,N,O,03/27/2026 12:24:40 PM
6883A,N,O,03/27/2026 12:04:44 PM
6884A,N,O,03/27/2026 07:55:49 AM
6884B,N,O,03/27/2026 12:02:03 PM
6885A,N,O,03/27/2026 12:03:55 PM
6885B,N,O,03/27/2026 12:03:55 PM
6886B,N,O,03/27/2026 12:10:06 PM
6888A,N,O,03/27/2026 09:22:33 AM
6888B,N,O,03/27/2026 12:20:12 PM
6889A,N,O,03/27/2026 06:55:40 AM
6889B,N,O,03/27/2026 09:10:50 AM
688A,N,O,03/27/2026 12:20:39 PM
688B,N,O,03/27/2026 12:16:56 PM
6890A,NU,O,03/27/2026 11:28:28 AM
6890B,NU,O,03/27/2026 11:42:18 AM
6891A,N,O,03/27/2026 11:34:50 AM
6891B,N,O,03/27/2026 12:27:31 PM
6892A,N,O,03/27/2026 11:37:45 AM
689A,N,O,03/27/2026 12:17:14 PM
689B,N,O,03/27/2026 08:13:21 AM
690A,N,V,03/27/2026 12:04:01 PM
690B,N,V,03/27/2026 12:03:53 PM
6918A,N,O,03/27/2026 12:05:23 PM
6918B,N,O,03/27/2026 10:56:42 AM
6919A,N,O,03/27/2026 11:36:15 AM
6919B,N,O,03/27/2026 10:26:26 AM
691A,N,O,03/27/2026 10:50:46 AM
691B,N,V,03/27/2026 12:27:12 PM
6920A,N,O,03/27/2026 12:24:38 PM
6920B,N,V,03/27/2026 12:24:26 PM
6921A,N,O,03/27/2026 09:38:20 AM
6921B,N,O,03/27/2026 11:34:03 AM
6922A,N,O,03/27/2026 11:51:59 AM
6922B,N,O,03/27/2026 12:01:05 PM
6923A,N,O,03/27/2026 12:26:00 PM
6923B,N,O,03/27/2026 11:44:15 AM
6924B,N,O,03/27/2026 06:55:51 AM
692A,N,O,03/27/2026 11:28:20 AM
692B,N,O,03/27/2026 10:30:39 AM
6930B,N,O,03/27/2026 11:31:51 AM
6931A,N,O,03/27/2026 12:11:18 PM
6931B,N,O,03/27/2026 11:50:23 AM
6932A,N,O,03/27/2026 12:18:57 PM
6932B,N,O,03/27/2026 09:00:32 AM
6933A,N,O,03/27/2026 11:55:03 AM
6933B,N,O,03/27/2026 10:09:52 AM
6934A,N,O,03/27/2026 11:59:32 AM
6934B,N,O,03/27/2026 11:22:17 AM
6935A,N,O,03/27/2026 11:57:23 AM
6935B,N,O,03/27/2026 08:22:59 AM
6936A,N,O,03/27/2026 11:08:54 AM
6936B,N,O,03/27/2026 12:20:34 PM
6937A,N,O,03/27/2026 12:16:38 PM
6937B,N,O,03/27/2026 06:57:52 AM
6938A,N,O,03/27/2026 12:01:42 PM
6939A,N,O,03/27/2026 11:45:03 AM
6939B,N,V,03/27/2026 12:03:23 PM
693A,N,O,03/27/2026 09:21:13 AM
693B,N,O,03/27/2026 11:40:27 AM
6940A,N,O,03/27/2026 12:22:19 PM
6940B,N,O,03/27/2026 12:26:09 PM
6941A,N,O,03/27/2026 10:58:00 AM
6941B,N,O,03/27/2026 12:00:44 PM
6942A,N,O,03/27/2026 12:09:05 PM
6942B,N,O,03/27/2026 11:42:25 AM
6943A,N,O,03/27/2026 12:08:10 PM
6943B,N,O,03/27/2026 12:05:05 PM
6944A,N,O,03/27/2026 11:40:37 AM
6945A,N,O,03/27/2026 11:58:12 AM
6945B,N,O,03/27/2026 09:42:21 AM
6946A,N,O,03/27/2026 12:01:19 PM
6946B,N,V,03/27/2026 11:58:01 AM
6947A,N,O,03/26/2026 10:28:17 AM
6947B,N,O,03/27/2026 06:57:46 AM
6948A,N,V,03/27/2026 12:27:44 PM
6948B,N,O,03/27/2026 08:12:37 AM
6949A,N,O,03/27/2026 12:26:37 PM
6949B,N,O,03/27/2026 12:12:02 PM
694A,N,O,03/27/2026 12:22:23 PM
694B,N,O,03/27/2026 10:23:13 AM
6950A,N,O,03/27/2026 10:50:26 AM
6950B,N,V,03/27/2026 10:29:24 AM
6951A,N,O,03/27/2026 12:19:38 PM
6951B,N,V,03/27/2026 12:20:33 PM
6952A,N,V,03/27/2026 11:13:04 AM
6954A,N,O,03/27/2026 11:48:48 AM
6954B,N,V,03/27/2026 12:07:58 PM
6955A,N,V,03/27/2026 11:36:29 AM
6955B,N,V,03/27/2026 12:10:53 PM
6956A,N,O,03/27/2026 08:38:43 AM
6956B,N,O,03/27/2026 11:43:23 AM
6957A,NU,V,03/25/2026 12:59:40 PM
6957B,NU,V,03/25/2026 10:45:27 PM
6958A,N,O,03/27/2026 08:16:32 AM
6958B,N,O,03/27/2026 10:18:22 AM
6959A,N,O,03/27/2026 11:23:51 AM
6959B,N,O,03/27/2026 07:55:44 AM
695A,N,V,03/27/2026 11:57:38 AM
695B,N,V,03/27/2026 12:10:22 PM
696A,N,O,03/27/2026 11:33:05 AM
696B,N,O,03/27/2026 11:41:32 AM
697A,N,O,03/27/2026 11:57:15 AM
697B,N,O,03/27/2026 11:51:51 AM
6980B,N,V,03/27/2026 12:24:10 PM
6981A,N,O,03/27/2026 10:56:31 AM
6981B,N,O,03/27/2026 10:51:21 AM
6984A,N,O,03/27/2026 11:54:11 AM
6984B,N,O,03/27/2026 11:54:04 AM
6985A,N,O,03/27/2026 10:49:56 AM
6985B,N,V,03/27/2026 12:26:47 PM
6986A,N,O,03/27/2026 06:58:45 AM
698A,N,O,03/27/2026 12:20:13 PM
698B,N,O,03/27/2026 11:54:10 AM
699A,N,O,03/27/2026 11:34:52 AM
699B,N,O,03/27/2026 12:13:52 PM
6B,N,O,03/27/2026 11:56:09 AM
7009A,N,O,03/27/2026 12:16:20 PM
7009B,N,O,03/27/2026 09:07:06 AM
700B,N,V,01/12/2026 11:56:44 PM
7010A,N,O,03/27/2026 10:12:12 AM
7010B,N,O,03/27/2026 08:38:24 AM
7011A,N,O,03/27/2026 12:10:54 PM
7011B,N,O,03/27/2026 12:05:06 PM
7012A,N,O,03/27/2026 12:10:29 PM
7012B,N,O,03/27/2026 09:37:04 AM
7013A,N,O,03/27/2026 10:25:32 AM
7013B,N,O,03/27/2026 12:07:48 PM
7014A,N,O,03/27/2026 08:14:10 AM
7014B,N,O,03/27/2026 08:02:56 AM
701A,N,O,03/27/2026 06:59:58 AM
702A,N,O,03/27/2026 07:50:42 AM
702B,N,V,03/27/2026 12:27:31 PM
7032A,N,O,03/27/2026 10:49:56 AM
7033A,N,O,03/27/2026 12:21:07 PM
7033B,N,O,03/27/2026 11:33:41 AM
7034B,N,O,03/27/2026 06:55:49 AM
703A,N,O,03/27/2026 06:56:50 AM
703B,N,O,03/27/2026 06:56:50 AM
7043A,N,O,03/27/2026 12:27:22 PM
7044A,N,O,03/27/2026 10:32:34 AM
7044B,N,O,03/27/2026 10:07:48 AM
7045A,N,O,03/27/2026 06:59:40 AM
7045B,N,O,03/27/2026 09:37:14 AM
7046A,N,O,03/27/2026 09:58:47 AM
7046B,N,O,03/27/2026 12:14:13 PM
7047A,N,O,03/27/2026 12:16:49 PM
7047B,N,O,03/27/2026 08:19:05 AM
7048A,N,O,03/27/2026 06:56:52 AM
7048B,N,O,03/27/2026 10:37:15 AM
7049A,N,O,03/27/2026 10:22:03 AM
7049B,N,O,03/27/2026 11:38:47 AM
7050A,N,O,03/27/2026 10:52:02 AM
7050B,N,O,03/27/2026 10:30:44 AM
7051A,N,O,03/27/2026 11:06:58 AM
7051B,N,O,03/26/2026 09:39:31 PM
7052A,N,O,03/27/2026 09:09:57 AM
7052B,N,O,03/27/2026 11:13:40 AM
7053A,N,O,03/27/2026 06:56:48 AM
7053B,N,O,03/27/2026 09:29:40 AM
7054A,N,O,03/27/2026 12:23:32 PM
7054B,N,O,03/27/2026 12:19:36 PM
7055A,N,O,03/27/2026 07:24:45 AM
7055B,N,O,03/27/2026 11:56:11 AM
7056A,N,O,03/27/2026 09:51:46 AM
7056B,N,O,03/27/2026 12:18:27 PM
7057A,N,O,03/27/2026 06:57:43 AM
7057B,N,O,03/27/2026 08:04:39 AM
7067A,N,O,03/27/2026 11:36:10 AM
7067B,N,O,03/27/2026 08:56:16 AM
7068A,N,O,03/27/2026 09:00:50 AM
7068B,N,O,03/27/2026 09:07:35 AM
7069A,N,O,03/27/2026 09:25:37 AM
7069B,N,O,03/27/2026 11:47:37 AM
7070A,N,O,03/27/2026 10:09:17 AM
7070B,N,O,03/27/2026 10:15:58 AM
7071B,N,O,03/27/2026 06:58:48 AM
7072B,N,O,03/27/2026 06:57:45 AM
7073B,N,V,03/27/2026 12:27:38 PM
7074B,N,O,03/27/2026 12:03:35 PM
7075A,N,V,03/27/2026 10:30:02 AM
7083A,N,O,03/27/2026 12:15:40 PM
7083B,N,O,03/27/2026 12:00:37 PM
7084A,N,O,03/27/2026 09:32:51 AM
7084B,N,O,03/27/2026 11:08:23 AM
7085A,N,O,03/27/2026 08:56:21 AM
7085B,N,O,03/27/2026 08:59:36 AM
7086A,N,O,08/05/2025 01:23:48 PM
7086B,N,O,03/27/2026 12:09:53 PM
7087A,N,O,03/27/2026 12:25:38 PM
7087B,N,V,03/27/2026 11:57:55 AM
7088A,N,O,03/27/2026 08:54:51 AM
7088B,N,O,03/27/2026 09:20:12 AM
7095B,N,O,03/27/2026 11:37:08 AM
7096A,N,O,03/27/2026 11:56:26 AM
7096B,N,O,03/27/2026 09:27:58 AM
70A,N,O,03/27/2026 12:25:54 PM
70B,N,O,03/27/2026 11:24:10 AM
7103A,N,O,03/27/2026 06:56:47 AM
7103B,N,O,03/27/2026 11:19:29 AM
7104A,N,O,03/27/2026 06:55:47 AM
7104B,N,O,03/27/2026 11:25:57 AM
7105A,N,O,03/27/2026 06:59:48 AM
7105B,N,O,03/27/2026 12:27:11 PM
7106A,N,O,03/27/2026 06:58:49 AM
7106B,N,O,03/26/2026 06:58:45 AM
7111A,N,O,03/27/2026 11:39:45 AM
7112A,N,O,03/27/2026 09:25:21 AM
7112B,N,O,03/27/2026 11:49:20 AM
7113A,N,O,03/27/2026 10:32:52 AM
7113B,N,O,03/27/2026 07:48:11 AM
7114A,N,O,03/27/2026 12:06:54 PM
7114B,N,O,03/27/2026 12:09:44 PM
7116A,N,O,03/27/2026 09:41:42 AM
7116B,N,O,03/27/2026 08:40:12 AM
7117A,N,O,03/27/2026 11:34:49 AM
7117B,N,O,03/27/2026 09:09:51 AM
7118A,N,O,03/27/2026 11:54:35 AM
7118B,N,O,03/27/2026 08:26:51 AM
7119A,N,O,03/27/2026 12:21:03 PM
7119B,N,O,03/27/2026 12:18:27 PM
711A,N,O,03/27/2026 12:10:51 PM
711B,N,O,03/27/2026 11:42:16 AM
7120A,N,O,03/27/2026 12:06:37 PM
7121A,N,O,03/27/2026 12:15:43 PM
7122A,N,O,03/27/2026 12:26:38 PM
7122B,N,V,03/27/2026 12:24:24 PM
7123A,N,O,03/27/2026 12:25:08 PM
7123B,N,O,03/27/2026 12:25:19 PM
7124A,N,O,03/27/2026 12:13:50 PM
7124B,N,O,03/27/2026 09:36:20 AM
7125A,N,O,03/27/2026 12:17:55 PM
7125B,N,V,03/27/2026 12:01:58 PM
7126A,N,O,03/27/2026 10:45:14 AM
7126B,N,O,03/27/2026 11:18:09 AM
7127A,N,O,03/27/2026 06:57:53 AM
7127B,N,O,03/27/2026 08:22:35 AM
7128A,N,O,03/27/2026 11:56:27 AM
7128B,N,O,03/27/2026 11:58:41 AM
7129A,N,O,03/27/2026 12:03:31 PM
7129B,N,O,03/27/2026 08:48:29 AM
712A,N,V,03/27/2026 12:27:16 PM
712B,N,O,03/27/2026 06:57:44 AM
7130A,N,O,03/27/2026 08:59:18 AM
7130B,N,O,03/26/2026 03:09:36 PM
7131A,N,O,03/27/2026 11:23:42 AM
7131B,N,O,03/27/2026 06:58:43 AM
7132B,N,O,03/27/2026 11:50:52 AM
7133A,N,O,03/27/2026 10:30:17 AM
7133B,N,O,03/27/2026 08:05:10 AM
7134A,N,O,03/27/2026 10:10:46 AM
7134B,N,O,03/27/2026 09:14:52 AM
7135A,N,O,03/27/2026 09:54:46 AM
7135B,N,O,03/27/2026 10:55:10 AM
7136A,N,O,03/27/2026 11:10:19 AM
7136B,N,O,03/27/2026 11:53:47 AM
7137A,N,O,03/27/2026 11:40:11 AM
7137B,N,O,03/27/2026 11:42:04 AM
7138A,N,O,03/27/2026 10:40:52 AM
7179A,N,V,03/27/2026 11:14:23 AM
7179B,N,V,03/27/2026 11:34:58 AM
7180A,N,O,03/27/2026 09:19:52 AM
7180B,N,O,03/27/2026 12:25:51 PM
7181A,N,O,03/27/2026 11:06:15 AM
7181B,N,V,03/27/2026 12:10:28 PM
7182A,N,V,03/27/2026 12:15:54 PM
7182B,N,O,03/27/2026 11:47:04 AM
7183A,N,O,03/27/2026 09:51:55 AM
7183B,N,O,03/27/2026 12:00:00 PM
718A,N,O,03/27/2026 11:41:05 AM
718B,N,O,03/27/2026 12:16:34 PM
7191A,N,O,03/27/2026 11:43:21 AM
7191B,N,O,03/27/2026 09:20:41 AM
7192A,N,O,03/27/2026 11:23:57 AM
7192B,N,O,03/27/2026 07:47:50 AM
7193A,N,O,03/27/2026 12:01:39 PM
7193B,N,O,03/27/2026 11:52:42 AM
7194A,N,O,03/27/2026 08:35:56 AM
7194B,N,O,03/27/2026 12:04:20 PM
7195A,N,O,03/27/2026 06:59:49 AM
7195B,N,O,03/27/2026 12:13:51 PM
7196A,N,O,03/27/2026 09:46:06 AM
7196B,N,O,03/27/2026 11:39:13 AM
719A,N,O,03/27/2026 09:08:13 AM
719B,N,O,03/27/2026 12:19:34 PM
71A,N,O,03/27/2026 11:43:48 AM
71B,N,O,03/27/2026 07:36:09 AM
7213B,N,O,03/27/2026 12:01:43 PM
7214A,N,O,03/27/2026 11:41:35 AM
7214B,N,O,03/27/2026 10:07:05 AM
7215A,N,O,03/27/2026 11:09:52 AM
7215B,N,O,03/27/2026 12:17:58 PM
7216A,N,O,03/27/2026 12:02:16 PM
7216B,N,O,03/27/2026 11:16:25 AM
7217A,N,O,03/27/2026 09:45:50 AM
7217B,N,O,03/27/2026 11:11:34 AM
7218A,N,O,03/27/2026 08:16:13 AM
721A,N,O,03/27/2026 11:22:32 AM
721B,N,O,03/27/2026 11:00:54 AM
7222A,N,O,03/27/2026 08:35:46 AM
7222B,N,O,03/27/2026 09:08:55 AM
7223A,N,O,09/26/2025 08:08:09 AM
7223B,N,O,03/27/2026 09:23:07 AM
7224A,N,O,03/27/2026 09:45:07 AM
7226A,N,O,03/27/2026 11:33:48 AM
7226B,N,O,03/27/2026 12:27:00 PM
7227A,N,O,03/27/2026 12:04:04 PM
7227B,N,O,03/27/2026 12:27:36 PM
7228B,N,O,03/27/2026 11:34:16 AM
7229A,N,O,03/27/2026 08:14:59 AM
7229B,N,O,03/27/2026 09:20:39 AM
7230A,N,O,03/27/2026 10:38:11 AM
7230B,N,O,03/27/2026 11:14:08 AM
7231A,N,O,03/27/2026 09:18:35 AM
7231B,N,O,03/27/2026 11:07:29 AM
7232A,N,O,03/27/2026 12:13:24 PM
7232B,N,O,03/27/2026 11:58:11 AM
7233A,N,O,03/27/2026 10:49:53 AM
7233B,N,O,03/27/2026 10:42:51 AM
7234A,N,O,03/27/2026 12:12:51 PM
7234B,N,O,03/27/2026 12:25:32 PM
7235A,N,O,03/27/2026 06:59:52 AM
7235B,N,O,03/27/2026 06:59:48 AM
7236B,N,O,03/27/2026 11:06:19 AM
724A,N,O,03/27/2026 08:09:51 AM
724B,N,O,03/27/2026 07:25:23 AM
725A,N,O,03/27/2026 09:15:23 AM
725B,N,O,03/27/2026 11:54:14 AM
726A,N,O,03/27/2026 12:16:37 PM
726B,N,O,03/27/2026 12:11:30 PM
72A,N,O,03/27/2026 12:01:15 PM
72B,N,O,03/27/2026 11:14:06 AM
730A,N,O,03/27/2026 12:09:51 PM
730B,N,O,03/27/2026 12:13:23 PM
731A,NU,O,03/27/2026 12:10:44 PM
731B,NU,O,03/27/2026 06:58:45 AM
7321A,N,O,03/27/2026 12:13:53 PM
7322A,N,V,03/27/2026 12:22:06 PM
7322B,N,V,03/27/2026 11:51:20 AM
7323A,N,O,03/27/2026 12:05:38 PM
7323B,N,O,03/27/2026 12:16:46 PM
7326A,N,O,03/27/2026 10:26:17 AM
7326B,N,O,03/26/2026 07:03:38 AM
7327B,N,O,03/27/2026 08:24:42 AM
7329A,N,O,03/27/2026 12:12:02 PM
7329B,N,O,03/27/2026 09:29:27 AM
732A,N,O,03/27/2026 06:57:54 AM
732B,N,O,03/27/2026 10:05:19 AM
7330A,N,O,03/27/2026 08:00:07 AM
7330B,N,O,03/27/2026 12:27:18 PM
733A,N,O,03/27/2026 06:56:47 AM
733B,N,O,03/27/2026 06:56:47 AM
734A,N,O,03/27/2026 06:55:51 AM
734B,N,O,03/27/2026 10:59:45 AM
735A,N,O,03/27/2026 11:00:08 AM
7361A,N,O,03/27/2026 10:01:10 AM
7361B,N,O,03/27/2026 10:38:46 AM
7362A,N,O,03/27/2026 09:37:19 AM
7363A,N,O,03/27/2026 10:27:41 AM
7363B,N,O,03/27/2026 06:56:52 AM
7364A,N,O,03/27/2026 06:55:52 AM
7364B,N,O,03/27/2026 10:03:35 AM
7365A,N,O,03/27/2026 09:16:20 AM
7365B,N,O,03/27/2026 06:59:48 AM
7366A,N,O,03/27/2026 06:58:38 AM
7366B,N,O,03/27/2026 12:27:20 PM
7367A,N,O,03/27/2026 09:13:02 AM
7367B,N,O,03/27/2026 09:33:30 AM
7368A,N,O,03/27/2026 09:33:07 AM
7368B,N,O,03/27/2026 06:56:46 AM
7369A,N,O,03/27/2026 06:56:08 AM
736A,N,O,03/27/2026 09:29:27 AM
736B,N,O,03/27/2026 10:32:55 AM
7370A,N,V,03/27/2026 12:27:29 PM
7370B,N,V,03/27/2026 12:19:57 PM
7371A,N,V,03/27/2026 12:19:53 PM
7371B,N,V,03/27/2026 09:14:44 AM
7372A,N,O,03/27/2026 11:33:14 AM
7373B,N,O,03/27/2026 11:12:21 AM
7374A,N,O,03/27/2026 11:32:36 AM
7374B,N,O,03/27/2026 10:02:18 AM
7375A,N,O,03/27/2026 09:51:21 AM
7375B,N,O,03/27/2026 10:33:11 AM
7376A,N,V,03/27/2026 11:54:12 AM
7376B,N,O,03/27/2026 10:29:50 AM
7377A,N,O,03/27/2026 11:38:55 AM
7377B,N,O,03/27/2026 12:16:37 PM
7378A,N,O,03/27/2026 10:19:44 AM
7378B,N,O,03/27/2026 12:27:17 PM
7379A,N,V,03/27/2026 12:24:02 PM
737A,N,O,03/27/2026 06:57:46 AM
737B,N,O,03/27/2026 12:25:12 PM
7387A,N,O,03/26/2026 06:57:45 AM
7387B,N,O,03/27/2026 06:57:47 AM
7388A,N,O,03/27/2026 06:56:49 AM
7388B,N,O,03/27/2026 06:56:52 AM
7389A,N,O,03/27/2026 10:52:54 AM
7389B,N,O,03/27/2026 10:52:47 AM
738A,N,O,03/27/2026 06:56:45 AM
738B,N,O,03/27/2026 10:19:19 AM
7390A,N,O,03/27/2026 06:59:44 AM
7390B,N,O,03/27/2026 11:21:08 AM
7391B,N,O,03/27/2026 12:25:50 PM
7392A,N,O,03/27/2026 06:57:45 AM
7393A,N,O,03/27/2026 11:49:17 AM
7393B,N,V,03/27/2026 11:16:44 AM
7394A,N,V,03/27/2026 12:27:08 PM
7394B,N,O,03/27/2026 06:59:08 AM
7395A,N,O,03/27/2026 09:03:23 AM
7395B,N,V,03/27/2026 12:13:43 PM
739A,N,O,03/27/2026 06:55:45 AM
739B,N,O,03/27/2026 07:01:25 AM
73A,N,O,03/27/2026 10:50:52 AM
73B,N,O,03/27/2026 12:14:14 PM
7400A,N,V,03/27/2026 12:16:16 PM
7400B,N,O,03/27/2026 08:29:46 AM
7401A,N,O,03/27/2026 09:17:40 AM
7401B,N,O,03/27/2026 08:28:50 AM
7402A,N,O,03/27/2026 08:27:42 AM
7402B,N,O,03/27/2026 11:37:31 AM
7403B,N,O,03/27/2026 08:26:47 AM
7407A,N,O,03/27/2026 11:39:42 AM
7407B,N,O,03/27/2026 09:50:27 AM
7408A,N,O,03/27/2026 11:13:02 AM
7408B,N,O,03/27/2026 12:01:51 PM
7409A,N,O,03/27/2026 11:29:28 AM
740A,N,O,03/27/2026 11:08:27 AM
740B,N,O,03/27/2026 11:46:41 AM
7411A,N,O,03/27/2026 12:26:54 PM
7411B,N,O,03/27/2026 11:30:25 AM
7412A,N,O,03/27/2026 08:27:46 AM
7413A,N,O,03/27/2026 11:25:55 AM
7413B,N,O,03/27/2026 11:22:27 AM
7414B,N,O,03/27/2026 08:25:43 AM
741A,N,O,03/27/2026 10:18:03 AM
7425A,N,O,03/27/2026 12:24:24 PM
7426B,N,O,03/27/2026 12:07:47 PM
7427A,N,O,03/27/2026 11:10:22 AM
7427B,N,O,03/27/2026 12:12:34 PM
7428B,N,V,03/27/2026 12:24:58 PM
7429A,N,O,03/27/2026 12:04:16 PM
7429B,N,O,03/27/2026 11:59:22 AM
742A,N,O,03/27/2026 06:57:45 AM
742B,N,O,03/27/2026 11:50:42 AM
7431A,N,O,03/26/2026 05:05:05 PM
7431B,N,O,03/27/2026 12:22:19 PM
7432A,N,O,03/27/2026 09:50:33 AM
7432B,N,O,03/27/2026 08:27:51 AM
7433A,N,O,03/27/2026 08:26:43 AM
7433B,N,O,03/27/2026 08:26:43 AM
7434B,N,O,03/27/2026 08:25:41 AM
7435A,N,O,03/27/2026 08:31:24 AM
7435B,N,V,03/27/2026 12:07:23 PM
7436A,N,O,03/27/2026 08:28:49 AM
7436B,N,O,03/27/2026 11:39:34 AM
7437A,N,O,03/27/2026 11:55:48 AM
7438A,N,O,03/26/2026 08:26:41 AM
7438B,N,O,03/27/2026 08:26:46 AM
7439A,N,O,03/27/2026 10:21:22 AM
7439B,N,O,03/26/2026 08:25:50 AM
743A,N,O,03/27/2026 07:17:44 AM
743B,N,O,03/27/2026 06:56:48 AM
7440A,N,O,03/27/2026 12:22:18 PM
7440B,N,O,03/27/2026 11:35:06 AM
7441A,N,O,03/27/2026 12:08:12 PM
7441B,N,O,03/27/2026 12:10:00 PM
7442A,N,O,03/27/2026 08:27:50 AM
7443A,N,O,03/27/2026 08:26:52 AM
7443B,N,O,03/27/2026 08:26:52 AM
7447A,N,O,03/27/2026 11:15:19 AM
7447B,N,V,03/27/2026 11:17:51 AM
744A,N,O,03/27/2026 06:55:58 AM
744B,N,O,03/27/2026 10:16:33 AM
7450A,N,O,03/27/2026 10:14:24 AM
7451A,N,O,03/27/2026 10:16:23 AM
7451B,N,O,03/27/2026 10:17:55 AM
7452A,N,O,03/27/2026 11:09:27 AM
745A,N,O,03/27/2026 12:19:10 PM
745B,N,O,03/27/2026 11:48:59 AM
7461A,N,O,03/27/2026 12:18:13 PM
7462A,N,O,03/27/2026 11:08:38 AM
7462B,N,O,03/27/2026 11:53:33 AM
7463A,N,O,03/27/2026 11:51:49 AM
7463B,N,O,03/27/2026 11:31:03 AM
7464A,N,O,03/27/2026 12:15:22 PM
7464B,N,O,03/27/2026 11:24:21 AM
7467A,N,O,03/27/2026 12:20:04 PM
7467B,N,O,03/27/2026 09:07:58 AM
746A,N,O,03/27/2026 12:06:53 PM
746B,N,O,03/27/2026 10:59:29 AM
7473B,N,O,03/27/2026 08:26:49 AM
7474A,N,O,03/27/2026 12:13:31 PM
7475A,N,O,03/27/2026 08:30:41 AM
7475B,N,O,03/27/2026 11:23:42 AM
7476A,N,O,03/27/2026 08:28:51 AM
7476B,N,O,03/27/2026 12:07:25 PM
7477A,N,O,03/27/2026 11:48:56 AM
7478A,N,O,03/27/2026 10:16:23 AM
7478B,N,O,03/27/2026 08:26:47 AM
7479A,NU,O,03/27/2026 09:37:56 AM
7479B,NU,O,03/27/2026 09:05:37 AM
747B,N,O,03/27/2026 11:45:31 AM
7480A,N,O,03/27/2026 10:39:02 AM
7480B,N,O,03/27/2026 09:50:22 AM
7481B,N,O,03/27/2026 11:14:52 AM
748A,N,O,03/27/2026 06:56:49 AM
748B,N,O,03/27/2026 11:22:52 AM
749A,N,O,03/27/2026 10:45:01 AM
74A,N,O,03/27/2026 12:27:12 PM
74B,N,O,03/27/2026 12:27:27 PM
7507A,N,V,03/27/2026 12:27:03 PM
7507B,N,O,03/27/2026 12:23:19 PM
7508A,N,O,03/27/2026 11:26:14 AM
7508B,N,O,03/27/2026 10:37:26 AM
7509A,N,V,03/27/2026 12:25:41 PM
7509B,N,O,03/27/2026 11:24:40 AM
750A,N,O,03/27/2026 09:58:06 AM
750B,N,O,03/27/2026 06:59:49 AM
7510A,N,V,03/27/2026 12:19:40 PM
7510B,N,O,03/27/2026 11:46:14 AM
7511A,N,O,03/27/2026 11:55:59 AM
7511B,N,V,03/27/2026 12:23:44 PM
7512A,N,O,03/27/2026 08:06:02 AM
7512B,N,O,03/27/2026 11:47:55 AM
7513A,N,V,03/27/2026 10:01:15 AM
7513B,N,O,03/27/2026 11:47:26 AM
7514A,N,O,03/27/2026 12:14:26 PM
7514B,N,O,03/27/2026 06:55:50 AM
7516A,N,O,03/27/2026 08:04:41 AM
7516B,N,V,03/27/2026 08:12:46 AM
7517A,N,V,03/27/2026 10:16:36 AM
7518A,N,O,03/27/2026 12:27:18 PM
7518B,N,V,03/27/2026 12:03:21 PM
7519A,N,V,03/27/2026 09:32:22 AM
7519B,N,V,03/27/2026 08:01:21 AM
751A,N,O,03/27/2026 08:28:54 AM
751B,N,O,03/27/2026 11:32:42 AM
7520B,N,V,03/27/2026 12:08:16 PM
7521A,N,O,03/27/2026 08:36:26 AM
7521B,N,V,03/27/2026 11:40:46 AM
7522A,N,V,03/27/2026 12:00:56 PM
7522B,N,O,03/27/2026 08:26:56 AM
7523A,N,O,03/27/2026 08:24:24 AM
7524A,N,V,03/27/2026 08:37:09 AM
7524B,N,V,03/27/2026 12:27:09 PM
7525A,N,V,03/27/2026 12:16:24 PM
7526B,N,V,03/27/2026 12:27:02 PM
7527A,N,O,03/27/2026 07:51:05 AM
7527B,N,O,03/27/2026 11:46:04 AM
7528A,N,V,03/27/2026 08:24:46 AM
7528B,N,O,03/27/2026 12:24:49 PM
7529A,N,O,03/27/2026 12:25:08 PM
7529B,N,O,03/27/2026 12:19:36 PM
752B,N,O,03/27/2026 06:57:44 AM
7530A,N,O,03/27/2026 09:20:44 AM
7530B,N,V,03/27/2026 12:09:18 PM
7533B,N,V,03/27/2026 11:53:16 AM
7534A,N,V,03/27/2026 11:53:14 AM
7534B,N,O,03/27/2026 10:33:04 AM
7535A,N,O,03/27/2026 06:59:50 AM
7535B,N,V,03/27/2026 12:06:03 PM
7536A,N,V,03/27/2026 12:20:23 PM
7536B,N,V,03/27/2026 12:20:10 PM
7537A,N,O,03/27/2026 10:12:45 AM
7537B,N,O,03/27/2026 10:37:09 AM
7538A,N,V,03/27/2026 12:27:09 PM
7538B,N,V,03/27/2026 12:24:37 PM
7539A,N,V,03/27/2026 11:54:00 AM
7539B,N,V,03/27/2026 11:47:53 AM
753A,N,O,03/27/2026 08:51:11 AM
753B,N,O,03/27/2026 10:14:55 AM
7540A,N,O,03/27/2026 12:24:19 PM
7540B,N,V,03/27/2026 12:24:41 PM
7541A,N,V,03/27/2026 12:22:36 PM
7541B,N,V,03/27/2026 10:08:52 AM
7542A,N,V,03/27/2026 11:45:27 AM
7545A,N,V,03/27/2026 12:10:09 PM
7545B,N,V,03/27/2026 12:00:07 PM
7546A,N,V,03/27/2026 11:59:58 AM
7546B,N,V,03/27/2026 10:37:48 AM
7547A,N,V,03/27/2026 09:50:17 AM
7547B,N,O,03/27/2026 06:57:51 AM
7548A,N,O,03/27/2026 09:21:11 AM
7548B,N,V,03/27/2026 11:56:45 AM
7549A,N,V,03/27/2026 11:56:43 AM
7549B,N,O,03/27/2026 08:33:53 AM
754A,N,O,03/26/2026 06:55:43 AM
754B,N,O,03/27/2026 06:55:45 AM
7550A,N,V,03/27/2026 11:59:46 AM
7550B,N,O,03/27/2026 11:07:04 AM
7551A,N,O,03/27/2026 12:17:12 PM
7551B,N,O,03/27/2026 12:16:53 PM
7552A,N,V,03/27/2026 12:02:27 PM
7552B,N,O,03/27/2026 11:52:58 AM
7553A,N,O,03/27/2026 12:27:32 PM
7553B,N,O,03/27/2026 12:25:44 PM
7554A,N,V,03/27/2026 12:17:25 PM
7554B,N,V,03/27/2026 11:02:53 AM
7555A,N,V,03/27/2026 11:59:27 AM
7555B,N,V,03/27/2026 11:59:27 AM
7556A,N,O,03/27/2026 12:26:45 PM
7556B,N,O,03/27/2026 11:38:10 AM
7557A,N,O,03/27/2026 11:37:42 AM
7557B,N,O,03/27/2026 11:38:32 AM
7558A,N,O,03/27/2026 10:51:28 AM
7558B,N,V,03/27/2026 12:05:33 PM
7561A,N,V,03/27/2026 12:27:25 PM
7561B,N,O,03/27/2026 06:58:49 AM
7562A,N,O,03/27/2026 12:26:29 PM
7562B,N,V,03/27/2026 12:20:29 PM
756B,N,O,03/27/2026 09:47:31 AM
7573A,N,O,03/27/2026 09:01:06 AM
7573B,N,O,03/27/2026 11:42:18 AM
7574A,N,O,03/27/2026 11:10:36 AM
7574B,N,O,03/27/2026 12:02:26 PM
7576A,N,V,03/27/2026 11:33:48 AM
7576B,N,O,03/27/2026 09:34:51 AM
7577A,N,O,03/27/2026 10:36:21 AM
7577B,N,O,03/27/2026 10:38:09 AM
7578A,N,O,03/27/2026 12:24:59 PM
7578B,N,O,03/27/2026 11:56:07 AM
7579A,N,V,03/27/2026 12:21:46 PM
7579B,N,O,03/27/2026 12:25:40 PM
757A,N,O,03/27/2026 06:58:01 AM
757B,N,O,03/27/2026 06:57:51 AM
7580A,N,V,03/27/2026 08:59:19 AM
7580B,N,V,03/27/2026 12:17:53 PM
7581A,N,O,03/27/2026 12:01:40 PM
7581B,N,O,03/27/2026 10:58:04 AM
7582A,N,O,03/27/2026 07:25:35 AM
7582B,N,O,03/27/2026 10:16:33 AM
7583A,N,O,03/27/2026 08:41:30 AM
7583B,N,O,03/27/2026 12:04:25 PM
7584A,N,V,03/27/2026 12:21:45 PM
7584B,N,O,03/27/2026 12:10:10 PM
7585A,N,O,03/27/2026 10:09:06 AM
7585B,N,O,03/27/2026 10:02:26 AM
7586A,N,O,03/27/2026 12:04:50 PM
7586B,N,O,03/27/2026 10:20:14 AM
7587A,N,O,03/27/2026 11:41:33 AM
7588A,N,O,03/27/2026 10:55:12 AM
7588B,N,O,03/27/2026 11:08:24 AM
758A,N,O,03/27/2026 11:51:51 AM
758B,N,V,03/27/2026 09:55:06 AM
7590A,N,O,03/27/2026 08:03:24 AM
7591A,N,O,03/27/2026 11:35:57 AM
7591B,N,O,03/27/2026 10:09:37 AM
7592A,N,O,03/27/2026 12:11:24 PM
7592B,N,O,03/27/2026 10:15:25 AM
7594A,N,O,03/27/2026 12:17:52 PM
7594B,N,O,03/27/2026 10:52:03 AM
7595A,N,O,03/27/2026 11:58:19 AM
7595B,N,O,03/27/2026 12:10:02 PM
7599A,N,O,03/27/2026 11:48:53 AM
7599B,N,O,03/27/2026 11:57:18 AM
759A,N,O,03/27/2026 07:39:22 AM
759B,N,O,03/27/2026 07:46:40 AM
75A,N,O,03/27/2026 12:00:34 PM
75B,N,O,03/27/2026 12:18:38 PM
7600A,N,O,03/27/2026 06:59:47 AM
7600B,N,O,03/27/2026 12:10:49 PM
7601A,N,O,03/27/2026 10:57:45 AM
7601B,N,O,03/27/2026 06:58:53 AM
7602B,N,O,03/27/2026 12:23:41 PM
7609A,N,O,03/27/2026 11:11:13 AM
7610A,N,O,03/27/2026 11:53:47 AM
7610B,N,O,03/27/2026 08:54:03 AM
7611A,N,O,03/27/2026 11:52:13 AM
7611B,N,O,03/27/2026 12:07:43 PM
7612A,N,O,03/27/2026 12:02:15 PM
7612B,N,O,03/27/2026 11:58:02 AM
7617A,N,V,03/27/2026 12:05:50 PM
7617B,N,O,03/27/2026 10:47:46 AM
7618A,N,O,03/27/2026 10:07:09 AM
7618B,N,O,03/27/2026 08:57:17 AM
7619A,N,O,03/27/2026 10:27:18 AM
761A,N,O,03/27/2026 11:55:41 AM
7620A,N,O,03/27/2026 10:47:34 AM
7620B,N,O,03/27/2026 10:20:31 AM
7621A,N,O,03/27/2026 08:04:11 AM
7621B,N,O,03/27/2026 10:19:28 AM
7624A,N,V,03/27/2026 12:16:31 PM
7624B,N,O,03/27/2026 07:02:16 AM
7625A,N,V,03/27/2026 12:26:28 PM
7625B,N,O,03/27/2026 12:08:43 PM
7626A,N,V,03/27/2026 12:26:27 PM
7626B,N,O,03/27/2026 12:06:55 PM
7627A,NU,O,06/03/2025 05:42:36 PM
7627B,N,O,03/27/2026 07:57:59 AM
7628A,N,O,03/27/2026 11:44:30 AM
7628B,N,O,03/27/2026 10:39:29 AM
7629A,N,O,03/27/2026 10:16:40 AM
7629B,N,O,03/27/2026 10:36:35 AM
762A,N,O,03/27/2026 09:44:44 AM
762B,N,O,03/27/2026 12:14:31 PM
7630A,N,O,03/27/2026 11:10:19 AM
7630B,N,O,03/27/2026 09:15:06 AM
7631A,N,O,03/27/2026 11:40:09 AM
7631B,N,O,03/27/2026 07:58:15 AM
7632B,N,O,03/27/2026 06:57:52 AM
7636A,N,O,03/27/2026 08:54:19 AM
7636B,N,O,03/27/2026 07:07:32 AM
7637A,N,O,03/27/2026 08:07:46 AM
7637B,N,O,03/27/2026 06:57:52 AM
7638A,N,O,03/27/2026 10:36:55 AM
7638B,N,O,03/27/2026 07:57:19 AM
7639A,N,V,03/27/2026 11:41:12 AM
7639B,N,O,03/26/2026 08:20:40 PM
763A,N,O,03/27/2026 10:24:10 AM
763B,N,O,03/27/2026 06:56:52 AM
7640A,N,V,03/27/2026 10:40:56 AM
7640B,N,O,03/27/2026 08:21:13 AM
7641A,N,V,03/25/2026 01:07:27 PM
7641B,N,V,03/25/2026 01:07:27 PM
7642A,N,O,03/27/2026 08:29:30 AM
7642B,N,O,03/26/2026 06:57:46 AM
7644B,N,O,03/27/2026 07:55:40 AM
7645A,N,O,03/27/2026 08:39:08 AM
7645B,N,O,03/26/2026 11:56:25 AM
7647A,N,O,03/27/2026 06:57:47 AM
7647B,N,O,03/27/2026 08:10:47 AM
7648A,N,O,03/27/2026 06:56:42 AM
7648B,N,O,03/27/2026 11:52:27 AM
7649A,N,O,03/27/2026 12:23:43 PM
7649B,N,O,03/27/2026 08:50:12 AM
764A,N,O,03/27/2026 07:21:03 AM
764B,N,O,03/27/2026 12:00:31 PM
7651A,N,O,03/27/2026 12:25:51 PM
7652A,N,V,03/27/2026 12:27:05 PM
7652B,N,V,03/27/2026 12:11:37 PM
7653A,N,O,03/27/2026 12:26:18 PM
7653B,N,V,03/27/2026 12:26:11 PM
7654A,N,V,03/26/2026 06:17:26 PM
7654B,N,O,03/27/2026 10:13:06 AM
7655B,N,V,03/27/2026 12:25:21 PM
765A,N,O,03/27/2026 06:59:46 AM
765B,N,O,03/27/2026 08:37:48 AM
7661A,N,O,03/27/2026 11:29:47 AM
7661B,N,O,03/27/2026 08:12:18 AM
7662A,N,O,03/27/2026 08:52:17 AM
7662B,N,O,03/27/2026 06:58:07 AM
7663A,N,O,03/27/2026 06:56:51 AM
7663B,N,O,03/27/2026 06:56:44 AM
7664B,N,O,03/27/2026 06:55:48 AM
7667A,N,O,03/27/2026 12:14:40 PM
7668A,N,O,03/27/2026 07:56:46 AM
7668B,N,O,03/27/2026 08:26:35 AM
766A,N,O,03/27/2026 07:59:13 AM
766B,N,O,03/27/2026 11:45:51 AM
7670A,N,O,03/27/2026 07:59:50 AM
7670B,N,O,03/27/2026 08:00:37 AM
7671B,N,O,03/27/2026 10:55:05 AM
7674A,N,O,03/27/2026 09:10:19 AM
7674B,N,O,03/27/2026 09:19:27 AM
7676B,NU,O,03/26/2026 06:59:05 AM
7677A,N,O,03/27/2026 11:01:15 AM
7677B,N,O,03/27/2026 09:00:19 AM
7678A,N,O,03/27/2026 09:39:10 AM
7678B,N,O,03/27/2026 06:56:45 AM
7679A,N,O,03/27/2026 09:48:28 AM
7679B,N,O,03/27/2026 06:55:45 AM
767A,N,O,03/27/2026 12:18:20 PM
767B,N,O,03/27/2026 08:15:45 AM
7681B,N,O,03/27/2026 07:58:50 AM
7682A,N,O,03/27/2026 07:58:02 AM
7682B,N,O,03/27/2026 07:57:52 AM
7683A,N,O,03/27/2026 11:28:08 AM
7683B,N,O,03/27/2026 11:01:31 AM
7684A,N,O,03/27/2026 07:55:52 AM
7684B,N,O,03/27/2026 09:44:11 AM
7685A,N,O,03/27/2026 12:26:45 PM
7685B,N,O,03/27/2026 07:59:59 AM
7689B,N,O,03/27/2026 11:40:56 AM
768A,N,O,03/27/2026 11:54:48 AM
7690B,N,O,03/27/2026 11:05:10 AM
7691B,N,O,03/27/2026 06:59:31 AM
7692A,N,O,03/27/2026 06:57:52 AM
7692B,N,O,03/27/2026 06:57:52 AM
7695A,N,V,03/27/2026 11:46:23 AM
7696B,N,O,03/27/2026 12:23:04 PM
7697A,N,O,03/27/2026 12:04:26 PM
7699A,N,O,03/27/2026 11:07:28 AM
7699B,N,O,03/27/2026 06:55:49 AM
769A,N,O,03/27/2026 12:09:04 PM
769B,N,O,03/27/2026 06:55:44 AM
76A,N,O,03/27/2026 12:26:15 PM
76B,N,O,03/27/2026 10:53:28 AM
7700A,N,O,03/27/2026 11:33:24 AM
7700B,N,O,03/27/2026 06:59:51 AM
7701A,N,O,03/27/2026 09:04:59 AM
7701B,N,O,03/27/2026 11:41:34 AM
7704A,N,O,03/27/2026 12:18:13 PM
7704B,N,O,03/27/2026 09:19:04 AM
7705A,N,O,03/27/2026 10:27:17 AM
7705B,N,O,03/27/2026 12:16:56 PM
7706B,N,O,03/27/2026 10:46:29 AM
7707B,N,O,03/27/2026 11:14:49 AM
7708A,N,O,03/27/2026 10:42:15 AM
7708B,N,O,03/27/2026 10:41:03 AM
7709B,N,O,03/27/2026 06:55:52 AM
770A,N,O,03/27/2026 12:11:14 PM
770B,N,O,03/27/2026 12:19:06 PM
7713A,N,O,03/27/2026 06:56:39 AM
7713B,N,O,03/27/2026 12:14:56 PM
7714A,N,O,03/27/2026 10:41:04 AM
7714B,N,O,03/27/2026 11:59:04 AM
771A,N,O,03/27/2026 11:56:10 AM
771B,N,O,03/27/2026 11:24:26 AM
7724A,N,O,03/27/2026 08:11:39 AM
7725A,N,O,03/27/2026 08:21:48 AM
7725B,N,O,03/27/2026 10:01:19 AM
7726A,N,O,03/27/2026 12:16:26 PM
7726B,N,O,03/27/2026 07:59:47 AM
7727A,N,O,03/27/2026 10:34:04 AM
7727B,N,O,03/27/2026 11:37:15 AM
7728A,N,O,03/27/2026 06:56:54 AM
7728B,N,O,03/27/2026 11:43:51 AM
7729A,N,O,03/27/2026 12:09:51 PM
7729B,N,O,03/27/2026 06:55:47 AM
772A,N,O,03/27/2026 08:02:29 AM
772B,N,O,03/27/2026 11:40:23 AM
7730A,N,O,03/27/2026 07:00:00 AM
7731A,N,O,03/27/2026 06:58:39 AM
7731B,N,O,03/27/2026 06:58:39 AM
7732A,N,O,03/27/2026 06:58:34 AM
7732B,N,O,03/27/2026 08:20:47 AM
7733B,N,O,03/27/2026 09:31:29 AM
7739A,N,O,03/27/2026 10:38:22 AM
7739B,N,O,03/27/2026 09:28:34 AM
773A,N,O,03/27/2026 06:56:52 AM
7740A,N,O,03/27/2026 07:59:37 AM
7740B,N,O,03/27/2026 07:27:09 AM
7741A,N,O,03/27/2026 12:23:38 PM
7741B,N,O,03/27/2026 07:48:16 AM
7742A,N,O,03/27/2026 12:06:06 PM
7742B,N,O,03/27/2026 06:57:45 AM
7743A,N,O,03/27/2026 12:01:34 PM
7743B,N,O,03/27/2026 10:10:19 AM
7744A,N,O,03/27/2026 11:37:31 AM
774A,N,O,03/27/2026 12:16:05 PM
774B,N,O,03/27/2026 10:08:19 AM
7758A,N,O,03/27/2026 08:55:32 AM
7759A,N,O,03/27/2026 10:15:58 AM
7759B,N,O,03/27/2026 11:41:23 AM
775A,N,O,03/27/2026 11:37:22 AM
775B,N,O,03/27/2026 12:06:05 PM
7760A,N,O,03/27/2026 11:34:26 AM
7760B,N,O,03/27/2026 11:01:29 AM
7761B,N,O,03/27/2026 08:15:14 AM
7763A,N,O,03/27/2026 07:56:47 AM
7763B,N,O,03/27/2026 07:56:47 AM
7764A,N,O,03/27/2026 06:55:46 AM
7764B,N,O,03/27/2026 09:39:40 AM
7765A,N,O,03/27/2026 12:08:24 PM
7766B,NU,O,06/03/2025 07:58:52 AM
7767A,NU,O,06/03/2025 05:54:27 PM
7768A,N,O,03/27/2026 09:35:21 AM
7768B,NU,V,06/03/2025 09:40:30 PM
7769A,N,O,03/27/2026 12:27:31 PM
7769B,N,V,03/27/2026 11:16:09 AM
776A,N,O,03/27/2026 11:01:47 AM
776B,N,O,03/27/2026 11:22:33 AM
7770A,NU,O,03/27/2026 12:26:16 PM
7770B,NU,V,03/27/2026 12:26:39 PM
7771A,N,O,03/27/2026 11:40:56 AM
7771B,N,O,03/27/2026 08:37:34 AM
7772A,N,O,03/27/2026 12:27:25 PM
7772B,N,O,03/27/2026 12:10:26 PM
7773B,N,O,03/27/2026 06:56:49 AM
7774A,N,V,03/27/2026 12:25:56 PM
7774B,N,V,03/27/2026 11:57:53 AM
777A,N,O,03/27/2026 09:05:51 AM
7783A,N,O,03/27/2026 11:24:16 AM
7784B,N,O,03/27/2026 06:55:52 AM
7785A,N,O,03/27/2026 06:59:53 AM
7785B,N,O,03/27/2026 12:27:24 PM
7786A,N,O,03/27/2026 10:41:23 AM
7786B,N,O,03/27/2026 06:58:46 AM
778A,N,O,03/27/2026 12:23:51 PM
778B,N,O,03/27/2026 10:08:17 AM
7792A,NU,V,03/26/2026 11:31:38 PM
7793A,NU,O,03/26/2026 06:51:02 PM
7793B,NU,O,03/26/2026 10:04:14 PM
7794A,NU,O,03/26/2026 10:25:37 PM
7794B,NU,O,03/26/2026 11:52:20 PM
7795A,NU,O,03/26/2026 06:26:03 PM
7795B,NU,O,03/26/2026 09:44:15 PM
7796A,NU,O,03/26/2026 08:00:26 PM
7796B,NU,O,03/26/2026 06:03:20 PM
779A,N,O,03/27/2026 11:40:29 AM
779B,N,O,03/27/2026 09:56:43 AM
77A,N,O,03/27/2026 12:25:20 PM
77B,N,O,03/27/2026 12:22:50 PM
7801A,N,O,03/27/2026 12:15:29 PM
7801B,N,O,03/27/2026 07:22:01 AM
7802A,N,O,03/27/2026 12:05:18 PM
7802B,N,O,03/27/2026 08:03:09 AM
7804A,N,O,03/27/2026 08:48:14 AM
7804B,N,O,03/27/2026 10:55:40 AM
7805A,N,O,03/27/2026 11:53:20 AM
7805B,N,O,03/27/2026 06:59:45 AM
7806A,N,O,03/27/2026 11:09:17 AM
7806B,N,O,03/27/2026 11:05:38 AM
7807B,N,O,03/27/2026 12:22:53 PM
780A,N,O,03/27/2026 09:09:48 AM
780B,N,O,03/27/2026 06:59:50 AM
7814B,N,O,03/27/2026 08:19:20 AM
7815A,N,O,03/27/2026 08:04:22 AM
7815B,N,O,03/27/2026 11:28:18 AM
7817A,N,O,03/27/2026 12:13:31 PM
7817B,N,O,03/27/2026 12:10:51 PM
7818A,N,O,03/26/2026 06:14:49 PM
7818B,N,O,03/27/2026 10:28:49 AM
7819A,N,O,03/27/2026 06:55:52 AM
7819B,N,O,03/27/2026 06:55:49 AM
781A,N,O,03/27/2026 11:56:13 AM
781B,N,O,03/27/2026 11:58:09 AM
7820A,N,O,03/27/2026 10:32:27 AM
7820B,N,O,03/27/2026 06:59:46 AM
7821A,N,O,03/27/2026 08:20:05 AM
7821B,N,O,03/26/2026 09:39:31 PM
7831A,N,O,03/27/2026 12:16:46 PM
7831B,N,O,03/27/2026 06:58:48 AM
7834A,N,O,03/27/2026 10:24:03 AM
7834B,N,O,03/27/2026 07:58:59 AM
7839A,N,O,03/27/2026 11:59:27 AM
7840A,N,O,03/27/2026 11:41:18 AM
7840B,N,V,03/27/2026 12:27:19 PM
7841A,N,O,03/27/2026 12:15:37 PM
7841B,N,O,03/27/2026 10:58:23 AM
7842A,N,O,03/27/2026 10:46:48 AM
7842B,N,O,03/27/2026 06:57:45 AM
7843A,N,V,03/27/2026 12:18:51 PM
7843B,N,O,03/27/2026 11:25:50 AM
7844A,N,O,03/27/2026 06:55:59 AM
7844B,N,O,03/27/2026 10:44:40 AM
7845A,N,O,03/27/2026 12:25:16 PM
7845B,N,O,03/27/2026 10:22:40 AM
7846A,N,O,03/27/2026 12:14:03 PM
7846B,N,V,03/27/2026 12:08:18 PM
7847A,N,O,03/27/2026 12:27:12 PM
7847B,N,O,03/27/2026 11:30:51 AM
7853B,N,O,03/27/2026 09:02:28 AM
7854A,N,O,03/27/2026 10:07:30 AM
7854B,N,O,03/27/2026 11:52:41 AM
7855A,N,O,03/27/2026 10:46:37 AM
7855B,N,O,03/27/2026 11:57:35 AM
7856A,N,O,03/27/2026 08:25:54 AM
7856B,N,O,03/27/2026 06:58:52 AM
7861A,N,O,03/27/2026 08:29:39 AM
7861B,N,O,03/27/2026 07:45:09 AM
7868A,N,O,03/27/2026 10:36:09 AM
7868B,N,O,03/27/2026 12:19:06 PM
7869A,N,O,03/27/2026 08:53:15 AM
7869B,N,O,03/27/2026 11:09:13 AM
7870A,N,O,03/27/2026 07:08:53 AM
7874A,N,O,03/27/2026 11:00:08 AM
7874B,N,O,03/27/2026 12:18:03 PM
7875A,N,O,03/27/2026 10:17:36 AM
7875B,N,O,03/27/2026 09:23:11 AM
7876A,N,O,03/27/2026 08:26:27 AM
7876B,N,O,03/27/2026 08:59:49 AM
7877A,N,V,03/27/2026 08:43:12 AM
7877B,N,O,03/27/2026 08:49:50 AM
7882A,N,V,03/27/2026 12:27:29 PM
7882B,N,O,03/27/2026 08:24:04 AM
7884B,N,O,03/27/2026 08:19:34 AM
7885A,NU,O,02/05/2026 09:57:54 PM
7885B,NU,O,02/05/2026 06:20:50 PM
7886A,N,V,03/27/2026 08:02:25 AM
7886B,N,O,03/27/2026 11:05:47 AM
7887A,N,O,03/27/2026 10:43:34 AM
7887B,N,O,03/27/2026 06:58:17 AM
7888A,N,O,03/27/2026 06:56:50 AM
7888B,N,O,03/27/2026 06:56:57 AM
7889A,N,O,03/27/2026 06:55:51 AM
7889B,N,O,03/27/2026 06:55:43 AM
7890A,N,O,03/27/2026 10:58:55 AM
7890B,N,O,03/27/2026 10:29:47 AM
7893A,N,O,03/27/2026 12:24:30 PM
7893B,N,V,03/27/2026 12:26:36 PM
7894A,N,O,03/27/2026 11:52:47 AM
7894B,N,O,03/27/2026 12:23:14 PM
7895A,N,V,03/27/2026 12:16:05 PM
789A,N,O,03/27/2026 11:48:43 AM
789B,N,O,03/27/2026 12:05:57 PM
78A,N,O,03/27/2026 09:36:00 AM
78B,N,O,03/27/2026 09:36:22 AM
7900A,N,O,03/27/2026 11:50:44 AM
7900B,N,O,03/27/2026 11:28:55 AM
7901A,N,O,03/27/2026 08:56:10 AM
7901B,N,V,03/27/2026 12:27:37 PM
7902A,N,O,03/27/2026 09:31:41 AM
7903A,N,O,03/27/2026 10:20:12 AM
7903B,N,O,03/27/2026 06:56:45 AM
7909A,N,O,03/27/2026 07:05:15 AM
7909B,N,O,03/27/2026 09:47:12 AM
790A,N,O,03/27/2026 09:31:54 AM
790B,N,O,03/27/2026 11:56:05 AM
7910A,N,O,03/27/2026 06:59:51 AM
7910B,N,O,03/27/2026 10:49:44 AM
7911A,N,O,03/27/2026 08:17:24 AM
7911B,N,O,03/27/2026 10:03:55 AM
7912A,N,V,03/27/2026 12:27:19 PM
7912B,N,O,03/27/2026 09:38:07 AM
7913A,N,O,03/27/2026 10:05:03 AM
7913B,N,O,03/27/2026 12:24:40 PM
7923A,N,O,03/27/2026 11:58:20 AM
7923B,N,O,03/27/2026 06:59:54 AM
7924A,N,O,03/27/2026 09:35:00 AM
7924B,N,O,03/27/2026 12:15:18 PM
7925A,N,O,03/27/2026 12:07:18 PM
7925B,N,O,03/27/2026 12:27:36 PM
7926A,N,O,03/27/2026 12:23:23 PM
7926B,N,O,03/27/2026 09:13:52 AM
7927A,N,O,03/27/2026 12:06:49 PM
7927B,N,O,03/27/2026 09:33:03 AM
7928A,N,O,03/27/2026 10:09:10 AM
7928B,N,O,03/27/2026 12:17:45 PM
7929A,N,O,03/27/2026 09:55:35 AM
7929B,N,V,03/27/2026 09:36:43 AM
792A,N,O,03/27/2026 11:28:27 AM
792B,N,O,03/27/2026 10:58:47 AM
7930A,N,O,03/27/2026 08:24:35 AM
7930B,N,O,03/27/2026 10:20:27 AM
7931B,N,O,03/27/2026 06:58:46 AM
7932A,N,O,03/27/2026 12:11:28 PM
7932B,N,O,03/27/2026 11:30:13 AM
7933A,N,O,03/27/2026 07:20:12 AM
7933B,N,O,03/27/2026 06:56:50 AM
7934A,N,O,03/27/2026 12:00:14 PM
7935A,N,O,03/27/2026 12:05:16 PM
7935B,N,O,03/27/2026 06:59:44 AM
7936A,N,O,03/27/2026 08:36:12 AM
7936B,N,O,03/27/2026 06:58:53 AM
7937A,N,O,03/27/2026 12:15:43 PM
7937B,N,O,03/27/2026 11:57:15 AM
7939A,N,O,03/27/2026 10:26:50 AM
7939B,N,O,03/27/2026 06:55:48 AM
793B,N,O,03/27/2026 11:57:11 AM
7940A,N,O,03/27/2026 12:08:06 PM
7940B,N,V,03/27/2026 12:18:31 PM
7941A,N,O,03/27/2026 06:58:50 AM
7941B,N,O,03/27/2026 08:29:33 AM
794A,N,O,03/27/2026 12:06:21 PM
7950A,N,O,03/27/2026 11:52:49 AM
7950B,N,O,03/27/2026 07:26:45 AM
7951A,N,O,03/27/2026 06:58:43 AM
7951B,N,O,03/27/2026 10:26:23 AM
7952A,N,O,03/27/2026 12:17:14 PM
7952B,N,O,03/27/2026 06:57:48 AM
7953A,N,O,03/27/2026 08:49:55 AM
7953B,N,O,03/27/2026 10:08:07 AM
7954A,N,O,03/27/2026 07:40:54 AM
7954B,N,V,03/27/2026 12:27:30 PM
7955A,N,O,03/27/2026 09:09:32 AM
7955B,N,O,03/27/2026 12:16:43 PM
7956A,N,V,03/27/2026 12:09:24 PM
7956B,N,O,03/27/2026 07:44:54 AM
7957A,N,V,03/27/2026 12:18:41 PM
7957B,N,V,03/27/2026 12:27:41 PM
7958A,N,O,03/27/2026 10:49:23 AM
7959A,N,O,03/27/2026 10:32:46 AM
7959B,N,O,03/27/2026 06:55:47 AM
795A,N,O,03/27/2026 12:27:23 PM
795B,N,O,03/27/2026 12:23:54 PM
7960A,N,O,03/27/2026 10:53:55 AM
7960B,N,V,03/27/2026 10:58:10 AM
7962A,N,O,03/27/2026 11:22:03 AM
7962B,N,O,03/27/2026 06:57:55 AM
7963A,N,O,03/27/2026 08:37:42 AM
7963B,N,O,03/27/2026 06:56:47 AM
7964A,NU,O,02/05/2026 07:44:53 AM
7964B,NU,O,02/05/2026 08:42:43 AM
7965A,NU,V,02/05/2026 09:56:56 PM
7965B,NU,O,02/05/2026 08:25:50 PM
7967A,N,O,03/26/2026 06:13:43 PM
7967B,N,O,03/27/2026 08:27:53 AM
7968A,N,V,03/27/2026 11:20:41 AM
7968B,N,O,03/27/2026 08:26:47 AM
7969A,N,O,03/27/2026 12:13:06 PM
7969B,N,O,03/27/2026 11:59:27 AM
796A,N,O,03/27/2026 12:24:32 PM
796B,N,V,03/27/2026 12:13:44 PM
7970A,N,O,03/27/2026 12:07:03 PM
7970B,N,O,03/27/2026 12:13:25 PM
7971A,N,O,03/27/2026 11:48:21 AM
7971B,N,O,03/27/2026 12:06:56 PM
7973A,N,O,03/27/2026 06:56:51 AM
7973B,N,O,03/27/2026 06:56:51 AM
7974A,N,O,03/27/2026 11:37:34 AM
7974B,N,O,03/27/2026 08:04:13 AM
7975A,N,O,03/27/2026 11:58:57 AM
7975B,N,O,03/27/2026 12:13:52 PM
7976A,N,O,03/27/2026 10:02:26 AM
7976B,N,O,03/27/2026 10:38:33 AM
7977A,N,O,03/27/2026 11:28:13 AM
7977B,N,O,03/27/2026 07:35:28 AM
7978B,N,O,03/27/2026 09:08:17 AM
797A,N,O,03/27/2026 07:45:53 AM
797B,N,V,03/27/2026 12:20:34 PM
7980A,N,O,03/27/2026 12:14:48 PM
7980B,N,O,03/27/2026 06:59:44 AM
7981A,N,O,03/27/2026 10:13:43 AM
7981B,N,O,03/27/2026 11:57:52 AM
7982B,N,O,03/27/2026 08:12:18 AM
7983B,N,O,03/27/2026 09:01:37 AM
7984A,N,O,03/27/2026 10:44:54 AM
7984B,N,O,03/27/2026 08:51:41 AM
7985A,N,V,03/27/2026 12:27:38 PM
7985B,N,O,03/27/2026 10:39:38 AM
7986A,N,O,03/27/2026 10:35:35 AM
7988A,N,O,03/27/2026 12:12:15 PM
7988B,N,O,03/27/2026 12:20:22 PM
7989A,N,O,03/27/2026 10:36:04 AM
7989B,N,O,03/27/2026 10:36:51 AM
7990B,N,O,03/27/2026 11:04:04 AM
7991A,N,O,03/27/2026 08:20:31 AM
7991B,N,O,03/27/2026 10:37:12 AM
7993A,N,O,03/27/2026 11:29:14 AM
7994A,N,O,03/27/2026 10:11:44 AM
7994B,N,O,03/27/2026 11:28:57 AM
7995A,N,O,03/27/2026 10:41:03 AM
7996B,N,O,03/27/2026 11:37:24 AM
7997B,N,O,03/27/2026 12:15:13 PM
7998A,N,O,03/27/2026 09:45:04 AM
7998B,N,O,03/27/2026 12:18:34 PM
79A,N,O,03/27/2026 12:05:18 PM
79B,N,O,03/27/2026 12:13:08 PM
7A,NU,V,02/25/2026 11:59:45 PM
7B,NU,O,02/25/2026 11:41:07 PM
8002A,N,O,03/27/2026 10:50:53 AM
8003A,N,O,03/27/2026 10:20:29 AM
8003B,N,O,03/27/2026 08:42:42 AM
8004A,N,O,03/27/2026 08:01:40 AM
8004B,N,O,03/27/2026 07:55:46 AM
8005A,N,O,03/27/2026 10:13:05 AM
8005B,N,O,03/27/2026 11:00:41 AM
8006B,N,O,03/27/2026 07:58:55 AM
8012A,N,O,03/27/2026 06:57:45 AM
8012B,N,O,03/27/2026 06:57:45 AM
8013A,N,O,03/27/2026 12:27:42 PM
8013B,N,O,03/27/2026 12:12:33 PM
8014A,N,O,03/27/2026 11:25:48 AM
8018A,N,O,03/27/2026 12:05:39 PM
8019A,N,O,03/27/2026 07:55:52 AM
8019B,N,O,03/27/2026 10:12:40 AM
8020A,N,O,03/27/2026 08:00:11 AM
8020B,N,O,03/27/2026 08:00:11 AM
8021B,N,O,03/27/2026 11:28:28 AM
8022A,N,O,03/27/2026 07:57:47 AM
8022B,N,O,03/26/2026 08:53:49 AM
8023B,N,O,03/27/2026 11:41:32 AM
8030A,N,O,03/27/2026 09:48:33 AM
8030B,N,V,03/27/2026 12:26:06 PM
8031A,N,O,03/27/2026 07:58:59 AM
8031B,N,O,03/27/2026 07:59:33 AM
8032A,N,O,03/27/2026 07:57:49 AM
8032B,N,O,03/27/2026 11:34:33 AM
8033A,N,O,03/27/2026 11:53:50 AM
8033B,N,O,03/27/2026 07:57:18 AM
8034B,N,O,03/27/2026 07:55:48 AM
8035B,N,V,03/27/2026 09:33:38 AM
8042A,N,O,03/27/2026 08:59:12 AM
8042B,N,O,03/27/2026 07:57:57 AM
8043A,N,O,03/27/2026 07:57:11 AM
8043B,N,O,03/27/2026 07:56:48 AM
8044A,N,O,03/27/2026 07:57:33 AM
8044B,N,O,03/27/2026 07:55:54 AM
8045A,N,O,03/27/2026 11:30:13 AM
8045B,N,O,03/27/2026 09:04:38 AM
8052A,N,O,03/27/2026 08:37:13 AM
8054A,N,O,03/27/2026 08:52:35 AM
8054B,N,O,03/27/2026 09:32:43 AM
8055A,N,O,03/27/2026 12:17:32 PM
8055B,N,O,03/27/2026 10:53:09 AM
8056B,NU,O,03/27/2026 06:58:45 AM
8057A,N,O,03/27/2026 06:57:50 AM
8057B,N,O,03/27/2026 08:44:41 AM
8058A,N,O,03/27/2026 07:35:57 AM
8058B,N,O,03/27/2026 08:22:29 AM
8059A,N,O,03/27/2026 08:38:37 AM
8061A,N,V,03/27/2026 09:05:10 AM
8061B,N,O,03/27/2026 08:16:51 AM
8062A,N,O,03/27/2026 08:19:42 AM
8062B,N,O,03/27/2026 07:29:55 AM
8063A,N,O,03/27/2026 08:47:22 AM
8063B,N,O,03/27/2026 11:10:58 AM
8064A,N,O,03/27/2026 07:26:33 AM
8064B,N,O,03/27/2026 09:28:08 AM
8071A,N,O,03/27/2026 11:48:14 AM
8071B,N,O,03/27/2026 07:58:50 AM
8072B,N,O,03/27/2026 11:46:47 AM
8079A,N,O,03/27/2026 07:55:43 AM
8079B,N,O,03/27/2026 07:55:43 AM
8080A,N,O,03/27/2026 07:59:51 AM
8082A,N,O,03/27/2026 07:57:54 AM
8082B,N,O,03/27/2026 07:58:02 AM
8083B,N,O,03/27/2026 12:23:27 PM
8084A,N,O,03/27/2026 11:47:13 AM
8084B,N,O,03/27/2026 12:26:47 PM
8085B,N,O,03/27/2026 10:23:44 AM
8086A,N,V,03/27/2026 12:26:40 PM
8086B,N,O,03/27/2026 12:17:04 PM
8087A,N,O,03/27/2026 10:36:19 AM
8087B,N,O,03/27/2026 10:22:02 AM
8092A,N,O,03/27/2026 11:21:39 AM
8092B,N,O,03/27/2026 11:19:14 AM
80A,N,O,03/27/2026 12:27:37 PM
80B,N,O,03/27/2026 12:04:27 PM
8101A,N,O,03/27/2026 07:59:40 AM
8101B,N,O,03/27/2026 11:34:08 AM
8103A,N,O,03/27/2026 10:27:48 AM
8103B,N,O,03/27/2026 06:56:45 AM
8104A,N,O,03/27/2026 10:43:11 AM
8104B,N,O,03/27/2026 11:50:49 AM
8106A,N,O,03/27/2026 06:58:52 AM
8106B,N,O,03/27/2026 08:03:16 AM
8107A,N,O,03/27/2026 06:57:44 AM
8107B,N,O,03/27/2026 09:03:14 AM
8108A,N,O,03/27/2026 07:20:16 AM
8108B,N,O,03/27/2026 07:00:15 AM
8109A,N,O,03/27/2026 06:55:47 AM
8109B,N,O,03/27/2026 11:15:11 AM
8110A,N,O,03/27/2026 06:59:42 AM
8110B,N,O,03/27/2026 06:59:42 AM
8111A,N,O,03/27/2026 06:58:47 AM
8112A,N,O,03/27/2026 08:05:27 AM
8112B,N,O,03/27/2026 11:06:09 AM
8113B,N,O,03/27/2026 09:58:24 AM
8114A,N,O,03/27/2026 10:56:52 AM
8114B,N,O,03/27/2026 09:27:20 AM
8115A,N,O,03/27/2026 07:53:07 AM
8115B,N,O,03/27/2026 11:36:37 AM
8116A,N,O,03/27/2026 06:58:47 AM
8120A,N,O,03/27/2026 07:59:43 AM
8120B,N,V,03/27/2026 11:17:12 AM
8121A,N,V,03/27/2026 12:15:26 PM
8121B,N,O,03/27/2026 07:58:49 AM
8122A,N,V,03/27/2026 12:26:10 PM
8122B,N,O,03/27/2026 11:19:48 AM
8123B,N,O,03/27/2026 07:56:49 AM
8124A,N,O,03/27/2026 07:55:56 AM
8124B,N,O,03/27/2026 12:17:49 PM
8125A,N,O,03/27/2026 09:48:31 AM
8125B,N,O,03/27/2026 07:59:44 AM
8126A,N,O,03/27/2026 09:59:47 AM
8126B,N,O,03/27/2026 12:05:24 PM
8127A,N,O,03/27/2026 11:18:05 AM
8127B,N,O,03/27/2026 11:55:13 AM
8128A,N,O,03/27/2026 08:44:29 AM
8128B,N,O,03/26/2026 02:17:39 PM
8129A,N,O,03/27/2026 10:47:45 AM
8129B,N,O,03/27/2026 07:55:49 AM
8130A,N,O,03/27/2026 09:17:32 AM
8130B,N,O,03/26/2026 09:24:56 AM
8131A,N,O,03/27/2026 11:18:10 AM
8132B,N,O,03/27/2026 07:57:54 AM
8135A,N,O,03/27/2026 11:20:14 AM
8135B,N,O,03/27/2026 08:00:54 AM
8136A,N,O,03/27/2026 12:14:29 PM
8136B,N,O,03/27/2026 06:58:53 AM
8137A,N,O,03/27/2026 07:53:43 AM
8137B,N,O,03/27/2026 06:58:01 AM
8138A,N,O,03/26/2026 08:59:00 AM
8138B,N,O,03/27/2026 11:50:58 AM
8139A,N,O,03/27/2026 09:51:46 AM
8139B,N,O,03/27/2026 11:35:26 AM
8144A,N,V,03/27/2026 08:19:52 AM
8144B,N,O,03/27/2026 06:55:44 AM
8145A,N,O,03/27/2026 08:47:13 AM
8145B,N,O,03/27/2026 08:26:20 AM
8146A,N,O,03/27/2026 08:36:40 AM
8146B,N,V,03/27/2026 12:27:09 PM
8147B,N,O,03/27/2026 11:37:00 AM
8148A,N,O,03/27/2026 06:56:44 AM
8148B,N,O,03/27/2026 06:56:44 AM
8149A,N,O,03/27/2026 11:37:28 AM
8149B,N,O,03/27/2026 09:29:24 AM
8150A,N,O,03/27/2026 10:39:54 AM
8150B,N,O,03/27/2026 08:05:20 AM
8152A,N,O,03/27/2026 09:26:53 AM
8152B,N,O,03/27/2026 10:33:13 AM
8153A,N,O,03/27/2026 06:57:37 AM
8154A,N,O,03/27/2026 06:55:49 AM
8154B,N,O,03/27/2026 09:54:51 AM
8155A,N,O,03/27/2026 11:22:23 AM
8155B,N,O,03/27/2026 07:59:51 AM
8156B,N,O,03/27/2026 09:29:32 AM
8157A,N,O,03/27/2026 06:57:48 AM
8157B,N,O,03/27/2026 06:57:51 AM
8158A,N,O,03/27/2026 07:47:15 AM
8158B,N,O,03/27/2026 12:09:47 PM
8159A,N,O,03/27/2026 09:19:46 AM
8159B,N,O,03/27/2026 06:55:43 AM
8160A,N,O,03/27/2026 11:09:37 AM
8160B,N,O,03/27/2026 09:52:57 AM
8161A,N,O,03/27/2026 07:56:38 AM
8161B,N,O,03/27/2026 11:59:54 AM
8162A,N,O,03/27/2026 06:57:53 AM
8162B,N,O,03/27/2026 06:57:53 AM
8163A,N,O,03/27/2026 06:56:45 AM
8163B,N,O,03/27/2026 08:06:10 AM
8164A,N,O,03/27/2026 06:55:44 AM
8164B,N,O,03/27/2026 06:55:44 AM
8177A,N,O,03/27/2026 07:57:46 AM
8179A,N,O,03/27/2026 10:13:37 AM
8179B,N,O,03/27/2026 09:39:00 AM
8185B,N,O,03/27/2026 12:27:28 PM
8186A,N,O,03/27/2026 07:58:52 AM
8186B,N,O,03/27/2026 12:13:35 PM
8187A,N,O,03/27/2026 07:57:47 AM
8188A,N,O,03/27/2026 07:56:48 AM
8188B,N,O,03/27/2026 12:21:56 PM
8189A,N,O,03/27/2026 09:22:45 AM
8190A,N,O,03/27/2026 07:59:41 AM
8190B,N,O,03/27/2026 07:59:48 AM
8191A,N,O,03/27/2026 12:12:32 PM
8191B,N,O,03/27/2026 07:58:59 AM
8192A,N,O,03/27/2026 09:08:30 AM
8192B,N,O,03/27/2026 12:15:52 PM
8193A,N,O,03/27/2026 07:56:58 AM
8193B,N,O,03/27/2026 12:23:23 PM
8194A,N,O,03/27/2026 08:13:25 AM
8194B,N,O,03/27/2026 07:55:49 AM
8195A,N,O,03/27/2026 09:19:08 AM
8195B,N,O,03/27/2026 07:59:46 AM
8196A,N,O,03/27/2026 11:58:28 AM
8196B,N,O,03/27/2026 10:59:24 AM
8197A,N,O,03/27/2026 11:37:10 AM
8197B,N,O,03/27/2026 10:12:27 AM
8198A,N,O,03/27/2026 07:57:08 AM
8198B,N,O,03/27/2026 10:58:19 AM
8199A,N,O,03/27/2026 07:55:43 AM
8199B,N,O,03/27/2026 11:43:51 AM
81A,N,O,03/27/2026 12:25:15 PM
81B,N,O,03/27/2026 12:25:04 PM
8201A,N,O,03/27/2026 07:58:51 AM
8201B,N,O,03/27/2026 07:58:43 AM
8202A,N,O,03/27/2026 12:21:00 PM
8202B,N,O,03/27/2026 12:12:51 PM
8203A,N,O,03/27/2026 11:39:08 AM
8203B,N,V,03/27/2026 10:13:52 AM
8211A,N,O,03/27/2026 07:58:43 AM
8211B,N,O,03/27/2026 09:45:41 AM
8212A,N,O,03/27/2026 07:57:48 AM
8212B,N,O,03/27/2026 08:01:00 AM
8213A,N,O,03/27/2026 11:20:12 AM
8214A,N,V,03/27/2026 11:53:18 AM
8214B,N,O,03/27/2026 10:51:43 AM
8215B,N,O,03/27/2026 09:58:17 AM
8216A,N,V,03/27/2026 08:02:23 AM
8218A,N,O,03/27/2026 08:25:22 AM
8218B,N,O,03/27/2026 07:56:48 AM
8219A,N,O,03/27/2026 07:55:51 AM
8219B,N,O,03/27/2026 10:46:48 AM
8222A,N,O,03/27/2026 08:17:13 AM
8222B,N,O,03/27/2026 11:50:07 AM
8223A,N,O,03/27/2026 12:03:08 PM
8223B,N,O,03/27/2026 10:13:09 AM
8226A,N,O,03/27/2026 09:41:14 AM
8226B,N,O,03/27/2026 10:56:25 AM
8227B,NU,O,03/27/2026 07:57:44 AM
8229A,N,O,03/27/2026 11:47:18 AM
8229B,N,O,03/27/2026 06:55:43 AM
8230A,N,O,03/27/2026 07:59:50 AM
8230B,N,V,03/27/2026 12:27:24 PM
8231A,N,O,03/27/2026 09:57:49 AM
8231B,N,O,03/27/2026 07:59:02 AM
8232B,N,O,03/27/2026 07:57:51 AM
8233A,N,O,03/27/2026 11:00:00 AM
8233B,N,O,03/27/2026 11:09:28 AM
8236B,N,O,03/27/2026 12:16:57 PM
8237A,N,O,03/27/2026 07:57:52 AM
8237B,N,V,03/27/2026 11:55:16 AM
8238A,N,V,03/27/2026 12:20:02 PM
8238B,N,V,03/27/2026 12:26:29 PM
8239A,N,O,03/27/2026 11:47:22 AM
8239B,N,O,03/27/2026 12:09:36 PM
8241A,N,O,03/27/2026 07:58:52 AM
8241B,N,O,03/27/2026 11:21:35 AM
8246A,N,O,03/27/2026 10:22:42 AM
8246B,N,O,03/27/2026 11:42:31 AM
8247A,N,O,03/27/2026 10:46:43 AM
8247B,N,V,03/27/2026 11:59:51 AM
8248A,N,O,03/27/2026 11:47:53 AM
8248B,N,O,03/27/2026 10:42:03 AM
8249A,N,O,03/27/2026 11:23:36 AM
8251A,N,O,03/27/2026 11:56:47 AM
8251B,N,O,03/27/2026 06:58:53 AM
8252A,N,O,03/27/2026 09:48:15 AM
8252B,N,V,03/27/2026 12:05:40 PM
8253A,N,O,03/27/2026 12:21:54 PM
8253B,N,O,03/27/2026 12:14:27 PM
8254A,N,O,03/27/2026 07:16:47 AM
8254B,N,O,03/27/2026 11:24:24 AM
8255A,N,O,03/27/2026 07:00:00 AM
8255B,N,O,03/27/2026 11:24:34 AM
8256B,N,O,03/27/2026 10:39:46 AM
8257A,N,O,03/27/2026 06:57:48 AM
8258A,N,O,03/27/2026 12:14:50 PM
8258B,N,V,03/27/2026 12:27:31 PM
8259A,N,O,03/27/2026 09:26:30 AM
8259B,N,O,03/27/2026 10:29:28 AM
8260A,N,O,03/27/2026 10:44:25 AM
8260B,N,O,03/27/2026 10:50:48 AM
8261A,N,O,03/27/2026 10:57:13 AM
8261B,N,O,03/27/2026 12:17:35 PM
8262A,N,V,03/27/2026 12:27:05 PM
8262B,N,O,03/27/2026 06:57:45 AM
8263A,N,O,03/27/2026 12:25:34 PM
8263B,N,O,03/27/2026 09:41:56 AM
8264A,N,O,03/27/2026 11:50:35 AM
8264B,N,O,03/27/2026 09:52:06 AM
8266A,N,O,03/27/2026 10:03:49 AM
8266B,N,V,03/27/2026 11:35:02 AM
8267A,N,O,03/27/2026 07:29:39 AM
8267B,N,O,03/27/2026 08:14:35 AM
8268A,N,O,03/27/2026 11:52:45 AM
8268B,N,O,03/27/2026 08:43:36 AM
8269A,N,O,03/27/2026 06:55:40 AM
8269B,N,O,03/27/2026 10:14:30 AM
82A,N,O,03/27/2026 12:24:22 PM
82B,N,O,03/27/2026 11:18:41 AM
8304A,N,O,03/27/2026 11:56:27 AM
8304B,N,O,03/27/2026 11:56:03 AM
8305A,N,O,03/27/2026 12:04:27 PM
8305B,N,O,03/27/2026 12:20:43 PM
8306A,N,O,03/27/2026 10:51:27 AM
8306B,N,O,03/27/2026 11:36:09 AM
8309A,N,O,03/27/2026 11:39:37 AM
8310A,N,O,03/27/2026 11:38:36 AM
8310B,N,O,03/27/2026 11:38:56 AM
8311A,N,O,03/27/2026 12:10:47 PM
8311B,N,O,03/27/2026 11:36:32 AM
8312A,N,O,03/27/2026 06:57:50 AM
8312B,N,V,03/27/2026 12:24:56 PM
8313A,N,V,03/27/2026 12:17:51 PM
8313B,N,V,03/27/2026 12:26:32 PM
8314A,N,O,03/27/2026 12:18:51 PM
8314B,N,O,03/27/2026 12:21:38 PM
8315A,N,V,03/27/2026 12:27:32 PM
8315B,N,O,03/27/2026 12:26:08 PM
8316A,N,O,03/27/2026 11:54:32 AM
8316B,N,O,03/27/2026 12:11:13 PM
8319A,N,O,03/27/2026 11:05:02 AM
8319B,N,O,03/27/2026 11:31:20 AM
8320A,N,O,03/27/2026 12:26:49 PM
8320B,N,O,03/27/2026 12:21:51 PM
8321A,N,V,03/27/2026 12:22:03 PM
8321B,N,O,03/27/2026 12:02:38 PM
8322A,N,O,03/27/2026 08:15:11 AM
8324B,N,V,03/27/2026 12:14:12 PM
8325A,N,O,03/27/2026 11:29:32 AM
8325B,N,O,03/27/2026 11:41:37 AM
8326A,N,O,03/27/2026 11:43:03 AM
8326B,N,O,03/27/2026 12:26:23 PM
8327A,N,O,03/27/2026 11:47:44 AM
8327B,N,O,03/27/2026 11:54:08 AM
8328A,NU,O,03/27/2026 11:13:04 AM
8328B,NU,V,03/27/2026 11:14:50 AM
8329A,N,O,03/27/2026 11:55:39 AM
8329B,N,O,03/27/2026 12:27:24 PM
8330A,N,O,03/27/2026 11:48:48 AM
8330B,N,O,03/27/2026 11:01:51 AM
8331A,N,O,03/27/2026 12:23:47 PM
8331B,N,O,03/27/2026 12:06:10 PM
8333A,N,O,03/27/2026 11:28:55 AM
8333B,N,O,03/27/2026 12:16:11 PM
8334B,N,O,03/27/2026 11:24:12 AM
8335A,N,V,03/27/2026 12:27:00 PM
8335B,N,O,03/27/2026 12:04:54 PM
8336A,N,O,03/27/2026 12:03:15 PM
8336B,N,O,03/27/2026 12:24:03 PM
8337B,N,O,03/27/2026 12:20:42 PM
8338A,N,O,03/27/2026 12:01:42 PM
8338B,N,O,03/27/2026 12:23:08 PM
8339A,N,O,03/27/2026 11:57:30 AM
8339B,N,O,03/27/2026 12:25:18 PM
8340A,N,O,03/27/2026 09:56:03 AM
8340B,N,O,03/27/2026 12:15:58 PM
8341A,N,O,03/27/2026 10:14:46 AM
8341B,N,O,03/27/2026 12:26:56 PM
8342A,N,V,03/27/2026 12:21:19 PM
8342B,N,O,03/27/2026 09:02:03 AM
8343A,N,O,03/27/2026 12:27:12 PM
8343B,N,O,03/27/2026 12:14:12 PM
8344A,N,O,03/27/2026 06:56:00 AM
8344B,N,O,03/27/2026 08:52:24 AM
8345A,N,O,03/27/2026 06:59:53 AM
8345B,N,O,03/27/2026 09:13:32 AM
8346A,N,O,03/26/2026 06:58:44 AM
8346B,N,O,03/27/2026 06:58:46 AM
8347A,N,O,03/27/2026 12:15:34 PM
8349A,N,O,03/27/2026 10:52:26 AM
8349B,N,O,03/27/2026 08:24:03 AM
8350A,N,O,03/27/2026 11:37:30 AM
8350B,N,O,03/27/2026 10:49:17 AM
8351A,N,O,03/27/2026 11:55:21 AM
8351B,N,O,03/27/2026 10:18:57 AM
8352A,N,O,03/27/2026 12:06:03 PM
8352B,N,O,03/27/2026 06:57:48 AM
8353B,N,O,03/27/2026 11:47:53 AM
8354A,N,O,03/27/2026 12:27:31 PM
8354B,N,O,03/27/2026 12:26:31 PM
8360B,N,O,03/27/2026 06:59:52 AM
8361A,N,O,03/27/2026 12:27:12 PM
8361B,N,O,03/27/2026 08:28:12 AM
8362A,N,O,03/27/2026 12:11:04 PM
8362B,N,O,03/27/2026 09:40:39 AM
8363A,N,O,03/27/2026 11:42:18 AM
8363B,N,O,03/27/2026 12:06:52 PM
8364A,N,O,03/27/2026 06:55:56 AM
8364B,N,O,03/27/2026 11:28:16 AM
8365A,N,O,03/27/2026 11:59:16 AM
8365B,N,O,03/27/2026 12:17:27 PM
8366A,N,O,03/27/2026 12:25:05 PM
8366B,N,O,03/27/2026 12:11:24 PM
8367A,N,V,03/27/2026 12:17:50 PM
8367B,N,O,03/27/2026 06:57:42 AM
8369A,N,O,03/27/2026 11:40:29 AM
8369B,N,O,03/27/2026 06:55:48 AM
8370A,N,O,03/27/2026 10:15:53 AM
8370B,N,O,03/27/2026 11:46:09 AM
8371A,N,V,03/27/2026 12:20:18 PM
8371B,N,O,03/27/2026 11:40:07 AM
8372A,N,V,03/27/2026 12:18:26 PM
8372B,N,O,03/27/2026 12:11:20 PM
8373A,N,O,03/27/2026 10:34:08 AM
8373B,N,O,03/27/2026 12:27:42 PM
8374A,N,V,03/27/2026 12:19:36 PM
8374B,N,O,03/27/2026 12:20:52 PM
8375A,N,O,03/27/2026 11:47:13 AM
8375B,N,V,03/27/2026 12:17:38 PM
8376A,N,O,03/27/2026 11:38:05 AM
8377A,N,O,03/27/2026 08:25:28 AM
8378A,N,O,03/27/2026 12:03:43 PM
8378B,N,V,03/27/2026 12:27:38 PM
8379A,N,V,03/27/2026 12:25:35 PM
8379B,N,O,03/27/2026 11:57:19 AM
8380A,N,O,03/27/2026 11:14:03 AM
8380B,N,V,03/27/2026 11:05:23 AM
8381A,N,O,03/27/2026 12:15:48 PM
8381B,N,O,03/27/2026 12:15:08 PM
8382A,N,O,03/27/2026 12:08:07 PM
8382B,N,V,03/27/2026 10:01:32 AM
8383A,N,O,03/27/2026 12:01:10 PM
8383B,N,V,03/27/2026 12:15:11 PM
8384A,N,V,03/27/2026 12:24:23 PM
8384B,N,O,03/27/2026 11:03:15 AM
8385A,N,V,03/27/2026 12:27:28 PM
8385B,N,V,03/27/2026 12:23:47 PM
8386A,N,O,03/27/2026 11:48:16 AM
8386B,N,O,03/27/2026 12:13:18 PM
8387A,N,O,03/27/2026 12:06:40 PM
8387B,N,O,03/27/2026 11:20:20 AM
8388A,N,O,03/27/2026 12:21:41 PM
8388B,N,O,03/27/2026 12:18:19 PM
8389A,N,O,03/27/2026 11:29:42 AM
8390A,N,O,03/27/2026 12:23:07 PM
8390B,N,V,03/27/2026 12:25:08 PM
8391A,N,O,03/27/2026 12:09:07 PM
8391B,N,O,03/27/2026 10:54:18 AM
8392A,N,O,03/27/2026 12:02:29 PM
8392B,N,O,03/27/2026 11:58:12 AM
8393A,N,V,03/27/2026 12:26:05 PM
8393B,N,O,03/27/2026 11:34:40 AM
8394A,N,O,03/27/2026 11:14:48 AM
8394B,N,O,03/27/2026 12:05:38 PM
8395A,N,O,03/27/2026 12:24:45 PM
8395B,N,O,03/27/2026 06:59:49 AM
8396B,N,O,03/27/2026 11:52:04 AM
8397A,N,O,03/27/2026 11:30:33 AM
8401B,N,O,03/27/2026 06:58:51 AM
8402A,N,O,03/27/2026 10:52:44 AM
8402B,N,O,03/27/2026 10:47:54 AM
8403A,N,O,03/27/2026 06:56:48 AM
8403B,N,O,03/27/2026 08:57:37 AM
8404A,N,O,03/27/2026 06:55:54 AM
8404B,N,O,03/27/2026 06:55:54 AM
8405A,N,O,03/27/2026 09:42:57 AM
8405B,N,O,03/27/2026 11:34:52 AM
8406A,N,O,03/27/2026 10:04:04 AM
8406B,N,O,03/27/2026 09:49:47 AM
8407A,N,O,03/27/2026 10:06:19 AM
8407B,N,O,03/27/2026 06:57:50 AM
8408A,N,O,03/27/2026 06:56:52 AM
8408B,N,O,03/27/2026 06:56:52 AM
8409A,N,O,03/27/2026 12:26:40 PM
8409B,N,O,03/27/2026 12:02:36 PM
8410A,N,O,03/27/2026 10:36:58 AM
8411A,N,O,03/27/2026 12:11:39 PM
8411B,N,O,03/27/2026 09:13:18 AM
8412A,N,O,03/27/2026 06:57:56 AM
8412B,N,O,03/27/2026 11:46:24 AM
8413A,N,O,03/27/2026 08:54:36 AM
8413B,N,O,03/27/2026 11:35:42 AM
8414A,N,O,03/27/2026 11:32:30 AM
8414B,N,O,03/27/2026 11:57:46 AM
8415A,N,O,03/27/2026 11:12:18 AM
8415B,N,O,03/27/2026 09:28:24 AM
8416A,N,O,03/27/2026 06:58:52 AM
8416B,N,O,03/27/2026 06:58:52 AM
8417A,N,O,03/27/2026 06:57:50 AM
8417B,N,O,03/27/2026 09:32:55 AM
8418A,N,O,03/27/2026 12:11:31 PM
8418B,N,V,03/27/2026 12:25:15 PM
8419A,N,O,03/27/2026 06:55:43 AM
8419B,N,O,03/27/2026 11:37:22 AM
8433A,N,V,03/27/2026 12:27:08 PM
8434A,N,O,03/27/2026 12:27:38 PM
8434B,N,V,03/27/2026 12:20:40 PM
8435A,N,O,03/27/2026 08:58:40 AM
8435B,N,V,03/27/2026 12:26:11 PM
8437A,N,O,03/27/2026 09:20:13 AM
8437B,N,O,03/27/2026 12:22:44 PM
8438A,N,O,03/27/2026 12:25:30 PM
8438B,N,V,03/27/2026 12:27:41 PM
8439A,N,O,03/27/2026 11:59:51 AM
8441A,N,O,03/27/2026 12:22:11 PM
8441B,N,O,03/27/2026 10:57:37 AM
8442B,N,O,03/27/2026 11:49:17 AM
8448A,N,O,03/27/2026 06:56:52 AM
8448B,N,O,03/27/2026 09:50:53 AM
8449A,N,O,03/27/2026 12:17:28 PM
8449B,N,O,03/27/2026 12:17:07 PM
8450A,N,O,03/27/2026 09:13:30 AM
8450B,N,O,03/27/2026 06:59:47 AM
8451A,N,O,03/27/2026 08:22:03 AM
8451B,N,O,03/27/2026 08:21:30 AM
8452A,N,O,03/27/2026 09:56:08 AM
8452B,N,O,03/27/2026 06:57:46 AM
8453A,N,O,03/27/2026 06:56:54 AM
8453B,N,O,03/27/2026 06:56:47 AM
8454A,N,O,03/27/2026 08:08:21 AM
8454B,N,O,03/27/2026 06:55:48 AM
8455A,N,O,03/27/2026 08:06:18 AM
8455B,N,O,03/27/2026 09:54:25 AM
8456A,N,O,03/27/2026 07:58:49 AM
8456B,N,O,03/27/2026 06:58:44 AM
8457A,N,O,03/27/2026 06:57:50 AM
8457B,N,O,03/27/2026 12:15:48 PM
8474A,N,O,03/27/2026 10:12:46 AM
8474B,N,O,03/27/2026 06:55:43 AM
8476A,N,O,03/27/2026 08:32:54 AM
8476B,N,O,03/27/2026 12:22:09 PM
8477A,N,O,03/27/2026 10:23:49 AM
8477B,N,O,03/27/2026 06:57:43 AM
8490B,N,O,03/27/2026 08:22:42 AM
8491A,NU,O,03/27/2026 06:58:55 AM
8491B,NU,O,03/27/2026 11:15:29 AM
8492A,N,O,03/27/2026 10:52:37 AM
8492B,N,O,03/26/2026 06:08:56 PM
8493A,N,O,03/27/2026 11:43:21 AM
8493B,N,O,03/27/2026 12:19:06 PM
8494A,N,O,03/27/2026 11:10:47 AM
8494B,N,O,03/27/2026 11:04:58 AM
8495A,N,O,03/27/2026 11:03:28 AM
8495B,NU,O,03/27/2026 09:33:52 AM
8496A,N,O,03/27/2026 11:12:03 AM
8496B,N,O,03/27/2026 11:10:12 AM
8497A,N,O,03/27/2026 11:10:44 AM
8497B,N,O,03/27/2026 06:57:44 AM
8498A,N,O,03/27/2026 12:05:43 PM
8498B,N,O,03/27/2026 11:15:27 AM
8499A,N,O,03/27/2026 12:05:31 PM
8503A,N,O,03/27/2026 06:56:49 AM
8503B,N,O,03/27/2026 12:05:27 PM
8504A,N,O,03/27/2026 08:26:27 AM
8504B,N,O,03/27/2026 09:09:29 AM
8505A,N,O,03/27/2026 10:25:40 AM
8505B,N,V,03/27/2026 10:31:41 AM
8506A,N,O,03/27/2026 08:22:38 AM
8506B,N,O,03/27/2026 10:48:34 AM
8507B,N,O,03/27/2026 08:21:39 AM
8508A,N,O,03/27/2026 11:58:17 AM
8508B,N,O,03/27/2026 12:23:56 PM
8509A,N,O,03/27/2026 09:16:29 AM
8509B,N,O,03/27/2026 10:32:14 AM
8510A,N,O,03/27/2026 11:39:36 AM
8510B,N,O,03/27/2026 06:59:46 AM
8511A,N,O,03/27/2026 06:58:48 AM
8511B,N,O,03/27/2026 12:19:55 PM
8512A,N,O,03/27/2026 11:34:19 AM
8512B,N,O,03/27/2026 12:22:08 PM
8513A,N,O,03/27/2026 09:38:05 AM
8513B,N,O,03/27/2026 08:01:29 AM
8514A,N,O,03/27/2026 06:55:40 AM
8514B,N,O,03/27/2026 10:02:11 AM
8515A,N,O,03/27/2026 10:35:59 AM
8540A,N,O,03/27/2026 08:51:42 AM
8540B,N,O,03/27/2026 06:59:50 AM
8541A,N,O,03/27/2026 06:58:57 AM
8541B,N,O,03/27/2026 06:58:49 AM
8542A,N,O,03/27/2026 08:54:05 AM
8542B,N,O,03/27/2026 12:12:31 PM
8543A,N,O,03/27/2026 07:56:22 AM
8543B,N,O,03/27/2026 11:50:54 AM
8544A,N,O,03/27/2026 11:18:12 AM
8544B,N,O,03/27/2026 09:04:58 AM
8545A,N,O,03/27/2026 08:24:56 AM
8545B,N,V,03/27/2026 12:17:37 PM
8546A,N,O,03/27/2026 11:38:07 AM
8546B,N,O,03/27/2026 06:58:53 AM
8547A,N,O,03/27/2026 12:27:43 PM
8547B,N,O,03/27/2026 12:19:43 PM
8548A,N,O,03/27/2026 07:34:41 AM
8548B,N,O,03/27/2026 12:14:57 PM
8549A,N,O,03/27/2026 12:08:04 PM
8549B,N,O,03/27/2026 11:34:45 AM
8550A,N,O,03/27/2026 09:38:47 AM
8550B,N,O,03/27/2026 10:48:53 AM
8551A,N,O,03/27/2026 10:23:40 AM
8551B,N,O,03/27/2026 10:29:22 AM
8552A,N,O,03/27/2026 06:57:54 AM
8552B,N,O,03/26/2026 06:57:48 AM
8553A,N,O,03/27/2026 06:57:03 AM
8553B,N,O,03/27/2026 12:22:12 PM
8554A,N,O,03/27/2026 12:22:00 PM
8554B,N,O,03/27/2026 06:55:49 AM
8555A,N,O,03/27/2026 06:59:48 AM
8557A,N,V,03/27/2026 12:21:29 PM
8557B,N,O,03/27/2026 11:02:46 AM
8558A,N,O,03/27/2026 10:02:51 AM
8558B,N,O,03/27/2026 11:13:36 AM
8561A,N,O,03/26/2026 06:58:49 AM
8561B,N,O,03/27/2026 12:02:57 PM
8562B,N,O,03/27/2026 06:58:01 AM
8563A,N,O,03/27/2026 08:43:12 AM
8563B,N,O,03/27/2026 08:18:23 AM
8564A,N,O,03/27/2026 06:55:50 AM
8564B,N,O,03/27/2026 06:55:54 AM
8565A,N,O,03/27/2026 07:43:57 AM
8565B,N,O,03/27/2026 12:01:09 PM
8566A,N,O,03/27/2026 12:25:07 PM
8566B,N,O,03/27/2026 06:58:44 AM
8568A,N,V,03/27/2026 11:45:46 AM
8568B,N,V,03/03/2026 11:41:56 PM
8569A,N,O,03/27/2026 12:22:00 PM
8569B,N,O,03/27/2026 12:24:39 PM
8590A,N,O,03/27/2026 10:17:36 AM
8590B,N,O,03/27/2026 06:59:44 AM
8591A,N,O,03/27/2026 09:08:03 AM
8591B,N,O,03/27/2026 11:23:29 AM
8592A,N,O,03/27/2026 10:18:48 AM
8592B,N,O,03/27/2026 08:03:03 AM
8593A,N,O,03/27/2026 06:56:47 AM
8593B,N,O,03/27/2026 09:47:07 AM
8594A,N,O,03/27/2026 10:45:14 AM
8594B,N,O,03/27/2026 06:55:43 AM
8595A,N,O,03/27/2026 06:59:45 AM
8595B,N,O,03/27/2026 06:59:45 AM
8596A,N,O,03/27/2026 06:58:46 AM
8597A,N,V,03/27/2026 12:17:36 PM
8597B,N,V,03/27/2026 12:27:03 PM
8598A,N,O,03/27/2026 11:55:29 AM
8598B,N,O,03/27/2026 08:33:33 AM
8599A,N,O,03/27/2026 06:55:55 AM
8599B,N,O,03/27/2026 11:49:36 AM
8600A,N,O,03/27/2026 11:50:38 AM
8600B,N,O,03/27/2026 06:59:52 AM
8611A,N,O,03/27/2026 06:59:05 AM
8611B,N,O,03/27/2026 11:35:09 AM
8612A,N,O,03/27/2026 11:21:41 AM
8612B,N,O,03/27/2026 12:27:34 PM
8613A,N,O,03/27/2026 11:25:42 AM
8613B,N,O,03/27/2026 08:40:21 AM
8614A,N,O,03/27/2026 07:17:23 AM
8614B,N,O,03/27/2026 09:09:18 AM
8616A,N,O,03/27/2026 07:18:29 AM
8616B,N,O,03/27/2026 10:21:23 AM
8617A,N,O,03/27/2026 12:09:14 PM
8617B,N,O,03/27/2026 10:34:51 AM
8618A,N,O,03/27/2026 08:09:00 AM
8618B,N,V,03/27/2026 12:05:37 PM
8619A,N,O,03/27/2026 09:55:16 AM
8619B,N,O,03/27/2026 09:08:03 AM
8620A,N,O,03/27/2026 10:56:59 AM
8622A,N,O,03/27/2026 09:08:31 AM
8623A,N,O,03/27/2026 12:25:30 PM
8623B,N,V,03/27/2026 12:24:57 PM
8625A,N,O,03/27/2026 08:00:07 AM
8625B,N,O,03/27/2026 10:09:22 AM
8626A,N,O,03/27/2026 10:29:06 AM
8627A,N,O,03/27/2026 08:23:07 AM
8627B,N,O,03/27/2026 11:25:32 AM
8628A,N,O,03/27/2026 10:34:04 AM
8628B,N,V,03/27/2026 12:16:03 PM
8629A,N,O,03/27/2026 10:54:34 AM
8629B,N,O,03/27/2026 09:33:59 AM
8630A,N,O,03/27/2026 10:08:00 AM
8630B,N,O,03/27/2026 12:17:30 PM
8631A,N,O,03/27/2026 07:56:23 AM
8631B,N,O,03/27/2026 08:10:44 AM
8632A,N,O,03/27/2026 08:17:30 AM
8632B,N,O,03/27/2026 10:52:21 AM
8633A,N,O,03/27/2026 11:26:49 AM
8633B,N,V,03/27/2026 12:16:15 PM
8634A,N,O,03/27/2026 11:52:24 AM
8634B,N,O,03/27/2026 08:04:07 AM
8635A,N,O,03/27/2026 07:34:52 AM
8635B,N,O,03/27/2026 12:24:36 PM
8646A,N,O,03/27/2026 09:58:13 AM
8646B,N,O,03/27/2026 06:58:49 AM
8647A,N,O,03/27/2026 12:27:21 PM
8647B,N,O,03/27/2026 11:32:57 AM
8648A,N,O,03/26/2026 11:52:37 PM
8648B,N,O,03/27/2026 08:53:23 AM
8649A,N,V,03/27/2026 09:02:35 AM
8649B,N,O,03/27/2026 12:25:15 PM
8651A,N,O,03/27/2026 11:41:30 AM
8651B,N,O,03/27/2026 11:14:13 AM
8652A,N,O,03/27/2026 09:45:38 AM
8652B,N,O,03/27/2026 06:57:48 AM
8653A,N,O,03/27/2026 12:09:40 PM
8653B,N,O,03/27/2026 06:56:52 AM
8654A,N,O,03/27/2026 11:55:42 AM
8654B,N,V,03/27/2026 12:01:54 PM
8655A,N,V,03/27/2026 12:17:26 PM
8655B,N,O,03/27/2026 10:59:06 AM
8656A,N,O,03/27/2026 11:36:50 AM
8656B,N,O,03/27/2026 11:06:05 AM
8657A,N,O,03/27/2026 09:28:40 AM
8657B,N,O,03/27/2026 06:57:49 AM
8664A,N,O,03/27/2026 11:04:26 AM
8665A,N,O,03/27/2026 11:23:05 AM
8665B,N,O,03/27/2026 09:55:34 AM
8666A,N,O,03/27/2026 08:16:42 AM
8666B,N,O,03/27/2026 06:58:43 AM
8667A,N,O,03/27/2026 12:26:39 PM
8667B,N,O,03/27/2026 12:26:05 PM
8668A,N,O,03/27/2026 07:56:59 AM
8668B,N,O,03/27/2026 07:56:48 AM
8669A,N,V,03/27/2026 12:24:48 PM
8669B,N,V,03/27/2026 12:27:24 PM
8673A,N,O,03/27/2026 09:31:22 AM
8673B,N,O,03/27/2026 11:33:44 AM
8674A,N,O,03/27/2026 09:50:09 AM
8675A,N,O,03/27/2026 10:00:23 AM
8675B,N,O,03/27/2026 09:42:00 AM
8676A,N,O,03/27/2026 06:58:46 AM
8676B,N,O,03/27/2026 08:19:45 AM
8677B,N,V,03/27/2026 11:17:05 AM
8678A,N,O,03/27/2026 11:32:30 AM
8678B,N,O,03/27/2026 06:56:48 AM
8679A,N,O,03/27/2026 11:05:52 AM
8679B,N,O,03/27/2026 12:16:45 PM
8680A,N,O,03/27/2026 09:30:20 AM
8680B,N,O,03/27/2026 09:49:02 AM
8684A,N,O,03/27/2026 09:01:33 AM
8684B,N,O,03/27/2026 12:09:08 PM
8685A,N,O,03/27/2026 12:22:52 PM
8685B,N,O,03/27/2026 07:03:32 AM
8687A,N,O,03/27/2026 12:01:16 PM
8687B,N,O,03/27/2026 10:36:47 AM
8688B,N,O,03/27/2026 11:33:00 AM
8690B,N,O,03/27/2026 11:56:40 AM
8691A,N,O,03/27/2026 12:02:25 PM
8691B,N,O,03/27/2026 08:02:30 AM
8692A,N,O,03/27/2026 10:36:53 AM
8692B,N,O,03/27/2026 08:32:32 AM
8693A,N,O,03/27/2026 08:02:48 AM
8693B,N,O,03/26/2026 05:00:28 PM
8694A,N,V,03/27/2026 12:27:42 PM
8694B,N,O,03/27/2026 07:30:12 AM
8695A,N,O,03/27/2026 06:59:55 AM
8695B,N,O,03/27/2026 11:52:10 AM
8696A,N,O,03/27/2026 11:55:05 AM
8696B,N,O,03/27/2026 10:33:43 AM
8700A,N,V,03/27/2026 12:24:28 PM
8700B,N,V,03/27/2026 12:25:22 PM
8705A,N,O,03/27/2026 08:31:51 AM
8705B,N,O,03/27/2026 09:10:57 AM
8706A,N,O,03/27/2026 10:34:04 AM
8706B,N,O,03/27/2026 08:52:32 AM
8707A,N,O,03/27/2026 11:58:03 AM
8707B,N,O,03/27/2026 11:50:49 AM
8708A,N,V,03/27/2026 12:09:49 PM
8708B,N,O,03/27/2026 12:24:34 PM
870A,N,O,03/27/2026 12:20:16 PM
870B,N,O,03/27/2026 11:31:03 AM
8710A,N,O,03/27/2026 08:05:59 AM
8711A,N,O,03/27/2026 06:58:51 AM
8711B,N,O,03/27/2026 11:31:58 AM
8713A,NU,V,03/26/2026 11:59:59 PM
8713B,NU,O,03/26/2026 04:58:13 PM
8714A,NU,V,03/26/2026 11:59:56 PM
8714B,NU,O,03/26/2026 11:42:05 PM
8715A,NU,V,03/26/2026 07:12:27 PM
8715B,NU,V,03/26/2026 10:02:16 PM
8716B,NU,V,03/26/2026 11:59:53 PM
8717A,NU,V,03/26/2026 03:24:52 PM
8717B,NU,V,03/26/2026 10:08:06 PM
8718A,NU,V,03/26/2026 06:24:45 PM
8718B,NU,V,03/26/2026 02:53:27 PM
8719B,NU,V,03/26/2026 09:55:56 PM
871A,N,V,03/27/2026 12:11:47 PM
871B,N,O,03/27/2026 12:11:29 PM
8720A,NU,O,03/26/2026 05:31:13 PM
8720B,NU,O,03/26/2026 06:40:32 PM
8721A,NU,O,03/26/2026 09:01:22 PM
8721B,NU,O,03/26/2026 05:51:12 PM
8722A,NU,O,03/26/2026 06:55:13 PM
8722B,NU,O,03/26/2026 06:52:44 PM
8723B,NU,O,03/26/2026 05:40:52 PM
8724A,NU,O,03/26/2026 09:05:39 PM
8724B,NU,O,03/26/2026 09:00:04 PM
8725A,NU,O,03/26/2026 06:55:08 PM
8725B,NU,O,03/26/2026 05:55:46 PM
8726A,NU,O,03/26/2026 09:56:11 PM
8726B,NU,O,03/26/2026 08:23:56 PM
8727A,NU,V,03/22/2026 02:32:43 PM
8727B,NU,O,03/26/2026 11:59:59 PM
8728A,NU,V,03/26/2026 11:54:20 PM
8728B,NU,V,03/26/2026 10:09:51 PM
8729A,NU,O,03/26/2026 07:10:59 PM
8729B,NU,V,03/24/2026 09:19:24 PM
8730A,NU,O,03/26/2026 06:41:04 PM
8730B,NU,V,03/26/2026 10:11:23 PM
8731A,NU,O,03/26/2026 11:54:04 PM
8731B,NU,O,03/26/2026 01:55:46 PM
8733A,N,O,03/27/2026 11:55:57 AM
8733B,N,O,03/27/2026 11:48:18 AM
8734A,N,O,03/27/2026 11:41:05 AM
8734B,N,O,03/27/2026 12:23:49 PM
8735A,N,O,03/27/2026 11:32:08 AM
8735B,N,O,03/27/2026 08:59:26 AM
8736A,N,O,03/27/2026 12:02:53 PM
8736B,N,O,03/27/2026 12:27:02 PM
8737A,N,O,03/27/2026 12:06:28 PM
8737B,N,O,03/27/2026 08:50:21 AM
8738A,N,O,03/27/2026 08:43:47 AM
8738B,N,O,03/27/2026 12:19:57 PM
8739A,N,O,03/27/2026 06:55:45 AM
8739B,N,O,03/27/2026 11:58:29 AM
8750A,N,O,03/27/2026 06:59:54 AM
8751A,N,O,03/27/2026 11:41:45 AM
8751B,N,O,03/27/2026 09:34:50 AM
8753A,N,O,03/27/2026 11:12:51 AM
8754A,N,O,03/27/2026 11:48:39 AM
8754B,N,O,03/27/2026 09:35:47 AM
8755B,N,O,03/27/2026 11:21:15 AM
8756A,N,V,03/27/2026 10:49:29 AM
8757A,N,O,03/27/2026 11:26:45 AM
8757B,N,O,03/27/2026 06:57:52 AM
8758A,N,O,03/27/2026 07:05:55 AM
8758B,N,O,03/27/2026 06:56:45 AM
8759A,N,O,03/27/2026 08:44:07 AM
8759B,N,O,03/27/2026 12:17:46 PM
8760B,N,O,03/27/2026 08:30:49 AM
8762A,N,O,03/27/2026 11:32:21 AM
8762B,N,V,03/27/2026 10:32:43 AM
8764A,N,O,03/27/2026 08:37:08 AM
8765A,N,O,03/27/2026 07:50:25 AM
8765B,N,O,03/27/2026 10:41:57 AM
8766A,N,O,03/27/2026 06:58:45 AM
8766B,N,O,03/27/2026 09:10:41 AM
8767A,N,O,03/27/2026 11:35:40 AM
8767B,N,O,03/27/2026 12:22:29 PM
8768A,N,O,03/27/2026 08:23:35 AM
8768B,N,O,03/27/2026 12:12:05 PM
876A,N,O,03/27/2026 07:24:09 AM
876B,N,O,03/27/2026 06:58:44 AM
877A,N,O,03/27/2026 06:57:51 AM
877B,N,O,03/27/2026 11:06:32 AM
878A,N,V,03/27/2026 11:39:46 AM
878B,N,O,03/27/2026 12:19:16 PM
879A,N,V,03/27/2026 12:27:43 PM
879B,N,O,03/27/2026 11:49:06 AM
8803A,N,O,03/27/2026 06:56:44 AM
8804A,N,O,03/27/2026 06:55:45 AM
8804B,N,O,03/27/2026 12:26:55 PM
8805A,N,O,03/27/2026 11:55:50 AM
8805B,N,O,03/27/2026 06:59:51 AM
8806A,N,O,03/27/2026 06:58:53 AM
8806B,N,O,03/27/2026 06:58:53 AM
8807A,N,O,03/27/2026 12:26:42 PM
8807B,N,O,03/27/2026 06:57:52 AM
8808B,N,O,03/27/2026 11:42:05 AM
8809A,N,O,03/27/2026 12:21:55 PM
8809B,N,O,03/27/2026 07:46:06 AM
880A,N,O,03/27/2026 06:59:43 AM
880B,N,O,03/27/2026 12:23:36 PM
8810A,N,O,03/27/2026 11:15:20 AM
8810B,N,O,03/27/2026 07:49:37 AM
8819A,N,O,03/27/2026 12:15:21 PM
8819B,N,O,03/27/2026 11:28:50 AM
881A,N,V,03/27/2026 12:24:53 PM
881B,N,V,03/27/2026 07:49:42 AM
8820A,N,V,03/27/2026 12:26:35 PM
8820B,N,O,03/27/2026 10:39:55 AM
8822A,N,O,03/27/2026 12:09:24 PM
8822B,N,O,03/27/2026 11:40:57 AM
8825A,N,V,03/27/2026 12:20:42 PM
8825B,N,O,03/27/2026 11:19:22 AM
8826A,N,O,03/27/2026 09:56:38 AM
8826B,N,O,03/27/2026 11:56:45 AM
8827A,N,O,03/27/2026 12:23:36 PM
882A,N,O,03/27/2026 10:51:07 AM
882B,N,V,03/27/2026 12:14:27 PM
8830A,N,O,03/27/2026 08:58:24 AM
8830B,N,O,03/27/2026 06:59:40 AM
8831A,N,O,03/27/2026 11:36:28 AM
8831B,N,O,03/27/2026 08:19:54 AM
8832A,N,O,03/27/2026 12:11:03 PM
8832B,N,O,03/27/2026 12:04:14 PM
8833A,N,O,03/27/2026 12:23:50 PM
8833B,N,V,03/27/2026 12:20:36 PM
8834A,N,O,03/27/2026 09:21:08 AM
8834B,N,O,03/27/2026 12:16:12 PM
8835A,N,O,03/27/2026 07:52:17 AM
8835B,N,O,03/27/2026 08:31:02 AM
883A,N,V,03/27/2026 12:06:35 PM
883B,N,O,03/27/2026 12:26:57 PM
884A,N,V,03/27/2026 12:22:30 PM
884B,N,O,03/27/2026 11:59:00 AM
8856A,N,O,03/27/2026 10:27:36 AM
8856B,N,O,03/27/2026 08:34:19 AM
8857A,N,O,03/27/2026 11:32:30 AM
8857B,N,O,03/27/2026 10:41:49 AM
8859A,N,O,03/27/2026 07:56:01 AM
8859B,N,O,03/27/2026 07:55:54 AM
885A,N,O,03/27/2026 12:24:36 PM
885B,N,V,03/27/2026 11:18:18 AM
8860A,N,O,03/27/2026 07:59:52 AM
8860B,N,O,03/27/2026 07:59:52 AM
8862A,N,O,03/27/2026 09:49:30 AM
8862B,N,O,03/27/2026 07:57:56 AM
886A,N,V,03/27/2026 12:24:03 PM
886B,N,O,03/27/2026 12:26:26 PM
8886A,N,O,03/27/2026 09:47:26 AM
8886B,N,O,03/27/2026 10:45:17 AM
8888A,N,O,03/27/2026 11:43:15 AM
8890A,N,O,03/27/2026 07:00:24 AM
8890B,N,O,03/27/2026 10:00:29 AM
8891A,N,O,03/27/2026 06:58:44 AM
8891B,N,O,03/27/2026 10:35:00 AM
8892A,N,O,03/27/2026 08:05:21 AM
8892B,N,O,03/27/2026 11:40:57 AM
8893A,N,O,03/27/2026 09:36:06 AM
8893B,N,O,03/27/2026 08:40:19 AM
8894B,N,O,03/27/2026 12:08:16 PM
8895A,N,O,03/27/2026 10:17:07 AM
8895B,N,O,03/27/2026 12:18:35 PM
8896A,N,O,03/27/2026 09:35:32 AM
8896B,N,O,03/27/2026 10:57:51 AM
8897A,N,V,03/27/2026 12:20:22 PM
8897B,N,O,03/27/2026 12:07:00 PM
8899A,N,O,03/27/2026 11:18:14 AM
8899B,N,O,03/27/2026 09:13:51 AM
889A,N,V,03/27/2026 12:26:04 PM
889B,N,O,03/27/2026 12:24:58 PM
88A,N,V,03/27/2026 12:26:49 PM
88B,N,O,03/27/2026 12:27:23 PM
8900A,N,O,03/27/2026 08:51:00 AM
8900B,N,O,03/27/2026 11:40:46 AM
8904A,N,O,03/27/2026 11:42:02 AM
8904B,N,O,03/27/2026 12:16:06 PM
8906A,N,O,03/27/2026 10:32:26 AM
8906B,N,O,03/27/2026 10:14:46 AM
890A,N,V,03/27/2026 12:23:53 PM
890B,N,V,03/27/2026 12:23:50 PM
8935A,N,O,03/27/2026 08:51:38 AM
8935B,N,O,03/27/2026 07:41:38 AM
8936A,N,O,03/27/2026 06:58:55 AM
8936B,N,O,03/27/2026 06:58:59 AM
8937A,N,O,03/27/2026 06:57:47 AM
8937B,N,O,03/27/2026 06:57:55 AM
8938A,N,O,03/27/2026 09:38:16 AM
8938B,N,O,03/27/2026 06:56:52 AM
8939A,N,O,03/27/2026 09:36:07 AM
8939B,N,O,03/26/2026 06:43:31 PM
8961A,N,O,03/27/2026 08:44:26 AM
8961B,N,O,03/27/2026 12:25:21 PM
8962A,N,O,03/27/2026 10:33:48 AM
8962B,N,O,03/27/2026 07:57:49 AM
8963A,N,O,03/27/2026 11:54:35 AM
8963B,N,O,03/27/2026 11:52:51 AM
8964B,N,O,03/27/2026 07:55:47 AM
8965A,N,O,03/26/2026 08:00:37 AM
8965B,N,O,03/27/2026 12:14:29 PM
8966A,N,V,03/27/2026 12:26:56 PM
8966B,N,O,03/27/2026 07:58:55 AM
899B,N,O,03/27/2026 06:55:39 AM
89A,N,O,03/27/2026 11:49:53 AM
89B,N,O,03/27/2026 10:27:23 AM
8A,NU,V,02/25/2026 11:17:55 PM
8B,NU,O,02/25/2026 08:56:25 PM
90004A,N,V,03/25/2026 04:57:15 PM
90004B,N,O,03/27/2026 01:56:28 AM
90006A,NU,O,03/26/2026 05:31:21 PM
90006B,NU,O,03/26/2026 02:30:17 PM
90007A,NU,O,03/27/2026 09:02:27 AM
90007B,NU,O,03/27/2026 09:00:25 AM
90010A,N,O,03/27/2026 01:59:41 AM
90010B,N,O,03/27/2026 01:59:45 AM
90055A,N,O,03/27/2026 12:10:51 PM
90055B,N,O,03/27/2026 12:10:51 PM
90056A,N,O,03/27/2026 05:58:46 AM
90056B,N,O,03/27/2026 05:58:46 AM
90061A,NU,V,07/03/2023 10:42:34 AM
90061B,NU,V,07/03/2023 10:42:34 AM
90063A,NU,O,12/22/2025 03:31:18 PM
90063B,NU,O,12/22/2025 03:27:37 PM
90064A,NU,O,12/22/2025 03:32:45 PM
90064B,NU,O,12/22/2025 03:32:45 PM
90066A,NU,O,03/27/2026 09:59:40 AM
90066B,NU,O,03/27/2026 10:12:47 AM
900A,N,O,03/27/2026 12:10:41 PM
900B,N,O,03/27/2026 08:32:51 AM
901A,N,O,03/27/2026 11:15:34 AM
901B,N,O,03/27/2026 08:06:19 AM
9021A,N,O,03/27/2026 06:58:58 AM
9021B,N,V,03/27/2026 12:25:34 PM
9022A,N,O,03/27/2026 12:03:28 PM
9022B,N,O,03/27/2026 06:57:39 AM
902A,N,V,01/12/2026 10:52:05 AM
902B,N,O,01/12/2026 10:51:48 AM
9034A,N,O,03/27/2026 07:22:46 AM
9034B,N,O,03/27/2026 10:33:56 AM
9035A,N,O,03/26/2026 06:59:47 AM
9035B,N,O,03/27/2026 06:59:51 AM
9036A,N,O,03/27/2026 07:52:24 AM
9036B,N,O,03/27/2026 06:58:51 AM
9037A,N,O,03/27/2026 11:39:29 AM
9037B,N,O,03/27/2026 06:58:00 AM
9038A,N,O,03/27/2026 06:56:59 AM
9038B,N,O,03/27/2026 06:56:46 AM
9039A,N,O,03/27/2026 06:55:39 AM
9039B,N,O,03/27/2026 11:16:36 AM
903A,N,O,03/27/2026 07:15:52 AM
903B,N,O,03/27/2026 10:28:03 AM
9040A,N,O,03/27/2026 06:59:49 AM
9040B,N,O,03/27/2026 12:17:26 PM
9041A,N,O,03/26/2026 06:58:55 AM
9041B,N,O,03/27/2026 10:43:23 AM
9044A,N,O,03/27/2026 06:55:47 AM
9044B,N,O,03/27/2026 10:46:10 AM
904A,N,O,03/27/2026 11:51:41 AM
904B,N,O,03/27/2026 08:20:17 AM
9051A,N,O,03/27/2026 06:58:54 AM
9051B,N,O,03/27/2026 08:42:11 AM
9052A,N,O,03/27/2026 10:33:13 AM
9052B,N,O,03/27/2026 06:57:51 AM
9053A,N,O,03/27/2026 06:56:47 AM
9053B,N,O,03/27/2026 11:33:45 AM
9054A,N,O,03/24/2026 11:46:10 PM
9054B,N,O,03/27/2026 12:13:26 PM
9055A,N,V,03/27/2026 12:01:29 PM
9055B,N,O,03/27/2026 06:59:52 AM
9056B,N,O,03/27/2026 06:58:50 AM
905A,N,O,03/27/2026 11:07:34 AM
905B,N,O,03/27/2026 11:48:16 AM
9061A,N,V,03/27/2026 12:25:43 PM
9061B,N,V,03/27/2026 12:20:02 PM
9062A,N,O,03/26/2026 06:57:47 AM
9062B,N,V,03/27/2026 12:24:30 PM
9075A,N,O,03/27/2026 06:59:46 AM
9075B,N,O,03/27/2026 06:59:46 AM
9076A,N,O,03/27/2026 06:58:59 AM
9076B,N,O,03/27/2026 06:58:52 AM
9077A,N,O,03/27/2026 06:57:59 AM
907B,N,O,03/27/2026 06:57:41 AM
9080A,N,O,03/27/2026 11:12:45 AM
9080B,N,O,03/27/2026 06:59:48 AM
9082A,N,O,03/27/2026 07:56:56 AM
9082B,N,O,03/27/2026 12:17:33 PM
9083A,N,O,03/27/2026 10:54:39 AM
9083B,N,O,03/27/2026 08:40:46 AM
9084A,N,V,03/27/2026 10:25:39 AM
9084B,N,O,03/27/2026 09:24:10 AM
9085B,N,O,03/27/2026 06:59:55 AM
9086A,N,V,03/27/2026 12:03:00 PM
9086B,N,O,03/27/2026 06:58:45 AM
9087A,N,V,03/27/2026 11:25:51 AM
9087B,N,O,03/27/2026 06:57:47 AM
9088A,N,O,03/27/2026 06:56:52 AM
9088B,N,O,03/25/2026 06:56:53 AM
9089A,N,O,03/27/2026 09:39:19 AM
9089B,N,O,03/26/2026 10:39:16 PM
908B,N,O,03/27/2026 07:16:41 AM
9090B,N,O,03/27/2026 11:41:19 AM
9091A,N,O,03/27/2026 07:58:46 AM
9092A,N,O,03/27/2026 11:33:05 AM
9092B,N,O,03/27/2026 07:57:59 AM
9093A,N,O,03/27/2026 07:56:53 AM
9093B,N,O,03/26/2026 09:58:50 AM
9094B,N,O,03/27/2026 09:43:48 AM
9095A,N,O,03/27/2026 06:59:45 AM
9095B,N,O,03/27/2026 06:59:45 AM
9096A,N,O,03/27/2026 06:58:56 AM
9096B,N,O,03/27/2026 07:00:00 AM
9098A,N,O,03/27/2026 11:18:29 AM
9098B,N,O,03/27/2026 06:56:46 AM
9099A,N,O,03/27/2026 06:55:48 AM
909A,N,O,03/27/2026 07:45:06 AM
909B,N,O,03/27/2026 07:42:25 AM
90A,N,O,03/27/2026 09:51:56 AM
90B,N,V,03/27/2026 12:12:46 PM
910A,N,O,03/27/2026 07:03:03 AM
912A,NU,V,03/26/2026 11:58:54 PM
912B,NU,V,03/26/2026 08:19:48 PM
913A,NU,O,03/26/2026 05:00:45 PM
913B,NU,V,03/26/2026 11:59:07 PM
9143A,N,O,03/27/2026 08:31:51 AM
9143B,N,O,03/27/2026 09:58:11 AM
9144A,N,O,03/27/2026 07:55:49 AM
9144B,N,O,03/27/2026 09:52:13 AM
9145A,N,O,03/27/2026 08:21:35 AM
9145B,N,O,03/27/2026 09:15:03 AM
9146B,N,O,03/27/2026 11:56:17 AM
9156A,N,O,03/27/2026 10:24:06 AM
9156B,N,O,03/27/2026 07:52:29 AM
9157A,N,O,03/27/2026 11:30:43 AM
9157B,N,O,03/27/2026 09:10:30 AM
9158A,N,O,03/27/2026 08:49:15 AM
9158B,N,O,03/27/2026 12:05:17 PM
9159A,N,O,03/27/2026 06:55:46 AM
9159B,N,O,03/27/2026 11:19:18 AM
915B,NU,V,03/26/2026 09:23:22 PM
9161A,N,O,03/27/2026 08:59:22 AM
9161B,N,O,03/27/2026 08:32:50 AM
9162B,N,O,03/27/2026 10:10:01 AM
9163A,N,O,03/27/2026 10:26:30 AM
9163B,N,O,03/27/2026 12:15:09 PM
9164A,N,O,03/27/2026 08:17:21 AM
9164B,N,O,03/27/2026 06:55:38 AM
9165A,N,O,03/27/2026 11:36:18 AM
9168B,N,O,03/27/2026 12:13:20 PM
9169A,N,O,03/27/2026 11:27:22 AM
9169B,N,O,03/27/2026 11:45:26 AM
916A,N,O,03/27/2026 10:01:56 AM
9171B,N,O,03/27/2026 08:55:02 AM
9172A,N,O,03/27/2026 09:53:20 AM
9172B,N,O,03/27/2026 07:32:59 AM
9173A,N,O,03/27/2026 08:00:23 AM
9173B,N,O,03/27/2026 10:59:13 AM
9174A,N,O,03/27/2026 08:22:41 AM
9174B,N,O,03/27/2026 09:22:50 AM
9175A,N,V,03/27/2026 12:17:38 PM
9175B,N,O,03/27/2026 10:00:22 AM
9176A,N,O,03/27/2026 10:19:46 AM
9176B,N,O,03/27/2026 07:39:36 AM
9177A,N,O,03/27/2026 08:46:04 AM
9179A,N,O,03/27/2026 09:15:27 AM
9179B,N,O,03/27/2026 12:24:10 PM
9180A,N,O,03/27/2026 10:17:59 AM
9180B,N,O,03/27/2026 07:54:08 AM
9181A,N,O,03/27/2026 08:42:18 AM
9181B,N,O,03/27/2026 09:36:33 AM
9182A,N,O,03/26/2026 09:54:56 AM
9182B,N,O,03/27/2026 09:44:07 AM
9183A,N,O,03/27/2026 06:56:49 AM
9185A,N,O,03/27/2026 07:48:54 AM
9185B,N,O,03/27/2026 06:59:45 AM
9186A,N,O,03/27/2026 06:58:46 AM
9186B,N,O,03/27/2026 09:49:03 AM
9187A,N,O,03/27/2026 10:19:29 AM
9187B,N,O,03/27/2026 08:28:07 AM
9188A,N,O,03/27/2026 07:48:29 AM
9189B,N,O,03/27/2026 09:48:45 AM
918A,NU,V,03/26/2026 11:45:22 PM
918B,NU,V,03/26/2026 09:57:45 PM
9190A,N,O,03/27/2026 06:59:50 AM
9190B,N,O,03/27/2026 06:59:43 AM
9191A,N,O,03/27/2026 07:52:45 AM
9191B,N,O,03/27/2026 12:24:38 PM
919A,NU,V,03/26/2026 11:57:14 PM
919B,NU,O,03/26/2026 11:33:32 PM
91A,N,V,03/27/2026 11:46:25 AM
9227A,N,O,03/27/2026 06:57:43 AM
9228A,N,O,03/27/2026 11:21:24 AM
9228B,N,O,03/27/2026 11:15:56 AM
9229A,N,O,03/27/2026 06:55:48 AM
9229B,N,O,03/27/2026 07:04:58 AM
9230A,N,O,03/27/2026 06:59:44 AM
9234B,N,O,03/27/2026 10:53:35 AM
9235A,N,O,03/27/2026 11:10:17 AM
9235B,N,O,03/27/2026 09:40:05 AM
9236A,N,O,03/27/2026 10:24:41 AM
9236B,N,O,03/27/2026 09:58:55 AM
9237A,N,O,03/27/2026 09:20:19 AM
9238A,N,O,03/27/2026 06:56:50 AM
9238B,N,O,03/27/2026 12:20:02 PM
9239A,N,O,03/27/2026 11:49:00 AM
9239B,N,O,03/27/2026 06:55:43 AM
9240A,N,O,03/27/2026 11:03:27 AM
9240B,N,O,03/27/2026 06:59:47 AM
9241B,N,O,03/27/2026 11:31:49 AM
9247B,N,O,03/27/2026 07:57:50 AM
9248A,N,O,03/27/2026 12:24:03 PM
9248B,N,V,03/27/2026 12:26:34 PM
9249A,N,O,03/27/2026 08:04:32 AM
9249B,N,O,03/27/2026 11:11:14 AM
9250B,N,O,03/27/2026 07:02:31 AM
9251A,N,O,03/27/2026 11:17:08 AM
9252A,N,O,03/27/2026 09:17:43 AM
9252B,N,O,03/27/2026 09:06:40 AM
9253A,N,O,03/27/2026 09:01:58 AM
9253B,N,O,03/27/2026 08:21:34 AM
9255A,N,O,03/27/2026 12:27:38 PM
9255B,N,O,03/27/2026 06:59:48 AM
9256A,N,O,03/27/2026 06:58:55 AM
9256B,N,O,03/27/2026 06:59:03 AM
9257A,N,O,03/27/2026 06:57:45 AM
9257B,N,O,03/27/2026 11:23:48 AM
9258A,N,O,03/27/2026 06:56:43 AM
9258B,N,O,03/27/2026 06:56:43 AM
9259A,N,O,03/27/2026 06:55:49 AM
9259B,N,O,03/27/2026 06:55:49 AM
9264A,N,O,03/27/2026 07:30:28 AM
9264B,N,O,03/27/2026 11:43:24 AM
9265A,N,O,03/27/2026 06:59:49 AM
9265B,N,O,03/27/2026 12:10:41 PM
9266A,N,O,03/27/2026 10:15:44 AM
9266B,N,O,03/27/2026 07:03:26 AM
9268A,N,O,03/27/2026 06:56:51 AM
9268B,N,O,03/27/2026 08:07:13 AM
9269A,N,O,03/27/2026 07:56:48 AM
9269B,N,O,03/27/2026 09:34:10 AM
926A,N,V,03/27/2026 11:54:21 AM
926B,N,O,03/27/2026 10:55:55 AM
9270A,N,O,03/27/2026 10:54:15 AM
9270B,N,O,03/27/2026 09:32:46 AM
9271A,N,O,03/27/2026 06:58:43 AM
9271B,N,O,03/27/2026 06:58:43 AM
9272A,N,O,03/27/2026 09:05:23 AM
9272B,N,O,03/27/2026 11:51:13 AM
9273A,N,O,03/27/2026 06:56:53 AM
9273B,N,O,03/27/2026 06:56:53 AM
9274A,N,O,03/27/2026 12:02:31 PM
9274B,N,O,03/27/2026 12:02:31 PM
9276A,N,O,03/27/2026 06:58:44 AM
9276B,N,O,03/27/2026 10:09:29 AM
9277A,N,O,03/27/2026 06:57:40 AM
9277B,N,O,03/27/2026 09:41:08 AM
9278A,N,O,03/27/2026 12:18:58 PM
9278B,N,O,03/27/2026 12:08:04 PM
9279A,N,O,03/27/2026 06:55:45 AM
9279B,N,O,03/27/2026 11:27:09 AM
927A,N,V,03/27/2026 12:24:16 PM
927B,N,O,03/27/2026 12:24:00 PM
9280A,N,O,03/27/2026 06:59:52 AM
9280B,N,O,03/27/2026 06:59:55 AM
9281A,N,O,03/27/2026 08:15:04 AM
9281B,N,O,03/27/2026 06:58:50 AM
9282A,N,O,03/27/2026 11:48:49 AM
9282B,N,O,03/27/2026 07:17:52 AM
9283A,N,O,03/27/2026 11:53:55 AM
9283B,N,O,03/27/2026 06:56:46 AM
9284A,N,O,03/27/2026 11:24:22 AM
9284B,N,O,03/27/2026 07:46:35 AM
9285A,N,O,03/27/2026 09:13:51 AM
9285B,N,O,03/27/2026 11:05:55 AM
9286A,N,O,03/27/2026 09:58:51 AM
9286B,N,O,03/27/2026 11:49:29 AM
9287A,N,O,03/27/2026 12:27:41 PM
9287B,N,O,03/27/2026 11:01:53 AM
9288A,N,O,03/27/2026 11:56:28 AM
9288B,N,O,03/27/2026 12:04:41 PM
9289A,N,O,03/27/2026 06:55:46 AM
9289B,N,O,03/27/2026 09:12:51 AM
928A,N,V,03/27/2026 11:55:00 AM
928B,N,O,03/27/2026 12:21:14 PM
9290A,N,V,03/27/2026 12:26:43 PM
9290B,N,O,03/27/2026 11:04:03 AM
9291B,N,V,03/27/2026 11:17:17 AM
9292B,N,O,03/27/2026 12:15:03 PM
9293A,N,O,03/27/2026 11:32:21 AM
9293B,N,V,03/27/2026 12:27:18 PM
9294A,N,O,03/27/2026 06:55:49 AM
9294B,N,O,03/27/2026 06:55:49 AM
9295A,N,O,03/27/2026 09:22:27 AM
9295B,N,O,03/27/2026 08:25:34 AM
9296A,N,O,03/27/2026 08:47:12 AM
9296B,N,O,03/27/2026 06:58:43 AM
9297A,N,V,03/27/2026 12:27:36 PM
9297B,N,O,03/27/2026 11:50:16 AM
9298A,N,O,03/27/2026 12:26:34 PM
9298B,N,O,03/27/2026 12:11:16 PM
929A,N,V,03/27/2026 11:32:07 AM
929B,N,V,03/27/2026 11:34:56 AM
92A,N,O,03/27/2026 10:53:06 AM
92B,N,V,03/27/2026 11:58:59 AM
930A,N,V,03/27/2026 12:27:16 PM
930B,N,O,03/27/2026 12:27:12 PM
9313A,N,O,03/27/2026 09:12:12 AM
9313B,N,V,03/27/2026 12:26:51 PM
9317A,N,O,03/27/2026 11:51:09 AM
9318A,N,O,03/27/2026 12:20:48 PM
9318B,N,O,03/27/2026 11:29:22 AM
9319A,N,O,03/27/2026 10:31:46 AM
9319B,N,O,03/27/2026 08:30:34 AM
931A,N,O,03/27/2026 06:58:50 AM
931B,N,V,03/27/2026 12:17:56 PM
9320A,N,O,03/27/2026 11:13:46 AM
9320B,N,O,03/27/2026 11:44:10 AM
9325A,N,O,03/27/2026 06:59:48 AM
9325B,N,O,03/27/2026 11:19:08 AM
9326A,N,O,03/27/2026 11:45:06 AM
9326B,N,O,03/27/2026 12:16:04 PM
932A,N,O,03/27/2026 08:11:29 AM
932B,N,V,03/27/2026 12:23:43 PM
9331A,N,O,03/27/2026 11:50:18 AM
9331B,N,O,03/27/2026 08:07:29 AM
9335A,N,O,03/27/2026 12:22:34 PM
9335B,N,O,03/26/2026 12:32:36 PM
9336A,N,O,03/27/2026 11:50:00 AM
9336B,N,O,03/27/2026 12:16:40 PM
9337A,N,O,03/27/2026 11:46:33 AM
9337B,N,O,03/27/2026 09:23:28 AM
9338A,N,O,03/27/2026 12:23:35 PM
9338B,N,O,03/27/2026 07:47:26 AM
9339A,N,O,03/27/2026 10:18:04 AM
9339B,N,O,03/27/2026 09:42:54 AM
933A,N,V,03/27/2026 11:55:13 AM
933B,N,V,03/27/2026 12:24:58 PM
9340A,N,V,03/27/2026 12:26:41 PM
9340B,N,O,03/27/2026 12:22:47 PM
9341A,N,O,03/27/2026 09:05:11 AM
9341B,N,V,03/26/2026 11:32:49 PM
9342A,N,O,03/27/2026 11:26:12 AM
9342B,N,O,03/27/2026 06:57:48 AM
9343A,N,O,03/27/2026 10:13:33 AM
9345B,N,O,03/27/2026 11:45:10 AM
9346A,N,O,03/27/2026 12:27:38 PM
9346B,N,O,03/27/2026 07:05:34 AM
9347A,N,O,03/27/2026 11:52:04 AM
9347B,N,O,03/27/2026 10:57:53 AM
9348A,N,O,03/27/2026 09:31:03 AM
9348B,N,O,03/27/2026 08:42:37 AM
9349A,N,O,03/27/2026 06:55:52 AM
9349B,N,O,03/27/2026 11:15:10 AM
934A,N,V,03/27/2026 11:45:39 AM
934B,N,V,03/27/2026 11:48:45 AM
9350A,N,O,03/27/2026 09:57:31 AM
9350B,N,O,03/27/2026 11:29:05 AM
9351A,N,O,03/27/2026 11:12:03 AM
9351B,N,O,03/27/2026 12:21:50 PM
9352A,N,O,03/27/2026 08:55:22 AM
9353A,N,O,03/27/2026 06:56:46 AM
9353B,N,O,03/27/2026 06:56:49 AM
935A,N,V,03/27/2026 11:49:03 AM
935B,N,V,03/27/2026 11:39:01 AM
9360A,N,O,03/27/2026 10:18:33 AM
9360B,N,O,03/27/2026 11:47:07 AM
9361B,N,O,03/27/2026 11:57:15 AM
9363A,NU,O,03/26/2026 04:57:34 PM
9364B,N,V,03/27/2026 12:27:37 PM
9366A,N,O,03/27/2026 08:28:58 AM
9366B,N,O,03/27/2026 08:29:02 AM
9367A,N,O,03/27/2026 12:23:06 PM
9367B,N,O,03/27/2026 11:27:58 AM
9368A,N,O,03/27/2026 08:28:51 AM
9368B,N,O,03/27/2026 09:42:47 AM
9369A,N,O,03/27/2026 08:25:52 AM
9369B,N,O,03/27/2026 08:25:52 AM
936A,N,V,03/27/2026 12:25:36 PM
936B,N,V,03/27/2026 12:23:10 PM
9370B,N,O,03/27/2026 09:08:51 AM
9371A,N,O,03/27/2026 06:58:50 AM
9372A,N,O,03/27/2026 11:58:56 AM
9372B,N,O,03/27/2026 08:09:03 AM
9373A,N,O,03/27/2026 11:47:36 AM
9373B,N,O,03/27/2026 11:38:14 AM
9374A,N,O,03/27/2026 11:32:26 AM
9374B,N,O,03/27/2026 12:25:49 PM
9375A,N,O,03/27/2026 12:01:04 PM
9375B,N,O,03/27/2026 11:26:04 AM
9376A,N,O,03/27/2026 08:31:13 AM
9376B,N,O,03/27/2026 10:04:25 AM
9377A,N,O,03/27/2026 09:56:08 AM
9377B,N,O,03/27/2026 11:52:25 AM
9378A,N,O,03/27/2026 08:26:45 AM
9378B,N,O,03/27/2026 09:08:49 AM
9379A,N,O,03/27/2026 11:12:09 AM
9379B,N,O,03/27/2026 08:26:10 AM
937A,N,V,03/27/2026 12:08:31 PM
937B,N,V,03/27/2026 12:10:12 PM
9380A,N,O,03/27/2026 08:35:41 AM
9380B,N,O,03/27/2026 08:30:01 AM
9381A,N,O,03/27/2026 11:44:23 AM
9381B,N,O,03/27/2026 09:52:38 AM
938A,N,V,03/26/2026 07:59:13 PM
938B,N,O,03/27/2026 12:27:14 PM
9395B,N,O,03/27/2026 11:08:31 AM
9396A,N,O,03/27/2026 06:58:52 AM
9396B,N,O,03/27/2026 10:29:26 AM
9397A,N,V,03/27/2026 12:25:16 PM
9397B,N,O,03/27/2026 11:05:19 AM
9398A,N,O,03/27/2026 12:22:18 PM
9398B,N,O,03/27/2026 12:05:43 PM
9399A,N,O,03/27/2026 12:04:28 PM
9399B,N,V,03/27/2026 12:14:04 PM
939A,N,V,03/27/2026 11:45:21 AM
939B,N,O,03/27/2026 12:17:45 PM
93A,N,O,03/27/2026 06:56:47 AM
93B,N,O,03/26/2026 10:12:19 AM
9400A,N,O,03/27/2026 12:14:58 PM
9401A,N,O,03/27/2026 07:58:55 AM
9401B,N,O,03/27/2026 11:59:44 AM
9402A,N,O,03/27/2026 11:59:26 AM
9402B,N,O,03/27/2026 07:57:54 AM
9403A,N,O,03/27/2026 07:56:43 AM
9403B,N,O,03/27/2026 12:05:53 PM
9404A,N,O,03/27/2026 07:55:47 AM
9404B,N,O,03/27/2026 08:59:40 AM
9405A,N,O,03/27/2026 10:31:05 AM
9405B,N,O,03/27/2026 12:14:19 PM
9406A,N,O,03/27/2026 06:58:45 AM
9406B,N,O,03/27/2026 12:14:51 PM
9407A,N,O,03/27/2026 06:57:56 AM
9407B,N,O,03/27/2026 11:09:48 AM
9408A,N,O,03/27/2026 10:56:34 AM
9408B,N,O,03/27/2026 09:37:10 AM
9409A,N,O,03/27/2026 12:27:02 PM
9409B,N,O,03/27/2026 10:33:46 AM
940A,N,V,03/26/2026 11:38:57 AM
940B,N,V,03/27/2026 09:14:58 AM
9410B,N,V,03/27/2026 12:17:25 PM
9411A,N,O,03/27/2026 11:19:13 AM
9411B,N,V,03/27/2026 12:16:45 PM
9412A,N,O,03/27/2026 12:01:56 PM
9412B,N,O,03/27/2026 11:08:42 AM
9413A,N,V,03/27/2026 12:18:20 PM
9413B,N,O,03/27/2026 09:16:06 AM
9414A,N,O,03/27/2026 09:00:19 AM
9414B,N,O,03/27/2026 09:20:03 AM
9415A,N,O,03/27/2026 12:14:08 PM
9415B,N,O,03/27/2026 08:39:26 AM
9416A,N,O,03/27/2026 10:42:02 AM
9416B,N,O,03/27/2026 11:57:55 AM
9417A,N,O,03/27/2026 08:32:53 AM
9417B,N,V,03/27/2026 07:27:41 AM
9418A,N,O,03/27/2026 06:56:49 AM
9418B,N,O,03/27/2026 11:02:57 AM
9419A,N,O,03/27/2026 09:46:43 AM
9419B,N,O,03/27/2026 12:23:41 PM
941A,N,O,03/27/2026 12:27:39 PM
941B,N,V,03/27/2026 11:16:07 AM
9420A,N,O,03/27/2026 11:49:39 AM
9420B,N,O,03/27/2026 11:24:51 AM
9421A,N,O,03/27/2026 08:44:14 AM
9421B,N,O,03/27/2026 06:58:51 AM
9422A,N,O,03/27/2026 06:57:46 AM
9422B,N,O,03/27/2026 06:57:50 AM
9423A,N,O,03/27/2026 12:01:00 PM
9423B,N,O,03/27/2026 11:03:36 AM
9424A,N,O,03/26/2026 06:06:54 PM
9424B,N,O,03/27/2026 12:13:34 PM
9425A,N,O,03/27/2026 07:59:37 AM
9425B,N,O,03/27/2026 12:21:34 PM
9426A,N,O,03/27/2026 06:58:47 AM
9426B,N,O,03/27/2026 11:28:36 AM
9427A,N,O,03/27/2026 06:57:44 AM
9427B,N,O,03/27/2026 09:32:04 AM
9428A,N,O,03/27/2026 10:59:32 AM
9428B,N,O,03/27/2026 11:16:23 AM
9429B,N,O,03/27/2026 06:55:55 AM
942A,N,V,03/27/2026 11:55:52 AM
942B,N,V,03/27/2026 09:14:02 AM
9430A,N,O,03/27/2026 11:06:24 AM
9430B,N,O,03/27/2026 09:15:13 AM
9431A,N,O,03/27/2026 06:58:43 AM
9431B,N,O,03/27/2026 12:25:34 PM
9432A,N,O,03/27/2026 12:15:03 PM
9432B,N,O,03/27/2026 12:24:59 PM
9433A,N,O,03/27/2026 08:19:15 AM
9433B,N,O,03/27/2026 06:56:45 AM
9434A,N,O,03/27/2026 06:55:46 AM
9434B,N,O,03/27/2026 06:55:46 AM
9435A,N,V,03/27/2026 12:18:09 PM
9435B,N,O,03/27/2026 06:59:56 AM
9436B,N,O,03/27/2026 09:10:09 AM
9437A,N,O,03/27/2026 10:04:04 AM
9437B,N,O,03/27/2026 11:16:19 AM
9438A,N,O,03/27/2026 06:56:47 AM
9438B,N,O,03/27/2026 11:09:38 AM
9439A,N,O,03/27/2026 10:14:38 AM
9439B,N,O,03/27/2026 10:19:40 AM
943A,N,V,03/27/2026 12:08:03 PM
943B,N,O,03/27/2026 12:27:38 PM
9440A,N,O,03/27/2026 11:49:27 AM
9440B,N,O,03/27/2026 10:43:45 AM
9441A,N,O,03/27/2026 08:20:45 AM
9441B,N,O,03/27/2026 09:46:02 AM
9442A,N,O,03/27/2026 11:15:10 AM
9442B,N,O,03/27/2026 06:57:49 AM
9443A,N,O,03/27/2026 06:56:48 AM
9443B,N,O,03/27/2026 09:11:41 AM
9444A,N,O,03/27/2026 10:58:45 AM
9444B,N,O,03/27/2026 06:55:50 AM
9445A,N,O,03/26/2026 06:47:32 PM
9445B,N,O,03/27/2026 12:07:31 PM
9446A,N,O,03/27/2026 11:34:06 AM
9446B,N,O,03/27/2026 11:31:50 AM
9447A,N,O,03/27/2026 11:00:48 AM
9447B,N,O,03/27/2026 12:11:14 PM
9448A,N,O,03/27/2026 06:56:50 AM
9448B,N,O,03/27/2026 09:10:41 AM
9449A,N,O,03/27/2026 09:09:47 AM
944A,N,V,03/27/2026 12:21:04 PM
944B,N,O,03/27/2026 12:25:25 PM
9450A,N,O,03/27/2026 11:39:39 AM
9450B,N,O,03/27/2026 12:07:32 PM
9451A,N,O,03/27/2026 11:15:49 AM
9451B,N,O,03/27/2026 10:16:43 AM
9452A,N,O,03/27/2026 11:42:11 AM
9452B,N,O,03/27/2026 11:24:36 AM
9453A,N,O,03/27/2026 09:29:03 AM
9453B,N,O,03/27/2026 06:56:56 AM
9454A,N,O,03/27/2026 12:02:22 PM
9454B,N,O,03/27/2026 12:27:19 PM
9455A,N,O,03/27/2026 06:59:52 AM
9455B,N,O,03/27/2026 07:51:06 AM
9456B,N,O,03/27/2026 11:47:34 AM
9457A,N,O,03/27/2026 10:22:59 AM
9457B,N,O,03/27/2026 10:52:38 AM
9458A,N,V,03/27/2026 12:25:06 PM
9458B,N,O,03/27/2026 11:01:13 AM
9459A,N,O,03/27/2026 11:02:34 AM
9459B,N,O,03/27/2026 12:04:17 PM
945A,N,O,03/27/2026 12:23:29 PM
945B,N,V,03/27/2026 11:28:24 AM
9460A,N,O,03/27/2026 11:59:31 AM
9461A,N,O,03/27/2026 10:21:33 AM
9461B,N,V,03/27/2026 09:20:29 AM
9462A,N,O,03/27/2026 06:57:49 AM
9462B,N,O,03/26/2026 06:57:45 AM
9463A,N,O,03/27/2026 06:56:48 AM
9463B,N,O,03/27/2026 12:06:41 PM
9464A,N,O,03/27/2026 11:32:41 AM
9464B,N,O,03/27/2026 10:46:48 AM
9465A,N,O,03/27/2026 07:27:04 AM
9465B,N,O,03/27/2026 10:40:45 AM
9466A,N,O,03/27/2026 06:58:49 AM
9466B,N,O,03/27/2026 08:53:19 AM
9467A,N,O,03/27/2026 06:57:46 AM
9467B,N,O,03/27/2026 09:49:18 AM
9468A,N,O,03/27/2026 11:51:31 AM
9468B,N,O,03/27/2026 06:56:48 AM
9469A,N,O,03/27/2026 06:55:49 AM
9469B,N,O,03/27/2026 06:55:49 AM
946A,N,V,03/27/2026 11:51:24 AM
946B,N,V,03/27/2026 11:48:50 AM
9471A,N,O,03/27/2026 08:22:54 AM
9471B,N,O,03/27/2026 10:46:53 AM
9472A,N,O,03/27/2026 08:04:34 AM
9472B,N,O,03/27/2026 08:34:23 AM
9473A,N,O,03/26/2026 07:09:07 PM
9473B,N,O,03/27/2026 06:56:46 AM
9474A,N,O,03/27/2026 09:14:46 AM
9474B,N,O,03/27/2026 06:55:52 AM
9475A,N,O,03/27/2026 10:24:33 AM
9475B,N,O,03/27/2026 07:48:27 AM
9476A,N,V,03/27/2026 12:26:08 PM
9476B,N,O,03/27/2026 09:39:41 AM
9477A,N,O,03/27/2026 07:58:00 AM
9477B,N,O,03/27/2026 12:15:16 PM
9478A,N,O,03/26/2026 07:56:49 AM
9478B,N,O,03/27/2026 07:56:48 AM
9479A,N,O,03/27/2026 07:55:45 AM
9479B,N,O,03/27/2026 07:55:45 AM
9480A,N,O,03/27/2026 07:59:46 AM
9480B,N,O,03/27/2026 07:59:46 AM
9481B,N,O,03/27/2026 07:58:56 AM
9482A,N,O,03/27/2026 07:14:06 AM
9482B,N,O,03/27/2026 12:07:12 PM
9483A,N,O,03/27/2026 06:57:08 AM
9483B,N,O,03/27/2026 10:51:42 AM
9484A,N,O,03/27/2026 12:14:03 PM
9484B,N,O,03/27/2026 06:55:47 AM
9485A,N,O,03/27/2026 09:47:31 AM
9485B,N,O,03/27/2026 11:30:46 AM
9486B,N,O,03/27/2026 10:03:53 AM
9487A,N,O,03/27/2026 07:57:49 AM
9487B,N,O,03/27/2026 11:41:49 AM
9488A,N,O,03/27/2026 11:42:31 AM
9488B,N,O,03/27/2026 07:57:51 AM
9489A,N,O,03/27/2026 11:06:15 AM
9489B,N,O,03/27/2026 07:55:44 AM
9490A,N,O,03/27/2026 12:20:43 PM
9490B,N,O,03/27/2026 11:37:58 AM
9491A,N,O,03/27/2026 07:58:47 AM
9491B,N,O,03/27/2026 07:58:47 AM
9492A,N,O,03/27/2026 12:00:34 PM
9492B,N,O,03/27/2026 09:07:43 AM
9493A,N,O,03/27/2026 09:03:02 AM
9493B,N,V,03/27/2026 10:46:56 AM
9494A,N,O,03/27/2026 11:55:19 AM
9494B,N,O,03/27/2026 11:47:16 AM
9495A,N,O,03/27/2026 06:59:50 AM
9495B,N,O,03/27/2026 06:59:50 AM
9496A,N,O,03/27/2026 12:18:38 PM
9496B,N,O,03/27/2026 12:22:17 PM
9497A,N,O,03/27/2026 08:27:49 AM
9497B,N,O,03/27/2026 10:36:30 AM
9498A,N,O,03/27/2026 10:16:39 AM
9498B,N,O,03/27/2026 11:06:36 AM
9499A,N,O,03/27/2026 06:55:52 AM
9499B,N,O,03/27/2026 07:57:05 AM
94A,N,O,03/27/2026 06:55:49 AM
94B,N,O,03/27/2026 12:26:40 PM
9501A,N,O,03/27/2026 08:37:10 AM
9501B,N,O,03/27/2026 06:58:53 AM
9502A,N,O,03/27/2026 12:02:25 PM
9503A,N,V,03/27/2026 12:27:12 PM
9503B,N,O,03/27/2026 12:04:24 PM
9504A,N,O,03/27/2026 07:55:51 AM
9504B,N,O,03/27/2026 10:10:54 AM
9505A,N,O,03/27/2026 11:08:11 AM
9505B,N,O,03/27/2026 11:53:48 AM
9506A,N,O,03/27/2026 11:02:58 AM
9506B,N,O,03/27/2026 11:14:14 AM
9507A,N,O,03/27/2026 11:03:29 AM
9507B,N,O,03/27/2026 10:03:03 AM
9508A,N,O,03/27/2026 08:32:06 AM
9508B,N,O,03/27/2026 06:56:54 AM
9509A,N,O,03/27/2026 06:55:48 AM
9509B,N,O,03/27/2026 06:55:48 AM
950A,N,V,03/27/2026 12:22:55 PM
950B,N,O,03/27/2026 11:33:53 AM
9510A,N,O,03/27/2026 06:59:46 AM
9510B,N,O,03/27/2026 06:59:46 AM
9512B,N,O,03/27/2026 06:57:52 AM
9513A,N,O,03/27/2026 10:35:30 AM
9513B,N,O,03/27/2026 06:56:44 AM
9514A,N,O,03/27/2026 09:55:15 AM
9514B,N,O,03/27/2026 11:54:36 AM
9515A,N,O,03/27/2026 12:01:39 PM
9515B,N,O,03/27/2026 10:32:13 AM
9516A,N,O,03/27/2026 08:43:25 AM
9516B,N,O,03/27/2026 09:36:55 AM
9517A,N,O,03/27/2026 10:33:37 AM
9517B,N,O,03/27/2026 06:57:44 AM
9518A,N,O,03/27/2026 11:08:13 AM
9518B,N,O,03/27/2026 09:24:47 AM
9519B,N,O,03/27/2026 06:55:52 AM
951A,N,O,03/27/2026 11:38:28 AM
951B,N,V,03/27/2026 07:48:02 AM
9520A,N,O,03/27/2026 07:00:08 AM
9520B,N,O,03/27/2026 07:00:21 AM
9521A,N,O,03/27/2026 06:58:45 AM
9521B,N,O,03/27/2026 06:58:49 AM
9522A,N,O,03/27/2026 11:52:25 AM
9522B,N,O,03/27/2026 06:57:49 AM
9523A,N,O,03/27/2026 06:57:00 AM
9525A,N,O,03/27/2026 06:59:44 AM
9525B,N,O,03/27/2026 11:36:11 AM
9527A,N,O,03/27/2026 11:02:53 AM
9527B,N,O,03/27/2026 10:24:53 AM
9528A,N,O,03/27/2026 11:56:17 AM
9529A,N,O,03/27/2026 12:17:39 PM
9529B,N,O,03/27/2026 12:21:02 PM
952A,N,V,03/27/2026 11:45:05 AM
952B,N,O,03/27/2026 11:35:04 AM
9531A,N,O,03/27/2026 09:49:53 AM
9531B,N,O,03/27/2026 11:46:04 AM
9532A,N,O,03/27/2026 12:25:35 PM
9532B,N,O,03/27/2026 08:00:38 AM
9533A,N,O,03/27/2026 10:37:59 AM
9533B,N,O,03/27/2026 06:56:51 AM
9534A,N,O,03/27/2026 11:43:25 AM
9534B,N,O,03/27/2026 11:43:14 AM
9535A,N,O,03/27/2026 08:58:29 AM
9535B,N,O,03/27/2026 06:59:51 AM
9536A,N,O,03/27/2026 11:33:41 AM
9536B,N,O,03/27/2026 07:51:35 AM
9537A,N,O,03/27/2026 08:14:40 AM
9537B,N,O,03/27/2026 06:57:51 AM
9538A,N,O,03/27/2026 06:56:50 AM
9538B,N,O,03/27/2026 12:07:05 PM
9539A,N,O,03/27/2026 10:48:54 AM
9539B,N,O,03/27/2026 12:06:55 PM
953A,N,V,03/27/2026 11:02:08 AM
953B,N,V,03/27/2026 11:55:16 AM
9540B,N,O,03/27/2026 06:59:50 AM
9541A,N,O,03/27/2026 12:22:58 PM
9541B,N,O,03/27/2026 07:59:42 AM
9542A,N,O,03/27/2026 10:10:40 AM
9542B,N,O,03/27/2026 12:24:06 PM
9543A,N,O,03/27/2026 06:56:51 AM
9543B,N,O,03/27/2026 08:52:30 AM
9544A,N,O,03/27/2026 06:55:47 AM
9544B,N,O,03/27/2026 06:55:47 AM
9545A,N,O,03/27/2026 10:20:25 AM
9545B,N,O,03/27/2026 11:14:04 AM
9546A,N,O,03/27/2026 06:58:47 AM
9546B,N,O,03/27/2026 10:26:39 AM
9547A,N,O,03/27/2026 10:49:20 AM
9547B,N,O,03/27/2026 06:57:45 AM
9548A,N,O,03/27/2026 12:10:39 PM
9548B,N,V,03/27/2026 12:04:46 PM
9549A,N,O,03/27/2026 11:51:29 AM
9549B,N,O,03/27/2026 10:17:37 AM
954A,N,V,03/27/2026 09:37:09 AM
954B,N,V,03/27/2026 09:36:44 AM
9550B,N,O,03/27/2026 08:48:51 AM
9551A,N,O,03/27/2026 11:29:31 AM
9551B,N,O,03/27/2026 08:34:39 AM
9552A,N,O,03/27/2026 09:07:38 AM
9552B,N,O,03/27/2026 06:57:55 AM
9553A,N,O,03/27/2026 12:13:48 PM
9553B,N,O,03/27/2026 12:05:57 PM
9554B,N,O,03/27/2026 12:08:46 PM
9555A,N,O,03/27/2026 07:06:49 AM
9555B,N,O,03/27/2026 10:11:20 AM
9556A,N,O,03/27/2026 10:45:09 AM
9556B,N,O,03/27/2026 09:26:30 AM
9557A,N,O,03/27/2026 12:07:05 PM
9557B,N,O,03/27/2026 08:51:27 AM
9558A,N,O,03/27/2026 11:48:25 AM
9558B,N,O,03/27/2026 12:08:14 PM
9559A,N,O,03/27/2026 06:55:59 AM
9559B,N,O,03/27/2026 06:55:50 AM
955A,N,V,03/27/2026 11:49:11 AM
955B,N,V,03/27/2026 11:43:06 AM
9560A,N,O,03/27/2026 06:59:52 AM
9560B,N,O,03/27/2026 06:59:55 AM
9561A,N,O,03/27/2026 12:22:40 PM
9561B,N,O,03/27/2026 09:02:11 AM
9562A,N,O,03/27/2026 06:57:46 AM
9562B,N,O,03/27/2026 11:16:32 AM
9563A,N,O,03/27/2026 06:56:46 AM
9563B,N,O,03/27/2026 08:45:46 AM
9564B,N,O,03/27/2026 06:55:48 AM
9566A,N,O,03/27/2026 11:43:56 AM
9568A,N,O,03/27/2026 06:56:43 AM
9568B,N,O,03/27/2026 12:11:06 PM
956A,N,V,03/26/2026 06:55:45 PM
956B,N,V,03/27/2026 11:57:37 AM
9570A,N,O,03/27/2026 11:50:21 AM
9570B,N,O,03/27/2026 09:13:14 AM
9572B,N,O,03/27/2026 11:56:03 AM
9573A,N,O,03/27/2026 11:56:19 AM
9573B,N,O,03/27/2026 12:01:00 PM
9574A,N,O,03/27/2026 11:21:12 AM
9574B,N,O,03/27/2026 12:23:20 PM
9575A,N,O,03/27/2026 06:59:52 AM
9575B,N,O,03/27/2026 06:59:48 AM
9578A,N,O,03/27/2026 08:43:05 AM
9578B,N,O,03/27/2026 06:56:48 AM
9579A,N,O,03/27/2026 06:55:44 AM
9579B,N,O,03/27/2026 08:33:24 AM
957B,N,V,03/25/2026 07:52:26 PM
9580A,N,O,03/27/2026 06:59:51 AM
9580B,N,O,03/27/2026 06:59:44 AM
9581A,N,O,03/27/2026 08:46:20 AM
9581B,N,O,03/27/2026 12:00:56 PM
9582A,N,O,03/27/2026 12:19:24 PM
9582B,N,O,03/27/2026 06:57:51 AM
9583A,N,O,03/27/2026 06:56:50 AM
9584A,N,O,03/27/2026 06:56:48 AM
9584B,N,O,03/27/2026 06:55:47 AM
9585A,N,O,03/27/2026 09:56:54 AM
9585B,N,O,03/27/2026 12:27:44 PM
9586A,N,O,03/27/2026 08:08:37 AM
9586B,N,O,03/27/2026 10:29:49 AM
9587A,N,O,03/27/2026 09:11:23 AM
9588B,N,O,03/27/2026 09:36:37 AM
9589A,N,O,03/27/2026 11:52:27 AM
9589B,N,O,03/27/2026 11:54:32 AM
958A,N,V,03/26/2026 04:53:15 PM
958B,N,O,03/27/2026 11:33:41 AM
9590A,N,O,03/27/2026 09:59:46 AM
9590B,N,O,03/27/2026 10:11:10 AM
9591A,N,O,03/27/2026 09:02:03 AM
9591B,N,O,03/27/2026 11:31:24 AM
9592B,N,O,03/27/2026 06:57:46 AM
9593A,N,O,03/27/2026 08:15:42 AM
9593B,N,O,03/27/2026 11:48:04 AM
9594A,N,O,03/27/2026 12:19:39 PM
9594B,N,V,03/27/2026 12:07:11 PM
9595B,N,O,03/27/2026 11:56:08 AM
9596A,N,O,03/27/2026 10:20:28 AM
9597A,N,O,03/27/2026 12:09:35 PM
9597B,N,O,03/27/2026 10:39:50 AM
9599A,N,O,03/26/2026 06:55:47 AM
9599B,N,O,03/27/2026 06:55:46 AM
959A,N,V,03/27/2026 12:19:28 PM
959B,N,V,03/27/2026 12:07:23 PM
95A,N,O,03/27/2026 10:12:20 AM
95B,N,V,03/27/2026 11:01:48 AM
9600A,NU,O,03/06/2026 09:59:56 AM
9600B,NU,V,03/06/2026 09:41:48 AM
9605A,N,O,03/27/2026 09:20:24 AM
9605B,N,O,03/27/2026 10:55:29 AM
9606A,N,O,03/27/2026 09:29:36 AM
9606B,N,V,03/27/2026 12:07:59 PM
9607A,N,O,03/27/2026 12:24:38 PM
9608A,N,O,03/27/2026 10:02:53 AM
9608B,N,V,03/27/2026 12:25:53 PM
960A,N,V,03/26/2026 04:59:40 PM
960B,N,V,03/26/2026 04:59:36 PM
961A,N,V,03/27/2026 11:12:14 AM
961B,N,V,03/27/2026 11:12:14 AM
9621A,N,O,03/27/2026 11:22:07 AM
9621B,N,V,03/27/2026 12:26:17 PM
9622A,N,O,03/27/2026 11:13:26 AM
9622B,N,O,03/27/2026 12:12:45 PM
9623A,N,O,03/27/2026 12:09:15 PM
9623B,N,O,03/27/2026 12:21:16 PM
9625A,N,O,03/27/2026 11:07:59 AM
9625B,N,O,03/27/2026 12:13:15 PM
9626A,N,V,03/27/2026 12:27:38 PM
9626B,N,V,03/27/2026 11:10:46 AM
9627A,N,O,03/27/2026 12:05:15 PM
9627B,N,O,03/27/2026 12:26:33 PM
9628A,N,O,03/27/2026 12:03:07 PM
9628B,N,V,03/27/2026 12:21:04 PM
9629A,N,O,03/27/2026 11:15:12 AM
9629B,N,O,03/27/2026 12:09:36 PM
962A,N,V,03/27/2026 11:42:32 AM
962B,N,V,03/27/2026 12:09:06 PM
9632A,N,O,03/27/2026 12:19:50 PM
9632B,N,O,03/27/2026 06:57:43 AM
9634A,N,O,03/27/2026 10:36:24 AM
9634B,N,O,03/27/2026 10:20:51 AM
9635A,N,O,03/27/2026 08:12:45 AM
9635B,N,V,03/27/2026 12:24:33 PM
9636A,N,O,03/27/2026 10:02:13 AM
9636B,N,O,03/27/2026 06:58:49 AM
9637A,N,O,03/27/2026 11:55:20 AM
9637B,N,O,03/27/2026 08:24:34 AM
9638A,N,O,03/27/2026 08:31:59 AM
9638B,N,O,03/27/2026 12:23:10 PM
9639A,N,O,03/27/2026 10:57:44 AM
9639B,N,O,03/27/2026 06:55:48 AM
963A,N,V,03/27/2026 08:14:50 AM
963B,N,V,03/26/2026 06:58:35 PM
9640A,N,O,03/27/2026 06:59:43 AM
9641A,N,O,03/27/2026 11:50:57 AM
9641B,N,O,03/27/2026 12:01:28 PM
9642B,N,O,03/27/2026 08:38:33 AM
9643B,N,O,03/27/2026 06:56:45 AM
9644A,N,O,03/27/2026 12:07:51 PM
9644B,N,O,03/27/2026 12:22:07 PM
9645B,N,O,03/27/2026 11:53:32 AM
9646A,N,O,03/27/2026 08:39:52 AM
9646B,N,O,03/27/2026 12:05:16 PM
9647A,N,O,03/27/2026 10:29:19 AM
9647B,N,O,03/27/2026 12:07:35 PM
9648A,N,O,03/27/2026 11:02:40 AM
9648B,N,O,03/27/2026 06:56:53 AM
9649A,N,O,03/27/2026 06:56:21 AM
9649B,N,O,03/27/2026 06:55:59 AM
964B,N,V,03/27/2026 11:52:22 AM
9650A,N,O,03/27/2026 10:32:54 AM
9650B,N,O,03/27/2026 10:36:35 AM
9651A,N,O,03/27/2026 12:17:47 PM
9651B,N,O,03/27/2026 09:23:14 AM
9652A,N,V,03/27/2026 12:27:23 PM
9652B,N,O,03/27/2026 12:11:07 PM
9653A,N,O,03/27/2026 12:16:24 PM
9653B,N,O,03/27/2026 12:19:45 PM
9654A,N,O,03/27/2026 09:01:58 AM
9654B,N,O,03/27/2026 06:55:47 AM
9655A,N,O,03/27/2026 06:59:48 AM
9655B,N,O,03/27/2026 08:38:12 AM
9656A,N,O,03/27/2026 06:58:49 AM
9656B,N,O,03/27/2026 09:16:07 AM
9657A,N,O,03/27/2026 06:57:47 AM
9657B,N,O,03/27/2026 09:28:54 AM
9658A,N,O,03/27/2026 07:35:58 AM
9658B,N,O,03/26/2026 05:16:49 PM
9659A,N,O,03/27/2026 06:55:46 AM
9659B,N,O,03/27/2026 07:54:38 AM
965A,N,V,03/26/2026 04:37:03 PM
965B,N,V,03/26/2026 04:37:46 PM
9660A,N,O,03/27/2026 06:59:53 AM
9660B,N,O,03/27/2026 07:49:56 AM
9661A,N,V,03/27/2026 12:25:34 PM
9661B,N,O,03/27/2026 11:44:34 AM
9662A,N,O,03/27/2026 08:05:20 AM
9662B,N,O,03/27/2026 06:57:43 AM
9663A,N,O,03/27/2026 11:58:44 AM
9663B,N,O,03/27/2026 12:14:12 PM
9664A,N,O,03/27/2026 12:05:35 PM
9664B,N,O,03/27/2026 12:26:50 PM
9665A,N,O,03/27/2026 06:59:46 AM
9666A,N,O,03/27/2026 10:55:04 AM
9666B,N,O,03/27/2026 09:08:34 AM
9667A,N,O,03/27/2026 08:38:09 AM
9667B,N,O,03/27/2026 11:44:13 AM
966A,N,V,03/26/2026 03:13:02 PM
966B,N,V,03/27/2026 11:36:38 AM
9675A,N,O,03/27/2026 11:19:41 AM
9675B,N,O,03/26/2026 05:59:33 PM
9676A,N,O,03/27/2026 11:22:09 AM
9676B,N,O,03/27/2026 12:22:32 PM
9677A,N,O,03/27/2026 11:25:06 AM
9677B,N,O,03/27/2026 11:33:30 AM
9678A,N,O,03/27/2026 11:50:22 AM
9678B,N,V,03/27/2026 12:25:09 PM
9679A,N,O,03/27/2026 08:25:46 AM
967A,N,V,03/26/2026 04:07:28 PM
967B,N,V,03/27/2026 11:24:04 AM
9687A,N,O,03/27/2026 11:07:15 AM
9687B,N,O,03/27/2026 08:26:07 AM
9688B,N,O,03/27/2026 09:28:05 AM
968A,N,V,03/27/2026 10:46:44 AM
968B,N,V,03/27/2026 11:42:38 AM
9691A,N,O,03/27/2026 12:12:16 PM
9691B,N,O,03/27/2026 06:58:43 AM
9692A,N,O,03/27/2026 06:57:47 AM
9692B,N,O,03/27/2026 07:55:25 AM
9693A,N,O,03/27/2026 11:00:57 AM
9693B,N,O,03/27/2026 11:27:34 AM
9694B,N,O,03/27/2026 06:56:02 AM
9698A,N,O,03/27/2026 10:20:51 AM
9698B,N,O,03/27/2026 11:18:10 AM
9699A,N,O,03/27/2026 10:28:06 AM
969A,N,O,03/27/2026 12:14:26 PM
969B,N,O,03/27/2026 10:26:20 AM
96A,N,V,03/27/2026 12:04:35 PM
96B,N,V,03/27/2026 08:33:49 AM
9700A,N,O,03/27/2026 11:33:35 AM
9700B,N,O,03/27/2026 12:01:33 PM
9701A,N,O,03/27/2026 12:16:03 PM
9701B,N,O,03/27/2026 11:15:27 AM
9702A,N,O,03/27/2026 09:44:43 AM
9702B,N,O,03/27/2026 11:30:59 AM
9703A,N,O,03/27/2026 11:34:04 AM
9703B,N,O,03/27/2026 11:42:11 AM
9704A,N,O,03/27/2026 10:53:54 AM
9704B,N,O,03/27/2026 06:55:59 AM
9708A,N,O,03/27/2026 12:26:46 PM
9708B,N,V,03/27/2026 12:11:59 PM
9709A,N,O,03/27/2026 11:12:40 AM
9709B,N,V,03/27/2026 12:09:35 PM
970A,N,V,03/04/2026 11:13:01 AM
970B,N,V,03/20/2026 11:06:48 AM
9714A,N,O,03/27/2026 10:04:33 AM
9714B,N,O,03/27/2026 09:37:55 AM
9715A,N,O,03/27/2026 08:23:03 AM
9715B,N,O,03/27/2026 10:47:09 AM
9716A,N,V,03/27/2026 11:47:06 AM
9716B,N,V,03/27/2026 12:13:14 PM
9717A,N,O,03/27/2026 09:57:03 AM
9717B,N,O,03/27/2026 12:27:43 PM
9718A,N,O,03/27/2026 11:58:39 AM
9718B,N,V,03/27/2026 12:19:32 PM
9719A,N,V,03/27/2026 12:07:27 PM
9719B,N,O,03/27/2026 06:55:59 AM
971A,N,V,03/27/2026 12:23:46 PM
971B,N,V,03/27/2026 12:25:24 PM
9720A,N,O,03/27/2026 12:24:11 PM
9720B,N,O,03/27/2026 11:37:26 AM
9721A,N,O,03/27/2026 06:58:59 AM
9721B,N,V,03/27/2026 11:45:41 AM
9722A,N,O,03/27/2026 07:04:55 AM
9722B,N,O,03/27/2026 08:22:54 AM
9723A,N,O,03/27/2026 12:26:43 PM
9723B,N,O,03/27/2026 11:00:17 AM
9724A,N,O,03/27/2026 11:35:54 AM
9724B,N,O,03/27/2026 11:21:39 AM
9726A,N,O,03/27/2026 11:48:16 AM
9726B,N,O,03/27/2026 11:04:40 AM
972A,N,V,03/26/2026 06:37:13 PM
972B,N,O,03/27/2026 12:05:16 PM
9732B,N,O,03/27/2026 09:14:28 AM
9733A,N,O,03/27/2026 09:22:46 AM
9733B,N,O,03/27/2026 09:34:45 AM
9734A,N,V,03/27/2026 12:27:31 PM
9734B,N,O,03/27/2026 06:55:50 AM
9735A,N,V,03/27/2026 10:37:51 AM
9735B,N,O,03/27/2026 12:13:03 PM
9736A,N,V,03/27/2026 08:30:55 AM
9736B,N,O,03/27/2026 12:22:03 PM
973B,N,V,03/27/2026 12:15:44 PM
9747A,N,V,03/27/2026 12:23:38 PM
9748A,N,O,03/27/2026 11:13:31 AM
9748B,N,O,03/27/2026 11:58:09 AM
9749A,N,O,03/27/2026 12:23:47 PM
9749B,N,O,03/27/2026 12:16:30 PM
974A,N,O,09/01/2025 06:12:06 PM
974B,N,V,09/01/2025 05:52:58 PM
9751A,N,V,03/27/2026 12:27:19 PM
9751B,N,V,03/27/2026 12:23:35 PM
9752A,N,V,03/27/2026 12:23:31 PM
9752B,N,V,03/27/2026 12:26:36 PM
975A,N,V,03/27/2026 11:44:53 AM
975B,N,V,03/27/2026 11:39:52 AM
976A,N,V,03/25/2026 04:55:06 PM
976B,N,V,03/25/2026 05:06:10 PM
9772A,N,O,03/27/2026 10:07:46 AM
9774A,N,O,03/27/2026 10:26:13 AM
9774B,N,O,03/27/2026 09:26:35 AM
9776A,N,V,03/27/2026 11:57:30 AM
9776B,N,V,03/27/2026 12:27:24 PM
9777A,N,O,03/27/2026 06:57:52 AM
9777B,N,O,03/27/2026 12:01:31 PM
9778B,N,O,03/27/2026 12:27:35 PM
9779A,N,O,03/27/2026 12:27:25 PM
9779B,N,V,03/27/2026 11:56:18 AM
977A,N,V,03/24/2026 06:07:22 PM
9781A,N,O,03/27/2026 12:22:57 PM
9781B,N,V,03/27/2026 11:19:02 AM
9782A,N,O,03/27/2026 12:27:38 PM
9782B,N,O,03/27/2026 12:20:34 PM
9783A,N,O,03/27/2026 12:17:59 PM
9783B,N,V,03/27/2026 12:26:54 PM
9786A,N,O,03/27/2026 08:06:09 AM
9786B,N,O,03/27/2026 09:46:55 AM
9787A,N,O,03/27/2026 10:34:21 AM
9787B,N,O,03/27/2026 11:47:57 AM
9788A,N,O,03/27/2026 11:49:51 AM
9788B,N,O,03/27/2026 10:53:49 AM
978A,N,O,03/27/2026 12:05:54 PM
978B,N,V,01/12/2026 12:02:27 PM
9790B,N,O,03/27/2026 12:21:57 PM
9792A,N,O,03/27/2026 06:57:44 AM
9792B,N,O,03/27/2026 08:20:27 AM
9793A,N,V,03/27/2026 12:27:08 PM
9794A,N,V,03/27/2026 12:27:31 PM
9799A,N,O,03/27/2026 12:11:45 PM
9799B,N,O,03/27/2026 12:27:44 PM
979A,N,V,03/27/2026 12:23:22 PM
97A,N,V,03/27/2026 09:04:10 AM
97B,N,V,03/27/2026 11:01:49 AM
9800A,N,O,03/27/2026 12:26:45 PM
9800B,N,V,03/27/2026 12:17:55 PM
9801A,N,O,03/27/2026 12:23:56 PM
9801B,N,V,03/27/2026 12:22:28 PM
9802A,N,V,03/27/2026 12:21:49 PM
9802B,N,O,03/27/2026 12:25:54 PM
9803A,N,O,03/27/2026 12:21:49 PM
9803B,N,O,03/27/2026 12:26:30 PM
9804B,N,O,03/27/2026 12:26:08 PM
9805A,N,O,03/27/2026 12:21:05 PM
9805B,N,V,03/27/2026 12:05:21 PM
9806A,N,O,03/27/2026 06:58:47 AM
9806B,N,O,03/27/2026 06:58:47 AM
9809B,N,V,03/27/2026 11:35:11 AM
9810A,N,V,03/27/2026 11:29:57 AM
9810B,N,V,03/26/2026 11:24:40 PM
9811A,N,V,03/27/2026 10:49:57 AM
9811B,N,V,03/27/2026 11:56:29 AM
9813B,N,V,03/27/2026 11:58:45 AM
9814B,N,O,03/27/2026 11:52:52 AM
9815A,N,V,03/27/2026 11:56:30 AM
9815B,N,O,03/27/2026 12:27:41 PM
9817B,N,V,03/27/2026 11:57:15 AM
9818A,N,O,03/27/2026 11:23:53 AM
9820A,N,O,03/27/2026 11:59:18 AM
9821A,N,V,03/27/2026 12:20:35 PM
9821B,N,O,03/27/2026 12:23:36 PM
9822A,N,V,03/27/2026 11:57:19 AM
9822B,N,V,03/27/2026 12:02:47 PM
9826A,N,V,03/27/2026 11:59:05 AM
9827A,N,V,03/27/2026 11:43:04 AM
9827B,N,O,03/27/2026 07:47:45 AM
9828A,N,V,03/27/2026 12:20:25 PM
9830A,N,V,03/27/2026 12:27:39 PM
9830B,N,V,03/27/2026 12:26:25 PM
9833A,N,V,03/27/2026 12:27:41 PM
9833B,N,O,03/27/2026 12:26:32 PM
9834A,N,O,03/27/2026 08:54:56 AM
9834B,N,V,03/27/2026 11:59:17 AM
9836A,N,O,03/27/2026 06:58:50 AM
9836B,N,V,03/27/2026 12:11:50 PM
9837B,N,O,03/27/2026 12:03:57 PM
9838A,N,O,03/27/2026 11:30:33 AM
9838B,N,O,03/27/2026 11:28:06 AM
9839B,N,O,03/27/2026 12:24:59 PM
9840A,N,V,03/27/2026 11:48:47 AM
9848A,N,O,03/27/2026 08:17:21 AM
9848B,N,O,03/27/2026 12:03:58 PM
9849A,N,O,03/27/2026 11:38:11 AM
9849B,N,O,03/27/2026 11:14:28 AM
9851A,N,O,03/27/2026 10:24:04 AM
9856A,N,O,03/27/2026 12:25:32 PM
985A,N,V,03/27/2026 09:38:14 AM
985B,N,O,09/09/2025 06:59:49 AM
9861A,N,O,03/27/2026 12:27:27 PM
9861B,N,O,03/27/2026 06:58:46 AM
9862A,N,O,03/27/2026 12:17:40 PM
9862B,N,O,03/27/2026 12:21:21 PM
9863A,N,V,03/27/2026 12:26:45 PM
9863B,N,V,03/27/2026 12:27:40 PM
9864B,N,O,03/27/2026 11:24:15 AM
9869A,N,V,03/27/2026 12:27:21 PM
9869B,N,O,03/27/2026 11:59:17 AM
986A,N,O,03/27/2026 10:47:14 AM
986B,N,O,03/27/2026 06:58:54 AM
9870A,N,O,03/27/2026 06:59:45 AM
9870B,N,O,03/27/2026 06:59:45 AM
9871A,N,O,03/27/2026 12:24:26 PM
9871B,N,O,03/27/2026 11:31:29 AM
9873B,N,O,03/27/2026 12:20:09 PM
9874A,N,V,03/27/2026 12:16:16 PM
9874B,N,V,03/27/2026 12:27:20 PM
9877B,N,O,03/27/2026 12:26:53 PM
9878A,N,O,03/27/2026 11:35:37 AM
987A,N,O,03/27/2026 06:57:41 AM
987B,N,O,03/27/2026 06:57:41 AM
9880A,N,O,03/27/2026 10:08:24 AM
9880B,N,V,03/27/2026 12:24:52 PM
9882A,N,V,03/27/2026 11:59:51 AM
9882B,N,O,03/27/2026 11:26:31 AM
9883A,N,O,03/27/2026 12:27:31 PM
9883B,N,O,03/27/2026 10:45:18 AM
9886B,N,V,03/27/2026 12:27:06 PM
9887B,N,V,03/27/2026 12:27:41 PM
9888A,N,V,03/27/2026 11:44:21 AM
9889A,N,O,03/27/2026 12:27:12 PM
9889B,N,O,03/27/2026 12:27:08 PM
988B,N,O,03/27/2026 12:08:39 PM
9890A,NU,O,03/26/2026 06:59:43 AM
9890B,NU,O,03/26/2026 11:09:50 AM
9891B,N,O,03/27/2026 10:25:32 AM
9892B,N,O,03/27/2026 11:16:57 AM
9893A,N,O,03/27/2026 10:54:05 AM
9893B,N,O,03/27/2026 12:13:37 PM
9894B,N,O,03/27/2026 12:27:34 PM
9895A,N,V,03/27/2026 12:07:59 PM
9897A,N,O,03/27/2026 12:13:12 PM
9898A,N,V,03/27/2026 12:17:36 PM
9898B,N,V,03/27/2026 12:18:00 PM
9899A,N,V,03/27/2026 08:37:08 AM
9899B,N,O,03/27/2026 12:27:40 PM
98A,N,V,03/27/2026 11:27:26 AM
98B,N,V,03/27/2026 11:33:28 AM
9900A,N,V,03/27/2026 12:25:10 PM
9902A,N,V,03/27/2026 10:36:43 AM
9902B,N,O,03/27/2026 11:59:22 AM
9904A,N,O,03/27/2026 09:25:31 AM
9905A,N,O,03/27/2026 12:26:25 PM
9905B,N,O,03/27/2026 08:41:45 AM
9908A,N,O,03/27/2026 07:02:07 AM
9908B,N,O,03/27/2026 12:10:16 PM
9909A,N,O,03/27/2026 11:24:37 AM
9913A,N,O,03/27/2026 12:23:13 PM
9913B,N,O,03/27/2026 11:30:09 AM
9915A,N,O,03/27/2026 06:59:52 AM
9915B,N,O,03/27/2026 12:27:41 PM
9916A,N,O,03/27/2026 12:04:16 PM
9916B,N,O,03/27/2026 10:00:36 AM
9917A,N,O,03/27/2026 06:57:46 AM
9917B,N,O,03/27/2026 11:18:09 AM
9918B,N,O,03/27/2026 06:56:43 AM
9921B,N,V,03/27/2026 12:18:55 PM
9922A,N,O,03/27/2026 12:25:52 PM
9922B,N,O,03/27/2026 12:25:48 PM
9923A,N,V,03/27/2026 12:20:34 PM
9924B,N,O,03/27/2026 12:27:40 PM
9925A,N,O,03/27/2026 06:59:54 AM
9925B,N,V,03/27/2026 11:56:07 AM
9926A,N,O,03/27/2026 12:25:19 PM
9926B,N,V,03/27/2026 12:23:04 PM
9927A,N,O,03/27/2026 12:06:42 PM
9928A,N,O,03/27/2026 12:17:07 PM
9928B,N,V,03/27/2026 12:09:18 PM
9929B,N,V,03/27/2026 11:17:18 AM
9930A,N,V,03/27/2026 12:27:35 PM
9930B,N,O,03/27/2026 06:59:49 AM
9931A,N,O,03/27/2026 06:58:52 AM
9931B,N,O,03/27/2026 10:56:04 AM
9932A,N,V,03/27/2026 12:12:31 PM
9932B,N,V,03/27/2026 12:24:41 PM
9933A,N,V,03/27/2026 11:26:36 AM
9933B,N,O,03/27/2026 12:27:24 PM
9934A,N,O,03/27/2026 10:15:56 AM
9934B,N,V,03/27/2026 12:26:40 PM
998B,N,O,03/27/2026 10:26:21 AM
99901A,N,V,03/25/2026 03:45:43 PM
99901B,N,V,03/27/2026 11:43:11 AM
99902A,N,V,03/27/2026 07:24:41 AM
99902B,N,V,03/27/2026 08:02:22 AM
999A,N,O,03/27/2026 08:25:53 AM
999B,N,O,03/27/2026 08:25:53 AM
99A,N,V,03/27/2026 12:15:12 PM
99B,N,V,03/27/2026 12:08:11 PM
9A,NU,V,02/25/2026 08:53:53 PM
9B,NU,V,02/25/2026 09:34:57 PM
