ParkingSpaceId,ParkingMeterStatus,OccupancyStatus,OccupancyDateChanged
10006A,N,O,04/06/2026 09:25:39 PM
10006B,N,O,04/06/2026 09:43:52 PM
10007A,N,O,04/06/2026 09:57:56 AM
10007B,N,O,04/06/2026 08:52:54 PM
10008A,N,O,04/06/2026 08:57:34 PM
10008B,N,O,04/06/2026 07:48:11 PM
10009A,N,O,04/06/2026 07:38:21 PM
10009B,N,O,04/06/2026 09:42:07 PM
10010A,N,O,04/06/2026 09:34:07 PM
10010B,N,O,04/06/2026 09:59:44 AM
10012A,N,O,04/02/2026 07:57:42 AM
10012B,N,O,04/02/2026 11:42:07 AM
10013A,N,O,04/02/2026 02:05:04 PM
10013B,N,O,04/02/2026 11:13:28 AM
10014A,N,O,04/02/2026 08:58:57 PM
10014B,N,O,04/02/2026 07:42:16 PM
10015A,N,O,04/02/2026 08:27:45 AM
10015B,N,O,04/02/2026 08:48:28 PM
1001A,N,O,04/06/2026 09:59:50 PM
10021A,N,V,04/06/2026 09:32:46 PM
10021B,N,O,04/06/2026 08:27:41 PM
10022A,N,V,04/06/2026 09:37:44 PM
10022B,N,O,04/06/2026 09:48:34 PM
10023A,N,O,04/06/2026 09:59:06 PM
10023B,N,O,04/06/2026 11:32:53 AM
10024A,N,O,04/06/2026 09:24:47 PM
10024B,N,V,04/06/2026 09:35:21 PM
10025A,N,V,04/06/2026 08:50:12 PM
10025B,N,O,04/06/2026 05:21:27 PM
10026A,N,O,04/06/2026 03:51:27 PM
10026B,N,O,04/06/2026 03:51:27 PM
10027A,N,O,04/06/2026 10:28:35 AM
10028A,N,O,04/06/2026 05:29:08 PM
10028B,N,O,04/06/2026 08:56:51 AM
10029A,N,O,04/06/2026 06:15:25 PM
10029B,N,O,04/06/2026 06:08:04 PM
1002A,N,O,04/06/2026 09:36:28 PM
10030A,N,O,04/06/2026 04:01:26 PM
10030B,N,O,04/06/2026 04:23:51 PM
10031A,N,O,04/06/2026 05:38:08 PM
10031B,N,O,04/06/2026 01:59:19 PM
10033B,N,O,04/06/2026 06:06:00 PM
10034A,N,O,04/06/2026 02:57:17 PM
10034B,N,O,04/06/2026 04:36:41 PM
10035A,N,O,04/06/2026 03:27:26 PM
10035B,N,O,04/06/2026 06:27:30 PM
10036A,N,O,04/06/2026 09:41:55 PM
10036B,N,O,04/06/2026 09:10:56 PM
10037A,N,O,04/02/2026 04:24:44 PM
10037B,N,O,04/02/2026 12:00:09 PM
10038A,N,O,04/02/2026 10:42:05 AM
10039A,N,O,04/06/2026 08:31:30 PM
10039B,N,O,04/06/2026 08:55:47 AM
1003B,N,O,04/06/2026 09:54:04 PM
10040A,N,O,04/06/2026 07:25:06 PM
10040B,N,O,04/06/2026 08:52:43 PM
10041A,N,O,04/06/2026 08:29:26 PM
10041B,N,O,04/06/2026 07:07:47 PM
10042A,N,O,04/06/2026 07:25:22 PM
10042B,N,O,04/06/2026 08:08:28 PM
10057A,N,O,04/06/2026 01:48:20 PM
10057B,N,O,04/06/2026 09:43:18 PM
10058A,N,O,04/06/2026 09:05:58 PM
10058B,N,O,04/06/2026 09:31:30 PM
10059A,N,O,04/06/2026 10:25:46 AM
10059B,N,O,04/06/2026 10:25:46 AM
1006B,N,V,04/06/2026 09:59:25 PM
10072A,N,O,04/06/2026 07:44:19 PM
10073A,N,O,04/06/2026 02:40:16 PM
10073B,N,O,04/06/2026 06:37:41 PM
10074A,N,V,04/06/2026 09:36:32 PM
10074B,N,V,04/06/2026 09:58:37 PM
10075A,N,O,04/06/2026 07:15:47 PM
10075B,N,O,04/06/2026 09:32:38 PM
10083A,N,O,04/06/2026 05:08:41 PM
10083B,N,O,04/06/2026 05:53:25 PM
10084A,N,O,04/06/2026 08:05:03 PM
10084B,N,O,04/06/2026 09:05:14 PM
10085A,N,O,04/06/2026 05:15:53 PM
10085B,N,O,04/06/2026 04:57:30 PM
10086A,N,O,04/06/2026 09:57:01 PM
10086B,N,O,04/06/2026 04:02:08 PM
10091A,N,O,04/02/2026 07:58:42 AM
10092A,N,O,04/02/2026 09:18:56 AM
10092B,N,O,04/02/2026 01:21:24 PM
100A,N,O,04/06/2026 09:53:39 PM
100B,N,V,04/06/2026 08:53:14 PM
10112A,N,V,04/06/2026 08:11:40 PM
10112B,N,O,04/06/2026 10:35:51 AM
10113A,N,O,04/06/2026 09:37:54 PM
10113B,N,O,04/06/2026 01:14:42 PM
10118A,N,O,04/06/2026 12:51:19 PM
10118B,N,O,04/06/2026 05:16:57 PM
10119A,N,O,04/06/2026 05:49:36 PM
10119B,N,O,04/06/2026 05:15:18 PM
10120A,N,O,04/06/2026 09:46:14 PM
10120B,N,V,04/06/2026 05:49:03 PM
10121A,N,O,04/06/2026 08:58:48 AM
10121B,N,O,04/06/2026 08:58:48 AM
10122A,N,O,04/06/2026 04:26:50 PM
10122B,N,O,04/06/2026 09:54:19 PM
10124A,N,O,04/06/2026 01:31:09 PM
10124B,N,O,04/06/2026 04:50:26 PM
10125A,N,O,04/06/2026 09:28:12 PM
10125B,N,O,04/06/2026 02:13:43 PM
10131B,N,O,04/06/2026 09:16:14 PM
10132A,N,O,04/06/2026 12:08:14 PM
10132B,N,O,04/06/2026 06:59:38 PM
10133A,N,V,04/06/2026 09:59:46 PM
10133B,N,O,04/06/2026 03:50:41 PM
10134A,N,O,04/06/2026 09:54:34 PM
10134B,N,O,04/06/2026 09:42:38 PM
10135A,N,O,04/06/2026 09:39:04 PM
10135B,N,O,04/06/2026 09:50:25 PM
10136A,N,O,04/06/2026 09:30:53 PM
10136B,N,O,04/06/2026 08:29:03 PM
10137A,N,O,04/06/2026 09:51:49 PM
10137B,N,O,04/06/2026 01:42:12 PM
10138A,N,O,04/06/2026 09:39:50 PM
10138B,N,O,04/06/2026 09:33:51 PM
10145A,N,O,04/06/2026 08:53:11 PM
10146A,N,O,04/06/2026 09:58:49 AM
10146B,N,O,04/06/2026 09:58:49 AM
10148B,N,O,04/06/2026 09:56:48 AM
10149B,N,O,04/07/2026 08:25:49 AM
10153A,N,O,04/06/2026 10:57:31 AM
10153B,N,O,04/06/2026 01:20:55 PM
10154A,N,O,04/06/2026 09:21:33 PM
10154B,N,O,04/06/2026 05:35:28 PM
10155A,N,O,04/06/2026 08:21:21 PM
10155B,N,O,04/06/2026 09:35:44 PM
10156B,N,O,04/06/2026 08:23:43 PM
10158A,N,O,04/06/2026 09:54:05 PM
10158B,N,O,04/06/2026 09:26:42 PM
10159A,N,O,04/06/2026 09:02:47 PM
10159B,N,O,04/06/2026 06:27:06 PM
10160A,N,O,04/06/2026 09:14:13 PM
10160B,N,O,04/06/2026 09:40:08 PM
10161A,N,O,04/06/2026 10:32:21 PM
10161B,N,O,04/06/2026 11:16:23 PM
10172A,N,O,04/06/2026 03:38:02 PM
10172B,N,O,04/06/2026 09:57:51 AM
10173A,N,O,04/06/2026 09:56:52 AM
10173B,N,O,04/06/2026 09:56:52 AM
10174A,N,O,04/06/2026 09:55:45 AM
10174B,N,O,04/06/2026 09:55:54 AM
10175A,N,O,04/06/2026 08:21:08 PM
10175B,N,O,04/06/2026 01:37:28 PM
10176B,N,O,04/06/2026 09:58:50 AM
10182A,N,O,04/07/2026 08:35:58 AM
10182B,N,O,07/22/2025 01:25:37 PM
10183A,N,O,04/07/2026 07:57:24 AM
10185A,N,O,04/06/2026 08:33:02 PM
10185B,N,O,04/06/2026 09:59:30 PM
10186A,N,O,04/06/2026 04:59:30 PM
10186B,N,O,04/06/2026 08:58:50 AM
10187A,N,O,04/06/2026 04:28:02 PM
10187B,N,O,04/06/2026 08:57:49 AM
10188A,N,O,04/06/2026 11:37:57 AM
10188B,N,O,04/06/2026 04:17:55 PM
10189A,N,O,04/06/2026 06:12:23 PM
10189B,N,O,04/06/2026 08:55:51 AM
10190A,N,O,04/06/2026 08:59:52 AM
10190B,N,O,04/06/2026 12:53:17 PM
10191A,N,O,04/06/2026 09:11:00 PM
10191B,N,O,04/06/2026 02:38:21 PM
10192A,N,O,04/06/2026 11:55:39 AM
10192B,N,O,04/06/2026 02:25:28 PM
10196A,N,O,04/06/2026 09:46:29 PM
10196B,N,O,04/06/2026 09:56:04 PM
101A,N,V,04/06/2026 04:34:30 PM
101B,N,V,04/06/2026 09:08:52 AM
10200A,N,O,04/06/2026 08:53:40 PM
10201A,N,O,04/06/2026 10:28:48 AM
10201B,N,O,04/06/2026 06:48:05 PM
10207A,N,O,04/06/2026 08:57:49 AM
10207B,N,O,04/06/2026 09:42:43 PM
10209B,N,O,04/06/2026 08:51:08 PM
10211A,N,O,04/06/2026 09:59:25 PM
10211B,N,O,04/06/2026 08:25:29 PM
10212A,N,O,04/06/2026 04:15:51 PM
10212B,N,O,04/06/2026 08:57:43 AM
10213A,N,O,04/06/2026 06:58:48 PM
10213B,N,V,04/06/2026 09:56:05 PM
10215B,N,O,04/06/2026 12:23:42 PM
10216A,N,O,04/06/2026 09:40:55 PM
10216B,N,O,04/06/2026 10:28:58 AM
1021A,N,V,04/06/2026 09:57:34 PM
1021B,N,O,04/06/2026 09:29:21 PM
10222A,N,O,04/06/2026 02:57:29 PM
10222B,N,O,04/06/2026 12:03:57 PM
10223A,N,O,04/06/2026 08:56:52 AM
10224A,N,O,04/06/2026 09:02:59 PM
10224B,N,O,04/06/2026 07:54:54 PM
10225A,N,O,04/06/2026 07:50:56 PM
10225B,N,O,04/06/2026 08:23:13 PM
10226A,N,O,04/06/2026 06:16:20 PM
10226B,N,O,04/06/2026 05:16:44 PM
10227A,N,O,04/06/2026 05:30:41 PM
10227B,N,O,04/06/2026 07:40:55 PM
10228B,N,O,04/02/2026 07:56:46 AM
10229A,N,O,04/02/2026 07:55:44 AM
10229B,N,O,04/02/2026 04:20:57 PM
1022A,N,O,04/06/2026 09:12:49 PM
1022B,N,O,04/06/2026 02:47:14 PM
10231B,N,O,04/02/2026 07:58:44 AM
10232A,N,O,04/02/2026 10:05:42 AM
10232B,N,O,04/02/2026 10:13:03 AM
10233B,N,O,04/06/2026 09:56:46 AM
10234A,N,O,04/06/2026 05:59:05 PM
10234B,N,O,04/06/2026 09:32:44 PM
10235A,N,O,04/06/2026 09:12:13 PM
10235B,N,O,04/06/2026 06:00:12 PM
10236A,N,O,04/06/2026 07:03:30 PM
10237A,N,O,04/06/2026 03:32:39 PM
10237B,N,O,04/06/2026 08:57:47 AM
10238A,N,O,04/06/2026 07:39:07 PM
10238B,N,O,04/06/2026 04:52:21 PM
10239A,N,O,04/06/2026 08:00:04 PM
10239B,N,O,04/06/2026 09:46:55 PM
1023A,N,O,04/06/2026 09:34:00 PM
1023B,N,O,04/06/2026 07:38:46 PM
10240B,N,O,04/06/2026 04:20:25 PM
10241A,N,O,04/06/2026 04:23:10 PM
10241B,N,O,04/06/2026 09:11:03 PM
10242A,N,O,04/06/2026 07:17:34 PM
10242B,N,O,04/06/2026 08:59:39 PM
10245A,N,O,04/02/2026 08:49:22 AM
10245B,N,O,04/02/2026 07:59:46 AM
10246A,N,O,04/06/2026 07:10:40 PM
10246B,N,O,04/06/2026 08:16:09 PM
10247A,N,O,04/06/2026 09:34:42 PM
1024A,N,O,04/06/2026 09:59:58 PM
1024B,N,V,04/06/2026 08:49:27 PM
10253A,N,O,04/06/2026 09:21:03 PM
10254A,N,O,04/06/2026 09:36:30 PM
10254B,N,O,04/06/2026 08:27:56 PM
10256A,N,O,04/02/2026 07:59:03 AM
10256B,N,O,04/02/2026 07:58:54 AM
10257A,N,O,04/02/2026 07:36:06 PM
10257B,N,O,04/02/2026 03:08:58 PM
10258A,N,O,04/06/2026 06:51:54 PM
10258B,N,O,04/06/2026 08:30:06 PM
10259A,N,O,04/06/2026 09:08:32 PM
10259B,N,O,04/06/2026 05:03:28 PM
1025A,N,V,04/06/2026 09:44:34 PM
1025B,N,V,04/06/2026 09:59:20 PM
10262A,N,O,04/06/2026 06:57:46 AM
10262B,N,O,04/07/2026 08:21:42 AM
10263A,N,O,04/07/2026 06:56:46 AM
10263B,N,O,04/06/2026 06:56:46 AM
10264A,N,O,04/07/2026 06:55:44 AM
10264B,N,O,04/07/2026 06:55:44 AM
1026A,N,V,04/06/2026 09:33:37 PM
10270A,N,O,04/06/2026 02:23:56 PM
10270B,N,O,04/06/2026 09:52:39 PM
10271A,N,O,04/06/2026 07:55:14 PM
10271B,N,O,04/06/2026 04:00:33 PM
10272A,N,O,04/06/2026 09:40:46 PM
10272B,N,O,04/06/2026 04:53:35 PM
10273A,N,O,04/06/2026 06:54:46 PM
10273B,N,O,04/06/2026 01:46:20 PM
1027A,N,V,04/06/2026 05:13:17 PM
1027B,N,V,04/06/2026 09:48:52 AM
10280A,N,O,04/07/2026 06:59:46 AM
10280B,N,O,04/07/2026 07:01:44 AM
10281A,N,O,04/07/2026 06:58:52 AM
10281B,N,O,04/07/2026 06:58:48 AM
10286A,N,O,04/06/2026 04:05:01 PM
10286B,N,O,04/06/2026 04:05:13 PM
10287A,N,O,04/06/2026 06:01:49 PM
10287B,N,O,04/06/2026 06:48:18 PM
1028A,N,V,04/06/2026 09:33:10 PM
1028B,N,V,04/06/2026 05:44:26 PM
10295A,N,O,04/06/2026 05:18:29 PM
10296A,N,O,04/06/2026 08:58:49 AM
10296B,N,O,04/06/2026 04:24:35 PM
10297A,N,O,04/06/2026 09:51:24 PM
10297B,N,O,04/06/2026 07:31:06 PM
10298A,N,O,04/06/2026 06:38:36 PM
10298B,N,O,04/06/2026 08:56:52 AM
1029A,N,O,04/06/2026 06:44:13 PM
1029B,N,V,04/06/2026 09:34:59 PM
102A,N,V,04/06/2026 08:35:56 PM
102B,N,V,04/06/2026 05:06:12 PM
10301A,N,O,04/06/2026 10:03:24 AM
10301B,N,O,04/06/2026 08:20:39 PM
10302A,N,O,04/06/2026 09:18:58 PM
10302B,N,O,04/06/2026 09:33:27 PM
10303A,N,O,04/06/2026 07:44:44 PM
10303B,N,O,04/06/2026 05:56:59 PM
1030A,N,O,04/06/2026 09:58:54 PM
1030B,N,V,04/06/2026 04:09:27 PM
10310A,N,O,04/06/2026 08:46:02 PM
10310B,N,O,04/06/2026 09:21:21 PM
10311A,N,O,04/06/2026 07:08:53 PM
10311B,N,O,04/06/2026 08:08:06 PM
10312A,N,O,04/06/2026 04:28:00 PM
10312B,N,O,04/06/2026 06:19:59 PM
10316A,N,O,04/06/2026 06:58:22 PM
10316B,N,O,04/06/2026 08:37:04 PM
10317A,N,O,04/06/2026 09:53:31 PM
10317B,N,O,04/06/2026 05:04:41 PM
10318A,N,O,04/06/2026 01:56:39 PM
10318B,N,O,04/06/2026 06:06:29 PM
10319A,N,O,04/06/2026 05:42:49 PM
10319B,N,O,04/06/2026 09:45:40 PM
1031A,N,V,04/06/2026 09:49:49 PM
1031B,N,V,04/06/2026 03:49:54 PM
10320A,N,O,04/06/2026 04:15:02 PM
10320B,N,O,04/06/2026 07:25:48 PM
10322A,N,O,04/06/2026 02:31:56 PM
10323A,N,V,04/06/2026 09:59:20 PM
10323B,N,O,04/06/2026 07:44:53 PM
10325A,N,O,04/06/2026 09:54:34 PM
10325B,N,O,04/06/2026 09:34:12 PM
10326A,N,O,04/06/2026 07:19:54 PM
10326B,N,O,04/06/2026 06:08:53 PM
10327A,N,O,04/06/2026 08:58:58 PM
10327B,N,O,04/06/2026 09:00:26 PM
10328A,N,O,04/06/2026 07:35:55 PM
10328B,N,O,04/06/2026 12:53:01 PM
10329B,N,O,04/06/2026 09:48:11 PM
1032A,N,V,04/06/2026 06:47:09 PM
1032B,N,V,04/06/2026 02:40:47 PM
10330A,N,O,04/06/2026 07:59:51 PM
10331A,N,O,04/06/2026 09:07:40 PM
10331B,N,O,04/06/2026 08:26:50 PM
10332A,N,O,04/06/2026 08:15:15 PM
10332B,N,O,04/06/2026 03:42:12 PM
10333B,N,O,04/06/2026 09:14:23 PM
10334A,N,O,04/06/2026 04:35:55 PM
10334B,N,O,04/06/2026 09:30:19 PM
10335A,N,O,04/06/2026 10:55:09 AM
10335B,N,V,04/06/2026 10:00:01 PM
10336A,N,O,04/06/2026 08:14:10 PM
10336B,N,O,04/06/2026 09:05:10 PM
10337A,N,O,04/06/2026 08:57:42 AM
10337B,N,O,04/06/2026 08:34:14 PM
10338A,N,O,04/06/2026 02:51:19 PM
10338B,N,O,04/06/2026 09:30:52 PM
1033A,N,V,04/06/2026 07:44:10 PM
1033B,N,V,04/06/2026 01:47:56 PM
1034A,N,O,04/06/2026 09:59:57 PM
1034B,N,V,04/06/2026 11:20:35 AM
10350A,N,O,04/06/2026 07:44:03 PM
10350B,N,O,04/05/2026 08:35:21 PM
10351A,N,O,04/06/2026 08:13:03 PM
10351B,N,V,04/06/2026 09:59:28 PM
10352B,N,O,04/06/2026 12:59:43 PM
10358A,N,V,04/06/2026 05:11:27 PM
10358B,N,O,04/06/2026 06:05:39 PM
10359A,N,O,04/06/2026 09:38:20 PM
10359B,N,O,04/06/2026 07:02:39 PM
1035A,N,V,04/06/2026 05:03:13 PM
1035B,N,V,04/06/2026 02:06:09 PM
10362B,N,O,04/02/2026 07:57:44 AM
10364B,N,O,04/06/2026 08:56:13 AM
10365A,N,O,04/06/2026 08:07:39 PM
10365B,N,V,04/06/2026 09:55:39 PM
10369A,N,O,04/06/2026 08:55:49 AM
10369B,N,O,04/06/2026 10:43:44 AM
1036A,N,O,04/06/2026 09:08:28 PM
10371A,N,O,04/06/2026 08:58:46 AM
10372A,N,O,04/06/2026 08:29:10 PM
10372B,N,O,04/06/2026 08:57:03 PM
10373A,N,O,04/06/2026 10:21:28 AM
10373B,N,O,04/06/2026 08:56:57 AM
10374A,N,O,04/06/2026 06:43:15 PM
10374B,N,O,04/06/2026 08:26:17 PM
10376A,N,O,04/06/2026 08:58:55 AM
10376B,N,O,04/06/2026 08:58:48 AM
10377B,N,O,04/06/2026 08:57:44 AM
10378A,N,O,04/06/2026 08:56:52 AM
10378B,N,O,04/06/2026 08:56:52 AM
10379A,N,O,04/06/2026 08:55:52 AM
1037A,N,O,04/06/2026 09:59:47 PM
1037B,N,V,04/06/2026 08:19:47 PM
10380A,N,O,04/06/2026 12:47:53 PM
10380B,N,O,04/06/2026 02:52:38 PM
10381A,N,O,04/06/2026 08:58:46 AM
10381B,N,O,04/06/2026 09:04:44 PM
10382A,N,O,04/06/2026 10:45:27 AM
10382B,N,O,04/06/2026 12:25:48 PM
10383A,N,O,04/06/2026 08:56:49 AM
10383B,N,O,04/06/2026 06:43:33 PM
10384A,N,O,04/06/2026 01:26:50 PM
10384B,N,O,04/06/2026 10:52:43 AM
10387A,N,V,04/06/2026 04:54:07 PM
10387B,N,O,04/06/2026 08:57:48 AM
10389A,N,O,04/06/2026 08:55:48 AM
10389B,N,O,04/06/2026 09:55:47 PM
1038A,N,V,04/06/2026 06:12:21 PM
10390A,N,O,04/06/2026 09:50:03 PM
10390B,N,O,04/06/2026 02:45:29 PM
10391A,N,O,04/06/2026 09:36:08 PM
10391B,N,O,04/06/2026 09:27:29 AM
10392A,N,O,04/06/2026 09:59:43 PM
10392B,N,O,04/06/2026 09:57:46 AM
10393A,N,O,04/06/2026 09:56:47 AM
10394A,N,O,04/06/2026 06:42:41 PM
10394B,N,O,04/06/2026 08:55:54 AM
10395A,N,O,04/06/2026 09:51:31 PM
10396A,N,O,04/07/2026 08:16:06 AM
10396B,N,V,04/07/2026 08:22:49 AM
10397A,N,V,04/07/2026 08:25:58 AM
10397B,N,O,04/06/2026 09:53:17 PM
10398A,N,O,04/07/2026 07:56:55 AM
10398B,N,V,04/07/2026 08:32:14 AM
10399A,N,O,04/07/2026 07:55:45 AM
10399B,N,O,04/07/2026 07:55:45 AM
1039A,N,V,04/06/2026 06:27:49 PM
1039B,N,V,04/06/2026 04:13:53 PM
103A,N,V,04/06/2026 09:56:19 PM
103B,N,V,04/06/2026 06:27:49 PM
10401A,N,O,04/02/2026 09:09:56 PM
10402A,N,O,04/06/2026 09:15:07 PM
10402B,N,O,04/06/2026 09:55:55 PM
10404A,N,O,04/06/2026 09:15:03 PM
10404B,N,O,04/06/2026 08:55:53 AM
10405A,N,O,04/06/2026 06:54:02 PM
10405B,N,O,04/06/2026 07:43:25 PM
10406B,N,O,04/06/2026 04:11:42 PM
10407A,N,O,04/06/2026 10:48:30 AM
10407B,N,O,04/06/2026 08:57:48 AM
10408B,N,O,04/06/2026 09:58:37 PM
10409A,N,O,04/06/2026 08:25:42 PM
10409B,N,O,04/06/2026 07:55:27 PM
10410A,N,O,04/06/2026 01:29:16 PM
10410B,N,O,04/06/2026 02:12:51 PM
10411A,N,O,04/06/2026 04:59:48 PM
10411B,N,O,04/06/2026 06:06:00 PM
10412A,N,O,04/06/2026 05:36:27 PM
10412B,N,O,04/06/2026 08:26:43 PM
10413A,N,O,04/06/2026 05:14:21 PM
10413B,N,O,04/06/2026 09:54:59 PM
10435A,N,O,04/06/2026 09:26:17 AM
10435B,N,O,04/06/2026 04:57:50 PM
10436B,N,O,04/06/2026 06:52:22 PM
1043A,N,V,04/06/2026 09:57:07 PM
1043B,N,V,04/06/2026 09:46:31 PM
1044A,N,V,04/06/2026 09:54:38 PM
1044B,N,V,04/06/2026 09:48:02 PM
10452A,N,O,04/06/2026 01:57:49 PM
10452B,N,O,04/06/2026 05:12:27 PM
10453A,N,O,04/06/2026 08:29:26 PM
10453B,N,V,04/06/2026 09:59:12 PM
10454A,N,O,04/06/2026 09:43:13 PM
10456A,N,O,04/06/2026 05:31:51 PM
10456B,N,O,04/06/2026 07:08:46 PM
10457A,N,O,04/06/2026 06:15:42 PM
10457B,N,O,04/06/2026 09:30:56 PM
10458A,N,O,04/06/2026 07:53:47 PM
10458B,N,O,04/06/2026 07:42:46 PM
1045A,N,V,04/06/2026 08:40:56 PM
10461B,N,V,04/06/2026 02:31:27 PM
10462A,N,O,04/06/2026 06:54:22 PM
10462B,N,O,04/06/2026 11:34:54 AM
10463A,N,O,04/06/2026 04:03:34 PM
10463B,N,O,04/06/2026 04:03:05 PM
10464A,N,O,04/06/2026 05:37:55 PM
10464B,N,O,04/06/2026 02:01:44 PM
10465A,N,O,04/06/2026 01:47:59 PM
10465B,N,O,04/06/2026 09:51:20 PM
10466A,N,O,04/06/2026 04:51:08 PM
10466B,N,O,04/06/2026 08:58:45 AM
10467A,N,O,04/06/2026 09:29:10 PM
10467B,N,O,04/06/2026 09:45:23 PM
10468B,N,O,04/06/2026 01:51:37 PM
1046A,N,O,04/06/2026 08:59:02 AM
1046B,N,V,04/06/2026 09:59:54 PM
10471A,N,O,04/06/2026 08:50:05 PM
10472A,N,O,04/06/2026 09:12:20 PM
10474A,N,O,04/06/2026 05:09:38 PM
10474B,N,O,04/06/2026 08:55:58 AM
10475A,N,O,04/06/2026 02:30:24 PM
10475B,N,O,04/06/2026 04:30:41 PM
10476B,N,O,04/06/2026 03:14:05 PM
1047A,N,V,04/06/2026 09:59:22 PM
1047B,N,O,04/06/2026 09:59:56 PM
10481A,N,O,04/06/2026 08:40:10 PM
10481B,N,O,04/06/2026 03:38:16 PM
10482A,N,O,04/06/2026 07:28:49 PM
10482B,N,O,04/06/2026 06:35:25 PM
10483A,N,O,04/06/2026 02:33:48 PM
10483B,N,O,04/06/2026 02:26:47 PM
10485A,N,O,04/06/2026 09:25:17 PM
10485B,N,O,04/06/2026 04:22:19 PM
10486A,N,O,04/06/2026 07:55:45 PM
10486B,N,O,04/06/2026 09:20:04 PM
10487A,N,O,04/06/2026 08:47:44 PM
10487B,N,O,04/06/2026 03:49:13 PM
10488A,N,O,04/06/2026 10:05:21 AM
10488B,N,O,04/06/2026 08:56:47 AM
10489A,N,O,04/06/2026 09:10:53 AM
10489B,N,O,04/06/2026 12:37:37 PM
1048A,N,O,04/06/2026 09:55:46 PM
1048B,N,O,04/06/2026 09:59:50 PM
10490B,N,O,04/06/2026 08:59:56 AM
10491A,N,O,04/06/2026 08:58:53 AM
10491B,N,O,04/06/2026 03:03:56 PM
10492A,N,O,04/06/2026 08:57:54 AM
10492B,N,O,04/05/2026 08:57:50 AM
10493A,N,O,04/06/2026 08:56:51 AM
10493B,N,O,04/06/2026 08:56:55 AM
10494A,N,O,04/06/2026 08:55:54 AM
10494B,N,O,04/06/2026 08:55:54 AM
10495A,N,O,04/06/2026 03:18:13 PM
10495B,N,O,04/06/2026 08:59:47 AM
10496B,N,O,04/06/2026 06:13:12 PM
1049A,N,O,04/06/2026 09:44:00 PM
1049B,N,V,04/06/2026 09:59:41 PM
104A,N,V,04/06/2026 07:11:56 PM
104B,N,V,04/06/2026 07:10:37 PM
10501A,N,O,04/06/2026 08:58:52 AM
10501B,N,O,04/06/2026 08:58:45 AM
10502A,N,O,04/06/2026 08:57:45 AM
10502B,N,O,04/06/2026 08:57:45 AM
10503A,N,O,04/06/2026 04:23:05 PM
10503B,N,O,04/06/2026 07:18:55 PM
10504A,N,O,04/06/2026 08:55:44 AM
10504B,N,O,04/06/2026 06:47:58 PM
1050A,N,V,04/06/2026 09:55:06 PM
1050B,N,O,04/06/2026 09:58:22 PM
10511A,N,O,04/06/2026 06:47:50 PM
10511B,N,O,04/06/2026 07:52:36 PM
10512A,N,O,04/06/2026 08:27:30 PM
10512B,N,O,04/06/2026 03:15:39 PM
10513B,N,O,04/06/2026 10:26:48 AM
1051A,N,V,04/06/2026 08:27:16 PM
1051B,N,V,04/06/2026 08:58:00 PM
1052A,N,V,04/06/2026 09:53:32 PM
1052B,N,V,04/06/2026 09:35:22 PM
10534A,N,O,04/06/2026 08:55:58 AM
10534B,N,O,04/06/2026 08:55:51 AM
10535A,N,O,04/06/2026 08:59:51 PM
10535B,N,O,04/06/2026 09:00:06 AM
10536A,N,O,04/06/2026 03:32:19 PM
10536B,N,V,04/06/2026 08:20:15 PM
10537A,N,V,04/06/2026 07:42:29 PM
10537B,N,O,04/06/2026 08:57:48 AM
10539A,N,O,04/06/2026 08:55:51 AM
10539B,N,O,04/06/2026 08:56:14 AM
10540A,N,O,04/06/2026 06:19:04 PM
10540B,N,O,04/06/2026 04:58:23 PM
10541A,N,O,04/06/2026 01:04:40 PM
10541B,N,O,04/06/2026 09:06:55 PM
10542A,N,O,04/06/2026 07:53:03 PM
10542B,N,O,04/06/2026 06:57:49 PM
10543A,N,O,04/05/2026 08:56:51 AM
10543B,N,O,04/06/2026 08:56:44 AM
10544A,N,O,04/06/2026 07:47:23 PM
10544B,N,O,04/06/2026 08:55:52 AM
10545A,N,O,04/06/2026 11:34:18 AM
10545B,N,O,04/06/2026 08:59:43 AM
10546A,N,O,04/06/2026 04:31:11 PM
10546B,N,O,04/06/2026 04:15:17 PM
10547A,N,O,04/06/2026 08:41:52 PM
10547B,N,O,04/06/2026 08:39:02 PM
10548A,N,O,04/06/2026 09:26:24 PM
10548B,N,O,04/06/2026 09:29:14 PM
10549A,N,O,04/06/2026 07:07:09 PM
10549B,N,V,04/06/2026 07:19:35 PM
10550A,N,O,04/06/2026 09:35:46 PM
10550B,N,O,04/06/2026 10:32:07 AM
10551A,N,O,04/06/2026 05:23:30 PM
10551B,N,O,04/06/2026 05:46:55 PM
10552A,N,O,04/06/2026 10:27:46 AM
10552B,N,O,04/06/2026 09:52:50 PM
10553A,N,O,04/06/2026 07:44:30 PM
10553B,N,O,04/06/2026 05:24:43 PM
10554A,N,O,04/06/2026 05:48:10 PM
10554B,N,O,04/06/2026 09:59:42 PM
10555A,N,O,04/06/2026 08:26:27 PM
10555B,N,O,04/06/2026 09:29:23 PM
10556A,N,O,04/06/2026 09:58:04 PM
10556B,N,O,04/06/2026 04:43:53 PM
10557A,N,O,04/06/2026 05:07:28 PM
10557B,N,O,04/06/2026 09:35:48 PM
10558A,N,O,04/06/2026 05:35:55 PM
10558B,N,O,04/06/2026 08:45:24 PM
10581A,N,O,04/06/2026 03:59:17 PM
10581B,N,O,04/06/2026 12:57:53 PM
10582A,N,O,04/06/2026 05:36:41 PM
10582B,N,O,04/06/2026 05:35:45 PM
10583A,N,O,04/06/2026 02:38:33 PM
10583B,N,O,04/06/2026 06:37:00 PM
10584A,N,O,04/06/2026 06:07:08 PM
10585A,N,O,04/06/2026 08:59:49 AM
10585B,N,O,04/06/2026 12:31:47 PM
105A,N,V,04/06/2026 08:48:24 PM
105B,N,V,04/06/2026 06:06:10 PM
10600A,N,O,04/06/2026 01:10:41 PM
10601A,N,O,04/06/2026 06:00:35 PM
10601B,N,O,04/06/2026 04:43:20 PM
10602A,N,O,04/06/2026 04:25:32 PM
10602B,N,O,04/06/2026 04:14:24 PM
10605A,N,V,04/06/2026 09:05:36 PM
10605B,N,V,04/06/2026 09:33:57 PM
10606A,N,O,04/06/2026 09:36:47 PM
10606B,N,O,04/05/2026 09:58:46 AM
10607B,N,O,04/06/2026 04:18:35 PM
10608A,N,O,04/06/2026 09:56:46 AM
10610B,N,O,04/06/2026 09:59:49 AM
10616A,NU,V,04/06/2026 09:20:21 PM
10616B,NU,O,04/06/2026 07:04:33 PM
10617B,N,O,04/06/2026 04:57:54 PM
10618A,NU,V,04/06/2026 08:59:56 PM
10619B,NU,O,04/06/2026 07:00:44 PM
10620A,NU,V,04/05/2026 08:20:48 PM
10621B,NU,V,04/04/2026 09:19:38 PM
10622B,N,V,04/06/2026 09:00:17 PM
10623A,N,O,04/06/2026 08:07:34 PM
10623B,N,O,04/06/2026 06:40:58 PM
10624A,N,O,04/06/2026 09:01:55 PM
10624B,N,O,04/06/2026 09:56:48 AM
10625A,N,O,04/06/2026 09:59:44 PM
10625B,N,O,04/05/2026 09:59:44 AM
10626A,N,V,04/06/2026 09:57:12 PM
10626B,N,O,04/06/2026 06:36:43 PM
10628A,N,O,04/06/2026 09:56:45 AM
10628B,N,V,04/06/2026 08:13:32 PM
10629A,N,O,04/06/2026 09:56:03 AM
10637A,N,O,04/07/2026 08:22:52 AM
10637B,N,O,04/07/2026 08:21:02 AM
10638A,N,O,04/07/2026 07:59:08 AM
10638B,N,O,04/07/2026 06:56:47 AM
10639A,N,O,04/07/2026 06:55:51 AM
10639B,N,O,04/07/2026 07:56:09 AM
10642A,N,V,04/07/2026 07:54:54 AM
10642B,N,O,04/07/2026 08:35:50 AM
10643A,N,O,04/07/2026 08:33:22 AM
10643B,N,O,04/07/2026 07:17:24 AM
1064A,N,O,04/06/2026 09:41:19 PM
1064B,N,O,04/06/2026 07:27:27 PM
10650A,NU,O,04/06/2026 08:48:44 PM
10650B,NU,V,04/06/2026 09:08:29 PM
10661A,N,O,04/06/2026 08:12:43 PM
10661B,N,O,04/06/2026 07:20:17 PM
10662A,N,O,04/06/2026 09:57:31 PM
10662B,N,O,04/06/2026 07:48:07 PM
10663A,N,O,04/06/2026 04:31:04 PM
10663B,N,O,04/06/2026 08:36:09 PM
10664A,N,O,04/06/2026 08:46:58 PM
10664B,N,O,04/06/2026 08:13:14 PM
1067A,N,V,04/06/2026 12:49:32 PM
1067B,N,O,04/06/2026 07:12:06 PM
1068A,N,V,04/06/2026 09:51:40 PM
1068B,N,V,04/06/2026 09:54:11 PM
10691A,N,V,04/06/2026 09:40:21 PM
10691B,N,O,04/06/2026 07:17:14 PM
10696A,N,O,04/06/2026 09:58:22 AM
10696B,N,O,04/06/2026 09:13:47 PM
10697A,N,O,04/06/2026 06:09:16 PM
10697B,N,O,04/06/2026 05:38:05 PM
10698A,N,O,04/06/2026 09:55:26 PM
10698B,N,O,04/06/2026 10:05:05 AM
10699A,N,O,04/06/2026 09:44:17 PM
10699B,N,O,04/06/2026 05:20:54 PM
1069A,N,V,04/06/2026 09:54:08 PM
1069B,N,O,04/06/2026 08:55:41 AM
106A,N,O,04/06/2026 07:09:19 PM
106B,N,V,04/06/2026 06:51:03 PM
10701A,NU,O,04/06/2026 07:24:16 PM
10701B,NU,O,04/06/2026 08:01:34 PM
10724B,N,V,04/06/2026 09:56:38 PM
10725A,N,O,04/06/2026 09:22:27 PM
10725B,N,O,04/06/2026 07:51:30 PM
10729A,N,O,04/06/2026 04:19:41 PM
10729B,N,O,04/06/2026 08:27:04 PM
10730B,N,O,04/06/2026 04:31:38 PM
10731A,N,O,04/06/2026 06:42:14 PM
10731B,N,O,04/06/2026 03:06:24 PM
10745A,N,O,04/02/2026 06:59:47 AM
10745B,N,O,04/02/2026 03:32:19 PM
10746A,N,O,04/02/2026 08:17:50 PM
10746B,N,O,04/02/2026 07:39:06 PM
10751A,N,O,04/06/2026 04:44:22 PM
10751B,N,V,04/05/2026 08:05:49 PM
10752A,N,O,04/06/2026 07:38:26 PM
10752B,N,O,04/06/2026 08:57:47 AM
10753A,N,O,04/06/2026 08:56:48 AM
10753B,N,O,04/06/2026 08:56:48 AM
10754A,N,O,04/06/2026 08:55:53 AM
10754B,N,O,04/06/2026 09:58:32 PM
10755A,N,O,04/06/2026 09:40:41 AM
10755B,N,O,04/06/2026 08:01:17 PM
10756A,N,O,04/06/2026 05:30:59 PM
10757A,N,O,04/06/2026 04:06:57 PM
10757B,N,O,04/06/2026 08:47:24 PM
10758B,N,O,08/08/2025 06:34:38 PM
10759A,N,O,04/06/2026 04:24:21 PM
10759B,N,O,04/06/2026 05:15:15 PM
10760A,N,O,04/06/2026 03:16:17 PM
10760B,N,O,04/06/2026 03:17:50 PM
10761A,N,O,04/06/2026 08:04:31 PM
10761B,N,O,04/06/2026 06:36:49 PM
10762B,N,O,04/06/2026 08:33:54 PM
10763A,N,O,04/06/2026 08:35:16 PM
10763B,N,O,04/06/2026 08:40:46 PM
10764A,N,O,04/06/2026 08:59:42 PM
10764B,N,O,04/06/2026 09:47:55 PM
10765A,N,O,04/06/2026 04:51:45 PM
10765B,N,O,04/06/2026 09:40:32 PM
10766A,N,O,04/06/2026 07:26:12 PM
10766B,N,O,04/06/2026 07:17:09 PM
107A,N,V,04/06/2026 09:57:09 PM
10805A,N,O,04/06/2026 03:22:45 PM
10805B,N,O,04/06/2026 08:59:47 AM
10806A,N,O,04/06/2026 05:22:52 PM
10806B,N,O,04/06/2026 08:58:44 AM
10807A,N,O,04/06/2026 09:49:52 PM
10807B,N,O,04/06/2026 08:57:46 AM
10808A,N,O,04/06/2026 05:10:13 PM
10808B,N,O,04/06/2026 08:56:50 AM
10809A,N,V,04/06/2026 08:50:02 PM
10809B,N,O,04/06/2026 08:55:48 AM
10810A,N,V,04/06/2026 07:17:09 PM
10810B,N,V,04/06/2026 01:19:07 PM
10811A,N,V,04/06/2026 06:10:14 PM
10811B,N,V,04/06/2026 12:38:51 PM
10812A,N,V,04/06/2026 09:26:14 PM
10812B,N,V,04/06/2026 09:32:43 PM
10813A,N,V,04/06/2026 05:33:38 PM
10813B,N,V,04/06/2026 05:59:03 PM
10814A,N,V,04/06/2026 05:25:32 PM
10814B,N,V,04/06/2026 04:45:04 PM
10815A,N,O,04/02/2026 06:24:00 PM
10815B,N,O,04/02/2026 11:22:10 PM
10816A,N,V,04/02/2026 01:04:45 PM
10816B,N,V,04/02/2026 06:54:47 PM
10820A,N,V,04/02/2026 06:58:03 PM
10820B,N,O,04/02/2026 04:09:12 PM
10821B,NU,V,12/04/2024 08:59:29 AM
10822A,NU,V,01/27/2026 04:12:34 PM
10822B,NU,V,01/27/2026 04:12:34 PM
10823A,NU,O,12/04/2024 06:56:44 AM
10823B,NU,O,12/04/2024 06:56:51 AM
10824A,NU,O,12/04/2024 08:47:13 AM
10824B,NU,V,12/04/2024 08:58:00 AM
10825A,NU,O,05/28/2025 04:29:02 PM
10825B,N,V,04/02/2026 08:46:33 AM
10826A,NU,V,01/27/2026 04:10:18 PM
10826B,NU,O,01/27/2026 04:10:18 PM
10827A,NU,V,12/03/2024 10:26:33 PM
10827B,NU,V,12/04/2024 08:49:40 AM
10828A,N,V,04/02/2026 01:57:52 PM
10828B,N,V,04/02/2026 10:23:28 AM
10829A,N,V,04/02/2026 06:44:16 PM
10829B,N,V,04/02/2026 04:54:51 PM
10830A,N,V,04/02/2026 08:41:14 AM
10830B,N,V,04/02/2026 09:39:37 AM
10831A,N,O,04/02/2026 10:39:08 PM
10831B,N,V,04/02/2026 10:38:24 PM
10832A,N,V,04/02/2026 11:52:10 PM
10832B,N,V,04/02/2026 03:40:23 PM
10833A,N,O,04/02/2026 10:27:15 PM
10833B,N,O,04/02/2026 08:40:44 PM
10834A,N,O,04/02/2026 09:38:07 PM
10834B,N,V,04/02/2026 11:58:09 PM
10835A,N,V,04/02/2026 11:54:13 PM
10835B,N,O,04/02/2026 06:12:43 PM
10836A,N,O,04/06/2026 07:35:50 PM
10836B,N,V,04/06/2026 04:08:15 PM
10837A,N,V,04/06/2026 07:32:33 PM
10837B,N,V,04/06/2026 04:04:37 PM
10838A,N,V,04/06/2026 03:24:21 PM
10838B,N,O,04/06/2026 09:59:14 PM
10839A,N,V,09/21/2025 05:09:16 PM
10839B,N,V,09/21/2025 03:59:51 PM
10840A,N,V,04/05/2026 08:26:36 PM
10840B,N,O,04/06/2026 09:24:03 PM
108A,N,O,04/06/2026 09:55:36 PM
108B,N,V,04/06/2026 06:05:29 PM
109A,N,V,04/06/2026 05:11:49 PM
10B,NU,V,02/25/2026 11:59:15 PM
11022A,N,O,04/06/2026 07:31:48 PM
11022B,N,O,04/06/2026 03:53:23 PM
11023A,N,O,04/06/2026 06:23:48 PM
11023B,N,O,04/06/2026 07:52:46 PM
11030A,N,O,04/06/2026 02:14:47 PM
11031A,N,O,04/06/2026 09:58:59 AM
11031B,N,O,04/06/2026 08:32:33 PM
11032B,N,O,04/06/2026 09:57:51 AM
11034A,N,O,04/06/2026 10:49:52 AM
11034B,N,O,04/06/2026 10:01:06 AM
11035A,N,O,04/06/2026 09:59:46 AM
11035B,N,O,04/06/2026 09:59:50 AM
11036A,N,O,04/06/2026 08:30:16 PM
11036B,N,O,04/06/2026 09:23:05 PM
11040B,N,O,04/06/2026 09:59:46 AM
11041A,N,O,04/06/2026 09:58:50 AM
11041B,N,V,04/06/2026 07:53:30 PM
11042A,N,O,04/06/2026 03:51:34 PM
11042B,N,O,04/06/2026 12:11:21 PM
11043A,N,O,04/06/2026 09:56:47 AM
11043B,N,O,04/06/2026 08:22:34 PM
11044A,N,O,04/06/2026 11:05:18 AM
11044B,N,O,04/06/2026 03:45:05 PM
11070A,N,O,04/06/2026 09:59:49 AM
11070B,N,O,04/06/2026 11:28:41 AM
11071A,N,O,04/06/2026 11:37:18 AM
11071B,N,O,04/06/2026 02:42:34 PM
11072B,N,O,04/06/2026 01:06:32 PM
11073A,N,O,04/06/2026 07:46:49 PM
11074A,N,O,04/06/2026 06:04:30 PM
11074B,N,O,04/06/2026 09:18:14 PM
11075A,N,O,04/06/2026 04:55:30 PM
11075B,N,O,04/06/2026 04:14:30 PM
11076A,N,O,04/06/2026 03:47:08 PM
11076B,N,O,04/06/2026 05:49:14 PM
11077A,N,O,04/06/2026 08:58:05 AM
11077B,N,O,04/06/2026 09:57:42 PM
11078A,N,O,04/06/2026 08:00:39 PM
11078B,N,O,04/06/2026 05:57:43 PM
11079A,N,O,04/06/2026 09:45:08 PM
11079B,N,O,04/06/2026 06:00:50 PM
11081B,N,O,04/06/2026 04:29:54 PM
11082A,N,O,04/06/2026 08:15:19 PM
11082B,N,O,04/06/2026 09:46:25 PM
11083A,N,O,04/06/2026 04:48:08 PM
11083B,N,O,04/06/2026 08:20:20 PM
11084A,N,O,04/06/2026 08:08:00 PM
11085A,N,O,04/06/2026 09:09:25 AM
11085B,N,O,04/06/2026 04:56:09 PM
11086A,N,O,04/06/2026 03:56:26 PM
11086B,N,O,04/06/2026 08:39:03 PM
11087A,N,O,04/06/2026 03:05:41 PM
11087B,N,O,04/06/2026 06:20:28 PM
11088A,N,O,04/06/2026 07:45:35 PM
11088B,N,O,04/06/2026 08:27:39 PM
11089A,N,O,04/06/2026 09:38:06 PM
11089B,N,V,04/06/2026 06:45:54 PM
11090A,N,O,04/06/2026 09:50:34 PM
11090B,N,O,04/06/2026 06:06:49 PM
11091A,N,O,04/06/2026 05:53:03 PM
11091B,N,O,04/06/2026 09:52:03 AM
11092A,N,O,04/06/2026 04:49:38 PM
11092B,N,O,04/06/2026 01:33:03 PM
11093A,N,O,04/06/2026 06:18:33 PM
11093B,N,O,04/06/2026 04:29:11 PM
11094A,N,O,04/06/2026 01:12:14 PM
11094B,N,O,04/06/2026 09:54:05 PM
11095A,N,O,04/06/2026 04:25:29 PM
11095B,N,O,04/06/2026 04:06:45 PM
11096A,N,O,04/06/2026 06:50:02 PM
11096B,N,O,04/06/2026 04:12:01 PM
11097A,N,O,04/06/2026 03:14:46 PM
11097B,N,V,04/06/2026 09:52:54 PM
11098A,N,O,04/06/2026 03:15:28 PM
11098B,N,O,04/06/2026 06:38:11 PM
11099A,N,O,04/06/2026 10:29:31 AM
11099B,N,O,04/06/2026 07:57:14 PM
11100A,N,O,04/06/2026 05:40:35 PM
11100B,N,O,04/06/2026 04:54:49 PM
11101A,N,O,04/06/2026 10:26:56 AM
11101B,N,O,04/06/2026 07:55:36 PM
11102A,N,O,04/06/2026 10:22:50 AM
11102B,N,O,04/06/2026 03:10:18 PM
11103A,N,O,04/06/2026 02:49:57 PM
11103B,N,O,04/06/2026 02:15:27 PM
11104A,N,O,04/06/2026 05:21:44 PM
11104B,N,O,04/06/2026 09:11:02 PM
11105A,N,O,04/05/2026 06:16:03 PM
11105B,N,O,04/06/2026 08:31:36 PM
11106A,N,O,04/06/2026 09:58:18 PM
11106B,N,O,04/06/2026 08:58:56 AM
11107A,N,O,04/06/2026 06:47:53 PM
11110A,N,O,04/06/2026 09:59:44 AM
11110B,N,O,04/05/2026 07:14:14 PM
11111A,N,O,04/06/2026 07:48:46 PM
11111B,N,O,04/06/2026 09:58:50 AM
11112A,N,O,04/06/2026 09:57:44 AM
11112B,N,O,04/06/2026 01:45:10 PM
11113A,N,O,04/06/2026 09:59:53 PM
11113B,N,O,04/06/2026 09:56:53 AM
11114A,N,O,04/06/2026 03:09:35 PM
11114B,N,O,04/06/2026 09:55:48 AM
11116A,N,O,04/06/2026 05:45:43 PM
11116B,N,O,04/06/2026 06:31:34 PM
11117A,N,O,04/06/2026 05:07:06 PM
11117B,N,O,04/06/2026 06:42:15 PM
11118A,N,O,04/06/2026 08:57:53 AM
11119A,N,O,04/06/2026 08:55:59 AM
11119B,N,O,04/06/2026 07:08:30 PM
11120A,N,O,04/06/2026 02:24:18 PM
11120B,N,O,04/06/2026 04:11:00 PM
11121A,N,O,04/06/2026 03:58:35 PM
11121B,N,O,04/06/2026 08:52:47 PM
11122A,N,O,04/06/2026 07:30:42 PM
11122B,N,O,04/06/2026 06:08:27 PM
11127A,N,O,04/06/2026 03:48:54 PM
11127B,N,O,04/06/2026 09:46:16 PM
11128A,N,O,04/06/2026 09:07:16 PM
11128B,N,O,04/06/2026 08:35:29 PM
11129A,N,O,04/06/2026 06:14:30 PM
11129B,N,O,04/06/2026 08:08:15 PM
11130B,N,O,04/06/2026 09:12:32 PM
11131B,N,O,04/06/2026 04:10:51 PM
11132A,N,O,04/06/2026 08:21:18 PM
11132B,N,O,04/06/2026 03:16:48 PM
11133A,N,O,04/06/2026 08:56:46 AM
11134B,N,V,04/06/2026 10:00:02 PM
11135A,N,O,04/06/2026 07:14:19 PM
11135B,N,O,04/06/2026 08:59:38 AM
11136A,N,O,04/06/2026 08:58:30 AM
11136B,N,O,04/06/2026 07:24:18 PM
11137A,N,O,04/06/2026 08:17:01 PM
11137B,N,O,04/06/2026 08:24:12 PM
11138A,N,O,04/06/2026 07:56:20 PM
11138B,N,O,04/06/2026 09:38:14 PM
11139A,N,O,04/06/2026 09:34:11 PM
11139B,N,O,04/06/2026 02:14:13 PM
11140A,N,O,04/06/2026 06:46:35 PM
11140B,N,O,04/06/2026 04:34:10 PM
11141A,N,O,04/06/2026 05:48:02 PM
11141B,N,O,04/06/2026 06:55:22 PM
11142A,N,O,04/06/2026 08:51:13 PM
11142B,N,O,04/06/2026 08:17:44 PM
11143A,N,O,04/06/2026 06:06:21 PM
11143B,N,O,04/06/2026 03:30:19 PM
11144A,N,O,04/06/2026 06:35:54 PM
11144B,N,O,04/06/2026 05:38:40 PM
11145A,N,O,04/06/2026 07:27:10 PM
11145B,N,O,04/06/2026 06:25:39 PM
11146A,N,O,04/06/2026 03:50:21 PM
11146B,N,O,04/06/2026 07:33:10 PM
11147A,N,O,04/06/2026 05:40:47 PM
11147B,N,O,04/06/2026 06:21:10 PM
11149A,N,O,04/06/2026 06:04:34 PM
11149B,N,O,04/06/2026 06:26:25 PM
11150A,N,O,04/06/2026 05:09:50 PM
11150B,N,O,04/06/2026 09:35:17 PM
11151A,N,O,04/06/2026 09:07:17 PM
11151B,N,O,04/06/2026 05:31:13 PM
11152B,N,O,04/06/2026 06:01:39 PM
11153A,N,O,04/06/2026 06:46:03 PM
11153B,N,O,04/06/2026 09:18:19 PM
11155A,N,O,04/06/2026 05:36:22 PM
11155B,N,O,04/06/2026 09:54:34 PM
11156B,N,O,04/06/2026 08:59:37 AM
11157A,N,O,04/06/2026 08:20:34 PM
11158A,N,O,04/06/2026 06:07:36 PM
11158B,N,O,04/06/2026 07:57:16 PM
11159A,N,O,04/06/2026 07:59:35 PM
11159B,N,O,04/06/2026 06:03:47 PM
11160A,N,O,04/06/2026 09:02:46 PM
11160B,N,O,04/06/2026 07:22:37 PM
11165A,N,O,04/06/2026 09:59:51 AM
11166A,N,O,04/06/2026 09:04:29 PM
11166B,N,O,04/06/2026 09:58:51 AM
11167A,N,O,04/06/2026 09:57:49 AM
11167B,N,O,04/06/2026 09:58:07 AM
11168A,N,O,04/06/2026 09:56:54 AM
11168B,N,V,04/06/2026 10:56:26 AM
11169A,N,O,04/06/2026 09:55:49 AM
11169B,N,O,04/06/2026 09:55:53 AM
11171B,N,O,04/06/2026 01:33:26 PM
11172A,N,O,04/06/2026 03:29:28 PM
11172B,N,O,04/06/2026 06:44:26 PM
11173A,N,O,04/06/2026 10:23:19 AM
11173B,N,O,04/06/2026 05:19:16 PM
11174A,N,O,04/06/2026 08:55:47 AM
11174B,N,O,04/06/2026 08:44:27 PM
11175A,N,O,04/06/2026 06:03:31 PM
11175B,N,O,04/06/2026 07:23:58 PM
11176A,N,O,04/06/2026 06:59:34 PM
11176B,N,O,04/06/2026 06:56:20 PM
11177A,N,O,04/06/2026 09:23:02 PM
11177B,N,O,04/06/2026 01:47:53 PM
11178A,N,O,04/06/2026 05:43:08 PM
11178B,N,O,04/06/2026 01:14:41 PM
1117A,N,O,04/07/2026 08:28:35 AM
1117B,N,O,04/07/2026 06:57:42 AM
11181A,NU,O,04/06/2026 08:23:22 PM
11181B,NU,O,04/06/2026 06:00:51 PM
11182A,NU,O,04/06/2026 08:46:53 PM
11182B,NU,O,04/06/2026 06:00:44 PM
11183A,NU,O,04/06/2026 06:00:46 PM
11183B,NU,O,04/06/2026 08:43:11 PM
1118A,N,O,04/07/2026 08:26:44 AM
1118B,N,O,04/07/2026 08:36:50 AM
11191A,N,O,04/06/2026 05:47:59 PM
11191B,N,O,04/06/2026 08:19:57 PM
1119A,N,O,04/07/2026 08:25:51 AM
1119B,N,O,04/07/2026 08:25:59 AM
111A,N,V,04/06/2026 05:30:35 PM
111B,N,V,04/06/2026 09:58:14 PM
11205A,N,O,04/06/2026 05:44:40 PM
11205B,N,V,04/06/2026 05:39:48 PM
11206B,N,O,04/06/2026 06:20:02 PM
11207A,N,O,04/06/2026 09:57:23 PM
11207B,N,O,04/06/2026 07:16:19 PM
11208A,N,O,04/06/2026 11:30:31 AM
11208B,N,O,04/06/2026 03:23:06 PM
11209A,N,O,04/06/2026 05:44:29 PM
11209B,N,O,04/06/2026 07:35:58 PM
11210A,N,O,04/06/2026 03:23:26 PM
11210B,N,O,04/06/2026 05:26:23 PM
11211A,N,O,04/06/2026 07:56:45 PM
11211B,N,O,04/06/2026 07:29:29 PM
11212A,N,O,04/06/2026 09:59:42 PM
11212B,N,O,04/06/2026 05:56:19 PM
112A,N,V,04/06/2026 09:55:09 PM
112B,N,V,04/06/2026 06:14:45 PM
113A,N,O,04/06/2026 08:56:49 AM
113B,N,O,04/06/2026 07:08:25 PM
11500A,N,O,04/06/2026 06:01:57 PM
11500B,N,O,04/06/2026 02:30:25 PM
11501A,N,O,04/06/2026 05:09:28 PM
11501B,N,O,04/06/2026 05:44:08 PM
11502B,N,O,04/06/2026 08:57:48 AM
11504A,N,O,04/06/2026 05:35:32 PM
11504B,N,O,04/06/2026 06:19:00 PM
11505A,N,O,04/06/2026 02:37:33 PM
11505B,N,O,04/06/2026 05:29:54 PM
11506B,N,O,04/06/2026 02:37:16 PM
11507B,N,O,04/06/2026 02:50:29 PM
11508A,N,O,04/06/2026 04:46:40 PM
11508B,N,O,04/06/2026 02:27:09 PM
11509A,N,O,04/06/2026 09:14:48 AM
11509B,N,O,04/06/2026 04:26:56 PM
11582A,N,O,04/06/2026 09:19:27 PM
11583A,N,O,04/06/2026 07:03:55 PM
11583B,N,O,04/06/2026 07:37:37 PM
11584A,N,O,04/06/2026 07:36:33 PM
11584B,N,O,04/06/2026 02:21:34 PM
11585B,N,O,04/06/2026 08:08:40 PM
11593A,N,O,04/06/2026 11:18:41 AM
11593B,N,O,04/06/2026 05:41:03 PM
11594A,N,O,04/06/2026 04:01:14 PM
11595A,N,O,04/06/2026 02:56:22 PM
11595B,N,O,04/06/2026 07:23:20 PM
11596A,N,O,04/06/2026 08:58:44 AM
11596B,N,O,04/06/2026 06:08:12 PM
11597A,N,O,04/06/2026 03:16:04 PM
11597B,N,O,04/06/2026 09:44:59 PM
11598A,N,O,04/06/2026 05:39:57 PM
11598B,N,O,04/06/2026 05:02:11 PM
11599A,N,O,04/06/2026 09:56:08 PM
11599B,N,O,04/06/2026 05:04:05 PM
115A,N,V,04/06/2026 06:47:42 PM
115B,N,O,04/06/2026 09:58:58 PM
11600A,N,O,04/06/2026 04:53:14 PM
11600B,N,O,04/06/2026 10:43:13 AM
11601A,N,O,04/06/2026 06:01:21 PM
11601B,N,O,04/06/2026 06:28:37 PM
11602A,N,O,04/06/2026 08:57:46 AM
11602B,N,V,04/06/2026 08:27:52 PM
11608A,N,O,04/06/2026 03:21:49 PM
11609B,N,O,04/06/2026 02:48:57 PM
11610A,N,O,04/06/2026 04:51:09 PM
11610B,N,O,04/06/2026 08:59:40 AM
11611A,N,O,04/06/2026 04:16:24 PM
11611B,N,O,04/06/2026 11:09:03 AM
11612A,N,O,04/06/2026 09:28:34 AM
11612B,N,O,04/06/2026 06:49:00 PM
11613A,N,O,04/06/2026 08:56:51 AM
11613B,N,O,04/06/2026 08:56:51 AM
11614A,N,O,04/06/2026 09:09:05 PM
11614B,N,O,04/06/2026 08:55:49 AM
11615A,NU,O,03/01/2026 07:24:19 PM
11615B,N,O,04/06/2026 08:59:52 AM
11616A,NU,O,03/01/2026 08:58:45 AM
11616B,NU,O,02/28/2026 06:58:42 AM
11617B,N,O,04/06/2026 08:57:53 AM
11618A,N,O,04/06/2026 08:56:47 AM
11618B,N,O,04/06/2026 03:09:43 PM
11619A,N,O,04/06/2026 08:55:45 AM
11625A,N,O,04/06/2026 07:45:25 PM
11626A,N,O,04/06/2026 09:17:23 PM
11626B,N,V,04/06/2026 09:59:46 PM
11627A,N,O,04/06/2026 09:23:13 PM
11627B,N,O,04/06/2026 09:41:03 AM
11655A,N,O,04/06/2026 06:08:18 PM
11655B,N,O,04/06/2026 09:28:02 PM
11656A,N,O,04/06/2026 06:43:22 PM
11656B,N,O,04/06/2026 04:17:35 PM
11657A,N,O,04/06/2026 08:07:55 PM
11657B,N,V,04/06/2026 09:50:48 PM
11658A,N,O,04/06/2026 08:59:03 PM
11658B,N,O,04/06/2026 03:46:59 PM
11659A,N,O,04/06/2026 06:56:39 PM
11659B,N,O,04/06/2026 07:17:12 PM
11660A,N,O,04/06/2026 08:59:49 AM
11660B,N,O,04/06/2026 01:18:48 PM
11661A,N,O,04/06/2026 03:34:37 PM
11661B,N,O,04/06/2026 08:58:55 AM
11662A,N,O,04/06/2026 12:43:40 PM
11662B,N,V,04/06/2026 09:35:52 PM
11663A,N,O,04/06/2026 08:56:56 PM
11663B,N,O,04/06/2026 07:07:10 PM
11671B,N,O,04/06/2026 08:31:31 PM
11672A,N,O,04/06/2026 04:53:25 PM
11672B,N,O,04/06/2026 09:43:17 PM
116A,N,V,04/06/2026 08:36:25 PM
116B,N,V,04/06/2026 08:25:59 PM
1172A,N,O,04/06/2026 08:20:51 PM
1172B,N,O,04/06/2026 07:30:22 PM
1173A,N,O,04/06/2026 02:18:25 PM
1173B,N,V,04/06/2026 09:57:17 PM
1174B,N,O,04/06/2026 09:38:45 PM
1175A,N,O,04/06/2026 09:44:43 PM
1175B,N,O,04/06/2026 07:45:47 PM
1176B,N,O,04/06/2026 09:51:41 PM
117A,N,V,04/06/2026 06:31:07 PM
117B,N,V,04/06/2026 09:48:46 PM
118A,N,V,04/06/2026 06:53:34 PM
118B,N,V,04/06/2026 09:59:45 PM
1199A,N,V,04/06/2026 09:48:44 PM
1199B,N,O,04/06/2026 09:02:53 PM
119A,N,V,04/06/2026 08:06:55 PM
119B,N,V,04/06/2026 09:01:06 PM
11B,NU,O,02/25/2026 10:59:20 PM
12001A,N,O,04/06/2026 02:30:14 PM
12001B,N,V,04/06/2026 09:25:09 PM
12003A,N,O,04/06/2026 06:29:16 PM
12003B,N,V,04/06/2026 09:46:11 PM
12004A,N,V,04/06/2026 09:51:18 PM
12004B,N,O,04/06/2026 08:24:32 PM
12005A,N,O,04/06/2026 06:26:14 PM
12005B,N,O,04/06/2026 09:59:43 AM
12006A,N,O,04/06/2026 09:58:51 AM
1202A,N,O,04/06/2026 09:59:59 PM
1202B,N,O,04/06/2026 10:27:44 AM
12030A,N,O,04/06/2026 08:23:13 PM
12030B,N,O,04/06/2026 08:59:55 AM
12031A,N,O,04/06/2026 07:07:32 PM
12031B,N,V,04/06/2026 08:51:40 PM
12032A,N,O,04/06/2026 12:48:03 PM
12032B,N,O,04/06/2026 09:43:02 PM
12034A,N,O,04/06/2026 09:51:20 PM
12034B,N,O,04/06/2026 06:55:14 PM
12035A,N,O,04/06/2026 07:41:42 PM
12035B,N,V,04/06/2026 09:57:15 PM
12036A,N,V,04/06/2026 09:59:46 PM
12036B,N,O,04/06/2026 09:58:03 PM
12037A,N,O,04/06/2026 06:06:59 PM
12037B,N,O,04/06/2026 09:09:31 PM
12038A,N,O,04/06/2026 05:47:14 PM
12038B,N,O,04/06/2026 04:43:54 PM
12039A,N,V,04/06/2026 09:41:25 PM
12039B,N,O,04/06/2026 07:55:51 PM
1203B,N,V,04/06/2026 09:46:42 PM
12040A,N,V,04/06/2026 09:53:14 PM
12040B,N,V,04/06/2026 09:07:46 PM
12041A,N,O,04/06/2026 08:15:23 PM
12041B,N,O,04/06/2026 09:34:53 PM
12042A,N,O,04/06/2026 06:49:36 PM
12042B,N,O,04/06/2026 07:35:46 PM
12043A,N,O,04/06/2026 09:34:05 PM
12043B,N,O,04/06/2026 07:48:52 PM
12044A,N,O,04/06/2026 05:35:02 PM
12044B,N,O,04/06/2026 09:27:49 PM
12045A,N,V,04/06/2026 09:56:04 PM
12045B,N,O,04/06/2026 09:07:42 PM
12046A,N,O,04/06/2026 10:56:23 AM
12046B,N,O,04/06/2026 11:00:20 AM
12047A,N,O,04/06/2026 02:28:47 PM
12047B,N,O,04/06/2026 08:57:53 AM
12048A,N,V,04/06/2026 09:37:30 PM
12048B,N,V,04/06/2026 08:52:44 PM
12051A,N,O,04/06/2026 08:38:10 PM
12051B,N,O,04/06/2026 10:00:01 PM
12052A,N,O,04/06/2026 08:57:47 AM
12052B,N,O,04/06/2026 05:10:26 PM
12054A,N,O,04/06/2026 06:49:20 PM
12055A,N,O,04/06/2026 07:45:59 PM
12055B,N,O,04/06/2026 07:45:59 PM
12056A,N,O,04/06/2026 08:59:21 PM
12056B,N,O,04/06/2026 09:52:36 PM
12057A,N,O,04/06/2026 04:39:07 PM
12057B,N,O,04/06/2026 09:22:04 PM
12058B,N,O,04/06/2026 04:54:58 PM
12059B,N,V,04/06/2026 09:57:57 PM
12060B,N,O,04/06/2026 08:59:50 AM
12061A,N,O,04/06/2026 09:49:14 PM
12061B,N,O,04/06/2026 06:10:52 PM
12062A,N,O,04/06/2026 04:09:31 PM
12062B,N,O,04/06/2026 07:39:00 PM
12063A,N,O,04/06/2026 08:33:34 PM
12063B,N,O,04/06/2026 01:00:31 PM
12064A,N,O,04/06/2026 09:30:50 PM
12064B,N,O,04/06/2026 07:21:14 PM
12065A,N,O,04/06/2026 05:15:42 PM
12065B,N,O,04/06/2026 07:35:13 PM
12066A,N,O,04/06/2026 08:05:08 PM
12066B,N,O,04/06/2026 09:10:03 PM
12067A,N,O,04/06/2026 07:35:48 PM
12067B,N,O,04/06/2026 09:30:07 PM
12068A,N,O,04/06/2026 06:49:26 PM
12068B,N,O,04/06/2026 08:53:16 PM
12069A,N,O,04/06/2026 06:27:38 PM
12069B,N,O,04/06/2026 04:40:17 PM
12070A,N,O,04/06/2026 07:45:13 PM
12070B,N,O,04/06/2026 10:32:41 AM
12071A,N,O,04/06/2026 09:59:14 PM
12071B,N,O,04/06/2026 05:58:54 PM
12081A,N,O,04/06/2026 03:10:39 PM
12081B,N,O,04/06/2026 08:58:50 AM
12082A,NU,V,04/06/2026 06:37:02 PM
12082B,NU,O,04/06/2026 06:37:33 PM
12083A,N,V,04/06/2026 08:26:34 PM
12083B,N,O,04/05/2026 08:56:47 AM
12099A,N,O,04/06/2026 07:51:33 PM
12099B,N,O,04/06/2026 06:08:27 PM
120A,N,V,04/06/2026 06:52:37 PM
120B,N,V,04/06/2026 08:54:48 PM
12100A,N,O,04/06/2026 08:32:12 PM
12104A,N,O,04/06/2026 03:30:05 PM
12104B,N,O,04/06/2026 05:53:05 PM
12105A,N,O,04/06/2026 01:33:43 PM
12105B,N,O,04/06/2026 06:52:57 PM
12106A,N,O,04/06/2026 01:22:46 PM
12106B,N,O,04/06/2026 07:59:22 PM
12107A,N,O,04/06/2026 06:28:20 PM
12107B,N,O,04/06/2026 08:22:17 PM
12108A,N,O,04/06/2026 06:14:41 PM
12108B,N,O,04/06/2026 06:31:07 PM
12109A,N,O,04/06/2026 06:10:50 PM
12109B,N,O,04/06/2026 09:12:24 PM
12110A,N,O,04/06/2026 06:02:47 PM
12111A,N,O,04/06/2026 08:16:28 PM
12111B,N,O,04/06/2026 09:46:00 PM
12112A,N,O,04/06/2026 07:23:40 PM
12112B,N,O,04/06/2026 01:01:20 PM
12113A,N,O,04/06/2026 09:32:27 PM
12113B,N,O,04/06/2026 08:52:15 PM
12114A,N,O,04/06/2026 09:30:21 PM
12115A,N,O,04/06/2026 05:58:43 PM
12116A,N,O,04/06/2026 05:13:46 PM
12117A,N,O,04/06/2026 04:14:56 PM
12118B,N,O,04/06/2026 06:58:30 PM
12119A,N,O,04/06/2026 05:39:28 PM
12119B,N,O,04/06/2026 07:38:49 PM
12120A,N,O,04/06/2026 05:29:08 PM
12120B,N,O,04/06/2026 08:59:52 AM
12121A,N,O,04/06/2026 06:37:02 PM
12121B,N,O,04/06/2026 07:51:09 PM
12122A,N,O,04/06/2026 09:55:35 PM
12122B,N,O,04/06/2026 07:43:39 PM
12123A,N,O,04/06/2026 08:16:50 PM
12123B,N,O,04/06/2026 09:05:04 PM
12124A,N,O,04/06/2026 09:14:43 PM
12124B,N,O,04/06/2026 02:45:00 PM
12125A,N,O,04/06/2026 09:46:31 PM
12125B,N,V,04/06/2026 09:52:33 PM
12126A,N,O,04/06/2026 09:30:03 PM
12126B,N,O,04/06/2026 07:54:27 PM
12128A,N,O,04/06/2026 05:20:35 PM
12128B,N,V,04/06/2026 09:43:51 PM
12129A,N,O,04/06/2026 09:41:51 PM
12130A,N,O,04/06/2026 06:19:03 PM
12130B,N,V,04/06/2026 09:58:59 PM
12131A,N,O,04/06/2026 04:15:35 PM
12131B,N,V,04/06/2026 09:46:05 PM
12132A,N,O,04/06/2026 07:28:09 PM
12132B,N,V,04/06/2026 08:24:14 PM
12133A,N,O,04/06/2026 09:22:49 PM
12133B,N,O,04/06/2026 05:32:09 PM
12134A,N,O,04/06/2026 09:57:56 PM
12134B,N,V,04/06/2026 09:58:55 PM
12135A,N,O,04/06/2026 06:09:28 PM
12135B,N,V,04/06/2026 09:59:15 PM
12136A,N,O,04/06/2026 09:33:39 PM
12136B,N,O,04/06/2026 06:39:22 PM
12137A,N,V,04/06/2026 07:07:09 PM
12137B,N,O,04/06/2026 07:40:15 PM
12139A,N,O,04/06/2026 08:26:23 PM
12139B,N,O,04/06/2026 06:55:20 PM
12140A,N,O,04/06/2026 08:44:16 PM
12140B,N,O,04/06/2026 07:30:48 PM
12141A,N,O,04/06/2026 05:40:31 PM
12142A,N,O,04/06/2026 08:04:34 PM
12142B,N,O,04/06/2026 09:29:58 PM
12143A,N,O,04/06/2026 07:58:08 PM
12143B,N,O,04/06/2026 06:23:34 PM
12144A,N,O,04/06/2026 05:58:32 PM
12144B,N,O,04/06/2026 09:00:15 PM
12145A,N,O,04/06/2026 06:34:39 PM
12145B,N,O,04/06/2026 06:12:14 PM
12148A,N,O,04/06/2026 11:20:41 AM
12148B,N,O,04/06/2026 04:52:20 PM
12149A,N,O,04/06/2026 07:09:32 PM
12149B,N,O,04/06/2026 05:11:17 PM
12151A,N,O,04/06/2026 03:30:17 PM
12151B,N,O,04/06/2026 09:52:50 PM
12152A,N,O,04/06/2026 05:39:52 PM
12152B,N,O,04/06/2026 05:29:37 PM
12153A,N,O,04/06/2026 05:23:25 PM
12153B,N,O,04/06/2026 09:55:47 PM
12154A,N,O,04/06/2026 09:52:49 PM
12154B,N,O,04/06/2026 08:04:27 PM
12155A,N,O,04/06/2026 04:59:03 PM
12155B,N,O,04/06/2026 05:32:10 PM
12156A,N,O,04/06/2026 06:11:11 PM
12156B,N,O,04/06/2026 05:12:58 PM
12157A,N,O,04/06/2026 03:36:55 PM
12157B,N,O,04/06/2026 04:56:43 PM
12158A,N,O,04/06/2026 07:17:28 PM
12158B,N,O,04/06/2026 04:33:50 PM
12159B,N,O,04/06/2026 08:07:34 PM
12160A,N,O,04/06/2026 09:36:35 PM
12160B,N,O,04/06/2026 08:27:04 PM
12161A,N,O,10/25/2025 03:07:40 PM
12161B,N,O,04/06/2026 09:14:03 PM
12162A,N,O,04/06/2026 07:37:16 PM
12162B,N,O,04/06/2026 07:39:03 PM
12163A,N,O,04/06/2026 08:56:44 AM
12163B,N,O,04/06/2026 03:18:20 PM
12164A,N,O,04/06/2026 09:29:50 PM
12164B,N,O,04/06/2026 07:46:52 PM
12165A,N,O,04/06/2026 08:59:18 PM
12165B,N,O,04/06/2026 08:10:56 PM
12166B,N,O,04/06/2026 09:50:41 PM
12167A,N,O,04/06/2026 08:57:50 AM
12167B,N,O,04/06/2026 03:21:03 PM
12169A,N,O,04/06/2026 08:25:41 PM
12169B,N,O,04/06/2026 01:32:57 PM
12170A,N,O,04/06/2026 09:42:26 PM
12170B,N,O,04/06/2026 09:01:38 PM
12171A,N,O,04/06/2026 04:55:02 PM
12173A,N,O,04/06/2026 08:33:57 PM
12173B,N,O,04/06/2026 08:53:57 PM
12174A,N,O,04/06/2026 08:55:43 AM
12174B,N,O,04/06/2026 08:55:43 AM
12175A,N,O,04/06/2026 03:30:13 PM
12175B,N,O,04/06/2026 09:01:39 PM
12176B,N,V,04/06/2026 09:55:19 PM
12177A,N,O,04/06/2026 08:28:18 PM
12177B,N,O,04/06/2026 09:52:20 PM
12179A,N,V,04/06/2026 09:59:46 PM
12179B,N,O,04/06/2026 07:14:20 PM
12180B,N,O,04/06/2026 08:52:16 PM
12182A,N,V,04/06/2026 08:57:38 PM
12182B,N,O,04/06/2026 05:27:25 PM
12183A,N,O,04/06/2026 09:59:58 PM
12183B,N,O,04/06/2026 07:15:17 PM
12184A,N,O,04/06/2026 09:21:31 PM
12184B,N,O,04/06/2026 09:36:13 PM
12186A,N,O,04/06/2026 08:58:56 AM
12187A,N,O,04/06/2026 10:41:17 AM
12187B,N,O,04/06/2026 09:29:57 PM
12188A,N,O,04/06/2026 08:56:51 AM
12188B,N,O,04/06/2026 07:58:51 PM
12189A,N,O,04/06/2026 02:19:16 PM
12190A,N,O,04/06/2026 08:28:27 PM
12190B,N,O,04/06/2026 04:23:55 PM
12191A,N,O,04/06/2026 04:50:09 PM
12191B,N,O,04/06/2026 08:58:55 AM
12192A,N,O,04/06/2026 08:43:52 PM
12193A,N,O,04/06/2026 09:43:50 PM
12193B,N,O,04/06/2026 07:26:09 PM
12194A,N,O,04/06/2026 06:02:26 PM
12195A,N,O,04/06/2026 05:59:41 PM
12195B,N,O,04/06/2026 09:44:39 PM
12196A,N,O,04/06/2026 08:34:07 PM
12196B,N,O,04/06/2026 12:43:37 PM
12197B,N,O,04/06/2026 08:21:02 PM
12198A,N,O,04/06/2026 06:35:34 PM
12198B,N,O,04/06/2026 04:33:33 PM
121A,N,V,04/06/2026 09:14:12 PM
121B,N,V,04/06/2026 06:15:56 PM
12202A,N,V,04/06/2026 09:52:09 PM
12202B,N,O,04/06/2026 09:09:02 PM
12203A,N,O,04/06/2026 06:22:00 PM
12203B,N,O,04/06/2026 08:29:57 PM
12204A,N,O,04/06/2026 09:27:37 PM
12204B,N,O,04/06/2026 08:12:08 PM
12205A,N,O,04/06/2026 09:55:24 PM
12211A,N,O,04/06/2026 11:26:04 AM
12211B,N,O,04/06/2026 06:59:57 PM
12212A,N,O,04/06/2026 06:53:39 PM
12212B,N,O,04/06/2026 05:43:49 PM
122B,N,V,04/06/2026 05:58:25 PM
12370A,N,O,04/07/2026 08:29:50 AM
12371A,N,O,04/06/2026 08:28:49 AM
12371B,N,O,04/07/2026 08:28:42 AM
12374A,N,O,04/06/2026 09:36:44 PM
12374B,N,O,04/06/2026 07:05:15 PM
12375A,N,O,04/06/2026 08:59:46 AM
12375B,N,O,04/06/2026 05:43:14 PM
12376A,N,O,04/06/2026 05:10:08 PM
12376B,N,O,04/06/2026 06:23:09 PM
12377A,N,O,04/06/2026 03:46:03 PM
12377B,N,O,04/06/2026 04:45:51 PM
12378A,N,O,04/06/2026 01:16:00 PM
12378B,N,O,04/06/2026 09:43:37 PM
12379A,N,V,04/06/2026 09:58:48 PM
12379B,N,O,04/06/2026 08:55:45 AM
12385A,N,O,04/06/2026 08:59:45 AM
12385B,N,O,04/06/2026 12:54:13 PM
12388A,N,O,04/07/2026 08:26:50 AM
12388B,N,O,04/06/2026 05:16:48 PM
12391A,N,O,04/06/2026 08:29:37 AM
12392A,N,O,04/06/2026 07:46:44 PM
12392B,N,V,04/06/2026 07:59:17 PM
12431A,N,O,04/07/2026 08:28:48 AM
12431B,N,O,04/07/2026 08:28:55 AM
12432B,N,O,04/07/2026 08:27:45 AM
12433A,N,O,04/07/2026 08:26:52 AM
12433B,N,O,04/07/2026 08:26:48 AM
12434A,N,O,04/06/2026 03:16:57 PM
12434B,N,O,04/07/2026 08:25:49 AM
12435A,N,O,04/07/2026 08:31:22 AM
12437B,N,O,04/07/2026 08:27:45 AM
12440A,N,O,04/06/2026 07:06:06 PM
12440B,N,O,04/07/2026 08:29:53 AM
12441A,N,O,04/07/2026 08:28:48 AM
12441B,N,O,04/06/2026 07:44:45 PM
12442A,N,O,04/07/2026 08:27:44 AM
12443B,N,O,04/07/2026 08:26:52 AM
12461A,N,V,04/06/2026 09:58:42 PM
12461B,N,O,04/06/2026 09:30:14 PM
12462B,N,O,04/06/2026 09:18:15 PM
12467A,N,O,04/06/2026 07:58:45 PM
12468A,N,O,04/06/2026 06:48:12 PM
12468B,N,O,04/06/2026 09:59:35 PM
12469A,N,O,04/06/2026 08:11:33 PM
12469B,N,O,04/05/2026 07:49:18 PM
12470A,N,O,04/06/2026 09:44:40 PM
12470B,N,O,04/06/2026 08:41:59 PM
12471A,N,V,04/06/2026 09:24:41 PM
12471B,N,V,04/06/2026 09:57:50 PM
12481A,N,O,04/06/2026 06:43:51 PM
12481B,N,O,04/06/2026 09:58:45 AM
12482A,N,V,04/07/2026 08:26:24 AM
12482B,N,V,04/07/2026 07:18:21 AM
12490A,N,V,04/06/2026 09:02:48 PM
12490B,N,O,04/06/2026 08:38:25 PM
12491A,N,O,04/06/2026 09:59:54 PM
12491B,N,V,04/06/2026 08:55:27 PM
12492A,N,O,04/06/2026 09:09:14 PM
12492B,N,O,04/06/2026 09:52:44 PM
12493A,N,O,04/07/2026 06:56:50 AM
12493B,N,O,04/07/2026 08:16:17 AM
12494A,N,O,04/06/2026 05:42:35 PM
12495A,N,O,04/06/2026 09:38:04 PM
12495B,N,O,04/06/2026 07:29:59 PM
12496B,N,O,04/06/2026 05:43:07 PM
12498A,N,O,04/06/2026 04:26:35 PM
12499A,N,O,04/06/2026 05:32:57 PM
12499B,N,O,04/06/2026 01:16:55 PM
124A,N,O,04/06/2026 09:59:53 PM
124B,N,O,04/06/2026 09:59:27 PM
12501A,N,O,04/07/2026 08:00:56 AM
12501B,N,V,04/07/2026 08:00:21 AM
12502A,N,V,04/07/2026 08:00:50 AM
12502B,N,V,04/07/2026 08:21:46 AM
12503B,N,V,04/07/2026 08:35:46 AM
12504A,N,O,04/07/2026 07:34:51 AM
12504B,N,O,04/07/2026 08:10:07 AM
12505A,N,V,04/07/2026 08:35:35 AM
12505B,N,V,04/07/2026 08:35:27 AM
12506A,N,O,04/07/2026 06:58:47 AM
12506B,N,O,04/06/2026 11:45:40 AM
12508A,N,O,04/07/2026 07:54:23 AM
12508B,N,O,04/07/2026 06:56:46 AM
12509A,N,O,04/06/2026 04:51:49 PM
12509B,N,O,04/06/2026 07:02:24 PM
12510A,N,O,04/06/2026 08:36:58 PM
12510B,N,O,04/06/2026 09:08:03 PM
1251A,N,O,04/06/2026 05:39:14 PM
1251B,N,O,04/06/2026 04:16:04 PM
1252A,N,O,04/06/2026 08:53:42 PM
1252B,N,O,04/06/2026 09:59:57 PM
12530A,N,O,04/06/2026 03:01:56 PM
12530B,N,O,04/06/2026 09:28:19 PM
12531A,N,O,04/06/2026 09:01:34 PM
12531B,N,O,04/06/2026 08:54:59 PM
12532A,N,O,04/06/2026 09:15:25 PM
12532B,N,O,04/06/2026 06:35:36 PM
1253A,N,V,04/06/2026 09:53:31 PM
1253B,N,O,04/06/2026 09:32:34 PM
1254A,N,O,04/06/2026 09:56:39 PM
12580A,N,O,04/06/2026 07:15:28 PM
12580B,N,O,04/06/2026 05:55:09 PM
12581A,N,O,04/06/2026 09:39:21 PM
12581B,N,O,04/06/2026 08:12:24 PM
12582A,N,O,04/06/2026 08:25:32 PM
12582B,N,O,04/06/2026 05:42:37 PM
12583A,N,V,04/06/2026 09:40:26 PM
12583B,N,V,04/06/2026 09:21:36 PM
12585A,N,V,04/06/2026 09:55:38 PM
12585B,N,O,04/06/2026 03:34:37 PM
12586A,N,O,04/06/2026 09:52:09 PM
12586B,N,O,04/06/2026 05:07:13 PM
12587A,N,V,04/06/2026 09:58:29 PM
12587B,N,V,04/06/2026 09:38:13 PM
1258B,N,O,04/06/2026 09:19:19 PM
12597A,N,V,04/07/2026 08:33:00 AM
12597B,N,V,04/07/2026 08:33:00 AM
12598A,N,O,04/07/2026 08:26:46 AM
12598B,N,O,04/07/2026 08:26:46 AM
12599A,N,V,04/07/2026 08:32:27 AM
12599B,N,O,04/06/2026 06:30:37 PM
1259A,N,O,04/06/2026 09:54:20 PM
1259B,N,V,04/06/2026 09:59:46 PM
125A,N,V,04/06/2026 09:38:22 PM
125B,N,V,04/06/2026 06:02:30 PM
12600B,N,O,04/07/2026 08:29:47 AM
12601A,N,O,04/07/2026 08:28:49 AM
12601B,N,O,04/07/2026 08:28:49 AM
12602A,N,O,04/07/2026 08:35:39 AM
12602B,N,O,04/07/2026 08:27:50 AM
12603B,N,O,04/07/2026 08:31:40 AM
12606A,N,O,04/07/2026 08:28:48 AM
12606B,N,O,04/07/2026 08:28:48 AM
12607A,N,O,04/06/2026 04:39:40 PM
12607B,N,O,04/07/2026 08:27:47 AM
12608B,N,O,04/06/2026 11:57:43 AM
12609A,N,O,04/07/2026 08:25:43 AM
12609B,N,O,04/07/2026 08:25:43 AM
1260A,N,O,04/06/2026 09:49:45 PM
1260B,N,O,04/06/2026 09:22:45 PM
12610A,N,O,04/07/2026 08:29:46 AM
12610B,N,O,04/07/2026 08:29:46 AM
12611A,N,O,04/07/2026 08:28:52 AM
12611B,N,O,04/07/2026 08:28:52 AM
12612A,N,O,04/07/2026 08:27:50 AM
12612B,N,O,04/07/2026 08:27:42 AM
12613B,N,O,04/06/2026 10:26:45 AM
12614A,N,O,04/06/2026 09:51:14 PM
12614B,N,V,04/06/2026 09:01:42 PM
12615A,N,O,04/06/2026 09:21:52 PM
12615B,N,O,04/06/2026 09:24:37 PM
12616A,N,O,04/06/2026 08:44:40 PM
12616B,N,O,04/06/2026 08:46:54 PM
12617B,N,O,04/07/2026 07:27:49 AM
12618A,N,O,04/07/2026 08:34:36 AM
12618B,N,O,04/07/2026 07:26:50 AM
12619A,N,V,04/07/2026 08:25:17 AM
12619B,N,O,04/07/2026 07:25:43 AM
12620A,N,V,04/07/2026 08:14:32 AM
12620B,N,V,04/07/2026 08:26:59 AM
12623A,N,O,04/07/2026 07:27:12 AM
12623B,N,O,04/07/2026 07:26:49 AM
12624A,N,O,04/06/2026 09:09:02 PM
12624B,N,O,04/06/2026 09:19:51 PM
12625A,N,O,04/07/2026 07:41:42 AM
12625B,N,V,04/07/2026 08:10:03 AM
12626A,N,O,04/07/2026 07:28:48 AM
12626B,N,O,04/07/2026 07:28:59 AM
12627A,N,O,04/07/2026 07:27:44 AM
12627B,N,V,04/07/2026 08:34:03 AM
12628A,N,O,04/07/2026 07:26:48 AM
12628B,N,V,04/07/2026 08:00:21 AM
12629A,N,V,04/07/2026 08:33:32 AM
12629B,N,O,04/07/2026 08:36:07 AM
12630A,N,V,04/07/2026 08:33:11 AM
12630B,N,O,04/07/2026 07:29:43 AM
12631A,N,O,04/07/2026 07:28:52 AM
12631B,N,O,04/07/2026 07:28:56 AM
12632A,N,O,04/07/2026 07:28:03 AM
12632B,N,O,04/07/2026 07:27:46 AM
12633A,N,V,04/07/2026 08:35:57 AM
12633B,N,O,04/07/2026 07:26:45 AM
12634A,N,V,04/07/2026 08:32:28 AM
12634B,N,O,04/07/2026 08:26:45 AM
12635A,N,O,04/07/2026 07:29:45 AM
12635B,N,V,04/07/2026 08:35:26 AM
12636A,N,O,04/06/2026 08:57:32 PM
12636B,N,V,04/06/2026 09:59:33 PM
12637A,N,V,04/06/2026 09:59:35 PM
12637B,N,V,04/06/2026 09:37:03 PM
12640A,N,O,04/06/2026 07:31:00 PM
12640B,N,O,04/06/2026 08:04:04 PM
12641A,N,O,04/06/2026 05:46:06 PM
12643A,N,O,04/06/2026 07:26:58 PM
12644A,N,O,04/06/2026 10:26:10 PM
12644B,N,O,04/06/2026 07:25:48 PM
12645A,N,O,04/06/2026 08:01:53 PM
12645B,N,O,04/06/2026 09:18:14 PM
12646A,N,O,04/06/2026 08:28:02 PM
12646B,N,O,04/06/2026 07:30:12 PM
12647A,N,O,04/06/2026 05:00:40 PM
12647B,N,V,04/06/2026 06:56:26 PM
12648A,N,O,04/06/2026 05:45:22 PM
12648B,N,V,04/06/2026 03:19:27 PM
12649A,N,O,04/06/2026 06:09:21 PM
12649B,N,O,04/06/2026 07:35:33 PM
12650A,N,O,04/06/2026 08:20:47 PM
12650B,N,O,04/06/2026 07:23:45 PM
12651A,N,O,04/06/2026 08:47:26 PM
12651B,N,O,04/06/2026 08:58:54 AM
12652A,N,O,04/06/2026 09:29:54 PM
12652B,N,O,04/06/2026 09:13:10 PM
12653A,N,O,04/06/2026 09:54:09 PM
12653B,N,O,04/06/2026 09:34:54 PM
12654A,N,V,04/06/2026 06:15:00 PM
12654B,N,O,04/06/2026 09:19:03 PM
12655A,N,V,04/06/2026 09:08:32 PM
12655B,N,V,04/06/2026 06:18:47 PM
12656A,N,V,04/06/2026 09:58:40 PM
12656B,N,V,04/06/2026 09:51:24 PM
12657A,N,O,04/06/2026 06:28:11 PM
12657B,N,V,04/06/2026 08:30:58 PM
12658A,N,O,04/06/2026 06:23:05 PM
12658B,N,O,04/06/2026 05:38:11 PM
12659A,N,O,04/06/2026 07:35:10 PM
12659B,N,O,04/06/2026 07:45:49 PM
12660A,N,O,04/06/2026 06:56:40 PM
12661A,N,O,04/06/2026 10:29:45 AM
12661B,N,O,04/06/2026 06:18:50 PM
12662A,N,O,04/06/2026 01:45:52 PM
12662B,N,O,04/06/2026 07:38:55 PM
12663A,N,O,04/06/2026 06:03:02 PM
12663B,N,O,04/06/2026 09:32:27 PM
12664A,N,O,04/06/2026 08:48:05 PM
12664B,N,O,04/06/2026 06:56:59 PM
12665A,N,O,04/06/2026 06:58:08 PM
12665B,N,O,04/06/2026 06:50:17 PM
12666A,N,O,04/06/2026 07:01:30 PM
12666B,N,O,04/06/2026 09:25:59 PM
12667A,N,O,04/06/2026 09:14:33 PM
12667B,N,O,04/06/2026 09:25:39 PM
12668A,N,O,04/06/2026 08:49:15 PM
12668B,N,O,04/06/2026 08:30:58 PM
12669A,N,O,04/06/2026 09:42:43 PM
12669B,N,O,04/06/2026 08:10:40 PM
1266A,N,O,04/06/2026 09:45:15 PM
1266B,N,V,04/06/2026 09:42:12 PM
12670A,N,O,04/06/2026 09:56:11 PM
12670B,N,O,04/06/2026 09:31:52 PM
12671A,N,O,04/06/2026 07:30:27 PM
12671B,N,O,04/06/2026 05:11:55 PM
12672A,N,O,04/06/2026 09:12:24 PM
12672B,N,O,04/06/2026 09:07:02 PM
12673A,N,O,04/06/2026 09:54:00 PM
12673B,N,V,04/06/2026 09:54:00 PM
12674A,N,O,04/06/2026 07:15:17 PM
12674B,N,O,04/06/2026 09:42:39 PM
12675A,N,O,04/06/2026 09:24:02 PM
12675B,N,V,04/06/2026 09:45:38 PM
12676B,N,O,04/06/2026 07:10:31 PM
12677A,N,O,04/06/2026 09:57:48 AM
12677B,N,O,04/06/2026 05:12:49 PM
12678A,N,O,04/06/2026 09:30:06 PM
12678B,N,O,04/06/2026 09:56:45 AM
12679A,N,O,04/06/2026 06:56:13 PM
12679B,N,O,04/06/2026 09:55:43 AM
1267A,N,O,04/06/2026 08:54:15 PM
1267B,N,O,04/06/2026 09:27:28 PM
12680A,N,V,04/07/2026 08:10:15 AM
12680B,N,O,04/07/2026 08:36:04 AM
12681A,N,O,04/07/2026 07:58:55 AM
12681B,N,O,04/07/2026 07:58:48 AM
12685A,N,O,04/06/2026 05:20:03 PM
12685B,N,V,04/06/2026 09:37:00 AM
12686A,N,O,04/06/2026 08:58:39 AM
12686B,N,O,04/06/2026 05:42:26 PM
12687A,N,V,04/06/2026 09:33:39 PM
12687B,N,O,04/06/2026 04:52:06 PM
12688A,N,O,04/06/2026 04:46:27 PM
12688B,N,O,04/06/2026 02:27:03 PM
12689A,N,O,04/06/2026 08:55:43 AM
12689B,N,O,04/06/2026 08:55:43 AM
1268A,N,O,04/06/2026 09:56:20 PM
1268B,N,O,04/06/2026 07:20:05 PM
12690A,N,O,04/06/2026 07:59:44 PM
12690B,N,O,04/06/2026 08:10:32 PM
12691A,N,O,04/06/2026 08:19:24 PM
12691B,N,O,04/06/2026 09:30:15 PM
1269A,N,O,04/06/2026 09:34:08 PM
1269B,N,O,04/06/2026 07:32:56 PM
126B,N,V,04/06/2026 06:03:57 PM
12701A,N,O,04/06/2026 07:38:54 PM
12701B,N,O,04/06/2026 05:41:33 PM
12702A,NU,O,04/06/2026 09:58:12 PM
12702B,NU,O,04/06/2026 07:15:24 PM
12703A,N,O,04/06/2026 09:34:05 PM
12703B,N,O,04/06/2026 09:02:05 PM
12704A,N,O,04/06/2026 08:33:12 PM
12704B,N,O,04/06/2026 08:58:43 PM
12705A,N,O,04/06/2026 09:32:27 PM
12705B,N,O,04/06/2026 09:59:15 PM
12706A,N,O,04/06/2026 08:49:59 PM
12706B,N,O,04/06/2026 06:53:36 PM
12707B,N,O,04/06/2026 06:11:05 PM
12708A,N,O,04/06/2026 09:58:02 PM
12708B,N,O,04/06/2026 09:59:53 PM
12709A,N,O,04/06/2026 07:42:19 PM
12709B,N,O,04/06/2026 09:44:10 PM
1270A,N,O,04/06/2026 08:59:24 PM
1270B,N,V,04/06/2026 09:41:07 PM
12710A,N,O,04/06/2026 09:12:58 PM
12710B,N,O,04/06/2026 09:43:57 PM
12711A,N,O,04/06/2026 09:58:34 PM
12711B,N,O,04/06/2026 09:48:17 PM
12712A,N,O,04/06/2026 09:58:44 PM
12712B,N,O,04/06/2026 09:04:02 PM
12713A,N,O,04/06/2026 06:17:57 PM
12713B,N,O,04/06/2026 07:18:31 PM
12714A,N,O,04/06/2026 12:56:45 PM
12714B,N,O,04/06/2026 06:38:22 PM
12715A,N,O,04/06/2026 12:09:12 PM
12715B,N,O,04/06/2026 09:23:03 PM
12716A,N,O,04/06/2026 07:37:37 PM
12716B,N,O,04/06/2026 09:35:57 PM
12717A,N,O,04/06/2026 09:11:29 PM
12717B,N,O,04/06/2026 07:13:41 PM
12718A,N,O,04/06/2026 08:46:12 PM
12718B,N,O,04/06/2026 08:55:36 PM
12719A,N,O,04/06/2026 09:13:32 PM
12719B,N,O,04/06/2026 05:56:36 PM
1271A,N,O,04/06/2026 09:41:19 PM
1271B,N,O,04/06/2026 08:34:31 PM
12720A,N,O,04/06/2026 08:03:39 PM
12720B,NU,O,04/06/2026 09:45:00 PM
1272A,N,O,04/06/2026 08:16:12 PM
1272B,N,O,04/06/2026 07:06:46 PM
1273A,N,V,04/06/2026 09:48:19 PM
1273B,N,O,04/06/2026 09:16:17 PM
127B,N,V,04/06/2026 07:57:46 PM
1280A,N,O,04/06/2026 09:59:55 PM
1280B,N,V,04/06/2026 08:57:18 PM
1281A,N,O,04/06/2026 05:26:19 PM
1281B,N,O,04/06/2026 08:07:02 PM
1282A,N,V,04/06/2026 09:51:10 PM
1282B,N,V,04/06/2026 09:30:02 PM
1283A,N,O,04/06/2026 07:06:08 PM
1283B,N,O,04/06/2026 09:49:27 PM
1284A,N,O,04/06/2026 07:24:00 PM
1284B,N,O,04/06/2026 07:46:33 PM
12A,NU,V,02/25/2026 11:44:33 PM
12B,NU,V,02/25/2026 11:59:52 PM
13001A,N,O,04/06/2026 09:33:54 PM
13001B,N,O,04/06/2026 09:58:38 PM
13002B,N,V,04/06/2026 09:01:08 PM
13003A,N,V,04/06/2026 09:51:32 PM
13003B,N,V,04/06/2026 08:12:26 PM
13004A,N,O,04/06/2026 09:24:30 PM
13004B,N,O,04/06/2026 06:24:47 PM
13005A,N,O,04/06/2026 08:55:52 PM
13005B,N,O,04/06/2026 09:47:16 PM
13006A,N,V,04/06/2026 09:57:34 PM
13006B,N,O,04/06/2026 06:47:09 PM
13007A,N,O,04/06/2026 08:43:04 PM
13007B,N,V,04/06/2026 09:57:52 PM
13008A,N,O,04/06/2026 06:15:28 PM
13008B,N,O,04/06/2026 08:45:25 PM
13009A,N,O,04/06/2026 08:39:59 PM
13009B,N,O,04/06/2026 07:57:48 PM
13010A,N,O,04/06/2026 09:21:20 PM
13010B,N,O,04/06/2026 09:25:25 PM
13011A,N,V,04/06/2026 09:59:58 PM
13011B,N,V,04/06/2026 09:59:55 PM
13012A,N,V,04/05/2026 01:02:11 PM
13012B,N,V,04/06/2026 08:29:28 PM
13013A,N,O,04/06/2026 09:50:20 PM
13013B,N,O,04/06/2026 09:59:34 PM
13014A,N,V,04/06/2026 09:42:02 PM
13014B,N,O,04/06/2026 02:37:17 PM
13015A,N,V,04/06/2026 09:19:57 PM
13015B,N,V,04/06/2026 09:59:55 PM
13016A,N,V,04/06/2026 10:00:00 PM
13016B,N,V,04/06/2026 09:59:12 PM
13017B,N,O,04/06/2026 07:23:19 PM
13018A,N,O,04/06/2026 09:19:42 PM
13018B,N,V,04/06/2026 04:00:32 PM
13019A,N,O,04/06/2026 09:58:05 PM
13019B,N,O,04/06/2026 09:57:23 PM
13020A,N,O,04/06/2026 09:59:27 PM
13020B,N,V,04/06/2026 06:39:42 PM
13021A,N,O,04/06/2026 09:41:42 PM
13021B,N,O,04/06/2026 09:43:12 PM
13023A,N,V,04/06/2026 09:59:56 PM
13023B,N,V,04/06/2026 09:50:59 PM
13024B,N,O,04/06/2026 07:04:15 PM
13030A,N,O,04/06/2026 08:09:26 PM
13031B,N,O,04/06/2026 09:43:48 PM
13032A,N,V,04/06/2026 09:59:07 PM
13032B,N,V,04/06/2026 09:59:15 PM
13033A,N,O,04/06/2026 08:55:17 PM
13033B,N,O,04/06/2026 04:30:10 PM
13034A,N,O,04/06/2026 07:13:38 PM
13034B,N,O,04/06/2026 08:55:49 AM
13035A,N,V,04/06/2026 01:23:50 PM
13035B,N,V,04/06/2026 01:23:50 PM
13036A,N,O,04/06/2026 08:58:45 AM
13036B,N,O,04/06/2026 05:05:40 PM
13037A,N,O,04/06/2026 04:48:23 PM
13040A,N,V,04/06/2026 09:42:59 PM
13040B,N,O,04/06/2026 09:57:15 PM
13046B,N,O,04/06/2026 03:02:10 PM
13047A,N,O,04/06/2026 09:09:21 PM
13047B,N,O,04/06/2026 09:50:39 PM
13048A,N,O,04/06/2026 09:55:10 PM
13048B,N,O,04/06/2026 01:41:32 PM
13049A,N,O,04/06/2026 07:15:04 PM
13049B,N,V,04/06/2026 09:37:24 PM
13050A,N,O,04/06/2026 07:55:58 PM
13050B,N,V,04/06/2026 09:59:51 PM
13051A,N,O,04/06/2026 08:57:03 PM
13051B,N,O,04/06/2026 09:14:44 PM
13052A,N,O,04/06/2026 07:18:33 PM
13052B,N,V,04/06/2026 09:37:37 PM
13053B,N,O,04/06/2026 08:13:43 PM
13054A,N,V,04/06/2026 09:56:30 PM
13054B,N,O,04/06/2026 07:43:21 PM
13055A,N,V,04/06/2026 09:33:52 PM
13055B,N,O,04/06/2026 09:59:45 PM
13056A,N,O,04/06/2026 08:33:09 PM
13056B,N,O,04/06/2026 09:22:56 PM
13057B,N,O,04/06/2026 04:00:30 PM
13058A,N,V,04/06/2026 09:34:57 PM
13058B,N,V,04/06/2026 07:58:00 PM
13061B,N,V,04/06/2026 09:50:13 PM
13062A,N,O,04/06/2026 06:03:46 PM
13062B,N,O,04/06/2026 05:32:27 PM
13066A,N,O,04/06/2026 05:52:20 PM
13066B,N,V,04/06/2026 09:50:32 PM
13067A,N,O,04/06/2026 09:40:19 PM
13067B,N,V,04/06/2026 09:56:03 PM
13068A,N,V,04/06/2026 09:26:24 PM
13068B,N,O,04/06/2026 08:44:11 PM
13069A,N,V,04/06/2026 09:56:49 PM
13069B,N,O,04/06/2026 08:42:26 PM
13070A,N,O,04/06/2026 06:26:34 PM
13070B,N,V,04/06/2026 09:59:45 PM
13075A,N,V,04/06/2026 09:57:58 PM
13075B,N,O,04/06/2026 08:33:27 PM
13076A,N,O,04/06/2026 03:43:32 PM
13076B,N,O,04/06/2026 08:31:39 PM
13078A,N,O,04/06/2026 08:56:52 AM
13078B,N,O,04/05/2026 08:56:43 AM
13084A,N,O,04/06/2026 05:58:52 PM
13084B,N,O,04/06/2026 09:34:36 PM
13085A,N,O,04/06/2026 09:59:45 PM
13085B,N,O,04/06/2026 08:59:51 AM
13086A,N,V,04/06/2026 09:06:04 PM
13086B,N,O,04/06/2026 07:31:55 PM
13087A,N,O,04/06/2026 08:57:41 AM
13087B,N,O,04/06/2026 07:18:53 PM
13100B,N,O,04/06/2026 08:34:55 PM
13101A,N,O,04/06/2026 04:26:52 PM
13101B,N,O,04/06/2026 09:38:13 PM
13102A,N,O,04/06/2026 05:15:01 PM
13102B,N,O,04/06/2026 04:28:19 PM
13103A,N,V,04/06/2026 09:40:40 PM
13103B,N,O,04/06/2026 08:31:19 PM
13104A,N,O,04/06/2026 06:59:08 PM
13104B,N,O,04/06/2026 01:54:57 PM
13111B,N,V,04/06/2026 09:57:25 PM
13112A,N,O,04/06/2026 07:20:57 PM
13112B,N,O,04/06/2026 08:31:54 PM
13113A,N,O,04/06/2026 08:59:39 PM
13113B,N,O,04/06/2026 05:44:51 PM
13114A,N,V,04/06/2026 06:59:31 PM
13114B,N,O,04/06/2026 08:55:53 AM
13115A,N,V,04/06/2026 09:56:35 PM
13115B,N,O,04/06/2026 08:32:04 PM
13116A,N,O,04/06/2026 09:48:58 PM
13116B,N,O,04/06/2026 07:06:59 PM
13117A,N,O,04/06/2026 06:23:26 PM
13117B,N,O,04/06/2026 09:50:26 PM
13118A,N,O,04/06/2026 09:13:45 PM
13120A,N,O,04/06/2026 09:10:57 PM
13120B,N,O,04/06/2026 09:37:34 PM
13121A,N,O,04/06/2026 06:34:12 PM
13122A,N,O,04/06/2026 08:57:55 AM
13122B,N,O,04/06/2026 12:58:12 PM
13123A,N,O,04/06/2026 05:42:03 PM
13123B,N,O,04/06/2026 04:21:00 PM
13124A,N,V,04/06/2026 09:55:10 PM
13126A,N,O,04/06/2026 05:29:26 PM
13126B,N,O,04/06/2026 08:58:40 AM
13127B,N,O,04/06/2026 08:57:43 AM
13128A,N,O,04/06/2026 06:10:58 PM
13128B,N,O,04/06/2026 06:36:03 PM
13129A,N,O,04/06/2026 08:56:41 PM
13129B,N,V,04/06/2026 09:42:48 PM
13200A,N,O,04/06/2026 06:41:24 PM
13200B,NU,O,04/06/2026 07:18:19 PM
13201A,N,O,04/06/2026 09:52:07 PM
13202A,N,O,04/06/2026 09:37:03 PM
13202B,N,O,04/06/2026 08:40:42 PM
13203A,N,O,04/06/2026 09:13:05 AM
13205A,N,O,04/06/2026 09:06:11 PM
13206A,N,O,04/06/2026 09:59:14 PM
13207A,N,O,04/06/2026 08:14:47 PM
13207B,N,V,04/06/2026 08:50:01 PM
13208A,N,V,04/06/2026 09:48:27 PM
13208B,N,O,04/06/2026 08:44:02 PM
13209A,N,O,04/06/2026 12:17:09 PM
13210A,N,O,04/06/2026 09:19:28 PM
13211B,N,O,04/06/2026 08:58:45 AM
13212A,N,O,04/06/2026 09:39:21 PM
13212B,N,O,04/06/2026 10:00:00 PM
13213A,N,O,04/06/2026 08:39:34 PM
13213B,N,O,04/06/2026 09:59:45 PM
13214A,N,O,04/06/2026 08:26:28 PM
13214B,N,V,04/06/2026 08:50:05 PM
13216A,N,V,04/06/2026 08:30:22 PM
13216B,N,V,04/06/2026 09:58:14 PM
13217B,N,V,04/06/2026 09:45:58 PM
13218A,N,O,04/06/2026 09:53:34 PM
13218B,N,O,04/06/2026 05:45:53 PM
13219B,N,O,04/06/2026 06:37:39 PM
13222A,N,V,04/06/2026 09:06:31 PM
13222B,N,O,04/06/2026 07:25:56 PM
13223A,N,O,04/06/2026 08:54:50 PM
13223B,N,O,04/06/2026 06:57:02 PM
13224B,N,O,04/06/2026 09:19:10 PM
13225A,N,V,04/06/2026 09:37:56 PM
13225B,N,O,04/06/2026 09:59:29 PM
13226A,N,O,04/06/2026 04:21:09 PM
13226B,N,V,04/06/2026 09:34:15 PM
13227A,N,V,04/06/2026 09:42:04 PM
13227B,N,V,04/06/2026 09:02:09 PM
13229B,N,V,04/06/2026 09:50:38 PM
13231A,N,O,04/06/2026 09:59:50 PM
13231B,N,O,04/06/2026 08:58:45 PM
13232A,N,O,04/06/2026 06:46:14 PM
13232B,N,V,04/06/2026 09:55:47 PM
13233B,N,O,04/06/2026 08:56:46 AM
13238A,N,V,04/06/2026 07:49:48 PM
13238B,N,V,04/06/2026 07:03:14 PM
13239A,N,O,04/06/2026 09:58:06 PM
13239B,N,V,04/06/2026 07:52:40 PM
13240A,N,O,04/06/2026 02:09:36 PM
13240B,N,V,04/06/2026 10:00:04 PM
13241B,N,O,04/06/2026 08:58:50 AM
13243B,N,O,04/06/2026 08:56:57 AM
13245B,N,O,04/06/2026 11:29:07 AM
13246A,N,O,04/06/2026 09:03:22 PM
13246B,N,V,04/06/2026 09:05:54 PM
13247A,N,O,04/06/2026 03:37:52 PM
13249A,N,O,04/06/2026 08:55:45 AM
13249B,N,V,04/06/2026 09:59:18 PM
13250A,N,O,04/06/2026 09:59:48 PM
13250B,N,O,04/06/2026 09:43:21 PM
13251A,N,V,04/06/2026 09:45:30 PM
13251B,N,V,04/06/2026 09:59:12 PM
13252A,N,V,04/06/2026 09:59:11 PM
13252B,N,O,04/06/2026 09:59:41 PM
13253A,N,V,04/06/2026 09:52:26 PM
13253B,N,V,04/06/2026 08:33:05 PM
13254A,N,V,04/06/2026 09:30:13 PM
13254B,N,V,04/06/2026 09:51:28 PM
13255A,N,V,04/06/2026 08:00:22 PM
13255B,N,V,04/06/2026 10:00:00 PM
13256B,N,V,04/06/2026 09:59:33 PM
13257A,N,V,04/06/2026 08:12:24 PM
13257B,N,V,04/06/2026 07:59:04 PM
13258B,N,O,04/06/2026 09:59:43 PM
13259A,N,O,03/28/2026 06:55:49 AM
13259B,N,O,04/06/2026 08:40:39 PM
13260A,N,V,04/06/2026 09:52:16 PM
13260B,N,O,04/06/2026 09:59:46 PM
13261A,N,V,04/06/2026 09:58:05 PM
13261B,N,O,04/06/2026 08:54:49 PM
13262A,N,O,04/06/2026 08:57:50 AM
13264A,N,O,04/06/2026 09:12:49 PM
13264B,N,O,04/06/2026 09:14:50 PM
13265A,N,V,04/06/2026 09:25:24 PM
13265B,N,O,04/06/2026 09:39:22 AM
13266A,N,O,04/06/2026 09:30:05 PM
13266B,N,V,04/06/2026 09:58:35 PM
13267A,N,O,04/06/2026 09:33:59 PM
13267B,N,O,04/06/2026 09:10:05 PM
13268A,N,O,04/06/2026 08:56:43 AM
13268B,N,O,04/06/2026 04:30:38 PM
13277A,N,O,04/06/2026 08:52:16 PM
13277B,N,V,04/06/2026 09:59:42 PM
13278A,N,O,04/04/2026 08:56:58 AM
13278B,N,O,04/06/2026 08:43:08 PM
13279A,N,V,04/06/2026 09:47:20 PM
13280A,N,O,04/06/2026 07:42:06 PM
13280B,N,V,04/06/2026 09:58:55 PM
13281A,N,O,04/06/2026 09:57:48 PM
13281B,N,V,04/06/2026 09:58:13 PM
13282A,N,O,04/06/2026 09:21:15 PM
13282B,N,O,04/06/2026 09:59:14 PM
13283A,N,O,04/06/2026 09:59:10 PM
13283B,N,V,04/06/2026 09:54:52 PM
13284A,N,O,04/06/2026 08:43:42 PM
13284B,N,V,04/06/2026 09:22:51 PM
13285B,N,V,04/06/2026 09:36:45 PM
13292A,N,O,04/06/2026 09:57:51 AM
13292B,N,O,04/05/2026 09:57:46 AM
13293A,N,O,04/06/2026 09:56:53 AM
13293B,N,O,04/06/2026 09:56:44 AM
13294A,N,O,04/06/2026 09:55:55 AM
13294B,N,O,04/06/2026 09:55:51 AM
13295B,N,O,04/06/2026 09:59:52 AM
13297A,N,O,04/06/2026 04:26:23 PM
13297B,N,O,04/06/2026 04:23:38 PM
13298A,N,O,04/06/2026 04:57:59 PM
13298B,N,O,04/06/2026 06:42:44 PM
13299A,N,V,04/06/2026 09:24:31 PM
13299B,N,V,04/06/2026 09:23:58 PM
1329A,N,O,04/06/2026 09:20:20 PM
1329B,N,O,04/06/2026 08:55:52 AM
13300A,N,O,04/06/2026 09:36:20 PM
13300B,N,V,04/06/2026 09:59:33 PM
13302A,N,O,04/06/2026 09:31:30 PM
13303A,N,O,04/06/2026 09:59:18 PM
13303B,N,V,04/06/2026 09:09:13 PM
13304A,N,V,04/06/2026 09:50:45 PM
13304B,N,V,03/22/2026 08:55:59 AM
13305A,N,V,04/06/2026 08:21:15 PM
13305B,N,V,04/06/2026 08:19:36 PM
13306A,N,O,04/06/2026 09:23:43 PM
13306B,N,V,04/06/2026 09:23:15 PM
13307A,N,O,04/06/2026 09:25:23 PM
13307B,N,V,04/06/2026 09:59:58 PM
13311A,N,O,04/06/2026 09:49:42 PM
13311B,N,V,04/06/2026 09:59:10 PM
13312A,N,V,04/06/2026 08:38:19 PM
13312B,N,O,04/06/2026 01:46:10 PM
13313A,N,O,04/06/2026 08:28:31 PM
13314A,N,V,04/06/2026 09:25:58 PM
13314B,N,O,04/06/2026 03:56:59 PM
13315A,N,V,04/06/2026 08:52:32 PM
13315B,N,V,04/06/2026 08:55:53 PM
13316A,N,O,04/06/2026 07:28:22 PM
13316B,N,V,04/06/2026 08:09:51 PM
13319A,N,O,04/06/2026 05:05:25 PM
13319B,N,O,04/06/2026 05:25:05 PM
13320B,N,O,04/06/2026 07:24:49 PM
13321A,N,O,04/06/2026 09:13:49 PM
13321B,N,O,04/06/2026 10:00:03 PM
13322B,N,O,04/06/2026 06:36:02 PM
13323B,N,O,04/06/2026 02:09:36 PM
13324A,N,O,04/06/2026 06:55:31 PM
13325A,N,O,04/06/2026 06:45:41 PM
13325B,N,V,04/06/2026 09:58:08 PM
13326A,N,O,04/06/2026 07:07:34 PM
13326B,N,O,04/06/2026 06:44:18 PM
13332A,N,O,04/07/2026 08:36:32 AM
13332B,N,V,04/07/2026 08:26:05 AM
13333A,N,O,04/06/2026 07:58:03 PM
13334A,N,O,04/06/2026 07:51:22 PM
13334B,N,O,04/06/2026 06:09:02 PM
13335A,N,V,04/06/2026 03:01:45 PM
13335B,N,V,04/06/2026 10:00:00 PM
13336A,N,O,04/06/2026 08:16:22 PM
13336B,N,O,04/06/2026 05:32:03 PM
13337A,N,O,04/06/2026 09:36:45 PM
13337B,N,V,04/06/2026 09:47:17 PM
13338A,N,V,04/06/2026 08:50:02 PM
13338B,N,V,04/06/2026 07:12:41 PM
13339A,N,O,04/06/2026 08:36:35 PM
13340A,N,O,04/06/2026 09:24:54 PM
13340B,N,V,04/06/2026 09:57:01 PM
13341A,N,V,04/06/2026 09:21:54 PM
13341B,N,O,04/06/2026 03:47:44 PM
13343B,N,V,04/06/2026 04:25:06 PM
13344A,N,V,04/06/2026 09:57:42 PM
13344B,N,V,04/06/2026 09:35:15 PM
13345A,N,V,04/06/2026 09:59:36 PM
13345B,N,V,04/06/2026 09:59:16 PM
13346A,N,V,04/06/2026 09:59:29 PM
13346B,N,O,04/06/2026 06:11:26 PM
13347A,N,V,04/06/2026 09:55:52 PM
13347B,N,V,04/06/2026 09:53:15 PM
13348A,N,V,04/06/2026 09:59:57 PM
13348B,N,O,04/06/2026 09:57:39 PM
13349A,N,O,04/06/2026 12:44:07 PM
1334A,N,O,04/06/2026 09:54:48 PM
1334B,N,V,04/06/2026 09:59:42 PM
13350A,N,V,04/06/2026 05:38:51 PM
13350B,N,V,04/06/2026 09:54:40 PM
13351A,N,O,04/06/2026 09:40:26 PM
13351B,N,V,04/06/2026 09:59:55 PM
13352A,N,O,04/06/2026 08:29:05 PM
13352B,N,O,04/06/2026 09:57:04 PM
13355A,N,V,04/06/2026 09:21:50 PM
13355B,N,V,04/06/2026 09:59:23 PM
13356A,N,V,04/06/2026 09:53:09 PM
13356B,N,V,04/06/2026 09:53:09 PM
13357A,N,V,04/06/2026 07:15:41 PM
13357B,N,O,04/06/2026 09:59:53 PM
13358A,N,V,04/06/2026 09:35:32 PM
13358B,N,O,04/06/2026 10:13:48 AM
13359A,N,O,04/06/2026 04:01:53 PM
13359B,N,O,04/06/2026 08:55:41 AM
1335A,N,O,04/06/2026 09:31:18 PM
1335B,N,O,04/06/2026 03:08:52 PM
1336A,N,V,04/06/2026 09:58:13 PM
1336B,N,V,04/06/2026 09:55:39 PM
1337A,N,O,04/06/2026 10:27:44 AM
1337B,N,O,04/06/2026 08:36:11 PM
13400A,N,V,04/06/2026 09:06:35 PM
13400B,N,O,04/06/2026 08:53:31 PM
13401A,N,V,04/06/2026 08:21:54 PM
13401B,N,O,04/06/2026 07:17:39 PM
13402A,N,O,04/06/2026 08:41:35 PM
13402B,N,O,04/06/2026 09:18:19 PM
13403A,N,O,04/06/2026 09:51:44 PM
13403B,N,O,04/06/2026 08:44:57 PM
13404A,N,O,04/06/2026 04:58:31 PM
13404B,N,V,04/06/2026 09:26:21 PM
13405A,N,V,04/06/2026 09:04:09 PM
13405B,N,V,04/06/2026 09:26:35 PM
13413A,N,O,04/06/2026 05:59:37 PM
13413B,N,O,04/06/2026 09:57:20 PM
13422A,N,V,04/06/2026 07:39:11 PM
13422B,N,O,04/06/2026 09:55:32 PM
13423B,N,O,04/06/2026 09:59:59 PM
13427A,N,V,04/06/2026 05:33:34 PM
13427B,N,O,04/06/2026 09:59:54 PM
13428A,N,V,04/06/2026 09:34:56 PM
13428B,N,V,04/06/2026 09:55:35 PM
13431A,N,O,04/06/2026 09:22:50 PM
13431B,N,V,04/06/2026 09:22:57 PM
13432A,N,V,04/06/2026 09:01:36 PM
13432B,N,V,04/06/2026 09:32:39 PM
13433A,N,V,04/06/2026 09:43:58 PM
13433B,N,O,04/06/2026 09:12:13 PM
13434A,N,V,04/06/2026 09:00:58 PM
13434B,N,V,04/06/2026 09:59:16 PM
13461A,N,V,04/06/2026 06:30:13 PM
13462A,N,O,04/06/2026 08:56:10 PM
13462B,N,V,04/06/2026 09:59:32 PM
13463A,N,O,04/06/2026 09:58:31 PM
13463B,N,V,04/06/2026 03:35:07 PM
13464A,N,V,04/06/2026 07:25:42 PM
13464B,N,V,04/06/2026 09:21:57 PM
13465B,N,O,04/06/2026 09:56:59 PM
13466A,N,O,04/06/2026 09:59:59 PM
13466B,N,O,04/06/2026 09:59:59 PM
13467A,N,V,04/06/2026 09:30:10 PM
13467B,N,O,04/06/2026 09:59:56 PM
13468B,N,V,04/06/2026 09:58:29 PM
13469A,N,O,04/06/2026 08:25:47 PM
13469B,N,O,04/06/2026 06:44:27 PM
13470A,N,V,04/06/2026 09:35:03 PM
13470B,N,O,04/06/2026 12:29:46 PM
13471A,N,O,04/06/2026 01:31:39 PM
13471B,N,V,04/06/2026 09:55:25 PM
13472A,N,O,04/06/2026 07:51:18 PM
13472B,N,V,04/06/2026 07:50:25 PM
13473A,N,O,04/06/2026 07:15:45 PM
13473B,N,O,04/06/2026 09:02:04 PM
13474A,N,O,04/06/2026 08:01:21 PM
13474B,N,O,04/06/2026 08:19:27 PM
13476A,N,O,04/06/2026 09:10:44 PM
13476B,N,O,04/06/2026 09:57:07 PM
13477A,N,O,04/06/2026 09:50:09 PM
13477B,N,O,04/06/2026 09:49:51 PM
13478A,N,O,11/08/2025 11:10:25 AM
13478B,N,V,04/06/2026 09:24:58 PM
13479A,N,O,04/06/2026 09:58:26 PM
13479B,N,V,04/06/2026 09:53:43 PM
13480A,N,O,04/06/2026 05:48:14 PM
13481A,N,O,04/06/2026 06:34:02 PM
13481B,N,O,04/06/2026 09:42:28 PM
13482A,N,O,04/06/2026 08:35:28 PM
13482B,N,O,04/06/2026 07:32:03 PM
13484A,N,V,04/06/2026 09:30:21 PM
13484B,N,V,04/06/2026 09:56:54 PM
13485B,N,O,04/06/2026 09:09:58 PM
13486A,N,V,04/06/2026 07:38:22 PM
13487A,N,O,04/06/2026 07:00:50 PM
13487B,N,V,04/06/2026 06:40:48 PM
13488A,N,V,04/06/2026 04:07:16 PM
13488B,N,V,04/06/2026 09:18:36 PM
13489B,N,O,04/06/2026 09:59:49 PM
13490A,N,O,04/06/2026 12:45:58 PM
13490B,N,V,04/06/2026 09:50:14 PM
13491B,N,V,04/06/2026 09:39:36 PM
13496A,N,O,04/06/2026 08:58:50 AM
13496B,N,O,04/06/2026 09:19:13 PM
13497A,N,V,04/06/2026 09:21:56 PM
13497B,N,V,04/06/2026 09:38:22 PM
13498A,N,V,04/06/2026 09:51:48 PM
13498B,N,V,04/06/2026 09:05:39 PM
13499A,N,O,04/06/2026 09:59:32 PM
13499B,N,V,04/06/2026 09:58:39 PM
13521A,N,V,04/06/2026 09:08:08 PM
13521B,N,O,04/06/2026 09:59:46 PM
13522A,N,V,04/06/2026 09:22:33 PM
13522B,N,V,04/06/2026 09:16:39 PM
13523B,N,V,04/06/2026 08:46:17 PM
13524A,N,V,04/06/2026 08:35:02 PM
13524B,N,V,04/06/2026 07:15:02 PM
13525B,N,O,04/06/2026 09:09:39 PM
13526A,N,V,04/06/2026 08:09:38 PM
13526B,N,O,04/06/2026 08:58:50 AM
13527A,N,V,04/06/2026 06:14:02 PM
13527B,N,O,04/06/2026 08:57:45 AM
13528B,N,O,04/06/2026 07:36:19 PM
13529A,N,O,04/06/2026 07:41:55 PM
13529B,N,V,04/06/2026 09:59:24 PM
13534B,N,O,04/06/2026 07:30:30 PM
13535A,N,O,04/06/2026 09:54:15 PM
13536A,N,V,04/06/2026 09:22:10 PM
13536B,N,O,04/06/2026 09:54:19 PM
13537B,N,V,04/06/2026 04:12:20 PM
13538A,N,V,04/06/2026 03:31:20 PM
13538B,N,O,04/06/2026 08:57:01 AM
13539B,N,V,04/06/2026 09:53:54 PM
13541B,N,V,04/06/2026 09:40:24 PM
13542B,N,V,04/06/2026 07:17:39 PM
13543A,N,V,04/06/2026 09:43:10 PM
13543B,N,V,04/06/2026 07:27:10 PM
13544A,N,O,04/06/2026 09:25:09 PM
13544B,N,O,04/06/2026 09:24:53 PM
13545A,N,V,04/06/2026 06:57:25 PM
13546A,N,V,04/06/2026 07:08:31 PM
13546B,N,V,04/06/2026 08:54:38 PM
13551A,N,O,04/06/2026 06:26:08 PM
13551B,N,O,04/06/2026 08:06:37 PM
13552A,N,O,04/06/2026 11:18:37 AM
13552B,N,O,04/06/2026 03:44:49 PM
13553A,N,O,04/06/2026 05:22:13 PM
13553B,N,O,04/06/2026 09:12:54 PM
13554A,N,O,04/06/2026 05:27:54 PM
13554B,N,O,04/06/2026 06:05:17 PM
13561A,N,O,04/06/2026 08:58:47 AM
13561B,N,O,04/06/2026 08:58:47 AM
13562A,N,O,04/06/2026 02:14:58 PM
13562B,N,V,04/06/2026 10:00:01 PM
13563A,N,O,04/06/2026 09:58:17 PM
13563B,N,O,04/06/2026 06:05:39 PM
13564A,N,O,04/06/2026 09:00:50 PM
13564B,N,O,04/06/2026 09:57:47 PM
13565A,N,O,04/06/2026 09:59:52 PM
13565B,N,O,04/06/2026 09:49:40 PM
13566A,N,V,04/06/2026 09:56:40 PM
13566B,N,O,04/06/2026 09:46:00 PM
13567A,N,O,04/06/2026 09:13:00 PM
13567B,N,O,04/06/2026 09:54:49 PM
13568A,N,V,04/06/2026 08:50:36 PM
13568B,N,V,04/06/2026 08:51:31 PM
13572B,N,V,04/06/2026 09:56:48 PM
13573B,N,V,04/06/2026 09:10:15 PM
13583A,N,O,04/06/2026 04:40:30 PM
13583B,N,O,04/06/2026 09:48:35 PM
13585A,N,O,04/06/2026 07:42:10 PM
13585B,N,O,04/06/2026 09:02:21 PM
13595A,N,O,04/06/2026 06:55:03 PM
13595B,N,V,04/06/2026 09:52:50 PM
13596A,N,V,04/06/2026 09:59:49 PM
13596B,N,O,12/13/2025 07:40:13 AM
13602A,N,V,04/06/2026 07:43:41 PM
13603A,N,V,04/06/2026 09:58:00 PM
13603B,N,V,04/06/2026 09:50:30 PM
13604A,N,O,04/06/2026 09:30:14 AM
13604B,N,O,04/06/2026 01:56:36 PM
13610B,N,O,04/06/2026 09:59:54 PM
13611A,N,V,04/06/2026 06:16:32 PM
13611B,N,V,04/06/2026 06:11:29 PM
13612A,N,V,04/06/2026 08:32:56 PM
13612B,N,V,04/06/2026 08:30:38 PM
13613A,N,V,04/06/2026 09:56:38 PM
13613B,N,O,04/06/2026 09:41:34 PM
13617A,N,V,04/06/2026 09:30:38 PM
13617B,N,V,04/06/2026 09:59:12 PM
13618A,N,O,04/06/2026 09:07:18 PM
13618B,N,V,04/06/2026 07:10:24 PM
13619B,N,O,04/06/2026 08:55:50 AM
13620B,N,V,04/06/2026 08:29:45 PM
13624A,N,O,04/06/2026 09:51:42 PM
13624B,N,V,04/06/2026 07:51:24 PM
13628B,N,O,04/06/2026 04:47:05 PM
13635A,N,V,04/06/2026 10:00:00 PM
13635B,N,V,04/06/2026 08:35:41 PM
13636A,N,O,04/06/2026 12:22:42 PM
13636B,N,O,04/06/2026 06:19:10 PM
13646A,N,V,04/06/2026 08:38:36 PM
13646B,N,O,04/06/2026 08:58:49 AM
13647A,N,V,04/06/2026 08:15:21 PM
13647B,N,V,04/06/2026 08:38:33 PM
13648A,N,V,04/06/2026 09:22:04 PM
13648B,N,V,04/06/2026 06:42:53 PM
13649A,N,V,04/06/2026 07:51:34 PM
13649B,N,V,04/06/2026 06:05:20 PM
13650A,N,V,04/06/2026 08:08:06 PM
13650B,N,O,04/06/2026 09:59:48 PM
13651B,N,V,04/06/2026 09:57:02 PM
13652A,N,V,04/06/2026 09:17:02 PM
13652B,N,V,04/06/2026 09:18:39 PM
13654A,N,V,04/06/2026 07:33:26 PM
13654B,N,V,04/06/2026 07:37:20 PM
13655A,N,O,04/06/2026 09:59:49 PM
13655B,N,V,04/06/2026 07:45:12 PM
13656A,N,V,04/06/2026 07:51:38 PM
13656B,N,V,04/06/2026 07:58:58 PM
13658A,N,V,04/06/2026 07:37:42 PM
13658B,N,O,04/06/2026 09:59:47 PM
13659A,N,V,04/06/2026 09:23:55 PM
13659B,N,V,04/06/2026 07:21:30 PM
13660B,N,V,04/06/2026 07:24:48 PM
13661A,N,V,04/06/2026 07:22:26 PM
13662B,N,V,04/06/2026 09:27:46 PM
13663A,N,O,04/06/2026 09:45:02 PM
13663B,N,V,04/06/2026 09:31:52 PM
13672A,N,V,04/06/2026 05:39:52 PM
13672B,N,O,04/06/2026 05:39:02 PM
13673A,N,V,04/06/2026 04:52:44 PM
13673B,N,V,04/06/2026 07:19:48 PM
13674A,N,V,04/06/2026 07:20:17 PM
13674B,N,V,04/06/2026 09:50:43 PM
13675A,N,V,04/06/2026 07:42:05 PM
13675B,N,O,04/06/2026 05:02:29 PM
13676A,N,V,04/06/2026 02:27:34 PM
13676B,N,O,04/06/2026 09:59:46 PM
13677A,N,O,04/06/2026 04:04:58 PM
13678A,N,O,04/06/2026 09:56:28 PM
13678B,N,V,04/06/2026 09:58:48 PM
13679B,N,V,04/06/2026 06:20:34 PM
13682A,N,V,04/06/2026 09:49:31 PM
13682B,N,O,04/06/2026 06:44:15 PM
13683A,N,O,04/06/2026 09:30:09 PM
13683B,N,O,04/06/2026 04:56:55 PM
13684A,N,V,04/06/2026 08:06:47 PM
13684B,N,O,04/06/2026 09:56:31 PM
13695A,N,V,04/06/2026 09:58:26 PM
13695B,N,V,04/06/2026 09:50:41 PM
13696A,N,V,04/06/2026 09:00:42 PM
13696B,N,V,04/06/2026 09:33:49 PM
13697A,N,V,04/06/2026 08:07:26 PM
13697B,N,V,04/06/2026 09:33:07 PM
13698A,N,O,04/06/2026 02:19:17 PM
13698B,N,O,04/06/2026 08:56:46 AM
13700A,N,V,04/06/2026 08:12:47 PM
13700B,N,V,04/06/2026 09:21:03 PM
13704B,N,O,04/06/2026 08:55:49 AM
13705A,N,V,04/06/2026 05:29:44 PM
13705B,N,O,04/06/2026 05:01:35 PM
13706A,N,O,04/06/2026 04:52:13 PM
13706B,N,O,04/06/2026 08:58:45 AM
13711A,N,V,04/06/2026 09:42:20 PM
13711B,N,V,04/06/2026 08:12:01 PM
13712A,N,O,04/06/2026 09:48:45 PM
13712B,N,V,04/06/2026 09:44:46 PM
13713A,N,O,04/06/2026 09:56:58 PM
13713B,N,V,04/06/2026 09:57:41 PM
13714A,N,V,04/06/2026 09:49:53 PM
13714B,N,V,04/06/2026 09:44:55 PM
13881A,N,O,04/06/2026 09:56:58 PM
13881B,N,O,04/06/2026 03:37:32 PM
13882A,N,V,04/06/2026 09:56:53 PM
13882B,N,O,04/06/2026 09:59:54 PM
13883A,N,V,04/06/2026 09:28:47 PM
13883B,N,O,04/06/2026 08:44:07 PM
13884A,N,O,04/06/2026 08:31:09 PM
13884B,N,V,04/06/2026 09:59:35 PM
13885A,N,V,04/06/2026 09:56:39 PM
13885B,N,O,04/06/2026 09:44:47 PM
13886A,N,O,04/06/2026 12:37:38 PM
13886B,N,O,04/06/2026 09:58:55 AM
13887A,N,O,04/06/2026 03:00:01 PM
13887B,N,O,04/06/2026 08:57:52 AM
13888A,N,O,04/06/2026 08:38:46 PM
13888B,N,O,04/06/2026 08:52:19 PM
13889A,N,V,04/06/2026 09:36:13 PM
13889B,N,V,04/06/2026 09:51:29 PM
13893A,N,O,04/06/2026 09:30:41 PM
13893B,N,O,04/06/2026 09:59:54 PM
13896A,N,O,04/06/2026 05:19:11 PM
13896B,N,O,04/06/2026 06:12:22 PM
13901A,N,O,04/06/2026 07:02:27 PM
13902A,N,O,04/06/2026 06:04:04 PM
13902B,N,V,04/06/2026 09:58:40 PM
13903A,N,O,04/06/2026 09:20:54 PM
13904A,N,O,04/06/2026 09:41:42 PM
13904B,N,O,04/06/2026 06:11:00 PM
13905A,N,O,04/06/2026 08:42:50 PM
13905B,N,O,04/06/2026 08:59:54 AM
13906A,N,O,04/06/2026 07:36:30 PM
13907A,N,O,04/06/2026 07:19:13 PM
13907B,N,O,04/06/2026 09:16:14 PM
13908A,N,O,04/06/2026 05:43:39 PM
13908B,N,O,04/06/2026 09:16:43 PM
13909A,N,O,04/06/2026 09:29:33 PM
13909B,N,O,04/06/2026 08:55:50 AM
13910A,N,O,04/06/2026 09:29:28 PM
13910B,N,O,04/06/2026 09:58:17 PM
13911A,N,O,04/06/2026 09:58:04 PM
13911B,N,O,04/06/2026 09:38:14 PM
13912A,N,O,04/06/2026 03:49:34 PM
13912B,N,O,04/06/2026 09:11:37 PM
13913A,N,O,04/06/2026 05:53:29 PM
13913B,N,O,04/06/2026 09:24:33 PM
13914A,N,O,04/06/2026 09:43:48 PM
13914B,N,O,04/06/2026 09:17:48 PM
13915B,N,O,04/06/2026 10:11:43 AM
13916A,NU,O,04/06/2026 09:36:42 PM
13916B,NU,O,04/06/2026 09:49:31 PM
13917A,N,O,04/06/2026 08:32:25 PM
13917B,N,O,04/06/2026 09:14:47 PM
13918A,N,O,04/06/2026 09:51:28 PM
13918B,N,O,04/06/2026 06:59:18 PM
13919A,N,O,04/06/2026 09:21:22 PM
13920A,NU,O,04/06/2026 09:34:45 PM
13920B,NU,O,04/06/2026 09:35:15 PM
13921A,NU,O,04/06/2026 02:43:58 PM
13921B,NU,O,04/06/2026 09:58:52 AM
13922A,NU,O,04/06/2026 09:57:44 AM
13922B,NU,O,04/05/2026 09:57:44 AM
13923A,N,O,04/06/2026 09:19:06 PM
13923B,N,O,04/06/2026 05:01:15 PM
13924A,N,O,04/06/2026 09:50:14 PM
13924B,N,O,04/06/2026 08:38:16 PM
13925A,N,O,04/06/2026 09:02:16 PM
13925B,N,O,04/06/2026 03:25:45 PM
13926A,N,O,04/06/2026 03:27:04 PM
13926B,N,O,04/06/2026 08:46:17 PM
13927A,N,O,04/06/2026 08:57:45 AM
13927B,N,O,04/06/2026 06:02:03 PM
13928A,N,O,04/06/2026 08:56:53 AM
13928B,N,O,04/06/2026 08:56:53 AM
13929A,N,O,04/06/2026 08:51:19 PM
13931A,N,O,04/06/2026 09:29:45 PM
13931B,N,O,04/06/2026 09:47:02 PM
13932A,N,O,04/06/2026 09:39:22 PM
13932B,N,O,04/06/2026 03:56:50 PM
13933A,N,O,04/06/2026 08:28:03 PM
13933B,N,O,04/06/2026 09:55:33 PM
13934A,N,V,04/06/2026 09:54:30 PM
13934B,N,O,04/06/2026 04:28:38 PM
13935A,N,O,04/06/2026 08:53:11 PM
13935B,N,O,04/06/2026 05:17:08 PM
13936A,N,O,04/06/2026 08:32:55 PM
13936B,N,O,04/06/2026 08:58:44 AM
13937A,N,O,04/06/2026 09:12:36 PM
13937B,N,O,04/06/2026 06:11:55 PM
13938A,N,O,04/06/2026 09:56:51 AM
13938B,N,O,04/06/2026 01:47:49 PM
13939A,N,O,04/06/2026 09:55:57 AM
13941A,N,V,04/06/2026 09:12:37 PM
13941B,N,V,04/06/2026 01:43:47 PM
13942A,N,O,04/06/2026 07:57:45 PM
13942B,N,O,04/06/2026 08:57:48 AM
13943A,N,O,04/06/2026 08:56:46 AM
13943B,N,O,04/06/2026 05:50:45 PM
13944A,N,O,04/06/2026 09:55:46 AM
13944B,N,O,04/06/2026 08:09:00 PM
13945B,N,V,04/06/2026 09:53:47 PM
13946A,N,O,04/06/2026 09:28:39 PM
13946B,N,O,04/06/2026 08:58:51 AM
13950A,N,O,04/06/2026 08:04:26 PM
13950B,N,O,04/06/2026 08:56:31 PM
13951A,N,O,04/06/2026 07:46:03 PM
13951B,N,O,04/06/2026 09:31:47 PM
13952A,N,O,04/06/2026 01:32:09 PM
13952B,N,O,04/06/2026 11:40:03 AM
13953A,N,O,04/06/2026 08:29:31 PM
13953B,N,O,04/06/2026 06:31:29 PM
13954A,N,O,04/06/2026 07:53:50 PM
13954B,N,O,04/06/2026 07:39:53 PM
13955A,N,O,04/06/2026 09:10:48 PM
13955B,N,O,04/06/2026 06:24:44 PM
13956A,N,O,04/06/2026 06:19:44 PM
13956B,N,O,04/06/2026 06:51:42 PM
13957A,N,O,04/06/2026 05:53:54 PM
13957B,N,O,04/06/2026 05:18:42 PM
13958A,N,O,04/06/2026 06:54:43 PM
13958B,N,O,04/06/2026 09:32:05 PM
13960A,N,O,04/06/2026 09:44:10 PM
13960B,N,O,04/06/2026 08:59:50 AM
13961A,N,O,04/06/2026 08:35:41 PM
13961B,N,O,04/06/2026 09:17:46 PM
13962A,N,O,04/06/2026 04:39:46 PM
13962B,N,O,04/06/2026 07:40:44 PM
13963A,N,O,04/06/2026 08:56:51 AM
13963B,N,O,04/06/2026 10:46:28 AM
13964A,N,O,04/06/2026 10:16:24 AM
13964B,N,O,04/06/2026 11:47:44 AM
13965A,N,O,04/06/2026 11:49:15 AM
13A,NU,V,02/25/2026 11:46:20 PM
13B,NU,O,02/25/2026 11:59:12 PM
14002A,N,V,04/06/2026 06:29:26 PM
14003A,N,O,04/07/2026 08:35:19 AM
14003B,N,V,04/06/2026 06:26:47 PM
14004A,N,V,04/07/2026 07:11:28 AM
14004B,N,O,04/07/2026 08:36:16 AM
14005A,N,V,04/07/2026 07:10:23 AM
14005B,NU,V,04/07/2026 07:12:22 AM
14006A,N,V,04/06/2026 07:43:35 PM
14006B,N,V,04/06/2026 06:12:45 PM
14007B,N,V,04/07/2026 07:09:43 AM
14011A,N,V,04/07/2026 08:18:12 AM
14011B,N,V,04/07/2026 08:10:22 AM
14012A,N,O,04/07/2026 06:57:53 AM
14012B,N,O,04/07/2026 06:57:46 AM
14013A,N,O,04/07/2026 06:56:51 AM
14013B,N,V,04/07/2026 08:29:55 AM
14014A,N,O,04/07/2026 06:55:43 AM
14014B,N,O,04/06/2026 07:58:58 PM
14015A,N,V,04/07/2026 08:36:26 AM
14015B,NU,O,04/07/2026 06:59:48 AM
14016A,N,O,04/07/2026 06:58:46 AM
14016B,N,O,04/07/2026 06:58:46 AM
14017A,N,O,04/07/2026 06:57:47 AM
14017B,N,V,04/07/2026 08:26:34 AM
14018A,N,V,04/07/2026 07:19:04 AM
14018B,N,V,04/07/2026 07:19:00 AM
14019A,N,O,04/07/2026 06:55:37 AM
14019B,N,V,04/07/2026 08:12:33 AM
14020A,N,O,04/07/2026 06:59:52 AM
14020B,NU,O,04/07/2026 08:27:49 AM
1443A,N,O,04/06/2026 06:23:46 PM
1443B,N,O,04/06/2026 10:26:48 AM
1444A,N,V,04/06/2026 09:59:04 PM
1444B,N,O,04/06/2026 09:55:10 PM
1445A,N,O,04/06/2026 09:54:26 PM
1445B,N,V,04/06/2026 09:43:50 PM
1446A,N,V,04/06/2026 09:14:14 PM
1447A,N,O,04/06/2026 04:37:46 PM
1447B,N,O,04/06/2026 08:01:05 PM
1448A,N,O,04/06/2026 09:14:15 PM
1448B,N,O,04/06/2026 07:08:56 PM
1449A,N,O,04/06/2026 09:49:05 PM
1449B,N,V,04/06/2026 09:59:50 PM
1450A,N,O,04/06/2026 04:13:54 PM
1450B,N,O,04/06/2026 03:54:53 PM
1451A,N,V,04/06/2026 09:59:29 PM
1451B,N,O,04/06/2026 04:28:03 PM
1452A,N,O,04/06/2026 03:50:54 PM
1452B,N,O,04/06/2026 08:21:10 PM
1453A,N,O,04/06/2026 08:26:32 PM
1453B,N,O,04/06/2026 08:31:51 PM
1454A,N,O,04/06/2026 06:15:58 PM
1454B,N,V,04/06/2026 09:59:30 PM
1455A,N,O,04/06/2026 09:22:42 PM
1455B,N,O,04/06/2026 01:15:16 PM
1456A,N,O,04/06/2026 09:58:22 PM
1456B,N,O,04/06/2026 05:46:58 PM
1457B,N,O,04/06/2026 09:45:28 PM
1458A,N,O,04/06/2026 02:59:02 PM
1458B,N,V,04/06/2026 09:57:39 PM
1459A,N,O,04/06/2026 07:16:25 PM
1459B,N,V,04/06/2026 07:45:19 PM
1460A,N,O,04/06/2026 07:38:50 PM
1460B,N,O,04/06/2026 02:21:12 PM
1461A,N,O,04/06/2026 09:21:20 PM
1461B,N,O,04/06/2026 04:14:11 PM
1464A,N,V,04/06/2026 09:57:18 PM
1465A,N,O,04/06/2026 08:59:50 AM
1465B,N,O,04/06/2026 08:42:42 PM
1466A,N,O,04/06/2026 08:58:51 AM
1466B,N,O,04/06/2026 08:58:48 AM
1467A,N,O,04/06/2026 09:35:18 AM
1467B,N,O,04/06/2026 07:03:02 PM
1479A,N,O,04/06/2026 05:06:25 PM
1479B,N,O,04/06/2026 05:57:59 PM
1480A,N,O,04/06/2026 09:49:11 PM
1480B,N,O,04/06/2026 08:03:02 PM
149A,N,V,04/07/2026 08:15:41 AM
149B,N,V,04/06/2026 05:04:05 PM
14A,NU,V,04/06/2026 09:57:11 PM
14B,NU,O,04/06/2026 09:59:48 PM
150A,N,V,04/07/2026 08:29:54 AM
150B,N,V,04/07/2026 08:09:05 AM
1515A,N,V,04/06/2026 08:44:37 PM
1515B,N,V,04/06/2026 09:59:44 PM
1516A,N,O,04/06/2026 09:59:49 PM
1516B,N,V,04/06/2026 09:59:52 PM
1517A,N,V,04/06/2026 09:56:32 PM
1517B,N,O,04/06/2026 09:59:10 PM
1518A,N,V,04/06/2026 08:19:54 PM
1518B,N,O,04/06/2026 09:58:53 PM
1519A,N,O,01/22/2026 12:31:26 PM
151A,N,O,04/07/2026 06:58:52 AM
151B,N,V,04/07/2026 08:17:52 AM
1520A,N,V,04/06/2026 07:54:43 PM
1521A,N,V,04/06/2026 06:31:12 PM
1521B,N,V,04/06/2026 06:31:20 PM
1522B,N,V,04/06/2026 05:56:19 PM
1523A,N,V,04/06/2026 06:18:16 PM
1523B,N,V,04/06/2026 06:19:50 PM
1524A,N,V,04/06/2026 07:02:11 PM
1524B,N,V,04/06/2026 07:02:20 PM
1525A,N,V,04/06/2026 08:00:09 PM
1525B,N,V,04/06/2026 09:59:00 PM
1526A,N,V,04/06/2026 05:23:23 PM
1526B,N,V,04/06/2026 09:57:33 PM
152A,N,O,04/07/2026 06:57:46 AM
152B,N,V,04/06/2026 09:03:56 AM
153A,N,V,04/07/2026 07:50:15 AM
153B,N,V,04/06/2026 04:21:02 PM
154A,N,O,12/27/2025 11:51:56 AM
154B,N,O,12/27/2025 06:55:48 AM
1553A,N,O,04/06/2026 08:24:03 PM
1553B,N,O,04/06/2026 03:08:19 PM
1554A,N,O,04/06/2026 08:31:18 PM
1554B,N,O,04/06/2026 09:39:49 PM
1555A,N,O,04/06/2026 05:35:12 PM
1555B,N,O,04/06/2026 09:11:49 PM
1556A,N,O,04/06/2026 09:58:45 AM
1558A,N,O,04/06/2026 07:05:49 PM
1558B,N,O,04/06/2026 08:49:44 PM
155A,N,O,04/07/2026 08:30:47 AM
155B,N,O,04/07/2026 07:54:46 AM
1560A,N,O,04/06/2026 12:25:08 PM
1560B,N,O,04/06/2026 05:34:38 PM
1569B,N,O,04/06/2026 05:34:18 PM
156A,N,O,04/07/2026 06:58:51 AM
1570A,N,O,04/06/2026 06:31:41 PM
1570B,N,O,04/06/2026 08:59:43 AM
157B,N,O,04/07/2026 06:57:48 AM
158A,N,O,04/07/2026 06:56:47 AM
158B,N,V,04/07/2026 08:14:57 AM
1597A,N,O,04/06/2026 05:29:23 PM
1597B,N,O,04/06/2026 10:28:03 AM
1598A,N,O,04/06/2026 08:56:49 AM
1599A,N,V,04/06/2026 09:59:30 PM
1599B,N,O,04/06/2026 09:38:44 PM
159A,N,V,04/07/2026 08:31:21 AM
159B,N,O,04/07/2026 06:55:46 AM
15A,NU,O,04/06/2026 09:59:21 PM
1600A,N,O,04/06/2026 01:22:17 PM
1600B,N,O,04/06/2026 08:59:48 AM
1601A,N,O,04/06/2026 09:59:54 PM
1601B,N,O,04/06/2026 07:21:12 PM
1604A,N,O,04/06/2026 09:20:49 PM
1604B,N,O,04/06/2026 06:06:14 PM
1605A,N,O,04/06/2026 06:24:20 PM
1605B,N,V,04/06/2026 09:56:04 PM
1606A,N,V,04/06/2026 09:48:29 PM
1606B,N,V,04/06/2026 09:06:46 PM
1607A,N,V,04/06/2026 09:03:28 PM
1607B,N,O,04/06/2026 08:58:03 PM
1608A,N,O,04/06/2026 09:56:18 PM
1608B,N,O,04/06/2026 08:06:14 PM
1609A,N,V,04/06/2026 08:47:14 PM
1609B,N,O,04/06/2026 07:39:41 PM
1610A,N,O,04/06/2026 07:59:11 PM
1610B,N,O,04/06/2026 09:10:39 PM
1611A,N,O,04/06/2026 07:31:46 PM
1611B,N,O,04/06/2026 08:51:32 PM
1612A,N,V,04/06/2026 09:59:57 PM
1612B,N,O,04/06/2026 08:30:14 PM
1613A,N,O,04/06/2026 04:03:29 PM
1613B,N,O,04/06/2026 08:56:49 AM
1614A,N,O,04/06/2026 07:53:46 PM
1614B,N,O,04/06/2026 06:53:28 PM
1615A,N,O,04/06/2026 04:44:44 PM
1615B,N,O,04/06/2026 09:52:25 AM
1616A,N,V,04/06/2026 09:43:51 PM
1616B,N,V,04/06/2026 09:56:35 PM
1617A,N,V,04/06/2026 09:52:02 PM
1617B,N,O,04/06/2026 05:23:11 PM
1618A,N,V,04/06/2026 09:58:56 PM
1618B,N,V,04/06/2026 09:16:45 PM
1619A,N,V,04/06/2026 09:51:13 PM
1619B,N,O,04/06/2026 02:24:39 PM
1620A,N,V,04/06/2026 09:44:36 PM
1620B,N,V,04/06/2026 09:57:46 PM
1621A,N,O,04/06/2026 09:40:34 PM
1621B,N,O,04/06/2026 07:30:36 PM
1622A,N,O,04/06/2026 08:15:45 PM
1622B,N,V,04/06/2026 08:38:51 PM
1623A,N,O,04/06/2026 06:44:13 PM
1623B,N,V,04/06/2026 09:11:41 PM
1624A,N,O,04/06/2026 08:08:47 PM
1624B,N,O,04/06/2026 09:40:49 PM
1625A,N,O,04/06/2026 08:09:10 PM
1625B,N,O,04/06/2026 09:37:19 PM
1626A,N,O,04/06/2026 09:55:11 PM
1626B,N,O,04/06/2026 04:01:33 PM
1627A,N,O,04/06/2026 09:35:15 PM
1627B,N,V,04/06/2026 09:41:03 PM
1628A,N,V,04/06/2026 09:51:36 PM
1628B,N,V,04/06/2026 09:59:07 PM
1629A,N,O,04/06/2026 09:09:11 PM
1629B,N,V,04/06/2026 09:43:49 PM
1641A,N,O,04/06/2026 06:29:55 PM
1642A,N,O,04/06/2026 06:58:35 PM
1642B,N,O,04/06/2026 09:26:45 PM
1643A,N,O,04/06/2026 09:22:55 PM
1643B,N,V,04/06/2026 09:47:18 PM
1644A,N,V,04/06/2026 09:54:59 PM
1644B,N,V,04/06/2026 09:25:25 PM
1645A,N,O,04/06/2026 09:10:32 PM
1645B,N,V,04/06/2026 09:42:59 PM
1646A,N,V,04/06/2026 09:53:50 PM
1646B,N,O,04/06/2026 06:26:03 PM
1647A,N,O,04/06/2026 09:57:41 PM
1647B,N,O,04/06/2026 09:08:27 PM
1648A,N,V,04/06/2026 09:40:38 PM
1648B,N,V,01/19/2026 12:33:29 PM
1649A,N,V,04/06/2026 09:59:28 PM
1649B,N,V,04/06/2026 09:33:07 PM
1650A,N,O,04/06/2026 07:56:16 PM
1650B,N,O,04/06/2026 02:51:49 PM
1651A,N,O,04/06/2026 08:37:45 PM
1651B,N,O,04/06/2026 08:11:05 PM
1652A,N,O,04/06/2026 09:58:36 PM
1652B,N,O,04/06/2026 07:43:45 PM
1653A,N,O,04/06/2026 08:36:25 PM
1653B,N,O,04/06/2026 08:41:04 PM
1654A,N,O,04/06/2026 08:06:27 PM
1654B,N,O,04/06/2026 09:38:38 PM
1655A,N,O,04/06/2026 09:08:08 PM
1655B,N,O,04/06/2026 09:54:18 PM
1656A,N,V,04/06/2026 09:18:40 PM
1656B,N,O,04/06/2026 09:59:49 PM
1657A,N,O,04/06/2026 08:01:31 PM
1657B,N,O,04/06/2026 09:40:31 PM
16A,NU,O,04/06/2026 09:58:51 PM
16B,NU,V,04/06/2026 06:08:45 PM
1791A,N,O,04/06/2026 03:54:24 PM
1791B,N,O,04/06/2026 08:04:03 PM
1792A,N,O,04/06/2026 03:36:56 PM
1792B,N,O,04/06/2026 06:37:35 PM
1793A,N,O,04/06/2026 09:26:20 PM
1793B,N,O,04/06/2026 09:28:19 PM
1794A,N,O,04/06/2026 06:46:14 PM
1794B,N,O,04/06/2026 09:27:02 PM
1795A,N,O,04/06/2026 09:58:16 PM
1795B,N,O,04/06/2026 09:16:42 PM
17A,NU,V,04/06/2026 08:58:14 PM
18A,N,V,04/06/2026 09:58:28 PM
18B,N,V,04/06/2026 09:58:28 PM
1900A,N,O,04/06/2026 02:15:08 PM
1900B,N,O,04/06/2026 08:59:59 AM
1901A,N,O,04/06/2026 07:30:00 PM
1901B,N,O,04/06/2026 07:42:17 PM
1908B,N,O,04/06/2026 08:56:48 AM
1909A,N,O,04/06/2026 05:41:52 PM
1910A,N,O,04/07/2026 06:59:43 AM
1911A,N,O,04/07/2026 06:58:46 AM
1911B,N,O,04/07/2026 06:58:46 AM
1912A,N,O,04/06/2026 09:49:03 PM
1912B,N,O,04/06/2026 02:36:58 PM
1913A,N,O,04/06/2026 05:32:53 PM
1913B,N,O,04/06/2026 08:56:16 PM
1914A,N,O,04/06/2026 05:32:13 PM
1914B,N,O,04/06/2026 05:04:42 PM
1915A,N,O,04/06/2026 08:23:26 PM
1915B,N,O,04/06/2026 09:17:27 PM
1916A,N,O,04/06/2026 09:31:02 PM
1916B,N,O,04/06/2026 08:27:00 PM
1917A,N,O,04/06/2026 09:58:04 PM
1917B,N,O,04/06/2026 09:28:32 PM
1918A,N,O,04/06/2026 08:56:45 AM
1918B,N,O,04/06/2026 08:56:45 AM
1919B,N,O,04/06/2026 09:44:20 PM
191A,N,O,04/06/2026 10:28:47 AM
191B,N,O,04/06/2026 06:14:28 PM
1920A,N,O,04/06/2026 10:27:26 AM
1920B,N,O,04/06/2026 08:59:48 AM
1921A,N,O,04/06/2026 01:39:47 PM
1921B,N,O,04/06/2026 08:58:52 AM
1922A,N,O,04/06/2026 06:12:59 PM
1922B,N,O,04/06/2026 09:52:34 PM
1923A,N,O,04/06/2026 03:37:20 PM
1923B,N,O,04/06/2026 09:01:52 PM
1924A,N,O,04/06/2026 04:12:03 PM
1924B,N,O,04/06/2026 02:32:10 PM
192A,N,O,04/06/2026 05:29:12 PM
192B,N,O,04/06/2026 10:27:50 AM
1931B,N,O,04/02/2026 06:58:52 AM
1932A,N,O,04/02/2026 08:39:45 AM
1932B,N,O,04/02/2026 06:57:48 AM
1933A,N,O,04/02/2026 06:56:51 AM
1933B,N,O,04/02/2026 06:57:01 AM
1934A,N,O,04/02/2026 06:55:50 AM
1934B,N,O,04/02/2026 09:32:03 AM
1935A,N,O,04/02/2026 02:07:25 PM
1935B,N,O,04/02/2026 07:00:01 AM
1936A,N,O,04/02/2026 06:58:49 AM
1936B,N,O,04/02/2026 08:33:31 AM
1937A,N,O,04/02/2026 06:57:57 AM
1937B,N,O,04/02/2026 08:15:08 AM
1938A,N,O,04/02/2026 06:56:55 AM
1938B,N,O,04/02/2026 06:56:55 AM
1939A,N,O,04/02/2026 07:27:15 AM
1939B,N,O,04/02/2026 01:55:23 PM
1940A,N,O,04/02/2026 06:59:45 AM
1941A,N,O,04/02/2026 05:11:32 PM
1941B,N,O,04/02/2026 06:58:49 AM
1942A,N,O,04/02/2026 06:57:52 AM
1942B,N,O,04/02/2026 06:46:03 PM
1945B,N,O,04/02/2026 05:13:49 PM
1946A,N,O,04/02/2026 02:43:42 PM
1946B,N,O,04/02/2026 09:46:13 AM
1947A,N,O,04/02/2026 05:47:27 PM
1947B,N,O,04/02/2026 11:53:17 AM
1950B,N,O,04/07/2026 06:59:44 AM
1951A,N,O,04/06/2026 01:03:11 PM
1952A,N,O,01/20/2026 01:18:47 PM
1952B,N,O,01/20/2026 01:17:26 PM
1953A,N,V,04/06/2026 09:36:45 PM
1954A,N,O,04/06/2026 09:50:19 PM
1954B,N,V,04/06/2026 09:54:42 PM
1957A,N,O,04/05/2026 01:38:27 PM
1958A,N,V,04/07/2026 08:31:36 AM
1958B,N,O,04/07/2026 08:12:32 AM
198A,N,V,04/06/2026 08:54:30 PM
198B,N,V,04/06/2026 05:31:21 PM
199B,N,V,04/06/2026 09:05:10 PM
19A,N,V,04/06/2026 09:52:32 PM
19B,N,V,04/06/2026 08:06:37 PM
1A,N,V,04/06/2026 09:41:20 PM
1B,N,V,04/06/2026 09:45:07 PM
20000A,N,V,04/06/2026 08:08:25 PM
20000B,N,O,04/06/2026 09:50:12 PM
20001A,N,O,04/06/2026 08:58:40 AM
20001B,N,V,04/06/2026 08:08:19 PM
20002A,N,V,04/06/2026 09:00:21 PM
20002B,N,O,04/06/2026 08:57:47 AM
20003A,N,O,04/06/2026 09:59:45 PM
20003B,N,O,04/06/2026 09:58:35 PM
20004B,N,V,04/06/2026 09:43:27 PM
20005A,N,V,04/06/2026 09:39:45 PM
20005B,N,O,04/06/2026 09:00:16 AM
20006A,N,V,04/06/2026 07:34:18 PM
20006B,N,O,04/06/2026 09:27:10 PM
20007A,N,O,04/06/2026 09:10:28 PM
20007B,N,O,04/06/2026 09:51:30 PM
20008A,N,O,04/06/2026 09:52:50 PM
20008B,N,O,04/06/2026 09:59:52 PM
20009A,N,O,04/06/2026 05:43:27 PM
20009B,N,V,04/06/2026 09:55:15 PM
20010A,N,V,04/06/2026 06:54:16 PM
20010B,N,O,04/06/2026 09:20:41 PM
20011A,N,V,04/06/2026 09:58:06 PM
20011B,N,V,04/06/2026 09:56:33 PM
20012A,N,V,04/06/2026 09:54:25 PM
20012B,N,V,04/06/2026 09:48:34 PM
20013A,N,O,04/06/2026 12:03:24 PM
20013B,N,O,04/06/2026 06:22:11 PM
20014A,N,O,04/07/2026 08:25:31 AM
20014B,N,O,04/07/2026 07:55:44 AM
20015B,N,V,04/06/2026 07:40:16 PM
20017A,N,V,04/07/2026 08:26:03 AM
20017B,N,O,04/07/2026 07:57:45 AM
20020A,N,O,04/06/2026 03:58:26 PM
20020B,N,O,04/06/2026 08:59:48 AM
20021A,N,O,04/06/2026 07:02:26 PM
20021B,N,O,04/06/2026 09:53:49 PM
20022A,N,O,04/06/2026 05:55:40 PM
20022B,N,V,04/06/2026 09:59:55 PM
20023A,N,O,04/06/2026 08:58:10 PM
20023B,N,O,04/06/2026 03:03:40 PM
20024A,N,O,04/06/2026 06:52:08 PM
20029A,N,O,04/06/2026 08:00:08 PM
20029B,N,O,04/06/2026 06:46:38 PM
2002A,N,O,04/05/2026 04:49:05 PM
2002B,N,O,04/06/2026 04:46:35 PM
20030A,N,O,04/06/2026 09:59:44 PM
20031A,N,V,04/06/2026 09:48:30 PM
20031B,N,O,04/06/2026 06:34:04 PM
20032A,N,O,04/04/2026 09:59:52 PM
20032B,N,V,04/06/2026 01:55:04 PM
20033A,N,V,04/03/2026 09:58:42 PM
20033B,N,V,04/06/2026 06:42:49 PM
20034A,N,V,04/05/2026 09:33:24 PM
20034B,N,V,04/06/2026 09:53:12 PM
20035A,N,O,04/06/2026 06:51:16 PM
20035B,N,O,04/06/2026 07:01:09 PM
20036A,N,V,04/06/2026 09:44:44 PM
20036B,N,V,04/06/2026 09:11:04 PM
20037A,N,V,04/06/2026 02:03:07 PM
20037B,N,O,04/06/2026 04:06:34 PM
20038A,N,V,04/06/2026 12:40:35 PM
20039A,N,V,04/04/2026 09:55:35 PM
20039B,N,V,04/06/2026 07:00:35 PM
2003A,N,O,04/06/2026 09:30:15 PM
2003B,N,O,04/06/2026 06:32:40 PM
20040B,N,V,04/06/2026 09:38:30 AM
20041A,N,V,04/06/2026 05:31:51 PM
20041B,N,V,04/06/2026 09:42:25 PM
20042A,N,V,04/06/2026 09:33:34 AM
20042B,N,O,04/03/2026 08:18:10 PM
20043A,N,O,04/06/2026 09:59:13 PM
20043B,N,V,04/06/2026 06:41:45 PM
20044A,N,V,04/06/2026 08:49:42 PM
20044B,N,O,04/06/2026 03:49:24 PM
20045A,N,O,04/06/2026 07:33:35 PM
20045B,N,V,04/06/2026 12:26:25 PM
20046B,N,V,04/05/2026 06:40:43 PM
20047A,N,V,04/06/2026 08:12:21 PM
20047B,N,V,04/06/2026 04:25:45 PM
20048A,N,V,04/06/2026 09:16:12 AM
20048B,N,V,04/06/2026 02:57:31 PM
20049A,N,O,04/06/2026 09:32:45 PM
20049B,N,V,04/06/2026 02:31:35 PM
2004A,N,O,04/06/2026 08:44:02 PM
20050A,N,O,04/06/2026 08:12:53 PM
20050B,N,O,04/06/2026 04:57:57 PM
20051B,NU,O,04/06/2026 06:00:53 PM
20052A,NU,O,04/06/2026 09:14:47 PM
20052B,NU,V,08/24/2025 11:16:32 AM
20053A,NU,V,04/06/2026 09:45:53 PM
20053B,NU,O,04/06/2026 09:46:27 PM
20054A,N,O,04/06/2026 05:33:37 PM
20054B,N,O,04/06/2026 02:36:15 PM
20055A,N,O,04/06/2026 05:24:45 PM
20055B,N,V,04/06/2026 03:10:54 PM
20056A,N,O,04/06/2026 08:58:55 AM
20056B,N,V,04/06/2026 09:51:22 PM
20057A,N,V,09/09/2025 10:48:07 AM
20057B,N,V,04/06/2026 09:15:13 PM
20058A,N,O,04/06/2026 09:39:37 PM
20058B,N,O,04/06/2026 03:11:24 PM
20059A,N,O,04/06/2026 10:00:01 PM
20059B,N,O,04/06/2026 06:20:19 PM
2005A,N,O,04/06/2026 09:11:21 PM
2005B,N,O,04/06/2026 09:05:44 PM
20060A,N,O,04/06/2026 06:26:30 PM
20060B,N,O,04/06/2026 09:07:38 PM
20061A,N,O,04/06/2026 08:58:51 AM
20061B,N,O,04/06/2026 05:37:54 PM
20062A,N,O,04/06/2026 07:04:58 PM
20062B,N,O,04/06/2026 09:50:50 PM
20063A,N,O,04/06/2026 08:56:43 AM
20063B,N,O,04/06/2026 04:36:23 PM
20064A,N,O,04/06/2026 06:37:12 PM
20064B,N,O,04/06/2026 08:42:19 PM
20065A,N,O,04/06/2026 08:32:35 PM
20065B,N,O,04/06/2026 08:37:36 PM
20066A,N,V,04/06/2026 08:31:12 PM
20066B,N,O,04/06/2026 08:58:45 AM
20067A,N,O,04/06/2026 06:11:37 PM
20067B,N,V,04/06/2026 06:23:56 PM
20068A,N,V,04/06/2026 07:32:38 PM
20068B,N,O,04/06/2026 07:26:25 PM
20069A,N,O,04/06/2026 07:46:20 PM
20069B,N,O,04/06/2026 04:42:53 PM
2006A,N,O,04/06/2026 08:08:25 PM
2006B,N,O,04/06/2026 05:10:49 PM
20070A,N,V,04/06/2026 09:03:05 PM
20070B,N,V,04/06/2026 07:32:25 PM
20071A,N,V,04/06/2026 09:13:30 PM
20071B,N,V,04/06/2026 03:56:52 PM
20072A,N,O,04/06/2026 08:34:03 PM
20072B,N,O,04/06/2026 02:37:23 PM
20073A,N,O,04/06/2026 04:32:32 PM
20073B,N,O,04/06/2026 09:49:27 PM
20074A,N,O,04/06/2026 09:50:17 PM
20074B,N,O,04/03/2026 03:19:21 PM
20075A,N,V,04/06/2026 09:55:05 PM
20076A,N,O,04/06/2026 07:48:09 PM
20076B,N,V,04/06/2026 07:31:32 PM
20077B,N,O,04/06/2026 09:35:49 PM
20078A,N,O,04/06/2026 09:27:00 PM
20078B,N,O,04/06/2026 05:32:50 PM
20079A,N,O,04/06/2026 09:34:17 PM
20079B,N,V,04/06/2026 09:23:41 PM
20080A,N,O,04/06/2026 02:55:34 PM
20080B,N,O,04/06/2026 09:32:44 PM
20081A,N,O,04/06/2026 07:02:03 PM
20081B,N,O,04/06/2026 06:32:00 PM
20082A,N,O,04/06/2026 09:16:45 PM
20082B,N,V,04/06/2026 09:52:45 PM
20087A,N,V,04/06/2026 09:35:23 PM
20087B,N,O,04/06/2026 09:40:37 PM
20088A,N,O,04/06/2026 07:33:13 PM
20088B,N,O,04/06/2026 09:01:26 PM
20089A,N,O,04/06/2026 09:50:14 PM
20090A,N,O,04/06/2026 08:15:15 PM
20090B,N,O,04/06/2026 09:55:55 PM
20091A,N,O,04/06/2026 09:59:48 PM
20091B,N,O,04/06/2026 09:41:06 PM
20092A,N,O,04/06/2026 09:35:31 PM
20092B,N,O,04/06/2026 09:27:35 PM
20093A,N,O,04/06/2026 07:58:24 PM
20093B,N,O,04/06/2026 10:26:48 AM
20094A,N,O,04/06/2026 07:30:44 PM
20095A,N,V,04/06/2026 08:14:41 PM
20095B,N,O,04/06/2026 09:30:08 PM
20097A,N,O,04/06/2026 01:28:30 PM
20097B,N,O,04/06/2026 09:25:40 PM
20098A,N,O,04/06/2026 10:00:03 PM
20098B,N,O,04/06/2026 10:00:03 PM
20099A,N,O,04/06/2026 07:41:56 PM
20099B,N,O,04/06/2026 05:42:02 PM
200A,N,O,04/06/2026 09:59:44 PM
200B,NU,V,04/06/2026 09:56:58 PM
20100A,N,O,04/06/2026 09:25:21 PM
20100B,N,O,04/06/2026 08:01:06 PM
20101A,N,O,04/06/2026 07:10:18 PM
20101B,N,O,04/06/2026 09:54:11 PM
20102A,N,O,04/06/2026 09:05:35 PM
20102B,N,O,04/06/2026 09:22:38 PM
20103A,N,O,04/06/2026 10:00:02 PM
20104A,N,O,04/06/2026 09:18:58 PM
20104B,N,O,04/06/2026 09:27:49 PM
20105A,N,O,04/06/2026 09:45:55 PM
20105B,N,O,04/06/2026 08:13:28 PM
20109A,N,O,04/06/2026 09:06:52 PM
20109B,N,O,04/06/2026 09:26:03 PM
2010A,N,O,04/06/2026 05:55:39 PM
2010B,N,O,04/06/2026 02:59:29 PM
20110A,N,O,04/06/2026 08:27:06 PM
20110B,N,O,04/06/2026 08:58:04 PM
20111A,N,O,04/06/2026 08:15:38 PM
20111B,N,O,04/06/2026 09:51:39 PM
20112A,N,V,04/06/2026 09:53:48 PM
20112B,N,O,04/06/2026 08:54:22 PM
20115A,N,O,04/06/2026 02:43:22 PM
20115B,N,O,04/06/2026 09:40:42 PM
20116A,N,O,04/06/2026 08:54:28 PM
20116B,N,O,04/06/2026 09:13:52 PM
20117A,N,O,04/06/2026 09:45:39 PM
20117B,N,O,04/06/2026 09:21:41 PM
20118A,N,O,04/06/2026 08:56:52 AM
20118B,N,O,04/06/2026 09:24:21 PM
2013B,N,O,04/06/2026 07:19:20 PM
20141A,N,O,04/06/2026 09:05:58 PM
20141B,N,O,04/06/2026 01:05:27 PM
20142A,N,O,04/06/2026 09:59:17 PM
20142B,N,O,04/06/2026 09:57:32 PM
20143A,N,O,04/06/2026 08:56:52 AM
20143B,N,O,04/06/2026 09:50:12 PM
20144A,N,O,04/06/2026 04:41:59 PM
20144B,N,O,04/06/2026 06:50:54 PM
20145A,N,O,04/06/2026 09:55:23 PM
20145B,N,O,04/06/2026 10:00:01 PM
20146A,N,V,04/06/2026 09:56:07 PM
20146B,N,V,04/06/2026 09:41:40 PM
20147A,N,O,04/06/2026 08:57:57 AM
20147B,N,O,04/06/2026 08:58:04 AM
20148A,N,O,04/06/2026 03:26:06 PM
20148B,N,O,04/06/2026 03:43:03 PM
20149A,N,O,04/06/2026 03:37:17 PM
20149B,N,O,04/06/2026 08:30:43 PM
2014A,N,O,04/06/2026 09:20:52 PM
2014B,N,O,04/06/2026 06:07:17 PM
20150A,N,O,04/06/2026 12:40:01 PM
20150B,N,O,04/06/2026 05:21:55 PM
20154B,N,O,04/06/2026 08:15:40 PM
20155A,N,O,04/06/2026 08:59:49 AM
20155B,N,O,04/06/2026 09:50:44 PM
20158B,N,O,04/06/2026 08:56:51 AM
20159A,N,O,04/06/2026 05:01:47 PM
20159B,N,O,04/06/2026 08:21:28 PM
2015A,N,O,04/06/2026 06:45:58 PM
2015B,N,V,04/06/2026 09:55:32 PM
20160A,N,O,04/06/2026 09:33:26 PM
20160B,N,O,04/06/2026 09:08:39 PM
20161A,N,O,04/06/2026 09:16:00 PM
20161B,N,O,04/06/2026 03:51:52 PM
20168A,N,O,04/06/2026 09:53:07 PM
20168B,N,O,04/06/2026 08:56:43 AM
20170A,N,O,04/06/2026 07:27:36 PM
20170B,N,O,04/06/2026 09:32:35 PM
20171A,N,O,04/06/2026 07:56:08 PM
20171B,N,O,04/06/2026 09:16:59 PM
20177A,N,O,04/06/2026 06:07:11 PM
20177B,N,V,04/06/2026 09:54:06 PM
20178A,N,O,04/06/2026 08:54:56 PM
20178B,N,O,04/06/2026 10:33:11 AM
20179A,N,O,04/06/2026 09:52:18 PM
20179B,N,V,04/06/2026 09:59:17 PM
20180A,N,O,04/06/2026 09:40:19 PM
20183B,N,V,04/06/2026 09:26:49 PM
20184A,N,O,04/06/2026 06:34:11 PM
20184B,N,V,04/06/2026 05:47:04 PM
20186A,N,O,04/06/2026 08:31:50 PM
20186B,N,O,04/06/2026 09:48:50 PM
20187A,N,O,04/06/2026 08:21:21 PM
20187B,N,O,04/06/2026 03:16:43 PM
20190A,N,V,04/06/2026 09:59:53 PM
20190B,N,O,04/06/2026 09:59:03 PM
20191A,N,V,04/06/2026 09:44:52 PM
20191B,N,O,04/06/2026 08:35:41 PM
20192A,N,O,04/06/2026 09:29:00 PM
20192B,N,O,04/06/2026 08:57:51 AM
20193A,N,O,04/06/2026 09:09:09 AM
20193B,N,V,04/06/2026 09:42:15 PM
20194A,N,O,04/06/2026 05:41:35 PM
20194B,N,O,04/05/2026 08:55:45 AM
20195A,N,O,04/06/2026 08:20:33 PM
20195B,N,O,04/06/2026 06:11:43 PM
20196A,N,O,04/07/2026 07:58:55 AM
20196B,N,O,04/07/2026 07:58:59 AM
20197A,N,O,04/06/2026 11:03:50 AM
20197B,N,O,04/07/2026 08:26:13 AM
201B,N,V,04/06/2026 09:10:29 PM
20202B,N,O,04/07/2026 07:58:01 AM
20204A,N,O,04/06/2026 08:02:26 PM
20204B,N,O,04/06/2026 08:33:11 PM
20205A,N,V,04/06/2026 09:59:12 PM
20205B,N,O,04/06/2026 10:56:08 AM
20206A,N,O,04/06/2026 05:38:53 PM
20206B,N,O,04/06/2026 09:15:34 PM
20208A,N,O,04/06/2026 09:53:05 PM
20208B,N,O,04/06/2026 09:43:40 PM
20209A,NU,O,12/05/2025 06:55:56 AM
20209B,NU,O,12/05/2025 08:47:44 AM
20210A,N,O,04/06/2026 05:01:19 PM
20210B,N,O,04/06/2026 07:55:43 PM
20211A,N,O,04/05/2026 04:08:42 PM
20211B,N,O,04/06/2026 08:10:42 PM
20212A,N,O,04/06/2026 06:54:05 PM
20212B,N,O,04/06/2026 06:42:41 PM
20213A,N,O,04/06/2026 08:13:39 PM
20213B,N,O,04/06/2026 07:02:07 PM
20214A,N,O,04/06/2026 09:10:23 PM
20214B,N,O,04/06/2026 04:21:56 PM
20248A,N,O,04/06/2026 03:18:10 PM
20248B,N,O,04/06/2026 08:56:42 AM
20249A,N,O,04/06/2026 02:38:17 PM
20249B,N,O,04/06/2026 08:15:50 PM
20250A,N,O,04/06/2026 08:00:42 PM
20250B,N,O,04/06/2026 08:59:50 AM
20251A,N,O,04/06/2026 06:30:52 PM
20251B,N,O,04/06/2026 09:59:30 PM
20252A,N,O,04/06/2026 03:33:44 PM
20252B,N,O,04/06/2026 08:57:50 AM
20253A,N,O,04/06/2026 07:58:52 PM
20253B,N,O,04/06/2026 08:56:59 AM
20254A,N,O,04/06/2026 08:55:46 AM
20254B,N,O,04/06/2026 08:00:55 PM
20255A,N,V,04/06/2026 09:47:03 PM
20255B,N,O,04/06/2026 09:46:16 PM
20256A,N,O,04/06/2026 08:58:43 AM
20256B,N,O,04/06/2026 09:51:04 PM
20257A,N,O,04/06/2026 09:59:24 PM
20257B,N,O,04/06/2026 09:57:44 PM
20258A,N,V,04/06/2026 09:57:37 PM
20258B,N,O,04/06/2026 09:03:48 PM
20259B,N,O,04/06/2026 06:07:36 PM
2025A,N,O,04/06/2026 10:29:46 AM
2025B,N,V,04/06/2026 09:51:11 PM
20260A,N,O,04/06/2026 06:18:08 PM
20260B,N,V,04/06/2026 09:59:55 PM
20261A,N,V,04/06/2026 09:52:23 PM
20261B,N,V,04/06/2026 09:50:53 PM
20262A,N,V,04/06/2026 09:53:50 PM
20262B,N,O,04/06/2026 08:45:07 PM
20263A,N,O,04/06/2026 09:14:04 PM
20263B,N,V,04/06/2026 09:34:41 PM
20264A,N,O,04/06/2026 09:50:24 PM
20264B,N,V,04/06/2026 09:50:56 PM
20265A,N,O,04/06/2026 09:25:54 PM
20265B,N,O,04/06/2026 10:00:02 PM
20266A,N,V,04/06/2026 09:29:38 PM
20266B,N,O,04/06/2026 09:03:16 PM
20267A,N,O,04/06/2026 10:27:49 AM
20267B,N,O,04/06/2026 04:37:36 PM
20268A,N,V,04/06/2026 09:55:57 PM
20268B,N,V,04/06/2026 09:45:13 PM
20269A,N,V,04/06/2026 09:21:19 PM
20269B,N,V,04/06/2026 09:55:08 PM
20271B,N,O,04/06/2026 09:40:56 PM
20272A,N,O,04/06/2026 08:57:43 AM
20272B,N,O,04/06/2026 03:30:25 PM
20273A,N,O,04/06/2026 07:08:08 PM
20273B,N,O,04/06/2026 07:51:12 PM
20274A,N,O,04/06/2026 08:55:57 AM
20274B,N,O,04/06/2026 08:55:50 AM
20275A,N,O,04/06/2026 09:14:44 PM
20275B,N,O,04/06/2026 05:52:24 PM
20276A,N,O,04/06/2026 09:16:55 PM
20276B,N,O,04/06/2026 09:58:09 PM
20277A,N,V,04/06/2026 09:30:39 PM
20277B,N,O,04/06/2026 08:39:47 PM
20278A,N,O,04/06/2026 08:56:53 AM
20278B,N,O,04/06/2026 01:16:19 PM
20279A,N,O,04/06/2026 05:07:32 PM
20279B,N,O,04/06/2026 08:55:44 AM
2027A,N,V,04/06/2026 09:33:34 PM
2027B,N,V,04/06/2026 09:47:23 PM
20280A,N,O,04/06/2026 06:07:59 PM
20280B,N,O,04/06/2026 08:59:51 AM
20281A,N,O,04/06/2026 08:09:19 PM
20281B,N,O,04/06/2026 08:09:36 PM
20282A,N,O,04/06/2026 09:09:49 PM
20282B,N,V,04/06/2026 09:49:29 PM
20283A,N,O,04/06/2026 09:39:20 PM
20283B,N,V,04/06/2026 02:36:21 PM
20284A,N,O,04/06/2026 09:08:09 PM
20284B,N,V,04/06/2026 09:28:08 PM
20285A,N,O,04/06/2026 09:19:29 PM
20285B,N,O,04/06/2026 08:55:20 PM
20286A,N,V,04/06/2026 09:45:29 PM
20286B,N,O,04/06/2026 08:58:44 AM
20287A,N,V,04/06/2026 09:57:22 PM
20287B,N,O,04/06/2026 05:31:29 PM
20288A,N,V,04/06/2026 09:46:57 PM
20288B,N,O,04/06/2026 09:10:47 PM
2028A,N,O,04/06/2026 01:46:13 PM
2028B,N,O,04/06/2026 08:13:58 PM
20290A,N,O,04/06/2026 04:21:42 PM
20290B,N,V,04/06/2026 09:35:32 PM
20291A,N,O,04/06/2026 09:53:38 PM
20291B,N,V,04/06/2026 09:55:12 PM
20292A,N,O,04/06/2026 09:45:28 PM
20292B,N,O,04/06/2026 06:54:14 PM
20293A,N,V,04/06/2026 09:45:09 PM
20293B,N,O,04/06/2026 06:06:41 PM
20294A,N,V,04/06/2026 09:36:13 PM
20294B,N,O,04/06/2026 09:13:00 PM
202A,N,V,04/06/2026 08:32:20 PM
20305A,N,O,04/06/2026 09:38:06 PM
20305B,N,O,04/06/2026 08:29:53 PM
20306A,N,O,04/06/2026 12:45:58 PM
20306B,N,O,04/06/2026 09:01:41 PM
20307A,N,O,04/06/2026 09:52:07 PM
20307B,N,O,04/06/2026 08:52:25 PM
20308A,N,V,04/06/2026 09:13:43 PM
20308B,N,O,04/06/2026 08:40:51 PM
20309A,N,O,04/07/2026 06:55:49 AM
2030A,N,O,04/06/2026 09:59:36 PM
20310A,N,O,04/07/2026 07:56:47 AM
20310B,N,O,04/07/2026 06:59:51 AM
20311A,N,O,04/07/2026 06:58:51 AM
20311B,N,O,04/07/2026 06:58:47 AM
20312A,N,O,04/07/2026 06:57:49 AM
20312B,N,O,04/07/2026 06:57:49 AM
20313A,N,O,04/07/2026 06:56:50 AM
20313B,N,O,04/07/2026 06:56:50 AM
20314A,N,O,04/06/2026 09:58:44 PM
20314B,N,O,04/06/2026 09:49:07 PM
20315A,N,O,04/06/2026 09:43:59 PM
20315B,N,O,04/06/2026 09:46:07 PM
20316A,N,O,04/06/2026 09:56:38 PM
20316B,N,O,04/06/2026 09:59:19 PM
20317A,N,O,04/06/2026 07:42:18 PM
20317B,N,O,04/06/2026 09:45:00 PM
20318A,N,O,04/06/2026 09:37:03 PM
20318B,N,O,04/06/2026 09:59:03 PM
20319A,N,O,04/06/2026 09:17:25 PM
20319B,N,O,04/06/2026 09:40:27 PM
2031A,N,O,04/06/2026 06:38:15 PM
2031B,N,O,04/06/2026 09:59:27 PM
20320A,N,O,04/06/2026 09:52:08 PM
20320B,N,O,04/06/2026 09:42:44 PM
20321A,N,O,04/06/2026 09:28:27 PM
20321B,N,O,04/06/2026 09:24:22 PM
20322A,N,O,04/06/2026 09:19:53 PM
20322B,N,O,04/06/2026 09:44:08 PM
20323A,N,O,04/06/2026 09:33:53 PM
20323B,N,O,04/06/2026 09:43:19 PM
20324A,N,O,04/06/2026 09:32:58 PM
20324B,N,O,04/06/2026 09:41:38 PM
20325A,N,O,04/06/2026 09:35:16 PM
20325B,N,O,04/06/2026 08:52:11 PM
20326A,N,O,04/06/2026 08:39:06 PM
20326B,N,O,04/06/2026 02:44:59 PM
20327B,N,O,04/06/2026 09:58:11 PM
20328A,N,O,04/06/2026 03:13:03 PM
20328B,N,O,04/06/2026 05:54:47 PM
20329A,N,O,04/06/2026 07:50:08 PM
20329B,N,O,04/06/2026 09:55:21 PM
2032A,N,O,04/06/2026 04:52:39 PM
2032B,N,O,04/06/2026 09:19:28 PM
20330A,N,O,04/07/2026 08:10:17 AM
20330B,N,O,04/07/2026 08:00:49 AM
20331A,N,O,04/07/2026 07:58:52 AM
20331B,N,O,04/07/2026 08:05:43 AM
20332A,N,O,04/07/2026 07:57:47 AM
20332B,N,O,04/07/2026 07:57:54 AM
20333A,N,O,04/07/2026 08:36:53 AM
20333B,N,O,04/07/2026 07:56:56 AM
20334A,N,O,04/07/2026 07:55:47 AM
20334B,N,O,04/07/2026 07:55:56 AM
20335A,N,O,04/07/2026 07:59:52 AM
20335B,N,O,04/07/2026 07:59:52 AM
20336A,N,O,04/07/2026 07:58:45 AM
20336B,N,O,04/07/2026 08:01:47 AM
20337A,N,O,04/07/2026 08:28:47 AM
20337B,N,O,04/06/2026 06:32:25 PM
2033B,N,O,04/06/2026 05:33:35 PM
20343B,N,O,04/06/2026 09:29:51 PM
20344A,N,O,04/06/2026 03:24:13 PM
20344B,N,O,04/06/2026 09:35:04 PM
20345A,N,O,04/06/2026 09:42:05 PM
20345B,N,O,04/06/2026 09:49:53 PM
20346A,N,O,04/06/2026 07:18:27 PM
20346B,N,O,04/06/2026 05:15:44 PM
20347A,N,O,04/06/2026 09:58:58 PM
20347B,N,O,04/06/2026 09:30:30 PM
20348A,N,O,04/06/2026 09:49:00 PM
20348B,N,V,04/06/2026 09:54:42 PM
20349A,N,O,04/06/2026 08:14:47 PM
20349B,N,O,04/06/2026 09:41:06 PM
2034A,N,O,04/06/2026 06:13:50 PM
2034B,N,O,04/06/2026 05:37:28 PM
20350A,N,O,04/06/2026 09:05:56 PM
20350B,N,O,04/06/2026 09:41:40 PM
20351A,N,O,04/06/2026 09:54:35 PM
20351B,N,O,04/06/2026 09:57:11 PM
20352A,N,O,04/06/2026 08:55:35 PM
20352B,N,V,04/06/2026 09:59:16 PM
20353A,N,O,04/06/2026 12:27:23 PM
20353B,N,O,04/06/2026 06:33:48 PM
20354A,N,O,04/06/2026 09:00:11 PM
20354B,N,O,04/06/2026 09:39:34 PM
20355A,N,O,04/06/2026 09:52:49 PM
20355B,N,O,04/06/2026 08:33:51 PM
20356A,N,O,04/06/2026 09:35:43 PM
20356B,N,O,04/06/2026 09:52:06 PM
20357A,N,O,04/06/2026 09:23:40 PM
20357B,N,O,04/06/2026 09:58:06 PM
20358A,N,O,04/06/2026 09:52:24 PM
20358B,N,O,04/06/2026 09:39:08 PM
20359A,N,O,04/06/2026 06:39:11 PM
20359B,N,V,04/06/2026 07:16:18 PM
2035A,N,O,04/06/2026 07:31:43 PM
2035B,N,O,04/06/2026 03:59:03 PM
20369A,N,O,04/06/2026 09:18:44 PM
2036A,N,O,04/06/2026 06:26:57 PM
2036B,N,O,04/06/2026 05:45:12 PM
20373B,N,O,04/06/2026 09:50:57 PM
20374A,N,V,04/06/2026 09:59:49 PM
20374B,N,O,04/06/2026 09:28:12 PM
20375A,N,O,04/06/2026 08:11:07 PM
20375B,N,O,04/06/2026 09:31:19 PM
20376A,N,O,04/06/2026 05:41:39 PM
20376B,N,O,04/06/2026 04:52:11 PM
20377A,N,O,04/06/2026 07:48:18 PM
20377B,N,O,04/06/2026 09:24:38 PM
20378A,N,O,04/06/2026 09:23:51 PM
20378B,N,O,04/06/2026 09:46:55 PM
20379A,N,O,04/06/2026 09:39:32 PM
20379B,N,O,04/06/2026 09:38:55 PM
2037A,N,O,04/06/2026 08:01:22 PM
2037B,N,O,04/06/2026 07:12:43 PM
20380A,N,O,04/06/2026 09:00:38 PM
20380B,N,O,04/06/2026 08:13:46 PM
20381A,N,O,04/06/2026 09:48:16 PM
20381B,N,O,04/06/2026 09:44:20 PM
20382A,N,O,04/06/2026 09:15:14 PM
20382B,N,O,04/06/2026 07:09:13 PM
20385B,N,O,04/06/2026 08:16:54 PM
20386A,N,V,04/06/2026 09:50:43 PM
20386B,N,O,04/06/2026 09:50:34 PM
20387A,N,O,04/06/2026 08:43:23 PM
20387B,N,V,04/06/2026 06:25:19 PM
20388A,N,V,04/06/2026 07:43:01 PM
20388B,N,O,04/06/2026 07:48:39 PM
20389A,N,O,04/06/2026 09:52:05 PM
20389B,N,V,04/06/2026 06:41:49 PM
2038A,N,O,04/06/2026 07:53:03 PM
2038B,N,O,04/06/2026 08:06:06 PM
20390A,N,O,04/06/2026 09:28:17 PM
20390B,N,V,04/06/2026 05:25:13 PM
20391A,N,O,04/06/2026 02:52:19 PM
20391B,N,O,04/06/2026 09:23:27 PM
20392A,N,V,04/06/2026 09:58:52 PM
20392B,N,O,04/06/2026 08:46:52 PM
20393B,N,V,04/06/2026 08:27:02 PM
20394A,N,V,04/06/2026 09:17:19 PM
20394B,N,O,04/06/2026 09:59:57 PM
20395A,N,V,04/06/2026 09:43:45 PM
20395B,N,V,04/06/2026 07:33:54 PM
20396A,N,O,04/06/2026 09:20:48 PM
20396B,N,O,04/06/2026 09:18:57 PM
20397A,N,O,04/06/2026 08:24:48 PM
20397B,N,O,04/06/2026 09:29:11 PM
20398A,N,O,04/06/2026 08:37:25 PM
20399B,N,O,04/06/2026 05:40:07 PM
2039A,N,O,04/06/2026 08:59:09 PM
2039B,N,O,04/06/2026 06:06:09 PM
203A,N,O,04/06/2026 09:59:56 PM
203B,N,V,04/06/2026 09:59:32 PM
20400A,N,O,04/06/2026 06:13:14 PM
20400B,N,O,04/06/2026 09:38:08 PM
20401A,N,O,04/06/2026 05:05:10 PM
20401B,N,O,04/06/2026 08:10:20 PM
20402A,N,O,04/06/2026 09:46:51 PM
20402B,N,O,04/06/2026 09:10:45 PM
20403A,N,O,04/06/2026 08:25:31 PM
20403B,N,O,04/06/2026 06:52:49 PM
20404A,N,O,04/06/2026 01:22:38 PM
20405A,N,O,04/06/2026 08:40:12 PM
20405B,N,V,04/06/2026 08:32:21 PM
20406A,N,O,04/06/2026 09:16:25 PM
20406B,N,V,04/06/2026 09:55:56 PM
20407A,N,V,04/06/2026 10:16:48 PM
20407B,N,V,04/06/2026 10:16:48 PM
20408A,N,O,04/06/2026 02:00:51 PM
20409A,N,V,04/06/2026 08:01:30 PM
20409B,N,V,04/06/2026 09:49:18 PM
20410A,N,O,04/06/2026 08:16:23 PM
20410B,N,O,04/06/2026 09:53:06 PM
20411A,N,V,04/06/2026 09:26:22 PM
20411B,N,O,04/06/2026 06:43:47 PM
20412A,N,O,04/06/2026 07:41:30 PM
20412B,N,O,04/06/2026 06:10:39 PM
20413A,N,O,04/06/2026 08:14:21 PM
20413B,N,O,04/06/2026 01:13:33 PM
20414A,N,O,04/06/2026 06:59:31 PM
20415A,N,O,04/06/2026 08:46:57 PM
20415B,N,O,04/06/2026 09:24:55 PM
20416A,N,O,04/06/2026 09:10:30 PM
20416B,N,O,04/06/2026 08:52:09 PM
20417A,N,V,04/06/2026 09:59:54 PM
20418A,N,V,04/06/2026 09:58:02 PM
20418B,N,O,04/06/2026 08:57:20 AM
20419A,N,V,04/06/2026 07:29:16 PM
20419B,N,O,04/06/2026 09:15:55 PM
20420A,N,V,04/06/2026 09:55:13 PM
20420B,N,O,04/06/2026 09:52:45 PM
20421A,N,V,04/06/2026 08:35:41 PM
20422B,N,O,04/06/2026 02:47:02 PM
20423A,N,V,04/07/2026 08:27:50 AM
20423B,N,V,04/07/2026 07:29:12 AM
20424A,N,V,04/07/2026 07:29:53 AM
20424B,N,V,04/06/2026 06:28:26 PM
20425A,N,V,04/07/2026 08:36:55 AM
20425B,N,V,04/06/2026 07:23:46 PM
20426A,N,O,04/06/2026 05:53:24 PM
20426B,N,O,04/07/2026 06:58:49 AM
20427A,N,V,04/07/2026 08:17:52 AM
20428A,N,O,04/06/2026 06:45:09 PM
20428B,N,O,04/06/2026 08:50:41 PM
20429A,N,O,04/06/2026 09:37:07 PM
20429B,N,O,04/06/2026 09:34:40 PM
20430A,N,O,04/06/2026 02:14:16 PM
20430B,N,O,04/06/2026 09:43:29 PM
20431A,N,O,04/05/2026 08:19:49 PM
20431B,N,O,04/06/2026 08:58:46 AM
20432A,N,V,04/06/2026 08:05:34 PM
20432B,N,V,04/06/2026 09:59:38 PM
20433A,N,O,04/06/2026 08:48:28 PM
20433B,N,O,04/06/2026 07:48:47 PM
20434A,N,O,04/06/2026 09:56:46 PM
20434B,N,O,04/06/2026 09:18:00 PM
20437A,N,O,04/06/2026 08:14:52 PM
20437B,N,O,04/06/2026 09:57:49 AM
20438A,N,V,04/06/2026 09:51:36 PM
20438B,N,V,04/06/2026 09:26:39 PM
20439A,N,V,04/06/2026 09:51:32 PM
20439B,N,O,04/06/2026 07:16:57 PM
20440A,N,O,04/06/2026 03:27:42 PM
20440B,N,O,04/06/2026 08:39:38 PM
20441A,N,O,04/06/2026 10:50:49 AM
20441B,N,O,04/06/2026 12:53:53 PM
20442A,N,O,04/06/2026 02:35:33 PM
20442B,N,O,04/06/2026 05:59:17 PM
20443A,N,O,04/06/2026 07:32:50 PM
20443B,N,O,04/06/2026 08:39:16 PM
20444A,N,V,04/06/2026 09:51:29 PM
20444B,N,O,04/06/2026 07:44:20 PM
20445A,N,O,04/06/2026 08:44:00 PM
20445B,N,V,04/06/2026 09:51:22 PM
20446A,N,O,04/06/2026 03:48:15 PM
20446B,N,O,04/06/2026 07:03:21 PM
20447A,N,O,04/06/2026 09:31:53 AM
20447B,N,O,04/06/2026 09:21:15 PM
20448A,N,O,04/06/2026 09:04:52 PM
20448B,N,O,04/06/2026 08:27:10 PM
20449A,N,O,04/06/2026 12:19:31 PM
20449B,N,O,04/06/2026 08:00:11 PM
20450A,N,V,04/06/2026 07:29:38 PM
20450B,N,O,04/06/2026 07:58:17 PM
20451A,N,V,04/06/2026 09:47:37 PM
20451B,N,O,04/06/2026 05:42:36 PM
20452B,N,O,04/06/2026 07:05:40 PM
20453A,N,O,04/06/2026 09:25:27 PM
20453B,N,O,04/06/2026 09:13:37 PM
20497A,N,O,04/06/2026 08:36:34 PM
20497B,N,O,04/06/2026 01:44:53 PM
20498A,N,O,04/06/2026 09:46:34 PM
20498B,N,O,04/06/2026 04:57:03 PM
20499A,N,O,04/06/2026 02:06:23 PM
20499B,N,O,04/06/2026 08:27:39 PM
204A,N,O,04/06/2026 09:59:53 PM
204B,N,V,04/06/2026 09:49:17 PM
20500A,N,V,04/06/2026 09:58:14 PM
20500B,N,O,04/06/2026 08:24:50 PM
20501A,N,O,04/06/2026 11:37:36 AM
20501B,N,O,04/06/2026 08:58:38 AM
20506A,N,O,04/06/2026 09:29:48 PM
20506B,N,V,04/06/2026 04:50:05 PM
20507A,N,V,04/06/2026 05:53:16 PM
20507B,N,V,04/06/2026 08:08:27 PM
20508A,N,O,04/06/2026 09:51:55 PM
20508B,N,O,04/06/2026 09:52:12 PM
20509A,N,O,04/06/2026 07:05:35 PM
20509B,N,O,04/06/2026 09:58:58 PM
20510B,N,V,04/06/2026 08:46:18 PM
20511A,N,V,04/06/2026 08:43:42 PM
20511B,N,V,04/06/2026 05:14:33 PM
20512A,N,V,04/06/2026 09:50:45 PM
20512B,N,O,04/06/2026 07:10:43 PM
20513A,N,V,04/06/2026 08:25:15 PM
20513B,N,V,04/06/2026 09:10:56 PM
20514A,N,O,04/06/2026 07:03:36 PM
20515A,N,O,04/06/2026 08:19:28 PM
20515B,N,O,04/06/2026 09:25:28 PM
20516A,N,V,04/06/2026 04:02:55 PM
20516B,N,V,04/06/2026 09:51:48 PM
20517B,N,V,04/06/2026 09:37:37 PM
2053A,N,O,04/06/2026 12:36:56 PM
2053B,N,O,04/06/2026 08:16:15 PM
20545A,N,V,04/06/2026 04:10:15 PM
20545B,N,V,04/06/2026 04:17:27 PM
20546B,N,O,04/06/2026 06:58:35 PM
2054A,N,O,04/06/2026 08:55:43 AM
2054B,N,O,04/06/2026 04:04:34 PM
20550A,N,O,04/06/2026 09:47:25 PM
20550B,N,V,04/06/2026 08:49:48 PM
20551A,N,V,04/06/2026 09:29:08 PM
20551B,N,O,04/06/2026 08:26:44 PM
20552A,N,O,04/06/2026 01:44:25 PM
20562A,N,O,04/06/2026 08:58:13 AM
20562B,N,O,04/06/2026 09:32:45 PM
20563A,N,O,04/06/2026 06:13:32 PM
20563B,N,O,04/06/2026 04:30:12 PM
20564A,N,O,04/06/2026 09:57:09 PM
20564B,N,O,04/06/2026 03:36:58 PM
20565A,N,O,04/06/2026 05:00:29 PM
20565B,N,O,04/06/2026 10:45:18 AM
20566A,N,O,04/06/2026 06:56:40 PM
20566B,N,O,04/06/2026 06:42:24 PM
20567A,N,O,04/06/2026 08:41:03 PM
20567B,N,O,04/06/2026 09:06:38 PM
20570A,N,V,04/06/2026 06:51:39 PM
20570B,N,O,04/07/2026 08:18:53 AM
20571A,N,V,04/07/2026 07:58:49 AM
20571B,N,O,04/07/2026 08:29:32 AM
20572A,N,V,04/07/2026 08:23:28 AM
20572B,N,V,04/07/2026 08:23:28 AM
20573A,N,V,04/07/2026 08:02:34 AM
20573B,N,O,04/07/2026 06:56:54 AM
20574A,N,O,04/07/2026 06:55:49 AM
20574B,N,O,04/07/2026 06:55:49 AM
20575A,N,O,04/07/2026 06:59:46 AM
20575B,N,V,04/07/2026 08:02:09 AM
20576A,N,O,04/07/2026 08:16:04 AM
20576B,N,V,04/07/2026 08:15:56 AM
20577A,N,O,04/07/2026 06:57:51 AM
20577B,N,O,04/06/2026 06:44:23 PM
20591A,N,O,04/07/2026 07:58:42 AM
20591B,N,O,04/07/2026 08:34:06 AM
20592A,N,V,04/06/2026 07:12:02 PM
20592B,N,O,04/06/2026 11:58:21 AM
20593A,N,O,04/07/2026 07:56:46 AM
20593B,N,O,04/07/2026 08:35:38 AM
20594B,N,O,04/07/2026 07:55:48 AM
20595A,N,O,04/07/2026 08:26:37 AM
20595B,N,V,04/07/2026 08:26:45 AM
20596A,N,O,04/07/2026 07:58:43 AM
20596B,N,O,04/07/2026 07:58:53 AM
20597A,N,O,04/07/2026 07:57:54 AM
20597B,N,O,04/07/2026 07:57:47 AM
20598A,N,O,04/07/2026 07:56:57 AM
20598B,N,V,04/07/2026 08:36:26 AM
205A,N,O,04/06/2026 08:30:03 PM
205B,N,O,04/06/2026 09:48:46 PM
20601B,N,O,04/06/2026 09:54:08 PM
20602A,N,O,04/06/2026 05:07:22 PM
20602B,N,O,04/06/2026 07:54:17 PM
20604A,N,V,04/06/2026 09:27:50 PM
20604B,N,O,04/06/2026 08:23:31 PM
20605A,N,O,04/06/2026 06:33:38 PM
20605B,N,O,04/06/2026 07:20:10 PM
20606A,N,O,04/06/2026 06:47:03 PM
20606B,N,O,04/06/2026 04:48:56 PM
20607A,N,O,04/06/2026 06:01:36 PM
20607B,N,O,04/06/2026 11:21:57 AM
20608A,N,V,04/06/2026 08:11:38 PM
20608B,N,O,04/06/2026 05:58:14 PM
20609A,N,O,04/06/2026 06:07:59 PM
20609B,N,O,04/06/2026 05:57:29 PM
20610A,N,O,04/06/2026 08:40:18 PM
20610B,N,O,04/06/2026 06:13:38 PM
20611A,N,O,04/06/2026 06:59:22 PM
20611B,N,V,04/06/2026 09:56:46 PM
20612A,N,O,04/06/2026 05:50:06 PM
20612B,N,O,04/05/2026 08:57:45 AM
20613A,N,O,04/06/2026 06:11:24 PM
20613B,N,O,04/06/2026 07:43:30 PM
20614A,N,O,04/06/2026 09:03:42 PM
20614B,N,O,04/06/2026 05:35:39 PM
20618A,N,O,04/07/2026 08:26:48 AM
20619A,N,O,04/06/2026 06:06:48 PM
20619B,N,O,04/06/2026 12:50:49 PM
20620A,N,O,04/06/2026 07:00:29 PM
20620B,N,O,04/06/2026 08:59:45 AM
20621A,N,O,04/06/2026 05:10:50 PM
20621B,N,O,04/06/2026 03:57:23 PM
20631A,N,O,04/06/2026 09:59:59 PM
20631B,N,V,04/06/2026 09:10:54 PM
20632A,NU,V,04/06/2026 09:25:21 PM
20632B,NU,O,04/06/2026 05:28:25 PM
20633A,N,O,04/06/2026 05:15:18 PM
20633B,N,O,04/06/2026 09:24:59 PM
20634A,N,O,04/06/2026 11:23:56 AM
20634B,N,O,04/06/2026 04:02:48 PM
20635A,N,O,04/06/2026 08:59:44 AM
20635B,N,O,04/06/2026 06:17:38 PM
20636A,N,O,04/06/2026 09:45:19 PM
20636B,N,O,04/06/2026 09:59:54 PM
20637A,N,O,04/06/2026 03:45:14 PM
20637B,N,O,04/06/2026 10:37:56 AM
20638A,N,O,04/06/2026 07:55:55 PM
20638B,N,O,04/06/2026 08:55:13 PM
20639A,N,O,04/06/2026 02:08:02 PM
20639B,N,O,04/06/2026 08:12:35 PM
2063A,N,O,04/06/2026 08:28:13 PM
2063B,N,O,04/06/2026 09:57:37 PM
20640A,N,O,04/06/2026 12:15:55 PM
20640B,N,O,04/06/2026 09:16:15 PM
20641A,N,O,04/06/2026 05:07:34 PM
20641B,N,V,04/06/2026 09:57:48 PM
20642A,N,O,04/06/2026 01:19:36 PM
20642B,N,O,04/06/2026 03:00:27 PM
20643A,N,O,04/06/2026 08:56:47 AM
20643B,N,O,04/06/2026 07:45:23 PM
2064B,N,O,04/06/2026 06:41:54 PM
20651A,N,O,04/06/2026 04:55:33 PM
20651B,N,O,04/06/2026 08:58:58 AM
20652A,N,O,04/06/2026 02:05:12 PM
20652B,N,O,04/06/2026 08:57:42 AM
20653A,N,O,04/06/2026 01:52:57 PM
20653B,N,O,04/06/2026 04:22:52 PM
20654A,N,O,04/05/2026 08:55:43 AM
20654B,N,O,04/06/2026 08:55:45 AM
20658A,N,O,04/07/2026 07:56:48 AM
20658B,N,O,04/07/2026 07:56:48 AM
20659B,N,O,04/07/2026 07:56:01 AM
2065A,N,O,04/06/2026 03:01:10 PM
20661A,N,O,04/07/2026 07:58:42 AM
20661B,N,O,04/07/2026 07:58:42 AM
20663A,N,O,04/07/2026 07:56:45 AM
20663B,N,O,04/07/2026 07:56:45 AM
20664B,N,V,04/06/2026 07:54:55 PM
20665A,N,O,04/07/2026 08:36:09 AM
20666A,N,V,04/07/2026 08:30:41 AM
20666B,N,O,04/07/2026 07:58:47 AM
20667A,N,O,04/07/2026 07:57:49 AM
20667B,N,O,04/07/2026 07:57:49 AM
2066A,N,O,04/06/2026 08:27:01 PM
2066B,N,O,04/06/2026 05:12:58 PM
20672A,N,V,07/13/2025 10:00:25 AM
20672B,N,O,04/06/2026 09:45:37 PM
20673A,N,O,04/06/2026 05:54:31 PM
20673B,N,O,04/06/2026 06:46:51 PM
20674A,N,O,04/06/2026 07:12:08 PM
20674B,N,O,04/06/2026 05:34:40 PM
20675A,N,O,04/06/2026 01:31:05 PM
20675B,N,O,04/06/2026 09:51:53 PM
20676A,N,V,04/06/2026 07:02:40 PM
20676B,N,O,04/06/2026 09:14:18 PM
20677A,N,O,04/06/2026 06:07:22 PM
20677B,N,O,04/06/2026 05:58:29 PM
20678A,N,O,04/06/2026 04:15:24 PM
20678B,N,O,04/06/2026 04:43:40 PM
20679A,N,O,04/07/2026 07:55:56 AM
20679B,N,O,04/07/2026 07:56:04 AM
2067A,N,O,04/06/2026 05:28:23 PM
2067B,N,O,04/06/2026 01:56:02 PM
20680A,N,O,04/07/2026 07:59:53 AM
20680B,N,O,04/06/2026 07:31:00 PM
20681A,N,O,04/07/2026 07:58:50 AM
20681B,N,O,04/07/2026 07:59:10 AM
20682B,N,O,04/06/2026 08:11:24 PM
20683A,N,O,04/06/2026 07:27:47 PM
20683B,N,O,04/06/2026 07:31:22 PM
20684A,N,O,04/06/2026 08:07:50 PM
20684B,N,O,04/06/2026 08:01:13 PM
20685A,N,O,04/06/2026 05:59:33 PM
20685B,N,O,04/06/2026 05:13:26 PM
20686A,N,O,04/06/2026 09:28:57 PM
20686B,N,O,04/06/2026 07:47:07 PM
20687A,N,O,04/06/2026 07:52:41 PM
20687B,N,O,04/06/2026 05:43:12 PM
20688A,N,O,04/06/2026 05:48:11 PM
20688B,N,O,04/06/2026 08:10:39 PM
20689A,N,O,04/07/2026 07:56:00 AM
2068A,N,O,04/06/2026 09:14:37 PM
2068B,N,O,04/06/2026 08:56:52 PM
20690A,N,O,04/06/2026 07:59:50 AM
20690B,N,O,04/07/2026 07:59:51 AM
20691A,N,O,04/06/2026 07:59:01 AM
20691B,N,O,04/07/2026 07:58:51 AM
20692A,N,O,04/07/2026 07:57:45 AM
20692B,N,O,04/07/2026 07:57:45 AM
20693B,N,O,04/06/2026 04:22:21 PM
20694A,N,O,04/06/2026 05:10:21 PM
20694B,N,V,04/06/2026 09:23:45 PM
20695A,N,O,04/06/2026 07:48:02 PM
20695B,N,O,04/06/2026 09:12:27 PM
20696A,N,O,04/06/2026 09:43:24 PM
20696B,N,O,04/06/2026 08:34:22 PM
20697A,N,O,04/06/2026 09:10:09 PM
20697B,N,O,04/06/2026 08:34:23 PM
20698A,N,O,04/06/2026 08:57:06 AM
20698B,N,O,04/06/2026 08:37:50 PM
2069A,N,O,04/06/2026 09:26:50 PM
2070A,N,O,04/06/2026 04:28:24 PM
2070B,N,O,04/06/2026 06:34:50 PM
2071A,N,O,04/06/2026 09:59:33 PM
2071B,N,O,04/06/2026 09:41:30 PM
2072A,N,O,04/06/2026 09:37:48 PM
2072B,N,O,04/06/2026 09:29:44 PM
2073A,N,O,04/06/2026 09:08:07 PM
2073B,N,O,04/06/2026 09:58:34 PM
20745A,N,O,04/06/2026 07:02:24 PM
20745B,N,O,04/07/2026 08:29:49 AM
20746A,N,V,04/07/2026 08:34:50 AM
20746B,N,O,04/06/2026 07:22:20 PM
20748A,N,O,04/07/2026 07:56:43 AM
20748B,N,V,04/07/2026 08:11:55 AM
20749A,N,O,04/07/2026 07:55:43 AM
20749B,N,O,04/07/2026 08:36:17 AM
2074A,N,O,04/06/2026 08:03:45 PM
20750A,N,O,04/07/2026 07:59:50 AM
20750B,N,O,04/06/2026 05:20:50 PM
20751A,N,O,04/06/2026 09:15:35 PM
20752A,N,O,04/06/2026 08:59:26 PM
20752B,N,O,04/06/2026 09:20:57 PM
20755A,N,O,04/06/2026 09:13:34 PM
20756A,N,O,04/06/2026 06:58:23 PM
20756B,N,O,04/06/2026 09:44:46 PM
20757A,N,O,04/06/2026 07:37:23 PM
20758A,N,O,04/06/2026 10:26:45 AM
20758B,N,O,04/06/2026 07:49:37 PM
20759A,N,O,04/06/2026 07:43:07 PM
20759B,N,O,04/06/2026 09:59:48 PM
2075A,N,O,04/06/2026 09:25:35 PM
2075B,N,O,04/06/2026 09:25:35 PM
20760A,N,O,04/06/2026 09:18:02 PM
20760B,N,V,04/06/2026 06:39:49 PM
20763A,N,O,04/06/2026 08:06:45 PM
20763B,N,O,04/06/2026 09:27:33 PM
20764A,N,O,04/06/2026 09:40:24 PM
20764B,N,O,04/06/2026 09:38:15 PM
20765A,N,O,04/06/2026 09:21:58 PM
20765B,N,O,04/06/2026 09:38:40 PM
20766A,N,O,04/06/2026 06:40:10 PM
20766B,N,O,04/06/2026 07:32:46 PM
20767A,N,O,04/06/2026 09:16:47 PM
20767B,N,O,04/06/2026 09:57:35 PM
20768A,N,O,04/06/2026 09:47:56 PM
20768B,N,O,04/06/2026 09:35:05 PM
20769A,N,O,04/06/2026 05:51:03 PM
20769B,N,O,04/06/2026 08:20:24 PM
2076A,N,O,04/06/2026 12:45:44 PM
2076B,N,O,04/06/2026 09:59:33 PM
20777A,N,O,04/06/2026 06:03:38 PM
20778A,N,O,04/06/2026 04:25:24 PM
20778B,N,O,04/06/2026 09:52:14 PM
20779A,N,O,04/06/2026 09:53:04 PM
20779B,N,O,04/06/2026 04:42:48 PM
2077A,N,O,04/06/2026 09:59:42 PM
2077B,N,O,04/06/2026 08:57:52 AM
20780A,N,O,04/06/2026 06:56:30 PM
20780B,N,O,04/06/2026 08:35:49 PM
20781A,N,O,04/06/2026 09:12:05 PM
20781B,N,O,04/06/2026 09:40:50 PM
20782A,N,O,04/06/2026 07:32:55 PM
20782B,N,O,04/06/2026 09:57:12 PM
20784A,N,O,04/06/2026 08:33:38 PM
20784B,N,O,04/06/2026 05:26:47 PM
20787A,N,O,04/07/2026 07:57:49 AM
20788A,N,O,04/07/2026 07:56:46 AM
20788B,N,O,04/07/2026 07:56:46 AM
20789A,N,O,10/19/2025 12:18:34 PM
20789B,N,O,09/24/2025 08:46:47 AM
20790A,N,O,04/07/2026 08:00:00 AM
20790B,N,O,04/07/2026 08:36:22 AM
20791A,N,O,04/07/2026 07:58:48 AM
20791B,N,O,04/07/2026 07:58:48 AM
20792A,N,V,04/07/2026 08:36:27 AM
20792B,N,O,04/06/2026 07:57:42 AM
20793A,N,O,04/07/2026 07:56:48 AM
20793B,N,O,04/07/2026 07:56:40 AM
20795B,N,O,04/07/2026 07:59:44 AM
20796A,N,O,04/07/2026 07:58:51 AM
20796B,N,O,04/07/2026 07:58:51 AM
207A,N,O,04/06/2026 08:21:05 PM
207B,N,V,04/06/2026 09:48:46 PM
20801B,N,O,04/07/2026 08:28:48 AM
20802A,N,O,04/06/2026 04:06:55 PM
20802B,N,O,04/06/2026 08:57:45 AM
20803A,N,O,04/06/2026 08:50:17 PM
20803B,N,O,04/06/2026 09:10:00 PM
20804A,N,O,04/06/2026 07:06:34 PM
20804B,N,O,04/06/2026 09:51:30 PM
20805A,N,O,04/06/2026 07:37:08 PM
20805B,N,O,04/06/2026 05:02:28 PM
20806A,N,V,04/06/2026 04:32:32 PM
20806B,N,O,04/06/2026 06:04:24 PM
20807A,N,O,04/06/2026 08:56:06 PM
20807B,N,O,04/06/2026 06:08:49 PM
20809A,N,O,04/06/2026 09:56:05 AM
20809B,N,O,04/06/2026 09:55:58 AM
20810A,N,O,04/06/2026 11:18:22 AM
20810B,N,O,04/06/2026 06:23:49 PM
20811A,N,V,04/06/2026 09:43:24 PM
20811B,N,O,04/06/2026 09:34:11 PM
20812A,N,O,04/06/2026 09:59:40 PM
20812B,N,V,04/06/2026 08:53:03 PM
20813A,N,O,04/06/2026 06:16:10 PM
20813B,N,O,04/06/2026 07:21:17 PM
20814A,N,O,04/06/2026 08:21:33 PM
20814B,N,O,04/06/2026 08:38:15 PM
20815A,N,V,04/06/2026 02:07:42 PM
20815B,N,O,04/06/2026 08:37:06 PM
20816B,NU,O,04/06/2026 10:45:57 AM
20817B,N,O,04/06/2026 08:57:49 AM
20818A,N,O,04/06/2026 06:11:59 PM
20818B,N,O,04/05/2026 08:56:54 AM
20819A,N,O,04/06/2026 06:25:05 PM
20819B,N,O,04/06/2026 08:13:03 PM
20820A,N,V,04/06/2026 09:32:45 PM
20820B,N,O,04/06/2026 05:26:51 PM
20821A,N,O,04/07/2026 07:58:54 AM
20821B,N,O,04/07/2026 08:30:34 AM
20822A,N,O,04/07/2026 07:57:44 AM
20822B,N,O,04/07/2026 08:13:34 AM
20823A,N,O,04/06/2026 09:35:40 PM
20823B,N,O,04/06/2026 09:24:47 PM
20824A,N,V,04/06/2026 09:31:53 PM
20824B,N,O,04/06/2026 09:55:22 PM
20825A,N,O,04/06/2026 12:47:48 PM
20825B,N,O,04/06/2026 10:20:43 AM
20826A,N,O,04/06/2026 08:58:52 AM
20826B,N,O,04/06/2026 08:19:24 PM
20827A,N,O,04/06/2026 08:57:51 AM
20827B,N,O,04/06/2026 08:57:47 AM
20828A,N,O,04/06/2026 11:06:37 AM
20828B,N,O,04/06/2026 05:26:17 PM
20829B,N,O,04/06/2026 05:59:03 PM
20830A,N,O,04/06/2026 01:51:33 PM
20830B,N,O,04/06/2026 07:52:18 PM
20831A,N,O,04/06/2026 04:34:57 PM
20831B,N,O,04/06/2026 04:45:51 PM
20833A,N,O,04/06/2026 01:52:45 PM
20833B,N,O,04/07/2026 08:26:42 AM
20834A,N,O,04/06/2026 04:17:38 PM
20834B,N,O,04/06/2026 08:55:05 PM
20835A,N,O,04/06/2026 08:25:14 PM
20835B,N,O,04/06/2026 06:22:23 PM
20836A,N,V,04/06/2026 09:58:45 PM
20836B,N,V,04/06/2026 09:59:50 PM
20837A,N,O,04/06/2026 06:09:04 PM
20837B,N,O,04/06/2026 05:13:09 PM
20838A,N,O,04/06/2026 10:25:59 AM
20838B,N,O,04/06/2026 09:37:37 PM
20839A,N,O,04/06/2026 05:30:03 PM
20839B,N,O,04/06/2026 06:42:39 PM
2083A,N,V,04/06/2026 09:03:11 PM
2083B,N,O,04/06/2026 09:42:31 PM
20840A,NU,O,04/06/2026 09:26:24 PM
20840B,NU,O,04/06/2026 06:01:33 PM
20841A,N,O,04/06/2026 07:39:34 PM
20841B,N,O,04/06/2026 09:48:51 PM
20842A,N,O,04/06/2026 09:24:04 PM
20843A,N,O,04/06/2026 05:40:59 PM
20843B,N,O,04/06/2026 09:53:08 PM
20844A,N,O,04/06/2026 09:58:29 PM
20844B,N,O,04/06/2026 06:28:22 PM
20845A,N,O,04/06/2026 08:02:31 PM
20845B,N,O,04/06/2026 09:52:18 PM
20846A,N,O,04/06/2026 09:11:45 PM
2084A,N,O,04/06/2026 07:15:24 PM
2084B,N,O,04/06/2026 04:03:16 PM
20851A,N,V,04/06/2026 09:50:58 PM
20851B,N,O,04/06/2026 05:36:58 PM
20852A,N,O,04/06/2026 12:15:09 PM
20852B,N,V,04/06/2026 08:48:24 PM
20853A,N,V,04/06/2026 09:59:33 PM
20853B,N,V,04/06/2026 02:41:55 PM
20854A,N,O,04/06/2026 07:39:48 PM
20854B,N,O,04/06/2026 09:58:55 PM
20855A,N,O,04/06/2026 08:59:50 AM
20855B,N,O,04/06/2026 08:59:50 AM
20856A,N,O,04/06/2026 06:44:16 PM
20856B,N,O,04/06/2026 06:33:58 PM
20857A,N,V,04/06/2026 09:20:57 PM
20857B,N,O,04/06/2026 09:14:29 PM
20858A,N,O,04/06/2026 09:40:42 PM
20858B,N,O,04/06/2026 09:46:58 PM
20859A,N,O,04/06/2026 06:47:30 PM
20859B,N,O,04/06/2026 08:50:16 PM
20860B,N,O,04/06/2026 06:47:37 PM
20861A,N,O,04/06/2026 08:58:51 AM
20861B,N,O,04/06/2026 08:43:48 PM
20862A,N,O,04/06/2026 08:57:45 AM
20862B,N,V,04/06/2026 09:59:34 PM
20863A,N,O,04/06/2026 08:56:44 AM
20863B,N,O,04/06/2026 09:53:06 PM
20864A,N,O,04/06/2026 08:55:52 AM
20864B,N,V,04/06/2026 09:50:36 PM
20865A,N,O,04/06/2026 08:59:48 AM
20865B,N,V,04/06/2026 09:56:45 PM
20866A,N,O,04/06/2026 08:58:48 AM
20866B,N,V,04/06/2026 09:53:39 PM
20867A,N,V,04/06/2026 09:57:24 PM
20867B,N,V,04/06/2026 08:37:36 PM
20868A,N,O,04/06/2026 08:56:50 AM
20868B,N,O,04/06/2026 08:58:43 PM
20869A,N,O,04/06/2026 08:04:58 PM
20869B,N,O,04/06/2026 07:59:45 PM
2086A,N,V,04/06/2026 09:22:48 PM
20870B,N,V,04/06/2026 09:10:34 PM
20871A,N,V,04/06/2026 07:16:54 PM
20871B,N,V,04/06/2026 06:33:37 PM
20872A,N,O,04/06/2026 09:34:48 PM
20872B,N,O,04/06/2026 09:32:46 PM
20873A,N,O,04/06/2026 09:14:02 PM
20873B,N,O,04/06/2026 08:57:12 PM
20874A,N,O,04/06/2026 08:17:08 PM
20876A,N,O,04/06/2026 11:02:00 AM
20876B,N,O,04/06/2026 05:22:08 PM
20877A,N,O,04/06/2026 08:36:35 PM
20877B,N,O,04/06/2026 06:03:45 PM
20878A,N,O,04/06/2026 08:57:52 PM
20878B,N,O,04/06/2026 09:07:45 PM
20879A,N,O,04/06/2026 08:27:46 PM
20879B,N,O,04/06/2026 07:53:45 PM
2087A,N,V,04/06/2026 09:43:56 PM
20880A,N,O,04/06/2026 07:13:59 PM
20880B,N,O,04/06/2026 06:00:21 PM
20882A,N,O,04/06/2026 07:52:58 PM
20882B,N,V,04/06/2026 09:59:37 PM
20883A,N,O,04/06/2026 06:49:50 PM
20883B,N,V,04/06/2026 09:41:58 PM
20884A,N,O,04/06/2026 06:33:27 PM
20885A,N,O,04/06/2026 08:39:21 PM
20885B,N,O,04/06/2026 08:24:11 PM
20886A,N,O,04/06/2026 07:03:37 PM
20886B,N,O,04/06/2026 05:44:24 PM
20887A,N,O,04/06/2026 06:56:24 PM
20887B,N,O,04/06/2026 08:06:18 PM
20888A,N,O,04/06/2026 06:23:53 PM
20888B,N,O,04/06/2026 09:36:33 PM
20889A,N,O,04/06/2026 08:55:47 AM
20889B,N,O,04/06/2026 06:33:06 PM
2088A,N,O,04/06/2026 08:58:26 PM
2089A,N,O,04/06/2026 05:58:36 PM
2089B,N,O,04/06/2026 06:07:41 PM
208A,N,O,04/06/2026 09:59:33 PM
208B,N,O,04/06/2026 09:50:10 PM
20907A,N,O,04/06/2026 09:07:34 PM
20907B,N,O,04/06/2026 08:57:43 AM
20908A,N,O,04/06/2026 06:34:24 PM
20908B,N,O,04/06/2026 03:51:39 PM
20909A,N,O,04/06/2026 07:40:09 PM
20909B,N,O,04/06/2026 08:56:42 PM
2090A,N,V,04/06/2026 09:57:44 PM
2090B,N,O,04/06/2026 06:05:07 PM
20910B,N,O,04/06/2026 08:29:02 PM
20919A,N,O,04/06/2026 04:45:46 PM
2091A,N,O,04/06/2026 09:46:21 PM
2091B,N,O,04/06/2026 09:59:37 PM
20920A,N,O,04/06/2026 06:58:21 PM
20920B,N,O,04/06/2026 07:16:14 PM
20921A,N,O,04/06/2026 07:22:17 PM
20921B,N,O,04/06/2026 06:54:17 PM
20922A,N,O,04/06/2026 07:40:07 PM
20922B,N,O,04/06/2026 03:14:15 PM
20923A,N,O,04/06/2026 04:09:23 PM
20923B,N,O,04/06/2026 09:00:41 PM
2092A,N,O,04/06/2026 07:15:55 PM
2092B,N,O,04/06/2026 09:41:46 PM
20931A,N,O,04/06/2026 09:59:27 PM
20931B,N,V,04/06/2026 09:21:59 PM
20932A,N,O,04/06/2026 09:52:03 PM
20932B,N,O,04/06/2026 06:41:59 PM
20934A,N,O,04/06/2026 07:54:45 PM
20934B,N,V,04/06/2026 08:06:49 PM
20935A,N,V,04/06/2026 11:43:27 AM
20935B,N,V,04/06/2026 07:34:35 PM
20936A,N,O,10/13/2025 09:42:41 AM
20937A,N,O,04/07/2026 07:57:51 AM
20937B,N,O,04/07/2026 07:57:51 AM
20938A,N,O,04/07/2026 07:56:50 AM
20938B,N,O,04/07/2026 07:56:58 AM
20939A,N,O,04/07/2026 07:55:54 AM
20940B,N,O,04/07/2026 07:59:56 AM
20941A,NU,O,04/06/2026 07:58:51 AM
20941B,NU,O,04/05/2026 07:58:53 AM
20942A,N,O,04/07/2026 07:57:51 AM
20942B,N,O,04/07/2026 08:28:27 AM
20943A,N,O,04/06/2026 07:56:57 AM
20943B,N,O,04/07/2026 07:56:40 AM
20944A,N,O,04/07/2026 07:55:46 AM
20944B,N,O,04/07/2026 07:55:49 AM
20957A,N,O,04/06/2026 08:00:50 PM
20958A,N,O,04/06/2026 05:56:09 PM
20958B,N,O,04/06/2026 09:19:34 PM
20959A,N,O,04/06/2026 05:56:27 PM
20959B,N,O,04/06/2026 02:08:23 PM
20960A,N,O,04/06/2026 09:08:23 PM
20960B,N,O,04/06/2026 05:54:51 PM
20961A,N,O,04/06/2026 04:58:55 PM
20961B,N,O,04/06/2026 09:25:29 PM
20962A,N,O,04/06/2026 09:15:27 PM
20962B,N,O,04/06/2026 06:50:56 PM
20963A,N,O,04/06/2026 07:27:31 PM
20963B,N,O,04/06/2026 06:03:59 PM
20964A,N,O,04/06/2026 06:25:12 PM
20966A,N,O,04/06/2026 03:14:14 PM
20966B,N,O,04/06/2026 05:48:09 PM
20967A,N,V,04/06/2026 09:49:21 PM
20967B,N,V,04/06/2026 09:49:51 PM
20968B,N,O,04/06/2026 08:41:49 PM
20969A,N,V,04/06/2026 09:56:03 PM
20969B,N,O,04/06/2026 06:22:26 PM
20970A,N,O,04/06/2026 08:45:46 PM
20971A,N,O,04/06/2026 08:36:08 PM
20971B,N,O,04/06/2026 08:36:40 PM
20972A,N,O,04/06/2026 07:54:48 PM
20972B,N,O,04/06/2026 07:10:24 PM
20973A,N,O,04/06/2026 09:55:56 PM
20973B,N,O,04/06/2026 09:54:40 PM
20974A,N,V,04/06/2026 09:00:56 PM
20974B,N,O,04/06/2026 07:21:42 PM
20975A,N,O,04/06/2026 06:13:08 PM
20975B,N,O,04/06/2026 06:19:26 PM
20976A,N,O,04/06/2026 08:50:22 PM
20976B,N,V,04/06/2026 09:58:39 PM
20977A,N,O,04/06/2026 08:28:08 PM
20977B,N,O,04/06/2026 06:55:32 PM
20978A,N,O,04/06/2026 09:12:03 PM
20978B,N,O,04/06/2026 05:57:48 PM
20979A,N,V,04/06/2026 09:38:57 PM
20979B,N,V,04/06/2026 09:47:31 PM
2097B,N,O,04/06/2026 09:11:10 PM
20980A,N,O,04/06/2026 08:00:46 PM
20980B,N,O,04/06/2026 05:02:22 PM
20981B,N,O,04/06/2026 07:33:13 PM
20982A,N,O,04/06/2026 12:10:49 PM
20982B,N,O,04/06/2026 08:57:50 AM
20983A,N,O,04/06/2026 01:52:26 PM
20983B,N,V,04/06/2026 08:46:27 PM
20988A,N,O,04/06/2026 04:16:19 PM
20989A,N,O,04/06/2026 09:40:55 PM
20989B,N,O,04/06/2026 04:27:17 PM
2098A,N,O,04/06/2026 09:16:56 PM
2098B,N,O,04/06/2026 05:30:35 PM
20990A,N,O,04/06/2026 04:24:25 PM
20990B,N,O,04/06/2026 07:16:29 PM
2099A,N,O,04/06/2026 09:51:00 PM
2099B,N,O,04/06/2026 06:49:50 PM
20A,N,O,04/06/2026 09:09:51 PM
20B,N,V,04/06/2026 09:59:50 PM
21001A,N,O,04/07/2026 06:58:47 AM
21001B,N,O,04/07/2026 06:58:47 AM
21002A,N,O,04/07/2026 08:02:59 AM
21002B,N,O,04/06/2026 04:00:21 PM
21003A,N,V,04/07/2026 07:59:11 AM
21003B,N,O,04/07/2026 06:56:49 AM
21004A,N,V,04/07/2026 07:59:49 AM
21004B,N,O,04/07/2026 06:55:52 AM
21005A,N,V,04/07/2026 07:41:42 AM
21005B,N,O,04/07/2026 06:59:44 AM
21006A,N,O,04/07/2026 06:58:54 AM
21006B,N,V,04/07/2026 08:28:33 AM
21007A,N,V,04/07/2026 07:51:23 AM
21007B,N,O,04/06/2026 02:57:29 PM
21008A,N,V,04/07/2026 07:34:24 AM
21008B,N,V,04/07/2026 08:33:54 AM
21009B,N,O,04/07/2026 08:32:41 AM
2100A,N,O,04/06/2026 06:26:02 PM
2100B,N,V,04/06/2026 09:58:41 PM
21010B,N,O,04/07/2026 06:59:56 AM
21011A,N,O,04/07/2026 06:58:53 AM
21011B,N,O,04/07/2026 06:58:53 AM
21012A,N,O,04/07/2026 06:57:47 AM
21012B,N,O,04/07/2026 06:57:47 AM
21013A,N,O,04/07/2026 06:56:53 AM
21013B,N,V,04/07/2026 08:36:27 AM
21014A,N,V,04/07/2026 07:56:39 AM
21014B,N,O,04/07/2026 08:36:59 AM
21015A,N,O,04/07/2026 08:30:22 AM
21015B,N,V,04/07/2026 08:13:45 AM
21016A,N,O,04/07/2026 08:02:08 AM
21016B,N,O,04/07/2026 06:58:51 AM
21017A,N,V,04/07/2026 07:31:16 AM
21017B,N,V,04/07/2026 07:12:36 AM
21018A,N,V,04/07/2026 07:48:42 AM
21018B,N,V,04/07/2026 07:48:22 AM
21019A,N,O,04/07/2026 06:55:46 AM
21019B,N,V,04/07/2026 08:20:04 AM
2101A,N,O,04/06/2026 10:28:46 AM
2101B,N,O,04/06/2026 06:04:54 PM
21020A,N,V,04/07/2026 07:52:26 AM
21020B,N,O,04/07/2026 08:20:30 AM
21021B,N,O,04/06/2026 09:07:21 PM
21022A,N,O,04/06/2026 09:52:35 PM
21022B,N,O,04/06/2026 04:50:19 PM
21023A,N,O,04/06/2026 09:24:27 PM
21023B,N,O,04/06/2026 09:47:15 PM
21024A,N,O,04/06/2026 06:17:11 PM
21024B,N,O,04/06/2026 08:44:21 PM
2102A,N,O,04/06/2026 06:54:20 PM
2102B,N,O,04/06/2026 05:26:10 PM
21031A,N,O,04/07/2026 06:58:43 AM
21032A,N,O,04/07/2026 06:57:40 AM
21032B,N,O,04/07/2026 08:19:15 AM
21033A,N,O,04/07/2026 08:19:05 AM
21033B,N,V,04/07/2026 08:31:54 AM
21035A,N,O,04/07/2026 07:31:16 AM
21035B,N,O,04/07/2026 08:15:58 AM
21036A,N,O,04/07/2026 07:01:20 AM
21036B,N,O,04/07/2026 06:58:51 AM
21037A,N,O,04/07/2026 06:57:54 AM
21037B,N,O,04/07/2026 08:30:07 AM
21038A,N,O,04/07/2026 06:56:49 AM
21038B,N,V,04/07/2026 08:26:02 AM
21039A,N,V,04/07/2026 07:52:22 AM
21039B,N,O,04/07/2026 06:55:58 AM
21040A,N,V,04/07/2026 08:36:29 AM
21040B,N,O,04/07/2026 07:00:06 AM
21041A,N,V,04/07/2026 08:23:31 AM
21041B,N,V,04/07/2026 08:28:49 AM
21042A,N,V,04/07/2026 08:32:57 AM
21042B,N,O,04/07/2026 08:18:32 AM
21043A,N,O,04/07/2026 08:18:29 AM
21043B,N,O,04/07/2026 06:56:48 AM
21044A,N,O,04/07/2026 06:55:47 AM
21044B,N,O,04/07/2026 06:55:47 AM
21045A,N,O,04/07/2026 08:01:51 AM
21045B,N,V,04/07/2026 08:33:57 AM
21046A,N,O,04/07/2026 08:10:53 AM
21046B,N,O,04/07/2026 06:58:52 AM
21050B,N,O,04/06/2026 08:59:47 AM
21051A,N,O,04/06/2026 08:58:51 AM
21051B,N,O,04/06/2026 01:24:35 PM
21052A,N,V,04/06/2026 09:59:56 PM
21052B,N,O,04/06/2026 09:45:21 PM
21053A,N,O,04/06/2026 06:09:44 PM
21053B,N,O,04/06/2026 09:07:12 PM
21054A,N,O,04/06/2026 08:14:02 PM
21054B,N,O,04/06/2026 09:22:17 PM
21055A,N,O,04/06/2026 08:24:12 PM
21055B,N,V,04/06/2026 09:39:24 PM
21056A,N,O,04/06/2026 07:54:44 PM
21056B,N,O,04/06/2026 09:47:13 PM
21057B,N,O,04/06/2026 09:58:31 PM
21058A,N,V,04/06/2026 09:50:00 PM
21058B,N,V,04/06/2026 09:35:23 PM
21059A,N,V,04/06/2026 09:38:04 PM
21059B,N,O,04/06/2026 12:18:19 PM
21070A,N,O,04/06/2026 08:01:40 PM
21070B,N,O,04/06/2026 09:17:49 PM
21071A,N,O,04/07/2026 06:58:44 AM
21071B,N,O,04/07/2026 08:32:31 AM
21072A,N,O,04/07/2026 08:06:20 AM
21072B,N,O,04/07/2026 06:57:43 AM
21073A,N,V,04/06/2026 07:26:02 PM
21073B,N,O,04/07/2026 08:11:51 AM
21074A,N,V,04/07/2026 08:33:14 AM
21074B,N,V,04/07/2026 07:41:17 AM
21075A,N,V,04/07/2026 08:25:56 AM
21075B,N,V,04/06/2026 06:01:59 PM
21076A,N,O,04/07/2026 07:38:34 AM
21076B,N,O,04/06/2026 07:55:36 PM
21077A,N,O,04/07/2026 06:57:42 AM
21077B,N,O,04/07/2026 06:57:42 AM
21078A,N,V,04/07/2026 07:43:11 AM
21078B,N,O,04/07/2026 06:56:47 AM
21079A,N,O,04/07/2026 06:55:47 AM
21079B,N,V,04/06/2026 07:28:43 PM
21080A,N,V,04/06/2026 07:55:25 PM
21080B,N,V,04/06/2026 07:55:07 PM
21081A,N,O,04/07/2026 06:58:41 AM
21081B,N,O,04/06/2026 01:20:12 PM
21082A,N,O,04/07/2026 06:57:47 AM
21082B,N,V,04/07/2026 08:25:10 AM
21083A,N,V,04/06/2026 07:59:38 PM
21083B,N,V,04/06/2026 06:33:12 PM
21084A,N,O,04/07/2026 06:55:49 AM
21084B,N,V,04/07/2026 08:03:53 AM
21085A,N,V,04/07/2026 08:16:22 AM
21085B,N,V,04/07/2026 08:35:05 AM
21086A,N,V,04/06/2026 09:55:18 AM
21086B,N,V,04/07/2026 08:28:05 AM
21087A,N,O,04/07/2026 06:57:49 AM
21087B,N,V,04/06/2026 07:26:10 PM
21088A,N,V,04/06/2026 04:05:32 PM
21088B,N,V,04/06/2026 05:01:34 PM
21089A,N,V,04/06/2026 06:28:24 PM
21089B,N,V,04/06/2026 06:43:36 PM
21090A,N,O,04/07/2026 08:09:17 AM
21090B,N,V,04/06/2026 02:28:42 PM
21091A,N,V,04/06/2026 04:53:45 PM
21091B,N,V,04/06/2026 07:15:35 PM
21092A,N,O,04/07/2026 08:30:18 AM
21092B,N,V,04/06/2026 06:10:37 PM
21093A,N,O,04/06/2026 07:17:55 PM
21093B,N,O,04/07/2026 08:22:02 AM
21094A,N,O,04/06/2026 07:35:25 PM
21094B,N,V,04/07/2026 07:35:48 AM
21095A,N,O,04/06/2026 07:38:47 PM
21095B,N,V,04/07/2026 07:37:18 AM
21096A,N,V,04/07/2026 07:35:05 AM
21096B,N,V,04/06/2026 06:42:10 PM
21097A,N,O,04/06/2026 07:11:46 PM
21097B,N,V,04/06/2026 03:59:34 PM
21098A,N,V,04/06/2026 12:05:23 PM
21098B,N,O,04/07/2026 06:56:52 AM
21099A,N,V,04/06/2026 06:37:49 PM
21099B,N,V,04/06/2026 06:39:08 PM
2109A,N,O,04/06/2026 08:35:44 PM
2109B,N,O,04/06/2026 05:32:53 PM
210A,N,V,04/06/2026 06:58:12 PM
21100A,N,O,04/07/2026 06:59:42 AM
21100B,N,O,04/06/2026 07:59:49 PM
21101A,N,O,04/07/2026 08:21:11 AM
21101B,N,V,04/07/2026 07:59:35 AM
21102A,N,V,04/07/2026 07:59:36 AM
21102B,N,O,04/07/2026 07:33:32 AM
21103A,N,V,04/07/2026 07:59:04 AM
21103B,N,V,04/07/2026 07:59:15 AM
21104A,N,V,04/07/2026 07:59:10 AM
21104B,N,V,04/07/2026 07:14:08 AM
21105A,N,O,04/06/2026 07:48:34 PM
21105B,N,O,04/07/2026 06:59:54 AM
21106A,N,O,04/07/2026 08:21:58 AM
21106B,N,V,04/06/2026 11:43:30 AM
21107A,N,O,04/06/2026 03:59:32 PM
21107B,N,O,04/07/2026 06:57:47 AM
21108A,N,O,04/06/2026 07:48:27 PM
21108B,N,V,04/07/2026 08:33:40 AM
21109A,N,V,04/06/2026 06:46:14 PM
21109B,N,O,04/07/2026 08:09:20 AM
2110A,N,O,04/06/2026 07:00:35 PM
2110B,N,O,04/06/2026 06:32:27 PM
2119A,N,O,04/06/2026 04:05:09 PM
2119B,N,O,04/06/2026 07:14:36 PM
211A,N,V,04/06/2026 09:52:43 PM
211B,N,V,04/06/2026 06:15:54 PM
2120A,N,O,04/06/2026 06:25:14 PM
2120B,N,O,04/06/2026 09:14:27 PM
212A,N,V,04/06/2026 07:36:25 PM
212B,N,O,04/06/2026 09:56:33 PM
2132A,N,O,04/06/2026 03:28:10 PM
2132B,N,O,04/06/2026 09:47:04 PM
2133A,N,O,04/06/2026 09:57:41 PM
2133B,N,O,04/06/2026 08:54:55 PM
213A,N,V,04/06/2026 08:15:13 PM
213B,N,O,04/06/2026 09:59:03 PM
2148A,N,O,04/06/2026 12:36:50 PM
2148B,N,O,04/06/2026 08:25:32 PM
2149A,N,O,04/06/2026 12:29:24 PM
2149B,N,O,04/06/2026 11:42:49 AM
214B,N,V,04/06/2026 09:32:43 PM
2150A,N,O,04/06/2026 08:31:25 PM
2150B,N,O,04/06/2026 10:29:46 AM
21523A,N,O,04/07/2026 06:56:48 AM
21524A,N,O,04/07/2026 08:02:39 AM
21524B,N,V,04/07/2026 08:35:50 AM
21525A,N,O,04/07/2026 07:00:00 AM
21526A,N,O,04/07/2026 08:23:47 AM
21526B,N,O,04/07/2026 08:12:17 AM
21527A,N,O,04/07/2026 06:57:44 AM
21527B,N,O,04/07/2026 08:20:25 AM
21528A,N,O,04/07/2026 08:10:46 AM
21528B,N,O,04/07/2026 08:28:07 AM
21529A,N,O,04/07/2026 07:55:07 AM
21529B,N,O,04/07/2026 08:33:38 AM
21530A,N,O,04/07/2026 08:04:13 AM
21530B,N,O,04/07/2026 08:17:41 AM
21531A,N,O,04/07/2026 06:58:54 AM
21532A,N,O,04/07/2026 08:19:34 AM
21532B,N,O,04/07/2026 08:17:48 AM
21533A,N,O,04/07/2026 08:22:35 AM
21534A,N,O,04/07/2026 07:24:12 AM
21534B,N,O,04/07/2026 08:26:12 AM
21535B,N,O,04/07/2026 07:01:37 AM
21536A,N,O,04/07/2026 08:01:33 AM
21536B,N,O,04/07/2026 08:01:26 AM
21537A,N,O,04/07/2026 06:57:47 AM
21537B,N,O,04/07/2026 06:57:47 AM
21538A,N,O,04/07/2026 06:56:55 AM
21538B,N,O,04/07/2026 08:15:17 AM
21539A,N,O,04/07/2026 08:05:41 AM
21539B,N,O,04/07/2026 06:56:17 AM
21540A,N,O,04/07/2026 08:27:48 AM
21540B,N,O,04/07/2026 08:16:53 AM
21541A,N,O,04/07/2026 06:58:47 AM
21541B,N,O,04/07/2026 08:19:21 AM
21542A,N,O,04/07/2026 08:07:17 AM
21542B,N,O,04/07/2026 08:09:03 AM
21543A,N,V,04/07/2026 08:36:53 AM
21544A,N,O,04/07/2026 06:55:47 AM
21544B,N,O,04/07/2026 06:55:47 AM
21545A,N,O,04/07/2026 08:13:58 AM
21545B,N,V,04/07/2026 08:05:35 AM
21546A,N,O,04/07/2026 06:58:49 AM
21546B,N,V,04/07/2026 08:05:25 AM
21547A,N,O,04/07/2026 06:57:53 AM
21547B,N,V,04/07/2026 08:27:39 AM
21548A,N,O,04/07/2026 07:48:23 AM
21548B,N,V,04/07/2026 07:55:17 AM
21549A,N,O,04/07/2026 06:55:42 AM
21549B,N,O,04/07/2026 08:14:16 AM
21550A,N,V,04/07/2026 08:20:56 AM
21550B,N,O,04/07/2026 06:59:56 AM
21551A,N,O,04/07/2026 08:09:16 AM
21551B,N,V,04/07/2026 07:48:39 AM
21552A,N,V,04/07/2026 08:17:40 AM
21552B,N,V,04/07/2026 07:47:06 AM
21553A,N,O,04/07/2026 06:56:49 AM
21553B,N,V,04/07/2026 07:52:52 AM
21554A,N,V,04/07/2026 08:34:41 AM
21554B,N,O,04/07/2026 07:22:59 AM
21555A,N,V,04/07/2026 08:05:39 AM
21555B,N,O,04/07/2026 07:18:25 AM
21556A,N,O,04/07/2026 06:58:50 AM
21556B,N,V,04/07/2026 08:16:53 AM
21557A,N,O,04/07/2026 08:28:53 AM
21557B,N,V,04/07/2026 08:04:04 AM
21558A,N,O,04/07/2026 08:30:02 AM
21558B,N,V,04/07/2026 08:01:25 AM
21559A,N,O,04/07/2026 06:55:52 AM
21559B,N,V,04/07/2026 07:51:55 AM
21560A,N,V,04/07/2026 08:19:24 AM
21560B,N,O,04/07/2026 08:02:28 AM
21561A,N,V,04/07/2026 08:22:39 AM
21561B,N,O,04/07/2026 06:58:48 AM
21562A,N,V,04/06/2026 07:37:39 PM
21562B,N,O,04/07/2026 06:57:52 AM
21563A,N,V,04/07/2026 08:01:33 AM
21563B,N,O,04/07/2026 06:56:52 AM
21564A,N,O,04/07/2026 08:25:33 AM
21564B,N,O,04/07/2026 07:51:12 AM
21565A,N,O,04/07/2026 08:23:36 AM
21565B,N,V,04/07/2026 07:56:00 AM
21566A,N,O,04/07/2026 08:14:35 AM
21566B,N,O,04/07/2026 08:32:22 AM
21567A,N,O,04/07/2026 08:32:31 AM
21568B,N,O,04/07/2026 08:13:42 AM
21573B,N,V,04/07/2026 08:17:54 AM
21574A,N,O,04/07/2026 08:09:15 AM
21574B,N,O,04/07/2026 08:11:25 AM
21575A,N,O,04/07/2026 06:59:51 AM
21575B,N,O,04/07/2026 06:59:51 AM
21589A,N,O,04/07/2026 06:55:48 AM
21589B,N,O,04/06/2026 11:07:05 AM
21590A,NU,O,05/28/2025 06:59:42 AM
21590B,NU,O,05/28/2025 09:25:12 AM
21591A,NU,O,05/28/2025 06:58:52 AM
21591B,NU,O,05/28/2025 07:54:35 AM
21592B,NU,O,05/28/2025 08:01:04 AM
21593A,N,O,04/06/2026 02:42:27 PM
21593B,N,V,04/06/2026 02:44:58 PM
21594A,N,V,04/07/2026 08:19:52 AM
21594B,N,V,04/07/2026 08:35:19 AM
21595A,N,V,04/06/2026 05:11:10 PM
21595B,N,V,04/07/2026 08:24:59 AM
21596A,NU,V,04/06/2026 02:53:41 PM
21596B,NU,V,04/06/2026 04:51:28 PM
21597A,N,V,04/07/2026 08:18:39 AM
21597B,N,O,04/07/2026 08:35:20 AM
21598A,N,V,04/05/2026 02:46:36 PM
21598B,N,V,04/02/2026 03:00:42 PM
21599A,N,O,04/02/2026 03:01:27 PM
21599B,N,V,04/02/2026 03:04:04 PM
215A,N,V,04/06/2026 09:24:32 PM
215B,N,V,04/06/2026 05:09:03 PM
21600A,N,V,04/02/2026 11:14:37 AM
21600B,N,V,04/02/2026 11:14:59 AM
21601A,N,O,04/07/2026 06:58:52 AM
21601B,N,O,04/07/2026 06:58:52 AM
21602A,N,O,04/07/2026 06:57:49 AM
21602B,N,O,04/07/2026 06:57:49 AM
21603A,N,O,04/07/2026 08:23:42 AM
21603B,N,O,04/07/2026 08:04:14 AM
21604A,N,O,04/07/2026 08:16:15 AM
21604B,N,O,04/07/2026 08:33:40 AM
21605A,N,O,04/07/2026 07:00:00 AM
21605B,N,O,04/07/2026 06:59:51 AM
21606A,N,O,04/07/2026 06:58:49 AM
21606B,N,O,04/07/2026 07:37:49 AM
21607A,N,O,04/07/2026 08:16:25 AM
21608A,N,V,04/07/2026 07:54:20 AM
21608B,N,O,04/07/2026 06:56:53 AM
21609A,N,V,04/06/2026 06:46:28 PM
21609B,N,V,04/07/2026 08:10:50 AM
2160A,N,O,04/06/2026 06:31:28 PM
2160B,N,O,04/06/2026 09:53:52 PM
21610A,N,V,04/04/2026 05:32:33 PM
21610B,N,O,04/07/2026 07:46:20 AM
21611A,N,O,04/07/2026 06:58:52 AM
21611B,N,O,04/07/2026 06:58:45 AM
21612A,N,V,04/06/2026 11:32:47 AM
21612B,N,V,04/06/2026 05:12:08 PM
21613A,N,V,04/05/2026 12:26:44 PM
21614A,N,V,04/06/2026 05:13:18 PM
21614B,N,V,04/06/2026 04:52:08 PM
21615A,N,V,04/06/2026 03:24:50 PM
21615B,N,V,04/06/2026 05:11:42 PM
21616A,N,V,04/06/2026 03:34:16 PM
21616B,N,V,04/03/2026 05:23:51 PM
21617A,N,V,04/06/2026 03:27:46 PM
21617B,N,V,04/07/2026 08:34:08 AM
21618A,N,V,04/06/2026 04:11:54 PM
21618B,N,V,04/05/2026 04:35:31 PM
21619A,N,V,04/06/2026 03:28:12 PM
21619B,N,V,04/06/2026 04:20:20 PM
2161A,N,O,04/06/2026 09:05:33 PM
2161B,N,V,04/06/2026 09:35:23 PM
21620A,N,V,04/07/2026 08:36:35 AM
21621A,N,V,04/06/2026 07:25:34 PM
21621B,N,V,04/06/2026 07:23:53 PM
21622A,N,O,04/06/2026 07:50:47 PM
21622B,N,V,04/06/2026 07:25:44 PM
21623A,N,V,04/06/2026 06:41:37 PM
21623B,N,V,04/06/2026 06:43:33 PM
21624A,N,V,04/06/2026 03:55:39 PM
21624B,N,V,04/06/2026 05:12:13 PM
21625A,N,V,04/06/2026 06:09:36 PM
21625B,N,V,04/06/2026 04:26:03 PM
21626A,N,V,04/06/2026 06:32:50 PM
21626B,N,V,04/06/2026 05:34:41 PM
21627B,N,V,04/06/2026 07:44:37 PM
2162B,N,O,04/06/2026 07:22:22 PM
21630A,N,O,04/07/2026 07:59:51 AM
21630B,N,O,04/07/2026 08:35:59 AM
21631A,N,O,04/07/2026 08:05:02 AM
21631B,N,O,04/07/2026 08:07:18 AM
21632B,N,O,04/07/2026 08:19:37 AM
21640A,N,O,04/07/2026 08:34:06 AM
21640B,N,O,04/07/2026 06:59:52 AM
21641A,N,V,02/16/2026 10:23:38 AM
21641B,N,V,04/07/2026 08:00:05 AM
21642A,N,V,04/06/2026 04:04:41 PM
21642B,N,V,04/07/2026 08:23:09 AM
21643A,N,V,04/07/2026 08:36:29 AM
21643B,N,O,04/07/2026 06:56:53 AM
21644A,N,V,04/06/2026 04:06:25 PM
21645A,N,V,04/06/2026 04:07:27 PM
21645B,N,O,02/16/2026 12:23:44 PM
21646A,N,V,02/16/2026 11:32:41 AM
21646B,N,V,02/16/2026 12:22:17 PM
21647A,N,O,04/07/2026 06:57:44 AM
21647B,N,V,02/14/2026 03:14:21 PM
21648A,NU,O,02/09/2026 02:09:45 PM
21648B,NU,V,02/09/2026 02:09:45 PM
21649B,N,V,02/16/2026 12:20:25 PM
2164A,N,O,04/06/2026 04:53:35 PM
2164B,N,O,04/06/2026 07:23:23 PM
21650B,N,V,02/15/2026 07:56:51 PM
21651A,N,V,04/07/2026 08:36:13 AM
21651B,N,V,02/15/2026 06:40:56 PM
21652A,N,V,02/14/2026 03:28:35 PM
21652B,N,V,04/07/2026 07:30:16 AM
21653A,N,O,02/16/2026 12:16:18 PM
21653B,N,V,02/16/2026 10:09:22 AM
21654A,N,O,04/07/2026 08:36:28 AM
21654B,N,V,02/15/2026 03:34:35 PM
21655A,N,V,02/16/2026 11:39:24 AM
21655B,N,V,02/16/2026 11:16:16 AM
21656A,N,V,02/14/2026 03:26:49 PM
21656B,N,V,04/06/2026 06:26:41 PM
21657B,N,V,04/06/2026 04:13:26 PM
21658A,N,V,04/06/2026 04:14:15 PM
21658B,N,V,04/06/2026 04:14:15 PM
21659A,N,V,04/07/2026 08:31:57 AM
21659B,N,O,02/16/2026 12:07:09 PM
2165A,N,O,04/06/2026 07:57:03 PM
2165B,N,O,04/06/2026 10:44:57 AM
21660A,N,O,04/07/2026 06:59:58 AM
21660B,N,O,04/07/2026 06:59:48 AM
21661A,NU,O,02/16/2026 06:58:50 AM
2166A,N,O,04/06/2026 08:52:06 PM
2166B,N,O,04/06/2026 09:42:19 PM
2167A,N,O,04/06/2026 09:17:08 PM
2167B,N,O,04/06/2026 08:22:53 PM
216A,N,O,04/06/2026 09:56:58 PM
216B,N,V,04/06/2026 05:42:58 PM
21700A,N,O,04/07/2026 07:59:55 AM
21700B,N,O,04/07/2026 07:59:51 AM
21701A,N,O,04/07/2026 07:58:45 AM
21701B,N,O,04/07/2026 07:58:41 AM
21702A,N,O,04/07/2026 08:31:12 AM
21702B,N,O,04/07/2026 08:31:02 AM
21703A,N,O,04/07/2026 07:56:51 AM
21703B,N,O,04/07/2026 07:56:51 AM
217A,N,V,04/06/2026 05:34:41 PM
217B,N,V,04/06/2026 04:52:51 PM
218A,N,V,04/06/2026 08:17:25 PM
218B,N,V,04/06/2026 09:58:07 PM
21A,N,V,04/06/2026 08:26:27 PM
21B,N,V,04/06/2026 09:48:45 PM
22001A,N,V,04/06/2026 09:58:49 PM
22001B,N,O,04/06/2026 09:56:07 PM
22002A,N,O,04/06/2026 07:25:57 PM
22002B,N,V,04/06/2026 09:30:23 PM
22003A,N,V,04/06/2026 09:55:33 PM
22003B,N,O,04/06/2026 06:19:33 PM
22004A,N,O,04/06/2026 02:25:00 PM
22004B,N,O,04/06/2026 05:24:12 PM
22005A,N,O,04/06/2026 05:07:31 PM
22006A,N,O,04/06/2026 08:58:43 AM
22006B,N,O,04/06/2026 08:58:51 AM
22007A,N,O,04/06/2026 01:05:46 PM
22007B,N,O,04/06/2026 04:30:56 PM
22008A,N,V,04/06/2026 09:49:50 PM
22008B,N,O,04/06/2026 05:13:35 PM
22009A,N,O,04/06/2026 06:00:37 PM
22009B,N,O,04/06/2026 04:58:17 PM
22010A,N,O,04/06/2026 04:05:57 PM
22010B,N,O,04/06/2026 06:45:39 PM
22012A,N,O,04/06/2026 06:46:54 PM
22012B,N,O,04/06/2026 08:21:15 PM
22013A,N,O,04/06/2026 04:18:45 PM
22013B,N,O,04/06/2026 03:44:04 PM
22014A,N,O,04/06/2026 10:07:19 AM
22014B,N,O,04/06/2026 04:53:03 PM
22015A,N,O,04/06/2026 08:19:50 PM
22015B,N,O,04/06/2026 05:37:06 PM
22016A,N,O,04/06/2026 02:30:46 PM
22016B,N,O,04/06/2026 02:07:12 PM
22017A,N,V,04/06/2026 09:00:28 PM
22018A,N,V,04/06/2026 09:19:29 PM
22018B,N,V,04/06/2026 09:15:47 PM
22020A,N,O,04/06/2026 07:33:51 PM
22021A,N,O,04/06/2026 09:21:27 PM
22021B,N,O,04/06/2026 08:48:27 PM
22022A,N,O,04/06/2026 08:54:32 PM
22022B,N,O,04/06/2026 09:07:45 PM
22023A,N,O,04/06/2026 08:22:23 PM
22023B,N,O,04/06/2026 08:34:03 PM
22024A,N,O,04/06/2026 09:05:11 PM
22024B,N,V,04/06/2026 09:55:43 PM
22025A,N,O,04/06/2026 09:31:16 PM
22025B,N,O,04/06/2026 09:09:50 PM
22026A,N,O,04/06/2026 06:59:03 PM
22026B,N,O,04/06/2026 07:26:20 PM
22027A,N,O,04/06/2026 05:26:30 PM
22027B,N,O,04/06/2026 06:33:15 PM
22028A,N,O,04/06/2026 08:06:24 PM
22028B,N,O,04/06/2026 09:23:07 PM
22029B,N,V,04/06/2026 09:57:25 PM
22031A,N,O,04/06/2026 08:17:18 PM
22031B,N,V,04/06/2026 08:17:18 PM
22032A,N,V,04/06/2026 03:55:49 PM
22032B,N,O,04/06/2026 03:37:40 PM
22033B,N,O,04/06/2026 08:48:08 PM
22034A,N,O,04/06/2026 09:45:36 PM
22034B,N,O,04/06/2026 08:55:38 PM
22035A,N,O,04/06/2026 07:31:10 PM
22035B,N,O,04/06/2026 08:59:49 AM
22036A,N,O,04/06/2026 09:02:04 PM
22036B,N,O,04/06/2026 07:45:22 PM
22037A,N,O,04/06/2026 08:35:59 PM
22038A,N,V,04/06/2026 09:01:08 PM
22038B,N,V,04/06/2026 06:15:27 PM
22039A,N,V,04/06/2026 09:38:06 PM
22039B,N,V,04/06/2026 09:55:54 PM
22040A,N,V,04/06/2026 09:26:42 PM
22040B,N,V,04/06/2026 09:19:59 PM
22041A,N,V,04/06/2026 09:55:47 PM
22041B,N,V,04/06/2026 09:57:40 PM
22042A,N,O,04/06/2026 08:41:23 PM
22042B,N,O,04/06/2026 06:02:14 PM
22043A,N,O,04/06/2026 08:56:49 AM
22043B,N,O,04/06/2026 08:49:25 PM
22044A,N,O,04/06/2026 08:44:51 PM
22044B,N,V,04/06/2026 09:37:31 PM
22045A,N,O,04/06/2026 09:35:13 PM
22045B,N,O,04/06/2026 12:19:09 PM
22046A,N,O,04/06/2026 12:10:41 PM
22046B,N,O,04/06/2026 09:43:26 PM
22047A,N,O,04/06/2026 09:12:58 PM
22047B,N,O,04/06/2026 09:12:55 PM
22048A,N,O,04/06/2026 08:56:44 AM
22048B,N,V,04/06/2026 09:38:40 PM
22049A,N,O,04/06/2026 04:07:32 PM
22049B,N,O,04/06/2026 09:58:24 PM
22050A,N,O,04/05/2026 08:59:49 AM
22050B,N,V,04/06/2026 09:32:38 PM
22051A,N,O,04/06/2026 08:58:41 AM
22051B,N,O,04/06/2026 04:56:51 PM
22052A,N,O,04/06/2026 09:41:04 PM
22053A,N,O,04/06/2026 09:28:43 PM
22053B,N,O,04/06/2026 07:46:44 PM
22054A,N,O,04/06/2026 08:25:16 PM
22054B,N,O,04/06/2026 09:21:09 PM
22055B,N,O,04/06/2026 08:59:49 AM
22059A,N,O,04/06/2026 09:21:47 PM
22059B,N,O,04/06/2026 09:23:56 PM
22060A,N,O,04/06/2026 03:52:38 PM
22060B,N,O,04/06/2026 09:59:59 AM
22061A,N,O,04/06/2026 05:12:15 PM
22062A,N,V,04/06/2026 09:55:35 PM
22062B,N,O,04/06/2026 09:56:09 PM
22063A,N,O,04/06/2026 09:57:23 AM
22063B,N,V,04/06/2026 09:03:11 PM
22065A,N,O,04/06/2026 08:59:54 AM
22066A,N,V,04/06/2026 09:58:58 PM
22066B,N,O,04/06/2026 07:13:23 PM
22067A,N,O,04/06/2026 08:02:19 PM
22067B,N,O,04/06/2026 08:57:51 AM
22068A,N,V,04/06/2026 09:51:35 PM
22068B,N,V,04/06/2026 09:58:15 PM
22069A,N,O,04/06/2026 06:33:50 PM
22069B,N,O,04/06/2026 05:31:20 PM
22070A,N,O,04/06/2026 12:48:32 PM
22071A,N,O,04/06/2026 05:57:39 PM
22071B,N,O,04/06/2026 09:32:57 PM
22072A,N,O,04/06/2026 09:09:56 PM
22072B,N,O,04/06/2026 05:36:24 PM
22073A,N,O,04/06/2026 06:25:40 PM
22073B,N,O,04/06/2026 09:24:21 PM
22074A,N,V,04/06/2026 09:46:31 PM
22074B,N,O,04/06/2026 07:29:34 PM
22075A,N,O,04/06/2026 07:15:50 PM
22075B,N,O,04/06/2026 05:17:35 PM
22076A,N,O,04/06/2026 04:42:29 PM
22076B,N,V,04/06/2026 02:45:47 PM
22077A,N,O,04/06/2026 08:32:03 PM
22077B,N,O,04/06/2026 08:50:39 PM
22078A,N,V,04/06/2026 06:57:06 PM
22078B,N,O,04/06/2026 07:49:05 PM
22080A,N,O,04/06/2026 10:00:37 AM
22080B,N,O,04/06/2026 09:59:59 AM
22081A,N,O,04/06/2026 09:54:56 PM
22081B,N,O,04/06/2026 09:58:48 AM
22082A,N,O,04/06/2026 09:57:51 AM
22082B,N,O,04/06/2026 05:10:34 PM
22083A,N,O,04/06/2026 09:56:50 AM
22083B,N,O,04/05/2026 09:58:08 AM
22084A,N,V,04/06/2026 09:53:48 PM
22084B,N,O,04/06/2026 09:55:51 AM
22085A,N,O,04/06/2026 10:00:27 AM
22085B,N,V,04/06/2026 07:58:29 PM
22086A,N,O,04/06/2026 09:59:01 AM
22086B,N,O,04/06/2026 09:58:53 AM
22087A,N,O,04/06/2026 03:33:36 PM
22087B,N,O,04/06/2026 09:57:54 AM
22088A,N,O,04/06/2026 04:02:31 PM
22088B,N,O,04/05/2026 09:56:48 AM
22089A,N,O,04/06/2026 09:55:56 AM
22089B,N,O,04/06/2026 12:27:52 PM
22090A,N,O,04/06/2026 12:28:03 PM
22090B,N,O,04/06/2026 09:59:58 PM
22091A,N,O,04/04/2026 12:30:41 PM
22091B,N,O,04/06/2026 03:32:27 PM
22092A,N,O,04/06/2026 10:16:02 AM
22092B,N,O,04/06/2026 09:57:46 AM
22093A,N,O,04/06/2026 09:56:48 AM
22093B,N,O,04/06/2026 01:49:47 PM
22094A,N,O,04/06/2026 05:19:03 PM
22094B,N,O,04/06/2026 09:55:51 AM
22095A,N,O,04/06/2026 02:48:39 PM
22095B,N,O,04/06/2026 09:59:51 AM
22096A,N,O,04/06/2026 11:01:24 AM
22096B,N,O,04/06/2026 09:58:55 AM
22097A,N,O,04/06/2026 09:57:55 AM
22097B,N,O,04/06/2026 06:46:58 PM
22098A,N,O,04/06/2026 08:56:41 AM
22098B,N,O,04/06/2026 08:56:44 AM
22099A,N,O,04/06/2026 08:55:52 AM
22099B,N,O,04/06/2026 08:55:56 AM
22100A,N,O,04/05/2026 11:31:13 AM
22100B,N,O,04/06/2026 08:59:52 AM
22101A,N,O,04/06/2026 08:58:49 AM
22101B,N,O,04/06/2026 08:58:49 AM
22102A,N,O,04/05/2026 11:44:23 AM
22102B,N,O,04/06/2026 05:21:18 PM
22103B,N,O,04/06/2026 07:17:46 PM
22104A,N,O,04/06/2026 08:55:46 AM
22104B,N,O,04/06/2026 05:55:37 PM
22105A,NU,O,04/05/2026 08:59:51 AM
22105B,NU,O,04/06/2026 08:59:54 AM
22106A,N,O,04/06/2026 08:58:44 AM
22106B,N,O,04/05/2026 08:59:19 AM
22110A,N,O,04/06/2026 08:59:52 AM
22110B,N,O,04/06/2026 08:59:52 AM
22111A,N,O,04/06/2026 08:58:48 AM
22111B,N,O,04/05/2026 08:58:56 AM
22112A,N,O,04/06/2026 08:57:58 AM
22112B,N,O,04/06/2026 02:59:12 PM
22113A,N,O,04/06/2026 08:57:00 AM
22113B,N,O,04/06/2026 08:57:17 AM
22114A,N,O,04/06/2026 08:55:49 AM
22114B,N,O,04/06/2026 08:55:49 AM
22115A,N,O,04/06/2026 12:07:46 PM
22115B,N,O,04/06/2026 08:12:38 PM
22116A,N,O,04/06/2026 08:58:47 AM
22116B,N,O,04/04/2026 08:58:48 AM
22117A,N,O,04/06/2026 08:57:48 AM
22117B,N,O,04/06/2026 08:57:52 AM
22118A,N,O,04/06/2026 08:57:11 AM
22118B,N,O,04/06/2026 08:56:47 AM
22119A,N,O,04/06/2026 08:56:33 AM
22120A,N,V,04/06/2026 05:55:14 PM
22120B,N,V,04/06/2026 07:33:25 PM
22121A,N,V,04/06/2026 07:53:17 PM
22121B,N,V,04/06/2026 10:51:25 AM
22122A,N,O,04/06/2026 03:47:41 PM
22122B,N,O,04/06/2026 08:09:46 PM
22123A,N,O,04/05/2026 07:34:26 PM
22123B,N,V,04/06/2026 07:55:08 PM
22125B,N,O,04/06/2026 08:59:17 PM
22126A,N,O,04/06/2026 09:05:03 PM
22126B,N,O,04/06/2026 08:59:24 AM
22127A,N,O,04/06/2026 09:49:16 PM
22127B,N,V,04/06/2026 08:21:38 PM
22128A,N,O,04/06/2026 09:50:23 PM
22128B,N,V,04/06/2026 09:27:03 PM
22129A,N,V,04/06/2026 09:21:44 PM
22129B,N,V,04/06/2026 09:21:44 PM
22130A,N,V,04/06/2026 06:14:31 PM
22130B,N,V,04/06/2026 09:50:42 PM
22131A,N,V,04/06/2026 09:41:30 PM
22131B,N,V,04/06/2026 06:27:32 PM
22132A,N,O,04/06/2026 03:36:35 PM
22132B,N,V,04/06/2026 05:40:07 PM
22133A,N,O,04/06/2026 09:46:05 PM
22133B,N,V,04/06/2026 09:58:35 PM
22134A,N,V,04/06/2026 07:58:52 PM
22135B,N,V,04/06/2026 09:59:28 PM
22136A,N,V,04/06/2026 09:12:03 PM
22136B,N,V,04/06/2026 08:02:05 PM
22137A,N,V,04/06/2026 08:42:56 PM
22137B,N,V,04/06/2026 08:42:56 PM
22138A,N,O,04/06/2026 09:42:52 PM
22139A,N,V,04/06/2026 05:21:09 PM
22139B,N,V,04/06/2026 09:59:24 PM
22140A,N,O,04/06/2026 09:51:03 PM
22140B,N,O,04/06/2026 03:05:31 PM
22141A,N,O,04/06/2026 06:59:12 PM
22141B,N,O,04/06/2026 09:55:49 PM
22142A,N,O,04/06/2026 12:28:32 PM
22142B,N,O,04/06/2026 09:59:59 PM
22143A,N,O,04/06/2026 09:29:22 PM
22143B,N,V,04/06/2026 09:58:13 PM
22144A,N,O,04/06/2026 07:58:35 PM
22144B,N,O,04/06/2026 09:24:23 PM
22145A,N,O,04/06/2026 07:15:41 PM
22145B,N,O,04/06/2026 09:57:02 PM
22146A,N,O,04/06/2026 12:05:58 PM
22146B,N,O,04/06/2026 12:48:26 PM
22147A,N,V,04/06/2026 09:27:22 PM
22147B,N,O,04/06/2026 06:40:38 PM
22148A,N,V,04/06/2026 09:46:25 PM
22148B,N,V,04/06/2026 09:56:15 PM
22149A,N,O,04/06/2026 08:32:26 PM
22149B,N,O,04/06/2026 06:42:12 PM
22150A,N,O,04/06/2026 08:22:38 PM
22150B,N,O,04/06/2026 08:38:06 PM
22151A,N,O,04/06/2026 07:09:26 PM
22151B,N,O,04/06/2026 07:06:20 PM
22152A,N,V,04/06/2026 08:17:02 PM
22152B,N,O,04/06/2026 09:18:33 PM
22153A,N,O,04/06/2026 03:25:53 PM
22153B,N,O,04/06/2026 12:40:59 PM
22154A,N,V,04/06/2026 09:01:48 PM
22154B,N,O,04/06/2026 05:39:45 PM
22155A,N,O,04/06/2026 09:39:41 PM
22155B,N,O,04/06/2026 09:18:21 PM
22156A,N,O,04/06/2026 05:08:41 PM
22156B,N,V,04/06/2026 07:53:04 PM
22157A,N,O,04/06/2026 07:09:30 PM
22157B,N,O,04/06/2026 01:58:14 PM
22158A,N,V,04/06/2026 05:22:02 PM
22161A,N,O,04/06/2026 07:38:39 PM
22161B,N,O,04/06/2026 08:58:32 PM
22162A,N,O,04/06/2026 09:03:59 PM
22162B,N,O,04/06/2026 01:18:56 PM
22163A,N,O,04/06/2026 10:04:09 AM
22163B,N,V,04/06/2026 05:27:12 PM
22164A,N,V,04/06/2026 09:56:35 PM
22164B,N,O,04/06/2026 09:51:41 PM
22165A,N,V,04/06/2026 09:41:56 PM
22165B,N,V,04/06/2026 09:44:18 PM
22166A,N,V,04/06/2026 05:40:18 PM
22166B,N,O,04/06/2026 05:19:52 PM
22167A,N,O,04/06/2026 07:45:38 PM
22167B,N,V,04/06/2026 07:53:23 PM
22168A,N,V,04/06/2026 09:31:36 PM
22168B,N,O,04/06/2026 07:40:09 PM
22169A,N,V,04/06/2026 09:18:23 PM
22170A,N,O,04/06/2026 09:26:26 PM
22170B,N,V,04/06/2026 08:29:12 PM
22171A,N,V,04/06/2026 09:52:22 PM
22171B,N,O,04/06/2026 07:13:34 PM
22172A,N,O,04/06/2026 07:21:21 PM
22172B,N,O,04/06/2026 09:24:59 PM
22173A,N,O,04/06/2026 06:57:13 PM
22173B,N,V,04/06/2026 09:55:31 PM
22174A,N,V,04/06/2026 09:51:34 PM
22174B,N,O,04/06/2026 08:47:55 PM
22175A,N,O,04/06/2026 09:40:04 PM
22175B,N,O,04/06/2026 07:38:05 PM
22176A,N,O,04/06/2026 09:27:24 PM
22176B,N,O,04/06/2026 08:12:27 PM
22177A,N,O,04/06/2026 08:32:25 PM
22177B,N,O,04/06/2026 08:57:53 AM
22178A,N,V,04/06/2026 09:59:27 PM
22178B,N,O,04/06/2026 06:59:16 PM
22179A,N,O,04/06/2026 08:30:34 PM
22179B,N,O,04/06/2026 08:57:41 PM
22180A,N,O,04/06/2026 07:58:58 PM
22180B,N,O,04/06/2026 08:38:17 PM
22181A,N,V,04/06/2026 09:52:49 PM
22181B,N,O,04/06/2026 04:36:49 PM
22182A,N,O,04/06/2026 09:34:08 PM
22182B,N,O,04/06/2026 03:42:50 PM
22183A,N,O,04/06/2026 07:26:21 PM
22183B,N,O,04/06/2026 08:34:56 PM
22184A,N,V,04/06/2026 09:32:05 PM
22184B,N,V,04/06/2026 09:44:43 PM
22185A,N,O,04/06/2026 09:45:51 PM
22185B,N,O,04/06/2026 03:31:47 PM
22186A,N,V,04/06/2026 09:59:57 PM
22186B,N,O,04/06/2026 08:35:49 PM
22187A,N,O,04/06/2026 09:44:18 PM
22187B,N,V,04/06/2026 09:58:30 PM
22188A,N,O,04/06/2026 09:55:10 PM
22188B,N,V,04/06/2026 08:37:03 PM
22189A,N,V,04/06/2026 08:47:54 PM
22189B,N,V,04/06/2026 08:23:04 PM
22190B,N,O,04/06/2026 09:39:59 PM
22191A,N,V,04/06/2026 09:58:08 PM
22191B,N,V,04/06/2026 09:49:02 PM
22192A,N,V,04/06/2026 07:39:04 PM
22192B,N,O,04/06/2026 09:56:05 PM
22193A,N,V,04/06/2026 05:18:29 PM
22193B,N,O,04/06/2026 01:58:17 PM
22194A,N,V,04/06/2026 05:39:32 PM
22194B,N,V,04/06/2026 09:49:13 PM
22195A,N,V,04/06/2026 09:12:59 PM
22195B,N,V,04/06/2026 09:16:18 PM
22196A,N,V,04/06/2026 09:15:00 PM
22196B,N,V,04/06/2026 06:12:36 PM
22197A,N,O,04/06/2026 02:10:49 PM
22197B,N,V,04/06/2026 06:06:18 PM
22198A,N,O,04/06/2026 09:28:52 PM
22198B,N,V,04/06/2026 06:44:44 PM
22199A,N,O,04/06/2026 08:47:32 PM
22199B,N,V,04/06/2026 08:46:07 PM
22200A,N,O,04/06/2026 09:29:06 PM
22200B,N,O,04/06/2026 08:11:49 PM
22201A,N,V,04/06/2026 08:06:10 PM
22201B,N,O,04/06/2026 08:17:32 PM
22202A,N,O,04/06/2026 09:44:23 PM
22202B,N,V,04/06/2026 07:03:21 PM
22203A,N,V,04/06/2026 09:43:52 PM
22204A,N,O,04/06/2026 09:45:17 PM
22204B,N,V,04/06/2026 08:53:54 PM
22205A,N,V,04/06/2026 09:49:21 PM
22206A,N,V,04/06/2026 06:04:05 PM
22206B,N,V,04/06/2026 06:03:16 PM
22207A,N,O,04/06/2026 09:13:30 PM
22207B,N,V,04/06/2026 06:25:30 PM
22208A,N,O,04/06/2026 05:09:48 PM
22208B,N,V,04/06/2026 05:40:37 PM
22209A,N,O,04/06/2026 02:41:04 PM
22209B,N,O,04/06/2026 09:16:40 PM
22210A,N,V,04/06/2026 09:08:56 PM
22210B,N,O,04/06/2026 06:12:53 PM
22211A,N,O,04/06/2026 09:34:12 PM
22211B,N,O,04/06/2026 07:43:37 PM
22213B,N,O,04/06/2026 04:33:03 PM
22215A,N,O,04/06/2026 05:27:33 PM
22215B,N,O,04/06/2026 01:43:29 PM
22216A,N,O,04/06/2026 08:59:17 PM
22216B,N,O,04/06/2026 04:45:47 PM
22217A,N,O,04/06/2026 09:47:25 PM
22217B,N,O,04/06/2026 09:22:17 PM
22218A,N,O,04/06/2026 08:24:15 PM
22218B,N,O,04/06/2026 05:03:56 PM
22219A,N,O,04/06/2026 07:04:55 PM
22219B,N,O,04/06/2026 09:53:46 PM
22220A,N,O,04/06/2026 08:19:20 PM
22220B,N,O,04/06/2026 08:06:49 PM
22221A,N,O,04/06/2026 08:33:36 PM
22221B,N,O,04/06/2026 01:28:42 PM
22222A,N,O,04/06/2026 06:41:52 PM
22222B,N,O,04/06/2026 09:10:11 PM
22223A,N,O,04/06/2026 04:13:28 PM
22225A,N,O,04/06/2026 08:42:13 PM
22225B,N,O,04/06/2026 07:06:23 PM
22226A,N,O,04/06/2026 07:13:41 PM
22226B,N,O,04/06/2026 09:23:23 PM
22227A,N,O,04/06/2026 04:15:48 PM
22228A,N,O,04/06/2026 01:58:49 PM
22228B,N,O,04/06/2026 08:56:50 AM
22229A,N,O,04/06/2026 06:55:29 PM
22229B,N,O,04/06/2026 06:18:15 PM
2222B,N,O,04/06/2026 08:49:51 AM
22230A,N,O,04/06/2026 05:40:23 PM
22230B,N,O,04/06/2026 08:59:52 AM
22231A,N,O,04/06/2026 09:57:08 PM
22231B,N,O,04/06/2026 07:25:34 PM
22232A,N,O,04/06/2026 06:38:37 PM
22232B,N,O,04/06/2026 06:14:08 PM
22237A,N,O,04/06/2026 06:35:12 PM
22237B,N,O,04/06/2026 04:42:14 PM
22238A,N,O,04/06/2026 09:36:28 PM
22238B,N,O,04/06/2026 06:02:43 PM
22239A,N,O,04/06/2026 06:05:07 PM
22239B,N,O,04/06/2026 07:02:57 PM
22240A,N,V,04/06/2026 03:07:54 PM
22240B,N,O,04/06/2026 08:45:41 PM
22241A,N,O,04/06/2026 08:58:41 PM
22241B,N,O,04/06/2026 07:33:39 PM
22242A,N,O,04/06/2026 08:58:05 PM
22242B,N,O,04/06/2026 09:24:12 AM
22243A,N,O,04/06/2026 03:03:08 PM
22243B,N,O,04/06/2026 05:08:48 PM
22244A,N,O,04/06/2026 02:31:22 PM
22244B,N,O,04/06/2026 08:13:38 PM
22245A,N,O,04/06/2026 06:09:35 PM
22245B,N,O,04/06/2026 08:26:16 PM
22246A,N,O,04/06/2026 07:37:06 PM
22246B,N,O,04/06/2026 08:37:17 PM
22247A,N,V,04/06/2026 07:35:32 PM
22247B,N,O,04/06/2026 08:57:41 AM
22248A,N,O,04/06/2026 09:01:36 PM
22248B,N,O,04/06/2026 09:08:04 PM
22249B,N,O,04/06/2026 07:49:18 PM
22250B,N,O,04/06/2026 09:58:58 PM
22251A,N,O,04/06/2026 11:09:11 AM
22251B,N,O,04/06/2026 09:26:17 PM
22252B,N,O,04/06/2026 08:57:46 AM
22254A,N,O,04/06/2026 04:00:08 PM
22254B,N,O,04/06/2026 09:43:32 PM
22255A,N,O,04/06/2026 11:58:54 AM
22255B,N,O,04/06/2026 04:11:43 PM
22256A,N,O,04/06/2026 09:51:58 PM
22256B,N,O,04/06/2026 04:43:41 PM
22257B,N,O,04/06/2026 01:11:58 PM
22260A,N,O,04/06/2026 09:17:54 PM
22260B,N,O,04/06/2026 09:12:21 PM
22261A,N,O,04/06/2026 06:01:44 PM
22261B,N,O,04/06/2026 09:49:38 PM
22262A,N,O,04/06/2026 08:53:39 PM
22262B,N,V,04/06/2026 09:59:13 PM
22263A,N,O,04/06/2026 09:35:35 PM
22263B,N,O,04/06/2026 08:50:55 PM
22264A,N,O,04/06/2026 04:52:23 PM
22264B,N,O,04/06/2026 09:37:40 PM
22265A,N,V,04/06/2026 09:31:02 PM
22266A,N,O,04/06/2026 06:50:46 PM
22266B,N,V,04/06/2026 09:35:06 PM
22267B,N,O,04/06/2026 05:44:37 PM
22275A,N,O,04/06/2026 04:01:14 PM
22275B,N,O,04/06/2026 08:16:29 PM
22276A,N,O,04/06/2026 08:05:43 PM
22276B,N,O,04/06/2026 09:30:36 PM
22277A,N,O,04/06/2026 09:47:59 PM
22277B,N,O,04/06/2026 08:47:12 PM
22278A,N,O,04/06/2026 09:43:32 PM
22278B,N,O,04/06/2026 09:53:48 PM
22280A,N,O,04/06/2026 07:37:13 PM
22280B,N,O,04/06/2026 03:27:04 PM
22281A,N,O,04/06/2026 04:39:42 PM
22281B,N,V,04/06/2026 09:57:16 PM
22282A,N,O,04/06/2026 04:54:12 PM
22282B,N,O,04/06/2026 04:33:59 PM
22283A,N,O,04/06/2026 09:25:07 PM
22283B,N,V,04/06/2026 09:35:00 PM
22284A,N,O,04/06/2026 09:13:22 PM
22284B,N,O,04/06/2026 05:29:47 PM
22285A,N,O,04/06/2026 09:00:05 AM
22285B,N,O,04/06/2026 05:18:03 PM
22286A,N,O,04/06/2026 07:43:53 PM
22286B,N,O,04/06/2026 04:11:47 PM
22287A,N,O,04/06/2026 08:06:26 PM
22287B,N,O,04/06/2026 06:55:42 PM
22288A,N,O,04/06/2026 08:56:45 AM
22288B,N,O,04/06/2026 08:56:45 AM
22289A,N,O,04/06/2026 04:31:02 PM
22289B,N,O,04/06/2026 06:03:03 PM
22290A,N,O,04/06/2026 01:47:00 PM
22290B,N,O,04/06/2026 03:35:03 PM
22291A,N,O,04/06/2026 04:32:47 PM
22291B,N,O,04/06/2026 06:23:43 PM
22292A,N,O,04/06/2026 12:20:51 PM
22292B,N,O,04/06/2026 08:57:45 AM
22293A,N,O,04/06/2026 08:56:48 AM
22293B,N,O,04/06/2026 08:56:52 AM
22294A,N,O,04/06/2026 09:47:52 PM
22294B,N,O,04/06/2026 07:16:23 PM
22295A,N,O,04/06/2026 09:45:55 PM
22295B,N,O,04/06/2026 05:53:41 PM
22296A,N,O,04/06/2026 07:02:08 PM
22296B,N,O,04/06/2026 09:12:21 PM
22297B,N,O,04/06/2026 09:48:06 PM
22298A,N,O,04/06/2026 08:35:23 PM
22298B,N,V,04/06/2026 09:37:54 PM
22299A,N,O,04/05/2026 05:11:58 PM
22299B,N,O,04/06/2026 09:58:52 PM
22301A,N,O,04/06/2026 06:29:44 PM
22301B,N,O,04/06/2026 08:58:40 AM
22302A,N,O,04/06/2026 04:38:26 PM
22302B,N,O,04/06/2026 02:46:30 PM
22303A,N,O,04/06/2026 06:04:15 PM
22303B,N,V,04/06/2026 09:10:23 PM
22304A,N,O,04/06/2026 08:02:57 PM
22304B,N,O,04/06/2026 09:16:58 PM
22305A,N,O,04/06/2026 06:14:46 PM
22305B,N,O,04/06/2026 07:10:55 PM
22306A,N,O,04/06/2026 07:25:38 PM
22306B,N,O,04/06/2026 09:24:08 PM
22307A,N,O,04/06/2026 05:37:41 PM
22307B,N,O,04/06/2026 06:08:33 PM
22308A,N,O,04/06/2026 07:06:33 PM
22308B,N,V,04/06/2026 08:54:59 PM
22309A,N,O,04/06/2026 09:58:11 PM
22309B,N,O,04/06/2026 07:04:54 PM
22310A,N,V,04/06/2026 08:48:52 PM
22310B,N,V,04/06/2026 09:12:54 PM
22311A,N,V,04/06/2026 08:56:35 PM
22312B,N,V,04/06/2026 09:19:12 PM
22313A,N,O,04/06/2026 08:47:14 PM
22313B,N,V,04/06/2026 09:41:58 PM
22314A,N,O,04/06/2026 07:37:11 PM
22314B,N,O,04/06/2026 07:28:39 PM
22315A,N,O,04/06/2026 08:09:35 PM
22315B,N,V,04/06/2026 09:13:03 PM
22316A,N,V,04/06/2026 09:50:40 PM
22316B,N,O,04/06/2026 09:42:40 PM
22317A,N,V,04/06/2026 09:07:44 PM
22317B,N,O,04/06/2026 08:01:09 PM
22319A,N,O,04/06/2026 09:32:25 PM
22319B,N,O,04/06/2026 08:55:52 AM
2231A,NU,O,04/06/2026 06:28:04 PM
2231B,NU,V,04/06/2026 09:18:03 PM
22320A,N,V,04/06/2026 09:55:44 PM
22320B,N,V,04/06/2026 09:49:53 PM
22321A,N,O,04/06/2026 08:30:48 PM
22321B,N,O,04/06/2026 08:24:35 PM
22322B,N,O,04/06/2026 06:33:49 PM
22323A,N,O,04/06/2026 02:45:03 PM
22323B,N,O,04/06/2026 07:49:00 PM
22324A,N,O,04/06/2026 09:24:24 PM
22324B,N,O,04/06/2026 09:45:48 PM
22325A,N,O,04/06/2026 09:59:54 PM
22325B,N,O,04/06/2026 08:57:03 PM
22326A,N,O,04/06/2026 09:46:12 PM
22326B,N,O,04/06/2026 09:59:28 PM
22327A,N,O,04/06/2026 07:46:56 PM
22327B,N,O,04/06/2026 09:31:14 PM
22328A,N,O,04/06/2026 01:22:40 PM
22328B,N,O,04/06/2026 08:56:48 AM
22329A,N,O,04/06/2026 08:27:19 PM
22329B,N,O,04/06/2026 08:55:49 AM
2232A,N,O,04/06/2026 03:22:10 PM
2232B,N,O,04/06/2026 08:57:45 AM
22330A,N,O,04/06/2026 06:23:05 PM
22330B,N,O,04/06/2026 09:44:10 PM
22331A,N,O,04/06/2026 06:37:07 PM
22331B,N,O,04/06/2026 09:53:33 PM
22332A,N,O,04/06/2026 09:47:10 PM
22332B,N,O,04/06/2026 09:49:37 PM
22333B,N,O,04/06/2026 09:12:41 PM
22334A,N,O,04/06/2026 09:29:22 PM
22334B,N,V,04/06/2026 09:58:59 PM
22335A,N,O,04/06/2026 09:57:07 PM
22335B,N,O,04/06/2026 07:47:44 PM
22336A,N,O,04/06/2026 04:59:13 PM
22336B,N,O,04/06/2026 09:18:40 PM
22337A,N,O,04/06/2026 09:12:10 PM
22337B,N,O,04/06/2026 06:53:52 PM
22338A,N,O,04/06/2026 09:25:09 PM
22338B,N,O,04/06/2026 10:12:48 AM
22339A,N,O,04/06/2026 09:48:19 PM
22339B,N,O,04/06/2026 04:23:53 PM
2233A,N,O,04/06/2026 08:00:19 PM
2233B,N,O,04/06/2026 08:56:54 AM
22340A,N,O,04/06/2026 04:28:52 PM
22340B,N,O,04/06/2026 01:41:45 PM
22341A,N,O,04/06/2026 09:10:39 AM
22341B,N,O,04/06/2026 04:20:25 PM
22342A,N,O,04/06/2026 03:33:12 PM
22342B,N,O,04/06/2026 08:38:35 PM
22344A,N,O,04/06/2026 09:46:45 PM
22344B,N,O,04/06/2026 08:52:47 PM
22345A,N,O,04/06/2026 09:08:15 PM
22345B,N,O,04/06/2026 08:36:48 PM
22346A,N,O,04/06/2026 09:15:33 PM
22346B,N,O,04/06/2026 04:22:07 PM
22347A,N,O,04/06/2026 07:02:29 PM
22348B,N,O,04/06/2026 06:38:22 PM
22349A,N,V,04/06/2026 09:59:44 PM
22349B,N,O,04/06/2026 04:11:39 PM
2234A,N,O,04/06/2026 08:55:46 AM
22350A,N,O,04/06/2026 12:24:10 PM
22350B,N,O,04/06/2026 09:43:21 PM
22351A,N,O,04/06/2026 06:30:35 PM
22351B,N,O,04/06/2026 07:29:01 PM
22355A,N,O,04/06/2026 04:49:22 PM
22355B,N,O,04/06/2026 09:44:09 PM
22356A,N,O,04/06/2026 09:04:08 PM
22356B,N,O,04/06/2026 03:15:30 PM
22357A,N,O,04/06/2026 09:47:15 PM
22357B,N,O,04/06/2026 02:47:18 PM
22358A,N,V,04/06/2026 09:54:32 PM
22358B,N,O,04/06/2026 03:24:36 PM
22359A,N,O,04/06/2026 08:04:42 PM
22359B,N,O,04/06/2026 09:27:22 PM
2235B,N,O,04/06/2026 07:30:10 PM
22360A,N,O,04/06/2026 08:33:46 PM
22360B,N,O,04/06/2026 09:54:44 PM
22361A,N,O,04/06/2026 06:24:38 PM
22361B,N,O,04/06/2026 10:41:38 AM
22363A,N,O,04/06/2026 09:25:58 PM
22363B,N,O,04/06/2026 09:38:57 PM
22364A,N,O,04/06/2026 07:56:27 PM
22364B,N,O,04/06/2026 07:32:47 PM
22368B,N,O,04/06/2026 09:50:15 PM
22369A,N,O,04/06/2026 03:56:48 PM
22369B,N,O,04/06/2026 04:44:41 PM
2236A,NU,O,04/06/2026 07:28:22 PM
2236B,NU,V,04/06/2026 09:46:37 PM
22370A,N,O,04/06/2026 08:49:56 PM
22370B,N,O,04/06/2026 05:15:39 PM
22371A,N,O,04/06/2026 05:45:17 PM
22372A,N,V,04/06/2026 09:03:41 PM
22372B,N,O,04/06/2026 09:36:54 PM
22373A,N,O,04/06/2026 09:52:29 PM
22373B,N,O,04/06/2026 09:44:29 PM
22374A,N,O,04/06/2026 06:04:37 PM
22374B,N,O,04/06/2026 07:51:57 PM
22375A,N,O,04/06/2026 08:56:35 PM
22375B,N,O,04/06/2026 09:24:26 PM
22376A,N,O,04/06/2026 08:25:37 PM
22376B,N,O,04/06/2026 09:41:36 PM
22377A,N,O,04/06/2026 09:28:16 PM
22377B,N,O,04/06/2026 09:09:16 PM
22378A,N,O,04/06/2026 07:12:46 PM
22378B,N,O,04/06/2026 09:12:45 PM
22379A,N,O,04/06/2026 09:39:45 PM
22379B,N,O,04/06/2026 09:48:15 PM
2237A,N,V,04/06/2026 09:52:19 PM
22380A,NU,O,04/06/2026 09:03:40 PM
22380B,NU,O,04/06/2026 10:29:43 AM
22383B,N,V,04/06/2026 09:58:30 PM
22384A,N,O,04/06/2026 06:50:03 PM
22384B,N,O,04/06/2026 06:56:03 PM
22385A,N,O,04/06/2026 09:11:18 PM
22385B,N,O,04/06/2026 05:25:55 PM
22386A,N,O,04/06/2026 05:48:07 PM
22386B,N,O,04/06/2026 05:31:36 PM
22387A,N,O,04/06/2026 09:52:19 PM
22387B,N,O,04/06/2026 08:33:55 PM
22388A,N,O,04/06/2026 08:09:50 PM
22388B,N,O,04/06/2026 09:51:12 PM
22389A,N,O,04/06/2026 06:21:27 PM
22389B,N,O,04/06/2026 06:59:55 PM
2238A,N,V,04/06/2026 09:04:46 PM
2238B,N,V,04/06/2026 09:59:28 PM
22390A,N,O,04/06/2026 06:05:08 PM
22390B,N,O,04/06/2026 09:39:32 PM
22391A,N,O,04/06/2026 05:40:19 PM
22391B,N,O,04/06/2026 04:29:32 PM
22392A,N,O,04/06/2026 08:12:21 PM
22392B,N,O,04/06/2026 06:50:41 PM
22393B,N,O,04/06/2026 06:37:44 PM
22394A,N,O,04/06/2026 04:48:18 PM
22394B,N,O,04/06/2026 04:30:55 PM
22395A,N,O,04/06/2026 06:57:50 PM
22395B,N,O,04/06/2026 09:10:49 PM
22396A,N,O,04/06/2026 09:48:29 PM
22396B,N,O,04/06/2026 09:03:05 PM
22397A,N,O,04/06/2026 06:06:44 PM
22397B,N,O,04/06/2026 07:44:30 PM
22398A,N,O,04/06/2026 08:53:03 PM
22398B,N,O,04/06/2026 08:06:19 PM
22399A,N,O,04/06/2026 09:24:15 PM
22399B,N,O,04/06/2026 09:39:54 PM
2239A,N,O,04/06/2026 06:28:58 PM
2239B,N,O,04/06/2026 08:36:09 PM
223A,N,O,04/06/2026 09:45:15 PM
223B,N,O,04/06/2026 09:08:06 PM
22400A,N,V,04/06/2026 12:11:53 PM
22400B,N,O,04/06/2026 08:17:11 PM
22401A,N,O,04/06/2026 08:34:09 PM
22401B,N,O,04/06/2026 09:04:24 PM
22402A,N,O,04/06/2026 04:53:12 PM
22402B,N,O,04/06/2026 08:37:13 PM
22403A,N,O,04/06/2026 07:28:28 PM
22403B,N,O,04/06/2026 08:59:57 PM
22404A,N,O,04/06/2026 09:41:53 PM
22404B,N,O,04/06/2026 09:14:48 PM
22405A,N,O,04/06/2026 08:35:06 PM
22405B,N,O,04/06/2026 02:20:32 PM
22406A,N,V,04/06/2026 09:56:25 PM
22407A,N,O,04/06/2026 09:00:50 PM
22407B,N,O,04/06/2026 07:55:53 PM
22408A,N,V,04/06/2026 09:50:35 PM
22408B,N,V,04/06/2026 09:13:47 PM
22409A,N,O,04/06/2026 06:23:19 PM
22409B,N,O,04/06/2026 08:41:40 PM
2240A,N,O,04/06/2026 09:37:58 PM
2240B,N,O,04/06/2026 09:30:19 PM
22410A,N,O,04/06/2026 09:38:28 PM
22410B,N,O,04/06/2026 08:59:50 AM
22411A,N,O,04/06/2026 04:35:17 PM
22411B,N,O,04/06/2026 09:47:15 PM
22412A,N,V,04/06/2026 09:49:42 PM
22412B,N,V,04/06/2026 09:50:16 PM
22414A,N,O,04/06/2026 07:42:26 PM
22414B,N,O,04/06/2026 10:49:14 AM
22415A,N,O,04/06/2026 08:49:07 PM
22415B,N,O,04/06/2026 02:53:16 PM
22416A,N,O,04/06/2026 04:21:23 PM
22416B,N,O,04/06/2026 09:34:25 PM
22417A,N,O,04/06/2026 08:38:02 PM
22417B,N,O,04/06/2026 08:59:39 AM
22418A,N,O,04/06/2026 08:00:45 PM
22418B,N,O,04/06/2026 06:33:28 PM
22419A,N,O,04/06/2026 09:15:12 PM
22419B,N,O,04/05/2026 08:55:47 AM
2241A,N,V,04/06/2026 09:57:53 PM
2241B,N,V,04/06/2026 09:51:38 PM
22420A,N,O,04/06/2026 05:35:59 PM
22420B,N,V,04/06/2026 09:16:29 PM
22421A,N,O,04/06/2026 08:09:44 PM
22421B,N,V,04/06/2026 09:37:25 PM
22422A,N,O,04/06/2026 04:27:00 PM
22422B,N,O,04/06/2026 07:05:30 PM
22423A,N,V,04/06/2026 09:26:26 PM
22423B,N,O,04/06/2026 09:00:41 PM
22424A,N,O,04/06/2026 08:05:27 PM
22424B,N,O,04/06/2026 06:39:55 PM
22425A,N,V,04/06/2026 09:41:20 PM
22425B,N,V,04/06/2026 09:31:41 PM
22426A,N,O,04/06/2026 06:33:13 PM
22426B,N,V,04/06/2026 09:37:16 PM
22427A,N,V,04/06/2026 09:24:30 PM
22427B,N,O,04/06/2026 09:05:24 PM
22428A,N,V,04/06/2026 09:01:14 PM
22428B,N,V,04/06/2026 09:46:05 PM
22429A,N,O,04/06/2026 09:03:48 PM
22429B,N,V,04/06/2026 02:03:12 PM
2242A,N,O,04/06/2026 09:44:09 PM
2242B,N,O,04/06/2026 09:58:48 PM
22430A,N,O,04/06/2026 09:55:49 PM
22430B,N,O,04/06/2026 08:59:45 AM
22431A,N,O,04/06/2026 05:35:27 PM
22431B,N,O,04/06/2026 06:36:51 PM
22432A,N,O,04/06/2026 03:41:07 PM
22432B,N,O,04/06/2026 03:21:04 PM
22433A,N,O,04/06/2026 08:20:06 PM
22433B,N,O,04/06/2026 08:36:00 PM
22434A,N,O,04/06/2026 04:46:40 PM
22435A,N,O,04/06/2026 04:26:59 PM
22436A,N,O,04/06/2026 08:58:52 AM
22436B,N,O,04/06/2026 08:07:13 PM
22437A,N,O,04/06/2026 03:27:49 PM
22437B,N,O,04/06/2026 06:34:50 PM
22440A,N,O,04/06/2026 09:32:31 PM
22440B,N,O,04/06/2026 05:17:23 PM
22442B,N,O,04/06/2026 07:07:38 PM
22443A,N,O,04/06/2026 09:39:08 PM
22443B,N,O,04/06/2026 09:19:38 PM
22444A,N,O,04/06/2026 07:37:24 PM
22444B,N,V,04/06/2026 07:40:58 PM
22445A,N,O,04/06/2026 09:57:33 PM
22445B,N,O,04/06/2026 09:24:48 PM
22446A,N,O,04/06/2026 09:59:09 PM
22446B,N,O,04/06/2026 09:49:07 PM
22447A,N,O,04/06/2026 09:42:49 PM
22447B,N,O,04/06/2026 08:00:21 PM
22448A,N,O,04/06/2026 05:47:05 PM
22448B,N,O,04/06/2026 09:57:04 PM
22449A,N,V,04/06/2026 04:26:54 PM
22449B,N,V,04/06/2026 04:28:57 PM
2244A,N,O,04/06/2026 08:02:33 PM
2244B,N,O,04/06/2026 08:55:45 AM
22450A,N,V,04/06/2026 03:06:16 PM
22450B,N,O,04/06/2026 08:59:46 AM
22451A,N,V,04/06/2026 09:15:47 PM
22451B,N,V,04/06/2026 06:23:35 PM
22452A,N,O,04/06/2026 09:09:36 PM
22452B,N,V,04/06/2026 06:32:57 PM
22453A,N,O,04/06/2026 09:33:39 PM
22453B,N,V,04/06/2026 11:59:16 AM
22454A,N,V,04/01/2026 03:33:03 PM
22454B,N,V,04/06/2026 09:34:14 PM
22455A,N,V,04/06/2026 09:25:03 PM
22455B,N,O,04/06/2026 09:48:33 PM
22456A,N,V,04/06/2026 08:44:28 PM
22456B,N,O,04/06/2026 08:32:10 PM
22457A,N,O,04/06/2026 08:59:39 PM
22457B,N,V,04/06/2026 08:25:51 PM
22458A,N,V,04/05/2026 10:25:16 AM
22458B,N,O,04/04/2026 09:35:33 PM
22459A,N,V,04/06/2026 08:39:35 PM
22459B,N,V,04/06/2026 11:15:13 AM
2245A,N,O,04/06/2026 08:23:22 PM
2245B,N,O,04/06/2026 08:59:41 AM
22460A,N,V,04/06/2026 02:24:36 PM
22460B,N,V,04/06/2026 09:58:49 PM
22461A,N,V,04/06/2026 08:34:16 PM
22461B,N,V,04/06/2026 08:33:53 PM
22462A,N,O,04/06/2026 08:57:48 AM
22462B,N,V,04/06/2026 08:59:36 PM
22463A,N,O,04/06/2026 07:56:55 PM
22463B,N,O,04/06/2026 07:43:08 PM
22464A,N,V,04/06/2026 08:07:14 PM
22464B,N,V,04/06/2026 07:59:34 PM
22465A,N,V,04/06/2026 03:13:27 PM
22465B,N,O,04/06/2026 09:44:06 PM
22466A,N,V,04/06/2026 09:35:24 PM
22466B,N,O,04/06/2026 09:39:36 PM
22467A,N,O,04/06/2026 09:58:15 PM
22467B,N,O,04/06/2026 08:29:09 PM
22468A,N,O,04/06/2026 05:55:48 PM
22468B,N,O,04/06/2026 06:51:40 PM
22469B,N,O,04/06/2026 08:32:15 PM
2246A,N,V,04/06/2026 09:34:37 PM
22470A,N,O,04/06/2026 02:45:18 PM
22470B,N,O,04/06/2026 08:59:47 AM
22471A,N,O,04/06/2026 09:16:24 PM
22471B,N,V,04/06/2026 09:46:08 PM
22472A,N,V,04/06/2026 08:15:42 PM
22472B,N,O,04/06/2026 07:01:14 PM
22473A,N,O,04/06/2026 09:43:21 PM
22473B,N,O,04/06/2026 08:01:15 PM
22474A,N,O,04/06/2026 08:55:52 AM
22474B,N,O,04/06/2026 09:52:22 PM
22475A,N,O,04/06/2026 08:09:02 PM
22475B,N,V,04/06/2026 09:13:21 PM
22476A,N,V,04/06/2026 08:12:31 PM
22476B,N,O,04/06/2026 05:44:32 PM
22477A,N,O,04/06/2026 08:05:18 PM
22477B,N,O,04/06/2026 09:48:03 PM
22478A,N,O,04/06/2026 09:46:16 PM
22478B,N,V,04/06/2026 09:58:03 PM
22479A,N,O,04/06/2026 09:44:02 PM
22479B,N,O,04/06/2026 07:08:20 PM
2247A,N,O,04/06/2026 08:57:40 AM
2247B,N,V,04/06/2026 10:00:03 PM
22480A,N,O,04/06/2026 08:04:02 PM
22480B,N,V,04/06/2026 09:55:18 PM
22481A,N,V,04/06/2026 07:02:36 PM
22481B,N,V,04/06/2026 04:38:43 PM
22482A,N,V,04/06/2026 05:35:10 PM
22482B,N,O,04/06/2026 08:15:20 PM
22483A,N,O,04/06/2026 05:29:25 PM
22483B,N,V,04/06/2026 09:56:17 PM
22484A,N,V,04/06/2026 06:04:54 PM
22484B,N,O,04/06/2026 05:54:03 PM
22485A,N,O,04/06/2026 09:22:46 PM
22485B,N,V,04/06/2026 08:25:58 PM
22486A,N,O,04/06/2026 07:34:27 PM
22486B,N,O,04/06/2026 05:06:06 PM
22487A,N,O,04/06/2026 08:22:03 PM
22487B,N,O,04/06/2026 02:10:07 PM
22488A,N,O,04/06/2026 09:37:21 PM
22488B,N,O,04/06/2026 08:15:15 PM
22489A,N,O,04/06/2026 08:16:42 PM
22489B,N,V,04/06/2026 08:18:05 PM
2248B,N,O,04/06/2026 09:23:58 AM
22490A,N,O,04/06/2026 09:41:23 PM
22490B,N,O,04/06/2026 06:34:55 PM
22491A,N,O,04/06/2026 08:31:47 PM
22491B,N,O,04/06/2026 07:57:03 PM
22492A,N,O,04/06/2026 09:46:46 PM
22492B,N,O,04/06/2026 05:51:24 PM
22493A,N,V,04/06/2026 07:17:38 PM
22493B,N,V,04/06/2026 08:15:03 PM
22494A,N,V,04/06/2026 09:12:44 PM
22494B,N,O,04/06/2026 08:00:30 PM
22495A,N,O,04/06/2026 08:03:54 PM
22495B,N,V,04/06/2026 03:24:14 PM
22496A,N,O,04/06/2026 07:08:46 PM
22496B,N,V,04/06/2026 09:40:13 PM
22497A,N,V,04/06/2026 04:29:28 PM
22497B,N,O,04/06/2026 08:28:12 PM
22498A,N,O,04/06/2026 06:14:57 PM
22498B,N,V,04/06/2026 06:06:22 PM
22499A,N,V,04/05/2026 08:18:16 PM
22499B,N,O,04/06/2026 08:53:23 PM
22500A,N,V,04/06/2026 09:57:15 PM
22500B,N,O,04/06/2026 09:11:10 PM
22501A,N,O,04/06/2026 08:48:53 PM
22501B,N,O,04/06/2026 09:18:28 PM
22502A,N,O,04/06/2026 06:55:05 PM
22502B,N,O,04/06/2026 08:56:22 PM
22503A,N,V,04/06/2026 08:56:02 PM
22503B,N,O,04/06/2026 08:37:59 PM
22504A,N,O,04/06/2026 09:08:30 PM
22504B,N,O,04/06/2026 09:49:19 PM
22505A,N,O,04/06/2026 09:34:06 PM
22505B,N,O,04/06/2026 09:36:41 PM
22506A,N,V,04/06/2026 12:21:27 PM
22506B,N,O,04/06/2026 03:55:05 PM
22507A,N,V,04/06/2026 09:40:42 PM
22507B,N,O,04/06/2026 06:44:44 PM
22508A,N,V,04/06/2026 09:09:14 PM
22508B,N,O,04/06/2026 09:51:52 PM
22509A,N,O,04/06/2026 08:22:00 PM
22509B,N,O,04/06/2026 06:10:38 PM
22510A,N,V,04/06/2026 09:59:55 PM
22510B,N,V,04/06/2026 08:55:42 PM
22511A,N,O,04/06/2026 09:21:09 PM
22511B,N,V,04/05/2026 10:00:02 PM
22512A,N,V,04/06/2026 08:17:57 PM
22512B,N,V,04/06/2026 05:46:02 PM
22513A,N,O,04/06/2026 08:56:46 AM
22513B,N,V,04/06/2026 08:09:22 PM
22514A,N,V,04/06/2026 11:34:07 AM
22514B,N,O,04/06/2026 09:13:15 PM
22515A,N,O,04/06/2026 09:31:50 PM
22515B,N,V,04/06/2026 05:40:54 PM
22516A,N,O,04/06/2026 08:39:52 PM
22516B,N,O,04/06/2026 12:48:51 PM
22517A,NU,V,04/06/2026 04:59:35 PM
22517B,NU,O,04/06/2026 05:56:23 PM
22518A,N,V,04/06/2026 01:05:31 PM
22518B,N,O,04/06/2026 05:32:44 PM
22519A,N,O,04/06/2026 05:58:38 PM
22519B,N,V,04/06/2026 09:43:09 PM
22520B,N,O,04/06/2026 08:09:56 PM
22521A,N,O,04/06/2026 10:00:03 PM
22522B,N,O,04/06/2026 09:57:46 AM
22523A,N,O,04/06/2026 09:59:55 PM
22523B,N,O,04/06/2026 09:56:50 AM
22524A,N,O,04/06/2026 09:55:50 AM
22524B,N,O,04/06/2026 10:11:13 AM
22525A,N,O,04/06/2026 08:32:25 PM
22525B,N,V,04/06/2026 08:15:10 PM
22526A,N,O,04/06/2026 09:58:49 AM
22526B,N,O,04/06/2026 09:58:28 PM
22531A,N,O,04/06/2026 09:54:38 PM
22531B,N,O,04/06/2026 08:05:59 PM
22532A,N,O,04/06/2026 06:55:53 PM
22532B,N,O,04/06/2026 07:27:11 PM
22533A,N,V,04/06/2026 09:48:46 PM
22534A,N,O,04/06/2026 08:08:06 PM
22534B,N,O,04/06/2026 06:37:48 PM
22535A,N,O,04/06/2026 05:56:35 PM
22535B,N,O,04/06/2026 08:59:55 AM
22536B,N,O,04/06/2026 05:18:37 PM
22537A,N,O,04/06/2026 08:57:47 AM
22538A,N,O,04/06/2026 08:46:13 PM
22538B,N,O,04/06/2026 09:18:41 PM
22539A,N,V,04/06/2026 08:32:16 PM
22539B,N,O,04/06/2026 07:57:17 PM
22540A,N,O,04/06/2026 06:09:38 PM
22540B,N,O,04/06/2026 08:24:45 PM
22541A,N,O,04/06/2026 06:15:49 PM
22541B,N,O,04/06/2026 09:04:20 PM
22542A,N,O,04/06/2026 07:16:06 PM
22542B,N,V,04/06/2026 08:38:56 PM
22543A,N,O,04/06/2026 04:01:45 PM
22543B,N,V,04/06/2026 09:06:49 PM
22544A,N,V,04/06/2026 06:37:16 PM
22544B,N,O,04/06/2026 07:37:31 PM
22545A,N,O,04/06/2026 09:59:58 PM
22545B,N,V,04/06/2026 08:30:42 PM
22546A,N,V,04/06/2026 09:20:25 PM
22546B,N,V,04/06/2026 09:20:48 PM
22547A,N,O,04/06/2026 07:17:15 PM
22547B,N,O,04/06/2026 08:07:22 PM
22548A,N,O,04/06/2026 09:52:33 PM
22548B,N,O,04/06/2026 09:01:23 PM
22549A,N,O,04/06/2026 02:03:08 PM
22550A,N,V,04/06/2026 08:39:39 PM
22550B,N,V,04/06/2026 09:58:10 PM
22551A,N,V,04/06/2026 07:48:45 PM
22551B,N,O,04/06/2026 06:23:04 PM
22552A,N,V,04/06/2026 04:33:48 PM
22552B,N,O,04/06/2026 06:50:04 PM
22553A,N,V,04/06/2026 08:28:10 PM
22553B,N,O,04/06/2026 06:01:52 PM
22554A,N,V,04/06/2026 10:00:02 PM
22554B,N,O,04/06/2026 09:30:41 PM
22555A,N,O,04/06/2026 07:18:43 PM
22555B,N,O,04/05/2026 05:00:53 PM
22556A,N,O,04/06/2026 09:59:49 PM
22556B,N,V,04/06/2026 07:14:54 PM
22557B,N,O,04/06/2026 06:04:37 PM
22558A,N,O,04/06/2026 08:28:13 PM
22558B,N,O,04/06/2026 08:19:25 PM
22559A,N,V,04/06/2026 09:59:57 PM
22559B,N,V,04/06/2026 09:33:02 PM
22560A,N,O,04/06/2026 09:15:33 PM
22560B,N,V,04/06/2026 06:57:58 PM
22561A,N,V,04/05/2026 12:05:36 PM
22561B,N,V,04/06/2026 09:11:30 AM
22562A,N,V,04/06/2026 05:20:11 PM
22562B,N,V,04/06/2026 08:38:56 PM
22563A,N,V,04/06/2026 09:08:17 AM
22563B,N,V,04/06/2026 06:06:16 PM
22564A,N,O,04/06/2026 09:21:06 PM
22564B,N,V,04/06/2026 07:09:55 PM
22565A,N,O,04/06/2026 09:50:45 PM
22565B,N,V,04/06/2026 09:57:41 PM
22566A,N,O,04/06/2026 09:00:55 PM
22566B,N,O,04/06/2026 09:58:45 PM
22567A,N,V,04/06/2026 06:39:17 PM
22567B,N,V,04/06/2026 05:10:50 PM
22568A,N,O,04/06/2026 08:56:48 AM
22568B,N,V,04/06/2026 05:21:25 PM
22569A,N,O,04/06/2026 07:56:51 PM
22569B,N,O,04/06/2026 09:39:04 PM
22570A,N,O,04/06/2026 03:56:45 PM
22570B,N,O,04/06/2026 08:44:41 PM
22571A,N,O,04/06/2026 05:30:44 PM
22571B,N,V,04/06/2026 05:37:16 PM
22572A,N,O,04/06/2026 08:37:03 PM
22572B,N,V,04/06/2026 06:30:26 PM
22573A,N,O,04/06/2026 06:32:28 PM
22573B,N,V,04/06/2026 06:32:12 PM
22574A,N,O,04/06/2026 09:07:46 PM
22574B,N,V,04/06/2026 09:17:24 PM
22575A,N,O,04/06/2026 09:13:12 PM
22575B,N,V,04/06/2026 08:22:20 PM
22576A,N,V,04/06/2026 12:33:58 PM
22576B,N,V,04/06/2026 05:48:04 PM
22577A,N,V,04/06/2026 07:43:52 PM
22577B,N,V,04/06/2026 05:43:02 PM
22579A,N,O,04/06/2026 08:55:51 AM
22580A,N,O,04/06/2026 07:56:25 PM
22581A,N,O,04/06/2026 08:59:38 PM
22581B,N,O,04/06/2026 09:08:58 PM
22582A,N,O,04/06/2026 09:07:50 PM
22583A,N,O,04/06/2026 08:56:45 AM
22583B,N,O,04/06/2026 05:59:24 PM
22584A,N,O,04/06/2026 08:55:49 AM
22586B,N,V,04/06/2026 08:52:05 PM
22587A,N,O,04/06/2026 09:17:36 PM
22587B,N,O,04/06/2026 09:38:18 PM
22588A,N,V,04/06/2026 09:50:19 PM
22588B,N,O,04/06/2026 09:22:54 PM
22589A,N,O,04/06/2026 08:54:10 PM
22589B,N,V,04/06/2026 06:35:30 PM
22590A,N,O,04/06/2026 09:37:32 PM
22590B,N,O,04/06/2026 09:30:41 PM
22591A,N,O,04/06/2026 09:58:18 PM
22591B,N,O,04/06/2026 06:06:04 PM
22592A,N,V,04/06/2026 06:41:06 PM
22604A,N,V,04/05/2026 09:41:34 PM
22604B,N,O,04/06/2026 07:45:04 PM
22605A,N,O,04/06/2026 07:32:16 PM
22605B,N,O,04/06/2026 08:59:51 AM
22606A,N,O,04/06/2026 09:42:06 PM
22607A,N,V,04/06/2026 07:11:14 PM
22607B,N,V,04/06/2026 07:11:21 PM
22608A,N,V,04/06/2026 10:03:14 AM
22608B,N,O,04/06/2026 09:57:21 PM
22609A,N,O,04/06/2026 08:55:53 AM
22610B,N,O,04/06/2026 12:20:34 PM
22611A,N,V,04/06/2026 02:11:13 PM
22611B,N,V,04/06/2026 06:56:20 PM
22612A,N,V,04/06/2026 07:36:10 PM
22612B,N,O,04/06/2026 04:47:21 PM
22614A,N,O,04/06/2026 09:03:06 PM
22614B,N,V,04/06/2026 05:45:11 PM
22615A,N,V,04/06/2026 07:41:21 PM
22615B,N,O,04/06/2026 08:03:07 PM
22616A,N,O,04/06/2026 07:09:44 PM
22616B,N,O,04/06/2026 03:43:59 PM
22617A,N,O,04/06/2026 06:31:15 PM
22617B,N,O,04/06/2026 09:19:15 PM
22618A,N,O,04/06/2026 02:59:55 PM
22618B,N,O,04/06/2026 11:59:39 AM
22619A,N,O,04/06/2026 09:18:06 PM
22619B,N,V,04/06/2026 09:43:44 PM
22620A,N,O,04/06/2026 06:53:52 PM
22620B,N,O,04/06/2026 07:58:09 PM
22621A,N,V,04/06/2026 09:48:30 PM
22621B,N,V,04/06/2026 09:50:45 PM
22622A,N,O,04/06/2026 09:59:43 PM
22622B,N,V,04/06/2026 09:24:58 AM
22623A,N,O,04/06/2026 08:10:58 PM
22623B,N,V,04/06/2026 04:54:12 PM
22624A,N,V,04/05/2026 06:12:29 PM
22624B,N,O,04/06/2026 05:27:46 PM
22625A,N,O,04/06/2026 09:31:51 PM
22625B,N,V,04/05/2026 04:54:12 PM
22626A,N,O,04/06/2026 09:20:13 PM
22626B,N,V,04/06/2026 04:08:18 PM
22627A,N,O,04/06/2026 03:31:38 PM
22627B,N,O,04/06/2026 02:49:13 PM
22628A,N,O,04/06/2026 09:53:25 PM
22628B,N,O,04/06/2026 09:47:13 PM
22629A,N,O,04/06/2026 08:51:24 PM
22629B,N,O,04/06/2026 07:05:47 PM
22630A,N,V,04/06/2026 09:03:52 PM
22630B,N,V,04/06/2026 08:20:20 PM
22631A,N,O,04/06/2026 08:13:56 PM
22631B,N,O,04/06/2026 08:13:47 PM
22632A,N,O,04/06/2026 09:33:20 PM
22632B,N,O,04/06/2026 08:31:32 PM
22633A,N,O,04/06/2026 06:27:58 PM
22633B,N,O,04/06/2026 09:56:13 PM
22634A,N,O,04/06/2026 08:58:50 PM
22634B,N,O,04/06/2026 08:55:47 AM
22635A,N,O,04/06/2026 09:28:10 PM
22635B,N,O,04/06/2026 10:50:56 AM
22636A,N,O,04/06/2026 07:26:48 PM
22636B,N,O,04/06/2026 03:12:02 PM
22637A,N,O,04/06/2026 08:57:52 AM
22637B,N,O,04/06/2026 08:57:52 AM
22638A,N,O,04/06/2026 08:56:50 AM
22638B,N,O,04/05/2026 08:56:49 AM
22639A,N,O,04/06/2026 08:55:56 AM
22639B,N,O,04/06/2026 08:56:03 AM
22640A,N,O,04/06/2026 09:00:12 AM
22640B,N,O,04/06/2026 08:59:51 AM
22641A,N,O,04/06/2026 08:58:47 AM
22641B,N,O,04/06/2026 08:58:47 AM
22642A,N,O,04/06/2026 08:57:51 AM
22642B,N,O,04/06/2026 08:57:58 AM
22643A,N,O,04/06/2026 08:56:34 AM
22643B,N,O,04/06/2026 08:56:50 AM
22650A,N,O,04/06/2026 04:01:33 PM
22650B,N,O,04/06/2026 03:28:09 PM
22651A,N,O,04/06/2026 08:58:40 AM
22651B,N,O,04/06/2026 09:34:34 PM
22656B,N,O,04/06/2026 06:46:18 PM
22657A,N,O,04/06/2026 06:10:06 PM
22657B,N,O,04/06/2026 08:29:08 PM
22658A,N,O,04/06/2026 05:41:45 PM
22658B,N,O,04/06/2026 05:57:45 PM
22659A,N,V,04/06/2026 09:55:58 PM
22659B,N,O,04/06/2026 09:27:36 PM
22660A,N,O,04/06/2026 07:02:27 PM
22660B,N,V,01/12/2026 12:09:11 PM
22661A,N,O,04/06/2026 01:16:28 PM
22661B,N,O,04/06/2026 08:58:52 AM
22662A,N,O,04/06/2026 12:58:35 PM
22662B,N,O,04/06/2026 07:06:58 PM
22663A,N,O,04/06/2026 11:37:11 AM
22663B,N,O,04/06/2026 08:57:17 AM
22664A,N,O,04/06/2026 08:55:54 AM
22664B,N,O,04/06/2026 08:55:54 AM
22665A,N,O,04/06/2026 08:59:47 AM
22666A,N,O,04/06/2026 08:58:52 AM
22667A,N,O,04/06/2026 08:57:50 AM
22667B,N,O,04/06/2026 08:57:58 AM
22668A,N,O,04/06/2026 10:16:13 AM
22669A,N,O,04/06/2026 08:55:45 AM
22669B,N,O,04/06/2026 08:55:49 AM
22670A,N,O,11/22/2025 08:29:38 AM
22670B,N,O,11/22/2025 06:59:55 AM
22671A,N,O,04/06/2026 09:51:02 AM
22671B,N,O,04/06/2026 10:37:31 AM
22672A,N,O,04/06/2026 10:37:34 AM
22672B,N,O,04/06/2026 08:57:51 AM
22673A,N,O,04/06/2026 08:56:47 AM
22673B,N,O,04/06/2026 08:56:47 AM
22674A,N,V,04/06/2026 09:58:08 PM
22674B,N,O,04/06/2026 08:55:52 AM
22675A,N,O,11/18/2025 03:37:11 PM
22675B,N,O,08/25/2025 10:40:46 AM
22676A,N,V,04/06/2026 01:36:00 PM
22676B,N,V,09/09/2025 06:39:15 PM
22677A,N,O,04/06/2026 08:57:50 AM
22678B,N,O,04/06/2026 08:56:51 AM
22679A,N,O,04/06/2026 06:34:22 PM
22679B,N,O,04/06/2026 08:55:48 AM
22680A,N,O,04/06/2026 09:34:37 PM
22681A,N,O,04/06/2026 05:32:42 PM
22681B,N,O,04/06/2026 05:53:39 PM
22682A,N,O,04/06/2026 04:11:04 PM
22682B,N,O,04/06/2026 04:09:47 PM
22683A,N,O,04/06/2026 05:03:15 PM
22683B,N,O,04/06/2026 08:31:40 PM
22684A,N,O,04/06/2026 05:12:33 PM
22684B,N,O,04/06/2026 06:33:33 PM
22685A,N,O,04/06/2026 01:07:29 PM
22685B,N,V,04/06/2026 09:59:14 PM
22686A,N,V,04/06/2026 10:00:04 PM
22686B,N,O,04/06/2026 09:34:23 PM
22687A,N,O,04/06/2026 07:59:17 PM
22687B,N,O,04/06/2026 09:16:13 PM
22688A,N,O,04/06/2026 05:05:45 PM
22688B,N,O,04/06/2026 09:57:47 PM
22689A,N,O,04/06/2026 08:41:43 PM
22689B,N,O,04/06/2026 09:16:00 PM
22690A,N,O,04/06/2026 09:41:02 PM
22690B,N,O,04/06/2026 09:05:44 PM
22691A,N,V,04/06/2026 09:30:58 PM
22691B,N,V,04/06/2026 09:59:20 PM
22692A,N,O,04/06/2026 08:50:27 PM
22692B,N,V,04/06/2026 09:58:22 PM
22693A,N,O,04/06/2026 06:13:11 PM
22693B,N,V,04/06/2026 10:00:02 PM
22694A,N,O,04/06/2026 08:55:50 AM
22694B,N,O,04/06/2026 11:08:16 AM
22695A,N,O,04/06/2026 09:27:16 PM
22695B,N,O,04/06/2026 08:53:40 PM
22696A,N,O,04/06/2026 06:45:37 PM
22696B,N,O,04/06/2026 05:40:40 PM
22697A,N,O,04/06/2026 07:09:55 PM
22697B,N,O,04/06/2026 07:09:51 PM
22698A,N,V,04/06/2026 09:53:13 PM
22698B,N,O,04/06/2026 07:41:17 PM
22699A,N,O,04/06/2026 09:39:07 PM
22699B,N,O,04/06/2026 07:50:04 PM
22700A,N,V,04/06/2026 09:08:07 PM
22700B,N,V,04/06/2026 09:40:42 PM
22703A,N,O,04/06/2026 07:25:43 PM
22703B,N,O,04/06/2026 09:59:20 PM
22704A,N,V,04/06/2026 09:56:46 PM
22704B,N,O,04/06/2026 05:51:11 PM
2270A,N,O,04/07/2026 08:31:16 AM
2270B,N,O,04/07/2026 08:30:24 AM
22710A,N,O,04/06/2026 07:39:29 PM
22710B,N,O,04/06/2026 09:53:38 PM
22711A,N,O,04/06/2026 06:01:14 PM
22711B,N,O,04/06/2026 09:11:16 PM
22712A,N,O,04/06/2026 12:49:55 PM
22712B,N,O,04/06/2026 09:20:08 PM
22713A,N,O,04/06/2026 12:21:55 PM
22714B,N,O,04/06/2026 01:20:19 PM
22715A,N,O,04/06/2026 09:47:06 PM
22715B,N,O,04/06/2026 05:43:58 PM
22721A,N,O,04/06/2026 09:32:27 PM
22721B,N,O,04/06/2026 07:29:07 PM
22722A,N,V,04/06/2026 08:40:11 PM
22722B,N,O,04/06/2026 08:42:50 PM
22723A,N,O,04/06/2026 09:32:49 PM
22723B,N,O,04/06/2026 02:18:27 PM
22724A,N,O,04/06/2026 02:18:19 PM
22724B,N,V,04/06/2026 12:02:13 PM
22725A,N,O,04/06/2026 08:41:03 PM
22725B,N,O,04/06/2026 10:14:47 AM
22726B,N,O,04/06/2026 06:04:19 PM
22730A,N,O,04/06/2026 06:11:32 PM
22730B,N,O,04/06/2026 03:24:00 PM
22731A,N,O,04/06/2026 08:59:10 PM
22731B,N,O,04/06/2026 09:38:03 PM
22732A,N,O,04/06/2026 06:58:55 PM
22732B,N,O,04/06/2026 06:42:59 PM
22733A,N,O,04/06/2026 09:32:38 PM
22733B,N,O,04/06/2026 09:18:19 PM
22734A,N,O,04/06/2026 05:33:05 PM
22734B,N,O,04/06/2026 06:23:57 PM
22735A,N,O,04/06/2026 09:04:03 PM
22735B,N,O,04/06/2026 07:50:19 PM
22736A,N,V,04/06/2026 09:49:02 PM
22736B,N,O,04/06/2026 08:53:07 PM
22737A,N,O,04/06/2026 06:13:47 PM
22737B,N,V,04/06/2026 04:11:36 PM
22740A,N,O,04/06/2026 08:49:41 PM
22740B,N,O,04/06/2026 05:17:19 PM
22741A,N,O,04/06/2026 08:25:25 PM
22741B,N,O,04/06/2026 05:48:29 PM
22742A,N,O,04/06/2026 06:15:02 PM
22742B,N,O,04/06/2026 08:37:44 PM
22743A,N,O,04/06/2026 08:23:25 PM
22743B,N,O,04/06/2026 06:00:12 PM
22744A,N,O,04/06/2026 04:18:05 PM
22744B,N,O,04/06/2026 02:59:26 PM
22745A,N,O,04/06/2026 06:32:35 PM
22745B,N,O,04/06/2026 04:46:06 PM
22746A,N,O,04/06/2026 06:17:08 PM
22746B,N,O,04/06/2026 07:05:11 PM
22747A,N,O,04/06/2026 08:24:03 PM
22747B,N,O,04/06/2026 04:46:54 PM
22748A,N,O,04/06/2026 12:33:45 PM
22748B,N,O,04/06/2026 04:57:52 PM
22749A,N,O,04/06/2026 12:58:35 PM
22749B,N,O,04/06/2026 04:11:06 PM
22750A,N,O,04/06/2026 08:59:46 AM
22750B,N,O,04/06/2026 07:51:58 PM
22751A,N,O,04/06/2026 06:44:21 PM
22751B,N,O,04/06/2026 06:00:32 PM
22752A,N,O,04/06/2026 04:21:05 PM
22752B,N,O,04/06/2026 05:51:36 PM
22753A,N,O,04/06/2026 05:45:38 PM
22753B,N,O,04/06/2026 03:45:51 PM
22754A,N,O,04/06/2026 07:01:37 PM
22754B,N,O,04/06/2026 03:07:42 PM
22755A,NU,O,04/06/2026 07:46:31 PM
22755B,NU,O,04/06/2026 01:55:36 PM
22756A,N,O,04/06/2026 06:57:15 PM
22756B,N,O,04/06/2026 04:04:46 PM
22757A,N,O,04/06/2026 02:13:45 PM
22757B,N,O,04/06/2026 04:03:05 PM
22758A,N,O,04/06/2026 07:39:04 PM
22758B,N,O,04/06/2026 04:16:22 PM
22759A,N,O,04/06/2026 05:07:12 PM
22759B,N,O,04/06/2026 08:51:14 PM
22760A,N,O,04/06/2026 08:59:43 AM
22760B,N,O,04/06/2026 05:42:33 PM
22761A,N,O,04/06/2026 06:55:49 PM
22761B,N,V,03/23/2026 06:47:42 PM
22762A,N,O,04/06/2026 08:38:44 PM
22762B,N,O,04/06/2026 09:28:45 PM
22763A,N,O,04/06/2026 09:21:12 PM
22763B,N,O,04/06/2026 06:32:35 PM
22764A,N,O,04/06/2026 05:59:31 PM
22764B,N,O,04/06/2026 06:07:51 PM
22765A,N,O,04/06/2026 05:59:51 PM
22765B,N,O,04/06/2026 02:24:08 PM
22766A,N,O,04/06/2026 06:48:08 PM
22766B,N,O,04/06/2026 04:32:59 PM
22767A,N,O,04/06/2026 09:13:33 PM
22767B,N,V,04/06/2026 10:00:02 PM
22768A,N,O,04/06/2026 05:16:04 PM
22768B,N,V,04/06/2026 05:15:44 PM
22769A,N,O,04/06/2026 08:50:23 PM
22769B,N,O,04/06/2026 08:45:02 PM
2276A,N,O,04/06/2026 06:20:25 PM
2276B,N,O,04/06/2026 09:57:29 PM
22770A,N,O,04/06/2026 08:59:51 AM
22770B,N,O,04/06/2026 05:18:28 PM
22771A,N,O,04/06/2026 09:47:02 PM
22771B,N,O,04/06/2026 04:34:06 PM
22772A,N,O,04/06/2026 08:35:45 PM
22772B,N,O,04/06/2026 06:54:33 PM
22773A,N,O,04/06/2026 05:30:49 PM
22773B,N,O,04/06/2026 03:24:59 PM
22774A,N,O,04/06/2026 08:39:51 PM
22774B,N,O,04/06/2026 05:08:44 PM
22775A,N,O,04/06/2026 01:42:18 PM
22775B,N,O,04/06/2026 07:44:21 PM
22776A,N,O,04/06/2026 07:29:15 PM
22777A,N,O,04/06/2026 09:28:56 PM
22777B,N,O,04/06/2026 08:31:03 PM
22778A,N,O,04/06/2026 09:05:03 PM
22778B,N,O,04/06/2026 07:09:52 PM
22779A,N,O,04/06/2026 09:17:07 PM
22779B,N,O,04/06/2026 07:02:37 PM
2277A,N,V,04/06/2026 10:00:00 PM
2277B,N,O,04/06/2026 06:20:23 PM
22780A,N,O,04/06/2026 07:38:28 PM
22780B,N,O,04/06/2026 06:45:53 PM
22781A,N,V,04/06/2026 09:51:42 PM
22781B,N,O,04/06/2026 08:22:18 PM
22782A,N,O,04/06/2026 06:01:31 PM
22782B,N,O,04/06/2026 05:55:53 PM
2278A,N,V,04/06/2026 09:58:37 PM
2278B,N,O,04/06/2026 10:26:50 AM
22792A,N,O,04/06/2026 08:57:59 AM
22792B,N,V,04/06/2026 09:26:13 PM
22793A,N,V,04/06/2026 09:59:38 PM
22793B,N,V,04/06/2026 09:58:59 PM
22794A,N,V,04/06/2026 09:55:49 PM
22794B,N,O,04/06/2026 09:59:53 PM
22795A,N,O,04/05/2026 09:54:06 PM
22795B,N,V,04/06/2026 09:41:15 PM
22796A,N,V,04/06/2026 08:22:19 PM
22796B,N,V,04/06/2026 08:21:15 PM
22797A,N,V,04/06/2026 11:34:16 AM
22797B,N,O,04/05/2026 09:32:41 PM
22798A,N,V,04/06/2026 12:04:37 PM
22798B,N,V,04/06/2026 12:04:37 PM
2279A,N,O,04/07/2026 07:55:46 AM
2279B,N,O,04/07/2026 08:24:00 AM
22800A,N,O,04/06/2026 09:52:09 PM
22800B,N,O,04/06/2026 02:20:37 PM
22801A,N,O,04/06/2026 09:58:49 PM
22801B,N,O,04/06/2026 05:00:08 PM
22802A,N,V,04/06/2026 06:37:27 PM
22802B,N,O,04/06/2026 06:22:43 PM
22803A,N,O,04/06/2026 08:56:51 AM
22804B,N,O,04/06/2026 06:05:46 PM
22805A,N,O,04/06/2026 08:59:47 AM
22805B,N,V,04/06/2026 05:11:47 PM
22806A,N,V,04/07/2026 08:28:25 AM
22806B,N,O,04/07/2026 08:28:25 AM
22807A,N,O,04/06/2026 09:51:59 PM
22807B,N,O,04/06/2026 07:59:56 PM
22808A,N,O,04/06/2026 09:52:17 PM
22808B,N,O,04/06/2026 08:22:32 PM
22809A,N,O,04/06/2026 03:56:59 PM
22809B,N,O,04/06/2026 09:28:03 PM
2282A,N,O,04/06/2026 08:41:21 PM
2282B,N,V,04/06/2026 09:52:09 PM
2283A,N,O,04/06/2026 07:40:55 PM
2283B,N,O,04/06/2026 07:39:10 PM
2284A,N,O,04/06/2026 09:52:19 PM
2284B,N,O,04/06/2026 06:28:02 PM
2285A,N,O,04/06/2026 04:28:22 PM
2285B,N,O,04/06/2026 04:54:26 PM
2286A,N,O,04/06/2026 06:54:47 PM
2286B,N,O,04/06/2026 02:13:50 PM
2287A,N,V,04/06/2026 09:57:48 PM
2287B,N,V,04/06/2026 09:55:42 PM
2288A,N,O,04/06/2026 10:03:42 AM
2288B,N,O,04/06/2026 04:21:31 PM
2289A,N,O,04/06/2026 09:23:37 PM
2289B,N,O,04/06/2026 08:58:11 PM
2290A,N,O,04/06/2026 09:03:08 PM
2290B,N,O,04/06/2026 08:26:38 PM
2291A,N,O,04/06/2026 08:58:54 AM
2291B,N,O,04/06/2026 05:03:33 PM
2292A,N,O,04/06/2026 07:18:13 PM
2292B,N,O,04/06/2026 09:46:31 PM
2293A,N,O,04/06/2026 04:46:14 PM
2293B,N,O,04/06/2026 05:33:03 PM
2294A,N,V,04/06/2026 09:52:40 PM
2294B,N,O,04/06/2026 09:48:18 PM
2295A,N,O,04/06/2026 05:47:10 PM
2295B,N,O,04/06/2026 09:13:43 PM
2296A,N,V,04/06/2026 09:51:55 PM
2296B,N,V,04/06/2026 09:49:59 PM
2297A,N,O,04/06/2026 09:24:15 PM
2297B,N,O,04/06/2026 06:18:21 PM
2298A,N,O,04/06/2026 07:01:31 PM
2298B,N,O,04/06/2026 08:04:37 PM
22A,NU,V,03/22/2026 09:56:55 PM
22B,NU,O,03/22/2026 09:59:06 PM
23002A,N,O,04/06/2026 09:58:09 AM
23002B,N,O,04/06/2026 06:36:33 PM
23003B,N,V,04/06/2026 08:54:17 PM
23004A,N,O,04/06/2026 09:59:39 PM
23004B,N,O,04/06/2026 08:18:54 PM
23005A,N,O,04/06/2026 05:07:02 PM
23005B,N,V,04/06/2026 09:41:30 PM
23006A,NU,O,10/09/2025 06:58:51 AM
23007A,N,O,04/06/2026 09:31:54 PM
23007B,NU,O,10/09/2025 06:57:50 AM
23008A,N,O,04/06/2026 08:56:48 AM
23008B,N,O,04/06/2026 09:50:37 PM
23010A,N,V,04/06/2026 07:20:32 PM
23010B,N,V,04/06/2026 09:43:25 PM
23011A,N,O,04/06/2026 08:56:55 PM
23011B,N,O,04/06/2026 08:59:10 PM
23012A,N,O,04/06/2026 06:39:52 PM
23012B,N,O,04/06/2026 09:09:12 PM
23013A,N,V,04/06/2026 04:17:45 PM
23013B,N,O,04/06/2026 08:56:46 AM
23017A,N,O,04/06/2026 07:16:04 PM
23017B,N,O,04/06/2026 05:12:12 PM
23018A,N,O,04/06/2026 09:36:05 PM
23018B,N,O,04/05/2026 08:56:57 AM
23019A,N,V,04/06/2026 09:52:16 PM
23019B,N,O,04/06/2026 08:13:46 PM
23020B,N,O,04/06/2026 08:59:52 AM
23021A,N,O,04/06/2026 01:56:07 PM
23021B,N,O,04/06/2026 09:50:55 PM
23022A,N,O,04/06/2026 08:45:40 PM
23022B,N,O,04/06/2026 08:57:55 AM
23023A,N,O,04/06/2026 09:33:09 PM
23023B,N,O,04/06/2026 07:15:20 PM
23024A,N,O,04/06/2026 08:56:32 AM
23024B,N,O,04/06/2026 08:26:27 PM
23025A,N,O,04/06/2026 09:59:48 PM
23025B,N,O,04/06/2026 09:03:05 PM
23026A,N,O,04/06/2026 09:11:43 PM
23026B,N,V,04/06/2026 09:59:55 PM
23027A,N,O,04/06/2026 08:57:47 AM
23027B,N,V,04/06/2026 09:48:50 PM
23028A,N,O,04/06/2026 09:12:23 PM
23028B,N,O,04/06/2026 09:11:06 PM
23029A,N,O,04/06/2026 08:21:10 PM
23029B,N,O,04/06/2026 08:44:54 PM
23030B,N,V,04/06/2026 09:59:31 PM
23031A,N,O,04/06/2026 08:57:06 PM
23031B,N,O,04/06/2026 08:28:15 PM
23032A,N,O,04/06/2026 06:03:00 PM
23032B,N,O,04/06/2026 09:45:13 PM
23033A,N,O,04/06/2026 06:27:58 PM
23033B,N,O,04/06/2026 07:46:02 PM
23034A,N,O,04/06/2026 06:27:01 PM
23034B,N,O,04/06/2026 07:42:58 PM
23035A,N,O,04/06/2026 08:36:10 PM
23035B,N,O,04/06/2026 09:04:44 PM
23036A,N,O,04/06/2026 09:03:19 PM
23036B,N,O,04/06/2026 09:16:35 PM
23037A,N,O,04/06/2026 08:48:49 PM
23037B,N,O,04/06/2026 09:55:29 PM
23038A,N,O,04/06/2026 08:32:48 PM
23038B,N,O,04/06/2026 07:52:20 PM
23039A,N,O,04/06/2026 09:46:25 PM
23039B,N,O,04/06/2026 04:20:07 PM
23040A,N,O,04/06/2026 08:32:25 PM
23040B,N,O,04/06/2026 09:51:17 PM
23041A,N,O,04/06/2026 06:32:22 PM
23042A,N,O,04/06/2026 04:20:19 PM
23042B,N,O,04/06/2026 09:56:15 PM
23043A,N,O,04/06/2026 09:30:57 PM
23043B,N,O,04/06/2026 08:56:48 AM
23045A,N,O,04/06/2026 06:25:19 PM
23045B,N,O,04/06/2026 08:38:37 PM
23046A,N,V,04/06/2026 10:00:11 PM
23046B,N,O,04/06/2026 09:15:11 PM
23047A,N,O,04/06/2026 09:17:17 PM
23047B,N,O,04/06/2026 09:00:28 PM
23048A,N,V,04/06/2026 08:07:29 PM
23048B,N,V,04/06/2026 09:57:41 PM
23049A,N,O,04/06/2026 08:14:42 PM
23049B,N,V,04/06/2026 12:23:32 PM
23050A,N,V,04/06/2026 07:06:24 PM
23050B,N,O,04/06/2026 09:56:26 PM
23051A,N,O,04/06/2026 08:44:53 PM
23051B,N,O,04/06/2026 08:00:08 PM
23052A,N,O,04/06/2026 08:25:38 PM
23052B,N,O,04/06/2026 09:22:13 PM
23053A,N,O,04/06/2026 08:13:27 PM
23053B,N,V,04/06/2026 09:30:25 PM
23055B,N,V,04/06/2026 07:43:25 PM
23056A,N,V,04/06/2026 09:19:21 PM
23056B,N,V,04/06/2026 03:50:06 PM
23057A,N,V,04/06/2026 07:20:42 PM
23057B,N,V,04/06/2026 06:14:20 PM
23058A,N,V,04/06/2026 06:35:36 PM
23058B,N,V,04/06/2026 09:53:20 PM
23059A,N,O,04/06/2026 08:14:21 PM
23059B,N,O,04/06/2026 09:19:49 PM
23060A,N,O,04/06/2026 09:55:53 PM
23061A,NU,O,09/27/2025 07:07:29 AM
23061B,NU,O,10/09/2025 06:58:53 AM
23062A,N,O,04/06/2026 08:54:33 PM
23062B,N,V,04/06/2026 09:51:25 PM
23063A,N,O,04/06/2026 09:20:49 PM
23063B,N,O,04/06/2026 09:16:50 PM
23065A,N,O,04/06/2026 07:32:02 PM
23065B,N,O,04/06/2026 09:59:06 PM
23066A,N,O,04/05/2026 09:58:52 AM
23066B,N,O,04/06/2026 07:57:44 PM
23067B,N,O,04/06/2026 06:14:58 PM
23068B,N,O,04/06/2026 10:47:41 AM
23069A,N,O,04/06/2026 08:00:42 PM
23072A,N,O,04/06/2026 05:17:03 PM
23072B,N,O,04/06/2026 06:49:59 PM
23073A,N,O,04/06/2026 08:56:49 PM
23073B,N,O,04/06/2026 08:58:40 PM
23074A,N,V,04/06/2026 09:58:14 PM
23075A,N,O,04/06/2026 09:04:33 PM
23075B,N,O,04/06/2026 07:26:29 PM
23076A,N,O,04/06/2026 06:47:35 PM
23076B,N,O,04/06/2026 08:54:12 PM
23077A,N,O,04/06/2026 09:45:28 PM
23077B,N,O,04/06/2026 09:28:14 PM
23078A,N,O,04/06/2026 08:35:45 PM
23078B,N,V,04/06/2026 09:38:48 PM
23079A,N,O,04/06/2026 10:25:54 AM
23079B,N,O,04/06/2026 06:17:44 PM
23080A,N,O,04/06/2026 07:21:36 PM
23080B,N,O,04/06/2026 05:34:13 PM
23081A,N,O,04/06/2026 07:22:46 PM
23081B,N,O,04/06/2026 09:06:07 PM
23082A,N,O,04/06/2026 09:04:10 PM
23082B,N,O,04/06/2026 09:04:10 PM
23083A,N,V,04/06/2026 09:34:25 PM
23083B,N,V,04/06/2026 05:56:41 PM
23084A,N,V,04/06/2026 09:16:15 PM
23084B,N,V,04/06/2026 03:43:16 PM
23085A,N,V,04/06/2026 08:09:09 PM
23085B,N,V,04/06/2026 05:59:01 PM
23086A,N,V,04/06/2026 03:48:31 PM
23086B,N,V,04/06/2026 04:27:44 PM
23087A,N,O,04/06/2026 04:22:26 PM
23087B,N,O,04/06/2026 07:06:53 PM
23088A,N,O,04/06/2026 02:22:24 PM
23088B,N,O,04/06/2026 05:28:31 PM
23089A,N,O,04/06/2026 03:34:48 PM
23089B,N,O,04/06/2026 07:36:12 PM
23090B,N,O,04/06/2026 05:41:55 PM
23091A,N,O,04/06/2026 08:53:20 PM
23092A,N,V,04/06/2026 06:17:33 PM
23092B,N,O,04/06/2026 08:53:23 PM
23093A,N,O,04/06/2026 08:55:26 PM
23093B,N,O,04/06/2026 05:47:02 PM
23094A,N,O,04/06/2026 05:17:29 PM
23094B,N,O,04/06/2026 06:25:25 PM
23095A,N,O,04/06/2026 05:58:44 PM
23095B,N,O,04/06/2026 09:00:33 PM
23096A,N,O,04/06/2026 04:58:18 PM
23096B,N,O,04/06/2026 07:12:51 PM
23097A,N,O,04/06/2026 06:20:05 PM
23097B,N,O,04/06/2026 05:24:08 PM
23098A,N,O,04/06/2026 04:07:25 PM
23098B,N,O,04/06/2026 08:56:38 AM
23099B,N,O,04/06/2026 05:51:30 PM
23100A,N,V,04/06/2026 09:24:31 PM
23100B,N,O,04/06/2026 09:23:38 PM
23101A,N,O,04/06/2026 06:12:41 PM
23101B,N,O,04/06/2026 05:47:17 PM
23104A,N,O,04/06/2026 09:24:16 PM
23104B,N,O,04/06/2026 06:00:55 PM
23105A,N,O,04/06/2026 05:38:27 PM
23105B,N,O,04/06/2026 09:02:11 PM
23106A,N,O,04/06/2026 06:11:15 PM
23106B,N,O,04/06/2026 05:51:04 PM
23109A,N,O,04/06/2026 08:55:45 AM
23109B,N,O,04/06/2026 11:32:51 AM
23110A,N,O,04/06/2026 06:42:41 PM
23110B,N,O,04/06/2026 05:25:24 PM
23111A,N,O,04/06/2026 04:19:36 PM
23111B,N,O,04/06/2026 09:52:21 PM
23112A,N,O,04/06/2026 08:06:43 PM
23112B,N,O,04/06/2026 08:57:45 AM
23113A,N,O,04/06/2026 07:08:13 PM
23114A,N,O,04/06/2026 04:33:04 PM
23114B,N,O,04/05/2026 08:55:42 AM
23115A,N,O,04/06/2026 10:46:12 AM
23115B,N,O,04/06/2026 08:59:50 AM
23116A,N,O,04/06/2026 05:36:19 PM
23116B,N,O,04/06/2026 09:28:33 PM
2311B,N,O,04/07/2026 06:58:57 AM
23120A,N,O,04/06/2026 08:57:18 PM
23120B,N,V,04/06/2026 09:51:32 PM
23121A,N,O,04/06/2026 09:58:59 AM
23121B,N,O,04/06/2026 08:40:27 PM
23128B,N,O,04/06/2026 12:20:08 PM
23129A,N,O,04/06/2026 07:11:03 PM
23129B,N,O,04/06/2026 06:15:30 PM
2312A,N,O,04/06/2026 06:57:50 AM
2312B,N,O,04/07/2026 06:57:47 AM
23130A,N,V,04/06/2026 07:30:58 PM
23130B,N,O,04/06/2026 08:31:27 PM
23131A,N,O,04/06/2026 08:20:09 PM
23131B,N,O,04/06/2026 07:48:25 PM
23132A,N,O,04/06/2026 06:35:27 PM
23132B,N,O,04/06/2026 05:53:07 PM
23133A,N,V,04/06/2026 09:49:09 PM
23133B,N,O,04/06/2026 06:06:47 PM
23134A,N,O,04/06/2026 08:34:12 PM
23134B,N,O,04/06/2026 05:22:58 PM
23135A,N,O,04/06/2026 09:33:02 PM
23135B,N,O,04/06/2026 08:58:17 PM
23136A,N,O,04/06/2026 09:47:18 PM
23136B,N,O,04/06/2026 08:27:02 PM
23137A,N,O,04/06/2026 02:19:32 PM
23137B,N,V,04/06/2026 09:26:24 PM
23138A,N,O,04/06/2026 09:59:45 PM
23138B,N,V,04/06/2026 04:11:54 PM
23139A,N,O,04/06/2026 09:54:20 PM
23139B,N,O,04/06/2026 09:11:20 PM
2313A,N,O,04/07/2026 06:56:49 AM
2313B,N,O,04/07/2026 06:56:49 AM
23140A,N,O,04/06/2026 07:32:16 PM
23140B,N,O,04/06/2026 05:46:33 PM
23142A,N,O,04/06/2026 06:30:59 PM
23142B,N,O,04/06/2026 09:15:18 PM
23143A,N,V,04/06/2026 09:54:50 PM
23143B,N,O,04/06/2026 08:54:41 PM
23144A,N,V,04/06/2026 09:49:53 PM
23144B,N,O,04/06/2026 09:49:14 PM
23145A,N,V,04/06/2026 06:25:43 PM
23145B,N,V,04/06/2026 03:53:08 PM
23146A,N,V,04/06/2026 08:53:13 PM
23146B,N,V,04/06/2026 07:24:44 PM
23147A,N,V,04/06/2026 05:08:59 PM
23147B,N,O,04/06/2026 09:35:38 PM
23148A,N,V,04/06/2026 05:35:09 PM
23148B,N,V,04/06/2026 05:35:32 PM
23149A,N,O,04/06/2026 09:07:36 PM
23149B,N,V,04/06/2026 06:01:25 PM
2314A,N,O,04/07/2026 06:55:49 AM
2314B,N,O,04/07/2026 06:55:46 AM
23150A,N,O,04/06/2026 04:06:02 PM
23150B,N,O,04/06/2026 07:43:33 PM
23151A,N,O,04/06/2026 06:55:18 PM
23152A,N,O,04/06/2026 10:02:47 AM
23152B,N,O,04/06/2026 06:34:20 PM
23153A,N,O,04/06/2026 05:39:59 PM
23153B,N,O,04/06/2026 09:55:30 PM
23154A,N,O,04/06/2026 07:58:15 PM
23154B,N,O,04/06/2026 06:51:03 PM
23155A,N,V,04/06/2026 06:36:09 PM
23155B,N,V,04/06/2026 09:48:59 PM
23156A,N,O,04/06/2026 03:58:52 PM
23156B,N,O,04/06/2026 06:44:48 PM
23157A,N,O,09/27/2025 01:26:51 PM
23157B,N,O,04/06/2026 06:25:35 PM
23158A,N,O,04/06/2026 02:20:55 PM
23158B,N,O,04/06/2026 08:56:43 AM
23159A,N,O,04/06/2026 05:04:30 PM
23159B,N,O,09/18/2025 01:24:17 PM
2315B,N,O,04/07/2026 08:08:59 AM
23160A,N,O,04/06/2026 07:17:43 PM
23160B,N,O,04/06/2026 09:08:45 PM
23161A,N,O,04/06/2026 03:14:04 PM
23161B,N,O,04/06/2026 03:37:31 PM
23162A,N,O,04/06/2026 08:38:16 PM
23163A,N,O,04/06/2026 08:49:49 PM
23163B,N,O,04/06/2026 02:15:55 PM
23164A,N,O,04/06/2026 06:57:30 PM
23164B,N,O,04/06/2026 08:58:04 PM
23165A,N,O,04/04/2026 02:04:35 PM
23165B,N,V,04/06/2026 09:37:34 PM
23166A,N,V,04/06/2026 09:58:11 PM
23166B,N,V,04/06/2026 09:29:03 PM
23167A,N,V,04/06/2026 09:56:11 PM
23167B,N,O,04/06/2026 04:22:20 PM
23168A,N,O,04/06/2026 04:15:16 PM
23168B,N,O,04/06/2026 08:56:45 AM
23169A,N,O,04/06/2026 08:56:02 AM
23169B,N,O,04/06/2026 12:28:44 PM
2316B,N,O,04/06/2026 08:58:53 AM
23170A,NU,O,04/06/2026 03:27:14 PM
23170B,NU,O,04/06/2026 10:36:18 AM
2317B,N,O,04/07/2026 06:57:46 AM
2318A,N,O,04/06/2026 08:45:59 PM
2318B,N,O,04/06/2026 08:10:39 PM
2319A,N,O,04/06/2026 08:55:52 AM
2319B,N,O,04/06/2026 08:55:52 AM
23201B,N,O,04/06/2026 09:57:36 PM
23203A,N,O,04/06/2026 08:56:43 AM
23203B,N,O,04/06/2026 09:18:46 PM
23204A,N,O,04/06/2026 01:02:21 PM
23204B,N,O,04/06/2026 06:53:11 PM
23205A,N,O,04/06/2026 05:48:28 PM
23205B,N,O,04/06/2026 09:50:41 PM
23206A,N,O,04/06/2026 08:56:46 PM
23206B,N,O,04/06/2026 08:43:37 PM
23208A,N,O,04/06/2026 09:53:54 PM
23208B,N,V,04/06/2026 09:56:17 PM
23209A,N,O,04/06/2026 09:05:46 PM
2320A,N,O,04/06/2026 09:06:47 PM
2320B,N,O,04/06/2026 08:59:48 AM
23210B,N,O,04/06/2026 07:18:45 PM
23211A,N,O,04/06/2026 09:25:28 PM
23212A,N,V,04/06/2026 09:30:10 PM
23212B,N,V,04/06/2026 09:58:16 PM
23213A,N,V,04/06/2026 09:57:30 PM
23213B,N,O,04/06/2026 10:26:46 AM
23214A,N,O,04/06/2026 08:55:22 PM
23214B,N,O,04/06/2026 09:31:11 PM
23215A,N,V,04/06/2026 09:57:50 PM
23215B,N,V,04/06/2026 09:13:35 PM
23216A,N,O,04/06/2026 09:51:00 PM
23216B,N,O,04/06/2026 09:25:40 PM
23217A,N,O,04/06/2026 07:40:04 PM
23217B,N,O,04/06/2026 09:27:40 PM
23218A,N,V,04/06/2026 08:45:24 PM
23218B,N,O,04/06/2026 07:08:43 PM
23219A,N,V,04/06/2026 09:47:05 PM
23219B,N,V,04/06/2026 09:46:45 PM
2321A,N,O,04/06/2026 09:06:42 AM
2321B,N,O,04/06/2026 08:58:50 AM
23220A,N,V,04/06/2026 09:59:11 PM
23220B,N,O,04/06/2026 09:05:12 PM
23221A,N,V,04/06/2026 09:56:26 PM
23221B,N,O,04/06/2026 09:58:41 PM
23222A,N,O,04/06/2026 08:00:06 PM
23222B,N,O,04/06/2026 08:53:12 PM
23223A,N,V,04/06/2026 10:00:02 PM
23223B,N,O,04/06/2026 09:15:04 PM
23224A,N,O,04/06/2026 06:41:47 PM
23224B,N,O,04/06/2026 08:30:54 PM
2322A,N,O,04/06/2026 08:57:48 AM
2322B,N,O,04/06/2026 08:21:13 PM
23236A,N,O,04/06/2026 11:22:14 AM
23236B,N,O,04/06/2026 09:55:35 PM
23237A,N,O,04/06/2026 05:57:24 PM
23237B,N,O,04/06/2026 07:07:57 PM
23238A,N,O,04/06/2026 09:24:27 PM
23238B,N,O,04/06/2026 09:42:44 PM
23239A,N,O,04/06/2026 04:55:38 PM
23239B,N,O,04/06/2026 08:55:52 AM
2323A,N,V,04/06/2026 09:52:37 PM
2323B,N,O,04/06/2026 06:01:11 PM
23240A,N,O,04/06/2026 08:17:57 PM
23240B,N,O,04/06/2026 07:28:04 PM
23241A,N,O,04/06/2026 09:03:05 PM
23241B,N,O,04/06/2026 08:58:53 AM
23242A,N,O,04/06/2026 09:00:23 PM
23243A,N,O,04/06/2026 07:32:08 PM
23244A,N,O,04/06/2026 09:00:21 PM
23244B,N,O,04/06/2026 08:51:15 PM
23246A,N,V,04/06/2026 09:49:21 PM
23246B,N,O,04/06/2026 09:31:42 PM
23247A,N,O,04/06/2026 05:58:40 PM
23247B,N,O,04/06/2026 06:31:58 PM
23248A,N,O,04/06/2026 08:52:44 PM
23248B,N,O,04/06/2026 04:13:33 PM
23249A,N,O,04/06/2026 05:20:13 PM
23249B,N,O,04/06/2026 04:09:59 PM
2324A,N,O,04/06/2026 08:22:53 PM
2324B,N,O,04/06/2026 08:55:56 AM
23250B,N,V,04/06/2026 09:19:19 PM
23251A,N,O,04/06/2026 09:38:24 PM
23251B,N,O,04/06/2026 08:42:44 PM
23252A,N,V,04/06/2026 06:29:21 PM
23252B,N,V,04/06/2026 09:58:09 PM
23253A,N,O,04/06/2026 09:59:05 PM
23253B,N,O,04/06/2026 08:06:34 PM
23254A,N,O,04/06/2026 09:34:04 PM
23254B,N,O,04/06/2026 09:44:37 PM
23255A,N,O,04/06/2026 08:40:42 PM
23255B,N,O,04/06/2026 09:57:55 PM
23256A,N,O,04/06/2026 07:22:59 PM
23256B,N,O,04/06/2026 08:27:35 PM
23257A,N,O,04/06/2026 05:23:28 PM
23257B,N,O,04/06/2026 07:55:20 PM
23258A,N,O,04/06/2026 07:08:16 PM
23258B,N,O,04/06/2026 05:56:58 PM
23259A,N,O,04/06/2026 12:28:26 PM
23259B,N,O,04/06/2026 08:00:25 PM
23260B,N,O,04/06/2026 07:21:56 PM
23270A,N,O,04/06/2026 05:32:25 PM
23270B,N,O,04/06/2026 09:23:23 PM
23271A,N,V,04/06/2026 09:57:24 PM
23271B,N,V,04/06/2026 09:58:41 PM
23272A,N,O,04/06/2026 08:59:34 PM
23272B,N,O,04/06/2026 08:58:20 AM
23273A,N,O,04/06/2026 09:57:29 PM
23273B,N,O,04/06/2026 11:21:58 AM
23274A,N,O,04/06/2026 09:56:52 PM
23274B,N,O,04/06/2026 08:56:20 AM
23275A,N,O,04/06/2026 09:58:43 PM
23275B,N,O,04/06/2026 05:50:19 PM
23276A,N,O,04/06/2026 02:54:17 PM
23276B,N,O,04/06/2026 08:30:30 PM
23277A,N,O,04/06/2026 07:08:27 PM
23278A,N,O,04/06/2026 07:55:48 PM
23278B,N,O,04/06/2026 07:54:45 PM
23279A,N,O,04/06/2026 09:14:24 PM
23279B,N,O,04/06/2026 09:45:21 PM
23280A,N,O,04/06/2026 09:27:17 PM
23280B,N,O,07/06/2025 09:28:02 PM
23281A,N,O,04/06/2026 08:51:59 PM
23281B,N,O,04/06/2026 09:46:44 PM
23282A,N,O,04/06/2026 08:54:29 PM
23282B,N,O,04/06/2026 07:57:46 PM
23283A,N,V,04/06/2026 09:59:22 PM
23283B,N,V,04/06/2026 09:51:53 PM
23285B,N,O,04/06/2026 05:01:09 PM
23286A,N,O,04/06/2026 06:46:19 PM
23286B,N,O,04/06/2026 08:00:42 PM
23287A,N,O,04/06/2026 06:55:43 PM
23287B,N,O,04/06/2026 09:49:19 PM
23288A,N,V,04/06/2026 09:40:18 PM
23288B,N,O,04/06/2026 08:39:58 PM
23294A,N,O,04/06/2026 05:26:43 PM
23294B,N,O,04/06/2026 08:35:47 PM
23295A,N,O,04/06/2026 08:22:10 PM
23295B,N,O,04/06/2026 07:25:03 PM
23296A,N,O,04/06/2026 07:38:36 PM
23296B,N,O,04/06/2026 11:34:19 AM
23297A,N,O,04/06/2026 09:34:46 PM
23297B,N,O,04/06/2026 08:42:03 PM
23298A,N,O,04/06/2026 09:49:17 PM
23298B,N,O,04/06/2026 09:12:24 PM
23299A,N,O,04/06/2026 09:00:35 PM
23299B,N,V,04/06/2026 08:59:03 PM
23300A,N,V,04/06/2026 09:59:31 PM
23301A,N,O,04/06/2026 08:42:30 PM
23301B,N,V,04/06/2026 09:03:03 PM
23302A,N,V,04/06/2026 09:58:49 PM
23302B,N,O,04/06/2026 08:34:39 PM
23303A,N,O,04/06/2026 09:59:44 PM
23303B,N,O,04/06/2026 08:42:43 PM
23304A,N,O,04/06/2026 09:42:37 PM
23304B,N,O,04/06/2026 07:37:23 PM
23305A,N,O,04/06/2026 09:59:03 PM
23305B,N,V,04/06/2026 09:50:03 PM
23306A,N,V,04/06/2026 11:24:38 AM
23306B,N,O,04/06/2026 09:39:41 PM
23307A,N,O,04/06/2026 08:57:52 AM
23307B,N,O,04/06/2026 08:57:52 AM
23308A,N,O,04/05/2026 04:32:57 PM
23308B,N,O,04/06/2026 08:56:48 AM
23309A,N,O,04/06/2026 08:56:00 AM
23309B,N,O,04/06/2026 07:31:35 PM
23310B,N,O,04/06/2026 09:50:46 PM
23311A,N,O,04/06/2026 04:52:55 PM
23311B,N,O,04/06/2026 09:43:39 PM
23312A,N,O,04/06/2026 09:20:47 PM
23312B,N,O,04/06/2026 09:32:12 PM
23313B,N,O,04/06/2026 09:38:32 PM
23314A,N,V,04/06/2026 09:57:07 PM
23314B,N,O,04/06/2026 09:15:29 PM
23315A,N,O,04/05/2026 08:59:53 AM
23315B,N,O,04/06/2026 09:59:44 PM
23320A,N,O,04/06/2026 09:10:50 PM
23320B,N,O,04/06/2026 08:17:18 PM
23321A,N,O,04/06/2026 09:15:59 PM
23321B,N,O,04/06/2026 09:48:24 PM
23322A,N,O,04/06/2026 09:42:49 PM
23322B,N,O,04/06/2026 09:49:49 PM
23323A,N,O,04/06/2026 09:25:49 PM
23324A,N,O,04/06/2026 08:49:30 PM
23324B,N,O,04/06/2026 08:58:31 PM
23325A,N,V,04/06/2026 09:58:19 PM
23325B,N,O,04/06/2026 09:50:32 PM
2332A,N,O,04/06/2026 05:26:34 PM
2332B,N,O,04/06/2026 08:57:48 AM
23336A,N,O,04/06/2026 02:18:22 PM
23337A,N,O,04/06/2026 05:59:56 PM
23337B,N,O,04/06/2026 06:54:00 PM
23338A,N,V,04/06/2026 09:18:42 PM
23338B,N,O,04/06/2026 08:18:22 PM
23339A,N,O,04/06/2026 08:18:33 PM
23339B,N,V,04/06/2026 09:48:21 PM
2333A,N,O,04/06/2026 08:59:12 PM
2333B,N,O,04/06/2026 09:51:53 PM
23340A,N,O,04/06/2026 07:37:40 PM
23341A,N,O,04/06/2026 09:20:17 PM
23341B,N,O,04/06/2026 06:13:30 PM
23342A,N,O,04/06/2026 06:01:52 PM
23342B,N,O,04/06/2026 06:32:49 PM
23343A,N,O,04/06/2026 06:33:42 PM
23343B,N,O,04/06/2026 06:20:52 PM
23344A,N,V,04/06/2026 09:28:03 PM
23344B,N,O,04/06/2026 08:54:16 PM
23345A,N,O,04/06/2026 09:56:17 PM
23345B,N,O,04/06/2026 09:38:26 PM
23346A,N,O,04/06/2026 08:03:19 PM
23346B,N,V,04/06/2026 09:57:21 PM
23347A,N,O,04/06/2026 06:56:05 PM
23347B,N,O,04/06/2026 05:26:14 PM
23348A,N,V,04/06/2026 05:36:51 PM
23348B,N,V,04/06/2026 09:04:53 PM
23349A,N,O,04/06/2026 08:00:21 PM
23349B,N,V,04/06/2026 09:29:43 PM
2334A,N,O,04/06/2026 03:12:30 PM
2334B,N,V,04/06/2026 08:24:45 PM
23350A,N,O,04/06/2026 07:50:54 PM
23350B,N,O,04/06/2026 09:57:36 PM
23351A,N,V,04/06/2026 09:59:15 PM
23351B,N,O,04/06/2026 09:58:56 PM
23352A,N,O,04/06/2026 02:41:29 PM
23352B,N,O,04/06/2026 07:05:08 PM
23353A,N,O,04/06/2026 08:49:50 PM
23355B,N,O,04/06/2026 04:14:46 PM
23356A,N,O,04/06/2026 08:37:36 PM
23356B,N,V,04/06/2026 08:43:48 PM
23357A,NU,V,04/03/2026 03:50:06 PM
23357B,NU,O,04/04/2026 10:30:13 AM
23358A,N,O,04/06/2026 09:40:08 PM
23358B,N,V,04/06/2026 08:13:33 PM
23359A,N,O,04/06/2026 06:58:47 PM
23359B,N,O,04/06/2026 08:57:25 PM
23360A,N,V,04/06/2026 09:48:12 PM
23360B,N,V,04/06/2026 09:10:38 PM
23361A,N,O,04/06/2026 07:57:40 PM
23361B,N,O,04/06/2026 09:43:04 PM
23362A,N,O,04/06/2026 07:28:40 PM
23362B,N,O,04/06/2026 07:42:38 PM
23363A,N,O,04/06/2026 04:01:34 PM
23363B,N,O,04/06/2026 02:23:53 PM
23364A,N,V,04/06/2026 09:59:45 PM
23364B,N,O,04/06/2026 09:45:44 PM
23365A,N,V,04/06/2026 09:58:45 PM
23365B,N,V,04/06/2026 09:23:22 PM
23366A,N,V,04/06/2026 09:14:24 PM
23366B,N,V,09/26/2025 08:21:23 AM
23367A,N,O,04/06/2026 09:00:56 PM
23367B,N,O,04/06/2026 09:57:49 AM
23368A,N,V,04/06/2026 04:33:56 PM
23368B,N,O,04/06/2026 04:21:31 PM
23369A,N,O,04/06/2026 02:51:46 PM
23369B,N,O,04/06/2026 02:59:30 PM
23370A,N,O,04/06/2026 02:59:11 PM
23370B,N,O,04/06/2026 01:50:53 PM
23371A,N,O,04/06/2026 10:43:02 AM
23371B,N,V,04/06/2026 07:50:13 PM
23372A,N,V,04/06/2026 09:59:57 PM
23372B,N,O,04/06/2026 04:22:35 PM
23373A,N,V,04/06/2026 09:55:04 PM
23373B,N,O,04/06/2026 07:53:35 PM
23374A,N,O,04/06/2026 06:03:41 PM
23374B,N,O,04/06/2026 05:29:45 PM
23375A,N,O,04/06/2026 03:45:48 PM
23375B,N,O,04/06/2026 09:59:43 AM
23376A,N,O,04/06/2026 09:58:45 AM
23376B,N,O,04/06/2026 04:13:07 PM
23377A,N,O,04/06/2026 04:20:48 PM
23377B,N,O,04/06/2026 04:44:17 PM
23378A,N,V,04/06/2026 09:14:19 PM
23378B,N,O,04/06/2026 09:56:44 AM
23379A,N,O,04/06/2026 09:55:43 AM
23379B,N,O,04/06/2026 02:57:32 PM
23380A,N,O,04/06/2026 09:45:32 PM
23380B,N,O,04/06/2026 08:27:28 PM
23381A,N,O,04/06/2026 08:34:20 PM
23381B,N,O,04/06/2026 09:51:14 PM
23386B,N,O,04/06/2026 07:55:50 PM
23387A,N,O,04/06/2026 08:42:03 PM
23387B,N,V,04/06/2026 09:06:09 PM
23388A,N,O,04/06/2026 09:42:42 PM
23388B,N,O,04/06/2026 05:08:53 PM
23389A,N,O,04/06/2026 08:08:31 PM
23389B,N,O,04/06/2026 03:57:08 PM
23390A,N,O,04/06/2026 09:14:48 PM
23390B,N,O,04/06/2026 08:56:11 PM
23391A,N,O,04/06/2026 08:58:51 AM
23391B,N,O,04/06/2026 08:58:51 AM
23392A,N,O,04/06/2026 08:40:48 PM
23392B,N,O,04/06/2026 08:46:12 PM
23393A,N,O,04/06/2026 08:08:40 PM
23393B,N,O,04/06/2026 09:20:06 PM
23394A,N,O,04/06/2026 09:35:09 PM
23394B,N,O,04/06/2026 08:51:12 PM
23395A,N,O,04/06/2026 05:42:30 PM
23395B,N,O,04/06/2026 07:26:23 PM
23396A,N,O,04/06/2026 09:12:57 PM
23396B,N,O,04/06/2026 03:10:09 PM
23397A,N,O,04/06/2026 08:50:21 PM
23397B,N,O,04/06/2026 07:32:47 PM
23398A,N,O,04/06/2026 09:13:16 PM
23398B,N,O,04/06/2026 07:41:37 PM
23399A,N,O,04/06/2026 06:43:04 PM
23399B,N,O,04/06/2026 09:13:34 PM
23400A,N,O,04/06/2026 05:10:48 PM
23401A,N,O,04/06/2026 02:36:09 PM
23401B,N,O,04/06/2026 09:14:06 AM
23402A,N,O,04/06/2026 05:28:02 PM
23402B,N,O,04/06/2026 01:30:11 PM
23403A,N,O,04/06/2026 08:14:37 PM
23403B,N,O,04/06/2026 09:48:03 PM
23404A,N,O,04/06/2026 03:58:40 PM
23404B,N,O,04/06/2026 04:26:54 PM
23405A,N,O,04/06/2026 07:51:03 PM
23405B,N,O,04/06/2026 09:22:44 PM
23406A,N,V,04/06/2026 09:59:23 PM
23406B,N,O,04/06/2026 09:26:33 PM
23407A,N,O,04/06/2026 09:43:13 PM
23407B,N,O,04/06/2026 04:44:36 PM
23408A,N,O,04/06/2026 09:52:25 PM
23408B,N,O,04/06/2026 08:14:17 PM
23409A,N,O,04/06/2026 08:18:50 PM
23409B,N,O,04/06/2026 09:47:31 PM
2340A,N,O,04/07/2026 06:59:54 AM
2340B,N,O,04/07/2026 07:00:02 AM
23410A,N,O,04/06/2026 09:25:29 PM
23410B,N,O,04/06/2026 08:47:27 PM
23411A,N,O,04/06/2026 08:58:45 AM
23411B,N,O,04/06/2026 09:50:25 PM
23412A,N,O,04/06/2026 06:57:23 PM
23412B,N,O,04/06/2026 09:54:55 PM
23413B,N,O,04/06/2026 08:21:49 PM
23414A,N,O,04/06/2026 05:06:58 PM
23415A,N,O,04/06/2026 10:00:01 PM
23415B,N,O,04/06/2026 08:43:39 PM
23416A,N,O,04/06/2026 09:24:54 PM
23416B,N,O,04/06/2026 01:35:45 PM
23417B,N,O,04/06/2026 09:57:45 AM
23419B,N,O,04/06/2026 09:10:09 PM
2341B,N,O,04/07/2026 06:58:48 AM
23420A,N,O,04/06/2026 04:47:43 PM
23420B,N,O,04/06/2026 09:59:57 PM
23421A,N,O,04/06/2026 09:06:19 PM
23421B,N,O,04/06/2026 03:02:40 PM
23422A,N,O,04/06/2026 08:57:48 AM
23422B,N,O,04/06/2026 08:45:38 PM
23423A,N,O,04/06/2026 04:38:27 PM
23423B,N,O,04/06/2026 08:56:46 AM
2343A,N,V,04/07/2026 08:36:20 AM
2343B,N,O,04/07/2026 08:36:29 AM
23444A,N,O,04/06/2026 08:32:39 PM
23444B,N,O,04/06/2026 08:28:29 PM
23445A,N,O,04/06/2026 09:02:58 PM
23445B,N,O,04/06/2026 09:10:10 PM
23446A,N,O,04/06/2026 09:40:05 PM
23446B,N,V,04/06/2026 09:57:20 PM
23447A,N,V,04/06/2026 09:59:01 PM
23447B,N,O,04/06/2026 09:59:36 PM
23448A,N,O,04/06/2026 09:45:00 PM
23448B,N,V,04/06/2026 09:46:43 PM
23449A,N,O,04/06/2026 02:49:47 PM
23449B,N,V,04/06/2026 09:50:43 PM
2344A,N,O,04/07/2026 06:55:55 AM
23450A,N,O,04/06/2026 06:57:19 PM
23450B,N,O,04/06/2026 09:12:55 PM
23451A,N,V,04/06/2026 06:23:33 PM
23451B,N,O,04/06/2026 08:03:39 PM
23452A,N,O,04/06/2026 09:40:13 PM
23452B,N,O,04/06/2026 08:57:49 PM
23453A,N,V,04/06/2026 09:34:39 PM
23453B,N,V,04/06/2026 09:24:33 PM
23454A,N,O,04/06/2026 07:48:41 PM
23454B,N,V,04/06/2026 09:52:52 PM
23455A,N,O,04/06/2026 09:56:36 PM
23455B,N,V,04/06/2026 09:53:47 PM
2345A,N,O,04/07/2026 06:59:50 AM
2345B,N,O,04/07/2026 08:36:40 AM
23464B,N,O,04/06/2026 09:55:54 AM
23465A,N,O,04/06/2026 09:59:46 AM
23465B,N,O,04/06/2026 10:27:41 AM
23466A,N,O,04/06/2026 09:58:59 AM
23466B,N,O,04/06/2026 03:20:55 PM
23467A,N,O,04/06/2026 09:51:05 PM
23467B,N,O,04/06/2026 03:28:59 PM
23468A,N,O,04/06/2026 02:00:15 PM
23468B,N,O,04/06/2026 09:58:07 AM
23469A,N,O,04/06/2026 09:55:47 AM
23469B,N,V,04/06/2026 09:59:40 PM
23470B,N,V,04/06/2026 08:57:57 PM
23471A,N,O,04/06/2026 09:36:05 PM
23471B,N,V,04/06/2026 09:37:54 PM
23472A,N,O,04/06/2026 07:27:57 PM
23472B,N,V,04/06/2026 08:14:18 PM
23473A,N,O,04/06/2026 09:28:23 PM
23473B,N,V,04/06/2026 08:56:45 PM
23474A,N,V,04/06/2026 09:53:51 PM
23474B,N,O,04/06/2026 08:49:11 PM
23475A,N,V,04/06/2026 09:16:20 PM
23475B,N,O,04/06/2026 09:03:46 PM
23476A,N,V,04/06/2026 09:35:30 PM
23476B,N,V,04/06/2026 09:34:33 PM
23477A,N,O,04/06/2026 08:47:02 PM
23477B,N,O,04/06/2026 09:27:34 PM
23478A,N,O,04/06/2026 09:56:44 AM
23478B,N,O,04/06/2026 07:46:52 PM
23479B,N,O,04/06/2026 04:35:04 PM
23480A,N,O,04/06/2026 04:38:36 PM
23480B,N,O,04/06/2026 09:51:41 PM
23481A,N,O,04/06/2026 09:35:04 PM
23481B,N,O,04/06/2026 05:57:25 PM
23482A,N,V,04/06/2026 09:45:20 PM
23482B,N,O,04/06/2026 05:50:17 PM
23483A,N,V,04/06/2026 09:05:41 PM
23483B,N,V,04/06/2026 09:05:41 PM
23484A,N,V,04/06/2026 09:36:04 PM
23484B,N,O,04/06/2026 09:29:59 PM
23485A,N,O,04/06/2026 05:59:27 PM
23485B,N,V,04/06/2026 09:37:50 PM
23486A,N,V,04/06/2026 09:53:43 PM
23486B,N,O,04/06/2026 09:47:54 PM
23487A,N,O,04/06/2026 08:14:39 PM
23487B,N,V,04/06/2026 09:07:22 PM
23488A,N,V,04/06/2026 09:09:37 PM
23488B,N,V,04/06/2026 09:02:41 PM
23489A,N,O,04/06/2026 09:54:57 PM
23489B,N,O,04/06/2026 08:44:06 PM
2348A,N,O,04/07/2026 06:56:48 AM
23490A,N,O,04/06/2026 08:07:57 PM
23491A,N,O,04/06/2026 04:56:21 PM
23491B,N,V,04/06/2026 09:28:07 PM
23492A,N,O,04/06/2026 08:38:50 PM
23492B,N,O,04/06/2026 08:41:36 PM
23493A,N,O,04/06/2026 09:56:47 AM
23493B,N,O,04/06/2026 09:56:56 AM
23494A,N,O,04/06/2026 06:43:08 PM
23494B,N,O,04/06/2026 08:46:35 PM
23495A,N,O,04/06/2026 09:41:18 PM
23495B,N,O,04/06/2026 10:00:45 AM
23496A,N,O,04/06/2026 06:52:00 PM
23496B,N,O,04/06/2026 08:24:16 PM
23497B,N,O,04/06/2026 08:57:54 AM
23498B,N,O,04/06/2026 09:56:48 AM
23499B,N,O,04/06/2026 09:00:37 PM
2349A,N,O,04/07/2026 06:56:14 AM
2349B,N,O,04/07/2026 06:55:50 AM
23500A,N,O,04/06/2026 08:59:55 PM
23500B,N,O,04/06/2026 09:27:18 PM
23501A,N,O,04/06/2026 08:32:17 PM
23501B,N,O,04/06/2026 09:35:15 PM
23509A,N,O,04/06/2026 08:55:53 AM
23509B,N,V,04/06/2026 09:59:29 PM
23510A,N,O,04/06/2026 09:35:54 PM
23510B,N,O,04/06/2026 09:50:47 PM
23511A,N,V,04/06/2026 09:57:22 PM
23511B,N,O,04/06/2026 06:34:19 PM
23512A,N,O,04/06/2026 07:30:16 PM
23512B,N,O,04/06/2026 08:57:50 AM
23514A,N,O,04/06/2026 03:41:45 PM
23514B,N,O,04/06/2026 08:31:17 PM
23515A,N,O,04/06/2026 09:16:47 PM
23515B,N,O,04/06/2026 06:03:32 PM
23516A,N,O,04/06/2026 09:43:20 PM
23517A,N,O,04/06/2026 09:06:58 PM
23517B,N,O,04/06/2026 05:35:31 PM
23518A,N,O,04/06/2026 08:57:39 PM
23518B,N,O,04/06/2026 09:24:53 PM
23519A,N,O,04/06/2026 05:07:54 PM
23519B,N,O,04/06/2026 07:21:48 PM
23520A,N,O,04/06/2026 09:59:38 PM
23520B,N,O,04/06/2026 09:59:49 AM
23521A,N,O,04/06/2026 09:51:32 PM
23522A,N,V,04/06/2026 09:59:33 PM
23522B,N,O,04/06/2026 09:11:18 PM
23523A,N,O,04/06/2026 10:00:01 PM
23523B,N,O,10/05/2025 09:03:09 AM
23524A,N,O,04/06/2026 06:20:04 PM
23524B,N,V,04/06/2026 09:33:33 PM
23525A,N,O,04/06/2026 09:58:34 PM
23525B,N,O,04/06/2026 06:20:02 PM
23526A,N,V,04/05/2026 03:47:17 PM
23526B,N,V,04/06/2026 09:40:43 AM
23527A,N,O,04/06/2026 02:43:22 PM
23527B,N,O,04/06/2026 08:06:12 PM
23528B,N,V,04/06/2026 09:41:55 PM
23530A,N,V,04/06/2026 09:19:14 PM
23530B,N,O,04/06/2026 08:59:46 AM
23531B,N,V,04/05/2026 04:01:22 PM
23532A,N,O,04/06/2026 09:23:57 PM
23532B,N,O,04/06/2026 09:54:45 PM
23533A,N,O,04/06/2026 06:39:05 PM
23533B,N,O,04/06/2026 10:30:47 AM
23534A,N,O,04/06/2026 09:17:40 PM
23534B,N,V,04/06/2026 09:56:12 PM
23535A,N,V,04/06/2026 09:59:15 PM
23535B,N,O,04/06/2026 09:41:21 PM
23536A,N,O,04/06/2026 09:57:24 PM
23536B,N,O,04/06/2026 09:05:02 AM
23537A,N,V,04/06/2026 04:33:47 PM
23537B,N,O,04/06/2026 08:54:46 PM
23538A,N,O,04/06/2026 06:18:36 PM
23538B,N,V,04/06/2026 05:54:36 PM
23539A,N,O,04/05/2026 09:29:23 PM
23539B,N,V,04/05/2026 09:28:30 PM
23542A,N,V,04/06/2026 07:47:13 PM
23542B,N,V,04/06/2026 09:59:44 PM
23543A,N,O,04/06/2026 07:15:06 PM
23543B,N,O,04/06/2026 09:30:03 PM
23544A,N,O,04/06/2026 06:38:03 PM
23544B,N,V,04/06/2026 09:59:42 PM
23552A,N,O,04/06/2026 09:41:32 PM
23552B,N,O,04/06/2026 08:48:30 PM
23553A,N,O,04/06/2026 09:11:46 PM
23553B,N,O,04/06/2026 04:48:35 PM
23554A,N,O,04/06/2026 08:24:15 PM
23554B,N,O,04/06/2026 03:38:57 PM
23555A,N,O,04/06/2026 09:01:47 PM
23555B,N,O,04/06/2026 09:54:02 PM
23556A,N,O,04/06/2026 07:08:10 PM
23556B,N,O,04/06/2026 03:45:43 PM
23557B,N,O,10/12/2025 02:43:57 PM
23558A,N,O,04/05/2026 02:09:58 PM
23558B,N,O,04/06/2026 07:45:52 PM
23559B,N,O,04/06/2026 09:20:13 PM
2355A,N,O,04/07/2026 06:59:49 AM
2355B,N,O,04/07/2026 06:59:49 AM
23560A,N,O,04/06/2026 07:20:34 PM
23561A,N,V,04/06/2026 09:59:55 PM
23561B,N,O,04/06/2026 08:58:52 AM
23562A,N,O,04/06/2026 08:38:58 PM
23562B,N,O,04/06/2026 05:56:14 PM
23563B,N,O,04/06/2026 09:49:02 PM
23564A,N,O,04/06/2026 08:57:19 PM
23567A,N,O,04/06/2026 05:29:18 PM
23567B,N,O,04/06/2026 09:07:21 PM
23568A,N,V,04/06/2026 09:59:57 PM
23577A,N,O,04/06/2026 03:08:58 PM
23577B,N,O,04/06/2026 02:41:28 PM
23578A,NU,O,04/06/2026 02:56:04 PM
23578B,NU,O,04/06/2026 05:07:33 PM
23579A,N,O,04/06/2026 06:42:32 PM
23579B,N,O,04/06/2026 08:14:40 PM
23580A,N,O,04/06/2026 07:29:30 PM
23580B,N,O,04/06/2026 09:02:03 PM
23581A,N,O,04/06/2026 09:40:26 PM
23581B,N,O,04/06/2026 08:25:48 PM
23582A,N,V,04/06/2026 10:00:01 PM
23582B,N,O,04/06/2026 05:04:24 PM
23583A,N,O,04/06/2026 05:09:56 PM
23583B,N,O,04/06/2026 04:41:24 PM
23584A,N,O,04/06/2026 08:02:45 PM
23584B,N,V,04/06/2026 08:15:30 PM
23585A,N,O,04/06/2026 09:59:57 PM
23585B,N,O,04/06/2026 08:30:39 PM
23586A,N,O,04/06/2026 06:05:36 PM
23586B,N,O,04/06/2026 07:37:43 PM
23587A,N,O,01/07/2026 06:57:43 AM
23587B,N,O,01/07/2026 12:02:32 PM
23588A,N,O,04/06/2026 05:18:12 PM
23588B,N,O,04/06/2026 05:04:33 PM
23589A,N,O,04/06/2026 02:17:56 PM
23589B,N,V,04/06/2026 03:21:48 PM
23590A,N,O,04/06/2026 09:12:53 PM
23590B,N,O,04/06/2026 03:02:10 PM
23591A,N,O,04/06/2026 09:39:35 PM
23591B,N,O,04/06/2026 08:51:41 PM
23592A,N,O,04/06/2026 07:20:58 PM
23592B,N,O,04/06/2026 07:36:09 PM
23593A,N,O,04/06/2026 07:50:56 PM
23593B,N,O,04/06/2026 07:54:10 PM
23594A,N,V,04/06/2026 09:58:53 PM
23594B,N,V,04/06/2026 09:33:43 PM
23595A,N,O,04/06/2026 08:41:24 PM
23595B,N,O,04/06/2026 07:40:05 PM
23596B,N,O,04/06/2026 04:54:05 PM
23597A,N,O,04/06/2026 09:45:25 PM
23597B,N,O,04/06/2026 08:57:51 AM
23598A,N,O,04/06/2026 01:44:12 PM
23598B,N,O,04/06/2026 07:10:43 PM
23599A,N,O,04/06/2026 08:20:25 PM
23599B,N,O,04/06/2026 02:15:23 PM
23600B,N,O,04/06/2026 01:36:34 PM
23601A,N,O,04/06/2026 05:49:06 PM
23601B,N,O,04/06/2026 09:34:02 PM
23602A,N,O,04/06/2026 08:58:47 PM
23602B,N,O,04/06/2026 09:29:53 PM
23603A,N,O,04/06/2026 07:32:28 PM
23603B,N,O,04/06/2026 09:50:56 PM
23604A,N,O,04/06/2026 07:59:22 PM
23604B,N,O,04/06/2026 07:21:59 PM
23605A,N,O,04/06/2026 08:47:33 PM
23605B,N,O,04/06/2026 09:43:24 PM
23606A,N,O,04/06/2026 08:23:04 PM
23606B,N,O,04/06/2026 09:53:42 PM
23607A,N,O,04/06/2026 02:52:28 PM
23607B,N,O,04/06/2026 08:57:41 AM
23608A,N,O,04/06/2026 09:41:51 PM
23608B,N,O,04/06/2026 09:41:51 PM
23609A,N,O,04/06/2026 06:43:20 PM
23609B,N,O,04/06/2026 10:30:10 AM
2360A,N,V,04/07/2026 07:56:24 AM
2360B,N,O,04/07/2026 08:36:40 AM
23610A,N,V,04/06/2026 08:30:41 PM
23611B,N,O,04/06/2026 03:21:55 PM
23612A,N,V,04/06/2026 09:59:22 PM
23613B,N,V,04/06/2026 09:47:39 PM
23614A,N,O,04/06/2026 09:49:15 PM
23614B,N,O,04/06/2026 10:20:55 AM
23615A,N,O,04/06/2026 09:41:11 PM
23615B,N,O,04/06/2026 07:14:44 PM
23616A,N,O,04/06/2026 09:15:57 PM
23616B,N,O,04/06/2026 09:08:29 PM
23617A,N,O,04/06/2026 09:09:17 AM
23617B,N,O,04/06/2026 12:14:47 PM
23618A,N,O,04/06/2026 07:45:22 PM
23618B,N,O,04/06/2026 09:32:07 PM
23619A,N,O,04/06/2026 08:32:53 PM
23619B,N,V,04/06/2026 09:59:53 PM
2361A,N,O,04/07/2026 06:58:55 AM
2361B,N,O,04/06/2026 06:58:50 AM
23620A,N,O,04/06/2026 09:40:08 PM
23620B,N,O,04/06/2026 09:46:45 PM
23622A,N,O,04/06/2026 09:57:46 AM
23622B,N,O,04/06/2026 09:57:50 AM
23623A,N,O,04/06/2026 09:56:51 AM
23623B,N,O,04/06/2026 04:00:17 PM
23624A,N,O,04/06/2026 09:55:46 AM
23624B,N,O,04/06/2026 09:55:46 AM
23625A,N,O,04/06/2026 09:04:40 PM
23625B,NU,O,04/06/2026 09:18:50 PM
23626A,N,O,04/06/2026 08:54:40 PM
23627A,N,O,04/06/2026 09:38:49 PM
23627B,N,O,04/06/2026 08:51:24 PM
23628A,N,V,04/06/2026 09:50:11 PM
23628B,N,O,04/06/2026 09:53:29 PM
23629A,N,O,04/06/2026 09:50:52 PM
23629B,N,O,04/06/2026 09:50:29 PM
2362A,N,O,04/07/2026 06:57:44 AM
2362B,N,O,04/07/2026 06:57:44 AM
23630A,N,O,04/06/2026 08:30:50 PM
23630B,N,O,04/06/2026 08:59:46 AM
23631A,N,O,04/06/2026 08:34:03 PM
23631B,N,O,04/06/2026 04:43:04 PM
23632A,N,O,04/06/2026 07:17:03 PM
23632B,N,V,04/06/2026 09:57:56 PM
23633A,N,O,04/06/2026 07:08:10 PM
23633B,N,O,04/06/2026 09:21:37 PM
23634A,N,O,04/05/2026 12:54:59 PM
23634B,N,O,04/06/2026 09:25:34 PM
23635A,N,O,04/06/2026 03:30:07 PM
23635B,N,O,04/06/2026 06:03:43 PM
23636A,N,V,04/06/2026 09:58:14 PM
23636B,N,O,04/06/2026 07:32:40 PM
23637A,N,O,04/06/2026 09:57:50 PM
23637B,N,O,04/06/2026 09:12:32 PM
23638A,N,O,04/06/2026 05:07:56 PM
23638B,N,V,04/06/2026 09:39:41 PM
23639A,N,O,04/06/2026 09:46:09 PM
23639B,N,O,04/06/2026 09:12:07 PM
2363A,N,O,04/07/2026 06:57:21 AM
23640A,N,O,04/06/2026 08:54:10 PM
23640B,N,V,04/06/2026 09:57:46 PM
23641B,N,O,04/06/2026 11:21:31 AM
23642B,N,O,04/06/2026 05:25:53 PM
23643A,N,O,04/06/2026 09:34:44 PM
23643B,N,O,04/06/2026 12:13:37 PM
23644A,N,O,04/06/2026 07:57:08 PM
23644B,N,O,04/06/2026 08:55:47 PM
23645A,N,O,04/06/2026 07:49:05 PM
23645B,N,O,04/06/2026 04:53:39 PM
23646A,N,O,04/06/2026 09:44:33 PM
23646B,N,O,04/06/2026 09:19:26 PM
23647A,N,O,04/06/2026 09:38:34 PM
23648B,N,O,04/06/2026 09:04:43 PM
23649A,N,O,04/06/2026 09:40:39 PM
23649B,N,O,04/06/2026 07:59:47 PM
2364A,N,O,04/07/2026 06:55:43 AM
2364B,N,O,04/07/2026 06:55:50 AM
23650A,N,O,04/06/2026 07:55:51 PM
23650B,N,O,04/06/2026 08:26:22 PM
23651A,N,O,04/06/2026 08:02:53 PM
23651B,N,O,04/06/2026 07:06:51 PM
23652A,N,O,04/06/2026 07:14:59 PM
23652B,N,O,04/06/2026 07:01:25 PM
23653A,N,O,04/06/2026 09:54:35 PM
23654A,N,O,04/06/2026 07:59:11 PM
23654B,N,O,04/06/2026 05:33:55 PM
23655A,N,O,04/06/2026 02:03:06 PM
23655B,N,O,04/06/2026 09:59:52 AM
23656A,N,O,04/06/2026 09:58:57 AM
23656B,N,O,04/06/2026 09:58:42 AM
23657A,N,O,04/06/2026 06:23:29 PM
23657B,N,O,04/06/2026 09:57:48 AM
23658B,N,O,04/06/2026 04:15:36 PM
23659B,N,O,04/06/2026 09:29:03 PM
2365B,N,O,04/07/2026 06:59:43 AM
23660A,N,O,04/06/2026 09:19:12 PM
23660B,N,O,04/06/2026 09:36:16 PM
23661A,N,O,04/06/2026 05:02:42 PM
23661B,N,O,04/06/2026 09:15:57 PM
23662A,N,O,04/06/2026 09:06:58 PM
23662B,N,O,04/06/2026 09:37:12 PM
2366A,N,O,04/06/2026 10:31:03 AM
2367A,N,O,04/06/2026 09:53:06 PM
2367B,N,O,04/06/2026 07:00:51 PM
23680A,N,V,04/06/2026 09:35:57 PM
23680B,N,O,04/06/2026 09:59:52 PM
23681A,N,V,04/06/2026 09:54:26 PM
23681B,N,V,04/06/2026 09:49:04 PM
23682A,N,V,04/06/2026 08:01:14 PM
23682B,N,V,04/06/2026 09:55:50 PM
23683A,N,O,04/06/2026 09:56:28 PM
23683B,N,V,04/06/2026 09:30:58 PM
23684A,N,V,04/06/2026 07:28:34 PM
23684B,N,V,04/06/2026 08:59:33 PM
23685A,N,V,04/06/2026 09:44:03 PM
23685B,N,V,04/06/2026 08:59:38 PM
23686A,N,V,04/06/2026 09:42:58 PM
23686B,N,V,04/06/2026 09:59:59 PM
23687A,N,V,04/06/2026 09:47:17 PM
23687B,N,V,04/06/2026 09:59:43 PM
23688A,N,V,04/06/2026 07:25:35 PM
23688B,N,V,04/06/2026 09:54:39 PM
23689A,N,V,04/06/2026 09:57:40 PM
23689B,N,V,04/06/2026 08:59:45 PM
2368A,N,O,04/06/2026 01:17:14 PM
2368B,N,O,04/06/2026 09:39:26 PM
23690A,N,V,04/06/2026 09:34:34 PM
23690B,N,V,04/06/2026 09:57:01 PM
23691A,N,O,04/06/2026 09:49:22 PM
23691B,N,V,04/06/2026 09:49:46 PM
23692A,N,O,04/06/2026 08:57:52 AM
23692B,N,V,04/06/2026 09:36:53 PM
23693A,N,V,04/06/2026 09:55:28 PM
23693B,N,V,04/06/2026 09:51:56 PM
23694A,N,V,04/06/2026 08:56:46 PM
23694B,N,O,04/06/2026 09:59:17 PM
23695A,N,V,04/06/2026 04:32:14 PM
23695B,N,V,04/06/2026 09:19:07 PM
23696A,N,V,04/05/2026 05:54:07 PM
23696B,N,V,04/06/2026 07:41:47 PM
23697A,N,V,04/06/2026 07:30:37 PM
23697B,N,V,04/06/2026 07:55:18 PM
23698A,N,V,04/06/2026 08:16:18 PM
23698B,N,V,04/06/2026 09:49:56 PM
23699A,N,V,04/06/2026 09:00:10 PM
23699B,N,V,04/06/2026 09:14:31 PM
2369A,N,O,04/06/2026 09:57:09 PM
2369B,N,O,04/06/2026 09:58:18 PM
23700A,N,V,04/06/2026 09:48:41 PM
23700B,N,V,04/06/2026 09:49:19 PM
23701A,N,V,04/06/2026 08:00:47 PM
23701B,N,O,04/06/2026 06:55:54 PM
23702A,N,V,04/06/2026 09:15:59 PM
23702B,N,V,04/06/2026 09:16:07 PM
23703A,N,V,04/06/2026 09:21:03 PM
23703B,N,V,04/06/2026 09:19:03 PM
23704A,N,V,04/06/2026 09:23:44 PM
23704B,N,V,04/06/2026 09:59:56 PM
23705A,N,V,04/06/2026 08:13:36 PM
23705B,N,V,04/06/2026 08:14:37 PM
23706A,N,V,04/06/2026 06:13:28 PM
23706B,N,V,04/06/2026 09:59:55 PM
23707A,N,O,04/06/2026 06:15:37 PM
23707B,N,V,04/06/2026 06:52:26 PM
2370B,N,O,04/06/2026 09:59:46 AM
23710A,N,V,04/06/2026 09:42:32 PM
23710B,N,V,04/06/2026 09:42:23 PM
23711A,N,V,04/06/2026 04:24:21 PM
23711B,N,V,04/06/2026 06:26:25 PM
23712A,N,V,04/06/2026 09:44:11 PM
23712B,N,V,04/05/2026 06:16:09 PM
23713A,N,V,04/04/2026 09:59:55 PM
23713B,N,V,04/06/2026 04:15:39 PM
23714A,N,V,04/06/2026 08:50:49 PM
23714B,N,V,04/06/2026 12:54:27 PM
23715A,N,V,04/06/2026 10:20:22 PM
23715B,N,V,04/06/2026 02:59:35 PM
23716A,N,V,04/06/2026 06:06:59 PM
23716B,N,V,04/06/2026 06:06:28 PM
23717A,N,V,04/06/2026 02:51:18 PM
23717B,N,V,04/06/2026 09:56:01 PM
23718A,N,V,04/06/2026 09:59:30 PM
23718B,N,V,04/05/2026 06:46:24 PM
23719A,N,V,04/06/2026 08:08:45 PM
23719B,N,V,04/05/2026 09:51:34 PM
2371A,N,O,04/06/2026 09:22:07 PM
2371B,N,O,04/06/2026 09:58:53 AM
23720A,N,V,04/06/2026 09:40:15 PM
23720B,N,V,04/06/2026 09:40:22 PM
23721B,N,V,04/06/2026 09:59:42 PM
23722A,N,O,04/06/2026 10:00:01 PM
23722B,N,V,04/06/2026 09:21:32 PM
23723A,N,V,04/06/2026 09:58:18 PM
23723B,N,V,04/06/2026 09:55:17 PM
23724A,N,V,04/06/2026 09:50:04 PM
23724B,N,V,04/06/2026 04:33:53 PM
23725A,N,V,04/05/2026 09:42:04 PM
23725B,N,O,04/06/2026 09:59:13 PM
23726A,N,V,04/05/2026 04:05:26 PM
23726B,N,O,04/06/2026 09:59:23 PM
23727A,N,V,04/06/2026 04:11:28 PM
23727B,N,V,04/06/2026 02:34:27 PM
23728A,N,V,08/11/2025 11:57:50 AM
23728B,N,O,04/04/2026 12:59:45 PM
23729A,N,V,04/05/2026 07:07:03 PM
23729B,N,V,04/06/2026 08:55:07 PM
2372A,N,O,04/06/2026 09:57:50 AM
2372B,N,O,04/06/2026 09:57:50 AM
23730A,N,V,04/06/2026 09:48:56 PM
23730B,N,V,04/06/2026 09:56:59 PM
23731A,N,O,04/06/2026 09:58:19 PM
23731B,N,V,04/06/2026 09:59:57 PM
23732A,N,V,04/06/2026 09:58:04 PM
23732B,N,O,04/06/2026 09:44:17 PM
23733A,N,V,04/06/2026 09:58:08 PM
23733B,N,O,04/06/2026 09:18:03 PM
23734A,N,V,04/06/2026 09:15:37 PM
23734B,N,V,04/06/2026 09:23:51 PM
23735A,N,V,04/06/2026 08:42:58 PM
23735B,N,O,04/06/2026 08:39:02 PM
23736A,N,O,04/06/2026 02:44:27 PM
23736B,N,O,04/06/2026 06:56:13 PM
23737A,N,O,04/06/2026 08:29:44 PM
23737B,N,O,04/06/2026 09:39:04 PM
2373A,N,V,04/06/2026 09:59:49 PM
2373B,N,O,04/06/2026 09:56:51 AM
23740B,N,V,04/04/2026 07:21:13 PM
23741A,N,V,04/06/2026 08:37:19 PM
23741B,N,V,04/06/2026 05:32:50 PM
23742A,N,V,04/04/2026 07:01:11 PM
23742B,N,O,04/06/2026 09:59:13 PM
23743A,N,O,04/06/2026 08:47:59 PM
23743B,N,O,04/06/2026 09:37:23 PM
23744A,N,V,04/06/2026 09:59:21 PM
23744B,N,V,04/04/2026 10:54:30 AM
23745A,N,O,04/06/2026 09:58:57 PM
23745B,N,V,04/05/2026 05:33:47 PM
23746A,N,V,04/04/2026 07:02:26 PM
23746B,N,V,04/06/2026 08:30:22 PM
23747A,N,V,04/06/2026 09:46:04 PM
23747B,N,O,04/06/2026 09:57:15 PM
23748A,N,V,04/06/2026 10:00:00 PM
23748B,N,V,04/06/2026 03:55:44 PM
23749A,N,O,04/06/2026 09:46:54 PM
23749B,N,V,04/06/2026 09:51:41 PM
2374A,N,V,04/07/2026 07:59:39 AM
2374B,N,V,04/07/2026 08:00:34 AM
23750A,N,V,04/04/2026 01:12:07 PM
23750B,N,V,04/06/2026 09:24:53 PM
23751A,N,V,04/06/2026 10:26:21 AM
23751B,N,V,04/06/2026 12:15:09 PM
23755A,N,V,04/06/2026 07:30:31 PM
23756A,N,O,04/06/2026 07:19:00 PM
23756B,N,V,04/06/2026 09:33:03 PM
23757A,N,O,04/06/2026 09:24:05 PM
23757B,N,V,04/06/2026 09:59:38 PM
23758B,N,O,04/06/2026 06:44:37 PM
23759A,N,O,04/06/2026 09:07:14 PM
23759B,N,O,04/06/2026 09:58:17 PM
2375A,N,O,04/07/2026 07:59:46 AM
2375B,N,O,04/07/2026 08:02:06 AM
23760A,N,O,04/06/2026 08:54:10 PM
23760B,N,O,04/06/2026 05:48:34 PM
23761A,N,O,04/06/2026 05:59:10 PM
23761B,N,O,04/06/2026 09:31:08 PM
23762A,N,O,04/06/2026 06:36:00 PM
23762B,N,O,04/06/2026 09:21:57 PM
23763A,N,O,04/06/2026 08:22:26 PM
23763B,N,O,04/06/2026 08:50:25 PM
23764A,N,O,04/06/2026 05:01:05 PM
23764B,N,O,04/06/2026 06:10:04 PM
23767A,N,V,04/06/2026 09:59:49 PM
23767B,N,V,04/06/2026 09:56:44 PM
23768A,N,O,04/06/2026 05:48:09 PM
23768B,N,V,04/06/2026 09:57:06 PM
23769A,N,V,04/02/2026 05:36:02 PM
23769B,N,V,04/01/2026 11:29:44 AM
2376A,N,O,04/06/2026 09:44:29 PM
2376B,N,O,04/06/2026 09:32:55 PM
23770A,N,V,11/24/2025 02:27:42 PM
23770B,N,O,11/24/2025 04:15:05 PM
23771A,N,V,04/04/2026 01:10:53 PM
23771B,N,V,04/02/2026 05:57:47 PM
23772A,N,V,03/31/2026 07:43:48 PM
23772B,N,V,04/05/2026 05:33:29 PM
23773A,N,V,04/06/2026 06:36:40 PM
23773B,N,V,04/06/2026 11:25:12 AM
23774A,N,V,04/06/2026 09:56:31 PM
23774B,N,O,04/06/2026 07:05:36 PM
23775A,N,V,04/05/2026 05:29:13 PM
23775B,N,O,04/04/2026 02:58:09 PM
23776B,N,V,04/06/2026 10:18:09 AM
23777A,N,V,04/06/2026 04:54:16 PM
23777B,N,V,04/04/2026 02:57:54 PM
23778A,N,V,04/02/2026 03:59:13 PM
23778B,N,V,04/03/2026 05:42:02 PM
23779A,N,V,04/05/2026 05:32:43 PM
23779B,N,V,04/01/2026 04:26:06 PM
2377A,N,O,04/06/2026 08:21:15 PM
2377B,N,O,04/06/2026 08:39:18 PM
23780A,N,V,04/04/2026 01:36:17 PM
23780B,N,V,04/01/2026 01:14:11 PM
23781A,N,V,03/31/2026 06:00:15 PM
23781B,N,V,04/04/2026 05:08:58 PM
23782A,NU,O,02/18/2026 05:51:49 PM
23782B,NU,V,02/04/2026 07:52:57 AM
23783A,N,V,04/02/2026 05:18:18 PM
23783B,N,V,04/06/2026 12:39:04 PM
23784A,N,V,04/04/2026 12:37:18 PM
23784B,N,V,04/05/2026 01:19:30 PM
23785A,N,O,04/06/2026 06:41:33 PM
23785B,N,V,04/06/2026 06:43:36 PM
23786A,N,V,04/04/2026 01:37:56 PM
23786B,N,O,03/12/2026 02:01:52 PM
23787A,N,V,04/06/2026 05:11:00 PM
23787B,N,V,04/06/2026 01:20:57 PM
23788A,N,O,04/06/2026 07:22:56 PM
23788B,N,V,04/06/2026 07:24:06 PM
23789A,N,O,04/06/2026 07:25:16 PM
2378A,N,O,04/06/2026 09:40:41 PM
2378B,N,O,04/06/2026 07:20:12 PM
23790A,N,V,04/06/2026 02:08:08 PM
23790B,N,V,04/06/2026 09:58:27 PM
23791A,N,V,04/06/2026 10:30:03 AM
23791B,N,V,04/06/2026 11:30:23 AM
23792A,N,O,04/06/2026 06:51:59 PM
23792B,N,O,04/06/2026 06:52:14 PM
23793A,N,O,04/06/2026 09:59:23 PM
23793B,N,V,04/05/2026 05:45:15 PM
23794A,N,V,04/06/2026 09:29:34 PM
23794B,N,V,04/06/2026 09:55:27 PM
23795A,N,O,04/06/2026 08:59:47 AM
23795B,N,O,04/06/2026 08:59:47 AM
23796A,N,V,04/06/2026 05:44:26 PM
23796B,N,O,04/06/2026 08:47:21 PM
23797A,N,O,04/06/2026 08:57:43 AM
23797B,N,O,04/06/2026 08:57:43 AM
23798A,N,O,04/06/2026 09:25:43 PM
23798B,N,V,04/06/2026 08:53:55 PM
23799A,N,V,04/06/2026 09:58:24 PM
23799B,N,O,04/06/2026 02:55:12 PM
2379A,N,V,04/06/2026 04:50:03 PM
2379B,N,O,04/06/2026 08:09:12 PM
23800A,N,O,04/06/2026 09:57:44 PM
23800B,N,V,04/06/2026 07:07:45 PM
23801A,N,O,04/06/2026 07:15:40 PM
23801B,N,O,04/06/2026 06:32:17 PM
23802A,N,O,04/06/2026 06:32:48 PM
23802B,N,O,04/06/2026 11:58:28 AM
23803A,N,O,04/06/2026 11:48:19 AM
2380A,N,O,04/06/2026 09:58:58 PM
2380B,N,O,04/06/2026 07:06:50 PM
2381A,N,O,04/06/2026 07:12:46 PM
2381B,N,O,04/06/2026 01:07:19 PM
2382A,N,O,04/06/2026 06:55:40 PM
2382B,N,V,04/06/2026 05:42:00 PM
23830B,N,V,04/06/2026 09:59:30 PM
23831A,N,O,04/06/2026 05:55:19 PM
23831B,N,O,04/06/2026 09:58:26 PM
23832A,N,O,04/06/2026 08:57:59 AM
23832B,N,V,04/06/2026 08:58:13 PM
23833A,N,V,04/06/2026 09:59:32 PM
23833B,N,O,04/06/2026 08:56:47 AM
23834A,N,V,04/06/2026 09:43:10 PM
23834B,N,V,04/06/2026 09:59:34 PM
23835A,N,V,04/06/2026 09:59:12 PM
23835B,N,V,04/06/2026 09:17:38 PM
23836A,N,O,04/06/2026 09:59:53 PM
23836B,N,O,04/06/2026 08:10:45 PM
23837A,N,O,04/06/2026 07:31:19 PM
23837B,N,O,04/06/2026 08:16:00 PM
23838A,N,O,04/06/2026 08:17:34 PM
23838B,N,V,04/06/2026 09:20:19 PM
23839A,N,V,04/06/2026 08:52:36 PM
23839B,N,V,04/06/2026 08:54:15 PM
2383A,N,O,04/06/2026 09:45:52 PM
2383B,N,O,04/06/2026 09:33:10 PM
23840A,N,V,04/06/2026 08:54:10 PM
23840B,N,O,04/05/2026 05:51:15 PM
23841A,N,O,07/20/2025 09:50:50 PM
23841B,N,O,07/23/2025 11:01:56 AM
23842A,N,O,04/06/2026 09:58:27 PM
23842B,N,O,04/06/2026 08:57:56 AM
23843A,N,O,04/06/2026 08:56:37 AM
23843B,N,O,04/06/2026 08:56:41 AM
23844A,N,O,04/06/2026 08:56:12 AM
23844B,N,V,04/06/2026 02:42:28 PM
23845A,N,V,04/06/2026 09:15:39 PM
23845B,N,O,04/06/2026 09:54:45 PM
23846A,N,V,04/06/2026 09:59:37 PM
23846B,N,V,04/06/2026 09:59:45 PM
23847A,N,O,04/06/2026 09:57:08 PM
23847B,N,V,04/06/2026 09:59:09 PM
23848A,N,O,04/06/2026 09:58:47 PM
23848B,N,O,04/06/2026 06:09:19 PM
23849A,N,V,04/06/2026 06:46:30 PM
23849B,N,V,04/06/2026 09:58:13 PM
2384A,N,O,04/06/2026 06:18:18 PM
23850A,N,V,04/06/2026 05:27:36 PM
23850B,N,O,04/06/2026 09:49:31 PM
23851A,N,V,04/06/2026 09:52:55 PM
23851B,N,V,04/06/2026 09:51:16 PM
23852A,N,V,04/06/2026 09:59:25 PM
23852B,N,V,04/06/2026 03:20:34 PM
23853A,N,V,04/06/2026 09:28:10 PM
23853B,N,O,04/06/2026 08:56:52 AM
23855A,N,V,04/06/2026 10:53:52 AM
23855B,N,O,04/06/2026 08:59:51 AM
23856A,N,V,04/06/2026 12:10:21 PM
23856B,N,O,04/06/2026 01:01:14 PM
23857A,N,O,04/06/2026 08:57:50 AM
23857B,N,V,04/06/2026 08:43:57 PM
23858A,N,V,04/06/2026 09:00:11 PM
2386A,N,O,04/07/2026 07:21:30 AM
2386B,N,O,04/07/2026 07:21:50 AM
2387A,N,O,04/07/2026 06:57:47 AM
2387B,N,V,04/07/2026 08:36:23 AM
2395A,N,O,04/07/2026 08:35:36 AM
2395B,N,V,04/07/2026 08:35:19 AM
2396A,N,V,04/06/2026 07:34:49 PM
2396B,N,V,04/07/2026 08:33:41 AM
2397A,N,V,04/06/2026 09:06:23 PM
2397B,N,O,04/07/2026 08:26:18 AM
2398A,N,V,04/07/2026 08:36:58 AM
23990A,N,V,04/06/2026 05:48:07 PM
23990B,N,V,04/06/2026 12:10:34 PM
23991A,N,V,04/06/2026 09:59:25 PM
23991B,N,O,04/06/2026 09:57:55 PM
23992A,N,V,04/06/2026 06:12:02 PM
23992B,N,O,04/06/2026 07:58:38 PM
23993A,N,V,04/06/2026 07:01:02 PM
23993B,N,V,04/06/2026 07:05:54 PM
23994B,N,O,04/06/2026 10:04:22 AM
23995A,N,V,04/06/2026 07:35:03 PM
23995B,N,V,04/06/2026 07:34:35 PM
23996A,N,V,04/06/2026 05:52:03 PM
23996B,N,V,04/06/2026 05:51:40 PM
23A,NU,V,01/05/2026 10:15:39 PM
23B,NU,V,01/05/2026 11:57:20 PM
24001A,N,V,04/06/2026 05:31:40 PM
24002A,N,V,04/06/2026 09:27:20 PM
24003A,N,V,04/06/2026 05:11:14 PM
24003B,N,V,04/06/2026 09:59:40 PM
24004A,N,O,04/06/2026 08:55:40 AM
24004B,N,V,04/06/2026 09:39:17 PM
24005A,N,V,04/05/2026 07:44:26 PM
24005B,N,V,04/06/2026 11:16:24 AM
24006A,N,V,04/04/2026 09:48:30 PM
24006B,N,V,04/06/2026 03:54:24 PM
24007A,N,V,04/06/2026 09:59:37 PM
24007B,N,V,04/06/2026 06:08:47 PM
24008A,N,V,04/06/2026 09:44:21 PM
24008B,N,V,04/06/2026 09:59:54 PM
24009A,N,V,04/06/2026 04:16:05 PM
24009B,N,V,04/06/2026 11:38:58 AM
2400B,NU,O,04/06/2026 08:06:11 PM
24010A,N,V,04/05/2026 06:57:11 PM
24010B,N,V,04/05/2026 12:52:56 PM
24013A,N,V,04/06/2026 08:07:38 PM
24013B,N,V,04/04/2026 09:46:47 PM
24014A,N,V,04/06/2026 05:29:04 PM
24014B,N,V,04/06/2026 05:28:04 PM
24015A,N,O,04/06/2026 05:28:03 PM
24015B,N,V,04/06/2026 05:28:32 PM
2401A,N,O,04/06/2026 11:59:45 PM
2401B,N,O,04/06/2026 11:17:37 PM
24020A,NU,V,04/06/2026 07:29:33 PM
24021A,NU,O,04/05/2026 07:59:54 PM
24021B,NU,O,04/06/2026 06:10:37 PM
24022A,NU,V,04/06/2026 05:18:20 PM
24022B,NU,V,04/06/2026 05:42:11 PM
24023A,NU,V,04/06/2026 07:59:21 PM
24023B,NU,V,04/06/2026 05:09:03 PM
24024A,NU,V,04/06/2026 07:39:54 PM
24024B,NU,O,04/06/2026 08:00:00 PM
24025A,NU,O,04/06/2026 07:57:03 PM
24025B,NU,O,04/06/2026 07:59:41 PM
24026A,NU,O,04/06/2026 06:18:22 PM
24026B,NU,V,04/06/2026 07:52:40 PM
24030A,N,V,04/03/2026 07:34:46 PM
24030B,N,V,04/04/2026 11:54:58 AM
24031A,N,V,04/05/2026 05:55:26 PM
24031B,N,V,04/06/2026 10:51:41 AM
24032A,N,O,04/06/2026 09:24:47 PM
24033A,N,V,03/31/2026 11:36:16 AM
24033B,N,V,04/05/2026 06:31:35 PM
24034A,N,V,04/05/2026 09:05:02 PM
24034B,N,V,04/05/2026 09:04:58 PM
24035B,N,O,04/06/2026 09:17:50 PM
24040A,N,V,04/06/2026 09:28:54 PM
24040B,N,V,04/05/2026 07:14:03 PM
24041A,N,O,04/06/2026 08:34:23 PM
24041B,N,V,04/06/2026 05:31:17 PM
24042B,N,V,04/03/2026 06:23:48 PM
24043A,N,O,04/06/2026 06:03:08 PM
24043B,N,V,04/06/2026 08:46:17 PM
24044A,N,O,04/06/2026 09:51:42 PM
24044B,N,V,04/06/2026 10:35:23 AM
24045A,N,V,04/06/2026 09:34:49 PM
24045B,N,V,04/06/2026 09:34:02 PM
24046B,N,O,04/06/2026 09:09:51 PM
24047A,NU,O,03/16/2026 01:33:38 PM
24047B,NU,O,03/16/2026 01:34:28 PM
24048A,N,V,04/06/2026 06:01:59 PM
24048B,N,O,04/06/2026 09:12:55 PM
24049A,N,V,04/06/2026 09:57:05 PM
24049B,N,V,04/06/2026 08:57:56 PM
24050A,N,V,04/06/2026 08:23:12 PM
24050B,N,V,04/06/2026 08:25:02 PM
2406A,N,O,04/06/2026 09:10:57 PM
2406B,N,O,04/06/2026 09:59:45 PM
2407A,N,O,04/06/2026 09:57:49 PM
2407B,N,O,04/06/2026 09:23:41 PM
2408B,N,O,04/06/2026 07:25:02 PM
2409A,N,O,04/06/2026 05:47:13 PM
2409B,N,O,04/06/2026 08:50:28 PM
240A,N,V,04/06/2026 08:30:32 PM
240B,N,V,04/06/2026 01:25:13 PM
24100B,N,V,04/06/2026 09:59:08 PM
24101A,N,V,04/06/2026 04:29:37 PM
24101B,N,V,04/06/2026 01:38:22 PM
24102A,N,V,04/06/2026 01:44:38 PM
24102B,N,V,04/06/2026 01:52:22 PM
24103A,N,V,04/06/2026 07:16:27 PM
24103B,N,V,04/06/2026 01:16:51 PM
24104A,N,V,04/05/2026 01:49:27 PM
24104B,N,V,04/04/2026 12:55:15 PM
24105A,N,V,04/06/2026 06:09:48 PM
24105B,N,V,04/06/2026 04:49:24 PM
24106A,N,V,04/06/2026 04:43:32 PM
24106B,N,V,04/06/2026 04:55:10 PM
2410A,N,O,04/06/2026 09:39:02 PM
2410B,N,V,04/06/2026 09:58:59 PM
2411A,N,O,04/06/2026 08:58:47 AM
2411B,N,O,04/06/2026 08:58:47 AM
2412A,N,O,04/06/2026 01:27:32 PM
2412B,N,V,04/06/2026 07:08:28 PM
2413A,N,O,04/06/2026 08:56:51 AM
2413B,N,O,04/06/2026 06:22:09 PM
2414A,N,V,04/06/2026 05:35:49 PM
2414B,N,V,04/06/2026 05:00:17 PM
2415A,N,O,04/06/2026 09:22:18 PM
2415B,N,O,04/05/2026 09:15:30 PM
2416A,N,O,04/06/2026 04:15:08 PM
2416B,N,O,04/06/2026 01:55:36 PM
2417A,N,O,04/06/2026 08:29:50 PM
2417B,N,V,04/06/2026 07:35:27 PM
2418A,N,O,04/06/2026 09:44:07 AM
2418B,N,O,04/06/2026 08:56:39 AM
2419A,N,O,04/06/2026 09:38:54 PM
2419B,N,O,04/06/2026 06:41:03 PM
241A,N,O,04/06/2026 08:58:46 AM
241B,N,O,04/06/2026 03:53:44 PM
2420A,N,O,04/06/2026 05:24:25 PM
2420B,N,O,04/06/2026 08:59:48 AM
2421A,N,V,04/06/2026 09:47:10 PM
2421B,N,O,04/06/2026 09:40:29 PM
2422A,N,O,04/06/2026 03:02:44 PM
2422B,N,V,04/06/2026 09:59:55 PM
2423A,N,O,04/06/2026 09:49:45 PM
2423B,N,O,04/06/2026 08:56:53 AM
2424A,N,O,04/06/2026 08:43:51 PM
2424B,N,O,04/06/2026 03:54:52 PM
2425A,N,O,04/06/2026 08:59:47 AM
2425B,N,O,04/06/2026 08:59:47 AM
2426A,N,O,04/06/2026 08:58:46 AM
2426B,N,O,04/06/2026 09:49:06 PM
242A,N,O,04/06/2026 06:26:24 PM
242B,N,O,04/06/2026 08:57:52 AM
2430A,N,O,04/06/2026 09:43:07 PM
2431A,N,O,04/06/2026 07:27:55 PM
2431B,N,O,04/06/2026 09:04:13 PM
2434B,N,O,04/06/2026 08:43:51 PM
2435A,N,O,04/06/2026 08:59:52 AM
2435B,N,O,04/05/2026 07:17:28 PM
2436A,N,O,04/06/2026 05:39:39 PM
2436B,N,O,04/06/2026 06:00:49 PM
2437A,N,O,04/06/2026 04:33:25 PM
2437B,N,O,04/06/2026 12:55:55 PM
2438A,N,O,04/06/2026 09:52:31 PM
2438B,N,O,04/06/2026 07:01:06 PM
2439A,N,O,04/06/2026 04:36:53 PM
2439B,N,V,04/06/2026 09:59:03 PM
243A,N,O,04/06/2026 09:00:19 AM
243B,N,O,04/06/2026 08:27:34 PM
2440A,N,O,04/06/2026 05:45:08 PM
2440B,N,O,04/06/2026 09:41:14 PM
2441A,N,O,04/06/2026 04:25:29 PM
2441B,N,O,04/06/2026 08:58:46 AM
2447A,N,O,04/06/2026 06:21:41 PM
2447B,N,O,04/06/2026 05:12:29 PM
2448A,N,O,04/06/2026 06:44:29 PM
2448B,N,O,04/06/2026 12:14:09 PM
2449A,N,O,04/06/2026 06:00:21 PM
2449B,N,O,04/06/2026 04:53:11 PM
244A,N,V,04/06/2026 05:18:44 PM
244B,N,O,04/06/2026 09:49:05 PM
24501A,NU,O,10/06/2025 08:01:53 AM
24501B,NU,O,10/06/2025 11:52:25 AM
24502A,NU,O,10/06/2025 11:44:14 AM
24502B,NU,O,10/06/2025 11:44:14 AM
24503A,NU,O,10/06/2025 07:56:40 AM
24504A,NU,V,10/06/2025 11:34:31 AM
24504B,NU,O,10/06/2025 06:55:44 AM
24505A,NU,O,10/06/2025 08:27:15 AM
24505B,NU,O,10/06/2025 09:22:04 AM
24507A,N,O,04/06/2026 06:23:46 PM
24507B,N,O,04/06/2026 10:49:27 AM
24508A,N,O,04/06/2026 09:59:53 PM
24508B,N,O,04/06/2026 07:20:21 PM
24509A,N,O,04/06/2026 06:09:52 PM
24509B,N,V,04/06/2026 09:59:42 PM
2450A,N,O,04/06/2026 04:57:13 PM
2450B,N,O,04/06/2026 05:52:22 PM
24510A,N,V,04/06/2026 05:13:20 PM
24510B,N,O,04/06/2026 09:45:28 PM
24511A,N,O,04/06/2026 09:56:04 PM
24511B,N,O,04/06/2026 08:59:08 AM
24512A,N,V,04/06/2026 09:59:32 PM
24512B,N,O,04/06/2026 07:02:41 PM
24513A,NU,V,02/09/2026 11:33:13 AM
2451A,N,O,04/06/2026 05:12:49 PM
2451B,N,O,04/06/2026 06:02:12 PM
2452A,N,O,04/06/2026 05:32:16 PM
2452B,N,O,04/06/2026 04:29:07 PM
2453A,N,O,04/06/2026 01:07:42 PM
2453B,N,O,04/06/2026 07:47:48 PM
2454A,N,O,04/06/2026 07:50:03 PM
2454B,N,O,04/06/2026 05:50:06 PM
245A,N,V,04/05/2026 09:44:45 PM
245B,N,V,04/06/2026 06:05:20 PM
2467A,N,O,04/06/2026 09:56:17 AM
2467B,N,O,04/06/2026 08:57:48 AM
246A,N,V,04/06/2026 06:16:58 PM
246B,N,V,04/06/2026 06:40:26 PM
2476A,N,O,01/12/2026 03:54:54 PM
2476B,N,O,04/07/2026 06:58:49 AM
2477B,N,O,04/07/2026 06:57:49 AM
2478A,N,O,04/07/2026 08:04:50 AM
2478B,N,O,04/07/2026 08:05:28 AM
2480A,N,O,04/06/2026 08:05:11 PM
2480B,N,O,04/06/2026 07:02:41 PM
2481A,N,O,04/06/2026 08:23:56 PM
2481B,N,O,04/06/2026 08:41:32 PM
2482A,N,O,04/06/2026 06:43:03 PM
2482B,N,O,04/06/2026 08:02:31 PM
2483A,N,O,04/06/2026 07:50:10 PM
2483B,N,O,04/06/2026 05:31:07 PM
2484A,N,O,04/06/2026 03:02:20 PM
2484B,N,O,04/06/2026 09:03:43 PM
2485A,N,O,04/06/2026 08:59:49 AM
2485B,N,O,04/06/2026 11:21:14 AM
2489A,N,O,04/07/2026 06:55:52 AM
2489B,N,O,04/07/2026 06:56:00 AM
2490A,N,O,04/07/2026 07:51:50 AM
2490B,N,O,04/06/2026 06:59:46 AM
2491A,N,O,04/07/2026 06:59:21 AM
2491B,N,O,04/07/2026 06:58:52 AM
2492A,N,O,04/07/2026 06:57:53 AM
2492B,N,O,04/07/2026 06:57:53 AM
2493A,N,O,01/12/2026 12:48:14 PM
2493B,N,V,01/12/2026 12:51:37 PM
2496A,N,O,04/06/2026 09:30:21 PM
2497A,N,O,04/06/2026 08:57:51 PM
2497B,N,V,04/06/2026 09:50:52 PM
24A,NU,V,01/05/2026 11:10:12 PM
24B,NU,V,01/05/2026 10:21:13 PM
2501A,N,O,04/06/2026 06:47:58 PM
2501B,N,O,04/06/2026 10:28:52 AM
2502A,N,O,04/07/2026 06:57:48 AM
2502B,N,O,04/07/2026 06:57:48 AM
25035A,N,O,04/06/2026 05:43:45 PM
25035B,N,O,04/06/2026 01:48:40 PM
25036A,N,O,04/06/2026 09:50:50 PM
25036B,N,O,04/06/2026 09:29:07 PM
25037A,N,O,04/06/2026 09:06:17 PM
25037B,N,O,04/06/2026 09:45:29 PM
2503B,N,O,04/07/2026 06:56:41 AM
25040A,N,O,04/06/2026 09:33:24 PM
25040B,N,O,04/06/2026 08:47:11 PM
25041A,N,O,04/06/2026 09:24:54 PM
25041B,N,O,04/06/2026 09:59:09 AM
25042A,N,O,04/06/2026 09:11:11 PM
25042B,N,O,04/06/2026 09:37:19 PM
25043A,N,O,04/06/2026 05:16:48 PM
25043B,N,O,04/06/2026 07:39:26 PM
25044A,N,O,04/06/2026 03:36:01 PM
25044B,N,O,04/06/2026 09:16:27 PM
25052A,N,V,04/06/2026 07:46:15 PM
25052B,N,O,04/06/2026 05:53:43 PM
25053A,N,O,04/06/2026 08:48:14 PM
25053B,N,O,04/06/2026 09:56:43 AM
25054A,N,O,04/06/2026 09:21:48 PM
25054B,N,O,04/06/2026 09:57:51 PM
25055B,N,V,04/06/2026 08:53:14 PM
2505A,N,O,04/06/2026 05:46:29 PM
2505B,N,O,04/06/2026 08:59:55 AM
25060A,N,O,04/06/2026 05:14:14 PM
25060B,N,O,04/06/2026 09:24:49 PM
25061A,N,O,04/06/2026 12:07:43 PM
25061B,N,O,04/06/2026 09:02:23 PM
25062A,N,O,04/06/2026 03:19:47 PM
25062B,N,O,04/06/2026 04:13:58 PM
25066A,N,V,04/06/2026 09:59:43 PM
25066B,N,O,04/06/2026 08:06:33 PM
25067A,N,O,04/06/2026 07:34:27 PM
25067B,N,O,04/06/2026 05:47:08 PM
25068A,N,O,04/06/2026 09:44:14 PM
25068B,N,O,04/06/2026 09:40:15 PM
25069A,N,O,04/06/2026 08:44:22 PM
25069B,N,O,04/06/2026 08:42:57 PM
2506A,N,O,04/06/2026 06:22:18 PM
2506B,N,V,04/06/2026 09:40:06 PM
25072A,NU,O,04/06/2026 09:05:22 PM
25072B,NU,O,04/06/2026 05:17:26 PM
25073A,NU,O,04/06/2026 05:00:44 PM
25073B,NU,O,04/06/2026 05:50:13 PM
25074A,NU,O,04/06/2026 07:36:24 PM
25074B,NU,O,04/06/2026 05:00:42 PM
25075A,NU,O,04/06/2026 05:01:52 PM
25075B,NU,O,04/06/2026 05:01:52 PM
25076A,NU,O,04/06/2026 05:00:45 PM
25076B,NU,O,04/06/2026 05:00:56 PM
25077A,NU,O,04/06/2026 05:30:19 PM
25077B,NU,O,04/06/2026 08:13:52 PM
25078A,NU,V,04/06/2026 09:59:47 PM
25078B,NU,O,04/06/2026 09:42:54 PM
25079A,NU,O,04/06/2026 05:41:20 PM
25079B,NU,O,04/06/2026 06:03:09 PM
2507A,N,O,04/06/2026 06:18:31 PM
2507B,N,O,04/06/2026 07:01:03 PM
25080A,NU,V,04/06/2026 08:59:41 PM
25080B,NU,O,04/06/2026 08:02:15 PM
25081A,N,O,04/06/2026 08:39:47 PM
25081B,N,O,04/06/2026 09:32:31 PM
25082A,N,V,04/06/2026 09:55:17 PM
25082B,N,O,04/06/2026 12:03:28 PM
25083A,N,O,04/06/2026 09:56:44 AM
25083B,N,O,04/06/2026 05:29:12 PM
25084A,N,O,04/06/2026 09:22:44 PM
25085A,N,O,04/06/2026 09:23:50 PM
25085B,N,O,04/06/2026 08:59:42 AM
25086A,N,O,04/06/2026 08:58:57 AM
25086B,N,V,04/06/2026 04:54:03 PM
25087A,N,O,04/06/2026 05:29:38 PM
25087B,N,O,04/06/2026 09:31:02 PM
25088A,N,O,04/06/2026 08:55:11 PM
25088B,N,O,04/06/2026 08:46:20 PM
25089A,N,O,04/06/2026 08:25:23 PM
25089B,N,O,04/06/2026 02:13:27 PM
2508A,N,O,04/06/2026 08:56:52 AM
2508B,N,O,04/06/2026 10:17:36 AM
25091B,NU,V,04/06/2026 07:43:39 PM
25092A,NU,O,04/06/2026 05:00:51 PM
25092B,NU,V,04/06/2026 09:08:09 PM
25093A,NU,V,04/06/2026 08:24:30 PM
25093B,NU,O,04/06/2026 05:00:54 PM
25094A,NU,V,04/06/2026 09:58:32 PM
25094B,NU,O,04/06/2026 07:34:32 PM
25095A,NU,V,04/06/2026 09:08:23 PM
25095B,NU,V,04/06/2026 09:46:43 PM
25099A,NU,O,04/06/2026 05:07:28 PM
25099B,NU,O,04/04/2026 06:38:41 PM
2509B,N,V,04/06/2026 09:59:56 PM
250A,N,V,04/06/2026 09:53:06 PM
250B,N,O,04/06/2026 04:49:07 PM
25100A,NU,O,04/06/2026 09:12:28 PM
25100B,NU,O,04/02/2026 05:39:26 PM
25101A,NU,V,04/06/2026 07:56:32 PM
25101B,NU,V,04/04/2026 07:38:17 PM
25102A,NU,V,04/06/2026 09:58:34 PM
25102B,NU,O,04/02/2026 05:37:54 PM
25103A,NU,V,04/03/2026 08:56:08 PM
25103B,NU,O,04/06/2026 06:40:06 PM
25104A,NU,V,04/06/2026 06:14:53 PM
25104B,NU,O,04/06/2026 05:00:50 PM
25105A,NU,V,04/06/2026 07:55:53 PM
25109B,NU,V,04/06/2026 09:08:09 PM
2510A,N,O,04/06/2026 04:56:43 PM
2510B,N,O,04/06/2026 05:30:02 PM
25110A,NU,V,04/06/2026 09:52:51 PM
25111B,NU,V,04/06/2026 09:56:05 PM
25112A,NU,O,04/06/2026 09:24:32 PM
25113A,N,O,04/06/2026 08:56:40 AM
25113B,N,O,04/06/2026 04:39:06 PM
25114A,N,O,04/06/2026 08:55:43 AM
25114B,N,O,04/06/2026 02:05:07 PM
25115A,N,O,04/06/2026 08:40:13 PM
25115B,N,O,04/06/2026 08:59:47 AM
25116A,N,O,04/06/2026 09:25:23 PM
25116B,N,V,04/06/2026 09:51:32 PM
25117A,N,O,04/05/2026 07:30:48 PM
25117B,N,O,04/06/2026 09:59:44 PM
25118A,N,V,04/06/2026 08:52:51 PM
25118B,N,O,04/06/2026 06:39:44 PM
25119A,N,O,04/06/2026 08:04:21 PM
25119B,N,V,09/19/2025 03:52:02 PM
2511A,N,O,04/06/2026 08:58:46 AM
25121A,N,O,04/06/2026 08:58:47 AM
25121B,N,O,04/06/2026 08:58:47 AM
25122A,N,O,04/06/2026 08:57:43 AM
25122B,N,O,04/05/2026 08:57:53 AM
25123A,N,O,04/06/2026 08:56:55 AM
25123B,N,O,04/06/2026 08:56:47 AM
25124A,N,O,04/06/2026 08:55:49 AM
25124B,N,O,04/06/2026 08:56:16 AM
25125A,N,O,04/06/2026 08:59:54 AM
25125B,N,O,04/05/2026 08:59:45 AM
25126B,N,O,04/06/2026 09:22:15 AM
25127A,N,O,04/06/2026 12:06:28 PM
25127B,N,O,04/06/2026 08:57:49 AM
25128A,N,O,04/06/2026 08:56:48 AM
25128B,N,O,04/06/2026 03:48:05 PM
25129A,N,O,04/06/2026 09:39:53 PM
25129B,N,O,04/06/2026 08:55:47 AM
25130A,N,V,04/06/2026 09:14:22 PM
25130B,N,O,04/06/2026 01:38:30 PM
25131A,N,O,04/06/2026 01:38:03 PM
25131B,N,O,04/06/2026 08:10:54 PM
25132A,N,O,04/06/2026 08:00:53 PM
25132B,N,O,04/06/2026 09:40:04 PM
25133B,N,O,04/06/2026 08:51:32 PM
25134A,N,V,04/06/2026 09:48:36 PM
25134B,N,O,04/06/2026 07:05:40 PM
25137A,N,O,04/06/2026 09:56:47 PM
25138A,N,V,04/06/2026 09:56:11 PM
25138B,N,V,04/06/2026 09:59:23 PM
25139A,N,O,04/06/2026 09:58:41 PM
25139B,N,V,04/06/2026 09:01:42 PM
25140A,N,V,04/06/2026 09:50:46 PM
25140B,N,O,04/06/2026 09:54:20 PM
25141A,N,V,04/06/2026 08:04:54 PM
25141B,N,O,04/06/2026 06:17:03 PM
25142A,N,O,04/06/2026 09:51:40 PM
25142B,N,V,04/06/2026 08:51:36 PM
25143A,N,O,04/06/2026 09:47:31 PM
25143B,N,O,04/06/2026 01:24:14 PM
25144A,N,O,04/06/2026 06:36:37 PM
25144B,N,V,04/06/2026 09:56:22 PM
25145A,N,O,04/06/2026 07:58:11 PM
25145B,N,O,04/06/2026 08:59:53 AM
25146A,N,O,04/06/2026 09:54:31 PM
25146B,N,O,04/06/2026 10:44:19 AM
25147B,N,O,04/06/2026 08:57:42 AM
25148A,N,O,04/06/2026 02:30:49 PM
25148B,N,O,04/06/2026 04:45:18 PM
25149A,N,O,04/06/2026 08:32:32 PM
25149B,N,O,04/06/2026 05:23:37 PM
2514B,N,O,04/06/2026 09:28:05 PM
25150A,N,O,04/06/2026 11:43:03 AM
25150B,N,O,04/06/2026 08:59:48 AM
25151A,N,O,04/06/2026 09:53:22 PM
25152B,N,O,04/06/2026 08:57:53 AM
25153A,N,V,04/06/2026 09:49:50 PM
25153B,N,O,04/06/2026 08:28:03 PM
25154A,N,V,04/06/2026 09:05:17 PM
25154B,N,O,04/06/2026 07:32:09 PM
25155A,N,O,04/06/2026 08:59:56 AM
25155B,N,O,04/06/2026 04:53:30 PM
25156A,N,O,04/06/2026 09:05:01 AM
25156B,N,O,04/06/2026 09:06:23 PM
25157A,N,O,04/06/2026 02:11:31 PM
25157B,N,O,04/06/2026 09:26:57 PM
25158A,N,O,04/06/2026 08:01:05 PM
25158B,N,O,04/06/2026 12:56:04 PM
25159A,N,O,04/06/2026 07:50:19 PM
25159B,N,O,04/06/2026 08:10:54 PM
2515A,N,O,04/06/2026 08:59:49 AM
2515B,N,O,04/05/2026 08:59:52 AM
25160A,N,O,04/06/2026 07:31:11 PM
25160B,N,O,04/06/2026 07:23:20 PM
25161A,N,O,04/06/2026 05:44:31 PM
25161B,N,O,04/06/2026 08:37:35 PM
25162A,N,O,04/06/2026 08:17:53 PM
25162B,N,O,04/06/2026 09:35:09 PM
25163A,N,V,04/06/2026 04:32:29 PM
25163B,N,V,04/05/2026 01:57:38 PM
25164A,N,V,04/06/2026 09:24:41 AM
25164B,N,V,04/06/2026 06:26:04 PM
25165A,N,V,04/06/2026 12:45:14 PM
25165B,N,V,04/06/2026 07:05:32 PM
25166A,N,V,04/06/2026 10:52:13 AM
25166B,N,O,04/06/2026 09:32:03 PM
25167B,N,V,04/06/2026 07:02:33 PM
25168A,N,V,04/06/2026 06:40:47 PM
25168B,N,V,04/06/2026 04:02:07 PM
25169A,N,V,04/06/2026 08:30:45 PM
25169B,N,O,04/06/2026 09:59:50 PM
2516A,N,V,04/07/2026 07:39:06 AM
2516B,N,V,04/07/2026 08:05:59 AM
25170A,N,O,04/06/2026 08:59:49 AM
25170B,N,V,04/06/2026 05:37:00 PM
25171A,N,O,04/06/2026 03:50:54 PM
25171B,N,O,04/06/2026 09:58:51 PM
25172A,N,V,04/06/2026 09:37:22 PM
25172B,N,O,04/06/2026 06:04:30 PM
25173A,N,V,04/06/2026 08:58:32 PM
25173B,N,O,04/06/2026 12:43:35 PM
25174A,N,O,04/06/2026 04:53:39 PM
25174B,N,V,04/06/2026 09:26:53 PM
25175A,N,V,04/06/2026 05:08:33 PM
25175B,N,O,04/06/2026 09:54:27 PM
25176A,N,O,04/06/2026 07:48:36 PM
25176B,N,O,04/06/2026 08:31:47 PM
25177A,N,O,04/06/2026 07:19:24 PM
25177B,N,O,04/06/2026 07:44:17 PM
25178A,N,O,04/06/2026 07:38:13 PM
25178B,N,V,04/06/2026 09:56:25 PM
25179A,N,O,04/06/2026 05:47:47 PM
25179B,N,O,04/07/2026 08:31:03 AM
25180A,N,O,04/06/2026 03:25:19 PM
25180B,N,V,04/06/2026 11:49:44 AM
25181A,N,V,04/06/2026 08:46:19 PM
25181B,N,O,04/06/2026 08:33:17 PM
25182A,N,V,04/05/2026 04:30:52 PM
25182B,N,V,04/06/2026 04:29:52 PM
25183A,N,V,04/06/2026 06:18:46 PM
25183B,N,V,04/06/2026 04:27:21 PM
25184A,N,V,04/06/2026 09:22:15 PM
25184B,N,O,04/06/2026 07:34:33 PM
25185A,N,V,04/06/2026 11:40:38 AM
25185B,N,O,04/06/2026 03:56:39 PM
25186A,N,V,04/06/2026 09:54:34 PM
25186B,N,O,04/06/2026 09:25:03 PM
25187A,N,V,04/06/2026 07:20:41 PM
25187B,N,O,04/06/2026 03:17:09 PM
25188A,N,V,04/06/2026 09:26:54 PM
25188B,N,V,04/06/2026 09:57:32 PM
25189A,N,V,04/06/2026 08:06:09 PM
25189B,N,V,04/06/2026 08:40:07 PM
25190A,N,O,04/06/2026 07:20:56 PM
25190B,N,O,04/06/2026 09:15:10 PM
25191A,N,V,04/06/2026 09:53:46 PM
25191B,N,O,04/06/2026 08:05:37 PM
25192A,N,O,04/06/2026 09:50:11 PM
25192B,N,O,04/06/2026 09:45:46 PM
25193A,N,O,04/06/2026 09:32:00 PM
25193B,N,V,04/06/2026 03:44:28 PM
25194A,N,O,04/06/2026 04:38:28 PM
25194B,N,O,04/06/2026 04:48:17 PM
25195A,N,V,04/06/2026 09:59:16 PM
25195B,N,O,04/06/2026 06:19:38 PM
25196A,N,O,04/06/2026 09:10:12 PM
25196B,N,O,04/06/2026 09:45:43 PM
25197A,N,O,04/06/2026 09:36:07 PM
25197B,N,O,04/06/2026 10:16:54 AM
25198A,N,O,04/06/2026 04:35:08 PM
25198B,N,O,04/06/2026 08:51:27 PM
25199A,N,O,04/06/2026 06:51:32 PM
25199B,N,O,04/06/2026 05:57:04 PM
251A,N,O,04/06/2026 09:35:30 PM
251B,N,O,04/06/2026 06:47:45 PM
25200B,N,O,04/06/2026 04:26:21 PM
25201A,N,O,04/06/2026 08:02:27 PM
25201B,N,O,04/06/2026 08:58:52 AM
25202A,N,O,04/06/2026 09:19:08 PM
25202B,N,O,04/06/2026 09:30:13 PM
25203A,N,O,04/06/2026 04:24:55 PM
25203B,N,O,04/06/2026 09:45:57 PM
25204A,N,O,04/06/2026 08:55:18 PM
25204B,N,O,04/06/2026 09:59:57 PM
25205A,N,V,04/06/2026 08:37:04 PM
25205B,N,O,04/06/2026 08:59:55 AM
25206A,N,O,04/06/2026 09:59:48 PM
25206B,N,O,04/06/2026 07:34:37 PM
25207A,N,O,04/06/2026 08:49:03 PM
25207B,N,O,04/06/2026 07:57:52 PM
25208A,N,V,04/06/2026 04:03:02 PM
25208B,N,O,04/06/2026 09:24:33 PM
25209A,N,O,04/06/2026 08:36:15 PM
25209B,N,O,04/06/2026 09:49:51 PM
2520A,N,O,04/06/2026 07:48:41 PM
2520B,N,O,04/06/2026 09:00:14 AM
25210A,N,O,04/06/2026 08:58:21 PM
25210B,N,O,04/06/2026 08:46:22 PM
25211A,N,O,04/06/2026 09:13:32 PM
25211B,N,O,04/06/2026 06:43:59 PM
25212A,N,O,04/06/2026 09:43:44 PM
25212B,N,O,04/06/2026 04:13:33 PM
25213A,N,O,04/06/2026 06:20:35 PM
25213B,N,V,04/06/2026 09:29:53 PM
25214B,N,O,04/06/2026 03:43:24 PM
25215A,N,O,04/06/2026 06:47:51 PM
25215B,N,O,04/06/2026 08:02:25 PM
25216A,N,O,04/06/2026 08:58:49 AM
25216B,N,V,04/06/2026 04:15:00 PM
25217A,N,V,04/06/2026 09:41:45 PM
25217B,N,O,04/06/2026 09:28:26 PM
25218B,N,O,04/06/2026 04:34:53 PM
2521A,N,O,04/06/2026 04:47:32 PM
2521B,N,O,04/06/2026 07:34:20 PM
25221A,N,O,04/06/2026 08:07:29 PM
25221B,N,O,04/06/2026 08:19:03 PM
25222A,N,O,04/06/2026 04:52:17 PM
25222B,N,O,04/06/2026 09:22:56 PM
25223A,N,O,04/06/2026 07:11:14 PM
25223B,N,V,04/06/2026 07:14:52 PM
25224A,N,O,04/06/2026 08:55:51 AM
25224B,N,O,04/06/2026 08:55:51 AM
25225A,N,O,04/06/2026 02:16:16 PM
25225B,N,O,04/06/2026 02:16:32 PM
25226A,N,O,04/06/2026 09:10:39 AM
25226B,N,O,04/06/2026 09:13:43 AM
25227A,N,O,04/06/2026 09:01:58 AM
25227B,N,O,04/06/2026 08:57:47 AM
2522A,N,O,04/06/2026 08:57:48 AM
2522B,N,O,04/06/2026 07:20:04 PM
25230A,NU,O,04/06/2026 07:06:18 PM
25230B,NU,O,04/06/2026 05:17:03 PM
25231A,NU,O,04/06/2026 05:17:11 PM
25231B,NU,V,04/06/2026 09:58:20 PM
25232A,NU,O,04/06/2026 05:00:59 PM
25232B,NU,O,04/06/2026 05:32:12 PM
25234A,NU,O,04/06/2026 08:47:24 PM
25234B,NU,O,04/06/2026 06:48:32 PM
25235A,NU,V,04/06/2026 09:58:46 PM
25235B,NU,O,04/06/2026 06:37:42 PM
25236A,NU,V,04/06/2026 06:21:13 PM
25236B,NU,V,04/06/2026 10:00:00 PM
25237A,NU,V,04/06/2026 09:37:59 PM
25237B,NU,V,04/06/2026 09:59:44 PM
25238A,NU,V,04/05/2026 06:55:17 PM
25238B,NU,O,04/02/2026 05:44:03 PM
25239A,NU,V,04/06/2026 07:04:48 PM
25239B,NU,V,04/06/2026 07:08:51 PM
2523A,N,O,04/06/2026 11:14:24 AM
2523B,N,O,04/06/2026 08:56:47 AM
25240A,NU,V,04/06/2026 09:58:25 PM
25240B,NU,V,04/06/2026 07:06:10 PM
25241A,NU,V,04/06/2026 09:43:29 PM
25241B,NU,O,04/06/2026 09:41:13 PM
25242A,NU,V,04/06/2026 09:12:43 PM
25242B,NU,O,04/06/2026 06:30:05 PM
25243A,NU,O,04/06/2026 08:15:09 PM
25243B,NU,V,04/06/2026 09:12:19 PM
25244A,NU,V,04/06/2026 09:56:10 PM
25244B,NU,V,04/06/2026 09:00:38 PM
25245A,NU,O,04/06/2026 06:09:37 PM
25245B,NU,V,04/06/2026 08:40:57 PM
25246A,NU,O,04/06/2026 07:32:51 PM
25246B,NU,O,04/06/2026 06:40:00 PM
25247A,NU,O,04/06/2026 05:47:42 PM
25247B,NU,O,04/06/2026 06:07:46 PM
25248A,NU,O,04/06/2026 08:10:34 PM
25248B,NU,O,04/06/2026 05:01:54 PM
25249A,NU,O,04/05/2026 09:02:47 PM
25249B,NU,O,04/06/2026 06:08:58 PM
2524A,N,O,04/06/2026 08:55:47 AM
2524B,N,O,04/06/2026 02:33:59 PM
25250A,NU,O,04/06/2026 06:43:46 PM
25250B,NU,O,04/06/2026 05:46:26 PM
25251A,NU,O,04/06/2026 08:41:34 PM
25251B,NU,V,04/05/2026 07:19:56 PM
25252A,NU,O,04/06/2026 06:09:23 PM
25252B,NU,O,04/06/2026 05:28:22 PM
25253A,NU,V,04/06/2026 09:29:33 PM
25253B,NU,V,04/06/2026 09:59:44 PM
25254B,N,O,04/06/2026 09:47:32 PM
25255A,N,O,04/06/2026 09:39:25 PM
25255B,N,O,04/06/2026 06:07:15 PM
25256A,N,O,04/06/2026 04:48:42 PM
25257B,N,O,04/06/2026 08:30:20 PM
25258A,N,O,04/06/2026 08:39:35 PM
25258B,N,O,04/06/2026 08:21:39 PM
25259A,N,O,04/06/2026 04:33:02 PM
25259B,N,O,04/06/2026 08:13:48 PM
2525A,N,O,04/06/2026 05:43:16 PM
2525B,N,O,04/06/2026 08:32:45 PM
25260A,N,O,04/06/2026 05:35:25 PM
25260B,N,O,04/06/2026 07:46:40 PM
25261A,N,O,04/06/2026 07:52:24 PM
25261B,N,O,04/06/2026 08:58:49 AM
25262A,N,O,04/06/2026 07:02:05 PM
25262B,N,O,04/06/2026 09:06:24 PM
25263A,N,O,04/06/2026 08:56:45 AM
25263B,N,O,04/06/2026 09:03:09 PM
25264A,N,O,04/06/2026 03:51:53 PM
25264B,N,O,04/06/2026 09:22:46 PM
25265A,N,V,04/06/2026 09:45:36 PM
25265B,N,O,04/06/2026 09:01:53 PM
25266B,N,O,04/06/2026 07:38:47 PM
25267A,N,O,04/06/2026 08:51:39 PM
25267B,N,O,04/06/2026 03:31:34 PM
25268A,N,V,04/06/2026 04:44:10 PM
25268B,N,O,04/06/2026 06:37:19 PM
25269A,N,O,04/06/2026 09:40:25 PM
25269B,N,O,04/06/2026 09:04:26 PM
2526A,N,O,04/06/2026 05:03:14 PM
25270A,N,O,04/06/2026 08:59:46 AM
25270B,N,O,04/06/2026 09:05:38 PM
25271A,N,O,04/06/2026 08:59:59 PM
25272A,N,O,04/06/2026 01:27:28 PM
25272B,N,O,04/06/2026 08:57:57 AM
25273A,N,O,04/06/2026 07:52:18 PM
25273B,N,O,04/06/2026 01:20:58 PM
25274A,N,O,04/06/2026 08:55:52 AM
25274B,N,O,04/06/2026 05:37:31 PM
25275A,N,O,04/06/2026 05:46:31 PM
25275B,N,O,04/06/2026 08:59:50 AM
25276A,N,O,04/06/2026 06:22:38 PM
25276B,N,O,04/06/2026 06:43:05 PM
25277A,N,O,04/06/2026 09:05:28 PM
25277B,N,V,04/06/2026 09:59:07 PM
25278A,N,O,04/06/2026 05:55:52 PM
25278B,N,O,04/06/2026 07:18:23 PM
25279A,N,O,04/06/2026 05:30:02 PM
25279B,N,O,04/06/2026 09:14:15 PM
2527A,N,O,04/06/2026 09:28:36 PM
2527B,N,O,04/06/2026 07:33:05 PM
25280A,N,O,04/06/2026 05:54:15 PM
25280B,N,O,04/06/2026 08:04:08 PM
25281A,N,O,04/06/2026 07:23:47 PM
25281B,N,V,04/06/2026 09:48:40 PM
25282B,N,O,04/06/2026 05:50:10 PM
25283A,N,O,04/06/2026 07:02:10 PM
25284A,N,O,04/06/2026 07:06:34 PM
25284B,N,O,04/06/2026 05:37:35 PM
25285A,N,O,04/06/2026 06:44:19 PM
25285B,N,O,04/06/2026 09:21:38 PM
25286A,N,O,04/06/2026 05:05:21 PM
25286B,N,O,04/06/2026 04:33:13 PM
25287A,N,O,04/06/2026 01:15:48 PM
25287B,N,O,04/06/2026 04:35:49 PM
25288A,N,O,04/06/2026 03:01:30 PM
25288B,N,O,04/06/2026 04:04:21 PM
25289A,N,O,04/06/2026 04:08:44 PM
25289B,N,O,04/06/2026 05:32:24 PM
2528B,N,O,04/06/2026 08:10:32 PM
25290A,N,O,04/06/2026 10:47:04 AM
25290B,N,O,04/06/2026 05:05:44 PM
25291A,N,O,04/06/2026 05:52:08 PM
25291B,N,O,04/06/2026 06:25:36 PM
25292A,N,O,04/06/2026 06:18:06 PM
25292B,N,O,04/06/2026 04:28:11 PM
25293A,N,O,04/06/2026 06:27:05 PM
25293B,N,O,04/06/2026 03:47:14 PM
25294A,N,O,04/06/2026 04:24:45 PM
25294B,N,O,04/06/2026 08:06:45 PM
25295A,N,O,04/06/2026 04:27:20 PM
25295B,N,O,04/06/2026 09:43:23 PM
25296A,N,O,04/06/2026 06:10:49 PM
25296B,N,O,04/06/2026 09:59:52 PM
25297A,N,O,04/06/2026 02:14:54 PM
25297B,N,O,04/06/2026 07:14:18 PM
25298A,N,O,04/06/2026 04:01:00 PM
25298B,N,O,04/06/2026 05:18:37 PM
25299A,N,O,09/03/2025 03:25:17 PM
2529A,N,O,04/06/2026 08:55:26 PM
2529B,N,O,04/06/2026 04:24:07 PM
252A,N,O,04/06/2026 09:52:56 PM
252B,N,O,04/06/2026 04:28:43 PM
25302B,N,O,04/06/2026 10:27:46 AM
25303A,N,O,04/06/2026 07:57:05 PM
25303B,N,O,04/06/2026 08:56:49 AM
25304A,N,O,04/06/2026 09:22:24 PM
25304B,N,O,04/06/2026 05:02:45 PM
25305A,N,O,04/06/2026 03:44:16 PM
25305B,N,O,04/06/2026 06:18:21 PM
25306A,N,O,04/06/2026 08:56:19 PM
25306B,N,O,04/06/2026 03:58:38 PM
25307A,N,O,04/06/2026 08:56:15 PM
25307B,N,O,04/06/2026 09:54:36 PM
25308A,N,O,04/06/2026 06:56:44 PM
25308B,N,V,04/06/2026 09:38:08 PM
25309A,N,O,04/06/2026 09:38:22 PM
25309B,N,O,04/06/2026 08:55:43 AM
2530A,N,O,04/06/2026 08:55:16 PM
2530B,N,O,04/06/2026 04:30:30 PM
25311A,N,O,04/06/2026 08:59:44 AM
25312A,N,O,04/06/2026 06:06:45 PM
25312B,N,V,04/06/2026 09:54:21 PM
25313B,N,O,04/06/2026 09:50:44 PM
25314A,N,O,04/06/2026 05:19:39 PM
25314B,N,O,04/06/2026 05:55:10 PM
25316A,N,O,04/06/2026 08:59:19 AM
25316B,N,O,04/06/2026 05:38:44 PM
25317B,N,O,04/06/2026 05:38:28 PM
25318A,N,O,04/06/2026 07:37:37 PM
25318B,N,O,04/06/2026 08:56:17 PM
25319B,N,O,04/06/2026 09:43:15 PM
2531A,N,O,04/06/2026 05:14:39 PM
2531B,N,O,04/06/2026 09:59:28 PM
25320A,N,O,04/06/2026 09:29:53 PM
25321A,N,V,04/06/2026 09:59:16 PM
25321B,N,V,04/06/2026 09:59:03 PM
25322A,N,O,04/06/2026 09:58:05 AM
25322B,N,O,04/06/2026 09:48:21 PM
25330A,N,O,04/06/2026 08:59:52 AM
25330B,N,O,04/06/2026 09:06:56 PM
25331A,N,V,04/06/2026 09:59:38 PM
25331B,N,O,04/06/2026 09:57:32 PM
25332A,N,O,04/06/2026 07:59:17 PM
25332B,N,O,04/06/2026 08:39:03 PM
25333A,N,O,04/06/2026 08:56:44 AM
25333B,N,O,04/06/2026 09:42:44 PM
25334A,N,O,04/06/2026 04:07:45 PM
25334B,N,O,04/06/2026 08:11:32 PM
25335A,N,O,04/06/2026 12:49:37 PM
25335B,N,O,04/06/2026 09:59:50 AM
25336B,N,O,04/06/2026 09:58:42 AM
25337A,N,O,04/06/2026 09:58:08 AM
25337B,N,O,04/06/2026 09:58:51 AM
25338A,N,O,04/06/2026 09:57:08 AM
25338B,N,O,04/06/2026 09:56:48 AM
25341A,N,O,04/07/2026 07:58:45 AM
25342A,N,O,04/07/2026 07:57:48 AM
25342B,N,O,04/07/2026 07:58:03 AM
25343A,N,O,04/07/2026 07:56:52 AM
25343B,N,O,04/07/2026 07:56:52 AM
25344B,N,V,04/07/2026 08:34:09 AM
25345A,N,O,04/06/2026 08:33:19 PM
25346A,N,O,08/09/2025 07:24:28 PM
25346B,N,O,10/23/2025 03:47:54 PM
25352A,N,O,04/06/2026 09:15:00 PM
25352B,N,O,04/06/2026 07:38:34 PM
25353A,N,V,04/06/2026 09:59:39 PM
25353B,N,O,04/06/2026 09:25:19 PM
25354A,N,O,04/06/2026 06:14:28 PM
25354B,N,O,04/06/2026 09:26:52 PM
25355A,N,O,04/06/2026 05:47:37 PM
25355B,N,O,04/06/2026 08:59:43 AM
25356A,N,O,04/06/2026 07:25:28 PM
25356B,N,O,04/06/2026 07:15:45 PM
25357A,N,O,04/06/2026 09:28:35 PM
25357B,N,V,04/06/2026 09:54:05 PM
25358B,N,O,04/06/2026 08:47:25 PM
25359A,N,O,04/06/2026 09:56:10 AM
25360A,N,O,04/06/2026 09:59:54 AM
25360B,N,O,04/06/2026 10:00:06 AM
25361A,N,O,04/06/2026 08:59:48 PM
25361B,N,O,04/06/2026 09:33:54 PM
25362A,N,O,04/06/2026 06:14:04 PM
25362B,N,O,04/06/2026 08:13:06 PM
25363A,N,V,04/06/2026 07:56:44 PM
25363B,N,O,04/06/2026 07:54:19 PM
25364A,N,O,04/06/2026 08:43:32 PM
25364B,N,O,04/06/2026 10:27:42 AM
25365A,N,O,04/06/2026 08:47:02 PM
25365B,N,O,04/06/2026 06:57:55 PM
25366A,N,O,04/06/2026 08:02:06 PM
2536A,N,O,04/06/2026 08:58:46 AM
2536B,N,O,04/06/2026 08:58:55 AM
25371A,N,O,04/06/2026 07:00:52 PM
25371B,N,V,04/06/2026 09:13:11 PM
25372A,N,O,04/06/2026 08:06:06 PM
25372B,N,V,04/06/2026 09:35:31 PM
25373A,N,O,04/06/2026 09:20:14 PM
25373B,N,O,04/06/2026 09:59:46 PM
25374A,N,O,04/06/2026 08:55:53 AM
25374B,N,O,04/06/2026 08:56:10 AM
25375A,N,O,04/06/2026 06:03:02 PM
25375B,N,V,04/06/2026 09:48:33 PM
25376A,N,O,04/06/2026 08:58:46 AM
25376B,N,V,04/06/2026 09:56:57 PM
2537A,N,O,04/06/2026 08:57:52 AM
2537B,N,O,04/06/2026 08:57:52 AM
25383A,N,O,04/06/2026 07:50:51 PM
25383B,N,O,04/06/2026 07:42:00 PM
25384B,N,O,04/06/2026 08:55:46 AM
25385A,N,O,04/06/2026 04:26:56 PM
25385B,N,O,04/06/2026 08:59:41 PM
25386A,N,V,04/06/2026 09:55:22 PM
25386B,N,O,04/06/2026 08:25:47 PM
25387A,N,O,04/06/2026 09:48:25 PM
25387B,N,V,04/06/2026 09:54:28 PM
25388A,N,O,04/06/2026 11:48:12 AM
25388B,N,O,04/06/2026 08:56:51 AM
25389A,N,O,04/06/2026 02:19:28 PM
25389B,N,O,04/06/2026 08:55:47 AM
2538A,N,O,04/06/2026 08:56:47 AM
2538B,N,O,04/06/2026 08:56:47 AM
25390A,N,O,04/06/2026 04:12:40 PM
25390B,N,O,04/06/2026 04:02:22 PM
25391B,N,O,04/06/2026 08:58:52 AM
25393A,N,O,04/06/2026 02:19:20 PM
25393B,N,O,04/06/2026 10:40:47 AM
25394A,N,O,04/06/2026 08:55:47 AM
25395A,N,O,04/06/2026 03:57:04 PM
25396A,N,O,04/06/2026 09:17:57 PM
25396B,N,O,04/06/2026 06:09:02 PM
25397B,N,O,04/06/2026 02:58:20 PM
25398A,N,O,04/06/2026 10:26:57 AM
25399A,N,O,04/06/2026 03:04:58 PM
25399B,N,O,04/06/2026 11:58:10 AM
2539A,N,O,04/06/2026 08:55:42 AM
2539B,N,O,04/06/2026 08:55:42 AM
253A,N,O,04/06/2026 09:06:55 PM
25400B,N,O,04/06/2026 09:51:56 PM
25401A,N,O,04/06/2026 05:51:40 PM
25401B,N,O,04/06/2026 08:59:01 AM
25402A,N,O,04/06/2026 04:54:22 PM
25402B,N,O,04/06/2026 05:45:03 PM
25403A,N,O,04/06/2026 08:56:39 AM
25403B,N,O,04/06/2026 09:13:14 PM
25404A,N,V,04/06/2026 06:10:55 PM
25404B,N,V,04/06/2026 05:05:22 PM
25405A,N,O,04/06/2026 08:02:34 PM
25405B,N,V,04/06/2026 09:30:02 PM
25406A,N,O,04/06/2026 08:59:23 PM
25406B,N,O,04/06/2026 07:49:21 PM
25407A,N,O,04/06/2026 06:11:53 PM
25407B,N,O,04/06/2026 03:52:59 PM
25408A,N,O,04/06/2026 07:31:50 PM
25408B,N,V,04/06/2026 08:00:19 PM
25409A,N,V,04/06/2026 03:40:38 PM
25409B,N,O,04/06/2026 04:50:45 PM
25410A,N,V,04/06/2026 05:24:13 PM
25410B,N,O,04/06/2026 04:57:22 PM
25411A,N,O,04/06/2026 08:35:03 PM
25411B,N,O,04/06/2026 07:44:53 PM
25412B,N,O,04/06/2026 08:57:57 AM
25413A,N,O,04/06/2026 07:24:08 PM
25413B,N,O,04/06/2026 09:14:41 PM
25414A,N,O,04/06/2026 06:17:03 PM
25414B,N,O,04/06/2026 09:41:13 PM
25415A,N,O,04/06/2026 08:14:48 PM
25415B,N,O,04/06/2026 12:00:40 PM
25416A,N,O,04/06/2026 01:50:02 PM
25416B,N,O,04/06/2026 07:03:06 PM
25417A,N,V,04/06/2026 08:38:46 PM
25417B,N,V,04/06/2026 09:40:36 PM
25418A,N,O,04/06/2026 08:44:42 PM
25418B,N,V,04/06/2026 05:20:52 PM
25419A,N,O,04/06/2026 08:55:44 AM
25419B,N,O,04/06/2026 10:24:31 AM
25420A,N,O,04/06/2026 04:20:07 PM
25420B,N,V,04/06/2026 05:15:07 PM
25421A,N,V,04/06/2026 08:33:44 PM
25421B,N,O,04/06/2026 09:39:48 PM
25422A,N,O,04/06/2026 04:22:15 PM
25422B,N,V,04/06/2026 06:44:57 PM
25423A,N,O,04/06/2026 05:15:37 PM
25423B,N,O,04/06/2026 09:35:56 PM
25424A,N,O,04/06/2026 09:55:09 PM
25424B,N,O,04/06/2026 06:41:11 PM
25425A,N,O,04/06/2026 09:49:16 PM
25425B,N,O,04/06/2026 09:25:41 PM
25426A,N,O,04/06/2026 05:56:56 PM
25426B,N,O,04/06/2026 02:26:53 PM
25427A,N,V,04/06/2026 09:55:10 PM
25427B,N,O,04/06/2026 06:44:08 PM
25428A,N,O,04/06/2026 03:35:58 PM
25428B,N,V,04/06/2026 09:58:31 PM
25429A,N,O,04/06/2026 06:08:48 PM
25429B,N,O,04/06/2026 08:08:08 PM
2542A,N,O,04/06/2026 08:57:50 AM
2542B,N,O,04/06/2026 07:34:31 PM
25430A,N,O,04/06/2026 09:04:27 PM
25430B,N,V,04/06/2026 09:29:21 PM
25431A,N,O,04/06/2026 11:08:04 AM
25431B,N,V,04/06/2026 04:15:29 PM
25432A,N,O,04/06/2026 02:21:52 PM
25432B,N,V,04/06/2026 08:55:24 PM
25433A,N,V,04/06/2026 09:58:49 PM
25433B,N,O,04/06/2026 05:49:44 PM
25434A,N,V,04/06/2026 07:40:12 PM
25434B,N,O,04/06/2026 08:55:52 AM
25435A,N,O,04/06/2026 08:59:44 AM
25435B,N,V,04/06/2026 07:39:55 PM
25436A,N,O,04/06/2026 04:54:00 PM
25436B,N,O,04/06/2026 05:42:27 PM
25437A,N,O,04/06/2026 07:09:32 PM
25437B,N,O,04/06/2026 07:11:30 PM
25438A,N,O,04/06/2026 02:47:18 PM
25438B,N,O,04/06/2026 02:47:18 PM
25439B,N,O,04/06/2026 07:49:03 PM
2543A,N,O,04/06/2026 07:07:46 PM
2543B,N,O,04/06/2026 08:57:12 AM
25443B,N,O,04/06/2026 10:00:01 PM
25444A,N,O,04/06/2026 06:53:27 PM
25444B,N,O,04/06/2026 09:20:53 PM
25445A,N,O,04/06/2026 09:22:45 PM
25445B,N,O,04/06/2026 06:22:50 PM
25446A,N,O,04/06/2026 09:50:35 PM
25446B,N,O,04/06/2026 09:06:38 AM
25447A,N,O,04/06/2026 07:06:38 PM
25447B,N,V,04/06/2026 09:59:38 PM
25448A,N,O,04/06/2026 02:15:45 PM
25448B,N,O,04/06/2026 09:59:40 PM
25449A,N,O,04/06/2026 09:31:28 PM
25449B,N,V,01/09/2026 02:21:37 PM
25450A,N,O,04/06/2026 08:47:04 PM
25450B,N,O,04/06/2026 09:48:17 PM
25451A,N,O,04/06/2026 04:46:34 PM
25451B,N,O,04/06/2026 09:59:36 PM
25452A,N,O,04/06/2026 09:04:29 PM
25452B,N,O,04/06/2026 05:56:11 PM
25453A,N,O,04/06/2026 09:59:25 PM
25453B,N,O,04/06/2026 09:41:13 PM
25454A,N,V,04/06/2026 09:43:22 PM
25454B,N,O,04/06/2026 09:11:02 PM
25455A,N,O,04/06/2026 05:41:36 PM
25455B,N,O,01/09/2026 02:48:28 PM
25456A,N,O,04/06/2026 09:47:20 PM
25456B,N,V,04/06/2026 09:59:16 PM
25457A,N,O,04/06/2026 08:58:03 AM
25457B,N,O,04/06/2026 08:57:51 AM
25458A,N,O,04/06/2026 08:56:50 AM
25458B,N,O,04/06/2026 12:20:37 PM
25459A,N,V,04/06/2026 03:29:11 PM
25459B,N,O,04/06/2026 08:55:51 AM
25460A,N,O,04/06/2026 08:59:47 AM
25460B,N,O,04/06/2026 09:44:36 PM
25461A,N,O,04/06/2026 09:22:07 AM
25461B,N,O,04/06/2026 08:58:51 AM
25462A,N,O,04/06/2026 02:09:42 PM
25462B,N,O,04/06/2026 09:34:28 PM
25463A,N,V,01/23/2026 01:37:30 PM
25463B,N,O,04/06/2026 08:56:48 AM
25464A,N,O,04/06/2026 08:25:41 PM
25464B,N,O,04/06/2026 07:47:59 PM
25465A,N,O,04/06/2026 09:43:11 PM
25465B,N,V,04/06/2026 06:32:51 PM
25466A,N,O,04/06/2026 09:10:52 PM
25466B,N,O,04/06/2026 08:58:44 AM
25467A,N,O,04/06/2026 09:36:02 PM
25467B,N,O,04/05/2026 01:12:21 PM
25468A,N,O,04/06/2026 06:05:12 PM
25468B,N,O,04/06/2026 06:05:12 PM
25469A,N,O,04/05/2026 09:52:37 PM
25469B,N,O,04/06/2026 08:51:21 PM
25470A,N,O,04/06/2026 08:59:49 AM
25470B,N,O,04/06/2026 08:59:53 AM
25471A,N,O,04/06/2026 08:06:38 PM
25471B,N,O,04/06/2026 07:35:58 PM
25472A,N,O,04/06/2026 06:06:13 PM
25473A,N,O,04/06/2026 07:46:21 PM
25473B,N,O,04/06/2026 08:13:25 PM
25474A,N,V,04/06/2026 09:30:42 PM
25474B,N,O,04/06/2026 12:28:39 PM
25475A,N,O,04/06/2026 05:01:16 PM
25475B,N,O,04/06/2026 08:22:40 PM
25476A,N,O,04/06/2026 09:54:08 PM
25476B,N,O,04/06/2026 09:23:30 PM
25477A,N,O,04/06/2026 04:20:24 PM
25477B,N,O,04/06/2026 05:37:44 PM
25478A,N,O,04/06/2026 09:56:25 PM
25478B,N,O,04/06/2026 09:30:46 PM
25479A,N,O,04/06/2026 05:17:03 PM
25479B,N,O,04/06/2026 09:13:05 PM
2547A,N,V,04/06/2026 05:44:47 PM
2547B,N,O,04/06/2026 07:41:11 PM
25480A,N,O,04/06/2026 05:20:47 PM
25480B,N,O,04/06/2026 06:19:03 PM
25481A,N,O,04/06/2026 06:23:47 PM
25481B,N,O,04/06/2026 05:46:22 PM
25482A,N,O,04/06/2026 01:57:36 PM
25482B,N,O,04/06/2026 06:03:04 PM
25483A,N,O,04/06/2026 08:56:46 AM
25483B,N,O,04/06/2026 04:56:24 PM
25484A,N,O,04/06/2026 09:21:19 AM
25484B,N,O,04/06/2026 06:18:36 PM
25485A,N,O,04/06/2026 11:43:27 AM
25485B,N,O,04/06/2026 03:57:56 PM
25486A,N,O,04/06/2026 08:58:43 AM
25486B,N,O,04/06/2026 08:58:50 AM
25487A,N,O,04/06/2026 04:53:18 PM
25487B,N,V,04/06/2026 09:59:55 PM
25488A,N,O,04/06/2026 08:56:50 AM
25488B,N,O,04/06/2026 08:56:50 AM
25489B,N,O,04/06/2026 05:09:37 PM
25490A,N,O,04/06/2026 08:48:43 PM
25491A,N,O,04/06/2026 06:47:17 PM
25491B,N,O,04/06/2026 05:35:10 PM
25492A,N,O,04/06/2026 05:03:07 PM
25492B,N,O,04/06/2026 01:55:17 PM
25493A,N,O,04/06/2026 08:56:47 AM
25493B,N,O,04/06/2026 08:56:54 AM
25494A,N,O,04/06/2026 08:55:45 PM
25494B,N,O,04/06/2026 01:25:05 PM
25495A,N,O,04/06/2026 02:51:52 PM
25495B,N,O,04/06/2026 06:36:21 PM
25496A,N,O,04/06/2026 07:18:03 PM
25496B,N,O,04/06/2026 09:20:38 PM
25497B,N,O,04/06/2026 07:08:54 PM
25499A,N,O,04/05/2026 08:55:57 AM
25499B,N,O,04/06/2026 08:55:45 AM
254A,N,O,04/06/2026 09:49:56 PM
254B,N,O,04/06/2026 02:30:24 PM
25500A,N,O,04/06/2026 08:59:40 AM
25500B,N,O,04/06/2026 08:59:47 AM
25501A,N,O,04/06/2026 08:58:46 AM
25501B,N,O,04/06/2026 08:58:54 AM
25502A,N,O,04/06/2026 08:57:48 AM
25502B,N,O,04/06/2026 01:01:39 PM
25503A,N,O,04/06/2026 08:56:50 AM
25503B,N,O,04/06/2026 08:56:50 AM
25504A,N,O,04/06/2026 08:55:54 AM
25504B,N,O,04/06/2026 08:56:30 AM
25505B,N,O,04/06/2026 08:59:56 AM
25506A,N,O,04/06/2026 02:50:05 PM
25506B,N,O,04/06/2026 09:34:47 PM
25507A,N,O,04/06/2026 06:48:50 PM
25507B,N,O,04/06/2026 07:31:50 PM
25508A,N,V,04/06/2026 09:59:43 PM
25508B,N,O,04/06/2026 05:00:49 PM
25509A,N,O,04/06/2026 06:26:26 PM
25509B,N,V,04/06/2026 09:49:20 PM
25510A,N,O,04/06/2026 01:52:59 PM
25510B,N,O,04/06/2026 05:59:49 PM
25511A,N,O,04/06/2026 07:04:48 PM
25511B,N,O,04/06/2026 07:31:48 PM
25512A,N,O,04/06/2026 07:14:44 PM
25512B,N,O,04/06/2026 05:15:05 PM
25513A,N,O,04/06/2026 08:56:47 AM
25513B,N,O,04/06/2026 03:44:47 PM
25514B,N,V,04/05/2026 06:51:42 PM
25515A,N,O,04/06/2026 09:29:30 PM
25515B,N,V,04/06/2026 06:13:18 PM
25516A,N,O,04/06/2026 08:13:03 PM
25516B,N,O,04/06/2026 02:24:55 PM
25517A,N,O,04/06/2026 03:08:32 PM
25517B,N,V,04/06/2026 07:54:18 PM
25518B,N,V,04/05/2026 04:15:47 PM
25519A,N,O,04/06/2026 09:05:16 PM
25519B,N,O,04/06/2026 06:21:40 PM
25520A,N,V,04/06/2026 08:14:52 PM
25520B,N,O,04/06/2026 04:45:58 PM
25521A,N,O,04/06/2026 12:25:48 PM
25521B,N,O,04/06/2026 09:55:49 PM
25522A,N,V,04/06/2026 08:03:58 PM
25522B,N,V,04/06/2026 09:52:34 PM
25523A,N,O,04/06/2026 09:56:15 PM
25523B,N,V,04/04/2026 03:16:44 PM
25524A,N,O,04/06/2026 08:36:56 PM
25524B,N,V,04/06/2026 08:57:19 PM
25525A,N,O,04/06/2026 05:46:34 PM
25525B,N,O,04/06/2026 08:27:42 PM
25528A,N,O,04/06/2026 03:47:28 PM
25528B,N,O,04/06/2026 06:57:07 PM
25529A,N,O,04/06/2026 09:49:12 PM
25529B,N,V,04/06/2026 09:54:23 PM
2552A,N,O,04/07/2026 06:57:47 AM
2552B,N,O,04/07/2026 06:57:47 AM
25530A,N,O,04/06/2026 01:39:58 PM
25530B,N,O,04/06/2026 05:07:21 PM
25531A,N,O,04/06/2026 07:36:48 PM
25531B,N,O,04/06/2026 06:49:09 PM
25532A,N,O,04/06/2026 09:59:15 PM
25532B,N,O,04/06/2026 07:53:13 PM
25533A,N,V,04/06/2026 09:48:35 PM
25533B,N,O,04/06/2026 06:58:02 PM
25534A,N,O,04/06/2026 06:04:21 PM
25534B,N,O,04/06/2026 07:56:47 PM
25535A,N,O,04/06/2026 07:04:21 PM
25535B,N,O,04/06/2026 06:58:02 PM
25536A,N,O,04/06/2026 05:57:42 PM
25536B,N,O,04/06/2026 08:00:57 PM
25537A,N,O,04/06/2026 07:22:19 PM
25537B,N,O,04/06/2026 08:38:12 PM
25538A,N,V,04/06/2026 08:45:45 PM
25538B,N,O,04/06/2026 05:53:36 PM
2553A,N,O,04/07/2026 06:56:45 AM
2553B,N,V,04/07/2026 08:30:09 AM
25540A,N,O,04/06/2026 09:39:45 PM
25540B,N,O,04/06/2026 07:32:47 PM
25541A,N,O,04/06/2026 07:35:49 PM
25541B,N,V,04/06/2026 05:40:39 PM
25542A,N,O,04/06/2026 04:47:38 PM
25543A,N,V,04/06/2026 07:09:18 PM
25543B,N,V,04/06/2026 04:31:09 PM
25544A,N,O,04/06/2026 08:55:50 AM
25544B,N,V,04/05/2026 02:45:04 PM
25545A,N,V,04/06/2026 06:13:05 PM
25545B,N,O,04/06/2026 08:26:42 PM
25546A,N,V,04/06/2026 09:58:55 PM
25546B,N,V,04/06/2026 01:24:33 PM
25547A,N,V,04/05/2026 09:01:17 PM
25547B,N,O,04/06/2026 05:59:14 PM
25548A,N,V,04/06/2026 06:22:46 PM
25549A,N,V,04/06/2026 09:59:55 PM
25549B,N,O,04/06/2026 05:05:04 PM
2554A,N,O,04/07/2026 06:55:59 AM
2554B,N,O,04/07/2026 06:55:51 AM
25550A,N,O,04/06/2026 09:34:34 PM
25550B,N,O,04/06/2026 05:35:33 PM
25551A,N,V,04/06/2026 05:44:46 PM
25551B,N,V,04/06/2026 05:43:55 PM
25552A,N,V,04/06/2026 05:06:52 PM
25552B,N,O,04/06/2026 04:31:22 PM
25553A,N,O,04/06/2026 01:32:19 PM
25553B,N,V,04/06/2026 09:07:42 PM
25554A,N,O,04/06/2026 08:55:50 AM
25555A,N,O,04/06/2026 08:59:50 AM
25555B,N,O,04/06/2026 02:19:27 PM
25556A,N,O,04/06/2026 08:37:23 PM
25556B,N,O,04/06/2026 11:32:08 AM
25557A,N,O,04/06/2026 08:57:44 AM
25557B,N,V,04/06/2026 07:21:41 PM
25558A,N,O,04/06/2026 08:56:53 AM
25558B,N,O,04/06/2026 08:11:45 PM
25559A,N,O,04/06/2026 05:22:35 PM
25559B,N,V,04/06/2026 08:45:49 PM
2555A,N,O,04/07/2026 06:59:48 AM
2555B,N,O,04/07/2026 06:59:48 AM
25560A,N,O,04/06/2026 06:11:11 PM
25560B,N,V,04/06/2026 10:18:47 AM
25561A,N,O,04/06/2026 08:58:52 AM
25561B,N,O,04/06/2026 08:15:47 PM
25562B,N,V,04/06/2026 10:51:13 AM
25563A,N,O,04/06/2026 03:02:42 PM
25563B,N,V,04/05/2026 04:31:40 PM
25564A,N,V,04/04/2026 03:27:16 PM
25564B,N,O,04/06/2026 01:37:08 PM
25565A,N,V,04/06/2026 07:51:55 PM
25565B,N,V,04/06/2026 02:06:01 PM
25566A,N,O,04/06/2026 06:03:48 PM
25566B,N,V,04/06/2026 04:52:53 PM
25567A,N,V,04/06/2026 02:21:37 PM
25567B,N,O,04/06/2026 07:29:13 PM
25568A,N,O,04/06/2026 07:07:21 PM
25568B,N,V,04/06/2026 07:52:13 PM
25569A,N,O,04/06/2026 08:55:44 AM
25569B,N,V,04/04/2026 02:47:20 PM
2556B,N,O,04/07/2026 06:58:48 AM
25570B,N,O,04/06/2026 09:58:35 PM
25571A,N,O,04/06/2026 09:47:53 PM
25571B,N,V,04/06/2026 09:14:15 PM
25572A,N,V,04/06/2026 01:35:18 PM
25572B,N,V,04/06/2026 02:17:31 PM
25573A,N,V,04/06/2026 06:39:33 PM
25573B,N,V,04/06/2026 01:25:45 PM
25574A,N,O,04/06/2026 08:56:09 AM
25574B,N,V,04/05/2026 02:44:37 PM
25575A,N,O,11/06/2025 11:02:53 AM
25575B,N,O,11/06/2025 11:03:51 AM
25576A,N,O,04/06/2026 08:58:49 AM
25576B,N,V,04/06/2026 11:02:12 AM
25577A,N,V,04/06/2026 08:44:19 PM
25577B,N,O,04/06/2026 09:50:43 PM
25578A,N,O,04/06/2026 08:47:29 PM
25578B,N,V,04/06/2026 09:58:59 PM
25579A,N,O,04/06/2026 06:56:04 PM
2557A,N,O,04/07/2026 06:57:54 AM
2557B,N,O,04/07/2026 08:36:23 AM
25580A,N,V,04/06/2026 09:59:59 PM
25580B,N,O,04/06/2026 07:48:20 PM
25581A,N,V,04/06/2026 08:24:56 PM
25581B,N,V,04/06/2026 08:58:34 PM
25582A,N,V,04/06/2026 02:26:56 PM
25582B,N,V,04/06/2026 08:05:27 PM
25583A,N,V,04/06/2026 09:58:50 PM
25583B,N,O,04/06/2026 07:34:08 PM
25584A,N,V,04/06/2026 07:31:41 PM
25584B,N,O,04/06/2026 09:21:30 PM
25585A,N,V,04/06/2026 08:47:48 PM
25585B,N,O,04/06/2026 07:26:37 PM
25586A,N,V,04/06/2026 09:12:23 PM
25586B,N,O,04/06/2026 09:54:44 PM
25587A,N,O,04/06/2026 09:11:38 PM
25587B,N,V,04/06/2026 05:19:47 PM
25588A,N,O,04/06/2026 05:48:59 PM
25588B,N,V,04/06/2026 02:30:08 PM
25589A,N,O,04/06/2026 07:34:49 PM
2558A,N,O,04/07/2026 06:56:47 AM
2558B,N,O,04/07/2026 06:56:51 AM
25590A,N,O,04/06/2026 09:55:50 PM
25590B,N,O,04/06/2026 06:34:13 PM
25591A,N,V,04/06/2026 09:51:43 PM
25591B,N,O,04/06/2026 07:29:24 PM
25592A,N,V,04/06/2026 11:27:12 AM
25592B,N,O,04/06/2026 07:13:04 PM
25593A,N,O,04/06/2026 09:50:29 PM
25593B,N,O,04/06/2026 07:05:16 PM
25594A,N,O,04/06/2026 06:53:42 PM
25595B,N,V,04/06/2026 06:31:41 PM
25596A,N,V,04/06/2026 09:04:10 PM
25596B,N,O,04/06/2026 08:58:52 AM
25597A,N,V,04/06/2026 01:09:11 PM
25597B,N,O,04/06/2026 04:46:02 PM
25598A,N,O,04/06/2026 09:03:59 PM
25598B,N,O,04/06/2026 08:22:57 PM
25599A,N,V,04/06/2026 09:51:14 PM
25599B,N,O,04/06/2026 08:08:23 PM
2559A,N,O,04/07/2026 06:56:04 AM
2559B,N,O,04/07/2026 06:55:49 AM
255A,N,O,04/06/2026 08:59:26 PM
255B,N,O,04/06/2026 09:55:14 PM
25600A,N,O,04/06/2026 09:11:07 PM
25600B,N,O,04/06/2026 09:42:47 PM
25601A,N,O,04/06/2026 09:59:59 PM
25601B,N,O,04/06/2026 07:53:06 PM
25602A,N,O,04/06/2026 09:40:03 PM
25602B,N,O,04/06/2026 08