ParkingSpaceId,ParkingMeterStatus,OccupancyStatus,OccupancyDateChanged
10006A,N,O,04/06/2026 09:25:39 PM
10006B,N,O,04/06/2026 09:43:52 PM
10007A,N,O,04/06/2026 09:57:56 AM
10007B,N,O,04/06/2026 08:52:54 PM
10008A,N,O,04/06/2026 08:57:34 PM
10008B,N,O,04/06/2026 07:48:11 PM
10009A,N,O,04/06/2026 07:38:21 PM
10009B,N,O,04/06/2026 09:42:07 PM
10010A,N,O,04/06/2026 09:34:07 PM
10010B,N,O,04/06/2026 09:59:44 AM
10012A,N,O,04/02/2026 07:57:42 AM
10012B,N,O,04/02/2026 11:42:07 AM
10013A,N,O,04/02/2026 02:05:04 PM
10013B,N,O,04/02/2026 11:13:28 AM
10014A,N,O,04/02/2026 08:58:57 PM
10014B,N,O,04/02/2026 07:42:16 PM
10015A,N,O,04/02/2026 08:27:45 AM
10015B,N,O,04/02/2026 08:48:28 PM
1001A,N,V,04/07/2026 09:06:37 AM
10021A,N,V,04/06/2026 09:32:46 PM
10021B,N,O,04/06/2026 08:27:41 PM
10022A,N,V,04/06/2026 09:37:44 PM
10022B,N,O,04/06/2026 09:48:34 PM
10023A,N,O,04/06/2026 09:59:06 PM
10023B,N,O,04/06/2026 11:32:53 AM
10024A,N,O,04/06/2026 09:24:47 PM
10024B,N,V,04/06/2026 09:35:21 PM
10025A,N,V,04/06/2026 08:50:12 PM
10025B,N,O,04/06/2026 05:21:27 PM
10026A,N,O,04/06/2026 03:51:27 PM
10026B,N,O,04/06/2026 03:51:27 PM
10027A,N,O,04/06/2026 10:28:35 AM
10028A,N,O,04/06/2026 05:29:08 PM
10028B,N,O,04/07/2026 08:56:49 AM
10029A,N,O,04/06/2026 06:15:25 PM
10029B,N,O,04/07/2026 08:55:52 AM
1002A,N,O,04/06/2026 09:36:28 PM
10030A,N,O,04/07/2026 08:59:45 AM
10030B,N,O,04/07/2026 08:59:48 AM
10031A,N,O,04/07/2026 08:58:51 AM
10031B,N,O,04/06/2026 01:59:19 PM
10033B,N,O,04/07/2026 08:56:47 AM
10034A,N,O,04/07/2026 08:55:55 AM
10034B,N,O,04/07/2026 08:55:55 AM
10035A,N,O,04/07/2026 08:59:50 AM
10035B,N,O,04/07/2026 08:59:50 AM
10036A,N,O,04/07/2026 08:58:48 AM
10036B,N,O,04/07/2026 08:58:48 AM
10037A,N,O,04/02/2026 04:24:44 PM
10037B,N,O,04/02/2026 12:00:09 PM
10038A,N,O,04/02/2026 10:42:05 AM
10039A,N,O,04/07/2026 08:55:43 AM
10039B,N,O,04/07/2026 08:55:43 AM
1003B,N,O,04/07/2026 09:00:17 AM
10040A,N,O,04/07/2026 08:59:44 AM
10040B,N,O,04/07/2026 08:59:44 AM
10041A,N,O,04/07/2026 08:58:49 AM
10041B,N,O,04/07/2026 08:58:49 AM
10042A,N,O,04/07/2026 08:57:48 AM
10042B,N,O,04/07/2026 08:57:48 AM
10057A,N,V,04/07/2026 09:06:54 AM
10057B,N,O,04/07/2026 08:57:47 AM
10058A,N,O,04/06/2026 09:05:58 PM
10058B,N,O,04/06/2026 09:31:30 PM
10059A,N,O,04/06/2026 10:25:46 AM
10059B,N,O,04/06/2026 10:25:46 AM
1006B,N,O,04/07/2026 09:00:18 AM
10072A,N,O,04/06/2026 07:44:19 PM
10073A,N,O,04/06/2026 02:40:16 PM
10073B,N,O,04/06/2026 06:37:41 PM
10074A,N,V,04/06/2026 09:36:32 PM
10074B,N,V,04/06/2026 09:58:37 PM
10075A,N,O,04/06/2026 07:15:47 PM
10075B,N,O,04/06/2026 09:32:38 PM
10083A,N,O,04/07/2026 08:56:58 AM
10083B,N,O,04/07/2026 08:56:51 AM
10084A,N,O,04/07/2026 08:55:51 AM
10084B,N,O,04/07/2026 08:55:51 AM
10085A,N,O,04/07/2026 08:59:47 AM
10085B,N,O,04/07/2026 08:59:47 AM
10086A,N,O,04/06/2026 09:57:01 PM
10086B,N,O,04/07/2026 08:58:48 AM
10091A,N,O,04/02/2026 07:58:42 AM
10092A,N,O,04/02/2026 09:18:56 AM
10092B,N,O,04/02/2026 01:21:24 PM
100A,N,O,04/06/2026 09:53:39 PM
100B,N,O,04/07/2026 08:59:45 AM
10112A,N,V,04/06/2026 08:11:40 PM
10112B,N,O,04/07/2026 08:57:54 AM
10113A,N,O,04/07/2026 08:56:55 AM
10113B,N,O,04/07/2026 08:57:03 AM
10118A,N,O,04/07/2026 08:57:08 AM
10118B,N,O,04/07/2026 08:56:52 AM
10119A,N,O,04/06/2026 05:49:36 PM
10119B,N,O,04/07/2026 08:55:46 AM
10120A,N,O,04/07/2026 09:04:22 AM
10120B,N,O,04/07/2026 09:00:03 AM
10121A,N,O,04/07/2026 08:58:50 AM
10121B,N,O,04/07/2026 08:58:50 AM
10122A,N,O,04/07/2026 08:57:55 AM
10122B,N,O,04/07/2026 08:57:55 AM
10124A,N,O,04/07/2026 08:55:49 AM
10124B,N,O,04/07/2026 08:55:49 AM
10125A,N,O,04/07/2026 08:59:54 AM
10125B,N,O,04/07/2026 08:59:54 AM
10131B,N,O,04/06/2026 09:16:14 PM
10132A,N,O,04/06/2026 12:08:14 PM
10132B,N,O,04/06/2026 06:59:38 PM
10133A,N,V,04/06/2026 09:59:46 PM
10133B,N,O,04/06/2026 03:50:41 PM
10134A,N,O,04/06/2026 09:54:34 PM
10134B,N,O,04/06/2026 09:42:38 PM
10135A,N,O,04/06/2026 09:39:04 PM
10135B,N,O,04/06/2026 09:50:25 PM
10136A,N,O,04/06/2026 09:30:53 PM
10136B,N,O,04/06/2026 08:29:03 PM
10137A,N,O,04/06/2026 09:51:49 PM
10137B,N,O,04/06/2026 01:42:12 PM
10138A,N,O,04/06/2026 09:39:50 PM
10138B,N,O,04/06/2026 09:33:51 PM
10145A,N,O,04/06/2026 08:53:11 PM
10146A,N,O,04/06/2026 09:58:49 AM
10146B,N,O,04/06/2026 09:58:49 AM
10148B,N,O,04/06/2026 09:56:48 AM
10149B,N,O,04/07/2026 08:25:49 AM
10153A,N,O,04/07/2026 08:56:53 AM
10153B,N,O,04/06/2026 01:20:55 PM
10154A,N,O,04/07/2026 08:55:57 AM
10154B,N,O,04/07/2026 08:55:53 AM
10155A,N,O,04/07/2026 09:00:01 AM
10155B,N,O,04/07/2026 09:01:33 AM
10156B,N,O,04/07/2026 08:58:48 AM
10158A,N,O,04/07/2026 08:56:46 AM
10158B,N,O,04/07/2026 08:56:46 AM
10159A,N,O,04/07/2026 08:55:52 AM
10159B,N,O,04/07/2026 08:55:52 AM
10160A,N,O,04/06/2026 09:14:13 PM
10160B,N,O,04/06/2026 09:40:08 PM
10161A,N,O,04/07/2026 08:38:44 AM
10161B,N,V,04/07/2026 08:59:30 AM
10172A,N,O,04/06/2026 03:38:02 PM
10172B,N,O,04/06/2026 09:57:51 AM
10173A,N,O,04/06/2026 09:56:52 AM
10173B,N,O,04/06/2026 09:56:52 AM
10174A,N,O,04/06/2026 09:55:45 AM
10174B,N,O,04/06/2026 09:55:54 AM
10175A,N,O,04/06/2026 08:21:08 PM
10175B,N,O,04/06/2026 01:37:28 PM
10176B,N,O,04/06/2026 09:58:50 AM
10182A,N,V,04/07/2026 09:05:55 AM
10182B,N,O,07/22/2025 01:25:37 PM
10183A,N,O,04/07/2026 07:57:24 AM
10185A,N,O,04/07/2026 08:59:43 AM
10185B,N,O,04/07/2026 08:59:43 AM
10186A,N,O,04/07/2026 08:58:55 AM
10186B,N,O,04/07/2026 08:58:51 AM
10187A,N,O,04/07/2026 08:57:56 AM
10187B,N,O,04/07/2026 08:57:52 AM
10188A,N,O,04/07/2026 08:56:43 AM
10188B,N,O,04/07/2026 08:56:43 AM
10189A,N,O,04/07/2026 08:55:48 AM
10189B,N,O,04/07/2026 08:55:44 AM
10190A,N,O,04/07/2026 08:59:51 AM
10190B,N,O,04/07/2026 08:59:51 AM
10191A,N,O,04/07/2026 08:58:44 AM
10191B,N,O,04/07/2026 08:58:44 AM
10192A,N,V,04/07/2026 09:01:16 AM
10192B,N,V,04/07/2026 09:00:33 AM
10196A,N,O,04/06/2026 09:46:29 PM
10196B,N,O,04/06/2026 09:56:04 PM
101A,N,O,04/07/2026 08:58:51 AM
101B,N,V,04/06/2026 09:08:52 AM
10200A,N,O,04/06/2026 08:53:40 PM
10201A,N,O,04/06/2026 10:28:48 AM
10201B,N,O,04/06/2026 06:48:05 PM
10207A,N,O,04/07/2026 08:57:48 AM
10207B,N,O,04/07/2026 08:57:48 AM
10209B,N,O,04/06/2026 08:51:08 PM
10211A,N,O,04/06/2026 09:59:25 PM
10211B,N,O,04/06/2026 08:25:29 PM
10212A,N,O,04/07/2026 08:57:46 AM
10212B,N,O,04/07/2026 08:57:43 AM
10213A,N,O,04/06/2026 06:58:48 PM
10213B,N,V,04/06/2026 09:56:05 PM
10215B,N,O,04/06/2026 12:23:42 PM
10216A,N,O,04/06/2026 09:40:55 PM
10216B,N,O,04/06/2026 10:28:58 AM
1021A,N,O,04/07/2026 09:03:33 AM
1021B,N,O,04/07/2026 08:58:48 AM
10222A,N,O,04/07/2026 08:57:49 AM
10222B,N,O,04/07/2026 08:57:57 AM
10223A,N,O,04/07/2026 08:56:50 AM
10224A,N,V,04/07/2026 08:57:45 AM
10224B,N,O,04/07/2026 08:55:52 AM
10225A,N,O,04/07/2026 08:59:50 AM
10225B,N,O,04/07/2026 08:59:57 AM
10226A,N,O,04/06/2026 06:16:20 PM
10226B,N,O,04/07/2026 08:58:45 AM
10227A,N,O,04/07/2026 08:57:38 AM
10227B,N,O,04/07/2026 08:57:42 AM
10228B,N,O,04/02/2026 07:56:46 AM
10229A,N,O,04/02/2026 07:55:44 AM
10229B,N,O,04/02/2026 04:20:57 PM
1022A,N,O,04/06/2026 09:12:49 PM
1022B,N,O,04/07/2026 08:57:51 AM
10231B,N,O,04/02/2026 07:58:44 AM
10232A,N,O,04/02/2026 10:05:42 AM
10232B,N,O,04/02/2026 10:13:03 AM
10233B,N,O,04/06/2026 09:56:46 AM
10234A,N,O,04/07/2026 08:55:51 AM
10234B,N,O,04/07/2026 08:55:51 AM
10235A,N,O,04/07/2026 08:59:44 AM
10235B,N,V,04/07/2026 09:01:35 AM
10236A,N,O,04/07/2026 08:58:46 AM
10237A,N,O,04/07/2026 08:57:46 AM
10237B,N,O,04/07/2026 08:57:46 AM
10238A,N,O,04/07/2026 08:56:48 AM
10238B,N,O,04/07/2026 08:56:48 AM
10239A,N,O,04/07/2026 08:55:53 AM
10239B,N,O,04/07/2026 08:56:03 AM
1023A,N,O,04/07/2026 08:56:49 AM
1023B,N,O,04/07/2026 08:56:49 AM
10240B,N,O,04/07/2026 08:59:49 AM
10241A,N,O,04/07/2026 08:59:12 AM
10241B,N,O,04/07/2026 08:58:46 AM
10242A,N,O,04/07/2026 08:57:49 AM
10242B,N,O,04/07/2026 08:57:49 AM
10245A,N,O,04/02/2026 08:49:22 AM
10245B,N,O,04/02/2026 07:59:46 AM
10246A,N,O,04/07/2026 08:58:46 AM
10246B,N,O,04/06/2026 08:16:09 PM
10247A,N,O,04/07/2026 08:57:52 AM
1024A,N,V,04/07/2026 09:06:22 AM
1024B,N,V,04/06/2026 08:49:27 PM
10253A,N,O,04/06/2026 09:21:03 PM
10254A,N,O,04/06/2026 09:36:30 PM
10254B,N,O,04/07/2026 08:55:51 AM
10256A,N,O,04/02/2026 07:59:03 AM
10256B,N,O,04/02/2026 07:58:54 AM
10257A,N,O,04/02/2026 07:36:06 PM
10257B,N,O,04/02/2026 03:08:58 PM
10258A,N,O,04/07/2026 08:56:43 AM
10258B,N,O,04/06/2026 08:30:06 PM
10259A,N,O,04/07/2026 08:55:50 AM
10259B,N,O,04/07/2026 08:55:46 AM
1025A,N,V,04/06/2026 09:44:34 PM
1025B,N,V,04/07/2026 09:06:53 AM
10262A,N,O,04/07/2026 09:06:55 AM
10262B,N,O,04/07/2026 08:21:42 AM
10263A,N,O,04/07/2026 06:56:46 AM
10263B,N,O,04/06/2026 06:56:46 AM
10264A,N,V,04/07/2026 08:40:46 AM
10264B,N,O,04/07/2026 06:55:44 AM
1026A,N,V,04/06/2026 09:33:37 PM
10270A,N,O,04/07/2026 08:59:43 AM
10270B,N,O,04/07/2026 08:59:43 AM
10271A,N,O,04/07/2026 08:58:42 AM
10271B,N,O,04/07/2026 08:58:42 AM
10272A,N,O,04/07/2026 08:57:51 AM
10272B,N,V,04/07/2026 09:03:03 AM
10273A,N,O,04/06/2026 06:54:46 PM
10273B,N,O,04/07/2026 08:56:49 AM
1027A,N,V,04/06/2026 05:13:17 PM
1027B,N,V,04/06/2026 09:48:52 AM
10280A,N,O,04/07/2026 06:59:46 AM
10280B,N,O,04/07/2026 07:01:44 AM
10281A,N,O,04/07/2026 06:58:52 AM
10281B,N,O,04/07/2026 06:58:48 AM
10286A,N,V,04/07/2026 09:01:39 AM
10286B,N,O,04/07/2026 09:00:18 AM
10287A,N,O,04/06/2026 06:01:49 PM
10287B,N,O,04/07/2026 08:57:52 AM
1028A,N,V,04/06/2026 09:33:10 PM
1028B,N,V,04/06/2026 05:44:26 PM
10295A,N,O,04/07/2026 08:59:45 AM
10296A,N,O,04/07/2026 09:06:56 AM
10296B,N,O,04/07/2026 08:58:53 AM
10297A,N,O,04/07/2026 08:57:47 AM
10297B,N,O,04/07/2026 08:57:54 AM
10298A,N,O,04/07/2026 08:56:52 AM
10298B,N,O,04/07/2026 08:56:52 AM
1029A,N,V,04/07/2026 09:06:00 AM
1029B,N,V,04/07/2026 09:06:20 AM
102A,N,V,04/06/2026 08:35:56 PM
102B,N,O,04/07/2026 08:57:52 AM
10301A,N,O,04/07/2026 09:04:03 AM
10301B,N,O,04/07/2026 08:59:55 AM
10302A,N,O,04/07/2026 08:57:49 AM
10302B,N,O,04/07/2026 08:57:52 AM
10303A,N,O,04/07/2026 08:56:48 AM
10303B,N,O,04/07/2026 08:56:48 AM
1030A,N,O,04/07/2026 09:06:57 AM
1030B,N,V,04/06/2026 04:09:27 PM
10310A,N,O,04/07/2026 08:59:53 AM
10310B,N,O,04/07/2026 08:59:53 AM
10311A,N,O,04/07/2026 08:58:49 AM
10311B,N,O,04/07/2026 08:58:49 AM
10312A,N,O,04/07/2026 08:57:52 AM
10312B,N,O,04/07/2026 09:06:00 AM
10316A,N,O,04/07/2026 08:58:53 AM
10316B,N,V,04/07/2026 09:05:11 AM
10317A,N,O,04/07/2026 08:57:44 AM
10317B,N,O,04/07/2026 08:57:44 AM
10318A,N,O,04/07/2026 08:56:46 AM
10318B,N,O,04/07/2026 08:56:46 AM
10319A,N,O,04/07/2026 08:55:44 AM
10319B,N,O,04/06/2026 09:45:40 PM
1031A,N,V,04/06/2026 09:49:49 PM
1031B,N,V,04/06/2026 03:49:54 PM
10320A,N,O,04/06/2026 04:15:02 PM
10320B,N,O,04/07/2026 08:59:43 AM
10322A,N,O,04/07/2026 08:57:47 AM
10323A,N,O,04/07/2026 08:56:52 AM
10323B,N,O,04/07/2026 08:56:52 AM
10325A,N,O,04/07/2026 08:59:50 AM
10325B,N,O,04/07/2026 08:59:50 AM
10326A,N,O,04/06/2026 07:19:54 PM
10326B,N,O,04/07/2026 08:58:43 AM
10327A,N,O,04/07/2026 08:57:48 AM
10327B,N,O,04/07/2026 08:57:48 AM
10328A,N,O,04/07/2026 08:56:51 AM
10328B,N,O,04/07/2026 08:56:51 AM
10329B,N,O,04/07/2026 08:55:50 AM
1032A,N,V,04/06/2026 06:47:09 PM
1032B,N,V,04/06/2026 02:40:47 PM
10330A,N,O,04/07/2026 08:59:47 AM
10331A,N,O,04/07/2026 08:58:59 AM
10331B,N,O,04/07/2026 08:58:52 AM
10332A,N,O,04/07/2026 08:57:52 AM
10332B,N,O,04/07/2026 08:57:52 AM
10333B,N,O,04/07/2026 09:05:04 AM
10334A,N,O,04/06/2026 04:35:55 PM
10334B,N,O,04/07/2026 08:55:49 AM
10335A,N,O,04/07/2026 08:59:46 AM
10335B,N,O,04/07/2026 08:59:46 AM
10336A,N,O,04/07/2026 08:58:43 AM
10336B,N,O,04/07/2026 08:58:43 AM
10337A,N,O,04/07/2026 08:57:53 AM
10337B,N,O,04/07/2026 08:57:57 AM
10338A,N,V,04/07/2026 09:06:06 AM
10338B,N,O,04/07/2026 08:56:51 AM
1033A,N,O,04/07/2026 09:06:33 AM
1033B,N,O,04/07/2026 09:06:50 AM
1034A,N,O,04/06/2026 09:59:57 PM
1034B,N,V,04/06/2026 11:20:35 AM
10350A,N,O,04/07/2026 08:59:45 AM
10350B,N,O,04/07/2026 09:00:04 AM
10351A,N,O,04/07/2026 08:58:52 AM
10351B,N,O,04/07/2026 08:58:52 AM
10352B,N,O,04/07/2026 08:57:48 AM
10358A,N,O,04/07/2026 08:56:46 AM
10358B,N,O,04/07/2026 08:56:46 AM
10359A,N,O,04/07/2026 08:55:45 AM
10359B,N,O,04/07/2026 08:55:45 AM
1035A,N,V,04/06/2026 05:03:13 PM
1035B,N,V,04/06/2026 02:06:09 PM
10362B,N,O,04/02/2026 07:57:44 AM
10364B,N,O,04/07/2026 08:55:48 AM
10365A,N,O,04/07/2026 08:59:44 AM
10365B,N,O,04/07/2026 08:59:48 AM
10369A,N,O,04/07/2026 08:55:50 AM
10369B,N,O,04/07/2026 08:55:50 AM
1036A,N,O,04/07/2026 08:58:52 AM
10371A,N,O,04/07/2026 08:58:48 AM
10372A,N,O,04/07/2026 08:57:47 AM
10372B,N,O,04/07/2026 08:57:47 AM
10373A,N,O,04/07/2026 08:59:05 AM
10373B,N,O,04/07/2026 08:56:54 AM
10374A,N,O,04/07/2026 08:55:51 AM
10374B,N,O,04/07/2026 08:55:55 AM
10376A,N,O,04/07/2026 08:58:50 AM
10376B,N,O,04/07/2026 08:58:54 AM
10377B,N,O,04/07/2026 08:57:52 AM
10378A,N,O,04/07/2026 08:56:45 AM
10378B,N,O,04/07/2026 08:56:45 AM
10379A,N,O,04/07/2026 08:55:53 AM
1037A,N,O,04/07/2026 08:57:52 AM
1037B,N,V,04/06/2026 08:19:47 PM
10380A,N,O,04/07/2026 08:59:44 AM
10380B,N,O,04/07/2026 08:59:44 AM
10381A,N,O,04/07/2026 08:58:46 AM
10381B,N,O,04/07/2026 08:58:46 AM
10382A,N,O,04/07/2026 08:57:55 AM
10382B,N,O,04/07/2026 09:06:23 AM
10383A,N,O,04/07/2026 08:57:01 AM
10383B,N,O,04/07/2026 08:56:54 AM
10384A,N,O,04/07/2026 08:55:47 AM
10384B,N,O,04/07/2026 08:55:47 AM
10387A,N,O,04/07/2026 08:57:57 AM
10387B,N,O,04/06/2026 08:57:48 AM
10389A,N,O,04/07/2026 08:55:46 AM
10389B,N,O,04/07/2026 08:55:46 AM
1038A,N,V,04/06/2026 06:12:21 PM
10390A,N,O,04/07/2026 08:59:46 AM
10390B,N,O,04/06/2026 02:45:29 PM
10391A,N,O,04/06/2026 09:36:08 PM
10391B,N,O,04/07/2026 08:58:43 AM
10392A,N,O,04/06/2026 09:59:43 PM
10392B,N,O,04/06/2026 09:57:46 AM
10393A,N,O,04/06/2026 09:56:47 AM
10394A,N,O,04/07/2026 08:56:15 AM
10394B,N,O,04/07/2026 08:55:44 AM
10395A,N,O,04/07/2026 08:59:48 AM
10396A,N,O,04/07/2026 08:16:06 AM
10396B,N,V,04/07/2026 08:22:49 AM
10397A,N,V,04/07/2026 08:25:58 AM
10397B,N,V,04/07/2026 08:44:34 AM
10398A,N,O,04/07/2026 08:57:27 AM
10398B,N,O,04/07/2026 08:51:37 AM
10399A,N,O,04/07/2026 07:55:45 AM
10399B,N,O,04/07/2026 07:55:45 AM
1039A,N,V,04/06/2026 06:27:49 PM
1039B,N,V,04/06/2026 04:13:53 PM
103A,N,V,04/07/2026 08:58:20 AM
103B,N,O,04/07/2026 08:56:46 AM
10401A,N,O,04/02/2026 09:09:56 PM
10402A,N,O,04/07/2026 08:57:52 AM
10402B,N,O,04/07/2026 08:57:52 AM
10404A,N,O,04/07/2026 08:55:51 AM
10404B,N,O,04/06/2026 08:55:53 AM
10405A,N,O,04/07/2026 09:00:07 AM
10405B,N,O,04/07/2026 08:59:49 AM
10406B,N,O,04/07/2026 08:58:49 AM
10407A,N,O,04/07/2026 08:57:53 AM
10407B,N,O,04/07/2026 08:57:49 AM
10408B,N,O,04/07/2026 08:56:48 AM
10409A,N,O,04/07/2026 08:55:54 AM
10409B,N,O,04/07/2026 08:55:46 AM
10410A,N,O,04/07/2026 08:59:47 AM
10410B,N,O,04/07/2026 08:59:47 AM
10411A,N,O,04/07/2026 08:58:57 AM
10411B,N,O,04/07/2026 09:04:44 AM
10412A,N,O,04/07/2026 08:57:45 AM
10412B,N,O,04/07/2026 09:00:57 AM
10413A,N,O,04/07/2026 08:56:43 AM
10413B,N,O,04/07/2026 08:56:43 AM
10435A,N,O,04/07/2026 08:59:48 AM
10435B,N,O,04/07/2026 08:59:44 AM
10436B,N,O,04/07/2026 08:58:49 AM
1043A,N,V,04/06/2026 09:57:07 PM
1043B,N,V,04/06/2026 09:46:31 PM
1044A,N,V,04/06/2026 09:54:38 PM
1044B,N,V,04/06/2026 09:48:02 PM
10452A,N,O,04/07/2026 08:57:54 AM
10452B,N,O,04/07/2026 08:57:54 AM
10453A,N,O,04/07/2026 08:56:47 AM
10453B,N,O,04/07/2026 08:56:47 AM
10454A,N,O,04/07/2026 08:55:53 AM
10456A,N,O,04/07/2026 08:58:48 AM
10456B,N,O,04/07/2026 08:58:48 AM
10457A,N,O,04/07/2026 08:57:58 AM
10457B,N,O,04/07/2026 08:57:51 AM
10458A,N,O,04/07/2026 08:56:50 AM
10458B,N,O,04/07/2026 08:57:19 AM
1045A,N,V,04/06/2026 08:40:56 PM
10461B,N,O,04/07/2026 08:58:53 AM
10462A,N,O,04/07/2026 08:57:47 AM
10462B,N,O,04/07/2026 08:57:47 AM
10463A,N,O,04/07/2026 08:56:43 AM
10463B,N,O,04/07/2026 08:56:43 AM
10464A,N,O,04/07/2026 08:55:51 AM
10464B,N,O,04/07/2026 08:55:55 AM
10465A,N,O,04/07/2026 08:59:49 AM
10465B,N,O,04/07/2026 08:59:45 AM
10466A,N,O,04/07/2026 08:58:46 AM
10466B,N,O,04/07/2026 08:59:33 AM
10467A,N,O,04/07/2026 08:57:52 AM
10467B,N,O,04/06/2026 09:45:23 PM
10468B,N,O,04/07/2026 08:56:54 AM
1046A,N,O,04/07/2026 08:58:44 AM
1046B,N,O,04/07/2026 08:58:44 AM
10471A,N,O,04/07/2026 08:58:51 AM
10472A,N,O,04/07/2026 08:57:45 AM
10474A,N,O,04/07/2026 08:55:42 AM
10474B,N,O,04/07/2026 08:55:42 AM
10475A,N,O,04/07/2026 08:59:52 AM
10475B,N,O,04/07/2026 08:59:52 AM
10476B,N,O,04/07/2026 08:58:45 AM
1047A,N,V,04/07/2026 09:05:04 AM
1047B,N,O,04/07/2026 08:57:43 AM
10481A,N,O,04/07/2026 09:06:20 AM
10481B,N,O,04/07/2026 08:58:53 AM
10482A,N,O,04/07/2026 08:57:48 AM
10482B,N,O,04/07/2026 08:57:48 AM
10483A,N,O,04/07/2026 08:56:53 AM
10483B,N,O,04/07/2026 08:56:53 AM
10485A,N,O,04/07/2026 08:59:51 AM
10485B,N,O,04/07/2026 08:59:51 AM
10486A,N,O,04/06/2026 07:55:45 PM
10486B,N,O,04/07/2026 08:58:49 AM
10487A,N,O,04/07/2026 08:57:51 AM
10487B,N,O,04/07/2026 08:57:51 AM
10488A,N,O,04/06/2026 10:05:21 AM
10488B,N,O,04/07/2026 08:56:57 AM
10489A,N,O,04/07/2026 08:55:49 AM
10489B,N,O,04/07/2026 08:55:45 AM
1048A,N,V,04/07/2026 09:06:43 AM
1048B,N,O,04/06/2026 09:59:50 PM
10490B,N,O,04/07/2026 08:59:45 AM
10491A,N,O,04/07/2026 08:59:03 AM
10491B,N,O,04/07/2026 08:58:52 AM
10492A,N,O,04/07/2026 08:57:47 AM
10492B,N,O,04/07/2026 08:57:47 AM
10493A,N,O,04/07/2026 08:56:44 AM
10493B,N,O,04/07/2026 08:56:44 AM
10494A,N,O,04/07/2026 08:55:44 AM
10494B,N,O,04/07/2026 08:55:51 AM
10495A,N,V,04/07/2026 09:06:47 AM
10495B,N,O,04/07/2026 08:59:47 AM
10496B,N,O,04/07/2026 08:58:58 AM
1049A,N,O,04/07/2026 09:06:40 AM
1049B,N,O,04/07/2026 08:55:46 AM
104A,N,O,04/07/2026 08:55:46 AM
104B,N,V,04/07/2026 09:06:33 AM
10501A,N,O,04/07/2026 08:58:51 AM
10501B,N,O,04/07/2026 08:58:47 AM
10502A,N,O,04/07/2026 08:57:46 AM
10502B,N,O,04/07/2026 08:57:46 AM
10503A,N,O,04/07/2026 08:56:48 AM
10503B,N,O,04/06/2026 07:18:55 PM
10504A,N,O,04/07/2026 08:55:47 AM
10504B,N,O,04/07/2026 08:55:51 AM
1050A,N,O,04/07/2026 08:59:51 AM
1050B,N,O,04/07/2026 08:59:51 AM
10511A,N,O,04/06/2026 06:47:50 PM
10511B,N,O,04/06/2026 07:52:36 PM
10512A,N,O,04/06/2026 08:27:30 PM
10512B,N,O,04/06/2026 03:15:39 PM
10513B,N,O,04/06/2026 10:26:48 AM
1051A,N,V,04/07/2026 09:02:56 AM
1051B,N,V,04/07/2026 09:01:15 AM
1052A,N,O,04/07/2026 09:02:31 AM
1052B,N,V,04/07/2026 09:06:25 AM
10534A,N,O,04/07/2026 08:55:52 AM
10534B,N,O,04/07/2026 09:05:01 AM
10535A,N,O,04/07/2026 08:59:58 AM
10535B,N,O,04/07/2026 08:59:47 AM
10536A,N,O,04/07/2026 08:58:45 AM
10536B,N,O,04/07/2026 08:58:45 AM
10537A,N,V,04/07/2026 09:06:53 AM
10537B,N,O,04/07/2026 08:57:48 AM
10539A,N,O,04/07/2026 08:55:50 AM
10539B,N,O,04/07/2026 08:55:50 AM
10540A,N,O,04/07/2026 08:59:51 AM
10540B,N,O,04/07/2026 08:59:51 AM
10541A,N,O,04/07/2026 08:58:42 AM
10541B,N,O,04/07/2026 08:58:42 AM
10542A,N,O,04/07/2026 08:57:43 AM
10542B,N,O,04/07/2026 08:57:43 AM
10543A,N,O,04/07/2026 08:56:45 AM
10543B,N,O,04/07/2026 08:56:49 AM
10544A,N,O,04/07/2026 08:55:43 AM
10544B,N,O,04/07/2026 08:55:47 AM
10545A,N,O,04/07/2026 08:59:43 AM
10545B,N,O,04/07/2026 08:59:43 AM
10546A,N,O,04/06/2026 04:31:11 PM
10546B,N,O,04/06/2026 04:15:17 PM
10547A,N,O,04/06/2026 08:41:52 PM
10547B,N,O,04/06/2026 08:39:02 PM
10548A,N,O,04/06/2026 09:26:24 PM
10548B,N,O,04/06/2026 09:29:14 PM
10549A,N,O,04/06/2026 07:07:09 PM
10549B,N,V,04/06/2026 07:19:35 PM
10550A,N,O,04/06/2026 09:35:46 PM
10550B,N,O,04/06/2026 10:32:07 AM
10551A,N,O,04/06/2026 05:23:30 PM
10551B,N,O,04/06/2026 05:46:55 PM
10552A,N,O,04/06/2026 10:27:46 AM
10552B,N,O,04/06/2026 09:52:50 PM
10553A,N,O,04/06/2026 07:44:30 PM
10553B,N,O,04/06/2026 05:24:43 PM
10554A,N,O,04/06/2026 05:48:10 PM
10554B,N,O,04/06/2026 09:59:42 PM
10555A,N,O,04/06/2026 08:26:27 PM
10555B,N,O,04/06/2026 09:29:23 PM
10556A,N,O,04/06/2026 09:58:04 PM
10556B,N,O,04/06/2026 04:43:53 PM
10557A,N,O,04/06/2026 05:07:28 PM
10557B,N,O,04/06/2026 09:35:48 PM
10558A,N,O,04/06/2026 05:35:55 PM
10558B,N,O,04/06/2026 08:45:24 PM
10581A,N,O,04/07/2026 08:58:53 AM
10581B,N,O,04/07/2026 08:59:00 AM
10582A,N,O,04/07/2026 08:57:50 AM
10582B,N,O,04/07/2026 08:57:50 AM
10583A,N,O,04/07/2026 08:56:51 AM
10583B,N,O,04/07/2026 09:06:11 AM
10584A,N,O,04/07/2026 08:55:45 AM
10585A,N,O,04/07/2026 08:59:48 AM
10585B,N,O,04/07/2026 08:59:48 AM
105A,N,O,04/07/2026 08:59:44 AM
105B,N,V,04/06/2026 06:06:10 PM
10600A,N,O,04/06/2026 01:10:41 PM
10601A,N,O,04/06/2026 06:00:35 PM
10601B,N,O,04/06/2026 04:43:20 PM
10602A,N,O,04/06/2026 04:25:32 PM
10602B,N,O,04/06/2026 04:14:24 PM
10605A,N,V,04/06/2026 09:05:36 PM
10605B,N,V,04/06/2026 09:33:57 PM
10606A,N,O,04/06/2026 09:36:47 PM
10606B,N,O,04/05/2026 09:58:46 AM
10607B,N,O,04/06/2026 04:18:35 PM
10608A,N,O,04/06/2026 09:56:46 AM
10610B,N,O,04/06/2026 09:59:49 AM
10616A,NU,V,04/06/2026 09:20:21 PM
10616B,NU,O,04/06/2026 07:04:33 PM
10617B,N,O,04/06/2026 04:57:54 PM
10618A,NU,V,04/06/2026 08:59:56 PM
10619B,NU,O,04/06/2026 07:00:44 PM
10620A,NU,V,04/05/2026 08:20:48 PM
10621B,NU,V,04/04/2026 09:19:38 PM
10622B,N,V,04/06/2026 09:00:17 PM
10623A,N,O,04/06/2026 08:07:34 PM
10623B,N,O,04/06/2026 06:40:58 PM
10624A,N,O,04/06/2026 09:01:55 PM
10624B,N,O,04/06/2026 09:56:48 AM
10625A,N,O,04/06/2026 09:59:44 PM
10625B,N,O,04/05/2026 09:59:44 AM
10626A,N,V,04/06/2026 09:57:12 PM
10626B,N,O,04/06/2026 06:36:43 PM
10628A,N,O,04/06/2026 09:56:45 AM
10628B,N,V,04/06/2026 08:13:32 PM
10629A,N,O,04/06/2026 09:56:03 AM
10637A,N,O,04/07/2026 09:04:45 AM
10637B,N,O,04/07/2026 08:21:02 AM
10638A,N,O,04/07/2026 07:59:08 AM
10638B,N,O,04/07/2026 06:56:47 AM
10639A,N,O,04/07/2026 06:55:51 AM
10639B,N,O,04/07/2026 07:56:09 AM
10642A,N,O,04/07/2026 08:44:07 AM
10642B,N,O,04/07/2026 08:35:50 AM
10643A,N,O,04/07/2026 08:33:22 AM
10643B,N,O,04/07/2026 07:17:24 AM
1064A,N,O,04/07/2026 08:55:45 AM
1064B,N,O,04/07/2026 08:55:45 AM
10650A,NU,O,04/06/2026 08:48:44 PM
10650B,NU,V,04/06/2026 09:08:29 PM
10661A,N,O,04/07/2026 08:58:55 AM
10661B,N,O,04/07/2026 08:59:09 AM
10662A,N,O,04/07/2026 08:57:46 AM
10662B,N,O,04/07/2026 08:57:46 AM
10663A,N,O,04/06/2026 04:31:04 PM
10663B,N,O,04/07/2026 08:56:49 AM
10664A,N,O,04/07/2026 08:56:14 AM
10664B,N,O,04/07/2026 08:55:58 AM
1067A,N,O,04/07/2026 08:57:56 AM
1067B,N,V,04/07/2026 09:06:03 AM
1068A,N,O,04/07/2026 08:57:18 AM
1068B,N,O,04/07/2026 08:56:43 AM
10691A,N,O,04/07/2026 08:58:47 AM
10691B,N,O,04/07/2026 08:58:47 AM
10696A,N,O,04/07/2026 08:58:49 AM
10696B,N,O,04/06/2026 09:13:47 PM
10697A,N,O,04/07/2026 08:57:49 AM
10697B,N,O,04/07/2026 08:57:49 AM
10698A,N,O,04/07/2026 08:56:49 AM
10698B,N,O,04/06/2026 10:05:05 AM
10699A,N,O,04/07/2026 09:05:26 AM
10699B,N,O,04/07/2026 08:59:18 AM
1069A,N,O,04/07/2026 08:55:42 AM
1069B,N,O,04/07/2026 08:55:42 AM
106A,N,O,04/07/2026 08:58:50 AM
106B,N,V,04/06/2026 06:51:03 PM
10701A,NU,O,04/06/2026 07:24:16 PM
10701B,NU,O,04/06/2026 08:01:34 PM
10724B,N,O,04/07/2026 08:55:48 AM
10725A,N,O,04/07/2026 09:00:44 AM
10725B,N,O,04/07/2026 08:59:43 AM
10729A,N,O,04/07/2026 08:55:45 AM
10729B,N,O,04/07/2026 08:55:45 AM
10730B,N,O,04/07/2026 09:00:01 AM
10731A,N,O,04/07/2026 08:58:49 AM
10731B,N,O,04/06/2026 03:06:24 PM
10745A,N,O,04/02/2026 06:59:47 AM
10745B,N,O,04/02/2026 03:32:19 PM
10746A,N,O,04/02/2026 08:17:50 PM
10746B,N,O,04/02/2026 07:39:06 PM
10751A,N,O,04/07/2026 08:58:44 AM
10751B,N,O,04/07/2026 08:58:44 AM
10752A,N,O,04/07/2026 08:57:43 AM
10752B,N,O,04/07/2026 08:57:43 AM
10753A,N,O,04/07/2026 08:56:50 AM
10753B,N,O,04/07/2026 08:56:50 AM
10754A,N,O,04/07/2026 08:56:59 AM
10754B,N,O,04/07/2026 08:56:06 AM
10755A,N,O,04/06/2026 09:40:41 AM
10755B,N,O,04/07/2026 08:59:47 AM
10756A,N,O,04/07/2026 08:58:44 AM
10757A,N,O,04/06/2026 04:06:57 PM
10757B,N,O,04/07/2026 08:57:46 AM
10758B,N,O,08/08/2025 06:34:38 PM
10759A,N,O,04/07/2026 08:55:43 AM
10759B,N,O,04/06/2026 05:15:15 PM
10760A,N,O,04/07/2026 08:59:50 AM
10760B,N,O,04/06/2026 03:17:50 PM
10761A,N,O,04/06/2026 08:04:31 PM
10761B,N,O,04/07/2026 08:58:50 AM
10762B,N,O,04/07/2026 08:57:53 AM
10763A,N,O,04/07/2026 08:56:58 AM
10763B,N,O,04/07/2026 08:56:51 AM
10764A,N,O,04/06/2026 08:59:42 PM
10764B,N,O,04/07/2026 08:55:48 AM
10765A,N,O,04/07/2026 08:59:45 AM
10765B,N,O,04/07/2026 08:59:45 AM
10766A,N,O,04/07/2026 08:58:43 AM
10766B,N,O,04/07/2026 08:58:43 AM
107A,N,V,04/07/2026 09:06:46 AM
10805A,N,O,04/07/2026 08:59:48 AM
10805B,N,O,04/07/2026 09:00:41 AM
10806A,N,O,04/07/2026 08:59:08 AM
10806B,N,O,04/07/2026 08:58:48 AM
10807A,N,O,04/07/2026 09:06:56 AM
10807B,N,O,04/07/2026 08:57:41 AM
10808A,N,O,04/07/2026 08:56:51 AM
10808B,N,O,04/07/2026 08:56:54 AM
10809A,N,O,04/07/2026 08:55:50 AM
10809B,N,O,04/07/2026 08:55:50 AM
10810A,N,O,04/07/2026 08:59:50 AM
10810B,N,V,04/06/2026 01:19:07 PM
10811A,N,V,04/06/2026 06:10:14 PM
10811B,N,V,04/06/2026 12:38:51 PM
10812A,N,V,04/06/2026 09:26:14 PM
10812B,N,V,04/06/2026 09:32:43 PM
10813A,N,V,04/06/2026 05:33:38 PM
10813B,N,V,04/06/2026 05:59:03 PM
10814A,N,V,04/06/2026 05:25:32 PM
10814B,N,V,04/06/2026 04:45:04 PM
10815A,N,O,04/02/2026 06:24:00 PM
10815B,N,O,04/02/2026 11:22:10 PM
10816A,N,V,04/02/2026 01:04:45 PM
10816B,N,V,04/02/2026 06:54:47 PM
10820A,N,V,04/02/2026 06:58:03 PM
10820B,N,O,04/02/2026 04:09:12 PM
10821B,NU,V,12/04/2024 08:59:29 AM
10822A,NU,V,01/27/2026 04:12:34 PM
10822B,NU,V,01/27/2026 04:12:34 PM
10823A,NU,O,12/04/2024 06:56:44 AM
10823B,NU,O,12/04/2024 06:56:51 AM
10824A,NU,O,12/04/2024 08:47:13 AM
10824B,NU,V,12/04/2024 08:58:00 AM
10825A,NU,O,05/28/2025 04:29:02 PM
10825B,N,V,04/02/2026 08:46:33 AM
10826A,NU,V,01/27/2026 04:10:18 PM
10826B,NU,O,01/27/2026 04:10:18 PM
10827A,NU,V,12/03/2024 10:26:33 PM
10827B,NU,V,12/04/2024 08:49:40 AM
10828A,N,V,04/02/2026 01:57:52 PM
10828B,N,V,04/02/2026 10:23:28 AM
10829A,N,V,04/02/2026 06:44:16 PM
10829B,N,V,04/02/2026 04:54:51 PM
10830A,N,V,04/02/2026 08:41:14 AM
10830B,N,V,04/02/2026 09:39:37 AM
10831A,N,O,04/02/2026 10:39:08 PM
10831B,N,V,04/02/2026 10:38:24 PM
10832A,N,V,04/02/2026 11:52:10 PM
10832B,N,V,04/02/2026 03:40:23 PM
10833A,N,O,04/02/2026 10:27:15 PM
10833B,N,O,04/02/2026 08:40:44 PM
10834A,N,O,04/02/2026 09:38:07 PM
10834B,N,V,04/02/2026 11:58:09 PM
10835A,N,V,04/02/2026 11:54:13 PM
10835B,N,O,04/02/2026 06:12:43 PM
10836A,N,O,04/06/2026 07:35:50 PM
10836B,N,V,04/06/2026 04:08:15 PM
10837A,N,V,04/06/2026 07:32:33 PM
10837B,N,V,04/06/2026 04:04:37 PM
10838A,N,V,04/06/2026 03:24:21 PM
10838B,N,V,04/07/2026 08:57:24 AM
10839A,N,V,09/21/2025 05:09:16 PM
10839B,N,V,09/21/2025 03:59:51 PM
10840A,N,V,04/05/2026 08:26:36 PM
10840B,N,O,04/06/2026 09:24:03 PM
108A,N,O,04/06/2026 09:55:36 PM
108B,N,V,04/06/2026 06:05:29 PM
109A,N,O,04/07/2026 08:55:44 AM
10B,NU,V,02/25/2026 11:59:15 PM
11022A,N,O,04/07/2026 08:57:50 AM
11022B,N,O,04/07/2026 08:57:50 AM
11023A,N,O,04/07/2026 08:56:52 AM
11023B,N,O,04/07/2026 08:56:52 AM
11030A,N,O,04/06/2026 02:14:47 PM
11031A,N,O,04/06/2026 09:58:59 AM
11031B,N,O,04/06/2026 08:32:33 PM
11032B,N,O,04/06/2026 09:57:51 AM
11034A,N,O,04/06/2026 10:49:52 AM
11034B,N,O,04/06/2026 10:01:06 AM
11035A,N,O,04/06/2026 09:59:46 AM
11035B,N,O,04/06/2026 09:59:50 AM
11036A,N,O,04/07/2026 08:58:58 AM
11036B,N,O,04/07/2026 08:58:45 AM
11040B,N,O,04/06/2026 09:59:46 AM
11041A,N,O,04/06/2026 09:58:50 AM
11041B,N,V,04/06/2026 07:53:30 PM
11042A,N,O,04/06/2026 03:51:34 PM
11042B,N,O,04/06/2026 12:11:21 PM
11043A,N,O,04/06/2026 09:56:47 AM
11043B,N,O,04/06/2026 08:22:34 PM
11044A,N,O,04/07/2026 08:55:54 AM
11044B,N,O,04/07/2026 08:55:54 AM
11070A,N,O,04/06/2026 09:59:49 AM
11070B,N,O,04/06/2026 11:28:41 AM
11071A,N,O,04/06/2026 11:37:18 AM
11071B,N,O,04/06/2026 02:42:34 PM
11072B,N,O,04/06/2026 01:06:32 PM
11073A,N,V,04/07/2026 09:05:42 AM
11074A,N,O,04/07/2026 08:55:46 AM
11074B,N,V,04/07/2026 09:03:19 AM
11075A,N,O,04/07/2026 08:59:55 AM
11075B,N,O,04/07/2026 08:59:55 AM
11076A,N,O,04/07/2026 08:58:47 AM
11076B,N,O,04/07/2026 08:58:47 AM
11077A,N,O,04/06/2026 08:58:05 AM
11077B,N,O,04/07/2026 08:57:54 AM
11078A,N,O,04/07/2026 08:56:47 AM
11078B,N,O,04/07/2026 08:56:47 AM
11079A,N,O,04/07/2026 08:55:50 AM
11079B,N,O,04/07/2026 08:55:50 AM
11081B,N,O,04/07/2026 08:58:50 AM
11082A,N,O,04/07/2026 08:58:36 AM
11082B,N,O,04/07/2026 08:57:54 AM
11083A,N,O,04/06/2026 04:48:08 PM
11083B,N,O,04/07/2026 08:56:51 AM
11084A,N,O,04/07/2026 08:57:26 AM
11085A,N,O,04/07/2026 08:59:55 AM
11085B,N,O,04/07/2026 09:06:17 AM
11086A,N,O,04/07/2026 08:58:55 AM
11086B,N,O,04/07/2026 08:58:55 AM
11087A,N,O,04/07/2026 08:57:55 AM
11087B,N,O,04/07/2026 08:57:48 AM
11088A,N,O,04/07/2026 08:56:48 AM
11088B,N,O,04/07/2026 08:56:55 AM
11089A,N,O,04/07/2026 08:55:47 AM
11089B,N,O,04/07/2026 08:55:47 AM
11090A,N,O,04/07/2026 08:59:49 AM
11090B,N,O,04/07/2026 08:59:49 AM
11091A,N,O,04/07/2026 08:58:53 AM
11091B,N,O,04/07/2026 08:58:46 AM
11092A,N,O,04/07/2026 08:57:49 AM
11092B,N,O,04/07/2026 08:57:49 AM
11093A,N,O,04/07/2026 08:56:53 AM
11093B,N,V,04/07/2026 09:06:41 AM
11094A,N,O,04/07/2026 09:00:24 AM
11094B,N,O,04/07/2026 08:55:44 AM
11095A,N,O,04/06/2026 04:25:29 PM
11095B,N,O,04/07/2026 08:59:56 AM
11096A,N,O,04/07/2026 08:58:52 AM
11096B,N,O,04/06/2026 04:12:01 PM
11097A,N,O,04/07/2026 09:06:06 AM
11097B,N,O,04/07/2026 09:05:59 AM
11098A,N,O,04/06/2026 03:15:28 PM
11098B,N,O,04/07/2026 08:56:44 AM
11099A,N,O,04/07/2026 08:55:56 AM
11099B,N,O,04/07/2026 08:55:52 AM
11100A,N,O,04/07/2026 08:59:47 AM
11100B,N,O,04/07/2026 08:59:56 AM
11101A,N,O,04/07/2026 08:58:56 AM
11101B,N,O,04/07/2026 08:58:52 AM
11102A,N,O,04/07/2026 08:57:56 AM
11102B,N,O,04/07/2026 08:57:52 AM
11103A,N,O,04/07/2026 08:56:48 AM
11103B,N,O,04/07/2026 08:56:48 AM
11104A,N,O,04/07/2026 08:55:55 AM
11104B,N,O,04/07/2026 08:55:46 AM
11105A,N,O,04/07/2026 08:59:52 AM
11105B,N,V,04/07/2026 09:05:53 AM
11106A,N,O,04/07/2026 09:06:33 AM
11106B,N,O,04/07/2026 08:58:44 AM
11107A,N,O,04/07/2026 08:57:47 AM
11110A,N,O,04/06/2026 09:59:44 AM
11110B,N,O,04/05/2026 07:14:14 PM
11111A,N,O,04/06/2026 07:48:46 PM
11111B,N,O,04/06/2026 09:58:50 AM
11112A,N,O,04/06/2026 09:57:44 AM
11112B,N,O,04/06/2026 01:45:10 PM
11113A,N,O,04/06/2026 09:59:53 PM
11113B,N,O,04/06/2026 09:56:53 AM
11114A,N,O,04/06/2026 03:09:35 PM
11114B,N,O,04/06/2026 09:55:48 AM
11116A,N,O,04/07/2026 08:58:44 AM
11116B,N,O,04/06/2026 06:31:34 PM
11117A,N,O,04/07/2026 08:57:49 AM
11117B,N,O,04/07/2026 08:57:49 AM
11118A,N,O,04/07/2026 08:56:46 AM
11119A,N,O,04/07/2026 08:55:43 AM
11119B,N,O,04/07/2026 08:55:43 AM
11120A,N,O,04/07/2026 09:00:03 AM
11120B,N,V,04/07/2026 09:01:43 AM
11121A,N,O,04/07/2026 09:06:39 AM
11121B,N,O,04/07/2026 09:02:07 AM
11122A,N,O,04/06/2026 07:30:42 PM
11122B,N,O,04/07/2026 08:57:55 AM
11127A,N,O,04/07/2026 08:57:50 AM
11127B,N,V,04/07/2026 09:05:43 AM
11128A,N,O,04/07/2026 08:56:50 AM
11128B,N,O,04/07/2026 08:56:54 AM
11129A,N,O,04/07/2026 08:55:53 AM
11129B,N,O,04/07/2026 08:55:53 AM
11130B,N,O,04/07/2026 08:59:43 AM
11131B,N,O,04/07/2026 08:58:48 AM
11132A,N,O,04/07/2026 08:57:51 AM
11132B,N,O,04/07/2026 08:57:51 AM
11133A,N,O,04/07/2026 08:56:49 AM
11134B,N,O,04/07/2026 08:55:39 AM
11135A,N,O,04/06/2026 07:14:19 PM
11135B,N,O,04/07/2026 08:59:39 AM
11136A,N,O,04/07/2026 08:58:46 AM
11136B,N,O,04/07/2026 08:58:46 AM
11137A,N,O,04/07/2026 08:57:48 AM
11137B,N,O,04/06/2026 08:24:12 PM
11138A,N,O,04/07/2026 08:56:53 AM
11138B,N,O,04/07/2026 08:59:38 AM
11139A,N,O,04/07/2026 08:55:51 AM
11139B,N,O,04/07/2026 08:55:41 AM
11140A,N,O,04/06/2026 06:46:35 PM
11140B,N,O,04/07/2026 08:59:54 AM
11141A,N,O,04/07/2026 08:58:47 AM
11141B,N,O,04/07/2026 08:58:47 AM
11142A,N,O,04/07/2026 08:57:45 AM
11142B,N,O,04/07/2026 08:57:45 AM
11143A,N,O,04/07/2026 08:56:44 AM
11143B,N,O,04/07/2026 08:59:22 AM
11144A,N,O,04/07/2026 08:55:43 AM
11144B,N,O,04/07/2026 08:55:43 AM
11145A,N,O,04/07/2026 08:59:41 AM
11145B,N,O,04/07/2026 08:59:41 AM
11146A,N,O,04/07/2026 08:58:42 AM
11146B,N,O,04/07/2026 09:03:14 AM
11147A,N,O,04/07/2026 09:04:19 AM
11147B,N,O,04/07/2026 08:57:44 AM
11149A,N,O,04/07/2026 08:56:03 AM
11149B,N,O,04/07/2026 08:55:53 AM
11150A,N,O,04/07/2026 08:59:57 AM
11150B,N,O,04/07/2026 08:59:50 AM
11151A,N,O,04/07/2026 08:59:26 AM
11151B,N,O,04/07/2026 08:59:07 AM
11152B,N,O,04/07/2026 08:57:46 AM
11153A,N,O,04/07/2026 08:56:46 AM
11153B,N,O,04/07/2026 08:56:46 AM
11155A,N,O,04/06/2026 05:36:22 PM
11155B,N,O,04/06/2026 09:54:34 PM
11156B,N,O,04/07/2026 08:59:19 AM
11157A,N,O,04/07/2026 08:57:47 AM
11158A,N,O,04/07/2026 08:56:41 AM
11158B,N,O,04/06/2026 07:57:16 PM
11159A,N,O,04/07/2026 08:55:41 AM
11159B,N,O,04/07/2026 08:55:41 AM
11160A,N,O,04/07/2026 08:59:48 AM
11160B,N,O,04/07/2026 09:04:01 AM
11165A,N,O,04/06/2026 09:59:51 AM
11166A,N,O,04/06/2026 09:04:29 PM
11166B,N,O,04/06/2026 09:58:51 AM
11167A,N,O,04/06/2026 09:57:49 AM
11167B,N,O,04/06/2026 09:58:07 AM
11168A,N,O,04/06/2026 09:56:54 AM
11168B,N,V,04/06/2026 10:56:26 AM
11169A,N,O,04/06/2026 09:55:49 AM
11169B,N,O,04/06/2026 09:55:53 AM
11171B,N,O,04/07/2026 08:58:52 AM
11172A,N,O,04/07/2026 08:57:48 AM
11172B,N,O,04/07/2026 08:57:56 AM
11173A,N,O,04/07/2026 08:56:49 AM
11173B,N,O,04/07/2026 08:56:49 AM
11174A,N,O,04/07/2026 08:55:43 AM
11174B,N,O,04/07/2026 08:55:43 AM
11175A,N,O,04/07/2026 08:59:51 AM
11175B,N,O,04/07/2026 08:59:51 AM
11176A,N,O,04/07/2026 08:58:51 AM
11176B,N,O,04/07/2026 08:58:51 AM
11177A,N,V,04/07/2026 09:01:43 AM
11177B,N,O,04/07/2026 08:57:50 AM
11178A,N,O,04/07/2026 08:56:43 AM
11178B,N,O,04/07/2026 08:56:43 AM
1117A,N,O,04/07/2026 09:01:58 AM
1117B,N,O,04/07/2026 06:57:42 AM
11181A,NU,O,04/06/2026 08:23:22 PM
11181B,NU,O,04/06/2026 06:00:51 PM
11182A,NU,O,04/06/2026 08:46:53 PM
11182B,NU,O,04/06/2026 06:00:44 PM
11183A,NU,O,04/06/2026 06:00:46 PM
11183B,NU,O,04/06/2026 08:43:11 PM
1118A,N,O,04/07/2026 08:59:50 AM
1118B,N,V,04/07/2026 09:06:25 AM
11191A,N,O,04/07/2026 08:58:56 AM
11191B,N,O,04/07/2026 08:58:56 AM
1119A,N,O,04/07/2026 08:25:51 AM
1119B,N,O,04/07/2026 08:25:59 AM
111A,N,V,04/06/2026 05:30:35 PM
111B,N,V,04/07/2026 09:06:36 AM
11205A,N,O,04/07/2026 08:59:46 AM
11205B,N,O,04/07/2026 08:59:46 AM
11206B,N,O,04/07/2026 09:02:28 AM
11207A,N,V,04/07/2026 09:06:52 AM
11207B,N,O,04/07/2026 08:57:50 AM
11208A,N,O,04/07/2026 08:56:53 AM
11208B,N,O,04/07/2026 08:56:53 AM
11209A,N,O,04/07/2026 08:55:43 AM
11209B,N,O,04/07/2026 08:55:43 AM
11210A,N,O,04/06/2026 03:23:26 PM
11210B,N,O,04/07/2026 08:59:48 AM
11211A,N,O,04/06/2026 07:56:45 PM
11211B,N,O,04/07/2026 08:58:53 AM
11212A,N,O,04/07/2026 08:57:51 AM
11212B,N,O,04/07/2026 08:57:51 AM
112A,N,V,04/06/2026 09:55:09 PM
112B,N,V,04/06/2026 06:14:45 PM
113A,N,O,04/07/2026 08:56:51 AM
113B,N,O,04/06/2026 07:08:25 PM
11500A,N,O,04/07/2026 08:59:44 AM
11500B,N,O,04/06/2026 02:30:25 PM
11501A,N,O,04/07/2026 08:59:01 AM
11501B,N,O,04/07/2026 08:58:50 AM
11502B,N,O,04/07/2026 08:57:59 AM
11504A,N,O,04/07/2026 08:55:47 AM
11504B,N,O,04/06/2026 06:19:00 PM
11505A,N,O,04/07/2026 08:59:47 AM
11505B,N,O,04/07/2026 08:59:47 AM
11506B,N,O,04/07/2026 08:58:43 AM
11507B,N,O,04/07/2026 08:57:55 AM
11508A,N,O,04/06/2026 04:46:40 PM
11508B,N,O,04/07/2026 08:56:52 AM
11509A,N,O,04/07/2026 08:56:07 AM
11509B,N,O,04/07/2026 08:55:42 AM
11582A,N,O,04/07/2026 08:57:45 AM
11583A,N,O,04/07/2026 08:56:49 AM
11583B,N,O,04/06/2026 07:37:37 PM
11584A,N,O,04/07/2026 08:55:49 AM
11584B,N,O,04/07/2026 08:55:56 AM
11585B,N,O,04/07/2026 08:59:45 AM
11593A,N,O,04/07/2026 08:56:45 AM
11593B,N,V,04/07/2026 09:05:04 AM
11594A,N,O,04/07/2026 08:55:51 AM
11595A,N,O,04/07/2026 08:59:42 AM
11595B,N,O,04/07/2026 08:59:46 AM
11596A,N,O,04/07/2026 08:58:45 AM
11596B,N,O,04/07/2026 08:58:54 AM
11597A,N,O,04/07/2026 08:57:45 AM
11597B,N,O,04/07/2026 08:57:49 AM
11598A,N,O,04/07/2026 08:56:42 AM
11598B,N,O,04/07/2026 09:02:14 AM
11599A,N,O,04/07/2026 09:02:16 AM
11599B,N,O,04/07/2026 08:55:43 AM
115A,N,V,04/06/2026 06:47:42 PM
115B,N,O,04/07/2026 08:59:50 AM
11600A,N,O,04/07/2026 08:59:45 AM
11600B,N,O,04/07/2026 08:59:45 AM
11601A,N,V,04/07/2026 09:03:25 AM
11601B,N,O,04/07/2026 08:58:52 AM
11602A,N,O,04/07/2026 08:57:46 AM
11602B,N,O,04/07/2026 08:57:46 AM
11608A,N,O,04/07/2026 09:03:41 AM
11609B,N,O,04/07/2026 08:55:50 AM
11610A,N,O,04/07/2026 08:59:43 AM
11610B,N,O,04/07/2026 08:59:43 AM
11611A,N,O,04/07/2026 08:58:52 AM
11611B,N,O,04/07/2026 08:58:52 AM
11612A,N,O,04/07/2026 08:57:57 AM
11612B,N,O,04/06/2026 06:49:00 PM
11613A,N,O,04/06/2026 08:56:51 AM
11613B,N,O,04/07/2026 08:56:53 AM
11614A,N,O,04/07/2026 08:55:50 AM
11614B,N,O,04/07/2026 08:55:57 AM
11615A,NU,O,03/01/2026 07:24:19 PM
11615B,N,O,04/07/2026 08:59:55 AM
11616A,NU,O,03/01/2026 08:58:45 AM
11616B,NU,O,02/28/2026 06:58:42 AM
11617B,N,O,04/07/2026 08:57:57 AM
11618A,N,O,04/07/2026 08:56:45 AM
11618B,N,O,04/07/2026 09:03:49 AM
11619A,N,O,04/07/2026 08:55:49 AM
11625A,N,O,04/07/2026 09:05:14 AM
11626A,N,V,04/07/2026 09:06:37 AM
11626B,N,O,04/07/2026 09:06:09 AM
11627A,N,O,04/07/2026 09:06:04 AM
11627B,N,O,04/06/2026 09:41:03 AM
11655A,N,O,04/06/2026 06:08:18 PM
11655B,N,O,04/06/2026 09:28:02 PM
11656A,N,V,04/07/2026 09:06:16 AM
11656B,N,O,04/06/2026 04:17:35 PM
11657A,N,O,04/07/2026 08:57:48 AM
11657B,N,O,04/07/2026 08:57:48 AM
11658A,N,O,04/07/2026 08:56:49 AM
11658B,N,O,04/07/2026 08:56:49 AM
11659A,N,O,04/07/2026 08:55:48 AM
11659B,N,O,04/07/2026 08:55:48 AM
11660A,N,O,04/07/2026 08:59:56 AM
11660B,N,O,04/07/2026 08:59:52 AM
11661A,N,O,04/07/2026 08:58:44 AM
11661B,N,O,04/07/2026 08:58:44 AM
11662A,N,O,04/07/2026 08:57:50 AM
11662B,N,O,04/07/2026 08:57:50 AM
11663A,N,O,04/07/2026 08:56:55 AM
11663B,N,V,04/07/2026 09:02:32 AM
11671B,N,O,04/07/2026 08:58:40 AM
11672A,N,O,04/07/2026 08:57:47 AM
11672B,N,O,04/06/2026 09:43:17 PM
116A,N,O,04/07/2026 09:02:31 AM
116B,N,V,04/07/2026 09:02:18 AM
1172A,N,O,04/06/2026 08:20:51 PM
1172B,N,O,04/06/2026 07:30:22 PM
1173A,N,O,04/06/2026 02:18:25 PM
1173B,N,V,04/06/2026 09:57:17 PM
1174B,N,O,04/06/2026 09:38:45 PM
1175A,N,O,04/06/2026 09:44:43 PM
1175B,N,O,04/06/2026 07:45:47 PM
1176B,N,O,04/06/2026 09:51:41 PM
117A,N,O,04/07/2026 08:57:56 AM
117B,N,O,04/07/2026 08:57:52 AM
118A,N,V,04/06/2026 06:53:34 PM
118B,N,O,04/07/2026 08:56:48 AM
1199A,N,V,04/06/2026 09:48:44 PM
1199B,N,O,04/06/2026 09:02:53 PM
119A,N,V,04/06/2026 08:06:55 PM
119B,N,V,04/06/2026 09:01:06 PM
11B,NU,O,02/25/2026 10:59:20 PM
12001A,N,O,04/06/2026 02:30:14 PM
12001B,N,V,04/06/2026 09:25:09 PM
12003A,N,O,04/06/2026 06:29:16 PM
12003B,N,V,04/06/2026 09:46:11 PM
12004A,N,V,04/06/2026 09:51:18 PM
12004B,N,O,04/06/2026 08:24:32 PM
12005A,N,O,04/06/2026 06:26:14 PM
12005B,N,O,04/06/2026 09:59:43 AM
12006A,N,O,04/06/2026 09:58:51 AM
1202A,N,O,04/06/2026 09:59:59 PM
1202B,N,O,04/06/2026 10:27:44 AM
12030A,N,O,04/07/2026 08:59:49 AM
12030B,N,O,04/07/2026 08:59:49 AM
12031A,N,O,04/07/2026 08:59:33 AM
12031B,N,O,04/07/2026 08:58:47 AM
12032A,N,O,04/07/2026 08:57:50 AM
12032B,N,O,04/07/2026 08:57:50 AM
12034A,N,O,04/07/2026 08:55:55 AM
12034B,N,V,04/07/2026 09:06:29 AM
12035A,N,O,04/07/2026 08:59:50 AM
12035B,N,O,04/07/2026 08:59:50 AM
12036A,N,O,04/07/2026 08:58:56 AM
12036B,N,O,04/07/2026 08:58:52 AM
12037A,N,O,04/07/2026 08:57:54 AM
12037B,N,O,04/07/2026 08:57:54 AM
12038A,N,O,04/07/2026 08:56:48 AM
12038B,N,O,04/07/2026 08:56:48 AM
12039A,N,O,04/07/2026 08:55:43 AM
12039B,N,O,04/07/2026 08:55:47 AM
1203B,N,V,04/06/2026 09:46:42 PM
12040A,N,O,04/07/2026 08:59:55 AM
12040B,N,V,04/06/2026 09:07:46 PM
12041A,N,O,04/06/2026 08:15:23 PM
12041B,N,O,04/07/2026 08:58:53 AM
12042A,N,O,04/07/2026 09:03:35 AM
12042B,N,O,04/07/2026 09:03:35 AM
12043A,N,O,04/07/2026 08:56:58 AM
12043B,N,V,04/07/2026 09:06:02 AM
12044A,N,V,04/07/2026 08:58:23 AM
12044B,N,V,04/07/2026 09:06:33 AM
12045A,N,O,04/07/2026 08:59:53 AM
12045B,N,V,04/07/2026 09:03:44 AM
12046A,N,O,04/07/2026 08:58:51 AM
12046B,N,O,04/07/2026 08:58:51 AM
12047A,N,O,04/07/2026 08:58:32 AM
12047B,N,O,04/07/2026 08:57:50 AM
12048A,N,O,04/07/2026 08:56:52 AM
12048B,N,V,04/06/2026 08:52:44 PM
12051A,N,O,04/07/2026 08:58:59 AM
12051B,N,O,04/07/2026 08:58:52 AM
12052A,N,O,04/07/2026 08:57:47 AM
12052B,N,O,04/07/2026 08:57:47 AM
12054A,N,O,04/07/2026 08:55:53 AM
12055A,N,O,04/07/2026 08:59:53 AM
12055B,N,O,04/07/2026 08:59:53 AM
12056A,N,O,04/07/2026 08:58:54 AM
12056B,N,O,04/07/2026 08:58:54 AM
12057A,N,V,04/07/2026 09:06:46 AM
12057B,N,O,04/07/2026 08:57:49 AM
12058B,N,O,04/07/2026 08:56:57 AM
12059B,N,V,04/06/2026 09:57:57 PM
12060B,N,O,04/07/2026 08:59:43 AM
12061A,N,O,04/07/2026 09:01:41 AM
12061B,N,O,04/06/2026 06:10:52 PM
12062A,N,O,04/07/2026 08:57:46 AM
12062B,N,O,04/07/2026 08:57:46 AM
12063A,N,O,04/07/2026 08:57:00 AM
12063B,N,O,04/07/2026 08:56:53 AM
12064A,N,O,04/07/2026 08:55:49 AM
12064B,N,O,04/07/2026 08:55:53 AM
12065A,N,O,04/07/2026 09:02:40 AM
12065B,N,O,04/07/2026 09:05:01 AM
12066A,N,O,04/07/2026 08:58:49 AM
12066B,N,O,04/07/2026 08:58:49 AM
12067A,N,O,04/07/2026 09:01:07 AM
12067B,N,O,04/07/2026 08:57:54 AM
12068A,N,O,04/07/2026 08:57:01 AM
12068B,N,O,04/06/2026 08:53:16 PM
12069A,N,O,04/07/2026 08:55:51 AM
12069B,N,O,04/06/2026 04:40:17 PM
12070A,N,O,04/07/2026 08:59:43 AM
12070B,N,V,04/07/2026 09:06:06 AM
12071A,N,O,04/07/2026 08:58:46 AM
12071B,N,O,04/07/2026 08:58:46 AM
12081A,N,O,04/07/2026 08:58:56 AM
12081B,N,O,04/07/2026 08:58:48 AM
12082A,NU,V,04/06/2026 06:37:02 PM
12082B,NU,O,04/06/2026 06:37:33 PM
12083A,N,O,04/07/2026 08:56:48 AM
12083B,N,O,04/07/2026 08:56:45 AM
12099A,N,O,04/07/2026 09:06:52 AM
12099B,N,O,04/07/2026 09:05:32 AM
120A,N,V,04/06/2026 06:52:37 PM
120B,N,O,04/07/2026 08:59:44 AM
12100A,N,O,04/07/2026 08:59:57 AM
12104A,N,O,04/07/2026 09:06:57 AM
12104B,N,V,04/07/2026 09:04:04 AM
12105A,N,O,04/07/2026 08:59:48 AM
12105B,N,O,04/06/2026 06:52:57 PM
12106A,N,V,04/07/2026 09:00:06 AM
12106B,N,O,04/07/2026 08:58:46 AM
12107A,N,O,04/07/2026 08:57:51 AM
12107B,N,O,04/07/2026 08:57:47 AM
12108A,N,O,04/07/2026 08:56:45 AM
12108B,N,O,04/07/2026 08:56:45 AM
12109A,N,O,04/06/2026 06:10:50 PM
12109B,N,O,04/07/2026 08:55:51 AM
12110A,N,O,04/07/2026 08:59:44 AM
12111A,N,O,04/07/2026 08:58:50 AM
12111B,N,O,04/06/2026 09:46:00 PM
12112A,N,O,04/07/2026 08:57:58 AM
12112B,N,O,04/07/2026 08:57:51 AM
12113A,N,V,04/07/2026 09:06:54 AM
12113B,N,O,04/07/2026 09:03:43 AM
12114A,N,O,04/07/2026 08:55:49 AM
12115A,N,O,04/07/2026 08:59:50 AM
12116A,N,V,04/07/2026 09:06:45 AM
12117A,N,O,04/07/2026 08:57:56 AM
12118B,N,O,04/07/2026 08:56:44 AM
12119A,N,O,04/07/2026 08:55:53 AM
12119B,N,O,04/07/2026 08:55:53 AM
12120A,N,O,04/06/2026 05:29:08 PM
12120B,N,O,04/07/2026 08:59:51 AM
12121A,N,O,04/07/2026 08:58:52 AM
12121B,N,O,04/07/2026 08:58:48 AM
12122A,N,O,04/07/2026 08:57:48 AM
12122B,N,V,04/07/2026 09:05:47 AM
12123A,N,O,04/06/2026 08:16:50 PM
12123B,N,O,04/07/2026 09:06:55 AM
12124A,N,O,04/07/2026 08:55:52 AM
12124B,N,O,04/07/2026 08:55:49 AM
12125A,N,V,04/07/2026 09:06:37 AM
12125B,N,O,04/07/2026 08:59:45 AM
12126A,N,V,04/07/2026 08:59:46 AM
12126B,N,O,04/07/2026 08:58:48 AM
12128A,N,V,04/07/2026 09:05:19 AM
12128B,N,O,04/07/2026 09:06:26 AM
12129A,N,O,04/07/2026 08:56:21 AM
12130A,N,O,04/07/2026 08:59:48 AM
12130B,N,O,04/07/2026 08:59:48 AM
12131A,N,O,04/07/2026 09:06:43 AM
12131B,N,V,04/06/2026 09:46:05 PM
12132A,N,O,04/07/2026 09:06:06 AM
12132B,N,O,04/07/2026 08:57:50 AM
12133A,N,O,04/07/2026 08:57:07 AM
12133B,N,O,04/07/2026 08:57:07 AM
12134A,N,V,04/07/2026 09:06:25 AM
12134B,N,O,04/07/2026 08:55:51 AM
12135A,N,O,04/07/2026 08:59:49 AM
12135B,N,O,04/07/2026 08:59:49 AM
12136A,N,V,04/07/2026 09:05:36 AM
12136B,N,O,04/07/2026 08:58:51 AM
12137A,N,V,04/07/2026 09:05:34 AM
12137B,N,O,04/07/2026 08:59:23 AM
12139A,N,O,04/07/2026 08:55:56 AM
12139B,N,O,04/06/2026 06:55:20 PM
12140A,N,O,04/07/2026 08:59:55 AM
12140B,N,O,04/07/2026 08:59:55 AM
12141A,N,O,04/07/2026 08:58:44 AM
12142A,N,O,04/07/2026 08:57:52 AM
12142B,N,O,04/06/2026 09:29:58 PM
12143A,N,O,04/07/2026 09:05:21 AM
12143B,N,O,04/07/2026 08:56:47 AM
12144A,N,O,04/07/2026 08:55:47 AM
12144B,N,O,04/06/2026 09:00:15 PM
12145A,N,O,04/07/2026 08:59:46 AM
12145B,N,O,04/07/2026 08:59:46 AM
12148A,N,V,04/07/2026 09:06:36 AM
12148B,N,V,04/07/2026 09:03:54 AM
12149A,N,O,04/07/2026 08:55:51 AM
12149B,N,O,04/07/2026 08:55:44 AM
12151A,N,O,04/07/2026 08:58:45 AM
12151B,N,O,04/07/2026 08:58:45 AM
12152A,N,V,04/07/2026 09:04:46 AM
12152B,N,O,04/07/2026 08:57:55 AM
12153A,N,O,04/07/2026 08:56:48 AM
12153B,N,V,04/07/2026 09:06:12 AM
12154A,N,O,04/06/2026 09:52:49 PM
12154B,N,O,04/07/2026 08:55:53 AM
12155A,N,O,04/07/2026 08:59:44 AM
12155B,N,O,04/06/2026 05:32:10 PM
12156A,N,V,04/07/2026 09:04:53 AM
12156B,N,O,04/06/2026 05:12:58 PM
12157A,N,O,04/07/2026 08:57:49 AM
12157B,N,O,04/06/2026 04:56:43 PM
12158A,N,O,04/07/2026 08:56:52 AM
12158B,N,O,04/07/2026 08:56:52 AM
12159B,N,O,04/07/2026 08:55:53 AM
12160A,N,V,04/07/2026 09:05:55 AM
12160B,N,O,04/07/2026 08:59:53 AM
12161A,N,O,10/25/2025 03:07:40 PM
12161B,N,O,04/06/2026 09:14:03 PM
12162A,N,O,04/07/2026 08:57:52 AM
12162B,N,O,04/07/2026 08:57:52 AM
12163A,N,O,04/07/2026 08:56:46 AM
12163B,N,O,04/07/2026 08:56:46 AM
12164A,N,O,04/07/2026 08:55:49 AM
12164B,N,O,04/07/2026 08:55:49 AM
12165A,N,O,04/07/2026 08:59:45 AM
12165B,N,O,04/07/2026 08:59:49 AM
12166B,N,O,04/07/2026 08:58:49 AM
12167A,N,O,04/07/2026 08:57:48 AM
12167B,N,O,04/06/2026 03:21:03 PM
12169A,N,O,04/07/2026 08:55:53 AM
12169B,N,O,04/07/2026 08:55:50 AM
12170A,N,V,04/07/2026 09:05:02 AM
12170B,N,V,04/07/2026 09:04:13 AM
12171A,N,O,04/07/2026 08:58:48 AM
12173A,N,O,04/07/2026 08:56:52 AM
12173B,N,V,04/07/2026 09:04:15 AM
12174A,N,O,04/07/2026 08:55:43 AM
12174B,N,O,04/07/2026 08:55:43 AM
12175A,N,O,04/07/2026 09:06:28 AM
12175B,N,O,04/07/2026 09:06:53 AM
12176B,N,V,04/06/2026 09:55:19 PM
12177A,N,O,04/06/2026 08:28:18 PM
12177B,N,O,04/07/2026 09:06:11 AM
12179A,N,O,04/07/2026 08:55:49 AM
12179B,N,O,04/07/2026 08:55:57 AM
12180B,N,O,04/06/2026 08:52:16 PM
12182A,N,O,04/07/2026 08:57:48 AM
12182B,N,V,04/07/2026 08:58:34 AM
12183A,N,O,04/07/2026 08:56:46 AM
12183B,N,V,04/07/2026 09:01:53 AM
12184A,N,O,04/07/2026 08:55:46 AM
12184B,N,O,04/07/2026 08:55:46 AM
12186A,N,O,04/07/2026 08:58:51 AM
12187A,N,O,04/07/2026 08:57:50 AM
12187B,N,O,04/07/2026 09:05:50 AM
12188A,N,O,04/07/2026 08:56:52 AM
12188B,N,O,04/06/2026 07:58:51 PM
12189A,N,O,04/07/2026 08:55:46 AM
12190A,N,V,04/07/2026 09:01:09 AM
12190B,N,V,04/07/2026 09:06:53 AM
12191A,N,V,04/07/2026 09:06:26 AM
12191B,N,O,04/07/2026 08:58:49 AM
12192A,N,O,04/07/2026 08:57:50 AM
12193A,N,V,04/07/2026 08:58:08 AM
12193B,N,O,04/07/2026 08:56:51 AM
12194A,N,O,04/07/2026 08:55:52 AM
12195A,N,O,04/07/2026 08:59:58 AM
12195B,N,O,04/07/2026 08:59:51 AM
12196A,N,O,04/06/2026 08:34:07 PM
12196B,N,O,04/07/2026 08:58:46 AM
12197B,N,O,04/07/2026 08:57:50 AM
12198A,N,O,04/07/2026 09:01:18 AM
12198B,N,O,04/07/2026 08:56:52 AM
121A,N,V,04/06/2026 09:14:12 PM
121B,N,V,04/06/2026 06:15:56 PM
12202A,N,O,04/07/2026 08:57:50 AM
12202B,N,O,04/07/2026 08:57:50 AM
12203A,N,O,04/06/2026 06:22:00 PM
12203B,N,O,04/07/2026 08:56:49 AM
12204A,N,O,04/07/2026 08:55:52 AM
12204B,N,O,04/06/2026 08:12:08 PM
12205A,N,O,04/07/2026 08:59:53 AM
12211A,N,O,04/07/2026 08:58:49 AM
12211B,N,V,04/07/2026 09:00:45 AM
12212A,N,O,04/07/2026 08:57:42 AM
12212B,N,O,04/07/2026 08:57:42 AM
122B,N,V,04/06/2026 05:58:25 PM
12370A,N,O,04/07/2026 08:29:50 AM
12371A,N,O,04/06/2026 08:28:49 AM
12371B,N,V,04/07/2026 09:04:49 AM
12374A,N,O,04/06/2026 09:36:44 PM
12374B,N,O,04/07/2026 08:55:49 AM
12375A,N,O,04/07/2026 08:59:48 AM
12375B,N,O,04/07/2026 08:59:48 AM
12376A,N,O,04/07/2026 08:59:01 AM
12376B,N,O,04/07/2026 08:58:44 AM
12377A,N,O,04/07/2026 08:57:47 AM
12377B,N,O,04/07/2026 08:57:47 AM
12378A,N,O,04/07/2026 08:56:45 AM
12378B,N,O,04/07/2026 08:56:45 AM
12379A,N,O,04/07/2026 09:00:33 AM
12379B,N,O,04/07/2026 08:55:48 AM
12385A,N,O,04/07/2026 08:59:42 AM
12385B,N,O,04/06/2026 12:54:13 PM
12388A,N,O,04/07/2026 08:26:50 AM
12388B,N,V,04/07/2026 08:49:17 AM
12391A,N,V,04/07/2026 08:37:43 AM
12392A,N,O,04/06/2026 07:46:44 PM
12392B,N,V,04/06/2026 07:59:17 PM
12431A,N,O,04/07/2026 08:28:48 AM
12431B,N,O,04/07/2026 08:28:55 AM
12432B,N,O,04/07/2026 08:27:45 AM
12433A,N,O,04/07/2026 08:26:52 AM
12433B,N,O,04/07/2026 08:26:48 AM
12434A,N,O,04/06/2026 03:16:57 PM
12434B,N,O,04/07/2026 08:25:49 AM
12435A,N,V,04/07/2026 08:36:59 AM
12437B,N,V,04/07/2026 09:06:00 AM
12440A,N,V,04/07/2026 09:03:17 AM
12440B,N,O,04/07/2026 08:29:53 AM
12441A,N,O,04/07/2026 08:28:48 AM
12441B,N,V,04/07/2026 08:51:35 AM
12442A,N,O,04/07/2026 08:27:44 AM
12443B,N,O,04/07/2026 08:50:41 AM
12461A,N,V,04/06/2026 09:58:42 PM
12461B,N,O,04/06/2026 09:30:14 PM
12462B,N,O,04/06/2026 09:18:15 PM
12467A,N,O,04/06/2026 07:58:45 PM
12468A,N,O,04/06/2026 06:48:12 PM
12468B,N,O,04/06/2026 09:59:35 PM
12469A,N,O,04/06/2026 08:11:33 PM
12469B,N,O,04/05/2026 07:49:18 PM
12470A,N,O,04/06/2026 09:44:40 PM
12470B,N,O,04/06/2026 08:41:59 PM
12471A,N,V,04/06/2026 09:24:41 PM
12471B,N,V,04/06/2026 09:57:50 PM
12481A,N,O,04/06/2026 06:43:51 PM
12481B,N,O,04/06/2026 09:58:45 AM
12482A,N,V,04/07/2026 08:51:39 AM
12482B,N,V,04/07/2026 07:18:21 AM
12490A,N,V,04/06/2026 09:02:48 PM
12490B,N,O,04/06/2026 08:38:25 PM
12491A,N,O,04/06/2026 09:59:54 PM
12491B,N,V,04/06/2026 08:55:27 PM
12492A,N,O,04/06/2026 09:09:14 PM
12492B,N,O,04/06/2026 09:52:44 PM
12493A,N,O,04/07/2026 06:56:50 AM
12493B,N,O,04/07/2026 08:16:17 AM
12494A,N,O,04/06/2026 05:42:35 PM
12495A,N,O,04/06/2026 09:38:04 PM
12495B,N,O,04/06/2026 07:29:59 PM
12496B,N,O,04/06/2026 05:43:07 PM
12498A,N,O,04/06/2026 04:26:35 PM
12499A,N,O,04/06/2026 05:32:57 PM
12499B,N,O,04/06/2026 01:16:55 PM
124A,N,O,04/07/2026 09:06:55 AM
124B,N,O,04/07/2026 08:55:47 AM
12501A,N,V,04/07/2026 08:52:48 AM
12501B,N,V,04/07/2026 08:00:21 AM
12502A,N,V,04/07/2026 08:00:50 AM
12502B,N,V,04/07/2026 08:57:58 AM
12503B,N,V,04/07/2026 08:40:39 AM
12504A,N,V,04/07/2026 08:59:55 AM
12504B,N,O,04/07/2026 08:48:34 AM
12505A,N,V,04/07/2026 08:49:00 AM
12505B,N,V,04/07/2026 09:00:07 AM
12506A,N,O,04/07/2026 06:58:47 AM
12506B,N,O,04/06/2026 11:45:40 AM
12508A,N,O,04/07/2026 07:54:23 AM
12508B,N,O,04/07/2026 06:56:46 AM
12509A,N,O,04/06/2026 04:51:49 PM
12509B,N,O,04/06/2026 07:02:24 PM
12510A,N,O,04/06/2026 08:36:58 PM
12510B,N,O,04/06/2026 09:08:03 PM
1251A,N,O,04/06/2026 05:39:14 PM
1251B,N,O,04/06/2026 04:16:04 PM
1252A,N,O,04/06/2026 08:53:42 PM
1252B,N,O,04/06/2026 09:59:57 PM
12530A,N,V,04/07/2026 09:04:48 AM
12530B,N,O,04/06/2026 09:28:19 PM
12531A,N,O,04/07/2026 08:58:43 AM
12531B,N,O,04/07/2026 08:58:43 AM
12532A,N,O,04/07/2026 09:02:01 AM
12532B,N,O,04/07/2026 08:57:48 AM
1253A,N,V,04/06/2026 09:53:31 PM
1253B,N,O,04/06/2026 09:32:34 PM
1254A,N,O,04/06/2026 09:56:39 PM
12580A,N,O,04/06/2026 07:15:28 PM
12580B,N,O,04/06/2026 05:55:09 PM
12581A,N,O,04/06/2026 09:39:21 PM
12581B,N,O,04/06/2026 08:12:24 PM
12582A,N,O,04/06/2026 08:25:32 PM
12582B,N,O,04/06/2026 05:42:37 PM
12583A,N,V,04/06/2026 09:40:26 PM
12583B,N,V,04/06/2026 09:21:36 PM
12585A,N,V,04/06/2026 09:55:38 PM
12585B,N,O,04/06/2026 03:34:37 PM
12586A,N,O,04/06/2026 09:52:09 PM
12586B,N,O,04/06/2026 05:07:13 PM
12587A,N,V,04/06/2026 09:58:29 PM
12587B,N,V,04/06/2026 09:38:13 PM
1258B,N,O,04/06/2026 09:19:19 PM
12597A,N,O,04/07/2026 08:50:51 AM
12597B,N,O,04/07/2026 08:49:45 AM
12598A,N,O,04/07/2026 08:26:46 AM
12598B,N,V,04/07/2026 08:52:48 AM
12599A,N,O,04/07/2026 08:50:39 AM
12599B,N,V,04/07/2026 08:53:16 AM
1259A,N,O,04/06/2026 09:54:20 PM
1259B,N,V,04/06/2026 09:59:46 PM
125A,N,O,04/07/2026 08:59:44 AM
125B,N,V,04/07/2026 09:03:17 AM
12600B,N,O,04/07/2026 08:41:42 AM
12601A,N,V,04/07/2026 09:04:40 AM
12601B,N,V,04/07/2026 08:53:55 AM
12602A,N,O,04/07/2026 08:47:05 AM
12602B,N,O,04/07/2026 08:27:50 AM
12603B,N,O,04/07/2026 08:31:40 AM
12606A,N,O,04/07/2026 08:28:48 AM
12606B,N,O,04/07/2026 08:28:48 AM
12607A,N,O,04/06/2026 04:39:40 PM
12607B,N,O,04/07/2026 08:27:47 AM
12608B,N,O,04/07/2026 08:49:24 AM
12609A,N,O,04/07/2026 08:25:43 AM
12609B,N,O,04/07/2026 08:25:43 AM
1260A,N,O,04/06/2026 09:49:45 PM
1260B,N,O,04/06/2026 09:22:45 PM
12610A,N,O,04/07/2026 08:29:46 AM
12610B,N,O,04/07/2026 08:29:46 AM
12611A,N,O,04/07/2026 08:28:52 AM
12611B,N,O,04/07/2026 08:28:52 AM
12612A,N,O,04/07/2026 08:27:50 AM
12612B,N,O,04/07/2026 08:27:42 AM
12613B,N,O,04/06/2026 10:26:45 AM
12614A,N,O,04/06/2026 09:51:14 PM
12614B,N,V,04/06/2026 09:01:42 PM
12615A,N,O,04/06/2026 09:21:52 PM
12615B,N,O,04/06/2026 09:24:37 PM
12616A,N,O,04/06/2026 08:44:40 PM
12616B,N,O,04/06/2026 08:46:54 PM
12617B,N,O,04/07/2026 07:27:49 AM
12618A,N,V,04/07/2026 09:05:53 AM
12618B,N,O,04/07/2026 07:26:50 AM
12619A,N,O,04/07/2026 09:04:17 AM
12619B,N,O,04/07/2026 07:25:43 AM
12620A,N,O,04/07/2026 08:48:20 AM
12620B,N,O,04/07/2026 09:04:25 AM
12623A,N,O,04/07/2026 07:27:12 AM
12623B,N,O,04/07/2026 07:26:49 AM
12624A,N,O,04/06/2026 09:09:02 PM
12624B,N,O,04/06/2026 09:19:51 PM
12625A,N,O,04/07/2026 07:41:42 AM
12625B,N,V,04/07/2026 08:10:03 AM
12626A,N,O,04/07/2026 07:28:48 AM
12626B,N,O,04/07/2026 07:28:59 AM
12627A,N,V,04/07/2026 08:40:39 AM
12627B,N,V,04/07/2026 09:05:05 AM
12628A,N,O,04/07/2026 07:26:48 AM
12628B,N,V,04/07/2026 08:50:15 AM
12629A,N,V,04/07/2026 09:01:53 AM
12629B,N,O,04/07/2026 08:36:07 AM
12630A,N,V,04/07/2026 08:53:14 AM
12630B,N,O,04/07/2026 07:29:43 AM
12631A,N,O,04/07/2026 07:28:52 AM
12631B,N,O,04/07/2026 07:28:56 AM
12632A,N,O,04/07/2026 07:28:03 AM
12632B,N,O,04/07/2026 07:27:46 AM
12633A,N,V,04/07/2026 09:06:43 AM
12633B,N,O,04/07/2026 07:26:45 AM
12634A,N,V,04/07/2026 09:06:48 AM
12634B,N,O,04/07/2026 09:04:26 AM
12635A,N,O,04/07/2026 07:29:45 AM
12635B,N,V,04/07/2026 09:02:21 AM
12636A,N,O,04/06/2026 08:57:32 PM
12636B,N,V,04/06/2026 09:59:33 PM
12637A,N,V,04/06/2026 09:59:35 PM
12637B,N,V,04/06/2026 09:37:03 PM
12640A,N,O,04/07/2026 08:59:55 AM
12640B,N,O,04/07/2026 08:59:48 AM
12641A,N,O,04/07/2026 08:58:43 AM
12643A,N,O,04/06/2026 07:26:58 PM
12644A,N,O,04/06/2026 10:26:10 PM
12644B,N,O,04/06/2026 07:25:48 PM
12645A,N,O,04/06/2026 08:01:53 PM
12645B,N,O,04/06/2026 09:18:14 PM
12646A,N,O,04/06/2026 08:28:02 PM
12646B,N,O,04/06/2026 07:30:12 PM
12647A,N,O,04/07/2026 08:58:01 AM
12647B,N,O,04/07/2026 08:57:52 AM
12648A,N,O,04/07/2026 08:56:51 AM
12648B,N,O,04/07/2026 08:56:51 AM
12649A,N,O,04/07/2026 08:57:40 AM
12649B,N,O,04/07/2026 08:55:44 AM
12650A,N,O,04/07/2026 08:59:48 AM
12650B,N,V,04/07/2026 09:04:49 AM
12651A,N,O,04/07/2026 08:58:51 AM
12651B,N,O,04/07/2026 08:58:51 AM
12652A,N,O,04/07/2026 08:57:49 AM
12652B,N,O,04/07/2026 08:57:49 AM
12653A,N,O,04/06/2026 09:54:09 PM
12653B,N,O,04/07/2026 08:56:43 AM
12654A,N,V,04/07/2026 09:03:07 AM
12654B,N,O,04/07/2026 08:55:46 AM
12655A,N,O,04/07/2026 08:59:47 AM
12655B,N,V,04/06/2026 06:18:47 PM
12656A,N,O,04/07/2026 08:58:59 AM
12656B,N,O,04/07/2026 08:58:55 AM
12657A,N,O,04/07/2026 08:58:02 AM
12657B,N,V,04/06/2026 08:30:58 PM
12658A,N,V,04/07/2026 09:03:34 AM
12658B,N,O,04/06/2026 05:38:11 PM
12659A,N,O,04/06/2026 07:35:10 PM
12659B,N,O,04/06/2026 07:45:49 PM
12660A,N,O,04/06/2026 06:56:40 PM
12661A,N,O,04/06/2026 10:29:45 AM
12661B,N,O,04/06/2026 06:18:50 PM
12662A,N,O,04/06/2026 01:45:52 PM
12662B,N,O,04/06/2026 07:38:55 PM
12663A,N,O,04/06/2026 06:03:02 PM
12663B,N,O,04/06/2026 09:32:27 PM
12664A,N,O,04/06/2026 08:48:05 PM
12664B,N,O,04/06/2026 06:56:59 PM
12665A,N,O,04/06/2026 06:58:08 PM
12665B,N,O,04/06/2026 06:50:17 PM
12666A,N,O,04/06/2026 07:01:30 PM
12666B,N,O,04/06/2026 09:25:59 PM
12667A,N,O,04/06/2026 09:14:33 PM
12667B,N,O,04/06/2026 09:25:39 PM
12668A,N,O,04/06/2026 08:49:15 PM
12668B,N,O,04/06/2026 08:30:58 PM
12669A,N,O,04/06/2026 09:42:43 PM
12669B,N,O,04/06/2026 08:10:40 PM
1266A,N,O,04/06/2026 09:45:15 PM
1266B,N,V,04/06/2026 09:42:12 PM
12670A,N,O,04/06/2026 09:56:11 PM
12670B,N,O,04/06/2026 09:31:52 PM
12671A,N,O,04/06/2026 07:30:27 PM
12671B,N,O,04/06/2026 05:11:55 PM
12672A,N,O,04/06/2026 09:12:24 PM
12672B,N,O,04/06/2026 09:07:02 PM
12673A,N,O,04/06/2026 09:54:00 PM
12673B,N,V,04/06/2026 09:54:00 PM
12674A,N,O,04/06/2026 07:15:17 PM
12674B,N,O,04/06/2026 09:42:39 PM
12675A,N,O,04/06/2026 09:24:02 PM
12675B,N,V,04/06/2026 09:45:38 PM
12676B,N,O,04/06/2026 07:10:31 PM
12677A,N,O,04/06/2026 09:57:48 AM
12677B,N,O,04/06/2026 05:12:49 PM
12678A,N,O,04/06/2026 09:30:06 PM
12678B,N,O,04/06/2026 09:56:45 AM
12679A,N,O,04/06/2026 06:56:13 PM
12679B,N,O,04/06/2026 09:55:43 AM
1267A,N,O,04/06/2026 08:54:15 PM
1267B,N,O,04/06/2026 09:27:28 PM
12680A,N,O,04/07/2026 08:47:19 AM
12680B,N,V,04/07/2026 09:06:56 AM
12681A,N,O,04/07/2026 07:58:55 AM
12681B,N,O,04/07/2026 07:58:48 AM
12685A,N,V,04/07/2026 09:02:09 AM
12685B,N,O,04/07/2026 08:59:51 AM
12686A,N,O,04/07/2026 08:58:55 AM
12686B,N,O,04/06/2026 05:42:26 PM
12687A,N,V,04/06/2026 09:33:39 PM
12687B,N,O,04/07/2026 08:57:44 AM
12688A,N,O,04/07/2026 08:56:42 AM
12688B,N,O,04/07/2026 08:56:42 AM
12689A,N,O,04/07/2026 08:55:46 AM
12689B,N,O,04/07/2026 08:55:46 AM
1268A,N,O,04/06/2026 09:56:20 PM
1268B,N,O,04/06/2026 07:20:05 PM
12690A,N,O,04/07/2026 08:59:43 AM
12690B,N,O,04/07/2026 08:59:43 AM
12691A,N,O,04/07/2026 08:58:47 AM
12691B,N,O,04/07/2026 08:58:47 AM
1269A,N,O,04/06/2026 09:34:08 PM
1269B,N,O,04/06/2026 07:32:56 PM
126B,N,O,04/07/2026 08:58:45 AM
12701A,N,O,04/06/2026 07:38:54 PM
12701B,N,O,04/06/2026 05:41:33 PM
12702A,NU,O,04/06/2026 09:58:12 PM
12702B,NU,O,04/06/2026 07:15:24 PM
12703A,N,O,04/06/2026 09:34:05 PM
12703B,N,O,04/06/2026 09:02:05 PM
12704A,N,O,04/06/2026 08:33:12 PM
12704B,N,O,04/06/2026 08:58:43 PM
12705A,N,O,04/06/2026 09:32:27 PM
12705B,N,O,04/06/2026 09:59:15 PM
12706A,N,O,04/06/2026 08:49:59 PM
12706B,N,O,04/06/2026 06:53:36 PM
12707B,N,O,04/06/2026 06:11:05 PM
12708A,N,O,04/06/2026 09:58:02 PM
12708B,N,O,04/06/2026 09:59:53 PM
12709A,N,O,04/06/2026 07:42:19 PM
12709B,N,O,04/06/2026 09:44:10 PM
1270A,N,O,04/06/2026 08:59:24 PM
1270B,N,V,04/06/2026 09:41:07 PM
12710A,N,O,04/06/2026 09:12:58 PM
12710B,N,O,04/06/2026 09:43:57 PM
12711A,N,O,04/06/2026 09:58:34 PM
12711B,N,O,04/06/2026 09:48:17 PM
12712A,N,O,04/06/2026 09:58:44 PM
12712B,N,O,04/06/2026 09:04:02 PM
12713A,N,O,04/06/2026 06:17:57 PM
12713B,N,O,04/06/2026 07:18:31 PM
12714A,N,O,04/06/2026 12:56:45 PM
12714B,N,O,04/06/2026 06:38:22 PM
12715A,N,O,04/06/2026 12:09:12 PM
12715B,N,O,04/06/2026 09:23:03 PM
12716A,N,O,04/06/2026 07:37:37 PM
12716B,N,O,04/06/2026 09:35:57 PM
12717A,N,O,04/06/2026 09:11:29 PM
12717B,N,O,04/06/2026 07:13:41 PM
12718A,N,O,04/06/2026 08:46:12 PM
12718B,N,O,04/06/2026 08:55:36 PM
12719A,N,O,04/06/2026 09:13:32 PM
12719B,N,O,04/06/2026 05:56:36 PM
1271A,N,O,04/06/2026 09:41:19 PM
1271B,N,O,04/06/2026 08:34:31 PM
12720A,N,O,04/06/2026 08:03:39 PM
12720B,NU,O,04/06/2026 09:45:00 PM
1272A,N,O,04/06/2026 08:16:12 PM
1272B,N,O,04/06/2026 07:06:46 PM
1273A,N,V,04/06/2026 09:48:19 PM
1273B,N,O,04/06/2026 09:16:17 PM
127B,N,V,04/06/2026 07:57:46 PM
1280A,N,O,04/06/2026 09:59:55 PM
1280B,N,V,04/06/2026 08:57:18 PM
1281A,N,O,04/06/2026 05:26:19 PM
1281B,N,O,04/06/2026 08:07:02 PM
1282A,N,V,04/06/2026 09:51:10 PM
1282B,N,V,04/06/2026 09:30:02 PM
1283A,N,O,04/06/2026 07:06:08 PM
1283B,N,O,04/06/2026 09:49:27 PM
1284A,N,O,04/06/2026 07:24:00 PM
1284B,N,O,04/06/2026 07:46:33 PM
12A,NU,V,02/25/2026 11:44:33 PM
12B,NU,V,02/25/2026 11:59:52 PM
13001A,N,O,04/06/2026 09:33:54 PM
13001B,N,O,04/06/2026 09:58:38 PM
13002B,N,V,04/06/2026 09:01:08 PM
13003A,N,V,04/06/2026 09:51:32 PM
13003B,N,V,04/06/2026 08:12:26 PM
13004A,N,O,04/06/2026 09:24:30 PM
13004B,N,O,04/06/2026 06:24:47 PM
13005A,N,O,04/06/2026 08:55:52 PM
13005B,N,O,04/06/2026 09:47:16 PM
13006A,N,V,04/06/2026 09:57:34 PM
13006B,N,O,04/06/2026 06:47:09 PM
13007A,N,O,04/06/2026 08:43:04 PM
13007B,N,V,04/06/2026 09:57:52 PM
13008A,N,O,04/07/2026 08:56:49 AM
13008B,N,O,04/07/2026 08:56:45 AM
13009A,N,O,04/07/2026 08:55:43 AM
13009B,N,O,04/07/2026 08:55:43 AM
13010A,N,O,04/06/2026 09:21:20 PM
13010B,N,O,04/06/2026 09:25:25 PM
13011A,N,V,04/07/2026 09:04:12 AM
13011B,N,O,04/07/2026 09:06:59 AM
13012A,N,V,04/05/2026 01:02:11 PM
13012B,N,V,04/06/2026 08:29:28 PM
13013A,N,O,04/07/2026 09:06:25 AM
13013B,N,O,04/07/2026 09:05:03 AM
13014A,N,O,04/07/2026 08:56:04 AM
13014B,N,O,04/07/2026 08:56:01 AM
13015A,N,O,04/07/2026 08:59:51 AM
13015B,N,V,04/07/2026 09:06:54 AM
13016A,N,V,04/07/2026 09:06:15 AM
13016B,N,O,04/07/2026 08:58:54 AM
13017B,N,O,04/06/2026 07:23:19 PM
13018A,N,O,04/06/2026 09:19:42 PM
13018B,N,V,04/06/2026 04:00:32 PM
13019A,N,V,04/07/2026 09:06:48 AM
13019B,N,O,04/07/2026 08:55:52 AM
13020A,N,O,04/07/2026 09:06:42 AM
13020B,N,V,04/06/2026 06:39:42 PM
13021A,N,V,04/07/2026 09:06:05 AM
13021B,N,O,04/07/2026 09:06:47 AM
13023A,N,V,04/07/2026 09:06:59 AM
13023B,N,O,04/07/2026 08:56:43 AM
13024B,N,O,04/07/2026 08:55:49 AM
13030A,N,V,04/07/2026 09:06:50 AM
13031B,N,O,04/06/2026 09:43:48 PM
13032A,N,V,04/07/2026 09:03:18 AM
13032B,N,V,04/07/2026 09:00:10 AM
13033A,N,O,04/07/2026 08:56:44 AM
13033B,N,V,04/07/2026 09:06:48 AM
13034A,N,O,04/07/2026 08:55:50 AM
13034B,N,O,04/06/2026 08:55:49 AM
13035A,N,O,04/07/2026 08:59:42 AM
13035B,N,V,04/06/2026 01:23:50 PM
13036A,N,O,04/07/2026 08:59:12 AM
13036B,N,V,04/07/2026 09:03:35 AM
13037A,N,O,04/07/2026 08:57:48 AM
13040A,N,O,04/07/2026 08:59:50 AM
13040B,N,O,04/07/2026 08:59:50 AM
13046B,N,O,04/07/2026 08:58:53 AM
13047A,N,O,04/07/2026 08:57:41 AM
13047B,N,O,04/07/2026 08:57:41 AM
13048A,N,O,04/07/2026 08:56:46 AM
13048B,N,O,04/06/2026 01:41:32 PM
13049A,N,O,04/06/2026 07:15:04 PM
13049B,N,V,04/07/2026 09:06:25 AM
13050A,N,V,04/07/2026 09:06:32 AM
13050B,N,V,04/06/2026 09:59:51 PM
13051A,N,O,04/06/2026 08:57:03 PM
13051B,N,O,04/06/2026 09:14:44 PM
13052A,N,O,04/07/2026 08:57:47 AM
13052B,N,V,04/06/2026 09:37:37 PM
13053B,N,O,04/07/2026 08:56:45 AM
13054A,N,O,04/07/2026 08:55:46 AM
13054B,N,O,04/06/2026 07:43:21 PM
13055A,N,V,04/06/2026 09:33:52 PM
13055B,N,O,04/07/2026 08:59:46 AM
13056A,N,O,04/07/2026 08:58:51 AM
13056B,N,O,04/07/2026 08:58:51 AM
13057B,N,O,04/07/2026 08:57:47 AM
13058A,N,V,04/06/2026 09:34:57 PM
13058B,N,O,04/07/2026 08:56:49 AM
13061B,N,O,04/07/2026 08:58:49 AM
13062A,N,O,04/07/2026 09:06:50 AM
13062B,N,V,04/07/2026 09:01:15 AM
13066A,N,O,04/06/2026 05:52:20 PM
13066B,N,V,04/06/2026 09:50:32 PM
13067A,N,O,04/07/2026 08:57:59 AM
13067B,N,O,04/07/2026 08:57:55 AM
13068A,N,V,04/06/2026 09:26:24 PM
13068B,N,O,04/06/2026 08:44:11 PM
13069A,N,V,04/07/2026 09:03:36 AM
13069B,N,O,04/07/2026 08:55:43 AM
13070A,N,V,04/07/2026 09:06:53 AM
13070B,N,O,04/07/2026 08:59:45 AM
13075A,N,O,04/07/2026 08:59:48 AM
13075B,N,V,04/07/2026 09:03:07 AM
13076A,N,O,04/07/2026 08:58:52 AM
13076B,N,O,04/07/2026 08:58:52 AM
13078A,N,O,04/07/2026 08:56:44 AM
13078B,N,O,04/07/2026 08:56:44 AM
13084A,N,O,04/06/2026 05:58:52 PM
13084B,N,O,04/06/2026 09:34:36 PM
13085A,N,O,04/07/2026 08:59:49 AM
13085B,N,O,04/07/2026 08:59:49 AM
13086A,N,V,04/06/2026 09:06:04 PM
13086B,N,O,04/07/2026 08:58:47 AM
13087A,N,O,04/07/2026 09:06:40 AM
13087B,N,V,04/07/2026 09:05:17 AM
13100B,N,O,04/07/2026 08:59:48 AM
13101A,N,O,04/06/2026 04:26:52 PM
13101B,N,O,04/06/2026 09:38:13 PM
13102A,N,O,04/07/2026 08:57:54 AM
13102B,N,O,04/07/2026 08:57:50 AM
13103A,N,V,04/06/2026 09:40:40 PM
13103B,N,O,04/07/2026 08:56:44 AM
13104A,N,O,04/07/2026 08:55:57 AM
13104B,N,V,04/07/2026 09:06:58 AM
13111B,N,O,04/07/2026 08:58:48 AM
13112A,N,O,04/07/2026 08:57:47 AM
13112B,N,O,04/07/2026 08:57:59 AM
13113A,N,O,04/07/2026 08:56:47 AM
13113B,N,O,04/07/2026 08:56:51 AM
13114A,N,V,04/06/2026 06:59:31 PM
13114B,N,O,04/07/2026 08:55:54 AM
13115A,N,V,04/06/2026 09:56:35 PM
13115B,N,O,04/07/2026 08:59:55 AM
13116A,N,O,04/06/2026 09:48:58 PM
13116B,N,O,04/07/2026 09:05:01 AM
13117A,N,O,04/07/2026 08:57:49 AM
13117B,N,O,04/07/2026 08:58:01 AM
13118A,N,O,04/07/2026 08:56:55 AM
13120A,N,O,04/07/2026 08:59:48 AM
13120B,N,O,04/07/2026 08:59:48 AM
13121A,N,O,04/07/2026 08:58:44 AM
13122A,N,O,04/07/2026 08:57:48 AM
13122B,N,O,04/07/2026 08:57:48 AM
13123A,N,O,04/07/2026 08:56:49 AM
13123B,N,O,04/07/2026 08:56:49 AM
13124A,N,O,04/07/2026 08:55:44 AM
13126A,N,O,04/06/2026 05:29:26 PM
13126B,N,O,04/07/2026 08:58:40 AM
13127B,N,O,04/07/2026 08:57:44 AM
13128A,N,O,04/07/2026 08:56:44 AM
13128B,N,O,04/07/2026 08:56:44 AM
13129A,N,O,04/07/2026 08:55:40 AM
13129B,N,O,04/07/2026 09:02:20 AM
13200A,N,O,04/07/2026 08:59:45 AM
13200B,NU,O,04/06/2026 07:18:19 PM
13201A,N,O,04/07/2026 08:58:46 AM
13202A,N,O,04/06/2026 09:37:03 PM
13202B,N,O,04/07/2026 08:57:52 AM
13203A,N,O,04/07/2026 08:56:42 AM
13205A,N,O,04/07/2026 08:59:44 AM
13206A,N,V,04/07/2026 09:05:44 AM
13207A,N,O,04/06/2026 08:14:47 PM
13207B,N,V,04/06/2026 08:50:01 PM
13208A,N,O,04/07/2026 08:56:45 AM
13208B,N,V,04/07/2026 08:59:10 AM
13209A,N,O,04/07/2026 08:55:46 AM
13210A,N,O,04/07/2026 08:59:47 AM
13211B,N,O,04/07/2026 08:58:46 AM
13212A,N,O,04/07/2026 08:57:42 AM
13212B,N,O,04/07/2026 08:57:42 AM
13213A,N,O,04/06/2026 08:39:34 PM
13213B,N,V,04/07/2026 09:04:55 AM
13214A,N,O,04/06/2026 08:26:28 PM
13214B,N,V,04/06/2026 08:50:05 PM
13216A,N,V,04/06/2026 08:30:22 PM
13216B,N,V,04/07/2026 09:02:51 AM
13217B,N,O,04/07/2026 08:58:15 AM
13218A,N,O,04/06/2026 09:53:34 PM
13218B,N,O,04/07/2026 09:06:55 AM
13219B,N,O,04/07/2026 08:55:47 AM
13222A,N,V,04/06/2026 09:06:31 PM
13222B,N,O,04/07/2026 08:57:38 AM
13223A,N,O,04/06/2026 08:54:50 PM
13223B,N,O,04/07/2026 08:56:52 AM
13224B,N,O,04/06/2026 09:19:10 PM
13225A,N,V,04/06/2026 09:37:56 PM
13225B,N,O,04/06/2026 09:59:29 PM
13226A,N,O,04/07/2026 08:58:46 AM
13226B,N,O,04/07/2026 08:58:46 AM
13227A,N,V,04/06/2026 09:42:04 PM
13227B,N,V,04/06/2026 09:02:09 PM
13229B,N,V,04/07/2026 08:59:05 AM
13231A,N,O,04/07/2026 08:58:42 AM
13231B,N,O,04/07/2026 08:58:42 AM
13232A,N,O,04/06/2026 06:46:14 PM
13232B,N,V,04/06/2026 09:55:47 PM
13233B,N,O,04/07/2026 08:56:46 AM
13238A,N,O,04/07/2026 08:56:55 AM
13238B,N,O,04/07/2026 08:56:55 AM
13239A,N,O,04/06/2026 09:58:06 PM
13239B,N,V,04/06/2026 07:52:40 PM
13240A,N,V,04/07/2026 09:05:12 AM
13240B,N,V,04/07/2026 09:06:54 AM
13241B,N,O,04/07/2026 08:58:41 AM
13243B,N,O,04/07/2026 08:56:54 AM
13245B,N,O,04/07/2026 08:59:47 AM
13246A,N,O,04/07/2026 08:58:51 AM
13246B,N,V,04/06/2026 09:05:54 PM
13247A,N,O,04/07/2026 09:06:43 AM
13249A,N,O,04/07/2026 08:55:45 AM
13249B,N,O,04/07/2026 08:55:45 AM
13250A,N,O,04/07/2026 09:03:58 AM
13250B,N,O,04/07/2026 09:00:10 AM
13251A,N,O,04/07/2026 09:04:03 AM
13251B,N,O,04/07/2026 09:06:54 AM
13252A,N,O,04/07/2026 08:57:43 AM
13252B,N,O,04/07/2026 08:57:43 AM
13253A,N,O,04/07/2026 08:57:07 AM
13253B,N,O,04/07/2026 08:57:07 AM
13254A,N,O,04/07/2026 08:55:51 AM
13254B,N,O,04/07/2026 08:55:51 AM
13255A,N,V,04/06/2026 08:00:22 PM
13255B,N,O,04/07/2026 08:59:54 AM
13256B,N,O,04/07/2026 09:05:44 AM
13257A,N,O,04/07/2026 08:57:55 AM
13257B,N,V,04/07/2026 09:02:27 AM
13258B,N,O,04/07/2026 08:56:52 AM
13259A,N,O,03/28/2026 06:55:49 AM
13259B,N,O,04/07/2026 08:55:48 AM
13260A,N,V,04/06/2026 09:52:16 PM
13260B,N,O,04/07/2026 08:59:55 AM
13261A,N,O,04/07/2026 08:58:46 AM
13261B,N,O,04/07/2026 08:58:46 AM
13262A,N,O,04/07/2026 08:57:50 AM
13264A,N,O,04/07/2026 09:06:31 AM
13264B,N,O,04/07/2026 08:55:53 AM
13265A,N,V,04/07/2026 08:59:50 AM
13265B,N,O,04/07/2026 08:59:42 AM
13266A,N,O,04/07/2026 08:58:43 AM
13266B,N,O,04/07/2026 08:58:43 AM
13267A,N,O,04/06/2026 09:33:59 PM
13267B,N,V,04/07/2026 08:58:02 AM
13268A,N,O,04/07/2026 08:56:47 AM
13268B,N,O,04/07/2026 08:56:47 AM
13277A,N,O,04/07/2026 09:06:47 AM
13277B,N,O,04/07/2026 08:57:54 AM
13278A,N,O,04/07/2026 08:56:44 AM
13278B,N,O,04/07/2026 08:56:56 AM
13279A,N,O,04/07/2026 08:55:48 AM
13280A,N,V,04/07/2026 09:06:40 AM
13280B,N,O,04/07/2026 09:06:44 AM
13281A,N,O,04/07/2026 08:58:43 AM
13281B,N,O,04/07/2026 08:58:43 AM
13282A,N,O,04/07/2026 08:57:46 AM
13282B,N,O,04/07/2026 08:57:53 AM
13283A,N,O,04/07/2026 08:56:43 AM
13283B,N,O,04/07/2026 08:56:43 AM
13284A,N,O,04/07/2026 08:55:51 AM
13284B,N,O,04/07/2026 08:55:51 AM
13285B,N,V,04/06/2026 09:36:45 PM
13292A,N,O,04/06/2026 09:57:51 AM
13292B,N,O,04/05/2026 09:57:46 AM
13293A,N,O,04/06/2026 09:56:53 AM
13293B,N,O,04/06/2026 09:56:44 AM
13294A,N,O,04/06/2026 09:55:55 AM
13294B,N,O,04/06/2026 09:55:51 AM
13295B,N,O,04/06/2026 09:59:52 AM
13297A,N,O,04/06/2026 04:26:23 PM
13297B,N,O,04/06/2026 04:23:38 PM
13298A,N,O,04/06/2026 04:57:59 PM
13298B,N,O,04/06/2026 06:42:44 PM
13299A,N,V,04/06/2026 09:24:31 PM
13299B,N,V,04/06/2026 09:23:58 PM
1329A,N,O,04/07/2026 08:55:46 AM
1329B,N,O,04/07/2026 08:55:42 AM
13300A,N,O,04/06/2026 09:36:20 PM
13300B,N,V,04/06/2026 09:59:33 PM
13302A,N,O,04/07/2026 08:57:50 AM
13303A,N,V,04/07/2026 09:06:28 AM
13303B,N,O,04/07/2026 08:56:39 AM
13304A,N,O,04/07/2026 08:55:50 AM
13304B,N,V,03/22/2026 08:55:59 AM
13305A,N,O,04/07/2026 09:00:00 AM
13305B,N,O,04/07/2026 09:06:47 AM
13306A,N,O,04/07/2026 08:58:44 AM
13306B,N,V,04/06/2026 09:23:15 PM
13307A,N,O,04/07/2026 08:57:58 AM
13307B,N,O,04/07/2026 08:57:58 AM
13311A,N,O,04/07/2026 09:02:25 AM
13311B,N,O,04/07/2026 08:58:53 AM
13312A,N,O,04/07/2026 08:57:40 AM
13312B,N,O,04/07/2026 08:57:40 AM
13313A,N,O,04/07/2026 08:56:44 AM
13314A,N,O,04/07/2026 08:55:43 AM
13314B,N,O,04/07/2026 08:55:43 AM
13315A,N,V,04/06/2026 08:52:32 PM
13315B,N,O,04/07/2026 08:59:47 AM
13316A,N,O,04/07/2026 09:06:55 AM
13316B,N,V,04/07/2026 09:01:28 AM
13319A,N,O,04/07/2026 08:56:26 AM
13319B,N,O,04/07/2026 09:06:57 AM
13320B,N,O,04/07/2026 08:59:51 AM
13321A,N,O,04/07/2026 09:04:46 AM
13321B,N,O,04/07/2026 08:58:43 AM
13322B,N,O,04/06/2026 06:36:02 PM
13323B,N,O,04/06/2026 02:09:36 PM
13324A,N,O,04/06/2026 06:55:31 PM
13325A,N,O,04/07/2026 09:04:11 AM
13325B,N,V,04/06/2026 09:58:08 PM
13326A,N,O,04/07/2026 08:58:47 AM
13326B,N,V,04/07/2026 09:06:26 AM
13332A,N,V,04/07/2026 09:06:21 AM
13332B,N,V,04/07/2026 08:46:06 AM
13333A,N,O,04/06/2026 07:58:03 PM
13334A,N,O,04/07/2026 08:55:40 AM
13334B,N,O,04/06/2026 06:09:02 PM
13335A,N,V,04/06/2026 03:01:45 PM
13335B,N,V,04/07/2026 09:06:38 AM
13336A,N,O,04/06/2026 08:16:22 PM
13336B,N,O,04/06/2026 05:32:03 PM
13337A,N,O,04/06/2026 09:36:45 PM
13337B,N,V,04/06/2026 09:47:17 PM
13338A,N,V,04/06/2026 08:50:02 PM
13338B,N,V,04/06/2026 07:12:41 PM
13339A,N,V,04/07/2026 09:06:54 AM
13340A,N,O,04/06/2026 09:24:54 PM
13340B,N,V,04/07/2026 09:06:54 AM
13341A,N,V,04/06/2026 09:21:54 PM
13341B,N,O,04/07/2026 08:58:50 AM
13343B,N,V,04/06/2026 04:25:06 PM
13344A,N,V,04/07/2026 08:58:04 AM
13344B,N,V,04/06/2026 09:35:15 PM
13345A,N,O,04/07/2026 09:06:18 AM
13345B,N,V,04/06/2026 09:59:16 PM
13346A,N,V,04/06/2026 09:59:29 PM
13346B,N,O,04/06/2026 06:11:26 PM
13347A,N,V,04/07/2026 09:06:26 AM
13347B,N,V,04/06/2026 09:53:15 PM
13348A,N,O,04/07/2026 08:56:49 AM
13348B,N,O,04/07/2026 09:05:16 AM
13349A,N,O,04/07/2026 08:55:49 AM
1334A,N,O,04/06/2026 09:54:48 PM
1334B,N,V,04/06/2026 09:59:42 PM
13350A,N,V,04/06/2026 05:38:51 PM
13350B,N,V,04/06/2026 09:54:40 PM
13351A,N,O,04/06/2026 09:40:26 PM
13351B,N,V,04/07/2026 09:04:48 AM
13352A,N,O,04/07/2026 08:57:49 AM
13352B,N,O,04/07/2026 09:06:23 AM
13355A,N,V,04/06/2026 09:21:50 PM
13355B,N,V,04/07/2026 09:00:23 AM
13356A,N,V,04/06/2026 09:53:09 PM
13356B,N,V,04/06/2026 09:53:09 PM
13357A,N,V,04/07/2026 09:05:01 AM
13357B,N,O,04/07/2026 08:58:15 AM
13358A,N,V,04/06/2026 09:35:32 PM
13358B,N,O,04/07/2026 08:56:46 AM
13359A,N,O,04/06/2026 04:01:53 PM
13359B,N,O,04/07/2026 08:55:46 AM
1335A,N,O,04/06/2026 09:31:18 PM
1335B,N,O,04/06/2026 03:08:52 PM
1336A,N,V,04/06/2026 09:58:13 PM
1336B,N,V,04/06/2026 09:55:39 PM
1337A,N,O,04/06/2026 10:27:44 AM
1337B,N,O,04/06/2026 08:36:11 PM
13400A,N,O,04/07/2026 08:59:43 AM
13400B,N,O,04/07/2026 08:59:50 AM
13401A,N,V,04/06/2026 08:21:54 PM
13401B,N,O,04/07/2026 08:58:53 AM
13402A,N,O,04/07/2026 08:57:51 AM
13402B,N,O,04/07/2026 08:57:51 AM
13403A,N,O,04/07/2026 08:56:53 AM
13403B,N,O,04/07/2026 09:06:55 AM
13404A,N,O,04/07/2026 08:55:48 AM
13404B,N,O,04/07/2026 08:55:55 AM
13405A,N,O,04/07/2026 08:59:47 AM
13405B,N,O,04/07/2026 08:59:47 AM
13413A,N,O,04/07/2026 08:56:51 AM
13413B,N,O,04/07/2026 08:56:51 AM
13422A,N,V,04/06/2026 07:39:11 PM
13422B,N,O,04/07/2026 09:06:44 AM
13423B,N,V,04/07/2026 09:06:33 AM
13427A,N,V,04/07/2026 09:03:45 AM
13427B,N,O,04/07/2026 09:06:29 AM
13428A,N,V,04/07/2026 08:59:28 AM
13428B,N,V,04/06/2026 09:55:35 PM
13431A,N,O,04/06/2026 09:22:50 PM
13431B,N,V,04/06/2026 09:22:57 PM
13432A,N,V,04/06/2026 09:01:36 PM
13432B,N,V,04/06/2026 09:32:39 PM
13433A,N,V,04/06/2026 09:43:58 PM
13433B,N,O,04/07/2026 09:06:57 AM
13434A,N,V,04/06/2026 09:00:58 PM
13434B,N,V,04/06/2026 09:59:16 PM
13461A,N,V,04/06/2026 06:30:13 PM
13462A,N,O,04/06/2026 08:56:10 PM
13462B,N,O,04/07/2026 09:06:25 AM
13463A,N,O,04/07/2026 08:56:51 AM
13463B,N,V,04/06/2026 03:35:07 PM
13464A,N,V,04/06/2026 07:25:42 PM
13464B,N,V,04/06/2026 09:21:57 PM
13465B,N,V,04/07/2026 09:06:57 AM
13466A,N,O,04/07/2026 09:06:48 AM
13466B,N,V,04/07/2026 09:06:05 AM
13467A,N,V,04/07/2026 09:06:27 AM
13467B,N,O,04/07/2026 09:06:31 AM
13468B,N,V,04/07/2026 09:03:54 AM
13469A,N,V,04/07/2026 09:04:13 AM
13469B,N,O,04/06/2026 06:44:27 PM
13470A,N,O,04/07/2026 08:59:56 AM
13470B,N,O,04/07/2026 08:59:53 AM
13471A,N,O,04/06/2026 01:31:39 PM
13471B,N,O,04/07/2026 09:01:11 AM
13472A,N,O,04/07/2026 08:58:28 AM
13472B,N,O,04/07/2026 08:57:54 AM
13473A,N,V,04/07/2026 09:02:18 AM
13473B,N,O,04/07/2026 08:56:51 AM
13474A,N,O,04/06/2026 08:01:21 PM
13474B,N,V,04/07/2026 09:01:41 AM
13476A,N,O,04/07/2026 08:58:44 AM
13476B,N,O,04/07/2026 09:02:22 AM
13477A,N,O,04/06/2026 09:50:09 PM
13477B,N,O,04/06/2026 09:49:51 PM
13478A,N,O,11/08/2025 11:10:25 AM
13478B,N,V,04/07/2026 09:06:50 AM
13479A,N,O,04/07/2026 08:55:39 AM
13479B,N,O,04/07/2026 08:55:39 AM
13480A,N,O,04/07/2026 08:59:55 AM
13481A,N,V,04/07/2026 09:06:52 AM
13481B,N,O,04/07/2026 08:58:43 AM
13482A,N,O,04/06/2026 08:35:28 PM
13482B,N,V,04/07/2026 09:04:42 AM
13484A,N,O,04/07/2026 09:03:44 AM
13484B,N,V,04/06/2026 09:56:54 PM
13485B,N,O,04/07/2026 08:59:41 AM
13486A,N,V,04/06/2026 07:38:22 PM
13487A,N,O,04/06/2026 07:00:50 PM
13487B,N,V,04/06/2026 06:40:48 PM
13488A,N,V,04/06/2026 04:07:16 PM
13488B,N,O,04/07/2026 08:56:51 AM
13489B,N,O,04/07/2026 09:06:45 AM
13490A,N,O,04/06/2026 12:45:58 PM
13490B,N,V,04/06/2026 09:50:14 PM
13491B,N,V,04/07/2026 09:06:28 AM
13496A,N,O,04/07/2026 08:58:43 AM
13496B,N,O,04/07/2026 08:58:43 AM
13497A,N,O,04/07/2026 08:57:50 AM
13497B,N,V,04/07/2026 09:04:02 AM
13498A,N,V,04/07/2026 08:58:12 AM
13498B,N,O,04/07/2026 08:56:45 AM
13499A,N,O,04/07/2026 08:55:42 AM
13499B,N,V,04/06/2026 09:58:39 PM
13521A,N,O,04/07/2026 08:58:52 AM
13521B,N,O,04/07/2026 08:58:52 AM
13522A,N,V,04/07/2026 08:59:34 AM
13522B,N,O,04/07/2026 08:57:45 AM
13523B,N,O,04/07/2026 08:56:45 AM
13524A,N,V,04/06/2026 08:35:02 PM
13524B,N,O,04/07/2026 08:55:55 AM
13525B,N,O,04/07/2026 09:00:01 AM
13526A,N,O,04/07/2026 08:58:50 AM
13526B,N,O,04/07/2026 08:58:57 AM
13527A,N,V,04/06/2026 06:14:02 PM
13527B,N,O,04/07/2026 08:57:46 AM
13528B,N,O,04/07/2026 08:56:40 AM
13529A,N,O,04/06/2026 07:41:55 PM
13529B,N,O,04/07/2026 09:01:46 AM
13534B,N,O,04/06/2026 07:30:30 PM
13535A,N,O,04/07/2026 08:59:48 AM
13536A,N,V,04/06/2026 09:22:10 PM
13536B,N,O,04/07/2026 08:58:48 AM
13537B,N,V,04/06/2026 04:12:20 PM
13538A,N,V,04/06/2026 03:31:20 PM
13538B,N,O,04/07/2026 08:56:45 AM
13539B,N,V,04/06/2026 09:53:54 PM
13541B,N,O,04/07/2026 08:58:45 AM
13542B,N,O,04/07/2026 08:57:52 AM
13543A,N,O,04/07/2026 08:56:51 AM
13543B,N,O,04/07/2026 08:56:51 AM
13544A,N,O,04/07/2026 08:55:50 AM
13544B,N,O,04/07/2026 09:06:27 AM
13545A,N,O,04/07/2026 08:59:44 AM
13546A,N,O,04/07/2026 09:01:26 AM
13546B,N,O,04/07/2026 08:58:46 AM
13551A,N,O,04/07/2026 08:58:47 AM
13551B,N,O,04/06/2026 08:06:37 PM
13552A,N,O,04/07/2026 08:57:45 AM
13552B,N,O,04/07/2026 08:57:45 AM
13553A,N,O,04/07/2026 08:56:52 AM
13553B,N,O,04/07/2026 08:56:52 AM
13554A,N,V,04/07/2026 08:58:27 AM
13554B,N,O,04/07/2026 08:55:43 AM
13561A,N,O,04/07/2026 08:58:48 AM
13561B,N,O,04/07/2026 08:59:41 AM
13562A,N,V,04/07/2026 08:59:33 AM
13562B,N,V,04/07/2026 09:06:39 AM
13563A,N,O,04/06/2026 09:58:17 PM
13563B,N,O,04/07/2026 09:06:18 AM
13564A,N,V,04/07/2026 08:56:17 AM
13564B,N,O,04/06/2026 09:57:47 PM
13565A,N,O,04/07/2026 09:06:53 AM
13565B,N,V,04/07/2026 09:05:37 AM
13566A,N,V,04/07/2026 09:06:44 AM
13566B,N,O,04/07/2026 09:02:24 AM
13567A,N,V,04/07/2026 09:03:55 AM
13567B,N,O,04/07/2026 08:57:42 AM
13568A,N,O,04/07/2026 08:56:45 AM
13568B,N,O,04/07/2026 08:56:45 AM
13572B,N,O,04/07/2026 08:57:49 AM
13573B,N,V,04/06/2026 09:10:15 PM
13583A,N,O,04/07/2026 08:56:51 AM
13583B,N,O,04/07/2026 09:06:43 AM
13585A,N,O,04/06/2026 07:42:10 PM
13585B,N,O,04/07/2026 09:06:51 AM
13595A,N,V,04/07/2026 09:05:57 AM
13595B,N,V,04/07/2026 09:04:50 AM
13596A,N,V,04/07/2026 09:06:52 AM
13596B,N,O,12/13/2025 07:40:13 AM
13602A,N,O,04/07/2026 08:58:03 AM
13603A,N,V,04/06/2026 09:58:00 PM
13603B,N,V,04/06/2026 09:50:30 PM
13604A,N,O,04/06/2026 09:30:14 AM
13604B,N,O,04/06/2026 01:56:36 PM
13610B,N,O,04/07/2026 08:59:45 AM
13611A,N,V,04/06/2026 06:16:32 PM
13611B,N,V,04/06/2026 06:11:29 PM
13612A,N,V,04/06/2026 08:32:56 PM
13612B,N,V,04/06/2026 08:30:38 PM
13613A,N,V,04/07/2026 09:02:27 AM
13613B,N,O,04/07/2026 08:56:44 AM
13617A,N,V,04/06/2026 09:30:38 PM
13617B,N,O,04/07/2026 08:57:49 AM
13618A,N,O,04/07/2026 08:57:00 AM
13618B,N,O,04/07/2026 09:03:49 AM
13619B,N,O,04/07/2026 08:55:46 AM
13620B,N,O,04/07/2026 08:59:54 AM
13624A,N,O,04/07/2026 09:06:49 AM
13624B,N,V,04/07/2026 08:57:51 AM
13628B,N,V,04/07/2026 09:01:41 AM
13635A,N,V,04/07/2026 09:05:27 AM
13635B,N,V,04/06/2026 08:35:41 PM
13636A,N,O,04/07/2026 08:59:50 AM
13636B,N,O,04/06/2026 06:19:10 PM
13646A,N,V,04/07/2026 09:02:35 AM
13646B,N,O,04/07/2026 08:58:49 AM
13647A,N,V,04/06/2026 08:15:21 PM
13647B,N,V,04/07/2026 09:02:44 AM
13648A,N,V,04/06/2026 09:22:04 PM
13648B,N,V,04/06/2026 06:42:53 PM
13649A,N,V,04/07/2026 09:03:19 AM
13649B,N,V,04/07/2026 09:02:01 AM
13650A,N,V,04/06/2026 08:08:06 PM
13650B,N,O,04/07/2026 09:06:53 AM
13651B,N,V,04/07/2026 09:05:03 AM
13652A,N,V,04/06/2026 09:17:02 PM
13652B,N,V,04/06/2026 09:18:39 PM
13654A,N,V,04/06/2026 07:33:26 PM
13654B,N,V,04/06/2026 07:37:20 PM
13655A,N,O,04/07/2026 09:06:50 AM
13655B,N,V,04/07/2026 09:04:30 AM
13656A,N,V,04/06/2026 07:51:38 PM
13656B,N,V,04/06/2026 07:58:58 PM
13658A,N,V,04/06/2026 07:37:42 PM
13658B,N,O,04/07/2026 09:06:08 AM
13659A,N,V,04/07/2026 08:57:53 AM
13659B,N,V,04/06/2026 07:21:30 PM
13660B,N,V,04/06/2026 07:24:48 PM
13661A,N,V,04/06/2026 07:22:26 PM
13662B,N,V,04/06/2026 09:27:46 PM
13663A,N,O,04/07/2026 09:06:41 AM
13663B,N,V,04/06/2026 09:31:52 PM
13672A,N,V,04/06/2026 05:39:52 PM
13672B,N,O,04/06/2026 05:39:02 PM
13673A,N,V,04/06/2026 04:52:44 PM
13673B,N,V,04/06/2026 07:19:48 PM
13674A,N,V,04/06/2026 07:20:17 PM
13674B,N,V,04/06/2026 09:50:43 PM
13675A,N,V,04/06/2026 07:42:05 PM
13675B,N,O,04/06/2026 05:02:29 PM
13676A,N,O,04/07/2026 08:58:44 AM
13676B,N,O,04/07/2026 08:58:44 AM
13677A,N,O,04/07/2026 08:57:52 AM
13678A,N,V,04/07/2026 08:57:00 AM
13678B,N,V,04/06/2026 09:58:48 PM
13679B,N,V,04/07/2026 08:56:32 AM
13682A,N,V,04/06/2026 09:49:31 PM
13682B,N,O,04/07/2026 08:57:51 AM
13683A,N,O,04/07/2026 08:56:53 AM
13683B,N,O,04/06/2026 04:56:55 PM
13684A,N,V,04/06/2026 08:06:47 PM
13684B,N,O,04/07/2026 09:06:07 AM
13695A,N,V,04/07/2026 09:03:26 AM
13695B,N,V,04/06/2026 09:50:41 PM
13696A,N,O,04/07/2026 09:05:58 AM
13696B,N,V,04/06/2026 09:33:49 PM
13697A,N,V,04/07/2026 08:59:59 AM
13697B,N,V,04/06/2026 09:33:07 PM
13698A,N,O,04/07/2026 08:56:49 AM
13698B,N,O,04/07/2026 08:56:45 AM
13700A,N,O,04/07/2026 09:04:26 AM
13700B,N,O,04/07/2026 08:59:51 AM
13704B,N,O,04/06/2026 08:55:49 AM
13705A,N,O,04/07/2026 08:59:41 AM
13705B,N,O,04/07/2026 08:59:41 AM
13706A,N,O,04/07/2026 08:58:46 AM
13706B,N,O,04/07/2026 08:58:46 AM
13711A,N,O,04/07/2026 09:05:42 AM
13711B,N,V,04/06/2026 08:12:01 PM
13712A,N,O,04/07/2026 08:57:42 AM
13712B,N,V,04/06/2026 09:44:46 PM
13713A,N,O,04/07/2026 08:56:49 AM
13713B,N,O,04/07/2026 09:02:53 AM
13714A,N,O,04/07/2026 08:55:43 AM
13714B,N,O,04/07/2026 08:55:43 AM
13881A,N,O,04/06/2026 09:56:58 PM
13881B,N,O,04/06/2026 03:37:32 PM
13882A,N,V,04/06/2026 09:56:53 PM
13882B,N,O,04/06/2026 09:59:54 PM
13883A,N,V,04/06/2026 09:28:47 PM
13883B,N,O,04/06/2026 08:44:07 PM
13884A,N,O,04/06/2026 08:31:09 PM
13884B,N,V,04/06/2026 09:59:35 PM
13885A,N,V,04/06/2026 09:56:39 PM
13885B,N,O,04/06/2026 09:44:47 PM
13886A,N,O,04/06/2026 12:37:38 PM
13886B,N,O,04/06/2026 09:58:55 AM
13887A,N,O,04/07/2026 08:57:49 AM
13887B,N,O,04/07/2026 08:57:53 AM
13888A,N,O,04/07/2026 08:56:40 AM
13888B,N,O,04/07/2026 08:56:40 AM
13889A,N,V,04/06/2026 09:36:13 PM
13889B,N,V,04/06/2026 09:51:29 PM
13893A,N,O,04/06/2026 09:30:41 PM
13893B,N,O,04/06/2026 09:59:54 PM
13896A,N,O,04/07/2026 08:58:44 AM
13896B,N,O,04/07/2026 08:59:23 AM
13901A,N,O,04/07/2026 08:58:49 AM
13902A,N,O,04/07/2026 08:57:44 AM
13902B,N,V,04/06/2026 09:58:40 PM
13903A,N,O,04/06/2026 09:20:54 PM
13904A,N,O,04/06/2026 09:41:42 PM
13904B,N,O,04/07/2026 08:55:49 AM
13905A,N,O,04/07/2026 09:06:45 AM
13905B,N,O,04/07/2026 08:59:47 AM
13906A,N,O,04/06/2026 07:36:30 PM
13907A,N,O,04/06/2026 07:19:13 PM
13907B,N,O,04/06/2026 09:16:14 PM
13908A,N,O,04/06/2026 05:43:39 PM
13908B,N,O,04/07/2026 08:56:56 AM
13909A,N,V,04/07/2026 09:05:01 AM
13909B,N,O,04/07/2026 08:55:49 AM
13910A,N,O,04/07/2026 08:59:42 AM
13910B,N,O,04/06/2026 09:58:17 PM
13911A,N,V,04/07/2026 09:03:51 AM
13911B,N,V,04/07/2026 09:05:20 AM
13912A,N,O,04/07/2026 08:57:46 AM
13912B,N,V,04/07/2026 09:02:29 AM
13913A,N,O,04/06/2026 05:53:29 PM
13913B,N,O,04/06/2026 09:24:33 PM
13914A,N,O,04/06/2026 09:43:48 PM
13914B,N,O,04/07/2026 08:55:44 AM
13915B,N,O,04/07/2026 08:59:49 AM
13916A,NU,O,04/06/2026 09:36:42 PM
13916B,NU,O,04/06/2026 09:49:31 PM
13917A,N,O,04/07/2026 09:02:17 AM
13917B,N,O,04/06/2026 09:14:47 PM
13918A,N,O,04/07/2026 08:56:46 AM
13918B,N,O,04/07/2026 08:56:42 AM
13919A,N,O,04/07/2026 08:55:43 AM
13920A,NU,O,04/07/2026 08:59:48 AM
13920B,NU,O,04/07/2026 08:59:48 AM
13921A,NU,O,04/06/2026 02:43:58 PM
13921B,NU,O,04/06/2026 09:58:52 AM
13922A,NU,O,04/06/2026 09:57:44 AM
13922B,NU,O,04/05/2026 09:57:44 AM
13923A,N,O,04/07/2026 08:56:46 AM
13923B,N,O,04/07/2026 08:56:50 AM
13924A,N,O,04/07/2026 08:55:46 AM
13924B,N,O,04/07/2026 08:55:46 AM
13925A,N,O,04/07/2026 08:59:50 AM
13925B,N,O,04/07/2026 08:59:50 AM
13926A,N,O,04/07/2026 08:58:52 AM
13926B,N,O,04/07/2026 08:58:52 AM
13927A,N,O,04/07/2026 08:57:47 AM
13927B,N,O,04/07/2026 08:57:47 AM
13928A,N,O,04/07/2026 08:56:55 AM
13928B,N,O,04/07/2026 08:56:55 AM
13929A,N,O,04/07/2026 08:55:47 AM
13931A,N,O,04/07/2026 08:58:50 AM
13931B,N,O,04/07/2026 08:58:50 AM
13932A,N,O,04/07/2026 08:57:49 AM
13932B,N,O,04/07/2026 08:57:49 AM
13933A,N,O,04/07/2026 08:56:54 AM
13933B,N,O,04/07/2026 08:56:54 AM
13934A,N,O,04/07/2026 08:55:46 AM
13934B,N,O,04/07/2026 08:55:46 AM
13935A,N,O,04/07/2026 08:59:49 AM
13935B,N,O,04/07/2026 08:59:49 AM
13936A,N,O,04/07/2026 08:58:45 AM
13936B,N,O,04/07/2026 08:58:45 AM
13937A,N,O,04/06/2026 09:12:36 PM
13937B,N,O,04/06/2026 06:11:55 PM
13938A,N,O,04/06/2026 09:56:51 AM
13938B,N,O,04/06/2026 01:47:49 PM
13939A,N,O,04/06/2026 09:55:57 AM
13941A,N,O,04/07/2026 08:58:49 AM
13941B,N,O,04/07/2026 08:58:59 AM
13942A,N,O,04/07/2026 08:57:48 AM
13942B,N,O,04/07/2026 08:57:48 AM
13943A,N,O,04/07/2026 08:56:47 AM
13943B,N,O,04/07/2026 08:56:47 AM
13944A,N,O,04/06/2026 09:55:46 AM
13944B,N,O,04/06/2026 08:09:00 PM
13945B,N,V,04/06/2026 09:53:47 PM
13946A,N,O,04/06/2026 09:28:39 PM
13946B,N,O,04/07/2026 08:58:51 AM
13950A,N,O,04/07/2026 08:59:51 AM
13950B,N,O,04/07/2026 08:59:51 AM
13951A,N,O,04/07/2026 08:58:48 AM
13951B,N,O,04/07/2026 08:58:48 AM
13952A,N,O,04/07/2026 08:57:47 AM
13952B,N,O,04/07/2026 08:57:47 AM
13953A,N,O,04/07/2026 08:56:50 AM
13953B,N,O,04/07/2026 08:57:54 AM
13954A,N,O,04/07/2026 08:55:54 AM
13954B,N,O,04/07/2026 08:55:54 AM
13955A,N,O,04/07/2026 08:59:50 AM
13955B,N,O,04/07/2026 08:59:43 AM
13956A,N,O,04/07/2026 09:06:13 AM
13956B,N,O,04/07/2026 08:58:49 AM
13957A,N,O,04/07/2026 08:57:50 AM
13957B,N,O,04/07/2026 08:57:50 AM
13958A,N,O,04/07/2026 08:56:47 AM
13958B,N,O,04/07/2026 08:56:54 AM
13960A,N,V,04/07/2026 09:00:14 AM
13960B,N,O,04/07/2026 08:59:54 AM
13961A,N,O,04/07/2026 08:58:52 AM
13961B,N,O,04/07/2026 08:58:52 AM
13962A,N,O,04/07/2026 08:57:57 AM
13962B,N,O,04/07/2026 08:57:53 AM
13963A,N,O,04/07/2026 08:58:59 AM
13963B,N,O,04/07/2026 08:56:57 AM
13964A,N,O,04/07/2026 08:55:48 AM
13964B,N,O,04/06/2026 11:47:44 AM
13965A,N,O,04/07/2026 08:59:53 AM
13A,NU,V,02/25/2026 11:46:20 PM
13B,NU,O,02/25/2026 11:59:12 PM
14002A,N,V,04/06/2026 06:29:26 PM
14003A,N,V,04/07/2026 08:52:27 AM
14003B,N,V,04/06/2026 06:26:47 PM
14004A,N,V,04/07/2026 07:11:28 AM
14004B,N,V,04/07/2026 08:52:24 AM
14005A,N,V,04/07/2026 07:10:23 AM
14005B,NU,V,04/07/2026 07:12:22 AM
14006A,N,V,04/06/2026 07:43:35 PM
14006B,N,V,04/06/2026 06:12:45 PM
14007B,N,V,04/07/2026 07:09:43 AM
14011A,N,V,04/07/2026 08:18:12 AM
14011B,N,V,04/07/2026 08:10:22 AM
14012A,N,O,04/07/2026 06:57:53 AM
14012B,N,O,04/07/2026 06:57:46 AM
14013A,N,V,04/07/2026 08:57:06 AM
14013B,N,V,04/07/2026 08:29:55 AM
14014A,N,O,04/07/2026 06:55:43 AM
14014B,N,O,04/06/2026 07:58:58 PM
14015A,N,O,04/07/2026 09:06:13 AM
14015B,NU,O,04/07/2026 06:59:48 AM
14016A,N,O,04/07/2026 06:58:46 AM
14016B,N,O,04/07/2026 06:58:46 AM
14017A,N,V,04/07/2026 08:44:52 AM
14017B,N,V,04/07/2026 08:26:34 AM
14018A,N,V,04/07/2026 07:19:04 AM
14018B,N,V,04/07/2026 07:19:00 AM
14019A,N,O,04/07/2026 06:55:37 AM
14019B,N,V,04/07/2026 08:12:33 AM
14020A,N,O,04/07/2026 06:59:52 AM
14020B,NU,V,04/07/2026 08:48:25 AM
1443A,N,O,04/06/2026 06:23:46 PM
1443B,N,O,04/06/2026 10:26:48 AM
1444A,N,V,04/06/2026 09:59:04 PM
1444B,N,O,04/06/2026 09:55:10 PM
1445A,N,O,04/06/2026 09:54:26 PM
1445B,N,V,04/06/2026 09:43:50 PM
1446A,N,V,04/06/2026 09:14:14 PM
1447A,N,O,04/07/2026 09:03:47 AM
1447B,N,O,04/06/2026 08:01:05 PM
1448A,N,O,04/07/2026 08:56:49 AM
1448B,N,O,04/07/2026 09:02:12 AM
1449A,N,O,04/07/2026 08:55:48 AM
1449B,N,O,04/07/2026 08:55:48 AM
1450A,N,O,04/07/2026 08:59:52 AM
1450B,N,O,04/07/2026 08:59:52 AM
1451A,N,V,04/06/2026 09:59:29 PM
1451B,N,O,04/07/2026 09:06:08 AM
1452A,N,O,04/07/2026 08:57:43 AM
1452B,N,O,04/07/2026 08:57:47 AM
1453A,N,O,04/07/2026 08:57:07 AM
1453B,N,V,04/07/2026 09:04:46 AM
1454A,N,O,04/07/2026 09:06:34 AM
1454B,N,V,04/07/2026 09:06:56 AM
1455A,N,O,04/07/2026 08:59:41 AM
1455B,N,O,04/07/2026 08:59:41 AM
1456A,N,O,04/07/2026 08:58:42 AM
1456B,N,O,04/07/2026 08:58:42 AM
1457B,N,O,04/07/2026 08:57:45 AM
1458A,N,O,04/07/2026 08:56:45 AM
1458B,N,O,04/07/2026 08:56:45 AM
1459A,N,O,04/07/2026 08:55:48 AM
1459B,N,O,04/07/2026 08:55:48 AM
1460A,N,O,04/07/2026 08:59:58 AM
1460B,N,O,04/07/2026 08:59:58 AM
1461A,N,O,04/07/2026 08:58:45 AM
1461B,N,O,04/07/2026 08:58:45 AM
1464A,N,O,04/07/2026 08:55:48 AM
1465A,N,O,04/07/2026 08:59:49 AM
1465B,N,O,04/07/2026 08:59:49 AM
1466A,N,O,04/07/2026 08:58:47 AM
1466B,N,O,04/06/2026 08:58:48 AM
1467A,N,O,04/07/2026 08:57:45 AM
1467B,N,O,04/07/2026 08:57:45 AM
1479A,N,O,04/07/2026 08:55:44 AM
1479B,N,O,04/07/2026 08:55:44 AM
1480A,N,O,04/07/2026 08:59:44 AM
1480B,N,O,04/07/2026 08:59:44 AM
149A,N,V,04/07/2026 09:05:51 AM
149B,N,V,04/06/2026 05:04:05 PM
14A,NU,V,04/06/2026 09:57:11 PM
14B,NU,O,04/07/2026 08:55:55 AM
150A,N,V,04/07/2026 09:05:29 AM
150B,N,V,04/07/2026 08:09:05 AM
1515A,N,V,04/06/2026 08:44:37 PM
1515B,N,V,04/06/2026 09:59:44 PM
1516A,N,O,04/06/2026 09:59:49 PM
1516B,N,O,04/07/2026 08:59:22 AM
1517A,N,V,04/06/2026 09:56:32 PM
1517B,N,O,04/06/2026 09:59:10 PM
1518A,N,V,04/06/2026 08:19:54 PM
1518B,N,O,04/06/2026 09:58:53 PM
1519A,N,O,01/22/2026 12:31:26 PM
151A,N,O,04/07/2026 08:46:15 AM
151B,N,V,04/07/2026 08:17:52 AM
1520A,N,V,04/06/2026 07:54:43 PM
1521A,N,V,04/06/2026 06:31:12 PM
1521B,N,V,04/06/2026 06:31:20 PM
1522B,N,V,04/06/2026 05:56:19 PM
1523A,N,V,04/06/2026 06:18:16 PM
1523B,N,V,04/06/2026 06:19:50 PM
1524A,N,V,04/06/2026 07:02:11 PM
1524B,N,V,04/06/2026 07:02:20 PM
1525A,N,V,04/06/2026 08:00:09 PM
1525B,N,V,04/06/2026 09:59:00 PM
1526A,N,V,04/06/2026 05:23:23 PM
1526B,N,V,04/06/2026 09:57:33 PM
152A,N,O,04/07/2026 06:57:46 AM
152B,N,V,04/06/2026 09:03:56 AM
153A,N,V,04/07/2026 07:50:15 AM
153B,N,V,04/06/2026 04:21:02 PM
154A,N,O,12/27/2025 11:51:56 AM
154B,N,O,12/27/2025 06:55:48 AM
1553A,N,O,04/06/2026 08:24:03 PM
1553B,N,O,04/06/2026 03:08:19 PM
1554A,N,O,04/06/2026 08:31:18 PM
1554B,N,O,04/06/2026 09:39:49 PM
1555A,N,O,04/06/2026 05:35:12 PM
1555B,N,O,04/06/2026 09:11:49 PM
1556A,N,O,04/06/2026 09:58:45 AM
1558A,N,O,04/06/2026 07:05:49 PM
1558B,N,O,04/07/2026 08:56:46 AM
155A,N,O,04/07/2026 08:30:47 AM
155B,N,O,04/07/2026 08:42:32 AM
1560A,N,O,04/07/2026 08:59:43 AM
1560B,N,O,04/07/2026 08:59:43 AM
1569B,N,O,04/06/2026 05:34:18 PM
156A,N,O,04/07/2026 06:58:51 AM
1570A,N,O,04/07/2026 09:06:24 AM
1570B,N,O,04/07/2026 08:59:45 AM
157B,N,O,04/07/2026 06:57:48 AM
158A,N,O,04/07/2026 06:56:47 AM
158B,N,V,04/07/2026 08:14:57 AM
1597A,N,O,04/06/2026 05:29:23 PM
1597B,N,O,04/06/2026 10:28:03 AM
1598A,N,O,04/07/2026 08:56:52 AM
1599A,N,O,04/07/2026 08:55:44 AM
1599B,N,O,04/07/2026 08:55:47 AM
159A,N,V,04/07/2026 08:54:18 AM
159B,N,O,04/07/2026 06:55:46 AM
15A,NU,O,04/07/2026 08:59:49 AM
1600A,N,O,04/07/2026 08:59:48 AM
1600B,N,O,04/07/2026 08:59:48 AM
1601A,N,O,04/06/2026 09:59:54 PM
1601B,N,O,04/06/2026 07:21:12 PM
1604A,N,O,04/06/2026 09:20:49 PM
1604B,N,O,04/07/2026 08:55:47 AM
1605A,N,O,04/06/2026 06:24:20 PM
1605B,N,O,04/07/2026 08:59:43 AM
1606A,N,V,04/06/2026 09:48:29 PM
1606B,N,O,04/07/2026 08:58:54 AM
1607A,N,V,04/06/2026 09:03:28 PM
1607B,N,O,04/07/2026 08:57:46 AM
1608A,N,O,04/06/2026 09:56:18 PM
1608B,N,O,04/06/2026 08:06:14 PM
1609A,N,V,04/06/2026 08:47:14 PM
1609B,N,O,04/07/2026 08:55:40 AM
1610A,N,O,04/06/2026 07:59:11 PM
1610B,N,V,04/07/2026 09:06:09 AM
1611A,N,O,04/06/2026 07:31:46 PM
1611B,N,O,04/06/2026 08:51:32 PM
1612A,N,O,04/07/2026 08:57:57 AM
1612B,N,O,04/06/2026 08:30:14 PM
1613A,N,O,04/07/2026 08:56:48 AM
1613B,N,O,04/06/2026 08:56:49 AM
1614A,N,O,04/07/2026 08:55:45 AM
1614B,N,O,04/07/2026 08:55:45 AM
1615A,N,O,04/07/2026 08:59:50 AM
1615B,N,O,04/07/2026 08:59:47 AM
1616A,N,O,04/07/2026 08:58:46 AM
1616B,N,V,04/07/2026 09:06:07 AM
1617A,N,V,04/06/2026 09:52:02 PM
1617B,N,V,04/07/2026 09:06:31 AM
1618A,N,V,04/06/2026 09:58:56 PM
1618B,N,O,04/07/2026 08:56:39 AM
1619A,N,O,04/07/2026 09:06:49 AM
1619B,N,O,04/07/2026 08:55:47 AM
1620A,N,O,04/07/2026 08:59:40 AM
1620B,N,V,04/06/2026 09:57:46 PM
1621A,N,O,04/07/2026 08:58:44 AM
1621B,N,O,04/06/2026 07:30:36 PM
1622A,N,O,04/07/2026 08:57:43 AM
1622B,N,V,04/06/2026 08:38:51 PM
1623A,N,O,04/07/2026 09:05:22 AM
1623B,N,V,04/06/2026 09:11:41 PM
1624A,N,O,04/07/2026 08:56:14 AM
1624B,N,O,04/07/2026 08:55:53 AM
1625A,N,O,04/07/2026 08:59:47 AM
1625B,N,O,04/07/2026 08:59:47 AM
1626A,N,O,04/06/2026 09:55:11 PM
1626B,N,O,04/07/2026 08:58:45 AM
1627A,N,O,04/07/2026 08:57:50 AM
1627B,N,O,04/07/2026 08:57:43 AM
1628A,N,O,04/07/2026 08:56:46 AM
1628B,N,O,04/07/2026 08:56:46 AM
1629A,N,O,04/07/2026 08:55:50 AM
1629B,N,O,04/07/2026 09:05:39 AM
1641A,N,O,04/07/2026 08:58:51 AM
1642A,N,O,04/07/2026 08:57:43 AM
1642B,N,O,04/07/2026 08:58:01 AM
1643A,N,O,04/06/2026 09:22:55 PM
1643B,N,O,04/07/2026 08:56:51 AM
1644A,N,O,04/07/2026 08:55:45 AM
1644B,N,O,04/07/2026 09:04:56 AM
1645A,N,O,04/07/2026 08:59:47 AM
1645B,N,O,04/07/2026 08:59:47 AM
1646A,N,V,04/06/2026 09:53:50 PM
1646B,N,O,04/06/2026 06:26:03 PM
1647A,N,O,04/07/2026 08:58:10 AM
1647B,N,O,04/07/2026 08:57:47 AM
1648A,N,O,04/07/2026 08:56:47 AM
1648B,N,V,01/19/2026 12:33:29 PM
1649A,N,V,04/06/2026 09:59:28 PM
1649B,N,V,04/06/2026 09:33:07 PM
1650A,N,O,04/07/2026 08:59:43 AM
1650B,N,O,04/07/2026 09:02:19 AM
1651A,N,O,04/06/2026 08:37:45 PM
1651B,N,O,04/06/2026 08:11:05 PM
1652A,N,O,04/07/2026 09:06:49 AM
1652B,N,O,04/06/2026 07:43:45 PM
1653A,N,O,04/06/2026 08:36:25 PM
1653B,N,O,04/06/2026 08:41:04 PM
1654A,N,O,04/06/2026 08:06:27 PM
1654B,N,O,04/06/2026 09:38:38 PM
1655A,N,O,04/06/2026 09:08:08 PM
1655B,N,O,04/06/2026 09:54:18 PM
1656A,N,V,04/06/2026 09:18:40 PM
1656B,N,V,04/07/2026 09:03:10 AM
1657A,N,O,04/06/2026 08:01:31 PM
1657B,N,O,04/07/2026 08:57:46 AM
16A,NU,O,04/07/2026 08:58:52 AM
16B,NU,V,04/07/2026 09:01:41 AM
1791A,N,O,04/06/2026 03:54:24 PM
1791B,N,O,04/06/2026 08:04:03 PM
1792A,N,O,04/06/2026 03:36:56 PM
1792B,N,O,04/06/2026 06:37:35 PM
1793A,N,O,04/06/2026 09:26:20 PM
1793B,N,O,04/06/2026 09:28:19 PM
1794A,N,O,04/06/2026 06:46:14 PM
1794B,N,O,04/06/2026 09:27:02 PM
1795A,N,O,04/06/2026 09:58:16 PM
1795B,N,O,04/06/2026 09:16:42 PM
17A,NU,O,04/07/2026 08:58:43 AM
18A,N,O,04/07/2026 08:56:46 AM
18B,N,V,04/06/2026 09:58:28 PM
1900A,N,O,04/07/2026 08:59:43 AM
1900B,N,O,04/07/2026 08:59:43 AM
1901A,N,O,04/07/2026 09:01:31 AM
1901B,N,O,04/07/2026 08:58:44 AM
1908B,N,O,04/07/2026 08:56:45 AM
1909A,N,O,04/07/2026 08:55:43 AM
1910A,N,O,04/07/2026 06:59:43 AM
1911A,N,O,04/07/2026 06:58:46 AM
1911B,N,O,04/07/2026 06:58:46 AM
1912A,N,O,04/06/2026 09:49:03 PM
1912B,N,O,04/07/2026 08:57:49 AM
1913A,N,O,04/07/2026 08:56:50 AM
1913B,N,O,04/07/2026 08:56:47 AM
1914A,N,O,04/06/2026 05:32:13 PM
1914B,N,O,04/07/2026 08:55:42 AM
1915A,N,O,04/06/2026 08:23:26 PM
1915B,N,O,04/06/2026 09:17:27 PM
1916A,N,O,04/06/2026 09:31:02 PM
1916B,N,O,04/06/2026 08:27:00 PM
1917A,N,O,04/06/2026 09:58:04 PM
1917B,N,O,04/06/2026 09:28:32 PM
1918A,N,O,04/06/2026 08:56:45 AM
1918B,N,O,04/07/2026 08:56:45 AM
1919B,N,O,04/07/2026 09:01:47 AM
191A,N,O,04/06/2026 10:28:47 AM
191B,N,O,04/06/2026 06:14:28 PM
1920A,N,O,04/07/2026 09:04:08 AM
1920B,N,O,04/07/2026 08:59:50 AM
1921A,N,O,04/07/2026 08:58:52 AM
1921B,N,O,04/07/2026 08:58:52 AM
1922A,N,O,04/07/2026 08:57:50 AM
1922B,N,O,04/06/2026 09:52:34 PM
1923A,N,O,04/06/2026 03:37:20 PM
1923B,N,O,04/06/2026 09:01:52 PM
1924A,N,O,04/06/2026 04:12:03 PM
1924B,N,O,04/07/2026 08:55:53 AM
192A,N,O,04/06/2026 05:29:12 PM
192B,N,O,04/06/2026 10:27:50 AM
1931B,N,O,04/02/2026 06:58:52 AM
1932A,N,O,04/02/2026 08:39:45 AM
1932B,N,O,04/02/2026 06:57:48 AM
1933A,N,O,04/02/2026 06:56:51 AM
1933B,N,O,04/02/2026 06:57:01 AM
1934A,N,O,04/02/2026 06:55:50 AM
1934B,N,O,04/02/2026 09:32:03 AM
1935A,N,O,04/02/2026 02:07:25 PM
1935B,N,O,04/02/2026 07:00:01 AM
1936A,N,O,04/02/2026 06:58:49 AM
1936B,N,O,04/02/2026 08:33:31 AM
1937A,N,O,04/02/2026 06:57:57 AM
1937B,N,O,04/02/2026 08:15:08 AM
1938A,N,O,04/02/2026 06:56:55 AM
1938B,N,O,04/02/2026 06:56:55 AM
1939A,N,O,04/02/2026 07:27:15 AM
1939B,N,O,04/02/2026 01:55:23 PM
1940A,N,O,04/02/2026 06:59:45 AM
1941A,N,O,04/02/2026 05:11:32 PM
1941B,N,O,04/02/2026 06:58:49 AM
1942A,N,O,04/02/2026 06:57:52 AM
1942B,N,O,04/02/2026 06:46:03 PM
1945B,N,O,04/02/2026 05:13:49 PM
1946A,N,O,04/02/2026 02:43:42 PM
1946B,N,O,04/02/2026 09:46:13 AM
1947A,N,O,04/02/2026 05:47:27 PM
1947B,N,O,04/02/2026 11:53:17 AM
1950B,N,O,04/07/2026 06:59:44 AM
1951A,N,O,04/07/2026 08:58:43 AM
1952A,N,O,01/20/2026 01:18:47 PM
1952B,N,O,01/20/2026 01:17:26 PM
1953A,N,O,04/07/2026 08:56:46 AM
1954A,N,O,04/07/2026 08:55:49 AM
1954B,N,O,04/07/2026 08:56:02 AM
1957A,N,O,04/05/2026 01:38:27 PM
1958A,N,V,04/07/2026 08:49:59 AM
1958B,N,V,04/07/2026 08:42:07 AM
198A,N,V,04/06/2026 08:54:30 PM
198B,N,O,04/07/2026 08:56:46 AM
199B,N,O,04/07/2026 08:55:58 AM
19A,N,O,04/07/2026 08:55:51 AM
19B,N,V,04/07/2026 09:00:27 AM
1A,N,V,04/06/2026 09:41:20 PM
1B,N,V,04/06/2026 09:45:07 PM
20000A,N,V,04/06/2026 08:08:25 PM
20000B,N,O,04/07/2026 09:04:41 AM
20001A,N,O,04/07/2026 08:58:42 AM
20001B,N,V,04/06/2026 08:08:19 PM
20002A,N,V,04/06/2026 09:00:21 PM
20002B,N,O,04/07/2026 08:57:49 AM
20003A,N,O,04/06/2026 09:59:45 PM
20003B,N,O,04/06/2026 09:58:35 PM
20004B,N,V,04/07/2026 09:00:20 AM
20005A,N,V,04/06/2026 09:39:45 PM
20005B,N,O,04/07/2026 08:59:52 AM
20006A,N,V,04/07/2026 09:01:02 AM
20006B,N,O,04/07/2026 08:58:57 AM
20007A,N,O,04/07/2026 08:58:13 AM
20007B,N,O,04/07/2026 08:58:30 AM
20008A,N,O,04/07/2026 08:56:55 AM
20008B,N,O,04/07/2026 08:56:48 AM
20009A,N,O,04/07/2026 08:55:51 AM
20009B,N,O,04/07/2026 08:55:51 AM
20010A,N,V,04/06/2026 06:54:16 PM
20010B,N,O,04/07/2026 08:59:54 AM
20011A,N,O,04/07/2026 08:58:55 AM
20011B,N,O,04/07/2026 08:58:48 AM
20012A,N,V,04/06/2026 09:54:25 PM
20012B,N,V,04/06/2026 09:48:34 PM
20013A,N,O,04/06/2026 12:03:24 PM
20013B,N,O,04/06/2026 06:22:11 PM
20014A,N,O,04/07/2026 08:25:31 AM
20014B,N,O,04/07/2026 07:55:44 AM
20015B,N,V,04/07/2026 08:54:18 AM
20017A,N,O,04/07/2026 08:38:04 AM
20017B,N,O,04/07/2026 07:57:45 AM
20020A,N,O,04/07/2026 08:59:47 AM
20020B,N,O,04/07/2026 08:59:47 AM
20021A,N,O,04/07/2026 08:58:45 AM
20021B,N,O,04/07/2026 08:58:45 AM
20022A,N,O,04/06/2026 05:55:40 PM
20022B,N,V,04/06/2026 09:59:55 PM
20023A,N,O,04/06/2026 08:58:10 PM
20023B,N,O,04/06/2026 03:03:40 PM
20024A,N,O,04/07/2026 08:55:47 AM
20029A,N,O,04/07/2026 08:55:51 AM
20029B,N,O,04/06/2026 06:46:38 PM
2002A,N,O,04/07/2026 08:57:38 AM
2002B,N,O,04/07/2026 08:57:38 AM
20030A,N,O,04/07/2026 08:59:51 AM
20031A,N,O,04/07/2026 08:58:50 AM
20031B,N,O,04/06/2026 06:34:04 PM
20032A,N,O,04/04/2026 09:59:52 PM
20032B,N,V,04/06/2026 01:55:04 PM
20033A,N,V,04/03/2026 09:58:42 PM
20033B,N,V,04/06/2026 06:42:49 PM
20034A,N,V,04/05/2026 09:33:24 PM
20034B,N,O,04/07/2026 08:55:49 AM
20035A,N,O,04/06/2026 06:51:16 PM
20035B,N,O,04/06/2026 07:01:09 PM
20036A,N,V,04/06/2026 09:44:44 PM
20036B,N,V,04/06/2026 09:11:04 PM
20037A,N,V,04/06/2026 02:03:07 PM
20037B,N,O,04/07/2026 08:57:56 AM
20038A,N,V,04/06/2026 12:40:35 PM
20039A,N,V,04/04/2026 09:55:35 PM
20039B,N,V,04/06/2026 07:00:35 PM
2003A,N,O,04/07/2026 08:56:45 AM
2003B,N,O,04/06/2026 06:32:40 PM
20040B,N,V,04/06/2026 09:38:30 AM
20041A,N,V,04/06/2026 05:31:51 PM
20041B,N,V,04/07/2026 09:06:52 AM
20042A,N,V,04/06/2026 09:33:34 AM
20042B,N,O,04/03/2026 08:18:10 PM
20043A,N,V,04/07/2026 09:05:30 AM
20043B,N,V,04/06/2026 06:41:45 PM
20044A,N,V,04/07/2026 09:06:56 AM
20044B,N,O,04/07/2026 08:55:42 AM
20045A,N,O,04/07/2026 09:00:08 AM
20045B,N,O,04/07/2026 08:59:47 AM
20046B,N,V,04/05/2026 06:40:43 PM
20047A,N,V,04/06/2026 08:12:21 PM
20047B,N,V,04/06/2026 04:25:45 PM
20048A,N,V,04/06/2026 09:16:12 AM
20048B,N,V,04/06/2026 02:57:31 PM
20049A,N,O,04/06/2026 09:32:45 PM
20049B,N,V,04/06/2026 02:31:35 PM
2004A,N,O,04/07/2026 08:55:58 AM
20050A,N,V,04/07/2026 09:05:16 AM
20050B,N,O,04/06/2026 04:57:57 PM
20051B,NU,O,04/06/2026 06:00:53 PM
20052A,NU,O,04/06/2026 09:14:47 PM
20052B,NU,V,08/24/2025 11:16:32 AM
20053A,NU,V,04/06/2026 09:45:53 PM
20053B,NU,O,04/06/2026 09:46:27 PM
20054A,N,O,04/07/2026 08:55:53 AM
20054B,N,V,04/07/2026 08:57:28 AM
20055A,N,O,04/07/2026 08:59:50 AM
20055B,N,O,04/07/2026 08:59:57 AM
20056A,N,O,04/06/2026 08:58:55 AM
20056B,N,O,04/07/2026 08:58:52 AM
20057A,N,V,09/09/2025 10:48:07 AM
20057B,N,V,04/07/2026 09:04:12 AM
20058A,N,O,04/07/2026 09:04:08 AM
20058B,N,V,04/07/2026 09:04:04 AM
20059A,N,O,04/07/2026 08:55:49 AM
20059B,N,O,04/07/2026 08:55:56 AM
2005A,N,O,04/07/2026 08:59:42 AM
2005B,N,O,04/06/2026 09:05:44 PM
20060A,N,O,04/07/2026 08:59:52 AM
20060B,N,O,04/07/2026 08:59:52 AM
20061A,N,O,04/07/2026 08:58:55 AM
20061B,N,O,04/06/2026 05:37:54 PM
20062A,N,O,04/07/2026 08:57:49 AM
20062B,N,O,04/07/2026 08:57:49 AM
20063A,N,O,04/07/2026 08:56:51 AM
20063B,N,O,04/07/2026 08:56:51 AM
20064A,N,O,04/07/2026 08:56:05 AM
20064B,N,V,04/07/2026 09:03:07 AM
20065A,N,O,04/07/2026 08:59:53 AM
20065B,N,O,04/07/2026 08:59:46 AM
20066A,N,O,04/07/2026 08:58:42 AM
20066B,N,O,04/06/2026 08:58:45 AM
20067A,N,O,04/07/2026 08:57:51 AM
20067B,N,V,04/06/2026 06:23:56 PM
20068A,N,O,04/07/2026 08:56:47 AM
20068B,N,O,04/06/2026 07:26:25 PM
20069A,N,O,04/07/2026 08:55:50 AM
20069B,N,O,04/07/2026 08:55:50 AM
2006A,N,O,04/07/2026 08:58:53 AM
2006B,N,O,04/06/2026 05:10:49 PM
20070A,N,V,04/07/2026 09:05:28 AM
20070B,N,V,04/06/2026 07:32:25 PM
20071A,N,V,04/06/2026 09:13:30 PM
20071B,N,V,04/06/2026 03:56:52 PM
20072A,N,O,04/06/2026 08:34:03 PM
20072B,N,O,04/07/2026 09:06:00 AM
20073A,N,O,04/07/2026 08:57:08 AM
20073B,N,O,04/06/2026 09:49:27 PM
20074A,N,O,04/07/2026 08:55:42 AM
20074B,N,O,04/03/2026 03:19:21 PM
20075A,N,V,04/07/2026 09:02:35 AM
20076A,N,O,04/06/2026 07:48:09 PM
20076B,N,O,04/07/2026 08:58:48 AM
20077B,N,O,04/06/2026 09:35:49 PM
20078A,N,O,04/07/2026 08:56:53 AM
20078B,N,O,04/06/2026 05:32:50 PM
20079A,N,O,04/07/2026 08:55:46 AM
20079B,N,V,04/07/2026 09:05:28 AM
20080A,N,O,04/06/2026 02:55:34 PM
20080B,N,O,04/06/2026 09:32:44 PM
20081A,N,O,04/07/2026 08:58:46 AM
20081B,N,O,04/07/2026 08:58:46 AM
20082A,N,O,04/07/2026 08:57:48 AM
20082B,N,V,04/06/2026 09:52:45 PM
20087A,N,V,04/06/2026 09:35:23 PM
20087B,N,O,04/06/2026 09:40:37 PM
20088A,N,O,04/06/2026 07:33:13 PM
20088B,N,O,04/06/2026 09:01:26 PM
20089A,N,O,04/06/2026 09:50:14 PM
20090A,N,O,04/06/2026 08:15:15 PM
20090B,N,O,04/06/2026 09:55:55 PM
20091A,N,O,04/06/2026 09:59:48 PM
20091B,N,O,04/06/2026 09:41:06 PM
20092A,N,O,04/06/2026 09:35:31 PM
20092B,N,O,04/06/2026 09:27:35 PM
20093A,N,O,04/06/2026 07:58:24 PM
20093B,N,O,04/06/2026 10:26:48 AM
20094A,N,O,04/06/2026 07:30:44 PM
20095A,N,V,04/06/2026 08:14:41 PM
20095B,N,O,04/06/2026 09:30:08 PM
20097A,N,O,04/06/2026 01:28:30 PM
20097B,N,O,04/06/2026 09:25:40 PM
20098A,N,O,04/06/2026 10:00:03 PM
20098B,N,O,04/06/2026 10:00:03 PM
20099A,N,O,04/06/2026 07:41:56 PM
20099B,N,O,04/06/2026 05:42:02 PM
200A,N,O,04/07/2026 09:02:14 AM
200B,NU,O,04/07/2026 08:59:50 AM
20100A,N,O,04/06/2026 09:25:21 PM
20100B,N,O,04/06/2026 08:01:06 PM
20101A,N,O,04/06/2026 07:10:18 PM
20101B,N,O,04/06/2026 09:54:11 PM
20102A,N,O,04/06/2026 09:05:35 PM
20102B,N,O,04/06/2026 09:22:38 PM
20103A,N,O,04/06/2026 10:00:02 PM
20104A,N,O,04/06/2026 09:18:58 PM
20104B,N,O,04/06/2026 09:27:49 PM
20105A,N,O,04/06/2026 09:45:55 PM
20105B,N,O,04/06/2026 08:13:28 PM
20109A,N,O,04/07/2026 08:55:43 AM
20109B,N,O,04/07/2026 08:55:43 AM
2010A,N,O,04/07/2026 08:59:43 AM
2010B,N,O,04/07/2026 09:00:34 AM
20110A,N,O,04/07/2026 09:00:04 AM
20110B,N,O,04/07/2026 08:59:43 AM
20111A,N,O,04/06/2026 08:15:38 PM
20111B,N,O,04/06/2026 09:51:39 PM
20112A,N,V,04/06/2026 09:53:48 PM
20112B,N,O,04/06/2026 08:54:22 PM
20115A,N,O,04/07/2026 08:59:46 AM
20115B,N,O,04/07/2026 08:59:54 AM
20116A,N,O,04/06/2026 08:54:28 PM
20116B,N,O,04/07/2026 08:58:53 AM
20117A,N,O,04/07/2026 08:57:42 AM
20117B,N,O,04/07/2026 08:57:42 AM
20118A,N,O,04/07/2026 08:56:46 AM
20118B,N,O,04/07/2026 08:56:46 AM
2013B,N,O,04/07/2026 08:58:59 AM
20141A,N,O,04/07/2026 08:58:52 AM
20141B,N,O,04/07/2026 08:58:52 AM
20142A,N,O,04/07/2026 08:57:54 AM
20142B,N,O,04/07/2026 08:57:46 AM
20143A,N,V,04/07/2026 09:06:47 AM
20143B,N,O,04/07/2026 08:56:45 AM
20144A,N,O,04/07/2026 08:55:54 AM
20144B,N,O,04/07/2026 09:05:14 AM
20145A,N,O,04/07/2026 08:59:49 AM
20145B,N,O,04/07/2026 08:59:56 AM
20146A,N,O,04/07/2026 08:59:01 AM
20146B,N,O,04/07/2026 08:58:52 AM
20147A,N,O,04/07/2026 08:57:53 AM
20147B,N,O,04/07/2026 08:57:49 AM
20148A,N,O,04/07/2026 08:56:50 AM
20148B,N,O,04/07/2026 08:56:50 AM
20149A,N,O,04/07/2026 08:56:03 AM
20149B,N,O,04/07/2026 08:56:03 AM
2014A,N,O,04/06/2026 09:20:52 PM
2014B,N,O,04/06/2026 06:07:17 PM
20150A,N,O,04/07/2026 08:59:48 AM
20150B,N,O,04/07/2026 08:59:52 AM
20154B,N,O,04/07/2026 08:56:08 AM
20155A,N,O,04/07/2026 08:59:54 AM
20155B,N,O,04/07/2026 08:59:51 AM
20158B,N,O,04/07/2026 08:56:39 AM
20159A,N,O,04/07/2026 09:01:33 AM
20159B,N,O,04/07/2026 08:55:47 AM
2015A,N,O,04/06/2026 06:45:58 PM
2015B,N,V,04/06/2026 09:55:32 PM
20160A,N,O,04/07/2026 08:59:48 AM
20160B,N,O,04/07/2026 08:59:56 AM
20161A,N,O,04/07/2026 08:59:12 AM
20161B,N,O,04/07/2026 08:58:50 AM
20168A,N,O,04/07/2026 08:56:51 AM
20168B,N,O,04/07/2026 08:56:44 AM
20170A,N,O,04/07/2026 08:59:57 AM
20170B,N,O,04/07/2026 08:59:54 AM
20171A,N,O,04/07/2026 08:58:51 AM
20171B,N,O,04/07/2026 08:58:51 AM
20177A,N,O,04/07/2026 08:57:50 AM
20177B,N,O,04/07/2026 08:57:57 AM
20178A,N,V,04/07/2026 09:02:23 AM
20178B,N,O,04/07/2026 08:56:49 AM
20179A,N,O,04/07/2026 08:55:48 AM
20179B,N,O,04/07/2026 08:55:55 AM
20180A,N,O,04/06/2026 09:40:19 PM
20183B,N,O,04/07/2026 09:06:56 AM
20184A,N,O,04/07/2026 08:55:45 AM
20184B,N,O,04/07/2026 08:59:53 AM
20186A,N,O,04/07/2026 09:03:01 AM
20186B,N,O,04/07/2026 09:03:01 AM
20187A,N,O,04/07/2026 08:57:48 AM
20187B,N,O,04/07/2026 08:57:48 AM
20190A,N,V,04/06/2026 09:59:53 PM
20190B,N,O,04/06/2026 09:59:03 PM
20191A,N,V,04/06/2026 09:44:52 PM
20191B,N,O,04/06/2026 08:35:41 PM
20192A,N,O,04/07/2026 08:57:55 AM
20192B,N,O,04/07/2026 08:58:03 AM
20193A,N,O,04/07/2026 08:56:45 AM
20193B,N,O,04/07/2026 08:56:45 AM
20194A,N,O,04/07/2026 08:55:47 AM
20194B,N,O,04/07/2026 08:55:47 AM
20195A,N,O,04/07/2026 08:59:44 AM
20195B,N,O,04/06/2026 06:11:43 PM
20196A,N,O,04/07/2026 07:58:55 AM
20196B,N,O,04/07/2026 07:58:59 AM
20197A,N,O,04/06/2026 11:03:50 AM
20197B,N,O,04/07/2026 08:26:13 AM
201B,N,O,04/07/2026 08:58:53 AM
20202B,N,O,04/07/2026 07:58:01 AM
20204A,N,O,04/07/2026 08:56:01 AM
20204B,N,O,04/07/2026 08:55:48 AM
20205A,N,O,04/07/2026 09:05:59 AM
20205B,N,O,04/06/2026 10:56:08 AM
20206A,N,O,04/07/2026 08:58:55 AM
20206B,N,O,04/07/2026 08:58:51 AM
20208A,N,O,04/07/2026 08:56:41 AM
20208B,N,O,04/07/2026 08:56:41 AM
20209A,NU,O,12/05/2025 06:55:56 AM
20209B,NU,O,12/05/2025 08:47:44 AM
20210A,N,O,04/07/2026 08:59:48 AM
20210B,N,O,04/07/2026 08:59:44 AM
20211A,N,O,04/07/2026 08:58:45 AM
20211B,N,O,04/07/2026 08:58:45 AM
20212A,N,O,04/07/2026 08:57:52 AM
20212B,N,O,04/07/2026 08:57:52 AM
20213A,N,O,04/07/2026 08:56:50 AM
20213B,N,O,04/07/2026 08:56:50 AM
20214A,N,O,04/07/2026 08:55:54 AM
20214B,N,O,04/07/2026 08:55:46 AM
20248A,N,O,04/07/2026 08:56:43 AM
20248B,N,O,04/07/2026 08:56:43 AM
20249A,N,O,04/07/2026 08:55:45 AM
20249B,N,O,04/07/2026 08:55:45 AM
20250A,N,O,04/07/2026 08:59:54 AM
20250B,N,O,04/07/2026 08:59:50 AM
20251A,N,O,04/07/2026 08:58:51 AM
20251B,N,O,04/07/2026 08:58:51 AM
20252A,N,O,04/07/2026 08:57:51 AM
20252B,N,O,04/07/2026 08:57:51 AM
20253A,N,O,04/07/2026 08:56:49 AM
20253B,N,O,04/07/2026 08:56:49 AM
20254A,N,O,04/07/2026 08:55:52 AM
20254B,N,O,04/07/2026 08:55:52 AM
20255A,N,O,04/07/2026 08:59:48 AM
20255B,N,O,04/07/2026 08:59:48 AM
20256A,N,O,04/07/2026 08:58:45 AM
20256B,N,V,04/07/2026 09:06:57 AM
20257A,N,O,04/07/2026 08:57:56 AM
20257B,N,O,04/07/2026 08:57:53 AM
20258A,N,O,04/07/2026 08:56:51 AM
20258B,N,O,04/07/2026 08:56:51 AM
20259B,N,O,04/07/2026 08:55:49 AM
2025A,N,O,04/06/2026 10:29:46 AM
2025B,N,V,04/06/2026 09:51:11 PM
20260A,N,O,04/06/2026 06:18:08 PM
20260B,N,V,04/06/2026 09:59:55 PM
20261A,N,V,04/06/2026 09:52:23 PM
20261B,N,V,04/06/2026 09:50:53 PM
20262A,N,V,04/06/2026 09:53:50 PM
20262B,N,O,04/06/2026 08:45:07 PM
20263A,N,O,04/06/2026 09:14:04 PM
20263B,N,V,04/06/2026 09:34:41 PM
20264A,N,O,04/06/2026 09:50:24 PM
20264B,N,V,04/06/2026 09:50:56 PM
20265A,N,O,04/06/2026 09:25:54 PM
20265B,N,O,04/06/2026 10:00:02 PM
20266A,N,V,04/06/2026 09:29:38 PM
20266B,N,O,04/06/2026 09:03:16 PM
20267A,N,O,04/06/2026 10:27:49 AM
20267B,N,O,04/06/2026 04:37:36 PM
20268A,N,V,04/06/2026 09:55:57 PM
20268B,N,V,04/06/2026 09:45:13 PM
20269A,N,V,04/06/2026 09:21:19 PM
20269B,N,V,04/06/2026 09:55:08 PM
20271B,N,O,04/07/2026 08:58:52 AM
20272A,N,O,04/07/2026 08:58:04 AM
20272B,N,O,04/07/2026 08:57:52 AM
20273A,N,O,04/07/2026 08:56:43 AM
20273B,N,O,04/07/2026 08:56:43 AM
20274A,N,O,04/07/2026 08:55:52 AM
20274B,N,O,04/07/2026 08:55:48 AM
20275A,N,O,04/07/2026 08:59:55 AM
20275B,N,O,04/07/2026 09:00:25 AM
20276A,N,O,04/07/2026 08:58:40 AM
20276B,N,O,04/07/2026 08:58:40 AM
20277A,N,O,04/07/2026 08:57:44 AM
20277B,N,O,04/07/2026 08:57:44 AM
20278A,N,O,04/07/2026 08:56:51 AM
20278B,N,O,04/07/2026 08:56:51 AM
20279A,N,O,04/07/2026 08:55:54 AM
20279B,N,O,04/07/2026 08:55:50 AM
2027A,N,V,04/06/2026 09:33:34 PM
2027B,N,O,04/07/2026 08:57:41 AM
20280A,N,O,04/07/2026 08:59:52 AM
20280B,N,O,04/07/2026 08:59:52 AM
20281A,N,O,04/07/2026 08:58:42 AM
20281B,N,O,04/07/2026 08:58:42 AM
20282A,N,O,04/07/2026 08:57:46 AM
20282B,N,O,04/07/2026 08:57:46 AM
20283A,N,O,04/07/2026 08:56:50 AM
20283B,N,O,04/07/2026 08:56:50 AM
20284A,N,O,04/07/2026 08:56:38 AM
20284B,N,O,04/07/2026 08:55:49 AM
20285A,N,O,04/07/2026 08:59:54 AM
20285B,N,O,04/07/2026 09:00:14 AM
20286A,N,O,04/07/2026 08:58:44 AM
20286B,N,O,04/07/2026 08:58:48 AM
20287A,N,O,04/07/2026 08:58:15 AM
20287B,N,O,04/07/2026 08:58:15 AM
20288A,N,O,04/07/2026 08:56:45 AM
20288B,N,O,04/07/2026 08:56:45 AM
2028A,N,O,04/07/2026 08:56:40 AM
2028B,N,O,04/06/2026 08:13:58 PM
20290A,N,O,04/07/2026 08:59:44 AM
20290B,N,V,04/07/2026 09:04:47 AM
20291A,N,O,04/07/2026 08:58:58 AM
20291B,N,O,04/07/2026 08:58:54 AM
20292A,N,O,04/07/2026 08:57:50 AM
20292B,N,O,04/07/2026 08:57:50 AM
20293A,N,O,04/07/2026 08:56:50 AM
20293B,N,O,04/07/2026 08:57:00 AM
20294A,N,O,04/07/2026 08:55:48 AM
20294B,N,O,04/07/2026 08:55:44 AM
202A,N,O,04/07/2026 09:06:41 AM
20305A,N,O,04/06/2026 09:38:06 PM
20305B,N,O,04/06/2026 08:29:53 PM
20306A,N,O,04/06/2026 12:45:58 PM
20306B,N,O,04/06/2026 09:01:41 PM
20307A,N,O,04/06/2026 09:52:07 PM
20307B,N,O,04/06/2026 08:52:25 PM
20308A,N,V,04/06/2026 09:13:43 PM
20308B,N,O,04/06/2026 08:40:51 PM
20309A,N,O,04/07/2026 06:55:49 AM
2030A,N,O,04/07/2026 08:59:44 AM
20310A,N,O,04/07/2026 07:56:47 AM
20310B,N,O,04/07/2026 06:59:51 AM
20311A,N,O,04/07/2026 06:58:51 AM
20311B,N,O,04/07/2026 06:58:47 AM
20312A,N,O,04/07/2026 06:57:49 AM
20312B,N,O,04/07/2026 06:57:49 AM
20313A,N,O,04/07/2026 08:49:22 AM
20313B,N,O,04/07/2026 06:56:50 AM
20314A,N,O,04/06/2026 09:58:44 PM
20314B,N,O,04/06/2026 09:49:07 PM
20315A,N,O,04/06/2026 09:43:59 PM
20315B,N,O,04/06/2026 09:46:07 PM
20316A,N,O,04/06/2026 09:56:38 PM
20316B,N,O,04/06/2026 09:59:19 PM
20317A,N,O,04/06/2026 07:42:18 PM
20317B,N,O,04/06/2026 09:45:00 PM
20318A,N,O,04/06/2026 09:37:03 PM
20318B,N,O,04/06/2026 09:59:03 PM
20319A,N,O,04/06/2026 09:17:25 PM
20319B,N,O,04/06/2026 09:40:27 PM
2031A,N,O,04/06/2026 06:38:15 PM
2031B,N,O,04/07/2026 09:06:58 AM
20320A,N,O,04/06/2026 09:52:08 PM
20320B,N,O,04/06/2026 09:42:44 PM
20321A,N,O,04/06/2026 09:28:27 PM
20321B,N,O,04/06/2026 09:24:22 PM
20322A,N,O,04/06/2026 09:19:53 PM
20322B,N,O,04/06/2026 09:44:08 PM
20323A,N,O,04/06/2026 09:33:53 PM
20323B,N,O,04/06/2026 09:43:19 PM
20324A,N,O,04/06/2026 09:32:58 PM
20324B,N,O,04/07/2026 08:56:04 AM
20325A,N,O,04/07/2026 08:59:57 AM
20325B,N,O,04/07/2026 08:59:50 AM
20326A,N,O,04/07/2026 08:58:46 AM
20326B,N,V,04/07/2026 09:05:03 AM
20327B,N,O,04/07/2026 09:03:37 AM
20328A,N,O,04/07/2026 08:56:43 AM
20328B,N,O,04/07/2026 08:56:43 AM
20329A,N,O,04/07/2026 09:06:59 AM
20329B,N,O,04/07/2026 08:55:48 AM
2032A,N,O,04/06/2026 04:52:39 PM
2032B,N,O,04/07/2026 08:57:48 AM
20330A,N,O,04/07/2026 08:10:17 AM
20330B,N,O,04/07/2026 09:02:22 AM
20331A,N,O,04/07/2026 07:58:52 AM
20331B,N,O,04/07/2026 08:05:43 AM
20332A,N,O,04/07/2026 07:57:47 AM
20332B,N,O,04/07/2026 07:57:54 AM
20333A,N,O,04/07/2026 09:03:54 AM
20333B,N,O,04/07/2026 07:56:56 AM
20334A,N,O,04/07/2026 07:55:47 AM
20334B,N,O,04/07/2026 07:55:56 AM
20335A,N,O,04/07/2026 07:59:52 AM
20335B,N,O,04/07/2026 08:54:26 AM
20336A,N,O,04/07/2026 07:58:45 AM
20336B,N,V,04/07/2026 09:05:24 AM
20337A,N,V,04/07/2026 09:05:24 AM
20337B,N,O,04/06/2026 06:32:25 PM
2033B,N,O,04/07/2026 08:56:44 AM
20343B,N,O,04/07/2026 08:56:53 AM
20344A,N,V,04/07/2026 09:03:13 AM
20344B,N,O,04/07/2026 09:03:26 AM
20345A,N,O,04/07/2026 08:59:51 AM
20345B,N,V,04/07/2026 09:06:56 AM
20346A,N,O,04/07/2026 08:58:50 AM
20346B,N,O,04/07/2026 08:58:50 AM
20347A,N,O,04/06/2026 09:58:58 PM
20347B,N,O,04/07/2026 08:57:51 AM
20348A,N,O,04/07/2026 08:56:55 AM
20348B,N,O,04/07/2026 09:06:42 AM
20349A,N,O,04/07/2026 08:55:51 AM
20349B,N,O,04/07/2026 08:55:47 AM
2034A,N,O,04/07/2026 08:55:48 AM
2034B,N,O,04/07/2026 08:55:48 AM
20350A,N,O,04/07/2026 09:00:11 AM
20350B,N,O,04/07/2026 08:59:51 AM
20351A,N,O,04/07/2026 08:58:47 AM
20351B,N,O,04/07/2026 08:58:47 AM
20352A,N,O,04/07/2026 08:57:53 AM
20352B,N,V,04/06/2026 09:59:16 PM
20353A,N,O,04/07/2026 08:56:46 AM
20353B,N,O,04/07/2026 08:56:46 AM
20354A,N,O,04/07/2026 08:55:46 AM
20354B,N,O,04/07/2026 08:55:46 AM
20355A,N,O,04/07/2026 08:59:47 AM
20355B,N,O,04/07/2026 08:59:47 AM
20356A,N,O,04/07/2026 08:58:50 AM
20356B,N,V,04/07/2026 09:06:56 AM
20357A,N,O,04/07/2026 08:57:47 AM
20357B,N,O,04/07/2026 08:57:47 AM
20358A,N,O,04/07/2026 08:56:45 AM
20358B,N,O,04/07/2026 08:56:45 AM
20359A,N,O,04/07/2026 08:55:50 AM
20359B,N,O,04/07/2026 08:55:50 AM
2035A,N,O,04/07/2026 08:59:45 AM
2035B,N,O,04/06/2026 03:59:03 PM
20369A,N,O,04/07/2026 08:55:45 AM
2036A,N,O,04/07/2026 08:58:47 AM
2036B,N,O,04/07/2026 08:58:58 AM
20373B,N,V,04/07/2026 09:01:59 AM
20374A,N,O,04/07/2026 08:56:00 AM
20374B,N,V,04/07/2026 09:00:17 AM
20375A,N,O,04/07/2026 08:59:50 AM
20375B,N,O,04/06/2026 09:31:19 PM
20376A,N,O,04/07/2026 09:06:12 AM
20376B,N,O,04/07/2026 08:58:50 AM
20377A,N,O,04/07/2026 08:57:44 AM
20377B,N,O,04/06/2026 09:24:38 PM
20378A,N,O,04/07/2026 08:56:51 AM
20378B,N,O,04/07/2026 08:56:51 AM
20379A,N,O,04/07/2026 08:55:44 AM
20379B,N,O,04/07/2026 08:55:44 AM
2037A,N,O,04/07/2026 08:57:49 AM
2037B,N,O,04/07/2026 08:57:49 AM
20380A,N,O,04/07/2026 08:59:47 AM
20380B,N,O,04/07/2026 08:59:47 AM
20381A,N,O,04/07/2026 08:58:53 AM
20381B,N,V,04/07/2026 09:02:53 AM
20382A,N,O,04/07/2026 08:57:48 AM
20382B,N,O,04/07/2026 08:57:48 AM
20385B,N,O,04/07/2026 08:59:49 AM
20386A,N,O,04/07/2026 08:58:51 AM
20386B,N,O,04/07/2026 08:58:51 AM
20387A,N,O,04/07/2026 08:57:49 AM
20387B,N,O,04/07/2026 08:57:49 AM
20388A,N,O,04/07/2026 08:57:27 AM
20388B,N,O,04/07/2026 08:57:27 AM
20389A,N,O,04/06/2026 09:52:05 PM
20389B,N,O,04/07/2026 08:55:44 AM
2038A,N,O,04/07/2026 08:57:33 AM
2038B,N,O,04/07/2026 08:57:25 AM
20390A,N,O,04/07/2026 08:59:48 AM
20390B,N,O,04/07/2026 08:59:44 AM
20391A,N,O,04/07/2026 08:58:49 AM
20391B,N,O,04/07/2026 08:58:49 AM
20392A,N,V,04/06/2026 09:58:52 PM
20392B,N,O,04/07/2026 08:57:47 AM
20393B,N,V,04/06/2026 08:27:02 PM
20394A,N,V,04/06/2026 09:17:19 PM
20394B,N,O,04/07/2026 09:06:53 AM
20395A,N,V,04/06/2026 09:43:45 PM
20395B,N,V,04/06/2026 07:33:54 PM
20396A,N,O,04/07/2026 08:58:51 AM
20396B,N,O,04/07/2026 08:58:51 AM
20397A,N,O,04/07/2026 09:02:15 AM
20397B,N,O,04/06/2026 09:29:11 PM
20398A,N,O,04/07/2026 08:56:44 AM
20399B,N,O,04/07/2026 08:55:50 AM
2039A,N,O,04/07/2026 08:55:53 AM
2039B,N,O,04/06/2026 06:06:09 PM
203A,N,O,04/07/2026 08:56:52 AM
203B,N,V,04/06/2026 09:59:32 PM
20400A,N,O,04/07/2026 08:59:46 AM
20400B,N,O,04/07/2026 08:59:46 AM
20401A,N,O,04/07/2026 08:58:48 AM
20401B,N,O,04/07/2026 08:58:48 AM
20402A,N,O,04/07/2026 08:57:49 AM
20402B,N,O,04/07/2026 08:57:49 AM
20403A,N,O,04/07/2026 08:56:46 AM
20403B,N,O,04/06/2026 06:52:49 PM
20404A,N,O,04/07/2026 08:55:47 AM
20405A,N,O,04/07/2026 08:59:48 AM
20405B,N,O,04/07/2026 08:59:48 AM
20406A,N,O,04/07/2026 08:58:51 AM
20406B,N,O,04/07/2026 08:58:51 AM
20407A,N,O,04/07/2026 08:57:52 AM
20407B,N,O,04/07/2026 08:57:52 AM
20408A,N,O,04/07/2026 08:56:45 AM
20409A,N,O,04/07/2026 08:55:48 AM
20409B,N,O,04/07/2026 08:55:48 AM
20410A,N,O,04/07/2026 08:59:55 AM
20410B,N,O,04/06/2026 09:53:06 PM
20411A,N,V,04/06/2026 09:26:22 PM
20411B,N,O,04/07/2026 08:58:47 AM
20412A,N,O,04/07/2026 08:57:49 AM
20412B,N,O,04/06/2026 06:10:39 PM
20413A,N,O,04/06/2026 08:14:21 PM
20413B,N,O,04/07/2026 08:56:52 AM
20414A,N,O,04/07/2026 08:55:51 AM
20415A,N,V,04/07/2026 09:06:29 AM
20415B,N,O,04/07/2026 08:59:50 AM
20416A,N,O,04/07/2026 08:58:52 AM
20416B,N,O,04/07/2026 08:59:01 AM
20417A,N,O,04/07/2026 08:57:53 AM
20418A,N,O,04/07/2026 08:56:51 AM
20418B,N,O,04/07/2026 08:56:51 AM
20419A,N,V,04/06/2026 07:29:16 PM
20419B,N,O,04/07/2026 08:55:53 AM
20420A,N,O,04/07/2026 08:59:50 AM
20420B,N,O,04/07/2026 08:59:50 AM
20421A,N,O,04/07/2026 08:58:50 AM
20422B,N,O,04/06/2026 02:47:02 PM
20423A,N,V,04/07/2026 08:27:50 AM
20423B,N,V,04/07/2026 07:29:12 AM
20424A,N,V,04/07/2026 07:29:53 AM
20424B,N,V,04/06/2026 06:28:26 PM
20425A,N,V,04/07/2026 09:06:57 AM
20425B,N,V,04/06/2026 07:23:46 PM
20426A,N,O,04/06/2026 05:53:24 PM
20426B,N,O,04/07/2026 06:58:49 AM
20427A,N,V,04/07/2026 08:17:52 AM
20428A,N,O,04/07/2026 08:57:04 AM
20428B,N,O,04/07/2026 08:56:49 AM
20429A,N,O,04/07/2026 08:56:13 AM
20429B,N,O,04/07/2026 08:55:51 AM
20430A,N,O,04/06/2026 02:14:16 PM
20430B,N,O,04/06/2026 09:43:29 PM
20431A,N,O,04/07/2026 08:58:48 AM
20431B,N,O,04/07/2026 08:58:48 AM
20432A,N,O,04/07/2026 08:57:50 AM
20432B,N,O,04/07/2026 08:57:43 AM
20433A,N,O,04/06/2026 08:48:28 PM
20433B,N,O,04/07/2026 08:56:50 AM
20434A,N,O,04/07/2026 09:01:01 AM
20434B,N,O,04/07/2026 08:55:43 AM
20437A,N,O,04/06/2026 08:14:52 PM
20437B,N,O,04/06/2026 09:57:49 AM
20438A,N,V,04/06/2026 09:51:36 PM
20438B,N,V,04/06/2026 09:26:39 PM
20439A,N,V,04/06/2026 09:51:32 PM
20439B,N,O,04/06/2026 07:16:57 PM
20440A,N,O,04/06/2026 03:27:42 PM
20440B,N,O,04/06/2026 08:39:38 PM
20441A,N,O,04/06/2026 10:50:49 AM
20441B,N,O,04/06/2026 12:53:53 PM
20442A,N,O,04/06/2026 02:35:33 PM
20442B,N,O,04/06/2026 05:59:17 PM
20443A,N,O,04/06/2026 07:32:50 PM
20443B,N,O,04/06/2026 08:39:16 PM
20444A,N,V,04/06/2026 09:51:29 PM
20444B,N,O,04/06/2026 07:44:20 PM
20445A,N,O,04/06/2026 08:44:00 PM
20445B,N,V,04/06/2026 09:51:22 PM
20446A,N,O,04/07/2026 08:58:47 AM
20446B,N,V,04/07/2026 09:06:15 AM
20447A,N,O,04/07/2026 08:57:53 AM
20447B,N,O,04/06/2026 09:21:15 PM
20448A,N,O,04/06/2026 09:04:52 PM
20448B,N,O,04/07/2026 08:56:49 AM
20449A,N,O,04/07/2026 09:00:13 AM
20449B,N,O,04/06/2026 08:00:11 PM
20450A,N,V,04/06/2026 07:29:38 PM
20450B,N,O,04/06/2026 07:58:17 PM
20451A,N,V,04/06/2026 09:47:37 PM
20451B,N,O,04/06/2026 05:42:36 PM
20452B,N,O,04/06/2026 07:05:40 PM
20453A,N,O,04/06/2026 09:25:27 PM
20453B,N,O,04/06/2026 09:13:37 PM
20497A,N,O,04/07/2026 08:57:48 AM
20497B,N,O,04/07/2026 08:57:48 AM
20498A,N,O,04/06/2026 09:46:34 PM
20498B,N,O,04/07/2026 08:56:48 AM
20499A,N,O,04/06/2026 02:06:23 PM
20499B,N,O,04/07/2026 08:55:50 AM
204A,N,O,04/07/2026 08:55:51 AM
204B,N,O,04/07/2026 08:55:58 AM
20500A,N,O,04/07/2026 08:59:51 AM
20500B,N,O,04/07/2026 08:59:51 AM
20501A,N,O,04/07/2026 08:58:41 AM
20501B,N,O,04/07/2026 08:58:41 AM
20506A,N,O,04/07/2026 08:58:48 AM
20506B,N,O,04/07/2026 08:58:48 AM
20507A,N,V,04/06/2026 05:53:16 PM
20507B,N,O,04/07/2026 08:57:45 AM
20508A,N,O,04/07/2026 08:56:58 AM
20508B,N,O,04/07/2026 08:57:11 AM
20509A,N,O,04/06/2026 07:05:35 PM
20509B,N,O,04/07/2026 08:55:49 AM
20510B,N,O,04/07/2026 09:02:05 AM
20511A,N,V,04/06/2026 08:43:42 PM
20511B,N,V,04/06/2026 05:14:33 PM
20512A,N,V,04/07/2026 08:57:57 AM
20512B,N,O,04/07/2026 08:57:48 AM
20513A,N,O,04/07/2026 08:56:49 AM
20513B,N,V,04/06/2026 09:10:56 PM
20514A,N,O,04/07/2026 08:55:49 AM
20515A,N,O,04/07/2026 08:59:44 AM
20515B,N,O,04/07/2026 08:59:44 AM
20516A,N,O,04/07/2026 08:58:50 AM
20516B,N,V,04/06/2026 09:51:48 PM
20517B,N,O,04/07/2026 08:57:49 AM
2053A,N,O,04/07/2026 08:56:47 AM
2053B,N,O,04/07/2026 08:56:47 AM
20545A,N,V,04/06/2026 04:10:15 PM
20545B,N,V,04/06/2026 04:17:27 PM
20546B,N,O,04/06/2026 06:58:35 PM
2054A,N,O,04/07/2026 08:55:46 AM
2054B,N,V,04/07/2026 09:00:24 AM
20550A,N,O,04/06/2026 09:47:25 PM
20550B,N,V,04/06/2026 08:49:48 PM
20551A,N,V,04/06/2026 09:29:08 PM
20551B,N,O,04/06/2026 08:26:44 PM
20552A,N,O,04/06/2026 01:44:25 PM
20562A,N,O,04/07/2026 08:57:46 AM
20562B,N,O,04/07/2026 08:57:46 AM
20563A,N,O,04/07/2026 08:56:44 AM
20563B,N,O,04/07/2026 08:56:44 AM
20564A,N,O,04/07/2026 08:55:49 AM
20564B,N,O,04/06/2026 03:36:58 PM
20565A,N,O,04/07/2026 08:59:48 AM
20565B,N,O,04/07/2026 09:00:09 AM
20566A,N,O,04/07/2026 08:58:47 AM
20566B,N,O,04/07/2026 08:59:21 AM
20567A,N,O,04/07/2026 08:57:47 AM
20567B,N,O,04/07/2026 08:57:47 AM
20570A,N,V,04/06/2026 06:51:39 PM
20570B,N,O,04/07/2026 08:18:53 AM
20571A,N,V,04/07/2026 07:58:49 AM
20571B,N,O,04/07/2026 08:29:32 AM
20572A,N,V,04/07/2026 08:23:28 AM
20572B,N,V,04/07/2026 08:23:28 AM
20573A,N,V,04/07/2026 08:02:34 AM
20573B,N,V,04/07/2026 08:56:54 AM
20574A,N,O,04/07/2026 06:55:49 AM
20574B,N,O,04/07/2026 06:55:49 AM
20575A,N,O,04/07/2026 06:59:46 AM
20575B,N,V,04/07/2026 08:02:09 AM
20576A,N,V,04/07/2026 08:50:47 AM
20576B,N,V,04/07/2026 08:15:56 AM
20577A,N,O,04/07/2026 06:57:51 AM
20577B,N,O,04/06/2026 06:44:23 PM
20591A,N,O,04/07/2026 07:58:42 AM
20591B,N,O,04/07/2026 09:06:52 AM
20592A,N,V,04/06/2026 07:12:02 PM
20592B,N,O,04/06/2026 11:58:21 AM
20593A,N,O,04/07/2026 07:56:46 AM
20593B,N,O,04/07/2026 09:06:43 AM
20594B,N,O,04/07/2026 07:55:48 AM
20595A,N,O,04/07/2026 08:46:40 AM
20595B,N,V,04/07/2026 08:46:36 AM
20596A,N,O,04/07/2026 07:58:43 AM
20596B,N,O,04/07/2026 07:58:53 AM
20597A,N,O,04/07/2026 07:57:54 AM
20597B,N,O,04/07/2026 07:57:47 AM
20598A,N,O,04/07/2026 07:56:57 AM
20598B,N,O,04/07/2026 09:04:56 AM
205A,N,O,04/07/2026 08:59:52 AM
205B,N,O,04/07/2026 08:59:52 AM
20601B,N,O,04/06/2026 09:54:08 PM
20602A,N,O,04/06/2026 05:07:22 PM
20602B,N,O,04/06/2026 07:54:17 PM
20604A,N,O,04/07/2026 08:55:46 AM
20604B,N,O,04/07/2026 09:06:31 AM
20605A,N,O,04/07/2026 08:59:52 AM
20605B,N,O,04/07/2026 09:00:00 AM
20606A,N,O,04/07/2026 08:58:51 AM
20606B,N,O,04/07/2026 08:58:47 AM
20607A,N,O,04/07/2026 08:57:44 AM
20607B,N,O,04/06/2026 11:21:57 AM
20608A,N,V,04/06/2026 08:11:38 PM
20608B,N,O,04/06/2026 05:58:14 PM
20609A,N,O,04/07/2026 08:55:44 AM
20609B,N,O,04/07/2026 08:59:07 AM
20610A,N,O,04/07/2026 08:59:45 AM
20610B,N,V,04/07/2026 09:06:51 AM
20611A,N,O,04/06/2026 06:59:22 PM
20611B,N,O,04/07/2026 08:58:43 AM
20612A,N,O,04/07/2026 08:57:46 AM
20612B,N,O,04/07/2026 08:57:46 AM
20613A,N,O,04/07/2026 08:56:47 AM
20613B,N,O,04/07/2026 08:56:47 AM
20614A,N,O,04/06/2026 09:03:42 PM
20614B,N,O,04/07/2026 08:55:46 AM
20618A,N,O,04/07/2026 08:26:48 AM
20619A,N,O,04/07/2026 08:56:50 AM
20619B,N,O,04/07/2026 08:55:44 AM
20620A,N,O,04/07/2026 08:59:53 AM
20620B,N,O,04/07/2026 08:59:46 AM
20621A,N,O,04/07/2026 08:58:47 AM
20621B,N,O,04/07/2026 08:58:54 AM
20631A,N,O,04/07/2026 08:58:45 AM
20631B,N,V,04/06/2026 09:10:54 PM
20632A,NU,V,04/06/2026 09:25:21 PM
20632B,NU,O,04/06/2026 05:28:25 PM
20633A,N,O,04/07/2026 08:56:44 AM
20633B,N,O,04/07/2026 08:56:44 AM
20634A,N,O,04/06/2026 11:23:56 AM
20634B,N,O,04/07/2026 08:55:45 AM
20635A,N,O,04/07/2026 08:59:44 AM
20635B,N,O,04/07/2026 08:59:51 AM
20636A,N,O,04/07/2026 08:59:00 AM
20636B,N,O,04/07/2026 08:58:46 AM
20637A,N,O,04/07/2026 08:57:44 AM
20637B,N,O,04/07/2026 08:57:44 AM
20638A,N,O,04/07/2026 08:56:44 AM
20638B,N,O,04/07/2026 08:56:44 AM
20639A,N,O,04/07/2026 08:55:47 AM
20639B,N,O,04/07/2026 08:55:47 AM
2063A,N,O,04/07/2026 08:56:45 AM
2063B,N,O,04/07/2026 08:56:49 AM
20640A,N,O,04/07/2026 08:59:52 AM
20640B,N,O,04/06/2026 09:16:15 PM
20641A,N,O,04/07/2026 08:58:52 AM
20641B,N,V,04/06/2026 09:57:48 PM
20642A,N,O,04/07/2026 08:57:50 AM
20642B,N,O,04/07/2026 08:57:50 AM
20643A,N,O,04/07/2026 08:56:53 AM
20643B,N,O,04/07/2026 08:56:46 AM
2064B,N,O,04/07/2026 08:55:46 AM
20651A,N,O,04/06/2026 04:55:33 PM
20651B,N,O,04/07/2026 08:58:47 AM
20652A,N,O,04/07/2026 08:57:47 AM
20652B,N,O,04/07/2026 08:57:47 AM
20653A,N,O,04/07/2026 08:56:45 AM
20653B,N,O,04/06/2026 04:22:52 PM
20654A,N,O,04/07/2026 08:55:45 AM
20654B,N,O,04/07/2026 08:55:45 AM
20658A,N,O,04/07/2026 07:56:48 AM
20658B,N,O,04/07/2026 07:56:48 AM
20659B,N,O,04/07/2026 07:56:01 AM
2065A,N,O,04/07/2026 09:00:20 AM
20661A,N,O,04/07/2026 07:58:42 AM
20661B,N,O,04/07/2026 07:58:42 AM
20663A,N,O,04/07/2026 07:56:45 AM
20663B,N,O,04/07/2026 07:56:45 AM
20664B,N,O,04/07/2026 09:00:24 AM
20665A,N,O,04/07/2026 09:06:35 AM
20666A,N,V,04/07/2026 08:57:17 AM
20666B,N,O,04/07/2026 07:58:47 AM
20667A,N,O,04/07/2026 07:57:49 AM
20667B,N,O,04/07/2026 07:57:49 AM
2066A,N,O,04/07/2026 08:58:51 AM
2066B,N,O,04/07/2026 08:58:51 AM
20672A,N,V,07/13/2025 10:00:25 AM
20672B,N,O,04/07/2026 08:57:48 AM
20673A,N,O,04/06/2026 05:54:31 PM
20673B,N,O,04/07/2026 08:56:58 AM
20674A,N,V,04/07/2026 08:57:59 AM
20674B,N,O,04/07/2026 08:55:40 AM
20675A,N,O,04/07/2026 08:59:52 AM
20675B,N,O,04/07/2026 08:59:48 AM
20676A,N,O,04/07/2026 08:58:52 AM
20676B,N,O,04/06/2026 09:14:18 PM
20677A,N,O,04/07/2026 08:57:47 AM
20677B,N,O,04/07/2026 08:57:47 AM
20678A,N,O,04/07/2026 08:56:59 AM
20678B,N,O,04/07/2026 08:56:52 AM
20679A,N,O,04/07/2026 07:55:56 AM
20679B,N,O,04/07/2026 07:56:04 AM
2067A,N,O,04/07/2026 08:57:44 AM
2067B,N,O,04/07/2026 08:57:44 AM
20680A,N,O,04/07/2026 07:59:53 AM
20680B,N,O,04/06/2026 07:31:00 PM
20681A,N,O,04/07/2026 07:58:50 AM
20681B,N,O,04/07/2026 07:59:10 AM
20682B,N,O,04/07/2026 08:57:51 AM
20683A,N,O,04/07/2026 08:56:51 AM
20683B,N,O,04/07/2026 08:56:51 AM
20684A,N,O,04/07/2026 08:55:46 AM
20684B,N,O,04/07/2026 08:55:54 AM
20685A,N,O,04/07/2026 09:00:19 AM
20685B,N,O,04/07/2026 08:59:44 AM
20686A,N,O,04/07/2026 08:58:45 AM
20686B,N,O,04/07/2026 09:05:40 AM
20687A,N,V,04/07/2026 09:06:28 AM
20687B,N,O,04/07/2026 08:57:50 AM
20688A,N,O,04/07/2026 08:56:39 AM
20688B,N,O,04/06/2026 08:10:39 PM
20689A,N,O,04/07/2026 07:56:00 AM
2068A,N,O,04/07/2026 08:56:50 AM
2068B,N,O,04/07/2026 08:56:50 AM
20690A,N,O,04/06/2026 07:59:50 AM
20690B,N,O,04/07/2026 07:59:51 AM
20691A,N,O,04/06/2026 07:59:01 AM
20691B,N,O,04/07/2026 07:58:51 AM
20692A,N,O,04/07/2026 07:57:45 AM
20692B,N,O,04/07/2026 09:02:19 AM
20693B,N,V,04/07/2026 09:02:59 AM
20694A,N,O,04/06/2026 05:10:21 PM
20694B,N,O,04/07/2026 08:55:57 AM
20695A,N,O,04/07/2026 08:59:46 AM
20695B,N,O,04/07/2026 08:59:46 AM
20696A,N,O,04/07/2026 08:58:48 AM
20696B,N,O,04/07/2026 08:58:48 AM
20697A,N,O,04/07/2026 08:57:44 AM
20697B,N,O,04/07/2026 08:57:44 AM
20698A,N,O,04/07/2026 08:56:58 AM
20698B,N,O,04/07/2026 08:56:43 AM
2069A,N,O,04/07/2026 08:55:43 AM
2070A,N,O,04/07/2026 08:59:49 AM
2070B,N,O,04/07/2026 08:59:49 AM
2071A,N,O,04/06/2026 09:59:33 PM
2071B,N,O,04/07/2026 08:58:46 AM
2072A,N,O,04/07/2026 08:57:44 AM
2072B,N,O,04/07/2026 08:57:47 AM
2073A,N,O,04/07/2026 08:56:50 AM
2073B,N,O,04/07/2026 08:56:50 AM
20745A,N,O,04/06/2026 07:02:24 PM
20745B,N,V,04/07/2026 08:50:27 AM
20746A,N,V,04/07/2026 09:04:34 AM
20746B,N,O,04/06/2026 07:22:20 PM
20748A,N,O,04/07/2026 07:56:43 AM
20748B,N,O,04/07/2026 08:47:21 AM
20749A,N,O,04/07/2026 07:55:43 AM
20749B,N,O,04/07/2026 09:02:35 AM
2074A,N,O,04/07/2026 08:55:50 AM
20750A,N,O,04/07/2026 07:59:50 AM
20750B,N,O,04/06/2026 05:20:50 PM
20751A,N,O,04/06/2026 09:15:35 PM
20752A,N,O,04/06/2026 08:59:26 PM
20752B,N,O,04/06/2026 09:20:57 PM
20755A,N,O,04/06/2026 09:13:34 PM
20756A,N,O,04/06/2026 06:58:23 PM
20756B,N,O,04/06/2026 09:44:46 PM
20757A,N,O,04/06/2026 07:37:23 PM
20758A,N,O,04/06/2026 10:26:45 AM
20758B,N,O,04/06/2026 07:49:37 PM
20759A,N,O,04/06/2026 07:43:07 PM
20759B,N,O,04/06/2026 09:59:48 PM
2075A,N,O,04/07/2026 08:59:50 AM
2075B,N,O,04/07/2026 08:59:50 AM
20760A,N,O,04/06/2026 09:18:02 PM
20760B,N,V,04/06/2026 06:39:49 PM
20763A,N,O,04/06/2026 08:06:45 PM
20763B,N,O,04/06/2026 09:27:33 PM
20764A,N,O,04/06/2026 09:40:24 PM
20764B,N,O,04/06/2026 09:38:15 PM
20765A,N,O,04/06/2026 09:21:58 PM
20765B,N,O,04/06/2026 09:38:40 PM
20766A,N,O,04/06/2026 06:40:10 PM
20766B,N,O,04/06/2026 07:32:46 PM
20767A,N,O,04/06/2026 09:16:47 PM
20767B,N,O,04/06/2026 09:57:35 PM
20768A,N,O,04/06/2026 09:47:56 PM
20768B,N,O,04/06/2026 09:35:05 PM
20769A,N,O,04/06/2026 05:51:03 PM
20769B,N,O,04/06/2026 08:20:24 PM
2076A,N,O,04/07/2026 08:58:52 AM
2076B,N,O,04/07/2026 09:03:45 AM
20777A,N,O,04/06/2026 06:03:38 PM
20778A,N,O,04/06/2026 04:25:24 PM
20778B,N,O,04/06/2026 09:52:14 PM
20779A,N,O,04/06/2026 09:53:04 PM
20779B,N,O,04/06/2026 04:42:48 PM
2077A,N,O,04/07/2026 08:57:54 AM
2077B,N,O,04/07/2026 08:58:01 AM
20780A,N,O,04/06/2026 06:56:30 PM
20780B,N,O,04/06/2026 08:35:49 PM
20781A,N,O,04/06/2026 09:12:05 PM
20781B,N,O,04/06/2026 09:40:50 PM
20782A,N,O,04/06/2026 07:32:55 PM
20782B,N,O,04/06/2026 09:57:12 PM
20784A,N,O,04/06/2026 08:33:38 PM
20784B,N,O,04/06/2026 05:26:47 PM
20787A,N,O,04/07/2026 07:57:49 AM
20788A,N,O,04/07/2026 07:56:46 AM
20788B,N,O,04/07/2026 07:56:46 AM
20789A,N,O,10/19/2025 12:18:34 PM
20789B,N,O,09/24/2025 08:46:47 AM
20790A,N,O,04/07/2026 08:00:00 AM
20790B,N,O,04/07/2026 08:36:22 AM
20791A,N,O,04/07/2026 08:45:05 AM
20791B,N,O,04/07/2026 07:58:48 AM
20792A,N,O,04/07/2026 09:06:26 AM
20792B,N,O,04/06/2026 07:57:42 AM
20793A,N,O,04/07/2026 07:56:48 AM
20793B,N,O,04/07/2026 07:56:40 AM
20795B,N,O,04/07/2026 07:59:44 AM
20796A,N,O,04/07/2026 07:58:51 AM
20796B,N,O,04/07/2026 07:58:51 AM
207A,N,V,04/07/2026 09:06:47 AM
207B,N,V,04/06/2026 09:48:46 PM
20801B,N,O,04/07/2026 09:01:59 AM
20802A,N,O,04/07/2026 08:57:48 AM
20802B,N,O,04/07/2026 08:57:52 AM
20803A,N,O,04/07/2026 08:56:47 AM
20803B,N,O,04/07/2026 08:56:51 AM
20804A,N,O,04/07/2026 08:55:46 AM
20804B,N,O,04/07/2026 08:55:50 AM
20805A,N,O,04/07/2026 08:59:51 AM
20805B,N,O,04/07/2026 08:59:51 AM
20806A,N,O,04/07/2026 09:05:16 AM
20806B,N,O,04/07/2026 08:58:50 AM
20807A,N,O,04/06/2026 08:56:06 PM
20807B,N,O,04/06/2026 06:08:49 PM
20809A,N,O,04/06/2026 09:56:05 AM
20809B,N,O,04/06/2026 09:55:58 AM
20810A,N,O,04/06/2026 11:18:22 AM
20810B,N,O,04/06/2026 06:23:49 PM
20811A,N,V,04/06/2026 09:43:24 PM
20811B,N,O,04/06/2026 09:34:11 PM
20812A,N,O,04/06/2026 09:59:40 PM
20812B,N,V,04/06/2026 08:53:03 PM
20813A,N,O,04/06/2026 06:16:10 PM
20813B,N,O,04/06/2026 07:21:17 PM
20814A,N,O,04/06/2026 08:21:33 PM
20814B,N,O,04/06/2026 08:38:15 PM
20815A,N,V,04/06/2026 02:07:42 PM
20815B,N,O,04/06/2026 08:37:06 PM
20816B,NU,O,04/06/2026 10:45:57 AM
20817B,N,O,04/07/2026 08:57:50 AM
20818A,N,O,04/07/2026 08:56:51 AM
20818B,N,O,04/05/2026 08:56:54 AM
20819A,N,O,04/07/2026 08:55:43 AM
20819B,N,O,04/07/2026 08:55:53 AM
20820A,N,O,04/07/2026 09:00:06 AM
20820B,N,O,04/07/2026 08:59:51 AM
20821A,N,O,04/07/2026 07:58:54 AM
20821B,N,V,04/07/2026 09:03:21 AM
20822A,N,O,04/07/2026 07:57:44 AM
20822B,N,O,04/07/2026 09:06:20 AM
20823A,N,O,04/06/2026 09:35:40 PM
20823B,N,O,04/06/2026 09:24:47 PM
20824A,N,V,04/06/2026 09:31:53 PM
20824B,N,O,04/06/2026 09:55:22 PM
20825A,N,O,04/07/2026 08:59:45 AM
20825B,N,O,04/07/2026 08:59:52 AM
20826A,N,O,04/07/2026 08:58:53 AM
20826B,N,O,04/07/2026 08:58:57 AM
20827A,N,O,04/06/2026 08:57:51 AM
20827B,N,O,04/07/2026 08:57:46 AM
20828A,N,O,04/07/2026 08:56:52 AM
20828B,N,O,04/06/2026 05:26:17 PM
20829B,N,O,04/07/2026 08:55:49 AM
20830A,N,O,04/07/2026 08:59:52 AM
20830B,N,O,04/06/2026 07:52:18 PM
20831A,N,O,04/07/2026 08:59:16 AM
20831B,N,O,04/07/2026 08:59:09 AM
20833A,N,O,04/06/2026 01:52:45 PM
20833B,N,O,04/07/2026 09:01:44 AM
20834A,N,V,04/07/2026 09:05:05 AM
20834B,N,O,04/07/2026 09:05:14 AM
20835A,N,O,04/07/2026 08:59:51 AM
20835B,N,O,04/07/2026 08:59:51 AM
20836A,N,O,04/07/2026 08:58:47 AM
20836B,N,O,04/07/2026 09:01:09 AM
20837A,N,O,04/07/2026 08:57:51 AM
20837B,N,O,04/07/2026 08:57:43 AM
20838A,N,O,04/07/2026 08:56:44 AM
20838B,N,O,04/07/2026 08:56:44 AM
20839A,N,O,04/07/2026 08:55:43 AM
20839B,N,O,04/07/2026 08:55:43 AM
2083A,N,V,04/06/2026 09:03:11 PM
2083B,N,O,04/06/2026 09:42:31 PM
20840A,NU,O,04/06/2026 09:26:24 PM
20840B,NU,O,04/07/2026 08:59:51 AM
20841A,N,O,04/07/2026 08:58:46 AM
20841B,N,O,04/07/2026 08:58:46 AM
20842A,N,O,04/07/2026 08:57:52 AM
20843A,N,O,04/07/2026 08:56:45 AM
20843B,N,O,04/07/2026 08:56:52 AM
20844A,N,O,04/07/2026 08:55:47 AM
20844B,N,O,04/07/2026 08:55:43 AM
20845A,N,O,04/07/2026 09:00:08 AM
20845B,N,O,04/07/2026 09:06:14 AM
20846A,N,O,04/07/2026 08:58:49 AM
2084A,N,O,04/06/2026 07:15:24 PM
2084B,N,O,04/06/2026 04:03:16 PM
20851A,N,V,04/06/2026 09:50:58 PM
20851B,N,O,04/07/2026 08:58:47 AM
20852A,N,O,04/07/2026 08:57:48 AM
20852B,N,V,04/06/2026 08:48:24 PM
20853A,N,V,04/07/2026 09:05:50 AM
20853B,N,V,04/06/2026 02:41:55 PM
20854A,N,O,04/07/2026 08:55:50 AM
20854B,N,O,04/07/2026 08:55:50 AM
20855A,N,O,04/07/2026 08:59:48 AM
20855B,N,O,04/07/2026 08:59:48 AM
20856A,N,O,04/06/2026 06:44:16 PM
20856B,N,O,04/07/2026 08:58:51 AM
20857A,N,O,04/07/2026 08:57:51 AM
20857B,N,O,04/06/2026 09:14:29 PM
20858A,N,O,04/07/2026 08:56:47 AM
20858B,N,V,04/07/2026 09:06:23 AM
20859A,N,O,04/07/2026 08:55:49 AM
20859B,N,O,04/07/2026 08:55:49 AM
20860B,N,O,04/07/2026 08:59:52 AM
20861A,N,O,04/07/2026 08:58:46 AM
20861B,N,O,04/07/2026 08:58:46 AM
20862A,N,O,04/07/2026 08:57:44 AM
20862B,N,V,04/07/2026 09:06:29 AM
20863A,N,O,04/07/2026 08:56:47 AM
20863B,N,V,04/07/2026 09:06:41 AM
20864A,N,O,04/07/2026 08:55:41 AM
20864B,N,V,04/06/2026 09:50:36 PM
20865A,N,O,04/07/2026 08:59:47 AM
20865B,N,O,04/07/2026 08:59:47 AM
20866A,N,O,04/07/2026 08:59:01 AM
20866B,N,O,04/07/2026 08:58:47 AM
20867A,N,O,04/07/2026 08:57:55 AM
20867B,N,O,04/07/2026 08:57:51 AM
20868A,N,O,04/07/2026 08:56:50 AM
20868B,N,O,04/06/2026 08:58:43 PM
20869A,N,O,04/06/2026 08:04:58 PM
20869B,N,O,04/07/2026 08:56:08 AM
2086A,N,O,04/07/2026 08:58:53 AM
20870B,N,O,04/07/2026 08:59:50 AM
20871A,N,V,04/06/2026 07:16:54 PM
20871B,N,O,04/07/2026 08:58:49 AM
20872A,N,O,04/07/2026 08:57:40 AM
20872B,N,O,04/07/2026 08:57:40 AM
20873A,N,O,04/06/2026 09:14:02 PM
20873B,N,O,04/07/2026 08:56:45 AM
20874A,N,O,04/06/2026 08:17:08 PM
20876A,N,O,04/07/2026 08:58:47 AM
20876B,N,O,04/07/2026 08:58:47 AM
20877A,N,O,04/06/2026 08:36:35 PM
20877B,N,O,04/07/2026 08:57:55 AM
20878A,N,O,04/07/2026 08:56:43 AM
20878B,N,O,04/07/2026 08:56:43 AM
20879A,N,O,04/07/2026 08:55:58 AM
20879B,N,O,04/07/2026 08:55:49 AM
2087A,N,O,04/07/2026 08:57:47 AM
20880A,N,O,04/07/2026 08:59:49 AM
20880B,N,O,04/06/2026 06:00:21 PM
20882A,N,O,04/07/2026 08:57:46 AM
20882B,N,O,04/07/2026 08:57:50 AM
20883A,N,O,04/07/2026 08:56:52 AM
20883B,N,O,04/07/2026 08:56:52 AM
20884A,N,O,04/07/2026 08:55:52 AM
20885A,N,O,04/06/2026 08:39:21 PM
20885B,N,O,04/07/2026 08:59:46 AM
20886A,N,O,04/07/2026 08:58:55 AM
20886B,N,O,04/07/2026 08:58:48 AM
20887A,N,O,04/07/2026 08:57:47 AM
20887B,N,O,04/07/2026 08:57:47 AM
20888A,N,O,04/07/2026 08:56:49 AM
20888B,N,O,04/07/2026 09:02:21 AM
20889A,N,O,04/07/2026 08:55:49 AM
20889B,N,O,04/07/2026 08:55:49 AM
2088A,N,O,04/07/2026 08:56:47 AM
2089A,N,O,04/07/2026 08:55:53 AM
2089B,N,O,04/07/2026 08:55:49 AM
208A,N,O,04/06/2026 09:59:33 PM
208B,N,O,04/06/2026 09:50:10 PM
20907A,N,O,04/06/2026 09:07:34 PM
20907B,N,O,04/07/2026 08:57:43 AM
20908A,N,O,04/07/2026 08:56:45 AM
20908B,N,V,04/07/2026 09:06:52 AM
20909A,N,V,04/07/2026 09:06:54 AM
20909B,N,V,04/07/2026 08:57:04 AM
2090A,N,O,04/07/2026 08:59:44 AM
2090B,N,O,04/07/2026 09:04:04 AM
20910B,N,O,04/07/2026 08:59:47 AM
20919A,N,O,04/07/2026 08:55:52 AM
2091A,N,O,04/07/2026 08:59:00 AM
2091B,N,V,04/07/2026 09:03:13 AM
20920A,N,O,04/07/2026 08:59:51 AM
20920B,N,O,04/07/2026 08:59:51 AM
20921A,N,O,04/07/2026 08:58:46 AM
20921B,N,O,04/07/2026 08:58:46 AM
20922A,N,O,04/06/2026 07:40:07 PM
20922B,N,O,04/07/2026 08:57:47 AM
20923A,N,O,04/07/2026 08:56:52 AM
20923B,N,O,04/06/2026 09:00:41 PM
2092A,N,O,04/07/2026 08:57:45 AM
2092B,N,O,04/06/2026 09:41:46 PM
20931A,N,O,04/06/2026 09:59:27 PM
20931B,N,V,04/06/2026 09:21:59 PM
20932A,N,O,04/07/2026 08:57:49 AM
20932B,N,O,04/07/2026 08:57:49 AM
20934A,N,O,04/06/2026 07:54:45 PM
20934B,N,O,04/07/2026 08:55:51 AM
20935A,N,O,04/07/2026 09:00:03 AM
20935B,N,O,04/07/2026 08:59:53 AM
20936A,N,O,10/13/2025 09:42:41 AM
20937A,N,O,04/07/2026 07:57:51 AM
20937B,N,O,04/07/2026 07:57:51 AM
20938A,N,O,04/07/2026 07:56:50 AM
20938B,N,O,04/07/2026 07:56:58 AM
20939A,N,O,04/07/2026 07:55:54 AM
20940B,N,O,04/07/2026 07:59:56 AM
20941A,NU,O,04/06/2026 07:58:51 AM
20941B,NU,O,04/05/2026 07:58:53 AM
20942A,N,O,04/07/2026 07:57:51 AM
20942B,N,O,04/07/2026 08:57:56 AM
20943A,N,O,04/06/2026 07:56:57 AM
20943B,N,O,04/07/2026 07:56:40 AM
20944A,N,O,04/07/2026 07:55:46 AM
20944B,N,O,04/07/2026 07:55:49 AM
20957A,N,O,04/07/2026 08:57:49 AM
20958A,N,O,04/07/2026 08:56:48 AM
20958B,N,O,04/07/2026 09:00:28 AM
20959A,N,O,04/07/2026 08:55:45 AM
20959B,N,O,04/07/2026 08:55:52 AM
20960A,N,O,04/07/2026 08:59:48 AM
20960B,N,O,04/07/2026 09:00:05 AM
20961A,N,O,04/07/2026 08:58:50 AM
20961B,N,O,04/06/2026 09:25:29 PM
20962A,N,O,04/07/2026 08:57:44 AM
20962B,N,O,04/07/2026 08:57:44 AM
20963A,N,O,04/07/2026 08:56:52 AM
20963B,N,O,04/07/2026 08:56:52 AM
20964A,N,O,04/07/2026 08:55:47 AM
20966A,N,V,04/07/2026 09:03:48 AM
20966B,N,O,04/07/2026 08:58:42 AM
20967A,N,V,04/07/2026 09:04:29 AM
20967B,N,V,04/06/2026 09:49:51 PM
20968B,N,O,04/06/2026 08:41:49 PM
20969A,N,V,04/06/2026 09:56:03 PM
20969B,N,O,04/07/2026 08:55:43 AM
20970A,N,O,04/07/2026 08:59:44 AM
20971A,N,O,04/07/2026 08:58:46 AM
20971B,N,O,04/06/2026 08:36:40 PM
20972A,N,O,04/07/2026 08:57:48 AM
20972B,N,O,04/06/2026 07:10:24 PM
20973A,N,O,04/07/2026 08:56:58 AM
20973B,N,V,04/07/2026 09:05:54 AM
20974A,N,O,04/07/2026 08:55:46 AM
20974B,N,O,04/07/2026 08:55:46 AM
20975A,N,O,04/06/2026 06:13:08 PM
20975B,N,O,04/07/2026 08:59:48 AM
20976A,N,V,04/07/2026 09:01:07 AM
20976B,N,O,04/07/2026 08:58:59 AM
20977A,N,O,04/07/2026 09:00:08 AM
20977B,N,O,04/06/2026 06:55:32 PM
20978A,N,V,04/07/2026 08:59:23 AM
20978B,N,O,04/07/2026 08:56:41 AM
20979A,N,V,04/07/2026 09:00:49 AM
20979B,N,O,04/07/2026 08:55:48 AM
2097B,N,O,04/06/2026 09:11:10 PM
20980A,N,O,04/06/2026 08:00:46 PM
20980B,N,O,04/07/2026 08:59:52 AM
20981B,N,O,04/07/2026 09:02:43 AM
20982A,N,O,04/06/2026 12:10:49 PM
20982B,N,O,04/07/2026 08:57:45 AM
20983A,N,V,04/07/2026 09:03:34 AM
20983B,N,V,04/07/2026 08:59:10 AM
20988A,N,O,04/07/2026 08:56:47 AM
20989A,N,O,04/07/2026 08:56:49 AM
20989B,N,O,04/07/2026 08:55:46 AM
2098A,N,O,04/06/2026 09:16:56 PM
2098B,N,O,04/06/2026 05:30:35 PM
20990A,N,O,04/07/2026 08:59:52 AM
20990B,N,O,04/07/2026 08:59:52 AM
2099A,N,O,04/06/2026 09:51:00 PM
2099B,N,O,04/06/2026 06:49:50 PM
20A,N,O,04/06/2026 09:09:51 PM
20B,N,O,04/07/2026 08:59:47 AM
21001A,N,O,04/07/2026 06:58:47 AM
21001B,N,O,04/07/2026 06:58:47 AM
21002A,N,O,04/07/2026 08:02:59 AM
21002B,N,O,04/07/2026 09:02:56 AM
21003A,N,V,04/07/2026 07:59:11 AM
21003B,N,V,04/07/2026 08:43:14 AM
21004A,N,V,04/07/2026 07:59:49 AM
21004B,N,O,04/07/2026 06:55:52 AM
21005A,N,V,04/07/2026 07:41:42 AM
21005B,N,O,04/07/2026 06:59:44 AM
21006A,N,V,04/07/2026 08:56:08 AM
21006B,N,V,04/07/2026 08:48:38 AM
21007A,N,V,04/07/2026 07:51:23 AM
21007B,N,O,04/06/2026 02:57:29 PM
21008A,N,V,04/07/2026 07:34:24 AM
21008B,N,V,04/07/2026 08:33:54 AM
21009B,N,O,04/07/2026 08:32:41 AM
2100A,N,O,04/06/2026 06:26:02 PM
2100B,N,V,04/06/2026 09:58:41 PM
21010B,N,O,04/07/2026 06:59:56 AM
21011A,N,O,04/07/2026 06:58:53 AM
21011B,N,O,04/07/2026 06:58:53 AM
21012A,N,O,04/07/2026 06:57:47 AM
21012B,N,O,04/07/2026 06:57:47 AM
21013A,N,O,04/07/2026 06:56:53 AM
21013B,N,V,04/07/2026 09:06:52 AM
21014A,N,V,04/07/2026 07:56:39 AM
21014B,N,O,04/07/2026 09:06:45 AM
21015A,N,O,04/07/2026 09:06:47 AM
21015B,N,O,04/07/2026 08:54:31 AM
21016A,N,O,04/07/2026 08:02:08 AM
21016B,N,O,04/07/2026 06:58:51 AM
21017A,N,V,04/07/2026 07:31:16 AM
21017B,N,V,04/07/2026 07:12:36 AM
21018A,N,V,04/07/2026 09:03:20 AM
21018B,N,V,04/07/2026 07:48:22 AM
21019A,N,V,04/07/2026 08:58:15 AM
21019B,N,O,04/07/2026 08:44:49 AM
2101A,N,O,04/06/2026 10:28:46 AM
2101B,N,O,04/06/2026 06:04:54 PM
21020A,N,V,04/07/2026 07:52:26 AM
21020B,N,V,04/07/2026 08:53:52 AM
21021B,N,O,04/07/2026 08:58:45 AM
21022A,N,O,04/07/2026 08:57:52 AM
21022B,N,O,04/07/2026 08:57:52 AM
21023A,N,O,04/07/2026 08:56:56 AM
21023B,N,O,04/07/2026 08:57:03 AM
21024A,N,O,04/07/2026 08:55:51 AM
21024B,N,O,04/06/2026 08:44:21 PM
2102A,N,O,04/06/2026 06:54:20 PM
2102B,N,O,04/06/2026 05:26:10 PM
21031A,N,O,04/07/2026 06:58:43 AM
21032A,N,O,04/07/2026 06:57:40 AM
21032B,N,O,04/07/2026 08:44:53 AM
21033A,N,O,04/07/2026 08:19:05 AM
21033B,N,V,04/07/2026 09:06:06 AM
21035A,N,O,04/07/2026 07:31:16 AM
21035B,N,O,04/07/2026 08:44:05 AM
21036A,N,O,04/07/2026 07:01:20 AM
21036B,N,O,04/07/2026 06:58:51 AM
21037A,N,O,04/07/2026 06:57:54 AM
21037B,N,O,04/07/2026 08:30:07 AM
21038A,N,V,04/07/2026 09:03:59 AM
21038B,N,O,04/07/2026 08:52:40 AM
21039A,N,V,04/07/2026 07:52:22 AM
21039B,N,O,04/07/2026 06:55:58 AM
21040A,N,V,04/07/2026 09:05:53 AM
21040B,N,O,04/07/2026 07:00:06 AM
21041A,N,V,04/07/2026 09:06:30 AM
21041B,N,O,04/07/2026 08:57:14 AM
21042A,N,V,04/07/2026 09:01:48 AM
21042B,N,O,04/07/2026 08:18:32 AM
21043A,N,O,04/07/2026 08:18:29 AM
21043B,N,O,04/07/2026 06:56:48 AM
21044A,N,O,04/07/2026 06:55:47 AM
21044B,N,O,04/07/2026 06:55:47 AM
21045A,N,O,04/07/2026 08:01:51 AM
21045B,N,V,04/07/2026 08:44:21 AM
21046A,N,O,04/07/2026 08:10:53 AM
21046B,N,O,04/07/2026 06:58:52 AM
21050B,N,O,04/07/2026 08:59:48 AM
21051A,N,O,04/07/2026 08:58:52 AM
21051B,N,O,04/07/2026 08:58:52 AM
21052A,N,V,04/06/2026 09:59:56 PM
21052B,N,O,04/06/2026 09:45:21 PM
21053A,N,O,04/07/2026 08:56:56 AM
21053B,N,O,04/07/2026 08:56:56 AM
21054A,N,O,04/07/2026 08:55:46 AM
21054B,N,V,04/07/2026 09:06:49 AM
21055A,N,O,04/07/2026 08:59:50 AM
21055B,N,V,04/06/2026 09:39:24 PM
21056A,N,V,04/07/2026 09:02:56 AM
21056B,N,V,04/07/2026 09:02:30 AM
21057B,N,O,04/07/2026 08:57:51 AM
21058A,N,O,04/07/2026 09:06:24 AM
21058B,N,O,04/07/2026 08:56:46 AM
21059A,N,O,04/07/2026 08:55:59 AM
21059B,N,O,04/07/2026 08:55:49 AM
21070A,N,O,04/06/2026 08:01:40 PM
21070B,N,O,04/06/2026 09:17:49 PM
21071A,N,O,04/07/2026 06:58:44 AM
21071B,N,V,04/07/2026 09:06:35 AM
21072A,N,O,04/07/2026 08:06:20 AM
21072B,N,O,04/07/2026 06:57:43 AM
21073A,N,V,04/07/2026 09:03:19 AM
21073B,N,O,04/07/2026 08:11:51 AM
21074A,N,V,04/07/2026 08:33:14 AM
21074B,N,O,04/07/2026 08:42:55 AM
21075A,N,V,04/07/2026 08:25:56 AM
21075B,N,V,04/06/2026 06:01:59 PM
21076A,N,O,04/07/2026 07:38:34 AM
21076B,N,O,04/07/2026 08:43:24 AM
21077A,N,O,04/07/2026 06:57:42 AM
21077B,N,O,04/07/2026 06:57:42 AM
21078A,N,V,04/07/2026 07:43:11 AM
21078B,N,O,04/07/2026 06:56:47 AM
21079A,N,O,04/07/2026 06:55:47 AM
21079B,N,V,04/06/2026 07:28:43 PM
21080A,N,V,04/06/2026 07:55:25 PM
21080B,N,V,04/06/2026 07:55:07 PM
21081A,N,O,04/07/2026 06:58:41 AM
21081B,N,O,04/06/2026 01:20:12 PM
21082A,N,O,04/07/2026 06:57:47 AM
21082B,N,V,04/07/2026 08:50:39 AM
21083A,N,V,04/07/2026 09:04:59 AM
21083B,N,V,04/07/2026 08:55:42 AM
21084A,N,V,04/07/2026 09:05:15 AM
21084B,N,V,04/07/2026 09:00:14 AM
21085A,N,V,04/07/2026 08:16:22 AM
21085B,N,O,04/07/2026 09:06:51 AM
21086A,N,V,04/06/2026 09:55:18 AM
21086B,N,V,04/07/2026 09:06:50 AM
21087A,N,O,04/07/2026 06:57:49 AM
21087B,N,V,04/06/2026 07:26:10 PM
21088A,N,V,04/06/2026 04:05:32 PM
21088B,N,V,04/06/2026 05:01:34 PM
21089A,N,V,04/06/2026 06:28:24 PM
21089B,N,V,04/06/2026 06:43:36 PM
21090A,N,V,04/07/2026 09:04:30 AM
21090B,N,V,04/06/2026 02:28:42 PM
21091A,N,V,04/06/2026 04:53:45 PM
21091B,N,V,04/06/2026 07:15:35 PM
21092A,N,O,04/07/2026 08:30:18 AM
21092B,N,V,04/06/2026 06:10:37 PM
21093A,N,O,04/06/2026 07:17:55 PM
21093B,N,O,04/07/2026 08:22:02 AM
21094A,N,O,04/06/2026 07:35:25 PM
21094B,N,V,04/07/2026 07:35:48 AM
21095A,N,O,04/06/2026 07:38:47 PM
21095B,N,V,04/07/2026 07:37:18 AM
21096A,N,V,04/07/2026 07:35:05 AM
21096B,N,V,04/06/2026 06:42:10 PM
21097A,N,O,04/06/2026 07:11:46 PM
21097B,N,V,04/06/2026 03:59:34 PM
21098A,N,V,04/06/2026 12:05:23 PM
21098B,N,O,04/07/2026 06:56:52 AM
21099A,N,V,04/06/2026 06:37:49 PM
21099B,N,V,04/06/2026 06:39:08 PM
2109A,N,O,04/06/2026 08:35:44 PM
2109B,N,O,04/06/2026 05:32:53 PM
210A,N,V,04/06/2026 06:58:12 PM
21100A,N,O,04/07/2026 06:59:42 AM
21100B,N,O,04/06/2026 07:59:49 PM
21101A,N,O,04/07/2026 08:21:11 AM
21101B,N,V,04/07/2026 07:59:35 AM
21102A,N,V,04/07/2026 07:59:36 AM
21102B,N,O,04/07/2026 07:33:32 AM
21103A,N,V,04/07/2026 07:59:04 AM
21103B,N,V,04/07/2026 07:59:15 AM
21104A,N,V,04/07/2026 07:59:10 AM
21104B,N,V,04/07/2026 07:14:08 AM
21105A,N,O,04/06/2026 07:48:34 PM
21105B,N,O,04/07/2026 06:59:54 AM
21106A,N,O,04/07/2026 08:21:58 AM
21106B,N,O,04/07/2026 09:05:49 AM
21107A,N,O,04/06/2026 03:59:32 PM
21107B,N,O,04/07/2026 06:57:47 AM
21108A,N,O,04/06/2026 07:48:27 PM
21108B,N,V,04/07/2026 08:33:40 AM
21109A,N,V,04/06/2026 06:46:14 PM
21109B,N,O,04/07/2026 08:44:59 AM
2110A,N,O,04/06/2026 07:00:35 PM
2110B,N,O,04/06/2026 06:32:27 PM
2119A,N,O,04/06/2026 04:05:09 PM
2119B,N,O,04/06/2026 07:14:36 PM
211A,N,V,04/06/2026 09:52:43 PM
211B,N,O,04/07/2026 08:58:51 AM
2120A,N,O,04/06/2026 06:25:14 PM
2120B,N,O,04/06/2026 09:14:27 PM
212A,N,V,04/07/2026 08:59:36 AM
212B,N,O,04/07/2026 08:57:54 AM
2132A,N,O,04/06/2026 03:28:10 PM
2132B,N,O,04/06/2026 09:47:04 PM
2133A,N,O,04/06/2026 09:57:41 PM
2133B,N,O,04/06/2026 08:54:55 PM
213A,N,V,04/06/2026 08:15:13 PM
213B,N,O,04/07/2026 08:56:48 AM
2148A,N,O,04/06/2026 12:36:50 PM
2148B,N,O,04/06/2026 08:25:32 PM
2149A,N,O,04/06/2026 12:29:24 PM
2149B,N,O,04/06/2026 11:42:49 AM
214B,N,V,04/06/2026 09:32:43 PM
2150A,N,O,04/06/2026 08:31:25 PM
2150B,N,O,04/06/2026 10:29:46 AM
21523A,N,O,04/07/2026 06:56:48 AM
21524A,N,O,04/07/2026 08:41:01 AM
21524B,N,O,04/07/2026 09:05:28 AM
21525A,N,O,04/07/2026 09:02:58 AM
21526A,N,O,04/07/2026 09:03:59 AM
21526B,N,O,04/07/2026 08:53:24 AM
21527A,N,O,04/07/2026 08:49:50 AM
21527B,N,O,04/07/2026 08:20:25 AM
21528A,N,O,04/07/2026 08:10:46 AM
21528B,N,V,04/07/2026 09:06:07 AM
21529A,N,O,04/07/2026 07:55:07 AM
21529B,N,V,04/07/2026 08:56:50 AM
21530A,N,O,04/07/2026 08:04:13 AM
21530B,N,O,04/07/2026 09:02:50 AM
21531A,N,O,04/07/2026 06:58:54 AM
21532A,N,V,04/07/2026 08:53:24 AM
21532B,N,O,04/07/2026 08:53:49 AM
21533A,N,V,04/07/2026 08:53:15 AM
21534A,N,V,04/07/2026 09:00:58 AM
21534B,N,V,04/07/2026 09:01:43 AM
21535B,N,O,04/07/2026 07:01:37 AM
21536A,N,O,04/07/2026 08:01:33 AM
21536B,N,O,04/07/2026 08:01:26 AM
21537A,N,V,04/07/2026 08:40:20 AM
21537B,N,O,04/07/2026 08:48:46 AM
21538A,N,O,04/07/2026 06:56:55 AM
21538B,N,V,04/07/2026 09:03:35 AM
21539A,N,O,04/07/2026 09:02:43 AM
21539B,N,O,04/07/2026 06:56:17 AM
21540A,N,O,04/07/2026 08:27:48 AM
21540B,N,O,04/07/2026 09:00:59 AM
21541A,N,V,04/07/2026 08:39:27 AM
21541B,N,O,04/07/2026 08:19:21 AM
21542A,N,O,04/07/2026 08:07:17 AM
21542B,N,O,04/07/2026 08:49:00 AM
21543A,N,O,04/07/2026 08:44:49 AM
21544A,N,O,04/07/2026 06:55:47 AM
21544B,N,O,04/07/2026 06:55:47 AM
21545A,N,V,04/07/2026 09:03:30 AM
21545B,N,O,04/07/2026 08:49:06 AM
21546A,N,V,04/07/2026 09:06:28 AM
21546B,N,V,04/07/2026 08:05:25 AM
21547A,N,O,04/07/2026 06:57:53 AM
21547B,N,V,04/07/2026 08:27:39 AM
21548A,N,O,04/07/2026 07:48:23 AM
21548B,N,V,04/07/2026 07:55:17 AM
21549A,N,O,04/07/2026 06:55:42 AM
21549B,N,V,04/07/2026 09:00:45 AM
21550A,N,O,04/07/2026 08:44:55 AM
21550B,N,O,04/07/2026 06:59:56 AM
21551A,N,V,04/07/2026 08:59:24 AM
21551B,N,O,04/07/2026 08:58:25 AM
21552A,N,V,04/07/2026 08:17:40 AM
21552B,N,V,04/07/2026 07:47:06 AM
21553A,N,O,04/07/2026 06:56:49 AM
21553B,N,V,04/07/2026 07:52:52 AM
21554A,N,V,04/07/2026 08:34:41 AM
21554B,N,O,04/07/2026 07:22:59 AM
21555A,N,V,04/07/2026 08:54:51 AM
21555B,N,O,04/07/2026 07:18:25 AM
21556A,N,O,04/07/2026 06:58:50 AM
21556B,N,V,04/07/2026 09:04:39 AM
21557A,N,O,04/07/2026 08:28:53 AM
21557B,N,V,04/07/2026 08:04:04 AM
21558A,N,V,04/07/2026 09:06:28 AM
21558B,N,V,04/07/2026 08:01:25 AM
21559A,N,V,04/07/2026 08:44:53 AM
21559B,N,V,04/07/2026 07:51:55 AM
21560A,N,V,04/07/2026 08:19:24 AM
21560B,N,O,04/07/2026 08:02:28 AM
21561A,N,V,04/07/2026 08:22:39 AM
21561B,N,O,04/07/2026 06:58:48 AM
21562A,N,V,04/06/2026 07:37:39 PM
21562B,N,O,04/07/2026 06:57:52 AM
21563A,N,V,04/07/2026 08:01:33 AM
21563B,N,O,04/07/2026 06:56:52 AM
21564A,N,O,04/07/2026 08:25:33 AM
21564B,N,V,04/07/2026 09:06:52 AM
21565A,N,V,04/07/2026 08:56:22 AM
21565B,N,V,04/07/2026 07:56:00 AM
21566A,N,O,04/07/2026 09:02:49 AM
21566B,N,V,04/07/2026 08:59:03 AM
21567A,N,O,04/07/2026 08:32:31 AM
21568B,N,O,04/07/2026 08:13:42 AM
21573B,N,O,04/07/2026 08:40:43 AM
21574A,N,O,04/07/2026 08:09:15 AM
21574B,N,O,04/07/2026 08:57:54 AM
21575A,N,O,04/07/2026 06:59:51 AM
21575B,N,O,04/07/2026 06:59:51 AM
21589A,N,O,04/07/2026 06:55:48 AM
21589B,N,O,04/06/2026 11:07:05 AM
21590A,NU,O,05/28/2025 06:59:42 AM
21590B,NU,O,05/28/2025 09:25:12 AM
21591A,NU,O,05/28/2025 06:58:52 AM
21591B,NU,O,05/28/2025 07:54:35 AM
21592B,NU,O,05/28/2025 08:01:04 AM
21593A,N,O,04/06/2026 02:42:27 PM
21593B,N,V,04/06/2026 02:44:58 PM
21594A,N,O,04/07/2026 08:56:03 AM
21594B,N,O,04/07/2026 09:05:02 AM
21595A,N,V,04/07/2026 09:02:27 AM
21595B,N,V,04/07/2026 08:24:59 AM
21596A,NU,V,04/06/2026 02:53:41 PM
21596B,NU,V,04/06/2026 04:51:28 PM
21597A,N,V,04/07/2026 08:18:39 AM
21597B,N,O,04/07/2026 09:06:46 AM
21598A,N,V,04/05/2026 02:46:36 PM
21598B,N,V,04/02/2026 03:00:42 PM
21599A,N,O,04/02/2026 03:01:27 PM
21599B,N,V,04/02/2026 03:04:04 PM
215A,N,V,04/06/2026 09:24:32 PM
215B,N,V,04/06/2026 05:09:03 PM
21600A,N,V,04/02/2026 11:14:37 AM
21600B,N,V,04/02/2026 11:14:59 AM
21601A,N,O,04/07/2026 06:58:52 AM
21601B,N,O,04/07/2026 06:58:52 AM
21602A,N,O,04/07/2026 06:57:49 AM
21602B,N,O,04/07/2026 06:57:49 AM
21603A,N,O,04/07/2026 08:23:42 AM
21603B,N,O,04/07/2026 08:04:14 AM
21604A,N,O,04/07/2026 08:16:15 AM
21604B,N,O,04/07/2026 08:33:40 AM
21605A,N,O,04/07/2026 07:00:00 AM
21605B,N,O,04/07/2026 06:59:51 AM
21606A,N,O,04/07/2026 06:58:49 AM
21606B,N,O,04/07/2026 07:37:49 AM
21607A,N,O,04/07/2026 08:16:25 AM
21608A,N,V,04/07/2026 07:54:20 AM
21608B,N,O,04/07/2026 06:56:53 AM
21609A,N,V,04/06/2026 06:46:28 PM
21609B,N,V,04/07/2026 08:47:15 AM
2160A,N,O,04/06/2026 06:31:28 PM
2160B,N,O,04/06/2026 09:53:52 PM
21610A,N,V,04/04/2026 05:32:33 PM
21610B,N,O,04/07/2026 07:46:20 AM
21611A,N,O,04/07/2026 06:58:52 AM
21611B,N,O,04/07/2026 06:58:45 AM
21612A,N,V,04/06/2026 11:32:47 AM
21612B,N,V,04/06/2026 05:12:08 PM
21613A,N,V,04/05/2026 12:26:44 PM
21614A,N,V,04/06/2026 05:13:18 PM
21614B,N,V,04/06/2026 04:52:08 PM
21615A,N,V,04/06/2026 03:24:50 PM
21615B,N,V,04/06/2026 05:11:42 PM
21616A,N,V,04/06/2026 03:34:16 PM
21616B,N,V,04/03/2026 05:23:51 PM
21617A,N,V,04/06/2026 03:27:46 PM
21617B,N,V,04/07/2026 09:06:23 AM
21618A,N,V,04/06/2026 04:11:54 PM
21618B,N,V,04/05/2026 04:35:31 PM
21619A,N,V,04/06/2026 03:28:12 PM
21619B,N,V,04/06/2026 04:20:20 PM
2161A,N,O,04/06/2026 09:05:33 PM
2161B,N,V,04/06/2026 09:35:23 PM
21620A,N,O,04/07/2026 09:06:48 AM
21621A,N,V,04/06/2026 07:25:34 PM
21621B,N,V,04/06/2026 07:23:53 PM
21622A,N,O,04/06/2026 07:50:47 PM
21622B,N,V,04/06/2026 07:25:44 PM
21623A,N,V,04/06/2026 06:41:37 PM
21623B,N,V,04/06/2026 06:43:33 PM
21624A,N,V,04/06/2026 03:55:39 PM
21624B,N,V,04/06/2026 05:12:13 PM
21625A,N,V,04/06/2026 06:09:36 PM
21625B,N,V,04/06/2026 04:26:03 PM
21626A,N,V,04/06/2026 06:32:50 PM
21626B,N,V,04/06/2026 05:34:41 PM
21627B,N,V,04/06/2026 07:44:37 PM
2162B,N,O,04/06/2026 07:22:22 PM
21630A,N,O,04/07/2026 08:52:06 AM
21630B,N,O,04/07/2026 08:35:59 AM
21631A,N,O,04/07/2026 08:05:02 AM
21631B,N,O,04/07/2026 08:07:18 AM
21632B,N,O,04/07/2026 08:19:37 AM
21640A,N,O,04/07/2026 09:05:49 AM
21640B,N,O,04/07/2026 06:59:52 AM
21641A,N,V,02/16/2026 10:23:38 AM
21641B,N,V,04/07/2026 08:00:05 AM
21642A,N,V,04/06/2026 04:04:41 PM
21642B,N,V,04/07/2026 08:23:09 AM
21643A,N,V,04/07/2026 09:06:51 AM
21643B,N,O,04/07/2026 06:56:53 AM
21644A,N,V,04/06/2026 04:06:25 PM
21645A,N,V,04/06/2026 04:07:27 PM
21645B,N,O,02/16/2026 12:23:44 PM
21646A,N,V,02/16/2026 11:32:41 AM
21646B,N,V,02/16/2026 12:22:17 PM
21647A,N,O,04/07/2026 06:57:44 AM
21647B,N,V,02/14/2026 03:14:21 PM
21648A,NU,O,02/09/2026 02:09:45 PM
21648B,NU,V,02/09/2026 02:09:45 PM
21649B,N,V,02/16/2026 12:20:25 PM
2164A,N,O,04/06/2026 04:53:35 PM
2164B,N,O,04/06/2026 07:23:23 PM
21650B,N,V,02/15/2026 07:56:51 PM
21651A,N,V,04/07/2026 09:05:57 AM
21651B,N,V,02/15/2026 06:40:56 PM
21652A,N,V,02/14/2026 03:28:35 PM
21652B,N,V,04/07/2026 07:30:16 AM
21653A,N,O,02/16/2026 12:16:18 PM
21653B,N,V,02/16/2026 10:09:22 AM
21654A,N,V,04/07/2026 09:06:41 AM
21654B,N,V,02/15/2026 03:34:35 PM
21655A,N,V,02/16/2026 11:39:24 AM
21655B,N,V,02/16/2026 11:16:16 AM
21656A,N,V,02/14/2026 03:26:49 PM
21656B,N,V,04/06/2026 06:26:41 PM
21657B,N,V,04/06/2026 04:13:26 PM
21658A,N,V,04/06/2026 04:14:15 PM
21658B,N,V,04/06/2026 04:14:15 PM
21659A,N,V,04/07/2026 09:06:39 AM
21659B,N,O,02/16/2026 12:07:09 PM
2165A,N,O,04/06/2026 07:57:03 PM
2165B,N,O,04/06/2026 10:44:57 AM
21660A,N,O,04/07/2026 06:59:58 AM
21660B,N,O,04/07/2026 06:59:48 AM
21661A,NU,O,02/16/2026 06:58:50 AM
2166A,N,O,04/06/2026 08:52:06 PM
2166B,N,O,04/06/2026 09:42:19 PM
2167A,N,O,04/06/2026 09:17:08 PM
2167B,N,O,04/06/2026 08:22:53 PM
216A,N,V,04/07/2026 09:05:57 AM
216B,N,V,04/06/2026 05:42:58 PM
21700A,N,O,04/07/2026 07:59:55 AM
21700B,N,O,04/07/2026 07:59:51 AM
21701A,N,O,04/07/2026 07:58:45 AM
21701B,N,O,04/07/2026 07:58:41 AM
21702A,N,V,04/07/2026 08:51:00 AM
21702B,N,O,04/07/2026 08:52:43 AM
21703A,N,O,04/07/2026 07:56:51 AM
21703B,N,O,04/07/2026 07:56:51 AM
217A,N,V,04/06/2026 05:34:41 PM
217B,N,V,04/06/2026 04:52:51 PM
218A,N,V,04/07/2026 09:05:41 AM
218B,N,O,04/07/2026 08:56:51 AM
21A,N,O,04/07/2026 08:59:22 AM
21B,N,O,04/07/2026 09:03:50 AM
22001A,N,V,04/06/2026 09:58:49 PM
22001B,N,O,04/06/2026 09:56:07 PM
22002A,N,O,04/06/2026 07:25:57 PM
22002B,N,V,04/06/2026 09:30:23 PM
22003A,N,V,04/06/2026 09:55:33 PM
22003B,N,O,04/06/2026 06:19:33 PM
22004A,N,O,04/06/2026 02:25:00 PM
22004B,N,O,04/06/2026 05:24:12 PM
22005A,N,O,04/06/2026 05:07:31 PM
22006A,N,O,04/07/2026 08:58:41 AM
22006B,N,O,04/07/2026 08:58:50 AM
22007A,N,O,04/07/2026 08:57:41 AM
22007B,N,O,04/07/2026 08:57:49 AM
22008A,N,O,04/07/2026 08:56:53 AM
22008B,N,O,04/07/2026 08:56:53 AM
22009A,N,O,04/07/2026 08:56:01 AM
22009B,N,O,04/07/2026 08:55:54 AM
22010A,N,O,04/07/2026 08:59:47 AM
22010B,N,O,04/07/2026 08:59:51 AM
22012A,N,O,04/07/2026 08:57:51 AM
22012B,N,O,04/07/2026 08:57:51 AM
22013A,N,O,04/07/2026 08:56:42 AM
22013B,N,O,04/07/2026 08:57:42 AM
22014A,N,O,04/07/2026 08:55:43 AM
22014B,N,O,04/07/2026 08:55:43 AM
22015A,N,O,04/07/2026 08:59:47 AM
22015B,N,O,04/07/2026 08:59:51 AM
22016A,N,O,04/06/2026 02:30:46 PM
22016B,N,O,04/06/2026 02:07:12 PM
22017A,N,O,04/07/2026 08:57:43 AM
22018A,N,O,04/07/2026 08:56:46 AM
22018B,N,V,04/06/2026 09:15:47 PM
22020A,N,O,04/06/2026 07:33:51 PM
22021A,N,O,04/06/2026 09:21:27 PM
22021B,N,O,04/06/2026 08:48:27 PM
22022A,N,O,04/06/2026 08:54:32 PM
22022B,N,O,04/06/2026 09:07:45 PM
22023A,N,O,04/06/2026 08:22:23 PM
22023B,N,O,04/06/2026 08:34:03 PM
22024A,N,O,04/06/2026 09:05:11 PM
22024B,N,V,04/06/2026 09:55:43 PM
22025A,N,O,04/07/2026 08:59:50 AM
22025B,N,O,04/06/2026 09:09:50 PM
22026A,N,O,04/07/2026 08:58:47 AM
22026B,N,O,04/07/2026 08:58:47 AM
22027A,N,O,04/07/2026 08:57:45 AM
22027B,N,O,04/07/2026 08:57:52 AM
22028A,N,O,04/07/2026 08:56:49 AM
22028B,N,O,04/07/2026 08:58:29 AM
22029B,N,V,04/07/2026 09:06:47 AM
22031A,N,O,04/07/2026 08:58:52 AM
22031B,N,O,04/07/2026 08:58:52 AM
22032A,N,V,04/06/2026 03:55:49 PM
22032B,N,O,04/07/2026 08:57:48 AM
22033B,N,O,04/07/2026 08:56:49 AM
22034A,N,O,04/06/2026 09:45:36 PM
22034B,N,O,04/07/2026 08:55:58 AM
22035A,N,O,04/07/2026 08:59:48 AM
22035B,N,O,04/07/2026 08:59:48 AM
22036A,N,V,04/07/2026 09:02:15 AM
22036B,N,O,04/06/2026 07:45:22 PM
22037A,N,O,04/06/2026 08:35:59 PM
22038A,N,O,04/07/2026 08:56:47 AM
22038B,N,V,04/06/2026 06:15:27 PM
22039A,N,O,04/07/2026 08:55:51 AM
22039B,N,V,04/06/2026 09:55:54 PM
22040A,N,V,04/07/2026 09:01:13 AM
22040B,N,V,04/06/2026 09:19:59 PM
22041A,N,V,04/06/2026 09:55:47 PM
22041B,N,V,04/06/2026 09:57:40 PM
22042A,N,O,04/07/2026 08:57:50 AM
22042B,N,O,04/06/2026 06:02:14 PM
22043A,N,O,04/07/2026 08:56:48 AM
22043B,N,O,04/06/2026 08:49:25 PM
22044A,N,O,04/07/2026 08:55:44 AM
22044B,N,O,04/07/2026 08:55:44 AM
22045A,N,O,04/07/2026 08:59:40 AM
22045B,N,O,04/07/2026 08:59:47 AM
22046A,N,O,04/07/2026 08:58:40 AM
22046B,N,O,04/07/2026 08:58:40 AM
22047A,N,O,04/07/2026 08:57:48 AM
22047B,N,O,04/07/2026 08:57:48 AM
22048A,N,O,04/07/2026 08:56:52 AM
22048B,N,O,04/07/2026 08:56:52 AM
22049A,N,O,04/07/2026 08:55:49 AM
22049B,N,O,04/06/2026 09:58:24 PM
22050A,N,O,04/07/2026 08:59:51 AM
22050B,N,V,04/07/2026 09:04:12 AM
22051A,N,O,04/06/2026 08:58:41 AM
22051B,N,O,04/07/2026 08:58:41 AM
22052A,N,O,04/07/2026 08:57:46 AM
22053A,N,O,04/07/2026 08:56:49 AM
22053B,N,O,04/06/2026 07:46:44 PM
22054A,N,O,04/07/2026 08:55:48 AM
22054B,N,O,04/07/2026 08:55:48 AM
22055B,N,O,04/07/2026 08:59:49 AM
22059A,N,O,04/06/2026 09:21:47 PM
22059B,N,O,04/06/2026 09:23:56 PM
22060A,N,O,04/06/2026 03:52:38 PM
22060B,N,O,04/06/2026 09:59:59 AM
22061A,N,O,04/06/2026 05:12:15 PM
22062A,N,V,04/06/2026 09:55:35 PM
22062B,N,O,04/06/2026 09:56:09 PM
22063A,N,O,04/06/2026 09:57:23 AM
22063B,N,V,04/06/2026 09:03:11 PM
22065A,N,O,04/07/2026 08:59:47 AM
22066A,N,O,04/07/2026 08:58:45 AM
22066B,N,O,04/06/2026 07:13:23 PM
22067A,N,O,04/07/2026 08:57:41 AM
22067B,N,O,04/07/2026 08:58:26 AM
22068A,N,O,04/07/2026 08:56:47 AM
22068B,N,O,04/07/2026 08:56:54 AM
22069A,N,O,04/06/2026 06:33:50 PM
22069B,N,O,04/07/2026 08:55:45 AM
22070A,N,O,04/07/2026 08:59:43 AM
22071A,N,O,04/07/2026 08:58:55 AM
22071B,N,O,04/07/2026 08:58:51 AM
22072A,N,O,04/06/2026 09:09:56 PM
22072B,N,O,04/07/2026 08:57:54 AM
22073A,N,O,04/07/2026 09:02:41 AM
22073B,N,O,04/07/2026 08:56:48 AM
22074A,N,O,04/07/2026 08:55:55 AM
22074B,N,O,04/07/2026 08:55:45 AM
22075A,N,V,04/07/2026 09:00:22 AM
22075B,N,O,04/06/2026 05:17:35 PM
22076A,N,O,04/06/2026 04:42:29 PM
22076B,N,O,04/07/2026 08:58:52 AM
22077A,N,O,04/07/2026 08:58:08 AM
22077B,N,O,04/06/2026 08:50:39 PM
22078A,N,V,04/06/2026 06:57:06 PM
22078B,N,O,04/06/2026 07:49:05 PM
22080A,N,O,04/06/2026 10:00:37 AM
22080B,N,O,04/06/2026 09:59:59 AM
22081A,N,O,04/06/2026 09:54:56 PM
22081B,N,O,04/06/2026 09:58:48 AM
22082A,N,O,04/06/2026 09:57:51 AM
22082B,N,O,04/06/2026 05:10:34 PM
22083A,N,O,04/06/2026 09:56:50 AM
22083B,N,O,04/05/2026 09:58:08 AM
22084A,N,V,04/06/2026 09:53:48 PM
22084B,N,O,04/06/2026 09:55:51 AM
22085A,N,O,04/06/2026 10:00:27 AM
22085B,N,V,04/06/2026 07:58:29 PM
22086A,N,O,04/06/2026 09:59:01 AM
22086B,N,O,04/06/2026 09:58:53 AM
22087A,N,O,04/06/2026 03:33:36 PM
22087B,N,O,04/06/2026 09:57:54 AM
22088A,N,O,04/06/2026 04:02:31 PM
22088B,N,O,04/05/2026 09:56:48 AM
22089A,N,O,04/06/2026 09:55:56 AM
22089B,N,O,04/06/2026 12:27:52 PM
22090A,N,O,04/06/2026 12:28:03 PM
22090B,N,O,04/06/2026 09:59:58 PM
22091A,N,O,04/04/2026 12:30:41 PM
22091B,N,O,04/06/2026 03:32:27 PM
22092A,N,O,04/06/2026 10:16:02 AM
22092B,N,O,04/06/2026 09:57:46 AM
22093A,N,O,04/06/2026 09:56:48 AM
22093B,N,O,04/06/2026 01:49:47 PM
22094A,N,O,04/06/2026 05:19:03 PM
22094B,N,O,04/06/2026 09:55:51 AM
22095A,N,O,04/06/2026 02:48:39 PM
22095B,N,O,04/06/2026 09:59:51 AM
22096A,N,O,04/06/2026 11:01:24 AM
22096B,N,O,04/06/2026 09:58:55 AM
22097A,N,O,04/06/2026 09:57:55 AM
22097B,N,O,04/06/2026 06:46:58 PM
22098A,N,O,04/07/2026 08:57:52 AM
22098B,N,O,04/07/2026 08:57:07 AM
22099A,N,O,04/06/2026 08:55:52 AM
22099B,N,O,04/07/2026 08:55:56 AM
22100A,N,O,04/07/2026 08:59:51 AM
22100B,N,O,04/07/2026 08:59:51 AM
22101A,N,O,04/07/2026 08:58:52 AM
22101B,N,O,04/07/2026 08:58:52 AM
22102A,N,O,04/07/2026 08:57:47 AM
22102B,N,O,04/07/2026 08:57:47 AM
22103B,N,O,04/07/2026 08:56:48 AM
22104A,N,O,04/07/2026 08:55:45 AM
22104B,N,O,04/07/2026 08:55:45 AM
22105A,NU,O,04/05/2026 08:59:51 AM
22105B,NU,O,04/06/2026 08:59:54 AM
22106A,N,O,04/06/2026 08:58:44 AM
22106B,N,O,04/07/2026 08:59:07 AM
22110A,N,O,04/07/2026 08:59:53 AM
22110B,N,O,04/07/2026 08:59:53 AM
22111A,N,O,04/07/2026 08:58:57 AM
22111B,N,O,04/07/2026 08:58:46 AM
22112A,N,O,04/07/2026 08:57:44 AM
22112B,N,O,04/06/2026 02:59:12 PM
22113A,N,O,04/07/2026 08:57:00 AM
22113B,N,O,04/07/2026 08:56:43 AM
22114A,N,O,04/07/2026 08:55:54 AM
22114B,N,O,04/07/2026 08:55:46 AM
22115A,N,O,04/07/2026 08:59:55 AM
22115B,N,O,04/07/2026 09:00:03 AM
22116A,N,O,04/07/2026 08:58:53 AM
22116B,N,O,04/07/2026 08:58:46 AM
22117A,N,O,04/07/2026 08:58:37 AM
22117B,N,O,04/07/2026 08:58:09 AM
22118A,N,O,04/07/2026 08:57:05 AM
22118B,N,O,04/07/2026 08:56:54 AM
22119A,N,O,04/07/2026 08:56:51 AM
22120A,N,O,04/07/2026 08:59:51 AM
22120B,N,V,04/07/2026 09:06:38 AM
22121A,N,V,04/06/2026 07:53:17 PM
22121B,N,O,04/07/2026 08:58:49 AM
22122A,N,O,04/07/2026 08:57:39 AM
22122B,N,O,04/07/2026 08:57:39 AM
22123A,N,O,04/05/2026 07:34:26 PM
22123B,N,O,04/07/2026 08:56:50 AM
22125B,N,O,04/06/2026 08:59:17 PM
22126A,N,O,04/07/2026 08:59:18 AM
22126B,N,O,04/07/2026 08:59:41 AM
22127A,N,O,04/07/2026 08:57:43 AM
22127B,N,O,04/07/2026 08:57:43 AM
22128A,N,O,04/06/2026 09:50:23 PM
22128B,N,O,04/07/2026 08:56:49 AM
22129A,N,O,04/07/2026 08:55:52 AM
22129B,N,V,04/06/2026 09:21:44 PM
22130A,N,O,04/07/2026 09:00:59 AM
22130B,N,V,04/06/2026 09:50:42 PM
22131A,N,V,04/06/2026 09:41:30 PM
22131B,N,V,04/06/2026 06:27:32 PM
22132A,N,O,04/07/2026 08:57:43 AM
22132B,N,V,04/07/2026 09:02:25 AM
22133A,N,O,04/06/2026 09:46:05 PM
22133B,N,O,04/07/2026 08:56:50 AM
22134A,N,V,04/06/2026 07:58:52 PM
22135B,N,V,04/07/2026 09:05:24 AM
