label,query,subcategory,exact_name,name_contains,district,aliases_en,aliases_zh,append_to,limit,enabled
沙角邨A座雲雀樓,沙角邨A座雲雀樓,housingEstate,沙角邨A座雲雀樓,,,,,,1,true
新翠邨新芳樓A,新翠邨新芳樓A,housingEstate,新翠邨新芳樓A,,,,,,1,true
觀龍樓A座天台禮堂,觀龍樓A座天台禮堂,housingEstate,觀龍樓A座天台禮堂,,,,,,1,true
鴨脷洲邨,鴨脷洲邨,housingEstate,鴨脷洲邨,,,,,,1,true
鴨脷洲邨利澤樓,鴨脷洲邨利澤樓,housingEstate,鴨脷洲邨利澤樓,,,,,,1,true
鴨脷洲邨利怡樓-鴨脷洲幼兒中心旁,鴨脷洲邨利怡樓-鴨脷洲幼兒中心旁,housingEstate,鴨脷洲邨利怡樓-鴨脷洲幼兒中心旁,,,,,,1,true
鴨脷洲邨利福樓低座,鴨脷洲邨利福樓低座,housingEstate,鴨脷洲邨利福樓低座,,,,,,1,true
北港坳村公所,北港坳村公所,housingEstate,北港坳村公所,,,,,,1,true
漁光邨海鷗樓,漁光邨海鷗樓,housingEstate,漁光邨海鷗樓,,,,,,1,true
嘉福苑B座,嘉福苑B座,housingEstate,嘉福苑B座,,,,,,1,true
培澤軒B座,培澤軒B座,housingEstate,培澤軒B座,,,,,,1,true
飛鵝花園B座,飛鵝花園B座,housingEstate,飛鵝花園B座,,,,,,1,true
曉華花園B座,曉華花園B座,housingEstate,曉華花園B座,,,,,,1,true
翠怡花園B座,翠怡花園B座,housingEstate,翠怡花園B座,,,,,,1,true
威皇花園B座,威皇花園B座,housingEstate,威皇花園B座,,,,,,1,true
陶苑B座,陶苑B座,housingEstate,陶苑B座,,,,,,1,true
芝蘭苑A-B座,芝蘭苑A-B座,housingEstate,芝蘭苑A-B座,,,,,,1,true
瑩苑B,瑩苑B,housingEstate,瑩苑B,,,,,,1,true
麗苑B,麗苑B,housingEstate,麗苑B,,,,,,1,true
慧苑B,慧苑B,housingEstate,慧苑B,,,,,,1,true
珀苑B,珀苑B,housingEstate,珀苑B,,,,,,1,true
德苑B,德苑B,housingEstate,德苑B,,,,,,1,true
明苑B,明苑B,housingEstate,明苑B,,,,,,1,true
嘉福苑C座,嘉福苑C座,housingEstate,嘉福苑C座,,,,,,1,true
曉華花園C座,曉華花園C座,housingEstate,曉華花園C座,,,,,,1,true
翠怡花園C座,翠怡花園C座,housingEstate,翠怡花園C座,,,,,,1,true
威皇花園C座,威皇花園C座,housingEstate,威皇花園C座,,,,,,1,true
陶苑C座,陶苑C座,housingEstate,陶苑C座,,,,,,1,true
翰林苑C座,翰林苑C座,housingEstate,翰林苑C座,,,,,,1,true
福臨閣C座,福臨閣C座,housingEstate,福臨閣C座,,,,,,1,true
逸苑C座,逸苑C座,housingEstate,逸苑C座,,,,,,1,true
富林花園C座,富林花園C座,housingEstate,富林花園C座,,,,,,1,true
富興花園C座,富興花園C座,housingEstate,富興花園C座,,,,,,1,true
怡翠花園C座,怡翠花園C座,housingEstate,怡翠花園C座,,,,,,1,true
祈德尊新邨C座,祈德尊新邨C座,housingEstate,祈德尊新邨C座,,,,,,1,true
河畔花園C,河畔花園C,housingEstate,河畔花園C,,,,,,1,true
湖景花園C,湖景花園C,housingEstate,湖景花園C,,,,,,1,true
豐林閣C座,豐林閣C座,housingEstate,豐林閣C座,,,,,,1,true
碧浪苑C座,碧浪苑C座,housingEstate,碧浪苑C座,,,,,,1,true
康怡居二期C座,康怡居二期C座,housingEstate,康怡居二期C座,,,,,,1,true
豪苑C座,豪苑C座,housingEstate,豪苑C座,,,,,,1,true
寶苑C座,寶苑C座,housingEstate,寶苑C座,,,,,,1,true
立德台D座,立德台D座,housingEstate,立德台D座,,,,,,1,true
嘉福苑D座,嘉福苑D座,housingEstate,嘉福苑D座,,,,,,1,true
曉華花園D座,曉華花園D座,housingEstate,曉華花園D座,,,,,,1,true
翠怡花園D座,翠怡花園D座,housingEstate,翠怡花園D座,,,,,,1,true
威皇花園D座,威皇花園D座,housingEstate,威皇花園D座,,,,,,1,true
陶苑D座,陶苑D座,housingEstate,陶苑D座,,,,,,1,true
翰林苑D座,翰林苑D座,housingEstate,翰林苑D座,,,,,,1,true
富林花園D座,富林花園D座,housingEstate,富林花園D座,,,,,,1,true
富興花園D座,富興花園D座,housingEstate,富興花園D座,,,,,,1,true
怡翠花園D座,怡翠花園D座,housingEstate,怡翠花園D座,,,,,,1,true
河畔花園D,河畔花園D,housingEstate,河畔花園D,,,,,,1,true
湖景花園D,湖景花園D,housingEstate,湖景花園D,,,,,,1,true
豐林閣D座,豐林閣D座,housingEstate,豐林閣D座,,,,,,1,true
碧浪苑D座,碧浪苑D座,housingEstate,碧浪苑D座,,,,,,1,true
康怡居二期D座,康怡居二期D座,housingEstate,康怡居二期D座,,,,,,1,true
寶苑D座,寶苑D座,housingEstate,寶苑D座,,,,,,1,true
飛鵝花園E座,飛鵝花園E座,housingEstate,飛鵝花園E座,,,,,,1,true
曉華花園E座,曉華花園E座,housingEstate,曉華花園E座,,,,,,1,true
翠怡花園E座,翠怡花園E座,housingEstate,翠怡花園E座,,,,,,1,true
威皇花園E座,威皇花園E座,housingEstate,威皇花園E座,,,,,,1,true
陶苑E座,陶苑E座,housingEstate,陶苑E座,,,,,,1,true
翰林苑E座,翰林苑E座,housingEstate,翰林苑E座,,,,,,1,true
富林花園E座,富林花園E座,housingEstate,富林花園E座,,,,,,1,true
富興花園E座,富興花園E座,housingEstate,富興花園E座,,,,,,1,true
怡翠花園E座,怡翠花園E座,housingEstate,怡翠花園E座,,,,,,1,true
河畔花園E,河畔花園E,housingEstate,河畔花園E,,,,,,1,true
湖景花園E,湖景花園E,housingEstate,湖景花園E,,,,,,1,true
豐林閣E座,豐林閣E座,housingEstate,豐林閣E座,,,,,,1,true
碧浪苑E座,碧浪苑E座,housingEstate,碧浪苑E座,,,,,,1,true
康怡居二期E座,康怡居二期E座,housingEstate,康怡居二期E座,,,,,,1,true
寶苑E座,寶苑E座,housingEstate,寶苑E座,,,,,,1,true
芳苑E座,芳苑E座,housingEstate,芳苑E座,,,,,,1,true
豪苑E座,豪苑E座,housingEstate,豪苑E座,,,,,,1,true
金苑E座,金苑E座,housingEstate,金苑E座,,,,,,1,true
鳳苑E座,鳳苑E座,housingEstate,鳳苑E座,,,,,,1,true
杏花村俱樂部,杏花村俱樂部,housingEstate,杏花村俱樂部,,,,,,1,true
杏花邨遊樂場,杏花邨遊樂場,housingEstate,杏花邨遊樂場,,,,,,1,true
龍虎山觀景台,龍虎山觀景台,housingEstate,龍虎山觀景台,,,,,,1,true
薄扶林觀景台,薄扶林觀景台,housingEstate,薄扶林觀景台,,,,,,1,true
房屋署樂富邨辦事處,房屋署樂富邨辦事處,housingEstate,房屋署樂富邨辦事處,,,,,,1,true
曉華花園G座,曉華花園G座,housingEstate,曉華花園G座,,,,,,1,true
陶苑G座,陶苑G座,housingEstate,陶苑G座,,,,,,1,true
威皇花園G座,威皇花園G座,housingEstate,威皇花園G座,,,,,,1,true
翰林苑G座,翰林苑G座,housingEstate,翰林苑G座,,,,,,1,true
富林花園G座,富林花園G座,housingEstate,富林花園G座,,,,,,1,true
富興花園G座,富興花園G座,housingEstate,富興花園G座,,,,,,1,true
怡翠花園G座,怡翠花園G座,housingEstate,怡翠花園G座,,,,,,1,true
湖景花園G,湖景花園G,housingEstate,湖景花園G,,,,,,1,true
豐林閣G座,豐林閣G座,housingEstate,豐林閣G座,,,,,,1,true
碧浪苑G座,碧浪苑G座,housingEstate,碧浪苑G座,,,,,,1,true
芳苑G座,芳苑G座,housingEstate,芳苑G座,,,,,,1,true
金苑G座,金苑G座,housingEstate,金苑G座,,,,,,1,true
鳳苑G座,鳳苑G座,housingEstate,鳳苑G座,,,,,,1,true
康怡花園G座,康怡花園G座,housingEstate,康怡花園G座,,,,,,1,true
碧麗閣G座,碧麗閣G座,housingEstate,碧麗閣G座,,,,,,1,true
寶翠花園G,寶翠花園G,housingEstate,寶翠花園G,,,,,,1,true
寶馬臺G座,寶馬臺G座,housingEstate,寶馬臺G座,,,,,,1,true
雅麗苑G座,雅麗苑G座,housingEstate,雅麗苑G座,,,,,,1,true
竹柏苑G座,竹柏苑G座,housingEstate,竹柏苑G座,,,,,,1,true
蔚林居G座,蔚林居G座,housingEstate,蔚林居G座,,,,,,1,true
富林苑G座,富林苑G座,housingEstate,富林苑G座,,,,,,1,true
南莊苑G座,南莊苑G座,housingEstate,南莊苑G座,,,,,,1,true
嘉翠苑G座,嘉翠苑G座,housingEstate,嘉翠苑G座,,,,,,1,true
麗豪軒G座,麗豪軒G座,housingEstate,麗豪軒G座,,,,,,1,true
翠安閣G座,翠安閣G座,housingEstate,翠安閣G座,,,,,,1,true
詠柏苑G座,詠柏苑G座,housingEstate,詠柏苑G座,,,,,,1,true
文豐苑G座,文豐苑G座,housingEstate,文豐苑G座,,,,,,1,true
安居通長者家居用品店(港島東),安居通長者家居用品店(港島東),housingEstate,安居通長者家居用品店(港島東),,,,,,1,true
何文田邨景文樓,何文田邨景文樓,housingEstate,何文田邨景文樓,,,,,,1,true
何文田邨適文樓,何文田邨適文樓,housingEstate,何文田邨適文樓,,,,,,1,true
安居通長者家居用品店(何文田),安居通長者家居用品店(何文田),housingEstate,安居通長者家居用品店(何文田),,,,,,1,true
何文田邨綺文樓,何文田邨綺文樓,housingEstate,何文田邨綺文樓,,,,,,1,true
寶栢苑一期第1座,寶栢苑一期第1座,housingEstate,寶栢苑一期第1座,,,,,,1,true
畢架山花園第一期1座,畢架山花園第一期1座,housingEstate,畢架山花園第一期1座,,,,,,1,true
麗城花園第一期第1座,麗城花園第一期第1座,housingEstate,麗城花園第一期第1座,,,,,,1,true
富怡花園第一期第一座,富怡花園第一期第一座,housingEstate,富怡花園第一期第一座,,,,,,1,true
大興花園第一期第1座,大興花園第一期第1座,housingEstate,大興花園第一期第1座,,,,,,1,true
諾士佛臺一號,諾士佛臺一號,housingEstate,諾士佛臺一號,,,,,,1,true
曉華花園J座,曉華花園J座,housingEstate,曉華花園J座,,,,,,1,true
威皇花園J座,威皇花園J座,housingEstate,威皇花園J座,,,,,,1,true
陶苑J座,陶苑J座,housingEstate,陶苑J座,,,,,,1,true
怡翠花園J座,怡翠花園J座,housingEstate,怡翠花園J座,,,,,,1,true
湖景花園J,湖景花園J,housingEstate,湖景花園J,,,,,,1,true
豐林閣J座,豐林閣J座,housingEstate,豐林閣J座,,,,,,1,true
鳳苑J座,鳳苑J座,housingEstate,鳳苑J座,,,,,,1,true
康怡花園J座,康怡花園J座,housingEstate,康怡花園J座,,,,,,1,true
寶馬臺J座,寶馬臺J座,housingEstate,寶馬臺J座,,,,,,1,true
竹柏苑J座,竹柏苑J座,housingEstate,竹柏苑J座,,,,,,1,true
南莊苑J座,南莊苑J座,housingEstate,南莊苑J座,,,,,,1,true
嘉翠苑J座,嘉翠苑J座,housingEstate,嘉翠苑J座,,,,,,1,true
翠安閣J座,翠安閣J座,housingEstate,翠安閣J座,,,,,,1,true
文豐苑J座,文豐苑J座,housingEstate,文豐苑J座,,,,,,1,true
明謙居J座,明謙居J座,housingEstate,明謙居J座,,,,,,1,true
海景台J座,海景台J座,housingEstate,海景台J座,,,,,,1,true
麒麟閣J座,麒麟閣J座,housingEstate,麒麟閣J座,,,,,,1,true
頌榮居J座,頌榮居J座,housingEstate,頌榮居J座,,,,,,1,true
薈澄居J座,薈澄居J座,housingEstate,薈澄居J座,,,,,,1,true
碧戶軒J座,碧戶軒J座,housingEstate,碧戶軒J座,,,,,,1,true
葆琳居J座,葆琳居J座,housingEstate,葆琳居J座,,,,,,1,true
荃威花園J座,荃威花園J座,housingEstate,荃威花園J座,,,,,,1,true
淘大花園J座,淘大花園J座,housingEstate,淘大花園J座,,,,,,1,true
雅妍花苑J座,雅妍花苑J座,housingEstate,雅妍花苑J座,,,,,,1,true
天龍花園J座,天龍花園J座,housingEstate,天龍花園J座,,,,,,1,true
曉華花園K座,曉華花園K座,housingEstate,曉華花園K座,,,,,,1,true
威皇花園K座,威皇花園K座,housingEstate,威皇花園K座,,,,,,1,true
陶苑K座,陶苑K座,housingEstate,陶苑K座,,,,,,1,true
富興花園K座,富興花園K座,housingEstate,富興花園K座,,,,,,1,true
怡翠花園K座,怡翠花園K座,housingEstate,怡翠花園K座,,,,,,1,true
湖景花園K,湖景花園K,housingEstate,湖景花園K,,,,,,1,true
豐林閣K座,豐林閣K座,housingEstate,豐林閣K座,,,,,,1,true
康怡花園K座,康怡花園K座,housingEstate,康怡花園K座,,,,,,1,true
寶馬臺K座,寶馬臺K座,housingEstate,寶馬臺K座,,,,,,1,true
竹柏苑K座,竹柏苑K座,housingEstate,竹柏苑K座,,,,,,1,true
南莊苑K座,南莊苑K座,housingEstate,南莊苑K座,,,,,,1,true
嘉翠苑K座,嘉翠苑K座,housingEstate,嘉翠苑K座,,,,,,1,true
翠安閣K座,翠安閣K座,housingEstate,翠安閣K座,,,,,,1,true
文豐苑K座,文豐苑K座,housingEstate,文豐苑K座,,,,,,1,true
明謙居K座,明謙居K座,housingEstate,明謙居K座,,,,,,1,true
秀境臺K座,秀境臺K座,housingEstate,秀境臺K座,,,,,,1,true
碧戶軒K座,碧戶軒K座,housingEstate,碧戶軒K座,,,,,,1,true
麒麟閣K座,麒麟閣K座,housingEstate,麒麟閣K座,,,,,,1,true
頌榮居K座,頌榮居K座,housingEstate,頌榮居K座,,,,,,1,true
薈澄居K座,薈澄居K座,housingEstate,薈澄居K座,,,,,,1,true
葆琳居K座,葆琳居K座,housingEstate,葆琳居K座,,,,,,1,true
菁裕臺K座,菁裕臺K座,housingEstate,菁裕臺K座,,,,,,1,true
海福苑K座,海福苑K座,housingEstate,海福苑K座,,,,,,1,true
翠林苑K座,翠林苑K座,housingEstate,翠林苑K座,,,,,,1,true
瓊林苑K座,瓊林苑K座,housingEstate,瓊林苑K座,,,,,,1,true
新輝苑K座,新輝苑K座,housingEstate,新輝苑K座,,,,,,1,true
荃威花園K座,荃威花園K座,housingEstate,荃威花園K座,,,,,,1,true
淘大花園K座,淘大花園K座,housingEstate,淘大花園K座,,,,,,1,true
曉華花園N座,曉華花園N座,housingEstate,曉華花園N座,,,,,,1,true
威皇花園N座,威皇花園N座,housingEstate,威皇花園N座,,,,,,1,true
怡翠花園N座,怡翠花園N座,housingEstate,怡翠花園N座,,,,,,1,true
湖景花園N,湖景花園N,housingEstate,湖景花園N,,,,,,1,true
豐林閣N座,豐林閣N座,housingEstate,豐林閣N座,,,,,,1,true
康怡花園N座,康怡花園N座,housingEstate,康怡花園N座,,,,,,1,true
寶馬臺N座,寶馬臺N座,housingEstate,寶馬臺N座,,,,,,1,true
竹柏苑N座,竹柏苑N座,housingEstate,竹柏苑N座,,,,,,1,true
南莊苑N座,南莊苑N座,housingEstate,南莊苑N座,,,,,,1,true
翠安閣N座,翠安閣N座,housingEstate,翠安閣N座,,,,,,1,true
君逸軒N座,君逸軒N座,housingEstate,君逸軒N座,,,,,,1,true
明謙居N座,明謙居N座,housingEstate,明謙居N座,,,,,,1,true
秀境臺N座,秀境臺N座,housingEstate,秀境臺N座,,,,,,1,true
荃威花園N座,荃威花園N座,housingEstate,荃威花園N座,,,,,,1,true
淘大花園N座,淘大花園N座,housingEstate,淘大花園N座,,,,,,1,true
松柏花園N座,松柏花園N座,housingEstate,松柏花園N座,,,,,,1,true
金安花園N座,金安花園N座,housingEstate,金安花園N座,,,,,,1,true
鳳崗花園N座,鳳崗花園N座,housingEstate,鳳崗花園N座,,,,,,1,true
卓雅花園N座,卓雅花園N座,housingEstate,卓雅花園N座,,,,,,1,true
慶庭雅苑N座,慶庭雅苑N座,housingEstate,慶庭雅苑N座,,,,,,1,true
菁裕臺N座,菁裕臺N座,housingEstate,菁裕臺N座,,,,,,1,true
新輝苑N座,新輝苑N座,housingEstate,新輝苑N座,,,,,,1,true
大夫第花園N座,大夫第花園N座,housingEstate,大夫第花園N座,,,,,,1,true
均富花園N座,均富花園N座,housingEstate,均富花園N座,,,,,,1,true
振聲花園N座,振聲花園N座,housingEstate,振聲花園N座,,,,,,1,true
富興花園N座,富興花園N座,housingEstate,富興花園N座,,,,,,1,true
福麗花園N座,福麗花園N座,housingEstate,福麗花園N座,,,,,,1,true
大埔花園N座,大埔花園N座,housingEstate,大埔花園N座,,,,,,1,true
美景臺M-N座,美景臺M-N座,housingEstate,美景臺M-N座,,,,,,1,true
綠楊新邨N座,綠楊新邨N座,housingEstate,綠楊新邨N座,,,,,,1,true
清水灣花園N座,清水灣花園N座,housingEstate,清水灣花園N座,,,,,,1,true
石澳鄉村俱樂部,石澳鄉村俱樂部,housingEstate,石澳鄉村俱樂部,,,,,,1,true
大埔滘花園,大埔滘花園,housingEstate,大埔滘花園,,,,,,1,true
威皇花園Q座,威皇花園Q座,housingEstate,威皇花園Q座,,,,,,1,true
湖景花園Q,湖景花園Q,housingEstate,湖景花園Q,,,,,,1,true
康怡花園Q座,康怡花園Q座,housingEstate,康怡花園Q座,,,,,,1,true
寶馬臺Q座,寶馬臺Q座,housingEstate,寶馬臺Q座,,,,,,1,true
南莊苑Q座,南莊苑Q座,housingEstate,南莊苑Q座,,,,,,1,true
翠安閣Q座,翠安閣Q座,housingEstate,翠安閣Q座,,,,,,1,true
秀境臺Q座,秀境臺Q座,housingEstate,秀境臺Q座,,,,,,1,true
荃威花園Q座,荃威花園Q座,housingEstate,荃威花園Q座,,,,,,1,true
淘大花園Q座,淘大花園Q座,housingEstate,淘大花園Q座,,,,,,1,true
松柏花園Q座,松柏花園Q座,housingEstate,松柏花園Q座,,,,,,1,true
鳳崗花園Q座,鳳崗花園Q座,housingEstate,鳳崗花園Q座,,,,,,1,true
油麗邨Q座康麗樓,油麗邨Q座康麗樓,housingEstate,油麗邨Q座康麗樓,,,,,,1,true
大夫第花園Q座,大夫第花園Q座,housingEstate,大夫第花園Q座,,,,,,1,true
均富花園Q座,均富花園Q座,housingEstate,均富花園Q座,,,,,,1,true
昭陽花園Q座,昭陽花園Q座,housingEstate,昭陽花園Q座,,,,,,1,true
富興花園Q座,富興花園Q座,housingEstate,富興花園Q座,,,,,,1,true
振聲花園Q座,振聲花園Q座,housingEstate,振聲花園Q座,,,,,,1,true
綠楊新邨Q座,綠楊新邨Q座,housingEstate,綠楊新邨Q座,,,,,,1,true
清水灣花園Q座,清水灣花園Q座,housingEstate,清水灣花園Q座,,,,,,1,true
金爵花園一期Q座,金爵花園一期Q座,housingEstate,金爵花園一期Q座,,,,,,1,true
新輝苑Q座,新輝苑Q座,housingEstate,新輝苑Q座,,,,,,1,true
明湖居Q座,明湖居Q座,housingEstate,明湖居Q座,,,,,,1,true
黃埔新邨Q座 (別稱),黃埔新邨Q座 (別稱),housingEstate,黃埔新邨Q座 (別稱),,,,,,1,true
天富苑Q座 (別稱),天富苑Q座 (別稱),housingEstate,天富苑Q座 (別稱),,,,,,1,true
威皇花園R座,威皇花園R座,housingEstate,威皇花園R座,,,,,,1,true
湖景花園R,湖景花園R,housingEstate,湖景花園R,,,,,,1,true
康怡花園R座,康怡花園R座,housingEstate,康怡花園R座,,,,,,1,true
寶馬臺R座,寶馬臺R座,housingEstate,寶馬臺R座,,,,,,1,true
南莊苑R座,南莊苑R座,housingEstate,南莊苑R座,,,,,,1,true
翠安閣R座,翠安閣R座,housingEstate,翠安閣R座,,,,,,1,true
秀境臺R座,秀境臺R座,housingEstate,秀境臺R座,,,,,,1,true
荃威花園R座,荃威花園R座,housingEstate,荃威花園R座,,,,,,1,true
淘大花園R座,淘大花園R座,housingEstate,淘大花園R座,,,,,,1,true
松柏花園R座,松柏花園R座,housingEstate,松柏花園R座,,,,,,1,true
鳳崗花園R座,鳳崗花園R座,housingEstate,鳳崗花園R座,,,,,,1,true
新輝苑R座,新輝苑R座,housingEstate,新輝苑R座,,,,,,1,true
大夫第花園R座,大夫第花園R座,housingEstate,大夫第花園R座,,,,,,1,true
昭陽花園R座,昭陽花園R座,housingEstate,昭陽花園R座,,,,,,1,true
振聲花園R座,振聲花園R座,housingEstate,振聲花園R座,,,,,,1,true
富興花園R座,富興花園R座,housingEstate,富興花園R座,,,,,,1,true
綠楊新邨R座,綠楊新邨R座,housingEstate,綠楊新邨R座,,,,,,1,true
金爵花園一期R座,金爵花園一期R座,housingEstate,金爵花園一期R座,,,,,,1,true
明湖居R座,明湖居R座,housingEstate,明湖居R座,,,,,,1,true
黃埔新邨R座 (別稱),黃埔新邨R座 (別稱),housingEstate,黃埔新邨R座 (別稱),,,,,,1,true
威皇花園T座,威皇花園T座,housingEstate,威皇花園T座,,,,,,1,true
湖景花園T,湖景花園T,housingEstate,湖景花園T,,,,,,1,true
寶馬臺T座,寶馬臺T座,housingEstate,寶馬臺T座,,,,,,1,true
南莊苑T座,南莊苑T座,housingEstate,南莊苑T座,,,,,,1,true
翠安閣T座,翠安閣T座,housingEstate,翠安閣T座,,,,,,1,true
秀境臺T座,秀境臺T座,housingEstate,秀境臺T座,,,,,,1,true
松柏花園T座,松柏花園T座,housingEstate,松柏花園T座,,,,,,1,true
鳳崗花園T座,鳳崗花園T座,housingEstate,鳳崗花園T座,,,,,,1,true
新輝苑T座,新輝苑T座,housingEstate,新輝苑T座,,,,,,1,true
大夫第花園T座,大夫第花園T座,housingEstate,大夫第花園T座,,,,,,1,true
昭陽花園T座,昭陽花園T座,housingEstate,昭陽花園T座,,,,,,1,true
富興花園T座,富興花園T座,housingEstate,富興花園T座,,,,,,1,true
金爵花園一期T座,金爵花園一期T座,housingEstate,金爵花園一期T座,,,,,,1,true
威皇花園U座,威皇花園U座,housingEstate,威皇花園U座,,,,,,1,true
湖景花園U,湖景花園U,housingEstate,湖景花園U,,,,,,1,true
南莊苑U座,南莊苑U座,housingEstate,南莊苑U座,,,,,,1,true
翠安閣U座,翠安閣U座,housingEstate,翠安閣U座,,,,,,1,true
秀境臺U座,秀境臺U座,housingEstate,秀境臺U座,,,,,,1,true
策誠軒U座,策誠軒U座,housingEstate,策誠軒U座,,,,,,1,true
新輝苑U座,新輝苑U座,housingEstate,新輝苑U座,,,,,,1,true
大夫第花園U座,大夫第花園U座,housingEstate,大夫第花園U座,,,,,,1,true
昭陽花園U座,昭陽花園U座,housingEstate,昭陽花園U座,,,,,,1,true
富興花園U座,富興花園U座,housingEstate,富興花園U座,,,,,,1,true
金爵花園一期U座,金爵花園一期U座,housingEstate,金爵花園一期U座,,,,,,1,true
儒林臺,儒林臺,housingEstate,儒林臺,,,,,,1,true
儒林閣,儒林閣,housingEstate,儒林閣,,,,,,1,true
啓厚閣,啓厚閣,housingEstate,啓厚閣,,,,,,1,true
U購Select-柴灣翠灣邨分店,U購Select-柴灣翠灣邨分店,housingEstate,U購Select-柴灣翠灣邨分店,,,,,,1,true
U購Select-元朗朗善邨分店,U購Select-元朗朗善邨分店,housingEstate,U購Select-元朗朗善邨分店,,,,,,1,true
U購Select-東涌滿東邨分店,U購Select-東涌滿東邨分店,housingEstate,U購Select-東涌滿東邨分店,,,,,,1,true
U購Select-天水圍天恩邨分店,U購Select-天水圍天恩邨分店,housingEstate,U購Select-天水圍天恩邨分店,,,,,,1,true
黃埔新邨U座 (別稱),黃埔新邨U座 (別稱),housingEstate,黃埔新邨U座 (別稱),,,,,,1,true
U購Select-鑽石山宏景花園分店,U購Select-鑽石山宏景花園分店,housingEstate,U購Select-鑽石山宏景花園分店,,,,,,1,true
U購Select-將軍澳富寧花園分店,U購Select-將軍澳富寧花園分店,housingEstate,U購Select-將軍澳富寧花園分店,,,,,,1,true
翠景閣第5座,翠景閣第5座,housingEstate,翠景閣第5座,,,,,,1,true
沁苑第五座,沁苑第五座,housingEstate,沁苑第五座,,,,,,1,true
屏湖花園5座,屏湖花園5座,housingEstate,屏湖花園5座,,,,,,1,true
喜靈洲5號瞭望台第5座,喜靈洲5號瞭望台第5座,housingEstate,喜靈洲5號瞭望台第5座,,,,,,1,true
倚濤軒第5座,倚濤軒第5座,housingEstate,倚濤軒第5座,,,,,,1,true
海堤居第5座,海堤居第5座,housingEstate,海堤居第5座,,,,,,1,true
柏雨花園5座,柏雨花園5座,housingEstate,柏雨花園5座,,,,,,1,true
恆昌花園第五座,恆昌花園第五座,housingEstate,恆昌花園第五座,,,,,,1,true
斌悅花苑第五座,斌悅花苑第五座,housingEstate,斌悅花苑第五座,,,,,,1,true
翠叠軒第5座,翠叠軒第5座,housingEstate,翠叠軒第5座,,,,,,1,true
樂善村第五座,樂善村第五座,housingEstate,樂善村第五座,,,,,,1,true
元州邨第5期,元州邨第5期,housingEstate,元州邨第5期,,,,,,1,true
油麗邨第5期,油麗邨第5期,housingEstate,油麗邨第5期,,,,,,1,true
諾士佛臺十號,諾士佛臺十號,housingEstate,諾士佛臺十號,,,,,,1,true
沁苑第十座,沁苑第十座,housingEstate,沁苑第十座,,,,,,1,true
倚濤軒第10座,倚濤軒第10座,housingEstate,倚濤軒第10座,,,,,,1,true
海堤居第10座,海堤居第10座,housingEstate,海堤居第10座,,,,,,1,true
柏雨花園10座,柏雨花園10座,housingEstate,柏雨花園10座,,,,,,1,true
恆昌花園第十座,恆昌花園第十座,housingEstate,恆昌花園第十座,,,,,,1,true
碧濤軒第10座,碧濤軒第10座,housingEstate,碧濤軒第10座,,,,,,1,true
振興新村10座,振興新村10座,housingEstate,振興新村10座,,,,,,1,true
翠景臺10,翠景臺10,housingEstate,翠景臺10,,,,,,1,true
諾士佛臺10號,諾士佛臺10號,housingEstate,諾士佛臺10號,,,,,,1,true
斌勝花苑十座,斌勝花苑十座,housingEstate,斌勝花苑十座,,,,,,1,true
新峰花園一期第十座,新峰花園一期第十座,housingEstate,新峰花園一期第十座,,,,,,1,true
帝景臺10座,帝景臺10座,housingEstate,帝景臺10座,,,,,,1,true
綠怡花園10,綠怡花園10,housingEstate,綠怡花園10,,,,,,1,true
青衣邨社區會堂,青衣邨社區會堂,housingEstate,青衣邨社區會堂,,,,,,1,true
昭陽花園Z座,昭陽花園Z座,housingEstate,昭陽花園Z座,,,,,,1,true
富興花園Z座,富興花園Z座,housingEstate,富興花園Z座,,,,,,1,true
黃埔新邨Z座 (別稱),黃埔新邨Z座 (別稱),housingEstate,黃埔新邨Z座 (別稱),,,,,,1,true
趙苑二期第2座,趙苑二期第2座,housingEstate,趙苑二期第2座,,,,,,1,true
寶栢苑二期第2座,寶栢苑二期第2座,housingEstate,寶栢苑二期第2座,,,,,,1,true
金碧苑二期2座,金碧苑二期2座,housingEstate,金碧苑二期2座,,,,,,1,true
麗城花園第二期第2座,麗城花園第二期第2座,housingEstate,麗城花園第二期第2座,,,,,,1,true
大興花園第二期第2座,大興花園第二期第2座,housingEstate,大興花園第二期第2座,,,,,,1,true
帝景軒2座,帝景軒2座,housingEstate,帝景軒2座,,,,,,1,true
富怡花園第二期第二座,富怡花園第二期第二座,housingEstate,富怡花園第二期第二座,,,,,,1,true
帝欣苑2期,帝欣苑2期,housingEstate,帝欣苑2期,,,,,,1,true
帝景臺2座,帝景臺2座,housingEstate,帝景臺2座,,,,,,1,true
彩雲(二)邨,彩雲(二)邨,housingEstate,彩雲(二)邨,,,,,,1,true
興華(二)邨,興華(二)邨,housingEstate,興華(二)邨,,,,,,1,true
天瑞(2)邨,天瑞(2)邨,housingEstate,天瑞(2)邨,,,,,,1,true
天耀(2)邨,天耀(2)邨,housingEstate,天耀(2)邨,,,,,,1,true
東頭(二)邨,東頭(二)邨,housingEstate,東頭(二)邨,,,,,,1,true
華富（二）邨,華富（二）邨,housingEstate,華富（二）邨,,,,,,1,true
華富(二)邨,華富(二)邨,housingEstate,華富(二)邨,,,,,,1,true
逸東（二）邨,逸東（二）邨,housingEstate,逸東（二）邨,,,,,,1,true
逸東(二)邨,逸東(二)邨,housingEstate,逸東(二)邨,,,,,,1,true
翠景閣第2座,翠景閣第2座,housingEstate,翠景閣第2座,,,,,,1,true
沁苑第二座,沁苑第二座,housingEstate,沁苑第二座,,,,,,1,true
香港耀能協會賽馬會新頁居,香港耀能協會賽馬會新頁居,housingEstate,香港耀能協會賽馬會新頁居,,,,,,1,true
翠景閣第6座,翠景閣第6座,housingEstate,翠景閣第6座,,,,,,1,true
沁苑第六座,沁苑第六座,housingEstate,沁苑第六座,,,,,,1,true
屏湖花園6座,屏湖花園6座,housingEstate,屏湖花園6座,,,,,,1,true
倚濤軒第6座,倚濤軒第6座,housingEstate,倚濤軒第6座,,,,,,1,true
海堤居第6座,海堤居第6座,housingEstate,海堤居第6座,,,,,,1,true
又一居第6座,又一居第6座,housingEstate,又一居第6座,,,,,,1,true
雅都花園6座,雅都花園6座,housingEstate,雅都花園6座,,,,,,1,true
柏雨花園6座,柏雨花園6座,housingEstate,柏雨花園6座,,,,,,1,true
碧濤軒第6座,碧濤軒第6座,housingEstate,碧濤軒第6座,,,,,,1,true
恆昌花園第六座,恆昌花園第六座,housingEstate,恆昌花園第六座,,,,,,1,true
斌悅花苑第六座,斌悅花苑第六座,housingEstate,斌悅花苑第六座,,,,,,1,true
樂善村第六座,樂善村第六座,housingEstate,樂善村第六座,,,,,,1,true
優景閣第6座,優景閣第6座,housingEstate,優景閣第6座,,,,,,1,true
長苑7座,長苑7座,housingEstate,長苑7座,,,,,,1,true
沁苑第七座,沁苑第七座,housingEstate,沁苑第七座,,,,,,1,true
倚濤軒第7座,倚濤軒第7座,housingEstate,倚濤軒第7座,,,,,,1,true
海堤居第7座,海堤居第7座,housingEstate,海堤居第7座,,,,,,1,true
屏湖花園7座,屏湖花園7座,housingEstate,屏湖花園7座,,,,,,1,true
柏雨花園7座,柏雨花園7座,housingEstate,柏雨花園7座,,,,,,1,true
恆昌花園第七座,恆昌花園第七座,housingEstate,恆昌花園第七座,,,,,,1,true
斌悅花苑第七座,斌悅花苑第七座,housingEstate,斌悅花苑第七座,,,,,,1,true
樂善村第七座,樂善村第七座,housingEstate,樂善村第七座,,,,,,1,true
振興新村7座,振興新村7座,housingEstate,振興新村7座,,,,,,1,true
帝景軒7座,帝景軒7座,housingEstate,帝景軒7座,,,,,,1,true
美孚新邨第7期,美孚新邨第7期,housingEstate,美孚新邨第7期,,,,,,1,true
美孚新邨第七期,美孚新邨第七期,housingEstate,美孚新邨第七期,,,,,,1,true
寶田邨第7座,寶田邨第7座,housingEstate,寶田邨第7座,,,,,,1,true
翠景臺7,翠景臺7,housingEstate,翠景臺7,,,,,,1,true
樂居7座,樂居7座,housingEstate,樂居7座,,,,,,1,true
斌勝花苑七座,斌勝花苑七座,housingEstate,斌勝花苑七座,,,,,,1,true
沁苑第八座,沁苑第八座,housingEstate,沁苑第八座,,,,,,1,true
屏湖花園8座,屏湖花園8座,housingEstate,屏湖花園8座,,,,,,1,true
倚濤軒第8座,倚濤軒第8座,housingEstate,倚濤軒第8座,,,,,,1,true
海堤居第8座,海堤居第8座,housingEstate,海堤居第8座,,,,,,1,true
柏雨花園8座,柏雨花園8座,housingEstate,柏雨花園8座,,,,,,1,true
恆昌花園第八座,恆昌花園第八座,housingEstate,恆昌花園第八座,,,,,,1,true
斌悅花苑第八座,斌悅花苑第八座,housingEstate,斌悅花苑第八座,,,,,,1,true
碧濤軒第8座,碧濤軒第8座,housingEstate,碧濤軒第8座,,,,,,1,true
富榮花園第八座,富榮花園第八座,housingEstate,富榮花園第八座,,,,,,1,true
樂善村第八座,樂善村第八座,housingEstate,樂善村第八座,,,,,,1,true
沁苑第九座,沁苑第九座,housingEstate,沁苑第九座,,,,,,1,true
倚濤軒第9座,倚濤軒第9座,housingEstate,倚濤軒第9座,,,,,,1,true
海堤居第9座,海堤居第9座,housingEstate,海堤居第9座,,,,,,1,true
恆昌花園第九座,恆昌花園第九座,housingEstate,恆昌花園第九座,,,,,,1,true
萬豪居第9座,萬豪居第9座,housingEstate,萬豪居第9座,,,,,,1,true
柏雨花園9座,柏雨花園9座,housingEstate,柏雨花園9座,,,,,,1,true
俊宏軒第九座,俊宏軒第九座,housingEstate,俊宏軒第九座,,,,,,1,true
振興新村9座,振興新村9座,housingEstate,振興新村9座,,,,,,1,true
翠景臺9,翠景臺9,housingEstate,翠景臺9,,,,,,1,true
樂居9座,樂居9座,housingEstate,樂居9座,,,,,,1,true
斌勝花苑九座,斌勝花苑九座,housingEstate,斌勝花苑九座,,,,,,1,true
會景閣,會景閣,housingEstate,會景閣,,,,,,1,true
翠怡花園A座,翠怡花園A座,housingEstate,翠怡花園A座,,,,,,1,true
栢景臺第1座,栢景臺第1座,housingEstate,栢景臺第1座,,,,,,1,true
栢景臺第2座,栢景臺第2座,housingEstate,栢景臺第2座,,,,,,1,true
慧雅閣A座,慧雅閣A座,housingEstate,慧雅閣A座,,,,,,1,true
慧雅閣B座,慧雅閣B座,housingEstate,慧雅閣B座,,,,,,1,true
慧雅閣C座,慧雅閣C座,housingEstate,慧雅閣C座,,,,,,1,true
深灣軒第1座,深灣軒第1座,housingEstate,深灣軒第1座,,,,,,1,true
深灣軒第2座,深灣軒第2座,housingEstate,深灣軒第2座,,,,,,1,true
深灣軒第3座,深灣軒第3座,housingEstate,深灣軒第3座,,,,,,1,true
般含閣,般含閣,housingEstate,般含閣,,,,,,1,true
鹿怡居,鹿怡居,housingEstate,鹿怡居,,,,,,1,true
東蘭閣,東蘭閣,housingEstate,東蘭閣,,,,,,1,true
海華苑,海華苑,housingEstate,海華苑,,,,,,1,true
桂濤苑,桂濤苑,housingEstate,桂濤苑,,,,,,1,true
高雲閣,高雲閣,housingEstate,高雲閣,,,,,,1,true
香港善導會陳震夏怡翠軒,香港善導會陳震夏怡翠軒,housingEstate,香港善導會陳震夏怡翠軒,,,,,,1,true
香港善導會朗日居,香港善導會朗日居,housingEstate,香港善導會朗日居,,,,,,1,true
香港心理衞生會賽馬會大樓敦睦軒,香港心理衞生會賽馬會大樓敦睦軒,housingEstate,香港心理衞生會賽馬會大樓敦睦軒,,,,,,1,true
香港心理衞生會賽馬會大樓欣怡軒,香港心理衞生會賽馬會大樓欣怡軒,housingEstate,香港心理衞生會賽馬會大樓欣怡軒,,,,,,1,true
香港明愛-明愛景康居,香港明愛-明愛景康居,housingEstate,香港明愛-明愛景康居,,,,,,1,true
順安邨屋邨辦事處,順安邨屋邨辦事處,housingEstate,順安邨屋邨辦事處,,,,,,1,true
AMERSHAM ESTATE,AMERSHAM ESTATE,housingEstate,AMERSHAM ESTATE,,,,,,1,true
大同新邨,大同新邨,housingEstate,大同新邨,,,,,,1,true
花園大廈,花園大廈,housingEstate,花園大廈,,,,,,1,true
和記新邨,和記新邨,housingEstate,和記新邨,,,,,,1,true
宏德居,宏德居,housingEstate,宏德居,,,,,,1,true
黃埔新邨,黃埔新邨,housingEstate,黃埔新邨,,,,,,1,true
長青邨,長青邨,housingEstate,長青邨,,,,,,1,true
象山邨,象山邨,housingEstate,象山邨,,,,,,1,true
彩虹邨,彩虹邨,housingEstate,彩虹邨,,,,,,1,true
彩石邨,彩石邨,housingEstate,彩石邨,,,,,,1,true
彩雲邨,彩雲邨,housingEstate,彩雲邨,,,,,,1,true
彩盈邨,彩盈邨,housingEstate,彩盈邨,,,,,,1,true
竹園邨,竹園邨,housingEstate,竹園邨,,,,,,1,true
Estate Management Office,Estate Management Office,housingEstate,Estate Management Office,,,,,,1,true
富東邨,富東邨,housingEstate,富東邨,,,,,,1,true
峰華邨,峰華邨,housingEstate,峰華邨,,,,,,1,true
興華邨,興華邨,housingEstate,興華邨,,,,,,1,true
啓田邨,啓田邨,housingEstate,啓田邨,,,,,,1,true
金坪邨,金坪邨,housingEstate,金坪邨,,,,,,1,true
健明邨,健明邨,housingEstate,健明邨,,,,,,1,true
葵涌邨,葵涌邨,housingEstate,葵涌邨,,,,,,1,true
葵盛邨,葵盛邨,housingEstate,葵盛邨,,,,,,1,true
廣田邨,廣田邨,housingEstate,廣田邨,,,,,,1,true
荔景邨,荔景邨,housingEstate,荔景邨,,,,,,1,true
麗瑤邨,麗瑤邨,housingEstate,麗瑤邨,,,,,,1,true
樂華邨,樂華邨,housingEstate,樂華邨,,,,,,1,true
龍田邨,龍田邨,housingEstate,龍田邨,,,,,,1,true
龍逸邨,龍逸邨,housingEstate,龍逸邨,,,,,,1,true
美田邨,美田邨,housingEstate,美田邨,,,,,,1,true
模範邨,模範邨,housingEstate,模範邨,,,,,,1,true
銀灣邨,銀灣邨,housingEstate,銀灣邨,,,,,,1,true
安田邨,安田邨,housingEstate,安田邨,,,,,,1,true
石籬邨,石籬邨,housingEstate,石籬邨,,,,,,1,true
善明邨,善明邨,housingEstate,善明邨,,,,,,1,true
大坑邨,大坑邨,housingEstate,大坑邨,,,,,,1,true
大興邨,大興邨,housingEstate,大興邨,,,,,,1,true
天晴邨,天晴邨,housingEstate,天晴邨,,,,,,1,true
田灣邨,田灣邨,housingEstate,田灣邨,,,,,,1,true
天恩邨,天恩邨,housingEstate,天恩邨,,,,,,1,true
翠屏邨,翠屏邨,housingEstate,翠屏邨,,,,,,1,true
環翠邨,環翠邨,housingEstate,環翠邨,,,,,,1,true
禾輋邨,禾輋邨,housingEstate,禾輋邨,,,,,,1,true
湖景邨,湖景邨,housingEstate,湖景邨,,,,,,1,true
逸東邨,逸東邨,housingEstate,逸東邨,,,,,,1,true
友愛邨,友愛邨,housingEstate,友愛邨,,,,,,1,true
油塘邨,油塘邨,housingEstate,油塘邨,,,,,,1,true
業旺邨,業旺邨,housingEstate,業旺邨,,,,,,1,true
大菜園花園,大菜園花園,housingEstate,大菜園花園,,,,,,1,true
吐露港花園,吐露港花園,housingEstate,吐露港花園,,,,,,1,true
天慈花園,天慈花園,housingEstate,天慈花園,,,,,,1,true
二號碼頭花園,二號碼頭花園,housingEstate,二號碼頭花園,,,,,,1,true
三號碼頭花園,三號碼頭花園,housingEstate,三號碼頭花園,,,,,,1,true
坑口花園,坑口花園,housingEstate,坑口花園,,,,,,1,true
鰂魚涌海濱花園,鰂魚涌海濱花園,housingEstate,鰂魚涌海濱花園,,,,,,1,true
福亨村籃球場,福亨村籃球場,housingEstate,福亨村籃球場,,,,,,1,true
下灣村籃球場,下灣村籃球場,housingEstate,下灣村籃球場,,,,,,1,true
長沙下村籃球場,長沙下村籃球場,housingEstate,長沙下村籃球場,,,,,,1,true
船灣聯村籃球場,船灣聯村籃球場,housingEstate,船灣聯村籃球場,,,,,,1,true
楓樹窩村籃球場,楓樹窩村籃球場,housingEstate,楓樹窩村籃球場,,,,,,1,true
Villa Alfavista Villa No 1,Villa Alfavista Villa No 1,housingEstate,Villa Alfavista Villa No 1,,,,,,1,true
Villa Alfavista Villa No 2,Villa Alfavista Villa No 2,housingEstate,Villa Alfavista Villa No 2,,,,,,1,true
Villa Alfavista Villa No 3,Villa Alfavista Villa No 3,housingEstate,Villa Alfavista Villa No 3,,,,,,1,true
Villa Alfavista Villa No 4,Villa Alfavista Villa No 4,housingEstate,Villa Alfavista Villa No 4,,,,,,1,true
Villa Alfavista Villa No 5,Villa Alfavista Villa No 5,housingEstate,Villa Alfavista Villa No 5,,,,,,1,true
Villa Alfavista Villa No 6,Villa Alfavista Villa No 6,housingEstate,Villa Alfavista Villa No 6,,,,,,1,true
Villa Alfavista Villa No 7,Villa Alfavista Villa No 7,housingEstate,Villa Alfavista Villa No 7,,,,,,1,true
愛琴苑,愛琴苑,housingEstate,愛琴苑,,,,,,1,true
青雲閣,青雲閣,housingEstate,青雲閣,,,,,,1,true
浪濤苑,浪濤苑,housingEstate,浪濤苑,,,,,,1,true
天佑居,天佑居,housingEstate,天佑居,,,,,,1,true
好時花園,好時花園,housingEstate,好時花園,,,,,,1,true
歡景花園,歡景花園,housingEstate,歡景花園,,,,,,1,true
嘉苑,嘉苑,housingEstate,嘉苑,,,,,,1,true
嘉富苑,嘉富苑,housingEstate,嘉富苑,,,,,,1,true
秀麗苑,秀麗苑,housingEstate,秀麗苑,,,,,,1,true
世紀村,世紀村,housingEstate,世紀村,,,,,,1,true
及時居,及時居,housingEstate,及時居,,,,,,1,true
碧濤軒,碧濤軒,housingEstate,碧濤軒,,,,,,1,true
銀竹苑,銀竹苑,housingEstate,銀竹苑,,,,,,1,true
綠榕苑,綠榕苑,housingEstate,綠榕苑,,,,,,1,true
紫荊苑,紫荊苑,housingEstate,紫荊苑,,,,,,1,true
錦桃苑,錦桃苑,housingEstate,錦桃苑,,,,,,1,true
祥雲閣,祥雲閣,housingEstate,祥雲閣,,,,,,1,true
晶苑,晶苑,housingEstate,晶苑,,,,,,1,true
愉寧苑,愉寧苑,housingEstate,愉寧苑,,,,,,1,true
怡和苑,怡和苑,housingEstate,怡和苑,,,,,,1,true
怡康閣,怡康閣,housingEstate,怡康閣,,,,,,1,true
金柏苑,金柏苑,housingEstate,金柏苑,,,,,,1,true
辰龍閣,辰龍閣,housingEstate,辰龍閣,,,,,,1,true
文翠閣,文翠閣,housingEstate,文翠閣,,,,,,1,true
梅苑,梅苑,housingEstate,梅苑,,,,,,1,true
美寧臺,美寧臺,housingEstate,美寧臺,,,,,,1,true
團圓閣,團圓閣,housingEstate,團圓閣,,,,,,1,true
青樺苑,青樺苑,housingEstate,青樺苑,,,,,,1,true
棕櫚苑,棕櫚苑,housingEstate,棕櫚苑,,,,,,1,true
碧苑,碧苑,housingEstate,碧苑,,,,,,1,true
博文閣,博文閣,housingEstate,博文閣,,,,,,1,true
博文閣A座,博文閣A座,housingEstate,博文閣A座,,,,,,1,true
博文閣B座,博文閣B座,housingEstate,博文閣B座,,,,,,1,true
博文苑,博文苑,housingEstate,博文苑,,,,,,1,true
翰林軒第1座,翰林軒第1座,housingEstate,翰林軒第1座,,,,,,1,true
翰林軒第2座,翰林軒第2座,housingEstate,翰林軒第2座,,,,,,1,true
宇宙閣A座,宇宙閣A座,housingEstate,宇宙閣A座,,,,,,1,true
宇宙閣B座,宇宙閣B座,housingEstate,宇宙閣B座,,,,,,1,true
逸泰居,逸泰居,housingEstate,逸泰居,,,,,,1,true
利舞臺,利舞臺,housingEstate,利舞臺,,,,,,1,true
上村公園,上村公園,housingEstate,上村公園,,,,,,1,true
林村郊野公園,林村郊野公園,housingEstate,林村郊野公園,,,,,,1,true
海港閣,海港閣,housingEstate,海港閣,,,,,,1,true
海怡花園,海怡花園,housingEstate,海怡花園,,,,,,1,true
海景花園,海景花園,housingEstate,海景花園,,,,,,1,true
夏蕙台,夏蕙台,housingEstate,夏蕙台,,,,,,1,true
麗東海景豪苑,麗東海景豪苑,housingEstate,麗東海景豪苑,,,,,,1,true
Cullinan Harbour Mansion 1,Cullinan Harbour Mansion 1,housingEstate,Cullinan Harbour Mansion 1,,,,,,1,true
Cullinan Harbour Mansion 2,Cullinan Harbour Mansion 2,housingEstate,Cullinan Harbour Mansion 2,,,,,,1,true
商業電台,商業電台,housingEstate,商業電台,,,,,,1,true
深井商業新村,深井商業新村,housingEstate,深井商業新村,,,,,,1,true
金鐘花園,金鐘花園,housingEstate,金鐘花園,,,,,,1,true
愛都閣,愛都閣,housingEstate,愛都閣,,,,,,1,true
灣仔臨時海濱花園 (灣仔碼頭),灣仔臨時海濱花園 (灣仔碼頭),housingEstate,灣仔臨時海濱花園 (灣仔碼頭),,,,,,1,true
灣仔臨時海濱花園,灣仔臨時海濱花園,housingEstate,灣仔臨時海濱花園,,,,,,1,true
北角海濱花園,北角海濱花園,housingEstate,北角海濱花園,,,,,,1,true
北角臺,北角臺,housingEstate,北角臺,,,,,,1,true
北角台,北角台,housingEstate,北角台,,,,,,1,true
北角海濱花園(一期),北角海濱花園(一期),housingEstate,北角海濱花園(一期),,,,,,1,true
鰂魚涌水塘花園,鰂魚涌水塘花園,housingEstate,鰂魚涌水塘花園,,,,,,1,true
融柏軒,融柏軒,housingEstate,融柏軒,,,,,,1,true
尖沙咀海濱花園 (指定位置),尖沙咀海濱花園 (指定位置),housingEstate,尖沙咀海濱花園 (指定位置),,,,,,1,true
尖沙咀海濱花園,尖沙咀海濱花園,housingEstate,尖沙咀海濱花園,,,,,,1,true
尖沙咀東海濱平台花園,尖沙咀東海濱平台花園,housingEstate,尖沙咀東海濱平台花園,,,,,,1,true
MK 居停,MK 居停,housingEstate,MK 居停,,,,,,1,true
安居通長者家居用品店(深水埗),安居通長者家居用品店(深水埗),housingEstate,安居通長者家居用品店(深水埗),,,,,,1,true
觀塘花園大廈,觀塘花園大廈,housingEstate,觀塘花園大廈,,,,,,1,true
觀塘海濱花園,觀塘海濱花園,housingEstate,觀塘海濱花園,,,,,,1,true
九龍灣運動場看台,九龍灣運動場看台,housingEstate,九龍灣運動場看台,,,,,,1,true
九龍灣公園 - 單車公園近休憩平台,九龍灣公園 - 單車公園近休憩平台,housingEstate,九龍灣公園 - 單車公園近休憩平台,,,,,,1,true
九龍灣公園 - 十一人人造草地足球場近一號看台,九龍灣公園 - 十一人人造草地足球場近一號看台,housingEstate,九龍灣公園 - 十一人人造草地足球場近一號看台,,,,,,1,true
九龍灣公園 - 十一人人造草地足球場近四號看台,九龍灣公園 - 十一人人造草地足球場近四號看台,housingEstate,九龍灣公園 - 十一人人造草地足球場近四號看台,,,,,,1,true
黃大仙邨,黃大仙邨,housingEstate,黃大仙邨,,,,,,1,true
黃大仙下邨,黃大仙下邨,housingEstate,黃大仙下邨,,,,,,1,true
黃大仙上邨,黃大仙上邨,housingEstate,黃大仙上邨,,,,,,1,true
黃大仙邨一區,黃大仙邨一區,housingEstate,黃大仙邨一區,,,,,,1,true
黃大仙下(1)邨,黃大仙下(1)邨,housingEstate,黃大仙下(1)邨,,,,,,1,true
黃大仙下邨(一區),黃大仙下邨(一區),housingEstate,黃大仙下邨(一區),,,,,,1,true
黃大仙邨二區,黃大仙邨二區,housingEstate,黃大仙邨二區,,,,,,1,true
黃大仙下(2)邨,黃大仙下(2)邨,housingEstate,黃大仙下(2)邨,,,,,,1,true
黃大仙下邨（二區）,黃大仙下邨（二區）,housingEstate,黃大仙下邨（二區）,,,,,,1,true
黃大仙下邨(二區),黃大仙下邨(二區),housingEstate,黃大仙下邨(二區),,,,,,1,true
黃大仙上邨第1期,黃大仙上邨第1期,housingEstate,黃大仙上邨第1期,,,,,,1,true
黃大仙上邨第2期,黃大仙上邨第2期,housingEstate,黃大仙上邨第2期,,,,,,1,true
九龍塘閣,九龍塘閣,housingEstate,九龍塘閣,,,,,,1,true
九龍塘花園,九龍塘花園,housingEstate,九龍塘花園,,,,,,1,true
九龍塘閣A座,九龍塘閣A座,housingEstate,九龍塘閣A座,,,,,,1,true
九龍塘閣B座,九龍塘閣B座,housingEstate,九龍塘閣B座,,,,,,1,true
沙田花園,沙田花園,housingEstate,沙田花園,,,,,,1,true
大圍村,大圍村,housingEstate,大圍村,,,,,,1,true
大圍新村,大圍新村,housingEstate,大圍新村,,,,,,1,true
大圍村村公所,大圍村村公所,housingEstate,大圍村村公所,,,,,,1,true
荃灣靈灰閣,荃灣靈灰閣,housingEstate,荃灣靈灰閣,,,,,,1,true
荃灣花園,荃灣花園,housingEstate,荃灣花園,,,,,,1,true
中葵涌村,中葵涌村,housingEstate,中葵涌村,,,,,,1,true
下葵涌村,下葵涌村,housingEstate,下葵涌村,,,,,,1,true
上葵涌花園,上葵涌花園,housingEstate,上葵涌花園,,,,,,1,true
上葵涌村,上葵涌村,housingEstate,上葵涌村,,,,,,1,true
中葵涌村公所,中葵涌村公所,housingEstate,中葵涌村公所,,,,,,1,true
屯門海濱花園,屯門海濱花園,housingEstate,屯門海濱花園,,,,,,1,true
屯門新村,屯門新村,housingEstate,屯門新村,,,,,,1,true
大埔花園,大埔花園,housingEstate,大埔花園,,,,,,1,true
大埔瞭望台,大埔瞭望台,housingEstate,大埔瞭望台,,,,,,1,true
粉嶺花園第1座,粉嶺花園第1座,housingEstate,粉嶺花園第1座,,,,,,1,true
粉嶺花園第10座,粉嶺花園第10座,housingEstate,粉嶺花園第10座,,,,,,1,true
粉嶺花園第11座,粉嶺花園第11座,housingEstate,粉嶺花園第11座,,,,,,1,true
粉嶺花園第12座,粉嶺花園第12座,housingEstate,粉嶺花園第12座,,,,,,1,true
粉嶺花園第13座,粉嶺花園第13座,housingEstate,粉嶺花園第13座,,,,,,1,true
粉嶺花園第14座,粉嶺花園第14座,housingEstate,粉嶺花園第14座,,,,,,1,true
粉嶺花園第15座,粉嶺花園第15座,housingEstate,粉嶺花園第15座,,,,,,1,true
粉嶺花園第16座,粉嶺花園第16座,housingEstate,粉嶺花園第16座,,,,,,1,true
粉嶺花園第17座,粉嶺花園第17座,housingEstate,粉嶺花園第17座,,,,,,1,true
粉嶺花園第18座,粉嶺花園第18座,housingEstate,粉嶺花園第18座,,,,,,1,true
粉嶺花園第19座,粉嶺花園第19座,housingEstate,粉嶺花園第19座,,,,,,1,true
粉嶺花園第2座,粉嶺花園第2座,housingEstate,粉嶺花園第2座,,,,,,1,true
粉嶺花園第3座,粉嶺花園第3座,housingEstate,粉嶺花園第3座,,,,,,1,true
粉嶺花園第4座,粉嶺花園第4座,housingEstate,粉嶺花園第4座,,,,,,1,true
粉嶺花園第5座,粉嶺花園第5座,housingEstate,粉嶺花園第5座,,,,,,1,true
粉嶺花園第6座,粉嶺花園第6座,housingEstate,粉嶺花園第6座,,,,,,1,true
粉嶺花園第7座,粉嶺花園第7座,housingEstate,粉嶺花園第7座,,,,,,1,true
粉嶺花園第8座,粉嶺花園第8座,housingEstate,粉嶺花園第8座,,,,,,1,true
粉嶺花園第9座,粉嶺花園第9座,housingEstate,粉嶺花園第9座,,,,,,1,true
上水花園第一號,上水花園第一號,housingEstate,上水花園第一號,,,,,,1,true
上水花園第二號,上水花園第二號,housingEstate,上水花園第二號,,,,,,1,true
上水花園第三號,上水花園第三號,housingEstate,上水花園第三號,,,,,,1,true
上水花園第四號,上水花園第四號,housingEstate,上水花園第四號,,,,,,1,true
將軍澳村,將軍澳村,housingEstate,將軍澳村,,,,,,1,true
將軍澳村公所,將軍澳村公所,housingEstate,將軍澳村公所,,,,,,1,true
西貢花園第一座,西貢花園第一座,housingEstate,西貢花園第一座,,,,,,1,true
西貢花園第二座,西貢花園第二座,housingEstate,西貢花園第二座,,,,,,1,true
西貢遊艇會花園,西貢遊艇會花園,housingEstate,西貢遊艇會花園,,,,,,1,true
西貢花園,西貢花園,housingEstate,西貢花園,,,,,,1,true
西貢苑A座,西貢苑A座,housingEstate,西貢苑A座,,,,,,1,true
銅鑼灣花園,銅鑼灣花園,housingEstate,銅鑼灣花園,,,,,,1,true
銅鑼灣村公所,銅鑼灣村公所,housingEstate,銅鑼灣村公所,,,,,,1,true
北角舊村,北角舊村,housingEstate,北角舊村,,,,,,1,true
北角新村,北角新村,housingEstate,北角新村,,,,,,1,true
太古城泰山閣外面,太古城泰山閣外面,housingEstate,太古城泰山閣外面,,,,,,1,true
太古城唐宮閣外面,太古城唐宮閣外面,housingEstate,太古城唐宮閣外面,,,,,,1,true
太古城星輝臺(第十期)停車場,太古城星輝臺(第十期)停車場,housingEstate,太古城星輝臺(第十期)停車場,,,,,,1,true
悠閑閣餐廰(深水埗店),悠閑閣餐廰(深水埗店),housingEstate,悠閑閣餐廰(深水埗店),,,,,,1,true
黃大仙祠麟閣,黃大仙祠麟閣,housingEstate,黃大仙祠麟閣,,,,,,1,true
黃大仙元清閣,黃大仙元清閣,housingEstate,黃大仙元清閣,,,,,,1,true
黃大仙祠飛鸞台,黃大仙祠飛鸞台,housingEstate,黃大仙祠飛鸞台,,,,,,1,true
黃大仙上邨啟善樓,黃大仙上邨啟善樓,housingEstate,黃大仙上邨啟善樓,,,,,,1,true
沙田頭新村,沙田頭新村,housingEstate,沙田頭新村,,,,,,1,true
沙田圍新村,沙田圍新村,housingEstate,沙田圍新村,,,,,,1,true
沙田花園A座,沙田花園A座,housingEstate,沙田花園A座,,,,,,1,true
沙田花園B座,沙田花園B座,housingEstate,沙田花園B座,,,,,,1,true
沙田花園C座,沙田花園C座,housingEstate,沙田花園C座,,,,,,1,true
沙田花園D座,沙田花園D座,housingEstate,沙田花園D座,,,,,,1,true
沙田花園E座,沙田花園E座,housingEstate,沙田花園E座,,,,,,1,true
沙田花園F座,沙田花園F座,housingEstate,沙田花園F座,,,,,,1,true
沙田花園G座,沙田花園G座,housingEstate,沙田花園G座,,,,,,1,true
沙田花園H座,沙田花園H座,housingEstate,沙田花園H座,,,,,,1,true
大圍村公所,大圍村公所,housingEstate,大圍村公所,,,,,,1,true
葵涌(一)邨夏葵樓,葵涌(一)邨夏葵樓,housingEstate,葵涌(一)邨夏葵樓,,,,,,1,true
葵涌(一)邨合葵樓,葵涌(一)邨合葵樓,housingEstate,葵涌(一)邨合葵樓,,,,,,1,true
下葵涌村村公所,下葵涌村村公所,housingEstate,下葵涌村村公所,,,,,,1,true
屯門閣,屯門閣,housingEstate,屯門閣,,,,,,1,true
粉嶺花園,粉嶺花園,housingEstate,粉嶺花園,,,,,,1,true
粉嶺樓花園,粉嶺樓花園,housingEstate,粉嶺樓花園,,,,,,1,true
粉嶺村村公所,粉嶺村村公所,housingEstate,粉嶺村村公所,,,,,,1,true
將軍澳靈灰閣,將軍澳靈灰閣,housingEstate,將軍澳靈灰閣,,,,,,1,true
西貢苑B座,西貢苑B座,housingEstate,西貢苑B座,,,,,,1,true
西貢苑C座,西貢苑C座,housingEstate,西貢苑C座,,,,,,1,true
西貢苑D座,西貢苑D座,housingEstate,西貢苑D座,,,,,,1,true
西貢苑E座,西貢苑E座,housingEstate,西貢苑E座,,,,,,1,true
西貢苑F座,西貢苑F座,housingEstate,西貢苑F座,,,,,,1,true
西貢濤苑1座,西貢濤苑1座,housingEstate,西貢濤苑1座,,,,,,1,true
西貢濤苑10座,西貢濤苑10座,housingEstate,西貢濤苑10座,,,,,,1,true
西貢濤苑11座,西貢濤苑11座,housingEstate,西貢濤苑11座,,,,,,1,true
西貢濤苑12座,西貢濤苑12座,housingEstate,西貢濤苑12座,,,,,,1,true
西貢濤苑13座,西貢濤苑13座,housingEstate,西貢濤苑13座,,,,,,1,true
西貢濤苑15座,西貢濤苑15座,housingEstate,西貢濤苑15座,,,,,,1,true
西貢濤苑16座,西貢濤苑16座,housingEstate,西貢濤苑16座,,,,,,1,true
西貢濤苑17座,西貢濤苑17座,housingEstate,西貢濤苑17座,,,,,,1,true
西貢濤苑18座,西貢濤苑18座,housingEstate,西貢濤苑18座,,,,,,1,true
西貢濤苑2座,西貢濤苑2座,housingEstate,西貢濤苑2座,,,,,,1,true
西貢濤苑3座,西貢濤苑3座,housingEstate,西貢濤苑3座,,,,,,1,true
西貢濤苑5座,西貢濤苑5座,housingEstate,西貢濤苑5座,,,,,,1,true
西貢濤苑6座,西貢濤苑6座,housingEstate,西貢濤苑6座,,,,,,1,true
西貢濤苑7座,西貢濤苑7座,housingEstate,西貢濤苑7座,,,,,,1,true
西貢濤苑8座,西貢濤苑8座,housingEstate,西貢濤苑8座,,,,,,1,true
西貢濤苑9座,西貢濤苑9座,housingEstate,西貢濤苑9座,,,,,,1,true
大元邨泰樂樓,大元邨泰樂樓,housingEstate,大元邨泰樂樓,,,,,,1,true
大元邨泰民樓,大元邨泰民樓,housingEstate,大元邨泰民樓,,,,,,1,true
新生新村,新生新村,housingEstate,新生新村,,,,,,1,true
新村,新村,housingEstate,新村,,,,,,1,true
新安居,新安居,housingEstate,新安居,,,,,,1,true
新餘邨,新餘邨,housingEstate,新餘邨,,,,,,1,true
新雅閣,新雅閣,housingEstate,新雅閣,,,,,,1,true
崇新閣,崇新閣,housingEstate,崇新閣,,,,,,1,true
新力臺,新力臺,housingEstate,新力臺,,,,,,1,true
寶新閣,寶新閣,housingEstate,寶新閣,,,,,,1,true
竹新村,竹新村,housingEstate,竹新村,,,,,,1,true
福新苑,福新苑,housingEstate,福新苑,,,,,,1,true
富東邨東盛樓,富東邨東盛樓,housingEstate,富東邨東盛樓,,,,,,1,true
東苑,東苑,housingEstate,東苑,,,,,,1,true
大坑東邨東輝樓,大坑東邨東輝樓,housingEstate,大坑東邨東輝樓,,,,,,1,true
大坑東邨東健樓,大坑東邨東健樓,housingEstate,大坑東邨東健樓,,,,,,1,true
大坑東邨東龍樓,大坑東邨東龍樓,housingEstate,大坑東邨東龍樓,,,,,,1,true
西環邨西苑臺,西環邨西苑臺,housingEstate,西環邨西苑臺,,,,,,1,true
西寧閣,西寧閣,housingEstate,西寧閣,,,,,,1,true
西摩臺,西摩臺,housingEstate,西摩臺,,,,,,1,true
西苑臺,西苑臺,housingEstate,西苑臺,,,,,,1,true
南苑,南苑,housingEstate,南苑,,,,,,1,true
南山邨南明樓,南山邨南明樓,housingEstate,南山邨南明樓,,,,,,1,true
下北村,下北村,housingEstate,下北村,,,,,,1,true
喇沙閣,喇沙閣,housingEstate,喇沙閣,,,,,,1,true
白沙村,白沙村,housingEstate,白沙村,,,,,,1,true
荃景花園,荃景花園,housingEstate,荃景花園,,,,,,1,true
荃德花園,荃德花園,housingEstate,荃德花園,,,,,,1,true
荃威花園,荃威花園,housingEstate,荃威花園,,,,,,1,true
葵芳邨葵正樓,葵芳邨葵正樓,housingEstate,葵芳邨葵正樓,,,,,,1,true
葵芳邨葵喜樓,葵芳邨葵喜樓,housingEstate,葵芳邨葵喜樓,,,,,,1,true
葵芳邨葵泰樓,葵芳邨葵泰樓,housingEstate,葵芳邨葵泰樓,,,,,,1,true
葵苑,葵苑,housingEstate,葵苑,,,,,,1,true
葵翠邨,葵翠邨,housingEstate,葵翠邨,,,,,,1,true
葵俊苑,葵俊苑,housingEstate,葵俊苑,,,,,,1,true
葵馥苑,葵馥苑,housingEstate,葵馥苑,,,,,,1,true
葵謙閣,葵謙閣,housingEstate,葵謙閣,,,,,,1,true
葵康苑,葵康苑,housingEstate,葵康苑,,,,,,1,true
長青邨青荷樓,長青邨青荷樓,housingEstate,長青邨青荷樓,,,,,,1,true
長青邨青蘭樓,長青邨青蘭樓,housingEstate,長青邨青蘭樓,,,,,,1,true
長青邨青榕樓,長青邨青榕樓,housingEstate,長青邨青榕樓,,,,,,1,true
青逸居,青逸居,housingEstate,青逸居,,,,,,1,true
青華苑,青華苑,housingEstate,青華苑,,,,,,1,true
青逸軒1座,青逸軒1座,housingEstate,青逸軒1座,,,,,,1,true
青和居護老院,青和居護老院,housingEstate,青和居護老院,,,,,,1,true
元州邨元智樓,元州邨元智樓,housingEstate,元州邨元智樓,,,,,,1,true
元州邨元謙樓,元州邨元謙樓,housingEstate,元州邨元謙樓,,,,,,1,true
元州邨元樂樓,元州邨元樂樓,housingEstate,元州邨元樂樓,,,,,,1,true
開元居,開元居,housingEstate,開元居,,,,,,1,true
大元村,大元村,housingEstate,大元村,,,,,,1,true
元崗村,元崗村,housingEstate,元崗村,,,,,,1,true
元州邨,元州邨,housingEstate,元州邨,,,,,,1,true
長旺雅苑,長旺雅苑,housingEstate,長旺雅苑,,,,,,1,true
深涌村,深涌村,housingEstate,深涌村,,,,,,1,true
深石村,深石村,housingEstate,深石村,,,,,,1,true
深井村,深井村,housingEstate,深井村,,,,,,1,true
深井東村,深井東村,housingEstate,深井東村,,,,,,1,true
深井舊村,深井舊村,housingEstate,深井舊村,,,,,,1,true
深井新村,深井新村,housingEstate,深井新村,,,,,,1,true
深井西村,深井西村,housingEstate,深井西村,,,,,,1,true
南山觀景台,南山觀景台,housingEstate,南山觀景台,,,,,,1,true
牙鷹山觀景台,牙鷹山觀景台,housingEstate,牙鷹山觀景台,,,,,,1,true
二東山觀景台,二東山觀景台,housingEstate,二東山觀景台,,,,,,1,true
山頂花園,山頂花園,housingEstate,山頂花園,,,,,,1,true
山頂凌霄閣,山頂凌霄閣,housingEstate,山頂凌霄閣,,,,,,1,true
富山邨富暉樓,富山邨富暉樓,housingEstate,富山邨富暉樓,,,,,,1,true
富山邨富仁樓,富山邨富仁樓,housingEstate,富山邨富仁樓,,,,,,1,true
天慈邨,天慈邨,housingEstate,天慈邨,,,,,,1,true
天華邨,天華邨,housingEstate,天華邨,,,,,,1,true
天耀一，二邨,天耀一，二邨,housingEstate,天耀一，二邨,,,,,,1,true
天澤邨澤星樓,天澤邨澤星樓,housingEstate,天澤邨澤星樓,,,,,,1,true
天澤邨澤潤樓,天澤邨澤潤樓,housingEstate,天澤邨澤潤樓,,,,,,1,true
天晴邨晴碧樓,天晴邨晴碧樓,housingEstate,天晴邨晴碧樓,,,,,,1,true
天恒邨恒翠樓,天恒邨恒翠樓,housingEstate,天恒邨恒翠樓,,,,,,1,true
天恒邨恒富樓,天恒邨恒富樓,housingEstate,天恒邨恒富樓,,,,,,1,true
天恒邨恒健樓,天恒邨恒健樓,housingEstate,天恒邨恒健樓,,,,,,1,true
天慈邨慈輝樓,天慈邨慈輝樓,housingEstate,天慈邨慈輝樓,,,,,,1,true
天慈邨慈心樓,天慈邨慈心樓,housingEstate,天慈邨慈心樓,,,,,,1,true
天逸邨逸池樓,天逸邨逸池樓,housingEstate,天逸邨逸池樓,,,,,,1,true
天逸邨逸灣樓,天逸邨逸灣樓,housingEstate,天逸邨逸灣樓,,,,,,1,true
天逸邨逸洋樓,天逸邨逸洋樓,housingEstate,天逸邨逸洋樓,,,,,,1,true
天悅邨悅富樓,天悅邨悅富樓,housingEstate,天悅邨悅富樓,,,,,,1,true
天悅邨悦華樓,天悅邨悦華樓,housingEstate,天悅邨悦華樓,,,,,,1,true
嘉宜居,嘉宜居,housingEstate,嘉宜居,,,,,,1,true
嘉暉臺,嘉暉臺,housingEstate,嘉暉臺,,,,,,1,true
嘉樂苑,嘉樂苑,housingEstate,嘉樂苑,,,,,,1,true
嘉福苑,嘉福苑,housingEstate,嘉福苑,,,,,,1,true
嘉華苑,嘉華苑,housingEstate,嘉華苑,,,,,,1,true
嘉美閣,嘉美閣,housingEstate,嘉美閣,,,,,,1,true
嘉蘭閣,嘉蘭閣,housingEstate,嘉蘭閣,,,,,,1,true
嘉樂閣,嘉樂閣,housingEstate,嘉樂閣,,,,,,1,true
嘉景臺,嘉景臺,housingEstate,嘉景臺,,,,,,1,true
嘉雲閣,嘉雲閣,housingEstate,嘉雲閣,,,,,,1,true
嘉林閣,嘉林閣,housingEstate,嘉林閣,,,,,,1,true
嘉麗苑,嘉麗苑,housingEstate,嘉麗苑,,,,,,1,true
嘉倫閣,嘉倫閣,housingEstate,嘉倫閣,,,,,,1,true
嘉鳴閣,嘉鳴閣,housingEstate,嘉鳴閣,,,,,,1,true
聯嘉閣,聯嘉閣,housingEstate,聯嘉閣,,,,,,1,true
嘉麟閣,嘉麟閣,housingEstate,嘉麟閣,,,,,,1,true
嘉崙臺,嘉崙臺,housingEstate,嘉崙臺,,,,,,1,true
嘉豪軒,嘉豪軒,housingEstate,嘉豪軒,,,,,,1,true
嘉皇臺,嘉皇臺,housingEstate,嘉皇臺,,,,,,1,true
嘉裕閣,嘉裕閣,housingEstate,嘉裕閣,,,,,,1,true
麗苑,麗苑,housingEstate,麗苑,,,,,,1,true
麗閣邨麗荷樓,麗閣邨麗荷樓,housingEstate,麗閣邨麗荷樓,,,,,,1,true
麗閣邨麗蘭樓,麗閣邨麗蘭樓,housingEstate,麗閣邨麗蘭樓,,,,,,1,true
麗安邨麗正樓,麗安邨麗正樓,housingEstate,麗安邨麗正樓,,,,,,1,true
麗安邨麗德樓,麗安邨麗德樓,housingEstate,麗安邨麗德樓,,,,,,1,true
麗翠苑麗楊閣,麗翠苑麗楊閣,housingEstate,麗翠苑麗楊閣,,,,,,1,true
全麗居,全麗居,housingEstate,全麗居,,,,,,1,true
雅麗閣,雅麗閣,housingEstate,雅麗閣,,,,,,1,true
碧麗苑,碧麗苑,housingEstate,碧麗苑,,,,,,1,true
昌麗閣,昌麗閣,housingEstate,昌麗閣,,,,,,1,true
麗晶閣,麗晶閣,housingEstate,麗晶閣,,,,,,1,true
德麗閣,德麗閣,housingEstate,德麗閣,,,,,,1,true
華麗苑,華麗苑,housingEstate,華麗苑,,,,,,1,true
華麗閣,華麗閣,housingEstate,華麗閣,,,,,,1,true
堅麗閣,堅麗閣,housingEstate,堅麗閣,,,,,,1,true
景麗苑,景麗苑,housingEstate,景麗苑,,,,,,1,true
金麗閣,金麗閣,housingEstate,金麗閣,,,,,,1,true
麗雅苑,麗雅苑,housingEstate,麗雅苑,,,,,,1,true
美麗閣,美麗閣,housingEstate,美麗閣,,,,,,1,true
美麗臺,美麗臺,housingEstate,美麗臺,,,,,,1,true
麗栢苑,麗栢苑,housingEstate,麗栢苑,,,,,,1,true
柏麗居,柏麗居,housingEstate,柏麗居,,,,,,1,true
富麗苑,富麗苑,housingEstate,富麗苑,,,,,,1,true
碧麗閣,碧麗閣,housingEstate,碧麗閣,,,,,,1,true
麗松苑,麗松苑,housingEstate,麗松苑,,,,,,1,true
麗豪閣,麗豪閣,housingEstate,麗豪閣,,,,,,1,true
翠麗苑,翠麗苑,housingEstate,翠麗苑,,,,,,1,true
澳麗閣,澳麗閣,housingEstate,澳麗閣,,,,,,1,true
寶苑,寶苑,housingEstate,寶苑,,,,,,1,true
寶閣,寶閣,housingEstate,寶閣,,,,,,1,true
寶珊閣,寶珊閣,housingEstate,寶珊閣,,,,,,1,true
寶晶閣,寶晶閣,housingEstate,寶晶閣,,,,,,1,true
寶恒苑,寶恒苑,housingEstate,寶恒苑,,,,,,1,true
寶瑜閣,寶瑜閣,housingEstate,寶瑜閣,,,,,,1,true
寶馬臺,寶馬臺,housingEstate,寶馬臺,,,,,,1,true
玉寶閣,玉寶閣,housingEstate,玉寶閣,,,,,,1,true
珍寶閣,珍寶閣,housingEstate,珍寶閣,,,,,,1,true
富寶閣,富寶閣,housingEstate,富寶閣,,,,,,1,true
寶華閣,寶華閣,housingEstate,寶華閣,,,,,,1,true
大寶閣,大寶閣,housingEstate,大寶閣,,,,,,1,true
寶城閣,寶城閣,housingEstate,寶城閣,,,,,,1,true
寶峰閣,寶峰閣,housingEstate,寶峰閣,,,,,,1,true
樂華北邨秉華樓或欣華樓,樂華北邨秉華樓或欣華樓,housingEstate,樂華北邨秉華樓或欣華樓,,,,,,1,true
樂華南邨輝華樓,樂華南邨輝華樓,housingEstate,樂華南邨輝華樓,,,,,,1,true
樂華北邨達華樓,樂華北邨達華樓,housingEstate,樂華北邨達華樓,,,,,,1,true
樂華南邨奐華樓,樂華南邨奐華樓,housingEstate,樂華南邨奐華樓,,,,,,1,true
華廈邨華欣樓,華廈邨華欣樓,housingEstate,華廈邨華欣樓,,,,,,1,true
華苑,華苑,housingEstate,華苑,,,,,,1,true
樂華北邨,樂華北邨,housingEstate,樂華北邨,,,,,,1,true
樂華南邨,樂華南邨,housingEstate,樂華南邨,,,,,,1,true
華富二邨華景樓,華富二邨華景樓,housingEstate,華富二邨華景樓,,,,,,1,true
華心邨華勉樓,華心邨華勉樓,housingEstate,華心邨華勉樓,,,,,,1,true
富華閣,富華閣,housingEstate,富華閣,,,,,,1,true
峰華閣,峰華閣,housingEstate,峰華閣,,,,,,1,true
華嚴閣,華嚴閣,housingEstate,華嚴閣,,,,,,1,true
蓮華臺,蓮華臺,housingEstate,蓮華臺,,,,,,1,true
金坪邨金坪樓,金坪邨金坪樓,housingEstate,金坪邨金坪樓,,,,,,1,true
金翠軒,金翠軒,housingEstate,金翠軒,,,,,,1,true
金鳳台,金鳳台,housingEstate,金鳳台,,,,,,1,true
金雲閣,金雲閣,housingEstate,金雲閣,,,,,,1,true
金鑾閣,金鑾閣,housingEstate,金鑾閣,,,,,,1,true
金龍臺,金龍臺,housingEstate,金龍臺,,,,,,1,true
金龍閣,金龍閣,housingEstate,金龍閣,,,,,,1,true
金碧閣,金碧閣,housingEstate,金碧閣,,,,,,1,true
萬金閣,萬金閣,housingEstate,萬金閣,,,,,,1,true
金櫻閣,金櫻閣,housingEstate,金櫻閣,,,,,,1,true
金暉苑,金暉苑,housingEstate,金暉苑,,,,,,1,true
紫金閣,紫金閣,housingEstate,紫金閣,,,,,,1,true
金菊臺,金菊臺,housingEstate,金菊臺,,,,,,1,true
金碧苑,金碧苑,housingEstate,金碧苑,,,,,,1,true
銀灣邨銀日樓,銀灣邨銀日樓,housingEstate,銀灣邨銀日樓,,,,,,1,true
銀灣邨銀月樓,銀灣邨銀月樓,housingEstate,銀灣邨銀月樓,,,,,,1,true
銀霞閣,銀霞閣,housingEstate,銀霞閣,,,,,,1,true
銀林閣,銀林閣,housingEstate,銀林閣,,,,,,1,true
銀巒閣,銀巒閣,housingEstate,銀巒閣,,,,,,1,true
銀湖軒,銀湖軒,housingEstate,銀湖軒,,,,,,1,true
銀坑村,銀坑村,housingEstate,銀坑村,,,,,,1,true
銀朗閣,銀朗閣,housingEstate,銀朗閣,,,,,,1,true
銀旭閣,銀旭閣,housingEstate,銀旭閣,,,,,,1,true
德苑,德苑,housingEstate,德苑,,,,,,1,true
勵德邨德全樓,勵德邨德全樓,housingEstate,勵德邨德全樓,,,,,,1,true
厚德邨德澤樓,厚德邨德澤樓,housingEstate,厚德邨德澤樓,,,,,,1,true
德朗邨德瓏樓,德朗邨德瓏樓,housingEstate,德朗邨德瓏樓,,,,,,1,true
厚德邨德安樓,厚德邨德安樓,housingEstate,厚德邨德安樓,,,,,,1,true
德朗邨德瑤樓,德朗邨德瑤樓,housingEstate,德朗邨德瑤樓,,,,,,1,true
慈德苑,慈德苑,housingEstate,慈德苑,,,,,,1,true
立德台,立德台,housingEstate,立德台,,,,,,1,true
德光閣,德光閣,housingEstate,德光閣,,,,,,1,true
義德台,義德台,housingEstate,義德台,,,,,,1,true
勵德閣,勵德閣,housingEstate,勵德閣,,,,,,1,true
德成台,德成台,housingEstate,德成台,,,,,,1,true
德偉閣,德偉閣,housingEstate,德偉閣,,,,,,1,true
德福閣,德福閣,housingEstate,德福閣,,,,,,1,true
衛德臺,衛德臺,housingEstate,衛德臺,,,,,,1,true
樂富邨樂東樓,樂富邨樂東樓,housingEstate,樂富邨樂東樓,,,,,,1,true
樂富邨樂泰樓,樂富邨樂泰樓,housingEstate,樂富邨樂泰樓,,,,,,1,true
樂富邨宏順樓,樂富邨宏順樓,housingEstate,樂富邨宏順樓,,,,,,1,true
康樂園鄉村俱樂部,康樂園鄉村俱樂部,housingEstate,康樂園鄉村俱樂部,,,,,,1,true
香港鄉村俱樂部,香港鄉村俱樂部,housingEstate,香港鄉村俱樂部,,,,,,1,true
清水灣鄉村俱樂部,清水灣鄉村俱樂部,housingEstate,清水灣鄉村俱樂部,,,,,,1,true
愉景灣碧濤村,愉景灣碧濤村,housingEstate,愉景灣碧濤村,,,,,,1,true
愉景灣蔚陽村,愉景灣蔚陽村,housingEstate,愉景灣蔚陽村,,,,,,1,true
愉景灣康慧台,愉景灣康慧台,housingEstate,愉景灣康慧台,,,,,,1,true
愉景灣海藍居,愉景灣海藍居,housingEstate,愉景灣海藍居,,,,,,1,true
愉景灣海寧居,愉景灣海寧居,housingEstate,愉景灣海寧居,,,,,,1,true
愉景灣明翠台,愉景灣明翠台,housingEstate,愉景灣明翠台,,,,,,1,true
愉景灣海堤居,愉景灣海堤居,housingEstate,愉景灣海堤居,,,,,,1,true
偉存居,偉存居,housingEstate,偉存居,,,,,,1,true
偉仕居,偉仕居,housingEstate,偉仕居,,,,,,1,true
偉士居,偉士居,housingEstate,偉士居,,,,,,1,true
偉景臺,偉景臺,housingEstate,偉景臺,,,,,,1,true
偉晴軒,偉晴軒,housingEstate,偉晴軒,,,,,,1,true
偉景閣,偉景閣,housingEstate,偉景閣,,,,,,1,true
偉利閣,偉利閣,housingEstate,偉利閣,,,,,,1,true
偉晴閣,偉晴閣,housingEstate,偉晴閣,,,,,,1,true
偉業花園,偉業花園,housingEstate,偉業花園,,,,,,1,true
長宏邨宏毅樓,長宏邨宏毅樓,housingEstate,長宏邨宏毅樓,,,,,,1,true
長宏邨宏心樓,長宏邨宏心樓,housingEstate,長宏邨宏心樓,,,,,,1,true
宏潤軒,宏潤軒,housingEstate,宏潤軒,,,,,,1,true
宏就閣,宏就閣,housingEstate,宏就閣,,,,,,1,true
宏昌閣,宏昌閣,housingEstate,宏昌閣,,,,,,1,true
宏志閣,宏志閣,housingEstate,宏志閣,,,,,,1,true
宏建閣,宏建閣,housingEstate,宏建閣,,,,,,1,true
宏景閣,宏景閣,housingEstate,宏景閣,,,,,,1,true
宏美閣,宏美閣,housingEstate,宏美閣,,,,,,1,true
宏盛閣,宏盛閣,housingEstate,宏盛閣,,,,,,1,true
宏新閣,宏新閣,housingEstate,宏新閣,,,,,,1,true
宏泰閣,宏泰閣,housingEstate,宏泰閣,,,,,,1,true
宏裕閣,宏裕閣,housingEstate,宏裕閣,,,,,,1,true
宏遠閣,宏遠閣,housingEstate,宏遠閣,,,,,,1,true
宏立閣,宏立閣,housingEstate,宏立閣,,,,,,1,true
宏富苑,宏富苑,housingEstate,宏富苑,,,,,,1,true
雅苑,雅苑,housingEstate,雅苑,,,,,,1,true
雅居,雅居,housingEstate,雅居,,,,,,1,true
逸雅苑,逸雅苑,housingEstate,逸雅苑,,,,,,1,true
雅仕居,雅仕居,housingEstate,雅仕居,,,,,,1,true
雅鑾閣,雅鑾閣,housingEstate,雅鑾閣,,,,,,1,true
雅緻閣,雅緻閣,housingEstate,雅緻閣,,,,,,1,true
雅華閣,雅華閣,housingEstate,雅華閣,,,,,,1,true
雅景臺,雅景臺,housingEstate,雅景臺,,,,,,1,true
高雅苑,高雅苑,housingEstate,高雅苑,,,,,,1,true
雅怡閣,雅怡閣,housingEstate,雅怡閣,,,,,,1,true
雅翠苑,雅翠苑,housingEstate,雅翠苑,,,,,,1,true
文雅閣,文雅閣,housingEstate,文雅閣,,,,,,1,true
優雅閣,優雅閣,housingEstate,優雅閣,,,,,,1,true
雅頌居,雅頌居,housingEstate,雅頌居,,,,,,1,true
杏雅閣,杏雅閣,housingEstate,杏雅閣,,,,,,1,true
荔雅閣,荔雅閣,housingEstate,荔雅閣,,,,,,1,true
明雅苑,明雅苑,housingEstate,明雅苑,,,,,,1,true
雅昌閣,雅昌閣,housingEstate,雅昌閣,,,,,,1,true
雅靜閣,雅靜閣,housingEstate,雅靜閣,,,,,,1,true
雅歡閣,雅歡閣,housingEstate,雅歡閣,,,,,,1,true
雅群閣,雅群閣,housingEstate,雅群閣,,,,,,1,true
雅文閣,雅文閣,housingEstate,雅文閣,,,,,,1,true
雅寧苑,雅寧苑,housingEstate,雅寧苑,,,,,,1,true
雅平閣,雅平閣,housingEstate,雅平閣,,,,,,1,true
雅盛閣,雅盛閣,housingEstate,雅盛閣,,,,,,1,true
雅德閣,雅德閣,housingEstate,雅德閣,,,,,,1,true
雅趣閣,雅趣閣,housingEstate,雅趣閣,,,,,,1,true
雅泓閣,雅泓閣,housingEstate,雅泓閣,,,,,,1,true
雅榮閣,雅榮閣,housingEstate,雅榮閣,,,,,,1,true
豪苑,豪苑,housingEstate,豪苑,,,,,,1,true
信豪苑,信豪苑,housingEstate,信豪苑,,,,,,1,true
康豪苑,康豪苑,housingEstate,康豪苑,,,,,,1,true
豪華閣,豪華閣,housingEstate,豪華閣,,,,,,1,true
豪福軒,豪福軒,housingEstate,豪福軒,,,,,,1,true
萬豪閣,萬豪閣,housingEstate,萬豪閣,,,,,,1,true
豪津苑,豪津苑,housingEstate,豪津苑,,,,,,1,true
巴豪苑,巴豪苑,housingEstate,巴豪苑,,,,,,1,true
富豪苑,富豪苑,housingEstate,富豪苑,,,,,,1,true
聚豪居,聚豪居,housingEstate,聚豪居,,,,,,1,true
駿豪閣,駿豪閣,housingEstate,駿豪閣,,,,,,1,true
滙豪閣,滙豪閣,housingEstate,滙豪閣,,,,,,1,true
殷豪閣,殷豪閣,housingEstate,殷豪閣,,,,,,1,true
豪城閣,豪城閣,housingEstate,豪城閣,,,,,,1,true
新豪閣,新豪閣,housingEstate,新豪閣,,,,,,1,true
豪苑1座,豪苑1座,housingEstate,豪苑1座,,,,,,1,true
豪苑10座,豪苑10座,housingEstate,豪苑10座,,,,,,1,true
豪苑11座,豪苑11座,housingEstate,豪苑11座,,,,,,1,true
豪苑12座,豪苑12座,housingEstate,豪苑12座,,,,,,1,true
豪苑13座,豪苑13座,housingEstate,豪苑13座,,,,,,1,true
豪苑14座,豪苑14座,housingEstate,豪苑14座,,,,,,1,true
豪苑15座,豪苑15座,housingEstate,豪苑15座,,,,,,1,true
豪苑16座,豪苑16座,housingEstate,豪苑16座,,,,,,1,true
豪苑17座,豪苑17座,housingEstate,豪苑17座,,,,,,1,true
富昌邨富誠樓,富昌邨富誠樓,housingEstate,富昌邨富誠樓,,,,,,1,true
富昌邨富韻樓,富昌邨富韻樓,housingEstate,富昌邨富韻樓,,,,,,1,true
富昌邨富悅樓,富昌邨富悅樓,housingEstate,富昌邨富悅樓,,,,,,1,true
富康居,富康居,housingEstate,富康居,,,,,,1,true
富恆苑,富恆苑,housingEstate,富恆苑,,,,,,1,true
富澤軒,富澤軒,housingEstate,富澤軒,,,,,,1,true
富盈閣,富盈閣,housingEstate,富盈閣,,,,,,1,true
富安閣,富安閣,housingEstate,富安閣,,,,,,1,true
富康閣,富康閣,housingEstate,富康閣,,,,,,1,true
富怡苑,富怡苑,housingEstate,富怡苑,,,,,,1,true
富山苑,富山苑,housingEstate,富山苑,,,,,,1,true
富貴苑,富貴苑,housingEstate,富貴苑,,,,,,1,true
皆富閣,皆富閣,housingEstate,皆富閣,,,,,,1,true
富達苑,富達苑,housingEstate,富達苑,,,,,,1,true
富寧苑,富寧苑,housingEstate,富寧苑,,,,,,1,true
富景閣,富景閣,housingEstate,富景閣,,,,,,1,true
富澤苑,富澤苑,housingEstate,富澤苑,,,,,,1,true
怡富閣,怡富閣,housingEstate,怡富閣,,,,,,1,true
富臨閣,富臨閣,housingEstate,富臨閣,,,,,,1,true
齊富閣,齊富閣,housingEstate,齊富閣,,,,,,1,true
聚富閣,聚富閣,housingEstate,聚富閣,,,,,,1,true
俊富閣,俊富閣,housingEstate,俊富閣,,,,,,1,true
美林邨美楊樓,美林邨美楊樓,housingEstate,美林邨美楊樓,,,,,,1,true
美東邨美德樓,美東邨美德樓,housingEstate,美東邨美德樓,,,,,,1,true
美琳苑,美琳苑,housingEstate,美琳苑,,,,,,1,true
美景居,美景居,housingEstate,美景居,,,,,,1,true
美蘭閣,美蘭閣,housingEstate,美蘭閣,,,,,,1,true
美樂閣,美樂閣,housingEstate,美樂閣,,,,,,1,true
美家閣,美家閣,housingEstate,美家閣,,,,,,1,true
美倫閣,美倫閣,housingEstate,美倫閣,,,,,,1,true
美輪閣,美輪閣,housingEstate,美輪閣,,,,,,1,true
山美苑,山美苑,housingEstate,山美苑,,,,,,1,true
澤美閣,澤美閣,housingEstate,澤美閣,,,,,,1,true
灝美閣,灝美閣,housingEstate,灝美閣,,,,,,1,true
美華閣,美華閣,housingEstate,美華閣,,,,,,1,true
美景閣,美景閣,housingEstate,美景閣,,,,,,1,true
美城苑,美城苑,housingEstate,美城苑,,,,,,1,true
美松苑,美松苑,housingEstate,美松苑,,,,,,1,true
翠豐臺,翠豐臺,housingEstate,翠豐臺,,,,,,1,true
翠苑,翠苑,housingEstate,翠苑,,,,,,1,true
環翠邨盛翠樓,環翠邨盛翠樓,housingEstate,環翠邨盛翠樓,,,,,,1,true
翠樂邨翠祿樓,翠樂邨翠祿樓,housingEstate,翠樂邨翠祿樓,,,,,,1,true
環翠邨澤翠樓,環翠邨澤翠樓,housingEstate,環翠邨澤翠樓,,,,,,1,true
連翠邨連翠樓,連翠邨連翠樓,housingEstate,連翠邨連翠樓,,,,,,1,true
翠屏南邨翠松樓,翠屏南邨翠松樓,housingEstate,翠屏南邨翠松樓,,,,,,1,true
翠屏南邨翠杏樓,翠屏南邨翠杏樓,housingEstate,翠屏南邨翠杏樓,,,,,,1,true
翠屏南邨翠櫻樓,翠屏南邨翠櫻樓,housingEstate,翠屏南邨翠櫻樓,,,,,,1,true
海盈邨盈昌樓,海盈邨盈昌樓,housingEstate,海盈邨盈昌樓,,,,,,1,true
彩盈邨彩盈坊,彩盈邨彩盈坊,housingEstate,彩盈邨彩盈坊,,,,,,1,true
彩盈邨盈樂樓,彩盈邨盈樂樓,housingEstate,彩盈邨盈樂樓,,,,,,1,true
盈逸苑,盈逸苑,housingEstate,盈逸苑,,,,,,1,true
百盈居,百盈居,housingEstate,百盈居,,,,,,1,true
盈溢居,盈溢居,housingEstate,盈溢居,,,,,,1,true
康盈苑,康盈苑,housingEstate,康盈苑,,,,,,1,true
美盈苑,美盈苑,housingEstate,美盈苑,,,,,,1,true
海盈邨,海盈邨,housingEstate,海盈邨,,,,,,1,true
力盈花園,力盈花園,housingEstate,力盈花園,,,,,,1,true
昌盛居,昌盛居,housingEstate,昌盛居,,,,,,1,true
昌邦閣,昌邦閣,housingEstate,昌邦閣,,,,,,1,true
昌裕閣,昌裕閣,housingEstate,昌裕閣,,,,,,1,true
昌怡閣,昌怡閣,housingEstate,昌怡閣,,,,,,1,true
昌和閣,昌和閣,housingEstate,昌和閣,,,,,,1,true
昌林閣,昌林閣,housingEstate,昌林閣,,,,,,1,true
昌蔚苑,昌蔚苑,housingEstate,昌蔚苑,,,,,,1,true
昌靖閣,昌靖閣,housingEstate,昌靖閣,,,,,,1,true
昌兆閣,昌兆閣,housingEstate,昌兆閣,,,,,,1,true
昌濤閣,昌濤閣,housingEstate,昌濤閣,,,,,,1,true
昌潤閣,昌潤閣,housingEstate,昌潤閣,,,,,,1,true
恒昌閣,恒昌閣,housingEstate,恒昌閣,,,,,,1,true
鐘聲慈善社劉梅軒安老院,鐘聲慈善社劉梅軒安老院,housingEstate,鐘聲慈善社劉梅軒安老院,,,,,,1,true
葵盛東邨盛樂樓,葵盛東邨盛樂樓,housingEstate,葵盛東邨盛樂樓,,,,,,1,true
葵盛東邨盛安樓,葵盛東邨盛安樓,housingEstate,葵盛東邨盛安樓,,,,,,1,true
葵盛東邨盛逸樓,葵盛東邨盛逸樓,housingEstate,葵盛東邨盛逸樓,,,,,,1,true
康盛苑,康盛苑,housingEstate,康盛苑,,,,,,1,true
竹盛苑,竹盛苑,housingEstate,竹盛苑,,,,,,1,true
豐盛苑,豐盛苑,housingEstate,豐盛苑,,,,,,1,true
嘉盛苑,嘉盛苑,housingEstate,嘉盛苑,,,,,,1,true
安盛臺,安盛臺,housingEstate,安盛臺,,,,,,1,true
盛志閣,盛志閣,housingEstate,盛志閣,,,,,,1,true
盛昭閣,盛昭閣,housingEstate,盛昭閣,,,,,,1,true
盛彩閣,盛彩閣,housingEstate,盛彩閣,,,,,,1,true
盛泉閣,盛泉閣,housingEstate,盛泉閣,,,,,,1,true
盛珍閣,盛珍閣,housingEstate,盛珍閣,,,,,,1,true
盛亨閣,盛亨閣,housingEstate,盛亨閣,,,,,,1,true
盛謙閣,盛謙閣,housingEstate,盛謙閣,,,,,,1,true
盛勤閣,盛勤閣,housingEstate,盛勤閣,,,,,,1,true
盛坤閣,盛坤閣,housingEstate,盛坤閣,,,,,,1,true
榮昌邨榮俊樓,榮昌邨榮俊樓,housingEstate,榮昌邨榮俊樓,,,,,,1,true
榮昌邨榮傑樓,榮昌邨榮傑樓,housingEstate,榮昌邨榮傑樓,,,,,,1,true
殷榮閣,殷榮閣,housingEstate,殷榮閣,,,,,,1,true
榮達閣,榮達閣,housingEstate,榮達閣,,,,,,1,true
榮慧苑,榮慧苑,housingEstate,榮慧苑,,,,,,1,true
頌榮居,頌榮居,housingEstate,頌榮居,,,,,,1,true
澤榮閣,澤榮閣,housingEstate,澤榮閣,,,,,,1,true
榮基村,榮基村,housingEstate,榮基村,,,,,,1,true
峰林軒,峰林軒,housingEstate,峰林軒,,,,,,1,true
衡峰閣,衡峰閣,housingEstate,衡峰閣,,,,,,1,true
龍峯閣,龍峯閣,housingEstate,龍峯閣,,,,,,1,true
曉峰居,曉峰居,housingEstate,曉峰居,,,,,,1,true
帝峯苑,帝峯苑,housingEstate,帝峯苑,,,,,,1,true
景峰閣,景峰閣,housingEstate,景峰閣,,,,,,1,true
庭峰居,庭峰居,housingEstate,庭峰居,,,,,,1,true
九龍城綜合家居照顧服務隊,九龍城綜合家居照顧服務隊,housingEstate,九龍城綜合家居照顧服務隊,,,,,,1,true
香港聖公會九龍城綜合家居照顧服務 - 聖公會聖匠堂九龍城綜合家居照顧服務隊,香港聖公會九龍城綜合家居照顧服務 - 聖公會聖匠堂九龍城綜合家居照顧服務隊,housingEstate,香港聖公會九龍城綜合家居照顧服務 - 聖公會聖匠堂九龍城綜合家居照顧服務隊,,,,,,1,true
改善家居及社區照顧服務(九龍城),改善家居及社區照顧服務(九龍城),housingEstate,改善家居及社區照顧服務(九龍城),,,,,,1,true
香港聖公會九龍城綜合家居照顧服務 - 聖公會聖匠堂紅磡綜合家居照顧服務隊,香港聖公會九龍城綜合家居照顧服務 - 聖公會聖匠堂紅磡綜合家居照顧服務隊,housingEstate,香港聖公會九龍城綜合家居照顧服務 - 聖公會聖匠堂紅磡綜合家居照顧服務隊,,,,,,1,true
福民花園,福民花園,housingEstate,福民花園,,,,,,1,true
啟德空中花園,啟德空中花園,housingEstate,啟德空中花園,,,,,,1,true
凱苑,凱苑,housingEstate,凱苑,,,,,,1,true
國苑,國苑,housingEstate,國苑,,,,,,1,true
文苑,文苑,housingEstate,文苑,,,,,,1,true
桂苑,桂苑,housingEstate,桂苑,,,,,,1,true
樂苑,樂苑,housingEstate,樂苑,,,,,,1,true
波苑,波苑,housingEstate,波苑,,,,,,1,true
真苑,真苑,housingEstate,真苑,,,,,,1,true
祥苑,祥苑,housingEstate,祥苑,,,,,,1,true
純苑,純苑,housingEstate,純苑,,,,,,1,true
鵬苑,鵬苑,housingEstate,鵬苑,,,,,,1,true
龍苑,龍苑,housingEstate,龍苑,,,,,,1,true
松苑,松苑,housingEstate,松苑,,,,,,1,true
春苑,春苑,housingEstate,春苑,,,,,,1,true
珀苑,珀苑,housingEstate,珀苑,,,,,,1,true
瑩苑,瑩苑,housingEstate,瑩苑,,,,,,1,true
安苑,安苑,housingEstate,安苑,,,,,,1,true
菊苑,菊苑,housingEstate,菊苑,,,,,,1,true
竹苑,竹苑,housingEstate,竹苑,,,,,,1,true
康苑,康苑,housingEstate,康苑,,,,,,1,true
禮苑,禮苑,housingEstate,禮苑,,,,,,1,true
良苑,良苑,housingEstate,良苑,,,,,,1,true
頤苑,頤苑,housingEstate,頤苑,,,,,,1,true
喬苑,喬苑,housingEstate,喬苑,,,,,,1,true
晉苑,晉苑,housingEstate,晉苑,,,,,,1,true
瓊苑,瓊苑,housingEstate,瓊苑,,,,,,1,true
琴苑,琴苑,housingEstate,琴苑,,,,,,1,true
蘭苑,蘭苑,housingEstate,蘭苑,,,,,,1,true
明苑,明苑,housingEstate,明苑,,,,,,1,true
茗苑,茗苑,housingEstate,茗苑,,,,,,1,true
獵苑,獵苑,housingEstate,獵苑,,,,,,1,true
敍軒閣,敍軒閣,housingEstate,敍軒閣,,,,,,1,true
啓軒,啓軒,housingEstate,啓軒,,,,,,1,true
倚翠軒,倚翠軒,housingEstate,倚翠軒,,,,,,1,true
兆輝軒,兆輝軒,housingEstate,兆輝軒,,,,,,1,true
培澤軒,培澤軒,housingEstate,培澤軒,,,,,,1,true
容廷軒,容廷軒,housingEstate,容廷軒,,,,,,1,true
永寧軒,永寧軒,housingEstate,永寧軒,,,,,,1,true
泓景軒,泓景軒,housingEstate,泓景軒,,,,,,1,true
浩景軒,浩景軒,housingEstate,浩景軒,,,,,,1,true
漢明軒,漢明軒,housingEstate,漢明軒,,,,,,1,true
翠影軒,翠影軒,housingEstate,翠影軒,,,,,,1,true
聚庭軒,聚庭軒,housingEstate,聚庭軒,,,,,,1,true
鴻福軒,鴻福軒,housingEstate,鴻福軒,,,,,,1,true
倚濤軒,倚濤軒,housingEstate,倚濤軒,,,,,,1,true
鹿茵軒,鹿茵軒,housingEstate,鹿茵軒,,,,,,1,true
翠叠軒,翠叠軒,housingEstate,翠叠軒,,,,,,1,true
福澤軒,福澤軒,housingEstate,福澤軒,,,,,,1,true
港逸軒,港逸軒,housingEstate,港逸軒,,,,,,1,true
主恩軒,主恩軒,housingEstate,主恩軒,,,,,,1,true
松濤軒,松濤軒,housingEstate,松濤軒,,,,,,1,true
朗月軒,朗月軒,housingEstate,朗月軒,,,,,,1,true
樂湖軒,樂湖軒,housingEstate,樂湖軒,,,,,,1,true
璟瓏軒,璟瓏軒,housingEstate,璟瓏軒,,,,,,1,true
傲林軒,傲林軒,housingEstate,傲林軒,,,,,,1,true
環翠軒,環翠軒,housingEstate,環翠軒,,,,,,1,true
凱驊軒,凱驊軒,housingEstate,凱驊軒,,,,,,1,true
御亭軒,御亭軒,housingEstate,御亭軒,,,,,,1,true
御景軒,御景軒,housingEstate,御景軒,,,,,,1,true
浪晴軒,浪晴軒,housingEstate,浪晴軒,,,,,,1,true
碧戶軒,碧戶軒,housingEstate,碧戶軒,,,,,,1,true
柏濤軒,柏濤軒,housingEstate,柏濤軒,,,,,,1,true
水悅軒,水悅軒,housingEstate,水悅軒,,,,,,1,true
普綠軒,普綠軒,housingEstate,普綠軒,,,,,,1,true
暢軒閣,暢軒閣,housingEstate,暢軒閣,,,,,,1,true
福羣軒,福羣軒,housingEstate,福羣軒,,,,,,1,true
海琴軒,海琴軒,housingEstate,海琴軒,,,,,,1,true
浪琴軒,浪琴軒,housingEstate,浪琴軒,,,,,,1,true
錦軒閣,錦軒閣,housingEstate,錦軒閣,,,,,,1,true
鱗軒閣,鱗軒閣,housingEstate,鱗軒閣,,,,,,1,true
肇軒臺,肇軒臺,housingEstate,肇軒臺,,,,,,1,true
馨閣,馨閣,housingEstate,馨閣,,,,,,1,true
上真閣,上真閣,housingEstate,上真閣,,,,,,1,true
中旅閣,中旅閣,housingEstate,中旅閣,,,,,,1,true
地藏閣,地藏閣,housingEstate,地藏閣,,,,,,1,true
山景閣,山景閣,housingEstate,山景閣,,,,,,1,true
怡情閣,怡情閣,housingEstate,怡情閣,,,,,,1,true
慈航閣,慈航閣,housingEstate,慈航閣,,,,,,1,true
文祺閣,文祺閣,housingEstate,文祺閣,,,,,,1,true
明雲閣,明雲閣,housingEstate,明雲閣,,,,,,1,true
清雲閣,清雲閣,housingEstate,清雲閣,,,,,,1,true
瑞興閣,瑞興閣,housingEstate,瑞興閣,,,,,,1,true
蓬萊閣,蓬萊閣,housingEstate,蓬萊閣,,,,,,1,true
觀音閣,觀音閣,housingEstate,觀音閣,,,,,,1,true
錦安閣,錦安閣,housingEstate,錦安閣,,,,,,1,true
龍圖閣,龍圖閣,housingEstate,龍圖閣,,,,,,1,true
龍泉閣,龍泉閣,housingEstate,龍泉閣,,,,,,1,true
龍濤閣,龍濤閣,housingEstate,龍濤閣,,,,,,1,true
幸福閣,幸福閣,housingEstate,幸福閣,,,,,,1,true
翠怡閣,翠怡閣,housingEstate,翠怡閣,,,,,,1,true
玉麟閣,玉麟閣,housingEstate,玉麟閣,,,,,,1,true
蘭香閣,蘭香閣,housingEstate,蘭香閣,,,,,,1,true
楊華閣,楊華閣,housingEstate,楊華閣,,,,,,1,true
碧儷閣,碧儷閣,housingEstate,碧儷閣,,,,,,1,true
巴芬閣,巴芬閣,housingEstate,巴芬閣,,,,,,1,true
碧林閣,碧林閣,housingEstate,碧林閣,,,,,,1,true
碧蘭閣,碧蘭閣,housingEstate,碧蘭閣,,,,,,1,true
碧殿閣,碧殿閣,housingEstate,碧殿閣,,,,,,1,true
碧華閣,碧華閣,housingEstate,碧華閣,,,,,,1,true
香港青年協會杏花邨青年空間,香港青年協會杏花邨青年空間,housingEstate,香港青年協會杏花邨青年空間,,,,,,1,true
東區走廊(近杏花邨)加建隔音屏障工程,東區走廊(近杏花邨)加建隔音屏障工程,housingEstate,東區走廊(近杏花邨)加建隔音屏障工程,,,,,,1,true
雙魚河鄉村會所,雙魚河鄉村會所,housingEstate,雙魚河鄉村會所,,,,,,1,true
顯達鄉村俱樂部,顯達鄉村俱樂部,housingEstate,顯達鄉村俱樂部,,,,,,1,true
"FUSION 杏花新城, 杏花邨","FUSION 杏花新城, 杏花邨",housingEstate,"FUSION 杏花新城, 杏花邨",,,,,,1,true
杏花邨(流動圖書館九),杏花邨(流動圖書館九),housingEstate,杏花邨(流動圖書館九),,,,,,1,true
鯉魚門公園西灣炮台,鯉魚門公園西灣炮台,housingEstate,鯉魚門公園西灣炮台,,,,,,1,true
日悠居,日悠居,housingEstate,日悠居,,,,,,1,true
怡居,怡居,housingEstate,怡居,,,,,,1,true
樂居,樂居,housingEstate,樂居,,,,,,1,true
古龍居,古龍居,housingEstate,古龍居,,,,,,1,true
園田居,園田居,housingEstate,園田居,,,,,,1,true
安業居,安業居,housingEstate,安業居,,,,,,1,true
安樂居,安樂居,housingEstate,安樂居,,,,,,1,true
安賢居,安賢居,housingEstate,安賢居,,,,,,1,true
安逸居,安逸居,housingEstate,安逸居,,,,,,1,true
岸林居,岸林居,housingEstate,岸林居,,,,,,1,true
映堤居,映堤居,housingEstate,映堤居,,,,,,1,true
晋賢居,晋賢居,housingEstate,晋賢居,,,,,,1,true
景詠居,景詠居,housingEstate,景詠居,,,,,,1,true
曉濤居,曉濤居,housingEstate,曉濤居,,,,,,1,true
朗月居,朗月居,housingEstate,朗月居,,,,,,1,true
樂康居,樂康居,housingEstate,樂康居,,,,,,1,true
樂陶居,樂陶居,housingEstate,樂陶居,,,,,,1,true
永安居,永安居,housingEstate,永安居,,,,,,1,true
海景居,海景居,housingEstate,海景居,,,,,,1,true
灝龍居,灝龍居,housingEstate,灝龍居,,,,,,1,true
益蘭居,益蘭居,housingEstate,益蘭居,,,,,,1,true
聚福居,聚福居,housingEstate,聚福居,,,,,,1,true
聯發居,聯發居,housingEstate,聯發居,,,,,,1,true
自然居,自然居,housingEstate,自然居,,,,,,1,true
裕庭居,裕庭居,housingEstate,裕庭居,,,,,,1,true
裕景居,裕景居,housingEstate,裕景居,,,,,,1,true
逸安居,逸安居,housingEstate,逸安居,,,,,,1,true
錦英居,錦英居,housingEstate,錦英居,,,,,,1,true
青廈居,青廈居,housingEstate,青廈居,,,,,,1,true
風松居,風松居,housingEstate,風松居,,,,,,1,true
香草居,香草居,housingEstate,香草居,,,,,,1,true
龍兒居,龍兒居,housingEstate,龍兒居,,,,,,1,true
爵仕居,爵仕居,housingEstate,爵仕居,,,,,,1,true
爵士居,爵士居,housingEstate,爵士居,,,,,,1,true
聚賢居,聚賢居,housingEstate,聚賢居,,,,,,1,true
名仕居,名仕居,housingEstate,名仕居,,,,,,1,true
名士居,名士居,housingEstate,名士居,,,,,,1,true
俊仕居,俊仕居,housingEstate,俊仕居,,,,,,1,true
俊士居,俊士居,housingEstate,俊士居,,,,,,1,true
廣福邨廣崇樓,廣福邨廣崇樓,housingEstate,廣福邨廣崇樓,,,,,,1,true
廣福邨廣佑樓,廣福邨廣佑樓,housingEstate,廣福邨廣佑樓,,,,,,1,true
廣田邨廣靖樓,廣田邨廣靖樓,housingEstate,廣田邨廣靖樓,,,,,,1,true
廣田邨廣雅樓,廣田邨廣雅樓,housingEstate,廣田邨廣雅樓,,,,,,1,true
廣輝苑,廣輝苑,housingEstate,廣輝苑,,,,,,1,true
廣昌閣,廣昌閣,housingEstate,廣昌閣,,,,,,1,true
廣林苑,廣林苑,housingEstate,廣林苑,,,,,,1,true
廣隆閣,廣隆閣,housingEstate,廣隆閣,,,,,,1,true
廣寧閣,廣寧閣,housingEstate,廣寧閣,,,,,,1,true
廣瑞閣,廣瑞閣,housingEstate,廣瑞閣,,,,,,1,true
廣新閣,廣新閣,housingEstate,廣新閣,,,,,,1,true
廣賢閣,廣賢閣,housingEstate,廣賢閣,,,,,,1,true
廣盈閣,廣盈閣,housingEstate,廣盈閣,,,,,,1,true
摩頓臺活動中心,摩頓臺活動中心,housingEstate,摩頓臺活動中心,,,,,,1,true
廈村,廈村,housingEstate,廈村,,,,,,1,true
廈村市,廈村市,housingEstate,廈村市,,,,,,1,true
田廈花園,田廈花園,housingEstate,田廈花園,,,,,,1,true
昌盛苑(流動圖書館十二),昌盛苑(流動圖書館十二),housingEstate,昌盛苑(流動圖書館十二),,,,,,1,true
清河邨(流動圖書館十),清河邨(流動圖書館十),housingEstate,清河邨(流動圖書館十),,,,,,1,true
嘉福邨(流動圖書館十二),嘉福邨(流動圖書館十二),housingEstate,嘉福邨(流動圖書館十二),,,,,,1,true
錦繡花園(流動圖書館三),錦繡花園(流動圖書館三),housingEstate,錦繡花園(流動圖書館三),,,,,,1,true
上村公園(流動圖書館三),上村公園(流動圖書館三),housingEstate,上村公園(流動圖書館三),,,,,,1,true
金錢村(流動圖書館十二),金錢村(流動圖書館十二),housingEstate,金錢村(流動圖書館十二),,,,,,1,true
蝴蝶邨公共圖書館,蝴蝶邨公共圖書館,housingEstate,蝴蝶邨公共圖書館,,,,,,1,true
順利邨公共圖書館,順利邨公共圖書館,housingEstate,順利邨公共圖書館,,,,,,1,true
日瓏閣第1座,日瓏閣第1座,housingEstate,日瓏閣第1座,,,,,,1,true
日瓏閣第2座,日瓏閣第2座,housingEstate,日瓏閣第2座,,,,,,1,true
月瓏閣第1座,月瓏閣第1座,housingEstate,月瓏閣第1座,,,,,,1,true
月瓏閣第2座,月瓏閣第2座,housingEstate,月瓏閣第2座,,,,,,1,true
月瓏閣第3座,月瓏閣第3座,housingEstate,月瓏閣第3座,,,,,,1,true
傲瓏閣第1座,傲瓏閣第1座,housingEstate,傲瓏閣第1座,,,,,,1,true
傲瓏閣第2座,傲瓏閣第2座,housingEstate,傲瓏閣第2座,,,,,,1,true
傲瓏閣第3座,傲瓏閣第3座,housingEstate,傲瓏閣第3座,,,,,,1,true
天瓏閣第1座,天瓏閣第1座,housingEstate,天瓏閣第1座,,,,,,1,true
天瓏閣第2座,天瓏閣第2座,housingEstate,天瓏閣第2座,,,,,,1,true
麗城花園第一期第2座,麗城花園第一期第2座,housingEstate,麗城花園第一期第2座,,,,,,1,true
麗城花園第一期第3座,麗城花園第一期第3座,housingEstate,麗城花園第一期第3座,,,,,,1,true
海栢花園第5座,海栢花園第5座,housingEstate,海栢花園第5座,,,,,,1,true
杜智臺,杜智臺,housingEstate,杜智臺,,,,,,1,true
俊宏軒第五座,俊宏軒第五座,housingEstate,俊宏軒第五座,,,,,,1,true
漾景閣第5A座,漾景閣第5A座,housingEstate,漾景閣第5A座,,,,,,1,true
漾景閣第5B座,漾景閣第5B座,housingEstate,漾景閣第5B座,,,,,,1,true
若璠閣,若璠閣,housingEstate,若璠閣,,,,,,1,true
翠塘花園第10座,翠塘花園第10座,housingEstate,翠塘花園第10座,,,,,,1,true
聚龍居第10座,聚龍居第10座,housingEstate,聚龍居第10座,,,,,,1,true
聽濤雅苑第十座,聽濤雅苑第十座,housingEstate,聽濤雅苑第十座,,,,,,1,true
悅濤軒第十座,悅濤軒第十座,housingEstate,悅濤軒第十座,,,,,,1,true
康翠臺第5座,康翠臺第5座,housingEstate,康翠臺第5座,,,,,,1,true
葵盛東邨(流動圖書館十一),葵盛東邨(流動圖書館十一),housingEstate,葵盛東邨(流動圖書館十一),,,,,,1,true
彩雲(一)邨,彩雲(一)邨,housingEstate,彩雲(一)邨,,,,,,1,true
興華(一)邨,興華(一)邨,housingEstate,興華(一)邨,,,,,,1,true
石籬一邨,石籬一邨,housingEstate,石籬一邨,,,,,,1,true
天瑞(1)邨,天瑞(1)邨,housingEstate,天瑞(1)邨,,,,,,1,true
天耀(1)邨,天耀(1)邨,housingEstate,天耀(1)邨,,,,,,1,true
東頭(一)邨,東頭(一)邨,housingEstate,東頭(一)邨,,,,,,1,true
華富（一）邨,華富（一）邨,housingEstate,華富（一）邨,,,,,,1,true
華富(一)邨,華富(一)邨,housingEstate,華富(一)邨,,,,,,1,true
逸東（一）邨,逸東（一）邨,housingEstate,逸東（一）邨,,,,,,1,true
逸東(一)邨,逸東(一)邨,housingEstate,逸東(一)邨,,,,,,1,true
梨木樹(1)邨,梨木樹(1)邨,housingEstate,梨木樹(1)邨,,,,,,1,true
彩雲（一）邨,彩雲（一）邨,housingEstate,彩雲（一）邨,,,,,,1,true
興華（一）邨,興華（一）邨,housingEstate,興華（一）邨,,,,,,1,true
逸東一邨,逸東一邨,housingEstate,逸東一邨,,,,,,1,true
興華(一)邨興翠樓,興華(一)邨興翠樓,housingEstate,興華(一)邨興翠樓,,,,,,1,true
石籬(一)邨石興樓,石籬(一)邨石興樓,housingEstate,石籬(一)邨石興樓,,,,,,1,true
石籬(一)邨石安樓,石籬(一)邨石安樓,housingEstate,石籬(一)邨石安樓,,,,,,1,true
華富(一)邨華清樓,華富(一)邨華清樓,housingEstate,華富(一)邨華清樓,,,,,,1,true
華富(一)邨華裕樓,華富(一)邨華裕樓,housingEstate,華富(一)邨華裕樓,,,,,,1,true
逸東(一)邨漁逸樓,逸東(一)邨漁逸樓,housingEstate,逸東(一)邨漁逸樓,,,,,,1,true
石籬(一)邨石秀樓,石籬(一)邨石秀樓,housingEstate,石籬(一)邨石秀樓,,,,,,1,true
天瑞(一)邨瑞國樓,天瑞(一)邨瑞國樓,housingEstate,天瑞(一)邨瑞國樓,,,,,,1,true
天瑞(一)邨瑞心樓,天瑞(一)邨瑞心樓,housingEstate,天瑞(一)邨瑞心樓,,,,,,1,true
天耀(一)邨耀民樓,天耀(一)邨耀民樓,housingEstate,天耀(一)邨耀民樓,,,,,,1,true
天耀(一)邨耀逸樓,天耀(一)邨耀逸樓,housingEstate,天耀(一)邨耀逸樓,,,,,,1,true
彩雲(一)邨伴月樓,彩雲(一)邨伴月樓,housingEstate,彩雲(一)邨伴月樓,,,,,,1,true
彩雲(一)邨長波樓,彩雲(一)邨長波樓,housingEstate,彩雲(一)邨長波樓,,,,,,1,true
彩雲(一)邨星辰樓,彩雲(一)邨星辰樓,housingEstate,彩雲(一)邨星辰樓,,,,,,1,true
香港薄扶林華富邨華安樓地下114號鋪,香港薄扶林華富邨華安樓地下114號鋪,housingEstate,香港薄扶林華富邨華安樓地下114號鋪,,,,,,1,true
興華(一)邨停車場 (前稱),興華(一)邨停車場 (前稱),housingEstate,興華(一)邨停車場 (前稱),,,,,,1,true
梨木樹(一)邨,梨木樹(一)邨,housingEstate,梨木樹(一)邨,,,,,,1,true
黃大仙下邨（一區） (別稱),黃大仙下邨（一區） (別稱),housingEstate,黃大仙下邨（一區） (別稱),,,,,,1,true
廁所 (近水泉澳邨),廁所 (近水泉澳邨),housingEstate,廁所 (近水泉澳邨),,,,,,1,true
水泉澳邨,水泉澳邨,housingEstate,水泉澳邨,,,,,,1,true
水泉澳邨2座河泉樓,水泉澳邨2座河泉樓,housingEstate,水泉澳邨2座河泉樓,,,,,,1,true
水泉澳邨7座朗泉樓,水泉澳邨7座朗泉樓,housingEstate,水泉澳邨7座朗泉樓,,,,,,1,true
水泉澳邨18座嶺泉樓,水泉澳邨18座嶺泉樓,housingEstate,水泉澳邨18座嶺泉樓,,,,,,1,true
匡智水泉澳綜合復康中心-泉智軒,匡智水泉澳綜合復康中心-泉智軒,housingEstate,匡智水泉澳綜合復康中心-泉智軒,,,,,,1,true
匡智水泉澳綜合復康中心 - 泉匯軒,匡智水泉澳綜合復康中心 - 泉匯軒,housingEstate,匡智水泉澳綜合復康中心 - 泉匯軒,,,,,,1,true
Wi-Fi.HK 熱點位置: 水泉澳邨,Wi-Fi.HK 熱點位置: 水泉澳邨,housingEstate,Wi-Fi.HK 熱點位置: 水泉澳邨,,,,,,1,true
Wi-Fi.HK 熱點位置: 麥當勞 - 水泉澳邨,Wi-Fi.HK 熱點位置: 麥當勞 - 水泉澳邨,housingEstate,Wi-Fi.HK 熱點位置: 麥當勞 - 水泉澳邨,,,,,,1,true
竹園(南)邨(流動圖書館七),竹園(南)邨(流動圖書館七),housingEstate,竹園(南)邨(流動圖書館七),,,,,,1,true
利東邨,利東邨,housingEstate,利東邨,,,,,,1,true
木苑,木苑,housingEstate,木苑,,,,,,1,true
寶田邨第五座,寶田邨第五座,housingEstate,寶田邨第五座,,,,,,1,true
清河邨,清河邨,housingEstate,清河邨,,,,,,1,true
山景花園別墅,山景花園別墅,housingEstate,山景花園別墅,,,,,,1,true
沙角邨,沙角邨,housingEstate,沙角邨,,,,,,1,true
葵盛西邨第五座,葵盛西邨第五座,housingEstate,葵盛西邨第五座,,,,,,1,true
梨木樹邨第5座,梨木樹邨第5座,housingEstate,梨木樹邨第5座,,,,,,1,true
新翠邨,新翠邨,housingEstate,新翠邨,,,,,,1,true
水邊圍邨,水邊圍邨,housingEstate,水邊圍邨,,,,,,1,true
清河邨清朗樓,清河邨清朗樓,housingEstate,清河邨清朗樓,,,,,,1,true
清河邨清平樓,清河邨清平樓,housingEstate,清河邨清平樓,,,,,,1,true
清河邨清譽樓,清河邨清譽樓,housingEstate,清河邨清譽樓,,,,,,1,true
健明邨明宙樓,健明邨明宙樓,housingEstate,健明邨明宙樓,,,,,,1,true
農瑞村A5座,農瑞村A5座,housingEstate,農瑞村A5座,,,,,,1,true
葵涌(二)邨第五期四樓升降機平台,葵涌(二)邨第五期四樓升降機平台,housingEstate,葵涌(二)邨第五期四樓升降機平台,,,,,,1,true
沙角邨B座銀鷗樓,沙角邨B座銀鷗樓,housingEstate,沙角邨B座銀鷗樓,,,,,,1,true
石硤尾邨第五期,石硤尾邨第五期,housingEstate,石硤尾邨第五期,,,,,,1,true
菁田邨5座菁善樓,菁田邨5座菁善樓,housingEstate,菁田邨5座菁善樓,,,,,,1,true
元州邨五期停車場,元州邨五期停車場,housingEstate,元州邨五期停車場,,,,,,1,true
PARKNSHOP 利東邨,PARKNSHOP 利東邨,housingEstate,PARKNSHOP 利東邨,,,,,,1,true
PARKNSHOP 清河邨,PARKNSHOP 清河邨,housingEstate,PARKNSHOP 清河邨,,,,,,1,true
PARKNSHOP 麗瑤邨,PARKNSHOP 麗瑤邨,housingEstate,PARKNSHOP 麗瑤邨,,,,,,1,true
富亨邨(流動圖書館五),富亨邨(流動圖書館五),housingEstate,富亨邨(流動圖書館五),,,,,,1,true
富善邨(流動圖書館五),富善邨(流動圖書館五),housingEstate,富善邨(流動圖書館五),,,,,,1,true
美田邨(流動圖書館五),美田邨(流動圖書館五),housingEstate,美田邨(流動圖書館五),,,,,,1,true
PARKNSHOP 石硤尾邨,PARKNSHOP 石硤尾邨,housingEstate,PARKNSHOP 石硤尾邨,,,,,,1,true
石硤尾邨第二五期停車場,石硤尾邨第二五期停車場,housingEstate,石硤尾邨第二五期停車場,,,,,,1,true
明德邨(流動圖書館五),明德邨(流動圖書館五),housingEstate,明德邨(流動圖書館五),,,,,,1,true
欣安邨(流動圖書館五),欣安邨(流動圖書館五),housingEstate,欣安邨(流動圖書館五),,,,,,1,true
怡明邨(流動圖書館五),怡明邨(流動圖書館五),housingEstate,怡明邨(流動圖書館五),,,,,,1,true
耀安邨(流動圖書館五),耀安邨(流動圖書館五),housingEstate,耀安邨(流動圖書館五),,,,,,1,true
太和邨(流動圖書館五),太和邨(流動圖書館五),housingEstate,太和邨(流動圖書館五),,,,,,1,true
富蝶邨第五座 (別稱),富蝶邨第五座 (別稱),housingEstate,富蝶邨第五座 (別稱),,,,,,1,true
厚德邨第5座 (別稱),厚德邨第5座 (別稱),housingEstate,厚德邨第5座 (別稱),,,,,,1,true
天瑞邨第5座 (別稱),天瑞邨第5座 (別稱),housingEstate,天瑞邨第5座 (別稱),,,,,,1,true
華貴邨第5座 (別稱),華貴邨第5座 (別稱),housingEstate,華貴邨第5座 (別稱),,,,,,1,true
熟食檔-樂華南邨,熟食檔-樂華南邨,housingEstate,熟食檔-樂華南邨,,,,,,1,true
葵盛西邨(流動圖書館十一),葵盛西邨(流動圖書館十一),housingEstate,葵盛西邨(流動圖書館十一),,,,,,1,true
菁田邨,菁田邨,housingEstate,菁田邨,,,,,,1,true
暉明邨,暉明邨,housingEstate,暉明邨,,,,,,1,true
明德邨,明德邨,housingEstate,明德邨,,,,,,1,true
大元邨,大元邨,housingEstate,大元邨,,,,,,1,true
田景邨,田景邨,housingEstate,田景邨,,,,,,1,true
青衣邨,青衣邨,housingEstate,青衣邨,,,,,,1,true
慈樂邨,慈樂邨,housingEstate,慈樂邨,,,,,,1,true
葵盛西邨第十座,葵盛西邨第十座,housingEstate,葵盛西邨第十座,,,,,,1,true
李鄭屋邨,李鄭屋邨,housingEstate,李鄭屋邨,,,,,,1,true
小西灣邨,小西灣邨,housingEstate,小西灣邨,,,,,,1,true
運頭塘邨,運頭塘邨,housingEstate,運頭塘邨,,,,,,1,true
慈樂邨樂祥樓,慈樂邨樂祥樓,housingEstate,慈樂邨樂祥樓,,,,,,1,true
慈樂邨樂歡樓,慈樂邨樂歡樓,housingEstate,慈樂邨樂歡樓,,,,,,1,true
慈樂邨樂誠樓,慈樂邨樂誠樓,housingEstate,慈樂邨樂誠樓,,,,,,1,true
小西灣邨瑞強樓,小西灣邨瑞強樓,housingEstate,小西灣邨瑞強樓,,,,,,1,true
小西灣邨瑞隆樓,小西灣邨瑞隆樓,housingEstate,小西灣邨瑞隆樓,,,,,,1,true
小西灣邨瑞明樓,小西灣邨瑞明樓,housingEstate,小西灣邨瑞明樓,,,,,,1,true
石硤尾邨第二十二座,石硤尾邨第二十二座,housingEstate,石硤尾邨第二十二座,,,,,,1,true
菁田邨3座菁樂樓,菁田邨3座菁樂樓,housingEstate,菁田邨3座菁樂樓,,,,,,1,true
基督徒信望愛堂課餘託管中心(翠屏邨),基督徒信望愛堂課餘託管中心(翠屏邨),housingEstate,基督徒信望愛堂課餘託管中心(翠屏邨),,,,,,1,true
PARKNSHOP 明德邨,PARKNSHOP 明德邨,housingEstate,PARKNSHOP 明德邨,,,,,,1,true
PARKNSHOP 景林邨,PARKNSHOP 景林邨,housingEstate,PARKNSHOP 景林邨,,,,,,1,true
長宏邨(流動圖書館十),長宏邨(流動圖書館十),housingEstate,長宏邨(流動圖書館十),,,,,,1,true
海麗邨(流動圖書館十),海麗邨(流動圖書館十),housingEstate,海麗邨(流動圖書館十),,,,,,1,true
葵涌邨(流動圖書館十),葵涌邨(流動圖書館十),housingEstate,葵涌邨(流動圖書館十),,,,,,1,true
天悅邨(流動圖書館十),天悅邨(流動圖書館十),housingEstate,天悅邨(流動圖書館十),,,,,,1,true
天瑞邨(流動圖書館十),天瑞邨(流動圖書館十),housingEstate,天瑞邨(流動圖書館十),,,,,,1,true
天瑞邨第10座 (前稱),天瑞邨第10座 (前稱),housingEstate,天瑞邨第10座 (前稱),,,,,,1,true
黃埔新邨X座 (別稱),黃埔新邨X座 (別稱),housingEstate,黃埔新邨X座 (別稱),,,,,,1,true
健明邨E座 (別稱),健明邨E座 (別稱),housingEstate,健明邨E座 (別稱),,,,,,1,true
愛賓花園,愛賓花園,housingEstate,愛賓花園,,,,,,1,true
麗城花園,麗城花園,housingEstate,麗城花園,,,,,,1,true
卜公花園,卜公花園,housingEstate,卜公花園,,,,,,1,true
劍橋花園,劍橋花園,housingEstate,劍橋花園,,,,,,1,true
建康花園,建康花園,housingEstate,建康花園,,,,,,1,true
歡泰花園,歡泰花園,housingEstate,歡泰花園,,,,,,1,true
雲疊花園,雲疊花園,housingEstate,雲疊花園,,,,,,1,true
嘉麗花園,嘉麗花園,housingEstate,嘉麗花園,,,,,,1,true
嘉威花園,嘉威花園,housingEstate,嘉威花園,,,,,,1,true
名人花園,名人花園,housingEstate,名人花園,,,,,,1,true
詩禮花園,詩禮花園,housingEstate,詩禮花園,,,,,,1,true
長盛豪苑,長盛豪苑,housingEstate,長盛豪苑,,,,,,1,true
遮打花園,遮打花園,housingEstate,遮打花園,,,,,,1,true
時樂花園,時樂花園,housingEstate,時樂花園,,,,,,1,true
新峰花園,新峰花園,housingEstate,新峰花園,,,,,,1,true
嘉美花園,嘉美花園,housingEstate,嘉美花園,,,,,,1,true
康樂花園,康樂花園,housingEstate,康樂花園,,,,,,1,true
龍柏花園,龍柏花園,housingEstate,龍柏花園,,,,,,1,true
東美花園,東美花園,housingEstate,東美花園,,,,,,1,true
下水水花園,下水水花園,housingEstate,下水水花園,,,,,,1,true
雅麗花園,雅麗花園,housingEstate,雅麗花園,,,,,,1,true
百美花園,百美花園,housingEstate,百美花園,,,,,,1,true
飛鵝花園,飛鵝花園,housingEstate,飛鵝花園,,,,,,1,true
松盛花園,松盛花園,housingEstate,松盛花園,,,,,,1,true
住得好長洲花園渡假屋,住得好長洲花園渡假屋,housingEstate,住得好長洲花園渡假屋,,,,,,1,true
又一村花園,又一村花園,housingEstate,又一村花園,,,,,,1,true
翠海花園1A,翠海花園1A,housingEstate,翠海花園1A,,,,,,1,true
翠海花園1B,翠海花園1B,housingEstate,翠海花園1B,,,,,,1,true
綠怡花園1A,綠怡花園1A,housingEstate,綠怡花園1A,,,,,,1,true
綠怡花園1B,綠怡花園1B,housingEstate,綠怡花園1B,,,,,,1,true
Marina Garden H1,Marina Garden H1,housingEstate,Marina Garden H1,,,,,,1,true
湖景花園1,湖景花園1,housingEstate,湖景花園1,,,,,,1,true
淘大花園I座,淘大花園I座,housingEstate,淘大花園I座,,,,,,1,true
雅樂花園A1座,雅樂花園A1座,housingEstate,雅樂花園A1座,,,,,,1,true
雅樂花園B1座,雅樂花園B1座,housingEstate,雅樂花園B1座,,,,,,1,true
寶雅花園第一座,寶雅花園第一座,housingEstate,寶雅花園第一座,,,,,,1,true
碧麗花園第一座,碧麗花園第一座,housingEstate,碧麗花園第一座,,,,,,1,true
泓景臺第一座,泓景臺第一座,housingEstate,泓景臺第一座,,,,,,1,true
BARBECUE GARDENS House 1,BARBECUE GARDENS House 1,housingEstate,BARBECUE GARDENS House 1,,,,,,1,true
紫翠花園第1座,紫翠花園第1座,housingEstate,紫翠花園第1座,,,,,,1,true
寶盈花園第一座,寶盈花園第一座,housingEstate,寶盈花園第一座,,,,,,1,true
碧麗花園第1座,碧麗花園第1座,housingEstate,碧麗花園第1座,,,,,,1,true
斌善軒1座,斌善軒1座,housingEstate,斌善軒1座,,,,,,1,true
富康花園第一座,富康花園第一座,housingEstate,富康花園第一座,,,,,,1,true
碧荔花園1號屋,碧荔花園1號屋,housingEstate,碧荔花園1號屋,,,,,,1,true
寶怡花園第一座,寶怡花園第一座,housingEstate,寶怡花園第一座,,,,,,1,true
偉景花園第一座,偉景花園第一座,housingEstate,偉景花園第一座,,,,,,1,true
栢寧頓花園1座,栢寧頓花園1座,housingEstate,栢寧頓花園1座,,,,,,1,true
歡泰花園1座,歡泰花園1座,housingEstate,歡泰花園1座,,,,,,1,true
嘉文花園第一座,嘉文花園第一座,housingEstate,嘉文花園第一座,,,,,,1,true
富怡花園第1座,富怡花園第1座,housingEstate,富怡花園第1座,,,,,,1,true
富安花園第1座,富安花園第1座,housingEstate,富安花園第1座,,,,,,1,true
城市花園第1座,城市花園第1座,housingEstate,城市花園第1座,,,,,,1,true
高樂花園第一座,高樂花園第一座,housingEstate,高樂花園第一座,,,,,,1,true
樂年花園1座,樂年花園1座,housingEstate,樂年花園1座,,,,,,1,true
天龍花園I座,天龍花園I座,housingEstate,天龍花園I座,,,,,,1,true
海裕苑第1座,海裕苑第1座,housingEstate,海裕苑第1座,,,,,,1,true
怡翠花園第一座,怡翠花園第一座,housingEstate,怡翠花園第一座,,,,,,1,true
怡景花園第一座,怡景花園第一座,housingEstate,怡景花園第一座,,,,,,1,true
怡樂花園第一座,怡樂花園第一座,housingEstate,怡樂花園第一座,,,,,,1,true
雅麗苑第一座,雅麗苑第一座,housingEstate,雅麗苑第一座,,,,,,1,true
歐意花園A1座,歐意花園A1座,housingEstate,歐意花園A1座,,,,,,1,true
歐意花園B1座,歐意花園B1座,housingEstate,歐意花園B1座,,,,,,1,true
松栢花園1座,松栢花園1座,housingEstate,松栢花園1座,,,,,,1,true
松柏花園I座,松柏花園I座,housingEstate,松柏花園I座,,,,,,1,true
欣景花園第1座,欣景花園第1座,housingEstate,欣景花園第1座,,,,,,1,true
富安居A1座,富安居A1座,housingEstate,富安居A1座,,,,,,1,true
富澤花園1座,富澤花園1座,housingEstate,富澤花園1座,,,,,,1,true
翠海花園5A,翠海花園5A,housingEstate,翠海花園5A,,,,,,1,true
翠海花園5B,翠海花園5B,housingEstate,翠海花園5B,,,,,,1,true
綠怡花園5A,綠怡花園5A,housingEstate,綠怡花園5A,,,,,,1,true
綠怡花園5B,綠怡花園5B,housingEstate,綠怡花園5B,,,,,,1,true
Marina Garden H5,Marina Garden H5,housingEstate,Marina Garden H5,,,,,,1,true
雅樂花園A5座,雅樂花園A5座,housingEstate,雅樂花園A5座,,,,,,1,true
雅樂花園B5座,雅樂花園B5座,housingEstate,雅樂花園B5座,,,,,,1,true
寶雅花園第五座,寶雅花園第五座,housingEstate,寶雅花園第五座,,,,,,1,true
泓景臺第五座,泓景臺第五座,housingEstate,泓景臺第五座,,,,,,1,true
紫翠花園第5座,紫翠花園第5座,housingEstate,紫翠花園第5座,,,,,,1,true
寶盈花園第五座,寶盈花園第五座,housingEstate,寶盈花園第五座,,,,,,1,true
碧麗花園第5座,碧麗花園第5座,housingEstate,碧麗花園第5座,,,,,,1,true
斌善軒5座,斌善軒5座,housingEstate,斌善軒5座,,,,,,1,true
富康花園第五座,富康花園第五座,housingEstate,富康花園第五座,,,,,,1,true
碧荔花園5號屋,碧荔花園5號屋,housingEstate,碧荔花園5號屋,,,,,,1,true
偉景花園第五座,偉景花園第五座,housingEstate,偉景花園第五座,,,,,,1,true
栢寧頓花園5座,栢寧頓花園5座,housingEstate,栢寧頓花園5座,,,,,,1,true
歡泰花園5座,歡泰花園5座,housingEstate,歡泰花園5座,,,,,,1,true
富怡花園第5座,富怡花園第5座,housingEstate,富怡花園第5座,,,,,,1,true
富安花園第5座,富安花園第5座,housingEstate,富安花園第5座,,,,,,1,true
城市花園第5座,城市花園第5座,housingEstate,城市花園第5座,,,,,,1,true
樂年花園5座,樂年花園5座,housingEstate,樂年花園5座,,,,,,1,true
海裕苑第5座,海裕苑第5座,housingEstate,海裕苑第5座,,,,,,1,true
雅麗苑第五座,雅麗苑第五座,housingEstate,雅麗苑第五座,,,,,,1,true
歐意花園A5座,歐意花園A5座,housingEstate,歐意花園A5座,,,,,,1,true
歐意花園B5座,歐意花園B5座,housingEstate,歐意花園B5座,,,,,,1,true
松栢花園5座,松栢花園5座,housingEstate,松栢花園5座,,,,,,1,true
富安居A5座,富安居A5座,housingEstate,富安居A5座,,,,,,1,true
富澤花園5座,富澤花園5座,housingEstate,富澤花園5座,,,,,,1,true
雅景花園A5座,雅景花園A5座,housingEstate,雅景花園A5座,,,,,,1,true
雅景花園B5座,雅景花園B5座,housingEstate,雅景花園B5座,,,,,,1,true
雅景花園C5座,雅景花園C5座,housingEstate,雅景花園C5座,,,,,,1,true
雅景花園D5座,雅景花園D5座,housingEstate,雅景花園D5座,,,,,,1,true
富景花園第5座,富景花園第5座,housingEstate,富景花園第5座,,,,,,1,true
華富花園A5座,華富花園A5座,housingEstate,華富花園A5座,,,,,,1,true
華富花園B5座,華富花園B5座,housingEstate,華富花園B5座,,,,,,1,true
華富花園C5座,華富花園C5座,housingEstate,華富花園C5座,,,,,,1,true
富安花苑第五座,富安花苑第五座,housingEstate,富安花苑第五座,,,,,,1,true
田禾苑5座,田禾苑5座,housingEstate,田禾苑5座,,,,,,1,true
富健花園五座,富健花園五座,housingEstate,富健花園五座,,,,,,1,true
金禧花園第5座,金禧花園第5座,housingEstate,金禧花園第5座,,,,,,1,true
翠怡花園第五座,翠怡花園第五座,housingEstate,翠怡花園第五座,,,,,,1,true
嘉碧苑第5座,嘉碧苑第5座,housingEstate,嘉碧苑第5座,,,,,,1,true
恒福花園5座,恒福花園5座,housingEstate,恒福花園5座,,,,,,1,true
Marina Garden H10,Marina Garden H10,housingEstate,Marina Garden H10,,,,,,1,true
雅樂花園A10座,雅樂花園A10座,housingEstate,雅樂花園A10座,,,,,,1,true
雅樂花園B10座,雅樂花園B10座,housingEstate,雅樂花園B10座,,,,,,1,true
紫翠花園第10座,紫翠花園第10座,housingEstate,紫翠花園第10座,,,,,,1,true
碧麗花園第10A座,碧麗花園第10A座,housingEstate,碧麗花園第10A座,,,,,,1,true
碧麗花園第10B座,碧麗花園第10B座,housingEstate,碧麗花園第10B座,,,,,,1,true
富康花園第十座,富康花園第十座,housingEstate,富康花園第十座,,,,,,1,true
栢寧頓花園10座,栢寧頓花園10座,housingEstate,栢寧頓花園10座,,,,,,1,true
富安花園第10座,富安花園第10座,housingEstate,富安花園第10座,,,,,,1,true
城市花園第10座,城市花園第10座,housingEstate,城市花園第10座,,,,,,1,true
海裕苑第10座,海裕苑第10座,housingEstate,海裕苑第10座,,,,,,1,true
雅麗苑第十座,雅麗苑第十座,housingEstate,雅麗苑第十座,,,,,,1,true
歐意花園A10座,歐意花園A10座,housingEstate,歐意花園A10座,,,,,,1,true
歐意花園B10座,歐意花園B10座,housingEstate,歐意花園B10座,,,,,,1,true
富澤花園10座,富澤花園10座,housingEstate,富澤花園10座,,,,,,1,true
雅景花園A10座,雅景花園A10座,housingEstate,雅景花園A10座,,,,,,1,true
雅景花園C10座,雅景花園C10座,housingEstate,雅景花園C10座,,,,,,1,true
雅景花園D10座,雅景花園D10座,housingEstate,雅景花園D10座,,,,,,1,true
富景花園第10座,富景花園第10座,housingEstate,富景花園第10座,,,,,,1,true
華富花園A10座,華富花園A10座,housingEstate,華富花園A10座,,,,,,1,true
富安花苑第十座,富安花苑第十座,housingEstate,富安花苑第十座,,,,,,1,true
富健花園十座,富健花園十座,housingEstate,富健花園十座,,,,,,1,true
翠怡花園第十座,翠怡花園第十座,housingEstate,翠怡花園第十座,,,,,,1,true
嘉碧苑第10座,嘉碧苑第10座,housingEstate,嘉碧苑第10座,,,,,,1,true
銀禧花園B10座,銀禧花園B10座,housingEstate,銀禧花園B10座,,,,,,1,true
文禮苑10座,文禮苑10座,housingEstate,文禮苑10座,,,,,,1,true
建庭花園10座,建庭花園10座,housingEstate,建庭花園10座,,,,,,1,true
碧豪苑A10座,碧豪苑A10座,housingEstate,碧豪苑A10座,,,,,,1,true
碧豪苑B10座,碧豪苑B10座,housingEstate,碧豪苑B10座,,,,,,1,true
美景花園第十座,美景花園第十座,housingEstate,美景花園第十座,,,,,,1,true
美樂花園十座,美樂花園十座,housingEstate,美樂花園十座,,,,,,1,true
Merry Garden House 10,Merry Garden House 10,housingEstate,Merry Garden House 10,,,,,,1,true
美雅花園第10座,美雅花園第10座,housingEstate,美雅花園第10座,,,,,,1,true
俊亨豪苑十座,俊亨豪苑十座,housingEstate,俊亨豪苑十座,,,,,,1,true
麗晶花園第十座,麗晶花園第十座,housingEstate,麗晶花園第十座,,,,,,1,true
翡翠花園第10座,翡翠花園第10座,housingEstate,翡翠花園第10座,,,,,,1,true
滙景花園第十座,滙景花園第十座,housingEstate,滙景花園第十座,,,,,,1,true
桂濤花園第10A座,桂濤花園第10A座,housingEstate,桂濤花園第10A座,,,,,,1,true
桂濤花園第10B座,桂濤花園第10B座,housingEstate,桂濤花園第10B座,,,,,,1,true
秀麗花園10座,秀麗花園10座,housingEstate,秀麗花園10座,,,,,,1,true
園景軒餐廳,園景軒餐廳,housingEstate,園景軒餐廳,,,,,,1,true
翠屏花園A座,翠屏花園A座,housingEstate,翠屏花園A座,,,,,,1,true
翠屏花園B座,翠屏花園B座,housingEstate,翠屏花園B座,,,,,,1,true
海灣花園1座,海灣花園1座,housingEstate,海灣花園1座,,,,,,1,true
Vango-水泉澳邨,Vango-水泉澳邨,housingEstate,Vango-水泉澳邨,,,,,,1,true
麗和閣,麗和閣,housingEstate,麗和閣,,,,,,1,true
PARKNSHOP 海灣花園,PARKNSHOP 海灣花園,housingEstate,PARKNSHOP 海灣花園,,,,,,1,true
登臺,登臺,housingEstate,登臺,,,,,,1,true
薈賢居 (前稱),薈賢居 (前稱),housingEstate,薈賢居 (前稱),,,,,,1,true
松齡雅苑,松齡雅苑,housingEstate,松齡雅苑,,,,,,1,true
松齡雅苑 (長者日間護理單位買位計劃),松齡雅苑 (長者日間護理單位買位計劃),housingEstate,松齡雅苑 (長者日間護理單位買位計劃),,,,,,1,true
INTERNATIONAL 宇晴軒,INTERNATIONAL 宇晴軒,housingEstate,INTERNATIONAL 宇晴軒,,,,,,1,true
惠康超級市場-新興花園,惠康超級市場-新興花園,housingEstate,惠康超級市場-新興花園,,,,,,1,true
Wi-Fi.HK 熱點位置: McCafe - 美孚新邨,Wi-Fi.HK 熱點位置: McCafe - 美孚新邨,housingEstate,Wi-Fi.HK 熱點位置: McCafe - 美孚新邨,,,,,,1,true
Wi-Fi.HK 熱點位置: 麥當勞 - 美孚新邨,Wi-Fi.HK 熱點位置: 麥當勞 - 美孚新邨,housingEstate,Wi-Fi.HK 熱點位置: 麥當勞 - 美孚新邨,,,,,,1,true
旭泰復康護理家居服務隊,旭泰復康護理家居服務隊,housingEstate,旭泰復康護理家居服務隊,,,,,,1,true
錦綉苑,錦綉苑,housingEstate,錦綉苑,,,,,,1,true
建華閣,建華閣,housingEstate,建華閣,,,,,,1,true
彩雲居,彩雲居,housingEstate,彩雲居,,,,,,1,true
雅德苑第一座,雅德苑第一座,housingEstate,雅德苑第一座,,,,,,1,true
Regent Villa House 1,Regent Villa House 1,housingEstate,Regent Villa House 1,,,,,,1,true
蝴蝶邨蝶聚樓,蝴蝶邨蝶聚樓,housingEstate,蝴蝶邨蝶聚樓,,,,,,1,true
蝴蝶邨蝶心樓,蝴蝶邨蝶心樓,housingEstate,蝴蝶邨蝶心樓,,,,,,1,true
大夫第花園V座,大夫第花園V座,housingEstate,大夫第花園V座,,,,,,1,true
Regent Villa House 5,Regent Villa House 5,housingEstate,Regent Villa House 5,,,,,,1,true
伴閑居,伴閑居,housingEstate,伴閑居,,,,,,1,true
澤明閣,澤明閣,housingEstate,澤明閣,,,,,,1,true
豐裕閣,豐裕閣,housingEstate,豐裕閣,,,,,,1,true
寶瑛閣,寶瑛閣,housingEstate,寶瑛閣,,,,,,1,true
順康閣,順康閣,housingEstate,順康閣,,,,,,1,true
順寧閣,順寧閣,housingEstate,順寧閣,,,,,,1,true
Villa Monticello House 10-House 11,Villa Monticello House 10-House 11,housingEstate,Villa Monticello House 10-House 11,,,,,,1,true
大夫第花園X座,大夫第花園X座,housingEstate,大夫第花園X座,,,,,,1,true
嘉康閣,嘉康閣,housingEstate,嘉康閣,,,,,,1,true
安欣閣,安欣閣,housingEstate,安欣閣,,,,,,1,true
順豐閣,順豐閣,housingEstate,順豐閣,,,,,,1,true
順隆閣,順隆閣,housingEstate,順隆閣,,,,,,1,true
詠興閣,詠興閣,housingEstate,詠興閣,,,,,,1,true
茵華閣,茵華閣,housingEstate,茵華閣,,,,,,1,true
Alto Residences House 10,Alto Residences House 10,housingEstate,Alto Residences House 10,,,,,,1,true
鳳賢居10座,鳳賢居10座,housingEstate,鳳賢居10座,,,,,,1,true
淘大花園A座,淘大花園A座,housingEstate,淘大花園A座,,,,,,1,true
淘大花園B座,淘大花園B座,housingEstate,淘大花園B座,,,,,,1,true
淘大花園C座,淘大花園C座,housingEstate,淘大花園C座,,,,,,1,true
淘大花園D座,淘大花園D座,housingEstate,淘大花園D座,,,,,,1,true
淘大花園E座,淘大花園E座,housingEstate,淘大花園E座,,,,,,1,true
淘大花園F座,淘大花園F座,housingEstate,淘大花園F座,,,,,,1,true
淘大花園G座,淘大花園G座,housingEstate,淘大花園G座,,,,,,1,true
淘大花園H座,淘大花園H座,housingEstate,淘大花園H座,,,,,,1,true
淘大花園L座,淘大花園L座,housingEstate,淘大花園L座,,,,,,1,true
淘大花園M座,淘大花園M座,housingEstate,淘大花園M座,,,,,,1,true
淘大花園O座,淘大花園O座,housingEstate,淘大花園O座,,,,,,1,true
淘大花園P座,淘大花園P座,housingEstate,淘大花園P座,,,,,,1,true
淘大花園S座,淘大花園S座,housingEstate,淘大花園S座,,,,,,1,true
淘大花園,淘大花園,housingEstate,淘大花園,,,,,,1,true
正大花園,正大花園,housingEstate,正大花園,,,,,,1,true
正大花園 (別稱),正大花園 (別稱),housingEstate,正大花園 (別稱),,,,,,1,true
元新花園,元新花園,housingEstate,元新花園,,,,,,1,true
新花園閒休,新花園閒休,housingEstate,新花園閒休,,,,,,1,true
何東花園,何東花園,housingEstate,何東花園,,,,,,1,true
逸東花園,逸東花園,housingEstate,逸東花園,,,,,,1,true
觀東花園,觀東花園,housingEstate,觀東花園,,,,,,1,true
前何東花園住宅項目,前何東花園住宅項目,housingEstate,前何東花園住宅項目,,,,,,1,true
華海花園,華海花園,housingEstate,華海花園,,,,,,1,true
翠海花園2A,翠海花園2A,housingEstate,翠海花園2A,,,,,,1,true
翠海花園2B,翠海花園2B,housingEstate,翠海花園2B,,,,,,1,true
翠海花園3A,翠海花園3A,housingEstate,翠海花園3A,,,,,,1,true
翠海花園3B,翠海花園3B,housingEstate,翠海花園3B,,,,,,1,true
翠海花園6A,翠海花園6A,housingEstate,翠海花園6A,,,,,,1,true
翠海花園6B,翠海花園6B,housingEstate,翠海花園6B,,,,,,1,true
翠海花園7A,翠海花園7A,housingEstate,翠海花園7A,,,,,,1,true
翠海花園7B,翠海花園7B,housingEstate,翠海花園7B,,,,,,1,true
翠海花園,翠海花園,housingEstate,翠海花園,,,,,,1,true
南山花園,南山花園,housingEstate,南山花園,,,,,,1,true
華山花園,華山花園,housingEstate,華山花園,,,,,,1,true
錦山花園,錦山花園,housingEstate,錦山花園,,,,,,1,true
金山花園,金山花園,housingEstate,金山花園,,,,,,1,true
康山花園,康山花園,housingEstate,康山花園,,,,,,1,true
壽山花園,壽山花園,housingEstate,壽山花園,,,,,,1,true
蔚山花園,蔚山花園,housingEstate,蔚山花園,,,,,,1,true
半山花園,半山花園,housingEstate,半山花園,,,,,,1,true
屏山花園,屏山花園,housingEstate,屏山花園,,,,,,1,true
湖山花園,湖山花園,housingEstate,湖山花園,,,,,,1,true
荔枝山花園,荔枝山花園,housingEstate,荔枝山花園,,,,,,1,true
金山花園A座,金山花園A座,housingEstate,金山花園A座,,,,,,1,true
金山花園B座,金山花園B座,housingEstate,金山花園B座,,,,,,1,true
豪成半山花園,豪成半山花園,housingEstate,豪成半山花園,,,,,,1,true
屏山花園第一座,屏山花園第一座,housingEstate,屏山花園第一座,,,,,,1,true
屏山花園第十座,屏山花園第十座,housingEstate,屏山花園第十座,,,,,,1,true
屏山花園第二座,屏山花園第二座,housingEstate,屏山花園第二座,,,,,,1,true
屏山花園第三座,屏山花園第三座,housingEstate,屏山花園第三座,,,,,,1,true
屏山花園第四座,屏山花園第四座,housingEstate,屏山花園第四座,,,,,,1,true
屏山花園第五座,屏山花園第五座,housingEstate,屏山花園第五座,,,,,,1,true
屏山花園第六座,屏山花園第六座,housingEstate,屏山花園第六座,,,,,,1,true
屏山花園第七座,屏山花園第七座,housingEstate,屏山花園第七座,,,,,,1,true
屏山花園第八座,屏山花園第八座,housingEstate,屏山花園第八座,,,,,,1,true
屏山花園第九座,屏山花園第九座,housingEstate,屏山花園第九座,,,,,,1,true
紅山花園第1座,紅山花園第1座,housingEstate,紅山花園第1座,,,,,,1,true
紅山花園第10座,紅山花園第10座,housingEstate,紅山花園第10座,,,,,,1,true
紅山花園第11座,紅山花園第11座,housingEstate,紅山花園第11座,,,,,,1,true
紅山花園第12座,紅山花園第12座,housingEstate,紅山花園第12座,,,,,,1,true
紅山花園第13座,紅山花園第13座,housingEstate,紅山花園第13座,,,,,,1,true
紅山花園第14座,紅山花園第14座,housingEstate,紅山花園第14座,,,,,,1,true
紅山花園第15座,紅山花園第15座,housingEstate,紅山花園第15座,,,,,,1,true
紅山花園第16座,紅山花園第16座,housingEstate,紅山花園第16座,,,,,,1,true
紅山花園第2座,紅山花園第2座,housingEstate,紅山花園第2座,,,,,,1,true
紅山花園第3座,紅山花園第3座,housingEstate,紅山花園第3座,,,,,,1,true
紅山花園第4座,紅山花園第4座,housingEstate,紅山花園第4座,,,,,,1,true
紅山花園第5座,紅山花園第5座,housingEstate,紅山花園第5座,,,,,,1,true
紅山花園第6座,紅山花園第6座,housingEstate,紅山花園第6座,,,,,,1,true
紅山花園第7座,紅山花園第7座,housingEstate,紅山花園第7座,,,,,,1,true
紅山花園第8座,紅山花園第8座,housingEstate,紅山花園第8座,,,,,,1,true
紅山花園第9座,紅山花園第9座,housingEstate,紅山花園第9座,,,,,,1,true
寶馬山花園1座,寶馬山花園1座,housingEstate,寶馬山花園1座,,,,,,1,true
寶馬山花園10座,寶馬山花園10座,housingEstate,寶馬山花園10座,,,,,,1,true
寶馬山花園11座,寶馬山花園11座,housingEstate,寶馬山花園11座,,,,,,1,true
寶馬山花園12座,寶馬山花園12座,housingEstate,寶馬山花園12座,,,,,,1,true
寶馬山花園15座,寶馬山花園15座,housingEstate,寶馬山花園15座,,,,,,1,true
寶馬山花園16座,寶馬山花園16座,housingEstate,寶馬山花園16座,,,,,,1,true
寶馬山花園17座,寶馬山花園17座,housingEstate,寶馬山花園17座,,,,,,1,true
寶馬山花園2座,寶馬山花園2座,housingEstate,寶馬山花園2座,,,,,,1,true
寶馬山花園3座,寶馬山花園3座,housingEstate,寶馬山花園3座,,,,,,1,true
寶馬山花園5座,寶馬山花園5座,housingEstate,寶馬山花園5座,,,,,,1,true
富嘉花園,富嘉花園,housingEstate,富嘉花園,,,,,,1,true
富嘉花園第1座,富嘉花園第1座,housingEstate,富嘉花園第1座,,,,,,1,true
富嘉花園第2座,富嘉花園第2座,housingEstate,富嘉花園第2座,,,,,,1,true
富嘉花園第3座,富嘉花園第3座,housingEstate,富嘉花園第3座,,,,,,1,true
富華花園,富華花園,housingEstate,富華花園,,,,,,1,true
碧華花園,碧華花園,housingEstate,碧華花園,,,,,,1,true
建華花園,建華花園,housingEstate,建華花園,,,,,,1,true
振華花園,振華花園,housingEstate,振華花園,,,,,,1,true
萬華花園,萬華花園,housingEstate,萬華花園,,,,,,1,true
青華花園,青華花園,housingEstate,青華花園,,,,,,1,true
翠華花園A座,翠華花園A座,housingEstate,翠華花園A座,,,,,,1,true
翠華花園B座,翠華花園B座,housingEstate,翠華花園B座,,,,,,1,true
翠華花園C座,翠華花園C座,housingEstate,翠華花園C座,,,,,,1,true
彩華花園A座,彩華花園A座,housingEstate,彩華花園A座,,,,,,1,true
彩華花園B座,彩華花園B座,housingEstate,彩華花園B座,,,,,,1,true
彩華花園C座,彩華花園C座,housingEstate,彩華花園C座,,,,,,1,true
彩華花園D座,彩華花園D座,housingEstate,彩華花園D座,,,,,,1,true
錦華花園A座,錦華花園A座,housingEstate,錦華花園A座,,,,,,1,true
錦華花園B座,錦華花園B座,housingEstate,錦華花園B座,,,,,,1,true
寶華花園I座,寶華花園I座,housingEstate,寶華花園I座,,,,,,1,true
寶華花園A座,寶華花園A座,housingEstate,寶華花園A座,,,,,,1,true
寶華花園B座,寶華花園B座,housingEstate,寶華花園B座,,,,,,1,true
寶華花園C座,寶華花園C座,housingEstate,寶華花園C座,,,,,,1,true
寶華花園D座,寶華花園D座,housingEstate,寶華花園D座,,,,,,1,true
寶華花園E座,寶華花園E座,housingEstate,寶華花園E座,,,,,,1,true
寶華花園F座,寶華花園F座,housingEstate,寶華花園F座,,,,,,1,true
寶華花園G座,寶華花園G座,housingEstate,寶華花園G座,,,,,,1,true
寶華花園H座,寶華花園H座,housingEstate,寶華花園H座,,,,,,1,true
寶華花園J座,寶華花園J座,housingEstate,寶華花園J座,,,,,,1,true
寶華花園K座,寶華花園K座,housingEstate,寶華花園K座,,,,,,1,true
寶華花園L座,寶華花園L座,housingEstate,寶華花園L座,,,,,,1,true
寶華花園M座,寶華花園M座,housingEstate,寶華花園M座,,,,,,1,true
榮華花園A座,榮華花園A座,housingEstate,榮華花園A座,,,,,,1,true
榮華花園B座,榮華花園B座,housingEstate,榮華花園B座,,,,,,1,true
榮華花園C座,榮華花園C座,housingEstate,榮華花園C座,,,,,,1,true
榮華花園D座,榮華花園D座,housingEstate,榮華花園D座,,,,,,1,true
榮華花園E座,榮華花園E座,housingEstate,榮華花園E座,,,,,,1,true
榮華花園F座,榮華花園F座,housingEstate,榮華花園F座,,,,,,1,true
龍華花園第1座,龍華花園第1座,housingEstate,龍華花園第1座,,,,,,1,true
龍華花園第2座,龍華花園第2座,housingEstate,龍華花園第2座,,,,,,1,true
萬華花園第二座,萬華花園第二座,housingEstate,萬華花園第二座,,,,,,1,true
萬華花園第三座,萬華花園第三座,housingEstate,萬華花園第三座,,,,,,1,true
萬華花園第四座,萬華花園第四座,housingEstate,萬華花園第四座,,,,,,1,true
萬華花園第五座,萬華花園第五座,housingEstate,萬華花園第五座,,,,,,1,true
寶華花園第3期,寶華花園第3期,housingEstate,寶華花園第3期,,,,,,1,true
曉華花園,曉華花園,housingEstate,曉華花園,,,,,,1,true
翠華花園,翠華花園,housingEstate,翠華花園,,,,,,1,true
彩華花園,彩華花園,housingEstate,彩華花園,,,,,,1,true
龍華花園,龍華花園,housingEstate,龍華花園,,,,,,1,true
錦華花園,錦華花園,housingEstate,錦華花園,,,,,,1,true
寶華花園,寶華花園,housingEstate,寶華花園,,,,,,1,true
榮華花園,榮華花園,housingEstate,榮華花園,,,,,,1,true
振華花園第一期M座,振華花園第一期M座,housingEstate,振華花園第一期M座,,,,,,1,true
新麗花園,新麗花園,housingEstate,新麗花園,,,,,,1,true
金麗花園,金麗花園,housingEstate,金麗花園,,,,,,1,true
倚麗花園,倚麗花園,housingEstate,倚麗花園,,,,,,1,true
富麗花園,富麗花園,housingEstate,富麗花園,,,,,,1,true
倚麗花園2號,倚麗花園2號,housingEstate,倚麗花園2號,,,,,,1,true
倚麗花園3號,倚麗花園3號,housingEstate,倚麗花園3號,,,,,,1,true
倚麗花園4號,倚麗花園4號,housingEstate,倚麗花園4號,,,,,,1,true
秀麗花園1座,秀麗花園1座,housingEstate,秀麗花園1座,,,,,,1,true
秀麗花園11座,秀麗花園11座,housingEstate,秀麗花園11座,,,,,,1,true
秀麗花園12座,秀麗花園12座,housingEstate,秀麗花園12座,,,,,,1,true
秀麗花園13座,秀麗花園13座,housingEstate,秀麗花園13座,,,,,,1,true
秀麗花園13A座,秀麗花園13A座,housingEstate,秀麗花園13A座,,,,,,1,true
秀麗花園15座,秀麗花園15座,housingEstate,秀麗花園15座,,,,,,1,true
秀麗花園16座,秀麗花園16座,housingEstate,秀麗花園16座,,,,,,1,true
秀麗花園17座,秀麗花園17座,housingEstate,秀麗花園17座,,,,,,1,true
秀麗花園18座,秀麗花園18座,housingEstate,秀麗花園18座,,,,,,1,true
秀麗花園19座,秀麗花園19座,housingEstate,秀麗花園19座,,,,,,1,true
秀麗花園2座,秀麗花園2座,housingEstate,秀麗花園2座,,,,,,1,true
秀麗花園20座,秀麗花園20座,housingEstate,秀麗花園20座,,,,,,1,true
秀麗花園21座,秀麗花園21座,housingEstate,秀麗花園21座,,,,,,1,true
秀麗花園22座,秀麗花園22座,housingEstate,秀麗花園22座,,,,,,1,true
秀麗花園23座,秀麗花園23座,housingEstate,秀麗花園23座,,,,,,1,true
秀麗花園23A座,秀麗花園23A座,housingEstate,秀麗花園23A座,,,,,,1,true
秀麗花園25座,秀麗花園25座,housingEstate,秀麗花園25座,,,,,,1,true
秀麗花園26座,秀麗花園26座,housingEstate,秀麗花園26座,,,,,,1,true
秀麗花園27座,秀麗花園27座,housingEstate,秀麗花園27座,,,,,,1,true
秀麗花園28座,秀麗花園28座,housingEstate,秀麗花園28座,,,,,,1,true
秀麗花園29座,秀麗花園29座,housingEstate,秀麗花園29座,,,,,,1,true
秀麗花園3座,秀麗花園3座,housingEstate,秀麗花園3座,,,,,,1,true
秀麗花園30座,秀麗花園30座,housingEstate,秀麗花園30座,,,,,,1,true
秀麗花園3A座,秀麗花園3A座,housingEstate,秀麗花園3A座,,,,,,1,true
秀麗花園5座,秀麗花園5座,housingEstate,秀麗花園5座,,,,,,1,true
秀麗花園6座,秀麗花園6座,housingEstate,秀麗花園6座,,,,,,1,true
秀麗花園7座,秀麗花園7座,housingEstate,秀麗花園7座,,,,,,1,true
秀麗花園8座,秀麗花園8座,housingEstate,秀麗花園8座,,,,,,1,true
秀麗花園9座,秀麗花園9座,housingEstate,秀麗花園9座,,,,,,1,true
新麗花園J座,新麗花園J座,housingEstate,新麗花園J座,,,,,,1,true
翠麗花園A座,翠麗花園A座,housingEstate,翠麗花園A座,,,,,,1,true
翠麗花園B座,翠麗花園B座,housingEstate,翠麗花園B座,,,,,,1,true
新麗花園A座,新麗花園A座,housingEstate,新麗花園A座,,,,,,1,true
新麗花園B座,新麗花園B座,housingEstate,新麗花園B座,,,,,,1,true
新麗花園C座,新麗花園C座,housingEstate,新麗花園C座,,,,,,1,true
泓麗花園二期,泓麗花園二期,housingEstate,泓麗花園二期,,,,,,1,true
碧麗花園第二座,碧麗花園第二座,housingEstate,碧麗花園第二座,,,,,,1,true
海寶花園A座,海寶花園A座,housingEstate,海寶花園A座,,,,,,1,true
海寶花園B座,海寶花園B座,housingEstate,海寶花園B座,,,,,,1,true
海寶花園C座,海寶花園C座,housingEstate,海寶花園C座,,,,,,1,true
海寶花園D座,海寶花園D座,housingEstate,海寶花園D座,,,,,,1,true
金寶花園2座,金寶花園2座,housingEstate,金寶花園2座,,,,,,1,true
得寶花園A座,得寶花園A座,housingEstate,得寶花園A座,,,,,,1,true
得寶花園B座,得寶花園B座,housingEstate,得寶花園B座,,,,,,1,true
得寶花園C座,得寶花園C座,housingEstate,得寶花園C座,,,,,,1,true
得寶花園D座,得寶花園D座,housingEstate,得寶花園D座,,,,,,1,true
得寶花園E座,得寶花園E座,housingEstate,得寶花園E座,,,,,,1,true
得寶花園F座,得寶花園F座,housingEstate,得寶花園F座,,,,,,1,true
得寶花園G座,得寶花園G座,housingEstate,得寶花園G座,,,,,,1,true
得寶花園H座,得寶花園H座,housingEstate,得寶花園H座,,,,,,1,true
馬寶花園第一座,馬寶花園第一座,housingEstate,馬寶花園第一座,,,,,,1,true
馬寶花園第二座,馬寶花園第二座,housingEstate,馬寶花園第二座,,,,,,1,true
馬寶花園第三座,馬寶花園第三座,housingEstate,馬寶花園第三座,,,,,,1,true
富寶花園第1座,富寶花園第1座,housingEstate,富寶花園第1座,,,,,,1,true
富寶花園第10座,富寶花園第10座,housingEstate,富寶花園第10座,,,,,,1,true
富寶花園第11座,富寶花園第11座,housingEstate,富寶花園第11座,,,,,,1,true
富寶花園第12座,富寶花園第12座,housingEstate,富寶花園第12座,,,,,,1,true
富寶花園第2座,富寶花園第2座,housingEstate,富寶花園第2座,,,,,,1,true
富寶花園第3座,富寶花園第3座,housingEstate,富寶花園第3座,,,,,,1,true
富寶花園第4座,富寶花園第4座,housingEstate,富寶花園第4座,,,,,,1,true
富寶花園第5座,富寶花園第5座,housingEstate,富寶花園第5座,,,,,,1,true
富寶花園第6座,富寶花園第6座,housingEstate,富寶花園第6座,,,,,,1,true
富寶花園第7座,富寶花園第7座,housingEstate,富寶花園第7座,,,,,,1,true
富寶花園第8座,富寶花園第8座,housingEstate,富寶花園第8座,,,,,,1,true
富寶花園第9座,富寶花園第9座,housingEstate,富寶花園第9座,,,,,,1,true
馬寶花園,馬寶花園,housingEstate,馬寶花園,,,,,,1,true
海寶花園,海寶花園,housingEstate,海寶花園,,,,,,1,true
金寶花園,金寶花園,housingEstate,金寶花園,,,,,,1,true
麗寶花園,麗寶花園,housingEstate,麗寶花園,,,,,,1,true
銀寶花園,銀寶花園,housingEstate,銀寶花園,,,,,,1,true
富寶花園,富寶花園,housingEstate,富寶花園,,,,,,1,true
得寶花園,得寶花園,housingEstate,得寶花園,,,,,,1,true
金寶花園1座,金寶花園1座,housingEstate,金寶花園1座,,,,,,1,true
麗寶花園一座,麗寶花園一座,housingEstate,麗寶花園一座,,,,,,1,true
麗寶花園二座,麗寶花園二座,housingEstate,麗寶花園二座,,,,,,1,true
惠康超級市場-富寶花園,惠康超級市場-富寶花園,housingEstate,惠康超級市場-富寶花園,,,,,,1,true
富寶花園(流動圖書館二),富寶花園(流動圖書館二),housingEstate,富寶花園(流動圖書館二),,,,,,1,true
惠康超級市場-得寶花園,惠康超級市場-得寶花園,housingEstate,惠康超級市場-得寶花園,,,,,,1,true
緻富花園,緻富花園,housingEstate,緻富花園,,,,,,1,true
和富花園,和富花園,housingEstate,和富花園,,,,,,1,true
致富花園,致富花園,housingEstate,致富花園,,,,,,1,true
均富花園,均富花園,housingEstate,均富花園,,,,,,1,true
聚富花園,聚富花園,housingEstate,聚富花園,,,,,,1,true
寶富花園,寶富花園,housingEstate,寶富花園,,,,,,1,true
置富花園,置富花園,housingEstate,置富花園,,,,,,1,true
華富花園A1座,華富花園A1座,housingEstate,華富花園A1座,,,,,,1,true
華富花園A11座,華富花園A11座,housingEstate,華富花園A11座,,,,,,1,true
華富花園A12座,華富花園A12座,housingEstate,華富花園A12座,,,,,,1,true
華富花園A13座,華富花園A13座,housingEstate,華富花園A13座,,,,,,1,true
華富花園A14座,華富花園A14座,housingEstate,華富花園A14座,,,,,,1,true
華富花園A15座,華富花園A15座,housingEstate,華富花園A15座,,,,,,1,true
華富花園A16座,華富花園A16座,housingEstate,華富花園A16座,,,,,,1,true
華富花園A2座,華富花園A2座,housingEstate,華富花園A2座,,,,,,1,true
華富花園A3座,華富花園A3座,housingEstate,華富花園A3座,,,,,,1,true
華富花園A4座,華富花園A4座,housingEstate,華富花園A4座,,,,,,1,true
華富花園A6座,華富花園A6座,housingEstate,華富花園A6座,,,,,,1,true
華富花園A7座,華富花園A7座,housingEstate,華富花園A7座,,,,,,1,true
華富花園A8座,華富花園A8座,housingEstate,華富花園A8座,,,,,,1,true
華富花園A9座,華富花園A9座,housingEstate,華富花園A9座,,,,,,1,true
華富花園B1座,華富花園B1座,housingEstate,華富花園B1座,,,,,,1,true
華富花園B2座,華富花園B2座,housingEstate,華富花園B2座,,,,,,1,true
華富花園B3座,華富花園B3座,housingEstate,華富花園B3座,,,,,,1,true
華富花園B4座,華富花園B4座,housingEstate,華富花園B4座,,,,,,1,true
華富花園B6座,華富花園B6座,housingEstate,華富花園B6座,,,,,,1,true
華富花園C1座,華富花園C1座,housingEstate,華富花園C1座,,,,,,1,true
華富花園C2座,華富花園C2座,housingEstate,華富花園C2座,,,,,,1,true
華富花園C3座,華富花園C3座,housingEstate,華富花園C3座,,,,,,1,true
華富花園C4座,華富花園C4座,housingEstate,華富花園C4座,,,,,,1,true
華富花園C6座,華富花園C6座,housingEstate,華富花園C6座,,,,,,1,true
華富花園D1座,華富花園D1座,housingEstate,華富花園D1座,,,,,,1,true
華富花園D2座,華富花園D2座,housingEstate,華富花園D2座,,,,,,1,true
長富花園第1座,長富花園第1座,housingEstate,長富花園第1座,,,,,,1,true
長富花園第2座,長富花園第2座,housingEstate,長富花園第2座,,,,,,1,true
長富花園第3座,長富花園第3座,housingEstate,長富花園第3座,,,,,,1,true
長富花園第4座,長富花園第4座,housingEstate,長富花園第4座,,,,,,1,true
長富花園第5座,長富花園第5座,housingEstate,長富花園第5座,,,,,,1,true
長富花園第6座,長富花園第6座,housingEstate,長富花園第6座,,,,,,1,true
置富花園第1期,置富花園第1期,housingEstate,置富花園第1期,,,,,,1,true
置富花園第2期,置富花園第2期,housingEstate,置富花園第2期,,,,,,1,true
置富花園第3期,置富花園第3期,housingEstate,置富花園第3期,,,,,,1,true
華富花園,華富花園,housingEstate,華富花園,,,,,,1,true
巴富花園,巴富花園,housingEstate,巴富花園,,,,,,1,true
怡富花園,怡富花園,housingEstate,怡富花園,,,,,,1,true
長富花園,長富花園,housingEstate,長富花園,,,,,,1,true
新美花園,新美花園,housingEstate,新美花園,,,,,,1,true
攸美花園B座,攸美花園B座,housingEstate,攸美花園B座,,,,,,1,true
攸美花園,攸美花園,housingEstate,攸美花園,,,,,,1,true
攸美花園A座,攸美花園A座,housingEstate,攸美花園A座,,,,,,1,true
碧翠花園,碧翠花園,housingEstate,碧翠花園,,,,,,1,true
寶翠花園A,寶翠花園A,housingEstate,寶翠花園A,,,,,,1,true
寶翠花園B,寶翠花園B,housingEstate,寶翠花園B,,,,,,1,true
寶翠花園C,寶翠花園C,housingEstate,寶翠花園C,,,,,,1,true
寶翠花園D,寶翠花園D,housingEstate,寶翠花園D,,,,,,1,true
寶翠花園E,寶翠花園E,housingEstate,寶翠花園E,,,,,,1,true
寶翠花園F,寶翠花園F,housingEstate,寶翠花園F,,,,,,1,true
寶翠花園H,寶翠花園H,housingEstate,寶翠花園H,,,,,,1,true
怡翠花園I座,怡翠花園I座,housingEstate,怡翠花園I座,,,,,,1,true
怡翠花園A座,怡翠花園A座,housingEstate,怡翠花園A座,,,,,,1,true
怡翠花園B座,怡翠花園B座,housingEstate,怡翠花園B座,,,,,,1,true
怡翠花園F座,怡翠花園F座,housingEstate,怡翠花園F座,,,,,,1,true
怡翠花園H座,怡翠花園H座,housingEstate,怡翠花園H座,,,,,,1,true
怡翠花園L座,怡翠花園L座,housingEstate,怡翠花園L座,,,,,,1,true
怡翠花園M座,怡翠花園M座,housingEstate,怡翠花園M座,,,,,,1,true
怡翠花園O座,怡翠花園O座,housingEstate,怡翠花園O座,,,,,,1,true
翡翠花園會所,翡翠花園會所,housingEstate,翡翠花園會所,,,,,,1,true
碧翠花園1座,碧翠花園1座,housingEstate,碧翠花園1座,,,,,,1,true
碧翠花園10座,碧翠花園10座,housingEstate,碧翠花園10座,,,,,,1,true
碧翠花園11座,碧翠花園11座,housingEstate,碧翠花園11座,,,,,,1,true
碧翠花園12座,碧翠花園12座,housingEstate,碧翠花園12座,,,,,,1,true
碧翠花園13座,碧翠花園13座,housingEstate,碧翠花園13座,,,,,,1,true
碧翠花園14座,碧翠花園14座,housingEstate,碧翠花園14座,,,,,,1,true
碧翠花園15座,碧翠花園15座,housingEstate,碧翠花園15座,,,,,,1,true
碧翠花園16座,碧翠花園16座,housingEstate,碧翠花園16座,,,,,,1,true
碧翠花園17座,碧翠花園17座,housingEstate,碧翠花園17座,,,,,,1,true
碧翠花園18座,碧翠花園18座,housingEstate,碧翠花園18座,,,,,,1,true
碧翠花園19座,碧翠花園19座,housingEstate,碧翠花園19座,,,,,,1,true
碧翠花園2座,碧翠花園2座,housingEstate,碧翠花園2座,,,,,,1,true
碧翠花園20座,碧翠花園20座,housingEstate,碧翠花園20座,,,,,,1,true
碧翠花園21座,碧翠花園21座,housingEstate,碧翠花園21座,,,,,,1,true
碧翠花園22座,碧翠花園22座,housingEstate,碧翠花園22座,,,,,,1,true
碧翠花園23座,碧翠花園23座,housingEstate,碧翠花園23座,,,,,,1,true
碧翠花園24座,碧翠花園24座,housingEstate,碧翠花園24座,,,,,,1,true
碧翠花園25座,碧翠花園25座,housingEstate,碧翠花園25座,,,,,,1,true
碧翠花園26座,碧翠花園26座,housingEstate,碧翠花園26座,,,,,,1,true
碧翠花園3座,碧翠花園3座,housingEstate,碧翠花園3座,,,,,,1,true
碧翠花園4座,碧翠花園4座,housingEstate,碧翠花園4座,,,,,,1,true
碧翠花園5座,碧翠花園5座,housingEstate,碧翠花園5座,,,,,,1,true
碧翠花園6座,碧翠花園6座,housingEstate,碧翠花園6座,,,,,,1,true
碧翠花園7座,碧翠花園7座,housingEstate,碧翠花園7座,,,,,,1,true
碧翠花園8座,碧翠花園8座,housingEstate,碧翠花園8座,,,,,,1,true
裕景花園,裕景花園,housingEstate,裕景花園,,,,,,1,true
蔚景花園,蔚景花園,housingEstate,蔚景花園,,,,,,1,true
恒景花園,恒景花園,housingEstate,恒景花園,,,,,,1,true
順景花園,順景花園,housingEstate,順景花園,,,,,,1,true
湖景花園2,湖景花園2,housingEstate,湖景花園2,,,,,,1,true
湖景花園3,湖景花園3,housingEstate,湖景花園3,,,,,,1,true
湖景花園4,湖景花園4,housingEstate,湖景花園4,,,,,,1,true
湖景花園5,湖景花園5,housingEstate,湖景花園5,,,,,,1,true
湖景花園V,湖景花園V,housingEstate,湖景花園V,,,,,,1,true
湖景花園A,湖景花園A,housingEstate,湖景花園A,,,,,,1,true
湖景花園B,湖景花園B,housingEstate,湖景花園B,,,,,,1,true
湖景花園F,湖景花園F,housingEstate,湖景花園F,,,,,,1,true
湖景花園H,湖景花園H,housingEstate,湖景花園H,,,,,,1,true
湖景花園L,湖景花園L,housingEstate,湖景花園L,,,,,,1,true
湖景花園M,湖景花園M,housingEstate,湖景花園M,,,,,,1,true
湖景花園P,湖景花園P,housingEstate,湖景花園P,,,,,,1,true
湖景花園S,湖景花園S,housingEstate,湖景花園S,,,,,,1,true
湖景花園W,湖景花園W,housingEstate,湖景花園W,,,,,,1,true
怡景花園1座,怡景花園1座,housingEstate,怡景花園1座,,,,,,1,true
怡景花園10座,怡景花園10座,housingEstate,怡景花園10座,,,,,,1,true
怡景花園11座,怡景花園11座,housingEstate,怡景花園11座,,,,,,1,true
怡景花園12座,怡景花園12座,housingEstate,怡景花園12座,,,,,,1,true
怡景花園13座,怡景花園13座,housingEstate,怡景花園13座,,,,,,1,true
怡景花園14座,怡景花園14座,housingEstate,怡景花園14座,,,,,,1,true
怡景花園15座,怡景花園15座,housingEstate,怡景花園15座,,,,,,1,true
怡景花園2座,怡景花園2座,housingEstate,怡景花園2座,,,,,,1,true
怡景花園3座,怡景花園3座,housingEstate,怡景花園3座,,,,,,1,true
怡景花園4座,怡景花園4座,housingEstate,怡景花園4座,,,,,,1,true
怡景花園5座,怡景花園5座,housingEstate,怡景花園5座,,,,,,1,true
怡景花園6座,怡景花園6座,housingEstate,怡景花園6座,,,,,,1,true
怡景花園7座,怡景花園7座,housingEstate,怡景花園7座,,,,,,1,true
怡景花園8座,怡景花園8座,housingEstate,怡景花園8座,,,,,,1,true
怡景花園9座,怡景花園9座,housingEstate,怡景花園9座,,,,,,1,true
歡景花園1座,歡景花園1座,housingEstate,歡景花園1座,,,,,,1,true
中苑臺,中苑臺,housingEstate,中苑臺,,,,,,1,true
中苑臺 (別稱),中苑臺 (別稱),housingEstate,中苑臺 (別稱),,,,,,1,true
大苑樓,大苑樓,housingEstate,大苑樓,,,,,,1,true
OK便利店-大苑樓,OK便利店-大苑樓,housingEstate,OK便利店-大苑樓,,,,,,1,true
恒莆新苑,恒莆新苑,housingEstate,恒莆新苑,,,,,,1,true
裕東苑,裕東苑,housingEstate,裕東苑,,,,,,1,true
東苑臺,東苑臺,housingEstate,東苑臺,,,,,,1,true
明愛富東苑,明愛富東苑,housingEstate,明愛富東苑,,,,,,1,true
喜東閣,喜東閣,housingEstate,喜東閣,,,,,,1,true
向東閣,向東閣,housingEstate,向東閣,,,,,,1,true
賀東閣,賀東閣,housingEstate,賀東閣,,,,,,1,true
啓東閣,啓東閣,housingEstate,啓東閣,,,,,,1,true
新東閣,新東閣,housingEstate,新東閣,,,,,,1,true
覺海苑,覺海苑,housingEstate,覺海苑,,,,,,1,true
老圍覺海苑 (前稱),老圍覺海苑 (前稱),housingEstate,老圍覺海苑 (前稱),,,,,,1,true
冠山苑,冠山苑,housingEstate,冠山苑,,,,,,1,true
河山苑,河山苑,housingEstate,河山苑,,,,,,1,true
雅山苑,雅山苑,housingEstate,雅山苑,,,,,,1,true
龍山苑,龍山苑,housingEstate,龍山苑,,,,,,1,true
瓊山苑,瓊山苑,housingEstate,瓊山苑,,,,,,1,true
南山苑,南山苑,housingEstate,南山苑,,,,,,1,true
兆山苑,兆山苑,housingEstate,兆山苑,,,,,,1,true
畢拉山苑,畢拉山苑,housingEstate,畢拉山苑,,,,,,1,true
雅山苑第一座,雅山苑第一座,housingEstate,雅山苑第一座,,,,,,1,true
雅山苑第二座,雅山苑第二座,housingEstate,雅山苑第二座,,,,,,1,true
瓊山苑停車場,瓊山苑停車場,housingEstate,瓊山苑停車場,,,,,,1,true
兆山苑月租停車場,兆山苑月租停車場,housingEstate,兆山苑月租停車場,,,,,,1,true
瓊山苑A座 (別稱),瓊山苑A座 (別稱),housingEstate,瓊山苑A座 (別稱),,,,,,1,true
瓊山苑B座 (別稱),瓊山苑B座 (別稱),housingEstate,瓊山苑B座 (別稱),,,,,,1,true
瓊山苑C座 (別稱),瓊山苑C座 (別稱),housingEstate,瓊山苑C座 (別稱),,,,,,1,true
瓊山苑D座 (別稱),瓊山苑D座 (別稱),housingEstate,瓊山苑D座 (別稱),,,,,,1,true
瓊山苑E座 (別稱),瓊山苑E座 (別稱),housingEstate,瓊山苑E座 (別稱),,,,,,1,true
瓊山苑F座 (別稱),瓊山苑F座 (別稱),housingEstate,瓊山苑F座 (別稱),,,,,,1,true
兆山苑A座 (別稱),兆山苑A座 (別稱),housingEstate,兆山苑A座 (別稱),,,,,,1,true
兆山苑B座 (別稱),兆山苑B座 (別稱),housingEstate,兆山苑B座 (別稱),,,,,,1,true
兆山苑C座 (別稱),兆山苑C座 (別稱),housingEstate,兆山苑C座 (別稱),,,,,,1,true
兆山苑D座 (別稱),兆山苑D座 (別稱),housingEstate,兆山苑D座 (別稱),,,,,,1,true
兆山苑E座 (別稱),兆山苑E座 (別稱),housingEstate,兆山苑E座 (別稱),,,,,,1,true
兆山苑F座 (別稱),兆山苑F座 (別稱),housingEstate,兆山苑F座 (別稱),,,,,,1,true
兆山苑G座 (別稱),兆山苑G座 (別稱),housingEstate,兆山苑G座 (別稱),,,,,,1,true
兆山苑H座 (別稱),兆山苑H座 (別稱),housingEstate,兆山苑H座 (別稱),,,,,,1,true
兆山苑J座 (別稱),兆山苑J座 (別稱),housingEstate,兆山苑J座 (別稱),,,,,,1,true
兆山苑K座 (別稱),兆山苑K座 (別稱),housingEstate,兆山苑K座 (別稱),,,,,,1,true
兆山苑L座 (別稱),兆山苑L座 (別稱),housingEstate,兆山苑L座 (別稱),,,,,,1,true
兆山苑M座 (別稱),兆山苑M座 (別稱),housingEstate,兆山苑M座 (別稱),,,,,,1,true
樟景閣,樟景閣,housingEstate,樟景閣,,,,,,1,true
杏景閣,杏景閣,housingEstate,杏景閣,,,,,,1,true
楗景閣,楗景閣,housingEstate,楗景閣,,,,,,1,true
瓊峯閣,瓊峯閣,housingEstate,瓊峯閣,,,,,,1,true
瓊琚閣,瓊琚閣,housingEstate,瓊琚閣,,,,,,1,true
瓊碧閣,瓊碧閣,housingEstate,瓊碧閣,,,,,,1,true
瓊瑋閣,瓊瑋閣,housingEstate,瓊瑋閣,,,,,,1,true
瓊瑛閣,瓊瑛閣,housingEstate,瓊瑛閣,,,,,,1,true
瓊瑤閣,瓊瑤閣,housingEstate,瓊瑤閣,,,,,,1,true
葵景閣,葵景閣,housingEstate,葵景閣,,,,,,1,true
柳景閣,柳景閣,housingEstate,柳景閣,,,,,,1,true
棉景閣,棉景閣,housingEstate,棉景閣,,,,,,1,true
栢景閣,栢景閣,housingEstate,栢景閣,,,,,,1,true
桃景閣,桃景閣,housingEstate,桃景閣,,,,,,1,true
樺景閣,樺景閣,housingEstate,樺景閣,,,,,,1,true
椰景閣,椰景閣,housingEstate,椰景閣,,,,,,1,true
富嘉苑,富嘉苑,housingEstate,富嘉苑,,,,,,1,true
嘉苑A座,嘉苑A座,housingEstate,嘉苑A座,,,,,,1,true
嘉苑B座,嘉苑B座,housingEstate,嘉苑B座,,,,,,1,true
嘉苑C座,嘉苑C座,housingEstate,嘉苑C座,,,,,,1,true
嘉苑D座,嘉苑D座,housingEstate,嘉苑D座,,,,,,1,true
華苑大廈A座,華苑大廈A座,housingEstate,華苑大廈A座,,,,,,1,true
振華苑,振華苑,housingEstate,振華苑,,,,,,1,true
富華苑,富華苑,housingEstate,富華苑,,,,,,1,true
康華苑,康華苑,housingEstate,康華苑,,,,,,1,true
驥華苑,驥華苑,housingEstate,驥華苑,,,,,,1,true
碧華苑,碧華苑,housingEstate,碧華苑,,,,,,1,true
秀華苑,秀華苑,housingEstate,秀華苑,,,,,,1,true
華苑大廈,華苑大廈,housingEstate,華苑大廈,,,,,,1,true
海華苑一座,海華苑一座,housingEstate,海華苑一座,,,,,,1,true
海華苑二座,海華苑二座,housingEstate,海華苑二座,,,,,,1,true
海華苑五座,海華苑五座,housingEstate,海華苑五座,,,,,,1,true
華苑大廈B座,華苑大廈B座,housingEstate,華苑大廈B座,,,,,,1,true
康華苑停車場,康華苑停車場,housingEstate,康華苑停車場,,,,,,1,true
法華苑,法華苑,housingEstate,法華苑,,,,,,1,true
OK便利店-青華苑,OK便利店-青華苑,housingEstate,OK便利店-青華苑,,,,,,1,true
海華苑第三座 (前稱),海華苑第三座 (前稱),housingEstate,海華苑第三座 (前稱),,,,,,1,true
頌康閣,頌康閣,housingEstate,頌康閣,,,,,,1,true
華翔閣,華翔閣,housingEstate,華翔閣,,,,,,1,true
華豐閣,華豐閣,housingEstate,華豐閣,,,,,,1,true
華碧閣,華碧閣,housingEstate,華碧閣,,,,,,1,true
華璇閣,華璇閣,housingEstate,華璇閣,,,,,,1,true
華奐閣,華奐閣,housingEstate,華奐閣,,,,,,1,true
華欣閣,華欣閣,housingEstate,華欣閣,,,,,,1,true
宏康閣,宏康閣,housingEstate,宏康閣,,,,,,1,true
坪麗苑,坪麗苑,housingEstate,坪麗苑,,,,,,1,true
天麗苑,天麗苑,housingEstate,天麗苑,,,,,,1,true
悅麗苑,悅麗苑,housingEstate,悅麗苑,,,,,,1,true
碧麗苑A座,碧麗苑A座,housingEstate,碧麗苑A座,,,,,,1,true
碧麗苑B座,碧麗苑B座,housingEstate,碧麗苑B座,,,,,,1,true
雅麗苑3A座,雅麗苑3A座,housingEstate,雅麗苑3A座,,,,,,1,true
雅麗苑A座,雅麗苑A座,housingEstate,雅麗苑A座,,,,,,1,true
雅麗苑C座,雅麗苑C座,housingEstate,雅麗苑C座,,,,,,1,true
雅麗苑D座,雅麗苑D座,housingEstate,雅麗苑D座,,,,,,1,true
雅麗苑E座,雅麗苑E座,housingEstate,雅麗苑E座,,,,,,1,true
雅麗苑F座,雅麗苑F座,housingEstate,雅麗苑F座,,,,,,1,true
置富南區廣場,置富南區廣場,mall,置富南區廣場,,,,,,1,true
華富(一)邨華富商場,華富(一)邨華富商場,mall,華富(一)邨華富商場,,,,,,1,true
華富(二)邨商場,華富(二)邨商場,mall,華富(二)邨商場,,,,,,1,true
朗壹廣場第一座,朗壹廣場第一座,mall,朗壹廣場第一座,,,,,,1,true
將軍澳廣場,將軍澳廣場,mall,將軍澳廣場,,,,,,1,true
U購Select-屯門三聖商場分店,U購Select-屯門三聖商場分店,mall,U購Select-屯門三聖商場分店,,,,,,1,true
太和廣場智郵寄,太和廣場智郵寄,mall,太和廣場智郵寄,,,,,,1,true
太和廣場東翼,太和廣場東翼,mall,太和廣場東翼,,,,,,1,true
太和廣場西翼,太和廣場西翼,mall,太和廣場西翼,,,,,,1,true
上水廣場2,上水廣場2,mall,上水廣場2,,,,,,1,true
八號商業廣場,八號商業廣場,mall,八號商業廣場,,,,,,1,true
新時代廣場第八座,新時代廣場第八座,mall,新時代廣場第八座,,,,,,1,true
寶石大廈Plaza 328,寶石大廈Plaza 328,mall,寶石大廈Plaza 328,,,,,,1,true
愉景廣場,愉景廣場,mall,愉景廣場,,,,,,1,true
富華廣場,富華廣場,mall,富華廣場,,,,,,1,true
灣景廣場,灣景廣場,mall,灣景廣場,,,,,,1,true
赤柱廣場,赤柱廣場,mall,赤柱廣場,,,,,,1,true
新達廣場,新達廣場,mall,新達廣場,,,,,,1,true
創貿廣場,創貿廣場,mall,創貿廣場,,,,,,1,true
新都廣場,新都廣場,mall,新都廣場,,,,,,1,true
屯門時代廣場,屯門時代廣場,mall,屯門時代廣場,,,,,,1,true
普慶廣場花園,普慶廣場花園,mall,普慶廣場花園,,,,,,1,true
長發廣場,長發廣場,mall,長發廣場,,,,,,1,true
竹園廣場,竹園廣場,mall,竹園廣場,,,,,,1,true
永得利廣場,永得利廣場,mall,永得利廣場,,,,,,1,true
翔龍灣廣場,翔龍灣廣場,mall,翔龍灣廣場,,,,,,1,true
加州花園廣場,加州花園廣場,mall,加州花園廣場,,,,,,1,true
太和廣場,太和廣場,mall,太和廣場,,,,,,1,true
高峰樂園廣場,高峰樂園廣場,mall,高峰樂園廣場,,,,,,1,true
天耀廣場,天耀廣場,mall,天耀廣場,,,,,,1,true
元朗廣場,元朗廣場,mall,元朗廣場,,,,,,1,true
花都廣場第1座,花都廣場第1座,mall,花都廣場第1座,,,,,,1,true
花都廣場第10座,花都廣場第10座,mall,花都廣場第10座,,,,,,1,true
花都廣場第2座,花都廣場第2座,mall,花都廣場第2座,,,,,,1,true
花都廣場第3座,花都廣場第3座,mall,花都廣場第3座,,,,,,1,true
花都廣場第4座,花都廣場第4座,mall,花都廣場第4座,,,,,,1,true
花都廣場第5座,花都廣場第5座,mall,花都廣場第5座,,,,,,1,true
花都廣場第6座,花都廣場第6座,mall,花都廣場第6座,,,,,,1,true
花都廣場第7座,花都廣場第7座,mall,花都廣場第7座,,,,,,1,true
花都廣場第8座,花都廣場第8座,mall,花都廣場第8座,,,,,,1,true
花都廣場第9座,花都廣場第9座,mall,花都廣場第9座,,,,,,1,true
We Go MALL 薈高,We Go MALL 薈高,mall,We Go MALL 薈高,,,,,,1,true
碧湖商場,碧湖商場,mall,碧湖商場,,,,,,1,true
城市中心商場,城市中心商場,mall,城市中心商場,,,,,,1,true
美新樓商場,美新樓商場,mall,美新樓商場,,,,,,1,true
如心廣場,如心廣場,mall,如心廣場,,,,,,1,true
海之戀商場,海之戀商場,mall,海之戀商場,,,,,,1,true
葵樂商場,葵樂商場,mall,葵樂商場,,,,,,1,true
銀行中心廣場,銀行中心廣場,mall,銀行中心廣場,,,,,,1,true
迎濤灣商場,迎濤灣商場,mall,迎濤灣商場,,,,,,1,true
帝庭軒購物商場,帝庭軒購物商場,mall,帝庭軒購物商場,,,,,,1,true
wwwtc mall,wwwtc mall,mall,wwwtc mall,,,,,,1,true
利群商場,利群商場,mall,利群商場,,,,,,1,true
藍灣廣場,藍灣廣場,mall,藍灣廣場,,,,,,1,true
得寶商場,得寶商場,mall,得寶商場,,,,,,1,true
如心廣場二期,如心廣場二期,mall,如心廣場二期,,,,,,1,true
泓景滙商場,泓景滙商場,mall,泓景滙商場,,,,,,1,true
港景匯商場,港景匯商場,mall,港景匯商場,,,,,,1,true
御庭軒購物商場,御庭軒購物商場,mall,御庭軒購物商場,,,,,,1,true
The Parkside 商場,The Parkside 商場,mall,The Parkside 商場,,,,,,1,true
海典軒購物商場,海典軒購物商場,mall,海典軒購物商場,,,,,,1,true
玫瑰花園商場,玫瑰花園商場,mall,玫瑰花園商場,,,,,,1,true
新興商場,新興商場,mall,新興商場,,,,,,1,true
蘋果商場-銅鑼灣,蘋果商場-銅鑼灣,mall,蘋果商場-銅鑼灣,,,,,,1,true
太古廣場購物商場,太古廣場購物商場,mall,太古廣場購物商場,,,,,,1,true
現崇山商場,現崇山商場,mall,現崇山商場,,,,,,1,true
雅濤居購物商場,雅濤居購物商場,mall,雅濤居購物商場,,,,,,1,true
華富閣商場,華富閣商場,mall,華富閣商場,,,,,,1,true
國際金融中心商場,國際金融中心商場,mall,國際金融中心商場,,,,,,1,true
海悅豪園購物商場,海悅豪園購物商場,mall,海悅豪園購物商場,,,,,,1,true
朗豪坊商場,朗豪坊商場,mall,朗豪坊商場,,,,,,1,true
宏天廣場,宏天廣場,mall,宏天廣場,,,,,,1,true
利舞臺廣場,利舞臺廣場,mall,利舞臺廣場,,,,,,1,true
利舞臺廣場 (前稱),利舞臺廣場 (前稱),mall,利舞臺廣場 (前稱),,,,,,1,true
大同商場,大同商場,mall,大同商場,,,,,,1,true
數碼港商場,數碼港商場,mall,數碼港商場,,,,,,1,true
煥然懿居商場,煥然懿居商場,mall,煥然懿居商場,,,,,,1,true
多寶購物商場,多寶購物商場,mall,多寶購物商場,,,,,,1,true
新都商場,新都商場,mall,新都商場,,,,,,1,true
荃灣中心商場,荃灣中心商場,mall,荃灣中心商場,,,,,,1,true
港威商場,港威商場,mall,港威商場,,,,,,1,true
麗港中心商場,麗港中心商場,mall,麗港中心商場,,,,,,1,true
新翠商場,新翠商場,mall,新翠商場,,,,,,1,true
粉嶺中心購物商場,粉嶺中心購物商場,mall,粉嶺中心購物商場,,,,,,1,true
將軍澳中心(商場),將軍澳中心(商場),mall,將軍澳中心(商場),,,,,,1,true
Wetland Seasons Bay Shopping Arcade,Wetland Seasons Bay Shopping Arcade,mall,Wetland Seasons Bay Shopping Arcade,,,,,,1,true
富安花園商場,富安花園商場,mall,富安花園商場,,,,,,1,true
黃金電腦商場,黃金電腦商場,mall,黃金電腦商場,,,,,,1,true
兆景商場,兆景商場,mall,兆景商場,,,,,,1,true
荃威花園商場,荃威花園商場,mall,荃威花園商場,,,,,,1,true
灣景商場,灣景商場,mall,灣景商場,,,,,,1,true
富豪花園商場,富豪花園商場,mall,富豪花園商場,,,,,,1,true
美樂花園商場,美樂花園商場,mall,美樂花園商場,,,,,,1,true
影灣園商場,影灣園商場,mall,影灣園商場,,,,,,1,true
寶鄉商場地下,寶鄉商場地下,mall,寶鄉商場地下,,,,,,1,true
沙田中心商場,沙田中心商場,mall,沙田中心商場,,,,,,1,true
盈豐商場,盈豐商場,mall,盈豐商場,,,,,,1,true
金禧商場,金禧商場,mall,金禧商場,,,,,,1,true
翠怡商場,翠怡商場,mall,翠怡商場,,,,,,1,true
興隆商場,興隆商場,mall,興隆商場,,,,,,1,true
嘉發商場,嘉發商場,mall,嘉發商場,,,,,,1,true
嘉富商場,嘉富商場,mall,嘉富商場,,,,,,1,true
嘉貴商場,嘉貴商場,mall,嘉貴商場,,,,,,1,true
嘉華商場,嘉華商場,mall,嘉華商場,,,,,,1,true
嘉榮商場,嘉榮商場,mall,嘉榮商場,,,,,,1,true
萬宜大廈商場,萬宜大廈商場,mall,萬宜大廈商場,,,,,,1,true
利時商場,利時商場,mall,利時商場,,,,,,1,true
新太陽廣場,新太陽廣場,mall,新太陽廣場,,,,,,1,true
愛琴海岸商場,愛琴海岸商場,mall,愛琴海岸商場,,,,,,1,true
富康花園商場,富康花園商場,mall,富康花園商場,,,,,,1,true
英皇集團中心商場,英皇集團中心商場,mall,英皇集團中心商場,,,,,,1,true
國際交易中心購物商場,國際交易中心購物商場,mall,國際交易中心購物商場,,,,,,1,true
北角城中心商場,北角城中心商場,mall,北角城中心商場,,,,,,1,true
富來商場,富來商場,mall,富來商場,,,,,,1,true
俊宏軒商場,俊宏軒商場,mall,俊宏軒商場,,,,,,1,true
恒景商場,恒景商場,mall,恒景商場,,,,,,1,true
榮福商場,榮福商場,mall,榮福商場,,,,,,1,true
大興商場,大興商場,mall,大興商場,,,,,,1,true
富景商場,富景商場,mall,富景商場,,,,,,1,true
商場,商場,mall,商場,,,,,,1,true
麗瑤商場,麗瑤商場,mall,麗瑤商場,,,,,,1,true
長康第二商場,長康第二商場,mall,長康第二商場,,,,,,1,true
安基商場,安基商場,mall,安基商場,,,,,,1,true
新都城二期商場,新都城二期商場,mall,新都城二期商場,,,,,,1,true
崇光百貨-銅鑼灣,崇光百貨-銅鑼灣,mall,崇光百貨-銅鑼灣,,,,,,1,true
銅鑼灣銀座商場,銅鑼灣銀座商場,mall,銅鑼灣銀座商場,,,,,,1,true
銅鑼灣廣場一期,銅鑼灣廣場一期,mall,銅鑼灣廣場一期,,,,,,1,true
銅鑼灣廣場二期,銅鑼灣廣場二期,mall,銅鑼灣廣場二期,,,,,,1,true
銅鑼灣中心商場,銅鑼灣中心商場,mall,銅鑼灣中心商場,,,,,,1,true
北角渡海輪碼頭廣場海濱花園,北角渡海輪碼頭廣場海濱花園,mall,北角渡海輪碼頭廣場海濱花園,,,,,,1,true
WATSON'S THE CHEMIST O/B AS WATSON RETAIL (HK) LIMITED,WATSON'S THE CHEMIST O/B AS WATSON RETAIL (HK) LIMITED,mall,WATSON'S THE CHEMIST O/B AS WATSON RETAIL (HK) LIMITED,,,,,,1,true
MOViE MOViE Cityplaza,MOViE MOViE Cityplaza,mall,MOViE MOViE Cityplaza,,,,,,1,true
永安百貨-上環總店,永安百貨-上環總店,mall,永安百貨-上環總店,,,,,,1,true
旺角廣場,旺角廣場,mall,旺角廣場,,,,,,1,true
天悅深水埗廣場,天悅深水埗廣場,mall,天悅深水埗廣場,,,,,,1,true
觀塘廣場,觀塘廣場,mall,觀塘廣場,,,,,,1,true
AEON九龍灣店-綜合百貨,AEON九龍灣店-綜合百貨,mall,AEON九龍灣店-綜合百貨,,,,,,1,true
黃大仙廣場,黃大仙廣場,mall,黃大仙廣場,,,,,,1,true
沙田廣場購物中心,沙田廣場購物中心,mall,沙田廣場購物中心,,,,,,1,true
沙田廣場,沙田廣場,mall,沙田廣場,,,,,,1,true
瑞泰偉基商業廣場,瑞泰偉基商業廣場,mall,瑞泰偉基商業廣場,,,,,,1,true
荃灣城市廣場,荃灣城市廣場,mall,荃灣城市廣場,,,,,,1,true
華懋荃灣廣場,華懋荃灣廣場,mall,華懋荃灣廣場,,,,,,1,true
新界葵涌葵涌商場,新界葵涌葵涌商場,mall,新界葵涌葵涌商場,,,,,,1,true
葵涌商場,葵涌商場,mall,葵涌商場,,,,,,1,true
葵涌廣場第一座,葵涌廣場第一座,mall,葵涌廣場第一座,,,,,,1,true
葵涌廣場第二座,葵涌廣場第二座,mall,葵涌廣場第二座,,,,,,1,true
葵涌廣場第三座,葵涌廣場第三座,mall,葵涌廣場第三座,,,,,,1,true
葵涌廣場,葵涌廣場,mall,葵涌廣場,,,,,,1,true
屯門文娛廣場,屯門文娛廣場,mall,屯門文娛廣場,,,,,,1,true
開心廣場,開心廣場,mall,開心廣場,,,,,,1,true
上水名都商場,上水名都商場,mall,上水名都商場,,,,,,1,true
上水貿易廣場,上水貿易廣場,mall,上水貿易廣場,,,,,,1,true
將軍澳廣場會所,將軍澳廣場會所,mall,將軍澳廣場會所,,,,,,1,true
將軍澳廣場第一座,將軍澳廣場第一座,mall,將軍澳廣場第一座,,,,,,1,true
將軍澳廣場第二座,將軍澳廣場第二座,mall,將軍澳廣場第二座,,,,,,1,true
將軍澳廣場第三座,將軍澳廣場第三座,mall,將軍澳廣場第三座,,,,,,1,true
將軍澳廣場第三A座,將軍澳廣場第三A座,mall,將軍澳廣場第三A座,,,,,,1,true
將軍澳廣場第五座,將軍澳廣場第五座,mall,將軍澳廣場第五座,,,,,,1,true
將軍澳廣場第六座,將軍澳廣場第六座,mall,將軍澳廣場第六座,,,,,,1,true
將軍澳廣場第七座,將軍澳廣場第七座,mall,將軍澳廣場第七座,,,,,,1,true
將軍澳廣場第八座,將軍澳廣場第八座,mall,將軍澳廣場第八座,,,,,,1,true
西貢海傍廣場,西貢海傍廣場,mall,西貢海傍廣場,,,,,,1,true
中環廣場,中環廣場,mall,中環廣場,,,,,,1,true
太古廣場,太古廣場,mall,太古廣場,,,,,,1,true
太古廣場一座,太古廣場一座,mall,太古廣場一座,,,,,,1,true
太古廣場三座,太古廣場三座,mall,太古廣場三座,,,,,,1,true
太古廣場五座,太古廣場五座,mall,太古廣場五座,,,,,,1,true
太古廣場六座,太古廣場六座,mall,太古廣場六座,,,,,,1,true
GREAT-太古廣場 Great,GREAT-太古廣場 Great,mall,GREAT-太古廣場 Great,,,,,,1,true
一田百貨 荃灣,一田百貨 荃灣,mall,一田百貨 荃灣,,,,,,1,true
新屯門商場,新屯門商場,mall,新屯門商場,,,,,,1,true
上水廣場,上水廣場,mall,上水廣場,,,,,,1,true
大埔中央廣場,大埔中央廣場,mall,大埔中央廣場,,,,,,1,true
一田百貨-大埔,一田百貨-大埔,mall,一田百貨-大埔,,,,,,1,true
迎東邨 迎東商場,迎東邨 迎東商場,mall,迎東邨 迎東商場,,,,,,1,true
荃灣廣場,荃灣廣場,mall,荃灣廣場,,,,,,1,true
長青商場,長青商場,mall,長青商場,,,,,,1,true
青富商場,青富商場,mall,青富商場,,,,,,1,true
山頂廣場,山頂廣場,mall,山頂廣場,,,,,,1,true
天晴商場,天晴商場,mall,天晴商場,,,,,,1,true
天恩商場,天恩商場,mall,天恩商場,,,,,,1,true
樂富廣場,樂富廣場,mall,樂富廣場,,,,,,1,true
樂富廣場B區,樂富廣場B區,mall,樂富廣場B區,,,,,,1,true
樂富廣場A區,樂富廣場A區,mall,樂富廣場A區,,,,,,1,true
永安百貨-愉景灣店,永安百貨-愉景灣店,mall,永安百貨-愉景灣店,,,,,,1,true
愉景北商場,愉景北商場,mall,愉景北商場,,,,,,1,true
長宏商場,長宏商場,mall,長宏商場,,,,,,1,true
AEON九龍城店-綜合百貨,AEON九龍城店-綜合百貨,mall,AEON九龍城店-綜合百貨,,,,,,1,true
九龍城廣場,九龍城廣場,mall,九龍城廣場,,,,,,1,true
88廣場,88廣場,mall,88廣場,,,,,,1,true
廣福商場,廣福商場,mall,廣福商場,,,,,,1,true
卓爾廣場,卓爾廣場,mall,卓爾廣場,,,,,,1,true
紅山廣場,紅山廣場,mall,紅山廣場,,,,,,1,true
洪福商場,洪福商場,mall,洪福商場,,,,,,1,true
皇后山商場,皇后山商場,mall,皇后山商場,,,,,,1,true
東廣場,東廣場,mall,東廣場,,,,,,1,true
海聯廣場,海聯廣場,mall,海聯廣場,,,,,,1,true
逸峯廣場,逸峯廣場,mall,逸峯廣場,,,,,,1,true
祥華商場,祥華商場,mall,祥華商場,,,,,,1,true
清河商場,清河商場,mall,清河商場,,,,,,1,true
嘉福商場,嘉福商場,mall,嘉福商場,,,,,,1,true
華明商場,華明商場,mall,華明商場,,,,,,1,true
華心商場,華心商場,mall,華心商場,,,,,,1,true
雍盛商場,雍盛商場,mall,雍盛商場,,,,,,1,true
國賓商場,國賓商場,mall,國賓商場,,,,,,1,true
興華廣場,興華廣場,mall,興華廣場,,,,,,1,true
興民商場,興民商場,mall,興民商場,,,,,,1,true
利港商場,利港商場,mall,利港商場,,,,,,1,true
翠灣商場,翠灣商場,mall,翠灣商場,,,,,,1,true
環翠商場,環翠商場,mall,環翠商場,,,,,,1,true
綠悠軒商場,綠悠軒商場,mall,綠悠軒商場,,,,,,1,true
悅湖商場,悅湖商場,mall,悅湖商場,,,,,,1,true
旭達商場,旭達商場,mall,旭達商場,,,,,,1,true
翠然商場,翠然商場,mall,翠然商場,,,,,,1,true
華樂商場,華樂商場,mall,華樂商場,,,,,,1,true
愛定商場,愛定商場,mall,愛定商場,,,,,,1,true
寶怡商場,寶怡商場,mall,寶怡商場,,,,,,1,true
蝴蝶廣場,蝴蝶廣場,mall,蝴蝶廣場,,,,,,1,true
協和廣場,協和廣場,mall,協和廣場,,,,,,1,true
銀河廣場,銀河廣場,mall,銀河廣場,,,,,,1,true
環貿廣場,環貿廣場,mall,環貿廣場,,,,,,1,true
恒福商場,恒福商場,mall,恒福商場,,,,,,1,true
嘉城廣場,嘉城廣場,mall,嘉城廣場,,,,,,1,true
翠屏商場,翠屏商場,mall,翠屏商場,,,,,,1,true
翡翠廣場,翡翠廣場,mall,翡翠廣場,,,,,,1,true
富達廣場,富達廣場,mall,富達廣場,,,,,,1,true
中源廣場,中源廣場,mall,中源廣場,,,,,,1,true
滙景廣場,滙景廣場,mall,滙景廣場,,,,,,1,true
銀鑛廣場,銀鑛廣場,mall,銀鑛廣場,,,,,,1,true
永華商場,永華商場,mall,永華商場,,,,,,1,true
南海商場,南海商場,mall,南海商場,,,,,,1,true
長亨商場,長亨商場,mall,長亨商場,,,,,,1,true
菁田商場,菁田商場,mall,菁田商場,,,,,,1,true
創業商場,創業商場,mall,創業商場,,,,,,1,true
雅都商場,雅都商場,mall,雅都商場,,,,,,1,true
富亨商場,富亨商場,mall,富亨商場,,,,,,1,true
富善商場,富善商場,mall,富善商場,,,,,,1,true
富泰商場,富泰商場,mall,富泰商場,,,,,,1,true
企業廣場第五期一座,企業廣場第五期一座,mall,企業廣場第五期一座,,,,,,1,true
企業廣場第五期二座,企業廣場第五期二座,mall,企業廣場第五期二座,,,,,,1,true
彩雲商場,彩雲商場,mall,彩雲商場,,,,,,1,true
水泉澳廣場,水泉澳廣場,mall,水泉澳廣場,,,,,,1,true
水泉澳廣場智郵寄,水泉澳廣場智郵寄,mall,水泉澳廣場智郵寄,,,,,,1,true
運頭塘邨商場 (前稱),運頭塘邨商場 (前稱),mall,運頭塘邨商場 (前稱),,,,,,1,true
新都廣場第1座,新都廣場第1座,mall,新都廣場第1座,,,,,,1,true
陽光廣場第1座,陽光廣場第1座,mall,陽光廣場第1座,,,,,,1,true
海聯廣場第一座,海聯廣場第一座,mall,海聯廣場第一座,,,,,,1,true
新達廣場第1座,新達廣場第1座,mall,新達廣場第1座,,,,,,1,true
牽晴間購物商場,牽晴間購物商場,mall,牽晴間購物商場,,,,,,1,true
京瑞廣場一期,京瑞廣場一期,mall,京瑞廣場一期,,,,,,1,true
連城廣場,連城廣場,mall,連城廣場,,,,,,1,true
康宏廣場,康宏廣場,mall,康宏廣場,,,,,,1,true
川田工貿廣場,川田工貿廣場,mall,川田工貿廣場,,,,,,1,true
駿景廣場,駿景廣場,mall,駿景廣場,,,,,,1,true
新城市中央廣場1座,新城市中央廣場1座,mall,新城市中央廣場1座,,,,,,1,true
南豐廣場第1座,南豐廣場第1座,mall,南豐廣場第1座,,,,,,1,true
荃灣廣場第1座,荃灣廣場第1座,mall,荃灣廣場第1座,,,,,,1,true
康怡廣場,康怡廣場,mall,康怡廣場,,,,,,1,true
永得利廣場第1座,永得利廣場第1座,mall,永得利廣場第1座,,,,,,1,true
康怡廣場(北),康怡廣場(北),mall,康怡廣場(北),,,,,,1,true
荊威廣場,荊威廣場,mall,荊威廣場,,,,,,1,true
大埔廣場,大埔廣場,mall,大埔廣場,,,,,,1,true
屯門市廣場第八座,屯門市廣場第八座,mall,屯門市廣場第八座,,,,,,1,true
新城市廣場一期,新城市廣場一期,mall,新城市廣場一期,,,,,,1,true
天悅筲箕灣廣場第一座,天悅筲箕灣廣場第一座,mall,天悅筲箕灣廣場第一座,,,,,,1,true
康怡廣場辦公大樓,康怡廣場辦公大樓,mall,康怡廣場辦公大樓,,,,,,1,true
又一廣場,又一廣場,mall,又一廣場,,,,,,1,true
新領域廣場,新領域廣場,mall,新領域廣場,,,,,,1,true
京瑞廣場二期,京瑞廣場二期,mall,京瑞廣場二期,,,,,,1,true
將軍澳廣場 (南豐物業管理),將軍澳廣場 (南豐物業管理),mall,將軍澳廣場 (南豐物業管理),,,,,,1,true
Wi-Fi.HK 熱點位置: 水泉澳廣場,Wi-Fi.HK 熱點位置: 水泉澳廣場,mall,Wi-Fi.HK 熱點位置: 水泉澳廣場,,,,,,1,true
Wi-Fi.HK 熱點位置: 麥當勞 - 將軍澳廣場,Wi-Fi.HK 熱點位置: 麥當勞 - 將軍澳廣場,mall,Wi-Fi.HK 熱點位置: 麥當勞 - 將軍澳廣場,,,,,,1,true
Wi-Fi.HK 熱點位置: 中銀香港 - 將軍澳廣場分行,Wi-Fi.HK 熱點位置: 中銀香港 - 將軍澳廣場分行,mall,Wi-Fi.HK 熱點位置: 中銀香港 - 將軍澳廣場分行,,,,,,1,true
AEON將軍澳店-綜合百貨,AEON將軍澳店-綜合百貨,mall,AEON將軍澳店-綜合百貨,,,,,,1,true
Wi-Fi.HK 熱點位置: 將軍澳廣場,Wi-Fi.HK 熱點位置: 將軍澳廣場,mall,Wi-Fi.HK 熱點位置: 將軍澳廣場,,,,,,1,true
OK便利店-將軍澳廣場,OK便利店-將軍澳廣場,mall,OK便利店-將軍澳廣場,,,,,,1,true
新達廣場第5座,新達廣場第5座,mall,新達廣場第5座,,,,,,1,true
太興廣場,太興廣場,mall,太興廣場,,,,,,1,true
南豐廣場第5座,南豐廣場第5座,mall,南豐廣場第5座,,,,,,1,true
天樂廣場,天樂廣場,mall,天樂廣場,,,,,,1,true
萬事昌廣場,萬事昌廣場,mall,萬事昌廣場,,,,,,1,true
新城市廣場三期,新城市廣場三期,mall,新城市廣場三期,,,,,,1,true
合益廣場,合益廣場,mall,合益廣場,,,,,,1,true
屯門市廣場第五座,屯門市廣場第五座,mall,屯門市廣場第五座,,,,,,1,true
新城市廣場第三期,新城市廣場第三期,mall,新城市廣場第三期,,,,,,1,true
萬廸廣場,萬廸廣場,mall,萬廸廣場,,,,,,1,true
新城市廣場三期停車場,新城市廣場三期停車場,mall,新城市廣場三期停車場,,,,,,1,true
CROWNE PLAZA HONG KONG KOWLOON EAST & VEGA SUITES,CROWNE PLAZA HONG KONG KOWLOON EAST & VEGA SUITES,mall,CROWNE PLAZA HONG KONG KOWLOON EAST & VEGA SUITES,,,,,,1,true
荃灣廣場停車場,荃灣廣場停車場,mall,荃灣廣場停車場,,,,,,1,true
惠康超級市場-屯門時代廣場 2,惠康超級市場-屯門時代廣場 2,mall,惠康超級市場-屯門時代廣場 2,,,,,,1,true
新城市廣場第三期(第5座) (別稱),新城市廣場第三期(第5座) (別稱),mall,新城市廣場第三期(第5座) (別稱),,,,,,1,true
川田工貿廣場二期 (前稱),川田工貿廣場二期 (前稱),mall,川田工貿廣場二期 (前稱),,,,,,1,true
億京廣場二期,億京廣場二期,mall,億京廣場二期,,,,,,1,true
小西灣廣場,小西灣廣場,mall,小西灣廣場,,,,,,1,true
TASTE X FRESH-淘大商場,TASTE X FRESH-淘大商場,mall,TASTE X FRESH-淘大商場,,,,,,1,true
TASTE X FRESH-屯門市廣場,TASTE X FRESH-屯門市廣場,mall,TASTE X FRESH-屯門市廣場,,,,,,1,true
OK便利店-港灣豪庭廣場,OK便利店-港灣豪庭廣場,mall,OK便利店-港灣豪庭廣場,,,,,,1,true
OK便利店-怡東商場,OK便利店-怡東商場,mall,OK便利店-怡東商場,,,,,,1,true
OK便利店-葵涌廣場,OK便利店-葵涌廣場,mall,OK便利店-葵涌廣場,,,,,,1,true
回收機構及收集點： 荃灣廣場,回收機構及收集點： 荃灣廣場,mall,回收機構及收集點： 荃灣廣場,,,,,,1,true
Wi-Fi.HK 熱點位置: 中銀香港 - 彩園廣場分行,Wi-Fi.HK 熱點位置: 中銀香港 - 彩園廣場分行,mall,Wi-Fi.HK 熱點位置: 中銀香港 - 彩園廣場分行,,,,,,1,true
Wi-Fi.HK 熱點位置: 麥當勞 - 越秀廣場,Wi-Fi.HK 熱點位置: 麥當勞 - 越秀廣場,mall,Wi-Fi.HK 熱點位置: 麥當勞 - 越秀廣場,,,,,,1,true
Wi-Fi.HK 熱點位置: 中銀香港 - 葵涌廣場分行,Wi-Fi.HK 熱點位置: 中銀香港 - 葵涌廣場分行,mall,Wi-Fi.HK 熱點位置: 中銀香港 - 葵涌廣場分行,,,,,,1,true
Wi-Fi.HK 熱點位置: 麥當勞 - 荃灣廣場,Wi-Fi.HK 熱點位置: 麥當勞 - 荃灣廣場,mall,Wi-Fi.HK 熱點位置: 麥當勞 - 荃灣廣場,,,,,,1,true
Wi-Fi.HK 熱點位置: 荃灣廣場,Wi-Fi.HK 熱點位置: 荃灣廣場,mall,Wi-Fi.HK 熱點位置: 荃灣廣場,,,,,,1,true
萬事達廣場,萬事達廣場,mall,萬事達廣場,,,,,,1,true
The Parkside Mall,The Parkside Mall,mall,The Parkside Mall,,,,,,1,true
海典軒商場,海典軒商場,mall,海典軒商場,,,,,,1,true
御庭居商場,御庭居商場,mall,御庭居商場,,,,,,1,true
如心廣場 1期,如心廣場 1期,mall,如心廣場 1期,,,,,,1,true
如心廣場2期,如心廣場2期,mall,如心廣場2期,,,,,,1,true
香港黃金海岸 (商場),香港黃金海岸 (商場),mall,香港黃金海岸 (商場),,,,,,1,true
City super-國際金融中心商場,City super-國際金融中心商場,mall,City super-國際金融中心商場,,,,,,1,true
惠康超級市場-如心廣場,惠康超級市場-如心廣場,mall,惠康超級市場-如心廣場,,,,,,1,true
MY CINEMA YOHO MALL,MY CINEMA YOHO MALL,mall,MY CINEMA YOHO MALL,,,,,,1,true
TASTE X FRESH-藍灣廣場,TASTE X FRESH-藍灣廣場,mall,TASTE X FRESH-藍灣廣場,,,,,,1,true
Wi-Fi.HK 熱點位置: 匯景廣場,Wi-Fi.HK 熱點位置: 匯景廣場,mall,Wi-Fi.HK 熱點位置: 匯景廣場,,,,,,1,true
Wi-Fi.HK 熱點位置: 香港仔中心商場五期,Wi-Fi.HK 熱點位置: 香港仔中心商場五期,mall,Wi-Fi.HK 熱點位置: 香港仔中心商場五期,,,,,,1,true
PARKNSHOP 萬事達廣場,PARKNSHOP 萬事達廣場,mall,PARKNSHOP 萬事達廣場,,,,,,1,true
淘大商場,淘大商場,mall,淘大商場,,,,,,1,true
OK便利店-淘大商場,OK便利店-淘大商場,mall,OK便利店-淘大商場,,,,,,1,true
Wi-Fi.HK 熱點位置: McCafe - 淘大商場,Wi-Fi.HK 熱點位置: McCafe - 淘大商場,mall,Wi-Fi.HK 熱點位置: McCafe - 淘大商場,,,,,,1,true
Wi-Fi.HK 熱點位置: 麥當勞 - 淘大商場,Wi-Fi.HK 熱點位置: 麥當勞 - 淘大商場,mall,Wi-Fi.HK 熱點位置: 麥當勞 - 淘大商場,,,,,,1,true
得寶花園商場 (別稱),得寶花園商場 (別稱),mall,得寶花園商場 (別稱),,,,,,1,true
麗寶商場,麗寶商場,mall,麗寶商場,,,,,,1,true
偉景花園商場,偉景花園商場,mall,偉景花園商場,,,,,,1,true
鯉魚門廣場,鯉魚門廣場,mall,鯉魚門廣場,,,,,,1,true
葵盛西商場,葵盛西商場,mall,葵盛西商場,,,,,,1,true
海麗商場,海麗商場,mall,海麗商場,,,,,,1,true
山景邨商場,山景邨商場,mall,山景邨商場,,,,,,1,true
山景邨商場 (別稱),山景邨商場 (別稱),mall,山景邨商場 (別稱),,,,,,1,true
良景廣場,良景廣場,mall,良景廣場,,,,,,1,true
"Wi-Fi.HK 熱點位置: 中式花園,城大廣場","Wi-Fi.HK 熱點位置: 中式花園,城大廣場",mall,"Wi-Fi.HK 熱點位置: 中式花園,城大廣場",,,,,,1,true
富東廣場,富東廣場,mall,富東廣場,,,,,,1,true
Wi-Fi.HK 熱點位置: 廣滙通訊 (富東廣場),Wi-Fi.HK 熱點位置: 廣滙通訊 (富東廣場),mall,Wi-Fi.HK 熱點位置: 廣滙通訊 (富東廣場),,,,,,1,true
華海廣場,華海廣場,mall,華海廣場,,,,,,1,true
珀麗灣臨海廣場,珀麗灣臨海廣場,mall,珀麗灣臨海廣場,,,,,,1,true
壽臣山廣場,壽臣山廣場,mall,壽臣山廣場,,,,,,1,true
馬鞍山廣場,馬鞍山廣場,mall,馬鞍山廣場,,,,,,1,true
FUSION 壽臣山廣場,FUSION 壽臣山廣場,mall,FUSION 壽臣山廣場,,,,,,1,true
TASTE-馬鞍山廣場,TASTE-馬鞍山廣場,mall,TASTE-馬鞍山廣場,,,,,,1,true
馬鞍山廣場停車場,馬鞍山廣場停車場,mall,馬鞍山廣場停車場,,,,,,1,true
Wi-Fi.HK 熱點位置: 馬鞍山廣場,Wi-Fi.HK 熱點位置: 馬鞍山廣場,mall,Wi-Fi.HK 熱點位置: 馬鞍山廣場,,,,,,1,true
Wi-Fi.HK 熱點位置: 中銀香港 - 馬鞍山廣場分行,Wi-Fi.HK 熱點位置: 中銀香港 - 馬鞍山廣場分行,mall,Wi-Fi.HK 熱點位置: 中銀香港 - 馬鞍山廣場分行,,,,,,1,true
光華廣場,光華廣場,mall,光華廣場,,,,,,1,true
美麗華廣場一期,美麗華廣場一期,mall,美麗華廣場一期,,,,,,1,true
美麗華廣場二期,美麗華廣場二期,mall,美麗華廣場二期,,,,,,1,true
美麗華廣場A座,美麗華廣場A座,mall,美麗華廣場A座,,,,,,1,true
OK便利店-光華廣場,OK便利店-光華廣場,mall,OK便利店-光華廣場,,,,,,1,true
荃灣豪華廣場 (前稱),荃灣豪華廣場 (前稱),mall,荃灣豪華廣場 (前稱),,,,,,1,true
美麗華廣場二期 (前稱),美麗華廣場二期 (前稱),mall,美麗華廣場二期 (前稱),,,,,,1,true
華麗廣場,華麗廣場,mall,華麗廣場,,,,,,1,true
屯門栢麗廣場,屯門栢麗廣場,mall,屯門栢麗廣場,,,,,,1,true
栢麗廣場 (別稱),栢麗廣場 (別稱),mall,栢麗廣場 (別稱),,,,,,1,true
全康醫務綜合中心(屯門柏麗廣場),全康醫務綜合中心(屯門柏麗廣場),mall,全康醫務綜合中心(屯門柏麗廣場),,,,,,1,true
"本計劃委託之化驗所(屯門-柏麗廣場), (樣本收集點)","本計劃委託之化驗所(屯門-柏麗廣場), (樣本收集點)",mall,"本計劃委託之化驗所(屯門-柏麗廣場), (樣本收集點)",,,,,,1,true
華麗購物廣場,華麗購物廣場,mall,華麗購物廣場,,,,,,1,true
Wi-Fi.HK 熱點位置: 屯門柏麗廣場,Wi-Fi.HK 熱點位置: 屯門柏麗廣場,mall,Wi-Fi.HK 熱點位置: 屯門柏麗廣場,,,,,,1,true
新寶廣場,新寶廣場,mall,新寶廣場,,,,,,1,true
泓富廣場,泓富廣場,mall,泓富廣場,,,,,,1,true
FUSION 樂富廣場,FUSION 樂富廣場,mall,FUSION 樂富廣場,,,,,,1,true
泓富廣場停車場,泓富廣場停車場,mall,泓富廣場停車場,,,,,,1,true
PARKNSHOP 頌富廣場,PARKNSHOP 頌富廣場,mall,PARKNSHOP 頌富廣場,,,,,,1,true
樂富廣場 (前稱),樂富廣場 (前稱),mall,樂富廣場 (前稱),,,,,,1,true
OK便利店-樂富廣場,OK便利店-樂富廣場,mall,OK便利店-樂富廣場,,,,,,1,true
頌富廣場第一期 (前稱),頌富廣場第一期 (前稱),mall,頌富廣場第一期 (前稱),,,,,,1,true
頌富廣場第二期 (前稱),頌富廣場第二期 (前稱),mall,頌富廣場第二期 (前稱),,,,,,1,true
Wi-Fi.HK 熱點位置: McCafe - 樂富廣場,Wi-Fi.HK 熱點位置: McCafe - 樂富廣場,mall,Wi-Fi.HK 熱點位置: McCafe - 樂富廣場,,,,,,1,true
Wi-Fi.HK 熱點位置: 麥當勞 - 樂富廣場,Wi-Fi.HK 熱點位置: 麥當勞 - 樂富廣場,mall,Wi-Fi.HK 熱點位置: 麥當勞 - 樂富廣場,,,,,,1,true
Wi-Fi.HK 熱點位置: 泓富廣場,Wi-Fi.HK 熱點位置: 泓富廣場,mall,Wi-Fi.HK 熱點位置: 泓富廣場,,,,,,1,true
歐美廣場,歐美廣場,mall,歐美廣場,,,,,,1,true
海景廣場,海景廣場,mall,海景廣場,,,,,,1,true
PARKNSHOP SUPERSTORE 匯景廣場,PARKNSHOP SUPERSTORE 匯景廣場,mall,PARKNSHOP SUPERSTORE 匯景廣場,,,,,,1,true
愉景廣場 (別稱),愉景廣場 (別稱),mall,愉景廣場 (別稱),,,,,,1,true
惠康超級市場-匯景廣場,惠康超級市場-匯景廣場,mall,惠康超級市場-匯景廣場,,,,,,1,true
灣景廣場 (前稱),灣景廣場 (前稱),mall,灣景廣場 (前稱),,,,,,1,true
OK便利店-良景廣場,OK便利店-良景廣場,mall,OK便利店-良景廣場,,,,,,1,true
OK便利店-匯景廣場,OK便利店-匯景廣場,mall,OK便利店-匯景廣場,,,,,,1,true
AEON STYLE 荃灣-綜合百貨,AEON STYLE 荃灣-綜合百貨,mall,AEON STYLE 荃灣-綜合百貨,,,,,,1,true
Wi-Fi.HK 熱點位置: 愉景廣場,Wi-Fi.HK 熱點位置: 愉景廣場,mall,Wi-Fi.HK 熱點位置: 愉景廣場,,,,,,1,true
Wi-Fi.HK 熱點位置: McCafe - 匯景廣場,Wi-Fi.HK 熱點位置: McCafe - 匯景廣場,mall,Wi-Fi.HK 熱點位置: McCafe - 匯景廣場,,,,,,1,true
Wi-Fi.HK 熱點位置: 麥當勞 - 匯景廣場,Wi-Fi.HK 熱點位置: 麥當勞 - 匯景廣場,mall,Wi-Fi.HK 熱點位置: 麥當勞 - 匯景廣場,,,,,,1,true
Wi-Fi.HK 熱點位置: 麥當勞 - 駿景廣場,Wi-Fi.HK 熱點位置: 麥當勞 - 駿景廣場,mall,Wi-Fi.HK 熱點位置: 麥當勞 - 駿景廣場,,,,,,1,true
偉華商場,偉華商場,mall,偉華商場,,,,,,1,true
南海大廈·商場,南海大廈·商場,mall,南海大廈·商場,,,,,,1,true
聯合廣場,聯合廣場,mall,聯合廣場,,,,,,1,true
安麗大廈商場,安麗大廈商場,mall,安麗大廈商場,,,,,,1,true
明華大廈A座,明華大廈A座,officeTower,明華大廈A座,,,,,,1,true
亞洲貨櫃物流中心A座,亞洲貨櫃物流中心A座,officeTower,亞洲貨櫃物流中心A座,,,,,,1,true
電燈大樓,電燈大樓,officeTower,電燈大樓,,,,,,1,true
仁愛堂歐雪明腦伴同行中心,仁愛堂歐雪明腦伴同行中心,officeTower,仁愛堂歐雪明腦伴同行中心,,,,,,1,true
東華三院區偉林伉儷紀念長者日間護理中心,東華三院區偉林伉儷紀念長者日間護理中心,officeTower,東華三院區偉林伉儷紀念長者日間護理中心,,,,,,1,true
南區地區康健中心,南區地區康健中心,officeTower,南區地區康健中心,,,,,,1,true
香港仔坊會社會服務林應和長者鄰舍中心,香港仔坊會社會服務林應和長者鄰舍中心,officeTower,香港仔坊會社會服務林應和長者鄰舍中心,,,,,,1,true
嘉美中心B座,嘉美中心B座,officeTower,嘉美中心B座,,,,,,1,true
新貿中心B座,新貿中心B座,officeTower,新貿中心B座,,,,,,1,true
都大中心B座,都大中心B座,officeTower,都大中心B座,,,,,,1,true
亞洲貨櫃物流中心B座,亞洲貨櫃物流中心B座,officeTower,亞洲貨櫃物流中心B座,,,,,,1,true
明華大廈D座,明華大廈D座,officeTower,明華大廈D座,,,,,,1,true
華富護老中心,華富護老中心,officeTower,華富護老中心,,,,,,1,true
啟德1號(I)大廈第一座,啟德1號(I)大廈第一座,officeTower,啟德1號(I)大廈第一座,,,,,,1,true
啟德1號(I)大廈第二座,啟德1號(I)大廈第二座,officeTower,啟德1號(I)大廈第二座,,,,,,1,true
油麻地大樓,油麻地大樓,officeTower,油麻地大樓,,,,,,1,true
永華大廈N座,永華大廈N座,officeTower,永華大廈N座,,,,,,1,true
大澳服務中心,大澳服務中心,officeTower,大澳服務中心,,,,,,1,true
將軍澳入境處羈留中心,將軍澳入境處羈留中心,officeTower,將軍澳入境處羈留中心,,,,,,1,true
保栢護老中心,保栢護老中心,officeTower,保栢護老中心,,,,,,1,true
大埔社區中心,大埔社區中心,officeTower,大埔社區中心,,,,,,1,true
大埔地質中心,大埔地質中心,officeTower,大埔地質中心,,,,,,1,true
永華大廈Q座,永華大廈Q座,officeTower,永華大廈Q座,,,,,,1,true
永華大廈R座,永華大廈R座,officeTower,永華大廈R座,,,,,,1,true
警察報案中心,警察報案中心,officeTower,警察報案中心,,,,,,1,true
納東中心,納東中心,officeTower,納東中心,,,,,,1,true
維拉荻茜 - 智活記憶及認知訓練中心,維拉荻茜 - 智活記憶及認知訓練中心,officeTower,維拉荻茜 - 智活記憶及認知訓練中心,,,,,,1,true
按摩保健治療中心 (余兆麒按摩保健治療中心),按摩保健治療中心 (余兆麒按摩保健治療中心),officeTower,按摩保健治療中心 (余兆麒按摩保健治療中心),,,,,,1,true
永華大廈T座,永華大廈T座,officeTower,永華大廈T座,,,,,,1,true
九倉電訊中心,九倉電訊中心,officeTower,九倉電訊中心,,,,,,1,true
源·區 (香港污泥處理中心),源·區 (香港污泥處理中心),officeTower,源·區 (香港污泥處理中心),,,,,,1,true
百家利中心,百家利中心,officeTower,百家利中心,,,,,,1,true
東寶大樓,東寶大樓,officeTower,東寶大樓,,,,,,1,true
中旅集團大廈,中旅集團大廈,officeTower,中旅集團大廈,,,,,,1,true
海外信託銀行大廈,海外信託銀行大廈,officeTower,海外信託銀行大廈,,,,,,1,true
永華大廈U座,永華大廈U座,officeTower,永華大廈U座,,,,,,1,true
U購Select-西環家安大廈分店,U購Select-西環家安大廈分店,officeTower,U購Select-西環家安大廈分店,,,,,,1,true
太和長者鄰舍中心,太和長者鄰舍中心,officeTower,太和長者鄰舍中心,,,,,,1,true
香港聖公會 - 太和長者鄰舍中心 - 亨和聚,香港聖公會 - 太和長者鄰舍中心 - 亨和聚,officeTower,香港聖公會 - 太和長者鄰舍中心 - 亨和聚,,,,,,1,true
青衣電話投注中心,青衣電話投注中心,officeTower,青衣電話投注中心,,,,,,1,true
青衣長者鄰舍中心,青衣長者鄰舍中心,officeTower,青衣長者鄰舍中心,,,,,,1,true
青衣栢景護理中心,青衣栢景護理中心,officeTower,青衣栢景護理中心,,,,,,1,true
永華大廈Z座,永華大廈Z座,officeTower,永華大廈Z座,,,,,,1,true
百旺都中心,百旺都中心,officeTower,百旺都中心,,,,,,1,true
組裝合成建築法展現中心,組裝合成建築法展現中心,officeTower,組裝合成建築法展現中心,,,,,,1,true
油塘中心第七座,油塘中心第七座,officeTower,油塘中心第七座,,,,,,1,true
8號大樓,8號大樓,officeTower,8號大樓,,,,,,1,true
9號大樓,9號大樓,officeTower,9號大樓,,,,,,1,true
田氏中心第九座,田氏中心第九座,officeTower,田氏中心第九座,,,,,,1,true
香港商業中心,香港商業中心,officeTower,香港商業中心,,,,,,1,true
昌運中心,昌運中心,officeTower,昌運中心,,,,,,1,true
富裕中心,富裕中心,officeTower,富裕中心,,,,,,1,true
新貿中心,新貿中心,officeTower,新貿中心,,,,,,1,true
希爾頓中心A座,希爾頓中心A座,officeTower,希爾頓中心A座,,,,,,1,true
希爾頓中心B座,希爾頓中心B座,officeTower,希爾頓中心B座,,,,,,1,true
希爾頓中心C座,希爾頓中心C座,officeTower,希爾頓中心C座,,,,,,1,true
黃大仙中心北館,黃大仙中心北館,officeTower,黃大仙中心北館,,,,,,1,true
黃大仙中心南館,黃大仙中心南館,officeTower,黃大仙中心南館,,,,,,1,true
HOME Centre (油尖旺中心),HOME Centre (油尖旺中心),officeTower,HOME Centre (油尖旺中心),,,,,,1,true
TOUCH Centre (東涌分中心),TOUCH Centre (東涌分中心),officeTower,TOUCH Centre (東涌分中心),,,,,,1,true
HOME Centre (深水埗分中心),HOME Centre (深水埗分中心),officeTower,HOME Centre (深水埗分中心),,,,,,1,true
東九龍就業中心,東九龍就業中心,officeTower,東九龍就業中心,,,,,,1,true
荃灣就業中心,荃灣就業中心,officeTower,荃灣就業中心,,,,,,1,true
飲食業招聘中心,飲食業招聘中心,officeTower,飲食業招聘中心,,,,,,1,true
零售業招聘中心,零售業招聘中心,officeTower,零售業招聘中心,,,,,,1,true
上水就業中心,上水就業中心,officeTower,上水就業中心,,,,,,1,true
北角就業中心,北角就業中心,officeTower,北角就業中心,,,,,,1,true
新界西就業中心,新界西就業中心,officeTower,新界西就業中心,,,,,,1,true
沙田就業中心,沙田就業中心,officeTower,沙田就業中心,,,,,,1,true
東涌就業中心,東涌就業中心,officeTower,東涌就業中心,,,,,,1,true
銅鑼灣社區中心,銅鑼灣社區中心,officeTower,銅鑼灣社區中心,,,,,,1,true
建造業招聘中心,建造業招聘中心,officeTower,建造業招聘中心,,,,,,1,true
金鐘就業中心,金鐘就業中心,officeTower,金鐘就業中心,,,,,,1,true
蝴蝶灣社區中心,蝴蝶灣社區中心,officeTower,蝴蝶灣社區中心,,,,,,1,true
觀塘社區中心,觀塘社區中心,officeTower,觀塘社區中心,,,,,,1,true
良景社區中心,良景社區中心,officeTower,良景社區中心,,,,,,1,true
雅麗珊社區中心,雅麗珊社區中心,officeTower,雅麗珊社區中心,,,,,,1,true
灣仔活動中心,灣仔活動中心,officeTower,灣仔活動中心,,,,,,1,true
西區社區中心,西區社區中心,officeTower,西區社區中心,,,,,,1,true
將軍澳就業中心,將軍澳就業中心,officeTower,將軍澳就業中心,,,,,,1,true
西九龍就業中心,西九龍就業中心,officeTower,西九龍就業中心,,,,,,1,true
天瑞社區中心,天瑞社區中心,officeTower,天瑞社區中心,,,,,,1,true
天耀社區中心,天耀社區中心,officeTower,天耀社區中心,,,,,,1,true
Global Gateway Tower停車場,Global Gateway Tower停車場,officeTower,Global Gateway Tower停車場,,,,,,1,true
光前大廈第1座,光前大廈第1座,officeTower,光前大廈第1座,,,,,,1,true
光前大廈第2座,光前大廈第2座,officeTower,光前大廈第2座,,,,,,1,true
世紀大廈,世紀大廈,officeTower,世紀大廈,,,,,,1,true
中華大廈,中華大廈,officeTower,中華大廈,,,,,,1,true
嘉發商業中心,嘉發商業中心,officeTower,嘉發商業中心,,,,,,1,true
執法大樓,執法大樓,officeTower,執法大樓,,,,,,1,true
Tower 1,Tower 1,officeTower,Tower 1,,,,,,1,true
香江大廈,香江大廈,officeTower,香江大廈,,,,,,1,true
Administration Building,Administration Building,officeTower,Administration Building,,,,,,1,true
行政大樓,行政大樓,officeTower,行政大樓,,,,,,1,true
文娛康樂大樓,文娛康樂大樓,officeTower,文娛康樂大樓,,,,,,1,true
金碧大廈,金碧大廈,officeTower,金碧大廈,,,,,,1,true
時益大廈,時益大廈,officeTower,時益大廈,,,,,,1,true
化學品大樓,化學品大樓,officeTower,化學品大樓,,,,,,1,true
壓縮機大樓,壓縮機大樓,officeTower,壓縮機大樓,,,,,,1,true
延齡大廈,延齡大廈,officeTower,延齡大廈,,,,,,1,true
誠興大廈,誠興大廈,officeTower,誠興大廈,,,,,,1,true
多喜大廈,多喜大廈,officeTower,多喜大廈,,,,,,1,true
海林大廈,海林大廈,officeTower,海林大廈,,,,,,1,true
皇帝大廈,皇帝大廈,officeTower,皇帝大廈,,,,,,1,true
力生大廈,力生大廈,officeTower,力生大廈,,,,,,1,true
民新大廈,民新大廈,officeTower,民新大廈,,,,,,1,true
勵志大廈,勵志大廈,officeTower,勵志大廈,,,,,,1,true
好發大廈,好發大廈,officeTower,好發大廈,,,,,,1,true
南方大廈,南方大廈,officeTower,南方大廈,,,,,,1,true
物料供應大樓,物料供應大樓,officeTower,物料供應大樓,,,,,,1,true
民眾大廈,民眾大廈,officeTower,民眾大廈,,,,,,1,true
Ventilation Building,Ventilation Building,officeTower,Ventilation Building,,,,,,1,true
好勝大廈,好勝大廈,officeTower,好勝大廈,,,,,,1,true
榮華大廈,榮華大廈,officeTower,榮華大廈,,,,,,1,true
偉文大廈,偉文大廈,officeTower,偉文大廈,,,,,,1,true
工程部大樓,工程部大樓,officeTower,工程部大樓,,,,,,1,true
吉田大廈,吉田大廈,officeTower,吉田大廈,,,,,,1,true
本部大樓,本部大樓,officeTower,本部大樓,,,,,,1,true
副行政大樓,副行政大樓,officeTower,副行政大樓,,,,,,1,true
煤灰貯存大樓,煤灰貯存大樓,officeTower,煤灰貯存大樓,,,,,,1,true
凱基商業大廈,凱基商業大廈,officeTower,凱基商業大廈,,,,,,1,true
昌泰大廈,昌泰大廈,officeTower,昌泰大廈,,,,,,1,true
昌裕大廈,昌裕大廈,officeTower,昌裕大廈,,,,,,1,true
長興大廈,長興大廈,officeTower,長興大廈,,,,,,1,true
祥隆大廈,祥隆大廈,officeTower,祥隆大廈,,,,,,1,true
志恒大廈,志恒大廈,officeTower,志恒大廈,,,,,,1,true
清華大廈,清華大廈,officeTower,清華大廈,,,,,,1,true
超群大廈,超群大廈,officeTower,超群大廈,,,,,,1,true
基督教家庭服務中心翠林宿舍,基督教家庭服務中心翠林宿舍,officeTower,基督教家庭服務中心翠林宿舍,,,,,,1,true
新生精神康復會新生會大樓宿舍(I),新生精神康復會新生會大樓宿舍(I),officeTower,新生精神康復會新生會大樓宿舍(I),,,,,,1,true
新生精神康復會新生會大樓宿舍(II),新生精神康復會新生會大樓宿舍(II),officeTower,新生精神康復會新生會大樓宿舍(II),,,,,,1,true
新生精神康復會新生會大樓宿舍(III),新生精神康復會新生會大樓宿舍(III),officeTower,新生精神康復會新生會大樓宿舍(III),,,,,,1,true
凱旋工商中心,凱旋工商中心,officeTower,凱旋工商中心,,,,,,1,true
香港大廈,香港大廈,officeTower,香港大廈,,,,,,1,true
都會大廈,都會大廈,officeTower,都會大廈,,,,,,1,true
嘉登大廈,嘉登大廈,officeTower,嘉登大廈,,,,,,1,true
百年大樓,百年大樓,officeTower,百年大樓,,,,,,1,true
櫻桃大廈,櫻桃大廈,officeTower,櫻桃大廈,,,,,,1,true
都寧大樓,都寧大樓,officeTower,都寧大樓,,,,,,1,true
公爵大廈,公爵大廈,officeTower,公爵大廈,,,,,,1,true
愛華大廈,愛華大廈,officeTower,愛華大廈,,,,,,1,true
寶堡大廈,寶堡大廈,officeTower,寶堡大廈,,,,,,1,true
康寧大廈,康寧大廈,officeTower,康寧大廈,,,,,,1,true
國城大廈,國城大廈,officeTower,國城大廈,,,,,,1,true
都城大樓,都城大樓,officeTower,都城大樓,,,,,,1,true
美佳大廈,美佳大廈,officeTower,美佳大廈,,,,,,1,true
濱海大廈,濱海大廈,officeTower,濱海大廈,,,,,,1,true
匯景大廈,匯景大廈,officeTower,匯景大廈,,,,,,1,true
白普理寧養中心,白普理寧養中心,officeTower,白普理寧養中心,,,,,,1,true
香港紅十字會輸血服務中心,香港紅十字會輸血服務中心,officeTower,香港紅十字會輸血服務中心,,,,,,1,true
文物修復資源中心,文物修復資源中心,officeTower,文物修復資源中心,,,,,,1,true
香港視覺藝術中心,香港視覺藝術中心,officeTower,香港視覺藝術中心,,,,,,1,true
手術室大樓,手術室大樓,officeTower,手術室大樓,,,,,,1,true
寶石戲院大廈,寶石戲院大廈,officeTower,寶石戲院大廈,,,,,,1,true
萬年戲院大廈,萬年戲院大廈,officeTower,萬年戲院大廈,,,,,,1,true
觀塘戲院大廈,觀塘戲院大廈,officeTower,觀塘戲院大廈,,,,,,1,true
寶石戲院大廈A座,寶石戲院大廈A座,officeTower,寶石戲院大廈A座,,,,,,1,true
寶石戲院大廈B座,寶石戲院大廈B座,officeTower,寶石戲院大廈B座,,,,,,1,true
香港文化中心劇場,香港文化中心劇場,officeTower,香港文化中心劇場,,,,,,1,true
觀塘戲院大廈A座,觀塘戲院大廈A座,officeTower,觀塘戲院大廈A座,,,,,,1,true
觀塘戲院大廈B座,觀塘戲院大廈B座,officeTower,觀塘戲院大廈B座,,,,,,1,true
錦田戲院大廈 (前稱),錦田戲院大廈 (前稱),officeTower,錦田戲院大廈 (前稱),,,,,,1,true
陸海通大廈,陸海通大廈,officeTower,陸海通大廈,,,,,,1,true
奧運大樓,奧運大樓,officeTower,奧運大樓,,,,,,1,true
香港交通安全會鄧肇堅爵士大廈,香港交通安全會鄧肇堅爵士大廈,officeTower,香港交通安全會鄧肇堅爵士大廈,,,,,,1,true
奧運大樓 A,奧運大樓 A,officeTower,奧運大樓 A,,,,,,1,true
體育大樓 (前稱),體育大樓 (前稱),officeTower,體育大樓 (前稱),,,,,,1,true
運輸署掃桿埔駕駛考試中心,運輸署掃桿埔駕駛考試中心,officeTower,運輸署掃桿埔駕駛考試中心,,,,,,1,true
華敦大廈,華敦大廈,officeTower,華敦大廈,,,,,,1,true
沙田中心,沙田中心,officeTower,沙田中心,,,,,,1,true
東華三院黃大仙簽品哲理中心,東華三院黃大仙簽品哲理中心,officeTower,東華三院黃大仙簽品哲理中心,,,,,,1,true
維港中心,維港中心,officeTower,維港中心,,,,,,1,true
海港中心,海港中心,officeTower,海港中心,,,,,,1,true
Harbour Green Tower 1,Harbour Green Tower 1,officeTower,Harbour Green Tower 1,,,,,,1,true
Harbour Green Tower 2,Harbour Green Tower 2,officeTower,Harbour Green Tower 2,,,,,,1,true
華業大廈,華業大廈,officeTower,華業大廈,,,,,,1,true
中興商業大廈,中興商業大廈,officeTower,中興商業大廈,,,,,,1,true
六合商業大廈,六合商業大廈,officeTower,六合商業大廈,,,,,,1,true
依時商業大廈,依時商業大廈,officeTower,依時商業大廈,,,,,,1,true
凱豐商業大廈,凱豐商業大廈,officeTower,凱豐商業大廈,,,,,,1,true
太子商業大廈,太子商業大廈,officeTower,太子商業大廈,,,,,,1,true
致富商業大廈,致富商業大廈,officeTower,致富商業大廈,,,,,,1,true
西區商業大廈,西區商業大廈,officeTower,西區商業大廈,,,,,,1,true
嘉寶商業大廈,嘉寶商業大廈,officeTower,嘉寶商業大廈,,,,,,1,true
中邦商業大廈,中邦商業大廈,officeTower,中邦商業大廈,,,,,,1,true
翹賢商業大廈,翹賢商業大廈,officeTower,翹賢商業大廈,,,,,,1,true
星衢商業大廈,星衢商業大廈,officeTower,星衢商業大廈,,,,,,1,true
蘇杭商業大廈,蘇杭商業大廈,officeTower,蘇杭商業大廈,,,,,,1,true
利雅商業大廈,利雅商業大廈,officeTower,利雅商業大廈,,,,,,1,true
東惠商業大廈,東惠商業大廈,officeTower,東惠商業大廈,,,,,,1,true
世界商業大廈,世界商業大廈,officeTower,世界商業大廈,,,,,,1,true
綜合商業中心,綜合商業中心,officeTower,綜合商業中心,,,,,,1,true
建生商業中心,建生商業中心,officeTower,建生商業中心,,,,,,1,true
中銀元朗商業中心,中銀元朗商業中心,officeTower,中銀元朗商業中心,,,,,,1,true
王仲銘商業大廈,王仲銘商業大廈,officeTower,王仲銘商業大廈,,,,,,1,true
紅磡商業中心A座,紅磡商業中心A座,officeTower,紅磡商業中心A座,,,,,,1,true
紅磡商業中心B座,紅磡商業中心B座,officeTower,紅磡商業中心B座,,,,,,1,true
東成商業大廈,東成商業大廈,officeTower,東成商業大廈,,,,,,1,true
利群商業大廈,利群商業大廈,officeTower,利群商業大廈,,,,,,1,true
凱利商業大廈,凱利商業大廈,officeTower,凱利商業大廈,,,,,,1,true
聯發商業中心,聯發商業中心,officeTower,聯發商業中心,,,,,,1,true
雅達商業大廈,雅達商業大廈,officeTower,雅達商業大廈,,,,,,1,true
柯士甸商業中心,柯士甸商業中心,officeTower,柯士甸商業中心,,,,,,1,true
百利商業中心,百利商業中心,officeTower,百利商業中心,,,,,,1,true
南北行商業中心,南北行商業中心,officeTower,南北行商業中心,,,,,,1,true
寶時商業中心,寶時商業中心,officeTower,寶時商業中心,,,,,,1,true
金聯商業中心,金聯商業中心,officeTower,金聯商業中心,,,,,,1,true
金馬商業大廈,金馬商業大廈,officeTower,金馬商業大廈,,,,,,1,true
富達商業大廈,富達商業大廈,officeTower,富達商業大廈,,,,,,1,true
友邦金融中心,友邦金融中心,officeTower,友邦金融中心,,,,,,1,true
中滙大廈,中滙大廈,officeTower,中滙大廈,,,,,,1,true
中建大廈,中建大廈,officeTower,中建大廈,,,,,,1,true
中央大廈,中央大廈,officeTower,中央大廈,,,,,,1,true
基督中心堂,基督中心堂,officeTower,基督中心堂,,,,,,1,true
海富中心,海富中心,officeTower,海富中心,,,,,,1,true
寫字樓第二座,寫字樓第二座,officeTower,寫字樓第二座,,,,,,1,true
遠東金融中心,遠東金融中心,officeTower,遠東金融中心,,,,,,1,true
灣仔大樓,灣仔大樓,officeTower,灣仔大樓,,,,,,1,true
港島壹號中心,港島壹號中心,officeTower,港島壹號中心,,,,,,1,true
銅鑼灣中心,銅鑼灣中心,officeTower,銅鑼灣中心,,,,,,1,true
銅鑼灣大廈,銅鑼灣大廈,officeTower,銅鑼灣大廈,,,,,,1,true
銅鑼灣商業大廈,銅鑼灣商業大廈,officeTower,銅鑼灣商業大廈,,,,,,1,true
恒生銅鑼灣大廈,恒生銅鑼灣大廈,officeTower,恒生銅鑼灣大廈,,,,,,1,true
北角中心大廈A座,北角中心大廈A座,officeTower,北角中心大廈A座,,,,,,1,true
北角中心大廈B座,北角中心大廈B座,officeTower,北角中心大廈B座,,,,,,1,true
北角中心大廈C座,北角中心大廈C座,officeTower,北角中心大廈C座,,,,,,1,true
北角消防大廈,北角消防大廈,officeTower,北角消防大廈,,,,,,1,true
恒生北角大廈,恒生北角大廈,officeTower,恒生北角大廈,,,,,,1,true
北角亞太商業中心,北角亞太商業中心,officeTower,北角亞太商業中心,,,,,,1,true
鰂魚涌社區綜合大樓,鰂魚涌社區綜合大樓,officeTower,鰂魚涌社區綜合大樓,,,,,,1,true
東隧鰂魚涌通風大樓,東隧鰂魚涌通風大樓,officeTower,東隧鰂魚涌通風大樓,,,,,,1,true
鰂魚涌市政大廈,鰂魚涌市政大廈,officeTower,鰂魚涌市政大廈,,,,,,1,true
鰂魚涌車輛扣留中心,鰂魚涌車輛扣留中心,officeTower,鰂魚涌車輛扣留中心,,,,,,1,true
香港鰂魚涌太古坊康橋大廈,香港鰂魚涌太古坊康橋大廈,officeTower,香港鰂魚涌太古坊康橋大廈,,,,,,1,true
香港警察鰂魚涌汽車扣留中心,香港警察鰂魚涌汽車扣留中心,officeTower,香港警察鰂魚涌汽車扣留中心,,,,,,1,true
太古大廈,太古大廈,officeTower,太古大廈,,,,,,1,true
太古城彌撒中心,太古城彌撒中心,officeTower,太古城彌撒中心,,,,,,1,true
太古城中心停車場,太古城中心停車場,officeTower,太古城中心停車場,,,,,,1,true
城暉大廈,城暉大廈,officeTower,城暉大廈,,,,,,1,true
堅城中心,堅城中心,officeTower,堅城中心,,,,,,1,true
Kennedy Town Centre,Kennedy Town Centre,officeTower,Kennedy Town Centre,,,,,,1,true
Bayanihan Kennedytown Centre,Bayanihan Kennedytown Centre,officeTower,Bayanihan Kennedytown Centre,,,,,,1,true
堅尼地城社區綜合大樓,堅尼地城社區綜合大樓,officeTower,堅尼地城社區綜合大樓,,,,,,1,true
上環文娛中心,上環文娛中心,officeTower,上環文娛中心,,,,,,1,true
協成行上環中心,協成行上環中心,officeTower,協成行上環中心,,,,,,1,true
上環服務中心,上環服務中心,officeTower,上環服務中心,,,,,,1,true
上環市政大廈,上環市政大廈,officeTower,上環市政大廈,,,,,,1,true
PS33 - 尖沙咀中心,PS33 - 尖沙咀中心,officeTower,PS33 - 尖沙咀中心,,,,,,1,true
尖沙咀中心,尖沙咀中心,officeTower,尖沙咀中心,,,,,,1,true
華源大廈,華源大廈,officeTower,華源大廈,,,,,,1,true
王子大廈,王子大廈,officeTower,王子大廈,,,,,,1,true
旺角區音樂中心,旺角區音樂中心,officeTower,旺角區音樂中心,,,,,,1,true
旺角大樓,旺角大樓,officeTower,旺角大樓,,,,,,1,true
旺角綜合大樓,旺角綜合大樓,officeTower,旺角綜合大樓,,,,,,1,true
旺角大廈,旺角大廈,officeTower,旺角大廈,,,,,,1,true
佐敦大廈,佐敦大廈,officeTower,佐敦大廈,,,,,,1,true
佐敦長者中心,佐敦長者中心,officeTower,佐敦長者中心,,,,,,1,true
佐敦中心,佐敦中心,officeTower,佐敦中心,,,,,,1,true
佐敦谷公園園藝學習中心,佐敦谷公園園藝學習中心,officeTower,佐敦谷公園園藝學習中心,,,,,,1,true
漢國佐敦中心,漢國佐敦中心,officeTower,漢國佐敦中心,,,,,,1,true
油麻地通風大樓,油麻地通風大樓,officeTower,油麻地通風大樓,,,,,,1,true
油麻地頤老中心,油麻地頤老中心,officeTower,油麻地頤老中心,,,,,,1,true
油麻地通風大樓第一座,油麻地通風大樓第一座,officeTower,油麻地通風大樓第一座,,,,,,1,true
油麻地通風大樓第二座,油麻地通風大樓第二座,officeTower,油麻地通風大樓第二座,,,,,,1,true
油尖旺地區康健中心 - 附屬中心 - 油麻地,油尖旺地區康健中心 - 附屬中心 - 油麻地,officeTower,油尖旺地區康健中心 - 附屬中心 - 油麻地,,,,,,1,true
泰盛商業(油麻地)大樓,泰盛商業(油麻地)大樓,officeTower,泰盛商業(油麻地)大樓,,,,,,1,true
梁顯利油麻地社區中心,梁顯利油麻地社區中心,officeTower,梁顯利油麻地社區中心,,,,,,1,true
深水埗地區康健中心 - 附屬中心 - 深水埗東,深水埗地區康健中心 - 附屬中心 - 深水埗東,officeTower,深水埗地區康健中心 - 附屬中心 - 深水埗東,,,,,,1,true
深水埗地區康健中心 - 附屬中心 - 深水埗中南,深水埗地區康健中心 - 附屬中心 - 深水埗中南,officeTower,深水埗地區康健中心 - 附屬中心 - 深水埗中南,,,,,,1,true
PS33 – 深水埗中心,PS33 – 深水埗中心,officeTower,PS33 – 深水埗中心,,,,,,1,true
深水埗大廈,深水埗大廈,officeTower,深水埗大廈,,,,,,1,true
深水埗地區康健中心 - 附屬中心 - 深水埗西,深水埗地區康健中心 - 附屬中心 - 深水埗西,officeTower,深水埗地區康健中心 - 附屬中心 - 深水埗西,,,,,,1,true
深水埗綜合復康中心,深水埗綜合復康中心,officeTower,深水埗綜合復康中心,,,,,,1,true
深水埗康齡社區服務中心,深水埗康齡社區服務中心,officeTower,深水埗康齡社區服務中心,,,,,,1,true
深水埗長者日間護理中心,深水埗長者日間護理中心,officeTower,深水埗長者日間護理中心,,,,,,1,true
觀塘自由倉大廈,觀塘自由倉大廈,officeTower,觀塘自由倉大廈,,,,,,1,true
觀點中心,觀點中心,officeTower,觀點中心,,,,,,1,true
觀塘-中海日升中心,觀塘-中海日升中心,officeTower,觀塘-中海日升中心,,,,,,1,true
觀塘運作中心,觀塘運作中心,officeTower,觀塘運作中心,,,,,,1,true
觀塘大廈,觀塘大廈,officeTower,觀塘大廈,,,,,,1,true
九龍灣車輛扣留中心,九龍灣車輛扣留中心,officeTower,九龍灣車輛扣留中心,,,,,,1,true
三湘九龍灣貨運中心,三湘九龍灣貨運中心,officeTower,三湘九龍灣貨運中心,,,,,,1,true
職業訓練局九龍灣大樓,職業訓練局九龍灣大樓,officeTower,職業訓練局九龍灣大樓,,,,,,1,true
製衣業訓練局九龍灣訓練中心,製衣業訓練局九龍灣訓練中心,officeTower,製衣業訓練局九龍灣訓練中心,,,,,,1,true
九龍灣綜合治療中心,九龍灣綜合治療中心,officeTower,九龍灣綜合治療中心,,,,,,1,true
黃大仙地區康健中心 - 附屬中心 - 黃大仙中,黃大仙地區康健中心 - 附屬中心 - 黃大仙中,officeTower,黃大仙地區康健中心 - 附屬中心 - 黃大仙中,,,,,,1,true
黃大仙地區康健中心 - 附屬中心 - 黃大仙東,黃大仙地區康健中心 - 附屬中心 - 黃大仙東,officeTower,黃大仙地區康健中心 - 附屬中心 - 黃大仙東,,,,,,1,true
黃大仙地區康健中心 - 附屬中心 - 黃大仙北,黃大仙地區康健中心 - 附屬中心 - 黃大仙北,officeTower,黃大仙地區康健中心 - 附屬中心 - 黃大仙北,,,,,,1,true
鄰舍輔導會黄大仙康盛支援中心,鄰舍輔導會黄大仙康盛支援中心,officeTower,鄰舍輔導會黄大仙康盛支援中心,,,,,,1,true
九龍塘大廈,九龍塘大廈,officeTower,九龍塘大廈,,,,,,1,true
教育局九龍塘教育服務中心東座,教育局九龍塘教育服務中心東座,officeTower,教育局九龍塘教育服務中心東座,,,,,,1,true
教育局九龍塘教育服務中心西座,教育局九龍塘教育服務中心西座,officeTower,教育局九龍塘教育服務中心西座,,,,,,1,true
教育局九龍塘教育服務中心,教育局九龍塘教育服務中心,officeTower,教育局九龍塘教育服務中心,,,,,,1,true
沙田商業中心,沙田商業中心,officeTower,沙田商業中心,,,,,,1,true
沙田區音樂中心,沙田區音樂中心,officeTower,沙田區音樂中心,,,,,,1,true
沙田綜合大樓,沙田綜合大樓,officeTower,沙田綜合大樓,,,,,,1,true
沙田電話投注附屬大樓,沙田電話投注附屬大樓,officeTower,沙田電話投注附屬大樓,,,,,,1,true
荃灣運作中心,荃灣運作中心,officeTower,荃灣運作中心,,,,,,1,true
荃灣地區康健中心 - 附屬中心 - 荃灣東,荃灣地區康健中心 - 附屬中心 - 荃灣東,officeTower,荃灣地區康健中心 - 附屬中心 - 荃灣東,,,,,,1,true
荃灣地區康健中心 - 附屬中心 - 荃灣北,荃灣地區康健中心 - 附屬中心 - 荃灣北,officeTower,荃灣地區康健中心 - 附屬中心 - 荃灣北,,,,,,1,true
荃灣地區康健中心 - 附屬中心 - 荃灣南,荃灣地區康健中心 - 附屬中心 - 荃灣南,officeTower,荃灣地區康健中心 - 附屬中心 - 荃灣南,,,,,,1,true
荃灣區音樂中心,荃灣區音樂中心,officeTower,荃灣區音樂中心,,,,,,1,true
嘉民葵涌物流中心,嘉民葵涌物流中心,officeTower,嘉民葵涌物流中心,,,,,,1,true
葵涌大廈,葵涌大廈,officeTower,葵涌大廈,,,,,,1,true
葵涌中心,葵涌中心,officeTower,葵涌中心,,,,,,1,true
屯門康樂體育中心(屯門高爾夫球中心),屯門康樂體育中心(屯門高爾夫球中心),officeTower,屯門康樂體育中心(屯門高爾夫球中心),,,,,,1,true
港鐵屯門大樓,港鐵屯門大樓,officeTower,港鐵屯門大樓,,,,,,1,true
屯門地區康健中心 - 附屬中心 - 屯門東北,屯門地區康健中心 - 附屬中心 - 屯門東北,officeTower,屯門地區康健中心 - 附屬中心 - 屯門東北,,,,,,1,true
屯門地區康健中心 - 附屬中心 - 屯門東南,屯門地區康健中心 - 附屬中心 - 屯門東南,officeTower,屯門地區康健中心 - 附屬中心 - 屯門東南,,,,,,1,true
屯門眼科中心,屯門眼科中心,officeTower,屯門眼科中心,,,,,,1,true
元朗大廈,元朗大廈,officeTower,元朗大廈,,,,,,1,true
元朗中心,元朗中心,officeTower,元朗中心,,,,,,1,true
元朗地區康健中心 - 附屬中心 - 元朗市,元朗地區康健中心 - 附屬中心 - 元朗市,officeTower,元朗地區康健中心 - 附屬中心 - 元朗市,,,,,,1,true
元朗滙豐大廈,元朗滙豐大廈,officeTower,元朗滙豐大廈,,,,,,1,true
海外信託銀行元朗大廈,海外信託銀行元朗大廈,officeTower,海外信託銀行元朗大廈,,,,,,1,true
元朗貿易中心,元朗貿易中心,officeTower,元朗貿易中心,,,,,,1,true
元朗民政事務處大廈,元朗民政事務處大廈,officeTower,元朗民政事務處大廈,,,,,,1,true
大埔中心,大埔中心,officeTower,大埔中心,,,,,,1,true
粉嶺中心A座,粉嶺中心A座,officeTower,粉嶺中心A座,,,,,,1,true
粉嶺中心B座,粉嶺中心B座,officeTower,粉嶺中心B座,,,,,,1,true
粉嶺中心C座,粉嶺中心C座,officeTower,粉嶺中心C座,,,,,,1,true
粉嶺中心D座,粉嶺中心D座,officeTower,粉嶺中心D座,,,,,,1,true
粉嶺中心E座,粉嶺中心E座,officeTower,粉嶺中心E座,,,,,,1,true
粉嶺中心F座,粉嶺中心F座,officeTower,粉嶺中心F座,,,,,,1,true
粉嶺中心G座,粉嶺中心G座,officeTower,粉嶺中心G座,,,,,,1,true
粉嶺中心H座,粉嶺中心H座,officeTower,粉嶺中心H座,,,,,,1,true
粉嶺中心J座,粉嶺中心J座,officeTower,粉嶺中心J座,,,,,,1,true
粉嶺中心K座,粉嶺中心K座,officeTower,粉嶺中心K座,,,,,,1,true
粉嶺中心L座,粉嶺中心L座,officeTower,粉嶺中心L座,,,,,,1,true
上水通風大樓,上水通風大樓,officeTower,上水通風大樓,,,,,,1,true
上水中心第一座,上水中心第一座,officeTower,上水中心第一座,,,,,,1,true
上水中心第二座,上水中心第二座,officeTower,上水中心第二座,,,,,,1,true
上水中心第三座,上水中心第三座,officeTower,上水中心第三座,,,,,,1,true
上水中心第四座,上水中心第四座,officeTower,上水中心第四座,,,,,,1,true
上水中心第五座,上水中心第五座,officeTower,上水中心第五座,,,,,,1,true
上水中心第六座,上水中心第六座,officeTower,上水中心第六座,,,,,,1,true
上水中心,上水中心,officeTower,上水中心,,,,,,1,true
中電北區辦事處上水運作中心,中電北區辦事處上水運作中心,officeTower,中電北區辦事處上水運作中心,,,,,,1,true
上水單車匯合中心,上水單車匯合中心,officeTower,上水單車匯合中心,,,,,,1,true
將軍澳市中心,將軍澳市中心,officeTower,將軍澳市中心,,,,,,1,true
西貢運作中心,西貢運作中心,officeTower,西貢運作中心,,,,,,1,true
西貢大廈B座,西貢大廈B座,officeTower,西貢大廈B座,,,,,,1,true
西貢區社區中心,西貢區社區中心,officeTower,西貢區社區中心,,,,,,1,true
西貢大廈,西貢大廈,officeTower,西貢大廈,,,,,,1,true
中環軍營醫務中心,中環軍營醫務中心,officeTower,中環軍營醫務中心,,,,,,1,true
中環大廈,中環大廈,officeTower,中環大廈,,,,,,1,true
中環中心,中環中心,officeTower,中環中心,,,,,,1,true
金鐘大廈,金鐘大廈,officeTower,金鐘大廈,,,,,,1,true
金鐘滙中心,金鐘滙中心,officeTower,金鐘滙中心,,,,,,1,true
金鐘商業大廈,金鐘商業大廈,officeTower,金鐘商業大廈,,,,,,1,true
力寶中心,力寶中心,officeTower,力寶中心,,,,,,1,true
統一中心,統一中心,officeTower,統一中心,,,,,,1,true
協康會灣仔中心,協康會灣仔中心,officeTower,協康會灣仔中心,,,,,,1,true
北角大廈,北角大廈,officeTower,北角大廈,,,,,,1,true
太古城中心,太古城中心,officeTower,太古城中心,,,,,,1,true
太古城中心一座,太古城中心一座,officeTower,太古城中心一座,,,,,,1,true
堅尼地城社區綜合大樓 (只提供會議室及綜合用途室),堅尼地城社區綜合大樓 (只提供會議室及綜合用途室),officeTower,堅尼地城社區綜合大樓 (只提供會議室及綜合用途室),,,,,,1,true
堅尼地城社區綜合大樓自修室,堅尼地城社區綜合大樓自修室,officeTower,堅尼地城社區綜合大樓自修室,,,,,,1,true
尖沙咀滙豐大廈,尖沙咀滙豐大廈,officeTower,尖沙咀滙豐大廈,,,,,,1,true
恒生尖沙咀大廈,恒生尖沙咀大廈,officeTower,恒生尖沙咀大廈,,,,,,1,true
尖沙咀東部-新文華中心,尖沙咀東部-新文華中心,officeTower,尖沙咀東部-新文華中心,,,,,,1,true
尖沙咀坊會松柏鄰舍活動中心,尖沙咀坊會松柏鄰舍活動中心,officeTower,尖沙咀坊會松柏鄰舍活動中心,,,,,,1,true
旺角中心,旺角中心,officeTower,旺角中心,,,,,,1,true
浸信會愛羣社會服務處佐敦長者中心,浸信會愛羣社會服務處佐敦長者中心,officeTower,浸信會愛羣社會服務處佐敦長者中心,,,,,,1,true
九龍灣汽車維修中心,九龍灣汽車維修中心,officeTower,九龍灣汽車維修中心,,,,,,1,true
上葵涌驗車中心,上葵涌驗車中心,officeTower,上葵涌驗車中心,,,,,,1,true
將軍澳中心第一座,將軍澳中心第一座,officeTower,將軍澳中心第一座,,,,,,1,true
將軍澳中心第十座,將軍澳中心第十座,officeTower,將軍澳中心第十座,,,,,,1,true
將軍澳中心第十一座,將軍澳中心第十一座,officeTower,將軍澳中心第十一座,,,,,,1,true
將軍澳中心第十二座,將軍澳中心第十二座,officeTower,將軍澳中心第十二座,,,,,,1,true
將軍澳中心第二座,將軍澳中心第二座,officeTower,將軍澳中心第二座,,,,,,1,true
將軍澳中心第三座,將軍澳中心第三座,officeTower,將軍澳中心第三座,,,,,,1,true
將軍澳中心第五座,將軍澳中心第五座,officeTower,將軍澳中心第五座,,,,,,1,true
將軍澳中心第六座,將軍澳中心第六座,officeTower,將軍澳中心第六座,,,,,,1,true
將軍澳中心第七座,將軍澳中心第七座,officeTower,將軍澳中心第七座,,,,,,1,true
將軍澳中心第八座,將軍澳中心第八座,officeTower,將軍澳中心第八座,,,,,,1,true
將軍澳中心第九座,將軍澳中心第九座,officeTower,將軍澳中心第九座,,,,,,1,true
律政中心中座,律政中心中座,officeTower,律政中心中座,,,,,,1,true
中西區地區康健中心 (主中心),中西區地區康健中心 (主中心),officeTower,中西區地區康健中心 (主中心),,,,,,1,true
中西區地區康健中心 - 主中心,中西區地區康健中心 - 主中心,officeTower,中西區地區康健中心 - 主中心,,,,,,1,true
明愛中區長者中心,明愛中區長者中心,officeTower,明愛中區長者中心,,,,,,1,true
中銀大廈,中銀大廈,officeTower,中銀大廈,,,,,,1,true
中區警察服務中心,中區警察服務中心,officeTower,中區警察服務中心,,,,,,1,true
中區警區警察服務中心,中區警區警察服務中心,officeTower,中區警區警察服務中心,,,,,,1,true
中銀信用卡中心,中銀信用卡中心,officeTower,中銀信用卡中心,,,,,,1,true
中國銀行大廈,中國銀行大廈,officeTower,中國銀行大廈,,,,,,1,true
香港壁球中心,香港壁球中心,officeTower,香港壁球中心,,,,,,1,true
律政中心東座,律政中心東座,officeTower,律政中心東座,,,,,,1,true
律政中心西座,律政中心西座,officeTower,律政中心西座,,,,,,1,true
富衛金融中心,富衛金融中心,officeTower,富衛金融中心,,,,,,1,true
信德中心西座,信德中心西座,officeTower,信德中心西座,,,,,,1,true
中西區長者日間護理中心,中西區長者日間護理中心,officeTower,中西區長者日間護理中心,,,,,,1,true
越峰成長中心︰中西南及離島服務處,越峰成長中心︰中西南及離島服務處,officeTower,越峰成長中心︰中西南及離島服務處,,,,,,1,true
中西區長者地區中心,中西區長者地區中心,officeTower,中西區長者地區中心,,,,,,1,true
CoCo 草本養髮中心,CoCo 草本養髮中心,officeTower,CoCo 草本養髮中心,,,,,,1,true
金管局資訊中心,金管局資訊中心,officeTower,金管局資訊中心,,,,,,1,true
中西區地區康健中心 - 附屬中心 -西環,中西區地區康健中心 - 附屬中心 -西環,officeTower,中西區地區康健中心 - 附屬中心 -西環,,,,,,1,true
利港中心,利港中心,officeTower,利港中心,,,,,,1,true
香港明愛明愛香港仔社區中心,香港明愛明愛香港仔社區中心,officeTower,香港明愛明愛香港仔社區中心,,,,,,1,true
香港仔網球及壁球中心,香港仔網球及壁球中心,officeTower,香港仔網球及壁球中心,,,,,,1,true
荃昌中心,荃昌中心,officeTower,荃昌中心,,,,,,1,true
荃發大廈,荃發大廈,officeTower,荃發大廈,,,,,,1,true
荃樂大廈,荃樂大廈,officeTower,荃樂大廈,,,,,,1,true
荃灣中心,荃灣中心,officeTower,荃灣中心,,,,,,1,true
荃豐大廈,荃豐大廈,officeTower,荃豐大廈,,,,,,1,true
荃勝大廈,荃勝大廈,officeTower,荃勝大廈,,,,,,1,true
金荃大廈,金荃大廈,officeTower,金荃大廈,,,,,,1,true
荃豐中心,荃豐中心,officeTower,荃豐中心,,,,,,1,true
青馬管制區青衣行政大樓,青馬管制區青衣行政大樓,officeTower,青馬管制區青衣行政大樓,,,,,,1,true
葵青地區康健中心 - 附屬中心 - 青衣,葵青地區康健中心 - 附屬中心 - 青衣,officeTower,葵青地區康健中心 - 附屬中心 - 青衣,,,,,,1,true
長青松柏中心,長青松柏中心,officeTower,長青松柏中心,,,,,,1,true
長旺大廈,長旺大廈,officeTower,長旺大廈,,,,,,1,true
龍旺大廈,龍旺大廈,officeTower,龍旺大廈,,,,,,1,true
新旺大樓,新旺大樓,officeTower,新旺大樓,,,,,,1,true
藝旺商業大廈,藝旺商業大廈,officeTower,藝旺商業大廈,,,,,,1,true
大嶼山鳳凰山9段 香港內觀靜坐中心,大嶼山鳳凰山9段 香港內觀靜坐中心,officeTower,大嶼山鳳凰山9段 香港內觀靜坐中心,,,,,,1,true
天朗中心,天朗中心,officeTower,天朗中心,,,,,,1,true
明愛樂協會(九龍中心),明愛樂協會(九龍中心),officeTower,明愛樂協會(九龍中心),,,,,,1,true
樂力長者日間訓練中心,樂力長者日間訓練中心,officeTower,樂力長者日間訓練中心,,,,,,1,true
長者鄰舍中心 (樂富中心),長者鄰舍中心 (樂富中心),officeTower,長者鄰舍中心 (樂富中心),,,,,,1,true
救世軍耆才拓展計劃東頭中心 - 營樂,救世軍耆才拓展計劃東頭中心 - 營樂,officeTower,救世軍耆才拓展計劃東頭中心 - 營樂,,,,,,1,true
森堡汽車中心,森堡汽車中心,officeTower,森堡汽車中心,,,,,,1,true
東涌綜合服務中心 (分處 2),東涌綜合服務中心 (分處 2),officeTower,東涌綜合服務中心 (分處 2),,,,,,1,true
鄰舍輔導會東涌綜合服務中心(中心第二分處),鄰舍輔導會東涌綜合服務中心(中心第二分處),officeTower,鄰舍輔導會東涌綜合服務中心(中心第二分處),,,,,,1,true
偉晉中心,偉晉中心,officeTower,偉晉中心,,,,,,1,true
偉倫中心,偉倫中心,officeTower,偉倫中心,,,,,,1,true
興偉中心,興偉中心,officeTower,興偉中心,,,,,,1,true
偉興大廈,偉興大廈,officeTower,偉興大廈,,,,,,1,true
偉益大廈,偉益大廈,officeTower,偉益大廈,,,,,,1,true
偉業中心,偉業中心,officeTower,偉業中心,,,,,,1,true
華偉大廈,華偉大廈,officeTower,華偉大廈,,,,,,1,true
偉成大廈,偉成大廈,officeTower,偉成大廈,,,,,,1,true
偉業大廈,偉業大廈,officeTower,偉業大廈,,,,,,1,true
柴灣健康評估中心,柴灣健康評估中心,officeTower,柴灣健康評估中心,,,,,,1,true
藍田健康評估中心,藍田健康評估中心,officeTower,藍田健康評估中心,,,,,,1,true
西環健康評估中心,西環健康評估中心,officeTower,西環健康評估中心,,,,,,1,true
柴灣學生健康服務中心,柴灣學生健康服務中心,officeTower,柴灣學生健康服務中心,,,,,,1,true
藍田學生健康服務中心,藍田學生健康服務中心,officeTower,藍田學生健康服務中心,,,,,,1,true
屯門學生健康服務中心,屯門學生健康服務中心,officeTower,屯門學生健康服務中心,,,,,,1,true
元朗學生健康服務中心,元朗學生健康服務中心,officeTower,元朗學生健康服務中心,,,,,,1,true
保良局黃竹坑護理安老中心-甲子護理安老院暨胡陳金枝安老院,保良局黃竹坑護理安老中心-甲子護理安老院暨胡陳金枝安老院,officeTower,保良局黃竹坑護理安老中心-甲子護理安老院暨胡陳金枝安老院,,,,,,1,true
九龍城活齡中心,九龍城活齡中心,officeTower,九龍城活齡中心,,,,,,1,true
香港聖公會福利協會有限公司九龍城青少年綜合服務中心,香港聖公會福利協會有限公司九龍城青少年綜合服務中心,officeTower,香港聖公會福利協會有限公司九龍城青少年綜合服務中心,,,,,,1,true
廣益大廈,廣益大廈,officeTower,廣益大廈,,,,,,1,true
協康會富昌中心 (SCCC),協康會富昌中心 (SCCC),officeTower,協康會富昌中心 (SCCC),,,,,,1,true
隆亨社區中心,隆亨社區中心,officeTower,隆亨社區中心,,,,,,1,true
順利社區中心,順利社區中心,officeTower,順利社區中心,,,,,,1,true
彩雲社區中心,彩雲社區中心,officeTower,彩雲社區中心,,,,,,1,true
恒安社區中心,恒安社區中心,officeTower,恒安社區中心,,,,,,1,true
鳳德社區中心,鳳德社區中心,officeTower,鳳德社區中心,,,,,,1,true
華貴社區中心,華貴社區中心,officeTower,華貴社區中心,,,,,,1,true
長發社區中心,長發社區中心,officeTower,長發社區中心,,,,,,1,true
竹園社區中心,竹園社區中心,officeTower,竹園社區中心,,,,,,1,true
南昌社區中心,南昌社區中心,officeTower,南昌社區中心,,,,,,1,true
海怡社區中心,海怡社區中心,officeTower,海怡社區中心,,,,,,1,true
藍田(西區)社區中心,藍田(西區)社區中心,officeTower,藍田(西區)社區中心,,,,,,1,true
安定/友愛社區中心,安定/友愛社區中心,officeTower,安定/友愛社區中心,,,,,,1,true
至善活動中心,至善活動中心,officeTower,至善活動中心,,,,,,1,true
樂華社區中心,樂華社區中心,officeTower,樂華社區中心,,,,,,1,true
大坑東社區中心,大坑東社區中心,officeTower,大坑東社區中心,,,,,,1,true
南區民政諮詢中心,南區民政諮詢中心,officeTower,南區民政諮詢中心,,,,,,1,true
屯門巿中心社區會堂,屯門巿中心社區會堂,officeTower,屯門巿中心社區會堂,,,,,,1,true
東頭社區中心,東頭社區中心,officeTower,東頭社區中心,,,,,,1,true
東區民政諮詢中心,東區民政諮詢中心,officeTower,東區民政諮詢中心,,,,,,1,true
友群大廈,友群大廈,officeTower,友群大廈,,,,,,1,true
佳景大廈,佳景大廈,officeTower,佳景大廈,,,,,,1,true
新利大廈,新利大廈,officeTower,新利大廈,,,,,,1,true
嘉輝大廈,嘉輝大廈,officeTower,嘉輝大廈,,,,,,1,true
嘉泰大廈,嘉泰大廈,officeTower,嘉泰大廈,,,,,,1,true
高明大廈,高明大廈,officeTower,高明大廈,,,,,,1,true
端納大廈,端納大廈,officeTower,端納大廈,,,,,,1,true
怡景大廈,怡景大廈,officeTower,怡景大廈,,,,,,1,true
福慧大廈,福慧大廈,officeTower,福慧大廈,,,,,,1,true
金殿大廈,金殿大廈,officeTower,金殿大廈,,,,,,1,true
歌頓大廈,歌頓大廈,officeTower,歌頓大廈,,,,,,1,true
格蘭大廈,格蘭大廈,officeTower,格蘭大廈,,,,,,1,true
京都大廈,京都大廈,officeTower,京都大廈,,,,,,1,true
首利大廈,首利大廈,officeTower,首利大廈,,,,,,1,true
明醫醫務中心,明醫醫務中心,officeTower,明醫醫務中心,,,,,,1,true
新生精神康復會新生會大樓庇護工場,新生精神康復會新生會大樓庇護工場,officeTower,新生精神康復會新生會大樓庇護工場,,,,,,1,true
香港神託會 耀荃綜合復康服務中心,香港神託會 耀荃綜合復康服務中心,officeTower,香港神託會 耀荃綜合復康服務中心,,,,,,1,true
匯縱專業發展中心(粉嶺),匯縱專業發展中心(粉嶺),officeTower,匯縱專業發展中心(粉嶺),,,,,,1,true
匯縱專業發展中心(屯門),匯縱專業發展中心(屯門),officeTower,匯縱專業發展中心(屯門),,,,,,1,true
製衣業訓練局荔景訓練中心,製衣業訓練局荔景訓練中心,officeTower,製衣業訓練局荔景訓練中心,,,,,,1,true
匯縱專業發展中心(馬鞍山),匯縱專業發展中心(馬鞍山),officeTower,匯縱專業發展中心(馬鞍山),,,,,,1,true
卓越培訓發展中心(汽車業)屯門,卓越培訓發展中心(汽車業)屯門,officeTower,卓越培訓發展中心(汽車業)屯門,,,,,,1,true
明愛樂務綜合職業訓練中心,明愛樂務綜合職業訓練中心,officeTower,明愛樂務綜合職業訓練中心,,,,,,1,true
卓越培訓發展中心(焊接業),卓越培訓發展中心(焊接業),officeTower,卓越培訓發展中心(焊接業),,,,,,1,true
卓越培訓發展中心(珠寶業),卓越培訓發展中心(珠寶業),officeTower,卓越培訓發展中心(珠寶業),,,,,,1,true
英才職業技能培訓中心,英才職業技能培訓中心,officeTower,英才職業技能培訓中心,,,,,,1,true
卓越培訓發展中心(氣體燃料業),卓越培訓發展中心(氣體燃料業),officeTower,卓越培訓發展中心(氣體燃料業),,,,,,1,true
卓越培訓發展中心(時裝紡織業),卓越培訓發展中心(時裝紡織業),officeTower,卓越培訓發展中心(時裝紡織業),,,,,,1,true
卓越培訓發展中心(汽車業)葵涌,卓越培訓發展中心(汽車業)葵涌,officeTower,卓越培訓發展中心(汽車業)葵涌,,,,,,1,true
卓越培訓發展中心(電機業)葵涌,卓越培訓發展中心(電機業)葵涌,officeTower,卓越培訓發展中心(電機業)葵涌,,,,,,1,true
匯縱專業發展中心(油麻地),匯縱專業發展中心(油麻地),officeTower,匯縱專業發展中心(油麻地),,,,,,1,true
卓越培訓發展中心(電子業),卓越培訓發展中心(電子業),officeTower,卓越培訓發展中心(電子業),,,,,,1,true
卓越培訓發展中心(印刷業),卓越培訓發展中心(印刷業),officeTower,卓越培訓發展中心(印刷業),,,,,,1,true
卓越培訓發展中心(電機業)薄扶林,卓越培訓發展中心(電機業)薄扶林,officeTower,卓越培訓發展中心(電機業)薄扶林,,,,,,1,true
卓越培訓發展中心(機械業)薄扶林,卓越培訓發展中心(機械業)薄扶林,officeTower,卓越培訓發展中心(機械業)薄扶林,,,,,,1,true
卓越培訓發展中心(精密工程業),卓越培訓發展中心(精密工程業),officeTower,卓越培訓發展中心(精密工程業),,,,,,1,true
匯縱專業發展中心(荔枝角),匯縱專業發展中心(荔枝角),officeTower,匯縱專業發展中心(荔枝角),,,,,,1,true
卓越培訓發展中心(機械業)九龍灣,卓越培訓發展中心(機械業)九龍灣,officeTower,卓越培訓發展中心(機械業)九龍灣,,,,,,1,true
工聯會職業發展服務中心,工聯會職業發展服務中心,officeTower,工聯會職業發展服務中心,,,,,,1,true
和富慈善基金李宗德博士全人發展教育中心,和富慈善基金李宗德博士全人發展教育中心,officeTower,和富慈善基金李宗德博士全人發展教育中心,,,,,,1,true
展亮技能發展中心(屯門),展亮技能發展中心(屯門),officeTower,展亮技能發展中心(屯門),,,,,,1,true
宏亞大廈,宏亞大廈,officeTower,宏亞大廈,,,,,,1,true
Mayfair By The Sea I Tower 1,Mayfair By The Sea I Tower 1,officeTower,Mayfair By The Sea I Tower 1,,,,,,1,true
Mayfair By The Sea I Tower 16,Mayfair By The Sea I Tower 16,officeTower,Mayfair By The Sea I Tower 16,,,,,,1,true
Mayfair By The Sea I Tower 17,Mayfair By The Sea I Tower 17,officeTower,Mayfair By The Sea I Tower 17,,,,,,1,true
Mayfair By The Sea I Tower 18,Mayfair By The Sea I Tower 18,officeTower,Mayfair By The Sea I Tower 18,,,,,,1,true
Mayfair By The Sea I Tower 19,Mayfair By The Sea I Tower 19,officeTower,Mayfair By The Sea I Tower 19,,,,,,1,true
Mayfair By The Sea I Tower 2,Mayfair By The Sea I Tower 2,officeTower,Mayfair By The Sea I Tower 2,,,,,,1,true
Mayfair By The Sea I Tower 20,Mayfair By The Sea I Tower 20,officeTower,Mayfair By The Sea I Tower 20,,,,,,1,true
Mayfair By The Sea I Tower 21,Mayfair By The Sea I Tower 21,officeTower,Mayfair By The Sea I Tower 21,,,,,,1,true
Mayfair By The Sea I Tower 3,Mayfair By The Sea I Tower 3,officeTower,Mayfair By The Sea I Tower 3,,,,,,1,true
Wi-Fi.HK 熱點位置: 中銀香港 - 旺角銀高國際大廈分行,Wi-Fi.HK 熱點位置: 中銀香港 - 旺角銀高國際大廈分行,officeTower,Wi-Fi.HK 熱點位置: 中銀香港 - 旺角銀高國際大廈分行,,,,,,1,true
義莎中心,義莎中心,officeTower,義莎中心,,,,,,1,true
耀基商業大廈,耀基商業大廈,officeTower,耀基商業大廈,,,,,,1,true
稅務大樓,稅務大樓,officeTower,稅務大樓,,,,,,1,true
Tower 5,Tower 5,officeTower,Tower 5,,,,,,1,true
TOWER 5A,TOWER 5A,officeTower,TOWER 5A,,,,,,1,true
TOWER 5B,TOWER 5B,officeTower,TOWER 5B,,,,,,1,true
新華大廈,新華大廈,officeTower,新華大廈,,,,,,1,true
「樂協」(灣仔稅務大樓),「樂協」(灣仔稅務大樓),officeTower,「樂協」(灣仔稅務大樓),,,,,,1,true
經信商業大廈,經信商業大廈,officeTower,經信商業大廈,,,,,,1,true
May Towers,May Towers,officeTower,May Towers,,,,,,1,true
Aria Tower 5,Aria Tower 5,officeTower,Aria Tower 5,,,,,,1,true
Capri Tower 5,Capri Tower 5,officeTower,Capri Tower 5,,,,,,1,true
Monterey Tower 5,Monterey Tower 5,officeTower,Monterey Tower 5,,,,,,1,true
NAPA Tower 5,NAPA Tower 5,officeTower,NAPA Tower 5,,,,,,1,true
NAPA Tower 5A,NAPA Tower 5A,officeTower,NAPA Tower 5A,,,,,,1,true
Capri Tower 10,Capri Tower 10,officeTower,Capri Tower 10,,,,,,1,true
Capri Tower 10A,Capri Tower 10A,officeTower,Capri Tower 10A,,,,,,1,true
LP10 Tower 1A,LP10 Tower 1A,officeTower,LP10 Tower 1A,,,,,,1,true
LP10 Tower 1B,LP10 Tower 1B,officeTower,LP10 Tower 1B,,,,,,1,true
LP10 Tower 2A,LP10 Tower 2A,officeTower,LP10 Tower 2A,,,,,,1,true
LP10 Tower 2B,LP10 Tower 2B,officeTower,LP10 Tower 2B,,,,,,1,true
愉富大廈,愉富大廈,officeTower,愉富大廈,,,,,,1,true
Constellation Cove Tower 10,Constellation Cove Tower 10,officeTower,Constellation Cove Tower 10,,,,,,1,true
Mount Pavilia Tower 10,Mount Pavilia Tower 10,officeTower,Mount Pavilia Tower 10,,,,,,1,true
The Visionary Tower 10,The Visionary Tower 10,officeTower,The Visionary Tower 10,,,,,,1,true
愉富大廈B座,愉富大廈B座,officeTower,愉富大廈B座,,,,,,1,true
泛海大廈,泛海大廈,officeTower,泛海大廈,,,,,,1,true
禮賢會沙田長者鄰舍中心,禮賢會沙田長者鄰舍中心,officeTower,禮賢會沙田長者鄰舍中心,,,,,,1,true
基督教懷智服務處水泉澳中心及宿舍,基督教懷智服務處水泉澳中心及宿舍,officeTower,基督教懷智服務處水泉澳中心及宿舍,,,,,,1,true
基督教香港崇真會社會服務部沙田綜合服務中心(分處),基督教香港崇真會社會服務部沙田綜合服務中心(分處),officeTower,基督教香港崇真會社會服務部沙田綜合服務中心(分處),,,,,,1,true
海景大廈,海景大廈,officeTower,海景大廈,,,,,,1,true
海景大廈B座,海景大廈B座,officeTower,海景大廈B座,,,,,,1,true
凱旋工商中心三期,凱旋工商中心三期,officeTower,凱旋工商中心三期,,,,,,1,true
羅氏美光發展大廈,羅氏美光發展大廈,officeTower,羅氏美光發展大廈,,,,,,1,true
希爾頓中心D座,希爾頓中心D座,officeTower,希爾頓中心D座,,,,,,1,true
第一城中心 (前稱),第一城中心 (前稱),officeTower,第一城中心 (前稱),,,,,,1,true
勤達中心,勤達中心,officeTower,勤達中心,,,,,,1,true
好運中心,好運中心,officeTower,好運中心,,,,,,1,true
實運汽車大廈,實運汽車大廈,officeTower,實運汽車大廈,,,,,,1,true
金朝陽中心二期,金朝陽中心二期,officeTower,金朝陽中心二期,,,,,,1,true
泉源醫護中心,泉源醫護中心,officeTower,泉源醫護中心,,,,,,1,true
啟心醫務中心,啟心醫務中心,officeTower,啟心醫務中心,,,,,,1,true
周醫生醫務中心,周醫生醫務中心,officeTower,周醫生醫務中心,,,,,,1,true
將軍澳醫務中心,將軍澳醫務中心,officeTower,將軍澳醫務中心,,,,,,1,true
荃灣地區康健中心 - 主中心,荃灣地區康健中心 - 主中心,officeTower,荃灣地區康健中心 - 主中心,,,,,,1,true
普基商業中心,普基商業中心,officeTower,普基商業中心,,,,,,1,true
德士活中心,德士活中心,officeTower,德士活中心,,,,,,1,true
愛賓商業大廈,愛賓商業大廈,officeTower,愛賓商業大廈,,,,,,1,true
希爾頓中心,希爾頓中心,officeTower,希爾頓中心,,,,,,1,true
滙財中心,滙財中心,officeTower,滙財中心,,,,,,1,true
德裕中心,德裕中心,officeTower,德裕中心,,,,,,1,true
沙田好運中心,沙田好運中心,officeTower,沙田好運中心,,,,,,1,true
康樂園護老中心有限公司,康樂園護老中心有限公司,officeTower,康樂園護老中心有限公司,,,,,,1,true
康樂園護老中心 有限公司,康樂園護老中心 有限公司,officeTower,康樂園護老中心 有限公司,,,,,,1,true
秀明中心,秀明中心,officeTower,秀明中心,,,,,,1,true
陳士修紀念社會服務中心,陳士修紀念社會服務中心,officeTower,陳士修紀念社會服務中心,,,,,,1,true
泰力摩托車中心有限公司,泰力摩托車中心有限公司,officeTower,泰力摩托車中心有限公司,,,,,,1,true
救世軍 天希中心,救世軍 天希中心,officeTower,救世軍 天希中心,,,,,,1,true
九龍半島醫學中心,九龍半島醫學中心,officeTower,九龍半島醫學中心,,,,,,1,true
觀塘民聯會學前兒童課餘託管中心(翠屏),觀塘民聯會學前兒童課餘託管中心(翠屏),officeTower,觀塘民聯會學前兒童課餘託管中心(翠屏),,,,,,1,true
元朗地區康健中心,元朗地區康健中心,officeTower,元朗地區康健中心,,,,,,1,true
荃灣地區康健中心 - 附屬中心 - 荃灣西,荃灣地區康健中心 - 附屬中心 - 荃灣西,officeTower,荃灣地區康健中心 - 附屬中心 - 荃灣西,,,,,,1,true
元朗地區康健中心 - 主中心,元朗地區康健中心 - 主中心,officeTower,元朗地區康健中心 - 主中心,,,,,,1,true
TASTE X FRESH-黃大仙中心北館,TASTE X FRESH-黃大仙中心北館,officeTower,TASTE X FRESH-黃大仙中心北館,,,,,,1,true
SANDHU GUEST HOUSE,SANDHU GUEST HOUSE,officeTower,SANDHU GUEST HOUSE,,,,,,1,true
Air House,Air House,officeTower,Air House,,,,,,1,true
白普理大樓,白普理大樓,officeTower,白普理大樓,,,,,,1,true
Clovelly House,Clovelly House,officeTower,Clovelly House,,,,,,1,true
Gauge House,Gauge House,officeTower,Gauge House,,,,,,1,true
House 1,House 1,officeTower,House 1,,,,,,1,true
House 10,House 10,officeTower,House 10,,,,,,1,true
House 11,House 11,officeTower,House 11,,,,,,1,true
House 12,House 12,officeTower,House 12,,,,,,1,true
House 15,House 15,officeTower,House 15,,,,,,1,true
House 16,House 16,officeTower,House 16,,,,,,1,true
House 17,House 17,officeTower,House 17,,,,,,1,true
House 2,House 2,officeTower,House 2,,,,,,1,true
House 3,House 3,officeTower,House 3,,,,,,1,true
House 5,House 5,officeTower,House 5,,,,,,1,true
House 6,House 6,officeTower,House 6,,,,,,1,true
House 7,House 7,officeTower,House 7,,,,,,1,true
House 8,House 8,officeTower,House 8,,,,,,1,true
House 9,House 9,officeTower,House 9,,,,,,1,true
House A,House A,officeTower,House A,,,,,,1,true
House B,House B,officeTower,House B,,,,,,1,true
House C,House C,officeTower,House C,,,,,,1,true
House D,House D,officeTower,House D,,,,,,1,true
英皇大樓,英皇大樓,officeTower,英皇大樓,,,,,,1,true
Lake House,Lake House,officeTower,Lake House,,,,,,1,true
伊利莎伯大廈,伊利莎伯大廈,officeTower,伊利莎伯大廈,,,,,,1,true
伊利莎伯大廈A座,伊利莎伯大廈A座,officeTower,伊利莎伯大廈A座,,,,,,1,true
伊利莎伯大廈B座,伊利莎伯大廈B座,officeTower,伊利莎伯大廈B座,,,,,,1,true
伊利莎伯大廈C座,伊利莎伯大廈C座,officeTower,伊利莎伯大廈C座,,,,,,1,true
Sky One House A,Sky One House A,officeTower,Sky One House A,,,,,,1,true
Sky One House B,Sky One House B,officeTower,Sky One House B,,,,,,1,true
Sky One House C,Sky One House C,officeTower,Sky One House C,,,,,,1,true
Sky One House D,Sky One House D,officeTower,Sky One House D,,,,,,1,true
Mayfair By The Sea I House 10,Mayfair By The Sea I House 10,officeTower,Mayfair By The Sea I House 10,,,,,,1,true
Mayfair By The Sea I House 11,Mayfair By The Sea I House 11,officeTower,Mayfair By The Sea I House 11,,,,,,1,true
Mayfair By The Sea I House 12,Mayfair By The Sea I House 12,officeTower,Mayfair By The Sea I House 12,,,,,,1,true
Mayfair By The Sea I House 15,Mayfair By The Sea I House 15,officeTower,Mayfair By The Sea I House 15,,,,,,1,true
Mayfair By The Sea I House 7,Mayfair By The Sea I House 7,officeTower,Mayfair By The Sea I House 7,,,,,,1,true
Mayfair By The Sea I House 8,Mayfair By The Sea I House 8,officeTower,Mayfair By The Sea I House 8,,,,,,1,true
Mayfair By The Sea I House 9,Mayfair By The Sea I House 9,officeTower,Mayfair By The Sea I House 9,,,,,,1,true
元洲仔自然環境保護研究中心,元洲仔自然環境保護研究中心,officeTower,元洲仔自然環境保護研究中心,,,,,,1,true
Comfort House,Comfort House,officeTower,Comfort House,,,,,,1,true
金屋大廈,金屋大廈,officeTower,金屋大廈,,,,,,1,true
怡和大廈,怡和大廈,officeTower,怡和大廈,,,,,,1,true
Abergeldie House 1,Abergeldie House 1,officeTower,Abergeldie House 1,,,,,,1,true
賽馬會滙豐世界自然（香港）基金會海下灣海洋生物中心,賽馬會滙豐世界自然（香港）基金會海下灣海洋生物中心,officeTower,賽馬會滙豐世界自然（香港）基金會海下灣海洋生物中心,,,,,,1,true
C.W. P/P House,C.W. P/P House,officeTower,C.W. P/P House,,,,,,1,true
巴威大廈,巴威大廈,officeTower,巴威大廈,,,,,,1,true
Junction House,Junction House,officeTower,Junction House,,,,,,1,true
聯合大廈,聯合大廈,officeTower,聯合大廈,,,,,,1,true
Tyburn House,Tyburn House,officeTower,Tyburn House,,,,,,1,true
VC House,VC House,officeTower,VC House,,,,,,1,true
Abergeldie House 5,Abergeldie House 5,officeTower,Abergeldie House 5,,,,,,1,true
Capri House 5,Capri House 5,officeTower,Capri House 5,,,,,,1,true
利發大樓,利發大樓,officeTower,利發大樓,,,,,,1,true
Savannah House 5,Savannah House 5,officeTower,Savannah House 5,,,,,,1,true
Ultima House 5,Ultima House 5,officeTower,Ultima House 5,,,,,,1,true
新顯利大廈,新顯利大廈,officeTower,新顯利大廈,,,,,,1,true
House 10 Severn Hill,House 10 Severn Hill,officeTower,House 10 Severn Hill,,,,,,1,true
國際電信大廈,國際電信大廈,officeTower,國際電信大廈,,,,,,1,true
Hillsdene House,Hillsdene House,officeTower,Hillsdene House,,,,,,1,true
Capri House 10,Capri House 10,officeTower,Capri House 10,,,,,,1,true
Uptown House 10,Uptown House 10,officeTower,Uptown House 10,,,,,,1,true
亞畢諾大廈,亞畢諾大廈,officeTower,亞畢諾大廈,,,,,,1,true
Botanica Bay House 10,Botanica Bay House 10,officeTower,Botanica Bay House 10,,,,,,1,true
新社聯綜合服務大樓,新社聯綜合服務大樓,officeTower,新社聯綜合服務大樓,,,,,,1,true
污水處理中心,污水處理中心,officeTower,污水處理中心,,,,,,1,true
大昌貿易行汽車服務中心有限公司,大昌貿易行汽車服務中心有限公司,officeTower,大昌貿易行汽車服務中心有限公司,,,,,,1,true
大有大廈,大有大廈,officeTower,大有大廈,,,,,,1,true
大角咀大廈,大角咀大廈,officeTower,大角咀大廈,,,,,,1,true
大成大廈,大成大廈,officeTower,大成大廈,,,,,,1,true
大運大廈,大運大廈,officeTower,大運大廈,,,,,,1,true
大東大廈,大東大廈,officeTower,大東大廈,,,,,,1,true
大皇大廈,大皇大廈,officeTower,大皇大廈,,,,,,1,true
華富長者中心,華富長者中心,officeTower,華富長者中心,,,,,,1,true
華貴長者日間護理中心 (分址),華貴長者日間護理中心 (分址),officeTower,華貴長者日間護理中心 (分址),,,,,,1,true
新翠熟食中心,新翠熟食中心,officeTower,新翠熟食中心,,,,,,1,true
香港基督教協基會沙田家長資源中心,香港基督教協基會沙田家長資源中心,officeTower,香港基督教協基會沙田家長資源中心,,,,,,1,true
協康會環翠中心 (特殊幼兒中心),協康會環翠中心 (特殊幼兒中心),officeTower,協康會環翠中心 (特殊幼兒中心),,,,,,1,true
工場大廈,工場大廈,officeTower,工場大廈,,,,,,1,true
捷康骨科中心 沛康物理治療中心,捷康骨科中心 沛康物理治療中心,officeTower,捷康骨科中心 沛康物理治療中心,,,,,,1,true
匡喬專科及內視鏡中心,匡喬專科及內視鏡中心,officeTower,匡喬專科及內視鏡中心,,,,,,1,true
明鏡手術及內窺鏡中心,明鏡手術及內窺鏡中心,officeTower,明鏡手術及內窺鏡中心,,,,,,1,true
香港綜合腫瘤中心(尖沙咀),香港綜合腫瘤中心(尖沙咀),officeTower,香港綜合腫瘤中心(尖沙咀),,,,,,1,true
確研皮膚專科中心,確研皮膚專科中心,officeTower,確研皮膚專科中心,,,,,,1,true
東華三院朗情綜合家庭服務中心,東華三院朗情綜合家庭服務中心,officeTower,東華三院朗情綜合家庭服務中心,,,,,,1,true
安匯醫務中心有限公司,安匯醫務中心有限公司,officeTower,安匯醫務中心有限公司,,,,,,1,true
616疫苗體檢中心有限公司,616疫苗體檢中心有限公司,officeTower,616疫苗體檢中心有限公司,,,,,,1,true
屯門(東)服務中心,屯門(東)服務中心,officeTower,屯門(東)服務中心,,,,,,1,true
黃大仙地區康健中心 - 附屬中心 - 黃大仙西南,黃大仙地區康健中心 - 附屬中心 - 黃大仙西南,officeTower,黃大仙地區康健中心 - 附屬中心 - 黃大仙西南,,,,,,1,true
觀塘高清腸胃內視鏡中心,觀塘高清腸胃內視鏡中心,officeTower,觀塘高清腸胃內視鏡中心,,,,,,1,true
OTOPAC 輪胎電池服務中心,OTOPAC 輪胎電池服務中心,officeTower,OTOPAC 輪胎電池服務中心,,,,,,1,true
中源中心A座,中源中心A座,officeTower,中源中心A座,,,,,,1,true
中源中心B座,中源中心B座,officeTower,中源中心B座,,,,,,1,true
中信國際中心,中信國際中心,officeTower,中信國際中心,,,,,,1,true
中源中心,中源中心,officeTower,中源中心,,,,,,1,true
中財中心,中財中心,officeTower,中財中心,,,,,,1,true
中國人壽中心A座,中國人壽中心A座,officeTower,中國人壽中心A座,,,,,,1,true
中國人壽中心B座,中國人壽中心B座,officeTower,中國人壽中心B座,,,,,,1,true
中華電力－青衣中心,中華電力－青衣中心,officeTower,中華電力－青衣中心,,,,,,1,true
中華電力-青衣中心,中華電力-青衣中心,officeTower,中華電力-青衣中心,,,,,,1,true
VanGo-灣景中心,VanGo-灣景中心,officeTower,VanGo-灣景中心,,,,,,1,true
都大中心A座,都大中心A座,officeTower,都大中心A座,,,,,,1,true
光大中心,光大中心,officeTower,光大中心,,,,,,1,true
都大中心A座 (前稱),都大中心A座 (前稱),officeTower,都大中心A座 (前稱),,,,,,1,true
中國恆大中心 (前稱),中國恆大中心 (前稱),officeTower,中國恆大中心 (前稱),,,,,,1,true
創新中心,創新中心,officeTower,創新中心,,,,,,1,true
建新中心,建新中心,officeTower,建新中心,,,,,,1,true
南商金融創新中心,南商金融創新中心,officeTower,南商金融創新中心,,,,,,1,true
離島婦聯有限公司華永會青年社會創新中心,離島婦聯有限公司華永會青年社會創新中心,officeTower,離島婦聯有限公司華永會青年社會創新中心,,,,,,1,true
創新中心 (別稱),創新中心 (別稱),officeTower,創新中心 (別稱),,,,,,1,true
思卓言語及吞嚥治療中心,思卓言語及吞嚥治療中心,officeTower,思卓言語及吞嚥治療中心,,,,,,1,true
Wi-Fi.HK 熱點位置: 創新中心,Wi-Fi.HK 熱點位置: 創新中心,officeTower,Wi-Fi.HK 熱點位置: 創新中心,,,,,,1,true
港島東中心,港島東中心,officeTower,港島東中心,,,,,,1,true
遠東中心 (別稱),遠東中心 (別稱),officeTower,遠東中心 (別稱),,,,,,1,true
恆安肌骼運動創傷及家庭醫學中心,恆安肌骼運動創傷及家庭醫學中心,officeTower,恆安肌骼運動創傷及家庭醫學中心,,,,,,1,true
香港中旅證件服務九龍東中心,香港中旅證件服務九龍東中心,officeTower,香港中旅證件服務九龍東中心,,,,,,1,true
香港中旅證件服務新界東中心,香港中旅證件服務新界東中心,officeTower,香港中旅證件服務新界東中心,,,,,,1,true
恆安家庭醫學中心有限公司,恆安家庭醫學中心有限公司,officeTower,恆安家庭醫學中心有限公司,,,,,,1,true
香港中旅證件服務九龍西中心,香港中旅證件服務九龍西中心,officeTower,香港中旅證件服務九龍西中心,,,,,,1,true
香港中旅證件服務新界西中心,香港中旅證件服務新界西中心,officeTower,香港中旅證件服務新界西中心,,,,,,1,true
北海中心,北海中心,officeTower,北海中心,,,,,,1,true
上海中心,上海中心,officeTower,上海中心,,,,,,1,true
維港灣奧海中心 (前稱),維港灣奧海中心 (前稱),officeTower,維港灣奧海中心 (前稱),,,,,,1,true
馬鞍山中心第1座,馬鞍山中心第1座,officeTower,馬鞍山中心第1座,,,,,,1,true
馬鞍山中心第2座,馬鞍山中心第2座,officeTower,馬鞍山中心第2座,,,,,,1,true
馬鞍山中心第3座,馬鞍山中心第3座,officeTower,馬鞍山中心第3座,,,,,,1,true
馬鞍山中心第4座,馬鞍山中心第4座,officeTower,馬鞍山中心第4座,,,,,,1,true
富山中心,富山中心,officeTower,富山中心,,,,,,1,true
恒山中心,恒山中心,officeTower,恒山中心,,,,,,1,true
馬鞍山中心,馬鞍山中心,officeTower,馬鞍山中心,,,,,,1,true
慈雲山中心,慈雲山中心,officeTower,慈雲山中心,,,,,,1,true
馬鞍山中心 (南豐物業管理),馬鞍山中心 (南豐物業管理),officeTower,馬鞍山中心 (南豐物業管理),,,,,,1,true
基督教懷智服務處南山中心,基督教懷智服務處南山中心,officeTower,基督教懷智服務處南山中心,,,,,,1,true
慈雲山中心A停車場,慈雲山中心A停車場,officeTower,慈雲山中心A停車場,,,,,,1,true
慈雲山中心B停車場,慈雲山中心B停車場,officeTower,慈雲山中心B停車場,,,,,,1,true
慈雲山中心C停車場,慈雲山中心C停車場,officeTower,慈雲山中心C停車場,,,,,,1,true
慈雲山中心D停車場,慈雲山中心D停車場,officeTower,慈雲山中心D停車場,,,,,,1,true
PARKNSHOP 慈雲山中心,PARKNSHOP 慈雲山中心,officeTower,PARKNSHOP 慈雲山中心,,,,,,1,true
香港復康會 社區復康網絡 康山中心,香港復康會 社區復康網絡 康山中心,officeTower,香港復康會 社區復康網絡 康山中心,,,,,,1,true
Wi-Fi.HK 熱點位置: 麥當勞 - 慈雲山中心,Wi-Fi.HK 熱點位置: 麥當勞 - 慈雲山中心,officeTower,Wi-Fi.HK 熱點位置: 麥當勞 - 慈雲山中心,,,,,,1,true
Wi-Fi.HK 熱點位置: 南山中心​​​,Wi-Fi.HK 熱點位置: 南山中心​​​,officeTower,Wi-Fi.HK 熱點位置: 南山中心​​​,,,,,,1,true
利嘉中心,利嘉中心,officeTower,利嘉中心,,,,,,1,true
樂嘉中心,樂嘉中心,officeTower,樂嘉中心,,,,,,1,true
樂嘉中心第一座,樂嘉中心第一座,officeTower,樂嘉中心第一座,,,,,,1,true
樂嘉中心第二座,樂嘉中心第二座,officeTower,樂嘉中心第二座,,,,,,1,true
Wi-Fi.HK 熱點位置: McCafe - 樂嘉中心,Wi-Fi.HK 熱點位置: McCafe - 樂嘉中心,officeTower,Wi-Fi.HK 熱點位置: McCafe - 樂嘉中心,,,,,,1,true
Wi-Fi.HK 熱點位置: 麥當勞 - 樂嘉中心,Wi-Fi.HK 熱點位置: 麥當勞 - 樂嘉中心,officeTower,Wi-Fi.HK 熱點位置: 麥當勞 - 樂嘉中心,,,,,,1,true
浸信會愛羣社會服務處港島東家庭成長及發展服務中心,浸信會愛羣社會服務處港島東家庭成長及發展服務中心,officeTower,浸信會愛羣社會服務處港島東家庭成長及發展服務中心,,,,,,1,true
Wi-Fi.HK 熱點位置: 中銀香港 - 北角中銀理財中心,Wi-Fi.HK 熱點位置: 中銀香港 - 北角中銀理財中心,officeTower,Wi-Fi.HK 熱點位置: 中銀香港 - 北角中銀理財中心,,,,,,1,true
偉華中心第1座,偉華中心第1座,officeTower,偉華中心第1座,,,,,,1,true
偉華中心第2座,偉華中心第2座,officeTower,偉華中心第2座,,,,,,1,true
偉華中心第3座,偉華中心第3座,officeTower,偉華中心第3座,,,,,,1,true
偉華中心第4座,偉華中心第4座,officeTower,偉華中心第4座,,,,,,1,true
新文華中心A座,新文華中心A座,officeTower,新文華中心A座,,,,,,1,true
新文華中心B座,新文華中心B座,officeTower,新文華中心B座,,,,,,1,true
京華中心,京華中心,officeTower,京華中心,,,,,,1,true
民華中心,民華中心,officeTower,民華中心,,,,,,1,true
冠華中心,冠華中心,officeTower,冠華中心,,,,,,1,true
富華中心,富華中心,officeTower,富華中心,,,,,,1,true
瓊華中心,瓊華中心,officeTower,瓊華中心,,,,,,1,true
光華中心,光華中心,officeTower,光華中心,,,,,,1,true
偉華中心,偉華中心,officeTower,偉華中心,,,,,,1,true
興華中心,興華中心,officeTower,興華中心,,,,,,1,true
新文華中心,新文華中心,officeTower,新文華中心,,,,,,1,true
新利華中心,新利華中心,officeTower,新利華中心,,,,,,1,true
京華中心二座,京華中心二座,officeTower,京華中心二座,,,,,,1,true
協康會慶華中心,協康會慶華中心,officeTower,協康會慶華中心,,,,,,1,true
幹華別墅～幹華中心,幹華別墅～幹華中心,officeTower,幹華別墅～幹華中心,,,,,,1,true
香港認知障礙症協會李淇華中心,香港認知障礙症協會李淇華中心,officeTower,香港認知障礙症協會李淇華中心,,,,,,1,true
FUSION 偉華中心,FUSION 偉華中心,officeTower,FUSION 偉華中心,,,,,,1,true
Market Place 京華中心,Market Place 京華中心,officeTower,Market Place 京華中心,,,,,,1,true
利華中心 (前稱),利華中心 (前稱),officeTower,利華中心 (前稱),,,,,,1,true
興華中心 (前稱),興華中心 (前稱),officeTower,興華中心 (前稱),,,,,,1,true
OK便利店-偉華中心,OK便利店-偉華中心,officeTower,OK便利店-偉華中心,,,,,,1,true
OK便利店-興華中心,OK便利店-興華中心,officeTower,OK便利店-興華中心,,,,,,1,true
OK便利店-新文華中心,OK便利店-新文華中心,officeTower,OK便利店-新文華中心,,,,,,1,true
京華中心第二座 (別稱),京華中心第二座 (別稱),officeTower,京華中心第二座 (別稱),,,,,,1,true
香港眼科及激光微創手術中心,香港眼科及激光微創手術中心,officeTower,香港眼科及激光微創手術中心,,,,,,1,true
Wi-Fi.HK 熱點位置: McCafe - 新文華中心,Wi-Fi.HK 熱點位置: McCafe - 新文華中心,officeTower,Wi-Fi.HK 熱點位置: McCafe - 新文華中心,,,,,,1,true
Wi-Fi.HK 熱點位置: 麥當勞 - 新文華中心,Wi-Fi.HK 熱點位置: 麥當勞 - 新文華中心,officeTower,Wi-Fi.HK 熱點位置: 麥當勞 - 新文華中心,,,,,,1,true
東麗中心,東麗中心,officeTower,東麗中心,,,,,,1,true
協康會上海總會油麗中心,協康會上海總會油麗中心,officeTower,協康會上海總會油麗中心,,,,,,1,true
力寶中心第一座,力寶中心第一座,officeTower,力寶中心第一座,,,,,,1,true
力寶中心第二座,力寶中心第二座,officeTower,力寶中心第二座,,,,,,1,true
昌寶中心,昌寶中心,officeTower,昌寶中心,,,,,,1,true
華寶中心,華寶中心,officeTower,華寶中心,,,,,,1,true
新寶中心,新寶中心,officeTower,新寶中心,,,,,,1,true
六福珠寶中心,六福珠寶中心,officeTower,六福珠寶中心,,,,,,1,true
英皇鐘錶珠寶中心,英皇鐘錶珠寶中心,officeTower,英皇鐘錶珠寶中心,,,,,,1,true
英皇鐘錶珠寶中心 (前稱),英皇鐘錶珠寶中心 (前稱),officeTower,英皇鐘錶珠寶中心 (前稱),,,,,,1,true
百富勤大廈 (前稱),百富勤大廈 (前稱),officeTower,百富勤大廈 (前稱),,,,,,1,true
經富中心,經富中心,officeTower,經富中心,,,,,,1,true
集富中心,集富中心,officeTower,集富中心,,,,,,1,true
創富中心,創富中心,officeTower,創富中心,,,,,,1,true
和富中心,和富中心,officeTower,和富中心,,,,,,1,true
興富中心,興富中心,officeTower,興富中心,,,,,,1,true
置富中心,置富中心,officeTower,置富中心,,,,,,1,true
百富中心,百富中心,officeTower,百富中心,,,,,,1,true
和富中心第1座,和富中心第1座,officeTower,和富中心第1座,,,,,,1,true
和富中心第10座,和富中心第10座,officeTower,和富中心第10座,,,,,,1,true
和富中心第11座,和富中心第11座,officeTower,和富中心第11座,,,,,,1,true
和富中心第12座,和富中心第12座,officeTower,和富中心第12座,,,,,,1,true
和富中心第12A座,和富中心第12A座,officeTower,和富中心第12A座,,,,,,1,true
和富中心第14座,和富中心第14座,officeTower,和富中心第14座,,,,,,1,true
和富中心第15座,和富中心第15座,officeTower,和富中心第15座,,,,,,1,true
和富中心第16座,和富中心第16座,officeTower,和富中心第16座,,,,,,1,true
和富中心第17座,和富中心第17座,officeTower,和富中心第17座,,,,,,1,true
和富中心第2座,和富中心第2座,officeTower,和富中心第2座,,,,,,1,true
和富中心第3座,和富中心第3座,officeTower,和富中心第3座,,,,,,1,true
和富中心第4座,和富中心第4座,officeTower,和富中心第4座,,,,,,1,true
和富中心第五座,和富中心第五座,officeTower,和富中心第五座,,,,,,1,true
和富中心第6座,和富中心第6座,officeTower,和富中心第6座,,,,,,1,true
和富中心第7座,和富中心第7座,officeTower,和富中心第7座,,,,,,1,true
和富中心第8座,和富中心第8座,officeTower,和富中心第8座,,,,,,1,true
和富中心第9座,和富中心第9座,officeTower,和富中心第9座,,,,,,1,true
創富中心停車場,創富中心停車場,officeTower,創富中心停車場,,,,,,1,true
FUSION 和富中心,FUSION 和富中心,officeTower,FUSION 和富中心,,,,,,1,true
華富中心 (前稱),華富中心 (前稱),officeTower,華富中心 (前稱),,,,,,1,true
協康會海富中心,協康會海富中心,officeTower,協康會海富中心,,,,,,1,true
東區長者地區中心,東區長者地區中心,officeTower,東區長者地區中心,,,,,,1,true
香港耆康老人福利會東區長者地區中心,香港耆康老人福利會東區長者地區中心,officeTower,香港耆康老人福利會東區長者地區中心,,,,,,1,true
嘉美中心,嘉美中心,officeTower,嘉美中心,,,,,,1,true
嘉美中心A座,嘉美中心A座,officeTower,嘉美中心A座,,,,,,1,true
東美中心,東美中心,officeTower,東美中心,,,,,,1,true
聯美中心,聯美中心,officeTower,聯美中心,,,,,,1,true
利美中心,利美中心,officeTower,利美中心,,,,,,1,true
中美中心,中美中心,officeTower,中美中心,,,,,,1,true
菲力偉國際健美中心,菲力偉國際健美中心,officeTower,菲力偉國際健美中心,,,,,,1,true
金永強整形及醫美中心,金永強整形及醫美中心,officeTower,金永強整形及醫美中心,,,,,,1,true
港美中心 (前稱),港美中心 (前稱),officeTower,港美中心 (前稱),,,,,,1,true
翡翠中心,翡翠中心,officeTower,翡翠中心,,,,,,1,true
協康會環翠中心,協康會環翠中心,officeTower,協康會環翠中心,,,,,,1,true
協康會環翠中心 (早期教育及訓練中心),協康會環翠中心 (早期教育及訓練中心),officeTower,協康會環翠中心 (早期教育及訓練中心),,,,,,1,true
銀景中心第1-4座,銀景中心第1-4座,officeTower,銀景中心第1-4座,,,,,,1,true
銀景中心第13-16座,銀景中心第13-16座,officeTower,銀景中心第13-16座,,,,,,1,true
銀景中心第17-20座,銀景中心第17-20座,officeTower,銀景中心第17-20座,,,,,,1,true
銀景中心第5-8座,銀景中心第5-8座,officeTower,銀景中心第5-8座,,,,,,1,true
銀景中心第9-12座,銀景中心第9-12座,officeTower,銀景中心第9-12座,,,,,,1,true
灣景中心大廈A座,灣景中心大廈A座,officeTower,灣景中心大廈A座,,,,,,1,true
灣景中心大廈B座,灣景中心大廈B座,officeTower,灣景中心大廈B座,,,,,,1,true
灣景中心大廈C座,灣景中心大廈C座,officeTower,灣景中心大廈C座,,,,,,1,true
裕景中心,裕景中心,officeTower,裕景中心,,,,,,1,true
栢景中心,栢景中心,officeTower,栢景中心,,,,,,1,true
銀景中心,銀景中心,officeTower,銀景中心,,,,,,1,true
灣景中心大廈,灣景中心大廈,officeTower,灣景中心大廈,,,,,,1,true
北角好景中心,北角好景中心,officeTower,北角好景中心,,,,,,1,true
旺角海景中心,旺角海景中心,officeTower,旺角海景中心,,,,,,1,true
匡智會匡智山景中心,匡智會匡智山景中心,officeTower,匡智會匡智山景中心,,,,,,1,true
基督教懷智服務處白普理田景中心及宿舍,基督教懷智服務處白普理田景中心及宿舍,officeTower,基督教懷智服務處白普理田景中心及宿舍,,,,,,1,true
基督教懷智服務處白普理田景中心暨宿舍,基督教懷智服務處白普理田景中心暨宿舍,officeTower,基督教懷智服務處白普理田景中心暨宿舍,,,,,,1,true
海景中心 (前稱),海景中心 (前稱),officeTower,海景中心 (前稱),,,,,,1,true
北角好景中心 (前稱),北角好景中心 (前稱),officeTower,北角好景中心 (前稱),,,,,,1,true
協康會良景中心,協康會良景中心,officeTower,協康會良景中心,,,,,,1,true
銀景護老中心,銀景護老中心,officeTower,銀景護老中心,,,,,,1,true
銀景渡假中心,銀景渡假中心,officeTower,銀景渡假中心,,,,,,1,true
Wi-Fi.HK 熱點位置: 白普理田景中心及宿舍​​,Wi-Fi.HK 熱點位置: 白普理田景中心及宿舍​​,officeTower,Wi-Fi.HK 熱點位置: 白普理田景中心及宿舍​​,,,,,,1,true
回收機構及收集點： 信興電器服務中心,回收機構及收集點： 信興電器服務中心,officeTower,回收機構及收集點： 信興電器服務中心,,,,,,1,true
漢中大廈,漢中大廈,officeTower,漢中大廈,,,,,,1,true
耀中大廈,耀中大廈,officeTower,耀中大廈,,,,,,1,true
興中大廈 (前稱),興中大廈 (前稱),officeTower,興中大廈 (前稱),,,,,,1,true
中大印刷集團大廈 (前稱),中大印刷集團大廈 (前稱),officeTower,中大印刷集團大廈 (前稱),,,,,,1,true
麗都大廈,麗都大廈,officeTower,麗都大廈,,,,,,1,true
林肯大廈,林肯大廈,officeTower,林肯大廈,,,,,,1,true
翠華大廈,翠華大廈,officeTower,翠華大廈,,,,,,1,true
保祿大廈,保祿大廈,officeTower,保祿大廈,,,,,,1,true
怡新大廈,怡新大廈,officeTower,怡新大廈,,,,,,1,true
明新大廈,明新大廈,officeTower,明新大廈,,,,,,1,true
裕新大廈第一座,裕新大廈第一座,officeTower,裕新大廈第一座,,,,,,1,true
裕新大廈第二座,裕新大廈第二座,officeTower,裕新大廈第二座,,,,,,1,true
嘉新大廈,嘉新大廈,officeTower,嘉新大廈,,,,,,1,true
樂新大廈,樂新大廈,officeTower,樂新大廈,,,,,,1,true
時新大廈,時新大廈,officeTower,時新大廈,,,,,,1,true
申新大廈,申新大廈,officeTower,申新大廈,,,,,,1,true
大新大廈,大新大廈,officeTower,大新大廈,,,,,,1,true
宜新大廈,宜新大廈,officeTower,宜新大廈,,,,,,1,true
海新大廈,海新大廈,officeTower,海新大廈,,,,,,1,true
啓新大廈,啓新大廈,officeTower,啓新大廈,,,,,,1,true
建新大廈,建新大廈,officeTower,建新大廈,,,,,,1,true
萬新大廈,萬新大廈,officeTower,萬新大廈,,,,,,1,true
美新大廈,美新大廈,officeTower,美新大廈,,,,,,1,true
南新大廈,南新大廈,officeTower,南新大廈,,,,,,1,true
百新大廈,百新大廈,officeTower,百新大廈,,,,,,1,true
寶新大廈,寶新大廈,officeTower,寶新大廈,,,,,,1,true
鼎新大廈,鼎新大廈,officeTower,鼎新大廈,,,,,,1,true
華新大廈,華新大廈,officeTower,華新大廈,,,,,,1,true
維新大廈,維新大廈,officeTower,維新大廈,,,,,,1,true
日新大廈,日新大廈,officeTower,日新大廈,,,,,,1,true
裕新大廈,裕新大廈,officeTower,裕新大廈,,,,,,1,true
元新大廈,元新大廈,officeTower,元新大廈,,,,,,1,true
OK便利店-元新大廈,OK便利店-元新大廈,officeTower,OK便利店-元新大廈,,,,,,1,true
好旺角購物中心,好旺角購物中心,officeTower,好旺角購物中心,,,,,,1,true
愛群理療暨長者日間護理中心,愛群理療暨長者日間護理中心,officeTower,愛群理療暨長者日間護理中心,,,,,,1,true
愛群理療暨長者日間護理中心(第一分院),愛群理療暨長者日間護理中心(第一分院),officeTower,愛群理療暨長者日間護理中心(第一分院),,,,,,1,true
愛群理療護理院有限公司 [安老院] / 愛群理療暨長者日間護理中心 [社區券認可服務單位],愛群理療護理院有限公司 [安老院] / 愛群理療暨長者日間護理中心 [社區券認可服務單位],officeTower,愛群理療護理院有限公司 [安老院] / 愛群理療暨長者日間護理中心 [社區券認可服務單位],,,,,,1,true
愛群理療護理院(第一分院) [安老院] / 愛群理療暨長者日間護理中心(第一分院) [社區券認可服務單位],愛群理療護理院(第一分院) [安老院] / 愛群理療暨長者日間護理中心(第一分院) [社區券認可服務單位],officeTower,愛群理療護理院(第一分院) [安老院] / 愛群理療暨長者日間護理中心(第一分院) [社區券認可服務單位],,,,,,1,true
寰宇希望．左滌江慈善信託基金牙科中心,寰宇希望．左滌江慈善信託基金牙科中心,officeTower,寰宇希望．左滌江慈善信託基金牙科中心,,,,,,1,true
騰福護老中心,騰福護老中心,officeTower,騰福護老中心,,,,,,1,true
遠東大廈,遠東大廈,officeTower,遠東大廈,,,,,,1,true
安東大廈,安東大廈,officeTower,安東大廈,,,,,,1,true
麗東大廈,麗東大廈,officeTower,麗東大廈,,,,,,1,true
利東大廈,利東大廈,officeTower,利東大廈,,,,,,1,true
美東大廈,美東大廈,officeTower,美東大廈,,,,,,1,true
萬東大廈 (別稱),萬東大廈 (別稱),officeTower,萬東大廈 (別稱),,,,,,1,true
西洋大廈,西洋大廈,officeTower,西洋大廈,,,,,,1,true
西都大廈,西都大廈,officeTower,西都大廈,,,,,,1,true
西灣大廈,西灣大廈,officeTower,西灣大廈,,,,,,1,true
西灣河大廈,西灣河大廈,officeTower,西灣河大廈,,,,,,1,true
賽西湖大廈,賽西湖大廈,officeTower,賽西湖大廈,,,,,,1,true
馬來西亞大廈,馬來西亞大廈,officeTower,馬來西亞大廈,,,,,,1,true
西伯利亞大廈,西伯利亞大廈,officeTower,西伯利亞大廈,,,,,,1,true
先施西環大廈,先施西環大廈,officeTower,先施西環大廈,,,,,,1,true
富貴大廈西座,富貴大廈西座,officeTower,富貴大廈西座,,,,,,1,true
西岸國際大廈,西岸國際大廈,officeTower,西岸國際大廈,,,,,,1,true
西貢大廈A座,西貢大廈A座,officeTower,西貢大廈A座,,,,,,1,true
西營盤渣打銀行大廈,西營盤渣打銀行大廈,officeTower,西營盤渣打銀行大廈,,,,,,1,true
恒隆銀行西區分行大廈,恒隆銀行西區分行大廈,officeTower,恒隆銀行西區分行大廈,,,,,,1,true
西洋大樓,西洋大樓,officeTower,西洋大樓,,,,,,1,true
四海大廈,四海大廈,officeTower,四海大廈,,,,,,1,true
金海大廈,金海大廈,officeTower,金海大廈,,,,,,1,true
東海大廈,東海大廈,officeTower,東海大廈,,,,,,1,true
香海大廈,香海大廈,officeTower,香海大廈,,,,,,1,true
上海大廈,上海大廈,officeTower,上海大廈,,,,,,1,true
環海大廈,環海大廈,officeTower,環海大廈,,,,,,1,true
山海大廈,山海大廈,officeTower,山海大廈,,,,,,1,true
華海大廈,華海大廈,officeTower,華海大廈,,,,,,1,true
銀海大廈,銀海大廈,officeTower,銀海大廈,,,,,,1,true
南海大廈,南海大廈,officeTower,南海大廈,,,,,,1,true
粵海大廈 (前稱),粵海大廈 (前稱),officeTower,粵海大廈 (前稱),,,,,,1,true
金海大廈 (別稱),金海大廈 (別稱),officeTower,金海大廈 (別稱),,,,,,1,true
南海大廈 (前稱),南海大廈 (前稱),officeTower,南海大廈 (前稱),,,,,,1,true
歷山大廈,歷山大廈,officeTower,歷山大廈,,,,,,1,true
雲山大廈,雲山大廈,officeTower,雲山大廈,,,,,,1,true
玉山大廈,玉山大廈,officeTower,玉山大廈,,,,,,1,true
南山大廈,南山大廈,officeTower,南山大廈,,,,,,1,true
松山大廈,松山大廈,officeTower,松山大廈,,,,,,1,true
粵山大廈 (前稱),粵山大廈 (前稱),officeTower,粵山大廈 (前稱),,,,,,1,true
金山大廈 (別稱),金山大廈 (別稱),officeTower,金山大廈 (別稱),,,,,,1,true
利嘉大廈A座,利嘉大廈A座,officeTower,利嘉大廈A座,,,,,,1,true
利嘉大廈B座,利嘉大廈B座,officeTower,利嘉大廈B座,,,,,,1,true
利嘉大廈C座,利嘉大廈C座,officeTower,利嘉大廈C座,,,,,,1,true
利嘉大廈D座,利嘉大廈D座,officeTower,利嘉大廈D座,,,,,,1,true
美嘉大廈,美嘉大廈,officeTower,美嘉大廈,,,,,,1,true
富嘉大廈,富嘉大廈,officeTower,富嘉大廈,,,,,,1,true
利嘉大廈,利嘉大廈,officeTower,利嘉大廈,,,,,,1,true
樂嘉大廈,樂嘉大廈,officeTower,樂嘉大廈,,,,,,1,true
精研微創外科中心,精研微創外科中心,officeTower,精研微創外科中心,,,,,,1,true
嘉華大廈,嘉華大廈,officeTower,嘉華大廈,,,,,,1,true
國華大廈,國華大廈,officeTower,國華大廈,,,,,,1,true
南華大廈,南華大廈,officeTower,南華大廈,,,,,,1,true
保華大廈,保華大廈,officeTower,保華大廈,,,,,,1,true
兆華大廈,兆華大廈,officeTower,兆華大廈,,,,,,1,true
永華大廈,永華大廈,officeTower,永華大廈,,,,,,1,true
月華大廈,月華大廈,officeTower,月華大廈,,,,,,1,true
金華大廈A座,金華大廈A座,officeTower,金華大廈A座,,,,,,1,true
金華大廈B座,金華大廈B座,officeTower,金華大廈B座,,,,,,1,true
豪華大廈A-B座,豪華大廈A-B座,officeTower,豪華大廈A-B座,,,,,,1,true
豪華大廈C-D座,豪華大廈C-D座,officeTower,豪華大廈C-D座,,,,,,1,true
康華大廈第1座,康華大廈第1座,officeTower,康華大廈第1座,,,,,,1,true
康華大廈第2座,康華大廈第2座,officeTower,康華大廈第2座,,,,,,1,true
明華大廈2座,明華大廈2座,officeTower,明華大廈2座,,,,,,1,true
慶華大廈,慶華大廈,officeTower,慶華大廈,,,,,,1,true
迅華大廈,迅華大廈,officeTower,迅華大廈,,,,,,1,true
錦華大廈,錦華大廈,officeTower,錦華大廈,,,,,,1,true
順華大廈,順華大廈,officeTower,順華大廈,,,,,,1,true
愉華大廈,愉華大廈,officeTower,愉華大廈,,,,,,1,true
康華大廈,康華大廈,officeTower,康華大廈,,,,,,1,true
富華大廈,富華大廈,officeTower,富華大廈,,,,,,1,true
金華大廈,金華大廈,officeTower,金華大廈,,,,,,1,true
海華大廈,海華大廈,officeTower,海華大廈,,,,,,1,true
豪華大廈,豪華大廈,officeTower,豪華大廈,,,,,,1,true
靄華大廈,靄華大廈,officeTower,靄華大廈,,,,,,1,true
崇華大廈,崇華大廈,officeTower,崇華大廈,,,,,,1,true
長華大廈,長華大廈,officeTower,長華大廈,,,,,,1,true
京華大廈,京華大廈,officeTower,京華大廈,,,,,,1,true
麗華大廈,麗華大廈,officeTower,麗華大廈,,,,,,1,true
文華大廈,文華大廈,officeTower,文華大廈,,,,,,1,true
美華大廈,美華大廈,officeTower,美華大廈,,,,,,1,true
星華大廈,星華大廈,officeTower,星華大廈,,,,,,1,true
祐華大廈,祐華大廈,officeTower,祐華大廈,,,,,,1,true
富麗大廈,富麗大廈,officeTower,富麗大廈,,,,,,1,true
豪麗大廈,豪麗大廈,officeTower,豪麗大廈,,,,,,1,true
麗麗大廈,麗麗大廈,officeTower,麗麗大廈,,,,,,1,true
碧麗大廈,碧麗大廈,officeTower,碧麗大廈,,,,,,1,true
葵麗大廈,葵麗大廈,officeTower,葵麗大廈,,,,,,1,true
美麗大廈,美麗大廈,officeTower,美麗大廈,,,,,,1,true
安麗大廈,安麗大廈,officeTower,安麗大廈,,,,,,1,true
華麗大廈,華麗大廈,officeTower,華麗大廈,,,,,,1,true
富麗大廈 (前稱),富麗大廈 (前稱),officeTower,富麗大廈 (前稱),,,,,,1,true
OK便利店-艾麗大廈,OK便利店-艾麗大廈,officeTower,OK便利店-艾麗大廈,,,,,,1,true
麗寶大廈,麗寶大廈,officeTower,麗寶大廈,,,,,,1,true
東寶大廈,東寶大廈,officeTower,東寶大廈,,,,,,1,true
永寶大廈,永寶大廈,officeTower,永寶大廈,,,,,,1,true
天寶大廈A座,天寶大廈A座,officeTower,天寶大廈A座,,,,,,1,true
天寶大廈B座,天寶大廈B座,officeTower,天寶大廈B座,,,,,,1,true
天寶大廈C座,天寶大廈C座,officeTower,天寶大廈C座,,,,,,1,true
天寶大廈D座,天寶大廈D座,officeTower,天寶大廈D座,,,,,,1,true
天寶大廈E座,天寶大廈E座,officeTower,天寶大廈E座,,,,,,1,true
天寶大廈F座,天寶大廈F座,officeTower,天寶大廈F座,,,,,,1,true
得寶大廈A座,得寶大廈A座,officeTower,得寶大廈A座,,,,,,1,true
得寶大廈B座,得寶大廈B座,officeTower,得寶大廈B座,,,,,,1,true
仁寶大廈A-H座,仁寶大廈A-H座,officeTower,仁寶大廈A-H座,,,,,,1,true
仁寶大廈I-P座,仁寶大廈I-P座,officeTower,仁寶大廈I-P座,,,,,,1,true
馬寶大廈,馬寶大廈,officeTower,馬寶大廈,,,,,,1,true
愛寶大廈,愛寶大廈,officeTower,愛寶大廈,,,,,,1,true
仁寶大廈,仁寶大廈,officeTower,仁寶大廈,,,,,,1,true
雅寶大廈,雅寶大廈,officeTower,雅寶大廈,,,,,,1,true
新寶大廈,新寶大廈,officeTower,新寶大廈,,,,,,1,true
金寶大廈,金寶大廈,officeTower,金寶大廈,,,,,,1,true
嘉寶大廈,嘉寶大廈,officeTower,嘉寶大廈,,,,,,1,true
登寶大廈,登寶大廈,officeTower,登寶大廈,,,,,,1,true
德寶大廈,德寶大廈,officeTower,德寶大廈,,,,,,1,true
喜寶大廈,喜寶大廈,officeTower,喜寶大廈,,,,,,1,true
愉寶大廈,愉寶大廈,officeTower,愉寶大廈,,,,,,1,true
珍寶大廈,珍寶大廈,officeTower,珍寶大廈,,,,,,1,true
萬寶大廈,萬寶大廈,officeTower,萬寶大廈,,,,,,1,true
華寶大廈,華寶大廈,officeTower,華寶大廈,,,,,,1,true
斑寶大廈,斑寶大廈,officeTower,斑寶大廈,,,,,,1,true
晉寶大廈,晉寶大廈,officeTower,晉寶大廈,,,,,,1,true
天寶大廈,天寶大廈,officeTower,天寶大廈,,,,,,1,true
四寶大廈,四寶大廈,officeTower,四寶大廈,,,,,,1,true
誌寶大廈,誌寶大廈,officeTower,誌寶大廈,,,,,,1,true
多寶大廈,多寶大廈,officeTower,多寶大廈,,,,,,1,true
鳳寶大廈,鳳寶大廈,officeTower,鳳寶大廈,,,,,,1,true
恒寶大廈,恒寶大廈,officeTower,恒寶大廈,,,,,,1,true
康寶大廈,康寶大廈,officeTower,康寶大廈,,,,,,1,true
京寶大廈,京寶大廈,officeTower,京寶大廈,,,,,,1,true
葵寶大廈,葵寶大廈,officeTower,葵寶大廈,,,,,,1,true
廣富大廈,廣富大廈,officeTower,廣富大廈,,,,,,1,true
樂富大廈,樂富大廈,officeTower,樂富大廈,,,,,,1,true
嘉富大廈A座,嘉富大廈A座,officeTower,嘉富大廈A座,,,,,,1,true
嘉富大廈B座,嘉富大廈B座,officeTower,嘉富大廈B座,,,,,,1,true
天富大廈,天富大廈,officeTower,天富大廈,,,,,,1,true
高富大廈,高富大廈,officeTower,高富大廈,,,,,,1,true
都富大廈,都富大廈,officeTower,都富大廈,,,,,,1,true
恒富大廈,恒富大廈,officeTower,恒富大廈,,,,,,1,true
嘉富大廈,嘉富大廈,officeTower,嘉富大廈,,,,,,1,true
豐富大廈,豐富大廈,officeTower,豐富大廈,,,,,,1,true
金富大廈,金富大廈,officeTower,金富大廈,,,,,,1,true
榮富大廈,榮富大廈,officeTower,榮富大廈,,,,,,1,true
和富大廈,和富大廈,officeTower,和富大廈,,,,,,1,true
昌富大廈,昌富大廈,officeTower,昌富大廈,,,,,,1,true
永富大廈,永富大廈,officeTower,永富大廈,,,,,,1,true
康富大廈,康富大廈,officeTower,康富大廈,,,,,,1,true
葵富大廈,葵富大廈,officeTower,葵富大廈,,,,,,1,true
安富大廈,安富大廈,officeTower,安富大廈,,,,,,1,true
德富大廈,德富大廈,officeTower,德富大廈,,,,,,1,true
宏富大廈,宏富大廈,officeTower,宏富大廈,,,,,,1,true
怡富大廈,怡富大廈,officeTower,怡富大廈,,,,,,1,true
益富大廈,益富大廈,officeTower,益富大廈,,,,,,1,true
裕富大廈,裕富大廈,officeTower,裕富大廈,,,,,,1,true
波斯富大廈,波斯富大廈,officeTower,波斯富大廈,,,,,,1,true
新和富大廈,新和富大廈,officeTower,新和富大廈,,,,,,1,true
愉富大廈A座,愉富大廈A座,officeTower,愉富大廈A座,,,,,,1,true
宏富大廈 (前稱),宏富大廈 (前稱),officeTower,宏富大廈 (前稱),,,,,,1,true
仁富大廈 (別稱),仁富大廈 (別稱),officeTower,仁富大廈 (別稱),,,,,,1,true
摩托汽車服務中心有限公司,摩托汽車服務中心有限公司,officeTower,摩托汽車服務中心有限公司,,,,,,1,true
益美大廈,益美大廈,officeTower,益美大廈,,,,,,1,true
嘉美大廈,嘉美大廈,officeTower,嘉美大廈,,,,,,1,true
善美大廈,善美大廈,officeTower,善美大廈,,,,,,1,true
安美大廈,安美大廈,officeTower,安美大廈,,,,,,1,true
利美大廈,利美大廈,officeTower,利美大廈,,,,,,1,true
倫美大廈,倫美大廈,officeTower,倫美大廈,,,,,,1,true
美美大廈,美美大廈,officeTower,美美大廈,,,,,,1,true
唐美大廈,唐美大廈,officeTower,唐美大廈,,,,,,1,true
華美大廈,華美大廈,officeTower,華美大廈,,,,,,1,true
仁美大廈,仁美大廈,officeTower,仁美大廈,,,,,,1,true
元美大廈,元美大廈,officeTower,元美大廈,,,,,,1,true
真善美大廈,真善美大廈,officeTower,真善美大廈,,,,,,1,true
美亞美大廈,美亞美大廈,officeTower,美亞美大廈,,,,,,1,true
森那美大廈,森那美大廈,officeTower,森那美大廈,,,,,,1,true
華美大廈A座,華美大廈A座,officeTower,華美大廈A座,,,,,,1,true
華美大廈B座,華美大廈B座,officeTower,華美大廈B座,,,,,,1,true
騰達護老中心,騰達護老中心,officeTower,騰達護老中心,,,,,,1,true
雲翠大廈,雲翠大廈,officeTower,雲翠大廈,,,,,,1,true
寶翠大廈,寶翠大廈,officeTower,寶翠大廈,,,,,,1,true
寶翠大廈 (別稱),寶翠大廈 (別稱),officeTower,寶翠大廈 (別稱),,,,,,1,true
遠景大廈,遠景大廈,officeTower,遠景大廈,,,,,,1,true
麗景大廈,麗景大廈,officeTower,麗景大廈,,,,,,1,true
鯉景大廈,鯉景大廈,officeTower,鯉景大廈,,,,,,1,true
順景大廈,順景大廈,officeTower,順景大廈,,,,,,1,true
怡景大廈B座,怡景大廈B座,officeTower,怡景大廈B座,,,,,,1,true
怡景大廈C座,怡景大廈C座,officeTower,怡景大廈C座,,,,,,1,true
海景大廈A座,海景大廈A座,officeTower,海景大廈A座,,,,,,1,true
海景大廈C座,海景大廈C座,officeTower,海景大廈C座,,,,,,1,true
瑞景大廈A座,瑞景大廈A座,officeTower,瑞景大廈A座,,,,,,1,true
瑞景大廈B座,瑞景大廈B座,officeTower,瑞景大廈B座,,,,,,1,true
全景大廈第1座,全景大廈第1座,officeTower,全景大廈第1座,,,,,,1,true
全景大廈第3座,全景大廈第3座,officeTower,全景大廈第3座,,,,,,1,true
園景大廈A-B座,園景大廈A-B座,officeTower,園景大廈A-B座,,,,,,1,true
園景大廈C-E座,園景大廈C-E座,officeTower,園景大廈C-E座,,,,,,1,true
美景大廈,美景大廈,officeTower,美景大廈,,,,,,1,true
全景大廈,全景大廈,officeTower,全景大廈,,,,,,1,true
雅景大廈,雅景大廈,officeTower,雅景大廈,,,,,,1,true
恆景大廈,恆景大廈,officeTower,恆景大廈,,,,,,1,true
昭景大廈,昭景大廈,officeTower,昭景大廈,,,,,,1,true
好景大廈,好景大廈,officeTower,好景大廈,,,,,,1,true
龍景大廈,龍景大廈,officeTower,龍景大廈,,,,,,1,true
富景大廈,富景大廈,officeTower,富景大廈,,,,,,1,true
雲景大廈,雲景大廈,officeTower,雲景大廈,,,,,,1,true
高景大廈,高景大廈,officeTower,高景大廈,,,,,,1,true
園景大廈,園景大廈,officeTower,園景大廈,,,,,,1,true
宏景大廈,宏景大廈,officeTower,宏景大廈,,,,,,1,true
豐景大廈,豐景大廈,officeTower,豐景大廈,,,,,,1,true
偉景大廈,偉景大廈,officeTower,偉景大廈,,,,,,1,true
樂景大廈,樂景大廈,officeTower,樂景大廈,,,,,,1,true
葵景大廈,葵景大廈,officeTower,葵景大廈,,,,,,1,true
文景大廈,文景大廈,officeTower,文景大廈,,,,,,1,true
峰景大廈,峰景大廈,officeTower,峰景大廈,,,,,,1,true
瑞景大廈,瑞景大廈,officeTower,瑞景大廈,,,,,,1,true
兆景大廈,兆景大廈,officeTower,兆景大廈,,,,,,1,true
東景大廈,東景大廈,officeTower,東景大廈,,,,,,1,true
屯景大廈,屯景大廈,officeTower,屯景大廈,,,,,,1,true
華景大廈,華景大廈,officeTower,華景大廈,,,,,,1,true
思覺失調服務中心,思覺失調服務中心,officeTower,思覺失調服務中心,,,,,,1,true
李兆忠紀念大樓,李兆忠紀念大樓,officeTower,李兆忠紀念大樓,,,,,,1,true
東華三院徐展堂門診大樓,東華三院徐展堂門診大樓,officeTower,東華三院徐展堂門診大樓,,,,,,1,true
東華三院黃鳳翎紀念大樓,東華三院黃鳳翎紀念大樓,officeTower,東華三院黃鳳翎紀念大樓,,,,,,1,true
東華三院血液透析中心,東華三院血液透析中心,officeTower,東華三院血液透析中心,,,,,,1,true
癌症中心,癌症中心,officeTower,癌症中心,,,,,,1,true
臨床大樓1,臨床大樓1,officeTower,臨床大樓1,,,,,,1,true
放射治療大樓 (前稱),放射治療大樓 (前稱),officeTower,放射治療大樓 (前稱),,,,,,1,true
白普理大樓 (別稱),白普理大樓 (別稱),officeTower,白普理大樓 (別稱),,,,,,1,true
豐盛工業中心B座,豐盛工業中心B座,industrialArea,豐盛工業中心B座,,,,,,1,true
品質工業大廈 (前稱),品質工業大廈 (前稱),industrialArea,品質工業大廈 (前稱),,,,,,1,true
寶泰工業大廈,寶泰工業大廈,industrialArea,寶泰工業大廈,,,,,,1,true
盛力工業中心,盛力工業中心,industrialArea,盛力工業中心,,,,,,1,true
福達工業大廈,福達工業大廈,industrialArea,福達工業大廈,,,,,,1,true
光榮工業大廈,光榮工業大廈,industrialArea,光榮工業大廈,,,,,,1,true
金德工業大廈,金德工業大廈,industrialArea,金德工業大廈,,,,,,1,true
豪華工業大廈,豪華工業大廈,industrialArea,豪華工業大廈,,,,,,1,true
金威工業大廈,金威工業大廈,industrialArea,金威工業大廈,,,,,,1,true
立泰工業中心,立泰工業中心,industrialArea,立泰工業中心,,,,,,1,true
樂聲工業中心,樂聲工業中心,industrialArea,樂聲工業中心,,,,,,1,true
荃運工業中心,荃運工業中心,industrialArea,荃運工業中心,,,,,,1,true
友聯工業大廈,友聯工業大廈,industrialArea,友聯工業大廈,,,,,,1,true
宏達工業中心,宏達工業中心,industrialArea,宏達工業中心,,,,,,1,true
豐盛工業中心,豐盛工業中心,industrialArea,豐盛工業中心,,,,,,1,true
滙利工業中心,滙利工業中心,industrialArea,滙利工業中心,,,,,,1,true
新高聲工業大廈,新高聲工業大廈,industrialArea,新高聲工業大廈,,,,,,1,true
柴灣工業城,柴灣工業城,industrialArea,柴灣工業城,,,,,,1,true
金龍工業中心,金龍工業中心,industrialArea,金龍工業中心,,,,,,1,true
恒豐工業大廈,恒豐工業大廈,industrialArea,恒豐工業大廈,,,,,,1,true
恒威工業中心,恒威工業中心,industrialArea,恒威工業中心,,,,,,1,true
鴻昌工業中心,鴻昌工業中心,industrialArea,鴻昌工業中心,,,,,,1,true
金涌工業大廈,金涌工業大廈,industrialArea,金涌工業大廈,,,,,,1,true
貴盛工業大廈,貴盛工業大廈,industrialArea,貴盛工業大廈,,,,,,1,true
葵順工業中心,葵順工業中心,industrialArea,葵順工業中心,,,,,,1,true
葵德工業中心,葵德工業中心,industrialArea,葵德工業中心,,,,,,1,true
美安工業大廈,美安工業大廈,industrialArea,美安工業大廈,,,,,,1,true
安全貨倉工業大厦,安全貨倉工業大厦,industrialArea,安全貨倉工業大厦,,,,,,1,true
沙田工業中心,沙田工業中心,industrialArea,沙田工業中心,,,,,,1,true
大興工業大廈,大興工業大廈,industrialArea,大興工業大廈,,,,,,1,true
德豐工業中心,德豐工業中心,industrialArea,德豐工業中心,,,,,,1,true
萬美達工業大廈,萬美達工業大廈,industrialArea,萬美達工業大廈,,,,,,1,true
工業貿易大樓,工業貿易大樓,industrialArea,工業貿易大樓,,,,,,1,true
同珍工業大廈,同珍工業大廈,industrialArea,同珍工業大廈,,,,,,1,true
東頭工業區,東頭工業區,industrialArea,東頭工業區,,,,,,1,true
和豐工業中心,和豐工業中心,industrialArea,和豐工業中心,,,,,,1,true
永祥工業大廈,永祥工業大廈,industrialArea,永祥工業大廈,,,,,,1,true
油塘工業大廈,油塘工業大廈,industrialArea,油塘工業大廈,,,,,,1,true
怡高工業中心,怡高工業中心,industrialArea,怡高工業中心,,,,,,1,true
裕林工業中心,裕林工業中心,industrialArea,裕林工業中心,,,,,,1,true
越秀工業大廈,越秀工業大廈,industrialArea,越秀工業大廈,,,,,,1,true
德雅工業中心A座,德雅工業中心A座,industrialArea,德雅工業中心A座,,,,,,1,true
德雅工業中心C座,德雅工業中心C座,industrialArea,德雅工業中心C座,,,,,,1,true
富高工業中心A座,富高工業中心A座,industrialArea,富高工業中心A座,,,,,,1,true
富高工業中心B座,富高工業中心B座,industrialArea,富高工業中心B座,,,,,,1,true
金豐工業大廈第1期,金豐工業大廈第1期,industrialArea,金豐工業大廈第1期,,,,,,1,true
金豐工業大廈第2期,金豐工業大廈第2期,industrialArea,金豐工業大廈第2期,,,,,,1,true
合力工業中心A座,合力工業中心A座,industrialArea,合力工業中心A座,,,,,,1,true
中央貨倉,中央貨倉,industrialArea,中央貨倉,,,,,,1,true
官塘工業中心,官塘工業中心,industrialArea,官塘工業中心,,,,,,1,true
九龍灣工業中心,九龍灣工業中心,industrialArea,九龍灣工業中心,,,,,,1,true
九龍灣福康工業大廈,九龍灣福康工業大廈,industrialArea,九龍灣福康工業大廈,,,,,,1,true
新科工業中心 (前稱),新科工業中心 (前稱),industrialArea,新科工業中心 (前稱),,,,,,1,true
德士活工業中心 (別稱),德士活工業中心 (別稱),industrialArea,德士活工業中心 (別稱),,,,,,1,true
榮華中心工業大厦,榮華中心工業大厦,industrialArea,榮華中心工業大厦,,,,,,1,true
中大貨倉大廈,中大貨倉大廈,industrialArea,中大貨倉大廈,,,,,,1,true
中大貨倉大廈 (別稱),中大貨倉大廈 (別稱),industrialArea,中大貨倉大廈 (別稱),,,,,,1,true
香港理工大學Q柱,香港理工大學Q柱,campus,香港理工大學Q柱,,,,,,1,true
香港理工大學R柱,香港理工大學R柱,campus,香港理工大學R柱,,,,,,1,true
警察學院(香港仔)已婚宿舍A座,警察學院(香港仔)已婚宿舍A座,campus,警察學院(香港仔)已婚宿舍A座,,,,,,1,true
警察學院(香港仔)已婚宿舍B座,警察學院(香港仔)已婚宿舍B座,campus,警察學院(香港仔)已婚宿舍B座,,,,,,1,true
香港理工大學T柱,香港理工大學T柱,campus,香港理工大學T柱,,,,,,1,true
優才（楊殷有娣）書院,優才（楊殷有娣）書院,campus,優才（楊殷有娣）書院,,,,,,1,true
香港大學徐展堂樓,香港大學徐展堂樓,campus,香港大學徐展堂樓,,,,,,1,true
香港理工大學U柱,香港理工大學U柱,campus,香港理工大學U柱,,,,,,1,true
賞味軒 (香港教育大學),賞味軒 (香港教育大學),campus,賞味軒 (香港教育大學),,,,,,1,true
賞味軒 (香港大學),賞味軒 (香港大學),campus,賞味軒 (香港大學),,,,,,1,true
香港理工大學Z座,香港理工大學Z座,campus,香港理工大學Z座,,,,,,1,true
保祿六世書院,保祿六世書院,campus,保祿六世書院,,,,,,1,true
St.Stephen's College College House,St.Stephen's College College House,campus,St.Stephen's College College House,,,,,,1,true
嘉諾撒書院,嘉諾撒書院,campus,嘉諾撒書院,,,,,,1,true
基督書院,基督書院,campus,基督書院,,,,,,1,true
銀禧學院,銀禧學院,campus,銀禧學院,,,,,,1,true
英皇書院,英皇書院,campus,英皇書院,,,,,,1,true
瑪利亞書院,瑪利亞書院,campus,瑪利亞書院,,,,,,1,true
皇仁書院,皇仁書院,campus,皇仁書院,,,,,,1,true
高主教書院,高主教書院,campus,高主教書院,,,,,,1,true
逸夫書院,逸夫書院,campus,逸夫書院,,,,,,1,true
恩主教書院,恩主教書院,campus,恩主教書院,,,,,,1,true
青年書院,青年書院,campus,青年書院,,,,,,1,true
Eight College,Eight College,campus,Eight College,,,,,,1,true
樂群書院,樂群書院,campus,樂群書院,,,,,,1,true
博文書院,博文書院,campus,博文書院,,,,,,1,true
康活書院,康活書院,campus,康活書院,,,,,,1,true
中聖書院,中聖書院,campus,中聖書院,,,,,,1,true
救恩書院,救恩書院,campus,救恩書院,,,,,,1,true
天主教新民書院,天主教新民書院,campus,天主教新民書院,,,,,,1,true
獻主會聖母院書院,獻主會聖母院書院,campus,獻主會聖母院書院,,,,,,1,true
聖母書院,聖母書院,campus,聖母書院,,,,,,1,true
培僑書院,培僑書院,campus,培僑書院,,,,,,1,true
沙田學院,沙田學院,campus,沙田學院,,,,,,1,true
聖若瑟書院,聖若瑟書院,campus,聖若瑟書院,,,,,,1,true
聖保羅書院,聖保羅書院,campus,聖保羅書院,,,,,,1,true
閩光書院,閩光書院,campus,閩光書院,,,,,,1,true
東華學院,東華學院,campus,東華學院,,,,,,1,true
恒生管理學院賽馬會宿舍書院,恒生管理學院賽馬會宿舍書院,campus,恒生管理學院賽馬會宿舍書院,,,,,,1,true
逸夫書院大講堂,逸夫書院大講堂,campus,逸夫書院大講堂,,,,,,1,true
聖士提反書院小教堂,聖士提反書院小教堂,campus,聖士提反書院小教堂,,,,,,1,true
大學,大學,campus,大學,,,,,,1,true
香港大學 (前稱),香港大學 (前稱),campus,香港大學 (前稱),,,,,,1,true
大學堂宿舍,大學堂宿舍,campus,大學堂宿舍,,,,,,1,true
香港大學,香港大學,campus,香港大學,,,,,,1,true
香港大學校長寓所,香港大學校長寓所,campus,香港大學校長寓所,,,,,,1,true
大學圖書館,大學圖書館,campus,大學圖書館,,,,,,1,true
嶺南大學,嶺南大學,campus,嶺南大學,,,,,,1,true
香港中文大學,香港中文大學,campus,香港中文大學,,,,,,1,true
香港中文大學醫院,香港中文大學醫院,campus,香港中文大學醫院,,,,,,1,true
大學行政樓,大學行政樓,campus,大學行政樓,,,,,,1,true
大學保健醫療中心,大學保健醫療中心,campus,大學保健醫療中心,,,,,,1,true
大學體育中心,大學體育中心,campus,大學體育中心,,,,,,1,true
嶺南大學主樓,嶺南大學主樓,campus,嶺南大學主樓,,,,,,1,true
University Heights Tower 1,University Heights Tower 1,campus,University Heights Tower 1,,,,,,1,true
University Heights Tower 2,University Heights Tower 2,campus,University Heights Tower 2,,,,,,1,true
University Heights Tower 3,University Heights Tower 3,campus,University Heights Tower 3,,,,,,1,true
香港中文大學第十苑,香港中文大學第十苑,campus,香港中文大學第十苑,,,,,,1,true
香港中文大學第十一苑,香港中文大學第十一苑,campus,香港中文大學第十一苑,,,,,,1,true
香港中文大學第十二苑,香港中文大學第十二苑,campus,香港中文大學第十二苑,,,,,,1,true
香港中文大學第十三苑,香港中文大學第十三苑,campus,香港中文大學第十三苑,,,,,,1,true
香港中文大學第十四苑,香港中文大學第十四苑,campus,香港中文大學第十四苑,,,,,,1,true
香港中文大學第十五苑,香港中文大學第十五苑,campus,香港中文大學第十五苑,,,,,,1,true
香港中文大學第十六苑,香港中文大學第十六苑,campus,香港中文大學第十六苑,,,,,,1,true
香港中文大學第十七苑,香港中文大學第十七苑,campus,香港中文大學第十七苑,,,,,,1,true
香港中文大學第三苑,香港中文大學第三苑,campus,香港中文大學第三苑,,,,,,1,true
樹仁大學,樹仁大學,campus,樹仁大學,,,,,,1,true
聖方濟各大學,聖方濟各大學,campus,聖方濟各大學,,,,,,1,true
cafe330 (中文大學),cafe330 (中文大學),campus,cafe330 (中文大學),,,,,,1,true
香港中文大學校友會聯會張煊昌學校,香港中文大學校友會聯會張煊昌學校,campus,香港中文大學校友會聯會張煊昌學校,,,,,,1,true
嶺南大學黃玉蘭樓,嶺南大學黃玉蘭樓,campus,嶺南大學黃玉蘭樓,,,,,,1,true
香港中文大學圖書館,香港中文大學圖書館,campus,香港中文大學圖書館,,,,,,1,true
香港科技大學,香港科技大學,campus,香港科技大學,,,,,,1,true
香港演藝學院劇院大樓,香港演藝學院劇院大樓,campus,香港演藝學院劇院大樓,,,,,,1,true
香港理工大學張安德演講廳,香港理工大學張安德演講廳,campus,香港理工大學張安德演講廳,,,,,,1,true
香港大學附屬學院 (金鐘教學中心),香港大學附屬學院 (金鐘教學中心),campus,香港大學附屬學院 (金鐘教學中心),,,,,,1,true
香港大學專業進修學院 (金鐘教學中心),香港大學專業進修學院 (金鐘教學中心),campus,香港大學專業進修學院 (金鐘教學中心),,,,,,1,true
香港建造學院－九龍灣院校,香港建造學院－九龍灣院校,campus,香港建造學院－九龍灣院校,,,,,,1,true
青年學院（將軍澳）,青年學院（將軍澳）,campus,青年學院（將軍澳）,,,,,,1,true
香港中文大學專業進修學院 （將軍澳教學中心）,香港中文大學專業進修學院 （將軍澳教學中心）,campus,香港中文大學專業進修學院 （將軍澳教學中心）,,,,,,1,true
樹仁大學灣仔校址,樹仁大學灣仔校址,campus,樹仁大學灣仔校址,,,,,,1,true
香港大學太古海洋科學研究所,香港大學太古海洋科學研究所,campus,香港大學太古海洋科學研究所,,,,,,1,true
粉嶺救恩書院,粉嶺救恩書院,campus,粉嶺救恩書院,,,,,,1,true
前中央書院遺址,前中央書院遺址,campus,前中央書院遺址,,,,,,1,true
香港防癆會 - 香港大學中醫診所暨教研中心(南區),香港防癆會 - 香港大學中醫診所暨教研中心(南區),campus,香港防癆會 - 香港大學中醫診所暨教研中心(南區),,,,,,1,true
香港佛教聯合會 - 香港大學中醫診所暨教研中心(黃大仙區),香港佛教聯合會 - 香港大學中醫診所暨教研中心(黃大仙區),campus,香港佛教聯合會 - 香港大學中醫診所暨教研中心(黃大仙區),,,,,,1,true
博愛醫院-香港浸會大學中醫診所暨教研中心(九龍城區),博愛醫院-香港浸會大學中醫診所暨教研中心(九龍城區),campus,博愛醫院-香港浸會大學中醫診所暨教研中心(九龍城區),,,,,,1,true
博愛醫院 - 香港浸會大學中醫診所暨教研中心(九龍城區),博愛醫院 - 香港浸會大學中醫診所暨教研中心(九龍城區),campus,博愛醫院 - 香港浸會大學中醫診所暨教研中心(九龍城區),,,,,,1,true
香港專業教育學院 - 柴灣,香港專業教育學院 - 柴灣,campus,香港專業教育學院 - 柴灣,,,,,,1,true
香港醫學專科學院,香港醫學專科學院,campus,香港醫學專科學院,,,,,,1,true
英皇書院同學會小學,英皇書院同學會小學,campus,英皇書院同學會小學,,,,,,1,true
香港專業進修學校 (旺角東校園),香港專業進修學校 (旺角東校園),campus,香港專業進修學校 (旺角東校園),,,,,,1,true
香港專業進修學校 (賽馬會本科校園),香港專業進修學校 (賽馬會本科校園),campus,香港專業進修學校 (賽馬會本科校園),,,,,,1,true
香港專業進修學校 (賽馬會馬鞍山校園),香港專業進修學校 (賽馬會馬鞍山校園),campus,香港專業進修學校 (賽馬會馬鞍山校園),,,,,,1,true
港專學院 (旺角東校園),港專學院 (旺角東校園),campus,港專學院 (旺角東校園),,,,,,1,true
香港高等教育科技學院 (柴灣校園),香港高等教育科技學院 (柴灣校園),campus,香港高等教育科技學院 (柴灣校園),,,,,,1,true
港專學院 (賽馬會本科校園),港專學院 (賽馬會本科校園),campus,港專學院 (賽馬會本科校園),,,,,,1,true
香港都會大學 (賽馬會校園),香港都會大學 (賽馬會校園),campus,香港都會大學 (賽馬會校園),,,,,,1,true
港專學院 (賽馬會馬鞍山校園),港專學院 (賽馬會馬鞍山校園),campus,港專學院 (賽馬會馬鞍山校園),,,,,,1,true
香港高等教育科技學院 (青衣校園),香港高等教育科技學院 (青衣校園),campus,香港高等教育科技學院 (青衣校園),,,,,,1,true
職業訓練局海事訓練學院,職業訓練局海事訓練學院,campus,職業訓練局海事訓練學院,,,,,,1,true
職業安全健康局職安健學院,職業安全健康局職安健學院,campus,職業安全健康局職安健學院,,,,,,1,true
職業訓練局工商資訊學院,職業訓練局工商資訊學院,campus,職業訓練局工商資訊學院,,,,,,1,true
建造業議會訓練學院上水訓練中心,建造業議會訓練學院上水訓練中心,campus,建造業議會訓練學院上水訓練中心,,,,,,1,true
建造業議會訓練學院九龍灣訓練中心,建造業議會訓練學院九龍灣訓練中心,campus,建造業議會訓練學院九龍灣訓練中心,,,,,,1,true
香港高等教育科技學院,香港高等教育科技學院,campus,香港高等教育科技學院,,,,,,1,true
香港西廚學院,香港西廚學院,campus,香港西廚學院,,,,,,1,true
青年學院(屯門),青年學院(屯門),campus,青年學院(屯門),,,,,,1,true
香港大學物業處大樓,香港大學物業處大樓,campus,香港大學物業處大樓,,,,,,1,true
港島民生書院,港島民生書院,campus,港島民生書院,,,,,,1,true
陳瑞祺(喇沙)書院,陳瑞祺(喇沙)書院,campus,陳瑞祺(喇沙)書院,,,,,,1,true
優才(楊殷有娣)書院,優才(楊殷有娣)書院,campus,優才(楊殷有娣)書院,,,,,,1,true
真光女書院,真光女書院,campus,真光女書院,,,,,,1,true
華仁書院(九龍),華仁書院(九龍),campus,華仁書院(九龍),,,,,,1,true
拔萃男書院,拔萃男書院,campus,拔萃男書院,,,,,,1,true
策文英文書院,策文英文書院,campus,策文英文書院,,,,,,1,true
拔萃女書院,拔萃女書院,campus,拔萃女書院,,,,,,1,true
弘立書院,弘立書院,campus,弘立書院,,,,,,1,true
孔教學院大成小學,孔教學院大成小學,campus,孔教學院大成小學,,,,,,1,true
香港教育大學賽馬會小學,香港教育大學賽馬會小學,campus,香港教育大學賽馬會小學,,,,,,1,true
香港城市大學-南山苑,香港城市大學-南山苑,campus,香港城市大學-南山苑,,,,,,1,true
禧福學院,禧福學院,campus,禧福學院,,,,,,1,true
香港科技專上書院,香港科技專上書院,campus,香港科技專上書院,,,,,,1,true
香港大學附屬學院 (九龍西分校),香港大學附屬學院 (九龍西分校),campus,香港大學附屬學院 (九龍西分校),,,,,,1,true
已登記的WiFi 熱點: 香港城市大學 (APID 00030),已登記的WiFi 熱點: 香港城市大學 (APID 00030),campus,已登記的WiFi 熱點: 香港城市大學 (APID 00030),,,,,,1,true
香港中文大學專業進修學院 (總辦事處),香港中文大學專業進修學院 (總辦事處),campus,香港中文大學專業進修學院 (總辦事處),,,,,,1,true
香港中文大學專業進修學院 (安年教學中心),香港中文大學專業進修學院 (安年教學中心),campus,香港中文大學專業進修學院 (安年教學中心),,,,,,1,true
香港華德福教育基金會瑪利亞書院,香港華德福教育基金會瑪利亞書院,campus,香港華德福教育基金會瑪利亞書院,,,,,,1,true
青山醫院學院樓 (別稱),青山醫院學院樓 (別稱),campus,青山醫院學院樓 (別稱),,,,,,1,true
學院樓(S座),學院樓(S座),campus,學院樓(S座),,,,,,1,true
聖嘉勒女書院,聖嘉勒女書院,campus,聖嘉勒女書院,,,,,,1,true
香港大學李嘉誠醫學院實驗室樓,香港大學李嘉誠醫學院實驗室樓,campus,香港大學李嘉誠醫學院實驗室樓,,,,,,1,true
廣華醫院 － 香港中文大學中醫藥臨床研究服務中心,廣華醫院 － 香港中文大學中醫藥臨床研究服務中心,campus,廣華醫院 － 香港中文大學中醫藥臨床研究服務中心,,,,,,1,true
東華三院－香港大學中醫診所暨教研中心 (中西區),東華三院－香港大學中醫診所暨教研中心 (中西區),campus,東華三院－香港大學中醫診所暨教研中心 (中西區),,,,,,1,true
東華三院 - 香港大學中醫診所暨教研中心(中西區),東華三院 - 香港大學中醫診所暨教研中心(中西區),campus,東華三院 - 香港大學中醫診所暨教研中心(中西區),,,,,,1,true
Wi-Fi.HK 熱點位置: 香港大學,Wi-Fi.HK 熱點位置: 香港大學,campus,Wi-Fi.HK 熱點位置: 香港大學,,,,,,1,true
已登記的WiFi 熱點: 香港大學 (APID 07875),已登記的WiFi 熱點: 香港大學 (APID 07875),campus,已登記的WiFi 熱點: 香港大學 (APID 07875),,,,,,1,true
香港中文大學校友會聯會張煊昌中學,香港中文大學校友會聯會張煊昌中學,campus,香港中文大學校友會聯會張煊昌中學,,,,,,1,true
香港中文大學校友會聯會陳震夏中學,香港中文大學校友會聯會陳震夏中學,campus,香港中文大學校友會聯會陳震夏中學,,,,,,1,true
香港理工大學校友薈,香港理工大學校友薈,campus,香港理工大學校友薈,,,,,,1,true
香港中文大學校友會張煊昌幼稚園,香港中文大學校友會張煊昌幼稚園,campus,香港中文大學校友會張煊昌幼稚園,,,,,,1,true
香港中文大學校友會聯會陳震夏幼稚園 (K560740A),香港中文大學校友會聯會陳震夏幼稚園 (K560740A),campus,香港中文大學校友會聯會陳震夏幼稚園 (K560740A),,,,,,1,true
香港中文大學校友會聯會張煊昌幼稚園 (K158887A),香港中文大學校友會聯會張煊昌幼稚園 (K158887A),campus,香港中文大學校友會聯會張煊昌幼稚園 (K158887A),,,,,,1,true
香港中文大學校友會聯會順龍仁澤幼稚園 (K600377A),香港中文大學校友會聯會順龍仁澤幼稚園 (K600377A),campus,香港中文大學校友會聯會順龍仁澤幼稚園 (K600377A),,,,,,1,true
香港科技大學校長宿舍 (別稱),香港科技大學校長宿舍 (別稱),campus,香港科技大學校長宿舍 (別稱),,,,,,1,true
香港中文大學校友會聯會陳震夏幼稚園,香港中文大學校友會聯會陳震夏幼稚園,campus,香港中文大學校友會聯會陳震夏幼稚園,,,,,,1,true
香港中文大學校友會聯會張煊昌幼稚園,香港中文大學校友會聯會張煊昌幼稚園,campus,香港中文大學校友會聯會張煊昌幼稚園,,,,,,1,true
香港中文大學校友會聯會順龍仁澤幼稚園,香港中文大學校友會聯會順龍仁澤幼稚園,campus,香港中文大學校友會聯會順龍仁澤幼稚園,,,,,,1,true
香港浸會大學逸夫校園,香港浸會大學逸夫校園,campus,香港浸會大學逸夫校園,,,,,,1,true
香港浸會大學賽馬會創意校園,香港浸會大學賽馬會創意校園,campus,香港浸會大學賽馬會創意校園,,,,,,1,true
東涌第89區(北側)1所設有30 間課室的小學地盤,東涌第89區(北側)1所設有30 間課室的小學地盤,school,東涌第89區(北側)1所設有30 間課室的小學地盤,,,,,,1,true
海怡寶血小學,海怡寶血小學,school,海怡寶血小學,,,,,,1,true
香港紅十字會甘迺迪中心(小學部),香港紅十字會甘迺迪中心(小學部),school,香港紅十字會甘迺迪中心(小學部),,,,,,1,true
香港紅十字會甘迺迪中心(中學部),香港紅十字會甘迺迪中心(中學部),school,香港紅十字會甘迺迪中心(中學部),,,,,,1,true
啟思幼稚園(杏花邨) (K215830A),啟思幼稚園(杏花邨) (K215830A),school,啟思幼稚園(杏花邨) (K215830A),,,,,,1,true
何文田浸信會幼稚園 (K536024A),何文田浸信會幼稚園 (K536024A),school,何文田浸信會幼稚園 (K536024A),,,,,,1,true
聖文嘉幼稚園 (何文田) (K537349A),聖文嘉幼稚園 (何文田) (K537349A),school,聖文嘉幼稚園 (何文田) (K537349A),,,,,,1,true
啟思幼稚園(馬灣) (K552747A),啟思幼稚園(馬灣) (K552747A),school,啟思幼稚園(馬灣) (K552747A),,,,,,1,true
迦南幼稚園(將軍澳) (K619787A),迦南幼稚園(將軍澳) (K619787A),school,迦南幼稚園(將軍澳) (K619787A),,,,,,1,true
竹園區神召會將軍澳康樂幼兒學校,竹園區神召會將軍澳康樂幼兒學校,school,竹園區神召會將軍澳康樂幼兒學校,,,,,,1,true
將軍澳官立小學,將軍澳官立小學,school,將軍澳官立小學,,,,,,1,true
英藝幼稚園(將軍澳) (K607258A),英藝幼稚園(將軍澳) (K607258A),school,英藝幼稚園(將軍澳) (K607258A),,,,,,1,true
迦密柏雨中學,迦密柏雨中學,school,迦密柏雨中學,,,,,,1,true
番禺會所華仁小學,番禺會所華仁小學,school,番禺會所華仁小學,,,,,,1,true
竹園區神召會太和康樂幼兒學校,竹園區神召會太和康樂幼兒學校,school,竹園區神召會太和康樂幼兒學校,,,,,,1,true
竹園區神召會太和康樂幼兒學校 (K566578A),竹園區神召會太和康樂幼兒學校 (K566578A),school,竹園區神召會太和康樂幼兒學校 (K566578A),,,,,,1,true
安基司幼稚園 (K536067A),安基司幼稚園 (K536067A),school,安基司幼稚園 (K536067A),,,,,,1,true
挪威國際學校,挪威國際學校,school,挪威國際學校,,,,,,1,true
啟思幼稚園(青衣) (K534226A),啟思幼稚園(青衣) (K534226A),school,啟思幼稚園(青衣) (K534226A),,,,,,1,true
青衣商會幼稚園 (K158070A),青衣商會幼稚園 (K158070A),school,青衣商會幼稚園 (K158070A),,,,,,1,true
平安福音堂幼稚園(青衣) (K546127A),平安福音堂幼稚園(青衣) (K546127A),school,平安福音堂幼稚園(青衣) (K546127A),,,,,,1,true
蒙特梭利國際學校,蒙特梭利國際學校,school,蒙特梭利國際學校,,,,,,1,true
安菲爾學校,安菲爾學校,school,安菲爾學校,,,,,,1,true
伯特利中學,伯特利中學,school,伯特利中學,,,,,,1,true
惇裕學校,惇裕學校,school,惇裕學校,,,,,,1,true
通德學校,通德學校,school,通德學校,,,,,,1,true
香港仔工業學校,香港仔工業學校,school,香港仔工業學校,,,,,,1,true
金文泰中學,金文泰中學,school,金文泰中學,,,,,,1,true
顯理中學,顯理中學,school,顯理中學,,,,,,1,true
KELLETT SCHOOL,KELLETT SCHOOL,school,KELLETT SCHOOL,,,,,,1,true
五旬節中學,五旬節中學,school,五旬節中學,,,,,,1,true
福建中學附屬學校,福建中學附屬學校,school,福建中學附屬學校,,,,,,1,true
聖家學校,聖家學校,school,聖家學校,,,,,,1,true
國民學校,國民學校,school,國民學校,,,,,,1,true
慈幼學校,慈幼學校,school,慈幼學校,,,,,,1,true
HONG KONG INTERNATIONAL SCHOOL,HONG KONG INTERNATIONAL SCHOOL,school,HONG KONG INTERNATIONAL SCHOOL,,,,,,1,true
KENNEDY SCHOOL,KENNEDY SCHOOL,school,KENNEDY SCHOOL,,,,,,1,true
PEAK SCHOOL,PEAK SCHOOL,school,PEAK SCHOOL,,,,,,1,true
聖貞德中學,聖貞德中學,school,聖貞德中學,,,,,,1,true
加拿大國際學校,加拿大國際學校,school,加拿大國際學校,,,,,,1,true
漢基國際學校,漢基國際學校,school,漢基國際學校,,,,,,1,true
鐘聲學校,鐘聲學校,school,鐘聲學校,,,,,,1,true
基督教國際學校,基督教國際學校,school,基督教國際學校,,,,,,1,true
伊斯蘭學校,伊斯蘭學校,school,伊斯蘭學校,,,,,,1,true
香島華德福學校,香島華德福學校,school,香島華德福學校,,,,,,1,true
光明學校,光明學校,school,光明學校,,,,,,1,true
嶺南中學,嶺南中學,school,嶺南中學,,,,,,1,true
梅窩學校,梅窩學校,school,梅窩學校,,,,,,1,true
南丫北段公立小學,南丫北段公立小學,school,南丫北段公立小學,,,,,,1,true
鄉師自然學校,鄉師自然學校,school,鄉師自然學校,,,,,,1,true
銀礦灣學校,銀礦灣學校,school,銀礦灣學校,,,,,,1,true
聖類斯中學,聖類斯中學,school,聖類斯中學,,,,,,1,true
聖馬可中學,聖馬可中學,school,聖馬可中學,,,,,,1,true
粉嶺官立小學,粉嶺官立小學,school,粉嶺官立小學,,,,,,1,true
粉嶺官立中學,粉嶺官立中學,school,粉嶺官立中學,,,,,,1,true
香港航海學校,香港航海學校,school,香港航海學校,,,,,,1,true
曾梅千禧學校,曾梅千禧學校,school,曾梅千禧學校,,,,,,1,true
白普理小學,白普理小學,school,白普理小學,,,,,,1,true
CARMEL SCHOOL,CARMEL SCHOOL,school,CARMEL SCHOOL,,,,,,1,true
INVICTUS SCHOOL,INVICTUS SCHOOL,school,INVICTUS SCHOOL,,,,,,1,true
愛培學校,愛培學校,school,愛培學校,,,,,,1,true
粉嶺公立學校,粉嶺公立學校,school,粉嶺公立學校,,,,,,1,true
瑪利曼小學,瑪利曼小學,school,瑪利曼小學,,,,,,1,true
瑪利曼中學,瑪利曼中學,school,瑪利曼中學,,,,,,1,true
風采中學,風采中學,school,風采中學,,,,,,1,true
衛理中學,衛理中學,school,衛理中學,,,,,,1,true
漢華中學,漢華中學,school,漢華中學,,,,,,1,true
閩僑中學,閩僑中學,school,閩僑中學,,,,,,1,true
華英中學,華英中學,school,華英中學,,,,,,1,true
惠僑英文中學,惠僑英文中學,school,惠僑英文中學,,,,,,1,true
佛教善德英文中學,佛教善德英文中學,school,佛教善德英文中學,,,,,,1,true
佛教大雄中學,佛教大雄中學,school,佛教大雄中學,,,,,,1,true
張祝珊英文中學,張祝珊英文中學,school,張祝珊英文中學,,,,,,1,true
安博官立小學,安博官立小學,school,安博官立小學,,,,,,1,true
長洲官立中學,長洲官立中學,school,長洲官立中學,,,,,,1,true
北角官立小學,北角官立小學,school,北角官立小學,,,,,,1,true
愛秩序灣官立小學,愛秩序灣官立小學,school,愛秩序灣官立小學,,,,,,1,true
觀塘官立中學,觀塘官立中學,school,觀塘官立中學,,,,,,1,true
沙田官立小學,沙田官立小學,school,沙田官立小學,,,,,,1,true
荃灣官立小學,荃灣官立小學,school,荃灣官立小學,,,,,,1,true
荃灣官立中學,荃灣官立中學,school,荃灣官立中學,,,,,,1,true
屯門官立小學,屯門官立小學,school,屯門官立小學,,,,,,1,true
屯門官立中學,屯門官立中學,school,屯門官立中學,,,,,,1,true
元朗官立小學,元朗官立小學,school,元朗官立小學,,,,,,1,true
筲箕灣官立中學,筲箕灣官立中學,school,筲箕灣官立中學,,,,,,1,true
上水官立中學,上水官立中學,school,上水官立中學,,,,,,1,true
賽馬會官立中學,賽馬會官立中學,school,賽馬會官立中學,,,,,,1,true
九龍塘官立小學,九龍塘官立小學,school,九龍塘官立小學,,,,,,1,true
觀塘官立小學,觀塘官立小學,school,觀塘官立小學,,,,,,1,true
筲箕灣官立小學,筲箕灣官立小學,school,筲箕灣官立小學,,,,,,1,true
南屯門官立中學,南屯門官立中學,school,南屯門官立中學,,,,,,1,true
南元朗官立小學,南元朗官立小學,school,南元朗官立小學,,,,,,1,true
筲箕灣東官立中學,筲箕灣東官立中學,school,筲箕灣東官立中學,,,,,,1,true
沙田官立中學,沙田官立中學,school,沙田官立中學,,,,,,1,true
大埔官立小學,大埔官立小學,school,大埔官立小學,,,,,,1,true
天水圍官立小學,天水圍官立小學,school,天水圍官立小學,,,,,,1,true
天水圍官立中學,天水圍官立中學,school,天水圍官立中學,,,,,,1,true
何文田官立中學,何文田官立中學,school,何文田官立中學,,,,,,1,true
將軍澳官立中學,將軍澳官立中學,school,將軍澳官立中學,,,,,,1,true
香港南區官立小學,香港南區官立小學,school,香港南區官立小學,,,,,,1,true
馬頭涌官立小學,馬頭涌官立小學,school,馬頭涌官立小學,,,,,,1,true
鄧肇堅維多利亞官立中學,鄧肇堅維多利亞官立中學,school,鄧肇堅維多利亞官立中學,,,,,,1,true
馬頭涌官立小學(紅磡灣),馬頭涌官立小學(紅磡灣),school,馬頭涌官立小學(紅磡灣),,,,,,1,true
黃大仙官立小學,黃大仙官立小學,school,黃大仙官立小學,,,,,,1,true
觀塘功樂官立中學,觀塘功樂官立中學,school,觀塘功樂官立中學,,,,,,1,true
李鄭屋官立小學,李鄭屋官立小學,school,李鄭屋官立小學,,,,,,1,true
深水埗官立小學,深水埗官立小學,school,深水埗官立小學,,,,,,1,true
元朗公立中學,元朗公立中學,school,元朗公立中學,,,,,,1,true
趙聿修紀念中學,趙聿修紀念中學,school,趙聿修紀念中學,,,,,,1,true
新會商會學校,新會商會學校,school,新會商會學校,,,,,,1,true
香港四邑商工總會新會商會學校,香港四邑商工總會新會商會學校,school,香港四邑商工總會新會商會學校,,,,,,1,true
北角協同中學,北角協同中學,school,北角協同中學,,,,,,1,true
北角衞理小學,北角衞理小學,school,北角衞理小學,,,,,,1,true
鰂魚涌小學,鰂魚涌小學,school,鰂魚涌小學,,,,,,1,true
寶寶幼兒學校 (K566101A),寶寶幼兒學校 (K566101A),school,寶寶幼兒學校 (K566101A),,,,,,1,true
寶寶幼兒學校,寶寶幼兒學校,school,寶寶幼兒學校,,,,,,1,true
明愛堅尼地城幼兒學校,明愛堅尼地城幼兒學校,school,明愛堅尼地城幼兒學校,,,,,,1,true
英藝幼稚園(堅尼地城) (K620998A),英藝幼稚園(堅尼地城) (K620998A),school,英藝幼稚園(堅尼地城) (K620998A),,,,,,1,true
明愛堅尼地城幼兒學校 (K565954A),明愛堅尼地城幼兒學校 (K565954A),school,明愛堅尼地城幼兒學校 (K565954A),,,,,,1,true
香港明愛堅尼地城幼兒學校,香港明愛堅尼地城幼兒學校,school,香港明愛堅尼地城幼兒學校,,,,,,1,true
佐敦谷聖若瑟天主教小學,佐敦谷聖若瑟天主教小學,school,佐敦谷聖若瑟天主教小學,,,,,,1,true
寶血幼稚園(深水埗) (K564044A),寶血幼稚園(深水埗) (K564044A),school,寶血幼稚園(深水埗) (K564044A),,,,,,1,true
深水埗浸信會幼稚園 (K317403B),深水埗浸信會幼稚園 (K317403B),school,深水埗浸信會幼稚園 (K317403B),,,,,,1,true
深水埗德善幼稚園 (K325830A),深水埗德善幼稚園 (K325830A),school,深水埗德善幼稚園 (K325830A),,,,,,1,true
九龍灣聖若翰天主教小學,九龍灣聖若翰天主教小學,school,九龍灣聖若翰天主教小學,,,,,,1,true
聖公會九龍灣基樂小學,聖公會九龍灣基樂小學,school,聖公會九龍灣基樂小學,,,,,,1,true
香港小童群益會樂緻幼稚園(九龍灣) (K563455A),香港小童群益會樂緻幼稚園(九龍灣) (K563455A),school,香港小童群益會樂緻幼稚園(九龍灣) (K563455A),,,,,,1,true
黃大仙天主教小學,黃大仙天主教小學,school,黃大仙天主教小學,,,,,,1,true
九龍塘學校,九龍塘學校,school,九龍塘學校,,,,,,1,true
迦南幼稚園(九龍塘) (K531910A),迦南幼稚園(九龍塘) (K531910A),school,迦南幼稚園(九龍塘) (K531910A),,,,,,1,true
兒童無限學校（九龍塘）,兒童無限學校（九龍塘）,school,兒童無限學校（九龍塘）,,,,,,1,true
約克英文小學暨幼稚園（九龍塘）,約克英文小學暨幼稚園（九龍塘）,school,約克英文小學暨幼稚園（九龍塘）,,,,,,1,true
嘉諾撒聖家學校（九龍塘）,嘉諾撒聖家學校（九龍塘）,school,嘉諾撒聖家學校（九龍塘）,,,,,,1,true
九龍塘天主教華德學校,九龍塘天主教華德學校,school,九龍塘天主教華德學校,,,,,,1,true
中華基督教會基華小學（九龍塘）,中華基督教會基華小學（九龍塘）,school,中華基督教會基華小學（九龍塘）,,,,,,1,true
沙田小學,沙田小學,school,沙田小學,,,,,,1,true
港島中學,港島中學,school,港島中學,,,,,,1,true
葵涌浸信會幼稚園,葵涌浸信會幼稚園,school,葵涌浸信會幼稚園,,,,,,1,true
前屯門小學校,前屯門小學校,school,前屯門小學校,,,,,,1,true
元朗信義會生命幼稚園,元朗信義會生命幼稚園,school,元朗信義會生命幼稚園,,,,,,1,true
上水培幼幼稚園,上水培幼幼稚園,school,上水培幼幼稚園,,,,,,1,true
Tseung Kwan O Government Secondary School,Tseung Kwan O Government Secondary School,school,Tseung Kwan O Government Secondary School,,,,,,1,true
西貢樂育幼稚園,西貢樂育幼稚園,school,西貢樂育幼稚園,,,,,,1,true
太古小學,太古小學,school,太古小學,,,,,,1,true
油蔴地天主教小學,油蔴地天主教小學,school,油蔴地天主教小學,,,,,,1,true
九龍塘方方樂趣英文小學,九龍塘方方樂趣英文小學,school,九龍塘方方樂趣英文小學,,,,,,1,true
荃灣商會學校,荃灣商會學校,school,荃灣商會學校,,,,,,1,true
元朗信義中學,元朗信義中學,school,元朗信義中學,,,,,,1,true
香港仔浸信會白光幼稚園 (K523089A),香港仔浸信會白光幼稚園 (K523089A),school,香港仔浸信會白光幼稚園 (K523089A),,,,,,1,true
香港基督教女青年會青衣幼兒學校,香港基督教女青年會青衣幼兒學校,school,香港基督教女青年會青衣幼兒學校,,,,,,1,true
香港基督教女青年會青衣幼兒學校 (K623598A),香港基督教女青年會青衣幼兒學校 (K623598A),school,香港基督教女青年會青衣幼兒學校 (K623598A),,,,,,1,true
曾璧山(崇蘭)中學,曾璧山(崇蘭)中學,school,曾璧山(崇蘭)中學,,,,,,1,true
天樂幼稚園 (K537950A),天樂幼稚園 (K537950A),school,天樂幼稚園 (K537950A),,,,,,1,true
基督教聖約教會小天使(天盛)幼稚園 (K532835A),基督教聖約教會小天使(天盛)幼稚園 (K532835A),school,基督教聖約教會小天使(天盛)幼稚園 (K532835A),,,,,,1,true
樂富禮賢會幼稚園 (K325929A),樂富禮賢會幼稚園 (K325929A),school,樂富禮賢會幼稚園 (K325929A),,,,,,1,true
福德學校,福德學校,school,福德學校,,,,,,1,true
Discovery Montessori Academy (K600814A),Discovery Montessori Academy (K600814A),school,Discovery Montessori Academy (K600814A),,,,,,1,true
香港國際蒙特梭利學校 (K584606A),香港國際蒙特梭利學校 (K584606A),school,香港國際蒙特梭利學校 (K584606A),,,,,,1,true
Guidepost Montessori International Kindergarten (Discovery Bay) (K609625A),Guidepost Montessori International Kindergarten (Discovery Bay) (K609625A),school,Guidepost Montessori International Kindergarten (Discovery Bay) (K609625A),,,,,,1,true
心光盲人院暨學校心光護理安老院,心光盲人院暨學校心光護理安老院,school,心光盲人院暨學校心光護理安老院,,,,,,1,true
九龍城浸信會幼稚園 (K324078A),九龍城浸信會幼稚園 (K324078A),school,九龍城浸信會幼稚園 (K324078A),,,,,,1,true
救世軍韋理夫人紀念學校,救世軍韋理夫人紀念學校,school,救世軍韋理夫人紀念學校,,,,,,1,true
香港學堂國際學校,香港學堂國際學校,school,香港學堂國際學校,,,,,,1,true
福德學社小學,福德學社小學,school,福德學社小學,,,,,,1,true
港灣學校,港灣學校,school,港灣學校,,,,,,1,true
德瑞國際學校,德瑞國際學校,school,德瑞國際學校,,,,,,1,true
新加坡國際學校,新加坡國際學校,school,新加坡國際學校,,,,,,1,true
蘇浙小學校,蘇浙小學校,school,蘇浙小學校,,,,,,1,true
美國國際學校,美國國際學校,school,美國國際學校,,,,,,1,true
耀中國際學校,耀中國際學校,school,耀中國際學校,,,,,,1,true
賽馬會善樂學校,賽馬會善樂學校,school,賽馬會善樂學校,,,,,,1,true
己連拿小學,己連拿小學,school,己連拿小學,,,,,,1,true
京斯敦國際學校,京斯敦國際學校,school,京斯敦國際學校,,,,,,1,true
哈羅香港國際學校,哈羅香港國際學校,school,哈羅香港國際學校,,,,,,1,true
港大同學會小學,港大同學會小學,school,港大同學會小學,,,,,,1,true
示昕學校,示昕學校,school,示昕學校,,,,,,1,true
香港墨爾文國際學校,香港墨爾文國際學校,school,香港墨爾文國際學校,,,,,,1,true
香港澳洲國際學校,香港澳洲國際學校,school,香港澳洲國際學校,,,,,,1,true
瑪利灣學校(小學部),瑪利灣學校(小學部),school,瑪利灣學校(小學部),,,,,,1,true
瑪利灣學校(中學部),瑪利灣學校(中學部),school,瑪利灣學校(中學部),,,,,,1,true
聖類斯中學(小學部),聖類斯中學(小學部),school,聖類斯中學(小學部),,,,,,1,true
心光學校(小學部),心光學校(小學部),school,心光學校(小學部),,,,,,1,true
心光學校(中學部),心光學校(中學部),school,心光學校(中學部),,,,,,1,true
才俊學校(小學部),才俊學校(小學部),school,才俊學校(小學部),,,,,,1,true
才俊學校(中學部),才俊學校(中學部),school,才俊學校(中學部),,,,,,1,true
思貝禮國際學校,思貝禮國際學校,school,思貝禮國際學校,,,,,,1,true
協同國際學校,協同國際學校,school,協同國際學校,,,,,,1,true
培生學校,培生學校,school,培生學校,,,,,,1,true
遵理學校,遵理學校,school,遵理學校,,,,,,1,true
樹宏學校,樹宏學校,school,樹宏學校,,,,,,1,true
香港復臨學校,香港復臨學校,school,香港復臨學校,,,,,,1,true
香港西班牙學校,香港西班牙學校,school,香港西班牙學校,,,,,,1,true
滬江維多利亞學校,滬江維多利亞學校,school,滬江維多利亞學校,,,,,,1,true
香港威雅學校,香港威雅學校,school,香港威雅學校,,,,,,1,true
劍津英國學校,劍津英國學校,school,劍津英國學校,,,,,,1,true
耀中國際學校（中學）,耀中國際學校（中學）,school,耀中國際學校（中學）,,,,,,1,true
遵理學校(旺角),遵理學校(旺角),school,遵理學校(旺角),,,,,,1,true
香港力邁學校,香港力邁學校,school,香港力邁學校,,,,,,1,true
明愛白英奇專業學校,明愛白英奇專業學校,school,明愛白英奇專業學校,,,,,,1,true
保良局蔡繼有學校,保良局蔡繼有學校,school,保良局蔡繼有學校,,,,,,1,true
香港專業進修學校 (觀塘教學中心),香港專業進修學校 (觀塘教學中心),school,香港專業進修學校 (觀塘教學中心),,,,,,1,true
香港專業進修學校 (荃灣教學中心),香港專業進修學校 (荃灣教學中心),school,香港專業進修學校 (荃灣教學中心),,,,,,1,true
香港專業進修學校 (元朗教學中心),香港專業進修學校 (元朗教學中心),school,香港專業進修學校 (元朗教學中心),,,,,,1,true
明愛樂恩學校,明愛樂恩學校,school,明愛樂恩學校,,,,,,1,true
香港靈糧堂荃灣幼稚園 (K595969A),香港靈糧堂荃灣幼稚園 (K595969A),school,香港靈糧堂荃灣幼稚園 (K595969A),,,,,,1,true
香港靈糧堂荃灣幼稚園,香港靈糧堂荃灣幼稚園,school,香港靈糧堂荃灣幼稚園,,,,,,1,true
博愛醫院任永賢夫人幼稚園 (K564001A),博愛醫院任永賢夫人幼稚園 (K564001A),school,博愛醫院任永賢夫人幼稚園 (K564001A),,,,,,1,true
博愛醫院任永賢夫人幼稚園幼兒中心,博愛醫院任永賢夫人幼稚園幼兒中心,school,博愛醫院任永賢夫人幼稚園幼兒中心,,,,,,1,true
香港耀能協會高福耀紀念學校(小學部),香港耀能協會高福耀紀念學校(小學部),school,香港耀能協會高福耀紀念學校(小學部),,,,,,1,true
香港耀能協會高福耀紀念學校(中學部),香港耀能協會高福耀紀念學校(中學部),school,香港耀能協會高福耀紀念學校(中學部),,,,,,1,true
樂善堂李賢義幼稚園 (K324884B),樂善堂李賢義幼稚園 (K324884B),school,樂善堂李賢義幼稚園 (K324884B),,,,,,1,true
救世軍水泉澳幼稚園 (K605620A),救世軍水泉澳幼稚園 (K605620A),school,救世軍水泉澳幼稚園 (K605620A),,,,,,1,true
基督教香港崇真會安頌幼稚園 (K609137A),基督教香港崇真會安頌幼稚園 (K609137A),school,基督教香港崇真會安頌幼稚園 (K609137A),,,,,,1,true
樂善堂李賢義幼稚園,樂善堂李賢義幼稚園,school,樂善堂李賢義幼稚園,,,,,,1,true
田景邨浸信會呂郭碧鳳幼稚園 (K158747A),田景邨浸信會呂郭碧鳳幼稚園 (K158747A),school,田景邨浸信會呂郭碧鳳幼稚園 (K158747A),,,,,,1,true
香港西區婦女福利會鴨脷洲邨幼稚園 (K563714A),香港西區婦女福利會鴨脷洲邨幼稚園 (K563714A),school,香港西區婦女福利會鴨脷洲邨幼稚園 (K563714A),,,,,,1,true
香港西區婦女福利會鴨脷洲邨幼稚園,香港西區婦女福利會鴨脷洲邨幼稚園,school,香港西區婦女福利會鴨脷洲邨幼稚園,,,,,,1,true
朗屏邨聖恩幼稚園 (K158410A),朗屏邨聖恩幼稚園 (K158410A),school,朗屏邨聖恩幼稚園 (K158410A),,,,,,1,true
坪石天主教小學,坪石天主教小學,school,坪石天主教小學,,,,,,1,true
朗屏邨聖恩幼稚園,朗屏邨聖恩幼稚園,school,朗屏邨聖恩幼稚園,,,,,,1,true
香港猶太教國際學校,香港猶太教國際學校,school,香港猶太教國際學校,,,,,,1,true
玫瑰崗學校,玫瑰崗學校,school,玫瑰崗學校,,,,,,1,true
慈幼中學,慈幼中學,school,慈幼中學,,,,,,1,true
Carmel School Association ELSA High School,Carmel School Association ELSA High School,school,Carmel School Association ELSA High School,,,,,,1,true
香港國際學校,香港國際學校,school,香港國際學校,,,,,,1,true
聖安當小學2樓校務處,聖安當小學2樓校務處,school,聖安當小學2樓校務處,,,,,,1,true
畢架山小學,畢架山小學,school,畢架山小學,,,,,,1,true
庇理羅士女子中學,庇理羅士女子中學,school,庇理羅士女子中學,,,,,,1,true
嘉諾撒小學,嘉諾撒小學,school,嘉諾撒小學,,,,,,1,true
明愛樂群學校,明愛樂群學校,school,明愛樂群學校,,,,,,1,true
天主教總堂區學校,天主教總堂區學校,school,天主教總堂區學校,,,,,,1,true
清水灣小學,清水灣小學,school,清水灣小學,,,,,,1,true
啓思小學,啓思小學,school,啓思小學,,,,,,1,true
地利亞修女紀念學校,地利亞修女紀念學校,school,地利亞修女紀念學校,,,,,,1,true
拔萃小學,拔萃小學,school,拔萃小學,,,,,,1,true
靈光小學,靈光小學,school,靈光小學,,,,,,1,true
基督教深井靈光小學,基督教深井靈光小學,school,基督教深井靈光小學,,,,,,1,true
法國國際學校,法國國際學校,school,法國國際學校,,,,,,1,true
何東中學,何東中學,school,何東中學,,,,,,1,true
耀山學校,耀山學校,school,耀山學校,,,,,,1,true
啓才學校,啓才學校,school,啓才學校,,,,,,1,true
九龍工業學校,九龍工業學校,school,九龍工業學校,,,,,,1,true
泮林公立群雅學校,泮林公立群雅學校,school,泮林公立群雅學校,,,,,,1,true
大嶼山國際學校,大嶼山國際學校,school,大嶼山國際學校,,,,,,1,true
瑪利諾神父教會學校,瑪利諾神父教會學校,school,瑪利諾神父教會學校,,,,,,1,true
香港中國婦女會中學,香港中國婦女會中學,school,香港中國婦女會中學,,,,,,1,true
KOREAN INTERNATIONAL SCHOOL,KOREAN INTERNATIONAL SCHOOL,school,KOREAN INTERNATIONAL SCHOOL,,,,,,1,true
明愛樂義學校(小學部),明愛樂義學校(小學部),school,明愛樂義學校(小學部),,,,,,1,true
明愛樂義學校(中學部),明愛樂義學校(中學部),school,明愛樂義學校(中學部),,,,,,1,true
合一堂學校,合一堂學校,school,合一堂學校,,,,,,1,true
香港培正中學,香港培正中學,school,香港培正中學,,,,,,1,true
德蘭中學,德蘭中學,school,德蘭中學,,,,,,1,true
天主教領島學校,天主教領島學校,school,天主教領島學校,,,,,,1,true
STAMFORD AMERICAN SCHOOL HONG KONG,STAMFORD AMERICAN SCHOOL HONG KONG,school,STAMFORD AMERICAN SCHOOL HONG KONG,,,,,,1,true
余振強紀念中學,余振強紀念中學,school,余振強紀念中學,,,,,,1,true
陳瑞祺(喇沙)小學,陳瑞祺(喇沙)小學,school,陳瑞祺(喇沙)小學,,,,,,1,true
旅港開平商會中學,旅港開平商會中學,school,旅港開平商會中學,,,,,,1,true
聖公會聖三一堂中學,聖公會聖三一堂中學,school,聖公會聖三一堂中學,,,,,,1,true
聖公會蔡功譜中學,聖公會蔡功譜中學,school,聖公會蔡功譜中學,,,,,,1,true
基督教女青年會丘佐榮中學,基督教女青年會丘佐榮中學,school,基督教女青年會丘佐榮中學,,,,,,1,true
中華基督教會基灣小學,中華基督教會基灣小學,school,中華基督教會基灣小學,,,,,,1,true
香港中國婦女會丘佐榮學校,香港中國婦女會丘佐榮學校,school,香港中國婦女會丘佐榮學校,,,,,,1,true
中華基督教會基灣小學(愛蝶灣),中華基督教會基灣小學(愛蝶灣),school,中華基督教會基灣小學(愛蝶灣),,,,,,1,true
香港培正小學,香港培正小學,school,香港培正小學,,,,,,1,true
新亞中學,新亞中學,school,新亞中學,,,,,,1,true
鄧鏡波學校,鄧鏡波學校,school,鄧鏡波學校,,,,,,1,true
漢師德萃學校,漢師德萃學校,school,漢師德萃學校,,,,,,1,true
獻主會聖馬善樂小學,獻主會聖馬善樂小學,school,獻主會聖馬善樂小學,,,,,,1,true
創知中學,創知中學,school,創知中學,,,,,,1,true
迦密中學,迦密中學,school,迦密中學,,,,,,1,true
保良局林文燦英文小學,保良局林文燦英文小學,school,保良局林文燦英文小學,,,,,,1,true
香港紅十字會醫院學校(小學部),香港紅十字會醫院學校(小學部),school,香港紅十字會醫院學校(小學部),,,,,,1,true
香港紅十字會醫院學校(中學部),香港紅十字會醫院學校(中學部),school,香港紅十字會醫院學校(中學部),,,,,,1,true
基督教香港信義會信義中學,基督教香港信義會信義中學,school,基督教香港信義會信義中學,,,,,,1,true
聖公會諸聖中學,聖公會諸聖中學,school,聖公會諸聖中學,,,,,,1,true
協恩中學,協恩中學,school,協恩中學,,,,,,1,true
九龍婦女福利會李炳紀念學校,九龍婦女福利會李炳紀念學校,school,九龍婦女福利會李炳紀念學校,,,,,,1,true
石崗學校第1座,石崗學校第1座,school,石崗學校第1座,,,,,,1,true
神召第一小學暨幼稚園,神召第一小學暨幼稚園,school,神召第一小學暨幼稚園,,,,,,1,true
郭怡雅神父紀念學校,郭怡雅神父紀念學校,school,郭怡雅神父紀念學校,,,,,,1,true
獻主會小學,獻主會小學,school,獻主會小學,,,,,,1,true
聖公會聖三一堂小學,聖公會聖三一堂小學,school,聖公會聖三一堂小學,,,,,,1,true
慈航學校,慈航學校,school,慈航學校,,,,,,1,true
拔萃女小學,拔萃女小學,school,拔萃女小學,,,,,,1,true
協恩中學附屬小學,協恩中學附屬小學,school,協恩中學附屬小學,,,,,,1,true
喇沙小學,喇沙小學,school,喇沙小學,,,,,,1,true
聖安當小學,聖安當小學,school,聖安當小學,,,,,,1,true
聖公會李兆強小學,聖公會李兆強小學,school,聖公會李兆強小學,,,,,,1,true
九龍禮賢學校 (K138177A),九龍禮賢學校 (K138177A),school,九龍禮賢學校 (K138177A),,,,,,1,true
滙豐幼兒學校 (K566748A),滙豐幼兒學校 (K566748A),school,滙豐幼兒學校 (K566748A),,,,,,1,true
又一村學校,又一村學校,school,又一村學校,,,,,,1,true
香港仔工業學校慈幼會,香港仔工業學校慈幼會,school,香港仔工業學校慈幼會,,,,,,1,true
佛教志蓮小學,佛教志蓮小學,school,佛教志蓮小學,,,,,,1,true
艾蒙特國際幼稚園 (K615633A),艾蒙特國際幼稚園 (K615633A),school,艾蒙特國際幼稚園 (K615633A),,,,,,1,true
粉嶺禮賢會中學,粉嶺禮賢會中學,school,粉嶺禮賢會中學,,,,,,1,true
九龍真光中學,九龍真光中學,school,九龍真光中學,,,,,,1,true
龍翔官立中學,龍翔官立中學,school,龍翔官立中學,,,,,,1,true
明雅國際幼兒學校 (K567027A),明雅國際幼兒學校 (K567027A),school,明雅國際幼兒學校 (K567027A),,,,,,1,true
天主教普照中學,天主教普照中學,school,天主教普照中學,,,,,,1,true
油塘天主教普照中學,油塘天主教普照中學,school,油塘天主教普照中學,,,,,,1,true
田家炳中學,田家炳中學,school,田家炳中學,,,,,,1,true
大澳小學,大澳小學,school,大澳小學,,,,,,1,true
英皇佐治五世學校活動中心,英皇佐治五世學校活動中心,school,英皇佐治五世學校活動中心,,,,,,1,true
英皇佐治五世學校連座,英皇佐治五世學校連座,school,英皇佐治五世學校連座,,,,,,1,true
英皇佐治五世學校新座,英皇佐治五世學校新座,school,英皇佐治五世學校新座,,,,,,1,true
英皇佐治五世學校,英皇佐治五世學校,school,英皇佐治五世學校,,,,,,1,true
KING GEORGE V SCHOOL,KING GEORGE V SCHOOL,school,KING GEORGE V SCHOOL,,,,,,1,true
五育中學,五育中學,school,五育中學,,,,,,1,true
石崗學校第5座,石崗學校第5座,school,石崗學校第5座,,,,,,1,true
五旬節林漢光中學,五旬節林漢光中學,school,五旬節林漢光中學,,,,,,1,true
Cheung Chau Government Secondary School Block B,Cheung Chau Government Secondary School Block B,school,Cheung Chau Government Secondary School Block B,,,,,,1,true
Cheung Chau Government Secondary School Block C,Cheung Chau Government Secondary School Block C,school,Cheung Chau Government Secondary School Block C,,,,,,1,true
五旬節靳茂生小學,五旬節靳茂生小學,school,五旬節靳茂生小學,,,,,,1,true
瑪利諾修院學校,瑪利諾修院學校,school,瑪利諾修院學校,,,,,,1,true
天主教慈幼會伍少梅工業學校,天主教慈幼會伍少梅工業學校,school,天主教慈幼會伍少梅工業學校,,,,,,1,true
秀明小學,秀明小學,school,秀明小學,,,,,,1,true
德雅學校,德雅學校,school,德雅學校,,,,,,1,true
五邑鄒振猷學校,五邑鄒振猷學校,school,五邑鄒振猷學校,,,,,,1,true
五邑司徒浩中學,五邑司徒浩中學,school,五邑司徒浩中學,,,,,,1,true
順德聯誼總會伍冕端小學,順德聯誼總會伍冕端小學,school,順德聯誼總會伍冕端小學,,,,,,1,true
瑪利諾修院學校(中學部),瑪利諾修院學校(中學部),school,瑪利諾修院學校(中學部),,,,,,1,true
天主教南華中學,天主教南華中學,school,天主教南華中學,,,,,,1,true
天主教伍華小學,天主教伍華小學,school,天主教伍華小學,,,,,,1,true
天主教伍華中學,天主教伍華中學,school,天主教伍華中學,,,,,,1,true
僑港伍氏宗親會伍時暢紀念學校,僑港伍氏宗親會伍時暢紀念學校,school,僑港伍氏宗親會伍時暢紀念學校,,,,,,1,true
聖嘉勒小學,聖嘉勒小學,school,聖嘉勒小學,,,,,,1,true
五邑鄒振猷學校家長資源中心,五邑鄒振猷學校家長資源中心,school,五邑鄒振猷學校家長資源中心,,,,,,1,true
麗晶幼稚園分校 (K156981A),麗晶幼稚園分校 (K156981A),school,麗晶幼稚園分校 (K156981A),,,,,,1,true
匡智屯門晨崗學校,匡智屯門晨崗學校,school,匡智屯門晨崗學校,,,,,,1,true
天主教聖雲先幼兒學校,天主教聖雲先幼兒學校,school,天主教聖雲先幼兒學校,,,,,,1,true
裘錦秋中學（元朗）,裘錦秋中學（元朗）,school,裘錦秋中學（元朗）,,,,,,1,true
馬鞍山崇真中學,馬鞍山崇真中學,school,馬鞍山崇真中學,,,,,,1,true
聖公會基孝中學,聖公會基孝中學,school,聖公會基孝中學,,,,,,1,true
聖公會聖紀文小學,聖公會聖紀文小學,school,聖公會聖紀文小學,,,,,,1,true
天主教聖雲先幼兒學校 (K563510A),天主教聖雲先幼兒學校 (K563510A),school,天主教聖雲先幼兒學校 (K563510A),,,,,,1,true
五邑工商總會學校,五邑工商總會學校,school,五邑工商總會學校,,,,,,1,true
五旬節于良發小學,五旬節于良發小學,school,五旬節于良發小學,,,,,,1,true
石崗學校第10座,石崗學校第10座,school,石崗學校第10座,,,,,,1,true
嘻哈學校,嘻哈學校,school,嘻哈學校,,,,,,1,true
優才(楊殷有娣)學校,優才(楊殷有娣)學校,school,優才(楊殷有娣)學校,,,,,,1,true
麗澤中學,麗澤中學,school,麗澤中學,,,,,,1,true
祖堯天主教小學,祖堯天主教小學,school,祖堯天主教小學,,,,,,1,true
Shrewsbury International School Hong Kong,Shrewsbury International School Hong Kong,school,Shrewsbury International School Hong Kong,,,,,,1,true
藍田聖保祿中學,藍田聖保祿中學,school,藍田聖保祿中學,,,,,,1,true
Spanish School Hong Kong,Spanish School Hong Kong,school,Spanish School Hong Kong,,,,,,1,true
伊斯蘭鮑伯濤紀念小學,伊斯蘭鮑伯濤紀念小學,school,伊斯蘭鮑伯濤紀念小學,,,,,,1,true
大埔舊墟公立學校,大埔舊墟公立學校,school,大埔舊墟公立學校,,,,,,1,true
香港紅十字會瑪嘉烈戴麟趾學校,香港紅十字會瑪嘉烈戴麟趾學校,school,香港紅十字會瑪嘉烈戴麟趾學校,,,,,,1,true
聖公會白約翰會督中學,聖公會白約翰會督中學,school,聖公會白約翰會督中學,,,,,,1,true
聖公會聖匠中學,聖公會聖匠中學,school,聖公會聖匠中學,,,,,,1,true
約克英文小學暨幼稚園 (K322822A),約克英文小學暨幼稚園 (K322822A),school,約克英文小學暨幼稚園 (K322822A),,,,,,1,true
仁濟醫院蔡衍濤小學,仁濟醫院蔡衍濤小學,school,仁濟醫院蔡衍濤小學,,,,,,1,true
保良局田家炳小學,保良局田家炳小學,school,保良局田家炳小學,,,,,,1,true
聖公會林裘謀中學,聖公會林裘謀中學,school,聖公會林裘謀中學,,,,,,1,true
香港紅十字會雅麗珊郡主學校,香港紅十字會雅麗珊郡主學校,school,香港紅十字會雅麗珊郡主學校,,,,,,1,true
聖公會聖十架小學,聖公會聖十架小學,school,聖公會聖十架小學,,,,,,1,true
香港中國婦女會馮堯敬紀念中學,香港中國婦女會馮堯敬紀念中學,school,香港中國婦女會馮堯敬紀念中學,,,,,,1,true
順德聯誼總會何日東小學,順德聯誼總會何日東小學,school,順德聯誼總會何日東小學,,,,,,1,true
仁濟醫院靚次伯紀念中學,仁濟醫院靚次伯紀念中學,school,仁濟醫院靚次伯紀念中學,,,,,,1,true
五旬節聖潔會永光小學,五旬節聖潔會永光小學,school,五旬節聖潔會永光小學,,,,,,1,true
柴灣角天主教小學,柴灣角天主教小學,school,柴灣角天主教小學,,,,,,1,true
York Montessori International Pre-School (Tseung Kwan O) (K609749A),York Montessori International Pre-School (Tseung Kwan O) (K609749A),school,York Montessori International Pre-School (Tseung Kwan O) (K609749A),,,,,,1,true
聖安多尼中英文小學暨幼稚園 (K213632B),聖安多尼中英文小學暨幼稚園 (K213632B),school,聖安多尼中英文小學暨幼稚園 (K213632B),,,,,,1,true
中華基督教會譚李麗芬紀念中學,中華基督教會譚李麗芬紀念中學,school,中華基督教會譚李麗芬紀念中學,,,,,,1,true
裘錦秋中學（葵涌）,裘錦秋中學（葵涌）,school,裘錦秋中學（葵涌）,,,,,,1,true
York Montessori International Pre-School (Mei Foo) (K604615A),York Montessori International Pre-School (Mei Foo) (K604615A),school,York Montessori International Pre-School (Mei Foo) (K604615A),,,,,,1,true
香港紅十字會雅麗珊郡主學校香港賽馬會學生宿舍,香港紅十字會雅麗珊郡主學校香港賽馬會學生宿舍,school,香港紅十字會雅麗珊郡主學校香港賽馬會學生宿舍,,,,,,1,true
佳寶幼稚園 (K324159A),佳寶幼稚園 (K324159A),school,佳寶幼稚園 (K324159A),,,,,,1,true
佳寶幼稚園,佳寶幼稚園,school,佳寶幼稚園,,,,,,1,true
康傑幼稚園(馬鞍山) (K565113A),康傑幼稚園(馬鞍山) (K565113A),school,康傑幼稚園(馬鞍山) (K565113A),,,,,,1,true
康傑中英文幼稚園(馬鞍山) (K231657A),康傑中英文幼稚園(馬鞍山) (K231657A),school,康傑中英文幼稚園(馬鞍山) (K231657A),,,,,,1,true
卓基英文學校暨幼稚園,卓基英文學校暨幼稚園,school,卓基英文學校暨幼稚園,,,,,,1,true
青衣商會幼稚園,青衣商會幼稚園,school,青衣商會幼稚園,,,,,,1,true
聖公會主恩小學,聖公會主恩小學,school,聖公會主恩小學,,,,,,1,true
三水同鄉會劉本章學校,三水同鄉會劉本章學校,school,三水同鄉會劉本章學校,,,,,,1,true
華富邨寶血小學,華富邨寶血小學,school,華富邨寶血小學,,,,,,1,true
華富邨寶血小學 (前稱),華富邨寶血小學 (前稱),school,華富邨寶血小學 (前稱),,,,,,1,true
香港伯特利教會基甸幼稚園,香港伯特利教會基甸幼稚園,school,香港伯特利教會基甸幼稚園,,,,,,1,true
明愛莊月明中學,明愛莊月明中學,school,明愛莊月明中學,,,,,,1,true
救世軍華富幼兒學校,救世軍華富幼兒學校,school,救世軍華富幼兒學校,,,,,,1,true
東華三院徐展堂學校,東華三院徐展堂學校,school,東華三院徐展堂學校,,,,,,1,true
救世軍華富幼兒學校 (K563145A),救世軍華富幼兒學校 (K563145A),school,救世軍華富幼兒學校 (K563145A),,,,,,1,true
東莞工商總會張煌偉小學,東莞工商總會張煌偉小學,school,東莞工商總會張煌偉小學,,,,,,1,true
九龍城浸信會禧年(恩平)小學,九龍城浸信會禧年(恩平)小學,school,九龍城浸信會禧年(恩平)小學,,,,,,1,true
東華三院馬陳景霞幼稚園 (K157384A),東華三院馬陳景霞幼稚園 (K157384A),school,東華三院馬陳景霞幼稚園 (K157384A),,,,,,1,true
山景邨浸信會幼稚園,山景邨浸信會幼稚園,school,山景邨浸信會幼稚園,,,,,,1,true
聖公會青山聖彼得堂山景邨幼稚園 (K157473A),聖公會青山聖彼得堂山景邨幼稚園 (K157473A),school,聖公會青山聖彼得堂山景邨幼稚園 (K157473A),,,,,,1,true
聖公會青山聖彼得堂山景邨幼稚園,聖公會青山聖彼得堂山景邨幼稚園,school,聖公會青山聖彼得堂山景邨幼稚園,,,,,,1,true
田景邨浸信會呂郭碧鳳幼稚園,田景邨浸信會呂郭碧鳳幼稚園,school,田景邨浸信會呂郭碧鳳幼稚園,,,,,,1,true
保良局張潘美意幼稚園 (K523445B),保良局張潘美意幼稚園 (K523445B),school,保良局張潘美意幼稚園 (K523445B),,,,,,1,true
香港聖公會東涌幼兒學校,香港聖公會東涌幼兒學校,school,香港聖公會東涌幼兒學校,,,,,,1,true
香港聖公會東涌幼兒學校 (K566926A),香港聖公會東涌幼兒學校 (K566926A),school,香港聖公會東涌幼兒學校 (K566926A),,,,,,1,true
金巴崙長老會青草地幼稚園 (K524123A),金巴崙長老會青草地幼稚園 (K524123A),school,金巴崙長老會青草地幼稚園 (K524123A),,,,,,1,true
嗇色園主辦可譽中學暨可譽小學,嗇色園主辦可譽中學暨可譽小學,school,嗇色園主辦可譽中學暨可譽小學,,,,,,1,true
保良局張潘美意幼稚園,保良局張潘美意幼稚園,school,保良局張潘美意幼稚園,,,,,,1,true
金巴崙長老會青草地幼稚園,金巴崙長老會青草地幼稚園,school,金巴崙長老會青草地幼稚園,,,,,,1,true
中華基金中學,中華基金中學,school,中華基金中學,,,,,,1,true
明愛胡振中中學,明愛胡振中中學,school,明愛胡振中中學,,,,,,1,true
啟思中英文幼稚園(馬鞍山),啟思中英文幼稚園(馬鞍山),school,啟思中英文幼稚園(馬鞍山),,,,,,1,true
真理浸信會幼稚園 (K158259A),真理浸信會幼稚園 (K158259A),school,真理浸信會幼稚園 (K158259A),,,,,,1,true
平安福音堂幼稚園 (K158429A),平安福音堂幼稚園 (K158429A),school,平安福音堂幼稚園 (K158429A),,,,,,1,true
小大嶼山蒙特梭利幼稚園,小大嶼山蒙特梭利幼稚園,school,小大嶼山蒙特梭利幼稚園,,,,,,1,true
瑪麗醫院護士學校,瑪麗醫院護士學校,school,瑪麗醫院護士學校,,,,,,1,true
School of General Nursing,School of General Nursing,school,School of General Nursing,,,,,,1,true
仁濟醫院山景幼稚園,仁濟醫院山景幼稚園,school,仁濟醫院山景幼稚園,,,,,,1,true
元朗公立中學校友會鄧兆棠中學,元朗公立中學校友會鄧兆棠中學,school,元朗公立中學校友會鄧兆棠中學,,,,,,1,true
元朗公立中學校友會小學,元朗公立中學校友會小學,school,元朗公立中學校友會小學,,,,,,1,true
元朗公立中學校友會英業小學,元朗公立中學校友會英業小學,school,元朗公立中學校友會英業小學,,,,,,1,true
元朗公立中學校友會鄧英業小學,元朗公立中學校友會鄧英業小學,school,元朗公立中學校友會鄧英業小學,,,,,,1,true
元朗公立中學校友會劉良驤紀念幼稚園 (K159140A),元朗公立中學校友會劉良驤紀念幼稚園 (K159140A),school,元朗公立中學校友會劉良驤紀念幼稚園 (K159140A),,,,,,1,true
職業訓練局邱子文高中學校 (前稱),職業訓練局邱子文高中學校 (前稱),school,職業訓練局邱子文高中學校 (前稱),,,,,,1,true
基督教臻美黃乾亨小學暨初中學校 (前稱),基督教臻美黃乾亨小學暨初中學校 (前稱),school,基督教臻美黃乾亨小學暨初中學校 (前稱),,,,,,1,true
元朗公立中學校友會劉良驤紀念幼稚園,元朗公立中學校友會劉良驤紀念幼稚園,school,元朗公立中學校友會劉良驤紀念幼稚園,,,,,,1,true
福建中學,福建中學,school,福建中學,,,,,,1,true
九龍三育中學（周氏分校）,九龍三育中學（周氏分校）,school,九龍三育中學（周氏分校）,,,,,,1,true
世界龍岡學校劉皇發中學,世界龍岡學校劉皇發中學,school,世界龍岡學校劉皇發中學,,,,,,1,true
寧波第二中學,寧波第二中學,school,寧波第二中學,,,,,,1,true
仁濟醫院第二中學,仁濟醫院第二中學,school,仁濟醫院第二中學,,,,,,1,true
西貢崇真天主教學校（中學部）,西貢崇真天主教學校（中學部）,school,西貢崇真天主教學校（中學部）,,,,,,1,true
香港日本人學校中學部,香港日本人學校中學部,school,香港日本人學校中學部,,,,,,1,true
伊利沙伯中學舊生會小學分校,伊利沙伯中學舊生會小學分校,school,伊利沙伯中學舊生會小學分校,,,,,,1,true
西貢崇真天主教學校(中學部)禮堂,西貢崇真天主教學校(中學部)禮堂,school,西貢崇真天主教學校(中學部)禮堂,,,,,,1,true
仁濟醫院林百欣中學,仁濟醫院林百欣中學,school,仁濟醫院林百欣中學,,,,,,1,true
西貢崇真天主教學校(中學部)第一座,西貢崇真天主教學校(中學部)第一座,school,西貢崇真天主教學校(中學部)第一座,,,,,,1,true
西貢崇真天主教學校(中學部)第二座,西貢崇真天主教學校(中學部)第二座,school,西貢崇真天主教學校(中學部)第二座,,,,,,1,true
西貢崇真天主教學校(中學部)第三座,西貢崇真天主教學校(中學部)第三座,school,西貢崇真天主教學校(中學部)第三座,,,,,,1,true
英基學校協會西島中學,英基學校協會西島中學,school,英基學校協會西島中學,,,,,,1,true
鐘聲慈善社胡陳金枝中學,鐘聲慈善社胡陳金枝中學,school,鐘聲慈善社胡陳金枝中學,,,,,,1,true
香港專業進修學校,香港專業進修學校,school,香港專業進修學校,,,,,,1,true
大茶壺學校食物部服務(馬可賓紀念中學),大茶壺學校食物部服務(馬可賓紀念中學),school,大茶壺學校食物部服務(馬可賓紀念中學),,,,,,1,true
慈恩學校(中學部),慈恩學校(中學部),school,慈恩學校(中學部),,,,,,1,true
慈幼英文學校(中學部) (別稱),慈幼英文學校(中學部) (別稱),school,慈幼英文學校(中學部) (別稱),,,,,,1,true
九龍塘學校(中學部),九龍塘學校(中學部),school,九龍塘學校(中學部),,,,,,1,true
天保民學校(中學部),天保民學校(中學部),school,天保民學校(中學部),,,,,,1,true
匡智屯門晨崗學校(中學部),匡智屯門晨崗學校(中學部),school,匡智屯門晨崗學校(中學部),,,,,,1,true
三水同鄉會劉本章學校(中學部),三水同鄉會劉本章學校(中學部),school,三水同鄉會劉本章學校(中學部),,,,,,1,true
明愛培立學校(中學部),明愛培立學校(中學部),school,明愛培立學校(中學部),,,,,,1,true
明愛樂群學校(中學部),明愛樂群學校(中學部),school,明愛樂群學校(中學部),,,,,,1,true
明愛樂進學校(中學部),明愛樂進學校(中學部),school,明愛樂進學校(中學部),,,,,,1,true
石澳公立文新學校,石澳公立文新學校,school,石澳公立文新學校,,,,,,1,true
金錢村何東學校,金錢村何東學校,school,金錢村何東學校,,,,,,1,true
香港航海學校食堂,香港航海學校食堂,school,香港航海學校食堂,,,,,,1,true
香港航海學校工場,香港航海學校工場,school,香港航海學校工場,,,,,,1,true
香港航海學校教員室,香港航海學校教員室,school,香港航海學校教員室,,,,,,1,true
香港航海學校燒焊室,香港航海學校燒焊室,school,香港航海學校燒焊室,,,,,,1,true
香港航海學校行政大樓,香港航海學校行政大樓,school,香港航海學校行政大樓,,,,,,1,true
香港航海學校學生宿舍,香港航海學校學生宿舍,school,香港航海學校學生宿舍,,,,,,1,true
香港航海學校舍監宿舍,香港航海學校舍監宿舍,school,香港航海學校舍監宿舍,,,,,,1,true
香港航海學校課室及體育大樓,香港航海學校課室及體育大樓,school,香港航海學校課室及體育大樓,,,,,,1,true
香港航海學校多用途教學大樓,香港航海學校多用途教學大樓,school,香港航海學校多用途教學大樓,,,,,,1,true
The Hong Kong Sea School Kiosk,The Hong Kong Sea School Kiosk,school,The Hong Kong Sea School Kiosk,,,,,,1,true
佛教中華康山學校,佛教中華康山學校,school,佛教中華康山學校,,,,,,1,true
東華三院鶴山學校,東華三院鶴山學校,school,東華三院鶴山學校,,,,,,1,true
救世軍中原慈善基金皇后山學校,救世軍中原慈善基金皇后山學校,school,救世軍中原慈善基金皇后山學校,,,,,,1,true
龍山學校 (前稱),龍山學校 (前稱),school,龍山學校 (前稱),,,,,,1,true
鶴山學校 (前稱),鶴山學校 (前稱),school,鶴山學校 (前稱),,,,,,1,true
佛教中華康山小學 (前稱),佛教中華康山小學 (前稱),school,佛教中華康山小學 (前稱),,,,,,1,true
天主教聖華學校,天主教聖華學校,school,天主教聖華學校,,,,,,1,true
前東灣莫羅瑞華學校,前東灣莫羅瑞華學校,school,前東灣莫羅瑞華學校,,,,,,1,true
中華基督教會香港區會基華學校,中華基督教會香港區會基華學校,school,中華基督教會香港區會基華學校,,,,,,1,true
香港學生輔助會東灣莫羅瑞華學校石壁宿舍,香港學生輔助會東灣莫羅瑞華學校石壁宿舍,school,香港學生輔助會東灣莫羅瑞華學校石壁宿舍,,,,,,1,true
古洞公立愛華學校 (前稱),古洞公立愛華學校 (前稱),school,古洞公立愛華學校 (前稱),,,,,,1,true
東灣莫羅瑞華學校 (前稱),東灣莫羅瑞華學校 (前稱),school,東灣莫羅瑞華學校 (前稱),,,,,,1,true
東灣莫羅瑞華學校(小學部),東灣莫羅瑞華學校(小學部),school,東灣莫羅瑞華學校(小學部),,,,,,1,true
東灣莫羅瑞華學校(中學部),東灣莫羅瑞華學校(中學部),school,東灣莫羅瑞華學校(中學部),,,,,,1,true
中華基督教會方潤華學校 (前稱),中華基督教會方潤華學校 (前稱),school,中華基督教會方潤華學校 (前稱),,,,,,1,true
攸潭美學校 (前稱),攸潭美學校 (前稱),school,攸潭美學校 (前稱),,,,,,1,true
仁濟醫院A座,仁濟醫院A座,hospital,仁濟醫院A座,,,,,,1,true
香港兒童醫院 A座,香港兒童醫院 A座,hospital,香港兒童醫院 A座,,,,,,1,true
鴨脷洲普通科門診診所,鴨脷洲普通科門診診所,hospital,鴨脷洲普通科門診診所,,,,,,1,true
瑪嘉烈醫院 AB座,瑪嘉烈醫院 AB座,hospital,瑪嘉烈醫院 AB座,,,,,,1,true
博愛醫院陳歐陽麗嬋紀念日間老人護理中心,博愛醫院陳歐陽麗嬋紀念日間老人護理中心,hospital,博愛醫院陳歐陽麗嬋紀念日間老人護理中心,,,,,,1,true
西灣河家庭醫學診所,西灣河家庭醫學診所,hospital,西灣河家庭醫學診所,,,,,,1,true
瑪麗醫院 K 座,瑪麗醫院 K 座,hospital,瑪麗醫院 K 座,,,,,,1,true
九龍醫院N座,九龍醫院N座,hospital,九龍醫院N座,,,,,,1,true
瑪嘉烈醫院N座,瑪嘉烈醫院N座,hospital,瑪嘉烈醫院N座,,,,,,1,true
將軍澳醫院,將軍澳醫院,hospital,將軍澳醫院,,,,,,1,true
將軍澳醫院 主座大樓,將軍澳醫院 主座大樓,hospital,將軍澳醫院 主座大樓,,,,,,1,true
大埔醫院,大埔醫院,hospital,大埔醫院,,,,,,1,true
牙科診所 (大埔),牙科診所 (大埔),hospital,牙科診所 (大埔),,,,,,1,true
西醫診所 (大埔),西醫診所 (大埔),hospital,西醫診所 (大埔),,,,,,1,true
荔枝角醫院荔康居Q座 (前稱),荔枝角醫院荔康居Q座 (前稱),hospital,荔枝角醫院荔康居Q座 (前稱),,,,,,1,true
九龍醫院R座,九龍醫院R座,hospital,九龍醫院R座,,,,,,1,true
伊利沙伯醫院R座 (別稱),伊利沙伯醫院R座 (別稱),hospital,伊利沙伯醫院R座 (別稱),,,,,,1,true
瑪麗醫院T座,瑪麗醫院T座,hospital,瑪麗醫院T座,,,,,,1,true
瑪麗醫院 T 座,瑪麗醫院 T 座,hospital,瑪麗醫院 T 座,,,,,,1,true
屯門醫院T座,屯門醫院T座,hospital,屯門醫院T座,,,,,,1,true
伊利沙伯醫院(日間醫療中心新翼 (T座)),伊利沙伯醫院(日間醫療中心新翼 (T座)),hospital,伊利沙伯醫院(日間醫療中心新翼 (T座)),,,,,,1,true
OK便利店-威爾斯親王醫院,OK便利店-威爾斯親王醫院,hospital,OK便利店-威爾斯親王醫院,,,,,,1,true
九龍醫院,九龍醫院,hospital,九龍醫院,,,,,,1,true
葛量洪醫院,葛量洪醫院,hospital,葛量洪醫院,,,,,,1,true
長洲醫院,長洲醫院,hospital,長洲醫院,,,,,,1,true
律敦治醫院,律敦治醫院,hospital,律敦治醫院,,,,,,1,true
青山醫院,青山醫院,hospital,青山醫院,,,,,,1,true
葵涌醫院,葵涌醫院,hospital,葵涌醫院,,,,,,1,true
博愛醫院,博愛醫院,hospital,博愛醫院,,,,,,1,true
瑪麗醫院,瑪麗醫院,hospital,瑪麗醫院,,,,,,1,true
沙田醫院,沙田醫院,hospital,沙田醫院,,,,,,1,true
小欖醫院,小欖醫院,hospital,小欖醫院,,,,,,1,true
贊育醫院,贊育醫院,hospital,贊育醫院,,,,,,1,true
屯門醫院,屯門醫院,hospital,屯門醫院,,,,,,1,true
基督教聯合醫院,基督教聯合醫院,hospital,基督教聯合醫院,,,,,,1,true
仁濟醫院,仁濟醫院,hospital,仁濟醫院,,,,,,1,true
北區醫院,北區醫院,hospital,北區醫院,,,,,,1,true
北大嶼山醫院,北大嶼山醫院,hospital,北大嶼山醫院,,,,,,1,true
瑪嘉烈醫院,瑪嘉烈醫院,hospital,瑪嘉烈醫院,,,,,,1,true
黃竹坑醫院,黃竹坑醫院,hospital,黃竹坑醫院,,,,,,1,true
威爾斯親王醫院,威爾斯親王醫院,hospital,威爾斯親王醫院,,,,,,1,true
東華三院黃大仙醫院,東華三院黃大仙醫院,hospital,東華三院黃大仙醫院,,,,,,1,true
東華醫院,東華醫院,hospital,東華醫院,,,,,,1,true
靈實醫院,靈實醫院,hospital,靈實醫院,,,,,,1,true
東華三院馮堯敬醫院,東華三院馮堯敬醫院,hospital,東華三院馮堯敬醫院,,,,,,1,true
香港佛教醫院,香港佛教醫院,hospital,香港佛教醫院,,,,,,1,true
香港眼科醫院,香港眼科醫院,hospital,香港眼科醫院,,,,,,1,true
伊利沙伯醫院,伊利沙伯醫院,hospital,伊利沙伯醫院,,,,,,1,true
鄧肇堅醫院,鄧肇堅醫院,hospital,鄧肇堅醫院,,,,,,1,true
雅麗氏何妙齡那打素醫院,雅麗氏何妙齡那打素醫院,hospital,雅麗氏何妙齡那打素醫院,,,,,,1,true
香港兒童醫院,香港兒童醫院,hospital,香港兒童醫院,,,,,,1,true
天水圍醫院,天水圍醫院,hospital,天水圍醫院,,,,,,1,true
廣華醫院,廣華醫院,hospital,廣華醫院,,,,,,1,true
聖母醫院,聖母醫院,hospital,聖母醫院,,,,,,1,true
東區尤德夫人那打素醫院,東區尤德夫人那打素醫院,hospital,東區尤德夫人那打素醫院,,,,,,1,true
大口環根德公爵夫人兒童醫院,大口環根德公爵夫人兒童醫院,hospital,大口環根德公爵夫人兒童醫院,,,,,,1,true
明愛醫院,明愛醫院,hospital,明愛醫院,,,,,,1,true
長洲醫院家庭醫學診所,長洲醫院家庭醫學診所,hospital,長洲醫院家庭醫學診所,,,,,,1,true
仁濟醫院家庭醫學診所,仁濟醫院家庭醫學診所,hospital,仁濟醫院家庭醫學診所,,,,,,1,true
東華醫院家庭醫學診所,東華醫院家庭醫學診所,hospital,東華醫院家庭醫學診所,,,,,,1,true
香港佛教醫院家庭醫學診所,香港佛教醫院家庭醫學診所,hospital,香港佛教醫院家庭醫學診所,,,,,,1,true
廣華醫院家庭醫學診所,廣華醫院家庭醫學診所,hospital,廣華醫院家庭醫學診所,,,,,,1,true
北大嶼山家庭醫學綜合中心 (北大嶼山醫院),北大嶼山家庭醫學綜合中心 (北大嶼山醫院),hospital,北大嶼山家庭醫學綜合中心 (北大嶼山醫院),,,,,,1,true
聖母醫院家庭醫學診所,聖母醫院家庭醫學診所,hospital,聖母醫院家庭醫學診所,,,,,,1,true
肺塵埃沉着病診所,肺塵埃沉着病診所,hospital,肺塵埃沉着病診所,,,,,,1,true
九龍胸肺科診所,九龍胸肺科診所,hospital,九龍胸肺科診所,,,,,,1,true
香港仔美沙酮診所,香港仔美沙酮診所,hospital,香港仔美沙酮診所,,,,,,1,true
赤柱家庭醫學診所,赤柱家庭醫學診所,hospital,赤柱家庭醫學診所,,,,,,1,true
粉嶺公務員診所,粉嶺公務員診所,hospital,粉嶺公務員診所,,,,,,1,true
錦田家庭醫學診所,錦田家庭醫學診所,hospital,錦田家庭醫學診所,,,,,,1,true
粉嶺家庭醫學診所,粉嶺家庭醫學診所,hospital,粉嶺家庭醫學診所,,,,,,1,true
筲箕灣胸肺科診所,筲箕灣胸肺科診所,hospital,筲箕灣胸肺科診所,,,,,,1,true
中九龍家庭醫學診所,中九龍家庭醫學診所,hospital,中九龍家庭醫學診所,,,,,,1,true
西區牙科診所,西區牙科診所,hospital,西區牙科診所,,,,,,1,true
沙頭角家庭醫學診所,沙頭角家庭醫學診所,hospital,沙頭角家庭醫學診所,,,,,,1,true
打鼓嶺家庭醫學診所,打鼓嶺家庭醫學診所,hospital,打鼓嶺家庭醫學診所,,,,,,1,true
柴灣公務員診所,柴灣公務員診所,hospital,柴灣公務員診所,,,,,,1,true
九龍公務員診所,九龍公務員診所,hospital,九龍公務員診所,,,,,,1,true
柴灣家庭醫學診所,柴灣家庭醫學診所,hospital,柴灣家庭醫學診所,,,,,,1,true
南昌家庭醫學診所,南昌家庭醫學診所,hospital,南昌家庭醫學診所,,,,,,1,true
環翠家庭醫學診所,環翠家庭醫學診所,hospital,環翠家庭醫學診所,,,,,,1,true
油麻地胸肺科診所,油麻地胸肺科診所,hospital,油麻地胸肺科診所,,,,,,1,true
長洲胸肺科診所,長洲胸肺科診所,hospital,長洲胸肺科診所,,,,,,1,true
長洲牙科診所,長洲牙科診所,hospital,長洲牙科診所,,,,,,1,true
長洲美沙酮診所,長洲美沙酮診所,hospital,長洲美沙酮診所,,,,,,1,true
坪洲家庭醫學診所,坪洲家庭醫學診所,hospital,坪洲家庭醫學診所,,,,,,1,true
觀塘牙科診所,觀塘牙科診所,hospital,觀塘牙科診所,,,,,,1,true
觀塘美沙酮診所,觀塘美沙酮診所,hospital,觀塘美沙酮診所,,,,,,1,true
戴麟趾夫人美沙酮診所,戴麟趾夫人美沙酮診所,hospital,戴麟趾夫人美沙酮診所,,,,,,1,true
西貢胸肺科診所,西貢胸肺科診所,hospital,西貢胸肺科診所,,,,,,1,true
荃灣牙科診所,荃灣牙科診所,hospital,荃灣牙科診所,,,,,,1,true
屯門美沙酮診所,屯門美沙酮診所,hospital,屯門美沙酮診所,,,,,,1,true
貝夫人美沙酮診所,貝夫人美沙酮診所,hospital,貝夫人美沙酮診所,,,,,,1,true
灣仔胸肺科診所,灣仔胸肺科診所,hospital,灣仔胸肺科診所,,,,,,1,true
灣仔牙科診所,灣仔牙科診所,hospital,灣仔牙科診所,,,,,,1,true
仁愛胸肺科診所,仁愛胸肺科診所,hospital,仁愛胸肺科診所,,,,,,1,true
仁愛牙科診所,仁愛牙科診所,hospital,仁愛牙科診所,,,,,,1,true
元朗胸肺科診所,元朗胸肺科診所,hospital,元朗胸肺科診所,,,,,,1,true
元朗美沙酮診所,元朗美沙酮診所,hospital,元朗美沙酮診所,,,,,,1,true
藍田家庭醫學診所,藍田家庭醫學診所,hospital,藍田家庭醫學診所,,,,,,1,true
梅窩家庭醫學診所,梅窩家庭醫學診所,hospital,梅窩家庭醫學診所,,,,,,1,true
北南丫家庭醫學診所,北南丫家庭醫學診所,hospital,北南丫家庭醫學診所,,,,,,1,true
順利家庭醫學診所,順利家庭醫學診所,hospital,順利家庭醫學診所,,,,,,1,true
屯門家庭醫學診所,屯門家庭醫學診所,hospital,屯門家庭醫學診所,,,,,,1,true
粉嶺學童牙科診所,粉嶺學童牙科診所,hospital,粉嶺學童牙科診所,,,,,,1,true
紅磡美沙酮診所,紅磡美沙酮診所,hospital,紅磡美沙酮診所,,,,,,1,true
上水胸肺科診所,上水胸肺科診所,hospital,上水胸肺科診所,,,,,,1,true
紅磡家庭醫學診所,紅磡家庭醫學診所,hospital,紅磡家庭醫學診所,,,,,,1,true
九龍灣家庭醫學診所,九龍灣家庭醫學診所,hospital,九龍灣家庭醫學診所,,,,,,1,true
海港政府大樓牙科診所,海港政府大樓牙科診所,hospital,海港政府大樓牙科診所,,,,,,1,true
海港政府大樓牙齒矯正科診所,海港政府大樓牙齒矯正科診所,hospital,海港政府大樓牙齒矯正科診所,,,,,,1,true
香港仔賽馬會家庭醫學診所,香港仔賽馬會家庭醫學診所,hospital,香港仔賽馬會家庭醫學診所,,,,,,1,true
大澳牙科診所,大澳牙科診所,hospital,大澳牙科診所,,,,,,1,true
屯門醫院手術室大樓新翼,屯門醫院手術室大樓新翼,hospital,屯門醫院手術室大樓新翼,,,,,,1,true
港怡日間醫療中心,港怡日間醫療中心,hospital,港怡日間醫療中心,,,,,,1,true
卓健醫療中心(金鐘-海富中心),卓健醫療中心(金鐘-海富中心),hospital,卓健醫療中心(金鐘-海富中心),,,,,,1,true
摯誠醫療復康有限公司,摯誠醫療復康有限公司,hospital,摯誠醫療復康有限公司,,,,,,1,true
灣仔分科診所,灣仔分科診所,hospital,灣仔分科診所,,,,,,1,true
牙科診所 (銅鑼灣),牙科診所 (銅鑼灣),hospital,牙科診所 (銅鑼灣),,,,,,1,true
西醫診所 (銅鑼灣),西醫診所 (銅鑼灣),hospital,西醫診所 (銅鑼灣),,,,,,1,true
堅尼地城賽馬會普通科門診診所,堅尼地城賽馬會普通科門診診所,hospital,堅尼地城賽馬會普通科門診診所,,,,,,1,true
堅尼地城社區綜合大樓牙科診所,堅尼地城社區綜合大樓牙科診所,hospital,堅尼地城社區綜合大樓牙科診所,,,,,,1,true
堅尼地城賽馬會家庭醫學診所,堅尼地城賽馬會家庭醫學診所,hospital,堅尼地城賽馬會家庭醫學診所,,,,,,1,true
仁濟醫院上環復康服務中心,仁濟醫院上環復康服務中心,hospital,仁濟醫院上環復康服務中心,,,,,,1,true
西醫診所 (旺角),西醫診所 (旺角),hospital,西醫診所 (旺角),,,,,,1,true
基督教聯合那打素佐敦健康中心,基督教聯合那打素佐敦健康中心,hospital,基督教聯合那打素佐敦健康中心,,,,,,1,true
油麻地美沙酮診所,油麻地美沙酮診所,hospital,油麻地美沙酮診所,,,,,,1,true
油麻地賽馬會家庭醫學診所,油麻地賽馬會家庭醫學診所,hospital,油麻地賽馬會家庭醫學診所,,,,,,1,true
油麻地賽馬會分科診所,油麻地賽馬會分科診所,hospital,油麻地賽馬會分科診所,,,,,,1,true
牙科診所 (觀塘),牙科診所 (觀塘),hospital,牙科診所 (觀塘),,,,,,1,true
西醫診所 (觀塘),西醫診所 (觀塘),hospital,西醫診所 (觀塘),,,,,,1,true
沙田(大圍)診所一座,沙田(大圍)診所一座,hospital,沙田(大圍)診所一座,,,,,,1,true
沙田(大圍)診所二座,沙田(大圍)診所二座,hospital,沙田(大圍)診所二座,,,,,,1,true
沙田（大圍）診所,沙田（大圍）診所,hospital,沙田（大圍）診所,,,,,,1,true
葵涌醫院L座,葵涌醫院L座,hospital,葵涌醫院L座,,,,,,1,true
葵涌醫院M座,葵涌醫院M座,hospital,葵涌醫院M座,,,,,,1,true
南葵涌胸肺科診所,南葵涌胸肺科診所,hospital,南葵涌胸肺科診所,,,,,,1,true
屯門醫院洗衣工場,屯門醫院洗衣工場,hospital,屯門醫院洗衣工場,,,,,,1,true
大埔醫院綜合大樓,大埔醫院綜合大樓,hospital,大埔醫院綜合大樓,,,,,,1,true
將軍澳醫院日間醫療大樓,將軍澳醫院日間醫療大樓,hospital,將軍澳醫院日間醫療大樓,,,,,,1,true
金鐘政府合署牙科診所,金鐘政府合署牙科診所,hospital,金鐘政府合署牙科診所,,,,,,1,true
港安醫療中心 - 太古坊,港安醫療中心 - 太古坊,hospital,港安醫療中心 - 太古坊,,,,,,1,true
安康醫療尖沙咀,安康醫療尖沙咀,hospital,安康醫療尖沙咀,,,,,,1,true
牙科診所 (旺角),牙科診所 (旺角),hospital,牙科診所 (旺角),,,,,,1,true
駿潁醫療(觀塘),駿潁醫療(觀塘),hospital,駿潁醫療(觀塘),,,,,,1,true
屯門醫院A座,屯門醫院A座,hospital,屯門醫院A座,,,,,,1,true
屯門醫院B座,屯門醫院B座,hospital,屯門醫院B座,,,,,,1,true
屯門醫院C座,屯門醫院C座,hospital,屯門醫院C座,,,,,,1,true
屯門醫院D座,屯門醫院D座,hospital,屯門醫院D座,,,,,,1,true
屯門醫院主座,屯門醫院主座,hospital,屯門醫院主座,,,,,,1,true
鴨脷洲消防局,鴨脷洲消防局,governmentOffice,鴨脷洲消防局,,,,,,1,true
虎地消防局,虎地消防局,governmentOffice,虎地消防局,,,,,,1,true
薄扶林消防局,薄扶林消防局,governmentOffice,薄扶林消防局,,,,,,1,true
何文田政府合署,何文田政府合署,governmentOffice,何文田政府合署,,,,,,1,true
西灣河消防局,西灣河消防局,governmentOffice,西灣河消防局,,,,,,1,true
落馬洲分區警署,落馬洲分區警署,governmentOffice,落馬洲分區警署,,,,,,1,true
馬鞍山分區警署,馬鞍山分區警署,governmentOffice,馬鞍山分區警署,,,,,,1,true
馬灣消防局,馬灣消防局,governmentOffice,馬灣消防局,,,,,,1,true
油麻地分區警署,油麻地分區警署,governmentOffice,油麻地分區警署,,,,,,1,true
馬鞍山消防局,馬鞍山消防局,governmentOffice,馬鞍山消防局,,,,,,1,true
大澳消防局,大澳消防局,governmentOffice,大澳消防局,,,,,,1,true
將軍澳區警署,將軍澳區警署,governmentOffice,將軍澳區警署,,,,,,1,true
大澳政府合署,大澳政府合署,governmentOffice,大澳政府合署,,,,,,1,true
舊大澳消防局,舊大澳消防局,governmentOffice,舊大澳消防局,,,,,,1,true
將軍澳政府合署,將軍澳政府合署,governmentOffice,將軍澳政府合署,,,,,,1,true
將軍澳警署,將軍澳警署,governmentOffice,將軍澳警署,,,,,,1,true
大埔分區警署,大埔分區警署,governmentOffice,大埔分區警署,,,,,,1,true
深水埗分區警署,深水埗分區警署,governmentOffice,深水埗分區警署,,,,,,1,true
大埔消防局,大埔消防局,governmentOffice,大埔消防局,,,,,,1,true
大埔政府合署,大埔政府合署,governmentOffice,大埔政府合署,,,,,,1,true
青衣分區警署,青衣分區警署,governmentOffice,青衣分區警署,,,,,,1,true
青衣消防局,青衣消防局,governmentOffice,青衣消防局,,,,,,1,true
青衣滅火輪消防局,青衣滅火輪消防局,governmentOffice,青衣滅火輪消防局,,,,,,1,true
青衣南消防局,青衣南消防局,governmentOffice,青衣南消防局,,,,,,1,true
海港政府大樓,海港政府大樓,governmentOffice,海港政府大樓,,,,,,1,true
區域法院,區域法院,governmentOffice,區域法院,,,,,,1,true
東區裁判法院,東區裁判法院,governmentOffice,東區裁判法院,,,,,,1,true
粉嶺裁判法院,粉嶺裁判法院,governmentOffice,粉嶺裁判法院,,,,,,1,true
終審法院,終審法院,governmentOffice,終審法院,,,,,,1,true
高等法院,高等法院,governmentOffice,高等法院,,,,,,1,true
觀塘裁判法院,觀塘裁判法院,governmentOffice,觀塘裁判法院,,,,,,1,true
屯門裁判法院,屯門裁判法院,governmentOffice,屯門裁判法院,,,,,,1,true
九龍城裁判法院,九龍城裁判法院,governmentOffice,九龍城裁判法院,,,,,,1,true
沙田裁判法院,沙田裁判法院,governmentOffice,沙田裁判法院,,,,,,1,true
西九龍裁判法院,西九龍裁判法院,governmentOffice,西九龍裁判法院,,,,,,1,true
政府總部,政府總部,governmentOffice,政府總部,,,,,,1,true
中區消防局,中區消防局,governmentOffice,中區消防局,,,,,,1,true
中區政府碼頭,中區政府碼頭,governmentOffice,中區政府碼頭,,,,,,1,true
中區警署,中區警署,governmentOffice,中區警署,,,,,,1,true
灣仔政府大樓,灣仔政府大樓,governmentOffice,灣仔政府大樓,,,,,,1,true
灣仔分區警署,灣仔分區警署,governmentOffice,灣仔分區警署,,,,,,1,true
灣仔消防局,灣仔消防局,governmentOffice,灣仔消防局,,,,,,1,true
北角政府合署,北角政府合署,governmentOffice,北角政府合署,,,,,,1,true
北角消防局,北角消防局,governmentOffice,北角消防局,,,,,,1,true
堅尼地城消防局,堅尼地城消防局,governmentOffice,堅尼地城消防局,,,,,,1,true
上環消防局,上環消防局,governmentOffice,上環消防局,,,,,,1,true
尖沙咀消防局,尖沙咀消防局,governmentOffice,尖沙咀消防局,,,,,,1,true
尖沙咀分區警署,尖沙咀分區警署,governmentOffice,尖沙咀分區警署,,,,,,1,true
旺角消防局,旺角消防局,governmentOffice,旺角消防局,,,,,,1,true
旺角區警署,旺角區警署,governmentOffice,旺角區警署,,,,,,1,true
油麻地消防局,油麻地消防局,governmentOffice,油麻地消防局,,,,,,1,true
油麻地警署,油麻地警署,governmentOffice,油麻地警署,,,,,,1,true
前油麻地警署,前油麻地警署,governmentOffice,前油麻地警署,,,,,,1,true
深水埗政府合署,深水埗政府合署,governmentOffice,深水埗政府合署,,,,,,1,true
深水埗警署,深水埗警署,governmentOffice,深水埗警署,,,,,,1,true
觀塘區警署,觀塘區警署,governmentOffice,觀塘區警署,,,,,,1,true
觀塘消防局,觀塘消防局,governmentOffice,觀塘消防局,,,,,,1,true
觀塘法院,觀塘法院,governmentOffice,觀塘法院,,,,,,1,true
九龍灣消防局,九龍灣消防局,governmentOffice,九龍灣消防局,,,,,,1,true
黃大仙區警署,黃大仙區警署,governmentOffice,黃大仙區警署,,,,,,1,true
黃大仙消防局,黃大仙消防局,governmentOffice,黃大仙消防局,,,,,,1,true
黃大仙警署,黃大仙警署,governmentOffice,黃大仙警署,,,,,,1,true
九龍塘消防局,九龍塘消防局,governmentOffice,九龍塘消防局,,,,,,1,true
沙田分區警署,沙田分區警署,governmentOffice,沙田分區警署,,,,,,1,true
沙田政府合署,沙田政府合署,governmentOffice,沙田政府合署,,,,,,1,true
荃灣區警署,荃灣區警署,governmentOffice,荃灣區警署,,,,,,1,true
荃灣政府合署,荃灣政府合署,governmentOffice,荃灣政府合署,,,,,,1,true
荃灣警署,荃灣警署,governmentOffice,荃灣警署,,,,,,1,true
荃灣消防局,荃灣消防局,governmentOffice,荃灣消防局,,,,,,1,true
葵涌分區警署,葵涌分區警署,governmentOffice,葵涌分區警署,,,,,,1,true
葵涌警署,葵涌警署,governmentOffice,葵涌警署,,,,,,1,true
葵涌消防局,葵涌消防局,governmentOffice,葵涌消防局,,,,,,1,true
葵涌海關大樓,葵涌海關大樓,governmentOffice,葵涌海關大樓,,,,,,1,true
屯門分區警署,屯門分區警署,governmentOffice,屯門分區警署,,,,,,1,true
屯門政府合署,屯門政府合署,governmentOffice,屯門政府合署,,,,,,1,true
屯門滅火輪消防局,屯門滅火輪消防局,governmentOffice,屯門滅火輪消防局,,,,,,1,true
屯門消防局,屯門消防局,governmentOffice,屯門消防局,,,,,,1,true
元朗分區警署,元朗分區警署,governmentOffice,元朗分區警署,,,,,,1,true
元朗政府合署,元朗政府合署,governmentOffice,元朗政府合署,,,,,,1,true
元朗警署,元朗警署,governmentOffice,元朗警署,,,,,,1,true
元朗消防局,元朗消防局,governmentOffice,元朗消防局,,,,,,1,true
前粉嶺裁判法院,前粉嶺裁判法院,governmentOffice,前粉嶺裁判法院,,,,,,1,true
粉嶺消防局,粉嶺消防局,governmentOffice,粉嶺消防局,,,,,,1,true
上水消防局,上水消防局,governmentOffice,上水消防局,,,,,,1,true
上水分區警署,上水分區警署,governmentOffice,上水分區警署,,,,,,1,true
西貢分區警署,西貢分區警署,governmentOffice,西貢分區警署,,,,,,1,true
西貢警署,西貢警署,governmentOffice,西貢警署,,,,,,1,true
西貢消防局,西貢消防局,governmentOffice,西貢消防局,,,,,,1,true
銅鑼灣消防局,銅鑼灣消防局,governmentOffice,銅鑼灣消防局,,,,,,1,true
北角警署,北角警署,governmentOffice,北角警署,,,,,,1,true
尖沙咀警署,尖沙咀警署,governmentOffice,尖沙咀警署,,,,,,1,true
尖沙咀分局警署,尖沙咀分局警署,governmentOffice,尖沙咀分局警署,,,,,,1,true
消防處九龍南區總部暨尖沙咀消防局,消防處九龍南區總部暨尖沙咀消防局,governmentOffice,消防處九龍南區總部暨尖沙咀消防局,,,,,,1,true
旺角警署,旺角警署,governmentOffice,旺角警署,,,,,,1,true
觀塘警署,觀塘警署,governmentOffice,觀塘警署,,,,,,1,true
黃大仙區總部及黃大仙警署,黃大仙區總部及黃大仙警署,governmentOffice,黃大仙區總部及黃大仙警署,,,,,,1,true
沙田消防局,沙田消防局,governmentOffice,沙田消防局,,,,,,1,true
上水警署,上水警署,governmentOffice,上水警署,,,,,,1,true
西貢將軍澳政府綜合大樓,西貢將軍澳政府綜合大樓,governmentOffice,西貢將軍澳政府綜合大樓,,,,,,1,true
西貢政府合署,西貢政府合署,governmentOffice,西貢政府合署,,,,,,1,true
大埔東消防局,大埔東消防局,governmentOffice,大埔東消防局,,,,,,1,true
香港仔分區警署,香港仔分區警署,governmentOffice,香港仔分區警署,,,,,,1,true
旺角政府合署,旺角政府合署,governmentOffice,旺角政府合署,,,,,,1,true
山頂消防局,山頂消防局,governmentOffice,山頂消防局,,,,,,1,true
山頂警署,山頂警署,governmentOffice,山頂警署,,,,,,1,true
山頂分區警署,山頂分區警署,governmentOffice,山頂分區警署,,,,,,1,true
天水圍消防局,天水圍消防局,governmentOffice,天水圍消防局,,,,,,1,true
天水圍分區警署,天水圍分區警署,governmentOffice,天水圍分區警署,,,,,,1,true
愉景灣消防局,愉景灣消防局,governmentOffice,愉景灣消防局,,,,,,1,true
九龍城分區警署,九龍城分區警署,governmentOffice,九龍城分區警署,,,,,,1,true
九龍城政府合署,九龍城政府合署,governmentOffice,九龍城政府合署,,,,,,1,true
政府物料營運中心,政府物料營運中心,governmentOffice,政府物料營運中心,,,,,,1,true
龍濤閣賓館,龍濤閣賓館,hotel,龍濤閣賓館,,,,,,1,true
T 酒店,T 酒店,hotel,T 酒店,,,,,,1,true
優浩旅舍,優浩旅舍,hotel,優浩旅舍,,,,,,1,true
歷山酒店,歷山酒店,hotel,歷山酒店,,,,,,1,true
嘉融酒店,嘉融酒店,hotel,嘉融酒店,,,,,,1,true
軒尼斯酒店,軒尼斯酒店,hotel,軒尼斯酒店,,,,,,1,true
悅品度假酒店．屯門,悅品度假酒店．屯門,hotel,悅品度假酒店．屯門,,,,,,1,true
伯惠酒店,伯惠酒店,hotel,伯惠酒店,,,,,,1,true
WM HOTEL,WM HOTEL,hotel,WM HOTEL,,,,,,1,true
君立酒店,君立酒店,hotel,君立酒店,,,,,,1,true
工業家酒店,工業家酒店,hotel,工業家酒店,,,,,,1,true
愛得甫酒店,愛得甫酒店,hotel,愛得甫酒店,,,,,,1,true
奧斯酒店,奧斯酒店,hotel,奧斯酒店,,,,,,1,true
AKVO HOTEL,AKVO HOTEL,hotel,AKVO HOTEL,,,,,,1,true
怡景酒店,怡景酒店,hotel,怡景酒店,,,,,,1,true
華國酒店,華國酒店,hotel,華國酒店,,,,,,1,true
悅品酒店．荃灣,悅品酒店．荃灣,hotel,悅品酒店．荃灣,,,,,,1,true
HOTEL PRAVO,HOTEL PRAVO,hotel,HOTEL PRAVO,,,,,,1,true
KK HOTEL,KK HOTEL,hotel,KK HOTEL,,,,,,1,true
百樂酒店,百樂酒店,hotel,百樂酒店,,,,,,1,true
丹木町酒店,丹木町酒店,hotel,丹木町酒店,,,,,,1,true
麗悅酒店,麗悅酒店,hotel,麗悅酒店,,,,,,1,true
名迪港島酒店,名迪港島酒店,hotel,名迪港島酒店,,,,,,1,true
百利酒店,百利酒店,hotel,百利酒店,,,,,,1,true
盛世酒店,盛世酒店,hotel,盛世酒店,,,,,,1,true
合和酒店,合和酒店,hotel,合和酒店,,,,,,1,true
HOTEL 1936,HOTEL 1936,hotel,HOTEL 1936,,,,,,1,true
MINI HOTEL,MINI HOTEL,hotel,MINI HOTEL,,,,,,1,true
悅來酒店,悅來酒店,hotel,悅來酒店,,,,,,1,true
豪境酒店,豪境酒店,hotel,豪境酒店,,,,,,1,true
HOTEL STAGE,HOTEL STAGE,hotel,HOTEL STAGE,,,,,,1,true
王子酒店,王子酒店,hotel,王子酒店,,,,,,1,true
朗逸酒店,朗逸酒店,hotel,朗逸酒店,,,,,,1,true
彌敦酒店,彌敦酒店,hotel,彌敦酒店,,,,,,1,true
PRUDENTIAL HOTEL,PRUDENTIAL HOTEL,hotel,PRUDENTIAL HOTEL,,,,,,1,true
逸豪酒店,逸豪酒店,hotel,逸豪酒店,,,,,,1,true
STANLEY ORIENTAL HOTEL,STANLEY ORIENTAL HOTEL,hotel,STANLEY ORIENTAL HOTEL,,,,,,1,true
E 酒店,E 酒店,hotel,E 酒店,,,,,,1,true
METACITY HOTEL,METACITY HOTEL,hotel,METACITY HOTEL,,,,,,1,true
城市花園酒店,城市花園酒店,hotel,城市花園酒店,,,,,,1,true
朗華酒店,朗華酒店,hotel,朗華酒店,,,,,,1,true
M1 HOTEL,M1 HOTEL,hotel,M1 HOTEL,,,,,,1,true
星淮酒店,星淮酒店,hotel,星淮酒店,,,,,,1,true
迪士尼好萊塢酒店,迪士尼好萊塢酒店,hotel,迪士尼好萊塢酒店,,,,,,1,true
頤庭酒店,頤庭酒店,hotel,頤庭酒店,,,,,,1,true
黃金海岸酒店,黃金海岸酒店,hotel,黃金海岸酒店,,,,,,1,true
旭逸酒店．荃灣,旭逸酒店．荃灣,hotel,旭逸酒店．荃灣,,,,,,1,true
港島太平洋酒店,港島太平洋酒店,hotel,港島太平洋酒店,,,,,,1,true
九龍海逸君綽酒店,九龍海逸君綽酒店,hotel,九龍海逸君綽酒店,,,,,,1,true
香港逸蘭銅鑼灣酒店,香港逸蘭銅鑼灣酒店,hotel,香港逸蘭銅鑼灣酒店,,,,,,1,true
銅鑼灣皇悅酒店,銅鑼灣皇悅酒店,hotel,銅鑼灣皇悅酒店,,,,,,1,true
銅鑼灣如心酒店,銅鑼灣如心酒店,hotel,銅鑼灣如心酒店,,,,,,1,true
頤庭酒店銅鑼灣,頤庭酒店銅鑼灣,hotel,頤庭酒店銅鑼灣,,,,,,1,true
富薈上環酒店,富薈上環酒店,hotel,富薈上環酒店,,,,,,1,true
富薈上環II酒店,富薈上環II酒店,hotel,富薈上環II酒店,,,,,,1,true
宜必思香港中上環酒店,宜必思香港中上環酒店,hotel,宜必思香港中上環酒店,,,,,,1,true
MK酒店,MK酒店,hotel,MK酒店,,,,,,1,true
琼山賓館,琼山賓館,hotel,琼山賓館,,,,,,1,true
藝豐(佐敦)賓館,藝豐(佐敦)賓館,hotel,藝豐(佐敦)賓館,,,,,,1,true
佐敦金怡賓館,佐敦金怡賓館,hotel,佐敦金怡賓館,,,,,,1,true
香港海景絲麗酒店,香港海景絲麗酒店,hotel,香港海景絲麗酒店,,,,,,1,true
觀塘帝盛酒店,觀塘帝盛酒店,hotel,觀塘帝盛酒店,,,,,,1,true
香港尖沙咀金普頓酒店,香港尖沙咀金普頓酒店,hotel,香港尖沙咀金普頓酒店,,,,,,1,true
寶軒酒店(尖沙咀),寶軒酒店(尖沙咀),hotel,寶軒酒店(尖沙咀),,,,,,1,true
尖沙咀米米旅舍,尖沙咀米米旅舍,hotel,尖沙咀米米旅舍,,,,,,1,true
九龍尖沙咀賓館,九龍尖沙咀賓館,hotel,九龍尖沙咀賓館,,,,,,1,true
瑞生尖沙咀酒店,瑞生尖沙咀酒店,hotel,瑞生尖沙咀酒店,,,,,,1,true
京港城(尖沙咀)賓館,京港城(尖沙咀)賓館,hotel,京港城(尖沙咀)賓館,,,,,,1,true
新旺角賓館,新旺角賓館,hotel,新旺角賓館,,,,,,1,true
香港佐敦賓館,香港佐敦賓館,hotel,香港佐敦賓館,,,,,,1,true
香港佐敦賓館H,香港佐敦賓館H,hotel,香港佐敦賓館H,,,,,,1,true
佐敦高鐵賓館,佐敦高鐵賓館,hotel,佐敦高鐵賓館,,,,,,1,true
新永春賓館,新永春賓館,hotel,新永春賓館,,,,,,1,true
新泰安賓館,新泰安賓館,hotel,新泰安賓館,,,,,,1,true
新永盛行賓館,新永盛行賓館,hotel,新永盛行賓館,,,,,,1,true
東南亞賓館,東南亞賓館,hotel,東南亞賓館,,,,,,1,true
南北賓館,南北賓館,hotel,南北賓館,,,,,,1,true
南方賓館,南方賓館,hotel,南方賓館,,,,,,1,true
旺角維景酒店,旺角維景酒店,hotel,旺角維景酒店,,,,,,1,true
富麗宮賓館,富麗宮賓館,hotel,富麗宮賓館,,,,,,1,true
金星賓館,金星賓館,hotel,金星賓館,,,,,,1,true
金泉賓館,金泉賓館,hotel,金泉賓館,,,,,,1,true
金源賓館,金源賓館,hotel,金源賓館,,,,,,1,true
黃金賓館,黃金賓館,hotel,黃金賓館,,,,,,1,true
凱德賓館,凱德賓館,hotel,凱德賓館,,,,,,1,true
香港愉景灣酒店,香港愉景灣酒店,hotel,香港愉景灣酒店,,,,,,1,true
翠豪賓館,翠豪賓館,hotel,翠豪賓館,,,,,,1,true
豪景賓館,豪景賓館,hotel,豪景賓館,,,,,,1,true
美輪賓館,美輪賓館,hotel,美輪賓館,,,,,,1,true
翠湖賓館,翠湖賓館,hotel,翠湖賓館,,,,,,1,true
城木酒店 (紅磡),城木酒店 (紅磡),hotel,城木酒店 (紅磡),,,,,,1,true
尚豪酒店,尚豪酒店,hotel,尚豪酒店,,,,,,1,true
芬名酒店,芬名酒店,hotel,芬名酒店,,,,,,1,true
薈麗酒店,薈麗酒店,hotel,薈麗酒店,,,,,,1,true
星豪酒店,星豪酒店,hotel,星豪酒店,,,,,,1,true
華逸酒店,華逸酒店,hotel,華逸酒店,,,,,,1,true
青逸酒店,青逸酒店,hotel,青逸酒店,,,,,,1,true
麗豪酒店,麗豪酒店,hotel,麗豪酒店,,,,,,1,true
帝景酒店,帝景酒店,hotel,帝景酒店,,,,,,1,true
新港酒店,新港酒店,hotel,新港酒店,,,,,,1,true
帝逸酒店,帝逸酒店,hotel,帝逸酒店,,,,,,1,true
麗駿酒店,麗駿酒店,hotel,麗駿酒店,,,,,,1,true
麗富酒店,麗富酒店,hotel,麗富酒店,,,,,,1,true
六國酒店,六國酒店,hotel,六國酒店,,,,,,1,true
帝都酒店,帝都酒店,hotel,帝都酒店,,,,,,1,true
帝國酒店,帝國酒店,hotel,帝國酒店,,,,,,1,true
君怡酒店,君怡酒店,hotel,君怡酒店,,,,,,1,true
九龍酒店,九龍酒店,hotel,九龍酒店,,,,,,1,true
康境酒店,康境酒店,hotel,康境酒店,,,,,,1,true
紫珀酒店,紫珀酒店,hotel,紫珀酒店,,,,,,1,true
帝苑酒店,帝苑酒店,hotel,帝苑酒店,,,,,,1,true
半島酒店,半島酒店,hotel,半島酒店,,,,,,1,true
北角M1酒店,北角M1酒店,hotel,北角M1酒店,,,,,,1,true
君儷酒店,君儷酒店,hotel,君儷酒店,,,,,,1,true
南洋酒店,南洋酒店,hotel,南洋酒店,,,,,,1,true
彩鴻酒店,彩鴻酒店,hotel,彩鴻酒店,,,,,,1,true
凱都酒店,凱都酒店,hotel,凱都酒店,,,,,,1,true
逸林酒店,逸林酒店,hotel,逸林酒店,,,,,,1,true
百利賓館,百利賓館,hotel,百利賓館,,,,,,1,true
都會海逸酒店,都會海逸酒店,hotel,都會海逸酒店,,,,,,1,true
郵輪酒店,郵輪酒店,hotel,郵輪酒店,,,,,,1,true
華威酒店,華威酒店,hotel,華威酒店,,,,,,1,true
君悅酒店,君悅酒店,hotel,君悅酒店,,,,,,1,true
聖地牙哥酒店,聖地牙哥酒店,hotel,聖地牙哥酒店,,,,,,1,true
皇家太平洋酒店園景翼,皇家太平洋酒店園景翼,hotel,皇家太平洋酒店園景翼,,,,,,1,true
紅磡維景酒店,紅磡維景酒店,hotel,紅磡維景酒店,,,,,,1,true
寶軒酒店,寶軒酒店,hotel,寶軒酒店,,,,,,1,true
Burlington Hotel,Burlington Hotel,hotel,Burlington Hotel,,,,,,1,true
Casa Hotel,Casa Hotel,hotel,Casa Hotel,,,,,,1,true
歌朗妮酒店,歌朗妮酒店,hotel,歌朗妮酒店,,,,,,1,true
E Hotel,E Hotel,hotel,E Hotel,,,,,,1,true
港島皇悅酒店,港島皇悅酒店,hotel,港島皇悅酒店,,,,,,1,true
港威酒店,港威酒店,hotel,港威酒店,,,,,,1,true
HOTEL 23,HOTEL 23,hotel,HOTEL 23,,,,,,1,true
Hotel Hart,Hotel Hart,hotel,Hotel Hart,,,,,,1,true
港島英迪格酒店,港島英迪格酒店,hotel,港島英迪格酒店,,,,,,1,true
YX酒店,YX酒店,hotel,YX酒店,,,,,,1,true
Iw Hotel,Iw Hotel,hotel,Iw Hotel,,,,,,1,true
樂仕酒店,樂仕酒店,hotel,樂仕酒店,,,,,,1,true
泛達太子酒店,泛達太子酒店,hotel,泛達太子酒店,,,,,,1,true
M1酒店,M1酒店,hotel,M1酒店,,,,,,1,true
維港灣酒店,維港灣酒店,hotel,維港灣酒店,,,,,,1,true
維園118酒店,維園118酒店,hotel,維園118酒店,,,,,,1,true
木的地酒店,木的地酒店,hotel,木的地酒店,,,,,,1,true
香港天際萬豪酒店,香港天際萬豪酒店,hotel,香港天際萬豪酒店,,,,,,1,true
壹棠酒店及服務式公寓,壹棠酒店及服務式公寓,hotel,壹棠酒店及服務式公寓,,,,,,1,true
Hyatt Centric Victoria Harbour Hotel Tower 1,Hyatt Centric Victoria Harbour Hotel Tower 1,hotel,Hyatt Centric Victoria Harbour Hotel Tower 1,,,,,,1,true
新天地酒店,新天地酒店,hotel,新天地酒店,,,,,,1,true
華爾概念酒店,華爾概念酒店,hotel,華爾概念酒店,,,,,,1,true
永倫800酒店,永倫800酒店,hotel,永倫800酒店,,,,,,1,true
SAI KUNG HOTEL,SAI KUNG HOTEL,hotel,SAI KUNG HOTEL,,,,,,1,true
英皇駿景酒店,英皇駿景酒店,hotel,英皇駿景酒店,,,,,,1,true
HOTEL ONE EIGHTEEN,HOTEL ONE EIGHTEEN,hotel,HOTEL ONE EIGHTEEN,,,,,,1,true
星網商務精品酒店有限公司,星網商務精品酒店有限公司,hotel,星網商務精品酒店有限公司,,,,,,1,true
皇家太平洋酒店,皇家太平洋酒店,hotel,皇家太平洋酒店,,,,,,1,true
南灣如心酒店,南灣如心酒店,hotel,南灣如心酒店,,,,,,1,true
JW MARRIOTT HOTEL HONG KONG,JW MARRIOTT HOTEL HONG KONG,hotel,JW MARRIOTT HOTEL HONG KONG,,,,,,1,true
荃灣西如心酒店,荃灣西如心酒店,hotel,荃灣西如心酒店,,,,,,1,true
萬麗海景酒店,萬麗海景酒店,hotel,萬麗海景酒店,,,,,,1,true
香港海洋公園萬豪酒店,香港海洋公園萬豪酒店,hotel,香港海洋公園萬豪酒店,,,,,,1,true
M1酒店 (前稱),M1酒店 (前稱),hotel,M1酒店 (前稱),,,,,,1,true
棉登壹號酒店 (前稱),棉登壹號酒店 (前稱),hotel,棉登壹號酒店 (前稱),,,,,,1,true
雅苑賓館 (前稱),雅苑賓館 (前稱),hotel,雅苑賓館 (前稱),,,,,,1,true
如心艾朗酒店 (前稱),如心艾朗酒店 (前稱),hotel,如心艾朗酒店 (前稱),,,,,,1,true
如心南灣海景酒店 (前稱),如心南灣海景酒店 (前稱),hotel,如心南灣海景酒店 (前稱),,,,,,1,true
如心海景酒店暨會議中心 (前稱),如心海景酒店暨會議中心 (前稱),hotel,如心海景酒店暨會議中心 (前稱),,,,,,1,true
如心銅鑼灣海景酒店 (前稱),如心銅鑼灣海景酒店 (前稱),hotel,如心銅鑼灣海景酒店 (前稱),,,,,,1,true
香港銅鑼灣海景酒店 (前稱),香港銅鑼灣海景酒店 (前稱),hotel,香港銅鑼灣海景酒店 (前稱),,,,,,1,true
文華東方酒店,文華東方酒店,hotel,文華東方酒店,,,,,,1,true
紅茶館酒店,紅茶館酒店,hotel,紅茶館酒店,,,,,,1,true
香港灣仔睿景酒店,香港灣仔睿景酒店,hotel,香港灣仔睿景酒店,,,,,,1,true
麗豪航天城酒店,麗豪航天城酒店,hotel,麗豪航天城酒店,,,,,,1,true
最佳盛品酒店尖沙咀,最佳盛品酒店尖沙咀,hotel,最佳盛品酒店尖沙咀,,,,,,1,true
富薈旺角酒店,富薈旺角酒店,hotel,富薈旺角酒店,,,,,,1,true
富薈土瓜灣酒店,富薈土瓜灣酒店,hotel,富薈土瓜灣酒店,,,,,,1,true
粵海181酒店,粵海181酒店,hotel,粵海181酒店,,,,,,1,true
香港盛庭酒店公寓,香港盛庭酒店公寓,hotel,香港盛庭酒店公寓,,,,,,1,true
富薈炮台山酒店,富薈炮台山酒店,hotel,富薈炮台山酒店,,,,,,1,true
富薈灣仔酒店,富薈灣仔酒店,hotel,富薈灣仔酒店,,,,,,1,true
HOTEL YX LAI CHI KOK,HOTEL YX LAI CHI KOK,hotel,HOTEL YX LAI CHI KOK,,,,,,1,true
東南樓藝術酒店,東南樓藝術酒店,hotel,東南樓藝術酒店,,,,,,1,true
富薈尚乘上環酒店,富薈尚乘上環酒店,hotel,富薈尚乘上環酒店,,,,,,1,true
"THE MURRAY, A NICCOLO HOTEL, HONG KONG","THE MURRAY, A NICCOLO HOTEL, HONG KONG",hotel,"THE MURRAY, A NICCOLO HOTEL, HONG KONG",,,,,,1,true
香港富麗敦海洋公園酒店,香港富麗敦海洋公園酒店,hotel,香港富麗敦海洋公園酒店,,,,,,1,true
香港遠東絲麗酒店,香港遠東絲麗酒店,hotel,香港遠東絲麗酒店,,,,,,1,true
星港酒店 (前稱),星港酒店 (前稱),hotel,星港酒店 (前稱),,,,,,1,true
灣仔維景酒店 (前稱),灣仔維景酒店 (前稱),hotel,灣仔維景酒店 (前稱),,,,,,1,true
香港W酒店,香港W酒店,hotel,香港W酒店,,,,,,1,true
香港寶御酒店 (別稱),香港寶御酒店 (別稱),hotel,香港寶御酒店 (別稱),,,,,,1,true
新花園賓館,新花園賓館,hotel,新花園賓館,,,,,,1,true
香港中華鼎美精品賓館,香港中華鼎美精品賓館,hotel,香港中華鼎美精品賓館,,,,,,1,true
百佳賓館,百佳賓館,hotel,百佳賓館,,,,,,1,true
澔鏵賓館,澔鏵賓館,hotel,澔鏵賓館,,,,,,1,true
小飛象旅舍,小飛象旅舍,hotel,小飛象旅舍,,,,,,1,true
麗東賓館,麗東賓館,hotel,麗東賓館,,,,,,1,true
全季旅舍,全季旅舍,hotel,全季旅舍,,,,,,1,true
金屋酒店,金屋酒店,hotel,金屋酒店,,,,,,1,true
梅窩酒店,梅窩酒店,hotel,梅窩酒店,,,,,,1,true
香港遨凱酒店,香港遨凱酒店,hotel,香港遨凱酒店,,,,,,1,true
灝美中環酒店,灝美中環酒店,hotel,灝美中環酒店,,,,,,1,true
銀鑛灣渡假酒店,銀鑛灣渡假酒店,hotel,銀鑛灣渡假酒店,,,,,,1,true
憙酒店,憙酒店,hotel,憙酒店,,,,,,1,true
香港啟德帝盛酒店,香港啟德帝盛酒店,hotel,香港啟德帝盛酒店,,,,,,1,true
香港荃灣帝盛酒店,香港荃灣帝盛酒店,hotel,香港荃灣帝盛酒店,,,,,,1,true
香港凱悅酒店 - 沙田,香港凱悅酒店 - 沙田,hotel,香港凱悅酒店 - 沙田,,,,,,1,true
荃灣遠東絲麗酒店,荃灣遠東絲麗酒店,hotel,荃灣遠東絲麗酒店,,,,,,1,true
香港沙田萬怡酒店,香港沙田萬怡酒店,hotel,香港沙田萬怡酒店,,,,,,1,true
雅悉酒店,雅悉酒店,hotel,雅悉酒店,,,,,,1,true
輝豪酒店,輝豪酒店,hotel,輝豪酒店,,,,,,1,true
問月酒店,問月酒店,hotel,問月酒店,,,,,,1,true
君悅大酒店 (前稱),君悅大酒店 (前稱),hotel,君悅大酒店 (前稱),,,,,,1,true
百樂大酒店 (前稱),百樂大酒店 (前稱),hotel,百樂大酒店 (前稱),,,,,,1,true
已登記的WiFi 熱點: 香港上海大酒店管理服務有限公司 (APID 06729),已登記的WiFi 熱點: 香港上海大酒店管理服務有限公司 (APID 06729),hotel,已登記的WiFi 熱點: 香港上海大酒店管理服務有限公司 (APID 06729),,,,,,1,true
已登記的WiFi 熱點: 香港上海大酒店管理服務有限公司 (APID 06730),已登記的WiFi 熱點: 香港上海大酒店管理服務有限公司 (APID 06730),hotel,已登記的WiFi 熱點: 香港上海大酒店管理服務有限公司 (APID 06730),,,,,,1,true
已登記的WiFi 熱點: 香港上海大酒店管理服務有限公司 (APID 06731),已登記的WiFi 熱點: 香港上海大酒店管理服務有限公司 (APID 06731),hotel,已登記的WiFi 熱點: 香港上海大酒店管理服務有限公司 (APID 06731),,,,,,1,true
已登記的WiFi 熱點: 香港上海大酒店管理服務有限公司 (APID 06732),已登記的WiFi 熱點: 香港上海大酒店管理服務有限公司 (APID 06732),hotel,已登記的WiFi 熱點: 香港上海大酒店管理服務有限公司 (APID 06732),,,,,,1,true
已登記的WiFi 熱點: 香港上海大酒店管理服務有限公司 (APID 06733),已登記的WiFi 熱點: 香港上海大酒店管理服務有限公司 (APID 06733),hotel,已登記的WiFi 熱點: 香港上海大酒店管理服務有限公司 (APID 06733),,,,,,1,true
千禧新世界香港酒店,千禧新世界香港酒店,hotel,千禧新世界香港酒店,,,,,,1,true
帝京酒店,帝京酒店,hotel,帝京酒店,,,,,,1,true
香港逸東酒店,香港逸東酒店,hotel,香港逸東酒店,,,,,,1,true
逸東酒店 (前稱),逸東酒店 (前稱),hotel,逸東酒店 (前稱),,,,,,1,true
逸東酒店,逸東酒店,hotel,逸東酒店,,,,,,1,true
豪東酒店 (前稱),豪東酒店 (前稱),hotel,豪東酒店 (前稱),,,,,,1,true
觀塘麗東酒店 (前稱),觀塘麗東酒店 (前稱),hotel,觀塘麗東酒店 (前稱),,,,,,1,true
皇后酒店,皇后酒店,hotel,皇后酒店,,,,,,1,true
粵海酒店,粵海酒店,hotel,粵海酒店,,,,,,1,true
華美粵海酒店,華美粵海酒店,hotel,華美粵海酒店,,,,,,1,true
香港華美粵海酒店,香港華美粵海酒店,hotel,香港華美粵海酒店,,,,,,1,true
粵海酒店 (前稱),粵海酒店 (前稱),hotel,粵海酒店 (前稱),,,,,,1,true
香港粵海酒店 (別稱),香港粵海酒店 (別稱),hotel,香港粵海酒店 (別稱),,,,,,1,true
嘉湖海逸酒店第二期,嘉湖海逸酒店第二期,hotel,嘉湖海逸酒店第二期,,,,,,1,true
瑞生嘉威酒店,瑞生嘉威酒店,hotel,瑞生嘉威酒店,,,,,,1,true
海景嘉福酒店,海景嘉福酒店,hotel,海景嘉福酒店,,,,,,1,true
嘉湖海逸酒店第一期,嘉湖海逸酒店第一期,hotel,嘉湖海逸酒店第一期,,,,,,1,true
旭逸雅捷酒店,旭逸雅捷酒店,hotel,旭逸雅捷酒店,,,,,,1,true
龍華酒店,龍華酒店,hotel,龍華酒店,,,,,,1,true
美麗華酒店,美麗華酒店,hotel,美麗華酒店,,,,,,1,true
粵華酒店 (前稱),粵華酒店 (前稱),hotel,粵華酒店 (前稱),,,,,,1,true
美麗華酒店 (前稱),美麗華酒店 (前稱),hotel,美麗華酒店 (前稱),,,,,,1,true
港麗酒店,港麗酒店,hotel,港麗酒店,,,,,,1,true
海景絲麗酒店,海景絲麗酒店,hotel,海景絲麗酒店,,,,,,1,true
香港珀麗酒店,香港珀麗酒店,hotel,香港珀麗酒店,,,,,,1,true
遠東絲麗酒店,遠東絲麗酒店,hotel,遠東絲麗酒店,,,,,,1,true
荃灣絲麗酒店,荃灣絲麗酒店,hotel,荃灣絲麗酒店,,,,,,1,true
華美達華麗酒店,華美達華麗酒店,hotel,華美達華麗酒店,,,,,,1,true
香港瑰麗酒店,香港瑰麗酒店,hotel,香港瑰麗酒店,,,,,,1,true
香港荃灣絲麗酒店,香港荃灣絲麗酒店,hotel,香港荃灣絲麗酒店,,,,,,1,true
珀麗酒店 (前稱),珀麗酒店 (前稱),hotel,珀麗酒店 (前稱),,,,,,1,true
華麗酒店 (別稱),華麗酒店 (別稱),hotel,華麗酒店 (別稱),,,,,,1,true
華麗酒店 (前稱),華麗酒店 (前稱),hotel,華麗酒店 (前稱),,,,,,1,true
九龍珀麗酒店 (前稱),九龍珀麗酒店 (前稱),hotel,九龍珀麗酒店 (前稱),,,,,,1,true
香港瑰麗酒店 (別稱),香港瑰麗酒店 (別稱),hotel,香港瑰麗酒店 (別稱),,,,,,1,true
香港海景絲麗酒店 (前稱),香港海景絲麗酒店 (前稱),hotel,香港海景絲麗酒店 (前稱),,,,,,1,true
香港荃灣絲麗酒店 (別稱),香港荃灣絲麗酒店 (別稱),hotel,香港荃灣絲麗酒店 (別稱),,,,,,1,true
香港西九龍絲麗酒店 (前稱),香港西九龍絲麗酒店 (前稱),hotel,香港西九龍絲麗酒店 (前稱),,,,,,1,true
晉緻酒店,晉緻酒店,hotel,晉緻酒店,,,,,,1,true
創富酒店 (前稱),創富酒店 (前稱),hotel,創富酒店 (前稱),,,,,,1,true
數碼港艾美酒店,數碼港艾美酒店,hotel,數碼港艾美酒店,,,,,,1,true
香港數碼港艾美酒店,香港數碼港艾美酒店,hotel,香港數碼港艾美酒店,,,,,,1,true
香港華美酒店 (前稱),香港華美酒店 (前稱),hotel,香港華美酒店 (前稱),,,,,,1,true
利景酒店,利景酒店,hotel,利景酒店,,,,,,1,true
九龍維景酒店,九龍維景酒店,hotel,九龍維景酒店,,,,,,1,true
悅品海景酒店,悅品海景酒店,hotel,悅品海景酒店,,,,,,1,true
旺角睿景酒店,旺角睿景酒店,hotel,旺角睿景酒店,,,,,,1,true
海澄軒海景酒店,海澄軒海景酒店,hotel,海澄軒海景酒店,,,,,,1,true
華美達盛景酒店,華美達盛景酒店,hotel,華美達盛景酒店,,,,,,1,true
華美達海景酒店,華美達海景酒店,hotel,華美達海景酒店,,,,,,1,true
仕德福山景酒店,仕德福山景酒店,hotel,仕德福山景酒店,,,,,,1,true
海灣軒海景酒店,海灣軒海景酒店,hotel,海灣軒海景酒店,,,,,,1,true
海韻軒海景酒店,海韻軒海景酒店,hotel,海韻軒海景酒店,,,,,,1,true
維港海景酒店,維港海景酒店,hotel,維港海景酒店,,,,,,1,true
銅鑼灣利景酒店,銅鑼灣利景酒店,hotel,銅鑼灣利景酒店,,,,,,1,true
海灣軒-海景酒店,海灣軒-海景酒店,hotel,海灣軒-海景酒店,,,,,,1,true
海韻軒-海景酒店,海韻軒-海景酒店,hotel,海韻軒-海景酒店,,,,,,1,true
悅品海景酒店 ． 觀塘,悅品海景酒店 ． 觀塘,hotel,悅品海景酒店 ． 觀塘,,,,,,1,true
香港九龍維景酒店,香港九龍維景酒店,hotel,香港九龍維景酒店,,,,,,1,true
香港旺角維景酒店,香港旺角維景酒店,hotel,香港旺角維景酒店,,,,,,1,true
隆堡麗景酒店,隆堡麗景酒店,hotel,隆堡麗景酒店,,,,,,1,true
香港銅鑼灣維景酒店,香港銅鑼灣維景酒店,hotel,香港銅鑼灣維景酒店,,,,,,1,true
萬麗海景酒店 (前稱),萬麗海景酒店 (前稱),hotel,萬麗海景酒店 (前稱),,,,,,1,true
麗景酒店 (前稱),麗景酒店 (前稱),hotel,麗景酒店 (前稱),,,,,,1,true
帝豪海景酒店 (前稱),帝豪海景酒店 (前稱),hotel,帝豪海景酒店 (前稱),,,,,,1,true
華大海景酒店 (前稱),華大海景酒店 (前稱),hotel,華大海景酒店 (前稱),,,,,,1,true
隆堡麗景酒店 (前稱),隆堡麗景酒店 (前稱),hotel,隆堡麗景酒店 (前稱),,,,,,1,true
華麗海景酒店 (前稱),華麗海景酒店 (前稱),hotel,華麗海景酒店 (前稱),,,,,,1,true
旺角睿景酒店 (別稱),旺角睿景酒店 (別稱),hotel,旺角睿景酒店 (別稱),,,,,,1,true
鴨脷洲體育館,鴨脷洲體育館,artsVenue,鴨脷洲體育館,,,,,,1,true
火炭藝術工作室,火炭藝術工作室,artsVenue,火炭藝術工作室,,,,,,1,true
何文田體育館,何文田體育館,artsVenue,何文田體育館,,,,,,1,true
西灣河體育館,西灣河體育館,artsVenue,西灣河體育館,,,,,,1,true
油麻地劇院,油麻地劇院,artsVenue,油麻地劇院,,,,,,1,true
馬鞍山體育館,馬鞍山體育館,artsVenue,馬鞍山體育館,,,,,,1,true
將軍澳體育館,將軍澳體育館,artsVenue,將軍澳體育館,,,,,,1,true
大埔體育館,大埔體育館,artsVenue,大埔體育館,,,,,,1,true
饒宗頤文化館Q座 (別稱),饒宗頤文化館Q座 (別稱),artsVenue,饒宗頤文化館Q座 (別稱),,,,,,1,true
太和體育館,太和體育館,artsVenue,太和體育館,,,,,,1,true
青衣體育館,青衣體育館,artsVenue,青衣體育館,,,,,,1,true
青衣西南體育館,青衣西南體育館,artsVenue,青衣西南體育館,,,,,,1,true
K11購物藝術館,K11購物藝術館,artsVenue,K11購物藝術館,,,,,,1,true
赤柱體育館,赤柱體育館,artsVenue,赤柱體育館,,,,,,1,true
坪洲體育館,坪洲體育館,artsVenue,坪洲體育館,,,,,,1,true
天平體育館,天平體育館,artsVenue,天平體育館,,,,,,1,true
摩士公園體育館,摩士公園體育館,artsVenue,摩士公園體育館,,,,,,1,true
荃景圍體育館,荃景圍體育館,artsVenue,荃景圍體育館,,,,,,1,true
黃竹坑體育館,黃竹坑體育館,artsVenue,黃竹坑體育館,,,,,,1,true
柴灣體育館,柴灣體育館,artsVenue,柴灣體育館,,,,,,1,true
九龍城體育館,九龍城體育館,artsVenue,九龍城體育館,,,,,,1,true
梅窩體育館,梅窩體育館,artsVenue,梅窩體育館,,,,,,1,true
聯和墟體育館,聯和墟體育館,artsVenue,聯和墟體育館,,,,,,1,true
香港仔體育館,香港仔體育館,artsVenue,香港仔體育館,,,,,,1,true
長發體育館,長發體育館,artsVenue,長發體育館,,,,,,1,true
富亨體育館,富亨體育館,artsVenue,富亨體育館,,,,,,1,true
富善體育館,富善體育館,artsVenue,富善體育館,,,,,,1,true
良田體育館,良田體育館,artsVenue,良田體育館,,,,,,1,true
朗屏體育館,朗屏體育館,artsVenue,朗屏體育館,,,,,,1,true
楓樹窩體育館,楓樹窩體育館,artsVenue,楓樹窩體育館,,,,,,1,true
恒安體育館,恒安體育館,artsVenue,恒安體育館,,,,,,1,true
九龍灣體育館,九龍灣體育館,artsVenue,九龍灣體育館,,,,,,1,true
伊利沙伯體育館,伊利沙伯體育館,artsVenue,伊利沙伯體育館,,,,,,1,true
三棟屋博物館,三棟屋博物館,artsVenue,三棟屋博物館,,,,,,1,true
香港文化博物館,香港文化博物館,artsVenue,香港文化博物館,,,,,,1,true
香港藝術館,香港藝術館,artsVenue,香港藝術館,,,,,,1,true
香港歷史博物館,香港歷史博物館,artsVenue,香港歷史博物館,,,,,,1,true
香港抗戰及海防博物館,香港抗戰及海防博物館,artsVenue,香港抗戰及海防博物館,,,,,,1,true
李鄭屋漢墓博物館,李鄭屋漢墓博物館,artsVenue,李鄭屋漢墓博物館,,,,,,1,true
葛量洪號滅火輪展覽館,葛量洪號滅火輪展覽館,artsVenue,葛量洪號滅火輪展覽館,,,,,,1,true
淘大戲院,淘大戲院,artsVenue,淘大戲院,,,,,,1,true
總統戲院,總統戲院,artsVenue,總統戲院,,,,,,1,true
葵青劇院,葵青劇院,artsVenue,葵青劇院,,,,,,1,true
惠康劇院,惠康劇院,artsVenue,惠康劇院,,,,,,1,true
元朗劇院,元朗劇院,artsVenue,元朗劇院,,,,,,1,true
油麻地戲院,油麻地戲院,artsVenue,油麻地戲院,,,,,,1,true
梁鳳儀樓(下層李福和朱美琳劇院),梁鳳儀樓(下層李福和朱美琳劇院),artsVenue,梁鳳儀樓(下層李福和朱美琳劇院),,,,,,1,true
石崗軍營劇院 (別稱),石崗軍營劇院 (別稱),artsVenue,石崗軍營劇院 (別稱),,,,,,1,true
新樂戲院 (前稱),新樂戲院 (前稱),artsVenue,新樂戲院 (前稱),,,,,,1,true
金聲戲院 (前稱),金聲戲院 (前稱),artsVenue,金聲戲院 (前稱),,,,,,1,true
凱都戲院,凱都戲院,artsVenue,凱都戲院,,,,,,1,true
新都戲院 (別稱),新都戲院 (別稱),artsVenue,新都戲院 (別稱),,,,,,1,true
寶石戲院,寶石戲院,artsVenue,寶石戲院,,,,,,1,true
華聲戲院 (前稱),華聲戲院 (前稱),artsVenue,華聲戲院 (前稱),,,,,,1,true
樂聲戲院 (前稱),樂聲戲院 (前稱),artsVenue,樂聲戲院 (前稱),,,,,,1,true
油麻地戲院 (前稱),油麻地戲院 (前稱),artsVenue,油麻地戲院 (前稱),,,,,,1,true
明月大戲院 (前稱),明月大戲院 (前稱),artsVenue,明月大戲院 (前稱),,,,,,1,true
龍華戲院 (前稱),龍華戲院 (前稱),artsVenue,龍華戲院 (前稱),,,,,,1,true
新寶戲院 (前稱),新寶戲院 (前稱),artsVenue,新寶戲院 (前稱),,,,,,1,true
寶華戲院 (前稱),寶華戲院 (前稱),artsVenue,寶華戲院 (前稱),,,,,,1,true
嶺南體育館,嶺南體育館,artsVenue,嶺南體育館,,,,,,1,true
修頓體育館,修頓體育館,artsVenue,修頓體育館,,,,,,1,true
胡李名靜體育館,胡李名靜體育館,artsVenue,胡李名靜體育館,,,,,,1,true
伊利沙伯體育館 - 地庫、二樓、三樓,伊利沙伯體育館 - 地庫、二樓、三樓,artsVenue,伊利沙伯體育館 - 地庫、二樓、三樓,,,,,,1,true
Wi-Fi.HK 熱點位置: 伊利沙伯體育館,Wi-Fi.HK 熱點位置: 伊利沙伯體育館,artsVenue,Wi-Fi.HK 熱點位置: 伊利沙伯體育館,,,,,,1,true
Helicopter Landing Site - CC06 - CHEUNG CHAU STADIUM (EMERGENCY ONLY),Helicopter Landing Site - CC06 - CHEUNG CHAU STADIUM (EMERGENCY ONLY),artsVenue,Helicopter Landing Site - CC06 - CHEUNG CHAU STADIUM (EMERGENCY ONLY),,,,,,1,true
麥禮賢夫人藝術館,麥禮賢夫人藝術館,artsVenue,麥禮賢夫人藝術館,,,,,,1,true
鰂魚涌體育館,鰂魚涌體育館,artsVenue,鰂魚涌體育館,,,,,,1,true
鰂魚涌公園 - 一期近滅火輪展覽館外涼亭旁,鰂魚涌公園 - 一期近滅火輪展覽館外涼亭旁,artsVenue,鰂魚涌公園 - 一期近滅火輪展覽館外涼亭旁,,,,,,1,true
上環體育館,上環體育館,artsVenue,上環體育館,,,,,,1,true
深水埗體育館,深水埗體育館,artsVenue,深水埗體育館,,,,,,1,true
黃大仙文化公園,黃大仙文化公園,artsVenue,黃大仙文化公園,,,,,,1,true
荃灣體育館,荃灣體育館,artsVenue,荃灣體育館,,,,,,1,true
元朗體育館,元朗體育館,artsVenue,元朗體育館,,,,,,1,true
大埔墟體育館,大埔墟體育館,artsVenue,大埔墟體育館,,,,,,1,true
香港仔體育館 - 五樓走廊,香港仔體育館 - 五樓走廊,artsVenue,香港仔體育館 - 五樓走廊,,,,,,1,true
天瑞體育館,天瑞體育館,artsVenue,天瑞體育館,,,,,,1,true
天水圍體育館,天水圍體育館,artsVenue,天水圍體育館,,,,,,1,true
中華文化會,中華文化會,artsVenue,中華文化會,,,,,,1,true
表演藝術樓,表演藝術樓,artsVenue,表演藝術樓,,,,,,1,true
百樂園,百樂園,themePark,百樂園,,,,,,1,true
香港海洋公園,香港海洋公園,themePark,香港海洋公園,,,,,,1,true
西貢海濱樂園,西貢海濱樂園,themePark,西貢海濱樂園,,,,,,1,true
嘉樂園,嘉樂園,themePark,嘉樂園,,,,,,1,true
威廉國際幼兒樂園,威廉國際幼兒樂園,themePark,威廉國際幼兒樂園,,,,,,1,true
尚晉坊,尚晉坊,majorDestination,尚晉坊,,,,,,1,true
鴨脷洲A停車場,鴨脷洲A停車場,majorDestination,鴨脷洲A停車場,,,,,,1,true
太古城第八/九期A游泳池外面,太古城第八/九期A游泳池外面,majorDestination,太古城第八/九期A游泳池外面,,,,,,1,true
鴨脷洲公園,鴨脷洲公園,majorDestination,鴨脷洲公園,,,,,,1,true
鴨脷洲公共圖書館,鴨脷洲公共圖書館,majorDestination,鴨脷洲公共圖書館,,,,,,1,true
鴨脷洲風之塔公園,鴨脷洲風之塔公園,majorDestination,鴨脷洲風之塔公園,,,,,,1,true
大風坳廁所,大風坳廁所,majorDestination,大風坳廁所,,,,,,1,true
亞積邦租賃 / 亞積邦集團,亞積邦租賃 / 亞積邦集團,majorDestination,亞積邦租賃 / 亞積邦集團,,,,,,1,true
Dah Chong Hong(MSC) Ltd,Dah Chong Hong(MSC) Ltd,majorDestination,Dah Chong Hong(MSC) Ltd,,,,,,1,true
保良局陳區碧茵頤養院,保良局陳區碧茵頤養院,majorDestination,保良局陳區碧茵頤養院,,,,,,1,true
喵坊,喵坊,majorDestination,喵坊,,,,,,1,true
B座,B座,majorDestination,B座,,,,,,1,true
屏湖山莊B座,屏湖山莊B座,majorDestination,屏湖山莊B座,,,,,,1,true
惠景別墅B座,惠景別墅B座,majorDestination,惠景別墅B座,,,,,,1,true
低座B座,低座B座,majorDestination,低座B座,,,,,,1,true
數碼港三座B區,數碼港三座B區,majorDestination,數碼港三座B區,,,,,,1,true
數碼港四座B區,數碼港四座B區,majorDestination,數碼港四座B區,,,,,,1,true
石崗軍營B座,石崗軍營B座,majorDestination,石崗軍營B座,,,,,,1,true
青山發電B廠,青山發電B廠,majorDestination,青山發電B廠,,,,,,1,true
懲教主任已婚宿舍B座,懲教主任已婚宿舍B座,majorDestination,懲教主任已婚宿舍B座,,,,,,1,true
LYOS複式B座,LYOS複式B座,majorDestination,LYOS複式B座,,,,,,1,true
C座,C座,majorDestination,C座,,,,,,1,true
惠景別墅C座,惠景別墅C座,majorDestination,惠景別墅C座,,,,,,1,true
低座C座,低座C座,majorDestination,低座C座,,,,,,1,true
兆豐樓C座,兆豐樓C座,majorDestination,兆豐樓C座,,,,,,1,true
數碼港三座C區,數碼港三座C區,majorDestination,數碼港三座C區,,,,,,1,true
石崗軍營C座,石崗軍營C座,majorDestination,石崗軍營C座,,,,,,1,true
大埔頭C組合,大埔頭C組合,majorDestination,大埔頭C組合,,,,,,1,true
LYOS複式C座,LYOS複式C座,majorDestination,LYOS複式C座,,,,,,1,true
喜靈洲平房C座,喜靈洲平房C座,majorDestination,喜靈洲平房C座,,,,,,1,true
THE HENLEY 低座C座,THE HENLEY 低座C座,majorDestination,THE HENLEY 低座C座,,,,,,1,true
天映峯C,天映峯C,majorDestination,天映峯C,,,,,,1,true
溫莎堡C,溫莎堡C,majorDestination,溫莎堡C,,,,,,1,true
繼園C座,繼園C座,majorDestination,繼園C座,,,,,,1,true
綠悅C屋,綠悅C屋,majorDestination,綠悅C屋,,,,,,1,true
福來別墅C,福來別墅C,majorDestination,福來別墅C,,,,,,1,true
泓山C號屋,泓山C號屋,majorDestination,泓山C號屋,,,,,,1,true
春暉園C,春暉園C,majorDestination,春暉園C,,,,,,1,true
D座,D座,majorDestination,D座,,,,,,1,true
惠景別墅D座,惠景別墅D座,majorDestination,惠景別墅D座,,,,,,1,true
低座D座,低座D座,majorDestination,低座D座,,,,,,1,true
兆豐樓D座,兆豐樓D座,majorDestination,兆豐樓D座,,,,,,1,true
曉岸D座,曉岸D座,majorDestination,曉岸D座,,,,,,1,true
數碼港三座D區,數碼港三座D區,majorDestination,數碼港三座D區,,,,,,1,true
石崗軍營D座,石崗軍營D座,majorDestination,石崗軍營D座,,,,,,1,true
喜靈洲平房D座,喜靈洲平房D座,majorDestination,喜靈洲平房D座,,,,,,1,true
LYOS複式D座,LYOS複式D座,majorDestination,LYOS複式D座,,,,,,1,true
THE HENLEY 低座D座,THE HENLEY 低座D座,majorDestination,THE HENLEY 低座D座,,,,,,1,true
天映峯D,天映峯D,majorDestination,天映峯D,,,,,,1,true
溫莎堡D,溫莎堡D,majorDestination,溫莎堡D,,,,,,1,true
繼園D座,繼園D座,majorDestination,繼園D座,,,,,,1,true
綠悅D屋,綠悅D屋,majorDestination,綠悅D屋,,,,,,1,true
福來別墅D,福來別墅D,majorDestination,福來別墅D,,,,,,1,true
泓山D號屋,泓山D號屋,majorDestination,泓山D號屋,,,,,,1,true
E座,E座,majorDestination,E座,,,,,,1,true
惠景別墅E座,惠景別墅E座,majorDestination,惠景別墅E座,,,,,,1,true
U E E LTD (紅磡),U E E LTD (紅磡),majorDestination,U E E LTD (紅磡),,,,,,1,true
數碼港三座E區,數碼港三座E區,majorDestination,數碼港三座E區,,,,,,1,true
石崗軍營E座,石崗軍營E座,majorDestination,石崗軍營E座,,,,,,1,true
喜靈洲平房E座,喜靈洲平房E座,majorDestination,喜靈洲平房E座,,,,,,1,true
呂志和樓 (E座),呂志和樓 (E座),majorDestination,呂志和樓 (E座),,,,,,1,true
天映峯E,天映峯E,majorDestination,天映峯E,,,,,,1,true
溫莎堡E,溫莎堡E,majorDestination,溫莎堡E,,,,,,1,true
繼園E座,繼園E座,majorDestination,繼園E座,,,,,,1,true
綠悅E屋,綠悅E屋,majorDestination,綠悅E屋,,,,,,1,true
福來別墅E,福來別墅E,majorDestination,福來別墅E,,,,,,1,true
泓山E號屋,泓山E號屋,majorDestination,泓山E號屋,,,,,,1,true
藍城E座,藍城E座,majorDestination,藍城E座,,,,,,1,true
縉瑤E座,縉瑤E座,majorDestination,縉瑤E座,,,,,,1,true
東蘆E座,東蘆E座,majorDestination,東蘆E座,,,,,,1,true
松園E座,松園E座,majorDestination,松園E座,,,,,,1,true
雋林E座,雋林E座,majorDestination,雋林E座,,,,,,1,true
怡園E座,怡園E座,majorDestination,怡園E座,,,,,,1,true
康富遊樂場,康富遊樂場,majorDestination,康富遊樂場,,,,,,1,true
樂富公園,樂富公園,majorDestination,樂富公園,,,,,,1,true
樂富公共圖書館,樂富公共圖書館,majorDestination,樂富公共圖書館,,,,,,1,true
樂富遊樂場,樂富遊樂場,majorDestination,樂富遊樂場,,,,,,1,true
禮賢會樂富幼兒園,禮賢會樂富幼兒園,majorDestination,禮賢會樂富幼兒園,,,,,,1,true
247fitness薄扶林,247fitness薄扶林,majorDestination,247fitness薄扶林,,,,,,1,true
銀杏館 (香港廚房 - 到會服務),銀杏館 (香港廚房 - 到會服務),majorDestination,銀杏館 (香港廚房 - 到會服務),,,,,,1,true
悠閒坊華富店,悠閒坊華富店,majorDestination,悠閒坊華富店,,,,,,1,true
禮賢會樂富幼兒園 (K564397A),禮賢會樂富幼兒園 (K564397A),majorDestination,禮賢會樂富幼兒園 (K564397A),,,,,,1,true
薄扶林公共圖書館,薄扶林公共圖書館,majorDestination,薄扶林公共圖書館,,,,,,1,true
薄扶林特別地區,薄扶林特別地區,majorDestination,薄扶林特別地區,,,,,,1,true
東江(華富)安老院,東江(華富)安老院,majorDestination,東江(華富)安老院,,,,,,1,true
G座,G座,majorDestination,G座,,,,,,1,true
石崗軍營G座,石崗軍營G座,majorDestination,石崗軍營G座,,,,,,1,true
天映峯G,天映峯G,majorDestination,天映峯G,,,,,,1,true
繼園G座,繼園G座,majorDestination,繼園G座,,,,,,1,true
綠悅G屋,綠悅G屋,majorDestination,綠悅G屋,,,,,,1,true
雲嶺山莊G座,雲嶺山莊G座,majorDestination,雲嶺山莊G座,,,,,,1,true
泓山G號屋,泓山G號屋,majorDestination,泓山G號屋,,,,,,1,true
藍城G座,藍城G座,majorDestination,藍城G座,,,,,,1,true
縉瑤G座,縉瑤G座,majorDestination,縉瑤G座,,,,,,1,true
東蘆G座,東蘆G座,majorDestination,東蘆G座,,,,,,1,true
松園G座,松園G座,majorDestination,松園G座,,,,,,1,true
雋林G座,雋林G座,majorDestination,雋林G座,,,,,,1,true
曉岸G座,曉岸G座,majorDestination,曉岸G座,,,,,,1,true
港暉園G座,港暉園G座,majorDestination,港暉園G座,,,,,,1,true
濱景園G座,濱景園G座,majorDestination,濱景園G座,,,,,,1,true
景安園G座,景安園G座,majorDestination,景安園G座,,,,,,1,true
伊甸園G座,伊甸園G座,majorDestination,伊甸園G座,,,,,,1,true
景翠園G座,景翠園G座,majorDestination,景翠園G座,,,,,,1,true
嘉慧園G座,嘉慧園G座,majorDestination,嘉慧園G座,,,,,,1,true
晉薈庭G座,晉薈庭G座,majorDestination,晉薈庭G座,,,,,,1,true
西灣河遊樂場,西灣河遊樂場,majorDestination,西灣河遊樂場,,,,,,1,true
西灣河家品店,西灣河家品店,majorDestination,西灣河家品店,,,,,,1,true
和悅會(西灣河),和悅會(西灣河),majorDestination,和悅會(西灣河),,,,,,1,true
7-11便利店 (西灣河),7-11便利店 (西灣河),majorDestination,7-11便利店 (西灣河),,,,,,1,true
東何文田配水庫遊樂場,東何文田配水庫遊樂場,majorDestination,東何文田配水庫遊樂場,,,,,,1,true
督察級警察宿舍,督察級警察宿舍,majorDestination,督察級警察宿舍,,,,,,1,true
啟德1號(I)低座第一座,啟德1號(I)低座第一座,majorDestination,啟德1號(I)低座第一座,,,,,,1,true
啟德1號(I),啟德1號(I),majorDestination,啟德1號(I),,,,,,1,true
瑜一·天海第１座,瑜一·天海第１座,majorDestination,瑜一·天海第１座,,,,,,1,true
第一城,第一城,majorDestination,第一城,,,,,,1,true
第一座,第一座,majorDestination,第一座,,,,,,1,true
第1座,第1座,majorDestination,第1座,,,,,,1,true
天巒1,天巒1,majorDestination,天巒1,,,,,,1,true
啟德1號(I)低座第二座,啟德1號(I)低座第二座,majorDestination,啟德1號(I)低座第二座,,,,,,1,true
啟德1號(I)低座第三座,啟德1號(I)低座第三座,majorDestination,啟德1號(I)低座第三座,,,,,,1,true
啟德1號(I)低座第五座,啟德1號(I)低座第五座,majorDestination,啟德1號(I)低座第五座,,,,,,1,true
啟德1號(I)低座第六座,啟德1號(I)低座第六座,majorDestination,啟德1號(I)低座第六座,,,,,,1,true
啟德1號(I)低座第七座,啟德1號(I)低座第七座,majorDestination,啟德1號(I)低座第七座,,,,,,1,true
迎海第一期第一座,迎海第一期第一座,majorDestination,迎海第一期第一座,,,,,,1,true
壹環,壹環,majorDestination,壹環,,,,,,1,true
新都城第一期第一座,新都城第一期第一座,majorDestination,新都城第一期第一座,,,,,,1,true
半山壹號第1期,半山壹號第1期,majorDestination,半山壹號第1期,,,,,,1,true
浪翠園第一期第一座,浪翠園第一期第一座,majorDestination,浪翠園第一期第一座,,,,,,1,true
啟德１號（Ｉ）,啟德１號（Ｉ）,majorDestination,啟德１號（Ｉ）,,,,,,1,true
橋座室一,橋座室一,majorDestination,橋座室一,,,,,,1,true
龍園１區,龍園１區,majorDestination,龍園１區,,,,,,1,true
活動室1,活動室1,majorDestination,活動室1,,,,,,1,true
鶴咀1號天線,鶴咀1號天線,majorDestination,鶴咀1號天線,,,,,,1,true
盈峰一號,盈峰一號,majorDestination,盈峰一號,,,,,,1,true
瑜一．天海,瑜一．天海,majorDestination,瑜一．天海,,,,,,1,true
第1期 第1座,第1期 第1座,majorDestination,第1期 第1座,,,,,,1,true
J座,J座,majorDestination,J座,,,,,,1,true
J 座,J 座,majorDestination,J 座,,,,,,1,true
石崗軍營J座,石崗軍營J座,majorDestination,石崗軍營J座,,,,,,1,true
天映峯J,天映峯J,majorDestination,天映峯J,,,,,,1,true
綠悅J屋,綠悅J屋,majorDestination,綠悅J屋,,,,,,1,true
泓山J號屋,泓山J號屋,majorDestination,泓山J號屋,,,,,,1,true
藍城J座,藍城J座,majorDestination,藍城J座,,,,,,1,true
縉瑤J座,縉瑤J座,majorDestination,縉瑤J座,,,,,,1,true
東蘆J座,東蘆J座,majorDestination,東蘆J座,,,,,,1,true
松園J座,松園J座,majorDestination,松園J座,,,,,,1,true
雋林J座,雋林J座,majorDestination,雋林J座,,,,,,1,true
曉岸J座,曉岸J座,majorDestination,曉岸J座,,,,,,1,true
景安園J座,景安園J座,majorDestination,景安園J座,,,,,,1,true
嘉慧園J座,嘉慧園J座,majorDestination,嘉慧園J座,,,,,,1,true
晉薈庭J座,晉薈庭J座,majorDestination,晉薈庭J座,,,,,,1,true
南園子J屋,南園子J屋,majorDestination,南園子J屋,,,,,,1,true
新港城J座,新港城J座,majorDestination,新港城J座,,,,,,1,true
比華利山J座,比華利山J座,majorDestination,比華利山J座,,,,,,1,true
K座,K座,majorDestination,K座,,,,,,1,true
石崗軍營K座,石崗軍營K座,majorDestination,石崗軍營K座,,,,,,1,true
天映峯K,天映峯K,majorDestination,天映峯K,,,,,,1,true
綠悅K屋,綠悅K屋,majorDestination,綠悅K屋,,,,,,1,true
泓山K號屋,泓山K號屋,majorDestination,泓山K號屋,,,,,,1,true
藍城K座,藍城K座,majorDestination,藍城K座,,,,,,1,true
縉瑤K座,縉瑤K座,majorDestination,縉瑤K座,,,,,,1,true
東蘆K座,東蘆K座,majorDestination,東蘆K座,,,,,,1,true
松園K座,松園K座,majorDestination,松園K座,,,,,,1,true
雋林K座,雋林K座,majorDestination,雋林K座,,,,,,1,true
景安園K座,景安園K座,majorDestination,景安園K座,,,,,,1,true
晉薈庭K座,晉薈庭K座,majorDestination,晉薈庭K座,,,,,,1,true
翠峯園K座,翠峯園K座,majorDestination,翠峯園K座,,,,,,1,true
新港城K座,新港城K座,majorDestination,新港城K座,,,,,,1,true
警犬隊,警犬隊,majorDestination,警犬隊,,,,,,1,true
榮利汽車工程服務公司,榮利汽車工程服務公司,majorDestination,榮利汽車工程服務公司,,,,,,1,true
長期擺放的流動廁所,長期擺放的流動廁所,majorDestination,長期擺放的流動廁所,,,,,,1,true
同興汽車有限公司,同興汽車有限公司,majorDestination,同興汽車有限公司,,,,,,1,true
7-11便利店-羅湖,7-11便利店-羅湖,majorDestination,7-11便利店-羅湖,,,,,,1,true
料壆遊樂場,料壆遊樂場,majorDestination,料壆遊樂場,,,,,,1,true
沙嶺墳場,沙嶺墳場,majorDestination,沙嶺墳場,,,,,,1,true
沙嶺遊樂場,沙嶺遊樂場,majorDestination,沙嶺遊樂場,,,,,,1,true
沙嶺金塔墳場,沙嶺金塔墳場,majorDestination,沙嶺金塔墳場,,,,,,1,true
Vango-羅湖,Vango-羅湖,majorDestination,Vango-羅湖,,,,,,1,true
編號136郵箱,編號136郵箱,majorDestination,編號136郵箱,,,,,,1,true
編號429郵箱,編號429郵箱,majorDestination,編號429郵箱,,,,,,1,true
編號466郵箱,編號466郵箱,majorDestination,編號466郵箱,,,,,,1,true
編號593郵箱,編號593郵箱,majorDestination,編號593郵箱,,,,,,1,true
回收機構及收集點： 港鐵公司,回收機構及收集點： 港鐵公司,majorDestination,回收機構及收集點： 港鐵公司,,,,,,1,true
永諾堂,永諾堂,majorDestination,永諾堂,,,,,,1,true
廟宇,廟宇,majorDestination,廟宇,,,,,,1,true
Helicopter Landing Site - P03 - CREST HILL OP,Helicopter Landing Site - P03 - CREST HILL OP,majorDestination,Helicopter Landing Site - P03 - CREST HILL OP,,,,,,1,true
已登記的WiFi 熱點: Hong Kong Telecommunications (HKT) Limited (APID 04747),已登記的WiFi 熱點: Hong Kong Telecommunications (HKT) Limited (APID 04747),majorDestination,已登記的WiFi 熱點: Hong Kong Telecommunications (HKT) Limited (APID 04747),,,,,,1,true
B. A. & M.,B. A. & M.,majorDestination,B. A. & M.,,,,,,1,true
MY PLACE,MY PLACE,majorDestination,MY PLACE,,,,,,1,true
馬灣窰,馬灣窰,majorDestination,馬灣窰,,,,,,1,true
馬鞍山公園,馬鞍山公園,majorDestination,馬鞍山公園,,,,,,1,true
馬鞍山海濱長廊,馬鞍山海濱長廊,majorDestination,馬鞍山海濱長廊,,,,,,1,true
馬灣刻石,馬灣刻石,majorDestination,馬灣刻石,,,,,,1,true
馬灣鄉事委員會,馬灣鄉事委員會,majorDestination,馬灣鄉事委員會,,,,,,1,true
千色-馬鞍山店,千色-馬鞍山店,majorDestination,千色-馬鞍山店,,,,,,1,true
油麻地家品店,油麻地家品店,majorDestination,油麻地家品店,,,,,,1,true
落馬洲行動基地,落馬洲行動基地,majorDestination,落馬洲行動基地,,,,,,1,true
馬鞍山圖書館,馬鞍山圖書館,majorDestination,馬鞍山圖書館,,,,,,1,true
馬鞍山公共圖書館,馬鞍山公共圖書館,majorDestination,馬鞍山公共圖書館,,,,,,1,true
馬鞍山遊樂場,馬鞍山遊樂場,majorDestination,馬鞍山遊樂場,,,,,,1,true
