ParkingSpaceId,ParkingMeterStatus,OccupancyStatus,OccupancyDateChanged
10006A,N,V,04/03/2026 09:48:44 PM
10006B,N,V,04/03/2026 09:11:38 PM
10007A,N,O,04/03/2026 09:57:52 AM
10007B,N,O,04/03/2026 09:47:41 PM
10008A,N,O,04/03/2026 09:56:53 AM
10008B,N,O,04/03/2026 09:56:46 AM
10009A,N,O,04/03/2026 07:49:56 PM
10009B,N,O,04/03/2026 06:31:16 PM
10010A,N,O,04/03/2026 09:56:17 PM
10010B,N,V,04/03/2026 09:59:41 PM
10012A,N,O,04/02/2026 07:57:42 AM
10012B,N,O,04/02/2026 11:42:07 AM
10013A,N,O,04/02/2026 02:05:04 PM
10013B,N,O,04/02/2026 11:13:28 AM
10014A,N,O,04/02/2026 08:58:57 PM
10014B,N,O,04/02/2026 07:42:16 PM
10015A,N,O,04/02/2026 08:27:45 AM
10015B,N,O,04/02/2026 08:48:28 PM
1001A,N,O,04/04/2026 09:47:04 AM
10021A,N,O,04/03/2026 09:59:23 PM
10021B,N,O,04/03/2026 09:40:03 PM
10022A,N,O,04/03/2026 08:55:03 PM
10022B,N,V,04/03/2026 09:51:06 PM
10023A,N,O,04/03/2026 06:55:28 PM
10023B,N,O,04/03/2026 04:31:03 PM
10024A,N,O,04/03/2026 09:59:58 PM
10024B,N,O,04/03/2026 08:16:07 PM
10025A,N,O,04/03/2026 09:39:02 PM
10025B,N,V,04/03/2026 09:42:57 PM
10026A,N,O,04/03/2026 10:28:52 AM
10026B,N,O,04/03/2026 09:55:00 PM
10027A,N,O,04/03/2026 10:27:49 AM
10028A,N,O,04/04/2026 08:56:50 AM
10028B,N,O,04/04/2026 08:56:50 AM
10029A,N,O,04/04/2026 08:55:52 AM
10029B,N,O,04/03/2026 01:31:03 PM
1002A,N,V,04/03/2026 09:59:38 PM
10030A,N,O,04/04/2026 08:59:54 AM
10030B,N,O,04/04/2026 08:59:47 AM
10031A,N,O,04/04/2026 08:58:55 AM
10031B,N,V,04/04/2026 09:47:25 AM
10033B,N,O,04/04/2026 08:56:45 AM
10034A,N,O,04/04/2026 08:55:46 AM
10034B,N,O,04/04/2026 08:55:46 AM
10035A,N,O,04/04/2026 09:18:37 AM
10035B,N,O,04/04/2026 09:47:07 AM
10036A,N,O,04/04/2026 08:58:51 AM
10036B,N,O,04/04/2026 09:14:11 AM
10037A,N,O,04/02/2026 04:24:44 PM
10037B,N,O,04/02/2026 12:00:09 PM
10038A,N,O,04/02/2026 10:42:05 AM
10039A,N,O,04/04/2026 08:55:51 AM
10039B,N,O,04/04/2026 08:55:51 AM
1003B,N,V,04/04/2026 09:50:34 AM
10040A,N,O,04/04/2026 08:59:43 AM
10040B,N,O,04/04/2026 08:59:43 AM
10041A,N,O,04/04/2026 09:00:32 AM
10041B,N,O,04/04/2026 08:58:45 AM
10042A,N,O,04/04/2026 08:57:49 AM
10042B,N,O,04/04/2026 08:57:49 AM
10057A,N,O,04/04/2026 08:57:48 AM
10057B,N,O,04/04/2026 08:57:56 AM
10058A,N,V,04/03/2026 09:57:55 PM
10058B,N,O,04/03/2026 09:51:27 PM
10059A,N,O,04/03/2026 10:25:55 AM
10059B,N,O,04/03/2026 08:35:03 PM
1006B,N,V,04/04/2026 09:46:46 AM
10072A,N,O,04/03/2026 09:47:47 PM
10073A,N,O,04/03/2026 09:19:10 PM
10073B,N,O,04/03/2026 06:20:59 PM
10074A,N,O,04/03/2026 08:02:23 PM
10074B,N,O,04/03/2026 08:32:55 PM
10075A,N,O,04/03/2026 07:33:08 PM
10075B,N,O,04/03/2026 05:49:45 PM
10083A,N,O,04/04/2026 08:56:45 AM
10083B,N,O,04/04/2026 09:36:53 AM
10084A,N,O,04/04/2026 08:55:51 AM
10084B,N,V,04/04/2026 09:51:25 AM
10085A,N,O,04/04/2026 09:26:10 AM
10085B,N,O,04/04/2026 08:59:48 AM
10086A,N,O,04/04/2026 08:58:48 AM
10086B,N,O,04/04/2026 08:58:44 AM
10091A,N,O,04/02/2026 07:58:42 AM
10092A,N,O,04/02/2026 09:18:56 AM
10092B,N,O,04/02/2026 01:21:24 PM
100A,N,O,04/04/2026 09:30:10 AM
100B,N,V,04/04/2026 09:51:45 AM
10112A,N,O,04/04/2026 08:57:46 AM
10112B,N,O,04/04/2026 08:57:49 AM
10113A,N,O,04/04/2026 09:47:17 AM
10113B,N,O,04/04/2026 08:56:53 AM
10118A,N,O,04/04/2026 08:56:54 AM
10118B,N,O,04/04/2026 08:56:54 AM
10119A,N,O,04/04/2026 09:01:11 AM
10119B,N,O,04/04/2026 09:42:18 AM
10120A,N,V,04/03/2026 09:55:42 PM
10120B,N,O,04/04/2026 09:49:29 AM
10121A,N,O,04/04/2026 09:15:46 AM
10121B,N,O,04/04/2026 08:58:49 AM
10122A,N,V,04/03/2026 09:56:37 PM
10122B,N,O,04/04/2026 08:57:47 AM
10124A,N,O,04/04/2026 08:55:50 AM
10124B,N,O,04/04/2026 08:55:58 AM
10125A,N,O,04/03/2026 05:17:00 PM
10125B,N,O,04/04/2026 08:59:49 AM
10131B,N,O,04/03/2026 09:31:42 PM
10132A,N,O,04/03/2026 10:28:02 AM
10132B,N,O,04/03/2026 06:57:55 PM
10133A,N,O,04/03/2026 08:58:03 PM
10133B,N,O,04/03/2026 08:20:35 PM
10134A,N,O,04/03/2026 09:02:07 PM
10134B,N,O,04/03/2026 06:38:13 PM
10135A,N,O,04/03/2026 09:41:42 PM
10135B,N,V,04/03/2026 09:57:08 PM
10136A,N,O,04/03/2026 06:33:19 PM
10136B,N,O,04/03/2026 09:50:44 PM
10137A,N,O,04/03/2026 09:44:03 PM
10137B,N,O,04/03/2026 05:34:08 PM
10138A,N,O,04/03/2026 09:10:06 PM
10138B,N,O,04/03/2026 09:40:03 PM
10145A,N,V,04/03/2026 09:57:46 PM
10146A,N,O,04/03/2026 09:58:54 AM
10146B,N,O,04/03/2026 09:58:50 AM
10148B,N,O,04/03/2026 09:56:54 AM
10149B,N,O,04/04/2026 08:25:51 AM
10153A,N,O,04/04/2026 08:56:49 AM
10153B,N,O,04/04/2026 08:56:49 AM
10154A,N,O,04/04/2026 08:56:02 AM
10154B,N,O,04/04/2026 08:55:53 AM
10155A,N,O,04/04/2026 08:59:47 AM
10155B,N,O,04/04/2026 08:59:47 AM
10156B,N,O,04/04/2026 08:58:55 AM
10158A,N,O,04/04/2026 09:20:01 AM
10158B,N,O,04/04/2026 08:56:44 AM
10159A,N,O,04/04/2026 08:55:54 AM
10159B,N,O,04/04/2026 08:55:47 AM
10160A,N,O,04/03/2026 09:46:40 PM
10160B,N,O,04/03/2026 09:08:05 PM
10161A,N,O,04/04/2026 09:51:32 AM
10161B,N,V,04/04/2026 09:48:42 AM
10172A,N,O,04/03/2026 11:14:36 AM
10172B,N,O,04/03/2026 10:04:52 AM
10173A,N,O,04/03/2026 09:56:48 AM
10173B,N,O,04/03/2026 09:56:55 AM
10174A,N,O,04/03/2026 04:11:58 PM
10174B,N,O,04/03/2026 01:08:19 PM
10175A,N,O,04/02/2026 08:00:08 AM
10175B,N,O,04/03/2026 05:12:38 PM
10176B,N,O,04/03/2026 09:58:59 AM
10182A,N,V,04/04/2026 09:51:31 AM
10182B,N,O,07/22/2025 01:25:37 PM
10183A,N,O,04/04/2026 09:23:07 AM
10185A,N,O,04/03/2026 04:53:22 PM
10185B,N,O,04/04/2026 09:17:35 AM
10186A,N,O,04/03/2026 03:26:04 PM
10186B,N,O,04/04/2026 08:58:49 AM
10187A,N,O,04/04/2026 08:57:47 AM
10187B,N,O,04/04/2026 08:57:51 AM
10188A,N,O,04/04/2026 08:56:44 AM
10188B,N,O,04/04/2026 08:56:44 AM
10189A,N,O,04/04/2026 08:55:43 AM
10189B,N,O,04/04/2026 08:55:43 AM
10190A,N,O,04/04/2026 08:59:43 AM
10190B,N,O,04/03/2026 08:59:44 AM
10191A,N,O,04/04/2026 08:58:52 AM
10191B,N,O,04/04/2026 08:58:48 AM
10192A,N,O,04/04/2026 08:57:58 AM
10192B,N,O,04/04/2026 09:43:06 AM
10196A,N,O,04/03/2026 09:29:31 PM
10196B,N,O,04/03/2026 05:36:36 PM
101A,N,V,04/03/2026 03:51:46 PM
101B,N,V,04/04/2026 09:37:17 AM
10200A,N,V,04/03/2026 09:54:55 PM
10201A,N,O,04/03/2026 09:59:06 PM
10201B,N,O,04/03/2026 09:34:20 PM
10207A,N,O,04/04/2026 08:57:48 AM
10207B,N,O,04/04/2026 08:57:52 AM
10209B,N,O,04/03/2026 09:18:20 PM
10211A,N,O,04/03/2026 08:49:12 PM
10211B,N,O,04/03/2026 05:08:09 PM
10212A,N,O,04/04/2026 08:57:41 AM
10212B,N,O,04/04/2026 08:57:41 AM
10213A,N,V,04/03/2026 09:37:50 PM
10213B,N,O,04/03/2026 08:58:46 PM
10215B,N,O,04/03/2026 11:46:42 AM
10216A,N,O,04/03/2026 10:28:53 AM
10216B,N,O,04/03/2026 10:28:53 AM
1021A,N,O,04/04/2026 09:51:36 AM
1021B,N,O,04/04/2026 09:51:28 AM
10222A,N,O,04/04/2026 09:49:05 AM
10222B,N,O,04/04/2026 09:16:09 AM
10223A,N,O,04/04/2026 08:56:52 AM
10224A,N,O,04/04/2026 08:55:53 AM
10224B,N,O,04/04/2026 08:55:53 AM
10225A,N,O,04/04/2026 08:59:50 AM
10225B,N,O,04/04/2026 08:59:50 AM
10226A,N,O,04/04/2026 08:58:56 AM
10226B,N,O,04/03/2026 09:15:55 PM
10227A,N,O,04/04/2026 08:57:45 AM
10227B,N,O,04/04/2026 08:57:45 AM
10228B,N,O,04/02/2026 07:56:46 AM
10229A,N,O,04/02/2026 07:55:44 AM
10229B,N,O,04/02/2026 04:20:57 PM
1022A,N,O,04/04/2026 08:57:48 AM
1022B,N,O,04/04/2026 08:57:45 AM
10231B,N,O,04/02/2026 07:58:44 AM
10232A,N,O,04/02/2026 10:05:42 AM
10232B,N,O,04/02/2026 10:13:03 AM
10233B,N,O,04/03/2026 09:57:01 AM
10234A,N,O,04/04/2026 09:16:38 AM
10234B,N,V,04/04/2026 09:22:30 AM
10235A,N,O,04/04/2026 08:59:52 AM
10235B,N,O,04/04/2026 09:46:49 AM
10236A,N,O,04/04/2026 08:58:48 AM
10237A,N,O,04/04/2026 09:50:50 AM
10237B,N,O,04/04/2026 08:57:45 AM
10238A,N,O,04/04/2026 08:56:47 AM
10238B,N,O,04/04/2026 09:05:45 AM
10239A,N,O,04/03/2026 08:33:30 PM
10239B,N,O,04/04/2026 08:55:40 AM
1023A,N,V,04/04/2026 09:50:56 AM
1023B,N,O,04/04/2026 08:56:48 AM
10240B,N,O,04/04/2026 09:03:54 AM
10241A,N,O,04/04/2026 09:00:39 AM
10241B,N,O,04/04/2026 08:58:52 AM
10242A,N,O,04/04/2026 09:42:31 AM
10242B,N,O,04/04/2026 08:57:56 AM
10245A,N,O,04/02/2026 08:49:22 AM
10245B,N,O,04/02/2026 07:59:46 AM
10246A,N,O,04/04/2026 08:58:53 AM
10246B,N,V,04/04/2026 09:20:00 AM
10247A,N,V,04/04/2026 09:46:52 AM
1024A,N,V,04/04/2026 09:50:42 AM
1024B,N,O,04/04/2026 09:51:15 AM
10253A,N,O,04/04/2026 08:56:47 AM
10254A,N,V,04/04/2026 09:45:39 AM
10254B,N,O,04/04/2026 09:17:17 AM
10256A,N,O,04/02/2026 07:59:03 AM
10256B,N,O,04/02/2026 07:58:54 AM
10257A,N,O,04/02/2026 07:36:06 PM
10257B,N,O,04/02/2026 03:08:58 PM
10258A,N,O,04/04/2026 08:56:52 AM
10258B,N,O,04/04/2026 09:34:58 AM
10259A,N,O,04/04/2026 08:55:47 AM
10259B,N,O,04/04/2026 09:47:06 AM
1025A,N,V,04/03/2026 07:52:44 PM
1025B,N,V,04/04/2026 09:49:38 AM
10262A,N,O,04/04/2026 09:37:40 AM
10262B,N,O,04/04/2026 07:54:37 AM
10263A,N,O,04/04/2026 08:16:34 AM
10263B,N,O,04/04/2026 09:02:10 AM
10264A,N,O,04/04/2026 06:55:46 AM
10264B,N,O,04/04/2026 06:55:50 AM
1026A,N,V,04/03/2026 06:47:37 PM
10270A,N,O,04/04/2026 09:00:48 AM
10270B,N,O,04/04/2026 09:00:48 AM
10271A,N,O,04/04/2026 08:58:46 AM
10271B,N,O,04/04/2026 09:47:34 AM
10272A,N,V,04/04/2026 09:40:08 AM
10272B,N,V,04/04/2026 09:46:36 AM
10273A,N,O,04/04/2026 08:56:44 AM
10273B,N,O,04/04/2026 09:45:07 AM
1027A,N,V,04/03/2026 07:10:34 PM
1027B,N,V,04/02/2026 02:45:05 PM
10280A,N,O,04/04/2026 09:20:19 AM
10280B,N,O,04/04/2026 06:59:48 AM
10281A,N,O,04/04/2026 09:22:45 AM
10281B,N,O,04/04/2026 09:31:45 AM
10286A,N,V,04/04/2026 09:38:25 AM
10286B,N,O,04/04/2026 08:58:44 AM
10287A,N,O,04/04/2026 08:57:52 AM
10287B,N,O,04/04/2026 08:57:59 AM
1028A,N,V,04/02/2026 06:59:48 PM
1028B,N,V,04/03/2026 09:35:47 AM
10295A,N,O,04/04/2026 08:59:45 AM
10296A,N,O,04/04/2026 08:58:48 AM
10296B,N,O,04/04/2026 08:58:44 AM
10297A,N,V,04/04/2026 09:26:24 AM
10297B,N,O,04/03/2026 03:53:51 PM
10298A,N,V,04/04/2026 09:49:04 AM
10298B,N,O,04/04/2026 08:56:48 AM
1029A,N,O,04/04/2026 08:55:49 AM
1029B,N,V,04/04/2026 09:51:37 AM
102A,N,V,04/04/2026 09:42:41 AM
102B,N,O,04/04/2026 09:27:18 AM
10301A,N,O,04/04/2026 08:58:55 AM
10301B,N,O,04/04/2026 08:58:48 AM
10302A,N,O,04/04/2026 08:57:47 AM
10302B,N,O,04/04/2026 09:45:12 AM
10303A,N,O,04/04/2026 08:56:50 AM
10303B,N,O,04/04/2026 09:44:23 AM
1030A,N,V,04/04/2026 09:44:42 AM
1030B,N,V,04/03/2026 06:04:43 PM
10310A,N,O,04/04/2026 08:59:48 AM
10310B,N,O,04/04/2026 08:59:55 AM
10311A,N,O,04/04/2026 08:58:54 AM
10311B,N,O,04/04/2026 09:41:04 AM
10312A,N,O,04/04/2026 09:07:52 AM
10312B,N,O,04/04/2026 09:10:49 AM
10316A,N,O,04/04/2026 08:58:50 AM
10316B,N,O,04/04/2026 08:58:46 AM
10317A,N,O,04/04/2026 09:48:54 AM
10317B,N,O,04/04/2026 08:57:50 AM
10318A,N,O,04/03/2026 07:30:23 PM
10318B,N,O,04/04/2026 08:56:45 AM
10319A,N,O,04/04/2026 09:51:37 AM
10319B,N,O,04/04/2026 08:55:48 AM
1031A,N,V,04/03/2026 09:49:24 AM
1031B,N,V,04/02/2026 03:55:30 PM
10320A,N,O,04/04/2026 08:59:50 AM
10320B,N,O,04/04/2026 09:16:20 AM
10322A,N,O,04/04/2026 08:57:55 AM
10323A,N,O,04/04/2026 09:36:01 AM
10323B,N,O,04/04/2026 08:56:50 AM
10325A,N,O,04/04/2026 08:59:47 AM
10325B,N,O,04/04/2026 09:50:21 AM
10326A,N,O,04/04/2026 08:58:49 AM
10326B,N,O,04/04/2026 08:59:00 AM
10327A,N,V,04/04/2026 09:49:12 AM
10327B,N,O,04/04/2026 09:18:25 AM
10328A,N,O,04/04/2026 08:56:51 AM
10328B,N,O,04/04/2026 08:56:51 AM
10329B,N,V,04/04/2026 09:50:41 AM
1032A,N,V,04/04/2026 09:22:04 AM
1032B,N,V,04/03/2026 09:37:50 AM
10330A,N,O,04/04/2026 09:46:20 AM
10331A,N,O,04/04/2026 09:25:40 AM
10331B,N,O,04/04/2026 08:58:53 AM
10332A,N,O,04/04/2026 08:58:00 AM
10332B,N,O,04/04/2026 08:57:53 AM
10333B,N,O,04/04/2026 08:56:48 AM
10334A,N,O,04/04/2026 08:55:46 AM
10334B,N,O,04/04/2026 08:55:46 AM
10335A,N,O,04/04/2026 08:59:52 AM
10335B,N,O,04/04/2026 09:27:26 AM
10336A,N,O,04/04/2026 08:58:46 AM
10336B,N,O,04/04/2026 08:58:46 AM
10337A,N,O,04/04/2026 08:57:43 AM
10337B,N,O,04/04/2026 09:49:59 AM
10338A,N,O,04/04/2026 08:56:49 AM
10338B,N,O,04/04/2026 09:51:39 AM
1033A,N,V,04/03/2026 08:29:21 PM
1033B,N,V,04/03/2026 06:52:38 PM
1034A,N,V,04/04/2026 09:45:20 AM
1034B,N,V,04/03/2026 09:30:02 PM
10350A,N,O,04/04/2026 09:29:24 AM
10350B,N,O,04/04/2026 08:59:50 AM
10351A,N,O,04/04/2026 08:58:55 AM
10351B,N,O,04/03/2026 08:58:46 AM
10352B,N,O,04/04/2026 08:57:46 AM
10358A,N,O,04/04/2026 08:56:40 AM
10358B,N,O,04/04/2026 09:33:19 AM
10359A,N,O,04/04/2026 09:39:55 AM
10359B,N,O,04/04/2026 08:56:11 AM
1035A,N,V,04/03/2026 05:14:18 PM
1035B,N,O,04/04/2026 08:59:43 AM
10362B,N,O,04/02/2026 07:57:44 AM
10364B,N,O,04/04/2026 08:55:52 AM
10365A,N,O,04/04/2026 09:40:41 AM
10365B,N,O,04/04/2026 08:59:51 AM
10369A,N,O,04/04/2026 08:55:57 AM
10369B,N,O,04/04/2026 08:55:50 AM
1036A,N,O,04/04/2026 08:58:45 AM
10371A,N,O,04/04/2026 08:58:52 AM
10372A,N,O,04/04/2026 09:24:28 AM
10372B,N,O,04/04/2026 08:57:47 AM
10373A,N,O,04/04/2026 08:57:06 AM
10373B,N,O,04/04/2026 08:56:53 AM
10374A,N,O,04/04/2026 08:55:50 AM
10374B,N,O,04/04/2026 08:55:50 AM
10376A,N,O,04/04/2026 08:59:08 AM
10376B,N,O,04/04/2026 08:58:48 AM
10377B,N,O,04/04/2026 08:57:47 AM
10378A,N,O,04/04/2026 08:56:49 AM
10378B,N,O,04/03/2026 08:56:49 AM
10379A,N,O,04/04/2026 08:55:44 AM
1037A,N,O,04/04/2026 09:50:25 AM
1037B,N,V,04/03/2026 09:57:28 PM
10380A,N,O,04/04/2026 08:59:47 AM
10380B,N,O,04/03/2026 06:50:48 PM
10381A,N,O,04/04/2026 08:59:06 AM
10381B,N,O,04/04/2026 08:58:48 AM
10382A,N,O,04/04/2026 08:57:44 AM
10382B,N,O,04/04/2026 08:57:44 AM
10383A,N,V,04/04/2026 09:50:06 AM
10383B,N,O,04/04/2026 08:57:10 AM
10384A,N,O,04/04/2026 08:55:49 AM
10384B,N,O,04/04/2026 08:55:49 AM
10387A,N,O,04/04/2026 08:57:49 AM
10387B,N,V,04/04/2026 09:38:57 AM
10389A,N,O,04/03/2026 05:07:45 PM
10389B,N,O,04/04/2026 08:55:52 AM
1038A,N,O,04/04/2026 09:24:57 AM
10390A,N,V,04/04/2026 09:51:29 AM
10390B,N,O,04/04/2026 08:59:53 AM
10391A,N,O,04/04/2026 09:48:14 AM
10391B,N,O,04/04/2026 08:58:52 AM
10392A,N,O,04/03/2026 06:32:56 PM
10392B,N,O,04/03/2026 06:43:02 PM
10393A,N,O,04/03/2026 05:20:38 PM
10394A,N,O,04/04/2026 08:55:51 AM
10394B,N,O,04/04/2026 08:55:51 AM
10395A,N,O,04/04/2026 08:59:50 AM
10396A,N,O,04/04/2026 09:37:39 AM
10396B,N,V,04/04/2026 09:50:23 AM
10397A,N,V,04/04/2026 09:49:38 AM
10397B,N,V,04/04/2026 09:51:02 AM
10398A,N,O,04/04/2026 09:42:47 AM
10398B,N,O,04/04/2026 09:43:18 AM
10399A,N,O,04/04/2026 07:55:53 AM
10399B,N,O,04/04/2026 07:55:43 AM
1039A,N,V,04/03/2026 09:26:02 PM
1039B,N,V,04/03/2026 09:23:04 PM
103A,N,V,04/04/2026 09:00:02 AM
103B,N,V,04/04/2026 09:00:26 AM
10401A,N,O,04/02/2026 09:09:56 PM
10402A,N,O,04/04/2026 08:57:44 AM
10402B,N,O,04/04/2026 09:36:50 AM
10404A,N,O,04/04/2026 08:55:52 AM
10404B,N,O,04/04/2026 08:55:52 AM
10405A,N,O,04/04/2026 08:59:57 AM
10405B,N,O,04/04/2026 08:59:47 AM
10406B,N,O,04/04/2026 08:58:47 AM
10407A,N,V,04/04/2026 09:49:12 AM
10407B,N,O,04/04/2026 08:57:46 AM
10408B,N,O,04/04/2026 08:56:49 AM
10409A,N,O,04/03/2026 08:20:22 PM
10409B,N,O,04/04/2026 08:55:47 AM
10410A,N,O,04/04/2026 08:59:52 AM
10410B,N,O,04/04/2026 08:59:56 AM
10411A,N,V,04/04/2026 09:49:52 AM
10411B,N,O,04/04/2026 08:58:43 AM
10412A,N,V,04/04/2026 09:44:54 AM
10412B,N,O,04/04/2026 08:57:50 AM
10413A,N,O,04/04/2026 09:40:57 AM
10413B,N,V,04/04/2026 09:34:37 AM
10435A,N,O,04/04/2026 08:59:45 AM
10435B,N,O,04/04/2026 08:59:45 AM
10436B,N,O,04/04/2026 08:58:52 AM
1043A,NU,V,04/03/2026 07:02:18 PM
1043B,NU,V,04/03/2026 09:55:47 PM
1044A,N,V,04/03/2026 07:49:06 PM
1044B,N,V,04/03/2026 04:24:46 PM
10452A,N,O,04/04/2026 08:58:18 AM
10452B,N,O,04/04/2026 08:57:52 AM
10453A,N,O,04/04/2026 08:56:51 AM
10453B,N,O,04/04/2026 08:56:51 AM
10454A,N,V,04/04/2026 09:51:07 AM
10456A,N,O,04/04/2026 09:11:31 AM
10456B,N,O,04/04/2026 08:58:52 AM
10457A,N,V,04/04/2026 09:50:48 AM
10457B,N,V,04/04/2026 09:50:21 AM
10458A,N,O,04/04/2026 09:51:00 AM
10458B,N,O,04/04/2026 09:51:33 AM
1045A,N,O,04/04/2026 09:04:34 AM
10461B,N,O,04/04/2026 08:58:56 AM
10462A,N,O,04/04/2026 08:57:50 AM
10462B,N,O,04/04/2026 08:57:50 AM
10463A,N,O,04/04/2026 08:56:52 AM
10463B,N,O,04/04/2026 08:56:59 AM
10464A,N,O,04/04/2026 08:55:50 AM
10464B,N,O,04/04/2026 08:55:53 AM
10465A,N,O,04/04/2026 08:59:53 AM
10465B,N,O,04/04/2026 08:59:53 AM
10466A,N,O,04/04/2026 09:19:31 AM
10466B,N,O,04/03/2026 01:31:23 PM
10467A,N,V,04/04/2026 09:50:31 AM
10467B,N,O,04/04/2026 08:57:54 AM
10468B,N,O,04/04/2026 09:27:15 AM
1046A,N,O,04/04/2026 08:58:43 AM
1046B,N,O,04/04/2026 08:58:51 AM
10471A,N,O,04/04/2026 08:58:47 AM
10472A,N,O,04/04/2026 08:57:45 AM
10474A,N,O,04/04/2026 08:55:48 AM
10474B,N,O,04/04/2026 08:55:48 AM
10475A,N,O,04/04/2026 08:59:45 AM
10475B,N,O,04/04/2026 08:59:52 AM
10476B,N,O,04/04/2026 08:58:50 AM
1047A,N,O,04/04/2026 09:51:41 AM
1047B,N,V,04/04/2026 09:44:07 AM
10481A,N,O,04/04/2026 08:58:50 AM
10481B,N,O,04/04/2026 08:58:54 AM
10482A,N,O,04/04/2026 09:41:40 AM
10482B,N,V,04/04/2026 09:46:01 AM
10483A,N,V,04/04/2026 09:50:24 AM
10483B,N,O,04/04/2026 08:56:53 AM
10485A,N,O,04/04/2026 08:59:50 AM
10485B,N,O,04/04/2026 08:59:43 AM
10486A,N,O,04/04/2026 08:58:50 AM
10486B,N,O,04/04/2026 08:58:42 AM
10487A,N,O,04/04/2026 08:57:46 AM
10487B,N,O,04/04/2026 09:51:20 AM
10488A,N,O,04/04/2026 08:56:44 AM
10488B,N,O,04/03/2026 07:34:41 PM
10489A,N,O,04/03/2026 09:50:52 PM
10489B,N,O,04/04/2026 08:55:44 AM
1048A,N,O,04/04/2026 09:50:34 AM
1048B,N,V,04/04/2026 09:34:51 AM
10490B,N,O,04/04/2026 08:59:51 AM
10491A,N,O,04/04/2026 08:58:54 AM
10491B,N,O,04/04/2026 08:58:54 AM
10492A,N,O,04/04/2026 08:57:50 AM
10492B,N,O,04/04/2026 08:57:50 AM
10493A,N,O,04/04/2026 08:56:46 AM
10493B,N,O,04/04/2026 08:56:46 AM
10494A,N,O,04/04/2026 08:55:59 AM
10494B,N,O,04/04/2026 08:55:49 AM
10495A,N,O,04/04/2026 08:59:43 AM
10495B,N,O,04/04/2026 08:59:43 AM
10496B,N,O,04/04/2026 08:58:48 AM
1049A,N,O,04/04/2026 09:22:27 AM
1049B,N,O,04/04/2026 08:55:37 AM
104A,N,O,04/04/2026 08:55:48 AM
104B,N,V,04/04/2026 08:57:01 AM
10501A,N,V,04/04/2026 09:51:25 AM
10501B,N,O,04/04/2026 08:58:57 AM
10502A,N,O,04/04/2026 08:58:00 AM
10502B,N,O,04/04/2026 08:57:45 AM
10503A,N,O,04/04/2026 08:56:51 AM
10503B,N,O,04/04/2026 08:56:51 AM
10504A,N,O,04/03/2026 10:02:09 AM
10504B,N,O,04/04/2026 08:55:54 AM
1050A,N,V,04/04/2026 09:50:38 AM
1050B,N,O,04/04/2026 09:51:28 AM
10511A,N,O,04/03/2026 06:33:39 PM
10511B,N,O,04/03/2026 07:48:18 PM
10512A,N,O,04/03/2026 08:56:50 PM
10512B,N,O,04/03/2026 11:37:27 AM
10513B,N,O,04/03/2026 10:26:45 AM
1051A,N,V,04/04/2026 09:23:32 AM
1051B,N,O,04/04/2026 09:31:36 AM
1052A,N,O,04/04/2026 08:57:59 AM
1052B,N,O,04/04/2026 09:23:40 AM
10534A,N,O,04/04/2026 08:55:51 AM
10534B,N,O,04/04/2026 08:55:43 AM
10535A,N,O,04/04/2026 09:00:06 AM
10535B,N,O,04/04/2026 08:59:53 AM
10536A,N,O,04/04/2026 08:58:55 AM
10536B,N,O,04/04/2026 08:58:51 AM
10537A,N,O,04/04/2026 08:57:44 AM
10537B,N,O,04/04/2026 08:57:44 AM
10539A,N,O,04/04/2026 08:55:44 AM
10539B,N,O,04/04/2026 08:55:56 AM
10540A,N,O,04/04/2026 08:59:45 AM
10540B,N,O,04/04/2026 08:59:45 AM
10541A,N,O,04/04/2026 09:38:16 AM
10541B,N,O,04/04/2026 09:47:28 AM
10542A,N,O,04/04/2026 08:57:52 AM
10542B,N,O,04/04/2026 09:51:03 AM
10543A,N,O,04/04/2026 08:56:49 AM
10543B,N,O,04/04/2026 08:56:49 AM
10544A,N,O,04/04/2026 08:55:52 AM
10544B,N,O,04/04/2026 08:55:52 AM
10545A,N,O,04/04/2026 08:59:45 AM
10545B,N,O,04/04/2026 08:59:45 AM
10546A,N,O,04/03/2026 09:07:23 PM
10546B,N,O,04/03/2026 08:11:47 PM
10547A,N,O,04/03/2026 06:06:55 PM
10547B,N,O,04/03/2026 03:09:44 PM
10548A,N,O,04/03/2026 05:11:33 PM
10548B,N,O,04/03/2026 07:30:00 PM
10549A,N,O,04/03/2026 09:27:28 PM
10549B,N,O,04/03/2026 09:59:55 PM
10550A,N,O,04/03/2026 09:30:04 PM
10550B,N,O,04/03/2026 09:42:17 PM
10551A,N,O,04/03/2026 09:50:28 PM
10551B,N,O,04/03/2026 10:28:48 AM
10552A,N,O,04/03/2026 09:37:29 PM
10552B,N,O,04/03/2026 04:10:45 PM
10553A,N,O,04/03/2026 05:04:49 PM
10553B,N,O,04/03/2026 09:14:17 PM
10554A,N,O,04/03/2026 09:21:53 PM
10554B,N,O,04/03/2026 09:45:06 PM
10555A,N,O,04/03/2026 09:10:03 PM
10555B,N,O,04/03/2026 09:42:51 PM
10556A,N,O,04/03/2026 05:48:18 PM
10556B,N,O,04/03/2026 06:38:17 PM
10557A,N,O,04/03/2026 09:38:02 PM
10557B,N,O,04/03/2026 05:48:25 PM
10558A,N,O,04/03/2026 04:36:33 PM
10558B,N,O,04/03/2026 06:48:38 PM
10581A,N,O,04/04/2026 08:58:59 AM
10581B,N,O,04/04/2026 09:03:10 AM
10582A,N,V,04/04/2026 09:51:30 AM
10582B,N,O,04/04/2026 08:57:53 AM
10583A,N,O,04/04/2026 08:56:50 AM
10583B,N,O,04/04/2026 08:56:57 AM
10584A,N,O,04/04/2026 08:55:56 AM
10585A,N,O,04/04/2026 08:59:47 AM
10585B,N,O,04/04/2026 08:59:47 AM
105A,N,O,04/04/2026 09:15:50 AM
105B,N,V,04/03/2026 08:50:29 PM
10600A,N,O,04/03/2026 04:18:56 PM
10601A,N,V,04/03/2026 07:47:13 PM
10601B,N,O,04/03/2026 05:46:28 PM
10602A,N,O,04/02/2026 07:57:48 AM
10602B,N,O,04/03/2026 09:57:43 AM
10605A,N,O,04/03/2026 07:29:27 PM
10605B,N,O,04/03/2026 09:36:33 PM
10606A,N,O,04/03/2026 11:50:35 AM
10606B,N,O,04/03/2026 09:58:48 AM
10607B,N,O,04/03/2026 08:33:59 PM
10608A,N,O,04/03/2026 04:53:43 PM
10610B,N,O,04/03/2026 09:59:50 AM
10616A,NU,V,04/03/2026 09:20:44 PM
10616B,NU,O,04/03/2026 09:54:41 PM
10617B,N,O,04/03/2026 09:59:58 PM
10618A,NU,O,04/03/2026 09:11:10 PM
10619B,NU,O,04/03/2026 07:00:51 PM
10620A,NU,O,04/03/2026 09:03:03 PM
10621B,NU,O,04/03/2026 08:40:21 PM
10622B,N,O,04/03/2026 02:22:29 PM
10623A,N,O,04/03/2026 09:57:02 PM
10623B,N,O,04/03/2026 05:32:38 PM
10624A,N,O,04/03/2026 09:48:05 PM
10624B,N,V,04/03/2026 09:25:55 PM
10625A,N,O,04/03/2026 09:19:26 PM
10625B,N,O,04/03/2026 09:59:50 AM
10626A,N,V,04/03/2026 09:29:19 PM
10626B,N,O,04/03/2026 09:59:33 PM
10628A,N,O,04/03/2026 09:56:52 AM
10628B,N,O,04/03/2026 06:56:36 PM
10629A,N,O,04/03/2026 04:19:31 PM
10637A,N,O,04/04/2026 08:34:04 AM
10637B,N,O,04/04/2026 08:53:58 AM
10638A,N,O,04/04/2026 09:11:50 AM
10638B,N,O,04/04/2026 07:42:27 AM
10639A,N,O,04/04/2026 08:54:38 AM
10639B,N,O,04/04/2026 09:05:42 AM
10642A,N,O,04/04/2026 09:28:51 AM
10642B,N,V,04/04/2026 09:45:31 AM
10643A,N,O,04/04/2026 08:58:51 AM
10643B,N,O,04/04/2026 06:56:48 AM
1064A,N,O,04/04/2026 08:55:44 AM
1064B,N,O,04/04/2026 08:55:40 AM
10650A,NU,O,04/03/2026 07:00:55 PM
10650B,NU,V,04/03/2026 09:52:39 PM
10661A,N,O,04/03/2026 09:50:46 PM
10661B,N,O,04/04/2026 08:58:46 AM
10662A,N,O,04/04/2026 08:57:49 AM
10662B,N,O,04/04/2026 09:46:05 AM
10663A,N,O,04/04/2026 08:56:45 AM
10663B,N,O,04/04/2026 08:56:45 AM
10664A,N,O,04/04/2026 08:55:44 AM
10664B,N,O,04/03/2026 09:41:38 PM
1067A,N,O,04/04/2026 09:47:55 AM
1067B,N,O,04/04/2026 09:19:26 AM
1068A,N,O,04/04/2026 08:57:04 AM
1068B,N,O,04/04/2026 09:06:25 AM
10691A,N,O,04/04/2026 08:58:42 AM
10691B,N,O,04/04/2026 09:47:03 AM
10696A,N,O,04/04/2026 08:58:54 AM
10696B,N,O,04/04/2026 09:51:38 AM
10697A,N,O,04/03/2026 08:42:05 PM
10697B,N,O,04/04/2026 08:57:58 AM
10698A,N,O,04/04/2026 08:56:43 AM
10698B,N,O,04/04/2026 08:57:07 AM
10699A,N,O,04/04/2026 08:55:43 AM
10699B,N,O,04/04/2026 08:55:43 AM
1069A,N,O,04/04/2026 08:55:43 AM
1069B,N,O,04/04/2026 08:55:43 AM
106A,N,V,04/04/2026 09:24:36 AM
106B,N,V,04/04/2026 09:48:00 AM
10701A,NU,O,04/03/2026 07:00:45 PM
10701B,NU,V,04/03/2026 09:55:29 PM
10724B,N,V,04/04/2026 09:49:44 AM
10725A,N,O,04/04/2026 09:48:47 AM
10725B,N,O,04/04/2026 08:59:47 AM
10729A,N,O,04/04/2026 08:55:44 AM
10729B,N,O,04/03/2026 04:00:14 PM
10730B,N,O,04/04/2026 09:32:55 AM
10731A,N,O,04/04/2026 09:04:19 AM
10731B,N,O,04/04/2026 08:58:55 AM
10745A,N,O,04/02/2026 06:59:47 AM
10745B,N,O,04/02/2026 03:32:19 PM
10746A,N,O,04/02/2026 08:17:50 PM
10746B,N,O,04/02/2026 07:39:06 PM
10751A,N,O,04/04/2026 08:58:51 AM
10751B,N,O,04/04/2026 08:59:08 AM
10752A,N,O,04/03/2026 06:37:32 PM
10752B,N,O,04/04/2026 08:57:44 AM
10753A,N,O,04/04/2026 08:56:49 AM
10753B,N,O,04/04/2026 08:56:57 AM
10754A,N,O,04/04/2026 08:56:08 AM
10754B,N,V,04/04/2026 09:46:07 AM
10755A,N,O,04/04/2026 08:59:50 AM
10755B,N,O,04/04/2026 09:00:01 AM
10756A,N,V,04/04/2026 09:13:30 AM
10757A,N,O,04/03/2026 06:53:02 PM
10757B,N,O,04/03/2026 06:01:08 PM
10758B,N,O,08/08/2025 06:34:38 PM
10759A,N,V,04/04/2026 09:15:49 AM
10759B,N,V,04/04/2026 09:19:15 AM
10760A,N,V,04/04/2026 09:24:21 AM
10760B,N,O,04/04/2026 08:59:46 AM
10761A,N,O,04/04/2026 08:58:47 AM
10761B,N,V,04/04/2026 09:43:46 AM
10762B,N,O,04/04/2026 08:57:51 AM
10763A,N,O,04/04/2026 08:56:48 AM
10763B,N,O,04/04/2026 08:56:48 AM
10764A,N,O,04/04/2026 09:46:23 AM
10764B,N,O,04/04/2026 08:55:44 AM
10765A,N,O,04/04/2026 08:59:51 AM
10765B,N,O,04/04/2026 08:59:51 AM
10766A,N,O,04/04/2026 09:27:23 AM
10766B,N,O,04/04/2026 08:58:49 AM
107A,N,V,04/04/2026 09:51:31 AM
10805A,N,O,04/03/2026 05:08:32 PM
10805B,N,V,04/04/2026 09:36:10 AM
10806A,N,O,04/04/2026 09:51:33 AM
10806B,N,O,04/04/2026 08:58:49 AM
10807A,N,O,04/04/2026 08:57:43 AM
10807B,N,O,04/04/2026 08:57:43 AM
10808A,N,O,04/04/2026 08:56:45 AM
10808B,N,O,04/03/2026 08:56:45 AM
10809A,N,V,04/03/2026 02:48:02 PM
10809B,N,O,04/04/2026 08:55:43 AM
10810A,N,V,04/03/2026 05:20:46 PM
10810B,N,V,04/03/2026 05:21:06 PM
10811A,N,O,04/04/2026 09:47:23 AM
10811B,N,V,04/03/2026 04:42:10 PM
10812A,N,V,04/04/2026 09:31:06 AM
10812B,N,V,04/03/2026 07:16:17 PM
10813A,N,V,04/04/2026 09:11:59 AM
10813B,N,O,04/04/2026 09:47:49 AM
10814A,N,V,04/03/2026 06:12:53 PM
10814B,N,O,04/04/2026 09:25:11 AM
10815A,N,O,04/02/2026 06:24:00 PM
10815B,N,O,04/02/2026 11:22:10 PM
10816A,N,V,04/02/2026 01:04:45 PM
10816B,N,V,04/02/2026 06:54:47 PM
10820A,N,V,04/02/2026 06:58:03 PM
10820B,N,O,04/02/2026 04:09:12 PM
10821B,NU,V,12/04/2024 08:59:29 AM
10822A,NU,V,01/27/2026 04:12:34 PM
10822B,NU,V,01/27/2026 04:12:34 PM
10823A,NU,O,12/04/2024 06:56:44 AM
10823B,NU,O,12/04/2024 06:56:51 AM
10824A,NU,O,12/04/2024 08:47:13 AM
10824B,NU,V,12/04/2024 08:58:00 AM
10825A,NU,O,05/28/2025 04:29:02 PM
10825B,N,V,04/02/2026 08:46:33 AM
10826A,NU,V,01/27/2026 04:10:18 PM
10826B,NU,O,01/27/2026 04:10:18 PM
10827A,NU,V,12/03/2024 10:26:33 PM
10827B,NU,V,12/04/2024 08:49:40 AM
10828A,N,V,04/02/2026 01:57:52 PM
10828B,N,V,04/02/2026 10:23:28 AM
10829A,N,V,04/02/2026 06:44:16 PM
10829B,N,V,04/02/2026 04:54:51 PM
10830A,N,V,04/02/2026 08:41:14 AM
10830B,N,V,04/02/2026 09:39:37 AM
10831A,N,O,04/02/2026 10:39:08 PM
10831B,N,V,04/02/2026 10:38:24 PM
10832A,N,V,04/02/2026 11:52:10 PM
10832B,N,V,04/02/2026 03:40:23 PM
10833A,N,O,04/02/2026 10:27:15 PM
10833B,N,O,04/02/2026 08:40:44 PM
10834A,N,O,04/02/2026 09:38:07 PM
10834B,N,V,04/02/2026 11:58:09 PM
10835A,N,V,04/02/2026 11:54:13 PM
10835B,N,O,04/02/2026 06:12:43 PM
10836A,N,V,04/03/2026 09:34:21 PM
10836B,N,V,04/03/2026 09:34:49 PM
10837A,N,V,04/03/2026 08:21:14 PM
10837B,N,V,04/03/2026 08:21:50 PM
10838A,N,V,04/04/2026 09:10:56 AM
10838B,N,V,04/03/2026 09:41:22 PM
10839A,N,V,09/21/2025 05:09:16 PM
10839B,N,V,09/21/2025 03:59:51 PM
10840A,N,O,04/04/2026 09:07:13 AM
10840B,N,V,04/03/2026 06:44:46 PM
108A,N,O,04/04/2026 08:56:45 AM
108B,N,O,04/04/2026 08:56:45 AM
109A,N,O,04/04/2026 08:55:49 AM
10B,NU,V,02/25/2026 11:59:15 PM
11022A,N,O,04/04/2026 08:57:47 AM
11022B,N,O,04/04/2026 09:50:57 AM
11023A,N,O,04/04/2026 08:56:57 AM
11023B,N,V,04/04/2026 09:49:38 AM
11030A,N,O,04/03/2026 07:26:21 PM
11031A,N,O,04/03/2026 05:51:07 PM
11031B,N,O,04/03/2026 06:38:00 PM
11032B,N,O,04/03/2026 03:07:14 PM
11034A,N,O,04/03/2026 12:26:15 PM
11034B,N,O,04/03/2026 10:10:05 AM
11035A,N,O,04/03/2026 09:59:48 AM
11035B,N,O,04/03/2026 09:59:55 AM
11036A,N,V,04/04/2026 09:48:20 AM
11036B,N,O,04/04/2026 08:58:49 AM
11040B,N,O,04/03/2026 09:59:45 AM
11041A,N,O,04/03/2026 10:32:42 AM
11041B,N,O,04/03/2026 09:19:10 PM
11042A,N,O,04/03/2026 05:12:06 PM
11042B,N,O,04/03/2026 06:37:09 PM
11043A,N,O,04/03/2026 09:56:44 AM
11043B,N,O,04/03/2026 05:34:16 PM
11044A,N,O,04/04/2026 08:55:43 AM
11044B,N,O,04/03/2026 04:14:07 PM
11070A,N,O,04/03/2026 09:59:55 AM
11070B,N,O,04/03/2026 11:34:13 AM
11071A,N,V,04/03/2026 09:45:56 PM
11071B,N,O,04/03/2026 09:20:11 PM
11072B,N,V,04/03/2026 09:44:51 PM
11073A,N,O,04/04/2026 08:56:50 AM
11074A,N,O,04/04/2026 08:55:55 AM
11074B,N,O,04/04/2026 08:55:51 AM
11075A,N,V,04/04/2026 09:44:24 AM
11075B,N,O,04/04/2026 08:59:50 AM
11076A,N,O,04/04/2026 08:58:43 AM
11076B,N,O,04/04/2026 09:37:15 AM
11077A,N,O,04/04/2026 08:58:11 AM
11077B,N,O,04/04/2026 08:57:52 AM
11078A,N,O,04/04/2026 08:56:48 AM
11078B,N,O,04/04/2026 08:56:56 AM
11079A,N,O,04/04/2026 09:51:07 AM
11079B,N,O,04/04/2026 08:55:52 AM
11081B,N,O,04/04/2026 09:35:27 AM
11082A,N,O,04/04/2026 08:58:28 AM
11082B,N,O,04/04/2026 08:57:57 AM
11083A,N,O,04/04/2026 08:56:49 AM
11083B,N,O,04/04/2026 08:56:49 AM
11084A,N,O,04/04/2026 09:42:34 AM
11085A,N,O,04/04/2026 08:59:48 AM
11085B,N,O,04/04/2026 09:41:25 AM
11086A,N,O,04/04/2026 08:59:23 AM
11086B,N,O,04/04/2026 08:58:55 AM
11087A,N,O,04/04/2026 09:36:56 AM
11087B,N,O,04/03/2026 09:22:34 PM
11088A,N,O,04/04/2026 08:56:50 AM
11088B,N,O,04/04/2026 08:56:46 AM
11089A,N,O,04/04/2026 08:55:44 AM
11089B,N,O,04/04/2026 08:55:44 AM
11090A,N,O,04/04/2026 09:29:08 AM
11090B,N,O,04/04/2026 08:59:51 AM
11091A,N,O,04/04/2026 09:04:26 AM
11091B,N,O,04/04/2026 08:58:55 AM
11092A,N,O,04/04/2026 08:57:52 AM
11092B,N,O,04/04/2026 08:57:52 AM
11093A,N,O,04/04/2026 08:56:53 AM
11093B,N,O,04/03/2026 09:06:38 PM
11094A,N,O,04/04/2026 08:55:51 AM
11094B,N,O,04/04/2026 08:56:01 AM
11095A,N,O,04/03/2026 11:58:29 AM
11095B,N,O,04/04/2026 09:23:43 AM
11096A,N,O,04/04/2026 08:58:57 AM
11096B,N,O,04/03/2026 02:32:16 PM
11097A,N,O,04/04/2026 08:57:48 AM
11097B,N,O,04/04/2026 09:11:24 AM
11098A,N,O,04/04/2026 09:11:23 AM
11098B,N,V,04/04/2026 09:46:17 AM
11099A,N,O,04/04/2026 08:59:48 AM
11099B,N,O,04/04/2026 09:09:42 AM
11100A,N,O,04/04/2026 08:59:52 AM
11100B,N,O,04/04/2026 08:59:52 AM
11101A,N,O,04/04/2026 08:58:51 AM
11101B,N,O,04/04/2026 08:58:51 AM
11102A,N,O,04/04/2026 08:58:38 AM
11102B,N,V,04/04/2026 09:48:22 AM
11103A,N,O,04/03/2026 06:58:34 PM
11103B,N,O,04/04/2026 08:56:52 AM
11104A,N,O,04/04/2026 08:55:50 AM
11104B,N,O,04/04/2026 09:49:01 AM
11105A,N,O,04/04/2026 09:05:54 AM
11105B,N,O,04/04/2026 08:59:52 AM
11106A,N,O,04/04/2026 09:40:53 AM
11106B,N,O,04/04/2026 08:58:52 AM
11107A,N,O,04/04/2026 08:57:44 AM
11110A,N,V,04/03/2026 09:56:47 PM
11110B,N,O,04/03/2026 09:59:46 AM
11111A,N,V,04/03/2026 09:49:07 PM
11111B,N,O,04/03/2026 08:30:31 PM
11112A,N,O,04/03/2026 09:57:49 AM
11112B,N,O,04/03/2026 09:57:49 AM
11113A,N,O,04/03/2026 06:34:10 PM
11113B,N,O,04/03/2026 09:56:45 AM
11114A,N,O,04/03/2026 06:53:20 PM
11114B,N,O,04/03/2026 09:55:49 AM
11116A,N,O,04/04/2026 08:58:53 AM
11116B,N,O,04/04/2026 09:25:47 AM
11117A,N,O,04/04/2026 09:26:04 AM
11117B,N,O,04/04/2026 09:43:54 AM
11118A,N,O,04/04/2026 08:56:51 AM
11119A,N,O,04/04/2026 08:55:54 AM
11119B,N,O,04/04/2026 08:55:50 AM
11120A,N,O,04/04/2026 09:25:54 AM
11120B,N,O,04/04/2026 08:59:49 AM
11121A,N,O,04/04/2026 09:23:30 AM
11121B,N,O,04/04/2026 08:58:58 AM
11122A,N,O,04/04/2026 08:57:56 AM
11122B,N,O,04/04/2026 09:31:39 AM
11127A,N,O,04/04/2026 09:13:36 AM
11127B,N,O,04/04/2026 08:57:52 AM
11128A,N,O,04/04/2026 09:04:30 AM
11128B,N,O,04/04/2026 08:56:51 AM
11129A,N,O,04/04/2026 08:55:44 AM
11129B,N,O,04/04/2026 08:55:44 AM
11130B,N,O,04/04/2026 08:59:53 AM
11131B,N,O,04/04/2026 09:30:47 AM
11132A,N,O,04/04/2026 08:57:51 AM
11132B,N,O,04/04/2026 09:22:37 AM
11133A,N,O,04/04/2026 08:56:45 AM
11134B,N,V,04/04/2026 09:45:53 AM
11135A,N,O,04/04/2026 09:46:00 AM
11135B,N,O,04/04/2026 09:34:22 AM
11136A,N,O,04/04/2026 08:58:50 AM
11136B,N,V,04/04/2026 09:44:52 AM
11137A,N,O,04/04/2026 09:32:36 AM
11137B,N,O,04/04/2026 08:57:44 AM
11138A,N,O,04/04/2026 09:27:22 AM
11138B,N,O,04/04/2026 08:56:57 AM
11139A,N,O,04/04/2026 08:55:39 AM
11139B,N,O,04/04/2026 09:43:58 AM
11140A,N,O,04/04/2026 08:59:50 AM
11140B,N,O,04/04/2026 08:59:46 AM
11141A,N,V,04/04/2026 09:47:03 AM
11141B,N,O,04/04/2026 09:49:26 AM
11142A,N,O,04/04/2026 09:07:32 AM
11142B,N,O,04/04/2026 09:26:48 AM
11143A,N,O,04/04/2026 08:56:42 AM
11143B,N,O,04/04/2026 08:56:42 AM
11144A,N,O,04/04/2026 08:55:50 AM
11144B,N,O,04/04/2026 09:42:52 AM
11145A,N,O,04/04/2026 08:59:57 AM
11145B,N,O,04/04/2026 08:59:50 AM
11146A,N,O,04/04/2026 08:58:43 AM
11146B,N,O,04/04/2026 09:31:57 AM
11147A,N,O,04/04/2026 08:57:43 AM
11147B,N,O,04/04/2026 08:57:47 AM
11149A,N,O,04/04/2026 08:55:39 AM
11149B,N,O,04/04/2026 08:55:39 AM
11150A,N,O,04/04/2026 08:59:40 AM
11150B,N,O,04/04/2026 08:59:40 AM
11151A,N,O,04/04/2026 09:26:53 AM
11151B,N,O,04/04/2026 09:30:49 AM
11152B,N,O,04/04/2026 09:45:26 AM
11153A,N,V,04/04/2026 09:39:23 AM
11153B,N,O,04/04/2026 08:56:46 AM
11155A,N,O,04/03/2026 09:59:51 AM
11155B,N,O,04/03/2026 07:01:51 PM
11156B,N,O,04/04/2026 09:01:04 AM
11157A,N,O,04/04/2026 08:57:57 AM
11158A,N,O,04/04/2026 09:01:30 AM
11158B,N,O,04/04/2026 08:56:47 AM
11159A,N,V,04/04/2026 09:50:52 AM
11159B,N,O,04/04/2026 08:55:47 AM
11160A,N,O,04/04/2026 08:59:45 AM
11160B,N,O,04/04/2026 08:59:49 AM
11165A,N,O,04/03/2026 09:59:50 AM
11166A,N,O,04/03/2026 09:58:55 AM
11166B,N,O,04/03/2026 09:59:04 AM
11167A,N,O,04/03/2026 09:57:48 AM
11167B,N,O,04/03/2026 09:57:52 AM
11168A,N,O,04/03/2026 09:56:46 AM
11168B,N,O,04/03/2026 09:56:58 AM
11169A,N,O,04/03/2026 09:55:48 AM
11169B,N,O,04/02/2026 07:55:52 AM
11171B,N,O,04/04/2026 08:58:56 AM
11172A,N,O,04/04/2026 08:57:59 AM
11172B,N,O,04/04/2026 09:33:39 AM
11173A,N,O,04/04/2026 09:47:46 AM
11173B,N,O,04/04/2026 08:56:49 AM
11174A,N,O,04/04/2026 08:55:52 AM
11174B,N,V,04/04/2026 09:33:32 AM
11175A,N,O,04/04/2026 08:59:54 AM
11175B,N,O,04/04/2026 09:00:01 AM
11176A,N,V,04/04/2026 09:51:31 AM
11176B,N,O,04/04/2026 09:50:17 AM
11177A,N,O,04/04/2026 08:57:54 AM
11177B,N,O,04/04/2026 09:43:25 AM
11178A,N,O,04/04/2026 09:46:01 AM
11178B,N,V,04/04/2026 09:31:38 AM
1117A,N,O,04/04/2026 09:02:32 AM
1117B,N,V,04/04/2026 09:48:36 AM
11181A,NU,O,04/03/2026 06:00:43 PM
11181B,NU,O,04/03/2026 06:00:43 PM
11182A,NU,O,04/03/2026 06:00:53 PM
11182B,NU,O,04/03/2026 06:00:53 PM
11183A,NU,O,04/03/2026 09:08:51 PM
11183B,NU,O,04/03/2026 08:50:19 PM
1118A,N,O,04/04/2026 09:51:02 AM
1118B,N,O,04/04/2026 09:40:24 AM
11191A,N,O,04/04/2026 08:58:45 AM
11191B,N,O,04/04/2026 08:58:45 AM
1119A,N,O,04/04/2026 08:25:40 AM
1119B,N,V,04/04/2026 09:50:24 AM
111A,N,V,04/03/2026 09:59:55 PM
111B,N,V,04/03/2026 05:10:22 PM
11205A,N,O,04/04/2026 08:59:48 AM
11205B,N,O,04/04/2026 08:59:48 AM
11206B,N,O,04/04/2026 08:58:45 AM
11207A,N,O,04/04/2026 08:57:45 AM
11207B,N,O,04/04/2026 08:57:45 AM
11208A,N,O,04/04/2026 08:56:50 AM
11208B,N,O,04/04/2026 08:56:50 AM
11209A,N,O,04/04/2026 09:30:34 AM
11209B,N,O,04/04/2026 08:55:50 AM
11210A,N,O,04/04/2026 08:59:52 AM
11210B,N,O,04/04/2026 08:59:56 AM
11211A,N,O,04/04/2026 09:50:21 AM
11211B,N,O,04/04/2026 08:58:51 AM
11212A,N,O,04/04/2026 08:57:48 AM
11212B,N,O,04/04/2026 09:13:27 AM
112A,N,O,04/03/2026 09:40:03 PM
112B,N,V,04/03/2026 06:41:39 PM
113A,N,O,04/04/2026 08:56:53 AM
113B,N,V,04/03/2026 06:48:33 PM
11500A,N,O,04/04/2026 08:59:53 AM
11500B,N,O,04/04/2026 09:00:01 AM
11501A,N,V,04/04/2026 09:50:21 AM
11501B,N,O,04/04/2026 09:09:57 AM
11502B,N,O,04/04/2026 08:57:47 AM
11504A,N,V,04/04/2026 09:45:17 AM
11504B,N,O,04/04/2026 08:55:51 AM
11505A,N,O,04/04/2026 08:59:53 AM
11505B,N,O,04/04/2026 08:59:53 AM
11506B,N,O,04/04/2026 08:58:45 AM
11507B,N,O,04/04/2026 08:57:45 AM
11508A,N,O,04/04/2026 08:56:44 AM
11508B,N,O,04/04/2026 08:56:44 AM
11509A,N,O,04/04/2026 08:55:52 AM
11509B,N,O,04/04/2026 08:55:45 AM
11582A,N,O,04/03/2026 09:25:37 PM
11583A,N,O,04/04/2026 08:56:50 AM
11583B,N,V,04/03/2026 08:44:22 PM
11584A,N,O,04/04/2026 08:55:53 AM
11584B,N,O,04/04/2026 08:56:00 AM
11585B,N,O,04/04/2026 08:59:45 AM
11593A,N,O,04/04/2026 09:38:51 AM
11593B,N,O,04/04/2026 08:56:51 AM
11594A,N,O,04/04/2026 08:55:48 AM
11595A,N,V,04/03/2026 09:55:18 PM
11595B,N,O,04/04/2026 09:29:20 AM
11596A,N,O,04/04/2026 08:58:43 AM
11596B,N,O,04/04/2026 08:58:43 AM
11597A,N,O,04/04/2026 08:57:51 AM
11597B,N,O,04/04/2026 09:47:36 AM
11598A,N,O,04/04/2026 09:44:14 AM
11598B,N,O,04/04/2026 08:56:55 AM
11599A,N,O,04/04/2026 08:55:46 AM
11599B,N,O,04/04/2026 08:56:01 AM
115A,N,V,04/04/2026 09:42:35 AM
115B,N,O,04/04/2026 09:51:39 AM
11600A,N,O,04/04/2026 08:59:55 AM
11600B,N,O,04/03/2026 07:18:24 PM
11601A,N,O,04/03/2026 07:30:47 PM
11601B,N,O,04/04/2026 08:58:59 AM
11602A,N,O,04/03/2026 10:34:02 AM
11602B,N,V,04/04/2026 09:43:51 AM
11608A,N,O,04/04/2026 08:56:59 AM
11609B,N,O,04/04/2026 08:55:50 AM
11610A,N,O,04/04/2026 08:59:52 AM
11610B,N,O,04/04/2026 08:59:48 AM
11611A,N,V,04/04/2026 09:51:34 AM
11611B,N,O,04/04/2026 09:35:37 AM
11612A,N,O,04/04/2026 09:50:41 AM
11612B,N,O,04/04/2026 08:57:51 AM
11613A,N,O,04/04/2026 08:56:52 AM
11613B,N,O,04/04/2026 08:56:59 AM
11614A,N,O,04/04/2026 08:55:49 AM
11614B,N,O,04/04/2026 08:55:49 AM
11615A,NU,O,03/01/2026 07:24:19 PM
11615B,N,O,04/04/2026 08:59:50 AM
11616A,NU,O,03/01/2026 08:58:45 AM
11616B,NU,O,02/28/2026 06:58:42 AM
11617B,N,O,04/04/2026 08:57:56 AM
11618A,N,O,04/03/2026 06:18:19 PM
11618B,N,O,04/04/2026 08:56:50 AM
11619A,N,O,04/04/2026 08:55:48 AM
11625A,N,O,04/04/2026 09:00:00 AM
11626A,N,O,04/04/2026 08:58:52 AM
11626B,N,O,04/04/2026 08:59:00 AM
11627A,N,O,04/04/2026 08:57:44 AM
11627B,N,O,04/04/2026 08:57:48 AM
11655A,N,O,04/03/2026 07:31:48 PM
11655B,N,O,04/03/2026 08:10:38 PM
11656A,N,O,04/04/2026 08:58:51 AM
11656B,N,O,04/04/2026 09:16:59 AM
11657A,N,O,04/04/2026 08:57:45 AM
11657B,N,O,04/04/2026 08:57:45 AM
11658A,N,O,04/04/2026 08:56:47 AM
11658B,N,O,04/04/2026 08:56:47 AM
11659A,N,V,04/04/2026 09:36:50 AM
11659B,N,O,04/03/2026 04:33:39 PM
11660A,N,O,04/04/2026 08:59:45 AM
11660B,N,O,04/04/2026 08:59:45 AM
11661A,N,O,04/04/2026 08:58:52 AM
11661B,N,O,04/04/2026 08:58:52 AM
11662A,N,O,04/04/2026 08:57:53 AM
11662B,N,O,04/04/2026 09:51:37 AM
11663A,N,V,04/04/2026 09:51:39 AM
11663B,N,O,04/04/2026 09:50:28 AM
11671B,N,O,04/04/2026 08:58:56 AM
11672A,N,O,04/04/2026 08:57:54 AM
11672B,N,O,04/04/2026 09:32:05 AM
116A,N,V,04/04/2026 09:48:05 AM
116B,N,V,04/04/2026 09:43:46 AM
1172A,N,O,04/03/2026 06:38:17 PM
1172B,N,O,04/03/2026 09:51:59 PM
1173A,N,O,04/03/2026 04:58:18 PM
1173B,N,O,04/03/2026 08:13:46 PM
1174B,N,V,04/03/2026 09:22:13 PM
1175A,N,V,04/03/2026 06:35:14 PM
1175B,N,O,04/03/2026 09:37:53 PM
1176B,N,V,04/03/2026 09:56:39 PM
117A,N,V,04/03/2026 04:20:42 PM
117B,N,O,04/04/2026 08:57:50 AM
118A,N,V,04/04/2026 09:37:04 AM
118B,N,V,04/04/2026 09:23:37 AM
1199A,N,O,04/03/2026 09:51:22 PM
1199B,N,O,04/03/2026 09:28:45 PM
119A,N,O,04/04/2026 09:47:34 AM
119B,N,V,04/04/2026 09:23:11 AM
11B,NU,O,02/25/2026 10:59:20 PM
12001A,N,O,04/03/2026 03:40:32 PM
12001B,N,O,04/03/2026 09:16:43 PM
12003A,N,V,04/03/2026 09:56:17 PM
12003B,N,V,04/03/2026 06:48:09 PM
12004A,N,O,04/03/2026 04:33:12 PM
12004B,N,O,04/03/2026 05:31:00 PM
12005A,N,O,04/03/2026 06:48:52 PM
12005B,N,V,04/03/2026 09:17:50 PM
12006A,N,O,04/03/2026 06:20:12 PM
1202A,N,V,04/03/2026 09:59:57 PM
1202B,N,O,04/03/2026 01:48:59 PM
12030A,N,O,04/03/2026 07:41:47 PM
12030B,N,O,04/04/2026 08:59:49 AM
12031A,N,O,04/04/2026 08:58:48 AM
12031B,N,O,04/04/2026 09:51:32 AM
12032A,N,O,04/04/2026 08:58:12 AM
12032B,N,O,04/04/2026 09:37:42 AM
12034A,N,O,04/04/2026 09:03:22 AM
12034B,N,O,04/04/2026 08:55:59 AM
12035A,N,V,04/04/2026 09:49:19 AM
12035B,N,O,04/04/2026 08:59:55 AM
12036A,N,O,04/04/2026 09:48:47 AM
12036B,N,O,04/04/2026 09:46:54 AM
12037A,N,O,04/04/2026 08:57:48 AM
12037B,N,O,04/04/2026 09:11:14 AM
12038A,N,O,04/04/2026 09:41:01 AM
12038B,N,O,04/04/2026 08:56:46 AM
12039A,N,O,04/04/2026 09:48:08 AM
12039B,N,O,04/03/2026 06:53:49 PM
1203B,N,V,04/03/2026 09:19:19 PM
12040A,N,O,04/04/2026 09:10:41 AM
12040B,N,V,04/04/2026 09:41:36 AM
12041A,N,O,04/04/2026 09:49:31 AM
12041B,N,V,04/04/2026 09:10:32 AM
12042A,N,O,04/04/2026 08:57:51 AM
12042B,N,O,04/04/2026 09:50:24 AM
12043A,N,O,04/04/2026 08:56:53 AM
12043B,N,V,04/04/2026 09:28:34 AM
12044A,N,O,04/04/2026 09:48:17 AM
12044B,N,V,04/04/2026 09:32:56 AM
12045A,N,V,04/04/2026 09:20:46 AM
12045B,N,O,04/04/2026 08:59:53 AM
12046A,N,O,04/04/2026 08:58:48 AM
12046B,N,O,04/03/2026 03:21:14 PM
12047A,N,V,04/04/2026 09:37:08 AM
12047B,N,O,04/04/2026 08:58:07 AM
12048A,N,O,04/04/2026 08:56:43 AM
12048B,N,O,04/04/2026 09:36:52 AM
12051A,N,V,04/04/2026 09:26:43 AM
12051B,N,V,04/04/2026 09:19:13 AM
12052A,N,O,04/04/2026 08:57:53 AM
12052B,N,O,04/04/2026 09:26:12 AM
12054A,N,O,04/04/2026 08:55:40 AM
12055A,N,O,04/04/2026 08:59:46 AM
12055B,N,O,04/04/2026 08:59:46 AM
12056A,N,V,04/04/2026 09:14:15 AM
12056B,N,O,04/03/2026 09:55:23 PM
12057A,N,O,04/04/2026 08:57:55 AM
12057B,N,O,04/04/2026 08:57:55 AM
12058B,N,O,04/04/2026 08:56:59 AM
12059B,N,O,04/03/2026 08:10:51 PM
12060B,N,O,04/04/2026 08:59:52 AM
12061A,N,O,04/04/2026 08:58:50 AM
12061B,N,O,04/04/2026 08:58:46 AM
12062A,N,O,04/04/2026 09:16:59 AM
12062B,N,O,04/04/2026 08:58:02 AM
12063A,N,O,04/04/2026 08:56:49 AM
12063B,N,O,04/04/2026 08:56:56 AM
12064A,N,O,04/04/2026 08:55:47 AM
12064B,N,O,04/04/2026 08:55:51 AM
12065A,N,V,04/04/2026 09:50:17 AM
12065B,N,O,04/04/2026 09:38:24 AM
12066A,N,O,04/04/2026 08:58:48 AM
12066B,N,O,04/04/2026 09:28:24 AM
12067A,N,O,04/04/2026 09:48:38 AM
12067B,N,O,04/04/2026 08:58:10 AM
12068A,N,O,04/04/2026 08:56:51 AM
12068B,N,O,04/04/2026 08:56:55 AM
12069A,N,O,04/04/2026 08:55:46 AM
12069B,N,O,04/04/2026 08:55:46 AM
12070A,N,O,04/04/2026 09:10:34 AM
12070B,N,O,04/04/2026 08:59:48 AM
12071A,N,O,04/04/2026 08:58:52 AM
12071B,N,O,04/04/2026 09:15:09 AM
12081A,N,O,04/04/2026 08:58:49 AM
12081B,N,O,04/04/2026 09:32:00 AM
12082A,N,O,04/04/2026 09:09:03 AM
12082B,N,O,04/04/2026 09:42:42 AM
12083A,N,O,04/04/2026 08:56:52 AM
12083B,N,O,04/04/2026 08:57:02 AM
12099A,N,V,04/04/2026 09:45:07 AM
12099B,N,O,04/04/2026 09:50:29 AM
120A,N,O,04/04/2026 08:59:43 AM
120B,N,O,04/04/2026 09:00:03 AM
12100A,N,O,04/04/2026 09:42:19 AM
12104A,N,O,04/03/2026 01:00:13 PM
12104B,N,O,04/04/2026 08:55:48 AM
12105A,N,O,04/04/2026 08:59:53 AM
12105B,N,O,04/04/2026 08:59:46 AM
12106A,N,V,04/04/2026 09:51:38 AM
12106B,N,O,04/04/2026 08:58:44 AM
12107A,N,O,04/04/2026 08:57:43 AM
12107B,N,V,04/04/2026 09:27:42 AM
12108A,N,O,04/04/2026 08:56:44 AM
12108B,N,O,04/04/2026 08:56:44 AM
12109A,N,O,04/04/2026 09:32:06 AM
12109B,N,O,04/04/2026 09:51:12 AM
12110A,N,O,04/04/2026 08:59:50 AM
12111A,N,V,04/04/2026 09:46:20 AM
12111B,N,V,04/04/2026 09:26:30 AM
12112A,N,O,04/04/2026 09:41:34 AM
12112B,N,O,04/04/2026 09:49:14 AM
12113A,N,O,04/04/2026 08:56:51 AM
12113B,N,V,04/04/2026 09:51:36 AM
12114A,N,O,04/04/2026 08:55:50 AM
12115A,N,O,04/04/2026 09:20:10 AM
12116A,N,O,04/04/2026 08:58:53 AM
12117A,N,V,04/04/2026 09:49:24 AM
12118B,N,O,04/04/2026 08:57:08 AM
12119A,N,V,04/04/2026 09:35:15 AM
12119B,N,V,04/04/2026 09:36:57 AM
12120A,N,O,04/04/2026 09:41:59 AM
12120B,N,O,04/04/2026 08:59:45 AM
12121A,N,V,04/04/2026 09:49:33 AM
12121B,N,O,04/04/2026 08:58:50 AM
12122A,N,V,04/04/2026 09:51:01 AM
12122B,N,O,04/04/2026 08:57:46 AM
12123A,N,O,04/03/2026 09:33:43 PM
12123B,N,O,04/04/2026 08:56:48 AM
12124A,N,O,04/04/2026 08:55:47 AM
12124B,N,O,04/04/2026 08:55:47 AM
12125A,N,V,04/03/2026 09:41:47 PM
12125B,N,V,04/04/2026 09:51:35 AM
12126A,N,V,04/04/2026 09:42:54 AM
12126B,N,O,04/04/2026 09:15:20 AM
12128A,N,O,04/04/2026 08:56:46 AM
12128B,N,V,04/04/2026 09:50:02 AM
12129A,N,O,04/04/2026 08:55:44 AM
12130A,N,O,04/04/2026 09:51:34 AM
12130B,N,V,04/04/2026 09:46:22 AM
12131A,N,O,04/04/2026 09:51:18 AM
12131B,N,V,04/04/2026 09:32:39 AM
12132A,N,O,04/04/2026 08:57:50 AM
12132B,N,V,04/03/2026 09:27:02 PM
12133A,N,O,04/04/2026 09:49:59 AM
12133B,N,O,04/04/2026 08:56:46 AM
12134A,N,V,04/04/2026 09:51:19 AM
12134B,N,O,04/04/2026 09:49:59 AM
12135A,N,O,04/04/2026 09:51:23 AM
12135B,N,O,04/04/2026 08:59:54 AM
12136A,N,O,04/04/2026 08:58:57 AM
12136B,N,O,04/04/2026 09:49:59 AM
12137A,N,V,04/04/2026 09:13:42 AM
12137B,N,O,04/04/2026 08:57:45 AM
12139A,N,O,04/04/2026 09:12:42 AM
12139B,N,O,04/04/2026 08:56:00 AM
12140A,N,O,04/04/2026 08:59:49 AM
12140B,N,O,04/04/2026 09:27:33 AM
12141A,N,O,04/04/2026 08:59:04 AM
12142A,N,O,04/04/2026 08:57:53 AM
12142B,N,V,04/04/2026 09:22:28 AM
12143A,N,O,04/04/2026 09:49:48 AM
12143B,N,O,04/04/2026 08:56:45 AM
12144A,N,O,04/04/2026 09:20:39 AM
12144B,N,O,04/04/2026 08:55:48 AM
12145A,N,O,04/04/2026 08:59:46 AM
12145B,N,O,04/04/2026 09:50:40 AM
12148A,N,O,04/04/2026 08:56:53 AM
12148B,N,V,04/04/2026 09:51:32 AM
12149A,N,O,04/04/2026 08:55:48 AM
12149B,N,O,04/04/2026 09:50:12 AM
12151A,N,V,04/04/2026 09:30:06 AM
12151B,N,O,04/04/2026 09:24:28 AM
12152A,N,O,04/04/2026 08:59:36 AM
12152B,N,O,04/04/2026 09:33:52 AM
12153A,N,O,04/04/2026 09:45:08 AM
12153B,N,V,04/04/2026 09:48:48 AM
12154A,N,O,04/04/2026 08:55:48 AM
12154B,N,O,04/04/2026 08:55:48 AM
12155A,N,O,04/04/2026 08:59:48 AM
12155B,N,O,04/03/2026 05:42:00 PM
12156A,N,V,04/04/2026 09:51:41 AM
12156B,N,O,04/04/2026 09:35:36 AM
12157A,N,O,04/03/2026 08:37:16 PM
12157B,N,O,04/04/2026 08:57:49 AM
12158A,N,V,04/04/2026 09:27:22 AM
12158B,N,O,04/04/2026 09:13:14 AM
12159B,N,O,04/04/2026 08:55:54 AM
12160A,N,O,04/04/2026 08:59:56 AM
12160B,N,O,04/04/2026 08:59:52 AM
12161A,N,O,10/25/2025 03:07:40 PM
12161B,N,O,04/04/2026 09:50:48 AM
12162A,N,O,04/04/2026 09:26:52 AM
12162B,N,O,04/04/2026 08:57:58 AM
12163A,N,O,04/04/2026 08:56:52 AM
12163B,N,O,04/04/2026 08:56:59 AM
12164A,N,O,04/04/2026 08:55:51 AM
12164B,N,V,04/04/2026 09:51:33 AM
12165A,N,O,04/04/2026 08:59:44 AM
12165B,N,O,04/04/2026 09:48:22 AM
12166B,N,O,04/04/2026 09:32:42 AM
12167A,N,O,04/04/2026 08:57:54 AM
12167B,N,O,04/04/2026 08:57:47 AM
12169A,N,V,04/04/2026 09:48:01 AM
12169B,N,V,04/04/2026 09:18:23 AM
12170A,N,O,04/04/2026 09:00:09 AM
12170B,N,V,04/04/2026 09:51:16 AM
12171A,N,V,04/04/2026 09:48:24 AM
12173A,N,V,04/04/2026 09:40:36 AM
12173B,N,V,04/04/2026 09:18:38 AM
12174A,N,V,04/04/2026 09:41:02 AM
12174B,N,O,04/04/2026 08:55:44 AM
12175A,N,O,04/03/2026 07:18:37 PM
12175B,N,V,04/04/2026 09:48:45 AM
12176B,N,O,04/04/2026 09:07:01 AM
12177A,N,O,04/03/2026 06:10:37 PM
12177B,N,V,04/04/2026 09:23:53 AM
12179A,N,V,04/04/2026 09:23:47 AM
12179B,N,O,04/04/2026 09:40:25 AM
12180B,N,V,04/04/2026 09:44:36 AM
12182A,N,O,04/04/2026 08:57:48 AM
12182B,N,V,04/04/2026 09:06:49 AM
12183A,N,V,04/04/2026 09:19:59 AM
12183B,N,O,04/04/2026 09:15:48 AM
12184A,N,V,04/04/2026 09:51:17 AM
12184B,N,O,04/04/2026 08:55:45 AM
12186A,N,O,04/04/2026 08:58:51 AM
12187A,N,O,04/04/2026 09:44:51 AM
12187B,N,V,04/04/2026 09:50:45 AM
12188A,N,O,04/04/2026 08:57:40 AM
12188B,N,O,04/04/2026 08:57:09 AM
12189A,N,O,04/04/2026 08:55:53 AM
12190A,N,O,04/04/2026 08:59:48 AM
12190B,N,V,04/04/2026 09:51:29 AM
12191A,N,O,04/04/2026 08:58:46 AM
12191B,N,O,04/04/2026 08:58:46 AM
12192A,N,V,04/04/2026 09:36:09 AM
12193A,N,O,04/04/2026 08:56:47 AM
12193B,N,O,04/04/2026 08:56:47 AM
12194A,N,O,04/04/2026 09:21:55 AM
12195A,N,O,04/04/2026 08:59:44 AM
12195B,N,O,04/04/2026 09:51:34 AM
12196A,N,V,04/04/2026 09:51:03 AM
12196B,N,V,04/04/2026 09:03:23 AM
12197B,N,O,04/04/2026 08:57:51 AM
12198A,N,O,04/04/2026 08:56:52 AM
12198B,N,V,04/04/2026 09:44:05 AM
121A,N,V,04/03/2026 07:01:09 PM
121B,N,V,04/03/2026 08:47:14 PM
12202A,N,O,04/04/2026 08:57:53 AM
12202B,N,V,04/04/2026 09:49:43 AM
12203A,N,O,04/04/2026 08:56:46 AM
12203B,N,O,04/04/2026 08:56:56 AM
12204A,N,V,04/04/2026 09:11:46 AM
12204B,N,V,04/04/2026 09:47:19 AM
12205A,N,O,04/03/2026 09:49:18 PM
12211A,N,O,04/04/2026 09:29:23 AM
12211B,N,O,04/04/2026 09:26:05 AM
12212A,N,V,04/04/2026 09:26:09 AM
12212B,N,O,04/04/2026 08:57:57 AM
122B,N,V,04/03/2026 05:40:33 PM
12370A,N,O,04/04/2026 08:29:43 AM
12371A,N,O,04/04/2026 08:28:43 AM
12371B,N,V,04/04/2026 09:14:08 AM
12374A,N,O,04/04/2026 08:55:44 AM
12374B,N,O,04/04/2026 08:55:44 AM
12375A,N,O,04/04/2026 08:59:48 AM
12375B,N,O,04/04/2026 08:59:48 AM
12376A,N,O,04/04/2026 09:48:39 AM
12376B,N,O,04/04/2026 08:58:47 AM
12377A,N,O,04/04/2026 08:57:49 AM
12377B,N,V,04/04/2026 09:39:03 AM
12378A,N,O,04/04/2026 08:56:41 AM
12378B,N,O,04/03/2026 08:48:16 PM
12379A,N,O,04/04/2026 08:55:56 AM
12379B,N,O,04/04/2026 08:55:52 AM
12385A,N,O,04/04/2026 08:59:55 AM
12385B,N,O,04/04/2026 08:59:55 AM
12388A,N,O,04/04/2026 09:46:58 AM
12388B,N,O,04/04/2026 09:45:38 AM
12391A,N,O,04/04/2026 08:55:31 AM
12392A,N,V,04/04/2026 09:50:02 AM
12392B,N,V,04/04/2026 08:55:40 AM
12431A,N,O,04/04/2026 08:29:27 AM
12431B,N,O,04/04/2026 08:29:03 AM
12432B,NU,O,04/03/2026 07:06:13 PM
12433A,N,O,04/04/2026 08:26:42 AM
12433B,N,O,04/04/2026 09:46:24 AM
12434A,N,O,04/04/2026 08:25:48 AM
12434B,N,V,04/04/2026 09:51:42 AM
12435A,N,O,04/04/2026 09:40:36 AM
12437B,N,V,04/04/2026 09:39:48 AM
12440A,N,O,04/04/2026 09:49:19 AM
12440B,N,V,04/04/2026 09:25:36 AM
12441A,N,O,04/04/2026 08:28:49 AM
12441B,N,O,04/04/2026 08:28:49 AM
12442A,N,V,04/04/2026 09:44:24 AM
12443B,N,O,04/04/2026 08:26:50 AM
12461A,N,V,04/03/2026 09:32:38 PM
12461B,N,V,04/03/2026 09:50:04 PM
12462B,N,V,04/03/2026 09:48:02 PM
12467A,N,O,04/03/2026 09:55:10 PM
12468A,N,V,04/03/2026 09:59:12 PM
12468B,N,O,04/03/2026 08:15:02 PM
12469A,N,V,04/03/2026 09:27:43 PM
12469B,N,O,04/03/2026 09:26:02 PM
12470A,N,O,04/03/2026 09:38:23 PM
12470B,N,O,04/03/2026 07:30:15 PM
12471A,N,V,04/03/2026 09:49:32 PM
12471B,N,O,04/03/2026 07:51:07 PM
12481A,N,O,04/03/2026 06:46:04 PM
12481B,N,O,04/03/2026 06:58:29 PM
12482A,N,V,04/04/2026 09:36:54 AM
12482B,N,V,04/04/2026 08:51:38 AM
12490A,N,V,04/03/2026 08:37:22 PM
12490B,N,O,04/03/2026 07:49:06 PM
12491A,N,O,04/03/2026 09:52:41 PM
12491B,N,O,04/03/2026 07:03:28 PM
12492A,N,V,04/03/2026 09:35:21 PM
12492B,N,O,04/03/2026 07:47:01 PM
12493A,N,O,04/04/2026 09:34:58 AM
12493B,N,O,04/04/2026 08:38:51 AM
12494A,N,O,04/03/2026 09:03:54 PM
12495A,N,V,04/03/2026 07:53:13 PM
12495B,N,O,04/03/2026 09:57:27 PM
12496B,N,O,04/03/2026 09:45:16 PM
12498A,N,V,04/03/2026 09:08:37 PM
12499A,N,O,04/03/2026 05:08:50 PM
12499B,N,O,04/03/2026 09:15:17 PM
124A,N,V,04/04/2026 09:51:28 AM
124B,N,O,04/04/2026 09:50:47 AM
12501A,N,O,04/04/2026 09:34:33 AM
12501B,N,V,04/04/2026 09:39:58 AM
12502A,N,V,04/04/2026 09:35:33 AM
12502B,N,O,04/04/2026 09:51:41 AM
12503B,N,V,04/03/2026 07:44:07 PM
12504A,N,O,04/04/2026 06:55:49 AM
12504B,N,V,04/04/2026 09:44:09 AM
12505A,N,V,04/04/2026 08:47:55 AM
12505B,N,O,04/04/2026 09:51:43 AM
12506A,N,V,04/04/2026 09:28:02 AM
12506B,N,O,04/04/2026 08:05:15 AM
12508A,N,O,04/04/2026 07:56:31 AM
12508B,N,O,04/04/2026 06:56:54 AM
12509A,N,O,04/03/2026 08:07:03 PM
12509B,N,O,04/03/2026 08:54:22 PM
12510A,N,O,04/03/2026 06:01:21 PM
12510B,N,O,04/03/2026 10:59:42 AM
1251A,N,O,04/03/2026 07:32:47 PM
1251B,N,O,04/03/2026 09:52:30 PM
1252A,N,O,04/03/2026 08:21:51 PM
1252B,N,O,04/03/2026 09:59:43 PM
12530A,N,O,04/04/2026 08:59:44 AM
12530B,N,O,04/04/2026 09:32:26 AM
12531A,N,O,04/04/2026 09:42:58 AM
12531B,N,O,04/04/2026 08:58:51 AM
12532A,N,O,04/04/2026 08:57:51 AM
12532B,N,O,04/03/2026 04:39:10 PM
1253A,N,V,04/03/2026 09:43:40 PM
1253B,N,V,04/03/2026 09:54:41 PM
1254A,N,O,04/03/2026 09:54:46 PM
12580A,N,O,04/03/2026 08:44:43 PM
12580B,N,O,04/03/2026 08:07:06 PM
12581A,N,O,04/03/2026 09:19:22 PM
12581B,N,O,04/03/2026 09:49:45 PM
12582A,N,O,04/03/2026 05:44:12 PM
12582B,N,O,04/03/2026 06:15:34 PM
12583A,N,V,04/03/2026 09:03:57 PM
12583B,N,O,04/03/2026 05:44:23 PM
12585A,N,V,04/03/2026 09:57:37 PM
12585B,N,O,04/03/2026 03:07:52 PM
12586A,N,O,04/03/2026 09:59:41 PM
12586B,N,V,04/03/2026 09:57:44 PM
12587A,N,O,04/03/2026 09:01:17 PM
12587B,N,O,04/03/2026 09:57:33 PM
1258B,N,O,04/03/2026 09:59:03 PM
12597A,N,O,04/04/2026 08:27:40 AM
12597B,N,V,04/04/2026 09:45:53 AM
12598A,N,O,04/04/2026 09:09:30 AM
12598B,N,O,04/04/2026 09:09:37 AM
12599A,N,V,04/04/2026 09:02:57 AM
12599B,N,V,04/04/2026 09:02:13 AM
1259A,N,V,04/03/2026 09:09:22 PM
1259B,N,O,04/03/2026 09:18:33 PM
125A,N,O,04/04/2026 08:59:45 AM
125B,N,O,04/04/2026 08:59:45 AM
12600B,N,V,04/04/2026 09:42:51 AM
12601A,N,O,04/04/2026 09:29:32 AM
12601B,N,V,04/04/2026 09:50:01 AM
12602A,N,V,04/04/2026 09:50:06 AM
12602B,N,V,04/04/2026 08:52:23 AM
12603B,N,V,04/04/2026 09:26:50 AM
12606A,N,O,04/04/2026 08:28:50 AM
12606B,N,O,04/04/2026 08:28:50 AM
12607A,N,O,04/04/2026 09:51:18 AM
12607B,N,O,04/04/2026 08:27:49 AM
12608B,N,V,04/04/2026 09:32:28 AM
12609A,N,O,04/04/2026 08:25:47 AM
12609B,N,O,04/03/2026 08:25:44 AM
1260A,N,V,04/03/2026 09:37:33 PM
1260B,N,O,04/03/2026 09:50:51 PM
12610A,N,O,04/04/2026 08:29:46 AM
12610B,N,O,04/04/2026 08:29:46 AM
12611A,N,O,04/04/2026 08:28:44 AM
12611B,N,O,04/04/2026 08:28:44 AM
12612A,N,O,04/04/2026 08:27:44 AM
12612B,N,O,04/04/2026 08:27:48 AM
12613B,N,O,04/03/2026 10:26:59 AM
12614A,N,O,04/03/2026 07:06:48 PM
12614B,N,V,04/03/2026 07:08:34 PM
12615A,N,O,04/03/2026 08:57:37 PM
12615B,N,V,04/03/2026 09:59:56 PM
12616A,N,V,04/03/2026 09:52:41 PM
12616B,N,V,04/03/2026 09:52:09 PM
12617B,N,O,04/04/2026 07:27:50 AM
12618A,N,O,04/04/2026 07:26:49 AM
12618B,N,O,04/04/2026 09:36:33 AM
12619A,N,V,04/04/2026 09:20:14 AM
12619B,N,O,04/04/2026 07:25:53 AM
12620A,N,O,04/04/2026 08:37:24 AM
12620B,N,O,04/04/2026 09:09:03 AM
12623A,N,O,04/04/2026 07:26:48 AM
12623B,N,O,04/04/2026 07:26:56 AM
12624A,N,V,04/03/2026 08:32:34 PM
12624B,N,O,04/03/2026 09:29:17 PM
12625A,N,O,04/04/2026 07:29:46 AM
12625B,N,O,04/04/2026 07:29:46 AM
12626A,N,V,04/04/2026 08:16:18 AM
12626B,N,O,04/04/2026 07:28:49 AM
12627A,N,V,04/04/2026 08:50:58 AM
12627B,N,V,04/04/2026 09:51:04 AM
12628A,N,O,04/04/2026 07:26:55 AM
12628B,N,V,04/04/2026 09:38:20 AM
12629A,N,V,04/04/2026 09:44:19 AM
12629B,N,O,04/04/2026 07:25:52 AM
12630A,N,O,04/04/2026 07:47:08 AM
12630B,N,O,04/04/2026 07:29:59 AM
12631A,N,O,04/04/2026 07:28:44 AM
12631B,N,O,04/03/2026 07:28:43 AM
12632A,N,O,04/04/2026 07:28:38 AM
12632B,N,O,04/04/2026 07:28:04 AM
12633A,N,O,04/04/2026 08:56:15 AM
12633B,N,V,04/04/2026 09:04:36 AM
12634A,N,O,04/04/2026 07:25:55 AM
12634B,N,O,04/04/2026 07:26:52 AM
12635A,N,O,04/04/2026 07:29:54 AM
12635B,N,O,04/04/2026 07:29:47 AM
12636A,N,O,04/03/2026 08:51:13 PM
12636B,N,O,04/03/2026 09:28:45 PM
12637A,N,O,04/03/2026 08:58:32 PM
12637B,N,O,04/03/2026 09:49:27 PM
12640A,N,O,04/04/2026 08:59:53 AM
12640B,N,O,04/03/2026 09:55:34 PM
12641A,N,O,04/03/2026 07:03:04 PM
12643A,N,O,04/03/2026 07:26:48 PM
12644A,N,O,04/03/2026 11:59:14 PM
12644B,N,O,04/03/2026 07:25:39 PM
12645A,N,O,04/03/2026 09:27:15 PM
12645B,N,O,04/03/2026 08:45:38 PM
12646A,N,O,04/03/2026 09:42:32 PM
12646B,N,O,04/03/2026 08:50:08 PM
12647A,N,O,04/04/2026 08:57:44 AM
12647B,N,O,04/04/2026 08:57:58 AM
12648A,N,O,04/04/2026 08:56:47 AM
12648B,N,O,04/04/2026 08:56:47 AM
12649A,N,O,04/04/2026 08:55:48 AM
12649B,N,O,04/04/2026 08:55:55 AM
12650A,N,O,04/04/2026 09:00:01 AM
12650B,N,O,04/04/2026 09:50:44 AM
12651A,N,O,04/04/2026 08:58:54 AM
12651B,N,O,04/04/2026 08:58:50 AM
12652A,N,V,04/04/2026 09:50:40 AM
12652B,N,O,04/04/2026 08:58:13 AM
12653A,N,O,04/04/2026 09:03:42 AM
12653B,N,O,04/04/2026 09:14:02 AM
12654A,N,O,04/04/2026 08:55:52 AM
12654B,N,O,04/04/2026 08:55:48 AM
12655A,N,O,04/04/2026 08:59:48 AM
12655B,N,O,04/04/2026 08:59:48 AM
12656A,N,O,04/04/2026 09:25:16 AM
12656B,N,O,04/04/2026 08:58:51 AM
12657A,N,O,04/04/2026 09:22:43 AM
12657B,N,O,04/04/2026 08:57:48 AM
12658A,N,O,04/04/2026 08:56:47 AM
12658B,N,O,04/03/2026 07:26:34 PM
12659A,N,O,04/03/2026 09:51:11 PM
12659B,N,O,04/03/2026 06:19:26 PM
12660A,N,O,04/03/2026 06:52:43 PM
12661A,N,O,04/03/2026 10:29:08 AM
12661B,N,O,04/03/2026 05:39:06 PM
12662A,N,O,04/03/2026 10:27:47 AM
12662B,N,O,04/03/2026 06:57:31 PM
12663A,N,O,04/03/2026 05:23:54 PM
12663B,N,O,04/03/2026 05:23:13 PM
12664A,N,V,04/03/2026 09:08:49 PM
12664B,N,O,04/03/2026 06:38:46 PM
12665A,N,O,04/03/2026 08:23:42 PM
12665B,N,O,04/03/2026 08:18:44 PM
12666A,N,O,04/03/2026 09:36:14 PM
12666B,N,V,04/03/2026 09:56:30 PM
12667A,N,O,04/03/2026 07:59:13 PM
12667B,N,O,04/03/2026 07:57:55 PM
12668A,N,O,04/03/2026 06:45:53 PM
12668B,N,O,04/03/2026 03:19:34 PM
12669A,N,O,04/03/2026 09:39:02 PM
12669B,N,O,04/03/2026 08:42:55 PM
1266A,N,V,04/03/2026 09:20:33 PM
1266B,N,O,04/03/2026 08:05:40 PM
12670A,N,O,04/03/2026 09:40:51 PM
12670B,N,O,04/03/2026 09:01:55 PM
12671A,N,O,04/03/2026 07:40:06 PM
12671B,N,O,04/03/2026 08:40:55 PM
12672A,N,O,04/03/2026 05:36:34 PM
12672B,N,O,04/03/2026 09:36:09 PM
12673A,N,O,04/03/2026 08:33:03 PM
12673B,N,O,04/03/2026 06:44:04 PM
12674A,N,O,04/03/2026 08:54:22 PM
12674B,N,O,04/03/2026 08:57:30 PM
12675A,N,O,04/03/2026 06:41:28 PM
12675B,N,O,04/03/2026 09:15:54 PM
12676B,N,O,04/03/2026 04:31:51 PM
12677A,N,O,04/03/2026 09:57:46 AM
12677B,N,O,04/03/2026 12:16:10 PM
12678A,N,O,04/03/2026 08:13:03 PM
12678B,N,O,04/03/2026 09:56:44 AM
12679A,N,O,04/03/2026 08:00:09 PM
12679B,N,O,04/03/2026 09:55:50 AM
1267A,N,V,04/03/2026 08:36:51 PM
1267B,N,V,04/03/2026 09:54:25 PM
12680A,N,V,04/04/2026 09:40:52 AM
12680B,N,O,04/04/2026 09:51:19 AM
12681A,N,O,04/03/2026 03:29:43 PM
12681B,N,O,04/04/2026 07:58:45 AM
12685A,N,O,04/04/2026 08:59:44 AM
12685B,N,O,04/03/2026 08:18:12 PM
12686A,N,O,04/04/2026 09:13:04 AM
12686B,N,O,04/04/2026 09:44:55 AM
12687A,N,O,04/04/2026 08:57:43 AM
12687B,N,O,04/03/2026 08:57:52 AM
12688A,N,O,04/04/2026 08:56:48 AM
12688B,N,O,04/04/2026 08:56:48 AM
12689A,N,O,04/04/2026 08:56:03 AM
12689B,N,O,04/04/2026 08:55:53 AM
1268A,N,O,04/03/2026 08:00:01 PM
1268B,N,V,04/03/2026 09:12:12 PM
12690A,N,O,04/04/2026 08:59:48 AM
12690B,N,O,04/04/2026 08:59:48 AM
12691A,N,O,04/04/2026 08:58:46 AM
12691B,N,O,04/04/2026 08:58:46 AM
1269A,N,V,04/03/2026 09:54:29 PM
1269B,N,O,04/03/2026 09:39:14 PM
126B,N,O,04/04/2026 08:58:48 AM
12701A,N,O,04/03/2026 09:19:02 PM
12701B,N,O,04/03/2026 09:10:30 PM
12702A,N,O,04/03/2026 09:24:30 PM
12702B,N,O,04/03/2026 09:59:08 PM
12703A,N,O,04/03/2026 09:22:15 PM
12703B,N,O,04/03/2026 08:37:19 PM
12704A,N,O,04/03/2026 09:52:33 PM
12704B,N,O,04/03/2026 09:25:04 PM
12705A,N,O,04/03/2026 09:20:51 PM
12705B,N,O,04/03/2026 07:37:28 PM
12706A,N,O,04/03/2026 06:29:43 PM
12706B,N,O,04/03/2026 09:51:35 PM
12707B,N,O,04/03/2026 09:13:21 PM
12708A,N,O,04/03/2026 08:47:10 PM
12708B,N,O,04/03/2026 09:20:29 PM
12709A,N,O,04/03/2026 09:45:25 PM
12709B,N,O,04/03/2026 08:57:56 PM
1270A,N,V,04/03/2026 08:18:41 PM
1270B,N,V,04/03/2026 09:30:17 PM
12710A,N,O,04/03/2026 09:49:56 PM
12710B,N,O,04/03/2026 07:57:45 PM
12711A,N,O,04/03/2026 09:10:59 PM
12711B,N,O,04/03/2026 09:35:58 PM
12712A,N,O,04/03/2026 09:52:25 PM
12712B,N,O,04/03/2026 08:13:52 PM
12713A,N,V,04/03/2026 09:56:21 PM
12713B,N,O,04/03/2026 09:57:46 PM
12714A,N,O,04/03/2026 09:41:12 PM
12714B,N,V,04/03/2026 07:47:59 PM
12715A,N,O,04/03/2026 09:41:06 PM
12715B,N,O,04/03/2026 06:07:15 PM
12716A,N,O,04/03/2026 07:29:58 PM
12716B,N,O,04/03/2026 09:36:12 PM
12717A,N,O,04/03/2026 07:19:20 PM
12717B,N,O,04/03/2026 08:36:08 PM
12718A,N,O,04/03/2026 09:37:33 PM
12718B,N,O,04/03/2026 09:34:53 PM
12719A,N,O,04/03/2026 07:34:51 PM
12719B,N,O,04/03/2026 08:43:00 PM
1271A,N,O,04/03/2026 09:40:34 PM
1271B,N,O,04/03/2026 09:52:21 PM
12720A,N,O,04/03/2026 07:55:30 PM
12720B,NU,O,04/03/2026 07:01:39 PM
1272A,N,O,04/03/2026 08:57:09 PM
1272B,N,V,04/03/2026 09:59:40 PM
1273A,N,V,04/03/2026 09:25:00 PM
1273B,N,O,04/03/2026 08:56:16 PM
127B,N,V,04/03/2026 05:51:37 PM
1280A,N,O,04/03/2026 09:40:32 PM
1280B,N,O,04/03/2026 09:30:33 PM
1281A,N,O,04/03/2026 08:17:19 PM
1281B,N,O,04/03/2026 09:50:11 PM
1282A,N,O,04/03/2026 09:08:42 PM
1282B,N,O,04/03/2026 09:31:16 PM
1283A,N,O,04/03/2026 09:17:46 PM
1283B,N,O,04/03/2026 05:59:38 PM
1284A,N,O,04/03/2026 09:50:15 PM
1284B,N,O,04/03/2026 06:56:56 PM
12A,NU,V,02/25/2026 11:44:33 PM
12B,NU,V,02/25/2026 11:59:52 PM
13001A,N,O,04/03/2026 08:24:48 PM
13001B,N,O,04/03/2026 08:06:06 PM
13002B,N,O,04/03/2026 09:29:05 PM
13003A,N,O,04/03/2026 08:56:39 PM
13003B,N,O,04/03/2026 08:33:48 PM
13004A,N,O,04/03/2026 09:00:43 PM
13004B,N,O,04/03/2026 08:29:09 PM
13005A,N,O,04/03/2026 08:33:08 PM
13005B,N,V,04/03/2026 09:49:05 PM
13006A,N,O,04/03/2026 06:33:06 PM
13006B,N,O,04/03/2026 08:37:22 PM
13007A,N,O,04/03/2026 09:08:19 PM
13007B,N,O,04/03/2026 08:07:22 PM
13008A,N,O,04/04/2026 08:56:43 AM
13008B,N,O,04/04/2026 09:31:59 AM
13009A,N,O,04/04/2026 08:55:49 AM
13009B,N,O,04/04/2026 08:55:49 AM
13010A,N,O,04/03/2026 08:03:39 PM
13010B,N,O,04/03/2026 07:56:35 PM
13011A,N,O,04/04/2026 09:44:24 AM
13011B,N,O,04/04/2026 08:58:55 AM
13012A,N,O,04/03/2026 01:47:18 PM
13012B,N,O,04/03/2026 07:35:24 PM
13013A,N,O,04/04/2026 09:50:15 AM
13013B,N,O,04/04/2026 09:41:14 AM
13014A,N,O,04/04/2026 08:55:48 AM
13014B,N,O,04/04/2026 08:55:48 AM
13015A,N,V,04/04/2026 09:47:20 AM
13015B,N,V,04/04/2026 09:34:59 AM
13016A,N,O,04/04/2026 08:58:47 AM
13016B,N,O,04/04/2026 08:59:06 AM
13017B,N,O,04/04/2026 08:57:49 AM
13018A,N,V,04/03/2026 09:30:29 PM
13018B,N,V,04/03/2026 06:31:11 PM
13019A,N,O,04/04/2026 08:55:51 AM
13019B,N,O,04/04/2026 09:01:08 AM
13020A,N,O,04/04/2026 09:50:51 AM
13020B,N,O,04/03/2026 09:47:44 PM
13021A,N,O,04/04/2026 08:58:47 AM
13021B,N,O,04/04/2026 09:27:50 AM
13023A,N,O,04/04/2026 09:51:25 AM
13023B,N,V,04/04/2026 08:59:10 AM
13024B,N,O,04/04/2026 08:55:49 AM
13030A,N,O,04/04/2026 09:21:31 AM
13031B,N,V,04/04/2026 09:50:12 AM
13032A,N,O,04/04/2026 09:38:33 AM
13032B,N,V,04/04/2026 09:51:25 AM
13033A,N,V,04/04/2026 09:32:22 AM
13033B,N,O,04/04/2026 08:56:45 AM
13034A,N,V,04/03/2026 09:49:38 PM
13034B,N,O,04/04/2026 08:55:38 AM
13035A,N,O,04/04/2026 08:59:47 AM
13035B,N,O,04/04/2026 09:00:05 AM
13036A,N,O,04/04/2026 08:58:52 AM
13036B,N,O,04/03/2026 04:04:59 PM
13037A,N,O,04/04/2026 08:57:52 AM
13040A,N,O,04/04/2026 08:59:51 AM
13040B,N,O,04/04/2026 09:00:25 AM
13046B,N,O,04/04/2026 09:28:34 AM
13047A,N,O,04/04/2026 09:26:45 AM
13047B,N,O,04/04/2026 08:57:51 AM
13048A,N,O,04/04/2026 09:14:46 AM
13048B,N,O,04/04/2026 09:50:20 AM
13049A,N,O,04/04/2026 08:55:48 AM
13049B,N,V,04/04/2026 09:14:04 AM
13050A,N,O,04/04/2026 08:59:44 AM
13050B,N,V,04/04/2026 09:51:14 AM
13051A,N,V,04/03/2026 09:24:27 PM
13051B,N,O,04/04/2026 09:43:08 AM
13052A,N,V,04/03/2026 09:21:11 PM
13052B,N,O,04/04/2026 08:57:53 AM
13053B,N,O,04/04/2026 09:47:33 AM
13054A,N,V,04/04/2026 09:38:19 AM
13054B,N,V,04/04/2026 09:49:34 AM
13055A,N,V,04/04/2026 09:41:08 AM
13055B,N,V,04/04/2026 09:51:41 AM
13056A,N,O,04/04/2026 08:58:44 AM
13056B,N,O,04/03/2026 05:37:27 PM
13057B,N,O,04/04/2026 09:24:19 AM
13058A,N,V,04/04/2026 09:42:14 AM
13058B,N,V,04/04/2026 09:47:59 AM
13061B,N,O,04/03/2026 02:49:10 PM
13062A,N,O,04/04/2026 09:08:46 AM
13062B,N,V,04/04/2026 09:47:12 AM
13066A,N,V,04/04/2026 09:51:34 AM
13066B,N,V,04/04/2026 09:39:48 AM
13067A,N,V,04/04/2026 09:49:32 AM
13067B,N,V,04/04/2026 09:17:17 AM
13068A,N,O,04/04/2026 08:56:47 AM
13068B,N,O,04/04/2026 09:31:53 AM
13069A,N,O,04/04/2026 09:32:11 AM
13069B,N,O,04/04/2026 08:55:44 AM
13070A,N,V,04/04/2026 09:50:38 AM
13070B,N,O,04/04/2026 09:46:52 AM
13075A,N,O,04/04/2026 08:59:47 AM
13075B,N,V,04/04/2026 09:51:04 AM
13076A,N,O,04/04/2026 09:51:37 AM
13076B,N,O,04/04/2026 09:01:56 AM
13078A,N,O,04/04/2026 08:56:54 AM
13078B,N,O,04/04/2026 08:56:54 AM
13084A,N,O,04/04/2026 09:51:31 AM
13084B,N,V,04/04/2026 09:50:32 AM
13085A,N,O,04/04/2026 09:50:32 AM
13085B,N,O,04/04/2026 09:51:35 AM
13086A,N,V,04/04/2026 09:51:37 AM
13086B,N,V,04/04/2026 09:49:51 AM
13087A,N,V,04/04/2026 09:51:36 AM
13087B,N,O,04/04/2026 08:57:51 AM
13100B,N,O,04/04/2026 09:46:32 AM
13101A,N,O,04/04/2026 08:58:44 AM
13101B,N,O,04/04/2026 08:58:44 AM
13102A,N,V,04/04/2026 09:33:38 AM
13102B,N,O,04/03/2026 08:31:41 PM
13103A,N,V,04/04/2026 09:43:48 AM
13103B,N,O,04/04/2026 09:44:01 AM
13104A,N,O,04/03/2026 09:01:36 PM
13104B,N,O,04/04/2026 08:55:51 AM
13111B,N,O,04/04/2026 09:47:59 AM
13112A,N,O,04/04/2026 09:39:41 AM
13112B,N,O,04/04/2026 08:57:51 AM
13113A,N,O,04/04/2026 08:56:50 AM
13113B,N,V,04/04/2026 09:50:40 AM
13114A,N,O,04/04/2026 09:47:35 AM
13114B,N,O,04/04/2026 08:55:49 AM
13115A,N,V,04/04/2026 09:30:27 AM
13115B,N,V,04/04/2026 09:16:55 AM
13116A,N,O,04/04/2026 09:49:10 AM
13116B,N,O,04/04/2026 09:37:52 AM
13117A,N,V,04/04/2026 09:51:24 AM
13117B,N,V,04/04/2026 08:59:01 AM
13118A,N,V,04/04/2026 09:18:03 AM
13120A,N,O,04/04/2026 08:59:41 AM
13120B,N,O,04/04/2026 08:59:41 AM
13121A,N,O,04/04/2026 09:16:48 AM
13122A,N,O,04/04/2026 08:58:01 AM
13122B,N,V,04/04/2026 09:51:28 AM
13123A,N,O,04/04/2026 08:57:01 AM
13123B,N,O,04/04/2026 08:56:54 AM
13124A,N,O,04/04/2026 09:30:41 AM
13126A,N,O,04/04/2026 09:48:08 AM
13126B,N,O,04/04/2026 08:58:39 AM
13127B,N,O,04/04/2026 08:57:48 AM
13128A,N,V,04/04/2026 09:00:51 AM
13128B,N,O,04/04/2026 08:56:43 AM
13129A,N,V,04/04/2026 09:38:24 AM
13129B,N,V,04/04/2026 09:36:41 AM
13200A,N,O,04/04/2026 08:59:51 AM
13200B,NU,V,04/04/2026 09:44:23 AM
13201A,N,O,04/04/2026 08:58:46 AM
13202A,N,O,04/04/2026 08:57:44 AM
13202B,N,O,04/04/2026 09:16:34 AM
13203A,N,V,04/04/2026 09:16:54 AM
13205A,N,V,04/04/2026 09:35:31 AM
13206A,N,V,04/04/2026 09:45:10 AM
13207A,N,V,04/04/2026 09:30:58 AM
13207B,N,V,04/04/2026 09:30:48 AM
13208A,N,V,04/04/2026 09:38:53 AM
13208B,N,O,04/04/2026 08:56:51 AM
13209A,N,O,04/04/2026 08:55:50 AM
13210A,N,V,04/04/2026 09:49:11 AM
13211B,N,O,04/04/2026 08:59:04 AM
13212A,N,O,04/04/2026 08:57:53 AM
13212B,N,O,04/04/2026 09:51:38 AM
13213A,N,V,04/04/2026 09:26:27 AM
13213B,N,O,04/03/2026 09:14:31 PM
13214A,N,O,04/03/2026 07:13:38 PM
13214B,N,V,04/04/2026 09:34:06 AM
13216A,N,V,04/04/2026 09:46:46 AM
13216B,N,V,04/04/2026 09:49:46 AM
13217B,N,O,04/04/2026 08:57:44 AM
13218A,N,V,04/04/2026 09:39:16 AM
13218B,N,O,04/04/2026 09:10:16 AM
13219B,N,O,04/04/2026 08:55:45 AM
13222A,N,O,04/04/2026 09:08:08 AM
13222B,N,O,04/04/2026 08:57:47 AM
13223A,N,V,04/04/2026 09:43:11 AM
13223B,N,O,04/04/2026 08:56:52 AM
13224B,N,V,04/04/2026 09:43:59 AM
13225A,N,V,04/03/2026 09:59:26 PM
13225B,N,O,04/04/2026 09:50:28 AM
13226A,N,V,04/04/2026 09:40:16 AM
13226B,N,O,04/03/2026 09:58:09 PM
13227A,N,V,04/04/2026 09:36:40 AM
13227B,N,O,04/03/2026 09:26:06 PM
13229B,N,O,04/04/2026 08:55:52 AM
13231A,N,O,04/04/2026 08:58:46 AM
13231B,N,O,04/03/2026 09:53:52 PM
13232A,N,O,04/04/2026 08:57:49 AM
13232B,N,O,04/04/2026 08:57:56 AM
13233B,N,O,04/04/2026 08:56:45 AM
13238A,N,V,04/04/2026 09:51:41 AM
13238B,N,V,04/03/2026 09:57:18 PM
13239A,N,V,04/04/2026 09:46:44 AM
13239B,N,O,04/04/2026 08:55:45 AM
13240A,N,O,04/04/2026 09:51:07 AM
13240B,N,O,04/03/2026 02:12:16 PM
13241B,N,V,04/04/2026 09:46:11 AM
13243B,N,O,04/04/2026 08:56:51 AM
13245B,N,O,04/04/2026 08:59:48 AM
13246A,N,O,04/04/2026 09:40:07 AM
13246B,N,O,04/04/2026 08:58:42 AM
13247A,N,O,04/04/2026 08:57:55 AM
13249A,N,O,04/04/2026 08:55:54 AM
13249B,N,O,04/04/2026 08:55:54 AM
13250A,N,O,04/04/2026 08:59:52 AM
13250B,N,V,04/04/2026 09:46:50 AM
13251A,N,O,04/04/2026 09:20:22 AM
13251B,N,O,04/04/2026 09:20:26 AM
13252A,N,O,04/04/2026 08:57:45 AM
13252B,N,O,04/04/2026 08:57:45 AM
13253A,N,O,04/04/2026 09:32:33 AM
13253B,N,O,04/04/2026 08:57:04 AM
13254A,N,O,04/04/2026 08:55:55 AM
13254B,N,O,04/04/2026 09:49:57 AM
13255A,N,O,04/04/2026 09:04:23 AM
13255B,N,O,04/04/2026 08:59:55 AM
13256B,N,O,04/04/2026 08:58:58 AM
13257A,N,O,04/04/2026 08:57:42 AM
13257B,N,O,04/04/2026 08:59:04 AM
13258B,N,O,04/04/2026 09:18:14 AM
13259A,N,O,03/28/2026 06:55:49 AM
13259B,N,O,04/04/2026 08:55:44 AM
13260A,N,O,04/04/2026 08:59:49 AM
13260B,N,O,04/04/2026 09:20:38 AM
13261A,N,O,04/04/2026 09:04:31 AM
13261B,N,O,04/04/2026 08:58:44 AM
13262A,N,O,04/04/2026 08:57:51 AM
13264A,N,O,04/04/2026 09:02:26 AM
13264B,N,O,04/04/2026 08:55:47 AM
13265A,N,O,04/04/2026 08:59:48 AM
13265B,N,O,04/04/2026 08:59:48 AM
13266A,N,O,04/04/2026 09:18:22 AM
13266B,N,O,04/04/2026 09:51:36 AM
13267A,N,V,04/04/2026 09:45:44 AM
13267B,N,V,04/04/2026 09:51:39 AM
13268A,N,O,04/04/2026 08:56:41 AM
13268B,N,O,04/04/2026 09:05:34 AM
13277A,N,O,04/04/2026 08:57:53 AM
13277B,N,O,04/04/2026 09:17:36 AM
13278A,N,O,04/04/2026 08:56:58 AM
13278B,N,O,04/04/2026 08:56:51 AM
13279A,N,O,04/04/2026 09:50:18 AM
13280A,N,V,04/04/2026 09:51:20 AM
13280B,N,O,04/04/2026 09:31:13 AM
13281A,N,V,04/04/2026 09:44:23 AM
13281B,N,O,04/04/2026 08:59:26 AM
13282A,N,O,04/04/2026 08:57:43 AM
13282B,N,O,04/04/2026 08:57:48 AM
13283A,N,O,04/04/2026 08:56:52 AM
13283B,N,O,04/04/2026 08:56:56 AM
13284A,N,O,04/04/2026 09:51:17 AM
13284B,N,O,04/04/2026 09:16:03 AM
13285B,N,O,04/04/2026 09:47:40 AM
13292A,N,O,04/03/2026 09:57:54 AM
13292B,N,O,04/03/2026 09:57:47 AM
13293A,N,O,04/03/2026 09:56:43 AM
13293B,N,O,04/03/2026 09:56:50 AM
13294A,N,O,04/03/2026 09:55:45 AM
13294B,N,O,04/03/2026 09:55:45 AM
13295B,N,O,04/03/2026 10:00:38 AM
13297A,N,O,04/03/2026 05:40:08 PM
13297B,N,O,04/03/2026 09:58:41 PM
13298A,N,V,04/03/2026 09:35:26 PM
13298B,N,O,04/03/2026 05:39:51 PM
13299A,N,V,04/03/2026 08:59:20 PM
13299B,N,V,04/03/2026 04:42:14 PM
1329A,N,O,04/04/2026 08:55:42 AM
1329B,N,O,04/04/2026 08:55:45 AM
13300A,N,V,04/03/2026 09:55:18 PM
13300B,N,V,04/03/2026 09:49:53 PM
13302A,N,O,04/04/2026 09:11:45 AM
13303A,N,O,04/04/2026 08:57:05 AM
13303B,N,O,04/04/2026 08:56:55 AM
13304A,N,O,04/04/2026 08:55:48 AM
13304B,N,V,03/22/2026 08:55:59 AM
13305A,N,O,04/04/2026 08:59:53 AM
13305B,N,O,04/04/2026 08:59:53 AM
13306A,N,O,04/04/2026 08:58:53 AM
13306B,N,V,04/04/2026 09:28:03 AM
13307A,N,O,04/04/2026 09:14:58 AM
13307B,N,O,04/04/2026 09:49:31 AM
13311A,N,O,04/04/2026 08:58:55 AM
13311B,N,O,04/04/2026 09:10:28 AM
13312A,N,O,04/04/2026 08:57:48 AM
13312B,N,O,04/04/2026 09:50:35 AM
13313A,N,V,04/04/2026 09:38:30 AM
13314A,N,V,04/04/2026 09:31:41 AM
13314B,N,O,04/04/2026 09:31:18 AM
13315A,N,V,04/03/2026 09:17:01 PM
13315B,N,O,04/04/2026 08:59:47 AM
13316A,N,O,04/04/2026 09:51:30 AM
13316B,N,V,04/04/2026 09:51:37 AM
13319A,N,V,04/04/2026 09:28:00 AM
13319B,N,O,04/04/2026 08:55:46 AM
13320B,N,O,04/04/2026 08:59:55 AM
13321A,N,O,04/03/2026 09:45:15 PM
13321B,N,O,04/04/2026 08:58:52 AM
13322B,N,V,04/04/2026 09:49:36 AM
13323B,N,V,04/04/2026 09:05:59 AM
13324A,N,V,04/04/2026 09:27:34 AM
13325A,N,O,04/04/2026 09:51:38 AM
13325B,N,V,04/03/2026 09:03:19 PM
13326A,N,O,04/04/2026 09:51:00 AM
13326B,N,V,04/04/2026 09:49:47 AM
13332A,NU,O,04/03/2026 08:59:49 PM
13332B,NU,V,04/03/2026 08:59:49 PM
13333A,N,O,04/04/2026 08:56:51 AM
13334A,N,O,04/04/2026 08:55:51 AM
13334B,N,O,04/04/2026 08:55:51 AM
13335A,N,O,04/04/2026 09:20:24 AM
13335B,N,V,04/04/2026 09:51:40 AM
13336A,N,V,04/04/2026 09:36:00 AM
13336B,N,V,04/04/2026 09:11:03 AM
13337A,N,V,04/04/2026 09:51:12 AM
13337B,N,V,04/04/2026 09:27:58 AM
13338A,N,V,04/03/2026 08:31:48 PM
13338B,N,V,04/03/2026 09:36:00 PM
13339A,N,V,04/04/2026 09:51:37 AM
13340A,N,V,04/04/2026 09:48:31 AM
13340B,N,V,04/04/2026 09:51:07 AM
13341A,N,V,04/04/2026 09:21:35 AM
13341B,N,O,04/04/2026 08:58:49 AM
13343B,N,O,04/04/2026 08:56:50 AM
13344A,N,V,04/04/2026 09:51:20 AM
13344B,N,V,04/04/2026 09:49:24 AM
13345A,N,O,04/04/2026 08:59:48 AM
13345B,N,V,04/04/2026 09:50:41 AM
13346A,N,V,04/03/2026 09:29:45 PM
13346B,N,O,04/04/2026 09:47:24 AM
13347A,N,O,04/04/2026 08:57:50 AM
13347B,N,V,04/04/2026 09:51:31 AM
13348A,N,O,04/04/2026 08:56:47 AM
13348B,N,O,04/04/2026 09:50:34 AM
13349A,N,O,04/04/2026 08:55:41 AM
1334A,N,O,04/03/2026 01:34:03 PM
1334B,N,O,04/03/2026 09:29:03 PM
13350A,N,V,04/04/2026 09:08:12 AM
13350B,N,V,04/03/2026 09:46:12 PM
13351A,N,V,04/03/2026 07:58:49 PM
13351B,N,V,04/04/2026 09:51:40 AM
13352A,N,O,04/04/2026 09:49:58 AM
13352B,N,O,04/04/2026 09:48:37 AM
13355A,N,V,04/04/2026 09:48:20 AM
13355B,N,V,04/04/2026 09:51:09 AM
13356A,N,V,04/04/2026 09:27:28 AM
13356B,N,V,04/04/2026 09:51:33 AM
13357A,N,O,04/04/2026 09:42:19 AM
13357B,N,O,04/04/2026 09:51:04 AM
13358A,N,V,04/03/2026 09:49:10 PM
13358B,N,O,04/04/2026 08:56:46 AM
13359A,N,O,04/04/2026 09:51:09 AM
13359B,N,O,04/04/2026 08:55:48 AM
1335A,N,O,04/03/2026 06:00:53 PM
1335B,N,O,04/03/2026 08:04:06 PM
1336A,N,O,04/03/2026 08:17:26 PM
1336B,N,O,04/03/2026 08:59:39 PM
1337A,N,O,04/03/2026 10:27:48 AM
1337B,N,O,04/03/2026 06:35:47 PM
13400A,N,O,04/04/2026 09:36:09 AM
13400B,N,O,04/04/2026 08:59:50 AM
13401A,N,O,04/04/2026 08:59:19 AM
13401B,N,O,04/04/2026 08:58:46 AM
13402A,N,O,04/04/2026 08:57:54 AM
13402B,N,O,04/04/2026 08:58:02 AM
13403A,N,V,04/04/2026 09:39:19 AM
13403B,N,O,04/03/2026 09:56:36 PM
13404A,N,O,04/04/2026 09:27:19 AM
13404B,N,V,04/04/2026 09:45:09 AM
13405A,N,O,04/03/2026 03:08:57 PM
13405B,N,O,04/04/2026 08:59:51 AM
13413A,N,O,04/04/2026 09:14:10 AM
13413B,N,O,04/04/2026 08:56:50 AM
13422A,N,V,04/04/2026 09:10:48 AM
13422B,N,O,04/04/2026 09:51:26 AM
13423B,N,O,04/04/2026 08:56:48 AM
13427A,N,V,04/04/2026 09:48:08 AM
13427B,N,O,04/04/2026 08:57:50 AM
13428A,N,O,04/04/2026 09:50:07 AM
13428B,N,V,04/03/2026 06:27:05 PM
13431A,N,O,04/04/2026 09:14:35 AM
13431B,N,O,04/04/2026 09:31:10 AM
13432A,N,O,04/04/2026 09:46:07 AM
13432B,N,V,04/04/2026 09:23:56 AM
13433A,N,O,04/04/2026 08:56:47 AM
13433B,N,O,04/04/2026 08:56:47 AM
13434A,N,V,04/03/2026 09:50:18 PM
13434B,N,V,04/03/2026 09:59:55 PM
13461A,N,V,04/03/2026 09:50:06 PM
13462A,N,O,04/04/2026 08:57:53 AM
13462B,N,O,04/04/2026 09:50:48 AM
13463A,N,O,04/04/2026 08:56:50 AM
13463B,N,O,04/03/2026 07:35:30 PM
13464A,N,V,04/03/2026 08:55:54 PM
13464B,N,O,04/04/2026 09:48:48 AM
13465B,N,O,04/04/2026 09:02:53 AM
13466A,N,O,04/04/2026 09:51:04 AM
13466B,N,V,04/04/2026 09:51:39 AM
13467A,N,O,04/04/2026 08:57:44 AM
13467B,N,O,04/04/2026 08:57:44 AM
13468B,N,V,04/04/2026 09:51:18 AM
13469A,N,O,04/04/2026 09:17:13 AM
13469B,N,O,04/04/2026 09:17:09 AM
13470A,N,O,04/04/2026 08:59:51 AM
13470B,N,O,04/04/2026 08:59:51 AM
13471A,N,O,04/04/2026 09:14:07 AM
13471B,N,O,04/04/2026 08:58:50 AM
13472A,N,V,04/04/2026 09:41:21 AM
13472B,N,V,04/04/2026 09:42:36 AM
13473A,N,O,04/04/2026 08:56:45 AM
13473B,N,O,04/04/2026 08:56:45 AM
13474A,N,O,04/04/2026 09:50:40 AM
13474B,N,V,04/04/2026 09:49:11 AM
13476A,N,O,04/04/2026 09:32:50 AM
13476B,N,V,04/04/2026 09:50:54 AM
13477A,N,V,04/04/2026 09:50:02 AM
13477B,N,V,04/03/2026 09:34:38 PM
13478A,N,O,11/08/2025 11:10:25 AM
13478B,N,O,04/04/2026 09:50:50 AM
13479A,N,V,04/04/2026 09:39:32 AM
13479B,N,O,04/04/2026 09:49:43 AM
13480A,N,O,04/04/2026 08:59:47 AM
13481A,N,V,04/04/2026 09:51:40 AM
13481B,N,O,04/04/2026 09:38:02 AM
13482A,N,O,04/04/2026 09:44:02 AM
13482B,N,V,04/04/2026 09:50:23 AM
13484A,N,V,04/04/2026 09:38:49 AM
13484B,N,V,04/03/2026 08:50:24 PM
13485B,N,O,04/04/2026 08:59:44 AM
13486A,N,V,04/03/2026 08:42:42 PM
13487A,N,V,04/03/2026 08:46:25 PM
13487B,N,V,04/03/2026 09:36:48 PM
13488A,N,V,04/03/2026 08:42:18 PM
13488B,N,V,04/03/2026 08:35:07 PM
13489B,N,O,04/04/2026 09:51:34 AM
13490A,N,V,04/04/2026 09:22:05 AM
13490B,N,O,04/03/2026 06:45:05 PM
13491B,N,O,04/04/2026 08:58:54 AM
13496A,N,O,04/04/2026 08:58:58 AM
13496B,N,O,04/04/2026 08:58:47 AM
13497A,N,O,04/04/2026 08:57:45 AM
13497B,N,O,04/04/2026 09:48:39 AM
13498A,N,V,04/04/2026 09:51:23 AM
13498B,N,V,04/04/2026 09:32:53 AM
13499A,N,O,04/04/2026 08:55:55 AM
13499B,N,V,04/04/2026 09:46:01 AM
13521A,N,O,04/04/2026 08:58:59 AM
13521B,N,O,04/04/2026 08:58:51 AM
13522A,N,O,04/04/2026 09:44:31 AM
13522B,N,V,04/04/2026 09:31:15 AM
13523B,N,O,04/04/2026 09:08:40 AM
13524A,N,V,04/04/2026 09:36:26 AM
13524B,N,V,04/04/2026 09:38:21 AM
13525B,N,O,04/04/2026 08:59:48 AM
13526A,N,O,04/04/2026 08:58:54 AM
13526B,N,O,04/04/2026 08:58:51 AM
13527A,N,V,04/04/2026 08:58:54 AM
13527B,N,O,04/04/2026 08:57:48 AM
13528B,N,V,04/04/2026 09:48:17 AM
13529A,N,O,04/04/2026 09:13:32 AM
13529B,N,O,04/04/2026 09:51:34 AM
13534B,N,V,04/04/2026 09:50:22 AM
13535A,N,O,04/04/2026 09:47:36 AM
13536A,N,V,04/04/2026 09:44:58 AM
13536B,N,O,04/04/2026 09:51:08 AM
13537B,N,V,04/04/2026 09:27:06 AM
13538A,N,V,04/03/2026 07:41:24 PM
13538B,N,O,04/04/2026 08:56:48 AM
13539B,N,V,04/04/2026 09:40:05 AM
13541B,N,O,04/04/2026 09:15:33 AM
13542B,N,O,04/04/2026 09:01:13 AM
13543A,N,O,04/04/2026 08:56:49 AM
13543B,N,V,04/04/2026 09:47:14 AM
13544A,N,O,04/04/2026 09:38:23 AM
13544B,N,V,04/04/2026 09:45:11 AM
13545A,N,O,04/04/2026 09:34:25 AM
13546A,N,O,04/04/2026 08:58:53 AM
13546B,N,O,04/04/2026 08:58:44 AM
13551A,N,O,04/04/2026 08:58:45 AM
13551B,N,O,04/04/2026 08:58:56 AM
13552A,N,O,04/04/2026 09:34:24 AM
13552B,N,O,04/04/2026 08:57:41 AM
13553A,N,O,04/04/2026 08:56:49 AM
13553B,N,O,04/04/2026 08:56:49 AM
13554A,N,O,04/04/2026 09:36:37 AM
13554B,N,V,04/03/2026 09:21:07 PM
13561A,N,O,04/03/2026 03:03:48 PM
13561B,N,O,04/04/2026 08:58:48 AM
13562A,N,V,04/04/2026 09:25:37 AM
13562B,N,O,04/04/2026 09:48:44 AM
13563A,N,V,04/04/2026 09:20:47 AM
13563B,N,V,04/03/2026 09:30:46 PM
13564A,N,O,04/04/2026 09:49:58 AM
13564B,N,V,04/04/2026 09:43:55 AM
13565A,N,O,04/04/2026 08:59:46 AM
13565B,N,V,04/04/2026 09:51:08 AM
13566A,N,O,04/04/2026 09:39:53 AM
13566B,N,V,04/04/2026 09:51:06 AM
13567A,N,V,04/04/2026 09:42:57 AM
13567B,N,O,04/04/2026 08:57:42 AM
13568A,N,O,04/03/2026 09:56:26 PM
13568B,N,V,04/03/2026 09:57:34 PM
13572B,N,O,04/04/2026 08:57:55 AM
13573B,N,V,04/02/2026 08:50:42 PM
13583A,N,O,04/04/2026 08:56:45 AM
13583B,N,O,04/04/2026 08:56:49 AM
13585A,N,V,04/03/2026 08:22:06 PM
13585B,N,O,04/04/2026 08:59:47 AM
13595A,N,O,04/04/2026 09:36:03 AM
13595B,N,O,04/04/2026 08:59:50 AM
13596A,N,O,04/04/2026 09:51:05 AM
13596B,N,O,12/13/2025 07:40:13 AM
13602A,N,V,04/04/2026 09:43:14 AM
13603A,N,V,04/03/2026 05:44:50 PM
13603B,N,V,04/04/2026 09:39:50 AM
13604A,N,O,04/04/2026 08:55:43 AM
13604B,N,O,04/04/2026 08:55:43 AM
13610B,N,O,04/04/2026 09:00:19 AM
13611A,N,V,04/03/2026 04:28:04 PM
13611B,N,V,04/03/2026 03:47:43 PM
13612A,NU,V,04/03/2026 07:57:48 PM
13612B,NU,V,04/03/2026 06:10:43 PM
13613A,N,V,04/04/2026 09:45:55 AM
13613B,N,O,04/04/2026 08:56:51 AM
13617A,N,V,04/03/2026 03:49:59 PM
13617B,N,O,04/04/2026 09:41:38 AM
13618A,N,O,04/04/2026 09:44:50 AM
13618B,N,V,04/03/2026 05:01:38 PM
13619B,N,O,04/04/2026 08:55:45 AM
13620B,N,O,04/04/2026 09:41:42 AM
13624A,N,O,04/04/2026 09:26:31 AM
13624B,N,O,04/04/2026 08:55:50 AM
13628B,N,O,04/04/2026 08:56:38 AM
13635A,N,O,04/04/2026 09:51:03 AM
13635B,N,V,04/04/2026 09:24:25 AM
13636A,N,O,04/04/2026 09:02:52 AM
13636B,N,V,04/04/2026 09:12:50 AM
13646A,N,V,04/04/2026 09:39:01 AM
13646B,N,O,04/04/2026 08:58:52 AM
13647A,N,V,04/04/2026 09:45:56 AM
13647B,N,V,04/03/2026 09:46:51 PM
13648A,N,V,04/04/2026 09:51:10 AM
13648B,N,V,04/04/2026 09:51:02 AM
13649A,N,O,04/04/2026 09:51:09 AM
13649B,N,V,04/03/2026 07:22:29 PM
13650A,N,V,04/03/2026 07:18:30 PM
13650B,N,V,04/04/2026 09:51:13 AM
13651B,N,V,04/04/2026 09:51:21 AM
13652A,N,V,04/04/2026 09:32:28 AM
13652B,N,V,04/04/2026 09:43:58 AM
13654A,N,V,04/04/2026 09:22:11 AM
13654B,N,V,04/04/2026 09:49:47 AM
13655A,N,O,04/04/2026 09:50:43 AM
13655B,N,V,04/03/2026 06:09:11 PM
13656A,N,V,04/03/2026 06:35:17 PM
13656B,N,V,04/03/2026 06:19:02 PM
13658A,N,V,04/04/2026 09:23:37 AM
13658B,N,O,04/04/2026 09:51:35 AM
13659A,N,V,04/03/2026 06:39:20 PM
13659B,N,V,04/03/2026 06:37:02 PM
13660B,N,O,04/04/2026 09:41:55 AM
13661A,N,V,04/04/2026 09:50:47 AM
13662B,N,V,04/04/2026 09:24:46 AM
13663A,N,O,04/04/2026 09:51:38 AM
13663B,N,V,04/03/2026 05:07:15 PM
13672A,N,V,04/03/2026 07:45:15 PM
13672B,N,V,04/03/2026 07:46:39 PM
13673A,N,V,04/03/2026 02:03:36 PM
13673B,N,V,04/03/2026 05:24:31 PM
13674A,N,V,04/03/2026 07:04:30 PM
13674B,N,V,04/04/2026 09:07:20 AM
13675A,N,V,04/03/2026 07:30:03 PM
13675B,N,O,04/03/2026 08:01:42 PM
13676A,N,V,04/04/2026 09:25:18 AM
13676B,N,V,04/04/2026 09:50:08 AM
13677A,N,O,04/04/2026 09:40:05 AM
13678A,N,O,04/04/2026 09:51:30 AM
13678B,N,V,04/03/2026 09:42:36 PM
13679B,N,V,04/03/2026 08:42:46 PM
13682A,N,V,04/04/2026 09:07:37 AM
13682B,N,V,04/03/2026 09:39:07 PM
13683A,N,O,04/03/2026 06:18:13 PM
13683B,N,V,04/03/2026 09:43:23 PM
13684A,N,O,04/04/2026 09:33:30 AM
13684B,N,O,04/04/2026 09:51:25 AM
13695A,N,O,04/04/2026 08:59:46 AM
13695B,N,O,04/04/2026 08:59:46 AM
13696A,N,V,04/03/2026 09:57:59 PM
13696B,N,V,04/04/2026 09:21:42 AM
13697A,N,O,04/04/2026 09:51:26 AM
13697B,N,O,04/04/2026 09:45:06 AM
13698A,N,O,04/04/2026 08:56:47 AM
13698B,N,O,04/04/2026 09:51:43 AM
13700A,N,V,04/04/2026 09:48:48 AM
13700B,N,O,04/04/2026 08:59:55 AM
13704B,N,O,04/03/2026 04:16:08 PM
13705A,N,O,04/04/2026 08:59:41 AM
13705B,N,O,04/04/2026 08:59:41 AM
13706A,N,O,04/03/2026 05:02:58 PM
13706B,N,O,04/04/2026 08:58:49 AM
13711A,N,O,04/04/2026 09:08:01 AM
13711B,N,O,04/04/2026 09:18:13 AM
13712A,N,O,04/04/2026 08:57:52 AM
13712B,N,O,04/04/2026 08:57:52 AM
13713A,N,V,04/04/2026 09:51:08 AM
13713B,N,O,04/04/2026 08:57:10 AM
13714A,N,O,04/04/2026 08:55:52 AM
13714B,N,O,04/04/2026 08:55:45 AM
13881A,N,O,04/03/2026 09:15:29 PM
13881B,N,O,04/03/2026 02:18:19 PM
13882A,N,V,04/03/2026 10:00:03 PM
13882B,N,O,04/03/2026 08:58:22 PM
13883A,N,O,04/03/2026 08:04:14 PM
13883B,N,O,04/03/2026 09:15:13 PM
13884A,N,O,04/03/2026 09:56:41 PM
13884B,N,O,04/03/2026 09:55:44 AM
13885A,N,O,04/03/2026 08:15:05 PM
13885B,N,V,04/03/2026 09:54:44 PM
13886A,N,O,04/03/2026 11:36:04 AM
13886B,N,V,04/03/2026 07:39:31 PM
13887A,N,O,04/04/2026 08:57:51 AM
13887B,N,O,04/04/2026 08:57:51 AM
13888A,N,O,04/04/2026 08:56:51 AM
13888B,N,O,04/04/2026 08:56:51 AM
13889A,N,O,04/03/2026 09:52:14 PM
13889B,N,O,04/03/2026 09:52:46 PM
13893A,N,V,04/03/2026 09:47:15 PM
13893B,N,O,04/03/2026 09:21:25 PM
13896A,N,O,04/04/2026 08:58:44 AM
13896B,N,O,04/04/2026 08:58:44 AM
13901A,N,O,04/04/2026 08:58:48 AM
13902A,N,O,04/04/2026 08:57:53 AM
13902B,N,V,04/04/2026 09:24:58 AM
13903A,N,O,04/03/2026 08:15:45 PM
13904A,N,O,04/03/2026 09:26:52 PM
13904B,N,O,04/04/2026 09:21:28 AM
13905A,N,O,04/04/2026 09:40:44 AM
13905B,N,O,04/04/2026 08:59:50 AM
13906A,N,O,04/03/2026 09:07:06 PM
13907A,N,O,04/03/2026 09:33:32 PM
13907B,N,O,04/03/2026 09:19:49 PM
13908A,N,O,04/04/2026 08:56:52 AM
13908B,N,O,04/04/2026 08:56:52 AM
13909A,N,V,04/04/2026 09:50:28 AM
13909B,N,O,04/04/2026 09:09:00 AM
13910A,N,O,04/04/2026 08:59:49 AM
13910B,N,O,04/03/2026 08:34:20 PM
13911A,N,O,04/04/2026 08:58:44 AM
13911B,N,V,04/03/2026 08:59:47 PM
13912A,N,O,04/04/2026 08:57:45 AM
13912B,N,V,04/04/2026 09:47:24 AM
13913A,N,O,04/04/2026 09:00:23 AM
13913B,N,O,04/04/2026 09:23:40 AM
13914A,N,O,04/04/2026 09:43:50 AM
13914B,N,V,04/04/2026 09:38:45 AM
13915B,N,O,04/04/2026 08:59:50 AM
13916A,N,O,04/04/2026 09:49:33 AM
13916B,N,O,04/04/2026 09:40:18 AM
13917A,N,O,04/04/2026 08:57:46 AM
13917B,N,O,04/04/2026 09:38:05 AM
13918A,N,O,04/03/2026 09:48:45 PM
13918B,N,O,04/04/2026 09:14:03 AM
13919A,N,O,04/04/2026 09:44:17 AM
13920A,NU,O,04/04/2026 09:40:59 AM
13920B,NU,O,04/04/2026 08:59:48 AM
13921A,N,V,04/03/2026 12:14:41 PM
13921B,N,O,04/03/2026 08:53:56 PM
13922A,N,O,04/03/2026 12:31:15 PM
13922B,N,O,04/02/2026 07:58:06 AM
13923A,N,O,04/04/2026 08:56:49 AM
13923B,N,O,04/04/2026 08:56:49 AM
13924A,N,O,04/04/2026 08:55:42 AM
13924B,N,O,04/04/2026 08:56:38 AM
13925A,N,O,04/04/2026 09:26:39 AM
13925B,N,O,04/04/2026 08:59:50 AM
13926A,N,V,04/04/2026 09:42:50 AM
13926B,N,O,04/04/2026 08:58:48 AM
13927A,N,O,04/04/2026 08:57:56 AM
13927B,N,O,04/03/2026 08:57:42 AM
13928A,N,O,04/04/2026 08:56:46 AM
13928B,N,O,04/04/2026 08:56:43 AM
13929A,N,O,04/04/2026 09:46:33 AM
13931A,N,O,04/04/2026 08:58:49 AM
13931B,N,O,04/04/2026 08:58:49 AM
13932A,N,V,04/04/2026 09:47:34 AM
13932B,N,O,04/04/2026 08:57:51 AM
13933A,N,V,04/04/2026 09:47:37 AM
13933B,N,V,04/04/2026 09:51:30 AM
13934A,N,O,04/04/2026 08:55:55 AM
13934B,N,O,04/03/2026 08:27:09 PM
13935A,N,O,04/04/2026 09:47:11 AM
13935B,N,O,04/04/2026 09:00:08 AM
13936A,N,O,04/04/2026 09:42:00 AM
13936B,N,O,04/04/2026 08:58:54 AM
13937A,N,O,04/03/2026 08:29:51 PM
13937B,N,O,04/03/2026 04:49:21 PM
13938A,N,O,04/03/2026 09:59:25 AM
13938B,N,O,04/03/2026 05:28:10 PM
13939A,N,O,04/03/2026 05:56:34 PM
13941A,N,O,04/04/2026 08:58:45 AM
13941B,N,O,04/04/2026 08:58:45 AM
13942A,N,O,04/04/2026 09:38:23 AM
13942B,N,O,04/04/2026 08:57:48 AM
13943A,N,O,04/04/2026 08:56:48 AM
13943B,N,O,04/04/2026 08:56:48 AM
13944A,N,O,04/03/2026 09:55:46 AM
13944B,N,O,04/02/2026 05:55:07 PM
13945B,N,O,04/03/2026 03:40:14 PM
13946A,N,O,04/04/2026 09:44:18 AM
13946B,N,O,04/04/2026 08:59:06 AM
13950A,N,O,04/04/2026 08:59:51 AM
13950B,N,O,04/04/2026 09:31:51 AM
13951A,N,O,04/04/2026 08:59:00 AM
13951B,N,O,04/04/2026 08:58:56 AM
13952A,N,O,04/04/2026 08:57:55 AM
13952B,N,O,04/04/2026 08:57:55 AM
13953A,N,V,04/04/2026 09:42:41 AM
13953B,N,O,04/04/2026 08:56:51 AM
13954A,N,O,04/04/2026 08:55:49 AM
13954B,N,O,04/04/2026 08:55:49 AM
13955A,N,O,04/04/2026 09:51:30 AM
13955B,N,O,04/04/2026 08:59:55 AM
13956A,N,O,04/04/2026 09:48:32 AM
13956B,N,V,04/04/2026 09:51:04 AM
13957A,N,V,04/04/2026 09:42:20 AM
13957B,N,O,04/04/2026 08:57:58 AM
13958A,N,O,04/04/2026 09:08:29 AM
13958B,N,O,04/04/2026 09:17:50 AM
13960A,N,O,04/04/2026 08:59:55 AM
13960B,N,O,04/04/2026 08:59:55 AM
13961A,N,O,04/04/2026 08:58:42 AM
13961B,N,O,04/03/2026 04:55:59 PM
13962A,N,O,04/04/2026 09:45:01 AM
13962B,N,O,04/04/2026 08:57:52 AM
13963A,N,O,04/04/2026 09:50:07 AM
13963B,N,O,04/04/2026 08:56:49 AM
13964A,N,O,04/04/2026 08:56:42 AM
13964B,N,O,04/04/2026 08:56:42 AM
13965A,N,O,04/04/2026 08:59:51 AM
13A,NU,V,02/25/2026 11:46:20 PM
13B,NU,O,02/25/2026 11:59:12 PM
14002A,N,O,04/04/2026 09:33:17 AM
14003A,N,O,04/04/2026 09:47:16 AM
14003B,N,O,04/04/2026 09:49:42 AM
14004A,N,V,04/04/2026 07:14:56 AM
14004B,N,V,04/04/2026 09:51:39 AM
14005A,N,V,04/04/2026 07:06:09 AM
14005B,NU,V,04/04/2026 07:14:30 AM
14006A,N,O,04/04/2026 09:41:28 AM
14006B,N,V,04/03/2026 05:36:48 PM
14007B,N,V,04/04/2026 09:50:53 AM
14011A,N,V,04/04/2026 08:51:03 AM
14011B,N,O,04/04/2026 06:58:42 AM
14012A,N,O,04/04/2026 08:21:44 AM
14012B,N,O,04/04/2026 08:37:12 AM
14013A,N,O,04/04/2026 08:26:28 AM
14013B,N,O,04/04/2026 08:45:11 AM
14014A,N,V,04/04/2026 09:36:29 AM
14014B,N,V,04/04/2026 07:55:20 AM
14015A,N,V,04/04/2026 08:43:29 AM
14015B,NU,O,04/04/2026 08:36:37 AM
14016A,N,V,04/04/2026 09:40:21 AM
14016B,N,O,04/04/2026 09:51:03 AM
14017A,N,O,04/04/2026 09:10:25 AM
14017B,N,O,04/04/2026 09:20:38 AM
14018A,N,V,04/04/2026 08:28:52 AM
14018B,N,V,04/04/2026 09:24:22 AM
14019A,N,O,04/04/2026 09:14:16 AM
14019B,N,O,04/04/2026 06:55:43 AM
14020A,N,O,04/04/2026 09:32:03 AM
14020B,NU,O,04/04/2026 08:51:05 AM
1443A,N,V,04/03/2026 09:59:25 PM
1443B,N,O,04/03/2026 09:59:25 PM
1444A,N,V,04/03/2026 09:59:23 PM
1444B,N,V,04/03/2026 09:59:02 PM
1445A,N,O,04/03/2026 09:27:14 PM
1445B,N,O,04/03/2026 09:43:03 PM
1446A,N,V,04/03/2026 09:58:18 PM
1447A,N,O,04/04/2026 08:57:47 AM
1447B,N,O,04/04/2026 09:44:22 AM
1448A,N,O,04/04/2026 08:56:59 AM
1448B,N,O,04/04/2026 09:35:08 AM
1449A,N,O,04/04/2026 09:30:11 AM
1449B,N,O,04/04/2026 08:55:39 AM
1450A,N,O,04/04/2026 08:59:45 AM
1450B,N,O,04/04/2026 09:50:42 AM
1451A,N,O,04/04/2026 09:38:00 AM
1451B,N,O,04/04/2026 09:50:31 AM
1452A,N,O,04/04/2026 08:57:53 AM
1452B,N,O,04/04/2026 08:57:45 AM
1453A,N,O,04/04/2026 08:56:54 AM
1453B,N,V,04/04/2026 09:47:17 AM
1454A,N,O,04/04/2026 08:55:54 AM
1454B,N,O,04/04/2026 08:55:50 AM
1455A,N,O,04/04/2026 09:51:05 AM
1455B,N,O,04/04/2026 08:59:40 AM
1456A,N,O,04/04/2026 08:58:46 AM
1456B,N,O,04/04/2026 08:58:46 AM
1457B,N,O,04/04/2026 08:57:47 AM
1458A,N,O,04/04/2026 08:56:52 AM
1458B,N,O,04/04/2026 08:56:52 AM
1459A,N,O,04/04/2026 08:55:45 AM
1459B,N,O,04/03/2026 07:36:59 PM
1460A,N,O,04/04/2026 09:46:08 AM
1460B,N,O,04/04/2026 09:00:05 AM
1461A,N,O,04/04/2026 08:58:45 AM
1461B,N,O,04/04/2026 08:58:45 AM
1464A,N,O,04/04/2026 08:56:01 AM
1465A,N,O,04/04/2026 08:59:50 AM
1465B,N,O,04/04/2026 09:40:48 AM
1466A,N,O,04/04/2026 08:58:49 AM
1466B,N,O,04/04/2026 08:58:53 AM
1467A,N,O,04/04/2026 08:57:52 AM
1467B,N,O,04/04/2026 08:57:52 AM
1479A,N,O,04/04/2026 08:55:52 AM
1479B,N,O,04/04/2026 08:55:52 AM
1480A,N,O,04/04/2026 08:59:48 AM
1480B,N,O,04/04/2026 09:02:47 AM
149A,N,O,04/04/2026 09:50:10 AM
149B,N,O,04/04/2026 06:55:59 AM
14A,NU,O,04/04/2026 08:55:52 AM
14B,NU,O,04/04/2026 08:55:52 AM
150A,N,V,04/04/2026 09:28:14 AM
150B,N,V,04/03/2026 05:17:50 PM
1515A,N,O,04/04/2026 09:26:47 AM
1515B,N,O,04/04/2026 09:43:16 AM
1516A,N,O,04/04/2026 09:49:34 AM
1516B,N,O,04/04/2026 09:49:34 AM
1517A,N,O,04/04/2026 09:48:47 AM
1517B,N,O,04/04/2026 09:38:23 AM
1518A,N,V,04/04/2026 09:27:37 AM
1518B,N,O,04/04/2026 09:41:51 AM
1519A,N,O,01/22/2026 12:31:26 PM
151A,N,V,04/04/2026 09:49:59 AM
151B,N,V,04/04/2026 09:40:24 AM
1520A,N,V,04/04/2026 09:37:49 AM
1521A,N,V,04/04/2026 09:49:41 AM
1521B,N,O,04/04/2026 09:32:15 AM
1522B,N,V,04/03/2026 05:17:03 PM
1523A,N,V,04/03/2026 05:03:46 PM
1523B,N,V,04/03/2026 06:07:20 PM
1524A,N,V,04/03/2026 05:43:56 PM
1524B,N,V,04/03/2026 06:14:22 PM
1525A,N,V,04/03/2026 06:55:59 PM
1525B,N,O,04/04/2026 09:51:40 AM
1526A,N,V,04/03/2026 07:18:36 PM
1526B,N,O,04/04/2026 09:51:18 AM
152A,N,O,04/04/2026 06:57:50 AM
152B,N,O,04/04/2026 06:57:54 AM
153A,N,V,04/04/2026 09:15:16 AM
153B,N,V,04/04/2026 09:15:04 AM
154A,N,O,12/27/2025 11:51:56 AM
154B,N,O,12/27/2025 06:55:48 AM
1553A,N,O,04/03/2026 08:01:49 PM
1553B,N,V,04/03/2026 09:44:56 PM
1554A,N,O,04/03/2026 09:15:04 PM
1554B,N,O,04/03/2026 09:48:45 PM
1555A,N,V,04/03/2026 09:53:31 PM
1555B,N,V,04/03/2026 09:49:40 PM
1556A,N,O,04/03/2026 04:45:44 PM
1558A,N,O,04/04/2026 08:56:52 AM
1558B,N,O,04/04/2026 09:11:19 AM
155A,N,V,04/04/2026 09:49:06 AM
155B,N,O,04/04/2026 09:41:57 AM
1560A,N,O,04/04/2026 09:25:01 AM
1560B,N,O,04/04/2026 08:59:50 AM
1569B,N,O,04/04/2026 08:55:48 AM
156A,N,O,04/04/2026 06:58:41 AM
1570A,N,O,04/03/2026 06:14:22 PM
1570B,N,O,04/04/2026 08:59:49 AM
157B,N,O,04/04/2026 09:40:50 AM
158A,N,V,04/04/2026 09:42:20 AM
158B,N,O,04/03/2026 03:35:36 PM
1597A,N,O,04/03/2026 07:06:36 PM
1597B,N,O,04/03/2026 06:03:18 PM
1598A,N,O,04/04/2026 09:45:17 AM
1599A,N,O,04/04/2026 09:14:40 AM
1599B,N,O,04/04/2026 09:28:14 AM
159A,N,O,04/04/2026 09:39:56 AM
159B,N,O,04/04/2026 08:49:58 AM
15A,NU,O,04/04/2026 08:59:52 AM
1600A,N,O,04/04/2026 08:59:49 AM
1600B,N,O,04/04/2026 08:59:46 AM
1601A,N,O,04/03/2026 09:23:31 PM
1601B,N,O,04/03/2026 09:39:03 PM
1604A,N,O,04/04/2026 08:55:54 AM
1604B,N,O,04/04/2026 08:55:46 AM
1605A,N,O,04/04/2026 08:59:45 AM
1605B,N,O,04/04/2026 08:59:45 AM
1606A,N,O,04/04/2026 08:58:46 AM
1606B,N,O,04/04/2026 08:58:46 AM
1607A,N,O,04/04/2026 08:57:43 AM
1607B,N,O,04/04/2026 08:57:43 AM
1608A,N,O,04/04/2026 08:56:48 AM
1608B,N,V,04/03/2026 09:52:40 PM
1609A,N,O,04/04/2026 08:55:59 AM
1609B,N,V,04/04/2026 09:50:17 AM
1610A,N,O,04/04/2026 08:59:43 AM
1610B,N,O,04/04/2026 08:59:43 AM
1611A,N,V,04/03/2026 07:40:29 PM
1611B,N,O,04/03/2026 07:53:13 PM
1612A,N,O,04/04/2026 09:49:43 AM
1612B,N,V,04/04/2026 09:40:37 AM
1613A,N,V,04/03/2026 08:54:46 PM
1613B,N,V,04/04/2026 09:46:09 AM
1614A,N,V,04/04/2026 09:23:19 AM
1614B,N,O,04/04/2026 08:55:52 AM
1615A,N,V,04/04/2026 09:51:13 AM
1615B,N,O,04/03/2026 09:59:37 PM
1616A,N,V,04/04/2026 09:44:53 AM
1616B,N,V,04/04/2026 09:50:23 AM
1617A,N,V,04/04/2026 09:07:58 AM
1617B,N,O,04/04/2026 08:57:53 AM
1618A,N,O,04/04/2026 08:56:45 AM
1618B,N,V,04/04/2026 09:23:20 AM
1619A,N,O,04/04/2026 08:55:43 AM
1619B,N,O,04/04/2026 08:55:43 AM
1620A,N,O,04/04/2026 08:59:58 AM
1620B,N,O,04/04/2026 08:59:49 AM
1621A,N,O,04/04/2026 08:58:46 AM
1621B,N,O,04/04/2026 08:58:46 AM
1622A,N,O,04/04/2026 08:58:37 AM
1622B,N,O,04/04/2026 08:57:51 AM
1623A,N,O,04/04/2026 09:45:41 AM
1623B,N,O,04/04/2026 08:56:44 AM
1624A,N,O,04/04/2026 08:55:48 AM
1624B,N,O,04/04/2026 09:23:20 AM
1625A,N,O,04/04/2026 08:59:48 AM
1625B,N,O,04/04/2026 08:59:52 AM
1626A,N,O,04/03/2026 09:27:21 PM
1626B,N,V,04/04/2026 09:09:41 AM
1627A,N,O,04/04/2026 09:50:22 AM
1627B,N,O,04/04/2026 08:57:46 AM
1628A,N,O,04/04/2026 08:57:53 AM
1628B,N,O,04/04/2026 09:37:56 AM
1629A,N,O,04/04/2026 08:55:45 AM
1629B,N,O,04/04/2026 08:55:45 AM
1641A,N,O,04/04/2026 08:58:51 AM
1642A,N,O,04/03/2026 08:37:45 PM
1642B,N,V,04/04/2026 09:33:52 AM
1643A,N,O,04/04/2026 08:56:47 AM
1643B,N,O,04/04/2026 09:50:42 AM
1644A,N,O,04/04/2026 08:55:53 AM
1644B,N,O,04/04/2026 08:55:53 AM
1645A,N,O,04/04/2026 09:34:05 AM
1645B,N,O,04/04/2026 09:38:19 AM
1646A,N,O,04/04/2026 08:58:53 AM
1646B,N,O,04/04/2026 08:58:53 AM
1647A,N,O,04/04/2026 08:57:48 AM
1647B,N,O,04/04/2026 08:57:48 AM
1648A,N,V,04/04/2026 09:33:44 AM
1648B,N,V,01/19/2026 12:33:29 PM
1649A,N,O,04/04/2026 08:55:47 AM
1649B,N,V,04/04/2026 08:58:35 AM
1650A,N,V,04/03/2026 09:47:28 PM
1650B,N,V,04/04/2026 09:51:32 AM
1651A,N,O,04/03/2026 08:31:58 PM
1651B,N,O,04/04/2026 09:51:32 AM
1652A,N,O,04/04/2026 08:57:46 AM
1652B,N,V,04/04/2026 09:38:16 AM
1653A,N,V,04/03/2026 09:46:02 PM
1653B,N,O,04/04/2026 09:51:42 AM
1654A,N,O,04/03/2026 06:14:37 PM
1654B,N,V,04/04/2026 09:51:05 AM
1655A,N,O,04/04/2026 09:51:32 AM
1655B,N,V,04/04/2026 09:50:09 AM
1656A,N,O,04/04/2026 09:51:17 AM
1656B,N,V,04/04/2026 09:51:10 AM
1657A,N,O,04/04/2026 08:58:18 AM
1657B,N,O,04/04/2026 09:51:31 AM
16A,NU,O,04/04/2026 09:15:14 AM
16B,NU,O,04/04/2026 08:58:44 AM
1791A,N,O,04/03/2026 04:26:47 PM
1791B,N,O,04/03/2026 09:28:14 PM
1792A,N,O,04/03/2026 07:00:17 PM
1792B,N,V,04/03/2026 06:05:18 PM
1793A,N,O,04/03/2026 02:42:29 PM
1793B,N,O,04/03/2026 09:03:02 PM
1794A,N,O,04/03/2026 05:52:17 PM
1794B,N,O,04/03/2026 09:16:17 PM
1795A,N,O,04/03/2026 09:27:01 PM
1795B,N,O,04/03/2026 08:42:30 PM
17A,NU,O,04/04/2026 08:57:52 AM
18A,N,O,04/04/2026 08:56:46 AM
18B,N,O,04/04/2026 09:24:48 AM
1900A,N,O,04/04/2026 08:59:48 AM
1900B,N,O,04/04/2026 08:59:55 AM
1901A,N,O,04/04/2026 09:15:07 AM
1901B,N,O,04/04/2026 08:58:50 AM
1908B,N,O,04/04/2026 08:56:51 AM
1909A,N,O,04/04/2026 08:55:43 AM
1910A,N,O,04/04/2026 06:59:52 AM
1911A,N,O,04/04/2026 06:58:44 AM
1911B,N,O,04/04/2026 06:58:44 AM
1912A,N,O,04/04/2026 08:58:12 AM
1912B,N,O,04/04/2026 09:16:11 AM
1913A,N,O,04/04/2026 08:56:52 AM
1913B,N,O,04/03/2026 06:19:26 PM
1914A,N,O,04/04/2026 08:55:52 AM
1914B,N,O,04/04/2026 08:55:52 AM
1915A,N,O,04/03/2026 09:41:10 PM
1915B,N,O,04/03/2026 09:59:50 PM
1916A,N,O,04/03/2026 08:30:22 PM
1916B,N,V,04/03/2026 09:41:03 PM
1917A,N,O,04/03/2026 09:32:56 PM
1917B,N,V,04/03/2026 09:40:51 PM
1918A,N,O,04/04/2026 08:58:07 AM
1918B,N,O,04/04/2026 08:56:51 AM
1919B,N,O,04/04/2026 09:51:32 AM
191A,N,O,04/02/2026 08:28:50 AM
191B,N,O,04/03/2026 06:05:02 PM
1920A,N,O,04/04/2026 09:31:18 AM
1920B,N,O,04/04/2026 09:00:03 AM
1921A,N,O,04/04/2026 08:58:52 AM
1921B,N,O,04/03/2026 07:21:57 PM
1922A,N,O,04/04/2026 08:57:53 AM
1922B,N,O,04/04/2026 08:57:53 AM
1923A,N,O,04/03/2026 07:17:22 PM
1923B,N,O,04/03/2026 01:22:27 PM
1924A,N,O,04/04/2026 09:22:33 AM
1924B,N,O,04/04/2026 08:56:07 AM
192A,N,O,04/03/2026 05:13:47 PM
192B,N,O,04/03/2026 10:28:54 AM
1931B,N,O,04/02/2026 06:58:52 AM
1932A,N,O,04/02/2026 08:39:45 AM
1932B,N,O,04/02/2026 06:57:48 AM
1933A,N,O,04/02/2026 06:56:51 AM
1933B,N,O,04/02/2026 06:57:01 AM
1934A,N,O,04/02/2026 06:55:50 AM
1934B,N,O,04/02/2026 09:32:03 AM
1935A,N,O,04/02/2026 02:07:25 PM
1935B,N,O,04/02/2026 07:00:01 AM
1936A,N,O,04/02/2026 06:58:49 AM
1936B,N,O,04/02/2026 08:33:31 AM
1937A,N,O,04/02/2026 06:57:57 AM
1937B,N,O,04/02/2026 08:15:08 AM
1938A,N,O,04/02/2026 06:56:55 AM
1938B,N,O,04/02/2026 06:56:55 AM
1939A,N,O,04/02/2026 07:27:15 AM
1939B,N,O,04/02/2026 01:55:23 PM
1940A,N,O,04/02/2026 06:59:45 AM
1941A,N,O,04/02/2026 05:11:32 PM
1941B,N,O,04/02/2026 06:58:49 AM
1942A,N,O,04/02/2026 06:57:52 AM
1942B,N,O,04/02/2026 06:46:03 PM
1945B,N,O,04/02/2026 05:13:49 PM
1946A,N,O,04/02/2026 02:43:42 PM
1946B,N,O,04/02/2026 09:46:13 AM
1947A,N,O,04/02/2026 05:47:27 PM
1947B,N,O,04/02/2026 11:53:17 AM
1950B,N,O,04/04/2026 06:59:51 AM
1951A,N,O,04/04/2026 08:58:52 AM
1952A,N,O,01/20/2026 01:18:47 PM
1952B,N,O,01/20/2026 01:17:26 PM
1953A,N,O,04/04/2026 08:56:56 AM
1954A,N,O,04/04/2026 08:55:52 AM
1954B,N,V,04/04/2026 09:51:25 AM
1957A,N,O,04/04/2026 06:57:47 AM
1958A,N,O,04/04/2026 09:41:50 AM
1958B,N,V,04/04/2026 09:26:50 AM
198A,N,V,04/03/2026 06:42:24 PM
198B,N,V,04/03/2026 08:05:42 PM
199B,N,V,04/04/2026 09:50:32 AM
19A,N,O,04/04/2026 08:55:47 AM
19B,N,O,04/04/2026 09:02:07 AM
1A,N,V,04/03/2026 09:12:47 PM
1B,N,O,04/03/2026 09:01:17 PM
20000A,N,V,04/04/2026 09:44:25 AM
20000B,N,V,04/04/2026 09:51:40 AM
20001A,N,O,04/04/2026 08:58:48 AM
20001B,N,V,04/04/2026 09:14:37 AM
20002A,N,O,04/03/2026 09:03:03 PM
20002B,N,O,04/04/2026 08:57:46 AM
20003A,N,V,04/04/2026 09:48:15 AM
20003B,N,O,04/04/2026 09:51:34 AM
20004B,N,V,04/04/2026 09:50:48 AM
20005A,N,O,04/04/2026 08:59:57 AM
20005B,N,O,04/03/2026 08:59:52 AM
20006A,N,O,04/04/2026 08:58:57 AM
20006B,N,O,04/04/2026 08:58:49 AM
20007A,N,O,04/04/2026 08:59:30 AM
20007B,N,V,04/04/2026 09:46:07 AM
20008A,N,O,04/04/2026 09:42:28 AM
20008B,N,O,04/04/2026 08:56:48 AM
20009A,N,V,04/04/2026 09:47:17 AM
20009B,N,V,04/03/2026 09:56:28 PM
20010A,N,V,04/03/2026 09:42:44 PM
20010B,N,V,04/04/2026 09:46:10 AM
20011A,N,O,04/04/2026 09:51:39 AM
20011B,N,O,04/04/2026 09:22:19 AM
20012A,N,O,04/03/2026 09:49:02 PM
20012B,N,O,04/03/2026 08:06:08 PM
20013A,N,O,04/03/2026 08:38:22 PM
20013B,N,O,04/03/2026 05:37:35 PM
20014A,N,O,04/04/2026 07:55:54 AM
20014B,N,V,04/04/2026 09:22:57 AM
20015B,N,O,04/04/2026 09:37:07 AM
20017A,N,O,04/04/2026 08:41:29 AM
20017B,N,O,04/04/2026 08:18:08 AM
20020A,N,O,04/03/2026 08:13:56 PM
20020B,N,O,04/04/2026 08:59:47 AM
20021A,N,O,04/03/2026 09:20:02 PM
20021B,N,O,04/03/2026 09:36:48 PM
20022A,N,O,04/03/2026 08:54:23 PM
20022B,N,V,04/03/2026 09:35:16 PM
20023A,N,O,04/04/2026 08:56:46 AM
20023B,N,O,04/04/2026 08:57:06 AM
20024A,N,O,04/04/2026 08:55:49 AM
20029A,NU,V,04/03/2026 09:53:41 PM
20029B,NU,V,04/03/2026 09:20:08 PM
2002A,N,O,04/04/2026 08:59:04 AM
2002B,N,O,04/04/2026 09:46:28 AM
20030A,NU,O,04/03/2026 06:48:34 PM
20031A,NU,O,04/03/2026 08:51:23 PM
20031B,NU,O,04/03/2026 06:40:05 PM
20032A,NU,V,04/03/2026 07:30:46 PM
20032B,NU,O,04/03/2026 07:30:21 PM
20033A,NU,V,04/03/2026 09:58:42 PM
20033B,NU,O,04/03/2026 09:16:02 PM
20034A,NU,O,04/03/2026 06:42:44 PM
20034B,NU,V,04/03/2026 09:57:38 PM
20035A,NU,O,04/03/2026 06:00:50 PM
20035B,NU,O,04/03/2026 06:14:38 PM
20036A,NU,V,04/03/2026 09:58:45 PM
20036B,NU,V,04/03/2026 08:00:30 PM
20037A,NU,V,04/03/2026 08:48:16 PM
20037B,NU,O,04/03/2026 08:44:11 PM
20038A,NU,O,04/03/2026 06:00:48 PM
20039A,NU,V,04/02/2026 02:40:46 PM
20039B,NU,O,04/03/2026 06:46:27 PM
2003A,N,O,04/04/2026 09:25:17 AM
2003B,N,O,04/04/2026 08:56:52 AM
20040B,NU,O,04/02/2026 06:21:53 PM
20041A,NU,V,04/02/2026 07:37:39 PM
20041B,NU,V,04/03/2026 06:35:22 PM
20042A,NU,V,04/03/2026 06:33:24 PM
20042B,NU,O,04/03/2026 08:18:10 PM
20043A,NU,V,04/03/2026 09:49:11 PM
20043B,NU,V,04/02/2026 06:00:20 PM
20044A,NU,O,04/03/2026 08:58:53 PM
20044B,NU,O,04/03/2026 06:01:29 PM
20045A,NU,V,04/03/2026 09:39:33 PM
20045B,NU,O,04/03/2026 06:07:25 PM
20046B,NU,O,04/03/2026 08:10:54 PM
20047A,NU,O,04/03/2026 06:00:48 PM
20047B,NU,V,04/03/2026 07:47:45 PM
20048A,NU,O,04/03/2026 09:29:18 PM
20048B,NU,V,04/02/2026 02:48:11 PM
20049A,NU,O,04/03/2026 09:59:27 PM
20049B,NU,V,04/03/2026 09:44:00 PM
2004A,N,O,04/04/2026 08:55:43 AM
20050A,NU,O,04/02/2026 07:59:35 PM
20050B,NU,O,04/03/2026 06:03:34 PM
20051B,NU,O,04/03/2026 06:00:58 PM
20052A,NU,O,04/03/2026 06:00:46 PM
20052B,NU,V,08/24/2025 11:16:32 AM
20053A,NU,O,04/03/2026 09:26:26 PM
20053B,NU,O,04/03/2026 09:47:34 PM
20054A,N,V,04/04/2026 09:50:38 AM
20054B,N,O,04/03/2026 08:10:34 PM
20055A,N,O,04/04/2026 08:59:49 AM
20055B,N,O,04/04/2026 08:59:53 AM
20056A,N,O,04/04/2026 08:58:49 AM
20056B,N,V,04/03/2026 05:07:56 PM
20057A,N,V,09/09/2025 10:48:07 AM
20057B,N,V,04/03/2026 09:37:43 PM
20058A,N,O,04/04/2026 08:57:36 AM
20058B,N,V,04/04/2026 09:50:10 AM
20059A,N,V,04/04/2026 09:25:09 AM
20059B,N,O,04/04/2026 08:55:50 AM
2005A,N,O,04/04/2026 08:59:40 AM
2005B,N,O,04/04/2026 08:59:55 AM
20060A,N,O,04/04/2026 08:59:50 AM
20060B,N,O,04/04/2026 09:00:27 AM
20061A,N,V,04/04/2026 09:42:33 AM
20061B,N,V,04/03/2026 05:32:02 PM
20062A,N,O,04/03/2026 08:27:06 PM
20062B,N,O,04/04/2026 08:57:52 AM
20063A,N,V,04/04/2026 09:43:00 AM
20063B,N,O,04/04/2026 08:56:58 AM
20064A,N,O,04/04/2026 08:55:55 AM
20064B,N,O,04/04/2026 08:55:55 AM
20065A,N,V,04/04/2026 09:11:43 AM
20065B,N,O,04/04/2026 08:59:43 AM
20066A,N,V,04/03/2026 06:41:16 PM
20066B,N,O,04/04/2026 08:58:47 AM
20067A,N,O,04/04/2026 09:38:17 AM
20067B,N,V,04/04/2026 09:10:53 AM
20068A,N,O,04/04/2026 08:56:49 AM
20068B,N,O,04/04/2026 09:51:28 AM
20069A,N,O,04/04/2026 08:55:52 AM
20069B,N,V,04/04/2026 09:05:21 AM
2006A,N,O,04/04/2026 09:39:41 AM
2006B,N,O,04/04/2026 08:58:49 AM
20070A,N,V,04/04/2026 09:42:36 AM
20070B,N,O,04/04/2026 09:41:28 AM
20071A,N,V,04/04/2026 09:51:06 AM
20071B,N,V,04/03/2026 08:30:20 PM
20072A,N,V,04/04/2026 09:29:27 AM
20072B,N,O,04/04/2026 09:44:08 AM
20073A,N,O,04/04/2026 08:56:43 AM
20073B,N,O,04/03/2026 08:56:43 AM
20074A,N,O,04/04/2026 09:08:55 AM
20074B,N,O,04/03/2026 03:19:21 PM
20075A,N,V,04/03/2026 09:10:16 PM
20076A,N,V,04/04/2026 09:51:38 AM
20076B,N,O,04/04/2026 08:58:46 AM
20077B,N,V,04/03/2026 06:42:02 PM
20078A,N,O,04/04/2026 08:56:44 AM
20078B,N,V,04/03/2026 05:26:52 PM
20079A,N,V,04/04/2026 09:44:19 AM
20079B,N,O,04/04/2026 08:55:44 AM
20080A,N,V,04/04/2026 09:51:18 AM
20080B,N,V,04/04/2026 09:51:37 AM
20081A,N,O,04/03/2026 05:19:14 PM
20081B,N,O,04/04/2026 09:51:09 AM
20082A,N,V,04/04/2026 09:27:41 AM
20082B,N,V,04/03/2026 05:44:43 PM
20087A,N,V,04/03/2026 09:54:06 PM
20087B,N,O,04/03/2026 09:53:45 PM
20088A,N,O,04/03/2026 09:45:47 PM
20088B,N,O,04/03/2026 09:10:22 PM
20089A,N,O,04/03/2026 09:34:11 PM
20090A,N,O,04/03/2026 02:25:55 PM
20090B,N,O,04/03/2026 08:20:41 PM
20091A,N,O,04/03/2026 09:06:25 PM
20091B,N,O,04/03/2026 06:54:55 PM
20092A,N,O,04/03/2026 08:26:09 PM
20092B,N,O,04/03/2026 09:19:28 PM
20093A,N,O,04/03/2026 09:06:52 PM
20093B,N,O,04/03/2026 09:48:07 PM
20094A,N,O,04/03/2026 09:30:03 PM
20095A,N,O,04/03/2026 08:11:18 PM
20095B,N,O,04/03/2026 05:51:38 PM
20097A,N,O,04/03/2026 09:28:47 PM
20097B,N,O,04/03/2026 09:31:29 PM
20098A,N,O,04/03/2026 09:28:43 PM
20098B,N,O,04/03/2026 09:46:56 PM
20099A,N,O,04/03/2026 09:21:18 PM
20099B,N,O,04/03/2026 05:25:06 PM
200A,N,O,04/04/2026 09:51:37 AM
200B,NU,O,04/04/2026 08:59:45 AM
20100A,N,O,04/03/2026 08:07:15 PM
20100B,N,O,04/03/2026 08:51:08 PM
20101A,N,O,04/03/2026 09:18:45 PM
20101B,N,O,04/03/2026 09:42:44 PM
20102A,N,O,04/03/2026 08:11:45 PM
20102B,N,O,04/03/2026 08:08:33 PM
20103A,N,O,04/03/2026 06:57:58 PM
20104A,N,O,04/03/2026 06:20:49 PM
20104B,N,O,04/03/2026 04:45:56 PM
20105A,N,O,04/03/2026 04:02:04 PM
20105B,N,O,04/03/2026 09:40:25 PM
20109A,N,O,04/04/2026 08:55:48 AM
20109B,N,V,04/04/2026 09:46:35 AM
2010A,N,O,04/04/2026 08:59:45 AM
2010B,N,V,04/04/2026 09:43:37 AM
20110A,N,O,04/04/2026 08:59:41 AM
20110B,N,O,04/04/2026 08:59:41 AM
20111A,N,O,04/03/2026 08:33:12 PM
20111B,N,O,04/03/2026 08:32:43 PM
20112A,N,O,04/03/2026 08:38:26 PM
20112B,N,O,04/03/2026 09:38:10 PM
20115A,N,O,04/03/2026 07:35:26 PM
20115B,N,O,04/04/2026 09:37:12 AM
20116A,N,V,04/04/2026 09:51:41 AM
20116B,N,O,04/04/2026 08:58:56 AM
20117A,N,O,04/04/2026 09:50:05 AM
20117B,N,O,04/04/2026 09:47:00 AM
20118A,N,O,04/04/2026 08:56:46 AM
20118B,N,O,04/04/2026 09:00:31 AM
2013B,N,O,04/04/2026 08:58:38 AM
20141A,N,O,04/04/2026 08:58:57 AM
20141B,N,V,04/04/2026 09:50:56 AM
20142A,N,O,04/04/2026 09:31:05 AM
20142B,N,O,04/04/2026 08:57:52 AM
20143A,N,O,04/04/2026 09:24:39 AM
20143B,N,O,04/04/2026 09:24:25 AM
20144A,N,O,04/04/2026 09:27:07 AM
20144B,N,O,04/04/2026 08:56:02 AM
20145A,N,O,04/04/2026 08:59:55 AM
20145B,N,O,04/04/2026 09:22:08 AM
20146A,N,O,04/04/2026 08:58:54 AM
20146B,N,V,04/04/2026 09:37:01 AM
20147A,N,O,04/04/2026 08:57:49 AM
20147B,N,O,04/04/2026 08:57:49 AM
20148A,N,O,04/04/2026 08:56:49 AM
20148B,N,O,04/04/2026 08:56:49 AM
20149A,N,O,04/04/2026 08:55:47 AM
20149B,N,O,04/04/2026 08:55:47 AM
2014A,N,O,04/03/2026 09:58:29 PM
2014B,N,O,04/03/2026 09:59:31 PM
20150A,N,O,04/04/2026 09:00:23 AM
20150B,N,V,04/04/2026 09:51:23 AM
20154B,N,O,04/04/2026 09:28:46 AM
20155A,N,O,04/04/2026 08:59:46 AM
20155B,N,O,04/04/2026 09:30:51 AM
20158B,N,O,04/04/2026 08:56:51 AM
20159A,N,O,04/04/2026 09:38:52 AM
20159B,N,O,04/04/2026 09:22:37 AM
2015A,N,O,04/03/2026 09:48:07 PM
2015B,N,O,04/03/2026 09:53:07 PM
20160A,N,O,04/04/2026 09:05:51 AM
20160B,N,O,04/04/2026 09:01:01 AM
20161A,N,V,04/04/2026 09:41:14 AM
20161B,N,O,04/04/2026 09:16:54 AM
20168A,N,O,04/04/2026 08:56:47 AM
20168B,N,O,04/04/2026 08:57:01 AM
20170A,N,O,04/04/2026 09:10:48 AM
20170B,N,O,04/04/2026 08:59:47 AM
20171A,N,O,04/04/2026 09:15:38 AM
20171B,N,O,04/04/2026 08:58:47 AM
20177A,N,O,04/04/2026 08:57:48 AM
20177B,N,V,04/04/2026 09:51:13 AM
20178A,N,O,04/04/2026 09:46:08 AM
20178B,N,V,04/04/2026 09:34:38 AM
20179A,N,O,04/04/2026 09:44:36 AM
20179B,N,O,04/04/2026 09:32:56 AM
20180A,N,O,04/04/2026 09:00:16 AM
20183B,N,O,04/04/2026 08:56:44 AM
20184A,N,O,04/04/2026 08:55:40 AM
20184B,N,O,04/04/2026 08:55:36 AM
20186A,N,O,04/04/2026 09:50:20 AM
20186B,N,V,04/04/2026 09:36:47 AM
20187A,N,O,04/04/2026 08:57:52 AM
20187B,N,O,04/04/2026 08:57:52 AM
20190A,N,V,04/03/2026 09:59:48 PM
20190B,N,O,04/03/2026 09:56:12 PM
20191A,N,O,04/03/2026 09:56:58 PM
20191B,N,V,04/03/2026 09:56:42 PM
20192A,N,O,04/04/2026 08:58:20 AM
20192B,N,O,04/04/2026 08:57:45 AM
20193A,N,O,04/04/2026 09:21:22 AM
20193B,N,O,04/04/2026 08:56:43 AM
20194A,N,O,04/04/2026 08:55:47 AM
20194B,N,O,04/04/2026 08:55:47 AM
20195A,N,O,04/04/2026 08:59:47 AM
20195B,N,O,04/04/2026 08:59:47 AM
20196A,N,O,04/03/2026 04:19:45 PM
20196B,N,O,04/04/2026 07:58:48 AM
20197A,N,O,04/04/2026 07:57:44 AM
20197B,N,O,04/04/2026 07:57:44 AM
201B,N,V,04/04/2026 09:50:56 AM
20202B,N,O,04/04/2026 07:57:46 AM
20204A,N,O,04/04/2026 09:51:42 AM
20204B,N,O,04/04/2026 08:55:47 AM
20205A,N,O,04/04/2026 09:41:39 AM
20205B,N,O,04/04/2026 09:00:09 AM
20206A,N,O,04/04/2026 08:58:50 AM
20206B,N,O,04/03/2026 09:12:49 PM
20208A,N,O,04/04/2026 08:56:42 AM
20208B,N,V,04/04/2026 09:51:36 AM
20209A,NU,O,12/05/2025 06:55:56 AM
20209B,NU,O,12/05/2025 08:47:44 AM
20210A,N,O,04/04/2026 08:59:53 AM
20210B,N,O,04/04/2026 08:59:57 AM
20211A,N,V,04/04/2026 09:49:05 AM
20211B,N,O,04/04/2026 08:58:54 AM
20212A,N,O,04/04/2026 08:57:55 AM
20212B,N,O,04/04/2026 08:57:59 AM
20213A,N,O,04/04/2026 08:56:54 AM
20213B,N,V,04/04/2026 09:44:51 AM
20214A,N,O,04/03/2026 09:36:30 PM
20214B,N,O,04/04/2026 09:29:45 AM
20248A,N,O,04/04/2026 08:56:53 AM
20248B,N,O,04/03/2026 03:42:11 PM
20249A,N,O,04/04/2026 08:55:54 AM
20249B,N,O,04/04/2026 08:55:58 AM
20250A,N,O,04/04/2026 08:59:51 AM
20250B,N,O,04/04/2026 08:59:48 AM
20251A,N,O,04/04/2026 08:59:00 AM
20251B,N,O,04/04/2026 08:59:00 AM
20252A,N,O,04/04/2026 08:57:49 AM
20252B,N,O,04/04/2026 08:57:49 AM
20253A,N,O,04/04/2026 08:56:52 AM
20253B,N,O,04/04/2026 08:56:55 AM
20254A,N,O,04/04/2026 08:56:04 AM
20254B,N,O,04/04/2026 08:56:00 AM
20255A,N,O,04/03/2026 09:54:35 PM
20255B,N,V,04/04/2026 09:50:53 AM
20256A,N,O,04/04/2026 08:58:53 AM
20256B,N,O,04/04/2026 08:58:53 AM
20257A,N,O,04/04/2026 08:57:48 AM
20257B,N,O,04/04/2026 08:57:48 AM
20258A,N,O,04/04/2026 08:56:48 AM
20258B,N,O,04/04/2026 08:56:48 AM
20259B,N,O,04/04/2026 08:55:44 AM
2025A,N,O,04/03/2026 10:29:47 AM
2025B,N,O,04/03/2026 09:55:57 PM
20260A,N,O,04/03/2026 09:22:31 PM
20260B,N,V,04/03/2026 09:32:41 PM
20261A,N,O,04/03/2026 09:56:27 PM
20261B,N,V,04/03/2026 09:58:20 PM
20262A,N,O,04/03/2026 08:50:59 PM
20262B,N,O,04/03/2026 09:52:17 PM
20263A,N,O,04/03/2026 08:41:45 PM
20263B,N,O,04/03/2026 09:17:04 PM
20264A,N,O,04/03/2026 08:31:42 PM
20264B,N,V,04/03/2026 09:59:33 PM
20265A,N,V,04/03/2026 09:31:47 PM
20265B,N,V,04/03/2026 09:59:46 PM
20266A,N,O,04/03/2026 10:28:49 AM
20266B,N,O,04/03/2026 08:52:29 PM
20267A,N,O,04/03/2026 08:45:21 PM
20267B,N,V,04/03/2026 02:56:42 PM
20268A,N,V,04/03/2026 09:56:50 PM
20268B,N,O,04/03/2026 09:12:32 PM
20269A,N,O,04/03/2026 09:43:54 PM
20269B,N,O,04/03/2026 09:37:58 PM
20271B,N,V,04/04/2026 09:31:11 AM
20272A,N,O,04/04/2026 08:57:52 AM
20272B,N,O,04/04/2026 09:48:41 AM
20273A,N,O,04/04/2026 09:03:24 AM
20273B,N,O,04/04/2026 08:56:53 AM
20274A,N,O,04/04/2026 08:55:57 AM
20274B,N,O,04/04/2026 08:55:44 AM
20275A,N,O,04/04/2026 08:59:52 AM
20275B,N,O,04/04/2026 08:59:52 AM
20276A,N,O,04/04/2026 08:58:49 AM
20276B,N,O,04/04/2026 09:28:07 AM
20277A,N,O,04/04/2026 08:57:40 AM
20277B,N,V,04/04/2026 09:48:43 AM
20278A,N,O,04/04/2026 08:56:50 AM
20278B,N,O,04/04/2026 08:56:50 AM
20279A,N,O,04/04/2026 08:56:01 AM
20279B,N,O,04/04/2026 08:55:52 AM
2027A,N,O,04/04/2026 08:57:43 AM
2027B,N,O,04/04/2026 08:57:56 AM
20280A,N,O,04/04/2026 08:59:57 AM
20280B,N,O,04/04/2026 09:00:01 AM
20281A,N,O,04/04/2026 08:58:55 AM
20281B,N,O,04/04/2026 08:58:55 AM
20282A,N,V,04/04/2026 09:42:30 AM
20282B,N,O,04/04/2026 09:04:04 AM
20283A,N,O,04/04/2026 08:56:50 AM
20283B,N,O,04/04/2026 08:56:50 AM
20284A,N,O,04/04/2026 09:17:49 AM
20284B,N,O,04/04/2026 09:34:58 AM
20285A,N,O,04/04/2026 09:03:34 AM
20285B,N,O,04/04/2026 09:23:21 AM
20286A,N,O,04/04/2026 09:12:30 AM
20286B,N,O,04/04/2026 08:58:57 AM
20287A,N,O,04/04/2026 09:41:19 AM
20287B,N,O,04/04/2026 08:58:10 AM
20288A,N,O,04/04/2026 08:56:53 AM
20288B,N,O,04/04/2026 09:17:17 AM
2028A,N,O,04/04/2026 08:59:06 AM
2028B,N,O,04/04/2026 08:56:42 AM
20290A,N,O,04/04/2026 08:59:48 AM
20290B,N,O,04/04/2026 08:59:48 AM
20291A,N,O,04/03/2026 04:11:09 PM
20291B,N,O,04/04/2026 08:58:48 AM
20292A,N,O,04/03/2026 09:35:34 PM
20292B,N,O,04/04/2026 08:57:46 AM
20293A,N,O,04/04/2026 09:01:13 AM
20293B,N,O,04/04/2026 08:56:56 AM
20294A,N,O,04/04/2026 08:55:58 AM
20294B,N,O,04/04/2026 08:55:48 AM
202A,N,V,04/04/2026 09:42:40 AM
20305A,N,O,04/03/2026 08:53:03 PM
20305B,N,O,04/03/2026 09:48:50 PM
20306A,N,V,04/03/2026 09:31:47 PM
20306B,N,O,04/03/2026 08:05:32 PM
20307A,N,O,04/03/2026 07:33:11 PM
20307B,N,O,04/03/2026 08:29:31 PM
20308A,N,O,04/03/2026 08:50:05 PM
20308B,N,O,04/03/2026 08:23:12 PM
20309A,N,O,04/04/2026 06:55:43 AM
2030A,N,O,04/04/2026 09:44:38 AM
20310A,N,O,04/04/2026 06:59:49 AM
20310B,N,O,04/04/2026 06:59:49 AM
20311A,N,O,04/04/2026 06:58:44 AM
20311B,N,O,04/04/2026 06:58:44 AM
20312A,N,O,04/04/2026 06:57:46 AM
20312B,N,O,04/04/2026 06:57:46 AM
20313A,N,O,04/04/2026 07:52:22 AM
20313B,N,O,04/04/2026 06:56:57 AM
20314A,N,O,04/03/2026 09:33:16 PM
20314B,N,O,04/03/2026 09:08:41 PM
20315A,N,O,04/03/2026 08:53:17 PM
20315B,N,O,04/03/2026 09:16:39 PM
20316A,N,O,04/03/2026 07:42:36 PM
20316B,N,O,04/03/2026 09:47:47 PM
20317A,N,O,04/03/2026 09:04:22 PM
20317B,N,O,04/03/2026 02:58:35 PM
20318A,N,O,04/03/2026 09:45:31 PM
20318B,N,O,04/03/2026 09:51:30 PM
20319A,N,O,04/03/2026 09:37:36 PM
20319B,N,O,04/03/2026 09:53:48 PM
2031A,N,O,04/04/2026 08:58:49 AM
2031B,N,O,04/04/2026 09:51:26 AM
20320A,N,O,04/03/2026 09:26:48 PM
20320B,N,O,04/03/2026 09:59:36 PM
20321A,N,O,04/03/2026 09:52:23 PM
20321B,N,O,04/03/2026 09:59:47 PM
20322A,N,O,04/03/2026 09:56:57 PM
20322B,N,O,04/03/2026 08:59:47 PM
20323A,N,O,04/03/2026 09:29:02 PM
20323B,N,O,04/03/2026 09:45:26 PM
20324A,N,O,04/04/2026 08:55:50 AM
20324B,N,O,04/04/2026 09:33:27 AM
20325A,N,O,04/04/2026 08:59:48 AM
20325B,N,V,04/04/2026 09:39:19 AM
20326A,N,O,04/04/2026 09:25:25 AM
20326B,N,O,04/04/2026 08:58:44 AM
20327B,N,O,04/04/2026 08:57:47 AM
20328A,N,V,04/04/2026 09:29:39 AM
20328B,N,O,04/04/2026 08:56:51 AM
20329A,N,O,04/04/2026 08:57:58 AM
20329B,N,O,04/04/2026 09:37:15 AM
2032A,N,V,04/03/2026 09:59:14 PM
2032B,N,V,04/04/2026 09:51:44 AM
20330A,N,O,04/04/2026 08:00:37 AM
20330B,N,O,04/04/2026 08:51:37 AM
20331A,N,O,04/04/2026 07:58:54 AM
20331B,N,O,04/04/2026 07:59:01 AM
20332A,N,O,04/04/2026 07:57:41 AM
20332B,N,O,04/04/2026 07:57:46 AM
20333A,N,O,04/04/2026 09:05:20 AM
20333B,N,O,04/04/2026 07:56:52 AM
20334A,N,O,04/04/2026 07:56:11 AM
20334B,N,O,04/04/2026 07:56:49 AM
20335A,N,O,04/04/2026 07:59:49 AM
20335B,N,O,04/04/2026 09:14:49 AM
20336A,N,O,04/04/2026 07:58:50 AM
20336B,N,O,04/04/2026 07:58:50 AM
20337A,N,O,04/04/2026 09:24:21 AM
20337B,N,O,04/04/2026 07:57:42 AM
2033B,N,O,04/04/2026 09:45:34 AM
20343B,N,V,04/04/2026 09:28:54 AM
20344A,N,O,04/04/2026 09:07:06 AM
20344B,N,V,04/04/2026 09:47:52 AM
20345A,N,O,04/04/2026 09:51:01 AM
20345B,N,V,04/04/2026 09:49:16 AM
20346A,N,O,04/04/2026 09:18:56 AM
20346B,N,O,04/04/2026 09:29:37 AM
20347A,N,O,04/04/2026 09:25:37 AM
20347B,N,V,04/04/2026 09:49:44 AM
20348A,N,O,04/03/2026 09:30:54 PM
20348B,N,V,04/04/2026 09:50:38 AM
20349A,N,O,04/03/2026 09:34:57 PM
20349B,N,O,04/04/2026 08:55:44 AM
2034A,N,O,04/04/2026 08:55:52 AM
2034B,N,O,04/04/2026 08:55:52 AM
20350A,N,O,04/04/2026 09:48:00 AM
20350B,N,O,04/04/2026 09:26:25 AM
20351A,N,V,04/04/2026 09:39:07 AM
20351B,N,V,04/04/2026 09:45:58 AM
20352A,N,V,04/04/2026 09:51:26 AM
20352B,N,O,04/04/2026 09:27:52 AM
20353A,N,O,04/04/2026 08:56:44 AM
20353B,N,V,04/04/2026 09:32:01 AM
20354A,N,O,04/04/2026 09:23:47 AM
20354B,N,O,04/04/2026 09:18:00 AM
20355A,N,V,04/04/2026 09:51:41 AM
20355B,N,O,04/04/2026 08:59:44 AM
20356A,N,O,04/04/2026 09:37:12 AM
20356B,N,O,04/04/2026 08:58:46 AM
20357A,N,O,04/04/2026 09:23:11 AM
20357B,N,V,04/04/2026 09:44:26 AM
20358A,N,O,04/04/2026 09:50:28 AM
20358B,N,V,04/04/2026 09:51:19 AM
20359A,N,O,04/04/2026 09:30:33 AM
20359B,N,V,04/04/2026 09:50:35 AM
2035A,N,V,04/04/2026 09:51:42 AM
2035B,N,O,04/04/2026 09:44:27 AM
20369A,N,O,04/04/2026 08:55:46 AM
2036A,N,O,04/04/2026 08:58:46 AM
2036B,N,O,04/04/2026 08:58:43 AM
20373B,N,O,04/04/2026 08:56:50 AM
20374A,N,O,04/04/2026 08:55:52 AM
20374B,N,V,04/04/2026 09:01:40 AM
20375A,N,O,04/04/2026 08:59:52 AM
20375B,N,V,04/04/2026 09:47:09 AM
20376A,N,O,04/04/2026 08:58:48 AM
20376B,N,O,04/04/2026 08:59:08 AM
20377A,N,O,04/04/2026 08:57:53 AM
20377B,N,V,04/04/2026 09:45:43 AM
20378A,N,O,04/03/2026 09:56:07 PM
20378B,N,O,04/03/2026 09:55:11 PM
20379A,N,O,04/04/2026 08:55:49 AM
20379B,N,O,04/04/2026 09:07:17 AM
2037A,N,O,04/04/2026 08:57:52 AM
2037B,N,O,04/04/2026 08:57:48 AM
20380A,N,O,04/03/2026 09:17:14 PM
20380B,N,O,04/03/2026 07:12:53 PM
20381A,N,V,04/04/2026 09:44:26 AM
20381B,N,O,04/03/2026 06:21:55 PM
20382A,N,V,04/04/2026 09:48:20 AM
20382B,N,O,04/04/2026 08:57:48 AM
20385B,N,O,04/04/2026 09:00:57 AM
20386A,N,V,04/04/2026 09:38:10 AM
20386B,N,O,04/04/2026 08:58:48 AM
20387A,N,V,04/04/2026 09:11:33 AM
20387B,N,O,04/04/2026 08:57:49 AM
20388A,N,O,04/04/2026 09:03:09 AM
20388B,N,V,04/04/2026 09:03:09 AM
20389A,N,O,04/04/2026 08:56:18 AM
20389B,N,O,04/04/2026 08:56:18 AM
2038A,N,O,04/04/2026 08:56:54 AM
2038B,N,O,04/04/2026 08:56:54 AM
20390A,N,O,04/04/2026 09:36:54 AM
20390B,N,V,04/04/2026 09:38:16 AM
20391A,N,O,04/04/2026 09:21:33 AM
20391B,N,O,04/03/2026 09:15:09 PM
20392A,N,V,04/04/2026 09:50:51 AM
20392B,N,O,04/04/2026 08:57:45 AM
20393B,N,O,04/03/2026 09:59:49 PM
20394A,N,V,04/03/2026 09:41:51 PM
20394B,N,O,04/04/2026 08:55:45 AM
20395A,N,V,04/04/2026 09:50:39 AM
20395B,N,V,04/04/2026 09:50:31 AM
20396A,N,V,04/04/2026 09:35:53 AM
20396B,N,V,04/04/2026 09:35:31 AM
20397A,N,O,04/04/2026 08:57:51 AM
20397B,N,V,04/03/2026 09:26:31 PM
20398A,N,O,04/04/2026 08:56:50 AM
20399B,N,O,04/04/2026 08:55:49 AM
2039A,N,O,04/04/2026 09:18:39 AM
2039B,N,O,04/04/2026 08:55:47 AM
203A,N,V,04/04/2026 09:51:32 AM
203B,N,V,04/03/2026 09:59:44 PM
20400A,N,O,04/04/2026 08:59:49 AM
20400B,N,V,04/04/2026 09:39:25 AM
20401A,N,V,04/03/2026 09:18:02 PM
20401B,N,V,04/04/2026 09:38:23 AM
20402A,N,O,04/04/2026 08:57:52 AM
20402B,N,V,04/03/2026 09:15:31 PM
20403A,N,O,04/04/2026 08:56:48 AM
20403B,N,O,04/04/2026 08:56:48 AM
20404A,N,O,04/04/2026 08:55:48 AM
20405A,N,O,04/03/2026 08:11:09 PM
20405B,N,O,04/04/2026 08:59:50 AM
20406A,N,O,04/04/2026 08:58:48 AM
20406B,N,O,04/03/2026 06:45:02 PM
20407A,N,O,04/03/2026 07:08:04 PM
20407B,N,V,04/03/2026 09:54:08 PM
20408A,N,O,04/04/2026 09:10:51 AM
20409A,N,V,04/04/2026 09:34:29 AM
20409B,N,O,04/04/2026 08:55:47 AM
20410A,N,O,04/03/2026 09:30:58 PM
20410B,N,O,04/04/2026 08:59:55 AM
20411A,N,V,04/03/2026 09:57:41 PM
20411B,N,O,04/04/2026 08:58:53 AM
20412A,N,O,04/04/2026 08:57:44 AM
20412B,N,V,04/04/2026 09:28:59 AM
20413A,N,O,04/04/2026 08:56:45 AM
20413B,N,O,04/04/2026 09:38:26 AM
20414A,N,O,04/04/2026 08:55:45 AM
20415A,N,O,04/04/2026 08:59:59 AM
20415B,N,O,04/04/2026 08:59:46 AM
20416A,N,O,04/04/2026 09:50:30 AM
20416B,N,O,04/04/2026 08:58:50 AM
20417A,N,V,04/04/2026 09:41:04 AM
20418A,N,V,04/04/2026 09:29:25 AM
20418B,N,O,04/04/2026 08:56:51 AM
20419A,N,V,04/04/2026 08:57:48 AM
20419B,N,O,04/03/2026 09:49:31 PM
20420A,N,O,04/04/2026 08:59:46 AM
20420B,N,O,04/03/2026 09:42:25 PM
20421A,N,O,04/03/2026 09:25:31 PM
20422B,N,O,04/04/2026 07:51:42 AM
20423A,N,V,04/04/2026 09:21:53 AM
20423B,N,V,04/04/2026 07:52:26 AM
20424A,N,O,04/04/2026 06:55:54 AM
20424B,N,O,04/03/2026 03:51:07 PM
20425A,N,O,04/04/2026 09:51:30 AM
20425B,N,V,04/04/2026 07:53:05 AM
20426A,N,O,04/04/2026 09:34:17 AM
20426B,N,O,04/03/2026 01:58:21 PM
20427A,N,O,04/04/2026 09:34:07 AM
20428A,N,O,04/04/2026 08:56:47 AM
20428B,N,O,04/04/2026 08:56:51 AM
20429A,N,O,04/04/2026 08:55:52 AM
20429B,N,O,04/04/2026 09:26:00 AM
20430A,N,O,04/03/2026 08:02:58 PM
20430B,N,O,04/03/2026 08:42:49 PM
20431A,N,O,04/04/2026 08:58:57 AM
20431B,N,O,04/04/2026 08:59:05 AM
20432A,N,O,04/04/2026 09:37:49 AM
20432B,N,O,04/04/2026 08:57:49 AM
20433A,N,V,04/03/2026 09:59:07 PM
20433B,N,O,04/04/2026 09:26:47 AM
20434A,N,O,04/04/2026 09:17:17 AM
20434B,N,O,04/04/2026 08:55:52 AM
20437A,N,V,04/03/2026 09:58:32 PM
20437B,N,O,04/03/2026 03:39:33 PM
20438A,N,O,04/03/2026 08:18:35 PM
20438B,N,O,04/03/2026 07:50:51 PM
20439A,N,O,04/03/2026 08:04:17 PM
20439B,N,O,04/03/2026 06:59:42 PM
20440A,N,O,04/03/2026 10:00:37 AM
20440B,N,O,04/03/2026 08:40:08 PM
20441A,N,O,04/03/2026 09:25:00 PM
20441B,N,O,04/03/2026 07:21:53 PM
20442A,N,O,04/03/2026 04:04:54 PM
20442B,N,O,04/03/2026 05:33:48 PM
20443A,N,O,04/03/2026 08:04:21 PM
20443B,N,O,04/03/2026 08:42:58 PM
20444A,N,O,04/03/2026 09:47:31 PM
20444B,N,O,04/03/2026 08:13:26 PM
20445A,N,O,04/03/2026 09:08:49 PM
20445B,N,O,04/03/2026 08:07:08 PM
20446A,N,O,04/04/2026 08:58:45 AM
20446B,N,O,04/04/2026 08:58:45 AM
20447A,N,V,04/04/2026 09:13:33 AM
20447B,N,V,04/04/2026 09:48:06 AM
20448A,N,V,04/04/2026 09:29:55 AM
20448B,N,V,04/04/2026 09:24:48 AM
20449A,N,O,04/04/2026 08:55:52 AM
20449B,N,V,04/04/2026 09:30:03 AM
20450A,N,O,04/03/2026 09:59:33 PM
20450B,N,O,04/03/2026 06:41:38 PM
20451A,N,V,04/03/2026 09:50:52 PM
20451B,N,O,04/03/2026 09:50:27 PM
20452B,N,O,04/03/2026 09:51:24 PM
20453A,N,O,04/03/2026 04:02:58 PM
20453B,N,V,04/03/2026 09:56:28 PM
20497A,N,O,04/04/2026 08:57:51 AM
20497B,N,O,04/04/2026 08:57:51 AM
20498A,N,O,04/04/2026 08:56:45 AM
20498B,N,O,04/03/2026 09:53:59 PM
20499A,N,O,04/04/2026 08:55:49 AM
20499B,N,O,04/03/2026 06:05:27 PM
204A,N,O,04/04/2026 09:50:50 AM
204B,N,V,04/04/2026 09:00:33 AM
20500A,N,V,04/04/2026 09:50:21 AM
20500B,N,O,04/04/2026 08:59:40 AM
20501A,N,O,04/04/2026 09:44:19 AM
20501B,N,O,04/04/2026 08:58:42 AM
20506A,N,O,04/04/2026 08:58:47 AM
20506B,N,O,04/04/2026 09:41:36 AM
20507A,N,O,04/04/2026 08:57:50 AM
20507B,N,O,04/04/2026 08:57:50 AM
20508A,N,O,04/04/2026 08:56:51 AM
20508B,N,O,04/04/2026 08:56:51 AM
20509A,N,O,04/04/2026 08:55:47 AM
20509B,N,O,04/04/2026 08:56:00 AM
20510B,N,O,04/04/2026 09:48:33 AM
20511A,N,O,04/04/2026 08:58:48 AM
20511B,N,O,04/04/2026 08:58:52 AM
20512A,N,O,04/04/2026 08:57:46 AM
20512B,N,O,04/04/2026 08:57:56 AM
20513A,N,O,04/04/2026 08:56:51 AM
20513B,N,O,04/04/2026 08:56:51 AM
20514A,N,O,04/04/2026 08:55:55 AM
20515A,N,O,04/04/2026 08:59:46 AM
20515B,N,O,04/04/2026 08:59:46 AM
20516A,N,V,04/04/2026 09:13:48 AM
20516B,N,V,04/04/2026 09:01:33 AM
20517B,N,V,04/04/2026 09:48:16 AM
2053A,N,O,04/04/2026 08:56:48 AM
2053B,N,O,04/04/2026 08:56:48 AM
20545A,N,V,04/03/2026 03:45:34 PM
20545B,N,O,04/03/2026 08:41:48 PM
20546B,N,O,04/03/2026 09:35:44 PM
2054A,N,O,04/04/2026 08:55:51 AM
2054B,N,O,04/04/2026 09:30:08 AM
20550A,N,V,04/03/2026 09:42:26 PM
20550B,N,V,04/03/2026 09:42:26 PM
20551A,N,O,04/03/2026 08:37:50 PM
20551B,N,O,04/03/2026 08:20:46 PM
20552A,N,V,04/03/2026 09:12:47 PM
20562A,N,O,04/04/2026 08:57:51 AM
20562B,N,O,04/04/2026 09:47:30 AM
20563A,N,O,04/04/2026 08:56:52 AM
20563B,N,O,04/04/2026 08:56:52 AM
20564A,N,O,04/04/2026 08:55:46 AM
20564B,N,O,04/04/2026 09:35:02 AM
20565A,N,O,04/04/2026 08:59:51 AM
20565B,N,O,04/03/2026 06:25:53 PM
20566A,N,O,04/04/2026 08:58:43 AM
20566B,N,O,04/04/2026 08:58:43 AM
20567A,N,O,04/04/2026 08:57:46 AM
20567B,N,O,04/04/2026 08:57:46 AM
20570A,N,V,04/04/2026 09:43:08 AM
20570B,N,V,04/04/2026 09:40:49 AM
20571A,N,V,04/04/2026 09:46:47 AM
20571B,N,V,04/03/2026 04:16:27 PM
20572A,N,V,04/04/2026 09:22:25 AM
20572B,N,V,04/04/2026 08:26:13 AM
20573A,N,V,04/04/2026 09:22:15 AM
20573B,N,V,04/04/2026 07:40:47 AM
20574A,N,V,04/04/2026 08:12:15 AM
20574B,N,O,04/04/2026 09:23:11 AM
20575A,N,O,04/04/2026 06:59:45 AM
20575B,N,V,04/04/2026 08:24:20 AM
20576A,N,V,04/04/2026 09:50:38 AM
20576B,N,O,04/04/2026 06:58:52 AM
20577A,N,V,04/04/2026 09:28:05 AM
20577B,N,V,04/04/2026 08:01:12 AM
20591A,N,O,04/04/2026 07:58:39 AM
20591B,N,V,04/04/2026 09:50:14 AM
20592A,N,O,04/04/2026 09:08:27 AM
20592B,N,V,04/04/2026 08:35:36 AM
20593A,N,O,04/03/2026 07:57:01 AM
20593B,N,O,04/04/2026 07:56:51 AM
20594B,N,O,04/04/2026 07:55:54 AM
20595A,N,V,04/04/2026 09:50:05 AM
20595B,N,V,04/04/2026 09:50:46 AM
20596A,N,O,04/04/2026 07:58:48 AM
20596B,N,O,04/04/2026 09:50:58 AM
20597A,N,O,04/04/2026 07:57:47 AM
20597B,N,O,04/04/2026 07:58:04 AM
20598A,N,O,04/04/2026 09:38:37 AM
20598B,N,V,04/04/2026 09:44:19 AM
205A,N,O,04/04/2026 08:59:43 AM
205B,N,O,04/04/2026 08:59:43 AM
20601B,N,O,04/03/2026 08:51:19 PM
20602A,N,O,04/03/2026 09:04:03 PM
20602B,N,O,04/03/2026 06:56:53 PM
20604A,N,O,04/04/2026 08:55:49 AM
20604B,N,V,04/04/2026 09:25:19 AM
20605A,N,O,04/04/2026 08:59:51 AM
20605B,N,O,04/03/2026 04:25:05 PM
20606A,N,O,04/04/2026 08:58:44 AM
20606B,N,O,04/04/2026 09:49:21 AM
20607A,N,V,04/04/2026 09:19:08 AM
20607B,N,O,04/04/2026 08:57:51 AM
20608A,N,V,04/03/2026 08:27:57 PM
20608B,N,O,04/03/2026 08:25:59 PM
20609A,N,O,04/04/2026 08:55:50 AM
20609B,N,O,04/04/2026 09:49:16 AM
20610A,NU,O,04/03/2026 09:12:04 PM
20610B,NU,V,04/03/2026 09:16:26 PM
20611A,N,O,04/04/2026 08:58:54 AM
20611B,N,V,04/03/2026 09:36:49 PM
20612A,N,V,04/04/2026 09:20:13 AM
20612B,N,O,04/04/2026 08:57:44 AM
20613A,N,O,04/04/2026 08:56:47 AM
20613B,N,O,04/04/2026 08:56:47 AM
20614A,N,V,04/04/2026 09:26:33 AM
20614B,N,V,04/03/2026 08:18:40 PM
20618A,N,O,04/04/2026 08:40:37 AM
20619A,N,O,04/04/2026 08:55:56 AM
20619B,N,O,04/04/2026 08:55:52 AM
20620A,N,O,04/04/2026 08:59:43 AM
20620B,N,O,04/04/2026 08:59:47 AM
20621A,N,O,04/04/2026 09:50:04 AM
20621B,N,O,04/04/2026 08:58:45 AM
20631A,N,O,04/04/2026 08:58:52 AM
20631B,N,O,04/03/2026 09:56:03 PM
20632A,N,O,04/03/2026 09:53:27 PM
20632B,N,V,04/04/2026 09:24:44 AM
20633A,N,V,04/04/2026 09:47:52 AM
20633B,N,V,04/04/2026 09:46:46 AM
20634A,N,O,04/04/2026 08:55:52 AM
20634B,N,V,04/04/2026 09:44:03 AM
20635A,N,O,04/04/2026 08:59:45 AM
20635B,N,O,04/04/2026 08:59:58 AM
20636A,N,O,04/04/2026 08:58:45 AM
20636B,N,V,04/04/2026 09:51:38 AM
20637A,N,O,04/04/2026 08:57:49 AM
20637B,N,O,04/04/2026 08:57:49 AM
20638A,N,O,04/04/2026 09:25:01 AM
20638B,N,O,04/04/2026 09:07:36 AM
20639A,N,O,04/03/2026 04:58:15 PM
20639B,N,O,04/04/2026 08:55:47 AM
2063A,N,O,04/04/2026 08:56:51 AM
2063B,N,O,04/04/2026 08:56:51 AM
20640A,N,O,04/04/2026 08:59:48 AM
20640B,N,V,04/04/2026 09:50:52 AM
20641A,N,O,04/04/2026 08:58:55 AM
20641B,N,O,04/04/2026 08:58:52 AM
20642A,N,O,04/04/2026 08:57:47 AM
20642B,N,V,04/04/2026 09:50:33 AM
20643A,N,O,04/04/2026 08:56:47 AM
20643B,N,O,04/03/2026 08:50:05 PM
2064B,N,O,04/04/2026 08:55:54 AM
20651A,N,O,04/04/2026 08:58:52 AM
20651B,N,O,04/04/2026 08:59:03 AM
20652A,N,O,04/04/2026 08:58:01 AM
20652B,N,O,04/04/2026 08:58:08 AM
20653A,N,O,04/04/2026 09:03:13 AM
20653B,N,O,04/04/2026 09:13:26 AM
20654A,N,O,04/04/2026 08:55:45 AM
20654B,N,O,04/04/2026 08:55:45 AM
20658A,N,O,04/04/2026 09:02:00 AM
20658B,N,O,04/04/2026 07:56:44 AM
20659B,N,O,04/04/2026 07:55:49 AM
2065A,N,O,04/04/2026 08:59:49 AM
20661A,N,O,04/03/2026 07:58:47 AM
20661B,N,O,04/04/2026 07:58:49 AM
20663A,N,O,04/04/2026 07:56:51 AM
20663B,N,O,04/04/2026 09:24:37 AM
20664B,N,O,04/04/2026 09:43:09 AM
20665A,N,O,04/04/2026 09:49:26 AM
20666A,N,O,04/04/2026 09:32:59 AM
20666B,N,O,04/03/2026 07:58:40 AM
20667A,N,O,04/04/2026 09:42:41 AM
20667B,N,O,04/04/2026 09:43:38 AM
2066A,N,O,04/04/2026 08:58:46 AM
2066B,N,O,04/04/2026 08:58:46 AM
20672A,N,V,07/13/2025 10:00:25 AM
20672B,N,O,04/04/2026 08:57:42 AM
20673A,N,O,04/04/2026 08:56:44 AM
20673B,N,V,04/04/2026 09:51:02 AM
20674A,N,O,04/03/2026 08:11:40 PM
20674B,N,O,04/04/2026 09:44:31 AM
20675A,N,O,04/04/2026 08:59:54 AM
20675B,N,O,04/04/2026 08:59:47 AM
20676A,N,O,04/04/2026 08:58:51 AM
20676B,N,O,04/04/2026 08:58:51 AM
20677A,N,O,04/04/2026 08:57:47 AM
20677B,N,O,04/04/2026 08:57:47 AM
20678A,N,O,04/04/2026 09:23:29 AM
20678B,N,O,04/04/2026 08:56:40 AM
20679A,N,O,04/03/2026 08:51:16 AM
20679B,N,O,04/04/2026 07:55:45 AM
2067A,N,O,04/03/2026 08:58:57 PM
2067B,N,O,04/04/2026 08:57:43 AM
20680A,N,O,04/04/2026 07:59:46 AM
20680B,N,V,04/04/2026 08:12:22 AM
20681A,N,O,04/03/2026 07:58:49 AM
20681B,N,O,04/04/2026 07:58:55 AM
20682B,N,V,04/04/2026 09:51:22 AM
20683A,N,O,04/04/2026 08:56:49 AM
20683B,N,O,04/04/2026 08:56:49 AM
20684A,N,O,04/04/2026 08:56:56 AM
20684B,N,O,04/04/2026 08:56:22 AM
20685A,N,O,04/04/2026 08:59:47 AM
20685B,N,V,04/04/2026 09:26:50 AM
20686A,N,O,04/04/2026 08:58:50 AM
20686B,N,O,04/04/2026 09:31:50 AM
20687A,N,O,04/04/2026 09:39:41 AM
20687B,N,V,04/04/2026 09:51:44 AM
20688A,N,O,04/04/2026 08:56:41 AM
20688B,N,O,04/04/2026 09:39:45 AM
20689A,N,O,04/04/2026 07:55:45 AM
2068A,N,V,04/04/2026 09:45:15 AM
2068B,N,O,04/04/2026 09:37:03 AM
20690A,N,O,04/04/2026 07:59:48 AM
20690B,N,O,04/04/2026 07:59:48 AM
20691A,N,O,04/03/2026 07:58:52 AM
20691B,N,O,04/04/2026 07:58:51 AM
20692A,N,O,04/04/2026 09:02:16 AM
20692B,N,O,04/04/2026 07:57:55 AM
20693B,N,O,04/04/2026 08:56:46 AM
20694A,N,V,04/04/2026 09:19:03 AM
20694B,N,O,04/04/2026 08:56:02 AM
20695A,N,V,04/04/2026 09:47:05 AM
20695B,N,O,04/04/2026 08:59:43 AM
20696A,N,O,04/04/2026 08:58:45 AM
20696B,N,O,04/04/2026 08:58:45 AM
20697A,N,O,04/04/2026 08:57:50 AM
20697B,N,O,04/04/2026 08:57:57 AM
20698A,N,O,04/04/2026 08:57:06 AM
20698B,N,O,04/04/2026 09:48:59 AM
2069A,N,O,04/04/2026 08:55:53 AM
2070A,N,O,04/04/2026 09:32:28 AM
2070B,N,V,04/04/2026 09:49:53 AM
2071A,N,O,04/04/2026 09:51:38 AM
2071B,N,V,04/04/2026 09:48:05 AM
2072A,N,O,04/04/2026 08:57:46 AM
2072B,N,V,04/04/2026 09:42:35 AM
2073A,N,O,04/04/2026 08:56:45 AM
2073B,N,O,04/04/2026 08:56:45 AM
20745A,N,O,04/04/2026 08:29:49 AM
20745B,N,V,04/04/2026 09:22:05 AM
20746A,N,V,04/04/2026 09:48:40 AM
20746B,N,O,04/04/2026 09:47:42 AM
20748A,N,O,04/04/2026 08:54:03 AM
20748B,N,O,04/04/2026 07:56:48 AM
20749A,N,V,04/04/2026 09:43:19 AM
20749B,N,O,04/04/2026 09:03:49 AM
2074A,N,V,04/04/2026 09:49:32 AM
20750A,N,O,04/04/2026 07:59:50 AM
20750B,N,O,04/03/2026 04:35:16 PM
20751A,N,O,04/03/2026 08:41:14 PM
20752A,N,O,04/03/2026 06:45:52 PM
20752B,N,O,04/03/2026 08:36:22 PM
20755A,N,O,04/03/2026 09:47:37 PM
20756A,N,O,04/03/2026 09:36:56 PM
20756B,N,O,04/03/2026 09:53:52 PM
20757A,N,O,04/03/2026 07:22:51 PM
20758A,N,O,04/03/2026 09:16:32 PM
20758B,N,V,04/03/2026 09:58:10 PM
20759A,N,O,04/03/2026 09:01:21 PM
20759B,N,O,04/03/2026 09:18:18 PM
2075A,N,V,04/04/2026 09:40:38 AM
2075B,N,O,04/04/2026 09:00:05 AM
20760A,N,O,04/03/2026 08:30:31 PM
20760B,N,O,04/03/2026 08:01:29 PM
20763A,N,O,04/03/2026 09:18:29 PM
20763B,N,O,04/03/2026 09:59:54 PM
20764A,N,O,04/03/2026 09:50:46 PM
20764B,N,O,04/03/2026 08:48:06 PM
20765A,N,O,04/03/2026 07:07:28 PM
20765B,N,O,04/03/2026 09:50:16 PM
20766A,N,O,04/03/2026 09:14:17 PM
20766B,N,O,04/03/2026 07:31:30 PM
20767A,N,O,04/03/2026 06:56:35 PM
20767B,N,V,04/03/2026 09:35:05 PM
20768A,N,O,04/03/2026 07:21:29 PM
20768B,N,O,04/03/2026 09:26:58 PM
20769A,N,O,04/03/2026 07:38:45 PM
20769B,N,O,04/03/2026 10:25:48 AM
2076A,N,O,04/04/2026 09:09:45 AM
2076B,N,O,04/04/2026 09:18:06 AM
20777A,N,O,04/03/2026 06:41:26 PM
20778A,N,O,04/03/2026 08:43:05 PM
20778B,N,O,04/03/2026 09:30:54 PM
20779A,N,V,04/03/2026 09:53:42 PM
20779B,N,O,04/03/2026 08:00:06 PM
2077A,N,O,04/04/2026 08:58:00 AM
2077B,N,O,04/04/2026 08:57:49 AM
20780A,N,O,04/03/2026 08:23:18 PM
20780B,N,O,04/03/2026 06:36:02 PM
20781A,N,O,04/03/2026 09:25:11 PM
20781B,N,O,04/03/2026 09:26:12 PM
20782A,N,O,04/03/2026 08:36:34 PM
20782B,N,O,04/03/2026 09:03:03 PM
20784A,N,O,04/03/2026 08:30:04 PM
20784B,N,O,04/03/2026 09:49:39 PM
20787A,N,O,04/04/2026 07:57:54 AM
20788A,N,O,04/04/2026 07:56:42 AM
20788B,N,O,04/04/2026 07:56:51 AM
20789A,N,O,10/19/2025 12:18:34 PM
20789B,N,O,09/24/2025 08:46:47 AM
20790A,N,O,04/04/2026 07:59:47 AM
20790B,N,O,04/04/2026 08:44:15 AM
20791A,N,O,04/04/2026 07:58:48 AM
20791B,N,O,04/04/2026 07:58:48 AM
20792A,N,O,04/04/2026 07:57:51 AM
20792B,N,O,04/04/2026 07:57:58 AM
20793A,N,O,04/04/2026 09:51:25 AM
20793B,N,O,04/04/2026 07:56:49 AM
20795B,N,O,04/04/2026 09:19:54 AM
20796A,N,O,04/04/2026 07:59:01 AM
20796B,N,O,04/04/2026 07:59:05 AM
207A,N,O,04/04/2026 09:48:43 AM
207B,N,O,04/04/2026 09:22:19 AM
20801B,N,V,04/04/2026 09:51:04 AM
20802A,N,V,04/04/2026 09:45:22 AM
20802B,N,O,04/04/2026 08:57:44 AM
20803A,N,V,04/04/2026 09:48:40 AM
20803B,N,O,04/04/2026 08:56:56 AM
20804A,N,O,04/04/2026 08:55:50 AM
20804B,N,O,04/04/2026 08:55:50 AM
20805A,N,O,04/04/2026 08:59:50 AM
20805B,N,O,04/04/2026 08:59:43 AM
20806A,N,V,04/04/2026 09:51:29 AM
20806B,N,O,04/04/2026 08:58:49 AM
20807A,N,O,04/03/2026 08:22:33 PM
20807B,N,O,04/03/2026 06:41:31 PM
20809A,N,O,04/03/2026 09:55:49 AM
20809B,N,O,04/03/2026 09:55:53 AM
20810A,N,O,04/03/2026 07:01:14 PM
20810B,N,O,04/03/2026 07:54:16 PM
20811A,N,O,04/03/2026 09:13:00 PM
20811B,N,O,04/03/2026 09:58:44 PM
20812A,N,O,04/03/2026 08:17:56 PM
20812B,N,O,04/03/2026 09:36:55 PM
20813A,N,O,04/03/2026 06:16:02 PM
20813B,N,O,04/03/2026 10:26:50 AM
20814A,N,O,04/03/2026 08:35:27 PM
20814B,N,V,04/03/2026 09:55:57 PM
20815A,N,O,04/03/2026 10:29:52 AM
20815B,N,O,04/03/2026 09:36:54 PM
20816B,N,O,04/03/2026 09:47:36 PM
20817B,N,O,04/04/2026 08:57:49 AM
20818A,N,O,04/04/2026 08:56:50 AM
20818B,N,O,04/04/2026 08:56:50 AM
20819A,N,O,04/04/2026 08:55:46 AM
20819B,N,O,04/04/2026 08:55:42 AM
20820A,N,O,04/04/2026 08:59:57 AM
20820B,N,O,04/04/2026 09:08:56 AM
20821A,N,V,04/04/2026 09:36:03 AM
20821B,N,V,04/04/2026 09:40:56 AM
20822A,N,V,04/04/2026 09:48:39 AM
20822B,N,V,04/04/2026 08:49:11 AM
20823A,N,O,04/03/2026 07:40:16 PM
20823B,N,O,04/03/2026 08:31:47 PM
20824A,N,O,04/03/2026 06:24:44 PM
20824B,N,V,04/03/2026 09:53:39 PM
20825A,N,O,04/04/2026 08:59:52 AM
20825B,N,V,04/04/2026 09:43:46 AM
20826A,N,O,04/04/2026 09:41:56 AM
20826B,N,O,04/04/2026 08:58:59 AM
20827A,N,O,04/04/2026 09:40:26 AM
20827B,N,O,04/04/2026 08:57:51 AM
20828A,N,V,04/04/2026 09:31:32 AM
20828B,N,O,04/04/2026 09:32:11 AM
20829B,N,O,04/04/2026 09:51:15 AM
20830A,N,O,04/04/2026 08:59:50 AM
20830B,N,O,04/04/2026 09:29:46 AM
20831A,N,O,04/03/2026 07:24:53 PM
20831B,N,O,04/04/2026 08:58:43 AM
20833A,N,O,04/04/2026 09:32:35 AM
20833B,N,V,04/04/2026 09:37:44 AM
20834A,N,V,04/04/2026 09:08:47 AM
20834B,N,V,04/04/2026 09:13:41 AM
20835A,N,V,04/04/2026 09:18:07 AM
20835B,N,V,04/04/2026 09:20:52 AM
20836A,N,V,04/04/2026 09:45:10 AM
20836B,N,V,04/04/2026 09:23:54 AM
20837A,N,O,04/04/2026 08:57:48 AM
20837B,N,V,04/03/2026 09:49:43 PM
20838A,N,O,04/04/2026 08:56:45 AM
20838B,N,O,04/04/2026 08:56:45 AM
20839A,N,O,04/04/2026 09:41:28 AM
20839B,N,O,04/04/2026 08:55:52 AM
2083A,N,O,04/03/2026 09:08:04 PM
2083B,N,O,04/03/2026 09:43:20 PM
20840A,NU,V,04/04/2026 09:35:15 AM
20840B,NU,V,04/04/2026 09:32:04 AM
20841A,N,V,04/04/2026 09:26:05 AM
20841B,N,V,04/04/2026 09:44:48 AM
20842A,N,V,04/04/2026 09:34:33 AM
20843A,N,O,04/04/2026 08:56:46 AM
20843B,N,V,04/04/2026 09:46:44 AM
20844A,N,V,04/04/2026 09:27:04 AM
20844B,N,O,04/03/2026 09:54:51 PM
20845A,N,O,04/04/2026 08:59:50 AM
20845B,N,O,04/03/2026 04:46:52 PM
20846A,N,O,04/04/2026 08:58:50 AM
2084A,N,O,04/03/2026 04:32:05 PM
2084B,N,O,04/03/2026 09:40:20 PM
20851A,N,O,04/04/2026 08:58:51 AM
20851B,N,O,04/04/2026 08:58:44 AM
20852A,N,V,04/04/2026 09:31:58 AM
20852B,N,V,04/04/2026 09:11:51 AM
20853A,N,V,04/04/2026 09:48:50 AM
20853B,N,V,04/03/2026 09:58:46 PM
20854A,N,O,04/04/2026 08:55:53 AM
20854B,N,O,04/04/2026 09:51:30 AM
20855A,N,O,04/03/2026 08:59:46 AM
20855B,N,O,04/04/2026 08:59:49 AM
20856A,N,O,04/04/2026 08:58:45 AM
20856B,N,O,04/04/2026 08:58:45 AM
20857A,N,O,04/04/2026 08:57:42 AM
20857B,N,O,04/03/2026 08:51:18 PM
20858A,N,O,04/04/2026 08:56:50 AM
20858B,N,V,04/04/2026 09:39:43 AM
20859A,N,V,04/04/2026 09:08:25 AM
20859B,N,O,04/04/2026 08:55:50 AM
20860B,N,O,04/04/2026 09:51:27 AM
20861A,N,O,04/04/2026 08:58:49 AM
20861B,N,O,04/04/2026 08:58:49 AM
20862A,N,O,04/04/2026 08:57:56 AM
20862B,N,O,04/04/2026 08:57:56 AM
20863A,N,O,04/04/2026 08:56:54 AM
20863B,N,O,04/04/2026 08:56:47 AM
20864A,N,O,04/04/2026 08:55:45 AM
20864B,N,O,04/04/2026 08:55:45 AM
20865A,N,O,04/04/2026 08:59:48 AM
20865B,N,O,04/03/2026 09:52:48 PM
20866A,N,O,04/04/2026 08:58:48 AM
20866B,N,O,04/04/2026 08:58:48 AM
20867A,N,O,04/04/2026 09:50:44 AM
20867B,N,O,04/04/2026 08:57:44 AM
20868A,N,O,04/04/2026 08:56:52 AM
20868B,N,V,04/04/2026 09:51:22 AM
20869A,N,O,04/04/2026 08:55:45 AM
20869B,N,V,04/04/2026 09:48:24 AM
2086A,N,O,04/04/2026 09:27:44 AM
20870B,N,O,04/04/2026 08:59:48 AM
20871A,N,O,04/04/2026 08:58:50 AM
20871B,N,V,04/04/2026 09:43:27 AM
20872A,N,O,04/04/2026 09:43:21 AM
20872B,N,O,04/04/2026 08:57:51 AM
20873A,N,O,04/04/2026 09:39:34 AM
20873B,N,V,04/04/2026 09:33:20 AM
20874A,N,O,04/04/2026 08:55:52 AM
20876A,N,O,04/03/2026 07:19:08 PM
20876B,N,O,04/04/2026 08:58:39 AM
20877A,N,O,04/04/2026 08:57:51 AM
20877B,N,O,04/04/2026 08:57:51 AM
20878A,N,O,04/04/2026 08:57:14 AM
20878B,N,O,04/04/2026 08:56:45 AM
20879A,N,O,04/04/2026 09:32:47 AM
20879B,N,V,04/04/2026 09:40:29 AM
2087A,N,O,04/04/2026 09:47:09 AM
20880A,N,O,04/04/2026 09:34:44 AM
20880B,N,O,04/04/2026 08:59:48 AM
20882A,N,O,04/04/2026 08:57:47 AM
20882B,N,O,04/04/2026 08:57:47 AM
20883A,N,O,04/04/2026 08:56:47 AM
20883B,N,O,04/04/2026 08:56:43 AM
20884A,N,V,04/04/2026 09:39:01 AM
20885A,N,O,04/04/2026 09:30:48 AM
20885B,N,O,04/04/2026 08:59:44 AM
20886A,N,O,04/04/2026 08:58:53 AM
20886B,N,O,04/04/2026 08:58:49 AM
20887A,N,O,04/04/2026 09:38:25 AM
20887B,N,O,04/03/2026 08:41:39 PM
20888A,N,O,04/03/2026 08:25:47 PM
20888B,N,O,04/04/2026 08:56:45 AM
20889A,N,O,04/04/2026 08:55:52 AM
20889B,N,O,04/03/2026 08:55:56 AM
2088A,N,O,04/04/2026 09:43:58 AM
2089A,N,O,04/04/2026 08:55:49 AM
2089B,N,O,04/04/2026 09:48:46 AM
208A,N,V,04/04/2026 09:51:41 AM
208B,N,O,04/04/2026 09:42:36 AM
20907A,N,O,04/04/2026 08:57:46 AM
20907B,N,V,04/03/2026 09:33:57 PM
20908A,N,V,04/04/2026 09:17:11 AM
20908B,N,V,04/04/2026 09:24:55 AM
20909A,N,V,04/04/2026 09:34:16 AM
20909B,N,O,04/04/2026 09:28:44 AM
2090A,N,V,04/04/2026 09:21:39 AM
2090B,N,O,04/04/2026 08:59:46 AM
20910B,N,V,04/04/2026 09:32:58 AM
20919A,N,O,04/04/2026 08:55:50 AM
2091A,N,V,04/03/2026 09:24:30 PM
2091B,N,O,04/04/2026 08:58:51 AM
20920A,N,O,04/03/2026 05:26:18 PM
20920B,N,O,04/04/2026 08:59:45 AM
20921A,N,O,04/04/2026 08:58:44 AM
20921B,N,O,04/03/2026 08:22:04 PM
20922A,N,O,04/04/2026 08:57:49 AM
20922B,N,O,04/04/2026 08:57:45 AM
20923A,N,O,04/04/2026 08:56:48 AM
20923B,N,V,04/03/2026 04:13:03 PM
2092A,N,O,04/04/2026 09:10:59 AM
2092B,N,O,04/04/2026 08:57:53 AM
20931A,N,O,04/03/2026 09:59:55 PM
20931B,N,V,04/03/2026 09:09:14 PM
20932A,N,O,04/04/2026 08:57:46 AM
20932B,N,O,04/04/2026 08:57:50 AM
20934A,N,V,04/04/2026 08:58:22 AM
20934B,N,O,04/04/2026 08:55:46 AM
20935A,N,O,04/04/2026 08:59:53 AM
20935B,N,O,04/04/2026 09:01:42 AM
20936A,N,O,10/13/2025 09:42:41 AM
20937A,N,O,04/04/2026 07:57:57 AM
20937B,N,O,04/04/2026 07:58:05 AM
20938A,N,O,04/04/2026 07:56:48 AM
20938B,N,O,04/04/2026 07:56:56 AM
20939A,N,O,04/04/2026 07:55:44 AM
20940B,N,O,04/04/2026 07:59:49 AM
20941A,N,O,04/04/2026 07:58:48 AM
20941B,N,O,04/04/2026 07:58:59 AM
20942A,N,O,04/04/2026 07:57:53 AM
20942B,N,O,04/03/2026 03:36:12 PM
20943A,N,O,04/04/2026 07:57:12 AM
20943B,N,O,04/04/2026 07:56:43 AM
20944A,N,O,04/03/2026 07:55:51 AM
20944B,N,O,04/04/2026 07:55:49 AM
20957A,N,O,04/04/2026 09:42:08 AM
20958A,N,O,04/04/2026 08:56:55 AM
20958B,N,O,04/04/2026 08:56:44 AM
20959A,N,O,04/04/2026 09:36:18 AM
20959B,N,O,04/04/2026 08:55:52 AM
20960A,N,O,04/04/2026 09:38:40 AM
20960B,N,O,04/04/2026 09:05:03 AM
20961A,N,O,04/04/2026 08:58:47 AM
20961B,N,O,04/04/2026 09:26:54 AM
20962A,N,O,04/04/2026 08:57:54 AM
20962B,N,O,04/04/2026 09:51:36 AM
20963A,N,O,04/04/2026 08:56:51 AM
20963B,N,O,04/04/2026 09:15:16 AM
20964A,N,O,04/04/2026 09:18:13 AM
20966A,N,O,04/04/2026 09:25:13 AM
20966B,N,O,04/04/2026 09:37:38 AM
20967A,N,O,04/04/2026 08:57:52 AM
20967B,N,O,04/03/2026 12:04:19 PM
20968B,N,O,04/04/2026 08:56:47 AM
20969A,N,O,04/04/2026 08:55:47 AM
20969B,N,O,04/04/2026 08:55:50 AM
20970A,N,O,04/04/2026 09:39:04 AM
20971A,N,O,04/04/2026 09:02:32 AM
20971B,N,O,04/04/2026 08:58:45 AM
20972A,N,V,04/04/2026 09:44:52 AM
20972B,N,V,04/04/2026 09:45:09 AM
20973A,N,O,04/04/2026 09:21:42 AM
20973B,N,V,04/04/2026 09:35:03 AM
20974A,N,O,04/04/2026 09:51:39 AM
20974B,N,V,04/04/2026 09:41:58 AM
20975A,N,O,04/04/2026 09:49:20 AM
20975B,N,O,04/04/2026 08:59:48 AM
20976A,N,O,04/04/2026 08:58:59 AM
20976B,N,O,04/04/2026 09:43:36 AM
20977A,N,O,04/04/2026 09:48:31 AM
20977B,N,O,04/04/2026 08:57:43 AM
20978A,N,O,04/04/2026 08:56:48 AM
20978B,N,O,04/04/2026 08:56:41 AM
20979A,N,O,04/04/2026 08:55:55 AM
20979B,N,O,04/04/2026 08:56:02 AM
2097B,N,O,04/03/2026 09:17:44 PM
20980A,N,O,04/04/2026 08:59:50 AM
20980B,N,O,04/04/2026 08:59:50 AM
20981B,N,O,04/04/2026 08:58:43 AM
20982A,N,O,04/03/2026 01:23:22 PM
20982B,N,O,04/04/2026 08:57:46 AM
20983A,NU,O,04/03/2026 02:25:47 PM
20983B,NU,V,04/03/2026 08:00:39 PM
20988A,N,O,04/04/2026 09:04:35 AM
20989A,N,V,04/04/2026 09:05:03 AM
20989B,N,O,04/04/2026 08:55:52 AM
2098A,N,O,04/03/2026 04:12:07 PM
2098B,N,O,04/03/2026 11:43:40 AM
20990A,N,O,04/04/2026 09:30:15 AM
20990B,N,V,04/04/2026 09:27:47 AM
2099A,N,O,04/03/2026 04:19:23 PM
2099B,N,O,04/03/2026 09:05:08 PM
20A,N,V,04/04/2026 09:31:06 AM
20B,N,O,04/04/2026 09:50:42 AM
21001A,N,O,04/04/2026 06:58:46 AM
21001B,N,O,04/04/2026 08:56:28 AM
21002A,N,O,04/04/2026 09:34:48 AM
21002B,N,O,04/04/2026 06:57:52 AM
21003A,N,O,04/04/2026 08:55:46 AM
21003B,N,O,04/04/2026 08:04:23 AM
21004A,N,O,04/04/2026 08:23:16 AM
21004B,N,O,04/04/2026 06:55:44 AM
21005A,N,V,04/04/2026 09:38:26 AM
21005B,N,V,04/04/2026 08:23:10 AM
21006A,N,O,04/04/2026 06:58:46 AM
21006B,N,V,04/04/2026 09:19:08 AM
21007A,N,V,04/04/2026 07:32:33 AM
21007B,N,V,04/04/2026 09:33:58 AM
21008A,N,V,04/04/2026 09:48:57 AM
21008B,N,V,04/04/2026 09:13:24 AM
21009B,N,O,04/04/2026 06:56:09 AM
2100A,N,O,04/03/2026 12:25:19 PM
2100B,N,O,04/03/2026 10:30:43 AM
21010B,N,O,04/04/2026 09:01:09 AM
21011A,N,O,04/04/2026 09:49:39 AM
21011B,N,O,04/04/2026 09:20:42 AM
21012A,N,O,04/04/2026 06:57:54 AM
21012B,N,O,04/04/2026 06:57:47 AM
21013A,N,O,04/04/2026 06:56:50 AM
21013B,N,V,04/04/2026 09:50:56 AM
21014A,N,V,04/04/2026 07:50:58 AM
21014B,N,V,04/04/2026 09:12:30 AM
21015A,N,O,04/04/2026 07:55:24 AM
21015B,N,V,04/04/2026 08:56:08 AM
21016A,N,V,04/04/2026 09:35:21 AM
21016B,N,V,04/04/2026 09:35:21 AM
21017A,N,O,04/04/2026 08:51:54 AM
21017B,N,V,04/04/2026 09:27:58 AM
21018A,N,V,04/04/2026 09:31:03 AM
21018B,N,O,04/04/2026 09:48:27 AM
21019A,N,V,04/04/2026 09:09:33 AM
21019B,N,O,04/04/2026 09:47:34 AM
2101A,N,O,04/03/2026 10:29:52 AM
2101B,N,O,04/03/2026 04:45:30 PM
21020A,N,O,04/04/2026 06:59:58 AM
21020B,N,V,04/04/2026 08:47:15 AM
21021B,N,O,04/04/2026 09:09:58 AM
21022A,N,O,04/04/2026 08:57:49 AM
21022B,N,O,04/04/2026 09:48:39 AM
21023A,N,O,04/04/2026 09:34:25 AM
21023B,N,O,04/04/2026 09:48:06 AM
21024A,N,O,04/04/2026 08:55:48 AM
21024B,N,O,04/04/2026 08:55:48 AM
2102A,N,O,04/03/2026 05:01:37 PM
2102B,N,O,04/03/2026 03:46:26 PM
21031A,N,O,04/04/2026 07:07:19 AM
21032A,N,O,04/04/2026 09:49:42 AM
21032B,N,V,04/04/2026 09:50:04 AM
21033A,N,O,04/04/2026 09:39:25 AM
21033B,N,O,04/04/2026 09:29:57 AM
21035A,N,V,04/04/2026 09:50:40 AM
21035B,N,V,04/04/2026 09:48:56 AM
21036A,N,O,04/04/2026 09:38:25 AM
21036B,N,V,04/04/2026 09:28:58 AM
21037A,N,O,04/04/2026 09:21:33 AM
21037B,N,O,04/04/2026 09:06:35 AM
21038A,N,O,04/04/2026 09:12:48 AM
21038B,N,V,04/04/2026 09:41:34 AM
21039A,N,V,04/04/2026 09:22:41 AM
21039B,N,V,04/04/2026 09:51:42 AM
21040A,N,V,04/04/2026 08:54:52 AM
21040B,N,O,04/04/2026 08:18:55 AM
21041A,N,V,04/04/2026 08:33:21 AM
21041B,N,O,04/04/2026 07:16:00 AM
21042A,N,V,04/04/2026 09:16:46 AM
21042B,N,V,04/04/2026 09:11:49 AM
21043A,N,V,04/04/2026 09:42:03 AM
21043B,N,O,04/04/2026 06:56:46 AM
21044A,N,O,04/04/2026 09:19:34 AM
21044B,N,V,04/04/2026 09:34:04 AM
21045A,N,V,04/04/2026 09:23:51 AM
21045B,N,O,04/04/2026 09:20:43 AM
21046A,N,O,04/04/2026 06:58:47 AM
21046B,N,V,04/04/2026 09:51:43 AM
21050B,N,O,04/04/2026 09:30:43 AM
21051A,N,O,04/04/2026 08:58:48 AM
21051B,N,O,04/04/2026 08:58:48 AM
21052A,N,V,04/04/2026 08:59:12 AM
21052B,N,V,04/04/2026 09:01:56 AM
21053A,N,V,04/04/2026 09:32:39 AM
21053B,N,V,04/04/2026 09:06:55 AM
21054A,N,O,04/04/2026 08:55:42 AM
21054B,N,O,04/04/2026 09:14:47 AM
21055A,N,V,04/04/2026 09:49:20 AM
21055B,N,V,04/04/2026 09:26:42 AM
21056A,N,V,04/04/2026 09:25:36 AM
21056B,N,O,04/04/2026 09:28:19 AM
21057B,N,O,04/04/2026 09:51:00 AM
21058A,N,V,04/04/2026 09:50:22 AM
21058B,N,O,04/04/2026 08:56:45 AM
21059A,N,O,04/04/2026 08:55:46 AM
21059B,N,V,04/04/2026 09:45:15 AM
21070A,N,O,04/03/2026 09:23:22 PM
21070B,N,O,04/03/2026 10:56:02 AM
21071A,N,O,04/04/2026 08:48:24 AM
21071B,N,O,04/04/2026 09:19:22 AM
21072A,N,V,04/04/2026 09:32:51 AM
21072B,N,V,04/03/2026 04:22:32 PM
21073A,N,V,04/04/2026 09:39:50 AM
21073B,N,V,04/04/2026 08:33:10 AM
21074A,N,V,04/04/2026 09:41:48 AM
21074B,N,V,04/04/2026 08:07:36 AM
21075A,N,V,04/04/2026 09:34:55 AM
21075B,N,O,03/28/2026 09:29:57 AM
21076A,N,O,04/04/2026 08:28:16 AM
21076B,N,V,04/04/2026 09:31:58 AM
21077A,N,V,04/03/2026 02:55:41 PM
21077B,N,V,04/03/2026 02:55:41 PM
21078A,N,V,04/04/2026 08:52:49 AM
21078B,N,O,04/04/2026 06:56:50 AM
21079A,N,O,04/04/2026 06:55:48 AM
21079B,N,V,04/04/2026 08:54:07 AM
21080A,N,V,04/03/2026 05:39:08 PM
21080B,N,V,04/04/2026 08:18:51 AM
21081A,N,O,04/04/2026 06:58:55 AM
21081B,N,O,04/03/2026 12:37:20 PM
21082A,N,O,04/04/2026 06:57:45 AM
21082B,N,V,04/03/2026 07:48:04 PM
21083A,N,O,04/04/2026 06:56:47 AM
21083B,N,V,04/04/2026 08:38:24 AM
21084A,N,O,04/04/2026 06:55:42 AM
21084B,N,V,04/04/2026 09:32:19 AM
21085A,N,V,04/04/2026 08:39:29 AM
21085B,N,V,04/04/2026 09:47:21 AM
21086A,N,V,04/04/2026 07:42:23 AM
21086B,N,O,04/04/2026 09:26:02 AM
21087A,N,V,04/03/2026 07:30:02 PM
21087B,N,V,04/03/2026 05:38:26 PM
21088A,N,V,04/03/2026 06:07:19 PM
21088B,N,O,04/03/2026 07:42:14 PM
21089A,N,V,04/03/2026 06:53:39 PM
21089B,N,V,04/03/2026 04:10:53 PM
21090A,N,V,04/03/2026 06:19:38 PM
21090B,N,O,04/03/2026 06:22:44 PM
21091A,N,V,04/03/2026 12:54:11 PM
21091B,N,V,04/03/2026 09:09:28 AM
21092A,N,V,04/03/2026 07:56:51 PM
21092B,N,V,04/03/2026 07:39:43 PM
21093A,N,O,04/03/2026 05:54:26 PM
21093B,N,V,04/03/2026 12:26:43 PM
21094A,N,O,04/03/2026 07:29:48 PM
21094B,N,V,04/03/2026 06:14:54 PM
21095A,N,O,04/04/2026 09:37:48 AM
21095B,N,V,04/02/2026 07:42:39 PM
21096A,N,O,04/03/2026 07:49:54 PM
21096B,N,V,04/03/2026 06:47:48 PM
21097A,N,O,04/03/2026 07:52:23 PM
21097B,N,V,04/03/2026 06:35:55 PM
21098A,N,V,04/04/2026 08:35:35 AM
21098B,N,V,04/01/2026 05:09:04 PM
21099A,N,V,04/03/2026 07:16:26 PM
21099B,N,V,04/03/2026 05:53:45 PM
2109A,N,O,04/03/2026 03:18:41 PM
2109B,N,O,04/03/2026 09:59:11 PM
210A,N,O,04/04/2026 08:59:49 AM
21100A,N,O,04/04/2026 08:29:05 AM
21100B,N,O,04/03/2026 06:07:04 PM
21101A,N,O,04/04/2026 09:38:41 AM
21101B,N,V,04/03/2026 05:36:47 PM
21102A,N,V,04/03/2026 04:19:31 PM
21102B,N,O,04/03/2026 07:20:08 PM
21103A,N,V,04/03/2026 07:09:26 PM
21103B,N,V,04/03/2026 03:31:21 PM
21104A,N,V,04/04/2026 09:48:28 AM
21104B,N,O,04/04/2026 09:40:07 AM
21105A,N,V,04/03/2026 07:00:15 PM
21105B,N,V,04/03/2026 05:06:45 PM
21106A,N,V,04/03/2026 05:43:40 PM
21106B,N,V,04/03/2026 03:10:06 PM
21107A,N,V,04/03/2026 06:31:25 PM
21107B,N,V,04/03/2026 06:31:35 PM
21108A,N,V,04/03/2026 06:30:45 PM
21108B,N,V,04/04/2026 08:49:29 AM
21109A,N,V,04/03/2026 10:09:14 AM
21109B,N,V,04/04/2026 07:51:10 AM
2110A,N,O,04/03/2026 08:40:25 PM
2110B,N,O,04/03/2026 08:40:18 PM
2119A,N,V,04/03/2026 06:38:12 PM
2119B,N,O,04/03/2026 09:38:17 PM
211A,N,O,04/04/2026 09:37:40 AM
211B,N,O,04/04/2026 09:43:13 AM
2120A,N,O,04/03/2026 06:37:10 PM
2120B,N,O,04/03/2026 06:08:29 PM
212A,N,O,04/04/2026 09:33:16 AM
212B,N,O,04/04/2026 09:32:29 AM
2132A,N,V,04/03/2026 09:56:16 PM
2132B,N,V,04/03/2026 09:40:42 PM
2133A,N,O,04/03/2026 08:45:27 PM
2133B,N,O,04/03/2026 09:58:31 PM
213A,N,O,04/04/2026 08:56:52 AM
213B,N,O,04/04/2026 08:56:48 AM
2148A,N,O,04/03/2026 08:36:29 PM
2148B,N,O,04/03/2026 09:58:03 PM
2149A,N,O,04/03/2026 05:57:03 PM
2149B,N,O,04/03/2026 09:46:38 PM
214B,N,V,04/04/2026 09:47:34 AM
2150A,N,O,04/03/2026 08:48:47 PM
2150B,N,O,04/03/2026 04:59:19 PM
21523A,N,O,04/04/2026 09:33:15 AM
21524A,N,O,04/04/2026 06:55:48 AM
21524B,N,O,04/04/2026 08:47:54 AM
21525A,N,O,04/04/2026 09:41:43 AM
21526A,N,O,04/04/2026 09:20:41 AM
21526B,N,O,04/04/2026 08:31:38 AM
21527A,N,O,04/04/2026 09:48:54 AM
21527B,N,O,04/04/2026 08:41:55 AM
21528A,N,O,04/04/2026 08:08:57 AM
21528B,N,O,04/04/2026 09:44:22 AM
21529A,N,O,04/04/2026 09:04:08 AM
21529B,N,O,04/04/2026 08:18:47 AM
21530A,N,O,04/04/2026 09:30:40 AM
21530B,N,O,04/04/2026 06:59:46 AM
21531A,N,O,04/04/2026 08:27:50 AM
21532A,N,O,04/04/2026 09:00:50 AM
21532B,N,O,04/04/2026 09:44:19 AM
21533A,N,O,04/04/2026 09:09:05 AM
21534A,N,O,04/04/2026 06:56:02 AM
21534B,N,O,04/04/2026 09:43:53 AM
21535B,N,O,04/04/2026 09:30:31 AM
21536A,N,O,04/04/2026 09:51:35 AM
21536B,N,O,04/04/2026 09:23:04 AM
21537A,N,O,04/04/2026 09:13:07 AM
21537B,N,O,04/04/2026 09:24:03 AM
21538A,N,O,04/04/2026 09:17:09 AM
21538B,N,O,04/04/2026 09:31:35 AM
21539A,N,O,04/04/2026 09:49:23 AM
21539B,N,O,04/04/2026 09:43:17 AM
21540A,N,V,04/04/2026 09:34:03 AM
21540B,N,O,04/04/2026 09:42:58 AM
21541A,N,O,04/04/2026 09:50:31 AM
21541B,N,O,04/04/2026 09:15:37 AM
21542A,N,O,04/04/2026 08:03:44 AM
21542B,N,O,04/04/2026 09:30:39 AM
21543A,N,O,04/04/2026 09:46:39 AM
21544A,N,O,04/04/2026 09:06:57 AM
21544B,N,O,04/04/2026 09:39:46 AM
21545A,N,O,04/04/2026 06:59:57 AM
21545B,N,O,04/04/2026 09:30:55 AM
21546A,N,V,04/04/2026 09:38:30 AM
21546B,N,O,04/04/2026 07:44:52 AM
21547A,N,V,04/04/2026 09:43:30 AM
21547B,N,O,04/04/2026 08:38:45 AM
21548A,N,V,04/04/2026 09:47:50 AM
21548B,N,O,04/04/2026 09:08:33 AM
21549A,N,O,04/03/2026 07:59:52 PM
21549B,N,V,04/04/2026 09:51:21 AM
21550A,N,V,04/04/2026 09:13:42 AM
21550B,N,O,04/04/2026 09:49:00 AM
21551A,N,V,04/04/2026 08:58:48 AM
21551B,N,O,04/04/2026 09:41:07 AM
21552A,N,V,04/04/2026 09:22:17 AM
21552B,N,V,04/04/2026 09:11:43 AM
21553A,N,V,04/04/2026 09:49:15 AM
21553B,N,V,04/04/2026 08:36:40 AM
21554A,N,V,04/04/2026 09:04:50 AM
21554B,N,O,04/04/2026 09:32:08 AM
21555A,N,V,04/04/2026 09:11:07 AM
21555B,N,V,04/04/2026 07:57:36 AM
21556A,N,O,04/04/2026 09:06:15 AM
21556B,N,V,04/04/2026 08:15:17 AM
21557A,N,V,04/04/2026 08:01:56 AM
21557B,N,V,04/04/2026 09:36:39 AM
21558A,N,O,04/04/2026 06:56:48 AM
21558B,N,V,04/04/2026 09:38:23 AM
21559A,N,V,04/04/2026 09:09:58 AM
21559B,N,O,04/04/2026 07:58:35 AM
21560A,N,O,04/04/2026 08:40:46 AM
21560B,N,V,04/04/2026 09:14:37 AM
21561A,N,O,04/04/2026 09:47:55 AM
21561B,N,O,04/04/2026 08:53:26 AM
21562A,N,O,04/04/2026 09:13:33 AM
21562B,N,O,04/04/2026 09:27:24 AM
21563A,N,V,04/04/2026 09:12:07 AM
21563B,N,V,04/04/2026 09:07:55 AM
21564A,N,V,04/04/2026 09:10:18 AM
21564B,N,V,04/04/2026 09:02:52 AM
21565A,N,O,04/04/2026 09:05:50 AM
21565B,N,V,04/04/2026 08:19:33 AM
21566A,N,V,04/04/2026 09:18:42 AM
21566B,N,O,04/03/2026 06:15:02 PM
21567A,N,O,04/04/2026 08:32:32 AM
21568B,N,O,04/04/2026 07:56:49 AM
21573B,N,O,04/04/2026 09:06:52 AM
21574A,N,O,04/04/2026 06:55:46 AM
21574B,N,O,04/04/2026 06:55:50 AM
21575A,N,O,04/04/2026 09:40:41 AM
21575B,N,O,04/04/2026 09:40:04 AM
21589A,N,O,04/04/2026 06:55:49 AM
21589B,N,O,04/04/2026 06:55:49 AM
21590A,NU,O,05/28/2025 06:59:42 AM
21590B,NU,O,05/28/2025 09:25:12 AM
21591A,NU,O,05/28/2025 06:58:52 AM
21591B,NU,O,05/28/2025 07:54:35 AM
21592B,NU,O,05/28/2025 08:01:04 AM
21593A,N,V,04/03/2026 02:39:00 PM
21593B,N,V,04/03/2026 02:37:55 PM
21594A,N,V,04/04/2026 08:55:34 AM
21594B,N,V,04/04/2026 09:51:20 AM
21595A,N,V,04/03/2026 04:18:17 PM
21595B,N,V,04/04/2026 08:35:37 AM
21596A,N,V,04/03/2026 05:35:00 PM
21596B,N,V,04/04/2026 08:36:32 AM
21597A,N,V,04/04/2026 09:38:27 AM
21597B,N,O,04/04/2026 09:51:22 AM
21598A,N,V,03/31/2026 01:02:34 PM
21598B,N,V,04/02/2026 03:00:42 PM
21599A,N,O,04/02/2026 03:01:27 PM
21599B,N,V,04/02/2026 03:04:04 PM
215A,N,O,04/04/2026 08:59:49 AM
215B,N,V,04/03/2026 10:26:30 AM
21600A,N,V,04/02/2026 11:14:37 AM
21600B,N,V,04/02/2026 11:14:59 AM
21601A,N,O,04/04/2026 06:58:46 AM
21601B,N,O,04/04/2026 06:58:46 AM
21602A,N,O,04/03/2026 06:57:44 AM
21602B,N,O,04/04/2026 06:57:43 AM
21603A,N,O,04/04/2026 06:56:45 AM
21603B,N,O,04/04/2026 06:56:45 AM
21604A,NU,O,04/03/2026 06:55:47 AM
21604B,NU,V,04/03/2026 07:52:12 PM
21605A,N,O,04/04/2026 06:59:53 AM
21605B,N,O,04/04/2026 06:59:56 AM
21606A,N,O,04/04/2026 09:33:18 AM
21606B,N,O,04/04/2026 09:33:14 AM
21607A,N,V,04/03/2026 05:00:22 PM
21608A,N,V,04/03/2026 04:49:58 PM
21608B,N,O,04/04/2026 09:45:42 AM
21609A,N,V,04/02/2026 03:44:47 PM
21609B,N,V,04/03/2026 04:49:48 PM
2160A,N,V,04/03/2026 09:59:25 PM
2160B,N,V,04/03/2026 09:58:54 PM
21610A,N,V,04/02/2026 11:57:35 AM
21610B,N,O,04/04/2026 09:50:50 AM
21611A,N,O,04/04/2026 06:58:48 AM
21611B,N,O,04/02/2026 04:33:33 PM
21612A,N,V,03/30/2026 11:25:29 AM
21612B,N,V,04/03/2026 02:16:22 PM
21613A,N,V,03/29/2026 02:18:12 PM
21614A,N,V,04/03/2026 04:13:25 PM
21614B,N,V,04/03/2026 03:59:40 PM
21615A,N,V,04/03/2026 04:13:39 PM
21615B,N,V,04/03/2026 03:48:44 PM
21616A,N,V,04/03/2026 05:25:10 PM
21616B,N,V,04/03/2026 05:23:51 PM
21617A,N,V,04/03/2026 02:14:26 PM
21617B,N,O,04/04/2026 09:50:49 AM
21618A,N,V,04/03/2026 04:05:38 PM
21618B,N,V,04/03/2026 02:14:46 PM
21619A,N,V,04/03/2026 04:28:23 PM
21619B,N,V,04/02/2026 11:26:33 AM
2161A,N,V,04/03/2026 09:02:52 PM
2161B,N,O,04/03/2026 09:46:59 PM
21620A,N,V,04/04/2026 09:40:14 AM
21621A,N,V,04/03/2026 07:57:45 PM
21621B,N,V,04/03/2026 05:19:47 PM
21622A,N,V,04/03/2026 07:17:40 PM
21622B,N,V,04/03/2026 07:28:49 PM
21623A,N,V,04/04/2026 09:32:27 AM
21623B,N,V,04/04/2026 09:32:27 AM
21624A,N,V,04/04/2026 09:41:38 AM
21624B,N,O,04/04/2026 09:36:08 AM
21625A,N,V,04/03/2026 05:59:03 PM
21625B,N,V,04/03/2026 04:43:46 PM
21626A,N,O,04/04/2026 09:27:14 AM
21626B,N,V,04/03/2026 04:18:10 PM
21627B,N,V,04/03/2026 05:55:52 PM
2162B,N,O,04/03/2026 08:02:32 PM
21630A,N,O,04/04/2026 09:27:37 AM
21630B,N,O,04/04/2026 09:47:23 AM
21631A,N,O,04/04/2026 09:45:43 AM
21631B,N,O,04/04/2026 09:35:55 AM
21632B,N,O,04/04/2026 08:50:17 AM
21640A,NU,V,02/14/2026 02:07:07 PM
21640B,NU,V,02/16/2026 11:03:29 AM
21641A,NU,V,02/16/2026 10:23:38 AM
21641B,NU,V,02/15/2026 12:02:37 PM
21642A,NU,O,02/16/2026 06:57:54 AM
21642B,NU,V,02/14/2026 02:33:33 PM
21643A,NU,V,02/16/2026 11:26:23 AM
21643B,NU,V,02/16/2026 12:24:46 PM
21644A,NU,V,02/16/2026 12:23:49 PM
21645A,NU,O,02/16/2026 12:19:04 PM
21645B,NU,O,02/16/2026 12:23:44 PM
21646A,NU,V,02/16/2026 11:32:41 AM
21646B,NU,V,02/16/2026 12:22:17 PM
21647A,NU,V,02/16/2026 11:06:46 AM
21647B,NU,V,02/14/2026 03:14:21 PM
21648A,NU,O,02/09/2026 02:09:45 PM
21648B,NU,V,02/09/2026 02:09:45 PM
21649B,NU,V,02/16/2026 12:20:25 PM
2164A,N,O,04/03/2026 10:26:15 AM
2164B,N,O,04/03/2026 03:01:46 PM
21650B,NU,V,02/15/2026 07:56:51 PM
21651A,NU,O,02/16/2026 12:17:32 PM
21651B,NU,V,02/15/2026 06:40:56 PM
21652A,NU,V,02/14/2026 03:28:35 PM
21652B,NU,V,02/16/2026 12:14:31 PM
21653A,NU,O,02/16/2026 12:16:18 PM
21653B,NU,V,02/16/2026 10:09:22 AM
21654A,NU,O,02/16/2026 12:15:15 PM
21654B,NU,V,02/15/2026 03:34:35 PM
21655A,NU,V,02/16/2026 11:39:24 AM
21655B,NU,V,02/16/2026 11:16:16 AM
21656A,NU,V,02/14/2026 03:26:49 PM
21656B,NU,O,02/16/2026 09:48:11 AM
21657B,NU,V,02/16/2026 12:09:22 PM
21658A,NU,O,02/16/2026 06:56:45 AM
21658B,NU,O,02/16/2026 06:56:45 AM
21659A,NU,O,02/16/2026 12:06:19 PM
21659B,NU,O,02/16/2026 12:07:09 PM
2165A,N,O,04/03/2026 09:56:18 PM
2165B,N,O,04/03/2026 08:51:06 PM
21660A,NU,O,02/16/2026 06:59:45 AM
21660B,NU,O,02/16/2026 06:59:45 AM
21661A,NU,O,02/16/2026 06:58:50 AM
2166A,N,O,04/03/2026 09:15:49 PM
2166B,N,O,04/03/2026 10:28:45 AM
2167A,N,O,04/03/2026 09:08:15 PM
2167B,N,O,04/03/2026 07:38:45 PM
216A,N,O,04/04/2026 09:49:41 AM
216B,N,O,04/04/2026 09:51:09 AM
21700A,N,O,04/04/2026 09:45:46 AM
21700B,N,O,04/04/2026 09:22:00 AM
21701A,N,O,04/04/2026 09:40:51 AM
21701B,N,O,04/04/2026 09:51:14 AM
21702A,N,O,04/04/2026 07:58:17 AM
21702B,N,O,04/04/2026 07:58:27 AM
21703A,N,O,04/04/2026 08:59:49 AM
21703B,N,V,04/04/2026 09:51:38 AM
217A,N,O,04/04/2026 08:57:45 AM
217B,N,V,04/03/2026 12:47:53 PM
218A,N,O,04/04/2026 08:56:49 AM
218B,N,O,04/04/2026 08:56:49 AM
21A,N,O,04/04/2026 08:58:48 AM
21B,N,O,04/04/2026 08:58:48 AM
22001A,N,O,04/03/2026 09:57:09 PM
22001B,N,O,04/03/2026 09:21:52 PM
22002A,N,O,04/03/2026 06:00:49 PM
22002B,N,O,04/03/2026 05:57:38 PM
22003A,N,O,04/03/2026 06:42:54 PM
22003B,N,O,04/03/2026 09:58:10 PM
22004A,N,O,04/03/2026 10:26:07 AM
22004B,N,O,04/03/2026 09:59:50 PM
22005A,N,O,04/03/2026 09:59:44 PM
22006A,N,O,04/04/2026 08:58:52 AM
22006B,N,O,04/04/2026 08:58:52 AM
22007A,N,O,04/04/2026 08:57:52 AM
22007B,N,O,04/04/2026 08:57:59 AM
22008A,N,O,04/04/2026 08:56:52 AM
22008B,N,O,04/04/2026 09:43:10 AM
22009A,N,O,04/04/2026 08:55:49 AM
22009B,N,O,04/04/2026 09:00:58 AM
22010A,N,O,04/03/2026 09:41:32 PM
22010B,N,O,04/04/2026 08:59:45 AM
22012A,N,O,04/04/2026 08:57:48 AM
22012B,N,O,04/04/2026 08:57:48 AM
22013A,N,O,04/04/2026 08:56:50 AM
22013B,N,O,04/04/2026 09:50:34 AM
22014A,N,O,04/03/2026 12:52:08 PM
22014B,N,O,04/04/2026 08:55:41 AM
22015A,N,O,04/04/2026 08:59:44 AM
22015B,N,O,04/04/2026 08:59:44 AM
22016A,N,O,04/03/2026 06:43:49 PM
22016B,N,V,04/03/2026 09:43:37 PM
22017A,N,O,04/04/2026 08:57:56 AM
22018A,N,O,04/04/2026 08:56:49 AM
22018B,N,O,04/04/2026 09:48:11 AM
22020A,N,V,04/03/2026 09:59:12 PM
22021A,N,O,04/03/2026 09:00:35 PM
22021B,N,O,04/03/2026 08:51:14 PM
22022A,N,O,04/03/2026 09:08:08 PM
22022B,N,O,04/03/2026 09:49:45 PM
22023A,N,O,04/03/2026 07:53:21 PM
22023B,N,O,04/03/2026 09:07:05 PM
22024A,N,O,04/03/2026 10:00:02 PM
22024B,N,O,04/03/2026 06:57:10 PM
22025A,N,O,04/04/2026 08:59:45 AM
22025B,N,O,04/04/2026 08:59:45 AM
22026A,N,O,04/04/2026 09:29:43 AM
22026B,N,O,04/04/2026 08:58:57 AM
22027A,N,O,04/04/2026 08:57:53 AM
22027B,N,O,04/04/2026 09:50:37 AM
22028A,N,O,04/04/2026 08:56:55 AM
22028B,N,O,04/04/2026 08:56:44 AM
22029B,N,O,04/04/2026 09:09:30 AM
22031A,N,O,04/03/2026 08:39:21 PM
22031B,N,O,04/04/2026 08:58:51 AM
22032A,N,V,04/04/2026 09:03:06 AM
22032B,N,O,04/04/2026 08:57:47 AM
22033B,N,O,04/04/2026 08:56:46 AM
22034A,N,O,04/04/2026 08:55:46 AM
22034B,N,O,04/04/2026 09:28:24 AM
22035A,N,O,04/03/2026 01:01:47 PM
22035B,N,O,04/04/2026 09:19:41 AM
22036A,N,O,04/04/2026 09:43:19 AM
22036B,N,O,04/04/2026 08:58:49 AM
22037A,N,V,04/04/2026 09:47:42 AM
22038A,N,O,04/04/2026 09:35:59 AM
22038B,N,V,04/04/2026 09:38:39 AM
22039A,N,V,04/03/2026 09:30:00 PM
22039B,N,V,04/03/2026 08:52:15 PM
22040A,N,V,04/03/2026 09:37:20 PM
22040B,N,O,04/04/2026 09:46:52 AM
22041A,N,O,04/04/2026 09:51:41 AM
22041B,N,V,04/04/2026 09:24:39 AM
22042A,N,O,04/04/2026 08:57:50 AM
22042B,N,V,04/03/2026 09:27:30 PM
22043A,N,O,04/04/2026 08:57:11 AM
22043B,N,O,04/04/2026 09:14:12 AM
22044A,N,O,04/04/2026 09:51:42 AM
22044B,N,V,04/04/2026 09:39:16 AM
22045A,N,O,04/04/2026 08:59:57 AM
22045B,N,O,04/04/2026 09:17:24 AM
22046A,N,V,04/04/2026 09:37:41 AM
22046B,N,O,04/04/2026 08:58:48 AM
22047A,N,O,04/04/2026 08:57:47 AM
22047B,N,O,04/04/2026 08:57:56 AM
22048A,N,O,04/04/2026 08:57:15 AM
22048B,N,O,04/04/2026 09:26:19 AM
22049A,N,O,04/04/2026 08:55:47 AM
22049B,N,O,04/04/2026 08:56:00 AM
22050A,N,O,04/04/2026 09:31:32 AM
22050B,N,O,04/04/2026 09:01:28 AM
22051A,N,O,04/04/2026 09:35:39 AM
22051B,N,O,04/04/2026 09:10:50 AM
22052A,N,O,04/04/2026 08:57:47 AM
22053A,N,O,04/04/2026 08:56:45 AM
22053B,N,O,04/04/2026 08:56:45 AM
22054A,N,O,04/04/2026 08:55:48 AM
22054B,N,O,04/04/2026 09:25:40 AM
22055B,N,O,04/04/2026 08:59:50 AM
22059A,N,O,04/03/2026 07:49:55 PM
22059B,N,V,04/03/2026 07:25:45 PM
22060A,N,V,04/03/2026 09:57:36 PM
22060B,N,O,04/03/2026 01:26:36 PM
22061A,N,O,04/03/2026 09:58:50 AM
22062A,N,O,04/03/2026 09:10:58 PM
22062B,N,O,04/03/2026 06:16:50 PM
22063A,N,O,04/02/2026 09:58:17 AM
22063B,N,O,04/03/2026 09:56:47 AM
22065A,N,O,04/04/2026 09:00:30 AM
22066A,N,V,04/04/2026 09:51:34 AM
22066B,N,O,04/04/2026 08:58:47 AM
22067A,N,O,04/04/2026 09:11:22 AM
22067B,N,O,04/04/2026 08:59:09 AM
22068A,N,O,04/04/2026 08:56:46 AM
22068B,N,O,04/04/2026 08:56:50 AM
22069A,N,O,04/04/2026 08:55:47 AM
22069B,N,O,04/04/2026 09:09:43 AM
22070A,N,O,04/04/2026 08:59:45 AM
22071A,N,O,04/04/2026 08:58:48 AM
22071B,N,O,04/03/2026 09:38:33 PM
22072A,N,O,04/04/2026 08:57:47 AM
22072B,N,O,04/04/2026 09:28:00 AM
22073A,N,O,04/04/2026 09:18:00 AM
22073B,N,V,04/04/2026 09:51:41 AM
22074A,N,O,04/04/2026 08:55:46 AM
22074B,N,O,04/04/2026 09:42:12 AM
22075A,N,O,04/04/2026 09:35:26 AM
22075B,N,O,04/04/2026 08:59:50 AM
22076A,N,O,04/03/2026 06:23:17 PM
22076B,N,O,04/04/2026 08:58:48 AM
22077A,N,O,04/04/2026 09:08:40 AM
22077B,N,O,04/03/2026 07:06:05 PM
22078A,N,V,04/03/2026 05:43:27 PM
22078B,N,O,04/03/2026 07:27:38 PM
22080A,N,V,04/03/2026 09:57:44 PM
22080B,N,O,04/03/2026 09:59:43 AM
22081A,N,O,04/03/2026 01:20:34 PM
22081B,N,O,04/03/2026 02:39:41 PM
22082A,N,O,04/03/2026 09:57:51 AM
22082B,N,O,04/03/2026 11:59:21 AM
22083A,N,O,04/03/2026 09:56:50 AM
22083B,N,O,04/03/2026 09:56:57 AM
22084A,N,O,04/03/2026 05:25:13 PM
22084B,N,O,04/03/2026 04:07:51 PM
22085A,N,V,04/03/2026 07:52:49 PM
22085B,N,O,04/03/2026 09:14:11 PM
22086A,N,O,04/03/2026 01:01:17 PM
22086B,N,O,04/03/2026 02:11:14 PM
22087A,N,O,04/03/2026 09:30:03 PM
22087B,N,O,04/03/2026 11:18:31 AM
22088A,N,O,04/03/2026 09:56:54 AM
22088B,N,O,04/03/2026 09:57:01 AM
22089A,N,V,04/02/2026 05:00:43 PM
22089B,N,O,04/03/2026 09:55:50 AM
22090A,N,O,04/03/2026 09:59:56 AM
22090B,N,O,04/03/2026 12:36:48 PM
22091A,N,O,04/03/2026 09:42:51 PM
22091B,N,O,04/02/2026 02:48:23 PM
22092A,N,O,04/03/2026 03:06:16 PM
22092B,N,O,04/03/2026 02:45:55 PM
22093A,N,O,04/03/2026 02:46:08 PM
22093B,N,O,04/03/2026 03:49:21 PM
22094A,N,V,04/03/2026 05:50:02 PM
22094B,N,O,04/03/2026 04:43:17 PM
22095A,N,O,04/03/2026 04:42:58 PM
22095B,N,O,04/03/2026 11:28:27 AM
22096A,N,O,04/03/2026 11:57:15 AM
22096B,N,O,04/03/2026 10:54:06 AM
22097A,N,O,04/03/2026 06:03:47 PM
22097B,N,O,04/03/2026 10:50:22 AM
22098A,N,O,04/04/2026 08:57:12 AM
22098B,N,O,04/04/2026 08:56:52 AM
22099A,N,O,04/04/2026 08:56:04 AM
22099B,N,O,04/04/2026 08:56:21 AM
22100A,N,O,04/04/2026 09:20:45 AM
22100B,N,O,04/04/2026 09:00:07 AM
22101A,N,O,04/04/2026 08:58:48 AM
22101B,N,O,04/04/2026 08:58:48 AM
22102A,N,O,04/04/2026 08:57:46 AM
22102B,N,O,04/04/2026 09:30:51 AM
22103B,N,O,04/04/2026 08:56:47 AM
22104A,N,O,04/04/2026 09:40:56 AM
22104B,N,O,04/04/2026 09:43:12 AM
22105A,N,O,04/04/2026 08:59:51 AM
22105B,N,O,04/04/2026 08:59:54 AM
22106A,N,O,04/04/2026 08:58:48 AM
22106B,N,O,04/04/2026 08:59:27 AM
22110A,N,O,04/04/2026 09:00:31 AM
22110B,N,O,04/04/2026 08:59:50 AM
22111A,N,O,04/04/2026 08:58:56 AM
22111B,N,O,04/04/2026 08:58:49 AM
22112A,N,O,04/04/2026 08:57:44 AM
22112B,N,O,04/04/2026 08:57:44 AM
22113A,N,O,04/04/2026 08:56:53 AM
22113B,N,O,04/04/2026 08:57:16 AM
22114A,N,O,04/04/2026 08:55:58 AM
22114B,N,O,04/04/2026 08:56:02 AM
22115A,N,O,04/04/2026 08:59:58 AM
22115B,N,O,04/04/2026 09:00:13 AM
22116A,N,O,04/03/2026 08:58:48 AM
22116B,N,O,04/04/2026 08:58:48 AM
22117A,N,O,04/04/2026 08:57:48 AM
22117B,N,O,04/04/2026 08:57:45 AM
22118A,N,O,04/04/2026 08:56:43 AM
22118B,N,O,04/04/2026 08:56:47 AM
22119A,N,O,04/04/2026 08:55:49 AM
22120A,N,O,04/04/2026 09:11:08 AM
22120B,N,O,04/04/2026 09:21:09 AM
22121A,N,O,04/03/2026 06:36:16 PM
22121B,N,O,04/04/2026 09:04:16 AM
22122A,N,O,04/03/2026 09:31:58 PM
22122B,N,O,04/04/2026 08:57:43 AM
22123A,N,V,04/04/2026 09:50:12 AM
22123B,N,O,04/03/2026 06:01:45 PM
22125B,N,O,04/04/2026 08:59:49 AM
22126A,N,V,04/04/2026 09:51:38 AM
22126B,N,O,04/04/2026 08:58:49 AM
22127A,N,O,04/04/2026 08:57:52 AM
22127B,N,V,04/04/2026 09:33:43 AM
22128A,N,O,04/03/2026 07:15:35 PM
22128B,N,V,04/04/2026 09:29:19 AM
22129A,N,V,04/04/2026 09:08:30 AM
22129B,N,O,04/04/2026 09:07:39 AM
22130A,N,V,04/04/2026 09:43:39 AM
22130B,N,O,04/04/2026 08:59:52 AM
22131A,N,V,04/04/2026 09:05:10 AM
22131B,N,V,04/03/2026 09:32:48 PM
22132A,N,V,04/04/2026 09:19:02 AM
22132B,N,O,04/03/2026 09:49:55 PM
22133A,N,O,04/04/2026 09:42:10 AM
22133B,N,V,04/03/2026 09:46:24 PM
22134A,N,V,04/04/2026 09:38:17 AM
22135B,N,V,04/04/2026 09:51:18 AM
22136A,N,V,04/03/2026 07:46:34 PM
22136B,N,V,04/04/2026 09:33:38 AM
22137A,N,V,04/03/2026 07:19:43 PM
22137B,N,V,04/03/2026 07:17:05 PM
22138A,N,O,04/04/2026 09:44:29 AM
22139A,N,O,04/04/2026 09:05:12 AM
22139B,N,V,04/04/2026 09:51:28 AM
22140A,N,O,04/04/2026 09:35:28 AM
22140B,N,O,04/04/2026 09:25:12 AM
22141A,N,O,04/04/2026 08:58:53 AM
22141B,N,V,04/04/2026 09:49:22 AM
22142A,N,O,04/04/2026 08:57:50 AM
22142B,N,V,04/03/2026 09:59:50 PM
22143A,N,O,04/04/2026 08:56:50 AM
22143B,N,O,04/04/2026 09:37:39 AM
22144A,N,O,04/04/2026 08:55:40 AM
22144B,N,O,04/04/2026 08:56:43 AM
22145A,N,O,04/04/2026 08:59:55 AM
22145B,N,O,04/04/2026 09:18:02 AM
22146A,NU,V,04/03/2026 10:05:37 PM
22146B,NU,V,04/03/2026 10:05:37 PM
22147A,N,O,04/04/2026 08:57:54 AM
22147B,N,V,04/04/2026 09:26:34 AM
22148A,N,O,04/04/2026 09:06:59 AM
22148B,N,O,04/04/2026 08:56:51 AM
22149A,N,O,04/04/2026 08:55:52 AM
22149B,N,O,04/04/2026 08:55:48 AM
22150A,N,O,04/04/2026 09:35:28 AM
22150B,N,O,04/04/2026 08:59:52 AM
22151A,N,O,04/04/2026 08:58:43 AM
22151B,N,O,04/03/2026 05:11:00 PM
22152A,N,V,04/04/2026 09:24:41 AM
22152B,N,O,04/04/2026 09:31:31 AM
22153A,N,V,04/03/2026 07:00:09 PM
22153B,N,O,04/04/2026 08:56:46 AM
22154A,N,O,04/04/2026 09:50:22 AM
22154B,N,O,04/04/2026 08:55:51 AM
22155A,N,O,04/04/2026 08:59:45 AM
22155B,N,O,04/04/2026 09:50:58 AM
22156A,N,V,04/03/2026 08:53:58 PM
22156B,N,O,04/04/2026 08:58:47 AM
22157A,N,V,04/03/2026 09:59:21 PM
22157B,N,O,04/03/2026 09:58:34 PM
22158A,N,O,04/04/2026 08:56:45 AM
22161A,N,O,04/04/2026 08:58:51 AM
22161B,N,O,04/04/2026 08:58:48 AM
22162A,N,O,04/04/2026 08:57:59 AM
22162B,N,V,04/04/2026 09:32:43 AM
22163A,N,V,04/03/2026 09:54:14 PM
22163B,N,O,04/03/2026 09:52:07 PM
22164A,N,V,04/03/2026 09:40:47 PM
22164B,N,O,04/04/2026 08:56:19 AM
22165A,N,V,04/04/2026 09:20:44 AM
22165B,N,V,04/04/2026 09:20:44 AM
22166A,N,O,04/04/2026 08:58:53 AM
22166B,N,O,04/04/2026 09:38:11 AM
22167A,N,V,04/04/2026 09:34:03 AM
22167B,N,O,04/04/2026 09:34:03 AM
22168A,N,O,04/04/2026 08:56:48 AM
22168B,N,O,04/04/2026 09:51:34 AM
22169A,N,O,04/04/2026 09:23:54 AM
22170A,N,O,04/04/2026 08:59:47 AM
22170B,N,O,04/04/2026 09:23:15 AM
22171A,N,O,04/04/2026 08:59:14 AM
22171B,N,O,04/04/2026 08:59:25 AM
22172A,N,O,04/04/2026 09:16:02 AM
22172B,N,O,04/04/2026 08:57:50 AM
22173A,N,O,04/04/2026 08:56:50 AM
22173B,N,O,04/04/2026 08:56:50 AM
22174A,N,O,04/04/2026 08:55:44 AM
22174B,N,O,04/04/2026 08:55:44 AM
22175A,N,O,04/04/2026 09:16:48 AM
22175B,N,V,04/04/2026 09:23:30 AM
22176A,N,V,04/04/2026 09:02:58 AM
22176B,N,O,04/04/2026 08:59:00 AM
22177A,N,V,04/04/2026 09:51:24 AM
22177B,N,O,04/04/2026 09:13:19 AM
22178A,N,V,04/04/2026 09:28:30 AM
22178B,N,O,04/04/2026 08:56:45 AM
22179A,N,V,04/03/2026 09:55:12 PM
22179B,N,O,04/04/2026 08:55:48 AM
22180A,N,O,04/03/2026 09:55:17 PM
22180B,N,O,04/04/2026 08:59:53 AM
22181A,N,V,04/03/2026 09:49:33 PM
22181B,N,V,04/04/2026 09:38:33 AM
22182A,N,O,04/04/2026 08:57:52 AM
22182B,N,O,04/04/2026 08:57:52 AM
22183A,N,V,04/04/2026 09:26:09 AM
22183B,N,O,04/04/2026 09:46:44 AM
22184A,N,V,04/03/2026 09:46:30 PM
22184B,N,V,04/03/2026 09:46:30 PM
22185A,N,O,04/04/2026 08:59:42 AM
22185B,N,O,04/04/2026 09:42:34 AM
22186A,N,V,04/03/2026 07:07:09 PM
22186B,N,V,04/03/2026 09:45:38 PM
22187A,N,V,04/03/2026 09:00:57 PM
22187B,N,O,04/03/2026 09:43:31 PM
22188A,N,V,04/03/2026 06:14:50 PM
22188B,N,V,04/04/2026 09:02:34 AM
22189A,N,V,04/03/2026 09:24:57 PM
22189B,N,V,04/04/2026 09:22:09 AM
22190B,N,O,04/04/2026 08:59:42 AM
22191A,N,V,04/04/2026 09:29:11 AM
22191B,N,O,04/04/2026 09:26:17 AM
22192A,N,O,04/04/2026 08:58:12 AM
22192B,N,O,04/04/2026 08:57:49 AM
22193A,N,V,04/03/2026 09:44:14 PM
22193B,N,V,04/03/2026 04:37:18 PM
22194A,N,V,04/03/2026 05:05:24 PM
22194B,N,O,04/04/2026 08:55:51 AM
22195A,N,O,04/03/2026 09:45:45 PM
22195B,N,O,04/03/2026 09:27:17 PM
22196A,N,O,04/04/2026 08:58:48 AM
22196B,N,O,04/03/2026 09:51:28 PM
22197A,N,V,04/04/2026 09:12:13 AM
22197B,N,V,04/04/2026 09:11:56 AM
22198A,N,O,04/04/2026 08:56:45 AM
22198B,N,V,04/03/2026 09:41:49 PM
22199A,N,O,04/04/2026 08:55:52 AM
22199B,N,V,04/04/2026 09:49:38 AM
22200A,N,V,04/04/2026 09:18:11 AM
22200B,N,O,04/04/2026 08:59:45 AM
22201A,N,V,04/03/2026 05:11:48 PM
22201B,N,O,04/04/2026 08:58:52 AM
22202A,N,O,04/04/2026 09:46:12 AM
22202B,N,V,04/03/2026 08:32:12 PM
22203A,N,O,04/04/2026 08:56:44 AM
22204A,N,O,04/04/2026 08:55:45 AM
22204B,N,O,04/04/2026 08:55:45 AM
22205A,N,V,04/03/2026 07:11:18 PM
22206A,N,V,04/03/2026 09:50:04 PM
22206B,N,O,04/03/2026 07:53:40 PM
22207A,N,V,04/03/2026 05:41:55 PM
22207B,N,V,04/03/2026 09:35:29 PM
22208A,N,V,04/03/2026 09:39:12 PM
22208B,N,V,04/03/2026 09:39:12 PM
22209A,N,V,04/03/2026 08:07:19 PM
22209B,N,O,04/04/2026 08:55:47 AM
22210A,N,O,04/04/2026 09:21:39 AM
22210B,N,V,04/03/2026 09:36:00 PM
22211A,N,V,04/03/2026 08:07:22 PM
22211B,N,V,04/03/2026 07:14:32 PM
22213B,N,V,04/04/2026 09:45:26 AM
22215A,N,O,04/04/2026 09:42:58 AM
22215B,N,V,04/04/2026 09:49:38 AM
22216A,N,V,04/04/2026 09:51:10 AM
22216B,N,O,04/04/2026 09:51:36 AM
22217A,N,O,04/03/2026 05:23:22 PM
22217B,N,O,04/04/2026 08:57:52 AM
22218A,N,V,04/04/2026 09:51:21 AM
22218B,N,O,04/04/2026 09:51:06 AM
22219A,N,O,04/04/2026 08:55:48 AM
22219B,N,O,04/03/2026 04:54:17 PM
22220A,N,O,04/04/2026 08:59:47 AM
22220B,N,O,04/04/2026 09:51:43 AM
22221A,N,O,04/03/2026 08:21:17 PM
22221B,N,O,04/04/2026 08:58:50 AM
22222A,N,O,04/04/2026 09:51:23 AM
22222B,N,O,04/04/2026 08:57:52 AM
22223A,N,O,04/04/2026 08:56:48 AM
22225A,N,V,04/04/2026 09:50:18 AM
22225B,N,O,04/04/2026 09:51:43 AM
22226A,N,O,04/04/2026 08:58:52 AM
22226B,N,V,04/04/2026 09:49:23 AM
22227A,N,V,04/04/2026 09:24:03 AM
22228A,N,V,04/04/2026 09:50:08 AM
22228B,N,O,04/04/2026 08:56:44 AM
22229A,N,O,04/04/2026 09:26:52 AM
22229B,N,O,04/03/2026 09:51:25 PM
2222B,N,V,04/04/2026 09:31:29 AM
22230A,N,O,04/04/2026 08:59:50 AM
22230B,N,O,04/04/2026 08:59:50 AM
22231A,N,O,04/04/2026 09:50:11 AM
22231B,N,O,04/04/2026 08:58:47 AM
22232A,N,O,04/04/2026 08:57:52 AM
22232B,N,O,04/04/2026 09:27:51 AM
22237A,N,O,04/04/2026 08:57:50 AM
22237B,N,O,04/04/2026 09:13:18 AM
22238A,N,O,04/04/2026 08:56:52 AM
22238B,N,V,04/04/2026 08:58:49 AM
22239A,N,O,04/04/2026 08:55:52 AM
22239B,N,V,04/04/2026 09:36:22 AM
22240A,N,V,04/04/2026 09:46:45 AM
22240B,N,O,04/04/2026 09:45:23 AM
22241A,N,O,04/04/2026 09:33:16 AM
22241B,N,V,04/04/2026 09:46:38 AM
22242A,N,O,04/04/2026 09:51:26 AM
22242B,N,O,04/04/2026 08:57:51 AM
22243A,N,V,04/04/2026 09:51:36 AM
22243B,N,V,04/04/2026 09:44:33 AM
22244A,N,O,04/04/2026 09:50:40 AM
22244B,N,O,04/04/2026 09:35:51 AM
22245A,N,O,04/04/2026 09:50:01 AM
22245B,N,V,04/04/2026 09:48:53 AM
22246A,N,V,04/04/2026 09:24:19 AM
22246B,N,O,04/04/2026 08:58:43 AM
22247A,N,O,04/04/2026 08:57:52 AM
22247B,N,O,04/04/2026 08:57:44 AM
22248A,N,O,04/04/2026 08:56:46 AM
22248B,N,V,04/04/2026 09:51:11 AM
22249B,N,O,04/04/2026 08:55:48 AM
22250B,N,O,04/04/2026 08:59:50 AM
22251A,N,V,04/04/2026 09:46:58 AM
22251B,N,V,04/04/2026 09:49:38 AM
22252B,N,O,04/04/2026 08:57:47 AM
22254A,N,O,04/04/2026 08:55:39 AM
22254B,N,V,04/04/2026 09:39:56 AM
22255A,N,O,04/04/2026 08:59:51 AM
22255B,N,V,04/04/2026 09:10:43 AM
22256A,N,V,04/04/2026 09:47:53 AM
22256B,N,V,04/04/2026 09:50:25 AM
22257B,N,O,04/04/2026 09:49:12 AM
22260A,N,V,04/04/2026 09:45:54 AM
22260B,N,O,04/04/2026 08:59:51 AM
22261A,N,O,04/04/2026 08:58:47 AM
22261B,N,O,04/04/2026 09:44:53 AM
22262A,N,O,04/04/2026 08:58:45 AM
22262B,N,O,04/04/2026 09:46:21 AM
22263A,N,V,04/04/2026 09:48:45 AM
22263B,N,O,04/03/2026 08:57:12 AM
22264A,N,O,04/03/2026 09:39:10 PM
22264B,N,O,04/04/2026 09:04:42 AM
22265A,N,O,04/04/2026 08:59:53 AM
22266A,N,V,04/04/2026 09:32:23 AM
22266B,N,O,04/04/2026 09:33:32 AM
22267B,N,O,04/04/2026 08:57:55 AM
22275A,N,O,04/04/2026 08:59:51 AM
22275B,N,O,04/04/2026 08:59:51 AM
22276A,N,O,04/04/2026 09:47:09 AM
22276B,N,O,04/04/2026 08:58:54 AM
22277A,N,O,04/04/2026 09:31:12 AM
22277B,N,O,04/04/2026 08:57:46 AM
22278A,N,O,04/04/2026 08:56:46 AM
22278B,N,O,04/04/2026 08:56:46 AM
22280A,N,O,04/04/2026 09:00:00 AM
22280B,N,O,04/04/2026 09:26:29 AM
22281A,N,O,04/03/2026 08:33:19 PM
22281B,N,V,04/04/2026 09:36:22 AM
22282A,N,O,04/04/2026 09:51:01 AM
22282B,N,O,04/04/2026 08:59:14 AM
22283A,N,O,04/03/2026 06:28:22 PM
22283B,N,O,04/04/2026 09:28:39 AM
22284A,N,O,04/04/2026 09:36:52 AM
22284B,N,O,04/04/2026 08:55:54 AM
22285A,N,V,04/04/2026 09:36:08 AM
22285B,N,O,04/04/2026 09:30:45 AM
22286A,N,O,04/04/2026 08:58:48 AM
22286B,N,O,04/03/2026 06:28:47 PM
22287A,N,O,04/04/2026 08:57:52 AM
22287B,N,O,04/03/2026 09:07:38 PM
22288A,N,O,04/04/2026 08:56:54 AM
22288B,N,O,04/04/2026 08:56:57 AM
22289A,N,O,04/04/2026 08:55:51 AM
22289B,N,V,04/04/2026 09:39:47 AM
22290A,N,O,04/04/2026 08:59:42 AM
22290B,N,O,04/04/2026 09:51:31 AM
22291A,N,O,04/03/2026 04:53:39 PM
22291B,N,V,04/04/2026 09:49:18 AM
22292A,N,O,04/04/2026 08:57:44 AM
22292B,N,O,04/04/2026 08:57:44 AM
22293A,N,O,04/04/2026 08:56:50 AM
22293B,N,O,04/04/2026 09:28:52 AM
22294A,N,O,04/04/2026 09:44:14 AM
22294B,N,O,04/04/2026 09:40:43 AM
22295A,N,O,04/04/2026 09:35:43 AM
22295B,N,O,04/04/2026 08:59:52 AM
22296A,N,O,04/04/2026 09:27:49 AM
22296B,N,V,04/04/2026 09:51:37 AM
22297B,N,O,04/04/2026 09:09:28 AM
22298A,N,O,04/04/2026 09:51:40 AM
22298B,N,O,04/04/2026 09:20:07 AM
22299A,N,O,04/04/2026 08:55:58 AM
22299B,N,O,04/04/2026 09:29:42 AM
22301A,N,O,04/04/2026 08:58:50 AM
22301B,N,O,04/04/2026 08:58:43 AM
22302A,N,O,04/04/2026 08:57:51 AM
22302B,N,O,04/04/2026 08:57:44 AM
22303A,N,O,04/04/2026 08:56:47 AM
22303B,N,O,04/04/2026 09:45:29 AM
22304A,N,O,04/04/2026 08:55:43 AM
22304B,N,O,04/04/2026 08:55:43 AM
22305A,N,O,04/04/2026 09:42:15 AM
22305B,N,O,04/04/2026 09:16:57 AM
22306A,N,O,04/04/2026 08:58:53 AM
22306B,N,O,04/04/2026 09:22:10 AM
22307A,N,O,04/04/2026 09:22:54 AM
22307B,N,O,04/04/2026 09:12:54 AM
22308A,N,O,04/04/2026 09:15:55 AM
22308B,N,O,04/04/2026 09:12:09 AM
22309A,N,O,04/04/2026 08:55:46 AM
22309B,N,O,04/04/2026 08:55:46 AM
22310A,N,O,04/04/2026 09:32:02 AM
22310B,N,O,04/04/2026 08:59:56 AM
22311A,N,O,04/04/2026 08:58:44 AM
22312B,N,O,04/04/2026 09:20:23 AM
22313A,N,O,04/04/2026 08:56:50 AM
22313B,N,O,04/04/2026 09:07:00 AM
22314A,N,O,04/04/2026 09:31:38 AM
22314B,N,O,04/04/2026 08:55:45 AM
22315A,N,O,04/04/2026 09:44:56 AM
22315B,N,O,04/04/2026 08:59:51 AM
22316A,N,O,04/04/2026 08:58:48 AM
22316B,N,O,04/04/2026 08:58:48 AM
22317A,N,O,04/04/2026 09:18:04 AM
22317B,N,O,04/04/2026 09:47:50 AM
22319A,N,V,04/04/2026 09:35:48 AM
22319B,N,O,04/04/2026 08:55:52 AM
2231A,N,O,04/04/2026 08:58:48 AM
2231B,N,O,04/04/2026 09:28:14 AM
22320A,N,V,04/04/2026 09:51:42 AM
22320B,N,O,04/04/2026 09:48:53 AM
22321A,N,O,04/04/2026 08:59:14 AM
22321B,N,O,04/04/2026 08:59:27 AM
22322B,N,O,04/04/2026 08:57:52 AM
22323A,N,O,04/04/2026 09:48:39 AM
22323B,N,V,04/04/2026 09:39:52 AM
22324A,N,V,04/04/2026 09:44:10 AM
22324B,N,O,04/04/2026 08:55:49 AM
22325A,N,O,04/04/2026 09:15:44 AM
22325B,N,V,04/04/2026 09:16:40 AM
22326A,N,O,04/04/2026 09:50:55 AM
22326B,N,O,04/04/2026 08:58:44 AM
22327A,N,O,04/04/2026 09:49:07 AM
22327B,N,O,04/04/2026 08:57:47 AM
22328A,N,V,04/04/2026 09:44:32 AM
22328B,N,O,04/04/2026 09:19:50 AM
22329A,N,O,04/04/2026 08:55:52 AM
22329B,N,V,04/04/2026 09:22:21 AM
2232A,N,O,04/04/2026 08:57:48 AM
2232B,N,O,04/03/2026 08:57:48 AM
22330A,N,O,04/04/2026 08:59:53 AM
22330B,N,O,04/04/2026 08:59:53 AM
22331A,N,O,04/04/2026 09:37:00 AM
22331B,N,O,04/04/2026 09:51:13 AM
22332A,N,O,04/04/2026 09:49:23 AM
22332B,N,O,04/04/2026 09:26:30 AM
22333B,N,O,04/04/2026 08:56:50 AM
22334A,N,O,04/04/2026 08:55:48 AM
22334B,N,O,04/04/2026 09:43:58 AM
22335A,N,O,04/04/2026 09:49:15 AM
22335B,N,O,04/03/2026 09:17:33 PM
22336A,N,O,04/04/2026 09:34:43 AM
22336B,N,O,04/04/2026 09:31:09 AM
22337A,N,O,04/04/2026 08:58:06 AM
22337B,N,O,04/04/2026 08:57:47 AM
22338A,N,O,04/04/2026 08:56:53 AM
22338B,N,O,04/04/2026 09:07:09 AM
22339A,N,O,04/04/2026 08:56:01 AM
22339B,N,O,04/04/2026 08:55:48 AM
2233A,N,V,04/04/2026 08:58:08 AM
2233B,N,O,04/04/2026 08:56:46 AM
22340A,N,O,04/04/2026 09:51:07 AM
22340B,N,O,04/04/2026 09:11:04 AM
22341A,N,O,04/04/2026 09:42:42 AM
22341B,N,O,04/04/2026 09:50:47 AM
22342A,N,O,04/04/2026 08:57:48 AM
22342B,N,O,04/04/2026 09:20:54 AM
22344A,N,O,04/04/2026 09:35:48 AM
22344B,N,O,04/04/2026 08:55:45 AM
22345A,N,O,04/04/2026 09:32:57 AM
22345B,N,V,04/04/2026 09:48:41 AM
22346A,N,V,04/04/2026 09:39:39 AM
22346B,N,O,04/04/2026 09:45:26 AM
22347A,N,O,04/04/2026 08:57:53 AM
22348B,N,O,04/04/2026 09:27:06 AM
22349A,N,V,04/04/2026 09:38:24 AM
22349B,N,O,04/04/2026 08:56:09 AM
2234A,N,O,04/04/2026 08:55:48 AM
22350A,N,O,04/04/2026 09:21:21 AM
22350B,N,O,04/04/2026 09:00:22 AM
22351A,N,O,04/04/2026 09:49:32 AM
22351B,N,O,04/04/2026 09:06:12 AM
22355A,N,V,04/04/2026 09:46:27 AM
22355B,N,O,04/04/2026 08:59:49 AM
22356A,N,O,04/04/2026 08:58:40 AM
22356B,N,O,04/04/2026 08:58:47 AM
22357A,N,O,04/04/2026 09:38:59 AM
22357B,N,O,04/03/2026 09:18:49 PM
22358A,N,V,04/04/2026 09:51:17 AM
22358B,N,O,04/04/2026 09:12:01 AM
22359A,N,O,04/04/2026 09:23:31 AM
22359B,N,O,04/04/2026 09:00:07 AM
2235B,N,V,04/04/2026 09:18:24 AM
22360A,N,O,04/04/2026 09:31:51 AM
22360B,N,O,04/04/2026 09:24:10 AM
22361A,N,V,04/04/2026 09:47:01 AM
22361B,N,O,04/04/2026 09:26:06 AM
22363A,N,O,04/03/2026 09:31:56 PM
22363B,N,O,04/03/2026 08:52:08 PM
22364A,N,O,04/03/2026 09:03:59 PM
22364B,N,O,04/03/2026 09:35:53 PM
22368B,N,O,04/04/2026 08:56:53 AM
22369A,N,O,04/04/2026 08:55:50 AM
22369B,N,O,04/04/2026 08:55:57 AM
2236A,N,O,04/04/2026 08:58:53 AM
2236B,N,O,04/03/2026 08:51:12 PM
22370A,N,O,04/04/2026 08:59:54 AM
22370B,N,O,04/04/2026 09:30:54 AM
22371A,N,O,04/04/2026 08:59:39 AM
22372A,N,V,04/03/2026 04:18:02 PM
22372B,N,O,04/04/2026 09:51:13 AM
22373A,N,O,04/04/2026 09:49:10 AM
22373B,N,O,04/04/2026 08:56:44 AM
22374A,N,O,04/03/2026 09:22:55 PM
22374B,N,O,04/04/2026 08:55:50 AM
22375A,N,O,04/04/2026 08:59:47 AM
22375B,N,O,04/04/2026 08:59:44 AM
22376A,N,O,04/04/2026 08:58:49 AM
22376B,N,O,04/04/2026 09:40:48 AM
22377A,N,O,04/03/2026 09:37:49 PM
22377B,N,O,04/03/2026 09:48:38 PM
22378A,N,O,04/03/2026 09:24:53 PM
22378B,N,O,04/03/2026 09:54:27 PM
22379A,N,O,04/03/2026 06:17:46 PM
22379B,N,O,04/03/2026 09:21:43 PM
2237A,N,O,04/04/2026 09:45:38 AM
22380A,N,O,04/03/2026 09:10:49 PM
22380B,N,O,04/03/2026 10:30:03 AM
22383B,N,O,04/04/2026 08:56:54 AM
22384A,N,O,04/04/2026 09:27:30 AM
22384B,N,O,04/04/2026 08:55:45 AM
22385A,N,O,04/04/2026 09:23:38 AM
22385B,N,O,04/04/2026 09:43:12 AM
22386A,N,V,04/03/2026 09:16:09 PM
22386B,N,O,04/04/2026 09:30:09 AM
22387A,N,O,04/04/2026 08:58:14 AM
22387B,N,O,04/04/2026 08:58:23 AM
22388A,N,O,04/04/2026 08:57:17 AM
22388B,N,O,04/04/2026 08:57:36 AM
22389A,N,O,04/04/2026 09:48:45 AM
22389B,N,O,04/04/2026 08:55:51 AM
2238A,N,O,04/03/2026 06:52:38 PM
2238B,N,O,04/03/2026 09:02:45 PM
22390A,N,O,04/04/2026 08:59:47 AM
22390B,N,O,04/04/2026 09:32:10 AM
22391A,N,V,04/04/2026 09:50:27 AM
22391B,N,O,04/04/2026 09:46:40 AM
22392A,N,O,04/04/2026 09:04:37 AM
22392B,N,O,04/04/2026 09:36:51 AM
22393B,N,O,04/04/2026 08:56:53 AM
22394A,N,V,04/04/2026 09:46:40 AM
22394B,N,O,04/03/2026 08:02:03 PM
22395A,N,O,04/04/2026 08:59:49 AM
22395B,N,V,04/04/2026 09:35:31 AM
22396A,N,O,04/04/2026 08:58:44 AM
22396B,N,O,04/04/2026 08:58:44 AM
22397A,N,O,04/03/2026 07:32:14 PM
22397B,N,O,04/03/2026 06:12:10 PM
22398A,N,O,04/03/2026 07:10:09 PM
22398B,N,O,04/04/2026 08:56:39 AM
22399A,N,O,04/04/2026 09:51:38 AM
22399B,N,O,04/03/2026 01:22:05 PM
2239A,N,O,04/04/2026 08:55:37 AM
2239B,N,O,04/04/2026 09:39:05 AM
223A,N,O,04/04/2026 09:36:45 AM
223B,N,O,04/04/2026 09:38:23 AM
22400A,N,O,04/04/2026 09:34:32 AM
22400B,N,V,04/04/2026 09:02:53 AM
22401A,N,O,04/04/2026 08:58:59 AM
22401B,N,O,04/04/2026 09:43:47 AM
22402A,N,O,04/04/2026 09:15:15 AM
22402B,N,O,04/04/2026 08:57:43 AM
22403A,N,O,04/04/2026 08:56:47 AM
22403B,N,O,04/04/2026 09:43:59 AM
22404A,N,V,04/04/2026 09:51:35 AM
22404B,N,O,04/04/2026 08:55:52 AM
22405A,N,O,04/04/2026 09:41:45 AM
22405B,N,O,04/04/2026 09:23:36 AM
22406A,N,O,04/04/2026 09:50:36 AM
22407A,N,O,04/04/2026 09:16:17 AM
22407B,N,O,04/04/2026 09:40:44 AM
22408A,N,V,04/04/2026 09:39:38 AM
22408B,N,O,04/03/2026 04:49:55 PM
22409A,N,O,04/04/2026 08:55:56 AM
22409B,N,O,04/04/2026 08:55:52 AM
2240A,N,O,04/04/2026 09:50:48 AM
2240B,N,O,04/04/2026 08:59:48 AM
22410A,N,O,04/04/2026 08:59:44 AM
22410B,N,O,04/04/2026 08:59:44 AM
22411A,N,O,04/04/2026 08:58:44 AM
22411B,N,O,04/03/2026 09:04:16 PM
22412A,N,O,04/04/2026 08:57:49 AM
22412B,N,O,04/04/2026 09:46:31 AM
22414A,N,O,04/04/2026 08:55:46 AM
22414B,N,O,04/04/2026 09:00:14 AM
22415A,N,O,04/04/2026 09:21:57 AM
22415B,N,O,04/04/2026 09:47:33 AM
22416A,N,O,04/04/2026 08:58:52 AM
22416B,N,O,04/04/2026 08:58:52 AM
22417A,N,O,04/04/2026 08:58:23 AM
22417B,N,O,04/04/2026 08:57:42 AM
22418A,N,O,04/04/2026 08:56:49 AM
22418B,N,O,04/04/2026 09:20:48 AM
22419A,N,O,04/04/2026 08:55:46 AM
22419B,N,O,04/04/2026 08:55:46 AM
2241A,N,O,04/04/2026 09:12:10 AM
2241B,N,O,04/04/2026 08:58:47 AM
22420A,N,O,04/03/2026 04:54:16 PM
22420B,N,V,04/04/2026 09:24:15 AM
22421A,N,V,04/04/2026 09:27:40 AM
22421B,N,V,04/03/2026 09:57:44 PM
22422A,N,O,04/03/2026 09:02:17 PM
22422B,N,O,04/03/2026 06:49:41 PM
22423A,N,O,04/04/2026 08:56:48 AM
22423B,N,O,04/04/2026 08:56:55 AM
22424A,N,V,04/04/2026 09:16:39 AM
22424B,N,O,04/04/2026 08:55:45 AM
22425A,N,V,04/04/2026 09:43:07 AM
22425B,N,V,04/04/2026 09:43:07 AM
22426A,N,O,04/04/2026 09:49:30 AM
22426B,N,O,04/03/2026 12:04:19 PM
22427A,N,V,04/04/2026 09:48:05 AM
22427B,N,V,04/04/2026 09:36:42 AM
22428A,N,O,04/04/2026 08:56:44 AM
22428B,N,O,04/04/2026 09:34:02 AM
22429A,N,O,04/04/2026 09:12:58 AM
22429B,N,O,04/04/2026 09:49:30 AM
2242A,N,O,04/04/2026 09:23:28 AM
2242B,N,O,04/04/2026 08:57:47 AM
22430A,N,O,04/04/2026 08:59:45 AM
22430B,N,O,04/04/2026 08:59:49 AM
22431A,N,O,04/03/2026 12:19:59 PM
22431B,N,O,04/03/2026 05:21:31 PM
22432A,N,O,04/03/2026 09:54:49 PM
22432B,N,O,04/03/2026 04:22:35 PM
22433A,N,O,04/03/2026 06:05:03 PM
22433B,N,O,04/03/2026 09:56:49 AM
22434A,N,V,04/03/2026 01:40:47 PM
22435A,N,O,04/04/2026 08:59:46 AM
22436A,N,V,04/04/2026 09:49:42 AM
22436B,N,O,04/03/2026 05:26:58 PM
22437A,N,O,04/04/2026 09:23:23 AM
22437B,N,O,04/04/2026 09:39:51 AM
22440A,N,O,04/04/2026 08:59:45 AM
22440B,N,O,04/04/2026 09:34:33 AM
22442B,N,O,04/04/2026 08:57:45 AM
22443A,N,O,04/04/2026 09:42:25 AM
22443B,N,O,04/04/2026 09:49:53 AM
22444A,N,O,04/04/2026 09:51:26 AM
22444B,N,O,04/04/2026 08:55:51 AM
22445A,N,O,04/04/2026 08:59:53 AM
22445B,N,O,04/04/2026 08:59:53 AM
22446A,N,O,04/04/2026 08:58:59 AM
22446B,N,V,04/04/2026 09:17:39 AM
22447A,N,O,04/03/2026 04:17:44 PM
22447B,N,V,04/04/2026 09:36:12 AM
22448A,N,O,04/04/2026 08:56:55 AM
22448B,N,V,04/04/2026 09:27:48 AM
22449A,N,V,04/03/2026 06:06:27 PM
22449B,N,O,04/03/2026 09:59:53 PM
2244A,N,O,04/04/2026 08:55:42 AM
2244B,N,O,04/04/2026 08:55:42 AM
22450A,N,V,04/03/2026 10:00:02 PM
22450B,N,O,04/04/2026 09:46:05 AM
22451A,N,O,04/03/2026 06:35:47 PM
22451B,N,V,04/02/2026 12:44:10 PM
22452A,N,O,04/03/2026 07:46:45 PM
22452B,N,V,04/03/2026 05:23:54 PM
22453A,N,V,04/03/2026 09:57:35 PM
22453B,N,O,04/03/2026 09:12:11 PM
22454A,N,V,04/01/2026 03:33:03 PM
22454B,N,V,04/04/2026 09:44:05 AM
22455A,N,O,04/03/2026 09:59:19 PM
22455B,N,V,04/03/2026 08:21:15 PM
22456A,N,V,04/03/2026 09:50:27 PM
22456B,N,O,04/03/2026 07:51:22 PM
22457A,N,O,04/03/2026 04:12:16 PM
22457B,N,O,04/04/2026 09:38:53 AM
22458A,N,V,04/04/2026 09:18:57 AM
22458B,N,V,04/03/2026 09:59:53 PM
22459A,N,O,04/03/2026 01:28:15 PM
22459B,N,O,04/04/2026 08:55:51 AM
2245A,N,O,04/04/2026 08:59:52 AM
2245B,N,O,04/04/2026 08:59:52 AM
22460A,N,O,04/03/2026 09:14:04 PM
22460B,N,O,04/03/2026 06:51:03 PM
22461A,N,V,04/04/2026 09:32:39 AM
22461B,N,V,04/04/2026 09:25:46 AM
22462A,N,O,04/04/2026 08:57:49 AM
22462B,N,V,04/04/2026 09:50:27 AM
22463A,N,O,04/03/2026 07:58:47 PM
22463B,N,O,04/03/2026 07:20:35 PM
22464A,N,O,04/03/2026 06:31:02 PM
22464B,N,O,04/04/2026 08:55:50 AM
22465A,N,V,04/03/2026 08:56:41 PM
22465B,N,O,04/03/2026 06:20:08 PM
22466A,N,O,04/04/2026 08:58:50 AM
22466B,N,O,04/03/2026 06:51:41 PM
22467A,N,O,04/04/2026 08:57:58 AM
22467B,N,O,04/03/2026 07:28:56 PM
22468A,N,O,04/04/2026 09:45:47 AM
22468B,N,O,04/04/2026 08:56:54 AM
22469B,N,O,04/04/2026 08:55:48 AM
2246A,N,O,04/04/2026 08:58:45 AM
22470A,N,O,04/03/2026 07:48:13 PM
22470B,N,V,04/03/2026 09:45:20 PM
22471A,N,O,04/04/2026 08:58:54 AM
22471B,N,O,04/04/2026 08:58:54 AM
22472A,N,O,04/03/2026 09:17:54 PM
22472B,N,V,04/03/2026 08:56:42 PM
22473A,N,O,04/04/2026 08:56:56 AM
22473B,N,O,04/03/2026 06:31:51 PM
22474A,N,O,04/04/2026 08:55:47 AM
22474B,N,O,04/04/2026 09:50:19 AM
22475A,N,V,04/03/2026 09:01:09 PM
22475B,N,O,04/03/2026 06:57:21 PM
22476A,N,O,04/04/2026 08:58:43 AM
22476B,N,O,04/03/2026 08:04:41 PM
22477A,N,O,04/04/2026 08:57:51 AM
22477B,N,O,04/03/2026 08:00:12 PM
22478A,N,O,04/03/2026 06:07:12 PM
22478B,N,O,04/03/2026 06:00:50 PM
22479A,N,O,04/03/2026 08:53:45 PM
22479B,N,O,04/03/2026 04:57:10 PM
2247A,N,O,04/04/2026 08:57:46 AM
2247B,N,O,04/03/2026 08:44:20 PM
22480A,N,V,04/04/2026 09:00:06 AM
22480B,N,O,04/03/2026 08:46:57 PM
22481A,N,V,04/04/2026 09:10:41 AM
22481B,N,O,04/03/2026 08:44:03 PM
22482A,N,O,04/03/2026 08:16:32 PM
22482B,N,V,04/03/2026 10:00:02 PM
22483A,N,V,04/03/2026 09:41:27 PM
22483B,N,V,04/03/2026 07:43:06 PM
22484A,N,O,04/03/2026 04:28:25 PM
22484B,N,V,04/03/2026 04:28:55 PM
22485A,N,O,04/03/2026 08:59:15 PM
22485B,N,O,04/04/2026 08:59:51 AM
22486A,N,O,04/04/2026 09:00:34 AM
22486B,N,V,04/04/2026 09:00:30 AM
22487A,N,O,04/04/2026 09:43:59 AM
22487B,N,O,04/03/2026 08:31:43 PM
22488A,N,V,04/04/2026 09:22:23 AM
22488B,N,V,04/04/2026 09:50:09 AM
22489A,N,O,04/03/2026 08:06:11 PM
22489B,N,O,04/04/2026 08:55:44 AM
2248B,N,O,04/04/2026 08:56:46 AM
22490A,N,V,04/04/2026 09:04:59 AM
22490B,N,V,04/03/2026 09:58:40 PM
22491A,N,O,04/03/2026 08:03:32 PM
22491B,N,O,04/03/2026 08:55:40 PM
22492A,N,O,04/03/2026 09:37:18 PM
22492B,N,O,04/03/2026 07:58:43 PM
22493A,N,O,04/04/2026 08:56:55 AM
22493B,N,V,04/04/2026 09:49:59 AM
22494A,N,V,04/04/2026 08:57:45 AM
22494B,N,V,04/03/2026 09:32:47 PM
22495A,N,O,04/03/2026 08:06:55 PM
22495B,N,V,04/03/2026 04:36:34 PM
22496A,N,V,04/03/2026 08:50:56 PM
22496B,N,O,04/04/2026 08:58:55 AM
22497A,N,O,04/04/2026 08:57:48 AM
22497B,N,O,04/04/2026 08:57:48 AM
22498A,N,V,04/03/2026 09:52:48 PM
22498B,N,O,04/04/2026 08:56:41 AM
22499A,N,V,04/04/2026 09:51:37 AM
22499B,N,O,04/04/2026 08:55:47 AM
22500A,N,V,04/03/2026 09:48:36 PM
22500B,N,V,04/04/2026 09:29:31 AM
22501A,N,O,04/03/2026 08:09:07 PM
22501B,N,O,04/03/2026 08:26:28 PM
22502A,N,O,04/03/2026 04:12:41 PM
22502B,N,V,04/04/2026 09:11:35 AM
22503A,N,V,04/04/2026 09:48:04 AM
22503B,N,O,04/04/2026 08:56:46 AM
22504A,N,O,04/04/2026 08:55:51 AM
22504B,N,O,04/03/2026 07:09:42 PM
22505A,N,O,04/04/2026 08:59:55 AM
22505B,N,O,04/03/2026 07:55:51 PM
22506A,N,O,04/03/2026 08:03:45 PM
22506B,N,O,04/03/2026 08:28:46 PM
22507A,N,O,04/03/2026 02:36:23 PM
22507B,N,V,04/04/2026 09:34:15 AM
22508A,N,O,04/04/2026 08:56:56 AM
22508B,N,V,04/04/2026 09:40:11 AM
22509A,N,O,04/04/2026 08:55:47 AM
22509B,N,O,04/03/2026 06:53:00 PM
22510A,N,O,04/03/2026 08:50:54 PM
22510B,N,V,04/03/2026 02:12:21 PM
22511A,N,O,04/04/2026 08:58:43 AM
22511B,N,V,04/03/2026 09:38:53 PM
22512A,N,O,04/04/2026 09:43:48 AM
22512B,N,O,04/04/2026 08:57:45 AM
22513A,N,V,04/04/2026 09:45:11 AM
22513B,N,V,04/04/2026 09:02:34 AM
22514A,N,O,04/04/2026 08:55:45 AM
22514B,N,O,04/04/2026 08:55:45 AM
22515A,N,O,04/04/2026 08:59:47 AM
22515B,N,O,04/03/2026 06:28:24 PM
22516A,N,O,04/04/2026 08:58:55 AM
22516B,N,O,04/04/2026 08:58:44 AM
22517A,N,O,04/04/2026 08:57:47 AM
22517B,N,V,04/03/2026 09:19:43 PM
22518A,N,V,04/04/2026 09:27:08 AM
22518B,N,O,04/03/2026 07:36:12 PM
22519A,N,V,04/04/2026 08:57:21 AM
22519B,N,O,04/03/2026 07:03:32 PM
22520B,N,O,04/03/2026 06:55:29 PM
22521A,N,V,04/04/2026 09:14:22 AM
22522B,N,O,04/03/2026 05:44:22 PM
22523A,N,O,04/03/2026 05:44:14 PM
22523B,N,O,04/03/2026 09:56:40 AM
22524A,N,O,04/03/2026 08:07:50 PM
22524B,N,V,04/03/2026 07:15:17 PM
22525A,N,O,04/03/2026 09:31:03 PM
22525B,N,O,04/03/2026 06:30:41 PM
22526A,N,O,04/03/2026 04:54:31 PM
22526B,N,O,04/03/2026 09:38:17 PM
22531A,N,O,04/04/2026 09:00:32 AM
22531B,N,O,04/04/2026 08:58:53 AM
22532A,N,O,04/04/2026 09:48:17 AM
22532B,N,O,04/04/2026 08:57:52 AM
22533A,N,V,04/04/2026 09:36:15 AM
22534A,N,O,04/04/2026 09:51:21 AM
22534B,N,V,04/04/2026 09:17:09 AM
22535A,N,O,04/04/2026 09:51:41 AM
22535B,N,O,04/04/2026 08:59:51 AM
22536B,N,V,04/03/2026 09:58:43 PM
22537A,N,O,04/04/2026 08:57:50 AM
22538A,N,O,04/04/2026 08:56:41 AM
22538B,N,O,04/04/2026 09:49:07 AM
22539A,N,V,04/03/2026 06:40:45 PM
22539B,N,O,04/04/2026 08:55:44 AM
22540A,N,O,04/04/2026 08:59:48 AM
22540B,N,O,04/03/2026 07:01:02 PM
22541A,N,V,04/04/2026 09:33:59 AM
22541B,N,O,04/04/2026 08:58:50 AM
22542A,N,O,04/04/2026 09:48:49 AM
22542B,N,O,04/04/2026 09:00:46 AM
22543A,N,O,04/04/2026 09:06:34 AM
22543B,N,O,04/03/2026 04:42:41 PM
22544A,N,V,04/04/2026 09:43:55 AM
22544B,N,V,04/04/2026 09:48:14 AM
22545A,N,V,04/03/2026 07:36:16 PM
22545B,N,O,04/04/2026 08:59:49 AM
22546A,N,O,04/04/2026 08:58:48 AM
22546B,N,V,04/04/2026 09:50:49 AM
22547A,N,O,04/03/2026 06:59:08 PM
22547B,N,O,04/04/2026 09:44:55 AM
22548A,N,O,04/03/2026 08:09:03 PM
22548B,N,O,04/04/2026 09:04:20 AM
22549A,N,O,04/04/2026 08:55:51 AM
22550A,N,V,04/04/2026 09:04:44 AM
22550B,N,O,04/04/2026 08:59:44 AM
22551A,N,V,04/03/2026 08:59:58 PM
22551B,N,O,04/04/2026 08:58:46 AM
22552A,N,V,04/04/2026 09:49:15 AM
22552B,N,V,04/04/2026 09:49:22 AM
22553A,N,O,04/04/2026 08:56:45 AM
22553B,N,V,04/03/2026 09:43:57 PM
22554A,N,O,04/04/2026 08:55:47 AM
22554B,N,V,04/04/2026 09:43:30 AM
22555A,N,O,04/03/2026 07:11:34 PM
22555B,N,V,04/03/2026 09:59:50 PM
22556A,N,O,04/03/2026 06:50:37 PM
22556B,N,O,04/04/2026 08:58:43 AM
22557B,N,O,04/03/2026 06:35:27 PM
22558A,N,O,04/03/2026 06:33:39 PM
22558B,N,O,04/03/2026 06:12:28 PM
22559A,N,O,04/03/2026 08:05:17 PM
22559B,N,O,04/04/2026 08:55:43 AM
22560A,N,O,04/04/2026 08:59:55 AM
22560B,N,O,04/04/2026 08:59:59 AM
22561A,N,V,04/03/2026 10:08:42 PM
22561B,N,V,04/03/2026 10:08:42 PM
22562A,N,V,04/03/2026 01:55:18 PM
22562B,N,V,04/03/2026 08:27:55 PM
22563A,N,V,04/03/2026 07:55:31 PM
22563B,N,V,04/03/2026 07:55:15 PM
22564A,N,V,04/04/2026 09:30:26 AM
22564B,N,V,04/03/2026 09:52:33 PM
22565A,N,V,04/03/2026 03:55:43 PM
22565B,N,V,04/03/2026 10:28:46 AM
22566A,N,V,04/03/2026 07:14:48 PM
22566B,N,V,04/04/2026 09:17:55 AM
22567A,N,V,04/04/2026 09:45:50 AM
22567B,N,O,04/03/2026 05:59:35 PM
22568A,N,O,04/04/2026 08:56:47 AM
22568B,N,V,04/04/2026 09:50:55 AM
22569A,N,O,04/04/2026 09:51:41 AM
22569B,N,V,04/04/2026 09:51:21 AM
22570A,N,V,04/04/2026 09:51:44 AM
22570B,N,V,04/04/2026 09:28:41 AM
22571A,N,V,04/03/2026 04:06:32 PM
22571B,N,O,04/03/2026 04:38:20 PM
22572A,N,V,04/03/2026 09:59:23 PM
22572B,N,O,04/03/2026 08:47:48 PM
22573A,N,O,04/03/2026 09:08:47 PM
22573B,N,V,04/03/2026 09:10:11 PM
22574A,N,O,04/04/2026 08:55:44 AM
22574B,N,V,04/04/2026 09:47:28 AM
22575A,N,V,04/03/2026 04:08:38 PM
22575B,N,V,04/03/2026 09:25:11 PM
22576A,N,V,04/03/2026 05:54:43 PM
22576B,N,V,04/03/2026 04:01:37 PM
22577A,N,O,04/03/2026 09:03:21 PM
22577B,N,V,04/04/2026 09:22:07 AM
22579A,N,O,04/04/2026 08:55:51 AM
22580A,N,O,04/04/2026 08:59:58 AM
22581A,N,O,04/04/2026 08:58:55 AM
22581B,N,O,04/04/2026 08:58:48 AM
22582A,N,O,04/04/2026 08:57:52 AM
22583A,N,O,04/04/2026 08:56:42 AM
22583B,N,O,04/04/2026 08:56:42 AM
22584A,N,O,04/04/2026 08:55:45 AM
22586B,N,V,04/04/2026 09:51:28 AM
22587A,N,V,04/03/2026 08:10:09 PM
22587B,N,O,04/03/2026 09:58:21 PM
22588A,N,V,04/04/2026 09:01:04 AM
22588B,N,O,04/03/2026 08:02:02 PM
22589A,N,O,04/03/2026 09:22:15 PM
22589B,N,V,04/03/2026 05:56:41 PM
22590A,N,O,04/04/2026 09:50:31 AM
22590B,N,O,04/04/2026 08:59:52 AM
22591A,N,V,04/04/2026 09:50:12 AM
22591B,N,O,04/04/2026 09:51:43 AM
22592A,N,V,04/03/2026 05:50:33 PM
22604A,N,V,04/03/2026 05:52:10 PM
22604B,N,O,04/03/2026 08:39:03 PM
22605A,N,O,04/03/2026 04:59:24 PM
22605B,N,O,04/04/2026 08:59:47 AM
22606A,N,O,04/03/2026 07:28:12 PM
22607A,N,V,04/04/2026 09:50:52 AM
22607B,N,V,04/03/2026 01:31:51 PM
22608A,N,V,04/02/2026 08:14:33 AM
22608B,N,O,04/04/2026 08:56:49 AM
22609A,N,O,04/03/2026 01:38:17 PM
22610B,N,O,04/04/2026 09:00:07 AM
22611A,N,V,04/03/2026 05:02:50 PM
22611B,N,V,04/03/2026 04:47:04 PM
22612A,N,V,04/03/2026 09:42:09 PM
22612B,N,O,04/03/2026 09:41:04 PM
22614A,N,V,04/03/2026 09:56:13 PM
22614B,N,O,04/03/2026 09:28:50 PM
22615A,N,V,04/04/2026 09:48:51 AM
22615B,N,O,04/04/2026 09:35:52 AM
22616A,N,V,04/04/2026 09:35:55 AM
22616B,N,V,04/04/2026 09:51:29 AM
22617A,N,O,04/04/2026 08:57:53 AM
22617B,N,V,04/03/2026 06:17:04 PM
22618A,N,V,04/04/2026 09:51:11 AM
22618B,N,O,04/04/2026 08:57:32 AM
22619A,N,V,04/04/2026 09:26:29 AM
22619B,N,O,04/03/2026 07:24:48 PM
22620A,N,O,04/04/2026 08:59:47 AM
22620B,N,V,04/04/2026 09:04:17 AM
22621A,N,V,04/04/2026 09:49:44 AM
22621B,N,V,04/04/2026 09:45:36 AM
22622A,N,V,04/04/2026 09:15:36 AM
22622B,N,V,04/03/2026 06:22:45 PM
22623A,N,V,04/04/2026 08:57:32 AM
22623B,N,O,04/04/2026 08:56:52 AM
22624A,N,V,04/04/2026 09:49:02 AM
22624B,N,O,04/03/2026 07:40:47 PM
22625A,N,V,04/03/2026 09:56:05 PM
22625B,N,V,04/04/2026 09:43:46 AM
22626A,N,O,04/03/2026 07:22:21 PM
22626B,N,V,04/03/2026 09:44:47 PM
22627A,N,O,04/03/2026 04:59:47 PM
22627B,N,V,04/03/2026 07:21:06 PM
22628A,N,O,04/03/2026 07:59:39 PM
22628B,N,O,04/04/2026 08:56:51 AM
22629A,N,V,04/03/2026 09:27:46 PM
22629B,N,O,04/04/2026 08:55:46 AM
22630A,N,O,04/03/2026 06:17:11 PM
22630B,N,V,04/03/2026 08:44:01 PM
22631A,N,O,04/04/2026 09:46:27 AM
22631B,N,O,04/04/2026 08:58:42 AM
22632A,N,O,04/04/2026 09:50:52 AM
22632B,N,O,04/04/2026 08:57:44 AM
22633A,N,V,04/04/2026 09:48:07 AM
22633B,N,O,04/04/2026 08:56:51 AM
22634A,N,O,04/04/2026 08:55:47 AM
22634B,N,O,04/04/2026 08:55:47 AM
22635A,N,O,04/04/2026 08:59:47 AM
22635B,N,O,04/04/2026 08:59:47 AM
22636A,N,V,04/04/2026 09:29:19 AM
22636B,N,V,04/04/2026 09:10:51 AM
22637A,N,O,04/04/2026 08:57:51 AM
22637B,N,O,04/04/2026 08:57:51 AM
22638A,N,O,04/04/2026 08:56:51 AM
22638B,N,O,04/04/2026 08:57:09 AM
22639A,N,O,04/04/2026 08:55:53 AM
22639B,N,O,04/04/2026 08:55:53 AM
22640A,N,O,04/04/2026 08:59:43 AM
22640B,N,O,04/04/2026 08:59:39 AM
22641A,N,O,04/04/2026 08:58:46 AM
22641B,N,O,04/04/2026 08:58:46 AM
22642A,N,O,04/04/2026 08:57:53 AM
22642B,N,O,04/04/2026 08:57:53 AM
22643A,N,O,04/04/2026 08:56:50 AM
22643B,N,O,04/04/2026 08:56:50 AM
22650A,N,O,04/04/2026 08:59:52 AM
22650B,N,O,04/03/2026 01:40:03 PM
22651A,N,O,04/04/2026 09:23:50 AM
22651B,N,O,04/03/2026 08:58:49 AM
22656B,N,O,04/04/2026 08:58:50 AM
22657A,N,O,04/04/2026 08:58:00 AM
22657B,N,O,04/04/2026 08:57:51 AM
22658A,N,O,04/04/2026 08:56:46 AM
22658B,N,O,04/04/2026 09:29:34 AM
22659A,N,O,04/04/2026 09:39:16 AM
22659B,N,V,04/04/2026 09:42:50 AM
22660A,N,O,04/04/2026 09:21:32 AM
22660B,N,V,01/12/2026 12:09:11 PM
22661A,N,O,04/04/2026 08:58:44 AM
22661B,N,O,04/04/2026 08:58:44 AM
22662A,N,O,04/04/2026 09:48:25 AM
22662B,N,O,04/04/2026 08:57:48 AM
22663A,N,V,04/04/2026 09:49:57 AM
22663B,N,O,04/04/2026 08:56:44 AM
22664A,N,O,04/04/2026 08:55:44 AM
22664B,N,O,04/04/2026 08:55:44 AM
22665A,N,O,04/04/2026 08:59:53 AM
22666A,N,O,04/04/2026 09:00:08 AM
22667A,N,O,04/04/2026 08:57:51 AM
22667B,N,V,04/04/2026 09:36:44 AM
22668A,N,O,04/04/2026 08:56:46 AM
22669A,N,O,04/04/2026 09:47:03 AM
22669B,N,O,04/04/2026 08:56:20 AM
22670A,N,O,11/22/2025 08:29:38 AM
22670B,N,O,11/22/2025 06:59:55 AM
22671A,N,O,04/04/2026 09:38:52 AM
22671B,N,V,04/04/2026 09:31:31 AM
22672A,N,V,04/04/2026 09:48:18 AM
22672B,N,O,04/03/2026 10:20:55 AM
22673A,N,O,04/03/2026 10:21:04 AM
22673B,N,O,04/04/2026 08:56:49 AM
22674A,N,O,04/04/2026 09:00:54 AM
22674B,N,O,04/04/2026 08:55:49 AM
22675A,NU,O,11/18/2025 03:37:11 PM
22675B,NU,O,08/25/2025 10:40:46 AM
22676A,N,V,04/03/2026 09:59:35 PM
22676B,N,V,09/09/2025 06:39:15 PM
22677A,N,O,04/04/2026 08:58:06 AM
22678B,N,O,04/04/2026 08:56:43 AM
22679A,N,O,04/04/2026 08:55:49 AM
22679B,N,O,04/04/2026 09:13:33 AM
22680A,N,O,04/04/2026 08:59:44 AM
22681A,N,O,04/04/2026 08:58:51 AM
22681B,N,O,04/04/2026 09:50:43 AM
22682A,N,O,04/04/2026 08:57:48 AM
22682B,N,O,04/04/2026 08:57:48 AM
22683A,N,O,04/04/2026 09:12:31 AM
22683B,N,O,04/04/2026 08:56:44 AM
22684A,N,O,04/04/2026 08:55:44 AM
22684B,N,O,04/04/2026 09:48:40 AM
22685A,N,O,04/04/2026 09:11:50 AM
22685B,N,O,04/04/2026 08:59:52 AM
22686A,N,O,04/04/2026 08:58:43 AM
22686B,N,V,04/04/2026 09:48:01 AM
22687A,N,O,04/04/2026 09:49:04 AM
22687B,N,V,04/04/2026 09:49:04 AM
22688A,N,O,04/04/2026 08:56:50 AM
22688B,N,O,04/04/2026 08:56:50 AM
22689A,N,V,04/04/2026 08:57:42 AM
22689B,N,O,04/04/2026 09:41:51 AM
22690A,N,O,04/04/2026 08:59:46 AM
22690B,N,O,04/04/2026 09:51:18 AM
22691A,N,V,04/03/2026 09:15:02 PM
22691B,N,V,04/03/2026 09:59:54 PM
22692A,N,O,04/03/2026 09:35:17 PM
22692B,N,O,04/03/2026 09:59:41 PM
22693A,N,O,04/03/2026 09:11:37 PM
22693B,N,O,04/03/2026 09:22:03 PM
22694A,N,O,04/04/2026 09:44:29 AM
22694B,N,O,04/03/2026 07:52:56 PM
22695A,N,O,04/04/2026 08:59:52 AM
22695B,N,V,04/04/2026 09:08:19 AM
22696A,N,V,04/04/2026 09:32:31 AM
22696B,N,O,04/04/2026 08:58:50 AM
22697A,N,O,04/04/2026 08:57:52 AM
22697B,N,O,04/04/2026 09:22:56 AM
22698A,N,O,04/03/2026 08:57:30 PM
22698B,N,O,04/04/2026 08:56:52 AM
22699A,N,O,04/04/2026 09:50:18 AM
22699B,N,V,04/04/2026 08:57:03 AM
22700A,N,O,04/03/2026 08:52:15 PM
22700B,N,O,04/03/2026 09:11:44 PM
22703A,N,O,04/03/2026 08:25:33 PM
22703B,N,O,04/04/2026 08:56:50 AM
22704A,N,O,04/04/2026 08:55:49 AM
22704B,N,O,04/04/2026 09:33:01 AM
2270A,N,O,04/03/2026 06:59:48 AM
2270B,N,O,04/04/2026 08:42:17 AM
22710A,N,O,04/03/2026 06:40:30 PM
22710B,N,O,04/03/2026 07:55:10 PM
22711A,N,O,04/03/2026 07:12:28 PM
22711B,N,O,04/03/2026 03:38:23 PM
22712A,N,O,04/04/2026 09:37:57 AM
22712B,N,O,04/04/2026 08:57:45 AM
22713A,N,V,04/04/2026 09:36:32 AM
22714B,N,O,04/03/2026 09:33:11 PM
22715A,N,O,04/03/2026 04:54:09 PM
22715B,N,O,04/03/2026 11:12:32 AM
22721A,N,O,04/03/2026 06:35:47 PM
22721B,N,O,04/03/2026 07:04:17 PM
22722A,N,O,04/03/2026 07:45:26 PM
22722B,N,O,04/03/2026 07:04:02 PM
22723A,N,O,04/04/2026 09:13:59 AM
22723B,N,O,04/04/2026 08:56:55 AM
22724A,N,O,04/04/2026 08:55:47 AM
22724B,N,V,04/04/2026 09:43:03 AM
22725A,N,O,04/04/2026 08:59:51 AM
22725B,N,O,04/03/2026 08:57:47 PM
22726B,N,O,04/03/2026 03:53:33 PM
22730A,N,O,04/04/2026 09:44:19 AM
22730B,N,O,04/04/2026 09:43:21 AM
22731A,N,O,04/04/2026 08:59:49 AM
22731B,N,O,04/04/2026 08:58:56 AM
22732A,N,O,04/04/2026 09:17:09 AM
22732B,N,O,04/03/2026 09:41:11 PM
22733A,N,V,04/04/2026 09:44:56 AM
22733B,N,O,04/04/2026 08:56:48 AM
22734A,N,O,04/04/2026 09:16:39 AM
22734B,N,O,04/04/2026 09:14:04 AM
22735A,N,O,04/04/2026 09:43:56 AM
22735B,N,O,04/04/2026 08:59:49 AM
22736A,N,V,04/04/2026 09:35:33 AM
22736B,N,V,04/04/2026 09:18:16 AM
22737A,N,O,04/04/2026 08:57:53 AM
22737B,N,O,04/04/2026 08:57:53 AM
22740A,N,V,04/04/2026 09:47:53 AM
22740B,N,V,04/04/2026 09:22:35 AM
22741A,N,V,04/04/2026 09:51:41 AM
22741B,N,V,04/04/2026 09:02:29 AM
22742A,N,V,04/04/2026 09:51:09 AM
22742B,N,O,04/04/2026 09:51:37 AM
22743A,N,O,04/04/2026 08:56:52 AM
22743B,N,O,04/04/2026 08:56:56 AM
22744A,N,O,04/04/2026 09:46:41 AM
22744B,N,O,04/04/2026 08:55:47 AM
22745A,N,V,04/04/2026 09:50:16 AM
22745B,N,V,04/04/2026 09:50:59 AM
22746A,N,O,04/04/2026 08:58:54 AM
22746B,N,O,04/04/2026 09:50:32 AM
22747A,N,V,04/04/2026 09:44:29 AM
22747B,N,O,04/04/2026 09:51:43 AM
22748A,N,O,04/04/2026 08:56:44 AM
22748B,N,O,04/04/2026 09:50:43 AM
22749A,N,O,04/03/2026 04:46:06 PM
22749B,N,V,04/04/2026 09:47:46 AM
22750A,N,V,04/04/2026 09:50:17 AM
22750B,N,O,04/04/2026 08:59:49 AM
22751A,N,V,04/04/2026 09:49:51 AM
22751B,N,O,04/04/2026 08:58:47 AM
22752A,N,V,04/04/2026 09:46:27 AM
22752B,N,O,04/04/2026 09:50:44 AM
22753A,N,O,04/04/2026 09:51:22 AM
22753B,N,V,04/04/2026 09:50:19 AM
22754A,N,O,04/04/2026 08:55:48 AM
22754B,N,O,04/04/2026 08:55:48 AM
22755A,NU,V,04/04/2026 09:00:42 AM
22755B,NU,O,04/04/2026 09:47:34 AM
22756A,N,V,04/04/2026 09:36:37 AM
22756B,N,O,04/04/2026 08:58:52 AM
22757A,N,O,04/04/2026 08:57:52 AM
22757B,N,O,04/04/2026 09:14:27 AM
22758A,N,O,04/04/2026 08:56:55 AM
22758B,N,V,04/04/2026 09:26:27 AM
22759A,N,V,04/04/2026 09:43:33 AM
22759B,N,V,04/04/2026 09:28:30 AM
22760A,N,O,04/04/2026 08:59:48 AM
22760B,N,O,04/04/2026 09:16:38 AM
22761A,N,O,04/04/2026 09:07:43 AM
22761B,N,V,03/23/2026 06:47:42 PM
22762A,N,O,04/04/2026 08:57:43 AM
22762B,N,O,04/04/2026 08:57:43 AM
22763A,N,O,04/04/2026 09:47:25 AM
22763B,N,O,04/04/2026 09:50:01 AM
22764A,N,V,04/04/2026 09:22:08 AM
22764B,N,O,04/04/2026 09:51:17 AM
22765A,N,O,04/04/2026 09:50:18 AM
22765B,N,O,04/04/2026 09:27:20 AM
22766A,N,O,04/04/2026 08:58:43 AM
22766B,N,O,04/04/2026 08:58:43 AM
22767A,N,O,04/04/2026 08:57:50 AM
22767B,N,O,04/04/2026 09:51:31 AM
22768A,N,O,04/04/2026 09:51:29 AM
22768B,N,O,04/03/2026 09:55:49 PM
22769A,N,O,04/04/2026 09:51:22 AM
22769B,N,O,04/04/2026 08:55:48 AM
2276A,N,O,04/03/2026 09:59:59 PM
2276B,N,O,04/03/2026 09:59:12 PM
22770A,N,O,04/04/2026 09:51:28 AM
22770B,N,V,04/04/2026 09:18:11 AM
22771A,N,V,04/04/2026 09:51:21 AM
22771B,N,O,04/04/2026 08:58:58 AM
22772A,N,V,04/04/2026 09:09:29 AM
22772B,N,O,04/04/2026 08:57:49 AM
22773A,N,V,04/04/2026 09:05:46 AM
22773B,N,O,04/04/2026 09:18:35 AM
22774A,N,V,04/04/2026 09:08:30 AM
22774B,N,O,04/04/2026 08:55:57 AM
22775A,N,V,04/04/2026 09:51:40 AM
22775B,N,V,04/04/2026 09:31:28 AM
22776A,N,O,04/04/2026 08:58:52 AM
22777A,N,O,04/04/2026 08:57:59 AM
22777B,N,O,04/04/2026 09:50:01 AM
22778A,N,O,04/04/2026 08:56:50 AM
22778B,N,V,04/04/2026 09:46:14 AM
22779A,N,O,04/03/2026 06:56:09 PM
22779B,N,O,04/04/2026 09:12:13 AM
2277A,N,O,04/03/2026 09:53:36 PM
2277B,N,V,04/03/2026 09:12:32 PM
22780A,N,O,04/04/2026 08:59:44 AM
22780B,N,O,04/04/2026 09:00:30 AM
22781A,N,O,04/04/2026 08:59:30 AM
22781B,N,O,04/04/2026 08:58:47 AM
22782A,N,V,04/04/2026 09:51:16 AM
22782B,N,O,04/04/2026 09:37:34 AM
2278A,N,O,04/03/2026 09:47:53 PM
2278B,N,O,04/03/2026 10:26:47 AM
22792A,N,O,04/04/2026 08:58:04 AM
22792B,N,V,04/04/2026 09:48:11 AM
22793A,N,V,04/04/2026 09:42:29 AM
22793B,N,O,04/04/2026 08:56:41 AM
22794A,N,V,04/04/2026 09:47:41 AM
22794B,N,O,04/04/2026 09:48:40 AM
22795A,N,O,04/04/2026 08:59:50 AM
22795B,N,O,04/04/2026 09:06:09 AM
22796A,N,O,04/04/2026 09:20:30 AM
22796B,N,V,04/04/2026 09:43:40 AM
22797A,N,V,04/03/2026 09:45:09 PM
22797B,N,O,04/03/2026 01:29:13 PM
22798A,N,O,04/03/2026 12:36:04 PM
22798B,N,V,04/03/2026 10:08:11 AM
2279A,N,O,04/04/2026 09:30:04 AM
2279B,N,O,04/04/2026 09:01:14 AM
22800A,N,V,04/04/2026 09:19:29 AM
22800B,N,V,04/04/2026 09:15:31 AM
22801A,N,O,04/03/2026 09:59:43 PM
22801B,N,O,04/04/2026 08:58:47 AM
22802A,N,V,04/04/2026 09:35:33 AM
22802B,N,O,04/04/2026 09:51:37 AM
22803A,N,O,04/04/2026 08:56:47 AM
22804B,N,O,04/04/2026 08:55:49 AM
22805A,N,O,04/03/2026 09:46:19 PM
22805B,N,V,04/04/2026 09:47:53 AM
22806A,N,V,04/04/2026 09:48:25 AM
22806B,N,O,04/04/2026 09:48:25 AM
22807A,N,O,04/04/2026 09:06:15 AM
22807B,N,O,04/04/2026 09:40:20 AM
22808A,N,V,04/04/2026 09:16:50 AM
22808B,N,O,04/04/2026 08:56:45 AM
22809A,N,V,04/04/2026 09:44:13 AM
22809B,N,O,04/04/2026 09:40:32 AM
2282A,N,V,04/03/2026 09:04:12 PM
2282B,N,V,04/03/2026 08:39:59 PM
2283A,N,V,04/03/2026 09:02:55 PM
2283B,N,V,04/03/2026 09:59:23 PM
2284A,N,V,04/03/2026 09:59:00 PM
2284B,N,V,04/03/2026 09:04:05 PM
2285A,N,O,04/04/2026 09:32:22 AM
2285B,N,O,04/04/2026 09:47:25 AM
2286A,N,O,04/04/2026 09:21:27 AM
2286B,N,O,04/04/2026 09:03:00 AM
2287A,N,O,04/04/2026 09:43:39 AM
2287B,N,O,04/04/2026 08:57:56 AM
2288A,N,O,04/04/2026 09:50:09 AM
2288B,N,O,04/04/2026 08:56:50 AM
2289A,N,O,04/04/2026 08:55:44 AM
2289B,N,O,04/04/2026 09:49:33 AM
2290A,N,V,04/04/2026 09:50:49 AM
2290B,N,O,04/04/2026 08:59:46 AM
2291A,N,V,04/03/2026 09:56:46 PM
2291B,N,O,04/04/2026 08:58:46 AM
2292A,N,O,04/04/2026 08:57:44 AM
2292B,N,O,04/03/2026 08:55:01 PM
2293A,N,O,04/04/2026 08:56:49 AM
2293B,N,O,04/04/2026 09:41:25 AM
2294A,N,O,04/04/2026 08:56:19 AM
2294B,N,O,04/04/2026 08:55:55 AM
2295A,N,O,04/04/2026 08:59:45 AM
2295B,N,O,04/04/2026 08:59:45 AM
2296A,N,O,04/04/2026 09:51:08 AM
2296B,N,V,04/04/2026 09:49:25 AM
2297A,N,O,04/04/2026 08:57:40 AM
2297B,N,O,04/04/2026 08:57:40 AM
2298A,N,O,04/04/2026 08:57:08 AM
2298B,N,O,04/04/2026 09:23:14 AM
22A,NU,V,03/22/2026 09:56:55 PM
22B,NU,O,03/22/2026 09:59:06 PM
23002A,N,O,04/03/2026 06:49:17 PM
23002B,N,V,04/03/2026 07:12:11 PM
23003B,N,O,04/04/2026 08:56:46 AM
23004A,N,O,04/04/2026 08:55:46 AM
23004B,N,O,04/04/2026 09:50:24 AM
23005A,N,O,04/04/2026 08:59:51 AM
23005B,N,O,04/04/2026 08:59:51 AM
23006A,NU,O,10/09/2025 06:58:51 AM
23007A,N,O,04/04/2026 08:57:56 AM
23007B,NU,O,10/09/2025 06:57:50 AM
23008A,N,O,04/03/2026 04:18:44 PM
23008B,N,O,04/04/2026 08:56:44 AM
23010A,N,O,04/03/2026 04:09:00 PM
23010B,N,V,04/04/2026 09:18:16 AM
23011A,N,V,04/04/2026 09:38:37 AM
23011B,N,O,04/04/2026 09:39:28 AM
23012A,N,O,04/03/2026 09:16:22 PM
23012B,N,O,04/04/2026 09:51:30 AM
23013A,N,O,04/04/2026 08:56:48 AM
23013B,N,O,04/04/2026 08:56:48 AM
23017A,N,V,04/04/2026 09:43:01 AM
23017B,N,V,04/04/2026 09:06:46 AM
23018A,N,O,04/04/2026 09:49:12 AM
23018B,N,O,04/04/2026 08:56:58 AM
23019A,N,V,04/04/2026 09:14:42 AM
23019B,N,O,04/04/2026 09:43:19 AM
23020B,N,V,04/04/2026 09:43:54 AM
23021A,N,O,04/04/2026 09:34:20 AM
23021B,N,O,04/04/2026 08:58:55 AM
23022A,N,V,04/03/2026 04:52:34 PM
23022B,N,O,04/04/2026 08:57:43 AM
23023A,N,O,04/04/2026 09:39:20 AM
23023B,N,O,04/04/2026 08:56:51 AM
23024A,N,O,04/04/2026 09:50:03 AM
23024B,N,O,04/04/2026 09:29:32 AM
23025A,N,O,04/04/2026 09:38:50 AM
23025B,N,O,04/03/2026 08:59:50 AM
23026A,N,O,04/04/2026 08:58:49 AM
23026B,N,O,04/04/2026 08:58:49 AM
23027A,N,O,04/04/2026 08:57:50 AM
23027B,N,O,04/04/2026 08:57:50 AM
23028A,N,V,04/04/2026 09:09:42 AM
23028B,N,O,04/04/2026 09:51:18 AM
23029A,N,O,04/03/2026 07:57:16 PM
23029B,N,O,04/04/2026 08:55:50 AM
23030B,N,O,04/04/2026 08:59:52 AM
23031A,N,O,04/03/2026 07:05:02 PM
23031B,N,O,04/04/2026 08:58:49 AM
23032A,N,V,04/04/2026 09:25:36 AM
23032B,N,O,04/04/2026 09:34:48 AM
23033A,N,O,04/04/2026 08:56:52 AM
23033B,N,O,04/03/2026 07:53:38 PM
23034A,N,O,04/04/2026 08:55:41 AM
23034B,N,O,04/03/2026 09:51:22 PM
23035A,N,O,04/04/2026 09:43:25 AM
23035B,N,O,04/03/2026 08:59:12 PM
23036A,N,O,04/03/2026 09:09:32 PM
23036B,N,V,04/04/2026 09:01:15 AM
23037A,N,V,04/04/2026 09:25:02 AM
23037B,N,O,04/03/2026 07:10:02 PM
23038A,N,O,04/03/2026 06:33:33 PM
23038B,N,O,04/04/2026 08:56:45 AM
23039A,N,O,04/03/2026 07:24:44 PM
23039B,N,O,04/04/2026 09:46:34 AM
23040A,N,V,04/04/2026 09:49:56 AM
23040B,N,O,04/04/2026 08:59:57 AM
23041A,N,O,04/03/2026 03:38:49 PM
23042A,N,O,04/04/2026 08:58:02 AM
23042B,N,O,04/04/2026 09:50:13 AM
23043A,N,O,04/04/2026 08:56:53 AM
23043B,N,O,04/04/2026 08:57:07 AM
23045A,N,V,04/04/2026 09:41:47 AM
23045B,N,V,04/04/2026 09:49:09 AM
23046A,N,O,04/03/2026 09:52:47 PM
23046B,N,O,04/04/2026 09:20:35 AM
23047A,N,O,04/04/2026 08:57:43 AM
23047B,N,O,04/04/2026 08:57:43 AM
23048A,N,V,04/03/2026 04:37:34 PM
23048B,N,V,04/04/2026 09:08:26 AM
23049A,N,V,04/04/2026 09:34:56 AM
23049B,N,V,04/04/2026 09:14:06 AM
23050A,N,O,04/02/2026 07:59:43 PM
23050B,N,V,04/02/2026 07:27:54 PM
23051A,N,O,04/03/2026 09:01:04 PM
23051B,N,O,04/03/2026 09:56:52 PM
23052A,N,O,04/03/2026 07:24:18 PM
23052B,N,V,04/04/2026 09:45:53 AM
23053A,N,O,04/03/2026 08:17:26 PM
23053B,N,V,04/04/2026 09:18:35 AM
23055B,N,O,04/03/2026 09:53:15 PM
23056A,N,O,04/03/2026 09:57:48 PM
23056B,N,V,04/03/2026 10:47:11 AM
23057A,N,V,04/03/2026 07:07:17 PM
23057B,N,O,04/04/2026 09:46:59 AM
23058A,N,V,04/04/2026 09:46:36 AM
23058B,N,V,04/04/2026 09:28:57 AM
23059A,N,O,04/03/2026 08:34:01 PM
23059B,N,O,04/03/2026 09:36:03 PM
23060A,N,V,04/04/2026 09:22:09 AM
23061A,NU,O,09/27/2025 07:07:29 AM
23061B,NU,O,10/09/2025 06:58:53 AM
23062A,N,O,04/04/2026 08:57:54 AM
23062B,N,O,04/04/2026 08:57:54 AM
23063A,N,O,04/04/2026 09:02:26 AM
23063B,N,V,04/04/2026 09:48:03 AM
23065A,N,O,04/03/2026 06:28:14 PM
23065B,N,O,04/03/2026 07:45:16 PM
23066A,N,O,04/03/2026 09:06:01 PM
23066B,N,O,04/03/2026 05:45:53 PM
23067B,N,O,04/03/2026 07:29:56 PM
23068B,N,V,04/04/2026 09:42:31 AM
23069A,N,V,04/04/2026 09:47:14 AM
23072A,N,O,04/03/2026 04:38:19 PM
23072B,N,O,04/03/2026 08:21:02 PM
23073A,N,O,04/03/2026 09:13:15 PM
23073B,N,O,04/03/2026 08:45:33 PM
23074A,N,O,04/03/2026 09:47:08 PM
23075A,N,O,04/03/2026 07:32:49 PM
23075B,N,O,04/03/2026 09:09:30 PM
23076A,N,O,04/03/2026 08:53:52 PM
23076B,N,O,04/03/2026 09:40:33 PM
23077A,N,O,04/03/2026 09:47:59 PM
23077B,N,O,04/03/2026 09:41:48 PM
23078A,N,V,04/03/2026 09:08:50 PM
23078B,N,O,04/03/2026 07:43:09 PM
23079A,N,O,04/03/2026 08:35:03 PM
23079B,N,O,04/03/2026 08:36:55 PM
23080A,N,O,04/03/2026 06:45:57 PM
23080B,N,O,04/03/2026 02:47:37 PM
23081A,N,O,04/03/2026 08:49:34 PM
23081B,N,O,04/03/2026 09:50:15 PM
23082A,N,O,04/03/2026 09:48:52 PM
23082B,N,O,04/03/2026 09:59:20 PM
23083A,N,V,04/03/2026 06:26:21 PM
23083B,N,V,04/04/2026 09:13:13 AM
23084A,N,O,04/03/2026 09:55:40 PM
23084B,N,V,04/03/2026 06:27:03 PM
23085A,N,V,04/03/2026 05:58:02 PM
23085B,N,V,04/03/2026 05:12:22 PM
23086A,N,V,04/03/2026 04:46:05 PM
23086B,N,V,04/03/2026 05:16:47 PM
23087A,N,O,04/04/2026 09:48:48 AM
23087B,N,O,04/04/2026 09:23:38 AM
23088A,N,O,04/04/2026 09:50:59 AM
23088B,N,O,04/04/2026 09:50:06 AM
23089A,N,O,04/04/2026 08:55:59 AM
23089B,N,O,04/04/2026 08:58:38 AM
23090B,N,O,04/04/2026 09:37:58 AM
23091A,N,V,04/04/2026 09:51:32 AM
23092A,N,V,04/04/2026 09:39:20 AM
23092B,N,V,04/04/2026 09:47:51 AM
23093A,N,O,04/04/2026 09:49:48 AM
23093B,N,O,04/04/2026 08:56:55 AM
23094A,N,O,04/04/2026 08:55:49 AM
23094B,N,O,04/04/2026 08:55:49 AM
23095A,N,O,04/04/2026 09:40:16 AM
23095B,N,O,04/03/2026 07:40:15 PM
23096A,N,O,04/04/2026 08:58:53 AM
23096B,N,O,04/04/2026 09:20:39 AM
23097A,N,O,04/04/2026 08:57:54 AM
23097B,N,O,04/04/2026 09:49:24 AM
23098A,N,O,04/04/2026 09:50:24 AM
23098B,N,O,04/04/2026 08:56:49 AM
23099B,N,O,04/04/2026 08:55:51 AM
23100A,N,O,04/04/2026 09:51:00 AM
23100B,N,O,04/04/2026 08:59:56 AM
23101A,N,O,04/04/2026 08:58:48 AM
23101B,N,O,04/03/2026 06:45:33 PM
23104A,N,O,04/04/2026 08:55:44 AM
23104B,N,O,04/04/2026 08:55:44 AM
23105A,N,O,04/04/2026 09:14:38 AM
23105B,N,V,04/04/2026 09:41:54 AM
23106A,N,O,04/04/2026 08:58:52 AM
23106B,N,O,04/03/2026 09:15:02 PM
23109A,N,O,04/04/2026 08:55:53 AM
23109B,N,O,04/04/2026 08:55:49 AM
23110A,N,O,04/04/2026 09:00:00 AM
23110B,N,O,04/04/2026 09:05:37 AM
23111A,N,O,04/04/2026 08:58:51 AM
23111B,N,O,04/04/2026 08:58:51 AM
23112A,N,O,04/04/2026 08:57:50 AM
23112B,N,O,04/04/2026 09:49:45 AM
23113A,N,O,04/04/2026 08:56:50 AM
23114A,N,O,04/04/2026 09:30:31 AM
23114B,N,O,04/04/2026 08:55:42 AM
23115A,N,V,04/04/2026 09:36:40 AM
23115B,N,O,04/04/2026 08:59:44 AM
23116A,N,V,04/04/2026 09:29:55 AM
23116B,N,O,04/04/2026 08:58:43 AM
2311B,N,O,04/04/2026 06:58:50 AM
23120A,N,O,04/03/2026 07:21:11 PM
23120B,N,O,04/03/2026 03:02:04 PM
23121A,N,O,04/03/2026 09:58:51 AM
23121B,N,O,04/03/2026 06:44:39 PM
23128B,N,O,04/04/2026 09:51:07 AM
23129A,N,V,04/04/2026 09:50:04 AM
23129B,N,O,04/04/2026 08:55:45 AM
2312A,N,O,04/04/2026 06:57:51 AM
2312B,N,O,04/03/2026 10:25:14 AM
23130A,N,V,04/04/2026 09:51:38 AM
23130B,N,O,04/04/2026 08:59:44 AM
23131A,N,V,04/04/2026 09:50:43 AM
23131B,N,V,04/04/2026 09:22:08 AM
23132A,N,O,04/04/2026 08:57:50 AM
23132B,N,O,04/03/2026 06:26:18 PM
23133A,N,V,04/04/2026 09:51:23 AM
23133B,N,V,04/04/2026 09:17:37 AM
23134A,N,O,04/04/2026 09:38:36 AM
23134B,N,V,04/04/2026 09:51:39 AM
23135A,N,O,04/04/2026 08:59:49 AM
23135B,N,V,04/04/2026 09:11:38 AM
23136A,N,O,04/04/2026 08:59:04 AM
23136B,N,O,04/03/2026 09:54:16 PM
23137A,N,V,04/03/2026 05:08:44 PM
23137B,N,V,04/03/2026 07:47:05 PM
23138A,N,O,04/04/2026 09:38:47 AM
23138B,N,O,04/04/2026 08:56:51 AM
23139A,N,V,04/04/2026 09:08:04 AM
23139B,N,O,04/03/2026 08:40:52 PM
2313A,N,O,04/04/2026 06:56:43 AM
2313B,N,O,04/04/2026 07:08:42 AM
23140A,N,O,04/03/2026 09:31:48 PM
23140B,N,V,04/03/2026 07:20:21 PM
23142A,N,O,04/04/2026 08:57:41 AM
23142B,N,O,04/04/2026 08:57:41 AM
23143A,N,O,04/04/2026 08:56:47 AM
23143B,N,O,04/04/2026 09:49:25 AM
23144A,N,O,04/04/2026 09:40:21 AM
23144B,N,O,04/04/2026 09:05:14 AM
23145A,N,O,04/04/2026 09:00:06 AM
23145B,N,O,04/04/2026 08:59:51 AM
23146A,N,O,04/04/2026 08:58:50 AM
23146B,N,O,04/04/2026 08:58:43 AM
23147A,N,O,04/04/2026 09:14:32 AM
23147B,N,O,04/04/2026 09:32:23 AM
23148A,N,V,04/04/2026 09:46:21 AM
23148B,N,O,04/04/2026 08:56:43 AM
23149A,N,O,04/04/2026 08:55:45 AM
23149B,N,O,04/04/2026 09:37:06 AM
2314A,N,O,04/04/2026 06:56:00 AM
2314B,N,O,04/04/2026 06:55:50 AM
23150A,N,O,04/04/2026 08:59:44 AM
23150B,N,O,04/04/2026 08:59:44 AM
23151A,N,O,04/04/2026 09:07:30 AM
23152A,N,O,04/04/2026 08:57:43 AM
23152B,N,O,04/04/2026 08:57:43 AM
23153A,N,O,04/04/2026 09:27:44 AM
23153B,N,O,04/04/2026 09:45:27 AM
23154A,N,O,04/04/2026 08:55:51 AM
23154B,N,O,04/04/2026 08:55:51 AM
23155A,N,O,04/04/2026 08:59:51 AM
23155B,N,O,04/04/2026 09:13:09 AM
23156A,N,O,04/04/2026 08:58:45 AM
23156B,N,O,04/04/2026 08:58:45 AM
23157A,N,O,09/27/2025 01:26:51 PM
23157B,N,O,04/04/2026 08:57:42 AM
23158A,N,O,04/04/2026 08:56:45 AM
23158B,N,O,04/04/2026 08:56:45 AM
23159A,N,O,04/04/2026 09:50:10 AM
23159B,N,O,09/18/2025 01:24:17 PM
2315B,N,O,04/04/2026 06:59:48 AM
23160A,N,V,04/04/2026 09:41:51 AM
23160B,N,V,04/04/2026 09:50:34 AM
23161A,N,O,04/04/2026 08:58:40 AM
23161B,N,O,04/04/2026 09:48:28 AM
23162A,N,O,04/04/2026 08:57:45 AM
23163A,N,O,04/04/2026 08:56:41 AM
23163B,N,O,04/04/2026 08:56:41 AM
23164A,N,O,04/04/2026 09:19:38 AM
23164B,N,V,04/04/2026 09:49:48 AM
23165A,N,V,04/04/2026 09:51:24 AM
23165B,N,O,04/04/2026 09:00:10 AM
23166A,N,V,04/04/2026 09:42:53 AM
23166B,N,V,04/04/2026 09:42:46 AM
23167A,N,O,04/04/2026 09:48:36 AM
23167B,N,O,04/04/2026 09:42:38 AM
23168A,N,O,04/03/2026 03:17:01 PM
23168B,N,O,04/04/2026 08:56:42 AM
23169A,N,O,04/04/2026 08:55:50 AM
23169B,N,V,04/04/2026 09:35:28 AM
2316B,N,O,04/04/2026 08:58:46 AM
23170A,NU,V,04/04/2026 09:39:56 AM
23170B,NU,O,04/04/2026 08:59:55 AM
2317B,N,O,04/04/2026 06:57:44 AM
2318A,N,O,04/04/2026 08:56:52 AM
2318B,N,O,04/03/2026 04:13:38 PM
2319A,N,O,04/04/2026 09:35:32 AM
2319B,N,O,04/04/2026 08:55:50 AM
23201B,N,O,04/04/2026 08:58:58 AM
23203A,N,O,04/04/2026 09:41:01 AM
23203B,N,O,04/04/2026 09:15:40 AM
23204A,N,O,04/04/2026 08:55:52 AM
23204B,N,O,04/04/2026 08:55:56 AM
23205A,N,O,04/04/2026 09:32:29 AM
23205B,N,O,04/04/2026 08:59:46 AM
23206A,N,O,04/04/2026 09:42:47 AM
23206B,N,O,04/04/2026 08:58:44 AM
23208A,N,O,04/03/2026 06:37:04 PM
23208B,N,O,04/03/2026 06:29:50 PM
23209A,N,O,04/03/2026 08:40:27 PM
2320A,N,O,04/04/2026 08:59:51 AM
2320B,N,O,04/04/2026 09:00:05 AM
23210B,N,O,04/03/2026 01:47:33 PM
23211A,N,O,04/03/2026 08:36:29 PM
23212A,N,O,04/03/2026 09:28:00 PM
23212B,N,O,04/03/2026 09:08:00 PM
23213A,N,O,04/03/2026 09:28:39 PM
23213B,N,O,04/03/2026 10:26:53 AM
23214A,N,V,04/03/2026 09:31:15 PM
23214B,N,V,04/03/2026 09:59:47 PM
23215A,N,O,04/03/2026 09:15:10 PM
23215B,N,O,04/03/2026 09:29:23 PM
23216A,N,O,04/03/2026 07:26:14 PM
23216B,N,V,04/03/2026 09:45:44 PM
23217A,N,O,04/03/2026 09:46:49 PM
23217B,N,O,04/03/2026 08:16:12 PM
23218A,N,O,04/03/2026 09:24:50 PM
23218B,N,O,04/03/2026 06:29:21 PM
23219A,N,O,04/03/2026 06:26:23 PM
23219B,N,V,04/03/2026 09:06:24 PM
2321A,N,V,04/04/2026 09:50:38 AM
2321B,N,O,04/04/2026 08:58:47 AM
23220A,N,V,04/03/2026 09:53:50 PM
23220B,N,O,04/03/2026 09:50:12 PM
23221A,N,O,04/03/2026 08:07:31 PM
23221B,N,O,04/03/2026 09:51:59 PM
23222A,N,O,04/04/2026 09:43:26 AM
23222B,N,O,04/03/2026 09:53:23 PM
23223A,N,O,04/04/2026 08:56:45 AM
23223B,N,O,04/04/2026 09:34:52 AM
23224A,N,O,04/04/2026 09:46:26 AM
23224B,N,O,04/04/2026 09:27:25 AM
2322A,N,O,04/04/2026 08:57:53 AM
2322B,N,O,04/04/2026 08:57:49 AM
23236A,N,O,04/04/2026 08:58:58 AM
23236B,N,O,04/04/2026 09:46:47 AM
23237A,N,O,04/04/2026 09:25:23 AM
23237B,N,O,04/04/2026 09:50:53 AM
23238A,N,O,04/03/2026 05:38:35 PM
23238B,N,O,04/04/2026 08:56:46 AM
23239A,N,O,04/04/2026 08:55:43 AM
23239B,N,O,04/04/2026 08:55:47 AM
2323A,N,O,04/04/2026 08:56:44 AM
2323B,N,O,04/04/2026 08:56:51 AM
23240A,N,O,04/04/2026 08:59:45 AM
23240B,N,O,04/04/2026 08:59:45 AM
23241A,N,O,04/04/2026 08:58:51 AM
23241B,N,O,04/03/2026 01:53:12 PM
23242A,N,O,04/04/2026 09:06:27 AM
23243A,N,O,04/04/2026 08:56:49 AM
23244A,N,O,04/04/2026 09:34:51 AM
23244B,N,O,04/04/2026 09:39:10 AM
23246A,N,O,04/04/2026 09:40:46 AM
23246B,N,O,04/04/2026 08:58:47 AM
23247A,N,O,04/03/2026 09:54:50 PM
23247B,N,O,04/03/2026 07:36:24 PM
23248A,N,O,04/04/2026 08:56:50 AM
23248B,N,O,04/04/2026 08:56:50 AM
23249A,N,O,04/03/2026 06:45:33 PM
23249B,N,O,04/03/2026 05:33:57 PM
2324A,NU,O,04/03/2026 05:33:35 PM
2324B,NU,O,04/03/2026 07:31:19 PM
23250B,N,V,04/04/2026 09:08:42 AM
23251A,N,V,04/04/2026 09:51:41 AM
23251B,N,O,04/04/2026 08:58:54 AM
23252A,N,O,04/04/2026 08:57:43 AM
23252B,N,V,04/04/2026 09:38:51 AM
23253A,N,V,04/04/2026 09:50:56 AM
23253B,N,V,04/04/2026 09:49:03 AM
23254A,N,O,04/04/2026 09:28:11 AM
23254B,N,V,04/04/2026 09:51:01 AM
23255A,N,V,04/04/2026 09:30:49 AM
23255B,N,V,04/04/2026 09:17:04 AM
23256A,N,V,04/04/2026 09:48:55 AM
23256B,N,O,04/04/2026 08:58:50 AM
23257A,N,O,04/04/2026 09:15:23 AM
23257B,N,V,04/04/2026 09:17:17 AM
23258A,N,O,04/04/2026 09:05:10 AM
23258B,N,O,04/04/2026 09:14:08 AM
23259A,N,O,04/04/2026 08:55:43 AM
23259B,N,O,04/04/2026 08:55:43 AM
23260B,N,V,04/04/2026 09:17:03 AM
23270A,N,O,04/04/2026 09:51:11 AM
23270B,N,O,04/04/2026 09:16:20 AM
23271A,N,O,04/04/2026 09:50:41 AM
23271B,N,V,04/04/2026 09:42:33 AM
23272A,N,O,04/04/2026 08:57:48 AM
23272B,N,O,04/04/2026 08:58:10 AM
23273A,N,O,04/04/2026 09:48:15 AM
23273B,N,O,04/04/2026 08:56:53 AM
23274A,N,O,04/04/2026 08:55:50 AM
23274B,N,O,04/04/2026 08:55:57 AM
23275A,N,O,04/04/2026 08:59:56 AM
23275B,N,O,04/03/2026 06:37:46 PM
23276A,N,O,04/04/2026 08:59:04 AM
23276B,N,O,04/04/2026 08:58:49 AM
23277A,N,V,04/04/2026 09:51:00 AM
23278A,N,O,04/04/2026 09:25:26 AM
23278B,N,O,04/04/2026 08:56:45 AM
23279A,N,O,04/04/2026 09:40:10 AM
23279B,N,O,04/04/2026 09:23:08 AM
23280A,N,O,04/04/2026 08:59:50 AM
23280B,N,O,07/06/2025 09:28:02 PM
23281A,N,O,04/04/2026 09:47:30 AM
23281B,N,V,04/04/2026 09:50:33 AM
23282A,N,O,04/04/2026 08:58:06 AM
23282B,N,O,04/04/2026 09:42:16 AM
23283A,N,O,04/04/2026 09:49:10 AM
23283B,N,O,04/04/2026 09:18:29 AM
23285B,N,O,04/04/2026 09:10:30 AM
23286A,N,O,04/03/2026 07:35:32 PM
23286B,N,O,04/03/2026 06:31:07 PM
23287A,N,O,04/03/2026 06:31:45 PM
23287B,N,O,04/03/2026 12:32:39 PM
23288A,N,O,04/03/2026 09:25:32 PM
23288B,N,O,04/03/2026 06:20:08 PM
23294A,N,O,04/04/2026 09:47:13 AM
23294B,N,O,04/04/2026 08:55:43 AM
23295A,N,O,04/04/2026 08:59:45 AM
23295B,N,O,04/04/2026 08:59:49 AM
23296A,N,O,04/04/2026 08:59:26 AM
23296B,N,O,04/04/2026 08:58:44 AM
23297A,N,O,04/04/2026 08:57:50 AM
23297B,N,V,04/04/2026 09:51:42 AM
23298A,N,O,04/04/2026 08:56:46 AM
23298B,N,O,04/04/2026 08:57:08 AM
23299A,N,O,04/04/2026 09:26:39 AM
23299B,N,O,04/04/2026 09:39:27 AM
23300A,N,O,04/04/2026 09:15:09 AM
23301A,N,O,04/04/2026 09:38:48 AM
23301B,N,O,04/04/2026 09:26:22 AM
23302A,N,V,04/04/2026 09:45:08 AM
23302B,N,O,04/04/2026 09:23:05 AM
23303A,N,O,04/04/2026 08:56:52 AM
23303B,N,V,04/04/2026 09:51:27 AM
23304A,N,O,04/04/2026 09:50:44 AM
23304B,N,O,04/04/2026 08:55:53 AM
23305A,N,O,04/04/2026 09:45:52 AM
23305B,N,O,04/04/2026 08:59:55 AM
23306A,N,O,04/04/2026 08:58:52 AM
23306B,N,O,04/04/2026 08:58:49 AM
23307A,N,O,04/04/2026 08:57:53 AM
23307B,N,O,04/04/2026 08:57:44 AM
23308A,N,O,04/04/2026 08:56:46 AM
23308B,N,O,04/03/2026 08:56:45 AM
23309A,N,O,04/04/2026 08:55:46 AM
23309B,N,O,04/04/2026 08:55:46 AM
23310B,N,O,04/04/2026 09:47:54 AM
23311A,N,V,04/04/2026 09:48:32 AM
23311B,N,O,04/04/2026 08:58:50 AM
23312A,N,V,04/04/2026 09:47:09 AM
23312B,N,O,04/04/2026 08:57:53 AM
23313B,N,O,04/04/2026 08:56:51 AM
23314A,N,O,04/04/2026 09:48:13 AM
23314B,N,O,04/04/2026 08:55:46 AM
23315A,N,O,04/04/2026 08:59:51 AM
23315B,N,O,04/04/2026 09:47:54 AM
23320A,N,O,04/03/2026 08:41:45 PM
23320B,N,O,04/03/2026 07:06:35 PM
23321A,N,O,04/03/2026 09:41:59 PM
23321B,N,O,04/03/2026 09:17:16 PM
23322A,N,O,04/03/2026 09:45:48 PM
23322B,N,O,04/03/2026 08:16:57 PM
23323A,N,O,04/03/2026 09:47:48 PM
23324A,N,O,04/03/2026 08:55:03 PM
23324B,N,V,04/03/2026 09:59:45 PM
23325A,N,O,04/03/2026 09:27:47 PM
23325B,N,O,04/03/2026 09:53:20 PM
2332A,N,O,04/04/2026 08:57:49 AM
2332B,N,O,04/04/2026 08:57:53 AM
23336A,N,O,04/03/2026 04:54:04 PM
23337A,N,O,04/03/2026 02:43:46 PM
23337B,N,O,04/03/2026 03:15:28 PM
23338A,N,O,04/03/2026 08:07:14 PM
23338B,N,V,04/03/2026 08:21:14 PM
23339A,N,V,04/03/2026 05:58:48 PM
23339B,N,O,04/03/2026 05:13:54 PM
2333A,N,O,04/04/2026 08:56:51 AM
2333B,N,O,04/04/2026 08:56:51 AM
23340A,N,O,04/03/2026 03:25:58 PM
23341A,N,O,04/04/2026 09:42:53 AM
23341B,N,O,04/04/2026 08:58:46 AM
23342A,N,O,04/04/2026 09:50:48 AM
23342B,N,O,04/04/2026 09:20:20 AM
23343A,N,O,04/04/2026 08:56:47 AM
23343B,N,O,04/04/2026 08:56:47 AM
23344A,N,O,04/04/2026 08:55:43 AM
23344B,N,O,04/04/2026 08:55:43 AM
23345A,N,O,04/04/2026 09:22:50 AM
23345B,N,O,04/04/2026 08:59:46 AM
23346A,N,O,04/04/2026 08:58:48 AM
23346B,N,O,04/04/2026 09:35:54 AM
23347A,N,O,04/04/2026 08:57:41 AM
23347B,N,O,04/04/2026 08:57:41 AM
23348A,N,O,04/04/2026 08:57:01 AM
23348B,N,O,04/04/2026 08:56:52 AM
23349A,N,O,04/04/2026 08:55:45 AM
23349B,N,V,04/04/2026 09:38:53 AM
2334A,N,O,04/04/2026 08:55:53 AM
2334B,N,O,04/04/2026 08:56:00 AM
23350A,N,O,04/04/2026 09:46:07 AM
23350B,N,V,04/03/2026 09:56:18 PM
23351A,N,O,04/04/2026 08:58:39 AM
23351B,N,O,04/04/2026 08:58:43 AM
23352A,N,O,04/04/2026 09:30:01 AM
23352B,N,O,04/04/2026 09:38:06 AM
23353A,N,O,04/04/2026 08:56:44 AM
23355B,N,O,04/04/2026 08:59:44 AM
23356A,N,O,04/04/2026 08:58:50 AM
23356B,N,O,04/04/2026 08:59:15 AM
23357A,N,V,04/03/2026 03:50:06 PM
23357B,N,V,04/03/2026 03:50:06 PM
23358A,N,O,04/04/2026 08:56:50 AM
23358B,N,V,04/03/2026 09:43:39 PM
23359A,N,O,04/04/2026 09:14:31 AM
23359B,N,O,04/04/2026 08:55:45 AM
23360A,N,O,04/04/2026 08:59:47 AM
23360B,N,V,04/04/2026 09:51:43 AM
23361A,N,O,04/04/2026 08:58:42 AM
23361B,N,O,04/04/2026 08:58:55 AM
23362A,N,O,04/04/2026 08:57:52 AM
23362B,N,O,04/04/2026 08:57:52 AM
23363A,N,O,04/03/2026 02:19:53 PM
23363B,N,O,04/03/2026 09:47:58 PM
23364A,N,O,04/03/2026 09:47:43 PM
23364B,N,O,04/03/2026 04:12:21 PM
23365A,N,O,04/03/2026 02:55:25 PM
23365B,N,V,04/03/2026 08:40:43 PM
23366A,N,V,04/03/2026 08:40:39 PM
23366B,N,V,09/26/2025 08:21:23 AM
23367A,N,V,04/03/2026 09:56:36 PM
23367B,N,V,04/03/2026 07:21:49 PM
23368A,N,O,04/03/2026 04:17:20 PM
23368B,N,O,04/03/2026 05:29:54 PM
23369A,N,O,04/03/2026 11:09:10 AM
23369B,N,O,04/03/2026 04:22:12 PM
23370A,N,O,04/03/2026 09:32:40 PM
23370B,N,O,04/03/2026 02:20:04 PM
23371A,N,O,04/03/2026 10:56:13 AM
23371B,N,O,04/03/2026 09:59:37 PM
23372A,N,O,04/03/2026 07:11:45 PM
23372B,N,O,04/03/2026 03:36:34 PM
23373A,N,O,04/03/2026 04:20:16 PM
23373B,N,O,04/03/2026 05:03:51 PM
23374A,N,O,04/03/2026 05:03:49 PM
23374B,N,O,04/03/2026 03:06:14 PM
23375A,N,O,04/03/2026 03:03:31 PM
23375B,N,O,04/03/2026 09:44:26 PM
23376A,N,O,04/03/2026 09:59:42 PM
23376B,N,O,04/03/2026 02:18:20 PM
23377A,N,O,04/03/2026 01:13:30 PM
23377B,N,O,04/03/2026 03:51:27 PM
23378A,N,O,04/03/2026 04:32:17 PM
23378B,N,O,04/03/2026 02:32:02 PM
23379A,N,O,04/03/2026 03:03:02 PM
23379B,N,O,04/03/2026 04:30:30 PM
23380A,N,O,04/03/2026 04:39:34 PM
23380B,N,O,04/03/2026 05:52:06 PM
23381A,N,O,04/03/2026 07:36:17 PM
23381B,N,O,04/03/2026 05:44:31 PM
23386B,N,O,04/04/2026 09:48:36 AM
23387A,N,O,04/04/2026 08:57:44 AM
23387B,N,O,04/04/2026 09:35:24 AM
23388A,N,O,04/04/2026 09:18:01 AM
23388B,N,O,04/04/2026 08:56:56 AM
23389A,N,O,04/04/2026 09:42:43 AM
23389B,N,O,04/04/2026 08:55:41 AM
23390A,N,O,04/04/2026 09:16:51 AM
23390B,N,O,04/04/2026 09:29:00 AM
23391A,N,O,04/04/2026 08:58:49 AM
23391B,N,O,04/04/2026 08:58:49 AM
23392A,N,O,04/04/2026 08:57:44 AM
23392B,N,O,04/04/2026 09:51:09 AM
23393A,N,O,04/04/2026 09:51:38 AM
23393B,N,O,04/03/2026 09:07:00 PM
23394A,N,O,04/04/2026 09:30:50 AM
23394B,N,V,04/04/2026 09:48:44 AM
23395A,N,O,04/04/2026 08:59:44 AM
23395B,N,O,04/04/2026 09:00:14 AM
23396A,N,O,04/03/2026 09:14:09 PM
23396B,N,O,04/04/2026 09:38:14 AM
23397A,N,O,04/04/2026 09:43:34 AM
23397B,N,V,04/04/2026 09:38:10 AM
23398A,N,O,04/04/2026 08:56:52 AM
23398B,N,O,04/04/2026 08:56:48 AM
23399A,N,O,04/04/2026 08:57:35 AM
23399B,N,O,04/04/2026 08:55:44 AM
23400A,N,O,04/04/2026 08:59:51 AM
23401A,N,O,04/04/2026 08:58:48 AM
23401B,N,O,04/04/2026 08:58:48 AM
23402A,N,O,04/04/2026 08:57:54 AM
23402B,N,O,04/04/2026 09:43:15 AM
23403A,N,O,04/04/2026 08:56:52 AM
23403B,N,O,04/04/2026 08:56:52 AM
23404A,N,O,04/04/2026 08:55:43 AM
23404B,N,V,04/04/2026 09:30:31 AM
23405A,N,O,04/04/2026 09:08:53 AM
23405B,N,V,04/04/2026 09:51:03 AM
23406A,N,O,04/04/2026 08:58:52 AM
23406B,N,O,04/04/2026 09:28:53 AM
23407A,N,O,04/04/2026 08:57:45 AM
23407B,N,O,04/04/2026 09:49:06 AM
23408A,N,O,04/04/2026 08:56:46 AM
23408B,N,O,04/04/2026 08:56:50 AM
23409A,N,O,04/04/2026 09:09:17 AM
23409B,N,O,04/04/2026 08:55:43 AM
2340A,N,O,04/04/2026 07:00:10 AM
2340B,N,O,04/04/2026 08:36:24 AM
23410A,N,O,04/04/2026 08:59:49 AM
23410B,N,O,04/04/2026 09:11:38 AM
23411A,N,O,04/04/2026 08:58:45 AM
23411B,N,O,04/04/2026 08:58:45 AM
23412A,N,V,04/04/2026 09:50:14 AM
23412B,N,O,04/04/2026 08:57:45 AM
23413B,N,O,04/04/2026 09:11:59 AM
23414A,N,O,04/03/2026 09:01:07 PM
23415A,N,O,04/03/2026 06:17:32 PM
23415B,N,O,04/03/2026 09:03:32 PM
23416A,N,O,04/03/2026 02:39:53 PM
23416B,N,O,04/03/2026 09:09:23 PM
23417B,N,O,04/03/2026 09:57:49 AM
23419B,N,O,04/04/2026 09:32:07 AM
2341B,N,O,04/04/2026 09:45:39 AM
23420A,N,O,04/03/2026 08:30:12 PM
23420B,N,O,04/04/2026 09:31:09 AM
23421A,N,O,04/03/2026 09:12:10 AM
23421B,N,O,04/04/2026 08:58:46 AM
23422A,N,O,04/04/2026 09:17:19 AM
23422B,N,O,04/04/2026 09:14:35 AM
23423A,N,O,04/03/2026 02:27:47 PM
23423B,N,O,04/04/2026 08:56:44 AM
2343A,N,O,04/04/2026 06:56:47 AM
2343B,N,O,04/04/2026 06:56:43 AM
23444A,N,O,04/03/2026 09:19:57 PM
23444B,N,O,04/03/2026 08:46:04 PM
23445A,N,O,04/03/2026 09:54:47 PM
23445B,N,V,04/03/2026 09:55:39 PM
23446A,N,O,04/03/2026 08:12:56 PM
23446B,N,O,04/03/2026 04:46:26 PM
23447A,N,O,04/03/2026 07:47:25 PM
23447B,N,O,04/03/2026 09:13:25 PM
23448A,N,O,04/03/2026 04:40:28 PM
23448B,N,O,04/03/2026 05:34:17 PM
23449A,N,O,04/03/2026 09:12:37 PM
23449B,N,O,04/03/2026 09:55:53 PM
2344A,N,O,04/04/2026 06:56:03 AM
23450A,N,O,04/03/2026 09:30:31 PM
23450B,N,O,04/03/2026 09:44:03 PM
23451A,N,O,04/03/2026 08:32:32 PM
23451B,N,O,04/03/2026 08:58:18 PM
23452A,N,O,04/03/2026 09:35:38 PM
23452B,N,O,04/03/2026 09:47:04 PM
23453A,N,O,04/03/2026 07:53:51 PM
23453B,N,O,04/03/2026 09:49:19 PM
23454A,N,O,04/03/2026 08:21:15 PM
23454B,N,O,04/03/2026 09:51:56 PM
23455A,N,O,04/03/2026 07:46:18 PM
23455B,N,O,04/03/2026 08:43:28 PM
2345A,N,O,04/04/2026 08:31:46 AM
2345B,N,O,04/04/2026 08:02:29 AM
23464B,N,O,04/03/2026 09:55:45 AM
23465A,N,O,04/03/2026 10:14:40 AM
23465B,N,O,04/03/2026 09:59:50 AM
23466A,N,O,04/03/2026 09:58:53 AM
23466B,N,O,04/03/2026 10:01:35 AM
23467A,N,O,04/03/2026 04:01:53 PM
23467B,N,O,04/03/2026 04:14:07 PM
23468A,N,O,04/03/2026 05:12:33 PM
23468B,N,O,04/03/2026 09:56:49 AM
23469A,N,O,04/03/2026 11:25:43 AM
23469B,N,V,04/03/2026 09:49:20 PM
23470B,N,O,04/04/2026 09:09:09 AM
23471A,N,V,04/04/2026 09:44:34 AM
23471B,N,V,04/04/2026 09:45:13 AM
23472A,N,O,04/04/2026 09:48:29 AM
23472B,N,O,04/04/2026 09:21:29 AM
23473A,N,O,04/04/2026 08:56:43 AM
23473B,N,V,04/04/2026 09:45:47 AM
23474A,N,O,04/04/2026 08:55:53 AM
23474B,N,O,04/04/2026 08:55:53 AM
23475A,N,O,04/04/2026 08:01:02 AM
23475B,N,O,04/04/2026 09:15:44 AM
23476A,N,O,04/04/2026 08:58:52 AM
23476B,N,V,04/04/2026 09:50:49 AM
23477A,N,O,04/04/2026 09:27:42 AM
23477B,N,O,04/04/2026 08:57:46 AM
23478A,N,O,04/03/2026 09:56:54 AM
23478B,N,O,04/03/2026 03:34:05 PM
23479B,N,O,04/04/2026 08:55:51 AM
23480A,N,V,04/04/2026 09:51:45 AM
23480B,N,O,04/04/2026 08:59:53 AM
23481A,N,O,04/04/2026 09:45:40 AM
23481B,N,O,04/04/2026 08:58:52 AM
23482A,N,O,04/04/2026 08:57:44 AM
23482B,N,V,04/04/2026 09:41:03 AM
23483A,N,O,04/04/2026 09:44:15 AM
23483B,N,O,04/04/2026 08:56:52 AM
23484A,N,O,04/04/2026 09:29:40 AM
23484B,N,O,04/04/2026 09:49:42 AM
23485A,N,O,04/04/2026 09:23:06 AM
23485B,N,O,04/04/2026 09:22:16 AM
23486A,N,O,04/04/2026 09:29:05 AM
23486B,N,O,04/04/2026 08:58:43 AM
23487A,N,O,04/03/2026 09:57:04 PM
23487B,N,V,04/04/2026 09:50:38 AM
23488A,N,O,04/04/2026 09:42:24 AM
23488B,N,O,04/04/2026 08:56:55 AM
23489A,N,O,04/03/2026 09:04:37 PM
23489B,N,O,04/04/2026 08:55:55 AM
2348A,N,O,04/04/2026 06:57:12 AM
23490A,N,O,04/04/2026 08:59:49 AM
23491A,N,V,04/03/2026 09:59:37 PM
23491B,N,O,04/03/2026 09:33:57 PM
23492A,N,O,04/03/2026 09:57:54 AM
23492B,N,O,04/03/2026 09:05:11 PM
23493A,N,O,04/03/2026 05:51:04 PM
23493B,N,O,04/03/2026 09:56:53 AM
23494A,N,O,04/03/2026 04:53:45 PM
23494B,N,O,04/03/2026 06:07:59 PM
23495A,N,O,04/03/2026 12:14:42 PM
23495B,N,O,04/03/2026 09:59:47 AM
23496A,N,O,04/04/2026 08:58:47 AM
23496B,N,O,04/04/2026 08:58:47 AM
23497B,N,O,04/04/2026 08:57:48 AM
23498B,N,O,04/03/2026 09:56:46 AM
23499B,N,O,04/04/2026 08:55:46 AM
2349A,N,O,04/04/2026 06:55:45 AM
2349B,N,O,04/04/2026 06:55:45 AM
23500A,N,O,04/04/2026 08:59:59 AM
23500B,N,O,04/04/2026 09:50:59 AM
23501A,N,V,04/04/2026 09:48:08 AM
23501B,N,O,04/04/2026 08:58:54 AM
23509A,N,O,04/04/2026 08:55:48 AM
23509B,N,O,04/04/2026 08:55:48 AM
23510A,N,O,04/03/2026 09:38:32 PM
23510B,N,V,04/04/2026 09:51:28 AM
23511A,N,O,04/04/2026 09:45:44 AM
23511B,N,O,04/04/2026 08:58:48 AM
23512A,N,O,04/04/2026 08:57:49 AM
23512B,N,O,04/04/2026 08:57:53 AM
23514A,N,O,04/03/2026 08:43:05 PM
23514B,N,O,04/03/2026 08:46:18 PM
23515A,N,V,04/03/2026 09:58:52 PM
23515B,N,O,04/03/2026 03:11:05 PM
23516A,N,O,04/03/2026 09:30:25 PM
23517A,N,V,04/03/2026 09:56:58 PM
23517B,N,V,04/03/2026 09:59:39 PM
23518A,N,O,04/03/2026 06:52:04 PM
23518B,N,O,04/03/2026 08:34:59 PM
23519A,N,O,04/03/2026 04:14:09 PM
23519B,N,V,04/03/2026 04:14:09 PM
23520A,N,O,04/03/2026 08:53:58 PM
23520B,N,O,04/03/2026 10:00:51 AM
23521A,N,O,04/04/2026 08:58:47 AM
23522A,N,O,04/04/2026 09:51:34 AM
23522B,N,V,04/04/2026 09:50:22 AM
23523A,N,O,04/04/2026 08:56:51 AM
23523B,N,O,10/05/2025 09:03:09 AM
23524A,N,O,04/04/2026 09:49:02 AM
23524B,N,O,04/04/2026 08:56:10 AM
23525A,N,O,04/04/2026 08:59:51 AM
23525B,N,O,04/04/2026 09:51:32 AM
23526A,N,V,04/03/2026 12:47:20 PM
23526B,N,V,04/04/2026 09:51:31 AM
23527A,N,O,04/04/2026 09:51:38 AM
23527B,N,V,04/03/2026 05:15:41 PM
23528B,N,V,04/03/2026 03:32:58 PM
23530A,N,V,04/03/2026 07:57:37 PM
23530B,N,V,04/03/2026 02:19:11 PM
23531B,N,V,04/03/2026 02:30:55 PM
23532A,N,O,04/04/2026 09:51:28 AM
23532B,N,O,04/04/2026 09:39:08 AM
23533A,N,O,04/04/2026 09:23:06 AM
23533B,N,O,04/04/2026 08:58:34 AM
23534A,N,O,04/04/2026 09:32:47 AM
23534B,N,O,04/04/2026 08:55:42 AM
23535A,N,V,04/04/2026 09:49:17 AM
23535B,N,O,04/04/2026 09:00:00 AM
23536A,N,O,04/04/2026 09:51:43 AM
23536B,N,O,04/04/2026 09:08:06 AM
23537A,N,V,04/03/2026 09:38:37 PM
23537B,N,O,04/04/2026 09:47:32 AM
23538A,N,O,04/04/2026 08:56:47 AM
23538B,N,V,04/03/2026 08:58:19 PM
23539A,N,O,04/04/2026 08:55:47 AM
23539B,N,V,04/03/2026 12:30:02 PM
23542A,N,O,04/04/2026 08:57:46 AM
23542B,N,V,04/04/2026 09:50:56 AM
23543A,N,O,04/04/2026 08:56:43 AM
23543B,N,O,04/04/2026 09:41:45 AM
23544A,N,O,04/04/2026 08:55:44 AM
23544B,N,O,04/04/2026 08:55:51 AM
23552A,N,O,04/04/2026 08:57:44 AM
23552B,N,O,04/04/2026 09:24:05 AM
23553A,N,O,04/03/2026 08:51:34 PM
23553B,N,O,04/03/2026 03:55:12 PM
23554A,N,O,04/03/2026 09:58:19 PM
23554B,N,O,04/03/2026 04:02:04 PM
23555A,N,O,04/03/2026 09:30:42 PM
23555B,N,O,04/03/2026 08:36:45 PM
23556A,N,O,04/03/2026 07:48:17 PM
23556B,N,O,04/03/2026 05:17:16 PM
23557B,N,O,10/12/2025 02:43:57 PM
23558A,N,O,04/04/2026 09:51:43 AM
23558B,N,V,04/04/2026 09:51:36 AM
23559B,N,V,04/04/2026 09:45:47 AM
2355A,N,O,04/04/2026 06:59:52 AM
2355B,N,O,04/04/2026 09:01:24 AM
23560A,N,O,04/04/2026 08:59:48 AM
23561A,N,O,04/04/2026 08:58:53 AM
23561B,N,O,04/04/2026 08:58:49 AM
23562A,N,O,04/04/2026 09:43:41 AM
23562B,N,V,04/04/2026 09:49:50 AM
23563B,N,O,04/04/2026 09:40:00 AM
23564A,N,O,04/04/2026 08:55:44 AM
23567A,N,O,04/04/2026 09:51:07 AM
23567B,N,O,04/04/2026 09:50:52 AM
23568A,N,O,04/04/2026 08:56:51 AM
23577A,N,O,04/04/2026 08:57:52 AM
23577B,N,O,04/04/2026 08:58:00 AM
23578A,N,O,04/04/2026 08:56:42 AM
23578B,N,V,04/04/2026 09:45:21 AM
23579A,N,O,04/04/2026 09:38:29 AM
23579B,N,O,04/04/2026 09:04:57 AM
23580A,N,O,04/04/2026 09:38:59 AM
23580B,N,O,04/04/2026 09:33:27 AM
23581A,N,O,04/04/2026 08:58:46 AM
23581B,N,O,04/04/2026 08:59:10 AM
23582A,N,V,04/03/2026 09:25:09 PM
23582B,N,O,04/04/2026 09:18:31 AM
23583A,N,O,04/04/2026 09:46:06 AM
23583B,N,O,04/03/2026 09:16:10 PM
23584A,N,O,04/04/2026 08:55:56 AM
23584B,N,V,04/04/2026 09:49:00 AM
23585A,N,O,04/04/2026 09:49:08 AM
23585B,N,V,04/04/2026 09:49:57 AM
23586A,N,O,04/04/2026 09:51:28 AM
23586B,N,V,04/04/2026 09:01:28 AM
23587A,N,O,01/07/2026 06:57:43 AM
23587B,N,O,01/07/2026 12:02:32 PM
23588A,N,O,04/04/2026 08:56:48 AM
23588B,N,O,04/04/2026 08:56:48 AM
23589A,N,O,04/04/2026 08:55:50 AM
23589B,N,O,04/04/2026 08:55:50 AM
23590A,N,O,04/04/2026 08:59:51 AM
23590B,N,O,04/04/2026 09:47:18 AM
23591A,N,O,04/04/2026 08:58:42 AM
23591B,N,V,04/04/2026 09:48:01 AM
23592A,N,O,04/03/2026 09:15:41 PM
23592B,N,V,04/04/2026 09:44:01 AM
23593A,N,V,04/04/2026 09:36:47 AM
23593B,N,V,04/04/2026 09:39:51 AM
23594A,N,O,04/04/2026 08:55:46 AM
23594B,N,V,04/04/2026 09:51:06 AM
23595A,N,O,04/04/2026 08:59:48 AM
23595B,N,O,04/04/2026 09:51:29 AM
23596B,N,O,04/04/2026 08:58:49 AM
23597A,N,V,04/04/2026 09:47:18 AM
23597B,N,O,04/04/2026 08:57:53 AM
23598A,N,O,04/04/2026 08:56:50 AM
23598B,N,O,04/04/2026 08:56:50 AM
23599A,N,O,04/04/2026 09:14:46 AM
23599B,N,O,04/04/2026 08:55:50 AM
23600B,N,O,04/04/2026 09:00:15 AM
23601A,N,O,04/04/2026 08:58:53 AM
23601B,N,O,04/04/2026 09:50:31 AM
23602A,N,O,04/04/2026 09:34:44 AM
23602B,N,O,04/04/2026 08:57:48 AM
23603A,N,V,04/04/2026 09:49:18 AM
23603B,N,V,04/04/2026 09:46:24 AM
23604A,N,O,04/04/2026 09:45:23 AM
23604B,N,O,04/04/2026 09:28:14 AM
23605A,N,O,04/04/2026 08:59:41 AM
23605B,N,O,04/04/2026 08:59:37 AM
23606A,N,V,04/04/2026 09:39:38 AM
23606B,N,O,04/04/2026 08:58:46 AM
23607A,N,O,04/04/2026 08:58:54 AM
23607B,N,V,04/04/2026 09:49:07 AM
23608A,N,V,04/04/2026 09:36:03 AM
23608B,N,O,04/04/2026 08:56:46 AM
23609A,N,O,04/04/2026 09:27:43 AM
23609B,N,V,04/04/2026 09:26:30 AM
2360A,N,O,04/04/2026 09:08:33 AM
2360B,N,V,04/04/2026 09:23:07 AM
23610A,N,O,04/04/2026 09:22:37 AM
23611B,N,O,04/04/2026 08:58:39 AM
23612A,N,O,04/04/2026 08:57:56 AM
23613B,N,O,04/04/2026 09:32:40 AM
23614A,N,V,04/04/2026 09:43:20 AM
23614B,N,V,04/04/2026 09:43:33 AM
23615A,N,O,04/04/2026 08:59:48 AM
23615B,N,O,04/03/2026 08:45:45 PM
23616A,N,O,04/04/2026 09:44:52 AM
23616B,N,O,04/04/2026 08:58:50 AM
23617A,N,O,04/04/2026 08:57:42 AM
23617B,N,O,04/04/2026 08:57:42 AM
23618A,N,O,04/04/2026 08:56:45 AM
23618B,N,O,04/04/2026 08:56:45 AM
23619A,N,O,04/04/2026 09:22:16 AM
23619B,N,O,04/04/2026 08:55:53 AM
2361A,N,O,04/04/2026 06:58:52 AM
2361B,N,O,04/04/2026 06:58:52 AM
23620A,N,O,04/03/2026 07:45:10 PM
23620B,N,V,04/04/2026 09:50:22 AM
23622A,N,O,04/03/2026 03:31:29 PM
23622B,N,V,04/03/2026 06:23:44 PM
23623A,N,O,04/03/2026 05:02:58 PM
23623B,N,O,04/03/2026 11:12:41 AM
23624A,N,O,04/03/2026 09:55:47 AM
23624B,N,O,04/03/2026 04:52:24 PM
23625A,N,O,04/03/2026 03:44:13 PM
23625B,NU,O,04/03/2026 09:59:56 AM
23626A,N,O,04/04/2026 09:43:49 AM
23627A,N,O,04/04/2026 08:57:51 AM
23627B,N,O,04/03/2026 09:33:29 PM
23628A,N,O,04/04/2026 08:56:49 AM
23628B,N,O,04/04/2026 08:56:49 AM
23629A,N,O,04/04/2026 08:55:49 AM
23629B,N,O,04/04/2026 08:55:41 AM
2362A,N,O,04/04/2026 06:57:46 AM
2362B,N,O,04/04/2026 09:44:55 AM
23630A,N,O,04/04/2026 08:59:45 AM
23630B,N,O,04/04/2026 08:59:45 AM
23631A,N,V,04/04/2026 09:51:26 AM
23631B,N,O,04/04/2026 09:51:42 AM
23632A,N,O,04/04/2026 08:57:50 AM
23632B,N,O,04/03/2026 09:13:40 PM
23633A,N,O,04/04/2026 08:56:40 AM
23633B,N,O,04/04/2026 09:15:15 AM
23634A,N,O,04/04/2026 08:55:51 AM
23634B,N,O,04/04/2026 09:25:58 AM
23635A,N,O,04/04/2026 08:59:52 AM
23635B,N,O,04/04/2026 09:50:48 AM
23636A,N,O,04/04/2026 08:59:16 AM
23636B,N,O,04/04/2026 08:58:51 AM
23637A,N,O,04/04/2026 09:35:26 AM
23637B,N,V,04/04/2026 09:36:50 AM
23638A,N,O,04/04/2026 08:56:49 AM
23638B,N,O,04/04/2026 08:56:49 AM
23639A,N,O,04/04/2026 08:56:04 AM
23639B,N,O,04/04/2026 09:17:34 AM
2363A,N,O,04/04/2026 06:56:48 AM
23640A,N,O,04/04/2026 09:47:20 AM
23640B,N,O,04/04/2026 09:00:12 AM
23641B,N,O,04/04/2026 09:46:22 AM
23642B,N,O,04/04/2026 08:57:59 AM
23643A,N,O,04/04/2026 08:56:47 AM
23643B,N,O,04/03/2026 04:40:05 PM
23644A,N,O,04/04/2026 08:55:44 AM
23644B,N,O,04/04/2026 08:55:44 AM
23645A,N,O,04/04/2026 08:59:44 AM
23645B,N,O,04/04/2026 09:09:24 AM
23646A,N,O,04/04/2026 08:58:52 AM
23646B,N,O,04/04/2026 08:58:52 AM
23647A,N,O,04/04/2026 09:42:44 AM
23648B,N,O,04/04/2026 09:46:18 AM
23649A,N,O,04/04/2026 09:23:49 AM
23649B,N,O,04/04/2026 08:55:51 AM
2364A,N,O,04/04/2026 06:55:47 AM
2364B,N,O,04/04/2026 06:55:54 AM
23650A,N,O,04/04/2026 08:59:47 AM
23650B,N,O,04/04/2026 09:49:34 AM
23651A,N,O,04/04/2026 08:58:52 AM
23651B,N,O,04/04/2026 08:58:52 AM
23652A,N,O,04/04/2026 09:02:19 AM
23652B,N,O,04/04/2026 08:57:54 AM
23653A,N,O,04/04/2026 08:56:49 AM
23654A,N,O,04/03/2026 09:55:49 AM
23654B,N,O,04/02/2026 03:18:33 PM
23655A,N,O,04/03/2026 05:13:27 PM
23655B,N,O,04/03/2026 04:21:20 PM
23656A,N,O,04/03/2026 09:58:45 AM
23656B,N,O,04/03/2026 05:09:36 PM
23657A,N,O,04/03/2026 08:31:22 PM
23657B,N,O,04/03/2026 05:36:40 PM
23658B,N,O,04/03/2026 05:05:36 PM
23659B,N,O,04/04/2026 08:55:45 AM
2365B,N,O,04/04/2026 08:16:59 AM
23660A,N,O,04/04/2026 08:59:50 AM
23660B,N,O,04/03/2026 09:11:04 PM
23661A,N,O,04/04/2026 08:58:47 AM
23661B,N,O,04/04/2026 09:31:18 AM
23662A,N,O,04/04/2026 09:44:09 AM
23662B,N,O,04/04/2026 08:57:44 AM
2366A,N,O,04/03/2026 10:00:00 PM
2367A,N,V,04/03/2026 09:56:54 PM
2367B,N,O,04/03/2026 09:29:28 PM
23680A,N,V,04/03/2026 09:29:24 PM
23680B,N,V,04/04/2026 09:00:44 AM
23681A,N,V,04/04/2026 09:51:36 AM
23681B,N,V,04/03/2026 09:34:05 PM
23682A,N,V,04/03/2026 09:49:11 PM
23682B,N,V,04/04/2026 09:46:10 AM
23683A,N,O,04/04/2026 08:56:53 AM
23683B,N,O,04/03/2026 09:59:50 PM
23684A,N,V,04/04/2026 09:46:04 AM
23684B,N,V,04/03/2026 09:45:22 PM
23685A,N,V,04/03/2026 09:31:59 PM
23685B,N,V,04/04/2026 09:02:38 AM
23686A,N,O,04/03/2026 09:56:28 PM
23686B,N,O,04/03/2026 09:56:03 PM
23687A,N,V,04/04/2026 09:19:38 AM
23687B,N,V,04/04/2026 09:51:25 AM
23688A,N,V,04/03/2026 06:15:03 PM
23688B,N,V,04/04/2026 09:19:33 AM
23689A,N,V,04/04/2026 09:27:06 AM
23689B,N,V,04/03/2026 07:43:56 PM
2368A,N,O,04/03/2026 08:41:37 PM
2368B,N,O,04/03/2026 06:11:11 PM
23690A,N,V,04/03/2026 07:55:39 PM
23690B,N,V,04/04/2026 09:41:05 AM
23691A,N,O,04/04/2026 08:58:47 AM
23691B,N,V,04/04/2026 09:49:24 AM
23692A,N,O,04/04/2026 08:57:42 AM
23692B,N,V,04/03/2026 08:36:03 PM
23693A,N,V,04/03/2026 07:16:26 PM
23693B,N,V,04/03/2026 05:20:44 PM
23694A,N,V,04/04/2026 09:50:43 AM
23694B,N,O,04/04/2026 09:50:03 AM
23695A,N,V,04/03/2026 07:51:52 PM
23695B,N,V,04/03/2026 04:11:48 PM
23696A,N,V,04/03/2026 04:32:29 PM
23696B,N,O,04/04/2026 08:59:02 AM
23697A,N,V,04/03/2026 09:08:21 PM
23697B,N,O,04/03/2026 09:07:02 PM
23698A,N,V,04/03/2026 05:29:20 PM
23698B,N,V,04/03/2026 07:23:10 PM
23699A,N,V,04/03/2026 04:51:56 PM
23699B,N,V,04/03/2026 08:23:30 PM
2369A,N,O,04/03/2026 09:00:08 PM
2369B,N,O,04/03/2026 08:46:31 PM
23700A,N,V,04/03/2026 06:51:13 PM
23700B,N,V,04/03/2026 06:39:32 PM
23701A,N,V,04/03/2026 07:20:58 PM
23701B,N,V,04/03/2026 02:55:42 PM
23702A,N,V,04/03/2026 05:38:43 PM
23702B,N,V,04/03/2026 04:48:50 PM
23703A,N,V,04/03/2026 05:39:19 PM
23703B,N,V,04/03/2026 09:46:49 PM
23704A,N,V,04/03/2026 05:59:20 PM
23704B,N,V,04/04/2026 09:51:30 AM
23705A,N,V,04/03/2026 05:59:22 PM
23705B,N,V,04/03/2026 04:55:40 PM
23706A,N,O,04/04/2026 08:58:44 AM
23706B,N,O,04/04/2026 08:58:44 AM
23707A,N,O,04/04/2026 08:57:49 AM
23707B,N,V,04/03/2026 09:44:40 PM
2370B,N,O,04/03/2026 01:05:31 PM
23710A,N,V,04/03/2026 09:04:05 PM
23710B,N,V,04/03/2026 09:45:22 PM
23711A,N,V,04/03/2026 09:37:33 PM
23711B,N,V,04/03/2026 09:37:33 PM
23712A,N,V,04/03/2026 09:51:24 PM
23712B,N,V,04/04/2026 09:37:18 AM
23713A,N,V,04/03/2026 08:46:56 PM
23713B,N,V,04/03/2026 08:47:11 PM
23714A,N,V,04/03/2026 07:02:54 PM
23714B,N,V,04/03/2026 09:11:28 PM
23715A,N,V,04/03/2026 08:37:57 PM
23715B,N,V,04/03/2026 09:45:20 PM
23716A,N,V,04/03/2026 02:04:24 PM
23716B,N,V,04/03/2026 02:00:34 PM
23717A,N,V,04/03/2026 08:52:19 PM
23717B,N,V,04/03/2026 09:59:55 PM
23718A,N,V,04/03/2026 11:23:05 AM
23718B,N,V,04/03/2026 02:08:12 PM
23719A,N,V,04/03/2026 09:25:08 PM
23719B,N,V,04/03/2026 09:13:12 PM
2371A,N,O,04/03/2026 09:37:57 PM
2371B,N,O,04/03/2026 05:44:40 PM
23720A,N,V,04/04/2026 09:46:38 AM
23720B,N,V,04/04/2026 09:48:22 AM
23721B,N,V,04/04/2026 09:47:57 AM
23722A,N,O,04/04/2026 09:50:32 AM
23722B,N,V,04/03/2026 09:48:43 PM
23723A,N,O,04/04/2026 09:44:02 AM
23723B,N,V,04/03/2026 02:05:25 PM
23724A,N,O,04/03/2026 06:26:40 PM
23724B,N,V,04/03/2026 06:30:35 PM
23725A,N,V,04/03/2026 07:11:22 PM
23725B,N,V,04/04/2026 09:50:13 AM
23726A,N,V,04/03/2026 04:42:02 PM
23726B,N,O,04/04/2026 09:51:40 AM
23727A,N,V,04/03/2026 02:41:08 PM
23727B,N,V,04/03/2026 03:32:35 PM
23728A,N,V,08/11/2025 11:57:50 AM
23728B,N,V,04/02/2026 11:41:23 AM
23729A,N,V,04/03/2026 05:58:45 PM
23729B,N,V,04/03/2026 06:01:06 PM
2372A,N,O,04/03/2026 08:33:12 PM
2372B,N,O,04/03/2026 02:05:11 PM
23730A,N,V,04/03/2026 06:01:10 PM
23730B,N,V,04/03/2026 05:32:03 PM
23731A,N,O,04/04/2026 09:44:06 AM
23731B,N,O,04/04/2026 09:51:24 AM
23732A,N,V,04/03/2026 08:44:19 PM
23732B,N,V,04/04/2026 09:49:59 AM
23733A,N,V,04/04/2026 09:51:44 AM
23733B,N,V,04/04/2026 09:51:40 AM
23734A,N,V,04/04/2026 09:45:56 AM
23734B,N,V,04/04/2026 09:09:10 AM
23735A,N,V,04/03/2026 09:10:46 PM
23735B,N,O,04/04/2026 09:32:59 AM
23736A,N,V,04/03/2026 08:57:06 PM
23736B,N,V,04/04/2026 09:01:55 AM
23737A,N,V,04/04/2026 09:42:03 AM
23737B,N,V,04/04/2026 09:13:38 AM
2373A,N,O,04/03/2026 09:47:47 PM
2373B,N,O,04/03/2026 09:56:45 AM
23740B,N,O,04/04/2026 08:59:46 AM
23741A,N,O,04/04/2026 08:58:49 AM
23741B,N,O,04/04/2026 08:58:45 AM
23742A,N,O,04/04/2026 08:57:47 AM
23742B,N,V,04/04/2026 09:39:58 AM
23743A,N,O,04/04/2026 09:27:50 AM
23743B,N,O,04/04/2026 09:17:00 AM
23744A,N,V,04/04/2026 09:16:48 AM
23744B,N,O,04/04/2026 09:27:14 AM
23745A,N,V,04/04/2026 09:48:50 AM
23745B,N,V,04/03/2026 06:20:39 PM
23746A,N,V,04/02/2026 07:25:32 PM
23746B,N,V,04/04/2026 09:24:24 AM
23747A,N,V,04/03/2026 09:35:43 PM
23747B,N,V,04/04/2026 09:51:05 AM
23748A,N,O,04/04/2026 09:49:21 AM
23748B,N,V,04/03/2026 04:03:14 PM
23749A,N,O,04/03/2026 08:31:55 PM
23749B,N,V,04/03/2026 09:54:35 PM
2374A,N,V,04/04/2026 09:10:53 AM
2374B,N,O,04/04/2026 09:22:09 AM
23750A,N,V,04/04/2026 09:03:18 AM
23750B,N,O,04/04/2026 08:59:47 AM
23751A,N,O,04/04/2026 08:58:55 AM
23751B,N,V,04/04/2026 09:24:43 AM
23755A,N,O,04/04/2026 08:59:51 AM
23756A,N,O,04/04/2026 08:58:44 AM
23756B,N,O,04/04/2026 09:22:53 AM
23757A,N,O,04/04/2026 09:38:50 AM
23757B,N,V,04/04/2026 09:45:29 AM
23758B,N,O,04/04/2026 08:56:54 AM
23759A,N,O,04/04/2026 08:55:46 AM
23759B,N,O,04/04/2026 08:55:53 AM
2375A,N,O,04/04/2026 07:59:53 AM
2375B,N,O,04/04/2026 07:59:49 AM
23760A,N,O,04/04/2026 09:41:12 AM
23760B,N,O,04/04/2026 08:59:45 AM
23761A,N,O,04/03/2026 09:27:35 PM
23761B,N,O,04/04/2026 08:58:58 AM
23762A,N,V,04/03/2026 08:29:12 PM
23762B,N,O,04/03/2026 09:43:02 PM
23763A,N,O,04/04/2026 09:34:31 AM
23763B,N,O,04/04/2026 08:56:52 AM
23764A,N,O,04/04/2026 08:55:52 AM
23764B,N,O,04/04/2026 08:55:48 AM
23767A,N,O,04/04/2026 09:47:44 AM
23767B,N,O,04/03/2026 06:56:31 PM
23768A,N,O,04/04/2026 09:48:44 AM
23768B,N,V,04/04/2026 08:58:28 AM
23769A,N,V,04/02/2026 05:36:02 PM
23769B,N,V,04/01/2026 11:29:44 AM
2376A,N,O,04/03/2026 02:19:17 PM
2376B,N,O,04/03/2026 09:46:44 PM
23770A,N,V,11/24/2025 02:27:42 PM
23770B,N,O,11/24/2025 04:15:05 PM
23771A,N,V,04/02/2026 05:55:57 PM
23771B,N,V,04/02/2026 05:57:47 PM
23772A,N,V,03/31/2026 07:43:48 PM
23772B,N,V,04/02/2026 11:46:04 AM
23773A,N,V,04/03/2026 05:41:57 PM
23773B,N,V,04/03/2026 06:01:20 PM
23774A,N,V,04/03/2026 04:43:46 PM
23774B,N,V,04/04/2026 09:51:39 AM
23775A,N,V,04/03/2026 05:44:54 PM
23775B,N,V,04/03/2026 05:01:16 PM
23776B,N,O,04/04/2026 08:58:52 AM
23777A,N,V,04/03/2026 05:44:53 PM
23777B,N,V,04/03/2026 04:41:02 PM
23778A,N,V,04/02/2026 03:59:13 PM
23778B,N,V,04/03/2026 05:42:02 PM
23779A,N,V,04/02/2026 11:43:02 AM
23779B,N,V,04/01/2026 04:26:06 PM
2377A,N,O,04/03/2026 08:37:16 PM
2377B,N,O,04/03/2026 09:01:57 PM
23780A,N,V,03/27/2026 07:57:37 PM
23780B,N,V,04/01/2026 01:14:11 PM
23781A,N,V,03/31/2026 06:00:15 PM
23781B,N,V,04/02/2026 08:26:02 AM
23782A,NU,O,02/18/2026 05:51:49 PM
23782B,NU,V,02/04/2026 07:52:57 AM
23783A,N,V,04/02/2026 05:18:18 PM
23783B,N,V,04/03/2026 05:08:33 PM
23784A,N,O,04/03/2026 05:11:33 PM
23784B,N,V,04/03/2026 01:53:47 PM
23785A,N,O,04/04/2026 09:44:22 AM
23785B,N,V,04/03/2026 07:37:33 PM
23786A,N,V,04/02/2026 03:42:04 PM
23786B,N,O,03/12/2026 02:01:52 PM
23787A,N,O,04/04/2026 09:13:56 AM
23787B,N,V,04/03/2026 11:58:03 AM
23788A,N,O,04/04/2026 09:46:01 AM
23788B,N,O,04/03/2026 03:40:56 PM
23789A,N,V,04/03/2026 07:09:12 PM
2378A,N,O,04/03/2026 08:32:45 PM
2378B,N,O,04/03/2026 04:47:45 PM
23790A,N,V,04/04/2026 09:51:11 AM
23790B,N,O,04/03/2026 09:59:52 PM
23791A,N,V,04/03/2026 06:03:46 PM
23791B,N,V,04/04/2026 09:07:13 AM
23792A,N,O,04/03/2026 08:42:52 PM
23792B,N,V,04/03/2026 08:42:56 PM
23793A,N,V,04/03/2026 09:59:04 PM
23793B,N,V,04/04/2026 09:51:29 AM
23794A,N,O,04/04/2026 08:55:45 AM
23794B,N,O,04/04/2026 08:55:45 AM
23795A,N,O,04/04/2026 08:59:45 AM
23795B,N,O,04/04/2026 08:59:59 AM
23796A,N,V,04/04/2026 09:51:18 AM
23796B,N,O,04/04/2026 08:58:46 AM
23797A,N,O,04/04/2026 08:57:43 AM
23797B,N,O,04/04/2026 08:57:47 AM
23798A,N,O,04/04/2026 09:50:16 AM
23798B,N,V,04/04/2026 09:50:25 AM
23799A,N,V,04/04/2026 09:16:09 AM
23799B,N,O,04/04/2026 08:55:51 AM
2379A,N,O,04/03/2026 07:50:46 PM
2379B,N,O,04/03/2026 09:28:02 PM
23800A,N,V,04/04/2026 09:41:25 AM
23800B,N,V,04/03/2026 11:59:46 AM
23801A,N,V,04/03/2026 06:42:57 PM
23801B,N,O,04/04/2026 09:39:14 AM
23802A,N,O,04/04/2026 09:39:34 AM
23802B,N,O,04/04/2026 09:51:25 AM
23803A,N,O,04/04/2026 08:56:57 AM
2380A,N,O,04/03/2026 08:52:20 PM
2380B,N,O,04/03/2026 07:54:50 PM
2381A,N,O,04/03/2026 05:03:22 PM
2381B,N,V,04/03/2026 04:35:56 PM
2382A,N,O,04/03/2026 09:57:17 PM
2382B,N,O,04/03/2026 09:57:43 AM
23830B,N,V,04/04/2026 09:51:20 AM
23831A,N,O,04/03/2026 03:46:06 PM
23831B,N,V,04/03/2026 09:58:41 PM
23832A,N,V,04/03/2026 06:19:20 PM
23832B,N,V,04/02/2026 07:23:47 PM
23833A,N,O,04/03/2026 05:02:42 PM
23833B,N,V,04/04/2026 09:19:22 AM
23834A,N,V,04/04/2026 08:59:50 AM
23834B,N,O,04/04/2026 09:51:30 AM
23835A,N,V,04/03/2026 03:55:59 PM
23835B,N,V,04/02/2026 05:56:51 PM
23836A,N,V,04/04/2026 09:51:39 AM
23836B,N,V,04/04/2026 09:02:40 AM
23837A,N,V,04/03/2026 09:01:25 PM
23837B,N,O,04/03/2026 08:43:27 PM
23838A,N,V,04/03/2026 08:44:11 PM
23838B,N,V,04/04/2026 09:51:18 AM
23839A,N,V,04/03/2026 09:10:30 PM
23839B,N,O,04/03/2026 08:53:11 PM
2383A,N,O,04/03/2026 08:11:16 PM
2383B,N,O,04/03/2026 08:52:40 PM
23840A,N,V,04/03/2026 09:29:34 PM
23840B,N,V,04/03/2026 09:29:53 PM
23841A,N,O,07/20/2025 09:50:50 PM
23841B,N,O,07/23/2025 11:01:56 AM
23842A,N,O,04/04/2026 09:49:12 AM
23842B,N,O,04/04/2026 08:57:49 AM
23843A,N,O,04/04/2026 08:57:05 AM
23843B,N,O,04/04/2026 08:56:52 AM
23844A,N,O,04/04/2026 08:55:47 AM
23844B,N,V,04/03/2026 06:31:14 PM
23845A,N,O,04/04/2026 09:49:53 AM
23845B,N,V,04/04/2026 09:51:29 AM
23846A,N,O,04/04/2026 09:50:57 AM
23846B,N,V,04/04/2026 09:50:20 AM
23847A,N,O,04/04/2026 09:51:14 AM
23847B,N,O,04/04/2026 09:49:41 AM
23848A,N,V,04/03/2026 09:35:07 PM
23848B,N,O,04/04/2026 08:56:45 AM
23849A,N,V,04/03/2026 09:27:15 PM
23849B,N,V,04/04/2026 09:51:18 AM
2384A,N,O,04/03/2026 06:02:41 PM
23850A,N,V,04/04/2026 09:26:02 AM
23850B,N,V,04/03/2026 06:58:19 PM
23851A,N,V,04/03/2026 09:07:51 PM
23851B,N,V,04/04/2026 09:49:11 AM
23852A,N,O,04/04/2026 09:51:34 AM
23852B,N,V,04/03/2026 09:04:24 PM
23853A,N,V,04/03/2026 08:05:46 PM
23853B,N,O,04/04/2026 08:56:46 AM
23855A,N,O,04/04/2026 08:59:51 AM
23855B,N,O,04/04/2026 08:59:59 AM
23856A,N,O,04/04/2026 08:58:44 AM
23856B,N,O,04/04/2026 08:58:44 AM
23857A,N,O,04/04/2026 08:57:50 AM
23857B,N,V,04/04/2026 09:31:00 AM
23858A,N,V,04/04/2026 09:44:34 AM
2386A,N,O,04/04/2026 06:58:47 AM
2386B,N,O,04/04/2026 06:58:47 AM
2387A,N,O,04/04/2026 07:07:40 AM
2387B,N,O,04/04/2026 06:57:47 AM
2395A,N,V,04/04/2026 09:51:07 AM
2395B,N,V,04/04/2026 09:50:16 AM
2396A,N,O,04/04/2026 06:58:47 AM
2396B,N,V,04/04/2026 09:51:02 AM
2397A,N,V,04/02/2026 09:07:25 PM
2397B,N,V,04/03/2026 03:38:15 PM
2398A,N,V,04/04/2026 09:51:40 AM
23990A,N,O,04/04/2026 09:50:50 AM
23990B,N,O,04/04/2026 08:59:45 AM
23991A,N,V,04/04/2026 09:21:23 AM
23991B,N,V,04/04/2026 09:49:44 AM
23992A,N,V,04/03/2026 09:24:04 PM
23992B,N,O,04/04/2026 08:57:44 AM
23993A,N,V,04/03/2026 09:05:36 PM
23993B,N,V,04/03/2026 09:40:07 PM
23994B,N,V,04/04/2026 09:46:53 AM
23995A,N,V,04/03/2026 12:49:34 PM
23995B,N,V,04/03/2026 05:26:10 PM
23996A,N,O,04/03/2026 09:23:18 PM
23996B,N,V,04/03/2026 09:32:44 PM
23A,NU,V,01/05/2026 10:15:39 PM
23B,NU,V,01/05/2026 11:57:20 PM
24001A,N,V,04/03/2026 06:16:47 PM
24002A,N,V,04/04/2026 08:58:37 AM
24003A,N,V,04/03/2026 06:34:38 PM
24003B,N,V,04/04/2026 09:44:59 AM
24004A,N,O,04/04/2026 08:55:50 AM
24004B,N,V,04/03/2026 07:25:20 PM
24005A,N,V,04/03/2026 04:53:07 PM
24005B,N,V,04/03/2026 08:29:46 PM
24006A,N,V,04/03/2026 04:40:31 PM
24006B,N,V,04/03/2026 01:36:45 PM
24007A,N,V,04/03/2026 04:02:49 PM
24007B,N,V,04/04/2026 09:48:31 AM
24008A,N,V,04/04/2026 09:06:45 AM
24008B,N,V,04/04/2026 09:50:28 AM
24009A,N,V,04/03/2026 04:29:33 PM
24009B,N,V,04/03/2026 02:34:15 PM
2400B,NU,O,04/04/2026 09:31:26 AM
24010A,N,V,04/03/2026 10:30:30 AM
24010B,N,V,04/04/2026 09:05:45 AM
24013A,N,V,04/02/2026 10:47:53 AM
24013B,N,V,04/02/2026 06:58:23 PM
24014A,N,V,04/02/2026 12:26:17 PM
24014B,N,V,04/01/2026 01:46:04 PM
24015A,N,V,04/03/2026 05:30:28 PM
24015B,N,V,04/03/2026 05:31:54 PM
2401A,N,V,04/04/2026 09:14:20 AM
2401B,N,O,04/04/2026 09:37:43 AM
24020A,NU,O,04/03/2026 07:59:51 PM
24021A,NU,O,04/02/2026 07:40:19 PM
24021B,NU,O,04/03/2026 07:46:13 PM
24022A,NU,V,04/03/2026 05:12:34 PM
24022B,NU,V,04/03/2026 05:09:45 PM
24023A,NU,V,04/03/2026 07:42:33 PM
24023B,NU,V,04/02/2026 05:59:18 PM
24024A,NU,O,04/03/2026 07:37:01 PM
24024B,NU,O,04/03/2026 07:58:19 PM
24025A,NU,O,04/02/2026 07:59:25 PM
24025B,NU,O,04/03/2026 07:59:39 PM
24026A,NU,O,04/03/2026 07:56:20 PM
24026B,NU,V,04/03/2026 06:39:07 PM
24030A,N,V,04/03/2026 07:34:46 PM
24030B,N,O,04/03/2026 08:05:46 PM
24031A,N,V,04/03/2026 07:00:36 PM
24031B,N,V,04/04/2026 09:47:30 AM
24032A,N,V,04/03/2026 07:06:03 PM
24033A,N,V,03/31/2026 11:36:16 AM
24033B,N,V,04/02/2026 09:03:37 AM
24034A,N,V,04/02/2026 04:28:15 PM
24034B,N,O,04/02/2026 09:03:39 AM
24035B,N,V,04/03/2026 09:17:52 PM
24040A,N,V,04/03/2026 02:42:44 PM
24040B,N,V,04/03/2026 05:47:16 PM
24041A,N,V,04/04/2026 09:37:14 AM
24041B,N,V,04/04/2026 09:15:08 AM
24042B,N,V,04/03/2026 06:23:48 PM
24043A,N,O,04/04/2026 09:06:09 AM
24043B,N,V,04/03/2026 09:47:19 PM
24044A,N,O,04/04/2026 08:55:50 AM
24044B,N,V,04/04/2026 09:39:35 AM
24045A,N,V,04/04/2026 09:03:29 AM
24045B,N,O,04/03/2026 07:13:02 PM
24046B,N,V,04/04/2026 09:38:57 AM
24047A,NU,O,03/16/2026 01:33:38 PM
24047B,NU,O,03/16/2026 01:34:28 PM
24048A,N,V,04/04/2026 09:37:36 AM
24048B,N,V,04/03/2026 07:23:23 PM
24049A,N,V,04/04/2026 09:41:11 AM
24049B,N,O,04/03/2026 07:39:03 PM
24050A,N,V,04/03/2026 01:39:34 PM
24050B,N,V,04/03/2026 07:01:27 PM
2406A,N,O,04/04/2026 08:58:47 AM
2406B,N,O,04/04/2026 08:58:44 AM
2407A,N,O,04/04/2026 08:57:43 AM
2407B,N,O,04/04/2026 08:57:43 AM
2408B,N,O,04/04/2026 08:56:54 AM
2409A,N,O,04/04/2026 08:55:48 AM
2409B,N,O,04/04/2026 08:55:48 AM
240A,N,O,04/04/2026 08:59:54 AM
240B,N,V,04/01/2026 07:04:52 PM
24100B,N,V,04/03/2026 06:06:10 PM
24101A,N,V,04/03/2026 06:06:10 PM
24101B,N,V,04/03/2026 05:54:21 PM
24102A,N,V,04/03/2026 06:56:29 PM
24102B,N,V,04/03/2026 06:00:55 PM
24103A,N,V,04/03/2026 08:09:51 PM
24103B,N,V,04/03/2026 06:23:16 PM
24104A,N,V,04/03/2026 06:25:05 PM
24104B,N,V,04/03/2026 06:30:44 PM
24105A,N,O,04/04/2026 09:47:19 AM
24105B,N,V,04/04/2026 09:50:24 AM
24106A,N,O,04/04/2026 09:51:38 AM
24106B,N,O,04/04/2026 08:58:59 AM
2410A,N,V,04/04/2026 09:41:19 AM
2410B,N,O,04/04/2026 08:59:51 AM
2411A,N,O,04/04/2026 08:58:52 AM
2411B,N,O,04/03/2026 09:59:38 PM
2412A,N,V,04/04/2026 09:46:49 AM
2412B,N,O,04/04/2026 08:57:51 AM
2413A,N,O,04/04/2026 08:56:46 AM
2413B,N,O,04/04/2026 08:56:53 AM
2414A,N,V,04/04/2026 09:50:46 AM
2414B,N,O,04/04/2026 08:56:00 AM
2415A,N,O,04/04/2026 08:59:53 AM
2415B,N,O,04/04/2026 08:59:53 AM
2416A,N,V,04/04/2026 09:25:25 AM
2416B,N,O,04/03/2026 06:32:42 PM
2417A,N,O,04/04/2026 09:19:58 AM
2417B,N,O,04/03/2026 08:57:51 AM
2418A,N,V,04/04/2026 09:14:58 AM
2418B,N,O,04/04/2026 08:56:48 AM
2419A,N,O,04/03/2026 12:04:42 PM
2419B,N,O,04/04/2026 08:55:49 AM
241A,N,O,04/04/2026 08:58:45 AM
241B,N,V,04/04/2026 09:51:21 AM
2420A,N,O,04/04/2026 08:59:45 AM
2420B,N,O,04/04/2026 08:59:52 AM
2421A,N,O,04/04/2026 08:58:53 AM
2421B,N,O,04/04/2026 08:58:53 AM
2422A,N,O,04/04/2026 08:57:48 AM
2422B,N,O,04/04/2026 08:57:48 AM
2423A,N,O,04/04/2026 09:30:43 AM
2423B,N,O,04/04/2026 08:56:51 AM
2424A,N,O,04/04/2026 08:55:52 AM
2424B,N,O,04/04/2026 09:09:33 AM
2425A,N,V,04/04/2026 09:51:21 AM
2425B,N,O,04/04/2026 08:59:46 AM
2426A,N,O,04/04/2026 08:58:43 AM
2426B,N,O,04/04/2026 08:58:43 AM
242A,N,O,04/04/2026 08:57:44 AM
242B,N,O,04/04/2026 08:57:48 AM
2430A,N,O,04/04/2026 08:59:44 AM
2431A,N,O,04/04/2026 08:58:45 AM
2431B,N,O,04/04/2026 08:58:45 AM
2434B,N,O,04/04/2026 08:55:53 AM
2435A,N,O,04/04/2026 08:59:48 AM
2435B,N,O,04/04/2026 08:59:48 AM
2436A,N,O,04/04/2026 08:58:44 AM
2436B,N,V,04/04/2026 09:51:00 AM
2437A,N,O,04/04/2026 08:57:46 AM
2437B,N,O,04/04/2026 08:57:46 AM
2438A,N,O,04/04/2026 08:56:45 AM
2438B,N,O,04/04/2026 08:56:45 AM
2439A,N,O,04/04/2026 08:55:44 AM
2439B,N,O,04/04/2026 08:55:44 AM
243A,N,O,04/04/2026 08:56:51 AM
243B,N,O,04/04/2026 08:56:43 AM
2440A,N,O,04/04/2026 09:42:21 AM
2440B,N,O,04/04/2026 09:24:14 AM
2441A,N,O,04/04/2026 09:10:10 AM
2441B,N,O,04/04/2026 08:58:50 AM
2447A,N,O,04/04/2026 08:57:49 AM
2447B,N,V,04/04/2026 09:43:15 AM
2448A,N,V,04/04/2026 09:35:41 AM
2448B,N,O,04/04/2026 08:56:46 AM
2449A,N,O,04/04/2026 08:55:46 AM
2449B,N,O,04/04/2026 08:55:42 AM
244A,N,V,04/03/2026 07:37:50 PM
244B,N,O,04/04/2026 09:17:23 AM
24501A,NU,O,10/06/2025 08:01:53 AM
24501B,NU,O,10/06/2025 11:52:25 AM
24502A,NU,O,10/06/2025 11:44:14 AM
24502B,NU,O,10/06/2025 11:44:14 AM
24503A,NU,O,10/06/2025 07:56:40 AM
24504A,NU,V,10/06/2025 11:34:31 AM
24504B,NU,O,10/06/2025 06:55:44 AM
24505A,NU,O,10/06/2025 08:27:15 AM
24505B,NU,O,10/06/2025 09:22:04 AM
24507A,N,V,04/04/2026 09:51:26 AM
24507B,N,O,04/03/2026 05:08:29 PM
24508A,N,V,04/04/2026 09:51:22 AM
24508B,N,O,04/03/2026 08:10:17 PM
24509A,N,O,04/03/2026 06:20:20 PM
24509B,N,O,04/03/2026 07:26:58 PM
2450A,N,O,04/04/2026 08:59:48 AM
2450B,N,O,04/04/2026 08:59:55 AM
24510A,N,O,04/03/2026 09:20:24 PM
24510B,N,O,04/04/2026 09:51:38 AM
24511A,N,V,04/04/2026 09:41:56 AM
24511B,N,O,04/03/2026 08:58:53 AM
24512A,N,V,04/04/2026 09:51:07 AM
24512B,N,O,04/04/2026 09:51:43 AM
24513A,NU,V,02/09/2026 11:33:13 AM
2451A,N,O,04/03/2026 09:39:03 PM
2451B,N,O,04/04/2026 09:50:48 AM
2452A,N,O,04/04/2026 09:26:10 AM
2452B,N,O,04/04/2026 08:57:47 AM
2453A,N,O,04/04/2026 08:56:51 AM
2453B,N,O,04/04/2026 08:57:03 AM
2454A,N,O,04/04/2026 08:55:43 AM
2454B,N,O,04/04/2026 09:23:03 AM
245A,N,V,04/03/2026 03:50:16 PM
245B,N,O,04/04/2026 09:00:27 AM
2467A,N,O,04/04/2026 09:50:47 AM
2467B,N,V,04/04/2026 09:51:37 AM
246A,N,V,04/03/2026 09:31:11 PM
246B,N,O,04/04/2026 09:21:20 AM
2476A,N,O,01/12/2026 03:54:54 PM
2476B,N,O,04/04/2026 08:30:11 AM
2477B,N,O,04/04/2026 06:57:52 AM
2478A,N,O,04/04/2026 06:56:42 AM
2478B,N,O,04/04/2026 06:56:46 AM
2480A,N,O,04/04/2026 08:59:45 AM
2480B,N,O,04/04/2026 09:49:18 AM
2481A,N,O,04/04/2026 09:51:04 AM
2481B,N,O,04/04/2026 09:50:27 AM
2482A,N,O,04/04/2026 08:57:49 AM
2482B,N,V,04/04/2026 09:51:39 AM
2483A,N,O,04/04/2026 08:56:52 AM
2483B,N,O,04/04/2026 08:57:01 AM
2484A,N,O,04/04/2026 09:50:48 AM
2484B,N,O,04/04/2026 08:55:48 AM
2485A,N,O,04/04/2026 09:48:40 AM
2485B,N,O,04/04/2026 08:59:51 AM
2489A,N,O,04/04/2026 06:55:51 AM
2489B,N,O,04/04/2026 06:55:51 AM
2490A,N,O,04/03/2026 04:55:02 PM
2490B,N,O,04/04/2026 06:59:46 AM
2491A,N,O,04/04/2026 06:58:52 AM
2491B,N,O,04/04/2026 06:58:45 AM
2492A,N,O,04/04/2026 06:57:54 AM
2492B,N,O,04/04/2026 06:57:47 AM
2493A,N,O,01/12/2026 12:48:14 PM
2493B,N,V,01/12/2026 12:51:37 PM
2496A,N,O,04/04/2026 08:58:48 AM
2497A,N,O,04/04/2026 08:57:56 AM
2497B,N,O,04/04/2026 09:20:47 AM
24A,NU,V,01/05/2026 11:10:12 PM
24B,NU,V,01/05/2026 10:21:13 PM
2501A,N,O,04/03/2026 05:36:49 PM
2501B,N,O,04/03/2026 10:28:55 AM
2502A,N,V,04/04/2026 09:51:01 AM
2502B,N,V,04/04/2026 09:30:32 AM
25035A,N,O,04/03/2026 08:59:18 PM
25035B,N,O,04/03/2026 01:56:42 PM
25036A,N,O,04/03/2026 09:40:11 PM
25036B,N,O,04/03/2026 09:46:19 PM
25037A,N,O,04/03/2026 11:21:41 AM
25037B,N,O,04/03/2026 07:02:50 PM
2503B,N,O,04/04/2026 06:56:51 AM
25040A,N,O,04/03/2026 07:38:07 PM
25040B,N,O,04/03/2026 09:14:57 PM
25041A,N,O,04/03/2026 05:56:02 PM
25041B,N,O,04/03/2026 05:19:38 PM
25042A,N,O,04/03/2026 08:57:31 PM
25042B,N,O,04/03/2026 09:34:17 PM
25043A,N,O,04/03/2026 09:57:20 AM
25043B,N,O,04/03/2026 09:00:04 PM
25044A,N,O,04/03/2026 05:49:02 PM
25044B,N,O,04/03/2026 09:59:30 PM
25052A,N,O,04/03/2026 06:10:41 PM
25052B,N,O,04/03/2026 09:22:28 PM
25053A,N,O,04/03/2026 04:27:39 PM
25053B,N,O,04/03/2026 08:50:06 PM
25054A,N,O,04/03/2026 05:41:53 PM
25054B,N,O,04/03/2026 09:45:03 PM
25055B,N,O,04/03/2026 03:03:39 PM
2505A,N,O,04/04/2026 08:59:46 AM
2505B,N,V,04/04/2026 09:49:24 AM
25060A,N,O,04/03/2026 08:52:59 PM
25060B,N,O,04/03/2026 06:41:44 PM
25061A,N,O,04/03/2026 05:19:13 PM
25061B,N,O,04/03/2026 10:48:07 AM
25062A,N,O,04/03/2026 09:57:48 AM
25062B,N,O,04/03/2026 09:06:47 PM
25066A,N,O,04/03/2026 09:41:16 PM
25066B,N,O,04/03/2026 07:16:45 PM
25067A,N,O,04/03/2026 08:47:16 PM
25067B,N,O,04/03/2026 07:44:37 PM
25068A,N,O,04/03/2026 09:04:02 PM
25068B,N,O,04/03/2026 07:45:21 PM
25069A,N,O,04/03/2026 08:48:02 PM
25069B,N,O,04/03/2026 08:00:42 PM
2506A,NU,O,04/03/2026 03:15:31 PM
2506B,NU,O,04/03/2026 01:12:58 PM
25072A,NU,O,04/03/2026 05:00:43 PM
25072B,NU,O,04/02/2026 05:32:41 PM
25073A,NU,O,04/03/2026 05:00:49 PM
25073B,NU,O,04/03/2026 05:08:29 PM
25074A,NU,O,04/03/2026 05:01:43 PM
25074B,NU,O,04/03/2026 05:01:43 PM
25075A,NU,O,04/03/2026 05:03:04 PM
25075B,NU,O,04/03/2026 08:07:54 PM
25076A,NU,V,04/03/2026 09:08:30 PM
25076B,NU,O,04/03/2026 06:23:06 PM
25077A,NU,O,04/03/2026 05:20:28 PM
25077B,NU,O,04/03/2026 05:51:34 PM
25078A,NU,V,04/03/2026 09:18:23 PM
25078B,NU,O,04/03/2026 05:57:40 PM
25079A,NU,O,04/03/2026 05:47:05 PM
25079B,NU,V,04/03/2026 09:15:38 PM
2507A,N,O,04/04/2026 08:57:52 AM
2507B,N,O,04/04/2026 09:46:16 AM
25080A,NU,V,04/03/2026 09:31:41 PM
25080B,NU,O,04/03/2026 06:54:02 PM
25081A,N,O,04/03/2026 03:55:21 PM
25081B,N,O,04/03/2026 07:09:15 PM
25082A,N,O,04/03/2026 09:57:48 AM
25082B,N,O,04/03/2026 02:29:51 PM
25083A,N,O,04/03/2026 09:56:47 AM
25083B,N,V,04/03/2026 09:55:36 PM
25084A,N,O,04/03/2026 09:55:56 AM
25085A,N,O,04/04/2026 08:59:49 AM
25085B,N,O,04/04/2026 08:59:49 AM
25086A,N,O,04/04/2026 08:58:50 AM
25086B,N,O,04/04/2026 08:58:50 AM
25087A,N,O,04/04/2026 08:57:44 AM
25087B,N,V,04/03/2026 05:46:32 PM
25088A,N,O,04/04/2026 08:56:59 AM
25088B,N,O,04/04/2026 09:46:32 AM
25089A,NU,O,04/03/2026 05:45:15 PM
25089B,NU,O,04/03/2026 07:54:44 PM
2508A,N,O,04/04/2026 08:56:52 AM
2508B,N,O,04/04/2026 09:22:51 AM
25091B,NU,O,04/03/2026 06:36:21 PM
25092A,NU,V,04/03/2026 07:10:26 PM
25092B,NU,O,04/03/2026 09:47:43 PM
25093A,NU,O,04/03/2026 08:17:42 PM
25093B,NU,O,04/03/2026 09:43:48 PM
25094A,NU,O,04/03/2026 09:22:24 PM
25094B,NU,O,04/03/2026 05:18:59 PM
25095A,NU,O,04/03/2026 06:11:31 PM
25095B,NU,V,04/03/2026 08:44:59 PM
25099A,NU,O,04/03/2026 08:50:14 PM
25099B,NU,V,04/03/2026 06:32:43 PM
2509B,N,V,04/04/2026 09:14:51 AM
250A,N,V,04/04/2026 09:50:34 AM
250B,N,O,04/04/2026 08:59:46 AM
25100A,NU,O,04/03/2026 09:50:39 PM
25100B,NU,O,04/02/2026 05:39:26 PM
25101A,NU,O,04/02/2026 07:59:14 PM
25101B,NU,O,04/02/2026 07:50:49 PM
25102A,NU,O,04/02/2026 04:44:27 PM
25102B,NU,O,04/02/2026 05:37:54 PM
25103A,NU,V,04/03/2026 08:56:08 PM
25103B,NU,V,04/03/2026 06:39:58 PM
25104A,NU,V,04/03/2026 09:01:22 PM
25104B,NU,O,04/03/2026 05:00:43 PM
25105A,NU,V,04/03/2026 09:54:51 PM
25109B,NU,O,04/03/2026 06:02:49 PM
2510A,N,O,04/04/2026 09:33:18 AM
2510B,N,O,04/04/2026 08:59:43 AM
25110A,NU,O,04/03/2026 06:40:28 PM
25111B,NU,O,04/03/2026 05:01:02 PM
25112A,NU,O,04/03/2026 05:21:01 PM
25113A,N,O,04/03/2026 08:56:48 AM
25113B,N,O,04/04/2026 08:56:46 AM
25114A,N,O,04/04/2026 09:45:21 AM
25114B,N,O,04/04/2026 08:55:50 AM
25115A,N,O,04/04/2026 08:59:47 AM
25115B,N,O,04/04/2026 08:59:54 AM
25116A,N,O,04/04/2026 09:42:51 AM
25116B,N,V,04/04/2026 09:37:47 AM
25117A,N,O,04/04/2026 09:27:56 AM
25117B,N,O,04/04/2026 08:57:47 AM
25118A,N,O,04/04/2026 08:56:50 AM
25118B,N,O,04/04/2026 08:56:46 AM
25119A,N,O,04/04/2026 08:55:55 AM
25119B,N,V,09/19/2025 03:52:02 PM
2511A,N,O,04/04/2026 08:58:47 AM
25121A,N,O,04/04/2026 08:58:48 AM
25121B,N,O,04/03/2026 02:51:15 PM
25122A,N,O,04/04/2026 08:57:50 AM
25122B,N,O,04/04/2026 08:57:50 AM
25123A,N,O,04/04/2026 08:56:48 AM
25123B,N,O,04/04/2026 08:56:59 AM
25124A,N,O,04/04/2026 08:55:49 AM
25124B,N,O,04/04/2026 08:56:17 AM
25125A,N,O,04/04/2026 08:59:43 AM
25125B,N,O,04/04/2026 08:59:43 AM
25126B,N,O,04/04/2026 08:59:44 AM
25127A,N,O,04/04/2026 08:57:48 AM
25127B,N,O,04/04/2026 08:57:52 AM
25128A,N,O,04/04/2026 08:56:48 AM
25128B,N,O,04/04/2026 08:56:55 AM
25129A,N,V,04/04/2026 09:48:03 AM
25129B,N,O,04/04/2026 08:55:57 AM
25130A,N,O,04/04/2026 08:59:45 AM
25130B,N,V,04/04/2026 09:36:12 AM
25131A,N,V,04/04/2026 09:50:02 AM
25131B,N,O,04/04/2026 09:19:35 AM
25132A,N,O,04/04/2026 09:21:17 AM
25132B,N,O,04/04/2026 09:36:34 AM
25133B,N,V,04/04/2026 09:46:29 AM
25134A,N,O,04/04/2026 09:46:59 AM
25134B,N,O,04/04/2026 08:55:47 AM
25137A,N,O,04/04/2026 08:57:50 AM
25138A,N,O,04/04/2026 08:56:45 AM
25138B,N,O,04/04/2026 08:56:45 AM
25139A,N,V,04/04/2026 09:49:04 AM
25139B,N,O,04/04/2026 08:55:59 AM
25140A,N,V,04/04/2026 09:50:35 AM
25140B,N,V,04/04/2026 09:48:40 AM
25141A,N,O,04/04/2026 08:58:46 AM
25141B,N,O,04/04/2026 09:50:08 AM
25142A,N,O,04/04/2026 08:57:50 AM
25142B,N,V,04/04/2026 09:26:32 AM
25143A,N,V,04/04/2026 09:48:19 AM
25143B,N,O,04/04/2026 09:24:57 AM
25144A,N,O,04/04/2026 08:55:50 AM
25144B,N,O,04/04/2026 08:55:50 AM
25145A,N,O,04/04/2026 08:59:46 AM
25145B,N,O,04/04/2026 08:59:46 AM
25146A,N,O,04/04/2026 08:58:45 AM
25146B,N,O,04/04/2026 08:58:45 AM
25147B,N,O,04/04/2026 08:57:46 AM
25148A,N,O,04/04/2026 08:57:03 AM
25148B,N,O,04/04/2026 09:51:15 AM
25149A,N,O,04/04/2026 09:49:01 AM
25149B,N,O,04/04/2026 08:55:46 AM
2514B,N,O,04/04/2026 08:55:52 AM
25150A,N,O,04/04/2026 08:59:59 AM
25150B,N,O,04/04/2026 08:59:47 AM
25151A,N,O,04/04/2026 09:47:45 AM
25152B,N,O,04/04/2026 08:58:01 AM
25153A,N,V,04/04/2026 09:34:00 AM
25153B,N,O,04/04/2026 08:56:45 AM
25154A,N,V,04/04/2026 08:58:21 AM
25154B,N,O,04/03/2026 04:21:38 PM
25155A,N,O,04/04/2026 08:59:55 AM
25155B,N,O,04/04/2026 08:59:47 AM
25156A,N,O,04/04/2026 09:00:03 AM
25156B,N,O,04/04/2026 08:58:59 AM
25157A,NU,O,04/03/2026 01:09:08 PM
25157B,NU,O,04/03/2026 09:26:19 AM
25158A,N,O,04/04/2026 09:51:44 AM
25158B,N,O,04/04/2026 08:56:49 AM
25159A,N,V,04/04/2026 09:17:22 AM
25159B,N,V,04/04/2026 09:42:03 AM
2515A,N,O,04/04/2026 08:59:53 AM
2515B,N,O,04/04/2026 08:59:49 AM
25160A,N,V,04/04/2026 09:40:14 AM
25160B,N,O,04/04/2026 08:59:54 AM
25161A,N,O,04/04/2026 09:09:34 AM
25161B,N,V,04/04/2026 09:32:41 AM
25162A,N,O,04/03/2026 06:56:39 PM
25162B,N,V,04/03/2026 09:37:10 PM
25163A,N,V,04/03/2026 01:07:20 PM
25163B,N,V,04/03/2026 09:16:20 PM
25164A,N,V,04/03/2026 05:14:29 PM
25164B,N,O,04/04/2026 08:55:48 AM
25165A,N,V,04/03/2026 06:54:38 PM
25165B,N,V,04/03/2026 07:24:25 PM
25166A,N,O,04/04/2026 08:58:43 AM
25166B,N,O,04/04/2026 08:58:43 AM
25167B,N,O,04/04/2026 09:18:27 AM
25168A,N,O,04/04/2026 08:56:49 AM
25168B,N,O,04/04/2026 08:56:49 AM
25169A,N,O,04/04/2026 08:55:52 AM
25169B,N,V,04/04/2026 09:26:59 AM
2516A,N,O,04/04/2026 06:58:52 AM
2516B,N,V,04/04/2026 09:51:37 AM
25170A,N,O,04/04/2026 09:50:44 AM
25170B,N,V,04/03/2026 09:54:51 PM
25171A,N,V,04/03/2026 07:45:06 PM
25171B,N,V,04/03/2026 07:45:06 PM
25172A,N,V,04/03/2026 06:05:30 PM
25172B,N,O,04/04/2026 08:57:44 AM
25173A,N,O,04/03/2026 06:00:21 PM
25173B,N,V,04/04/2026 09:10:17 AM
25174A,N,O,04/03/2026 09:29:43 PM
25174B,N,V,04/04/2026 09:38:40 AM
25175A,N,V,04/03/2026 09:13:19 PM
25175B,N,O,04/03/2026 08:17:05 PM
25176A,N,V,04/04/2026 09:46:36 AM
25176B,N,O,04/04/2026 08:58:51 AM
25177A,N,O,04/04/2026 09:02:36 AM
25177B,N,O,04/04/2026 09:46:04 AM
25178A,N,O,04/04/2026 08:56:52 AM
25178B,N,O,04/04/2026 08:56:56 AM
25179A,N,O,04/04/2026 08:55:49 AM
25179B,N,O,04/04/2026 08:55:49 AM
25180A,N,V,04/04/2026 09:38:14 AM
25180B,N,V,04/03/2026 09:42:49 AM
25181A,N,O,04/04/2026 08:58:59 AM
25181B,N,O,04/03/2026 09:59:52 PM
25182A,N,V,04/03/2026 08:36:07 PM
25182B,N,O,04/04/2026 08:57:51 AM
25183A,N,O,04/03/2026 09:57:24 PM
25183B,N,O,04/04/2026 08:59:08 AM
25184A,N,V,04/04/2026 09:30:38 AM
25184B,N,O,04/04/2026 08:55:41 AM
25185A,N,O,04/03/2026 04:28:52 PM
25185B,N,O,04/04/2026 08:59:53 AM
25186A,N,O,04/04/2026 09:11:11 AM
25186B,N,O,04/04/2026 08:58:47 AM
25187A,N,O,04/04/2026 08:59:27 AM
25187B,N,V,04/04/2026 09:08:31 AM
25188A,N,V,04/03/2026 05:46:28 PM
25188B,N,V,04/03/2026 06:25:37 PM
25189A,N,V,04/03/2026 05:21:16 PM
25189B,N,V,04/03/2026 08:42:07 PM
25190A,N,O,04/04/2026 08:59:46 AM
25190B,N,V,04/03/2026 07:57:58 PM
25191A,N,V,04/04/2026 09:51:40 AM
25191B,N,V,04/03/2026 04:07:03 PM
25192A,N,O,04/04/2026 08:57:47 AM
25192B,N,V,04/04/2026 09:45:51 AM
25193A,N,O,04/04/2026 08:56:43 AM
25193B,N,O,04/04/2026 08:56:43 AM
25194A,N,V,04/03/2026 01:38:40 PM
25194B,N,O,04/04/2026 08:55:44 AM
25195A,N,O,04/04/2026 09:49:12 AM
25195B,N,V,04/04/2026 09:50:52 AM
25196A,N,V,04/04/2026 09:39:05 AM
25196B,N,O,04/04/2026 08:58:52 AM
25197A,N,O,04/03/2026 09:55:52 PM
25197B,N,O,04/04/2026 08:57:49 AM
25198A,N,O,04/04/2026 08:56:53 AM
25198B,N,V,04/03/2026 07:59:05 PM
25199A,N,O,04/04/2026 09:48:54 AM
25199B,N,O,04/04/2026 08:55:50 AM
251A,N,O,04/04/2026 09:02:00 AM
251B,N,O,04/04/2026 08:58:47 AM
25200B,N,O,04/04/2026 09:47:16 AM
25201A,N,V,04/04/2026 09:47:57 AM
25201B,N,O,04/04/2026 08:58:55 AM
25202A,N,O,04/04/2026 09:51:40 AM
25202B,N,O,04/03/2026 03:14:03 PM
25203A,N,O,04/03/2026 09:23:30 PM
25203B,N,O,04/04/2026 08:56:53 AM
25204A,N,O,04/04/2026 08:55:52 AM
25204B,N,V,04/04/2026 09:13:55 AM
25205A,N,O,04/04/2026 08:59:47 AM
25205B,N,O,04/04/2026 08:59:47 AM
25206A,N,O,04/04/2026 08:58:40 AM
25206B,N,O,04/03/2026 05:46:48 PM
25207A,N,O,04/04/2026 08:57:45 AM
25207B,N,V,04/03/2026 08:43:34 PM
25208A,N,V,04/04/2026 09:13:10 AM
25208B,N,V,04/04/2026 09:45:46 AM
25209A,N,O,04/04/2026 08:55:44 AM
25209B,N,O,04/04/2026 08:55:44 AM
2520A,N,V,04/04/2026 09:19:46 AM
2520B,N,V,04/04/2026 09:08:45 AM
25210A,N,O,04/04/2026 08:59:47 AM
25210B,N,V,04/03/2026 08:50:05 PM
25211A,N,O,04/04/2026 08:58:46 AM
25211B,N,O,04/04/2026 09:49:06 AM
25212A,N,V,04/04/2026 09:28:22 AM
25212B,N,O,04/04/2026 08:57:51 AM
25213A,N,O,04/04/2026 08:56:44 AM
25213B,N,V,04/04/2026 09:20:49 AM
25214B,N,O,04/04/2026 08:55:47 AM
25215A,N,O,04/04/2026 08:59:51 AM
25215B,N,O,04/04/2026 09:40:46 AM
25216A,N,O,04/04/2026 08:58:55 AM
25216B,N,O,04/04/2026 08:58:46 AM
25217A,N,O,04/04/2026 08:57:44 AM
25217B,N,V,04/03/2026 04:21:38 PM
25218B,N,O,04/04/2026 08:56:48 AM
2521A,N,O,04/04/2026 09:01:37 AM
2521B,N,O,04/04/2026 08:58:45 AM
25221A,N,V,04/04/2026 09:08:13 AM
25221B,N,V,04/04/2026 09:20:05 AM
25222A,N,O,04/03/2026 08:21:02 PM
25222B,N,O,04/04/2026 08:57:51 AM
25223A,N,V,04/04/2026 09:27:05 AM
25223B,N,V,04/04/2026 09:17:44 AM
25224A,N,O,04/04/2026 08:55:50 AM
25224B,N,O,04/04/2026 08:55:54 AM
25225A,N,O,04/04/2026 08:59:54 AM
25225B,N,O,04/04/2026 09:00:01 AM
25226A,N,O,04/04/2026 08:58:46 AM
25226B,N,O,04/04/2026 08:58:46 AM
25227A,N,O,04/04/2026 08:57:52 AM
25227B,N,O,04/04/2026 08:57:52 AM
2522A,N,V,04/04/2026 09:00:15 AM
2522B,N,V,04/04/2026 09:08:32 AM
25230A,NU,O,04/03/2026 05:00:45 PM
25230B,NU,O,04/03/2026 06:03:21 PM
25231A,NU,O,04/03/2026 05:00:49 PM
25231B,NU,O,04/03/2026 05:00:49 PM
25232A,NU,O,04/03/2026 05:01:16 PM
25232B,NU,O,04/03/2026 05:01:20 PM
25234A,NU,O,04/03/2026 08:43:21 PM
25234B,NU,O,04/03/2026 08:30:35 PM
25235A,NU,V,04/03/2026 09:41:47 PM
25235B,NU,O,04/03/2026 08:37:48 PM
25236A,NU,V,04/03/2026 09:06:32 PM
25236B,NU,V,04/03/2026 09:59:59 PM
25237A,NU,V,04/03/2026 09:45:36 PM
25237B,NU,O,04/03/2026 06:26:35 PM
25238A,NU,V,04/03/2026 09:09:07 PM
25238B,NU,O,04/02/2026 05:44:03 PM
25239A,NU,V,04/03/2026 08:15:37 PM
25239B,NU,V,04/03/2026 06:23:55 PM
2523A,N,O,04/04/2026 08:56:43 AM
2523B,N,O,04/04/2026 09:30:22 AM
25240A,NU,V,04/03/2026 09:59:58 PM
25240B,NU,O,04/03/2026 09:47:39 PM
25241A,NU,O,04/03/2026 08:37:33 PM
25241B,NU,O,04/03/2026 09:01:03 PM
25242A,NU,O,04/03/2026 07:13:46 PM
25242B,NU,V,04/03/2026 08:29:12 PM
25243A,NU,O,04/03/2026 09:22:32 PM
25243B,NU,V,04/03/2026 08:28:51 PM
25244A,NU,O,04/03/2026 05:41:54 PM
25244B,NU,O,04/03/2026 09:43:36 PM
25245A,NU,V,04/03/2026 08:58:27 PM
25245B,NU,O,04/03/2026 07:16:08 PM
25246A,NU,O,04/03/2026 05:33:26 PM
25246B,NU,O,04/03/2026 09:50:08 PM
25247A,NU,O,04/03/2026 09:59:16 PM
25247B,NU,O,04/03/2026 07:03:54 PM
25248A,NU,O,04/03/2026 06:07:44 PM
25248B,NU,V,04/03/2026 09:09:11 PM
25249A,NU,O,04/03/2026 09:14:27 PM
25249B,NU,V,04/03/2026 09:13:02 PM
2524A,N,O,04/04/2026 08:55:49 AM
2524B,N,V,04/04/2026 09:35:02 AM
25250A,NU,O,04/03/2026 06:51:25 PM
25250B,NU,V,04/03/2026 09:51:07 PM
25251A,NU,O,04/03/2026 06:09:44 PM
25251B,NU,V,04/03/2026 09:28:39 PM
25252A,NU,O,04/03/2026 07:21:26 PM
25252B,NU,O,04/03/2026 07:40:42 PM
25253A,NU,O,04/04/2026 09:31:45 AM
25253B,NU,V,04/04/2026 09:39:22 AM
25254B,N,O,04/04/2026 08:55:51 AM
25255A,N,O,04/04/2026 09:51:39 AM
25255B,N,O,04/04/2026 08:59:52 AM
25256A,N,V,04/04/2026 09:50:53 AM
25257B,N,O,04/04/2026 09:15:12 AM
25258A,N,O,04/04/2026 08:56:46 AM
25258B,N,O,04/04/2026 08:56:46 AM
25259A,N,O,04/04/2026 08:55:52 AM
25259B,N,O,04/04/2026 08:55:52 AM
2525A,N,O,04/04/2026 08:59:52 AM
2525B,N,O,04/04/2026 08:59:52 AM
25260A,N,O,04/04/2026 09:15:16 AM
25260B,N,V,04/04/2026 09:51:32 AM
25261A,N,O,04/03/2026 06:52:37 PM
25261B,N,V,04/04/2026 09:36:56 AM
25262A,N,V,04/04/2026 09:32:12 AM
25262B,N,O,04/04/2026 08:57:41 AM
25263A,N,O,04/04/2026 08:56:44 AM
25263B,N,O,04/03/2026 06:04:17 PM
25264A,N,O,04/04/2026 09:51:15 AM
25264B,N,V,04/04/2026 09:11:54 AM
25265A,N,V,04/04/2026 09:15:11 AM
25265B,N,O,04/03/2026 06:51:40 PM
25266B,N,V,04/04/2026 09:12:43 AM
25267A,N,V,04/04/2026 09:35:32 AM
25267B,N,O,04/04/2026 09:27:32 AM
25268A,N,O,04/03/2026 04:27:26 PM
25268B,N,O,04/04/2026 09:48:40 AM
25269A,N,O,04/04/2026 08:55:45 AM
25269B,N,O,04/04/2026 09:27:51 AM
2526A,N,V,04/04/2026 09:41:48 AM
25270A,N,V,04/04/2026 09:50:48 AM
25270B,N,O,04/04/2026 08:59:43 AM
25271A,N,V,04/04/2026 09:50:36 AM
25272A,N,O,04/04/2026 08:57:44 AM
25272B,N,O,04/04/2026 08:57:44 AM
25273A,N,O,04/04/2026 08:56:54 AM
25273B,N,O,04/04/2026 08:56:47 AM
25274A,N,O,04/04/2026 08:55:52 AM
25274B,N,O,04/04/2026 08:56:02 AM
25275A,N,O,04/04/2026 09:23:12 AM
25275B,N,O,04/04/2026 09:00:00 AM
25276A,N,V,04/04/2026 09:48:41 AM
25276B,N,O,04/03/2026 06:51:34 PM
25277A,N,O,01/21/2026 06:36:41 PM
25277B,N,O,02/02/2026 07:57:05 PM
25278A,N,O,04/04/2026 09:33:46 AM
25278B,N,O,04/04/2026 09:50:16 AM
25279A,N,O,04/04/2026 08:55:47 AM
25279B,N,O,04/04/2026 08:55:47 AM
2527A,N,O,04/04/2026 08:57:54 AM
2527B,N,O,04/04/2026 09:51:07 AM
25280A,N,O,04/04/2026 08:59:47 AM
25280B,N,V,04/04/2026 09:44:55 AM
25281A,N,O,04/04/2026 09:12:14 AM
25281B,N,V,04/04/2026 09:29:42 AM
25282B,N,V,04/04/2026 09:42:35 AM
25283A,N,O,04/04/2026 09:35:37 AM
25284A,N,O,04/04/2026 08:55:52 AM
25284B,N,V,04/04/2026 09:51:34 AM
25285A,N,O,04/04/2026 08:59:44 AM
25285B,N,O,04/04/2026 08:59:44 AM
25286A,N,O,04/04/2026 08:58:45 AM
25286B,N,V,04/04/2026 09:23:54 AM
25287A,N,O,04/04/2026 08:57:46 AM
25287B,N,O,04/04/2026 09:51:19 AM
25288A,N,O,04/04/2026 08:56:50 AM
25288B,N,O,04/04/2026 08:56:50 AM
25289A,N,O,04/04/2026 08:55:47 AM
25289B,N,O,04/04/2026 08:55:54 AM
2528B,N,O,04/04/2026 08:56:52 AM
25290A,N,O,04/04/2026 08:59:44 AM
25290B,N,O,04/04/2026 08:59:44 AM
25291A,N,O,04/04/2026 08:58:51 AM
25291B,N,O,04/04/2026 08:58:59 AM
25292A,N,O,04/04/2026 08:57:49 AM
25292B,N,O,04/04/2026 08:57:49 AM
25293A,N,O,04/03/2026 04:20:49 PM
25293B,N,V,04/04/2026 09:49:17 AM
25294A,N,O,04/04/2026 08:55:52 AM
25294B,N,V,04/04/2026 09:14:39 AM
25295A,N,O,04/04/2026 08:59:51 AM
25295B,N,O,04/04/2026 08:59:44 AM
25296A,N,O,04/04/2026 09:48:02 AM
25296B,N,O,04/04/2026 08:58:58 AM
25297A,N,O,04/04/2026 08:57:52 AM
25297B,N,V,04/04/2026 09:51:36 AM
25298A,N,O,04/04/2026 08:56:48 AM
25298B,N,O,04/04/2026 08:59:32 AM
25299A,N,O,09/03/2025 03:25:17 PM
2529A,N,O,04/04/2026 08:58:13 AM
2529B,N,O,04/04/2026 08:55:45 AM
252A,N,O,04/04/2026 08:57:54 AM
252B,N,O,04/04/2026 08:57:54 AM
25302B,N,O,04/03/2026 04:17:06 PM
25303A,N,O,04/04/2026 08:56:47 AM
25303B,N,O,04/04/2026 08:56:47 AM
25304A,N,O,04/04/2026 09:49:09 AM
25304B,N,O,04/04/2026 08:55:39 AM
25305A,N,O,04/04/2026 09:43:50 AM
25305B,N,O,04/04/2026 08:59:44 AM
25306A,N,O,04/04/2026 08:59:05 AM
25306B,N,O,04/04/2026 08:58:52 AM
25307A,N,O,04/04/2026 08:57:53 AM
25307B,N,O,04/04/2026 08:57:53 AM
25308A,N,O,04/04/2026 08:56:52 AM
25308B,N,O,04/04/2026 08:56:52 AM
25309A,N,O,04/04/2026 09:00:44 AM
25309B,N,O,04/04/2026 08:55:52 AM
2530A,N,O,04/04/2026 08:59:43 AM
2530B,N,O,04/04/2026 08:59:43 AM
25311A,N,O,04/04/2026 08:58:50 AM
25312A,N,O,04/04/2026 09:50:58 AM
25312B,N,V,04/04/2026 09:51:38 AM
25313B,N,O,04/04/2026 08:56:51 AM
25314A,N,O,04/04/2026 08:55:52 AM
25314B,N,O,04/04/2026 09:35:03 AM
25316A,N,O,04/04/2026 08:59:30 AM
25316B,N,O,04/04/2026 08:58:54 AM
25317B,N,O,04/04/2026 08:57:54 AM
25318A,N,O,04/03/2026 09:35:54 PM
25318B,N,O,04/04/2026 08:56:51 AM
25319B,N,O,04/04/2026 09:40:53 AM
2531A,N,O,04/04/2026 08:58:55 AM
2531B,N,O,04/04/2026 08:58:55 AM
25320A,N,O,04/04/2026 08:59:48 AM
25321A,N,O,04/04/2026 09:38:14 AM
25321B,N,O,04/03/2026 08:58:50 AM
25322A,N,O,04/03/2026 03:04:08 PM
25322B,N,O,04/03/2026 08:29:57 PM
25330A,N,O,04/04/2026 09:34:04 AM
25330B,N,O,04/04/2026 08:59:57 AM
25331A,N,O,04/04/2026 08:58:50 AM
25331B,N,O,04/04/2026 08:58:50 AM
25332A,N,O,04/04/2026 08:57:53 AM
25332B,N,O,04/04/2026 08:58:05 AM
25333A,NU,O,04/03/2026 08:40:19 PM
25333B,NU,O,04/03/2026 06:44:37 PM
25334A,N,O,04/04/2026 08:55:47 AM
25334B,N,O,04/04/2026 08:56:10 AM
25335A,N,O,04/03/2026 02:29:11 PM
25335B,N,O,04/03/2026 09:59:43 AM
25336B,N,O,04/03/2026 10:54:33 AM
25337A,N,O,04/03/2026 09:58:26 AM
25337B,N,O,04/03/2026 03:56:21 PM
25338A,N,O,04/03/2026 03:55:54 PM
25338B,N,O,04/03/2026 09:56:44 AM
25341A,N,O,04/04/2026 07:58:45 AM
25342A,N,O,04/04/2026 09:26:19 AM
25342B,N,O,04/04/2026 07:57:56 AM
25343A,N,O,04/04/2026 09:45:54 AM
25343B,N,O,04/04/2026 09:43:37 AM
25344B,N,O,04/04/2026 09:22:56 AM
25345A,N,O,04/04/2026 09:37:35 AM
25346A,N,O,08/09/2025 07:24:28 PM
25346B,N,O,10/23/2025 03:47:54 PM
25352A,N,O,04/04/2026 08:57:43 AM
25352B,N,O,04/04/2026 08:57:47 AM
25353A,N,O,04/03/2026 07:05:22 PM
25353B,N,O,04/03/2026 06:27:36 PM
25354A,N,O,04/03/2026 09:24:03 PM
25354B,N,O,04/03/2026 09:08:05 PM
25355A,N,V,04/04/2026 09:50:55 AM
25355B,N,O,04/04/2026 08:59:52 AM
25356A,N,O,04/04/2026 08:59:03 AM
25356B,N,O,04/04/2026 08:59:03 AM
25357A,N,O,04/04/2026 08:57:57 AM
25357B,N,O,04/04/2026 09:30:55 AM
25358B,N,O,04/04/2026 08:57:23 AM
25359A,N,O,04/03/2026 09:55:46 AM
25360A,N,O,04/03/2026 09:59:48 AM
25360B,N,O,04/03/2026 09:59:56 AM
25361A,N,O,04/04/2026 08:58:54 AM
25361B,N,O,04/04/2026 08:58:45 AM
25362A,N,O,04/04/2026 09:38:47 AM
25362B,N,O,04/04/2026 09:10:57 AM
25363A,N,O,04/04/2026 08:56:47 AM
25363B,N,O,04/04/2026 09:18:01 AM
25364A,N,O,04/04/2026 09:24:11 AM
25364B,N,O,04/04/2026 08:55:49 AM
25365A,N,O,04/04/2026 09:47:42 AM
25365B,N,O,04/04/2026 08:59:54 AM
25366A,N,O,04/04/2026 08:58:51 AM
2536A,N,O,04/04/2026 08:58:44 AM
2536B,N,O,04/03/2026 08:58:44 AM
25371A,N,O,04/04/2026 09:21:07 AM
25371B,N,O,04/04/2026 09:30:21 AM
25372A,N,O,04/04/2026 08:57:51 AM
25372B,N,O,04/04/2026 09:37:41 AM
25373A,N,O,04/04/2026 09:44:39 AM
25373B,N,O,04/04/2026 08:56:51 AM
25374A,N,O,04/04/2026 08:55:56 AM
25374B,N,O,04/04/2026 08:56:10 AM
25375A,N,O,04/04/2026 09:45:20 AM
25375B,N,O,04/04/2026 09:42:17 AM
25376A,N,O,04/04/2026 08:58:57 AM
25376B,N,V,04/04/2026 09:41:18 AM
2537A,N,O,04/04/2026 08:57:52 AM
2537B,N,O,04/04/2026 08:57:52 AM
25383A,N,O,04/04/2026 08:56:53 AM
25383B,N,O,04/04/2026 09:26:34 AM
25384B,N,O,04/04/2026 09:15:04 AM
25385A,N,O,04/04/2026 09:14:46 AM
25385B,N,O,04/04/2026 09:32:21 AM
25386A,N,O,04/04/2026 08:58:47 AM
25386B,N,O,04/04/2026 08:58:47 AM
25387A,N,O,04/04/2026 09:27:32 AM
25387B,N,O,04/03/2026 05:22:17 PM
25388A,N,O,04/04/2026 08:56:49 AM
25388B,N,O,04/04/2026 09:38:28 AM
25389A,N,O,04/04/2026 08:56:01 AM
25389B,N,O,04/04/2026 08:55:51 AM
2538A,N,O,04/04/2026 08:56:52 AM
2538B,N,O,04/03/2026 08:56:49 AM
25390A,N,O,04/04/2026 08:59:41 AM
25390B,N,O,04/03/2026 08:59:55 AM
25391B,N,V,04/04/2026 09:45:30 AM
25393A,N,O,04/04/2026 09:33:48 AM
25393B,N,O,04/04/2026 08:56:43 AM
25394A,N,O,04/04/2026 09:46:17 AM
25395A,N,O,04/04/2026 08:59:51 AM
25396A,N,O,04/04/2026 08:58:48 AM
25396B,N,O,04/03/2026 02:42:34 PM
25397B,N,O,04/04/2026 08:57:46 AM
25398A,N,O,04/04/2026 08:56:42 AM
25399A,N,O,04/04/2026 08:55:51 AM
25399B,N,V,04/04/2026 09:50:11 AM
2539A,N,V,04/04/2026 09:50:47 AM
2539B,N,O,04/04/2026 08:55:43 AM
253A,N,V,04/03/2026 09:36:56 PM
25400B,N,O,04/04/2026 09:32:20 AM
25401A,N,V,04/04/2026 09:31:32 AM
25401B,N,O,04/04/2026 08:58:49 AM
25402A,N,O,04/04/2026 08:57:52 AM
25402B,N,V,04/04/2026 09:09:55 AM
25403A,N,O,04/04/2026 08:56:46 AM
25403B,N,O,04/04/2026 08:56:46 AM
25404A,N,O,04/04/2026 08:55:42 AM
25404B,N,V,04/04/2026 09:08:23 AM
25405A,N,V,04/04/2026 09:40:25 AM
25405B,N,O,04/04/2026 08:59:46 AM
25406A,N,O,04/04/2026 08:58:43 AM
25406B,N,O,04/04/2026 08:58:43 AM
25407A,N,V,04/04/2026 09:49:27 AM
25407B,N,O,04/04/2026 08:57:55 AM
25408A,N,O,04/04/2026 08:56:48 AM
25408B,N,O,04/04/2026 08:56:48 AM
25409A,N,O,04/04/2026 08:55:48 AM
25409B,N,O,04/04/2026 08:55:48 AM
25410A,N,V,04/03/2026 09:57:41 PM
25410B,N,O,04/04/2026 08:59:51 AM
25411A,N,V,04/04/2026 09:48:56 AM
25411B,N,O,04/04/2026 08:58:46 AM
25412B,N,O,04/04/2026 08:57:47 AM
25413A,N,V,04/04/2026 09:44:02 AM
25413B,N,V,04/04/2026 09:08:08 AM
25414A,N,O,04/04/2026 08:55:46 AM
25414B,N,V,04/04/2026 09:09:22 AM
25415A,N,O,04/04/2026 08:59:43 AM
25415B,N,V,04/04/2026 09:46:46 AM
25416A,N,V,04/04/2026 09:39:03 AM
25416B,N,O,04/04/2026 09:23:09 AM
25417A,N,O,04/04/2026 09:08:18 AM
25417B,N,V,04/04/2026 08:58:41 AM
25418A,N,O,04/04/2026 09:50:40 AM
25418B,N,V,04/04/2026 09:43:41 AM
25419A,N,O,04/04/2026 09:43:30 AM
25419B,N,V,04/04/2026 08:58:53 AM
25420A,N,O,04/04/2026 09:09:17 AM
25420B,N,V,04/03/2026 02:22:44 PM
25421A,N,V,04/03/2026 06:01:35 PM
25421B,N,V,04/04/2026 09:51:30 AM
25422A,N,O,04/04/2026 09:45:03 AM
25422B,N,V,04/03/2026 09:44:47 PM
25423A,N,O,04/04/2026 08:56:51 AM
25423B,N,O,04/03/2026 06:50:18 PM
25424A,N,V,04/03/2026 07:26:02 PM
25424B,N,V,04/04/2026 09:28:37 AM
25425A,N,O,04/04/2026 09:44:01 AM
25425B,N,O,04/04/2026 08:59:51 AM
25426A,N,O,04/04/2026 08:58:46 AM
25426B,N,O,04/04/2026 08:58:55 AM
25427A,N,O,04/04/2026 08:57:44 AM
25427B,N,O,04/04/2026 09:48:00 AM
25428A,N,O,04/04/2026 08:56:45 AM
25428B,N,O,04/04/2026 09:48:48 AM
25429A,N,V,04/04/2026 09:51:34 AM
25429B,N,V,04/04/2026 09:51:27 AM
2542A,N,O,04/04/2026 08:57:48 AM
2542B,N,O,04/04/2026 09:30:52 AM
25430A,N,V,04/04/2026 09:30:49 AM
25430B,N,V,04/04/2026 09:51:26 AM
25431A,N,O,04/04/2026 08:58:43 AM
25431B,N,O,04/04/2026 09:20:33 AM
25432A,N,V,04/03/2026 09:58:38 PM
25432B,N,O,04/04/2026 09:40:32 AM
25433A,N,O,04/04/2026 09:22:51 AM
25433B,N,O,04/04/2026 08:56:51 AM
25434A,N,V,04/04/2026 09:30:51 AM
25434B,N,V,04/04/2026 09:34:21 AM
25435A,N,O,04/04/2026 08:59:41 AM
25435B,N,V,04/04/2026 09:48:58 AM
25436A,N,V,04/04/2026 09:11:24 AM
25436B,N,O,04/03/2026 06:58:04 PM
25437A,N,O,04/04/2026 09:50:34 AM
25437B,N,O,04/03/2026 01:15:56 PM
25438A,N,O,04/04/2026 09:51:42 AM
25438B,N,O,04/04/2026 08:56:51 AM
25439B,N,O,04/04/2026 09:19:25 AM
2543A,N,O,04/04/2026 08:56:54 AM
2543B,N,O,04/04/2026 08:56:54 AM
25443B,N,O,04/04/2026 08:56:50 AM
25444A,N,O,04/04/2026 08:55:53 AM
25444B,N,O,04/04/2026 08:55:53 AM
25445A,N,O,04/04/2026 08:59:51 AM
25445B,N,O,04/04/2026 09:13:51 AM
25446A,N,O,04/04/2026 08:58:55 AM
25446B,N,O,04/04/2026 08:59:05 AM
25447A,N,O,04/04/2026 09:49:07 AM
25447B,N,O,04/04/2026 09:51:07 AM
25448A,N,O,04/04/2026 08:56:51 AM
25448B,N,O,04/04/2026 09:21:17 AM
25449A,N,O,04/04/2026 09:09:34 AM
25449B,N,V,01/09/2026 02:21:37 PM
25450A,N,O,04/04/2026 09:00:05 AM
25450B,N,O,04/04/2026 08:59:58 AM
25451A,N,V,04/03/2026 09:42:49 PM
25451B,N,O,04/04/2026 09:48:59 AM
25452A,N,O,04/04/2026 09:22:47 AM
25452B,N,O,04/04/2026 09:49:33 AM
25453A,N,V,04/04/2026 09:51:17 AM
25453B,N,O,04/04/2026 09:25:15 AM
25454A,N,O,04/04/2026 08:55:59 AM
25454B,N,O,04/03/2026 09:22:03 PM
25455A,N,O,04/04/2026 09:51:00 AM
25455B,N,O,01/09/2026 02:48:28 PM
25456A,N,O,04/04/2026 09:38:09 AM
25456B,N,O,04/04/2026 08:58:52 AM
25457A,N,O,04/04/2026 08:57:51 AM
25457B,N,O,04/04/2026 08:57:51 AM
25458A,N,O,04/04/2026 08:56:49 AM
25458B,N,O,04/04/2026 08:56:49 AM
25459A,N,V,04/03/2026 06:37:47 PM
25459B,N,O,04/04/2026 08:55:52 AM
25460A,N,O,04/04/2026 08:59:45 AM
25460B,N,O,04/04/2026 08:59:45 AM
25461A,N,O,04/04/2026 08:58:50 AM
25461B,N,O,04/04/2026 08:58:43 AM
25462A,N,O,04/04/2026 08:57:48 AM
25462B,N,O,04/04/2026 09:37:06 AM
25463A,N,V,01/23/2026 01:37:30 PM
25463B,N,O,04/04/2026 08:56:49 AM
25464A,N,O,04/04/2026 09:34:28 AM
25464B,N,O,04/04/2026 08:55:50 AM
25465A,N,O,04/04/2026 09:38:08 AM
25465B,N,O,04/04/2026 08:59:49 AM
25466A,N,O,04/04/2026 09:22:37 AM
25466B,N,O,04/04/2026 08:59:03 AM
25467A,N,O,04/04/2026 08:57:51 AM
25467B,N,O,04/03/2026 03:53:43 PM
25468A,N,O,04/04/2026 08:56:49 AM
25468B,N,O,04/04/2026 08:56:46 AM
25469A,N,O,04/04/2026 08:55:51 AM
25469B,N,O,04/04/2026 09:08:52 AM
25470A,N,O,04/04/2026 08:59:53 AM
25470B,N,O,04/04/2026 08:59:49 AM
25471A,N,O,04/04/2026 08:58:45 AM
25471B,N,O,04/04/2026 08:58:45 AM
25472A,N,O,04/04/2026 08:57:43 AM
25473A,N,O,04/04/2026 08:57:25 AM
25473B,N,O,04/04/2026 08:56:43 AM
25474A,N,V,04/04/2026 09:50:55 AM
25474B,N,O,04/04/2026 08:55:52 AM
25475A,N,O,04/04/2026 08:59:50 AM
25475B,N,O,04/04/2026 08:59:54 AM
25476A,N,O,04/04/2026 08:58:55 AM
25476B,N,O,04/04/2026 08:58:55 AM
25477A,N,O,04/04/2026 08:57:54 AM
25477B,N,O,04/04/2026 08:57:50 AM
25478A,N,O,04/04/2026 08:56:48 AM
25478B,N,O,04/04/2026 08:56:44 AM
25479A,N,O,04/04/2026 08:55:46 AM
25479B,N,O,04/04/2026 08:55:46 AM
2547A,N,O,04/04/2026 08:57:46 AM
2547B,N,O,04/03/2026 02:31:36 PM
25480A,N,O,04/04/2026 08:59:47 AM
25480B,N,O,04/04/2026 08:59:47 AM
25481A,N,O,04/04/2026 08:58:50 AM
25481B,N,O,04/04/2026 08:58:47 AM
25482A,N,O,04/04/2026 08:57:53 AM
25482B,N,O,04/04/2026 08:57:53 AM
25483A,N,O,04/04/2026 08:56:47 AM
25483B,N,O,04/04/2026 08:56:50 AM
25484A,N,O,04/04/2026 08:55:56 AM
25484B,N,O,04/04/2026 09:49:55 AM
25485A,N,O,04/03/2026 08:52:00 PM
25485B,N,O,04/04/2026 08:59:46 AM
25486A,N,O,04/03/2026 08:58:43 AM
25486B,N,O,04/04/2026 08:58:42 AM
25487A,N,O,04/04/2026 08:58:35 AM
25487B,N,O,04/04/2026 08:57:49 AM
25488A,N,O,04/04/2026 08:56:49 AM
25488B,N,O,04/04/2026 08:56:49 AM
25489B,N,O,04/04/2026 08:55:49 AM
25490A,N,V,04/04/2026 09:50:19 AM
25491A,N,O,04/04/2026 08:58:47 AM
25491B,N,O,04/04/2026 08:58:47 AM
25492A,N,O,04/04/2026 08:57:44 AM
25492B,N,O,04/04/2026 08:57:44 AM
25493A,N,O,04/04/2026 08:56:50 AM
25493B,N,O,04/04/2026 08:56:50 AM
25494A,N,O,04/04/2026 08:55:42 AM
25494B,N,O,04/04/2026 09:14:54 AM
25495A,N,O,04/04/2026 08:59:51 AM
25495B,N,O,04/04/2026 08:59:51 AM
25496A,N,O,04/04/2026 09:15:47 AM
25496B,N,O,04/04/2026 08:58:50 AM
25497B,N,O,04/04/2026 08:57:56 AM
25499A,N,O,04/03/2026 08:55:49 AM
25499B,N,O,04/04/2026 08:55:48 AM
254A,N,V,04/03/2026 08:30:50 PM
254B,N,V,04/03/2026 08:30:29 PM
25500A,N,O,04/04/2026 09:00:03 AM
25500B,N,O,04/04/2026 08:59:44 AM
25501A,N,O,04/04/2026 08:58:47 AM
25501B,N,O,04/04/2026 08:58:47 AM
25502A,N,O,04/04/2026 08:57:46 AM
25502B,N,O,04/04/2026 08:57:50 AM
25503A,N,O,04/04/2026 08:56:46 AM
25503B,N,O,04/03/2026 08:56:45 AM
25504A,N,O,04/03/2026 08:55:53 AM
25504B,N,O,04/04/2026 08:55:46 AM
25505B,N,O,04/04/2026 08:59:46 AM
25506A,N,O,04/04/2026 08:58:51 AM
25506B,N,O,04/04/2026 09:48:40 AM
25507A,N,O,04/04/2026 08:58:30 AM
25507B,N,O,04/04/2026 09:40:09 AM
25508A,N,O,04/04/2026 08:56:55 AM
25508B,N,V,04/04/2026 09:49:46 AM
25509A,N,O,04/04/2026 09:30:40 AM
25509B,N,O,04/04/2026 08:55:47 AM
25510A,N,O,04/04/2026 09:00:00 AM
25510B,N,O,04/04/2026 09:34:24 AM
25511A,N,O,04/04/2026 09:08:40 AM
25511B,N,O,04/04/2026 08:58:49 AM
25512A,N,V,04/03/2026 09:51:26 PM
25512B,N,O,04/04/2026 08:57:46 AM
25513A,N,O,04/03/2026 08:56:45 AM
25513B,N,O,04/04/2026 08:56:45 AM
25514B,N,V,04/02/2026 03:19:25 PM
25515A,N,V,04/04/2026 09:48:09 AM
25515B,N,V,04/04/2026 09:29:25 AM
25516A,N,O,04/04/2026 08:58:52 AM
25516B,N,O,04/03/2026 01:39:42 PM
25517A,N,O,04/03/2026 08:31:14 PM
25517B,N,O,04/03/2026 09:04:19 PM
25518B,N,V,04/02/2026 10:35:31 AM
25519A,N,O,04/04/2026 09:43:54 AM
25519B,N,O,04/04/2026 08:55:48 AM
25520A,N,O,04/04/2026 09:01:19 AM
25520B,N,O,04/03/2026 09:50:29 PM
25521A,N,O,04/04/2026 08:58:52 AM
25521B,N,O,04/03/2026 07:34:33 PM
25522A,N,O,04/03/2026 09:59:19 PM
25522B,N,O,04/03/2026 05:45:47 PM
25523A,N,O,04/04/2026 08:56:46 AM
25523B,N,O,04/04/2026 08:56:46 AM
25524A,N,O,04/03/2026 05:43:00 PM
25524B,N,O,04/04/2026 08:55:39 AM
25525A,N,O,04/04/2026 08:59:47 AM
25525B,N,O,04/04/2026 08:59:47 AM
25528A,N,O,04/03/2026 09:46:07 PM
25528B,N,V,04/04/2026 09:26:45 AM
25529A,N,O,04/04/2026 08:55:40 AM
25529B,N,V,04/04/2026 09:51:41 AM
2552A,N,O,04/04/2026 06:57:50 AM
2552B,N,O,04/04/2026 06:57:57 AM
25530A,N,V,04/03/2026 08:13:14 PM
25530B,N,O,04/04/2026 08:59:59 AM
25531A,N,O,04/04/2026 08:59:24 AM
25531B,N,O,04/04/2026 08:58:47 AM
25532A,N,O,04/04/2026 09:47:38 AM
25532B,N,V,04/04/2026 09:51:38 AM
25533A,N,V,04/03/2026 04:01:56 PM
25533B,N,V,04/03/2026 09:58:05 PM
25534A,N,O,04/03/2026 07:58:51 PM
25534B,N,V,04/04/2026 09:28:15 AM
25535A,N,O,04/04/2026 08:59:53 AM
25535B,N,O,04/03/2026 06:22:32 PM
25536A,N,O,04/04/2026 08:58:48 AM
25536B,N,O,04/03/2026 05:25:49 PM
25537A,N,V,04/03/2026 09:28:30 PM
25537B,N,V,04/03/2026 08:31:17 PM
25538A,N,O,04/04/2026 08:56:43 AM
25538B,N,O,04/04/2026 08:56:43 AM
2553A,N,O,04/04/2026 06:56:54 AM
2553B,N,V,04/03/2026 06:53:26 PM
25540A,N,O,04/04/2026 08:59:49 AM
25540B,N,O,04/04/2026 09:51:08 AM
25541A,N,V,04/04/2026 08:59:10 AM
25541B,N,V,04/04/2026 09:47:22 AM
25542A,N,V,04/03/2026 09:20:57 PM
25543A,N,O,04/03/2026 06:05:30 PM
25543B,N,O,04/03/2026 01:28:05 PM
25544A,N,V,04/03/2026 06:46:08 PM
25544B,N,O,04/04/2026 08:55:50 AM
25545A,N,V,04/03/2026 11:17:46 AM
25545B,N,V,04/03/2026 06:52:24 PM
25546A,N,V,04/04/2026 09:50:09 AM
25546B,N,O,04/04/2026 08:58:50 AM
25547A,N,V,04/03/2026 07:05:56 PM
25547B,N,O,04/04/2026 08:57:56 AM
25548A,N,O,04/03/2026 06:00:42 PM
25549A,N,V,04/04/2026 09:39:18 AM
25549B,N,O,04/04/2026 08:55:47 AM
2554A,N,O,04/04/2026 06:55:50 AM
2554B,N,O,04/03/2026 06:57:05 PM
25550A,N,V,04/03/2026 09:36:02 PM
25550B,N,V,04/03/2026 07:32:30 PM
25551A,N,V,04/04/2026 09:17:51 AM
25551B,N,V,04/03/2026 03:14:24 PM
25552A,N,V,04/03/2026 01:49:00 PM
25552B,N,V,04/04/2026 09:29:23 AM
25553A,N,O,04/03/2026 07:39:57 PM
25553B,N,O,04/04/2026 08:56:47 AM
25554A,N,O,04/04/2026 08:55:50 AM
25555A,N,O,04/04/2026 08:59:48 AM
25555B,N,O,04/04/2026 08:59:48 AM
25556A,N,O,04/03/2026 07:31:37 PM
25556B,N,O,04/03/2026 04:25:04 PM
25557A,N,O,04/04/2026 08:57:43 AM
25557B,N,V,04/03/2026 07:18:00 PM
25558A,N,O,04/04/2026 08:56:51 AM
25558B,N,O,04/02/2026 12:12:27 PM
25559A,N,O,04/03/2026 07:00:41 PM
25559B,N,O,04/03/2026 04:56:57 PM
2555A,N,O,04/04/2026 06:59:43 AM
2555B,N,O,04/04/2026 06:59:40 AM
25560A,N,O,04/03/2026 07:50:08 PM
25560B,N,V,04/02/2026 05:43:42 PM
25561A,N,O,04/04/2026 08:58:49 AM
25561B,N,O,04/04/2026 08:58:49 AM
25562B,N,O,04/01/2026 07:19:08 PM
25563A,N,V,04/03/2026 07:20:02 PM
25563B,N,O,04/03/2026 07:06:42 PM
25564A,N,V,04/03/2026 11:50:57 AM
25564B,N,V,04/04/2026 09:16:41 AM
25565A,N,V,04/04/2026 09:18:27 AM
25565B,N,O,04/03/2026 08:50:25 PM
25566A,N,V,04/03/2026 06:16:55 PM
25566B,N,V,04/04/2026 09:38:39 AM
25567A,N,O,04/04/2026 09:36:31 AM
25567B,N,V,04/04/2026 09:37:42 AM
25568A,NU,O,04/03/2026 09:04:45 PM
25568B,NU,O,04/03/2026 06:34:03 PM
25569A,N,O,04/04/2026 08:55:41 AM
25569B,N,V,04/04/2026 09:19:56 AM
2556B,N,O,04/04/2026 06:58:48 AM
25570B,N,V,04/04/2026 09:51:24 AM
25571A,N,V,04/04/2026 09:30:32 AM
25571B,N,V,04/03/2026 06:03:52 PM
25572A,N,O,04/04/2026 08:57:46 AM
25572B,N,O,04/03/2026 06:41:06 PM
25573A,N,V,04/03/2026 07:24:59 PM
25573B,N,V,04/03/2026 06:27:45 PM
25574A,N,O,04/04/2026 08:55:40 AM
25574B,N,O,04/03/2026 06:09:04 PM
25575A,N,O,11/06/2025 11:02:53 AM
25575B,N,O,11/06/2025 11:03:51 AM
25576A,N,O,04/04/2026 08:58:48 AM
25576B,N,V,04/02/2026 03:52:33 PM
25577A,N,O,04/04/2026 08:58:01 AM
25577B,N,O,04/04/2026 08:57:53 AM
25578A,N,O,04/04/2026 08:56:43 AM
25578B,N,O,04/03/2026 09:58:58 PM
25579A,N,V,04/03/2026 06:55:31 PM
2557A,N,O,04/04/2026 06:57:49 AM
2557B,N,O,04/04/2026 09:51:12 AM
25580A,N,V,04/04/2026 09:51:36 AM
25580B,N,O,04/04/2026 08:59:49 AM
25581A,N,V,04/03/2026 09:01:46 PM
25581B,N,O,04/04/2026 09:34:28 AM
25582A,N,V,04/04/2026 09:28:16 AM
25582B,N,V,04/03/2026 02:58:26 PM
25583A,N,V,04/03/2026 04:02:15 PM
25583B,N,V,04/04/2026 09:28:13 AM
25584A,N,V,04/03/2026 09:18:23 PM
25584B,N,O,04/04/2026 09:15:30 AM
25585A,N,V,04/03/2026 08:38:03 PM
25585B,N,O,04/03/2026 08:10:17 PM
25586A,N,O,04/04/2026 08:58:47 AM
25586B,N,O,04/03/2026 05:47:58 PM
25587A,N,O,04/04/2026 09:33:52 AM
25587B,N,V,04/04/2026 09:38:08 AM
25588A,N,V,04/03/2026 04:38:13 PM
25588B,N,O,04/03/2026 08:48:47 PM
25589A,N,V,04/03/2026 04:19:09 PM
2558A,N,O,04/04/2026 06:56:44 AM
2558B,N,O,04/04/2026 06:56:44 AM
25590A,N,V,04/04/2026 09:45:20 AM
25590B,N,O,04/03/2026 08:46:51 PM
25591A,N,O,04/04/2026 09:51:06 AM
25591B,N,O,04/04/2026 09:06:06 AM
25592A,N,V,04/04/2026 09:11:38 AM
25592B,N,V,04/04/2026 09:47:02 AM
25593A,N,O,04/03/2026 07:06:09 PM
25593B,N,V,04/04/2026 09:49:17 AM
25594A,N,O,04/04/2026 08:55:54 AM
25595B,N,V,04/04/2026 09:50:55 AM
25596A,N,V,04/03/2026 08:02:35 PM
25596B,N,V,04/04/2026 09:46:21 AM
25597A,N,O,04/03/2026 09:38:44 PM
25597B,N,O,04/03/2026 09:55:52 PM
25598A,N,V,04/03/2026 08:31:46 PM
25598B,N,V,04/04/2026 09:21:51 AM
25599A,N,V,04/04/2026 09:48:31 AM
25599B,N,V,04/04/2026 09:45:38 AM
2559A,N,O,04/04/2026 06:55:50 AM
2559B,N,O,04/04/2026 06:55:54 AM
255A,N,V,04/03/2026 07:53:54 PM
255B,N,O,04/03/2026 05:13:01 PM
25600A,N,O,04/04/2026 09:19:43 AM
25600B,N,O,04/04/2026 08:59:55 AM
25601A,N,O,04/04/2026 09:45:29 AM
25601B,N,O,04/04/2026 08:58:52 AM
25602A,N,V,04/04/2026 09:45:46 AM
25602B,N,O,04/04/2026 08:57:44 AM
25603A,N,O,04/04/2026 08:56:59 AM
25603B,N,O,04/04/2026 08:56:51 AM
25604A,N,O,04/04/2026 08:55:49 AM
25604B,N,O,04/04/2026 08:55:49 AM
25605A,N,O,04/03/2026 07:22:33 PM
25605B,N,V,04/03/2026 09:58:42 PM
25606A,N,O,04/04/2026 09:48:57 AM
25607A,N,V,04/03/2026 05:33:11 PM
25607B,N,O,04/04/2026 08:57:47 AM
25608A,N,V,04/04/2026 09:31:26 AM
25608B,N,O,04/03/2026 08:14:54 PM
25609A,N,V,04/04/2026 08:56:19 AM
25609B,N,O,04/04/2026 08:55:44 AM
25610A,N,O,04/04/2026 08:59:48 AM
25610B,N,V,04/04/2026 09:07:57 AM
25611A,N,O,04/04/2026 08:58:52 AM
25612A,N,V,04/04/2026 09:36:20 AM
25612B,N,O,04/04/2026 09:07:28 AM
25613A,N,O,04/04/2026 08:56:52 AM
25614A,N,O,04/04/2026 09:36:14 AM
25614B,N,V,04/04/2026 09:50:38 AM
25615A,NU,V,04/03/2026 02:35:51 PM
25615B,NU,O,04/03/2026 02:22:42 PM
25616A,N,V,04/04/2026 09:48:21 AM
25616B,N,O,04/04/2026 09:15:12 AM
25617A,N,O,04/04/2026 09:17:15 AM
25618B,N,O,04/04/2026 08:56:49 AM
25619A,N,O,04/04/2026 08:55:54 AM
25619B,N,O,04/03/2026 08:55:51 AM
2561B,N,O,04/03/2026 08:55:08 PM
25620A,N,O,04/04/2026 08:59:42 AM
25620B,N,O,04/04/2026 09:00:11 AM
25621A,N,O,04/04/2026 09:48:54 AM
25621B,N,O,04/04/2026 08:58:55 AM
25622A,N,O,04/04/2026 08:57:47 AM
25622B,N,O,04/04/2026 08:57:51 AM
2565A,N,O,04/04/2026 08:59:50 AM
2565B,N,O,04/04/2026 09:00:01 AM
2566A,N,O,04/04/2026 08:58:57 AM
2566B,N,V,04/04/2026 09:35:04 AM
2567A,N,O,04/04/2026 09:43:14 AM
2567B,N,O,04/04/2026 08:57:51 AM
2568A,N,O,04/04/2026 08:56:49 AM
2568B,N,V,04/04/2026 09:49:51 AM
2571A,N,O,04/03/2026 06:25:55 PM
2571B,N,O,04/03/2026 08:26:32 PM
2572A,N,O,04/03/2026 02:22:41 PM
2572B,N,O,04/03/2026 08:43:08 PM
2573A,N,O,04/03/2026 09:56:58 AM
2573B,N,O,04/03/2026 08:31:42 PM
2574A,N,O,04/03/2026 09:58:22 PM
2574B,N,O,04/03/2026 07:53:47 PM
2575B,N,O,04/03/2026 06:55:45 PM
2576A,N,O,04/03/2026 09:33:17 PM
2576B,N,O,04/03/2026 09:46:34 PM
2577A,N,O,04/03/2026 09:56:12 PM
2577B,N,O,04/03/2026 08:45:41 PM
2579A,NU,O,04/03/2026 09:20:36 PM
2579B,NU,O,04/03/2026 04:08:47 PM
25801A,N,O,04/03/2026 06:14:50 PM
25801B,N,O,04/04/2026 08:58:49 AM
25802A,N,O,04/03/2026 08:20:45 PM
25802B,N,O,04/04/2026 08:57:49 AM
25803A,N,V,04/04/2026 09:22:31 AM
25803B,N,V,04/04/2026 09:22:31 AM
25804A,N,O,04/03/2026 04:38:10 PM
25804B,N,O,04/04/2026 08:55:49 AM
25805A,N,O,04/03/2026 07:44:19 PM
25805B,N,O,04/04/2026 09:00:00 AM
25806A,N,O,04/04/2026 08:58:52 AM
25807A,N,O,04/04/2026 08:57:45 AM
25807B,N,V,04/04/2026 09:01:43 AM
25808A,N,V,04/04/2026 09:49:56 AM
25808B,N,O,04/04/2026 08:56:58 AM
25809A,N,O,04/04/2026 09:02:58 AM
25809B,N,O,04/04/2026 09:32:57 AM
2580A,N,O,04/03/2026 09:59:46 AM
2580B,N,O,04/03/2026 09:03:39 PM
25811A,N,O,04/04/2026 09:11:02 AM
25811B,N,O,04/04/2026 08:58:48 AM
25812A,N,O,04/04/2026 09:29:33 AM
25812B,N,O,04/04/2026 08:57:54 AM
25813A,N,O,04/04/2026 08:56:53 AM
25813B,N,O,04/04/2026 08:56:53 AM
25814A,N,V,04/04/2026 09:29:47 AM
25815B,N,O,04/04/2026 08:59:50 AM
25816A,N,O,04/04/2026 09:09:44 AM
25816B,N,O,04/04/2026 08:58:43 AM
25817A,N,O,04/04/2026 08:57:45 AM
25817B,N,O,04/04/2026 08:57:45 AM
25818A,N,O,04/04/2026 09:51:38 AM
25818B,N,O,04/04/2026 09:41:37 AM
25819A,N,O,04/04/2026 08:55:51 AM
25819B,N,V,04/04/2026 09:26:00 AM
25820A,N,V,04/04/2026 09:32:50 AM
25821B,N,O,04/04/2026 08:58:55 AM
25822A,N,V,04/04/2026 09:13:00 AM
25822B,N,O,04/03/2026 06:12:22 PM
25823A,N,O,04/03/2026 04:03:10 PM
25823B,N,O,04/04/2026 09:09:56 AM
25824A,N,O,04/04/2026 08:55:48 AM
25824B,N,V,04/04/2026 09:51:38 AM
25825A,N,O,04/04/2026 08:59:44 AM
25825B,N,O,04/04/2026 08:59:52 AM
25826A,N,O,04/04/2026 08:58:44 AM
25826B,N,O,04/04/2026 08:58:44 AM
25827A,N,O,04/03/2026 09:32:33 PM
25827B,N,O,04/04/2026 08:57:51 AM
25828A,N,O,04/04/2026 08:56:49 AM
25828B,N,O,04/04/2026 09:13:29 AM
25829A,N,V,04/04/2026 09:51:00 AM
25829B,N,O,04/04/2026 09:47:15 AM
2582A,N,O,04/03/2026 06:57:46 AM
2582B,N,O,04/04/2026 09:48:44 AM
25830A,N,V,04/04/2026 09:48:49 AM
25830B,N,O,04/04/2026 08:59:56 AM
25831A,N,O,04/03/2026 09:33:22 PM
25831B,N,O,04/04/2026 08:58:53 AM
25832A,N,O,04/03/2026 08:53:36 PM
25833A,N,O,04/03/2026 02:58:39 PM
25833B,N,O,04/03/2026 05:49:36 PM
2583A,N,O,04/04/2026 08:56:47 AM
2584A,N,O,04/04/2026 08:55:45 AM
2584B,N,O,04/04/2026 08:55:45 AM
2585A,N,O,04/04/2026 08:59:51 AM
2585B,N,O,04/04/2026 08:59:51 AM
2586A,NU,O,04/03/2026 09:25:23 AM
2586B,NU,O,04/03/2026 12:32:10 PM
2591A,N,V,04/04/2026 09:37:38 AM
2591B,N,O,04/04/2026 08:58:45 AM
2592A,N,O,04/04/2026 08:57:49 AM
2592B,N,O,04/03/2026 08:57:51 AM
2593A,N,O,04/04/2026 08:56:43 AM
2593B,N,O,04/04/2026 08:56:43 AM
2594A,N,O,04/04/2026 08:55:46 AM
2597A,N,V,04/04/2026 09:31:02 AM
2597B,N,O,04/04/2026 08:57:40 AM
25A,NU,V,01/05/2026 08:43:45 PM
25B,NU,V,01/05/2026 11:58:04 PM
26007B,N,O,04/03/2026 09:57:49 AM
26008A,N,O,04/03/2026 09:56:53 AM
26008B,N,O,04/03/2026 04:52:26 PM
26009A,N,O,04/03/2026 04:52:28 PM
26009B,N,O,04/03/2026 04:40:54 PM
26011A,N,O,04/03/2026 05:28:54 PM
26011B,N,O,04/03/2026 06:28:11 PM
26012A,N,O,04/03/2026 09:31:27 PM
26012B,N,V,04/03/2026 09:59:57 PM
26013A,N,O,04/03/2026 09:46:02 PM
26013B,N,O,04/03/2026 08:58:09 PM
26014A,N,O,04/03/2026 07:51:22 PM
26014B,N,V,04/03/2026 09:58:57 PM
26015B,N,O,04/03/2026 09:29:29 PM
26017A,N,O,04/04/2026 08:57:56 AM
26017B,N,O,04/04/2026 08:58:00 AM
26018A,N,O,04/04/2026 09:28:36 AM
26018B,N,O,04/04/2026 09:48:11 AM
26019A,N,O,04/04/2026 09:51:40 AM
26019B,N,O,04/04/2026 08:55:44 AM
26020A,N,O,04/04/2026 08:59:43 AM
26020B,N,O,04/04/2026 08:59:43 AM
26021A,N,O,04/04/2026 08:58:44 AM
26021B,N,O,04/04/2026 08:58:44 AM
26022B,N,O,04/04/2026 08:57:45 AM
26023A,N,O,04/03/2026 03:19:32 PM
26023B,N,O,04/03/2026 09:11:17 PM
26024A,N,O,04/04/2026 08:55:52 AM
26024B,N,O,04/04/2026 08:55:52 AM
26025A,N,O,04/04/2026 09:46:40 AM
26025B,N,O,04/04/2026 08:59:46 AM
26026A,N,O,04/04/2026 08:58:53 AM
26026B,N,O,04/04/2026 08:58:53 AM
26027A,N,O,04/04/2026 08:57:46 AM
26027B,N,O,04/04/2026 08:57:46 AM
26028A,N,O,04/04/2026 08:56:49 AM
26028B,N,O,04/04/2026 08:56:49 AM
26029B,N,O,04/04/2026 09:48:57 AM
26030A,N,O,04/04/2026 08:59:51 AM
26030B,N,O,04/04/2026 08:59:51 AM
26031A,N,O,04/04/2026 08:58:55 AM
26031B,N,O,04/04/2026 08:58:55 AM
26032A,N,O,04/04/2026 08:59:04 AM
26032B,N,O,04/04/2026 08:57:48 AM
26033A,N,O,04/04/2026 09:31:52 AM
26033B,N,O,04/04/2026 09:15:09 AM
26034A,N,O,04/04/2026 08:55:48 AM
26034B,N,O,04/04/2026 08:55:48 AM
26035A,N,O,04/04/2026 09:49:20 AM
26035B,N,O,04/03/2026 09:58:31 PM
26036A,N,O,04/04/2026 09:49:28 AM
26036B,N,O,04/04/2026 09:35:14 AM
26037A,N,O,04/04/2026 08:57:51 AM
26037B,N,O,04/04/2026 08:57:51 AM
26038A,N,O,04/04/2026 08:57:02 AM
26038B,N,O,04/04/2026 08:56:52 AM
26039A,N,O,04/04/2026 08:55:48 AM
26039B,N,O,04/04/2026 08:55:48 AM
2603A,N,O,01/12/2026 01:25:59 PM
26040A,N,O,04/04/2026 08:59:54 AM
26040B,N,O,04/04/2026 09:33:22 AM
26041A,N,O,04/04/2026 08:58:44 AM
26041B,N,V,04/03/2026 09:46:02 PM
26042A,N,O,04/04/2026 08:58:01 AM
26042B,N,O,04/04/2026 09:36:17 AM
26043A,N,O,04/04/2026 08:56:49 AM
26044A,N,O,04/04/2026 08:55:46 AM
26044B,N,O,04/04/2026 08:55:56 AM
26045A,N,O,04/04/2026 09:03:05 AM
26045B,N,O,04/04/2026 09:47:11 AM
26046A,N,O,04/04/2026 08:58:44 AM
26046B,N,O,04/04/2026 09:32:51 AM
26049A,N,O,04/04/2026 08:55:53 AM
26049B,N,O,04/04/2026 08:55:53 AM
2604A,N,O,04/04/2026 09:17:08 AM
2604B,N,O,04/04/2026 08:55:46 AM
26050B,N,O,04/04/2026 09:34:07 AM
26051A,N,O,04/03/2026 09:58:52 AM
26051B,N,O,04/03/2026 09:59:00 AM
26052A,N,O,04/04/2026 08:57:52 AM
26052B,N,O,04/04/2026 08:57:45 AM
26053A,N,O,04/04/2026 08:56:51 AM
26053B,N,O,04/04/2026 08:56:51 AM
26054A,N,O,04/04/2026 08:55:52 AM
26054B,N,O,04/04/2026 08:58:54 AM
26055A,N,O,04/04/2026 08:59:45 AM
26055B,N,O,04/04/2026 09:22:40 AM
26056A,N,O,04/04/2026 08:58:47 AM
26056B,N,O,04/04/2026 08:58:47 AM
26057A,N,O,04/04/2026 09:22:40 AM
26057B,N,O,04/04/2026 09:45:57 AM
26059A,N,O,04/04/2026 08:55:53 AM
26059B,N,V,04/04/2026 09:51:23 AM
26060A,N,O,04/04/2026 08:59:54 AM
26060B,N,O,04/04/2026 08:59:57 AM
26061A,N,O,04/04/2026 09:12:03 AM
26061B,N,O,04/04/2026 09:14:17 AM
26062A,N,O,04/04/2026 09:34:53 AM
26062B,N,O,04/04/2026 09:32:52 AM
26063A,N,O,04/04/2026 08:56:44 AM
26063B,N,O,04/04/2026 08:56:44 AM
26064B,N,O,04/04/2026 09:36:14 AM
26065A,N,O,04/04/2026 09:13:33 AM
26065B,N,O,04/04/2026 08:59:49 AM
26066A,NU,O,04/03/2026 09:06:46 PM
26066B,NU,O,04/03/2026 07:54:19 PM
26067A,N,O,04/04/2026 09:17:50 AM
26067B,N,O,04/04/2026 09:17:59 AM
26068A,N,O,04/04/2026 09:06:20 AM
26068B,N,V,04/04/2026 09:50:36 AM
26069A,N,O,04/04/2026 08:55:44 AM
26069B,N,V,04/04/2026 09:51:34 AM
26070A,N,O,04/04/2026 08:59:51 AM
26072A,N,V,04/03/2026 09:56:40 PM
26073A,N,O,04/03/2026 09:55:25 PM
26073B,N,V,04/03/2026 09:43:25 PM
26074A,N,V,04/03/2026 09:52:13 PM
26074B,N,V,04/03/2026 09:50:58 PM
26075A,N,V,04/03/2026 09:36:40 PM
26075B,N,O,04/03/2026 08:44:26 PM
26076A,N,O,04/03/2026 08:38:03 PM
26076B,N,V,04/03/2026 09:56:01 PM
26077A,N,O,04/03/2026 05:40:47 PM
26077B,N,V,04/03/2026 09:52:25 PM
26078A,N,V,04/03/2026 09:35:28 PM
26078B,N,O,04/03/2026 09:05:05 PM
26079A,N,O,04/02/2026 05:22:46 PM
26079B,N,O,04/03/2026 08:49:16 PM
26080A,N,O,04/03/2026 09:39:52 PM
26080B,N,O,04/03/2026 08:50:04 PM
26081A,N,O,04/03/2026 07:38:30 PM
26081B,N,O,04/03/2026 09:02:59 PM
26086A,N,O,04/04/2026 08:58:59 AM
26086B,N,O,04/04/2026 09:42:27 AM
26087A,N,O,04/04/2026 08:57:50 AM
26087B,N,O,04/04/2026 08:57:50 AM
26089B,N,V,04/03/2026 04:26:32 PM
26090A,N,O,04/04/2026 08:59:52 AM
26090B,N,O,04/04/2026 08:59:48 AM
26091A,N,O,04/04/2026 08:59:03 AM
26091B,N,O,04/04/2026 08:59:03 AM
26092A,N,O,04/04/2026 08:57:56 AM
26092B,N,O,04/04/2026 08:57:56 AM
26093A,N,O,04/04/2026 09:16:51 AM
26093B,N,O,04/04/2026 09:44:58 AM
26094A,N,O,04/04/2026 09:22:22 AM
26094B,N,O,04/04/2026 09:25:33 AM
26095A,N,O,04/04/2026 09:39:49 AM
26095B,N,O,04/04/2026 08:59:47 AM
26096A,N,O,04/04/2026 08:58:50 AM
26096B,N,O,04/04/2026 08:58:58 AM
26097A,N,O,04/04/2026 08:57:57 AM
26097B,N,V,04/04/2026 09:51:03 AM
26098A,N,O,04/04/2026 08:56:57 AM
26098B,N,O,04/04/2026 09:47:18 AM
26099B,N,O,04/04/2026 09:40:19 AM
2609A,N,O,04/04/2026 08:55:45 AM
2609B,N,O,04/04/2026 08:55:52 AM
26103A,N,O,04/04/2026 08:56:49 AM
26103B,N,O,04/04/2026 08:56:53 AM
26104A,N,V,04/04/2026 09:49:07 AM
26104B,N,O,04/04/2026 09:42:52 AM
26105A,N,O,04/04/2026 08:59:57 AM
26105B,N,O,04/04/2026 08:59:53 AM
26106A,N,O,04/03/2026 10:01:24 AM
26106B,N,O,04/04/2026 08:58:49 AM
26107A,N,O,04/04/2026 08:57:42 AM
26107B,N,O,04/04/2026 08:58:45 AM
26108A,N,O,04/04/2026 09:03:21 AM
26108B,N,O,04/04/2026 09:45:33 AM
26109A,N,O,04/04/2026 08:55:49 AM
26109B,N,O,04/04/2026 09:27:22 AM
26110A,N,O,04/04/2026 08:59:45 AM
26110B,N,O,04/04/2026 09:40:08 AM
26111A,N,O,04/04/2026 09:19:46 AM
26111B,N,O,04/04/2026 09:28:43 AM
26112A,N,O,04/03/2026 08:11:11 PM
26112B,N,O,04/04/2026 09:06:03 AM
26113A,N,O,04/03/2026 12:44:14 PM
26113B,N,O,04/03/2026 06:54:22 PM
26114A,N,O,04/03/2026 09:55:48 AM
26114B,N,V,04/03/2026 09:59:12 PM
26115A,N,O,04/03/2026 09:40:43 PM
26115B,N,V,04/03/2026 09:46:28 PM
26116A,N,O,04/03/2026 09:09:50 PM
26116B,N,O,04/03/2026 09:12:57 PM
26117A,N,O,04/03/2026 03:03:55 PM
26117B,N,O,04/03/2026 03:28:16 PM
26118A,N,V,04/03/2026 09:47:29 PM
26118B,N,V,04/03/2026 09:57:25 PM
26119A,N,O,04/03/2026 05:57:08 PM
26119B,N,O,04/03/2026 12:07:57 PM
2611A,N,O,04/04/2026 08:58:51 AM
2611B,N,O,04/04/2026 09:29:26 AM
26120A,N,O,04/03/2026 03:09:41 PM
26120B,N,O,04/03/2026 06:27:41 PM
26121A,N,O,04/03/2026 09:25:31 PM
26121B,N,O,04/03/2026 09:21:56 PM
26122A,N,O,04/03/2026 09:07:02 PM
26123A,N,O,04/04/2026 08:56:50 AM
26123B,N,O,04/04/2026 09:40:20 AM
26124A,N,O,04/04/2026 08:55:50 AM
26124B,N,O,04/04/2026 08:55:47 AM
26125A,N,O,04/04/2026 09:38:54 AM
26125B,N,O,04/04/2026 08:59:47 AM
26126A,N,O,04/04/2026 09:13:54 AM
26126B,N,O,04/04/2026 08:58:44 AM
26127B,N,O,04/04/2026 09:31:55 AM
26128A,N,V,04/04/2026 09:49:29 AM
26128B,N,V,04/04/2026 09:48:40 AM
26129A,N,O,04/04/2026 09:49:36 AM
26129B,N,O,04/04/2026 09:23:41 AM
2612A,N,O,04/04/2026 08:57:40 AM
2612B,N,O,04/04/2026 08:57:40 AM
26130A,N,O,04/04/2026 09:46:18 AM
26130B,N,O,04/04/2026 09:06:11 AM
26131A,N,O,04/04/2026 08:58:46 AM
26131B,N,O,04/04/2026 08:58:46 AM
26132A,N,O,04/04/2026 08:57:51 AM
26132B,N,O,04/04/2026 08:57:51 AM
26133A,N,O,04/03/2026 02:33:28 PM
26133B,N,O,04/03/2026 09:56:40 AM
26134A,N,O,04/03/2026 02:56:31 PM
26134B,N,O,04/03/2026 04:27:58 PM
26135A,N,O,04/03/2026 09:56:50 PM
26135B,N,O,04/03/2026 06:52:09 PM
26136A,N,O,04/04/2026 09:51:05 AM
26136B,N,O,04/04/2026 08:58:48 AM
26137A,N,O,04/04/2026 09:32:01 AM
26137B,N,O,04/04/2026 08:57:51 AM
26138A,N,O,04/04/2026 09:46:34 AM
26138B,N,O,04/04/2026 08:56:48 AM
26139A,N,O,04/04/2026 08:55:40 AM
26139B,N,O,04/04/2026 08:55:36 AM
2613A,N,O,04/04/2026 08:56:45 AM
2613B,N,O,04/04/2026 08:56:45 AM
26140A,N,O,04/04/2026 08:59:49 AM
26140B,N,O,04/04/2026 08:59:49 AM
26141B,N,O,04/04/2026 08:58:43 AM
26142A,N,V,04/04/2026 09:44:48 AM
26142B,N,O,04/04/2026 08:57:50 AM
26143A,N,O,04/04/2026 09:07:58 AM
26143B,N,O,04/04/2026 08:56:53 AM
26144A,N,O,04/04/2026 08:55:50 AM
26144B,N,O,04/04/2026 08:55:50 AM
26145A,N,O,04/04/2026 08:59:46 AM
26145B,N,O,04/04/2026 09:00:05 AM
26146A,N,O,04/04/2026 08:58:48 AM
26146B,N,O,04/04/2026 08:58:48 AM
26147A,N,O,04/04/2026 09:14:49 AM
26147B,N,O,04/04/2026 09:38:29 AM
26148A,N,O,04/04/2026 09:26:37 AM
26148B,N,O,04/04/2026 09:04:46 AM
26149A,N,O,04/04/2026 08:55:58 AM
2614A,N,O,04/04/2026 09:14:08 AM
2614B,N,O,04/04/2026 08:55:51 AM
26151A,N,O,04/04/2026 08:58:51 AM
26151B,N,O,04/04/2026 09:35:52 AM
26152A,N,O,04/04/2026 08:57:51 AM
26152B,N,O,04/04/2026 08:57:47 AM
26153A,N,O,04/04/2026 08:57:01 AM
26153B,N,O,04/04/2026 09:14:15 AM
26154A,N,O,04/04/2026 08:55:46 AM
26154B,N,O,04/04/2026 08:55:46 AM
26155A,N,O,04/04/2026 08:59:47 AM
26155B,N,O,04/04/2026 08:59:47 AM
26156A,N,O,04/04/2026 08:58:50 AM
26156B,N,O,04/04/2026 08:58:50 AM
26157A,N,O,04/04/2026 08:57:50 AM
26157B,N,O,04/04/2026 08:57:50 AM
26158A,N,O,04/04/2026 08:56:48 AM
26158B,N,O,04/04/2026 08:56:44 AM
26159B,N,O,04/03/2026 07:01:07 PM
2615A,N,O,04/04/2026 08:59:51 AM
2615B,N,O,04/04/2026 08:59:51 AM
26160A,N,O,04/03/2026 10:29:54 AM
26162A,N,O,04/03/2026 05:46:41 PM
26162B,N,O,04/03/2026 09:57:50 AM
26164A,N,O,04/04/2026 08:55:56 AM
26164B,N,O,04/04/2026 08:55:56 AM
26165A,N,O,04/04/2026 08:59:48 AM
26166A,N,O,04/04/2026 08:58:44 AM
26166B,N,O,04/04/2026 08:58:44 AM
26167A,N,O,04/04/2026 09:20:27 AM
26167B,N,O,04/04/2026 08:57:44 AM
26168B,N,O,04/04/2026 08:56:49 AM
26169A,N,O,04/04/2026 08:55:46 AM
2616A,N,O,04/04/2026 08:58:49 AM
2616B,N,O,04/04/2026 09:30:27 AM
26173A,N,O,04/03/2026 04:56:40 PM
26174B,N,O,04/03/2026 06:59:33 PM
26175A,N,O,01/26/2026 01:29:35 PM
26176A,N,O,04/04/2026 08:58:47 AM
26176B,N,O,04/04/2026 09:28:42 AM
26177A,N,O,04/04/2026 08:58:01 AM
26177B,N,O,04/04/2026 09:48:42 AM
26178A,N,O,04/04/2026 08:56:48 AM
26178B,N,O,04/04/2026 09:46:48 AM
26179A,N,O,04/04/2026 09:26:18 AM
26179B,N,O,04/04/2026 08:55:51 AM
26180A,N,O,04/04/2026 08:59:47 AM
26180B,N,V,04/01/2026 12:57:07 PM
26181A,N,O,04/04/2026 09:36:19 AM
26181B,N,O,04/04/2026 08:58:55 AM
26182A,N,O,04/03/2026 04:08:26 PM
26182B,N,O,04/03/2026 09:57:52 AM
26188A,N,O,04/04/2026 08:56:57 AM
26188B,N,O,04/04/2026 09:00:52 AM
26189A,N,O,04/04/2026 09:48:25 AM
26189B,N,O,04/04/2026 09:48:41 AM
2618A,N,O,04/04/2026 08:56:40 AM
2618B,N,O,04/04/2026 08:56:40 AM
26190A,N,O,04/04/2026 08:59:46 AM
26190B,N,O,04/04/2026 08:59:46 AM
26191A,N,O,04/04/2026 08:58:54 AM
26192A,N,O,04/04/2026 09:49:41 AM
26192B,N,O,04/04/2026 08:58:07 AM
26193A,N,O,04/04/2026 08:56:53 AM
26193B,N,O,04/04/2026 08:56:53 AM
26194A,N,O,04/03/2026 10:25:55 AM
26194B,N,O,04/03/2026 08:39:32 PM
26196A,N,O,04/04/2026 09:47:58 AM
26196B,N,O,04/04/2026 08:58:48 AM
26197A,N,O,04/04/2026 09:36:36 AM
26197B,N,O,04/04/2026 08:57:52 AM
26198A,N,O,04/04/2026 09:50:34 AM
26198B,N,O,04/04/2026 09:50:55 AM
26199A,N,V,04/04/2026 09:48:07 AM
26199B,N,O,04/04/2026 08:55:42 AM
2619A,N,V,04/04/2026 09:50:49 AM
2619B,N,O,04/04/2026 09:45:37 AM
26200B,N,O,04/04/2026 08:59:45 AM
26201A,N,O,04/04/2026 08:58:51 AM
26201B,N,O,04/04/2026 08:58:51 AM
26202A,N,O,04/04/2026 08:57:52 AM
26202B,N,O,04/04/2026 08:57:49 AM
26203A,N,O,04/04/2026 09:18:55 AM
26203B,N,O,04/04/2026 08:56:51 AM
26204A,N,O,04/04/2026 08:55:39 AM
26204B,N,O,04/04/2026 08:55:39 AM
26205A,N,O,04/03/2026 09:59:45 PM
26205B,N,O,04/04/2026 08:59:47 AM
26206A,N,O,04/04/2026 09:32:15 AM
26207A,N,O,04/04/2026 08:57:44 AM
26208A,N,O,04/04/2026 09:00:06 AM
26208B,N,O,04/04/2026 08:56:52 AM
26209A,N,O,01/31/2026 06:55:38 PM
26209B,N,O,11/14/2025 09:18:20 AM
2620A,N,O,04/04/2026 08:59:48 AM
2620B,N,O,04/03/2026 02:43:51 PM
26210A,N,O,04/04/2026 08:59:52 AM
26210B,N,O,04/04/2026 08:59:48 AM
26211A,N,V,04/04/2026 09:51:29 AM
26211B,N,O,04/04/2026 08:58:40 AM
26212A,N,O,04/04/2026 08:57:54 AM
26212B,N,O,04/04/2026 09:48:08 AM
26213A,N,O,04/04/2026 09:11:34 AM
26213B,N,O,04/04/2026 08:57:05 AM
26214A,N,O,04/04/2026 09:50:50 AM
26214B,N,O,01/31/2026 05:17:43 PM
26215A,N,O,04/04/2026 09:32:54 AM
26215B,N,O,04/04/2026 09:49:36 AM
26216A,N,V,04/04/2026 09:47:21 AM
26216B,N,O,04/04/2026 08:58:44 AM
26217A,N,O,04/04/2026 08:57:45 AM
26217B,N,O,04/04/2026 09:23:13 AM
26218B,N,O,04/04/2026 08:56:44 AM
26219B,N,O,04/04/2026 08:55:47 AM
2621A,N,O,04/04/2026 08:58:50 AM
2621B,N,O,04/04/2026 08:58:53 AM
26220A,N,O,04/04/2026 08:59:43 AM
26220B,N,O,04/04/2026 08:59:43 AM
26221A,N,O,04/03/2026 09:16:58 PM
26221B,N,O,04/04/2026 08:58:43 AM
26222A,N,O,04/04/2026 08:57:40 AM
26222B,N,O,04/04/2026 08:57:40 AM
26223A,N,O,04/04/2026 09:24:31 AM
26225A,N,O,04/04/2026 08:59:44 AM
26225B,N,O,04/03/2026 03:55:56 PM
26226A,N,O,04/04/2026 08:58:51 AM
26226B,N,O,04/04/2026 09:40:06 AM
26227A,N,O,04/04/2026 08:57:52 AM
26227B,N,O,04/04/2026 08:57:52 AM
26228A,N,O,04/04/2026 08:56:43 AM
26228B,N,O,04/04/2026 09:11:46 AM
26229A,N,O,04/04/2026 09:13:45 AM
26229B,N,O,04/04/2026 09:19:12 AM
2622A,N,O,04/04/2026 09:31:20 AM
2622B,N,O,04/04/2026 08:57:53 AM
26230B,N,O,04/04/2026 09:36:22 AM
26231B,N,O,04/04/2026 08:58:52 AM
26232A,N,O,04/04/2026 08:57:44 AM
26232B,N,O,04/04/2026 08:57:44 AM
26233A,N,O,04/04/2026 08:56:46 AM
26233B,N,O,04/04/2026 09:30:06 AM
26234A,N,O,04/04/2026 09:42:07 AM
26234B,N,O,04/04/2026 08:55:51 AM
26235A,N,O,04/04/2026 08:59:51 AM
26235B,N,O,04/04/2026 08:59:55 AM
26236A,N,O,04/04/2026 08:58:49 AM
26236B,N,V,04/04/2026 09:50:49 AM
26237A,N,O,04/04/2026 08:57:47 AM
26237B,N,O,04/04/2026 08:57:47 AM
26238A,N,O,04/04/2026 09:34:45 AM
26238B,N,O,04/04/2026 09:37:42 AM
26239A,N,O,04/04/2026 08:55:46 AM
26239B,N,O,04/04/2026 08:55:53 AM
2623A,N,O,04/04/2026 08:57:02 AM
2623B,N,O,04/04/2026 09:38:40 AM
26240A,N,O,04/04/2026 08:59:50 AM
26240B,N,O,04/04/2026 08:59:50 AM
26241A,N,O,04/04/2026 09:45:47 AM
26241B,N,O,04/04/2026 09:03:51 AM
26245A,N,O,04/04/2026 09:13:37 AM
26246A,N,O,04/04/2026 08:58:45 AM
26248A,N,O,04/04/2026 08:56:54 AM
26248B,N,O,04/04/2026 08:56:58 AM
26249A,N,O,04/04/2026 09:01:22 AM
26249B,N,O,04/04/2026 08:56:00 AM
2624A,N,O,04/04/2026 08:55:48 AM
2624B,N,V,04/04/2026 09:14:33 AM
26251A,N,O,04/04/2026 08:58:56 AM
26251B,N,O,04/04/2026 09:37:46 AM
26252A,N,O,04/04/2026 09:47:01 AM
26252B,N,O,04/04/2026 08:57:50 AM
26253A,N,O,04/04/2026 09:34:35 AM
26253B,N,O,04/04/2026 09:39:12 AM
26254A,N,V,04/04/2026 09:51:25 AM
26254B,N,O,04/04/2026 09:19:19 AM
26255A,N,O,04/04/2026 09:02:56 AM
26255B,N,O,04/04/2026 09:42:25 AM
26256A,N,O,04/04/2026 09:42:57 AM
26256B,N,V,04/04/2026 09:50:33 AM
26257A,N,O,04/04/2026 09:01:09 AM
26257B,N,O,04/04/2026 08:57:49 AM
26258A,N,O,04/04/2026 09:25:16 AM
26258B,N,O,04/04/2026 08:56:48 AM
26259A,N,O,04/04/2026 08:55:41 AM
26259B,N,O,04/04/2026 09:27:57 AM
2625A,N,O,04/03/2026 08:59:49 AM
2625B,N,V,04/04/2026 09:45:42 AM
26260A,N,O,04/04/2026 08:59:46 AM
26260B,N,O,04/04/2026 09:40:43 AM
26261A,N,O,04/04/2026 08:58:53 AM
26261B,N,O,04/04/2026 08:58:49 AM
26262A,N,O,04/04/2026 08:57:45 AM
26262B,N,O,04/04/2026 09:40:53 AM
26263A,N,O,04/04/2026 08:56:50 AM
26263B,N,O,04/04/2026 09:36:00 AM
26264A,N,O,04/04/2026 09:24:48 AM
26264B,N,O,04/04/2026 08:55:45 AM
26265A,N,O,04/04/2026 08:59:42 AM
26265B,N,O,04/04/2026 08:59:42 AM
26266A,N,O,04/04/2026 08:58:58 AM
26266B,N,O,04/04/2026 09:29:27 AM
26268A,N,O,04/03/2026 07:06:04 PM
26268B,N,O,04/04/2026 08:56:47 AM
26269A,N,O,04/04/2026 09:29:05 AM
26269B,N,O,04/04/2026 08:55:49 AM
2626A,N,O,04/04/2026 08:58:43 AM
2626B,N,O,04/04/2026 08:58:43 AM
26270A,N,O,04/04/2026 08:59:52 AM
26270B,N,V,04/04/2026 09:42:21 AM
26271A,N,O,04/04/2026 08:58:50 AM
26271B,N,O,04/04/2026 09:32:53 AM
26272A,N,V,04/04/2026 09:50:47 AM
26272B,N,O,04/04/2026 08:57:45 AM
26273A,N,O,04/04/2026 08:56:52 AM
26273B,N,O,04/03/2026 05:23:45 PM
26274A,N,O,04/03/2026 03:21:28 PM
26274B,N,O,04/04/2026 09:47:40 AM
26275A,N,O,04/04/2026 09:50:11 AM
26275B,N,V,04/03/2026 07:56:21 PM
26276A,N,O,04/04/2026 09:05:35 AM
26276B,N,O,04/04/2026 08:58:43 AM
26277A,N,O,04/04/2026 08:57:40 AM
26277B,N,V,04/04/2026 09:30:13 AM
26278A,N,V,04/04/2026 09:46:08 AM
26278B,N,O,04/04/2026 09:51:35 AM
26279A,N,O,04/04/2026 08:55:48 AM
26279B,N,O,04/04/2026 08:55:48 AM
2627A,N,O,04/04/2026 08:57:44 AM
2627B,N,O,04/04/2026 08:57:44 AM
26280A,N,V,04/04/2026 09:44:33 AM
26280B,N,O,04/04/2026 09:44:02 AM
26281A,N,O,04/04/2026 09:16:30 AM
26282A,N,O,04/04/2026 08:57:57 AM
26282B,N,O,04/04/2026 09:29:27 AM
26283A,N,O,04/04/2026 08:56:55 AM
26283B,N,O,04/04/2026 08:56:55 AM
26284A,N,O,04/04/2026 08:55:51 AM
26284B,N,O,04/04/2026 08:55:55 AM
26287A,N,O,04/04/2026 09:50:41 AM
26287B,N,O,04/04/2026 08:57:50 AM
26288A,N,O,04/04/2026 08:56:53 AM
26288B,N,O,04/04/2026 09:18:22 AM
26289A,N,V,04/04/2026 09:13:51 AM
26289B,N,O,04/04/2026 08:56:34 AM
26290A,N,V,04/04/2026 09:09:51 AM
26290B,N,O,04/04/2026 09:43:15 AM
26291A,N,O,04/04/2026 09:49:44 AM
26291B,N,O,04/04/2026 08:58:46 AM
26292A,N,O,04/03/2026 01:51:55 PM
26292B,N,O,04/04/2026 08:57:45 AM
26293A,N,O,04/04/2026 09:08:22 AM
26293B,N,O,04/04/2026 08:56:47 AM
26294B,N,O,04/04/2026 08:55:46 AM
26295A,N,O,04/04/2026 09:00:22 AM
26296A,N,O,04/04/2026 08:58:51 AM
26301B,N,O,04/04/2026 08:58:51 AM
26302A,N,O,04/04/2026 08:57:55 AM
26302B,N,O,04/04/2026 09:10:43 AM
26303B,N,O,04/04/2026 08:56:47 AM
26304A,N,O,04/04/2026 08:55:46 AM
26304B,N,O,04/04/2026 08:55:46 AM
26305A,N,O,04/04/2026 08:59:41 AM
26306A,N,O,04/03/2026 08:29:53 PM
26306B,N,O,04/04/2026 08:58:50 AM
26307A,N,V,04/03/2026 09:57:43 PM
26307B,N,O,04/03/2026 07:20:55 PM
26308A,N,V,04/03/2026 11:27:42 AM
26308B,N,V,04/03/2026 01:41:08 PM
26309A,N,V,04/03/2026 06:54:37 PM
26309B,N,O,04/04/2026 08:55:50 AM
2630B,N,O,04/04/2026 08:59:41 AM
26310A,N,V,04/04/2026 09:07:51 AM
26310B,N,V,04/03/2026 11:01:32 AM
26311A,N,O,04/04/2026 08:58:50 AM
26312A,N,O,04/04/2026 08:57:46 AM
26312B,N,O,04/03/2026 12:57:10 PM
26313A,N,O,04/04/2026 08:56:48 AM
26313B,N,O,04/04/2026 08:58:51 AM
26314A,N,O,04/04/2026 09:48:50 AM
26314B,N,V,04/03/2026 03:53:36 PM
26315A,N,O,04/04/2026 09:46:36 AM
26315B,N,V,04/03/2026 02:42:37 PM
26316A,N,V,04/03/2026 05:30:25 PM
26316B,N,O,04/03/2026 05:03:13 PM
26317A,N,V,04/04/2026 09:22:20 AM
26317B,N,O,04/04/2026 09:26:10 AM
26318A,N,V,04/04/2026 08:58:59 AM
26318B,N,V,04/03/2026 08:34:13 PM
26319A,N,V,04/04/2026 09:38:58 AM
26319B,N,V,04/03/2026 07:57:44 PM
2631A,N,O,04/04/2026 09:47:49 AM
2631B,N,O,04/04/2026 08:58:52 AM
26320A,N,V,04/03/2026 08:41:19 PM
26320B,N,O,04/04/2026 08:59:48 AM
26321A,N,O,04/04/2026 08:58:47 AM
26321B,N,O,04/04/2026 08:58:47 AM
26322A,N,V,04/04/2026 09:34:58 AM
26322B,N,O,04/03/2026 07:58:27 PM
26323A,N,O,04/03/2026 07:38:41 PM
26323B,N,O,04/04/2026 09:47:30 AM
26324A,N,V,04/03/2026 09:59:54 PM
26325A,N,V,04/04/2026 09:01:12 AM
26325B,N,O,04/03/2026 09:53:09 PM
26327B,N,O,04/04/2026 09:30:06 AM
26328B,N,O,04/04/2026 08:56:50 AM
26329A,N,O,04/04/2026 09:28:21 AM
26329B,N,O,04/04/2026 08:55:47 AM
2632A,N,O,04/04/2026 09:06:48 AM
2632B,N,O,04/04/2026 09:40:58 AM
26330A,N,V,04/04/2026 09:51:23 AM
26330B,N,O,04/04/2026 08:59:47 AM
26331A,N,O,04/04/2026 08:58:48 AM
26331B,N,O,04/03/2026 04:11:36 PM
26332A,N,V,04/03/2026 09:29:50 PM
26332B,N,O,04/03/2026 09:24:16 PM
26333A,N,V,04/03/2026 01:21:56 PM
26333B,N,V,04/04/2026 09:29:01 AM
26334B,N,V,04/03/2026 10:01:02 AM
26335A,N,V,04/03/2026 08:42:31 PM
26335B,N,V,04/03/2026 02:03:36 PM
26336A,N,O,04/04/2026 08:58:47 AM
26336B,N,O,04/03/2026 06:57:51 PM
26337A,N,O,04/03/2026 07:12:56 PM
26337B,N,O,04/04/2026 08:57:43 AM
26338A,N,O,04/03/2026 07:32:11 PM
26338B,N,O,04/04/2026 08:56:47 AM
26339A,N,O,04/04/2026 08:55:39 AM
26339B,N,V,04/03/2026 08:01:20 PM
2633A,N,O,04/04/2026 08:56:46 AM
2633B,N,O,04/04/2026 09:38:07 AM
26340A,N,O,04/04/2026 08:59:47 AM
26340B,N,O,04/03/2026 05:16:56 PM
26341A,N,O,04/04/2026 08:58:48 AM
26341B,N,V,04/04/2026 09:25:19 AM
26342A,N,V,04/04/2026 09:02:46 AM
26342B,N,O,04/04/2026 08:57:48 AM
26343A,N,O,04/04/2026 08:56:49 AM
26343B,N,O,04/03/2026 08:54:38 PM
26344A,N,O,04/04/2026 08:55:52 AM
26344B,N,O,04/04/2026 09:41:01 AM
26345A,N,O,04/04/2026 08:59:53 AM
26345B,N,O,04/04/2026 08:59:50 AM
26346A,N,V,04/03/2026 09:59:55 PM
26346B,N,O,04/04/2026 08:58:54 AM
26347A,N,O,04/04/2026 08:57:59 AM
26347B,N,O,04/04/2026 08:57:47 AM
26348A,N,O,04/04/2026 08:56:51 AM
26348B,N,O,04/04/2026 08:56:58 AM
26349A,N,O,04/04/2026 08:55:51 AM
26349B,N,O,04/04/2026 08:55:51 AM
2634A,N,V,04/03/2026 09:38:23 PM
2634B,N,O,04/04/2026 08:55:51 AM
26350A,N,V,04/04/2026 09:49:28 AM
26350B,N,O,04/04/2026 08:59:49 AM
26351A,N,V,04/03/2026 06:15:35 PM
26351B,N,V,04/03/2026 06:15:35 PM
26352A,N,V,04/03/2026 04:22:32 PM
26352B,N,V,04/03/2026 06:05:36 PM
26353A,N,V,04/04/2026 09:34:12 AM
26353B,N,O,04/04/2026 09:34:31 AM
26356B,N,V,04/04/2026 09:51:21 AM
26357A,N,O,04/04/2026 09:49:02 AM
26357B,N,V,04/04/2026 09:51:06 AM
26358A,N,O,04/04/2026 09:51:03 AM
26358B,N,O,04/04/2026 08:56:55 AM
26359A,N,O,04/04/2026 08:56:01 AM
26359B,N,O,04/04/2026 08:55:54 AM
2635A,N,O,04/04/2026 09:34:35 AM
2635B,N,O,04/04/2026 09:25:38 AM
26360A,N,O,04/04/2026 09:17:42 AM
26360B,N,O,04/04/2026 08:59:50 AM
26361A,N,O,04/04/2026 09:51:44 AM
26361B,N,O,04/04/2026 08:58:50 AM
26362A,N,O,04/04/2026 08:57:43 AM
26362B,N,O,04/04/2026 08:57:43 AM
26363A,N,O,04/04/2026 08:57:13 AM
26363B,N,O,04/04/2026 08:56:49 AM
26364A,N,O,04/04/2026 08:55:52 AM
26364B,N,O,04/04/2026 08:55:56 AM
26365A,N,O,04/04/2026 09:13:36 AM
26365B,N,O,04/04/2026 08:59:46 AM
26366A,N,O,04/04/2026 08:58:42 AM
26366B,N,O,04/04/2026 08:58:42 AM
26367A,N,O,04/04/2026 08:57:52 AM
26367B,N,V,04/04/2026 09:42:52 AM
26368A,N,O,04/04/2026 08:56:48 AM
26368B,N,V,04/04/2026 09:50:50 AM
26369A,N,V,04/04/2026 09:25:21 AM
26369B,N,V,04/04/2026 09:39:29 AM
2636A,N,O,04/04/2026 09:25:23 AM
2636B,N,O,04/04/2026 09:47:11 AM
26370A,N,V,04/04/2026 09:20:29 AM
26370B,N,V,04/04/2026 09:22:01 AM
26372A,N,V,04/04/2026 09:25:00 AM
26372B,N,V,04/04/2026 09:44:08 AM
26373A,N,O,04/04/2026 09:24:44 AM
26373B,N,V,04/04/2026 09:51:39 AM
26374A,N,O,04/04/2026 08:55:43 AM
26374B,N,O,04/04/2026 08:55:43 AM
26375A,N,O,04/04/2026 09:36:19 AM
26375B,N,V,04/04/2026 09:39:19 AM
26376A,N,V,04/03/2026 04:49:09 PM
26376B,N,V,04/03/2026 03:31:51 PM
26377A,N,V,04/03/2026 09:53:42 PM
26377B,N,O,04/03/2026 05:33:39 PM
26378A,N,O,04/04/2026 08:56:47 AM
26378B,N,O,04/03/2026 09:24:27 PM
26379A,N,V,04/03/2026 09:59:56 PM
26379B,N,V,04/03/2026 06:26:04 PM
2637A,N,O,04/04/2026 09:43:32 AM
2637B,N,O,04/04/2026 08:57:46 AM
26380A,N,V,04/03/2026 09:06:55 PM
26380B,N,V,04/03/2026 09:07:56 PM
26381A,N,V,04/03/2026 06:39:38 PM
26381B,N,V,04/03/2026 07:09:41 PM
26382A,N,O,04/03/2026 03:24:49 PM
26382B,N,V,04/03/2026 04:51:38 PM
26383A,N,V,04/04/2026 09:01:30 AM
26383B,N,V,04/03/2026 04:12:47 PM
26384A,N,O,04/04/2026 08:55:54 AM
26384B,N,O,04/04/2026 08:55:54 AM
26385A,N,O,04/04/2026 08:59:43 AM
26385B,N,V,07/05/2025 06:01:42 PM
26387A,N,O,04/04/2026 08:57:46 AM
26387B,N,O,04/04/2026 08:57:46 AM
26388A,N,O,04/04/2026 08:56:48 AM
26388B,N,O,04/04/2026 08:56:48 AM
26389A,N,O,04/04/2026 08:55:44 AM
26389B,N,O,04/04/2026 08:55:44 AM
2638A,N,O,04/04/2026 08:56:57 AM
2638B,N,O,04/03/2026 06:50:22 PM
26390A,N,O,04/04/2026 08:59:58 AM
26390B,N,O,04/04/2026 08:59:51 AM
26391A,N,O,04/04/2026 08:58:44 AM
26391B,N,O,04/04/2026 08:58:44 AM
26392A,N,O,04/04/2026 08:57:44 AM
26392B,N,O,04/04/2026 08:57:44 AM
26393A,N,O,04/04/2026 08:56:48 AM
26393B,N,O,04/03/2026 12:27:50 PM
26394A,N,O,04/04/2026 08:55:43 AM
26394B,N,O,04/03/2026 08:55:43 AM
26395A,N,O,04/04/2026 08:59:50 AM
26395B,N,O,04/04/2026 08:59:50 AM
26397A,N,O,04/04/2026 08:57:56 AM
26397B,N,O,04/04/2026 08:57:48 AM
26398A,N,O,04/04/2026 08:56:43 AM
26399A,N,O,04/04/2026 08:55:47 AM
26399B,N,O,04/04/2026 09:50:17 AM
26400A,N,V,04/04/2026 09:40:17 AM
26400B,N,V,04/04/2026 09:18:45 AM
26403A,N,O,04/04/2026 08:56:47 AM
26403B,N,O,04/04/2026 08:56:47 AM
26404A,N,O,04/04/2026 09:01:03 AM
26404B,N,O,04/04/2026 08:55:50 AM
26405A,N,O,04/04/2026 08:59:51 AM
26405B,N,O,04/03/2026 09:33:58 PM
26406A,N,O,04/04/2026 09:48:24 AM
26406B,N,V,04/03/2026 09:01:30 PM
26407A,N,V,04/03/2026 06:56:47 PM
26407B,N,V,04/03/2026 09:42:26 PM
26408A,N,O,04/04/2026 09:38:08 AM
26408B,N,O,04/03/2026 06:14:11 PM
26409B,N,O,04/04/2026 08:55:47 AM
2640A,N,O,04/04/2026 09:00:58 AM
2640B,N,O,04/04/2026 08:59:51 AM
26410A,N,O,04/04/2026 09:18:40 AM
26410B,N,O,04/04/2026 08:59:51 AM
26411A,N,O,04/04/2026 08:58:54 AM
26411B,N,O,04/04/2026 08:58:40 AM
26412A,N,V,04/04/2026 09:06:39 AM
26412B,N,V,04/04/2026 09:06:39 AM
26413A,N,O,04/04/2026 08:56:52 AM
26413B,N,O,04/04/2026 08:56:52 AM
26414A,N,V,04/04/2026 09:30:36 AM
26414B,N,O,04/04/2026 08:55:51 AM
26415A,N,V,04/03/2026 08:23:31 PM
26415B,N,O,04/04/2026 08:59:47 AM
26416A,N,O,04/04/2026 08:58:44 AM
26416B,N,O,04/04/2026 08:58:44 AM
26417A,N,O,04/03/2026 08:38:36 PM
26417B,N,V,04/04/2026 09:03:01 AM
26418A,N,O,04/03/2026 09:25:10 PM
26418B,N,O,04/04/2026 08:56:49 AM
26419A,N,V,04/03/2026 08:55:06 PM
26419B,N,O,04/03/2026 07:58:37 PM
2641A,N,O,04/04/2026 09:27:40 AM
26420A,N,V,04/03/2026 05:17:16 PM
26420B,N,O,04/04/2026 08:59:50 AM
26421A,N,O,04/03/2026 09:04:15 PM
26421B,N,V,04/04/2026 09:09:02 AM
26422A,N,O,04/03/2026 09:19:28 PM
26422B,N,V,04/03/2026 07:35:12 PM
26423A,N,O,04/04/2026 08:56:44 AM
26423B,N,O,04/04/2026 08:56:44 AM
26424A,N,O,04/04/2026 08:57:12 AM
26424B,N,O,04/04/2026 08:55:53 AM
26425A,N,O,04/03/2026 05:08:34 PM
26425B,N,V,04/04/2026 09:23:46 AM
26426A,N,O,04/04/2026 08:58:48 AM
26426B,N,V,04/04/2026 09:42:13 AM
26427A,N,O,04/04/2026 08:58:01 AM
26427B,N,O,04/04/2026 08:58:01 AM
26428A,N,O,04/04/2026 08:56:50 AM
26428B,N,O,04/04/2026 08:56:50 AM
26429A,N,O,04/04/2026 08:55:59 AM
26429B,N,O,04/04/2026 08:55:44 AM
2642A,N,O,04/04/2026 08:57:52 AM
2642B,N,V,04/04/2026 09:26:14 AM
26430A,N,O,04/04/2026 08:59:47 AM
26430B,N,V,04/04/2026 09:50:49 AM
26431A,N,O,04/04/2026 08:58:51 AM
26431B,N,V,04/04/2026 09:48:09 AM
26432A,N,O,04/04/2026 09:51:04 AM
26432B,N,O,04/04/2026 09:51:37 AM
26433A,N,V,04/04/2026 09:50:23 AM
26433B,N,O,04/04/2026 08:56:53 AM
26434A,N,V,04/04/2026 09:24:47 AM
26434B,N,O,04/04/2026 09:24:23 AM
26435A,N,O,04/04/2026 08:59:56 AM
26435B,N,O,04/04/2026 08:59:56 AM
26436A,N,O,04/04/2026 08:58:45 AM
26436B,N,O,04/04/2026 08:58:45 AM
26437B,N,O,04/04/2026 09:51:07 AM
26438A,N,O,04/03/2026 05:26:50 PM
26438B,N,O,04/04/2026 08:56:53 AM
26439A,N,V,04/03/2026 12:43:33 PM
26439B,N,O,04/03/2026 08:14:37 PM
2643A,N,O,04/04/2026 09:24:54 AM
2643B,N,O,04/04/2026 08:56:47 AM
26440A,N,V,04/03/2026 09:09:56 PM
26440B,N,O,04/04/2026 08:59:51 AM
26441A,N,V,04/03/2026 08:53:50 PM
26441B,N,V,04/03/2026 09:36:54 AM
26442B,N,V,04/04/2026 09:51:46 AM
26443A,N,V,04/03/2026 09:37:40 PM
26443B,N,O,04/03/2026 09:35:26 PM
26444A,N,V,04/04/2026 09:50:16 AM
26444B,N,O,04/04/2026 08:55:45 AM
26445A,N,O,04/04/2026 08:59:50 AM
26445B,N,O,04/03/2026 09:19:52 PM
26446A,N,O,04/04/2026 08:58:49 AM
26446B,N,O,04/03/2026 06:38:52 PM
26447A,N,O,04/03/2026 07:08:08 PM
26447B,N,O,04/03/2026 05:32:57 PM
26448A,N,O,04/04/2026 08:56:49 AM
26448B,N,O,04/04/2026 08:56:42 AM
26449A,N,O,04/04/2026 08:55:46 AM
26449B,N,O,04/03/2026 07:36:47 PM
2644A,N,O,04/04/2026 08:55:49 AM
2644B,N,O,04/04/2026 08:56:07 AM
26450A,N,V,04/04/2026 09:41:34 AM
26450B,N,V,04/04/2026 09:49:36 AM
26451A,N,O,04/04/2026 08:58:46 AM
26451B,N,V,04/04/2026 09:48:56 AM
26452B,N,O,04/04/2026 08:57:52 AM
26453A,N,V,04/04/2026 09:41:07 AM
26453B,N,V,04/03/2026 05:04:41 PM
26454A,N,O,04/04/2026 08:55:45 AM
26454B,N,V,04/03/2026 08:20:25 PM
26455A,N,V,04/03/2026 09:54:07 PM
26455B,N,V,04/04/2026 09:24:49 AM
26456A,N,V,04/03/2026 08:50:53 PM
26456B,N,O,04/02/2026 07:01:32 PM
26457A,N,V,04/04/2026 09:36:23 AM
26457B,N,O,04/04/2026 08:57:41 AM
26458B,N,O,04/04/2026 08:56:48 AM
26459A,N,O,04/04/2026 08:55:44 AM
26459B,N,O,04/04/2026 08:55:44 AM
2645A,N,V,04/04/2026 09:45:47 AM
2645B,N,O,04/04/2026 09:48:41 AM
26460A,N,O,04/04/2026 08:59:45 AM
26460B,N,O,04/04/2026 09:01:12 AM
26461A,N,O,04/04/2026 08:58:48 AM
26461B,N,V,04/04/2026 09:47:23 AM
26462A,N,O,04/04/2026 08:57:43 AM
26462B,N,V,04/04/2026 09:51:34 AM
26463A,N,O,04/04/2026 08:56:48 AM
26464A,N,O,04/04/2026 09:50:24 AM
26464B,N,V,04/03/2026 09:53:18 PM
26465A,N,O,04/04/2026 09:41:48 AM
26465B,N,O,04/04/2026 09:47:29 AM
26466A,N,V,04/03/2026 09:33:43 PM
26466B,N,V,04/03/2026 09:55:58 PM
26467A,N,V,04/04/2026 09:21:21 AM
26467B,N,O,04/04/2026 09:28:29 AM
2646A,N,V,04/04/2026 09:47:41 AM
2646B,N,O,04/04/2026 09:46:40 AM
26471B,N,O,04/04/2026 08:58:58 AM
26472B,N,O,04/03/2026 08:57:57 AM
26474A,N,O,04/03/2026 09:51:27 PM
26474B,N,O,04/03/2026 08:48:55 PM
26475A,N,V,04/03/2026 12:49:56 PM
26475B,N,V,04/03/2026 09:59:08 PM
26476A,N,V,04/04/2026 09:39:06 AM
26476B,N,V,04/03/2026 08:19:25 PM
26477A,N,O,04/04/2026 09:51:41 AM
26477B,N,O,04/04/2026 08:57:46 AM
26478A,N,O,04/03/2026 09:52:19 PM
26478B,N,V,04/03/2026 09:31:29 PM
26479A,N,O,04/03/2026 09:48:05 PM
26479B,N,V,04/03/2026 06:33:36 PM
2647A,N,O,04/04/2026 08:57:46 AM
2647B,N,O,04/03/2026 06:08:25 PM
26480A,N,O,04/04/2026 08:59:35 AM
26480B,N,O,04/04/2026 08:59:35 AM
26481B,N,V,04/03/2026 07:08:18 PM
26482A,N,O,04/04/2026 08:57:51 AM
26482B,N,O,04/04/2026 08:57:47 AM
26483A,N,V,04/02/2026 07:19:43 PM
26483B,N,O,04/04/2026 08:56:46 AM
26484A,N,O,04/03/2026 05:38:39 PM
26484B,N,O,04/02/2026 06:24:33 PM
26485A,N,V,04/04/2026 09:13:11 AM
26485B,N,V,04/03/2026 10:00:23 AM
26486A,N,O,04/03/2026 09:55:32 PM
26486B,N,V,04/02/2026 07:55:23 PM
26487B,N,V,04/03/2026 01:07:23 PM
26488A,N,V,04/02/2026 12:56:27 PM
26488B,N,V,04/03/2026 12:12:22 PM
26489A,N,V,04/03/2026 06:26:43 PM
26489B,N,V,04/03/2026 10:54:38 AM
2648A,N,V,04/04/2026 08:59:46 AM
2648B,N,O,04/04/2026 08:56:46 AM
26490A,N,V,04/03/2026 04:37:12 PM
26490B,N,V,04/03/2026 08:40:40 PM
26491A,N,V,04/03/2026 08:31:05 PM
26491B,N,V,04/03/2026 09:24:05 PM
26492A,N,V,04/04/2026 09:12:41 AM
26492B,N,O,04/04/2026 09:40:19 AM
26495A,N,O,04/04/2026 08:59:43 AM
26495B,N,O,04/04/2026 09:00:07 AM
26496A,N,O,04/04/2026 08:58:43 AM
26496B,N,O,04/04/2026 08:58:50 AM
26497A,N,O,04/04/2026 08:57:49 AM
26498A,N,V,04/03/2026 03:24:26 PM
26498B,N,O,04/03/2026 08:41:32 PM
26499A,N,O,04/03/2026 09:49:21 PM
26499B,N,V,04/04/2026 09:48:28 AM
2649A,N,O,04/04/2026 08:55:43 AM
2649B,N,O,04/04/2026 08:55:43 AM
26500A,N,V,04/04/2026 09:49:21 AM
26500B,N,V,04/02/2026 06:12:55 PM
26501A,N,O,04/03/2026 06:21:02 PM
26501B,N,V,04/03/2026 10:24:34 AM
26502A,N,V,04/03/2026 06:32:03 PM
26502B,N,V,04/03/2026 12:07:21 PM
26503A,N,V,04/02/2026 11:00:31 AM
26503B,N,V,04/04/2026 09:51:17 AM
26504A,N,V,04/03/2026 08:53:43 PM
26504B,N,V,04/02/2026 06:17:30 PM
26505A,N,V,04/04/2026 09:45:17 AM
26506A,N,V,04/03/2026 08:21:59 PM
26507A,N,O,04/03/2026 09:38:04 PM
26507B,N,V,04/03/2026 05:51:57 PM
26508A,N,O,04/04/2026 08:57:04 AM
26508B,N,O,04/03/2026 09:55:19 PM
26509A,N,O,04/03/2026 07:57:37 PM
26509B,N,O,04/03/2026 09:58:41 PM
2650A,N,V,04/04/2026 09:51:20 AM
2650B,N,O,04/04/2026 09:00:07 AM
26510A,N,O,04/04/2026 09:27:33 AM
26510B,N,O,04/04/2026 08:59:51 AM
26511A,N,V,04/04/2026 09:38:22 AM
26511B,N,V,04/04/2026 09:41:09 AM
26512A,N,O,04/04/2026 08:57:57 AM
26512B,N,V,04/04/2026 09:45:27 AM
26513A,N,O,04/03/2026 06:36:47 PM
26513B,N,V,04/03/2026 09:53:48 PM
26514A,N,O,04/04/2026 09:51:19 AM
26514B,N,V,04/03/2026 04:24:01 PM
26515A,N,V,04/04/2026 09:46:16 AM
26515B,N,V,04/03/2026 05:24:17 PM
26516A,N,V,04/03/2026 02:29:04 PM
26516B,N,O,04/04/2026 08:58:39 AM
26517B,N,O,04/04/2026 09:38:27 AM
26518A,N,V,07/26/2025 12:10:32 PM
26518B,N,O,04/04/2026 09:02:42 AM
26519A,N,O,04/04/2026 08:55:44 AM
26519B,N,V,04/04/2026 09:50:09 AM
2651A,N,V,01/12/2026 03:30:58 PM
2651B,N,O,04/04/2026 06:58:44 AM
26520A,N,O,04/04/2026 08:59:46 AM
26520B,N,O,04/04/2026 09:31:29 AM
26521A,N,V,04/04/2026 09:35:16 AM
26521B,N,O,04/04/2026 09:40:45 AM
26522A,N,O,04/04/2026 09:12:09 AM
26522B,N,O,04/04/2026 08:57:51 AM
26523A,N,O,04/03/2026 05:11:06 PM
26523B,N,V,04/04/2026 09:26:15 AM
26524A,N,O,04/04/2026 08:55:47 AM
26524B,N,V,04/04/2026 09:29:50 AM
26525A,N,O,04/03/2026 09:01:47 PM
26525B,N,O,04/03/2026 08:52:56 PM
26526A,N,V,04/04/2026 09:51:02 AM
26526B,N,O,04/04/2026 08:58:43 AM
26527A,N,O,04/04/2026 08:57:43 AM
26527B,N,O,04/03/2026 04:22:41 PM
26528B,N,O,04/03/2026 09:33:12 PM
26529A,N,O,04/04/2026 08:55:48 AM
26529B,N,O,04/04/2026 08:55:48 AM
2652A,N,O,04/04/2026 06:57:45 AM
2652B,N,O,04/04/2026 09:40:32 AM
26530A,N,O,04/04/2026 08:59:43 AM
26530B,N,O,04/04/2026 08:59:43 AM
26531A,N,V,04/04/2026 09:04:34 AM
26531B,N,O,04/04/2026 08:58:48 AM
26532A,N,O,04/04/2026 08:57:43 AM
26532B,N,O,04/04/2026 08:57:43 AM
26533A,N,V,04/04/2026 09:47:01 AM
26533B,N,V,04/04/2026 09:51:12 AM
26534A,N,O,04/03/2026 05:17:06 PM
26534B,N,V,04/04/2026 09:20:15 AM
26535A,N,O,04/04/2026 09:13:55 AM
26535B,N,O,04/04/2026 09:38:07 AM
26536A,N,O,04/03/2026 12:24:54 PM
26536B,N,V,04/04/2026 09:28:28 AM
26537A,N,V,04/04/2026 09:44:44 AM
26537B,N,O,04/04/2026 09:26:08 AM
26538A,N,O,04/04/2026 08:56:50 AM
26538B,N,V,04/04/2026 09:45:23 AM
26539A,N,V,04/04/2026 09:38:17 AM
26539B,N,O,04/04/2026 08:55:41 AM
2653A,N,O,04/04/2026 09:10:32 AM
2653B,N,O,04/04/2026 09:09:08 AM
26540A,N,V,04/03/2026 07:08:57 PM
26540B,N,O,04/03/2026 07:13:50 PM
26541A,N,V,04/03/2026 09:43:14 PM
26541B,N,V,04/04/2026 09:25:31 AM
26542A,N,O,04/03/2026 09:50:39 PM
26542B,N,V,04/04/2026 09:05:40 AM
26543A,N,V,04/04/2026 09:06:09 AM
26543B,N,V,04/04/2026 09:02:30 AM
26544A,N,V,04/04/2026 09:46:19 AM
26544B,N,O,04/04/2026 08:55:46 AM
26545B,N,V,04/04/2026 09:10:34 AM
26546B,N,O,04/04/2026 08:58:51 AM
26547A,N,O,04/04/2026 09:42:42 AM
26547B,N,V,04/04/2026 09:50:56 AM
26548A,N,O,04/04/2026 08:56:51 AM
26548B,N,O,04/04/2026 08:56:47 AM
26549A,N,O,04/04/2026 08:55:45 AM
26549B,N,O,04/04/2026 09:44:22 AM
2654A,N,O,04/04/2026 06:55:43 AM
2654B,N,O,04/04/2026 06:55:43 AM
26555A,N,O,04/04/2026 08:59:53 AM
26555B,N,O,04/04/2026 08:59:53 AM
26556A,N,O,04/04/2026 09:47:34 AM
26556B,N,O,04/04/2026 08:58:50 AM
26557A,N,O,04/04/2026 09:16:23 AM
26557B,N,O,04/04/2026 09:00:16 AM
26558A,N,O,04/04/2026 09:20:31 AM
26558B,N,V,04/04/2026 09:02:29 AM
26559A,N,V,04/04/2026 09:36:42 AM
26559B,N,O,04/04/2026 09:20:24 AM
2655A,N,O,04/04/2026 09:32:02 AM
2655B,N,O,04/04/2026 09:02:50 AM
26560A,N,V,04/04/2026 09:03:52 AM
26560B,N,O,04/03/2026 05:17:36 PM
26561A,N,O,04/04/2026 09:03:52 AM
26561B,N,O,04/03/2026 08:40:13 PM
26562A,N,V,04/04/2026 09:22:18 AM
26562B,N,V,04/03/2026 09:00:36 PM
26563A,N,O,04/04/2026 09:44:36 AM
26563B,N,V,04/04/2026 09:06:12 AM
26564A,N,V,04/03/2026 06:21:23 PM
26564B,N,V,04/03/2026 06:21:49 PM
26565A,N,V,04/04/2026 09:12:07 AM
26565B,N,V,04/04/2026 09:31:37 AM
26566A,N,V,04/03/2026 06:56:03 PM
26566B,N,O,04/03/2026 05:12:37 PM
26567A,N,V,04/03/2026 06:40:42 PM
26567B,N,V,04/03/2026 09:10:33 PM
26568A,N,V,04/03/2026 08:45:38 PM
26568B,N,V,04/04/2026 09:28:15 AM
26569A,N,V,04/03/2026 06:53:03 PM
26569B,N,O,04/04/2026 08:55:51 AM
2656A,N,O,04/04/2026 06:58:51 AM
2656B,N,O,04/04/2026 06:58:58 AM
26570A,N,O,04/04/2026 09:21:00 AM
26571A,N,V,04/04/2026 09:11:13 AM
26571B,N,O,04/04/2026 09:49:49 AM
26572A,N,O,04/04/2026 09:45:42 AM
26572B,N,O,04/03/2026 07:39:45 PM
26573B,N,O,04/04/2026 08:56:48 AM
26574A,N,V,04/03/2026 09:27:49 PM
26574B,N,V,04/04/2026 09:49:30 AM
26575A,N,O,04/04/2026 08:59:44 AM
26575B,N,V,04/03/2026 07:30:17 PM
26576A,N,V,04/04/2026 09:19:43 AM
26576B,N,V,04/03/2026 09:50:13 PM
26577A,N,V,04/04/2026 09:06:01 AM
26578A,N,O,04/03/2026 09:53:36 PM
26578B,N,V,04/03/2026 09:04:28 PM
26579A,N,V,04/03/2026 08:12:45 PM
26579B,N,O,04/03/2026 08:01:05 PM
2657A,N,O,04/04/2026 08:21:57 AM
26580A,N,V,04/03/2026 08:16:51 PM
26580B,N,O,04/04/2026 09:39:12 AM
26581A,N,V,04/03/2026 08:57:50 PM
26581B,N,O,04/03/2026 09:10:47 PM
26582A,N,V,04/04/2026 09:47:26 AM
26582B,N,O,04/04/2026 08:57:43 AM
26583A,N,V,04/03/2026 08:27:09 PM
26583B,N,V,04/03/2026 08:25:03 PM
26584A,N,V,04/03/2026 08:00:07 PM
26584B,N,V,04/03/2026 08:32:45 PM
26585A,N,O,04/03/2026 07:04:44 PM
26585B,N,V,04/03/2026 08:22:14 PM
26586A,N,V,04/03/2026 08:46:56 PM
26586B,N,V,04/03/2026 08:46:56 PM
26587A,N,V,04/03/2026 09:50:39 PM
26587B,N,V,04/03/2026 09:36:20 PM
26588A,N,V,04/03/2026 09:01:06 PM
26588B,N,V,04/03/2026 08:03:27 PM
26589A,N,V,04/03/2026 08:09:16 PM
26589B,N,O,04/04/2026 09:16:11 AM
26590A,N,V,04/03/2026 04:46:17 PM
26590B,N,V,04/04/2026 09:30:11 AM
26591B,N,O,04/04/2026 09:28:44 AM
26592A,N,O,04/04/2026 09:25:09 AM
26593A,N,V,04/03/2026 06:08:44 PM
26593B,N,V,04/03/2026 04:04:14 PM
26594A,N,V,04/03/2026 09:10:57 PM
26594B,N,V,04/04/2026 09:51:29 AM
26595A,N,V,04/04/2026 09:48:24 AM
26595B,N,V,04/04/2026 09:49:54 AM
26596A,N,V,04/04/2026 09:45:08 AM
26596B,N,V,04/03/2026 05:11:39 PM
26597A,N,O,04/03/2026 07:18:33 PM
26597B,N,V,04/03/2026 06:09:36 PM
26598A,N,V,04/04/2026 09:41:03 AM
26598B,N,V,04/03/2026 05:11:08 PM
26599A,N,V,04/03/2026 09:34:54 PM
26599B,N,V,04/04/2026 09:11:57 AM
26600A,N,O,04/03/2026 05:12:52 PM
26600B,N,V,04/03/2026 09:48:00 PM
26601A,N,V,04/03/2026 07:57:52 PM
26601B,N,V,04/03/2026 06:44:32 PM
26602A,N,V,04/03/2026 08:32:41 PM
26602B,N,V,04/03/2026 08:32:05 PM
26603A,N,V,04/03/2026 08:50:04 PM
26603B,N,V,04/03/2026 04:31:36 PM
26604A,N,V,04/04/2026 09:30:00 AM
26604B,N,V,04/03/2026 07:24:36 PM
26605A,N,V,04/03/2026 08:49:52 PM
26605B,N,V,04/03/2026 04:22:14 PM
26606A,N,V,04/03/2026 08:55:08 PM
26606B,N,V,04/03/2026 07:25:07 PM
26607A,N,V,04/03/2026 05:05:54 PM
26607B,N,V,04/03/2026 08:14:35 PM
26608A,N,V,04/03/2026 09:51:48 PM
26608B,N,O,04/03/2026 06:56:07 PM
26609B,N,O,04/04/2026 09:04:37 AM
26610A,N,V,04/04/2026 09:51:03 AM
26610B,N,O,04/04/2026 08:59:52 AM
26611A,N,O,04/03/2026 09:18:35 PM
26611B,N,O,04/04/2026 08:58:45 AM
26612A,N,V,04/04/2026 09:31:38 AM
26612B,N,O,04/04/2026 08:57:49 AM
26613A,N,O,04/04/2026 08:56:43 AM
26613B,N,V,04/03/2026 06:25:50 PM
26614A,N,V,04/04/2026 09:45:16 AM
26614B,N,V,04/03/2026 09:08:41 PM
26615A,N,O,04/03/2026 09:10:34 PM
26615B,N,O,04/04/2026 08:59:43 AM
26616A,N,V,04/03/2026 04:57:24 PM
26616B,N,O,04/03/2026 09:15:23 PM
26617A,N,O,04/04/2026 08:57:45 AM
26617B,N,O,04/04/2026 09:03:43 AM
26618B,N,V,04/04/2026 09:22:03 AM
26619A,N,V,04/04/2026 09:25:29 AM
26620A,N,V,04/03/2026 09:17:47 PM
26620B,N,V,04/03/2026 06:40:44 PM
26621A,N,V,04/04/2026 09:50:04 AM
26621B,N,V,04/04/2026 09:08:26 AM
26622B,N,V,04/04/2026 09:00:15 AM
26623A,N,V,04/04/2026 09:44:41 AM
26624A,N,O,04/04/2026 08:55:45 AM
26624B,N,V,04/03/2026 11:11:03 AM
26625A,N,V,04/03/2026 07:13:20 PM
26625B,N,O,04/03/2026 07:12:13 PM
26626A,N,V,04/03/2026 09:29:16 PM
26626B,N,O,04/03/2026 06:55:10 PM
26627A,N,O,04/04/2026 08:57:50 AM
26627B,N,V,04/04/2026 09:46:34 AM
26628A,N,O,04/03/2026 09:34:58 PM
26629A,N,O,04/03/2026 02:57:02 PM
26629B,N,O,04/03/2026 09:42:13 PM
26630A,N,V,04/03/2026 09:14:46 PM
26630B,N,O,04/03/2026 08:10:41 PM
26631A,N,V,04/04/2026 09:08:49 AM
26631B,N,O,04/04/2026 08:58:45 AM
26632A,N,O,04/03/2026 07:53:10 PM
26632B,N,V,04/04/2026 09:40:47 AM
26633A,N,O,04/04/2026 08:56:47 AM
26633B,N,V,04/03/2026 09:22:40 PM
26634A,N,O,04/04/2026 08:55:50 AM
26634B,N,V,04/04/2026 09:30:51 AM
26635B,N,O,04/04/2026 08:59:49 AM
26636A,N,V,04/02/2026 06:43:55 PM
26636B,N,O,04/04/2026 08:58:44 AM
26637A,N,O,04/04/2026 08:57:48 AM
26637B,N,V,04/03/2026 11:32:22 AM
26638A,N,V,04/04/2026 09:42:32 AM
26639A,N,O,04/04/2026 08:55:52 AM
26639B,N,O,04/04/2026 09:21:52 AM
26640A,N,O,04/04/2026 08:59:47 AM
26640B,N,O,04/04/2026 08:59:47 AM
26641A,N,O,04/04/2026 08:58:44 AM
26641B,N,O,04/04/2026 09:09:20 AM
26642A,N,O,04/04/2026 09:49:30 AM
26642B,N,O,04/04/2026 08:57:50 AM
26643A,N,V,04/04/2026 09:51:45 AM
26643B,N,O,04/04/2026 09:43:49 AM
26644A,N,V,04/03/2026 09:59:29 PM
26644B,N,V,04/03/2026 09:56:43 PM
26645A,N,O,04/04/2026 08:59:45 AM
26645B,N,V,04/03/2026 09:55:07 PM
26646A,N,V,04/04/2026 09:51:39 AM
26646B,N,V,04/03/2026 08:37:10 PM
26647A,N,V,04/03/2026 05:31:37 PM
26647B,N,V,04/03/2026 08:36:51 PM
26648A,N,O,04/04/2026 08:56:46 AM
26648B,N,O,04/04/2026 08:56:46 AM
26649B,N,V,04/03/2026 08:47:56 PM
26650A,N,O,04/04/2026 08:59:49 AM
26651A,N,O,04/04/2026 08:58:51 AM
26651B,N,O,04/04/2026 08:58:51 AM
26652A,N,O,04/04/2026 08:57:53 AM
26652B,N,O,04/04/2026 08:57:49 AM
26653A,N,V,04/03/2026 05:27:57 PM
26653B,N,O,04/03/2026 05:10:16 PM
26654A,N,V,04/04/2026 09:34:22 AM
26654B,N,V,04/02/2026 02:43:17 PM
26655A,N,V,04/02/2026 08:49:38 AM
26655B,N,V,04/02/2026 04:35:53 PM
26656B,N,V,04/03/2026 05:35:15 PM
26657A,N,V,04/04/2026 09:45:32 AM
26657B,N,O,04/04/2026 08:57:51 AM
26658A,N,V,04/04/2026 09:29:25 AM
26658B,N,V,04/04/2026 09:30:01 AM
26659A,N,O,04/04/2026 09:12:21 AM
26659B,N,V,04/04/2026 09:36:10 AM
26660A,N,V,04/04/2026 09:42:01 AM
26660B,N,V,04/04/2026 09:51:41 AM
26661A,N,V,04/04/2026 09:50:17 AM
26661B,N,V,04/03/2026 05:48:56 PM
26662A,N,V,04/04/2026 09:44:41 AM
26662B,N,V,04/04/2026 09:48:07 AM
26663A,N,O,04/04/2026 08:56:48 AM
26665A,N,V,04/04/2026 09:51:01 AM
26665B,N,O,04/04/2026 09:51:08 AM
26666A,N,O,04/04/2026 09:50:44 AM
26666B,N,O,04/04/2026 09:49:14 AM
26667A,N,V,04/04/2026 09:51:21 AM
26667B,N,O,04/04/2026 08:58:08 AM
26668A,N,O,04/03/2026 08:28:46 PM
26668B,N,V,04/03/2026 07:54:07 PM
26669A,N,O,04/04/2026 08:55:51 AM
26669B,N,O,04/04/2026 08:55:51 AM
2666A,N,O,04/04/2026 09:45:05 AM
2666B,N,O,04/04/2026 08:58:53 AM
26671A,N,O,04/04/2026 08:58:47 AM
26671B,N,O,04/04/2026 08:58:47 AM
26672A,N,O,04/04/2026 08:57:43 AM
26672B,N,O,04/04/2026 08:57:43 AM
26673A,N,V,04/04/2026 09:51:24 AM
26673B,N,V,04/04/2026 09:51:35 AM
26674A,N,O,04/04/2026 08:55:53 AM
26674B,N,V,04/04/2026 09:20:36 AM
26675A,N,V,04/04/2026 09:50:19 AM
26675B,N,O,04/04/2026 09:50:23 AM
26676A,N,O,04/04/2026 08:58:44 AM
26676B,N,O,04/04/2026 08:58:52 AM
26677A,N,O,04/04/2026 08:57:47 AM
26677B,N,O,04/04/2026 08:57:47 AM
26678A,N,V,04/04/2026 09:46:45 AM
26678B,N,O,04/04/2026 08:56:49 AM
26679A,N,V,04/04/2026 09:48:58 AM
26679B,N,V,04/04/2026 09:51:31 AM
2667A,N,O,04/04/2026 08:57:56 AM
2667B,N,O,04/04/2026 08:57:52 AM
26680A,N,O,04/02/2026 01:58:21 PM
26680B,N,O,04/02/2026 03:03:41 PM
26681A,N,O,04/02/2026 04:37:25 PM
26681B,N,O,04/02/2026 04:54:42 PM
26682A,N,O,04/02/2026 05:51:24 PM
26682B,N,O,04/02/2026 07:57:50 AM
26683B,N,O,04/02/2026 05:02:12 PM
26684A,N,O,04/02/2026 04:17:11 PM
26684B,N,O,04/02/2026 05:18:26 PM
26685A,N,O,04/02/2026 05:50:43 PM
26685B,N,O,04/02/2026 05:58:37 PM
26686A,N,O,04/02/2026 06:05:08 PM
26686B,N,O,04/02/2026 06:05:08 PM
26687A,N,O,04/02/2026 05:59:56 PM
26687B,N,O,04/02/2026 05:59:36 PM
26688A,N,O,04/02/2026 06:03:55 PM
26688B,N,O,04/02/2026 12:47:40 PM
26689A,N,O,04/02/2026 05:54:05 PM
26689B,N,O,04/02/2026 05:56:37 PM
2668A,N,O,04/04/2026 08:56:48 AM
2668B,N,O,04/04/2026 09:03:25 AM
26690A,N,O,04/02/2026 05:59:47 PM
26690B,N,O,04/02/2026 05:25:06 PM
26691A,N,O,04/02/2026 02:58:47 PM
26691B,N,O,04/02/2026 03:45:28 PM
26692A,N,O,04/02/2026 03:58:45 PM
26692B,N,O,04/02/2026 03:10:09 PM
26693A,N,O,04/02/2026 03:40:43 PM
26693B,N,O,04/02/2026 05:25:15 PM
26694A,N,O,04/02/2026 03:18:34 PM
26694B,N,V,04/02/2026 11:09:56 AM
26699A,N,O,04/04/2026 08:55:43 AM
26699B,N,O,04/04/2026 08:55:43 AM
2669A,N,O,04/04/2026 08:55:49 AM
26700A,N,O,04/04/2026 09:37:33 AM
26700B,N,O,04/04/2026 08:59:48 AM
26701A,N,O,04/04/2026 08:58:49 AM
26701B,N,O,04/04/2026 08:58:49 AM
26702A,N,O,04/04/2026 08:57:46 AM
26702B,N,O,04/04/2026 08:57:46 AM
26703A,N,O,04/04/2026 08:56:48 AM
26703B,N,V,04/03/2026 02:48:59 PM
26704A,N,O,04/04/2026 08:55:53 AM
26704B,N,O,04/04/2026 08:55:53 AM
26705A,N,O,04/04/2026 08:59:46 AM
26705B,N,O,04/04/2026 08:59:46 AM
26706A,N,O,04/04/2026 08:58:50 AM
26706B,N,V,04/03/2026 03:05:33 PM
26707A,N,V,04/03/2026 04:39:02 PM
26707B,N,O,04/03/2026 09:22:02 PM
26708A,N,O,04/04/2026 09:51:13 AM
26709B,N,V,04/04/2026 09:36:10 AM
26710A,N,V,04/03/2026 09:34:31 PM
26710B,N,V,04/02/2026 02:00:56 PM
26711A,N,O,04/03/2026 06:17:51 PM
26711B,N,V,04/03/2026 03:12:36 PM
26712A,N,O,04/03/2026 03:47:26 PM
26712B,N,V,04/03/2026 06:15:56 PM
26713A,N,O,04/04/2026 08:56:44 AM
26714A,N,O,04/03/2026 08:09:04 PM
26714B,N,V,04/03/2026 04:59:49 PM
26715A,N,V,04/03/2026 12:44:03 PM
26715B,N,V,04/03/2026 03:20:54 PM
26716A,N,V,04/03/2026 01:53:47 PM
26716B,N,V,04/03/2026 09:05:12 PM
26717A,N,O,04/04/2026 08:57:48 AM
26717B,N,V,04/03/2026 09:30:11 AM
26718A,N,O,04/03/2026 07:07:41 PM
26718B,N,V,04/04/2026 09:50:59 AM
26719A,N,V,04/04/2026 09:51:30 AM
26719B,N,O,04/04/2026 08:55:43 AM
2671A,N,O,04/03/2026 10:00:02 PM
2671B,N,O,04/04/2026 08:58:50 AM
26720A,N,O,04/04/2026 08:59:49 AM
26720B,N,O,04/03/2026 08:30:35 PM
26721A,N,V,04/03/2026 06:19:48 PM
26721B,N,V,04/02/2026 09:01:37 AM
26722B,N,O,04/04/2026 08:57:39 AM
26723A,N,V,04/02/2026 01:38:55 PM
26723B,N,V,04/04/2026 09:14:31 AM
26724A,N,O,04/04/2026 08:55:48 AM
26724B,N,O,04/03/2026 03:14:36 PM
26725A,N,V,04/01/2026 02:31:25 PM
26725B,N,V,04/04/2026 09:47:24 AM
26726A,N,O,04/04/2026 09:42:13 AM
26726B,N,V,04/04/2026 09:50:30 AM
26727A,N,V,04/04/2026 09:50:48 AM
26727B,N,O,04/04/2026 09:51:23 AM
26728A,N,V,04/04/2026 09:47:53 AM
26728B,N,V,04/04/2026 09:51:36 AM
26729A,N,O,04/04/2026 09:51:25 AM
26729B,N,V,04/03/2026 09:40:53 PM
2672A,N,O,04/04/2026 09:20:38 AM
2672B,N,O,04/04/2026 09:25:13 AM
26730A,N,V,04/03/2026 09:29:21 PM
26730B,N,O,04/04/2026 09:50:30 AM
26731A,N,O,04/04/2026 09:44:34 AM
26731B,N,V,04/04/2026 09:45:04 AM
26732A,N,O,04/04/2026 09:51:30 AM
26732B,N,V,04/04/2026 09:50:59 AM
26733B,N,O,04/04/2026 09:19:09 AM
26734A,N,V,04/04/2026 09:51:36 AM
26734B,N,V,04/04/2026 09:48:24 AM
26735A,N,V,04/04/2026 09:51:12 AM
26735B,N,V,04/03/2026 12:55:39 PM
26736A,N,V,04/03/2026 04:48:46 PM
26736B,N,O,04/04/2026 09:44:27 AM
26737A,N,O,04/04/2026 09:23:37 AM
26737B,N,O,04/04/2026 09:51:12 AM
26738A,N,V,04/04/2026 09:28:36 AM
26738B,N,O,04/04/2026 08:56:52 AM
26739A,N,O,04/04/2026 08:55:53 AM
26739B,N,O,04/04/2026 08:55:53 AM
2673B,N,O,04/04/2026 08:56:47 AM
26740A,N,O,04/03/2026 09:03:33 PM
26740B,N,O,04/03/2026 09:14:11 PM
26741B,N,O,04/04/2026 09:44:05 AM
2674A,N,O,04/04/2026 09:04:32 AM
2674B,N,O,04/04/2026 08:55:51 AM
2675A,N,O,04/04/2026 08:59:42 AM
2675B,N,O,04/04/2026 08:59:42 AM
26761B,N,O,04/04/2026 08:58:50 AM
26762A,N,V,04/03/2026 04:08:02 PM
26762B,N,O,04/04/2026 09:51:41 AM
26763A,N,O,04/04/2026 09:49:57 AM
26763B,N,V,04/03/2026 06:32:26 PM
26764A,N,V,04/03/2026 07:48:45 PM
26764B,N,V,04/03/2026 08:43:24 PM
26765A,N,V,04/04/2026 09:51:33 AM
26765B,N,O,04/04/2026 08:59:39 AM
26766A,N,V,04/03/2026 07:00:45 PM
26766B,N,O,04/04/2026 08:58:46 AM
26767A,N,O,04/04/2026 08:57:43 AM
26767B,N,V,04/03/2026 09:33:43 PM
26768A,N,O,04/04/2026 08:56:44 AM
26768B,N,V,04/03/2026 08:43:42 PM
26769A,N,O,04/03/2026 08:31:50 PM
26769B,N,V,04/03/2026 08:34:29 PM
2676A,N,O,04/04/2026 08:59:17 AM
2676B,N,O,04/04/2026 09:12:48 AM
26770B,N,O,04/04/2026 08:59:43 AM
26771A,N,V,04/03/2026 05:59:46 PM
26771B,N,O,04/04/2026 09:08:11 AM
26772A,N,V,04/03/2026 05:27:07 PM
26772B,N,V,04/03/2026 05:23:05 PM
26773A,N,V,04/04/2026 09:25:16 AM
26773B,N,V,04/03/2026 03:49:49 PM
2677A,N,O,04/04/2026 09:23:59 AM
2677B,N,O,04/04/2026 08:57:50 AM
26780B,N,V,04/04/2026 09:28:44 AM
26781A,N,O,04/03/2026 08:45:09 PM
26781B,N,O,04/03/2026 05:39:49 PM
26782A,N,V,04/03/2026 08:04:48 PM
26782B,N,O,04/03/2026 08:42:40 PM
26783A,N,V,04/03/2026 08:24:15 PM
26783B,N,V,04/03/2026 08:24:19 PM
26784A,N,V,04/03/2026 09:23:36 PM
26784B,N,V,04/03/2026 05:14:17 PM
26785A,N,V,04/04/2026 09:13:04 AM
26785B,N,V,04/03/2026 08:05:24 PM
26786A,N,V,04/04/2026 09:50:57 AM
26786B,N,V,04/04/2026 09:50:50 AM
26787A,N,V,04/03/2026 09:20:03 PM
26787B,N,V,04/03/2026 09:16:29 PM
26788A,N,V,04/03/2026 09:19:11 PM
26788B,N,V,04/03/2026 09:15:24 PM
26789A,N,V,04/03/2026 09:18:42 PM
26789B,N,V,04/03/2026 09:18:53 PM
2678A,N,O,04/04/2026 09:17:46 AM
2678B,N,V,04/04/2026 09:50:44 AM
26790A,N,V,04/03/2026 09:41:06 PM
26790B,N,O,04/03/2026 09:49:10 PM
26791A,N,V,04/03/2026 09:56:34 PM
26791B,N,V,04/03/2026 08:36:02 PM
26792A,N,V,04/03/2026 08:27:57 PM
26792B,N,V,04/03/2026 08:04:31 PM
26793A,N,O,04/04/2026 08:59:36 AM
26793B,N,V,04/03/2026 07:27:22 PM
26794A,N,V,04/03/2026 05:37:56 PM
26794B,N,V,04/03/2026 05:52:31 PM
26795A,N,V,04/03/2026 07:59:10 PM
26796A,N,V,04/03/2026 07:20:24 PM
26796B,N,V,04/03/2026 07:30:53 PM
26797A,N,V,04/03/2026 09:02:23 PM
26797B,N,V,04/03/2026 09:26:48 PM
26798A,N,O,04/04/2026 09:51:35 AM
26798B,N,V,04/03/2026 06:29:07 PM
26799A,N,O,04/03/2026 09:56:21 PM
26799B,N,V,04/03/2026 08:46:55 PM
2679A,N,V,04/04/2026 09:44:38 AM
2679B,N,O,04/04/2026 08:55:49 AM
26800B,N,O,04/04/2026 08:59:52 AM
26801A,N,V,04/03/2026 09:42:27 PM
26801B,N,V,04/03/2026 06:39:39 PM
26802A,N,V,04/04/2026 09:35:56 AM
26802B,N,V,04/03/2026 09:45:07 PM
26803A,N,V,04/03/2026 08:38:42 PM
26803B,N,O,04/04/2026 09:43:40 AM
26804A,N,V,04/03/2026 08:42:23 PM
26804B,N,O,04/03/2026 09:59:46 PM
26805A,N,V,04/03/2026 07:18:38 PM
26805B,N,O,04/04/2026 09:51:30 AM
26806A,N,V,04/04/2026 09:50:39 AM
26806B,N,V,04/03/2026 08:42:41 PM
26807A,N,O,04/04/2026 08:57:40 AM
26807B,N,O,04/04/2026 09:46:29 AM
26808A,N,V,04/03/2026 08:09:49 PM
26808B,N,O,04/04/2026 08:56:51 AM
26809A,N,V,04/04/2026 09:51:36 AM
26809B,N,O,04/04/2026 09:50:07 AM
26810A,N,O,04/04/2026 08:59:50 AM
26810B,N,O,04/04/2026 09:29:33 AM
26863A,N,V,04/03/2026 10:01:00 PM
26863B,N,V,04/04/2026 09:38:35 AM
26864A,N,O,04/04/2026 08:55:54 AM
26864B,N,O,04/04/2026 08:55:54 AM
26865A,N,V,04/03/2026 07:09:34 PM
26865B,N,O,04/03/2026 09:23:37 PM
26866B,N,O,04/03/2026 03:49:13 PM
26867A,N,V,04/03/2026 11:17:19 AM
26867B,N,O,04/04/2026 08:57:51 AM
26868A,N,V,04/04/2026 09:41:08 AM
26868B,N,V,04/02/2026 10:01:39 AM
26869A,N,O,04/04/2026 08:55:47 AM
26869B,N,V,04/04/2026 09:50:04 AM
26870A,N,V,04/04/2026 09:44:48 AM
26870B,N,V,04/04/2026 09:25:44 AM
26871A,N,V,04/03/2026 01:16:46 PM
26871B,N,O,04/04/2026 08:58:46 AM
26872B,N,O,04/04/2026 08:57:47 AM
26873A,N,V,04/02/2026 09:24:59 AM
26873B,N,V,04/03/2026 05:11:17 PM
26874A,N,O,04/03/2026 05:12:02 PM
26874B,N,O,04/04/2026 08:55:44 AM
26875B,N,V,04/03/2026 01:15:45 PM
26876A,N,V,04/03/2026 07:19:19 PM
26876B,N,V,04/03/2026 01:18:41 PM
26877A,N,O,04/04/2026 09:47:51 AM
26877B,N,V,04/03/2026 04:11:51 PM
26878A,N,V,04/02/2026 07:25:55 AM
26878B,N,V,04/03/2026 09:31:16 PM
26879A,N,O,04/04/2026 08:55:47 AM
26879B,N,O,04/04/2026 08:55:47 AM
26880A,N,O,04/04/2026 08:59:45 AM
26880B,N,O,04/03/2026 03:53:47 PM
26881A,N,V,04/03/2026 04:51:54 PM
26881B,N,V,04/03/2026 05:16:25 PM
26882B,N,V,04/03/2026 05:03:12 PM
26883A,N,O,04/04/2026 08:56:46 AM
26883B,N,O,04/04/2026 08:56:54 AM
26884A,N,O,04/04/2026 08:55:47 AM
26884B,N,O,04/04/2026 08:55:47 AM
26885A,N,O,04/04/2026 08:59:53 AM
26885B,N,O,04/04/2026 08:59:53 AM
26886A,N,O,04/04/2026 08:58:46 AM
26886B,N,V,04/03/2026 02:44:52 PM
26887A,N,V,04/03/2026 01:04:35 PM
26887B,N,O,04/04/2026 08:57:51 AM
26888A,N,V,04/04/2026 09:47:44 AM
26888B,N,V,04/02/2026 04:41:57 PM
26889A,N,O,04/04/2026 08:55:53 AM
26889B,N,O,04/03/2026 01:47:32 PM
26890A,N,O,04/04/2026 09:48:43 AM
26890B,N,V,04/04/2026 09:03:56 AM
26891A,N,O,04/03/2026 09:06:37 PM
26891B,N,O,04/04/2026 08:58:59 AM
26892A,N,O,04/04/2026 08:57:46 AM
26892B,N,V,04/03/2026 07:07:18 PM
26893A,N,V,04/03/2026 03:04:37 PM
26893B,N,V,04/04/2026 09:23:48 AM
26894A,N,O,04/04/2026 08:55:50 AM
26895B,N,V,04/03/2026 08:45:43 PM
26896A,N,O,04/04/2026 08:58:39 AM
26896B,N,O,04/04/2026 08:58:39 AM
26897A,N,O,04/04/2026 08:57:47 AM
26897B,N,O,04/04/2026 08:57:47 AM
26898A,N,O,04/04/2026 08:56:54 AM
26898B,N,O,04/04/2026 08:56:54 AM
26899A,N,O,04/04/2026 08:56:02 AM
26899B,N,O,04/04/2026 08:55:55 AM
26900A,N,V,04/04/2026 09:51:29 AM
26900B,N,O,04/04/2026 08:59:49 AM
26901A,N,O,04/04/2026 08:58:52 AM
26901B,N,O,04/04/2026 08:58:59 AM
26902A,N,O,04/04/2026 08:57:42 AM
26902B,N,V,04/04/2026 09:20:42 AM
26903A,N,V,04/04/2026 09:00:32 AM
26903B,N,V,04/04/2026 09:44:04 AM
26904A,N,O,04/04/2026 08:55:53 AM
26905A,N,O,04/04/2026 08:59:54 AM
26905B,N,O,04/04/2026 08:59:47 AM
26906A,N,O,04/04/2026 08:58:54 AM
26906B,N,O,04/04/2026 08:58:54 AM
26907A,N,O,04/04/2026 08:57:49 AM
26907B,N,O,04/04/2026 08:57:45 AM
26908A,N,O,04/04/2026 09:14:32 AM
26908B,N,O,04/04/2026 08:56:47 AM
26909A,N,O,04/04/2026 09:08:50 AM
26909B,N,O,04/03/2026 09:13:07 PM
26910A,N,O,04/04/2026 08:59:46 AM
26910B,N,O,04/04/2026 08:59:46 AM
26911A,N,O,04/04/2026 08:58:50 AM
26911B,N,O,04/04/2026 08:58:47 AM
26912A,N,O,04/04/2026 08:57:45 AM
26912B,N,O,04/04/2026 08:57:53 AM
26913A,N,O,04/04/2026 08:56:49 AM
26913B,N,O,04/03/2026 06:22:35 PM
26914A,N,V,04/04/2026 09:41:42 AM
26914B,N,O,04/03/2026 06:19:39 PM
26915A,N,O,04/04/2026 08:59:43 AM
26915B,N,O,04/04/2026 08:59:43 AM
26916A,N,O,04/04/2026 08:58:49 AM
26916B,N,O,04/04/2026 09:12:54 AM
26917A,N,V,04/04/2026 09:46:03 AM
26917B,N,O,04/04/2026 08:57:44 AM
26918A,N,O,04/04/2026 08:56:55 AM
26918B,N,O,04/04/2026 08:56:52 AM
26919A,N,O,04/04/2026 08:55:46 AM
26919B,N,O,04/04/2026 08:55:46 AM
26920A,N,O,04/04/2026 08:59:49 AM
26920B,N,O,04/04/2026 08:59:49 AM
26921A,N,O,04/03/2026 09:23:37 PM
26921B,N,O,04/04/2026 08:58:52 AM
26922A,N,O,04/03/2026 04:47:24 PM
26922B,N,O,04/04/2026 08:57:45 AM
26923A,N,O,04/04/2026 08:56:54 AM
26923B,N,O,04/04/2026 09:19:44 AM
26924A,N,O,04/03/2026 07:43:13 PM
26924B,N,O,04/04/2026 08:55:45 AM
26925A,N,O,04/04/2026 08:59:48 AM
26925B,N,O,04/04/2026 08:59:48 AM
26926A,N,O,04/04/2026 08:58:48 AM
26926B,N,O,04/04/2026 08:58:51 AM
26927A,N,O,04/04/2026 08:57:47 AM
26928A,N,O,04/04/2026 08:56:49 AM
26928B,N,O,04/04/2026 08:56:45 AM
26929A,N,O,04/04/2026 09:39:02 AM
26929B,N,O,04/04/2026 09:47:25 AM
26930A,N,O,04/04/2026 08:59:56 AM
26930B,N,O,04/04/2026 08:59:52 AM
26931A,N,O,04/03/2026 03:38:11 PM
26931B,N,O,04/04/2026 08:58:46 AM
26932A,N,O,04/04/2026 08:57:45 AM
26932B,N,O,04/04/2026 09:06:49 AM
26933A,N,O,04/04/2026 08:56:50 AM
26933B,N,O,04/04/2026 08:56:50 AM
26934A,N,O,04/04/2026 09:29:20 AM
26934B,N,O,04/04/2026 08:55:46 AM
26935A,N,O,04/04/2026 08:59:48 AM
26935B,N,O,04/03/2026 07:36:19 PM
26936A,N,O,04/04/2026 08:58:50 AM
26936B,N,O,04/04/2026 09:05:48 AM
26937A,N,V,04/04/2026 09:47:25 AM
26937B,N,O,04/04/2026 08:57:50 AM
26938B,N,O,04/04/2026 09:12:44 AM
26939A,N,O,04/04/2026 09:51:41 AM
26939B,N,O,04/04/2026 08:56:04 AM
26941A,NU,V,03/17/2026 09:50:57 AM
26941B,NU,O,03/17/2026 09:59:32 AM
26942A,NU,V,03/16/2026 01:35:33 PM
26942B,NU,V,03/17/2026 09:58:03 AM
26943A,NU,V,03/17/2026 09:47:18 AM
26943B,NU,V,03/17/2026 08:23:00 AM
26944A,N,V,04/04/2026 09:51:03 AM
26944B,N,O,04/04/2026 08:55:43 AM
26945A,N,O,04/04/2026 08:59:42 AM
26945B,N,O,04/04/2026 08:59:42 AM
26946A,NU,O,03/17/2026 09:51:32 AM
26946B,NU,V,03/17/2026 09:54:59 AM
26947A,N,V,04/04/2026 09:11:41 AM
26947B,N,V,04/04/2026 09:27:02 AM
26948A,N,V,04/04/2026 09:23:59 AM
26948B,N,O,04/04/2026 08:56:44 AM
26949A,N,O,04/04/2026 08:55:45 AM
26949B,N,O,04/04/2026 09:51:36 AM
26950A,N,O,04/04/2026 09:41:43 AM
26950B,N,O,04/04/2026 09:45:41 AM
26951A,N,V,04/04/2026 09:43:58 AM
26951B,N,V,04/04/2026 09:49:04 AM
26952A,N,V,04/04/2026 09:45:21 AM
26952B,N,V,04/03/2026 09:01:07 PM
26953A,N,V,04/04/2026 09:49:57 AM
26953B,N,O,04/03/2026 06:46:05 PM
26B,NU,O,01/05/2026 10:58:48 AM
27001A,N,O,04/03/2026 09:58:44 AM
27003A,N,O,04/03/2026 09:56:47 AM
27003B,N,O,04/03/2026 02:07:14 PM
27004A,N,O,04/03/2026 09:55:55 AM
27004B,N,O,04/03/2026 09:55:48 AM
27005A,N,O,04/03/2026 09:59:44 AM
27005B,N,O,04/03/2026 09:56:03 PM
27006A,N,O,04/02/2026 07:58:50 AM
27006B,N,O,04/03/2026 09:58:43 AM
27007A,NU,O,04/03/2026 02:01:01 PM
27007B,NU,O,04/03/2026 06:03:05 PM
27008A,N,O,04/03/2026 06:46:52 PM
27008B,N,O,04/03/2026 06:56:03 PM
27011A,N,O,04/03/2026 09:58:43 AM
27011B,N,O,04/03/2026 09:58:43 AM
27012A,N,O,04/03/2026 09:57:46 AM
27012B,N,O,04/03/2026 09:57:46 AM
27013A,N,O,04/03/2026 09:56:51 AM
27013B,N,O,04/03/2026 09:56:51 AM
27014A,N,O,04/02/2026 12:45:04 PM
27014B,N,O,04/03/2026 04:30:29 PM
27015B,N,O,04/03/2026 09:59:39 AM
27016A,N,O,04/03/2026 09:58:55 AM
27016B,N,O,04/03/2026 09:58:51 AM
27017A,N,O,04/03/2026 09:58:03 AM
27017B,N,O,04/03/2026 09:58:03 AM
27018A,N,O,04/03/2026 09:56:54 AM
27018B,N,O,04/03/2026 09:56:46 AM
27020A,N,O,04/03/2026 09:59:39 AM
27020B,N,O,04/03/2026 09:59:39 AM
27021A,N,O,04/03/2026 09:58:42 AM
27021B,N,O,04/03/2026 09:58:52 AM
27022A,N,O,04/04/2026 08:57:46 AM
27022B,N,O,04/04/2026 08:57:46 AM
27023A,N,O,04/04/2026 08:56:46 AM
27023B,N,O,04/04/2026 08:56:46 AM
27024A,N,O,04/04/2026 08:55:53 AM
27025A,N,O,04/04/2026 08:59:46 AM
27025B,N,O,04/04/2026 08:59:46 AM
27026A,N,O,04/04/2026 09:51:41 AM
27026B,N,O,04/04/2026 08:58:49 AM
27027A,N,O,04/04/2026 09:48:58 AM
27027B,N,O,04/03/2026 05:19:06 PM
27028A,N,O,04/03/2026 05:19:36 PM
27028B,N,O,04/04/2026 09:50:33 AM
27029A,N,O,04/04/2026 09:48:05 AM
27029B,N,O,04/04/2026 09:27:37 AM
27030A,N,O,04/04/2026 08:59:51 AM
27030B,N,V,04/04/2026 09:50:43 AM
27031A,N,V,04/04/2026 09:44:06 AM
27031B,N,V,04/04/2026 09:51:40 AM
27032A,N,O,04/04/2026 09:51:43 AM
27032B,N,O,04/04/2026 08:57:47 AM
27033A,N,O,04/04/2026 08:56:44 AM
27033B,N,V,04/04/2026 09:38:25 AM
27034A,N,O,04/04/2026 08:55:51 AM
27034B,N,O,04/04/2026 08:55:58 AM
27035A,N,O,04/04/2026 08:59:40 AM
27035B,N,O,04/04/2026 09:02:09 AM
27036A,N,O,04/04/2026 09:14:26 AM
27036B,N,O,04/04/2026 09:50:50 AM
27037A,N,O,04/04/2026 08:57:42 AM
27037B,N,O,04/04/2026 08:57:46 AM
27038A,N,O,04/03/2026 07:11:10 PM
27038B,N,O,04/03/2026 07:22:45 PM
27039B,N,O,04/04/2026 09:35:42 AM
27040A,N,O,04/04/2026 09:15:50 AM
27040B,N,O,04/03/2026 08:49:44 PM
27041A,N,O,04/04/2026 08:58:58 AM
27041B,N,V,04/04/2026 09:44:11 AM
27042A,N,V,04/04/2026 09:45:05 AM
27042B,N,O,04/04/2026 09:04:46 AM
27043A,N,O,04/04/2026 08:56:41 AM
27043B,N,O,04/04/2026 08:56:41 AM
27044A,N,O,04/04/2026 08:55:51 AM
27044B,N,O,04/04/2026 08:58:02 AM
27045A,N,O,04/04/2026 08:59:41 AM
27046A,N,O,04/03/2026 04:34:21 PM
27046B,N,O,04/04/2026 08:58:50 AM
27047A,N,O,04/04/2026 08:57:53 AM
27047B,N,O,04/04/2026 08:57:49 AM
27048A,N,O,04/03/2026 09:02:50 PM
27048B,N,O,04/04/2026 08:56:54 AM
27049A,N,O,04/04/2026 08:55:50 AM
27049B,N,O,04/04/2026 08:55:54 AM
27050A,N,O,04/04/2026 09:48:57 AM
27050B,N,O,04/04/2026 09:49:33 AM
27051A,N,O,04/04/2026 09:29:43 AM
27051B,N,O,04/04/2026 09:22:12 AM
27052A,N,O,04/04/2026 08:57:55 AM
27052B,N,O,04/04/2026 08:57:55 AM
27053A,N,V,04/04/2026 09:47:41 AM
27053B,N,O,04/04/2026 08:56:50 AM
27054A,N,O,04/04/2026 08:55:50 AM
27054B,N,O,04/04/2026 08:55:57 AM
27055A,N,V,04/04/2026 09:49:39 AM
27055B,N,O,04/04/2026 08:59:55 AM
27056A,N,O,04/04/2026 08:58:48 AM
27057A,N,O,04/03/2026 09:58:20 PM
27057B,N,O,04/03/2026 06:41:41 PM
27058B,N,O,04/03/2026 08:36:41 PM
27060A,N,O,04/04/2026 08:59:46 AM
27060B,N,O,04/04/2026 09:02:47 AM
27061A,N,V,04/04/2026 09:49:27 AM
27061B,N,O,04/04/2026 09:48:21 AM
27062A,N,O,04/04/2026 08:57:52 AM
27062B,N,O,04/04/2026 08:58:00 AM
27063A,N,O,04/03/2026 09:56:46 AM
27063B,N,O,04/03/2026 02:32:46 PM
27064A,N,O,04/03/2026 02:35:10 PM
27065B,N,O,04/03/2026 09:52:38 PM
27066A,N,O,04/03/2026 08:51:44 PM
27066B,N,O,04/03/2026 06:54:03 PM
27067A,N,O,04/03/2026 08:01:50 PM
27067B,N,O,04/03/2026 09:03:58 PM
27068A,N,O,04/03/2026 08:41:42 PM
27068B,N,O,04/03/2026 05:34:43 PM
27069B,N,O,04/03/2026 09:55:55 AM
27070A,N,O,04/03/2026 04:20:49 PM
27070B,N,O,04/03/2026 09:50:38 PM
27071B,N,O,04/03/2026 09:50:00 PM
27072A,N,O,04/04/2026 08:57:45 AM
27072B,N,O,04/04/2026 09:17:10 AM
27073A,N,O,04/03/2026 08:01:35 PM
27073B,N,O,04/03/2026 10:26:47 AM
27074A,N,O,04/03/2026 09:30:46 PM
27074B,N,O,04/03/2026 08:10:51 PM
27075A,N,O,04/03/2026 01:45:23 PM
27075B,N,O,04/03/2026 08:48:19 PM
27076A,N,O,04/03/2026 02:46:50 PM
27076B,N,O,04/03/2026 09:37:09 PM
27077A,N,O,04/03/2026 03:18:07 PM
27078A,N,O,04/03/2026 09:56:50 AM
27078B,N,O,04/03/2026 03:27:54 PM
27079A,N,O,04/04/2026 09:29:16 AM
27079B,N,O,04/04/2026 09:09:32 AM
27080B,N,O,04/04/2026 09:39:31 AM
27081A,NU,O,04/03/2026 08:58:50 AM
27082A,N,O,04/04/2026 08:57:53 AM
27082B,N,O,04/04/2026 08:57:53 AM
27083A,N,O,04/04/2026 08:56:51 AM
27083B,N,O,04/04/2026 08:56:51 AM
27084A,N,O,04/04/2026 08:55:46 AM
27084B,N,O,04/03/2026 08:55:54 AM
27085A,N,O,04/04/2026 08:59:47 AM
27085B,N,O,04/04/2026 08:59:51 AM
27086B,N,O,04/04/2026 08:59:05 AM
27087A,N,O,04/03/2026 07:14:39 PM
27087B,N,O,04/03/2026 06:42:18 PM
27088A,N,O,04/03/2026 08:46:24 PM
27088B,N,O,04/03/2026 08:50:16 PM
27089A,N,O,04/03/2026 09:48:03 PM
27089B,N,O,04/03/2026 09:29:53 PM
27090A,N,O,04/03/2026 01:40:28 PM
27090B,N,O,04/03/2026 09:47:56 PM
27091B,N,O,04/03/2026 02:43:23 PM
27092A,N,O,04/03/2026 01:19:36 PM
27092B,N,O,04/03/2026 05:23:30 PM
27093A,N,O,04/03/2026 07:37:29 PM
27093B,N,O,04/03/2026 09:34:56 PM
27094B,N,O,04/04/2026 08:55:46 AM
27095A,N,O,04/03/2026 02:58:45 PM
27096A,N,O,04/03/2026 03:14:28 PM
27096B,N,O,04/03/2026 05:54:55 PM
27097A,N,O,04/03/2026 09:57:56 AM
27097B,N,O,04/03/2026 05:09:27 PM
27098A,N,O,04/04/2026 08:56:41 AM
27099A,N,O,04/04/2026 09:45:36 AM
27099B,N,O,04/04/2026 08:55:59 AM
27100A,N,O,04/04/2026 08:59:50 AM
27100B,N,O,04/04/2026 09:37:40 AM
27101A,N,O,04/03/2026 09:59:02 AM
27101B,N,O,04/03/2026 09:59:12 AM
27102A,N,O,04/03/2026 08:33:37 PM
27102B,N,O,04/03/2026 05:05:48 PM
27103A,N,O,04/03/2026 02:13:56 PM
27103B,N,O,04/03/2026 09:47:32 PM
27104B,N,V,04/04/2026 09:48:45 AM
27105A,N,O,04/04/2026 08:59:40 AM
27105B,N,O,04/04/2026 08:59:40 AM
27106A,N,O,04/04/2026 09:49:04 AM
27106B,N,O,04/04/2026 08:58:51 AM
27107A,N,O,04/04/2026 08:57:50 AM
27107B,N,O,04/03/2026 08:57:54 AM
27108A,N,O,04/04/2026 09:14:24 AM
27109A,N,O,04/04/2026 09:08:40 AM
27109B,N,O,04/04/2026 08:55:41 AM
27110A,N,O,04/04/2026 08:59:48 AM
27110B,N,O,04/04/2026 08:59:56 AM
27111A,N,O,04/04/2026 08:58:45 AM
27111B,N,O,04/04/2026 08:58:45 AM
27112A,N,V,04/04/2026 09:42:26 AM
27112B,N,V,04/04/2026 08:58:35 AM
27113A,N,O,04/03/2026 09:23:51 AM
27113B,N,V,04/03/2026 06:00:49 PM
27114A,N,O,04/03/2026 08:04:02 PM
27114B,N,O,04/04/2026 08:55:48 AM
27115A,N,O,04/04/2026 08:59:43 AM
27116A,N,O,04/04/2026 08:58:38 AM
27116B,N,O,04/04/2026 08:58:38 AM
27117A,N,V,04/04/2026 08:58:14 AM
27117B,N,O,04/04/2026 09:30:50 AM
27118A,N,O,04/04/2026 08:56:43 AM
27118B,N,O,04/04/2026 08:56:43 AM
27119A,N,O,04/04/2026 08:55:41 AM
27119B,N,O,04/04/2026 08:55:41 AM
27120A,N,O,04/04/2026 08:59:51 AM
27120B,N,V,04/04/2026 09:47:50 AM
27121A,N,O,04/04/2026 08:58:44 AM
27121B,N,O,04/04/2026 09:26:10 AM
27122A,N,V,04/04/2026 09:47:42 AM
27122B,N,O,04/04/2026 09:41:28 AM
27123A,N,V,04/04/2026 09:33:27 AM
27123B,N,O,04/04/2026 09:45:15 AM
27124A,N,O,04/04/2026 09:27:36 AM
27124B,N,O,04/04/2026 09:17:19 AM
27125A,N,O,04/04/2026 09:18:48 AM
27125B,N,O,04/04/2026 08:59:53 AM
27126A,N,O,04/04/2026 08:58:45 AM
27126B,N,O,04/04/2026 08:58:41 AM
27127A,N,O,04/04/2026 08:57:58 AM
27127B,N,O,04/04/2026 08:57:50 AM
27128A,N,O,04/04/2026 08:56:45 AM
27128B,N,O,04/04/2026 09:39:57 AM
27129A,N,O,04/04/2026 08:55:48 AM
27129B,N,O,04/03/2026 08:55:48 AM
27130A,N,O,04/04/2026 09:46:00 AM
27130B,N,O,04/04/2026 09:41:19 AM
27131A,N,O,04/04/2026 09:51:41 AM
27131B,N,O,04/04/2026 09:49:29 AM
27132A,N,O,04/04/2026 09:34:17 AM
27132B,N,V,04/04/2026 09:47:39 AM
27133A,N,O,04/03/2026 06:14:15 PM
27133B,N,O,04/04/2026 08:56:41 AM
27134A,N,O,04/04/2026 08:55:41 AM
27134B,N,O,04/04/2026 08:55:41 AM
27135A,N,O,04/04/2026 08:59:47 AM
27135B,N,V,04/04/2026 09:48:41 AM
27136A,N,O,04/04/2026 08:58:49 AM
27136B,N,O,04/04/2026 08:58:53 AM
27137A,N,O,04/04/2026 09:50:42 AM
27137B,N,O,04/04/2026 08:57:41 AM
27138A,N,O,04/04/2026 08:56:52 AM
27138B,N,O,04/04/2026 08:56:48 AM
27139B,N,O,04/04/2026 09:47:57 AM
27140A,N,O,04/04/2026 08:59:51 AM
27140B,N,O,04/04/2026 09:10:18 AM
27141A,N,O,04/03/2026 06:59:56 PM
27141B,N,O,04/04/2026 08:58:48 AM
27142A,N,O,04/04/2026 08:57:51 AM
27142B,N,O,04/04/2026 08:57:51 AM
27143A,N,V,04/04/2026 09:51:34 AM
27143B,N,V,04/04/2026 09:31:29 AM
27144A,N,V,04/03/2026 09:32:10 PM
27144B,N,O,04/04/2026 08:55:41 AM
27145A,N,O,04/03/2026 05:57:14 PM
27145B,N,O,04/04/2026 09:50:28 AM
27146A,N,O,04/04/2026 08:58:50 AM
27146B,N,O,04/04/2026 09:08:46 AM
27147A,N,V,04/04/2026 09:50:47 AM
27147B,N,V,04/03/2026 08:01:07 PM
27148A,N,O,04/03/2026 07:37:12 PM
27148B,N,O,04/04/2026 08:56:48 AM
27149A,N,V,04/04/2026 09:25:42 AM
27149B,N,O,04/03/2026 08:55:11 PM
27150A,N,O,04/04/2026 08:59:41 AM
27150B,N,O,04/04/2026 08:59:45 AM
27151A,N,V,04/04/2026 09:18:51 AM
27151B,N,V,04/04/2026 09:34:35 AM
27152A,N,V,04/04/2026 09:17:26 AM
27152B,N,V,04/03/2026 06:56:51 PM
27153A,N,O,04/04/2026 09:26:29 AM
27153B,N,V,04/03/2026 08:40:41 PM
27154A,N,V,04/03/2026 09:31:28 PM
27154B,N,O,12/15/2025 03:02:28 PM
27155A,N,O,04/03/2026 08:43:22 PM
27155B,N,O,04/03/2026 08:57:07 PM
27158A,N,O,04/04/2026 08:56:40 AM
27158B,N,O,04/04/2026 08:59:49 AM
27159A,N,O,04/03/2026 01:13:06 PM
27159B,N,O,04/03/2026 02:24:34 PM
27160A,N,O,04/03/2026 05:29:26 PM
27160B,N,O,04/03/2026 03:02:15 PM
27161A,N,O,04/03/2026 03:05:12 PM
27161B,N,O,04/03/2026 06:48:16 PM
27162B,N,O,04/03/2026 06:10:39 PM
27165B,N,O,04/04/2026 08:00:17 AM
27166A,N,O,04/04/2026 08:00:32 AM
27166B,N,O,04/04/2026 09:47:21 AM
27167A,N,O,04/04/2026 08:00:43 AM
27167B,N,O,04/04/2026 08:00:20 AM
27168A,N,O,04/04/2026 08:00:17 AM
27168B,N,O,04/04/2026 08:58:19 AM
27169A,N,O,04/04/2026 08:00:17 AM
27169B,N,O,04/04/2026 08:00:17 AM
27170A,N,O,04/04/2026 08:00:21 AM
27170B,N,O,04/04/2026 09:29:59 AM
27171A,N,O,04/04/2026 08:00:20 AM
27171B,N,O,04/04/2026 08:02:52 AM
27172A,N,O,04/04/2026 08:47:39 AM
27172B,N,O,04/04/2026 08:00:17 AM
27173A,N,O,04/04/2026 08:00:21 AM
27173B,N,O,04/04/2026 08:00:17 AM
27176B,N,O,04/04/2026 08:00:16 AM
27177A,N,V,04/04/2026 09:44:50 AM
27177B,N,O,04/04/2026 08:00:17 AM
27178A,N,O,04/04/2026 09:35:37 AM
27178B,N,O,04/04/2026 08:00:17 AM
27179A,N,O,04/04/2026 08:00:17 AM
27179B,N,O,04/04/2026 08:00:17 AM
27180A,N,O,04/04/2026 09:42:10 AM
27180B,N,O,04/04/2026 09:15:35 AM
27181A,N,O,04/04/2026 08:00:20 AM
27181B,N,O,04/04/2026 08:00:16 AM
27182A,N,O,04/04/2026 08:00:17 AM
27182B,N,O,04/04/2026 08:00:21 AM
27183A,N,O,04/04/2026 08:49:24 AM
27183B,N,V,04/04/2026 09:39:27 AM
27184A,N,O,04/04/2026 08:00:28 AM
27184B,N,O,04/04/2026 08:00:52 AM
27185A,N,V,04/04/2026 09:38:54 AM
27185B,N,O,04/04/2026 08:00:16 AM
27186A,N,O,04/04/2026 08:00:17 AM
27186B,N,O,04/04/2026 08:00:17 AM
27187A,N,O,04/04/2026 08:00:52 AM
27187B,N,O,04/04/2026 08:00:17 AM
27188A,N,V,04/04/2026 09:48:01 AM
27188B,N,O,04/04/2026 08:00:17 AM
27189A,N,V,04/04/2026 08:56:00 AM
27189B,N,O,04/04/2026 08:00:19 AM
27190A,N,O,04/04/2026 08:00:17 AM
27190B,N,O,04/04/2026 08:00:24 AM
27191A,N,O,04/04/2026 09:49:04 AM
27191B,N,O,04/04/2026 08:00:17 AM
27192A,N,O,04/04/2026 09:00:20 AM
27192B,N,O,04/04/2026 09:00:16 AM
27193A,N,O,04/04/2026 09:40:12 AM
27193B,N,V,04/04/2026 09:28:51 AM
27194A,N,O,04/04/2026 09:00:17 AM
27194B,N,O,04/04/2026 09:45:39 AM
27195A,N,O,04/04/2026 09:00:17 AM
27196A,N,O,04/03/2026 09:18:38 PM
27196B,N,V,04/04/2026 09:01:55 AM
27197A,N,V,04/04/2026 09:42:13 AM
27197B,N,V,04/04/2026 09:48:57 AM
27198A,N,O,04/04/2026 08:56:46 AM
27198B,N,O,04/04/2026 08:56:53 AM
27199A,N,O,04/03/2026 05:17:42 PM
27199B,N,O,04/04/2026 08:56:17 AM
27200A,N,O,04/03/2026 06:27:54 PM
27201A,N,O,04/04/2026 08:58:41 AM
27201B,N,O,04/04/2026 09:00:55 AM
27202A,N,O,04/04/2026 08:57:51 AM
27205A,N,V,04/04/2026 09:42:54 AM
27205B,N,V,04/04/2026 09:19:11 AM
27206A,N,O,04/04/2026 08:58:46 AM
27206B,N,O,04/04/2026 08:58:46 AM
27209A,N,O,04/04/2026 08:55:40 AM
27209B,N,O,04/04/2026 08:55:48 AM
27210A,N,O,04/04/2026 08:59:47 AM
27210B,N,O,04/04/2026 08:59:47 AM
27211A,N,O,04/03/2026 08:58:51 AM
27211B,N,V,04/04/2026 09:47:47 AM
27212A,N,O,04/04/2026 08:57:46 AM
27212B,N,O,04/04/2026 08:57:46 AM
27213A,N,O,04/04/2026 08:56:43 AM
27213B,N,O,04/04/2026 08:56:43 AM
27214A,N,O,04/04/2026 08:55:49 AM
27215B,N,O,04/04/2026 08:59:51 AM
27216A,N,O,04/03/2026 08:00:43 PM
27216B,N,O,04/04/2026 08:58:50 AM
27217A,N,O,04/04/2026 09:10:15 AM
27217B,N,O,04/03/2026 06:07:49 PM
27218A,N,O,04/04/2026 08:56:47 AM
27218B,N,V,04/03/2026 02:07:05 PM
27219A,N,O,04/04/2026 08:55:46 AM
27219B,N,V,04/03/2026 11:53:13 AM
27220A,N,V,04/03/2026 08:01:21 PM
27220B,N,O,04/04/2026 08:59:45 AM
27221A,N,O,04/04/2026 08:58:41 AM
27221B,N,V,04/03/2026 09:15:04 AM
27222A,N,O,04/04/2026 08:57:44 AM
27222B,N,V,04/03/2026 02:45:42 PM
27223A,N,V,04/02/2026 06:10:19 PM
27223B,N,O,04/02/2026 07:45:07 PM
27224A,N,O,04/04/2026 08:55:47 AM
27224B,N,O,04/03/2026 04:15:48 PM
27225A,N,O,04/04/2026 08:59:48 AM
27225B,N,O,04/04/2026 09:32:22 AM
27226A,N,O,04/04/2026 08:58:48 AM
27226B,N,O,04/04/2026 08:58:44 AM
27227B,N,O,04/04/2026 08:57:43 AM
27228A,N,O,04/04/2026 08:56:47 AM
27228B,N,O,04/04/2026 08:56:47 AM
27230B,N,O,04/04/2026 08:59:45 AM
27231A,N,O,04/04/2026 08:58:52 AM
27231B,N,O,04/04/2026 08:58:56 AM
27232A,N,V,04/04/2026 09:48:17 AM
27232B,N,O,04/04/2026 09:43:47 AM
27233A,N,V,07/06/2025 09:33:12 AM
27233B,N,O,07/06/2025 09:25:15 AM
27234A,N,O,04/03/2026 08:53:44 PM
27234B,N,V,04/02/2026 05:57:34 PM
27235A,N,V,04/03/2026 06:40:24 PM
27235B,N,O,04/04/2026 09:16:51 AM
27236A,N,O,04/04/2026 09:07:06 AM
27236B,N,O,04/04/2026 08:58:33 AM
27238B,N,V,04/04/2026 09:51:38 AM
27239A,N,O,04/03/2026 09:45:25 PM
27239B,N,O,04/04/2026 08:55:46 AM
27240A,N,O,04/04/2026 09:01:12 AM
27241A,N,V,04/04/2026 09:50:10 AM
27241B,N,O,04/03/2026 08:18:37 PM
27242A,N,O,04/04/2026 08:57:51 AM
27242B,N,O,04/04/2026 08:57:51 AM
27243A,N,O,04/04/2026 08:56:42 AM
27243B,N,V,04/04/2026 09:20:34 AM
27244A,N,O,04/04/2026 08:55:49 AM
27244B,N,V,04/04/2026 09:51:09 AM
27245A,N,O,04/04/2026 08:59:50 AM
27245B,N,V,04/04/2026 09:50:35 AM
27246A,N,O,04/04/2026 08:58:45 AM
27246B,N,O,04/04/2026 08:58:45 AM
27247A,N,O,04/04/2026 09:50:00 AM
27247B,N,O,04/03/2026 06:48:58 PM
27248A,N,O,04/04/2026 09:47:21 AM
27248B,N,V,04/04/2026 09:50:04 AM
27249A,N,O,04/04/2026 08:55:45 AM
27249B,N,O,04/04/2026 08:55:49 AM
27250A,N,O,04/04/2026 08:59:48 AM
27250B,N,O,04/04/2026 08:59:51 AM
27251A,N,O,04/04/2026 09:22:22 AM
27251B,N,O,04/04/2026 08:58:55 AM
27252A,N,O,04/04/2026 08:57:45 AM
27252B,N,V,04/04/2026 09:35:59 AM
27253A,N,V,04/04/2026 09:49:44 AM
27253B,N,O,04/04/2026 08:56:40 AM
27254A,N,O,04/03/2026 07:00:03 PM
27254B,N,O,04/04/2026 08:58:48 AM
27255A,N,O,04/03/2026 05:35:53 PM
27255B,N,O,04/04/2026 08:59:45 AM
27256A,N,O,04/03/2026 05:17:38 PM
27256B,N,O,04/04/2026 08:58:46 AM
27257A,N,V,04/04/2026 09:51:38 AM
27257B,N,O,04/04/2026 08:57:39 AM
27258A,N,O,04/03/2026 02:48:55 PM
27258B,N,V,04/04/2026 09:47:23 AM
27259A,N,V,04/04/2026 09:09:04 AM
27259B,N,O,04/04/2026 08:55:48 AM
27260A,N,O,04/03/2026 09:59:37 PM
27260B,N,V,04/04/2026 09:39:24 AM
27261A,N,O,04/03/2026 04:56:45 PM
27261B,N,O,04/03/2026 07:59:04 PM
27262A,N,O,04/04/2026 08:57:53 AM
27262B,N,O,04/04/2026 08:57:46 AM
27263A,N,O,04/03/2026 07:56:53 PM
27263B,N,O,04/03/2026 06:14:30 PM
27264A,N,V,04/04/2026 09:51:23 AM
27264B,N,V,04/04/2026 08:58:54 AM
27265A,N,V,04/04/2026 09:45:06 AM
27265B,N,V,04/04/2026 09:41:39 AM
27266A,N,V,04/04/2026 09:34:18 AM
27266B,N,O,04/04/2026 08:58:46 AM
27267A,N,V,04/04/2026 09:13:07 AM
27267B,N,O,04/04/2026 08:57:46 AM
27268A,N,O,04/04/2026 09:44:42 AM
27268B,N,V,04/04/2026 09:45:26 AM
27270A,N,O,04/04/2026 08:59:44 AM
27270B,N,O,04/03/2026 08:59:43 AM
27271A,N,O,04/04/2026 08:58:50 AM
27271B,N,O,04/03/2026 07:10:27 PM
27272A,N,V,04/04/2026 09:10:15 AM
27272B,N,O,04/04/2026 08:57:51 AM
27273A,N,O,04/03/2026 06:36:56 PM
27273B,N,O,04/03/2026 08:11:24 PM
27274A,N,O,04/03/2026 03:47:19 PM
27274B,N,V,04/04/2026 09:51:41 AM
27275A,N,O,04/04/2026 08:59:49 AM
27275B,N,O,04/03/2026 07:52:52 PM
27276A,N,O,04/03/2026 09:33:45 PM
27276B,N,V,04/03/2026 09:48:36 PM
27277A,N,V,04/04/2026 09:47:05 AM
27277B,N,O,04/03/2026 06:37:47 PM
27278A,N,O,04/03/2026 08:44:37 PM
27278B,N,O,04/03/2026 08:21:42 PM
27279A,N,V,04/03/2026 09:24:56 PM
27279B,N,O,04/04/2026 08:55:44 AM
27280A,N,V,04/03/2026 08:51:28 PM
27280B,N,O,04/04/2026 08:59:46 AM
27281A,N,V,04/04/2026 09:04:03 AM
27281B,N,O,04/04/2026 08:58:49 AM
27282A,N,O,04/04/2026 08:57:53 AM
27282B,N,V,04/04/2026 09:04:55 AM
27283A,N,O,04/04/2026 08:56:50 AM
27283B,N,O,04/03/2026 07:35:50 PM
27284B,N,V,04/04/2026 09:42:38 AM
27288A,NU,O,04/03/2026 09:56:33 PM
27288B,NU,O,04/03/2026 09:56:37 PM
27289A,NU,V,04/03/2026 09:50:09 PM
27289B,NU,V,04/03/2026 08:53:52 PM
2728B,N,V,04/04/2026 09:49:33 AM
27290A,NU,V,04/03/2026 09:51:31 PM
27290B,NU,V,04/03/2026 09:02:48 PM
27291A,NU,V,04/03/2026 07:55:37 PM
27293A,NU,V,04/03/2026 09:59:59 PM
27293B,NU,V,04/03/2026 09:06:00 PM
27294A,NU,V,04/03/2026 09:59:22 PM
27294B,NU,O,04/03/2026 09:19:03 PM
27295A,NU,V,04/03/2026 09:59:35 PM
27295B,NU,V,04/03/2026 06:48:28 PM
27296A,NU,O,04/03/2026 06:21:17 PM
27296B,NU,V,04/03/2026 09:05:58 PM
27297A,NU,V,04/03/2026 09:59:54 PM
27297B,NU,V,04/03/2026 09:54:03 PM
27298A,NU,O,04/03/2026 09:59:54 PM
27298B,NU,V,04/02/2026 07:17:06 PM
27299A,NU,V,04/03/2026 07:28:56 PM
27299B,NU,O,04/02/2026 05:28:19 PM
2729A,N,O,04/04/2026 08:55:46 AM
2729B,N,O,04/04/2026 08:55:46 AM
27300A,NU,O,04/02/2026 07:04:56 PM
27300B,NU,V,04/02/2026 07:54:19 PM
27301A,N,O,04/03/2026 01:40:30 PM
27301B,N,O,04/03/2026 03:15:56 PM
27302A,N,O,04/03/2026 10:27:48 AM
27302B,N,O,04/03/2026 04:58:38 PM
27303A,N,O,04/03/2026 10:26:58 AM
27303B,N,O,04/03/2026 06:51:54 PM
27304A,N,O,04/03/2026 10:25:50 AM
27304B,N,O,04/03/2026 09:59:15 PM
27305A,N,O,04/03/2026 05:28:43 PM
27305B,N,O,04/03/2026 02:06:25 PM
27306A,N,O,04/03/2026 02:03:07 PM
27307A,N,O,04/04/2026 08:57:49 AM
27307B,N,V,04/04/2026 09:50:00 AM
27308A,N,O,04/03/2026 09:48:53 PM
27308B,N,O,04/04/2026 09:43:02 AM
27309A,N,O,04/04/2026 08:55:39 AM
27309B,N,O,04/04/2026 09:49:41 AM
2730A,N,O,04/04/2026 09:01:04 AM
2730B,N,O,04/04/2026 09:51:28 AM
27310A,N,O,04/04/2026 08:59:45 AM
27310B,N,V,04/04/2026 09:31:26 AM
27311A,N,O,04/04/2026 08:58:48 AM
27311B,N,O,04/04/2026 09:40:11 AM
27312A,N,O,04/04/2026 09:09:28 AM
27312B,N,O,04/04/2026 09:22:00 AM
27313A,N,O,04/04/2026 08:56:44 AM
27313B,N,V,04/04/2026 09:19:48 AM
27314A,N,V,04/04/2026 09:51:27 AM
27314B,N,O,04/04/2026 09:50:40 AM
27315A,N,O,04/04/2026 09:43:50 AM
27315B,N,O,04/04/2026 08:59:48 AM
27316A,N,O,04/04/2026 08:58:54 AM
27316B,N,V,04/04/2026 09:07:17 AM
27317A,N,O,04/04/2026 09:41:45 AM
27317B,N,O,04/04/2026 08:57:51 AM
27318A,N,V,04/04/2026 09:08:04 AM
27318B,N,O,04/04/2026 08:56:45 AM
27319B,N,V,04/04/2026 09:08:40 AM
2731A,N,V,04/04/2026 09:50:44 AM
2731B,N,O,04/04/2026 08:58:53 AM
27320A,N,O,04/04/2026 08:59:55 AM
27320B,N,V,04/04/2026 09:30:37 AM
27321A,N,O,04/04/2026 08:58:49 AM
27321B,N,V,04/04/2026 09:48:02 AM
27322A,N,V,04/04/2026 09:33:46 AM
27322B,N,V,04/04/2026 09:46:24 AM
27323A,N,O,04/04/2026 09:31:27 AM
27323B,N,V,04/04/2026 09:42:43 AM
27326A,N,O,04/04/2026 09:50:31 AM
27326B,N,O,04/04/2026 09:51:02 AM
27327A,NU,O,04/04/2026 08:57:46 AM
27327B,NU,O,04/04/2026 08:57:46 AM
27328A,N,O,04/04/2026 08:56:42 AM
27328B,N,O,04/04/2026 08:56:53 AM
27329A,N,O,04/04/2026 08:55:49 AM
27329B,N,O,04/02/2026 04:59:49 PM
2732A,N,O,04/04/2026 08:57:46 AM
2732B,N,O,04/04/2026 08:57:55 AM
27330A,N,O,04/04/2026 08:59:55 AM
27330B,N,O,04/03/2026 08:59:57 AM
27331A,N,V,04/04/2026 09:48:59 AM
27331B,N,O,04/04/2026 08:58:39 AM
27332A,N,O,04/04/2026 08:57:44 AM
27332B,N,O,04/04/2026 08:57:44 AM
27333A,N,O,04/04/2026 08:57:02 AM
27333B,N,O,04/04/2026 08:56:54 AM
27334A,N,O,04/04/2026 08:55:48 AM
27334B,N,O,04/04/2026 08:56:13 AM
27335A,N,O,04/04/2026 08:59:47 AM
27335B,N,O,04/04/2026 08:59:47 AM
27336A,N,O,04/03/2026 08:58:54 AM
27336B,N,O,04/04/2026 08:58:41 AM
27337A,N,V,04/02/2026 04:22:09 PM
27337B,N,V,04/04/2026 09:08:40 AM
27338A,N,O,04/03/2026 04:35:55 PM
27338B,N,V,07/29/2025 01:59:24 PM
27339A,N,V,04/04/2026 09:11:19 AM
27339B,N,O,04/03/2026 06:31:45 PM
2733A,N,O,04/03/2026 03:56:31 PM
2733B,N,O,04/03/2026 02:17:49 PM
27340A,N,V,04/02/2026 07:53:44 PM
27340B,N,O,04/03/2026 09:04:24 PM
27341A,N,V,04/03/2026 01:11:40 PM
27341B,N,V,04/03/2026 03:32:27 PM
27342A,N,V,04/03/2026 01:40:59 PM
27342B,N,O,04/03/2026 09:53:09 PM
27343A,N,V,04/03/2026 06:11:22 PM
27343B,N,O,04/03/2026 09:28:04 PM
27344A,N,V,04/03/2026 09:28:13 AM
27344B,N,V,04/04/2026 09:12:27 AM
27345A,N,V,04/03/2026 09:29:53 AM
27345B,N,V,04/03/2026 09:55:42 PM
27346A,N,V,04/03/2026 07:02:23 PM
27346B,N,V,04/03/2026 08:45:26 PM
27347A,N,O,04/04/2026 08:57:54 AM
27347B,N,O,04/04/2026 09:42:23 AM
27348A,N,O,04/02/2026 06:56:50 AM
27348B,N,O,04/04/2026 08:56:44 AM
27349A,N,O,04/04/2026 08:55:41 AM
27349B,N,O,04/03/2026 02:09:54 PM
27350A,N,O,04/04/2026 08:59:44 AM
27350B,N,O,04/04/2026 08:59:51 AM
27351A,N,V,04/04/2026 09:50:26 AM
27351B,N,O,04/03/2026 07:46:11 PM
27352A,N,O,04/04/2026 08:58:16 AM
27352B,N,O,04/03/2026 08:11:51 PM
27353A,N,V,04/03/2026 08:16:31 PM
27353B,N,V,02/12/2026 08:18:45 AM
27354A,N,V,04/04/2026 08:58:21 AM
27354B,N,O,04/03/2026 09:15:14 PM
27355A,N,V,04/04/2026 09:16:17 AM
27355B,N,O,04/04/2026 08:59:45 AM
27356A,N,V,04/03/2026 04:34:22 PM
27356B,N,O,04/04/2026 08:58:44 AM
27357A,N,O,04/03/2026 08:15:08 PM
27357B,N,O,04/03/2026 04:28:26 PM
27358A,N,O,04/03/2026 04:48:07 PM
27358B,N,O,04/04/2026 09:44:46 AM
27359A,N,O,04/03/2026 06:33:00 PM
27359B,N,O,04/04/2026 08:55:49 AM
27360A,N,O,04/04/2026 08:59:52 AM
27360B,N,O,04/04/2026 08:59:48 AM
27361A,N,O,04/04/2026 08:58:48 AM
27361B,N,V,04/03/2026 09:54:18 PM
27362A,N,O,04/03/2026 05:00:15 PM
27362B,N,O,04/03/2026 05:46:10 PM
27367A,N,O,04/04/2026 08:57:45 AM
27367B,N,V,04/04/2026 09:29:43 AM
27368A,N,O,04/03/2026 04:48:08 PM
27368B,N,V,04/04/2026 09:46:55 AM
27369A,N,O,04/03/2026 09:31:19 PM
27369B,N,O,04/04/2026 08:55:46 AM
27370A,N,O,04/04/2026 08:59:47 AM
27370B,N,O,04/03/2026 07:05:02 PM
27371A,N,O,04/03/2026 04:53:15 PM
27371B,N,V,04/04/2026 09:50:59 AM
27372A,N,O,04/04/2026 08:58:19 AM
27372B,N,O,04/04/2026 08:57:44 AM
27373A,N,O,04/04/2026 08:56:46 AM
27373B,N,O,04/03/2026 06:51:46 PM
27374A,N,O,04/04/2026 08:55:39 AM
27374B,N,V,04/04/2026 09:51:31 AM
27375A,N,O,04/04/2026 08:59:45 AM
27375B,N,O,04/04/2026 08:59:45 AM
27376A,N,O,04/04/2026 08:58:45 AM
27377A,N,O,04/04/2026 09:42:31 AM
27377B,N,V,04/04/2026 09:27:52 AM
27378A,N,V,04/04/2026 09:40:30 AM
27378B,N,V,04/04/2026 09:02:57 AM
27379A,N,V,04/04/2026 09:34:43 AM
27379B,N,V,04/04/2026 09:47:51 AM
2737A,N,O,04/04/2026 08:57:39 AM
27381B,N,O,04/04/2026 08:58:51 AM
27382A,N,V,04/04/2026 09:40:57 AM
27382B,N,O,04/04/2026 08:57:51 AM
27383A,N,O,04/04/2026 09:50:46 AM
27383B,N,O,04/04/2026 08:56:48 AM
27384A,N,O,04/04/2026 08:55:39 AM
27384B,N,O,04/04/2026 09:48:03 AM
27385A,N,V,04/04/2026 09:50:13 AM
27385B,N,V,04/04/2026 09:35:20 AM
27386A,N,O,04/03/2026 04:18:42 PM
27386B,N,O,04/04/2026 09:05:18 AM
27387A,N,O,04/03/2026 05:45:46 PM
27387B,N,O,04/03/2026 06:37:33 PM
27388A,N,O,04/04/2026 09:14:10 AM
27388B,N,O,04/04/2026 08:56:44 AM
27389A,N,O,04/03/2026 09:51:38 PM
27389B,N,O,04/04/2026 09:19:21 AM
2738A,N,O,04/04/2026 08:56:48 AM
2738B,N,O,04/04/2026 08:56:48 AM
27390B,N,O,04/04/2026 08:59:46 AM
27391A,N,V,04/02/2026 07:30:51 PM
27391B,N,V,04/02/2026 08:00:03 PM
27392A,N,O,04/02/2026 05:01:31 PM
27392B,N,O,04/02/2026 06:46:16 PM
27393A,N,O,04/02/2026 04:58:49 PM
27393B,N,O,04/02/2026 05:42:31 PM
27394A,N,V,04/02/2026 07:59:58 PM
27394B,N,O,04/02/2026 02:11:27 PM
27395A,N,O,04/02/2026 12:57:16 PM
27395B,N,O,04/02/2026 06:58:37 PM
27396A,N,O,04/02/2026 08:13:25 AM
27396B,N,O,04/02/2026 03:50:34 PM
27397A,N,V,04/02/2026 07:59:08 PM
27397B,N,O,04/02/2026 06:57:41 AM
27398A,N,O,04/02/2026 07:47:44 PM
27398B,N,O,04/02/2026 05:57:12 PM
27399B,N,O,04/02/2026 06:05:10 PM
2739A,N,O,04/04/2026 09:40:58 AM
2739B,N,O,04/04/2026 08:55:43 AM
27400A,N,O,04/02/2026 06:08:30 PM
27400B,N,O,04/02/2026 06:30:15 PM
27403B,N,O,04/04/2026 08:56:44 AM
27404A,N,O,04/04/2026 08:55:52 AM
27405B,N,O,04/04/2026 08:59:52 AM
27406A,N,O,04/04/2026 08:58:58 AM
27406B,N,O,04/04/2026 08:58:47 AM
27408B,N,O,04/03/2026 06:14:08 PM
27409A,N,O,04/03/2026 05:27:36 PM
27409B,N,O,04/03/2026 03:00:58 PM
2740A,N,O,04/04/2026 08:59:54 AM
2740B,N,O,04/04/2026 08:59:54 AM
27410A,N,O,04/03/2026 03:52:51 PM
27410B,N,O,04/03/2026 02:13:18 PM
27412B,N,O,04/04/2026 08:57:52 AM
27413B,N,O,04/04/2026 08:56:47 AM
27415B,N,O,04/04/2026 09:51:09 AM
27416A,N,O,04/03/2026 10:28:54 AM
27416B,N,O,04/03/2026 10:28:44 AM
27417A,N,O,04/03/2026 06:55:37 PM
27417B,N,O,04/04/2026 08:57:40 AM
27418B,N,O,04/04/2026 08:56:47 AM
27419A,N,O,04/04/2026 09:42:36 AM
27419B,N,O,04/04/2026 08:55:43 AM
2741A,N,V,04/04/2026 09:49:48 AM
2741B,N,V,04/04/2026 09:50:01 AM
27420A,N,O,04/04/2026 09:27:00 AM
27420B,N,O,04/04/2026 08:59:44 AM
27421A,N,O,04/04/2026 08:58:43 AM
27421B,N,O,04/03/2026 06:14:13 PM
27426B,N,O,04/04/2026 08:58:48 AM
27427A,N,O,04/04/2026 09:51:39 AM
27427B,N,V,04/04/2026 09:50:56 AM
27428A,N,O,04/04/2026 08:56:50 AM
27428B,N,O,04/03/2026 06:00:36 PM
27429A,N,V,04/04/2026 09:51:20 AM
27429B,N,O,04/04/2026 08:55:45 AM
2742A,N,O,04/04/2026 09:22:42 AM
2742B,N,O,04/04/2026 09:48:29 AM
27430A,N,O,04/03/2026 07:26:34 PM
27430B,N,O,04/03/2026 09:38:27 PM
27431A,N,V,04/04/2026 09:50:31 AM
27431B,N,O,04/03/2026 02:10:13 PM
27432A,N,O,04/04/2026 08:57:46 AM
27432B,N,O,04/04/2026 08:57:46 AM
27433A,N,O,04/04/2026 09:28:33 AM
27433B,N,O,04/04/2026 09:17:21 AM
27434A,N,V,04/04/2026 09:47:54 AM
27434B,N,O,04/04/2026 09:31:49 AM
27435A,N,O,04/04/2026 08:59:43 AM
27435B,N,O,04/04/2026 08:59:43 AM
27436A,N,O,04/04/2026 09:36:59 AM
27436B,N,O,04/04/2026 08:59:02 AM
27437A,N,O,04/04/2026 09:08:47 AM
27437B,N,O,04/04/2026 09:41:58 AM
27438A,N,O,04/04/2026 08:56:37 AM
27438B,N,O,04/04/2026 09:50:41 AM
27439A,N,O,04/04/2026 09:10:40 AM
27439B,N,V,04/04/2026 09:49:24 AM
27440A,N,O,04/04/2026 08:59:45 AM
27440B,N,V,04/04/2026 09:31:45 AM
27441A,N,O,04/04/2026 08:58:44 AM
27442B,N,V,04/04/2026 09:35:25 AM
27443A,N,O,04/04/2026 08:57:41 AM
27443B,N,V,04/04/2026 09:26:48 AM
27444A,N,V,04/04/2026 09:39:18 AM
27444B,N,V,04/04/2026 09:44:58 AM
27445A,N,V,04/04/2026 09:46:44 AM
27445B,N,V,04/04/2026 09:50:43 AM
27446A,N,O,04/04/2026 08:58:49 AM
27446B,N,V,04/04/2026 09:51:09 AM
27447A,N,O,04/04/2026 09:23:16 AM
27447B,N,O,04/04/2026 09:06:20 AM
27448A,N,O,04/04/2026 08:56:45 AM
27448B,N,O,04/04/2026 09:31:11 AM
27449A,N,V,04/04/2026 09:35:36 AM
27449B,N,V,04/04/2026 09:35:20 AM
27450A,N,O,04/04/2026 08:59:43 AM
27450B,N,V,04/04/2026 09:42:20 AM
27451A,N,O,04/04/2026 08:58:45 AM
27452A,N,O,04/04/2026 08:57:50 AM
27452B,N,V,04/04/2026 09:21:39 AM
27453A,N,O,04/04/2026 09:32:59 AM
27453B,N,O,04/04/2026 09:32:36 AM
27454A,N,O,04/03/2026 09:16:47 PM
27454B,N,O,04/04/2026 08:55:40 AM
27455A,N,O,04/04/2026 08:59:51 AM
27455B,N,V,04/04/2026 09:16:41 AM
27456A,N,O,04/04/2026 08:58:55 AM
27456B,N,O,04/04/2026 08:58:51 AM
27457A,N,O,04/04/2026 09:30:14 AM
27457B,N,V,04/03/2026 09:34:34 PM
27458A,N,V,04/04/2026 09:15:34 AM
27458B,N,V,04/04/2026 09:42:07 AM
27459A,N,V,04/04/2026 09:47:32 AM
27459B,N,V,04/03/2026 09:58:29 PM
27460A,N,V,04/03/2026 08:56:19 PM
27460B,N,O,04/04/2026 08:59:49 AM
27461A,N,O,04/03/2026 09:58:29 PM
27461B,N,V,04/04/2026 09:27:18 AM
27462A,N,V,04/03/2026 10:02:33 AM
27462B,N,O,04/03/2026 09:57:42 AM
27463A,N,O,04/03/2026 09:56:48 AM
27463B,N,O,04/03/2026 04:20:05 PM
27464A,N,O,04/03/2026 04:07:59 PM
27465A,N,O,04/04/2026 08:59:39 AM
27465B,N,O,04/04/2026 09:51:43 AM
27466A,N,O,04/04/2026 08:58:40 AM
27466B,N,O,04/04/2026 08:58:40 AM
27467A,N,O,04/04/2026 09:32:17 AM
27467B,N,O,04/04/2026 08:57:51 AM
27468A,N,O,04/04/2026 09:46:12 AM
27468B,N,O,04/04/2026 09:42:18 AM
27470B,N,O,04/04/2026 08:59:51 AM
27471A,N,O,04/04/2026 09:18:44 AM
27471B,N,O,04/04/2026 09:41:28 AM
27472A,N,O,04/04/2026 08:57:48 AM
27472B,N,V,04/04/2026 09:46:27 AM
27473A,N,V,04/04/2026 09:46:10 AM
27473B,N,O,04/03/2026 08:35:41 PM
27474A,N,O,04/04/2026 09:09:26 AM
27475A,N,O,04/04/2026 09:14:48 AM
27475B,N,O,04/04/2026 09:37:59 AM
27476A,N,O,04/04/2026 08:58:53 AM
27476B,N,O,04/04/2026 09:34:42 AM
27477A,N,O,04/04/2026 08:57:46 AM
27477B,N,O,04/04/2026 08:57:50 AM
27478A,N,O,04/04/2026 09:48:15 AM
27478B,N,O,04/04/2026 08:56:46 AM
27479A,N,O,04/04/2026 08:55:47 AM
27479B,N,O,04/04/2026 08:55:47 AM
27480A,N,O,04/04/2026 08:59:45 AM
27480B,N,V,04/04/2026 09:45:46 AM
27481B,N,O,04/04/2026 08:58:52 AM
27482A,N,O,04/04/2026 09:19:23 AM
27482B,N,O,04/04/2026 09:02:20 AM
27483A,N,O,04/04/2026 08:05:27 AM
27483B,N,O,04/04/2026 09:27:15 AM
27484A,N,V,04/04/2026 09:47:28 AM
27484B,N,O,04/04/2026 07:55:48 AM
27485A,N,O,04/04/2026 09:01:15 AM
27485B,N,O,04/04/2026 08:47:08 AM
27486A,N,O,04/04/2026 07:58:49 AM
27486B,N,O,04/04/2026 08:51:49 AM
27488A,N,O,04/04/2026 09:15:17 AM
27488B,N,O,04/03/2026 09:58:21 PM
27489A,N,O,04/04/2026 08:55:55 AM
27489B,N,O,04/04/2026 08:55:48 AM
27490A,N,V,04/03/2026 09:45:33 PM
27490B,N,O,04/04/2026 08:59:41 AM
27491A,N,V,04/04/2026 09:51:45 AM
27491B,N,V,04/02/2026 05:51:07 PM
27492A,N,O,04/04/2026 08:57:46 AM
27492B,N,V,04/03/2026 03:09:56 PM
27493A,N,O,04/04/2026 09:20:07 AM
27493B,N,V,04/03/2026 09:17:26 PM
27494A,N,V,04/03/2026 08:10:41 PM
27494B,N,V,04/03/2026 06:48:30 PM
27495A,N,V,04/03/2026 06:48:57 PM
27495B,N,V,04/03/2026 06:01:35 PM
27496B,N,V,04/03/2026 04:13:50 PM
27497A,N,V,04/03/2026 09:09:52 PM
27497B,N,V,04/03/2026 09:46:23 PM
27498A,N,V,04/03/2026 01:52:10 PM
27498B,N,O,04/03/2026 09:28:03 PM
27499A,N,V,04/04/2026 09:07:23 AM
27499B,N,V,04/04/2026 09:09:35 AM
27500B,N,V,04/03/2026 12:09:54 PM
27501A,N,O,04/03/2026 08:58:42 AM
27501B,N,O,04/04/2026 09:51:15 AM
27502A,N,O,04/04/2026 08:57:51 AM
27502B,N,O,04/04/2026 08:57:51 AM
27503A,N,O,04/04/2026 08:56:38 AM
27503B,N,O,04/04/2026 08:56:38 AM
27504A,N,O,04/04/2026 08:55:49 AM
27504B,N,O,04/04/2026 08:55:49 AM
27505A,N,O,04/04/2026 08:59:46 AM
27505B,N,O,04/04/2026 08:59:49 AM
27506A,N,O,04/03/2026 08:37:21 PM
27506B,N,O,04/04/2026 08:58:44 AM
27507A,N,O,04/04/2026 08:57:47 AM
27507B,N,O,04/04/2026 08:57:47 AM
27508A,N,O,04/04/2026 09:51:02 AM
27508B,N,V,04/04/2026 09:33:19 AM
27509A,N,O,04/03/2026 06:50:19 PM
27509B,N,O,04/04/2026 09:14:52 AM
27510A,N,O,04/04/2026 08:59:55 AM
27510B,N,O,04/04/2026 08:59:55 AM
27511A,N,V,04/04/2026 09:49:37 AM
27511B,N,V,04/04/2026 09:43:49 AM
27512A,N,O,04/04/2026 08:57:46 AM
27512B,N,V,04/04/2026 09:39:41 AM
27513A,N,V,04/04/2026 09:36:16 AM
27513B,N,O,04/04/2026 08:56:49 AM
27514A,N,O,04/04/2026 09:06:21 AM
27514B,N,O,04/04/2026 08:55:39 AM
27515A,N,O,04/04/2026 08:59:49 AM
27515B,N,O,04/03/2026 06:51:44 PM
27516A,N,O,04/04/2026 08:58:49 AM
27516B,N,O,04/04/2026 08:58:49 AM
27517A,N,O,04/04/2026 09:51:39 AM
27517B,N,O,04/03/2026 09:43:53 PM
27518A,N,O,04/04/2026 08:56:44 AM
27518B,N,V,04/03/2026 09:56:24 PM
27519A,N,O,04/04/2026 08:55:48 AM
2751A,N,O,04/03/2026 09:39:16 PM
27521B,N,O,04/04/2026 08:58:53 AM
27522A,N,O,04/04/2026 08:57:41 AM
27522B,N,V,04/04/2026 09:19:27 AM
27523A,N,O,04/04/2026 09:32:11 AM
27523B,N,O,04/03/2026 09:43:18 PM
27524A,N,V,04/04/2026 09:39:24 AM
27524B,N,O,04/04/2026 08:55:47 AM
27525A,N,V,04/04/2026 09:44:37 AM
27525B,N,O,04/04/2026 08:59:48 AM
27526A,N,O,04/04/2026 08:58:45 AM
27526B,N,V,04/03/2026 11:26:32 AM
27527A,N,V,04/04/2026 09:23:21 AM
27527B,N,V,04/03/2026 09:39:08 PM
27528A,N,O,04/04/2026 08:56:46 AM
27528B,N,V,04/03/2026 07:14:49 PM
27529A,N,O,04/04/2026 08:55:38 AM
27529B,N,V,04/03/2026 08:30:35 PM
2752A,N,V,04/03/2026 09:59:51 PM
2752B,N,O,04/03/2026 10:27:56 AM
27530A,N,V,04/04/2026 09:11:34 AM
27530B,N,O,04/04/2026 08:59:58 AM
27531A,N,V,04/04/2026 09:03:25 AM
27531B,N,O,04/04/2026 09:24:11 AM
27532A,N,O,04/04/2026 09:15:38 AM
27532B,N,V,04/04/2026 09:07:58 AM
27533A,N,V,04/04/2026 09:45:54 AM
27533B,N,O,04/04/2026 09:51:08 AM
27534A,N,O,04/04/2026 08:55:54 AM
27534B,N,O,04/04/2026 08:55:46 AM
27535A,N,O,04/04/2026 09:00:04 AM
27535B,N,O,04/04/2026 08:59:38 AM
27536A,N,O,04/04/2026 08:58:43 AM
27536B,N,O,04/04/2026 08:58:50 AM
27537A,N,O,04/04/2026 08:58:19 AM
27537B,N,O,04/04/2026 09:51:15 AM
27538A,N,O,04/04/2026 09:36:25 AM
27538B,N,O,04/04/2026 09:10:44 AM
27539A,N,O,04/04/2026 08:55:55 AM
27539B,N,O,04/04/2026 09:49:37 AM
2753A,N,O,04/03/2026 09:49:27 PM
2753B,N,O,04/03/2026 07:48:39 PM
27541B,N,O,04/04/2026 08:58:41 AM
27542A,N,O,04/04/2026 08:57:51 AM
27542B,N,O,04/04/2026 08:57:51 AM
27543A,N,O,04/04/2026 08:56:50 AM
27543B,N,V,04/04/2026 09:30:46 AM
27544A,N,O,04/03/2026 04:53:26 PM
27544B,N,O,04/04/2026 08:55:51 AM
27545A,N,O,04/03/2026 05:53:28 PM
27545B,N,O,04/04/2026 08:59:44 AM
27546A,N,O,04/04/2026 08:58:41 AM
27546B,N,O,04/04/2026 08:58:41 AM
27547A,N,O,04/04/2026 08:57:42 AM
27547B,N,O,04/04/2026 08:57:42 AM
27548B,N,O,04/03/2026 07:48:18 PM
27549A,N,O,04/04/2026 08:55:50 AM
27549B,N,O,04/03/2026 09:33:07 PM
2754A,N,V,04/03/2026 09:03:50 PM
2754B,N,V,04/03/2026 09:15:58 PM
27550A,N,O,04/04/2026 09:00:52 AM
27550B,N,V,04/03/2026 08:27:45 PM
27551A,N,O,04/03/2026 06:33:32 PM
27552A,N,O,04/04/2026 08:57:51 AM
27552B,N,O,04/03/2026 07:14:54 PM
27553A,N,V,04/04/2026 09:04:21 AM
27553B,N,V,04/04/2026 09:06:26 AM
27556A,N,O,04/03/2026 07:24:57 PM
27556B,N,O,04/03/2026 06:09:03 PM
27557A,N,O,04/03/2026 08:06:23 PM
27557B,N,O,04/03/2026 07:42:50 PM
27558A,N,O,04/04/2026 08:56:44 AM
27558B,N,O,04/04/2026 08:56:44 AM
27559A,N,O,04/04/2026 08:55:46 AM
27559B,N,V,04/03/2026 08:35:36 PM
2755A,N,O,04/03/2026 08:36:33 PM
2755B,N,V,04/03/2026 09:57:44 PM
27560A,N,V,04/04/2026 09:34:17 AM
27560B,N,O,04/04/2026 08:59:47 AM
27561A,N,V,04/04/2026 09:46:02 AM
27561B,N,O,04/03/2026 09:29:03 PM
27562A,N,V,04/04/2026 09:06:12 AM
27562B,N,V,04/04/2026 09:01:24 AM
27563A,N,V,04/03/2026 09:38:44 PM
27563B,N,V,04/04/2026 09:46:45 AM
27564A,N,V,04/04/2026 09:48:03 AM
27564B,N,O,04/03/2026 08:32:49 PM
27565A,N,O,04/03/2026 07:32:56 PM
27565B,N,O,04/04/2026 08:59:40 AM
27566A,N,O,04/03/2026 05:57:52 PM
27566B,N,O,04/04/2026 08:58:44 AM
27567A,N,V,04/04/2026 09:27:00 AM
27567B,N,O,04/03/2026 08:44:29 PM
27568A,N,V,04/04/2026 09:23:58 AM
27568B,N,O,04/04/2026 08:56:39 AM
27569B,N,V,04/04/2026 09:24:01 AM
2756A,N,V,04/03/2026 09:28:16 PM
2756B,N,V,04/03/2026 09:45:56 PM
27570A,N,O,04/04/2026 09:47:58 AM
27570B,N,O,04/04/2026 09:47:58 AM
27571A,N,O,04/04/2026 09:51:40 AM
27571B,N,O,04/04/2026 09:40:10 AM
27572A,N,O,04/04/2026 09:29:50 AM
27572B,N,V,04/04/2026 09:43:47 AM
27573A,N,V,04/04/2026 09:35:22 AM
27573B,N,O,04/04/2026 08:56:44 AM
27574B,N,O,04/04/2026 08:55:52 AM
27575A,N,V,04/03/2026 09:59:23 PM
27575B,N,O,04/03/2026 08:16:28 PM
27576A,N,O,04/04/2026 09:44:51 AM
27576B,N,O,04/04/2026 08:58:47 AM
27577A,N,O,04/04/2026 08:57:41 AM
27578A,N,O,04/03/2026 04:26:03 PM
27578B,N,O,04/03/2026 05:37:34 PM
27579A,N,O,04/04/2026 08:55:51 AM
27579B,N,V,04/04/2026 09:38:55 AM
27580A,N,V,04/04/2026 09:23:49 AM
27581A,N,O,04/03/2026 06:38:39 PM
27581B,N,O,04/04/2026 08:58:40 AM
27582A,N,V,04/04/2026 08:59:44 AM
27582B,N,O,04/03/2026 05:54:57 PM
27583A,N,O,04/04/2026 08:56:42 AM
27587A,N,O,04/04/2026 09:41:20 AM
27587B,N,O,04/04/2026 08:57:51 AM
27588A,N,O,04/03/2026 06:04:15 PM
27588B,N,V,04/04/2026 09:39:53 AM
27589A,N,O,04/03/2026 05:32:48 PM
2758A,N,O,04/04/2026 09:25:15 AM
2758B,N,O,04/04/2026 08:56:43 AM
27590A,N,O,04/03/2026 06:41:33 PM
27590B,N,O,04/04/2026 08:59:56 AM
27591A,N,O,04/04/2026 09:50:00 AM
27591B,N,O,04/04/2026 08:58:39 AM
27592A,N,V,04/04/2026 09:33:14 AM
27593A,N,O,04/04/2026 09:51:20 AM
27593B,N,V,04/04/2026 09:51:34 AM
27594A,N,O,04/04/2026 08:55:46 AM
27594B,N,O,04/04/2026 08:55:46 AM
27595A,N,O,04/04/2026 08:59:43 AM
27596A,N,V,04/04/2026 09:46:49 AM
27599B,N,O,04/04/2026 08:55:59 AM
2759A,N,O,04/04/2026 09:50:09 AM
2759B,N,O,04/04/2026 09:42:40 AM
27600A,N,O,04/04/2026 08:59:45 AM
27600B,N,O,04/04/2026 08:59:45 AM
27601A,N,O,04/04/2026 08:58:43 AM
27601B,N,O,04/03/2026 08:58:42 AM
27602A,N,O,04/04/2026 08:57:43 AM
27605A,N,V,04/04/2026 09:33:09 AM
27606B,N,V,04/04/2026 09:46:41 AM
27607A,N,V,04/04/2026 09:51:39 AM
27607B,N,O,04/04/2026 08:57:49 AM
27608A,N,O,04/04/2026 08:56:47 AM
27608B,N,V,04/04/2026 09:38:24 AM
27609A,N,O,04/04/2026 08:55:44 AM
27609B,N,O,04/04/2026 08:55:44 AM
2760B,N,O,04/04/2026 08:59:42 AM
27610A,N,O,04/04/2026 09:43:31 AM
27610B,N,O,04/04/2026 08:59:56 AM
27611A,N,O,04/04/2026 08:58:40 AM
27611B,N,O,04/04/2026 09:39:01 AM
27612A,N,O,04/04/2026 09:36:58 AM
27612B,N,O,04/03/2026 05:18:40 PM
27613A,N,O,04/04/2026 08:56:41 AM
27613B,N,V,04/03/2026 09:47:34 PM
27614A,N,O,04/04/2026 09:18:43 AM
27614B,N,O,04/04/2026 09:12:12 AM
27615A,N,O,04/04/2026 09:29:23 AM
27615B,N,O,04/04/2026 08:59:43 AM
27616A,N,V,04/04/2026 09:51:17 AM
27616B,N,O,04/04/2026 08:58:44 AM
27617A,N,O,04/03/2026 07:16:56 PM
27617B,N,O,04/04/2026 08:57:43 AM
27618B,N,O,04/04/2026 08:56:39 AM
27619A,N,V,04/03/2026 09:56:37 PM
27619B,N,V,04/04/2026 09:50:39 AM
2761B,N,O,04/04/2026 08:58:48 AM
27620B,N,O,04/04/2026 08:59:49 AM
27622A,N,O,04/04/2026 08:59:31 AM
27622B,N,O,04/04/2026 08:59:31 AM
27625A,N,O,04/04/2026 08:59:48 AM
27625B,N,V,04/04/2026 09:49:38 AM
27626A,N,O,04/03/2026 09:20:00 PM
27626B,N,O,04/04/2026 08:58:49 AM
27627A,N,O,04/04/2026 09:08:06 AM
27627B,N,O,04/04/2026 09:10:25 AM
27628A,N,O,04/04/2026 08:56:46 AM
27628B,N,V,04/04/2026 09:49:39 AM
27629A,N,O,04/04/2026 08:55:44 AM
27629B,N,V,04/04/2026 09:51:36 AM
2762A,N,O,04/04/2026 08:57:45 AM
2762B,N,O,04/04/2026 08:57:45 AM
27630A,N,O,04/04/2026 08:59:46 AM
27630B,N,V,04/04/2026 09:42:37 AM
27631A,N,O,04/03/2026 07:36:52 PM
27631B,N,O,04/04/2026 08:58:49 AM
27632A,N,O,04/04/2026 08:57:52 AM
27632B,N,O,04/04/2026 09:24:04 AM
27633A,N,O,04/04/2026 09:23:36 AM
27633B,N,O,04/04/2026 08:56:44 AM
27634B,N,O,04/04/2026 09:01:12 AM
27635A,N,O,04/04/2026 08:59:48 AM
27635B,N,O,04/04/2026 08:59:48 AM
27636A,N,O,04/04/2026 08:58:44 AM
27636B,N,O,04/04/2026 08:58:44 AM
27637A,N,O,04/04/2026 09:06:32 AM
27637B,N,V,04/04/2026 09:51:33 AM
27638A,N,O,04/04/2026 08:56:46 AM
27638B,N,O,04/04/2026 09:05:05 AM
27639A,N,O,04/04/2026 08:55:53 AM
27639B,N,O,04/04/2026 08:55:42 AM
2763A,N,O,04/04/2026 09:21:24 AM
2763B,N,O,04/04/2026 09:07:04 AM
27641A,N,O,04/04/2026 08:58:50 AM
27641B,N,O,04/04/2026 08:58:50 AM
27642A,N,V,04/03/2026 09:57:26 PM
27642B,N,O,04/04/2026 08:57:45 AM
27643A,N,O,04/04/2026 09:30:14 AM
27643B,N,O,04/04/2026 08:57:16 AM
27644A,N,O,04/04/2026 08:56:04 AM
27644B,N,O,04/04/2026 08:57:25 AM
27645A,N,O,04/04/2026 08:59:51 AM
27645B,N,O,04/04/2026 09:35:56 AM
2764A,N,V,04/04/2026 09:46:10 AM
2764B,N,O,04/04/2026 08:55:40 AM
27654B,N,V,04/04/2026 09:41:40 AM
27655A,N,O,04/04/2026 08:59:48 AM
27655B,N,O,04/04/2026 08:59:48 AM
27656A,N,V,04/04/2026 09:39:06 AM
27656B,N,V,04/04/2026 09:24:12 AM
27657A,N,O,04/04/2026 08:57:49 AM
27657B,N,O,04/04/2026 08:57:49 AM
27658A,N,O,04/04/2026 08:56:40 AM
27658B,N,V,04/04/2026 09:11:33 AM
27659A,N,V,04/04/2026 09:15:56 AM
27659B,N,O,04/04/2026 08:55:45 AM
2765A,N,O,04/04/2026 09:44:21 AM
2765B,N,O,04/04/2026 09:09:12 AM
27660A,N,V,04/04/2026 09:40:39 AM
27660B,N,O,04/04/2026 08:59:44 AM
27661A,N,O,04/04/2026 08:58:48 AM
27662A,N,O,04/04/2026 09:16:30 AM
27662B,N,V,04/04/2026 09:42:54 AM
27663B,N,V,04/04/2026 09:29:04 AM
27664A,N,V,04/04/2026 09:48:08 AM
27664B,N,V,04/04/2026 09:47:30 AM
27665A,N,V,04/04/2026 09:33:48 AM
27665B,N,O,04/04/2026 08:59:40 AM
27666A,N,V,04/04/2026 09:00:57 AM
27666B,N,V,04/04/2026 09:28:54 AM
27667A,N,O,04/04/2026 08:57:39 AM
27667B,N,V,04/04/2026 09:45:30 AM
27668A,N,O,04/04/2026 08:56:44 AM
27668B,N,O,04/04/2026 09:40:08 AM
27669A,N,O,04/04/2026 08:55:38 AM
27669B,N,O,04/04/2026 08:55:38 AM
2766A,N,O,04/04/2026 08:58:45 AM
2766B,N,O,04/03/2026 07:29:38 PM
27670A,N,O,04/04/2026 08:59:46 AM
27670B,N,O,04/03/2026 04:31:56 PM
27671A,N,V,04/04/2026 09:40:02 AM
27671B,N,O,04/03/2026 07:40:33 PM
27672A,N,O,04/03/2026 05:46:45 PM
27672B,N,O,04/03/2026 05:13:47 PM
27673B,N,O,04/04/2026 08:56:48 AM
27674A,N,O,04/04/2026 09:07:22 AM
27674B,N,O,04/04/2026 08:55:42 AM
27675A,N,O,04/04/2026 09:04:34 AM
27676A,N,O,04/03/2026 05:04:21 PM
27676B,N,O,04/04/2026 08:58:53 AM
27677A,N,O,04/04/2026 08:57:47 AM
27677B,N,O,04/03/2026 09:49:53 PM
27678A,N,O,04/04/2026 08:56:47 AM
27678B,N,O,04/04/2026 08:56:47 AM
27679A,N,O,04/04/2026 09:22:17 AM
27679B,N,O,04/04/2026 08:55:38 AM
2767A,N,O,04/04/2026 08:57:43 AM
2767B,N,O,04/04/2026 09:13:58 AM
27680A,N,V,04/04/2026 09:41:20 AM
27680B,N,V,04/04/2026 09:03:57 AM
27681A,N,O,04/03/2026 04:10:53 PM
27681B,N,O,04/04/2026 08:58:46 AM
27682B,N,O,04/04/2026 08:57:50 AM
27683A,N,O,04/04/2026 09:43:08 AM
27683B,N,O,04/04/2026 09:39:29 AM
27684A,N,V,04/04/2026 09:32:39 AM
27684B,N,O,03/16/2026 05:32:44 PM
27686A,N,V,04/04/2026 09:51:41 AM
27686B,N,O,04/04/2026 08:59:25 AM
27687A,N,O,04/04/2026 08:57:43 AM
27687B,N,O,04/04/2026 08:57:47 AM
27688A,N,O,04/04/2026 08:56:51 AM
27688B,N,O,04/04/2026 08:56:43 AM
27689A,N,O,04/04/2026 08:55:48 AM
27689B,N,O,04/04/2026 08:55:48 AM
2768A,N,O,04/04/2026 08:56:39 AM
2768B,N,O,04/04/2026 09:26:21 AM
27690A,N,O,04/04/2026 08:59:47 AM
27690B,N,O,04/04/2026 08:59:47 AM
27691A,N,V,04/04/2026 07:02:17 AM
27691B,N,V,04/03/2026 04:54:14 PM
27692A,N,V,04/04/2026 09:24:42 AM
27692B,N,O,04/04/2026 09:24:24 AM
27693A,N,V,04/03/2026 07:27:40 PM
27693B,N,V,04/04/2026 09:01:29 AM
27694A,N,V,04/03/2026 04:31:13 PM
27694B,N,V,04/03/2026 04:31:32 PM
27695A,N,V,04/04/2026 09:39:34 AM
27695B,N,O,04/04/2026 09:18:52 AM
27696A,N,V,04/04/2026 08:56:06 AM
27696B,N,O,04/04/2026 06:58:45 AM
27697A,N,O,04/03/2026 07:56:24 PM
27697B,N,V,04/04/2026 08:56:14 AM
2769A,N,O,04/04/2026 08:55:40 AM
2769B,N,O,04/04/2026 08:55:40 AM
27701A,N,O,04/04/2026 08:58:51 AM
27701B,N,O,04/04/2026 08:58:51 AM
27702A,N,O,04/04/2026 08:57:50 AM
27702B,N,O,04/03/2026 04:16:37 PM
27703A,N,O,04/04/2026 09:14:04 AM
27703B,N,O,04/04/2026 08:56:53 AM
27705A,N,O,04/04/2026 08:59:50 AM
27706B,N,V,04/04/2026 09:14:38 AM
27707A,N,O,04/04/2026 09:36:18 AM
27707B,N,O,04/04/2026 08:57:46 AM
27708A,N,O,04/04/2026 08:56:53 AM
27708B,N,O,04/04/2026 08:56:53 AM
27709A,N,O,04/04/2026 08:55:44 AM
27709B,N,O,04/04/2026 09:51:41 AM
27711B,N,O,04/04/2026 09:50:06 AM
27712A,N,V,04/04/2026 09:41:29 AM
27712B,N,V,04/04/2026 09:40:48 AM
27713A,N,O,04/04/2026 08:56:46 AM
27713B,N,O,04/04/2026 09:33:53 AM
27714A,N,V,04/04/2026 09:02:02 AM
27715A,N,O,04/03/2026 09:16:46 PM
27715B,N,V,04/04/2026 09:51:36 AM
27716A,N,O,04/03/2026 09:40:26 PM
27716B,N,O,04/04/2026 09:48:31 AM
27717B,N,O,04/04/2026 08:57:49 AM
27719A,N,V,04/03/2026 09:41:16 AM
27719B,N,V,04/03/2026 11:51:47 AM
2771A,N,O,04/04/2026 09:09:59 AM
2771B,N,O,04/04/2026 08:58:51 AM
27720A,N,V,04/04/2026 09:43:30 AM
27720B,N,V,04/04/2026 09:49:41 AM
27721A,N,V,04/03/2026 08:32:28 PM
27721B,N,V,04/04/2026 09:24:39 AM
27722A,N,V,04/03/2026 06:47:09 PM
27722B,N,O,04/04/2026 09:46:56 AM
27723A,N,V,04/03/2026 05:30:28 PM
27724A,N,O,04/04/2026 08:55:41 AM
27724B,N,O,04/04/2026 08:55:41 AM
27725A,N,V,04/02/2026 10:39:37 AM
27725B,N,V,04/02/2026 06:04:47 PM
27726A,N,V,04/03/2026 02:14:30 PM
27726B,N,V,04/03/2026 09:11:51 PM
27727A,N,V,04/03/2026 07:06:41 PM
27727B,N,O,04/03/2026 09:58:33 PM
27728A,N,V,04/03/2026 01:40:44 PM
27728B,N,V,04/03/2026 06:45:22 PM
27729A,N,V,04/03/2026 04:50:34 PM
27729B,N,V,04/04/2026 09:47:53 AM
2772A,N,V,04/04/2026 09:06:26 AM
2772B,N,O,04/04/2026 08:57:42 AM
27730A,N,V,04/03/2026 09:43:28 PM
27730B,N,O,04/03/2026 09:59:47 PM
27731A,N,V,04/04/2026 09:29:29 AM
27731B,N,V,04/04/2026 09:29:33 AM
27732A,N,V,04/03/2026 03:21:47 PM
27733A,N,V,04/04/2026 09:42:59 AM
27733B,N,V,04/04/2026 09:26:55 AM
27734A,N,V,04/04/2026 09:08:37 AM
27734B,N,O,04/04/2026 09:42:40 AM
27735A,N,O,04/04/2026 09:45:40 AM
27735B,N,V,04/04/2026 09:50:15 AM
27736A,N,O,04/04/2026 09:48:13 AM
27736B,N,V,04/03/2026 03:32:17 PM
27737A,N,O,04/04/2026 09:37:51 AM
27737B,N,O,04/04/2026 08:57:43 AM
27738A,N,V,04/04/2026 09:23:39 AM
27739A,N,O,04/04/2026 09:51:35 AM
27739B,N,O,04/04/2026 09:51:42 AM
27740A,N,V,04/04/2026 09:50:49 AM
27740B,N,V,04/04/2026 09:22:25 AM
27741A,N,O,04/04/2026 09:51:27 AM
27741B,N,V,04/04/2026 09:48:11 AM
27742A,N,O,04/03/2026 09:10:48 PM
27742B,N,V,04/03/2026 09:53:45 PM
27743A,N,V,04/04/2026 09:24:01 AM
27743B,N,V,04/04/2026 09:48:35 AM
27744A,N,O,04/04/2026 09:38:25 AM
27744B,N,O,04/04/2026 09:32:29 AM
27745A,N,V,04/03/2026 06:55:20 PM
27745B,N,V,04/04/2026 09:06:32 AM
27746A,N,V,04/03/2026 09:56:32 AM
27746B,N,V,04/04/2026 09:32:59 AM
27747A,N,V,04/04/2026 08:58:25 AM
27747B,N,V,04/04/2026 08:59:23 AM
27748A,N,V,04/03/2026 06:36:43 PM
27748B,N,V,04/03/2026 09:59:37 PM
27749A,N,O,04/04/2026 09:51:15 AM
2774A,N,O,04/04/2026 08:55:40 AM
2774B,N,O,04/04/2026 09:51:21 AM
27750A,N,O,04/04/2026 08:59:41 AM
27750B,N,O,04/04/2026 09:50:18 AM
27751A,N,O,04/03/2026 04:27:18 PM
27752A,N,V,04/03/2026 08:40:24 PM
27752B,N,V,04/03/2026 07:08:48 PM
27753A,N,V,04/03/2026 04:06:46 PM
27753B,N,V,04/03/2026 09:33:43 PM
27754A,N,V,04/03/2026 04:03:43 PM
27754B,N,V,04/01/2026 07:55:03 PM
27755A,N,V,04/02/2026 02:50:50 PM
27755B,N,O,04/03/2026 12:06:27 PM
27756A,N,V,04/03/2026 08:37:17 PM
27756B,N,V,04/03/2026 08:31:14 PM
27757A,N,V,04/03/2026 04:40:38 PM
27757B,N,V,04/03/2026 04:04:17 PM
27758A,N,V,04/03/2026 06:45:59 PM
27758B,N,O,04/04/2026 09:51:24 AM
27759A,N,V,04/01/2026 04:54:46 PM
27759B,N,V,04/01/2026 04:50:42 PM
2775B,N,O,04/04/2026 09:35:23 AM
27760A,N,O,04/04/2026 09:51:28 AM
27760B,N,V,04/03/2026 06:50:15 PM
27761A,N,V,04/03/2026 04:00:54 PM
27761B,N,V,04/03/2026 04:00:44 PM
27762A,N,V,04/03/2026 06:45:59 PM
27762B,N,O,04/04/2026 09:51:43 AM
27763A,N,O,04/03/2026 06:41:35 PM
27763B,N,V,04/03/2026 07:14:06 PM
27764A,N,V,04/01/2026 02:46:07 PM
27764B,N,V,04/03/2026 12:25:30 PM
27765A,N,V,04/02/2026 05:13:46 PM
27766A,N,O,04/04/2026 09:51:31 AM
27766B,N,O,04/04/2026 09:09:53 AM
27767A,N,O,04/03/2026 08:57:51 AM
27767B,N,O,04/04/2026 08:57:52 AM
27768A,N,O,04/04/2026 08:56:46 AM
27768B,N,O,04/04/2026 08:56:46 AM
27769A,N,O,04/04/2026 08:55:40 AM
27769B,N,O,04/04/2026 08:55:44 AM
27770A,N,O,04/04/2026 08:59:45 AM
27770B,N,O,04/04/2026 08:59:45 AM
27771A,N,O,04/04/2026 08:58:51 AM
27771B,N,O,04/04/2026 08:58:51 AM
27772A,N,O,04/04/2026 08:57:47 AM
27772B,N,O,04/04/2026 08:57:47 AM
27774A,N,O,04/04/2026 09:32:50 AM
27774B,N,O,04/04/2026 08:55:51 AM
27775A,N,V,04/04/2026 09:40:09 AM
27775B,N,O,04/04/2026 09:43:05 AM
27776A,N,O,04/04/2026 08:58:48 AM
27776B,N,O,04/04/2026 08:58:48 AM
27777A,N,O,04/04/2026 09:00:09 AM
27777B,N,V,04/04/2026 09:50:25 AM
27778A,N,O,04/04/2026 08:56:53 AM
27779A,N,O,04/04/2026 08:55:43 AM
27779B,N,O,04/04/2026 08:55:43 AM
2777A,N,O,04/04/2026 08:57:51 AM
27780A,N,O,04/03/2026 06:40:23 PM
27780B,N,O,04/04/2026 08:59:43 AM
27781A,N,O,04/04/2026 08:58:44 AM
27781B,N,O,04/04/2026 08:59:16 AM
27782A,N,V,04/04/2026 09:34:29 AM
27782B,N,O,04/03/2026 06:55:44 PM
27783A,N,O,04/04/2026 08:56:46 AM
27784A,N,V,04/04/2026 09:47:05 AM
27784B,N,O,04/04/2026 08:55:49 AM
27785A,N,V,04/04/2026 09:27:36 AM
27785B,N,O,04/04/2026 09:21:35 AM
27786A,N,V,04/04/2026 09:48:33 AM
27787A,N,O,04/04/2026 08:57:50 AM
27787B,N,O,04/04/2026 08:57:46 AM
27788A,N,O,04/04/2026 09:33:45 AM
27788B,N,O,04/04/2026 09:18:06 AM
27789A,N,O,04/04/2026 09:40:26 AM
27789B,N,V,04/04/2026 09:40:26 AM
27790A,N,O,04/04/2026 08:59:44 AM
27790B,N,O,04/04/2026 08:59:44 AM
27791A,N,O,04/04/2026 08:58:46 AM
27791B,N,O,04/04/2026 09:40:10 AM
27792A,N,V,04/04/2026 09:43:06 AM
27792B,N,O,04/04/2026 08:57:45 AM
27793A,N,V,04/04/2026 09:19:05 AM
27793B,N,O,04/04/2026 09:50:33 AM
27794A,N,V,04/03/2026 08:21:07 PM
27794B,N,V,04/03/2026 09:04:13 AM
27795A,N,O,04/03/2026 08:14:13 PM
27795B,N,V,04/03/2026 10:04:39 AM
27796A,N,O,04/04/2026 08:58:48 AM
27796B,N,O,04/03/2026 09:54:21 PM
27797A,N,V,04/02/2026 03:11:34 PM
27797B,N,O,04/02/2026 06:20:08 PM
27798A,N,V,04/03/2026 10:46:23 AM
27798B,N,O,04/04/2026 09:51:25 AM
27799A,N,O,04/03/2026 06:20:45 PM
27799B,N,O,04/04/2026 08:55:47 AM
2779A,N,O,04/04/2026 09:44:54 AM
2779B,N,O,04/04/2026 08:55:42 AM
27800A,N,V,04/03/2026 04:22:54 PM
27800B,N,O,04/04/2026 08:59:54 AM
27801A,N,V,04/03/2026 04:38:57 PM
27801B,N,O,04/04/2026 08:58:49 AM
27802A,N,V,04/03/2026 05:55:09 PM
27802B,N,O,04/04/2026 09:41:29 AM
27803A,N,V,04/04/2026 09:26:19 AM
27803B,N,O,04/04/2026 08:56:42 AM
27804A,N,V,04/04/2026 09:27:25 AM
27804B,N,O,04/04/2026 08:55:39 AM
27805A,NU,V,04/03/2026 05:25:05 PM
27805B,NU,O,04/03/2026 05:03:12 PM
27806A,N,V,04/04/2026 09:23:44 AM
27806B,N,V,04/04/2026 09:24:07 AM
27807A,N,V,04/02/2026 03:09:02 PM
27807B,N,V,04/02/2026 02:58:24 PM
27808A,N,V,04/03/2026 10:09:03 AM
27808B,N,V,04/03/2026 10:35:38 AM
27809A,N,V,04/02/2026 04:16:10 PM
27809B,N,V,04/03/2026 05:24:44 PM
2780A,N,O,04/04/2026 08:59:54 AM
2780B,N,V,04/04/2026 09:47:36 AM
27810A,N,V,04/02/2026 06:15:08 PM
27810B,N,V,04/03/2026 09:56:48 AM
27811A,N,O,04/04/2026 08:58:52 AM
27811B,N,V,04/03/2026 04:42:25 PM
27812A,N,V,04/03/2026 05:54:38 PM
27812B,N,O,04/04/2026 08:57:52 AM
27813A,N,V,04/03/2026 09:33:32 AM
27813B,N,V,04/03/2026 07:12:11 PM
27814A,N,O,04/04/2026 08:55:37 AM
27814B,N,O,04/04/2026 09:50:10 AM
27815A,N,O,04/04/2026 08:59:48 AM
27815B,N,V,04/04/2026 09:51:27 AM
27816B,N,O,04/04/2026 08:58:43 AM
27817A,N,O,04/04/2026 09:12:27 AM
27817B,N,O,04/04/2026 09:39:11 AM
27818A,N,O,04/04/2026 09:46:48 AM
27818B,N,O,04/04/2026 08:56:50 AM
27819A,N,V,04/04/2026 09:50:34 AM
27819B,N,O,04/04/2026 08:55:47 AM
2781A,N,V,04/04/2026 09:43:34 AM
2781B,N,O,04/04/2026 08:58:53 AM
27820A,N,V,04/04/2026 09:50:14 AM
27820B,N,O,04/04/2026 09:33:49 AM
27821A,N,O,04/04/2026 08:58:42 AM
27821B,N,O,04/04/2026 08:59:12 AM
27822A,N,O,04/03/2026 06:24:59 PM
27822B,N,O,04/04/2026 08:57:45 AM
27823A,N,O,04/03/2026 07:20:58 PM
27823B,N,O,04/03/2026 06:48:04 PM
27824A,N,O,04/04/2026 08:55:47 AM
27824B,N,O,04/03/2026 09:19:51 PM
27825A,N,O,04/04/2026 09:47:04 AM
27825B,N,O,04/04/2026 08:59:46 AM
27826A,N,V,04/04/2026 09:48:12 AM
27826B,N,O,04/04/2026 08:58:46 AM
27827A,N,O,04/04/2026 08:57:43 AM
27827B,N,V,04/04/2026 09:07:01 AM
27828A,N,O,04/03/2026 09:33:47 PM
27829B,N,O,04/04/2026 08:55:43 AM
27830A,N,V,04/04/2026 09:17:41 AM
27830B,N,V,04/04/2026 09:22:06 AM
27831A,N,V,04/04/2026 09:50:13 AM
27831B,N,O,04/04/2026 08:58:41 AM
27832A,N,V,04/04/2026 09:50:09 AM
27832B,N,O,04/04/2026 08:57:46 AM
27833A,N,V,04/04/2026 09:01:36 AM
27833B,N,O,04/04/2026 08:56:42 AM
27834A,N,O,04/03/2026 06:17:09 PM
27834B,N,O,04/04/2026 08:55:47 AM
27835A,N,O,04/04/2026 08:59:41 AM
27835B,N,O,04/04/2026 08:59:41 AM
27836A,N,O,04/04/2026 08:58:38 AM
27836B,N,O,04/04/2026 08:58:38 AM
27837A,N,O,04/04/2026 09:39:43 AM
27837B,N,O,04/04/2026 08:57:47 AM
27838A,N,O,04/04/2026 08:56:40 AM
27838B,N,O,04/04/2026 08:56:40 AM
27839A,N,O,04/04/2026 09:01:50 AM
27839B,N,O,04/04/2026 08:55:43 AM
2783A,N,V,04/03/2026 09:13:24 PM
2783B,N,V,04/03/2026 09:02:29 PM
27840A,N,O,04/03/2026 08:59:47 AM
27840B,N,O,04/04/2026 09:01:17 AM
27841A,N,O,04/04/2026 08:58:46 AM
27841B,N,O,04/04/2026 08:58:46 AM
27842B,N,V,04/03/2026 07:53:13 PM
27843A,N,O,04/04/2026 09:50:26 AM
27843B,N,V,04/03/2026 09:58:04 PM
27844A,N,O,04/03/2026 09:46:22 PM
27844B,N,O,04/04/2026 09:30:03 AM
27845A,N,O,03/07/2026 01:29:49 PM
27845B,N,V,03/07/2026 09:20:54 AM
27846A,N,V,04/04/2026 09:33:05 AM
27846B,N,O,04/03/2026 09:20:33 PM
27847A,N,O,04/04/2026 08:57:51 AM
27847B,N,O,04/04/2026 09:09:14 AM
27848A,N,O,04/04/2026 08:56:45 AM
27848B,N,V,04/04/2026 09:45:24 AM
27849A,N,V,04/04/2026 09:48:39 AM
27849B,N,O,04/03/2026 06:23:44 PM
2784A,N,O,04/04/2026 09:48:54 AM
2784B,N,O,04/04/2026 08:55:50 AM
27850A,N,O,04/04/2026 08:59:48 AM
27850B,N,O,04/03/2026 09:27:31 PM
27851A,N,O,04/03/2026 09:54:26 PM
27851B,N,O,04/04/2026 08:58:48 AM
27852A,N,O,04/03/2026 07:28:16 PM
27852B,N,V,04/03/2026 08:03:24 PM
27853A,N,V,04/04/2026 09:45:32 AM
27853B,N,O,04/04/2026 09:28:38 AM
27854A,N,O,04/04/2026 08:55:49 AM
27854B,N,O,04/04/2026 08:55:57 AM
27855A,N,O,04/03/2026 07:04:40 PM
27855B,N,O,04/03/2026 08:50:54 PM
27856A,N,O,04/04/2026 08:58:46 AM
27856B,N,O,04/03/2026 08:00:25 PM
27857A,N,V,04/04/2026 08:59:09 AM
27857B,N,O,04/04/2026 08:57:47 AM
27858A,N,V,04/03/2026 08:33:19 PM
27858B,N,V,04/03/2026 08:56:37 PM
27859A,N,O,04/04/2026 08:55:46 AM
27859B,N,V,04/03/2026 09:26:38 PM
27860A,N,O,04/03/2026 06:53:20 PM
27860B,N,V,04/04/2026 09:50:16 AM
27861A,N,V,01/09/2026 10:17:51 AM
27861B,N,V,01/09/2026 10:38:55 AM
27862A,N,V,04/03/2026 03:47:47 PM
27862B,N,O,04/04/2026 08:57:52 AM
27863A,N,V,04/04/2026 09:50:48 AM
27863B,N,O,04/04/2026 08:56:46 AM
27864A,N,V,04/03/2026 07:17:50 PM
27864B,N,O,04/04/2026 08:55:47 AM
27865A,N,V,04/03/2026 09:37:28 PM
27865B,N,O,04/04/2026 09:14:38 AM
27866A,N,O,04/04/2026 08:58:52 AM
27866B,N,O,04/04/2026 08:58:52 AM
27867A,N,O,04/03/2026 07:53:38 PM
27867B,N,O,04/04/2026 09:26:15 AM
27868A,N,O,04/04/2026 08:59:36 AM
27868B,N,V,04/04/2026 09:47:46 AM
27869A,N,O,04/03/2026 04:57:49 PM
27869B,N,O,04/03/2026 08:14:58 PM
27870A,N,O,04/04/2026 08:59:41 AM
27870B,N,O,04/04/2026 08:59:41 AM
27871A,N,V,04/04/2026 09:09:29 AM
27871B,N,O,04/04/2026 09:42:58 AM
27872A,N,V,04/04/2026 09:30:49 AM
27875B,N,O,04/04/2026 08:59:49 AM
27876A,N,V,04/04/2026 09:37:43 AM
27876B,N,O,04/04/2026 08:58:53 AM
27877A,N,O,04/03/2026 04:08:07 PM
27877B,N,V,04/04/2026 09:34:55 AM
27878B,N,O,04/04/2026 08:56:43 AM
27879A,N,O,04/04/2026 08:55:54 AM
27879B,N,V,04/04/2026 09:11:35 AM
27880A,N,O,04/04/2026 08:59:49 AM
27880B,N,O,04/04/2026 08:59:49 AM
27881A,N,O,04/04/2026 08:58:59 AM
27881B,N,O,04/04/2026 08:58:55 AM
27882A,N,O,04/04/2026 08:57:48 AM
27882B,N,O,04/04/2026 08:57:48 AM
27883B,N,O,04/04/2026 08:56:50 AM
27884B,N,O,04/04/2026 08:55:45 AM
27885A,N,O,04/03/2026 10:09:41 AM
27885B,N,O,04/04/2026 08:59:47 AM
27886A,N,O,04/03/2026 08:47:33 PM
27886B,N,V,04/03/2026 04:31:14 PM
27887A,N,O,04/04/2026 08:57:48 AM
27887B,N,V,04/04/2026 09:20:47 AM
27888A,N,O,04/04/2026 08:56:50 AM
27888B,N,O,04/03/2026 06:51:02 PM
27889A,N,V,04/04/2026 09:08:40 AM
2788B,N,O,04/04/2026 08:56:47 AM
27890A,N,O,04/03/2026 09:08:04 PM
27890B,N,O,04/03/2026 03:46:33 PM
27891A,N,O,04/04/2026 09:24:18 AM
27891B,N,O,04/03/2026 02:33:39 PM
27892A,N,O,04/03/2026 07:21:38 PM
27892B,N,O,04/03/2026 03:20:58 PM
27893A,N,O,04/04/2026 08:56:41 AM
27893B,N,V,04/03/2026 08:45:48 PM
27894A,N,O,04/04/2026 08:55:47 AM
27895A,NU,V,04/03/2026 09:52:23 PM
27895B,NU,V,04/03/2026 09:58:39 PM
27896A,NU,V,04/03/2026 09:52:49 PM
27896B,NU,V,04/02/2026 07:03:39 PM
27897A,NU,O,04/03/2026 09:57:54 PM
27897B,NU,V,04/03/2026 07:39:44 PM
27898A,NU,O,04/03/2026 09:25:07 PM
27898B,NU,O,04/03/2026 09:49:02 PM
27899A,NU,V,04/03/2026 09:59:02 PM
27899B,NU,V,04/03/2026 09:23:50 PM
2789A,N,O,04/03/2026 09:59:46 PM
2789B,N,O,04/04/2026 09:39:44 AM
27900A,NU,V,04/03/2026 09:53:58 PM
27900B,NU,O,04/03/2026 06:00:53 PM
27901A,N,O,04/03/2026 07:58:21 PM
27902A,N,O,04/04/2026 08:57:43 AM
27902B,N,O,04/04/2026 08:57:43 AM
27903A,N,V,04/04/2026 09:43:19 AM
27903B,N,O,04/04/2026 08:56:46 AM
27904A,N,O,04/04/2026 08:55:44 AM
27904B,N,V,04/04/2026 09:46:03 AM
27905A,N,O,04/03/2026 09:33:11 PM
27905B,N,O,04/04/2026 08:59:43 AM
27906A,N,O,04/04/2026 08:58:44 AM
27906B,N,O,04/04/2026 09:34:39 AM
27907B,N,O,04/04/2026 08:57:53 AM
27908B,N,O,04/04/2026 08:56:42 AM
27909A,N,O,04/04/2026 09:23:22 AM
27909B,N,O,04/04/2026 08:55:44 AM
2790A,N,O,04/04/2026 08:59:51 AM
27910A,N,V,04/04/2026 09:45:19 AM
27910B,N,O,04/04/2026 09:38:14 AM
27911A,N,O,04/04/2026 08:58:48 AM
27911B,N,O,04/04/2026 08:58:48 AM
27912A,N,O,04/04/2026 09:05:50 AM
27912B,N,O,04/04/2026 09:28:41 AM
27913A,N,V,04/04/2026 09:45:33 AM
27914A,N,O,04/04/2026 08:55:52 AM
27914B,N,V,04/04/2026 09:48:35 AM
27915A,N,V,04/04/2026 09:51:37 AM
27915B,N,O,04/04/2026 09:47:28 AM
27916A,N,O,04/03/2026 08:32:04 PM
27916B,N,V,04/03/2026 09:59:29 PM
27917A,N,O,04/04/2026 08:57:50 AM
27917B,N,V,04/04/2026 09:50:11 AM
27918A,N,O,04/04/2026 08:57:15 AM
27918B,N,O,04/04/2026 08:56:46 AM
27919B,N,O,04/04/2026 08:55:51 AM
2791A,N,O,04/04/2026 08:58:46 AM
2791B,N,V,04/04/2026 09:36:29 AM
27920A,N,O,04/04/2026 09:46:12 AM
27920B,N,O,04/04/2026 09:05:48 AM
27921B,N,O,04/03/2026 05:49:23 PM
27923A,N,O,04/03/2026 03:03:24 PM
27923B,N,O,04/04/2026 08:56:55 AM
27924A,N,O,04/04/2026 08:55:48 AM
27924B,N,O,04/04/2026 08:56:22 AM
27925A,N,O,04/04/2026 08:59:58 AM
27930A,NU,O,04/03/2026 06:01:40 PM
27931A,NU,V,04/03/2026 09:47:02 PM
27931B,NU,V,04/03/2026 09:15:07 PM
27932A,NU,O,04/03/2026 06:00:47 PM
27932B,NU,V,04/03/2026 09:58:06 PM
27933A,NU,V,04/03/2026 08:59:05 PM
27933B,NU,O,04/03/2026 06:02:17 PM
27934A,NU,V,04/03/2026 08:25:02 PM
27934B,NU,V,04/03/2026 06:01:43 PM
27935A,NU,O,04/02/2026 06:33:04 PM
27935B,NU,V,04/03/2026 07:13:09 PM
27936A,NU,O,04/02/2026 06:46:22 PM
27936B,NU,V,04/03/2026 08:51:11 PM
27937A,NU,O,04/03/2026 08:36:05 PM
27937B,NU,V,04/03/2026 06:32:50 PM
27938A,NU,O,04/03/2026 09:59:11 PM
27938B,NU,O,04/02/2026 07:34:12 PM
27939A,NU,V,04/03/2026 08:17:58 PM
27939B,NU,V,04/03/2026 08:32:09 PM
27940A,NU,V,04/03/2026 09:28:06 PM
27940B,NU,V,04/03/2026 09:05:53 PM
27941A,NU,V,04/03/2026 09:55:26 PM
27941B,NU,V,04/03/2026 08:02:29 PM
27942A,NU,O,04/03/2026 06:01:39 PM
27942B,NU,V,04/03/2026 09:28:04 PM
27943A,NU,V,04/03/2026 09:58:59 PM
27944A,NU,V,04/03/2026 09:52:21 PM
27944B,NU,V,04/03/2026 08:37:59 PM
27945A,NU,V,04/03/2026 08:36:42 PM
27945B,NU,O,04/03/2026 06:04:27 PM
27950A,N,O,04/04/2026 08:59:54 AM
27950B,N,O,04/04/2026 09:47:46 AM
27951A,N,O,04/03/2026 04:10:15 PM
27951B,N,O,04/04/2026 08:58:52 AM
27952A,N,O,04/04/2026 08:57:51 AM
27952B,N,O,04/04/2026 08:57:59 AM
27953A,N,V,04/04/2026 09:15:17 AM
27953B,N,O,04/03/2026 09:29:51 PM
27954A,N,V,04/04/2026 09:14:55 AM
27954B,N,V,04/04/2026 09:35:33 AM
27955A,N,O,04/04/2026 09:11:50 AM
27955B,N,O,04/04/2026 09:42:04 AM
27956A,N,O,04/04/2026 08:58:46 AM
27957B,N,O,04/04/2026 09:49:07 AM
27958A,N,V,04/04/2026 09:11:59 AM
27958B,N,O,04/04/2026 08:56:53 AM
27959A,N,O,04/04/2026 08:55:50 AM
27959B,N,O,04/04/2026 09:50:20 AM
27960A,N,O,04/04/2026 09:00:00 AM
27960B,N,O,04/04/2026 09:00:08 AM
27961A,N,O,04/04/2026 08:58:43 AM
27961B,N,O,04/04/2026 08:58:43 AM
27962A,N,O,04/04/2026 08:57:47 AM
27962B,N,O,04/04/2026 08:57:47 AM
27963A,N,O,04/04/2026 08:56:43 AM
28001A,N,O,04/04/2026 09:40:21 AM
28001B,N,O,04/03/2026 06:04:40 PM
28002A,N,O,04/03/2026 07:05:51 PM
28002B,N,O,04/04/2026 09:07:46 AM
28003A,N,O,04/04/2026 06:56:47 AM
28003B,N,O,04/04/2026 06:56:47 AM
28004A,N,O,04/04/2026 07:48:57 AM
28004B,N,O,04/04/2026 09:00:58 AM
28005A,N,O,04/04/2026 09:28:24 AM
28006A,N,V,04/04/2026 09:29:15 AM
28006B,N,V,04/04/2026 07:03:20 AM
28007A,N,V,04/04/2026 09:31:16 AM
28007B,N,V,04/04/2026 09:25:10 AM
28008A,N,O,04/04/2026 06:56:46 AM
28008B,N,O,04/04/2026 08:01:36 AM
28009B,N,O,04/04/2026 06:55:46 AM
2800B,N,O,04/04/2026 08:59:52 AM
28011A,N,O,04/04/2026 09:04:44 AM
28011B,N,O,04/04/2026 09:10:09 AM
28012A,N,O,04/04/2026 08:59:53 AM
28012B,N,O,04/04/2026 09:33:50 AM
28013A,N,O,04/04/2026 09:22:19 AM
28013B,N,O,04/04/2026 09:03:09 AM
28014A,N,O,04/04/2026 09:28:27 AM
28014B,N,O,04/04/2026 08:38:21 AM
28015A,N,O,04/04/2026 09:42:52 AM
28015B,N,O,04/04/2026 09:42:52 AM
28016A,N,O,04/04/2026 09:16:32 AM
28016B,N,O,04/04/2026 09:51:18 AM
28017B,N,O,04/04/2026 08:57:06 AM
28018A,N,O,04/04/2026 09:49:44 AM
2801A,N,O,04/04/2026 08:58:45 AM
2801B,N,O,04/04/2026 08:58:45 AM
28020B,N,V,04/04/2026 09:44:05 AM
28021A,N,O,04/04/2026 08:43:53 AM
28021B,N,O,04/04/2026 07:54:17 AM
28022A,N,O,04/04/2026 08:57:47 AM
28022B,N,O,04/04/2026 09:42:57 AM
28023A,N,O,04/04/2026 06:56:51 AM
28023B,N,O,04/04/2026 06:56:51 AM
28024A,N,O,04/04/2026 09:48:54 AM
28024B,N,O,04/04/2026 09:04:22 AM
28025A,N,O,04/04/2026 07:35:36 AM
28025B,N,O,04/04/2026 08:18:58 AM
28027A,N,O,04/04/2026 09:07:48 AM
28028A,N,O,04/04/2026 09:51:09 AM
28028B,N,V,04/04/2026 09:48:19 AM
28029A,N,V,04/04/2026 09:51:03 AM
28029B,N,V,04/04/2026 09:50:59 AM
28030A,N,O,04/04/2026 06:59:58 AM
28030B,N,V,04/03/2026 05:49:56 PM
28031A,N,O,04/04/2026 09:45:30 AM
28031B,N,V,04/04/2026 09:47:16 AM
28032A,N,O,04/04/2026 06:57:48 AM
28032B,N,O,04/04/2026 09:51:33 AM
28033A,N,V,04/04/2026 09:43:46 AM
28033B,N,O,04/04/2026 06:56:52 AM
28034A,N,V,04/04/2026 09:51:39 AM
28034B,N,V,04/04/2026 09:51:32 AM
28035A,N,V,04/03/2026 10:30:27 AM
28035B,N,V,04/03/2026 10:34:42 AM
28036A,N,V,04/04/2026 09:05:02 AM
28036B,N,O,04/04/2026 09:50:35 AM
28037A,N,O,07/20/2025 03:59:48 PM
28037B,N,V,07/18/2025 11:51:26 AM
28042B,N,O,04/04/2026 09:44:51 AM
28043A,N,O,04/04/2026 09:29:47 AM
28043B,N,O,04/04/2026 09:33:10 AM
28044A,N,O,04/04/2026 08:56:24 AM
28044B,N,O,04/04/2026 09:46:03 AM
28045A,N,O,04/04/2026 09:24:50 AM
28045B,N,O,04/04/2026 09:40:05 AM
28046A,N,O,04/04/2026 08:03:28 AM
28046B,N,O,04/04/2026 09:40:34 AM
28047A,N,O,04/04/2026 07:54:00 AM
28048A,N,O,04/04/2026 09:41:57 AM
28048B,N,O,04/04/2026 09:03:41 AM
28049A,N,O,04/04/2026 09:42:27 AM
28049B,N,O,04/03/2026 07:05:42 PM
28050A,N,O,04/04/2026 06:59:43 AM
28050B,N,O,04/03/2026 07:57:06 PM
28051A,N,O,04/04/2026 09:23:06 AM
28051B,N,O,04/04/2026 08:39:45 AM
28052A,N,V,04/04/2026 09:51:32 AM
28052B,N,O,04/04/2026 08:36:16 AM
28053A,N,O,04/04/2026 08:54:14 AM
28053B,N,O,04/04/2026 09:25:34 AM
28054A,N,O,04/04/2026 08:47:02 AM
28054B,N,O,04/04/2026 09:04:34 AM
28055A,N,O,04/04/2026 08:52:41 AM
28055B,N,O,04/04/2026 09:23:55 AM
28056B,N,O,04/04/2026 08:59:57 AM
28057A,N,O,04/04/2026 08:35:27 AM
28057B,N,O,04/04/2026 08:42:07 AM
28058A,N,O,04/04/2026 08:29:21 AM
28058B,N,O,04/04/2026 06:56:50 AM
28059A,N,O,04/04/2026 08:55:14 AM
28059B,N,O,04/04/2026 09:38:23 AM
28060A,N,O,04/04/2026 09:02:18 AM
28060B,N,O,04/04/2026 09:00:22 AM
28061A,N,O,04/04/2026 09:26:42 AM
28061B,N,O,04/04/2026 09:00:53 AM
28062A,N,V,04/04/2026 09:48:26 AM
28062B,N,V,04/04/2026 09:45:39 AM
28063A,N,O,04/04/2026 09:14:59 AM
28063B,N,O,04/04/2026 09:33:51 AM
28064A,N,O,04/04/2026 09:32:55 AM
28064B,N,O,04/04/2026 09:34:46 AM
28067B,N,O,04/04/2026 09:40:30 AM
28068B,N,V,04/04/2026 09:46:52 AM
28069A,N,O,04/04/2026 09:40:52 AM
28069B,N,V,04/04/2026 07:44:08 AM
28070A,N,O,04/04/2026 07:51:14 AM
28070B,N,O,04/04/2026 09:38:52 AM
28071A,N,O,04/04/2026 09:36:45 AM
28071B,N,O,04/04/2026 09:39:08 AM
28072B,N,O,04/04/2026 06:57:53 AM
28073A,N,V,04/03/2026 04:39:01 PM
28073B,N,O,04/04/2026 06:56:50 AM
28074A,N,V,04/04/2026 08:24:17 AM
28074B,N,O,04/04/2026 06:55:54 AM
28075A,N,O,04/04/2026 06:59:42 AM
28075B,N,O,04/04/2026 06:59:42 AM
28076A,N,O,04/04/2026 08:28:01 AM
28076B,N,O,04/04/2026 06:58:46 AM
28078B,N,O,04/04/2026 06:56:47 AM
28079A,N,O,04/04/2026 06:55:57 AM
28079B,N,O,04/04/2026 06:55:47 AM
2807A,N,O,04/04/2026 08:57:48 AM
2807B,N,V,04/04/2026 09:51:25 AM
28080A,N,O,04/04/2026 06:59:43 AM
28080B,N,O,04/04/2026 06:59:43 AM
28081A,N,O,04/04/2026 08:13:07 AM
28081B,N,O,04/04/2026 09:10:46 AM
28082A,N,O,04/04/2026 08:06:57 AM
28082B,N,O,04/04/2026 06:57:45 AM
28083A,N,O,04/04/2026 06:56:44 AM
28083B,N,O,04/04/2026 09:38:21 AM
28084A,N,O,04/04/2026 09:15:19 AM
28084B,N,O,04/04/2026 08:48:39 AM
28085A,N,O,04/04/2026 09:20:05 AM
28085B,N,O,04/04/2026 09:29:28 AM
28086A,N,O,04/04/2026 08:25:42 AM
28086B,N,O,04/04/2026 08:35:20 AM
28088A,N,O,04/04/2026 09:47:45 AM
28088B,N,O,04/04/2026 09:45:20 AM
28089A,N,O,04/04/2026 09:31:41 AM
28089B,N,O,04/04/2026 08:25:44 AM
2808B,N,O,04/04/2026 08:56:39 AM
28091B,N,O,04/04/2026 09:36:39 AM
28093A,N,O,04/04/2026 06:56:47 AM
28093B,N,O,04/04/2026 06:56:47 AM
28094A,N,O,04/04/2026 09:28:39 AM
28094B,N,O,04/04/2026 09:28:30 AM
28095A,N,O,04/04/2026 09:27:09 AM
28095B,N,O,04/04/2026 09:24:31 AM
28096A,N,O,04/04/2026 09:11:51 AM
28096B,N,O,04/04/2026 08:31:50 AM
28097B,N,V,04/04/2026 09:05:03 AM
28098A,N,V,04/02/2026 04:06:03 PM
280A,N,O,04/03/2026 09:34:45 PM
280B,N,O,04/04/2026 09:22:22 AM
28100A,N,V,04/02/2026 07:59:52 PM
28100B,N,O,04/02/2026 04:06:45 PM
28101A,N,V,04/02/2026 07:58:38 PM
28101B,N,O,04/02/2026 04:38:02 PM
28102A,N,O,04/02/2026 05:19:47 PM
28102B,N,O,04/02/2026 05:55:53 PM
28103A,N,O,04/02/2026 06:35:56 PM
28103B,N,O,04/02/2026 04:12:14 PM
28104A,N,O,04/02/2026 07:49:14 PM
28104B,N,O,04/02/2026 06:35:48 PM
28105A,N,O,04/02/2026 07:18:46 PM
28105B,N,O,04/02/2026 07:19:18 PM
28106A,N,O,04/02/2026 06:42:40 PM
28106B,N,O,04/02/2026 07:13:18 PM
28107A,N,O,04/02/2026 07:52:27 PM
28107B,N,O,04/02/2026 07:17:57 PM
28108A,N,V,04/02/2026 07:55:04 PM
28108B,N,O,04/02/2026 07:40:44 PM
28109A,N,O,04/02/2026 06:15:05 PM
28109B,N,V,04/02/2026 07:55:03 PM
28110A,N,O,04/02/2026 05:18:58 PM
28110B,N,O,04/02/2026 04:34:02 PM
28111A,N,V,04/04/2026 09:16:39 AM
28111B,N,V,04/03/2026 03:24:48 PM
28112A,N,O,04/04/2026 09:16:05 AM
28112B,N,V,04/03/2026 04:28:46 PM
28113A,N,V,04/04/2026 08:54:58 AM
28113B,N,V,04/03/2026 07:29:55 PM
28114A,N,O,04/03/2026 04:54:52 PM
28114B,N,V,04/04/2026 09:33:38 AM
28115A,N,V,04/04/2026 09:49:13 AM
28115B,N,O,04/04/2026 09:50:10 AM
28116A,N,O,04/04/2026 08:47:46 AM
28116B,N,V,04/03/2026 05:01:26 PM
28117A,N,O,04/04/2026 06:57:46 AM
28117B,N,O,04/04/2026 09:25:10 AM
28118B,N,O,04/04/2026 06:56:47 AM
28119A,N,V,04/03/2026 05:37:58 PM
28120A,N,O,04/04/2026 06:59:50 AM
28120B,N,O,04/03/2026 04:17:21 PM
28121A,N,O,04/04/2026 06:58:50 AM
28121B,N,O,04/04/2026 06:58:50 AM
28122B,N,O,04/04/2026 09:50:47 AM
28123A,N,O,04/04/2026 06:56:50 AM
28124A,N,O,04/03/2026 07:54:28 PM
28124B,N,O,04/04/2026 08:10:34 AM
28125A,N,V,04/04/2026 09:35:40 AM
28125B,N,O,04/04/2026 09:01:53 AM
28126A,N,V,04/04/2026 09:09:43 AM
28126B,N,O,04/04/2026 06:58:52 AM
28127A,N,O,04/03/2026 06:27:42 PM
28127B,N,O,04/03/2026 07:17:52 PM
28128A,N,V,04/04/2026 08:58:16 AM
28128B,N,V,04/03/2026 03:30:16 PM
28129A,N,V,04/03/2026 05:46:57 PM
28129B,N,V,04/04/2026 09:39:11 AM
28130A,N,V,04/04/2026 09:50:08 AM
28130B,N,O,04/03/2026 06:46:49 PM
28131A,N,V,04/03/2026 03:49:56 PM
28131B,N,V,04/03/2026 03:59:04 PM
28132A,N,V,04/04/2026 09:50:36 AM
28132B,N,V,04/04/2026 08:56:39 AM
28133A,N,V,04/03/2026 06:11:20 PM
28133B,N,V,04/04/2026 09:48:56 AM
28134A,N,V,04/03/2026 06:37:05 PM
28134B,N,V,04/04/2026 09:51:21 AM
28135A,N,O,04/04/2026 08:34:08 AM
28135B,N,V,04/04/2026 09:50:57 AM
28136A,N,V,04/03/2026 04:50:51 PM
28136B,N,V,04/04/2026 09:48:16 AM
28137A,N,O,04/04/2026 08:58:03 AM
28137B,N,V,04/04/2026 07:44:24 AM
28138A,N,V,04/04/2026 09:10:06 AM
28138B,N,V,04/04/2026 07:52:07 AM
28139A,N,V,04/04/2026 07:06:39 AM
28139B,N,V,04/04/2026 08:04:36 AM
2813A,N,O,04/03/2026 07:22:16 PM
2813B,N,O,04/04/2026 08:56:42 AM
28140A,N,V,04/04/2026 08:03:30 AM
28140B,N,V,04/04/2026 08:02:32 AM
28141A,N,O,04/04/2026 09:33:14 AM
28141B,N,O,04/04/2026 06:58:45 AM
28142A,N,O,04/04/2026 06:57:55 AM
28142B,N,V,04/04/2026 08:29:50 AM
28143A,N,O,04/03/2026 06:30:26 PM
28143B,N,V,04/03/2026 03:06:08 PM
28144A,N,O,04/03/2026 06:27:08 PM
28144B,N,O,04/04/2026 09:35:55 AM
28145A,N,V,04/03/2026 06:37:17 PM
28145B,N,V,04/04/2026 08:04:57 AM
28146A,N,O,04/04/2026 08:58:05 AM
28146B,N,V,04/04/2026 08:52:37 AM
28147A,N,O,04/03/2026 06:37:53 PM
28148B,N,O,04/04/2026 06:56:47 AM
28149A,N,O,04/04/2026 06:55:38 AM
28149B,N,O,04/04/2026 06:55:42 AM
2814A,N,O,04/04/2026 08:55:42 AM
2814B,N,O,04/04/2026 08:55:46 AM
28150A,N,O,04/04/2026 09:37:39 AM
28150B,N,V,04/04/2026 09:33:28 AM
28151A,N,O,04/04/2026 09:45:41 AM
28151B,N,V,04/04/2026 09:48:42 AM
28152A,N,V,04/03/2026 07:20:41 PM
28152B,N,V,04/04/2026 09:30:54 AM
28153A,N,V,04/04/2026 09:42:54 AM
28153B,N,V,04/04/2026 09:30:02 AM
28154A,N,V,04/04/2026 09:16:08 AM
28154B,N,O,04/04/2026 06:55:53 AM
28155A,N,O,04/03/2026 10:20:32 AM
28155B,N,V,04/04/2026 09:10:13 AM
28156A,N,V,04/04/2026 09:51:44 AM
28156B,N,O,04/04/2026 06:58:51 AM
28158A,N,O,04/04/2026 08:35:46 AM
28158B,N,O,04/04/2026 06:56:54 AM
28159A,N,O,04/04/2026 06:55:43 AM
28159B,N,O,04/04/2026 08:35:35 AM
28160A,N,V,04/03/2026 10:01:46 AM
28160B,N,V,04/03/2026 10:04:48 AM
28161A,N,V,04/03/2026 04:32:57 PM
28161B,N,V,04/03/2026 04:10:54 PM
28162A,N,O,04/04/2026 09:00:41 AM
28162B,N,V,04/03/2026 04:19:28 PM
28163A,N,V,04/03/2026 02:22:37 PM
28163B,N,V,04/03/2026 07:17:07 AM
28164A,N,O,04/04/2026 06:55:36 AM
28164B,N,V,04/04/2026 09:51:20 AM
28165A,N,O,04/02/2026 05:36:26 PM
28165B,N,O,04/02/2026 05:12:59 PM
28166A,N,O,04/02/2026 03:47:59 PM
28166B,N,O,04/02/2026 04:30:04 PM
28167A,N,O,04/02/2026 07:57:45 AM
28167B,N,O,04/02/2026 01:32:36 PM
28168A,N,O,04/02/2026 12:19:12 PM
28168B,N,O,04/02/2026 03:44:58 PM
28169A,N,O,04/02/2026 07:55:49 AM
28169B,N,O,04/02/2026 07:56:29 AM
28170A,N,O,04/04/2026 08:56:52 AM
28170B,N,O,04/04/2026 09:30:10 AM
28171A,N,O,04/04/2026 09:45:46 AM
28171B,N,V,04/04/2026 09:51:41 AM
28172A,NU,O,04/03/2026 07:44:02 PM
28172B,NU,O,04/03/2026 05:41:37 PM
28173A,N,O,04/04/2026 06:56:53 AM
28173B,N,O,04/04/2026 09:27:08 AM
28174A,N,O,04/04/2026 08:13:46 AM
28174B,N,O,04/04/2026 08:46:04 AM
28175A,N,O,04/04/2026 06:59:58 AM
28175B,N,O,04/04/2026 09:29:06 AM
28176A,N,O,04/04/2026 08:46:58 AM
28176B,N,O,04/04/2026 09:33:44 AM
28177A,N,O,04/04/2026 09:34:42 AM
28177B,N,O,04/04/2026 06:57:55 AM
28178A,N,O,04/04/2026 09:47:36 AM
28178B,N,O,04/04/2026 06:56:39 AM
28179A,N,V,04/04/2026 09:48:46 AM
28179B,N,V,04/04/2026 09:38:36 AM
28180A,N,O,04/04/2026 09:35:39 AM
28180B,N,O,04/04/2026 07:50:36 AM
28181A,N,O,04/04/2026 08:52:36 AM
28181B,N,O,04/04/2026 06:58:53 AM
28182A,N,O,04/04/2026 07:48:13 AM
28183A,N,V,04/04/2026 08:13:55 AM
28183B,N,O,04/04/2026 08:59:05 AM
28184A,N,O,04/04/2026 09:40:34 AM
28184B,N,O,04/04/2026 09:40:47 AM
28185A,N,O,04/04/2026 09:30:29 AM
28185B,N,V,04/04/2026 09:31:56 AM
28186A,N,O,04/04/2026 06:58:51 AM
28186B,N,V,04/04/2026 09:17:18 AM
28187A,N,O,04/04/2026 09:24:14 AM
28187B,N,O,04/04/2026 08:48:11 AM
28188B,N,O,04/04/2026 09:39:42 AM
28190B,N,V,04/04/2026 09:51:40 AM
28191A,N,O,04/04/2026 09:09:20 AM
28191B,N,O,04/04/2026 09:44:28 AM
28192A,N,O,04/04/2026 06:57:45 AM
28192B,N,O,04/04/2026 08:42:02 AM
28193A,N,O,04/04/2026 06:56:53 AM
28193B,N,O,04/04/2026 09:13:48 AM
28194A,N,O,04/04/2026 09:36:24 AM
28195A,N,V,04/03/2026 06:56:41 PM
28195B,N,O,04/04/2026 08:05:06 AM
28196A,N,V,04/04/2026 08:31:49 AM
28196B,N,V,04/03/2026 06:24:33 PM
28197A,N,V,04/04/2026 08:45:18 AM
28197B,N,V,04/03/2026 05:57:02 PM
28198A,N,V,04/04/2026 09:47:55 AM
28198B,N,O,04/04/2026 09:45:55 AM
28199A,N,O,04/04/2026 07:55:56 AM
28199B,N,O,04/04/2026 07:55:43 AM
2819A,N,O,04/04/2026 08:55:52 AM
2819B,N,V,04/04/2026 09:39:26 AM
281B,N,O,04/04/2026 08:58:50 AM
28200B,N,O,04/04/2026 07:59:43 AM
28201A,N,V,04/04/2026 09:41:06 AM
28201B,N,O,04/04/2026 09:48:41 AM
28202A,N,O,04/04/2026 07:37:20 AM
28202B,N,V,04/03/2026 05:21:20 PM
28203A,N,O,04/04/2026 06:56:50 AM
28203B,N,O,04/03/2026 07:55:59 PM
28204A,N,O,04/04/2026 08:59:36 AM
28204B,N,V,04/04/2026 07:43:05 AM
28205A,N,V,04/04/2026 08:44:16 AM
28205B,N,O,04/04/2026 07:34:57 AM
28206A,N,V,04/04/2026 09:33:28 AM
28206B,N,V,04/04/2026 09:34:33 AM
28207A,N,O,04/04/2026 06:57:49 AM
28209A,N,O,04/04/2026 09:11:10 AM
2820A,N,V,04/04/2026 09:17:30 AM
2820B,N,V,04/04/2026 09:06:49 AM
28210A,N,O,04/04/2026 09:31:36 AM
28210B,N,V,04/04/2026 09:44:15 AM
28211A,N,O,04/04/2026 06:58:45 AM
28211B,N,O,04/04/2026 09:16:46 AM
28212A,N,V,04/03/2026 06:10:25 PM
28212B,N,V,04/03/2026 02:25:41 PM
28213A,N,V,04/02/2026 11:55:06 AM
28213B,N,V,03/17/2026 07:12:20 AM
28214A,N,V,04/04/2026 09:46:28 AM
28215B,N,O,04/04/2026 09:51:42 AM
28216A,N,V,04/03/2026 10:19:02 AM
28216B,N,V,04/04/2026 07:42:29 AM
28217A,N,O,04/04/2026 09:45:05 AM
28217B,N,V,04/03/2026 06:18:51 PM
28218A,N,O,04/03/2026 07:02:03 PM
28218B,N,V,04/03/2026 06:01:03 PM
28219A,NU,O,03/26/2026 06:01:33 PM
28219B,NU,O,03/26/2026 07:25:08 PM
2821A,N,O,04/04/2026 09:46:16 AM
2821B,N,V,04/03/2026 09:59:55 PM
28220A,N,V,04/03/2026 06:02:06 PM
28220B,N,V,04/03/2026 06:29:18 PM
28221A,N,V,04/03/2026 06:17:19 PM
28221B,N,V,04/04/2026 07:40:55 AM
28222A,N,V,04/04/2026 09:07:31 AM
28222B,N,V,04/03/2026 12:28:24 PM
28223A,N,V,04/04/2026 09:41:07 AM
28223B,N,O,04/03/2026 07:07:36 PM
28224A,N,V,04/03/2026 01:08:36 PM
28224B,N,V,04/04/2026 08:01:48 AM
28225A,N,V,04/04/2026 09:06:41 AM
28225B,N,V,04/04/2026 09:07:08 AM
28226A,N,V,04/03/2026 07:53:18 PM
28226B,N,V,04/03/2026 06:17:40 PM
28227A,N,O,04/04/2026 09:28:58 AM
28227B,N,V,04/04/2026 09:16:14 AM
28228A,N,V,04/03/2026 06:32:08 PM
28228B,N,V,04/04/2026 09:51:39 AM
28229A,N,V,04/03/2026 04:58:36 PM
28229B,N,V,04/04/2026 09:35:30 AM
28230A,N,V,04/04/2026 09:04:14 AM
28230B,N,V,04/04/2026 09:49:39 AM
28231A,N,V,04/04/2026 09:21:05 AM
28231B,N,V,04/04/2026 09:24:31 AM
28232A,N,V,04/04/2026 09:47:07 AM
28232B,N,V,04/04/2026 09:19:17 AM
28233A,N,O,04/04/2026 09:50:03 AM
28234B,N,O,04/04/2026 06:55:53 AM
28235A,N,O,04/04/2026 06:59:52 AM
28235B,N,V,04/04/2026 09:04:07 AM
28236B,N,V,04/04/2026 09:46:19 AM
28237A,N,V,04/04/2026 07:13:01 AM
28237B,N,V,04/04/2026 07:55:29 AM
28238A,N,O,04/04/2026 06:56:46 AM
28238B,N,V,04/04/2026 08:44:26 AM
28239A,N,O,09/04/2025 06:16:09 PM
28239B,N,O,04/04/2026 06:55:51 AM
28240A,N,O,04/04/2026 09:14:24 AM
28240B,N,O,04/04/2026 06:59:45 AM
28241A,N,O,04/04/2026 08:20:06 AM
28241B,N,O,04/04/2026 07:37:52 AM
28242A,N,O,04/04/2026 06:57:45 AM
28242B,N,O,04/04/2026 09:17:20 AM
28243A,N,O,04/04/2026 06:56:42 AM
28243B,N,O,04/04/2026 09:49:50 AM
28244B,N,O,04/04/2026 08:08:37 AM
28245A,N,O,04/04/2026 09:33:12 AM
28246A,N,V,04/04/2026 09:50:00 AM
28246B,N,V,04/04/2026 08:32:37 AM
28247A,N,V,10/17/2025 04:27:17 PM
28247B,N,O,10/17/2025 04:34:20 PM
28248B,N,O,04/04/2026 09:13:06 AM
28249A,N,V,04/04/2026 09:47:00 AM
28249B,N,V,04/04/2026 09:46:12 AM
28250A,N,O,04/04/2026 09:30:25 AM
28250B,N,V,04/03/2026 04:47:25 PM
28251A,N,V,04/04/2026 07:28:27 AM
28251B,N,O,04/04/2026 09:48:14 AM
28252A,N,V,03/31/2026 10:24:39 AM
28252B,N,V,04/01/2026 11:02:58 AM
28253A,N,V,04/04/2026 09:08:11 AM
28253B,N,V,04/04/2026 09:09:42 AM
28254A,N,V,04/04/2026 09:34:55 AM
28254B,N,V,04/04/2026 09:33:20 AM
28255A,N,V,04/04/2026 09:29:48 AM
28255B,N,V,04/04/2026 08:13:06 AM
28256A,N,O,04/04/2026 09:19:56 AM
28256B,N,V,04/04/2026 09:38:24 AM
28257A,N,O,04/04/2026 09:10:37 AM
28257B,N,V,04/04/2026 09:45:51 AM
28258A,N,V,04/03/2026 06:51:48 PM
28258B,N,V,04/03/2026 05:27:33 PM
28259A,N,O,04/04/2026 09:30:26 AM
28260A,N,V,04/04/2026 09:48:51 AM
28261A,N,V,04/04/2026 09:24:04 AM
28262A,N,V,04/04/2026 07:21:16 AM
28263A,N,V,04/03/2026 09:56:15 AM
28263B,N,V,04/04/2026 07:35:55 AM
28264A,N,V,04/04/2026 08:28:17 AM
28264B,N,V,03/30/2026 12:16:16 PM
28265A,N,V,04/04/2026 08:14:42 AM
28265B,N,V,04/03/2026 05:41:57 PM
28266A,N,V,04/03/2026 05:44:19 PM
28266B,N,V,04/03/2026 05:44:15 PM
28267A,N,V,04/04/2026 09:22:51 AM
28267B,N,V,04/03/2026 03:39:19 PM
28269A,N,V,04/03/2026 06:46:13 PM
28269B,N,V,04/04/2026 07:56:03 AM
28270A,N,V,04/03/2026 05:54:44 PM
28270B,N,V,04/04/2026 07:21:15 AM
28271A,N,V,04/03/2026 05:48:04 PM
28271B,N,V,04/03/2026 05:45:44 PM
28272A,N,V,04/03/2026 12:04:12 PM
28272B,N,V,04/03/2026 11:48:38 AM
28273A,N,V,04/03/2026 05:39:35 PM
28273B,N,V,04/01/2026 05:44:18 PM
28274A,N,V,04/01/2026 01:33:54 PM
28274B,N,V,04/02/2026 02:05:15 PM
28275A,N,V,04/03/2026 11:37:53 AM
28275B,N,V,04/04/2026 07:41:24 AM
28276A,N,V,04/03/2026 12:21:54 PM
28276B,N,V,04/04/2026 07:56:14 AM
28277A,N,V,04/04/2026 07:47:42 AM
28277B,N,V,04/04/2026 07:55:46 AM
28278A,N,V,04/03/2026 05:49:36 PM
28278B,N,V,04/04/2026 07:05:22 AM
28279A,N,V,04/04/2026 07:44:49 AM
28279B,N,O,04/04/2026 09:28:06 AM
2827A,N,O,04/04/2026 08:57:47 AM
2827B,N,V,04/03/2026 09:15:02 PM
28280A,N,V,04/04/2026 08:26:16 AM
28280B,N,V,04/04/2026 08:31:02 AM
28281A,N,V,04/03/2026 03:31:33 PM
28281B,N,V,04/03/2026 03:31:33 PM
28282A,N,V,04/03/2026 07:59:29 AM
28282B,N,V,04/03/2026 05:48:23 PM
28283A,N,O,04/03/2026 07:35:46 PM
28283B,N,O,04/02/2026 04:37:26 PM
28284A,N,V,03/31/2026 05:53:39 PM
28284B,N,V,03/30/2026 04:58:35 PM
28285A,N,V,04/02/2026 07:13:03 PM
28285B,N,V,03/31/2026 10:17:31 AM
28287B,N,O,04/04/2026 07:49:02 AM
28288A,N,O,04/04/2026 09:13:57 AM
28289A,N,O,04/03/2026 07:19:20 PM
28289B,N,V,04/04/2026 09:51:29 AM
2828A,N,V,04/04/2026 09:49:10 AM
2828B,N,V,04/04/2026 09:50:13 AM
28290A,N,O,04/04/2026 09:42:30 AM
28290B,N,O,04/04/2026 09:39:18 AM
28291B,N,O,04/04/2026 08:55:36 AM
28292A,N,O,04/03/2026 07:23:11 PM
28292B,N,O,04/04/2026 06:57:43 AM
28293A,N,V,04/03/2026 05:24:16 PM
28293B,N,V,04/03/2026 11:29:37 AM
28294A,N,V,04/04/2026 07:20:48 AM
28294B,N,V,04/04/2026 07:39:17 AM
28295A,N,O,04/04/2026 09:12:04 AM
28295B,N,O,04/04/2026 09:51:04 AM
28296A,N,O,04/04/2026 08:08:21 AM
28296B,N,V,04/04/2026 09:51:15 AM
28297A,N,O,04/04/2026 08:00:59 AM
28297B,N,O,04/04/2026 08:16:46 AM
28298A,N,O,04/04/2026 07:37:03 AM
28298B,N,V,04/04/2026 08:36:04 AM
28299A,N,O,04/04/2026 09:22:35 AM
28299B,N,O,04/04/2026 08:28:19 AM
2829A,N,O,04/04/2026 09:41:08 AM
28300A,N,V,04/04/2026 08:04:57 AM
28300B,N,O,04/04/2026 07:24:42 AM
28301A,N,O,04/04/2026 07:23:51 AM
28301B,N,O,04/04/2026 07:22:32 AM
28302A,N,O,04/04/2026 07:54:27 AM
28302B,N,O,04/04/2026 08:32:01 AM
28303A,N,V,04/04/2026 09:51:43 AM
28303B,N,O,04/04/2026 08:05:39 AM
28304A,N,O,04/04/2026 07:19:05 AM
28304B,N,O,04/04/2026 07:46:21 AM
28306A,N,V,04/04/2026 09:16:53 AM
28306B,N,V,04/04/2026 09:16:56 AM
28307A,N,V,04/03/2026 06:28:38 PM
28307B,N,V,04/03/2026 05:20:07 PM
28308A,N,O,04/04/2026 09:07:03 AM
28308B,N,V,04/03/2026 05:11:19 PM
28309A,N,V,04/04/2026 07:56:52 AM
28309B,N,O,04/03/2026 06:56:01 AM
2830B,N,O,04/04/2026 09:48:30 AM
28310A,N,V,04/04/2026 08:14:16 AM
28311A,N,O,04/04/2026 08:51:48 AM
28311B,N,V,04/04/2026 09:51:31 AM
28312A,N,V,04/03/2026 07:05:17 PM
28312B,N,V,04/03/2026 05:43:53 PM
28313A,N,O,04/04/2026 08:43:26 AM
28314A,N,V,04/03/2026 07:33:10 PM
28315A,N,V,04/03/2026 11:55:28 AM
28315B,N,O,04/02/2026 01:39:57 PM
28316A,N,V,04/02/2026 07:36:12 PM
28316B,N,V,04/04/2026 09:50:33 AM
28317A,N,V,04/03/2026 10:31:51 AM
28317B,N,V,04/03/2026 03:30:15 PM
28318A,N,V,03/27/2026 04:22:39 PM
28318B,N,V,04/03/2026 11:14:28 AM
28319A,N,O,03/30/2026 12:48:30 PM
28319B,N,V,04/04/2026 07:01:07 AM
2831A,N,V,04/04/2026 09:48:57 AM
2831B,N,O,04/04/2026 09:34:32 AM
28320A,N,V,03/29/2026 08:45:43 AM
28320B,N,V,04/03/2026 01:23:37 PM
28321A,N,V,03/30/2026 03:15:51 PM
28321B,N,O,04/04/2026 06:58:47 AM
28322A,N,V,04/02/2026 03:28:43 PM
28322B,N,V,03/08/2026 11:49:46 AM
28323A,N,V,04/03/2026 03:05:35 PM
28323B,N,V,04/03/2026 06:27:17 PM
28324A,N,V,03/31/2026 06:32:54 PM
28324B,N,O,03/31/2026 11:55:37 AM
28325A,N,O,04/04/2026 09:08:15 AM
28325B,N,V,04/04/2026 09:05:54 AM
28326A,N,O,04/04/2026 09:00:20 AM
28326B,N,V,04/04/2026 09:27:04 AM
28327A,N,O,04/04/2026 09:51:32 AM
28327B,N,O,04/04/2026 09:33:57 AM
28328A,N,V,04/04/2026 09:24:22 AM
28328B,N,V,04/04/2026 09:48:40 AM
28329A,N,O,04/04/2026 06:55:49 AM
28329B,N,V,04/03/2026 06:09:29 PM
2832A,N,V,04/04/2026 09:51:42 AM
2832B,N,V,04/03/2026 08:22:34 PM
28331A,N,V,04/03/2026 05:35:17 PM
28331B,N,V,04/04/2026 07:59:47 AM
28332A,N,O,04/04/2026 06:57:47 AM
28332B,N,O,04/04/2026 06:57:47 AM
28333A,N,V,04/04/2026 08:04:06 AM
28333B,N,O,04/02/2026 07:01:33 PM
28334A,N,V,04/04/2026 09:23:59 AM
28334B,N,V,04/03/2026 04:33:35 PM
28335A,N,V,04/04/2026 09:30:22 AM
28335B,N,V,04/03/2026 04:21:43 PM
28336A,N,O,04/03/2026 04:15:51 PM
28336B,N,O,04/04/2026 09:51:25 AM
28337A,N,O,04/03/2026 04:32:43 PM
28337B,N,O,04/03/2026 07:31:10 PM
28338A,N,V,04/03/2026 05:38:47 PM
28338B,N,O,04/03/2026 07:39:31 PM
28339B,N,O,04/04/2026 09:50:06 AM
2833A,N,V,04/04/2026 09:51:19 AM
2833B,N,O,04/04/2026 09:04:56 AM
28340A,N,O,04/04/2026 09:46:22 AM
28340B,N,V,04/03/2026 03:55:59 PM
28341A,N,O,04/04/2026 09:38:24 AM
28341B,N,V,04/03/2026 03:27:16 PM
28342A,N,O,04/04/2026 07:58:05 AM
28342B,N,O,04/04/2026 08:03:13 AM
28343A,N,O,04/04/2026 09:47:18 AM
28343B,N,O,04/04/2026 09:42:41 AM
28344A,N,O,04/04/2026 09:41:06 AM
28344B,N,V,04/03/2026 06:02:25 PM
28345A,N,V,04/03/2026 04:31:39 PM
28345B,N,O,04/04/2026 09:35:22 AM
28346A,N,V,04/04/2026 08:52:39 AM
28346B,N,O,04/04/2026 08:52:50 AM
28347A,N,V,04/04/2026 07:50:32 AM
28347B,N,O,04/04/2026 09:47:34 AM
28348A,N,O,04/04/2026 09:21:44 AM
28348B,N,O,04/04/2026 06:56:49 AM
28349A,N,O,04/04/2026 06:55:57 AM
28349B,N,O,04/04/2026 06:55:53 AM
2834A,N,O,04/04/2026 09:45:10 AM
2834B,N,O,04/04/2026 08:55:49 AM
28350A,N,V,04/03/2026 04:37:12 PM
28350B,N,V,04/04/2026 08:08:09 AM
28351A,N,V,04/03/2026 07:56:55 PM
28351B,N,V,04/04/2026 08:27:13 AM
28352A,N,O,04/03/2026 07:56:40 PM
28352B,N,V,04/03/2026 05:01:27 PM
28353A,N,V,04/02/2026 11:23:05 AM
28353B,N,V,04/03/2026 04:58:52 PM
28354A,N,V,04/03/2026 04:59:23 PM
28354B,N,V,04/03/2026 02:58:59 PM
28355A,N,V,04/01/2026 07:18:43 AM
28355B,N,V,04/04/2026 07:00:39 AM
28356A,N,V,04/04/2026 09:06:37 AM
28356B,N,V,04/02/2026 03:33:42 PM
28357A,N,V,04/03/2026 05:39:40 PM
28357B,N,V,04/04/2026 07:17:02 AM
28358A,N,V,04/03/2026 04:16:55 PM
28358B,N,O,04/04/2026 09:38:40 AM
28359A,N,V,09/29/2025 12:19:57 PM
28359B,N,V,04/02/2026 02:20:09 PM
2835A,N,O,04/04/2026 09:04:47 AM
2835B,N,V,04/03/2026 09:30:24 PM
28361A,N,V,04/04/2026 08:06:36 AM
28361B,N,V,04/03/2026 10:23:03 AM
28362A,N,O,04/04/2026 06:57:50 AM
28362B,N,O,04/04/2026 07:34:26 AM
28363A,N,V,04/03/2026 04:56:05 PM
28363B,N,V,04/04/2026 07:01:59 AM
28364A,N,O,04/04/2026 06:55:51 AM
28364B,N,O,04/04/2026 09:45:55 AM
28365A,N,O,04/04/2026 06:59:42 AM
28366A,N,O,04/04/2026 09:09:18 AM
28366B,N,O,04/04/2026 09:46:51 AM
28367A,N,O,04/04/2026 09:31:36 AM
28367B,N,V,04/04/2026 09:47:47 AM
28369A,N,V,04/04/2026 09:46:16 AM
28369B,N,V,04/04/2026 09:38:21 AM
2836A,NU,O,03/31/2026 11:59:55 PM
2836B,NU,O,03/31/2026 11:45:02 PM
28370A,N,V,04/03/2026 07:12:21 PM
28370B,N,O,04/04/2026 06:59:40 AM
28371A,N,V,04/04/2026 08:16:42 AM
28371B,N,O,04/04/2026 09:40:03 AM
28372A,N,V,04/04/2026 09:15:33 AM
28372B,N,V,04/03/2026 04:31:02 PM
28373A,N,O,04/03/2026 05:19:12 PM
28373B,N,V,04/03/2026 10:36:44 AM
28374A,N,V,04/04/2026 08:16:18 AM
28374B,N,V,04/03/2026 06:37:07 PM
28375A,N,V,04/04/2026 07:50:31 AM
28375B,N,O,04/04/2026 06:59:49 AM
28376A,N,O,04/04/2026 06:58:49 AM
28376B,N,V,04/04/2026 07:50:50 AM
28377A,N,V,04/04/2026 08:41:56 AM
28377B,N,V,04/03/2026 04:19:59 PM
28378A,N,V,04/04/2026 08:09:21 AM
28378B,N,O,04/03/2026 03:05:26 PM
28379A,N,O,04/04/2026 09:42:03 AM
2837A,N,O,04/04/2026 09:51:22 AM
2837B,N,V,04/03/2026 09:59:07 PM
28380A,N,O,04/02/2026 07:01:58 PM
28380B,N,V,04/03/2026 09:21:07 AM
28381A,N,V,04/02/2026 08:11:31 AM
28381B,N,V,04/02/2026 05:59:22 PM
28382A,N,V,04/03/2026 02:35:09 PM
28382B,N,V,04/03/2026 02:01:23 PM
28383A,N,V,04/03/2026 04:06:50 PM
28383B,N,O,04/04/2026 08:01:07 AM
28384A,N,V,04/02/2026 10:31:35 AM
28384B,N,V,04/03/2026 02:45:32 PM
28385A,N,V,04/03/2026 06:18:26 PM
28385B,N,V,04/03/2026 03:11:49 PM
28386A,N,V,04/03/2026 06:22:29 PM
28386B,N,V,04/03/2026 01:36:13 PM
28387A,N,V,04/03/2026 03:10:35 PM
28387B,N,V,04/03/2026 04:23:55 PM
28388A,N,V,04/03/2026 08:08:17 AM
28388B,N,V,04/03/2026 08:08:17 AM
2838A,N,O,04/04/2026 08:56:44 AM
2838B,N,V,04/04/2026 09:50:02 AM
28390B,N,V,04/04/2026 08:34:29 AM
28391A,N,V,04/03/2026 04:34:48 PM
28391B,N,V,04/02/2026 05:53:07 PM
28392A,N,O,04/04/2026 09:51:36 AM
28392B,N,V,04/03/2026 02:38:09 PM
28393A,N,V,04/04/2026 09:40:43 AM
28393B,N,O,04/04/2026 06:56:43 AM
28394A,NU,V,04/03/2026 06:08:55 PM
28394B,NU,V,04/03/2026 12:54:28 PM
28395A,N,V,04/04/2026 08:32:24 AM
28395B,N,O,04/04/2026 06:59:59 AM
28396A,N,V,04/04/2026 09:46:07 AM
28396B,N,O,04/04/2026 06:58:43 AM
28397A,N,V,04/04/2026 09:49:28 AM
28397B,N,O,04/04/2026 08:25:13 AM
28398A,N,O,04/04/2026 06:56:47 AM
28398B,N,V,04/04/2026 09:06:28 AM
28399A,N,V,04/04/2026 09:50:24 AM
28399B,N,V,04/03/2026 07:52:49 PM
2839A,N,O,04/04/2026 09:35:34 AM
2839B,N,O,04/04/2026 09:50:37 AM
28400B,N,V,04/04/2026 08:51:30 AM
28401A,N,O,04/04/2026 09:51:19 AM
28401B,N,V,04/04/2026 09:35:29 AM
28403B,N,O,04/03/2026 06:27:50 PM
28404A,N,V,04/03/2026 03:06:35 PM
28404B,N,V,04/02/2026 11:53:11 AM
28405A,N,V,04/04/2026 08:19:06 AM
28405B,N,O,04/04/2026 09:51:11 AM
28406A,N,V,04/04/2026 09:32:36 AM
28406B,N,O,09/26/2025 01:35:41 PM
28407A,N,V,04/03/2026 11:04:26 AM
28407B,N,V,04/03/2026 11:04:26 AM
28408A,N,V,04/03/2026 05:28:47 PM
28408B,N,V,04/01/2026 04:14:51 PM
28409A,N,V,04/03/2026 07:59:02 PM
28409B,N,V,04/04/2026 09:50:20 AM
2840B,N,O,04/04/2026 08:59:45 AM
28410A,N,V,04/04/2026 09:44:19 AM
28410B,N,V,04/04/2026 09:37:15 AM
28411A,N,V,04/04/2026 09:48:21 AM
28411B,N,O,04/04/2026 09:50:27 AM
28412A,N,V,04/04/2026 09:51:44 AM
28412B,N,V,04/03/2026 07:53:29 PM
28413A,N,V,04/04/2026 09:27:38 AM
28413B,N,O,04/04/2026 07:21:49 AM
28414A,N,O,08/28/2025 04:14:18 PM
28414B,N,O,04/04/2026 07:39:19 AM
28415A,N,V,04/04/2026 09:32:03 AM
28415B,N,O,04/04/2026 08:33:03 AM
28416A,N,V,04/04/2026 09:47:54 AM
28416B,N,V,04/04/2026 08:34:57 AM
28417A,N,V,04/04/2026 09:25:38 AM
28417B,N,O,04/04/2026 08:50:30 AM
28418A,N,V,04/04/2026 09:32:18 AM
28418B,N,V,04/04/2026 07:09:26 AM
28419A,N,V,04/04/2026 09:00:08 AM
28419B,N,O,04/04/2026 09:36:20 AM
28420A,N,V,04/03/2026 03:59:20 PM
28420B,N,V,04/03/2026 07:07:21 PM
28421A,N,V,04/04/2026 08:38:46 AM
28421B,N,V,04/04/2026 09:30:50 AM
28422A,N,O,04/04/2026 06:57:46 AM
28422B,N,V,04/03/2026 04:28:46 PM
28423A,N,V,04/04/2026 08:40:13 AM
28423B,N,V,04/04/2026 09:43:08 AM
28424A,N,V,04/04/2026 09:43:23 AM
28424B,N,V,04/03/2026 07:46:52 PM
28425A,N,V,04/04/2026 08:00:51 AM
28426A,N,V,04/03/2026 07:11:42 PM
28427A,N,V,04/04/2026 09:02:20 AM
28427B,N,V,04/03/2026 07:14:34 PM
28428A,N,V,04/04/2026 09:50:49 AM
28428B,N,O,04/04/2026 06:56:50 AM
28429A,N,O,04/04/2026 08:09:40 AM
28429B,N,O,04/04/2026 06:55:54 AM
28430A,N,V,04/04/2026 09:40:47 AM
28430B,N,V,04/04/2026 08:00:08 AM
28431A,N,O,04/04/2026 08:55:58 AM
28431B,N,V,04/04/2026 08:55:35 AM
28432A,N,O,04/04/2026 08:28:17 AM
28432B,N,V,04/04/2026 09:51:36 AM
28433A,N,O,04/04/2026 09:48:31 AM
28433B,N,V,04/04/2026 09:50:51 AM
28434A,N,V,04/04/2026 09:00:11 AM
28434B,N,O,04/04/2026 09:39:57 AM
28435A,N,V,04/04/2026 07:08:51 AM
28435B,N,V,04/03/2026 06:20:15 PM
28436A,N,V,04/03/2026 06:20:32 PM
28436B,N,O,04/02/2026 07:53:27 PM
28437A,N,O,04/03/2026 07:22:15 PM
28437B,N,V,04/04/2026 09:44:45 AM
28438A,N,V,04/04/2026 07:10:03 AM
28438B,N,V,04/04/2026 07:17:38 AM
28439A,N,V,04/03/2026 05:44:00 PM
28439B,N,V,04/04/2026 07:17:01 AM
28440A,N,V,04/04/2026 09:01:25 AM
28440B,N,V,04/04/2026 09:19:05 AM
28441A,N,V,04/03/2026 06:41:22 PM
28441B,N,V,04/04/2026 09:45:57 AM
28442A,N,V,04/04/2026 07:58:29 AM
28442B,N,V,04/03/2026 06:17:13 PM
28443A,N,O,04/04/2026 09:11:16 AM
28443B,N,V,04/04/2026 09:26:31 AM
28444A,N,V,04/04/2026 08:06:24 AM
28444B,N,V,04/04/2026 08:06:45 AM
28445A,N,O,04/04/2026 09:50:55 AM
28445B,N,O,04/04/2026 09:45:50 AM
28446A,N,O,04/04/2026 09:48:48 AM
28446B,N,V,04/04/2026 09:17:41 AM
28447A,N,V,04/04/2026 07:56:08 AM
28447B,N,V,04/04/2026 09:51:15 AM
28448B,N,O,04/04/2026 09:48:13 AM
28449A,N,V,04/04/2026 09:44:03 AM
28449B,N,V,04/04/2026 09:45:49 AM
28450A,N,V,04/04/2026 09:48:34 AM
28450B,N,O,04/04/2026 06:59:49 AM
28451A,N,O,04/02/2026 03:23:03 PM
28451B,N,V,04/02/2026 03:26:30 PM
28452A,N,V,04/03/2026 02:44:10 PM
28452B,N,V,04/03/2026 02:25:19 PM
28453A,N,V,04/03/2026 02:21:14 PM
28453B,N,O,04/04/2026 09:51:40 AM
28454A,N,V,04/03/2026 07:59:53 PM
28454B,N,V,04/03/2026 03:05:30 PM
28455A,N,V,04/03/2026 03:04:43 PM
28455B,N,V,04/03/2026 02:26:10 PM
28456A,N,V,04/03/2026 06:33:45 PM
28456B,N,V,04/01/2026 04:16:32 PM
28457A,N,V,04/03/2026 11:53:45 AM
28457B,N,V,04/03/2026 02:34:25 PM
28458A,N,V,04/03/2026 03:34:20 PM
28458B,N,V,04/04/2026 09:50:35 AM
28459A,N,V,04/03/2026 02:05:50 PM
28459B,N,V,04/03/2026 02:06:50 PM
28460B,N,V,04/04/2026 09:50:42 AM
28461A,N,O,04/04/2026 09:51:14 AM
28461B,N,O,04/04/2026 09:43:56 AM
28462A,N,V,04/03/2026 04:32:53 PM
28462B,N,V,04/03/2026 04:39:44 PM
28463A,N,V,04/03/2026 02:47:39 PM
28463B,N,V,04/03/2026 01:39:57 PM
28464A,N,V,04/04/2026 08:04:16 AM
28464B,N,V,04/01/2026 03:14:42 PM
28465A,N,V,04/03/2026 10:20:13 AM
28465B,N,V,04/04/2026 09:00:41 AM
28466A,N,V,04/03/2026 03:03:20 PM
28467A,N,V,04/01/2026 06:16:11 PM
28467B,N,V,03/30/2026 06:15:11 PM
28468A,N,V,03/30/2026 05:35:58 PM
28468B,N,V,04/03/2026 05:05:36 PM
28469A,N,V,04/04/2026 08:34:17 AM
28469B,N,O,04/03/2026 01:56:37 PM
28470A,N,V,04/04/2026 09:47:14 AM
28470B,N,V,04/04/2026 08:34:17 AM
28471A,N,V,04/04/2026 08:38:05 AM
28471B,N,V,04/04/2026 08:38:12 AM
28472A,N,O,04/04/2026 09:31:28 AM
28472B,N,V,04/03/2026 05:01:54 PM
28473A,N,O,04/04/2026 09:45:56 AM
28473B,N,V,04/04/2026 09:51:16 AM
28474A,N,O,04/04/2026 09:50:52 AM
28474B,N,V,04/04/2026 09:51:33 AM
28475A,N,O,04/04/2026 09:51:42 AM
28475B,N,V,04/03/2026 05:33:31 PM
28476A,N,O,04/04/2026 09:49:54 AM
28476B,N,O,04/04/2026 09:45:40 AM
28477A,N,O,04/04/2026 09:51:40 AM
28477B,N,O,04/04/2026 09:47:37 AM
28478A,N,O,04/04/2026 07:46:25 AM
28478B,N,V,04/04/2026 09:01:27 AM
28479B,N,V,04/03/2026 08:01:16 AM
2847A,N,O,04/04/2026 08:57:46 AM
2847B,N,O,04/04/2026 09:46:39 AM
28480A,N,V,04/04/2026 08:47:13 AM
28480B,N,V,04/03/2026 02:48:23 PM
28481A,N,V,04/03/2026 05:41:48 PM
28481B,N,V,04/03/2026 04:18:05 PM
28482A,N,V,04/04/2026 08:03:50 AM
28482B,N,V,04/04/2026 09:40:13 AM
28483A,N,V,04/04/2026 09:43:17 AM
28483B,N,V,04/03/2026 02:49:09 PM
28484A,N,V,04/03/2026 06:21:34 PM
28484B,N,V,04/03/2026 04:38:19 PM
28485A,N,V,04/03/2026 10:21:04 AM
28485B,N,O,04/04/2026 09:19:25 AM
28486A,N,V,04/03/2026 03:34:09 PM
28486B,N,V,04/03/2026 03:42:04 PM
28487A,N,V,04/02/2026 09:34:44 AM
28487B,N,V,04/01/2026 06:15:07 PM
28488A,N,V,04/03/2026 04:24:30 PM
28488B,N,V,04/03/2026 04:24:42 PM
28489A,N,V,04/03/2026 02:29:03 PM
28489B,N,V,04/03/2026 08:07:42 AM
2848A,N,O,04/04/2026 09:51:38 AM
2848B,N,O,04/04/2026 09:15:47 AM
28490A,N,V,04/03/2026 11:59:11 AM
28490B,N,V,04/02/2026 12:16:09 PM
28491A,N,V,04/04/2026 09:45:18 AM
28491B,N,O,04/04/2026 08:27:46 AM
28492A,N,O,04/04/2026 09:25:08 AM
28492B,N,O,04/04/2026 09:51:30 AM
28493A,N,V,04/04/2026 07:39:47 AM
28493B,N,V,04/03/2026 11:54:56 AM
28494A,N,V,04/04/2026 07:59:36 AM
28494B,N,V,04/04/2026 07:59:20 AM
28497A,N,O,04/04/2026 08:09:43 AM
28497B,N,O,04/04/2026 06:57:49 AM
28498A,N,V,04/04/2026 09:40:28 AM
28498B,N,V,04/04/2026 09:51:38 AM
28499A,N,O,04/04/2026 09:51:07 AM
28499B,N,V,04/04/2026 09:09:37 AM
2849A,N,O,04/04/2026 08:55:44 AM
2849B,N,O,04/04/2026 08:55:52 AM
284A,N,V,04/03/2026 09:48:25 PM
284B,N,O,04/03/2026 09:25:56 PM
28500B,N,O,04/04/2026 09:07:21 AM
28501A,N,V,04/04/2026 08:36:23 AM
28501B,N,O,04/04/2026 09:46:21 AM
28502A,N,V,03/30/2026 02:16:09 PM
28502B,N,V,04/02/2026 12:42:47 PM
28503A,N,V,04/03/2026 06:09:35 PM
28503B,N,V,04/02/2026 11:32:43 AM
28504A,N,V,04/02/2026 03:09:02 PM
28504B,N,V,04/03/2026 06:09:38 PM
28505A,N,V,04/02/2026 02:15:29 PM
28505B,N,V,04/03/2026 12:33:54 PM
28506A,N,V,04/04/2026 08:04:49 AM
28506B,N,V,04/04/2026 07:52:55 AM
28507A,N,V,04/01/2026 02:54:48 PM
28507B,N,V,04/01/2026 02:47:03 PM
28508A,N,V,04/04/2026 08:33:16 AM
28508B,N,V,04/03/2026 07:31:06 PM
28509A,N,V,04/03/2026 02:14:25 PM
28509B,N,V,04/03/2026 02:53:59 PM
28510A,N,V,04/04/2026 08:03:55 AM
28510B,N,V,04/04/2026 09:18:04 AM
28511A,N,V,04/02/2026 05:27:06 PM
28511B,N,V,04/03/2026 11:51:02 AM
28512A,N,V,04/02/2026 02:23:33 PM
28512B,N,V,04/02/2026 02:25:11 PM
28513A,N,V,04/04/2026 08:03:02 AM
28513B,N,O,04/01/2026 09:47:48 AM
28514A,N,V,04/03/2026 06:24:22 PM
28515B,N,V,04/02/2026 05:25:40 PM
28516A,N,O,04/03/2026 05:06:14 PM
28516B,N,V,04/04/2026 08:20:51 AM
28517A,N,V,04/03/2026 11:57:54 AM
28517B,N,V,04/03/2026 03:12:39 PM
28518A,N,V,04/02/2026 09:02:37 AM
28518B,N,V,04/04/2026 08:29:13 AM
28521A,N,V,04/04/2026 09:21:13 AM
28521B,N,V,04/04/2026 09:22:57 AM
28522A,N,V,04/03/2026 04:42:45 PM
28522B,N,V,04/03/2026 07:34:56 PM
28523A,N,V,04/03/2026 06:41:02 PM
28523B,N,V,04/03/2026 05:59:18 PM
28524A,N,V,04/04/2026 09:50:30 AM
28524B,N,V,04/04/2026 09:32:23 AM
28525A,N,V,01/10/2026 12:18:44 PM
28525B,N,O,04/04/2026 09:32:46 AM
28526A,N,V,04/03/2026 03:11:31 PM
28526B,N,O,04/03/2026 05:49:17 PM
28527A,N,V,04/04/2026 09:51:27 AM
28527B,N,O,04/04/2026 09:49:26 AM
28528A,N,O,04/03/2026 06:42:36 PM
28528B,N,O,04/04/2026 09:13:31 AM
28529A,N,V,04/04/2026 09:04:36 AM
28529B,N,V,04/04/2026 08:50:07 AM
2852A,N,O,04/04/2026 08:57:47 AM
2852B,N,O,04/04/2026 08:57:47 AM
28530A,N,V,04/03/2026 05:59:05 PM
28530B,N,O,04/03/2026 05:58:50 PM
28531A,N,V,04/03/2026 05:13:55 PM
28531B,N,V,04/03/2026 06:37:15 PM
28532A,N,V,04/03/2026 03:22:24 PM
28532B,N,V,04/03/2026 03:09:13 PM
28533A,N,V,04/04/2026 08:27:40 AM
28533B,N,V,04/04/2026 08:30:07 AM
28534A,N,O,04/04/2026 09:41:29 AM
28534B,N,V,04/03/2026 04:29:07 PM
28535A,N,V,04/04/2026 09:34:49 AM
28535B,N,V,04/03/2026 07:39:44 PM
28536A,N,V,04/03/2026 06:55:45 PM
28536B,N,O,04/03/2026 07:55:38 PM
28537A,N,V,04/03/2026 02:22:33 PM
28537B,N,V,04/01/2026 03:18:51 PM
28538A,N,V,04/03/2026 04:41:47 PM
28538B,N,V,04/03/2026 04:25:51 PM
28539A,N,V,04/01/2026 12:27:19 PM
28539B,N,V,04/03/2026 06:02:39 PM
2853A,N,O,04/04/2026 08:56:45 AM
28540A,N,V,04/04/2026 09:26:24 AM
28540B,N,V,04/03/2026 05:37:43 PM
28541A,N,V,04/03/2026 12:42:04 PM
28541B,N,V,04/03/2026 01:04:59 PM
28542A,N,V,04/03/2026 06:05:07 PM
28542B,N,V,04/03/2026 06:01:41 PM
28543A,N,V,04/04/2026 07:25:42 AM
28543B,N,V,04/03/2026 07:32:25 PM
28544A,N,V,04/03/2026 03:59:11 PM
28544B,N,V,04/03/2026 03:59:18 PM
28545A,N,V,04/03/2026 03:45:58 PM
28545B,N,V,04/03/2026 04:50:20 PM
28546A,N,V,04/04/2026 08:52:24 AM
28546B,N,V,04/03/2026 05:48:32 PM
28547A,N,V,04/03/2026 05:08:35 PM
28547B,N,V,04/04/2026 07:40:25 AM
28548A,N,V,04/03/2026 06:02:14 PM
28548B,N,V,04/03/2026 03:19:18 PM
28549B,N,O,04/04/2026 06:55:46 AM
28550A,N,V,04/03/2026 05:43:48 PM
28550B,N,V,04/03/2026 05:38:01 PM
28551A,N,V,04/03/2026 07:59:55 PM
28551B,N,V,04/04/2026 09:48:06 AM
28552A,N,V,04/04/2026 09:46:12 AM
28552B,N,O,04/04/2026 06:58:31 AM
28553A,N,V,04/03/2026 10:34:52 AM
28553B,N,O,04/04/2026 09:40:08 AM
28554A,N,O,04/04/2026 09:51:43 AM
28554B,N,V,04/03/2026 05:10:09 PM
28555A,N,V,04/03/2026 06:26:54 PM
28555B,N,V,04/03/2026 06:16:28 PM
28556A,N,O,04/04/2026 09:50:00 AM
28556B,N,O,04/04/2026 09:40:08 AM
28557A,N,O,04/04/2026 09:20:42 AM
28557B,N,V,04/04/2026 09:51:24 AM
28558A,N,V,04/04/2026 09:28:36 AM
28558B,N,V,04/04/2026 07:05:47 AM
28559A,N,O,04/04/2026 09:22:08 AM
28559B,N,V,04/04/2026 09:51:13 AM
28560A,N,V,04/04/2026 09:35:55 AM
28560B,N,O,04/04/2026 09:38:25 AM
28561A,N,O,04/04/2026 09:33:29 AM
28561B,N,V,04/04/2026 09:33:36 AM
28562A,N,V,04/04/2026 08:50:37 AM
28562B,N,V,04/03/2026 06:40:39 PM
28563A,N,V,04/04/2026 09:38:26 AM
28563B,N,V,04/04/2026 09:47:38 AM
28564A,N,V,04/02/2026 04:13:18 PM
28564B,N,V,04/04/2026 09:51:45 AM
28565A,N,V,04/03/2026 07:42:48 PM
28565B,N,V,04/04/2026 09:40:03 AM
28566A,N,V,04/04/2026 09:29:12 AM
28566B,N,V,04/03/2026 01:59:36 PM
28567A,N,V,04/04/2026 08:51:54 AM
28567B,N,V,03/30/2026 12:48:06 PM
28568A,N,V,04/03/2026 11:39:05 AM
28568B,N,V,04/03/2026 01:52:27 PM
28569B,N,V,04/03/2026 03:02:32 PM
28570A,N,V,04/04/2026 09:49:26 AM
28570B,N,V,04/04/2026 09:44:19 AM
28571A,N,V,04/04/2026 09:08:56 AM
28571B,N,O,04/04/2026 09:08:21 AM
28572A,N,V,04/04/2026 09:50:51 AM
28572B,N,V,04/04/2026 08:57:50 AM
28573A,N,O,04/04/2026 09:50:02 AM
28573B,N,V,04/04/2026 09:51:43 AM
28574A,N,V,04/04/2026 09:42:15 AM
28574B,N,V,04/04/2026 09:07:00 AM
28575A,N,V,04/04/2026 07:50:30 AM
28575B,N,V,04/03/2026 07:58:17 PM
28576A,N,V,04/03/2026 05:47:41 PM
28576B,N,V,04/04/2026 09:51:36 AM
28577A,N,V,04/04/2026 09:47:18 AM
28577B,N,V,04/03/2026 07:38:36 PM
28578A,N,O,04/04/2026 09:51:15 AM
28578B,N,V,04/04/2026 09:50:49 AM
28579A,N,V,04/04/2026 09:42:05 AM
28579B,N,V,04/04/2026 09:11:24 AM
2857A,N,O,04/04/2026 09:09:41 AM
2857B,N,O,04/04/2026 08:57:46 AM
28580A,N,V,04/04/2026 09:51:41 AM
28580B,N,V,04/04/2026 09:49:08 AM
28581A,N,O,04/04/2026 08:44:32 AM
28581B,N,O,04/04/2026 08:15:28 AM
28582A,N,O,04/04/2026 08:51:21 AM
28582B,N,O,04/04/2026 06:57:48 AM
28583A,N,O,04/04/2026 08:24:45 AM
28583B,N,O,04/04/2026 06:56:44 AM
28584A,N,O,04/04/2026 06:55:51 AM
28585A,N,V,04/03/2026 07:57:41 PM
28585B,N,O,04/03/2026 06:54:26 PM
28586A,N,V,04/04/2026 07:28:07 AM
28586B,N,V,04/04/2026 07:28:24 AM
28587A,N,V,04/04/2026 09:02:02 AM
28587B,N,V,04/03/2026 05:49:03 PM
28588B,N,V,04/03/2026 06:39:44 PM
28589A,N,O,04/04/2026 09:51:05 AM
28589B,N,O,04/03/2026 06:21:20 PM
2858A,N,O,04/04/2026 09:30:21 AM
2858B,N,O,04/04/2026 08:56:48 AM
28590A,N,V,04/03/2026 04:00:18 PM
28590B,N,V,04/03/2026 06:08:12 PM
28591A,N,V,04/04/2026 08:40:18 AM
28591B,N,O,04/04/2026 06:58:40 AM
28592A,N,O,04/04/2026 09:30:10 AM
28592B,N,V,04/04/2026 09:33:29 AM
28594A,N,V,04/03/2026 03:27:12 PM
28594B,N,V,04/03/2026 02:44:09 PM
28595A,N,V,04/04/2026 07:39:36 AM
28595B,N,V,04/03/2026 07:36:19 PM
28596A,N,V,04/04/2026 08:32:24 AM
28596B,N,V,04/03/2026 07:02:21 PM
28597A,N,V,04/04/2026 08:31:31 AM
28597B,N,V,04/04/2026 08:35:56 AM
28598A,N,V,04/03/2026 11:42:45 AM
28598B,N,V,04/03/2026 05:49:29 PM
28599A,N,V,04/03/2026 04:15:02 PM
28599B,N,V,04/03/2026 03:56:59 PM
2859A,N,O,04/04/2026 08:59:39 AM
2859B,N,O,04/04/2026 09:51:06 AM
285A,N,O,04/03/2026 09:26:57 PM
285B,N,O,04/03/2026 09:46:29 PM
28600A,N,V,04/03/2026 05:06:34 PM
28600B,N,V,04/03/2026 07:50:45 PM
28601A,N,O,04/04/2026 08:58:58 AM
28601B,N,O,04/03/2026 07:18:42 PM
28602A,N,O,04/03/2026 09:36:44 PM
28602B,N,V,04/04/2026 09:25:25 AM
28603A,N,V,04/04/2026 09:38:18 AM
28603B,N,V,04/04/2026 09:33:55 AM
28604A,N,V,04/03/2026 06:20:41 PM
28604B,N,O,04/04/2026 08:55:44 AM
28605A,N,O,04/04/2026 08:59:42 AM
28605B,N,V,04/03/2026 06:45:23 PM
28606A,N,O,04/03/2026 08:38:20 PM
28606B,N,V,04/03/2026 05:13:43 PM
28607A,N,O,04/04/2026 08:57:51 AM
28607B,N,O,04/04/2026 08:57:51 AM
28608A,N,V,04/04/2026 09:18:09 AM
28608B,N,O,04/04/2026 08:56:45 AM
28609A,N,O,04/04/2026 09:34:40 AM
28609B,N,V,04/04/2026 09:34:54 AM
2860B,N,O,04/04/2026 08:59:53 AM
28610A,N,V,04/03/2026 04:00:44 PM
28610B,N,O,04/03/2026 09:49:54 PM
28611A,N,V,04/03/2026 04:31:28 PM
28611B,N,V,04/03/2026 05:00:37 PM
28612A,N,O,04/04/2026 08:57:54 AM
28612B,N,O,04/04/2026 08:58:03 AM
28613A,N,O,04/04/2026 08:56:49 AM
28613B,N,V,04/04/2026 09:15:07 AM
28614A,N,V,04/03/2026 05:28:18 PM
28614B,N,O,04/03/2026 09:25:17 PM
28615A,N,V,04/03/2026 05:07:55 PM
28615B,N,V,04/03/2026 06:18:50 PM
28616A,N,V,04/03/2026 09:51:12 PM
28616B,N,V,04/03/2026 04:58:06 PM
28617A,N,V,04/03/2026 02:55:27 PM
28617B,N,V,04/04/2026 09:40:25 AM
28618A,N,V,04/03/2026 04:59:38 PM
28618B,N,V,04/04/2026 09:22:29 AM
28619A,N,V,04/03/2026 09:45:15 PM
28619B,N,V,04/04/2026 09:42:16 AM
2861A,N,O,04/04/2026 08:58:45 AM
2861B,N,O,04/04/2026 08:58:45 AM
28620A,N,V,04/03/2026 09:39:07 PM
28620B,N,O,04/04/2026 08:59:47 AM
28621A,N,V,04/04/2026 09:30:06 AM
28622A,N,V,04/04/2026 09:43:04 AM
28622B,N,O,04/03/2026 07:53:13 PM
28623A,N,V,04/04/2026 09:26:50 AM
28623B,N,O,04/03/2026 07:03:16 PM
28624A,N,V,04/04/2026 09:26:26 AM
28624B,N,O,04/03/2026 08:56:36 PM
28625A,N,V,04/04/2026 09:26:46 AM
28625B,N,O,04/03/2026 07:22:57 PM
28626A,N,O,04/04/2026 08:58:42 AM
28626B,N,O,04/04/2026 08:58:42 AM
28627A,N,O,04/04/2026 09:50:18 AM
28627B,N,O,04/04/2026 08:57:44 AM
28628A,N,O,04/04/2026 08:57:16 AM
28628B,N,O,04/04/2026 08:56:55 AM
28629A,N,O,04/04/2026 09:51:30 AM
28629B,N,O,04/04/2026 09:02:13 AM
2862A,N,O,04/04/2026 08:57:51 AM
2862B,N,V,04/04/2026 09:50:44 AM
28631A,N,O,04/04/2026 06:58:50 AM
28631B,N,V,04/03/2026 04:36:44 PM
28632A,N,V,04/04/2026 09:37:56 AM
28632B,N,V,04/03/2026 01:43:09 PM
28633A,N,V,04/04/2026 08:30:19 AM
28633B,N,V,04/04/2026 08:29:53 AM
28634A,N,V,04/04/2026 09:15:36 AM
28634B,N,V,04/03/2026 04:42:14 PM
28635A,N,O,04/04/2026 06:59:48 AM
28636A,N,V,04/04/2026 07:40:24 AM
28636B,N,V,04/03/2026 11:44:26 AM
28637A,N,V,04/03/2026 02:20:05 PM
28637B,N,V,04/03/2026 04:33:38 PM
28638A,N,V,04/04/2026 09:09:22 AM
28638B,N,V,04/03/2026 12:11:13 PM
28639A,N,V,04/04/2026 08:37:48 AM
28640A,N,V,04/04/2026 08:22:32 AM
28640B,N,O,04/03/2026 01:55:39 PM
28641A,N,O,04/04/2026 09:40:41 AM
28641B,N,V,04/04/2026 07:04:15 AM
28642A,N,V,04/04/2026 08:43:28 AM
28657A,N,V,04/04/2026 07:15:50 AM
28657B,N,V,04/04/2026 08:59:18 AM
28658A,N,O,04/03/2026 05:58:39 PM
28658B,N,O,04/04/2026 06:56:42 AM
28659B,N,O,04/04/2026 06:55:45 AM
28660A,N,O,04/04/2026 06:59:45 AM
28660B,N,O,04/04/2026 06:59:45 AM
28661A,N,V,04/03/2026 07:10:45 PM
28661B,N,V,04/04/2026 07:10:38 AM
28662A,N,V,04/04/2026 08:15:23 AM
28662B,N,V,04/03/2026 02:01:46 PM
28663A,N,V,04/04/2026 08:59:26 AM
28663B,N,V,04/04/2026 07:34:56 AM
28664B,N,V,04/04/2026 09:06:54 AM
28665A,N,O,04/04/2026 09:51:33 AM
28665B,N,V,04/04/2026 09:01:53 AM
28666A,N,V,04/04/2026 09:51:43 AM
28666B,N,O,04/04/2026 09:50:34 AM
28667A,N,O,04/04/2026 09:51:20 AM
28667B,N,O,04/04/2026 06:57:52 AM
28668A,N,V,04/04/2026 08:44:42 AM
28668B,N,O,04/04/2026 09:33:35 AM
28669A,N,O,04/04/2026 09:48:36 AM
28669B,N,O,04/04/2026 09:37:10 AM
28670A,N,V,04/04/2026 09:50:49 AM
28670B,N,O,04/04/2026 06:59:45 AM
28671A,N,V,04/04/2026 09:27:04 AM
28671B,N,O,04/04/2026 08:57:55 AM
28672A,N,O,12/12/2025 05:11:09 PM
28672B,N,V,04/03/2026 04:46:51 PM
28673A,N,O,04/04/2026 09:24:27 AM
28673B,N,V,04/04/2026 09:51:13 AM
28674A,N,O,04/04/2026 09:49:40 AM
28674B,N,V,04/03/2026 07:59:57 PM
28676A,N,V,04/03/2026 06:12:24 PM
28677A,N,V,04/03/2026 02:32:52 PM
28677B,N,V,04/04/2026 07:56:04 AM
28678A,N,V,04/02/2026 10:03:23 AM
28678B,N,V,04/02/2026 11:34:33 AM
28679A,N,V,04/02/2026 04:34:44 PM
28679B,N,V,04/03/2026 05:03:59 PM
28680A,N,V,04/03/2026 11:46:55 AM
28680B,N,V,04/04/2026 09:31:17 AM
28681A,N,V,04/04/2026 09:31:16 AM
28681B,N,V,04/04/2026 07:03:13 AM
28682A,N,V,04/03/2026 12:19:10 PM
28682B,N,V,04/03/2026 12:18:56 PM
28683A,N,V,04/03/2026 07:51:59 AM
28683B,N,V,04/02/2026 03:12:10 PM
28684A,N,V,04/03/2026 05:03:09 PM
28684B,N,V,04/02/2026 03:12:21 PM
28685A,N,O,04/03/2026 04:47:40 PM
28685B,N,V,04/03/2026 04:45:30 PM
28686A,N,V,04/03/2026 05:31:08 PM
28686B,N,V,04/03/2026 05:31:15 PM
28687A,N,V,04/03/2026 06:30:26 PM
28687B,N,V,04/03/2026 06:30:26 PM
28688A,N,V,04/04/2026 08:54:59 AM
28688B,N,O,04/04/2026 09:34:48 AM
28689A,N,V,04/03/2026 06:22:52 PM
28689B,N,V,04/03/2026 07:12:32 PM
2868A,N,O,04/03/2026 07:33:33 PM
2868B,N,O,04/04/2026 08:56:45 AM
28690A,N,O,04/04/2026 08:59:35 AM
28690B,N,V,04/03/2026 06:01:45 PM
28691A,N,V,04/03/2026 03:34:59 PM
28691B,N,V,04/03/2026 03:35:37 PM
28692A,N,V,04/04/2026 07:46:53 AM
28692B,N,O,04/03/2026 03:35:37 PM
28693A,N,V,04/03/2026 04:15:30 PM
28693B,N,O,04/04/2026 09:42:04 AM
28694A,N,O,04/04/2026 09:48:53 AM
28694B,N,V,04/03/2026 06:50:10 PM
28695A,N,V,04/01/2026 03:13:20 PM
28695B,N,V,04/03/2026 04:33:37 PM
28696A,N,V,04/03/2026 04:28:19 PM
28696B,N,V,04/01/2026 07:13:25 AM
28697A,N,O,04/04/2026 08:06:19 AM
28697B,N,V,04/04/2026 08:09:39 AM
28698A,N,V,04/03/2026 06:46:22 PM
28698B,N,V,04/04/2026 08:47:56 AM
28699B,N,O,04/04/2026 08:48:27 AM
2869A,N,O,04/04/2026 08:55:54 AM
2869B,N,O,04/04/2026 08:55:50 AM
286A,N,V,04/03/2026 09:21:53 PM
286B,N,V,04/03/2026 09:59:20 PM
28700A,N,V,04/03/2026 06:44:23 PM
28700B,N,V,04/03/2026 06:42:04 PM
28701A,N,V,04/04/2026 08:44:27 AM
28701B,N,V,04/03/2026 06:41:04 PM
28702A,N,V,04/03/2026 06:18:02 PM
28702B,N,V,04/04/2026 09:51:37 AM
28703A,N,V,04/03/2026 03:17:46 PM
28703B,N,V,04/01/2026 03:53:47 PM
28704A,N,O,04/04/2026 09:15:35 AM
28704B,N,V,04/04/2026 09:38:57 AM
28705A,N,V,04/03/2026 06:57:02 PM
28705B,N,V,04/04/2026 09:51:37 AM
28706A,N,O,04/04/2026 09:48:06 AM
28706B,N,V,04/04/2026 08:57:58 AM
28707A,N,V,04/04/2026 09:51:07 AM
28707B,N,V,04/04/2026 09:22:43 AM
28708A,N,V,04/04/2026 08:11:37 AM
28708B,N,V,04/04/2026 09:00:50 AM
2870A,N,O,04/04/2026 09:00:07 AM
28710A,N,V,03/31/2026 09:49:14 AM
28710B,N,V,04/03/2026 07:48:21 PM
28711A,N,O,04/03/2026 07:26:56 PM
28711B,N,V,04/03/2026 12:32:36 PM
28712A,N,V,04/03/2026 06:47:40 PM
28712B,N,V,04/03/2026 02:52:38 PM
28713A,N,V,04/03/2026 07:23:58 PM
28714A,N,V,04/03/2026 11:35:11 AM
28714B,N,V,04/02/2026 11:23:01 AM
28715A,N,O,04/04/2026 09:34:23 AM
28715B,N,V,04/04/2026 09:49:52 AM
28716A,N,O,04/03/2026 03:22:03 PM
28716B,N,V,04/04/2026 08:43:34 AM
28717A,N,V,04/04/2026 08:19:58 AM
28717B,N,V,04/03/2026 03:28:53 PM
28718A,N,O,04/04/2026 09:36:01 AM
28718B,N,V,04/02/2026 06:16:19 PM
28719A,N,V,04/03/2026 04:50:53 PM
28719B,N,O,04/04/2026 09:51:39 AM
2871A,N,O,04/04/2026 09:51:40 AM
2871B,N,O,04/04/2026 08:58:51 AM
28720A,N,V,04/03/2026 05:54:38 PM
28720B,N,V,04/03/2026 03:27:22 PM
28721A,N,V,04/04/2026 09:38:25 AM
28721B,N,V,04/03/2026 12:31:43 PM
28722A,N,V,04/03/2026 11:56:25 AM
28722B,N,O,04/04/2026 09:43:43 AM
28723A,N,V,04/04/2026 08:49:51 AM
28723B,N,V,04/04/2026 09:36:39 AM
28724A,N,V,04/03/2026 05:58:23 PM
28724B,N,V,04/04/2026 09:50:35 AM
28725A,N,O,04/04/2026 09:33:04 AM
28725B,N,V,04/04/2026 09:37:13 AM
28726A,N,V,04/03/2026 05:28:08 PM
28726B,N,V,04/03/2026 04:37:25 PM
28727A,N,V,04/03/2026 05:00:42 PM
28727B,N,V,04/03/2026 07:25:37 PM
28728A,N,V,04/04/2026 09:49:19 AM
28728B,N,O,04/03/2026 07:50:27 PM
28729A,N,V,04/04/2026 09:51:04 AM
28729B,N,O,04/04/2026 09:29:12 AM
2872A,N,O,04/04/2026 09:46:04 AM
2872B,N,V,04/04/2026 09:16:47 AM
28730A,N,V,04/04/2026 09:26:43 AM
28730B,N,O,04/04/2026 09:40:05 AM
28731A,N,O,04/04/2026 09:43:44 AM
28731B,N,V,04/04/2026 09:46:01 AM
28732A,N,V,04/03/2026 05:12:43 PM
28732B,N,V,04/03/2026 03:14:32 PM
28733A,N,V,04/03/2026 02:22:00 PM
28733B,N,V,04/04/2026 08:32:37 AM
28734A,N,V,04/03/2026 02:30:15 PM
28734B,N,V,04/04/2026 07:54:23 AM
28735A,N,V,04/03/2026 06:14:42 PM
28735B,N,V,04/03/2026 02:13:54 PM
28736A,N,V,04/03/2026 02:36:05 PM
28736B,N,V,04/01/2026 02:45:50 PM
28737A,N,V,04/03/2026 04:18:38 PM
28737B,N,V,04/03/2026 06:41:01 PM
28738A,N,V,04/03/2026 03:54:33 PM
28738B,N,O,04/04/2026 09:34:49 AM
28739A,N,V,04/03/2026 11:25:02 AM
28739B,N,V,04/03/2026 10:07:07 AM
28740A,N,V,04/03/2026 03:47:40 PM
28740B,N,V,04/04/2026 08:40:54 AM
28741A,N,V,04/03/2026 03:43:53 PM
28741B,N,V,04/03/2026 03:45:41 PM
28742A,N,V,04/03/2026 03:40:35 PM
28742B,N,V,04/03/2026 07:25:29 PM
28743A,N,V,04/02/2026 11:29:14 AM
28743B,N,V,04/02/2026 11:29:14 AM
28744B,N,V,04/03/2026 09:05:26 AM
28745A,N,V,03/31/2026 06:43:43 PM
28745B,N,V,04/03/2026 02:58:07 PM
28746A,N,V,04/03/2026 02:36:31 PM
28746B,N,V,04/03/2026 03:10:56 PM
28747A,N,V,04/01/2026 09:14:14 AM
28747B,N,V,04/03/2026 12:19:12 PM
28748A,N,V,04/03/2026 05:17:46 PM
28748B,N,V,04/04/2026 06:58:07 AM
28749A,N,V,03/31/2026 10:10:50 AM
28749B,N,V,04/03/2026 02:35:51 PM
28750A,N,V,04/03/2026 05:28:53 PM
28750B,N,V,04/04/2026 08:34:25 AM
28751A,N,V,04/04/2026 09:49:51 AM
28751B,N,V,04/03/2026 03:59:13 PM
28752A,NU,V,04/03/2026 06:37:27 PM
28752B,NU,V,04/03/2026 06:40:06 PM
28753A,N,V,04/01/2026 02:17:53 PM
28753B,N,V,04/04/2026 08:07:05 AM
28754A,N,V,04/04/2026 08:37:05 AM
28754B,N,V,04/03/2026 05:24:06 PM
28755A,N,V,04/03/2026 03:43:26 PM
28755B,N,O,04/04/2026 09:48:33 AM
28756A,N,O,04/01/2026 04:54:14 PM
28756B,N,V,04/01/2026 07:59:04 PM
28760A,N,O,04/03/2026 06:04:02 PM
28760B,N,V,04/04/2026 09:15:54 AM
28761A,N,V,04/03/2026 06:56:04 PM
28761B,N,V,04/03/2026 06:56:51 PM
28762A,N,O,04/04/2026 09:11:19 AM
28762B,N,V,04/03/2026 06:56:40 PM
28763A,N,V,04/04/2026 09:27:15 AM
28763B,N,V,04/03/2026 06:59:29 PM
28764A,N,O,04/04/2026 09:48:31 AM
28764B,N,V,04/04/2026 07:29:35 AM
28765A,N,V,04/04/2026 09:50:07 AM
28765B,N,O,04/04/2026 09:50:16 AM
28766A,N,V,04/04/2026 09:14:52 AM
28766B,N,O,04/04/2026 08:24:11 AM
28767A,N,O,04/04/2026 08:53:42 AM
28767B,N,V,04/04/2026 09:51:25 AM
28768A,N,O,04/04/2026 09:07:19 AM
28768B,N,O,04/04/2026 09:42:42 AM
28769A,N,V,04/03/2026 12:17:21 PM
28769B,N,V,04/03/2026 02:24:58 PM
28770A,N,V,04/04/2026 09:03:37 AM
28770B,N,V,04/03/2026 03:22:21 PM
28771A,N,V,04/03/2026 12:36:37 PM
28771B,N,O,04/04/2026 09:48:19 AM
28772A,N,V,04/03/2026 05:48:19 PM
28772B,N,V,04/03/2026 07:02:24 PM
28773A,N,V,04/04/2026 09:24:17 AM
28773B,N,O,04/04/2026 09:22:33 AM
28774A,N,O,04/04/2026 09:21:27 AM
28774B,N,O,04/04/2026 09:21:52 AM
28775A,N,O,04/04/2026 09:36:50 AM
28775B,N,V,04/04/2026 09:48:00 AM
28776A,N,V,04/03/2026 05:49:50 PM
28776B,N,V,04/02/2026 04:12:12 PM
28777A,N,V,04/02/2026 04:18:31 PM
28777B,N,V,04/03/2026 07:21:57 PM
28778A,N,O,04/04/2026 09:06:47 AM
28778B,N,O,04/04/2026 09:04:54 AM
2877A,N,O,04/04/2026 08:57:45 AM
28780B,N,O,04/04/2026 06:59:43 AM
28781A,N,O,04/04/2026 09:17:14 AM
28781B,N,O,04/04/2026 06:58:45 AM
28782A,N,O,04/04/2026 06:57:46 AM
28782B,N,O,04/04/2026 06:57:46 AM
28783A,N,O,04/04/2026 06:56:51 AM
28783B,N,O,04/04/2026 09:05:30 AM
28784A,N,V,04/04/2026 08:42:51 AM
28784B,N,V,04/04/2026 09:50:12 AM
28785A,N,O,04/04/2026 06:59:48 AM
28786A,N,O,04/03/2026 02:26:12 PM
28786B,N,O,04/04/2026 06:58:49 AM
28787A,N,V,04/04/2026 08:13:24 AM
28787B,N,O,04/04/2026 06:57:51 AM
28788A,N,V,04/04/2026 09:51:43 AM
28788B,N,V,04/04/2026 09:51:12 AM
28789A,N,O,04/04/2026 09:33:58 AM
28789B,N,O,04/04/2026 07:46:27 AM
28790A,N,V,04/04/2026 09:09:02 AM
28790B,N,V,04/04/2026 09:11:34 AM
28791A,N,O,04/04/2026 07:53:46 AM
28791B,N,V,04/04/2026 09:41:47 AM
28792A,N,O,04/04/2026 06:57:46 AM
28792B,N,V,04/04/2026 09:32:43 AM
28793A,N,V,04/04/2026 09:51:29 AM
28793B,N,V,04/04/2026 08:35:13 AM
28794A,N,V,04/04/2026 08:58:24 AM
28794B,N,V,04/04/2026 09:42:19 AM
28795A,N,V,04/04/2026 08:33:40 AM
28796A,N,V,04/04/2026 08:15:20 AM
28796B,N,V,04/04/2026 08:15:34 AM
28797A,N,V,04/04/2026 08:19:08 AM
28797B,N,O,04/04/2026 08:18:12 AM
28798A,N,O,04/03/2026 05:42:38 PM
28798B,N,V,04/03/2026 05:38:12 PM
28799A,N,V,04/04/2026 07:45:57 AM
28799B,N,O,04/04/2026 06:55:50 AM
287A,N,V,04/03/2026 09:57:54 PM
287B,N,V,04/03/2026 08:14:52 PM
28800A,N,V,04/03/2026 06:21:05 PM
28800B,N,V,04/03/2026 04:57:23 PM
28801A,N,V,04/04/2026 08:40:19 AM
28801B,N,V,04/03/2026 05:27:20 PM
28802A,N,V,04/03/2026 05:22:58 PM
28802B,N,V,04/03/2026 05:22:58 PM
28803A,N,O,04/04/2026 08:43:14 AM
28804A,N,V,04/04/2026 08:40:38 AM
28804B,N,O,04/04/2026 09:07:46 AM
28805A,N,V,04/04/2026 09:27:12 AM
28805B,N,V,04/03/2026 05:19:03 PM
28806A,N,O,04/03/2026 10:02:01 AM
28806B,N,V,04/04/2026 09:33:57 AM
28807A,N,O,04/04/2026 08:07:21 AM
28807B,N,V,04/04/2026 08:29:28 AM
28808A,N,O,04/04/2026 08:39:14 AM
28808B,N,V,04/04/2026 09:15:40 AM
28809A,N,V,04/04/2026 08:42:35 AM
28809B,N,V,04/04/2026 09:23:51 AM
28810A,N,V,04/04/2026 07:12:48 AM
28810B,N,V,04/03/2026 01:39:17 PM
28811A,N,V,04/04/2026 09:39:33 AM
28811B,N,V,04/04/2026 09:49:37 AM
28812A,N,V,04/04/2026 09:46:09 AM
28812B,N,V,04/04/2026 09:49:03 AM
28813A,N,V,04/03/2026 05:55:16 PM
28813B,N,V,04/04/2026 09:51:12 AM
28814A,N,O,04/04/2026 09:44:52 AM
28814B,N,V,04/04/2026 08:49:00 AM
28815A,N,O,04/04/2026 06:59:46 AM
28815B,N,V,04/04/2026 09:48:33 AM
28816A,N,O,04/04/2026 09:50:19 AM
28816B,N,O,04/04/2026 09:49:43 AM
28817A,N,O,04/04/2026 09:11:32 AM
28817B,N,O,04/04/2026 09:07:23 AM
28820A,N,V,04/04/2026 07:09:50 AM
28820B,N,O,04/04/2026 09:10:02 AM
28821A,N,O,04/04/2026 09:33:48 AM
28821B,N,O,04/04/2026 09:23:25 AM
28822A,N,V,04/03/2026 07:46:07 PM
28822B,N,V,04/03/2026 06:49:55 PM
28823A,N,O,04/04/2026 09:28:03 AM
28823B,N,V,04/03/2026 05:32:12 PM
28824A,N,O,04/04/2026 09:05:07 AM
28824B,N,V,04/04/2026 09:07:12 AM
28825A,N,V,04/03/2026 05:32:25 PM
28825B,N,V,04/04/2026 07:32:12 AM
28826A,N,V,04/04/2026 07:30:02 AM
28826B,N,V,04/04/2026 08:47:59 AM
28827B,N,V,04/04/2026 08:47:37 AM
28828A,N,V,04/04/2026 09:04:10 AM
28828B,N,V,04/04/2026 08:46:12 AM
28829A,N,V,04/04/2026 09:03:48 AM
28829B,N,V,04/03/2026 04:25:10 PM
28830A,N,V,04/04/2026 09:44:03 AM
28830B,N,V,04/03/2026 04:47:55 PM
28831A,N,V,04/03/2026 06:14:50 PM
28831B,N,V,04/03/2026 06:25:23 PM
28832A,N,O,04/04/2026 09:11:51 AM
28832B,N,V,04/03/2026 05:44:10 PM
28833A,N,V,04/04/2026 09:11:51 AM
28833B,N,V,04/04/2026 09:12:37 AM
28835B,N,O,04/04/2026 07:21:13 AM
28836A,N,V,04/03/2026 06:10:32 PM
28836B,N,V,04/04/2026 07:28:14 AM
28837A,N,V,04/04/2026 07:57:02 AM
28837B,N,V,04/04/2026 09:44:22 AM
28838A,N,O,04/04/2026 06:56:51 AM
28838B,N,O,04/04/2026 09:51:33 AM
28839A,N,V,04/03/2026 07:36:26 PM
28839B,N,V,04/03/2026 07:36:26 PM
28840A,N,V,04/03/2026 04:10:23 PM
28840B,N,V,04/04/2026 08:38:13 AM
28841A,N,V,04/03/2026 04:33:26 PM
28841B,N,O,04/02/2026 07:59:53 PM
28842A,N,V,04/03/2026 09:30:15 AM
28842B,N,V,04/03/2026 08:30:11 AM
28843A,N,V,04/03/2026 07:59:57 PM
28843B,N,O,04/03/2026 07:48:29 PM
28844A,N,V,04/03/2026 05:15:17 PM
28844B,N,V,04/04/2026 08:53:02 AM
28845A,N,V,04/03/2026 09:43:53 AM
28845B,N,V,04/03/2026 12:14:53 PM
28846A,N,O,04/04/2026 09:41:24 AM
28846B,N,V,04/04/2026 09:25:47 AM
28847A,N,V,04/04/2026 07:39:42 AM
28847B,N,V,04/04/2026 09:51:38 AM
28848A,N,O,04/04/2026 09:24:40 AM
28848B,N,V,04/04/2026 08:36:36 AM
28849A,N,O,04/04/2026 09:50:29 AM
28849B,N,V,04/04/2026 09:01:48 AM
28850A,N,V,04/03/2026 07:54:28 PM
28850B,N,V,04/03/2026 11:46:08 AM
28851A,N,V,04/04/2026 09:51:10 AM
28852A,N,V,04/04/2026 09:19:36 AM
28852B,N,V,04/04/2026 09:14:17 AM
28853A,N,V,04/04/2026 09:42:52 AM
28853B,N,O,04/04/2026 08:56:55 AM
28854A,N,O,04/03/2026 08:30:34 PM
2889A,N,O,04/04/2026 08:55:46 AM
2890B,N,O,04/04/2026 08:59:48 AM
2894B,N,O,04/04/2026 08:55:48 AM
2896A,N,O,04/04/2026 08:58:49 AM
2897A,N,O,04/04/2026 08:57:53 AM
2897B,N,O,04/04/2026 08:57:49 AM
2899A,N,O,04/04/2026 08:55:55 AM
2899B,N,O,04/04/2026 08:55:51 AM
29002A,N,O,04/04/2026 06:57:49 AM
29002B,N,O,04/04/2026 07:17:03 AM
29003A,N,V,07/28/2025 10:53:03 AM
29003B,N,V,04/04/2026 09:51:15 AM
29004A,N,V,04/04/2026 09:30:18 AM
29004B,N,O,04/04/2026 09:43:53 AM
29005A,N,V,04/04/2026 08:19:22 AM
29005B,N,O,04/04/2026 09:36:04 AM
29006A,N,V,04/04/2026 08:36:00 AM
29006B,N,V,04/04/2026 08:47:40 AM
29007A,N,O,04/04/2026 06:57:54 AM
29007B,N,O,04/04/2026 09:19:19 AM
29008A,N,O,04/04/2026 06:56:50 AM
29008B,N,V,04/03/2026 04:14:08 PM
29009A,N,O,04/03/2026 06:30:12 PM
29009B,N,O,04/04/2026 07:32:24 AM
29011A,N,O,04/04/2026 06:58:43 AM
29011B,N,O,04/03/2026 06:58:45 AM
29012A,N,O,04/04/2026 06:57:47 AM
29012B,N,O,04/04/2026 06:57:47 AM
29013A,N,O,04/04/2026 06:56:48 AM
29013B,N,V,04/04/2026 08:40:35 AM
29014A,N,V,04/04/2026 09:14:33 AM
29014B,N,O,04/04/2026 06:55:49 AM
29015A,N,O,04/04/2026 06:59:56 AM
29015B,N,O,04/04/2026 09:48:50 AM
29016A,N,O,04/04/2026 06:58:48 AM
29016B,N,V,04/04/2026 07:19:01 AM
29017A,N,O,04/04/2026 09:49:02 AM
29018A,N,V,04/04/2026 07:27:01 AM
29018B,N,V,04/04/2026 09:51:37 AM
29019A,N,V,04/04/2026 09:30:31 AM
29019B,N,O,04/04/2026 09:22:24 AM
29020A,N,V,04/04/2026 08:03:33 AM
29020B,N,V,04/04/2026 07:36:35 AM
29021A,N,V,04/04/2026 07:58:55 AM
29021B,N,O,04/03/2026 02:53:42 PM
29022A,N,O,04/04/2026 06:57:45 AM
29022B,N,O,04/04/2026 09:09:16 AM
29023A,N,O,04/04/2026 09:48:09 AM
29024A,N,V,04/04/2026 09:46:09 AM
29024B,N,O,04/04/2026 09:01:20 AM
29025A,N,V,04/04/2026 09:33:51 AM
29025B,N,O,04/04/2026 09:04:16 AM
29026A,N,O,04/04/2026 09:33:11 AM
29026B,N,V,04/04/2026 09:40:52 AM
29027A,N,O,04/04/2026 07:20:29 AM
29027B,N,O,04/04/2026 06:57:51 AM
29028A,N,O,04/04/2026 06:56:49 AM
29028B,N,O,04/04/2026 07:57:51 AM
29029A,N,O,04/04/2026 09:43:23 AM
29029B,N,O,04/04/2026 09:13:52 AM
29030A,N,V,04/04/2026 09:40:06 AM
29030B,N,O,04/04/2026 09:38:21 AM
29031A,N,V,04/04/2026 09:08:03 AM
29031B,N,O,04/04/2026 09:47:55 AM
29032A,N,V,04/04/2026 08:22:37 AM
29032B,N,O,04/04/2026 09:21:40 AM
29033B,N,O,04/03/2026 05:48:56 PM
29034A,N,O,04/04/2026 06:56:01 AM
29034B,N,O,04/04/2026 06:56:01 AM
29035A,N,V,04/04/2026 09:47:42 AM
29035B,N,O,04/04/2026 06:59:52 AM
29036A,N,O,04/04/2026 06:58:51 AM
29036B,N,O,04/04/2026 06:58:51 AM
29046A,N,V,04/04/2026 09:17:53 AM
29046B,N,V,04/04/2026 07:03:43 AM
29047A,N,V,04/04/2026 07:36:14 AM
29047B,N,V,04/03/2026 06:07:46 PM
29048A,N,V,04/04/2026 09:49:14 AM
29048B,N,V,04/04/2026 07:58:34 AM
29049A,N,O,04/04/2026 06:55:52 AM
29049B,N,V,04/03/2026 01:33:03 PM
29050A,N,V,04/04/2026 07:56:01 AM
29050B,N,O,04/03/2026 04:59:41 PM
29051B,N,O,04/04/2026 09:36:33 AM
29052A,N,O,04/04/2026 09:35:03 AM
29053A,N,V,04/04/2026 08:01:47 AM
29053B,N,O,04/04/2026 08:30:33 AM
29054A,N,V,04/04/2026 07:44:11 AM
29054B,N,V,04/04/2026 07:46:40 AM
29055A,N,V,04/04/2026 08:05:53 AM
29055B,N,O,04/04/2026 09:17:12 AM
29056A,N,O,04/03/2026 07:02:07 PM
29056B,N,V,04/04/2026 08:02:16 AM
29057A,N,V,04/04/2026 09:17:55 AM
29057B,N,O,04/04/2026 09:07:03 AM
29058A,N,O,04/04/2026 06:56:43 AM
29059A,N,O,04/04/2026 06:55:49 AM
29059B,N,O,04/04/2026 06:55:49 AM
2905A,N,O,04/04/2026 09:43:12 AM
2905B,N,V,04/04/2026 09:10:40 AM
29060A,N,O,04/04/2026 07:26:31 AM
29060B,N,O,04/04/2026 07:45:47 AM
29061A,N,O,04/04/2026 06:58:49 AM
29061B,N,O,04/04/2026 06:58:49 AM
29062A,N,O,04/04/2026 06:57:42 AM
29062B,N,O,04/04/2026 09:49:59 AM
29063A,N,O,04/04/2026 06:56:55 AM
29063B,N,O,04/04/2026 06:56:52 AM
29064B,N,O,04/04/2026 06:55:45 AM
29065A,N,V,04/04/2026 08:17:47 AM
29065B,N,V,04/04/2026 08:03:23 AM
29066A,N,V,04/04/2026 08:17:46 AM
29066B,NU,O,03/24/2026 04:30:50 PM
29067A,NU,O,03/23/2026 09:36:54 AM
29067B,NU,V,03/23/2026 09:59:48 AM
29068A,NU,V,03/23/2026 09:59:45 AM
29068B,NU,O,03/23/2026 09:43:12 AM
29069A,N,O,04/04/2026 07:30:04 AM
29069B,N,V,04/04/2026 07:36:56 AM
29070A,N,O,04/03/2026 07:35:44 PM
29070B,N,V,04/04/2026 07:47:21 AM
29071A,N,V,04/04/2026 08:36:24 AM
29072A,N,V,04/04/2026 07:50:09 AM
29072B,N,V,04/04/2026 09:38:26 AM
29073A,N,V,04/04/2026 08:08:53 AM
29073B,N,V,04/04/2026 08:24:15 AM
29074A,N,V,04/04/2026 08:21:18 AM
29074B,N,V,04/04/2026 07:48:44 AM
29075A,N,V,04/04/2026 07:43:34 AM
29075B,N,V,04/04/2026 09:12:13 AM
29076B,N,O,04/04/2026 06:58:47 AM
29077A,N,O,04/04/2026 06:57:57 AM
29077B,N,O,04/04/2026 09:36:01 AM
29078A,N,O,04/04/2026 08:37:47 AM
29078B,N,V,04/04/2026 08:49:14 AM
29079A,N,V,04/04/2026 07:59:57 AM
29079B,N,O,04/04/2026 09:50:13 AM
2907A,N,O,04/03/2026 07:57:47 PM
2907B,N,V,04/03/2026 09:42:14 PM
29080A,N,O,04/03/2026 06:31:36 PM
29080B,N,V,04/03/2026 06:31:52 PM
29081A,N,V,04/03/2026 06:31:40 PM
29081B,N,V,04/03/2026 06:31:28 PM
29082A,N,V,04/03/2026 03:04:19 PM
29082B,N,O,04/04/2026 09:09:49 AM
29083A,N,V,04/03/2026 06:30:45 PM
29083B,N,O,04/04/2026 08:14:41 AM
29084A,N,O,04/04/2026 06:55:52 AM
29084B,N,O,04/04/2026 06:55:52 AM
29085A,N,O,04/04/2026 06:59:56 AM
29085B,N,O,04/04/2026 07:00:03 AM
29086A,NU,V,07/11/2025 03:54:12 PM
29086B,NU,V,07/11/2025 03:54:12 PM
29087A,N,O,04/04/2026 06:57:41 AM
29087B,N,O,04/04/2026 06:57:41 AM
29088A,N,O,04/04/2026 06:56:51 AM
29088B,N,O,04/04/2026 06:56:51 AM
29089A,N,O,04/04/2026 09:33:04 AM
29089B,N,O,04/04/2026 08:31:19 AM
2908A,N,O,04/03/2026 10:26:46 AM
2908B,N,O,04/03/2026 09:49:10 PM
29090A,N,O,04/04/2026 06:59:43 AM
29090B,N,O,04/04/2026 09:50:43 AM
29091A,N,O,04/03/2026 06:59:11 AM
29091B,N,O,04/04/2026 06:58:50 AM
29092A,N,O,04/04/2026 06:57:45 AM
29092B,N,O,04/04/2026 06:57:45 AM
29093A,N,O,04/04/2026 06:57:37 AM
29093B,N,O,04/04/2026 06:56:49 AM
29094A,N,O,04/04/2026 06:55:51 AM
29094B,N,O,04/04/2026 06:55:44 AM
29095A,N,V,04/04/2026 09:18:08 AM
29095B,N,V,04/04/2026 08:32:06 AM
29096A,N,O,04/04/2026 09:51:03 AM
29096B,N,O,04/04/2026 09:51:26 AM
29097A,N,V,04/04/2026 09:41:16 AM
29097B,N,O,04/04/2026 06:57:42 AM
29098A,N,O,04/04/2026 09:00:08 AM
29099A,N,V,04/04/2026 08:45:49 AM
29099B,N,V,04/04/2026 09:51:33 AM
2909A,N,V,04/03/2026 08:41:59 PM
2909B,N,V,04/03/2026 09:50:08 PM
290A,N,O,04/04/2026 09:47:46 AM
29100A,N,V,04/04/2026 09:01:57 AM
29100B,N,V,04/04/2026 09:51:23 AM
29101A,N,O,04/04/2026 06:58:51 AM
29101B,N,O,04/04/2026 06:59:14 AM
29102A,N,V,04/04/2026 09:06:58 AM
29102B,N,V,04/04/2026 09:50:22 AM
29103A,N,V,04/03/2026 04:23:42 PM
29103B,N,V,04/04/2026 09:47:42 AM
29104A,N,V,04/04/2026 09:16:58 AM
29105A,N,O,04/04/2026 07:00:01 AM
29105B,N,V,04/04/2026 07:51:16 AM
29106A,N,V,04/04/2026 09:48:16 AM
29106B,N,O,04/04/2026 06:58:53 AM
29107A,N,V,04/04/2026 08:01:43 AM
29107B,N,V,04/04/2026 09:22:30 AM
29108A,N,V,04/04/2026 07:44:57 AM
29108B,N,V,04/04/2026 08:17:47 AM
29109B,N,V,04/04/2026 07:56:02 AM
29111B,N,V,04/04/2026 09:50:28 AM
29112A,N,V,04/04/2026 09:32:55 AM
29112B,N,O,04/04/2026 06:57:52 AM
29113A,N,O,04/04/2026 06:56:45 AM
29113B,N,V,04/04/2026 08:00:24 AM
29114A,N,V,04/04/2026 08:07:31 AM
29114B,N,O,04/04/2026 06:56:03 AM
29115A,N,O,04/04/2026 09:51:22 AM
29115B,N,V,04/04/2026 09:48:42 AM
29116A,N,O,04/04/2026 09:45:05 AM
29116B,N,V,04/04/2026 09:48:51 AM
29117A,N,V,04/04/2026 09:49:19 AM
29117B,N,V,04/04/2026 07:17:46 AM
29118A,N,V,04/04/2026 09:34:38 AM
29118B,N,O,04/04/2026 09:30:10 AM
29121A,N,O,04/04/2026 06:58:45 AM
29122A,N,V,04/04/2026 09:16:15 AM
29122B,N,O,04/04/2026 06:57:44 AM
29123A,N,O,04/04/2026 09:04:51 AM
29123B,N,O,04/04/2026 06:56:52 AM
29124A,N,V,04/04/2026 09:08:53 AM
29124B,N,V,04/04/2026 09:13:31 AM
2912A,N,V,04/04/2026 09:48:29 AM
2912B,N,O,04/04/2026 08:57:54 AM
29139B,N,O,04/04/2026 06:55:49 AM
2913A,N,O,04/04/2026 09:45:00 AM
2913B,N,O,04/04/2026 09:31:45 AM
29140A,N,O,04/04/2026 06:59:46 AM
29140B,N,O,04/04/2026 09:23:36 AM
29141A,N,O,04/04/2026 09:23:36 AM
29141B,N,O,04/04/2026 08:51:26 AM
29142A,N,O,04/04/2026 08:51:27 AM
29142B,N,V,04/04/2026 09:46:29 AM
29143A,N,V,04/04/2026 09:46:29 AM
29143B,N,O,04/04/2026 06:56:40 AM
29144A,N,O,04/04/2026 06:55:44 AM
29144B,N,V,04/04/2026 09:47:15 AM
29145A,N,V,04/04/2026 07:56:04 AM
29145B,N,V,04/04/2026 09:34:46 AM
29146A,N,O,04/04/2026 09:22:13 AM
29146B,N,O,04/04/2026 07:02:22 AM
29147A,N,O,04/04/2026 09:40:53 AM
29147B,N,V,04/04/2026 09:28:03 AM
29148A,N,V,04/04/2026 08:12:53 AM
29148B,N,O,04/04/2026 06:56:48 AM
29149A,N,V,04/04/2026 09:44:31 AM
29149B,N,O,04/04/2026 09:46:04 AM
2914A,N,O,04/04/2026 09:31:44 AM
2914B,N,O,04/04/2026 08:55:49 AM
29150A,N,O,04/04/2026 07:00:48 AM
29150B,N,V,04/04/2026 09:51:24 AM
29151A,N,O,04/04/2026 06:58:48 AM
29151B,N,V,04/04/2026 08:49:27 AM
29152A,N,O,04/04/2026 09:51:38 AM
29152B,N,O,04/04/2026 09:41:28 AM
29153A,N,O,04/04/2026 06:56:49 AM
29153B,N,V,04/04/2026 08:41:09 AM
29154B,N,V,04/04/2026 08:57:05 AM
29155A,N,O,04/04/2026 08:44:41 AM
29155B,N,V,04/04/2026 09:15:47 AM
29159A,N,V,04/04/2026 09:51:30 AM
29159B,N,V,04/04/2026 09:40:56 AM
29160A,N,V,04/04/2026 09:51:39 AM
29161A,N,O,04/04/2026 09:45:56 AM
29161B,N,O,04/04/2026 06:58:44 AM
29162A,N,O,04/04/2026 06:57:51 AM
29162B,N,V,04/02/2026 01:25:56 PM
29163A,N,V,04/04/2026 09:51:03 AM
29164A,N,O,04/04/2026 06:55:54 AM
29164B,N,O,04/04/2026 06:55:50 AM
29165A,N,O,04/04/2026 06:59:55 AM
29165B,N,O,04/04/2026 06:59:51 AM
29166A,N,O,04/04/2026 06:58:42 AM
29166B,N,O,04/04/2026 06:58:42 AM
29167A,N,O,04/04/2026 06:57:49 AM
29167B,N,O,04/04/2026 06:57:45 AM
29168A,N,O,04/04/2026 06:56:57 AM
29168B,N,O,04/04/2026 06:56:44 AM
29169A,N,V,04/04/2026 07:58:48 AM
29169B,N,O,04/04/2026 06:55:52 AM
29170A,N,V,04/04/2026 08:12:53 AM
29170B,N,V,04/04/2026 08:10:23 AM
29171A,N,O,04/03/2026 05:33:31 PM
29171B,N,V,04/04/2026 07:54:22 AM
29172A,N,V,04/04/2026 09:49:30 AM
29173A,N,V,04/03/2026 01:24:08 PM
29173B,N,V,04/04/2026 08:06:35 AM
29174A,N,O,04/03/2026 03:22:32 PM
29174B,N,V,04/03/2026 06:02:17 PM
29175A,N,V,04/04/2026 09:51:37 AM
29175B,N,O,04/04/2026 09:45:15 AM
29176A,N,V,04/04/2026 08:12:47 AM
29176B,N,O,04/04/2026 09:49:25 AM
29177A,N,V,04/04/2026 08:27:33 AM
29177B,N,V,04/03/2026 03:34:28 PM
29178A,N,V,04/04/2026 08:24:38 AM
29178B,N,V,04/04/2026 09:47:03 AM
29179A,N,V,04/04/2026 09:32:08 AM
29179B,N,V,04/04/2026 08:58:22 AM
29181A,N,O,04/04/2026 09:51:37 AM
29181B,N,O,04/04/2026 08:55:52 AM
29182A,N,O,04/04/2026 06:58:08 AM
29182B,N,O,04/03/2026 07:57:44 AM
29183B,N,V,04/04/2026 09:50:11 AM
29184A,N,V,04/04/2026 07:55:38 AM
29184B,N,V,04/04/2026 09:46:28 AM
29185A,N,O,04/04/2026 08:15:39 AM
29185B,N,V,04/04/2026 09:49:31 AM
29186A,N,O,04/04/2026 06:58:47 AM
29186B,N,O,04/04/2026 06:58:43 AM
29187A,N,V,04/04/2026 09:51:36 AM
29188A,N,O,04/04/2026 06:56:42 AM
29188B,N,V,04/04/2026 09:45:55 AM
29189A,N,O,04/04/2026 06:55:54 AM
29189B,N,V,04/04/2026 09:35:58 AM
29190A,N,O,04/04/2026 09:49:54 AM
29190B,N,O,04/04/2026 09:39:25 AM
29191A,N,O,04/04/2026 06:58:52 AM
29191B,N,V,04/04/2026 07:23:13 AM
29192A,N,O,04/04/2026 06:57:50 AM
29192B,N,O,04/03/2026 04:16:27 PM
29193A,N,O,04/03/2026 07:09:03 PM
29193B,N,V,04/04/2026 08:38:05 AM
29194A,N,V,04/04/2026 08:50:13 AM
29194B,N,V,04/04/2026 09:34:00 AM
29195A,N,O,04/04/2026 06:59:54 AM
29195B,N,V,04/04/2026 09:44:52 AM
29196A,N,V,04/04/2026 07:32:07 AM
29196B,N,O,04/04/2026 08:43:49 AM
29197A,N,V,04/04/2026 08:52:52 AM
29197B,N,V,04/04/2026 08:53:28 AM
29198A,N,O,04/03/2026 06:39:32 PM
29198B,N,V,04/04/2026 07:58:06 AM
29199A,N,V,04/04/2026 08:03:29 AM
29199B,N,V,04/04/2026 08:21:08 AM
29200A,N,O,04/03/2026 06:55:02 PM
29200B,N,O,04/04/2026 06:59:48 AM
29201A,N,V,04/04/2026 08:46:24 AM
29201B,N,V,04/04/2026 08:16:31 AM
29202A,N,V,04/04/2026 07:15:42 AM
29202B,N,V,04/04/2026 07:19:08 AM
29203A,N,V,04/03/2026 02:05:17 PM
29203B,N,V,04/03/2026 06:46:09 PM
29204A,N,V,04/04/2026 07:11:42 AM
29204B,N,V,04/04/2026 09:13:53 AM
29205A,N,V,04/03/2026 12:30:27 PM
29205B,N,O,04/04/2026 06:59:51 AM
29206A,N,V,04/04/2026 09:46:38 AM
29206B,N,V,04/04/2026 09:48:29 AM
29207A,N,O,04/04/2026 08:03:36 AM
29207B,N,V,04/04/2026 09:04:51 AM
29208A,N,V,04/03/2026 12:16:16 PM
29208B,N,V,04/03/2026 02:09:07 PM
29209A,N,V,04/04/2026 08:29:22 AM
29209B,N,V,04/04/2026 08:00:57 AM
29210A,N,V,04/04/2026 08:10:24 AM
29210B,N,O,04/03/2026 02:21:05 PM
29211A,N,V,04/04/2026 08:02:57 AM
29211B,N,V,04/04/2026 07:46:45 AM
29212A,N,V,04/04/2026 08:02:28 AM
29212B,N,V,04/04/2026 08:38:43 AM
29213A,N,O,04/04/2026 09:19:53 AM
29213B,N,O,04/04/2026 06:56:51 AM
29214A,N,V,04/03/2026 08:45:20 AM
29214B,N,O,04/04/2026 06:55:49 AM
29215A,N,O,04/03/2026 06:59:52 AM
29215B,N,O,04/04/2026 06:59:54 AM
29216A,N,O,04/04/2026 06:58:46 AM
29216B,N,O,04/04/2026 06:58:46 AM
29217A,N,O,04/04/2026 08:24:57 AM
29218A,N,O,04/04/2026 06:56:55 AM
29218B,N,O,04/04/2026 06:56:51 AM
29219A,N,V,04/04/2026 09:51:19 AM
29219B,N,V,04/04/2026 09:47:50 AM
2921B,N,O,04/04/2026 09:00:32 AM
29220A,N,O,04/04/2026 09:42:52 AM
29220B,N,V,04/04/2026 09:43:28 AM
29221A,N,V,04/04/2026 09:44:33 AM
29221B,N,V,04/04/2026 09:37:47 AM
29222A,N,V,04/04/2026 09:50:26 AM
29222B,N,O,04/04/2026 09:20:14 AM
29223A,N,V,04/04/2026 09:31:13 AM
29223B,N,V,04/04/2026 09:46:15 AM
29224A,N,V,04/04/2026 09:49:30 AM
29224B,N,O,04/04/2026 09:38:45 AM
29225A,N,O,04/03/2026 03:59:28 PM
29225B,N,V,04/04/2026 09:44:22 AM
29226A,N,O,04/04/2026 09:45:28 AM
29226B,N,O,04/04/2026 09:32:02 AM
29227A,N,O,04/04/2026 09:50:18 AM
29227B,N,O,04/04/2026 06:57:49 AM
29228A,N,O,04/04/2026 09:48:17 AM
29228B,N,O,04/04/2026 09:51:06 AM
29229A,N,V,04/04/2026 09:51:27 AM
29229B,N,V,04/04/2026 09:20:23 AM
2922A,N,V,04/04/2026 09:12:59 AM
2922B,N,V,04/04/2026 09:20:42 AM
29230A,N,O,04/04/2026 09:17:59 AM
29230B,N,V,04/04/2026 09:45:06 AM
29231A,N,O,04/04/2026 09:49:43 AM
29231B,N,V,04/04/2026 07:36:22 AM
29232A,N,V,04/04/2026 09:48:39 AM
29232B,N,V,04/04/2026 09:48:34 AM
29233A,N,O,04/04/2026 06:56:50 AM
29233B,N,O,04/04/2026 07:02:22 AM
29234A,N,V,04/04/2026 08:16:10 AM
29234B,N,V,04/04/2026 09:51:36 AM
29235A,N,V,04/04/2026 09:51:43 AM
29235B,N,V,04/04/2026 09:46:57 AM
29236A,N,V,04/04/2026 09:43:28 AM
29237A,N,V,04/04/2026 09:51:13 AM
29238A,N,V,04/04/2026 09:41:58 AM
29238B,N,O,04/04/2026 08:46:17 AM
29239B,N,V,04/04/2026 09:14:52 AM
29240B,N,V,04/04/2026 09:14:53 AM
29241A,N,V,04/04/2026 07:59:25 AM
29241B,N,V,04/04/2026 07:58:04 AM
29242A,N,V,04/04/2026 09:19:17 AM
29242B,N,V,04/04/2026 07:48:42 AM
29243A,N,V,04/04/2026 09:51:20 AM
29243B,N,V,04/04/2026 08:01:11 AM
29244A,N,V,04/04/2026 09:43:06 AM
29244B,N,V,04/04/2026 08:17:50 AM
29254A,N,O,04/04/2026 08:47:17 AM
29255A,N,V,04/03/2026 12:38:49 PM
29255B,N,V,04/03/2026 07:03:57 PM
29256A,N,V,04/03/2026 03:12:31 PM
29256B,N,V,04/04/2026 07:32:11 AM
29257A,N,V,04/03/2026 03:21:17 PM
29257B,N,V,04/03/2026 03:25:42 PM
29258A,N,V,04/03/2026 05:00:51 PM
29258B,N,V,04/02/2026 06:55:32 PM
29259A,N,V,04/03/2026 03:02:28 PM
29259B,N,V,04/03/2026 03:02:16 PM
29260A,N,V,04/03/2026 02:32:59 PM
29260B,N,V,04/03/2026 02:40:16 PM
29261A,N,V,04/03/2026 04:53:42 PM
29261B,N,V,04/03/2026 02:08:15 PM
29262A,N,V,04/03/2026 04:52:57 PM
29262B,N,V,04/03/2026 04:53:04 PM
29263A,N,O,04/02/2026 04:50:37 PM
29263B,N,V,04/03/2026 03:05:48 PM
29264A,N,V,04/04/2026 07:35:34 AM
29264B,N,V,04/03/2026 06:08:36 PM
29265B,N,O,04/04/2026 06:59:48 AM
29266A,N,O,04/04/2026 06:58:44 AM
29266B,N,O,04/04/2026 06:58:44 AM
29267A,N,O,04/04/2026 06:57:46 AM
29267B,N,O,04/03/2026 06:57:55 AM
29268A,N,O,04/04/2026 06:56:49 AM
29268B,N,O,04/04/2026 06:56:41 AM
29269A,N,O,04/04/2026 09:06:36 AM
29269B,N,V,04/04/2026 09:51:26 AM
29270A,N,O,04/04/2026 07:07:59 AM
29270B,N,O,04/04/2026 06:59:47 AM
29271A,N,O,04/04/2026 06:58:40 AM
29271B,N,O,04/04/2026 06:58:40 AM
29272A,N,O,04/04/2026 06:57:54 AM
29272B,N,O,04/04/2026 09:38:51 AM
29273A,NU,O,04/03/2026 05:07:04 PM
29273B,NU,V,04/03/2026 05:07:04 PM
29274A,N,O,04/04/2026 08:29:52 AM
29274B,N,O,04/04/2026 06:55:48 AM
29275A,N,O,04/04/2026 07:00:03 AM
29275B,N,O,04/04/2026 06:59:50 AM
29276A,N,O,04/04/2026 06:59:30 AM
29276B,N,O,04/04/2026 06:58:49 AM
29277A,N,O,04/04/2026 09:51:42 AM
29277B,N,O,04/04/2026 06:57:47 AM
29278A,N,V,04/04/2026 09:50:27 AM
29278B,N,O,04/04/2026 07:49:14 AM
29279A,N,O,04/04/2026 06:55:44 AM
29279B,N,O,04/04/2026 06:57:07 AM
29280A,N,O,04/04/2026 09:45:17 AM
29280B,N,O,04/04/2026 06:59:48 AM
29281A,N,V,04/04/2026 09:45:03 AM
29281B,N,O,04/04/2026 06:58:42 AM
29282A,N,O,04/04/2026 09:41:38 AM
29282B,N,O,04/04/2026 06:57:45 AM
29283A,N,O,04/04/2026 06:56:44 AM
29283B,N,O,04/04/2026 06:56:44 AM
29284A,N,O,04/04/2026 06:55:40 AM
29284B,N,O,04/03/2026 06:55:40 AM
29285A,N,O,04/04/2026 06:59:41 AM
29285B,N,O,04/04/2026 06:59:45 AM
29286A,N,O,04/04/2026 06:58:46 AM
29286B,N,O,04/04/2026 06:59:05 AM
29287A,N,O,04/04/2026 06:57:44 AM
29287B,N,O,04/03/2026 06:57:45 AM
29288A,NU,V,04/03/2026 11:23:06 AM
29288B,NU,V,04/03/2026 12:10:23 PM
29289A,N,O,04/04/2026 07:38:17 AM
29289B,N,O,04/04/2026 08:35:20 AM
29290A,N,V,04/03/2026 05:47:41 PM
29290B,N,V,04/04/2026 08:10:05 AM
29291A,N,V,04/03/2026 07:10:23 PM
29291B,N,V,04/04/2026 09:51:42 AM
29292A,N,V,04/03/2026 12:12:57 PM
29292B,N,V,04/03/2026 03:26:06 PM
29293A,N,O,04/04/2026 06:56:39 AM
29293B,N,V,04/03/2026 05:17:55 PM
29294A,N,V,04/03/2026 06:20:02 PM
29294B,N,V,04/03/2026 06:16:08 PM
29295A,N,O,04/04/2026 09:22:17 AM
29295B,N,V,04/03/2026 07:21:15 PM
29296A,N,V,04/04/2026 07:52:11 AM
29296B,N,V,04/04/2026 08:55:44 AM
29297A,N,V,04/04/2026 07:54:15 AM
29297B,N,V,04/04/2026 07:53:01 AM
29298A,N,O,04/04/2026 06:56:42 AM
29298B,N,O,04/04/2026 09:40:13 AM
292A,N,O,04/04/2026 08:57:44 AM
292B,N,V,04/03/2026 09:59:32 PM
29300A,N,V,04/04/2026 08:07:33 AM
29300B,N,O,04/04/2026 07:52:36 AM
29301A,N,V,04/04/2026 09:34:50 AM
29301B,N,V,04/04/2026 08:40:16 AM
29302A,N,V,04/04/2026 08:22:56 AM
29302B,N,O,04/04/2026 06:57:50 AM
29303A,N,O,04/04/2026 08:14:23 AM
29303B,N,V,04/04/2026 07:59:22 AM
29304A,N,O,04/04/2026 06:55:48 AM
29304B,N,V,04/04/2026 09:35:17 AM
29305A,N,V,04/04/2026 08:05:50 AM
29305B,N,O,04/04/2026 09:50:38 AM
29306A,N,V,04/04/2026 07:59:09 AM
29306B,N,V,04/04/2026 09:35:14 AM
29307A,N,V,04/04/2026 08:02:02 AM
29307B,N,O,04/04/2026 06:57:44 AM
29308A,N,V,04/04/2026 09:17:44 AM
29308B,N,O,04/04/2026 08:51:25 AM
29309A,N,O,04/04/2026 08:28:59 AM
29309B,N,V,04/04/2026 08:19:33 AM
29310A,N,O,04/04/2026 08:00:08 AM
29310B,N,O,04/04/2026 08:44:32 AM
29311A,N,V,04/04/2026 09:42:51 AM
29311B,N,O,04/04/2026 09:40:31 AM
29312A,N,O,04/04/2026 06:57:49 AM
29312B,N,V,04/04/2026 09:21:47 AM
29313A,N,V,04/04/2026 07:59:27 AM
29313B,N,O,04/04/2026 07:10:56 AM
29314A,N,O,04/04/2026 09:18:13 AM
29314B,N,V,04/04/2026 09:08:53 AM
29315A,N,V,04/04/2026 08:21:19 AM
29315B,N,V,04/04/2026 09:17:12 AM
29316A,N,V,04/04/2026 08:38:26 AM
29316B,N,O,04/04/2026 09:05:21 AM
29317A,N,V,04/04/2026 09:16:40 AM
29317B,N,V,04/04/2026 08:11:02 AM
29318A,N,V,04/04/2026 08:28:21 AM
29318B,N,V,04/04/2026 08:01:32 AM
29319A,N,O,04/04/2026 06:55:44 AM
29319B,N,O,04/04/2026 06:55:44 AM
29320A,N,O,04/04/2026 06:59:50 AM
29320B,N,V,04/04/2026 08:54:44 AM
29321A,N,V,04/04/2026 08:44:11 AM
29321B,N,V,04/04/2026 09:24:54 AM
29322A,N,V,04/04/2026 08:26:34 AM
29322B,N,O,04/04/2026 09:23:55 AM
29323A,N,V,04/04/2026 09:47:48 AM
29323B,N,V,04/04/2026 09:33:54 AM
29324A,N,V,04/04/2026 09:38:20 AM
29324B,N,O,04/04/2026 09:43:39 AM
29325A,N,V,04/04/2026 09:50:43 AM
29325B,N,O,04/04/2026 06:59:50 AM
29326A,N,V,04/04/2026 09:44:42 AM
29326B,N,O,04/04/2026 09:13:05 AM
29330A,N,O,04/04/2026 09:37:42 AM
29330B,N,V,04/04/2026 08:15:02 AM
29331A,N,O,04/03/2026 06:53:45 PM
29331B,N,O,04/04/2026 06:58:52 AM
29332A,N,V,04/04/2026 07:57:55 AM
29333B,N,V,04/04/2026 08:20:48 AM
29334A,N,V,04/04/2026 08:01:49 AM
29334B,N,V,04/04/2026 08:02:29 AM
29335A,N,V,04/04/2026 09:41:52 AM
29335B,N,V,04/04/2026 07:52:38 AM
29336B,N,V,04/04/2026 09:45:03 AM
29337A,N,V,04/04/2026 09:23:31 AM
29337B,N,V,04/04/2026 07:47:18 AM
29338A,N,V,04/04/2026 09:51:37 AM
29338B,N,V,04/04/2026 07:20:58 AM
29339A,N,V,04/04/2026 09:33:59 AM
29339B,N,O,04/04/2026 06:55:47 AM
29340A,N,O,04/04/2026 08:43:04 AM
29340B,N,V,04/04/2026 08:08:47 AM
29341A,N,V,04/04/2026 08:20:33 AM
29342A,N,V,04/04/2026 09:41:21 AM
29342B,N,O,04/04/2026 06:57:42 AM
29343A,N,V,04/04/2026 07:25:37 AM
29343B,N,V,04/04/2026 08:07:38 AM
29344A,N,V,04/04/2026 09:51:29 AM
29345A,N,O,04/03/2026 06:59:52 AM
29345B,N,V,04/04/2026 08:03:38 AM
29346A,N,V,04/03/2026 06:45:03 PM
29346B,N,V,04/02/2026 09:04:29 AM
29347A,N,V,04/03/2026 07:38:41 PM
29348A,N,V,04/04/2026 09:47:46 AM
29348B,N,V,04/04/2026 09:51:16 AM
29349A,N,V,04/04/2026 07:57:09 AM
29349B,N,V,04/04/2026 07:57:22 AM
29350A,N,V,04/04/2026 08:31:13 AM
29351A,N,V,04/04/2026 07:32:00 AM
29351B,N,V,04/04/2026 08:10:31 AM
29352A,N,V,04/04/2026 09:50:51 AM
29352B,N,V,04/04/2026 09:47:51 AM
29353A,N,V,04/03/2026 09:12:03 AM
29354A,N,V,04/04/2026 07:28:32 AM
29354B,N,V,04/04/2026 07:04:00 AM
29355A,N,V,04/04/2026 08:15:51 AM
29355B,N,V,04/04/2026 08:17:53 AM
29356A,N,V,04/02/2026 03:38:06 PM
29360A,N,O,04/04/2026 08:00:09 AM
29360B,N,O,04/04/2026 09:38:08 AM
29361A,N,O,04/04/2026 06:58:43 AM
29361B,N,V,04/04/2026 08:17:28 AM
29362A,N,V,04/04/2026 08:05:23 AM
29362B,N,O,04/04/2026 09:32:05 AM
29363A,N,V,04/04/2026 08:29:40 AM
29363B,N,V,04/04/2026 08:02:26 AM
2946B,N,V,04/03/2026 09:59:30 PM
2947B,N,V,04/03/2026 09:55:27 PM
2948A,N,V,04/03/2026 09:55:25 PM
2948B,N,V,04/03/2026 08:23:03 PM
2949A,N,V,04/03/2026 09:59:28 PM
2949B,N,V,04/03/2026 09:00:26 PM
2950A,N,V,01/12/2026 10:24:18 AM
2950B,N,O,01/12/2026 10:24:33 AM
2951A,N,V,04/03/2026 09:45:44 PM
2951B,N,O,04/03/2026 09:59:58 PM
2952A,N,V,04/03/2026 09:58:05 PM
2952B,N,V,04/03/2026 09:09:33 PM
2955B,N,V,04/03/2026 09:10:42 PM
2956A,N,O,04/03/2026 09:58:53 AM
2956B,N,O,04/03/2026 08:43:45 PM
2959A,N,V,04/03/2026 09:17:52 PM
2959B,N,O,04/03/2026 08:29:35 PM
295A,N,O,04/03/2026 08:07:41 PM
295B,N,O,04/03/2026 06:42:34 PM
2965A,N,O,04/04/2026 06:59:46 AM
2965B,N,O,04/04/2026 06:59:50 AM
2966A,N,O,04/04/2026 06:58:42 AM
2966B,N,O,04/03/2026 06:58:50 AM
2967A,N,O,04/04/2026 06:57:44 AM
2967B,N,O,04/04/2026 07:53:40 AM
2968A,N,O,04/04/2026 07:12:55 AM
2968B,N,O,04/04/2026 07:53:46 AM
2969A,N,V,04/04/2026 07:55:01 AM
2969B,N,O,04/04/2026 08:45:39 AM
2970A,N,O,04/04/2026 07:06:26 AM
2970B,N,O,04/04/2026 06:59:46 AM
2971A,N,O,04/04/2026 09:49:37 AM
2971B,N,O,04/04/2026 09:50:38 AM
2976A,N,O,04/04/2026 08:49:01 AM
2979A,N,O,04/04/2026 08:55:53 AM
2979B,N,V,04/04/2026 09:48:36 AM
297B,N,O,04/03/2026 09:01:49 PM
2981A,N,O,04/04/2026 08:58:47 AM
2982A,N,V,04/03/2026 09:59:44 PM
2982B,N,O,04/04/2026 09:50:12 AM
2983A,N,O,04/04/2026 08:56:47 AM
2983B,N,O,04/03/2026 09:53:54 PM
2984A,N,O,04/04/2026 08:55:46 AM
2984B,N,O,04/04/2026 08:55:49 AM
2985A,N,O,04/04/2026 08:59:51 AM
2985B,N,O,04/04/2026 08:59:47 AM
2986A,N,V,04/04/2026 09:45:18 AM
2986B,N,O,04/04/2026 09:14:25 AM
2987A,N,O,04/04/2026 08:57:51 AM
2987B,N,O,04/04/2026 08:57:51 AM
2988A,N,O,04/04/2026 08:56:57 AM
2988B,N,O,04/04/2026 08:56:50 AM
2989A,N,O,04/04/2026 08:55:45 AM
2989B,N,O,04/04/2026 08:55:45 AM
298A,N,O,04/03/2026 09:59:57 PM
298B,N,V,04/03/2026 09:27:03 PM
2990A,N,O,04/04/2026 09:49:18 AM
2990B,N,O,04/04/2026 08:59:43 AM
2991A,N,O,04/04/2026 09:18:28 AM
2991B,N,O,04/04/2026 08:58:50 AM
2992A,N,O,04/04/2026 09:15:55 AM
2992B,N,O,04/04/2026 08:57:54 AM
2993A,N,O,04/04/2026 08:56:51 AM
2993B,N,O,04/04/2026 08:56:51 AM
2994A,N,O,04/03/2026 09:44:30 PM
2994B,N,O,04/04/2026 08:55:45 AM
2996A,N,O,04/03/2026 06:59:54 PM
2996B,N,V,04/03/2026 09:51:21 PM
2997A,N,O,04/03/2026 08:24:22 PM
2997B,N,O,04/03/2026 09:42:41 PM
2998A,N,O,04/03/2026 05:49:12 PM
2A,N,O,04/04/2026 08:57:43 AM
2B,N,O,04/04/2026 09:47:21 AM
301A,N,O,04/04/2026 09:39:56 AM
301B,N,V,04/03/2026 02:17:09 PM
302A,N,V,04/04/2026 09:21:01 AM
302B,N,V,04/03/2026 01:27:35 PM
303A,N,O,04/04/2026 08:56:49 AM
303B,N,V,04/04/2026 09:23:40 AM
3040A,N,O,04/04/2026 08:59:52 AM
3040B,N,O,04/04/2026 09:00:06 AM
3041A,N,O,04/04/2026 08:58:50 AM
3041B,N,O,04/04/2026 08:58:50 AM
3045A,N,O,04/04/2026 08:59:52 AM
3045B,N,O,04/04/2026 08:59:52 AM
3046A,N,O,01/12/2026 11:15:27 AM
3046B,N,O,01/12/2026 11:15:12 AM
304A,N,O,04/04/2026 09:50:31 AM
304B,N,O,04/04/2026 09:51:43 AM
305A,N,V,04/04/2026 09:17:54 AM
305B,N,O,04/04/2026 08:59:48 AM
3060A,N,O,04/04/2026 08:59:44 AM
3061A,N,O,04/04/2026 08:58:52 AM
3061B,N,O,04/04/2026 08:58:52 AM
3062A,N,O,04/04/2026 08:57:52 AM
3062B,N,O,04/04/2026 09:00:22 AM
3063A,N,O,04/04/2026 08:56:50 AM
3064A,N,O,04/04/2026 09:20:31 AM
3064B,N,O,04/04/2026 08:55:51 AM
3065A,N,O,04/04/2026 08:59:52 AM
3065B,N,O,04/04/2026 09:45:43 AM
3066A,N,O,04/04/2026 09:44:57 AM
3066B,N,O,04/04/2026 09:25:48 AM
3067A,N,O,04/04/2026 09:08:43 AM
3067B,N,O,04/04/2026 08:57:50 AM
3068A,N,O,04/04/2026 09:50:58 AM
3068B,N,O,04/04/2026 08:56:52 AM
3069A,N,O,04/04/2026 09:29:09 AM
3069B,N,O,04/03/2026 08:42:54 PM
306B,N,V,04/03/2026 08:14:17 PM
3070A,N,V,04/03/2026 09:02:05 PM
3070B,N,V,04/03/2026 07:39:03 PM
3073A,N,O,04/04/2026 08:58:28 AM
3074A,N,O,04/04/2026 08:55:46 AM
3074B,N,O,04/04/2026 08:55:46 AM
3075A,N,O,04/04/2026 08:59:52 AM
3075B,N,O,04/04/2026 08:59:52 AM
3076A,N,O,04/04/2026 08:58:42 AM
3076B,N,O,04/04/2026 08:59:05 AM
3077A,N,O,04/04/2026 08:57:45 AM
3077B,N,O,04/04/2026 08:57:45 AM
3078A,N,O,04/04/2026 09:19:35 AM
3078B,N,O,04/04/2026 08:57:04 AM
3079A,N,O,04/03/2026 09:13:19 PM
3079B,N,O,04/03/2026 08:48:54 PM
307A,N,V,04/04/2026 09:15:16 AM
307B,N,O,04/04/2026 09:46:49 AM
3080A,N,O,04/03/2026 05:30:23 PM
3080B,N,V,04/03/2026 09:26:14 PM
3081A,N,O,04/03/2026 09:24:21 PM
3081B,N,V,04/03/2026 09:57:11 PM
308A,N,V,04/04/2026 09:47:18 AM
308B,N,O,04/04/2026 09:02:19 AM
3092B,N,V,04/03/2026 07:21:16 PM
3093A,N,O,04/03/2026 09:45:02 PM
3093B,N,V,04/03/2026 08:19:06 PM
3094A,N,V,04/03/2026 09:39:58 PM
3094B,N,V,04/03/2026 09:20:54 PM
3095A,N,V,04/03/2026 09:31:57 PM
3095B,N,O,04/03/2026 06:34:48 PM
3096A,N,V,04/03/2026 07:57:43 PM
3096B,N,V,04/03/2026 07:23:16 PM
3097A,N,V,04/04/2026 09:38:38 AM
3097B,N,O,04/04/2026 08:57:44 AM
3098A,N,O,04/04/2026 08:56:44 AM
3098B,N,V,04/04/2026 09:29:14 AM
3099A,N,O,04/04/2026 08:55:49 AM
3099B,N,O,04/04/2026 08:55:49 AM
309A,N,V,04/04/2026 09:51:31 AM
309B,N,O,04/04/2026 09:49:23 AM
3100A,N,O,04/04/2026 08:59:43 AM
3100B,N,O,04/04/2026 08:59:43 AM
3101A,N,O,04/04/2026 08:58:46 AM
3101B,N,O,04/04/2026 08:58:50 AM
3107A,N,O,04/04/2026 09:15:21 AM
3107B,N,O,04/04/2026 08:57:48 AM
3109A,N,O,04/04/2026 08:55:48 AM
3109B,N,O,04/04/2026 08:55:48 AM
310A,N,O,04/04/2026 08:59:43 AM
310B,N,O,04/04/2026 09:27:38 AM
3110A,N,O,04/04/2026 08:59:43 AM
311A,N,O,04/04/2026 08:58:45 AM
311B,N,V,04/03/2026 05:54:53 PM
312A,N,O,04/04/2026 08:57:42 AM
312B,N,V,04/04/2026 09:38:22 AM
313A,N,O,04/04/2026 09:20:53 AM
313B,N,O,04/04/2026 08:56:45 AM
314A,N,V,04/04/2026 09:40:17 AM
314B,N,V,04/04/2026 09:47:19 AM
315A,N,O,04/02/2026 06:17:52 PM
315B,N,O,04/02/2026 07:59:50 PM
316A,N,O,04/02/2026 06:58:52 AM
316B,N,O,04/02/2026 03:30:24 PM
317A,N,O,04/02/2026 06:57:47 AM
317B,N,O,04/02/2026 06:57:47 AM
3186A,N,O,04/04/2026 08:58:47 AM
3186B,N,O,04/04/2026 09:28:57 AM
3187A,N,O,04/04/2026 08:58:30 AM
3187B,N,O,04/04/2026 09:06:32 AM
3188A,N,O,04/04/2026 09:06:02 AM
3188B,N,O,04/04/2026 08:56:47 AM
318B,N,O,04/02/2026 12:50:53 PM
3190A,N,O,04/04/2026 09:48:19 AM
3190B,N,O,04/04/2026 08:59:50 AM
3191A,N,O,04/04/2026 08:58:53 AM
3191B,N,O,04/04/2026 09:14:20 AM
3192A,N,O,04/04/2026 08:57:44 AM
3192B,N,O,04/04/2026 09:37:14 AM
3193A,N,O,04/04/2026 09:23:23 AM
3193B,N,O,04/04/2026 09:14:44 AM
3197A,N,O,04/04/2026 09:13:54 AM
3197B,N,O,04/04/2026 08:57:40 AM
319A,N,O,04/02/2026 06:55:41 AM
319B,N,O,04/02/2026 11:57:58 AM
3205A,N,O,04/04/2026 09:44:43 AM
3205B,N,O,04/04/2026 09:45:44 AM
3206A,N,O,04/04/2026 08:58:44 AM
3206B,N,O,04/04/2026 09:18:15 AM
3207A,N,O,04/04/2026 08:57:42 AM
3207B,N,O,04/03/2026 09:40:51 PM
3209A,N,V,04/04/2026 09:35:22 AM
3209B,N,O,04/04/2026 08:55:50 AM
320A,N,O,04/02/2026 11:19:57 AM
320B,N,O,04/02/2026 02:06:37 PM
3210A,N,O,04/04/2026 08:59:41 AM
3210B,N,O,04/04/2026 08:59:41 AM
3211A,N,O,04/04/2026 09:20:04 AM
3211B,N,O,04/04/2026 09:27:25 AM
3212A,N,O,04/04/2026 08:57:51 AM
3212B,N,O,04/04/2026 08:57:51 AM
3213B,N,O,04/04/2026 08:56:44 AM
3214A,N,O,04/04/2026 08:55:46 AM
3214B,N,V,04/04/2026 09:06:09 AM
3215A,N,V,04/03/2026 07:51:43 PM
3215B,N,O,04/04/2026 08:59:41 AM
3216A,N,O,04/04/2026 08:58:48 AM
3216B,N,V,04/03/2026 09:43:40 PM
3217A,N,V,04/03/2026 09:52:37 PM
3217B,N,O,04/04/2026 09:50:51 AM
3218A,N,O,04/04/2026 08:56:52 AM
3218B,N,V,04/04/2026 09:05:58 AM
3219A,N,V,04/04/2026 09:38:24 AM
3219B,N,V,04/04/2026 09:51:27 AM
321A,N,O,04/02/2026 06:58:42 AM
321B,N,O,04/02/2026 06:58:46 AM
3220A,N,V,04/04/2026 09:35:37 AM
3220B,N,V,04/04/2026 09:20:54 AM
3221A,N,O,04/04/2026 08:58:52 AM
3221B,N,O,03/12/2026 10:14:38 AM
3222A,N,O,04/04/2026 09:22:14 AM
3222B,N,O,04/04/2026 08:57:47 AM
322A,N,O,04/02/2026 12:54:25 PM
322B,N,O,04/02/2026 02:56:35 PM
3237A,N,O,04/04/2026 08:57:50 AM
3237B,N,O,04/04/2026 08:57:50 AM
3238A,N,O,04/04/2026 09:45:34 AM
3238B,N,O,04/04/2026 06:56:49 AM
3239A,N,O,04/04/2026 06:56:07 AM
3239B,N,O,04/04/2026 06:55:42 AM
3240A,N,V,04/04/2026 09:08:10 AM
3240B,N,V,04/04/2026 08:05:13 AM
3241A,N,O,04/04/2026 06:58:52 AM
3241B,N,V,04/04/2026 09:18:06 AM
3242B,N,O,04/04/2026 06:57:49 AM
3258A,N,V,04/04/2026 09:43:42 AM
3258B,N,V,04/04/2026 09:50:48 AM
3259A,N,O,04/04/2026 06:55:43 AM
3259B,N,V,04/04/2026 09:35:13 AM
325A,N,V,04/02/2026 07:57:27 PM
325B,N,O,04/02/2026 07:39:15 PM
3260A,N,O,04/04/2026 09:51:38 AM
3260B,N,V,04/04/2026 09:16:41 AM
3261A,N,O,04/04/2026 09:21:26 AM
3261B,N,O,04/04/2026 09:47:22 AM
3262A,N,O,04/04/2026 08:57:58 AM
3262B,N,O,04/04/2026 08:57:54 AM
3263A,N,O,04/04/2026 08:56:48 AM
3263B,N,O,04/04/2026 09:51:25 AM
3264A,N,O,04/03/2026 07:32:17 PM
3264B,N,O,04/04/2026 08:55:52 AM
3265A,N,O,04/04/2026 09:02:36 AM
3265B,N,O,04/04/2026 08:59:47 AM
3266A,N,O,04/04/2026 08:58:53 AM
3266B,N,O,04/04/2026 09:41:16 AM
3267A,N,O,04/03/2026 09:30:12 PM
3267B,N,V,04/04/2026 09:49:20 AM
3268A,N,O,04/04/2026 08:56:54 AM
3268B,N,O,04/04/2026 08:57:02 AM
326A,N,O,04/02/2026 05:00:57 PM
326B,N,O,04/02/2026 03:50:04 PM
3271A,N,V,04/04/2026 09:06:54 AM
3272A,N,O,04/04/2026 08:58:26 AM
3272B,N,O,04/04/2026 08:57:58 AM
327A,N,O,04/02/2026 12:29:00 PM
327B,N,O,04/02/2026 08:31:21 AM
3281A,N,V,04/04/2026 09:47:50 AM
3281B,N,O,04/04/2026 08:58:43 AM
3282A,N,O,04/04/2026 08:57:46 AM
3282B,N,O,04/04/2026 09:22:08 AM
3283A,N,V,04/04/2026 09:24:09 AM
3283B,N,O,04/04/2026 09:25:22 AM
3284A,N,O,04/04/2026 08:55:50 AM
3284B,N,O,04/04/2026 08:55:50 AM
3285A,N,O,04/04/2026 08:59:49 AM
3285B,N,O,04/04/2026 09:25:51 AM
3286A,N,O,04/04/2026 09:47:56 AM
3286B,N,O,04/04/2026 08:58:52 AM
3287A,N,O,04/04/2026 09:39:42 AM
3287B,N,O,04/04/2026 09:39:42 AM
3288A,N,O,04/04/2026 08:57:06 AM
3288B,N,V,04/04/2026 09:46:46 AM
328A,N,V,04/02/2026 07:59:45 PM
328B,N,O,04/02/2026 03:36:20 PM
3290A,N,V,04/04/2026 09:51:05 AM
3290B,N,V,04/04/2026 09:49:08 AM
3291B,N,O,04/04/2026 09:38:58 AM
3292A,N,O,04/04/2026 09:48:06 AM
3292B,N,V,04/04/2026 09:17:58 AM
3293A,N,O,04/04/2026 09:45:08 AM
3293B,N,V,04/04/2026 09:51:26 AM
3294A,N,V,04/04/2026 09:27:48 AM
3294B,N,O,04/04/2026 09:51:06 AM
3295A,N,O,04/04/2026 09:43:40 AM
329B,N,O,11/01/2025 01:54:54 PM
330A,N,O,04/02/2026 05:51:46 PM
330B,N,O,04/02/2026 06:59:55 AM
3317A,N,O,04/04/2026 08:57:48 AM
3317B,N,O,04/04/2026 09:47:03 AM
3318A,N,O,04/03/2026 04:51:04 PM
3318B,N,O,04/04/2026 08:56:51 AM
3319A,N,V,04/04/2026 09:35:17 AM
3319B,N,O,04/04/2026 09:15:57 AM
331A,N,O,04/02/2026 03:35:38 PM
331B,N,O,04/02/2026 05:29:50 PM
3320A,N,O,04/04/2026 08:59:43 AM
3320B,N,O,04/04/2026 08:59:43 AM
3321A,N,O,04/04/2026 08:58:51 AM
3321B,N,O,04/04/2026 09:34:21 AM
3322A,N,O,04/04/2026 09:13:06 AM
3322B,N,O,04/04/2026 08:57:49 AM
3323B,N,O,04/04/2026 09:40:34 AM
332A,N,O,04/02/2026 06:58:00 AM
332B,N,O,04/02/2026 04:26:32 PM
3330A,N,O,04/04/2026 09:00:08 AM
3330B,N,V,04/04/2026 09:46:56 AM
3331A,N,V,04/04/2026 09:49:46 AM
3331B,N,O,04/04/2026 09:51:18 AM
3332A,N,V,04/04/2026 09:02:57 AM
3332B,N,V,04/03/2026 05:40:42 PM
3333A,N,V,04/03/2026 09:50:03 PM
3333B,N,V,04/04/2026 09:51:36 AM
3334A,N,O,04/04/2026 09:17:21 AM
3334B,N,O,04/04/2026 08:56:17 AM
333A,N,O,04/02/2026 03:40:29 PM
333B,N,O,04/02/2026 12:38:17 PM
3343A,N,O,04/04/2026 08:56:49 AM
3343B,N,O,04/04/2026 08:56:53 AM
3344A,N,O,04/04/2026 08:55:48 AM
3344B,N,O,04/04/2026 09:00:46 AM
3346A,N,O,04/04/2026 08:58:55 AM
3346B,N,O,04/04/2026 08:58:52 AM
334A,N,O,04/02/2026 04:44:11 PM
334B,N,O,04/02/2026 06:55:43 AM
3350A,N,O,04/04/2026 08:59:49 AM
3350B,N,O,04/04/2026 08:59:53 AM
3351A,N,O,04/04/2026 08:58:47 AM
3351B,N,O,04/04/2026 08:58:47 AM
3352A,N,O,04/04/2026 08:57:50 AM
3352B,N,O,04/04/2026 08:57:50 AM
3353A,N,O,04/04/2026 08:56:46 AM
3354A,N,O,04/04/2026 08:55:51 AM
3354B,N,O,04/03/2026 08:55:55 AM
3355A,N,V,04/04/2026 09:51:19 AM
3355B,N,O,04/04/2026 09:08:50 AM
3357B,N,O,04/04/2026 08:57:44 AM
3358A,N,O,04/04/2026 08:56:48 AM
3358B,N,V,04/04/2026 09:51:20 AM
3359A,N,O,04/04/2026 09:21:14 AM
3359B,N,O,04/04/2026 08:55:41 AM
335B,N,O,04/02/2026 05:50:02 PM
3360A,N,O,04/04/2026 08:59:40 AM
3362A,N,V,04/04/2026 09:51:29 AM
3362B,N,O,04/03/2026 09:51:35 PM
3363A,N,O,04/04/2026 08:56:50 AM
3363B,N,O,04/04/2026 09:49:09 AM
3368A,N,O,04/04/2026 08:56:49 AM
3368B,N,O,04/04/2026 08:56:49 AM
336A,N,O,04/02/2026 05:07:45 PM
336B,N,O,04/02/2026 06:58:47 AM
3371A,N,O,04/04/2026 08:58:44 AM
3371B,N,O,04/04/2026 08:58:44 AM
3372A,N,V,04/04/2026 09:24:50 AM
3372B,N,O,04/04/2026 08:57:52 AM
3373A,N,O,04/04/2026 08:56:44 AM
3373B,N,O,04/04/2026 08:56:56 AM
3374A,N,O,04/04/2026 09:41:36 AM
3374B,N,O,04/04/2026 08:55:48 AM
3375A,N,O,04/04/2026 09:44:58 AM
3375B,N,V,04/04/2026 09:08:38 AM
3376A,N,O,04/04/2026 08:58:49 AM
3376B,N,O,04/04/2026 09:49:56 AM
3377A,N,O,04/04/2026 08:57:51 AM
3377B,N,O,04/04/2026 09:12:53 AM
3378A,N,O,04/04/2026 09:04:15 AM
3378B,N,V,04/04/2026 09:19:30 AM
3379A,N,O,04/04/2026 08:55:49 AM
3379B,N,O,04/04/2026 08:55:49 AM
337A,N,O,04/02/2026 02:43:37 PM
337B,N,O,04/02/2026 06:57:55 AM
3380A,N,V,04/03/2026 08:36:48 PM
3380B,N,V,04/04/2026 09:51:09 AM
3381A,N,O,04/04/2026 08:58:52 AM
3381B,N,O,04/04/2026 08:58:52 AM
3382A,N,O,04/04/2026 08:58:05 AM
3382B,N,O,04/04/2026 08:57:53 AM
3383A,N,O,04/04/2026 09:48:26 AM
3383B,N,O,04/04/2026 08:56:44 AM
338A,N,O,04/02/2026 06:56:53 AM
338B,N,O,04/02/2026 06:57:44 AM
339A,N,O,04/02/2026 03:57:36 PM
3400A,N,O,04/04/2026 09:27:33 AM
3400B,N,O,04/04/2026 08:59:51 AM
3401A,N,O,04/04/2026 08:58:47 AM
3402A,N,O,04/04/2026 08:57:48 AM
3402B,N,O,04/04/2026 08:57:44 AM
3403A,N,O,04/04/2026 08:57:35 AM
3403B,N,O,04/04/2026 08:56:53 AM
3404A,N,O,04/04/2026 08:55:48 AM
3404B,N,O,04/04/2026 09:44:13 AM
3405A,N,O,04/04/2026 08:59:51 AM
3405B,N,O,04/04/2026 08:59:44 AM
3406A,N,O,04/04/2026 09:34:26 AM
3406B,N,O,04/04/2026 08:58:50 AM
3411A,N,O,04/04/2026 08:58:42 AM
3411B,N,O,04/04/2026 08:58:42 AM
3412A,N,O,04/04/2026 08:57:51 AM
3412B,N,O,04/04/2026 08:58:04 AM
3413A,N,O,04/04/2026 09:51:34 AM
3413B,N,O,04/04/2026 08:56:50 AM
3414A,N,O,04/04/2026 08:55:47 AM
3414B,N,O,04/03/2026 04:42:08 PM
3415A,N,O,04/04/2026 08:59:46 AM
3416A,N,O,04/04/2026 09:00:18 AM
3416B,N,V,04/04/2026 09:14:20 AM
3417A,N,O,04/04/2026 08:57:49 AM
3418A,N,O,04/04/2026 08:56:52 AM
3418B,N,O,04/04/2026 08:57:00 AM
3419A,N,O,04/04/2026 08:55:49 AM
3419B,N,O,04/04/2026 08:55:45 AM
3421A,N,O,04/04/2026 08:58:43 AM
3421B,N,V,04/04/2026 09:45:55 AM
3422A,N,O,04/04/2026 08:57:47 AM
3422B,N,O,04/04/2026 08:57:47 AM
3423A,N,O,04/04/2026 09:02:05 AM
3423B,N,V,04/03/2026 09:59:27 PM
3427A,N,O,04/04/2026 08:57:51 AM
3427B,N,O,04/04/2026 08:57:54 AM
3428A,N,O,04/04/2026 08:56:48 AM
3428B,N,O,04/04/2026 08:56:48 AM
342A,N,O,04/02/2026 04:34:48 PM
3433A,N,V,04/04/2026 09:51:40 AM
3433B,N,O,04/04/2026 08:56:44 AM
3434A,N,O,04/04/2026 09:13:58 AM
3434B,N,O,04/04/2026 08:55:40 AM
3435A,N,O,04/04/2026 08:59:48 AM
3435B,N,V,04/04/2026 09:47:28 AM
3436A,N,V,04/04/2026 09:44:05 AM
3436B,N,O,04/04/2026 08:58:47 AM
343A,N,O,04/02/2026 11:04:09 AM
343B,N,O,04/02/2026 04:35:22 PM
3447B,N,O,04/04/2026 08:57:47 AM
3448A,N,O,04/04/2026 08:56:48 AM
3448B,N,O,04/04/2026 08:56:48 AM
3449B,N,O,04/04/2026 08:55:56 AM
344A,N,O,04/02/2026 11:26:16 AM
344B,N,O,04/02/2026 05:23:06 PM
3450A,N,O,04/04/2026 08:59:46 AM
3450B,N,O,04/04/2026 08:59:46 AM
3451A,N,O,04/04/2026 08:58:52 AM
3451B,N,O,04/04/2026 08:58:52 AM
345A,N,O,04/02/2026 08:03:31 AM
345B,N,O,04/02/2026 08:04:00 AM
3467B,N,O,04/03/2026 09:12:02 PM
3468A,N,O,04/03/2026 08:50:46 PM
3468B,N,O,04/03/2026 09:54:22 PM
346B,N,O,04/02/2026 06:47:12 PM
3475B,N,O,04/03/2026 08:04:53 PM
3476A,N,O,04/03/2026 05:44:37 PM
3476B,N,O,04/03/2026 09:54:10 PM
3477A,N,O,04/03/2026 07:46:02 PM
3477B,N,O,04/03/2026 08:49:53 PM
3478A,N,O,04/03/2026 09:53:15 PM
3478B,N,O,04/03/2026 08:39:59 PM
3479A,N,O,04/03/2026 09:55:49 AM
347A,N,O,04/02/2026 08:30:06 AM
347B,N,O,04/02/2026 06:57:46 AM
3483A,N,O,04/04/2026 09:51:41 AM
3484B,N,V,04/04/2026 09:20:58 AM
3485A,N,O,04/04/2026 09:19:38 AM
3486A,N,O,04/04/2026 09:46:15 AM
3486B,N,O,04/04/2026 08:58:43 AM
3487A,N,O,04/04/2026 08:57:47 AM
3487B,N,O,04/04/2026 08:57:50 AM
3488B,N,O,04/04/2026 08:56:46 AM
3489A,N,V,04/03/2026 07:49:48 PM
3489B,N,V,04/03/2026 09:59:53 PM
348A,N,O,04/02/2026 04:51:45 PM
348B,N,O,04/02/2026 03:39:59 PM
350A,N,O,04/02/2026 06:59:58 AM
350B,N,O,04/02/2026 04:06:37 PM
3516A,N,O,04/04/2026 08:58:50 AM
3516B,N,O,04/04/2026 08:58:50 AM
351A,N,O,04/02/2026 09:45:26 AM
351B,N,O,04/02/2026 01:34:44 PM
352A,N,O,04/02/2026 03:04:09 PM
352B,N,O,04/02/2026 03:56:18 PM
353A,N,O,04/02/2026 04:18:36 PM
353B,N,O,04/02/2026 11:43:41 AM
3541B,N,V,04/04/2026 09:27:13 AM
3542A,N,V,04/04/2026 09:08:11 AM
3543A,N,V,04/04/2026 09:28:52 AM
3543B,N,O,04/04/2026 08:56:50 AM
3544A,N,V,04/04/2026 09:42:10 AM
3544B,N,O,04/04/2026 09:01:37 AM
3545A,N,V,04/03/2026 10:04:50 PM
3550A,N,O,04/04/2026 08:59:52 AM
3550B,N,O,04/04/2026 08:59:52 AM
3551A,N,O,04/04/2026 08:58:41 AM
3551B,N,O,04/04/2026 08:58:45 AM
3558B,N,O,04/04/2026 09:11:28 AM
3559A,N,O,04/04/2026 08:55:51 AM
3559B,N,O,04/04/2026 08:55:51 AM
3562A,N,O,04/04/2026 08:57:52 AM
3563A,N,O,04/04/2026 08:56:47 AM
3563B,N,O,04/04/2026 09:23:18 AM
3564A,N,V,04/04/2026 09:42:41 AM
3564B,N,O,04/04/2026 08:55:45 AM
3568A,N,O,04/04/2026 08:56:52 AM
3568B,N,O,04/03/2026 12:50:05 PM
3569A,N,O,04/04/2026 09:31:26 AM
3569B,N,O,04/04/2026 08:55:56 AM
3571A,N,O,04/03/2026 09:55:19 PM
3571B,N,V,04/03/2026 09:47:09 PM
3572A,N,O,04/03/2026 08:43:48 PM
3572B,N,V,04/03/2026 09:59:43 PM
3573A,N,O,04/03/2026 08:28:16 PM
3573B,N,O,04/03/2026 08:57:45 PM
3574A,N,O,04/03/2026 09:58:57 PM
3574B,N,O,04/03/2026 10:25:54 AM
3575A,N,O,04/03/2026 10:31:15 AM
3575B,N,O,04/03/2026 09:47:50 PM
3576A,N,O,04/03/2026 09:58:23 PM
3576B,N,O,04/03/2026 07:21:08 PM
3577A,N,O,04/03/2026 09:48:47 PM
3577B,N,O,04/03/2026 06:54:50 PM
3578A,N,O,04/03/2026 08:54:10 PM
3578B,N,O,04/03/2026 08:37:54 PM
3579A,N,O,04/03/2026 08:53:36 PM
3579B,N,O,04/03/2026 07:43:20 PM
357A,N,O,04/04/2026 07:57:49 AM
357B,N,V,04/04/2026 09:51:34 AM
3580A,N,O,04/03/2026 09:48:43 PM
3583A,N,V,04/03/2026 09:59:19 PM
3583B,N,V,04/03/2026 09:43:28 PM
3584A,N,O,04/03/2026 03:55:08 PM
3584B,N,V,04/03/2026 03:54:56 PM
3585A,N,V,04/03/2026 09:47:57 PM
3585B,N,O,04/03/2026 04:53:21 PM
3586A,N,O,04/03/2026 07:52:09 PM
3586B,N,O,04/03/2026 09:49:49 PM
3587A,N,O,04/03/2026 02:26:34 PM
3587B,N,O,04/03/2026 09:08:24 PM
3588A,N,O,04/03/2026 08:59:37 PM
3592A,N,O,04/04/2026 09:41:29 AM
3592B,N,O,04/04/2026 09:51:06 AM
3593A,N,O,04/04/2026 08:56:49 AM
3593B,N,V,04/04/2026 09:45:46 AM
3594A,N,O,04/04/2026 09:13:03 AM
3594B,N,O,04/04/2026 08:55:49 AM
3597A,N,O,04/04/2026 09:19:56 AM
3597B,N,O,04/04/2026 08:57:44 AM
3604B,N,O,04/04/2026 08:55:50 AM
3605A,N,O,04/04/2026 08:59:52 AM
3605B,N,O,04/04/2026 08:59:43 AM
3606A,N,O,04/04/2026 08:58:49 AM
3606B,N,O,04/04/2026 08:58:49 AM
3607A,N,O,04/04/2026 08:57:46 AM
3607B,N,O,04/04/2026 08:58:53 AM
3608B,N,O,04/04/2026 08:56:52 AM
3609A,N,O,04/04/2026 08:55:46 AM
3609B,N,O,04/04/2026 09:38:50 AM
360A,N,O,04/04/2026 08:59:49 AM
360B,N,O,04/04/2026 09:00:11 AM
3610A,N,O,04/04/2026 08:59:47 AM
3610B,N,O,04/04/2026 09:00:01 AM
3611A,N,O,04/04/2026 08:58:42 AM
3611B,N,O,04/04/2026 08:59:49 AM
3612A,N,O,04/04/2026 08:57:42 AM
3612B,N,O,04/04/2026 08:57:42 AM
3613A,N,V,04/04/2026 09:49:38 AM
3613B,N,O,04/04/2026 09:07:59 AM
3614A,N,O,04/04/2026 08:55:41 AM
3615A,N,O,04/04/2026 09:00:04 AM
3615B,N,O,04/04/2026 08:59:48 AM
3616A,N,O,04/04/2026 08:58:51 AM
3616B,N,O,04/04/2026 08:58:51 AM
3617B,N,O,04/04/2026 09:13:32 AM
3618B,N,V,04/03/2026 09:49:25 PM
3619A,N,V,04/03/2026 09:16:26 PM
3619B,N,V,04/03/2026 09:04:42 PM
361A,N,O,04/04/2026 08:58:54 AM
361B,N,O,04/04/2026 08:58:47 AM
3620A,N,O,04/03/2026 08:06:26 PM
3620B,N,O,04/03/2026 06:54:17 PM
3621A,N,V,04/03/2026 09:51:37 PM
3621B,N,O,04/03/2026 09:27:37 PM
3622A,N,O,04/04/2026 08:57:47 AM
3622B,N,O,04/04/2026 08:57:51 AM
3623A,N,O,04/04/2026 09:50:57 AM
3623B,N,O,04/04/2026 08:56:51 AM
3624A,N,O,04/04/2026 08:55:39 AM
3624B,N,O,04/04/2026 08:55:44 AM
3625A,N,O,04/04/2026 08:59:48 AM
3625B,N,O,04/04/2026 09:09:09 AM
3634A,N,V,04/03/2026 11:31:17 PM
3634B,N,V,04/04/2026 09:51:39 AM
3635B,N,V,04/04/2026 08:52:18 AM
3646B,N,O,04/04/2026 08:58:45 AM
3647A,N,O,04/04/2026 08:57:50 AM
3647B,N,O,04/03/2026 07:07:02 PM
364A,N,O,04/04/2026 08:55:51 AM
364B,N,V,04/04/2026 09:51:03 AM
3653A,N,O,04/04/2026 08:56:50 AM
3653B,N,O,04/04/2026 08:56:50 AM
3654A,N,O,04/04/2026 08:55:46 AM
3654B,N,O,04/04/2026 08:55:46 AM
365A,N,O,04/04/2026 08:59:47 AM
365B,N,O,04/04/2026 09:00:01 AM
3663A,N,O,04/04/2026 08:44:45 AM
3664A,N,O,04/04/2026 09:05:05 AM
3664B,N,O,04/04/2026 07:54:47 AM
3665A,N,V,04/04/2026 09:43:55 AM
3666A,N,V,04/04/2026 09:49:05 AM
3666B,N,O,04/04/2026 08:37:03 AM
3669B,N,O,04/04/2026 08:55:48 AM
366A,N,O,04/04/2026 08:58:50 AM
366B,N,O,04/04/2026 08:59:12 AM
367A,N,O,04/04/2026 08:57:44 AM
367B,N,O,04/04/2026 08:57:44 AM
368A,N,O,04/04/2026 08:56:48 AM
368B,N,O,04/04/2026 08:56:48 AM
3711B,N,V,04/03/2026 05:09:38 PM
3712A,N,V,04/04/2026 09:51:42 AM
3712B,N,O,04/04/2026 08:57:48 AM
3713A,N,O,04/04/2026 08:56:46 AM
3714A,N,V,04/04/2026 09:47:47 AM
3714B,N,O,04/03/2026 07:30:15 PM
3715A,N,V,04/04/2026 09:39:17 AM
3715B,N,V,04/04/2026 09:38:22 AM
3716A,N,V,04/04/2026 09:45:31 AM
3716B,N,O,04/04/2026 08:59:42 AM
3717A,N,O,04/04/2026 08:57:52 AM
3717B,N,O,04/04/2026 08:57:59 AM
3718A,N,O,04/04/2026 08:56:46 AM
3718B,N,O,04/04/2026 08:56:46 AM
3719A,N,O,04/04/2026 08:55:48 AM
3719B,N,O,04/04/2026 08:56:03 AM
3720A,N,O,04/04/2026 08:59:52 AM
3720B,N,O,04/04/2026 08:59:52 AM
3721A,N,V,04/03/2026 08:18:23 PM
3721B,N,V,04/03/2026 09:54:58 PM
3722A,N,O,04/03/2026 09:53:05 PM
3723B,N,O,04/04/2026 09:40:26 AM
3724A,N,V,04/04/2026 09:46:52 AM
3724B,N,O,04/04/2026 08:55:47 AM
3725A,N,O,04/04/2026 08:59:53 AM
3725B,N,O,04/04/2026 09:38:37 AM
3726A,N,V,04/04/2026 09:51:27 AM
3726B,N,O,04/04/2026 08:58:48 AM
3727B,N,O,04/04/2026 08:57:42 AM
3728A,N,O,04/04/2026 08:56:49 AM
3728B,N,O,04/04/2026 08:56:45 AM
3729A,N,O,04/04/2026 08:55:49 AM
3729B,N,O,04/04/2026 08:55:49 AM
3730A,N,O,04/04/2026 08:59:59 AM
3730B,N,O,04/04/2026 09:50:51 AM
3731A,N,O,04/04/2026 08:58:48 AM
3731B,N,O,04/03/2026 08:58:45 AM
3732A,N,O,04/04/2026 08:58:06 AM
3732B,N,O,04/04/2026 08:57:50 AM
3733A,N,O,04/04/2026 08:56:53 AM
3733B,N,O,04/04/2026 08:57:06 AM
3734A,N,V,04/04/2026 09:51:07 AM
3734B,N,O,04/04/2026 09:14:14 AM
3735A,N,O,04/04/2026 08:59:51 AM
3735B,N,O,04/04/2026 08:59:51 AM
3736A,N,O,04/04/2026 08:59:08 AM
3736B,N,O,04/04/2026 08:58:48 AM
3737A,N,O,04/04/2026 08:57:43 AM
3737B,N,O,04/04/2026 08:57:43 AM
3738B,N,O,04/04/2026 08:56:45 AM
3739A,N,O,04/04/2026 08:55:53 AM
3739B,N,O,04/04/2026 09:15:18 AM
3741B,N,O,04/04/2026 08:58:49 AM
375A,N,O,04/04/2026 09:41:13 AM
375B,N,O,04/04/2026 09:00:14 AM
3774A,N,V,04/03/2026 07:56:17 PM
3775A,N,V,04/04/2026 09:51:31 AM
3776A,N,V,04/04/2026 09:24:03 AM
3776B,N,V,04/04/2026 09:18:28 AM
3777A,N,V,04/03/2026 07:06:46 PM
3777B,N,V,04/03/2026 07:07:10 PM
3778A,N,O,04/03/2026 09:46:43 PM
3779A,N,V,04/03/2026 06:40:33 PM
3779B,N,V,04/03/2026 07:02:30 PM
3780A,N,O,04/04/2026 08:59:58 AM
3780B,N,V,04/04/2026 09:15:31 AM
3781A,N,V,04/03/2026 09:59:13 PM
3781B,N,O,04/04/2026 08:58:45 AM
3782A,N,V,04/03/2026 07:33:03 PM
3782B,N,O,04/04/2026 09:51:13 AM
3783A,N,V,04/04/2026 09:06:50 AM
3783B,N,V,04/04/2026 09:43:37 AM
3790A,N,V,04/03/2026 06:55:58 PM
3790B,N,V,04/03/2026 08:02:23 PM
3791A,N,V,04/03/2026 05:38:43 PM
3791B,N,O,04/03/2026 09:59:12 PM
3794A,N,V,04/03/2026 08:07:10 PM
3795A,N,O,04/02/2026 08:29:54 AM
3795B,N,O,04/03/2026 10:29:53 AM
37A,N,O,04/04/2026 08:59:15 AM
37B,N,O,04/04/2026 09:25:16 AM
3806A,N,O,04/03/2026 07:50:44 PM
3806B,N,V,04/03/2026 09:02:54 PM
3807A,N,O,04/03/2026 09:48:17 PM
3807B,N,O,04/03/2026 07:39:26 PM
3808A,N,O,04/03/2026 09:50:52 PM
3809A,N,V,04/03/2026 08:03:56 PM
3809B,N,V,04/03/2026 07:31:32 PM
3810A,N,V,04/03/2026 09:18:38 PM
3810B,N,O,04/03/2026 09:56:37 PM
3811A,N,O,04/03/2026 09:59:17 PM
3812A,N,V,04/03/2026 09:29:15 PM
3812B,N,O,04/03/2026 12:00:13 PM
3815A,N,O,04/04/2026 09:38:19 AM
3815B,N,O,04/04/2026 08:59:42 AM
3816A,N,O,04/04/2026 09:40:14 AM
3817A,N,V,04/03/2026 09:51:02 PM
3817B,N,V,04/03/2026 09:50:58 PM
3819A,N,V,04/03/2026 09:57:47 PM
3819B,N,V,04/03/2026 09:57:47 PM
3820A,N,V,04/04/2026 09:01:00 AM
3821A,N,O,04/04/2026 08:58:45 AM
3822A,N,O,04/04/2026 08:57:44 AM
3822B,N,O,04/04/2026 08:57:37 AM
3823A,N,O,04/04/2026 08:56:52 AM
3824A,N,O,04/04/2026 09:09:22 AM
3824B,N,O,04/04/2026 08:55:40 AM
3825A,N,V,04/03/2026 07:40:14 PM
3825B,N,O,04/04/2026 08:59:40 AM
3826A,N,O,04/04/2026 08:58:43 AM
3827A,N,O,04/04/2026 08:57:44 AM
3827B,N,O,03/12/2026 04:10:48 PM
3828A,N,O,04/04/2026 08:56:52 AM
3828B,N,O,04/04/2026 08:56:45 AM
3829A,N,O,04/04/2026 09:31:26 AM
3829B,N,V,04/04/2026 09:33:03 AM
3830A,N,V,01/24/2026 11:57:19 PM
3830B,N,O,01/25/2026 08:59:57 AM
3831A,N,V,04/03/2026 08:25:36 PM
3831B,N,V,04/04/2026 09:40:15 AM
3832B,N,O,04/04/2026 08:57:42 AM
3834A,N,V,04/03/2026 07:49:52 PM
3834B,N,V,04/03/2026 07:56:06 PM
3835A,N,V,04/03/2026 07:53:51 PM
3835B,N,O,04/03/2026 09:15:32 PM
3836A,N,O,12/03/2025 08:44:16 AM
3836B,N,O,12/03/2025 09:29:39 AM
3837A,N,V,04/03/2026 07:33:17 PM
3837B,N,V,04/03/2026 09:59:58 PM
3838A,N,V,04/03/2026 08:19:44 PM
3838B,N,V,04/03/2026 09:09:03 PM
3839A,N,O,04/03/2026 08:12:08 PM
3840A,N,O,04/03/2026 07:53:42 PM
3840B,N,O,04/03/2026 02:31:10 PM
3841A,N,V,04/03/2026 07:12:58 PM
3841B,N,O,04/02/2026 06:12:04 PM
3842A,N,V,04/03/2026 07:02:04 PM
3842B,N,V,04/03/2026 06:15:14 PM
3843A,N,V,04/03/2026 06:15:41 PM
3843B,N,V,04/03/2026 06:13:09 PM
3844A,N,V,04/03/2026 08:35:41 PM
3844B,N,V,04/03/2026 06:13:25 PM
3845A,N,O,04/03/2026 07:32:09 PM
3845B,N,V,04/03/2026 07:33:28 PM
3846B,N,V,04/03/2026 09:59:41 PM
3847A,N,V,04/04/2026 09:24:08 AM
3847B,N,V,04/04/2026 09:43:15 AM
3848A,N,O,04/04/2026 09:22:05 AM
3848B,N,V,04/04/2026 09:41:36 AM
3878A,N,O,04/04/2026 08:56:48 AM
3878B,N,O,04/03/2026 01:19:42 PM
3879A,N,O,04/04/2026 08:55:43 AM
3879B,N,O,04/04/2026 09:24:01 AM
3880A,N,O,04/04/2026 08:59:49 AM
3883A,N,O,04/04/2026 08:56:42 AM
3883B,N,V,04/04/2026 09:36:45 AM
3884A,N,O,04/04/2026 08:55:52 AM
3884B,N,V,04/04/2026 09:42:48 AM
3885A,N,O,04/04/2026 08:59:50 AM
3885B,NU,O,04/04/2026 08:59:50 AM
3886A,N,O,04/04/2026 08:58:47 AM
3886B,N,O,04/04/2026 08:58:58 AM
3887A,N,O,04/04/2026 08:57:48 AM
3887B,N,O,04/03/2026 09:59:29 PM
3888A,N,O,04/04/2026 08:56:48 AM
3888B,N,V,04/04/2026 09:48:53 AM
3889A,N,O,04/04/2026 08:55:48 AM
3889B,N,O,04/04/2026 08:55:48 AM
3890A,N,O,04/03/2026 02:50:28 PM
3890B,N,V,04/04/2026 09:50:31 AM
3891B,N,O,04/04/2026 08:58:45 AM
3893A,N,O,04/04/2026 08:56:45 AM
3893B,N,O,04/04/2026 09:03:32 AM
3894A,N,O,04/04/2026 08:55:44 AM
3894B,N,O,04/04/2026 08:55:44 AM
3895A,N,V,04/04/2026 09:41:32 AM
3895B,N,V,04/04/2026 09:38:54 AM
3896A,N,O,04/04/2026 08:58:49 AM
3896B,N,O,04/04/2026 08:58:49 AM
3897A,N,O,04/04/2026 08:57:44 AM
3897B,N,O,04/04/2026 08:57:44 AM
38A,N,O,04/04/2026 08:56:51 AM
38B,N,O,04/04/2026 08:56:51 AM
3933B,N,O,04/04/2026 09:33:30 AM
3934B,N,O,04/04/2026 06:55:49 AM
3935A,N,O,04/04/2026 06:59:45 AM
3936A,N,O,04/04/2026 06:58:49 AM
3936B,N,V,04/04/2026 09:39:36 AM
3937A,N,O,01/28/2026 06:58:40 AM
3938A,N,O,04/04/2026 08:38:18 AM
3938B,N,O,04/04/2026 09:27:14 AM
3939B,N,O,04/04/2026 09:18:24 AM
3940B,N,O,04/04/2026 07:33:47 AM
3941A,NU,O,04/03/2026 11:44:43 PM
3941B,NU,V,04/03/2026 09:27:35 PM
3942A,NU,V,04/03/2026 10:09:45 PM
3942B,NU,O,04/03/2026 11:44:39 PM
3945A,N,O,04/04/2026 09:45:17 AM
3945B,N,O,04/04/2026 06:59:50 AM
3946A,N,O,04/04/2026 09:45:43 AM
3946B,N,O,04/04/2026 09:29:04 AM
3947A,N,O,04/04/2026 09:33:34 AM
3947B,N,O,04/04/2026 09:13:06 AM
3948A,N,O,04/04/2026 09:50:28 AM
3948B,N,O,04/04/2026 08:37:23 AM
3949A,N,O,04/04/2026 08:30:05 AM
3949B,N,O,04/04/2026 09:36:39 AM
3950A,N,V,04/04/2026 09:11:18 AM
3950B,N,O,04/04/2026 06:59:51 AM
3951A,N,V,04/04/2026 09:49:29 AM
3951B,N,O,04/04/2026 07:24:38 AM
3952A,N,O,04/04/2026 09:33:29 AM
3952B,N,O,04/04/2026 09:34:51 AM
3953B,N,O,04/04/2026 09:50:09 AM
3954A,N,V,04/04/2026 09:21:24 AM
3954B,N,V,04/04/2026 09:21:04 AM
3955A,N,O,04/04/2026 08:56:13 AM
3956A,N,O,04/04/2026 09:30:58 AM
3956B,N,O,04/04/2026 09:09:02 AM
3957A,N,V,04/04/2026 08:00:27 AM
3957B,N,V,04/04/2026 07:58:23 AM
3958A,N,O,04/04/2026 09:49:07 AM
3958B,N,V,04/04/2026 09:48:59 AM
3959A,N,O,04/04/2026 09:28:13 AM
3959B,N,V,04/04/2026 09:17:53 AM
3960A,N,O,04/04/2026 09:27:52 AM
3960B,N,O,04/04/2026 09:13:48 AM
3970A,N,O,04/04/2026 08:59:49 AM
3970B,N,O,04/04/2026 09:51:41 AM
3975B,N,O,04/03/2026 08:43:05 PM
3976A,N,O,04/04/2026 09:39:49 AM
3976B,N,O,04/04/2026 09:49:00 AM
3977A,N,O,04/04/2026 08:57:56 AM
3977B,N,O,04/04/2026 08:57:49 AM
3978A,N,O,04/04/2026 09:51:29 AM
3978B,N,O,04/04/2026 09:49:31 AM
3980A,N,O,04/04/2026 08:59:44 AM
3980B,N,V,04/04/2026 09:10:04 AM
3981A,N,O,04/04/2026 08:58:53 AM
3981B,N,O,04/03/2026 06:04:14 PM
3982A,N,O,04/04/2026 08:57:45 AM
3982B,N,V,04/04/2026 09:51:19 AM
3997A,N,O,04/04/2026 08:57:50 AM
3998A,N,O,04/04/2026 08:56:52 AM
3998B,N,V,04/04/2026 09:51:41 AM
3999A,N,O,04/04/2026 08:55:43 AM
3999B,N,V,04/04/2026 09:38:51 AM
39A,N,O,04/04/2026 08:55:43 AM
39B,N,O,04/04/2026 08:57:05 AM
3A,N,O,04/04/2026 08:56:47 AM
3B,N,O,04/04/2026 08:56:47 AM
4030B,N,V,04/03/2026 09:53:24 PM
4031A,N,O,04/03/2026 09:57:53 PM
4031B,N,O,04/03/2026 09:22:04 PM
4032A,N,O,04/03/2026 09:49:13 PM
4132A,N,O,04/04/2026 08:57:53 AM
4140A,N,V,04/03/2026 09:26:36 PM
4140B,N,V,04/03/2026 09:40:05 PM
4141A,N,O,04/03/2026 09:21:34 PM
4141B,N,O,04/03/2026 09:21:34 PM
4144A,N,O,04/03/2026 10:25:40 AM
4145A,N,O,04/03/2026 10:29:49 AM
4145B,N,O,04/03/2026 10:29:49 AM
4146A,N,V,04/03/2026 09:59:24 PM
4146B,N,O,04/03/2026 10:28:51 AM
4147A,N,O,04/03/2026 12:39:10 PM
4147B,N,O,04/03/2026 10:27:43 AM
4148A,N,O,04/03/2026 12:20:38 PM
4148B,N,O,04/03/2026 10:26:48 AM
4149A,N,O,04/03/2026 10:25:43 AM
4149B,N,O,04/03/2026 01:13:58 PM
4159A,N,O,04/03/2026 09:33:10 PM
4159B,N,O,04/03/2026 09:47:42 PM
4160A,N,O,04/03/2026 09:11:52 PM
4160B,N,O,04/03/2026 08:48:23 PM
4161A,N,O,04/03/2026 09:18:45 PM
4161B,N,V,04/03/2026 09:35:23 PM
4163A,N,O,04/04/2026 08:56:52 AM
419A,N,O,04/03/2026 04:51:38 PM
419B,N,O,04/04/2026 08:55:46 AM
41A,N,O,04/04/2026 08:58:48 AM
41B,N,O,04/04/2026 09:06:40 AM
420A,N,O,04/03/2026 09:25:55 PM
420B,N,O,04/04/2026 08:59:44 AM
421A,N,O,04/04/2026 08:58:49 AM
422A,N,O,04/04/2026 08:57:43 AM
422B,N,O,04/04/2026 08:57:50 AM
423A,N,V,04/03/2026 04:24:51 PM
423B,N,O,04/04/2026 08:56:43 AM
4241A,N,O,04/04/2026 08:58:49 AM
4241B,N,O,04/04/2026 08:59:33 AM
4246A,N,O,04/04/2026 08:58:50 AM
4246B,N,O,04/04/2026 08:58:50 AM
424A,N,O,04/03/2026 09:56:14 PM
424B,N,V,04/04/2026 09:14:19 AM
425A,N,V,04/04/2026 09:51:43 AM
425B,N,O,04/04/2026 08:59:41 AM
4261A,N,V,04/03/2026 09:47:03 PM
4261B,N,O,04/03/2026 09:35:05 PM
4262A,N,O,04/03/2026 09:34:42 PM
4262B,N,V,04/03/2026 09:59:02 PM
4263A,N,O,04/03/2026 09:40:53 PM
4264A,N,O,04/03/2026 09:58:43 PM
4264B,N,O,04/03/2026 09:25:19 PM
4265A,N,O,04/03/2026 07:41:09 PM
4265B,N,O,04/03/2026 09:41:12 PM
4271A,N,V,04/03/2026 09:16:41 PM
4271B,N,V,04/03/2026 09:16:41 PM
4272A,N,O,04/03/2026 09:41:19 PM
4272B,N,O,04/03/2026 09:52:42 PM
4273A,N,O,04/03/2026 09:56:10 PM
4273B,N,O,04/03/2026 09:56:03 PM
427A,N,V,04/04/2026 09:51:29 AM
4283A,N,O,04/03/2026 09:44:31 PM
4283B,N,O,04/03/2026 09:47:16 PM
4284A,N,O,04/03/2026 09:25:12 PM
4284B,N,O,04/03/2026 09:25:34 PM
428A,N,O,04/04/2026 08:20:38 AM
428B,N,O,04/04/2026 09:51:38 AM
429A,N,V,04/04/2026 09:36:49 AM
429B,N,V,04/04/2026 09:38:46 AM
42A,NU,V,12/29/2025 09:47:39 AM
42B,NU,V,12/29/2025 09:49:06 AM
430A,N,O,04/04/2026 06:59:50 AM
430B,N,O,04/04/2026 09:36:37 AM
4312A,N,O,04/03/2026 07:30:35 PM
4312B,N,O,04/03/2026 09:13:14 PM
4315A,N,O,04/03/2026 09:25:07 PM
4315B,N,O,04/03/2026 09:53:39 PM
4316A,N,O,04/03/2026 09:17:15 PM
4316B,N,O,04/03/2026 09:44:41 PM
4317A,N,O,04/03/2026 09:17:12 PM
4317B,N,O,04/03/2026 09:34:03 PM
4318A,N,V,04/03/2026 09:59:25 PM
4318B,N,O,04/03/2026 09:02:18 PM
4319A,N,O,04/03/2026 08:16:16 PM
4319B,N,O,04/03/2026 09:51:58 PM
431A,N,O,04/04/2026 08:09:03 AM
431B,N,O,04/04/2026 09:34:15 AM
4322A,N,O,04/03/2026 11:43:59 AM
4322B,N,O,04/03/2026 03:49:41 PM
4327B,N,O,04/03/2026 06:40:04 PM
4328A,N,O,04/03/2026 09:48:37 PM
4328B,N,O,04/03/2026 09:34:10 PM
4329A,N,O,04/03/2026 09:47:36 PM
4329B,N,O,04/03/2026 09:47:32 PM
432A,N,O,04/04/2026 06:57:56 AM
432B,N,O,04/04/2026 09:12:42 AM
4330A,N,V,04/03/2026 03:41:23 PM
4330B,N,O,04/03/2026 10:29:54 AM
4331A,N,O,04/03/2026 09:55:07 PM
4331B,N,O,04/03/2026 08:01:45 PM
4332A,N,O,04/03/2026 02:54:22 PM
4332B,N,O,04/03/2026 09:55:38 PM
4333A,N,V,04/03/2026 06:29:03 PM
4333B,N,O,04/03/2026 02:54:23 PM
4334A,N,O,04/03/2026 09:47:39 PM
4334B,N,O,04/02/2026 11:09:44 PM
4336A,N,O,04/03/2026 09:44:08 PM
4336B,N,O,04/03/2026 06:20:52 PM
4337A,N,O,04/03/2026 09:18:07 PM
4337B,N,O,04/03/2026 06:53:15 PM
433A,N,O,04/04/2026 07:20:08 AM
433B,NU,O,01/29/2026 02:16:59 PM
434A,N,O,04/04/2026 08:20:17 AM
434B,N,O,04/04/2026 06:55:48 AM
4355A,N,O,04/03/2026 09:56:30 PM
4355B,N,O,04/03/2026 09:41:58 PM
4356B,N,O,04/03/2026 08:17:02 PM
4357A,N,O,04/03/2026 07:19:46 PM
4357B,N,O,04/03/2026 07:34:12 PM
4358A,N,O,04/03/2026 10:56:17 AM
4358B,N,O,04/03/2026 07:18:33 PM
4359B,N,O,04/03/2026 05:15:00 PM
435A,N,V,04/04/2026 08:47:44 AM
435B,N,O,04/04/2026 09:39:23 AM
4362A,N,O,04/03/2026 09:42:15 PM
4362B,N,O,04/03/2026 09:33:44 PM
4367A,N,O,04/03/2026 08:59:54 PM
4367B,N,O,04/03/2026 09:44:21 PM
4368A,N,O,04/03/2026 08:55:54 PM
4368B,N,V,04/03/2026 08:58:34 PM
4369A,N,O,04/03/2026 08:11:19 PM
4369B,N,O,04/03/2026 09:21:53 PM
436A,N,O,04/04/2026 06:58:56 AM
436B,N,V,04/04/2026 08:23:22 AM
4370A,N,O,04/03/2026 10:44:53 AM
4370B,N,O,04/03/2026 07:16:24 PM
4371A,N,O,04/03/2026 09:49:23 PM
4371B,N,V,04/03/2026 09:09:15 PM
4372A,N,O,04/03/2026 08:51:49 PM
4372B,N,O,04/03/2026 09:27:08 PM
4373A,N,O,04/03/2026 06:33:15 PM
4373B,N,O,04/03/2026 09:30:02 PM
4374A,N,O,04/03/2026 04:15:25 PM
4374B,N,O,04/03/2026 10:25:39 AM
4375B,N,O,04/03/2026 10:29:52 AM
4378A,N,O,04/03/2026 06:48:46 PM
4378B,N,O,04/03/2026 09:40:16 PM
4379A,N,O,04/03/2026 11:33:55 AM
4379B,N,O,04/03/2026 06:06:40 PM
437A,N,O,04/04/2026 06:57:42 AM
437B,N,O,04/04/2026 09:20:03 AM
438A,N,V,04/04/2026 08:22:55 AM
438B,N,V,04/04/2026 09:51:16 AM
4390A,N,O,04/03/2026 09:50:00 PM
4390B,N,O,04/03/2026 06:07:22 PM
4391A,N,O,04/03/2026 08:33:08 PM
4391B,N,O,04/03/2026 09:44:07 PM
4392A,N,O,04/03/2026 09:21:15 PM
4392B,N,O,04/03/2026 04:55:10 PM
4393B,N,O,04/03/2026 06:53:13 PM
439A,N,V,04/04/2026 09:50:28 AM
439B,N,V,04/04/2026 08:24:51 AM
43A,NU,V,12/29/2025 09:59:44 AM
43B,NU,V,12/29/2025 09:58:14 AM
440A,N,V,04/04/2026 09:39:49 AM
440B,N,O,04/04/2026 06:59:50 AM
4414B,N,O,04/03/2026 09:34:57 PM
4415A,N,O,04/03/2026 09:29:55 PM
4415B,NU,O,04/03/2026 09:48:56 PM
4416A,N,V,04/03/2026 09:41:57 PM
4416B,N,O,04/03/2026 09:57:13 PM
4417A,N,O,04/03/2026 09:58:04 PM
441A,N,V,04/04/2026 09:41:42 AM
441B,N,O,04/04/2026 06:58:50 AM
4427A,N,O,04/04/2026 08:57:43 AM
4427B,N,O,04/04/2026 08:57:43 AM
4429A,N,O,04/03/2026 08:16:51 PM
4429B,N,O,04/04/2026 08:55:50 AM
442A,N,O,04/04/2026 09:42:56 AM
442B,N,V,04/04/2026 09:43:38 AM
4430A,NU,O,04/04/2026 08:59:54 AM
4430B,NU,O,04/04/2026 09:39:53 AM
4431B,N,O,04/04/2026 09:14:39 AM
4433A,N,O,04/04/2026 09:32:21 AM
4433B,N,V,04/04/2026 09:49:13 AM
4434A,N,O,04/04/2026 08:55:51 AM
4434B,N,O,04/04/2026 09:25:59 AM
4435A,N,O,04/04/2026 08:59:55 AM
4435B,N,O,04/04/2026 09:30:31 AM
4439A,N,O,04/04/2026 08:55:49 AM
4439B,N,O,04/04/2026 08:55:49 AM
443A,N,V,04/04/2026 08:34:14 AM
443B,N,V,04/04/2026 09:08:55 AM
4440A,N,O,04/04/2026 08:59:42 AM
4440B,N,O,04/03/2026 09:35:16 PM
4441A,N,O,04/04/2026 08:58:44 AM
4441B,N,O,04/04/2026 08:58:44 AM
4442A,N,O,04/04/2026 08:57:48 AM
4442B,N,O,04/04/2026 08:57:48 AM
444A,N,V,04/04/2026 09:05:40 AM
444B,N,V,04/04/2026 08:21:37 AM
445A,N,O,04/04/2026 08:21:27 AM
445B,N,V,04/04/2026 09:38:21 AM
4461A,N,V,04/03/2026 09:25:29 PM
4461B,N,O,04/03/2026 08:32:50 PM
4462A,N,O,04/03/2026 09:25:04 PM
4462B,N,O,04/03/2026 09:21:46 PM
4463A,N,O,04/03/2026 08:50:32 PM
4463B,N,O,04/03/2026 07:40:21 PM
4464A,N,O,04/03/2026 08:24:42 PM
4464B,N,O,04/03/2026 07:33:46 PM
4465A,N,O,04/03/2026 03:50:00 PM
4465B,N,O,04/03/2026 07:49:23 PM
4467A,N,O,04/03/2026 09:55:42 PM
4467B,N,V,04/03/2026 09:39:18 PM
446A,N,V,04/04/2026 08:56:06 AM
446B,N,O,04/04/2026 06:58:48 AM
447A,N,V,04/04/2026 08:29:25 AM
447B,N,O,04/04/2026 09:32:25 AM
448A,N,V,04/04/2026 08:05:04 AM
448B,N,V,04/04/2026 07:58:09 AM
449A,N,V,04/03/2026 07:44:26 PM
449B,N,O,04/04/2026 09:50:38 AM
44A,NU,O,12/29/2025 09:28:07 AM
44B,NU,V,12/29/2025 09:43:16 AM
4506A,N,V,04/03/2026 09:59:31 PM
4506B,N,O,04/03/2026 09:58:54 PM
4507A,N,O,04/03/2026 09:59:27 PM
4507B,N,O,04/03/2026 09:55:10 PM
4508A,N,O,04/03/2026 09:58:57 PM
4508B,N,O,04/03/2026 09:58:44 PM
450A,N,O,04/04/2026 08:59:23 AM
450B,N,V,04/04/2026 08:59:15 AM
4519B,N,O,04/03/2026 09:43:03 PM
451A,N,V,04/04/2026 08:58:48 AM
451B,N,V,04/03/2026 07:55:49 PM
4522A,N,O,04/04/2026 08:57:43 AM
4522B,N,O,04/04/2026 08:57:43 AM
4529B,N,O,04/04/2026 08:55:50 AM
452A,N,O,04/04/2026 06:57:47 AM
452B,N,O,04/04/2026 06:57:47 AM
4530A,N,O,04/04/2026 09:02:47 AM
4530B,N,O,04/04/2026 09:38:15 AM
4531A,N,O,04/04/2026 08:58:47 AM
4531B,N,O,04/03/2026 09:58:07 PM
4532A,N,O,04/04/2026 09:36:58 AM
4532B,N,O,04/04/2026 09:30:13 AM
4533A,N,O,04/04/2026 09:05:47 AM
4533B,N,V,04/04/2026 09:32:47 AM
4534A,N,V,04/04/2026 09:49:52 AM
4534B,N,O,04/04/2026 09:28:57 AM
453A,N,O,04/04/2026 06:57:03 AM
453B,N,O,04/04/2026 08:51:56 AM
4549A,N,O,04/04/2026 09:39:55 AM
4549B,N,O,04/04/2026 09:09:37 AM
4550A,N,O,04/04/2026 09:46:00 AM
4557A,N,O,04/04/2026 09:37:32 AM
4557B,NU,O,01/06/2026 06:57:47 AM
4558A,N,O,04/04/2026 08:56:44 AM
4558B,N,O,04/04/2026 08:56:44 AM
4559A,N,O,04/03/2026 07:24:42 PM
4559B,N,O,04/04/2026 08:55:48 AM
4560A,N,O,04/04/2026 09:48:11 AM
4560B,N,O,04/04/2026 09:39:32 AM
4563A,N,O,04/03/2026 08:18:33 PM
4563B,N,O,04/03/2026 09:01:14 PM
4564A,N,O,04/03/2026 06:01:23 PM
4564B,N,O,04/03/2026 09:42:45 PM
4565A,N,O,04/03/2026 06:56:39 PM
4565B,N,O,04/03/2026 05:49:53 PM
4566A,N,O,04/03/2026 09:57:10 PM
4566B,N,O,04/03/2026 09:39:00 PM
4567A,N,O,04/04/2026 09:44:17 AM
4567B,N,O,04/04/2026 09:09:10 AM
4568A,N,O,04/04/2026 08:56:50 AM
4568B,N,O,04/04/2026 08:57:14 AM
4572B,N,O,04/03/2026 10:27:46 AM
4573A,N,O,04/03/2026 08:52:23 PM
4573B,N,V,04/03/2026 09:58:57 PM
4574A,N,O,04/03/2026 10:25:55 AM
4574B,N,O,04/03/2026 09:56:38 PM
45A,NU,V,12/29/2025 09:44:21 AM
45B,NU,V,12/29/2025 09:44:03 AM
460B,N,O,04/04/2026 06:59:44 AM
461A,N,V,04/04/2026 09:11:02 AM
461B,N,O,04/04/2026 08:39:28 AM
4620A,NU,O,04/04/2026 08:59:48 AM
4620B,NU,V,04/04/2026 09:39:11 AM
4621A,N,O,04/04/2026 08:58:48 AM
4621B,N,O,04/03/2026 08:22:47 PM
4622A,N,O,04/04/2026 08:57:44 AM
4622B,N,O,04/04/2026 09:15:50 AM
4623A,N,V,04/04/2026 09:22:39 AM
4623B,N,O,04/04/2026 08:56:46 AM
4624A,N,O,04/04/2026 09:49:55 AM
4624B,N,O,04/04/2026 08:55:54 AM
4625A,N,V,04/04/2026 09:42:25 AM
4625B,N,V,04/04/2026 09:31:43 AM
4626A,N,V,04/04/2026 09:49:46 AM
4626B,N,O,04/04/2026 08:58:52 AM
4627A,N,O,04/04/2026 09:39:45 AM
4627B,N,O,04/04/2026 08:57:48 AM
462A,N,O,04/04/2026 07:32:01 AM
462B,N,O,04/04/2026 08:21:54 AM
4636A,N,O,04/04/2026 08:58:54 AM
4636B,N,V,04/04/2026 09:50:35 AM
4637A,N,V,04/04/2026 09:45:38 AM
4637B,N,V,04/04/2026 09:50:18 AM
4638A,N,O,04/04/2026 08:56:51 AM
4638B,N,V,04/04/2026 09:48:37 AM
4639A,N,O,04/04/2026 08:55:53 AM
4639B,N,O,04/04/2026 08:55:56 AM
463A,N,O,04/04/2026 07:04:23 AM
463B,N,O,04/04/2026 07:15:41 AM
4640A,N,O,04/04/2026 09:41:49 AM
4640B,N,V,04/04/2026 09:19:18 AM
4641A,N,O,04/04/2026 08:58:50 AM
4641B,N,O,04/04/2026 09:29:44 AM
4642A,N,O,04/04/2026 08:57:53 AM
4642B,N,O,04/04/2026 09:51:29 AM
4643A,N,O,04/04/2026 09:15:33 AM
4643B,N,O,04/04/2026 09:45:04 AM
4644A,N,O,04/04/2026 08:55:54 AM
4644B,N,O,04/04/2026 09:42:58 AM
4646B,N,V,04/04/2026 09:03:49 AM
4647A,N,O,04/04/2026 09:00:47 AM
4647B,N,O,04/04/2026 08:57:52 AM
4648A,N,O,04/04/2026 08:56:46 AM
4648B,N,O,04/04/2026 09:15:43 AM
4649A,N,V,04/04/2026 09:50:52 AM
4649B,N,O,04/04/2026 08:55:50 AM
464A,N,V,04/04/2026 09:21:55 AM
464B,N,O,04/04/2026 07:29:10 AM
4650A,N,O,04/04/2026 08:59:47 AM
4650B,N,O,04/04/2026 09:38:56 AM
4651A,N,V,04/04/2026 09:00:33 AM
4651B,N,O,04/04/2026 08:58:53 AM
4652B,N,O,04/04/2026 08:57:49 AM
4653A,N,O,04/04/2026 09:51:32 AM
4653B,N,O,04/04/2026 09:51:32 AM
465A,N,O,04/04/2026 07:00:30 AM
465B,N,O,04/04/2026 08:28:47 AM
4660A,N,O,04/04/2026 08:59:48 AM
4661A,N,V,04/04/2026 09:49:26 AM
4661B,N,O,04/04/2026 08:58:52 AM
4662A,N,O,04/04/2026 08:57:44 AM
4662B,N,O,04/04/2026 08:57:44 AM
4663A,N,O,04/04/2026 08:56:50 AM
4663B,N,O,04/04/2026 08:56:50 AM
4664A,N,O,04/04/2026 08:55:56 AM
4664B,N,O,04/04/2026 08:55:52 AM
4665A,N,O,04/04/2026 08:59:53 AM
4665B,N,O,04/04/2026 09:49:49 AM
4666A,N,O,04/03/2026 05:58:41 PM
4666B,N,O,04/04/2026 08:58:44 AM
4667A,N,O,04/04/2026 08:57:52 AM
4667B,N,O,04/04/2026 08:57:52 AM
4668A,N,O,04/04/2026 08:56:45 AM
4668B,N,O,04/04/2026 08:56:45 AM
4669A,N,V,04/04/2026 09:49:37 AM
4669B,N,O,04/04/2026 08:55:49 AM
466A,N,O,04/04/2026 06:58:42 AM
4670A,N,O,04/04/2026 08:59:39 AM
4670B,N,V,04/04/2026 09:48:07 AM
4671A,N,O,04/03/2026 07:26:26 PM
4671B,N,O,04/04/2026 08:58:40 AM
4672A,N,O,04/04/2026 08:57:47 AM
4672B,N,O,04/04/2026 08:57:54 AM
4673A,N,O,04/04/2026 08:56:43 AM
4673B,N,O,04/04/2026 08:56:43 AM
4674A,N,O,04/04/2026 08:55:45 AM
4674B,N,O,04/04/2026 09:50:02 AM
4675B,N,O,04/04/2026 08:59:43 AM
467A,N,V,04/04/2026 08:54:27 AM
467B,N,V,04/04/2026 07:52:17 AM
4701B,N,O,04/04/2026 09:12:41 AM
4702A,N,O,04/04/2026 09:15:48 AM
4703A,N,V,04/04/2026 09:42:16 AM
4703B,N,V,04/04/2026 09:42:41 AM
4706A,N,V,04/04/2026 09:00:41 AM
4707A,N,V,04/04/2026 09:02:49 AM
4707B,N,V,04/04/2026 09:35:44 AM
4708A,N,V,04/04/2026 09:44:36 AM
4708B,N,O,04/03/2026 06:27:36 PM
4709A,N,V,04/04/2026 09:41:58 AM
4709B,N,O,04/03/2026 07:18:15 PM
470A,N,O,04/04/2026 06:59:51 AM
470B,N,O,04/04/2026 06:59:59 AM
4710A,N,O,04/04/2026 08:59:52 AM
4710B,N,V,04/04/2026 09:47:37 AM
4730B,N,O,04/04/2026 08:59:56 AM
4731A,N,O,04/04/2026 08:58:44 AM
4731B,N,O,04/04/2026 08:58:47 AM
4732A,N,O,04/04/2026 09:32:01 AM
4732B,N,O,04/04/2026 09:07:35 AM
4733A,N,O,04/04/2026 08:57:00 AM
4735A,N,O,04/04/2026 08:59:46 AM
4735B,N,V,04/04/2026 09:15:32 AM
4736A,N,O,04/04/2026 09:35:12 AM
4736B,N,O,04/04/2026 09:48:05 AM
4737A,N,O,04/04/2026 08:58:04 AM
4737B,N,O,04/04/2026 08:57:55 AM
4738A,N,O,04/03/2026 09:49:57 PM
4739A,N,O,04/03/2026 08:43:21 PM
4739B,N,O,04/03/2026 09:51:54 PM
4740B,N,O,04/04/2026 09:00:05 AM
4743A,N,O,04/03/2026 07:58:38 PM
4743B,N,O,04/04/2026 08:56:46 AM
4744A,N,V,04/04/2026 09:48:30 AM
4744B,N,O,04/04/2026 09:50:51 AM
4745A,N,O,04/04/2026 09:46:52 AM
4745B,N,O,04/04/2026 09:29:15 AM
474A,N,O,04/04/2026 08:55:50 AM
474B,N,O,04/04/2026 08:55:50 AM
4751B,N,O,04/03/2026 09:58:43 AM
4752A,N,V,04/03/2026 09:56:11 PM
4752B,N,V,04/03/2026 05:44:55 PM
4754A,N,O,04/04/2026 09:14:10 AM
4754B,N,O,04/04/2026 09:02:42 AM
4755A,N,O,04/04/2026 08:59:48 AM
4755B,N,O,04/03/2026 09:44:11 PM
4756A,N,O,04/04/2026 09:26:18 AM
4756B,N,O,04/04/2026 08:58:51 AM
4757A,N,O,04/04/2026 08:57:44 AM
4757B,N,O,04/04/2026 08:57:56 AM
475A,N,O,04/04/2026 08:59:46 AM
475B,N,O,04/04/2026 08:59:46 AM
4767A,N,O,04/03/2026 09:24:17 PM
4767B,N,O,04/03/2026 08:10:07 PM
4768A,N,O,04/03/2026 07:05:09 PM
4768B,N,O,04/03/2026 10:27:36 AM
4769A,N,O,04/03/2026 03:02:02 PM
4769B,N,O,04/03/2026 08:08:40 PM
476A,N,O,04/03/2026 08:58:45 AM
476B,N,O,04/04/2026 08:58:46 AM
4771A,N,O,04/03/2026 08:44:34 PM
4772A,N,V,04/03/2026 09:05:42 PM
4772B,N,V,04/03/2026 07:45:44 PM
4773A,N,O,04/03/2026 08:04:24 PM
4773B,N,O,04/03/2026 09:38:39 PM
4774A,N,O,04/03/2026 07:00:08 PM
4774B,N,V,04/03/2026 09:48:58 PM
477B,N,O,04/04/2026 08:57:48 AM
47A,N,O,04/04/2026 08:57:57 AM
47B,N,O,04/04/2026 09:19:09 AM
4800B,N,V,04/03/2026 09:48:33 PM
4801A,N,O,04/03/2026 08:49:06 PM
4801B,N,O,04/03/2026 09:51:04 PM
4802A,N,O,04/03/2026 08:47:40 PM
4802B,N,O,04/03/2026 08:44:56 PM
4803A,N,O,04/03/2026 07:41:17 PM
4803B,N,O,04/03/2026 09:36:22 PM
4804A,N,O,04/03/2026 09:35:11 PM
4804B,N,O,04/03/2026 09:33:40 PM
481B,N,O,04/03/2026 09:24:12 PM
482A,N,O,04/03/2026 07:32:10 PM
482B,N,O,04/03/2026 07:03:30 PM
4835B,N,O,04/04/2026 09:03:28 AM
4836A,N,O,04/04/2026 09:38:33 AM
4836B,N,O,04/04/2026 09:21:58 AM
4837A,N,V,04/04/2026 09:37:40 AM
4837B,N,O,04/04/2026 09:41:36 AM
4838A,N,O,04/04/2026 08:56:40 AM
4838B,N,V,04/04/2026 09:48:54 AM
4839A,N,V,04/04/2026 09:43:26 AM
4839B,N,O,04/04/2026 08:55:39 AM
483A,N,O,04/03/2026 09:31:31 PM
483B,N,O,04/03/2026 09:42:43 PM
4840A,N,O,04/04/2026 08:59:47 AM
4841A,N,V,04/04/2026 09:51:13 AM
4841B,N,O,04/04/2026 08:58:44 AM
4842A,N,O,04/04/2026 09:22:04 AM
4842B,N,O,04/04/2026 08:57:47 AM
4843A,N,V,04/03/2026 03:03:13 PM
4843B,N,V,04/04/2026 09:49:18 AM
4844A,N,O,04/03/2026 05:53:42 PM
4844B,N,V,04/04/2026 09:29:02 AM
4845A,N,V,04/04/2026 09:50:26 AM
4845B,N,O,04/04/2026 09:26:16 AM
4846A,N,O,04/04/2026 08:58:44 AM
4846B,N,O,04/04/2026 08:58:44 AM
4847A,N,O,04/04/2026 09:46:39 AM
4847B,N,V,04/04/2026 09:48:08 AM
4848A,N,O,04/04/2026 08:56:45 AM
4848B,N,O,04/04/2026 09:06:26 AM
4849A,N,V,04/04/2026 09:19:20 AM
4849B,N,O,04/04/2026 08:55:46 AM
484A,N,O,04/04/2026 09:17:24 AM
484B,N,O,04/04/2026 06:55:38 AM
4850A,N,V,04/04/2026 09:42:36 AM
4850B,N,O,04/04/2026 09:47:44 AM
4851A,N,V,04/04/2026 09:32:16 AM
4851B,N,O,04/04/2026 08:58:50 AM
4852A,N,V,04/04/2026 09:42:34 AM
4852B,N,O,04/04/2026 08:57:44 AM
4853A,N,O,04/04/2026 09:40:29 AM
4854A,N,O,04/04/2026 08:55:45 AM
4854B,N,O,04/04/2026 09:19:15 AM
4862A,N,O,04/04/2026 08:57:48 AM
4862B,N,O,04/04/2026 09:08:38 AM
4863A,N,V,04/04/2026 09:03:38 AM
4863B,N,V,04/04/2026 09:49:53 AM
4864A,N,O,04/04/2026 08:55:48 AM
4864B,N,O,04/04/2026 09:41:14 AM
4866A,N,O,04/04/2026 08:58:46 AM
4866B,N,O,04/04/2026 09:32:40 AM
4867A,N,O,04/04/2026 09:19:51 AM
4867B,N,O,04/04/2026 09:28:35 AM
4868A,N,V,04/04/2026 09:50:55 AM
4868B,N,O,04/04/2026 09:22:21 AM
4870A,N,O,04/04/2026 09:26:25 AM
4870B,N,O,04/04/2026 09:40:27 AM
4871A,N,O,04/04/2026 09:26:44 AM
4871B,N,V,04/04/2026 09:30:23 AM
4872A,N,O,04/04/2026 09:25:16 AM
4872B,N,O,04/04/2026 09:38:21 AM
4875A,N,O,04/04/2026 09:41:48 AM
4875B,N,O,04/04/2026 09:09:03 AM
4876B,N,O,04/04/2026 08:59:40 AM
4877A,N,O,04/04/2026 08:57:39 AM
4877B,N,O,04/04/2026 08:57:39 AM
4878B,N,O,04/04/2026 08:56:52 AM
4881A,N,V,04/03/2026 09:53:59 PM
4881B,N,O,04/04/2026 09:34:17 AM
4882A,N,O,04/04/2026 09:51:06 AM
4882B,N,O,04/04/2026 08:57:39 AM
4896A,N,O,04/04/2026 09:41:42 AM
4896B,N,V,04/04/2026 09:25:19 AM
4897A,N,O,04/04/2026 08:57:49 AM
4897B,N,O,04/04/2026 09:33:29 AM
4898A,N,O,04/04/2026 08:56:49 AM
4898B,N,O,04/03/2026 06:37:17 PM
4899A,N,O,04/04/2026 09:35:01 AM
4899B,N,O,04/04/2026 09:26:54 AM
48A,N,V,04/04/2026 09:51:43 AM
48B,N,O,04/03/2026 09:59:54 PM
4900A,N,V,04/04/2026 09:46:27 AM
4900B,N,O,04/04/2026 08:59:46 AM
4901B,N,O,04/04/2026 08:58:51 AM
4903A,N,O,04/04/2026 09:15:22 AM
4903B,N,O,04/04/2026 08:56:42 AM
4904A,N,O,04/04/2026 08:55:48 AM
4904B,N,O,04/04/2026 08:55:48 AM
4905A,N,V,04/03/2026 09:57:40 PM
4905B,N,V,04/04/2026 09:49:02 AM
4906A,N,O,04/04/2026 09:02:04 AM
4906B,N,O,04/04/2026 08:58:47 AM
4907A,N,V,04/04/2026 09:51:15 AM
4907B,N,O,04/04/2026 08:57:47 AM
4908A,N,O,04/04/2026 08:56:50 AM
4909A,N,O,04/04/2026 08:55:49 AM
490A,N,O,04/04/2026 08:29:44 AM
490B,N,O,04/04/2026 08:48:30 AM
4911A,N,O,04/04/2026 09:43:41 AM
4912A,N,V,04/04/2026 09:48:55 AM
4912B,N,O,04/04/2026 09:51:36 AM
4913A,N,O,04/04/2026 09:51:39 AM
4913B,N,O,04/04/2026 08:56:45 AM
4914A,N,O,04/04/2026 08:55:43 AM
4914B,N,O,04/04/2026 09:47:28 AM
4915A,N,O,04/04/2026 08:59:50 AM
4915B,N,O,04/04/2026 08:59:43 AM
4916B,N,O,04/04/2026 08:58:46 AM
4918A,N,O,04/03/2026 09:56:29 PM
4918B,N,V,04/04/2026 09:36:23 AM
4919A,N,V,04/04/2026 09:47:59 AM
4919B,N,O,04/04/2026 08:55:46 AM
491A,N,O,04/04/2026 09:14:19 AM
491B,N,O,04/04/2026 09:46:43 AM
4920A,N,O,04/04/2026 08:59:46 AM
4920B,N,O,04/04/2026 09:38:24 AM
4921A,N,O,04/04/2026 09:17:06 AM
4921B,N,O,04/04/2026 09:33:49 AM
4922A,N,V,04/04/2026 09:49:52 AM
4922B,N,O,04/04/2026 09:50:44 AM
4923A,N,V,04/03/2026 09:54:16 PM
4923B,N,V,04/03/2026 09:54:09 PM
4924A,N,V,04/03/2026 09:54:41 PM
4924B,N,O,04/03/2026 05:57:37 PM
492A,N,V,04/04/2026 09:45:07 AM
492B,N,V,04/04/2026 09:48:05 AM
4939A,N,O,04/04/2026 08:55:48 AM
4939B,N,O,04/04/2026 08:55:44 AM
4940A,N,O,04/04/2026 08:59:55 AM
4940B,N,O,04/04/2026 09:49:25 AM
4945A,N,O,04/04/2026 08:59:47 AM
4945B,N,V,04/04/2026 09:51:21 AM
4946B,N,O,04/04/2026 08:58:44 AM
4947B,N,O,04/04/2026 09:38:21 AM
4948A,N,V,04/04/2026 09:47:11 AM
4948B,N,O,04/04/2026 09:19:44 AM
4949A,N,V,04/04/2026 09:51:42 AM
4949B,N,V,04/04/2026 09:49:53 AM
4950A,N,O,04/04/2026 09:04:12 AM
4950B,N,O,04/04/2026 09:51:36 AM
496A,N,O,04/04/2026 08:58:48 AM
496B,N,O,04/04/2026 08:58:48 AM
497A,N,V,04/03/2026 09:59:45 PM
497B,N,V,04/03/2026 06:46:09 PM
498A,N,V,04/04/2026 09:46:15 AM
498B,N,O,04/04/2026 09:51:16 AM
4994A,N,O,04/03/2026 06:42:42 PM
4994B,N,O,04/04/2026 08:55:44 AM
499A,N,O,04/04/2026 09:38:22 AM
49A,N,O,04/04/2026 09:14:22 AM
49B,N,O,04/04/2026 09:28:03 AM
4B,N,O,04/04/2026 08:55:44 AM
500A,N,O,04/04/2026 09:32:21 AM
500B,N,O,04/04/2026 09:07:40 AM
501B,N,V,04/04/2026 09:50:30 AM
502B,N,O,04/04/2026 08:57:49 AM
503A,N,O,04/04/2026 09:46:47 AM
504A,NU,V,04/03/2026 08:02:37 PM
505A,N,V,04/04/2026 09:32:53 AM
505B,N,V,04/04/2026 09:51:02 AM
5060B,N,O,04/03/2026 09:56:24 PM
5061A,N,O,04/03/2026 07:22:20 PM
5061B,N,O,04/03/2026 09:48:33 PM
5062A,N,O,04/03/2026 10:27:43 AM
5062B,N,O,04/03/2026 09:47:37 PM
5063A,N,O,04/03/2026 09:48:20 PM
5063B,N,O,04/03/2026 10:26:43 AM
506A,N,O,04/04/2026 08:58:54 AM
506B,N,O,04/04/2026 09:02:49 AM
507A,N,O,04/04/2026 09:08:40 AM
507B,N,O,04/04/2026 09:12:24 AM
5086A,N,V,04/03/2026 09:59:37 PM
5086B,N,V,04/03/2026 09:59:13 PM
5088B,N,O,04/03/2026 05:28:07 PM
5089A,N,V,04/03/2026 09:42:16 PM
5089B,N,O,04/03/2026 08:40:56 PM
508A,N,O,04/04/2026 09:45:29 AM
508B,N,O,04/04/2026 09:21:40 AM
5090A,N,V,04/03/2026 09:46:02 PM
5090B,N,V,04/03/2026 09:40:33 PM
5091A,N,V,04/03/2026 09:53:37 PM
5093A,N,O,04/03/2026 09:51:06 PM
5093B,N,O,04/03/2026 09:59:20 PM
5095A,N,O,04/03/2026 09:45:11 PM
5096A,N,O,04/03/2026 08:01:46 PM
5096B,N,V,04/03/2026 09:50:51 PM
5097A,N,V,04/03/2026 09:59:16 PM
5097B,N,O,04/03/2026 07:38:34 PM
5099A,N,V,04/03/2026 09:30:25 PM
5099B,N,O,04/03/2026 01:53:47 PM
509A,N,V,04/04/2026 09:06:50 AM
50A,N,O,04/04/2026 08:59:48 AM
50B,N,O,04/04/2026 09:49:51 AM
5100B,N,V,04/03/2026 09:18:35 PM
5103A,NU,V,04/03/2026 09:24:55 PM
5103B,NU,V,04/03/2026 09:59:48 PM
5104B,N,V,04/03/2026 09:28:50 PM
510A,N,O,04/04/2026 09:37:38 AM
5117A,N,O,04/03/2026 09:57:12 PM
5121A,N,O,04/03/2026 09:40:41 PM
5125A,N,O,04/04/2026 09:00:00 AM
5125B,N,O,04/04/2026 09:32:00 AM
5126A,N,O,04/04/2026 08:58:43 AM
5126B,N,O,04/04/2026 09:06:17 AM
5129B,N,O,04/04/2026 08:55:46 AM
5131A,N,O,04/04/2026 09:45:59 AM
5131B,N,O,04/04/2026 08:58:49 AM
5132A,N,O,04/04/2026 08:57:59 AM
5132B,N,O,04/04/2026 08:58:17 AM
5133A,N,O,04/03/2026 08:56:50 AM
5133B,N,O,04/04/2026 08:56:52 AM
5145B,N,O,04/03/2026 04:49:31 PM
5146A,N,O,04/03/2026 06:49:41 PM
5146B,N,O,04/03/2026 08:20:13 PM
5147A,N,O,04/04/2026 08:57:50 AM
5147B,N,V,04/03/2026 09:36:47 PM
5150B,N,O,04/04/2026 08:59:48 AM
5151A,N,O,04/04/2026 08:58:50 AM
5151B,N,V,04/04/2026 09:29:12 AM
5152A,N,O,04/04/2026 08:57:49 AM
5152B,N,O,04/04/2026 08:57:52 AM
5153A,N,O,04/04/2026 08:56:49 AM
5153B,N,O,04/04/2026 08:56:49 AM
5154A,N,O,04/04/2026 08:55:40 AM
5154B,N,O,04/04/2026 08:55:40 AM
5155A,N,O,04/04/2026 08:59:53 AM
5155B,N,V,04/04/2026 09:51:37 AM
5156B,N,O,04/04/2026 08:58:52 AM
5157A,N,O,04/04/2026 08:57:51 AM
5160A,N,V,04/04/2026 09:47:46 AM
5160B,N,O,04/04/2026 09:00:39 AM
5161A,N,O,04/04/2026 09:47:54 AM
5161B,N,O,04/04/2026 09:48:26 AM
5162A,N,O,04/04/2026 09:40:50 AM
5162B,N,O,04/04/2026 09:25:09 AM
5163A,N,O,04/04/2026 08:56:44 AM
5163B,N,O,04/04/2026 08:56:47 AM
5164A,N,O,04/04/2026 09:28:40 AM
5164B,N,O,04/04/2026 08:55:47 AM
5165A,N,O,02/24/2026 02:57:38 PM
5165B,N,O,02/24/2026 02:01:41 PM
5172A,N,O,04/04/2026 09:50:55 AM
5172B,N,O,04/04/2026 08:57:51 AM
5173A,N,O,04/04/2026 08:56:43 AM
5173B,N,O,04/03/2026 07:08:46 PM
5174A,N,O,04/03/2026 08:19:44 PM
5174B,N,O,04/04/2026 09:44:12 AM
5175A,N,O,04/04/2026 08:59:45 AM
5176A,N,O,04/04/2026 08:58:51 AM
5176B,N,O,04/04/2026 08:58:51 AM
5186A,N,O,04/04/2026 09:25:37 AM
5187A,N,O,04/04/2026 08:57:49 AM
5187B,N,O,04/03/2026 05:02:08 PM
5188A,N,O,04/04/2026 09:08:00 AM
5188B,N,O,04/04/2026 08:56:45 AM
5189A,N,O,04/04/2026 08:55:51 AM
5189B,N,O,04/04/2026 08:56:01 AM
5192B,N,O,04/04/2026 08:57:55 AM
5193A,N,O,04/03/2026 08:33:46 PM
5193B,N,O,04/04/2026 08:56:49 AM
5194A,N,O,04/04/2026 08:55:48 AM
5194B,N,O,04/04/2026 09:34:06 AM
5195A,N,O,04/03/2026 09:59:38 PM
5195B,N,O,04/04/2026 09:38:33 AM
5196A,N,O,04/04/2026 09:38:29 AM
5196B,N,O,04/04/2026 08:58:46 AM
51A,N,O,04/04/2026 09:40:56 AM
51B,N,O,04/04/2026 09:14:21 AM
5203A,N,O,04/04/2026 08:56:48 AM
5204A,N,O,04/04/2026 08:55:46 AM
5204B,N,O,04/04/2026 08:55:54 AM
5205A,N,O,04/04/2026 08:59:48 AM
5205B,N,O,04/04/2026 09:01:21 AM
5206A,N,O,04/04/2026 08:58:44 AM
5206B,N,O,04/04/2026 08:58:44 AM
5207A,N,O,04/04/2026 09:44:40 AM
5207B,N,O,04/04/2026 09:10:05 AM
5208A,N,O,04/04/2026 08:56:49 AM
5208B,N,O,04/04/2026 08:56:56 AM
5209A,N,O,04/04/2026 08:55:48 AM
5209B,N,O,04/04/2026 08:57:28 AM
5210A,N,O,04/04/2026 08:59:55 AM
5210B,N,O,04/04/2026 09:32:48 AM
5211A,N,O,04/04/2026 08:58:52 AM
5211B,N,O,04/04/2026 08:58:52 AM
5212A,N,V,04/04/2026 09:48:04 AM
5212B,N,O,04/04/2026 08:57:50 AM
5214A,N,O,04/04/2026 08:55:41 AM
5214B,N,O,04/04/2026 08:55:49 AM
5215A,N,O,04/04/2026 08:59:45 AM
5215B,N,O,04/04/2026 08:59:45 AM
5216A,N,O,04/04/2026 08:58:47 AM
5216B,N,O,04/04/2026 08:58:47 AM
5217A,N,O,04/04/2026 08:57:47 AM
5217B,N,O,04/04/2026 08:58:03 AM
5218A,N,O,04/04/2026 08:56:43 AM
5218B,N,O,04/04/2026 08:56:43 AM
5219A,N,O,04/04/2026 08:57:58 AM
5219B,N,O,04/04/2026 08:55:54 AM
521A,N,O,04/04/2026 09:39:36 AM
521B,N,O,04/04/2026 09:44:53 AM
5222A,N,O,04/04/2026 08:57:50 AM
5222B,N,O,04/04/2026 08:57:50 AM
5223A,N,O,04/04/2026 08:56:56 AM
5223B,N,O,04/04/2026 08:56:52 AM
522A,N,V,04/04/2026 08:48:23 AM
5233A,N,O,04/04/2026 08:56:49 AM
5234A,N,O,04/04/2026 08:55:50 AM
5234B,N,O,04/04/2026 08:55:50 AM
5235A,N,O,04/04/2026 09:14:33 AM
5235B,N,O,04/04/2026 08:59:44 AM
5236A,N,O,04/04/2026 08:58:45 AM
5236B,N,O,04/03/2026 01:18:54 PM
5237A,N,O,04/04/2026 08:57:49 AM
5237B,N,O,04/04/2026 08:57:49 AM
5238A,N,O,04/04/2026 08:56:50 AM
5238B,N,O,04/04/2026 09:03:14 AM
5239A,N,O,04/04/2026 08:55:51 AM
5239B,N,O,04/04/2026 08:55:51 AM
523A,N,O,04/04/2026 08:56:44 AM
523B,N,O,04/04/2026 08:56:44 AM
5240A,N,V,04/04/2026 09:47:31 AM
5240B,N,O,04/04/2026 09:19:12 AM
5241B,N,O,04/04/2026 08:58:51 AM
5242A,N,O,04/04/2026 09:44:23 AM
5242B,N,V,04/04/2026 09:34:48 AM
5243A,N,O,04/03/2026 06:17:53 PM
5243B,N,O,04/03/2026 09:49:41 PM
5244B,N,V,04/03/2026 09:12:23 PM
524A,N,O,04/04/2026 08:55:47 AM
524B,N,O,04/04/2026 08:55:47 AM
5253A,N,V,04/04/2026 09:51:24 AM
5253B,N,O,04/03/2026 05:35:38 PM
5254A,N,O,04/04/2026 09:00:40 AM
5254B,N,O,04/04/2026 09:20:59 AM
5255A,N,O,04/04/2026 08:59:41 AM
5255B,N,O,04/03/2026 07:54:47 PM
5256A,N,O,04/04/2026 09:41:08 AM
5256B,N,O,04/04/2026 08:58:52 AM
5257A,N,O,04/04/2026 08:57:49 AM
5257B,N,O,04/04/2026 08:57:49 AM
5258B,N,O,04/03/2026 09:29:04 PM
5272A,N,O,04/04/2026 08:57:45 AM
5272B,N,O,04/03/2026 03:00:56 PM
5273A,N,V,04/04/2026 09:13:25 AM
5273B,N,V,04/04/2026 09:26:36 AM
5274A,N,O,04/04/2026 09:09:42 AM
5274B,N,V,04/04/2026 09:34:40 AM
5275A,N,O,04/03/2026 08:14:44 PM
5276A,N,O,04/04/2026 08:58:52 AM
5276B,N,O,04/04/2026 08:58:44 AM
5277A,N,O,04/04/2026 08:57:46 AM
5277B,N,O,04/04/2026 09:00:01 AM
5278A,N,O,04/04/2026 08:57:22 AM
5278B,N,O,04/04/2026 08:56:50 AM
5279A,N,V,04/04/2026 09:44:10 AM
5279B,N,V,04/04/2026 09:42:17 AM
527A,N,O,04/04/2026 09:34:13 AM
5280A,N,V,04/04/2026 09:25:44 AM
5280B,N,V,04/04/2026 09:46:14 AM
5281A,N,O,04/03/2026 07:06:20 PM
5281B,N,V,04/03/2026 09:51:12 PM
5282A,N,V,04/03/2026 09:24:45 PM
5282B,N,O,04/03/2026 09:45:32 PM
5285B,N,O,04/04/2026 09:30:44 AM
5286A,N,O,04/04/2026 09:30:12 AM
5286B,N,O,04/04/2026 08:58:46 AM
528A,N,O,04/04/2026 08:56:47 AM
528B,N,O,04/04/2026 08:56:47 AM
5290A,N,O,04/04/2026 08:59:50 AM
5290B,N,O,04/04/2026 09:13:21 AM
5291A,N,O,04/04/2026 08:58:48 AM
5291B,N,O,04/04/2026 08:58:55 AM
5292B,N,O,04/04/2026 09:46:51 AM
5294A,N,O,04/04/2026 09:46:41 AM
5294B,N,O,04/03/2026 09:01:33 PM
5295A,N,O,04/03/2026 06:40:03 PM
5295B,N,O,04/04/2026 08:59:45 AM
5296A,N,O,04/04/2026 08:58:49 AM
5296B,N,O,04/04/2026 09:33:52 AM
5299B,N,O,04/04/2026 08:55:56 AM
52A,N,O,04/04/2026 09:51:18 AM
52B,N,O,04/04/2026 09:23:23 AM
5300A,N,O,04/04/2026 08:59:53 AM
5301A,N,O,04/04/2026 09:30:27 AM
5301B,N,O,04/04/2026 09:33:47 AM
5302A,N,O,04/04/2026 08:57:45 AM
5302B,N,O,04/04/2026 09:13:51 AM
5303A,N,O,04/04/2026 09:09:50 AM
5303B,N,O,04/04/2026 08:56:55 AM
5304A,N,O,04/04/2026 09:22:22 AM
5304B,N,O,04/04/2026 08:55:48 AM
5305A,N,O,04/04/2026 09:17:39 AM
5305B,N,O,04/04/2026 08:59:45 AM
5306A,N,O,04/04/2026 08:58:48 AM
5306B,N,V,04/04/2026 09:42:23 AM
5307B,N,O,04/04/2026 08:57:53 AM
5308A,N,O,04/04/2026 09:35:49 AM
5308B,N,O,04/04/2026 09:31:20 AM
5310A,N,O,04/04/2026 08:59:51 AM
5311B,N,O,04/04/2026 08:59:12 AM
5312A,N,O,04/04/2026 08:57:47 AM
5312B,N,O,04/04/2026 09:03:09 AM
5313B,N,O,04/04/2026 09:40:18 AM
5314A,N,V,04/04/2026 09:51:40 AM
5314B,N,O,04/04/2026 08:55:47 AM
5315A,N,O,04/04/2026 08:59:58 AM
5315B,N,O,04/04/2026 08:59:51 AM
5316A,N,O,04/04/2026 08:58:55 AM
5316B,N,O,04/03/2026 08:58:45 AM
5317A,N,O,04/04/2026 08:57:54 AM
5318A,N,O,04/04/2026 08:56:57 AM
5319A,N,O,04/04/2026 09:29:02 AM
5320A,N,O,04/04/2026 09:00:02 AM
5320B,N,O,04/04/2026 09:51:28 AM
5321A,N,V,04/04/2026 09:51:29 AM
5321B,N,O,04/04/2026 08:58:54 AM
5322A,N,O,04/04/2026 09:24:35 AM
5322B,N,O,04/04/2026 08:57:52 AM
5323A,N,V,04/04/2026 09:40:53 AM
5323B,N,O,04/04/2026 09:45:34 AM
5324A,N,O,04/04/2026 09:47:18 AM
5324B,N,O,04/04/2026 09:04:09 AM
5325A,N,O,04/04/2026 09:00:02 AM
5325B,N,O,04/04/2026 08:59:54 AM
5326A,N,O,04/04/2026 08:58:50 AM
5326B,N,O,04/04/2026 08:58:47 AM
5327A,N,O,04/04/2026 08:57:46 AM
5327B,N,O,04/04/2026 09:29:21 AM
5328A,N,O,04/04/2026 09:24:47 AM
5328B,N,V,04/04/2026 09:50:11 AM
5329A,N,V,04/04/2026 09:51:18 AM
5329B,N,O,04/04/2026 08:56:06 AM
5335A,N,O,04/04/2026 09:37:08 AM
5335B,N,O,04/04/2026 08:59:55 AM
5341A,N,O,04/04/2026 08:58:51 AM
5342A,N,O,04/04/2026 09:45:39 AM
5342B,N,O,04/03/2026 07:40:31 PM
5357B,N,O,04/03/2026 05:22:17 PM
5358A,N,O,04/03/2026 05:27:40 PM
5358B,N,O,04/03/2026 06:04:45 PM
5359A,N,O,04/03/2026 07:48:15 PM
5359B,N,O,04/03/2026 07:26:30 PM
535A,N,O,04/04/2026 08:59:45 AM
535B,N,O,04/04/2026 08:59:45 AM
5362A,N,O,04/04/2026 08:57:56 AM
5363A,N,O,04/04/2026 08:56:53 AM
5363B,N,O,04/04/2026 08:56:53 AM
5364A,N,O,04/04/2026 08:55:46 AM
5364B,N,O,04/04/2026 08:55:46 AM
5365A,N,O,04/04/2026 08:59:50 AM
5365B,N,O,04/04/2026 08:59:53 AM
5369B,N,O,04/03/2026 12:02:37 PM
536A,N,O,04/04/2026 08:58:45 AM
536B,N,V,04/04/2026 09:34:03 AM
5371A,N,O,04/03/2026 12:08:36 PM
5372A,N,O,04/04/2026 08:59:36 AM
5372B,N,O,04/04/2026 08:57:48 AM
5373A,N,O,04/04/2026 08:56:57 AM
5373B,N,O,04/04/2026 08:56:50 AM
5374A,N,O,04/04/2026 08:55:47 AM
5374B,N,O,04/04/2026 08:55:47 AM
5375A,N,O,04/03/2026 08:56:25 PM
5377A,N,O,04/03/2026 10:27:49 AM
5377B,N,O,04/03/2026 10:49:03 AM
5378A,N,O,04/03/2026 07:51:51 PM
537A,N,V,04/04/2026 09:50:36 AM
537B,N,O,04/04/2026 08:57:41 AM
5384A,N,O,04/03/2026 04:51:07 PM
5385A,N,O,04/03/2026 05:00:38 PM
5385B,N,O,04/03/2026 09:59:45 AM
5386A,N,O,04/03/2026 09:56:47 PM
5386B,N,O,04/03/2026 07:08:15 PM
5387B,N,O,04/03/2026 02:00:23 PM
5388A,N,O,04/03/2026 01:33:30 PM
5388B,N,O,04/03/2026 09:56:48 AM
5389A,N,O,04/03/2026 09:55:50 AM
5389B,N,O,04/03/2026 11:36:51 AM
538A,N,O,04/04/2026 09:51:36 AM
538B,N,O,04/04/2026 08:56:49 AM
5390A,N,O,04/03/2026 03:46:32 PM
5390B,N,O,04/03/2026 06:30:33 PM
5391A,N,O,04/03/2026 07:31:52 PM
5391B,N,O,04/03/2026 03:47:23 PM
5393A,N,O,04/04/2026 08:56:55 AM
5393B,N,O,04/04/2026 09:45:15 AM
5394A,N,O,04/04/2026 08:55:47 AM
5394B,N,O,04/04/2026 08:55:47 AM
5395A,N,O,04/04/2026 08:59:50 AM
5395B,N,O,04/04/2026 08:59:50 AM
5396A,N,O,04/04/2026 08:59:01 AM
5396B,N,O,04/04/2026 08:58:43 AM
5399A,N,O,04/03/2026 08:29:50 PM
539A,N,V,04/04/2026 09:50:01 AM
539B,N,O,04/04/2026 08:55:40 AM
53A,N,O,04/04/2026 09:40:43 AM
53B,N,O,04/04/2026 09:48:13 AM
5400A,N,O,04/03/2026 08:30:54 PM
5400B,N,O,04/03/2026 05:41:51 PM
5401A,N,O,04/03/2026 08:37:14 PM
5401B,N,O,04/03/2026 08:20:21 PM
5406A,N,O,04/03/2026 09:51:06 PM
5407A,N,O,04/03/2026 06:46:09 PM
5407B,N,O,04/03/2026 06:22:46 PM
5408A,N,O,04/03/2026 07:36:33 PM
5408B,N,O,04/03/2026 09:23:53 PM
5409A,N,O,04/03/2026 11:53:38 AM
5409B,N,O,04/03/2026 08:51:33 PM
540A,N,V,04/04/2026 09:48:17 AM
540B,N,O,04/04/2026 08:59:56 AM
5410A,NU,O,04/03/2026 05:52:18 PM
5410B,NU,O,04/03/2026 08:33:17 PM
541A,N,O,04/04/2026 09:50:43 AM
541B,N,O,04/03/2026 08:52:24 PM
5421A,N,O,04/04/2026 08:58:52 AM
5421B,N,O,04/04/2026 08:59:16 AM
5422A,N,O,04/04/2026 08:57:48 AM
5422B,N,O,04/04/2026 09:50:30 AM
5423A,N,V,04/04/2026 09:48:15 AM
5423B,N,O,04/04/2026 08:57:02 AM
5424A,N,O,04/04/2026 08:55:49 AM
5424B,N,O,04/04/2026 08:55:49 AM
5426A,N,O,04/03/2026 07:57:02 PM
5427A,N,O,04/03/2026 03:24:06 PM
5427B,N,O,04/03/2026 09:57:42 AM
5428A,N,O,04/04/2026 08:56:59 AM
5428B,N,O,04/04/2026 08:56:55 AM
5429A,N,O,04/04/2026 08:55:46 AM
5429B,N,O,04/04/2026 08:55:46 AM
542A,N,O,04/04/2026 08:57:47 AM
542B,N,O,04/04/2026 08:57:51 AM
5430B,N,O,04/04/2026 08:59:45 AM
5435A,N,O,04/03/2026 09:35:14 PM
5435B,N,O,04/03/2026 05:13:11 PM
5436B,N,V,04/03/2026 09:57:32 PM
5437B,N,O,04/03/2026 09:57:52 AM
5438B,N,O,04/03/2026 09:54:05 PM
5439A,N,O,04/03/2026 09:57:39 PM
5439B,N,O,04/03/2026 09:38:57 PM
5440A,N,V,04/03/2026 09:59:58 PM
5440B,N,O,04/03/2026 09:16:23 PM
5447A,N,O,04/04/2026 08:57:44 AM
5447B,N,O,04/04/2026 08:57:44 AM
5448A,N,O,04/04/2026 08:59:29 AM
5448B,N,O,04/04/2026 08:57:53 AM
5449A,N,V,04/04/2026 09:49:50 AM
5449B,N,O,04/04/2026 09:38:12 AM
5450A,N,O,04/04/2026 09:34:01 AM
5450B,N,V,04/04/2026 09:49:51 AM
5451B,N,O,04/04/2026 08:58:51 AM
5461A,N,O,04/03/2026 08:21:59 PM
5461B,N,O,04/03/2026 11:01:13 AM
5462A,N,O,04/03/2026 05:07:54 PM
5462B,N,O,04/03/2026 08:57:37 PM
5466A,N,O,04/03/2026 09:46:42 PM
5466B,N,O,04/03/2026 06:59:36 PM
5467A,N,O,04/03/2026 07:16:31 PM
5467B,N,O,04/03/2026 07:25:12 PM
5468A,N,O,04/03/2026 09:26:50 PM
5468B,N,O,04/03/2026 02:47:42 PM
54B,N,V,04/03/2026 08:39:11 PM
552A,N,O,04/04/2026 08:57:50 AM
552B,N,V,04/04/2026 09:46:16 AM
5532B,N,O,04/03/2026 05:43:42 PM
5533A,N,O,04/03/2026 09:41:23 PM
5533B,N,O,04/03/2026 09:26:08 PM
5534A,N,O,04/03/2026 08:37:30 PM
5534B,N,O,04/03/2026 08:35:05 PM
5535A,N,O,04/03/2026 08:26:22 PM
5535B,N,O,04/03/2026 04:56:03 PM
5536A,N,O,04/03/2026 03:53:08 PM
5537A,N,O,04/03/2026 05:32:34 PM
5538A,N,O,04/03/2026 12:06:48 PM
5538B,N,O,04/03/2026 09:56:38 AM
5539A,N,O,04/03/2026 09:42:17 PM
5539B,N,O,04/03/2026 05:33:37 PM
553A,N,O,04/04/2026 09:37:39 AM
553B,N,O,04/04/2026 08:56:49 AM
5542A,N,O,04/03/2026 08:06:21 PM
5542B,N,O,04/03/2026 06:33:32 PM
5543A,N,O,04/03/2026 09:33:23 PM
5543B,N,O,04/03/2026 08:53:56 PM
5544B,N,O,04/03/2026 09:35:13 PM
5545B,N,O,04/03/2026 10:31:02 AM
5546A,N,O,04/03/2026 04:33:49 PM
5546B,N,O,04/03/2026 02:52:15 PM
5547A,N,O,04/03/2026 09:44:31 PM
5547B,N,O,04/03/2026 09:33:34 PM
5548A,N,O,04/03/2026 03:32:30 PM
5548B,N,O,04/03/2026 08:12:09 PM
5549A,N,O,04/03/2026 09:40:59 PM
554A,N,O,04/04/2026 09:35:53 AM
554B,N,V,04/04/2026 09:47:08 AM
5551A,N,O,04/03/2026 09:58:48 AM
5552A,N,V,04/03/2026 04:16:53 PM
5552B,N,O,04/03/2026 06:06:09 PM
5553A,N,O,04/03/2026 09:56:45 AM
5553B,N,O,04/03/2026 08:54:27 PM
5554A,N,O,04/03/2026 03:33:13 PM
5554B,N,O,04/03/2026 08:30:18 PM
5555A,NU,O,04/03/2026 05:33:31 PM
5555B,NU,O,04/03/2026 09:14:18 PM
5556B,N,O,04/03/2026 12:54:35 PM
5557A,N,O,04/03/2026 12:32:54 PM
5557B,N,O,04/03/2026 04:47:36 PM
5558A,N,O,04/03/2026 08:56:19 PM
5558B,N,O,04/03/2026 07:52:06 PM
5559A,N,O,04/03/2026 12:35:58 PM
5559B,N,O,04/03/2026 09:55:48 AM
555A,N,O,04/04/2026 08:42:20 AM
555B,N,O,04/04/2026 06:59:46 AM
5560A,N,O,04/03/2026 05:21:35 PM
5564A,N,O,04/03/2026 09:55:45 AM
5572A,N,O,04/03/2026 09:57:52 AM
5572B,N,O,04/03/2026 08:41:52 PM
5573A,N,O,04/03/2026 07:32:50 PM
5573B,N,O,04/03/2026 09:46:59 PM
5574A,N,O,04/03/2026 08:43:17 PM
5574B,N,O,04/03/2026 08:42:22 PM
5575B,N,O,04/03/2026 06:52:58 PM
5578A,N,O,04/04/2026 08:56:46 AM
5578B,N,O,04/04/2026 08:56:46 AM
5579A,N,O,04/04/2026 08:55:48 AM
5579B,N,O,04/04/2026 08:55:48 AM
5580A,N,O,04/04/2026 08:59:48 AM
5580B,N,O,04/04/2026 09:27:40 AM
5588A,N,V,04/03/2026 06:18:59 PM
5588B,N,V,04/03/2026 09:59:44 PM
559A,N,V,04/04/2026 09:20:16 AM
559B,N,V,04/04/2026 08:22:44 AM
55B,N,O,04/04/2026 08:59:48 AM
560A,N,O,04/04/2026 06:59:50 AM
560B,N,V,04/04/2026 09:27:21 AM
5617B,N,V,04/03/2026 09:58:13 PM
5618A,N,O,04/03/2026 07:13:06 PM
5618B,N,O,04/03/2026 09:35:57 PM
561B,N,O,04/04/2026 09:34:13 AM
5622A,N,O,04/03/2026 02:35:52 PM
5622B,N,O,04/03/2026 09:22:31 PM
5623A,N,O,04/03/2026 02:12:40 PM
5623B,N,O,04/03/2026 09:50:16 PM
5641B,N,O,04/04/2026 08:58:51 AM
5642A,N,O,04/03/2026 08:57:51 AM
5642B,N,O,04/04/2026 08:57:54 AM
5643A,N,O,04/04/2026 08:56:50 AM
5643B,N,O,04/04/2026 08:56:46 AM
5645A,N,O,04/03/2026 08:03:59 PM
5645B,N,O,04/03/2026 09:59:51 AM
5646A,N,O,04/03/2026 12:34:43 PM
5646B,N,O,04/03/2026 03:25:45 PM
5647A,N,O,04/03/2026 09:02:47 PM
5647B,N,O,04/03/2026 09:57:44 AM
5648A,N,O,04/03/2026 04:37:19 PM
5648B,N,O,04/03/2026 08:21:47 PM
5650A,N,O,04/03/2026 07:13:42 PM
5650B,N,O,04/03/2026 05:25:46 PM
5651A,N,O,04/03/2026 09:38:05 PM
5651B,N,O,04/03/2026 07:44:44 PM
5652A,N,O,04/03/2026 09:57:49 AM
5652B,N,V,04/03/2026 08:23:16 PM
5653A,N,O,04/03/2026 09:45:47 PM
5653B,N,O,04/03/2026 01:41:25 PM
5654A,N,O,04/04/2026 08:55:46 AM
5654B,N,O,04/04/2026 08:55:46 AM
5655A,N,O,04/04/2026 08:59:48 AM
5655B,N,O,04/04/2026 08:59:44 AM
5656A,N,V,04/03/2026 09:29:23 PM
5656B,N,O,04/04/2026 08:58:50 AM
5657A,N,O,04/04/2026 08:57:49 AM
5657B,N,O,04/04/2026 08:57:49 AM
5658A,N,O,04/04/2026 09:31:37 AM
5658B,N,O,04/04/2026 08:56:40 AM
568A,N,O,04/04/2026 08:56:51 AM
568B,N,O,04/04/2026 09:12:14 AM
56A,N,V,04/04/2026 09:48:59 AM
56B,N,V,04/04/2026 09:38:25 AM
57A,N,O,04/04/2026 09:37:16 AM
57B,N,V,04/04/2026 09:47:33 AM
5883A,N,O,04/03/2026 08:04:05 PM
5883B,N,O,04/03/2026 12:48:36 PM
5884A,N,O,04/03/2026 07:01:21 PM
5884B,N,O,04/03/2026 09:49:31 PM
5885A,N,O,04/03/2026 09:58:46 PM
5885B,N,O,04/03/2026 05:42:40 PM
5889A,N,O,04/03/2026 09:58:42 PM
5889B,N,O,04/03/2026 09:28:11 PM
588B,N,O,04/04/2026 08:56:52 AM
5899A,N,O,04/03/2026 08:59:38 PM
589A,N,O,04/04/2026 08:55:50 AM
589B,N,O,04/04/2026 08:55:50 AM
58A,N,O,04/04/2026 08:56:47 AM
58B,N,O,04/04/2026 09:39:09 AM
5900A,N,O,04/03/2026 08:26:13 PM
5900B,N,O,04/03/2026 09:36:35 PM
5901A,N,O,04/03/2026 09:40:43 PM
5901B,N,O,04/03/2026 09:24:44 PM
5904B,N,O,04/03/2026 08:40:32 PM
590A,N,V,04/04/2026 09:39:28 AM
590B,N,V,04/04/2026 09:28:34 AM
5910A,N,O,04/03/2026 09:34:39 PM
5910B,N,V,04/03/2026 09:53:14 PM
5911A,N,O,04/03/2026 09:48:49 PM
5911B,N,O,04/03/2026 09:56:12 PM
5912A,N,V,04/03/2026 09:56:36 PM
5912B,N,O,04/03/2026 09:58:02 PM
5913A,N,O,04/03/2026 09:36:27 PM
5913B,N,O,04/03/2026 05:33:05 PM
591A,N,O,04/04/2026 09:01:06 AM
591B,N,O,04/03/2026 05:05:45 PM
592A,N,V,04/04/2026 09:47:27 AM
592B,N,O,04/04/2026 09:38:03 AM
5932A,N,O,04/04/2026 08:57:54 AM
5932B,N,O,04/04/2026 08:58:01 AM
5933A,N,O,04/04/2026 08:56:50 AM
5933B,N,O,04/04/2026 08:56:46 AM
5934A,N,O,04/04/2026 08:55:51 AM
5934B,N,O,04/03/2026 09:43:31 PM
5935A,N,O,04/04/2026 08:59:46 AM
5935B,N,O,04/04/2026 08:59:46 AM
5936A,N,O,04/04/2026 08:58:46 AM
5936B,N,O,04/04/2026 08:58:46 AM
593A,N,V,04/04/2026 09:42:15 AM
593B,N,V,04/04/2026 09:41:41 AM
5946A,N,O,04/04/2026 08:58:54 AM
5946B,N,O,04/04/2026 08:58:54 AM
5947A,N,O,04/04/2026 09:39:49 AM
5947B,N,O,04/04/2026 08:58:14 AM
5949A,N,O,04/03/2026 07:31:56 PM
5949B,N,O,04/03/2026 03:52:07 PM
5950A,N,O,04/03/2026 09:54:55 PM
5950B,N,O,04/03/2026 12:58:45 PM
5951A,N,O,04/03/2026 09:52:04 PM
5951B,N,O,04/03/2026 06:29:15 PM
5952A,N,O,04/03/2026 06:53:04 PM
5952B,N,O,04/03/2026 09:17:45 PM
5953A,N,O,04/03/2026 09:07:48 PM
5953B,N,O,04/03/2026 05:10:02 PM
5954A,N,O,04/03/2026 09:19:02 PM
5954B,N,V,04/03/2026 09:57:43 PM
5955A,N,O,04/03/2026 09:59:22 PM
5955B,N,O,04/03/2026 06:00:44 PM
5956A,N,O,04/03/2026 06:19:18 PM
5956B,N,O,04/03/2026 05:58:15 PM
5957A,N,O,04/03/2026 02:20:22 PM
5957B,N,O,04/03/2026 09:03:10 PM
5958A,N,O,04/03/2026 09:37:45 PM
5958B,N,O,04/03/2026 08:44:27 PM
5962A,N,V,04/03/2026 09:59:38 PM
5962B,N,O,04/03/2026 09:57:49 AM
5963A,N,O,04/03/2026 08:46:48 PM
5963B,N,O,04/03/2026 06:56:29 PM
5964A,N,O,04/03/2026 09:59:49 PM
5964B,N,O,04/03/2026 09:36:32 PM
5965A,N,O,04/03/2026 07:59:47 PM
5965B,N,V,04/03/2026 09:57:27 PM
5969A,N,O,04/04/2026 08:56:04 AM
5969B,N,O,04/04/2026 08:55:56 AM
5970A,N,O,04/04/2026 08:59:53 AM
5970B,N,O,04/04/2026 08:59:53 AM
5971A,N,O,04/04/2026 08:58:49 AM
5971B,N,O,04/04/2026 08:58:49 AM
5972A,N,O,04/04/2026 08:57:50 AM
5972B,N,O,04/04/2026 08:57:50 AM
5973A,N,O,04/04/2026 08:57:04 AM
5973B,N,O,04/04/2026 08:56:54 AM
5974A,N,O,04/04/2026 08:55:46 AM
5990A,N,O,04/04/2026 08:59:51 AM
5990B,N,O,04/04/2026 09:22:15 AM
5991A,N,O,04/04/2026 08:58:54 AM
5991B,N,V,04/04/2026 09:49:46 AM
5992A,N,O,04/04/2026 08:57:49 AM
5992B,N,O,04/04/2026 09:24:33 AM
5993A,N,V,04/04/2026 09:37:37 AM
5993B,N,O,04/04/2026 09:49:37 AM
5994A,N,O,04/04/2026 08:55:52 AM
5994B,N,O,04/04/2026 08:55:52 AM
5995A,N,O,04/04/2026 09:00:23 AM
5995B,N,O,04/04/2026 09:00:23 AM
5996A,N,O,04/04/2026 09:21:39 AM
5996B,N,O,04/04/2026 08:58:49 AM
5997A,N,O,04/04/2026 08:57:52 AM
5997B,N,O,04/04/2026 09:47:12 AM
5998A,N,V,04/04/2026 09:25:57 AM
5998B,N,O,04/04/2026 08:56:46 AM
59A,N,O,04/04/2026 09:51:41 AM
59B,N,O,04/04/2026 08:55:46 AM
5A,N,O,04/04/2026 09:49:27 AM
5B,N,O,04/04/2026 09:31:10 AM
600B,N,O,04/04/2026 09:08:24 AM
6013A,N,O,04/03/2026 08:14:55 PM
6014A,N,O,04/03/2026 09:26:55 PM
6014B,N,O,04/03/2026 09:30:19 PM
6015A,N,O,04/03/2026 09:20:49 PM
6015B,N,O,04/03/2026 10:35:04 AM
6018A,N,O,04/03/2026 07:12:24 PM
6019A,N,O,04/03/2026 09:55:02 PM
6019B,N,O,04/03/2026 09:19:21 PM
601A,N,O,04/04/2026 08:58:59 AM
601B,N,O,04/04/2026 08:58:52 AM
6020A,N,O,04/03/2026 09:35:56 PM
6020B,N,O,04/03/2026 11:22:39 AM
6021A,N,O,04/03/2026 11:05:05 AM
6021B,N,V,04/03/2026 05:33:09 PM
6022A,N,O,04/03/2026 09:10:45 PM
6022B,N,O,04/03/2026 09:52:21 PM
6023A,N,O,04/03/2026 10:30:11 AM
6023B,N,V,04/03/2026 09:50:22 PM
6025A,N,O,04/03/2026 09:59:46 PM
6025B,N,O,04/03/2026 09:58:00 PM
6026A,N,V,04/03/2026 09:59:12 PM
6026B,N,V,04/03/2026 01:02:54 PM
6027A,N,O,04/03/2026 09:59:09 PM
6027B,N,O,04/03/2026 09:32:41 PM
6028A,N,V,04/03/2026 09:58:40 PM
6028B,N,O,04/03/2026 12:29:14 PM
6029A,N,O,04/03/2026 04:33:32 PM
6029B,N,V,04/03/2026 09:52:43 PM
6030A,N,O,04/03/2026 09:35:35 PM
6030B,N,O,04/03/2026 10:29:43 AM
6031B,N,O,04/03/2026 10:28:54 AM
6035A,N,O,04/03/2026 09:20:28 PM
6035B,N,O,04/03/2026 03:38:02 PM
6036A,N,O,04/03/2026 09:13:31 PM
6036B,N,O,04/03/2026 09:36:33 PM
6037A,N,O,04/03/2026 09:43:04 PM
6037B,N,O,04/03/2026 08:49:57 PM
6038A,N,O,04/03/2026 08:50:07 PM
6038B,N,O,04/03/2026 09:24:31 PM
6039A,N,O,04/03/2026 08:04:09 PM
6039B,N,O,04/03/2026 10:28:38 AM
6040A,N,O,04/03/2026 04:45:11 PM
6040B,N,O,04/03/2026 08:47:59 PM
6041A,N,O,04/03/2026 11:39:31 AM
6043B,N,O,04/03/2026 08:18:06 PM
6044A,N,O,04/03/2026 11:33:37 AM
6044B,N,O,04/03/2026 09:59:03 PM
6045A,N,O,04/03/2026 09:55:19 PM
6045B,N,O,04/03/2026 09:15:29 PM
6046A,N,O,04/03/2026 10:00:02 PM
6046B,N,O,04/03/2026 10:00:02 PM
6047A,N,V,04/03/2026 09:59:59 PM
6047B,N,O,04/03/2026 09:54:11 PM
6048A,N,O,04/03/2026 10:27:23 AM
6048B,N,O,04/03/2026 09:35:35 PM
6049A,N,O,04/03/2026 06:03:35 PM
6049B,N,O,04/03/2026 10:25:46 AM
6050A,N,O,04/03/2026 09:27:48 PM
6050B,N,V,04/03/2026 09:56:02 PM
6051A,N,V,04/03/2026 09:58:40 PM
6051B,N,V,04/03/2026 09:59:57 PM
6052A,N,O,04/03/2026 09:14:02 PM
6052B,N,O,04/03/2026 09:30:47 PM
6053A,N,O,04/03/2026 09:54:57 PM
6053B,N,O,04/03/2026 11:46:01 AM
6054A,N,O,04/03/2026 09:04:38 PM
6054B,N,O,04/03/2026 09:12:48 PM
6055A,N,O,04/03/2026 10:29:43 AM
6055B,N,V,04/03/2026 09:59:10 PM
6058A,N,O,04/04/2026 09:48:24 AM
6058B,N,O,04/04/2026 08:56:51 AM
6059A,N,O,04/04/2026 08:55:48 AM
6059B,N,O,04/04/2026 09:20:22 AM
605A,N,O,04/04/2026 08:59:51 AM
605B,N,O,04/04/2026 08:59:47 AM
6060A,N,V,04/04/2026 09:50:48 AM
6060B,N,O,04/04/2026 08:59:54 AM
6061A,N,O,04/04/2026 08:58:51 AM
6061B,N,O,04/04/2026 08:58:51 AM
6062A,N,O,04/04/2026 08:57:46 AM
6062B,N,O,04/04/2026 08:57:46 AM
6063A,N,O,04/04/2026 08:57:02 AM
6063B,N,O,04/04/2026 08:56:48 AM
6064A,N,O,04/04/2026 08:55:46 AM
6064B,N,O,04/04/2026 08:55:46 AM
6066A,N,O,04/04/2026 09:35:17 AM
6066B,N,O,04/04/2026 08:59:01 AM
6067A,N,O,04/04/2026 09:29:58 AM
6067B,N,O,04/04/2026 09:45:05 AM
6068A,N,O,04/04/2026 09:33:06 AM
6068B,N,O,04/04/2026 08:56:46 AM
6069A,N,O,04/04/2026 09:45:49 AM
6069B,N,O,04/04/2026 09:35:28 AM
606A,N,O,04/04/2026 08:58:53 AM
606B,N,O,04/04/2026 09:38:28 AM
6070A,N,O,04/03/2026 09:37:26 PM
6070B,N,O,04/04/2026 08:59:59 AM
6072A,N,O,04/04/2026 08:59:20 AM
6072B,N,V,04/04/2026 09:47:55 AM
6073A,N,O,04/04/2026 09:16:23 AM
6073B,N,V,04/04/2026 09:50:27 AM
6074A,N,O,04/04/2026 09:26:24 AM
6074B,N,O,04/04/2026 09:45:50 AM
6075A,N,O,04/04/2026 08:59:48 AM
6075B,N,V,04/04/2026 09:45:49 AM
6076A,N,O,04/04/2026 09:36:14 AM
607A,N,O,04/04/2026 08:57:47 AM
607B,N,O,04/04/2026 08:57:47 AM
6081A,N,O,04/03/2026 07:37:48 PM
6085B,N,O,04/03/2026 08:57:23 PM
608A,N,O,04/04/2026 09:08:45 AM
608B,N,O,04/04/2026 08:56:49 AM
609A,N,O,04/04/2026 09:23:26 AM
609B,N,O,04/04/2026 08:55:52 AM
60A,N,O,04/04/2026 09:00:03 AM
60B,N,V,04/04/2026 09:40:49 AM
610A,N,O,04/04/2026 08:59:50 AM
6180B,N,V,04/03/2026 09:55:46 PM
6181A,N,O,04/03/2026 10:20:41 AM
6181B,N,O,04/03/2026 05:10:17 PM
6182A,N,O,04/03/2026 09:25:20 PM
6182B,N,O,04/03/2026 09:21:39 PM
6183A,N,O,04/03/2026 08:51:09 PM
6183B,N,O,04/03/2026 07:13:45 PM
6184A,NU,O,03/16/2026 02:00:44 PM
6184B,NU,O,03/16/2026 07:55:48 AM
6185A,NU,O,04/03/2026 05:51:10 PM
6186A,N,O,04/03/2026 03:28:29 PM
6187A,N,O,04/04/2026 08:57:53 AM
6188A,N,O,04/04/2026 08:56:43 AM
6188B,N,V,04/04/2026 09:50:04 AM
6189A,N,O,04/04/2026 08:55:43 AM
6189B,N,V,04/04/2026 09:34:04 AM
6190A,N,O,04/04/2026 08:59:54 AM
6190B,N,O,04/04/2026 09:16:27 AM
6191A,N,O,04/04/2026 09:51:08 AM
6191B,N,O,04/04/2026 08:59:09 AM
6192A,N,O,04/04/2026 09:51:36 AM
6192B,N,O,04/04/2026 08:57:51 AM
6193A,N,V,04/04/2026 09:31:52 AM
6193B,N,O,04/04/2026 08:56:51 AM
6194A,N,V,04/04/2026 09:50:04 AM
6194B,N,O,04/03/2026 04:23:29 PM
6196A,N,V,04/04/2026 09:49:11 AM
61A,N,V,04/04/2026 09:38:13 AM
61B,N,V,04/04/2026 09:26:52 AM
6201B,N,O,04/04/2026 08:58:49 AM
6202A,N,V,04/04/2026 09:16:37 AM
6202B,N,V,04/04/2026 09:50:47 AM
6203B,N,V,04/04/2026 09:37:36 AM
6204A,N,O,04/04/2026 09:50:52 AM
6204B,N,V,04/04/2026 09:32:29 AM
6207A,N,O,04/04/2026 08:57:49 AM
6207B,N,V,04/04/2026 09:31:22 AM
6209A,N,O,04/04/2026 08:55:44 AM
6209B,N,O,04/04/2026 08:55:44 AM
6221A,N,O,04/04/2026 08:58:50 AM
6221B,N,O,04/04/2026 09:50:43 AM
6222A,N,O,04/04/2026 08:57:45 AM
6222B,N,O,04/03/2026 09:23:19 PM
6223A,N,O,04/04/2026 09:51:42 AM
6223B,N,O,04/04/2026 08:56:55 AM
6235A,N,O,04/03/2026 09:03:29 PM
6235B,N,O,04/03/2026 12:45:54 PM
6236A,N,O,04/03/2026 08:10:48 PM
6236B,N,O,04/03/2026 09:57:28 PM
6237B,N,O,04/03/2026 07:40:49 PM
6238A,N,V,04/03/2026 09:59:53 PM
6238B,N,O,04/03/2026 10:26:52 AM
6239A,N,O,04/03/2026 03:21:04 PM
6239B,N,O,04/03/2026 12:54:20 PM
6240A,N,O,04/03/2026 08:40:48 PM
6240B,N,O,04/03/2026 09:51:52 PM
6241A,N,V,04/03/2026 07:09:44 PM
6241B,N,O,04/03/2026 07:32:27 PM
6252A,N,V,04/03/2026 09:59:16 PM
6252B,N,O,04/03/2026 08:11:30 PM
6258A,N,O,04/04/2026 08:57:08 AM
6258B,N,O,04/04/2026 08:56:52 AM
6259A,N,O,04/04/2026 09:31:29 AM
6259B,N,O,04/04/2026 08:55:44 AM
6260A,N,O,04/04/2026 08:59:57 AM
6260B,N,O,04/04/2026 08:59:57 AM
6262B,N,V,04/03/2026 09:37:45 PM
6263A,N,O,04/03/2026 10:26:47 AM
6263B,N,O,04/03/2026 09:36:15 PM
6267A,N,O,04/04/2026 08:57:49 AM
6267B,N,O,04/04/2026 08:57:49 AM
6273B,N,O,04/04/2026 08:56:51 AM
6274A,N,O,04/04/2026 08:55:52 AM
6274B,N,O,04/04/2026 08:55:52 AM
6275A,N,O,04/04/2026 09:00:07 AM
6276A,N,O,04/04/2026 08:58:53 AM
6276B,N,O,04/04/2026 08:58:57 AM
6277A,N,O,04/04/2026 08:57:56 AM
6277B,N,O,04/04/2026 08:57:52 AM
6281B,N,O,04/03/2026 09:10:13 PM
6282A,N,O,04/03/2026 09:23:02 PM
6282B,N,O,04/03/2026 09:13:25 PM
6283A,NU,O,03/31/2026 04:37:52 PM
6284A,N,O,04/04/2026 08:55:47 AM
6284B,N,O,04/04/2026 09:07:13 AM
6285A,N,O,04/04/2026 09:09:59 AM
6286B,N,O,04/04/2026 08:58:50 AM
6287A,N,O,04/04/2026 08:57:56 AM
6287B,N,O,04/04/2026 08:58:48 AM
6291A,N,O,04/04/2026 08:58:48 AM
6291B,N,O,04/04/2026 09:00:13 AM
6292A,N,O,04/03/2026 11:01:20 AM
6292B,N,O,04/04/2026 08:57:53 AM
6293A,N,O,04/04/2026 09:08:35 AM
6293B,N,O,04/04/2026 08:56:46 AM
6294A,N,O,04/04/2026 08:55:56 AM
6294B,N,O,04/04/2026 08:55:42 AM
6295A,N,O,04/04/2026 08:59:47 AM
6295B,N,O,04/04/2026 08:59:47 AM
6296A,N,O,04/04/2026 08:58:43 AM
6296B,N,O,04/04/2026 08:58:43 AM
6297A,N,V,04/04/2026 09:50:05 AM
6297B,N,O,04/04/2026 08:57:50 AM
6298A,N,O,04/04/2026 08:56:45 AM
62A,N,O,04/04/2026 09:15:35 AM
62B,N,O,04/04/2026 09:51:26 AM
6301A,N,O,04/04/2026 09:04:52 AM
6301B,N,O,04/04/2026 08:58:55 AM
6302A,N,O,04/04/2026 09:43:10 AM
6302B,N,O,04/04/2026 08:57:44 AM
6306B,N,O,04/04/2026 08:58:47 AM
6307A,N,O,04/04/2026 08:57:49 AM
6307B,N,O,04/04/2026 08:57:49 AM
6308A,N,O,04/04/2026 08:56:44 AM
6308B,N,O,04/04/2026 08:56:48 AM
6309A,N,O,04/04/2026 08:55:49 AM
6309B,N,O,04/04/2026 08:55:56 AM
6314A,N,O,04/04/2026 08:55:55 AM
6314B,N,O,04/04/2026 09:51:28 AM
6315A,N,O,04/04/2026 08:59:48 AM
6315B,N,O,04/04/2026 08:59:48 AM
6316A,N,O,04/04/2026 08:58:51 AM
6316B,N,O,04/04/2026 09:29:08 AM
6318B,N,O,04/03/2026 07:57:19 PM
6319A,N,O,04/03/2026 09:33:53 PM
6319B,N,V,04/03/2026 09:59:54 PM
6320A,N,O,04/03/2026 08:28:45 PM
6320B,NU,O,04/03/2026 09:59:26 PM
6322A,N,O,04/04/2026 08:57:42 AM
6322B,N,O,04/04/2026 09:47:06 AM
6323A,N,O,04/04/2026 08:56:45 AM
6323B,N,O,04/04/2026 09:23:54 AM
6324B,N,O,04/04/2026 08:56:15 AM
6326A,N,O,04/04/2026 08:58:57 AM
6326B,N,O,04/04/2026 08:58:57 AM
6327A,N,O,04/04/2026 08:57:58 AM
6327B,N,O,04/04/2026 08:57:48 AM
6328A,N,O,04/04/2026 09:27:48 AM
6328B,N,O,04/04/2026 08:56:51 AM
6329A,N,O,04/04/2026 08:55:54 AM
6329B,N,O,04/03/2026 09:09:38 PM
6330A,N,O,04/04/2026 09:22:39 AM
6330B,N,O,04/04/2026 09:00:02 AM
6331A,N,O,04/04/2026 08:58:47 AM
6334A,N,O,04/03/2026 10:58:04 AM
6334B,N,O,04/04/2026 08:55:54 AM
6335A,N,O,04/04/2026 08:59:48 AM
6335B,N,O,04/04/2026 08:59:52 AM
6336A,N,V,04/03/2026 09:53:50 PM
6339B,N,O,04/04/2026 09:51:04 AM
6340A,N,O,04/04/2026 09:02:54 AM
6340B,N,O,04/04/2026 08:59:55 AM
6341A,N,O,04/04/2026 09:00:50 AM
6341B,N,O,04/04/2026 08:58:47 AM
6342B,N,O,04/03/2026 09:56:29 PM
6347A,N,O,04/04/2026 09:31:09 AM
6348A,N,O,04/04/2026 08:59:23 AM
6348B,N,O,04/04/2026 08:56:54 AM
6349A,N,O,04/04/2026 09:49:50 AM
6349B,N,O,04/04/2026 08:59:29 AM
6350A,N,O,04/04/2026 09:16:18 AM
6350B,N,O,04/04/2026 09:42:37 AM
6351A,N,O,04/04/2026 08:58:53 AM
6351B,N,O,04/04/2026 09:07:53 AM
6352A,N,O,04/04/2026 08:58:17 AM
6352B,N,O,04/04/2026 08:57:54 AM
6353A,N,O,04/04/2026 08:56:56 AM
6353B,N,O,04/04/2026 08:56:52 AM
6354A,N,O,04/04/2026 08:55:53 AM
6354B,N,O,04/03/2026 07:33:46 PM
6358A,N,O,04/04/2026 08:58:13 AM
6358B,N,O,04/04/2026 09:36:28 AM
6359A,N,O,04/04/2026 09:24:46 AM
6359B,N,O,04/04/2026 09:22:59 AM
6360A,N,O,04/04/2026 09:37:36 AM
6360B,N,O,04/04/2026 09:28:27 AM
6361A,N,O,04/04/2026 08:58:48 AM
6361B,N,O,04/04/2026 09:29:19 AM
6362A,N,O,04/04/2026 09:30:53 AM
6362B,N,O,04/04/2026 08:57:43 AM
6363A,N,O,04/04/2026 08:56:52 AM
6363B,N,O,04/04/2026 08:56:52 AM
6364A,N,O,04/04/2026 08:55:58 AM
6364B,N,O,04/04/2026 08:57:27 AM
6365A,N,O,04/04/2026 08:59:45 AM
6365B,N,O,04/04/2026 08:59:45 AM
6369A,N,O,04/04/2026 08:55:53 AM
6369B,N,O,04/04/2026 08:55:53 AM
6370A,N,O,04/04/2026 08:59:53 AM
6370B,N,O,04/04/2026 08:59:53 AM
6371A,N,O,04/04/2026 08:58:46 AM
6371B,N,O,04/04/2026 08:58:46 AM
6376A,N,O,04/03/2026 09:59:05 AM
6377A,N,O,04/03/2026 05:00:23 PM
6377B,N,O,04/03/2026 09:23:02 PM
6379A,N,O,04/03/2026 05:05:05 PM
6379B,N,O,04/03/2026 02:29:06 PM
6380A,N,O,04/03/2026 05:52:50 PM
6380B,N,O,04/03/2026 03:50:45 PM
6381A,N,O,04/03/2026 08:06:27 PM
6381B,N,O,04/03/2026 08:51:11 PM
6382B,N,O,04/03/2026 07:23:31 PM
6383A,N,O,04/03/2026 06:59:52 PM
6383B,N,O,04/03/2026 09:56:46 AM
6386B,N,O,04/03/2026 01:11:12 PM
6387A,N,O,04/03/2026 04:59:47 PM
6387B,N,O,04/03/2026 06:30:38 PM
6388A,N,O,04/03/2026 01:22:40 PM
6388B,N,O,04/03/2026 09:56:49 AM
6389B,N,O,04/03/2026 09:51:49 PM
6390A,N,O,04/03/2026 09:15:23 PM
6390B,N,V,04/03/2026 09:59:58 PM
6391A,N,O,04/03/2026 09:59:32 AM
6392A,N,V,04/03/2026 01:44:32 PM
6393A,N,O,04/03/2026 08:41:30 PM
6393B,N,O,04/03/2026 09:56:48 AM
6394A,N,O,04/03/2026 05:55:39 PM
6394B,N,O,04/03/2026 04:53:34 PM
6395A,N,O,04/03/2026 10:37:23 AM
6395B,N,O,04/03/2026 11:34:31 AM
6396A,N,O,04/03/2026 09:58:52 AM
6396B,N,O,04/03/2026 07:24:18 PM
6397A,N,O,04/03/2026 06:58:43 PM
6397B,N,O,04/03/2026 07:43:59 PM
6399A,N,O,04/03/2026 10:30:16 AM
63A,N,V,04/03/2026 06:09:13 PM
63B,N,V,04/04/2026 09:40:19 AM
6400A,N,O,04/03/2026 09:08:31 PM
6400B,N,O,04/03/2026 09:01:37 PM
6401A,N,O,04/04/2026 08:58:46 AM
6402A,N,O,04/04/2026 09:36:31 AM
6402B,N,O,04/04/2026 08:58:07 AM
6403A,N,O,04/04/2026 08:56:54 AM
6403B,N,O,04/04/2026 08:56:54 AM
6404A,N,O,04/04/2026 09:38:23 AM
6404B,N,O,04/04/2026 08:58:28 AM
6407A,N,O,04/04/2026 08:57:45 AM
6407B,N,O,04/04/2026 09:31:42 AM
6408A,N,O,04/04/2026 09:32:46 AM
6408B,N,O,04/04/2026 08:56:57 AM
6409A,N,O,04/04/2026 08:55:44 AM
6409B,N,O,04/04/2026 09:44:07 AM
6410A,N,O,04/04/2026 08:59:56 AM
6410B,N,V,04/04/2026 09:48:01 AM
6411A,N,O,04/04/2026 08:58:50 AM
6411B,N,O,04/04/2026 09:34:51 AM
6412A,N,O,04/04/2026 08:57:47 AM
6412B,N,O,04/04/2026 08:57:54 AM
6414B,N,O,04/03/2026 09:58:56 AM
6415A,N,O,04/03/2026 12:06:52 PM
6415B,N,O,04/03/2026 09:59:55 AM
6416A,N,O,04/04/2026 08:58:43 AM
6416B,N,O,04/04/2026 09:20:34 AM
6417A,N,O,04/04/2026 08:57:51 AM
6417B,N,O,04/04/2026 08:57:51 AM
6418A,N,O,04/04/2026 08:56:48 AM
6418B,N,O,04/04/2026 08:56:48 AM
6419A,N,O,04/04/2026 08:55:51 AM
6419B,N,O,04/04/2026 08:55:51 AM
6420A,N,O,04/04/2026 09:00:00 AM
6420B,N,O,04/04/2026 08:59:50 AM
6421A,N,O,04/04/2026 08:58:41 AM
6421B,N,O,04/04/2026 09:50:35 AM
6426A,N,O,04/04/2026 08:58:45 AM
6426B,N,O,04/04/2026 08:58:45 AM
6427A,N,O,04/04/2026 09:50:25 AM
6427B,N,O,04/04/2026 08:57:47 AM
6428A,N,O,04/04/2026 08:56:46 AM
6428B,N,O,04/04/2026 08:56:50 AM
6429A,N,O,04/04/2026 08:55:44 AM
6429B,N,O,04/03/2026 09:57:37 PM
642A,N,O,04/04/2026 09:04:46 AM
642B,N,O,04/04/2026 09:31:10 AM
6430A,N,O,04/04/2026 08:59:49 AM
6430B,N,O,04/03/2026 05:17:42 PM
6431A,N,O,04/04/2026 08:58:53 AM
6431B,N,O,04/04/2026 08:58:53 AM
6432A,N,O,04/04/2026 08:57:57 AM
6432B,N,O,04/04/2026 08:58:11 AM
6433A,N,O,04/04/2026 08:56:50 AM
6433B,N,O,04/04/2026 08:56:50 AM
6434A,N,O,04/04/2026 08:55:47 AM
6434B,N,O,04/04/2026 08:55:47 AM
6435A,N,O,04/04/2026 08:59:46 AM
6435B,N,O,04/04/2026 09:29:39 AM
6436A,N,O,04/04/2026 08:58:43 AM
6436B,N,O,04/04/2026 08:58:43 AM
6439A,N,O,04/03/2026 04:50:15 PM
6439B,N,O,04/04/2026 08:55:49 AM
643A,N,O,04/04/2026 08:56:52 AM
643B,N,O,04/04/2026 08:56:52 AM
6440A,N,O,04/04/2026 08:59:44 AM
6440B,N,O,04/03/2026 05:59:03 PM
6441B,N,O,04/04/2026 08:58:46 AM
6442A,N,O,04/04/2026 08:57:46 AM
6442B,N,O,04/04/2026 09:36:31 AM
6443A,N,O,04/04/2026 08:56:58 AM
6443B,N,O,04/04/2026 08:57:05 AM
6444B,N,O,04/04/2026 08:55:49 AM
6446A,N,O,04/03/2026 08:58:39 AM
6446B,N,O,04/04/2026 08:58:43 AM
6447A,N,O,04/04/2026 08:57:49 AM
6447B,N,O,04/04/2026 08:57:49 AM
6448A,N,O,04/04/2026 08:56:46 AM
6448B,N,O,04/04/2026 08:56:46 AM
6449A,N,O,04/04/2026 08:55:44 AM
6449B,N,O,04/04/2026 08:55:48 AM
6450A,N,O,04/04/2026 08:59:46 AM
6451A,N,O,04/04/2026 08:58:44 AM
6452A,N,O,04/04/2026 08:57:46 AM
6452B,N,V,04/03/2026 09:29:07 PM
6453A,N,V,04/03/2026 09:32:19 PM
6453B,N,O,04/04/2026 08:56:47 AM
6454A,N,O,04/04/2026 09:12:41 AM
6454B,N,O,04/04/2026 08:55:47 AM
6455A,N,O,04/04/2026 09:00:01 AM
6455B,N,O,04/04/2026 09:06:59 AM
6456A,N,O,04/04/2026 08:58:50 AM
6456B,N,O,04/04/2026 09:28:46 AM
6457A,N,O,04/04/2026 08:57:54 AM
6457B,N,O,04/04/2026 09:41:12 AM
6458A,N,O,04/04/2026 08:56:48 AM
6458B,N,O,04/04/2026 09:27:20 AM
6460B,N,O,04/04/2026 08:59:51 AM
6461A,N,O,04/04/2026 08:58:42 AM
6461B,N,O,04/04/2026 08:58:51 AM
6462A,N,O,04/04/2026 08:49:56 AM
6462B,N,O,04/04/2026 09:11:55 AM
6463A,N,O,04/04/2026 08:56:49 AM
6463B,N,O,04/04/2026 08:56:49 AM
6464A,N,O,04/04/2026 09:09:21 AM
6464B,N,O,04/04/2026 08:55:47 AM
6465A,N,O,04/03/2026 06:35:15 PM
6465B,N,O,04/04/2026 08:59:48 AM
6466A,N,O,04/04/2026 08:58:54 AM
6466B,N,O,04/04/2026 09:23:06 AM
6467A,N,O,04/04/2026 08:57:46 AM
6467B,N,O,04/04/2026 09:35:50 AM
6468A,N,O,04/02/2026 05:22:56 PM
6468B,N,O,04/03/2026 04:38:35 PM
6469B,N,O,04/03/2026 07:36:45 PM
6472A,N,V,04/04/2026 09:40:30 AM
6472B,N,O,04/04/2026 08:58:02 AM
6473A,N,O,04/04/2026 08:56:52 AM
6475B,N,O,04/04/2026 09:19:07 AM
6476A,N,O,04/04/2026 08:58:42 AM
6476B,N,O,04/04/2026 09:26:28 AM
6477A,N,O,04/04/2026 08:57:43 AM
6477B,N,O,04/04/2026 09:12:47 AM
6478A,N,O,04/04/2026 09:10:06 AM
6478B,N,O,04/04/2026 09:50:36 AM
6479A,N,O,04/04/2026 08:55:46 AM
6479B,N,O,04/04/2026 08:55:46 AM
6480A,N,O,04/04/2026 09:00:03 AM
6480B,N,V,04/04/2026 09:42:23 AM
6481A,N,O,04/04/2026 09:25:27 AM
6481B,N,V,04/04/2026 09:45:47 AM
6482A,N,O,04/03/2026 08:02:30 PM
6482B,N,O,04/04/2026 08:57:56 AM
6490A,N,O,04/04/2026 09:00:01 AM
6490B,N,O,04/04/2026 08:59:54 AM
6493B,N,O,04/03/2026 09:51:28 PM
6494B,N,O,04/03/2026 07:33:02 PM
6496A,N,O,04/04/2026 08:58:43 AM
6497A,N,O,04/04/2026 08:57:56 AM
6498A,N,O,04/04/2026 08:56:41 AM
6498B,N,O,04/04/2026 08:56:41 AM
6499A,NU,O,04/03/2026 09:43:53 PM
6499B,NU,V,04/03/2026 09:24:18 PM
64A,N,V,04/04/2026 09:40:23 AM
64B,N,V,04/04/2026 09:51:30 AM
6500A,N,O,04/04/2026 09:49:30 AM
6500B,N,V,04/04/2026 09:51:29 AM
6501A,N,V,04/04/2026 09:41:04 AM
6501B,N,O,04/03/2026 06:49:46 PM
6502A,N,O,04/04/2026 08:57:48 AM
6502B,N,V,04/04/2026 09:43:17 AM
6503A,N,O,04/04/2026 08:56:49 AM
6506A,N,O,04/03/2026 08:28:44 PM
6507B,N,O,04/03/2026 08:59:47 PM
6508B,N,V,04/03/2026 09:03:06 PM
6520A,N,V,04/04/2026 09:00:15 AM
6520B,N,V,04/04/2026 09:51:31 AM
6521A,N,V,04/04/2026 09:24:35 AM
6521B,N,V,04/04/2026 09:32:55 AM
6522A,N,V,04/04/2026 09:23:03 AM
6522B,N,V,04/03/2026 09:37:20 PM
6523A,N,V,04/03/2026 08:23:03 PM
6523B,N,V,04/04/2026 09:22:39 AM
6524A,N,O,04/03/2026 09:38:28 PM
6524B,N,V,04/03/2026 09:39:53 PM
6525A,N,O,04/03/2026 07:05:10 PM
6525B,N,V,04/03/2026 09:36:16 PM
6526A,N,V,04/03/2026 07:21:31 PM
6526B,N,V,04/03/2026 08:16:25 PM
6538A,N,O,04/03/2026 04:55:13 PM
6538B,N,O,04/03/2026 09:07:03 PM
6539A,N,O,04/03/2026 08:53:41 PM
6539B,N,O,04/04/2026 09:35:37 AM
6540A,N,O,04/04/2026 08:59:47 AM
6540B,N,O,04/04/2026 09:48:02 AM
6543A,N,O,04/04/2026 08:56:49 AM
6543B,N,O,04/03/2026 10:24:20 AM
6544A,N,O,04/04/2026 09:42:51 AM
6544B,N,O,04/04/2026 08:55:49 AM
6545A,NU,V,04/03/2026 02:01:38 PM
6545B,NU,O,04/03/2026 02:05:28 PM
6546A,N,V,04/04/2026 09:27:09 AM
6546B,N,O,04/04/2026 08:58:39 AM
6547A,N,V,04/04/2026 09:47:33 AM
6547B,N,V,04/04/2026 09:39:08 AM
6548A,N,V,04/04/2026 09:44:33 AM
6548B,N,V,04/04/2026 09:45:04 AM
6549A,N,O,04/04/2026 08:55:52 AM
6549B,N,O,04/04/2026 09:36:13 AM
6550A,N,O,04/04/2026 09:51:13 AM
6550B,N,O,04/04/2026 08:59:43 AM
6551A,N,O,04/04/2026 09:42:17 AM
6551B,N,O,04/04/2026 09:51:36 AM
6552A,N,V,04/04/2026 09:46:42 AM
6552B,N,O,04/04/2026 09:10:58 AM
6553B,N,O,04/04/2026 08:56:42 AM
6556A,N,O,04/03/2026 04:53:40 PM
6556B,N,V,04/03/2026 09:53:05 PM
6557A,N,V,04/03/2026 09:56:48 PM
6557B,N,V,04/03/2026 09:47:26 PM
6558A,N,O,04/03/2026 09:22:13 PM
6558B,N,V,04/03/2026 09:58:55 PM
6559A,N,O,04/03/2026 07:55:01 PM
6559B,N,V,04/03/2026 09:45:45 PM
6560A,N,O,04/03/2026 08:48:59 PM
6560B,N,O,04/03/2026 08:57:27 PM
6561A,N,V,04/03/2026 09:46:48 PM
6561B,N,O,04/03/2026 02:54:03 PM
6562A,N,O,04/03/2026 09:11:52 PM
6562B,N,O,04/03/2026 08:17:19 PM
6563A,N,V,04/03/2026 09:43:55 PM
6563B,N,V,04/03/2026 09:31:05 PM
6564B,N,O,04/03/2026 09:32:25 PM
6567B,N,O,04/04/2026 08:57:47 AM
6568A,NU,O,04/03/2026 01:20:44 PM
6568B,NU,O,04/03/2026 03:25:03 PM
6569A,N,O,04/04/2026 09:38:29 AM
6569B,N,O,04/04/2026 09:44:28 AM
6573A,N,O,04/04/2026 09:49:03 AM
6573B,N,O,04/04/2026 09:47:54 AM
6584A,N,O,04/04/2026 08:55:51 AM
6584B,N,V,04/04/2026 09:15:44 AM
6585A,N,O,04/04/2026 08:59:52 AM
6586A,N,O,04/03/2026 09:40:47 PM
6587A,N,O,04/03/2026 06:42:21 PM
6587B,N,O,04/04/2026 08:57:43 AM
6590A,N,V,04/03/2026 09:36:25 PM
6590B,N,O,04/04/2026 08:59:47 AM
6592A,N,O,04/04/2026 09:47:34 AM
6592B,N,O,04/04/2026 08:57:46 AM
6594A,N,O,04/04/2026 08:55:47 AM
6594B,N,O,04/04/2026 08:55:51 AM
6595A,N,O,04/04/2026 08:59:46 AM
6595B,N,O,04/04/2026 08:59:46 AM
6596A,N,O,04/04/2026 08:58:53 AM
6596B,N,V,04/04/2026 09:47:21 AM
6597A,N,V,04/04/2026 09:51:32 AM
6597B,N,O,04/03/2026 09:59:54 PM
6598A,N,O,04/04/2026 09:46:19 AM
6598B,N,V,04/04/2026 09:45:40 AM
65A,N,V,04/03/2026 09:38:23 PM
6600A,N,O,04/04/2026 08:59:40 AM
6601A,N,O,04/04/2026 08:58:44 AM
6601B,N,O,04/04/2026 08:58:44 AM
6602A,N,O,04/04/2026 09:50:30 AM
6602B,N,O,04/04/2026 08:57:39 AM
6603A,N,O,04/04/2026 09:17:43 AM
6603B,N,O,04/04/2026 08:56:51 AM
6604A,N,O,04/04/2026 08:55:47 AM
6604B,N,O,04/04/2026 08:55:47 AM
6605A,N,O,04/04/2026 08:59:53 AM
6605B,N,O,04/04/2026 09:25:50 AM
6606A,N,O,04/04/2026 09:34:33 AM
6606B,N,O,04/04/2026 09:25:43 AM
6607A,N,O,04/04/2026 09:47:51 AM
6607B,N,O,04/03/2026 09:58:08 PM
6608A,N,V,04/04/2026 09:47:14 AM
6608B,N,V,04/04/2026 09:46:44 AM
6609A,N,O,04/04/2026 08:55:52 AM
6609B,N,O,04/03/2026 07:53:10 PM
6610A,N,O,04/04/2026 08:59:50 AM
6610B,N,O,04/04/2026 08:59:50 AM
6611A,N,O,04/04/2026 08:58:50 AM
6611B,N,O,04/04/2026 08:58:50 AM
6617A,N,O,04/04/2026 08:57:44 AM
6617B,N,O,04/04/2026 08:57:44 AM
6618A,N,O,04/03/2026 08:56:53 AM
6618B,N,O,04/04/2026 08:56:44 AM
6619A,N,O,04/04/2026 09:40:18 AM
6619B,N,O,04/04/2026 08:55:45 AM
6620A,N,O,04/04/2026 09:30:42 AM
6620B,N,V,04/04/2026 09:47:53 AM
6621A,N,O,04/04/2026 08:59:39 AM
6621B,N,O,04/04/2026 09:00:03 AM
6622A,N,O,04/04/2026 08:58:03 AM
6622B,N,V,04/04/2026 09:26:44 AM
6623A,N,O,04/04/2026 09:42:25 AM
6623B,N,O,04/04/2026 09:43:56 AM
6624A,N,V,04/04/2026 09:43:18 AM
6624B,N,O,04/04/2026 08:55:44 AM
6625A,N,O,04/04/2026 09:06:31 AM
6625B,N,O,04/03/2026 08:57:10 PM
6626A,N,O,04/04/2026 09:39:24 AM
6626B,N,O,04/04/2026 09:46:11 AM
6627A,N,O,04/04/2026 09:37:45 AM
6627B,N,V,04/04/2026 09:48:18 AM
6628A,N,O,04/04/2026 09:01:58 AM
6628B,N,O,04/03/2026 03:10:37 PM
6629A,N,O,04/04/2026 09:50:33 AM
6629B,N,V,04/04/2026 09:20:58 AM
6635A,N,O,04/04/2026 08:59:40 AM
6635B,N,O,04/04/2026 09:28:19 AM
6636A,N,V,04/04/2026 09:51:29 AM
6636B,N,O,04/04/2026 08:58:44 AM
6637A,N,O,04/04/2026 09:43:41 AM
6637B,N,V,04/04/2026 09:51:39 AM
6638A,N,O,04/04/2026 09:49:57 AM
6640A,N,V,04/04/2026 09:51:30 AM
6640B,N,V,04/04/2026 09:51:43 AM
6641A,N,V,04/04/2026 09:50:52 AM
6641B,N,O,04/04/2026 09:37:08 AM
6642A,N,O,04/04/2026 09:51:39 AM
6643A,N,O,04/04/2026 09:48:21 AM
6643B,N,V,04/04/2026 09:39:33 AM
6644A,N,O,04/04/2026 09:51:14 AM
6646A,N,O,04/04/2026 08:59:35 AM
6646B,N,V,04/04/2026 09:29:04 AM
6647A,N,O,04/03/2026 07:19:05 PM
6647B,N,V,04/04/2026 09:00:29 AM
6648B,N,O,04/04/2026 09:05:56 AM
6649A,N,O,04/04/2026 09:13:29 AM
6649B,N,O,04/04/2026 09:51:38 AM
6650A,N,V,04/04/2026 09:51:20 AM
6650B,N,V,04/03/2026 08:03:05 PM
6651A,N,V,04/04/2026 09:50:09 AM
6651B,N,V,04/04/2026 09:44:34 AM
6653A,N,O,04/04/2026 09:50:07 AM
6653B,N,O,04/04/2026 09:50:50 AM
6654A,N,V,04/03/2026 08:43:18 PM
6654B,N,V,04/04/2026 09:29:03 AM
6655A,N,O,04/04/2026 09:27:13 AM
6656A,N,O,04/04/2026 09:51:40 AM
6656B,N,V,04/04/2026 09:12:25 AM
6657A,N,O,04/04/2026 09:49:51 AM
6658A,N,O,01/27/2026 09:42:47 PM
6659A,N,V,04/04/2026 09:44:42 AM
6660B,N,O,04/04/2026 09:29:53 AM
6661A,N,O,04/04/2026 08:58:40 AM
6670A,N,O,04/04/2026 09:04:50 AM
6671A,N,O,04/04/2026 09:48:05 AM
6671B,N,V,04/04/2026 09:34:55 AM
6672A,N,O,04/04/2026 08:57:43 AM
6672B,N,V,04/04/2026 09:36:08 AM
6673A,N,V,04/04/2026 09:37:55 AM
6673B,N,O,04/04/2026 08:56:43 AM
6674A,N,O,04/04/2026 08:55:45 AM
6674B,N,O,04/04/2026 08:55:45 AM
6680A,N,O,04/04/2026 08:59:44 AM
6680B,N,V,04/04/2026 09:49:06 AM
6681A,N,V,04/04/2026 09:47:01 AM
6686A,N,O,04/04/2026 08:58:47 AM
6686B,N,O,04/04/2026 09:22:52 AM
6687A,N,O,04/04/2026 09:50:35 AM
6687B,N,V,04/04/2026 09:51:32 AM
6688A,N,O,04/04/2026 09:40:25 AM
6688B,N,O,04/04/2026 09:51:00 AM
6689A,N,O,04/04/2026 09:50:19 AM
6689B,N,O,04/04/2026 09:50:08 AM
6690A,N,O,04/04/2026 08:59:46 AM
6690B,N,O,04/04/2026 08:59:46 AM
6691A,N,O,04/04/2026 08:58:50 AM
6692A,N,V,04/04/2026 09:50:45 AM
6692B,N,V,04/04/2026 09:48:30 AM
6694A,N,O,04/04/2026 08:55:52 AM
6694B,N,O,04/04/2026 08:55:52 AM
6695A,N,O,04/04/2026 09:16:34 AM
6695B,N,O,04/04/2026 08:59:55 AM
6696A,N,O,04/04/2026 09:46:44 AM
6696B,N,O,04/04/2026 09:33:41 AM
6697B,N,O,04/04/2026 08:57:58 AM
6698A,N,O,04/04/2026 08:56:52 AM
6698B,N,V,04/04/2026 09:36:55 AM
6699A,N,O,04/04/2026 08:55:45 AM
6699B,N,O,04/04/2026 08:56:36 AM
66A,N,O,04/04/2026 09:28:24 AM
66B,N,O,04/04/2026 09:26:18 AM
6700A,N,O,04/04/2026 08:59:47 AM
6700B,N,V,04/04/2026 09:06:39 AM
6701A,N,O,04/04/2026 08:58:44 AM
6701B,N,O,04/04/2026 08:58:44 AM
6702A,N,V,04/04/2026 09:38:16 AM
6704A,N,O,04/04/2026 09:44:06 AM
6704B,N,V,04/04/2026 09:08:37 AM
6705A,N,V,04/04/2026 09:51:43 AM
6705B,N,V,04/04/2026 09:45:22 AM
6706A,N,V,04/04/2026 09:42:50 AM
6706B,N,V,04/04/2026 09:50:14 AM
6707A,N,O,04/04/2026 08:57:44 AM
6707B,N,O,04/04/2026 09:43:53 AM
6710A,N,O,04/04/2026 08:59:50 AM
6710B,N,V,04/04/2026 09:48:02 AM
6711A,N,O,04/04/2026 08:58:51 AM
6711B,N,O,04/04/2026 08:58:51 AM
6712A,N,O,04/04/2026 08:58:39 AM
6712B,N,O,04/04/2026 08:58:31 AM
6713A,N,O,04/04/2026 09:09:05 AM
6713B,N,O,04/04/2026 09:45:04 AM
6714B,N,O,04/04/2026 09:51:36 AM
6715A,N,O,04/04/2026 09:17:39 AM
6715B,N,O,04/04/2026 08:59:43 AM
6716A,N,O,04/04/2026 09:41:40 AM
6716B,N,O,04/04/2026 08:58:45 AM
6717B,N,O,04/04/2026 08:57:54 AM
6718A,N,O,04/04/2026 08:56:52 AM
6720A,N,V,04/04/2026 09:51:40 AM
6721A,N,O,04/04/2026 08:58:50 AM
6721B,N,O,04/04/2026 08:58:50 AM
6722A,N,O,04/04/2026 09:35:34 AM
6722B,N,O,04/04/2026 09:48:34 AM
6723A,N,O,04/04/2026 08:56:55 AM
6723B,N,V,04/04/2026 09:47:25 AM
6726B,N,O,04/04/2026 08:58:54 AM
6727B,N,O,04/04/2026 08:57:44 AM
6728A,N,O,04/03/2026 10:02:56 AM
6728B,N,O,04/04/2026 08:56:47 AM
672A,N,O,04/04/2026 09:06:45 AM
672B,N,O,04/04/2026 08:57:51 AM
6730A,N,O,04/04/2026 08:59:52 AM
6730B,N,V,04/04/2026 09:20:51 AM
6731A,N,V,04/04/2026 09:45:06 AM
6731B,N,O,04/04/2026 09:26:36 AM
6734A,N,O,04/04/2026 09:44:02 AM
6734B,N,V,04/04/2026 09:51:12 AM
6735A,N,O,04/04/2026 08:59:54 AM
6735B,N,O,04/03/2026 08:31:20 PM
6736A,N,V,04/04/2026 09:37:59 AM
6736B,N,O,04/04/2026 08:58:43 AM
6737B,N,O,04/03/2026 08:40:05 PM
6738A,N,V,04/04/2026 09:41:47 AM
6738B,N,V,04/04/2026 09:51:39 AM
6739A,N,O,04/04/2026 09:42:08 AM
6739B,N,O,04/04/2026 08:55:49 AM
673A,N,V,04/04/2026 09:40:14 AM
673B,N,O,04/04/2026 08:56:46 AM
6741A,N,O,04/04/2026 08:58:48 AM
6741B,N,O,04/04/2026 08:58:48 AM
6742A,N,O,04/04/2026 09:45:34 AM
6742B,N,V,04/04/2026 09:46:09 AM
6743A,N,O,04/04/2026 08:56:42 AM
6743B,N,O,04/04/2026 08:56:42 AM
6744A,N,O,04/04/2026 08:55:55 AM
6744B,N,O,04/03/2026 08:55:43 AM
6745A,N,O,04/04/2026 08:59:52 AM
6745B,N,O,04/04/2026 09:08:07 AM
6746A,N,O,04/04/2026 09:17:28 AM
6746B,N,O,04/04/2026 09:39:51 AM
6747A,N,V,04/04/2026 09:37:08 AM
6747B,N,O,04/04/2026 08:57:44 AM
6748A,N,V,04/04/2026 09:46:59 AM
6748B,N,O,04/04/2026 09:32:17 AM
6749A,N,V,04/04/2026 09:50:45 AM
6749B,N,V,04/04/2026 09:50:17 AM
674A,N,O,04/04/2026 08:55:45 AM
674B,N,O,04/04/2026 09:26:48 AM
6750A,N,O,04/04/2026 09:42:58 AM
6750B,N,O,04/04/2026 09:27:16 AM
6751A,N,O,04/04/2026 08:58:50 AM
6751B,N,V,04/04/2026 09:40:55 AM
6752A,N,V,04/04/2026 09:46:39 AM
6752B,N,O,04/04/2026 08:57:38 AM
6754A,N,O,04/04/2026 09:24:38 AM
6754B,N,O,04/04/2026 09:50:36 AM
6755A,N,V,04/04/2026 09:50:27 AM
6755B,N,O,04/04/2026 09:44:47 AM
6756B,N,O,04/04/2026 09:15:00 AM
6757A,N,O,04/04/2026 08:57:55 AM
6757B,N,O,04/04/2026 09:32:11 AM
6758A,N,O,04/04/2026 08:56:50 AM
6758B,N,O,04/04/2026 09:51:19 AM
675A,N,O,04/04/2026 08:59:55 AM
675B,N,O,04/04/2026 08:59:55 AM
6761A,N,O,04/04/2026 08:58:48 AM
6761B,N,O,04/04/2026 08:58:48 AM
6762A,N,O,04/04/2026 09:23:59 AM
6762B,N,O,04/04/2026 09:25:53 AM
6763A,N,O,04/04/2026 09:19:52 AM
6763B,N,O,04/04/2026 09:18:20 AM
6764A,N,O,04/04/2026 09:16:33 AM
6764B,N,O,04/04/2026 09:17:59 AM
6766A,N,O,04/04/2026 09:37:47 AM
6766B,N,O,04/04/2026 08:58:46 AM
6767A,N,V,04/04/2026 09:51:25 AM
6767B,N,O,04/04/2026 09:48:53 AM
6768A,N,O,04/04/2026 09:32:35 AM
6768B,N,O,04/04/2026 09:34:27 AM
6769A,N,O,04/04/2026 08:55:39 AM
6769B,N,O,04/04/2026 09:13:26 AM
676B,N,O,04/04/2026 08:58:50 AM
6770A,N,O,04/04/2026 09:03:30 AM
6770B,N,O,04/04/2026 09:20:29 AM
6777A,N,O,04/03/2026 08:15:37 PM
6777B,N,O,04/03/2026 09:17:02 PM
6778A,N,O,04/03/2026 07:51:48 PM
6778B,N,O,04/03/2026 09:40:54 PM
6779A,N,V,04/03/2026 09:47:42 PM
6779B,N,O,04/03/2026 09:22:04 PM
677A,N,V,04/04/2026 09:50:00 AM
677B,N,V,04/03/2026 09:55:06 PM
6780A,N,O,04/03/2026 09:18:16 PM
6780B,N,V,04/03/2026 09:50:58 PM
6781A,N,O,04/03/2026 07:59:06 PM
6781B,N,O,04/03/2026 08:55:59 PM
6782A,N,V,04/03/2026 09:57:02 PM
6782B,N,O,04/03/2026 09:23:18 PM
6783A,N,O,04/03/2026 09:36:29 PM
6783B,N,O,04/03/2026 07:53:38 PM
6784A,N,O,04/03/2026 09:22:57 PM
6784B,N,O,04/03/2026 09:18:38 PM
6785A,N,O,04/03/2026 08:18:33 PM
6785B,N,O,04/03/2026 07:27:38 PM
6786A,N,O,04/03/2026 07:42:32 PM
6786B,N,O,04/03/2026 08:38:57 PM
678A,N,V,04/04/2026 09:46:21 AM
678B,N,V,04/03/2026 06:38:56 PM
6792A,N,V,04/04/2026 09:38:22 AM
6792B,N,O,04/04/2026 08:57:53 AM
6794A,N,O,04/04/2026 08:55:51 AM
6794B,N,O,04/04/2026 09:46:42 AM
6795A,N,O,04/04/2026 09:19:44 AM
6795B,N,O,04/04/2026 09:05:10 AM
6796A,N,O,04/04/2026 08:58:40 AM
6796B,N,O,04/04/2026 09:38:04 AM
6797A,N,O,04/04/2026 09:06:24 AM
6797B,N,O,04/03/2026 08:57:51 AM
6798A,N,O,04/04/2026 08:56:49 AM
6798B,N,O,04/03/2026 02:20:43 PM
679A,N,O,04/04/2026 08:57:37 AM
679B,N,V,04/03/2026 08:12:02 PM
67A,N,V,04/04/2026 09:49:53 AM
6800A,N,O,04/04/2026 08:59:47 AM
6800B,N,O,04/03/2026 08:59:42 AM
6801A,N,O,04/04/2026 08:58:52 AM
6801B,N,O,04/04/2026 08:58:52 AM
6804A,N,O,01/17/2026 04:50:47 PM
6804B,N,O,04/04/2026 08:55:44 AM
6805A,N,O,04/04/2026 09:46:20 AM
6805B,N,O,04/04/2026 09:30:11 AM
6806A,N,O,04/04/2026 08:58:42 AM
6806B,N,O,04/04/2026 09:46:40 AM
6807A,N,O,04/04/2026 08:57:48 AM
6807B,N,O,04/04/2026 08:57:48 AM
6808A,N,O,04/04/2026 08:56:46 AM
6808B,N,O,04/04/2026 09:30:25 AM
6809A,N,O,04/04/2026 08:55:46 AM
6809B,N,O,04/04/2026 08:55:46 AM
680A,N,O,04/04/2026 08:59:47 AM
680B,N,O,04/04/2026 09:26:30 AM
6810A,N,O,04/04/2026 09:27:53 AM
6810B,N,O,04/04/2026 09:26:05 AM
6811A,N,O,04/04/2026 09:51:04 AM
6811B,N,O,04/04/2026 08:58:47 AM
6812B,N,O,04/03/2026 09:25:33 PM
6813A,N,V,04/03/2026 09:59:40 PM
6813B,N,O,04/03/2026 10:28:17 AM
6814B,N,O,04/03/2026 09:47:19 PM
6815A,N,V,04/03/2026 07:59:18 PM
6815B,N,V,04/03/2026 09:37:45 PM
681A,N,V,04/04/2026 09:41:47 AM
681B,N,O,04/03/2026 08:41:50 PM
6820A,N,V,04/03/2026 09:50:21 PM
6820B,N,O,04/03/2026 07:46:59 PM
6822A,N,O,04/04/2026 08:57:53 AM
6822B,N,O,04/04/2026 08:57:50 AM
6823A,N,O,04/04/2026 08:56:52 AM
6823B,N,O,04/04/2026 08:56:52 AM
6824A,N,O,04/04/2026 09:38:28 AM
6824B,N,O,04/04/2026 09:32:49 AM
6825A,N,O,04/04/2026 09:40:32 AM
6825B,N,O,04/04/2026 08:59:50 AM
6826A,N,O,04/04/2026 08:58:47 AM
6828A,N,O,04/04/2026 08:56:42 AM
6828B,N,O,04/04/2026 08:56:42 AM
6829A,N,O,04/04/2026 09:44:29 AM
6829B,N,O,04/04/2026 09:44:33 AM
682A,N,V,04/04/2026 09:46:58 AM
682B,N,V,04/03/2026 08:48:40 PM
6830A,N,O,04/04/2026 09:26:24 AM
6830B,N,O,04/04/2026 09:47:45 AM
6831A,N,V,04/04/2026 09:34:56 AM
6831B,N,V,04/04/2026 09:26:15 AM
6832A,N,O,04/04/2026 08:57:48 AM
6832B,N,V,04/04/2026 09:45:18 AM
6833A,N,O,04/04/2026 09:49:48 AM
6833B,N,O,04/04/2026 09:40:43 AM
6834A,N,O,04/04/2026 08:55:40 AM
6834B,N,O,04/04/2026 09:49:30 AM
6835A,N,O,04/04/2026 08:59:45 AM
6835B,N,V,04/04/2026 09:44:21 AM
6836A,N,O,04/04/2026 08:58:51 AM
6836B,N,O,04/04/2026 08:58:51 AM
6838A,N,O,04/04/2026 09:37:19 AM
6838B,N,O,04/04/2026 09:41:04 AM
6839A,N,O,04/04/2026 08:55:53 AM
6839B,N,O,04/04/2026 08:56:13 AM
683A,N,O,04/04/2026 09:24:57 AM
683B,N,V,04/04/2026 09:40:08 AM
6840A,N,O,04/04/2026 08:59:53 AM
6840B,N,O,04/04/2026 08:59:53 AM
6841A,N,O,04/04/2026 08:58:50 AM
6841B,N,O,04/04/2026 09:04:04 AM
6842A,N,O,04/04/2026 08:57:44 AM
6842B,N,O,04/04/2026 08:57:48 AM
6843A,N,O,04/04/2026 09:24:18 AM
6843B,N,O,04/04/2026 08:56:45 AM
684A,N,O,04/04/2026 09:48:41 AM
684B,N,O,04/04/2026 08:55:47 AM
685A,N,O,04/04/2026 08:59:45 AM
685B,N,O,04/04/2026 08:59:45 AM
6861A,N,O,04/04/2026 08:58:52 AM
6861B,N,O,04/04/2026 08:58:52 AM
6862A,N,O,04/04/2026 08:57:46 AM
6862B,N,O,04/04/2026 08:57:56 AM
6863A,N,O,04/04/2026 08:56:48 AM
6863B,N,O,04/04/2026 09:49:04 AM
6864A,N,O,04/04/2026 08:57:19 AM
6864B,N,O,04/04/2026 09:01:31 AM
6865A,N,O,04/04/2026 09:00:04 AM
6865B,N,O,04/04/2026 09:33:34 AM
6866A,N,O,04/04/2026 08:59:43 AM
6866B,N,O,04/04/2026 09:49:57 AM
6867A,N,O,04/04/2026 08:57:50 AM
6867B,N,O,04/04/2026 08:57:57 AM
6868A,N,O,04/04/2026 08:56:45 AM
6868B,N,O,04/04/2026 08:56:41 AM
6869A,N,O,04/04/2026 09:19:50 AM
6869B,N,O,04/04/2026 08:55:46 AM
686A,N,O,04/04/2026 08:58:45 AM
686B,N,O,04/04/2026 08:58:45 AM
6870A,N,O,04/04/2026 09:25:23 AM
6870B,N,O,04/04/2026 08:59:47 AM
6871A,N,O,04/04/2026 08:58:51 AM
6871B,N,O,04/04/2026 09:27:07 AM
687A,N,O,04/04/2026 09:16:03 AM
687B,N,O,04/04/2026 09:16:23 AM
6881A,N,V,04/03/2026 09:49:29 PM
6881B,N,V,04/03/2026 09:49:20 PM
6882A,N,V,04/03/2026 09:57:26 PM
6882B,N,O,04/03/2026 08:31:41 PM
6883A,N,V,04/03/2026 09:37:18 PM
6884A,N,O,04/03/2026 09:55:47 AM
6884B,N,O,03/30/2026 07:55:49 AM
6885A,N,V,04/03/2026 09:51:10 PM
6885B,N,O,04/03/2026 06:46:30 PM
6886B,N,O,04/03/2026 03:47:36 PM
6888A,N,O,04/04/2026 08:56:46 AM
6888B,N,O,04/04/2026 08:56:46 AM
6889A,N,O,04/04/2026 09:46:19 AM
6889B,N,O,04/04/2026 09:46:58 AM
688A,N,O,04/04/2026 08:56:58 AM
688B,N,O,04/04/2026 08:56:50 AM
6890A,NU,O,04/04/2026 08:59:50 AM
6890B,NU,O,04/04/2026 08:59:50 AM
6891A,N,V,04/03/2026 06:07:02 PM
6891B,N,O,04/03/2026 06:42:11 PM
6892A,N,V,04/03/2026 09:47:17 PM
689A,N,O,04/04/2026 08:55:46 AM
689B,N,O,04/04/2026 09:05:09 AM
690A,N,V,04/03/2026 09:43:22 PM
690B,N,V,04/03/2026 06:03:26 PM
6918A,N,O,04/04/2026 09:23:16 AM
6918B,N,O,04/04/2026 08:56:50 AM
6919A,N,O,04/04/2026 09:01:27 AM
6919B,N,O,04/04/2026 08:55:47 AM
691A,N,O,04/04/2026 08:58:51 AM
691B,N,O,04/04/2026 09:40:57 AM
6920A,N,O,04/04/2026 09:11:37 AM
6920B,N,O,04/04/2026 09:49:08 AM
6921A,N,V,04/04/2026 09:51:02 AM
6921B,N,O,04/04/2026 09:44:29 AM
6922A,N,O,04/04/2026 09:51:25 AM
6922B,N,O,04/04/2026 08:57:42 AM
6923A,N,V,04/04/2026 09:50:58 AM
6923B,N,V,04/04/2026 09:50:13 AM
6924B,N,O,04/04/2026 08:55:48 AM
692A,N,O,04/04/2026 08:57:53 AM
692B,N,O,04/04/2026 08:58:10 AM
6930B,N,O,04/04/2026 08:59:47 AM
6931A,N,O,04/04/2026 08:58:48 AM
6931B,N,O,04/04/2026 08:58:56 AM
6932A,N,O,04/04/2026 08:57:50 AM
6932B,N,O,04/04/2026 08:57:50 AM
6933A,N,O,04/04/2026 09:35:58 AM
6933B,N,O,04/04/2026 08:56:49 AM
6934A,N,O,04/04/2026 08:55:49 AM
6934B,N,O,04/04/2026 08:55:45 AM
6935A,N,V,04/04/2026 09:46:45 AM
6935B,N,O,04/04/2026 08:59:51 AM
6936A,N,O,04/04/2026 08:58:44 AM
6936B,N,O,04/04/2026 08:59:01 AM
6937A,N,O,04/04/2026 08:57:43 AM
6937B,N,O,04/04/2026 08:58:10 AM
6938A,N,O,04/04/2026 08:56:49 AM
6939A,N,O,04/04/2026 08:55:52 AM
6939B,N,O,04/04/2026 09:34:02 AM
693A,N,V,04/04/2026 09:47:19 AM
693B,N,O,04/04/2026 08:56:48 AM
6940A,N,V,04/04/2026 09:34:31 AM
6940B,N,O,04/04/2026 08:59:44 AM
6941A,N,V,04/04/2026 09:39:03 AM
6941B,N,V,04/04/2026 09:51:20 AM
6942A,N,O,04/03/2026 06:09:54 PM
6942B,N,O,04/04/2026 08:57:45 AM
6943A,N,O,04/04/2026 08:56:44 AM
6943B,N,O,04/03/2026 02:42:46 PM
6944A,N,O,04/04/2026 09:41:01 AM
6945A,N,O,04/04/2026 08:59:47 AM
6945B,N,V,04/04/2026 09:12:01 AM
6946A,N,V,04/04/2026 09:51:38 AM
6946B,N,O,04/04/2026 09:51:27 AM
6947A,N,O,04/04/2026 08:57:53 AM
6947B,N,O,04/04/2026 08:57:57 AM
6948A,N,V,04/04/2026 09:51:40 AM
6948B,N,O,04/03/2026 08:56:51 AM
6949A,N,O,04/04/2026 08:55:53 AM
6949B,N,V,04/03/2026 09:48:19 PM
694A,N,O,04/04/2026 08:55:51 AM
694B,N,V,04/04/2026 09:43:00 AM
6950A,N,O,04/03/2026 08:35:59 PM
6950B,N,V,04/03/2026 09:52:39 PM
6951A,N,V,04/03/2026 09:56:58 PM
6951B,N,O,04/03/2026 09:11:50 PM
6952A,N,O,04/04/2026 08:57:50 AM
6954A,N,O,04/04/2026 09:51:43 AM
6954B,N,O,04/03/2026 09:35:30 PM
6955A,N,V,04/03/2026 09:42:06 PM
6955B,N,V,04/04/2026 09:47:35 AM
6956A,N,V,04/04/2026 09:20:12 AM
6956B,N,V,04/04/2026 09:06:08 AM
6957A,N,V,04/03/2026 04:48:24 PM
6957B,N,O,04/04/2026 08:57:56 AM
6958A,N,O,04/04/2026 09:30:10 AM
6958B,N,O,04/04/2026 08:56:43 AM
6959A,N,V,04/03/2026 09:59:29 PM
6959B,N,O,04/03/2026 09:55:46 AM
695A,N,V,04/04/2026 09:12:26 AM
695B,N,O,04/04/2026 09:51:40 AM
696A,N,O,04/04/2026 08:58:53 AM
696B,N,O,04/04/2026 08:58:53 AM
697A,N,O,04/04/2026 08:57:43 AM
697B,N,O,04/04/2026 09:12:22 AM
6980B,N,O,04/04/2026 08:59:48 AM
6981A,N,O,04/04/2026 08:58:52 AM
6981B,N,V,04/04/2026 09:33:34 AM
6984A,N,V,04/04/2026 09:32:43 AM
6984B,N,O,04/04/2026 08:55:49 AM
6985A,N,V,04/04/2026 09:31:02 AM
6985B,N,O,04/04/2026 08:59:40 AM
6986A,N,O,04/04/2026 08:58:46 AM
698A,N,O,04/04/2026 08:56:50 AM
698B,N,V,04/04/2026 09:51:11 AM
699A,N,O,04/04/2026 09:43:57 AM
699B,N,V,04/04/2026 09:50:25 AM
6B,N,V,04/04/2026 09:49:51 AM
7009A,N,O,04/04/2026 08:55:43 AM
7009B,N,O,04/04/2026 08:55:43 AM
700B,N,V,01/12/2026 11:56:44 PM
7010A,N,V,04/04/2026 09:49:51 AM
7010B,N,O,04/04/2026 09:42:17 AM
7011A,N,O,04/04/2026 09:29:34 AM
7011B,N,O,04/04/2026 08:58:50 AM
7012A,N,O,04/04/2026 08:57:40 AM
7012B,N,O,04/04/2026 08:57:40 AM
7013A,N,O,04/04/2026 09:33:39 AM
7013B,N,O,04/04/2026 09:01:21 AM
7014A,N,O,04/04/2026 08:55:52 AM
7014B,N,O,04/04/2026 08:55:52 AM
701A,N,O,04/04/2026 08:58:46 AM
702A,N,O,04/04/2026 09:16:01 AM
702B,N,V,04/04/2026 09:51:39 AM
7032A,N,O,04/04/2026 09:36:40 AM
7033A,N,V,04/04/2026 09:49:07 AM
7033B,N,O,04/04/2026 08:56:54 AM
7034B,N,O,04/04/2026 08:55:53 AM
703A,N,O,04/04/2026 08:56:49 AM
703B,N,O,04/04/2026 08:56:49 AM
7043A,N,O,04/04/2026 08:56:47 AM
7044A,N,O,04/04/2026 09:00:10 AM
7044B,N,O,04/04/2026 08:55:45 AM
7045A,N,O,04/04/2026 09:00:53 AM
7045B,N,O,04/04/2026 09:41:02 AM
7046A,N,O,04/04/2026 08:58:57 AM
7046B,N,O,04/04/2026 08:58:41 AM
7047A,N,O,04/04/2026 08:57:46 AM
7047B,N,O,04/04/2026 09:28:30 AM
7048A,N,O,04/04/2026 09:33:24 AM
7048B,N,O,04/04/2026 09:19:55 AM
7049A,N,O,04/04/2026 08:55:40 AM
7049B,N,O,04/04/2026 08:55:40 AM
7050A,N,V,04/04/2026 09:46:37 AM
7050B,N,O,04/04/2026 09:31:54 AM
7051A,N,O,04/04/2026 08:58:46 AM
7051B,N,V,04/04/2026 09:51:36 AM
7052A,N,O,04/04/2026 09:27:07 AM
7052B,N,O,04/04/2026 09:19:38 AM
7053A,N,O,04/04/2026 08:56:51 AM
7053B,N,O,04/04/2026 08:56:51 AM
7054A,N,O,04/04/2026 08:55:42 AM
7054B,N,O,04/04/2026 08:55:42 AM
7055A,N,O,04/04/2026 08:59:44 AM
7055B,N,O,04/04/2026 09:26:58 AM
7056A,N,O,04/04/2026 09:24:58 AM
7056B,N,V,04/04/2026 09:49:25 AM
7057A,N,V,04/04/2026 09:35:32 AM
7057B,N,V,04/03/2026 06:08:02 PM
7067A,N,O,04/04/2026 08:57:48 AM
7067B,N,O,04/04/2026 09:24:37 AM
7068A,N,O,04/04/2026 08:56:40 AM
7068B,N,O,04/04/2026 09:43:48 AM
7069A,N,O,04/04/2026 09:43:24 AM
7069B,N,O,04/04/2026 08:55:45 AM
7070A,N,O,04/04/2026 09:51:13 AM
7070B,N,O,04/04/2026 08:59:40 AM
7071B,N,O,04/04/2026 09:40:24 AM
7072B,N,O,04/04/2026 08:57:40 AM
7073B,N,O,04/04/2026 08:56:46 AM
7074B,NU,O,04/03/2026 05:20:28 PM
7075A,N,O,04/04/2026 08:59:51 AM
7083A,N,O,04/04/2026 08:56:45 AM
7083B,N,O,04/04/2026 09:11:01 AM
7084A,N,O,04/04/2026 09:12:29 AM
7084B,N,O,04/04/2026 08:55:57 AM
7085A,N,O,04/03/2026 07:37:32 PM
7085B,N,O,04/04/2026 08:59:46 AM
7086A,N,O,08/05/2025 01:23:48 PM
7086B,N,O,04/04/2026 08:58:56 AM
7087A,N,O,04/04/2026 08:57:45 AM
7087B,N,O,04/04/2026 08:57:45 AM
7088A,N,O,04/04/2026 08:57:11 AM
7088B,N,O,04/04/2026 08:56:48 AM
7095B,N,O,04/03/2026 07:21:47 PM
7096A,N,O,04/03/2026 03:21:13 PM
7096B,N,O,04/03/2026 10:28:54 AM
70A,N,O,04/04/2026 09:40:18 AM
70B,N,O,04/04/2026 08:59:51 AM
7103A,N,O,04/04/2026 08:57:18 AM
7103B,N,O,04/04/2026 09:14:20 AM
7104A,N,O,04/04/2026 08:55:43 AM
7104B,N,O,04/04/2026 09:51:27 AM
7105A,N,O,04/04/2026 08:59:53 AM
7105B,N,O,04/04/2026 08:59:53 AM
7106A,N,O,04/04/2026 08:58:44 AM
7106B,N,O,04/04/2026 08:58:44 AM
7111A,N,O,04/04/2026 08:58:42 AM
7112A,N,O,04/04/2026 09:37:55 AM
7112B,N,O,04/04/2026 08:57:51 AM
7113A,N,O,04/04/2026 08:56:53 AM
7113B,N,O,04/04/2026 08:56:57 AM
7114A,N,O,04/04/2026 09:38:34 AM
7114B,N,O,04/04/2026 08:56:08 AM
7116A,N,O,04/03/2026 01:33:02 PM
7116B,N,V,04/03/2026 08:09:51 PM
7117A,N,O,04/03/2026 10:27:40 AM
7117B,N,O,04/03/2026 12:54:34 PM
7118A,N,O,04/03/2026 11:15:43 AM
7118B,N,O,04/02/2026 07:33:17 PM
7119A,N,O,04/03/2026 10:25:39 AM
7119B,N,O,04/03/2026 10:25:39 AM
711A,N,O,04/04/2026 08:58:44 AM
711B,N,O,04/04/2026 09:28:13 AM
7120A,N,O,04/03/2026 10:29:51 AM
7121A,N,O,04/03/2026 08:32:38 PM
7122A,N,O,04/03/2026 04:22:08 PM
7122B,N,V,04/03/2026 08:01:06 PM
7123A,N,O,04/03/2026 05:09:49 PM
7123B,N,O,04/03/2026 07:39:21 PM
7124A,N,O,04/03/2026 08:54:42 PM
7124B,N,O,04/03/2026 02:34:17 PM
7125A,N,V,04/03/2026 08:50:36 PM
7125B,N,V,04/03/2026 09:57:01 PM
7126A,N,O,04/04/2026 08:58:42 AM
7126B,N,O,04/04/2026 08:58:42 AM
7127A,N,O,04/04/2026 08:57:52 AM
7127B,N,O,04/04/2026 08:57:48 AM
7128A,N,O,04/04/2026 08:56:47 AM
7128B,N,O,04/04/2026 08:56:47 AM
7129A,N,O,04/04/2026 08:55:49 AM
7129B,N,O,04/04/2026 08:56:02 AM
712A,N,O,04/04/2026 08:58:12 AM
712B,N,O,04/04/2026 08:57:58 AM
7130A,N,O,04/04/2026 09:38:25 AM
7130B,N,O,04/04/2026 09:20:59 AM
7131A,N,O,04/04/2026 09:07:22 AM
7131B,N,O,04/04/2026 08:58:53 AM
7132B,N,O,04/04/2026 08:57:51 AM
7133A,N,O,04/04/2026 08:56:52 AM
7133B,N,O,04/04/2026 08:56:52 AM
7134A,N,V,04/04/2026 09:50:25 AM
7134B,N,O,04/04/2026 08:56:24 AM
7135A,N,O,04/04/2026 08:59:44 AM
7135B,N,O,04/04/2026 08:59:44 AM
7136A,NU,O,04/03/2026 07:31:54 PM
7136B,NU,O,04/03/2026 05:06:31 PM
7137A,N,O,04/04/2026 08:57:40 AM
7137B,N,V,04/04/2026 09:49:09 AM
7138A,N,O,04/04/2026 08:56:49 AM
7179A,N,O,04/03/2026 09:49:02 PM
7179B,N,V,04/03/2026 06:12:16 PM
7180A,N,O,04/03/2026 09:59:46 AM
7180B,N,O,04/03/2026 05:03:04 PM
7181A,N,O,04/03/2026 09:58:53 AM
7181B,N,O,04/03/2026 08:50:03 PM
7182A,N,O,04/03/2026 12:06:02 PM
7182B,N,O,04/03/2026 12:05:35 PM
7183A,N,V,04/03/2026 04:30:58 PM
7183B,N,O,04/03/2026 01:03:39 PM
718A,N,V,04/04/2026 09:49:26 AM
718B,N,O,04/04/2026 08:56:49 AM
7191A,N,O,04/04/2026 08:58:50 AM
7191B,N,O,04/04/2026 08:58:54 AM
7192A,N,V,04/04/2026 09:48:17 AM
7192B,N,O,04/04/2026 09:47:28 AM
7193A,N,O,04/04/2026 08:56:48 AM
7193B,N,V,04/04/2026 09:18:51 AM
7194A,N,V,04/04/2026 09:21:38 AM
7194B,N,O,04/04/2026 09:49:11 AM
7195A,N,O,04/03/2026 09:13:02 PM
7195B,N,O,04/04/2026 08:59:51 AM
7196A,N,O,04/04/2026 08:58:47 AM
7196B,N,O,04/04/2026 08:58:47 AM
719A,N,V,04/04/2026 09:51:29 AM
719B,N,O,04/04/2026 09:35:44 AM
71A,N,O,04/04/2026 08:58:43 AM
71B,N,O,04/04/2026 08:58:43 AM
7213B,N,V,04/04/2026 09:50:59 AM
7214A,N,V,04/04/2026 09:48:54 AM
7214B,N,V,04/04/2026 09:48:50 AM
7215A,N,O,04/04/2026 09:25:43 AM
7215B,N,O,04/04/2026 08:59:49 AM
7216A,N,V,04/04/2026 09:38:03 AM
7216B,N,O,04/04/2026 08:58:42 AM
7217A,N,O,04/04/2026 09:38:14 AM
7217B,N,V,04/04/2026 09:48:31 AM
7218A,N,O,04/04/2026 08:56:46 AM
721A,N,O,04/04/2026 08:58:47 AM
721B,N,O,04/04/2026 09:25:53 AM
7222A,N,O,04/04/2026 08:57:41 AM
7222B,N,O,04/04/2026 08:57:41 AM
7223A,N,O,09/26/2025 08:08:09 AM
7223B,N,O,04/04/2026 08:56:52 AM
7224A,NU,V,04/03/2026 09:58:15 PM
7226A,N,V,04/03/2026 08:39:44 PM
7226B,N,V,04/03/2026 08:36:08 PM
7227A,N,V,04/03/2026 09:25:08 PM
7227B,N,V,04/03/2026 05:14:05 PM
7228B,N,O,04/04/2026 09:49:18 AM
7229A,N,O,04/04/2026 08:55:47 AM
7229B,N,O,04/04/2026 08:55:47 AM
7230A,N,O,04/04/2026 08:59:47 AM
7230B,N,O,04/04/2026 08:59:43 AM
7231A,N,O,04/04/2026 08:58:42 AM
7231B,N,O,04/04/2026 08:58:42 AM
7232A,N,V,04/03/2026 06:50:45 PM
7232B,N,V,04/03/2026 06:57:14 PM
7233A,N,V,04/03/2026 09:32:08 PM
7233B,N,V,04/03/2026 09:59:56 PM
7234A,N,O,04/03/2026 09:59:33 PM
7234B,N,O,04/03/2026 09:57:10 PM
7235A,N,O,04/04/2026 08:59:52 AM
7235B,N,O,04/04/2026 08:59:52 AM
7236B,N,O,04/04/2026 08:58:48 AM
724A,N,O,04/04/2026 08:55:46 AM
724B,N,O,04/04/2026 08:55:50 AM
725A,N,O,04/04/2026 09:32:28 AM
725B,N,O,04/04/2026 09:22:39 AM
726A,N,O,04/04/2026 08:58:43 AM
726B,N,O,04/04/2026 09:26:46 AM
72A,N,O,04/04/2026 08:57:48 AM
72B,N,O,04/04/2026 08:57:48 AM
730A,N,O,04/04/2026 08:59:48 AM
730B,N,O,04/04/2026 08:59:48 AM
731A,NU,O,04/04/2026 08:58:53 AM
731B,NU,O,04/04/2026 09:24:39 AM
7321A,N,V,04/04/2026 09:45:03 AM
7322A,N,V,04/04/2026 09:47:17 AM
7322B,N,V,04/04/2026 09:51:38 AM
7323A,N,O,04/04/2026 08:56:44 AM
7323B,N,O,04/04/2026 08:56:44 AM
7326A,N,O,04/04/2026 09:42:27 AM
7326B,N,V,04/04/2026 09:50:30 AM
7327B,N,O,04/04/2026 09:23:39 AM
7329A,N,O,04/03/2026 08:59:48 PM
7329B,N,O,04/03/2026 09:00:57 PM
732A,N,O,04/04/2026 09:50:56 AM
732B,N,O,04/04/2026 08:57:51 AM
7330A,N,O,04/03/2026 09:59:46 AM
7330B,N,O,04/03/2026 06:51:09 PM
733A,N,O,04/04/2026 08:56:50 AM
733B,N,O,04/04/2026 08:56:54 AM
734A,N,O,04/04/2026 08:56:17 AM
734B,N,O,04/04/2026 09:42:10 AM
735A,N,V,04/04/2026 09:45:52 AM
7361A,N,O,04/04/2026 08:58:48 AM
7361B,N,O,04/03/2026 08:58:46 AM
7362A,N,O,04/04/2026 08:57:42 AM
7363A,N,O,04/04/2026 08:56:49 AM
7363B,N,O,04/04/2026 08:56:42 AM
7364A,N,V,04/04/2026 09:49:56 AM
7364B,N,O,04/04/2026 08:55:45 AM
7365A,N,O,04/04/2026 08:59:47 AM
7365B,N,V,04/04/2026 09:51:29 AM
7366A,N,O,04/04/2026 08:58:49 AM
7366B,N,O,04/04/2026 08:58:49 AM
7367A,N,O,04/03/2026 08:57:57 AM
7367B,N,O,04/04/2026 08:57:38 AM
7368A,N,O,04/04/2026 08:56:47 AM
7368B,N,O,04/04/2026 08:56:56 AM
7369A,N,O,04/04/2026 08:55:43 AM
736A,N,O,04/04/2026 08:59:11 AM
736B,N,O,04/04/2026 09:24:02 AM
7370A,N,O,04/04/2026 08:59:41 AM
7370B,N,O,04/04/2026 08:59:48 AM
7371A,N,O,04/03/2026 09:42:00 PM
7371B,N,O,04/04/2026 08:58:46 AM
7372A,N,O,04/04/2026 08:57:54 AM
7373B,N,O,04/04/2026 08:56:47 AM
7374A,N,O,04/04/2026 08:55:43 AM
7374B,N,V,04/04/2026 09:51:33 AM
7375A,N,O,04/04/2026 09:49:20 AM
7375B,N,O,04/04/2026 09:29:55 AM
7376A,N,O,04/03/2026 08:58:48 AM
7376B,N,O,04/04/2026 08:58:41 AM
7377A,N,O,04/04/2026 08:57:48 AM
7377B,N,O,04/04/2026 09:17:22 AM
7378A,N,O,04/04/2026 09:51:31 AM
7378B,N,O,04/04/2026 09:47:41 AM
7379A,N,O,04/04/2026 09:44:22 AM
737A,N,O,04/04/2026 08:57:51 AM
737B,N,O,04/04/2026 08:57:58 AM
7387A,N,O,04/04/2026 08:57:51 AM
7387B,N,O,04/04/2026 08:57:47 AM
7388A,N,O,04/03/2026 08:56:49 AM
7388B,N,O,04/04/2026 08:56:46 AM
7389A,N,O,04/04/2026 08:55:43 AM
7389B,N,O,04/03/2026 08:55:52 AM
738A,N,O,04/04/2026 09:36:06 AM
738B,N,O,04/04/2026 09:10:46 AM
7390A,N,O,04/04/2026 08:59:49 AM
7390B,N,O,04/04/2026 08:59:49 AM
7391B,N,O,04/04/2026 08:58:48 AM
7392A,N,O,04/04/2026 09:02:44 AM
7393A,N,O,04/04/2026 08:56:45 AM
7393B,N,O,04/03/2026 03:20:58 PM
7394A,N,O,04/03/2026 08:55:51 AM
7394B,N,O,04/04/2026 08:55:52 AM
7395A,N,O,04/04/2026 09:20:11 AM
7395B,N,O,04/04/2026 08:59:52 AM
739A,N,O,04/04/2026 09:39:47 AM
739B,N,O,04/04/2026 08:55:51 AM
73A,N,O,04/04/2026 09:21:17 AM
73B,N,O,04/04/2026 08:56:54 AM
7400A,N,V,04/03/2026 09:39:53 PM
7400B,N,V,04/03/2026 09:52:31 PM
7401A,N,O,04/03/2026 10:28:50 AM
7401B,N,O,04/03/2026 10:28:50 AM
7402A,N,O,04/03/2026 10:28:03 AM
7402B,N,O,04/03/2026 09:59:53 PM
7403B,N,O,04/03/2026 07:25:28 PM
7407A,N,O,04/03/2026 09:01:44 PM
7407B,N,O,04/03/2026 04:31:22 PM
7408A,N,O,04/03/2026 01:34:09 PM
7408B,N,O,04/03/2026 03:14:00 PM
7409A,N,O,04/04/2026 09:44:03 AM
740A,N,O,04/04/2026 08:59:48 AM
740B,N,O,04/04/2026 09:50:56 AM
7411A,N,O,04/03/2026 08:23:06 PM
7411B,N,V,04/03/2026 09:59:25 PM
7412A,N,O,04/03/2026 09:59:58 PM
7413A,N,O,04/03/2026 08:57:02 PM
7413B,N,O,04/03/2026 08:37:34 PM
7414B,N,O,04/03/2026 08:33:48 PM
741A,N,O,04/04/2026 08:58:55 AM
7425A,N,O,04/03/2026 09:50:18 PM
7426B,N,V,04/03/2026 08:36:07 PM
7427A,N,O,04/03/2026 04:26:26 PM
7427B,N,O,04/03/2026 10:27:47 AM
7428B,N,O,04/03/2026 04:58:56 PM
7429A,N,O,04/03/2026 04:48:53 PM
7429B,N,O,04/03/2026 04:49:33 PM
742A,N,O,04/04/2026 08:57:48 AM
742B,N,O,04/04/2026 08:57:57 AM
7431A,N,O,04/03/2026 10:28:50 AM
7431B,N,O,04/03/2026 10:28:50 AM
7432A,N,O,04/03/2026 10:27:50 AM
7432B,N,O,04/03/2026 10:27:47 AM
7433A,N,O,04/03/2026 10:26:55 AM
7433B,N,O,04/03/2026 10:26:55 AM
7434B,N,O,04/03/2026 06:13:56 PM
7435A,N,O,04/02/2026 08:30:50 AM
7435B,N,O,04/03/2026 05:42:53 PM
7436A,N,O,04/03/2026 10:28:46 AM
7436B,N,O,04/02/2026 05:06:47 PM
7437A,N,O,04/03/2026 04:39:22 PM
7438A,N,O,04/03/2026 10:26:51 AM
7438B,N,O,04/03/2026 04:04:26 PM
7439A,N,O,04/03/2026 10:25:54 AM
7439B,N,O,04/03/2026 10:25:54 AM
743A,N,O,04/04/2026 08:56:53 AM
743B,N,O,04/04/2026 08:56:53 AM
7440A,N,O,04/03/2026 07:26:53 PM
7440B,N,V,04/03/2026 09:35:33 PM
7441A,N,O,04/03/2026 10:28:48 AM
7441B,N,O,04/03/2026 09:21:59 PM
7442A,NU,O,04/03/2026 10:28:49 AM
7443A,N,O,04/03/2026 02:58:16 PM
7443B,N,O,04/03/2026 10:26:44 AM
7447A,N,O,04/03/2026 09:59:00 PM
7447B,N,O,04/03/2026 08:32:21 PM
744A,N,O,04/04/2026 08:55:45 AM
744B,N,O,04/04/2026 08:55:49 AM
7450A,N,O,04/03/2026 08:17:13 PM
7451A,N,V,04/03/2026 09:36:25 PM
7451B,N,O,04/03/2026 08:45:16 PM
7452A,N,O,04/03/2026 05:34:22 PM
745A,N,O,04/04/2026 08:59:49 AM
745B,N,O,04/04/2026 09:40:07 AM
7461A,N,O,04/03/2026 06:57:02 PM
7462A,N,O,04/03/2026 06:15:56 PM
7462B,N,O,04/03/2026 04:55:07 PM
7463A,N,O,04/03/2026 06:00:40 PM
7463B,N,O,04/03/2026 05:47:46 PM
7464A,N,O,04/03/2026 05:28:57 PM
7464B,N,O,04/03/2026 05:23:06 PM
7467A,N,O,04/03/2026 09:54:03 PM
7467B,N,O,04/03/2026 09:42:32 PM
746A,N,V,04/04/2026 09:50:15 AM
746B,N,O,04/04/2026 08:58:53 AM
7473B,N,O,04/03/2026 04:29:51 PM
7474A,N,O,04/02/2026 12:14:03 PM
7475A,N,O,04/02/2026 02:43:47 PM
7475B,N,O,04/02/2026 11:35:17 AM
7476A,N,O,04/02/2026 11:20:16 PM
7476B,N,O,04/02/2026 11:44:11 PM
7477A,N,O,04/02/2026 11:58:02 PM
7478A,N,V,04/02/2026 11:48:10 PM
7478B,N,V,04/02/2026 11:46:05 PM
7479A,N,V,04/02/2026 11:09:15 PM
7479B,N,V,04/02/2026 11:18:08 PM
747B,N,O,04/04/2026 09:21:25 AM
7480A,N,V,04/02/2026 11:57:07 PM
7480B,N,V,04/02/2026 11:09:23 PM
7481B,N,V,04/02/2026 10:56:24 PM
748A,N,O,04/04/2026 08:56:51 AM
748B,N,O,04/04/2026 08:56:59 AM
749A,N,O,04/04/2026 08:55:54 AM
74A,N,O,04/04/2026 08:55:48 AM
74B,N,O,04/04/2026 08:55:52 AM
7507A,N,O,04/04/2026 08:57:45 AM
7507B,N,O,04/04/2026 09:21:57 AM
7508A,N,O,04/04/2026 08:56:51 AM
7508B,N,O,04/04/2026 09:51:27 AM
7509A,N,O,04/04/2026 09:41:28 AM
7509B,N,O,04/04/2026 08:55:50 AM
750A,N,O,04/04/2026 08:59:49 AM
750B,N,O,04/04/2026 08:59:49 AM
7510A,N,O,04/04/2026 08:59:45 AM
7510B,N,O,04/04/2026 09:43:21 AM
7511A,N,O,04/04/2026 08:58:45 AM
7511B,N,V,04/04/2026 09:42:57 AM
7512A,N,O,04/04/2026 09:48:57 AM
7512B,N,O,04/04/2026 09:06:48 AM
7513A,N,V,04/03/2026 09:41:37 PM
7513B,N,O,04/04/2026 09:45:11 AM
7514A,N,O,04/04/2026 09:16:54 AM
7514B,N,O,04/04/2026 08:55:49 AM
7516A,N,V,04/03/2026 10:26:50 AM
7516B,N,V,04/03/2026 11:40:22 AM
7517A,N,O,04/04/2026 09:51:31 AM
7518A,N,O,04/04/2026 09:51:31 AM
7518B,N,V,04/03/2026 12:32:44 PM
7519A,N,V,04/03/2026 07:20:39 PM
7519B,N,V,04/03/2026 12:53:16 PM
751A,N,O,04/03/2026 08:57:56 PM
751B,N,O,04/03/2026 09:58:50 PM
7520B,N,V,04/02/2026 10:11:40 PM
7521A,N,O,04/02/2026 06:58:50 AM
7521B,N,V,04/02/2026 04:04:01 PM
7522A,N,V,04/02/2026 06:04:48 PM
7522B,N,O,04/02/2026 06:57:46 AM
7523A,N,O,04/02/2026 10:03:07 AM
7524A,N,V,04/03/2026 08:58:47 PM
7524B,N,O,04/04/2026 09:51:42 AM
7525A,N,V,04/03/2026 01:30:53 PM
7526B,N,V,04/04/2026 09:51:39 AM
7527A,N,V,04/03/2026 12:31:39 PM
7527B,N,V,04/04/2026 09:36:05 AM
7528A,N,V,04/03/2026 12:51:29 PM
7528B,N,O,04/04/2026 09:51:07 AM
7529A,N,V,04/03/2026 09:58:21 AM
7529B,N,O,04/04/2026 09:47:58 AM
752B,N,O,04/04/2026 08:57:50 AM
7530A,N,V,04/04/2026 09:11:34 AM
7530B,N,V,04/04/2026 09:11:34 AM
7533B,N,V,04/03/2026 07:51:53 PM
7534A,N,V,04/03/2026 07:19:32 PM
7534B,N,V,04/03/2026 06:46:22 PM
7535A,N,O,04/04/2026 08:59:44 AM
7535B,N,V,04/03/2026 06:56:45 PM
7536A,N,O,04/04/2026 09:33:41 AM
7536B,N,V,04/04/2026 09:34:07 AM
7537A,N,O,04/04/2026 09:37:32 AM
7537B,N,V,04/04/2026 09:07:19 AM
7538A,N,O,04/04/2026 09:51:42 AM
7538B,N,V,04/03/2026 06:59:32 PM
7539A,N,V,04/03/2026 09:36:06 PM
7539B,N,V,04/03/2026 07:30:08 PM
753A,N,O,04/04/2026 09:49:37 AM
753B,N,O,04/04/2026 09:23:48 AM
7540A,N,V,04/03/2026 08:28:04 PM
7540B,N,V,04/03/2026 07:29:07 PM
7541A,N,V,04/04/2026 09:37:01 AM
7541B,N,O,04/04/2026 09:38:53 AM
7542A,N,V,04/03/2026 09:47:23 PM
7545A,N,O,04/04/2026 08:59:49 AM
7545B,N,O,04/04/2026 09:40:33 AM
7546A,N,V,04/04/2026 09:51:44 AM
7546B,N,V,04/04/2026 09:29:53 AM
7547A,N,V,04/04/2026 09:06:37 AM
7547B,N,V,04/04/2026 09:37:13 AM
7548A,N,V,04/03/2026 08:43:23 PM
7548B,N,V,04/04/2026 08:59:50 AM
7549A,N,V,04/04/2026 09:04:25 AM
7549B,N,V,04/04/2026 09:16:03 AM
754A,N,V,04/04/2026 09:46:49 AM
754B,N,O,04/04/2026 09:47:08 AM
7550A,N,V,04/04/2026 09:00:48 AM
7550B,N,V,04/04/2026 09:19:40 AM
7551A,N,V,04/04/2026 09:51:37 AM
7551B,N,O,04/04/2026 08:58:49 AM
7552A,N,O,04/03/2026 04:12:14 PM
7552B,N,V,04/03/2026 08:25:48 PM
7553A,N,O,04/04/2026 09:50:08 AM
7553B,N,V,04/04/2026 09:17:54 AM
7554A,N,V,04/04/2026 09:50:11 AM
7554B,N,V,04/03/2026 09:52:23 PM
7555A,N,V,04/03/2026 04:23:29 PM
7555B,N,O,04/03/2026 08:34:52 PM
7556A,N,V,04/04/2026 09:12:48 AM
7556B,N,V,04/04/2026 09:23:08 AM
7557A,N,O,04/03/2026 09:16:54 PM
7557B,N,V,04/03/2026 09:50:03 PM
7558A,N,O,04/04/2026 09:38:26 AM
7558B,N,V,04/03/2026 09:45:06 PM
7561A,N,O,04/04/2026 08:58:47 AM
7561B,N,O,04/04/2026 08:58:51 AM
7562A,N,V,04/04/2026 09:50:45 AM
7562B,N,V,04/04/2026 09:00:10 AM
756B,N,O,04/04/2026 08:59:00 AM
7573A,N,O,04/04/2026 08:56:51 AM
7573B,N,V,04/04/2026 09:33:23 AM
7574A,N,O,04/04/2026 08:55:51 AM
7574B,N,O,04/04/2026 08:55:51 AM
7576A,N,O,04/04/2026 08:58:44 AM
7576B,N,V,04/04/2026 09:31:08 AM
7577A,N,V,04/04/2026 09:33:30 AM
7577B,N,O,04/04/2026 09:42:20 AM
7578A,N,V,04/04/2026 09:45:42 AM
7578B,N,V,04/04/2026 09:19:54 AM
7579A,N,V,04/04/2026 09:19:29 AM
7579B,N,O,04/04/2026 08:55:48 AM
757A,N,O,04/04/2026 08:57:47 AM
757B,N,O,04/04/2026 08:57:47 AM
7580A,N,O,04/03/2026 07:34:44 PM
7580B,N,O,04/04/2026 08:59:56 AM
7581A,N,O,04/04/2026 08:59:01 AM
7581B,N,O,04/04/2026 08:58:48 AM
7582A,N,O,04/04/2026 08:57:48 AM
7582B,N,V,04/04/2026 09:32:30 AM
7583A,N,O,04/04/2026 09:10:32 AM
7583B,N,O,04/04/2026 08:56:50 AM
7584A,N,O,04/04/2026 09:40:31 AM
7584B,N,O,04/04/2026 08:55:43 AM
7585A,N,O,04/04/2026 08:59:38 AM
7585B,N,O,04/04/2026 08:59:38 AM
7586A,N,O,04/04/2026 08:58:44 AM
7586B,N,V,04/04/2026 09:36:03 AM
7587A,N,O,04/04/2026 08:57:48 AM
7588A,N,O,04/04/2026 08:56:44 AM
7588B,N,V,04/04/2026 09:49:42 AM
758A,N,O,04/04/2026 08:56:47 AM
758B,N,O,04/04/2026 08:56:43 AM
7590A,N,O,04/04/2026 09:36:16 AM
7591A,N,O,04/04/2026 09:19:27 AM
7591B,N,O,04/04/2026 08:58:54 AM
7592A,N,O,04/04/2026 08:58:13 AM
7592B,N,O,04/04/2026 09:07:55 AM
7594A,N,O,04/04/2026 08:55:47 AM
7594B,N,O,04/04/2026 08:55:47 AM
7595A,N,O,04/04/2026 08:59:50 AM
7595B,N,O,04/04/2026 09:32:11 AM
7599A,N,O,04/04/2026 08:55:51 AM
7599B,N,O,04/04/2026 08:55:51 AM
759A,N,O,04/04/2026 08:55:51 AM
759B,N,O,04/04/2026 08:55:51 AM
75A,N,O,04/04/2026 08:59:48 AM
75B,N,O,04/04/2026 09:39:15 AM
7600A,N,O,04/04/2026 08:59:47 AM
7600B,N,O,04/04/2026 08:59:47 AM
7601A,N,O,04/04/2026 08:59:24 AM
7601B,N,O,04/04/2026 08:58:52 AM
7602B,N,O,04/04/2026 09:05:46 AM
7609A,N,O,04/04/2026 08:55:44 AM
7610A,N,O,04/04/2026 09:02:10 AM
7610B,N,O,04/04/2026 08:59:49 AM
7611A,N,V,04/04/2026 09:44:03 AM
7611B,N,O,04/04/2026 08:58:48 AM
7612A,N,O,04/04/2026 09:49:54 AM
7612B,N,V,04/04/2026 09:44:22 AM
7617A,N,O,04/04/2026 08:57:44 AM
7617B,N,O,04/04/2026 08:57:44 AM
7618A,N,V,04/04/2026 09:46:56 AM
7618B,N,O,04/04/2026 08:56:51 AM
7619A,N,O,04/04/2026 08:55:45 AM
761A,N,O,04/04/2026 08:58:46 AM
7620A,N,O,04/04/2026 09:39:44 AM
7620B,N,O,04/04/2026 08:59:45 AM
7621A,N,V,04/03/2026 09:27:32 PM
7621B,N,O,04/04/2026 08:58:46 AM
7624A,N,V,04/04/2026 09:46:03 AM
7624B,N,O,04/04/2026 08:55:53 AM
7625A,N,O,04/04/2026 09:26:13 AM
7625B,N,O,04/04/2026 08:59:45 AM
7626A,N,V,04/03/2026 09:54:38 PM
7626B,N,O,04/03/2026 03:38:23 PM
7627A,NU,O,06/03/2025 05:42:36 PM
7627B,N,V,04/03/2026 04:23:36 PM
7628A,N,O,04/03/2026 05:25:25 PM
7628B,N,O,04/03/2026 08:56:58 PM
7629A,N,O,04/04/2026 08:55:54 AM
7629B,N,O,04/04/2026 08:55:47 AM
762A,N,O,04/04/2026 08:57:49 AM
762B,N,O,04/04/2026 08:57:49 AM
7630A,N,O,04/04/2026 08:59:40 AM
7630B,N,O,04/04/2026 08:59:40 AM
7631A,N,O,04/04/2026 08:58:43 AM
7631B,N,O,04/04/2026 08:58:43 AM
7632B,N,O,04/04/2026 08:57:49 AM
7636A,N,O,04/04/2026 08:58:53 AM
7636B,N,O,04/03/2026 09:25:03 PM
7637A,N,O,04/04/2026 08:57:43 AM
7637B,N,O,04/04/2026 08:57:43 AM
7638A,N,O,04/04/2026 08:56:47 AM
7638B,N,O,04/04/2026 08:56:47 AM
7639A,N,O,04/04/2026 08:55:42 AM
7639B,N,O,04/04/2026 08:55:42 AM
763A,N,O,04/04/2026 08:56:51 AM
763B,N,O,04/04/2026 08:56:54 AM
7640A,N,O,04/04/2026 08:59:47 AM
7640B,N,O,04/04/2026 08:59:47 AM
7641A,N,V,03/25/2026 01:07:27 PM
7641B,N,V,03/25/2026 01:07:27 PM
7642A,N,O,04/04/2026 08:57:50 AM
7642B,N,O,04/04/2026 08:57:46 AM
7644B,N,O,04/03/2026 06:56:18 PM
7645A,N,O,04/03/2026 06:00:37 PM
7645B,N,O,04/03/2026 10:36:52 AM
7647A,N,O,04/04/2026 08:57:40 AM
7647B,N,O,04/04/2026 09:05:00 AM
7648A,N,O,04/04/2026 09:19:03 AM
7648B,N,O,04/04/2026 08:56:46 AM
7649A,N,O,04/04/2026 08:55:48 AM
7649B,N,O,04/04/2026 08:55:48 AM
764A,N,O,04/04/2026 09:30:36 AM
764B,N,O,04/04/2026 09:38:30 AM
7651A,N,O,04/03/2026 09:09:29 PM
7652A,N,O,04/03/2026 09:49:45 PM
7652B,N,V,04/03/2026 09:59:56 PM
7653A,N,O,04/03/2026 09:41:35 PM
7653B,N,O,04/03/2026 09:36:07 PM
7654A,N,V,04/02/2026 04:13:59 PM
7654B,N,V,04/03/2026 09:48:24 PM
7655B,N,O,04/03/2026 10:29:58 AM
7656A,NU,V,03/31/2026 04:24:19 PM
7657A,NU,V,03/31/2026 03:01:07 PM
7657B,NU,O,03/31/2026 04:24:46 PM
7658A,NU,V,03/31/2026 11:26:46 AM
7658B,NU,O,03/31/2026 04:24:27 PM
7659A,NU,O,03/31/2026 04:24:07 PM
7659B,NU,O,03/31/2026 04:24:07 PM
765A,N,O,04/04/2026 08:59:45 AM
765B,N,O,04/04/2026 08:59:45 AM
7660A,NU,O,03/31/2026 04:23:47 PM
7660B,NU,O,03/31/2026 04:23:47 PM
7661A,N,O,04/04/2026 08:58:41 AM
7661B,N,O,04/03/2026 08:58:48 AM
7662A,N,O,04/04/2026 08:57:54 AM
7662B,N,O,04/04/2026 08:57:50 AM
7663A,N,O,04/04/2026 08:56:46 AM
7663B,N,O,04/04/2026 08:56:46 AM
7664B,N,O,04/04/2026 08:55:45 AM
7667A,N,O,04/03/2026 02:54:07 PM
7668A,N,O,04/03/2026 09:56:41 AM
7668B,N,O,04/03/2026 09:57:06 AM
766A,N,O,04/04/2026 08:58:46 AM
766B,N,O,04/04/2026 08:58:53 AM
7670A,N,O,04/03/2026 07:37:12 PM
7670B,N,O,04/03/2026 10:00:36 AM
7671B,N,O,04/03/2026 04:29:10 PM
7674A,N,O,04/03/2026 06:44:46 PM
7674B,N,O,04/03/2026 09:31:59 PM
7676B,N,O,04/04/2026 08:58:44 AM
7677A,N,O,04/04/2026 08:57:43 AM
7677B,N,O,04/04/2026 08:57:43 AM
7678A,N,O,04/04/2026 08:56:40 AM
7678B,N,O,04/04/2026 08:56:40 AM
7679A,N,O,04/03/2026 04:46:15 PM
7679B,N,O,04/04/2026 08:55:55 AM
767A,N,O,04/04/2026 08:57:59 AM
767B,N,O,04/04/2026 08:57:52 AM
7681B,N,O,04/03/2026 09:58:44 AM
7682A,N,O,04/03/2026 11:28:16 AM
7682B,N,O,04/03/2026 01:11:59 PM
7683A,N,O,04/03/2026 03:14:38 PM
7683B,N,O,04/03/2026 12:22:39 PM
7684A,N,O,04/03/2026 04:51:23 PM
7684B,N,O,04/03/2026 05:56:45 PM
7685A,N,O,04/03/2026 11:13:31 AM
7685B,N,O,04/03/2026 09:59:41 AM
7689B,N,V,04/03/2026 08:47:29 PM
768A,N,O,04/04/2026 08:56:47 AM
7690B,N,O,04/03/2026 09:50:24 PM
7691B,N,O,04/04/2026 08:58:41 AM
7692A,N,O,04/04/2026 08:57:48 AM
7692B,N,O,04/04/2026 08:57:52 AM
7695A,N,V,04/03/2026 09:48:03 PM
7696B,N,V,04/03/2026 09:59:36 PM
7697A,N,V,04/03/2026 09:59:32 PM
7699A,N,O,04/04/2026 08:55:52 AM
7699B,N,O,04/04/2026 08:55:48 AM
769A,N,O,04/04/2026 08:55:44 AM
769B,N,O,04/04/2026 08:55:44 AM
76A,N,O,04/04/2026 08:58:51 AM
76B,N,O,04/04/2026 08:59:02 AM
7700A,N,O,04/04/2026 08:59:51 AM
7700B,N,O,04/04/2026 09:00:35 AM
7701A,N,V,04/03/2026 09:41:08 PM
7701B,N,O,04/03/2026 06:40:56 PM
7704A,N,O,04/04/2026 08:55:48 AM
7704B,N,O,04/04/2026 09:20:17 AM
7705A,N,O,04/04/2026 08:59:44 AM
7705B,N,O,04/04/2026 08:59:44 AM
7706B,N,O,04/04/2026 08:58:42 AM
7707B,N,O,04/04/2026 09:35:36 AM
7708A,N,O,04/04/2026 08:56:48 AM
7708B,N,O,04/04/2026 08:56:48 AM
7709B,N,O,04/04/2026 08:55:45 AM
770A,N,O,04/04/2026 08:59:50 AM
770B,N,O,04/04/2026 09:00:00 AM
7713A,N,O,04/04/2026 08:56:55 AM
7713B,N,O,04/04/2026 08:56:55 AM
7714A,N,O,04/04/2026 09:36:07 AM
7714B,N,O,04/04/2026 08:55:55 AM
771A,N,O,04/04/2026 09:23:46 AM
771B,N,O,04/04/2026 08:59:09 AM
7724A,N,O,04/04/2026 08:55:54 AM
7725A,N,O,04/04/2026 08:59:56 AM
7725B,N,O,04/04/2026 08:59:52 AM
7726A,N,O,04/04/2026 08:58:41 AM
7726B,N,O,04/04/2026 08:58:41 AM
7727A,N,O,04/04/2026 08:58:04 AM
7727B,N,O,04/04/2026 08:57:47 AM
7728A,N,O,04/04/2026 08:56:52 AM
7728B,N,O,04/04/2026 08:56:52 AM
7729A,N,O,04/04/2026 08:55:49 AM
7729B,N,O,04/04/2026 08:55:49 AM
772A,N,O,04/04/2026 09:48:39 AM
772B,N,O,04/04/2026 09:40:49 AM
7730A,N,O,04/04/2026 08:59:54 AM
7731A,N,O,04/04/2026 08:58:49 AM
7731B,N,O,04/04/2026 09:46:18 AM
7732A,N,O,04/04/2026 08:59:31 AM
7732B,N,O,04/04/2026 08:57:50 AM
7733B,N,V,04/03/2026 09:47:40 PM
7739A,N,O,04/04/2026 08:55:38 AM
7739B,N,O,04/04/2026 08:55:38 AM
773A,N,O,04/04/2026 08:56:49 AM
7740A,N,O,04/04/2026 08:59:43 AM
7740B,N,O,04/04/2026 08:59:43 AM
7741A,N,O,04/04/2026 09:23:55 AM
7741B,N,O,04/04/2026 08:58:53 AM
7742A,N,O,04/04/2026 08:57:43 AM
7742B,N,O,04/04/2026 08:57:43 AM
7743A,N,O,04/04/2026 08:57:00 AM
7743B,N,O,04/04/2026 09:35:19 AM
7744A,N,O,04/04/2026 09:20:26 AM
774A,N,O,04/04/2026 09:06:46 AM
774B,N,O,04/04/2026 09:01:31 AM
7758A,N,O,04/03/2026 09:56:41 AM
7759A,N,O,04/03/2026 05:57:09 PM
7759B,N,O,04/03/2026 09:55:43 AM
775A,N,O,04/04/2026 09:01:17 AM
775B,N,O,04/04/2026 09:44:45 AM
7760A,N,O,04/03/2026 10:00:55 AM
7760B,N,O,04/03/2026 09:59:46 AM
7761B,N,O,04/04/2026 09:28:54 AM
7763A,N,O,04/03/2026 09:56:50 AM
7763B,N,O,04/03/2026 09:56:50 AM
7764A,N,V,04/04/2026 09:48:18 AM
7764B,N,O,04/04/2026 08:55:48 AM
7765A,N,O,04/04/2026 08:59:48 AM
7766B,NU,O,06/03/2025 07:58:52 AM
7767A,NU,O,06/03/2025 05:54:27 PM
7768A,N,O,04/04/2026 08:56:50 AM
7768B,NU,V,06/03/2025 09:40:30 PM
7769A,N,O,04/04/2026 08:56:10 AM
7769B,N,V,04/04/2026 09:50:24 AM
776A,N,O,04/04/2026 09:47:56 AM
776B,N,O,04/04/2026 09:25:32 AM
7770A,NU,O,04/04/2026 08:59:57 AM
7770B,NU,O,04/03/2026 05:06:47 PM
7771A,N,O,04/04/2026 08:58:45 AM
7771B,N,O,04/04/2026 08:58:45 AM
7772A,N,O,04/04/2026 09:28:53 AM
7772B,N,O,04/04/2026 09:51:17 AM
7773B,N,O,04/04/2026 08:56:48 AM
7774A,N,O,04/04/2026 08:55:45 AM
7774B,N,O,04/04/2026 08:55:45 AM
777A,N,O,04/04/2026 09:43:58 AM
7783A,NU,O,04/03/2026 10:12:12 AM
7784B,NU,O,04/03/2026 09:28:52 PM
7785A,NU,V,04/03/2026 06:40:29 PM
7785B,NU,V,04/03/2026 06:45:29 PM
7786A,NU,V,04/03/2026 06:11:31 PM
7786B,NU,V,04/03/2026 07:09:32 PM
778A,N,O,04/04/2026 09:42:13 AM
778B,N,O,04/04/2026 08:56:49 AM
7792A,N,O,04/04/2026 08:57:53 AM
7793A,N,O,04/04/2026 09:39:18 AM
7793B,N,O,04/03/2026 10:36:24 AM
7794A,N,O,04/04/2026 08:55:45 AM
7794B,N,O,04/04/2026 08:57:30 AM
7795A,N,V,04/04/2026 09:38:23 AM
7795B,N,V,04/04/2026 09:12:24 AM
7796A,N,V,04/04/2026 09:05:38 AM
7796B,N,V,04/03/2026 09:55:08 PM
779A,N,O,04/04/2026 09:18:42 AM
779B,N,O,04/04/2026 09:26:51 AM
77A,N,O,04/04/2026 08:57:55 AM
77B,N,O,04/04/2026 08:57:48 AM
7801A,N,O,04/04/2026 09:22:20 AM
7801B,N,O,04/04/2026 08:59:04 AM
7802A,N,O,04/04/2026 08:57:52 AM
7802B,N,O,04/04/2026 08:57:52 AM
7804A,N,O,04/04/2026 08:55:46 AM
7804B,N,V,04/03/2026 08:18:40 PM
7805A,N,O,04/04/2026 08:59:47 AM
7805B,N,O,04/04/2026 08:59:47 AM
7806A,N,O,04/04/2026 08:59:02 AM
7806B,N,O,04/04/2026 08:58:51 AM
7807B,N,O,04/04/2026 09:51:05 AM
780A,N,O,04/04/2026 08:59:47 AM
780B,N,O,04/04/2026 08:59:47 AM
7814B,N,O,04/04/2026 08:55:43 AM
7815A,N,O,04/04/2026 08:59:41 AM
7815B,N,O,04/04/2026 08:59:41 AM
7817A,N,O,04/04/2026 08:57:51 AM
7817B,N,O,04/04/2026 08:57:47 AM
7818A,N,O,04/04/2026 08:56:40 AM
7818B,N,O,04/04/2026 08:56:40 AM
7819A,N,O,04/04/2026 08:55:42 AM
7819B,N,O,04/04/2026 08:55:42 AM
781A,N,O,04/04/2026 09:21:45 AM
781B,N,O,04/04/2026 09:47:56 AM
7820A,N,O,04/04/2026 09:03:39 AM
7820B,N,O,04/04/2026 08:59:46 AM
7821A,N,O,04/04/2026 09:42:29 AM
7821B,N,O,04/04/2026 08:58:55 AM
7831A,NU,V,04/03/2026 09:51:58 PM
7831B,NU,O,04/03/2026 09:59:46 PM
7834A,NU,V,04/03/2026 07:05:24 PM
7834B,NU,V,04/03/2026 09:58:59 PM
7839A,N,O,04/04/2026 08:55:50 AM
7840A,N,V,04/04/2026 09:35:39 AM
7840B,N,O,04/04/2026 08:59:56 AM
7841A,N,O,04/04/2026 08:58:52 AM
7841B,N,V,04/04/2026 09:35:42 AM
7842A,N,O,04/04/2026 09:50:53 AM
7842B,N,O,04/04/2026 09:34:31 AM
7843A,N,O,04/04/2026 08:56:44 AM
7843B,N,O,04/04/2026 08:56:44 AM
7844A,N,O,04/04/2026 08:55:44 AM
7844B,N,V,04/04/2026 09:48:53 AM
7845A,N,O,04/04/2026 08:59:48 AM
7845B,N,O,04/04/2026 08:59:58 AM
7846A,N,V,04/04/2026 09:51:40 AM
7846B,N,V,04/04/2026 09:10:18 AM
7847A,N,O,04/04/2026 08:57:52 AM
7847B,N,O,04/04/2026 08:57:56 AM
7853B,N,O,04/04/2026 08:56:44 AM
7854A,N,O,04/04/2026 08:55:55 AM
7854B,N,O,04/04/2026 08:55:59 AM
7855A,N,O,04/04/2026 09:00:09 AM
7855B,N,O,04/04/2026 08:59:44 AM
7856A,N,O,04/04/2026 08:58:48 AM
7856B,N,O,04/04/2026 08:58:48 AM
7861A,N,O,04/04/2026 08:58:47 AM
7861B,N,O,04/04/2026 08:58:47 AM
7868A,N,O,04/04/2026 08:56:49 AM
7868B,N,V,04/04/2026 09:49:43 AM
7869A,N,O,04/04/2026 09:33:58 AM
7869B,N,O,04/04/2026 09:48:51 AM
7870A,N,O,04/04/2026 08:59:58 AM
7874A,N,O,04/04/2026 08:55:47 AM
7874B,N,V,04/04/2026 09:49:09 AM
7875A,N,O,04/04/2026 08:59:49 AM
7875B,N,O,04/04/2026 08:59:49 AM
7876A,N,O,04/04/2026 08:58:45 AM
7876B,N,O,04/04/2026 08:58:45 AM
7877A,N,O,04/04/2026 08:57:47 AM
7877B,N,O,04/04/2026 08:57:47 AM
7882A,N,O,04/04/2026 09:51:31 AM
7882B,N,V,04/04/2026 09:48:43 AM
7884B,N,O,04/04/2026 08:55:47 AM
7885A,N,O,04/04/2026 09:36:37 AM
7885B,N,O,04/04/2026 09:25:38 AM
7886A,N,O,04/04/2026 09:51:42 AM
7886B,N,V,04/04/2026 09:50:57 AM
7887A,N,O,04/04/2026 08:57:51 AM
7887B,N,O,04/04/2026 08:57:51 AM
7888A,N,O,04/04/2026 08:56:50 AM
7888B,N,O,04/04/2026 08:56:58 AM
7889A,N,O,04/04/2026 09:51:36 AM
7889B,N,O,04/04/2026 08:55:50 AM
7890A,N,V,04/04/2026 09:47:17 AM
7890B,N,V,04/04/2026 09:51:20 AM
7893A,N,O,04/04/2026 08:56:46 AM
7893B,N,O,04/03/2026 04:11:13 PM
7894A,N,V,04/04/2026 09:35:16 AM
7894B,N,O,04/04/2026 08:55:46 AM
7895A,N,O,04/04/2026 08:59:44 AM
789A,N,V,04/03/2026 08:10:02 PM
789B,N,O,04/04/2026 08:55:50 AM
78A,N,O,04/04/2026 09:28:56 AM
78B,N,O,04/04/2026 08:56:49 AM
7900A,N,O,04/04/2026 08:59:55 AM
7900B,N,O,04/04/2026 08:59:55 AM
7901A,N,V,04/04/2026 09:31:16 AM
7901B,N,O,04/04/2026 08:58:43 AM
7902A,N,O,04/04/2026 09:17:51 AM
7903A,N,O,04/04/2026 09:29:22 AM
7903B,N,O,04/04/2026 08:56:50 AM
7909A,N,O,04/04/2026 08:55:54 AM
7909B,N,O,04/04/2026 08:55:50 AM
790A,N,O,04/04/2026 08:59:48 AM
790B,N,O,04/04/2026 08:59:59 AM
7910A,N,O,04/04/2026 09:01:06 AM
7910B,N,O,04/04/2026 09:01:06 AM
7911A,N,O,04/04/2026 08:58:47 AM
7911B,N,O,04/04/2026 08:58:47 AM
7912A,N,O,04/04/2026 08:57:45 AM
7912B,N,O,04/04/2026 08:57:45 AM
7913A,N,O,04/03/2026 04:34:13 PM
7913B,N,O,04/04/2026 08:56:47 AM
7923A,N,O,04/04/2026 08:56:52 AM
7923B,N,V,04/04/2026 09:51:03 AM
7924A,N,O,04/04/2026 08:55:41 AM
7924B,N,O,04/04/2026 09:24:51 AM
7925A,N,O,04/04/2026 08:59:48 AM
7925B,N,O,04/04/2026 09:34:41 AM
7926A,N,O,04/04/2026 08:58:43 AM
7926B,N,V,04/04/2026 09:45:16 AM
7927A,N,V,04/04/2026 09:44:24 AM
7927B,N,O,04/04/2026 08:59:38 AM
7928A,N,O,04/04/2026 08:56:51 AM
7928B,N,O,04/04/2026 09:49:32 AM
7929A,N,O,04/04/2026 08:56:02 AM
7929B,N,O,04/04/2026 09:11:20 AM
792A,N,O,04/04/2026 08:57:47 AM
792B,N,O,04/04/2026 09:30:44 AM
7930A,N,O,04/04/2026 09:00:14 AM
7930B,N,O,04/04/2026 08:59:52 AM
7931B,N,O,04/04/2026 08:58:50 AM
7932A,N,V,04/04/2026 09:51:25 AM
7932B,N,O,04/04/2026 08:57:44 AM
7933A,N,O,04/03/2026 11:45:05 AM
7933B,N,O,04/04/2026 08:56:51 AM
7934A,N,O,04/04/2026 08:55:43 AM
7935A,N,O,04/04/2026 08:59:52 AM
7935B,N,O,04/04/2026 08:59:52 AM
7936A,N,O,04/04/2026 08:58:48 AM
7936B,N,O,04/04/2026 08:58:51 AM
7937A,N,O,04/04/2026 09:12:28 AM
7937B,N,V,04/04/2026 09:14:59 AM
7939A,N,O,04/04/2026 09:47:42 AM
7939B,N,O,04/04/2026 08:55:48 AM
793B,N,O,04/04/2026 09:38:27 AM
7940A,N,O,04/04/2026 08:59:56 AM
7940B,N,V,04/04/2026 09:24:11 AM
7941A,N,O,04/04/2026 09:47:44 AM
7941B,N,O,04/04/2026 09:06:45 AM
794A,N,O,04/04/2026 09:34:47 AM
7950A,N,O,04/04/2026 08:59:41 AM
7950B,N,O,04/04/2026 08:59:41 AM
7951A,N,O,04/04/2026 08:58:43 AM
7951B,N,O,04/04/2026 08:58:58 AM
7952A,N,O,04/04/2026 08:57:47 AM
7952B,N,O,04/04/2026 08:57:47 AM
7953A,N,O,04/04/2026 08:56:41 AM
7953B,N,V,04/04/2026 09:30:24 AM
7954A,N,O,04/04/2026 09:50:16 AM
7954B,N,V,04/04/2026 09:45:45 AM
7955A,N,O,04/04/2026 08:59:57 AM
7955B,N,O,04/03/2026 07:49:35 PM
7956A,N,O,04/04/2026 09:17:52 AM
7956B,N,O,04/04/2026 08:58:48 AM
7957A,N,V,04/03/2026 06:36:57 PM
7957B,N,V,04/04/2026 09:47:45 AM
7958A,N,O,04/03/2026 07:29:44 PM
7959A,N,O,04/04/2026 08:55:44 AM
7959B,N,O,04/04/2026 08:55:44 AM
795A,N,O,04/04/2026 08:59:53 AM
795B,N,O,04/04/2026 09:50:52 AM
7960A,N,O,04/04/2026 08:59:46 AM
7960B,N,O,04/04/2026 08:59:46 AM
7962A,N,V,04/04/2026 09:51:33 AM
7962B,N,O,04/04/2026 08:58:04 AM
7963A,N,O,04/04/2026 08:56:50 AM
7963B,N,O,04/04/2026 08:56:54 AM
7964A,NU,O,04/03/2026 03:50:14 PM
7964B,NU,O,04/03/2026 09:00:47 PM
7965A,N,O,04/04/2026 09:49:22 AM
7965B,N,O,04/04/2026 09:50:54 AM
7967A,N,V,04/03/2026 01:40:55 PM
7967B,N,V,04/03/2026 04:03:19 PM
7968A,N,O,04/03/2026 10:26:50 AM
7968B,N,O,04/03/2026 10:26:46 AM
7969A,N,O,04/03/2026 06:14:15 PM
7969B,N,O,04/03/2026 10:25:56 AM
796A,N,V,04/04/2026 09:51:14 AM
796B,N,O,04/04/2026 08:58:48 AM
7970A,N,O,04/03/2026 10:53:20 AM
7970B,N,O,04/03/2026 12:43:40 PM
7971A,N,O,04/03/2026 09:59:30 PM
7971B,N,O,04/03/2026 09:53:47 PM
7973A,N,O,04/04/2026 08:56:54 AM
7973B,N,O,04/04/2026 09:42:12 AM
7974A,N,V,04/04/2026 09:30:01 AM
7974B,N,O,04/04/2026 09:05:51 AM
7975A,N,O,04/03/2026 09:31:14 PM
7975B,N,V,04/04/2026 09:51:25 AM
7976A,N,O,04/04/2026 09:51:44 AM
7976B,N,O,04/04/2026 08:58:57 AM
7977A,N,O,04/04/2026 08:57:43 AM
7977B,N,O,04/04/2026 08:58:12 AM
7978B,N,O,04/04/2026 08:56:48 AM
797A,N,O,04/04/2026 09:46:24 AM
797B,N,O,04/04/2026 08:57:49 AM
7980A,N,O,04/04/2026 08:59:47 AM
7980B,N,O,04/04/2026 08:59:47 AM
7981A,N,V,04/04/2026 09:41:45 AM
7981B,N,V,04/04/2026 09:10:55 AM
7982B,N,V,04/04/2026 09:41:49 AM
7983B,N,V,04/04/2026 09:43:39 AM
7984A,N,O,04/04/2026 09:37:17 AM
7984B,N,O,04/04/2026 09:46:11 AM
7985A,N,O,04/04/2026 08:59:52 AM
7985B,N,O,04/04/2026 08:59:45 AM
7986A,N,V,04/04/2026 09:39:38 AM
7988A,N,O,04/04/2026 08:56:43 AM
7988B,N,O,04/04/2026 09:28:25 AM
7989A,N,O,04/03/2026 09:52:21 PM
7989B,N,O,04/04/2026 08:55:50 AM
7990B,N,O,04/04/2026 08:59:51 AM
7991A,N,O,04/03/2026 07:39:51 PM
7991B,N,O,04/04/2026 08:58:52 AM
7993A,N,O,04/04/2026 08:56:47 AM
7994A,N,V,04/04/2026 09:45:15 AM
7994B,N,O,04/03/2026 08:56:04 AM
7995A,N,O,04/04/2026 08:59:48 AM
7996B,N,V,04/04/2026 09:37:34 AM
7997B,N,O,04/04/2026 09:35:29 AM
7998A,N,O,04/04/2026 08:56:45 AM
7998B,N,O,04/04/2026 09:38:23 AM
79A,N,O,04/04/2026 09:05:57 AM
79B,N,O,04/04/2026 08:55:49 AM
7A,NU,V,02/25/2026 11:59:45 PM
7B,NU,O,02/25/2026 11:41:07 PM
8002A,N,O,04/03/2026 10:32:48 AM
8003A,N,O,04/03/2026 09:56:50 AM
8003B,N,O,04/03/2026 05:40:12 PM
8004A,N,O,04/03/2026 04:59:16 PM
8004B,N,O,04/03/2026 06:27:03 PM
8005A,N,O,04/03/2026 07:52:08 PM
8005B,N,O,04/03/2026 09:59:47 AM
8006B,N,O,04/03/2026 01:21:57 PM
8012A,N,O,04/04/2026 08:57:57 AM
8012B,N,O,04/04/2026 08:57:50 AM
8013A,N,O,04/04/2026 08:56:49 AM
8013B,N,O,04/04/2026 08:56:49 AM
8014A,N,O,04/04/2026 08:55:44 AM
8018A,N,O,04/03/2026 09:56:40 AM
8019A,N,O,04/03/2026 05:47:24 PM
8019B,N,O,04/03/2026 06:02:08 PM
8020A,N,O,04/03/2026 09:59:40 AM
8020B,N,O,04/03/2026 09:59:40 AM
8021B,N,O,04/03/2026 02:08:57 PM
8022A,N,O,04/02/2026 07:57:50 AM
8022B,N,O,04/03/2026 09:57:43 AM
8023B,N,O,04/03/2026 07:55:40 PM
8030A,N,O,04/03/2026 09:59:48 AM
8030B,N,O,04/03/2026 04:31:17 PM
8031A,N,O,04/03/2026 09:59:20 AM
8031B,N,O,04/03/2026 06:48:36 PM
8032A,N,O,04/03/2026 09:57:48 AM
8032B,N,O,04/03/2026 09:57:48 AM
8033A,N,O,04/03/2026 06:30:04 PM
8033B,N,O,04/03/2026 03:37:31 PM
8034B,N,O,04/03/2026 05:02:22 PM
8035B,N,O,04/03/2026 12:35:54 PM
8042A,N,V,04/03/2026 09:06:15 PM
8042B,N,O,04/03/2026 09:57:47 AM
8043A,N,O,04/03/2026 05:39:05 PM
8043B,N,O,04/03/2026 04:36:24 PM
8044A,N,O,04/03/2026 09:55:57 AM
8044B,N,O,04/03/2026 09:55:50 AM
8045A,N,O,04/03/2026 03:21:35 PM
8045B,N,V,04/03/2026 09:57:50 PM
8052A,N,O,04/04/2026 09:46:53 AM
8054A,N,O,04/03/2026 09:28:32 PM
8054B,N,V,04/04/2026 09:50:19 AM
8055A,N,O,04/04/2026 09:19:30 AM
8055B,N,O,04/04/2026 09:45:32 AM
8056B,N,O,04/04/2026 08:58:49 AM
8057A,N,O,04/04/2026 08:57:46 AM
8057B,N,O,04/04/2026 09:43:33 AM
8058A,N,O,04/04/2026 08:56:51 AM
8058B,N,O,04/03/2026 09:09:09 PM
8059A,N,O,04/04/2026 09:32:02 AM
8061A,N,O,04/04/2026 08:58:49 AM
8061B,N,V,04/04/2026 09:44:29 AM
8062A,N,O,04/04/2026 08:57:59 AM
8062B,N,O,04/04/2026 08:57:51 AM
8063A,N,O,04/04/2026 09:08:10 AM
8063B,N,O,04/04/2026 08:56:54 AM
8064A,N,V,04/04/2026 09:44:38 AM
8064B,N,O,04/04/2026 08:55:45 AM
8071A,N,O,04/03/2026 03:21:05 PM
8071B,N,V,04/03/2026 03:20:48 PM
8072B,N,V,04/03/2026 09:57:53 PM
8079A,N,O,04/03/2026 08:41:56 PM
8079B,N,O,04/03/2026 09:55:56 AM
8080A,N,O,04/03/2026 09:59:44 AM
8082A,N,O,04/03/2026 09:57:45 AM
8082B,N,O,04/03/2026 09:57:45 AM
8083B,N,O,04/03/2026 04:47:50 PM
8084A,N,O,04/03/2026 09:55:49 AM
8084B,N,O,04/03/2026 02:23:27 PM
8085B,N,O,04/03/2026 05:07:19 PM
8086A,N,O,04/03/2026 10:18:18 AM
8086B,N,O,04/03/2026 10:12:18 AM
8087A,N,O,04/03/2026 09:57:58 AM
8087B,N,O,04/03/2026 09:57:51 AM
8092A,N,O,04/03/2026 03:45:29 PM
8092B,N,O,04/03/2026 10:29:04 AM
80A,N,O,04/04/2026 08:59:53 AM
80B,N,O,04/04/2026 09:22:06 AM
8101A,N,O,04/03/2026 09:58:47 AM
8101B,N,O,04/03/2026 09:58:47 AM
8103A,N,V,04/04/2026 09:38:23 AM
8103B,N,O,04/04/2026 08:56:47 AM
8104A,N,O,04/04/2026 08:55:47 AM
8104B,N,O,04/04/2026 08:55:47 AM
8106A,N,O,04/04/2026 08:58:40 AM
8106B,N,O,04/04/2026 08:58:40 AM
8107A,N,O,04/04/2026 08:57:46 AM
8107B,N,O,04/04/2026 08:57:46 AM
8108A,N,V,04/04/2026 09:44:39 AM
8108B,N,O,04/04/2026 08:56:51 AM
8109A,N,O,04/04/2026 08:55:44 AM
8109B,N,O,04/04/2026 08:55:44 AM
8110A,N,O,04/04/2026 08:59:59 AM
8110B,N,O,04/04/2026 08:59:52 AM
8111A,N,O,04/04/2026 08:58:48 AM
8112A,N,O,04/03/2026 08:58:01 AM
8112B,N,O,04/04/2026 08:57:41 AM
8113B,N,O,04/04/2026 09:39:19 AM
8114A,N,O,04/04/2026 08:55:43 AM
8114B,N,O,04/04/2026 08:55:43 AM
8115A,N,O,04/04/2026 09:46:22 AM
8115B,N,O,04/04/2026 08:59:50 AM
8116A,N,O,04/04/2026 08:58:46 AM
8120A,N,O,04/03/2026 10:01:17 AM
8120B,N,O,04/03/2026 09:59:02 PM
8121A,N,O,04/03/2026 08:19:25 PM
8121B,N,O,04/03/2026 01:03:05 PM
8122A,N,O,04/03/2026 09:57:51 AM
8122B,N,O,04/03/2026 11:53:39 AM
8123B,N,O,04/03/2026 09:02:22 PM
8124A,N,O,04/03/2026 09:55:51 AM
8124B,N,O,04/03/2026 09:56:02 AM
8125A,N,O,04/03/2026 09:59:51 AM
8125B,N,O,04/03/2026 09:59:51 AM
8126A,N,O,04/03/2026 05:58:39 PM
8126B,N,O,04/03/2026 04:32:10 PM
8127A,N,O,04/03/2026 10:49:43 AM
8127B,N,O,04/03/2026 07:36:38 PM
8128A,N,O,04/03/2026 09:56:59 AM
8128B,N,O,04/03/2026 09:57:33 AM
8129A,N,O,04/03/2026 09:55:48 AM
8129B,N,O,04/03/2026 09:55:44 AM
8130A,N,O,04/03/2026 10:00:10 AM
8130B,N,V,04/03/2026 09:52:43 PM
8131A,N,O,04/03/2026 05:20:57 PM
8132B,N,O,04/03/2026 09:57:53 AM
8135A,N,O,04/04/2026 08:59:52 AM
8135B,N,O,04/04/2026 08:59:48 AM
8136A,N,O,04/04/2026 09:12:59 AM
8136B,N,O,04/04/2026 08:58:46 AM
8137A,N,O,04/04/2026 08:57:51 AM
8137B,N,O,04/04/2026 08:57:54 AM
8138A,N,O,04/04/2026 08:56:49 AM
8138B,N,O,04/04/2026 09:00:48 AM
8139A,N,O,04/03/2026 10:14:35 AM
8139B,N,O,04/03/2026 07:03:58 PM
8144A,N,O,04/04/2026 08:55:49 AM
8144B,N,O,04/04/2026 09:03:30 AM
8145A,N,O,04/04/2026 08:59:49 AM
8145B,N,O,04/04/2026 08:59:49 AM
8146A,N,O,04/03/2026 06:28:55 PM
8146B,N,O,04/04/2026 09:43:45 AM
8147B,N,O,04/04/2026 08:57:48 AM
8148A,N,O,04/03/2026 09:53:22 PM
8148B,N,O,04/04/2026 08:56:45 AM
8149A,N,O,04/04/2026 08:55:38 AM
8149B,N,O,04/04/2026 08:55:38 AM
8150A,N,O,04/04/2026 08:59:51 AM
8150B,N,O,04/04/2026 09:38:54 AM
8152A,N,O,04/03/2026 09:57:46 AM
8152B,N,O,04/03/2026 08:09:43 PM
8153A,N,O,04/04/2026 08:56:45 AM
8154A,N,O,04/04/2026 08:55:52 AM
8154B,N,O,04/04/2026 08:55:45 AM
8155A,N,O,04/03/2026 04:25:44 PM
8155B,N,O,04/03/2026 03:02:59 PM
8156B,N,O,04/04/2026 08:58:45 AM
8157A,N,O,04/04/2026 08:57:46 AM
8157B,N,O,04/04/2026 08:57:46 AM
8158A,N,O,04/04/2026 08:56:50 AM
8158B,N,O,04/03/2026 05:46:37 PM
8159A,N,O,04/04/2026 08:55:45 AM
8159B,N,O,04/04/2026 08:55:45 AM
8160A,N,O,04/04/2026 08:59:43 AM
8160B,N,O,04/04/2026 09:00:03 AM
8161A,N,O,04/04/2026 09:40:42 AM
8161B,N,O,04/04/2026 08:58:55 AM
8162A,N,O,04/03/2026 08:57:48 AM
8162B,N,O,04/04/2026 08:57:46 AM
8163A,N,O,04/04/2026 08:56:42 AM
8163B,N,O,04/04/2026 08:56:42 AM
8164A,N,O,04/04/2026 08:55:42 AM
8164B,N,O,04/04/2026 08:55:42 AM
8177A,N,V,04/03/2026 09:39:18 PM
8179A,N,O,04/03/2026 05:53:40 PM
8179B,N,O,04/03/2026 07:09:39 PM
8185B,N,O,04/03/2026 06:53:07 PM
8186A,N,O,04/03/2026 11:48:41 AM
8186B,N,O,04/03/2026 05:07:53 PM
8187A,N,O,04/03/2026 09:57:48 AM
8188A,N,O,04/03/2026 10:30:36 AM
8188B,N,O,04/03/2026 07:57:54 PM
8189A,N,O,04/03/2026 11:49:28 AM
8190A,N,O,04/03/2026 09:59:50 AM
8190B,N,O,04/03/2026 09:59:50 AM
8191A,N,O,04/03/2026 07:12:09 PM
8191B,N,O,04/03/2026 07:12:09 PM
8192A,N,O,04/03/2026 01:58:56 PM
8192B,N,O,04/03/2026 12:13:24 PM
8193A,N,O,04/03/2026 09:57:45 AM
8193B,N,O,04/03/2026 06:35:03 PM
8194A,N,V,04/03/2026 08:09:53 PM
8194B,N,V,04/03/2026 05:22:42 PM
8195A,N,O,04/03/2026 08:16:28 PM
8195B,N,O,04/03/2026 06:11:20 PM
8196A,N,O,04/03/2026 05:11:53 PM
8196B,N,O,04/03/2026 02:33:48 PM
8197A,N,O,04/03/2026 04:06:35 PM
8197B,N,O,04/03/2026 04:05:52 PM
8198A,N,O,04/03/2026 05:53:12 PM
8198B,N,O,04/03/2026 06:06:50 PM
8199A,N,O,04/03/2026 05:39:46 PM
8199B,N,O,04/03/2026 05:13:03 PM
81A,N,O,04/04/2026 08:58:43 AM
81B,N,O,04/03/2026 09:49:39 PM
8201A,N,O,04/03/2026 09:58:40 AM
8201B,N,O,04/03/2026 09:58:40 AM
8202A,N,O,04/03/2026 05:32:26 PM
8202B,N,O,04/03/2026 09:33:18 PM
8203A,N,O,04/03/2026 09:56:47 AM
8203B,N,O,04/02/2026 07:56:46 AM
8211A,N,O,04/03/2026 09:58:44 AM
8211B,N,O,04/02/2026 01:44:08 PM
8212A,N,O,04/03/2026 09:57:51 AM
8212B,N,O,04/03/2026 09:57:51 AM
8213A,N,O,04/03/2026 05:21:39 PM
8214A,N,O,04/03/2026 09:55:46 AM
8214B,N,O,04/03/2026 09:55:53 AM
8215B,N,O,04/03/2026 09:59:44 AM
8216A,N,O,04/03/2026 08:53:23 PM
8218A,N,O,04/03/2026 03:42:00 PM
8218B,N,O,04/03/2026 09:56:52 AM
8219A,N,O,04/03/2026 09:55:46 AM
8219B,N,O,04/03/2026 03:01:55 PM
8222A,N,O,04/03/2026 07:48:02 PM
8222B,N,O,04/03/2026 04:13:27 PM
8223A,N,O,04/03/2026 09:49:34 PM
8223B,N,O,04/03/2026 06:11:12 PM
8226A,N,O,04/03/2026 09:58:54 AM
8226B,N,O,04/03/2026 09:58:54 AM
8227B,N,O,04/03/2026 09:57:50 AM
8229A,N,O,04/04/2026 09:32:04 AM
8229B,N,O,04/04/2026 08:55:46 AM
8230A,N,O,04/03/2026 09:59:41 AM
8230B,N,O,04/03/2026 05:27:53 PM
8231A,N,V,04/03/2026 09:19:00 PM
8231B,N,O,04/03/2026 09:58:49 AM
8232B,N,O,04/03/2026 09:57:51 AM
8233A,N,O,04/03/2026 09:59:54 PM
8233B,N,O,04/03/2026 09:56:49 AM
8236B,N,O,04/03/2026 11:56:15 AM
8237A,N,O,04/03/2026 09:58:03 AM
8237B,N,O,04/03/2026 01:47:13 PM
8238A,N,O,04/03/2026 03:37:46 PM
8238B,N,O,04/03/2026 09:58:05 PM
8239A,N,O,04/03/2026 08:50:39 PM
8239B,N,O,04/03/2026 04:45:55 PM
8241A,N,O,04/03/2026 06:58:50 PM
8241B,N,O,04/03/2026 06:05:05 PM
8246A,N,V,04/04/2026 09:44:12 AM
8246B,N,V,04/04/2026 09:28:34 AM
8247A,N,O,04/04/2026 08:58:17 AM
8247B,N,V,04/04/2026 09:20:54 AM
8248A,N,O,04/04/2026 09:21:21 AM
8248B,N,O,04/04/2026 08:56:43 AM
8249A,N,O,04/04/2026 08:55:45 AM
8251A,N,O,04/04/2026 09:23:08 AM
8251B,N,O,04/04/2026 09:50:46 AM
8252A,N,O,04/04/2026 08:57:44 AM
8252B,N,V,04/04/2026 09:45:22 AM
8253A,N,O,04/04/2026 08:56:52 AM
8253B,N,O,04/04/2026 08:56:52 AM
8254A,N,O,04/04/2026 08:55:50 AM
8254B,N,V,04/04/2026 09:44:05 AM
8255A,N,V,04/04/2026 09:51:35 AM
8255B,N,O,04/04/2026 09:51:44 AM
8256B,N,O,04/04/2026 08:59:02 AM
8257A,N,O,04/04/2026 08:57:51 AM
8258A,N,V,04/04/2026 09:49:58 AM
8258B,N,O,04/04/2026 09:31:27 AM
8259A,N,O,04/04/2026 09:07:48 AM
8259B,N,O,04/04/2026 09:33:08 AM
8260A,N,V,04/04/2026 09:18:57 AM
8260B,N,O,04/04/2026 09:31:38 AM
8261A,N,V,04/04/2026 09:51:16 AM
8261B,N,V,04/04/2026 09:51:26 AM
8262A,N,O,04/03/2026 10:30:32 AM
8262B,N,O,04/04/2026 08:57:46 AM
8263A,N,O,04/04/2026 08:56:47 AM
8263B,N,V,04/04/2026 09:51:27 AM
8264A,N,V,04/04/2026 09:21:17 AM
8264B,N,O,04/04/2026 09:20:40 AM
8266A,N,O,04/04/2026 09:47:04 AM
8266B,N,V,04/04/2026 09:47:31 AM
8267A,N,O,04/04/2026 08:57:42 AM
8267B,N,V,04/04/2026 09:51:15 AM
8268A,N,O,04/04/2026 09:15:08 AM
8268B,N,O,04/04/2026 09:14:38 AM
8269A,N,O,04/04/2026 08:55:39 AM
8269B,N,O,04/03/2026 08:55:49 AM
82A,N,O,04/04/2026 08:57:46 AM
82B,N,O,04/04/2026 08:57:46 AM
8304A,N,O,04/03/2026 08:24:25 PM
8304B,N,V,04/04/2026 09:51:31 AM
8305A,N,O,04/04/2026 09:33:48 AM
8305B,N,O,04/03/2026 08:39:14 PM
8306A,N,O,04/04/2026 08:58:56 AM
8306B,N,O,04/04/2026 08:58:56 AM
8309A,N,V,04/04/2026 09:50:47 AM
8310A,N,V,04/04/2026 09:45:30 AM
8310B,N,O,04/04/2026 08:59:53 AM
8311A,N,V,04/04/2026 09:50:43 AM
8311B,N,O,04/04/2026 09:51:31 AM
8312A,N,V,04/04/2026 09:37:38 AM
8312B,N,O,04/04/2026 09:06:01 AM
8313A,N,V,04/04/2026 09:08:07 AM
8313B,N,O,04/04/2026 09:18:43 AM
8314A,N,O,04/04/2026 09:18:30 AM
8314B,N,V,04/04/2026 09:43:20 AM
8315A,N,V,04/04/2026 09:50:55 AM
8315B,N,O,04/04/2026 09:13:40 AM
8316A,N,O,04/04/2026 09:43:16 AM
8316B,N,O,04/04/2026 08:58:47 AM
8319A,N,O,04/04/2026 09:42:15 AM
8319B,N,O,04/04/2026 09:50:53 AM
8320A,N,O,04/04/2026 08:59:45 AM
8320B,N,V,04/04/2026 09:08:58 AM
8321A,N,V,04/04/2026 09:08:55 AM
8321B,N,V,04/04/2026 09:05:53 AM
8322A,N,O,04/04/2026 09:44:03 AM
8324B,N,V,04/04/2026 09:51:21 AM
8325A,N,O,04/04/2026 09:51:10 AM
8325B,N,V,04/04/2026 09:51:22 AM
8326A,N,V,04/04/2026 09:49:41 AM
8326B,N,V,04/04/2026 09:44:55 AM
8327A,N,O,04/04/2026 09:11:57 AM
8327B,N,O,04/04/2026 09:11:50 AM
8328A,N,O,04/04/2026 09:14:35 AM
8328B,N,O,04/04/2026 08:56:54 AM
8329A,N,V,04/03/2026 07:32:13 PM
8329B,N,O,04/04/2026 08:55:51 AM
8330A,N,V,04/04/2026 09:25:37 AM
8330B,N,O,04/04/2026 08:59:53 AM
8331A,N,V,04/04/2026 09:20:01 AM
8331B,N,O,04/04/2026 09:13:06 AM
8333A,N,O,04/04/2026 09:11:18 AM
8333B,N,O,04/04/2026 09:35:07 AM
8334B,N,O,04/04/2026 08:55:47 AM
8335A,N,O,04/04/2026 09:44:20 AM
8335B,N,O,04/04/2026 09:25:57 AM
8336A,N,O,04/04/2026 08:58:44 AM
8336B,N,O,04/04/2026 08:58:44 AM
8337B,N,O,04/04/2026 08:57:46 AM
8338A,N,O,04/04/2026 09:16:15 AM
8338B,N,O,04/04/2026 08:56:46 AM
8339A,N,O,04/04/2026 08:55:52 AM
8339B,N,O,04/04/2026 08:55:52 AM
8340A,N,O,04/04/2026 09:50:07 AM
8340B,N,O,04/04/2026 09:44:31 AM
8341A,N,O,04/04/2026 09:47:50 AM
8341B,N,O,04/04/2026 08:58:54 AM
8342A,N,O,04/04/2026 09:43:34 AM
8342B,N,O,04/04/2026 09:25:12 AM
8343A,N,O,04/04/2026 09:37:45 AM
8343B,N,O,04/03/2026 07:42:22 PM
8344A,N,O,04/04/2026 09:37:17 AM
8344B,N,O,04/04/2026 08:55:46 AM
8345A,N,V,04/04/2026 09:43:16 AM
8345B,N,V,04/04/2026 09:49:21 AM
8346A,N,O,04/04/2026 08:58:50 AM
8346B,N,O,04/04/2026 08:58:50 AM
8347A,N,O,04/04/2026 09:46:27 AM
8349A,N,O,04/04/2026 08:55:49 AM
8349B,N,O,04/04/2026 08:55:49 AM
8350A,N,O,04/04/2026 09:44:06 AM
8350B,N,O,04/04/2026 09:19:42 AM
8351A,N,O,04/04/2026 09:49:15 AM
8351B,N,O,04/04/2026 09:40:41 AM
8352A,N,O,04/04/2026 08:57:50 AM
8352B,N,O,04/04/2026 08:58:11 AM
8353B,N,O,04/04/2026 08:56:46 AM
8354A,N,O,04/04/2026 09:51:04 AM
8354B,N,O,04/04/2026 08:55:50 AM
8360B,N,O,04/04/2026 09:14:10 AM
8361A,N,O,04/04/2026 09:15:59 AM
8361B,N,O,04/04/2026 09:10:23 AM
8362A,N,O,04/04/2026 08:57:50 AM
8362B,N,O,04/04/2026 08:57:50 AM
8363A,N,O,04/04/2026 08:56:44 AM
8363B,N,O,04/04/2026 08:56:44 AM
8364A,N,O,04/04/2026 08:55:49 AM
8364B,N,O,04/04/2026 09:43:39 AM
8365A,N,V,04/04/2026 09:45:40 AM
8365B,N,O,04/04/2026 09:22:18 AM
8366A,N,O,04/04/2026 09:50:03 AM
8366B,N,O,04/04/2026 09:50:07 AM
8367A,N,O,04/04/2026 08:57:55 AM
8367B,N,V,04/04/2026 09:16:24 AM
8369A,N,V,04/04/2026 09:40:58 AM
8369B,N,V,04/03/2026 11:37:41 AM
8370A,N,V,04/04/2026 09:50:19 AM
8370B,N,V,04/04/2026 09:51:25 AM
8371A,N,V,04/04/2026 09:19:42 AM
8371B,N,V,04/03/2026 09:59:40 PM
8372A,N,O,04/03/2026 08:47:58 PM
8372B,N,O,04/04/2026 09:26:11 AM
8373A,N,O,04/04/2026 08:56:43 AM
8373B,N,O,04/04/2026 09:36:54 AM
8374A,N,V,04/04/2026 09:51:42 AM
8374B,N,O,04/04/2026 08:55:43 AM
8375A,N,O,04/04/2026 08:59:50 AM
8375B,N,V,04/04/2026 09:28:50 AM
8376A,N,O,04/04/2026 09:49:54 AM
8377A,N,O,04/04/2026 08:57:53 AM
8378A,N,V,04/04/2026 09:47:45 AM
8378B,N,O,04/04/2026 08:56:54 AM
8379A,N,O,04/04/2026 08:55:55 AM
8379B,N,O,04/03/2026 07:57:56 PM
8380A,N,V,04/03/2026 09:45:19 PM
8380B,N,O,04/03/2026 08:53:06 PM
8381A,N,O,04/04/2026 09:51:38 AM
8381B,N,O,04/03/2026 09:11:47 PM
8382A,N,O,04/04/2026 08:57:54 AM
8382B,N,V,04/03/2026 08:52:28 PM
8383A,N,O,04/04/2026 09:22:28 AM
8383B,N,V,04/04/2026 08:57:12 AM
8384A,N,V,04/04/2026 09:43:58 AM
8384B,N,O,04/04/2026 08:55:49 AM
8385A,N,V,04/04/2026 09:51:05 AM
8385B,N,O,04/04/2026 09:51:30 AM
8386A,N,O,04/03/2026 09:58:54 PM
8386B,N,V,04/04/2026 09:29:06 AM
8387A,N,O,04/04/2026 08:57:46 AM
8387B,N,O,04/04/2026 09:35:03 AM
8388A,N,V,04/04/2026 09:34:31 AM
8388B,N,V,04/04/2026 08:58:03 AM
8389A,N,O,04/04/2026 09:12:27 AM
8390A,N,O,04/04/2026 09:35:45 AM
8390B,N,V,04/04/2026 09:10:45 AM
8391A,N,O,04/04/2026 08:58:45 AM
8391B,N,O,04/04/2026 08:58:45 AM
8392A,N,V,04/04/2026 09:49:37 AM
8392B,N,O,04/03/2026 09:30:28 PM
8393A,N,V,04/04/2026 09:07:49 AM
8393B,N,V,04/04/2026 09:22:46 AM
8394A,N,V,04/04/2026 09:51:12 AM
8394B,N,O,04/03/2026 06:11:14 PM
8395A,N,V,04/04/2026 09:01:56 AM
8395B,N,V,04/04/2026 09:31:03 AM
8396B,N,O,04/04/2026 08:59:00 AM
8397A,N,O,04/04/2026 08:57:52 AM
8401B,N,O,04/04/2026 09:50:20 AM
8402A,N,O,04/04/2026 08:57:52 AM
8402B,N,O,04/04/2026 08:57:52 AM
8403A,N,O,04/04/2026 08:56:48 AM
8403B,N,O,04/04/2026 08:56:51 AM
8404A,N,O,04/04/2026 08:55:55 AM
8404B,N,O,04/04/2026 08:55:55 AM
8405A,N,O,04/04/2026 09:30:37 AM
8405B,N,O,04/03/2026 07:31:17 PM
8406A,N,O,04/04/2026 08:58:56 AM
8406B,N,O,04/04/2026 08:58:56 AM
8407A,N,O,04/04/2026 08:57:46 AM
8407B,N,O,04/04/2026 08:57:46 AM
8408A,N,O,04/04/2026 08:56:45 AM
8408B,N,O,04/04/2026 08:56:45 AM
8409A,N,O,04/04/2026 08:55:52 AM
8409B,N,O,04/04/2026 08:55:52 AM
8410A,N,O,04/04/2026 09:03:13 AM
8411A,N,O,04/04/2026 09:51:20 AM
8411B,N,V,04/04/2026 09:47:59 AM
8412A,N,O,04/04/2026 08:57:50 AM
8412B,N,V,04/04/2026 09:15:41 AM
8413A,N,O,04/04/2026 08:57:40 AM
8413B,N,V,04/04/2026 09:03:07 AM
8414A,N,O,04/04/2026 08:55:49 AM
8414B,N,O,04/04/2026 08:55:49 AM
8415A,N,O,04/03/2026 06:47:21 PM
8415B,N,O,04/04/2026 08:59:55 AM
8416A,N,V,04/04/2026 09:51:03 AM
8416B,N,O,04/04/2026 08:58:53 AM
8417A,N,O,04/04/2026 08:57:51 AM
8417B,N,O,04/04/2026 09:29:52 AM
8418A,N,O,04/04/2026 08:56:45 AM
8418B,N,O,04/04/2026 08:56:55 AM
8419A,N,O,04/04/2026 08:55:44 AM
8419B,N,O,04/04/2026 08:55:44 AM
8433A,N,O,04/04/2026 09:27:49 AM
8434A,N,O,04/04/2026 09:51:34 AM
8434B,N,V,04/04/2026 09:51:15 AM
8435A,N,O,04/04/2026 08:59:49 AM
8435B,N,V,04/04/2026 09:33:39 AM
8437A,N,O,04/04/2026 09:51:30 AM
8437B,N,O,04/04/2026 09:47:45 AM
8438A,N,O,04/04/2026 09:50:47 AM
8438B,N,V,04/04/2026 09:00:04 AM
8439A,N,O,04/04/2026 08:55:55 AM
8441A,N,O,04/04/2026 08:58:51 AM
8441B,N,O,04/04/2026 08:58:47 AM
8442B,N,O,04/04/2026 08:57:43 AM
8448A,N,O,04/04/2026 09:51:38 AM
8448B,N,V,04/04/2026 09:26:02 AM
8449A,N,O,04/04/2026 09:51:20 AM
8449B,N,O,04/04/2026 08:55:45 AM
8450A,N,O,04/04/2026 09:31:07 AM
8450B,N,O,04/04/2026 08:59:54 AM
8451A,N,O,04/04/2026 08:58:50 AM
8451B,N,O,04/04/2026 09:18:46 AM
8452A,N,V,04/04/2026 09:27:40 AM
8452B,N,O,04/04/2026 09:29:18 AM
8453A,N,O,04/04/2026 08:56:56 AM
8453B,N,O,04/04/2026 08:56:48 AM
8454A,N,O,04/04/2026 08:55:49 AM
8454B,N,O,04/04/2026 08:55:49 AM
8455A,N,V,04/04/2026 09:30:54 AM
8455B,N,O,04/04/2026 09:51:39 AM
8456A,N,O,04/04/2026 08:58:53 AM
8456B,N,O,04/03/2026 08:58:50 AM
8457A,N,V,04/04/2026 09:49:14 AM
8457B,N,V,04/04/2026 09:48:41 AM
8474A,N,O,04/04/2026 08:55:47 AM
8474B,N,O,04/04/2026 08:55:47 AM
8476A,N,O,04/04/2026 08:58:44 AM
8476B,N,O,04/04/2026 09:23:44 AM
8477A,N,O,04/04/2026 08:57:45 AM
8477B,N,O,04/04/2026 08:57:45 AM
8490B,N,O,04/04/2026 08:59:48 AM
8491A,N,O,04/04/2026 08:58:54 AM
8491B,N,V,04/04/2026 09:46:11 AM
8492A,N,O,04/04/2026 08:57:39 AM
8492B,N,O,04/04/2026 09:26:17 AM
8493A,N,O,04/04/2026 08:56:39 AM
8493B,N,O,04/04/2026 08:56:39 AM
8494A,N,V,04/04/2026 09:51:30 AM
8494B,N,V,04/04/2026 09:47:33 AM
8495A,N,O,04/04/2026 08:59:46 AM
8495B,N,O,04/04/2026 09:32:38 AM
8496A,N,O,04/04/2026 08:58:46 AM
8496B,N,O,04/04/2026 09:42:19 AM
8497A,N,O,04/04/2026 08:57:46 AM
8497B,N,O,04/04/2026 08:57:46 AM
8498A,N,O,04/04/2026 08:56:52 AM
8498B,N,O,04/04/2026 09:36:04 AM
8499A,N,O,04/04/2026 08:55:47 AM
8503A,N,O,04/04/2026 09:24:39 AM
8503B,N,O,04/04/2026 08:56:42 AM
8504A,N,O,04/04/2026 08:55:41 AM
8504B,N,O,04/04/2026 08:55:41 AM
8505A,N,O,04/04/2026 09:27:21 AM
8505B,N,O,04/04/2026 09:30:21 AM
8506A,N,O,04/04/2026 08:58:48 AM
8506B,N,O,04/04/2026 08:58:52 AM
8507B,N,O,04/04/2026 08:57:53 AM
8508A,N,V,04/04/2026 09:51:21 AM
8508B,N,O,04/04/2026 08:56:40 AM
8509A,N,O,04/04/2026 08:55:51 AM
8509B,N,O,04/04/2026 08:55:51 AM
8510A,N,O,04/04/2026 09:51:22 AM
8510B,N,O,04/04/2026 08:59:59 AM
8511A,N,O,04/04/2026 08:58:50 AM
8511B,N,O,04/04/2026 08:58:50 AM
8512A,N,O,04/04/2026 08:57:53 AM
8512B,N,O,04/04/2026 08:57:53 AM
8513A,N,O,04/04/2026 09:50:51 AM
8513B,N,O,04/04/2026 08:56:53 AM
8514A,N,O,04/04/2026 08:55:45 AM
8514B,N,O,04/04/2026 08:55:49 AM
8515A,N,V,04/04/2026 09:50:58 AM
8540A,N,O,04/04/2026 08:59:59 AM
8540B,N,O,04/04/2026 08:59:51 AM
8541A,N,O,04/04/2026 08:58:51 AM
8541B,N,O,04/03/2026 04:55:08 PM
8542A,N,O,04/04/2026 08:57:47 AM
8542B,N,O,04/04/2026 08:57:47 AM
8543A,N,V,04/04/2026 09:35:12 AM
8543B,N,V,04/04/2026 09:43:34 AM
8544A,N,O,04/04/2026 08:55:48 AM
8544B,N,O,04/04/2026 08:58:35 AM
8545A,N,O,04/04/2026 08:59:52 AM
8545B,N,O,04/04/2026 09:14:37 AM
8546A,N,V,04/04/2026 09:39:59 AM
8546B,N,O,04/04/2026 08:58:52 AM
8547A,N,V,04/04/2026 09:33:03 AM
8547B,N,O,04/04/2026 08:57:54 AM
8548A,N,O,04/04/2026 09:37:10 AM
8548B,N,V,04/04/2026 09:37:30 AM
8549A,N,O,04/04/2026 08:55:47 AM
8549B,N,O,04/04/2026 09:15:58 AM
8550A,N,O,04/04/2026 08:59:52 AM
8550B,N,V,04/04/2026 09:42:55 AM
8551A,N,V,04/04/2026 09:50:58 AM
8551B,N,O,04/04/2026 09:03:12 AM
8552A,N,O,04/04/2026 08:57:46 AM
8552B,N,O,04/04/2026 08:57:46 AM
8553A,N,O,04/04/2026 08:56:44 AM
8553B,N,O,04/04/2026 08:56:51 AM
8554A,N,O,04/04/2026 08:55:48 AM
8554B,N,O,04/04/2026 08:55:48 AM
8555A,N,O,04/04/2026 08:59:44 AM
8557A,N,O,04/04/2026 08:57:49 AM
8557B,N,O,04/04/2026 08:57:49 AM
8558A,N,O,04/04/2026 08:56:43 AM
8558B,N,O,04/04/2026 08:56:43 AM
8561A,N,O,04/04/2026 08:58:59 AM
8561B,N,O,04/04/2026 08:58:55 AM
8562B,N,O,04/04/2026 08:57:45 AM
8563A,N,O,04/04/2026 08:56:45 AM
8563B,N,O,04/03/2026 12:49:02 PM
8564A,N,O,04/04/2026 08:55:55 AM
8564B,N,O,04/04/2026 08:55:51 AM
8565A,N,O,04/04/2026 09:44:05 AM
8565B,N,V,04/04/2026 09:45:42 AM
8566A,N,O,04/04/2026 09:30:11 AM
8566B,N,V,04/04/2026 09:48:14 AM
8568A,N,O,04/03/2026 09:33:22 PM
8568B,N,V,03/03/2026 11:41:56 PM
8569A,N,O,04/03/2026 08:09:40 PM
8569B,N,V,04/03/2026 09:42:09 PM
8590A,N,O,04/04/2026 08:59:50 AM
8590B,N,O,04/04/2026 08:59:50 AM
8591A,N,O,04/04/2026 08:58:52 AM
8591B,N,O,04/04/2026 09:07:01 AM
8592A,N,O,04/04/2026 09:27:22 AM
8592B,N,O,04/04/2026 08:57:54 AM
8593A,NU,O,04/03/2026 08:56:45 AM
8593B,NU,O,04/03/2026 08:56:45 AM
8594A,N,V,04/04/2026 09:51:26 AM
8594B,N,V,04/04/2026 09:51:26 AM
8595A,N,V,04/04/2026 09:50:54 AM
8595B,N,O,04/04/2026 08:59:49 AM
8596A,N,O,04/04/2026 08:58:46 AM
8597A,N,V,04/03/2026 07:53:30 PM
8597B,N,O,04/03/2026 09:23:21 PM
8598A,N,O,04/03/2026 09:25:03 PM
8598B,N,O,04/03/2026 08:28:44 PM
8599A,N,O,04/04/2026 08:55:48 AM
8599B,N,O,04/04/2026 08:55:55 AM
8600A,N,O,04/04/2026 08:59:46 AM
8600B,N,O,04/04/2026 09:36:28 AM
8611A,N,O,04/04/2026 08:58:51 AM
8611B,N,O,04/04/2026 09:32:23 AM
8612A,N,O,04/04/2026 08:57:51 AM
8612B,N,O,04/03/2026 07:52:32 PM
8613A,N,O,04/04/2026 08:57:39 AM
8613B,N,O,04/04/2026 08:56:55 AM
8614A,NU,O,04/03/2026 12:44:45 PM
8614B,NU,O,04/03/2026 08:55:49 AM
8616A,N,O,04/04/2026 09:31:42 AM
8616B,N,O,04/04/2026 08:58:41 AM
8617A,N,O,04/04/2026 08:57:47 AM
8617B,N,O,04/04/2026 08:57:43 AM
8618A,N,O,04/04/2026 08:56:57 AM
8618B,N,O,04/04/2026 08:56:53 AM
8619A,N,O,04/04/2026 09:47:30 AM
8619B,N,O,04/04/2026 09:35:21 AM
8620A,N,O,04/04/2026 08:59:48 AM
8622A,N,O,04/04/2026 09:47:28 AM
8623A,N,O,04/04/2026 08:56:46 AM
8623B,N,V,04/04/2026 09:33:32 AM
8625A,N,V,04/03/2026 08:46:28 PM
8625B,N,O,04/03/2026 09:31:33 PM
8626A,N,O,04/04/2026 08:58:47 AM
8627A,N,O,04/04/2026 08:57:41 AM
8627B,N,O,04/03/2026 09:46:13 PM
8628A,N,O,04/04/2026 08:56:44 AM
8628B,N,O,04/04/2026 08:56:44 AM
8629A,N,V,04/04/2026 09:50:03 AM
8629B,N,V,04/04/2026 09:50:54 AM
8630A,N,O,04/03/2026 03:24:06 PM
8630B,N,O,04/04/2026 08:59:49 AM
8631A,N,O,04/04/2026 09:41:19 AM
8631B,N,O,04/04/2026 08:58:47 AM
8632A,N,O,04/04/2026 08:57:52 AM
8632B,N,O,04/04/2026 08:57:52 AM
8633A,N,O,04/04/2026 08:56:41 AM
8633B,N,V,04/03/2026 09:59:36 PM
8634A,N,V,04/04/2026 09:50:53 AM
8634B,N,O,04/04/2026 08:55:53 AM
8635A,N,O,04/04/2026 08:59:47 AM
8635B,N,V,04/04/2026 09:37:56 AM
8646A,N,O,04/04/2026 08:59:02 AM
8646B,N,O,04/04/2026 08:58:47 AM
8647A,N,V,04/04/2026 09:50:20 AM
8647B,N,O,04/04/2026 08:57:40 AM
8648A,N,O,04/04/2026 08:56:45 AM
8648B,N,O,04/04/2026 09:40:41 AM
8649A,N,O,04/04/2026 08:55:46 AM
8649B,N,V,04/04/2026 09:50:06 AM
8651A,N,O,04/04/2026 09:18:11 AM
8651B,N,O,04/04/2026 08:58:51 AM
8652A,N,O,04/04/2026 08:57:46 AM
8652B,N,O,04/04/2026 08:57:46 AM
8653A,N,O,04/04/2026 09:46:45 AM
8653B,N,V,04/04/2026 09:18:25 AM
8654A,N,V,04/04/2026 09:48:16 AM
8654B,N,O,04/04/2026 09:51:35 AM
8655A,N,O,04/04/2026 08:59:43 AM
8655B,N,V,04/03/2026 09:59:39 PM
8656A,N,O,04/03/2026 05:42:12 PM
8656B,N,O,04/04/2026 08:58:56 AM
8657A,N,O,04/04/2026 08:57:45 AM
8657B,N,O,04/04/2026 08:57:45 AM
8664A,N,O,04/04/2026 08:55:49 AM
8665A,N,O,04/04/2026 09:30:10 AM
8665B,N,O,04/04/2026 08:59:56 AM
8666A,N,V,04/04/2026 09:49:47 AM
8666B,N,O,04/04/2026 09:28:26 AM
8667A,N,O,04/04/2026 08:57:47 AM
8667B,N,O,04/04/2026 08:57:47 AM
8668A,N,O,04/03/2026 09:57:05 AM
8668B,N,O,04/03/2026 09:58:16 PM
8669A,N,O,04/03/2026 05:07:17 PM
8669B,N,V,04/03/2026 09:59:33 PM
8673A,N,V,04/04/2026 09:10:29 AM
8673B,N,O,04/04/2026 08:56:50 AM
8674A,N,O,04/04/2026 09:35:33 AM
8675A,N,O,04/04/2026 08:59:51 AM
8675B,N,O,04/03/2026 03:24:18 PM
8676A,N,O,04/04/2026 08:58:53 AM
8676B,N,O,04/04/2026 08:58:44 AM
8677B,N,V,04/04/2026 09:49:20 AM
8678A,N,O,04/04/2026 08:56:51 AM
8678B,N,V,04/04/2026 09:51:42 AM
8679A,N,O,04/03/2026 07:56:33 PM
8679B,N,V,04/04/2026 09:47:19 AM
8680A,N,V,04/04/2026 09:50:58 AM
8680B,N,O,04/04/2026 08:59:49 AM
8684A,N,O,04/04/2026 09:49:40 AM
8684B,N,O,04/04/2026 08:55:57 AM
8685A,N,O,04/04/2026 08:59:49 AM
8685B,N,O,04/04/2026 08:59:49 AM
8687A,N,O,04/03/2026 05:56:30 PM
8687B,N,O,04/03/2026 09:59:52 PM
8688A,N,O,04/03/2026 09:56:49 AM
8690B,N,V,04/04/2026 09:39:35 AM
8691A,N,O,04/04/2026 09:30:58 AM
8691B,N,V,04/04/2026 09:33:24 AM
8692A,N,O,04/04/2026 08:57:53 AM
8692B,N,O,04/04/2026 08:57:53 AM
8693A,N,O,04/04/2026 09:39:28 AM
8693B,N,O,04/04/2026 08:56:54 AM
8694A,N,V,04/04/2026 09:44:52 AM
8694B,N,O,04/04/2026 08:55:52 AM
8695A,N,O,04/04/2026 08:59:46 AM
8695B,N,O,04/04/2026 09:49:41 AM
8696A,N,O,04/04/2026 08:58:58 AM
8696B,N,O,04/04/2026 09:30:04 AM
8700A,N,O,04/04/2026 08:59:52 AM
8700B,N,O,04/04/2026 09:51:38 AM
8705A,N,O,04/03/2026 11:51:11 AM
8705B,N,O,04/03/2026 08:51:18 PM
8706A,N,O,04/03/2026 09:58:56 AM
8706B,N,O,04/03/2026 04:46:04 PM
8707A,N,O,04/04/2026 08:57:57 AM
8707B,N,O,04/04/2026 08:57:49 AM
8708A,N,O,04/04/2026 08:56:52 AM
8708B,N,O,04/04/2026 09:25:42 AM
870A,N,O,04/04/2026 08:59:42 AM
870B,N,O,04/04/2026 08:59:42 AM
8710A,N,V,04/04/2026 09:45:12 AM
8711A,N,O,04/04/2026 09:27:52 AM
8711B,N,V,04/04/2026 09:46:38 AM
8713A,N,O,04/03/2026 09:58:24 PM
8713B,N,O,04/03/2026 05:00:08 PM
8714A,N,O,04/03/2026 09:56:36 PM
8714B,N,O,04/03/2026 09:56:54 PM
8715A,N,V,04/03/2026 12:15:56 PM
8715B,N,V,04/03/2026 02:22:55 PM
8716B,N,V,04/03/2026 05:09:10 PM
8717A,N,V,04/03/2026 01:47:26 PM
8717B,N,V,04/02/2026 03:53:41 PM
8718A,N,V,04/03/2026 06:11:27 PM
8718B,N,V,04/03/2026 05:55:08 PM
8719B,N,V,04/03/2026 09:47:19 PM
871A,N,O,04/04/2026 09:14:50 AM
871B,N,O,04/04/2026 08:58:54 AM
8720A,N,O,04/04/2026 09:21:55 AM
8720B,N,V,04/03/2026 07:01:07 PM
8721A,N,O,04/04/2026 08:58:45 AM
8721B,N,V,04/04/2026 09:44:18 AM
8722A,N,O,04/03/2026 07:39:41 PM
8722B,N,O,04/04/2026 08:57:43 AM
8723B,N,O,04/04/2026 09:48:45 AM
8724A,N,O,04/03/2026 05:46:15 PM
8724B,N,O,04/04/2026 08:55:47 AM
8725A,N,O,04/04/2026 08:59:44 AM
8725B,N,O,04/03/2026 07:35:06 PM
8726A,N,O,04/04/2026 08:58:50 AM
8726B,N,O,04/04/2026 08:58:50 AM
8727A,N,V,04/01/2026 01:08:55 PM
8727B,N,O,04/03/2026 09:53:26 PM
8728A,N,V,04/03/2026 09:59:03 PM
8728B,N,V,04/01/2026 11:50:41 AM
8729A,N,V,03/31/2026 01:18:09 PM
8729B,N,V,04/02/2026 07:39:34 PM
8730A,N,O,04/03/2026 06:28:02 PM
8730B,N,O,04/03/2026 07:30:35 PM
8731A,N,O,04/03/2026 04:20:06 PM
8731B,N,V,04/03/2026 09:59:42 PM
8733A,N,O,04/04/2026 08:56:49 AM
8733B,N,O,04/04/2026 08:56:49 AM
8734A,N,O,04/04/2026 08:56:19 AM
8734B,N,O,04/04/2026 08:55:48 AM
8735A,N,O,04/04/2026 08:59:48 AM
8735B,N,O,04/04/2026 09:00:05 AM
8736A,N,O,04/03/2026 09:23:17 PM
8736B,N,O,04/04/2026 09:27:34 AM
8737A,N,O,04/04/2026 08:57:51 AM
8737B,N,O,04/04/2026 09:39:30 AM
8738A,N,O,04/04/2026 09:33:14 AM
8738B,N,O,04/04/2026 08:56:48 AM
8739A,N,O,04/04/2026 08:55:53 AM
8739B,N,O,04/04/2026 09:43:24 AM
8750A,N,O,04/04/2026 08:59:47 AM
8751A,N,O,04/04/2026 08:58:50 AM
8751B,N,O,04/04/2026 08:58:50 AM
8753A,N,O,04/04/2026 08:56:44 AM
8754A,N,O,04/04/2026 09:42:20 AM
8754B,N,O,04/04/2026 08:55:43 AM
8755B,N,O,04/04/2026 08:59:44 AM
8756A,N,O,04/04/2026 08:58:50 AM
8757A,N,O,04/04/2026 08:57:49 AM
8757B,N,O,04/04/2026 08:57:49 AM
8758A,N,O,04/04/2026 08:56:54 AM
8758B,N,O,04/04/2026 08:56:54 AM
8759A,N,O,04/04/2026 08:55:49 AM
8759B,N,O,04/04/2026 08:55:49 AM
8760B,N,O,04/04/2026 08:59:50 AM
8762A,N,O,04/03/2026 09:03:42 PM
8762B,N,V,04/03/2026 09:18:28 PM
8764A,N,O,04/04/2026 08:55:46 AM
8765A,N,O,04/04/2026 08:59:53 AM
8765B,N,O,04/04/2026 09:36:43 AM
8766A,N,O,04/04/2026 08:58:47 AM
8766B,N,O,04/04/2026 08:58:47 AM
8767A,N,O,04/04/2026 08:57:59 AM
8767B,N,V,04/04/2026 09:48:38 AM
8768A,N,O,04/04/2026 08:56:58 AM
8768B,N,O,04/04/2026 08:56:51 AM
876A,N,V,04/03/2026 05:44:59 PM
876B,N,O,04/04/2026 08:58:48 AM
877A,N,O,04/04/2026 08:57:54 AM
877B,N,V,04/04/2026 09:42:34 AM
878A,N,V,04/04/2026 09:49:25 AM
878B,N,V,04/04/2026 09:15:25 AM
879A,N,V,04/03/2026 04:53:14 PM
879B,N,V,04/03/2026 05:35:40 PM
8803A,N,O,04/04/2026 08:56:51 AM
8804A,N,V,04/04/2026 09:27:13 AM
8804B,N,O,04/04/2026 09:04:02 AM
8805A,N,O,04/04/2026 08:59:43 AM
8805B,N,O,04/04/2026 08:59:43 AM
8806A,NU,O,04/03/2026 09:16:27 PM
8806B,NU,O,04/03/2026 12:29:01 PM
8807A,N,O,04/04/2026 09:51:16 AM
8807B,N,O,04/04/2026 08:57:47 AM
8808B,N,O,04/04/2026 08:56:50 AM
8809A,N,O,04/04/2026 08:55:47 AM
8809B,N,O,04/04/2026 08:55:47 AM
880A,N,V,04/04/2026 09:51:32 AM
880B,N,V,04/03/2026 06:47:18 PM
8810A,N,V,04/04/2026 09:47:12 AM
8810B,N,O,04/04/2026 08:59:45 AM
8819A,NU,O,04/03/2026 04:04:14 PM
8819B,NU,O,04/03/2026 03:55:50 PM
881A,N,V,04/03/2026 07:49:44 PM
881B,N,V,04/03/2026 07:49:29 PM
8820A,N,V,04/04/2026 09:40:40 AM
8820B,N,O,04/04/2026 08:59:52 AM
8822A,N,O,04/04/2026 08:57:40 AM
8822B,N,V,04/03/2026 07:39:32 PM
8825A,N,O,04/04/2026 08:59:56 AM
8825B,N,V,04/04/2026 09:42:31 AM
8826A,NU,V,04/03/2026 09:35:02 PM
8826B,NU,O,04/03/2026 08:10:54 PM
8827A,N,V,04/04/2026 09:38:55 AM
882A,N,O,04/04/2026 09:46:08 AM
882B,N,V,04/03/2026 09:53:17 PM
8830A,N,O,04/03/2026 05:32:44 PM
8830B,N,O,04/04/2026 08:59:52 AM
8831A,N,O,04/04/2026 08:58:46 AM
8831B,N,O,04/04/2026 08:58:46 AM
8832A,N,O,04/04/2026 08:57:52 AM
8832B,N,O,04/04/2026 08:57:52 AM
8833A,N,O,04/04/2026 08:57:00 AM
8833B,N,O,04/03/2026 08:56:51 AM
8834A,N,O,04/04/2026 08:55:54 AM
8834B,N,O,04/04/2026 09:48:10 AM
8835A,N,O,04/04/2026 08:59:51 AM
8835B,N,O,04/04/2026 09:00:02 AM
883A,N,O,04/04/2026 09:11:31 AM
883B,N,V,04/04/2026 09:50:19 AM
884A,N,O,04/04/2026 09:48:24 AM
884B,N,O,04/04/2026 09:00:14 AM
8856A,N,O,04/04/2026 09:48:04 AM
8856B,N,O,04/04/2026 08:58:47 AM
8857A,N,O,04/04/2026 08:57:44 AM
8857B,N,O,04/04/2026 08:57:44 AM
8859A,N,O,04/03/2026 09:56:18 AM
8859B,N,O,04/03/2026 09:55:53 AM
885A,N,V,04/04/2026 09:51:20 AM
885B,N,O,04/04/2026 09:00:54 AM
8860A,N,O,04/02/2026 08:00:33 AM
8860B,N,O,04/03/2026 09:59:38 AM
8862A,N,O,04/03/2026 09:57:45 AM
8862B,N,O,04/03/2026 09:57:45 AM
886A,N,O,04/04/2026 09:24:53 AM
886B,N,O,04/04/2026 08:59:55 AM
8886A,N,O,04/04/2026 09:16:04 AM
8886B,N,O,04/04/2026 08:58:45 AM
8888A,N,O,04/03/2026 03:50:52 PM
8890A,N,O,04/04/2026 08:59:46 AM
8890B,N,O,04/04/2026 09:50:36 AM
8891A,N,O,04/04/2026 09:32:55 AM
8891B,N,O,04/04/2026 09:30:41 AM
8892A,N,O,04/04/2026 09:34:42 AM
8892B,N,O,04/04/2026 08:57:51 AM
8893A,N,O,04/04/2026 08:56:50 AM
8893B,N,O,04/04/2026 08:56:50 AM
8894B,N,O,04/04/2026 09:07:55 AM
8895A,N,V,04/04/2026 09:41:51 AM
8895B,N,O,04/03/2026 06:26:48 PM
8896A,N,O,04/04/2026 08:58:45 AM
8896B,N,V,04/04/2026 09:42:00 AM
8897A,N,O,04/04/2026 08:57:47 AM
8897B,N,O,04/04/2026 09:23:38 AM
8899A,N,O,04/04/2026 08:55:52 AM
8899B,N,O,04/04/2026 08:55:52 AM
889A,N,O,04/04/2026 08:55:46 AM
889B,N,O,04/04/2026 08:55:57 AM
88A,N,O,04/04/2026 09:47:39 AM
88B,N,O,04/04/2026 09:49:54 AM
8900A,N,O,04/04/2026 08:59:52 AM
8900B,N,O,04/04/2026 09:49:42 AM
8904A,N,O,04/04/2026 08:55:45 AM
8904B,N,O,04/04/2026 08:55:45 AM
8906A,N,O,04/04/2026 08:58:55 AM
8906B,N,O,04/04/2026 09:09:53 AM
890A,N,O,04/04/2026 09:00:11 AM
890B,N,O,04/04/2026 09:00:25 AM
8935A,N,O,04/04/2026 08:59:56 AM
8935B,N,O,04/04/2026 08:59:56 AM
8936A,N,O,04/03/2026 05:58:48 PM
8936B,N,O,04/04/2026 08:58:44 AM
8937A,N,O,04/04/2026 09:51:31 AM
8937B,N,O,04/04/2026 08:57:44 AM
8938A,N,O,04/04/2026 09:45:51 AM
8938B,N,O,04/03/2026 08:56:44 AM
8939A,N,O,04/04/2026 08:55:52 AM
8939B,N,O,04/04/2026 08:55:52 AM
8961A,N,O,04/03/2026 06:29:20 PM
8961B,N,O,04/03/2026 06:29:42 PM
8962A,N,O,04/03/2026 11:52:53 AM
8962B,N,O,04/03/2026 09:57:47 AM
8963A,N,O,04/03/2026 04:54:39 PM
8963B,N,O,04/03/2026 06:42:27 PM
8964B,N,O,04/03/2026 06:35:19 PM
8965A,N,O,04/03/2026 06:33:53 PM
8965B,N,O,04/02/2026 02:55:51 PM
8966A,N,O,04/03/2026 10:00:14 AM
8966B,N,O,04/03/2026 02:56:03 PM
899B,N,O,04/02/2026 06:55:51 AM
89A,N,O,04/04/2026 08:55:50 AM
89B,N,O,04/03/2026 09:10:30 PM
8A,NU,V,02/25/2026 11:17:55 PM
8B,NU,O,02/25/2026 08:56:25 PM
90004A,N,O,04/03/2026 01:56:30 AM
90004B,N,O,04/04/2026 01:56:26 AM
90006A,N,O,04/04/2026 09:00:38 AM
90006B,N,O,04/04/2026 09:00:19 AM
90007A,NU,O,04/04/2026 12:00:46 AM
90007B,NU,O,04/04/2026 12:00:17 AM
90010A,N,O,04/04/2026 01:59:56 AM
90010B,N,O,04/04/2026 01:59:56 AM
90055A,NU,O,03/28/2026 12:30:40 PM
90055B,NU,O,03/27/2026 02:03:59 PM
90056A,N,O,04/04/2026 05:58:49 AM
90056B,N,O,04/04/2026 05:58:49 AM
90061A,NU,V,07/03/2023 10:42:34 AM
90061B,NU,V,07/03/2023 10:42:34 AM
90063A,NU,O,12/22/2025 03:31:18 PM
90063B,NU,O,12/22/2025 03:27:37 PM
90064A,NU,O,12/22/2025 03:32:45 PM
90064B,NU,O,12/22/2025 03:32:45 PM
90066A,NU,O,03/28/2026 12:30:43 PM
90066B,NU,O,03/28/2026 12:31:04 PM
900A,N,O,04/04/2026 09:49:15 AM
900B,N,O,04/04/2026 06:59:49 AM
901A,N,O,04/04/2026 08:58:27 AM
901B,N,O,04/04/2026 07:12:36 AM
9021A,N,O,04/04/2026 08:58:47 AM
9021B,N,O,04/04/2026 08:58:47 AM
9022A,N,O,04/04/2026 08:57:48 AM
9022B,N,O,04/04/2026 08:57:52 AM
902A,N,V,01/12/2026 10:52:05 AM
902B,N,O,01/12/2026 10:51:48 AM
9034A,N,O,04/04/2026 08:55:46 AM
9034B,N,O,04/04/2026 08:55:46 AM
9035A,N,O,04/04/2026 08:59:46 AM
9035B,N,O,04/04/2026 08:59:46 AM
9036A,N,O,04/04/2026 08:58:44 AM
9036B,N,O,04/04/2026 08:58:44 AM
9037A,N,O,04/04/2026 08:57:51 AM
9037B,N,O,04/04/2026 08:57:47 AM
9038A,N,O,04/04/2026 08:56:54 AM
9038B,N,O,04/04/2026 08:56:51 AM
9039A,N,O,04/04/2026 08:55:43 AM
9039B,N,O,04/04/2026 08:56:23 AM
903A,N,O,04/04/2026 08:58:29 AM
903B,N,O,04/04/2026 08:30:09 AM
9040A,N,O,04/04/2026 08:59:56 AM
9040B,N,O,04/04/2026 09:01:15 AM
9041A,N,O,04/03/2026 08:45:40 PM
9041B,N,O,04/04/2026 08:58:56 AM
9044A,N,O,04/04/2026 08:56:02 AM
9044B,N,O,04/04/2026 08:55:47 AM
904A,N,O,04/04/2026 08:46:23 AM
904B,N,O,04/04/2026 08:58:02 AM
9051A,N,O,04/04/2026 08:58:50 AM
9051B,N,O,04/04/2026 08:58:50 AM
9052A,N,O,04/04/2026 09:27:54 AM
9052B,N,O,04/04/2026 08:57:48 AM
9053A,N,O,04/04/2026 08:56:45 AM
9053B,N,O,04/04/2026 08:56:45 AM
9054A,N,O,04/03/2026 09:39:48 PM
9054B,N,O,04/04/2026 08:55:46 AM
9055A,N,O,04/04/2026 09:06:58 AM
9055B,N,O,04/04/2026 08:59:48 AM
9056B,N,O,04/04/2026 08:58:46 AM
905A,N,O,04/04/2026 08:54:46 AM
905B,N,O,04/04/2026 07:48:32 AM
9061A,N,O,04/04/2026 09:42:37 AM
9061B,N,O,04/04/2026 08:58:51 AM
9062A,N,O,04/04/2026 08:57:43 AM
9062B,N,O,04/04/2026 09:51:42 AM
9075A,N,O,04/04/2026 08:59:53 AM
9075B,N,O,04/04/2026 09:00:01 AM
9076A,N,O,04/04/2026 08:58:48 AM
9076B,N,O,04/04/2026 08:58:48 AM
9077A,N,O,04/04/2026 08:57:50 AM
907B,N,O,04/04/2026 08:46:32 AM
9080A,N,O,04/04/2026 08:59:52 AM
9080B,N,O,04/04/2026 08:59:52 AM
9082A,N,O,04/04/2026 09:47:03 AM
9082B,N,O,04/03/2026 09:42:42 PM
9083A,N,O,04/04/2026 09:47:35 AM
9083B,N,V,04/04/2026 09:45:19 AM
9084A,N,V,04/04/2026 09:39:40 AM
9084B,N,O,04/04/2026 08:55:47 AM
9085B,N,O,04/04/2026 09:00:08 AM
9086A,N,O,04/04/2026 08:58:51 AM
9086B,N,O,04/04/2026 08:58:51 AM
9087A,N,O,04/04/2026 08:57:48 AM
9087B,N,O,04/04/2026 08:57:44 AM
9088A,N,O,04/04/2026 08:56:47 AM
9088B,N,O,04/03/2026 08:56:48 AM
9089A,N,O,04/04/2026 08:55:54 AM
9089B,N,O,04/03/2026 02:20:19 PM
908B,N,O,04/02/2026 06:56:44 AM
9090B,N,O,04/04/2026 08:59:46 AM
9091A,N,O,04/03/2026 09:58:43 AM
9092A,N,O,04/03/2026 06:52:07 PM
9092B,N,O,04/03/2026 09:57:45 AM
9093A,N,O,04/03/2026 09:56:54 AM
9093B,N,O,04/03/2026 09:56:54 AM
9094B,N,O,04/03/2026 09:56:17 AM
9095A,N,O,04/03/2026 08:59:50 AM
9095B,N,O,04/04/2026 08:59:55 AM
9096A,N,O,04/04/2026 09:08:59 AM
9096B,N,O,04/04/2026 09:01:33 AM
9098A,N,O,04/04/2026 09:51:12 AM
9098B,N,O,04/04/2026 09:51:04 AM
9099A,N,O,04/04/2026 08:55:55 AM
909A,N,O,04/02/2026 11:27:21 AM
909B,N,O,04/02/2026 12:32:32 PM
90A,N,V,04/04/2026 09:50:37 AM
90B,N,V,04/04/2026 09:48:56 AM
910A,N,O,04/02/2026 07:29:44 PM
912A,N,V,04/03/2026 08:21:33 PM
912B,N,V,04/03/2026 06:08:26 PM
913A,N,O,04/03/2026 10:26:44 AM
913B,N,O,04/03/2026 08:54:16 PM
9143A,N,O,04/03/2026 09:56:53 AM
9143B,N,O,04/03/2026 09:56:46 AM
9144A,N,O,04/03/2026 09:55:48 AM
9144B,N,O,04/03/2026 09:59:49 PM
9145A,N,O,04/03/2026 09:59:53 AM
9145B,N,O,04/03/2026 08:56:11 PM
9146B,N,V,04/03/2026 09:52:51 PM
9156A,N,O,04/03/2026 09:16:15 PM
9156B,N,O,04/04/2026 08:58:44 AM
9157A,N,O,04/03/2026 10:09:39 AM
9157B,N,O,04/04/2026 08:57:43 AM
9158A,N,O,04/04/2026 09:33:41 AM
9158B,N,V,04/04/2026 09:49:52 AM
9159A,N,O,04/04/2026 08:55:57 AM
9159B,N,O,04/04/2026 08:55:57 AM
915B,N,V,04/04/2026 09:44:08 AM
9161A,N,V,04/04/2026 09:49:06 AM
9161B,N,O,04/04/2026 08:58:44 AM
9162B,N,O,04/04/2026 08:57:49 AM
9163A,N,O,04/04/2026 08:56:47 AM
9163B,N,O,04/04/2026 09:27:04 AM
9164A,N,O,04/04/2026 08:55:47 AM
9164B,N,O,04/03/2026 09:56:07 AM
9165A,N,O,04/04/2026 08:59:44 AM
9168B,N,O,04/03/2026 09:56:53 AM
9169A,N,O,04/03/2026 10:25:16 AM
9169B,N,O,04/03/2026 10:21:07 AM
916A,N,V,04/02/2026 09:28:42 AM
9171B,N,O,04/04/2026 08:58:53 AM
9172A,N,O,04/04/2026 08:57:40 AM
9172B,N,O,04/04/2026 08:57:40 AM
9173A,N,O,04/04/2026 08:56:41 AM
9173B,N,V,04/04/2026 09:51:38 AM
9174A,N,O,04/04/2026 08:55:37 AM
9174B,N,O,04/04/2026 08:55:37 AM
9175A,N,O,04/04/2026 08:59:38 AM
9175B,N,O,04/04/2026 08:59:38 AM
9176A,N,O,04/04/2026 08:58:49 AM
9176B,N,O,04/04/2026 08:58:49 AM
9177A,N,O,04/04/2026 09:50:29 AM
9179A,N,O,04/04/2026 08:55:50 AM
9179B,N,O,04/04/2026 08:55:50 AM
9180A,N,O,04/04/2026 09:27:38 AM
9180B,N,O,04/04/2026 08:59:47 AM
9181A,N,V,04/04/2026 09:41:30 AM
9181B,N,V,04/04/2026 09:43:14 AM
9182A,N,O,04/04/2026 08:57:54 AM
9182B,N,O,04/04/2026 08:57:54 AM
9183A,N,V,04/04/2026 09:51:04 AM
9185A,N,O,04/04/2026 08:59:44 AM
9185B,N,O,04/04/2026 08:59:48 AM
9186A,N,O,04/04/2026 08:58:45 AM
9186B,N,V,04/04/2026 09:46:19 AM
9187A,N,V,04/04/2026 09:50:50 AM
9187B,N,O,04/04/2026 08:57:46 AM
9188A,N,O,04/04/2026 08:56:49 AM
9189B,N,O,04/04/2026 09:29:03 AM
918A,N,V,04/04/2026 09:29:35 AM
918B,N,O,04/04/2026 08:56:46 AM
9190A,N,O,04/04/2026 08:59:58 AM
9190B,N,O,04/04/2026 08:59:51 AM
9191A,N,V,04/04/2026 09:49:29 AM
9191B,N,O,04/04/2026 09:08:22 AM
919A,N,O,04/04/2026 08:55:47 AM
919B,N,O,04/04/2026 08:55:47 AM
91A,N,O,04/04/2026 09:44:22 AM
9227A,N,O,04/04/2026 09:50:49 AM
9228A,N,O,04/04/2026 08:56:43 AM
9228B,N,O,04/04/2026 09:06:25 AM
9229A,N,O,04/04/2026 08:55:46 AM
9229B,N,O,04/03/2026 09:41:11 PM
9230A,N,O,04/04/2026 08:59:50 AM
9234B,N,O,04/04/2026 08:55:54 AM
9235A,N,V,04/04/2026 09:48:38 AM
9235B,N,V,04/04/2026 09:38:25 AM
9236A,N,O,04/04/2026 09:43:24 AM
9236B,N,O,04/04/2026 08:58:52 AM
9237A,N,O,04/04/2026 08:57:47 AM
9238A,N,O,04/04/2026 09:45:04 AM
9238B,N,O,04/04/2026 08:57:01 AM
9239A,N,O,04/04/2026 09:18:36 AM
9239B,N,O,04/04/2026 09:18:11 AM
9240A,N,O,04/04/2026 09:00:02 AM
9240B,N,O,04/04/2026 08:59:55 AM
9241B,N,O,04/04/2026 09:45:31 AM
9247B,N,O,04/02/2026 07:57:51 AM
9248A,N,O,04/04/2026 08:56:50 AM
9248B,N,O,04/04/2026 09:49:32 AM
9249A,N,O,04/04/2026 08:55:45 AM
9249B,N,O,04/04/2026 08:55:45 AM
9250B,N,O,04/04/2026 09:03:15 AM
9251A,N,O,04/04/2026 08:58:44 AM
9252A,N,O,04/04/2026 08:58:00 AM
9252B,N,O,04/04/2026 08:57:53 AM
9253A,N,O,04/04/2026 08:56:51 AM
9253B,N,O,04/04/2026 08:56:51 AM
9255A,N,O,04/04/2026 09:15:21 AM
9255B,N,O,04/04/2026 08:59:58 AM
9256A,N,O,04/04/2026 09:48:05 AM
9256B,N,O,04/04/2026 08:58:48 AM
9257A,N,O,04/04/2026 08:57:44 AM
9257B,N,O,04/04/2026 08:57:44 AM
9258A,N,O,04/04/2026 08:56:51 AM
9258B,N,O,04/04/2026 08:57:01 AM
9259A,N,O,04/04/2026 08:56:22 AM
9259B,N,O,04/04/2026 08:55:47 AM
9264A,N,O,04/04/2026 09:11:17 AM
9264B,N,O,04/04/2026 08:56:16 AM
9265A,N,O,04/03/2026 02:48:31 PM
9265B,N,O,04/04/2026 08:59:43 AM
9266A,N,O,04/04/2026 08:58:50 AM
9266B,N,O,04/04/2026 08:58:57 AM
9268A,N,O,04/04/2026 08:56:43 AM
9268B,N,O,04/04/2026 09:20:49 AM
9269A,N,O,04/04/2026 08:55:51 AM
9269B,N,O,04/03/2026 12:16:52 PM
926A,N,V,04/04/2026 09:32:33 AM
926B,N,O,04/04/2026 09:51:40 AM
9270A,N,O,04/04/2026 08:59:46 AM
9270B,N,O,04/04/2026 09:07:36 AM
9271A,N,O,04/04/2026 08:58:52 AM
9271B,N,O,04/04/2026 08:58:52 AM
9272A,N,O,04/04/2026 08:57:51 AM
9272B,N,O,04/04/2026 08:57:51 AM
9273A,N,O,04/04/2026 08:56:48 AM
9273B,N,O,04/04/2026 08:56:48 AM
9274A,N,O,04/04/2026 08:55:52 AM
9274B,N,O,04/04/2026 08:55:52 AM
9276A,N,O,04/04/2026 09:38:16 AM
9276B,N,O,04/04/2026 09:49:28 AM
9277A,N,O,04/04/2026 08:57:50 AM
9277B,N,O,04/04/2026 08:57:50 AM
9278A,N,O,04/04/2026 09:20:38 AM
9278B,N,O,04/04/2026 08:56:43 AM
9279A,N,V,04/04/2026 09:15:01 AM
9279B,N,O,04/04/2026 09:15:51 AM
927A,N,V,04/03/2026 04:43:13 PM
927B,N,V,04/04/2026 09:39:29 AM
9280A,N,O,04/04/2026 08:59:47 AM
9280B,N,O,04/04/2026 08:59:47 AM
9281A,N,O,04/04/2026 09:43:02 AM
9281B,N,O,04/04/2026 08:58:51 AM
9282A,N,O,04/04/2026 08:58:50 AM
9282B,N,O,04/04/2026 08:58:12 AM
9283A,N,O,04/04/2026 08:56:40 AM
9283B,N,V,04/04/2026 09:51:22 AM
9284A,N,O,04/04/2026 08:55:49 AM
9284B,N,O,04/04/2026 08:55:53 AM
9285A,N,O,04/04/2026 08:59:52 AM
9285B,N,O,04/04/2026 08:59:52 AM
9286A,N,O,04/04/2026 09:42:51 AM
9286B,N,V,04/04/2026 09:41:15 AM
9287A,N,O,04/04/2026 09:51:06 AM
9287B,N,O,04/03/2026 12:27:51 PM
9288A,N,O,04/04/2026 08:56:50 AM
9288B,N,O,04/04/2026 09:19:51 AM
9289A,N,O,04/04/2026 08:57:46 AM
9289B,N,V,04/04/2026 09:50:08 AM
928A,N,V,04/04/2026 09:25:32 AM
928B,N,V,04/04/2026 09:32:50 AM
9290A,N,O,04/04/2026 08:59:51 AM
9290B,N,O,04/04/2026 08:59:44 AM
9291B,N,O,04/04/2026 08:58:53 AM
9292B,N,O,04/04/2026 08:57:48 AM
9293A,N,O,04/04/2026 08:56:52 AM
9293B,N,O,04/04/2026 08:57:08 AM
9294A,N,O,04/04/2026 08:55:52 AM
9294B,N,O,04/03/2026 08:55:50 AM
9295A,N,O,04/04/2026 09:30:40 AM
9295B,N,O,04/04/2026 08:59:44 AM
9296A,N,O,04/04/2026 09:14:29 AM
9296B,N,O,04/04/2026 08:58:49 AM
9297A,N,O,04/03/2026 09:29:36 PM
9297B,N,V,04/04/2026 09:44:35 AM
9298A,N,V,04/04/2026 09:49:24 AM
9298B,N,O,04/04/2026 08:56:44 AM
929A,N,V,04/04/2026 09:51:28 AM
929B,N,V,04/03/2026 10:24:53 AM
92A,N,V,04/03/2026 06:11:45 PM
92B,N,V,04/03/2026 06:11:45 PM
930A,N,V,04/04/2026 09:25:45 AM
930B,N,V,04/04/2026 08:34:45 AM
9313A,N,O,04/04/2026 08:57:03 AM
9313B,N,O,04/04/2026 08:56:46 AM
9317A,N,O,04/04/2026 08:57:48 AM
9318A,N,O,04/04/2026 08:56:49 AM
9318B,N,O,04/04/2026 09:38:23 AM
9319A,N,O,04/04/2026 09:41:27 AM
9319B,N,O,04/04/2026 08:55:48 AM
931A,N,V,04/04/2026 09:03:04 AM
931B,N,V,04/04/2026 09:47:56 AM
9320A,N,O,04/04/2026 08:59:52 AM
9320B,N,O,04/04/2026 08:59:52 AM
9325A,N,O,04/04/2026 08:59:52 AM
9325B,N,O,04/04/2026 09:39:33 AM
9326A,N,O,04/04/2026 09:08:42 AM
9326B,N,O,04/04/2026 08:58:43 AM
932A,N,O,04/04/2026 08:01:03 AM
932B,N,O,04/04/2026 09:51:44 AM
9331A,N,O,04/04/2026 09:36:17 AM
9331B,N,O,04/04/2026 08:59:08 AM
9335A,N,O,04/04/2026 08:59:54 AM
9335B,N,O,04/04/2026 08:59:54 AM
9336A,N,O,04/04/2026 08:58:49 AM
9336B,N,O,04/04/2026 08:58:49 AM
9337A,N,O,04/04/2026 09:13:51 AM
9337B,N,O,04/04/2026 08:57:46 AM
9338A,N,O,04/03/2026 09:21:25 PM
9338B,N,O,04/04/2026 08:56:57 AM
9339A,N,V,04/04/2026 09:51:28 AM
9339B,N,O,04/04/2026 08:55:53 AM
933A,N,V,04/03/2026 11:28:56 AM
933B,N,V,04/04/2026 09:39:16 AM
9340A,N,O,04/04/2026 08:59:43 AM
9340B,N,O,04/04/2026 08:59:43 AM
9341A,N,V,04/04/2026 09:47:46 AM
9341B,N,O,04/04/2026 09:50:23 AM
9342A,N,O,04/04/2026 09:43:38 AM
9342B,N,O,04/04/2026 08:57:47 AM
9343A,N,O,04/04/2026 08:56:50 AM
9345B,N,O,04/04/2026 08:59:46 AM
9346A,N,O,04/04/2026 08:58:48 AM
9346B,N,O,04/04/2026 08:58:48 AM
9347A,N,V,04/04/2026 09:50:55 AM
9347B,N,O,04/04/2026 08:57:46 AM
9348A,N,O,04/04/2026 08:56:49 AM
9348B,N,O,04/04/2026 08:56:56 AM
9349A,N,O,04/04/2026 08:55:46 AM
9349B,N,O,04/04/2026 09:14:23 AM
934A,N,V,04/04/2026 09:45:32 AM
934B,N,O,04/04/2026 09:48:22 AM
9350A,N,O,04/04/2026 08:59:47 AM
9350B,N,O,04/04/2026 09:18:02 AM
9351A,N,O,04/04/2026 09:41:19 AM
9351B,N,O,04/04/2026 08:59:42 AM
9352A,N,O,04/04/2026 08:57:54 AM
9353A,N,O,04/04/2026 08:56:52 AM
9353B,N,O,04/04/2026 08:56:52 AM
935A,N,O,04/04/2026 09:50:47 AM
935B,N,V,04/04/2026 09:50:56 AM
9360A,N,O,04/03/2026 09:20:48 PM
9360B,N,O,04/03/2026 05:44:46 PM
9361B,N,O,04/04/2026 09:21:21 AM
9363A,N,O,04/03/2026 09:55:03 PM
9364B,N,O,04/03/2026 09:58:29 PM
9366A,N,O,04/03/2026 06:04:04 PM
9366B,N,O,04/03/2026 10:34:32 AM
9367A,N,V,04/03/2026 09:30:36 PM
9367B,N,O,04/03/2026 09:28:12 PM
9368A,N,O,04/03/2026 07:55:32 PM
9368B,N,O,04/03/2026 09:57:42 PM
9369A,N,O,04/03/2026 07:00:53 PM
9369B,N,O,04/03/2026 03:45:10 PM
936A,N,O,04/04/2026 09:38:20 AM
936B,N,V,04/04/2026 09:51:20 AM
9370B,N,O,04/03/2026 09:14:38 PM
9371A,N,O,04/04/2026 09:07:45 AM
9372A,N,O,04/04/2026 08:57:50 AM
9372B,N,O,04/03/2026 07:36:48 PM
9373A,N,O,04/04/2026 08:56:46 AM
9373B,N,V,04/04/2026 09:47:53 AM
9374A,N,V,04/04/2026 09:27:12 AM
9374B,N,O,04/04/2026 08:55:44 AM
9375A,N,O,04/04/2026 08:59:49 AM
9375B,N,O,04/04/2026 09:11:22 AM
9376A,N,O,04/04/2026 09:34:04 AM
9376B,N,O,04/04/2026 09:17:07 AM
9377A,N,O,04/04/2026 08:57:57 AM
9377B,N,V,04/04/2026 09:39:26 AM
9378A,N,O,04/04/2026 08:27:06 AM
9378B,N,O,04/04/2026 08:26:54 AM
9379A,N,O,04/04/2026 09:30:25 AM
9379B,N,O,04/04/2026 08:25:45 AM
937A,N,V,04/03/2026 05:03:53 PM
937B,N,O,04/04/2026 09:51:27 AM
9380A,NU,O,03/30/2026 08:29:52 AM
9380B,NU,O,03/30/2026 08:29:59 AM
9381A,N,O,04/04/2026 08:28:49 AM
9381B,N,O,04/04/2026 08:28:49 AM
938A,N,V,04/04/2026 09:51:32 AM
938B,N,V,04/04/2026 09:40:04 AM
9395B,N,O,04/04/2026 08:59:49 AM
9396A,N,O,04/04/2026 08:58:48 AM
9396B,N,O,04/04/2026 08:58:48 AM
9397A,N,O,04/03/2026 09:36:59 PM
9397B,N,O,04/03/2026 07:50:21 PM
9398A,N,O,04/03/2026 09:19:34 PM
9398B,N,V,04/03/2026 09:49:03 PM
9399A,N,V,04/03/2026 09:42:13 PM
9399B,N,V,04/03/2026 09:54:38 PM
939A,NU,V,04/03/2026 07:57:34 PM
939B,NU,O,04/03/2026 05:04:41 PM
93A,N,O,04/04/2026 08:56:44 AM
93B,N,O,04/04/2026 08:56:44 AM
9400A,N,O,04/03/2026 06:46:42 PM
9401A,N,O,04/02/2026 08:06:25 PM
9401B,N,O,04/02/2026 12:26:10 PM
9402A,N,O,04/02/2026 06:21:22 PM
9402B,N,O,04/02/2026 04:56:24 PM
9403A,N,O,04/02/2026 07:56:50 AM
9403B,N,O,04/02/2026 05:19:10 PM
9404A,N,O,04/02/2026 07:55:50 AM
9404B,N,O,04/02/2026 08:42:31 AM
9405A,N,O,04/04/2026 08:59:54 AM
9405B,N,O,04/04/2026 08:59:47 AM
9406A,N,O,04/04/2026 08:58:49 AM
9406B,N,V,04/04/2026 09:47:22 AM
9407A,N,O,04/03/2026 09:50:17 PM
9407B,N,O,04/04/2026 08:57:48 AM
9408A,N,O,04/03/2026 09:39:28 PM
9408B,N,O,04/04/2026 08:56:51 AM
9409A,N,O,04/04/2026 08:55:49 AM
9409B,N,O,04/04/2026 09:31:21 AM
940A,N,V,04/04/2026 08:20:18 AM
940B,N,V,04/04/2026 07:17:31 AM
9410B,N,V,04/04/2026 09:49:06 AM
9411A,N,V,04/03/2026 09:50:07 PM
9411B,N,V,04/04/2026 09:31:51 AM
9412A,N,O,04/04/2026 08:57:44 AM
9412B,N,V,04/04/2026 09:10:34 AM
9413A,N,O,04/04/2026 09:16:20 AM
9413B,N,O,04/04/2026 09:16:11 AM
9414A,N,O,04/04/2026 09:25:31 AM
9414B,N,O,04/03/2026 08:21:13 PM
9415A,N,O,04/04/2026 08:59:43 AM
9415B,N,O,04/04/2026 08:59:43 AM
9416A,N,V,04/04/2026 09:00:45 AM
9416B,N,V,04/04/2026 09:26:43 AM
9417A,N,V,04/04/2026 09:50:45 AM
9417B,N,V,04/04/2026 09:36:32 AM
9418A,N,O,04/04/2026 08:56:46 AM
9418B,N,O,04/04/2026 08:56:46 AM
9419A,N,O,04/04/2026 08:55:54 AM
9419B,N,O,04/04/2026 09:42:01 AM
941A,N,V,04/04/2026 09:51:22 AM
941B,N,V,04/04/2026 09:50:31 AM
9420A,N,O,04/04/2026 08:59:43 AM
9420B,N,O,04/03/2026 08:59:53 AM
9421A,N,O,04/04/2026 09:39:40 AM
9421B,N,O,04/04/2026 08:58:59 AM
9422A,N,O,04/04/2026 08:57:45 AM
9422B,N,O,04/03/2026 01:41:42 PM
9423A,N,O,04/04/2026 08:56:41 AM
9423B,N,O,04/04/2026 08:56:41 AM
9424A,N,O,04/04/2026 08:55:47 AM
9424B,N,O,04/04/2026 09:33:11 AM
9425A,N,V,04/04/2026 09:32:44 AM
9425B,N,O,04/04/2026 08:59:52 AM
9426A,N,O,04/04/2026 08:58:51 AM
9426B,N,V,04/04/2026 09:43:16 AM
9427A,N,O,04/04/2026 08:57:41 AM
9427B,N,O,04/04/2026 08:57:41 AM
9428A,N,O,04/04/2026 08:57:00 AM
9428B,N,O,04/04/2026 09:49:01 AM
9429B,N,O,04/04/2026 08:55:51 AM
942A,N,V,04/04/2026 09:20:53 AM
942B,N,V,04/04/2026 07:06:04 AM
9430A,N,O,04/04/2026 09:47:00 AM
9430B,N,O,04/04/2026 09:51:22 AM
9431A,N,O,04/04/2026 08:58:45 AM
9431B,N,O,04/04/2026 08:58:45 AM
9432A,N,O,04/04/2026 08:57:43 AM
9432B,N,O,04/04/2026 08:57:43 AM
9433A,N,O,04/04/2026 08:56:49 AM
9433B,N,O,04/04/2026 08:57:01 AM
9434A,N,O,04/04/2026 08:55:51 AM
9434B,N,O,04/04/2026 08:55:51 AM
9435A,N,O,04/04/2026 08:59:50 AM
9435B,N,O,04/04/2026 08:59:50 AM
9436B,N,O,04/04/2026 08:58:59 AM
9437A,N,O,04/04/2026 08:57:42 AM
9437B,N,O,04/04/2026 09:16:27 AM
9438A,N,O,04/04/2026 08:56:52 AM
9438B,N,O,04/04/2026 08:56:48 AM
9439A,N,O,04/04/2026 09:28:08 AM
9439B,N,O,04/04/2026 09:26:18 AM
943A,N,V,04/04/2026 09:50:27 AM
943B,N,V,04/04/2026 09:50:04 AM
9440A,N,V,04/04/2026 09:50:03 AM
9440B,N,O,04/04/2026 09:48:07 AM
9441A,N,O,04/04/2026 08:58:50 AM
9441B,N,O,04/04/2026 08:58:50 AM
9442A,N,O,04/04/2026 08:57:48 AM
9442B,N,O,04/04/2026 09:32:30 AM
9443A,N,O,04/04/2026 08:56:46 AM
9443B,N,O,04/04/2026 08:56:46 AM
9444A,N,O,04/04/2026 08:55:48 AM
9444B,N,O,04/04/2026 08:55:48 AM
9445A,N,O,04/04/2026 08:59:45 AM
9445B,N,O,04/04/2026 08:59:45 AM
9446A,N,O,04/04/2026 08:58:51 AM
9446B,N,V,04/03/2026 09:11:12 PM
9447A,N,O,04/04/2026 08:57:48 AM
9447B,N,O,04/04/2026 08:57:48 AM
9448A,N,O,04/04/2026 08:56:48 AM
9448B,N,O,04/04/2026 08:56:48 AM
9449A,N,O,04/04/2026 08:55:43 AM
944A,N,O,04/04/2026 09:46:51 AM
944B,N,O,04/04/2026 09:51:25 AM
9450A,N,O,04/04/2026 09:37:51 AM
9450B,N,O,04/04/2026 08:59:53 AM
9451A,N,O,04/04/2026 09:41:40 AM
9451B,N,V,04/04/2026 09:42:30 AM
9452A,N,V,04/04/2026 09:43:48 AM
9452B,N,O,04/04/2026 08:57:51 AM
9453A,N,O,04/04/2026 09:51:35 AM
9453B,N,O,04/03/2026 03:40:02 PM
9454A,N,V,04/04/2026 09:36:44 AM
9454B,N,O,04/04/2026 09:16:05 AM
9455A,N,O,04/04/2026 08:59:53 AM
9455B,N,V,04/04/2026 09:38:19 AM
9456B,N,V,04/04/2026 09:51:25 AM
9457A,N,V,04/04/2026 09:33:42 AM
9457B,N,O,04/04/2026 08:57:46 AM
9458A,N,V,04/04/2026 09:49:01 AM
9458B,N,O,04/04/2026 08:56:43 AM
9459A,N,O,04/04/2026 09:31:54 AM
9459B,N,O,04/04/2026 08:55:44 AM
945A,N,V,04/04/2026 09:46:10 AM
945B,N,V,04/04/2026 07:59:19 AM
9460A,N,O,04/04/2026 08:59:51 AM
9461A,N,O,04/04/2026 08:58:50 AM
9461B,N,O,04/03/2026 12:29:14 PM
9462A,N,O,04/04/2026 08:57:46 AM
9462B,N,O,04/04/2026 08:57:46 AM
9463A,N,O,04/04/2026 08:56:48 AM
9463B,N,O,04/04/2026 09:41:20 AM
9464A,N,V,04/04/2026 09:07:27 AM
9464B,N,O,04/04/2026 09:51:33 AM
9465A,N,O,04/03/2026 08:59:55 AM
9465B,N,O,04/04/2026 09:20:45 AM
9466A,N,O,04/04/2026 08:58:46 AM
9466B,N,O,04/04/2026 08:58:46 AM
9467A,N,O,04/04/2026 08:57:45 AM
9467B,N,O,04/04/2026 09:20:51 AM
9468A,N,O,04/04/2026 08:56:44 AM
9468B,N,O,04/04/2026 08:56:44 AM
9469A,N,O,04/04/2026 09:06:24 AM
9469B,N,O,04/04/2026 09:35:04 AM
946A,N,V,04/04/2026 07:19:23 AM
946B,N,O,04/04/2026 09:49:03 AM
9471A,N,O,04/03/2026 09:39:58 PM
9471B,N,V,04/04/2026 09:26:32 AM
9472A,N,O,04/04/2026 09:05:13 AM
9472B,N,V,04/04/2026 09:05:28 AM
9473A,N,O,04/04/2026 08:56:44 AM
9473B,N,O,04/04/2026 08:56:52 AM
9474A,N,O,04/04/2026 08:55:58 AM
9474B,N,O,04/04/2026 08:55:51 AM
9475A,N,O,04/04/2026 08:59:58 AM
9475B,N,V,04/04/2026 09:29:39 AM
9476A,N,O,04/04/2026 08:58:47 AM
9476B,N,O,04/04/2026 08:58:47 AM
9477A,N,O,04/02/2026 02:42:26 PM
9477B,N,O,04/02/2026 02:15:59 PM
9478A,N,O,04/01/2026 07:56:45 AM
9478B,N,O,04/02/2026 12:49:36 PM
9479A,N,O,04/02/2026 07:55:51 AM
9479B,N,O,04/02/2026 07:55:51 AM
9480A,N,O,04/02/2026 07:59:49 AM
9480B,N,O,04/02/2026 10:04:31 PM
9481B,N,O,04/02/2026 07:58:44 AM
9482A,N,O,04/04/2026 08:57:47 AM
9482B,N,O,04/04/2026 09:02:10 AM
9483A,N,O,04/04/2026 08:57:14 AM
9483B,N,O,04/04/2026 09:46:10 AM
9484A,N,V,04/04/2026 09:50:18 AM
9484B,N,O,04/04/2026 08:55:45 AM
9485A,N,O,04/04/2026 08:59:43 AM
9485B,N,O,04/04/2026 08:59:43 AM
9486B,N,O,04/02/2026 08:12:03 PM
9487A,N,O,04/02/2026 06:04:35 PM
9487B,N,O,04/02/2026 07:11:00 PM
9488A,N,O,04/02/2026 06:13:47 PM
9488B,N,O,04/02/2026 05:27:21 PM
9489A,N,O,04/02/2026 04:09:33 PM
9489B,N,O,04/02/2026 03:00:20 PM
9490A,N,O,04/02/2026 05:59:38 PM
9490B,N,O,04/02/2026 07:19:45 PM
9491A,N,O,04/02/2026 12:46:50 PM
9491B,N,O,04/02/2026 09:07:36 PM
9492A,N,O,04/02/2026 04:04:21 PM
9492B,N,O,04/02/2026 07:57:47 AM
9493A,N,O,04/04/2026 08:56:49 AM
9493B,N,O,04/04/2026 08:58:16 AM
9494A,N,O,04/04/2026 09:21:59 AM
9494B,N,O,04/03/2026 06:55:07 PM
9495A,N,O,04/04/2026 08:59:46 AM
9495B,N,O,04/04/2026 08:59:46 AM
9496A,N,O,04/03/2026 10:28:43 AM
9496B,N,O,04/03/2026 06:54:46 PM
9497A,N,O,04/03/2026 10:27:54 AM
9497B,N,O,04/03/2026 05:12:53 PM
9498A,N,O,04/04/2026 08:56:58 AM
9498B,N,O,04/04/2026 08:56:51 AM
9499A,N,O,04/04/2026 08:56:21 AM
9499B,N,O,04/04/2026 09:39:29 AM
94A,N,O,04/04/2026 08:55:52 AM
94B,N,O,04/04/2026 09:50:13 AM
9501A,N,O,04/04/2026 09:43:24 AM
9501B,N,V,04/04/2026 09:47:15 AM
9502A,N,O,04/03/2026 09:57:44 AM
9503A,N,O,04/03/2026 07:45:19 PM
9503B,N,O,04/03/2026 04:54:04 PM
9504A,N,O,04/03/2026 04:54:45 PM
9504B,N,O,04/03/2026 04:39:13 PM
9505A,N,O,04/03/2026 09:59:45 AM
9505B,N,O,04/03/2026 05:57:30 PM
9506A,N,O,04/04/2026 08:58:56 AM
9506B,N,O,04/04/2026 08:58:49 AM
9507A,N,O,04/04/2026 08:57:46 AM
9507B,N,O,04/04/2026 08:57:49 AM
9508A,N,O,04/04/2026 09:47:44 AM
9508B,N,O,04/04/2026 08:56:44 AM
9509A,N,O,04/04/2026 08:55:54 AM
9509B,N,O,04/04/2026 08:55:54 AM
950A,N,O,04/04/2026 08:54:24 AM
950B,N,V,04/04/2026 09:44:47 AM
9510A,N,O,04/04/2026 08:59:47 AM
9510B,N,O,04/04/2026 09:00:01 AM
9512B,N,V,04/03/2026 09:32:44 PM
9513A,N,O,04/03/2026 07:11:14 PM
9513B,N,O,04/04/2026 09:44:46 AM
9514A,N,O,04/04/2026 09:21:47 AM
9514B,N,O,04/04/2026 08:55:44 AM
9515A,N,O,04/04/2026 08:59:47 AM
9515B,N,O,04/04/2026 08:59:47 AM
9516A,N,O,04/04/2026 09:01:48 AM
9516B,N,O,04/04/2026 08:58:45 AM
9517A,N,O,04/04/2026 09:42:18 AM
9517B,N,O,04/04/2026 09:51:34 AM
9518A,N,O,04/03/2026 05:29:29 PM
9518B,N,O,04/04/2026 08:56:49 AM
9519B,N,O,04/04/2026 08:55:52 AM
951A,N,V,04/04/2026 09:51:17 AM
951B,N,V,04/04/2026 08:54:24 AM
9520A,N,O,04/04/2026 09:00:14 AM
9520B,N,O,04/04/2026 09:01:50 AM
9521A,N,O,04/04/2026 08:58:51 AM
9521B,N,O,04/04/2026 08:58:55 AM
9522A,N,O,04/04/2026 08:57:43 AM
9522B,N,O,04/04/2026 08:57:43 AM
9523A,N,O,04/04/2026 08:56:46 AM
9525A,N,O,04/04/2026 08:59:47 AM
9525B,N,O,04/04/2026 09:47:44 AM
9527A,N,V,04/04/2026 09:42:25 AM
9527B,N,O,04/04/2026 08:57:43 AM
9528A,N,V,04/04/2026 09:38:13 AM
9529A,N,V,04/04/2026 09:51:42 AM
9529B,N,V,04/04/2026 09:39:31 AM
952A,N,O,04/04/2026 09:51:22 AM
952B,N,V,04/03/2026 06:47:00 PM
9531A,N,O,04/04/2026 08:59:02 AM
9531B,N,O,04/03/2026 10:10:26 AM
9532A,N,O,04/04/2026 08:57:51 AM
9532B,N,O,04/04/2026 08:57:51 AM
9533A,N,O,04/04/2026 09:48:24 AM
9533B,N,O,04/04/2026 08:56:50 AM
9534A,N,O,04/04/2026 08:55:49 AM
9534B,N,O,04/04/2026 08:55:49 AM
9535A,N,O,04/04/2026 08:59:46 AM
9535B,N,O,04/04/2026 08:59:53 AM
9536A,N,O,04/04/2026 08:58:52 AM
9536B,N,V,04/04/2026 09:41:37 AM
9537A,N,V,04/04/2026 09:43:55 AM
9537B,N,O,04/04/2026 08:57:48 AM
9538A,N,O,04/04/2026 09:40:18 AM
9538B,N,O,04/04/2026 08:56:43 AM
9539A,N,O,04/04/2026 08:56:00 AM
9539B,N,O,04/03/2026 07:30:06 PM
953A,N,V,04/04/2026 08:24:51 AM
953B,N,O,04/04/2026 09:50:29 AM
9540B,N,O,04/04/2026 08:59:49 AM
9541A,N,O,04/04/2026 08:58:54 AM
9541B,N,O,04/04/2026 09:39:16 AM
9542A,N,O,04/04/2026 08:57:49 AM
9542B,N,V,04/04/2026 09:50:42 AM
9543A,N,O,04/04/2026 08:56:47 AM
9543B,N,O,04/04/2026 08:56:47 AM
9544A,N,O,04/04/2026 08:55:43 AM
9544B,N,O,04/04/2026 08:55:43 AM
9545A,N,V,04/04/2026 09:48:44 AM
9545B,N,V,04/04/2026 09:47:14 AM
9546A,N,O,04/04/2026 08:59:19 AM
9546B,N,O,04/04/2026 09:17:55 AM
9547A,N,V,04/04/2026 09:18:25 AM
9547B,N,O,04/04/2026 08:57:52 AM
9548A,N,O,04/04/2026 08:56:45 AM
9548B,N,O,04/03/2026 09:07:20 PM
9549A,N,V,04/04/2026 09:15:49 AM
9549B,N,O,04/04/2026 08:55:46 AM
954A,N,V,04/04/2026 09:01:20 AM
954B,N,V,04/03/2026 04:35:25 PM
9550B,N,O,04/04/2026 08:59:45 AM
9551A,N,V,04/04/2026 09:15:46 AM
9551B,N,O,04/04/2026 08:58:48 AM
9552A,N,O,04/04/2026 08:57:46 AM
9552B,N,O,04/04/2026 08:57:46 AM
9553A,N,O,04/04/2026 08:56:53 AM
9553B,N,V,04/04/2026 09:48:56 AM
9554B,N,O,04/04/2026 09:22:53 AM
9555A,N,O,04/04/2026 08:59:48 AM
9555B,N,O,04/04/2026 09:38:39 AM
9556A,N,O,04/03/2026 05:20:42 PM
9556B,N,O,04/04/2026 08:58:45 AM
9557A,N,O,04/04/2026 08:57:44 AM
9557B,N,V,04/04/2026 09:43:20 AM
9558A,N,O,04/04/2026 08:56:53 AM
9558B,N,V,04/04/2026 09:51:20 AM
9559A,N,O,04/04/2026 08:55:47 AM
9559B,N,O,04/04/2026 08:56:29 AM
955A,N,V,04/04/2026 09:51:40 AM
955B,N,V,04/04/2026 09:32:04 AM
9560A,N,V,04/04/2026 09:28:32 AM
9560B,N,O,04/04/2026 08:59:45 AM
9561A,N,O,04/02/2026 07:40:43 PM
9561B,N,O,04/02/2026 08:03:49 AM
9562A,N,O,04/04/2026 08:57:49 AM
9562B,N,O,04/04/2026 08:57:53 AM
9563A,N,O,04/04/2026 08:56:46 AM
9563B,N,O,04/04/2026 08:57:08 AM
9564B,N,O,04/04/2026 08:55:44 AM
9566A,N,O,04/04/2026 08:58:51 AM
9568A,N,O,04/04/2026 08:56:49 AM
9568B,N,O,04/04/2026 08:56:49 AM
956A,N,V,04/04/2026 07:47:33 AM
956B,N,V,04/04/2026 09:49:00 AM
9570A,N,O,04/04/2026 09:51:40 AM
9570B,N,O,04/04/2026 09:00:07 AM
9572B,N,O,04/04/2026 09:38:26 AM
9573A,N,V,04/04/2026 09:51:03 AM
9573B,N,O,04/04/2026 09:36:44 AM
9574A,N,O,04/04/2026 09:21:09 AM
9574B,N,O,04/03/2026 06:10:45 PM
9575A,N,O,04/04/2026 08:59:45 AM
9575B,N,V,04/04/2026 09:41:50 AM
9578A,N,O,04/04/2026 08:56:44 AM
9578B,N,O,04/04/2026 08:56:44 AM
9579A,N,O,04/04/2026 09:11:45 AM
9579B,N,O,04/04/2026 08:57:30 AM
957B,N,V,04/04/2026 08:00:47 AM
9580A,N,O,04/04/2026 08:59:55 AM
9580B,N,O,04/04/2026 08:59:46 AM
9581A,N,O,04/04/2026 08:59:00 AM
9581B,N,O,04/04/2026 08:58:51 AM
9582A,N,O,04/04/2026 09:46:14 AM
9582B,N,O,04/04/2026 08:57:46 AM
9583A,N,O,04/04/2026 08:56:52 AM
9584A,N,O,04/04/2026 08:55:47 AM
9584B,N,V,04/03/2026 01:56:48 PM
9585A,N,O,04/04/2026 08:59:48 AM
9585B,N,O,04/04/2026 08:59:48 AM
9586A,N,O,04/04/2026 08:58:51 AM
9586B,N,O,04/04/2026 08:58:43 AM
9587A,N,O,04/04/2026 08:58:07 AM
9588B,N,O,04/04/2026 09:03:31 AM
9589A,N,O,04/04/2026 09:32:16 AM
9589B,N,O,04/04/2026 08:55:48 AM
958A,N,O,04/04/2026 09:18:51 AM
958B,N,O,04/04/2026 08:56:25 AM
9590A,N,O,04/04/2026 08:59:47 AM
9590B,N,V,04/04/2026 09:50:48 AM
9591A,N,O,04/04/2026 08:59:09 AM
9591B,N,O,04/04/2026 08:59:02 AM
9592B,N,O,04/04/2026 08:57:46 AM
9593A,N,O,04/04/2026 08:26:56 AM
9593B,N,O,04/04/2026 06:56:48 AM
9594A,N,O,04/04/2026 08:35:41 AM
9594B,N,O,04/04/2026 08:55:45 AM
9595B,N,O,04/04/2026 08:59:47 AM
9596A,N,O,04/04/2026 09:48:21 AM
9597A,N,O,04/04/2026 07:47:07 AM
9597B,N,O,04/04/2026 06:57:44 AM
9599A,N,O,04/04/2026 06:55:48 AM
9599B,N,O,04/04/2026 06:55:52 AM
959A,N,V,04/04/2026 09:38:37 AM
959B,N,O,04/04/2026 07:13:33 AM
95A,N,O,04/04/2026 09:17:47 AM
95B,N,O,04/04/2026 09:42:58 AM
9600A,N,O,04/04/2026 08:59:53 AM
9600B,NU,O,04/04/2026 08:59:53 AM
9605A,N,O,04/02/2026 06:59:44 AM
9605B,N,O,04/04/2026 08:59:47 AM
9606A,N,O,04/04/2026 08:58:44 AM
9606B,N,O,04/04/2026 08:58:44 AM
9607A,N,O,04/04/2026 09:29:53 AM
9608A,N,O,04/04/2026 08:56:46 AM
9608B,N,O,04/04/2026 08:56:46 AM
960A,N,V,04/03/2026 05:23:39 PM
960B,N,V,04/03/2026 07:57:15 PM
961A,N,V,04/03/2026 04:58:58 PM
961B,N,O,04/04/2026 09:25:59 AM
9621A,N,O,04/04/2026 08:58:49 AM
9621B,N,O,04/04/2026 08:58:49 AM
9622A,N,O,04/04/2026 09:17:08 AM
9622B,N,O,04/04/2026 08:57:59 AM
9623A,N,O,04/04/2026 09:48:47 AM
9623B,N,O,04/04/2026 08:56:50 AM
9625A,N,O,04/04/2026 09:34:10 AM
9625B,N,O,04/04/2026 09:48:06 AM
9626A,N,O,04/03/2026 06:29:18 PM
9626B,N,O,04/03/2026 09:11:51 PM
9627A,N,O,04/04/2026 08:57:46 AM
9627B,N,O,04/04/2026 09:35:23 AM
9628A,N,O,04/04/2026 08:56:48 AM
9628B,N,O,04/04/2026 08:56:48 AM
9629A,N,V,04/04/2026 09:00:41 AM
9629B,N,V,04/04/2026 09:44:40 AM
962A,N,V,04/03/2026 06:14:51 PM
962B,N,V,04/03/2026 06:14:51 PM
9632A,N,O,04/04/2026 08:57:50 AM
9632B,N,O,04/04/2026 08:57:50 AM
9634A,N,O,04/04/2026 09:22:11 AM
9634B,N,O,04/04/2026 08:55:50 AM
9635A,N,O,04/04/2026 09:28:03 AM
9635B,N,O,04/04/2026 09:48:32 AM
9636A,N,O,04/04/2026 09:32:04 AM
9636B,N,V,04/04/2026 09:50:26 AM
9637A,N,O,04/04/2026 09:34:34 AM
9637B,N,O,04/04/2026 08:57:54 AM
9638A,N,V,04/04/2026 09:48:59 AM
9638B,N,O,04/04/2026 08:56:45 AM
9639A,N,O,04/04/2026 08:55:51 AM
9639B,N,O,04/04/2026 08:55:51 AM
963A,N,V,04/03/2026 04:25:34 PM
963B,N,V,04/04/2026 09:48:58 AM
9640A,N,O,04/04/2026 08:59:48 AM
9641A,N,O,04/04/2026 08:58:56 AM
9641B,N,O,04/04/2026 08:59:06 AM
9642B,N,O,04/04/2026 08:57:51 AM
9643B,N,O,04/04/2026 08:56:47 AM
9644A,N,O,04/04/2026 09:46:50 AM
9644B,N,O,04/03/2026 05:35:04 PM
9645B,N,O,04/04/2026 08:59:52 AM
9646A,N,V,04/04/2026 09:36:41 AM
9646B,N,O,04/04/2026 08:58:44 AM
9647A,N,V,04/04/2026 09:51:16 AM
9647B,N,O,04/04/2026 09:35:19 AM
9648A,N,O,04/04/2026 08:56:49 AM
9648B,N,O,04/04/2026 08:56:45 AM
9649A,N,O,04/04/2026 08:55:53 AM
9649B,N,O,04/03/2026 09:41:32 PM
964B,N,V,04/03/2026 04:24:57 PM
9650A,N,V,04/04/2026 09:39:05 AM
9650B,N,V,04/04/2026 09:16:35 AM
9651A,N,O,04/04/2026 09:47:15 AM
9651B,N,O,04/04/2026 08:58:47 AM
9652A,N,V,04/04/2026 09:48:56 AM
9652B,N,V,04/04/2026 09:32:03 AM
9653A,N,O,04/04/2026 08:56:42 AM
9653B,N,O,04/04/2026 09:08:38 AM
9654A,N,O,04/04/2026 08:55:49 AM
9654B,N,O,04/04/2026 09:02:56 AM
9655A,N,O,04/04/2026 08:59:46 AM
9655B,N,O,04/04/2026 08:59:46 AM
9656A,N,O,04/04/2026 08:58:51 AM
9656B,N,O,04/04/2026 08:58:47 AM
9657A,N,O,04/04/2026 08:57:49 AM
9657B,N,O,04/04/2026 08:58:00 AM
9658A,N,O,04/04/2026 08:57:02 AM
9658B,N,O,04/04/2026 08:56:47 AM
9659A,N,O,04/04/2026 08:55:43 AM
9659B,N,O,04/04/2026 08:55:43 AM
965A,N,V,04/03/2026 04:34:12 PM
965B,N,V,04/03/2026 04:33:29 PM
9660A,N,O,04/04/2026 08:59:45 AM
9660B,N,V,04/04/2026 09:06:42 AM
9661A,N,O,04/04/2026 08:58:55 AM
9661B,N,O,04/04/2026 08:58:48 AM
9662A,N,V,04/04/2026 09:48:33 AM
9662B,N,O,04/04/2026 09:14:40 AM
9663A,N,O,04/02/2026 01:12:06 PM
9663B,N,O,04/02/2026 12:55:51 PM
9664A,N,O,04/02/2026 09:41:29 AM
9664B,N,O,04/02/2026 04:21:38 PM
9665A,N,O,04/04/2026 08:59:58 AM
9666A,N,O,04/04/2026 08:58:49 AM
9666B,N,O,04/04/2026 09:42:56 AM
9667A,N,O,04/04/2026 08:57:49 AM
9667B,N,O,04/04/2026 08:57:49 AM
966A,N,V,04/04/2026 08:22:30 AM
966B,N,V,04/04/2026 09:51:40 AM
9675A,N,O,04/03/2026 10:29:52 AM
9675B,N,O,04/03/2026 10:29:48 AM
9676A,N,O,04/03/2026 05:50:12 PM
9676B,N,O,04/03/2026 04:09:44 PM
9677A,N,O,04/03/2026 10:27:52 AM
9677B,N,O,04/03/2026 02:18:07 PM
9678A,N,O,04/03/2026 04:23:48 PM
9678B,N,O,04/03/2026 04:58:24 PM
9679A,N,V,04/03/2026 09:59:19 PM
967A,N,V,04/04/2026 09:38:51 AM
967B,N,V,04/04/2026 09:51:39 AM
9687A,N,O,04/04/2026 09:12:02 AM
9687B,N,V,04/04/2026 09:43:56 AM
9688B,N,O,04/04/2026 08:56:44 AM
968A,N,V,04/04/2026 09:39:09 AM
968B,N,V,04/04/2026 09:20:33 AM
9691A,N,O,04/04/2026 08:58:48 AM
9691B,N,O,04/04/2026 08:58:52 AM
9692A,N,O,04/04/2026 08:57:55 AM
9692B,N,O,04/04/2026 08:57:51 AM
9693A,N,O,04/04/2026 09:42:48 AM
9693B,N,O,04/04/2026 08:56:47 AM
9694B,N,O,04/04/2026 08:55:50 AM
9698A,N,O,04/04/2026 08:56:47 AM
9698B,N,O,04/04/2026 08:56:47 AM
9699A,N,O,04/04/2026 08:56:03 AM
969A,N,V,04/04/2026 09:43:10 AM
969B,N,V,04/04/2026 09:51:41 AM
96A,N,V,04/03/2026 04:31:09 PM
96B,N,O,04/04/2026 09:48:49 AM
9700A,N,O,04/04/2026 08:59:56 AM
9700B,N,O,04/04/2026 08:59:49 AM
9701A,N,O,04/04/2026 09:31:19 AM
9701B,N,O,04/04/2026 08:58:50 AM
9702A,N,O,04/04/2026 08:57:51 AM
9702B,N,O,04/04/2026 09:51:31 AM
9703A,N,O,04/04/2026 09:47:20 AM
9703B,N,O,04/04/2026 08:56:48 AM
9704A,N,O,04/04/2026 08:56:03 AM
9704B,N,O,04/04/2026 08:55:49 AM
9708A,N,O,04/03/2026 09:45:19 PM
9708B,N,O,04/03/2026 09:45:40 PM
9709A,N,O,04/03/2026 09:59:34 PM
9709B,N,O,04/03/2026 09:37:15 PM
970A,N,O,03/28/2026 04:49:24 PM
970B,N,V,03/30/2026 01:30:52 PM
9714A,N,V,04/04/2026 09:46:37 AM
9714B,N,O,04/04/2026 08:55:54 AM
9715A,N,O,04/04/2026 09:13:43 AM
9715B,N,O,04/04/2026 08:59:51 AM
9716A,N,O,04/03/2026 09:27:18 PM
9716B,N,V,04/04/2026 09:42:13 AM
9717A,N,O,04/04/2026 08:57:51 AM
9717B,N,V,04/04/2026 09:47:41 AM
9718A,N,V,04/04/2026 09:51:22 AM
9718B,N,V,04/04/2026 09:46:45 AM
9719A,N,O,04/04/2026 09:50:07 AM
9719B,N,O,04/04/2026 08:55:43 AM
971A,N,V,04/04/2026 08:32:03 AM
971B,N,O,04/04/2026 08:44:31 AM
9720A,N,O,04/04/2026 09:34:03 AM
9720B,N,O,04/04/2026 08:59:48 AM
9721A,N,O,04/03/2026 05:52:44 PM
9721B,N,O,04/04/2026 09:02:37 AM
9722A,N,V,04/04/2026 09:47:39 AM
9722B,N,O,04/04/2026 08:57:47 AM
9723A,N,V,04/04/2026 09:51:42 AM
9723B,N,V,04/03/2026 09:41:07 PM
9724A,N,O,04/04/2026 09:50:41 AM
9724B,N,V,04/04/2026 09:46:12 AM
9726A,N,O,04/04/2026 09:47:50 AM
9726B,N,V,04/04/2026 09:35:41 AM
972A,N,O,04/04/2026 09:27:59 AM
972B,N,V,04/04/2026 09:38:50 AM
9732B,N,O,04/04/2026 08:57:51 AM
9733A,N,O,04/04/2026 09:12:30 AM
9733B,N,V,04/04/2026 09:51:39 AM
9734A,N,V,04/04/2026 09:45:03 AM
9734B,N,V,04/04/2026 09:50:33 AM
9735A,N,O,04/04/2026 09:38:28 AM
9735B,N,V,04/04/2026 09:26:21 AM
9736A,N,O,04/04/2026 08:58:50 AM
9736B,N,O,04/04/2026 09:46:35 AM
973B,N,V,04/03/2026 05:10:05 PM
9747A,N,V,04/04/2026 09:51:31 AM
9748A,N,O,04/04/2026 09:41:20 AM
9748B,N,O,04/04/2026 09:06:17 AM
9749A,N,V,04/04/2026 09:46:58 AM
9749B,N,O,04/04/2026 08:55:52 AM
974A,N,O,09/01/2025 06:12:06 PM
974B,N,V,09/01/2025 05:52:58 PM
9751A,N,O,04/04/2026 09:51:45 AM
9751B,N,O,04/04/2026 09:51:13 AM
9752A,N,O,04/04/2026 09:45:08 AM
9752B,N,V,04/04/2026 09:49:26 AM
975A,N,V,04/04/2026 09:32:02 AM
975B,N,V,04/04/2026 08:52:45 AM
976A,N,V,04/03/2026 05:22:13 PM
976B,N,V,04/03/2026 02:18:40 PM
9772A,N,O,04/04/2026 09:28:28 AM
9774A,N,O,04/04/2026 08:55:54 AM
9774B,N,O,04/04/2026 08:56:02 AM
9776A,N,V,04/04/2026 09:40:08 AM
9776B,N,V,04/04/2026 09:49:41 AM
9777A,N,O,04/04/2026 08:57:48 AM
9777B,N,O,04/04/2026 09:46:14 AM
9778B,N,O,04/04/2026 09:50:59 AM
9779A,N,O,04/04/2026 09:51:02 AM
9779B,N,V,04/04/2026 09:11:37 AM
977A,N,V,04/03/2026 12:06:34 PM
9781A,N,O,04/04/2026 09:48:32 AM
9781B,N,O,04/04/2026 09:49:09 AM
9782A,N,O,04/04/2026 09:51:39 AM
9782B,N,V,04/04/2026 09:11:58 AM
9783A,N,O,04/04/2026 09:51:33 AM
9783B,N,V,04/04/2026 09:50:49 AM
9786A,N,O,04/04/2026 08:58:45 AM
9786B,N,O,04/04/2026 08:58:45 AM
9787A,N,O,04/04/2026 09:00:44 AM
9787B,N,O,04/04/2026 09:09:51 AM
9788A,N,O,04/04/2026 09:38:15 AM
9788B,N,O,04/04/2026 09:11:12 AM
978A,N,V,04/03/2026 05:52:20 PM
978B,N,V,01/12/2026 12:02:27 PM
9790B,N,V,04/04/2026 09:50:57 AM
9792A,N,O,04/04/2026 08:57:44 AM
9792B,N,O,04/03/2026 09:59:40 PM
9793A,N,V,04/04/2026 09:47:29 AM
9794A,N,O,04/04/2026 09:49:55 AM
9799A,N,V,04/04/2026 09:38:24 AM
9799B,N,V,04/04/2026 09:51:23 AM
979A,N,V,04/04/2026 09:07:59 AM
97A,N,V,04/03/2026 05:05:42 PM
97B,N,V,04/04/2026 09:16:10 AM
9800A,N,V,04/04/2026 09:25:58 AM
9800B,N,V,04/04/2026 09:43:29 AM
9801A,N,V,04/04/2026 09:30:30 AM
9801B,N,O,04/04/2026 09:51:36 AM
9802A,N,V,04/04/2026 09:50:45 AM
9802B,N,V,04/04/2026 09:43:17 AM
9803A,N,V,04/04/2026 09:51:29 AM
9803B,N,V,04/04/2026 09:19:05 AM
9804B,N,O,04/04/2026 08:55:44 AM
9805A,N,V,04/04/2026 09:03:36 AM
9805B,N,O,04/03/2026 07:37:58 PM
9806A,N,O,04/04/2026 09:43:47 AM
9806B,N,O,04/04/2026 08:58:46 AM
9809B,N,V,04/04/2026 09:14:04 AM
9810A,N,O,04/04/2026 09:51:43 AM
9810B,N,O,04/03/2026 08:02:50 PM
9811A,N,O,04/04/2026 08:58:50 AM
9811B,N,O,04/04/2026 08:58:50 AM
9813B,N,V,04/04/2026 09:50:50 AM
9814B,N,V,04/04/2026 09:48:27 AM
9815A,N,V,04/03/2026 06:34:20 PM
9815B,N,V,04/04/2026 09:48:18 AM
9817B,N,O,04/04/2026 08:57:50 AM
9818A,N,O,04/04/2026 08:56:50 AM
9820A,N,V,04/03/2026 07:06:03 PM
9821A,N,V,04/04/2026 09:47:31 AM
9821B,N,V,04/03/2026 08:27:03 PM
9822A,N,V,04/03/2026 07:04:48 PM
9822B,N,O,04/04/2026 08:57:46 AM
9826A,N,V,04/04/2026 09:10:51 AM
9827A,N,V,04/03/2026 09:18:24 PM
9827B,N,V,04/04/2026 09:51:29 AM
9828A,N,O,04/04/2026 09:11:37 AM
9830A,N,O,04/04/2026 09:09:34 AM
9830B,N,V,04/04/2026 09:50:00 AM
9833A,N,V,04/04/2026 09:46:03 AM
9833B,N,O,04/04/2026 09:19:59 AM
9834A,N,O,04/04/2026 08:55:47 AM
9834B,N,O,04/03/2026 07:48:55 PM
9836A,N,O,04/04/2026 08:58:43 AM
9836B,N,O,04/04/2026 08:58:43 AM
9837B,N,O,04/04/2026 09:49:56 AM
9838A,N,O,04/04/2026 08:56:47 AM
9838B,N,O,04/04/2026 08:56:51 AM
9839B,N,O,04/04/2026 08:55:45 AM
9840A,N,V,04/04/2026 09:51:11 AM
9848A,N,O,04/04/2026 08:56:45 AM
9848B,N,V,04/04/2026 09:51:27 AM
9849A,N,O,04/04/2026 09:23:30 AM
9849B,N,O,04/04/2026 09:25:59 AM
9851A,N,O,04/04/2026 08:58:47 AM
9856A,N,O,04/04/2026 08:58:46 AM
985A,N,O,04/04/2026 06:59:48 AM
985B,N,O,09/09/2025 06:59:49 AM
9861A,N,O,04/04/2026 09:49:43 AM
9861B,N,O,04/04/2026 08:58:51 AM
9862A,N,V,04/04/2026 09:51:06 AM
9862B,N,O,04/03/2026 04:52:43 PM
9863A,N,V,04/04/2026 09:51:41 AM
9863B,N,V,04/03/2026 09:02:53 PM
9864B,N,V,04/04/2026 08:58:59 AM
9869A,N,O,04/04/2026 09:51:03 AM
9869B,N,O,04/04/2026 09:30:30 AM
986A,N,O,04/04/2026 06:58:45 AM
986B,N,O,04/03/2026 06:58:48 AM
9870A,N,O,04/04/2026 09:34:21 AM
9870B,N,O,04/04/2026 08:59:47 AM
9871A,N,O,04/04/2026 08:58:47 AM
9871B,N,O,04/04/2026 08:58:47 AM
9873B,N,V,04/04/2026 09:50:55 AM
9874A,N,O,04/04/2026 09:23:14 AM
9874B,N,O,04/04/2026 09:46:08 AM
9877B,N,V,04/04/2026 09:51:40 AM
9878A,N,O,04/04/2026 09:51:24 AM
987A,N,V,04/04/2026 09:38:31 AM
987B,N,O,04/04/2026 09:38:31 AM
9880A,N,V,04/04/2026 09:51:34 AM
9880B,N,V,04/04/2026 09:21:42 AM
9882A,N,V,04/03/2026 08:46:21 PM
9882B,N,O,04/04/2026 09:51:42 AM
9883A,N,V,04/04/2026 09:45:01 AM
9883B,N,O,04/04/2026 08:57:02 AM
9886B,N,O,04/04/2026 08:59:04 AM
9887B,N,O,04/03/2026 09:59:57 PM
9888A,N,V,04/03/2026 09:47:18 PM
9889A,N,V,04/03/2026 09:58:40 PM
9889B,N,O,04/03/2026 09:59:40 PM
988B,N,O,04/04/2026 09:51:39 AM
9890A,N,O,04/03/2026 08:59:51 AM
9890B,N,V,04/04/2026 09:51:42 AM
9891B,N,O,04/04/2026 08:58:44 AM
9892B,N,O,04/04/2026 09:48:22 AM
9893A,N,O,04/04/2026 08:56:50 AM
9893B,N,O,04/04/2026 08:56:50 AM
9894B,N,O,04/04/2026 08:55:45 AM
9895A,N,O,04/04/2026 08:59:47 AM
9897A,N,O,04/03/2026 09:59:53 PM
9898A,N,V,04/03/2026 09:51:14 PM
9898B,N,V,04/03/2026 09:06:03 PM
9899A,N,O,04/04/2026 09:51:30 AM
9899B,N,O,04/04/2026 09:51:34 AM
98A,N,V,04/03/2026 07:18:54 PM
98B,N,O,04/03/2026 07:18:32 PM
9900A,N,O,04/04/2026 09:50:11 AM
9902A,N,O,04/03/2026 05:18:13 PM
9902B,N,V,04/03/2026 09:39:47 PM
9904A,N,V,04/03/2026 08:47:50 PM
9905A,N,V,04/04/2026 09:30:55 AM
9905B,N,V,04/04/2026 09:50:35 AM
9908A,N,O,04/04/2026 09:51:24 AM
9908B,N,V,04/04/2026 09:28:10 AM
9909A,N,V,04/04/2026 09:22:18 AM
9913A,N,V,04/04/2026 09:32:56 AM
9913B,N,O,04/04/2026 09:51:10 AM
9915A,N,O,04/04/2026 08:59:48 AM
9915B,N,V,04/04/2026 09:51:11 AM
9916A,N,O,04/04/2026 08:58:46 AM
9916B,N,O,04/04/2026 09:10:13 AM
9917A,N,O,04/04/2026 08:57:47 AM
9917B,N,O,04/04/2026 08:59:46 AM
9918B,N,O,04/04/2026 08:56:44 AM
9921B,N,V,04/03/2026 09:25:52 PM
9922A,N,V,04/03/2026 09:36:54 PM
9922B,N,V,04/04/2026 09:33:09 AM
9923A,N,V,04/03/2026 06:39:30 PM
9924B,N,O,04/04/2026 09:51:30 AM
9925A,N,O,04/04/2026 08:59:45 AM
9925B,N,V,04/03/2026 05:08:25 PM
9926A,N,V,04/04/2026 09:21:46 AM
9926B,N,V,04/04/2026 09:45:26 AM
9927A,N,V,04/04/2026 09:51:06 AM
9928A,N,O,04/04/2026 09:43:55 AM
9928B,N,V,04/04/2026 09:38:24 AM
9929B,N,V,04/04/2026 09:20:44 AM
9930A,N,O,04/04/2026 09:51:34 AM
9930B,N,O,04/04/2026 08:59:50 AM
9931A,N,O,04/04/2026 08:58:46 AM
9931B,N,V,04/04/2026 09:50:26 AM
9932A,N,V,04/04/2026 09:29:08 AM
9932B,N,V,04/04/2026 09:50:25 AM
9933A,N,V,04/04/2026 09:11:03 AM
9933B,N,V,04/04/2026 09:51:36 AM
9934A,N,O,04/04/2026 09:22:38 AM
9934B,N,V,04/04/2026 09:38:21 AM
998B,N,V,04/03/2026 09:31:44 PM
99901A,N,V,04/01/2026 12:52:44 PM
99901B,N,V,04/01/2026 02:40:47 PM
99902A,N,V,03/31/2026 01:48:42 PM
99902B,N,V,04/02/2026 09:46:00 AM
999A,N,O,04/03/2026 10:25:57 AM
999B,N,O,04/03/2026 05:22:05 PM
99A,N,O,04/04/2026 09:01:54 AM
99B,N,V,04/03/2026 05:37:35 PM
9A,NU,V,02/25/2026 08:53:53 PM
9B,NU,V,02/25/2026 09:34:57 PM
