ParkingSpaceId,ParkingMeterStatus,OccupancyStatus,OccupancyDateChanged
10006A,N,O,04/02/2026 09:36:52 PM
10006B,N,V,04/02/2026 10:59:18 PM
10007A,N,O,04/02/2026 07:57:48 AM
10007B,N,O,04/02/2026 11:06:11 PM
10008A,N,O,04/01/2026 07:56:50 AM
10008B,N,O,04/02/2026 07:56:46 AM
10009A,N,O,04/02/2026 09:49:45 PM
10009B,N,O,04/02/2026 11:01:24 PM
10010A,N,O,04/02/2026 08:16:26 PM
10010B,N,O,04/02/2026 04:14:39 PM
10012A,N,O,04/02/2026 07:57:42 AM
10012B,N,O,04/02/2026 11:42:07 AM
10013A,N,O,04/02/2026 02:05:04 PM
10013B,N,O,04/02/2026 11:13:28 AM
10014A,N,O,04/02/2026 08:58:57 PM
10014B,N,O,04/02/2026 07:42:16 PM
10015A,N,O,04/02/2026 08:27:45 AM
10015B,N,O,04/02/2026 08:48:28 PM
1001A,N,O,04/02/2026 09:14:04 PM
10021A,N,O,04/02/2026 09:39:10 PM
10021B,N,V,04/02/2026 11:57:42 PM
10022A,N,O,04/02/2026 01:44:19 PM
10022B,N,O,04/02/2026 11:03:44 PM
10023A,N,O,04/02/2026 04:31:41 PM
10023B,N,O,04/02/2026 06:31:29 PM
10024A,N,O,04/02/2026 09:14:27 PM
10024B,N,O,04/02/2026 11:01:03 PM
10025A,N,O,04/02/2026 06:53:24 PM
10025B,N,V,04/02/2026 11:25:29 PM
10026A,N,O,04/02/2026 08:28:53 AM
10026B,N,O,04/02/2026 10:16:58 PM
10027A,N,O,04/02/2026 08:27:47 AM
10028A,N,O,04/02/2026 06:56:53 AM
10028B,N,O,04/02/2026 04:04:44 PM
10029A,N,O,04/02/2026 07:00:13 PM
10029B,N,O,04/02/2026 07:10:44 PM
1002A,N,O,04/02/2026 10:11:42 PM
10030A,N,O,04/02/2026 06:59:48 AM
10030B,N,O,04/02/2026 06:59:52 AM
10031A,N,O,04/02/2026 06:59:13 AM
10031B,N,O,04/02/2026 05:53:45 PM
10033B,N,V,04/02/2026 11:58:53 PM
10034A,N,O,04/02/2026 10:51:41 PM
10034B,N,O,04/02/2026 10:19:28 PM
10035A,N,O,04/02/2026 06:49:08 PM
10035B,N,O,04/02/2026 07:03:35 PM
10036A,N,O,04/02/2026 06:10:14 PM
10036B,N,O,04/02/2026 10:50:58 PM
10037A,N,O,04/02/2026 04:24:44 PM
10037B,N,O,04/02/2026 12:00:09 PM
10038A,N,O,04/02/2026 10:42:05 AM
10039A,N,O,04/02/2026 10:18:21 PM
10039B,N,O,04/02/2026 08:42:19 PM
1003B,N,O,04/02/2026 11:52:10 PM
10040A,N,O,04/02/2026 05:33:08 PM
10040B,N,O,04/02/2026 11:23:09 PM
10041A,N,O,04/02/2026 11:38:25 PM
10041B,N,O,04/03/2026 12:00:00 AM
10042A,N,O,04/02/2026 11:36:45 PM
10042B,N,V,04/02/2026 11:51:21 PM
10057A,N,O,04/02/2026 07:17:07 PM
10057B,N,O,04/02/2026 11:31:29 PM
10058A,N,V,04/02/2026 11:57:38 PM
10058B,N,V,04/02/2026 11:30:32 PM
10059A,N,V,04/02/2026 12:39:37 PM
10059B,N,O,04/02/2026 07:54:25 PM
1006B,N,V,04/02/2026 11:30:19 PM
10072A,N,O,04/02/2026 09:16:30 PM
10073A,N,O,04/02/2026 11:23:52 PM
10073B,N,O,04/02/2026 04:24:40 PM
10074A,N,O,04/02/2026 10:00:58 PM
10074B,N,O,04/02/2026 09:00:02 PM
10075A,N,O,04/02/2026 11:59:41 PM
10075B,N,O,04/02/2026 10:21:34 PM
10083A,N,O,04/02/2026 06:57:01 AM
10083B,N,O,04/02/2026 07:54:28 PM
10084A,N,O,04/02/2026 09:57:39 PM
10084B,N,O,04/02/2026 05:02:09 PM
10085A,N,O,04/02/2026 08:03:35 AM
10085B,N,O,04/02/2026 11:36:37 PM
10086A,N,O,04/02/2026 10:19:25 PM
10086B,N,O,04/02/2026 09:45:50 PM
10091A,N,O,04/02/2026 07:58:42 AM
10092A,N,O,04/02/2026 09:18:56 AM
10092B,N,O,04/02/2026 01:21:24 PM
100A,N,O,04/02/2026 11:59:03 PM
100B,N,O,04/02/2026 11:59:56 PM
10112A,N,O,04/02/2026 10:33:33 PM
10112B,N,O,04/02/2026 06:18:09 PM
10113A,N,O,04/02/2026 09:12:32 PM
10113B,N,O,04/02/2026 11:35:03 PM
10118A,N,O,04/02/2026 08:09:53 AM
10118B,N,O,04/02/2026 07:21:31 PM
10119A,N,O,04/02/2026 10:16:49 PM
10119B,N,O,04/02/2026 10:02:55 PM
10120A,N,O,04/02/2026 05:29:08 PM
10120B,N,O,04/02/2026 09:53:27 PM
10121A,N,O,04/02/2026 11:32:26 PM
10121B,N,O,04/02/2026 10:25:21 PM
10122A,N,O,04/02/2026 11:48:53 PM
10122B,N,O,04/02/2026 11:39:22 PM
10124A,N,O,04/02/2026 03:51:40 PM
10124B,N,O,04/02/2026 10:09:59 PM
10125A,N,O,04/02/2026 10:58:39 PM
10125B,N,O,04/02/2026 06:47:12 PM
10131B,N,O,04/02/2026 11:21:32 PM
10132A,N,O,04/02/2026 08:27:49 AM
10132B,N,O,04/02/2026 11:26:09 PM
10133A,N,O,04/02/2026 11:43:46 PM
10133B,N,O,04/02/2026 10:54:40 PM
10134A,N,O,04/02/2026 11:34:24 PM
10134B,N,O,04/02/2026 07:36:54 PM
10135A,N,O,04/02/2026 06:26:50 PM
10135B,N,O,04/02/2026 11:32:36 PM
10136A,N,O,04/02/2026 10:25:44 PM
10136B,N,O,04/02/2026 10:49:36 PM
10137A,N,O,04/02/2026 09:27:45 PM
10137B,N,O,04/02/2026 04:34:47 PM
10138A,N,O,04/02/2026 11:44:02 PM
10138B,N,O,04/02/2026 06:29:31 PM
10145A,N,O,04/02/2026 08:08:38 PM
10146A,N,O,04/02/2026 07:58:48 AM
10146B,N,O,03/31/2026 07:58:49 AM
10148B,N,O,04/02/2026 03:55:36 PM
10149B,N,O,04/02/2026 09:06:19 PM
10153A,N,O,04/02/2026 04:25:57 PM
10153B,N,O,04/02/2026 10:21:11 PM
10154A,N,O,04/02/2026 07:33:09 PM
10154B,N,V,04/02/2026 11:15:15 PM
10155A,N,O,04/02/2026 06:25:43 PM
10155B,N,V,04/02/2026 10:58:21 PM
10156B,N,O,04/02/2026 11:54:21 PM
10158A,N,O,04/02/2026 10:04:11 PM
10158B,N,O,04/02/2026 09:13:28 PM
10159A,N,O,04/02/2026 04:27:06 PM
10159B,N,O,04/02/2026 09:15:44 PM
10160A,N,O,04/02/2026 10:11:53 PM
10160B,N,O,04/02/2026 09:35:50 PM
10161A,N,V,04/02/2026 11:59:20 PM
10161B,N,V,04/02/2026 11:52:16 PM
10172A,N,O,04/02/2026 04:22:29 PM
10172B,N,O,04/02/2026 07:57:50 AM
10173A,N,O,04/02/2026 07:56:51 AM
10173B,N,O,04/02/2026 07:56:47 AM
10174A,N,O,04/02/2026 06:30:25 PM
10174B,N,O,04/02/2026 04:49:32 PM
10175A,N,O,04/02/2026 08:00:08 AM
10175B,N,O,04/02/2026 08:00:15 AM
10176B,N,O,04/02/2026 07:58:51 AM
10182A,N,V,04/03/2026 08:16:52 AM
10182B,N,O,07/22/2025 01:25:37 PM
10183A,N,O,04/03/2026 07:56:48 AM
10185A,N,O,04/02/2026 07:42:58 PM
10185B,N,O,04/02/2026 10:58:51 PM
10186A,N,O,04/02/2026 06:16:06 PM
10186B,N,O,04/02/2026 10:36:13 PM
10187A,N,O,04/02/2026 06:36:08 PM
10187B,N,O,04/02/2026 06:57:43 AM
10188A,N,O,04/02/2026 06:56:46 AM
10188B,N,O,04/02/2026 06:19:11 PM
10189A,N,O,04/02/2026 06:18:39 PM
10189B,N,O,04/02/2026 06:55:47 AM
10190A,N,O,04/02/2026 05:19:10 PM
10190B,N,O,04/02/2026 09:40:25 AM
10191A,N,O,04/02/2026 05:39:19 PM
10191B,N,O,04/02/2026 05:33:08 PM
10192A,N,O,04/02/2026 11:18:29 PM
10192B,N,O,04/02/2026 10:44:56 PM
10196A,N,O,04/02/2026 08:09:28 PM
10196B,N,V,04/02/2026 11:59:31 PM
101A,N,V,04/02/2026 05:44:31 PM
101B,N,V,04/02/2026 05:44:52 PM
10200A,N,O,04/02/2026 07:00:24 PM
10201A,N,O,04/02/2026 08:28:58 AM
10201B,N,V,04/02/2026 11:55:58 PM
10207A,N,O,04/02/2026 11:51:20 AM
10207B,N,O,04/02/2026 09:13:46 PM
10209B,N,V,04/02/2026 11:59:07 PM
10211A,N,O,04/02/2026 11:58:46 PM
10211B,N,O,04/02/2026 07:40:58 PM
10212A,N,O,04/02/2026 10:26:14 PM
10212B,N,O,04/02/2026 03:04:43 PM
10213A,N,O,04/02/2026 10:28:57 PM
10213B,N,O,04/02/2026 11:23:13 PM
10215B,N,O,04/02/2026 01:33:03 PM
10216A,N,O,04/02/2026 09:45:15 PM
10216B,N,O,04/02/2026 08:28:58 AM
1021A,N,O,04/02/2026 11:59:34 PM
1021B,N,O,04/02/2026 11:54:46 PM
10222A,N,O,04/02/2026 03:02:09 PM
10222B,N,O,04/02/2026 03:30:20 PM
10223A,N,O,04/02/2026 05:05:00 PM
10224A,N,O,04/02/2026 05:43:36 PM
10224B,N,O,04/02/2026 03:00:10 PM
10225A,N,O,04/02/2026 04:01:52 PM
10225B,N,O,04/02/2026 06:22:08 PM
10226A,N,O,04/02/2026 05:01:13 PM
10226B,N,O,04/02/2026 09:40:07 PM
10227A,N,O,04/02/2026 11:54:33 PM
10227B,N,O,04/02/2026 10:35:13 PM
10228B,N,O,04/02/2026 07:56:46 AM
10229A,N,O,04/02/2026 07:55:44 AM
10229B,N,O,04/02/2026 04:20:57 PM
1022A,N,O,04/02/2026 09:56:16 PM
1022B,N,O,04/02/2026 11:07:25 PM
10231B,N,O,04/02/2026 07:58:44 AM
10232A,N,O,04/02/2026 10:05:42 AM
10232B,N,O,04/02/2026 10:13:03 AM
10233B,N,O,04/02/2026 06:32:36 PM
10234A,N,O,04/02/2026 08:16:13 PM
10234B,N,O,04/02/2026 08:59:51 PM
10235A,N,O,04/02/2026 11:58:45 PM
10235B,N,O,04/02/2026 04:06:36 PM
10236A,N,O,04/02/2026 07:23:05 PM
10237A,N,O,04/02/2026 06:27:47 PM
10237B,N,O,04/02/2026 05:52:17 PM
10238A,N,O,04/02/2026 07:04:19 PM
10238B,N,O,04/02/2026 09:23:23 PM
10239A,N,O,04/02/2026 08:10:07 PM
10239B,N,O,04/02/2026 09:21:35 PM
1023A,N,O,04/02/2026 10:34:12 PM
1023B,N,O,04/02/2026 09:57:59 PM
10240B,N,O,04/02/2026 07:39:29 PM
10241A,N,O,04/02/2026 08:56:26 PM
10241B,N,O,04/02/2026 07:08:51 PM
10242A,N,O,04/02/2026 11:13:40 PM
10242B,N,O,04/02/2026 11:42:22 PM
10245A,N,O,04/02/2026 08:49:22 AM
10245B,N,O,04/02/2026 07:59:46 AM
10246A,N,O,04/02/2026 10:07:42 PM
10246B,N,O,04/02/2026 06:11:04 PM
10247A,N,O,04/02/2026 11:15:14 PM
1024A,N,V,04/02/2026 11:57:54 PM
1024B,N,V,04/02/2026 11:52:38 PM
10253A,N,O,04/02/2026 11:38:38 PM
10254A,N,O,04/02/2026 07:12:38 PM
10254B,N,O,04/02/2026 07:43:45 PM
10256A,N,O,04/02/2026 07:59:03 AM
10256B,N,O,04/02/2026 07:58:54 AM
10257A,N,O,04/02/2026 07:36:06 PM
10257B,N,O,04/02/2026 03:08:58 PM
10258A,N,O,04/02/2026 08:43:51 PM
10258B,N,V,04/02/2026 10:23:13 PM
10259A,N,O,04/02/2026 11:09:12 PM
10259B,N,O,04/02/2026 11:21:59 PM
1025A,N,V,04/02/2026 10:24:21 PM
1025B,N,O,04/02/2026 10:46:54 PM
10262A,N,O,04/03/2026 08:15:52 AM
10262B,N,V,04/03/2026 08:11:49 AM
10263A,N,O,04/03/2026 08:17:34 AM
10263B,N,O,04/03/2026 06:56:54 AM
10264A,N,O,04/03/2026 08:06:54 AM
10264B,N,O,04/03/2026 06:55:45 AM
1026A,N,V,04/02/2026 08:52:19 PM
10270A,N,O,04/02/2026 08:58:11 PM
10270B,N,O,04/02/2026 09:58:24 PM
10271A,N,O,04/02/2026 10:21:44 PM
10271B,N,O,04/02/2026 01:15:44 PM
10272A,N,O,04/02/2026 07:03:39 PM
10272B,N,O,04/02/2026 11:55:06 PM
10273A,N,O,04/02/2026 11:11:02 PM
10273B,N,O,04/02/2026 06:39:06 PM
1027A,N,V,04/02/2026 04:53:11 PM
1027B,N,V,04/02/2026 02:45:05 PM
10280A,N,O,04/03/2026 07:11:04 AM
10280B,N,O,04/03/2026 06:59:43 AM
10281A,N,O,04/02/2026 11:11:49 PM
10281B,N,O,04/03/2026 08:05:13 AM
10286A,N,O,04/02/2026 05:59:53 PM
10286B,N,O,04/02/2026 06:48:10 PM
10287A,N,O,04/02/2026 10:35:56 PM
10287B,N,O,04/02/2026 11:18:50 PM
1028A,N,V,04/02/2026 06:59:48 PM
1028B,N,V,04/02/2026 06:48:43 PM
10295A,N,O,04/02/2026 11:48:48 PM
10296A,N,O,04/02/2026 07:15:17 PM
10296B,N,O,04/02/2026 09:37:14 PM
10297A,N,O,04/02/2026 04:56:49 PM
10297B,N,O,04/02/2026 06:08:25 PM
10298A,N,O,04/02/2026 09:52:42 PM
10298B,N,O,04/02/2026 06:56:52 AM
1029A,N,O,04/02/2026 11:59:40 PM
1029B,N,V,04/02/2026 11:59:12 PM
102A,N,V,04/02/2026 11:39:26 PM
102B,N,V,04/02/2026 11:55:17 PM
10301A,N,O,04/02/2026 05:51:04 PM
10301B,N,O,04/02/2026 06:13:23 PM
10302A,N,O,04/02/2026 05:33:10 PM
10302B,N,O,04/02/2026 08:36:31 PM
10303A,N,O,04/02/2026 05:55:52 PM
10303B,N,O,04/02/2026 06:56:52 AM
1030A,N,V,04/02/2026 11:28:38 PM
1030B,N,V,04/01/2026 12:18:47 PM
10310A,N,O,04/02/2026 08:34:24 PM
10310B,N,O,04/02/2026 06:24:20 PM
10311A,N,O,04/02/2026 01:45:04 PM
10311B,N,O,04/02/2026 05:09:09 PM
10312A,N,O,04/02/2026 06:48:03 PM
10312B,N,O,04/02/2026 10:48:31 PM
10316A,N,O,04/02/2026 03:00:35 PM
10316B,N,O,04/02/2026 03:07:25 PM
10317A,N,O,04/02/2026 06:31:10 PM
10317B,N,O,04/02/2026 06:20:39 PM
10318A,N,O,04/02/2026 05:13:55 PM
10318B,N,O,04/02/2026 05:35:00 PM
10319A,N,O,04/02/2026 05:12:54 PM
10319B,N,O,04/02/2026 06:21:54 PM
1031A,N,V,04/02/2026 10:05:20 PM
1031B,N,V,04/02/2026 03:55:30 PM
10320A,N,O,04/02/2026 08:19:04 PM
10320B,N,O,04/02/2026 06:30:51 PM
10322A,N,O,04/02/2026 09:37:59 PM
10323A,N,O,04/02/2026 10:20:46 PM
10323B,N,V,04/02/2026 11:32:03 PM
10325A,N,O,04/02/2026 10:55:53 PM
10325B,N,O,04/03/2026 12:00:02 AM
10326A,N,O,04/02/2026 11:44:22 PM
10326B,N,O,04/02/2026 10:24:36 PM
10327A,N,O,04/02/2026 11:48:40 PM
10327B,N,V,04/02/2026 11:57:29 PM
10328A,N,V,04/02/2026 10:30:39 PM
10328B,N,O,04/02/2026 04:55:04 PM
10329B,N,O,04/02/2026 09:10:19 AM
1032A,N,V,04/02/2026 11:47:11 PM
1032B,N,V,04/02/2026 03:38:45 PM
10330A,N,O,04/02/2026 06:08:57 PM
10331A,N,O,04/02/2026 11:10:59 PM
10331B,N,V,04/02/2026 11:10:59 PM
10332A,N,O,04/02/2026 11:17:11 PM
10332B,N,O,04/02/2026 11:43:16 PM
10333B,N,O,04/02/2026 05:12:04 PM
10334A,N,O,04/02/2026 09:04:38 PM
10334B,N,O,04/02/2026 07:39:29 PM
10335A,N,O,04/02/2026 03:47:15 PM
10335B,N,O,04/02/2026 11:58:55 PM
10336A,N,O,04/02/2026 06:58:41 AM
10336B,N,O,04/02/2026 08:26:54 AM
10337A,N,O,04/02/2026 05:57:03 PM
10337B,N,O,04/02/2026 10:53:14 PM
10338A,N,O,04/02/2026 11:58:26 PM
10338B,N,O,04/02/2026 10:23:10 PM
1033A,N,V,04/02/2026 11:05:12 PM
1033B,N,V,04/02/2026 02:36:12 PM
1034A,N,V,04/02/2026 05:14:31 PM
1034B,N,V,04/02/2026 04:13:53 PM
10350A,N,O,04/02/2026 10:53:00 PM
10350B,N,O,04/02/2026 06:11:42 PM
10351A,N,O,04/02/2026 11:14:25 PM
10351B,N,V,04/02/2026 11:59:12 PM
10352B,N,O,04/02/2026 06:57:49 AM
10358A,N,O,04/02/2026 11:25:59 PM
10358B,N,O,04/02/2026 11:45:23 PM
10359A,N,O,04/02/2026 08:27:24 PM
10359B,N,O,04/02/2026 10:02:17 PM
1035A,N,V,04/02/2026 04:14:03 PM
1035B,N,V,04/02/2026 05:14:43 PM
10362B,N,O,04/02/2026 07:57:44 AM
10364B,N,O,04/02/2026 06:55:52 AM
10365A,N,O,04/02/2026 05:33:26 PM
10365B,N,O,04/02/2026 06:29:27 PM
10369A,N,O,04/02/2026 06:55:48 AM
10369B,N,O,04/02/2026 10:46:51 AM
1036A,N,O,04/02/2026 11:01:24 PM
10371A,N,O,04/02/2026 06:58:45 AM
10372A,N,O,04/02/2026 12:08:07 PM
10372B,N,O,04/02/2026 09:51:55 PM
10373A,N,O,04/02/2026 06:56:54 AM
10373B,N,O,04/02/2026 07:47:47 AM
10374A,N,O,04/02/2026 05:18:04 PM
10374B,N,O,04/02/2026 05:49:43 PM
10376A,N,O,04/02/2026 06:58:51 AM
10376B,N,O,04/02/2026 06:58:51 AM
10377B,N,O,04/02/2026 06:57:52 AM
10378A,N,O,04/01/2026 06:56:46 AM
10378B,N,O,04/02/2026 10:17:31 AM
10379A,N,O,04/02/2026 06:55:48 AM
1037A,N,O,04/02/2026 11:56:31 PM
1037B,N,V,04/02/2026 10:57:11 PM
10380A,N,O,04/02/2026 08:42:05 AM
10380B,N,O,04/02/2026 02:46:34 PM
10381A,N,O,04/02/2026 07:28:56 PM
10381B,N,O,04/02/2026 06:58:45 AM
10382A,N,O,04/02/2026 10:35:44 AM
10382B,N,O,04/02/2026 06:57:51 AM
10383A,N,O,04/02/2026 10:41:52 PM
10383B,N,O,04/02/2026 09:22:30 PM
10384A,N,O,04/02/2026 02:28:13 PM
10384B,N,O,04/02/2026 10:42:23 PM
10387A,N,O,04/02/2026 09:25:53 PM
10387B,N,O,04/02/2026 09:17:48 PM
10389A,N,O,04/02/2026 07:03:52 PM
10389B,N,O,04/02/2026 09:39:11 PM
1038A,N,V,04/02/2026 11:08:52 PM
10390A,N,O,04/02/2026 05:10:55 PM
10390B,N,O,04/02/2026 10:42:06 PM
10391A,N,O,04/02/2026 09:41:12 PM
10391B,N,O,04/02/2026 07:31:12 PM
10392A,N,O,04/02/2026 07:58:18 AM
10392B,N,O,04/02/2026 07:32:00 PM
10393A,N,O,04/02/2026 07:01:27 PM
10394A,N,V,04/02/2026 11:59:47 PM
10394B,N,O,04/02/2026 06:55:51 AM
10395A,N,O,04/02/2026 06:59:51 AM
10396A,N,O,04/03/2026 08:00:40 AM
10396B,N,O,04/03/2026 07:59:09 AM
10397A,N,O,04/02/2026 11:59:59 PM
10397B,N,V,04/03/2026 08:16:46 AM
10398A,N,O,04/03/2026 07:56:47 AM
10398B,N,V,04/03/2026 08:11:07 AM
10399A,N,O,04/03/2026 07:55:49 AM
10399B,N,O,04/03/2026 07:55:49 AM
1039A,N,V,04/02/2026 03:47:50 PM
1039B,N,V,04/02/2026 04:16:59 PM
103A,N,V,04/02/2026 11:47:30 PM
103B,N,V,04/02/2026 11:07:19 PM
10401A,N,O,04/02/2026 09:09:56 PM
10402A,N,O,04/02/2026 05:27:58 PM
10402B,N,O,04/02/2026 08:23:51 PM
10404A,N,O,04/02/2026 07:40:25 PM
10404B,N,O,04/02/2026 05:33:28 PM
10405A,N,O,04/02/2026 04:55:43 PM
10405B,N,O,04/02/2026 10:44:22 PM
10406B,N,O,04/02/2026 07:51:51 PM
10407A,N,O,04/02/2026 09:09:12 PM
10407B,N,O,04/02/2026 06:57:46 AM
10408B,N,O,04/02/2026 04:13:57 PM
10409A,N,O,04/02/2026 10:28:00 PM
10409B,N,O,04/02/2026 11:10:21 PM
10410A,N,O,04/02/2026 09:55:57 PM
10410B,N,O,04/02/2026 10:40:49 PM
10411A,N,O,04/02/2026 07:23:29 PM
10411B,N,O,04/02/2026 10:44:14 PM
10412A,N,O,04/02/2026 10:42:55 PM
10412B,N,O,04/02/2026 09:17:54 PM
10413A,N,O,04/02/2026 02:25:44 PM
10413B,N,O,04/02/2026 08:25:55 PM
10435A,N,O,04/02/2026 06:06:29 PM
10435B,N,V,04/02/2026 11:58:35 PM
10436B,N,O,04/02/2026 06:58:45 AM
1043A,N,V,04/02/2026 10:58:53 PM
1043B,N,V,04/02/2026 10:40:32 PM
1044A,N,V,04/02/2026 11:54:37 PM
1044B,N,V,04/02/2026 09:08:02 PM
10452A,N,O,04/02/2026 06:10:20 PM
10452B,N,O,04/02/2026 07:04:44 PM
10453A,N,O,04/02/2026 11:59:45 PM
10453B,N,V,04/02/2026 11:25:30 PM
10454A,N,O,04/02/2026 06:43:11 PM
10456A,N,O,04/02/2026 10:03:50 PM
10456B,N,O,04/02/2026 07:35:06 PM
10457A,N,V,04/02/2026 11:59:39 PM
10457B,N,V,04/02/2026 11:09:07 PM
10458A,N,O,04/02/2026 10:26:06 PM
10458B,N,O,04/02/2026 10:11:42 PM
1045A,N,V,04/02/2026 09:09:28 PM
10461B,N,O,04/02/2026 06:58:53 AM
10462A,N,V,04/02/2026 11:07:43 PM
10462B,N,O,04/02/2026 05:37:14 PM
10463A,N,O,04/02/2026 05:04:31 PM
10463B,N,O,04/02/2026 05:28:47 PM
10464A,N,O,04/02/2026 10:31:44 PM
10464B,N,V,04/02/2026 07:44:43 PM
10465A,N,O,04/02/2026 05:44:50 PM
10465B,N,O,04/02/2026 10:26:29 PM
10466A,N,O,04/02/2026 05:41:19 PM
10466B,N,V,04/02/2026 08:59:54 PM
10467A,N,O,04/02/2026 10:24:40 PM
10467B,N,O,04/02/2026 10:59:07 PM
10468B,N,O,04/02/2026 10:21:42 PM
1046A,N,O,04/02/2026 12:12:37 PM
1046B,N,V,04/02/2026 11:59:46 PM
10471A,N,O,04/02/2026 06:58:50 AM
10472A,N,O,04/02/2026 10:40:43 PM
10474A,N,O,04/02/2026 10:08:22 PM
10474B,N,O,04/02/2026 11:32:53 AM
10475A,N,O,04/02/2026 06:34:33 PM
10475B,N,O,04/02/2026 06:09:21 PM
10476B,N,O,04/02/2026 10:55:17 PM
1047A,N,V,04/02/2026 11:58:35 PM
1047B,N,V,04/02/2026 11:28:57 PM
10481A,N,O,04/02/2026 08:54:42 PM
10481B,N,O,04/02/2026 03:33:03 PM
10482A,N,O,04/02/2026 09:42:03 PM
10482B,N,O,04/02/2026 05:26:07 PM
10483A,N,O,04/02/2026 05:22:48 PM
10483B,N,O,04/02/2026 09:28:45 PM
10485A,N,O,04/02/2026 05:58:27 PM
10485B,N,O,04/02/2026 09:13:17 PM
10486A,N,O,04/02/2026 05:01:06 PM
10486B,N,O,04/02/2026 09:47:38 PM
10487A,N,O,04/02/2026 05:37:41 PM
10487B,N,O,04/02/2026 02:40:55 PM
10488A,N,O,04/02/2026 07:51:43 PM
10488B,N,O,04/02/2026 06:56:45 AM
10489A,N,O,04/02/2026 09:33:04 PM
10489B,N,O,04/02/2026 10:52:22 PM
1048A,N,O,04/02/2026 11:32:39 PM
1048B,N,V,04/02/2026 11:59:34 PM
10490B,N,O,04/02/2026 07:08:45 PM
10491A,N,O,04/02/2026 08:06:35 PM
10491B,N,O,04/02/2026 08:42:12 AM
10492A,N,O,04/02/2026 06:57:47 AM
10492B,N,O,04/02/2026 08:53:07 AM
10493A,N,O,04/02/2026 05:41:18 PM
10493B,N,O,04/02/2026 03:40:20 PM
10494A,N,O,04/02/2026 05:41:46 PM
10494B,N,O,04/02/2026 09:47:04 PM
10495A,N,O,04/02/2026 04:49:42 PM
10495B,N,O,04/02/2026 04:21:13 PM
10496B,N,O,04/02/2026 10:22:19 PM
1049A,N,O,04/02/2026 10:53:53 PM
1049B,N,O,04/02/2026 09:45:21 PM
104A,N,V,04/02/2026 07:52:52 PM
104B,N,V,04/02/2026 10:41:26 AM
10501A,N,O,04/02/2026 10:22:24 PM
10501B,N,O,04/02/2026 04:00:54 PM
10502A,N,O,04/02/2026 04:00:46 PM
10502B,N,O,04/02/2026 04:00:46 PM
10503A,N,O,04/02/2026 08:55:04 PM
10503B,N,O,04/02/2026 11:39:22 PM
10504A,N,O,04/02/2026 04:01:14 PM
10504B,N,O,04/02/2026 06:08:24 PM
1050A,N,V,04/02/2026 11:59:35 PM
1050B,N,O,04/02/2026 05:23:30 PM
10511A,N,O,04/02/2026 10:05:08 PM
10511B,N,O,04/02/2026 08:33:33 PM
10512A,N,O,04/02/2026 07:19:46 PM
10512B,N,O,04/02/2026 04:21:07 PM
10513B,N,O,04/02/2026 08:26:52 AM
1051A,N,V,04/02/2026 10:10:48 PM
1051B,N,V,04/02/2026 10:13:35 PM
1052A,N,O,04/02/2026 09:02:02 PM
1052B,N,V,04/02/2026 11:58:37 PM
10534A,N,O,04/02/2026 06:56:21 PM
10534B,N,O,04/02/2026 05:34:37 PM
10535A,N,O,04/02/2026 02:18:50 PM
10535B,N,O,04/02/2026 01:50:09 PM
10536A,N,O,04/02/2026 05:21:33 PM
10536B,N,O,04/02/2026 10:31:40 PM
10537A,N,O,04/02/2026 06:57:43 PM
10537B,N,O,04/02/2026 03:44:16 PM
10539A,N,O,04/02/2026 09:32:07 AM
10539B,N,O,04/02/2026 08:42:28 PM
10540A,N,O,04/02/2026 10:14:44 AM
10540B,N,O,04/02/2026 07:08:23 PM
10541A,N,O,04/02/2026 07:19:42 PM
10541B,N,O,04/02/2026 11:37:59 PM
10542A,N,O,04/02/2026 09:51:03 PM
10542B,N,O,04/02/2026 05:24:55 PM
10543A,N,O,04/02/2026 10:07:43 PM
10543B,N,O,04/01/2026 09:23:03 PM
10544A,N,O,04/02/2026 09:27:17 PM
10544B,N,O,04/02/2026 06:55:43 AM
10545A,N,O,04/02/2026 11:17:59 PM
10545B,N,O,04/02/2026 11:17:59 PM
10546A,N,V,04/02/2026 11:59:08 PM
10546B,N,O,04/02/2026 09:33:27 PM
10547A,N,O,04/02/2026 05:13:37 PM
10547B,N,O,04/02/2026 04:23:24 PM
10548A,N,O,04/02/2026 05:54:17 PM
10548B,N,V,04/02/2026 05:43:53 PM
10549A,N,O,04/02/2026 08:25:51 AM
10549B,N,O,04/02/2026 08:25:51 AM
10550A,N,O,04/02/2026 11:09:25 PM
10550B,N,V,04/02/2026 11:48:43 PM
10551A,N,O,04/02/2026 02:19:03 PM
10551B,N,O,04/02/2026 10:52:39 PM
10552A,N,O,04/02/2026 08:27:48 AM
10552B,N,O,04/02/2026 08:27:48 AM
10553A,N,O,04/02/2026 11:30:52 PM
10553B,N,O,04/02/2026 09:38:29 PM
10554A,N,O,04/02/2026 09:41:40 PM
10554B,N,O,04/02/2026 11:42:02 PM
10555A,N,O,04/02/2026 11:08:09 PM
10555B,N,O,04/02/2026 11:40:37 PM
10556A,N,O,04/02/2026 05:08:59 PM
10556B,N,O,04/02/2026 10:58:52 PM
10557A,N,O,04/02/2026 09:08:15 PM
10557B,N,O,04/02/2026 11:20:53 PM
10558A,N,O,04/02/2026 11:17:49 PM
10558B,N,O,04/02/2026 11:53:37 PM
10581A,N,O,04/02/2026 06:58:48 AM
10581B,N,O,04/02/2026 05:38:11 PM
10582A,N,O,04/02/2026 10:25:04 PM
10582B,N,O,04/02/2026 11:41:03 PM
10583A,N,O,04/02/2026 07:57:47 PM
10583B,N,O,04/02/2026 10:43:32 PM
10584A,N,O,04/02/2026 06:29:52 PM
10585A,N,O,04/02/2026 02:22:15 PM
10585B,N,O,04/02/2026 07:17:24 PM
105A,N,V,04/02/2026 11:36:05 PM
105B,N,V,04/02/2026 09:20:48 PM
10600A,N,O,04/02/2026 04:40:43 PM
10601A,N,O,04/02/2026 06:29:36 PM
10601B,N,O,04/02/2026 07:53:52 PM
10602A,N,O,04/02/2026 07:57:48 AM
10602B,N,O,04/02/2026 04:41:59 PM
10605A,N,O,04/02/2026 06:43:30 PM
10605B,N,O,04/02/2026 09:03:12 PM
10606A,N,O,04/02/2026 08:33:42 PM
10606B,N,O,04/02/2026 02:00:49 PM
10607B,N,O,04/02/2026 04:28:16 PM
10608A,N,V,04/02/2026 11:20:55 PM
10610B,N,O,04/02/2026 07:59:45 AM
10616A,NU,O,04/02/2026 05:28:40 PM
10616B,NU,O,04/02/2026 03:42:43 PM
10617B,N,O,04/02/2026 04:24:41 PM
10618A,NU,V,04/02/2026 11:58:28 PM
10619B,NU,O,04/02/2026 06:36:23 PM
10620A,NU,O,04/02/2026 11:57:53 PM
10621B,NU,V,04/02/2026 11:36:12 PM
10622B,N,O,04/02/2026 10:38:16 PM
10623A,N,V,04/02/2026 11:25:27 PM
10623B,N,O,04/02/2026 09:51:32 PM
10624A,N,O,04/02/2026 09:25:18 PM
10624B,N,O,04/02/2026 09:51:13 PM
10625A,N,O,04/02/2026 11:52:02 PM
10625B,N,O,04/02/2026 07:59:43 AM
10626A,N,V,04/02/2026 11:32:10 PM
10626B,N,O,04/02/2026 08:08:44 PM
10628A,N,O,04/02/2026 07:56:51 AM
10628B,N,O,04/02/2026 08:14:21 PM
10629A,N,O,04/02/2026 03:30:04 PM
10637A,N,V,04/03/2026 08:13:47 AM
10637B,N,O,04/03/2026 06:57:53 AM
10638A,N,V,04/02/2026 11:42:22 AM
10638B,N,V,04/03/2026 08:17:33 AM
10639A,N,O,04/02/2026 06:14:01 PM
10639B,N,O,04/03/2026 08:11:05 AM
10642A,N,V,04/03/2026 07:18:17 AM
10642B,N,O,04/02/2026 01:52:31 PM
10643A,N,O,04/03/2026 07:35:31 AM
10643B,N,O,04/03/2026 07:13:40 AM
1064A,N,O,04/02/2026 10:59:09 PM
1064B,N,O,04/02/2026 06:55:51 AM
10650A,NU,V,04/02/2026 09:45:49 PM
10650B,NU,V,04/02/2026 11:21:11 PM
10661A,N,O,04/02/2026 11:21:11 PM
10661B,N,O,04/02/2026 08:56:30 PM
10662A,N,O,04/02/2026 11:31:28 PM
10662B,N,O,04/02/2026 11:51:57 PM
10663A,N,O,04/02/2026 10:03:50 PM
10663B,N,O,04/02/2026 11:03:15 PM
10664A,N,V,04/02/2026 10:09:09 PM
10664B,N,O,04/02/2026 11:59:52 PM
1067A,N,O,04/02/2026 06:31:28 PM
1067B,N,O,04/02/2026 05:15:14 PM
1068A,N,O,04/02/2026 11:14:15 PM
1068B,N,O,04/02/2026 03:32:50 PM
10691A,N,O,04/02/2026 10:58:20 PM
10691B,N,O,04/02/2026 09:33:05 PM
10696A,N,O,04/02/2026 10:48:04 PM
10696B,N,O,04/02/2026 07:20:36 PM
10697A,N,V,04/02/2026 01:29:38 PM
10697B,N,V,04/02/2026 01:29:31 PM
10698A,N,O,04/02/2026 06:50:34 PM
10698B,N,O,04/02/2026 04:19:18 PM
10699A,N,O,04/02/2026 10:36:53 PM
10699B,N,O,04/02/2026 08:11:03 PM
1069A,N,V,04/02/2026 11:49:36 PM
1069B,N,O,04/02/2026 11:27:46 PM
106A,N,V,04/02/2026 09:27:52 PM
106B,N,V,04/02/2026 09:04:59 PM
10701A,NU,O,04/02/2026 11:55:17 PM
10701B,NU,O,04/02/2026 09:28:03 PM
10724B,N,O,04/02/2026 09:59:04 PM
10725A,N,O,04/02/2026 11:54:37 PM
10725B,N,O,04/02/2026 10:32:05 PM
10729A,N,O,04/02/2026 09:16:11 PM
10729B,N,O,04/02/2026 04:31:35 PM
10730B,N,V,04/02/2026 11:32:46 PM
10731A,N,O,04/02/2026 11:06:37 PM
10731B,N,O,04/02/2026 02:58:37 PM
10745A,N,O,04/02/2026 06:59:47 AM
10745B,N,O,04/02/2026 03:32:19 PM
10746A,N,O,04/02/2026 08:17:50 PM
10746B,N,O,04/02/2026 07:39:06 PM
10751A,N,O,04/02/2026 07:36:05 PM
10751B,N,O,04/02/2026 06:58:51 AM
10752A,N,O,04/02/2026 10:47:26 PM
10752B,N,O,04/02/2026 06:03:33 PM
10753A,N,O,04/02/2026 06:26:55 PM
10753B,N,O,04/02/2026 06:56:48 AM
10754A,N,O,04/02/2026 03:18:43 PM
10754B,N,O,04/02/2026 04:05:20 PM
10755A,N,V,04/02/2026 04:28:26 PM
10755B,N,V,04/02/2026 11:31:26 PM
10756A,N,O,04/02/2026 09:46:10 PM
10757A,N,O,04/02/2026 07:34:50 PM
10757B,N,O,04/02/2026 07:48:34 PM
10758B,N,O,08/08/2025 06:34:38 PM
10759A,N,O,04/02/2026 07:21:32 PM
10759B,N,O,04/02/2026 07:29:21 PM
10760A,N,O,04/02/2026 05:03:30 PM
10760B,N,O,04/02/2026 05:35:28 PM
10761A,N,O,04/02/2026 06:26:27 PM
10761B,N,O,04/02/2026 06:33:00 PM
10762B,N,O,04/02/2026 09:49:38 PM
10763A,N,O,04/02/2026 06:24:03 PM
10763B,N,O,04/02/2026 05:59:41 PM
10764A,N,O,04/02/2026 07:43:18 PM
10764B,N,O,04/02/2026 06:35:47 PM
10765A,N,O,04/02/2026 06:13:42 PM
10765B,N,O,04/02/2026 05:08:37 PM
10766A,N,O,04/02/2026 08:56:16 PM
10766B,N,O,04/02/2026 06:41:44 PM
107A,N,O,04/02/2026 11:59:56 PM
10805A,N,O,04/02/2026 11:48:56 PM
10805B,N,O,04/02/2026 06:43:03 PM
10806A,N,O,04/02/2026 08:06:04 PM
10806B,N,O,04/02/2026 06:51:03 PM
10807A,N,V,04/02/2026 11:54:09 PM
10807B,N,O,04/02/2026 08:26:34 PM
10808A,N,O,04/02/2026 11:49:16 PM
10808B,N,O,04/02/2026 07:34:12 AM
10809A,N,V,04/01/2026 08:50:10 PM
10809B,N,O,04/02/2026 06:55:45 AM
10810A,N,V,04/02/2026 06:09:03 PM
10810B,N,V,04/02/2026 04:13:43 PM
10811A,N,V,04/02/2026 04:13:40 PM
10811B,N,V,04/02/2026 09:03:30 PM
10812A,N,V,04/02/2026 06:40:02 PM
10812B,N,V,04/02/2026 07:34:24 PM
10813A,N,V,04/02/2026 06:40:27 PM
10813B,N,V,04/02/2026 09:14:05 PM
10814A,N,V,04/02/2026 02:20:21 PM
10814B,N,V,04/02/2026 05:38:08 PM
10815A,N,O,04/02/2026 06:24:00 PM
10815B,N,O,04/02/2026 11:22:10 PM
10816A,N,V,04/02/2026 01:04:45 PM
10816B,N,V,04/02/2026 06:54:47 PM
10820A,N,V,04/02/2026 06:58:03 PM
10820B,N,O,04/02/2026 04:09:12 PM
10821B,NU,V,12/04/2024 08:59:29 AM
10822A,NU,V,01/27/2026 04:12:34 PM
10822B,NU,V,01/27/2026 04:12:34 PM
10823A,NU,O,12/04/2024 06:56:44 AM
10823B,NU,O,12/04/2024 06:56:51 AM
10824A,NU,O,12/04/2024 08:47:13 AM
10824B,NU,V,12/04/2024 08:58:00 AM
10825A,NU,O,05/28/2025 04:29:02 PM
10825B,N,V,04/02/2026 08:46:33 AM
10826A,NU,V,01/27/2026 04:10:18 PM
10826B,NU,O,01/27/2026 04:10:18 PM
10827A,NU,V,12/03/2024 10:26:33 PM
10827B,NU,V,12/04/2024 08:49:40 AM
10828A,N,V,04/02/2026 01:57:52 PM
10828B,N,V,04/02/2026 10:23:28 AM
10829A,N,V,04/02/2026 06:44:16 PM
10829B,N,V,04/02/2026 04:54:51 PM
10830A,N,V,04/02/2026 08:41:14 AM
10830B,N,V,04/02/2026 09:39:37 AM
10831A,N,O,04/02/2026 10:39:08 PM
10831B,N,V,04/02/2026 10:38:24 PM
10832A,N,V,04/02/2026 11:52:10 PM
10832B,N,V,04/02/2026 03:40:23 PM
10833A,N,O,04/02/2026 10:27:15 PM
10833B,N,O,04/02/2026 08:40:44 PM
10834A,N,O,04/02/2026 09:38:07 PM
10834B,N,V,04/02/2026 11:58:09 PM
10835A,N,V,04/02/2026 11:54:13 PM
10835B,N,O,04/02/2026 06:12:43 PM
10836A,N,V,04/02/2026 08:55:11 AM
10836B,N,V,04/02/2026 04:44:20 PM
10837A,N,V,04/02/2026 06:25:54 PM
10837B,N,V,04/02/2026 11:36:07 AM
10838A,N,V,04/02/2026 07:12:04 PM
10838B,N,O,04/02/2026 08:16:04 PM
10839A,N,V,09/21/2025 05:09:16 PM
10839B,N,V,09/21/2025 03:59:51 PM
10840A,N,V,04/02/2026 07:09:45 PM
10840B,N,V,04/02/2026 04:25:17 PM
108A,N,V,04/02/2026 10:07:19 PM
108B,N,V,04/02/2026 10:44:30 PM
109A,N,V,04/02/2026 10:17:05 PM
10B,NU,V,02/25/2026 11:59:15 PM
11022A,N,O,04/02/2026 09:09:41 PM
11022B,N,O,04/02/2026 07:49:53 PM
11023A,N,O,04/02/2026 08:26:29 PM
11023B,N,O,04/02/2026 05:18:17 PM
11030A,N,O,04/02/2026 08:41:41 PM
11031A,N,O,04/02/2026 09:43:05 AM
11031B,N,O,04/02/2026 08:15:44 PM
11032B,N,O,04/02/2026 07:41:02 PM
11034A,N,O,04/02/2026 04:08:30 PM
11034B,N,O,04/02/2026 04:08:30 PM
11035A,N,O,04/01/2026 06:36:12 PM
11035B,N,O,04/02/2026 03:17:19 PM
11036A,N,O,04/02/2026 09:07:00 PM
11036B,N,O,04/02/2026 10:40:00 PM
11040B,N,O,04/02/2026 09:36:31 PM
11041A,N,O,04/02/2026 05:48:15 PM
11041B,N,O,04/02/2026 06:56:40 PM
11042A,N,O,04/02/2026 07:56:37 PM
11042B,N,O,04/02/2026 08:24:56 PM
11043A,N,O,04/02/2026 12:08:27 PM
11043B,N,O,04/02/2026 05:56:21 PM
11044A,N,O,04/02/2026 03:13:45 PM
11044B,N,O,04/02/2026 09:48:57 PM
11070A,N,O,04/02/2026 02:02:42 PM
11070B,N,O,04/02/2026 03:53:41 PM
11071A,N,O,04/02/2026 06:37:36 PM
11071B,N,O,04/02/2026 05:31:13 PM
11072B,N,O,04/02/2026 07:02:44 PM
11073A,N,O,04/02/2026 09:54:43 PM
11074A,N,O,04/02/2026 07:50:40 PM
11074B,N,O,04/02/2026 08:33:36 PM
11075A,N,O,04/02/2026 07:07:30 PM
11075B,N,O,04/02/2026 11:53:17 PM
11076A,N,O,04/02/2026 07:50:06 PM
11076B,N,O,04/02/2026 11:22:21 PM
11077A,N,O,04/02/2026 08:20:32 PM
11077B,N,O,04/02/2026 10:36:32 PM
11078A,N,O,04/02/2026 09:20:50 PM
11078B,N,O,04/02/2026 08:11:24 PM
11079A,N,O,04/02/2026 05:42:49 PM
11079B,N,O,04/02/2026 09:41:49 PM
11081B,N,O,04/02/2026 07:44:58 PM
11082A,N,O,04/02/2026 09:08:11 PM
11082B,N,O,04/02/2026 09:39:45 PM
11083A,N,O,04/02/2026 10:14:58 PM
11083B,N,O,04/02/2026 09:07:57 PM
11084A,N,O,04/02/2026 11:39:32 PM
11085A,N,V,04/02/2026 03:48:43 PM
11085B,N,O,04/02/2026 08:34:57 PM
11086A,N,O,04/02/2026 03:02:18 PM
11086B,N,O,04/02/2026 10:40:26 PM
11087A,N,O,04/02/2026 10:32:05 PM
11087B,N,O,04/02/2026 10:18:18 PM
11088A,N,O,04/02/2026 08:46:33 PM
11088B,N,O,04/02/2026 08:47:19 PM
11089A,N,O,04/02/2026 09:11:53 PM
11089B,N,O,04/02/2026 09:00:31 PM
11090A,N,V,04/02/2026 09:06:25 PM
11090B,N,O,04/02/2026 05:18:25 PM
11091A,N,O,04/02/2026 06:58:42 AM
11091B,N,O,04/02/2026 07:51:54 AM
11092A,N,O,04/02/2026 06:27:53 PM
11092B,N,O,04/02/2026 07:29:44 PM
11093A,N,V,04/02/2026 11:52:04 PM
11093B,N,O,04/02/2026 07:05:05 PM
11094A,N,O,04/02/2026 10:01:03 PM
11094B,N,V,04/02/2026 09:57:47 PM
11095A,N,O,04/02/2026 08:49:39 PM
11095B,N,O,04/02/2026 05:11:44 PM
11096A,N,O,04/02/2026 05:11:04 PM
11096B,N,O,04/02/2026 04:14:54 PM
11097A,N,O,04/02/2026 01:59:27 PM
11097B,N,O,04/02/2026 05:13:14 PM
11098A,N,O,04/02/2026 05:13:57 PM
11098B,N,O,04/02/2026 09:21:16 PM
11099A,N,O,04/02/2026 10:42:00 PM
11099B,N,O,04/02/2026 09:18:16 PM
11100A,N,O,04/02/2026 10:06:20 PM
11100B,N,O,04/02/2026 08:51:23 PM
11101A,N,O,04/02/2026 01:48:16 PM
11101B,N,O,04/02/2026 05:45:10 PM
11102A,N,V,04/02/2026 05:27:37 PM
11102B,N,O,04/02/2026 07:18:04 PM
11103A,N,O,04/02/2026 04:58:35 PM
11103B,N,O,04/02/2026 08:34:33 PM
11104A,N,O,04/02/2026 09:44:31 AM
11104B,N,O,04/02/2026 09:01:59 PM
11105A,N,O,04/02/2026 06:30:20 PM
11105B,N,O,04/02/2026 06:40:32 PM
11106A,N,O,04/02/2026 06:16:16 PM
11106B,N,O,04/02/2026 06:28:19 PM
11107A,N,O,04/02/2026 06:24:20 PM
11110A,N,O,04/02/2026 07:04:48 PM
11110B,N,O,04/02/2026 08:34:02 PM
11111A,N,O,04/02/2026 08:38:14 PM
11111B,N,O,04/02/2026 01:31:13 PM
11112A,N,O,04/02/2026 05:24:18 PM
11112B,N,O,04/02/2026 06:27:12 PM
11113A,N,O,04/02/2026 06:51:53 PM
11113B,N,O,04/02/2026 06:06:06 PM
11114A,N,O,04/02/2026 07:08:03 PM
11114B,N,O,04/02/2026 06:02:07 PM
11116A,N,O,04/02/2026 09:06:31 PM
11116B,N,O,04/02/2026 06:06:03 PM
11117A,N,O,04/02/2026 04:45:48 PM
11117B,N,O,04/02/2026 08:15:26 PM
11118A,N,O,04/02/2026 06:02:57 PM
11119A,N,O,04/02/2026 06:55:50 AM
11119B,N,O,04/02/2026 10:40:20 PM
11120A,N,O,04/02/2026 10:00:16 PM
11120B,N,O,04/02/2026 08:37:40 PM
11121A,N,O,04/02/2026 07:30:52 PM
11121B,N,O,04/02/2026 04:28:36 PM
11122A,N,O,04/02/2026 08:38:18 PM
11122B,N,O,04/02/2026 07:01:45 PM
11127A,N,O,04/02/2026 10:58:17 PM
11127B,N,O,04/02/2026 02:35:35 PM
11128A,N,O,04/02/2026 10:19:54 PM
11128B,N,O,04/02/2026 08:36:32 PM
11129A,N,O,04/02/2026 08:14:14 PM
11129B,N,O,04/02/2026 09:21:05 PM
11130B,N,O,04/02/2026 08:28:58 PM
11131B,N,O,04/02/2026 08:45:08 PM
11132A,N,O,04/02/2026 09:30:28 PM
11132B,N,O,04/02/2026 09:05:34 PM
11133A,N,O,04/02/2026 12:50:11 PM
11134B,N,O,04/02/2026 09:20:56 PM
11135A,N,O,04/02/2026 09:33:48 PM
11135B,N,O,04/02/2026 10:12:58 PM
11136A,N,O,04/02/2026 10:29:07 PM
11136B,N,O,04/02/2026 09:40:45 PM
11137A,N,O,04/02/2026 07:48:40 PM
11137B,N,O,04/02/2026 07:10:03 PM
11138A,N,O,04/02/2026 06:56:58 AM
11138B,N,O,04/02/2026 11:30:18 PM
11139A,N,O,04/02/2026 09:42:16 PM
11139B,N,O,04/02/2026 11:31:11 PM
11140A,N,O,04/02/2026 10:39:13 PM
11140B,N,O,04/02/2026 09:10:41 PM
11141A,N,O,04/02/2026 10:26:16 PM
11141B,N,O,04/02/2026 09:24:10 PM
11142A,N,O,04/02/2026 08:00:12 PM
11142B,N,O,04/02/2026 09:06:47 PM
11143A,N,O,04/02/2026 08:50:49 PM
11143B,N,O,04/02/2026 09:31:15 PM
11144A,N,O,04/02/2026 04:52:33 PM
11144B,N,O,04/02/2026 07:35:58 PM
11145A,N,O,04/02/2026 06:34:08 PM
11145B,N,O,04/02/2026 05:59:53 PM
11146A,N,O,04/02/2026 08:22:09 PM
11146B,N,O,04/02/2026 11:02:17 PM
11147A,N,O,04/02/2026 11:40:23 PM
11147B,N,O,04/02/2026 11:23:09 PM
11149A,N,O,04/02/2026 08:26:04 PM
11149B,N,O,04/02/2026 09:09:14 PM
11150A,N,O,04/02/2026 09:31:05 PM
11150B,N,O,04/02/2026 08:11:24 PM
11151A,N,O,04/02/2026 08:47:32 PM
11151B,N,O,04/02/2026 07:37:01 PM
11152B,N,O,04/02/2026 07:02:44 PM
11153A,N,O,04/02/2026 10:41:15 PM
11153B,N,O,04/02/2026 07:06:55 PM
11155A,N,O,04/02/2026 08:02:59 PM
11155B,N,O,04/02/2026 05:04:38 PM
11156B,N,O,04/02/2026 08:15:43 PM
11157A,N,O,04/02/2026 10:12:23 PM
11158A,N,O,04/02/2026 07:16:09 PM
11158B,N,O,04/02/2026 05:15:28 PM
11159A,N,O,04/02/2026 09:14:06 PM
11159B,N,O,04/02/2026 07:39:18 PM
11160A,N,O,04/02/2026 05:02:12 PM
11160B,N,V,04/02/2026 08:40:51 PM
11165A,N,O,04/02/2026 07:59:43 AM
11166A,N,O,04/02/2026 07:58:54 AM
11166B,N,O,04/02/2026 10:35:08 AM
11167A,N,O,04/02/2026 07:57:48 AM
11167B,N,O,04/02/2026 07:57:55 AM
11168A,N,O,04/02/2026 07:56:51 AM
11168B,N,O,04/02/2026 07:57:11 AM
11169A,N,O,04/02/2026 07:55:48 AM
11169B,N,O,04/02/2026 07:55:52 AM
11171B,N,O,04/02/2026 08:46:46 PM
11172A,N,O,04/02/2026 10:27:14 PM
11172B,N,O,04/02/2026 06:32:50 PM
11173A,N,O,04/02/2026 06:59:46 PM
11173B,N,O,04/02/2026 07:54:52 PM
11174A,N,O,04/02/2026 02:20:25 PM
11174B,N,O,04/02/2026 09:13:38 PM
11175A,N,O,04/02/2026 04:22:41 PM
11175B,N,O,04/02/2026 05:59:39 PM
11176A,N,O,04/02/2026 05:47:57 PM
11176B,N,O,04/02/2026 06:13:03 PM
11177A,N,O,04/02/2026 03:41:46 PM
11177B,N,O,04/02/2026 06:45:55 PM
11178A,N,O,04/02/2026 06:43:07 PM
11178B,N,O,04/02/2026 10:28:20 AM
1117A,NU,O,04/02/2026 11:40:15 PM
1117B,NU,O,04/02/2026 11:59:49 PM
11181A,NU,O,04/02/2026 11:32:41 PM
11181B,NU,O,04/02/2026 05:51:04 PM
11182A,NU,O,04/02/2026 06:57:44 AM
11182B,NU,O,04/02/2026 06:57:44 AM
11183A,NU,V,04/02/2026 11:13:35 PM
11183B,NU,V,04/02/2026 10:03:34 PM
1118A,N,O,04/02/2026 11:34:11 PM
1118B,N,O,04/02/2026 10:23:03 PM
11191A,N,O,04/02/2026 07:44:59 PM
11191B,N,O,04/02/2026 07:44:52 PM
1119A,N,O,04/02/2026 08:25:50 AM
1119B,N,O,04/02/2026 11:41:32 PM
111A,N,O,04/02/2026 11:59:58 PM
111B,N,V,04/02/2026 11:54:39 PM
11205A,N,O,04/02/2026 09:47:56 PM
11205B,N,O,04/02/2026 09:34:45 PM
11206B,N,O,04/02/2026 07:44:25 PM
11207A,N,O,04/02/2026 10:01:01 PM
11207B,N,O,04/02/2026 07:30:48 PM
11208A,N,O,04/02/2026 01:54:28 PM
11208B,N,O,04/02/2026 09:35:46 PM
11209A,N,O,04/02/2026 11:39:04 PM
11209B,N,O,04/02/2026 06:45:55 PM
11210A,N,O,04/02/2026 09:29:43 PM
11210B,N,O,04/02/2026 07:17:41 PM
11211A,N,O,04/02/2026 09:08:28 PM
11211B,N,O,04/02/2026 10:06:10 PM
11212A,N,O,04/02/2026 12:03:38 PM
11212B,N,O,04/02/2026 11:33:53 PM
112A,N,O,04/02/2026 11:59:53 PM
112B,N,V,04/02/2026 02:11:32 PM
113A,N,O,04/02/2026 11:34:03 AM
113B,N,V,04/02/2026 07:23:28 PM
11500A,N,O,04/02/2026 09:25:03 PM
11500B,N,O,04/02/2026 05:13:32 PM
11501A,N,V,04/02/2026 04:17:36 PM
11501B,N,O,04/02/2026 06:03:34 PM
11502B,N,O,04/02/2026 03:13:03 PM
11504A,N,O,04/02/2026 10:00:43 PM
11504B,N,O,04/02/2026 11:43:39 PM
11505A,N,O,04/02/2026 10:21:48 AM
11505B,N,O,04/02/2026 04:45:55 PM
11506B,N,O,04/02/2026 06:58:57 AM
11507B,N,O,04/02/2026 09:40:09 PM
11508A,N,O,04/02/2026 06:50:18 PM
11508B,N,O,04/02/2026 09:58:30 PM
11509A,N,O,04/02/2026 05:15:48 PM
11509B,N,O,04/02/2026 09:52:18 PM
11582A,N,O,04/02/2026 07:59:39 PM
11583A,N,V,04/02/2026 11:59:39 PM
11583B,N,O,04/02/2026 11:58:34 PM
11584A,N,O,04/02/2026 09:37:55 PM
11584B,N,O,04/02/2026 10:08:52 PM
11585B,N,O,04/02/2026 10:28:25 PM
11593A,N,V,04/02/2026 11:59:05 PM
11593B,N,O,04/02/2026 05:29:45 PM
11594A,N,O,04/02/2026 06:31:43 PM
11595A,N,O,04/02/2026 06:18:00 PM
11595B,N,O,04/02/2026 06:27:49 PM
11596A,N,O,04/02/2026 11:26:47 PM
11596B,N,O,04/02/2026 11:37:33 PM
11597A,N,O,04/02/2026 07:32:30 PM
11597B,N,O,04/02/2026 05:38:16 PM
11598A,N,O,04/02/2026 09:43:25 PM
11598B,N,O,04/02/2026 11:51:36 PM
11599A,N,O,04/02/2026 10:12:00 PM
11599B,N,O,04/02/2026 10:44:30 PM
115A,N,V,04/02/2026 11:39:30 PM
115B,N,O,04/02/2026 11:59:58 PM
11600A,N,O,04/02/2026 08:24:55 PM
11600B,N,O,04/02/2026 11:11:59 PM
11601A,N,O,04/02/2026 05:58:37 PM
11601B,N,O,04/02/2026 11:00:19 PM
11602A,N,O,04/02/2026 06:57:57 AM
11602B,N,O,04/02/2026 10:44:34 PM
11608A,N,O,04/02/2026 11:58:22 PM
11609B,N,O,04/02/2026 10:17:57 PM
11610A,N,O,04/02/2026 08:38:56 PM
11610B,N,O,04/02/2026 08:46:54 PM
11611A,N,O,04/02/2026 05:21:06 PM
11611B,N,O,04/02/2026 05:43:40 PM
11612A,N,O,04/02/2026 04:35:39 PM
11612B,N,O,04/02/2026 11:51:58 PM
11613A,N,O,04/02/2026 04:54:18 PM
11613B,N,V,04/02/2026 04:31:42 PM
11614A,N,O,04/02/2026 06:58:36 PM
11614B,N,O,04/02/2026 06:55:49 AM
11615A,NU,O,03/01/2026 07:24:19 PM
11615B,N,O,04/02/2026 07:00:10 AM
11616A,NU,O,03/01/2026 08:58:45 AM
11616B,NU,O,02/28/2026 06:58:42 AM
11617B,N,O,04/02/2026 06:57:50 AM
11618A,N,O,04/02/2026 06:10:37 PM
11618B,N,O,04/02/2026 09:44:19 PM
11619A,N,O,04/02/2026 07:24:04 AM
11625A,N,O,04/02/2026 10:47:30 PM
11626A,N,O,04/02/2026 11:59:59 PM
11626B,N,V,04/02/2026 11:43:52 PM
11627A,N,O,04/02/2026 01:34:39 PM
11627B,N,O,04/02/2026 04:14:32 PM
11655A,N,O,04/02/2026 11:24:10 PM
11655B,N,O,04/02/2026 11:30:47 PM
11656A,N,O,04/02/2026 11:19:06 PM
11656B,N,O,04/02/2026 11:11:03 PM
11657A,N,O,04/02/2026 09:47:32 PM
11657B,N,O,04/02/2026 03:37:23 PM
11658A,N,O,04/02/2026 10:58:14 PM
11658B,N,O,04/02/2026 10:58:14 PM
11659A,N,O,04/02/2026 11:44:08 PM
11659B,N,O,04/02/2026 10:15:07 PM
11660A,N,O,04/02/2026 02:04:12 PM
11660B,N,O,04/02/2026 10:59:06 PM
11661A,N,O,04/02/2026 09:38:13 PM
11661B,N,O,04/02/2026 10:36:32 PM
11662A,N,O,04/01/2026 06:57:49 AM
11662B,N,V,04/02/2026 11:02:33 PM
11663A,N,O,04/02/2026 10:04:59 PM
11663B,N,V,04/02/2026 11:59:52 PM
11671B,N,V,04/02/2026 11:40:17 PM
11672A,N,O,04/02/2026 11:17:29 PM
11672B,N,O,04/02/2026 09:14:51 PM
116A,N,V,04/02/2026 11:59:56 PM
116B,N,V,04/02/2026 11:59:52 PM
1172A,N,O,04/02/2026 06:57:15 PM
1172B,N,O,04/02/2026 10:27:43 PM
1173A,N,O,04/02/2026 11:54:46 PM
1173B,N,O,04/02/2026 04:25:32 PM
1174B,N,V,04/02/2026 11:58:45 PM
1175A,N,V,04/02/2026 11:43:43 PM
1175B,N,O,04/02/2026 09:40:50 PM
1176B,N,O,04/02/2026 11:10:28 PM
117A,N,V,04/02/2026 06:57:14 PM
117B,N,V,04/02/2026 11:35:48 PM
118A,N,V,04/02/2026 06:42:18 PM
118B,N,V,04/02/2026 11:55:55 PM
1199A,N,O,04/02/2026 11:24:06 PM
1199B,N,O,04/02/2026 11:51:13 PM
119A,N,V,04/02/2026 11:59:45 PM
119B,N,V,04/02/2026 11:03:32 PM
11B,NU,O,02/25/2026 10:59:20 PM
12001A,N,V,04/02/2026 10:49:00 PM
12001B,N,V,04/02/2026 11:59:38 PM
12003A,N,O,04/02/2026 07:20:34 PM
12003B,N,O,04/02/2026 12:54:44 PM
12004A,N,O,04/02/2026 10:37:17 AM
12004B,N,O,04/02/2026 07:56:27 AM
12005A,N,O,04/02/2026 07:18:50 PM
12005B,N,O,04/02/2026 08:27:17 PM
12006A,N,O,04/02/2026 07:58:53 AM
1202A,N,V,04/02/2026 11:59:38 PM
1202B,N,O,04/02/2026 08:27:55 AM
12030A,N,O,04/02/2026 09:39:47 PM
12030B,N,O,04/02/2026 04:46:09 PM
12031A,N,O,04/02/2026 04:10:04 PM
12031B,N,O,04/02/2026 10:21:41 PM
12032A,N,O,04/02/2026 11:53:58 PM
12032B,N,O,04/02/2026 07:34:50 PM
12034A,N,O,04/02/2026 08:58:42 PM
12034B,N,O,04/02/2026 08:38:27 PM
12035A,N,V,04/02/2026 11:46:43 PM
12035B,N,O,04/02/2026 11:09:33 PM
12036A,N,O,04/02/2026 11:33:43 PM
12036B,N,O,04/02/2026 08:33:21 PM
12037A,N,O,04/02/2026 10:32:05 PM
12037B,N,O,04/02/2026 08:18:09 PM
12038A,N,O,04/02/2026 10:02:00 PM
12038B,N,O,04/02/2026 04:25:34 PM
12039A,N,V,04/02/2026 11:57:14 PM
12039B,N,O,04/02/2026 11:18:38 PM
1203B,N,O,04/02/2026 11:09:09 PM
12040A,N,O,04/02/2026 07:13:03 PM
12040B,N,O,04/02/2026 10:14:59 PM
12041A,N,V,04/02/2026 11:58:10 PM
12041B,N,O,04/02/2026 11:19:03 PM
12042A,N,O,04/02/2026 10:04:37 PM
12042B,N,O,04/02/2026 11:01:43 PM
12043A,N,O,04/02/2026 06:15:44 PM
12043B,N,O,04/02/2026 08:57:53 PM
12044A,N,V,04/02/2026 11:39:13 PM
12044B,N,O,04/02/2026 07:25:14 PM
12045A,N,O,04/02/2026 05:50:54 PM
12045B,N,O,04/02/2026 09:00:42 PM
12046A,N,O,04/02/2026 11:43:30 PM
12046B,N,O,04/02/2026 07:14:43 PM
12047A,N,O,04/02/2026 11:13:38 PM
12047B,N,O,04/02/2026 10:17:11 PM
12048A,N,O,04/02/2026 09:54:37 PM
12048B,N,V,04/02/2026 11:59:36 PM
12051A,N,O,04/02/2026 10:54:17 PM
12051B,N,O,04/02/2026 07:24:24 AM
12052A,N,O,04/02/2026 06:54:33 PM
12052B,N,O,04/02/2026 06:32:03 PM
12054A,N,O,04/02/2026 10:28:12 PM
12055A,N,O,04/02/2026 08:06:17 PM
12055B,N,O,04/02/2026 06:59:44 AM
12056A,N,O,04/02/2026 11:11:06 PM
12056B,N,V,04/02/2026 11:11:06 PM
12057A,N,O,04/02/2026 06:40:03 PM
12057B,N,O,04/02/2026 08:37:46 PM
12058B,N,O,04/02/2026 06:35:40 PM
12059B,N,O,04/02/2026 08:06:56 PM
12060B,N,O,04/02/2026 06:59:43 AM
12061A,N,O,04/02/2026 11:53:30 PM
12061B,N,O,04/02/2026 07:56:45 PM
12062A,N,O,04/02/2026 10:11:56 AM
12062B,N,O,04/02/2026 03:27:02 PM
12063A,N,O,04/02/2026 09:58:38 PM
12063B,N,O,04/02/2026 06:56:59 AM
12064A,N,O,04/02/2026 11:11:37 PM
12064B,N,O,04/02/2026 11:15:08 PM
12065A,N,O,04/02/2026 08:17:35 PM
12065B,N,O,04/02/2026 10:13:29 PM
12066A,N,O,04/02/2026 06:11:31 PM
12066B,N,O,04/02/2026 07:56:32 PM
12067A,N,O,04/02/2026 07:24:08 PM
12067B,N,O,04/02/2026 10:09:39 PM
12068A,N,O,04/02/2026 11:40:59 PM
12068B,N,O,04/02/2026 03:19:31 PM
12069A,N,O,04/02/2026 05:37:59 PM
12069B,N,O,04/02/2026 10:37:15 PM
12070A,N,O,04/02/2026 06:26:03 PM
12070B,N,O,04/02/2026 05:26:48 PM
12071A,N,O,04/02/2026 08:15:29 PM
12071B,N,O,04/02/2026 06:12:02 PM
12081A,N,O,04/02/2026 02:02:40 PM
12081B,N,O,04/02/2026 04:57:22 PM
12082A,N,O,04/02/2026 04:30:11 PM
12082B,N,O,04/02/2026 07:44:56 PM
12083A,N,O,04/02/2026 12:01:55 PM
12083B,N,O,04/02/2026 07:28:32 PM
12099A,N,O,04/02/2026 07:33:46 PM
12099B,N,O,04/02/2026 10:07:24 PM
120A,N,V,04/02/2026 04:32:30 PM
120B,N,V,04/02/2026 06:56:45 PM
12100A,N,O,04/02/2026 09:17:18 PM
12104A,N,O,04/02/2026 06:37:41 PM
12104B,N,O,04/02/2026 06:43:19 PM
12105A,N,O,04/02/2026 06:50:44 PM
12105B,N,O,04/02/2026 11:53:12 PM
12106A,N,O,04/02/2026 12:45:11 PM
12106B,N,O,04/02/2026 08:52:23 PM
12107A,N,O,04/02/2026 09:42:34 PM
12107B,N,O,04/02/2026 06:32:47 PM
12108A,N,O,04/02/2026 08:12:54 PM
12108B,N,O,04/02/2026 07:58:59 PM
12109A,N,O,04/02/2026 08:19:21 PM
12109B,N,O,04/02/2026 07:17:38 AM
12110A,N,O,04/02/2026 09:11:49 PM
12111A,N,O,04/02/2026 08:05:52 PM
12111B,N,O,04/02/2026 08:05:44 PM
12112A,N,O,04/02/2026 08:55:23 PM
12112B,N,O,04/02/2026 07:51:40 PM
12113A,N,O,04/02/2026 06:50:15 PM
12113B,N,O,04/02/2026 08:51:56 PM
12114A,N,O,04/02/2026 05:54:58 PM
12115A,N,O,04/02/2026 06:04:59 PM
12116A,N,O,04/02/2026 05:36:10 PM
12117A,N,O,04/02/2026 05:14:43 PM
12118B,N,O,04/02/2026 03:14:22 PM
12119A,N,O,04/02/2026 10:31:30 PM
12119B,N,O,04/02/2026 08:27:46 PM
12120A,N,O,04/02/2026 08:21:12 PM
12120B,N,O,04/02/2026 05:20:08 PM
12121A,N,O,04/02/2026 08:46:39 PM
12121B,N,O,04/02/2026 09:02:41 PM
12122A,N,O,04/02/2026 10:59:19 PM
12122B,N,O,04/02/2026 08:58:18 PM
12123A,N,O,04/02/2026 08:54:59 PM
12123B,N,O,04/02/2026 10:15:11 PM
12124A,N,O,04/02/2026 10:59:52 PM
12124B,N,O,04/02/2026 11:07:29 PM
12125A,N,O,04/02/2026 08:37:59 PM
12125B,N,O,04/02/2026 11:22:11 PM
12126A,N,O,04/02/2026 10:17:41 PM
12126B,N,V,04/02/2026 11:59:32 PM
12128A,N,O,04/02/2026 11:33:30 PM
12128B,N,O,04/02/2026 11:40:58 PM
12129A,N,O,04/02/2026 11:59:53 PM
12130A,N,O,04/02/2026 10:49:27 PM
12130B,N,O,04/02/2026 05:02:04 PM
12131A,N,O,04/02/2026 07:11:31 PM
12131B,N,V,04/02/2026 11:05:17 PM
12132A,N,O,04/02/2026 11:52:56 PM
12132B,N,O,04/02/2026 05:01:59 PM
12133A,N,O,04/03/2026 12:00:00 AM
12133B,N,O,04/02/2026 11:48:09 PM
12134A,N,O,04/02/2026 11:59:43 PM
12134B,N,V,04/02/2026 11:59:03 PM
12135A,N,O,04/02/2026 06:31:07 PM
12135B,N,V,04/02/2026 11:47:48 PM
12136A,N,O,04/02/2026 11:51:03 PM
12136B,N,O,04/02/2026 10:31:53 PM
12137A,N,V,04/02/2026 10:02:16 PM
12137B,N,O,04/02/2026 11:29:47 PM
12139A,N,V,04/02/2026 04:48:03 PM
12139B,N,V,04/02/2026 11:48:59 PM
12140A,N,O,04/02/2026 11:25:39 PM
12140B,N,O,04/02/2026 07:42:18 PM
12141A,N,O,04/02/2026 06:31:10 PM
12142A,N,O,04/02/2026 10:47:41 PM
12142B,N,O,04/02/2026 10:12:31 PM
12143A,N,O,04/02/2026 09:37:39 PM
12143B,N,O,04/02/2026 06:51:36 PM
12144A,N,O,04/02/2026 09:59:31 PM
12144B,N,O,04/02/2026 11:46:20 PM
12145A,N,O,04/02/2026 07:29:31 PM
12145B,N,O,04/02/2026 05:50:35 PM
12148A,N,O,04/02/2026 03:12:34 PM
12148B,N,O,04/02/2026 10:27:56 PM
12149A,N,O,04/02/2026 08:08:11 PM
12149B,N,O,04/02/2026 08:06:05 PM
12151A,N,O,04/02/2026 11:17:03 PM
12151B,N,O,04/02/2026 07:29:34 PM
12152A,N,O,04/02/2026 09:41:25 PM
12152B,N,O,04/02/2026 07:55:29 PM
12153A,N,O,04/02/2026 09:19:34 PM
12153B,N,O,04/02/2026 04:53:05 PM
12154A,NU,O,04/02/2026 07:42:46 PM
12154B,NU,O,04/02/2026 09:06:35 PM
12155A,N,V,04/02/2026 11:59:20 PM
12155B,N,O,04/02/2026 08:35:59 PM
12156A,N,O,04/02/2026 10:27:34 PM
12156B,N,O,04/02/2026 08:34:55 PM
12157A,N,O,04/02/2026 09:43:10 PM
12157B,N,O,04/02/2026 11:07:07 PM
12158A,N,O,04/02/2026 09:44:19 PM
12158B,N,O,04/02/2026 07:42:36 PM
12159B,N,O,04/02/2026 07:55:16 PM
12160A,N,O,04/02/2026 08:41:57 PM
12160B,N,O,04/02/2026 09:51:10 PM
12161A,N,O,10/25/2025 03:07:40 PM
12161B,N,O,04/02/2026 09:45:04 PM
12162A,N,O,04/02/2026 08:42:27 PM
12162B,N,O,04/02/2026 08:35:58 PM
12163A,N,O,04/02/2026 05:14:47 PM
12163B,N,O,04/02/2026 11:19:10 PM
12164A,N,O,04/02/2026 08:09:02 PM
12164B,N,O,04/02/2026 09:51:39 PM
12165A,N,O,04/02/2026 09:55:04 PM
12165B,N,O,04/02/2026 09:20:31 PM
12166B,N,O,04/02/2026 05:54:34 PM
12167A,N,O,04/02/2026 05:18:39 PM
12167B,N,O,04/02/2026 07:19:04 PM
12169A,N,O,04/02/2026 10:38:53 PM
12169B,N,O,04/02/2026 05:04:12 PM
12170A,N,O,04/02/2026 08:07:28 PM
12170B,N,O,04/02/2026 07:33:10 PM
12171A,N,O,04/02/2026 08:24:21 PM
12173A,N,O,04/02/2026 09:16:06 PM
12173B,N,O,04/02/2026 05:47:36 PM
12174A,N,O,04/02/2026 08:01:23 PM
12174B,N,O,04/02/2026 02:48:53 PM
12175A,N,O,04/02/2026 10:33:57 PM
12175B,N,O,04/02/2026 08:39:41 PM
12176B,N,O,04/02/2026 09:10:16 PM
12177A,N,O,04/02/2026 07:20:26 PM
12177B,N,O,04/02/2026 07:52:17 PM
12179A,N,O,04/02/2026 11:02:27 PM
12179B,N,O,04/02/2026 06:29:31 PM
12180B,N,O,04/02/2026 09:42:24 PM
12182A,N,O,04/02/2026 09:58:26 PM
12182B,N,V,04/02/2026 11:59:56 PM
12183A,N,O,04/02/2026 05:56:46 PM
12183B,N,O,04/02/2026 07:07:29 PM
12184A,N,O,04/02/2026 07:03:02 PM
12184B,N,O,04/02/2026 08:43:44 PM
12186A,N,O,04/02/2026 06:58:53 AM
12187A,N,O,04/02/2026 11:12:33 PM
12187B,N,O,04/02/2026 11:46:57 PM
12188A,N,O,04/02/2026 05:39:33 PM
12188B,N,V,04/02/2026 11:59:54 PM
12189A,N,O,04/02/2026 10:40:03 PM
12190A,N,V,04/02/2026 11:35:42 PM
12190B,N,V,04/02/2026 11:51:11 PM
12191A,N,O,04/02/2026 11:51:58 PM
12191B,N,O,04/02/2026 05:24:32 PM
12192A,N,O,04/02/2026 10:51:43 PM
12193A,N,O,04/02/2026 10:16:41 PM
12193B,N,O,04/02/2026 06:09:59 PM
12194A,N,O,04/02/2026 05:01:17 PM
12195A,N,O,04/02/2026 10:27:57 PM
12195B,N,O,04/02/2026 10:00:22 PM
12196A,N,O,04/02/2026 09:45:53 PM
12196B,N,O,04/02/2026 11:29:50 PM
12197B,N,O,04/02/2026 06:26:15 PM
12198A,N,O,04/02/2026 08:41:49 PM
12198B,N,O,04/02/2026 04:11:00 PM
121A,N,O,04/02/2026 11:23:41 PM
121B,N,V,04/02/2026 10:44:19 PM
12202A,N,O,04/02/2026 11:01:17 PM
12202B,N,O,04/02/2026 06:58:58 PM
12203A,N,O,04/02/2026 11:05:44 PM
12203B,N,O,04/02/2026 11:45:24 PM
12204A,N,V,04/02/2026 11:45:34 PM
12204B,N,O,04/02/2026 11:43:13 PM
12205A,N,O,04/02/2026 11:38:29 PM
12211A,N,O,04/02/2026 07:33:37 PM
12211B,N,O,04/02/2026 05:59:07 PM
12212A,N,O,04/02/2026 08:27:37 PM
12212B,N,O,04/02/2026 06:57:48 AM
122B,N,V,04/02/2026 09:08:20 PM
12370A,N,O,04/02/2026 05:25:13 PM
12371A,N,O,04/02/2026 03:39:09 PM
12371B,N,O,04/02/2026 05:39:42 PM
12374A,N,O,04/02/2026 09:58:48 PM
12374B,N,O,04/02/2026 11:12:35 PM
12375A,N,O,04/02/2026 08:24:43 PM
12375B,N,O,04/02/2026 08:24:43 PM
12376A,N,O,04/02/2026 11:06:20 PM
12376B,N,O,04/02/2026 11:13:58 PM
12377A,N,O,04/02/2026 08:11:59 PM
12377B,N,O,04/02/2026 08:31:20 PM
12378A,N,O,04/02/2026 02:19:29 PM
12378B,N,O,04/02/2026 08:21:14 PM
12379A,N,O,04/02/2026 07:15:48 PM
12379B,N,O,04/02/2026 11:47:10 PM
12385A,N,V,04/02/2026 04:20:43 PM
12385B,N,O,04/02/2026 12:45:12 PM
12388A,N,O,04/02/2026 04:30:41 PM
12388B,N,O,04/02/2026 04:23:14 PM
12391A,N,O,04/02/2026 07:47:38 PM
12392A,N,O,04/02/2026 06:01:52 PM
12392B,N,O,04/02/2026 07:16:35 PM
12431A,N,O,04/02/2026 06:02:38 PM
12431B,N,O,04/02/2026 06:14:48 PM
12432B,N,V,04/02/2026 07:54:31 PM
12433A,N,O,04/02/2026 03:26:06 PM
12433B,N,O,04/02/2026 03:37:24 PM
12434A,N,O,04/02/2026 08:25:47 AM
12434B,N,O,04/02/2026 07:34:17 PM
12435A,N,O,04/02/2026 06:48:35 PM
12437B,N,O,04/02/2026 01:28:26 PM
12440A,N,O,04/02/2026 07:54:14 PM
12440B,N,O,04/02/2026 02:32:13 PM
12441A,N,O,04/02/2026 08:28:45 AM
12441B,N,O,04/02/2026 05:54:24 PM
12442A,N,O,04/02/2026 05:46:17 PM
12443B,N,O,04/02/2026 08:26:49 AM
12461A,N,O,04/02/2026 10:53:00 PM
12461B,N,O,04/02/2026 11:28:36 PM
12462B,N,O,04/02/2026 11:55:23 PM
12467A,N,O,04/02/2026 11:05:18 PM
12468A,N,O,04/02/2026 11:01:50 PM
12468B,N,O,04/02/2026 07:48:50 PM
12469A,N,O,04/02/2026 09:41:29 PM
12469B,N,V,04/02/2026 11:48:54 PM
12470A,N,O,04/02/2026 11:30:18 PM
12470B,N,O,04/02/2026 11:59:39 PM
12471A,N,O,04/02/2026 10:36:04 PM
12471B,N,V,04/02/2026 11:39:55 PM
12481A,N,O,04/02/2026 08:59:12 PM
12481B,N,V,04/02/2026 08:20:43 PM
12482A,N,V,04/03/2026 08:05:19 AM
12482B,N,V,04/03/2026 07:35:36 AM
12490A,N,V,04/02/2026 08:56:19 PM
12490B,N,V,04/02/2026 10:47:18 PM
12491A,N,V,04/02/2026 11:59:22 PM
12491B,N,V,04/02/2026 10:47:50 PM
12492A,N,V,04/02/2026 11:50:46 PM
12492B,N,O,04/02/2026 11:25:03 PM
12493A,N,O,04/03/2026 07:59:25 AM
12493B,N,O,04/03/2026 06:56:54 AM
12494A,N,O,04/02/2026 09:54:00 PM
12495A,N,O,04/02/2026 09:12:48 PM
12495B,N,V,04/02/2026 11:02:17 PM
12496B,N,O,04/02/2026 11:59:55 PM
12498A,N,O,04/02/2026 10:15:06 PM
12499A,N,O,04/02/2026 11:59:10 PM
12499B,N,V,04/02/2026 10:49:38 PM
124A,N,V,04/02/2026 11:59:03 PM
124B,N,O,04/02/2026 11:47:10 PM
12501A,N,V,04/03/2026 08:07:55 AM
12501B,N,O,04/03/2026 06:58:47 AM
12502A,N,O,04/03/2026 06:57:57 AM
12502B,N,O,04/03/2026 06:57:57 AM
12503B,N,O,04/03/2026 06:56:45 AM
12504A,N,O,04/03/2026 06:55:46 AM
12504B,N,O,04/02/2026 04:27:55 PM
12505A,N,V,04/03/2026 08:10:30 AM
12505B,N,O,04/03/2026 07:39:02 AM
12506A,N,O,04/02/2026 06:46:48 PM
12506B,N,O,04/03/2026 06:58:53 AM
12508A,N,O,04/03/2026 08:15:33 AM
12508B,N,O,04/02/2026 06:32:50 PM
12509A,N,O,04/02/2026 11:14:05 PM
12509B,N,V,04/02/2026 11:28:51 PM
12510A,N,O,04/02/2026 08:22:31 PM
12510B,N,O,04/02/2026 07:32:29 PM
1251A,N,O,04/02/2026 09:04:18 AM
1251B,N,O,04/02/2026 11:47:26 PM
1252A,N,O,04/02/2026 08:38:32 PM
1252B,N,O,04/02/2026 11:55:41 PM
12530A,N,O,04/02/2026 11:45:37 PM
12530B,N,O,04/02/2026 05:21:49 PM
12531A,N,O,04/02/2026 05:19:19 PM
12531B,N,O,04/02/2026 06:47:21 PM
12532A,N,O,04/02/2026 07:21:30 PM
12532B,N,O,04/02/2026 06:35:58 PM
1253A,N,O,04/02/2026 11:55:37 PM
1253B,N,O,04/02/2026 11:56:26 PM
1254A,N,O,04/02/2026 10:56:23 PM
12580A,N,O,04/02/2026 11:47:05 PM
12580B,N,V,04/02/2026 07:05:15 PM
12581A,N,O,04/02/2026 10:03:55 PM
12581B,N,O,04/02/2026 10:03:55 PM
12582A,N,O,04/02/2026 09:07:42 PM
12582B,N,V,04/02/2026 09:30:06 AM
12583A,N,V,04/03/2026 12:00:02 AM
12583B,N,O,04/02/2026 10:21:19 PM
12585A,N,V,04/02/2026 11:59:12 PM
12585B,N,O,04/02/2026 02:07:18 PM
12586A,N,O,04/02/2026 11:45:52 PM
12586B,N,O,04/02/2026 11:57:31 PM
12587A,N,O,04/02/2026 11:47:26 PM
12587B,N,O,04/02/2026 11:59:59 PM
1258B,N,O,04/02/2026 11:42:29 PM
12597A,N,O,04/02/2026 07:04:26 PM
12597B,N,O,04/02/2026 06:39:10 PM
12598A,N,O,04/02/2026 07:45:40 PM
12598B,N,O,04/02/2026 06:06:19 PM
12599A,N,O,04/02/2026 04:08:24 PM
12599B,N,V,04/02/2026 07:50:47 PM
1259A,N,O,04/02/2026 09:33:36 PM
1259B,N,O,04/02/2026 09:33:32 PM
125A,N,V,04/02/2026 09:48:23 PM
125B,N,V,04/02/2026 09:57:54 PM
12600B,N,O,04/02/2026 04:16:03 PM
12601A,N,O,04/02/2026 04:27:53 PM
12601B,N,O,04/02/2026 04:40:52 PM
12602A,N,O,04/02/2026 06:35:48 PM
12602B,N,O,04/02/2026 01:48:40 PM
12603B,N,O,04/02/2026 07:59:48 PM
12606A,N,O,04/02/2026 04:47:58 PM
12606B,N,O,04/02/2026 07:11:21 PM
12607A,N,O,04/02/2026 07:58:58 PM
12607B,N,O,04/02/2026 04:36:16 PM
12608B,N,O,04/02/2026 01:24:08 PM
12609A,N,O,04/02/2026 08:25:51 AM
12609B,N,O,04/02/2026 08:25:58 AM
1260A,N,O,04/02/2026 11:23:46 PM
1260B,N,O,04/02/2026 10:29:47 PM
12610A,N,O,04/02/2026 08:29:50 AM
12610B,N,O,04/02/2026 12:12:13 PM
12611A,N,O,04/02/2026 08:28:48 AM
12611B,N,O,04/02/2026 08:28:48 AM
12612A,N,O,04/02/2026 12:42:21 PM
12612B,N,O,04/02/2026 08:27:46 AM
12613B,N,O,04/02/2026 08:26:44 AM
12614A,N,V,04/02/2026 11:25:00 PM
12614B,N,V,04/02/2026 11:30:10 PM
12615A,N,O,04/02/2026 07:11:46 PM
12615B,N,O,04/02/2026 09:16:32 PM
12616A,N,V,04/02/2026 11:32:45 PM
12616B,N,V,04/02/2026 11:59:56 PM
12617B,N,O,04/03/2026 07:27:46 AM
12618A,N,O,04/03/2026 07:26:47 AM
12618B,N,V,04/03/2026 07:56:42 AM
12619A,N,V,04/03/2026 08:17:27 AM
12619B,N,O,04/03/2026 07:25:46 AM
12620A,N,V,04/03/2026 08:13:04 AM
12620B,N,V,04/03/2026 08:17:19 AM
12623A,N,O,04/03/2026 07:26:46 AM
12623B,N,O,04/03/2026 07:26:56 AM
12624A,N,V,04/02/2026 10:15:08 PM
12624B,N,O,04/02/2026 09:49:34 PM
12625A,N,O,04/02/2026 06:27:20 PM
12625B,N,V,04/02/2026 06:04:41 PM
12626A,N,O,04/02/2026 04:50:40 PM
12626B,N,O,04/03/2026 07:28:49 AM
12627A,N,V,04/03/2026 07:45:41 AM
12627B,N,V,04/03/2026 08:17:11 AM
12628A,N,O,04/03/2026 07:26:46 AM
12628B,N,O,04/03/2026 07:26:46 AM
12629A,N,V,04/03/2026 08:15:39 AM
12629B,N,O,04/03/2026 07:25:49 AM
12630A,N,O,04/03/2026 08:02:21 AM
12630B,N,O,04/03/2026 07:29:55 AM
12631A,N,O,04/03/2026 07:28:43 AM
12631B,N,O,04/03/2026 07:28:43 AM
12632A,N,O,04/03/2026 07:28:46 AM
12632B,N,O,04/03/2026 07:27:54 AM
12633A,N,O,04/03/2026 08:00:00 AM
12633B,N,O,04/03/2026 08:01:56 AM
12634A,N,O,04/03/2026 07:42:58 AM
12634B,N,O,04/03/2026 07:42:20 AM
12635A,N,O,04/03/2026 07:30:01 AM
12635B,N,O,04/03/2026 07:29:54 AM
12636A,N,O,04/02/2026 11:02:59 PM
12636B,N,V,04/02/2026 11:59:09 PM
12637A,N,O,04/02/2026 11:00:32 PM
12637B,N,O,04/02/2026 11:06:58 PM
12640A,N,O,04/02/2026 01:50:07 PM
12640B,N,O,04/02/2026 05:58:31 PM
12641A,N,O,04/02/2026 05:35:50 PM
12643A,N,O,04/02/2026 07:26:54 PM
12644A,N,O,04/02/2026 11:59:10 PM
12644B,N,O,04/02/2026 11:48:27 PM
12645A,N,O,04/02/2026 10:31:25 PM
12645B,N,O,04/02/2026 07:07:36 PM
12646A,N,O,04/02/2026 08:32:22 PM
12646B,N,O,04/02/2026 10:04:05 PM
12647A,N,O,04/02/2026 05:31:29 PM
12647B,N,O,04/02/2026 08:44:24 PM
12648A,N,O,04/02/2026 10:01:13 PM
12648B,N,O,04/02/2026 08:38:00 PM
12649A,N,O,04/02/2026 10:31:26 PM
12649B,N,O,04/02/2026 11:23:20 PM
12650A,N,O,04/02/2026 10:05:44 PM
12650B,N,O,04/02/2026 10:04:11 PM
12651A,N,O,04/02/2026 11:33:13 PM
12651B,N,O,04/02/2026 04:13:23 PM
12652A,N,O,04/02/2026 10:45:53 PM
12652B,N,O,04/02/2026 10:07:26 PM
12653A,N,O,04/02/2026 10:07:03 PM
12653B,N,O,04/02/2026 11:38:56 PM
12654A,N,V,04/02/2026 08:17:57 AM
12654B,N,V,04/02/2026 10:57:35 PM
12655A,N,V,04/02/2026 11:57:45 PM
12655B,N,O,04/02/2026 09:49:52 PM
12656A,N,O,04/02/2026 11:35:48 PM
12656B,N,V,04/02/2026 11:36:52 PM
12657A,N,O,04/02/2026 11:57:27 PM
12657B,N,O,04/02/2026 07:13:20 PM
12658A,N,O,04/02/2026 05:37:21 PM
12658B,N,V,04/03/2026 12:00:01 AM
12659A,N,O,04/02/2026 08:58:25 PM
12659B,N,O,04/02/2026 09:33:24 PM
12660A,N,O,04/02/2026 09:42:05 PM
12661A,N,O,04/02/2026 08:29:03 AM
12661B,N,O,04/02/2026 07:59:38 PM
12662A,N,O,04/01/2026 05:57:30 PM
12662B,N,V,04/02/2026 11:59:12 PM
12663A,N,O,04/02/2026 09:36:07 PM
12663B,N,O,04/02/2026 10:25:59 PM
12664A,N,O,04/02/2026 10:31:07 PM
12664B,N,O,04/02/2026 09:34:36 PM
12665A,N,O,04/02/2026 09:56:45 PM
12665B,N,O,04/02/2026 09:45:55 PM
12666A,N,O,04/02/2026 06:13:11 PM
12666B,N,V,04/02/2026 11:59:42 PM
12667A,NU,V,04/02/2026 11:15:13 PM
12667B,NU,O,04/02/2026 10:54:53 PM
12668A,N,O,04/02/2026 11:43:00 PM
12668B,N,O,04/02/2026 10:27:16 PM
12669A,N,O,04/02/2026 09:01:03 PM
12669B,N,O,04/02/2026 10:11:52 PM
1266A,N,V,04/02/2026 11:32:42 PM
1266B,N,O,04/02/2026 10:37:36 PM
12670A,N,O,04/02/2026 10:47:41 PM
12670B,N,O,04/02/2026 11:51:46 PM
12671A,N,O,04/02/2026 10:00:53 PM
12671B,N,O,04/02/2026 10:01:27 PM
12672A,N,O,04/02/2026 10:56:22 PM
12672B,N,O,04/02/2026 10:28:38 PM
12673A,N,O,04/02/2026 11:17:36 PM
12673B,N,O,04/02/2026 10:25:30 PM
12674A,N,V,04/02/2026 11:48:48 PM
12674B,N,O,04/02/2026 10:12:09 PM
12675A,N,O,04/02/2026 08:39:23 PM
12675B,N,O,04/02/2026 08:51:47 PM
12676B,N,O,04/02/2026 09:58:18 PM
12677A,N,O,04/02/2026 06:49:13 PM
12677B,N,O,04/02/2026 07:57:44 AM
12678A,N,O,04/02/2026 09:06:05 PM
12678B,N,V,04/02/2026 08:07:45 PM
12679A,N,O,04/02/2026 08:54:35 PM
12679B,N,O,04/02/2026 07:55:50 AM
1267A,N,V,04/02/2026 10:10:11 PM
1267B,N,V,04/02/2026 10:53:19 PM
12680A,N,O,04/02/2026 07:30:01 PM
12680B,N,O,04/03/2026 08:17:42 AM
12681A,N,O,04/03/2026 07:58:45 AM
12681B,N,O,04/03/2026 07:59:02 AM
12685A,N,O,04/02/2026 08:15:22 PM
12685B,N,O,04/02/2026 10:53:54 PM
12686A,N,O,04/02/2026 05:18:12 PM
12686B,N,O,04/02/2026 03:22:44 PM
12687A,N,O,04/02/2026 07:28:42 PM
12687B,N,O,04/02/2026 07:17:26 PM
12688A,N,O,04/02/2026 10:54:45 PM
12688B,N,O,04/02/2026 05:53:54 PM
12689A,N,O,04/02/2026 03:05:32 PM
12689B,N,O,04/02/2026 09:44:50 PM
1268A,N,V,04/02/2026 11:10:39 PM
1268B,N,V,04/02/2026 11:50:46 PM
12690A,N,O,04/02/2026 07:15:19 PM
12690B,N,O,04/02/2026 06:14:04 PM
12691A,N,O,04/02/2026 11:06:56 PM
12691B,N,O,04/02/2026 09:52:04 PM
1269A,N,V,04/02/2026 11:51:18 PM
1269B,N,O,04/02/2026 11:35:33 PM
126B,N,V,04/02/2026 11:49:56 PM
12701A,N,O,04/02/2026 10:29:03 PM
12701B,N,O,04/02/2026 10:01:22 PM
12702A,N,O,04/02/2026 10:01:06 PM
12702B,N,O,04/02/2026 10:15:46 PM
12703A,N,O,04/02/2026 08:14:22 PM
12703B,N,O,04/02/2026 07:29:48 PM
12704A,N,O,04/02/2026 09:04:33 PM
12704B,N,V,04/02/2026 11:48:38 PM
12705A,N,O,04/02/2026 11:20:45 PM
12705B,N,O,04/02/2026 11:56:19 PM
12706A,N,O,04/02/2026 11:07:49 PM
12706B,N,O,04/02/2026 06:00:49 PM
12707B,N,O,04/03/2026 12:00:00 AM
12708A,N,O,04/02/2026 11:29:18 PM
12708B,N,O,04/02/2026 09:57:30 PM
12709A,N,O,04/02/2026 11:47:31 PM
12709B,N,O,04/02/2026 07:24:58 PM
1270A,N,V,04/02/2026 11:34:54 PM
1270B,N,V,04/02/2026 11:34:54 PM
12710A,N,O,04/02/2026 10:44:47 PM
12710B,N,V,04/02/2026 11:53:54 PM
12711A,N,O,04/02/2026 11:30:08 PM
12711B,N,O,04/02/2026 11:06:08 PM
12712A,N,O,04/02/2026 11:59:16 PM
12712B,N,O,04/02/2026 10:58:50 PM
12713A,N,O,04/03/2026 12:00:02 AM
12713B,N,O,04/02/2026 11:19:45 PM
12714A,N,O,04/02/2026 07:04:51 PM
12714B,N,V,04/02/2026 11:59:00 PM
12715A,N,O,04/02/2026 10:24:36 PM
12715B,N,O,04/02/2026 10:37:41 PM
12716A,N,O,04/02/2026 11:18:25 PM
12716B,N,V,04/02/2026 11:51:19 PM
12717A,N,O,04/02/2026 11:51:33 PM
12717B,N,V,04/02/2026 11:48:00 PM
12718A,N,O,04/02/2026 11:33:11 PM
12718B,N,V,04/02/2026 11:41:11 PM
12719A,N,V,04/02/2026 11:52:11 PM
12719B,N,O,04/02/2026 11:06:55 PM
1271A,N,O,04/02/2026 11:11:03 PM
1271B,N,O,04/02/2026 11:37:43 PM
12720A,N,O,04/02/2026 11:02:12 PM
12720B,NU,O,04/02/2026 11:52:32 PM
1272A,N,O,04/02/2026 09:35:02 PM
1272B,N,O,04/02/2026 11:32:17 PM
1273A,N,O,04/02/2026 10:54:03 PM
1273B,N,O,04/02/2026 07:33:20 PM
127B,N,V,04/02/2026 11:35:32 PM
1280A,N,O,04/02/2026 03:45:54 PM
1280B,N,O,04/02/2026 11:59:05 PM
1281A,N,V,04/02/2026 11:25:52 PM
1281B,N,V,04/02/2026 10:42:50 PM
1282A,N,V,04/02/2026 11:20:22 PM
1282B,N,O,04/02/2026 08:31:22 PM
1283A,N,O,04/02/2026 11:59:00 PM
1283B,N,O,04/02/2026 08:53:03 PM
1284A,N,O,04/02/2026 10:27:58 PM
1284B,N,O,04/02/2026 11:13:29 PM
12A,NU,V,02/25/2026 11:44:33 PM
12B,NU,V,02/25/2026 11:59:52 PM
13001A,N,V,04/02/2026 11:48:37 PM
13001B,N,O,04/02/2026 11:49:22 PM
13002B,N,V,04/02/2026 10:40:26 PM
13003A,N,V,04/02/2026 10:39:10 PM
13003B,N,O,04/02/2026 11:59:24 PM
13004A,N,V,04/02/2026 11:29:36 PM
13004B,N,V,04/02/2026 10:32:35 PM
13005A,N,O,04/02/2026 11:46:24 PM
13005B,N,O,04/02/2026 11:01:27 PM
13006A,N,O,04/02/2026 09:34:35 PM
13006B,N,O,04/02/2026 07:51:36 PM
13007A,N,O,04/02/2026 10:57:34 PM
13007B,N,V,04/02/2026 11:29:22 PM
13008A,N,O,04/02/2026 11:49:38 PM
13008B,N,O,04/02/2026 11:06:27 PM
13009A,N,V,04/02/2026 11:59:50 PM
13009B,N,O,04/02/2026 11:23:22 PM
13010A,N,V,04/02/2026 11:44:24 PM
13010B,N,O,04/02/2026 08:09:14 PM
13011A,N,O,04/02/2026 11:59:35 PM
13011B,N,O,04/02/2026 11:59:49 PM
13012A,N,V,04/02/2026 09:53:13 PM
13012B,N,V,04/02/2026 11:46:15 PM
13013A,N,O,04/02/2026 11:57:02 PM
13013B,N,O,04/02/2026 11:58:33 PM
13014A,N,V,04/02/2026 11:58:54 PM
13014B,N,O,04/02/2026 02:38:30 PM
13015A,N,V,04/02/2026 11:21:33 PM
13015B,N,V,04/02/2026 11:57:35 PM
13016A,N,V,04/02/2026 11:48:15 PM
13016B,N,O,04/02/2026 11:59:33 PM
13017B,N,O,04/02/2026 03:36:53 PM
13018A,N,V,04/02/2026 11:56:03 PM
13018B,N,O,04/02/2026 11:52:22 PM
13019A,N,O,04/02/2026 06:46:48 PM
13019B,N,O,04/02/2026 07:12:41 PM
13020A,N,O,04/02/2026 06:48:45 PM
13020B,N,O,04/02/2026 07:20:15 PM
13021A,N,O,04/02/2026 07:31:35 PM
13021B,N,O,04/02/2026 11:05:47 PM
13023A,N,O,04/02/2026 08:18:05 PM
13023B,N,O,04/02/2026 07:09:31 PM
13024B,N,O,04/02/2026 10:19:41 PM
13030A,N,O,04/02/2026 07:29:26 PM
13031B,N,O,04/02/2026 07:38:20 PM
13032A,N,O,04/02/2026 11:59:46 PM
13032B,N,V,04/02/2026 11:59:50 PM
13033A,N,O,04/02/2026 11:43:32 PM
13033B,N,O,04/02/2026 05:16:02 PM
13034A,N,V,04/02/2026 11:59:36 PM
13034B,N,O,04/02/2026 07:22:19 PM
13035A,N,O,04/02/2026 06:59:49 AM
13035B,N,O,04/02/2026 07:40:41 PM
13036A,N,O,04/02/2026 04:47:13 PM
13036B,N,O,04/02/2026 02:05:55 PM
13037A,N,V,04/02/2026 11:59:05 PM
13040A,N,O,04/02/2026 11:52:32 PM
13040B,N,O,04/02/2026 06:59:51 AM
13046B,N,O,04/02/2026 03:29:25 PM
13047A,N,O,04/02/2026 10:17:45 PM
13047B,N,O,04/02/2026 10:27:55 PM
13048A,N,O,04/02/2026 10:06:06 PM
13048B,N,O,04/02/2026 07:57:19 PM
13049A,N,O,04/02/2026 07:28:33 PM
13049B,N,O,04/02/2026 07:22:13 PM
13050A,N,O,04/02/2026 11:05:56 PM
13050B,N,O,04/02/2026 10:48:40 PM
13051A,N,O,04/02/2026 11:24:07 PM
13051B,N,V,04/02/2026 11:54:47 PM
13052A,N,V,04/02/2026 11:07:15 PM
13052B,N,O,04/02/2026 07:16:27 PM
13053B,N,O,04/02/2026 07:39:28 PM
13054A,N,O,04/02/2026 07:18:00 PM
13054B,N,V,04/02/2026 08:11:11 PM
13055A,N,V,04/02/2026 10:54:25 PM
13055B,N,O,04/02/2026 10:10:03 PM
13056A,N,O,04/02/2026 09:43:14 PM
13056B,N,O,04/02/2026 11:37:03 PM
13057B,N,O,04/02/2026 07:43:41 PM
13058A,N,O,04/02/2026 11:58:19 PM
13058B,N,O,04/02/2026 11:58:26 PM
13061B,N,O,04/02/2026 09:43:41 PM
13062A,N,O,04/02/2026 08:37:41 PM
13062B,N,O,04/02/2026 06:19:45 PM
13066A,N,O,04/02/2026 10:14:10 PM
13066B,N,V,04/02/2026 11:11:21 PM
13067A,N,V,04/02/2026 11:11:13 PM
13067B,N,V,04/02/2026 11:53:34 PM
13068A,N,V,04/02/2026 11:22:40 PM
13068B,N,V,04/02/2026 11:56:51 PM
13069A,N,V,04/02/2026 11:59:48 PM
13069B,N,V,04/02/2026 11:56:32 PM
13070A,N,V,04/02/2026 11:59:59 PM
13070B,N,V,04/02/2026 11:55:09 PM
13075A,N,O,04/02/2026 10:28:22 PM
13075B,N,O,04/02/2026 08:57:45 PM
13076A,N,O,04/02/2026 06:57:16 PM
13076B,N,V,04/02/2026 11:06:40 PM
13078A,N,O,04/02/2026 05:34:38 PM
13078B,N,O,04/02/2026 10:18:06 AM
13084A,N,V,04/02/2026 11:59:54 PM
13084B,N,O,04/02/2026 11:45:58 PM
13085A,N,O,04/02/2026 07:41:52 PM
13085B,N,V,04/02/2026 10:59:56 PM
13086A,N,O,04/02/2026 05:45:34 PM
13086B,N,V,04/02/2026 11:58:33 PM
13087A,N,O,04/02/2026 10:38:25 PM
13087B,N,O,04/02/2026 11:59:41 PM
13100B,N,O,04/02/2026 11:35:44 PM
13101A,N,V,04/02/2026 09:26:34 PM
13101B,N,V,04/02/2026 09:50:42 PM
13102A,N,O,04/02/2026 11:43:12 PM
13102B,N,V,04/02/2026 09:22:32 PM
13103A,N,O,04/02/2026 07:08:29 PM
13103B,N,O,04/02/2026 11:59:54 PM
13104A,N,O,04/02/2026 09:40:20 PM
13104B,N,O,04/02/2026 10:06:54 PM
13111B,N,O,04/02/2026 09:27:02 PM
13112A,N,O,04/02/2026 11:04:26 PM
13112B,N,O,04/02/2026 11:38:46 PM
13113A,N,O,04/02/2026 08:03:15 PM
13113B,N,O,04/02/2026 09:59:38 PM
13114A,N,O,04/02/2026 11:33:28 AM
13114B,N,O,04/02/2026 06:55:40 AM
13115A,N,O,04/02/2026 10:22:31 PM
13115B,N,O,04/02/2026 10:42:17 PM
13116A,N,V,04/02/2026 11:56:56 PM
13116B,N,O,04/02/2026 08:21:31 PM
13117A,N,O,04/02/2026 09:20:47 PM
13117B,N,O,04/02/2026 07:24:57 PM
13118A,N,O,04/02/2026 10:54:48 PM
13120A,N,O,04/02/2026 06:10:46 PM
13120B,N,O,04/02/2026 08:52:12 PM
13121A,N,O,04/02/2026 11:01:02 PM
13122A,N,O,04/02/2026 10:18:03 PM
13122B,N,O,04/02/2026 11:44:46 PM
13123A,N,O,04/01/2026 11:19:42 PM
13123B,N,O,04/02/2026 08:54:06 PM
13124A,N,O,04/02/2026 10:47:44 PM
13126A,N,O,04/02/2026 06:12:39 PM
13126B,N,O,04/02/2026 06:11:40 PM
13127B,N,O,04/02/2026 05:30:52 PM
13128A,N,O,04/02/2026 06:28:05 PM
13128B,N,O,04/02/2026 09:48:36 PM
13129A,N,O,04/02/2026 10:30:43 PM
13129B,N,O,04/02/2026 11:57:54 PM
13200A,N,V,04/02/2026 11:10:35 PM
13200B,NU,V,04/02/2026 10:40:36 PM
13201A,N,O,04/02/2026 11:15:17 PM
13202A,N,O,04/02/2026 11:24:49 PM
13202B,N,O,04/02/2026 08:32:28 PM
13203A,N,O,04/02/2026 11:55:49 PM
13205A,N,O,04/02/2026 09:03:28 PM
13206A,N,O,04/02/2026 10:22:22 PM
13207A,N,O,04/02/2026 10:10:23 PM
13207B,N,O,04/02/2026 09:13:06 PM
13208A,N,O,04/02/2026 09:33:41 PM
13208B,N,O,04/02/2026 05:22:56 PM
13209A,N,V,04/02/2026 10:56:22 PM
13210A,N,V,04/02/2026 11:02:43 PM
13211B,N,O,04/02/2026 06:58:49 AM
13212A,N,O,04/02/2026 05:59:28 PM
13212B,N,O,04/02/2026 11:00:34 PM
13213A,N,O,04/02/2026 09:09:28 PM
13213B,N,V,04/02/2026 08:27:23 PM
13214A,N,V,04/02/2026 11:07:19 PM
13214B,N,O,04/02/2026 08:48:55 PM
13216A,N,V,04/02/2026 10:19:03 PM
13216B,N,V,04/02/2026 11:58:12 PM
13217B,N,O,04/02/2026 11:55:04 PM
13218A,N,V,04/02/2026 11:51:43 PM
13218B,N,V,04/02/2026 11:49:35 PM
13219B,N,V,04/02/2026 10:59:14 PM
13222A,N,O,04/02/2026 11:28:43 PM
13222B,N,O,04/02/2026 11:27:39 PM
13223A,N,O,04/02/2026 11:59:48 PM
13223B,N,O,04/02/2026 06:56:49 AM
13224B,N,O,04/02/2026 08:55:19 PM
13225A,N,V,04/02/2026 08:47:20 PM
13225B,N,V,04/02/2026 11:08:31 PM
13226A,N,V,04/02/2026 10:25:31 PM
13226B,N,V,04/02/2026 11:50:41 PM
13227A,N,O,04/02/2026 11:39:55 PM
13227B,N,V,04/02/2026 09:54:34 PM
13229B,NU,O,04/02/2026 06:38:21 PM
13231A,N,V,04/02/2026 11:55:19 PM
13231B,N,O,04/02/2026 11:59:20 PM
13232A,N,O,04/02/2026 10:02:50 PM
13232B,N,V,04/02/2026 11:43:45 PM
13233B,N,V,04/02/2026 11:59:04 PM
13238A,N,O,04/02/2026 11:59:38 PM
13238B,N,V,04/02/2026 11:12:13 PM
13239A,N,O,04/02/2026 07:12:33 PM
13239B,N,O,04/02/2026 07:12:53 PM
13240A,N,O,04/02/2026 06:59:46 AM
13240B,N,O,04/02/2026 04:23:50 PM
13241B,N,O,04/02/2026 06:58:53 AM
13243B,N,O,04/02/2026 06:57:06 AM
13245B,N,V,04/03/2026 12:00:01 AM
13246A,N,O,04/02/2026 10:23:56 PM
13246B,N,V,04/02/2026 11:51:26 PM
13247A,N,O,04/02/2026 02:03:53 PM
13249A,N,O,04/02/2026 02:16:00 PM
13249B,N,V,04/02/2026 11:58:52 PM
13250A,N,O,04/02/2026 11:14:08 PM
13250B,N,V,04/02/2026 11:15:02 PM
13251A,N,O,04/02/2026 11:25:28 PM
13251B,N,O,04/02/2026 11:59:41 PM
13252A,N,O,04/02/2026 11:36:27 PM
13252B,N,O,04/02/2026 03:59:05 PM
13253A,N,O,04/02/2026 11:58:58 PM
13253B,N,V,04/02/2026 11:43:29 PM
13254A,N,V,04/02/2026 11:59:43 PM
13254B,N,V,04/02/2026 11:50:56 PM
13255A,N,V,04/02/2026 11:49:29 PM
13255B,N,O,04/02/2026 11:49:03 PM
13256B,N,O,04/02/2026 11:56:29 PM
13257A,N,V,04/02/2026 11:12:04 PM
13257B,N,V,04/02/2026 11:57:52 PM
13258B,N,O,04/02/2026 11:59:47 PM
13259A,N,O,03/28/2026 06:55:49 AM
13259B,N,O,04/02/2026 04:14:45 PM
13260A,N,O,04/02/2026 10:18:17 PM
13260B,N,V,04/02/2026 10:59:09 PM
13261A,N,V,04/02/2026 11:59:41 PM
13261B,N,O,04/02/2026 01:45:03 PM
13262A,N,O,04/02/2026 06:57:47 AM
13264A,N,O,04/02/2026 11:56:43 PM
13264B,N,O,04/02/2026 11:59:19 PM
13265A,N,O,04/02/2026 10:10:06 PM
13265B,N,O,04/02/2026 04:40:07 PM
13266A,N,O,04/02/2026 08:07:02 PM
13266B,N,V,04/02/2026 07:27:40 PM
13267A,N,V,04/02/2026 08:54:24 PM
13267B,N,O,04/02/2026 06:48:07 PM
13268A,N,O,04/02/2026 06:39:00 PM
13268B,N,O,04/02/2026 11:07:13 PM
13277A,N,O,04/02/2026 06:57:52 AM
13277B,N,V,04/02/2026 11:59:33 PM
13278A,N,O,04/02/2026 06:56:51 AM
13278B,N,V,04/02/2026 09:49:48 PM
13279A,N,O,04/02/2026 06:55:48 AM
13280A,N,O,04/02/2026 11:59:57 PM
13280B,N,O,04/02/2026 09:19:28 PM
13281A,N,O,04/02/2026 07:12:58 PM
13281B,N,V,04/02/2026 11:59:13 PM
13282A,N,O,04/02/2026 11:28:53 PM
13282B,N,O,04/02/2026 11:54:41 PM
13283A,N,O,04/02/2026 06:56:43 AM
13283B,N,O,04/02/2026 06:56:43 AM
13284A,N,V,04/02/2026 11:59:58 PM
13284B,N,O,04/02/2026 11:53:41 PM
13285B,N,V,04/02/2026 11:59:37 PM
13292A,N,O,04/02/2026 07:57:44 AM
13292B,N,O,04/02/2026 07:57:44 AM
13293A,N,O,04/02/2026 08:15:52 AM
13293B,N,O,04/02/2026 07:56:40 AM
13294A,N,O,04/02/2026 07:55:40 AM
13294B,N,O,04/02/2026 07:55:55 AM
13295B,N,O,04/02/2026 07:59:54 AM
13297A,N,O,04/02/2026 06:37:45 PM
13297B,N,O,04/02/2026 04:01:44 PM
13298A,N,O,04/02/2026 06:53:22 PM
13298B,N,O,04/02/2026 04:50:08 PM
13299A,N,O,04/02/2026 07:18:50 PM
13299B,N,O,04/02/2026 11:59:52 PM
1329A,N,V,04/02/2026 11:47:12 PM
1329B,N,O,04/02/2026 10:52:04 PM
13300A,N,O,04/02/2026 11:51:28 PM
13300B,N,V,04/02/2026 11:57:14 PM
13302A,N,O,04/02/2026 09:51:48 PM
13303A,N,O,04/02/2026 11:59:25 PM
13303B,N,O,04/02/2026 08:31:41 PM
13304A,N,O,04/02/2026 07:03:22 PM
13304B,N,V,03/22/2026 08:55:59 AM
13305A,N,V,04/02/2026 10:11:10 PM
13305B,N,O,04/02/2026 08:52:41 PM
13306A,N,V,04/02/2026 10:21:34 PM
13306B,N,V,04/02/2026 09:39:05 PM
13307A,N,V,04/02/2026 11:17:12 PM
13307B,N,O,04/02/2026 08:32:20 PM
13311A,N,O,04/02/2026 07:26:16 PM
13311B,N,O,04/02/2026 11:59:55 PM
13312A,N,O,04/02/2026 08:59:47 PM
13312B,N,O,04/02/2026 07:58:54 PM
13313A,N,O,04/02/2026 09:11:52 PM
13314A,N,O,04/02/2026 07:12:59 PM
13314B,N,V,04/02/2026 10:03:48 PM
13315A,N,V,04/02/2026 11:22:02 PM
13315B,N,O,04/02/2026 11:29:49 PM
13316A,N,O,04/02/2026 08:18:13 PM
13316B,N,O,04/02/2026 11:59:00 PM
13319A,N,O,04/02/2026 06:20:19 PM
13319B,N,O,04/02/2026 05:37:12 PM
13320B,N,O,04/02/2026 04:19:15 PM
13321A,N,O,04/02/2026 04:15:34 PM
13321B,N,O,04/02/2026 11:49:49 PM
13322B,N,O,04/02/2026 10:10:14 PM
13323B,N,O,04/02/2026 11:39:55 PM
13324A,N,V,04/02/2026 11:27:04 PM
13325A,N,O,04/02/2026 10:06:12 PM
13325B,N,V,04/02/2026 10:31:44 PM
13326A,N,O,04/02/2026 07:43:05 PM
13326B,N,O,04/02/2026 11:59:49 PM
13332A,N,O,04/02/2026 08:40:05 PM
13332B,N,O,04/02/2026 09:17:25 PM
13333A,N,O,04/02/2026 11:59:44 PM
13334A,N,V,04/02/2026 11:05:57 PM
13334B,N,V,04/02/2026 08:18:25 PM
13335A,N,V,04/02/2026 11:54:23 PM
13335B,N,V,04/02/2026 11:59:57 PM
13336A,N,O,04/02/2026 09:34:20 PM
13336B,N,V,04/02/2026 07:57:20 PM
13337A,N,O,04/02/2026 11:59:33 PM
13337B,N,V,04/02/2026 11:59:28 PM
13338A,N,V,04/02/2026 07:58:10 PM
13338B,N,V,04/02/2026 09:26:05 PM
13339A,N,O,04/02/2026 09:21:57 PM
13340A,N,V,04/02/2026 11:57:41 PM
13340B,N,O,04/02/2026 11:59:28 PM
13341A,N,O,04/02/2026 06:54:27 PM
13341B,N,O,04/02/2026 06:21:37 PM
13343B,N,O,04/02/2026 06:08:26 PM
13344A,N,O,04/03/2026 12:00:00 AM
13344B,N,O,04/02/2026 08:13:48 PM
13345A,N,O,04/02/2026 11:05:29 PM
13345B,N,O,04/02/2026 10:25:03 PM
13346A,N,V,04/02/2026 10:51:33 PM
13346B,N,V,04/02/2026 08:07:33 PM
13347A,N,O,04/02/2026 08:36:35 PM
13347B,N,V,04/02/2026 11:59:58 PM
13348A,N,O,04/02/2026 04:40:34 PM
13348B,N,V,04/02/2026 11:58:25 PM
13349A,N,O,04/02/2026 03:18:57 PM
1334A,N,O,04/02/2026 11:25:35 PM
1334B,N,O,04/02/2026 11:57:37 PM
13350A,N,V,04/02/2026 11:00:53 PM
13350B,N,V,04/02/2026 11:56:47 PM
13351A,N,V,04/02/2026 09:59:39 PM
13351B,N,V,04/02/2026 11:59:46 PM
13352A,N,O,04/02/2026 11:57:32 PM
13352B,N,O,04/02/2026 11:59:28 PM
13355A,N,O,04/02/2026 11:59:51 PM
13355B,N,O,04/02/2026 07:47:50 PM
13356A,N,O,04/02/2026 10:52:52 PM
13356B,N,O,04/02/2026 11:59:44 PM
13357A,N,V,04/02/2026 11:48:04 PM
13357B,N,O,04/02/2026 11:56:11 PM
13358A,N,V,04/02/2026 11:59:56 PM
13358B,N,O,04/02/2026 01:34:06 PM
13359A,N,O,04/02/2026 11:19:31 PM
13359B,N,O,04/02/2026 06:55:52 AM
1335A,N,V,04/02/2026 11:58:38 PM
1335B,N,V,04/02/2026 11:58:22 PM
1336A,N,O,04/02/2026 11:50:42 PM
1336B,N,V,04/02/2026 11:54:41 PM
1337A,N,O,04/02/2026 08:27:54 AM
1337B,N,V,04/02/2026 11:53:15 PM
13400A,N,V,04/02/2026 10:11:31 PM
13400B,N,V,04/02/2026 11:59:48 PM
13401A,N,O,04/02/2026 07:30:50 PM
13401B,N,V,04/02/2026 11:34:45 PM
13402A,N,O,04/02/2026 11:14:51 PM
13402B,N,V,04/02/2026 11:58:12 PM
13403A,N,O,04/02/2026 10:37:56 PM
13403B,N,V,04/02/2026 10:38:24 PM
13404A,N,O,04/02/2026 05:04:36 PM
13404B,N,O,04/02/2026 09:19:27 PM
13405A,N,O,04/02/2026 11:54:55 PM
13405B,N,V,04/02/2026 11:33:54 PM
13413A,N,O,04/02/2026 10:00:21 PM
13413B,N,O,04/02/2026 05:44:08 PM
13422A,N,V,04/02/2026 10:58:56 PM
13422B,N,O,04/02/2026 11:59:43 PM
13423B,N,O,04/02/2026 04:03:10 PM
13427A,N,V,04/02/2026 11:56:03 PM
13427B,N,O,04/02/2026 05:45:54 PM
13428A,N,V,04/02/2026 11:59:26 PM
13428B,N,V,04/02/2026 07:23:22 PM
13431A,N,O,04/02/2026 09:01:22 PM
13431B,N,V,04/02/2026 10:09:28 PM
13432A,N,V,04/02/2026 11:50:40 PM
13432B,N,V,04/02/2026 11:21:25 PM
13433A,N,O,04/02/2026 09:15:05 PM
13433B,N,O,04/02/2026 06:45:10 PM
13434A,N,V,04/02/2026 10:40:15 PM
13434B,N,O,04/02/2026 11:59:59 PM
13461A,N,V,04/02/2026 11:46:05 PM
13462A,N,V,04/02/2026 11:45:32 PM
13462B,N,O,04/02/2026 11:59:31 PM
13463A,N,O,04/02/2026 02:33:31 PM
13463B,N,V,04/02/2026 09:55:42 PM
13464A,N,V,04/02/2026 09:46:27 PM
13464B,N,O,04/02/2026 11:30:52 PM
13465B,N,O,04/02/2026 11:59:51 PM
13466A,N,O,04/02/2026 11:59:52 PM
13466B,N,V,04/02/2026 11:58:18 PM
13467A,N,V,04/02/2026 10:54:09 PM
13467B,N,V,04/02/2026 11:58:59 PM
13468B,N,V,04/02/2026 11:57:32 PM
13469A,N,V,04/02/2026 11:25:56 PM
13469B,N,V,04/02/2026 08:55:35 PM
13470A,N,V,04/02/2026 10:29:30 PM
13470B,N,V,04/02/2026 11:11:02 PM
13471A,N,V,04/02/2026 11:15:44 PM
13471B,N,O,04/02/2026 11:50:27 PM
13472A,N,O,04/02/2026 10:07:04 PM
13472B,N,V,04/02/2026 11:59:32 PM
13473A,N,V,04/02/2026 11:53:07 PM
13473B,N,V,04/02/2026 11:11:29 PM
13474A,N,O,04/02/2026 05:41:20 PM
13474B,N,V,04/02/2026 11:21:00 PM
13476A,N,V,04/02/2026 11:42:55 PM
13476B,N,V,04/02/2026 11:42:36 PM
13477A,N,V,04/02/2026 11:15:07 PM
13477B,N,V,04/02/2026 11:07:47 PM
13478A,N,O,11/08/2025 11:10:25 AM
13478B,N,V,04/02/2026 11:14:37 PM
13479A,N,V,04/02/2026 11:05:26 PM
13479B,N,V,04/02/2026 11:53:59 PM
13480A,N,V,04/02/2026 11:08:45 PM
13481A,N,V,04/02/2026 11:40:40 PM
13481B,N,V,04/02/2026 11:59:55 PM
13482A,N,O,04/02/2026 10:35:53 PM
13482B,N,O,04/02/2026 05:50:47 PM
13484A,N,V,04/02/2026 11:53:03 PM
13484B,N,O,04/02/2026 11:55:48 PM
13485B,N,O,04/02/2026 06:37:36 PM
13486A,N,V,04/02/2026 11:23:20 PM
13487A,N,O,04/02/2026 10:40:55 PM
13487B,N,V,04/02/2026 03:56:05 PM
13488A,N,V,04/02/2026 11:42:50 PM
13488B,N,O,04/02/2026 11:10:03 PM
13489B,N,O,04/02/2026 06:12:25 PM
13490A,N,O,04/02/2026 10:44:37 PM
13490B,N,V,04/02/2026 10:38:26 PM
13491B,N,V,04/02/2026 10:44:29 PM
13496A,N,O,04/02/2026 06:58:51 AM
13496B,N,V,04/02/2026 11:18:03 PM
13497A,N,V,04/02/2026 11:15:33 PM
13497B,N,V,04/02/2026 11:06:42 PM
13498A,N,V,04/02/2026 11:09:33 PM
13498B,N,O,04/02/2026 06:56:51 AM
13499A,N,O,04/02/2026 11:56:18 PM
13499B,N,V,04/02/2026 11:15:51 PM
13521A,N,O,04/02/2026 10:42:27 PM
13521B,N,O,04/02/2026 11:58:06 PM
13522A,N,V,04/02/2026 11:33:15 PM
13522B,N,V,04/02/2026 11:15:11 PM
13523B,N,V,04/02/2026 08:57:12 PM
13524A,N,V,04/02/2026 11:34:24 PM
13524B,N,V,04/02/2026 08:57:47 PM
13525B,N,O,04/02/2026 11:48:17 PM
13526A,N,V,04/02/2026 11:14:51 PM
13526B,N,O,04/02/2026 09:37:35 AM
13527A,N,V,04/02/2026 09:01:43 PM
13527B,N,O,04/02/2026 06:57:49 AM
13528B,N,O,04/02/2026 11:58:27 PM
13529A,N,V,04/02/2026 11:55:39 PM
13529B,N,V,04/02/2026 11:59:46 PM
13534B,N,O,04/02/2026 10:28:32 PM
13535A,N,O,04/02/2026 11:57:11 PM
13536A,N,V,04/02/2026 11:53:25 PM
13536B,N,O,04/02/2026 11:57:12 PM
13537B,N,V,04/02/2026 08:50:07 PM
13538A,N,V,04/02/2026 08:50:47 PM
13538B,N,O,04/02/2026 06:56:52 AM
13539B,N,V,04/02/2026 09:03:27 PM
13541B,N,V,04/02/2026 10:02:08 PM
13542B,N,V,04/02/2026 09:45:54 PM
13543A,N,V,04/02/2026 10:12:51 PM
13543B,N,V,04/02/2026 11:11:08 PM
13544A,N,V,04/02/2026 11:14:21 PM
13544B,N,V,04/02/2026 11:10:25 PM
13545A,N,V,04/02/2026 11:13:04 PM
13546A,N,V,04/02/2026 11:48:20 PM
13546B,N,V,04/02/2026 10:26:10 PM
13551A,N,O,04/02/2026 06:02:04 PM
13551B,N,O,04/02/2026 07:12:54 PM
13552A,N,O,04/02/2026 01:31:41 PM
13552B,N,O,04/02/2026 09:06:54 PM
13553A,N,O,04/02/2026 10:42:18 PM
13553B,N,O,04/02/2026 05:29:06 PM
13554A,N,O,04/02/2026 06:46:26 PM
13554B,N,O,04/02/2026 11:06:24 PM
13561A,N,O,04/02/2026 06:58:44 AM
13561B,N,O,04/02/2026 06:58:48 AM
13562A,N,O,04/02/2026 11:55:50 PM
13562B,N,O,04/02/2026 11:57:43 PM
13563A,N,V,04/02/2026 11:42:47 PM
13563B,N,V,04/02/2026 10:54:10 PM
13564A,N,O,04/02/2026 11:55:28 PM
13564B,N,V,04/02/2026 11:42:03 PM
13565A,N,O,04/02/2026 07:04:35 PM
13565B,N,O,04/03/2026 12:00:01 AM
13566A,N,O,04/02/2026 11:51:27 PM
13566B,N,O,04/02/2026 11:38:28 PM
13567A,N,O,04/02/2026 11:09:35 PM
13567B,N,O,04/02/2026 06:57:48 AM
13568A,N,O,04/02/2026 11:59:49 PM
13568B,N,V,04/02/2026 11:50:36 PM
13572B,N,V,04/02/2026 11:52:21 PM
13573B,N,V,04/02/2026 08:50:42 PM
13583A,N,O,04/02/2026 05:24:57 PM
13583B,N,O,04/02/2026 11:49:34 PM
13585A,N,V,04/02/2026 10:26:03 PM
13585B,N,O,04/02/2026 11:32:04 PM
13595A,N,O,04/02/2026 07:03:01 PM
13595B,N,O,04/02/2026 05:41:29 PM
13596A,N,O,04/02/2026 07:31:29 PM
13596B,N,O,12/13/2025 07:40:13 AM
13602A,N,V,04/02/2026 07:52:12 PM
13603A,N,V,04/02/2026 04:27:36 PM
13603B,N,V,04/02/2026 07:49:39 PM
13604A,N,V,04/02/2026 10:00:41 PM
13604B,N,O,04/02/2026 02:42:40 PM
13610B,N,O,04/02/2026 11:57:10 PM
13611A,N,V,04/02/2026 09:23:49 PM
13611B,N,V,04/02/2026 05:27:50 PM
13612A,N,V,04/02/2026 11:55:48 PM
13612B,N,V,04/02/2026 09:23:38 PM
13613A,N,V,04/02/2026 11:59:30 PM
13613B,N,O,04/02/2026 11:58:45 PM
13617A,N,V,04/02/2026 08:29:31 PM
13617B,N,V,04/02/2026 11:59:59 PM
13618A,N,O,04/02/2026 09:15:13 PM
13618B,N,V,04/02/2026 11:36:31 PM
13619B,N,O,04/02/2026 06:56:34 AM
13620B,N,V,04/02/2026 11:54:30 PM
13624A,N,O,04/02/2026 10:34:29 PM
13624B,N,V,04/02/2026 11:03:20 PM
13628B,N,V,04/02/2026 11:52:06 PM
13635A,N,V,04/02/2026 11:59:50 PM
13635B,N,V,04/02/2026 09:47:48 PM
13636A,N,V,04/02/2026 11:20:58 PM
13636B,N,V,04/02/2026 08:06:52 PM
13646A,N,V,04/02/2026 08:32:09 PM
13646B,N,O,04/02/2026 06:58:43 AM
13647A,N,V,04/02/2026 10:21:16 PM
13647B,N,V,04/02/2026 11:29:43 PM
13648A,N,V,04/02/2026 10:38:47 PM
13648B,N,V,04/02/2026 11:31:32 PM
13649A,N,V,04/02/2026 10:49:59 PM
13649B,N,V,04/02/2026 10:36:53 PM
13650A,N,V,04/02/2026 11:10:10 PM
13650B,N,V,04/02/2026 11:57:33 PM
13651B,N,V,04/02/2026 11:02:09 PM
13652A,N,V,04/02/2026 11:30:21 PM
13652B,N,V,04/02/2026 11:32:12 PM
13654A,N,V,04/02/2026 06:50:26 PM
13654B,N,V,04/02/2026 07:19:54 PM
13655A,N,O,04/02/2026 11:57:26 PM
13655B,N,V,04/02/2026 10:02:17 PM
13656A,N,V,04/02/2026 10:30:30 PM
13656B,N,V,04/02/2026 10:30:26 PM
13658A,N,V,04/02/2026 10:32:02 PM
13658B,N,O,04/03/2026 08:16:20 AM
13659A,N,O,04/02/2026 08:31:15 PM
13659B,N,V,04/02/2026 10:31:59 PM
13660B,N,V,04/02/2026 10:36:03 PM
13661A,N,O,04/02/2026 10:34:21 PM
13662B,N,V,04/02/2026 11:34:31 PM
13663A,N,O,04/02/2026 08:57:27 PM
13663B,N,V,04/02/2026 11:37:28 PM
13672A,N,V,04/02/2026 10:41:07 PM
13672B,N,V,04/02/2026 09:11:07 PM
13673A,N,V,04/02/2026 09:10:45 PM
13673B,N,O,04/02/2026 11:32:29 PM
13674A,N,V,04/02/2026 10:52:32 PM
13674B,N,V,04/02/2026 11:44:14 PM
13675A,N,V,04/02/2026 09:07:23 PM
13675B,N,O,04/02/2026 09:07:08 PM
13676A,N,V,04/02/2026 06:28:36 PM
13676B,N,V,04/02/2026 11:59:03 PM
13677A,N,O,04/02/2026 10:11:45 PM
13678A,N,O,04/02/2026 11:58:57 PM
13678B,N,V,04/02/2026 08:57:42 PM
13679B,N,V,04/02/2026 08:49:16 PM
13682A,N,O,04/02/2026 10:37:57 PM
13682B,N,V,04/02/2026 07:12:57 PM
13683A,N,V,04/02/2026 09:53:24 PM
13683B,N,V,04/02/2026 07:07:49 PM
13684A,N,V,04/02/2026 06:52:39 PM
13684B,N,O,04/03/2026 12:00:00 AM
13695A,N,V,04/02/2026 07:59:41 PM
13695B,N,O,04/02/2026 07:57:31 PM
13696A,N,V,04/02/2026 07:56:39 PM
13696B,N,V,04/02/2026 07:24:35 PM
13697A,N,O,04/02/2026 06:50:04 PM
13697B,N,O,04/02/2026 06:49:45 PM
13698A,N,O,04/02/2026 07:21:14 PM
13698B,N,O,04/02/2026 04:19:04 PM
13700A,N,O,04/02/2026 10:42:02 PM
13700B,N,O,04/02/2026 09:48:56 PM
13704B,N,O,04/02/2026 03:37:52 PM
13705A,N,O,04/02/2026 04:34:26 PM
13705B,N,O,04/02/2026 06:58:57 PM
13706A,N,O,04/02/2026 04:25:30 PM
13706B,N,O,04/02/2026 03:51:21 PM
13711A,N,V,04/02/2026 11:14:02 PM
13711B,N,V,04/02/2026 09:10:02 PM
13712A,N,O,04/02/2026 11:56:18 PM
13712B,N,V,04/02/2026 11:58:56 PM
13713A,N,O,04/02/2026 09:03:40 PM
13713B,N,V,04/02/2026 10:27:11 PM
13714A,N,V,04/02/2026 10:25:00 PM
13714B,N,V,04/02/2026 10:46:05 PM
13881A,N,V,04/02/2026 11:59:59 PM
13881B,N,O,04/02/2026 10:43:37 PM
13882A,N,V,04/02/2026 11:42:03 PM
13882B,N,O,04/02/2026 09:54:48 PM
13883A,N,O,04/02/2026 10:46:28 PM
13883B,N,O,04/02/2026 11:39:13 PM
13884A,N,O,04/02/2026 10:33:06 PM
13884B,N,O,04/02/2026 11:44:37 AM
13885A,N,O,04/02/2026 10:37:13 PM
13885B,N,V,04/02/2026 11:25:12 PM
13886A,N,O,04/02/2026 10:56:05 PM
13886B,N,O,04/02/2026 07:58:46 AM
13887A,N,V,04/02/2026 11:56:35 PM
13887B,N,O,04/02/2026 06:57:50 AM
13888A,N,O,04/02/2026 11:35:56 PM
13888B,N,O,04/02/2026 03:55:30 PM
13889A,N,O,04/02/2026 04:16:03 PM
13889B,N,O,04/02/2026 07:48:26 PM
13893A,N,O,04/02/2026 07:09:32 PM
13893B,N,V,04/02/2026 08:49:12 PM
13896A,N,O,04/02/2026 11:06:38 PM
13896B,N,O,04/02/2026 09:50:54 PM
13901A,N,O,04/02/2026 09:32:22 PM
13902A,N,O,04/02/2026 11:59:44 PM
13902B,N,O,04/02/2026 11:51:13 PM
13903A,N,O,04/02/2026 09:35:13 PM
13904A,N,O,04/02/2026 05:26:04 PM
13904B,N,O,04/02/2026 06:30:14 PM
13905A,N,O,04/02/2026 10:42:16 PM
13905B,N,O,04/02/2026 11:14:18 PM
13906A,N,O,04/02/2026 11:50:07 PM
13907A,N,O,04/02/2026 10:14:35 PM
13907B,N,O,04/02/2026 11:51:30 PM
13908A,N,V,04/02/2026 11:51:07 PM
13908B,N,O,04/02/2026 10:03:32 PM
13909A,N,O,04/02/2026 09:55:29 PM
13909B,N,O,04/02/2026 10:15:02 PM
13910A,N,V,04/02/2026 11:33:04 PM
13910B,N,O,04/02/2026 11:32:51 PM
13911A,N,O,04/02/2026 10:02:57 PM
13911B,N,O,04/02/2026 10:59:49 PM
13912A,N,O,04/02/2026 11:45:39 AM
13912B,N,O,04/02/2026 11:10:24 PM
13913A,N,O,04/02/2026 11:56:41 PM
13913B,N,O,04/02/2026 09:44:56 PM
13914A,N,O,04/03/2026 12:00:02 AM
13914B,N,O,04/02/2026 05:56:08 PM
13915B,N,O,04/02/2026 04:02:02 PM
13916A,N,O,04/02/2026 11:50:21 PM
13916B,N,V,04/02/2026 11:59:05 PM
13917A,N,O,04/02/2026 06:57:48 AM
13917B,N,O,04/02/2026 11:26:57 PM
13918A,N,O,04/02/2026 07:40:29 PM
13918B,N,O,04/02/2026 11:40:04 PM
13919A,N,O,04/02/2026 11:47:09 PM
13920A,NU,O,04/02/2026 11:48:52 PM
13920B,NU,O,04/02/2026 11:48:05 PM
13921A,N,O,04/02/2026 12:36:59 PM
13921B,N,O,04/02/2026 06:28:51 PM
13922A,N,O,04/02/2026 03:51:55 PM
13922B,N,O,04/02/2026 07:58:06 AM
13923A,N,O,04/02/2026 05:33:25 PM
13923B,N,O,04/02/2026 06:17:06 PM
13924A,N,V,04/02/2026 11:27:02 PM
13924B,N,V,04/02/2026 11:49:51 PM
13925A,N,O,04/02/2026 08:29:38 PM
13925B,N,O,04/02/2026 02:54:18 PM
13926A,N,O,04/02/2026 11:43:10 PM
13926B,N,O,04/02/2026 10:34:20 PM
13927A,N,O,04/02/2026 06:57:51 AM
13927B,N,O,04/02/2026 06:57:44 AM
13928A,N,O,04/02/2026 06:56:45 AM
13928B,N,O,04/02/2026 06:56:52 AM
13929A,N,O,04/02/2026 05:47:45 PM
13931A,N,O,04/02/2026 10:28:10 PM
13931B,N,O,04/02/2026 11:11:41 PM
13932A,N,O,04/02/2026 11:39:04 PM
13932B,N,V,04/02/2026 09:59:04 PM
13933A,N,O,04/02/2026 11:30:19 PM
13933B,N,O,04/02/2026 11:11:12 PM
13934A,N,O,04/02/2026 07:46:15 PM
13934B,N,O,04/02/2026 07:12:11 PM
13935A,N,V,04/02/2026 10:13:43 PM
13935B,N,O,04/02/2026 10:55:05 PM
13936A,N,O,04/02/2026 08:15:14 PM
13936B,N,O,04/02/2026 12:35:50 PM
13937A,N,O,04/02/2026 03:40:18 PM
13937B,N,O,04/02/2026 11:30:59 AM
13938A,N,O,04/02/2026 08:06:57 AM
13938B,N,O,04/02/2026 11:58:07 PM
13939A,N,O,04/02/2026 04:28:32 PM
13941A,N,O,04/02/2026 11:30:44 PM
13941B,N,O,04/02/2026 10:40:22 PM
13942A,N,O,04/02/2026 08:04:48 AM
13942B,N,O,04/02/2026 06:57:49 AM
13943A,N,O,04/02/2026 06:56:51 AM
13943B,N,O,04/02/2026 06:56:51 AM
13944A,N,O,04/02/2026 07:55:46 AM
13944B,N,O,04/02/2026 05:55:07 PM
13945B,N,O,04/02/2026 11:20:14 AM
13946A,N,O,04/02/2026 06:56:29 PM
13946B,N,O,04/02/2026 06:58:48 AM
13950A,N,O,04/02/2026 09:01:55 PM
13950B,N,O,04/02/2026 08:33:23 PM
13951A,N,O,04/02/2026 06:54:14 PM
13951B,N,O,04/02/2026 06:58:42 AM
13952A,N,O,04/02/2026 11:25:24 PM
13952B,N,O,04/02/2026 02:56:12 PM
13953A,N,O,04/02/2026 11:19:41 PM
13953B,N,O,04/02/2026 06:35:05 PM
13954A,N,O,04/02/2026 06:06:38 PM
13954B,N,O,04/02/2026 06:45:31 PM
13955A,N,O,04/02/2026 08:58:24 PM
13955B,N,O,04/02/2026 09:14:50 PM
13956A,N,O,04/02/2026 06:50:30 PM
13956B,N,O,04/02/2026 02:37:20 PM
13957A,N,O,04/02/2026 11:58:08 PM
13957B,N,O,04/02/2026 11:40:48 PM
13958A,N,O,04/02/2026 11:17:56 PM
13958B,N,O,04/02/2026 07:16:04 PM
13960A,N,O,04/02/2026 11:59:05 PM
13960B,N,O,04/02/2026 06:59:52 AM
13961A,N,O,04/02/2026 10:43:02 PM
13961B,N,V,04/02/2026 11:22:10 PM
13962A,N,O,04/02/2026 06:57:49 AM
13962B,N,O,04/02/2026 07:55:11 PM
13963A,N,O,04/02/2026 05:21:19 PM
13963B,N,O,04/02/2026 04:44:49 PM
13964A,N,O,04/02/2026 04:43:21 PM
13964B,N,O,04/02/2026 11:35:36 AM
13965A,N,O,04/02/2026 05:56:35 PM
13A,NU,V,02/25/2026 11:46:20 PM
13B,NU,O,02/25/2026 11:59:12 PM
14002A,N,V,04/02/2026 05:04:11 PM
14003A,N,V,04/02/2026 04:41:29 PM
14003B,N,V,04/02/2026 04:28:37 PM
14004A,N,V,04/02/2026 06:01:53 PM
14004B,N,V,04/02/2026 04:41:37 PM
14005A,N,V,04/02/2026 07:09:36 PM
14005B,NU,V,04/02/2026 07:45:53 PM
14006A,N,V,04/03/2026 07:35:07 AM
14006B,N,V,04/02/2026 08:13:45 AM
14007B,N,V,04/03/2026 07:34:53 AM
14011A,N,O,04/03/2026 06:58:43 AM
14011B,N,O,04/03/2026 06:58:43 AM
14012A,N,O,04/03/2026 06:57:51 AM
14012B,N,O,04/03/2026 08:11:31 AM
14013A,N,O,04/03/2026 06:56:57 AM
14013B,N,V,04/03/2026 07:50:04 AM
14014A,N,O,04/03/2026 06:55:47 AM
14014B,N,O,04/03/2026 06:56:19 AM
14015A,N,O,04/03/2026 06:59:46 AM
14015B,NU,O,04/03/2026 07:50:24 AM
14016A,N,O,04/03/2026 06:58:49 AM
14016B,N,V,04/03/2026 07:58:04 AM
14017A,N,O,04/03/2026 06:57:39 AM
14017B,N,O,04/03/2026 06:57:39 AM
14018A,N,V,04/02/2026 07:32:22 PM
14018B,N,V,04/03/2026 08:09:53 AM
14019A,N,V,04/03/2026 08:06:42 AM
14019B,N,V,04/03/2026 08:04:23 AM
14020A,N,V,04/03/2026 08:15:10 AM
14020B,NU,O,04/03/2026 06:59:42 AM
1443A,N,V,04/02/2026 11:56:25 PM
1443B,N,V,04/02/2026 11:59:25 PM
1444A,N,V,04/02/2026 11:50:48 PM
1444B,N,O,04/02/2026 11:23:44 PM
1445A,N,O,04/02/2026 10:39:48 PM
1445B,N,O,04/02/2026 10:52:45 PM
1446A,N,O,04/02/2026 10:42:09 PM
1447A,N,O,04/02/2026 11:16:37 PM
1447B,N,O,04/02/2026 06:57:42 AM
1448A,N,V,04/02/2026 10:48:10 PM
1448B,N,V,04/02/2026 10:10:25 PM
1449A,N,O,04/02/2026 11:59:47 PM
1449B,N,O,04/02/2026 11:50:54 PM
1450A,N,V,04/02/2026 09:51:34 PM
1450B,N,O,04/02/2026 08:44:09 PM
1451A,N,O,04/02/2026 11:59:56 PM
1451B,N,O,04/02/2026 06:16:13 PM
1452A,N,O,04/02/2026 10:01:00 PM
1452B,N,O,04/02/2026 10:03:49 PM
1453A,N,O,04/02/2026 04:01:16 PM
1453B,N,O,04/02/2026 06:56:51 AM
1454A,N,O,04/02/2026 11:19:40 PM
1454B,N,O,04/02/2026 09:27:38 PM
1455A,N,V,04/02/2026 11:59:08 PM
1455B,N,O,04/02/2026 11:42:27 PM
1456A,N,O,04/02/2026 11:39:30 PM
1456B,N,O,04/02/2026 09:05:30 PM
1457B,N,O,04/02/2026 06:57:48 AM
1458A,N,O,04/02/2026 10:50:38 PM
1458B,N,O,04/02/2026 11:41:41 PM
1459A,N,O,04/02/2026 08:06:18 PM
1459B,N,O,04/02/2026 09:52:35 PM
1460A,N,O,04/02/2026 11:18:12 PM
1460B,N,O,04/02/2026 11:54:31 PM
1461A,N,O,04/02/2026 11:46:12 PM
1461B,N,O,04/02/2026 07:14:08 PM
1464A,N,O,04/02/2026 11:49:32 PM
1465A,N,O,04/02/2026 06:59:56 AM
1465B,N,O,04/02/2026 06:59:56 AM
1466A,N,O,04/02/2026 06:58:52 AM
1466B,N,O,04/02/2026 07:26:40 PM
1467A,N,O,04/02/2026 10:57:39 PM
1467B,N,O,04/02/2026 10:12:23 PM
1479A,N,O,04/02/2026 11:17:17 AM
1479B,N,O,04/02/2026 10:11:45 PM
1480A,N,O,04/02/2026 08:57:43 PM
1480B,N,V,04/02/2026 05:06:23 PM
149A,N,V,04/03/2026 08:09:28 AM
149B,N,V,04/03/2026 08:09:00 AM
14A,NU,V,04/02/2026 11:58:44 PM
14B,NU,O,04/02/2026 11:59:33 PM
150A,N,O,04/03/2026 06:59:56 AM
150B,N,V,04/03/2026 08:16:24 AM
1515A,N,V,04/02/2026 10:59:28 PM
1515B,N,V,04/02/2026 11:45:43 PM
1516A,N,V,04/02/2026 11:19:03 PM
1516B,N,V,04/02/2026 10:18:59 PM
1517A,N,V,04/02/2026 11:56:22 PM
1517B,N,V,04/02/2026 11:32:35 PM
1518A,N,V,04/02/2026 10:01:12 PM
1518B,N,O,04/02/2026 11:09:11 PM
1519A,N,O,01/22/2026 12:31:26 PM
151A,N,V,04/03/2026 08:16:15 AM
151B,N,V,04/03/2026 07:45:54 AM
1520A,N,V,04/02/2026 07:05:22 PM
1521A,N,V,04/02/2026 07:45:25 PM
1521B,N,V,04/02/2026 04:54:28 PM
1522B,N,V,04/02/2026 12:18:49 PM
1523A,N,V,04/02/2026 05:26:36 PM
1523B,N,V,04/02/2026 10:52:04 AM
1524A,N,V,04/01/2026 08:48:26 AM
1524B,N,V,04/02/2026 10:55:47 PM
1525A,N,V,04/02/2026 11:05:28 PM
1525B,N,O,04/02/2026 11:59:56 PM
1526A,N,V,04/02/2026 03:50:07 PM
1526B,N,O,04/02/2026 11:52:33 PM
152A,N,O,04/03/2026 06:57:51 AM
152B,N,V,04/03/2026 08:11:21 AM
153A,N,O,04/03/2026 06:56:44 AM
153B,N,V,04/03/2026 07:56:03 AM
154A,N,O,12/27/2025 11:51:56 AM
154B,N,O,12/27/2025 06:55:48 AM
1553A,N,V,04/02/2026 09:43:10 PM
1553B,N,O,04/02/2026 07:48:09 PM
1554A,N,V,04/02/2026 10:46:15 PM
1554B,N,V,04/02/2026 11:45:59 PM
1555A,N,O,04/02/2026 11:47:31 PM
1555B,N,V,04/02/2026 11:56:23 PM
1556A,N,V,04/02/2026 11:56:44 PM
1558A,N,O,04/02/2026 01:42:23 PM
1558B,N,O,04/02/2026 08:43:40 PM
155A,N,V,04/03/2026 07:35:59 AM
155B,N,V,04/03/2026 07:37:43 AM
1560A,N,O,04/02/2026 10:31:26 PM
1560B,N,O,04/02/2026 07:30:48 PM
1569B,N,O,04/02/2026 05:36:56 PM
156A,N,V,04/03/2026 08:12:24 AM
1570A,N,O,04/02/2026 09:59:31 PM
1570B,N,O,04/02/2026 05:07:10 PM
157B,N,O,04/03/2026 07:54:31 AM
158A,N,V,04/03/2026 08:17:25 AM
158B,N,O,04/03/2026 07:46:26 AM
1597A,N,O,04/02/2026 06:44:55 PM
1597B,N,O,04/02/2026 08:37:59 PM
1598A,N,O,04/02/2026 10:38:41 AM
1599A,N,O,04/02/2026 05:31:50 PM
1599B,N,O,04/02/2026 06:55:48 AM
159A,N,O,04/03/2026 06:55:48 AM
159B,N,O,04/03/2026 06:55:52 AM
15A,NU,O,04/02/2026 10:54:24 PM
1600A,N,O,04/02/2026 08:23:09 AM
1600B,N,O,04/02/2026 06:59:47 AM
1601A,N,O,04/02/2026 11:59:32 PM
1601B,N,V,04/02/2026 11:23:41 PM
1604A,N,O,04/02/2026 10:22:46 PM
1604B,N,O,04/02/2026 11:55:34 PM
1605A,N,O,04/02/2026 11:59:27 PM
1605B,N,V,04/02/2026 11:33:06 PM
1606A,N,V,04/02/2026 09:16:20 PM
1606B,N,V,04/02/2026 11:57:37 PM
1607A,N,V,04/02/2026 09:25:54 PM
1607B,N,V,04/02/2026 11:57:44 PM
1608A,N,O,04/02/2026 07:19:24 PM
1608B,N,O,04/02/2026 06:04:23 PM
1609A,N,V,04/02/2026 11:57:55 PM
1609B,N,O,04/02/2026 07:17:54 PM
1610A,N,V,04/02/2026 10:27:50 PM
1610B,N,O,04/02/2026 11:40:03 AM
1611A,N,O,04/02/2026 08:01:41 PM
1611B,N,V,04/02/2026 11:58:39 PM
1612A,N,V,04/02/2026 11:55:12 PM
1612B,N,V,04/02/2026 07:22:03 PM
1613A,N,O,04/02/2026 11:31:13 PM
1613B,N,O,04/02/2026 11:58:45 PM
1614A,N,V,04/02/2026 11:04:54 PM
1614B,N,O,04/02/2026 04:38:14 PM
1615A,N,O,04/02/2026 07:56:41 PM
1615B,N,V,04/02/2026 11:57:46 PM
1616A,N,O,04/02/2026 10:59:30 PM
1616B,N,V,04/02/2026 11:58:30 PM
1617A,N,V,04/02/2026 11:20:42 PM
1617B,N,V,04/02/2026 11:59:04 PM
1618A,N,O,04/02/2026 09:38:15 PM
1618B,N,O,04/02/2026 10:35:28 PM
1619A,N,O,04/02/2026 08:44:33 PM
1619B,N,O,04/02/2026 11:20:20 PM
1620A,N,O,04/02/2026 10:10:04 PM
1620B,N,V,04/02/2026 09:23:49 PM
1621A,N,O,04/02/2026 11:42:13 PM
1621B,N,O,04/02/2026 11:52:53 PM
1622A,N,O,04/02/2026 08:58:09 PM
1622B,N,O,04/02/2026 09:37:44 PM
1623A,N,O,04/02/2026 08:16:37 PM
1623B,N,V,04/02/2026 10:16:36 PM
1624A,N,V,04/02/2026 11:40:17 PM
1624B,N,O,04/02/2026 11:56:48 PM
1625A,N,O,04/02/2026 11:40:07 PM
1625B,N,V,04/02/2026 11:54:06 PM
1626A,N,O,04/02/2026 10:29:35 PM
1626B,N,V,04/02/2026 11:59:18 PM
1627A,N,V,04/02/2026 11:48:49 PM
1627B,N,O,04/02/2026 11:54:25 PM
1628A,N,V,04/02/2026 11:59:29 PM
1628B,N,O,04/02/2026 09:01:18 PM
1629A,N,O,04/02/2026 09:11:25 PM
1629B,N,O,04/02/2026 08:58:12 PM
1641A,N,O,04/02/2026 11:20:15 PM
1642A,N,V,04/02/2026 10:43:47 PM
1642B,N,V,04/02/2026 10:50:35 PM
1643A,N,V,04/02/2026 11:58:40 PM
1643B,N,V,04/02/2026 10:07:39 PM
1644A,N,V,04/02/2026 11:36:33 PM
1644B,N,V,04/02/2026 11:36:47 PM
1645A,N,O,04/02/2026 11:59:48 PM
1645B,N,V,04/02/2026 11:56:41 PM
1646A,N,O,04/02/2026 11:44:40 PM
1646B,N,O,04/02/2026 11:54:38 PM
1647A,N,O,04/02/2026 11:17:23 PM
1647B,N,V,04/02/2026 11:59:50 PM
1648A,N,V,04/02/2026 09:09:20 PM
1648B,N,V,01/19/2026 12:33:29 PM
1649A,N,V,04/02/2026 11:30:48 PM
1649B,N,V,04/02/2026 10:24:38 PM
1650A,N,V,04/02/2026 11:59:07 PM
1650B,N,O,04/02/2026 11:46:37 PM
1651A,N,O,04/02/2026 08:23:05 PM
1651B,N,V,04/02/2026 11:52:32 PM
1652A,N,O,04/02/2026 02:40:37 PM
1652B,N,V,04/02/2026 09:48:44 PM
1653A,N,V,04/02/2026 11:26:14 PM
1653B,N,O,04/02/2026 11:53:50 PM
1654A,N,V,04/02/2026 09:11:03 PM
1654B,N,V,04/02/2026 11:59:30 PM
1655A,N,V,04/02/2026 11:56:11 PM
1655B,N,O,04/02/2026 11:07:28 PM
1656A,N,V,04/02/2026 10:34:36 PM
1656B,N,O,04/02/2026 11:59:42 PM
1657A,N,O,04/02/2026 11:54:17 PM
1657B,N,V,04/02/2026 11:59:24 PM
16A,NU,V,04/02/2026 09:19:12 PM
16B,NU,V,04/02/2026 08:07:39 PM
1791A,N,O,04/02/2026 01:28:41 PM
1791B,N,O,04/02/2026 11:45:28 PM
1792A,N,O,04/02/2026 11:51:12 PM
1792B,N,O,04/02/2026 11:02:34 PM
1793A,N,O,04/02/2026 08:26:47 AM
1793B,N,O,04/02/2026 09:55:42 PM
1794A,N,O,04/02/2026 07:05:14 PM
1794B,N,O,04/02/2026 03:26:07 PM
1795A,N,O,04/02/2026 05:59:43 PM
1795B,N,O,04/02/2026 03:27:57 PM
17A,NU,V,04/02/2026 11:39:15 PM
18A,N,O,04/02/2026 11:55:25 PM
18B,N,V,04/02/2026 10:37:36 PM
1900A,N,O,04/02/2026 09:33:25 PM
1900B,N,V,04/02/2026 11:58:29 PM
1901A,N,O,04/02/2026 11:52:48 PM
1901B,N,O,04/02/2026 06:27:38 PM
1908B,N,O,04/02/2026 06:56:45 AM
1909A,N,O,04/02/2026 10:03:46 PM
1910A,N,O,04/03/2026 06:59:50 AM
1911A,N,V,04/03/2026 08:05:23 AM
1911B,N,O,04/03/2026 06:58:56 AM
1912A,N,V,04/02/2026 10:17:40 PM
1912B,N,O,04/02/2026 11:45:04 PM
1913A,N,O,04/02/2026 11:54:20 PM
1913B,N,O,04/02/2026 11:20:06 PM
1914A,N,O,04/02/2026 11:10:35 PM
1914B,N,O,04/02/2026 11:24:48 PM
1915A,N,V,04/02/2026 11:58:32 PM
1915B,N,O,04/02/2026 11:48:43 PM
1916A,N,O,04/02/2026 11:07:17 PM
1916B,N,O,04/02/2026 10:35:46 PM
1917A,N,O,04/02/2026 09:08:44 PM
1917B,N,O,04/02/2026 08:37:55 PM
1918A,N,V,04/02/2026 11:37:47 PM
1918B,N,O,04/02/2026 07:44:12 PM
1919B,N,V,04/02/2026 10:42:18 PM
191A,N,O,04/02/2026 08:28:50 AM
191B,N,O,04/02/2026 01:55:00 PM
1920A,N,O,04/02/2026 05:37:37 PM
1920B,N,O,04/02/2026 10:40:16 AM
1921A,N,O,04/02/2026 11:50:48 AM
1921B,N,O,04/02/2026 09:38:32 PM
1922A,N,O,04/02/2026 11:26:03 PM
1922B,N,V,04/02/2026 10:19:35 AM
1923A,N,O,04/02/2026 07:29:54 PM
1923B,N,O,04/02/2026 07:41:11 PM
1924A,N,O,04/02/2026 05:38:00 PM
1924B,N,O,04/02/2026 09:33:04 PM
192A,N,O,04/02/2026 08:52:57 PM
192B,N,O,04/02/2026 09:11:05 AM
1931B,N,O,04/02/2026 06:58:52 AM
1932A,N,O,04/02/2026 08:39:45 AM
1932B,N,O,04/02/2026 06:57:48 AM
1933A,N,O,04/02/2026 06:56:51 AM
1933B,N,O,04/02/2026 06:57:01 AM
1934A,N,O,04/02/2026 06:55:50 AM
1934B,N,O,04/02/2026 09:32:03 AM
1935A,N,O,04/02/2026 02:07:25 PM
1935B,N,O,04/02/2026 07:00:01 AM
1936A,N,O,04/02/2026 06:58:49 AM
1936B,N,O,04/02/2026 08:33:31 AM
1937A,N,O,04/02/2026 06:57:57 AM
1937B,N,O,04/02/2026 08:15:08 AM
1938A,N,O,04/02/2026 06:56:55 AM
1938B,N,O,04/02/2026 06:56:55 AM
1939A,N,O,04/02/2026 07:27:15 AM
1939B,N,O,04/02/2026 01:55:23 PM
1940A,N,O,04/02/2026 06:59:45 AM
1941A,N,O,04/02/2026 05:11:32 PM
1941B,N,O,04/02/2026 06:58:49 AM
1942A,N,O,04/02/2026 06:57:52 AM
1942B,N,O,04/02/2026 06:46:03 PM
1945B,N,O,04/02/2026 05:13:49 PM
1946A,N,O,04/02/2026 02:43:42 PM
1946B,N,O,04/02/2026 09:46:13 AM
1947A,N,O,04/02/2026 05:47:27 PM
1947B,N,O,04/02/2026 11:53:17 AM
1950B,N,O,04/03/2026 06:59:55 AM
1951A,N,O,04/02/2026 11:28:30 PM
1952A,N,O,01/20/2026 01:18:47 PM
1952B,N,O,01/20/2026 01:17:26 PM
1953A,N,O,04/02/2026 10:40:46 PM
1954A,N,O,04/02/2026 08:44:51 PM
1954B,N,O,04/02/2026 07:07:43 PM
1957A,N,O,04/02/2026 06:57:51 AM
1958A,N,O,04/03/2026 07:36:31 AM
1958B,N,V,04/03/2026 08:02:30 AM
198A,N,V,04/02/2026 10:32:27 PM
198B,N,V,04/02/2026 09:25:03 PM
199B,N,V,04/02/2026 10:32:27 PM
19A,N,O,04/02/2026 11:52:41 PM
19B,N,V,04/02/2026 11:52:49 PM
1A,N,V,04/02/2026 11:57:11 PM
1B,N,V,04/03/2026 12:00:01 AM
20000A,N,O,04/02/2026 07:26:26 PM
20000B,N,V,04/02/2026 03:04:28 PM
20001A,NU,O,04/02/2026 06:58:46 AM
20001B,NU,O,04/02/2026 02:59:34 PM
20002A,N,O,04/02/2026 07:59:02 PM
20002B,N,O,04/02/2026 06:57:46 AM
20003A,N,V,04/02/2026 07:58:04 PM
20003B,N,O,04/02/2026 07:59:40 PM
20004B,N,O,04/02/2026 07:59:52 PM
20005A,N,O,04/02/2026 05:21:35 PM
20005B,N,O,04/02/2026 12:41:54 PM
20006A,N,V,04/02/2026 07:23:58 PM
20006B,N,V,04/02/2026 07:59:05 PM
20007A,N,O,04/02/2026 07:52:24 PM
20007B,N,V,04/02/2026 07:58:47 PM
20008A,N,O,04/02/2026 07:55:19 PM
20008B,N,V,04/02/2026 06:12:03 PM
20009A,N,O,04/02/2026 03:08:18 PM
20009B,N,V,04/02/2026 06:59:48 PM
20010A,N,O,04/02/2026 07:04:16 PM
20010B,N,V,04/02/2026 07:59:48 PM
20011A,N,O,04/02/2026 06:15:04 PM
20011B,N,O,04/02/2026 07:58:22 PM
20012A,N,O,04/02/2026 10:38:16 PM
20012B,N,O,04/02/2026 11:22:24 PM
20013A,N,O,04/02/2026 11:24:28 PM
20013B,N,O,04/02/2026 09:51:22 PM
20014A,N,O,04/03/2026 07:56:56 AM
20014B,N,V,04/03/2026 08:07:39 AM
20015B,N,V,04/02/2026 12:39:48 PM
20017A,N,O,04/03/2026 08:04:48 AM
20017B,N,O,04/03/2026 07:57:48 AM
20020A,N,O,04/02/2026 06:31:34 PM
20020B,N,O,04/02/2026 07:49:42 PM
20021A,N,O,04/02/2026 07:08:23 PM
20021B,N,O,04/02/2026 06:27:43 PM
20022A,N,O,04/02/2026 05:57:59 PM
20022B,N,O,04/02/2026 07:02:22 PM
20023A,N,O,04/02/2026 07:20:59 PM
20023B,N,O,04/02/2026 05:01:02 PM
20024A,N,O,04/02/2026 03:39:11 PM
20029A,NU,V,04/02/2026 08:00:02 PM
20029B,NU,O,04/02/2026 05:44:26 PM
2002A,N,O,04/02/2026 11:32:55 PM
2002B,N,O,04/02/2026 10:40:41 PM
20030A,NU,O,04/02/2026 05:29:20 PM
20031A,NU,O,04/02/2026 04:02:20 PM
20031B,NU,O,04/02/2026 06:44:14 PM
20032A,NU,V,04/02/2026 06:21:52 PM
20032B,NU,O,04/02/2026 07:03:08 PM
20033A,NU,V,04/02/2026 07:31:07 PM
20033B,NU,V,04/02/2026 07:02:26 PM
20034A,NU,O,04/02/2026 06:09:58 PM
20034B,NU,V,04/02/2026 07:59:09 PM
20035A,NU,O,04/02/2026 06:22:54 PM
20035B,NU,V,04/02/2026 06:40:03 PM
20036A,NU,V,04/02/2026 07:55:36 PM
20036B,NU,V,04/02/2026 04:10:15 PM
20037A,NU,V,04/02/2026 07:32:41 PM
20037B,NU,O,04/02/2026 06:04:14 PM
20038A,NU,O,04/02/2026 07:58:04 PM
20039A,NU,V,04/02/2026 02:40:46 PM
20039B,NU,V,04/02/2026 04:30:02 PM
2003A,N,O,04/02/2026 08:09:52 PM
2003B,N,O,04/02/2026 10:07:23 PM
20040B,NU,O,04/02/2026 06:21:53 PM
20041A,NU,V,04/02/2026 07:37:39 PM
20041B,NU,V,04/02/2026 07:45:35 PM
20042A,NU,V,04/02/2026 07:37:55 PM
20042B,NU,V,04/02/2026 08:56:59 AM
20043A,NU,V,04/02/2026 07:59:22 PM
20043B,NU,V,04/02/2026 06:00:20 PM
20044A,NU,O,04/02/2026 07:56:34 PM
20044B,NU,V,04/02/2026 06:10:50 PM
20045A,NU,O,04/02/2026 07:32:53 PM
20045B,NU,O,04/02/2026 07:55:39 PM
20046B,NU,O,04/02/2026 07:58:38 PM
20047A,NU,O,04/02/2026 06:02:11 PM
20047B,NU,V,04/02/2026 07:07:56 PM
20048A,NU,V,04/02/2026 07:48:33 PM
20048B,NU,V,04/02/2026 02:48:11 PM
20049A,NU,V,04/02/2026 07:58:24 PM
20049B,NU,V,04/02/2026 07:59:00 PM
2004A,N,O,04/02/2026 11:54:13 PM
20050A,NU,O,04/02/2026 07:59:35 PM
20050B,NU,O,04/02/2026 06:02:33 PM
20051B,NU,O,04/02/2026 07:15:43 PM
20052A,NU,O,04/02/2026 07:22:05 PM
20052B,NU,V,08/24/2025 11:16:32 AM
20053A,NU,V,04/02/2026 07:58:11 PM
20053B,NU,O,04/01/2026 06:00:45 PM
20054A,N,V,04/02/2026 12:58:25 PM
20054B,N,O,04/02/2026 04:33:28 PM
20055A,N,O,04/02/2026 05:21:21 PM
20055B,N,O,04/02/2026 07:52:21 PM
20056A,N,O,04/02/2026 06:58:46 AM
20056B,N,V,04/02/2026 07:58:27 PM
20057A,N,V,09/09/2025 10:48:07 AM
20057B,N,O,04/02/2026 06:59:57 PM
20058A,N,V,04/02/2026 07:43:44 PM
20058B,N,O,04/02/2026 07:38:14 PM
20059A,N,O,04/02/2026 06:34:19 PM
20059B,N,O,04/02/2026 07:32:29 PM
2005A,N,O,04/02/2026 10:44:56 PM
2005B,N,O,04/02/2026 05:59:47 PM
20060A,N,O,04/02/2026 07:35:48 PM
20060B,N,O,04/02/2026 07:23:42 PM
20061A,N,O,04/02/2026 06:46:18 PM
20061B,N,O,04/02/2026 07:59:24 PM
20062A,N,O,04/02/2026 07:19:38 PM
20062B,N,O,04/02/2026 07:27:38 PM
20063A,N,V,04/02/2026 06:45:19 PM
20063B,N,O,04/02/2026 05:43:03 PM
20064A,N,O,04/02/2026 04:50:38 PM
20064B,N,O,04/02/2026 06:22:56 PM
20065A,N,O,04/02/2026 06:20:59 PM
20065B,N,O,04/02/2026 06:49:24 PM
20066A,N,V,04/02/2026 06:34:16 PM
20066B,N,V,04/02/2026 07:59:05 PM
20067A,N,O,04/02/2026 07:06:47 PM
20067B,N,V,04/02/2026 06:05:47 PM
20068A,N,V,04/02/2026 06:46:03 PM
20068B,N,O,04/02/2026 05:48:48 PM
20069A,N,O,04/02/2026 06:03:57 PM
20069B,N,O,04/02/2026 02:07:19 PM
2006A,N,O,04/02/2026 04:07:19 PM
2006B,N,O,04/02/2026 10:33:21 PM
20070A,N,O,04/02/2026 06:40:38 PM
20070B,N,V,04/02/2026 02:47:52 PM
20071A,N,V,04/02/2026 07:58:46 PM
20071B,N,V,04/02/2026 07:39:50 PM
20072A,N,O,04/02/2026 07:47:02 PM
20072B,N,O,04/02/2026 07:44:54 PM
20073A,N,O,04/02/2026 07:19:12 PM
20073B,N,O,04/02/2026 06:56:57 AM
20074A,N,O,04/02/2026 07:13:40 PM
20074B,N,V,04/02/2026 07:45:17 PM
20075A,N,O,04/02/2026 07:42:36 PM
20076A,N,O,04/02/2026 06:49:59 PM
20076B,N,O,04/02/2026 02:16:24 PM
20077B,N,V,04/02/2026 09:47:08 AM
20078A,N,O,04/02/2026 07:26:38 PM
20078B,N,O,04/02/2026 06:33:06 PM
20079A,N,O,04/02/2026 06:51:56 PM
20079B,N,O,04/02/2026 06:19:40 PM
20080A,N,O,04/02/2026 06:55:54 PM
20080B,N,O,04/02/2026 05:40:40 PM
20081A,N,O,04/02/2026 06:42:15 PM
20081B,N,O,04/02/2026 06:48:37 PM
20082A,N,V,04/02/2026 06:12:32 PM
20082B,N,O,04/02/2026 06:26:07 PM
20087A,N,O,04/02/2026 11:47:06 PM
20087B,N,O,04/02/2026 11:17:42 PM
20088A,N,O,04/02/2026 11:44:27 PM
20088B,N,O,04/02/2026 11:44:07 PM
20089A,N,O,04/02/2026 11:57:04 PM
20090A,N,O,04/02/2026 10:57:47 PM
20090B,N,O,04/02/2026 11:51:31 PM
20091A,N,O,04/02/2026 11:40:02 PM
20091B,N,O,04/02/2026 10:31:57 PM
20092A,N,O,04/02/2026 11:34:14 PM
20092B,N,O,04/02/2026 05:20:57 PM
20093A,N,O,04/02/2026 10:42:17 PM
20093B,N,O,04/02/2026 11:42:11 PM
20094A,N,O,04/02/2026 10:15:23 PM
20095A,N,O,04/02/2026 11:47:32 PM
20095B,N,O,04/02/2026 11:38:04 PM
20097A,N,O,04/02/2026 11:13:11 PM
20097B,N,O,04/02/2026 09:04:37 PM
20098A,N,O,04/02/2026 10:36:34 PM
20098B,N,O,04/02/2026 10:27:45 PM
20099A,N,O,04/02/2026 11:34:03 PM
20099B,N,O,04/02/2026 06:52:42 PM
200A,N,V,04/02/2026 11:42:54 PM
200B,NU,V,04/02/2026 11:53:08 PM
20100A,N,O,04/02/2026 07:50:08 PM
20100B,N,O,04/02/2026 11:08:05 PM
20101A,N,O,04/02/2026 11:02:51 PM
20101B,N,O,04/02/2026 10:30:44 PM
20102A,N,O,04/02/2026 09:51:58 PM
20102B,N,O,04/02/2026 11:16:58 PM
20103A,N,O,04/02/2026 02:02:12 PM
20104A,N,O,04/02/2026 11:53:03 PM
20104B,N,O,04/02/2026 06:38:43 PM
20105A,N,O,04/02/2026 11:38:48 PM
20105B,N,O,04/02/2026 11:46:31 PM
20109A,N,O,04/02/2026 09:05:45 PM
20109B,N,O,04/02/2026 06:52:15 PM
2010A,N,O,04/02/2026 10:50:22 PM
2010B,N,O,04/02/2026 11:54:23 PM
20110A,N,O,04/02/2026 08:15:53 PM
20110B,N,O,04/02/2026 07:35:07 PM
20111A,N,O,04/02/2026 11:49:38 PM
20111B,N,O,04/02/2026 11:03:55 PM
20112A,N,O,04/02/2026 10:11:15 PM
20112B,N,O,04/02/2026 10:45:21 PM
20115A,N,O,04/02/2026 07:00:01 AM
20115B,N,O,04/02/2026 10:08:45 PM
20116A,N,O,04/02/2026 08:46:45 PM
20116B,N,O,04/02/2026 11:56:24 PM
20117A,N,O,04/02/2026 11:42:59 PM
20117B,N,O,04/02/2026 09:35:13 PM
20118A,N,O,04/02/2026 09:34:24 AM
20118B,N,O,04/02/2026 10:11:49 PM
2013B,N,O,04/02/2026 07:50:12 PM
20141A,N,O,04/02/2026 11:58:18 PM
20141B,N,O,04/02/2026 11:50:52 PM
20142A,N,O,04/02/2026 11:28:38 PM
20142B,N,O,04/02/2026 03:40:59 PM
20143A,N,O,04/02/2026 11:57:52 PM
20143B,N,O,04/02/2026 11:43:27 PM
20144A,N,O,04/02/2026 08:42:57 PM
20144B,N,O,04/02/2026 09:57:10 PM
20145A,N,O,04/02/2026 06:13:13 PM
20145B,N,V,04/02/2026 10:54:27 PM
20146A,N,O,04/02/2026 05:56:18 PM
20146B,N,O,04/02/2026 05:57:38 PM
20147A,N,O,04/02/2026 06:57:47 AM
20147B,N,O,04/02/2026 10:45:55 PM
20148A,N,V,04/02/2026 11:59:03 PM
20148B,N,O,04/02/2026 03:54:25 PM
20149A,N,O,04/02/2026 11:30:17 PM
20149B,N,O,04/02/2026 07:54:44 PM
2014A,N,O,04/02/2026 10:56:36 PM
2014B,N,O,04/02/2026 04:04:26 PM
20150A,N,O,04/02/2026 10:59:03 PM
20150B,N,O,04/02/2026 08:25:20 PM
20154B,N,O,04/02/2026 09:23:44 PM
20155A,N,O,04/02/2026 06:59:43 AM
20155B,N,O,04/02/2026 10:29:18 PM
20158B,N,O,04/02/2026 06:56:50 AM
20159A,N,O,04/02/2026 06:31:55 PM
20159B,N,O,04/02/2026 06:00:09 PM
2015A,N,O,04/02/2026 09:54:07 PM
2015B,N,O,04/02/2026 08:25:28 PM
20160A,N,O,04/02/2026 10:28:58 PM
20160B,N,O,04/01/2026 02:19:45 PM
20161A,N,O,04/02/2026 10:09:04 PM
20161B,N,O,04/02/2026 11:22:40 PM
20168A,N,O,04/02/2026 05:38:05 PM
20168B,N,O,04/02/2026 12:08:13 PM
20170A,N,O,04/02/2026 06:59:50 AM
20170B,N,O,04/02/2026 11:53:52 PM
20171A,N,O,04/02/2026 10:41:31 PM
20171B,N,O,04/02/2026 10:03:15 PM
20177A,N,O,04/02/2026 11:03:17 PM
20177B,N,O,04/02/2026 10:36:17 PM
20178A,N,O,04/02/2026 10:12:08 PM
20178B,N,O,04/02/2026 09:55:00 PM
20179A,N,O,04/02/2026 11:08:04 PM
20179B,N,O,04/02/2026 07:33:27 PM
20180A,N,O,04/02/2026 10:14:04 PM
20183B,N,O,04/02/2026 08:58:46 PM
20184A,N,O,04/02/2026 11:33:39 PM
20184B,N,O,04/02/2026 05:57:56 PM
20186A,N,V,04/02/2026 11:59:53 PM
20186B,N,O,04/02/2026 11:22:20 PM
20187A,N,O,04/02/2026 09:03:47 PM
20187B,N,O,04/02/2026 10:37:21 PM
20190A,N,O,04/02/2026 11:59:57 PM
20190B,N,O,04/02/2026 10:36:23 PM
20191A,N,O,04/02/2026 11:44:46 PM
20191B,N,V,04/02/2026 11:59:26 PM
20192A,N,O,04/02/2026 10:31:04 PM
20192B,N,O,04/02/2026 05:41:09 PM
20193A,N,O,04/02/2026 07:09:23 PM
20193B,N,O,04/02/2026 08:30:22 PM
20194A,N,O,04/02/2026 10:05:12 PM
20194B,N,O,04/02/2026 06:55:52 AM
20195A,N,O,04/02/2026 11:12:44 PM
20195B,N,O,04/02/2026 11:18:25 PM
20196A,N,O,04/03/2026 08:02:24 AM
20196B,N,O,04/03/2026 07:58:50 AM
20197A,N,O,04/03/2026 07:57:50 AM
20197B,N,O,04/03/2026 07:57:46 AM
201B,N,V,04/02/2026 07:50:10 PM
20202B,N,O,04/03/2026 07:57:44 AM
20204A,N,O,04/02/2026 06:41:53 PM
20204B,N,O,04/02/2026 11:10:50 PM
20205A,N,V,04/03/2026 12:00:00 AM
20205B,N,O,04/02/2026 06:59:47 AM
20206A,N,O,04/02/2026 10:37:16 PM
20206B,N,O,04/02/2026 05:28:52 PM
20208A,N,O,04/02/2026 11:31:03 PM
20208B,N,O,04/02/2026 11:11:58 PM
20209A,NU,O,12/05/2025 06:55:56 AM
20209B,NU,O,12/05/2025 08:47:44 AM
20210A,N,O,04/02/2026 11:46:21 PM
20210B,N,O,04/02/2026 08:34:21 PM
20211A,N,O,04/02/2026 10:14:04 PM
20211B,N,O,04/02/2026 07:43:42 PM
20212A,N,O,04/02/2026 10:45:25 AM
20212B,N,O,04/02/2026 06:13:04 PM
20213A,N,O,04/02/2026 07:14:00 PM
20213B,N,V,04/02/2026 11:58:23 PM
20214A,N,O,04/02/2026 11:50:32 PM
20214B,N,O,04/02/2026 10:37:49 PM
20248A,N,O,04/02/2026 06:56:45 AM
20248B,N,V,04/02/2026 04:02:05 PM
20249A,N,O,04/02/2026 02:56:38 PM
20249B,N,O,04/02/2026 10:03:04 PM
20250A,N,O,04/02/2026 06:59:50 AM
20250B,N,O,04/02/2026 06:59:46 AM
20251A,N,O,04/02/2026 06:58:43 AM
20251B,N,V,04/02/2026 04:53:25 PM
20252A,N,O,04/02/2026 07:03:57 PM
20252B,N,O,04/02/2026 06:57:51 AM
20253A,N,O,04/02/2026 05:16:59 PM
20253B,N,O,04/02/2026 07:07:10 PM
20254A,N,O,04/02/2026 02:32:38 PM
20254B,N,O,04/02/2026 10:11:09 PM
20255A,N,O,04/02/2026 11:14:24 PM
20255B,N,O,04/02/2026 05:28:11 PM
20256A,N,O,04/02/2026 06:58:44 AM
20256B,N,V,04/02/2026 11:26:03 PM
20257A,N,O,04/02/2026 09:49:04 PM
20257B,N,O,04/02/2026 07:39:17 PM
20258A,N,O,04/02/2026 06:50:02 PM
20258B,N,O,04/02/2026 06:52:37 PM
20259B,N,O,04/02/2026 11:11:29 PM
2025A,N,O,04/02/2026 10:45:33 AM
2025B,N,O,04/02/2026 07:15:07 PM
20260A,N,O,04/02/2026 11:56:26 PM
20260B,N,O,04/02/2026 11:28:52 PM
20261A,N,V,04/02/2026 11:48:53 PM
20261B,N,V,04/02/2026 11:19:19 PM
20262A,N,V,04/02/2026 10:08:38 PM
20262B,N,O,04/02/2026 10:36:03 PM
20263A,N,V,04/02/2026 11:59:38 PM
20263B,N,V,04/02/2026 11:36:03 PM
20264A,N,V,04/02/2026 09:48:45 PM
20264B,N,O,04/02/2026 10:59:33 PM
20265A,N,V,04/02/2026 10:47:35 PM
20265B,N,V,04/02/2026 11:59:42 PM
20266A,N,O,04/02/2026 09:47:57 AM
20266B,N,O,04/02/2026 11:22:57 PM
20267A,N,O,04/02/2026 11:17:34 PM
20267B,N,O,04/02/2026 08:27:43 AM
20268A,N,O,04/02/2026 11:10:27 PM
20268B,N,O,04/02/2026 11:36:27 PM
20269A,N,O,04/02/2026 04:46:40 PM
20269B,N,O,04/02/2026 04:58:28 PM
20271B,N,O,04/02/2026 10:45:55 PM
20272A,N,O,04/02/2026 06:57:48 AM
20272B,N,O,04/02/2026 10:07:18 PM
20273A,N,O,04/02/2026 11:08:12 PM
20273B,N,O,04/02/2026 08:13:43 PM
20274A,N,O,04/02/2026 06:55:49 AM
20274B,N,O,04/02/2026 06:56:03 AM
20275A,N,O,04/02/2026 10:35:21 PM
20275B,N,O,04/02/2026 08:16:02 AM
20276A,N,O,04/02/2026 09:57:13 PM
20276B,N,O,04/02/2026 06:10:23 PM
20277A,N,O,04/02/2026 09:17:10 PM
20277B,N,V,04/02/2026 11:06:38 PM
20278A,N,V,04/02/2026 11:37:42 PM
20278B,N,O,04/02/2026 08:38:39 PM
20279A,N,O,04/02/2026 08:44:26 PM
20279B,N,O,04/02/2026 04:53:34 PM
2027A,N,O,04/02/2026 10:03:20 PM
2027B,N,O,04/02/2026 10:41:58 PM
20280A,N,O,04/02/2026 11:49:54 PM
20280B,N,O,04/01/2026 06:59:44 AM
20281A,N,O,04/02/2026 06:58:53 AM
20281B,N,O,04/02/2026 04:17:35 PM
20282A,N,O,04/02/2026 07:51:51 PM
20282B,N,O,04/02/2026 09:51:04 PM
20283A,N,O,04/02/2026 09:57:38 PM
20283B,N,O,04/02/2026 06:56:50 AM
20284A,N,O,04/02/2026 10:24:04 PM
20284B,N,O,04/02/2026 09:59:06 PM
20285A,N,V,04/02/2026 11:50:03 PM
20285B,N,O,04/02/2026 10:08:45 PM
20286A,N,O,04/02/2026 09:39:43 PM
20286B,N,O,04/02/2026 06:57:03 PM
20287A,N,O,04/02/2026 10:25:54 PM
20287B,N,O,04/02/2026 11:26:25 PM
20288A,N,O,04/02/2026 09:18:27 PM
20288B,N,O,04/02/2026 10:24:38 PM
2028A,N,V,04/02/2026 05:29:57 PM
2028B,N,O,04/02/2026 11:10:25 PM
20290A,N,O,04/02/2026 06:59:50 AM
20290B,N,O,04/02/2026 10:34:37 PM
20291A,N,O,04/02/2026 08:44:09 PM
20291B,N,O,04/02/2026 10:03:45 PM
20292A,N,O,04/02/2026 10:52:09 PM
20292B,N,O,04/02/2026 10:07:13 PM
20293A,N,O,04/02/2026 11:30:43 PM
20293B,N,O,04/02/2026 10:27:45 PM
20294A,N,O,04/02/2026 09:35:57 PM
20294B,N,O,04/02/2026 08:58:03 PM
202A,N,V,04/02/2026 10:30:46 PM
20305A,N,O,04/02/2026 02:44:31 PM
20305B,N,O,04/02/2026 11:15:02 PM
20306A,N,O,04/02/2026 06:07:35 PM
20306B,N,O,04/02/2026 09:21:03 PM
20307A,N,O,04/02/2026 07:54:49 PM
20307B,N,O,04/02/2026 06:44:03 PM
20308A,N,V,04/02/2026 11:40:53 PM
20308B,N,V,04/02/2026 06:58:09 PM
20309A,N,O,04/03/2026 07:52:43 AM
2030A,N,O,04/02/2026 06:59:46 AM
20310A,N,O,04/02/2026 08:03:21 AM
20310B,N,O,04/03/2026 06:59:49 AM
20311A,N,O,04/03/2026 06:58:47 AM
20311B,N,O,04/03/2026 07:57:43 AM
20312A,N,O,04/03/2026 06:57:55 AM
20312B,N,O,04/03/2026 06:57:55 AM
20313A,N,O,04/03/2026 06:56:46 AM
20313B,N,O,04/03/2026 06:56:46 AM
20314A,N,O,04/02/2026 11:37:36 PM
20314B,N,O,04/02/2026 11:57:12 PM
20315A,N,O,04/02/2026 11:54:04 PM
20315B,N,O,04/02/2026 11:57:00 PM
20316A,N,O,04/02/2026 11:36:30 PM
20316B,N,O,04/02/2026 10:50:56 PM
20317A,N,O,04/02/2026 11:04:14 PM
20317B,N,O,04/02/2026 10:06:41 PM
20318A,N,O,04/02/2026 11:40:21 PM
20318B,N,O,04/02/2026 02:36:47 PM
20319A,N,O,04/02/2026 11:36:46 PM
20319B,N,O,04/02/2026 11:55:32 PM
2031A,N,V,04/02/2026 11:59:47 PM
2031B,N,O,04/02/2026 11:59:51 PM
20320A,N,O,04/02/2026 11:22:50 PM
20320B,N,O,04/02/2026 11:00:02 PM
20321A,N,V,04/03/2026 12:00:04 AM
20321B,N,O,04/02/2026 11:02:09 PM
20322A,N,O,04/02/2026 11:30:33 PM
20322B,N,O,04/02/2026 11:33:24 PM
20323A,N,O,04/02/2026 11:39:02 PM
20323B,N,O,04/02/2026 11:16:50 PM
20324A,N,O,04/02/2026 11:07:25 PM
20324B,N,O,04/02/2026 11:40:40 PM
20325A,N,O,04/02/2026 11:08:06 PM
20325B,N,O,04/02/2026 11:31:31 PM
20326A,N,O,04/02/2026 10:58:47 PM
20326B,N,O,04/02/2026 11:50:29 PM
20327B,N,O,04/02/2026 11:28:42 PM
20328A,N,O,04/02/2026 11:42:24 PM
20328B,N,O,04/02/2026 11:29:28 PM
20329A,N,O,04/02/2026 03:31:48 PM
20329B,N,O,04/02/2026 10:46:02 PM
2032A,N,O,04/02/2026 06:32:54 PM
2032B,N,V,04/02/2026 11:46:07 PM
20330A,N,O,04/03/2026 07:59:52 AM
20330B,N,O,04/03/2026 08:02:28 AM
20331A,N,O,04/03/2026 07:59:02 AM
20331B,N,O,04/03/2026 07:58:55 AM
20332A,N,O,04/03/2026 07:57:50 AM
20332B,N,O,04/03/2026 07:57:50 AM
20333A,N,O,04/03/2026 07:56:52 AM
20333B,N,O,04/03/2026 07:56:56 AM
20334A,N,O,04/03/2026 07:55:51 AM
20334B,N,O,04/03/2026 07:55:48 AM
20335A,N,O,04/03/2026 07:59:52 AM
20335B,N,O,04/03/2026 07:59:59 AM
20336A,N,O,04/03/2026 07:58:49 AM
20336B,N,O,04/03/2026 07:59:01 AM
20337A,N,O,04/03/2026 07:57:49 AM
20337B,N,O,04/03/2026 07:57:49 AM
2033B,N,O,04/02/2026 11:28:24 PM
20343B,N,O,04/02/2026 11:33:16 PM
20344A,N,O,04/02/2026 11:24:13 PM
20344B,N,O,04/02/2026 09:19:50 PM
20345A,N,O,04/02/2026 10:34:32 PM
20345B,N,O,04/02/2026 10:36:04 PM
20346A,N,O,04/02/2026 09:12:53 PM
20346B,N,O,04/02/2026 09:26:48 PM
20347A,N,O,04/02/2026 11:27:31 PM
20347B,N,O,04/02/2026 11:33:55 PM
20348A,N,O,04/02/2026 11:33:52 PM
20348B,N,O,04/02/2026 11:34:40 PM
20349A,N,V,04/02/2026 11:58:17 PM
20349B,N,O,04/02/2026 11:43:05 PM
2034A,N,O,04/02/2026 10:00:04 PM
2034B,N,O,04/02/2026 08:58:21 PM
20350A,N,O,04/03/2026 12:00:02 AM
20350B,N,O,04/02/2026 10:07:32 PM
20351A,N,O,04/02/2026 11:20:31 PM
20351B,N,O,04/02/2026 11:29:29 PM
20352A,N,O,04/02/2026 11:54:15 PM
20352B,N,O,04/02/2026 11:36:30 PM
20353A,N,O,04/02/2026 11:42:59 PM
20353B,N,O,04/02/2026 11:45:11 PM
20354A,N,O,04/02/2026 10:09:06 PM
20354B,N,O,04/02/2026 11:12:00 PM
20355A,N,O,04/02/2026 11:43:59 PM
20355B,N,O,04/02/2026 10:42:36 PM
20356A,N,O,04/02/2026 03:49:19 PM
20356B,N,O,04/02/2026 05:07:14 PM
20357A,N,O,04/02/2026 11:09:26 PM
20357B,N,O,04/02/2026 06:39:23 PM
20358A,N,O,04/02/2026 11:18:13 PM
20358B,N,O,04/02/2026 06:37:43 PM
20359A,N,O,04/02/2026 07:39:46 PM
20359B,N,O,04/02/2026 06:24:41 PM
2035A,N,O,04/02/2026 10:58:57 PM
2035B,N,O,04/02/2026 11:21:26 PM
20369A,N,O,04/02/2026 10:48:34 PM
2036A,N,O,04/02/2026 11:56:26 PM
2036B,N,O,04/02/2026 08:17:09 PM
20373B,N,O,04/02/2026 09:43:57 PM
20374A,N,O,04/02/2026 09:36:23 PM
20374B,N,V,04/02/2026 10:41:30 PM
20375A,N,O,04/02/2026 10:05:14 PM
20375B,N,O,04/02/2026 11:02:46 PM
20376A,N,O,04/02/2026 10:32:18 PM
20376B,N,O,04/02/2026 09:58:23 PM
20377A,N,O,04/02/2026 10:53:03 PM
20377B,N,O,04/02/2026 11:54:32 PM
20378A,N,O,04/02/2026 11:15:16 PM
20378B,N,O,04/02/2026 10:38:04 PM
20379A,N,O,04/03/2026 12:00:00 AM
20379B,N,O,04/02/2026 09:15:53 PM
2037A,N,O,04/02/2026 06:58:14 AM
2037B,N,O,04/02/2026 11:24:28 PM
20380A,N,O,04/02/2026 11:52:43 PM
20380B,N,O,04/02/2026 11:13:26 PM
20381A,N,O,04/02/2026 07:26:42 PM
20381B,N,O,04/02/2026 09:46:11 PM
20382A,N,O,04/02/2026 09:23:23 PM
20382B,N,O,04/02/2026 10:33:30 PM
20385B,N,V,04/02/2026 07:54:34 PM
20386A,N,V,04/02/2026 03:26:55 PM
20386B,N,O,04/02/2026 06:32:06 PM
20387A,N,O,04/02/2026 04:02:22 PM
20387B,N,V,04/02/2026 12:54:09 PM
20388A,N,V,04/02/2026 06:49:42 PM
20388B,N,O,04/02/2026 07:09:26 PM
20389A,N,V,04/02/2026 04:02:59 PM
20389B,N,V,04/02/2026 07:29:29 PM
2038A,N,V,04/02/2026 11:54:02 PM
2038B,N,V,04/02/2026 11:46:35 PM
20390A,N,O,04/02/2026 07:56:53 PM
20390B,N,V,04/02/2026 05:47:24 PM
20391A,N,O,04/02/2026 07:59:57 PM
20391B,N,V,04/02/2026 06:26:49 PM
20392A,N,V,04/02/2026 06:15:10 PM
20392B,N,V,04/02/2026 07:00:14 PM
20393B,N,O,04/02/2026 10:11:15 AM
20394A,N,V,04/02/2026 07:54:50 PM
20394B,N,O,04/02/2026 07:04:25 PM
20395A,N,O,04/02/2026 07:59:04 PM
20395B,N,O,04/02/2026 05:38:28 PM
20396A,N,O,04/02/2026 07:41:17 PM
20396B,N,V,04/02/2026 03:13:20 PM
20397A,N,O,04/02/2026 07:33:25 PM
20397B,N,V,04/02/2026 04:27:41 PM
20398A,N,V,04/02/2026 07:57:58 PM
20399B,N,V,04/02/2026 07:59:49 PM
2039A,N,V,04/02/2026 11:34:12 PM
2039B,N,V,04/02/2026 11:37:00 PM
203A,N,O,04/02/2026 08:11:14 PM
203B,N,O,04/02/2026 10:59:14 PM
20400A,N,O,04/02/2026 05:49:37 PM
20400B,N,V,04/02/2026 07:45:15 PM
20401A,N,O,04/02/2026 07:37:43 PM
20401B,N,O,04/02/2026 06:46:41 PM
20402A,N,O,04/02/2026 05:15:33 PM
20402B,N,O,04/02/2026 07:34:44 PM
20403A,N,O,04/02/2026 04:43:47 PM
20403B,N,O,04/02/2026 06:13:31 PM
20404A,N,O,04/02/2026 03:21:56 PM
20405A,N,O,04/02/2026 06:59:30 PM
20405B,N,V,04/02/2026 10:49:17 AM
20406A,N,V,04/02/2026 07:33:29 PM
20406B,N,V,04/02/2026 07:09:19 PM
20407A,N,O,04/02/2026 06:02:32 PM
20407B,N,V,04/02/2026 03:43:38 PM
20408A,N,O,04/02/2026 04:27:02 PM
20409A,N,V,04/02/2026 04:58:51 PM
20409B,N,V,04/02/2026 04:40:22 PM
20410A,N,V,04/02/2026 03:53:30 PM
20410B,N,V,04/02/2026 07:56:35 PM
20411A,N,V,04/02/2026 03:35:35 PM
20411B,N,V,04/02/2026 06:28:11 PM
20412A,N,V,04/02/2026 07:01:37 PM
20412B,N,V,04/02/2026 07:00:54 PM
20413A,N,O,04/02/2026 06:43:45 PM
20413B,N,O,04/02/2026 11:34:05 PM
20414A,N,O,04/02/2026 09:50:33 PM
20415A,N,O,04/02/2026 03:42:59 PM
20415B,N,O,04/02/2026 06:02:20 PM
20416A,N,O,04/02/2026 07:49:59 PM
20416B,N,O,04/02/2026 07:33:42 PM
20417A,N,O,04/02/2026 07:41:44 PM
20418A,N,O,04/02/2026 06:23:48 PM
20418B,N,O,04/02/2026 06:56:41 PM
20419A,N,O,04/02/2026 07:00:23 PM
20419B,N,O,04/02/2026 06:54:15 PM
20420A,N,O,04/02/2026 07:35:14 PM
20420B,N,V,04/02/2026 07:26:30 PM
20421A,N,V,04/02/2026 07:58:00 PM
20422B,N,V,04/03/2026 07:45:00 AM
20423A,N,V,04/02/2026 04:32:01 PM
20423B,N,V,04/02/2026 06:28:25 PM
20424A,N,V,04/02/2026 06:29:28 PM
20424B,N,V,04/02/2026 05:57:42 PM
20425A,N,O,04/03/2026 08:17:30 AM
20425B,N,V,04/02/2026 07:44:28 PM
20426A,N,V,04/02/2026 01:46:29 PM
20426B,N,V,04/02/2026 07:28:37 PM
20427A,N,O,04/03/2026 06:58:01 AM
20428A,N,O,04/02/2026 05:32:10 PM
20428B,N,O,04/02/2026 05:41:44 PM
20429A,N,O,04/02/2026 05:50:32 PM
20429B,N,O,04/02/2026 07:07:54 PM
20430A,N,O,04/02/2026 09:57:48 PM
20430B,N,O,04/02/2026 07:34:17 PM
20431A,N,O,04/02/2026 10:38:04 AM
20431B,N,O,04/02/2026 10:31:38 PM
20432A,N,O,04/02/2026 06:30:36 PM
20432B,N,O,04/02/2026 03:04:17 PM
20433A,N,O,04/02/2026 10:59:38 PM
20433B,N,O,04/02/2026 11:03:05 PM
20434A,N,O,04/02/2026 10:52:24 PM
20434B,N,O,04/02/2026 10:28:44 PM
20437A,N,O,04/02/2026 09:12:44 PM
20437B,N,O,04/02/2026 07:57:44 AM
20438A,N,O,04/02/2026 07:10:11 PM
20438B,N,O,04/02/2026 10:52:29 PM
20439A,N,O,04/02/2026 08:02:15 PM
20439B,N,O,04/02/2026 08:35:57 PM
20440A,N,O,04/02/2026 05:57:39 PM
20440B,N,O,04/02/2026 07:40:27 PM
20441A,N,O,04/02/2026 10:55:05 PM
20441B,N,O,04/02/2026 05:54:32 PM
20442A,N,O,04/02/2026 10:36:45 PM
20442B,N,O,04/02/2026 11:59:21 PM
20443A,N,O,04/02/2026 09:15:29 PM
20443B,N,O,04/02/2026 07:50:03 PM
20444A,N,O,04/02/2026 08:53:49 PM
20444B,N,O,04/02/2026 08:19:10 PM
20445A,N,O,04/02/2026 07:46:58 PM
20445B,N,O,04/02/2026 10:13:00 PM
20446A,N,O,04/02/2026 11:10:03 PM
20446B,N,O,04/02/2026 11:31:32 PM
20447A,N,O,04/02/2026 10:59:24 PM
20447B,N,O,04/02/2026 07:43:03 PM
20448A,N,O,04/02/2026 11:34:58 PM
20448B,N,O,04/02/2026 10:43:26 PM
20449A,N,O,04/02/2026 07:06:31 PM
20449B,N,O,04/02/2026 10:17:11 PM
20450A,N,O,04/02/2026 07:58:53 PM
20450B,N,V,04/02/2026 07:21:19 PM
20451A,N,V,04/02/2026 06:36:28 PM
20451B,N,O,04/02/2026 06:37:44 PM
20452B,N,O,04/02/2026 05:30:21 PM
20453A,N,O,04/02/2026 04:16:55 PM
20453B,N,O,04/02/2026 07:27:48 PM
20497A,N,O,04/02/2026 05:45:16 PM
20497B,N,O,04/02/2026 06:06:33 PM
20498A,N,O,04/02/2026 10:37:49 AM
20498B,N,O,04/02/2026 06:13:51 PM
20499A,N,O,04/02/2026 07:33:36 PM
20499B,N,O,04/02/2026 07:34:18 PM
204A,N,O,04/02/2026 11:41:35 PM
204B,N,V,04/02/2026 11:06:00 PM
20500A,N,O,04/02/2026 07:56:59 PM
20500B,N,O,04/02/2026 02:31:04 PM
20501A,N,O,04/02/2026 07:04:48 PM
20501B,N,O,04/02/2026 07:23:10 PM
20506A,N,O,04/02/2026 07:47:18 PM
20506B,N,O,04/02/2026 06:57:56 PM
20507A,N,V,04/02/2026 04:15:30 PM
20507B,N,V,04/02/2026 05:59:28 PM
20508A,N,V,04/02/2026 06:45:00 PM
20508B,N,V,04/02/2026 05:38:25 PM
20509A,N,V,04/02/2026 07:00:42 PM
20509B,N,V,04/02/2026 07:00:54 PM
20510B,N,V,04/02/2026 07:07:15 PM
20511A,N,O,04/02/2026 05:31:11 PM
20511B,N,V,04/02/2026 06:23:03 PM
20512A,N,O,04/02/2026 07:53:52 PM
20512B,N,O,04/02/2026 06:16:28 PM
20513A,N,V,04/01/2026 07:59:03 PM
20513B,N,O,04/02/2026 07:45:03 PM
20514A,N,O,04/02/2026 07:55:54 PM
20515A,N,V,04/02/2026 05:12:27 PM
20515B,N,V,04/02/2026 05:32:35 PM
20516A,N,V,04/02/2026 07:07:18 PM
20516B,N,V,04/02/2026 07:10:32 PM
20517B,N,O,04/02/2026 07:44:50 PM
2053A,N,O,04/02/2026 11:12:35 PM
2053B,N,O,04/02/2026 10:12:38 PM
20545A,N,V,04/02/2026 01:42:01 PM
20545B,N,V,04/02/2026 05:20:25 PM
20546B,N,V,04/02/2026 10:43:30 PM
2054A,N,O,04/02/2026 12:55:20 PM
2054B,N,O,04/02/2026 09:15:29 PM
20550A,N,O,04/02/2026 11:48:30 PM
20550B,N,V,04/02/2026 08:21:25 PM
20551A,N,V,04/02/2026 11:36:17 PM
20551B,N,V,04/02/2026 11:14:03 PM
20552A,N,O,04/02/2026 11:14:20 PM
20562A,N,V,04/02/2026 07:20:17 PM
20562B,N,O,04/02/2026 05:11:57 PM
20563A,N,O,04/02/2026 11:57:32 PM
20563B,N,O,04/02/2026 07:37:12 PM
20564A,N,O,04/02/2026 06:51:27 PM
20564B,N,O,04/02/2026 06:04:58 PM
20565A,N,O,04/02/2026 08:54:21 PM
20565B,N,O,04/02/2026 08:32:43 PM
20566A,N,O,04/02/2026 07:33:31 PM
20566B,N,O,04/02/2026 08:10:36 PM
20567A,N,O,04/02/2026 09:50:27 PM
20567B,N,O,04/02/2026 06:39:59 PM
20570A,N,O,04/03/2026 08:08:20 AM
20570B,N,O,04/03/2026 07:03:38 AM
20571A,N,V,04/03/2026 08:08:23 AM
20571B,N,O,04/02/2026 07:09:25 PM
20572A,N,O,04/03/2026 08:14:31 AM
20572B,N,V,04/03/2026 08:10:07 AM
20573A,N,O,04/03/2026 08:15:36 AM
20573B,N,V,04/03/2026 08:17:23 AM
20574A,N,V,04/03/2026 08:00:42 AM
20574B,N,O,04/03/2026 06:55:52 AM
20575A,N,V,04/03/2026 08:02:03 AM
20575B,N,O,04/02/2026 03:19:45 PM
20576A,N,O,04/03/2026 06:58:53 AM
20576B,N,O,04/03/2026 06:58:46 AM
20577A,N,V,04/03/2026 07:37:22 AM
20577B,N,V,04/03/2026 08:05:14 AM
20591A,N,O,04/03/2026 07:58:50 AM
20591B,N,V,04/03/2026 08:16:24 AM
20592A,N,O,04/03/2026 07:57:44 AM
20592B,N,O,04/03/2026 07:57:40 AM
20593A,N,O,04/03/2026 07:57:01 AM
20593B,N,O,04/03/2026 07:56:54 AM
20594B,N,O,04/03/2026 07:55:54 AM
20595A,N,O,04/02/2026 07:32:53 PM
20595B,N,O,04/02/2026 07:32:13 PM
20596A,N,O,04/03/2026 07:58:46 AM
20596B,N,V,04/03/2026 08:17:39 AM
20597A,N,O,04/03/2026 07:57:45 AM
20597B,N,O,04/02/2026 07:57:51 AM
20598A,N,O,04/03/2026 07:56:49 AM
20598B,N,V,04/03/2026 08:15:41 AM
205A,N,O,04/02/2026 10:15:10 PM
205B,N,O,04/02/2026 09:18:42 PM
20601B,N,O,04/02/2026 09:41:22 PM
20602A,N,V,04/02/2026 11:54:22 PM
20602B,N,O,04/02/2026 09:53:13 PM
20604A,N,O,04/02/2026 11:58:52 PM
20604B,N,O,04/02/2026 05:51:04 PM
20605A,N,O,04/02/2026 09:44:23 PM
20605B,N,O,04/02/2026 08:06:09 PM
20606A,N,O,04/02/2026 04:52:24 PM
20606B,N,O,04/02/2026 10:33:49 PM
20607A,N,O,04/02/2026 05:29:59 PM
20607B,N,O,04/02/2026 04:56:25 PM
20608A,N,V,04/02/2026 11:36:42 PM
20608B,N,V,04/02/2026 07:53:52 PM
20609A,N,O,04/02/2026 07:24:59 PM
20609B,N,O,04/02/2026 07:56:03 PM
20610A,NU,O,04/02/2026 06:12:18 PM
20610B,NU,O,04/02/2026 05:46:39 PM
20611A,N,O,04/02/2026 03:55:45 PM
20611B,N,V,04/02/2026 10:44:25 AM
20612A,N,O,04/02/2026 02:05:22 PM
20612B,N,O,04/02/2026 06:58:05 AM
20613A,N,O,04/02/2026 10:00:19 AM
20613B,N,O,04/02/2026 08:20:46 PM
20614A,N,O,04/02/2026 10:39:04 PM
20614B,N,O,04/02/2026 11:37:55 PM
20618A,N,O,04/02/2026 07:02:25 PM
20619A,N,O,04/02/2026 06:55:43 AM
20619B,N,O,04/02/2026 08:07:15 PM
20620A,N,O,04/02/2026 05:43:15 PM
20620B,N,O,04/02/2026 05:33:31 PM
20621A,N,O,04/02/2026 07:01:45 PM
20621B,N,O,04/01/2026 06:58:50 AM
20631A,N,O,04/02/2026 06:54:30 PM
20631B,N,O,04/02/2026 07:21:22 PM
20632A,N,O,04/02/2026 07:13:45 PM
20632B,N,O,04/02/2026 02:25:11 PM
20633A,N,O,04/02/2026 06:18:43 PM
20633B,N,O,04/02/2026 10:37:23 AM
20634A,N,O,04/02/2026 06:11:06 PM
20634B,N,O,04/02/2026 07:31:45 PM
20635A,N,O,04/02/2026 06:59:48 AM
20635B,N,O,04/02/2026 05:53:15 PM
20636A,N,O,04/02/2026 10:41:53 AM
20636B,N,O,04/02/2026 07:33:40 PM
20637A,N,O,04/02/2026 06:54:58 PM
20637B,N,O,04/02/2026 06:10:18 PM
20638A,N,V,04/02/2026 05:16:04 PM
20638B,N,O,04/02/2026 05:18:02 PM
20639A,N,O,04/02/2026 03:57:38 PM
20639B,N,O,04/02/2026 03:48:56 PM
2063A,N,O,04/02/2026 08:18:54 PM
2063B,N,O,04/02/2026 10:55:47 PM
20640A,N,O,04/02/2026 05:18:32 PM
20640B,N,O,04/02/2026 05:04:30 PM
20641A,N,O,04/02/2026 01:47:59 PM
20641B,N,O,04/02/2026 03:01:55 PM
20642A,N,O,04/02/2026 05:53:35 PM
20642B,N,O,04/02/2026 07:32:15 PM
20643A,N,O,04/02/2026 12:49:03 PM
20643B,N,O,04/02/2026 07:24:30 PM
2064B,N,O,04/02/2026 09:20:25 PM
20651A,N,O,04/02/2026 08:57:07 PM
20651B,N,O,04/02/2026 06:58:53 AM
20652A,N,O,04/02/2026 06:57:47 AM
20652B,N,O,04/02/2026 06:57:47 AM
20653A,N,O,04/02/2026 06:24:42 PM
20653B,N,O,04/02/2026 06:59:35 PM
20654A,N,O,04/02/2026 06:56:02 AM
20654B,N,O,04/02/2026 09:39:51 AM
20658A,N,O,04/03/2026 07:56:48 AM
20658B,N,O,04/03/2026 07:56:57 AM
20659B,N,O,04/03/2026 07:55:53 AM
2065A,N,O,04/02/2026 11:56:21 PM
20661A,N,O,04/03/2026 07:58:47 AM
20661B,N,O,04/03/2026 07:58:47 AM
20663A,N,O,04/03/2026 07:56:51 AM
20663B,N,O,04/03/2026 07:56:51 AM
20664B,N,O,04/03/2026 07:55:49 AM
20665A,N,O,04/03/2026 08:10:43 AM
20666A,N,O,04/03/2026 07:58:40 AM
20666B,N,O,04/03/2026 07:58:40 AM
20667A,N,O,04/03/2026 08:04:36 AM
20667B,N,V,04/03/2026 08:13:44 AM
2066A,N,O,04/02/2026 09:10:03 PM
2066B,N,O,04/02/2026 11:20:15 PM
20672A,N,V,07/13/2025 10:00:25 AM
20672B,N,O,04/02/2026 10:58:21 PM
20673A,N,O,04/02/2026 09:49:37 PM
20673B,N,O,04/02/2026 08:46:37 PM
20674A,N,O,04/02/2026 06:01:17 PM
20674B,N,O,04/02/2026 06:56:13 PM
20675A,N,O,04/02/2026 11:33:27 PM
20675B,N,O,04/02/2026 05:15:47 PM
20676A,N,O,04/02/2026 06:49:45 PM
20676B,N,O,04/02/2026 11:21:32 PM
20677A,N,O,04/02/2026 07:46:04 PM
20677B,N,O,04/02/2026 11:28:07 PM
20678A,N,O,04/02/2026 09:55:13 PM
20678B,N,O,04/02/2026 07:34:30 PM
20679A,N,O,04/03/2026 07:55:45 AM
20679B,N,O,04/03/2026 07:55:45 AM
2067A,N,O,04/02/2026 06:47:38 PM
2067B,N,O,04/02/2026 10:05:30 PM
20680A,N,O,04/03/2026 08:14:42 AM
20680B,N,V,04/03/2026 08:12:33 AM
20681A,N,O,04/03/2026 07:58:49 AM
20681B,N,O,04/03/2026 07:58:53 AM
20682B,N,O,04/02/2026 04:06:54 PM
20683A,N,O,04/02/2026 09:45:00 PM
20683B,N,O,04/02/2026 08:12:07 PM
20684A,N,O,04/02/2026 08:59:26 PM
20684B,N,V,04/02/2026 09:05:37 PM
20685A,N,V,04/02/2026 11:48:50 PM
20685B,N,O,04/02/2026 06:56:21 PM
20686A,N,O,04/02/2026 11:56:31 PM
20686B,N,O,04/02/2026 10:50:24 PM
20687A,N,O,04/02/2026 11:59:46 PM
20687B,N,O,04/02/2026 11:29:57 PM
20688A,N,O,04/02/2026 08:18:37 PM
20688B,N,O,04/02/2026 10:52:51 PM
20689A,N,O,04/03/2026 07:55:47 AM
2068A,N,O,04/02/2026 11:47:18 PM
2068B,N,O,04/02/2026 09:46:06 PM
20690A,N,O,04/03/2026 07:59:55 AM
20690B,N,O,04/03/2026 07:59:46 AM
20691A,N,O,04/03/2026 07:58:52 AM
20691B,N,O,04/03/2026 07:58:56 AM
20692A,N,O,04/03/2026 07:57:52 AM
20692B,N,O,04/03/2026 08:08:30 AM
20693B,N,O,04/02/2026 11:17:32 PM
20694A,N,O,04/02/2026 08:23:31 PM
20694B,N,O,04/02/2026 07:24:36 PM
20695A,N,O,04/02/2026 10:28:38 PM
20695B,N,O,04/02/2026 10:19:53 PM
20696A,N,O,04/02/2026 04:07:55 PM
20696B,N,O,04/02/2026 06:58:50 AM
20697A,N,O,04/02/2026 06:57:43 AM
20697B,N,O,04/02/2026 06:57:51 AM
20698A,N,O,04/02/2026 06:56:53 AM
20698B,N,O,04/02/2026 11:54:56 PM
2069A,N,O,04/02/2026 09:39:18 PM
2070A,N,V,04/02/2026 10:19:19 PM
2070B,N,V,04/02/2026 10:28:14 PM
2071A,N,O,04/02/2026 11:48:17 PM
2071B,N,V,04/02/2026 10:38:33 PM
2072A,N,O,04/02/2026 09:14:29 PM
2072B,N,O,04/02/2026 06:25:45 PM
2073A,N,O,04/02/2026 05:47:15 PM
2073B,N,V,04/02/2026 11:44:18 PM
20745A,N,O,04/02/2026 06:22:55 PM
20745B,N,O,04/02/2026 06:26:26 PM
20746A,N,O,04/02/2026 06:03:56 PM
20746B,N,O,04/02/2026 07:00:49 PM
20748A,N,O,04/03/2026 08:12:18 AM
20748B,N,V,04/03/2026 08:17:18 AM
20749A,N,O,04/03/2026 08:02:23 AM
20749B,N,O,04/03/2026 08:02:55 AM
2074A,N,O,04/02/2026 04:39:17 PM
20750A,N,O,04/03/2026 08:14:17 AM
20750B,N,O,04/03/2026 07:59:52 AM
20751A,N,O,04/02/2026 09:43:04 PM
20752A,N,O,04/02/2026 06:39:48 PM
20752B,N,O,04/02/2026 08:09:06 PM
20755A,N,O,04/02/2026 09:18:20 PM
20756A,N,O,04/02/2026 09:15:39 PM
20756B,N,O,04/02/2026 11:05:44 PM
20757A,N,O,04/02/2026 05:13:40 PM
20758A,N,O,04/02/2026 07:08:49 PM
20758B,N,O,04/02/2026 10:47:59 PM
20759A,N,V,04/02/2026 11:54:25 PM
20759B,N,O,04/02/2026 11:18:07 PM
2075A,N,O,04/02/2026 11:13:48 PM
2075B,N,V,04/02/2026 10:59:17 PM
20760A,N,O,04/02/2026 11:29:45 AM
20760B,N,O,04/02/2026 11:17:26 PM
20763A,N,O,04/02/2026 10:50:22 PM
20763B,N,O,04/02/2026 08:01:06 PM
20764A,N,O,04/02/2026 10:16:48 PM
20764B,N,O,04/02/2026 09:32:42 PM
20765A,N,O,04/02/2026 05:58:33 PM
20765B,N,O,04/02/2026 06:55:42 PM
20766A,N,O,04/02/2026 09:35:13 PM
20766B,N,O,04/02/2026 09:50:27 PM
20767A,N,O,04/02/2026 09:07:02 PM
20767B,N,O,04/02/2026 11:33:27 PM
20768A,N,O,04/02/2026 10:40:51 PM
20768B,N,O,04/02/2026 10:29:20 PM
20769A,N,O,04/02/2026 09:37:58 PM
20769B,N,O,04/02/2026 08:25:52 AM
2076A,N,O,04/02/2026 06:20:46 PM
2076B,N,O,04/02/2026 11:43:19 PM
20777A,N,O,04/02/2026 09:42:06 PM
20778A,N,O,04/02/2026 09:47:23 PM
20778B,N,O,04/02/2026 10:36:27 PM
20779A,N,O,04/02/2026 05:51:56 PM
20779B,N,O,04/02/2026 10:42:16 PM
2077A,N,O,04/02/2026 11:57:03 PM
2077B,N,O,04/02/2026 11:10:09 PM
20780A,N,O,04/02/2026 10:35:08 PM
20780B,N,O,04/02/2026 08:07:05 PM
20781A,N,O,04/02/2026 11:11:20 PM
20781B,N,O,04/02/2026 10:25:13 PM
20782A,N,O,04/02/2026 10:23:49 PM
20782B,N,O,04/02/2026 09:21:06 PM
20784A,N,O,04/02/2026 08:52:13 PM
20784B,N,O,04/02/2026 09:05:00 PM
20787A,N,O,04/03/2026 07:57:52 AM
20788A,N,O,04/03/2026 07:56:56 AM
20788B,N,O,04/03/2026 07:56:48 AM
20789A,N,O,10/19/2025 12:18:34 PM
20789B,N,O,09/24/2025 08:46:47 AM
20790A,N,O,04/03/2026 07:59:51 AM
20790B,N,O,04/03/2026 08:04:06 AM
20791A,N,O,04/03/2026 07:58:45 AM
20791B,N,O,04/03/2026 07:59:19 AM
20792A,N,O,04/03/2026 07:57:51 AM
20792B,N,O,04/02/2026 05:44:41 PM
20793A,N,O,04/03/2026 07:56:51 AM
20793B,N,O,04/03/2026 07:56:47 AM
20795B,N,O,04/03/2026 07:59:48 AM
20796A,N,O,04/03/2026 07:58:53 AM
20796B,N,O,04/03/2026 07:58:49 AM
207A,N,V,04/02/2026 11:53:48 PM
207B,N,V,04/02/2026 11:55:40 PM
20801B,N,O,04/02/2026 03:01:10 PM
20802A,N,O,04/02/2026 08:21:28 PM
20802B,N,O,04/02/2026 12:47:05 PM
20803A,N,O,04/02/2026 10:56:59 PM
20803B,N,O,04/02/2026 09:06:16 PM
20804A,N,O,04/02/2026 06:32:52 PM
20804B,N,O,04/02/2026 10:47:19 PM
20805A,N,O,04/02/2026 11:47:10 PM
20805B,N,O,04/02/2026 10:58:42 PM
20806A,NU,O,04/02/2026 09:30:36 PM
20806B,NU,O,04/02/2026 09:10:03 PM
20807A,N,O,04/02/2026 09:09:46 PM
20807B,N,O,04/02/2026 06:14:28 PM
20809A,N,O,04/02/2026 07:55:59 AM
20809B,N,O,04/02/2026 07:55:51 AM
20810A,N,O,04/02/2026 06:28:22 PM
20810B,N,O,04/02/2026 02:59:46 PM
20811A,N,O,04/02/2026 05:33:34 PM
20811B,N,O,04/02/2026 04:08:02 PM
20812A,N,O,04/02/2026 06:20:09 PM
20812B,N,O,04/02/2026 08:02:04 PM
20813A,N,O,04/02/2026 11:50:26 PM
20813B,N,O,04/02/2026 09:23:57 PM
20814A,N,O,04/02/2026 06:52:04 PM
20814B,N,O,04/02/2026 11:32:12 PM
20815A,N,O,04/02/2026 02:47:35 PM
20815B,N,O,04/02/2026 08:46:32 PM
20816B,N,O,04/02/2026 07:42:35 PM
20817B,N,O,04/02/2026 11:03:53 AM
20818A,N,O,04/02/2026 06:56:51 AM
20818B,N,O,04/02/2026 03:33:45 PM
20819A,N,O,04/02/2026 09:43:27 PM
20819B,N,V,04/02/2026 11:59:07 PM
20820A,N,O,04/02/2026 07:15:46 PM
20820B,N,V,04/02/2026 04:59:12 PM
20821A,N,O,04/03/2026 08:08:14 AM
20821B,N,V,04/03/2026 08:13:40 AM
20822A,N,O,04/03/2026 08:05:21 AM
20822B,N,V,04/03/2026 08:03:10 AM
20823A,N,O,04/02/2026 09:56:47 PM
20823B,N,O,04/02/2026 11:22:08 PM
20824A,N,O,04/02/2026 10:23:13 PM
20824B,N,O,04/02/2026 06:31:42 PM
20825A,N,O,04/02/2026 06:59:50 AM
20825B,N,O,04/02/2026 11:59:51 PM
20826A,N,O,04/01/2026 06:58:53 AM
20826B,N,O,04/02/2026 12:55:18 PM
20827A,N,O,04/02/2026 03:33:30 PM
20827B,N,O,04/02/2026 03:36:15 PM
20828A,N,O,04/02/2026 07:01:14 PM
20828B,N,O,04/02/2026 07:18:31 PM
20829B,N,O,04/02/2026 10:04:34 PM
20830A,N,O,04/02/2026 06:51:57 PM
20830B,N,O,04/02/2026 04:55:25 PM
20831A,N,O,04/02/2026 09:38:39 PM
20831B,N,O,04/02/2026 04:45:58 PM
20833A,N,O,04/02/2026 06:39:03 PM
20833B,N,O,04/02/2026 03:24:28 PM
20834A,N,O,04/02/2026 10:36:20 PM
20834B,N,O,04/02/2026 05:46:51 PM
20835A,N,O,04/02/2026 06:11:27 PM
20835B,N,O,04/02/2026 11:43:19 PM
20836A,N,O,04/02/2026 07:06:14 PM
20836B,N,O,04/02/2026 08:36:05 PM
20837A,N,O,04/02/2026 09:41:23 PM
20837B,N,O,04/02/2026 06:22:15 PM
20838A,N,O,04/02/2026 07:03:39 PM
20838B,N,O,04/02/2026 10:30:36 PM
20839A,N,O,04/02/2026 07:03:49 PM
20839B,N,O,04/02/2026 10:42:55 PM
2083A,N,O,04/02/2026 09:22:44 PM
2083B,N,O,04/02/2026 09:21:37 PM
20840A,NU,O,04/02/2026 09:13:22 PM
20840B,NU,O,04/02/2026 06:58:40 PM
20841A,N,O,04/02/2026 09:32:57 PM
20841B,N,O,04/02/2026 10:28:43 PM
20842A,N,O,04/02/2026 08:27:30 PM
20843A,N,O,04/02/2026 06:39:43 PM
20843B,N,O,04/02/2026 06:39:54 PM
20844A,N,O,04/02/2026 04:39:52 PM
20844B,N,O,04/02/2026 11:46:29 PM
20845A,N,O,04/02/2026 09:45:18 PM
20845B,N,O,04/02/2026 07:15:27 PM
20846A,N,O,04/02/2026 11:50:42 PM
2084A,N,O,04/02/2026 11:41:56 PM
2084B,N,O,04/02/2026 11:44:51 PM
20851A,N,O,04/02/2026 11:32:43 PM
20851B,N,V,04/02/2026 11:38:11 PM
20852A,N,V,04/02/2026 05:15:56 PM
20852B,N,O,04/02/2026 08:06:41 PM
20853A,N,V,04/02/2026 11:59:59 PM
20853B,N,O,04/02/2026 05:23:46 PM
20854A,N,O,04/02/2026 09:16:13 PM
20854B,N,O,04/02/2026 11:21:55 PM
20855A,N,O,04/02/2026 06:59:45 AM
20855B,N,O,04/02/2026 06:40:40 PM
20856A,N,O,04/02/2026 08:29:57 PM
20856B,N,O,04/02/2026 02:55:26 PM
20857A,N,O,04/02/2026 09:32:50 PM
20857B,N,O,04/02/2026 09:32:54 PM
20858A,N,O,04/02/2026 09:29:40 PM
20858B,N,O,04/02/2026 08:41:33 PM
20859A,N,O,04/02/2026 10:24:40 PM
20859B,N,O,04/02/2026 06:55:56 AM
20860B,N,O,04/02/2026 10:24:26 PM
20861A,N,O,04/02/2026 06:58:44 AM
20861B,N,O,04/02/2026 10:18:39 PM
20862A,N,O,04/02/2026 06:57:44 AM
20862B,N,V,04/02/2026 11:28:56 PM
20863A,N,V,04/02/2026 11:47:22 PM
20863B,N,V,04/02/2026 11:53:03 PM
20864A,N,O,04/02/2026 06:55:47 AM
20864B,N,V,04/02/2026 11:57:24 PM
20865A,N,O,04/02/2026 06:59:49 AM
20865B,N,V,04/02/2026 11:32:12 PM
20866A,N,O,04/02/2026 06:58:48 AM
20866B,N,V,04/02/2026 10:08:32 PM
20867A,N,O,04/02/2026 04:20:54 PM
20867B,N,V,04/02/2026 11:47:46 PM
20868A,N,O,04/02/2026 06:56:50 AM
20868B,N,O,04/02/2026 11:46:09 PM
20869A,N,O,04/02/2026 08:23:22 PM
20869B,N,O,04/02/2026 09:06:47 PM
2086A,N,O,04/02/2026 11:47:47 PM
20870B,N,O,04/02/2026 10:34:17 PM
20871A,N,O,04/02/2026 08:45:22 PM
20871B,N,O,04/02/2026 10:09:27 PM
20872A,N,O,04/02/2026 08:43:10 PM
20872B,N,O,04/02/2026 08:38:42 PM
20873A,N,O,04/02/2026 11:15:06 PM
20873B,N,O,04/02/2026 11:06:10 PM
20874A,N,O,04/02/2026 06:55:46 AM
20876A,N,O,04/02/2026 04:08:54 PM
20876B,N,O,04/02/2026 07:17:22 PM
20877A,N,V,04/02/2026 11:58:11 PM
20877B,N,O,04/02/2026 07:56:02 PM
20878A,N,O,04/02/2026 09:52:34 PM
20878B,N,O,04/02/2026 06:42:19 PM
20879A,N,O,04/02/2026 10:39:37 PM
20879B,N,O,04/02/2026 08:27:25 PM
2087A,N,O,04/02/2026 10:23:15 PM
20880A,N,O,04/02/2026 08:07:29 PM
20880B,N,O,04/02/2026 07:27:36 PM
20882A,N,O,04/02/2026 09:03:17 AM
20882B,N,O,04/02/2026 09:37:46 PM
20883A,N,O,04/02/2026 11:50:46 PM
20883B,N,O,04/02/2026 05:33:37 PM
20884A,N,O,04/02/2026 06:35:00 PM
20885A,N,O,04/02/2026 08:55:24 PM
20885B,N,O,04/02/2026 06:10:07 PM
20886A,N,O,04/02/2026 08:55:19 PM
20886B,N,O,04/02/2026 08:55:46 PM
20887A,N,O,04/02/2026 11:24:00 PM
20887B,N,O,04/02/2026 08:28:40 PM
20888A,N,O,04/02/2026 10:22:36 PM
20888B,N,O,04/02/2026 07:39:39 PM
20889A,N,O,04/02/2026 06:55:53 AM
20889B,N,O,04/02/2026 05:30:15 PM
2088A,N,O,04/02/2026 07:08:09 PM
2089A,N,O,04/02/2026 10:53:43 PM
2089B,N,O,04/02/2026 10:18:57 PM
208A,N,V,04/02/2026 10:43:32 PM
208B,N,O,04/02/2026 11:57:44 PM
20907A,N,O,04/02/2026 10:56:15 PM
20907B,N,O,04/02/2026 10:56:51 PM
20908A,N,O,04/02/2026 08:47:02 PM
20908B,N,O,04/02/2026 10:28:39 PM
20909A,N,O,04/02/2026 09:18:44 PM
20909B,N,O,04/02/2026 08:26:49 PM
2090A,N,V,04/02/2026 11:30:56 PM
2090B,N,O,04/02/2026 10:37:02 PM
20910B,N,O,04/02/2026 11:01:12 PM
20919A,N,O,04/02/2026 06:51:20 PM
2091A,N,O,04/02/2026 11:20:17 PM
2091B,N,O,04/02/2026 11:39:31 PM
20920A,N,O,04/02/2026 07:45:32 PM
20920B,N,O,04/02/2026 07:04:18 PM
20921A,N,O,04/02/2026 11:06:03 PM
20921B,N,O,04/02/2026 10:54:43 PM
20922A,N,O,04/02/2026 12:11:35 PM
20922B,N,O,04/02/2026 01:52:17 PM
20923A,N,O,04/02/2026 03:49:56 PM
20923B,N,O,04/02/2026 06:56:51 AM
2092A,N,V,04/02/2026 11:17:42 PM
2092B,N,O,04/02/2026 08:48:28 PM
20931A,N,O,04/02/2026 11:09:04 PM
20931B,N,V,04/02/2026 11:56:38 PM
20932A,NU,V,04/02/2026 07:43:44 PM
20932B,NU,O,04/02/2026 12:09:29 PM
20934A,N,O,04/02/2026 07:58:43 PM
20934B,N,V,04/02/2026 08:05:59 PM
20935A,N,O,04/02/2026 11:52:04 PM
20935B,N,O,04/02/2026 07:08:05 PM
20936A,N,O,10/13/2025 09:42:41 AM
20937A,N,O,04/03/2026 07:57:51 AM
20937B,N,O,04/03/2026 07:57:47 AM
20938A,N,O,04/03/2026 07:56:47 AM
20938B,N,O,04/02/2026 07:56:45 AM
20939A,N,O,04/03/2026 07:55:53 AM
20940B,N,O,04/03/2026 07:59:47 AM
20941A,N,O,04/03/2026 07:58:56 AM
20941B,N,O,04/03/2026 07:58:47 AM
20942A,N,O,04/03/2026 07:57:45 AM
20942B,N,O,04/03/2026 07:57:45 AM
20943A,N,O,03/31/2026 07:57:10 AM
20943B,N,O,04/03/2026 07:56:50 AM
20944A,N,O,04/03/2026 07:55:51 AM
20944B,N,O,04/03/2026 07:55:51 AM
20957A,N,O,04/02/2026 05:08:40 PM
20958A,N,O,04/02/2026 08:16:12 PM
20958B,N,O,04/02/2026 07:03:58 PM
20959A,N,O,04/02/2026 06:36:22 PM
20959B,N,O,04/02/2026 05:42:07 PM
20960A,N,O,04/02/2026 08:54:29 PM
20960B,N,O,04/02/2026 06:47:51 PM
20961A,N,O,04/02/2026 08:00:02 PM
20961B,N,O,04/02/2026 05:56:05 PM
20962A,N,O,04/02/2026 07:15:49 PM
20962B,N,O,04/02/2026 07:32:33 PM
20963A,N,V,04/02/2026 11:59:24 PM
20963B,N,O,04/02/2026 08:43:54 PM
20964A,N,O,04/02/2026 08:50:22 AM
20966A,N,O,04/02/2026 04:45:14 PM
20966B,N,O,04/02/2026 11:40:42 PM
20967A,N,O,04/02/2026 02:39:37 PM
20967B,N,O,04/02/2026 02:39:33 PM
20968B,N,O,04/02/2026 06:40:22 PM
20969A,N,O,04/02/2026 07:22:59 PM
20969B,N,O,04/02/2026 07:10:59 PM
20970A,N,O,04/02/2026 10:46:47 PM
20971A,N,O,04/02/2026 10:22:04 PM
20971B,N,O,04/02/2026 06:48:29 PM
20972A,N,O,04/02/2026 09:30:13 PM
20972B,N,O,04/02/2026 09:25:15 PM
20973A,N,V,04/02/2026 11:46:25 PM
20973B,N,O,04/02/2026 10:12:17 PM
20974A,N,O,04/02/2026 09:20:36 PM
20974B,N,O,04/02/2026 10:55:17 PM
20975A,N,O,04/02/2026 09:47:22 PM
20975B,N,O,04/02/2026 08:34:29 PM
20976A,N,O,04/02/2026 06:58:53 AM
20976B,N,O,04/02/2026 09:46:54 PM
20977A,N,O,04/02/2026 07:55:36 PM
20977B,N,O,04/02/2026 08:17:04 PM
20978A,N,O,04/02/2026 11:59:16 PM
20978B,N,O,04/02/2026 10:50:17 PM
20979A,N,O,04/02/2026 07:12:03 PM
20979B,N,O,04/02/2026 05:21:56 PM
2097B,N,O,04/02/2026 06:04:00 PM
20980A,N,O,04/02/2026 10:33:04 PM
20980B,N,O,04/02/2026 09:12:17 PM
20981B,N,O,04/02/2026 06:44:02 PM
20982A,N,O,04/02/2026 07:05:57 PM
20982B,N,O,04/02/2026 05:51:10 PM
20983A,N,O,04/02/2026 01:45:34 PM
20983B,N,V,04/02/2026 08:04:32 PM
20988A,N,O,04/02/2026 03:42:02 PM
20989A,N,O,04/02/2026 05:08:29 PM
20989B,N,O,04/02/2026 09:41:04 PM
2098A,N,O,04/02/2026 10:21:50 PM
2098B,N,O,04/02/2026 11:11:07 PM
20990A,N,O,04/02/2026 11:41:52 PM
20990B,N,O,04/02/2026 12:03:41 PM
2099A,N,O,04/02/2026 05:23:10 PM
2099B,N,O,04/02/2026 12:46:05 PM
20A,N,V,04/02/2026 10:32:03 PM
20B,N,V,04/02/2026 10:31:04 PM
21001A,N,O,04/03/2026 08:08:31 AM
21001B,N,O,04/03/2026 07:13:14 AM
21002A,N,O,04/03/2026 07:39:00 AM
21002B,N,O,04/03/2026 06:57:45 AM
21003A,N,O,04/03/2026 06:56:53 AM
21003B,N,O,04/03/2026 06:56:53 AM
21004A,N,O,04/03/2026 08:08:44 AM
21004B,N,V,04/03/2026 07:23:36 AM
21005A,N,O,04/03/2026 07:56:04 AM
21005B,N,O,04/03/2026 06:59:47 AM
21006A,N,O,04/03/2026 06:58:46 AM
21006B,N,V,04/03/2026 08:12:43 AM
21007A,N,V,04/03/2026 07:24:52 AM
21007B,N,O,04/03/2026 06:57:51 AM
21008A,N,V,04/03/2026 07:49:55 AM
21008B,N,V,04/03/2026 07:34:31 AM
21009B,N,O,04/03/2026 08:07:52 AM
2100A,N,O,04/02/2026 08:31:06 AM
2100B,N,O,04/02/2026 08:48:58 AM
21010B,N,O,04/03/2026 07:40:23 AM
21011A,N,O,04/03/2026 06:58:49 AM
21011B,N,O,04/03/2026 06:58:56 AM
21012A,N,O,04/03/2026 06:57:46 AM
21012B,N,O,04/03/2026 06:57:46 AM
21013A,N,O,04/03/2026 06:56:50 AM
21013B,N,V,04/03/2026 08:17:13 AM
21014A,N,O,04/03/2026 06:55:46 AM
21014B,N,V,04/03/2026 08:05:12 AM
21015A,N,O,04/03/2026 06:59:43 AM
21015B,N,O,04/03/2026 06:59:52 AM
21016A,N,O,04/03/2026 06:58:52 AM
21016B,N,O,04/03/2026 06:58:52 AM
21017A,N,V,04/03/2026 08:10:12 AM
21017B,N,O,04/03/2026 07:56:02 AM
21018A,N,V,04/03/2026 08:14:27 AM
21018B,N,V,04/03/2026 07:55:08 AM
21019A,N,O,04/03/2026 06:56:01 AM
21019B,N,O,04/03/2026 07:38:23 AM
2101A,N,O,04/02/2026 08:28:49 AM
2101B,N,O,04/02/2026 07:03:13 PM
21020A,N,V,04/03/2026 07:35:45 AM
21020B,N,O,04/03/2026 06:59:54 AM
21021B,N,O,04/02/2026 02:55:29 PM
21022A,N,O,04/02/2026 03:57:05 PM
21022B,N,O,04/02/2026 04:38:54 PM
21023A,N,O,04/02/2026 03:31:03 PM
21023B,N,O,04/02/2026 04:59:56 PM
21024A,N,O,04/02/2026 06:04:20 PM
21024B,N,O,04/02/2026 04:01:03 PM
2102A,N,O,04/02/2026 08:27:45 AM
2102B,N,V,04/03/2026 12:00:00 AM
21031A,N,O,04/03/2026 07:12:53 AM
21032A,N,O,04/03/2026 08:12:21 AM
21032B,N,O,04/03/2026 07:53:26 AM
21033A,N,O,04/03/2026 08:12:38 AM
21033B,N,O,04/03/2026 08:13:36 AM
21035A,N,O,04/03/2026 08:09:36 AM
21035B,N,O,04/03/2026 08:12:03 AM
21036A,N,O,04/03/2026 07:55:38 AM
21036B,N,O,04/03/2026 07:35:42 AM
21037A,N,O,04/03/2026 06:57:55 AM
21037B,N,O,04/03/2026 06:57:47 AM
21038A,N,O,04/03/2026 08:02:27 AM
21038B,N,O,04/03/2026 08:15:29 AM
21039A,N,O,04/03/2026 08:16:39 AM
21039B,N,O,04/03/2026 06:55:53 AM
21040A,N,O,04/03/2026 07:52:13 AM
21040B,N,O,04/03/2026 07:43:41 AM
21041A,N,O,04/03/2026 07:53:13 AM
21041B,N,O,04/03/2026 07:09:55 AM
21042A,N,O,04/03/2026 07:35:40 AM
21042B,N,O,04/03/2026 06:57:49 AM
21043A,N,O,04/03/2026 06:56:48 AM
21043B,N,O,04/03/2026 06:56:48 AM
21044A,N,O,04/03/2026 06:55:43 AM
21044B,N,O,04/03/2026 06:55:43 AM
21045A,N,O,04/03/2026 08:09:28 AM
21045B,N,O,04/03/2026 06:59:43 AM
21046A,N,O,04/02/2026 07:24:57 PM
21046B,N,V,04/03/2026 08:16:10 AM
21050B,N,O,04/02/2026 12:21:04 PM
21051A,N,V,04/02/2026 07:59:47 PM
21051B,N,V,04/02/2026 04:47:02 PM
21052A,N,V,04/02/2026 04:15:27 PM
21052B,N,V,04/02/2026 05:17:29 PM
21053A,N,O,04/02/2026 05:27:56 PM
21053B,N,O,04/02/2026 06:29:20 PM
21054A,N,V,04/02/2026 07:29:13 PM
21054B,N,V,04/02/2026 04:48:37 PM
21055A,N,V,04/02/2026 07:16:48 PM
21055B,N,V,04/02/2026 07:15:59 PM
21056A,N,O,04/02/2026 05:51:45 PM
21056B,N,V,04/02/2026 04:12:57 PM
21057B,N,O,04/02/2026 06:57:50 AM
21058A,N,O,04/02/2026 06:56:48 AM
21058B,N,O,04/02/2026 03:50:30 PM
21059A,N,O,04/02/2026 03:50:36 PM
21059B,N,O,04/02/2026 07:26:21 PM
21070A,N,O,04/02/2026 07:52:40 PM
21070B,N,V,04/02/2026 07:08:52 PM
21071A,N,O,04/03/2026 08:14:20 AM
21071B,N,O,04/03/2026 06:58:54 AM
21072A,N,O,04/03/2026 06:57:42 AM
21072B,N,O,04/03/2026 08:07:56 AM
21073A,N,O,04/03/2026 06:56:52 AM
21073B,N,O,04/03/2026 07:53:45 AM
21074A,N,O,04/03/2026 07:25:09 AM
21074B,N,O,04/03/2026 07:39:16 AM
21075A,N,O,04/03/2026 06:59:43 AM
21075B,N,O,03/28/2026 09:29:57 AM
21076A,N,O,04/03/2026 07:16:27 AM
21076B,N,O,04/03/2026 08:08:51 AM
21077A,N,O,04/03/2026 06:57:44 AM
21077B,N,V,04/02/2026 07:48:55 PM
21078A,N,V,04/03/2026 06:58:25 AM
21078B,N,O,04/03/2026 06:56:50 AM
21079A,N,O,04/03/2026 08:16:19 AM
21079B,N,V,04/03/2026 08:16:10 AM
21080A,N,O,04/03/2026 06:59:46 AM
21080B,N,V,04/03/2026 08:01:16 AM
21081A,N,O,04/03/2026 06:58:47 AM
21081B,N,V,04/02/2026 07:01:20 PM
21082A,N,O,04/03/2026 07:39:50 AM
21082B,N,V,04/03/2026 07:54:22 AM
21083A,N,V,04/03/2026 08:15:39 AM
21083B,N,V,04/03/2026 08:15:35 AM
21084A,N,V,04/02/2026 04:45:20 PM
21084B,N,O,04/03/2026 06:55:44 AM
21085A,N,V,04/02/2026 05:25:23 PM
21085B,N,O,04/03/2026 08:12:38 AM
21086A,N,V,04/03/2026 08:06:14 AM
21086B,N,V,04/03/2026 08:17:33 AM
21087A,N,O,04/03/2026 07:24:44 AM
21087B,N,V,04/02/2026 06:04:37 PM
21088A,N,V,04/01/2026 05:03:04 PM
21088B,N,V,03/31/2026 10:11:32 AM
21089A,N,V,04/02/2026 07:42:47 PM
21089B,N,V,04/02/2026 03:53:54 PM
21090A,N,V,04/02/2026 02:18:13 PM
21090B,N,V,04/03/2026 07:28:49 AM
21091A,N,V,04/02/2026 05:02:10 PM
21091B,N,V,04/02/2026 05:32:33 PM
21092A,N,V,04/02/2026 05:00:09 PM
21092B,N,V,04/02/2026 01:55:20 PM
21093A,N,O,04/03/2026 06:56:46 AM
21093B,N,V,04/02/2026 03:47:49 PM
21094A,N,V,04/02/2026 11:40:16 AM
21094B,N,V,04/02/2026 02:21:51 PM
21095A,N,V,04/02/2026 05:28:42 PM
21095B,N,V,04/02/2026 07:42:39 PM
21096A,N,V,04/03/2026 07:37:52 AM
21096B,N,V,04/02/2026 07:10:30 PM
21097A,N,V,04/02/2026 07:07:23 PM
21097B,N,V,04/02/2026 07:49:03 PM
21098A,N,O,04/02/2026 06:04:24 PM
21098B,N,V,04/01/2026 05:09:04 PM
21099A,N,V,04/02/2026 02:55:40 PM
21099B,N,O,04/03/2026 07:16:00 AM
2109A,N,O,04/02/2026 08:45:07 PM
2109B,N,O,04/02/2026 09:18:50 PM
210A,N,V,04/02/2026 09:05:45 PM
21100A,N,V,04/02/2026 01:51:37 PM
21100B,N,V,04/02/2026 06:30:32 PM
21101A,N,V,04/02/2026 05:37:17 PM
21101B,N,V,04/02/2026 07:26:41 PM
21102A,N,O,04/02/2026 07:34:22 PM
21102B,N,V,04/02/2026 12:08:53 PM
21103A,N,V,04/02/2026 04:58:34 PM
21103B,N,V,04/02/2026 07:34:28 PM
21104A,N,V,04/02/2026 07:54:23 PM
21104B,N,V,04/02/2026 07:33:18 PM
21105A,N,V,04/02/2026 06:40:35 PM
21105B,N,V,04/02/2026 07:26:25 PM
21106A,N,O,04/03/2026 08:16:41 AM
21106B,N,V,04/02/2026 07:25:49 PM
21107A,N,V,04/02/2026 03:41:28 PM
21107B,N,V,04/02/2026 05:37:03 PM
21108A,N,O,04/03/2026 08:07:08 AM
21108B,N,V,04/02/2026 06:15:26 PM
21109A,N,O,04/03/2026 08:14:28 AM
21109B,N,V,04/02/2026 07:46:45 PM
2110A,N,O,04/02/2026 09:35:27 PM
2110B,N,O,04/02/2026 06:21:13 PM
2119A,N,O,04/02/2026 06:24:06 PM
2119B,N,O,04/02/2026 10:42:59 PM
211A,N,V,04/02/2026 09:01:13 PM
211B,N,V,04/02/2026 09:00:46 PM
2120A,N,O,04/02/2026 11:35:10 PM
2120B,N,O,04/02/2026 11:15:24 PM
212A,N,V,04/02/2026 11:01:02 PM
212B,N,V,04/02/2026 11:01:47 PM
2132A,N,V,04/02/2026 11:27:05 PM
2132B,N,O,04/02/2026 05:05:29 PM
2133A,N,O,04/02/2026 02:46:15 PM
2133B,N,O,04/02/2026 10:44:12 AM
213A,N,O,04/02/2026 11:58:33 PM
213B,N,O,04/02/2026 02:11:35 PM
2148A,N,O,04/02/2026 10:34:16 PM
2148B,N,V,04/02/2026 11:55:17 PM
2149A,N,O,04/02/2026 11:34:04 PM
2149B,N,O,04/02/2026 09:06:38 PM
214B,N,V,04/02/2026 11:57:47 PM
2150A,N,O,04/02/2026 01:57:14 PM
2150B,N,O,04/02/2026 11:07:45 PM
21523A,N,V,04/03/2026 08:16:22 AM
21524A,N,O,04/03/2026 06:57:26 AM
21524B,N,O,04/03/2026 07:55:39 AM
21525A,N,O,04/03/2026 08:09:00 AM
21526A,N,O,04/03/2026 07:49:41 AM
21526B,N,V,04/03/2026 08:05:19 AM
21527A,N,O,04/03/2026 06:58:30 AM
21527B,N,V,04/03/2026 08:05:47 AM
21528A,N,O,04/03/2026 07:39:33 AM
21528B,N,O,04/03/2026 08:15:40 AM
21529A,N,O,04/03/2026 08:02:41 AM
21529B,N,O,04/03/2026 07:44:39 AM
21530A,N,O,04/02/2026 07:42:25 PM
21530B,N,V,04/03/2026 08:13:25 AM
21531A,N,O,04/03/2026 06:58:51 AM
21532A,N,O,04/03/2026 08:03:21 AM
21532B,N,O,04/03/2026 08:14:50 AM
21533A,N,O,04/03/2026 07:24:07 AM
21534A,N,V,04/03/2026 08:17:10 AM
21534B,N,O,04/03/2026 06:56:04 AM
21535B,N,O,04/03/2026 08:03:55 AM
21536A,N,O,04/03/2026 07:52:24 AM
21536B,N,O,04/03/2026 06:58:58 AM
21537A,N,O,04/03/2026 06:57:50 AM
21537B,N,O,04/02/2026 06:06:16 PM
21538A,N,O,04/03/2026 06:56:48 AM
21538B,N,V,04/03/2026 08:16:19 AM
21539A,N,O,04/03/2026 08:01:35 AM
21539B,N,O,04/03/2026 06:58:37 AM
21540A,N,O,04/03/2026 07:52:56 AM
21540B,N,O,04/03/2026 07:44:36 AM
21541A,N,O,04/03/2026 06:58:53 AM
21541B,N,O,04/03/2026 06:59:47 AM
21542A,N,O,04/03/2026 07:22:54 AM
21542B,N,V,04/03/2026 08:05:33 AM
21543A,N,O,04/03/2026 06:57:47 AM
21544A,N,O,04/03/2026 08:10:40 AM
21544B,N,O,04/03/2026 07:57:35 AM
21545A,N,O,04/03/2026 07:56:59 AM
21545B,N,O,04/03/2026 08:05:49 AM
21546A,N,O,04/02/2026 05:03:22 PM
21546B,N,O,04/03/2026 06:58:50 AM
21547A,N,V,04/03/2026 08:16:35 AM
21547B,N,O,04/03/2026 06:57:44 AM
21548A,N,O,04/03/2026 08:15:00 AM
21548B,N,V,04/02/2026 02:39:28 PM
21549A,N,O,04/03/2026 08:05:36 AM
21549B,N,O,04/03/2026 06:55:50 AM
21550A,N,O,04/03/2026 07:59:33 AM
21550B,N,O,04/03/2026 07:57:13 AM
21551A,N,O,04/03/2026 07:46:06 AM
21551B,N,V,04/03/2026 08:15:57 AM
21552A,N,O,04/03/2026 07:54:11 AM
21552B,N,O,04/03/2026 07:16:51 AM
21553A,N,O,04/03/2026 07:55:13 AM
21553B,N,O,04/03/2026 08:10:51 AM
21554A,N,O,04/03/2026 06:55:51 AM
21554B,N,V,04/03/2026 08:02:50 AM
21555A,N,V,04/03/2026 08:04:59 AM
21555B,N,O,04/03/2026 06:59:49 AM
21556A,N,O,04/03/2026 07:55:22 AM
21556B,N,O,04/03/2026 08:17:17 AM
21557A,N,O,04/03/2026 07:41:48 AM
21557B,N,O,04/03/2026 08:09:56 AM
21558A,N,O,04/03/2026 07:01:57 AM
21558B,N,O,04/03/2026 06:56:45 AM
21559A,N,O,04/03/2026 07:58:24 AM
21559B,N,O,04/03/2026 07:55:36 AM
21560A,N,O,04/03/2026 08:00:44 AM
21560B,N,O,04/03/2026 06:59:51 AM
21561A,N,O,04/03/2026 06:58:46 AM
21561B,N,O,04/03/2026 08:09:23 AM
21562A,N,O,04/03/2026 06:57:43 AM
21562B,N,O,04/03/2026 08:07:55 AM
21563A,N,O,04/03/2026 07:05:46 AM
21563B,N,O,04/03/2026 07:30:06 AM
21564A,N,O,04/03/2026 08:01:08 AM
21564B,N,V,04/03/2026 08:12:49 AM
21565A,N,O,04/03/2026 07:04:30 AM
21565B,N,O,04/03/2026 07:55:01 AM
21566A,N,O,04/03/2026 06:58:54 AM
21566B,N,O,04/02/2026 06:43:17 PM
21567A,N,O,04/03/2026 07:57:50 AM
21568B,N,O,04/03/2026 07:56:45 AM
21573B,N,O,04/03/2026 08:12:09 AM
21574A,N,O,04/03/2026 08:02:33 AM
21574B,N,O,04/03/2026 06:55:46 AM
21575A,N,V,04/03/2026 08:02:24 AM
21575B,N,O,04/02/2026 12:37:05 PM
21589A,N,O,04/03/2026 06:55:49 AM
21589B,N,V,04/03/2026 07:45:19 AM
21590A,NU,O,05/28/2025 06:59:42 AM
21590B,NU,O,05/28/2025 09:25:12 AM
21591A,NU,O,05/28/2025 06:58:52 AM
21591B,NU,O,05/28/2025 07:54:35 AM
21592B,NU,O,05/28/2025 08:01:04 AM
21593A,N,V,04/02/2026 10:45:56 AM
21593B,N,V,04/02/2026 10:46:04 AM
21594A,N,V,04/02/2026 05:43:43 PM
21594B,N,V,04/03/2026 08:14:15 AM
21595A,N,V,04/02/2026 02:52:14 PM
21595B,N,V,04/03/2026 07:58:16 AM
21596A,N,V,04/02/2026 02:50:37 PM
21596B,N,V,04/02/2026 05:26:15 PM
21597A,N,V,04/02/2026 04:47:26 PM
21597B,N,V,04/03/2026 08:17:15 AM
21598A,N,V,03/31/2026 01:02:34 PM
21598B,N,V,04/02/2026 03:00:42 PM
21599A,N,O,04/02/2026 03:01:27 PM
21599B,N,V,04/02/2026 03:04:04 PM
215A,N,V,04/02/2026 11:54:54 PM
215B,N,V,04/02/2026 09:24:09 PM
21600A,N,V,04/02/2026 11:14:37 AM
21600B,N,V,04/02/2026 11:14:59 AM
21601A,N,O,04/03/2026 06:58:46 AM
21601B,N,O,04/02/2026 07:40:45 AM
21602A,N,O,04/03/2026 06:57:44 AM
21602B,N,O,04/03/2026 06:57:48 AM
21603A,N,O,04/03/2026 07:23:55 AM
21603B,N,O,04/03/2026 07:53:58 AM
21604A,N,O,04/03/2026 06:55:47 AM
21604B,N,V,04/03/2026 08:17:16 AM
21605A,N,O,04/03/2026 06:59:45 AM
21605B,N,O,04/03/2026 06:59:45 AM
21606A,N,O,04/03/2026 06:58:48 AM
21606B,N,O,04/03/2026 06:59:01 AM
21607A,N,V,04/02/2026 12:56:38 PM
21608A,N,V,04/02/2026 04:26:45 PM
21608B,N,O,04/03/2026 08:15:14 AM
21609A,N,V,04/02/2026 03:44:47 PM
21609B,N,V,04/02/2026 04:19:56 PM
2160A,N,O,04/02/2026 07:11:03 PM
2160B,N,O,04/02/2026 11:22:21 PM
21610A,N,V,04/02/2026 11:57:35 AM
21610B,N,O,04/03/2026 08:10:14 AM
21611A,N,O,04/03/2026 06:58:47 AM
21611B,N,O,04/02/2026 04:33:33 PM
21612A,N,V,03/30/2026 11:25:29 AM
21612B,N,V,04/01/2026 05:38:01 PM
21613A,N,V,03/29/2026 02:18:12 PM
21614A,N,V,04/02/2026 02:19:07 PM
21614B,N,V,04/02/2026 03:49:57 PM
21615A,N,V,04/02/2026 04:34:34 PM
21615B,N,V,04/02/2026 04:34:34 PM
21616A,N,V,04/02/2026 02:28:39 PM
21616B,N,V,04/02/2026 02:28:39 PM
21617A,N,V,04/02/2026 05:24:45 PM
21617B,N,O,04/03/2026 08:15:52 AM
21618A,N,V,04/02/2026 02:49:02 PM
21618B,N,V,04/02/2026 05:24:46 PM
21619A,N,V,04/02/2026 03:34:34 PM
21619B,N,V,04/02/2026 11:26:33 AM
2161A,N,O,04/02/2026 11:37:31 PM
2161B,N,O,04/02/2026 11:08:08 PM
21620A,N,V,04/03/2026 08:01:40 AM
21621A,N,V,04/02/2026 05:27:11 PM
21621B,N,V,04/01/2026 01:17:16 PM
21622A,N,V,04/02/2026 01:04:36 PM
21622B,N,V,04/02/2026 05:26:53 PM
21623A,N,V,04/02/2026 03:55:06 PM
21623B,N,V,04/02/2026 01:03:45 PM
21624A,N,V,04/02/2026 06:13:10 PM
21624B,N,O,04/03/2026 07:44:09 AM
21625A,N,V,04/02/2026 04:31:11 PM
21625B,N,V,04/02/2026 05:18:45 PM
21626A,N,V,04/02/2026 05:29:04 PM
21626B,N,V,04/02/2026 05:40:21 PM
21627B,N,O,04/03/2026 07:54:41 AM
2162B,N,O,04/02/2026 03:31:48 PM
21630A,N,O,04/03/2026 08:03:50 AM
21630B,N,O,04/03/2026 07:59:52 AM
21631A,N,O,04/03/2026 08:16:26 AM
21631B,N,O,04/03/2026 07:58:52 AM
21632B,N,O,04/03/2026 08:10:12 AM
21640A,NU,V,02/14/2026 02:07:07 PM
21640B,NU,V,02/16/2026 11:03:29 AM
21641A,NU,V,02/16/2026 10:23:38 AM
21641B,NU,V,02/15/2026 12:02:37 PM
21642A,NU,O,02/16/2026 06:57:54 AM
21642B,NU,V,02/14/2026 02:33:33 PM
21643A,NU,V,02/16/2026 11:26:23 AM
21643B,NU,V,02/16/2026 12:24:46 PM
21644A,NU,V,02/16/2026 12:23:49 PM
21645A,NU,O,02/16/2026 12:19:04 PM
21645B,NU,O,02/16/2026 12:23:44 PM
21646A,NU,V,02/16/2026 11:32:41 AM
21646B,NU,V,02/16/2026 12:22:17 PM
21647A,NU,V,02/16/2026 11:06:46 AM
21647B,NU,V,02/14/2026 03:14:21 PM
21648A,NU,O,02/09/2026 02:09:45 PM
21648B,NU,V,02/09/2026 02:09:45 PM
21649B,NU,V,02/16/2026 12:20:25 PM
2164A,N,O,04/02/2026 01:35:11 PM
2164B,N,O,04/02/2026 10:32:05 PM
21650B,NU,V,02/15/2026 07:56:51 PM
21651A,NU,O,02/16/2026 12:17:32 PM
21651B,NU,V,02/15/2026 06:40:56 PM
21652A,NU,V,02/14/2026 03:28:35 PM
21652B,NU,V,02/16/2026 12:14:31 PM
21653A,NU,O,02/16/2026 12:16:18 PM
21653B,NU,V,02/16/2026 10:09:22 AM
21654A,NU,O,02/16/2026 12:15:15 PM
21654B,NU,V,02/15/2026 03:34:35 PM
21655A,NU,V,02/16/2026 11:39:24 AM
21655B,NU,V,02/16/2026 11:16:16 AM
21656A,NU,V,02/14/2026 03:26:49 PM
21656B,NU,O,02/16/2026 09:48:11 AM
21657B,NU,V,02/16/2026 12:09:22 PM
21658A,NU,O,02/16/2026 06:56:45 AM
21658B,NU,O,02/16/2026 06:56:45 AM
21659A,NU,O,02/16/2026 12:06:19 PM
21659B,NU,O,02/16/2026 12:07:09 PM
2165A,N,O,04/02/2026 10:23:04 PM
2165B,N,O,04/02/2026 11:01:06 PM
21660A,NU,O,02/16/2026 06:59:45 AM
21660B,NU,O,02/16/2026 06:59:45 AM
21661A,NU,O,02/16/2026 06:58:50 AM
2166A,N,O,04/02/2026 11:37:45 PM
2166B,N,O,04/02/2026 11:45:40 PM
2167A,N,O,04/02/2026 10:45:49 PM
2167B,N,O,04/02/2026 11:42:50 PM
216A,N,V,04/02/2026 11:52:27 PM
216B,N,O,04/02/2026 11:56:38 PM
21700A,N,O,04/03/2026 07:59:43 AM
21700B,N,O,04/03/2026 08:15:25 AM
21701A,N,O,04/02/2026 05:40:41 PM
21701B,N,V,04/02/2026 04:44:58 PM
21702A,N,O,04/03/2026 07:58:03 AM
21702B,N,O,04/02/2026 05:41:26 PM
21703A,N,O,04/03/2026 07:58:05 AM
21703B,N,O,04/03/2026 08:08:49 AM
217A,N,O,04/02/2026 06:57:48 AM
217B,N,V,04/01/2026 01:50:45 PM
218A,N,V,04/02/2026 05:40:05 PM
218B,N,V,04/02/2026 05:02:47 PM
21A,N,V,04/02/2026 10:29:24 PM
21B,N,O,04/02/2026 11:58:04 PM
22001A,N,O,04/02/2026 07:32:36 PM
22001B,N,O,04/02/2026 06:56:02 PM
22002A,N,O,04/02/2026 07:32:29 PM
22002B,N,O,04/02/2026 06:03:54 PM
22003A,N,O,04/02/2026 07:38:26 PM
22003B,N,O,04/02/2026 06:55:32 PM
22004A,N,O,04/02/2026 08:25:54 AM
22004B,N,O,04/02/2026 07:11:54 PM
22005A,N,O,04/02/2026 07:28:17 PM
22006A,N,O,04/02/2026 04:24:22 PM
22006B,N,O,04/02/2026 07:02:56 PM
22007A,N,O,04/02/2026 05:54:54 PM
22007B,N,O,04/02/2026 04:50:38 PM
22008A,N,O,04/02/2026 04:50:25 PM
22008B,N,O,04/02/2026 07:35:18 PM
22009A,N,O,04/02/2026 06:43:34 PM
22009B,N,O,04/02/2026 06:58:57 PM
22010A,N,O,04/02/2026 07:32:48 PM
22010B,N,O,04/02/2026 07:37:12 PM
22012A,N,O,04/02/2026 06:20:31 PM
22012B,N,O,04/02/2026 07:55:45 PM
22013A,N,O,04/02/2026 04:17:51 PM
22013B,N,O,04/02/2026 04:07:03 PM
22014A,N,O,04/02/2026 01:19:07 PM
22014B,N,O,04/02/2026 05:18:54 PM
22015A,N,O,04/02/2026 06:42:52 PM
22015B,N,O,04/02/2026 03:03:41 PM
22016A,N,O,04/02/2026 05:45:15 PM
22016B,N,O,04/02/2026 07:26:49 PM
22017A,N,O,04/02/2026 05:34:45 PM
22018A,N,O,04/02/2026 06:03:37 PM
22018B,N,O,04/02/2026 05:23:39 PM
22020A,N,O,04/02/2026 07:33:58 PM
22021A,N,O,04/02/2026 06:47:48 PM
22021B,N,O,04/02/2026 07:02:21 PM
22022A,N,O,04/02/2026 06:53:48 PM
22022B,N,O,04/02/2026 06:43:04 PM
22023A,N,O,04/02/2026 07:59:45 PM
22023B,N,O,04/02/2026 07:27:33 PM
22024A,N,V,04/02/2026 08:00:03 PM
22024B,N,O,04/02/2026 06:06:11 PM
22025A,N,O,04/02/2026 06:05:06 PM
22025B,N,O,04/02/2026 06:34:22 PM
22026A,N,O,04/02/2026 06:27:11 PM
22026B,N,O,04/02/2026 07:06:30 PM
22027A,N,O,04/02/2026 06:57:54 AM
22027B,N,O,04/02/2026 06:03:40 PM
22028A,N,O,04/02/2026 07:50:36 PM
22028B,N,O,04/02/2026 06:23:40 PM
22029B,N,O,04/02/2026 10:55:13 AM
22031A,N,O,04/02/2026 06:11:50 PM
22031B,N,O,04/02/2026 03:41:04 PM
22032A,N,O,04/02/2026 07:20:56 PM
22032B,N,O,04/02/2026 06:04:10 PM
22033B,N,O,04/02/2026 05:23:23 PM
22034A,N,O,04/02/2026 07:37:27 PM
22034B,N,O,04/02/2026 07:21:04 PM
22035A,N,O,04/02/2026 01:13:41 PM
22035B,N,O,04/02/2026 07:48:40 PM
22036A,N,O,04/02/2026 05:45:03 PM
22036B,N,O,04/02/2026 07:56:26 PM
22037A,N,O,04/02/2026 03:39:57 PM
22038A,N,V,04/02/2026 06:50:33 PM
22038B,N,V,04/02/2026 07:50:40 PM
22039A,N,O,04/02/2026 07:59:44 PM
22039B,N,V,04/02/2026 07:10:08 PM
22040A,N,O,04/02/2026 06:43:56 PM
22040B,N,V,04/02/2026 06:59:08 PM
22041A,N,O,04/02/2026 07:57:04 PM
22041B,N,V,04/02/2026 07:26:33 PM
22042A,N,O,04/02/2026 07:44:10 PM
22042B,N,V,04/02/2026 07:32:05 PM
22043A,N,O,04/02/2026 06:56:42 AM
22043B,N,O,04/02/2026 07:30:04 PM
22044A,N,O,04/02/2026 06:21:06 PM
22044B,N,O,04/02/2026 07:38:37 PM
22045A,N,O,04/02/2026 05:17:53 PM
22045B,N,O,04/02/2026 04:58:53 PM
22046A,N,O,04/02/2026 07:46:32 PM
22046B,N,O,04/02/2026 05:24:21 PM
22047A,N,O,04/02/2026 05:13:35 PM
22047B,N,O,04/02/2026 05:13:42 PM
22048A,N,O,04/02/2026 06:56:44 AM
22048B,N,O,04/02/2026 06:45:44 PM
22049A,N,O,04/02/2026 11:53:30 AM
22049B,N,O,04/02/2026 05:11:18 PM
22050A,N,O,04/02/2026 09:45:16 AM
22050B,N,O,04/02/2026 06:07:39 PM
22051A,N,O,04/02/2026 08:50:53 AM
22051B,N,O,04/02/2026 05:25:14 PM
22052A,N,O,04/02/2026 04:46:14 PM
22053A,N,O,04/02/2026 07:23:03 PM
22053B,N,O,04/02/2026 06:16:42 PM
22054A,N,O,04/02/2026 05:10:22 PM
22054B,N,O,04/02/2026 04:36:31 PM
22055B,N,O,04/02/2026 08:52:33 AM
22059A,N,O,04/02/2026 05:21:48 PM
22059B,N,O,04/02/2026 06:33:49 PM
22060A,N,O,04/02/2026 03:07:40 PM
22060B,N,O,04/02/2026 06:01:54 PM
22061A,N,O,04/02/2026 06:53:23 PM
22062A,N,V,04/02/2026 07:59:55 PM
22062B,N,O,04/02/2026 12:01:43 PM
22063A,N,O,04/02/2026 09:58:17 AM
22063B,N,O,04/02/2026 07:56:57 AM
22065A,N,O,04/02/2026 05:40:53 PM
22066A,N,O,04/02/2026 05:49:03 PM
22066B,N,O,04/02/2026 06:24:31 PM
22067A,N,O,04/02/2026 07:55:15 PM
22067B,N,V,04/02/2026 02:32:22 PM
22068A,N,O,04/02/2026 06:59:55 PM
22068B,N,O,04/02/2026 05:19:49 PM
22069A,N,O,04/02/2026 05:03:57 PM
22069B,N,O,04/02/2026 05:24:42 PM
22070A,N,O,04/02/2026 09:34:49 AM
22071A,N,O,04/02/2026 05:27:16 PM
22071B,N,O,04/02/2026 04:22:37 PM
22072A,N,O,04/02/2026 06:07:49 PM
22072B,N,O,04/02/2026 05:57:45 PM
22073A,N,O,04/02/2026 05:45:35 PM
22073B,N,O,04/02/2026 05:54:21 PM
22074A,N,O,04/02/2026 07:38:39 PM
22074B,N,O,04/02/2026 05:11:43 PM
22075A,N,O,04/02/2026 07:11:30 PM
22075B,N,O,04/02/2026 07:52:13 PM
22076A,N,O,04/02/2026 04:41:03 PM
22076B,N,O,04/02/2026 07:32:06 PM
22077A,N,O,04/02/2026 07:36:53 PM
22077B,N,O,04/02/2026 07:43:04 PM
22078A,N,O,04/02/2026 05:12:52 PM
22078B,N,O,04/02/2026 07:31:16 PM
22080A,N,O,04/02/2026 07:59:55 AM
22080B,N,O,04/02/2026 08:00:16 AM
22081A,N,O,04/02/2026 09:00:37 AM
22081B,N,O,04/02/2026 07:58:43 AM
22082A,N,O,04/02/2026 07:57:50 AM
22082B,N,O,04/02/2026 02:33:14 PM
22083A,N,O,04/02/2026 09:28:19 AM
22083B,N,O,04/02/2026 07:56:58 AM
22084A,N,O,04/02/2026 05:24:35 PM
22084B,N,O,04/02/2026 07:55:47 AM
22085A,N,O,04/02/2026 02:58:33 PM
22085B,N,O,04/02/2026 02:59:51 PM
22086A,N,O,04/02/2026 10:36:49 AM
22086B,N,O,04/02/2026 02:42:32 PM
22087A,N,V,04/02/2026 07:58:35 PM
22087B,N,O,04/02/2026 11:38:45 AM
22088A,N,O,04/02/2026 04:53:40 PM
22088B,N,O,04/02/2026 05:50:17 PM
22089A,N,V,04/02/2026 05:00:43 PM
22089B,N,O,04/02/2026 09:38:27 AM
22090A,N,O,04/02/2026 09:58:28 AM
22090B,N,O,04/02/2026 05:20:55 PM
22091A,N,O,04/02/2026 04:23:37 PM
22091B,N,O,04/02/2026 02:48:23 PM
22092A,N,O,04/02/2026 04:53:00 PM
22092B,N,O,04/02/2026 04:54:13 PM
22093A,N,O,04/02/2026 04:27:37 PM
22093B,N,O,04/02/2026 02:37:19 PM
22094A,N,O,04/02/2026 02:30:21 PM
22094B,N,O,04/02/2026 09:54:38 AM
22095A,N,O,04/02/2026 09:56:17 AM
22095B,N,O,04/02/2026 02:09:12 PM
22096A,N,O,04/02/2026 03:46:08 PM
22096B,N,O,04/02/2026 01:09:17 PM
22097A,N,O,04/02/2026 04:05:09 PM
22097B,N,O,04/02/2026 05:13:16 PM
22098A,N,O,04/02/2026 06:56:51 AM
22098B,N,O,04/02/2026 05:31:33 PM
22099A,N,O,04/02/2026 10:52:25 AM
22099B,N,O,04/02/2026 02:25:17 PM
22100A,N,O,04/02/2026 10:53:51 AM
22100B,N,O,04/02/2026 10:57:25 AM
22101A,N,O,04/02/2026 06:58:55 AM
22101B,N,O,04/02/2026 06:58:55 AM
22102A,N,O,04/02/2026 01:31:26 PM
22102B,N,O,04/02/2026 07:20:37 PM
22103B,N,V,04/02/2026 07:58:56 PM
22104A,N,O,04/02/2026 04:41:58 PM
22104B,N,O,04/02/2026 07:46:07 PM
22105A,N,O,04/02/2026 07:00:01 AM
22105B,N,O,04/02/2026 06:16:22 PM
22106A,N,O,04/02/2026 11:29:03 AM
22106B,N,O,04/02/2026 04:59:02 PM
22110A,N,O,04/02/2026 06:59:48 AM
22110B,N,O,04/02/2026 09:01:55 AM
22111A,N,V,04/02/2026 11:02:37 AM
22111B,N,O,04/02/2026 06:58:49 AM
22112A,N,O,04/02/2026 06:57:58 AM
22112B,N,O,04/02/2026 06:57:49 AM
22113A,N,O,04/02/2026 06:56:59 AM
22113B,N,O,04/02/2026 06:56:55 AM
22114A,N,O,04/02/2026 07:51:47 AM
22114B,N,O,04/02/2026 12:19:49 PM
22115A,N,O,04/02/2026 12:47:37 PM
22115B,N,O,04/02/2026 03:11:22 PM
22116A,N,O,04/02/2026 06:58:51 AM
22116B,N,O,04/01/2026 10:42:25 AM
22117A,N,O,04/02/2026 06:57:49 AM
22117B,N,O,04/02/2026 12:35:07 PM
22118A,N,O,04/02/2026 05:02:45 PM
22118B,N,O,04/02/2026 06:56:43 AM
22119A,N,O,04/02/2026 06:56:55 AM
22120A,N,O,04/02/2026 03:22:39 PM
22120B,N,O,04/02/2026 07:07:56 PM
22121A,N,O,04/02/2026 05:29:13 PM
22121B,N,V,04/02/2026 12:09:32 PM
22122A,N,V,04/02/2026 06:24:20 PM
22122B,N,V,04/02/2026 04:28:42 PM
22123A,N,V,04/02/2026 07:34:32 PM
22123B,N,O,04/02/2026 03:55:07 PM
22125B,N,O,04/02/2026 07:35:02 PM
22126A,N,V,04/02/2026 11:49:26 PM
22126B,N,O,04/02/2026 06:59:12 AM
22127A,N,V,04/02/2026 11:33:17 PM
22127B,N,V,04/02/2026 10:26:15 PM
22128A,N,O,04/02/2026 10:32:50 PM
22128B,N,O,04/02/2026 07:57:20 PM
22129A,N,O,04/02/2026 11:52:46 PM
22129B,N,O,04/02/2026 11:45:43 PM
22130A,N,O,04/02/2026 11:47:11 PM
22130B,N,O,04/02/2026 11:41:19 PM
22131A,N,O,04/02/2026 11:55:54 PM
22131B,N,O,04/02/2026 11:42:37 PM
22132A,N,V,04/02/2026 11:39:53 PM
22132B,N,V,04/02/2026 11:52:02 PM
22133A,N,V,04/02/2026 11:52:31 PM
22133B,N,V,04/02/2026 11:50:50 PM
22134A,N,O,04/02/2026 09:46:54 PM
22135B,N,V,04/02/2026 10:39:12 PM
22136A,N,V,04/02/2026 11:40:19 PM
22136B,N,V,04/02/2026 12:51:15 PM
22137A,N,V,04/02/2026 11:36:34 PM
22137B,N,V,04/02/2026 11:38:37 PM
22138A,N,V,04/02/2026 11:57:40 PM
22139A,N,O,04/02/2026 11:57:51 PM
22139B,N,O,04/02/2026 10:52:41 PM
22140A,N,O,04/02/2026 04:12:15 PM
22140B,N,O,04/02/2026 10:59:32 PM
22141A,N,O,04/02/2026 11:43:56 PM
22141B,N,O,04/02/2026 11:50:37 PM
22142A,N,O,04/02/2026 07:48:27 PM
22142B,N,V,04/02/2026 11:50:33 PM
22143A,N,O,04/02/2026 09:05:44 PM
22143B,N,O,04/02/2026 09:27:03 PM
22144A,N,O,04/02/2026 10:48:52 PM
22144B,N,O,04/02/2026 07:06:17 PM
22145A,N,V,04/02/2026 11:41:37 PM
22145B,N,O,04/02/2026 09:24:52 PM
22146A,N,V,04/03/2026 12:22:04 AM
22146B,N,O,04/02/2026 05:49:52 PM
22147A,N,V,04/02/2026 11:57:09 PM
22147B,N,O,04/02/2026 09:27:14 PM
22148A,N,V,04/02/2026 11:33:28 PM
22148B,N,O,04/02/2026 09:56:14 PM
22149A,N,O,04/02/2026 08:23:50 PM
22149B,N,O,04/02/2026 09:39:41 PM
22150A,N,O,04/02/2026 09:25:41 PM
22150B,N,O,04/02/2026 09:11:45 PM
22151A,N,O,04/02/2026 09:33:11 PM
22151B,N,V,04/02/2026 10:40:53 PM
22152A,N,V,04/02/2026 11:27:56 PM
22152B,N,O,04/02/2026 08:44:17 PM
22153A,N,O,04/02/2026 09:29:52 PM
22153B,N,O,04/02/2026 11:32:37 PM
22154A,N,V,04/02/2026 09:55:30 PM
22154B,N,V,04/02/2026 10:57:29 AM
22155A,N,V,04/02/2026 11:51:45 PM
22155B,N,V,04/02/2026 11:01:55 PM
22156A,N,O,04/02/2026 11:12:58 PM
22156B,N,V,04/02/2026 06:14:04 PM
22157A,N,V,04/02/2026 10:40:00 PM
22157B,N,O,04/02/2026 07:35:34 PM
22158A,N,O,04/02/2026 11:51:18 PM
22161A,N,O,04/02/2026 04:33:15 PM
22161B,N,O,04/02/2026 12:23:04 PM
22162A,N,O,04/02/2026 01:55:53 PM
22162B,N,O,04/02/2026 07:44:30 PM
22163A,N,V,04/02/2026 11:21:13 PM
22163B,N,O,04/02/2026 11:20:53 PM
22164A,N,V,04/02/2026 10:37:45 PM
22164B,N,O,04/02/2026 08:50:44 PM
22165A,N,O,04/02/2026 11:32:20 PM
22165B,N,O,04/02/2026 10:23:41 PM
22166A,N,V,04/02/2026 10:58:44 PM
22166B,N,O,04/02/2026 11:57:37 PM
22167A,N,V,04/02/2026 11:24:54 PM
22167B,N,O,04/02/2026 11:47:26 PM
22168A,N,O,04/02/2026 08:55:32 PM
22168B,N,O,04/02/2026 10:49:43 PM
22169A,N,O,04/02/2026 06:27:20 PM
22170A,N,V,04/02/2026 10:59:37 PM
22170B,N,O,04/02/2026 11:24:37 PM
22171A,N,V,04/02/2026 09:58:39 PM
22171B,N,O,04/02/2026 10:35:13 PM
22172A,N,O,04/02/2026 11:59:36 PM
22172B,N,O,04/02/2026 11:30:42 PM
22173A,N,O,04/02/2026 11:50:48 PM
22173B,N,O,04/02/2026 08:18:21 PM
22174A,N,O,04/02/2026 10:22:14 PM
22174B,N,O,04/02/2026 11:37:55 PM
22175A,N,O,04/02/2026 10:35:33 PM
22175B,N,O,04/02/2026 10:15:49 PM
22176A,N,O,04/02/2026 10:28:17 PM
22176B,N,O,04/02/2026 11:46:30 PM
22177A,N,O,04/02/2026 08:04:13 PM
22177B,N,V,04/02/2026 11:24:16 PM
22178A,N,O,04/02/2026 11:36:28 PM
22178B,N,V,04/02/2026 11:36:52 PM
22179A,N,O,04/02/2026 10:01:10 PM
22179B,N,V,04/02/2026 10:37:36 PM
22180A,N,O,04/02/2026 11:55:06 PM
22180B,N,O,04/02/2026 09:37:32 PM
22181A,N,V,04/02/2026 11:52:55 PM
22181B,N,V,04/02/2026 11:56:43 PM
22182A,N,O,04/02/2026 10:41:44 PM
22182B,N,V,04/02/2026 07:00:23 PM
22183A,N,O,04/02/2026 09:19:08 PM
22183B,N,O,04/02/2026 10:03:55 PM
22184A,N,V,04/02/2026 10:14:03 PM
22184B,N,O,04/02/2026 11:56:29 PM
22185A,N,V,04/02/2026 11:39:20 PM
22185B,N,O,04/02/2026 05:23:03 PM
22186A,N,V,04/02/2026 11:44:47 PM
22186B,N,O,04/02/2026 09:52:43 PM
22187A,N,O,04/02/2026 11:06:04 PM
22187B,N,V,04/02/2026 06:43:46 PM
22188A,N,O,04/02/2026 08:07:41 PM
22188B,N,V,04/02/2026 10:13:00 PM
22189A,N,O,04/02/2026 11:00:08 PM
22189B,N,V,04/02/2026 02:30:38 PM
22190B,N,V,04/02/2026 06:34:15 PM
22191A,N,O,04/02/2026 10:57:07 PM
22191B,N,V,04/02/2026 02:25:50 PM
22192A,N,V,04/02/2026 11:45:50 PM
22192B,N,O,04/02/2026 10:58:46 PM
22193A,N,V,04/02/2026 11:29:17 PM
22193B,N,V,04/02/2026 11:46:40 PM
22194A,N,V,04/02/2026 11:46:42 PM
22194B,N,V,04/02/2026 11:24:03 PM
22195A,N,O,04/02/2026 09:24:44 PM
22195B,N,V,04/02/2026 11:54:08 PM
22196A,N,O,04/02/2026 09:24:22 PM
22196B,N,V,04/02/2026 09:54:34 PM
22197A,N,V,04/02/2026 10:28:38 PM
22197B,N,O,04/02/2026 11:47:31 PM
22198A,N,V,04/02/2026 11:01:49 PM
22198B,N,O,04/02/2026 08:54:29 PM
22199A,N,V,04/02/2026 10:48:47 PM
22199B,N,V,04/02/2026 11:15:32 PM
22200A,N,O,04/02/2026 06:50:33 PM
22200B,N,O,04/02/2026 08:25:13 PM
22201A,N,O,04/02/2026 07:50:41 PM
22201B,N,O,04/02/2026 07:38:03 PM
22202A,N,V,04/02/2026 11:00:19 PM
22202B,N,O,04/02/2026 06:49:55 PM
22203A,N,V,04/02/2026 10:37:14 PM
22204A,N,O,04/02/2026 11:59:53 PM
22204B,N,V,04/02/2026 11:04:06 PM
22205A,N,V,04/02/2026 10:52:22 AM
22206A,N,V,04/02/2026 10:21:49 AM
22206B,N,O,04/02/2026 08:57:19 PM
22207A,N,V,04/02/2026 11:57:09 PM
22207B,N,V,04/02/2026 11:41:10 PM
22208A,N,V,04/02/2026 10:56:09 PM
22208B,N,V,04/02/2026 10:56:09 PM
22209A,N,V,04/02/2026 10:02:52 PM
22209B,N,O,04/02/2026 11:40:17 PM
22210A,N,V,04/02/2026 10:56:25 PM
22210B,N,O,04/02/2026 09:49:25 PM
22211A,N,V,04/02/2026 10:37:12 PM
22211B,N,O,04/02/2026 08:22:39 PM
22213B,N,O,04/02/2026 03:27:11 PM
22215A,N,O,04/02/2026 05:11:25 PM
22215B,N,O,04/02/2026 04:14:46 PM
22216A,N,O,04/02/2026 07:51:53 PM
22216B,N,O,04/02/2026 05:37:20 PM
22217A,N,O,04/02/2026 06:34:57 PM
22217B,N,O,04/02/2026 01:57:00 PM
22218A,N,O,04/02/2026 04:13:58 PM
22218B,N,O,04/02/2026 04:20:51 PM
22219A,N,O,04/02/2026 03:42:39 PM
22219B,N,O,04/02/2026 04:49:51 PM
22220A,N,O,04/02/2026 04:42:03 PM
22220B,N,O,04/02/2026 04:43:31 PM
22221A,N,O,04/02/2026 05:19:04 PM
22221B,N,O,04/02/2026 07:54:41 PM
22222A,N,O,04/02/2026 03:28:53 PM
22222B,N,O,04/02/2026 07:08:12 PM
22223A,N,O,04/02/2026 02:32:36 PM
22225A,N,O,04/02/2026 07:11:56 PM
22225B,N,O,04/02/2026 05:16:32 PM
22226A,N,O,04/02/2026 05:59:10 PM
22226B,N,O,04/02/2026 07:51:05 PM
22227A,N,O,04/02/2026 04:32:14 PM
22228A,N,O,04/02/2026 06:21:55 PM
22228B,N,O,04/02/2026 06:56:46 AM
22229A,N,O,04/02/2026 06:31:32 PM
22229B,N,O,04/02/2026 06:55:46 AM
2222B,N,V,04/02/2026 10:12:50 PM
22230A,N,O,04/02/2026 04:41:25 PM
22230B,N,O,04/02/2026 06:39:27 PM
22231A,N,O,04/02/2026 06:58:51 AM
22231B,N,O,04/02/2026 11:54:45 AM
22232A,N,O,04/02/2026 04:15:24 PM
22232B,N,O,04/02/2026 03:57:35 PM
22237A,N,O,04/02/2026 07:09:18 PM
22237B,N,O,04/02/2026 05:12:34 PM
22238A,N,O,04/02/2026 05:47:23 PM
22238B,N,O,04/02/2026 06:09:59 PM
22239A,N,O,04/02/2026 06:47:51 PM
22239B,N,O,04/02/2026 06:50:34 PM
22240A,N,O,04/02/2026 06:27:57 PM
22240B,N,O,04/02/2026 06:23:03 PM
22241A,N,O,04/02/2026 05:36:14 PM
22241B,N,O,04/02/2026 06:48:34 PM
22242A,N,O,04/02/2026 05:48:10 PM
22242B,N,O,04/02/2026 06:57:48 AM
22243A,N,O,04/02/2026 07:03:13 PM
22243B,N,O,04/02/2026 05:04:37 PM
22244A,N,O,04/02/2026 03:56:02 PM
22244B,N,O,04/02/2026 05:06:13 PM
22245A,N,O,04/02/2026 05:55:46 PM
22245B,N,O,04/02/2026 05:03:24 PM
22246A,N,O,04/02/2026 05:25:02 PM
22246B,N,O,04/02/2026 06:15:25 PM
22247A,N,O,04/02/2026 03:29:00 PM
22247B,N,O,04/02/2026 06:57:48 AM
22248A,N,O,04/02/2026 05:44:29 PM
22248B,N,V,04/02/2026 06:36:41 PM
22249B,N,O,04/02/2026 06:46:18 PM
22250B,N,O,04/02/2026 04:26:40 PM
22251A,N,O,04/02/2026 05:58:27 PM
22251B,N,O,04/02/2026 04:25:36 PM
22252B,N,O,04/02/2026 06:57:49 AM
22254A,N,O,04/02/2026 07:53:35 PM
22254B,N,O,04/02/2026 03:29:47 PM
22255A,N,O,04/02/2026 04:55:07 PM
22255B,N,O,04/02/2026 07:06:21 PM
22256A,N,O,04/02/2026 03:55:02 PM
22256B,N,O,04/02/2026 04:55:54 PM
22257B,N,O,04/02/2026 03:37:33 PM
22260A,N,O,04/02/2026 07:28:25 PM
22260B,N,O,04/02/2026 06:35:05 PM
22261A,N,O,04/02/2026 06:24:19 PM
22261B,N,O,04/02/2026 07:59:22 PM
22262A,N,O,04/02/2026 06:49:46 PM
22262B,N,O,04/02/2026 07:32:25 PM
22263A,N,O,04/02/2026 04:11:23 PM
22263B,N,O,04/02/2026 07:13:23 AM
22264A,N,O,04/02/2026 06:39:32 PM
22264B,N,O,04/02/2026 07:42:37 PM
22265A,N,O,04/02/2026 06:07:18 PM
22266A,N,O,04/02/2026 05:15:21 PM
22266B,N,O,04/02/2026 07:47:14 PM
22267B,N,O,04/02/2026 06:57:44 AM
22275A,N,O,04/02/2026 07:50:50 PM
22275B,N,O,04/02/2026 07:55:20 PM
22276A,N,O,04/02/2026 01:20:39 PM
22276B,N,O,04/02/2026 06:09:18 PM
22277A,N,O,04/02/2026 03:26:53 PM
22277B,N,O,04/02/2026 04:56:47 PM
22278A,N,O,04/02/2026 04:48:07 PM
22278B,N,O,04/02/2026 04:22:35 PM
22280A,N,O,04/02/2026 05:13:02 PM
22280B,N,O,04/02/2026 06:24:23 PM
22281A,N,O,04/02/2026 07:47:59 PM
22281B,N,O,04/02/2026 12:05:52 PM
22282A,N,O,04/02/2026 07:27:22 PM
22282B,N,O,04/02/2026 01:31:36 PM
22283A,N,O,04/02/2026 02:58:35 PM
22283B,N,O,04/02/2026 04:21:43 PM
22284A,N,V,04/02/2026 07:59:15 PM
22284B,N,O,04/02/2026 05:30:35 PM
22285A,N,O,04/02/2026 07:09:09 PM
22285B,N,O,04/02/2026 04:20:38 PM
22286A,N,O,04/02/2026 05:41:58 PM
22286B,N,O,04/02/2026 04:53:52 PM
22287A,N,O,04/02/2026 04:22:35 PM
22287B,N,O,04/02/2026 05:59:22 PM
22288A,N,O,04/02/2026 06:56:45 AM
22288B,N,O,04/02/2026 06:56:49 AM
22289A,N,O,04/02/2026 05:56:37 PM
22289B,N,O,04/02/2026 06:05:04 PM
22290A,N,O,04/02/2026 06:27:10 PM
22290B,N,O,04/02/2026 06:00:46 PM
22291A,N,O,04/02/2026 05:34:21 PM
22291B,N,O,04/02/2026 07:59:40 PM
22292A,N,O,04/02/2026 05:18:06 PM
22292B,N,O,04/02/2026 04:49:27 PM
22293A,N,O,04/02/2026 06:21:36 PM
22293B,N,O,04/02/2026 09:07:46 AM
22294A,N,O,04/02/2026 05:58:07 PM
22294B,N,O,04/02/2026 07:38:48 PM
22295A,N,O,04/02/2026 05:51:09 PM
22295B,N,O,04/02/2026 07:23:00 PM
22296A,N,O,04/02/2026 07:58:33 PM
22296B,N,O,04/02/2026 04:14:26 PM
22297B,N,O,04/02/2026 05:31:32 PM
22298A,N,O,04/02/2026 06:59:56 PM
22298B,N,O,04/02/2026 06:42:19 PM
22299A,N,O,04/02/2026 04:20:08 PM
22299B,N,O,04/02/2026 05:42:34 PM
22301A,N,O,04/02/2026 06:18:38 PM
22301B,N,O,04/02/2026 06:59:01 AM
22302A,N,O,04/02/2026 06:32:59 PM
22302B,N,O,04/02/2026 04:06:59 PM
22303A,N,O,04/02/2026 07:33:49 PM
22303B,N,O,04/02/2026 05:51:19 PM
22304A,N,O,04/02/2026 05:32:37 PM
22304B,N,O,04/02/2026 04:54:22 PM
22305A,N,O,04/02/2026 07:06:50 PM
22305B,N,O,04/02/2026 06:26:51 PM
22306A,N,O,04/02/2026 07:32:12 PM
22306B,N,O,04/02/2026 07:46:12 PM
22307A,N,O,04/02/2026 07:35:22 PM
22307B,N,O,04/02/2026 06:49:02 PM
22308A,N,O,04/02/2026 07:09:15 PM
22308B,N,O,04/02/2026 05:54:21 PM
22309A,N,O,04/02/2026 06:38:18 PM
22309B,N,O,04/02/2026 06:36:44 PM
22310A,N,O,04/02/2026 07:35:49 PM
22310B,N,O,04/02/2026 06:32:12 PM
22311A,N,O,04/02/2026 07:52:44 PM
22312B,N,O,04/02/2026 05:59:53 PM
22313A,N,O,04/02/2026 06:58:18 PM
22313B,N,O,04/02/2026 07:45:21 PM
22314A,N,O,04/02/2026 07:34:53 PM
22314B,N,O,04/02/2026 05:45:34 PM
22315A,N,O,04/02/2026 05:38:22 PM
22315B,N,O,04/02/2026 06:34:54 PM
22316A,N,O,04/02/2026 04:25:46 PM
22316B,N,O,04/02/2026 07:17:10 PM
22317A,N,O,04/02/2026 04:59:15 PM
22317B,N,O,04/02/2026 07:02:30 PM
22319A,N,O,04/02/2026 07:34:04 PM
22319B,N,O,04/02/2026 06:02:40 PM
2231A,N,O,04/02/2026 06:58:44 AM
2231B,N,O,04/02/2026 11:04:20 AM
22320A,N,V,04/02/2026 07:57:05 PM
22320B,N,O,04/02/2026 07:58:57 PM
22321A,N,O,04/02/2026 04:46:32 PM
22321B,N,O,04/02/2026 11:12:35 AM
22322B,N,O,04/02/2026 06:40:44 PM
22323A,N,O,04/02/2026 07:55:36 PM
22323B,N,O,04/02/2026 07:49:31 PM
22324A,N,O,04/02/2026 07:13:46 PM
22324B,N,O,04/02/2026 06:53:56 PM
22325A,N,O,04/02/2026 06:15:53 PM
22325B,N,O,04/02/2026 06:03:44 PM
22326A,N,V,04/02/2026 07:15:45 PM
22326B,N,O,04/02/2026 06:12:11 PM
22327A,N,O,04/02/2026 01:30:52 PM
22327B,N,O,04/02/2026 06:34:08 PM
22328A,N,O,04/02/2026 06:19:52 PM
22328B,N,O,04/02/2026 05:35:51 PM
22329A,N,O,04/02/2026 07:52:07 PM
22329B,N,O,04/02/2026 06:40:05 PM
2232A,N,O,04/02/2026 06:57:45 AM
2232B,N,O,04/02/2026 06:57:45 AM
22330A,N,O,04/02/2026 07:54:21 PM
22330B,N,O,04/02/2026 07:29:11 PM
22331A,N,O,04/02/2026 10:30:18 AM
22331B,N,O,04/02/2026 02:30:12 PM
22332A,N,O,04/02/2026 11:07:46 AM
22332B,N,O,04/02/2026 06:34:39 PM
22333B,N,O,04/02/2026 01:19:43 PM
22334A,N,O,04/02/2026 06:09:12 PM
22334B,N,O,04/02/2026 03:11:14 PM
22335A,N,O,04/02/2026 10:03:03 AM
22335B,N,O,04/02/2026 06:02:21 PM
22336A,N,O,04/02/2026 05:56:36 PM
22336B,N,O,04/02/2026 05:05:51 PM
22337A,N,O,04/02/2026 07:21:29 PM
22337B,N,O,04/02/2026 07:33:45 PM
22338A,N,O,04/02/2026 01:37:25 PM
22338B,N,O,04/02/2026 07:45:57 PM
22339A,N,O,04/02/2026 06:16:19 PM
22339B,N,O,04/02/2026 06:23:21 PM
2233A,N,O,04/02/2026 08:29:39 PM
2233B,N,O,04/02/2026 07:55:22 PM
22340A,N,O,04/02/2026 07:06:20 PM
22340B,N,O,04/02/2026 07:48:43 PM
22341A,N,O,04/02/2026 05:06:10 PM
22341B,N,O,04/02/2026 11:48:54 AM
22342A,N,O,04/02/2026 07:53:17 PM
22342B,N,O,04/02/2026 05:06:17 PM
22344A,N,O,04/02/2026 06:41:39 PM
22344B,N,O,04/02/2026 06:42:10 PM
22345A,N,O,04/02/2026 06:41:54 PM
22345B,N,O,04/02/2026 07:16:22 PM
22346A,N,O,04/02/2026 07:07:42 PM
22346B,N,O,04/02/2026 05:43:53 PM
22347A,N,O,04/02/2026 05:08:04 PM
22348B,N,O,04/02/2026 07:59:52 PM
22349A,N,O,04/02/2026 07:59:18 PM
22349B,N,O,04/02/2026 06:01:12 PM
2234A,N,O,04/02/2026 06:55:44 AM
22350A,N,O,04/02/2026 04:01:00 PM
22350B,N,O,04/02/2026 07:43:42 PM
22351A,N,O,04/02/2026 06:38:31 PM
22351B,N,V,04/02/2026 07:59:35 PM
22355A,N,O,04/02/2026 03:16:18 PM
22355B,N,O,04/02/2026 04:37:10 PM
22356A,N,O,04/02/2026 06:48:19 PM
22356B,N,O,04/02/2026 04:31:05 PM
22357A,N,O,04/02/2026 12:15:39 PM
22357B,N,O,04/02/2026 05:15:23 PM
22358A,N,O,04/02/2026 07:57:08 PM
22358B,N,O,04/02/2026 05:38:47 PM
22359A,N,O,04/02/2026 01:55:49 PM
22359B,N,O,04/02/2026 07:09:10 PM
2235B,N,O,04/02/2026 10:24:12 PM
22360A,N,O,04/02/2026 10:41:37 AM
22360B,N,O,04/02/2026 04:23:26 PM
22361A,N,O,04/02/2026 06:14:28 PM
22361B,N,O,04/02/2026 12:35:29 PM
22363A,N,O,04/02/2026 07:17:05 PM
22363B,N,O,04/02/2026 07:17:05 PM
22364A,N,O,04/02/2026 07:57:10 PM
22364B,N,O,04/02/2026 07:15:03 PM
22368B,N,O,04/02/2026 05:52:25 PM
22369A,N,O,04/02/2026 06:31:59 PM
22369B,N,O,04/02/2026 07:11:26 PM
2236A,N,V,04/02/2026 11:58:44 PM
2236B,N,V,04/02/2026 10:32:54 PM
22370A,N,O,04/02/2026 02:17:49 PM
22370B,N,O,04/02/2026 03:46:54 PM
22371A,N,O,04/02/2026 06:58:58 AM
22372A,N,O,04/02/2026 06:16:24 PM
22372B,N,O,04/02/2026 04:07:32 PM
22373A,N,O,04/02/2026 06:48:05 PM
22373B,N,O,04/02/2026 07:08:09 PM
22374A,N,O,04/02/2026 03:59:44 PM
22374B,N,O,04/02/2026 07:44:03 PM
22375A,N,O,04/02/2026 07:13:53 PM
22375B,N,O,04/02/2026 05:41:34 PM
22376A,N,O,04/02/2026 07:19:08 PM
22376B,N,O,04/02/2026 05:17:13 PM
22377A,N,O,04/02/2026 06:57:22 PM
22377B,N,O,04/02/2026 05:53:37 PM
22378A,N,O,04/02/2026 07:51:43 PM
22378B,N,O,04/02/2026 07:24:50 PM
22379A,N,O,04/02/2026 06:19:58 PM
22379B,N,O,04/02/2026 06:49:10 PM
2237A,N,O,04/02/2026 10:15:29 PM
22380A,N,O,04/02/2026 07:23:43 PM
22380B,N,O,04/02/2026 05:42:48 PM
22383B,N,O,04/02/2026 06:16:04 PM
22384A,N,O,04/02/2026 07:42:22 PM
22384B,N,O,04/02/2026 05:41:22 PM
22385A,N,O,04/02/2026 02:04:45 PM
22385B,N,O,04/02/2026 06:20:33 PM
22386A,N,O,04/02/2026 06:39:38 PM
22386B,N,O,04/02/2026 06:33:28 PM
22387A,N,O,04/02/2026 06:14:55 PM
22387B,N,O,04/02/2026 06:34:44 PM
22388A,N,V,04/02/2026 07:53:47 PM
22388B,N,O,04/02/2026 06:57:26 PM
22389A,N,O,04/02/2026 07:03:42 PM
22389B,N,O,04/02/2026 07:46:42 PM
2238A,N,V,04/02/2026 11:15:00 PM
2238B,N,V,04/02/2026 11:56:25 PM
22390A,N,O,04/02/2026 04:37:13 PM
22390B,N,O,04/02/2026 07:33:55 PM
22391A,N,O,04/02/2026 05:38:05 PM
22391B,N,V,04/02/2026 07:59:49 PM
22392A,N,O,04/02/2026 03:53:39 PM
22392B,N,O,04/02/2026 07:36:53 PM
22393B,N,O,04/02/2026 07:01:48 PM
22394A,N,O,04/02/2026 05:53:24 PM
22394B,N,O,04/02/2026 06:39:03 PM
22395A,N,O,04/02/2026 03:41:28 PM
22395B,N,O,04/02/2026 04:45:17 PM
22396A,N,O,04/02/2026 06:49:36 PM
22396B,N,O,04/02/2026 06:14:37 PM
22397A,N,V,04/02/2026 07:30:06 PM
22397B,N,O,04/02/2026 07:04:05 PM
22398A,N,O,04/02/2026 05:59:02 PM
22398B,N,O,04/02/2026 04:55:44 PM
22399A,N,O,04/02/2026 06:15:55 PM
22399B,N,O,04/02/2026 05:47:57 PM
2239A,N,O,04/02/2026 03:54:13 PM
2239B,N,O,04/02/2026 11:25:55 PM
223A,N,V,04/02/2026 11:59:27 PM
223B,N,O,04/02/2026 08:24:25 PM
22400A,N,O,04/02/2026 06:52:53 PM
22400B,N,O,04/02/2026 07:00:12 PM
22401A,N,O,04/02/2026 05:25:29 PM
22401B,N,O,04/02/2026 07:54:21 PM
22402A,N,O,04/02/2026 04:47:08 PM
22402B,N,V,04/02/2026 07:49:45 PM
22403A,N,O,04/02/2026 06:34:25 PM
22403B,N,O,04/02/2026 05:44:24 PM
22404A,N,O,04/02/2026 02:31:50 PM
22404B,N,O,04/02/2026 03:20:37 PM
22405A,N,O,04/02/2026 06:32:09 PM
22405B,N,O,04/02/2026 11:17:08 AM
22406A,N,O,04/02/2026 07:53:43 PM
22407A,N,O,04/02/2026 07:03:23 PM
22407B,N,O,04/02/2026 07:32:19 PM
22408A,N,O,04/02/2026 04:34:06 PM
22408B,N,O,04/02/2026 06:34:58 PM
22409A,N,O,04/02/2026 04:52:48 PM
22409B,N,O,04/02/2026 06:35:48 PM
2240A,N,O,04/02/2026 10:44:21 PM
2240B,N,O,04/02/2026 10:29:19 PM
22410A,N,O,04/02/2026 06:59:52 AM
22410B,N,O,04/02/2026 06:59:52 AM
22411A,N,O,04/02/2026 05:02:47 PM
22411B,N,O,04/02/2026 07:42:55 PM
22412A,N,O,04/02/2026 02:38:53 PM
22412B,N,O,04/02/2026 04:05:09 PM
22414A,N,O,04/02/2026 07:56:39 PM
22414B,N,O,04/02/2026 06:36:50 PM
22415A,N,O,04/02/2026 07:58:45 PM
22415B,N,O,04/02/2026 06:46:09 PM
22416A,N,O,04/02/2026 07:46:19 PM
22416B,N,O,04/02/2026 03:21:56 PM
22417A,N,O,04/02/2026 06:57:47 AM
22417B,N,O,04/02/2026 08:16:49 AM
22418A,N,O,04/02/2026 06:09:24 PM
22418B,N,V,04/02/2026 05:56:17 PM
22419A,N,O,04/02/2026 03:53:37 PM
22419B,N,O,04/02/2026 06:55:49 AM
2241A,N,O,04/02/2026 10:15:46 PM
2241B,N,O,04/02/2026 08:37:59 PM
22420A,N,O,04/02/2026 07:35:09 PM
22420B,N,O,04/02/2026 06:26:54 PM
22421A,N,O,04/02/2026 06:38:35 PM
22421B,N,O,04/02/2026 04:48:47 PM
22422A,N,O,04/02/2026 06:59:42 PM
22422B,N,V,04/02/2026 07:34:25 PM
22423A,N,O,04/02/2026 06:40:02 PM
22423B,N,O,04/02/2026 03:13:44 PM
22424A,N,O,04/02/2026 11:37:41 AM
22424B,N,O,04/02/2026 06:51:08 PM
22425A,N,O,04/02/2026 06:29:57 PM
22425B,N,O,04/02/2026 05:18:57 PM
22426A,N,O,04/02/2026 07:59:36 PM
22426B,N,O,04/02/2026 02:08:10 PM
22427A,N,O,04/02/2026 10:09:49 AM
22427B,N,O,04/02/2026 03:38:51 PM
22428A,N,O,04/02/2026 02:42:53 PM
22428B,N,O,04/02/2026 11:41:57 AM
22429A,N,O,04/02/2026 07:17:47 PM
22429B,N,O,04/02/2026 07:51:23 PM
2242A,N,V,04/02/2026 09:30:33 PM
2242B,N,O,04/02/2026 10:49:32 PM
22430A,N,O,04/02/2026 07:21:57 PM
22430B,N,O,04/02/2026 05:06:33 PM
22431A,N,O,04/02/2026 03:40:30 PM
22431B,N,O,04/02/2026 07:45:46 PM
22432A,N,O,04/02/2026 03:28:44 PM
22432B,N,O,04/02/2026 06:12:52 PM
22433A,N,O,04/02/2026 03:01:50 PM
22433B,N,O,04/02/2026 02:15:00 PM
22434A,N,O,04/02/2026 07:55:47 AM
22435A,N,O,04/02/2026 06:59:50 AM
22436A,N,O,04/02/2026 06:57:45 PM
22436B,N,O,04/02/2026 03:16:23 PM
22437A,N,O,04/02/2026 04:21:22 PM
22437B,N,O,04/02/2026 03:37:42 PM
22440A,N,O,04/02/2026 05:34:27 PM
22440B,N,O,04/02/2026 05:34:59 PM
22442B,N,O,04/02/2026 06:10:37 PM
22443A,N,O,04/02/2026 05:02:34 PM
22443B,N,O,04/02/2026 02:48:59 PM
22444A,N,O,04/02/2026 03:07:30 PM
22444B,N,O,04/02/2026 07:16:26 PM
22445A,N,V,04/02/2026 05:30:03 PM
22445B,N,O,04/02/2026 07:19:42 PM
22446A,N,O,04/02/2026 05:56:25 PM
22446B,N,O,04/01/2026 06:58:46 AM
22447A,N,O,04/02/2026 05:17:15 PM
22447B,N,O,04/02/2026 05:11:51 PM
22448A,N,O,04/02/2026 05:40:29 PM
22448B,N,O,04/02/2026 05:22:43 PM
22449A,N,V,04/01/2026 03:46:21 PM
22449B,N,V,04/02/2026 07:59:55 PM
2244A,N,O,04/02/2026 11:55:42 PM
2244B,N,O,04/02/2026 05:11:50 PM
22450A,N,O,04/02/2026 06:16:38 PM
22450B,N,O,04/02/2026 04:37:14 PM
22451A,N,V,04/02/2026 04:59:41 PM
22451B,N,V,04/02/2026 12:44:10 PM
22452A,N,O,04/02/2026 06:37:12 PM
22452B,N,V,04/02/2026 01:28:37 PM
22453A,N,O,04/02/2026 06:56:52 AM
22453B,N,O,03/30/2026 06:19:55 PM
22454A,N,V,04/01/2026 03:33:03 PM
22454B,N,O,04/02/2026 07:46:55 PM
22455A,N,V,04/02/2026 01:02:27 PM
22455B,N,O,04/02/2026 07:23:04 PM
22456A,N,V,04/02/2026 04:48:46 PM
22456B,N,O,04/02/2026 07:43:21 PM
22457A,N,O,04/02/2026 07:28:45 PM
22457B,N,V,04/02/2026 02:43:17 PM
22458A,N,O,04/02/2026 04:29:26 PM
22458B,N,O,04/02/2026 07:58:51 PM
22459A,N,V,04/02/2026 07:58:32 PM
22459B,N,V,04/02/2026 12:09:35 PM
2245A,N,V,04/01/2026 11:59:52 PM
2245B,N,O,04/02/2026 02:14:17 PM
22460A,N,V,04/02/2026 05:24:28 PM
22460B,N,O,04/02/2026 05:52:20 PM
22461A,N,O,04/02/2026 03:44:25 PM
22461B,N,O,04/02/2026 06:38:57 PM
22462A,N,O,04/02/2026 05:59:12 PM
22462B,N,V,04/02/2026 06:00:07 PM
22463A,N,O,04/02/2026 06:35:34 PM
22463B,N,V,04/02/2026 06:30:20 PM
22464A,N,O,04/02/2026 07:28:35 PM
22464B,N,O,04/02/2026 06:11:54 PM
22465A,N,O,04/02/2026 07:00:30 PM
22465B,N,O,04/02/2026 06:03:26 PM
22466A,N,O,04/02/2026 07:22:42 PM
22466B,N,O,04/02/2026 07:46:35 PM
22467A,N,O,04/02/2026 06:54:10 PM
22467B,N,O,04/02/2026 05:58:55 PM
22468A,N,O,04/02/2026 06:26:25 PM
22468B,N,O,04/02/2026 05:22:14 PM
22469B,N,O,04/02/2026 07:19:35 PM
2246A,N,O,04/02/2026 05:46:47 PM
22470A,N,O,04/02/2026 03:37:45 PM
22470B,N,O,04/02/2026 06:41:03 PM
22471A,N,O,04/02/2026 04:43:12 PM
22471B,N,O,04/02/2026 07:54:53 PM
22472A,N,O,04/02/2026 07:07:32 PM
22472B,N,V,04/02/2026 07:20:05 PM
22473A,N,V,04/02/2026 07:45:15 PM
22473B,N,V,04/02/2026 07:33:21 PM
22474A,N,O,04/02/2026 06:55:44 AM
22474B,N,O,04/02/2026 07:07:04 PM
22475A,N,V,04/02/2026 07:46:00 PM
22475B,N,V,04/02/2026 07:38:41 PM
22476A,N,V,04/02/2026 07:58:57 PM
22476B,N,O,04/02/2026 07:16:43 PM
22477A,N,O,04/02/2026 12:33:46 PM
22477B,N,V,04/02/2026 06:05:34 PM
22478A,N,V,04/02/2026 06:37:11 PM
22478B,N,O,04/02/2026 07:43:03 PM
22479A,N,V,04/02/2026 08:00:45 AM
22479B,N,O,04/02/2026 06:07:19 PM
2247A,N,O,04/02/2026 04:11:07 PM
2247B,N,V,04/02/2026 11:09:29 PM
22480A,N,V,04/02/2026 07:39:59 AM
22480B,N,V,04/02/2026 05:30:14 PM
22481A,N,V,04/02/2026 06:04:11 PM
22481B,N,O,04/02/2026 07:28:22 PM
22482A,N,O,04/02/2026 07:47:36 PM
22482B,N,V,04/02/2026 05:24:29 PM
22483A,N,V,04/02/2026 06:08:54 PM
22483B,N,V,04/02/2026 06:45:25 PM
22484A,N,V,04/02/2026 08:07:50 AM
22484B,N,O,04/02/2026 06:40:36 PM
22485A,N,V,04/02/2026 07:52:59 PM
22485B,N,V,04/02/2026 06:58:27 PM
22486A,N,O,04/02/2026 03:35:54 PM
22486B,N,O,04/02/2026 06:13:42 PM
22487A,N,O,04/02/2026 04:56:06 PM
22487B,N,O,04/02/2026 06:26:43 PM
22488A,N,V,04/02/2026 07:07:46 PM
22488B,N,O,04/02/2026 07:50:09 PM
22489A,N,O,04/02/2026 07:55:58 PM
22489B,N,O,04/02/2026 07:25:21 PM
2248B,N,O,04/02/2026 06:56:47 AM
22490A,N,V,04/02/2026 07:27:45 PM
22490B,N,V,04/02/2026 07:39:46 PM
22491A,N,V,04/02/2026 08:14:41 AM
22491B,N,V,04/02/2026 07:33:21 PM
22492A,N,O,04/02/2026 07:28:22 PM
22492B,N,O,04/02/2026 07:25:00 PM
22493A,N,V,04/02/2026 06:57:21 PM
22493B,N,O,04/02/2026 06:44:50 PM
22494A,N,O,04/02/2026 03:57:41 PM
22494B,N,O,04/02/2026 07:29:33 PM
22495A,N,V,04/02/2026 12:45:58 PM
22495B,N,O,04/02/2026 07:36:46 PM
22496A,N,V,04/02/2026 12:17:41 PM
22496B,N,V,04/02/2026 01:46:27 PM
22497A,N,V,04/01/2026 07:01:29 PM
22497B,N,V,04/02/2026 04:56:58 PM
22498A,N,O,04/02/2026 07:59:15 PM
22498B,N,V,04/02/2026 07:04:12 PM
22499A,N,V,04/02/2026 07:07:40 AM
22499B,N,V,04/02/2026 05:00:08 PM
22500A,N,V,04/02/2026 07:30:28 AM
22500B,N,V,04/02/2026 05:38:00 PM
22501A,N,V,04/02/2026 08:03:49 AM
22501B,N,O,04/01/2026 06:20:26 PM
22502A,N,O,04/02/2026 06:42:23 PM
22502B,N,V,04/02/2026 01:50:09 PM
22503A,N,O,04/02/2026 07:06:03 PM
22503B,N,O,04/02/2026 06:22:30 PM
22504A,N,O,04/02/2026 07:18:15 PM
22504B,N,O,04/02/2026 06:06:41 PM
22505A,N,O,04/02/2026 07:27:50 PM
22505B,N,O,04/02/2026 04:28:03 PM
22506A,N,V,04/02/2026 07:49:10 PM
22506B,N,O,04/02/2026 03:45:48 PM
22507A,N,O,04/02/2026 06:25:08 PM
22507B,N,O,04/02/2026 05:44:48 PM
22508A,N,V,04/02/2026 08:13:23 AM
22508B,N,O,04/02/2026 05:54:34 PM
22509A,N,O,04/02/2026 06:43:21 PM
22509B,N,O,04/02/2026 06:29:04 PM
22510A,N,O,04/02/2026 07:09:17 PM
22510B,N,O,04/02/2026 07:55:13 PM
22511A,N,O,04/02/2026 07:32:39 PM
22511B,N,O,04/02/2026 07:40:06 PM
22512A,N,O,04/02/2026 05:29:18 PM
22512B,N,O,04/02/2026 07:50:22 PM
22513A,N,V,04/02/2026 05:26:56 PM
22513B,N,O,04/02/2026 05:50:40 PM
22514A,N,O,04/02/2026 07:41:18 PM
22514B,N,O,04/02/2026 06:56:32 PM
22515A,N,V,04/02/2026 05:17:13 PM
22515B,N,O,04/02/2026 07:09:43 PM
22516A,N,O,04/02/2026 02:57:08 PM
22516B,N,O,04/02/2026 06:33:45 PM
22517A,N,O,04/02/2026 07:31:28 PM
22517B,N,V,04/02/2026 11:14:10 AM
22518A,N,O,04/02/2026 07:59:34 PM
22518B,N,O,04/02/2026 07:27:52 PM
22519A,N,O,04/02/2026 05:30:39 PM
22519B,N,O,04/02/2026 07:51:15 PM
22520B,N,O,04/02/2026 07:00:17 PM
22521A,N,O,04/02/2026 06:33:05 PM
22522B,N,O,04/02/2026 06:13:54 PM
22523A,N,O,04/02/2026 06:17:06 PM
22523B,N,O,04/02/2026 05:51:38 PM
22524A,N,O,04/02/2026 01:44:45 PM
22524B,N,O,04/02/2026 07:33:02 PM
22525A,N,O,04/02/2026 07:58:10 PM
22525B,N,O,04/02/2026 07:09:38 PM
22526A,N,O,04/02/2026 06:53:49 PM
22526B,N,O,04/02/2026 07:09:57 PM
22531A,N,V,04/02/2026 07:41:30 PM
22531B,N,O,04/02/2026 05:50:23 PM
22532A,N,O,04/02/2026 05:08:45 PM
22532B,N,O,04/02/2026 06:51:18 PM
22533A,N,O,04/02/2026 06:52:03 PM
22534A,N,O,04/02/2026 07:47:03 PM
22534B,N,V,04/02/2026 07:53:06 PM
22535A,N,O,04/02/2026 06:33:13 PM
22535B,N,O,04/02/2026 07:01:03 PM
22536B,N,V,04/02/2026 07:19:11 PM
22537A,N,O,04/02/2026 06:57:45 AM
22538A,N,V,04/02/2026 07:58:52 PM
22538B,N,O,04/02/2026 03:46:55 PM
22539A,N,V,04/02/2026 07:52:36 PM
22539B,N,O,04/02/2026 07:54:31 PM
22540A,N,O,04/02/2026 07:56:41 PM
22540B,N,O,04/02/2026 06:32:41 PM
22541A,N,O,04/02/2026 07:21:40 PM
22541B,N,O,04/02/2026 07:27:04 PM
22542A,N,O,04/02/2026 05:17:54 PM
22542B,N,O,04/02/2026 07:32:22 PM
22543A,N,O,04/02/2026 06:45:21 PM
22543B,N,O,04/02/2026 07:17:19 PM
22544A,N,O,04/02/2026 06:05:29 PM
22544B,N,O,04/02/2026 06:38:45 PM
22545A,N,O,04/02/2026 07:32:55 PM
22545B,N,O,04/02/2026 07:14:26 PM
22546A,N,V,04/02/2026 06:19:25 PM
22546B,N,V,04/02/2026 07:41:08 PM
22547A,N,V,04/02/2026 06:50:35 PM
22547B,N,V,04/02/2026 06:50:35 PM
22548A,N,O,04/02/2026 05:27:56 PM
22548B,N,O,04/02/2026 06:30:23 PM
22549A,N,O,04/02/2026 06:13:05 PM
22550A,N,V,04/02/2026 03:06:28 PM
22550B,N,V,04/02/2026 06:10:57 PM
22551A,N,V,04/02/2026 07:40:53 AM
22551B,N,V,04/02/2026 02:10:24 PM
22552A,N,V,04/02/2026 07:24:29 PM
22552B,N,O,04/02/2026 07:33:17 PM
22553A,N,V,04/02/2026 04:29:22 PM
22553B,N,O,04/02/2026 07:16:04 PM
22554A,N,O,04/02/2026 07:52:03 PM
22554B,N,V,04/02/2026 03:03:22 PM
22555A,N,O,04/02/2026 07:00:55 PM
22555B,N,O,04/02/2026 05:09:13 PM
22556A,N,V,04/02/2026 07:20:54 PM
22556B,N,O,04/02/2026 06:49:33 PM
22557B,N,O,04/02/2026 07:21:22 PM
22558A,N,O,04/02/2026 07:11:10 PM
22558B,N,O,04/02/2026 07:44:29 PM
22559A,N,O,04/02/2026 07:07:13 PM
22559B,N,V,04/02/2026 08:21:41 AM
22560A,N,V,04/02/2026 07:50:24 PM
22560B,N,V,04/02/2026 07:50:36 PM
22561A,N,V,04/02/2026 04:43:37 PM
22561B,N,V,04/02/2026 04:46:55 PM
22562A,N,V,04/02/2026 07:31:17 PM
22562B,N,V,04/02/2026 07:28:39 PM
22563A,N,V,04/02/2026 06:15:28 PM
22563B,N,V,04/02/2026 06:37:03 PM
22564A,N,V,04/02/2026 06:01:15 PM
22564B,N,O,04/02/2026 06:19:33 PM
22565A,N,V,04/02/2026 01:58:36 PM
22565B,N,V,04/02/2026 07:16:57 PM
22566A,N,V,04/02/2026 07:34:10 PM
22566B,N,V,04/02/2026 07:36:15 PM
22567A,N,V,04/02/2026 07:52:59 PM
22567B,N,O,04/02/2026 05:33:27 PM
22568A,N,O,04/02/2026 02:14:37 PM
22568B,N,O,04/02/2026 02:00:48 PM
22569A,N,O,04/02/2026 05:53:27 PM
22569B,N,O,04/02/2026 07:59:51 PM
22570A,N,O,04/02/2026 07:54:25 PM
22570B,N,O,04/02/2026 07:26:20 PM
22571A,N,O,04/02/2026 07:00:15 PM
22571B,N,V,04/02/2026 04:40:59 PM
22572A,N,V,04/02/2026 07:25:06 PM
22572B,N,V,04/02/2026 05:13:51 PM
22573A,N,V,04/02/2026 04:41:53 PM
22573B,N,V,04/02/2026 06:53:15 PM
22574A,N,O,04/02/2026 07:07:04 PM
22574B,N,V,04/02/2026 07:07:18 PM
22575A,N,O,04/02/2026 06:59:49 AM
22575B,N,V,04/01/2026 06:58:02 PM
22576A,N,O,04/02/2026 06:05:22 PM
22576B,N,V,04/02/2026 07:51:39 PM
22577A,N,O,04/02/2026 07:30:25 PM
22577B,N,V,04/02/2026 07:31:29 PM
22579A,N,O,04/02/2026 07:09:51 PM
22580A,N,O,04/02/2026 03:44:20 PM
22581A,N,O,04/02/2026 03:28:37 PM
22581B,N,O,04/02/2026 05:13:48 PM
22582A,N,O,04/02/2026 07:09:27 PM
22583A,N,O,04/01/2026 06:56:43 AM
22583B,N,V,04/02/2026 05:08:11 PM
22584A,N,O,04/02/2026 08:22:51 AM
22586B,N,V,04/02/2026 03:59:58 PM
22587A,N,V,04/02/2026 06:09:32 PM
22587B,N,O,04/02/2026 07:58:51 PM
22588A,N,V,04/02/2026 06:46:02 PM
22588B,N,V,04/02/2026 06:41:09 PM
22589A,N,O,04/02/2026 06:24:29 PM
22589B,N,V,04/02/2026 12:04:22 PM
22590A,N,V,04/02/2026 06:51:02 PM
22590B,N,O,04/02/2026 06:59:30 PM
22591A,N,V,04/02/2026 07:59:16 PM
22591B,N,O,04/02/2026 07:58:09 PM
22592A,N,V,04/02/2026 06:08:19 PM
22604A,N,V,04/02/2026 12:39:50 PM
22604B,N,V,04/02/2026 06:27:27 PM
22605A,N,V,04/02/2026 06:36:35 PM
22605B,N,O,04/02/2026 06:54:34 PM
22606A,N,V,04/02/2026 04:41:39 PM
22607A,N,V,04/02/2026 02:34:14 PM
22607B,N,V,04/02/2026 07:16:48 AM
22608A,N,V,04/02/2026 08:14:33 AM
22608B,N,V,04/02/2026 03:08:05 PM
22609A,N,O,04/02/2026 01:14:50 PM
22610B,N,O,04/02/2026 07:04:59 PM
22611A,N,V,04/02/2026 05:43:36 PM
22611B,N,O,04/02/2026 07:55:32 PM
22612A,N,V,04/02/2026 07:59:14 PM
22612B,N,V,04/02/2026 06:06:13 PM
22614A,N,V,04/02/2026 07:55:18 PM
22614B,N,V,04/02/2026 07:50:03 PM
22615A,N,V,04/02/2026 06:32:18 PM
22615B,N,O,04/02/2026 07:10:54 PM
22616A,N,O,04/02/2026 07:57:04 PM
22616B,N,O,04/02/2026 07:55:31 PM
22617A,N,O,04/02/2026 07:32:53 PM
22617B,N,O,04/02/2026 07:29:06 PM
22618A,N,O,04/02/2026 07:46:55 PM
22618B,N,O,04/02/2026 05:48:40 PM
22619A,N,O,04/02/2026 07:14:36 PM
22619B,N,O,04/02/2026 06:55:52 AM
22620A,N,O,04/02/2026 07:27:55 PM
22620B,N,O,04/02/2026 06:40:28 PM
22621A,NU,O,04/02/2026 07:26:36 PM
22621B,NU,O,04/02/2026 07:59:58 PM
22622A,N,O,04/02/2026 07:29:40 PM
22622B,N,V,04/02/2026 12:38:53 PM
22623A,N,V,04/02/2026 03:59:02 PM
22623B,N,V,04/02/2026 11:24:47 AM
22624A,N,O,04/02/2026 07:59:54 PM
22624B,N,O,04/02/2026 07:40:45 PM
22625A,N,O,04/02/2026 07:01:54 PM
22625B,N,V,04/02/2026 02:39:42 PM
22626A,N,V,04/02/2026 02:47:37 PM
22626B,N,V,04/02/2026 01:41:04 PM
22627A,N,O,04/02/2026 07:54:11 PM
22627B,N,V,04/02/2026 07:57:40 PM
22628A,N,O,04/02/2026 05:38:46 PM
22628B,N,O,04/02/2026 07:00:10 PM
22629A,N,V,04/02/2026 07:25:34 PM
22629B,N,V,04/02/2026 07:53:38 PM
22630A,N,O,04/02/2026 06:23:27 PM
22630B,N,O,04/02/2026 06:49:55 PM
22631A,N,O,04/03/2026 08:17:00 AM
22631B,N,O,04/02/2026 06:41:17 PM
22632A,N,O,04/02/2026 04:05:54 PM
22632B,N,O,04/02/2026 07:37:38 PM
22633A,N,O,04/02/2026 10:48:57 AM
22633B,N,O,04/02/2026 06:51:37 PM
22634A,N,O,04/02/2026 11:52:47 AM
22634B,N,O,04/02/2026 07:22:59 PM
22635A,N,O,04/02/2026 07:16:51 PM
22635B,N,O,04/02/2026 05:29:12 PM
22636A,N,O,04/02/2026 02:20:04 PM
22636B,N,O,04/02/2026 11:27:55 AM
22637A,N,O,04/02/2026 06:57:48 AM
22637B,N,O,04/02/2026 04:30:03 PM
22638A,N,O,04/02/2026 06:56:52 AM
22638B,N,O,04/02/2026 02:43:42 PM
22639A,N,O,04/02/2026 02:43:41 PM
22639B,N,O,04/02/2026 05:23:19 PM
22640A,N,O,04/02/2026 05:29:38 PM
22640B,N,O,04/02/2026 12:47:12 PM
22641A,N,O,04/02/2026 06:10:42 PM
22641B,N,O,04/02/2026 06:59:20 PM
22642A,N,O,04/02/2026 05:22:54 PM
22642B,N,O,04/02/2026 06:57:44 AM
22643A,N,O,04/02/2026 05:24:19 PM
22643B,N,O,04/02/2026 06:56:52 AM
22650A,N,O,04/02/2026 05:24:34 PM
22650B,N,O,04/02/2026 07:26:52 PM
22651A,N,O,04/02/2026 03:47:33 PM
22651B,N,O,04/02/2026 06:58:48 AM
22656B,N,O,04/02/2026 04:50:47 PM
22657A,N,O,04/02/2026 06:55:44 PM
22657B,N,O,04/02/2026 07:54:12 PM
22658A,N,O,04/02/2026 06:16:14 PM
22658B,N,O,04/02/2026 06:54:41 PM
22659A,N,O,04/02/2026 03:48:55 PM
22659B,N,O,04/02/2026 03:41:49 PM
22660A,N,O,04/02/2026 06:58:16 PM
22660B,N,V,01/12/2026 12:09:11 PM
22661A,N,O,04/02/2026 03:18:06 PM
22661B,N,O,04/02/2026 01:58:38 PM
22662A,N,O,04/02/2026 03:12:17 PM
22662B,N,O,04/02/2026 02:01:24 PM
22663A,N,O,04/02/2026 02:40:45 PM
22663B,N,O,04/02/2026 09:57:28 AM
22664A,N,O,04/02/2026 06:55:50 AM
22664B,N,O,04/02/2026 06:55:50 AM
22665A,N,O,04/02/2026 06:59:43 AM
22666A,N,O,04/02/2026 07:49:05 PM
22667A,N,O,04/02/2026 09:01:18 AM
22667B,N,O,04/02/2026 05:19:39 PM
22668A,N,O,04/02/2026 04:24:08 PM
22669A,N,O,04/02/2026 02:03:13 PM
22669B,N,O,04/02/2026 06:30:10 PM
22670A,N,O,11/22/2025 08:29:38 AM
22670B,N,O,11/22/2025 06:59:55 AM
22671A,N,O,04/02/2026 01:12:49 PM
22671B,N,O,04/02/2026 03:29:44 PM
22672A,N,O,04/02/2026 03:27:59 PM
22672B,N,O,04/02/2026 04:33:36 PM
22673A,N,O,04/02/2026 03:35:19 PM
22673B,N,O,04/02/2026 04:43:59 PM
22674A,N,O,04/02/2026 04:57:48 PM
22674B,N,O,04/02/2026 12:38:35 PM
22675A,N,O,11/18/2025 03:37:11 PM
22675B,N,O,08/25/2025 10:40:46 AM
22676A,N,V,04/02/2026 07:40:02 PM
22676B,N,V,09/09/2025 06:39:15 PM
22677A,N,O,04/02/2026 02:10:16 PM
22678B,N,O,04/02/2026 10:46:21 AM
22679A,N,O,04/02/2026 06:15:24 PM
22679B,N,O,04/02/2026 02:07:45 PM
22680A,N,O,04/02/2026 03:46:22 PM
22681A,N,O,04/02/2026 04:14:58 PM
22681B,N,O,04/02/2026 07:17:44 PM
22682A,N,O,04/02/2026 03:54:25 PM
22682B,N,O,04/02/2026 06:57:55 AM
22683A,N,O,04/02/2026 07:01:23 PM
22683B,N,O,04/02/2026 06:03:12 PM
22684A,N,O,04/02/2026 06:09:50 PM
22684B,N,O,04/02/2026 06:10:19 PM
22685A,N,O,04/02/2026 03:02:29 PM
22685B,N,O,04/02/2026 05:17:17 PM
22686A,N,O,04/02/2026 07:09:36 PM
22686B,N,O,04/02/2026 07:48:49 PM
22687A,N,O,04/02/2026 05:29:44 PM
22687B,N,O,04/02/2026 07:52:55 PM
22688A,N,O,04/02/2026 06:02:17 PM
22688B,N,V,04/02/2026 07:59:48 PM
22689A,N,O,04/02/2026 07:21:35 PM
22689B,N,O,04/02/2026 06:58:55 PM
22690A,N,O,04/02/2026 07:30:31 PM
22690B,N,O,04/02/2026 07:37:16 PM
22691A,N,O,04/02/2026 07:12:17 PM
22691B,N,O,04/02/2026 06:28:26 PM
22692A,N,O,04/02/2026 07:36:11 PM
22692B,N,O,04/02/2026 07:30:07 PM
22693A,N,O,04/02/2026 06:44:10 PM
22693B,N,O,04/02/2026 07:26:52 PM
22694A,N,O,04/02/2026 06:05:43 PM
22694B,N,O,04/02/2026 06:55:43 AM
22695A,N,O,04/02/2026 03:42:36 PM
22695B,N,O,04/02/2026 07:49:19 PM
22696A,N,O,04/02/2026 07:18:28 PM
22696B,N,V,04/02/2026 06:29:26 PM
22697A,N,O,04/02/2026 07:41:27 PM
22697B,N,O,04/02/2026 07:19:52 PM
22698A,N,O,04/02/2026 05:46:48 PM
22698B,N,O,04/02/2026 04:11:26 PM
22699A,N,O,04/02/2026 04:46:56 PM
22699B,N,O,04/02/2026 06:46:24 PM
22700A,N,O,04/02/2026 07:05:57 PM
22700B,N,O,04/02/2026 12:10:43 PM
22703A,N,O,04/02/2026 05:31:03 PM
22703B,N,O,04/02/2026 05:28:48 PM
22704A,N,O,04/02/2026 05:02:56 PM
22704B,N,O,04/02/2026 05:44:35 PM
2270A,N,O,04/03/2026 06:59:48 AM
2270B,N,V,04/03/2026 08:12:35 AM
22710A,N,O,04/02/2026 08:29:52 AM
22710B,N,O,04/02/2026 07:13:05 PM
22711A,N,O,04/02/2026 08:28:54 AM
22711B,N,O,04/02/2026 06:45:52 PM
22712A,N,O,04/02/2026 04:48:54 PM
22712B,N,O,04/02/2026 04:40:04 PM
22713A,N,O,04/02/2026 06:19:49 PM
22714B,N,O,04/02/2026 12:39:44 PM
22715A,N,O,04/02/2026 07:11:32 PM
22715B,N,O,04/02/2026 05:28:52 PM
22721A,N,O,04/02/2026 07:00:24 PM
22721B,N,O,04/02/2026 06:21:35 PM
22722A,N,O,04/02/2026 06:25:33 PM
22722B,N,O,04/02/2026 06:21:55 PM
22723A,N,O,04/02/2026 05:37:20 PM
22723B,N,O,04/02/2026 03:36:18 PM
22724A,N,O,04/02/2026 05:09:11 PM
22724B,N,O,04/02/2026 05:40:48 PM
22725A,N,O,04/02/2026 02:51:18 PM
22725B,N,O,04/02/2026 06:02:55 PM
22726B,N,O,04/02/2026 10:31:23 AM
22730A,N,O,04/02/2026 07:03:38 PM
22730B,N,O,04/02/2026 07:47:54 PM
22731A,N,O,04/02/2026 07:17:54 PM
22731B,N,O,04/02/2026 07:37:35 PM
22732A,N,O,04/02/2026 06:23:36 PM
22732B,N,O,04/02/2026 07:29:29 PM
22733A,N,V,04/02/2026 07:17:10 PM
22733B,N,O,04/02/2026 06:53:00 PM
22734A,N,O,04/02/2026 06:50:55 PM
22734B,N,O,04/02/2026 06:06:12 PM
22735A,N,O,04/02/2026 06:36:41 PM
22735B,N,O,04/02/2026 07:38:02 PM
22736A,N,O,04/02/2026 07:12:07 PM
22736B,N,O,04/02/2026 07:17:18 PM
22737A,N,O,04/02/2026 07:47:27 PM
22737B,N,O,04/02/2026 02:42:44 PM
22740A,N,O,04/02/2026 07:33:13 PM
22740B,N,O,04/02/2026 04:22:05 PM
22741A,N,O,04/02/2026 06:51:29 PM
22741B,N,O,04/02/2026 06:52:18 PM
22742A,N,O,04/02/2026 06:42:11 PM
22742B,N,V,04/02/2026 06:50:04 PM
22743A,N,O,04/02/2026 06:56:43 AM
22743B,N,O,04/02/2026 09:54:55 AM
22744A,N,O,04/02/2026 06:09:55 PM
22744B,N,O,04/02/2026 01:43:37 PM
22745A,N,O,04/02/2026 06:48:05 PM
22745B,N,O,04/02/2026 06:29:51 PM
22746A,N,O,04/02/2026 05:05:06 PM
22746B,N,O,04/02/2026 06:08:51 PM
22747A,N,O,04/02/2026 06:19:40 PM
22747B,N,O,04/02/2026 03:06:15 PM
22748A,N,O,04/02/2026 03:23:06 PM
22748B,N,O,04/02/2026 06:32:30 PM
22749A,N,O,04/02/2026 05:55:34 PM
22749B,N,O,04/02/2026 06:26:29 PM
22750A,N,O,04/02/2026 06:14:54 PM
22750B,N,O,04/02/2026 06:07:28 PM
22751A,N,O,04/02/2026 06:32:23 PM
22751B,N,O,04/02/2026 07:30:25 PM
22752A,N,O,04/02/2026 07:05:17 PM
22752B,N,O,04/02/2026 07:05:17 PM
22753A,N,O,04/02/2026 06:31:32 PM
22753B,N,O,04/02/2026 06:58:15 PM
22754A,N,O,04/02/2026 05:39:14 PM
22754B,N,O,04/02/2026 04:50:51 PM
22755A,NU,O,04/02/2026 07:17:32 PM
22755B,NU,O,04/02/2026 03:38:12 PM
22756A,N,O,04/02/2026 05:39:19 PM
22756B,N,O,04/02/2026 05:46:15 PM
22757A,N,O,04/02/2026 04:52:21 PM
22757B,N,O,04/02/2026 05:11:57 PM
22758A,N,O,04/02/2026 05:00:13 PM
22758B,N,O,04/02/2026 02:01:02 PM
22759A,N,O,04/02/2026 07:14:12 PM
22759B,N,V,04/02/2026 01:33:53 PM
22760A,N,O,04/02/2026 04:28:26 PM
22760B,N,O,04/02/2026 06:32:46 PM
22761A,N,O,04/02/2026 05:07:03 PM
22761B,N,V,03/23/2026 06:47:42 PM
22762A,N,O,04/02/2026 04:28:54 PM
22762B,N,O,04/02/2026 06:23:52 PM
22763A,N,O,04/02/2026 05:54:30 PM
22763B,N,O,04/02/2026 05:45:05 PM
22764A,N,O,04/02/2026 06:49:59 PM
22764B,N,O,04/02/2026 06:44:34 PM
22765A,N,O,04/02/2026 06:51:06 PM
22765B,N,O,04/02/2026 06:18:37 PM
22766A,N,O,04/02/2026 06:40:19 PM
22766B,N,O,04/02/2026 07:20:08 PM
22767A,N,O,04/02/2026 07:21:03 PM
22767B,N,O,04/02/2026 07:42:41 PM
22768A,N,O,04/02/2026 01:16:04 PM
22768B,N,V,04/02/2026 07:53:47 PM
22769A,N,O,04/02/2026 07:58:48 PM
22769B,N,O,04/02/2026 07:38:49 PM
2276A,N,O,04/02/2026 11:59:49 PM
2276B,N,V,04/02/2026 11:59:49 PM
22770A,N,O,04/02/2026 06:59:51 AM
22770B,N,V,04/02/2026 07:42:30 PM
22771A,N,O,04/02/2026 05:32:15 PM
22771B,N,O,04/02/2026 06:21:39 PM
22772A,N,O,04/02/2026 06:19:10 PM
22772B,N,O,04/02/2026 07:55:18 PM
22773A,N,O,04/02/2026 07:27:28 PM
22773B,N,O,04/02/2026 07:15:46 PM
22774A,N,O,04/02/2026 05:16:44 PM
22774B,N,O,04/02/2026 07:03:02 PM
22775A,N,O,04/02/2026 06:41:29 PM
22775B,N,O,04/02/2026 07:17:45 PM
22776A,N,O,04/02/2026 06:22:23 PM
22777A,N,O,04/02/2026 06:56:48 PM
22777B,N,O,04/02/2026 06:12:13 PM
22778A,N,O,04/02/2026 05:58:51 PM
22778B,N,O,04/02/2026 07:39:48 PM
22779A,N,O,04/02/2026 05:30:33 PM
22779B,N,O,04/02/2026 07:33:07 PM
2277A,N,V,04/02/2026 10:39:20 PM
2277B,N,O,04/02/2026 10:38:21 PM
22780A,N,O,04/02/2026 07:30:49 PM
22780B,N,V,04/02/2026 05:48:42 PM
22781A,N,O,04/02/2026 05:54:32 PM
22781B,N,O,04/02/2026 04:51:43 PM
22782A,N,O,04/02/2026 05:37:52 PM
22782B,N,O,04/02/2026 05:07:52 PM
2278A,N,O,04/02/2026 11:54:48 PM
2278B,N,O,04/02/2026 08:26:42 AM
22792A,N,O,04/02/2026 07:04:01 AM
22792B,N,V,04/02/2026 04:29:33 PM
22793A,N,V,04/02/2026 07:59:08 PM
22793B,N,V,04/02/2026 07:56:50 PM
22794A,N,V,04/02/2026 07:54:27 PM
22794B,N,O,04/02/2026 07:46:43 PM
22795A,N,V,04/02/2026 04:37:58 PM
22795B,N,V,04/02/2026 04:34:21 PM
22796A,N,O,04/02/2026 07:57:37 PM
22796B,N,V,04/02/2026 07:22:43 PM
22797A,N,V,04/02/2026 05:26:47 PM
22797B,N,V,04/02/2026 04:28:45 PM
22798A,N,V,04/02/2026 07:36:01 PM
22798B,N,O,04/02/2026 07:34:03 PM
2279A,N,V,04/02/2026 10:51:11 PM
2279B,N,O,04/03/2026 07:55:47 AM
22800A,N,O,04/02/2026 04:59:37 PM
22800B,N,O,04/02/2026 07:42:40 PM
22801A,N,O,04/02/2026 07:16:46 PM
22801B,N,O,04/02/2026 07:44:31 PM
22802A,N,O,04/02/2026 06:31:39 PM
22802B,N,V,04/02/2026 07:58:57 PM
22803A,N,O,04/02/2026 06:16:48 PM
22804B,N,V,04/02/2026 08:03:26 AM
22805A,N,O,04/02/2026 07:00:49 PM
22805B,N,V,04/02/2026 05:48:27 PM
22806A,N,V,04/03/2026 08:08:29 AM
22806B,N,V,04/03/2026 08:08:29 AM
22807A,N,O,04/02/2026 07:10:49 PM
22807B,N,O,04/02/2026 07:19:21 PM
22808A,N,V,04/02/2026 07:58:46 PM
22808B,N,V,04/02/2026 07:59:42 PM
22809A,N,O,04/02/2026 07:30:03 PM
22809B,N,O,04/02/2026 07:00:16 PM
2282A,N,V,04/02/2026 09:45:57 PM
2282B,N,V,04/02/2026 09:13:40 PM
2283A,N,V,04/02/2026 09:45:06 PM
2283B,N,V,04/02/2026 11:58:35 PM
2284A,N,V,04/02/2026 10:21:53 PM
2284B,N,V,04/02/2026 11:59:46 PM
2285A,N,O,04/02/2026 09:16:46 PM
2285B,N,O,04/02/2026 04:13:15 PM
2286A,N,O,04/02/2026 07:26:12 PM
2286B,N,V,04/02/2026 11:06:58 PM
2287A,N,V,04/02/2026 11:54:52 PM
2287B,N,O,04/02/2026 08:16:25 PM
2288A,N,O,04/02/2026 09:18:08 PM
2288B,N,V,04/02/2026 10:33:07 PM
2289A,N,O,04/02/2026 07:34:14 PM
2289B,N,V,04/02/2026 11:14:00 PM
2290A,N,O,04/02/2026 09:05:00 PM
2290B,N,V,04/02/2026 09:23:07 PM
2291A,N,O,04/02/2026 08:09:34 PM
2291B,N,O,04/02/2026 05:55:46 PM
2292A,N,O,04/02/2026 08:50:19 PM
2292B,N,V,04/02/2026 10:05:29 PM
2293A,N,O,04/02/2026 09:33:17 PM
2293B,N,V,04/02/2026 09:48:14 PM
2294A,N,V,04/02/2026 09:59:21 PM
2294B,N,V,04/02/2026 10:49:50 PM
2295A,N,V,04/02/2026 11:30:29 PM
2295B,N,V,04/02/2026 10:58:31 PM
2296A,N,O,04/02/2026 08:21:53 PM
2296B,N,O,04/02/2026 09:58:03 PM
2297A,N,O,04/02/2026 11:33:14 PM
2297B,N,O,04/02/2026 07:26:43 PM
2298A,N,O,04/02/2026 05:42:43 PM
2298B,N,O,04/02/2026 11:01:32 PM
22A,NU,V,03/22/2026 09:56:55 PM
22B,NU,O,03/22/2026 09:59:06 PM
23002A,N,O,04/02/2026 04:56:41 PM
23002B,N,O,04/02/2026 07:53:17 PM
23003B,N,O,04/02/2026 07:52:48 PM
23004A,N,O,04/02/2026 06:16:19 PM
23004B,N,O,04/02/2026 04:29:46 PM
23005A,N,V,04/02/2026 07:59:21 PM
23005B,N,O,04/02/2026 05:47:25 PM
23006A,NU,O,10/09/2025 06:58:51 AM
23007A,N,O,04/02/2026 01:58:07 PM
23007B,NU,O,10/09/2025 06:57:50 AM
23008A,N,O,04/02/2026 06:56:44 AM
23008B,N,O,04/02/2026 05:16:49 PM
23010A,NU,V,04/02/2026 12:55:36 PM
23010B,NU,V,04/02/2026 09:41:43 AM
23011A,N,O,04/02/2026 06:38:54 PM
23011B,N,O,04/02/2026 07:16:07 PM
23012A,N,O,04/02/2026 07:56:46 PM
23012B,N,V,04/02/2026 07:54:38 PM
23013A,N,O,04/02/2026 04:38:15 PM
23013B,N,O,04/02/2026 10:05:48 AM
23017A,N,O,04/02/2026 07:36:19 PM
23017B,N,O,04/02/2026 07:54:06 PM
23018A,N,V,04/02/2026 07:59:51 PM
23018B,N,O,04/02/2026 06:56:53 AM
23019A,N,O,04/02/2026 07:56:33 PM
23019B,N,O,04/02/2026 07:38:51 PM
23020B,N,O,04/02/2026 07:03:13 PM
23021A,N,O,04/02/2026 06:06:03 PM
23021B,N,O,04/02/2026 05:16:44 PM
23022A,N,O,04/02/2026 05:02:17 PM
23022B,N,O,04/02/2026 08:10:23 AM
23023A,N,O,04/02/2026 03:00:31 PM
23023B,N,O,04/02/2026 07:35:39 PM
23024A,N,O,04/02/2026 06:34:36 PM
23024B,N,O,04/02/2026 07:59:16 PM
23025A,N,O,04/02/2026 06:41:08 PM
23025B,N,V,04/02/2026 07:54:14 PM
23026A,N,O,04/02/2026 07:17:15 PM
23026B,N,O,04/02/2026 07:40:12 PM
23027A,N,O,04/01/2026 06:57:46 AM
23027B,N,O,04/02/2026 06:58:34 PM
23028A,N,O,04/02/2026 05:55:07 PM
23028B,N,O,04/02/2026 05:55:07 PM
23029A,N,O,04/02/2026 07:30:47 PM
23029B,N,O,04/02/2026 04:44:10 PM
23030B,N,O,04/02/2026 02:50:09 PM
23031A,N,O,04/02/2026 07:50:02 PM
23031B,N,O,04/02/2026 04:58:24 PM
23032A,N,O,04/02/2026 05:58:14 PM
23032B,N,O,04/02/2026 06:24:58 PM
23033A,N,O,04/02/2026 05:52:16 PM
23033B,N,O,04/02/2026 06:30:52 PM
23034A,N,O,04/02/2026 06:18:05 PM
23034B,N,O,04/02/2026 05:21:42 PM
23035A,N,O,04/02/2026 04:58:38 PM
23035B,N,O,04/02/2026 06:13:13 PM
23036A,N,V,04/02/2026 07:41:03 PM
23036B,N,O,04/02/2026 06:50:14 PM
23037A,N,O,04/02/2026 07:21:42 PM
23037B,N,O,04/02/2026 07:27:03 PM
23038A,N,O,04/02/2026 07:18:54 PM
23038B,N,O,04/02/2026 07:10:22 PM
23039A,N,O,04/02/2026 07:28:29 PM
23039B,N,O,04/02/2026 02:15:01 PM
23040A,N,O,04/02/2026 05:47:12 PM
23040B,N,O,04/02/2026 05:47:12 PM
23041A,N,O,04/02/2026 03:53:37 PM
23042A,N,O,04/02/2026 04:58:59 PM
23042B,N,O,04/02/2026 02:35:03 PM
23043A,N,O,04/02/2026 06:51:07 PM
23043B,N,O,04/02/2026 05:43:47 PM
23045A,N,O,04/02/2026 06:32:06 PM
23045B,N,V,04/02/2026 07:59:59 PM
23046A,N,V,04/02/2026 07:54:03 PM
23046B,N,O,04/02/2026 06:48:12 PM
23047A,N,O,04/02/2026 06:55:28 PM
23047B,N,O,04/02/2026 07:23:52 PM
23048A,N,O,04/02/2026 06:45:42 PM
23048B,N,O,04/02/2026 07:05:35 PM
23049A,N,V,04/02/2026 07:59:49 PM
23049B,N,V,04/02/2026 05:18:12 PM
23050A,N,O,04/02/2026 07:59:43 PM
23050B,N,V,04/02/2026 07:27:54 PM
23051A,N,O,04/02/2026 07:15:02 PM
23051B,N,O,04/02/2026 07:02:30 PM
23052A,N,O,04/02/2026 06:25:43 PM
23052B,N,O,04/02/2026 06:49:20 PM
23053A,N,O,04/02/2026 06:52:46 PM
23053B,N,O,04/02/2026 08:00:03 PM
23055B,N,O,04/02/2026 06:22:47 PM
23056A,N,V,04/02/2026 07:59:13 PM
23056B,N,V,04/02/2026 04:57:59 PM
23057A,N,O,04/02/2026 07:24:56 PM
23057B,N,V,04/02/2026 03:59:48 PM
23058A,N,V,04/02/2026 05:25:17 PM
23058B,N,O,04/02/2026 05:14:45 PM
23059A,N,V,04/02/2026 07:42:47 PM
23059B,N,O,04/02/2026 07:27:43 PM
23060A,N,O,04/02/2026 07:02:29 PM
23061A,NU,O,09/27/2025 07:07:29 AM
23061B,NU,O,10/09/2025 06:58:53 AM
23062A,N,O,04/02/2026 05:56:21 PM
23062B,N,O,04/02/2026 05:59:12 PM
23063A,N,O,04/02/2026 08:06:26 AM
23063B,N,O,04/02/2026 06:35:58 PM
23065A,N,O,04/02/2026 04:33:04 PM
23065B,N,O,04/02/2026 04:41:39 PM
23066A,N,O,04/02/2026 01:45:47 PM
23066B,N,O,04/02/2026 07:18:09 PM
23067B,N,O,04/02/2026 10:16:50 AM
23068B,N,O,04/02/2026 04:53:23 PM
23069A,N,O,04/02/2026 07:50:59 PM
23072A,N,O,04/02/2026 07:50:56 PM
23072B,N,O,04/02/2026 07:22:31 PM
23073A,NU,O,04/02/2026 06:00:01 PM
23073B,NU,O,04/02/2026 06:03:06 PM
23074A,N,O,04/02/2026 03:08:43 PM
23075A,N,O,04/02/2026 07:37:05 PM
23075B,N,O,04/02/2026 07:54:57 PM
23076A,N,O,04/02/2026 07:30:21 PM
23076B,N,O,04/02/2026 06:47:37 PM
23077A,N,O,04/02/2026 07:58:09 PM
23077B,N,O,04/02/2026 07:44:17 PM
23078A,N,O,04/02/2026 07:53:52 PM
23078B,N,O,04/02/2026 06:33:18 PM
23079A,N,O,04/02/2026 09:59:04 AM
23079B,N,O,04/02/2026 12:42:01 PM
23080A,N,O,04/02/2026 07:32:28 PM
23080B,N,O,04/02/2026 10:03:44 AM
23081A,N,O,04/02/2026 06:58:48 PM
23081B,N,O,04/02/2026 07:31:59 PM
23082A,N,O,04/02/2026 06:11:00 PM
23082B,N,O,04/02/2026 07:09:39 PM
23083A,N,V,04/02/2026 06:56:08 PM
23083B,N,O,04/02/2026 05:20:58 PM
23084A,N,V,04/02/2026 04:40:48 PM
23084B,N,V,04/02/2026 06:05:39 PM
23085A,N,V,04/02/2026 05:51:31 PM
23085B,N,V,04/02/2026 05:51:31 PM
23086A,N,V,04/02/2026 07:53:55 PM
23086B,N,V,04/02/2026 07:56:11 PM
23087A,N,O,04/02/2026 06:27:27 PM
23087B,N,O,04/02/2026 07:17:45 PM
23088A,N,O,04/02/2026 06:56:44 AM
23088B,N,O,04/02/2026 07:30:52 PM
23089A,N,O,04/02/2026 06:25:58 PM
23089B,N,O,04/02/2026 03:46:22 PM
23090B,N,O,04/02/2026 03:23:31 PM
23091A,N,O,04/02/2026 06:59:57 PM
23092A,N,O,04/02/2026 07:14:21 PM
23092B,N,O,04/02/2026 07:01:01 PM
23093A,N,O,04/02/2026 06:32:12 PM
23093B,N,O,04/02/2026 06:32:12 PM
23094A,N,O,04/02/2026 06:14:00 PM
23094B,N,O,04/02/2026 07:46:31 AM
23095A,N,O,04/02/2026 04:31:02 PM
23095B,N,O,04/02/2026 07:50:48 PM
23096A,N,O,04/02/2026 06:33:20 PM
23096B,N,O,04/02/2026 07:06:26 PM
23097A,N,O,04/02/2026 05:45:47 PM
23097B,N,O,04/02/2026 06:40:45 PM
23098A,N,O,04/02/2026 07:14:29 PM
23098B,N,O,04/02/2026 06:19:35 PM
23099B,N,O,04/02/2026 06:37:33 PM
23100A,N,O,04/02/2026 07:38:47 PM
23100B,N,O,04/02/2026 06:06:55 PM
23101A,N,O,04/02/2026 05:20:28 PM
23101B,N,O,04/02/2026 03:24:44 PM
23104A,N,O,04/02/2026 07:11:06 PM
23104B,N,O,04/02/2026 07:55:13 PM
23105A,N,O,04/02/2026 06:28:35 PM
23105B,N,O,04/02/2026 07:33:38 PM
23106A,N,O,04/02/2026 07:37:59 PM
23106B,N,O,04/02/2026 03:35:15 PM
23109A,N,V,04/02/2026 07:38:06 AM
23109B,N,O,04/02/2026 06:56:26 PM
23110A,N,O,04/02/2026 06:16:10 PM
23110B,N,O,04/02/2026 06:39:25 PM
23111A,N,O,04/02/2026 06:57:04 PM
23111B,N,O,04/02/2026 06:51:36 PM
23112A,N,O,04/02/2026 06:26:13 PM
23112B,N,O,04/02/2026 05:17:03 PM
23113A,N,O,04/02/2026 06:24:29 PM
23114A,N,O,04/02/2026 05:50:17 PM
23114B,N,O,04/02/2026 02:06:31 PM
23115A,N,O,04/02/2026 06:13:03 PM
23115B,N,O,04/02/2026 05:24:45 PM
23116A,N,O,04/02/2026 06:27:33 PM
23116B,N,O,04/02/2026 05:02:37 PM
2311B,N,O,04/03/2026 06:59:02 AM
23120A,N,O,04/02/2026 06:47:12 PM
23120B,N,O,04/02/2026 07:45:03 PM
23121A,N,O,04/02/2026 07:58:49 AM
23121B,N,O,04/02/2026 07:12:37 PM
23128B,N,O,04/02/2026 05:09:21 PM
23129A,N,O,04/02/2026 06:32:52 PM
23129B,N,O,04/02/2026 03:17:03 PM
2312A,N,O,04/03/2026 06:57:57 AM
2312B,N,O,04/03/2026 06:57:53 AM
23130A,N,O,04/02/2026 06:15:49 PM
23130B,N,O,04/02/2026 07:06:48 PM
23131A,N,O,04/02/2026 05:55:24 PM
23131B,N,O,04/02/2026 07:45:47 PM
23132A,N,O,04/02/2026 07:11:08 PM
23132B,N,O,04/02/2026 06:36:09 PM
23133A,N,V,04/02/2026 06:51:08 PM
23133B,N,O,04/02/2026 06:05:10 PM
23134A,N,V,04/02/2026 07:45:33 PM
23134B,N,V,04/02/2026 07:45:33 PM
23135A,N,V,04/02/2026 05:06:13 PM
23135B,N,V,04/02/2026 07:59:36 PM
23136A,N,O,04/02/2026 06:22:58 PM
23136B,N,V,04/02/2026 05:21:42 PM
23137A,N,V,04/02/2026 07:59:58 PM
23137B,N,O,04/02/2026 07:03:49 PM
23138A,N,O,04/02/2026 06:36:35 PM
23138B,N,V,04/02/2026 07:59:56 PM
23139A,N,V,04/02/2026 05:37:51 PM
23139B,N,V,04/02/2026 02:03:47 PM
2313A,N,O,04/03/2026 06:56:50 AM
2313B,N,O,04/03/2026 07:11:49 AM
23140A,N,O,04/02/2026 06:27:16 PM
23140B,N,O,04/02/2026 07:54:41 PM
23142A,N,O,04/02/2026 06:04:16 PM
23142B,N,O,04/02/2026 07:15:54 PM
23143A,N,O,04/02/2026 05:22:07 PM
23143B,N,O,04/02/2026 07:41:30 PM
23144A,N,O,04/02/2026 06:23:45 PM
23144B,N,O,04/02/2026 07:58:40 PM
23145A,N,O,04/02/2026 04:36:14 PM
23145B,N,O,04/02/2026 06:25:17 PM
23146A,N,O,04/02/2026 07:51:59 PM
23146B,N,O,04/02/2026 07:07:24 PM
23147A,N,O,04/02/2026 07:21:44 PM
23147B,N,O,04/02/2026 05:46:03 PM
23148A,N,O,04/02/2026 07:38:14 PM
23148B,N,O,04/02/2026 07:36:11 PM
23149A,N,O,04/02/2026 06:48:11 PM
23149B,N,O,04/02/2026 06:14:49 PM
2314A,N,O,04/03/2026 06:55:53 AM
2314B,N,O,04/03/2026 06:55:53 AM
23150A,N,O,04/02/2026 06:24:55 PM
23150B,N,O,04/02/2026 06:13:26 PM
23151A,N,O,04/02/2026 07:50:14 PM
23152A,N,O,04/02/2026 06:12:20 PM
23152B,N,O,04/02/2026 03:10:57 PM
23153A,N,O,04/02/2026 07:01:50 PM
23153B,N,O,04/02/2026 07:32:49 PM
23154A,N,O,04/02/2026 07:10:43 PM
23154B,N,O,04/02/2026 05:16:03 PM
23155A,N,O,04/02/2026 05:16:56 PM
23155B,N,O,04/02/2026 07:51:07 PM
23156A,N,V,04/02/2026 06:47:10 PM
23156B,N,O,04/02/2026 06:58:47 AM
23157A,N,O,09/27/2025 01:26:51 PM
23157B,N,V,04/02/2026 07:50:38 PM
23158A,N,O,04/02/2026 05:01:04 PM
23158B,N,O,04/02/2026 06:56:46 AM
23159A,N,O,04/02/2026 04:35:41 PM
23159B,N,O,09/18/2025 01:24:17 PM
2315B,N,V,04/03/2026 08:04:18 AM
23160A,N,O,04/02/2026 07:32:45 PM
23160B,N,O,04/02/2026 03:21:06 PM
23161A,N,O,04/02/2026 03:21:03 PM
23161B,N,O,04/02/2026 03:34:51 PM
23162A,N,O,04/02/2026 03:11:29 PM
23163A,N,V,04/02/2026 07:47:11 PM
23163B,N,O,04/02/2026 10:50:24 AM
23164A,N,O,04/02/2026 04:15:23 PM
23164B,N,O,04/02/2026 02:27:46 PM
23165A,N,O,04/02/2026 06:45:47 PM
23165B,N,O,04/02/2026 07:55:39 PM
23166A,N,V,04/02/2026 07:51:51 PM
23166B,N,O,04/02/2026 04:22:59 PM
23167A,N,O,04/02/2026 02:07:45 PM
23167B,N,O,04/02/2026 04:12:06 PM
23168A,N,O,04/02/2026 07:45:59 PM
23168B,N,O,04/02/2026 03:41:57 PM
23169A,N,O,04/02/2026 03:45:18 PM
23169B,N,O,04/02/2026 07:55:31 PM
2316B,N,O,04/02/2026 06:58:48 AM
23170A,NU,O,04/02/2026 03:31:44 PM
23170B,NU,O,04/02/2026 01:11:28 PM
2317B,N,O,04/03/2026 06:57:54 AM
2318A,N,O,04/02/2026 09:37:09 PM
2318B,N,O,04/02/2026 09:04:54 PM
2319A,N,O,04/02/2026 04:10:53 PM
2319B,N,O,04/02/2026 10:27:12 PM
23201B,N,O,04/02/2026 07:40:21 PM
23203A,N,O,04/02/2026 06:07:36 PM
23203B,N,O,04/02/2026 11:40:15 AM
23204A,N,O,04/02/2026 06:54:54 PM
23204B,N,O,04/02/2026 06:55:44 AM
23205A,N,O,04/02/2026 06:02:10 PM
23205B,N,O,04/02/2026 06:25:56 PM
23206A,N,O,04/02/2026 03:09:10 PM
23206B,N,O,04/02/2026 06:58:44 AM
23208A,N,O,04/02/2026 07:32:58 PM
23208B,N,O,04/02/2026 06:39:40 PM
23209A,N,O,04/02/2026 07:27:06 PM
2320A,N,O,04/02/2026 06:35:23 PM
2320B,N,O,04/02/2026 06:21:23 PM
23210B,N,O,04/02/2026 06:14:19 PM
23211A,N,O,04/02/2026 07:16:14 PM
23212A,N,O,04/02/2026 07:17:47 PM
23212B,N,O,04/02/2026 07:18:15 PM
23213A,N,O,04/02/2026 07:12:58 PM
23213B,N,O,04/02/2026 08:27:33 AM
23214A,N,O,04/02/2026 07:28:23 PM
23214B,N,O,04/02/2026 06:44:49 PM
23215A,N,O,04/02/2026 07:32:22 PM
23215B,N,O,04/02/2026 07:06:42 PM
23216A,N,O,04/02/2026 06:26:54 PM
23216B,N,O,04/02/2026 07:52:48 PM
23217A,N,O,04/02/2026 06:42:16 PM
23217B,N,O,04/02/2026 06:51:06 PM
23218A,N,O,04/02/2026 06:48:43 PM
23218B,N,O,04/02/2026 07:02:25 PM
23219A,N,O,04/02/2026 06:59:41 PM
23219B,N,O,04/02/2026 05:43:52 PM
2321A,N,O,04/02/2026 07:10:54 PM
2321B,N,O,04/02/2026 04:39:57 PM
23220A,N,O,04/02/2026 06:58:47 PM
23220B,N,O,04/02/2026 07:09:23 PM
23221A,N,O,04/02/2026 06:02:13 PM
23221B,N,O,04/02/2026 07:21:33 PM
23222A,N,O,04/02/2026 06:30:54 PM
23222B,N,V,04/02/2026 07:59:05 PM
23223A,N,O,04/02/2026 07:32:39 PM
23223B,N,O,04/02/2026 07:16:58 PM
23224A,N,O,04/02/2026 06:11:07 PM
23224B,N,O,04/02/2026 06:08:24 PM
2322A,N,O,04/02/2026 06:57:47 AM
2322B,N,O,04/02/2026 08:48:11 PM
23236A,N,O,04/02/2026 04:37:56 PM
23236B,N,O,04/02/2026 06:15:53 PM
23237A,N,O,04/02/2026 07:53:48 PM
23237B,N,O,04/02/2026 07:12:22 PM
23238A,N,O,04/02/2026 07:43:04 PM
23238B,N,O,04/02/2026 07:13:20 PM
23239A,N,O,04/02/2026 07:29:56 PM
23239B,N,O,04/02/2026 06:55:46 AM
2323A,N,V,04/02/2026 09:18:17 PM
2323B,N,O,04/02/2026 11:17:48 PM
23240A,N,V,04/02/2026 01:02:34 PM
23240B,N,O,04/02/2026 06:59:54 AM
23241A,N,O,04/02/2026 04:45:26 PM
23241B,N,O,04/02/2026 05:53:29 PM
23242A,N,O,04/02/2026 07:46:50 PM
23243A,N,O,04/02/2026 07:20:39 PM
23244A,N,O,04/02/2026 06:49:15 PM
23244B,N,O,04/02/2026 06:09:41 PM
23246A,N,O,04/02/2026 06:29:53 PM
23246B,N,V,04/02/2026 07:59:40 PM
23247A,N,O,04/02/2026 06:24:14 PM
23247B,N,O,04/02/2026 06:53:25 PM
23248A,N,O,04/02/2026 05:54:16 PM
23248B,N,O,04/02/2026 05:51:30 PM
23249A,N,O,04/02/2026 05:09:18 PM
23249B,N,O,04/02/2026 06:50:26 PM
2324A,N,V,04/02/2026 09:13:49 PM
2324B,N,V,04/02/2026 09:18:43 PM
23250B,N,O,04/02/2026 07:53:56 PM
23251A,N,O,04/02/2026 07:57:45 PM
23251B,N,O,04/02/2026 06:47:14 PM
23252A,N,V,04/02/2026 05:35:15 PM
23252B,N,O,04/02/2026 05:55:58 PM
23253A,N,O,04/02/2026 05:42:05 PM
23253B,N,O,04/02/2026 07:29:44 PM
23254A,NU,O,04/02/2026 06:13:59 PM
23254B,NU,O,04/02/2026 07:47:37 PM
23255A,N,O,04/02/2026 07:50:05 PM
23255B,N,O,04/02/2026 07:19:44 PM
23256A,N,V,04/02/2026 07:34:47 PM
23256B,N,O,04/02/2026 07:51:29 PM
23257A,N,O,04/02/2026 07:27:13 PM
23257B,N,O,04/02/2026 06:02:07 PM
23258A,N,V,04/02/2026 07:50:26 PM
23258B,N,O,04/02/2026 07:03:59 PM
23259A,N,O,04/02/2026 06:15:46 PM
23259B,N,O,04/02/2026 07:39:30 PM
23260B,N,V,04/02/2026 07:55:45 PM
23270A,NU,O,04/02/2026 05:37:18 PM
23270B,NU,O,04/02/2026 07:06:14 PM
23271A,N,V,04/02/2026 07:50:04 PM
23271B,N,V,04/02/2026 07:59:39 PM
23272A,N,O,04/02/2026 07:50:10 PM
23272B,N,O,04/02/2026 06:57:45 AM
23273A,N,O,04/02/2026 07:02:05 PM
23273B,N,O,04/02/2026 07:02:05 PM
23274A,N,O,04/02/2026 07:56:51 PM
23274B,N,O,04/02/2026 07:59:54 PM
23275A,N,O,04/02/2026 07:13:46 PM
23275B,N,V,04/02/2026 05:34:07 PM
23276A,N,O,04/02/2026 06:58:49 AM
23276B,N,O,04/02/2026 06:58:58 AM
23277A,N,O,04/02/2026 07:08:49 PM
23278A,N,O,04/02/2026 05:53:37 PM
23278B,N,O,04/02/2026 06:13:31 PM
23279A,N,O,04/02/2026 06:52:20 PM
23279B,N,O,04/02/2026 05:57:34 PM
23280A,N,O,04/02/2026 06:07:44 PM
23280B,N,O,07/06/2025 09:28:02 PM
23281A,N,O,04/02/2026 06:16:49 PM
23281B,N,O,04/02/2026 07:21:47 PM
23282A,N,O,04/02/2026 05:43:44 PM
23282B,N,O,04/02/2026 06:59:57 PM
23283A,N,O,04/02/2026 07:25:19 PM
23283B,N,O,04/02/2026 07:33:07 PM
23285B,N,O,04/02/2026 05:43:04 PM
23286A,N,O,04/02/2026 03:36:52 PM
23286B,N,O,04/02/2026 05:00:23 PM
23287A,N,O,04/02/2026 04:46:16 PM
23287B,N,O,04/02/2026 06:30:46 PM
23288A,N,O,04/02/2026 02:18:59 PM
23288B,N,O,04/02/2026 03:39:38 PM
23294A,N,O,04/02/2026 05:55:19 PM
23294B,N,O,04/02/2026 06:20:51 PM
23295A,N,O,04/02/2026 07:22:48 PM
23295B,N,O,04/02/2026 05:22:13 PM
23296A,N,O,04/02/2026 06:45:24 PM
23296B,N,O,04/02/2026 05:56:38 PM
23297A,N,O,04/02/2026 07:44:42 PM
23297B,N,O,04/02/2026 03:34:04 PM
23298A,N,O,04/02/2026 06:56:57 PM
23298B,N,O,04/02/2026 07:02:23 PM
23299A,N,O,04/02/2026 07:39:52 PM
23299B,N,O,04/02/2026 06:46:32 PM
23300A,N,O,04/02/2026 07:41:49 PM
23301A,N,V,04/02/2026 02:26:30 PM
23301B,N,O,04/02/2026 07:19:33 PM
23302A,N,O,04/02/2026 01:18:56 PM
23302B,N,O,04/02/2026 07:07:57 PM
23303A,N,O,04/02/2026 01:10:05 PM
23303B,N,O,04/02/2026 07:26:37 PM
23304A,N,O,04/02/2026 07:41:28 PM
23304B,N,O,04/02/2026 07:23:18 PM
23305A,N,O,04/02/2026 06:21:05 PM
23305B,N,V,04/02/2026 07:59:24 PM
23306A,N,O,04/02/2026 02:29:29 PM
23306B,N,O,04/02/2026 10:15:34 AM
23307A,N,O,04/02/2026 06:57:46 AM
23307B,N,O,04/02/2026 06:57:49 AM
23308A,N,O,04/02/2026 09:42:59 AM
23308B,N,O,04/02/2026 06:56:50 AM
23309A,N,O,04/02/2026 06:55:48 AM
23309B,N,O,04/02/2026 10:08:51 AM
23310B,N,O,04/02/2026 07:43:14 PM
23311A,N,O,04/02/2026 06:11:39 PM
23311B,N,O,04/02/2026 07:21:18 PM
23312A,N,O,04/02/2026 02:46:21 PM
23312B,N,O,04/02/2026 06:34:12 PM
23313B,N,O,04/02/2026 04:00:37 PM
23314A,N,O,04/02/2026 11:14:31 AM
23314B,N,O,04/02/2026 05:51:10 PM
23315A,N,O,04/02/2026 06:59:59 AM
23315B,N,O,04/02/2026 11:17:47 AM
23320A,N,O,04/02/2026 06:14:04 PM
23320B,N,O,04/02/2026 05:42:51 PM
23321A,N,O,04/02/2026 03:16:35 PM
23321B,N,O,04/02/2026 06:51:58 PM
23322A,N,O,04/02/2026 06:54:32 PM
23322B,N,O,04/02/2026 12:20:46 PM
23323A,N,O,04/02/2026 07:20:16 PM
23324A,N,O,04/02/2026 07:52:21 PM
23324B,N,V,04/02/2026 07:58:22 PM
23325A,N,O,04/02/2026 07:50:04 PM
23325B,N,O,04/02/2026 07:53:17 PM
2332A,N,O,04/02/2026 10:18:17 PM
2332B,N,O,04/02/2026 09:56:39 AM
23336A,N,O,04/02/2026 07:58:51 AM
23337A,N,V,04/02/2026 07:03:45 PM
23337B,N,O,04/02/2026 07:37:14 PM
23338A,N,O,04/02/2026 06:48:04 PM
23338B,N,O,04/02/2026 07:25:59 PM
23339A,N,O,04/02/2026 06:04:17 PM
23339B,N,V,04/02/2026 07:59:26 PM
2333A,N,O,04/02/2026 08:01:57 PM
2333B,N,O,04/02/2026 10:06:40 AM
23340A,N,O,04/02/2026 06:44:37 PM
23341A,N,O,04/02/2026 06:54:07 PM
23341B,N,O,04/02/2026 07:48:20 PM
23342A,N,O,04/02/2026 07:41:04 PM
23342B,N,O,04/02/2026 07:48:23 PM
23343A,N,O,04/02/2026 05:23:53 PM
23343B,N,O,04/02/2026 07:00:42 AM
23344A,N,O,04/02/2026 01:25:57 PM
23344B,N,O,04/02/2026 06:52:39 PM
23345A,N,O,04/02/2026 06:04:26 PM
23345B,N,O,04/02/2026 03:57:11 PM
23346A,N,O,04/02/2026 07:25:06 PM
23346B,N,O,04/02/2026 06:22:13 PM
23347A,N,V,04/02/2026 07:56:14 PM
23347B,N,O,04/02/2026 07:53:31 PM
23348A,N,O,04/02/2026 05:51:09 PM
23348B,N,O,04/02/2026 06:30:08 PM
23349A,N,O,04/02/2026 06:04:46 PM
23349B,N,O,04/02/2026 06:33:51 PM
2334A,N,O,04/02/2026 05:45:25 PM
2334B,N,O,04/02/2026 10:16:23 PM
23350A,N,O,04/02/2026 07:08:19 PM
23350B,N,O,04/02/2026 07:18:03 PM
23351A,N,O,04/02/2026 06:58:22 PM
23351B,N,O,04/02/2026 07:06:54 PM
23352A,N,O,04/02/2026 06:31:57 PM
23352B,N,O,04/02/2026 07:17:40 PM
23353A,N,O,04/02/2026 12:05:48 PM
23355B,N,O,04/02/2026 07:29:10 PM
23356A,N,O,04/02/2026 07:53:23 PM
23356B,N,O,04/02/2026 06:55:53 PM
23357A,N,V,04/02/2026 02:43:57 PM
23357B,N,V,04/02/2026 10:45:25 AM
23358A,N,O,04/02/2026 07:30:32 PM
23358B,N,O,04/02/2026 06:39:45 PM
23359A,NU,O,04/02/2026 07:22:35 PM
23359B,NU,O,04/02/2026 07:21:53 PM
23360A,N,O,04/02/2026 05:36:51 PM
23360B,N,O,04/02/2026 07:15:02 PM
23361A,N,O,04/02/2026 02:42:04 PM
23361B,N,O,04/02/2026 07:47:09 PM
23362A,N,O,04/02/2026 11:11:18 AM
23362B,N,O,04/02/2026 04:07:37 PM
23363A,N,O,04/02/2026 05:21:24 PM
23363B,N,O,04/02/2026 03:45:25 PM
23364A,N,V,04/02/2026 05:12:41 PM
23364B,N,O,04/02/2026 04:04:33 PM
23365A,N,O,04/02/2026 06:39:21 PM
23365B,N,V,04/02/2026 04:41:29 PM
23366A,N,O,04/02/2026 04:43:47 PM
23366B,N,V,09/26/2025 08:21:23 AM
23367A,N,O,04/02/2026 02:19:41 PM
23367B,N,O,04/02/2026 05:49:11 PM
23368A,N,O,04/02/2026 05:49:11 PM
23368B,N,O,04/02/2026 05:16:05 PM
23369A,N,O,04/02/2026 02:57:10 PM
23369B,N,O,04/02/2026 04:55:13 PM
23370A,N,O,04/02/2026 06:32:53 PM
23370B,N,O,04/02/2026 07:59:50 AM
23371A,N,O,04/02/2026 10:18:47 AM
23371B,N,O,04/02/2026 02:59:23 PM
23372A,N,O,04/02/2026 02:59:08 PM
23372B,N,O,04/02/2026 11:37:50 AM
23373A,N,O,04/02/2026 03:05:06 PM
23373B,N,O,04/02/2026 04:30:52 PM
23374A,N,O,04/02/2026 04:32:49 PM
23374B,N,O,04/02/2026 04:33:07 PM
23375A,N,O,04/02/2026 08:31:27 AM
23375B,N,O,04/02/2026 05:18:44 PM
23376A,N,O,04/02/2026 05:08:10 PM
23376B,N,O,04/02/2026 04:14:18 PM
23377A,N,O,04/02/2026 04:14:18 PM
23377B,N,O,04/02/2026 04:39:16 PM
23378A,N,O,04/02/2026 03:26:33 PM
23378B,N,O,04/02/2026 04:53:05 PM
23379A,N,O,04/02/2026 04:52:34 PM
23379B,N,O,04/02/2026 04:46:08 PM
23380A,N,O,04/02/2026 03:50:52 PM
23380B,N,O,04/02/2026 07:35:50 PM
23381A,N,O,04/02/2026 06:43:39 PM
23381B,N,O,04/02/2026 07:30:04 PM
23386B,N,O,04/02/2026 06:20:14 PM
23387A,N,O,04/02/2026 04:52:42 PM
23387B,N,O,04/02/2026 05:47:02 PM
23388A,N,O,04/02/2026 07:27:06 PM
23388B,N,O,04/02/2026 03:52:39 PM
23389A,N,O,04/02/2026 07:45:02 PM
23389B,N,O,04/02/2026 06:22:18 PM
23390A,N,O,04/02/2026 07:04:49 PM
23390B,N,O,04/02/2026 05:41:03 PM
23391A,N,O,04/02/2026 04:37:03 PM
23391B,N,O,04/02/2026 06:58:51 AM
23392A,N,O,04/02/2026 04:11:13 PM
23392B,N,O,04/02/2026 07:50:44 PM
23393A,N,O,04/02/2026 07:34:08 PM
23393B,N,O,04/02/2026 05:28:52 PM
23394A,N,O,04/02/2026 06:43:26 PM
23394B,N,O,04/02/2026 06:05:22 PM
23395A,N,O,04/02/2026 09:57:08 AM
23395B,N,O,04/02/2026 07:47:50 PM
23396A,N,O,04/02/2026 06:36:54 PM
23396B,N,V,04/02/2026 07:51:52 PM
23397A,N,O,04/02/2026 05:55:50 PM
23397B,N,O,04/02/2026 07:06:28 PM
23398A,N,O,04/02/2026 04:24:10 PM
23398B,N,O,04/02/2026 02:21:40 PM
23399A,N,O,04/02/2026 05:21:28 PM
23399B,N,O,04/02/2026 05:20:59 PM
23400A,N,O,04/02/2026 05:43:39 PM
23401A,N,O,04/02/2026 06:58:49 AM
23401B,N,O,04/02/2026 04:30:26 PM
23402A,N,O,04/02/2026 04:54:14 PM
23402B,N,O,04/02/2026 07:22:36 PM
23403A,N,O,04/02/2026 06:56:47 AM
23403B,N,O,04/02/2026 06:41:52 PM
23404A,N,O,04/02/2026 10:33:37 AM
23404B,N,O,04/02/2026 07:09:19 PM
23405A,N,O,04/02/2026 07:49:47 PM
23405B,N,O,04/02/2026 07:50:35 PM
23406A,N,O,04/02/2026 06:58:53 AM
23406B,N,O,04/02/2026 07:37:51 PM
23407A,N,O,04/02/2026 07:18:53 PM
23407B,N,O,04/02/2026 07:50:58 PM
23408A,N,O,04/02/2026 07:52:19 PM
23408B,N,O,04/02/2026 07:51:55 PM
23409A,N,O,04/02/2026 06:14:39 PM
23409B,N,O,04/02/2026 07:03:56 PM
2340A,N,O,04/03/2026 06:59:55 AM
2340B,N,O,04/03/2026 07:58:04 AM
23410A,N,O,04/02/2026 07:35:18 PM
23410B,N,O,04/02/2026 05:58:04 PM
23411A,N,O,04/02/2026 03:21:20 PM
23411B,N,O,04/02/2026 05:46:39 PM
23412A,N,O,04/02/2026 07:59:35 PM
23412B,N,O,04/02/2026 07:59:35 PM
23413B,N,O,04/02/2026 06:56:47 AM
23414A,N,O,04/02/2026 07:32:05 PM
23415A,N,O,04/02/2026 04:06:09 PM
23415B,N,O,04/02/2026 08:02:25 AM
23416A,N,O,04/02/2026 07:10:37 PM
23416B,N,V,04/02/2026 06:13:15 PM
23417B,N,O,04/02/2026 04:14:59 PM
23419B,N,O,04/02/2026 06:51:03 PM
2341B,N,O,04/03/2026 08:17:28 AM
23420A,N,V,04/02/2026 12:39:50 PM
23420B,N,O,04/02/2026 06:51:21 PM
23421A,N,O,04/02/2026 05:18:39 PM
23421B,N,O,04/02/2026 06:58:51 AM
23422A,N,O,04/02/2026 06:57:54 AM
23422B,N,O,04/02/2026 06:57:46 AM
23423A,N,O,04/02/2026 07:23:33 PM
23423B,N,O,04/02/2026 10:10:55 AM
2343A,N,O,04/03/2026 06:56:45 AM
2343B,N,O,04/03/2026 06:56:45 AM
23444A,N,O,04/02/2026 06:43:21 PM
23444B,N,O,04/02/2026 07:00:01 PM
23445A,N,O,04/02/2026 07:09:00 PM
23445B,N,O,04/02/2026 07:04:38 PM
23446A,N,O,04/02/2026 05:40:39 PM
23446B,N,O,04/02/2026 05:42:26 PM
23447A,N,O,04/02/2026 07:36:07 PM
23447B,N,O,04/02/2026 07:55:49 PM
23448A,N,O,04/02/2026 06:39:17 PM
23448B,N,O,04/02/2026 06:30:31 PM
23449A,N,O,04/02/2026 07:58:39 PM
23449B,N,O,04/02/2026 06:26:44 PM
2344A,N,O,04/03/2026 06:55:44 AM
23450A,N,O,04/02/2026 07:28:17 PM
23450B,N,O,04/02/2026 06:47:43 PM
23451A,N,O,04/02/2026 06:45:37 PM
23451B,N,O,04/02/2026 07:42:05 PM
23452A,N,O,04/02/2026 06:54:14 PM
23452B,N,O,04/02/2026 07:33:51 PM
23453A,N,O,04/02/2026 07:38:07 PM
23453B,N,O,04/02/2026 06:49:09 PM
23454A,N,V,04/02/2026 07:41:30 PM
23454B,N,O,04/02/2026 06:32:16 PM
23455A,N,O,04/02/2026 05:21:39 PM
23455B,N,O,04/02/2026 07:50:03 PM
2345A,N,O,04/03/2026 06:59:55 AM
2345B,N,O,04/03/2026 07:30:15 AM
23464B,N,O,04/02/2026 07:55:56 AM
23465A,N,V,04/02/2026 04:25:34 PM
23465B,N,O,04/02/2026 07:58:31 PM
23466A,N,O,04/02/2026 07:59:00 AM
23466B,N,O,04/02/2026 02:47:17 PM
23467A,N,O,04/02/2026 02:20:29 PM
23467B,N,O,04/02/2026 01:02:46 PM
23468A,N,O,04/02/2026 01:59:54 PM
23468B,N,O,04/02/2026 07:56:52 AM
23469A,N,O,04/02/2026 01:16:25 PM
23469B,N,O,04/02/2026 06:52:35 PM
23470B,N,O,04/02/2026 07:23:05 PM
23471A,N,V,04/02/2026 07:28:26 PM
23471B,N,O,04/02/2026 07:26:31 PM
23472A,N,O,04/02/2026 06:12:33 PM
23472B,N,O,04/02/2026 07:36:14 PM
23473A,N,O,04/02/2026 07:52:22 PM
23473B,N,V,04/02/2026 07:46:44 PM
23474A,N,O,04/02/2026 07:28:33 PM
23474B,N,O,04/02/2026 06:53:51 PM
23475A,N,O,04/02/2026 06:33:14 PM
23475B,N,O,04/02/2026 07:27:17 PM
23476A,N,O,04/02/2026 07:06:05 PM
23476B,N,O,04/02/2026 07:58:12 PM
23477A,N,O,04/02/2026 06:19:57 PM
23477B,N,O,04/02/2026 01:17:14 PM
23478A,N,O,04/02/2026 03:59:58 PM
23478B,N,O,04/02/2026 07:56:44 AM
23479B,N,O,04/02/2026 07:13:03 PM
23480A,N,O,04/02/2026 04:35:04 PM
23480B,N,O,04/02/2026 06:30:31 PM
23481A,N,O,04/02/2026 06:01:38 PM
23481B,N,O,04/02/2026 05:25:44 PM
23482A,N,O,04/02/2026 05:59:20 PM
23482B,N,O,04/02/2026 07:51:19 PM
23483A,N,O,04/02/2026 07:28:23 PM
23483B,N,O,04/02/2026 06:22:30 PM
23484A,N,O,04/02/2026 07:31:51 PM
23484B,N,O,04/02/2026 06:21:12 PM
23485A,N,O,04/01/2026 06:11:51 PM
23485B,N,O,04/02/2026 05:52:42 PM
23486A,N,O,04/02/2026 07:19:46 PM
23486B,N,V,04/02/2026 02:45:22 PM
23487A,N,O,04/02/2026 07:10:03 PM
23487B,N,O,04/02/2026 07:50:50 PM
23488A,N,O,04/02/2026 07:36:26 PM
23488B,N,O,04/02/2026 07:52:23 PM
23489A,N,O,04/02/2026 05:57:40 PM
23489B,N,O,04/02/2026 07:20:28 PM
2348A,N,O,04/03/2026 06:56:53 AM
23490A,N,O,04/02/2026 06:54:02 PM
23491A,N,O,04/02/2026 06:36:10 PM
23491B,N,O,04/02/2026 07:58:59 AM
23492A,N,O,04/02/2026 07:58:03 AM
23492B,N,O,04/02/2026 01:49:58 PM
23493A,N,O,04/01/2026 04:30:24 PM
23493B,N,O,04/02/2026 07:56:49 AM
23494A,N,O,04/02/2026 05:21:18 PM
23494B,N,O,04/02/2026 07:55:52 AM
23495A,N,O,04/02/2026 06:47:53 PM
23495B,N,O,04/02/2026 05:49:48 PM
23496A,N,O,04/02/2026 05:19:33 PM
23496B,N,O,04/02/2026 07:51:13 PM
23497B,N,O,04/02/2026 06:57:56 AM
23498B,N,O,04/02/2026 06:17:19 PM
23499B,NU,O,04/02/2026 03:16:59 PM
2349A,N,O,04/03/2026 06:55:50 AM
2349B,N,O,04/02/2026 06:56:12 AM
23500A,N,V,04/02/2026 05:38:48 PM
23500B,N,O,04/02/2026 07:45:11 PM
23501A,N,O,04/02/2026 04:21:34 PM
23501B,N,O,04/02/2026 04:38:18 PM
23509A,N,O,04/02/2026 05:51:32 PM
23509B,N,O,04/02/2026 07:41:00 PM
23510A,N,O,04/02/2026 03:20:39 PM
23510B,N,O,04/02/2026 07:15:05 PM
23511A,N,V,04/02/2026 07:18:15 PM
23511B,N,O,04/02/2026 07:49:03 PM
23512A,N,O,04/02/2026 11:27:10 AM
23512B,N,O,04/02/2026 07:38:16 AM
23514A,N,O,04/02/2026 07:23:15 PM
23514B,N,O,04/02/2026 05:26:15 PM
23515A,N,O,04/02/2026 06:20:29 PM
23515B,N,O,04/02/2026 07:40:23 PM
23516A,N,O,04/02/2026 06:54:51 PM
23517A,N,O,04/02/2026 07:06:54 PM
23517B,N,O,04/02/2026 06:54:23 PM
23518A,N,O,04/02/2026 05:52:35 PM
23518B,N,O,04/02/2026 05:35:32 PM
23519A,N,O,04/02/2026 04:52:15 PM
23519B,N,O,04/02/2026 06:53:14 PM
23520A,N,O,04/02/2026 07:03:34 PM
23520B,N,O,04/01/2026 08:00:38 AM
23521A,N,O,04/02/2026 06:37:11 PM
23522A,N,O,04/02/2026 07:58:52 PM
23522B,N,O,04/02/2026 07:14:28 PM
23523A,N,O,04/02/2026 07:57:31 PM
23523B,N,O,10/05/2025 09:03:09 AM
23524A,N,O,04/02/2026 07:52:23 PM
23524B,N,O,04/02/2026 06:56:08 AM
23525A,N,O,04/02/2026 07:47:50 PM
23525B,N,O,04/02/2026 07:59:23 PM
23526A,N,O,04/02/2026 07:26:23 PM
23526B,N,V,04/02/2026 04:00:29 PM
23527A,N,V,04/02/2026 04:52:27 PM
23527B,N,V,03/31/2026 02:09:52 PM
23528B,N,O,04/02/2026 04:15:35 PM
23530A,N,V,04/02/2026 07:25:10 PM
23530B,N,V,04/02/2026 06:09:24 PM
23531B,N,V,04/02/2026 05:31:23 PM
23532A,N,O,04/02/2026 07:01:35 PM
23532B,N,O,04/02/2026 06:57:48 AM
23533A,N,O,04/02/2026 07:57:58 PM
23533B,N,O,04/02/2026 07:11:19 PM
23534A,N,O,04/02/2026 08:00:02 PM
23534B,N,O,04/02/2026 07:38:53 PM
23535A,N,V,04/02/2026 07:53:34 PM
23535B,N,O,04/02/2026 02:31:26 PM
23536A,N,O,04/02/2026 07:59:16 PM
23536B,N,O,04/02/2026 06:58:46 AM
23537A,N,O,04/02/2026 06:40:31 PM
23537B,N,O,04/02/2026 06:41:31 PM
23538A,N,O,04/02/2026 06:40:36 PM
23538B,N,V,04/02/2026 07:55:04 PM
23539A,N,V,04/02/2026 05:39:49 PM
23539B,N,V,04/02/2026 07:26:55 PM
23542A,N,O,04/02/2026 07:07:28 PM
23542B,N,O,04/02/2026 07:03:07 PM
23543A,N,O,04/02/2026 01:44:16 PM
23543B,N,O,04/02/2026 02:31:12 PM
23544A,N,O,04/02/2026 05:38:29 PM
23544B,N,O,04/02/2026 06:55:46 AM
23552A,N,O,04/02/2026 07:00:46 PM
23552B,N,O,04/02/2026 09:46:44 AM
23553A,N,O,04/02/2026 06:57:14 PM
23553B,N,O,04/02/2026 07:45:49 PM
23554A,N,O,04/02/2026 07:01:28 PM
23554B,N,O,04/02/2026 07:49:15 PM
23555A,N,O,04/02/2026 05:46:04 PM
23555B,N,O,04/02/2026 06:53:07 PM
23556A,N,O,04/02/2026 05:35:54 PM
23556B,N,O,04/02/2026 03:33:08 PM
23557B,N,O,10/12/2025 02:43:57 PM
23558A,N,O,04/02/2026 06:56:44 AM
23558B,N,O,04/02/2026 04:03:02 PM
23559B,N,O,04/02/2026 05:10:51 PM
2355A,N,O,04/03/2026 06:59:51 AM
2355B,N,O,04/03/2026 07:00:02 AM
23560A,N,O,04/02/2026 09:21:47 AM
23561A,N,O,04/02/2026 06:45:56 PM
23561B,N,O,04/02/2026 05:40:46 PM
23562A,N,O,04/02/2026 03:32:06 PM
23562B,N,O,04/02/2026 03:23:54 PM
23563B,N,O,04/02/2026 06:27:36 PM
23564A,N,O,04/02/2026 04:45:49 PM
23567A,N,O,04/02/2026 05:36:37 PM
23567B,N,V,04/02/2026 07:55:33 PM
23568A,N,O,04/02/2026 07:30:54 PM
23577A,N,V,04/02/2026 10:49:42 AM
23577B,N,O,04/02/2026 06:57:04 PM
23578A,N,O,04/02/2026 06:10:36 PM
23578B,N,V,04/02/2026 07:51:31 PM
23579A,N,O,04/02/2026 06:29:09 PM
23579B,N,O,04/02/2026 07:24:05 PM
23580A,N,O,04/02/2026 05:04:37 PM
23580B,N,O,04/02/2026 07:51:37 PM
23581A,N,O,04/02/2026 05:27:57 PM
23581B,N,O,04/02/2026 07:19:04 PM
23582A,N,O,04/02/2026 06:36:31 PM
23582B,N,O,04/02/2026 06:16:25 PM
23583A,N,V,04/02/2026 06:40:11 PM
23583B,N,O,04/02/2026 07:57:52 PM
23584A,N,V,04/02/2026 07:59:55 PM
23584B,N,V,04/02/2026 07:40:56 PM
23585A,N,V,04/02/2026 07:59:58 PM
23585B,N,V,04/02/2026 07:44:28 PM
23586A,N,O,04/02/2026 07:29:25 PM
23586B,N,O,04/02/2026 07:29:46 PM
23587A,N,O,01/07/2026 06:57:43 AM
23587B,N,O,01/07/2026 12:02:32 PM
23588A,N,V,04/02/2026 07:59:14 PM
23588B,N,O,04/02/2026 06:56:50 AM
23589A,N,O,04/02/2026 06:17:20 PM
23589B,N,O,04/02/2026 11:36:57 AM
23590A,N,V,04/02/2026 07:59:27 PM
23590B,N,O,04/02/2026 06:03:34 PM
23591A,N,O,04/02/2026 07:50:42 PM
23591B,N,O,04/02/2026 05:19:40 PM
23592A,N,O,04/02/2026 07:53:03 PM
23592B,N,O,04/02/2026 06:45:27 PM
23593A,NU,O,04/02/2026 04:53:51 PM
23593B,NU,O,04/02/2026 06:35:59 PM
23594A,N,O,04/02/2026 06:59:45 PM
23594B,N,O,04/02/2026 07:09:07 PM
23595A,N,O,04/02/2026 06:54:41 PM
23595B,N,O,04/02/2026 03:31:19 PM
23596B,N,O,04/02/2026 04:35:23 PM
23597A,N,O,04/02/2026 03:53:54 PM
23597B,N,O,04/02/2026 06:57:45 AM
23598A,N,O,04/02/2026 07:54:13 PM
23598B,N,O,04/02/2026 06:27:48 PM
23599A,N,O,04/02/2026 12:33:24 PM
23599B,N,O,04/02/2026 07:38:20 PM
23600B,N,O,04/02/2026 06:16:14 PM
23601A,N,O,04/02/2026 07:20:46 PM
23601B,N,O,04/02/2026 02:16:33 PM
23602A,N,O,04/02/2026 06:11:20 PM
23602B,N,O,04/02/2026 06:42:10 PM
23603A,N,O,04/02/2026 07:54:09 PM
23603B,N,O,04/02/2026 04:07:07 PM
23604A,N,V,04/02/2026 07:02:04 PM
23604B,N,O,04/02/2026 07:52:54 PM
23605A,N,O,04/02/2026 06:54:05 PM
23605B,N,V,04/02/2026 07:04:32 PM
23606A,N,O,04/02/2026 07:10:00 PM
23606B,N,O,04/02/2026 07:10:56 PM
23607A,N,V,04/02/2026 07:59:15 PM
23607B,N,O,04/02/2026 06:13:09 PM
23608A,N,O,04/02/2026 07:57:38 PM
23608B,N,O,04/02/2026 07:31:19 PM
23609A,N,O,04/02/2026 07:30:49 PM
23609B,N,O,04/02/2026 03:40:46 PM
2360A,N,V,04/03/2026 07:50:43 AM
2360B,N,O,04/03/2026 08:05:43 AM
23610A,N,O,04/02/2026 06:01:19 PM
23611B,N,V,04/02/2026 07:57:31 PM
23612A,N,O,04/02/2026 05:48:23 PM
23613B,N,O,04/02/2026 06:40:21 PM
23614A,N,O,04/02/2026 07:04:07 PM
23614B,N,O,04/02/2026 07:39:53 PM
23615A,N,O,04/02/2026 06:08:32 PM
23615B,N,O,04/02/2026 07:36:23 PM
23616A,N,O,04/02/2026 07:24:07 PM
23616B,N,O,04/02/2026 04:45:58 PM
23617A,N,O,04/02/2026 06:57:37 AM
23617B,N,O,04/02/2026 06:57:37 AM
23618A,N,O,04/02/2026 06:12:08 PM
23618B,N,O,04/02/2026 07:47:40 PM
23619A,N,O,04/02/2026 06:34:08 PM
23619B,N,O,04/02/2026 05:34:29 PM
2361A,N,O,04/03/2026 06:58:55 AM
2361B,N,O,04/03/2026 06:58:52 AM
23620A,N,O,04/02/2026 06:07:26 PM
23620B,N,O,04/02/2026 06:52:24 PM
23622A,N,O,04/02/2026 04:34:58 PM
23622B,N,O,04/02/2026 05:02:03 PM
23623A,N,O,04/02/2026 05:28:07 PM
23623B,N,O,04/02/2026 04:34:46 PM
23624A,N,O,04/02/2026 07:55:49 AM
23624B,N,O,04/02/2026 05:27:10 PM
23625A,N,O,04/02/2026 04:42:43 PM
23625B,NU,O,04/02/2026 05:39:02 PM
23626A,N,O,04/02/2026 06:24:52 PM
23627A,N,O,04/02/2026 06:33:00 PM
23627B,N,O,04/02/2026 04:21:26 PM
23628A,N,O,04/02/2026 12:58:22 PM
23628B,N,O,04/02/2026 07:46:41 PM
23629A,N,O,04/02/2026 07:11:29 PM
23629B,N,O,04/02/2026 06:18:41 PM
2362A,N,O,04/03/2026 06:57:47 AM
2362B,N,O,04/03/2026 07:57:22 AM
23630A,N,O,04/02/2026 06:15:52 PM
23630B,N,O,04/02/2026 10:18:58 AM
23631A,N,O,04/02/2026 05:37:02 PM
23631B,N,O,04/02/2026 04:58:58 PM
23632A,N,O,04/02/2026 07:42:40 PM
23632B,N,O,04/02/2026 11:16:54 AM
23633A,N,O,04/02/2026 03:01:03 PM
23633B,N,O,04/02/2026 07:18:55 PM
23634A,N,O,04/02/2026 06:55:49 AM
23634B,N,O,04/02/2026 03:23:47 PM
23635A,N,O,04/02/2026 02:36:21 PM
23635B,N,O,04/02/2026 07:13:55 PM
23636A,N,O,04/02/2026 06:58:46 PM
23636B,N,O,04/02/2026 05:56:50 PM
23637A,N,O,04/02/2026 07:27:23 PM
23637B,N,O,04/02/2026 06:15:34 PM
23638A,N,O,04/02/2026 07:50:34 PM
23638B,N,O,04/02/2026 03:49:58 PM
23639A,N,O,04/02/2026 11:31:38 AM
23639B,N,O,04/02/2026 05:09:00 PM
2363A,N,O,04/03/2026 06:56:52 AM
23640A,N,O,04/02/2026 09:45:04 AM
23640B,N,O,04/02/2026 06:40:25 PM
23641B,N,O,04/02/2026 07:17:14 PM
23642B,N,O,04/02/2026 05:01:41 PM
23643A,N,O,04/02/2026 06:27:01 PM
23643B,N,O,04/02/2026 12:14:42 PM
23644A,N,O,04/02/2026 06:18:06 PM
23644B,N,O,04/02/2026 06:32:06 PM
23645A,N,O,04/02/2026 03:43:51 PM
23645B,N,O,04/02/2026 06:00:37 PM
23646A,N,O,04/02/2026 03:05:26 PM
23646B,N,O,04/02/2026 06:59:10 PM
23647A,N,O,04/02/2026 07:52:28 PM
23648B,N,O,04/02/2026 03:32:04 PM
23649A,N,O,04/02/2026 04:40:45 PM
23649B,N,O,04/02/2026 06:08:34 PM
2364A,N,O,04/03/2026 06:55:53 AM
2364B,N,O,04/02/2026 06:56:07 AM
23650A,N,O,04/02/2026 01:31:55 PM
23650B,N,O,04/02/2026 02:37:56 PM
23651A,N,O,04/02/2026 07:20:24 PM
23651B,N,O,04/02/2026 04:42:04 PM
23652A,N,O,04/02/2026 07:47:41 PM
23652B,N,O,04/02/2026 07:09:20 PM
23653A,N,O,04/02/2026 07:33:27 PM
23654A,N,O,04/02/2026 09:42:27 AM
23654B,N,O,04/02/2026 03:18:33 PM
23655A,N,O,04/02/2026 08:00:35 AM
23655B,N,O,04/02/2026 11:35:03 AM
23656A,N,O,04/02/2026 11:15:09 AM
23656B,N,O,04/02/2026 09:52:54 AM
23657A,N,O,04/02/2026 02:48:26 PM
23657B,N,O,04/02/2026 07:57:49 AM
23658B,N,O,04/02/2026 07:56:56 AM
23659B,N,V,04/02/2026 07:01:33 PM
2365B,N,O,04/03/2026 06:59:53 AM
23660A,N,O,04/02/2026 07:26:47 PM
23660B,N,O,04/02/2026 06:35:19 PM
23661A,N,O,04/02/2026 06:57:21 PM
23661B,N,O,04/02/2026 06:27:53 PM
23662A,N,O,04/02/2026 08:10:39 AM
23662B,N,O,04/02/2026 06:14:45 PM
2366A,N,O,04/02/2026 08:47:19 PM
2367A,N,V,04/02/2026 11:55:57 PM
2367B,N,O,04/02/2026 10:36:24 PM
23680A,N,V,04/02/2026 07:34:10 PM
23680B,N,V,04/02/2026 05:21:39 PM
23681A,N,V,04/02/2026 06:40:47 PM
23681B,N,V,04/02/2026 07:59:34 PM
23682A,N,V,04/02/2026 07:06:38 PM
23682B,N,V,04/02/2026 07:57:25 PM
23683A,N,O,04/02/2026 05:37:14 PM
23683B,N,V,04/02/2026 07:53:53 PM
23684A,N,V,04/02/2026 06:36:58 PM
23684B,N,V,04/02/2026 04:59:06 PM
23685A,N,V,04/02/2026 07:52:12 PM
23685B,N,V,04/02/2026 07:04:20 PM
23686A,N,V,04/02/2026 05:29:52 PM
23686B,N,V,04/02/2026 07:46:55 PM
23687A,N,O,04/02/2026 07:17:34 PM
23687B,N,O,04/02/2026 07:57:17 PM
23688A,N,V,04/02/2026 06:33:10 PM
23688B,N,O,04/02/2026 07:03:17 PM
23689A,N,V,04/02/2026 07:07:57 PM
23689B,N,V,04/02/2026 07:03:39 PM
2368A,N,O,04/02/2026 09:24:45 PM
2368B,N,O,04/02/2026 10:33:12 PM
23690A,N,V,04/02/2026 06:50:46 PM
23690B,N,V,04/02/2026 05:56:26 PM
23691A,N,V,04/02/2026 07:58:33 PM
23691B,N,O,04/02/2026 07:49:34 PM
23692A,N,O,04/02/2026 12:55:59 PM
23692B,N,V,04/02/2026 05:34:49 PM
23693A,N,O,04/02/2026 07:32:15 PM
23693B,N,O,04/02/2026 07:31:28 PM
23694A,N,O,04/02/2026 07:14:42 PM
23694B,N,O,04/02/2026 05:14:30 PM
23695A,N,V,04/02/2026 04:06:18 PM
23695B,N,V,04/02/2026 04:48:39 PM
23696A,N,V,04/02/2026 04:55:59 PM
23696B,N,V,04/02/2026 10:53:50 AM
23697A,N,O,04/02/2026 07:10:40 PM
23697B,N,V,04/02/2026 05:29:56 PM
23698A,N,V,04/02/2026 01:08:23 PM
23698B,N,V,04/02/2026 07:56:19 PM
23699A,N,V,04/01/2026 06:20:54 PM
23699B,N,V,04/01/2026 06:22:29 PM
2369A,N,O,04/02/2026 11:56:46 PM
2369B,N,V,04/02/2026 11:59:34 PM
23700A,N,V,04/02/2026 06:54:08 PM
23700B,N,V,04/02/2026 06:34:10 PM
23701A,N,V,04/02/2026 03:03:24 PM
23701B,N,V,04/02/2026 03:35:45 PM
23702A,N,V,04/02/2026 03:52:36 PM
23702B,N,V,04/02/2026 04:33:29 PM
23703A,N,V,04/02/2026 05:59:37 PM
23703B,N,V,04/02/2026 07:58:39 PM
23704A,N,V,04/02/2026 05:03:52 PM
23704B,N,V,04/02/2026 06:50:50 PM
23705A,N,V,04/02/2026 07:45:26 PM
23705B,N,O,04/02/2026 07:59:45 PM
23706A,N,O,04/02/2026 03:10:32 PM
23706B,N,V,04/02/2026 05:45:55 PM
23707A,N,V,04/02/2026 04:28:48 PM
23707B,N,V,04/02/2026 09:35:15 AM
2370B,N,O,04/02/2026 07:00:26 PM
23710A,N,O,04/02/2026 07:43:50 PM
23710B,N,V,04/02/2026 07:01:02 PM
23711A,N,V,04/02/2026 06:55:29 PM
23711B,N,V,04/02/2026 03:17:13 PM
23712A,N,V,04/02/2026 06:13:37 PM
23712B,N,V,04/02/2026 02:31:30 PM
23713A,N,V,04/02/2026 04:21:07 PM
23713B,N,V,04/02/2026 04:20:26 PM
23714A,N,V,04/02/2026 01:34:12 PM
23714B,N,V,04/02/2026 05:51:58 PM
23715A,N,V,04/02/2026 07:42:11 PM
23715B,N,V,04/02/2026 05:11:39 PM
23716A,N,V,04/02/2026 06:15:40 PM
23716B,N,V,04/02/2026 06:29:36 PM
23717A,N,V,04/01/2026 05:35:37 PM
23717B,N,V,04/02/2026 07:59:54 PM
23718A,N,V,04/02/2026 07:42:32 PM
23718B,N,V,04/01/2026 03:07:31 PM
23719A,N,V,04/02/2026 08:06:16 AM
23719B,N,V,04/02/2026 08:06:05 AM
2371A,N,O,04/02/2026 07:32:12 PM
2371B,N,O,04/02/2026 08:27:31 PM
23720A,N,V,04/02/2026 10:04:18 AM
23720B,N,O,04/02/2026 07:16:45 PM
23721B,N,O,04/02/2026 07:55:12 PM
23722A,N,V,04/02/2026 07:59:45 PM
23722B,N,O,04/02/2026 07:53:03 PM
23723A,N,V,04/02/2026 07:20:57 PM
23723B,N,V,04/02/2026 02:12:55 PM
23724A,N,V,04/02/2026 02:52:43 PM
23724B,N,V,04/02/2026 05:47:34 PM
23725A,N,V,04/02/2026 06:02:41 PM
23725B,N,O,04/02/2026 07:53:46 PM
23726A,N,O,04/02/2026 01:01:06 PM
23726B,N,V,04/02/2026 01:02:26 PM
23727A,N,V,04/02/2026 10:16:19 AM
23727B,N,V,04/02/2026 05:24:34 PM
23728A,N,V,08/11/2025 11:57:50 AM
23728B,N,V,04/02/2026 11:41:23 AM
23729A,N,V,04/02/2026 05:18:37 PM
23729B,N,V,04/01/2026 03:27:51 PM
2372A,N,O,04/02/2026 06:43:59 PM
2372B,N,O,04/02/2026 07:57:53 AM
23730A,N,V,04/02/2026 06:05:58 PM
23730B,N,V,04/02/2026 07:33:34 PM
23731A,N,V,04/02/2026 07:19:29 PM
23731B,N,V,04/02/2026 07:59:22 PM
23732A,N,V,04/02/2026 05:55:36 PM
23732B,N,O,04/02/2026 07:42:57 PM
23733A,N,V,04/02/2026 07:58:47 PM
23733B,N,O,04/02/2026 07:50:38 PM
23734A,N,O,04/02/2026 06:08:03 PM
23734B,N,O,04/02/2026 06:04:34 PM
23735A,N,O,04/02/2026 05:29:41 PM
23735B,N,O,04/02/2026 07:55:11 PM
23736A,N,O,04/02/2026 07:25:26 PM
23736B,N,O,04/02/2026 06:23:13 PM
23737A,N,O,04/02/2026 06:17:05 PM
23737B,N,O,04/02/2026 06:28:59 PM
2373A,N,O,04/02/2026 01:33:33 PM
2373B,N,O,04/02/2026 07:56:52 AM
23740B,N,O,04/02/2026 04:57:11 PM
23741A,N,O,04/02/2026 06:58:51 AM
23741B,N,O,04/02/2026 06:58:51 AM
23742A,N,V,04/02/2026 06:05:32 PM
23742B,N,O,04/02/2026 07:59:44 PM
23743A,N,O,04/02/2026 07:59:16 PM
23743B,N,O,04/02/2026 08:35:40 AM
23744A,N,V,04/02/2026 07:57:06 PM
23744B,N,O,04/02/2026 07:11:20 PM
23745A,N,V,04/02/2026 07:45:35 PM
23745B,N,V,04/02/2026 06:44:08 PM
23746A,N,V,04/02/2026 07:25:32 PM
23746B,N,V,04/02/2026 07:50:58 PM
23747A,N,V,04/02/2026 06:22:42 PM
23747B,N,O,04/02/2026 07:54:06 PM
23748A,N,O,04/02/2026 07:56:18 PM
23748B,N,V,04/02/2026 07:46:55 PM
23749A,N,O,04/02/2026 04:23:02 PM
23749B,N,V,04/02/2026 04:48:16 PM
2374A,N,O,04/03/2026 08:11:03 AM
2374B,N,O,04/03/2026 07:55:48 AM
23750A,N,V,04/02/2026 05:16:15 PM
23750B,N,O,04/02/2026 06:59:45 AM
23751A,N,V,04/02/2026 06:24:17 PM
23751B,N,V,04/02/2026 05:16:26 PM
23755A,N,O,04/02/2026 07:42:02 PM
23756A,N,O,04/02/2026 07:29:11 AM
23756B,N,O,04/02/2026 05:51:39 PM
23757A,N,O,04/02/2026 06:45:57 PM
23757B,N,O,04/02/2026 05:19:21 PM
23758B,N,O,04/02/2026 06:21:30 PM
23759A,N,O,04/02/2026 06:41:37 PM
23759B,N,V,04/02/2026 08:00:01 PM
2375A,N,O,04/03/2026 07:59:45 AM
2375B,N,O,04/03/2026 07:59:49 AM
23760A,N,O,04/02/2026 05:55:23 PM
23760B,N,O,04/02/2026 07:30:48 PM
23761A,N,O,04/02/2026 07:49:45 PM
23761B,N,O,04/02/2026 07:23:03 PM
23762A,N,O,04/02/2026 07:16:57 PM
23762B,N,O,04/02/2026 07:12:46 PM
23763A,N,O,04/02/2026 06:19:09 PM
23763B,N,O,04/02/2026 07:35:34 PM
23764A,N,V,04/02/2026 07:57:52 PM
23764B,N,O,04/02/2026 07:57:39 PM
23767A,N,O,04/02/2026 07:52:44 PM
23767B,N,O,04/02/2026 07:46:04 PM
23768A,N,O,04/02/2026 05:30:20 PM
23768B,N,V,04/02/2026 07:59:50 PM
23769A,N,V,04/02/2026 05:36:02 PM
23769B,N,V,04/01/2026 11:29:44 AM
2376A,N,O,04/02/2026 09:52:47 PM
2376B,N,O,04/02/2026 11:16:06 PM
23770A,N,V,11/24/2025 02:27:42 PM
23770B,N,O,11/24/2025 04:15:05 PM
23771A,N,V,04/02/2026 05:55:57 PM
23771B,N,V,04/02/2026 05:57:47 PM
23772A,N,V,03/31/2026 07:43:48 PM
23772B,N,V,04/02/2026 11:46:04 AM
23773A,N,V,04/02/2026 05:58:49 PM
23773B,N,V,04/02/2026 03:59:14 PM
23774A,N,V,04/02/2026 06:31:33 PM
23774B,N,O,04/02/2026 06:14:10 PM
23775A,N,V,04/02/2026 05:47:08 PM
23775B,N,V,04/01/2026 03:49:11 PM
23776B,N,V,04/02/2026 05:47:05 PM
23777A,N,V,04/02/2026 06:14:51 PM
23777B,N,V,04/02/2026 05:54:28 PM
23778A,N,V,04/02/2026 03:59:13 PM
23778B,N,V,04/02/2026 02:04:01 PM
23779A,N,V,04/02/2026 11:43:02 AM
23779B,N,V,04/01/2026 04:26:06 PM
2377A,N,O,04/02/2026 11:54:54 PM
2377B,N,O,04/02/2026 11:37:43 PM
23780A,N,V,03/27/2026 07:57:37 PM
23780B,N,V,04/01/2026 01:14:11 PM
23781A,N,V,03/31/2026 06:00:15 PM
23781B,N,V,04/02/2026 08:26:02 AM
23782A,NU,O,02/18/2026 05:51:49 PM
23782B,NU,V,02/04/2026 07:52:57 AM
23783A,N,V,04/02/2026 05:18:18 PM
23783B,N,V,04/02/2026 05:18:26 PM
23784A,N,V,04/01/2026 01:17:41 PM
23784B,N,V,04/01/2026 12:56:19 PM
23785A,N,V,04/01/2026 02:02:56 PM
23785B,N,V,04/01/2026 01:13:49 PM
23786A,N,V,04/02/2026 03:42:04 PM
23786B,N,O,03/12/2026 02:01:52 PM
23787A,N,V,04/02/2026 04:27:11 PM
23787B,N,V,04/02/2026 01:18:54 PM
23788A,N,V,04/02/2026 02:26:53 PM
23788B,N,V,04/01/2026 04:39:00 PM
23789A,N,O,04/02/2026 02:24:19 PM
2378A,N,O,04/02/2026 09:27:10 PM
2378B,N,O,04/02/2026 08:42:38 PM
23790A,N,O,04/02/2026 04:20:10 PM
23790B,N,O,04/02/2026 05:48:26 PM
23791A,N,V,04/02/2026 07:58:25 PM
23791B,N,V,04/02/2026 07:59:58 PM
23792A,N,O,04/02/2026 05:30:39 PM
23792B,N,O,04/02/2026 07:57:33 PM
23793A,N,V,04/02/2026 07:12:24 PM
23793B,N,V,04/02/2026 07:41:39 PM
23794A,N,V,04/02/2026 07:04:24 PM
23794B,N,V,04/02/2026 09:27:18 AM
23795A,N,O,04/02/2026 07:36:22 PM
23795B,N,O,04/02/2026 04:09:34 PM
23796A,N,O,04/02/2026 07:57:06 PM
23796B,N,O,04/02/2026 07:57:38 PM
23797A,N,V,04/02/2026 07:59:57 PM
23797B,N,V,04/02/2026 05:25:18 PM
23798A,N,V,04/02/2026 05:25:14 PM
23798B,N,V,04/02/2026 07:59:53 PM
23799A,N,V,04/02/2026 07:59:34 PM
23799B,N,O,04/02/2026 05:16:16 PM
2379A,N,V,04/02/2026 11:58:34 PM
2379B,N,O,04/02/2026 11:33:04 PM
23800A,N,V,04/02/2026 07:59:47 PM
23800B,N,V,04/02/2026 06:14:56 PM
23801A,N,V,04/02/2026 06:14:56 PM
23801B,N,V,04/02/2026 05:36:25 PM
23802A,N,V,04/02/2026 07:59:30 PM
23802B,N,V,04/02/2026 04:12:26 PM
23803A,N,O,04/02/2026 06:46:29 PM
2380A,N,V,04/02/2026 11:57:38 PM
2380B,N,O,04/02/2026 09:57:16 PM
2381A,N,O,04/02/2026 11:42:25 PM
2381B,N,V,04/02/2026 08:28:00 PM
2382A,N,O,04/02/2026 10:45:40 PM
2382B,N,O,04/02/2026 07:58:31 AM
23830B,N,V,04/02/2026 07:56:23 PM
23831A,N,O,04/02/2026 01:57:53 PM
23831B,N,V,04/02/2026 07:47:30 PM
23832A,N,O,04/02/2026 07:39:31 PM
23832B,N,V,04/02/2026 07:23:47 PM
23833A,N,O,04/02/2026 07:44:45 PM
23833B,N,O,04/02/2026 06:40:37 PM
23834A,N,V,04/02/2026 07:43:35 PM
23834B,N,O,04/02/2026 07:59:56 PM
23835A,N,V,04/02/2026 05:56:51 PM
23835B,N,V,04/02/2026 05:56:51 PM
23836A,N,O,04/02/2026 08:00:02 PM
23836B,N,V,04/02/2026 07:56:39 PM
23837A,N,V,04/02/2026 06:51:18 PM
23837B,N,V,04/02/2026 07:06:12 PM
23838A,N,V,04/02/2026 06:47:53 PM
23838B,N,V,04/02/2026 07:40:59 PM
23839A,N,V,04/02/2026 07:13:50 PM
23839B,N,V,04/02/2026 06:09:22 PM
2383A,N,O,04/02/2026 09:43:45 PM
2383B,N,O,04/02/2026 06:33:35 PM
23840A,N,V,04/02/2026 07:51:11 PM
23840B,N,V,04/02/2026 05:31:37 PM
23841A,N,O,07/20/2025 09:50:50 PM
23841B,N,O,07/23/2025 11:01:56 AM
23842A,N,O,04/02/2026 07:57:12 PM
23842B,N,O,04/02/2026 06:57:44 AM
23843A,N,O,04/02/2026 06:56:41 AM
23843B,N,O,04/02/2026 06:56:45 AM
23844A,N,O,04/02/2026 06:56:32 AM
23844B,N,V,04/02/2026 07:22:55 PM
23845A,N,O,04/02/2026 07:55:12 PM
23845B,N,O,04/02/2026 07:13:39 PM
23846A,N,O,04/02/2026 07:56:10 PM
23846B,N,V,04/02/2026 06:22:51 PM
23847A,N,O,04/02/2026 07:38:25 PM
23847B,N,O,04/02/2026 07:59:49 PM
23848A,N,O,04/02/2026 07:57:50 PM
23848B,N,O,04/02/2026 05:24:07 PM
23849A,N,O,04/02/2026 07:18:16 PM
23849B,N,O,04/02/2026 07:59:55 PM
2384A,N,O,04/02/2026 07:42:09 PM
23850A,N,V,04/02/2026 05:46:12 PM
23850B,N,V,04/02/2026 07:28:13 PM
23851A,N,V,04/02/2026 07:39:21 PM
23851B,N,V,04/02/2026 07:24:57 PM
23852A,N,O,04/02/2026 07:59:18 PM
23852B,N,O,04/02/2026 03:41:11 PM
23853A,N,O,04/02/2026 07:31:44 AM
23853B,N,O,04/02/2026 06:56:54 AM
23855A,N,O,04/02/2026 06:59:45 AM
23855B,N,O,04/02/2026 07:26:18 AM
23856A,N,O,04/02/2026 03:29:23 PM
23856B,N,O,04/02/2026 06:58:46 AM
23857A,N,O,04/02/2026 06:57:48 AM
23857B,N,V,04/02/2026 07:16:19 PM
23858A,N,O,04/02/2026 07:45:32 PM
2386A,N,O,04/03/2026 06:58:51 AM
2386B,N,O,04/03/2026 08:14:23 AM
2387A,N,O,04/03/2026 07:24:33 AM
2387B,N,O,04/03/2026 06:57:51 AM
2395A,N,O,04/03/2026 07:09:27 AM
2395B,N,V,04/02/2026 09:08:24 PM
2396A,N,V,04/02/2026 05:54:24 PM
2396B,N,V,04/03/2026 07:03:09 AM
2397A,N,V,04/02/2026 09:07:25 PM
2397B,N,V,04/03/2026 07:29:00 AM
2398A,N,O,04/03/2026 07:01:48 AM
23990A,N,V,04/02/2026 06:39:31 PM
23990B,N,V,04/02/2026 07:15:21 PM
23991A,N,V,04/02/2026 07:46:30 PM
23991B,N,V,04/02/2026 07:56:46 PM
23992A,N,V,04/02/2026 05:57:22 PM
23992B,N,O,04/02/2026 07:59:41 PM
23993A,N,V,04/02/2026 06:32:38 PM
23993B,N,O,04/02/2026 06:30:41 PM
23994B,N,V,04/02/2026 07:58:21 PM
23995A,N,V,04/02/2026 12:40:26 PM
23995B,N,V,04/02/2026 06:40:21 PM
23996A,N,V,04/02/2026 02:44:08 PM
23996B,N,V,04/02/2026 12:42:08 PM
23A,NU,V,01/05/2026 10:15:39 PM
23B,NU,V,01/05/2026 11:57:20 PM
24001A,N,V,04/02/2026 07:57:19 PM
24002A,N,V,04/02/2026 05:50:38 PM
24003A,N,O,04/02/2026 07:59:27 PM
24003B,N,O,04/02/2026 07:59:53 PM
24004A,N,O,04/02/2026 06:55:51 AM
24004B,N,V,04/02/2026 05:31:44 PM
24005A,N,V,04/02/2026 02:47:52 PM
24005B,N,O,04/02/2026 05:55:46 PM
24006A,N,V,04/02/2026 10:00:39 AM
24006B,N,V,04/02/2026 07:58:27 PM
24007A,N,V,04/02/2026 02:33:55 PM
24007B,N,V,04/02/2026 01:54:53 PM
24008A,N,V,04/02/2026 03:35:51 PM
24008B,N,V,04/02/2026 06:46:19 PM
24009A,N,V,04/02/2026 07:54:03 PM
24009B,N,V,04/02/2026 07:56:32 PM
2400B,NU,O,04/02/2026 08:30:46 PM
24010A,N,V,04/02/2026 07:54:58 PM
24010B,N,V,04/02/2026 05:18:53 PM
24013A,N,V,04/02/2026 10:47:53 AM
24013B,N,V,04/02/2026 06:58:23 PM
24014A,N,V,04/02/2026 12:26:17 PM
24014B,N,V,04/01/2026 01:46:04 PM
24015A,N,V,04/02/2026 09:08:03 AM
24015B,N,V,04/01/2026 06:02:24 PM
2401A,N,V,04/02/2026 11:49:45 PM
2401B,N,O,04/02/2026 11:46:23 PM
24020A,NU,O,04/02/2026 07:44:33 PM
24021A,NU,O,04/02/2026 07:40:19 PM
24021B,NU,V,04/02/2026 07:01:51 PM
24022A,NU,V,04/02/2026 07:56:06 PM
24022B,NU,O,04/02/2026 06:38:22 PM
24023A,NU,O,04/02/2026 07:55:58 PM
24023B,NU,V,04/02/2026 05:59:18 PM
24024A,NU,V,04/02/2026 07:59:49 PM
24024B,NU,O,04/02/2026 04:00:00 PM
24025A,NU,O,04/02/2026 07:59:25 PM
24025B,NU,O,04/02/2026 07:17:10 PM
24026A,NU,O,04/02/2026 02:45:11 PM
24026B,NU,V,04/02/2026 07:58:07 PM
24030A,N,V,03/28/2026 05:23:10 PM
24030B,N,V,04/02/2026 08:02:41 AM
24031A,N,V,04/01/2026 09:26:52 AM
24031B,N,V,04/02/2026 07:15:55 PM
24032A,N,V,04/02/2026 10:57:37 AM
24033A,N,V,03/31/2026 11:36:16 AM
24033B,N,V,04/02/2026 09:03:37 AM
24034A,N,V,04/02/2026 04:28:15 PM
24034B,N,O,04/02/2026 09:03:39 AM
24035B,N,O,04/02/2026 06:31:41 PM
24040A,N,V,04/02/2026 07:53:17 PM
24040B,N,O,04/02/2026 07:52:03 PM
24041A,N,V,04/02/2026 04:54:23 PM
24041B,N,O,04/02/2026 07:59:57 PM
24042B,N,V,04/02/2026 05:26:26 PM
24043A,N,O,04/02/2026 06:55:11 PM
24043B,N,O,04/02/2026 07:01:25 PM
24044A,N,V,04/02/2026 05:33:43 PM
24044B,N,O,04/02/2026 07:11:22 PM
24045A,N,V,04/02/2026 03:57:53 PM
24045B,N,O,04/02/2026 07:02:54 PM
24046B,N,O,04/02/2026 07:59:22 PM
24047A,NU,O,03/16/2026 01:33:38 PM
24047B,NU,O,03/16/2026 01:34:28 PM
24048A,N,O,04/02/2026 07:57:34 PM
24048B,N,V,04/02/2026 05:49:07 PM
24049A,N,O,04/02/2026 07:59:03 PM
24049B,N,V,04/02/2026 06:46:57 PM
24050A,N,V,04/02/2026 02:31:39 PM
24050B,N,V,04/02/2026 02:51:42 PM
2406A,N,O,04/02/2026 03:21:44 PM
2406B,N,O,04/02/2026 05:53:25 PM
2407A,N,O,04/02/2026 06:06:34 PM
2407B,N,O,04/02/2026 07:54:04 PM
2408B,N,O,04/02/2026 06:58:11 AM
2409A,N,O,04/02/2026 05:53:11 PM
2409B,N,O,04/02/2026 06:14:54 PM
240A,N,V,04/02/2026 10:45:38 PM
240B,N,V,04/01/2026 07:04:52 PM
24100B,N,V,04/02/2026 07:59:56 PM
24101A,N,V,04/02/2026 05:15:04 PM
24101B,N,V,04/02/2026 05:25:20 PM
24102A,N,V,04/02/2026 05:57:04 PM
24102B,N,V,04/02/2026 04:51:10 PM
24103A,N,V,04/02/2026 05:40:44 PM
24103B,N,V,04/02/2026 05:54:16 PM
24104A,N,V,04/02/2026 05:48:02 PM
24104B,N,V,04/02/2026 05:49:48 PM
24105A,N,V,04/02/2026 07:22:56 PM
24105B,N,V,04/02/2026 07:56:00 PM
24106A,N,V,04/02/2026 06:55:25 PM
24106B,N,V,04/02/2026 06:40:48 PM
2410A,N,O,04/02/2026 10:11:43 PM
2410B,N,O,04/02/2026 12:49:10 PM
2411A,N,O,04/02/2026 06:58:48 AM
2411B,N,O,04/02/2026 05:52:13 PM
2412A,N,O,04/02/2026 10:05:53 PM
2412B,N,O,04/02/2026 05:22:33 PM
2413A,N,O,04/02/2026 09:16:10 PM
2413B,N,O,04/02/2026 05:03:08 PM
2414A,N,O,04/02/2026 11:58:22 PM
2414B,N,V,04/02/2026 10:49:22 PM
2415A,N,O,04/02/2026 10:30:17 AM
2415B,N,V,04/02/2026 11:59:27 PM
2416A,N,O,04/02/2026 06:58:48 AM
2416B,N,O,04/02/2026 06:13:51 PM
2417A,N,O,04/02/2026 03:42:36 PM
2417B,N,O,04/02/2026 06:57:51 AM
2418A,N,O,04/02/2026 08:30:59 PM
2418B,N,O,04/02/2026 03:38:35 PM
2419A,N,O,04/02/2026 06:35:36 PM
2419B,N,O,04/02/2026 05:17:05 PM
241A,N,O,04/02/2026 10:31:24 PM
241B,N,O,04/02/2026 09:52:31 PM
2420A,N,O,04/02/2026 06:59:42 AM
2420B,N,O,04/02/2026 08:01:04 PM
2421A,N,O,04/02/2026 08:26:17 PM
2421B,N,O,04/02/2026 06:13:19 PM
2422A,N,O,04/02/2026 06:55:22 PM
2422B,N,O,04/02/2026 08:12:54 PM
2423A,N,O,04/02/2026 06:31:31 PM
2423B,N,O,04/02/2026 06:41:41 PM
2424A,N,O,04/02/2026 02:51:27 PM
2424B,N,O,04/02/2026 09:01:56 PM
2425A,N,O,04/02/2026 04:50:40 PM
2425B,N,O,04/02/2026 06:53:17 PM
2426A,N,O,04/02/2026 06:58:50 AM
2426B,N,O,04/02/2026 02:45:36 PM
242A,N,O,04/02/2026 07:55:05 PM
242B,N,O,04/02/2026 11:16:58 AM
2430A,N,V,04/02/2026 11:40:39 PM
2431A,N,O,04/02/2026 09:45:36 PM
2431B,N,O,04/02/2026 09:45:29 PM
2434B,N,O,04/02/2026 07:20:10 PM
2435A,N,O,04/02/2026 06:59:49 AM
2435B,N,O,04/01/2026 06:59:49 AM
2436A,N,O,04/02/2026 10:42:20 PM
2436B,N,O,04/02/2026 04:40:55 PM
2437A,N,O,04/02/2026 08:50:37 PM
2437B,N,O,04/02/2026 08:45:24 PM
2438A,N,O,04/02/2026 10:00:24 PM
2438B,N,O,04/02/2026 09:31:08 PM
2439A,N,O,04/02/2026 11:20:55 PM
2439B,N,O,04/02/2026 05:24:15 PM
243A,N,O,04/02/2026 06:56:45 AM
243B,N,V,04/02/2026 11:05:51 PM
2440A,N,O,04/02/2026 04:49:42 PM
2440B,N,O,04/02/2026 05:19:01 PM
2441A,N,O,04/02/2026 07:39:39 PM
2441B,N,O,04/01/2026 12:03:29 PM
2447A,N,O,04/02/2026 09:16:03 PM
2447B,N,O,04/02/2026 10:32:36 PM
2448A,N,O,04/02/2026 02:38:41 PM
2448B,N,O,04/02/2026 07:17:56 PM
2449A,N,O,04/02/2026 11:00:50 PM
2449B,N,O,04/02/2026 06:44:23 PM
244A,N,V,04/02/2026 08:13:32 PM
244B,N,O,04/02/2026 11:59:54 PM
24501A,NU,O,10/06/2025 08:01:53 AM
24501B,NU,O,10/06/2025 11:52:25 AM
24502A,NU,O,10/06/2025 11:44:14 AM
24502B,NU,O,10/06/2025 11:44:14 AM
24503A,NU,O,10/06/2025 07:56:40 AM
24504A,NU,V,10/06/2025 11:34:31 AM
24504B,NU,O,10/06/2025 06:55:44 AM
24505A,NU,O,10/06/2025 08:27:15 AM
24505B,NU,O,10/06/2025 09:22:04 AM
24507A,N,O,04/02/2026 06:16:15 PM
24507B,N,O,04/02/2026 05:57:01 PM
24508A,N,V,04/02/2026 06:57:53 PM
24508B,N,O,04/02/2026 06:42:47 PM
24509A,N,O,04/02/2026 06:15:07 PM
24509B,N,V,04/02/2026 07:31:26 PM
2450A,N,V,04/02/2026 11:58:36 PM
2450B,N,V,04/02/2026 11:44:26 PM
24510A,N,O,04/02/2026 06:59:41 PM
24510B,N,O,04/02/2026 07:51:29 PM
24511A,N,O,04/02/2026 06:40:18 PM
24511B,N,O,04/02/2026 06:58:55 AM
24512A,N,O,04/02/2026 06:58:49 PM
24512B,N,O,04/02/2026 08:00:02 PM
24513A,NU,V,02/09/2026 11:33:13 AM
2451A,N,O,04/02/2026 05:57:43 PM
2451B,N,O,04/02/2026 04:06:14 PM
2452A,N,O,04/02/2026 07:09:57 PM
2452B,N,O,04/02/2026 10:20:54 PM
2453A,N,O,04/02/2026 11:54:47 PM
2453B,N,O,04/02/2026 03:27:11 PM
2454A,N,O,04/02/2026 06:24:46 PM
2454B,N,O,04/02/2026 06:47:22 PM
245A,N,V,04/02/2026 03:47:09 PM
245B,N,V,04/02/2026 03:47:09 PM
2467A,N,O,04/02/2026 11:17:36 PM
2467B,N,O,04/02/2026 06:46:03 PM
246A,N,V,04/02/2026 07:53:06 PM
246B,N,V,04/02/2026 06:20:03 PM
2476A,N,O,01/12/2026 03:54:54 PM
2476B,N,O,04/03/2026 06:58:44 AM
2477B,N,O,04/03/2026 06:57:53 AM
2478A,N,O,04/03/2026 06:56:46 AM
2478B,N,O,04/03/2026 06:56:46 AM
2480A,N,O,04/02/2026 11:58:57 PM
2480B,N,O,04/02/2026 09:20:23 PM
2481A,N,O,04/02/2026 05:14:47 PM
2481B,N,V,04/02/2026 11:57:33 PM
2482A,N,O,04/02/2026 09:27:15 PM
2482B,N,O,04/02/2026 08:36:58 PM
2483A,N,O,04/02/2026 10:44:12 PM
2483B,N,O,04/02/2026 10:38:29 PM
2484A,N,O,04/02/2026 11:13:32 PM
2484B,N,O,04/02/2026 07:28:23 PM
2485A,N,O,04/02/2026 10:14:59 PM
2485B,N,O,04/02/2026 11:59:08 PM
2489A,N,O,04/03/2026 06:55:45 AM
2489B,N,O,04/02/2026 01:36:11 PM
2490A,N,O,04/03/2026 08:00:57 AM
2490B,N,O,04/03/2026 06:59:47 AM
2491A,N,O,04/03/2026 06:58:44 AM
2491B,N,O,04/03/2026 06:58:44 AM
2492A,N,O,04/02/2026 04:13:14 PM
2492B,N,O,04/03/2026 06:57:49 AM
2493A,N,O,01/12/2026 12:48:14 PM
2493B,N,V,01/12/2026 12:51:37 PM
2496A,N,O,04/02/2026 08:47:39 PM
2497A,N,O,04/02/2026 11:33:36 PM
2497B,N,O,04/02/2026 10:53:59 PM
24A,NU,V,01/05/2026 11:10:12 PM
24B,NU,V,01/05/2026 10:21:13 PM
2501A,N,O,04/02/2026 11:31:41 PM
2501B,N,O,04/02/2026 08:28:52 AM
2502A,N,O,04/03/2026 06:57:53 AM
2502B,N,O,04/03/2026 06:57:53 AM
25035A,N,O,04/02/2026 05:23:53 PM
25035B,N,O,04/02/2026 05:19:28 PM
25036A,N,O,04/02/2026 05:05:08 PM
25036B,N,O,04/02/2026 03:41:14 PM
25037A,N,V,04/02/2026 03:04:59 PM
25037B,N,O,04/02/2026 05:22:49 PM
2503B,N,O,04/03/2026 07:17:34 AM
25040A,N,O,04/02/2026 07:09:40 PM
25040B,N,O,04/02/2026 03:26:36 PM
25041A,N,O,04/02/2026 07:12:19 PM
25041B,N,O,04/02/2026 06:37:09 PM
25042A,N,O,04/02/2026 03:12:57 PM
25042B,N,O,04/02/2026 07:57:48 AM
25043A,N,O,04/02/2026 05:07:16 PM
25043B,N,O,04/02/2026 06:51:29 PM
25044A,N,O,04/02/2026 07:55:49 AM
25044B,N,O,04/02/2026 09:59:06 AM
25052A,N,O,04/02/2026 05:59:41 PM
25052B,N,O,04/02/2026 07:33:29 PM
25053A,N,O,04/02/2026 07:32:51 PM
25053B,N,O,04/02/2026 05:53:33 PM
25054A,N,O,04/02/2026 05:16:26 PM
25054B,N,O,04/02/2026 06:51:44 PM
25055B,N,O,04/02/2026 03:31:31 PM
2505A,N,O,04/02/2026 02:53:34 PM
2505B,N,O,04/02/2026 09:47:59 PM
25060A,N,O,04/02/2026 05:04:58 PM
25060B,N,O,04/02/2026 06:18:37 PM
25061A,N,O,04/02/2026 06:21:05 PM
25061B,N,O,04/02/2026 07:58:47 AM
25062A,N,O,04/02/2026 12:32:48 PM
25062B,N,O,04/02/2026 03:59:13 PM
25066A,N,O,04/02/2026 05:32:40 PM
25066B,N,O,04/02/2026 06:25:19 PM
25067A,N,O,04/02/2026 04:30:15 PM
25067B,N,O,04/02/2026 05:36:35 PM
25068A,N,O,04/02/2026 07:50:45 PM
25068B,N,O,04/02/2026 05:29:52 PM
25069A,N,V,04/02/2026 06:02:02 PM
25069B,N,O,04/02/2026 06:53:24 PM
2506A,N,O,04/02/2026 04:48:00 PM
2506B,N,O,04/02/2026 05:18:20 PM
25072A,NU,O,04/02/2026 06:30:16 PM
25072B,NU,O,04/02/2026 05:32:41 PM
25073A,NU,O,04/02/2026 04:06:37 PM
25073B,NU,O,04/02/2026 05:20:32 PM
25074A,NU,O,04/02/2026 05:08:16 PM
25074B,NU,O,04/02/2026 04:07:26 PM
25075A,NU,O,04/02/2026 04:30:59 PM
25075B,NU,O,04/02/2026 05:58:25 PM
25076A,NU,O,04/02/2026 06:49:12 PM
25076B,NU,O,04/02/2026 04:48:00 PM
25077A,NU,O,04/02/2026 06:25:09 PM
25077B,NU,O,04/02/2026 05:46:56 PM
25078A,NU,V,04/02/2026 08:35:48 AM
25078B,NU,O,04/02/2026 07:36:04 PM
25079A,NU,O,04/02/2026 01:45:50 PM
25079B,NU,O,04/02/2026 05:35:13 PM
2507A,N,O,04/02/2026 11:07:35 PM
2507B,N,O,04/02/2026 08:18:42 PM
25080A,NU,V,04/02/2026 03:33:10 PM
25080B,NU,O,04/02/2026 05:13:46 PM
25081A,N,O,04/02/2026 06:47:31 PM
25081B,N,O,04/02/2026 06:20:55 PM
25082A,N,O,04/02/2026 05:15:28 PM
25082B,N,O,04/02/2026 02:50:36 PM
25083A,N,O,04/02/2026 07:56:48 AM
25083B,N,V,04/02/2026 07:55:03 PM
25084A,N,O,04/02/2026 07:55:42 AM
25085A,N,O,04/02/2026 07:15:23 PM
25085B,N,O,04/02/2026 06:59:55 AM
25086A,N,O,04/02/2026 06:58:52 AM
25086B,N,O,04/02/2026 03:16:15 PM
25087A,N,O,04/02/2026 06:39:42 PM
25087B,N,O,04/02/2026 06:57:51 AM
25088A,N,O,04/02/2026 05:38:03 PM
25088B,N,O,04/02/2026 07:52:12 PM
25089A,N,O,04/02/2026 01:56:45 PM
25089B,N,O,04/02/2026 06:56:00 AM
2508A,N,O,04/02/2026 03:17:08 PM
2508B,N,O,04/02/2026 09:32:30 PM
25091B,NU,O,04/02/2026 05:34:21 PM
25092A,NU,O,04/02/2026 05:54:43 PM
25092B,NU,O,04/02/2026 07:41:57 PM
25093A,NU,O,04/02/2026 07:38:25 PM
25093B,NU,O,04/02/2026 06:20:21 PM
25094A,NU,O,04/02/2026 03:31:11 PM
25094B,NU,O,04/02/2026 06:36:56 PM
25095A,NU,O,04/02/2026 07:12:06 PM
25095B,NU,O,04/02/2026 06:07:41 PM
25099A,NU,O,04/02/2026 04:33:53 PM
25099B,NU,O,04/02/2026 07:11:32 PM
2509B,N,O,04/02/2026 11:20:32 AM
250A,N,O,04/02/2026 11:57:52 PM
250B,N,V,04/03/2026 12:00:00 AM
25100A,NU,O,04/02/2026 05:09:39 PM
25100B,NU,O,04/02/2026 05:39:26 PM
25101A,NU,O,04/02/2026 07:59:14 PM
25101B,NU,O,04/02/2026 07:50:49 PM
25102A,NU,O,04/02/2026 04:44:27 PM
25102B,NU,O,04/02/2026 05:37:54 PM
25103A,NU,O,04/02/2026 03:22:44 PM
25103B,NU,O,04/02/2026 04:47:48 PM
25104A,NU,O,04/02/2026 07:40:06 PM
25104B,NU,O,04/02/2026 06:55:53 AM
25105A,NU,O,04/02/2026 04:02:00 PM
25109B,NU,O,04/02/2026 04:42:32 PM
2510A,N,O,04/02/2026 06:59:50 AM
2510B,N,O,04/02/2026 04:13:33 PM
25110A,NU,O,04/02/2026 07:14:58 PM
25111B,NU,O,04/02/2026 07:17:20 PM
25112A,NU,O,04/02/2026 06:34:17 PM
25113A,N,O,04/02/2026 06:35:04 PM
25113B,N,O,04/02/2026 06:56:48 AM
25114A,N,O,04/02/2026 05:30:49 PM
25114B,N,V,04/02/2026 07:59:50 PM
25115A,N,O,04/02/2026 07:59:36 PM
25115B,N,O,04/02/2026 10:44:07 AM
25116A,N,V,04/02/2026 07:58:31 PM
25116B,N,O,04/02/2026 05:11:51 PM
25117A,N,O,04/02/2026 06:22:42 PM
25117B,N,O,04/02/2026 07:18:13 PM
25118A,N,V,04/02/2026 04:52:18 PM
25118B,N,O,04/02/2026 06:45:04 PM
25119A,N,O,04/02/2026 06:48:24 PM
25119B,N,V,09/19/2025 03:52:02 PM
2511A,N,O,04/02/2026 02:52:16 PM
25121A,N,V,04/02/2026 07:53:35 PM
25121B,N,O,04/02/2026 01:39:33 PM
25122A,N,O,04/02/2026 06:45:44 PM
25122B,N,O,04/02/2026 06:57:50 AM
25123A,N,O,04/02/2026 10:05:43 AM
25123B,N,O,04/02/2026 06:56:47 AM
25124A,N,O,04/02/2026 06:56:36 AM
25124B,N,O,04/02/2026 06:55:51 AM
25125A,N,O,04/02/2026 02:16:19 PM
25125B,N,O,04/02/2026 04:56:22 PM
25126B,N,O,04/02/2026 07:29:21 PM
25127A,N,O,04/02/2026 03:40:48 PM
25127B,N,O,04/02/2026 03:52:02 PM
25128A,N,O,04/02/2026 01:35:34 PM
25128B,N,O,04/02/2026 05:05:15 PM
25129A,N,O,04/02/2026 03:07:00 PM
25129B,N,O,04/02/2026 06:46:19 PM
25130A,N,O,04/02/2026 07:37:32 PM
25130B,N,O,04/02/2026 03:51:19 PM
25131A,N,O,04/02/2026 07:00:47 PM
25131B,N,O,04/02/2026 02:40:04 PM
25132A,N,O,04/02/2026 02:39:37 PM
25132B,N,O,04/02/2026 07:52:05 PM
25133B,N,O,04/02/2026 06:46:23 PM
25134A,N,O,04/02/2026 06:48:51 PM
25134B,N,O,04/02/2026 08:00:00 PM
25137A,N,O,04/02/2026 07:42:31 PM
25138A,N,V,04/02/2026 07:44:45 PM
25138B,N,O,04/02/2026 07:35:50 PM
25139A,N,V,04/02/2026 07:55:04 PM
25139B,N,O,04/02/2026 10:13:15 AM
25140A,N,O,04/02/2026 07:50:55 PM
25140B,N,O,04/02/2026 12:07:45 PM
25141A,N,O,04/02/2026 07:54:35 PM
25141B,N,O,04/02/2026 07:54:13 PM
25142A,N,O,04/02/2026 07:18:17 PM
25142B,N,V,04/02/2026 06:33:48 PM
25143A,N,V,04/02/2026 07:58:29 PM
25143B,N,V,04/02/2026 07:59:59 PM
25144A,N,O,04/02/2026 08:18:11 AM
25144B,N,O,04/02/2026 12:22:39 PM
25145A,N,O,04/02/2026 07:30:27 PM
25145B,N,O,04/02/2026 08:13:30 AM
25146A,N,O,04/02/2026 09:08:21 AM
25146B,N,O,04/02/2026 04:58:39 PM
25147B,N,O,04/02/2026 06:34:04 PM
25148A,N,O,04/02/2026 07:58:09 PM
25148B,N,O,04/02/2026 10:37:13 AM
25149A,N,O,04/02/2026 05:58:12 PM
25149B,N,V,04/02/2026 05:13:33 PM
2514B,N,O,04/02/2026 04:07:51 PM
25150A,N,O,04/02/2026 06:50:11 PM
25150B,N,O,04/02/2026 01:56:49 PM
25151A,N,O,04/02/2026 07:56:30 PM
25152B,N,O,04/02/2026 08:37:13 AM
25153A,N,V,04/02/2026 06:40:26 PM
25153B,N,V,04/02/2026 07:17:11 PM
25154A,N,O,04/02/2026 03:50:34 PM
25154B,N,V,04/02/2026 04:30:12 PM
25155A,N,O,04/02/2026 03:16:58 PM
25155B,N,O,04/02/2026 07:58:22 PM
25156A,N,O,04/02/2026 12:03:28 PM
25156B,N,O,04/02/2026 01:28:06 PM
25157A,N,O,04/02/2026 12:08:46 PM
25157B,N,V,04/02/2026 09:00:08 AM
25158A,N,O,04/02/2026 06:29:16 PM
25158B,N,O,04/02/2026 06:49:50 PM
25159A,N,O,04/02/2026 07:34:29 PM
25159B,N,O,04/02/2026 05:49:55 PM
2515A,N,O,04/02/2026 06:59:52 AM
2515B,N,O,04/02/2026 06:59:52 AM
25160A,N,O,04/02/2026 06:03:38 PM
25160B,N,O,04/02/2026 04:50:03 PM
25161A,N,O,04/02/2026 05:37:44 PM
25161B,N,O,04/02/2026 05:51:04 PM
25162A,N,O,04/02/2026 06:19:22 PM
25162B,N,O,04/02/2026 07:19:32 PM
25163A,N,O,04/02/2026 07:52:38 PM
25163B,N,O,04/02/2026 06:45:44 PM
25164A,N,V,04/02/2026 02:57:19 PM
25164B,N,O,04/02/2026 06:36:12 PM
25165A,N,V,04/02/2026 01:35:39 PM
25165B,N,V,04/02/2026 07:57:08 AM
25166A,N,O,04/02/2026 07:06:43 PM
25166B,N,V,04/02/2026 07:08:51 PM
25167B,N,O,04/02/2026 07:47:03 PM
25168A,N,O,04/02/2026 06:45:48 PM
25168B,N,V,04/02/2026 06:16:18 PM
25169A,N,V,04/02/2026 04:37:11 PM
25169B,N,O,04/02/2026 07:00:18 PM
2516A,N,O,04/03/2026 06:58:42 AM
2516B,N,O,04/03/2026 06:58:42 AM
25170A,N,V,04/02/2026 07:38:29 PM
25170B,N,V,04/02/2026 06:39:23 PM
25171A,N,V,04/02/2026 07:59:04 PM
25171B,N,V,04/02/2026 07:04:02 PM
25172A,N,O,04/02/2026 05:10:38 PM
25172B,N,V,04/02/2026 07:56:51 PM
25173A,N,O,04/02/2026 07:31:14 PM
25173B,N,O,04/02/2026 05:32:23 PM
25174A,N,V,04/02/2026 06:08:15 PM
25174B,N,V,04/02/2026 07:52:58 PM
25175A,N,V,04/02/2026 07:30:51 PM
25175B,N,V,04/02/2026 07:54:07 PM
25176A,N,O,04/02/2026 07:58:25 PM
25176B,N,V,04/02/2026 07:58:32 PM
25177A,N,O,04/02/2026 05:41:09 PM
25177B,N,O,04/02/2026 06:34:41 PM
25178A,N,O,04/02/2026 06:09:49 PM
25178B,N,O,04/02/2026 06:59:48 PM
25179A,N,O,04/02/2026 05:21:29 PM
25179B,N,O,04/02/2026 07:56:40 PM
25180A,N,O,04/02/2026 07:31:51 PM
25180B,N,V,04/02/2026 03:12:14 PM
25181A,N,V,04/02/2026 05:42:16 PM
25181B,N,V,04/02/2026 06:26:04 PM
25182A,N,O,04/01/2026 07:42:23 PM
25182B,N,O,04/02/2026 01:27:27 PM
25183A,NU,V,04/02/2026 07:09:10 PM
25183B,NU,V,04/02/2026 07:23:22 PM
25184A,N,V,04/02/2026 06:43:11 PM
25184B,N,O,04/02/2026 05:50:54 PM
25185A,N,V,04/02/2026 07:14:17 PM
25185B,N,O,04/02/2026 05:04:05 PM
25186A,N,V,04/02/2026 07:20:03 PM
25186B,N,O,04/02/2026 07:18:09 PM
25187A,N,V,04/02/2026 07:28:34 PM
25187B,N,V,04/02/2026 07:30:11 PM
25188A,N,O,04/02/2026 07:15:52 PM
25188B,N,O,04/02/2026 06:46:06 PM
25189A,N,V,04/02/2026 04:32:49 PM
25189B,N,V,04/02/2026 06:20:45 PM
25190A,N,O,04/02/2026 06:02:55 PM
25190B,N,V,04/02/2026 07:52:17 PM
25191A,N,O,04/02/2026 07:21:37 PM
25191B,N,V,04/02/2026 06:49:04 PM
25192A,N,V,04/02/2026 03:20:36 PM
25192B,N,V,04/02/2026 07:12:55 PM
25193A,N,O,04/02/2026 04:58:30 PM
25193B,N,O,04/02/2026 06:56:44 AM
25194A,N,O,04/02/2026 07:51:07 PM
25194B,N,O,04/02/2026 06:37:56 PM
25195A,N,V,04/02/2026 07:59:21 PM
25195B,N,O,04/02/2026 06:27:45 PM
25196A,N,O,04/02/2026 07:38:43 PM
25196B,N,O,04/02/2026 07:36:27 PM
25197A,N,O,04/02/2026 07:21:21 PM
25197B,N,O,04/02/2026 05:36:29 PM
25198A,N,V,04/02/2026 06:35:16 PM
25198B,N,O,04/02/2026 05:23:25 PM
25199A,N,O,04/02/2026 03:52:17 PM
25199B,N,O,04/02/2026 05:35:31 PM
251A,N,O,04/02/2026 11:54:31 PM
251B,N,O,04/02/2026 11:47:07 PM
25200B,N,O,04/02/2026 06:27:03 PM
25201A,N,O,04/02/2026 06:43:09 PM
25201B,N,O,04/02/2026 06:34:51 PM
25202A,N,O,04/02/2026 07:32:34 PM
25202B,N,V,04/02/2026 06:26:21 PM
25203A,N,O,04/02/2026 07:53:53 PM
25203B,N,V,04/02/2026 07:28:27 PM
25204A,N,V,04/02/2026 06:30:15 PM
25204B,N,V,04/02/2026 05:16:38 PM
25205A,N,V,04/02/2026 05:14:58 PM
25205B,N,V,04/02/2026 01:15:04 PM
25206A,N,V,04/02/2026 07:46:47 PM
25206B,N,V,04/02/2026 07:53:28 PM
25207A,N,V,04/02/2026 06:47:11 PM
25207B,N,V,04/02/2026 04:20:46 PM
25208A,N,V,04/02/2026 02:32:48 PM
25208B,N,O,04/02/2026 05:52:35 PM
25209A,N,V,04/02/2026 06:31:48 PM
25209B,N,V,04/02/2026 06:33:37 PM
2520A,N,O,04/02/2026 06:41:42 PM
2520B,N,O,04/02/2026 10:28:27 PM
25210A,N,V,04/02/2026 07:17:00 PM
25210B,N,O,04/02/2026 07:30:05 PM
25211A,N,V,04/02/2026 06:08:41 PM
25211B,N,O,04/02/2026 04:50:32 PM
25212A,N,V,04/02/2026 07:49:47 PM
25212B,N,V,04/02/2026 07:26:45 PM
25213A,N,O,04/02/2026 02:48:45 PM
25213B,N,O,04/02/2026 07:53:55 PM
25214B,N,O,04/02/2026 07:07:04 PM
25215A,N,O,04/02/2026 04:20:50 PM
25215B,N,O,04/02/2026 05:20:02 PM
25216A,N,O,04/02/2026 07:13:35 PM
25216B,N,O,04/02/2026 07:22:09 PM
25217A,N,O,04/02/2026 06:19:52 PM
25217B,N,V,04/02/2026 09:48:55 AM
25218B,N,O,04/02/2026 06:50:46 PM
2521A,N,O,04/02/2026 09:09:14 PM
2521B,N,O,04/02/2026 10:07:57 PM
25221A,N,V,04/02/2026 06:53:22 PM
25221B,N,O,04/02/2026 05:30:45 PM
25222A,N,O,04/02/2026 07:43:28 PM
25222B,N,O,04/02/2026 07:32:41 PM
25223A,N,O,04/02/2026 05:11:23 PM
25223B,N,O,04/02/2026 07:59:39 PM
25224A,N,O,04/02/2026 06:55:53 AM
25224B,N,O,04/02/2026 06:55:53 AM
25225A,N,O,04/02/2026 11:26:58 AM
25225B,N,O,04/02/2026 11:27:25 AM
25226A,N,O,04/02/2026 05:55:51 PM
25226B,N,V,04/02/2026 05:55:33 PM
25227A,N,O,04/02/2026 09:30:56 AM
25227B,N,V,04/02/2026 08:36:37 AM
2522A,N,O,04/02/2026 08:52:55 PM
2522B,N,O,04/02/2026 11:03:38 PM
25230A,NU,O,04/02/2026 11:45:05 AM
25230B,NU,O,04/02/2026 07:54:19 PM
25231A,NU,O,04/02/2026 10:53:16 AM
25231B,NU,O,04/02/2026 01:35:34 PM
25232A,NU,O,04/02/2026 02:04:23 PM
25232B,NU,O,04/02/2026 02:05:30 PM
25234A,NU,O,04/02/2026 05:07:23 PM
25234B,NU,O,04/02/2026 04:29:58 PM
25235A,NU,V,04/02/2026 06:37:34 PM
25235B,NU,O,04/02/2026 03:55:27 PM
25236A,NU,O,04/02/2026 07:20:58 PM
25236B,NU,O,04/02/2026 06:03:57 PM
25237A,NU,O,04/02/2026 06:55:47 PM
25237B,NU,V,04/02/2026 06:04:51 PM
25238A,NU,O,04/02/2026 06:12:10 PM
25238B,NU,O,04/02/2026 05:44:03 PM
25239A,NU,V,04/02/2026 06:21:15 PM
25239B,NU,V,04/02/2026 06:21:12 PM
2523A,N,O,04/02/2026 05:40:44 PM
2523B,N,O,04/02/2026 09:08:45 PM
25240A,NU,O,04/02/2026 07:10:05 PM
25240B,NU,O,04/02/2026 07:12:20 PM
25241A,NU,O,04/02/2026 06:41:26 PM
25241B,NU,O,04/02/2026 05:37:10 PM
25242A,NU,O,04/02/2026 06:33:23 PM
25242B,NU,O,04/02/2026 06:40:21 PM
25243A,NU,O,04/02/2026 05:10:20 PM
25243B,NU,O,04/02/2026 05:39:20 PM
25244A,NU,O,04/02/2026 07:52:07 PM
25244B,NU,O,04/02/2026 07:09:50 PM
25245A,NU,O,04/02/2026 04:37:47 PM
25245B,NU,O,04/02/2026 05:57:58 PM
25246A,NU,O,04/02/2026 06:41:29 PM
25246B,NU,O,04/02/2026 06:51:57 PM
25247A,NU,O,04/02/2026 06:17:12 PM
25247B,NU,O,04/02/2026 05:34:53 PM
25248A,NU,O,04/02/2026 07:00:35 PM
25248B,NU,O,04/02/2026 07:06:47 PM
25249A,NU,O,04/02/2026 03:35:19 PM
25249B,NU,O,04/02/2026 06:11:19 PM
2524A,N,O,04/02/2026 09:54:03 PM
2524B,N,O,04/02/2026 10:13:00 PM
25250A,NU,O,04/02/2026 07:51:30 PM
25250B,NU,O,04/02/2026 06:54:17 PM
25251A,NU,O,04/02/2026 06:48:29 PM
25251B,NU,O,04/02/2026 07:58:52 PM
25252A,NU,O,04/02/2026 06:23:29 PM
25252B,NU,O,04/02/2026 04:27:57 PM
25253A,NU,O,04/02/2026 06:39:44 PM
25253B,NU,O,04/02/2026 05:32:57 PM
25254B,N,O,04/02/2026 07:44:09 PM
25255A,N,O,04/02/2026 06:33:37 PM
25255B,N,O,04/02/2026 07:33:16 PM
25256A,N,O,04/02/2026 06:16:04 PM
25257B,N,O,04/02/2026 07:36:38 PM
25258A,N,O,04/02/2026 03:40:28 PM
25258B,N,O,04/02/2026 07:30:46 PM
25259A,N,O,04/02/2026 07:41:35 PM
25259B,N,O,04/02/2026 07:59:14 PM
2525A,N,O,04/02/2026 06:07:50 PM
2525B,N,O,04/02/2026 12:46:04 PM
25260A,N,O,04/02/2026 07:39:04 PM
25260B,N,V,04/02/2026 07:24:20 PM
25261A,N,O,04/02/2026 05:43:32 PM
25261B,N,O,04/02/2026 04:47:20 PM
25262A,N,O,04/02/2026 05:57:08 PM
25262B,N,O,04/02/2026 06:39:47 PM
25263A,N,O,04/02/2026 06:56:51 AM
25263B,N,O,04/02/2026 05:22:25 PM
25264A,N,O,04/02/2026 06:31:00 PM
25264B,N,O,04/02/2026 06:06:44 PM
25265A,N,O,04/02/2026 06:13:19 PM
25265B,N,O,04/02/2026 07:19:10 PM
25266B,N,O,04/02/2026 07:44:44 PM
25267A,N,O,04/02/2026 06:44:25 PM
25267B,N,O,04/02/2026 06:06:39 PM
25268A,N,O,04/02/2026 06:09:50 PM
25268B,N,O,04/02/2026 06:15:35 PM
25269A,N,V,04/02/2026 07:57:43 PM
25269B,N,O,04/02/2026 07:49:08 PM
2526A,N,O,04/02/2026 06:04:28 PM
25270A,N,O,04/02/2026 07:51:13 PM
25270B,N,O,04/02/2026 06:31:18 PM
25271A,N,O,04/02/2026 07:18:42 PM
25272A,N,O,04/02/2026 10:13:28 AM
25272B,N,O,04/02/2026 12:42:02 PM
25273A,N,O,04/02/2026 06:56:46 AM
25273B,N,O,04/02/2026 06:56:46 AM
25274A,N,O,04/02/2026 04:07:43 PM
25274B,N,O,04/02/2026 10:10:49 AM
25275A,N,O,04/02/2026 06:09:16 PM
25275B,N,O,04/02/2026 04:07:05 PM
25276A,N,O,04/02/2026 06:26:36 PM
25276B,N,O,04/02/2026 05:04:03 PM
25277A,N,O,01/21/2026 06:36:41 PM
25277B,N,O,02/02/2026 07:57:05 PM
25278A,N,O,04/02/2026 05:52:52 PM
25278B,N,O,04/02/2026 06:37:49 PM
25279A,N,O,04/02/2026 07:40:43 PM
25279B,N,O,04/02/2026 06:48:32 PM
2527A,N,O,04/02/2026 07:59:16 PM
2527B,N,O,04/02/2026 10:50:53 PM
25280A,N,O,04/02/2026 07:30:54 PM
25280B,N,O,04/02/2026 07:14:40 PM
25281A,N,O,04/02/2026 06:57:06 PM
25281B,N,O,04/02/2026 05:29:45 PM
25282B,N,O,04/02/2026 06:41:53 PM
25283A,N,O,04/02/2026 05:10:14 PM
25284A,N,O,04/02/2026 05:45:51 PM
25284B,N,O,04/02/2026 06:52:29 PM
25285A,N,O,04/02/2026 07:54:04 PM
25285B,N,O,04/02/2026 07:11:08 PM
25286A,N,O,04/02/2026 07:39:22 PM
25286B,N,O,04/02/2026 07:39:22 PM
25287A,N,O,04/02/2026 05:05:03 PM
25287B,N,O,04/02/2026 07:40:39 PM
25288A,N,O,04/02/2026 07:30:26 PM
25288B,N,O,04/02/2026 03:45:55 PM
25289A,N,O,04/02/2026 07:54:30 PM
25289B,N,O,04/02/2026 04:29:26 PM
2528B,N,O,04/02/2026 05:56:06 PM
25290A,N,O,04/02/2026 04:35:42 PM
25290B,N,O,04/02/2026 05:53:19 PM
25291A,N,O,04/02/2026 05:23:14 PM
25291B,N,O,04/02/2026 06:15:38 PM
25292A,N,O,04/02/2026 05:55:27 PM
25292B,N,O,04/02/2026 06:27:53 PM
25293A,N,O,04/02/2026 06:24:42 PM
25293B,N,O,04/02/2026 06:27:45 PM
25294A,N,O,04/02/2026 05:41:30 PM
25294B,N,O,04/02/2026 05:47:07 PM
25295A,N,O,04/02/2026 06:12:01 PM
25295B,N,O,04/02/2026 04:55:42 PM
25296A,N,O,04/02/2026 06:34:55 PM
25296B,N,O,04/02/2026 09:07:05 AM
25297A,N,V,04/02/2026 04:33:35 PM
25297B,N,O,04/02/2026 07:08:52 AM
25298A,N,O,04/02/2026 07:01:41 PM
25298B,N,O,04/02/2026 07:53:10 PM
25299A,N,O,09/03/2025 03:25:17 PM
2529A,N,O,04/02/2026 08:05:40 PM
2529B,N,O,04/02/2026 09:40:57 PM
252A,N,O,04/02/2026 06:57:52 AM
252B,N,O,04/02/2026 11:59:09 PM
25302B,N,V,04/02/2026 05:06:58 PM
25303A,N,O,04/02/2026 07:36:23 PM
25303B,N,O,04/02/2026 07:38:05 PM
25304A,N,O,04/02/2026 06:55:53 PM
25304B,N,O,04/02/2026 06:09:11 PM
25305A,N,O,04/02/2026 05:27:36 PM
25305B,N,O,04/02/2026 05:38:52 PM
25306A,N,O,04/02/2026 07:17:04 PM
25306B,N,O,04/02/2026 05:30:13 PM
25307A,N,O,04/02/2026 07:38:19 PM
25307B,N,O,04/02/2026 06:54:10 PM
25308A,N,O,04/02/2026 06:29:44 PM
25308B,N,O,04/02/2026 06:34:56 PM
25309A,N,O,04/02/2026 07:03:12 PM
25309B,N,O,04/02/2026 06:24:56 PM
2530A,N,O,04/02/2026 04:01:23 PM
2530B,N,O,04/02/2026 09:10:06 PM
25311A,N,O,04/02/2026 07:20:51 PM
25312A,N,O,04/02/2026 06:36:18 PM
25312B,N,O,04/02/2026 07:35:45 PM
25313B,N,O,04/02/2026 06:57:01 AM
25314A,N,O,04/02/2026 07:21:04 PM
25314B,N,O,04/02/2026 07:10:12 PM
25316A,N,O,04/02/2026 06:59:08 AM
25316B,N,O,04/02/2026 01:52:46 PM
25317B,N,O,04/02/2026 06:46:14 PM
25318A,NU,O,04/02/2026 05:18:06 PM
25318B,NU,O,04/02/2026 07:01:00 PM
25319B,N,O,04/02/2026 06:55:51 AM
2531A,N,O,04/02/2026 06:50:25 PM
2531B,N,O,04/02/2026 07:26:52 PM
25320A,N,O,04/02/2026 07:58:12 PM
25321A,N,O,04/02/2026 10:28:54 AM
25321B,N,O,04/02/2026 07:24:44 PM
25322A,N,O,04/02/2026 04:09:05 PM
25322B,N,O,04/02/2026 03:42:56 PM
25330A,N,O,04/02/2026 07:49:01 AM
25330B,N,V,04/02/2026 07:05:00 PM
25331A,N,O,04/02/2026 07:01:14 PM
25331B,N,O,04/02/2026 07:19:23 PM
25332A,N,O,04/02/2026 07:30:03 PM
25332B,N,O,04/02/2026 07:05:13 PM
25333A,N,O,04/02/2026 06:28:03 PM
25333B,N,O,04/02/2026 07:21:43 PM
25334A,N,O,04/02/2026 05:16:03 PM
25334B,N,O,04/02/2026 05:33:40 PM
25335A,N,O,04/02/2026 01:21:53 PM
25335B,N,O,04/02/2026 01:21:53 PM
25336B,N,V,04/02/2026 07:59:11 PM
25337A,N,O,04/02/2026 10:32:21 AM
25337B,N,O,04/02/2026 01:49:02 PM
25338A,N,O,04/02/2026 11:58:59 AM
25338B,N,O,04/02/2026 06:01:39 PM
25341A,N,O,04/03/2026 07:59:19 AM
25342A,N,O,04/03/2026 07:57:47 AM
25342B,N,O,04/03/2026 08:13:10 AM
25343A,N,O,04/03/2026 07:56:45 AM
25343B,N,O,04/03/2026 07:56:45 AM
25344B,N,O,04/03/2026 08:02:21 AM
25345A,N,O,04/02/2026 05:11:44 PM
25346A,N,O,08/09/2025 07:24:28 PM
25346B,N,O,10/23/2025 03:47:54 PM
25352A,N,O,04/02/2026 04:29:58 PM
25352B,N,O,04/02/2026 01:58:11 PM
25353A,N,O,04/02/2026 07:56:46 AM
25353B,N,O,04/02/2026 07:11:25 PM
25354A,N,O,04/02/2026 06:49:58 PM
25354B,N,O,04/02/2026 07:50:31 PM
25355A,N,O,04/02/2026 07:11:55 PM
25355B,N,O,04/02/2026 07:49:16 PM
25356A,N,O,04/02/2026 06:51:58 PM
25356B,N,O,04/02/2026 07:45:32 PM
25357A,N,O,04/02/2026 07:55:11 AM
25357B,N,O,04/02/2026 07:50:05 PM
25358B,N,O,04/02/2026 07:41:30 PM
25359A,N,O,04/02/2026 03:06:06 PM
25360A,N,O,04/02/2026 07:59:50 AM
25360B,N,O,04/02/2026 07:59:54 AM
25361A,N,O,04/02/2026 07:04:16 PM
25361B,N,O,04/02/2026 04:02:02 PM
25362A,N,O,04/02/2026 07:50:09 PM
25362B,N,O,04/02/2026 10:01:08 AM
25363A,N,O,04/02/2026 10:06:13 AM
25363B,N,O,04/02/2026 05:43:29 PM
25364A,N,O,04/02/2026 12:06:42 PM
25364B,N,O,04/02/2026 03:30:38 PM
25365A,N,O,04/02/2026 06:57:22 PM
25365B,N,V,04/02/2026 07:58:56 PM
25366A,N,O,04/02/2026 07:46:04 PM
2536A,N,O,04/02/2026 06:58:49 AM
2536B,N,O,04/02/2026 06:59:02 AM
25371A,N,O,04/02/2026 05:41:57 PM
25371B,N,O,04/02/2026 07:42:34 PM
25372A,N,O,04/02/2026 06:25:49 PM
25372B,N,O,04/02/2026 07:27:38 PM
25373A,N,O,04/02/2026 07:55:22 PM
25373B,N,O,04/02/2026 07:59:13 PM
25374A,N,O,04/02/2026 06:55:59 AM
25374B,N,O,04/02/2026 06:55:50 AM
25375A,N,O,04/02/2026 07:23:19 PM
25375B,N,O,04/02/2026 06:04:03 PM
25376A,N,O,04/02/2026 06:47:14 PM
25376B,N,O,04/02/2026 07:56:12 PM
2537A,N,O,04/02/2026 08:16:10 AM
2537B,N,O,04/02/2026 02:40:20 PM
25383A,N,O,04/02/2026 10:30:57 AM
25383B,N,O,04/02/2026 07:39:36 PM
25384B,N,O,04/02/2026 01:58:46 PM
25385A,N,O,04/02/2026 04:59:17 PM
25385B,N,O,04/02/2026 06:47:05 PM
25386A,N,V,04/02/2026 12:02:42 PM
25386B,N,O,04/02/2026 07:00:08 PM
25387A,N,O,04/02/2026 06:59:43 PM
25387B,N,O,04/02/2026 07:17:08 PM
25388A,N,O,04/02/2026 07:50:54 PM
25388B,N,O,04/02/2026 01:13:34 PM
25389A,N,O,04/02/2026 02:58:43 PM
25389B,N,O,04/02/2026 08:45:56 AM
2538A,N,O,04/02/2026 06:56:52 AM
2538B,N,O,04/02/2026 05:22:28 PM
25390A,N,O,04/02/2026 06:59:51 AM
25390B,N,O,04/02/2026 06:59:51 AM
25391B,N,V,04/02/2026 07:53:57 PM
25393A,N,O,04/02/2026 08:17:00 AM
25393B,N,O,04/02/2026 05:36:23 PM
25394A,N,O,04/02/2026 04:42:31 PM
25395A,N,O,04/02/2026 11:29:12 AM
25396A,N,O,04/02/2026 06:01:04 PM
25396B,N,O,04/02/2026 06:35:24 PM
25397B,N,O,04/02/2026 06:57:48 AM
25398A,N,O,04/02/2026 06:56:51 AM
25399A,N,O,04/02/2026 11:28:56 AM
25399B,N,O,04/02/2026 03:27:47 PM
2539A,N,O,04/02/2026 05:23:38 PM
2539B,N,O,04/02/2026 03:46:20 PM
253A,N,V,04/02/2026 11:15:32 PM
25400B,N,O,04/02/2026 07:16:37 PM
25401A,N,O,04/02/2026 05:03:06 PM
25401B,N,O,04/02/2026 05:05:03 PM
25402A,N,O,04/02/2026 07:25:53 PM
25402B,N,O,04/02/2026 05:26:06 PM
25403A,N,V,04/02/2026 07:50:06 PM
25403B,N,O,04/02/2026 05:21:12 PM
25404A,N,V,04/02/2026 07:53:25 PM
25404B,N,O,04/02/2026 06:42:27 PM
25405A,N,O,04/02/2026 05:37:10 PM
25405B,N,V,04/02/2026 02:57:06 PM
25406A,N,O,04/02/2026 06:54:07 PM
25406B,N,O,04/02/2026 05:43:44 PM
25407A,N,O,04/02/2026 06:37:23 PM
25407B,N,O,04/02/2026 05:08:41 PM
25408A,N,O,04/02/2026 05:21:22 PM
25408B,N,O,04/02/2026 06:56:47 AM
25409A,N,O,04/02/2026 06:44:07 PM
25409B,N,O,04/02/2026 06:59:07 PM
25410A,N,O,04/02/2026 04:56:56 PM
25410B,N,O,04/02/2026 05:17:27 PM
25411A,N,O,04/02/2026 07:49:10 PM
25411B,N,O,04/02/2026 05:08:19 PM
25412B,N,O,04/02/2026 06:33:26 PM
25413A,N,O,04/02/2026 04:35:57 PM
25413B,N,O,04/02/2026 05:54:23 PM
25414A,N,O,04/02/2026 06:23:02 PM
25414B,N,V,04/02/2026 07:49:42 PM
25415A,N,O,04/02/2026 06:33:33 PM
25415B,N,O,04/02/2026 07:15:50 PM
25416A,N,O,04/02/2026 07:12:10 PM
25416B,N,O,04/02/2026 07:00:10 PM
25417A,N,O,04/02/2026 05:56:45 PM
25417B,N,O,04/02/2026 07:38:27 PM
25418A,N,O,04/02/2026 06:27:18 PM
25418B,N,O,04/02/2026 06:58:24 PM
25419A,N,O,04/02/2026 07:48:51 PM
25419B,N,V,04/02/2026 03:12:26 PM
25420A,N,O,04/02/2026 07:55:53 PM
25420B,N,O,04/02/2026 03:57:02 PM
25421A,N,O,04/02/2026 05:50:00 PM
25421B,N,O,04/02/2026 06:46:41 PM
25422A,N,V,04/02/2026 04:37:42 PM
25422B,N,O,04/02/2026 04:38:18 PM
25423A,N,V,04/02/2026 06:49:49 PM
25423B,N,V,04/02/2026 07:49:35 PM
25424A,N,V,04/02/2026 05:41:11 PM
25424B,N,O,04/02/2026 05:19:56 PM
25425A,N,O,04/02/2026 06:24:51 PM
25425B,N,O,04/02/2026 05:25:26 PM
25426A,N,O,04/02/2026 05:28:21 PM
25426B,N,O,04/02/2026 06:33:24 PM
25427A,N,O,04/02/2026 05:00:34 PM
25427B,N,O,04/02/2026 05:53:41 PM
25428A,N,O,04/02/2026 06:09:34 PM
25428B,N,O,04/02/2026 06:22:50 PM
25429A,N,O,04/02/2026 05:36:21 PM
25429B,N,O,04/02/2026 04:24:13 PM
2542A,N,O,04/02/2026 06:31:40 PM
2542B,N,O,04/02/2026 06:11:54 PM
25430A,N,O,04/02/2026 01:40:15 PM
25430B,N,V,04/02/2026 05:55:24 PM
25431A,N,O,04/02/2026 06:11:14 PM
25431B,N,O,04/02/2026 05:39:47 PM
25432A,N,O,04/02/2026 06:56:36 PM
25432B,N,O,04/02/2026 06:38:53 PM
25433A,N,O,04/02/2026 06:48:31 PM
25433B,N,O,04/02/2026 05:19:32 PM
25434A,N,O,04/02/2026 06:42:49 PM
25434B,N,O,04/02/2026 06:28:32 PM
25435A,N,O,04/02/2026 05:31:51 PM
25435B,N,O,04/02/2026 06:40:00 PM
25436A,N,O,04/02/2026 06:46:58 PM
25436B,N,O,04/02/2026 06:43:08 PM
25437A,N,O,04/02/2026 06:00:46 PM
25437B,N,O,04/02/2026 07:05:31 PM
25438A,N,O,04/02/2026 06:36:50 PM
25438B,N,O,04/02/2026 06:38:08 PM
25439B,N,O,04/02/2026 07:59:51 PM
2543A,N,O,04/02/2026 05:05:37 PM
2543B,N,O,04/02/2026 05:30:03 PM
25443B,N,O,04/02/2026 05:44:44 PM
25444A,N,V,04/02/2026 07:36:26 PM
25444B,N,O,04/02/2026 03:19:50 PM
25445A,N,O,04/02/2026 04:54:40 PM
25445B,N,O,04/02/2026 06:46:08 PM
25446A,N,V,04/02/2026 07:23:18 PM
25446B,N,O,04/02/2026 06:59:59 AM
25447A,N,O,04/02/2026 06:27:35 PM
25447B,N,V,04/02/2026 07:59:50 PM
25448A,N,O,04/02/2026 04:29:02 PM
25448B,N,O,04/02/2026 07:52:41 PM
25449A,N,O,04/02/2026 07:42:18 PM
25449B,N,V,01/09/2026 02:21:37 PM
25450A,N,O,04/02/2026 07:15:57 PM
25450B,N,O,04/02/2026 02:56:19 PM
25451A,N,O,04/02/2026 07:17:56 PM
25451B,N,O,04/02/2026 04:55:40 PM
25452A,N,V,04/02/2026 01:06:40 PM
25452B,N,O,04/02/2026 07:08:47 PM
25453A,N,O,04/02/2026 07:17:31 PM
25453B,N,O,04/02/2026 02:15:10 PM
25454A,N,O,04/02/2026 07:28:36 PM
25454B,N,O,04/02/2026 07:40:55 PM
25455A,N,O,04/02/2026 03:30:25 PM
25455B,N,O,01/09/2026 02:48:28 PM
25456A,N,V,04/02/2026 05:35:05 PM
25456B,N,V,04/02/2026 07:46:13 PM
25457A,N,O,04/02/2026 10:47:43 AM
25457B,N,O,04/02/2026 06:57:49 AM
25458A,N,O,04/02/2026 11:57:02 AM
25458B,N,O,04/02/2026 12:19:53 PM
25459A,N,O,04/01/2026 10:46:56 AM
25459B,N,O,04/02/2026 11:57:07 AM
25460A,N,O,04/02/2026 06:59:43 AM
25460B,N,O,04/02/2026 11:27:56 AM
25461A,N,O,04/02/2026 05:48:28 PM
25461B,N,O,04/02/2026 08:21:11 AM
25462A,N,O,04/02/2026 05:36:39 PM
25462B,N,O,04/02/2026 04:55:28 PM
25463A,N,V,01/23/2026 01:37:30 PM
25463B,N,O,04/02/2026 06:37:26 PM
25464A,N,O,04/02/2026 04:55:36 PM
25464B,N,O,04/02/2026 06:02:15 PM
25465A,N,O,04/02/2026 05:26:06 PM
25465B,N,O,04/02/2026 07:33:59 PM
25466A,N,V,04/02/2026 07:58:05 PM
25466B,N,O,04/02/2026 06:24:45 PM
25467A,N,O,04/02/2026 06:02:11 PM
25467B,N,V,04/02/2026 05:40:25 PM
25468A,N,O,04/02/2026 06:55:19 PM
25468B,N,O,04/02/2026 05:26:09 PM
25469A,N,O,04/02/2026 07:43:53 PM
25469B,N,O,04/02/2026 06:26:02 PM
25470A,N,O,04/02/2026 06:47:22 PM
25470B,N,V,04/02/2026 07:56:15 PM
25471A,N,O,04/02/2026 05:39:12 PM
25471B,N,O,04/02/2026 06:19:03 PM
25472A,N,O,04/02/2026 07:17:29 PM
25473A,N,O,04/02/2026 04:35:23 PM
25473B,N,O,04/02/2026 07:46:57 PM
25474A,N,O,04/02/2026 06:52:32 PM
25474B,N,O,04/02/2026 07:49:15 PM
25475A,N,O,04/02/2026 06:18:56 PM
25475B,N,O,04/02/2026 06:04:26 PM
25476A,N,O,04/02/2026 05:41:18 PM
25476B,N,O,04/02/2026 05:19:07 PM
25477A,N,O,04/02/2026 03:46:27 PM
25477B,N,O,04/02/2026 03:54:59 PM
25478A,N,O,04/02/2026 05:09:53 PM
25478B,N,O,04/02/2026 05:29:47 PM
25479A,N,O,04/02/2026 06:00:41 PM
25479B,N,O,04/02/2026 04:11:02 PM
2547A,N,O,04/02/2026 04:08:44 PM
2547B,N,O,04/02/2026 09:09:48 PM
25480A,N,O,04/02/2026 04:13:02 PM
25480B,N,O,04/02/2026 05:38:13 PM
25481A,N,O,04/02/2026 05:10:42 PM
25481B,N,O,04/02/2026 06:06:49 PM
25482A,N,O,04/02/2026 03:14:23 PM
25482B,N,O,04/02/2026 07:21:42 PM
25483A,N,O,04/02/2026 06:56:50 AM
25483B,N,O,04/02/2026 01:01:00 PM
25484A,N,V,04/02/2026 04:18:07 PM
25484B,N,O,04/02/2026 06:29:30 PM
25485A,N,O,04/02/2026 06:59:44 AM
25485B,N,O,04/02/2026 07:57:35 PM
25486A,N,O,04/02/2026 06:58:54 AM
25486B,N,O,04/02/2026 05:27:38 PM
25487A,N,O,04/02/2026 05:38:16 PM
25487B,N,O,04/02/2026 06:27:19 PM
25488A,N,O,04/02/2026 06:56:53 AM
25488B,N,O,04/02/2026 06:34:49 PM
25489B,N,O,04/02/2026 04:16:13 PM
25490A,N,O,04/02/2026 03:31:02 PM
25491A,N,O,04/02/2026 03:40:34 PM
25491B,N,O,04/02/2026 07:55:41 PM
25492A,N,O,04/02/2026 03:18:12 PM
25492B,N,O,04/02/2026 03:34:07 PM
25493A,N,O,04/02/2026 07:18:18 PM
25493B,N,O,04/02/2026 02:55:59 PM
25494A,N,O,04/02/2026 12:45:47 PM
25494B,N,O,04/02/2026 05:46:32 PM
25495A,N,O,04/02/2026 02:13:50 PM
25495B,N,O,04/02/2026 03:00:34 PM
25496A,N,O,04/02/2026 05:39:07 PM
25496B,N,O,04/02/2026 02:43:13 PM
25497B,N,O,04/02/2026 03:47:54 PM
25499A,N,O,04/02/2026 10:23:17 AM
25499B,N,O,04/02/2026 12:55:01 PM
254A,N,O,04/02/2026 11:22:28 PM
254B,N,V,04/02/2026 08:41:15 PM
25500A,N,O,04/02/2026 11:15:52 AM
25500B,N,O,04/02/2026 10:56:42 AM
25501A,N,O,04/02/2026 07:13:13 PM
25501B,N,O,04/02/2026 12:26:59 PM
25502A,N,O,04/02/2026 12:46:40 PM
25502B,N,O,04/02/2026 02:58:52 PM
25503A,N,O,04/02/2026 06:56:49 AM
25503B,N,O,04/02/2026 06:56:49 AM
25504A,N,O,04/02/2026 07:05:55 AM
25504B,N,O,04/02/2026 06:55:45 AM
25505B,N,O,04/02/2026 07:12:33 AM
25506A,N,O,04/02/2026 05:14:06 PM
25506B,N,O,04/02/2026 05:55:47 PM
25507A,N,O,04/02/2026 06:40:52 PM
25507B,N,O,04/02/2026 07:33:03 PM
25508A,N,O,04/02/2026 04:40:41 PM
25508B,N,O,04/02/2026 03:35:52 PM
25509A,N,O,04/02/2026 05:36:07 PM
25509B,N,O,04/02/2026 06:08:39 PM
25510A,N,O,04/02/2026 06:42:40 PM
25510B,N,O,04/02/2026 03:27:52 PM
25511A,N,O,04/02/2026 05:13:40 PM
25511B,N,O,04/02/2026 04:20:56 PM
25512A,N,O,04/02/2026 07:26:34 PM
25512B,N,O,04/02/2026 06:41:48 PM
25513A,N,O,04/02/2026 06:51:42 PM
25513B,N,O,04/02/2026 06:42:44 PM
25514B,N,V,04/02/2026 03:19:25 PM
25515A,N,V,04/02/2026 03:46:17 PM
25515B,N,V,04/02/2026 03:08:19 PM
25516A,N,V,04/02/2026 07:25:36 PM
25516B,N,V,04/02/2026 04:07:30 PM
25517A,N,V,04/02/2026 07:40:36 PM
25517B,N,V,04/02/2026 05:52:32 PM
25518B,N,V,04/02/2026 10:35:31 AM
25519A,N,V,04/02/2026 04:55:10 PM
25519B,N,V,04/02/2026 06:24:56 PM
25520A,N,O,04/02/2026 06:04:57 PM
25520B,N,O,04/02/2026 06:54:08 PM
25521A,N,O,04/02/2026 07:48:37 PM
25521B,N,O,04/02/2026 07:58:56 PM
25522A,NU,V,04/02/2026 05:44:28 PM
25522B,NU,O,04/02/2026 05:40:22 PM
25523A,N,O,04/02/2026 06:15:49 PM
25523B,N,V,04/02/2026 04:47:29 PM
25524A,N,O,04/02/2026 06:06:25 PM
25524B,N,V,04/02/2026 07:18:36 PM
25525A,N,O,04/02/2026 06:31:25 PM
25525B,N,V,04/02/2026 06:07:38 PM
25528A,N,V,04/02/2026 06:57:52 PM
25528B,N,O,04/02/2026 07:06:06 PM
25529A,N,V,04/02/2026 07:57:52 PM
25529B,N,O,04/02/2026 07:55:23 PM
2552A,N,O,04/03/2026 06:57:45 AM
2552B,N,O,04/03/2026 06:57:45 AM
25530A,N,O,04/02/2026 06:11:17 PM
25530B,N,O,04/02/2026 04:53:39 PM
25531A,N,O,04/02/2026 06:11:57 PM
25531B,N,O,04/02/2026 06:58:48 AM
25532A,N,O,04/02/2026 07:51:41 PM
25532B,N,O,04/02/2026 05:45:18 PM
25533A,N,V,04/02/2026 07:01:03 PM
25533B,N,O,04/02/2026 05:10:14 PM
25534A,N,O,04/02/2026 06:58:30 PM
25534B,N,V,04/02/2026 08:00:02 PM
25535A,N,O,04/02/2026 06:46:24 PM
25535B,N,V,04/02/2026 04:11:29 PM
25536A,N,O,04/02/2026 07:32:24 PM
25536B,N,O,04/02/2026 05:50:21 PM
25537A,N,O,04/02/2026 03:49:58 PM
25537B,N,O,04/02/2026 07:53:41 PM
25538A,N,O,04/02/2026 07:49:37 PM
25538B,N,O,04/02/2026 07:46:13 PM
2553A,N,O,04/03/2026 06:56:51 AM
2553B,N,O,04/03/2026 07:00:41 AM
25540A,N,V,04/02/2026 07:58:40 PM
25540B,N,O,04/02/2026 07:49:30 PM
25541A,N,V,04/02/2026 07:36:33 PM
25541B,N,V,04/02/2026 07:26:06 PM
25542A,N,O,04/02/2026 07:31:21 PM
25543A,N,O,04/02/2026 07:02:05 PM
25543B,N,O,04/02/2026 07:01:57 PM
25544A,N,O,04/02/2026 05:22:47 PM
25544B,N,V,04/02/2026 04:36:15 PM
25545A,N,O,04/02/2026 05:19:02 PM
25545B,N,V,04/02/2026 04:26:10 PM
25546A,N,V,04/02/2026 07:57:15 PM
25546B,N,V,04/02/2026 01:23:37 PM
25547A,N,V,04/02/2026 06:15:44 PM
25547B,N,O,04/02/2026 11:25:53 AM
25548A,N,O,04/02/2026 07:59:37 PM
25549A,N,O,04/02/2026 04:23:13 PM
25549B,N,V,04/02/2026 05:42:11 PM
2554A,N,O,04/03/2026 06:55:55 AM
2554B,N,O,04/03/2026 06:55:51 AM
25550A,N,V,04/02/2026 01:44:50 PM
25550B,N,V,04/02/2026 07:30:57 PM
25551A,N,V,04/02/2026 05:15:13 PM
25551B,N,V,04/02/2026 04:05:55 PM
25552A,N,O,04/02/2026 05:15:54 PM
25552B,N,V,04/02/2026 07:09:51 PM
25553A,N,V,04/02/2026 05:09:47 PM
25553B,N,V,04/02/2026 04:55:24 PM
25554A,N,O,04/02/2026 06:29:27 PM
25555A,N,O,04/02/2026 06:52:41 PM
25555B,N,O,04/02/2026 06:59:48 AM
25556A,N,O,04/02/2026 06:44:23 PM
25556B,N,V,04/02/2026 05:49:17 PM
25557A,N,O,04/02/2026 07:43:31 PM
25557B,N,O,04/02/2026 05:16:15 PM
25558A,N,V,04/02/2026 05:51:50 PM
25558B,N,O,04/02/2026 12:12:27 PM
25559A,N,V,04/02/2026 07:41:39 PM
25559B,N,O,04/02/2026 05:51:46 PM
2555A,N,O,04/03/2026 06:59:44 AM
2555B,N,O,04/03/2026 06:59:44 AM
25560A,N,O,04/02/2026 06:29:07 PM
25560B,N,V,04/02/2026 05:43:42 PM
25561A,N,V,04/02/2026 06:58:05 PM
25561B,N,O,04/02/2026 05:16:51 PM
25562B,N,O,04/01/2026 07:19:08 PM
25563A,N,O,04/02/2026 07:37:50 PM
25563B,N,V,04/02/2026 06:51:52 PM
25564A,N,V,04/02/2026 03:25:15 PM
25564B,N,O,04/02/2026 06:34:52 PM
25565A,N,O,04/02/2026 06:10:23 PM
25565B,N,V,04/02/2026 04:57:07 PM
25566A,N,V,04/02/2026 05:25:22 PM
25566B,N,O,04/02/2026 05:58:31 PM
25567A,N,O,04/02/2026 06:56:56 PM
25567B,N,V,04/02/2026 07:10:38 PM
25568A,N,O,04/02/2026 06:03:41 PM
25568B,N,O,04/02/2026 05:53:01 PM
25569A,N,V,04/02/2026 08:24:12 AM
25569B,N,O,04/02/2026 05:27:36 PM
2556B,N,O,04/03/2026 06:58:49 AM
25570B,N,O,04/02/2026 07:59:50 PM
25571A,N,V,04/02/2026 07:59:41 PM
25571B,N,V,04/02/2026 05:52:23 PM
25572A,N,O,04/02/2026 07:28:57 PM
25572B,N,O,04/02/2026 07:29:56 PM
25573A,N,V,04/02/2026 03:56:50 PM
25573B,N,V,04/01/2026 06:10:23 PM
25574A,N,V,04/02/2026 02:19:50 PM
25574B,N,V,04/02/2026 02:34:53 PM
25575A,N,O,11/06/2025 11:02:53 AM
25575B,N,O,11/06/2025 11:03:51 AM
25576A,N,V,04/01/2026 02:46:34 PM
25576B,N,V,04/02/2026 03:52:33 PM
25577A,N,V,04/02/2026 07:53:18 PM
25577B,N,O,04/02/2026 05:32:42 PM
25578A,N,O,04/02/2026 07:53:30 PM
25578B,N,O,04/02/2026 07:54:26 PM
25579A,N,O,04/02/2026 07:44:02 PM
2557A,N,O,04/03/2026 06:57:50 AM
2557B,N,O,04/02/2026 05:32:38 PM
25580A,N,V,04/02/2026 07:58:40 PM
25580B,N,O,04/02/2026 07:52:52 PM
25581A,N,V,04/02/2026 03:57:21 PM
25581B,N,V,04/02/2026 07:36:38 PM
25582A,N,O,04/02/2026 11:15:32 AM
25582B,N,V,04/02/2026 03:08:41 PM
25583A,N,O,04/02/2026 07:42:02 PM
25583B,N,V,04/02/2026 04:30:07 PM
25584A,N,V,04/02/2026 07:42:30 PM
25584B,N,V,04/02/2026 06:29:11 PM
25585A,N,O,04/02/2026 07:59:44 PM
25585B,N,O,04/02/2026 07:41:52 PM
25586A,N,O,04/02/2026 07:52:26 PM
25586B,N,O,04/02/2026 07:10:11 PM
25587A,N,V,04/02/2026 06:02:00 PM
25587B,N,O,04/02/2026 05:59:19 PM
25588A,N,V,04/02/2026 07:52:41 AM
25588B,N,V,04/02/2026 07:51:59 AM
25589A,N,V,04/02/2026 08:10:46 AM
2558A,N,O,04/03/2026 06:56:52 AM
2558B,N,O,04/03/2026 08:15:58 AM
25590A,N,V,04/02/2026 07:55:00 PM
25590B,N,V,04/02/2026 07:57:07 PM
25591A,N,O,04/02/2026 06:22:44 PM
25591B,N,V,04/02/2026 07:37:41 PM
25592A,N,V,04/02/2026 07:53:06 PM
25592B,N,V,04/02/2026 07:51:34 PM
25593A,N,V,04/02/2026 07:47:03 PM
25593B,N,V,04/02/2026 07:57:53 PM
25594A,N,O,04/02/2026 06:19:06 PM
25595B,N,V,04/02/2026 05:36:02 PM
25596A,N,V,04/01/2026 07:02:09 AM
25596B,N,O,04/02/2026 07:05:19 PM
25597A,N,O,04/01/2026 04:08:20 PM
25597B,N,V,04/02/2026 07:37:45 PM
25598A,N,V,04/01/2026 12:35:27 PM
25598B,N,V,04/01/2026 07:14:43 PM
25599A,N,V,04/02/2026 07:48:38 PM
25599B,N,O,04/02/2026 06:37:57 PM
2559A,N,O,04/03/2026 06:55:46 AM
2559B,N,O,04/03/2026 06:55:43 AM
255A,N,V,04/02/2026 11:47:00 PM
255B,N,V,04/02/2026 09:16:58 PM
25600A,N,O,04/02/2026 07:59:02 PM
25600B,N,V,04/02/2026 07:27:32 PM
25601A,N,O,04/02/2026 07:30:31 PM
25601B,N,O,04/02/2026 06:58:24 PM
25602A,N,O,04/02/2026 06:04:19 PM
25602B,N,O,04/02/2026 07:41:21 PM
25603A,N,O,04/02/2026 07:27:14 PM
25603B,N,O,04/02/2026 06:30:09 PM
25604A,N,O,04/02/2026 06:55:46 AM
25604B,N,O,04/02/2026 05:00:35 PM
25605A,N,O,04/02/2026 06:40:24 PM
25605B,N,V,04/02/2026 07:59:49 PM
25606A,N,V,04/02/2026 09:11:56 AM
25607A,N,O,04/02/2026 07:25:59 PM
25607B,N,O,04/02/2026 07:25:59 PM
25608A,N,V,04/02/2026 04:06:07 PM
25608B,N,V,04/02/2026 07:05:02 AM
25609A,N,O,04/02/2026 06:43:25 PM
25609B,N,V,04/02/2026 07:21:55 PM
25610A,N,V,04/02/2026 01:12:53 PM
25610B,N,V,04/02/2026 05:18:32 PM
25611A,N,O,04/02/2026 05:57:22 PM
25612A,N,V,04/02/2026 06:24:37 PM
25612B,N,V,04/02/2026 10:35:34 AM
25613A,N,O,04/02/2026 05:47:02 PM
25614A,N,O,04/02/2026 05:21:46 PM
25614B,N,V,04/02/2026 07:54:54 PM
25615A,N,V,04/02/2026 07:57:42 PM
25615B,N,O,04/02/2026 07:59:51 PM
25616A,N,O,04/02/2026 06:40:05 PM
25616B,N,O,04/02/2026 07:57:14 PM
25617A,N,O,04/02/2026 06:58:34 PM
25618B,N,O,04/02/2026 10:57:10 AM
25619A,N,V,04/02/2026 12:54:58 PM
25619B,N,O,04/02/2026 06:55:53 AM
2561B,N,O,04/02/2026 07:01:52 PM
25620A,N,O,04/02/2026 06:59:53 AM
25620B,N,O,04/02/2026 06:59:53 AM
25621A,N,O,04/02/2026 06:58:46 AM
25621B,N,O,04/02/2026 06:58:46 AM
25622A,N,O,04/02/2026 06:57:52 AM
25622B,N,O,04/02/2026 03:39:56 PM
2565A,N,O,04/02/2026 01:10:05 PM
2565B,N,O,04/02/2026 06:48:37 PM
2566A,N,O,04/02/2026 09:44:55 PM
2566B,N,O,04/02/2026 06:46:19 PM
2567A,N,V,04/02/2026 02:38:21 PM
2567B,N,O,04/02/2026 05:58:08 PM
2568A,N,O,04/02/2026 06:56:52 AM
2568B,N,O,04/02/2026 07:17:35 PM
2571A,N,V,04/02/2026 11:55:48 PM
2571B,N,O,04/02/2026 05:43:06 PM
2572A,N,O,04/02/2026 08:41:02 PM
2572B,N,O,04/02/2026 11:30:15 PM
2573A,N,O,04/02/2026 04:33:27 PM
2573B,N,O,04/02/2026 07:15:45 PM
2574A,N,O,04/02/2026 08:28:05 PM
2574B,N,O,04/02/2026 09:48:57 PM
2575B,N,O,04/02/2026 04:12:40 PM
2576A,N,O,04/02/2026 05:38:19 PM
2576B,N,O,04/02/2026 11:49:45 PM
2577A,N,O,04/02/2026 07:39:33 PM
2577B,N,O,04/02/2026 11:00:43 PM
2579A,N,O,04/02/2026 08:58:44 PM
2579B,N,O,04/02/2026 07:55:51 AM
25801A,N,O,04/02/2026 06:22:35 PM
25801B,N,O,04/02/2026 05:38:33 PM
25802A,N,O,04/02/2026 07:14:55 PM
25802B,N,O,04/02/2026 04:24:17 PM
25803A,N,O,04/02/2026 02:28:38 PM
25803B,N,O,04/02/2026 02:47:26 PM
25804A,N,O,04/02/2026 06:43:08 PM
25804B,N,O,04/02/2026 06:10:04 PM
25805A,N,O,04/02/2026 06:01:34 PM
25805B,N,O,04/02/2026 05:29:32 PM
25806A,N,O,04/02/2026 07:47:42 PM
25807A,N,O,04/02/2026 06:57:43 AM
25807B,N,O,04/02/2026 08:34:06 AM
25808A,N,O,04/02/2026 08:33:20 AM
25808B,N,O,04/02/2026 02:14:41 PM
25809A,N,O,04/02/2026 09:26:53 AM
25809B,N,O,04/02/2026 03:15:34 PM
2580A,N,O,04/02/2026 08:00:19 AM
2580B,N,O,04/02/2026 08:25:27 PM
25811A,N,V,04/02/2026 02:33:32 PM
25811B,N,V,04/02/2026 06:26:44 PM
25812A,N,O,04/02/2026 07:46:41 PM
25812B,N,O,04/02/2026 07:40:21 PM
25813A,N,O,04/02/2026 07:35:18 PM
25813B,N,V,04/02/2026 05:01:23 PM
25814A,N,O,04/02/2026 06:44:32 PM
25815B,N,O,04/02/2026 06:30:05 PM
25816A,N,O,04/02/2026 07:36:49 PM
25816B,N,O,04/02/2026 05:56:39 PM
25817A,N,O,04/02/2026 05:40:02 PM
25817B,N,O,04/02/2026 01:36:46 PM
25818A,N,O,04/02/2026 04:59:58 PM
25818B,N,O,04/02/2026 06:14:00 PM
25819A,N,O,04/02/2026 06:40:48 PM
25819B,N,O,04/02/2026 06:17:14 PM
25820A,N,O,04/02/2026 03:22:45 PM
25821B,N,O,04/02/2026 12:22:26 PM
25822A,N,O,04/02/2026 05:07:35 PM
25822B,N,O,04/02/2026 06:18:49 PM
25823A,N,O,04/02/2026 05:25:22 PM
25823B,N,O,04/02/2026 07:50:06 PM
25824A,N,O,04/02/2026 05:28:22 PM
25824B,N,O,04/02/2026 04:04:56 PM
25825A,N,V,04/02/2026 04:05:24 PM
25825B,N,O,04/02/2026 06:32:11 PM
25826A,N,O,04/02/2026 05:23:48 PM
25826B,N,O,04/02/2026 05:56:09 PM
25827A,N,V,04/02/2026 07:02:30 PM
25827B,N,O,04/02/2026 07:31:51 PM
25828A,N,O,04/02/2026 05:21:53 PM
25828B,N,O,04/02/2026 07:57:58 PM
25829A,N,O,04/02/2026 06:12:10 PM
25829B,N,O,04/02/2026 03:18:21 PM
2582A,N,O,04/03/2026 06:57:46 AM
2582B,N,O,04/03/2026 07:46:31 AM
25830A,N,V,04/02/2026 08:09:39 AM
25830B,N,O,04/02/2026 07:23:11 PM
25831A,N,O,04/02/2026 07:49:14 PM
25831B,N,O,04/02/2026 06:24:39 PM
25832A,N,V,04/02/2026 07:50:55 AM
25833A,N,O,04/02/2026 07:00:41 PM
25833B,N,O,04/02/2026 07:21:51 PM
2583A,N,O,04/02/2026 06:56:50 AM
2584A,N,O,04/01/2026 06:26:43 PM
2584B,N,O,04/02/2026 06:55:45 AM
2585A,N,O,04/02/2026 06:59:43 AM
2585B,N,O,04/02/2026 06:59:43 AM
2586A,N,O,04/02/2026 07:02:16 PM
2586B,N,O,04/02/2026 09:44:42 PM
2591A,N,O,04/02/2026 06:58:53 AM
2591B,N,O,04/02/2026 08:16:29 PM
2592A,N,O,04/02/2026 04:12:25 PM
2592B,N,O,04/02/2026 04:54:55 PM
2593A,N,O,04/02/2026 10:59:31 PM
2593B,N,O,04/02/2026 10:57:02 PM
2594A,N,O,04/02/2026 03:08:55 PM
2597A,N,O,04/02/2026 08:15:18 PM
2597B,N,O,04/02/2026 07:05:33 PM
25A,NU,V,01/05/2026 08:43:45 PM
25B,NU,V,01/05/2026 11:58:04 PM
26007B,N,O,04/02/2026 07:57:58 AM
26008A,N,O,04/02/2026 07:51:40 PM
26008B,N,O,04/02/2026 09:45:07 AM
26009A,N,O,04/02/2026 09:44:50 AM
26009B,N,O,04/02/2026 05:26:58 PM
26011A,N,O,04/02/2026 06:28:21 PM
26011B,N,O,04/02/2026 06:45:12 PM
26012A,N,O,04/02/2026 07:36:27 PM
26012B,N,V,04/02/2026 05:37:50 PM
26013A,N,O,04/02/2026 07:09:47 PM
26013B,N,O,04/02/2026 06:05:48 PM
26014A,N,V,04/02/2026 07:54:58 PM
26014B,N,O,04/02/2026 07:26:29 PM
26015B,N,O,04/02/2026 07:12:58 PM
26017A,N,O,04/02/2026 09:50:04 AM
26017B,N,O,04/02/2026 06:17:50 PM
26018A,N,O,04/02/2026 04:15:18 PM
26018B,N,O,04/02/2026 04:38:24 PM
26019A,N,O,04/02/2026 07:42:57 PM
26019B,N,O,04/02/2026 06:22:21 PM
26020A,N,O,04/02/2026 06:59:49 AM
26020B,N,O,04/02/2026 07:21:55 PM
26021A,N,O,04/02/2026 07:51:44 PM
26021B,N,O,04/02/2026 06:59:01 AM
26022B,N,V,04/02/2026 05:13:14 PM
26023A,N,O,04/02/2026 07:57:55 AM
26023B,N,V,04/02/2026 07:58:57 PM
26024A,N,O,04/02/2026 06:55:51 AM
26024B,N,O,04/02/2026 06:09:27 PM
26025A,N,O,04/02/2026 06:33:49 PM
26025B,N,O,04/02/2026 04:00:17 PM
26026A,N,O,04/02/2026 06:57:57 PM
26026B,N,O,04/02/2026 06:40:23 PM
26027A,N,O,04/02/2026 07:53:51 PM
26027B,N,O,04/02/2026 05:58:22 PM
26028A,N,O,04/02/2026 04:18:41 PM
26028B,N,O,04/02/2026 07:45:58 PM
26029B,N,O,04/02/2026 07:56:52 PM
26030A,N,O,04/02/2026 07:02:45 PM
26030B,N,O,04/02/2026 06:34:50 PM
26031A,N,O,04/02/2026 04:08:34 PM
26031B,N,O,04/02/2026 05:09:48 PM
26032A,N,O,04/02/2026 05:49:30 PM
26032B,N,O,04/02/2026 06:57:53 AM
26033A,N,O,04/02/2026 05:53:21 PM
26033B,N,O,04/02/2026 06:31:03 PM
26034A,N,O,04/02/2026 06:38:02 PM
26034B,N,O,04/02/2026 07:50:03 PM
26035A,N,O,04/02/2026 06:08:37 PM
26035B,N,O,04/02/2026 06:16:38 PM
26036A,N,O,04/02/2026 05:52:08 PM
26036B,N,O,04/02/2026 05:13:23 PM
26037A,N,O,04/02/2026 07:24:19 PM
26037B,N,O,04/02/2026 01:58:30 PM
26038A,N,O,04/02/2026 08:43:33 AM
26038B,N,O,04/02/2026 07:22:08 PM
26039A,N,O,04/02/2026 02:29:18 PM
26039B,N,O,04/02/2026 06:55:52 AM
2603A,N,O,01/12/2026 01:25:59 PM
26040A,N,O,04/02/2026 06:59:55 AM
26040B,N,O,04/02/2026 04:48:34 PM
26041A,N,O,04/02/2026 05:37:21 PM
26041B,N,O,04/02/2026 06:45:48 PM
26042A,N,O,04/02/2026 05:33:34 PM
26042B,N,O,04/02/2026 05:40:27 PM
26043A,N,O,04/02/2026 07:30:23 PM
26044A,N,O,04/02/2026 07:35:46 PM
26044B,N,O,04/02/2026 06:52:00 PM
26045A,N,O,04/02/2026 05:27:54 PM
26045B,N,O,04/02/2026 05:53:39 PM
26046A,N,O,04/02/2026 05:11:29 PM
26046B,N,O,04/02/2026 05:40:05 PM
26049A,N,O,04/02/2026 06:55:47 AM
26049B,N,O,04/02/2026 06:55:47 AM
2604A,N,O,04/02/2026 11:26:10 PM
2604B,N,O,04/02/2026 08:20:21 PM
26050B,N,O,04/02/2026 06:45:35 PM
26051A,N,O,04/02/2026 04:11:16 PM
26051B,N,O,04/02/2026 07:58:40 AM
26052A,N,O,04/02/2026 04:40:17 PM
26052B,N,O,04/02/2026 06:57:50 AM
26053A,N,O,04/02/2026 06:56:44 AM
26053B,N,O,04/02/2026 06:56:54 AM
26054A,N,O,04/02/2026 06:55:45 AM
26054B,N,O,04/02/2026 07:21:33 PM
26055A,N,O,04/02/2026 12:21:12 PM
26055B,N,O,04/02/2026 07:21:20 PM
26056A,N,O,04/02/2026 05:22:42 PM
26056B,N,O,04/02/2026 07:30:46 PM
26057A,N,O,04/02/2026 07:18:35 PM
26057B,N,V,04/02/2026 07:54:59 PM
26059A,N,O,04/02/2026 05:35:29 PM
26059B,N,V,04/02/2026 05:51:34 PM
26060A,N,O,04/02/2026 05:59:49 PM
26060B,N,O,04/02/2026 05:48:26 PM
26061A,N,O,04/02/2026 05:31:50 PM
26061B,N,O,04/02/2026 06:07:44 PM
26062A,N,O,04/02/2026 02:56:26 PM
26062B,N,O,04/02/2026 07:41:33 PM
26063A,N,V,04/02/2026 06:45:44 PM
26063B,N,O,04/02/2026 06:43:28 PM
26064B,N,O,04/02/2026 05:05:08 PM
26065A,N,O,04/02/2026 06:09:04 PM
26065B,N,O,04/02/2026 07:56:59 PM
26066A,N,O,04/02/2026 04:49:08 PM
26066B,N,O,04/02/2026 06:41:31 PM
26067A,N,O,04/02/2026 07:56:41 PM
26067B,N,O,04/02/2026 06:45:45 PM
26068A,N,O,04/02/2026 06:09:13 PM
26068B,N,O,04/02/2026 07:12:04 PM
26069A,N,O,04/02/2026 06:19:36 PM
26069B,N,O,04/02/2026 04:53:07 PM
26070A,N,O,04/02/2026 07:49:26 PM
26072A,N,O,04/02/2026 05:39:56 PM
26073A,N,O,04/02/2026 04:54:07 PM
26073B,N,O,04/02/2026 03:30:45 PM
26074A,N,O,04/02/2026 07:53:52 PM
26074B,N,O,04/02/2026 06:01:09 PM
26075A,N,O,04/02/2026 07:22:53 PM
26075B,N,O,04/02/2026 03:55:37 PM
26076A,N,O,04/02/2026 07:58:56 PM
26076B,N,O,04/02/2026 07:07:18 PM
26077A,N,O,04/02/2026 06:01:53 PM
26077B,N,O,04/02/2026 06:15:20 PM
26078A,N,O,04/02/2026 07:33:16 PM
26078B,N,O,04/02/2026 07:41:41 PM
26079A,N,O,04/02/2026 05:22:46 PM
26079B,N,O,04/02/2026 07:22:17 PM
26080A,N,O,04/02/2026 07:54:06 PM
26080B,N,O,04/02/2026 06:47:07 PM
26081A,N,O,04/02/2026 06:52:11 PM
26081B,N,O,04/02/2026 05:40:53 PM
26086A,N,O,04/02/2026 06:58:56 AM
26086B,N,O,04/02/2026 01:15:12 PM
26087A,N,O,04/02/2026 06:41:16 PM
26087B,N,O,04/02/2026 07:15:08 PM
26089B,N,O,04/02/2026 09:49:44 AM
26090A,N,O,04/02/2026 07:14:03 PM
26090B,N,O,04/02/2026 05:54:18 PM
26091A,N,O,04/02/2026 07:51:33 PM
26091B,N,O,04/02/2026 04:43:59 PM
26092A,N,O,04/02/2026 07:33:41 PM
26092B,N,O,04/02/2026 06:51:43 PM
26093A,N,O,04/02/2026 06:21:46 PM
26093B,N,O,04/02/2026 06:49:51 PM
26094A,N,O,04/02/2026 03:53:32 PM
26094B,N,O,04/02/2026 07:27:46 PM
26095A,N,O,04/02/2026 07:31:04 PM
26095B,N,O,04/02/2026 06:59:52 PM
26096A,N,O,04/02/2026 06:58:52 PM
26096B,N,O,04/02/2026 05:26:32 PM
26097A,N,V,04/02/2026 07:59:03 PM
26097B,N,O,04/02/2026 01:59:44 PM
26098A,N,O,04/02/2026 07:37:34 PM
26098B,N,O,04/02/2026 07:58:08 PM
26099B,N,O,04/02/2026 07:00:14 PM
2609A,N,O,04/02/2026 08:29:52 PM
2609B,N,O,04/02/2026 03:13:18 PM
26103A,N,O,04/02/2026 05:57:56 PM
26103B,N,O,04/02/2026 08:08:50 AM
26104A,N,O,04/02/2026 02:37:40 PM
26104B,N,O,04/02/2026 07:39:03 PM
26105A,N,O,04/02/2026 07:17:50 PM
26105B,N,O,04/02/2026 07:24:35 PM
26106A,N,O,04/02/2026 07:32:14 PM
26106B,N,O,04/02/2026 05:26:34 PM
26107A,N,O,04/02/2026 06:57:57 AM
26107B,N,O,04/02/2026 05:21:59 PM
26108A,N,O,04/02/2026 10:19:29 AM
26108B,N,O,04/02/2026 07:07:21 PM
26109A,N,O,04/02/2026 06:30:38 PM
26109B,N,O,04/02/2026 05:43:25 PM
26110A,N,O,04/02/2026 07:32:26 PM
26110B,N,O,04/02/2026 02:46:10 PM
26111A,N,O,04/02/2026 07:49:34 PM
26111B,N,O,04/02/2026 07:12:32 PM
26112A,N,O,04/02/2026 06:57:56 AM
26112B,N,O,04/02/2026 12:26:47 PM
26113A,N,O,04/02/2026 07:43:12 PM
26113B,N,O,04/02/2026 07:52:48 PM
26114A,N,O,04/02/2026 07:55:46 AM
26114B,N,O,04/02/2026 05:59:49 PM
26115A,N,O,04/02/2026 06:37:19 PM
26115B,N,O,04/02/2026 07:38:51 PM
26116A,N,O,04/02/2026 06:21:47 PM
26116B,N,O,04/02/2026 04:48:54 PM
26117A,N,O,04/02/2026 03:07:00 PM
26117B,N,O,04/02/2026 07:18:24 PM
26118A,N,O,04/02/2026 06:34:05 PM
26118B,N,O,04/02/2026 07:52:48 PM
26119A,N,O,04/02/2026 11:24:09 AM
26119B,N,O,04/02/2026 05:08:47 PM
2611A,N,O,04/02/2026 06:06:04 PM
2611B,N,O,04/02/2026 08:39:38 PM
26120A,N,O,04/02/2026 06:59:04 PM
26120B,N,O,04/02/2026 07:51:32 PM
26121A,N,O,04/02/2026 02:07:56 PM
26121B,N,O,04/02/2026 05:56:34 PM
26122A,N,O,04/02/2026 07:54:08 PM
26123A,N,O,04/02/2026 07:11:32 PM
26123B,N,O,04/02/2026 07:59:17 AM
26124A,N,O,04/02/2026 06:32:33 PM
26124B,N,O,04/02/2026 10:03:37 AM
26125A,N,O,04/02/2026 07:47:13 PM
26125B,N,O,04/02/2026 06:31:33 PM
26126A,N,O,04/02/2026 06:57:16 PM
26126B,N,O,04/02/2026 12:20:52 PM
26127B,N,O,04/02/2026 07:58:59 PM
26128A,N,O,04/02/2026 06:53:24 PM
26128B,N,O,04/02/2026 01:20:36 PM
26129A,N,O,04/02/2026 05:21:35 PM
26129B,N,O,04/02/2026 02:56:05 PM
2612A,N,O,04/02/2026 11:05:05 PM
2612B,N,O,04/02/2026 08:17:45 PM
26130A,N,O,04/02/2026 06:31:14 PM
26130B,N,V,04/02/2026 07:58:59 PM
26131A,N,O,04/02/2026 04:48:00 PM
26131B,N,O,04/02/2026 05:35:06 PM
26132A,N,O,04/02/2026 01:53:11 PM
26132B,N,O,04/02/2026 05:21:15 PM
26133A,N,O,04/02/2026 10:54:13 AM
26133B,N,O,04/02/2026 07:56:52 AM
26134A,N,O,04/02/2026 01:54:47 PM
26134B,N,O,04/02/2026 10:54:06 AM
26135A,N,O,04/02/2026 01:36:44 PM
26135B,N,O,04/02/2026 06:09:21 PM
26136A,N,O,04/02/2026 05:06:09 PM
26136B,N,O,04/02/2026 01:12:54 PM
26137A,N,V,04/02/2026 07:37:43 PM
26137B,N,O,04/02/2026 07:16:48 PM
26138A,N,O,04/02/2026 06:45:14 PM
26138B,N,O,04/02/2026 03:24:19 PM
26139A,N,O,04/02/2026 12:25:33 PM
26139B,N,O,04/02/2026 05:48:28 PM
2613A,N,O,04/02/2026 08:35:00 AM
2613B,N,O,04/02/2026 09:23:52 PM
26140A,N,O,04/02/2026 05:19:57 PM
26140B,N,V,04/02/2026 07:59:44 PM
26141B,N,O,04/02/2026 06:55:23 PM
26142A,N,O,04/02/2026 07:02:00 PM
26142B,N,O,04/02/2026 03:33:56 PM
26143A,N,O,04/02/2026 05:37:41 PM
26143B,N,O,04/02/2026 07:10:33 PM
26144A,N,O,04/02/2026 04:45:14 PM
26144B,N,O,04/02/2026 07:44:58 AM
26145A,N,O,04/02/2026 07:43:40 PM
26145B,N,O,04/02/2026 07:09:32 PM
26146A,N,O,04/02/2026 01:44:43 PM
26146B,N,O,04/02/2026 06:58:49 AM
26147A,N,O,04/02/2026 06:01:05 PM
26147B,N,O,04/02/2026 08:00:02 PM
26148A,N,O,04/02/2026 12:37:09 PM
26148B,N,O,04/02/2026 03:25:44 PM
26149A,N,O,04/02/2026 04:34:19 PM
2614A,N,O,04/02/2026 11:53:57 PM
2614B,N,V,04/02/2026 06:13:10 PM
26151A,N,O,04/02/2026 07:05:55 PM
26151B,N,V,04/02/2026 05:25:40 PM
26152A,N,O,04/02/2026 10:09:59 AM
26152B,N,O,04/02/2026 04:17:58 PM
26153A,N,O,04/02/2026 06:56:45 AM
26153B,N,O,04/02/2026 06:28:57 PM
26154A,N,O,04/02/2026 06:55:50 AM
26154B,N,O,04/02/2026 07:26:18 PM
26155A,N,O,04/02/2026 07:15:20 PM
26155B,N,O,04/02/2026 05:05:25 PM
26156A,N,O,04/02/2026 06:58:53 AM
26156B,N,O,04/02/2026 07:40:22 PM
26157A,N,V,04/02/2026 10:19:47 AM
26157B,N,O,04/02/2026 03:34:18 PM
26158A,N,O,04/02/2026 06:56:54 AM
26158B,N,O,04/02/2026 06:56:54 AM
26159B,N,O,04/02/2026 10:53:38 AM
2615A,N,O,04/02/2026 05:47:00 PM
2615B,N,O,04/02/2026 05:10:54 PM
26160A,N,O,04/02/2026 07:31:14 PM
26162A,N,O,04/02/2026 03:20:51 PM
26162B,N,O,04/02/2026 07:58:26 AM
26164A,N,O,04/02/2026 07:33:51 PM
26164B,N,O,04/02/2026 06:55:47 AM
26165A,N,O,04/02/2026 07:18:14 PM
26166A,N,O,04/02/2026 06:58:51 AM
26166B,N,O,04/02/2026 05:12:26 PM
26167A,N,O,04/02/2026 06:57:50 AM
26167B,N,O,04/02/2026 06:57:38 PM
26168B,N,O,04/02/2026 06:56:53 AM
26169A,N,O,04/02/2026 03:00:20 PM
2616A,N,O,04/02/2026 11:21:10 PM
2616B,N,V,04/02/2026 04:56:38 PM
26173A,N,O,04/02/2026 05:47:55 PM
26174B,N,O,04/02/2026 04:15:09 PM
26175A,N,O,01/26/2026 01:29:35 PM
26176A,N,O,04/02/2026 06:27:05 PM
26176B,N,O,04/02/2026 07:05:55 PM
26177A,N,O,04/02/2026 07:29:08 PM
26177B,N,O,04/02/2026 07:53:18 PM
26178A,N,O,04/02/2026 07:53:26 PM
26178B,N,O,04/02/2026 04:07:24 PM
26179A,N,O,04/02/2026 06:18:10 PM
26179B,N,O,04/02/2026 05:27:03 PM
26180A,N,O,04/02/2026 06:59:47 AM
26180B,N,V,04/01/2026 12:57:07 PM
26181A,N,O,04/02/2026 12:44:59 PM
26181B,N,O,04/02/2026 06:58:44 AM
26182A,N,O,04/02/2026 10:04:29 AM
26182B,N,O,04/02/2026 05:50:34 PM
26188A,N,O,04/02/2026 07:35:40 PM
26188B,N,V,04/02/2026 06:59:26 PM
26189A,N,O,04/02/2026 04:56:41 PM
26189B,N,O,04/02/2026 07:46:16 PM
2618A,N,O,04/02/2026 06:56:51 AM
2618B,N,V,04/02/2026 11:35:02 PM
26190A,N,O,04/02/2026 06:32:41 PM
26190B,N,O,04/02/2026 07:05:20 PM
26191A,N,O,04/02/2026 05:05:21 PM
26192A,N,O,04/02/2026 05:13:05 PM
26192B,N,O,04/02/2026 07:52:20 PM
26193A,N,O,04/02/2026 06:01:40 PM
26193B,N,O,04/02/2026 06:58:15 PM
26194A,N,O,04/02/2026 08:25:51 AM
26194B,N,O,04/02/2026 05:48:40 PM
26196A,N,O,04/02/2026 06:00:25 PM
26196B,N,O,04/02/2026 05:22:41 PM
26197A,N,O,04/02/2026 07:30:40 PM
26197B,N,V,04/02/2026 07:59:55 PM
26198A,N,O,04/02/2026 06:29:12 PM
26198B,N,O,04/02/2026 07:40:39 PM
26199A,N,O,04/02/2026 07:37:00 PM
26199B,N,O,04/02/2026 06:55:52 AM
2619A,N,V,04/02/2026 11:59:52 PM
2619B,N,O,04/02/2026 11:25:46 PM
26200B,N,O,04/02/2026 06:59:51 AM
26201A,N,O,04/02/2026 07:24:15 PM
26201B,N,O,04/02/2026 06:58:46 AM
26202A,N,O,04/02/2026 06:01:04 PM
26202B,N,O,04/02/2026 07:00:26 PM
26203A,N,O,04/02/2026 07:33:56 PM
26203B,N,O,04/02/2026 07:31:54 PM
26204A,N,V,04/02/2026 05:25:03 PM
26204B,N,O,04/02/2026 05:46:26 PM
26205A,N,O,04/02/2026 09:01:31 AM
26205B,N,O,04/02/2026 06:40:10 PM
26206A,N,O,04/02/2026 05:08:44 PM
26207A,N,O,04/02/2026 07:04:15 PM
26208A,N,O,04/02/2026 05:49:48 PM
26208B,N,O,04/02/2026 08:11:44 AM
26209A,N,O,01/31/2026 06:55:38 PM
26209B,N,O,11/14/2025 09:18:20 AM
2620A,N,O,04/02/2026 10:13:54 PM
2620B,N,O,04/02/2026 08:59:03 PM
26210A,N,O,04/02/2026 01:01:15 PM
26210B,N,O,04/02/2026 07:51:48 PM
26211A,N,O,04/02/2026 12:28:38 PM
26211B,N,O,04/02/2026 06:01:11 PM
26212A,N,O,04/02/2026 07:31:15 PM
26212B,N,O,04/02/2026 07:01:34 PM
26213A,N,O,04/02/2026 06:58:31 PM
26213B,N,O,04/02/2026 07:16:39 PM
26214A,N,O,04/02/2026 06:34:55 PM
26214B,N,O,01/31/2026 05:17:43 PM
26215A,N,O,04/02/2026 04:53:38 PM
26215B,N,O,04/02/2026 07:01:07 PM
26216A,N,O,04/02/2026 06:21:20 PM
26216B,N,O,04/02/2026 05:30:04 PM
26217A,N,V,04/02/2026 07:34:55 PM
26217B,N,O,04/02/2026 07:25:28 PM
26218B,N,O,04/02/2026 03:04:11 PM
26219B,N,O,04/02/2026 04:14:41 PM
2621A,N,V,04/02/2026 11:57:17 PM
2621B,N,O,04/02/2026 06:58:58 AM
26220A,N,O,04/02/2026 05:44:06 PM
26220B,N,O,04/02/2026 05:54:24 PM
26221A,N,O,04/02/2026 07:16:53 PM
26221B,N,O,04/02/2026 06:06:27 PM
26222A,N,O,04/02/2026 07:37:31 PM
26222B,N,O,04/02/2026 07:06:59 PM
26223A,N,O,04/02/2026 04:43:56 PM
26225A,N,O,04/02/2026 05:05:43 PM
26225B,N,O,04/02/2026 06:43:08 PM
26226A,N,O,04/02/2026 07:01:27 PM
26226B,N,O,04/02/2026 07:36:03 PM
26227A,N,O,04/02/2026 05:47:45 PM
26227B,N,O,04/02/2026 06:57:52 AM
26228A,N,O,04/02/2026 07:59:16 PM
26228B,N,O,04/02/2026 07:34:14 PM
26229A,N,O,04/02/2026 06:33:41 PM
26229B,N,O,04/02/2026 05:19:34 PM
2622A,N,O,04/02/2026 06:03:14 PM
2622B,N,O,04/02/2026 06:58:12 AM
26230B,N,O,04/02/2026 07:47:56 PM
26231B,N,O,04/02/2026 05:10:06 PM
26232A,N,O,04/02/2026 07:11:16 PM
26232B,N,O,04/01/2026 06:57:43 AM
26233A,N,O,04/02/2026 12:10:59 PM
26233B,N,O,04/02/2026 07:26:54 PM
26234A,N,O,04/02/2026 07:25:39 PM
26234B,N,O,04/02/2026 07:10:46 PM
26235A,N,O,04/02/2026 07:52:06 PM
26235B,N,O,04/02/2026 05:51:35 PM
26236A,N,O,04/02/2026 06:17:43 PM
26236B,N,O,04/02/2026 05:18:20 PM
26237A,N,O,04/02/2026 06:12:40 PM
26237B,N,O,04/02/2026 07:28:56 PM
26238A,N,O,04/02/2026 05:28:15 PM
26238B,N,O,04/02/2026 05:02:22 PM
26239A,N,O,04/02/2026 06:54:43 PM
26239B,N,O,04/02/2026 04:29:02 PM
2623A,N,O,04/02/2026 11:02:26 AM
2623B,N,O,04/02/2026 09:01:33 PM
26240A,N,O,04/02/2026 06:34:12 PM
26240B,N,O,04/02/2026 12:43:10 PM
26241A,N,O,04/02/2026 07:38:18 PM
26241B,N,O,04/02/2026 04:01:03 PM
26245A,N,O,04/02/2026 09:34:13 AM
26246A,N,O,04/02/2026 04:21:53 PM
26248A,N,O,04/02/2026 11:25:16 AM
26248B,N,O,04/02/2026 10:37:31 AM
26249A,N,O,04/02/2026 05:13:49 PM
26249B,N,O,04/02/2026 05:30:13 PM
2624A,N,O,04/02/2026 08:47:18 PM
2624B,N,O,04/02/2026 08:17:43 PM
26251A,N,O,04/02/2026 03:24:49 PM
26251B,N,O,04/02/2026 06:45:26 PM
26252A,N,O,04/02/2026 07:17:13 PM
26252B,N,O,04/02/2026 04:37:15 PM
26253A,N,O,04/02/2026 11:15:41 AM
26253B,N,O,04/02/2026 07:03:30 PM
26254A,N,O,04/02/2026 06:47:53 PM
26254B,N,O,04/02/2026 05:47:18 PM
26255A,N,O,04/02/2026 07:52:39 PM
26255B,N,O,04/02/2026 07:40:43 PM
26256A,N,O,04/02/2026 07:50:22 PM
26256B,N,V,04/02/2026 07:58:37 PM
26257A,N,O,04/02/2026 07:58:39 PM
26257B,N,O,04/02/2026 06:57:50 AM
26258A,N,O,04/02/2026 07:04:58 PM
26258B,N,O,04/02/2026 07:04:58 PM
26259A,N,O,04/02/2026 06:47:13 PM
26259B,N,O,04/02/2026 07:02:27 PM
2625A,N,O,04/02/2026 06:59:48 AM
2625B,N,O,04/02/2026 10:19:34 PM
26260A,N,O,04/02/2026 07:39:13 PM
26260B,N,O,04/02/2026 05:56:15 PM
26261A,N,O,04/02/2026 05:58:39 PM
26261B,N,O,04/02/2026 04:58:17 PM
26262A,N,O,04/02/2026 04:51:14 PM
26262B,N,V,04/02/2026 06:44:37 PM
26263A,N,O,04/02/2026 07:36:45 PM
26263B,N,O,04/02/2026 05:46:36 PM
26264A,N,O,04/02/2026 07:05:22 PM
26264B,N,O,04/02/2026 03:50:35 PM
26265A,N,O,04/02/2026 06:09:52 PM
26265B,N,O,04/02/2026 06:51:23 PM
26266A,N,O,04/02/2026 06:54:26 PM
26266B,N,O,04/02/2026 07:07:33 PM
26268A,N,O,04/02/2026 06:07:59 PM
26268B,N,O,04/02/2026 05:41:27 PM
26269A,N,O,04/02/2026 06:11:18 PM
26269B,N,O,04/02/2026 06:10:10 PM
2626A,N,O,04/02/2026 09:59:54 PM
2626B,N,O,04/02/2026 07:01:56 PM
26270A,N,O,04/02/2026 05:31:15 PM
26270B,N,O,04/02/2026 07:28:04 PM
26271A,N,O,04/02/2026 06:50:18 PM
26271B,N,O,04/02/2026 07:21:25 PM
26272A,N,O,04/02/2026 06:14:40 PM
26272B,N,O,04/02/2026 06:07:57 PM
26273A,N,O,04/02/2026 04:51:33 PM
26273B,N,O,04/02/2026 05:31:51 PM
26274A,N,V,04/02/2026 06:36:37 PM
26274B,N,O,04/02/2026 06:24:12 PM
26275A,N,O,04/02/2026 05:41:26 PM
26275B,N,O,04/02/2026 06:13:36 PM
26276A,N,O,04/02/2026 08:00:01 PM
26276B,N,O,04/02/2026 06:36:33 PM
26277A,N,O,04/02/2026 06:36:29 PM
26277B,N,O,04/02/2026 06:36:51 PM
26278A,N,O,04/02/2026 03:14:58 PM
26278B,N,O,04/02/2026 01:55:42 PM
26279A,N,O,04/02/2026 01:11:47 PM
26279B,N,O,04/02/2026 06:56:04 AM
2627A,N,V,04/02/2026 11:36:45 PM
2627B,N,O,04/02/2026 08:40:09 PM
26280A,N,O,04/02/2026 06:53:14 PM
26280B,N,O,04/02/2026 06:20:20 PM
26281A,N,O,04/02/2026 05:42:42 PM
26282A,N,V,04/02/2026 06:22:12 PM
26282B,N,O,04/02/2026 04:53:36 PM
26283A,N,O,04/02/2026 05:15:21 PM
26283B,N,O,04/02/2026 06:57:05 AM
26284A,N,O,04/02/2026 04:56:18 PM
26284B,N,O,04/02/2026 05:31:16 PM
26287A,N,O,04/02/2026 05:37:35 PM
26287B,N,O,04/02/2026 10:48:25 AM
26288A,N,O,04/02/2026 02:35:03 PM
26288B,N,O,04/02/2026 03:37:20 PM
26289A,N,O,04/02/2026 04:22:30 PM
26289B,N,O,04/02/2026 06:55:53 AM
26290A,N,O,04/02/2026 11:35:48 AM
26290B,N,V,04/02/2026 04:24:39 PM
26291A,N,O,04/02/2026 02:40:39 PM
26291B,N,O,04/02/2026 03:29:09 PM
26292A,N,O,04/02/2026 02:01:19 PM
26292B,N,O,04/02/2026 03:43:24 PM
26293A,N,O,04/02/2026 02:15:53 PM
26293B,N,O,04/02/2026 01:45:13 PM
26294B,N,O,04/02/2026 02:15:17 PM
26295A,N,O,04/02/2026 07:00:08 AM
26296A,N,O,04/02/2026 01:55:17 PM
26301B,N,O,04/02/2026 03:44:37 PM
26302A,N,O,04/02/2026 07:59:29 PM
26302B,N,O,04/02/2026 06:57:47 AM
26303B,N,O,04/02/2026 06:56:51 AM
26304A,N,O,04/02/2026 05:51:32 PM
26304B,N,O,04/02/2026 06:15:40 PM
26305A,N,V,04/02/2026 07:59:37 PM
26306A,N,O,04/02/2026 06:43:44 PM
26306B,N,O,04/02/2026 07:12:05 PM
26307A,N,O,04/02/2026 07:20:22 PM
26307B,N,V,04/02/2026 10:57:07 AM
26308A,N,V,04/02/2026 07:58:52 PM
26308B,N,O,04/02/2026 06:41:19 PM
26309A,N,O,04/02/2026 05:26:08 PM
26309B,N,O,04/02/2026 07:18:30 PM
2630B,N,O,04/02/2026 11:52:49 PM
26310A,N,O,04/02/2026 06:57:21 PM
26310B,N,O,04/02/2026 05:11:04 PM
26311A,N,V,04/02/2026 04:33:41 PM
26312A,N,O,04/02/2026 03:53:55 PM
26312B,N,O,04/02/2026 10:52:49 AM
26313A,N,O,04/02/2026 05:14:52 PM
26313B,N,O,04/02/2026 06:56:52 AM
26314A,N,O,04/02/2026 06:03:08 PM
26314B,N,V,04/02/2026 03:24:12 PM
26315A,N,O,04/02/2026 06:06:26 PM
26315B,N,V,04/02/2026 11:22:16 AM
26316A,N,V,04/01/2026 06:08:22 PM
26316B,N,O,04/02/2026 03:25:15 PM
26317A,N,O,04/02/2026 07:43:30 PM
26317B,N,V,04/02/2026 07:59:27 AM
26318A,N,V,04/02/2026 03:46:26 PM
26318B,N,V,04/02/2026 08:50:00 AM
26319A,N,O,04/02/2026 07:50:30 PM
26319B,N,V,04/02/2026 10:28:46 AM
2631A,N,O,04/02/2026 07:21:12 PM
2631B,N,O,04/02/2026 06:27:06 PM
26320A,N,V,04/02/2026 07:16:16 AM
26320B,N,O,04/02/2026 07:11:53 PM
26321A,N,O,04/02/2026 06:52:25 PM
26321B,N,O,04/02/2026 07:19:42 PM
26322A,N,O,04/02/2026 06:51:32 PM
26322B,N,O,04/02/2026 06:25:19 PM
26323A,N,O,04/02/2026 05:53:39 PM
26323B,N,O,04/02/2026 06:08:28 PM
26324A,N,O,04/02/2026 01:54:02 PM
26325A,N,V,04/02/2026 07:41:33 PM
26325B,N,O,04/02/2026 07:24:30 PM
26327B,N,O,04/02/2026 04:56:21 PM
26328B,N,O,04/02/2026 06:56:45 AM
26329A,N,O,04/02/2026 04:07:46 PM
26329B,N,O,04/02/2026 10:46:30 AM
2632A,N,O,04/02/2026 08:47:03 PM
2632B,N,O,04/02/2026 08:56:21 PM
26330A,N,O,04/02/2026 03:42:46 PM
26330B,N,V,04/02/2026 05:28:58 PM
26331A,N,O,04/02/2026 06:48:01 PM
26331B,N,O,04/02/2026 06:15:14 PM
26332A,N,O,04/02/2026 07:37:34 PM
26332B,N,V,04/02/2026 06:59:02 PM
26333A,N,V,04/02/2026 09:32:40 AM
26333B,N,V,04/02/2026 08:04:56 AM
26334B,N,O,04/02/2026 07:48:49 PM
26335A,NU,V,04/02/2026 07:40:40 AM
26335B,NU,O,04/02/2026 01:06:07 PM
26336A,N,V,04/02/2026 07:59:52 PM
26336B,N,O,04/02/2026 07:25:17 PM
26337A,N,V,04/02/2026 08:52:13 AM
26337B,N,O,04/02/2026 07:50:57 PM
26338A,N,O,04/02/2026 07:20:27 PM
26338B,N,O,04/02/2026 07:54:52 PM
26339A,N,O,04/02/2026 07:30:43 PM
26339B,N,O,04/02/2026 07:12:08 PM
2633A,N,V,04/02/2026 11:58:40 PM
2633B,N,V,04/02/2026 11:57:39 PM
26340A,N,O,04/02/2026 07:09:40 PM
26340B,N,O,04/02/2026 07:23:53 PM
26341A,N,O,04/02/2026 06:15:00 PM
26341B,N,O,04/02/2026 06:07:18 PM
26342A,N,O,04/02/2026 05:28:16 PM
26342B,N,O,04/02/2026 07:59:48 PM
26343A,N,O,04/02/2026 05:36:40 PM
26343B,N,O,04/02/2026 05:37:41 PM
26344A,N,O,04/02/2026 02:49:18 PM
26344B,N,O,04/02/2026 07:26:05 PM
26345A,N,V,04/02/2026 07:34:23 PM
26345B,N,O,04/02/2026 07:05:16 PM
26346A,N,V,04/02/2026 12:10:37 PM
26346B,N,O,04/02/2026 06:58:49 AM
26347A,N,O,04/02/2026 06:57:46 AM
26347B,N,O,04/02/2026 06:57:46 AM
26348A,N,O,04/02/2026 06:56:45 AM
26348B,N,O,04/02/2026 06:56:45 AM
26349A,N,O,04/02/2026 06:55:51 AM
26349B,N,O,04/02/2026 06:55:51 AM
2634A,N,O,04/02/2026 09:19:44 PM
2634B,N,O,04/02/2026 06:46:29 PM
26350A,N,O,04/02/2026 08:04:50 AM
26350B,N,O,04/02/2026 09:44:56 AM
26351A,N,V,04/02/2026 10:21:33 AM
26351B,N,V,04/02/2026 07:43:01 PM
26352A,N,O,04/02/2026 06:22:49 PM
26352B,N,V,04/02/2026 05:13:23 PM
26353A,N,V,04/02/2026 06:39:09 PM
26353B,N,V,04/02/2026 04:42:21 PM
26356B,N,O,04/02/2026 07:58:54 PM
26357A,N,O,04/02/2026 07:59:05 PM
26357B,N,V,04/02/2026 07:53:32 PM
26358A,N,O,04/02/2026 07:32:42 PM
26358B,N,O,04/02/2026 06:57:09 AM
26359A,N,O,04/02/2026 07:53:45 PM
26359B,N,O,04/02/2026 06:55:56 AM
2635A,N,V,04/02/2026 08:05:59 PM
2635B,N,O,04/02/2026 11:22:07 PM
26360A,N,O,04/02/2026 07:56:46 PM
26360B,N,O,04/02/2026 06:59:54 AM
26361A,N,V,04/02/2026 07:02:08 PM
26361B,N,O,04/02/2026 06:59:00 AM
26362A,N,O,04/02/2026 06:57:47 AM
26362B,N,O,04/01/2026 06:57:46 AM
26363A,N,O,04/02/2026 06:56:47 AM
26363B,N,O,04/02/2026 06:56:43 AM
26364A,N,O,04/02/2026 02:41:39 PM
26364B,N,O,04/02/2026 06:55:46 AM
26365A,N,O,04/02/2026 06:59:52 AM
26365B,N,V,04/02/2026 07:39:57 PM
26366A,N,O,04/02/2026 05:05:30 PM
26366B,N,O,04/02/2026 07:59:56 PM
26367A,N,O,04/02/2026 06:57:44 AM
26367B,N,O,04/02/2026 07:59:17 PM
26368A,N,V,04/02/2026 06:20:34 PM
26368B,N,V,04/02/2026 07:53:50 PM
26369A,N,V,04/02/2026 06:24:50 PM
26369B,N,O,04/02/2026 07:36:39 PM
2636A,N,O,04/02/2026 11:14:16 PM
2636B,N,O,04/02/2026 11:30:59 PM
26370A,N,V,04/02/2026 06:23:33 PM
26370B,N,V,04/02/2026 06:17:28 PM
26372A,N,V,04/02/2026 07:51:34 PM
26372B,N,V,04/02/2026 07:59:59 PM
26373A,N,V,04/02/2026 03:37:29 PM
26373B,N,O,04/02/2026 07:59:52 PM
26374A,N,O,04/02/2026 06:39:03 PM
26374B,N,V,04/02/2026 06:45:07 PM
26375A,N,V,04/02/2026 07:21:50 PM
26375B,N,V,04/02/2026 07:16:42 PM
26376A,N,O,04/02/2026 11:54:31 AM
26376B,N,V,04/02/2026 03:34:24 PM
26377A,N,V,04/02/2026 07:35:57 PM
26377B,N,V,04/02/2026 07:44:41 PM
26378A,N,V,04/02/2026 02:29:43 PM
26378B,N,V,04/02/2026 07:33:17 PM
26379A,N,V,04/02/2026 06:44:04 PM
26379B,N,V,04/02/2026 06:03:32 PM
2637A,N,O,04/02/2026 08:13:34 PM
2637B,N,O,04/02/2026 10:02:06 PM
26380A,N,V,04/02/2026 12:20:13 PM
26380B,N,V,04/02/2026 05:02:10 PM
26381A,N,V,04/02/2026 07:52:10 PM
26381B,N,O,04/02/2026 02:30:51 PM
26382A,N,V,04/02/2026 07:43:17 PM
26382B,N,V,04/02/2026 07:47:03 PM
26383A,N,V,04/02/2026 05:00:58 PM
26383B,N,V,04/02/2026 07:55:24 PM
26384A,N,O,04/02/2026 05:59:45 PM
26384B,N,O,04/02/2026 06:33:38 PM
26385A,N,O,04/02/2026 05:54:30 PM
26385B,N,V,07/05/2025 06:01:42 PM
26387A,N,O,04/02/2026 06:57:49 AM
26387B,N,O,04/02/2026 05:52:02 PM
26388A,N,O,04/02/2026 06:37:02 PM
26388B,N,O,04/02/2026 03:25:14 PM
26389A,N,O,04/02/2026 03:55:42 PM
26389B,N,O,04/02/2026 01:42:04 PM
2638A,N,O,04/02/2026 07:49:14 PM
2638B,N,O,04/02/2026 09:33:11 PM
26390A,N,O,04/02/2026 01:03:22 PM
26390B,N,O,04/02/2026 06:29:04 PM
26391A,N,O,04/02/2026 06:58:46 AM
26391B,N,O,04/02/2026 06:58:46 AM
26392A,N,O,04/02/2026 12:23:10 PM
26392B,N,O,04/02/2026 06:30:51 PM
26393A,N,O,04/02/2026 06:56:30 PM
26393B,N,O,04/02/2026 05:50:07 PM
26394A,N,O,04/02/2026 02:45:57 PM
26394B,N,O,04/02/2026 03:57:49 PM
26395A,N,O,04/02/2026 06:51:12 PM
26395B,N,O,04/02/2026 11:55:58 AM
26397A,N,O,04/02/2026 02:38:39 PM
26397B,N,O,04/02/2026 06:57:45 AM
26398A,N,O,04/02/2026 06:56:49 AM
26399A,N,O,04/02/2026 05:36:36 PM
26399B,N,V,04/02/2026 07:58:18 PM
26400A,N,V,04/02/2026 06:57:12 PM
26400B,N,V,04/02/2026 06:51:08 PM
26403A,N,O,04/02/2026 06:01:28 PM
26403B,N,O,04/02/2026 04:39:51 PM
26404A,N,O,04/02/2026 05:59:06 PM
26404B,N,O,04/02/2026 05:28:44 PM
26405A,N,O,04/02/2026 06:53:26 PM
26405B,N,O,04/02/2026 05:40:21 PM
26406A,N,O,04/02/2026 05:34:11 PM
26406B,N,O,04/02/2026 07:01:28 PM
26407A,N,O,04/02/2026 07:36:06 PM
26407B,N,V,04/02/2026 07:57:56 PM
26408A,N,O,04/02/2026 05:08:54 PM
26408B,N,O,04/02/2026 07:34:48 PM
26409B,N,O,04/02/2026 05:25:22 PM
2640A,N,V,04/02/2026 10:15:39 PM
2640B,N,O,04/02/2026 07:17:17 PM
26410A,N,O,04/02/2026 05:51:13 PM
26410B,N,O,04/02/2026 05:43:15 PM
26411A,N,O,04/02/2026 06:23:15 PM
26411B,N,O,04/02/2026 06:42:03 PM
26412A,N,O,04/02/2026 06:58:43 PM
26412B,N,O,04/02/2026 06:47:29 PM
26413A,N,O,04/02/2026 07:43:41 PM
26413B,N,O,04/02/2026 06:54:35 PM
26414A,N,O,04/02/2026 06:45:49 PM
26414B,N,V,04/02/2026 07:11:43 PM
26415A,N,O,04/02/2026 07:07:57 PM
26415B,N,O,04/02/2026 06:51:54 PM
26416A,N,O,04/02/2026 06:23:47 PM
26416B,N,O,04/02/2026 07:32:58 PM
26417A,N,O,04/02/2026 07:01:52 PM
26417B,N,O,04/02/2026 07:04:54 PM
26418A,N,O,04/02/2026 07:00:42 PM
26418B,N,O,04/02/2026 06:53:15 PM
26419A,N,O,04/02/2026 06:44:29 PM
26419B,N,O,04/02/2026 06:12:58 PM
2641A,N,O,04/02/2026 10:56:55 PM
26420A,N,O,04/02/2026 06:03:09 PM
26420B,N,O,04/02/2026 07:26:27 PM
26421A,N,O,04/02/2026 07:28:13 PM
26421B,N,O,04/02/2026 07:55:54 PM
26422A,N,O,04/02/2026 06:41:16 PM
26422B,N,O,04/02/2026 04:30:23 PM
26423A,N,O,04/02/2026 06:41:09 PM
26423B,N,V,04/02/2026 04:26:49 PM
26424A,N,O,04/02/2026 07:12:10 PM
26424B,N,O,04/02/2026 06:21:29 PM
26425A,N,O,04/02/2026 05:08:56 PM
26425B,N,O,04/02/2026 06:02:55 PM
26426A,N,O,04/02/2026 07:06:47 PM
26426B,N,O,04/02/2026 06:19:16 PM
26427A,N,O,04/02/2026 06:59:54 AM
26427B,N,O,04/02/2026 06:55:58 PM
26428A,N,O,04/02/2026 07:14:51 PM
26428B,N,O,04/02/2026 06:52:18 PM
26429A,N,O,04/02/2026 04:43:00 PM
26429B,N,O,04/02/2026 06:22:53 PM
2642A,N,O,04/02/2026 10:53:57 PM
2642B,N,O,04/02/2026 11:46:22 PM
26430A,N,V,04/02/2026 07:14:03 PM
26430B,N,O,04/02/2026 07:59:11 PM
26431A,N,O,04/02/2026 06:59:02 AM
26431B,N,O,04/02/2026 06:58:55 AM
26432A,N,O,04/02/2026 07:39:39 PM
26432B,N,O,04/02/2026 06:08:59 PM
26433A,N,V,04/02/2026 07:52:18 PM
26433B,N,V,04/02/2026 07:59:20 PM
26434A,N,O,04/02/2026 06:44:00 PM
26434B,N,V,04/02/2026 07:32:02 PM
26435A,N,O,04/02/2026 04:59:30 PM
26435B,N,O,04/02/2026 07:50:57 PM
26436A,N,O,04/02/2026 07:24:07 PM
26436B,N,O,04/02/2026 04:20:13 PM
26437B,N,O,04/02/2026 06:03:45 PM
26438A,N,O,04/02/2026 06:57:14 PM
26438B,N,O,04/02/2026 07:51:27 PM
26439A,N,V,04/02/2026 10:01:41 AM
26439B,N,V,04/02/2026 11:32:13 AM
2643A,N,O,04/02/2026 07:18:52 PM
2643B,N,V,04/02/2026 11:58:21 PM
26440A,N,O,04/01/2026 06:47:37 PM
26440B,N,O,04/02/2026 06:03:24 PM
26441A,N,O,04/01/2026 07:09:55 PM
26441B,N,V,04/01/2026 07:39:25 PM
26442B,N,V,04/02/2026 07:59:58 PM
26443A,N,V,04/02/2026 09:52:25 AM
26443B,N,O,04/02/2026 07:21:21 PM
26444A,N,V,04/02/2026 06:09:54 PM
26444B,N,O,04/02/2026 05:59:34 PM
26445A,N,O,04/02/2026 06:07:45 PM
26445B,N,O,04/02/2026 06:30:18 PM
26446A,N,O,04/02/2026 07:14:12 PM
26446B,N,O,04/02/2026 07:21:20 PM
26447A,N,O,04/02/2026 06:31:44 PM
26447B,N,O,04/02/2026 05:58:35 PM
26448A,N,O,04/02/2026 06:01:52 PM
26448B,N,O,04/02/2026 07:08:10 PM
26449A,N,O,04/02/2026 07:31:43 PM
26449B,N,V,04/02/2026 07:35:26 PM
2644A,N,O,04/02/2026 11:42:51 PM
2644B,N,O,04/02/2026 10:55:56 PM
26450A,N,O,04/02/2026 06:30:06 PM
26450B,N,O,04/02/2026 07:20:28 PM
26451A,N,V,04/02/2026 07:57:07 PM
26451B,N,O,04/02/2026 07:49:36 PM
26452B,N,O,04/02/2026 07:22:02 PM
26453A,N,V,04/02/2026 07:20:48 PM
26453B,N,O,04/02/2026 07:18:32 PM
26454A,N,V,04/02/2026 07:17:54 PM
26454B,N,O,04/02/2026 07:33:26 PM
26455A,N,V,04/02/2026 07:18:17 PM
26455B,N,O,04/02/2026 07:04:05 PM
26456A,N,V,04/02/2026 04:59:26 PM
26456B,N,O,04/02/2026 07:01:32 PM
26457A,N,O,04/02/2026 07:16:40 PM
26457B,N,O,04/02/2026 03:24:33 PM
26458B,N,O,04/02/2026 05:16:13 PM
26459A,N,O,04/02/2026 08:00:00 PM
26459B,N,O,04/02/2026 07:58:38 PM
2645A,N,V,04/02/2026 10:54:06 PM
2645B,N,O,04/02/2026 08:53:26 AM
26460A,N,V,04/02/2026 07:59:46 PM
26460B,N,O,04/02/2026 06:36:51 PM
26461A,N,O,04/02/2026 07:20:13 PM
26461B,N,O,04/02/2026 07:11:57 PM
26462A,N,V,04/02/2026 07:59:00 PM
26462B,N,O,04/02/2026 08:27:24 AM
26463A,N,O,04/02/2026 07:59:45 PM
26464A,N,O,04/02/2026 06:46:32 PM
26464B,N,O,04/02/2026 06:44:42 PM
26465A,N,O,04/02/2026 06:23:23 PM
26465B,N,V,04/02/2026 08:00:02 PM
26466A,N,V,04/02/2026 07:25:04 PM
26466B,N,O,04/02/2026 07:59:42 PM
26467A,N,V,04/02/2026 07:02:34 PM
26467B,N,V,04/02/2026 07:02:34 PM
2646A,N,O,04/02/2026 09:45:45 PM
2646B,N,O,04/02/2026 05:57:39 PM
26471B,N,O,04/02/2026 03:59:47 PM
26472B,N,O,04/02/2026 05:37:18 PM
26474A,N,V,04/02/2026 09:18:33 AM
26474B,N,V,04/02/2026 09:18:26 AM
26475A,N,V,04/02/2026 09:21:18 AM
26475B,N,V,04/02/2026 06:33:59 PM
26476A,N,V,04/02/2026 01:41:20 PM
26476B,N,V,04/02/2026 06:34:00 PM
26477A,N,V,04/02/2026 07:57:24 PM
26477B,N,O,04/02/2026 05:42:40 PM
26478A,N,V,04/02/2026 07:02:58 PM
26478B,N,V,04/02/2026 05:34:47 PM
26479A,N,V,04/02/2026 06:31:35 PM
26479B,N,O,04/02/2026 02:20:39 PM
2647A,N,O,04/02/2026 10:34:49 PM
2647B,N,O,04/02/2026 10:56:40 PM
26480A,N,O,04/02/2026 05:16:09 PM
26480B,N,O,04/02/2026 06:59:44 AM
26481B,N,V,04/01/2026 09:37:35 AM
26482A,N,O,04/01/2026 06:57:51 AM
26482B,N,O,04/02/2026 05:08:13 PM
26483A,N,V,04/02/2026 07:19:43 PM
26483B,N,O,04/02/2026 08:43:49 AM
26484A,N,V,04/02/2026 12:27:42 PM
26484B,N,O,04/02/2026 06:24:33 PM
26485A,N,V,04/02/2026 10:28:30 AM
26485B,N,V,04/02/2026 09:34:35 AM
26486A,N,V,04/02/2026 02:53:33 PM
26486B,N,V,04/02/2026 07:55:23 PM
26487B,N,V,04/02/2026 08:11:50 AM
26488A,N,V,04/02/2026 12:56:27 PM
26488B,N,V,04/02/2026 02:19:05 PM
26489A,N,V,04/02/2026 07:41:35 AM
26489B,N,V,04/02/2026 02:29:47 PM
2648A,N,V,04/02/2026 10:56:51 PM
2648B,N,O,04/02/2026 10:32:00 PM
26490A,N,V,04/02/2026 05:16:08 PM
26490B,N,O,04/02/2026 07:23:45 PM
26491A,N,V,04/02/2026 11:44:08 AM
26491B,N,V,04/02/2026 07:27:43 PM
26492A,N,V,04/02/2026 10:37:47 AM
26492B,N,V,04/02/2026 05:50:35 PM
26495A,N,O,04/02/2026 06:59:44 AM
26495B,N,O,04/02/2026 06:59:44 AM
26496A,N,O,04/02/2026 06:58:52 AM
26496B,N,O,04/02/2026 03:18:39 PM
26497A,N,O,04/02/2026 04:22:29 PM
26498A,N,V,04/02/2026 07:14:38 PM
26498B,N,V,04/02/2026 01:31:41 PM
26499A,N,V,04/02/2026 07:22:17 PM
26499B,N,O,04/02/2026 05:15:44 PM
2649A,N,O,04/02/2026 10:37:02 PM
2649B,N,O,04/02/2026 10:12:29 PM
26500A,N,V,04/02/2026 06:12:21 PM
26500B,N,V,04/02/2026 06:12:55 PM
26501A,N,O,04/02/2026 06:35:05 PM
26501B,N,V,04/02/2026 05:32:32 PM
26502A,N,V,04/02/2026 05:23:44 PM
26502B,N,V,04/02/2026 05:43:38 PM
26503A,N,V,04/02/2026 11:00:31 AM
26503B,N,V,04/02/2026 07:48:30 PM
26504A,N,V,04/02/2026 05:39:23 PM
26504B,N,V,04/02/2026 06:17:30 PM
26505A,N,V,04/01/2026 03:36:17 PM
26506A,N,V,04/02/2026 08:50:08 AM
26507A,N,V,04/02/2026 07:21:16 AM
26507B,N,V,04/01/2026 07:55:46 PM
26508A,N,V,04/02/2026 06:46:38 PM
26508B,N,V,04/02/2026 05:24:08 PM
26509A,N,V,04/02/2026 07:59:57 PM
26509B,N,O,04/02/2026 07:46:38 PM
2650A,N,O,04/02/2026 10:18:52 PM
2650B,N,O,04/02/2026 08:06:25 PM
26510A,N,O,04/02/2026 05:44:22 PM
26510B,N,O,04/02/2026 06:04:10 PM
26511A,N,O,04/02/2026 06:50:28 PM
26511B,N,O,04/02/2026 06:47:11 PM
26512A,N,O,04/02/2026 07:57:32 PM
26512B,N,V,04/02/2026 07:08:11 PM
26513A,N,O,04/02/2026 07:50:52 PM
26513B,N,V,04/02/2026 07:52:28 PM
26514A,N,O,04/02/2026 09:51:44 AM
26514B,N,O,04/01/2026 07:57:46 PM
26515A,N,V,04/02/2026 01:46:20 PM
26515B,N,V,04/02/2026 02:03:24 PM
26516A,N,V,04/02/2026 07:23:34 PM
26516B,N,V,04/02/2026 04:14:53 PM
26517B,N,V,04/02/2026 04:58:43 PM
26518A,N,V,07/26/2025 12:10:32 PM
26518B,N,O,04/02/2026 02:44:41 PM
26519A,N,O,04/02/2026 06:29:31 PM
26519B,N,O,04/02/2026 06:11:49 PM
2651A,N,V,01/12/2026 03:30:58 PM
2651B,N,V,04/03/2026 08:17:29 AM
26520A,N,O,04/02/2026 06:44:07 PM
26520B,N,O,04/02/2026 07:08:21 PM
26521A,N,O,04/02/2026 07:24:20 PM
26521B,N,O,04/02/2026 07:16:40 PM
26522A,N,O,04/02/2026 04:22:58 PM
26522B,N,O,04/02/2026 07:03:04 PM
26523A,N,O,04/02/2026 07:18:20 PM
26523B,N,O,04/02/2026 01:41:10 PM
26524A,N,O,04/02/2026 06:52:14 PM
26524B,N,O,04/02/2026 07:54:42 PM
26525A,N,O,04/02/2026 06:02:25 PM
26525B,N,O,04/02/2026 05:41:29 PM
26526A,N,O,04/02/2026 07:37:44 PM
26526B,N,O,04/02/2026 07:58:29 PM
26527A,N,O,04/02/2026 07:12:45 PM
26527B,N,V,04/02/2026 04:28:05 PM
26528B,N,O,04/02/2026 06:10:17 PM
26529A,N,V,04/02/2026 07:04:03 PM
26529B,N,V,04/02/2026 04:12:52 PM
2652A,N,O,04/03/2026 06:57:44 AM
2652B,N,O,04/03/2026 08:17:41 AM
26530A,N,O,04/02/2026 07:59:49 PM
26530B,N,V,04/02/2026 02:34:10 PM
26531A,N,V,04/02/2026 09:03:14 AM
26531B,N,O,04/02/2026 06:58:49 AM
26532A,N,O,04/02/2026 06:58:00 AM
26532B,N,O,04/02/2026 10:53:41 AM
26533A,N,O,04/02/2026 06:34:00 PM
26533B,N,V,04/02/2026 05:58:49 PM
26534A,N,O,04/02/2026 07:26:39 PM
26534B,N,O,04/02/2026 05:38:24 PM
26535A,N,V,04/02/2026 05:17:55 PM
26535B,N,V,04/02/2026 05:17:25 PM
26536A,N,O,04/02/2026 06:28:30 PM
26536B,N,O,04/02/2026 06:58:55 AM
26537A,N,V,04/02/2026 07:41:24 PM
26537B,N,V,04/02/2026 07:37:36 PM
26538A,N,V,04/02/2026 05:20:04 PM
26538B,N,O,04/02/2026 05:27:11 PM
26539A,N,V,04/02/2026 07:56:53 PM
26539B,N,V,04/02/2026 07:57:28 PM
2653A,N,O,04/03/2026 06:56:45 AM
2653B,N,O,04/03/2026 06:56:45 AM
26540A,N,V,04/02/2026 06:26:38 PM
26540B,N,O,04/02/2026 05:28:10 PM
26541A,N,V,04/02/2026 07:00:00 PM
26541B,N,O,04/02/2026 05:17:12 PM
26542A,N,V,04/02/2026 06:15:29 PM
26542B,N,O,04/02/2026 04:27:53 PM
26543A,N,O,04/02/2026 07:02:33 PM
26543B,N,O,04/02/2026 07:12:57 PM
26544A,N,O,04/02/2026 05:41:32 PM
26544B,N,V,04/02/2026 05:33:45 PM
26545B,N,O,04/02/2026 05:07:59 PM
26546B,N,O,04/02/2026 04:19:11 PM
26547A,N,O,04/02/2026 06:57:47 AM
26547B,N,V,04/02/2026 03:37:21 PM
26548A,N,O,04/02/2026 12:44:31 PM
26548B,N,O,04/02/2026 06:22:14 PM
26549A,N,O,04/02/2026 07:17:34 PM
26549B,N,V,04/02/2026 07:51:43 PM
2654A,N,O,04/03/2026 06:55:53 AM
2654B,N,O,04/03/2026 06:56:06 AM
26555A,N,O,04/02/2026 04:57:58 PM
26555B,N,O,04/02/2026 02:53:20 PM
26556A,N,O,04/02/2026 06:11:08 PM
26556B,N,O,04/02/2026 06:00:58 PM
26557A,N,V,04/02/2026 07:33:53 PM
26557B,N,O,04/02/2026 06:16:52 PM
26558A,N,O,04/02/2026 07:03:03 PM
26558B,N,V,04/02/2026 05:31:39 PM
26559A,N,O,04/02/2026 05:21:53 PM
26559B,N,O,04/02/2026 07:05:22 PM
2655A,N,O,04/03/2026 07:54:54 AM
2655B,N,O,04/03/2026 08:17:41 AM
26560A,N,V,04/02/2026 07:52:03 PM
26560B,N,O,04/02/2026 07:50:52 PM
26561A,N,V,04/02/2026 05:08:27 PM
26561B,N,O,04/02/2026 07:06:51 PM
26562A,N,V,04/02/2026 07:55:29 PM
26562B,N,O,04/02/2026 06:41:17 PM
26563A,N,V,04/02/2026 07:21:30 PM
26563B,N,V,04/02/2026 07:43:05 PM
26564A,N,V,04/02/2026 04:39:32 PM
26564B,N,O,04/02/2026 04:56:55 PM
26565A,N,V,04/02/2026 03:46:46 PM
26565B,N,O,04/02/2026 07:21:42 PM
26566A,N,V,04/02/2026 04:18:09 PM
26566B,N,V,04/02/2026 04:17:13 PM
26567A,N,V,04/02/2026 05:06:28 PM
26567B,N,V,04/02/2026 04:20:23 PM
26568A,N,O,04/02/2026 06:18:17 PM
26568B,N,O,04/02/2026 06:27:26 PM
26569A,N,V,04/02/2026 06:45:07 PM
26569B,N,O,04/02/2026 07:37:26 PM
2656A,N,O,04/03/2026 06:58:52 AM
2656B,N,O,04/03/2026 06:58:52 AM
26570A,N,O,04/02/2026 02:28:58 PM
26571A,N,O,04/02/2026 06:32:52 PM
26571B,N,O,04/02/2026 03:46:49 PM
26572A,N,V,04/02/2026 07:40:10 PM
26572B,N,V,04/02/2026 04:55:25 PM
26573B,N,V,04/02/2026 07:01:09 PM
26574A,N,V,04/02/2026 03:21:40 PM
26574B,N,V,04/02/2026 04:36:52 PM
26575A,N,O,04/02/2026 07:52:39 PM
26575B,N,V,04/02/2026 03:01:57 PM
26576A,N,O,04/02/2026 06:55:51 PM
26576B,N,V,04/02/2026 06:57:47 PM
26577A,N,O,04/02/2026 11:54:12 AM
26578A,N,O,04/02/2026 07:12:12 PM
26578B,N,O,04/02/2026 07:01:06 PM
26579A,N,O,04/02/2026 06:42:53 PM
26579B,N,O,04/02/2026 06:47:07 PM
2657A,N,O,04/03/2026 08:17:30 AM
26580A,N,V,04/02/2026 07:55:34 PM
26580B,N,V,04/02/2026 07:31:02 PM
26581A,N,O,04/02/2026 06:33:25 PM
26581B,N,O,04/02/2026 06:52:04 PM
26582A,N,O,04/02/2026 05:51:57 PM
26582B,N,O,04/02/2026 04:44:01 PM
26583A,N,V,04/02/2026 03:08:03 PM
26583B,N,O,04/02/2026 07:31:04 PM
26584A,N,V,04/02/2026 07:45:50 PM
26584B,N,O,04/02/2026 07:42:56 PM
26585A,N,V,04/02/2026 07:50:05 PM
26585B,N,O,04/02/2026 07:12:30 PM
26586A,N,V,04/02/2026 07:53:07 PM
26586B,N,O,04/02/2026 07:48:56 PM
26587A,N,V,04/02/2026 12:44:12 PM
26587B,N,V,04/02/2026 01:26:16 PM
26588A,N,V,04/02/2026 04:38:23 PM
26588B,N,V,04/02/2026 01:01:59 PM
26589A,N,V,04/02/2026 02:55:55 PM
26589B,N,O,04/02/2026 07:55:11 PM
26590A,N,V,04/02/2026 05:44:36 PM
26590B,N,V,04/02/2026 04:52:24 PM
26591B,N,V,04/02/2026 05:23:23 PM
26592A,N,V,04/02/2026 12:57:14 PM
26593A,N,V,04/02/2026 06:15:31 PM
26593B,N,V,04/02/2026 03:28:27 PM
26594A,N,V,04/01/2026 04:56:44 PM
26594B,N,V,04/01/2026 04:57:10 PM
26595A,N,V,04/01/2026 03:45:42 PM
26595B,N,V,04/01/2026 03:41:06 PM
26596A,N,O,04/02/2026 04:24:51 PM
26596B,N,O,04/02/2026 07:51:34 PM
26597A,N,V,04/02/2026 04:19:11 PM
26597B,N,V,04/01/2026 05:37:47 PM
26598A,N,O,04/02/2026 06:55:47 PM
26598B,N,O,04/02/2026 01:01:48 PM
26599A,N,O,04/02/2026 07:48:19 PM
26599B,N,V,04/02/2026 06:58:33 PM
26600A,N,V,04/02/2026 04:55:57 PM
26600B,N,V,04/02/2026 12:57:38 PM
26601A,N,V,04/01/2026 03:38:06 PM
26601B,N,V,04/02/2026 12:53:25 PM
26602A,N,V,04/01/2026 06:16:05 PM
26602B,N,V,04/01/2026 06:16:26 PM
26603A,N,V,04/01/2026 05:36:15 PM
26603B,N,V,04/01/2026 05:42:41 PM
26604A,N,V,04/02/2026 11:06:54 AM
26604B,N,V,03/31/2026 05:21:37 PM
26605A,N,O,03/31/2026 07:36:22 PM
26605B,N,V,03/31/2026 07:16:20 PM
26606A,N,V,04/01/2026 02:00:16 PM
26606B,N,V,04/02/2026 04:40:44 PM
26607A,N,V,04/02/2026 11:05:25 AM
26607B,N,V,04/01/2026 12:53:38 PM
26608A,N,V,04/02/2026 01:10:33 PM
26608B,N,V,04/02/2026 09:09:43 AM
26609B,N,O,04/02/2026 07:02:54 PM
26610A,N,V,04/02/2026 07:57:32 PM
26610B,N,O,04/02/2026 07:49:24 PM
26611A,N,O,04/02/2026 07:22:39 PM
26611B,N,V,04/02/2026 02:49:52 PM
26612A,N,V,04/02/2026 02:11:45 PM
26612B,N,V,04/02/2026 02:54:53 PM
26613A,N,O,04/02/2026 07:33:25 PM
26613B,N,O,04/02/2026 07:10:46 PM
26614A,N,V,04/02/2026 07:29:59 PM
26614B,N,V,04/02/2026 07:30:06 PM
26615A,N,O,04/02/2026 06:42:54 PM
26615B,N,O,04/02/2026 05:59:36 PM
26616A,N,O,04/02/2026 07:15:41 PM
26616B,N,V,04/02/2026 07:26:25 PM
26617A,N,O,04/02/2026 07:12:12 PM
26617B,N,O,04/02/2026 04:37:39 PM
26618B,N,O,04/02/2026 07:59:03 PM
26619A,N,V,04/02/2026 07:16:27 PM
26620A,N,V,04/02/2026 06:43:22 PM
26620B,N,V,04/02/2026 06:41:49 PM
26621A,N,V,04/02/2026 07:56:11 PM
26621B,N,V,04/02/2026 05:16:46 PM
26622B,N,O,04/01/2026 07:53:40 PM
26623A,N,O,04/02/2026 07:17:58 PM
26624A,N,O,04/02/2026 07:59:48 PM
26624B,N,V,04/02/2026 04:07:52 PM
26625A,N,V,04/02/2026 07:29:55 PM
26625B,N,V,04/02/2026 04:06:04 PM
26626A,N,O,04/02/2026 07:17:44 PM
26626B,N,V,04/02/2026 07:37:15 PM
26627A,N,V,04/02/2026 07:59:37 PM
26627B,N,O,04/02/2026 07:13:23 PM
26628A,N,V,04/02/2026 09:22:57 AM
26629A,N,O,04/02/2026 07:57:42 PM
26629B,N,O,04/02/2026 07:34:52 PM
26630A,N,O,04/02/2026 06:44:47 PM
26630B,N,O,04/02/2026 07:30:45 PM
26631A,N,O,04/02/2026 07:39:40 PM
26631B,N,O,04/02/2026 07:01:47 PM
26632A,N,O,04/02/2026 06:06:07 PM
26632B,N,V,04/02/2026 07:56:28 PM
26633A,N,O,04/02/2026 01:01:29 PM
26633B,N,V,04/02/2026 01:00:13 PM
26634A,N,O,04/02/2026 06:55:51 AM
26634B,N,V,04/02/2026 09:42:28 AM
26635B,N,V,04/02/2026 07:31:04 PM
26636A,N,V,04/02/2026 06:43:55 PM
26636B,N,O,04/02/2026 06:58:54 AM
26637A,N,O,04/02/2026 03:59:32 PM
26637B,N,O,04/02/2026 07:12:45 PM
26638A,N,V,04/02/2026 06:54:46 PM
26639A,N,O,04/02/2026 07:49:07 PM
26639B,N,V,04/02/2026 06:52:29 PM
26640A,N,O,04/02/2026 06:59:49 AM
26640B,N,O,04/02/2026 06:59:49 AM
26641A,N,O,04/02/2026 06:58:50 AM
26641B,N,V,04/02/2026 07:41:47 PM
26642A,N,O,04/02/2026 01:43:46 PM
26642B,N,O,04/02/2026 05:08:39 PM
26643A,N,V,04/02/2026 02:56:21 PM
26643B,N,V,04/02/2026 02:56:18 PM
26644A,N,O,04/02/2026 07:25:11 PM
26644B,N,V,04/02/2026 07:25:15 PM
26645A,N,O,04/02/2026 06:59:49 AM
26645B,N,V,04/02/2026 04:19:50 PM
26646A,N,O,04/02/2026 08:00:00 PM
26646B,N,O,04/02/2026 04:38:58 PM
26647A,N,O,04/02/2026 06:57:47 AM
26647B,N,V,04/02/2026 03:56:20 PM
26648A,N,V,04/02/2026 06:30:57 PM
26648B,N,V,04/02/2026 04:27:56 PM
26649B,N,V,04/02/2026 04:52:03 PM
26650A,N,V,04/02/2026 07:58:17 PM
26651A,N,O,04/02/2026 04:44:22 PM
26651B,N,O,04/02/2026 06:58:48 AM
26652A,N,O,04/02/2026 06:57:52 AM
26652B,N,O,04/02/2026 06:39:29 PM
26653A,N,V,04/02/2026 04:23:24 PM
26653B,N,O,04/02/2026 07:34:17 PM
26654A,N,V,04/02/2026 02:42:12 PM
26654B,N,V,04/02/2026 02:43:17 PM
26655A,N,V,04/02/2026 08:49:38 AM
26655B,N,V,04/02/2026 04:35:53 PM
26656B,N,V,03/31/2026 09:34:44 AM
26657A,N,V,04/02/2026 07:39:53 PM
26657B,N,V,04/02/2026 07:59:59 PM
26658A,N,V,04/02/2026 07:12:26 PM
26658B,N,V,04/02/2026 07:12:46 PM
26659A,N,V,04/02/2026 07:20:36 PM
26659B,N,V,04/02/2026 06:57:22 PM
26660A,N,V,04/02/2026 05:03:09 PM
26660B,N,O,04/02/2026 08:00:00 PM
26661A,N,V,04/02/2026 04:55:17 PM
26661B,N,V,04/02/2026 05:11:28 PM
26662A,N,V,04/02/2026 03:53:25 PM
26662B,N,V,04/02/2026 07:13:20 PM
26663A,N,O,04/02/2026 07:30:54 PM
26665A,N,O,04/02/2026 07:38:03 PM
26665B,N,O,04/02/2026 07:37:22 PM
26666A,N,O,04/02/2026 07:13:06 PM
26666B,N,O,04/02/2026 07:59:10 PM
26667A,N,V,04/02/2026 07:55:03 PM
26667B,N,O,04/02/2026 06:57:51 AM
26668A,N,O,04/02/2026 07:44:16 PM
26668B,N,V,04/02/2026 07:27:34 PM
26669A,N,O,04/02/2026 07:31:17 PM
26669B,N,O,04/02/2026 07:43:46 PM
2666A,N,O,04/02/2026 11:47:41 PM
2666B,N,V,04/02/2026 09:21:45 PM
26671A,N,O,04/02/2026 06:58:47 AM
26671B,N,O,04/02/2026 05:25:57 PM
26672A,N,O,04/02/2026 06:16:27 PM
26672B,N,O,04/02/2026 06:48:23 PM
26673A,N,O,04/02/2026 05:29:24 PM
26673B,N,O,04/02/2026 04:27:28 PM
26674A,N,O,04/02/2026 03:18:05 PM
26674B,N,O,04/02/2026 06:08:04 PM
26675A,N,O,04/02/2026 05:38:38 PM
26675B,N,O,04/02/2026 05:31:07 PM
26676A,N,O,04/02/2026 04:24:48 PM
26676B,N,O,04/02/2026 05:33:22 PM
26677A,N,O,04/02/2026 03:41:16 PM
26677B,N,O,04/02/2026 05:41:32 PM
26678A,N,O,04/02/2026 06:23:32 PM
26678B,N,O,04/02/2026 07:16:05 PM
26679A,N,O,04/02/2026 06:28:36 PM
26679B,N,O,04/02/2026 06:27:04 PM
2667A,N,V,04/02/2026 10:11:31 PM
2667B,N,O,04/02/2026 11:41:31 PM
26680A,N,O,04/02/2026 01:58:21 PM
26680B,N,O,04/02/2026 03:03:41 PM
26681A,N,O,04/02/2026 04:37:25 PM
26681B,N,O,04/02/2026 04:54:42 PM
26682A,N,O,04/02/2026 05:51:24 PM
26682B,N,O,04/02/2026 07:57:50 AM
26683B,N,O,04/02/2026 05:02:12 PM
26684A,N,O,04/02/2026 04:17:11 PM
26684B,N,O,04/02/2026 05:18:26 PM
26685A,N,O,04/02/2026 05:50:43 PM
26685B,N,O,04/02/2026 05:58:37 PM
26686A,N,O,04/02/2026 06:05:08 PM
26686B,N,O,04/02/2026 06:05:08 PM
26687A,N,O,04/02/2026 05:59:56 PM
26687B,N,O,04/02/2026 05:59:36 PM
26688A,N,O,04/02/2026 06:03:55 PM
26688B,N,O,04/02/2026 12:47:40 PM
26689A,N,O,04/02/2026 05:54:05 PM
26689B,N,O,04/02/2026 05:56:37 PM
2668A,N,V,04/02/2026 09:24:27 PM
2668B,N,V,04/02/2026 10:31:39 PM
26690A,N,O,04/02/2026 05:59:47 PM
26690B,N,O,04/02/2026 05:25:06 PM
26691A,N,O,04/02/2026 02:58:47 PM
26691B,N,O,04/02/2026 03:45:28 PM
26692A,N,O,04/02/2026 03:58:45 PM
26692B,N,O,04/02/2026 03:10:09 PM
26693A,N,O,04/02/2026 03:40:43 PM
26693B,N,O,04/02/2026 05:25:15 PM
26694A,N,O,04/02/2026 03:18:34 PM
26694B,N,V,04/02/2026 11:09:56 AM
26699A,N,O,04/02/2026 08:40:36 AM
26699B,N,O,04/02/2026 06:16:39 PM
2669A,N,V,04/02/2026 11:14:23 PM
26700A,N,O,04/02/2026 07:05:07 PM
26700B,N,O,04/02/2026 07:04:24 PM
26701A,N,O,04/02/2026 09:53:52 AM
26701B,N,O,04/02/2026 07:09:11 PM
26702A,N,O,04/02/2026 06:39:08 PM
26702B,N,O,04/02/2026 05:11:39 PM
26703A,N,O,04/02/2026 05:57:21 PM
26703B,N,O,04/02/2026 07:43:24 PM
26704A,N,O,04/02/2026 07:55:09 PM
26704B,N,O,04/02/2026 06:15:55 PM
26705A,N,V,04/02/2026 07:07:08 AM
26705B,N,O,04/02/2026 07:38:27 PM
26706A,N,O,04/02/2026 07:59:53 PM
26706B,N,V,04/02/2026 09:50:58 AM
26707A,N,O,04/02/2026 05:46:19 PM
26707B,N,V,04/02/2026 03:31:52 PM
26708A,N,V,04/02/2026 06:56:36 PM
26709B,N,V,04/02/2026 03:50:22 PM
26710A,N,O,04/02/2026 07:17:45 PM
26710B,N,V,04/02/2026 02:00:56 PM
26711A,N,V,04/02/2026 08:49:24 AM
26711B,N,V,04/02/2026 12:02:31 PM
26712A,N,O,04/02/2026 02:09:33 PM
26712B,N,V,04/02/2026 01:18:08 PM
26713A,N,V,04/02/2026 09:25:49 AM
26714A,N,O,04/02/2026 07:00:30 PM
26714B,N,V,04/02/2026 07:00:30 PM
26715A,N,V,04/02/2026 01:01:51 PM
26715B,N,V,04/02/2026 01:57:56 PM
26716A,N,V,04/02/2026 07:51:02 AM
26716B,N,V,04/02/2026 06:52:13 PM
26717A,N,V,04/02/2026 10:54:09 AM
26717B,N,O,04/02/2026 06:57:50 AM
26718A,N,O,04/02/2026 07:28:29 PM
26718B,N,O,04/02/2026 06:55:02 PM
26719A,N,O,04/02/2026 06:24:36 PM
26719B,N,O,04/02/2026 07:37:37 PM
2671A,N,V,04/02/2026 11:59:53 PM
2671B,N,V,04/02/2026 09:36:22 PM
26720A,N,O,04/02/2026 07:59:25 PM
26720B,N,V,04/02/2026 08:01:35 AM
26721A,N,V,04/02/2026 07:52:51 AM
26721B,N,V,04/02/2026 09:01:37 AM
26722B,N,V,04/02/2026 09:50:40 AM
26723A,N,V,04/02/2026 01:38:55 PM
26723B,N,V,04/02/2026 01:38:55 PM
26724A,N,O,04/02/2026 04:49:03 PM
26724B,N,O,04/02/2026 03:51:22 PM
26725A,N,V,04/01/2026 02:31:25 PM
26725B,N,V,04/02/2026 01:41:43 PM
26726A,N,O,04/02/2026 07:28:31 PM
26726B,N,O,04/02/2026 07:46:24 PM
26727A,N,O,04/02/2026 07:51:04 PM
26727B,N,O,04/02/2026 07:49:59 PM
26728A,N,V,04/02/2026 07:58:49 PM
26728B,N,O,04/02/2026 07:43:01 PM
26729A,N,V,04/02/2026 07:59:43 PM
26729B,N,O,04/02/2026 07:59:31 PM
2672A,N,O,04/02/2026 11:58:57 PM
2672B,N,O,04/02/2026 11:58:35 PM
26730A,N,V,04/02/2026 06:10:17 PM
26730B,N,O,04/02/2026 06:49:57 PM
26731A,N,V,04/02/2026 07:57:44 PM
26731B,N,O,04/02/2026 06:22:19 PM
26732A,N,O,04/02/2026 07:59:22 PM
26732B,N,O,04/02/2026 06:19:39 PM
26733B,N,O,04/02/2026 07:59:38 PM
26734A,N,O,04/02/2026 07:59:04 PM
26734B,N,O,04/02/2026 07:59:43 PM
26735A,N,O,04/02/2026 07:59:46 PM
26735B,N,V,04/02/2026 05:30:48 PM
26736A,N,V,04/02/2026 05:31:20 PM
26736B,N,V,04/02/2026 07:59:21 PM
26737A,N,O,04/02/2026 07:47:47 PM
26737B,N,O,04/02/2026 11:50:42 AM
26738A,N,V,04/02/2026 07:51:13 PM
26738B,N,O,04/02/2026 07:58:48 PM
26739A,N,O,04/02/2026 06:42:39 PM
26739B,N,O,04/02/2026 04:49:55 PM
2673B,N,O,04/02/2026 08:28:06 PM
26740A,N,V,04/02/2026 04:23:26 PM
26740B,N,O,04/02/2026 07:51:14 PM
26741B,N,O,04/02/2026 05:05:00 PM
2674A,N,O,04/02/2026 07:04:35 PM
2674B,N,O,04/02/2026 11:59:54 PM
2675A,N,V,04/02/2026 11:51:31 PM
2675B,N,V,04/02/2026 11:08:25 PM
26761B,N,O,04/02/2026 06:58:49 AM
26762A,N,O,04/02/2026 06:47:07 PM
26762B,N,O,04/02/2026 07:59:39 PM
26763A,N,O,04/02/2026 07:57:24 PM
26763B,N,V,04/02/2026 06:35:38 PM
26764A,N,V,04/02/2026 10:19:59 AM
26764B,N,V,04/01/2026 07:01:14 PM
26765A,N,O,04/02/2026 01:43:34 PM
26765B,N,V,04/02/2026 06:42:06 PM
26766A,N,O,04/02/2026 02:11:28 PM
26766B,N,V,04/02/2026 02:58:00 PM
26767A,N,V,04/02/2026 07:49:06 PM
26767B,N,V,04/02/2026 02:12:11 PM
26768A,N,V,04/02/2026 07:27:35 AM
26768B,N,V,04/02/2026 05:59:27 PM
26769A,N,V,04/02/2026 07:58:12 PM
26769B,N,V,04/01/2026 07:14:18 PM
2676A,N,O,04/02/2026 10:16:04 PM
2676B,N,V,04/02/2026 11:16:10 PM
26770B,N,O,04/02/2026 06:59:46 AM
26771A,N,V,04/02/2026 09:46:41 AM
26771B,N,O,04/02/2026 07:43:05 PM
26772A,N,O,04/02/2026 05:59:32 PM
26772B,N,V,04/02/2026 07:59:34 PM
26773A,N,O,04/02/2026 07:54:40 PM
26773B,N,V,04/02/2026 07:08:08 PM
2677A,N,V,04/02/2026 11:57:51 PM
2677B,N,V,04/02/2026 10:13:05 PM
26780B,N,V,04/02/2026 07:59:18 PM
26781A,N,O,04/02/2026 07:51:41 PM
26781B,N,O,04/02/2026 07:54:06 PM
26782A,N,O,04/02/2026 07:33:42 PM
26782B,N,V,04/02/2026 12:42:18 PM
26783A,N,V,04/02/2026 05:16:59 PM
26783B,N,V,03/31/2026 03:45:59 PM
26784A,N,V,04/02/2026 03:27:10 PM
26784B,N,V,04/02/2026 03:11:43 PM
26785A,N,V,04/02/2026 07:59:53 PM
26785B,N,O,04/02/2026 07:30:27 PM
26786A,N,V,04/02/2026 01:23:23 PM
26786B,N,V,04/01/2026 01:52:37 PM
26787A,N,V,04/02/2026 01:38:04 PM
26787B,N,O,04/02/2026 07:36:39 PM
26788A,N,V,04/02/2026 01:53:50 PM
26788B,N,O,04/01/2026 06:42:13 PM
26789A,N,V,04/02/2026 03:01:15 PM
26789B,N,O,04/02/2026 07:27:25 PM
2678A,N,O,04/02/2026 11:45:10 PM
2678B,N,V,04/02/2026 10:29:44 PM
26790A,N,O,04/02/2026 07:43:14 PM
26790B,N,O,04/02/2026 07:11:06 PM
26791A,N,O,04/02/2026 07:27:50 PM
26791B,N,V,04/02/2026 02:56:06 PM
26792A,N,V,04/02/2026 06:57:12 PM
26792B,N,V,04/01/2026 02:25:24 PM
26793A,N,O,04/02/2026 07:50:41 PM
26793B,N,V,04/02/2026 01:34:50 PM
26794A,N,V,04/02/2026 02:35:15 PM
26794B,N,V,04/02/2026 02:28:28 PM
26795A,N,V,04/01/2026 02:55:37 PM
26796A,N,V,04/01/2026 03:49:15 PM
26796B,N,V,04/02/2026 09:35:38 AM
26797A,N,V,04/02/2026 07:24:11 PM
26797B,N,V,04/02/2026 04:39:54 PM
26798A,N,V,04/02/2026 07:24:46 PM
26798B,N,V,04/02/2026 05:26:03 PM
26799A,N,O,04/02/2026 07:22:54 PM
26799B,N,O,04/02/2026 07:23:46 PM
2679A,N,V,04/02/2026 10:16:00 PM
2679B,N,V,04/02/2026 11:45:38 PM
26800B,N,O,04/02/2026 07:10:27 PM
26801A,N,V,04/02/2026 06:18:47 PM
26801B,N,V,04/02/2026 06:43:32 PM
26802A,N,O,04/02/2026 07:33:05 PM
26802B,N,V,04/02/2026 05:07:53 PM
26803A,N,V,04/02/2026 06:22:42 PM
26803B,N,V,04/02/2026 07:58:43 PM
26804A,N,O,04/02/2026 07:44:48 PM
26804B,N,O,04/02/2026 04:23:23 PM
26805A,N,V,04/02/2026 06:55:33 PM
26805B,N,O,04/02/2026 06:59:54 AM
26806A,N,O,04/02/2026 07:59:55 PM
26806B,N,O,04/02/2026 07:52:23 PM
26807A,N,V,04/02/2026 02:09:06 PM
26807B,N,V,04/02/2026 07:59:59 PM
26808A,N,V,04/02/2026 05:00:46 PM
26808B,N,O,04/02/2026 04:35:09 PM
26809A,N,V,04/02/2026 07:38:27 PM
26809B,N,O,04/02/2026 07:41:48 PM
26810A,N,O,04/02/2026 07:25:50 PM
26810B,N,O,04/02/2026 07:24:04 PM
26863A,N,O,04/02/2026 07:44:12 PM
26863B,N,O,04/02/2026 07:58:31 PM
26864A,N,V,04/02/2026 07:22:58 PM
26864B,N,O,04/02/2026 06:55:48 AM
26865A,N,V,04/02/2026 05:45:31 PM
26865B,N,V,04/02/2026 05:04:22 PM
26866B,N,O,04/02/2026 07:00:35 PM
26867A,N,V,04/01/2026 05:08:07 PM
26867B,N,V,04/02/2026 07:47:10 PM
26868A,N,V,04/02/2026 07:47:23 PM
26868B,N,V,04/02/2026 10:01:39 AM
26869A,N,V,04/02/2026 07:59:25 AM
26869B,N,V,04/02/2026 07:37:44 AM
26870A,N,V,04/02/2026 08:01:37 AM
26870B,N,V,04/01/2026 07:20:21 PM
26871A,N,V,04/02/2026 05:42:26 PM
26871B,N,V,04/02/2026 05:49:43 PM
26872B,N,O,04/02/2026 06:44:55 PM
26873A,N,V,04/02/2026 09:24:59 AM
26873B,N,V,04/02/2026 06:57:19 AM
26874A,N,V,04/01/2026 09:06:02 AM
26874B,N,O,04/01/2026 05:53:28 PM
26875B,N,V,04/02/2026 11:16:10 AM
26876A,N,V,04/02/2026 07:47:41 PM
26876B,N,V,04/02/2026 02:06:10 PM
26877A,N,V,04/02/2026 07:59:59 PM
26877B,N,V,04/02/2026 02:06:35 PM
26878A,N,V,04/02/2026 07:25:55 AM
26878B,N,V,04/02/2026 03:46:26 PM
26879A,N,O,04/02/2026 07:50:56 PM
26879B,N,V,04/02/2026 04:26:15 PM
26880A,N,V,04/02/2026 05:39:29 PM
26880B,N,V,04/02/2026 05:38:28 PM
26881A,N,V,04/02/2026 05:31:53 PM
26881B,N,V,04/02/2026 05:30:12 PM
26882B,N,V,04/02/2026 05:25:04 PM
26883A,N,V,04/02/2026 05:12:09 PM
26883B,N,V,04/02/2026 05:17:37 PM
26884A,N,V,04/02/2026 05:20:38 PM
26884B,N,V,04/02/2026 07:23:11 PM
26885A,N,V,04/02/2026 02:01:53 PM
26885B,N,V,04/02/2026 06:17:46 PM
26886A,N,V,04/02/2026 05:54:33 PM
26886B,N,V,04/02/2026 12:48:59 PM
26887A,N,V,04/02/2026 05:03:07 PM
26887B,N,O,04/02/2026 06:01:18 PM
26888A,N,V,04/02/2026 04:41:57 PM
26888B,N,V,04/02/2026 04:41:57 PM
26889A,N,V,03/31/2026 07:49:30 AM
26889B,N,V,04/02/2026 06:40:25 PM
26890A,N,O,04/02/2026 06:08:58 PM
26890B,N,V,04/02/2026 06:19:41 PM
26891A,N,V,04/02/2026 02:27:59 PM
26891B,N,O,04/02/2026 07:57:43 PM
26892A,N,V,04/02/2026 11:58:42 AM
26892B,N,V,04/02/2026 12:02:20 PM
26893A,N,V,04/02/2026 07:27:27 AM
26893B,N,V,04/02/2026 08:49:06 AM
26894A,N,O,04/02/2026 07:33:29 PM
26895B,N,V,04/02/2026 05:16:43 PM
26896A,N,V,04/02/2026 11:05:03 AM
26896B,N,V,04/02/2026 06:05:59 PM
26897A,N,V,04/02/2026 12:43:33 PM
26897B,N,V,04/02/2026 08:10:10 AM
26898A,N,O,04/02/2026 05:26:12 PM
26898B,N,V,04/02/2026 07:50:15 AM
26899A,N,O,04/02/2026 06:30:23 PM
26899B,N,V,04/02/2026 05:21:31 PM
26900A,N,V,04/02/2026 05:29:54 PM
26900B,N,V,04/02/2026 07:00:27 PM
26901A,N,O,04/02/2026 07:00:11 PM
26901B,N,V,04/02/2026 05:13:49 PM
26902A,N,O,04/02/2026 05:50:46 PM
26902B,N,V,04/02/2026 11:04:32 AM
26903A,N,V,04/02/2026 06:19:56 PM
26903B,N,V,04/02/2026 02:03:17 PM
26904A,N,V,04/02/2026 08:13:57 AM
26905A,N,O,04/02/2026 04:21:24 PM
26905B,N,O,04/02/2026 07:11:53 PM
26906A,N,O,04/02/2026 07:43:16 PM
26906B,N,O,04/02/2026 05:57:12 PM
26907A,N,O,04/02/2026 07:30:45 PM
26907B,N,O,04/02/2026 06:43:55 PM
26908A,N,O,04/02/2026 06:29:25 PM
26908B,N,O,04/02/2026 05:53:16 PM
26909A,N,O,04/02/2026 07:35:12 PM
26909B,N,O,04/02/2026 07:38:23 PM
26910A,N,O,04/02/2026 06:39:30 PM
26910B,N,O,04/02/2026 06:59:07 PM
26911A,N,O,04/02/2026 07:17:35 PM
26911B,N,O,04/02/2026 07:05:10 PM
26912A,N,O,04/02/2026 06:27:25 PM
26912B,N,O,04/02/2026 07:40:34 PM
26913A,N,O,04/02/2026 07:12:38 PM
26913B,N,O,04/02/2026 07:22:26 PM
26914A,N,O,04/02/2026 07:19:05 PM
26914B,N,O,04/02/2026 07:32:26 PM
26915A,N,O,04/02/2026 07:46:56 AM
26915B,N,O,04/02/2026 07:19:03 PM
26916A,N,O,04/02/2026 04:56:33 PM
26916B,N,O,04/02/2026 02:01:12 PM
26917A,N,O,04/02/2026 06:23:43 PM
26917B,N,O,04/02/2026 05:50:38 PM
26918A,N,O,04/02/2026 06:51:21 PM
26918B,N,O,04/02/2026 05:09:08 PM
26919A,N,O,04/02/2026 04:52:07 PM
26919B,N,O,04/02/2026 06:24:42 PM
26920A,N,O,04/02/2026 06:07:24 PM
26920B,N,O,04/02/2026 05:43:20 PM
26921A,N,O,04/02/2026 07:15:30 PM
26921B,N,O,04/02/2026 07:52:43 PM
26922A,N,O,04/02/2026 10:54:02 AM
26922B,N,O,04/02/2026 07:32:52 PM
26923A,N,O,04/02/2026 07:43:05 PM
26923B,N,O,04/02/2026 07:49:44 PM
26924A,N,O,04/02/2026 06:03:37 PM
26924B,N,O,04/02/2026 07:18:13 PM
26925A,N,O,04/02/2026 07:04:06 PM
26925B,N,O,04/02/2026 06:04:57 PM
26926A,N,O,04/02/2026 07:09:04 PM
26926B,N,O,04/02/2026 06:44:37 PM
26927A,N,O,04/02/2026 06:32:05 PM
26928A,N,O,04/02/2026 06:21:57 PM
26928B,N,O,04/02/2026 07:01:32 PM
26929A,N,O,04/02/2026 06:18:25 PM
26929B,N,O,04/02/2026 06:33:27 PM
26930A,N,O,04/02/2026 06:28:20 PM
26930B,N,O,04/02/2026 06:37:24 PM
26931A,N,O,04/02/2026 05:32:36 PM
26931B,N,O,04/02/2026 06:23:17 PM
26932A,N,O,04/02/2026 07:57:30 PM
26932B,N,V,04/02/2026 07:57:30 PM
26933A,N,O,04/02/2026 06:03:22 PM
26933B,N,O,04/02/2026 05:39:43 PM
26934A,N,O,04/02/2026 05:06:32 PM
26934B,N,O,04/02/2026 08:00:02 PM
26935A,N,O,04/02/2026 07:58:42 PM
26935B,N,V,04/02/2026 07:59:05 PM
26936A,N,O,04/02/2026 10:09:15 AM
26936B,N,O,04/02/2026 07:59:05 PM
26937A,N,O,04/02/2026 04:06:54 PM
26937B,N,O,04/02/2026 06:31:50 PM
26938B,N,O,04/02/2026 07:59:10 PM
26939A,N,O,04/02/2026 07:58:02 PM
26939B,N,O,04/02/2026 07:24:32 PM
26941A,NU,V,03/17/2026 09:50:57 AM
26941B,NU,O,03/17/2026 09:59:32 AM
26942A,NU,V,03/16/2026 01:35:33 PM
26942B,NU,V,03/17/2026 09:58:03 AM
26943A,NU,V,03/17/2026 09:47:18 AM
26943B,NU,V,03/17/2026 08:23:00 AM
26944A,N,O,04/02/2026 05:36:03 PM
26944B,N,O,04/02/2026 06:55:45 AM
26945A,N,O,04/02/2026 05:16:30 PM
26945B,N,O,04/02/2026 07:19:15 PM
26946A,NU,O,03/17/2026 09:51:32 AM
26946B,NU,V,03/17/2026 09:54:59 AM
26947A,N,O,04/02/2026 07:06:17 PM
26947B,N,O,04/02/2026 05:31:54 PM
26948A,N,O,04/02/2026 07:56:23 PM
26948B,N,V,04/02/2026 05:35:32 PM
26949A,N,O,04/02/2026 07:16:44 PM
26949B,N,O,04/02/2026 07:05:09 PM
26950A,N,V,04/02/2026 07:56:37 PM
26950B,N,V,04/02/2026 07:51:59 PM
26951A,N,V,04/02/2026 07:57:37 PM
26951B,N,V,04/02/2026 06:28:23 PM
26952A,N,V,04/02/2026 07:58:42 PM
26952B,N,V,04/02/2026 07:45:14 PM
26953A,N,O,04/02/2026 05:20:56 PM
26953B,N,O,04/02/2026 07:54:02 PM
26B,NU,O,01/05/2026 10:58:48 AM
27001A,N,O,04/02/2026 07:58:52 AM
27003A,N,O,04/02/2026 07:56:48 AM
27003B,N,O,04/02/2026 03:37:23 PM
27004A,N,O,04/02/2026 07:05:52 PM
27004B,N,O,04/02/2026 11:48:46 AM
27005A,N,O,04/02/2026 08:04:29 AM
27005B,N,O,04/02/2026 03:34:23 PM
27006A,N,O,04/02/2026 07:58:50 AM
27006B,N,O,04/02/2026 07:58:43 AM
27007A,N,O,04/02/2026 07:57:40 AM
27007B,N,O,04/02/2026 08:01:27 AM
27008A,N,O,04/02/2026 05:49:37 PM
27008B,N,O,04/02/2026 07:56:51 AM
27011A,N,O,04/02/2026 08:45:20 AM
27011B,N,O,04/02/2026 08:56:09 AM
27012A,N,O,04/02/2026 02:14:46 PM
27012B,N,O,04/02/2026 07:57:54 AM
27013A,N,O,04/02/2026 07:56:40 AM
27013B,N,O,04/02/2026 05:24:44 PM
27014A,N,O,04/02/2026 12:45:04 PM
27014B,N,O,04/01/2026 12:02:41 PM
27015B,N,V,04/02/2026 11:03:54 AM
27016A,N,O,04/02/2026 04:23:42 PM
27016B,N,O,04/02/2026 10:37:48 AM
27017A,N,O,04/02/2026 10:09:38 AM
27017B,N,O,04/02/2026 07:57:49 AM
27018A,N,O,04/02/2026 07:56:53 AM
27018B,N,O,04/02/2026 04:28:47 PM
27020A,N,O,04/02/2026 07:59:50 AM
27020B,N,O,04/02/2026 07:59:50 AM
27021A,N,O,04/02/2026 01:30:20 PM
27021B,N,O,04/02/2026 02:25:46 PM
27022A,N,O,04/02/2026 06:57:50 AM
27022B,N,O,04/02/2026 06:57:50 AM
27023A,N,V,04/02/2026 10:13:54 AM
27023B,N,O,04/02/2026 06:56:50 AM
27024A,N,O,04/02/2026 05:56:42 PM
27025A,N,O,04/02/2026 06:59:53 AM
27025B,N,O,04/02/2026 10:20:41 AM
27026A,N,O,04/02/2026 06:58:43 AM
27026B,N,O,04/02/2026 06:31:08 PM
27027A,N,O,04/02/2026 03:13:19 PM
27027B,N,O,04/02/2026 05:23:55 PM
27028A,N,O,04/02/2026 06:09:46 PM
27028B,N,O,04/02/2026 06:36:48 PM
27029A,N,O,04/02/2026 06:20:41 PM
27029B,N,O,04/02/2026 05:56:00 PM
27030A,N,O,04/02/2026 06:59:52 AM
27030B,N,O,04/02/2026 06:33:16 PM
27031A,N,O,04/02/2026 06:33:53 PM
27031B,N,O,04/02/2026 06:38:03 PM
27032A,N,O,04/02/2026 06:20:30 PM
27032B,N,O,04/02/2026 02:01:40 PM
27033A,N,O,04/02/2026 04:32:13 PM
27033B,N,O,04/02/2026 06:30:35 PM
27034A,N,O,04/02/2026 06:55:52 AM
27034B,N,O,04/02/2026 01:25:58 PM
27035A,N,O,04/02/2026 08:47:09 AM
27035B,N,O,04/02/2026 01:46:44 PM
27036A,N,O,04/02/2026 05:04:04 PM
27036B,N,O,04/02/2026 08:19:22 AM
27037A,N,O,04/02/2026 11:27:11 AM
27037B,N,O,04/02/2026 06:13:20 PM
27038A,N,O,04/02/2026 08:26:50 AM
27038B,N,O,04/02/2026 07:47:52 PM
27039B,N,O,04/02/2026 01:16:56 PM
27040A,N,O,04/02/2026 05:33:42 PM
27040B,N,O,04/02/2026 05:57:34 PM
27041A,N,O,04/02/2026 03:10:11 PM
27041B,N,O,04/02/2026 11:12:26 AM
27042A,N,O,04/02/2026 07:03:30 PM
27042B,N,O,04/02/2026 04:02:33 PM
27043A,N,O,04/02/2026 07:20:51 PM
27043B,N,O,04/02/2026 05:47:57 PM
27044A,N,O,04/02/2026 10:57:48 AM
27044B,N,O,04/02/2026 07:22:21 PM
27045A,N,O,04/02/2026 03:57:48 PM
27046A,N,O,04/02/2026 06:52:29 PM
27046B,N,V,04/02/2026 07:51:44 PM
27047A,N,O,04/02/2026 06:26:35 PM
27047B,N,O,04/02/2026 07:48:54 PM
27048A,N,O,04/02/2026 06:30:03 PM
27048B,N,O,04/02/2026 07:18:49 PM
27049A,N,O,04/02/2026 03:12:34 PM
27049B,N,O,04/02/2026 04:55:24 PM
27050A,N,O,04/02/2026 06:39:16 PM
27050B,N,O,04/02/2026 06:20:32 PM
27051A,N,O,04/02/2026 07:20:32 PM
27051B,N,O,04/02/2026 07:21:04 PM
27052A,N,O,04/02/2026 05:06:36 PM
27052B,N,O,04/02/2026 06:01:25 PM
27053A,N,O,04/02/2026 07:20:51 PM
27053B,N,O,04/02/2026 04:42:48 PM
27054A,N,O,04/02/2026 06:10:14 PM
27054B,N,O,04/02/2026 07:10:15 PM
27055A,N,O,04/02/2026 04:45:41 PM
27055B,N,O,04/02/2026 04:45:37 PM
27056A,N,O,04/02/2026 03:56:02 PM
27057A,N,O,04/02/2026 07:08:37 PM
27057B,N,O,04/02/2026 02:24:51 PM
27058B,N,O,04/02/2026 05:14:03 PM
27060A,N,O,04/02/2026 05:59:49 PM
27060B,N,V,04/02/2026 07:31:35 PM
27061A,N,O,04/02/2026 04:58:33 PM
27061B,N,O,04/02/2026 03:55:13 PM
27062A,N,O,04/02/2026 03:38:20 PM
27062B,N,O,04/02/2026 02:47:24 PM
27063A,N,O,04/02/2026 06:36:23 PM
27063B,N,O,04/02/2026 02:56:26 PM
27064A,N,O,04/02/2026 03:02:46 PM
27065B,N,O,04/02/2026 07:52:17 PM
27066A,N,O,04/02/2026 06:59:14 PM
27066B,N,O,04/02/2026 04:30:57 PM
27067A,N,O,04/02/2026 04:19:49 PM
27067B,N,O,04/02/2026 05:22:30 PM
27068A,N,O,04/02/2026 12:28:58 PM
27068B,N,O,04/02/2026 07:57:30 AM
27069B,N,O,04/02/2026 07:55:50 AM
27070A,N,O,04/02/2026 03:19:32 PM
27070B,N,O,04/02/2026 05:55:22 PM
27071B,N,O,04/02/2026 05:38:00 PM
27072A,N,O,04/02/2026 06:57:52 AM
27072B,N,O,04/02/2026 07:47:30 PM
27073A,N,O,04/02/2026 07:40:37 PM
27073B,N,O,04/02/2026 08:28:25 AM
27074A,N,O,04/02/2026 07:07:02 PM
27074B,N,O,04/02/2026 07:11:14 PM
27075A,N,O,04/02/2026 09:40:33 AM
27075B,N,O,04/02/2026 07:38:27 PM
27076A,N,O,04/02/2026 05:03:30 PM
27076B,N,O,04/02/2026 07:33:31 PM
27077A,N,O,04/02/2026 07:41:07 PM
27078A,N,O,04/02/2026 03:03:23 PM
27078B,N,O,04/02/2026 03:51:33 PM
27079A,N,O,04/02/2026 08:09:43 AM
27079B,N,O,04/02/2026 06:59:12 PM
27080B,N,O,04/02/2026 11:43:54 AM
27081A,N,O,04/02/2026 06:58:52 AM
27082A,N,O,04/02/2026 12:46:39 PM
27082B,N,O,04/02/2026 08:53:16 AM
27083A,N,O,04/02/2026 03:06:02 PM
27083B,N,O,04/02/2026 07:39:49 PM
27084A,N,O,04/02/2026 10:53:30 AM
27084B,N,O,04/01/2026 06:55:49 AM
27085A,N,O,04/02/2026 04:41:42 PM
27085B,N,O,04/02/2026 09:13:21 AM
27086B,N,O,04/02/2026 06:58:53 AM
27087A,N,O,04/02/2026 07:47:10 PM
27087B,N,O,04/02/2026 07:49:54 PM
27088A,N,O,04/02/2026 05:28:12 PM
27088B,N,O,04/02/2026 07:36:30 PM
27089A,N,O,04/02/2026 05:03:05 PM
27089B,N,O,04/02/2026 07:41:56 PM
27090A,N,O,04/02/2026 02:22:23 PM
27090B,N,O,04/02/2026 06:54:49 PM
27091B,N,O,04/02/2026 03:58:44 PM
27092A,N,O,04/02/2026 03:01:40 PM
27092B,N,O,04/02/2026 05:30:05 PM
27093A,N,O,04/02/2026 02:48:38 PM
27093B,N,O,04/02/2026 07:39:16 PM
27094B,N,O,04/02/2026 04:29:32 PM
27095A,N,O,04/02/2026 04:59:02 PM
27096A,N,O,04/02/2026 08:18:23 AM
27096B,N,O,04/02/2026 07:39:21 PM
27097A,N,O,04/02/2026 09:48:10 AM
27097B,N,O,04/02/2026 07:37:56 PM
27098A,N,O,04/02/2026 05:21:54 PM
27099A,N,O,04/02/2026 04:22:04 PM
27099B,N,O,04/02/2026 07:48:10 PM
27100A,N,O,04/02/2026 01:33:25 PM
27100B,N,O,04/02/2026 07:18:03 PM
27101A,N,O,04/02/2026 04:33:09 PM
27101B,N,O,04/02/2026 11:30:00 AM
27102A,N,O,04/02/2026 02:28:11 PM
27102B,N,O,04/02/2026 05:54:34 PM
27103A,NU,O,04/02/2026 12:59:48 PM
27103B,NU,O,04/02/2026 02:27:35 PM
27104B,N,O,04/02/2026 07:24:02 PM
27105A,N,O,04/02/2026 10:52:36 AM
27105B,N,O,04/02/2026 06:56:12 PM
27106A,N,O,04/02/2026 06:19:32 PM
27106B,N,O,04/02/2026 03:45:26 PM
27107A,N,O,04/02/2026 05:41:46 PM
27107B,N,O,04/02/2026 07:48:07 PM
27108A,N,O,04/02/2026 02:43:47 PM
27109A,N,O,04/02/2026 06:21:13 PM
27109B,N,O,04/02/2026 03:36:57 PM
27110A,N,O,04/02/2026 06:40:10 PM
27110B,N,O,04/02/2026 04:22:26 PM
27111A,N,O,04/02/2026 05:08:09 PM
27111B,N,O,04/02/2026 08:03:54 AM
27112A,N,O,04/02/2026 06:45:12 PM
27112B,N,O,04/02/2026 06:08:47 PM
27113A,N,O,04/02/2026 05:53:03 PM
27113B,N,O,04/02/2026 07:05:09 PM
27114A,N,O,04/02/2026 07:58:27 PM
27114B,N,O,04/02/2026 02:02:56 PM
27115A,N,O,04/02/2026 06:59:46 AM
27116A,N,V,04/02/2026 06:56:03 PM
27116B,N,O,04/02/2026 06:44:33 PM
27117A,N,O,04/02/2026 07:32:54 PM
27117B,N,O,04/02/2026 07:18:03 PM
27118A,N,O,04/02/2026 05:36:34 PM
27118B,N,O,04/02/2026 04:25:28 PM
27119A,N,O,04/02/2026 04:10:10 PM
27119B,N,O,04/02/2026 03:40:04 PM
27120A,N,O,04/02/2026 06:59:54 AM
27120B,N,O,04/02/2026 01:29:52 PM
27121A,N,O,04/02/2026 07:10:03 PM
27121B,N,O,04/02/2026 07:56:32 PM
27122A,N,O,04/02/2026 06:14:41 PM
27122B,N,O,04/02/2026 04:23:25 PM
27123A,N,V,04/02/2026 05:20:57 PM
27123B,N,O,04/02/2026 04:43:51 PM
27124A,N,O,04/02/2026 12:00:53 PM
27124B,N,O,04/02/2026 11:47:27 AM
27125A,N,O,04/02/2026 05:08:36 PM
27125B,N,O,04/02/2026 03:15:17 PM
27126A,N,O,04/02/2026 05:07:17 PM
27126B,N,V,04/02/2026 07:46:31 PM
27127A,N,O,04/02/2026 07:58:29 AM
27127B,N,V,04/02/2026 06:07:13 PM
27128A,N,O,04/02/2026 07:33:11 PM
27128B,N,O,04/02/2026 06:18:08 PM
27129A,N,O,04/02/2026 10:40:44 AM
27129B,N,O,04/02/2026 05:44:45 PM
27130A,N,O,04/02/2026 07:18:18 PM
27130B,N,O,04/02/2026 03:05:31 PM
27131A,NU,O,04/02/2026 07:18:36 PM
27131B,NU,O,04/02/2026 07:19:10 PM
27132A,N,V,04/02/2026 07:59:27 PM
27132B,N,O,04/02/2026 07:36:17 PM
27133A,N,O,04/02/2026 07:04:33 PM
27133B,N,O,04/02/2026 06:56:45 AM
27134A,N,O,04/02/2026 06:28:24 PM
27134B,N,O,04/02/2026 06:35:33 PM
27135A,N,O,04/02/2026 04:58:10 PM
27135B,N,O,04/02/2026 07:50:13 PM
27136A,N,O,04/01/2026 06:58:53 AM
27136B,N,O,04/02/2026 04:58:30 PM
27137A,N,O,04/02/2026 04:59:21 PM
27137B,N,O,04/02/2026 06:58:03 AM
27138A,N,O,04/02/2026 05:57:32 PM
27138B,N,O,04/02/2026 06:56:49 AM
27139B,N,O,04/02/2026 05:49:00 PM
27140A,N,O,04/02/2026 06:51:52 PM
27140B,N,O,04/02/2026 05:36:04 PM
27141A,N,O,04/02/2026 05:32:19 PM
27141B,N,O,04/02/2026 04:27:48 PM
27142A,N,O,04/02/2026 05:26:36 PM
27142B,N,O,04/02/2026 06:30:12 PM
27143A,N,O,04/02/2026 04:42:22 PM
27143B,N,O,04/02/2026 07:27:11 PM
27144A,N,O,04/02/2026 06:12:14 PM
27144B,N,O,04/02/2026 06:15:22 PM
27145A,N,O,04/02/2026 07:47:55 PM
27145B,N,O,04/02/2026 06:29:28 PM
27146A,N,O,04/02/2026 07:40:21 PM
27146B,N,O,04/02/2026 06:49:50 PM
27147A,N,O,04/02/2026 05:44:20 PM
27147B,N,O,04/02/2026 06:41:18 PM
27148A,N,O,04/02/2026 07:11:35 PM
27148B,N,O,04/02/2026 06:49:45 PM
27149A,N,O,04/02/2026 07:21:35 PM
27149B,N,O,04/02/2026 07:49:08 PM
27150A,N,O,04/02/2026 06:44:35 PM
27150B,N,O,04/02/2026 05:37:59 PM
27151A,N,O,04/02/2026 07:07:46 PM
27151B,N,O,04/02/2026 06:55:38 PM
27152A,N,O,04/02/2026 07:41:35 PM
27152B,N,O,04/02/2026 06:03:19 PM
27153A,N,O,04/02/2026 07:06:58 PM
27153B,N,O,04/02/2026 07:47:10 PM
27154A,N,O,04/02/2026 07:07:57 PM
27154B,N,O,12/15/2025 03:02:28 PM
27155A,N,V,04/02/2026 07:54:08 PM
27155B,N,O,04/02/2026 06:12:54 PM
27158A,N,O,04/02/2026 06:56:45 AM
27158B,N,O,04/02/2026 03:59:19 PM
27159A,N,O,04/02/2026 07:03:06 PM
27159B,N,O,04/02/2026 07:34:11 PM
27160A,N,O,04/02/2026 04:13:47 PM
27160B,N,O,04/02/2026 04:39:47 PM
27161A,N,O,04/02/2026 05:59:45 PM
27161B,N,O,04/02/2026 07:46:29 PM
27162B,N,O,04/02/2026 03:43:45 PM
27165B,N,O,04/03/2026 08:00:17 AM
27166A,N,O,04/03/2026 08:00:17 AM
27166B,N,O,04/03/2026 08:00:33 AM
27167A,N,O,04/03/2026 08:00:16 AM
27167B,N,O,04/03/2026 08:00:16 AM
27168A,N,O,04/03/2026 08:00:16 AM
27168B,N,O,04/03/2026 08:00:16 AM
27169A,N,O,04/03/2026 08:00:17 AM
27169B,N,O,04/03/2026 08:00:17 AM
27170A,N,O,04/03/2026 08:00:17 AM
27170B,N,V,04/03/2026 08:11:11 AM
27171A,N,O,04/03/2026 08:00:17 AM
27171B,N,O,04/03/2026 08:00:17 AM
27172A,N,V,04/03/2026 08:01:19 AM
27172B,N,O,04/03/2026 08:08:56 AM
27173A,N,O,04/03/2026 08:00:17 AM
27173B,N,O,04/03/2026 08:00:20 AM
27176B,N,O,04/03/2026 08:00:31 AM
27177A,N,O,04/03/2026 08:00:35 AM
27177B,N,V,04/03/2026 08:08:22 AM
27178A,N,O,04/02/2026 07:34:42 PM
27178B,N,O,04/03/2026 08:00:17 AM
27179A,N,O,04/03/2026 08:00:33 AM
27179B,N,V,04/03/2026 08:05:31 AM
27180A,N,O,04/03/2026 08:00:21 AM
27180B,N,O,04/03/2026 08:00:17 AM
27181A,N,O,04/03/2026 08:00:17 AM
27181B,N,O,04/03/2026 08:00:21 AM
27182A,N,O,04/03/2026 08:00:19 AM
27182B,N,O,04/02/2026 06:17:55 PM
27183A,N,O,04/03/2026 08:00:20 AM
27183B,N,O,04/03/2026 08:00:24 AM
27184A,N,O,04/03/2026 08:00:21 AM
27184B,N,O,04/03/2026 08:00:17 AM
27185A,N,O,04/03/2026 08:00:17 AM
27185B,N,O,04/03/2026 08:00:31 AM
27186A,N,O,04/03/2026 08:00:17 AM
27186B,N,O,04/03/2026 08:00:17 AM
27187A,N,O,04/03/2026 08:00:17 AM
27187B,N,O,04/03/2026 08:00:17 AM
27188A,N,O,04/03/2026 08:00:27 AM
27188B,N,O,04/03/2026 08:00:20 AM
27189A,N,O,04/03/2026 08:00:32 AM
27189B,N,O,04/03/2026 08:00:20 AM
27190A,N,V,04/03/2026 08:03:51 AM
27190B,N,O,04/03/2026 08:00:17 AM
27191A,N,O,04/03/2026 08:00:25 AM
27191B,N,O,04/03/2026 08:00:25 AM
27192A,N,O,04/02/2026 04:19:28 PM
27192B,N,O,04/02/2026 03:09:47 PM
27193A,N,O,04/02/2026 04:52:41 PM
27193B,N,O,04/02/2026 07:25:19 PM
27194A,N,O,04/02/2026 07:44:25 PM
27194B,N,O,04/02/2026 03:14:26 PM
27195A,N,O,04/02/2026 03:11:22 PM
27196A,N,O,04/02/2026 07:15:57 PM
27196B,N,O,04/02/2026 07:15:57 PM
27197A,N,O,04/02/2026 04:59:55 PM
27197B,N,O,04/02/2026 05:53:13 PM
27198A,N,O,04/02/2026 05:36:38 PM
27198B,N,O,04/02/2026 04:12:30 PM
27199A,N,O,04/02/2026 07:03:59 PM
27199B,N,O,04/02/2026 07:09:25 PM
27200A,N,O,04/02/2026 07:23:52 PM
27201A,N,O,04/02/2026 06:53:03 PM
27201B,N,O,04/02/2026 07:04:21 PM
27202A,N,O,04/02/2026 07:31:56 PM
27205A,N,O,04/02/2026 05:16:10 PM
27205B,N,O,04/02/2026 07:15:12 PM
27206A,N,V,04/02/2026 07:55:59 PM
27206B,N,O,04/02/2026 06:32:24 PM
27209A,N,O,04/02/2026 06:55:43 AM
27209B,N,V,04/02/2026 02:04:56 PM
27210A,N,O,04/02/2026 06:59:49 AM
27210B,N,O,04/02/2026 01:47:56 PM
27211A,N,O,04/02/2026 01:57:58 PM
27211B,N,O,04/02/2026 04:44:25 PM
27212A,N,O,04/02/2026 02:23:05 PM
27212B,N,O,04/01/2026 06:57:49 AM
27213A,N,O,04/02/2026 06:56:45 AM
27213B,N,O,04/02/2026 06:56:45 AM
27214A,N,O,04/02/2026 06:55:52 AM
27215B,N,O,04/02/2026 05:19:39 PM
27216A,N,O,04/02/2026 02:48:15 PM
27216B,N,O,04/02/2026 06:58:51 AM
27217A,N,O,04/02/2026 07:15:29 PM
27217B,N,V,04/02/2026 09:19:41 AM
27218A,N,O,04/02/2026 06:53:39 PM
27218B,N,O,04/02/2026 07:20:35 PM
27219A,N,V,04/02/2026 07:51:29 PM
27219B,N,O,04/02/2026 07:41:54 PM
27220A,N,V,04/02/2026 01:06:32 PM
27220B,N,V,04/02/2026 07:58:31 PM
27221A,N,O,04/02/2026 02:42:51 PM
27221B,N,V,04/02/2026 09:29:33 AM
27222A,N,O,04/02/2026 07:16:42 PM
27222B,N,V,04/02/2026 11:36:41 AM
27223A,N,V,04/02/2026 06:10:19 PM
27223B,N,O,04/02/2026 07:45:07 PM
27224A,N,V,04/02/2026 06:13:57 PM
27224B,N,O,04/02/2026 07:58:30 PM
27225A,N,O,04/02/2026 06:45:37 PM
27225B,N,O,04/02/2026 10:08:16 AM
27226A,N,O,04/02/2026 09:34:19 AM
27226B,N,O,04/02/2026 05:52:06 PM
27227B,N,O,04/02/2026 05:28:49 PM
27228A,N,O,04/02/2026 06:12:43 PM
27228B,N,O,04/02/2026 07:52:30 PM
27230B,N,O,04/02/2026 06:21:51 PM
27231A,N,O,04/02/2026 06:20:42 PM
27231B,N,O,04/02/2026 02:06:33 PM
27232A,N,O,04/02/2026 06:57:25 PM
27232B,N,O,04/02/2026 09:34:59 AM
27233A,N,V,07/06/2025 09:33:12 AM
27233B,N,O,07/06/2025 09:25:15 AM
27234A,N,V,04/02/2026 11:25:28 AM
27234B,N,V,04/02/2026 05:57:34 PM
27235A,N,V,04/01/2026 10:23:17 AM
27235B,N,O,04/02/2026 05:58:33 PM
27236A,N,V,04/02/2026 07:02:07 PM
27236B,N,V,04/02/2026 08:12:04 AM
27238B,N,O,04/02/2026 08:18:39 AM
27239A,N,O,04/02/2026 03:14:49 PM
27239B,N,V,04/02/2026 07:53:13 PM
27240A,N,O,04/02/2026 06:49:42 PM
27241A,N,O,04/02/2026 07:41:10 PM
27241B,N,O,04/02/2026 07:27:21 PM
27242A,N,O,04/02/2026 03:50:57 PM
27242B,N,V,04/02/2026 06:28:21 PM
27243A,N,O,04/02/2026 03:24:06 PM
27243B,N,O,04/02/2026 06:15:44 PM
27244A,N,O,04/02/2026 04:55:59 PM
27244B,N,O,04/02/2026 07:38:10 PM
27245A,N,O,04/02/2026 07:48:51 PM
27245B,N,O,04/02/2026 05:22:08 PM
27246A,N,O,04/02/2026 04:56:20 PM
27246B,N,O,04/02/2026 06:28:10 PM
27247A,N,O,04/02/2026 01:37:46 PM
27247B,N,O,04/02/2026 06:32:34 PM
27248A,N,O,04/02/2026 05:56:06 PM
27248B,N,O,04/02/2026 06:37:44 PM
27249A,N,O,04/02/2026 07:30:22 PM
27249B,N,O,04/02/2026 07:51:51 AM
27250A,N,O,04/02/2026 06:50:13 PM
27250B,N,O,04/02/2026 07:06:08 PM
27251A,N,O,04/02/2026 06:54:58 PM
27251B,N,O,04/02/2026 06:46:02 PM
27252A,N,O,04/02/2026 06:10:54 PM
27252B,N,O,04/02/2026 04:16:03 PM
27253A,N,V,04/02/2026 07:30:20 PM
27253B,N,O,04/02/2026 04:04:49 PM
27254A,N,V,04/02/2026 04:44:55 PM
27254B,N,O,04/02/2026 05:45:29 PM
27255A,N,V,04/02/2026 09:41:28 AM
27255B,N,O,04/02/2026 07:35:22 PM
27256A,N,V,04/02/2026 06:18:03 PM
27256B,N,O,04/02/2026 04:27:16 PM
27257A,N,V,04/02/2026 04:27:19 PM
27257B,N,O,04/02/2026 06:10:24 PM
27258A,N,V,04/02/2026 07:28:35 PM
27258B,N,O,04/02/2026 07:19:59 PM
27259A,N,O,04/02/2026 06:01:31 PM
27259B,N,O,04/02/2026 04:13:21 PM
27260A,N,O,04/02/2026 07:47:03 PM
27260B,N,O,04/03/2026 08:00:48 AM
27261A,N,O,04/02/2026 06:42:35 PM
27261B,N,V,04/02/2026 07:44:23 PM
27262A,N,V,04/02/2026 07:38:11 PM
27262B,N,O,04/02/2026 05:21:59 PM
27263A,N,O,04/02/2026 07:59:36 PM
27263B,N,O,04/02/2026 06:16:57 PM
27264A,N,O,04/02/2026 07:56:04 PM
27264B,N,O,04/02/2026 07:44:31 PM
27265A,N,V,04/02/2026 07:50:51 PM
27265B,N,O,04/02/2026 07:34:29 PM
27266A,N,V,04/02/2026 06:34:43 PM
27266B,N,O,04/02/2026 07:01:50 PM
27267A,N,V,04/02/2026 06:18:59 PM
27267B,N,O,04/02/2026 05:29:54 PM
27268A,N,O,04/02/2026 07:47:00 PM
27268B,N,O,04/02/2026 06:23:14 PM
27270A,N,O,04/02/2026 06:36:12 PM
27270B,N,O,04/02/2026 07:36:40 PM
27271A,N,O,04/02/2026 07:41:32 PM
27271B,N,O,04/02/2026 08:32:35 AM
27272A,N,O,04/02/2026 07:41:50 PM
27272B,N,V,04/02/2026 07:44:43 PM
27273A,N,V,04/02/2026 04:19:44 PM
27273B,N,V,04/02/2026 04:19:44 PM
27274A,N,O,04/02/2026 04:57:37 PM
27274B,N,V,04/02/2026 07:53:21 PM
27275A,N,V,04/01/2026 11:03:59 AM
27275B,N,V,04/02/2026 05:00:42 PM
27276A,N,O,04/02/2026 06:33:30 PM
27276B,N,O,04/02/2026 05:58:11 PM
27277A,N,O,04/02/2026 06:28:27 PM
27277B,N,V,04/02/2026 06:33:25 PM
27278A,N,V,04/02/2026 07:53:56 PM
27278B,N,O,04/02/2026 04:38:30 PM
27279A,N,V,04/02/2026 02:37:48 PM
27279B,N,O,04/02/2026 07:37:17 PM
27280A,N,O,04/02/2026 07:08:33 PM
27280B,N,V,04/02/2026 07:07:40 PM
27281A,N,O,04/02/2026 07:58:23 PM
27281B,N,O,04/02/2026 06:56:19 PM
27282A,N,O,04/02/2026 06:37:42 PM
27282B,N,O,04/02/2026 07:52:11 PM
27283A,N,O,04/02/2026 06:06:33 PM
27283B,N,O,04/02/2026 05:33:15 PM
27284B,N,O,04/02/2026 05:52:46 PM
27288A,NU,O,04/02/2026 05:35:21 PM
27288B,NU,O,04/02/2026 05:27:37 PM
27289A,NU,O,04/02/2026 05:21:11 PM
27289B,NU,O,04/02/2026 01:10:19 PM
2728B,N,O,04/02/2026 11:42:31 PM
27290A,NU,O,04/02/2026 06:13:13 PM
27290B,NU,O,04/02/2026 05:35:59 PM
27291A,NU,V,04/02/2026 07:09:44 PM
27293A,NU,O,04/02/2026 06:47:30 PM
27293B,NU,V,04/02/2026 07:40:56 PM
27294A,NU,O,04/02/2026 04:56:09 PM
27294B,NU,O,04/02/2026 05:21:27 PM
27295A,NU,O,04/02/2026 03:49:18 PM
27295B,NU,O,04/02/2026 05:34:25 PM
27296A,NU,O,04/02/2026 07:03:35 PM
27296B,NU,O,04/02/2026 05:38:28 PM
27297A,NU,O,04/02/2026 05:39:25 PM
27297B,NU,O,04/02/2026 05:57:16 PM
27298A,NU,O,04/02/2026 05:45:37 PM
27298B,NU,V,04/02/2026 07:17:06 PM
27299A,NU,V,04/02/2026 07:48:30 PM
27299B,NU,O,04/02/2026 05:28:19 PM
2729A,N,O,04/02/2026 11:32:55 PM
2729B,N,O,04/02/2026 11:21:26 PM
27300A,NU,O,04/02/2026 07:04:56 PM
27300B,NU,V,04/02/2026 07:54:19 PM
27301A,N,O,04/02/2026 02:16:30 PM
27301B,N,O,04/02/2026 03:01:18 PM
27302A,N,O,04/02/2026 03:01:03 PM
27302B,N,O,04/02/2026 08:27:52 AM
27303A,N,O,04/02/2026 07:38:33 PM
27303B,N,O,04/02/2026 11:40:40 AM
27304A,N,O,04/02/2026 03:49:43 PM
27304B,N,O,04/02/2026 08:25:44 AM
27305A,N,O,04/02/2026 06:28:06 PM
27305B,N,O,04/02/2026 02:34:46 PM
27306A,N,O,04/02/2026 07:03:26 PM
27307A,N,O,04/02/2026 05:19:43 PM
27307B,N,O,04/02/2026 07:09:47 PM
27308A,N,O,04/02/2026 06:20:41 PM
27308B,N,O,04/02/2026 06:56:41 AM
27309A,N,O,04/02/2026 06:02:34 PM
27309B,N,O,04/02/2026 06:31:37 PM
2730A,N,O,04/02/2026 11:54:52 PM
2730B,N,O,04/02/2026 11:45:36 PM
27310A,N,O,04/02/2026 06:56:12 PM
27310B,N,O,04/02/2026 07:35:15 PM
27311A,N,O,04/02/2026 05:29:17 PM
27311B,N,O,04/02/2026 06:21:18 PM
27312A,N,O,04/02/2026 06:20:16 PM
27312B,N,O,04/02/2026 06:45:47 PM
27313A,N,O,04/02/2026 07:20:24 PM
27313B,N,O,04/02/2026 06:41:59 PM
27314A,N,O,04/02/2026 04:38:20 PM
27314B,N,O,04/02/2026 04:56:17 PM
27315A,N,O,04/02/2026 03:50:05 PM
27315B,N,O,04/02/2026 05:31:53 PM
27316A,N,O,04/02/2026 06:58:44 PM
27316B,N,O,04/02/2026 05:59:26 PM
27317A,N,O,04/02/2026 05:39:23 PM
27317B,N,O,04/02/2026 05:41:03 PM
27318A,N,O,04/02/2026 05:26:43 PM
27318B,N,O,04/02/2026 06:49:31 PM
27319B,N,O,04/02/2026 06:16:50 PM
2731A,N,O,04/02/2026 11:44:05 PM
2731B,N,V,04/02/2026 11:19:23 PM
27320A,N,O,04/02/2026 06:58:35 PM
27320B,N,O,04/02/2026 07:04:47 PM
27321A,N,O,04/02/2026 06:26:12 PM
27321B,N,V,04/02/2026 07:53:18 PM
27322A,N,O,04/02/2026 07:12:07 PM
27322B,N,O,04/02/2026 07:58:57 PM
27323A,N,O,04/02/2026 06:09:43 PM
27323B,N,O,04/02/2026 07:59:03 PM
27326A,N,O,04/02/2026 06:58:42 AM
27326B,N,O,04/02/2026 05:02:35 PM
27327A,NU,O,04/02/2026 06:57:47 AM
27327B,NU,O,04/02/2026 04:58:36 PM
27328A,N,O,04/02/2026 07:33:03 AM
27328B,N,O,04/02/2026 06:57:00 AM
27329A,N,O,04/02/2026 01:31:58 PM
27329B,N,O,04/02/2026 04:59:49 PM
2732A,N,V,04/02/2026 10:13:44 PM
2732B,N,V,04/02/2026 10:00:58 PM
27330A,N,O,04/02/2026 05:42:19 PM
27330B,N,O,04/01/2026 10:38:36 AM
27331A,N,O,04/02/2026 06:58:41 AM
27331B,N,O,04/02/2026 07:59:40 PM
27332A,N,O,04/02/2026 11:57:18 AM
27332B,N,O,04/02/2026 06:57:43 AM
27333A,N,O,04/02/2026 06:56:45 AM
27333B,N,O,04/01/2026 06:56:50 AM
27334A,N,O,04/02/2026 10:56:17 AM
27334B,N,O,04/02/2026 10:58:30 AM
27335A,N,O,04/02/2026 07:00:18 AM
27335B,N,O,04/02/2026 05:18:52 PM
27336A,N,O,04/02/2026 05:28:23 PM
27336B,N,O,04/02/2026 07:17:19 PM
27337A,N,V,04/02/2026 04:22:09 PM
27337B,N,V,04/02/2026 05:36:11 PM
27338A,N,V,04/02/2026 04:30:39 PM
27338B,N,V,07/29/2025 01:59:24 PM
27339A,N,V,04/02/2026 04:34:35 PM
27339B,N,O,04/02/2026 06:38:38 PM
2733A,N,O,04/02/2026 06:55:39 PM
2733B,N,V,04/02/2026 04:24:44 PM
27340A,N,V,04/02/2026 07:53:44 PM
27340B,N,O,04/02/2026 06:51:41 PM
27341A,N,V,04/02/2026 06:13:45 PM
27341B,N,O,04/02/2026 04:26:11 PM
27342A,N,O,04/02/2026 07:55:44 PM
27342B,N,V,04/02/2026 11:48:02 AM
27343A,N,V,04/02/2026 06:50:58 PM
27343B,N,V,04/02/2026 06:15:48 PM
27344A,N,O,04/02/2026 07:10:02 PM
27344B,N,V,04/02/2026 07:08:15 PM
27345A,N,O,04/02/2026 06:52:16 PM
27345B,N,V,04/02/2026 08:04:22 AM
27346A,N,V,04/02/2026 06:44:32 PM
27346B,N,V,04/02/2026 08:09:35 AM
27347A,N,V,04/02/2026 07:59:30 PM
27347B,N,V,04/02/2026 06:42:15 PM
27348A,N,O,04/02/2026 06:56:50 AM
27348B,N,O,04/02/2026 04:50:26 PM
27349A,N,O,04/02/2026 05:44:53 PM
27349B,N,O,04/02/2026 06:55:46 AM
27350A,N,O,04/02/2026 07:31:42 PM
27350B,N,O,04/02/2026 05:20:47 PM
27351A,N,O,04/02/2026 05:36:44 PM
27351B,N,O,04/02/2026 05:53:57 PM
27352A,N,O,04/02/2026 03:42:08 PM
27352B,N,O,04/02/2026 06:31:04 PM
27353A,N,O,04/02/2026 06:33:06 PM
27353B,N,V,02/12/2026 08:18:45 AM
27354A,N,O,04/02/2026 06:15:53 PM
27354B,N,O,04/02/2026 07:30:31 PM
27355A,N,O,04/02/2026 07:37:47 PM
27355B,N,V,04/02/2026 01:42:39 PM
27356A,N,O,04/02/2026 03:37:14 PM
27356B,N,V,04/02/2026 12:25:15 PM
27357A,N,V,04/02/2026 06:21:08 PM
27357B,N,V,04/02/2026 01:46:03 PM
27358A,N,V,04/02/2026 10:59:30 AM
27358B,N,O,04/02/2026 06:56:49 AM
27359A,N,O,04/02/2026 03:09:45 PM
27359B,N,O,04/02/2026 03:14:31 PM
27360A,N,V,04/02/2026 05:04:35 PM
27360B,N,V,04/02/2026 05:21:05 PM
27361A,N,O,04/02/2026 06:41:43 PM
27361B,N,O,04/02/2026 06:41:46 PM
27362A,N,O,04/02/2026 06:10:39 PM
27362B,N,V,04/02/2026 07:28:50 PM
27367A,N,V,04/02/2026 04:32:51 PM
27367B,N,O,04/02/2026 07:36:04 PM
27368A,N,O,04/02/2026 06:29:02 PM
27368B,N,O,04/02/2026 06:11:57 PM
27369A,N,O,04/02/2026 04:52:46 PM
27369B,N,O,04/02/2026 07:13:51 PM
27370A,N,O,04/02/2026 06:04:50 PM
27370B,N,O,04/02/2026 07:36:57 PM
27371A,N,O,04/02/2026 06:13:44 PM
27371B,N,O,04/02/2026 06:38:34 PM
27372A,N,O,04/02/2026 05:46:46 PM
27372B,N,O,04/02/2026 06:28:08 PM
27373A,N,O,04/02/2026 07:16:52 PM
27373B,N,V,04/02/2026 05:48:08 PM
27374A,N,O,04/02/2026 06:55:43 AM
27374B,N,O,04/02/2026 08:01:58 AM
27375A,N,O,04/02/2026 08:01:55 AM
27375B,N,O,04/02/2026 04:49:59 PM
27376A,N,O,04/02/2026 08:39:46 AM
27377A,N,O,04/02/2026 05:16:09 PM
27377B,N,O,04/02/2026 07:58:48 PM
27378A,N,V,04/02/2026 07:54:40 PM
27378B,N,O,04/02/2026 09:25:57 AM
27379A,N,V,04/02/2026 07:59:08 PM
27379B,N,O,04/02/2026 07:07:20 PM
2737A,N,V,04/02/2026 11:15:19 PM
27381B,N,V,04/02/2026 07:59:51 PM
27382A,N,O,04/02/2026 12:00:42 PM
27382B,N,O,04/02/2026 04:02:54 PM
27383A,N,O,04/02/2026 06:50:44 PM
27383B,N,O,04/02/2026 06:13:31 PM
27384A,N,O,04/02/2026 05:48:42 PM
27384B,N,O,04/02/2026 06:56:46 PM
27385A,N,O,04/02/2026 05:52:03 PM
27385B,N,O,04/02/2026 05:39:43 PM
27386A,N,O,04/02/2026 06:39:55 PM
27386B,N,O,04/02/2026 05:44:44 PM
27387A,N,O,04/02/2026 07:40:57 PM
27387B,N,O,04/02/2026 05:14:47 PM
27388A,N,O,04/02/2026 06:26:29 PM
27388B,N,O,04/02/2026 07:53:40 PM
27389A,N,O,04/02/2026 05:52:33 PM
27389B,N,O,04/02/2026 07:43:29 PM
2738A,N,V,04/02/2026 11:17:32 PM
2738B,N,V,04/02/2026 10:41:19 PM
27390B,N,O,04/02/2026 07:53:47 PM
27391A,N,V,04/02/2026 07:30:51 PM
27391B,N,V,04/02/2026 08:00:03 PM
27392A,N,O,04/02/2026 05:01:31 PM
27392B,N,O,04/02/2026 06:46:16 PM
27393A,N,O,04/02/2026 04:58:49 PM
27393B,N,O,04/02/2026 05:42:31 PM
27394A,N,V,04/02/2026 07:59:58 PM
27394B,N,O,04/02/2026 02:11:27 PM
27395A,N,O,04/02/2026 12:57:16 PM
27395B,N,O,04/02/2026 06:58:37 PM
27396A,N,O,04/02/2026 08:13:25 AM
27396B,N,O,04/02/2026 03:50:34 PM
27397A,N,V,04/02/2026 07:59:08 PM
27397B,N,O,04/02/2026 06:57:41 AM
27398A,N,O,04/02/2026 07:47:44 PM
27398B,N,O,04/02/2026 05:57:12 PM
27399B,N,O,04/02/2026 06:05:10 PM
2739A,N,V,04/02/2026 11:09:46 PM
2739B,N,V,04/02/2026 09:55:21 PM
27400A,N,O,04/02/2026 06:08:30 PM
27400B,N,O,04/02/2026 06:30:15 PM
27403B,N,O,04/02/2026 06:56:50 AM
27404A,N,O,04/02/2026 07:29:28 PM
27405B,N,O,04/02/2026 05:33:33 PM
27406A,N,O,04/02/2026 05:35:05 PM
27406B,N,O,04/02/2026 06:51:08 PM
27408B,N,O,04/02/2026 04:48:49 PM
27409A,N,O,04/02/2026 06:19:21 PM
27409B,N,O,04/02/2026 02:26:39 PM
2740A,N,V,04/02/2026 10:39:25 PM
2740B,N,O,04/02/2026 10:34:05 PM
27410A,N,O,04/02/2026 04:40:04 PM
27410B,N,O,04/02/2026 05:17:23 PM
27412B,N,O,04/02/2026 01:24:05 PM
27413B,N,O,04/02/2026 06:56:47 AM
27415B,N,O,04/02/2026 06:00:19 PM
27416A,N,O,04/02/2026 05:44:08 PM
27416B,N,O,04/02/2026 03:18:02 PM
27417A,N,O,04/02/2026 06:57:47 AM
27417B,N,O,04/02/2026 06:57:47 AM
27418B,N,O,04/02/2026 05:35:38 PM
27419A,N,O,04/02/2026 02:11:15 PM
27419B,N,O,04/02/2026 07:11:59 AM
2741A,N,V,04/02/2026 11:59:39 PM
2741B,N,O,04/02/2026 11:12:28 PM
27420A,N,O,04/02/2026 07:33:07 PM
27420B,N,O,04/02/2026 07:58:59 PM
27421A,N,O,04/02/2026 04:51:52 PM
27421B,N,O,04/02/2026 05:28:19 PM
27426B,N,V,04/02/2026 06:06:24 PM
27427A,N,O,04/02/2026 04:34:40 PM
27427B,N,O,04/02/2026 07:12:17 PM
27428A,N,O,04/02/2026 07:58:30 PM
27428B,N,O,04/02/2026 06:26:09 PM
27429A,N,O,04/02/2026 05:54:59 PM
27429B,N,O,04/02/2026 05:13:29 PM
2742A,N,O,04/02/2026 10:21:37 PM
2742B,N,O,04/02/2026 12:24:28 PM
27430A,N,O,04/02/2026 05:40:40 PM
27430B,N,O,04/02/2026 05:43:04 PM
27431A,N,O,04/02/2026 06:58:52 AM
27431B,N,O,04/02/2026 09:32:31 AM
27432A,N,O,04/02/2026 06:01:55 PM
27432B,N,O,04/02/2026 05:25:27 PM
27433A,N,O,04/02/2026 07:45:10 PM
27433B,N,O,04/02/2026 07:21:24 PM
27434A,N,O,04/02/2026 04:54:47 PM
27434B,N,O,04/02/2026 07:20:17 PM
27435A,N,O,04/02/2026 04:57:44 PM
27435B,N,O,04/02/2026 04:27:17 PM
27436A,N,O,04/02/2026 04:46:39 PM
27436B,N,O,04/02/2026 07:11:03 PM
27437A,N,O,04/02/2026 05:48:26 PM
27437B,N,O,04/02/2026 04:46:05 PM
27438A,N,O,04/02/2026 05:10:23 PM
27438B,N,V,04/02/2026 07:45:10 PM
27439A,N,O,04/02/2026 07:59:06 PM
27439B,N,O,04/02/2026 06:55:51 AM
27440A,N,O,04/02/2026 07:18:40 PM
27440B,N,O,04/02/2026 05:44:11 PM
27441A,N,O,04/02/2026 07:59:16 PM
27442B,N,O,04/02/2026 07:12:30 PM
27443A,N,V,04/02/2026 07:41:02 PM
27443B,N,O,04/02/2026 06:13:10 PM
27444A,N,O,04/02/2026 04:45:20 PM
27444B,N,O,04/02/2026 04:32:08 PM
27445A,N,O,04/02/2026 06:07:37 PM
27445B,N,V,04/02/2026 07:42:06 PM
27446A,N,V,04/02/2026 07:57:27 PM
27446B,N,O,04/02/2026 06:11:10 PM
27447A,N,O,04/02/2026 06:23:10 PM
27447B,N,V,04/02/2026 07:59:46 PM
27448A,N,O,04/02/2026 05:32:12 PM
27448B,N,O,04/02/2026 06:42:45 PM
27449A,N,O,04/02/2026 05:41:13 PM
27449B,N,O,04/02/2026 07:34:18 PM
27450A,N,O,04/02/2026 06:59:45 AM
27450B,N,O,04/02/2026 04:00:09 PM
27451A,N,O,04/02/2026 07:17:39 PM
27452A,N,O,04/02/2026 06:57:41 AM
27452B,N,O,04/02/2026 07:57:11 PM
27453A,N,V,04/02/2026 07:51:31 PM
27453B,N,O,04/02/2026 07:36:27 PM
27454A,N,O,04/02/2026 05:36:29 PM
27454B,N,O,04/02/2026 06:55:46 AM
27455A,N,O,04/02/2026 06:23:26 PM
27455B,N,O,04/02/2026 07:15:00 PM
27456A,N,V,04/02/2026 07:41:26 PM
27456B,N,O,04/02/2026 07:39:19 PM
27457A,N,V,04/02/2026 07:59:54 PM
27457B,N,O,04/02/2026 01:00:45 PM
27458A,N,V,04/02/2026 07:34:13 PM
27458B,N,V,04/02/2026 06:00:16 PM
27459A,N,V,04/02/2026 06:00:26 PM
27459B,N,O,04/02/2026 03:35:27 PM
27460A,N,O,04/02/2026 06:36:10 PM
27460B,N,V,04/02/2026 05:55:27 PM
27461A,N,O,04/02/2026 07:56:58 PM
27461B,N,O,04/02/2026 05:51:04 PM
27462A,N,O,01/11/2026 10:51:03 AM
27462B,N,O,04/02/2026 02:27:42 PM
27463A,N,O,04/02/2026 12:11:38 PM
27463B,N,O,04/02/2026 06:22:32 PM
27464A,N,O,04/02/2026 06:33:48 PM
27465A,N,O,04/02/2026 02:29:22 PM
27465B,N,O,04/02/2026 03:15:23 PM
27466A,N,O,04/02/2026 04:24:45 PM
27466B,N,O,04/02/2026 05:39:34 PM
27467A,N,O,04/02/2026 03:26:07 PM
27467B,N,O,04/02/2026 06:41:09 PM
27468A,N,O,04/02/2026 05:44:36 PM
27468B,N,O,04/02/2026 05:31:05 PM
27470B,N,V,04/02/2026 07:16:16 PM
27471A,N,O,04/02/2026 06:13:52 PM
27471B,N,O,04/02/2026 06:42:20 PM
27472A,N,O,04/02/2026 05:30:32 PM
27472B,N,O,04/02/2026 06:55:04 PM
27473A,N,O,04/02/2026 07:05:25 PM
27473B,N,O,04/02/2026 06:55:31 PM
27474A,N,O,04/02/2026 05:04:31 PM
27475A,N,O,04/02/2026 05:27:59 PM
27475B,N,O,04/02/2026 04:52:18 PM
27476A,N,O,04/02/2026 06:52:40 PM
27476B,N,O,04/02/2026 05:42:16 PM
27477A,N,O,04/02/2026 06:49:32 PM
27477B,N,O,04/02/2026 06:19:46 PM
27478A,N,O,04/02/2026 05:37:22 PM
27478B,N,O,04/02/2026 05:56:28 PM
27479A,N,O,04/02/2026 06:22:03 PM
27479B,N,O,04/02/2026 06:01:01 PM
27480A,N,O,04/02/2026 06:59:47 AM
27480B,N,O,04/02/2026 06:44:54 PM
27481B,N,O,04/02/2026 07:06:16 PM
27482A,N,O,04/03/2026 08:12:03 AM
27482B,N,O,04/03/2026 08:08:50 AM
27483A,N,O,04/03/2026 08:11:32 AM
27483B,N,O,04/03/2026 07:56:46 AM
27484A,N,O,04/03/2026 07:55:44 AM
27484B,N,O,04/03/2026 07:55:44 AM
27485A,N,O,04/03/2026 07:59:54 AM
27485B,N,V,04/03/2026 08:17:30 AM
27486A,N,O,04/03/2026 08:16:27 AM
27486B,N,O,04/03/2026 07:58:51 AM
27488A,N,V,04/02/2026 06:04:45 PM
27488B,N,V,04/02/2026 05:42:28 PM
27489A,N,V,04/02/2026 06:05:31 PM
27489B,N,V,04/02/2026 05:04:50 PM
27490A,N,O,04/02/2026 07:58:30 PM
27490B,N,O,04/02/2026 07:49:55 PM
27491A,N,V,04/02/2026 03:51:56 PM
27491B,N,V,04/02/2026 05:51:07 PM
27492A,N,V,04/02/2026 06:46:22 PM
27492B,N,O,04/02/2026 07:26:57 PM
27493A,N,V,04/02/2026 05:16:18 PM
27493B,N,O,04/02/2026 12:21:18 PM
27494A,N,V,04/02/2026 05:47:40 PM
27494B,N,V,04/02/2026 03:33:02 PM
27495A,N,V,04/02/2026 07:29:20 AM
27495B,N,O,04/02/2026 05:50:52 PM
27496B,N,V,03/31/2026 06:16:16 PM
27497A,N,V,04/02/2026 04:06:03 PM
27497B,N,V,04/01/2026 02:42:25 PM
27498A,N,V,04/02/2026 02:04:04 PM
27498B,N,V,04/02/2026 05:11:26 PM
27499A,N,V,04/02/2026 07:36:39 PM
27499B,N,V,04/02/2026 02:37:51 PM
27500B,N,V,04/01/2026 04:18:24 PM
27501A,N,O,04/02/2026 06:59:04 AM
27501B,N,O,04/02/2026 10:05:31 AM
27502A,N,O,04/02/2026 02:26:59 PM
27502B,N,O,04/02/2026 02:25:21 PM
27503A,N,O,04/02/2026 02:22:20 PM
27503B,N,O,04/02/2026 05:34:43 PM
27504A,N,O,04/02/2026 05:32:55 PM
27504B,N,O,04/02/2026 07:59:57 PM
27505A,N,O,04/02/2026 06:02:52 PM
27505B,N,O,04/02/2026 10:16:13 AM
27506A,N,O,04/02/2026 07:47:50 PM
27506B,N,O,04/02/2026 05:09:09 PM
27507A,N,O,04/02/2026 03:29:43 PM
27507B,N,O,04/02/2026 04:14:19 PM
27508A,N,O,04/02/2026 04:14:43 PM
27508B,N,O,04/02/2026 05:09:24 PM
27509A,N,O,04/02/2026 06:25:35 PM
27509B,N,O,04/02/2026 05:15:07 PM
27510A,N,O,04/02/2026 06:46:48 PM
27510B,N,O,04/02/2026 03:58:02 PM
27511A,N,O,04/02/2026 05:49:37 PM
27511B,N,O,04/02/2026 05:16:24 PM
27512A,N,O,04/02/2026 07:29:25 PM
27512B,N,O,04/02/2026 06:49:17 PM
27513A,N,O,04/02/2026 06:24:58 PM
27513B,N,O,04/02/2026 06:11:34 PM
27514A,N,O,04/02/2026 06:03:47 PM
27514B,N,O,04/02/2026 05:58:45 PM
27515A,N,O,04/02/2026 02:44:12 PM
27515B,N,O,04/02/2026 06:02:16 PM
27516A,N,O,04/02/2026 05:24:55 PM
27516B,N,O,04/02/2026 04:47:38 PM
27517A,N,O,04/02/2026 06:06:08 PM
27517B,N,O,04/02/2026 05:59:53 PM
27518A,N,V,04/02/2026 06:36:21 PM
27518B,N,O,04/02/2026 04:09:45 PM
27519A,N,O,04/02/2026 05:39:15 PM
2751A,N,O,04/02/2026 11:46:15 PM
27521B,N,O,04/02/2026 06:26:52 PM
27522A,N,O,04/02/2026 07:45:21 PM
27522B,N,O,04/02/2026 05:14:28 PM
27523A,N,O,04/02/2026 06:15:25 PM
27523B,N,O,04/02/2026 05:50:31 PM
27524A,N,O,04/02/2026 06:18:51 PM
27524B,N,O,04/02/2026 06:21:57 PM
27525A,N,V,04/02/2026 06:18:16 PM
27525B,N,O,04/02/2026 06:18:16 PM
27526A,N,O,04/02/2026 06:53:42 PM
27526B,N,V,04/02/2026 07:58:03 PM
27527A,N,V,04/02/2026 02:07:15 PM
27527B,N,O,04/02/2026 07:42:43 PM
27528A,N,V,04/02/2026 06:57:10 PM
27528B,N,O,04/02/2026 07:01:47 PM
27529A,N,V,04/02/2026 04:28:32 PM
27529B,N,V,04/02/2026 02:35:11 PM
2752A,N,O,04/02/2026 10:23:20 PM
2752B,N,O,04/02/2026 07:19:48 PM
27530A,N,V,04/02/2026 07:52:47 PM
27530B,N,V,04/02/2026 06:48:52 PM
27531A,N,O,04/02/2026 07:54:58 PM
27531B,N,V,04/02/2026 07:05:19 PM
27532A,N,V,04/02/2026 02:31:34 PM
27532B,N,O,04/02/2026 06:19:51 PM
27533A,N,V,04/02/2026 07:10:43 PM
27533B,N,O,04/02/2026 06:24:55 PM
27534A,N,O,04/02/2026 07:41:12 PM
27534B,N,O,04/02/2026 02:41:51 PM
27535A,N,O,04/02/2026 02:36:12 PM
27535B,N,O,04/02/2026 04:20:44 PM
27536A,N,O,04/02/2026 04:21:18 PM
27536B,N,O,04/02/2026 04:45:03 PM
27537A,N,V,04/02/2026 07:59:18 PM
27537B,N,O,04/02/2026 07:59:06 PM
27538A,N,O,04/02/2026 06:09:06 PM
27538B,N,O,04/02/2026 05:03:30 PM
27539A,N,O,04/02/2026 02:17:44 PM
27539B,N,V,04/02/2026 07:59:43 PM
2753A,N,O,04/02/2026 09:40:49 PM
2753B,N,O,04/02/2026 10:29:47 PM
27541B,N,O,04/02/2026 03:48:48 PM
27542A,N,O,04/02/2026 07:38:33 AM
27542B,N,O,04/02/2026 08:22:46 AM
27543A,N,O,04/02/2026 07:16:31 PM
27543B,N,O,04/02/2026 06:30:54 PM
27544A,N,O,04/02/2026 04:17:21 PM
27544B,N,O,04/02/2026 06:45:22 PM
27545A,N,O,04/02/2026 04:26:53 PM
27545B,N,O,04/02/2026 05:14:23 PM
27546A,N,O,04/02/2026 05:36:14 PM
27546B,N,O,04/02/2026 06:43:22 PM
27547A,N,O,04/02/2026 07:05:31 PM
27547B,N,O,04/02/2026 07:15:09 PM
27548B,N,O,04/02/2026 06:21:43 PM
27549A,N,O,04/02/2026 07:27:06 PM
27549B,N,O,04/02/2026 04:41:04 PM
2754A,N,V,04/02/2026 10:36:09 PM
2754B,N,O,04/02/2026 09:50:37 PM
27550A,N,O,04/02/2026 07:59:48 PM
27550B,N,O,04/02/2026 05:40:29 PM
27551A,N,O,04/02/2026 07:19:29 PM
27552A,N,O,04/02/2026 04:46:03 PM
27552B,N,O,04/02/2026 05:25:55 PM
27553A,N,O,04/02/2026 07:55:24 PM
27553B,N,V,04/02/2026 07:46:35 PM
27556A,N,V,04/02/2026 07:55:33 PM
27556B,N,O,04/02/2026 05:02:39 PM
27557A,N,O,04/02/2026 05:50:34 PM
27557B,N,O,04/02/2026 07:52:35 PM
27558A,N,O,04/02/2026 06:04:24 PM
27558B,N,O,04/02/2026 06:23:11 PM
27559A,N,O,04/02/2026 07:52:03 PM
27559B,N,O,04/02/2026 07:49:42 PM
2755A,N,O,04/02/2026 09:44:06 PM
2755B,N,V,04/02/2026 10:16:38 PM
27560A,N,O,04/02/2026 07:20:08 PM
27560B,N,O,04/02/2026 07:44:39 PM
27561A,N,O,04/02/2026 06:03:11 PM
27561B,N,O,04/02/2026 05:16:32 PM
27562A,N,O,04/02/2026 07:33:53 PM
27562B,N,O,04/02/2026 05:34:20 PM
27563A,N,O,04/02/2026 06:45:54 PM
27563B,N,O,04/02/2026 05:37:21 PM
27564A,N,O,04/02/2026 06:37:47 PM
27564B,N,O,04/02/2026 07:57:17 PM
27565A,N,V,04/02/2026 06:47:02 PM
27565B,N,O,04/02/2026 06:05:51 PM
27566A,N,V,04/02/2026 07:39:33 PM
27566B,N,O,04/02/2026 05:17:12 PM
27567A,N,V,04/02/2026 06:57:03 PM
27567B,N,O,04/02/2026 05:36:37 PM
27568A,N,O,04/02/2026 07:28:44 PM
27568B,N,O,04/02/2026 05:46:49 PM
27569B,N,O,04/02/2026 05:46:43 PM
2756A,N,O,04/02/2026 08:13:37 PM
2756B,N,O,04/02/2026 11:57:04 PM
27570A,N,O,04/02/2026 02:52:02 PM
27570B,N,O,04/02/2026 02:36:05 PM
27571A,N,O,04/02/2026 07:09:06 PM
27571B,N,O,04/02/2026 05:48:51 PM
27572A,N,O,04/02/2026 06:16:04 PM
27572B,N,O,04/02/2026 10:46:29 AM
27573A,N,O,04/02/2026 01:58:26 PM
27573B,N,O,04/02/2026 02:00:59 PM
27574B,N,O,04/02/2026 12:05:16 PM
27575A,N,O,04/02/2026 06:40:56 PM
27575B,N,V,04/02/2026 07:58:07 PM
27576A,N,O,04/02/2026 06:41:44 PM
27576B,N,O,04/02/2026 07:13:41 PM
27577A,N,O,04/02/2026 06:10:57 PM
27578A,N,O,04/02/2026 06:27:04 PM
27578B,N,O,04/02/2026 06:09:13 PM
27579A,N,O,04/02/2026 06:38:06 PM
27579B,N,O,04/02/2026 06:12:14 PM
27580A,N,V,04/02/2026 07:59:58 PM
27581A,N,O,04/02/2026 05:58:08 PM
27581B,N,O,04/02/2026 06:09:45 PM
27582A,N,O,04/02/2026 05:53:00 PM
27582B,N,O,04/02/2026 05:49:19 PM
27583A,N,O,04/02/2026 04:56:45 PM
27587A,N,O,04/02/2026 05:42:31 PM
27587B,N,V,04/02/2026 09:16:29 AM
27588A,N,O,04/02/2026 05:50:06 PM
27588B,N,O,04/02/2026 05:59:10 PM
27589A,N,O,04/02/2026 06:37:29 PM
2758A,N,V,04/02/2026 11:54:45 PM
2758B,N,V,04/02/2026 11:54:36 PM
27590A,N,O,04/02/2026 03:19:29 PM
27590B,N,O,04/02/2026 06:59:56 AM
27591A,N,V,04/02/2026 07:58:57 PM
27591B,N,O,04/02/2026 05:55:14 PM
27592A,N,O,04/02/2026 03:07:57 PM
27593A,N,O,04/02/2026 06:16:58 PM
27593B,N,O,04/02/2026 05:00:26 PM
27594A,N,O,04/02/2026 04:59:06 PM
27594B,N,O,04/02/2026 06:19:02 PM
27595A,N,O,04/02/2026 06:41:30 PM
27596A,N,O,04/02/2026 04:17:22 PM
27599B,N,O,04/02/2026 06:55:53 AM
2759A,N,O,04/02/2026 10:11:50 PM
2759B,N,V,04/02/2026 10:23:30 PM
27600A,N,O,04/02/2026 01:40:04 PM
27600B,N,O,04/02/2026 11:54:29 AM
27601A,N,O,04/02/2026 06:58:50 AM
27601B,N,O,04/02/2026 06:58:50 AM
27602A,N,O,04/02/2026 03:58:50 PM
27605A,N,V,04/02/2026 06:14:57 PM
27606B,N,V,04/02/2026 05:23:46 PM
27607A,N,O,04/02/2026 06:54:26 PM
27607B,N,O,04/02/2026 01:24:44 PM
27608A,N,O,04/02/2026 06:52:09 PM
27608B,N,O,04/02/2026 07:01:02 PM
27609A,N,O,04/02/2026 04:23:04 PM
27609B,N,O,04/02/2026 05:05:25 PM
2760B,N,O,04/02/2026 11:58:32 PM
27610A,N,O,04/02/2026 03:20:04 PM
27610B,N,O,04/02/2026 05:44:43 PM
27611A,N,O,04/02/2026 04:57:45 PM
27611B,N,O,04/02/2026 06:22:06 PM
27612A,N,O,04/02/2026 04:18:04 PM
27612B,N,V,04/02/2026 07:20:21 PM
27613A,N,O,04/02/2026 03:09:19 PM
27613B,N,O,04/02/2026 06:59:32 PM
27614A,N,O,04/02/2026 06:47:21 PM
27614B,N,O,04/02/2026 03:51:28 PM
27615A,N,O,04/02/2026 06:31:26 PM
27615B,N,O,04/02/2026 07:01:28 PM
27616A,N,O,04/02/2026 06:51:00 PM
27616B,N,O,04/02/2026 07:31:51 PM
27617A,N,O,04/02/2026 06:18:51 PM
27617B,N,O,04/02/2026 06:19:46 PM
27618B,N,O,04/02/2026 05:49:59 PM
27619A,N,O,04/02/2026 01:46:18 PM
27619B,N,O,04/02/2026 04:25:02 PM
2761B,N,O,04/02/2026 02:29:10 PM
27620B,N,O,04/02/2026 06:38:57 PM
27622A,N,O,04/02/2026 02:17:02 PM
27622B,N,O,04/02/2026 04:59:03 PM
27625A,N,O,04/02/2026 07:30:12 PM
27625B,N,O,04/02/2026 07:30:47 PM
27626A,N,O,04/02/2026 06:31:34 PM
27626B,N,O,04/02/2026 05:39:53 PM
27627A,N,O,04/02/2026 06:46:58 PM
27627B,N,O,04/02/2026 02:39:43 PM
27628A,N,O,04/02/2026 03:26:55 PM
27628B,N,O,04/02/2026 06:56:43 AM
27629A,N,O,04/02/2026 05:00:53 PM
27629B,N,O,04/02/2026 06:37:39 PM
2762A,N,V,04/02/2026 11:58:51 PM
2762B,N,O,04/02/2026 05:35:10 PM
27630A,N,O,04/02/2026 05:25:28 PM
27630B,N,O,04/02/2026 05:32:21 PM
27631A,N,O,04/02/2026 04:18:57 PM
27631B,N,O,04/02/2026 03:59:19 PM
27632A,N,O,04/02/2026 04:20:59 PM
27632B,N,O,04/02/2026 07:38:02 PM
27633A,N,O,04/02/2026 06:11:23 PM
27633B,N,O,04/02/2026 12:21:23 PM
27634B,N,O,04/02/2026 06:05:12 PM
27635A,N,O,04/02/2026 07:59:57 PM
27635B,N,O,04/02/2026 06:59:46 AM
27636A,N,O,04/02/2026 10:50:59 AM
27636B,N,O,04/02/2026 06:58:48 AM
27637A,N,O,04/02/2026 07:21:03 PM
27637B,N,O,04/02/2026 08:29:27 AM
27638A,N,O,04/02/2026 04:53:46 PM
27638B,N,O,04/02/2026 06:44:53 PM
27639A,N,O,04/02/2026 04:33:08 PM
27639B,N,O,04/02/2026 07:43:56 PM
2763A,N,O,04/02/2026 09:50:55 PM
2763B,N,V,04/02/2026 09:49:14 PM
27641A,N,O,04/02/2026 05:53:46 PM
27641B,N,O,04/02/2026 06:29:58 PM
27642A,N,O,04/02/2026 04:54:41 PM
27642B,N,O,04/02/2026 07:29:57 PM
27643A,N,O,04/02/2026 06:48:03 PM
27643B,N,V,04/02/2026 07:58:43 PM
27644A,N,O,04/02/2026 06:45:02 PM
27644B,N,O,04/02/2026 07:26:21 PM
27645A,N,O,04/02/2026 03:55:50 PM
27645B,N,O,04/02/2026 06:31:54 PM
2764A,N,O,04/02/2026 10:06:57 PM
2764B,N,O,04/02/2026 06:55:53 AM
27654B,N,O,04/02/2026 05:04:23 PM
27655A,N,O,04/02/2026 05:41:37 PM
27655B,N,O,04/02/2026 04:33:09 PM
27656A,N,O,04/02/2026 07:02:17 PM
27656B,N,O,04/02/2026 05:11:44 PM
27657A,N,O,04/02/2026 02:48:56 PM
27657B,N,O,04/02/2026 05:59:16 PM
27658A,N,O,04/02/2026 03:18:13 PM
27658B,N,O,04/02/2026 06:11:58 PM
27659A,N,O,04/02/2026 07:25:28 PM
27659B,N,V,04/02/2026 05:44:47 PM
2765A,N,O,04/02/2026 06:59:52 AM
2765B,N,O,04/02/2026 07:24:03 PM
27660A,N,V,04/02/2026 05:23:24 PM
27660B,N,O,04/02/2026 03:49:50 PM
27661A,N,V,04/02/2026 05:39:55 PM
27662A,N,O,04/02/2026 06:15:10 PM
27662B,N,O,04/02/2026 04:13:43 PM
27663B,N,O,04/02/2026 05:42:55 PM
27664A,N,O,04/02/2026 06:55:49 AM
27664B,N,O,04/02/2026 05:38:43 PM
27665A,N,O,04/02/2026 05:09:52 PM
27665B,N,O,04/02/2026 05:16:36 PM
27666A,N,O,04/02/2026 07:19:32 PM
27666B,N,O,04/02/2026 05:45:47 PM
27667A,N,O,04/02/2026 06:02:41 PM
27667B,N,O,04/02/2026 06:18:33 PM
27668A,N,O,04/02/2026 06:21:28 PM
27668B,N,O,04/02/2026 03:24:37 PM
27669A,N,O,04/02/2026 04:41:52 PM
27669B,N,O,04/02/2026 05:12:40 PM
2766A,N,O,04/02/2026 06:58:47 AM
2766B,N,V,04/02/2026 10:44:33 PM
27670A,N,O,04/02/2026 05:08:36 PM
27670B,N,O,04/02/2026 05:24:33 PM
27671A,N,O,04/02/2026 06:17:11 PM
27671B,N,O,04/02/2026 07:22:55 PM
27672A,N,O,04/02/2026 03:36:35 PM
27672B,N,O,04/02/2026 06:58:55 PM
27673B,N,O,04/02/2026 07:02:31 PM
27674A,N,O,04/02/2026 06:46:14 PM
27674B,N,O,04/02/2026 07:23:44 PM
27675A,N,O,04/02/2026 05:54:53 PM
27676A,N,O,04/02/2026 05:37:56 PM
27676B,N,O,04/02/2026 04:36:52 PM
27677A,N,O,04/02/2026 03:49:32 PM
27677B,N,O,04/02/2026 04:26:10 PM
27678A,N,O,04/02/2026 06:55:21 PM
27678B,N,O,04/02/2026 06:45:10 PM
27679A,N,O,04/02/2026 03:17:45 PM
27679B,N,V,04/02/2026 06:56:34 PM
2767A,N,O,04/02/2026 11:14:47 PM
2767B,N,V,04/02/2026 11:42:25 PM
27680A,N,O,04/02/2026 04:41:17 PM
27680B,N,O,04/02/2026 03:35:14 PM
27681A,N,O,04/02/2026 06:20:31 PM
27681B,N,O,04/02/2026 02:12:18 PM
27682B,N,O,04/02/2026 02:11:16 PM
27683A,N,O,04/02/2026 05:55:48 PM
27683B,N,O,04/02/2026 02:39:06 PM
27684A,N,O,04/02/2026 06:41:22 PM
27684B,N,O,03/16/2026 05:32:44 PM
27686A,N,O,04/02/2026 07:36:55 PM
27686B,N,O,04/02/2026 07:10:26 PM
27687A,N,O,04/02/2026 06:40:14 PM
27687B,N,O,04/02/2026 07:37:26 PM
27688A,N,O,04/02/2026 07:16:36 PM
27688B,N,O,04/02/2026 06:39:55 PM
27689A,N,O,04/02/2026 04:24:00 PM
27689B,N,O,04/02/2026 06:44:05 PM
2768A,N,V,04/02/2026 09:14:41 PM
2768B,N,V,04/02/2026 11:37:10 PM
27690A,N,O,04/02/2026 07:25:36 PM
27690B,N,O,04/02/2026 04:14:51 PM
27691A,N,V,04/01/2026 07:59:55 AM
27691B,N,V,04/01/2026 01:30:51 PM
27692A,N,V,04/02/2026 04:23:05 PM
27692B,N,V,04/02/2026 07:49:03 PM
27693A,N,V,04/02/2026 07:48:16 PM
27693B,N,O,04/02/2026 07:37:24 PM
27694A,N,O,04/02/2026 07:41:13 PM
27694B,N,V,04/02/2026 05:40:28 PM
27695A,N,V,04/03/2026 08:08:08 AM
27695B,N,V,04/03/2026 07:47:34 AM
27696A,N,V,04/02/2026 03:34:26 PM
27696B,N,O,04/03/2026 06:58:46 AM
27697A,N,V,04/03/2026 07:53:37 AM
27697B,N,V,04/02/2026 05:32:10 PM
2769A,N,O,04/02/2026 03:22:03 PM
2769B,N,O,04/02/2026 10:40:27 PM
27701A,N,O,04/02/2026 05:03:02 PM
27701B,N,O,04/02/2026 06:58:54 AM
27702A,N,O,04/02/2026 09:07:07 AM
27702B,N,O,04/02/2026 04:19:48 PM
27703A,N,O,04/02/2026 04:19:29 PM
27703B,N,O,04/02/2026 12:03:09 PM
27705A,N,O,04/02/2026 06:59:52 AM
27706B,N,V,04/02/2026 06:54:05 PM
27707A,N,O,04/02/2026 06:54:04 PM
27707B,N,O,04/02/2026 07:32:53 PM
27708A,N,O,04/02/2026 04:35:59 PM
27708B,N,O,04/02/2026 06:43:10 PM
27709A,N,O,04/02/2026 03:34:41 PM
27709B,N,O,04/02/2026 07:16:54 PM
27711B,N,O,04/02/2026 06:29:17 PM
27712A,N,V,04/02/2026 07:59:56 PM
27712B,N,O,04/02/2026 06:23:56 PM
27713A,N,O,04/02/2026 05:34:29 PM
27713B,N,V,04/02/2026 07:52:47 PM
27714A,N,O,04/02/2026 05:50:55 PM
27715A,N,O,04/02/2026 07:38:28 PM
27715B,N,O,04/02/2026 07:51:42 PM
27716A,N,O,04/02/2026 06:42:12 PM
27716B,N,O,04/02/2026 06:17:52 PM
27717B,N,O,04/02/2026 10:16:22 AM
27719A,N,V,04/02/2026 07:03:26 PM
27719B,N,V,04/02/2026 07:13:00 PM
2771A,N,O,04/02/2026 11:32:10 PM
2771B,N,O,04/02/2026 10:15:49 PM
27720A,N,V,04/02/2026 06:39:50 PM
27720B,N,V,04/02/2026 07:30:26 PM
27721A,N,V,04/02/2026 07:47:42 PM
27721B,N,V,04/02/2026 06:44:55 PM
27722A,N,V,04/02/2026 05:17:31 PM
27722B,N,O,04/02/2026 05:47:13 PM
27723A,N,O,04/02/2026 07:37:45 PM
27724A,N,O,04/02/2026 03:00:55 PM
27724B,N,O,04/02/2026 06:55:50 AM
27725A,N,V,04/02/2026 10:39:37 AM
27725B,N,V,04/02/2026 06:04:47 PM
27726A,N,V,03/31/2026 06:44:12 PM
27726B,N,V,04/02/2026 07:23:17 PM
27727A,N,V,04/02/2026 04:22:04 PM
27727B,N,V,04/02/2026 06:26:40 PM
27728A,N,V,04/02/2026 12:54:17 PM
27728B,N,O,04/02/2026 12:52:58 PM
27729A,N,V,04/02/2026 11:04:49 AM
27729B,N,V,04/02/2026 07:10:44 PM
2772A,N,O,04/02/2026 11:32:15 PM
2772B,N,O,04/02/2026 10:42:29 PM
27730A,N,V,04/02/2026 06:37:31 PM
27730B,N,V,04/02/2026 07:54:43 PM
27731A,N,V,04/02/2026 07:13:24 PM
27731B,N,V,04/02/2026 05:20:56 PM
27732A,N,V,04/02/2026 01:35:26 PM
27733A,N,V,04/02/2026 02:51:45 PM
27733B,N,V,04/02/2026 04:27:32 PM
27734A,N,V,04/02/2026 07:44:26 PM
27734B,N,V,04/02/2026 07:01:04 PM
27735A,N,V,04/02/2026 01:32:09 PM
27735B,N,V,04/02/2026 07:59:03 PM
27736A,N,O,04/02/2026 04:55:48 PM
27736B,N,O,04/02/2026 07:57:17 PM
27737A,N,V,04/02/2026 03:13:56 PM
27737B,N,V,04/02/2026 10:47:41 AM
27738A,N,V,04/02/2026 07:58:05 PM
27739A,N,V,04/02/2026 07:30:56 PM
27739B,N,O,04/02/2026 07:59:56 PM
27740A,N,V,04/02/2026 07:21:31 PM
27740B,N,V,04/02/2026 05:28:26 PM
27741A,N,V,04/02/2026 01:22:54 PM
27741B,N,V,04/02/2026 07:59:44 PM
27742A,N,V,04/02/2026 06:01:04 PM
27742B,N,V,04/02/2026 07:43:07 PM
27743A,N,O,04/02/2026 07:30:41 PM
27743B,N,V,04/02/2026 07:59:40 PM
27744A,N,V,04/02/2026 07:16:53 PM
27744B,N,V,04/02/2026 07:19:27 PM
27745A,N,V,04/02/2026 07:42:03 PM
27745B,N,V,04/02/2026 07:58:28 PM
27746A,N,V,04/02/2026 05:17:40 PM
27746B,N,V,04/02/2026 05:18:42 PM
27747A,N,V,04/02/2026 10:35:26 AM
27747B,N,V,03/29/2026 06:51:03 PM
27748A,N,V,04/01/2026 06:56:08 PM
27748B,N,O,04/02/2026 07:59:50 PM
27749A,N,V,04/02/2026 07:46:57 PM
2774A,N,O,04/02/2026 11:35:47 PM
2774B,N,V,04/02/2026 11:45:22 PM
27750A,N,O,04/02/2026 05:14:46 PM
27750B,N,V,04/02/2026 11:59:40 AM
27751A,N,V,04/02/2026 06:03:38 PM
27752A,N,V,04/02/2026 07:58:03 PM
27752B,N,V,04/02/2026 07:59:12 PM
27753A,N,V,04/02/2026 12:17:25 PM
27753B,N,V,04/02/2026 12:18:03 PM
27754A,N,V,04/02/2026 01:41:39 PM
27754B,N,V,04/01/2026 07:55:03 PM
27755A,N,V,04/02/2026 02:50:50 PM
27755B,N,V,04/02/2026 02:50:57 PM
27756A,N,V,04/02/2026 06:10:32 PM
27756B,N,O,04/02/2026 05:15:57 PM
27757A,N,V,04/02/2026 11:39:47 AM
27757B,N,V,04/01/2026 03:29:42 PM
27758A,N,O,04/02/2026 03:17:11 PM
27758B,N,V,04/02/2026 04:39:55 PM
27759A,N,V,04/01/2026 04:54:46 PM
27759B,N,V,04/01/2026 04:50:42 PM
2775B,N,O,04/02/2026 10:04:49 PM
27760A,N,O,04/02/2026 07:37:27 PM
27760B,N,V,04/02/2026 03:21:43 PM
27761A,N,V,04/02/2026 06:31:07 PM
27761B,N,O,04/01/2026 07:56:46 PM
27762A,N,V,04/02/2026 05:18:01 PM
27762B,N,O,04/02/2026 07:57:39 PM
27763A,N,V,04/01/2026 02:58:59 PM
27763B,N,V,04/01/2026 02:58:59 PM
27764A,N,V,04/01/2026 02:46:07 PM
27764B,N,O,04/01/2026 01:53:55 PM
27765A,N,V,04/02/2026 05:13:46 PM
27766A,N,O,04/02/2026 07:58:03 PM
27766B,N,V,04/02/2026 07:54:20 PM
27767A,N,O,04/02/2026 06:57:50 AM
27767B,N,O,04/02/2026 07:23:06 PM
27768A,N,O,04/02/2026 09:10:47 AM
27768B,N,O,04/02/2026 06:56:50 AM
27769A,N,O,04/02/2026 07:55:31 PM
27769B,N,O,04/02/2026 07:17:31 PM
27770A,NU,O,03/26/2026 11:09:24 AM
27770B,NU,O,03/26/2026 11:10:03 AM
27771A,N,O,04/02/2026 05:26:00 PM
27771B,N,O,04/02/2026 05:34:29 PM
27772A,N,O,04/02/2026 10:33:39 AM
27772B,N,O,04/02/2026 04:25:21 PM
27774A,N,O,04/02/2026 03:48:32 PM
27774B,N,O,04/02/2026 02:14:30 PM
27775A,N,O,04/02/2026 03:05:31 PM
27775B,N,O,04/02/2026 08:00:03 PM
27776A,N,O,04/02/2026 01:50:46 PM
27776B,N,O,04/02/2026 10:26:59 AM
27777A,N,O,04/02/2026 07:45:02 PM
27777B,N,O,04/02/2026 02:36:57 PM
27778A,N,O,04/02/2026 06:09:00 PM
27779A,N,O,04/02/2026 06:12:07 PM
27779B,N,O,04/02/2026 04:41:05 PM
2777A,N,O,04/02/2026 07:15:19 PM
27780A,N,O,04/02/2026 07:56:52 PM
27780B,N,O,04/02/2026 07:02:10 PM
27781A,N,O,04/02/2026 05:58:09 PM
27781B,N,O,04/02/2026 06:14:37 PM
27782A,N,O,04/02/2026 06:06:59 PM
27782B,N,O,04/02/2026 06:22:20 PM
27783A,N,O,04/02/2026 04:02:04 PM
27784A,N,O,04/02/2026 07:52:58 PM
27784B,N,O,04/02/2026 07:57:23 PM
27785A,N,O,04/02/2026 06:32:19 PM
27785B,N,O,04/02/2026 07:43:47 PM
27786A,N,O,04/02/2026 03:34:36 PM
27787A,N,O,04/02/2026 05:16:54 PM
27787B,N,O,04/02/2026 07:48:36 PM
27788A,N,O,04/02/2026 05:59:54 PM
27788B,N,O,04/02/2026 06:12:50 PM
27789A,N,O,04/02/2026 05:54:24 PM
27789B,N,O,04/02/2026 05:19:44 PM
27790A,N,O,04/02/2026 06:05:42 PM
27790B,N,O,04/02/2026 05:42:46 PM
27791A,N,O,04/02/2026 03:36:57 PM
27791B,N,O,04/02/2026 04:08:15 PM
27792A,N,O,04/02/2026 06:20:30 PM
27792B,N,O,04/02/2026 06:43:17 PM
27793A,N,V,04/02/2026 07:59:24 PM
27793B,N,O,04/02/2026 04:55:50 PM
27794A,N,V,04/02/2026 08:00:00 PM
27794B,N,V,04/02/2026 05:30:27 PM
27795A,N,O,04/02/2026 07:14:58 PM
27795B,N,V,04/02/2026 06:06:06 PM
27796A,N,V,04/02/2026 06:24:02 PM
27796B,N,V,04/02/2026 06:38:37 PM
27797A,N,V,04/02/2026 03:11:34 PM
27797B,N,O,04/02/2026 06:20:08 PM
27798A,N,V,04/02/2026 10:56:34 AM
27798B,N,V,04/02/2026 06:01:07 PM
27799A,N,V,04/02/2026 07:24:43 PM
27799B,N,V,04/02/2026 04:43:17 PM
2779A,N,O,04/02/2026 09:08:21 PM
2779B,N,O,04/02/2026 09:11:18 PM
27800A,N,V,04/02/2026 04:24:57 PM
27800B,N,V,04/02/2026 06:04:29 PM
27801A,N,O,04/02/2026 07:55:59 PM
27801B,N,O,04/02/2026 07:00:41 PM
27802A,N,O,04/02/2026 04:32:27 PM
27802B,N,O,04/02/2026 06:58:24 PM
27803A,NU,O,04/02/2026 04:01:20 PM
27803B,NU,O,04/02/2026 04:29:21 PM
27804A,N,O,04/02/2026 07:54:39 PM
27804B,N,V,04/02/2026 07:20:34 PM
27805A,N,O,04/02/2026 07:40:35 PM
27805B,N,V,04/02/2026 03:48:53 PM
27806A,N,O,04/02/2026 06:55:46 PM
27806B,N,O,04/02/2026 07:03:31 PM
27807A,N,V,04/02/2026 03:09:02 PM
27807B,N,V,04/02/2026 02:58:24 PM
27808A,N,V,04/02/2026 05:08:51 PM
27808B,N,V,04/02/2026 04:36:17 PM
27809A,N,V,04/02/2026 04:16:10 PM
27809B,N,V,04/02/2026 04:33:18 PM
2780A,N,O,04/02/2026 09:23:05 PM
2780B,N,O,04/02/2026 11:57:57 PM
27810A,N,V,04/02/2026 06:15:08 PM
27810B,N,O,04/01/2026 07:39:36 PM
27811A,N,V,04/02/2026 04:56:22 PM
27811B,N,V,04/02/2026 08:00:35 AM
27812A,N,V,04/02/2026 04:43:09 PM
27812B,N,V,04/02/2026 02:21:31 PM
27813A,N,V,04/02/2026 06:45:49 PM
27813B,N,O,04/02/2026 06:34:17 PM
27814A,N,O,04/02/2026 06:49:22 PM
27814B,N,O,04/02/2026 07:45:53 PM
27815A,N,O,04/02/2026 10:56:05 AM
27815B,N,O,04/02/2026 04:27:32 PM
27816B,N,O,04/02/2026 06:16:11 PM
27817A,N,V,04/02/2026 07:46:24 PM
27817B,N,O,04/02/2026 07:52:54 PM
27818A,N,O,04/02/2026 07:03:13 PM
27818B,N,O,04/02/2026 07:42:57 PM
27819A,N,O,04/02/2026 06:31:40 PM
27819B,N,O,04/02/2026 06:22:23 PM
2781A,N,O,04/02/2026 11:01:13 PM
2781B,N,O,04/02/2026 11:58:03 PM
27820A,N,O,04/02/2026 06:33:38 PM
27820B,N,V,04/02/2026 07:55:24 PM
27821A,N,V,04/02/2026 07:23:16 PM
27821B,N,O,04/02/2026 06:58:49 AM
27822A,N,O,04/02/2026 05:59:51 PM
27822B,N,O,04/02/2026 06:39:52 PM
27823A,N,O,04/02/2026 08:00:00 PM
27823B,N,O,04/02/2026 05:58:04 PM
27824A,N,O,04/02/2026 04:41:46 PM
27824B,N,O,04/02/2026 06:00:07 PM
27825A,N,O,04/02/2026 07:22:40 PM
27825B,N,O,04/02/2026 08:00:00 PM
27826A,N,O,04/02/2026 06:22:03 PM
27826B,N,O,04/02/2026 06:32:19 PM
27827A,N,O,04/02/2026 07:49:51 PM
27827B,N,V,04/02/2026 07:10:19 PM
27828A,N,O,04/02/2026 06:05:28 PM
27829B,N,O,04/02/2026 06:08:37 PM
27830A,N,O,04/02/2026 06:45:10 PM
27830B,N,O,04/02/2026 06:37:29 PM
27831A,N,O,04/02/2026 07:52:38 PM
27831B,N,O,04/02/2026 06:46:30 PM
27832A,N,O,04/02/2026 06:31:47 PM
27832B,N,O,04/02/2026 06:28:11 PM
27833A,N,O,04/02/2026 06:16:26 PM
27833B,N,O,04/02/2026 06:30:28 PM
27834A,N,O,04/02/2026 07:44:30 PM
27834B,N,O,04/02/2026 07:58:33 PM
27835A,N,O,04/02/2026 07:36:23 PM
27835B,N,O,04/02/2026 07:32:27 PM
27836A,N,O,04/02/2026 07:53:34 PM
27836B,N,O,04/02/2026 06:58:49 AM
27837A,N,O,04/02/2026 07:50:41 AM
27837B,N,O,04/02/2026 06:09:08 PM
27838A,N,O,04/02/2026 03:18:35 PM
27838B,N,O,04/02/2026 10:53:33 AM
27839A,N,O,04/02/2026 01:18:35 PM
27839B,N,O,04/02/2026 10:25:04 AM
2783A,N,V,04/02/2026 11:13:50 PM
2783B,N,V,04/02/2026 09:15:45 PM
27840A,N,O,04/02/2026 06:59:50 AM
27840B,N,O,04/02/2026 05:35:53 PM
27841A,N,O,04/02/2026 02:30:20 PM
27841B,N,O,04/02/2026 02:46:35 PM
27842B,N,V,04/02/2026 05:58:19 PM
27843A,N,O,04/02/2026 07:55:44 PM
27843B,N,O,04/02/2026 06:53:40 PM
27844A,N,O,04/02/2026 07:52:24 PM
27844B,N,O,04/02/2026 06:43:28 PM
27845A,N,O,03/07/2026 01:29:49 PM
27845B,N,V,03/07/2026 09:20:54 AM
27846A,N,O,04/02/2026 06:20:19 PM
27846B,N,V,04/02/2026 04:31:04 PM
27847A,N,V,04/02/2026 07:15:07 PM
27847B,N,O,04/02/2026 07:59:16 PM
27848A,N,V,04/02/2026 06:12:18 PM
27848B,N,O,04/02/2026 06:43:49 PM
27849A,N,V,04/02/2026 03:15:52 PM
27849B,N,V,04/02/2026 04:24:59 PM
2784A,N,O,04/02/2026 11:42:51 PM
2784B,N,O,04/02/2026 11:59:15 PM
27850A,N,V,04/02/2026 01:17:01 PM
27850B,N,O,04/02/2026 06:27:47 PM
27851A,N,O,04/02/2026 07:00:46 PM
27851B,N,O,04/02/2026 06:17:45 PM
27852A,N,O,04/02/2026 07:52:24 AM
27852B,N,O,04/02/2026 03:17:16 PM
27853A,N,V,04/02/2026 07:11:11 PM
27853B,N,V,04/02/2026 09:10:37 AM
27854A,N,O,04/02/2026 07:04:35 PM
27854B,N,V,04/02/2026 06:50:00 PM
27855A,N,O,04/02/2026 07:26:33 PM
27855B,N,V,04/02/2026 11:59:31 AM
27856A,N,V,04/02/2026 05:39:17 PM
27856B,N,V,04/02/2026 07:02:28 PM
27857A,N,O,04/02/2026 07:02:58 PM
27857B,N,V,04/02/2026 10:40:05 AM
27858A,N,V,04/02/2026 02:52:06 PM
27858B,N,V,04/02/2026 07:32:54 PM
27859A,N,V,04/02/2026 10:45:25 AM
27859B,N,V,04/02/2026 05:03:06 PM
27860A,N,V,04/02/2026 07:58:18 PM
27860B,N,O,04/02/2026 06:42:31 PM
27861A,N,V,01/09/2026 10:17:51 AM
27861B,N,V,01/09/2026 10:38:55 AM
27862A,N,V,04/02/2026 04:09:43 PM
27862B,N,O,04/02/2026 06:55:38 PM
27863A,N,V,04/02/2026 06:11:10 PM
27863B,N,V,04/02/2026 05:18:02 PM
27864A,N,V,04/02/2026 01:21:08 PM
27864B,N,V,04/02/2026 03:18:38 PM
27865A,N,V,04/02/2026 06:02:28 PM
27865B,N,V,04/02/2026 07:59:57 PM
27866A,N,V,04/02/2026 04:45:49 PM
27866B,N,V,04/02/2026 07:59:10 PM
27867A,N,O,04/02/2026 07:55:46 PM
27867B,N,O,04/02/2026 05:40:03 PM
27868A,N,O,04/02/2026 05:03:50 PM
27868B,N,O,04/02/2026 03:57:00 PM
27869A,N,O,04/02/2026 04:20:32 PM
27869B,N,O,04/02/2026 04:56:25 PM
27870A,N,O,04/02/2026 05:41:22 PM
27870B,N,O,04/02/2026 05:36:48 PM
27871A,N,O,04/02/2026 07:08:33 PM
27871B,N,O,04/02/2026 05:34:06 PM
27872A,N,O,04/02/2026 04:52:12 PM
27875B,N,O,04/02/2026 05:55:15 PM
27876A,N,O,04/02/2026 07:34:35 PM
27876B,N,O,04/02/2026 07:28:48 PM
27877A,N,O,04/02/2026 05:37:20 PM
27877B,N,O,04/02/2026 11:39:41 AM
27878B,N,O,04/02/2026 05:45:07 PM
27879A,N,O,04/02/2026 05:11:43 PM
27879B,N,O,04/02/2026 05:30:22 PM
27880A,N,O,04/02/2026 06:48:10 PM
27880B,N,O,04/02/2026 06:41:17 PM
27881A,N,O,04/02/2026 05:09:12 PM
27881B,N,O,04/02/2026 07:53:23 PM
27882A,N,O,04/02/2026 03:41:51 PM
27882B,N,O,04/02/2026 07:30:48 PM
27883B,N,O,04/02/2026 06:03:29 PM
27884B,N,O,04/02/2026 06:03:06 PM
27885A,N,O,04/02/2026 06:04:08 PM
27885B,N,O,04/02/2026 05:05:04 PM
27886A,N,O,04/02/2026 06:08:39 PM
27886B,N,O,04/02/2026 04:32:28 PM
27887A,N,O,04/02/2026 04:17:37 PM
27887B,N,O,04/02/2026 01:21:29 PM
27888A,N,O,04/02/2026 07:19:52 PM
27888B,N,O,04/02/2026 07:49:19 AM
27889A,N,O,04/02/2026 06:46:55 PM
2788B,N,O,04/02/2026 06:20:24 PM
27890A,N,O,04/02/2026 02:02:45 PM
27890B,N,O,04/02/2026 03:13:02 PM
27891A,N,O,04/02/2026 05:12:59 PM
27891B,N,O,04/02/2026 05:07:45 PM
27892A,N,O,04/02/2026 06:17:11 PM
27892B,N,O,04/02/2026 06:57:55 AM
27893A,N,O,04/02/2026 07:13:30 PM
27893B,N,O,04/02/2026 05:51:31 PM
27894A,N,O,04/02/2026 06:55:49 AM
27895A,NU,V,04/02/2026 06:41:28 PM
27895B,NU,O,04/02/2026 07:59:35 PM
27896A,NU,V,04/02/2026 07:53:13 AM
27896B,NU,V,04/02/2026 07:03:39 PM
27897A,NU,V,04/02/2026 07:54:29 PM
27897B,NU,O,04/02/2026 07:59:57 PM
27898A,NU,O,04/02/2026 06:35:30 PM
27898B,NU,V,04/02/2026 07:52:28 PM
27899A,NU,V,04/02/2026 08:45:52 AM
27899B,NU,V,04/02/2026 07:22:39 PM
2789A,N,O,04/02/2026 06:52:39 PM
2789B,N,O,04/02/2026 11:16:54 PM
27900A,NU,O,04/02/2026 07:59:42 PM
27900B,NU,O,04/02/2026 07:00:05 AM
27901A,N,O,04/02/2026 06:03:51 PM
27902A,N,O,04/02/2026 07:11:56 PM
27902B,N,O,04/02/2026 05:46:10 PM
27903A,N,O,04/02/2026 07:11:29 PM
27903B,N,O,04/02/2026 07:21:41 PM
27904A,N,V,04/02/2026 07:50:32 PM
27904B,N,O,04/02/2026 06:04:06 PM
27905A,N,O,04/02/2026 07:16:51 PM
27905B,N,O,04/02/2026 07:26:32 PM
27906A,N,O,04/02/2026 07:08:41 PM
27906B,N,O,04/02/2026 07:14:20 PM
27907B,N,O,04/02/2026 06:04:33 PM
27908B,N,O,04/02/2026 05:06:30 PM
27909A,N,O,04/02/2026 04:54:33 PM
27909B,N,O,04/02/2026 07:45:12 PM
2790A,N,O,04/02/2026 07:35:02 PM
27910A,N,O,04/02/2026 06:36:54 PM
27910B,N,V,04/02/2026 07:58:33 PM
27911A,N,O,04/02/2026 06:06:04 PM
27911B,N,O,04/02/2026 07:59:18 PM
27912A,N,O,04/02/2026 05:43:58 PM
27912B,N,O,04/02/2026 04:59:08 PM
27913A,N,O,04/02/2026 03:15:03 PM
27914A,N,O,04/02/2026 02:08:25 PM
27914B,N,O,04/02/2026 07:40:43 PM
27915A,N,O,04/02/2026 07:14:47 PM
27915B,N,O,04/02/2026 06:49:40 PM
27916A,N,O,04/02/2026 06:23:53 PM
27916B,N,O,04/02/2026 07:36:23 PM
27917A,N,O,04/02/2026 07:00:11 PM
27917B,N,O,04/02/2026 06:55:16 PM
27918A,N,O,04/02/2026 07:44:30 PM
27918B,N,O,04/02/2026 07:46:40 PM
27919B,N,O,04/02/2026 05:00:40 PM
2791A,N,O,04/02/2026 10:49:47 AM
2791B,N,O,04/02/2026 08:33:25 PM
27920A,N,O,04/02/2026 05:50:10 PM
27920B,N,O,04/02/2026 02:38:03 PM
27921B,N,V,04/02/2026 06:14:48 PM
27923A,N,O,04/02/2026 07:36:12 PM
27923B,N,O,04/02/2026 06:39:00 PM
27924A,N,O,04/02/2026 06:39:16 PM
27924B,N,O,04/02/2026 02:29:46 PM
27925A,NU,O,04/02/2026 09:57:02 AM
27930A,NU,O,04/02/2026 06:59:49 AM
27931A,NU,O,04/02/2026 04:18:43 PM
27931B,NU,O,04/02/2026 06:19:35 PM
27932A,NU,O,04/02/2026 02:35:09 PM
27932B,NU,O,04/02/2026 04:14:51 PM
27933A,NU,O,04/02/2026 07:54:39 PM
27933B,NU,O,04/02/2026 03:21:58 PM
27934A,NU,O,04/02/2026 07:01:29 PM
27934B,NU,O,04/02/2026 07:58:14 PM
27935A,NU,O,04/02/2026 06:33:04 PM
27935B,NU,O,04/02/2026 07:59:31 PM
27936A,NU,O,04/02/2026 06:46:22 PM
27936B,NU,V,04/02/2026 07:42:09 PM
27937A,NU,V,04/02/2026 07:53:35 PM
27937B,NU,V,04/02/2026 06:45:55 PM
27938A,NU,O,04/02/2026 07:58:34 PM
27938B,NU,O,04/02/2026 07:34:12 PM
27939A,NU,O,04/02/2026 04:24:42 PM
27939B,NU,O,04/02/2026 04:09:11 PM
27940A,NU,O,04/02/2026 04:21:55 PM
27940B,NU,O,04/02/2026 04:04:39 PM
27941A,NU,O,04/02/2026 03:57:35 PM
27941B,NU,O,04/02/2026 04:22:00 PM
27942A,NU,O,04/02/2026 06:21:28 PM
27942B,NU,V,04/02/2026 07:50:32 PM
27943A,NU,O,04/02/2026 04:28:15 PM
27944A,NU,O,04/02/2026 03:55:29 PM
27944B,NU,O,04/02/2026 07:57:42 PM
27945A,NU,O,04/02/2026 07:51:17 PM
27945B,NU,O,04/02/2026 03:16:41 PM
27950A,N,O,04/02/2026 05:39:19 PM
27950B,N,O,04/02/2026 01:48:36 PM
27951A,N,O,04/02/2026 03:55:56 PM
27951B,N,O,04/02/2026 11:52:09 AM
27952A,N,O,04/02/2026 03:58:43 PM
27952B,N,O,04/02/2026 03:58:24 PM
27953A,N,O,04/02/2026 02:57:04 PM
27953B,N,O,04/02/2026 04:15:41 PM
27954A,N,O,04/02/2026 04:27:13 PM
27954B,N,O,04/02/2026 10:08:53 AM
27955A,N,O,04/02/2026 02:06:44 PM
27955B,N,O,04/02/2026 07:09:12 PM
27956A,N,V,04/02/2026 07:06:29 PM
27957B,N,O,04/02/2026 06:57:54 AM
27958A,N,O,04/02/2026 06:56:53 AM
27958B,N,O,04/02/2026 03:08:57 PM
27959A,N,O,04/02/2026 02:21:02 PM
27959B,N,O,04/02/2026 02:20:10 PM
27960A,N,V,04/02/2026 07:59:54 PM
27960B,N,O,04/02/2026 04:53:51 PM
27961A,N,O,04/02/2026 06:47:13 PM
27961B,N,O,04/02/2026 06:27:36 PM
27962A,N,O,04/02/2026 04:53:46 PM
27962B,N,O,04/02/2026 07:49:13 PM
27963A,N,O,04/02/2026 05:29:44 PM
28001A,N,O,04/02/2026 07:31:04 PM
28001B,N,O,04/02/2026 07:00:10 PM
28002A,NU,O,04/02/2026 07:22:14 PM
28002B,NU,O,04/02/2026 07:41:59 PM
28003A,N,V,04/03/2026 08:17:12 AM
28003B,N,V,04/03/2026 08:17:12 AM
28004A,N,V,04/03/2026 08:13:27 AM
28004B,N,O,04/03/2026 06:55:44 AM
28005A,N,O,04/03/2026 07:52:01 AM
28006A,N,O,04/02/2026 07:30:12 PM
28006B,N,O,04/03/2026 08:00:51 AM
28007A,N,V,04/03/2026 07:52:42 AM
28007B,N,O,04/03/2026 08:17:28 AM
28008A,N,O,04/03/2026 06:56:45 AM
28008B,N,V,04/03/2026 08:03:56 AM
28009B,N,O,04/03/2026 06:55:53 AM
2800B,N,V,04/02/2026 11:23:30 PM
28011A,N,V,04/03/2026 08:05:49 AM
28011B,N,O,04/03/2026 08:13:11 AM
28012A,N,O,04/03/2026 08:10:17 AM
28012B,N,O,04/02/2026 06:43:55 PM
28013A,N,O,04/03/2026 08:07:05 AM
28013B,N,O,04/03/2026 07:59:21 AM
28014A,N,V,04/03/2026 08:06:04 AM
28014B,N,O,04/02/2026 06:44:58 PM
28015A,N,O,04/03/2026 08:03:13 AM
28015B,N,V,04/03/2026 08:02:50 AM
28016A,N,O,04/03/2026 07:58:40 AM
28016B,N,O,04/03/2026 07:55:21 AM
28017B,N,O,04/03/2026 08:06:38 AM
28018A,N,O,04/03/2026 08:13:47 AM
2801A,N,O,04/02/2026 09:10:23 PM
2801B,N,O,04/02/2026 06:57:34 PM
28020B,N,O,04/03/2026 08:14:58 AM
28021A,N,O,04/03/2026 08:04:43 AM
28021B,N,O,04/03/2026 07:59:59 AM
28022A,N,O,04/03/2026 07:44:00 AM
28022B,N,O,04/03/2026 08:01:22 AM
28023A,N,O,04/03/2026 07:37:35 AM
28023B,N,O,04/03/2026 06:56:49 AM
28024A,N,O,04/02/2026 06:41:26 PM
28024B,N,V,04/03/2026 08:14:43 AM
28025A,N,O,04/03/2026 07:10:53 AM
28025B,N,O,04/03/2026 06:59:43 AM
28027A,N,O,04/03/2026 06:57:42 AM
28028A,N,V,04/03/2026 08:07:42 AM
28028B,N,V,04/03/2026 07:46:02 AM
28029A,N,O,04/03/2026 06:55:46 AM
28029B,N,O,04/03/2026 06:56:40 AM
28030A,N,O,04/03/2026 06:59:50 AM
28030B,N,V,04/03/2026 07:14:51 AM
28031A,N,O,04/03/2026 07:00:55 AM
28031B,N,O,04/03/2026 06:58:53 AM
28032A,N,V,04/03/2026 08:15:09 AM
28032B,N,O,04/03/2026 06:57:52 AM
28033A,N,O,04/03/2026 06:56:50 AM
28033B,N,O,04/03/2026 06:56:41 AM
28034A,N,V,04/03/2026 08:17:23 AM
28034B,N,O,04/03/2026 07:48:21 AM
28035A,N,V,04/03/2026 07:58:23 AM
28035B,N,V,04/02/2026 03:58:24 PM
28036A,N,V,04/03/2026 07:31:36 AM
28036B,N,O,04/03/2026 06:58:49 AM
28037A,N,O,07/20/2025 03:59:48 PM
28037B,N,V,07/18/2025 11:51:26 AM
28042B,N,O,04/02/2026 06:54:06 PM
28043A,N,O,04/03/2026 07:14:43 AM
28043B,N,O,04/03/2026 07:19:35 AM
28044A,N,O,04/03/2026 08:16:57 AM
28044B,N,O,04/03/2026 06:55:45 AM
28045A,N,O,04/03/2026 07:41:07 AM
28045B,N,O,04/03/2026 07:02:35 AM
28046A,N,O,04/03/2026 06:58:46 AM
28046B,N,O,04/03/2026 07:56:19 AM
28047A,N,O,04/03/2026 08:05:50 AM
28048A,N,O,04/03/2026 06:57:03 AM
28048B,N,O,04/03/2026 08:06:10 AM
28049A,N,O,04/03/2026 07:56:36 AM
28049B,N,V,04/03/2026 08:12:53 AM
28050A,N,O,04/03/2026 08:04:49 AM
28050B,N,O,04/02/2026 07:40:54 PM
28051A,N,O,04/03/2026 08:01:14 AM
28051B,N,O,04/03/2026 06:58:44 AM
28052A,N,O,04/03/2026 08:03:20 AM
28052B,N,O,04/03/2026 06:57:51 AM
28053A,N,O,04/03/2026 06:56:45 AM
28053B,N,O,04/03/2026 07:29:25 AM
28054A,N,O,04/03/2026 07:30:31 AM
28054B,N,V,04/03/2026 08:13:34 AM
28055A,N,O,04/03/2026 07:31:08 AM
28055B,N,O,04/03/2026 08:13:07 AM
28056B,N,O,04/03/2026 07:07:37 AM
28057A,N,O,04/03/2026 08:05:57 AM
28057B,N,O,04/03/2026 07:31:04 AM
28058A,N,O,04/03/2026 08:11:19 AM
28058B,N,O,04/03/2026 06:56:57 AM
28059A,N,O,04/03/2026 07:18:06 AM
28059B,N,O,04/03/2026 07:53:42 AM
28060A,N,V,04/03/2026 07:58:10 AM
28060B,N,O,04/03/2026 08:06:26 AM
28061A,N,O,04/03/2026 07:10:17 AM
28061B,N,V,04/03/2026 08:17:38 AM
28062A,N,V,04/03/2026 08:10:09 AM
28062B,N,V,04/03/2026 08:16:42 AM
28063A,N,V,04/03/2026 07:42:35 AM
28063B,N,O,04/03/2026 07:29:06 AM
28064A,N,O,04/03/2026 06:55:42 AM
28064B,N,V,04/03/2026 07:15:24 AM
28067B,N,O,04/03/2026 08:17:05 AM
28068B,N,V,04/03/2026 08:02:05 AM
28069A,N,V,04/03/2026 07:55:22 AM
28069B,N,O,04/03/2026 08:04:39 AM
28070A,N,O,04/03/2026 07:51:30 AM
28070B,N,O,04/02/2026 06:42:52 PM
28071A,N,V,04/03/2026 08:04:55 AM
28071B,N,V,04/03/2026 08:06:19 AM
28072B,N,O,04/03/2026 06:57:41 AM
28073A,N,V,04/02/2026 06:36:13 PM
28073B,N,O,04/03/2026 06:56:50 AM
28074A,N,V,04/02/2026 01:00:25 PM
28074B,N,V,04/02/2026 07:43:06 PM
28075A,N,O,04/03/2026 06:59:54 AM
28075B,N,O,04/03/2026 06:59:50 AM
28076A,N,O,04/03/2026 06:58:45 AM
28076B,N,O,04/03/2026 06:58:41 AM
28078B,N,O,04/03/2026 06:56:43 AM
28079A,N,O,04/03/2026 06:55:48 AM
28079B,N,O,04/03/2026 06:55:48 AM
2807A,N,O,04/02/2026 11:59:04 PM
2807B,N,O,04/02/2026 11:59:37 PM
28080A,N,O,04/02/2026 06:59:42 AM
28080B,N,O,04/03/2026 06:59:43 AM
28081A,N,O,04/03/2026 07:07:11 AM
28081B,N,O,04/03/2026 08:17:25 AM
28082A,N,O,04/03/2026 06:57:43 AM
28082B,N,O,04/03/2026 07:36:33 AM
28083A,N,O,04/03/2026 07:21:12 AM
28083B,N,O,04/03/2026 06:56:44 AM
28084A,N,O,04/03/2026 06:55:44 AM
28084B,N,O,04/03/2026 07:08:01 AM
28085A,N,V,04/03/2026 08:16:56 AM
28085B,N,O,04/03/2026 08:04:09 AM
28086A,N,V,04/03/2026 08:10:20 AM
28086B,N,O,04/03/2026 06:58:47 AM
28088A,N,O,04/02/2026 07:12:06 PM
28088B,N,O,04/02/2026 07:35:12 PM
28089A,N,O,04/02/2026 06:42:35 PM
28089B,N,O,04/02/2026 07:12:02 PM
2808B,N,V,04/02/2026 11:12:48 PM
28091B,N,O,04/03/2026 07:46:02 AM
28093A,N,O,04/03/2026 06:56:44 AM
28093B,N,O,04/02/2026 07:06:19 PM
28094A,N,O,04/03/2026 06:59:29 AM
28094B,N,O,04/03/2026 06:55:45 AM
28095A,N,O,04/03/2026 07:54:40 AM
28095B,N,O,04/03/2026 06:59:51 AM
28096A,N,O,04/03/2026 06:58:49 AM
28096B,N,O,04/03/2026 08:10:31 AM
28097B,N,O,04/02/2026 05:43:33 PM
28098A,N,V,04/02/2026 04:06:03 PM
280A,N,O,04/02/2026 04:23:43 PM
280B,N,O,04/02/2026 07:58:14 PM
28100A,N,V,04/02/2026 07:59:52 PM
28100B,N,O,04/02/2026 04:06:45 PM
28101A,N,V,04/02/2026 07:58:38 PM
28101B,N,O,04/02/2026 04:38:02 PM
28102A,N,O,04/02/2026 05:19:47 PM
28102B,N,O,04/02/2026 05:55:53 PM
28103A,N,O,04/02/2026 06:35:56 PM
28103B,N,O,04/02/2026 04:12:14 PM
28104A,N,O,04/02/2026 07:49:14 PM
28104B,N,O,04/02/2026 06:35:48 PM
28105A,N,O,04/02/2026 07:18:46 PM
28105B,N,O,04/02/2026 07:19:18 PM
28106A,N,O,04/02/2026 06:42:40 PM
28106B,N,O,04/02/2026 07:13:18 PM
28107A,N,O,04/02/2026 07:52:27 PM
28107B,N,O,04/02/2026 07:17:57 PM
28108A,N,V,04/02/2026 07:55:04 PM
28108B,N,O,04/02/2026 07:40:44 PM
28109A,N,O,04/02/2026 06:15:05 PM
28109B,N,V,04/02/2026 07:55:03 PM
28110A,N,O,04/02/2026 05:18:58 PM
28110B,N,O,04/02/2026 04:34:02 PM
28111A,N,O,04/03/2026 08:17:28 AM
28111B,N,V,04/02/2026 04:05:38 PM
28112A,N,V,04/02/2026 02:00:29 PM
28112B,N,V,04/02/2026 02:41:21 PM
28113A,N,V,04/02/2026 06:54:01 PM
28113B,N,V,04/03/2026 08:15:42 AM
28114A,N,O,04/02/2026 06:51:18 PM
28114B,N,O,04/03/2026 06:55:47 AM
28115A,N,V,04/02/2026 04:14:48 PM
28115B,N,V,04/03/2026 08:16:39 AM
28116A,N,V,04/03/2026 07:55:23 AM
28116B,N,O,04/03/2026 06:58:50 AM
28117A,N,O,04/03/2026 08:05:55 AM
28117B,N,V,04/03/2026 08:16:16 AM
28118B,N,O,04/03/2026 07:39:42 AM
28119A,N,V,04/02/2026 09:01:04 AM
28120A,N,V,04/02/2026 06:27:03 PM
28120B,N,O,04/03/2026 06:59:40 AM
28121A,N,V,04/03/2026 08:05:00 AM
28121B,N,O,04/03/2026 06:58:48 AM
28122B,N,V,04/03/2026 08:12:30 AM
28123A,N,O,04/03/2026 06:56:52 AM
28124A,N,O,04/03/2026 06:55:53 AM
28124B,N,V,04/03/2026 07:55:00 AM
28125A,N,O,04/03/2026 06:59:49 AM
28125B,N,O,04/03/2026 06:59:53 AM
28126A,N,O,04/03/2026 06:58:57 AM
28126B,N,O,04/03/2026 06:58:53 AM
28127A,N,V,04/02/2026 01:42:47 PM
28127B,N,V,04/03/2026 08:17:12 AM
28128A,N,V,04/03/2026 08:08:08 AM
28128B,N,V,04/03/2026 08:11:24 AM
28129A,N,V,04/02/2026 06:14:25 PM
28129B,N,V,04/02/2026 02:28:18 PM
28130A,N,V,04/01/2026 09:14:04 AM
28130B,N,O,04/02/2026 05:54:05 PM
28131A,N,V,04/02/2026 02:33:16 PM
28131B,N,V,04/02/2026 04:46:25 PM
28132A,N,V,04/02/2026 08:49:34 AM
28132B,N,O,04/03/2026 07:48:01 AM
28133A,N,O,04/03/2026 06:56:51 AM
28133B,N,V,04/03/2026 08:12:54 AM
28134A,N,V,04/02/2026 07:54:51 PM
28134B,N,V,04/03/2026 08:03:43 AM
28135A,N,V,04/03/2026 07:16:24 AM
28135B,N,V,04/03/2026 07:55:46 AM
28136A,N,V,04/02/2026 05:59:13 PM
28136B,N,V,04/02/2026 08:40:05 AM
28137A,N,O,04/03/2026 06:57:45 AM
28137B,N,O,04/03/2026 06:57:45 AM
28138A,N,V,04/03/2026 07:51:37 AM
28138B,N,O,04/03/2026 06:56:51 AM
28139A,N,V,04/03/2026 07:28:37 AM
28139B,N,O,04/03/2026 06:56:05 AM
2813A,N,O,04/02/2026 10:09:39 PM
2813B,N,O,04/02/2026 08:30:52 PM
28140A,N,V,04/03/2026 07:46:30 AM
28140B,N,V,04/02/2026 05:25:50 PM
28141A,N,O,04/03/2026 08:08:24 AM
28141B,N,O,04/03/2026 06:58:44 AM
28142A,N,V,04/03/2026 07:35:53 AM
28142B,N,O,04/01/2026 06:54:17 PM
28143A,N,V,04/01/2026 08:10:45 AM
28143B,N,V,04/03/2026 07:03:07 AM
28144A,N,V,04/02/2026 06:45:30 PM
28144B,N,V,04/03/2026 08:17:33 AM
28145A,N,V,04/03/2026 07:47:53 AM
28145B,N,V,04/03/2026 07:48:55 AM
28146A,N,O,04/03/2026 06:59:06 AM
28146B,N,O,04/03/2026 06:58:54 AM
28147A,N,O,04/03/2026 06:57:52 AM
28148B,N,O,04/03/2026 06:56:58 AM
28149A,N,O,04/03/2026 06:55:54 AM
28149B,N,O,04/03/2026 06:55:54 AM
2814A,N,O,04/02/2026 09:36:10 PM
2814B,N,O,04/02/2026 06:25:50 PM
28150A,N,O,04/02/2026 07:16:44 PM
28150B,N,O,04/03/2026 06:59:48 AM
28151A,N,O,04/03/2026 06:58:56 AM
28151B,N,V,04/03/2026 08:01:28 AM
28152A,N,V,04/03/2026 08:16:03 AM
28152B,N,O,04/03/2026 06:58:05 AM
28153A,N,O,04/03/2026 06:56:48 AM
28153B,N,O,04/03/2026 06:56:48 AM
28154A,N,O,04/03/2026 06:55:49 AM
28154B,N,O,04/03/2026 06:55:49 AM
28155A,N,O,04/03/2026 06:59:45 AM
28155B,N,O,04/03/2026 06:59:49 AM
28156A,N,O,04/03/2026 06:58:51 AM
28156B,N,O,04/03/2026 06:58:58 AM
28158A,N,O,04/03/2026 06:56:42 AM
28158B,N,O,04/03/2026 06:56:42 AM
28159A,N,O,04/03/2026 08:00:21 AM
28159B,N,O,04/03/2026 06:55:52 AM
28160A,N,O,04/02/2026 07:37:16 PM
28160B,N,V,04/02/2026 07:59:20 PM
28161A,N,V,04/02/2026 07:55:18 PM
28161B,N,O,04/02/2026 07:00:39 PM
28162A,N,O,04/02/2026 07:17:46 PM
28162B,N,O,04/02/2026 06:41:03 PM
28163A,N,V,04/01/2026 08:41:49 AM
28163B,N,V,04/03/2026 07:17:07 AM
28164A,N,O,04/03/2026 07:03:25 AM
28164B,N,V,04/03/2026 08:00:57 AM
28165A,N,O,04/02/2026 05:36:26 PM
28165B,N,O,04/02/2026 05:12:59 PM
28166A,N,O,04/02/2026 03:47:59 PM
28166B,N,O,04/02/2026 04:30:04 PM
28167A,N,O,04/02/2026 07:57:45 AM
28167B,N,O,04/02/2026 01:32:36 PM
28168A,N,O,04/02/2026 12:19:12 PM
28168B,N,O,04/02/2026 03:44:58 PM
28169A,N,O,04/02/2026 07:55:49 AM
28169B,N,O,04/02/2026 07:56:29 AM
28170A,N,O,04/03/2026 08:07:59 AM
28170B,N,V,04/03/2026 07:44:18 AM
28171A,N,O,04/03/2026 06:58:40 AM
28171B,N,O,04/03/2026 08:11:40 AM
28172A,N,O,04/03/2026 06:57:53 AM
28172B,N,O,04/03/2026 07:54:04 AM
28173A,N,O,04/03/2026 08:17:12 AM
28173B,N,O,04/03/2026 06:56:54 AM
28174A,NU,V,04/02/2026 06:20:26 PM
28174B,NU,V,04/02/2026 06:08:35 PM
28175A,N,O,04/03/2026 08:13:33 AM
28175B,N,O,04/03/2026 07:57:31 AM
28176A,N,O,04/03/2026 06:58:48 AM
28176B,N,O,04/03/2026 08:00:47 AM
28177A,N,O,04/03/2026 07:59:44 AM
28177B,N,O,04/03/2026 07:55:19 AM
28178A,N,O,04/03/2026 08:17:15 AM
28178B,N,V,04/03/2026 07:48:46 AM
28179A,N,O,04/03/2026 06:55:49 AM
28179B,N,V,04/03/2026 08:03:59 AM
28180A,N,O,04/03/2026 07:54:31 AM
28180B,N,O,04/02/2026 07:25:27 PM
28181A,N,O,04/03/2026 06:58:52 AM
28181B,N,O,04/03/2026 08:05:48 AM
28182A,N,O,04/03/2026 08:17:38 AM
28183A,N,O,04/03/2026 08:12:36 AM
28183B,N,O,04/03/2026 06:56:45 AM
28184A,N,O,04/03/2026 08:11:44 AM
28184B,N,O,04/02/2026 07:07:29 PM
28185A,N,V,04/03/2026 08:14:50 AM
28185B,N,V,04/03/2026 07:34:48 AM
28186A,N,O,04/03/2026 08:00:45 AM
28186B,N,O,04/03/2026 08:07:51 AM
28187A,N,O,04/03/2026 07:54:16 AM
28187B,N,O,04/03/2026 06:57:40 AM
28188B,N,O,04/03/2026 08:08:27 AM
28190B,N,O,04/03/2026 08:14:44 AM
28191A,N,V,04/03/2026 08:06:20 AM
28191B,N,O,04/03/2026 06:58:48 AM
28192A,N,O,04/03/2026 06:57:47 AM
28192B,N,O,04/03/2026 06:57:47 AM
28193A,N,O,04/03/2026 06:56:42 AM
28193B,N,O,04/03/2026 06:56:42 AM
28194A,N,O,04/03/2026 06:55:49 AM
28195A,N,V,04/02/2026 06:54:48 PM
28195B,N,V,04/03/2026 08:00:37 AM
28196A,N,V,04/03/2026 08:17:39 AM
28196B,N,O,04/02/2026 07:48:22 PM
28197A,N,V,04/02/2026 07:59:21 PM
28197B,N,V,04/02/2026 07:42:16 PM
28198A,N,O,04/03/2026 07:57:08 AM
28198B,N,O,04/03/2026 07:57:01 AM
28199A,N,O,04/03/2026 07:57:43 AM
28199B,N,O,04/03/2026 07:57:54 AM
2819A,N,O,04/02/2026 09:11:27 PM
2819B,N,O,04/02/2026 09:00:46 PM
281B,N,O,04/02/2026 06:58:50 AM
28200B,N,O,04/03/2026 07:59:49 AM
28201A,N,O,04/02/2026 04:00:26 PM
28201B,N,O,04/03/2026 06:58:49 AM
28202A,N,O,04/03/2026 06:57:42 AM
28202B,N,V,04/03/2026 08:08:51 AM
28203A,N,O,04/03/2026 06:56:52 AM
28203B,N,V,04/03/2026 06:57:25 AM
28204A,N,V,04/02/2026 06:02:20 PM
28204B,N,O,04/03/2026 06:55:47 AM
28205A,N,O,04/03/2026 08:14:11 AM
28205B,N,O,04/03/2026 08:14:21 AM
28206A,N,O,04/03/2026 08:01:17 AM
28206B,N,O,04/03/2026 08:06:37 AM
28207A,N,O,04/03/2026 06:57:54 AM
28209A,N,V,04/03/2026 07:47:09 AM
2820A,N,O,04/02/2026 09:03:46 PM
2820B,N,V,04/02/2026 10:37:59 PM
28210A,N,V,04/03/2026 07:31:32 AM
28210B,N,O,04/03/2026 06:59:46 AM
28211A,N,O,04/02/2026 07:05:44 PM
28211B,N,O,04/03/2026 06:58:44 AM
28212A,N,V,04/02/2026 05:49:02 PM
28212B,N,V,04/02/2026 05:49:02 PM
28213A,N,V,04/02/2026 11:55:06 AM
28213B,N,V,03/17/2026 07:12:20 AM
28214A,N,V,04/02/2026 07:58:49 PM
28215B,N,O,04/03/2026 08:15:06 AM
28216A,N,O,04/02/2026 07:49:04 PM
28216B,N,V,03/31/2026 02:30:40 PM
28217A,N,V,04/02/2026 07:45:33 PM
28217B,N,V,04/03/2026 06:59:53 AM
28218A,N,V,04/03/2026 08:05:01 AM
28218B,N,V,04/02/2026 05:48:35 PM
28219A,NU,O,03/26/2026 06:01:33 PM
28219B,NU,O,03/26/2026 07:25:08 PM
2821A,N,V,04/02/2026 11:59:00 PM
2821B,N,O,04/02/2026 11:32:55 PM
28220A,N,V,04/02/2026 12:46:39 PM
28220B,N,O,04/02/2026 04:52:35 PM
28221A,N,V,04/01/2026 07:43:20 PM
28221B,N,O,04/02/2026 04:42:24 PM
28222A,N,O,04/03/2026 08:12:09 AM
28222B,N,V,04/02/2026 06:59:02 PM
28223A,N,O,04/03/2026 06:56:48 AM
28223B,N,V,04/03/2026 08:02:22 AM
28224A,N,V,04/02/2026 01:40:23 PM
28224B,N,V,04/03/2026 07:53:10 AM
28225A,N,V,04/02/2026 12:46:40 PM
28225B,N,O,04/02/2026 06:22:35 PM
28226A,N,V,04/02/2026 03:22:18 PM
28226B,N,V,04/02/2026 07:07:27 PM
28227A,N,O,04/03/2026 08:11:52 AM
28227B,N,V,04/03/2026 07:27:03 AM
28228A,N,V,04/02/2026 07:52:31 PM
28228B,N,O,04/03/2026 08:15:09 AM
28229A,N,V,04/01/2026 07:15:12 AM
28229B,N,V,04/03/2026 07:13:49 AM
28230A,N,V,04/02/2026 03:01:34 PM
28230B,N,V,04/03/2026 08:09:14 AM
28231A,N,V,04/03/2026 07:57:44 AM
28231B,N,O,04/03/2026 06:58:48 AM
28232A,N,V,04/02/2026 06:05:26 PM
28232B,N,V,04/03/2026 08:02:44 AM
28233A,N,V,04/03/2026 08:10:49 AM
28234B,N,O,04/03/2026 07:08:41 AM
28235A,N,O,04/03/2026 07:20:04 AM
28235B,N,O,04/03/2026 06:59:52 AM
28236B,N,V,04/03/2026 08:15:54 AM
28237A,N,V,04/02/2026 06:22:12 PM
28237B,N,V,04/02/2026 03:44:36 PM
28238A,N,O,04/02/2026 05:39:51 PM
28238B,N,O,04/03/2026 06:56:47 AM
28239A,N,O,09/04/2025 06:16:09 PM
28239B,N,O,04/03/2026 06:55:47 AM
28240A,N,V,04/03/2026 07:23:46 AM
28240B,N,O,04/03/2026 06:59:59 AM
28241A,N,O,04/03/2026 06:58:53 AM
28241B,N,V,04/03/2026 08:11:55 AM
28242A,N,O,04/03/2026 07:39:07 AM
28242B,N,O,04/03/2026 06:57:46 AM
28243A,N,O,04/03/2026 06:56:43 AM
28243B,N,O,04/03/2026 06:56:43 AM
28244B,N,V,04/03/2026 08:17:02 AM
28245A,N,O,04/03/2026 07:10:20 AM
28246A,N,O,04/03/2026 06:58:39 AM
28246B,N,O,04/02/2026 07:15:44 PM
28247A,N,V,10/17/2025 04:27:17 PM
28247B,N,O,10/17/2025 04:34:20 PM
28248B,N,V,04/02/2026 03:43:08 PM
28249A,N,V,04/02/2026 04:12:51 PM
28249B,N,O,04/02/2026 06:34:06 PM
28250A,N,V,04/02/2026 01:25:12 PM
28250B,N,V,04/02/2026 06:36:00 PM
28251A,N,V,03/30/2026 02:42:40 PM
28251B,N,V,04/03/2026 08:17:29 AM
28252A,N,V,03/31/2026 10:24:39 AM
28252B,N,V,04/01/2026 11:02:58 AM
28253A,N,V,04/01/2026 11:30:25 AM
28253B,N,O,04/03/2026 08:17:39 AM
28254A,N,V,04/02/2026 07:24:01 AM
28254B,N,V,04/03/2026 07:13:22 AM
28255A,N,V,04/02/2026 11:04:22 AM
28255B,N,V,04/02/2026 07:15:50 PM
28256A,N,O,04/03/2026 07:56:55 AM
28256B,N,V,04/03/2026 08:07:44 AM
28257A,N,V,04/03/2026 08:00:20 AM
28257B,N,V,04/02/2026 05:35:19 PM
28258A,N,V,04/03/2026 07:38:40 AM
28258B,N,V,04/02/2026 07:14:30 PM
28259A,N,V,04/03/2026 07:42:50 AM
28260A,N,V,04/03/2026 08:14:24 AM
28261A,N,V,04/02/2026 07:21:13 PM
28262A,N,V,04/03/2026 07:08:33 AM
28263A,N,V,04/02/2026 03:15:14 PM
28263B,N,O,04/02/2026 03:06:36 PM
28264A,N,V,04/03/2026 08:13:02 AM
28264B,N,V,03/30/2026 12:16:16 PM
28265A,N,V,04/02/2026 02:25:11 PM
28265B,N,V,04/01/2026 10:27:09 AM
28266A,N,V,04/02/2026 07:57:46 AM
28266B,N,O,03/31/2026 06:44:49 PM
28267A,N,V,04/03/2026 08:13:38 AM
28267B,N,V,04/03/2026 08:17:06 AM
28269A,N,V,04/02/2026 07:31:25 PM
28269B,N,V,04/02/2026 07:42:23 PM
28270A,N,V,04/02/2026 12:14:16 PM
28270B,N,V,04/02/2026 04:24:42 PM
28271A,N,V,03/31/2026 04:37:36 PM
28271B,N,V,04/02/2026 12:04:25 PM
28272A,N,V,04/02/2026 10:32:43 AM
28272B,N,O,04/01/2026 01:18:51 PM
28273A,N,V,04/01/2026 05:39:17 PM
28273B,N,V,04/01/2026 05:44:18 PM
28274A,N,V,04/01/2026 01:33:54 PM
28274B,N,V,04/02/2026 02:05:15 PM
28275A,N,V,04/02/2026 11:36:21 AM
28275B,N,V,04/02/2026 11:29:16 AM
28276A,N,V,04/02/2026 04:59:11 PM
28276B,N,V,04/03/2026 08:12:09 AM
28277A,N,V,04/02/2026 05:18:28 PM
28277B,N,O,04/03/2026 07:54:02 AM
28278A,N,V,04/03/2026 07:05:48 AM
28278B,N,V,04/03/2026 07:07:56 AM
28279A,N,V,03/31/2026 04:43:46 PM
28279B,N,V,04/03/2026 07:36:20 AM
2827A,N,O,04/02/2026 11:59:09 PM
2827B,N,O,04/02/2026 06:27:35 PM
28280A,N,V,04/03/2026 07:46:45 AM
28280B,N,O,04/03/2026 07:36:12 AM
28281A,N,V,03/31/2026 05:05:36 PM
28281B,N,V,04/02/2026 10:34:03 AM
28282A,N,V,04/03/2026 07:59:29 AM
28282B,N,V,03/31/2026 07:54:00 AM
28283A,N,V,04/02/2026 05:00:17 PM
28283B,N,O,04/02/2026 04:37:26 PM
28284A,N,V,03/31/2026 05:53:39 PM
28284B,N,V,03/30/2026 04:58:35 PM
28285A,N,V,04/02/2026 07:13:03 PM
28285B,N,V,03/31/2026 10:17:31 AM
28287B,N,V,04/03/2026 07:26:41 AM
28288A,N,O,04/02/2026 06:41:47 PM
28289A,N,O,04/02/2026 04:48:31 PM
28289B,N,V,04/03/2026 08:08:33 AM
2828A,N,V,04/02/2026 11:59:22 PM
2828B,N,V,04/02/2026 11:59:02 PM
28290A,N,O,04/03/2026 08:15:11 AM
28290B,N,V,04/03/2026 08:02:55 AM
28291B,N,V,04/02/2026 06:38:29 PM
28292A,N,V,04/02/2026 06:39:57 PM
28292B,N,V,04/02/2026 04:53:29 PM
28293A,N,O,04/03/2026 06:56:47 AM
28293B,N,V,04/03/2026 08:17:26 AM
28294A,N,O,04/01/2026 07:34:16 PM
28294B,N,V,04/02/2026 11:47:22 AM
28295A,N,V,04/02/2026 04:37:15 PM
28295B,N,O,04/01/2026 07:33:10 PM
28296A,N,V,04/03/2026 08:16:56 AM
28296B,N,O,04/03/2026 06:58:52 AM
28297A,N,O,04/01/2026 07:59:04 PM
28297B,N,V,04/02/2026 02:39:24 PM
28298A,N,O,04/03/2026 08:17:10 AM
28298B,N,O,04/03/2026 08:17:39 AM
28299A,N,V,04/02/2026 07:39:39 PM
28299B,N,V,04/02/2026 12:55:59 PM
2829A,N,V,04/02/2026 11:09:37 PM
28300A,N,V,04/02/2026 07:59:25 PM
28300B,N,V,04/03/2026 08:17:30 AM
28301A,N,O,04/02/2026 06:46:45 PM
28301B,N,V,04/02/2026 07:54:59 PM
28302A,N,V,04/02/2026 05:47:31 PM
28302B,N,V,04/03/2026 08:17:41 AM
28303A,N,V,04/03/2026 08:12:03 AM
28303B,N,V,04/02/2026 04:17:29 PM
28304A,N,V,04/02/2026 04:17:02 PM
28304B,N,O,04/03/2026 08:14:55 AM
28306A,N,V,04/02/2026 02:37:43 PM
28306B,N,O,04/03/2026 06:59:23 AM
28307A,N,V,04/02/2026 04:02:27 PM
28307B,N,V,04/01/2026 02:31:29 PM
28308A,N,V,04/03/2026 07:52:44 AM
28308B,N,V,04/02/2026 04:58:13 PM
28309A,N,V,04/03/2026 08:17:34 AM
28309B,N,O,04/03/2026 06:56:01 AM
2830B,N,O,04/02/2026 11:46:38 PM
28310A,N,V,04/02/2026 06:59:27 PM
28311A,N,O,04/02/2026 07:31:08 PM
28311B,N,V,04/02/2026 05:36:19 PM
28312A,N,V,04/02/2026 04:27:45 PM
28312B,N,V,04/02/2026 01:53:45 PM
28313A,N,V,04/03/2026 07:41:12 AM
28314A,N,V,04/01/2026 08:55:32 AM
28315A,N,O,04/02/2026 01:39:18 PM
28315B,N,O,04/02/2026 01:39:57 PM
28316A,N,V,04/02/2026 07:36:12 PM
28316B,N,V,04/02/2026 09:23:53 AM
28317A,N,V,04/01/2026 01:30:58 PM
28317B,N,V,04/03/2026 08:11:16 AM
28318A,N,V,03/27/2026 04:22:39 PM
28318B,N,V,03/31/2026 06:01:46 PM
28319A,N,O,03/30/2026 12:48:30 PM
28319B,N,V,03/31/2026 05:11:19 PM
2831A,N,V,04/02/2026 11:52:12 PM
2831B,N,O,04/02/2026 05:49:18 PM
28320A,N,V,03/29/2026 08:45:43 AM
28320B,N,V,04/03/2026 07:30:47 AM
28321A,N,V,03/30/2026 03:15:51 PM
28321B,N,O,04/03/2026 06:58:51 AM
28322A,N,V,04/02/2026 03:28:43 PM
28322B,N,V,03/08/2026 11:49:46 AM
28323A,N,V,04/01/2026 09:33:09 AM
28323B,N,V,04/02/2026 05:58:21 PM
28324A,N,V,03/31/2026 06:32:54 PM
28324B,N,O,03/31/2026 11:55:37 AM
28325A,N,V,04/01/2026 07:58:56 PM
28325B,N,V,04/02/2026 09:47:53 AM
28326A,N,O,03/26/2026 07:18:27 PM
28326B,N,V,04/02/2026 08:45:59 AM
28327A,N,V,04/01/2026 12:31:55 PM
28327B,N,V,04/03/2026 08:16:56 AM
28328A,N,V,04/02/2026 02:34:44 PM
28328B,N,V,04/03/2026 07:27:25 AM
28329A,NU,V,04/02/2026 05:09:24 PM
28329B,NU,V,04/01/2026 02:10:40 PM
2832A,N,O,04/02/2026 11:59:50 PM
2832B,N,V,04/02/2026 11:31:59 PM
28331A,N,V,04/02/2026 04:26:07 PM
28331B,N,O,04/03/2026 06:58:47 AM
28332A,N,O,04/03/2026 06:57:52 AM
28332B,N,O,04/03/2026 08:12:57 AM
28333A,N,V,04/02/2026 02:33:40 PM
28333B,N,O,04/02/2026 07:01:33 PM
28334A,N,V,04/02/2026 04:23:44 PM
28334B,N,V,04/02/2026 07:22:07 PM
28335A,N,V,04/02/2026 07:43:27 PM
28335B,N,O,04/02/2026 07:37:57 PM
28336A,N,V,04/02/2026 07:37:47 PM
28336B,N,O,04/03/2026 08:05:54 AM
28337A,N,O,04/03/2026 06:57:53 AM
28337B,N,V,04/03/2026 07:57:47 AM
28338A,N,V,04/02/2026 02:59:26 PM
28338B,N,O,04/02/2026 06:25:50 PM
28339B,N,O,04/03/2026 07:48:39 AM
2833A,N,O,04/02/2026 05:06:06 PM
2833B,N,O,04/02/2026 11:59:45 PM
28340A,N,V,04/02/2026 07:58:07 PM
28340B,N,V,04/03/2026 07:57:01 AM
28341A,N,V,04/02/2026 04:20:41 PM
28341B,N,V,04/02/2026 01:33:55 PM
28342A,N,V,04/02/2026 05:48:59 PM
28342B,N,V,04/02/2026 03:49:56 PM
28343A,N,V,04/02/2026 07:58:33 PM
28343B,N,O,04/02/2026 02:59:03 PM
28344A,N,O,04/03/2026 07:18:49 AM
28344B,N,O,04/03/2026 07:14:00 AM
28345A,N,V,04/02/2026 02:35:31 PM
28345B,N,V,04/02/2026 03:31:24 PM
28346A,N,V,04/02/2026 04:46:43 PM
28346B,N,V,04/02/2026 03:22:38 PM
28347A,N,V,04/02/2026 04:46:09 PM
28347B,N,V,04/02/2026 04:14:20 PM
28348A,N,O,04/03/2026 06:56:50 AM
28348B,N,O,04/03/2026 07:45:46 AM
28349A,N,O,04/03/2026 06:55:50 AM
28349B,N,O,04/03/2026 06:55:50 AM
2834A,N,O,04/02/2026 05:16:40 PM
2834B,N,V,04/02/2026 11:39:51 PM
28350A,N,O,04/02/2026 05:17:01 PM
28350B,N,V,04/02/2026 05:35:22 PM
28351A,N,V,04/02/2026 05:25:19 PM
28351B,N,V,04/02/2026 06:46:44 PM
28352A,N,V,04/02/2026 04:16:51 PM
28352B,N,O,04/01/2026 05:31:47 PM
28353A,N,V,04/02/2026 11:23:05 AM
28353B,N,V,04/02/2026 11:34:13 AM
28354A,N,V,04/02/2026 03:58:55 PM
28354B,N,V,04/02/2026 03:58:55 PM
28355A,N,V,04/01/2026 07:18:43 AM
28355B,N,V,03/31/2026 08:37:04 AM
28356A,N,V,04/02/2026 03:20:18 PM
28356B,N,V,04/02/2026 03:33:42 PM
28357A,N,V,04/02/2026 07:04:41 PM
28357B,N,V,04/03/2026 07:12:36 AM
28358A,N,O,04/03/2026 06:56:48 AM
28358B,N,V,04/03/2026 08:05:58 AM
28359A,N,V,09/29/2025 12:19:57 PM
28359B,N,V,04/02/2026 02:20:09 PM
2835A,N,O,04/02/2026 06:54:19 PM
2835B,N,V,04/02/2026 11:26:08 PM
28361A,N,V,04/02/2026 02:10:10 PM
28361B,N,V,04/02/2026 06:23:29 PM
28362A,N,O,04/02/2026 06:48:03 PM
28362B,N,V,04/02/2026 06:49:17 PM
28363A,N,O,04/02/2026 05:36:54 PM
28363B,N,V,04/02/2026 04:10:28 PM
28364A,N,O,04/03/2026 06:55:42 AM
28364B,N,O,04/03/2026 08:13:35 AM
28365A,N,V,04/03/2026 08:05:44 AM
28366A,N,O,04/03/2026 08:15:56 AM
28366B,N,V,04/03/2026 08:05:13 AM
28367A,N,O,04/03/2026 06:57:58 AM
28367B,N,V,04/03/2026 08:11:48 AM
28369A,N,V,04/02/2026 07:57:23 PM
28369B,N,O,04/03/2026 06:55:43 AM
2836A,NU,O,03/31/2026 11:59:55 PM
2836B,NU,O,03/31/2026 11:45:02 PM
28370A,N,V,04/03/2026 08:10:19 AM
28370B,N,V,04/03/2026 07:56:25 AM
28371A,N,V,04/03/2026 07:56:23 AM
28371B,N,O,04/03/2026 06:58:42 AM
28372A,N,O,04/03/2026 06:57:51 AM
28372B,N,O,04/03/2026 06:57:51 AM
28373A,N,O,04/02/2026 04:18:06 PM
28373B,N,O,04/03/2026 08:17:12 AM
28374A,N,O,04/03/2026 06:55:47 AM
28374B,N,V,04/03/2026 07:42:58 AM
28375A,N,V,04/02/2026 03:06:33 PM
28375B,N,V,04/02/2026 04:54:24 PM
28376A,N,V,04/03/2026 07:22:09 AM
28376B,N,V,04/02/2026 07:00:09 PM
28377A,N,V,04/03/2026 08:12:18 AM
28377B,N,O,04/03/2026 06:57:55 AM
28378A,N,O,04/03/2026 06:56:47 AM
28378B,N,O,04/03/2026 06:56:47 AM
28379A,N,V,04/02/2026 03:49:40 PM
2837A,N,O,04/02/2026 11:59:03 PM
2837B,N,V,04/02/2026 11:57:16 PM
28380A,N,O,04/02/2026 07:01:58 PM
28380B,N,O,04/03/2026 06:59:48 AM
28381A,N,V,04/02/2026 08:11:31 AM
28381B,N,V,04/02/2026 05:59:22 PM
28382A,N,V,04/02/2026 05:04:10 PM
28382B,N,V,04/02/2026 04:24:48 PM
28383A,N,V,04/02/2026 04:05:44 PM
28383B,N,O,04/02/2026 07:35:51 PM
28384A,N,V,04/02/2026 10:31:35 AM
28384B,N,V,04/02/2026 01:49:16 PM
28385A,N,V,04/02/2026 11:37:47 AM
28385B,N,V,04/02/2026 01:49:42 PM
28386A,N,O,04/02/2026 07:27:46 PM
28386B,N,V,04/02/2026 06:07:55 PM
28387A,N,O,04/02/2026 06:12:28 PM
28387B,N,V,04/03/2026 08:03:09 AM
28388A,N,V,04/03/2026 08:08:17 AM
28388B,N,V,04/03/2026 08:08:17 AM
2838A,N,O,04/02/2026 06:56:51 AM
2838B,N,V,04/02/2026 11:56:31 PM
28390B,N,O,04/03/2026 06:59:44 AM
28391A,N,V,04/02/2026 03:06:48 PM
28391B,N,V,04/02/2026 05:53:07 PM
28392A,N,V,04/03/2026 08:17:25 AM
28392B,N,V,04/02/2026 01:12:09 PM
28393A,N,O,04/03/2026 06:56:45 AM
28393B,N,O,04/03/2026 06:56:45 AM
28394A,N,V,04/03/2026 07:48:11 AM
28394B,N,V,04/02/2026 06:17:03 PM
28395A,N,V,04/03/2026 08:04:48 AM
28395B,N,V,04/03/2026 07:28:42 AM
28396A,N,O,04/03/2026 06:58:44 AM
28396B,N,O,04/03/2026 06:58:44 AM
28397A,N,O,04/03/2026 08:05:16 AM
28397B,N,V,04/03/2026 07:53:27 AM
28398A,N,O,04/03/2026 08:17:41 AM
28398B,N,V,04/03/2026 08:08:10 AM
28399A,N,O,04/03/2026 08:16:59 AM
28399B,N,V,04/02/2026 06:48:58 PM
2839A,N,O,04/02/2026 10:07:39 PM
2839B,N,O,04/02/2026 11:59:42 PM
28400B,N,V,04/03/2026 07:30:35 AM
28401A,N,O,04/02/2026 06:06:21 PM
28401B,N,V,04/03/2026 08:01:26 AM
28403B,N,V,04/02/2026 06:52:20 PM
28404A,N,V,04/02/2026 11:53:35 AM
28404B,N,V,04/02/2026 11:53:11 AM
28405A,N,V,04/02/2026 07:59:55 PM
28405B,N,O,04/03/2026 07:48:09 AM
28406A,N,V,04/03/2026 07:12:19 AM
28406B,N,O,09/26/2025 01:35:41 PM
28407A,N,V,04/02/2026 02:28:54 PM
28407B,N,V,04/01/2026 02:47:59 PM
28408A,N,V,04/01/2026 06:28:22 PM
28408B,N,V,04/01/2026 04:14:51 PM
28409A,N,V,04/02/2026 07:53:45 PM
28409B,N,V,04/02/2026 05:00:33 PM
2840B,N,O,04/02/2026 02:20:28 PM
28410A,N,O,04/03/2026 08:17:30 AM
28410B,N,V,04/03/2026 07:53:07 AM
28411A,N,V,04/03/2026 08:17:42 AM
28411B,N,O,04/03/2026 08:17:05 AM
28412A,N,V,04/03/2026 08:11:41 AM
28412B,N,V,04/02/2026 07:27:49 PM
28413A,N,O,04/02/2026 03:11:19 PM
28413B,N,V,04/03/2026 08:17:31 AM
28414A,N,O,08/28/2025 04:14:18 PM
28414B,N,V,04/02/2026 07:52:50 PM
28415A,N,V,04/03/2026 07:02:22 AM
28415B,N,V,04/02/2026 07:20:39 PM
28416A,N,V,04/03/2026 08:08:22 AM
28416B,N,V,04/02/2026 03:23:23 PM
28417A,N,V,04/02/2026 06:12:23 PM
28417B,N,O,04/03/2026 08:10:25 AM
28418A,N,O,04/02/2026 02:25:04 PM
28418B,N,O,04/02/2026 06:29:54 PM
28419A,N,O,04/03/2026 06:55:52 AM
28419B,N,O,04/03/2026 06:55:55 AM
28420A,N,O,04/03/2026 06:59:53 AM
28420B,N,V,04/02/2026 07:01:49 PM
28421A,N,V,04/02/2026 03:38:50 PM
28421B,N,O,04/03/2026 06:58:46 AM
28422A,N,V,04/03/2026 07:40:03 AM
28422B,N,V,04/02/2026 07:40:08 PM
28423A,N,V,04/03/2026 08:08:18 AM
28423B,N,V,04/03/2026 08:00:54 AM
28424A,N,V,04/02/2026 06:12:18 PM
28424B,N,V,04/03/2026 07:50:57 AM
28425A,N,V,04/03/2026 07:51:02 AM
28426A,N,O,04/02/2026 07:37:59 PM
28427A,N,V,04/02/2026 05:56:21 PM
28427B,N,V,04/02/2026 05:12:17 PM
28428A,N,V,04/03/2026 08:07:14 AM
28428B,N,V,04/03/2026 08:05:07 AM
28429A,N,V,04/02/2026 07:59:29 PM
28429B,N,O,04/03/2026 06:55:52 AM
28430A,N,V,04/02/2026 07:50:23 AM
28430B,N,O,04/03/2026 06:59:47 AM
28431A,N,V,04/02/2026 07:12:59 AM
28431B,N,V,04/02/2026 05:20:31 PM
28432A,N,V,04/03/2026 07:10:25 AM
28432B,N,V,04/03/2026 08:14:08 AM
28433A,N,O,04/03/2026 08:17:20 AM
28433B,N,O,04/03/2026 08:08:18 AM
28434A,N,O,04/03/2026 07:45:53 AM
28434B,N,O,04/03/2026 07:32:07 AM
28435A,N,V,04/02/2026 04:30:27 PM
28435B,N,V,04/01/2026 02:38:18 PM
28436A,N,V,04/01/2026 04:01:24 PM
28436B,N,O,04/02/2026 07:53:27 PM
28437A,N,V,04/02/2026 06:08:10 PM
28437B,N,V,04/02/2026 06:08:35 PM
28438A,N,V,04/03/2026 07:04:20 AM
28438B,N,V,04/03/2026 07:02:17 AM
28439A,N,V,04/02/2026 09:50:07 AM
28439B,N,V,04/01/2026 05:32:45 PM
28440A,N,V,04/03/2026 07:54:21 AM
28440B,N,V,04/03/2026 07:51:31 AM
28441A,N,V,04/03/2026 07:36:21 AM
28441B,N,V,04/03/2026 08:16:50 AM
28442A,N,V,04/03/2026 07:55:18 AM
28442B,N,V,04/02/2026 05:29:54 PM
28443A,N,V,04/03/2026 08:09:56 AM
28443B,N,V,04/02/2026 07:30:03 PM
28444A,N,V,04/02/2026 09:38:13 AM
28444B,N,V,04/02/2026 09:37:55 AM
28445A,N,O,04/03/2026 08:17:06 AM
28445B,N,V,04/03/2026 08:17:30 AM
28446A,N,O,04/03/2026 07:49:39 AM
28446B,N,O,04/03/2026 07:11:57 AM
28447A,N,O,04/03/2026 06:57:51 AM
28447B,N,V,04/03/2026 07:58:42 AM
28448B,N,V,04/03/2026 07:00:55 AM
28449A,N,V,04/03/2026 07:23:20 AM
28449B,N,O,04/03/2026 08:17:32 AM
28450A,N,V,04/02/2026 07:25:26 PM
28450B,N,V,04/03/2026 08:17:22 AM
28451A,N,O,04/02/2026 03:23:03 PM
28451B,N,V,04/02/2026 03:26:30 PM
28452A,N,V,04/03/2026 07:01:33 AM
28452B,N,V,04/02/2026 10:31:33 AM
28453A,N,V,04/01/2026 05:25:30 PM
28453B,N,V,04/02/2026 01:46:54 PM
28454A,N,V,04/02/2026 03:53:08 PM
28454B,N,V,04/02/2026 03:43:55 PM
28455A,N,V,04/01/2026 03:06:59 PM
28455B,N,V,04/01/2026 04:51:50 PM
28456A,N,V,04/02/2026 07:13:12 PM
28456B,N,V,04/01/2026 04:16:32 PM
28457A,N,V,04/01/2026 01:01:47 PM
28457B,N,V,04/02/2026 11:30:07 AM
28458A,N,V,04/02/2026 11:37:35 AM
28458B,N,V,04/02/2026 01:53:53 PM
28459A,N,V,04/02/2026 06:00:52 PM
28459B,N,V,04/02/2026 01:42:11 PM
28460B,N,V,04/02/2026 04:51:52 PM
28461A,N,O,04/03/2026 08:14:27 AM
28461B,N,V,04/03/2026 08:14:05 AM
28462A,N,V,04/02/2026 04:09:59 PM
28462B,N,V,04/02/2026 04:10:03 PM
28463A,N,V,04/02/2026 08:34:29 AM
28463B,N,V,04/01/2026 01:59:46 PM
28464A,N,V,04/01/2026 02:44:54 PM
28464B,N,V,04/01/2026 03:14:42 PM
28465A,N,V,04/02/2026 10:27:36 AM
28465B,N,V,04/01/2026 10:58:42 AM
28466A,N,V,03/31/2026 03:57:18 PM
28467A,N,V,04/01/2026 06:16:11 PM
28467B,N,V,03/30/2026 06:15:11 PM
28468A,N,V,03/30/2026 05:35:58 PM
28468B,N,V,04/02/2026 03:05:41 PM
28469A,N,V,04/02/2026 03:19:05 PM
28469B,N,V,04/02/2026 04:42:01 PM
28470A,N,O,04/02/2026 07:31:57 PM
28470B,N,V,04/02/2026 03:18:33 PM
28471A,N,V,04/02/2026 03:18:04 PM
28471B,N,V,04/02/2026 04:29:10 PM
28472A,N,V,04/02/2026 07:04:02 PM
28472B,N,V,04/02/2026 06:35:53 PM
28473A,N,V,04/03/2026 08:14:59 AM
28473B,N,V,04/02/2026 05:43:51 PM
28474A,N,O,04/03/2026 06:55:45 AM
28474B,N,O,04/03/2026 08:14:34 AM
28475A,N,V,04/03/2026 07:45:35 AM
28475B,N,V,04/02/2026 07:17:31 PM
28476A,N,V,04/02/2026 07:22:33 PM
28476B,N,V,04/02/2026 07:27:36 PM
28477A,N,V,04/03/2026 07:52:21 AM
28477B,N,V,04/03/2026 07:00:00 AM
28478A,N,V,04/02/2026 02:15:35 PM
28478B,N,O,04/02/2026 02:11:37 PM
28479B,N,V,04/03/2026 08:01:16 AM
2847A,N,O,04/02/2026 11:54:07 PM
2847B,N,O,04/02/2026 05:18:58 PM
28480A,N,V,04/01/2026 08:21:51 AM
28480B,N,V,04/01/2026 06:25:45 PM
28481A,N,V,03/30/2026 08:59:56 AM
28481B,N,V,03/30/2026 08:59:56 AM
28482A,N,V,04/02/2026 05:22:12 PM
28482B,N,O,04/01/2026 07:58:39 PM
28483A,N,V,04/02/2026 06:59:33 PM
28483B,N,V,03/29/2026 05:14:41 PM
28484A,N,V,03/29/2026 02:22:06 PM
28484B,N,V,04/02/2026 04:41:29 PM
28485A,N,V,04/02/2026 04:58:31 PM
28485B,N,V,04/01/2026 05:55:16 PM
28486A,N,V,04/02/2026 09:37:28 AM
28486B,N,V,03/30/2026 05:03:02 PM
28487A,N,V,04/02/2026 09:34:44 AM
28487B,N,V,04/01/2026 06:15:07 PM
28488A,N,V,04/02/2026 02:01:41 PM
28488B,N,V,03/31/2026 03:52:49 PM
28489A,N,V,03/30/2026 09:42:19 AM
28489B,N,V,04/03/2026 08:07:42 AM
2848A,N,O,04/02/2026 11:58:05 PM
2848B,N,O,04/02/2026 11:50:21 PM
28490A,N,V,04/02/2026 12:13:13 PM
28490B,N,V,04/02/2026 12:16:09 PM
28491A,N,V,04/03/2026 08:01:51 AM
28491B,N,O,04/03/2026 07:00:41 AM
28492A,N,V,04/01/2026 04:31:38 PM
28492B,N,V,04/03/2026 07:59:23 AM
28493A,N,V,04/03/2026 08:06:43 AM
28493B,N,V,04/03/2026 08:06:50 AM
28494A,N,V,04/02/2026 05:35:18 PM
28494B,N,V,04/03/2026 07:29:35 AM
28497A,N,O,04/03/2026 06:57:49 AM
28497B,N,V,04/03/2026 08:12:51 AM
28498A,N,O,04/03/2026 07:56:13 AM
28498B,N,V,04/03/2026 08:17:41 AM
28499A,N,O,04/03/2026 08:07:54 AM
28499B,N,V,04/03/2026 06:59:58 AM
2849A,N,O,04/02/2026 07:14:18 PM
2849B,N,O,04/02/2026 08:15:51 AM
284A,N,O,04/02/2026 09:47:24 PM
284B,N,O,04/02/2026 10:13:26 PM
28500B,N,O,04/03/2026 08:15:17 AM
28501A,N,V,04/02/2026 12:42:48 PM
28501B,N,O,04/03/2026 08:17:38 AM
28502A,N,V,03/30/2026 02:16:09 PM
28502B,N,V,04/02/2026 12:42:47 PM
28503A,N,V,04/01/2026 06:31:34 PM
28503B,N,V,04/02/2026 11:32:43 AM
28504A,N,V,04/02/2026 03:09:02 PM
28504B,N,V,04/02/2026 03:09:02 PM
28505A,N,V,04/02/2026 02:15:29 PM
28505B,N,V,04/02/2026 02:33:45 PM
28506A,N,V,04/02/2026 04:39:03 PM
28506B,N,V,04/02/2026 10:34:54 AM
28507A,N,V,04/01/2026 02:54:48 PM
28507B,N,V,04/01/2026 02:47:03 PM
28508A,N,V,04/02/2026 07:21:19 PM
28508B,N,V,04/03/2026 08:17:13 AM
28509A,N,V,04/02/2026 01:59:33 PM
28509B,N,V,04/02/2026 04:14:50 PM
28510A,N,V,04/01/2026 02:04:04 PM
28510B,N,V,04/02/2026 06:37:49 PM
28511A,N,V,04/02/2026 05:27:06 PM
28511B,N,V,04/02/2026 05:27:28 PM
28512A,N,V,04/02/2026 02:23:33 PM
28512B,N,V,04/02/2026 02:25:11 PM
28513A,N,V,04/03/2026 07:55:13 AM
28513B,N,O,04/01/2026 09:47:48 AM
28514A,N,V,04/03/2026 08:01:50 AM
28515B,N,V,04/02/2026 05:25:40 PM
28516A,N,V,04/02/2026 03:16:41 PM
28516B,N,V,04/02/2026 04:22:28 PM
28517A,N,V,04/02/2026 09:02:48 AM
28517B,N,O,04/02/2026 08:57:05 AM
28518A,N,V,04/02/2026 09:02:37 AM
28518B,N,V,03/30/2026 05:49:41 PM
28521A,N,V,04/03/2026 07:38:15 AM
28521B,N,V,04/02/2026 05:22:36 PM
28522A,N,V,04/02/2026 06:03:36 PM
28522B,N,V,04/03/2026 07:39:07 AM
28523A,N,V,04/03/2026 07:54:04 AM
28523B,N,V,04/03/2026 07:54:35 AM
28524A,N,V,04/02/2026 03:58:07 PM
28524B,N,V,04/02/2026 06:05:28 PM
28525A,N,V,01/10/2026 12:18:44 PM
28525B,N,O,04/02/2026 06:45:05 PM
28526A,N,V,04/01/2026 05:33:49 PM
28526B,N,V,04/02/2026 05:54:43 PM
28527A,N,V,04/02/2026 05:33:22 PM
28527B,N,V,04/03/2026 08:02:50 AM
28528A,N,O,04/03/2026 07:01:15 AM
28528B,N,V,04/03/2026 07:31:03 AM
28529A,N,V,04/03/2026 07:46:18 AM
28529B,N,V,04/03/2026 07:19:36 AM
2852A,N,O,04/02/2026 11:59:57 PM
2852B,N,O,04/02/2026 11:58:18 PM
28530A,N,V,04/02/2026 09:50:06 AM
28530B,N,V,04/02/2026 12:26:40 PM
28531A,N,V,04/02/2026 10:26:26 AM
28531B,N,V,04/01/2026 05:59:49 PM
28532A,N,V,04/02/2026 04:02:23 PM
28532B,N,O,03/29/2026 04:16:03 PM
28533A,N,V,04/01/2026 03:34:49 PM
28533B,N,V,04/02/2026 01:00:53 PM
28534A,N,V,04/02/2026 07:59:58 PM
28534B,N,V,04/01/2026 06:15:11 PM
28535A,N,O,04/03/2026 07:58:51 AM
28535B,N,O,04/01/2026 07:52:03 PM
28536A,N,V,04/02/2026 04:54:39 PM
28536B,N,V,04/02/2026 12:08:24 PM
28537A,N,V,03/31/2026 03:12:00 PM
28537B,N,V,04/01/2026 03:18:51 PM
28538A,N,V,03/29/2026 06:32:20 PM
28538B,N,V,04/01/2026 02:44:05 PM
28539A,N,V,04/01/2026 12:27:19 PM
28539B,N,V,04/03/2026 07:32:51 AM
2853A,N,O,04/02/2026 08:22:31 PM
28540A,N,V,04/02/2026 12:05:26 PM
28540B,N,V,04/02/2026 12:05:15 PM
28541A,N,V,04/02/2026 04:41:08 PM
28541B,N,V,04/02/2026 04:21:32 PM
28542A,N,V,04/01/2026 05:14:19 PM
28542B,N,V,04/01/2026 10:55:14 AM
28543A,N,V,04/01/2026 02:09:20 PM
28543B,N,V,04/02/2026 06:34:16 PM
28544A,N,V,04/01/2026 04:18:12 PM
28544B,N,V,04/02/2026 01:24:11 PM
28545A,N,V,04/02/2026 01:29:03 PM
28545B,N,V,04/02/2026 03:18:18 PM
28546A,N,V,04/02/2026 03:07:55 PM
28546B,N,O,04/02/2026 03:06:42 PM
28547A,N,V,04/03/2026 08:15:51 AM
28547B,N,V,04/03/2026 07:43:43 AM
28548A,N,O,04/03/2026 08:17:36 AM
28548B,N,V,04/02/2026 07:37:32 PM
28549B,N,V,04/02/2026 11:32:03 AM
28550A,N,V,04/02/2026 06:54:32 PM
28550B,N,V,04/02/2026 02:37:51 PM
28551A,N,V,04/03/2026 07:07:20 AM
28551B,N,V,04/02/2026 07:59:27 PM
28552A,N,V,04/02/2026 12:40:34 PM
28552B,N,O,04/03/2026 07:06:13 AM
28553A,N,V,04/02/2026 10:50:21 AM
28553B,N,V,04/02/2026 07:19:33 PM
28554A,N,V,04/02/2026 12:52:05 PM
28554B,N,V,04/03/2026 06:58:16 AM
28555A,N,V,04/02/2026 06:58:08 PM
28555B,N,V,04/03/2026 07:12:59 AM
28556A,N,V,04/01/2026 05:13:27 PM
28556B,N,O,04/03/2026 08:13:44 AM
28557A,N,V,04/02/2026 07:10:29 PM
28557B,N,O,04/03/2026 06:57:44 AM
28558A,N,V,04/02/2026 04:37:29 PM
28558B,N,V,04/02/2026 07:48:00 PM
28559A,N,V,04/03/2026 08:16:15 AM
28559B,N,V,04/02/2026 06:54:00 PM
28560A,N,V,04/02/2026 07:36:07 PM
28560B,N,V,04/03/2026 07:31:01 AM
28561A,N,V,04/03/2026 08:14:13 AM
28561B,N,O,04/03/2026 08:13:49 AM
28562A,N,V,04/03/2026 08:17:15 AM
28562B,N,O,04/03/2026 08:17:39 AM
28563A,N,V,04/03/2026 07:57:39 AM
28563B,N,V,04/03/2026 07:57:42 AM
28564A,N,V,04/02/2026 04:13:18 PM
28564B,N,V,04/02/2026 06:48:23 PM
28565A,N,V,04/02/2026 03:03:37 PM
28565B,N,V,04/03/2026 07:50:02 AM
28566A,N,O,04/03/2026 07:48:30 AM
28566B,N,V,04/03/2026 07:56:36 AM
28567A,N,V,04/02/2026 07:54:04 PM
28567B,N,V,03/30/2026 12:48:06 PM
28568A,N,O,04/03/2026 07:14:58 AM
28568B,N,O,04/03/2026 07:49:22 AM
28569B,N,V,04/02/2026 09:53:24 AM
28570A,N,V,04/03/2026 08:14:57 AM
28570B,N,V,04/03/2026 07:40:32 AM
28571A,N,V,04/03/2026 07:43:14 AM
28571B,N,V,04/03/2026 07:42:37 AM
28572A,N,V,04/02/2026 07:46:14 PM
28572B,N,V,04/03/2026 08:17:36 AM
28573A,N,V,04/02/2026 07:47:30 PM
28573B,N,V,04/02/2026 11:21:07 AM
28574A,N,V,04/03/2026 08:16:59 AM
28574B,N,V,04/02/2026 07:59:49 PM
28575A,N,V,04/02/2026 07:29:34 PM
28575B,N,V,04/02/2026 03:55:39 PM
28576A,N,O,04/03/2026 08:17:02 AM
28576B,N,V,04/02/2026 07:14:44 PM
28577A,N,V,04/03/2026 08:17:31 AM
28577B,N,O,04/03/2026 08:06:10 AM
28578A,N,V,04/02/2026 07:20:23 PM
28578B,N,O,04/03/2026 08:17:18 AM
28579A,N,V,04/02/2026 04:38:44 PM
28579B,N,V,04/02/2026 04:38:44 PM
2857A,N,V,04/02/2026 11:46:16 PM
2857B,N,V,04/02/2026 11:59:59 PM
28580A,N,V,04/03/2026 08:11:40 AM
28580B,N,V,04/02/2026 04:27:41 PM
28581A,N,V,04/01/2026 03:53:31 PM
28581B,N,V,04/02/2026 05:35:59 PM
28582A,N,V,04/03/2026 07:55:24 AM
28582B,N,V,04/03/2026 07:30:32 AM
28583A,N,V,04/03/2026 08:09:19 AM
28583B,N,V,04/02/2026 03:46:29 PM
28584A,N,V,04/03/2026 07:46:37 AM
28585A,N,O,04/02/2026 06:27:03 PM
28585B,N,V,04/03/2026 08:13:19 AM
28586A,N,V,04/03/2026 07:15:41 AM
28586B,N,V,04/03/2026 07:22:01 AM
28587A,N,O,04/02/2026 07:57:41 PM
28587B,N,V,04/03/2026 08:15:02 AM
28588B,N,V,04/02/2026 06:00:51 PM
28589A,N,O,04/02/2026 06:03:52 PM
28589B,N,V,04/02/2026 07:38:52 PM
2858A,N,V,04/02/2026 11:49:05 PM
2858B,N,O,04/02/2026 08:35:28 PM
28590A,N,V,04/02/2026 04:49:40 PM
28590B,N,V,04/02/2026 04:35:42 PM
28591A,N,O,04/03/2026 06:58:40 AM
28591B,N,O,04/02/2026 07:24:08 PM
28592A,N,V,04/02/2026 02:21:19 PM
28592B,N,O,04/02/2026 07:33:45 PM
28594A,N,V,04/03/2026 08:12:30 AM
28594B,N,V,04/02/2026 01:18:50 PM
28595A,N,V,04/03/2026 07:49:40 AM
28595B,N,V,04/02/2026 07:01:17 PM
28596A,N,V,04/01/2026 07:21:27 PM
28596B,N,V,04/02/2026 05:13:31 PM
28597A,N,V,04/02/2026 05:21:50 PM
28597B,N,V,04/02/2026 05:21:27 PM
28598A,N,V,04/02/2026 06:58:43 PM
28598B,N,V,04/02/2026 05:21:49 PM
28599A,N,V,04/02/2026 07:48:32 PM
28599B,N,O,04/03/2026 06:55:54 AM
2859A,N,O,04/02/2026 11:58:55 PM
2859B,N,O,04/02/2026 11:59:34 PM
285A,N,V,04/02/2026 11:56:50 PM
285B,N,V,04/02/2026 09:31:37 PM
28600A,N,O,04/02/2026 06:34:57 PM
28600B,N,V,04/02/2026 07:36:04 PM
28601A,N,V,04/02/2026 05:03:35 PM
28601B,N,O,04/02/2026 06:53:00 PM
28602A,N,O,04/02/2026 07:47:28 PM
28602B,N,O,04/02/2026 06:53:29 PM
28603A,N,V,04/02/2026 07:52:23 PM
28603B,N,O,04/02/2026 07:37:36 PM
28604A,N,V,04/02/2026 05:29:39 PM
28604B,N,V,04/02/2026 05:31:55 PM
28605A,N,O,04/02/2026 06:44:27 PM
28605B,N,V,04/02/2026 05:44:27 PM
28606A,N,O,04/02/2026 07:01:57 PM
28606B,N,V,04/02/2026 06:38:33 PM
28607A,N,O,04/02/2026 06:54:03 PM
28607B,N,V,04/02/2026 07:36:57 PM
28608A,N,O,04/02/2026 07:54:15 PM
28608B,N,V,04/02/2026 08:38:31 AM
28609A,N,O,04/02/2026 06:51:21 PM
28609B,N,O,04/02/2026 06:01:37 PM
2860B,N,V,04/02/2026 10:46:03 PM
28610A,NU,V,04/02/2026 08:40:16 AM
28610B,NU,V,04/02/2026 01:43:06 PM
28611A,N,V,04/02/2026 05:39:16 PM
28611B,N,V,04/02/2026 06:54:00 PM
28612A,N,V,04/02/2026 05:38:52 PM
28612B,N,V,04/02/2026 03:38:21 PM
28613A,N,V,04/02/2026 07:52:52 PM
28613B,N,V,04/02/2026 07:50:09 PM
28614A,N,O,04/02/2026 03:47:03 PM
28614B,N,O,04/02/2026 05:33:28 PM
28615A,N,V,04/01/2026 05:08:35 PM
28615B,N,V,04/02/2026 04:48:34 PM
28616A,N,V,04/01/2026 07:00:23 PM
28616B,N,V,04/02/2026 04:14:53 PM
28617A,N,V,04/02/2026 05:39:21 PM
28617B,N,V,04/02/2026 04:04:42 PM
28618A,N,V,04/02/2026 07:19:55 PM
28618B,N,V,04/02/2026 06:49:03 PM
28619A,N,V,04/02/2026 07:20:32 PM
28619B,N,V,04/02/2026 05:07:37 PM
2861A,N,O,04/02/2026 09:45:49 PM
2861B,N,O,04/02/2026 09:17:19 PM
28620A,N,V,04/02/2026 04:59:35 PM
28620B,N,V,04/02/2026 06:17:44 PM
28621A,N,V,04/02/2026 05:43:36 PM
28622A,N,O,04/02/2026 07:16:44 PM
28622B,N,V,04/02/2026 05:48:32 PM
28623A,N,V,04/02/2026 07:19:38 PM
28623B,N,O,04/02/2026 07:29:24 PM
28624A,N,O,04/02/2026 07:23:13 PM
28624B,N,V,04/02/2026 07:11:08 PM
28625A,N,O,04/02/2026 07:24:19 PM
28625B,N,O,04/02/2026 06:49:15 PM
28626A,N,O,04/02/2026 07:41:31 PM
28626B,N,O,04/02/2026 06:58:47 AM
28627A,N,O,04/02/2026 07:46:54 PM
28627B,N,O,04/02/2026 06:57:50 AM
28628A,N,V,04/02/2026 05:52:18 PM
28628B,N,O,04/02/2026 07:59:58 PM
28629A,N,O,04/02/2026 06:09:56 PM
28629B,N,O,04/02/2026 06:39:54 PM
2862A,N,O,04/02/2026 08:17:40 PM
2862B,N,O,04/02/2026 10:19:40 PM
28631A,N,V,04/02/2026 12:23:50 PM
28631B,N,V,04/03/2026 08:07:22 AM
28632A,N,V,04/02/2026 12:26:53 PM
28632B,N,V,04/02/2026 08:55:53 AM
28633A,N,V,04/03/2026 07:31:19 AM
28633B,N,V,04/01/2026 06:15:59 PM
28634A,N,O,04/03/2026 06:55:45 AM
28634B,N,V,04/02/2026 03:40:09 PM
28635A,N,V,04/03/2026 07:55:39 AM
28636A,N,O,04/03/2026 06:58:51 AM
28636B,N,V,03/31/2026 07:32:55 AM
28637A,N,V,03/31/2026 02:25:40 PM
28637B,N,V,04/01/2026 12:04:39 PM
28638A,N,V,04/01/2026 05:49:46 PM
28638B,N,V,04/01/2026 10:11:50 AM
28639A,N,V,04/02/2026 07:47:06 AM
28640A,N,O,04/03/2026 08:13:03 AM
28640B,N,V,04/02/2026 07:23:56 PM
28641A,N,V,04/02/2026 07:34:45 PM
28641B,N,V,04/02/2026 07:02:29 AM
28642A,N,O,04/03/2026 08:15:03 AM
28657A,N,V,04/02/2026 08:01:40 AM
28657B,N,O,04/03/2026 06:57:52 AM
28658A,N,O,04/03/2026 06:56:53 AM
28658B,N,O,04/03/2026 06:56:53 AM
28659B,N,V,04/02/2026 06:23:43 PM
28660A,N,O,04/03/2026 06:59:43 AM
28660B,N,V,04/02/2026 07:16:26 PM
28661A,N,V,04/03/2026 08:06:47 AM
28661B,N,V,04/02/2026 04:39:16 PM
28662A,N,O,04/03/2026 06:57:46 AM
28662B,N,V,04/03/2026 08:07:35 AM
28663A,N,V,04/03/2026 08:07:53 AM
28663B,N,V,04/03/2026 07:28:01 AM
28664B,N,O,04/03/2026 08:12:16 AM
28665A,N,V,04/03/2026 07:34:08 AM
28665B,N,V,04/02/2026 06:51:35 PM
28666A,N,V,04/03/2026 07:57:16 AM
28666B,N,V,04/03/2026 08:17:22 AM
28667A,N,O,04/03/2026 08:08:46 AM
28667B,N,O,04/03/2026 07:48:12 AM
28668A,N,V,04/02/2026 07:14:28 PM
28668B,N,O,04/03/2026 06:58:58 AM
28669A,N,O,04/03/2026 06:56:16 AM
28669B,N,O,04/03/2026 08:17:41 AM
28670A,N,V,04/02/2026 05:01:19 PM
28670B,N,O,04/03/2026 06:59:54 AM
28671A,N,V,04/03/2026 07:35:31 AM
28671B,N,V,04/02/2026 04:59:13 PM
28672A,N,O,12/12/2025 05:11:09 PM
28672B,N,V,04/02/2026 11:44:51 AM
28673A,N,V,04/02/2026 05:44:46 PM
28673B,N,V,04/03/2026 08:17:29 AM
28674A,N,V,04/02/2026 12:10:41 PM
28674B,N,V,04/03/2026 07:09:37 AM
28676A,N,V,04/02/2026 04:09:16 PM
28677A,N,V,04/01/2026 02:47:30 PM
28677B,N,V,03/31/2026 11:29:23 AM
28678A,N,V,04/02/2026 10:03:23 AM
28678B,N,V,04/02/2026 11:34:33 AM
28679A,N,V,04/02/2026 04:34:44 PM
28679B,N,O,04/01/2026 12:27:02 PM
28680A,N,V,04/02/2026 10:40:16 AM
28680B,N,V,04/02/2026 07:30:25 PM
28681A,N,V,04/02/2026 04:33:15 PM
28681B,N,V,03/31/2026 12:19:09 PM
28682A,N,V,04/02/2026 01:14:49 PM
28682B,N,V,04/02/2026 10:35:02 AM
28683A,N,V,04/03/2026 07:51:59 AM
28683B,N,V,04/02/2026 03:12:10 PM
28684A,N,V,04/02/2026 02:11:46 PM
28684B,N,V,04/02/2026 03:12:21 PM
28685A,N,V,04/02/2026 07:35:11 PM
28685B,N,V,04/02/2026 07:35:15 PM
28686A,N,V,04/02/2026 03:04:35 PM
28686B,N,V,04/03/2026 08:03:19 AM
28687A,N,V,04/02/2026 05:31:35 PM
28687B,N,O,04/03/2026 08:17:03 AM
28688A,N,V,04/02/2026 06:37:58 PM
28688B,N,V,04/02/2026 07:56:56 PM
28689A,N,V,04/02/2026 10:05:42 AM
28689B,N,V,04/02/2026 09:50:59 AM
2868A,NU,O,04/02/2026 11:08:19 PM
2868B,NU,V,04/02/2026 11:53:35 PM
28690A,N,V,04/02/2026 04:55:33 PM
28690B,N,V,04/02/2026 06:42:22 PM
28691A,N,V,04/01/2026 04:56:34 PM
28691B,N,O,04/01/2026 04:55:09 PM
28692A,N,V,04/02/2026 03:44:27 PM
28692B,N,V,04/02/2026 02:38:14 PM
28693A,N,V,04/02/2026 03:42:53 PM
28693B,N,V,04/02/2026 03:45:47 PM
28694A,N,V,04/02/2026 03:27:59 PM
28694B,N,V,04/01/2026 03:13:19 PM
28695A,N,V,04/01/2026 03:13:20 PM
28695B,N,V,04/02/2026 06:51:53 PM
28696A,N,V,04/02/2026 11:58:19 AM
28696B,N,V,04/01/2026 07:13:25 AM
28697A,N,V,04/02/2026 01:14:04 PM
28697B,N,V,04/02/2026 05:35:53 PM
28698A,N,V,04/02/2026 02:01:42 PM
28698B,N,V,04/02/2026 02:28:56 PM
28699B,N,V,04/02/2026 05:34:38 PM
2869A,N,O,04/02/2026 11:58:19 PM
2869B,N,O,04/02/2026 11:42:44 PM
286A,N,V,04/02/2026 09:24:37 PM
286B,N,V,04/02/2026 11:59:58 PM
28700A,N,V,04/02/2026 05:22:13 PM
28700B,N,V,04/02/2026 02:41:32 PM
28701A,N,O,04/03/2026 08:12:51 AM
28701B,N,V,04/02/2026 05:37:27 PM
28702A,N,V,04/03/2026 08:15:50 AM
28702B,N,V,04/03/2026 07:33:44 AM
28703A,NU,V,04/01/2026 07:59:00 PM
28703B,NU,V,04/01/2026 03:53:47 PM
28704A,N,V,04/02/2026 07:24:15 PM
28704B,N,V,04/02/2026 12:33:22 PM
28705A,N,O,04/02/2026 10:40:33 AM
28705B,N,V,04/02/2026 06:14:05 PM
28706A,N,V,04/03/2026 07:28:10 AM
28706B,N,V,04/02/2026 06:47:01 PM
28707A,N,O,04/02/2026 02:52:43 PM
28707B,N,V,04/02/2026 03:07:31 PM
28708A,N,V,04/03/2026 07:33:24 AM
28708B,N,V,04/02/2026 07:53:08 PM
2870A,N,O,04/02/2026 07:06:41 AM
28710A,N,V,03/31/2026 09:49:14 AM
28710B,N,O,04/03/2026 08:08:03 AM
28711A,N,V,04/02/2026 10:27:23 AM
28711B,N,V,04/02/2026 10:25:54 AM
28712A,N,V,04/02/2026 10:17:03 AM
28712B,N,V,04/03/2026 07:48:44 AM
28713A,N,V,04/02/2026 04:27:20 PM
28714A,N,V,04/02/2026 06:39:34 PM
28714B,N,V,04/02/2026 11:23:01 AM
28715A,N,O,04/02/2026 03:16:05 PM
28715B,N,O,04/03/2026 06:59:52 AM
28716A,N,V,04/02/2026 03:04:15 PM
28716B,N,V,04/03/2026 07:07:27 AM
28717A,N,V,04/02/2026 06:55:15 PM
28717B,N,V,04/02/2026 07:37:52 PM
28718A,N,V,04/02/2026 06:15:23 PM
28718B,N,V,04/02/2026 06:16:19 PM
28719A,N,V,04/02/2026 06:38:07 PM
28719B,N,V,04/03/2026 07:18:51 AM
2871A,N,O,04/02/2026 09:30:09 PM
2871B,N,O,04/02/2026 09:58:55 PM
28720A,N,V,04/01/2026 03:10:18 PM
28720B,N,V,04/01/2026 10:40:42 AM
28721A,N,V,04/02/2026 07:42:55 PM
28721B,N,V,04/02/2026 04:37:13 PM
28722A,N,O,04/03/2026 07:59:34 AM
28722B,N,V,04/01/2026 12:02:00 PM
28723A,N,V,04/02/2026 01:20:21 PM
28723B,N,V,04/02/2026 07:05:07 PM
28724A,N,V,04/02/2026 04:16:39 PM
28724B,N,V,04/03/2026 08:17:42 AM
28725A,N,V,04/03/2026 08:02:08 AM
28725B,N,V,04/02/2026 02:48:56 PM
28726A,N,V,04/02/2026 05:56:22 PM
28726B,N,V,04/02/2026 05:39:18 PM
28727A,N,V,04/02/2026 06:23:27 PM
28727B,N,V,04/02/2026 06:25:00 PM
28728A,N,V,04/03/2026 07:44:27 AM
28728B,N,V,04/02/2026 04:48:46 PM
28729A,N,V,04/03/2026 07:51:08 AM
28729B,N,V,04/03/2026 07:51:26 AM
2872A,N,O,04/02/2026 11:59:25 PM
2872B,N,O,04/02/2026 11:56:37 PM
28730A,N,V,04/02/2026 05:44:13 PM
28730B,N,V,04/02/2026 05:01:35 PM
28731A,N,V,04/03/2026 07:08:29 AM
28731B,N,V,04/03/2026 08:08:41 AM
28732A,N,V,04/03/2026 07:42:43 AM
28732B,N,V,03/31/2026 01:56:11 PM
28733A,N,V,04/01/2026 04:34:22 PM
28733B,N,V,04/01/2026 06:20:44 PM
28734A,N,O,04/03/2026 07:28:02 AM
28734B,N,V,04/02/2026 10:37:43 AM
28735A,N,V,04/01/2026 02:11:58 PM
28735B,N,V,04/01/2026 02:14:11 PM
28736A,N,V,04/01/2026 03:41:47 PM
28736B,N,V,04/01/2026 02:45:50 PM
28737A,N,V,04/01/2026 12:14:52 PM
28737B,N,V,04/01/2026 03:00:21 PM
28738A,N,V,04/02/2026 04:53:40 PM
28738B,N,V,04/03/2026 08:15:25 AM
28739A,N,V,04/02/2026 11:31:40 AM
28739B,N,V,04/02/2026 04:34:34 PM
28740A,N,V,03/29/2026 05:31:36 PM
28740B,N,V,03/30/2026 04:12:55 PM
28741A,N,V,04/03/2026 08:15:00 AM
28741B,N,V,04/01/2026 01:42:01 PM
28742A,N,V,04/01/2026 07:03:24 AM
28742B,N,V,04/01/2026 11:37:25 AM
28743A,N,V,04/02/2026 11:29:14 AM
28743B,N,V,04/02/2026 11:29:14 AM
28744B,N,V,04/02/2026 07:07:22 PM
28745A,N,V,03/31/2026 06:43:43 PM
28745B,N,V,04/01/2026 07:59:57 PM
28746A,N,V,04/01/2026 06:23:59 PM
28746B,N,V,04/01/2026 07:58:41 PM
28747A,N,V,04/01/2026 09:14:14 AM
28747B,N,V,04/01/2026 09:14:39 AM
28748A,N,V,03/31/2026 01:48:10 PM
28748B,N,V,04/01/2026 05:39:40 PM
28749A,N,V,03/31/2026 10:10:50 AM
28749B,N,V,04/02/2026 04:13:28 PM
28750A,N,V,03/30/2026 02:55:59 PM
28750B,N,V,03/30/2026 05:06:26 PM
28751A,N,O,04/02/2026 07:16:00 PM
28751B,N,V,04/02/2026 04:36:25 PM
28752A,N,O,04/02/2026 07:20:54 PM
28752B,N,V,04/01/2026 04:57:06 PM
28753A,N,V,04/01/2026 02:17:53 PM
28753B,N,O,04/01/2026 02:15:44 PM
28754A,N,V,04/01/2026 02:08:37 PM
28754B,N,V,04/01/2026 09:05:29 AM
28755A,N,V,03/30/2026 07:05:13 PM
28755B,N,V,03/30/2026 07:08:30 PM
28756A,N,O,04/01/2026 04:54:14 PM
28756B,N,V,04/01/2026 07:59:04 PM
28760A,N,V,04/02/2026 05:08:51 PM
28760B,N,V,04/03/2026 06:59:59 AM
28761A,N,V,04/02/2026 06:31:53 PM
28761B,N,V,04/02/2026 01:25:45 PM
28762A,N,V,04/03/2026 07:42:54 AM
28762B,N,V,04/03/2026 07:42:54 AM
28763A,N,V,04/02/2026 05:32:46 PM
28763B,N,V,04/02/2026 07:24:02 PM
28764A,N,O,04/03/2026 07:35:12 AM
28764B,N,V,04/03/2026 06:59:16 AM
28765A,N,V,04/03/2026 07:35:33 AM
28765B,N,V,04/02/2026 07:45:03 PM
28766A,N,V,04/02/2026 06:28:51 PM
28766B,N,V,04/02/2026 06:28:51 PM
28767A,N,V,04/02/2026 04:28:09 PM
28767B,N,O,04/03/2026 06:57:50 AM
28768A,N,V,04/02/2026 04:14:03 PM
28768B,N,V,04/02/2026 04:23:40 PM
28769A,N,V,04/02/2026 04:09:34 PM
28769B,N,V,04/02/2026 04:13:28 PM
28770A,N,V,04/02/2026 02:24:10 PM
28770B,N,V,04/02/2026 04:10:51 PM
28771A,N,V,04/02/2026 04:19:10 PM
28771B,N,V,04/02/2026 03:33:07 PM
28772A,N,V,04/02/2026 03:38:43 PM
28772B,N,V,04/02/2026 02:13:02 PM
28773A,N,V,04/02/2026 03:25:04 PM
28773B,N,V,04/02/2026 01:18:46 PM
28774A,N,V,04/02/2026 03:49:36 PM
28774B,N,V,04/02/2026 04:03:40 PM
28775A,N,V,04/02/2026 07:33:59 PM
28775B,N,V,04/02/2026 04:14:30 PM
28776A,N,V,04/02/2026 04:06:57 PM
28776B,N,V,04/02/2026 04:12:12 PM
28777A,N,V,04/02/2026 04:18:31 PM
28777B,N,V,04/02/2026 04:19:36 PM
28778A,N,O,04/03/2026 07:38:22 AM
28778B,N,O,04/03/2026 07:17:15 AM
2877A,N,V,04/02/2026 11:59:53 PM
28780B,N,O,04/03/2026 06:59:46 AM
28781A,N,V,04/03/2026 07:14:07 AM
28781B,N,V,04/03/2026 08:01:55 AM
28782A,N,V,04/03/2026 07:59:11 AM
28782B,N,O,04/03/2026 08:11:44 AM
28783A,N,O,04/03/2026 06:56:43 AM
28783B,N,O,04/03/2026 06:56:57 AM
28784A,N,O,04/03/2026 06:55:46 AM
28784B,N,O,04/03/2026 06:55:46 AM
28785A,N,V,04/03/2026 08:13:26 AM
28786A,N,O,04/03/2026 06:58:47 AM
28786B,N,O,04/03/2026 06:58:47 AM
28787A,N,V,04/03/2026 07:02:03 AM
28787B,N,O,04/03/2026 06:57:50 AM
28788A,N,V,04/03/2026 08:17:36 AM
28788B,N,O,04/03/2026 06:56:51 AM
28789A,N,O,04/03/2026 06:55:50 AM
28789B,N,V,04/03/2026 07:24:29 AM
28790A,N,V,04/03/2026 08:00:41 AM
28790B,N,O,04/03/2026 06:59:50 AM
28791A,N,O,04/03/2026 06:58:53 AM
28791B,N,O,04/03/2026 06:59:00 AM
28792A,N,O,04/03/2026 06:57:48 AM
28792B,N,O,04/03/2026 06:57:52 AM
28793A,N,O,04/03/2026 06:56:47 AM
28793B,N,V,04/02/2026 03:52:42 PM
28794A,N,O,04/02/2026 07:34:28 PM
28794B,N,O,04/03/2026 07:48:25 AM
28795A,N,O,04/03/2026 06:59:48 AM
28796A,N,V,04/03/2026 07:58:37 AM
28796B,N,V,04/03/2026 07:59:02 AM
28797A,N,O,04/03/2026 08:17:24 AM
28797B,N,O,04/03/2026 08:17:03 AM
28798A,N,V,04/02/2026 07:06:59 PM
28798B,N,V,04/02/2026 02:25:03 PM
28799A,N,O,04/02/2026 04:03:03 PM
28799B,N,O,04/03/2026 06:55:50 AM
287A,N,V,04/02/2026 11:58:23 PM
287B,N,V,04/02/2026 11:17:43 PM
28800A,N,O,04/03/2026 06:59:48 AM
28800B,N,V,04/02/2026 01:52:31 PM
28801A,N,V,04/03/2026 08:09:18 AM
28801B,N,V,04/02/2026 03:01:10 PM
28802A,N,O,04/02/2026 07:00:57 PM
28802B,N,V,04/03/2026 08:16:12 AM
28803A,N,O,04/02/2026 07:24:34 PM
28804A,N,O,04/03/2026 06:55:49 AM
28804B,N,O,04/03/2026 06:55:49 AM
28805A,N,O,04/03/2026 08:01:58 AM
28805B,N,O,04/03/2026 06:59:42 AM
28806A,N,V,04/03/2026 08:08:46 AM
28806B,N,V,04/03/2026 08:14:09 AM
28807A,N,V,04/02/2026 05:03:57 PM
28807B,N,O,04/03/2026 06:57:50 AM
28808A,N,V,04/03/2026 08:04:35 AM
28808B,N,O,04/03/2026 06:56:55 AM
28809A,N,V,04/02/2026 07:49:30 PM
28809B,N,V,04/02/2026 05:06:08 PM
28810A,N,O,04/03/2026 07:30:23 AM
28810B,N,V,04/02/2026 07:30:08 PM
28811A,N,O,04/03/2026 08:14:24 AM
28811B,N,V,04/03/2026 08:14:28 AM
28812A,N,O,04/03/2026 08:13:24 AM
28812B,N,V,04/03/2026 07:29:13 AM
28813A,N,O,04/03/2026 08:17:13 AM
28813B,N,V,04/03/2026 07:26:50 AM
28814A,N,O,04/03/2026 06:56:00 AM
28814B,N,V,04/03/2026 07:39:02 AM
28815A,N,V,04/03/2026 07:51:22 AM
28815B,N,V,04/03/2026 08:13:51 AM
28816A,N,O,04/03/2026 07:37:33 AM
28816B,N,O,04/03/2026 08:16:46 AM
28817A,N,V,04/03/2026 07:49:46 AM
28817B,N,O,04/03/2026 08:17:00 AM
28820A,N,V,04/03/2026 07:27:36 AM
28820B,N,V,04/02/2026 06:14:23 PM
28821A,N,V,04/03/2026 08:10:32 AM
28821B,N,V,04/03/2026 07:02:57 AM
28822A,N,V,04/02/2026 04:39:37 PM
28822B,N,V,04/02/2026 10:56:19 AM
28823A,N,V,04/02/2026 12:55:37 PM
28823B,N,O,04/02/2026 11:50:17 AM
28824A,N,V,04/03/2026 08:14:27 AM
28824B,N,V,04/03/2026 08:16:18 AM
28825A,N,V,04/02/2026 11:38:23 AM
28825B,N,V,04/02/2026 11:37:03 AM
28826A,N,V,04/02/2026 04:57:36 PM
28826B,N,V,04/02/2026 07:11:20 PM
28827B,N,V,04/02/2026 04:19:00 PM
28828A,N,V,04/02/2026 04:17:49 PM
28828B,N,O,04/03/2026 06:56:58 AM
28829A,N,O,04/02/2026 02:16:40 PM
28829B,N,O,04/02/2026 02:17:12 PM
28830A,N,V,04/02/2026 03:16:47 PM
28830B,N,V,04/02/2026 03:16:31 PM
28831A,N,O,04/03/2026 07:42:58 AM
28831B,N,V,04/02/2026 03:35:21 PM
28832A,N,V,04/02/2026 01:01:23 PM
28832B,N,V,04/02/2026 06:05:41 PM
28833A,N,V,04/03/2026 07:52:53 AM
28833B,N,V,04/03/2026 07:12:02 AM
28835B,N,O,04/03/2026 07:02:23 AM
28836A,N,V,04/03/2026 07:44:53 AM
28836B,N,V,04/03/2026 07:45:00 AM
28837A,N,V,04/03/2026 07:43:52 AM
28837B,N,V,04/03/2026 08:15:47 AM
28838A,N,O,04/03/2026 06:57:46 AM
28838B,N,O,04/03/2026 08:17:16 AM
28839A,N,V,04/02/2026 06:33:10 PM
28839B,N,V,04/03/2026 08:15:11 AM
28840A,N,O,04/02/2026 07:28:19 PM
28840B,N,O,04/02/2026 06:49:38 PM
28841A,N,V,04/02/2026 06:10:47 PM
28841B,N,O,04/02/2026 07:59:53 PM
28842A,N,O,04/02/2026 06:44:19 PM
28842B,N,O,04/03/2026 06:57:47 AM
28843A,N,O,04/02/2026 07:55:24 PM
28843B,N,O,04/02/2026 07:21:07 PM
28844A,N,V,04/02/2026 05:43:16 PM
28844B,N,V,04/03/2026 07:49:50 AM
28845A,N,O,04/03/2026 06:59:47 AM
28845B,N,V,04/02/2026 07:59:37 PM
28846A,N,O,04/03/2026 08:08:48 AM
28846B,N,V,04/02/2026 05:11:22 PM
28847A,N,O,04/03/2026 08:08:02 AM
28847B,N,V,04/03/2026 08:01:39 AM
28848A,N,O,04/03/2026 07:15:16 AM
28848B,N,V,04/03/2026 08:14:08 AM
28849A,N,O,04/03/2026 08:17:41 AM
28849B,N,V,04/03/2026 07:50:03 AM
28850A,N,V,04/03/2026 08:12:10 AM
28850B,N,V,04/01/2026 04:36:31 PM
28851A,N,O,04/03/2026 07:45:55 AM
28852A,N,O,04/02/2026 06:09:07 PM
28852B,N,O,04/02/2026 07:12:59 PM
28853A,N,O,04/02/2026 07:59:45 PM
28853B,N,V,04/02/2026 05:42:37 PM
28854A,N,O,04/02/2026 06:29:15 PM
2889A,N,O,04/02/2026 05:56:50 PM
2890B,N,O,04/02/2026 11:09:23 PM
2894B,N,O,04/02/2026 09:59:02 PM
2896A,N,V,04/02/2026 11:40:39 PM
2897A,N,V,04/02/2026 07:50:46 PM
2897B,N,O,04/02/2026 09:31:18 PM
2899A,N,V,04/02/2026 11:59:11 PM
2899B,N,O,04/02/2026 10:01:06 PM
29002A,N,O,04/03/2026 07:56:09 AM
29002B,N,V,04/03/2026 08:13:18 AM
29003A,N,V,07/28/2025 10:53:03 AM
29003B,N,V,04/03/2026 08:03:12 AM
29004A,N,O,04/03/2026 08:16:27 AM
29004B,N,O,04/03/2026 08:11:24 AM
29005A,N,V,04/03/2026 08:06:01 AM
29005B,N,V,04/03/2026 08:05:51 AM
29006A,N,O,04/02/2026 07:26:44 PM
29006B,N,O,04/03/2026 07:44:07 AM
29007A,N,O,04/03/2026 06:57:48 AM
29007B,N,O,04/03/2026 06:58:26 AM
29008A,N,O,04/03/2026 07:00:50 AM
29008B,N,O,04/03/2026 07:34:28 AM
29009A,N,O,04/03/2026 06:56:01 AM
29009B,N,O,04/03/2026 06:55:54 AM
29011A,N,O,04/02/2026 02:05:09 PM
29011B,N,O,04/03/2026 06:58:45 AM
29012A,N,O,04/03/2026 06:57:59 AM
29012B,N,V,04/02/2026 07:45:14 PM
29013A,N,O,04/03/2026 06:56:54 AM
29013B,N,O,04/03/2026 06:56:54 AM
29014A,N,O,04/03/2026 06:55:50 AM
29014B,N,O,04/03/2026 06:55:54 AM
29015A,N,O,04/03/2026 06:59:49 AM
29015B,N,O,04/03/2026 08:15:08 AM
29016A,N,O,04/03/2026 06:58:52 AM
29016B,N,V,04/03/2026 08:14:28 AM
29017A,N,O,04/03/2026 08:15:05 AM
29018A,N,O,04/02/2026 07:38:46 PM
29018B,N,O,04/03/2026 07:13:12 AM
29019A,N,V,04/03/2026 07:36:36 AM
29019B,N,O,04/03/2026 08:15:58 AM
29020A,N,O,04/03/2026 07:44:31 AM
29020B,N,V,04/03/2026 07:57:22 AM
29021A,N,O,04/03/2026 08:05:07 AM
29021B,N,O,04/03/2026 08:03:59 AM
29022A,N,V,04/03/2026 07:24:41 AM
29022B,N,O,04/03/2026 07:53:36 AM
29023A,N,V,04/03/2026 07:53:28 AM
29024A,N,V,04/03/2026 08:13:38 AM
29024B,N,V,04/03/2026 08:03:57 AM
29025A,N,O,04/03/2026 06:59:52 AM
29025B,N,O,04/03/2026 08:14:08 AM
29026A,N,O,04/03/2026 07:51:10 AM
29026B,N,V,04/03/2026 08:13:15 AM
29027A,N,O,04/03/2026 07:58:58 AM
29027B,N,O,04/03/2026 08:01:41 AM
29028A,N,V,04/03/2026 08:11:08 AM
29028B,N,O,04/03/2026 08:04:54 AM
29029A,N,O,04/03/2026 08:12:25 AM
29029B,N,O,04/03/2026 08:03:31 AM
29030A,N,O,04/03/2026 08:03:41 AM
29030B,N,O,04/03/2026 07:34:08 AM
29031A,N,O,04/03/2026 07:42:05 AM
29031B,N,O,04/03/2026 08:09:45 AM
29032A,N,O,04/03/2026 08:00:49 AM
29032B,N,V,04/03/2026 08:07:30 AM
29033B,N,O,04/02/2026 07:56:56 PM
29034A,N,O,04/03/2026 06:55:42 AM
29034B,N,O,04/02/2026 09:27:48 AM
29035A,N,V,04/03/2026 07:37:28 AM
29035B,N,O,04/03/2026 07:00:01 AM
29036A,N,O,04/03/2026 06:58:48 AM
29036B,N,O,04/03/2026 07:11:51 AM
29046A,N,O,04/03/2026 08:17:39 AM
29046B,N,V,04/03/2026 07:40:56 AM
29047A,N,V,04/03/2026 08:08:46 AM
29047B,N,V,04/03/2026 07:51:11 AM
29048A,N,V,04/03/2026 08:02:10 AM
29048B,N,V,04/03/2026 08:02:14 AM
29049A,N,O,04/03/2026 06:55:51 AM
29049B,N,V,04/03/2026 07:56:59 AM
29050A,N,V,04/03/2026 07:51:20 AM
29050B,N,O,04/03/2026 06:59:44 AM
29051B,N,O,04/03/2026 06:58:50 AM
29052A,N,O,04/03/2026 07:38:56 AM
29053A,N,O,04/03/2026 06:56:46 AM
29053B,N,V,04/03/2026 08:04:45 AM
29054A,N,V,04/03/2026 08:05:03 AM
29054B,N,O,04/03/2026 06:55:44 AM
29055A,N,V,04/03/2026 07:57:10 AM
29055B,N,O,04/03/2026 06:59:49 AM
29056A,N,O,04/03/2026 08:05:06 AM
29056B,N,O,04/03/2026 08:04:43 AM
29057A,N,V,04/03/2026 07:31:46 AM
29057B,N,V,04/03/2026 07:26:57 AM
29058A,N,O,04/03/2026 06:56:56 AM
29059A,N,O,04/03/2026 06:55:52 AM
29059B,N,O,04/03/2026 06:55:52 AM
2905A,N,O,04/02/2026 07:27:33 PM
2905B,N,O,04/02/2026 08:55:42 PM
29060A,N,O,04/03/2026 06:59:42 AM
29060B,N,O,04/03/2026 06:59:42 AM
29061A,N,O,04/03/2026 06:58:50 AM
29061B,N,O,04/03/2026 07:56:00 AM
29062A,N,O,04/03/2026 06:57:59 AM
29062B,N,O,04/03/2026 07:55:58 AM
29063A,N,O,04/03/2026 06:56:42 AM
29063B,N,O,04/03/2026 06:56:42 AM
29064B,N,O,04/03/2026 06:55:47 AM
29065A,N,V,04/03/2026 07:35:58 AM
29065B,N,O,04/02/2026 04:30:05 PM
29066A,N,O,04/02/2026 05:55:13 PM
29066B,NU,O,03/24/2026 04:30:50 PM
29067A,NU,O,03/23/2026 09:36:54 AM
29067B,NU,V,03/23/2026 09:59:48 AM
29068A,NU,V,03/23/2026 09:59:45 AM
29068B,NU,O,03/23/2026 09:43:12 AM
29069A,N,V,04/03/2026 06:57:01 AM
29069B,N,V,04/03/2026 07:58:04 AM
29070A,N,O,04/03/2026 06:59:53 AM
29070B,N,O,04/03/2026 06:59:53 AM
29071A,N,V,04/03/2026 08:03:26 AM
29072A,N,O,04/02/2026 05:52:08 PM
29072B,N,O,04/03/2026 06:57:49 AM
29073A,N,V,04/03/2026 07:18:56 AM
29073B,N,V,04/03/2026 08:03:03 AM
29074A,N,O,04/02/2026 05:55:55 PM
29074B,N,V,04/03/2026 08:13:14 AM
29075A,N,V,04/03/2026 07:30:16 AM
29075B,N,V,04/03/2026 07:49:22 AM
29076B,N,O,04/03/2026 06:58:49 AM
29077A,N,O,04/03/2026 06:57:42 AM
29077B,N,V,04/03/2026 07:49:49 AM
29078A,N,V,04/03/2026 07:50:23 AM
29078B,N,V,04/03/2026 07:35:47 AM
29079A,N,V,04/03/2026 08:02:24 AM
29079B,N,O,04/03/2026 07:45:42 AM
2907A,N,V,04/02/2026 10:55:56 PM
2907B,N,V,04/02/2026 11:42:30 PM
29080A,N,V,04/02/2026 07:55:38 PM
29080B,N,O,04/02/2026 07:40:34 PM
29081A,N,O,04/02/2026 07:32:35 PM
29081B,N,O,04/02/2026 07:33:05 PM
29082A,N,V,04/02/2026 07:55:43 PM
29082B,N,V,04/03/2026 08:13:15 AM
29083A,N,V,04/02/2026 05:36:56 PM
29083B,N,O,04/03/2026 08:14:48 AM
29084A,N,O,04/03/2026 07:44:17 AM
29084B,N,O,04/03/2026 06:55:44 AM
29085A,N,O,04/03/2026 06:59:57 AM
29085B,N,O,04/03/2026 07:01:40 AM
29086A,NU,V,07/11/2025 03:54:12 PM
29086B,NU,V,07/11/2025 03:54:12 PM
29087A,N,O,04/03/2026 06:57:42 AM
29087B,N,O,04/03/2026 08:04:08 AM
29088A,N,O,04/03/2026 06:56:57 AM
29088B,N,V,04/03/2026 08:17:12 AM
29089A,N,O,04/03/2026 06:56:05 AM
29089B,N,O,04/03/2026 07:42:18 AM
2908A,N,O,04/02/2026 03:11:02 PM
2908B,N,O,04/02/2026 11:59:58 PM
29090A,N,O,04/03/2026 06:59:44 AM
29090B,N,O,04/03/2026 08:15:19 AM
29091A,N,O,04/03/2026 06:59:11 AM
29091B,N,O,04/03/2026 06:58:47 AM
29092A,N,O,04/03/2026 06:57:48 AM
29092B,N,O,04/03/2026 06:57:44 AM
29093A,N,O,04/03/2026 06:59:17 AM
29093B,N,O,04/03/2026 06:56:44 AM
29094A,N,O,04/03/2026 06:55:45 AM
29094B,N,O,04/03/2026 06:55:52 AM
29095A,N,V,04/03/2026 08:15:24 AM
29095B,N,O,04/03/2026 07:57:59 AM
29096A,N,O,04/03/2026 06:58:50 AM
29096B,N,O,04/03/2026 06:58:53 AM
29097A,N,O,04/03/2026 06:57:42 AM
29097B,N,O,04/03/2026 06:57:42 AM
29098A,N,V,04/03/2026 08:17:14 AM
29099A,N,V,04/03/2026 07:40:47 AM
29099B,N,V,04/03/2026 08:16:03 AM
2909A,N,V,04/02/2026 11:43:54 PM
2909B,N,V,04/02/2026 11:45:07 PM
290A,N,O,04/02/2026 11:31:18 PM
29100A,N,O,04/03/2026 07:54:43 AM
29100B,N,V,04/03/2026 08:14:03 AM
29101A,N,O,04/03/2026 06:58:48 AM
29101B,N,O,04/03/2026 07:38:28 AM
29102A,N,O,04/03/2026 08:12:48 AM
29102B,N,O,04/03/2026 08:17:25 AM
29103A,N,V,04/03/2026 08:02:38 AM
29103B,N,V,04/03/2026 08:12:09 AM
29104A,N,V,04/03/2026 08:01:39 AM
29105A,N,O,04/03/2026 06:59:47 AM
29105B,N,O,04/02/2026 04:10:00 PM
29106A,N,V,04/03/2026 08:17:10 AM
29106B,N,O,04/03/2026 06:58:54 AM
29107A,N,V,04/03/2026 08:09:08 AM
29107B,N,O,04/02/2026 06:00:48 PM
29108A,N,O,04/03/2026 06:56:48 AM
29108B,N,V,04/03/2026 08:05:48 AM
29109B,N,O,04/03/2026 06:55:57 AM
29111B,N,O,04/03/2026 08:14:16 AM
29112A,N,O,04/03/2026 06:57:53 AM
29112B,N,O,04/03/2026 08:17:39 AM
29113A,N,O,04/03/2026 08:17:28 AM
29113B,N,O,04/03/2026 06:56:44 AM
29114A,N,V,04/03/2026 08:12:42 AM
29114B,N,O,04/03/2026 08:14:17 AM
29115A,N,O,04/03/2026 06:59:52 AM
29115B,N,V,04/03/2026 07:33:17 AM
29116A,N,O,04/03/2026 08:16:54 AM
29116B,N,V,04/03/2026 07:42:56 AM
29117A,N,O,04/03/2026 06:57:54 AM
29117B,N,V,04/03/2026 08:16:54 AM
29118A,N,V,04/03/2026 07:28:49 AM
29118B,N,V,04/03/2026 08:17:18 AM
29121A,N,O,04/03/2026 06:58:48 AM
29122A,N,O,04/03/2026 08:14:31 AM
29122B,N,V,04/03/2026 08:03:20 AM
29123A,N,O,04/02/2026 06:48:46 PM
29123B,N,O,04/03/2026 06:56:53 AM
29124A,N,O,04/03/2026 07:51:32 AM
29124B,N,V,04/03/2026 08:17:31 AM
2912A,N,O,04/02/2026 11:40:33 PM
2912B,N,O,04/02/2026 10:50:56 PM
29139B,N,O,04/03/2026 06:55:39 AM
2913A,N,O,04/02/2026 08:41:26 PM
2913B,N,O,04/02/2026 08:57:09 PM
29140A,N,O,04/03/2026 06:59:47 AM
29140B,N,O,04/03/2026 06:59:47 AM
29141A,N,O,04/03/2026 06:58:41 AM
29141B,N,O,04/03/2026 06:58:48 AM
29142A,N,O,04/03/2026 06:57:51 AM
29142B,N,O,04/03/2026 08:07:33 AM
29143A,N,O,04/03/2026 08:07:34 AM
29143B,N,O,04/03/2026 08:15:42 AM
29144A,N,O,04/03/2026 08:16:40 AM
29144B,N,V,04/03/2026 08:17:26 AM
29145A,N,O,04/03/2026 07:39:20 AM
29145B,N,O,04/03/2026 06:59:52 AM
29146A,N,O,04/03/2026 07:00:30 AM
29146B,N,O,04/03/2026 07:03:16 AM
29147A,N,V,04/03/2026 08:01:25 AM
29147B,N,V,04/03/2026 07:56:18 AM
29148A,N,V,04/03/2026 07:45:56 AM
29148B,N,V,04/03/2026 08:03:39 AM
29149A,N,O,04/03/2026 06:55:47 AM
29149B,N,V,04/03/2026 08:17:28 AM
2914A,N,V,04/02/2026 11:48:11 PM
2914B,N,O,04/02/2026 08:08:20 PM
29150A,N,V,04/03/2026 08:14:56 AM
29150B,N,O,04/03/2026 08:15:17 AM
29151A,N,O,04/03/2026 06:58:46 AM
29151B,N,V,04/03/2026 08:16:45 AM
29152A,N,O,04/03/2026 06:57:56 AM
29152B,N,O,04/03/2026 06:57:48 AM
29153A,N,O,04/03/2026 06:56:47 AM
29153B,N,V,04/03/2026 08:08:46 AM
29154B,N,V,04/03/2026 08:08:49 AM
29155A,N,O,04/03/2026 07:00:02 AM
29155B,N,V,04/03/2026 08:06:59 AM
29159A,N,V,04/03/2026 08:17:23 AM
29159B,N,V,04/03/2026 07:17:45 AM
29160A,N,V,04/02/2026 07:57:25 PM
29161A,N,V,04/03/2026 08:14:31 AM
29161B,N,O,04/02/2026 07:00:41 AM
29162A,N,O,04/03/2026 06:57:51 AM
29162B,N,V,04/02/2026 01:25:56 PM
29163A,N,O,04/03/2026 08:17:30 AM
29164A,N,O,04/03/2026 07:48:29 AM
29164B,N,O,04/03/2026 06:55:58 AM
29165A,N,O,04/03/2026 06:59:52 AM
29165B,N,O,04/03/2026 06:59:56 AM
29166A,N,O,04/03/2026 06:58:45 AM
29166B,N,O,04/03/2026 06:58:45 AM
29167A,N,O,04/03/2026 06:57:48 AM
29167B,N,O,04/02/2026 02:53:59 PM
29168A,N,O,04/03/2026 06:57:04 AM
29168B,N,O,04/03/2026 06:56:52 AM
29169A,N,V,04/03/2026 07:50:09 AM
29169B,N,O,04/03/2026 06:55:54 AM
29170A,N,O,04/02/2026 07:02:47 PM
29170B,N,V,04/03/2026 08:01:02 AM
29171A,N,O,04/03/2026 08:00:54 AM
29171B,N,O,04/03/2026 06:58:52 AM
29172A,N,V,04/03/2026 08:17:22 AM
29173A,N,V,04/03/2026 08:01:25 AM
29173B,N,O,04/02/2026 07:17:01 PM
29174A,N,V,04/03/2026 07:55:02 AM
29174B,N,V,04/02/2026 02:00:31 PM
29175A,N,O,04/03/2026 08:17:08 AM
29175B,N,O,04/03/2026 07:44:44 AM
29176A,N,V,04/03/2026 08:16:00 AM
29176B,N,O,04/03/2026 08:14:15 AM
29177A,N,V,04/03/2026 07:46:23 AM
29177B,N,V,04/03/2026 07:45:40 AM
29178A,N,V,04/03/2026 07:57:05 AM
29178B,N,V,04/03/2026 07:56:51 AM
29179A,N,V,04/03/2026 08:03:46 AM
29179B,N,O,04/03/2026 06:55:54 AM
29181A,N,O,04/03/2026 08:12:57 AM
29181B,N,O,04/02/2026 06:58:50 AM
29182A,N,O,04/03/2026 06:58:02 AM
29182B,N,O,04/03/2026 07:57:44 AM
29183B,N,V,04/03/2026 08:17:28 AM
29184A,N,O,04/03/2026 06:55:46 AM
29184B,N,O,04/03/2026 08:16:01 AM
29185A,N,O,04/03/2026 06:59:59 AM
29185B,N,V,04/03/2026 08:12:43 AM
29186A,N,O,04/03/2026 06:58:43 AM
29186B,N,O,04/03/2026 08:14:25 AM
29187A,N,V,04/03/2026 08:17:23 AM
29188A,N,O,04/02/2026 04:42:47 PM
29188B,N,O,04/03/2026 06:56:43 AM
29189A,N,O,04/03/2026 06:55:54 AM
29189B,N,V,04/03/2026 08:02:43 AM
29190A,N,O,04/03/2026 07:52:18 AM
29190B,N,O,04/03/2026 06:59:48 AM
29191A,N,V,04/03/2026 08:12:16 AM
29191B,N,O,04/02/2026 06:39:22 PM
29192A,N,V,04/03/2026 08:03:51 AM
29192B,N,O,04/03/2026 07:41:33 AM
29193A,N,O,04/03/2026 08:01:26 AM
29193B,N,O,04/03/2026 06:56:47 AM
29194A,N,O,04/03/2026 06:55:49 AM
29194B,N,O,04/03/2026 06:55:49 AM
29195A,N,O,04/03/2026 08:00:28 AM
29195B,N,V,04/03/2026 08:06:53 AM
29196A,N,O,04/03/2026 06:58:48 AM
29196B,N,O,04/02/2026 06:30:36 PM
29197A,NU,O,04/02/2026 06:25:32 PM
29197B,NU,O,04/02/2026 07:13:45 PM
29198A,N,O,04/03/2026 08:06:18 AM
29198B,N,O,04/03/2026 08:03:47 AM
29199A,N,O,04/03/2026 06:55:47 AM
29199B,N,O,04/03/2026 06:55:47 AM
29200A,N,V,04/03/2026 07:59:00 AM
29200B,N,V,04/03/2026 08:00:22 AM
29201A,N,O,04/03/2026 08:10:49 AM
29201B,N,V,04/03/2026 08:01:15 AM
29202A,N,V,04/03/2026 07:29:19 AM
29202B,N,V,04/03/2026 08:11:32 AM
29203A,N,V,04/03/2026 08:02:41 AM
29203B,N,V,04/03/2026 08:03:05 AM
29204A,N,V,04/03/2026 08:03:35 AM
29204B,N,V,04/02/2026 07:28:24 PM
29205A,N,V,04/02/2026 06:25:41 PM
29205B,N,O,04/03/2026 06:59:51 AM
29206A,N,V,04/03/2026 08:04:54 AM
29206B,N,O,04/03/2026 08:05:11 AM
29207A,N,O,04/03/2026 06:57:48 AM
29207B,N,O,04/02/2026 07:15:49 PM
29208A,N,V,04/03/2026 08:06:20 AM
29208B,N,V,04/02/2026 01:38:36 PM
29209A,N,V,04/02/2026 07:09:45 AM
29209B,N,V,04/03/2026 08:03:38 AM
29210A,N,V,04/03/2026 08:09:50 AM
29210B,N,O,04/03/2026 06:59:46 AM
29211A,N,V,04/03/2026 08:10:07 AM
29211B,N,V,04/03/2026 07:25:26 AM
29212A,N,V,04/03/2026 08:06:17 AM
29212B,N,V,04/03/2026 08:06:50 AM
29213A,N,O,04/03/2026 06:56:52 AM
29213B,N,V,04/03/2026 07:02:03 AM
29214A,N,O,04/03/2026 06:55:50 AM
29214B,N,O,04/02/2026 05:37:58 PM
29215A,N,O,04/03/2026 06:59:52 AM
29215B,N,O,04/03/2026 06:59:52 AM
29216A,N,O,04/03/2026 06:58:53 AM
29216B,N,O,04/03/2026 08:04:09 AM
29217A,N,O,04/03/2026 08:09:49 AM
29218A,N,O,04/03/2026 08:17:35 AM
29218B,N,O,04/02/2026 04:00:08 PM
29219A,N,O,04/03/2026 08:11:37 AM
29219B,N,O,04/03/2026 08:02:18 AM
2921B,N,V,04/02/2026 10:34:11 PM
29220A,N,V,04/03/2026 07:58:33 AM
29220B,N,V,04/03/2026 08:15:53 AM
29221A,N,V,04/03/2026 08:08:37 AM
29221B,N,O,04/03/2026 08:17:15 AM
29222A,N,O,04/03/2026 06:57:57 AM
29222B,N,O,04/03/2026 08:08:42 AM
29223A,N,O,04/03/2026 08:16:20 AM
29223B,N,O,04/03/2026 06:56:40 AM
29224A,NU,O,04/02/2026 05:10:36 PM
29224B,NU,O,04/02/2026 07:49:03 PM
29225A,N,V,04/03/2026 07:29:06 AM
29225B,N,V,04/03/2026 08:05:03 AM
29226A,N,O,04/03/2026 06:58:43 AM
29226B,N,O,04/02/2026 07:22:15 PM
29227A,N,O,04/03/2026 08:16:11 AM
29227B,N,O,04/03/2026 06:57:47 AM
29228A,N,V,04/03/2026 08:16:12 AM
29228B,N,V,04/03/2026 08:16:53 AM
29229A,N,V,04/03/2026 08:06:55 AM
29229B,N,O,04/02/2026 07:34:41 PM
2922A,N,V,04/02/2026 11:26:48 PM
2922B,N,O,04/02/2026 09:48:44 PM
29230A,N,O,04/03/2026 06:59:52 AM
29230B,N,O,04/02/2026 06:40:25 PM
29231A,N,O,04/03/2026 06:58:49 AM
29231B,N,O,04/03/2026 06:58:49 AM
29232A,N,V,04/03/2026 08:11:21 AM
29232B,N,O,04/03/2026 06:57:43 AM
29233A,N,O,04/03/2026 08:17:13 AM
29233B,N,V,04/03/2026 08:11:35 AM
29234A,N,V,04/03/2026 07:57:30 AM
29234B,N,V,04/03/2026 08:13:15 AM
29235A,N,V,04/03/2026 08:13:32 AM
29235B,N,V,04/03/2026 08:06:05 AM
29236A,N,O,04/03/2026 08:02:29 AM
29237A,N,V,04/03/2026 08:08:21 AM
29238A,N,V,04/03/2026 08:08:28 AM
29238B,N,V,04/03/2026 08:04:46 AM
29239B,N,V,04/03/2026 08:15:45 AM
29240B,N,O,04/03/2026 06:59:46 AM
29241A,N,V,04/03/2026 07:21:21 AM
29241B,N,O,04/02/2026 05:35:31 PM
29242A,N,O,04/03/2026 08:13:26 AM
29242B,N,V,04/03/2026 07:52:38 AM
29243A,N,V,04/03/2026 08:17:18 AM
29243B,N,V,04/03/2026 07:39:11 AM
29244A,N,O,04/03/2026 08:13:37 AM
29244B,N,V,04/03/2026 07:55:12 AM
29254A,N,V,04/02/2026 04:43:38 PM
29255A,N,V,04/02/2026 07:43:55 PM
29255B,N,V,04/02/2026 07:42:59 PM
29256A,N,V,04/03/2026 08:06:31 AM
29256B,N,V,04/02/2026 03:18:58 PM
29257A,N,V,04/02/2026 07:37:36 PM
29257B,N,V,04/02/2026 07:22:58 PM
29258A,N,V,04/02/2026 06:52:56 PM
29258B,N,V,04/02/2026 06:55:32 PM
29259A,N,O,04/02/2026 07:58:53 PM
29259B,N,O,04/02/2026 07:39:17 AM
29260A,N,V,04/01/2026 01:46:33 PM
29260B,N,V,03/31/2026 07:14:18 PM
29261A,N,V,04/02/2026 05:59:19 PM
29261B,N,V,04/02/2026 05:59:50 PM
29262A,N,V,04/02/2026 07:07:30 PM
29262B,N,V,04/02/2026 02:51:29 PM
29263A,N,O,04/02/2026 04:50:37 PM
29263B,N,V,04/02/2026 07:26:45 PM
29264A,N,V,04/02/2026 05:59:30 PM
29264B,N,V,04/02/2026 04:55:10 PM
29265B,N,O,04/03/2026 08:10:39 AM
29266A,N,O,04/03/2026 06:58:44 AM
29266B,N,O,04/03/2026 06:58:44 AM
29267A,N,O,04/03/2026 06:57:48 AM
29267B,N,O,04/03/2026 06:57:55 AM
29268A,N,O,04/03/2026 06:56:55 AM
29268B,N,O,04/03/2026 06:57:33 AM
29269A,N,O,04/02/2026 01:12:24 PM
29269B,N,O,04/03/2026 06:55:47 AM
29270A,N,O,04/03/2026 08:16:34 AM
29270B,N,O,04/03/2026 06:59:50 AM
29271A,N,O,04/03/2026 08:14:19 AM
29271B,N,O,04/03/2026 06:58:39 AM
29272A,N,O,04/03/2026 06:57:51 AM
29272B,N,V,04/03/2026 07:54:23 AM
29273A,N,O,04/03/2026 07:25:11 AM
29273B,N,O,04/03/2026 08:11:26 AM
29274A,N,O,04/03/2026 06:55:50 AM
29274B,N,O,04/03/2026 07:36:09 AM
29275A,N,O,04/03/2026 07:00:00 AM
29275B,N,O,04/03/2026 06:59:48 AM
29276A,N,V,04/03/2026 08:17:17 AM
29276B,N,O,04/03/2026 06:58:48 AM
29277A,N,O,04/03/2026 07:12:54 AM
29277B,N,O,04/03/2026 06:57:47 AM
29278A,N,V,04/03/2026 07:34:31 AM
29278B,N,V,04/03/2026 08:01:09 AM
29279A,N,O,04/03/2026 06:56:31 AM
29279B,N,O,04/03/2026 07:15:05 AM
29280A,N,O,04/03/2026 06:59:41 AM
29280B,N,O,04/03/2026 06:59:44 AM
29281A,N,O,04/03/2026 08:16:13 AM
29281B,N,O,04/03/2026 06:58:42 AM
29282A,N,O,04/03/2026 06:57:39 AM
29282B,N,O,04/03/2026 06:58:23 AM
29283A,N,O,04/03/2026 06:56:48 AM
29283B,N,O,04/03/2026 06:56:41 AM
29284A,N,O,04/03/2026 06:55:48 AM
29284B,N,O,04/03/2026 06:55:40 AM
29285A,N,O,04/03/2026 06:59:46 AM
29285B,N,O,04/03/2026 07:12:49 AM
29286A,N,O,04/03/2026 06:58:47 AM
29286B,N,O,04/03/2026 06:59:00 AM
29287A,N,O,04/03/2026 06:57:45 AM
29287B,N,O,04/03/2026 06:57:45 AM
29288A,N,V,04/03/2026 07:35:59 AM
29288B,N,O,04/03/2026 07:16:59 AM
29289A,N,V,04/02/2026 07:31:18 PM
29289B,N,O,04/03/2026 07:34:48 AM
29290A,N,V,04/02/2026 06:30:32 PM
29290B,N,V,04/03/2026 08:06:31 AM
29291A,N,V,04/03/2026 08:09:38 AM
29291B,N,O,04/03/2026 08:05:34 AM
29292A,N,V,04/02/2026 05:55:53 PM
29292B,N,O,04/03/2026 08:17:39 AM
29293A,N,O,04/03/2026 06:56:40 AM
29293B,N,V,04/02/2026 05:56:33 PM
29294A,N,V,04/03/2026 06:56:40 AM
29294B,N,V,04/03/2026 08:16:50 AM
29295A,N,O,04/03/2026 06:59:46 AM
29295B,N,V,04/02/2026 07:53:31 PM
29296A,N,V,04/02/2026 05:51:19 PM
29296B,N,V,04/02/2026 05:16:02 PM
29297A,N,V,04/02/2026 05:56:15 PM
29297B,N,V,04/03/2026 08:10:18 AM
29298A,N,O,04/03/2026 06:56:42 AM
29298B,N,O,04/03/2026 06:56:42 AM
292A,N,O,04/02/2026 08:57:12 PM
292B,N,O,04/02/2026 10:53:40 PM
29300A,N,V,04/03/2026 08:00:11 AM
29300B,N,V,04/03/2026 07:49:12 AM
29301A,N,O,04/02/2026 06:05:16 PM
29301B,N,O,04/03/2026 06:58:39 AM
29302A,N,V,04/03/2026 07:58:46 AM
29302B,N,O,04/03/2026 06:57:39 AM
29303A,N,O,04/03/2026 06:56:42 AM
29303B,N,V,04/03/2026 08:14:51 AM
29304A,N,O,04/03/2026 06:56:00 AM
29304B,N,O,04/03/2026 08:05:50 AM
29305A,N,O,04/03/2026 08:13:52 AM
29305B,N,V,04/03/2026 08:03:53 AM
29306A,N,V,04/03/2026 08:06:27 AM
29306B,N,O,04/03/2026 06:58:47 AM
29307A,N,V,04/03/2026 08:00:37 AM
29307B,N,V,04/03/2026 08:05:00 AM
29308A,N,O,04/03/2026 06:56:45 AM
29308B,N,V,04/03/2026 08:10:06 AM
29309A,N,V,04/03/2026 07:06:22 AM
29309B,N,O,04/03/2026 06:55:51 AM
29310A,N,V,04/03/2026 08:14:08 AM
29310B,N,O,04/03/2026 08:12:42 AM
29311A,N,V,04/03/2026 08:02:23 AM
29311B,N,V,04/03/2026 08:03:04 AM
29312A,N,V,04/03/2026 08:00:06 AM
29312B,N,V,04/03/2026 07:10:33 AM
29313A,N,O,04/03/2026 06:56:45 AM
29313B,N,O,04/02/2026 05:30:53 PM
29314A,N,V,04/03/2026 07:02:52 AM
29314B,N,V,04/03/2026 07:59:59 AM
29315A,N,V,04/03/2026 07:58:02 AM
29315B,N,O,04/03/2026 07:09:09 AM
29316A,N,V,04/03/2026 08:02:57 AM
29316B,N,V,04/03/2026 08:02:43 AM
29317A,N,O,04/03/2026 06:57:46 AM
29317B,N,O,04/02/2026 07:45:14 PM
29318A,N,O,04/03/2026 06:56:42 AM
29318B,N,V,04/03/2026 08:00:41 AM
29319A,N,V,04/03/2026 08:04:57 AM
29319B,N,V,04/03/2026 08:04:27 AM
29320A,N,O,04/03/2026 06:59:38 AM
29320B,N,V,04/03/2026 07:55:25 AM
29321A,N,V,04/03/2026 08:05:06 AM
29321B,N,O,04/03/2026 06:58:42 AM
29322A,N,V,04/03/2026 08:03:25 AM
29322B,N,V,04/03/2026 07:40:17 AM
29323A,N,V,04/03/2026 08:05:20 AM
29323B,N,O,04/02/2026 07:38:24 PM
29324A,N,V,04/03/2026 08:03:25 AM
29324B,N,V,04/03/2026 07:58:12 AM
29325A,N,O,04/03/2026 06:59:52 AM
29325B,N,O,04/02/2026 07:02:32 PM
29326A,N,O,04/03/2026 07:27:28 AM
29326B,N,V,04/03/2026 08:01:54 AM
29330A,N,O,04/03/2026 08:01:48 AM
29330B,N,V,04/03/2026 08:16:43 AM
29331A,N,V,04/03/2026 08:06:38 AM
29331B,N,V,04/03/2026 08:01:14 AM
29332A,N,O,04/03/2026 08:10:43 AM
29333B,N,O,04/03/2026 06:56:52 AM
29334A,N,V,04/03/2026 08:17:38 AM
29334B,N,V,04/03/2026 06:56:35 AM
29335A,N,V,04/03/2026 08:02:14 AM
29335B,N,V,04/02/2026 02:32:36 PM
29336B,N,V,04/03/2026 07:04:11 AM
29337A,N,V,04/03/2026 08:15:33 AM
29337B,N,O,04/03/2026 06:57:48 AM
29338A,N,V,04/03/2026 08:12:43 AM
29338B,N,V,04/03/2026 07:18:59 AM
29339A,N,O,04/03/2026 08:16:52 AM
29339B,N,O,04/03/2026 06:55:48 AM
29340A,N,O,04/03/2026 07:06:58 AM
29340B,N,V,04/03/2026 07:40:47 AM
29341A,N,V,04/03/2026 08:05:21 AM
29342A,N,O,04/03/2026 08:17:16 AM
29342B,N,O,04/03/2026 06:57:43 AM
29343A,N,O,04/03/2026 07:33:46 AM
29343B,N,V,04/03/2026 07:56:32 AM
29344A,N,O,04/03/2026 08:15:21 AM
29345A,N,O,04/03/2026 06:59:52 AM
29345B,N,O,04/03/2026 06:59:52 AM
29346A,N,O,04/03/2026 06:58:47 AM
29346B,N,V,04/02/2026 09:04:29 AM
29347A,N,V,04/02/2026 01:53:53 PM
29348A,N,O,04/03/2026 06:56:45 AM
29348B,N,V,04/03/2026 08:08:10 AM
29349A,N,V,04/03/2026 08:14:04 AM
29349B,N,V,04/03/2026 07:22:48 AM
29350A,N,V,04/03/2026 07:57:05 AM
29351A,N,V,04/02/2026 08:02:10 AM
29351B,N,O,04/02/2026 07:38:38 PM
29352A,N,V,04/03/2026 07:01:44 AM
29352B,N,V,04/03/2026 07:02:19 AM
29353A,N,V,04/02/2026 07:43:28 AM
29354A,N,V,04/02/2026 08:04:20 AM
29354B,N,O,04/02/2026 07:58:43 PM
29355A,N,V,04/02/2026 03:41:33 PM
29355B,N,V,04/02/2026 03:58:41 PM
29356A,N,V,04/02/2026 03:38:06 PM
29360A,N,V,04/01/2026 07:04:11 PM
29360B,N,V,04/03/2026 08:07:36 AM
29361A,N,O,04/03/2026 06:58:42 AM
29361B,N,O,04/03/2026 06:58:42 AM
29362A,N,O,04/03/2026 06:57:47 AM
29362B,N,O,04/03/2026 06:57:47 AM
29363A,N,V,04/02/2026 06:57:14 PM
29363B,N,O,04/03/2026 08:10:25 AM
2946B,N,V,04/02/2026 11:59:03 PM
2947B,N,V,04/02/2026 09:36:27 PM
2948A,N,V,04/02/2026 09:36:28 PM
2948B,N,O,04/02/2026 11:53:03 PM
2949A,N,O,04/02/2026 09:49:20 PM
2949B,N,V,04/02/2026 11:29:53 PM
2950A,N,V,01/12/2026 10:24:18 AM
2950B,N,O,01/12/2026 10:24:33 AM
2951A,N,V,04/02/2026 11:42:35 PM
2951B,N,V,04/02/2026 11:55:52 PM
2952A,N,V,04/02/2026 11:58:10 PM
2952B,N,V,04/02/2026 10:16:28 PM
2955B,N,V,04/02/2026 09:14:23 PM
2956A,N,O,04/02/2026 09:22:47 AM
2956B,N,V,04/02/2026 11:59:39 PM
2959A,N,O,04/02/2026 09:02:09 AM
2959B,N,O,04/02/2026 03:13:44 PM
295A,N,V,04/02/2026 10:41:36 PM
295B,N,O,04/02/2026 11:58:46 PM
2965A,N,O,04/03/2026 06:59:50 AM
2965B,N,O,04/03/2026 07:50:05 AM
2966A,N,O,04/03/2026 07:18:24 AM
2966B,N,O,04/03/2026 06:58:50 AM
2967A,N,O,04/03/2026 07:45:06 AM
2967B,N,O,04/03/2026 07:37:47 AM
2968A,N,O,04/03/2026 07:53:40 AM
2968B,N,O,04/03/2026 07:43:01 AM
2969A,N,O,04/03/2026 07:47:36 AM
2969B,N,O,04/03/2026 07:46:57 AM
2970A,N,O,04/03/2026 07:54:36 AM
2970B,N,O,04/03/2026 07:56:59 AM
2971A,N,O,04/03/2026 06:58:53 AM
2971B,N,O,04/03/2026 07:56:31 AM
2976A,N,O,04/02/2026 11:52:11 PM
2979A,N,V,04/02/2026 11:25:25 PM
2979B,N,V,04/02/2026 11:14:13 PM
297B,N,O,04/02/2026 08:29:37 PM
2981A,N,V,04/02/2026 11:30:17 PM
2982A,N,V,04/02/2026 11:47:56 PM
2982B,N,O,04/02/2026 11:42:14 PM
2983A,N,O,04/02/2026 11:58:18 PM
2983B,N,O,04/02/2026 11:40:17 PM
2984A,N,V,04/02/2026 09:48:09 PM
2984B,N,V,04/02/2026 11:58:45 PM
2985A,N,O,04/02/2026 11:03:23 PM
2985B,N,O,04/02/2026 11:59:30 PM
2986A,N,O,04/02/2026 11:09:03 PM
2986B,N,V,04/02/2026 11:59:55 PM
2987A,N,V,04/02/2026 11:50:20 PM
2987B,N,O,04/02/2026 07:20:35 PM
2988A,N,V,04/02/2026 11:59:39 PM
2988B,N,V,04/02/2026 11:55:15 PM
2989A,N,V,04/02/2026 11:34:32 PM
2989B,N,V,04/02/2026 11:58:24 PM
298A,N,O,04/02/2026 11:59:59 PM
298B,N,V,04/02/2026 10:38:41 PM
2990A,N,O,04/02/2026 06:33:24 PM
2990B,N,V,04/02/2026 11:59:48 PM
2991A,N,O,04/02/2026 06:58:48 AM
2991B,N,O,04/02/2026 11:58:00 PM
2992A,N,O,04/02/2026 10:11:18 PM
2992B,N,O,04/02/2026 06:53:18 PM
2993A,N,O,04/03/2026 12:00:00 AM
2993B,N,O,04/02/2026 11:50:24 PM
2994A,N,O,04/02/2026 11:59:56 PM
2994B,N,O,04/02/2026 01:49:36 PM
2996A,N,O,04/02/2026 10:53:20 PM
2996B,N,O,04/02/2026 10:19:35 PM
2997A,N,O,04/02/2026 10:34:55 PM
2997B,N,V,04/02/2026 11:59:12 PM
2998A,N,O,04/02/2026 08:26:45 AM
2A,N,V,04/02/2026 09:58:04 PM
2B,N,V,04/02/2026 11:57:34 PM
301A,NU,V,04/02/2026 11:59:04 PM
301B,NU,V,04/02/2026 07:00:20 PM
302A,N,V,04/02/2026 04:17:05 PM
302B,N,V,04/02/2026 03:41:12 PM
303A,N,V,04/02/2026 10:28:23 PM
303B,N,V,04/02/2026 02:24:58 PM
3040A,N,O,04/02/2026 11:59:38 PM
3040B,N,V,04/02/2026 09:20:51 PM
3041A,N,V,04/02/2026 10:42:42 PM
3041B,N,O,04/02/2026 06:58:50 AM
3045A,N,O,04/02/2026 06:59:49 AM
3045B,N,O,04/02/2026 10:29:16 PM
3046A,N,O,01/12/2026 11:15:27 AM
3046B,N,O,01/12/2026 11:15:12 AM
304A,N,O,04/02/2026 11:59:51 PM
304B,N,V,04/02/2026 11:58:12 PM
305A,N,V,04/02/2026 11:47:34 PM
305B,N,V,04/02/2026 11:56:22 PM
3060A,N,V,04/02/2026 09:15:23 PM
3061A,N,O,04/02/2026 10:14:21 PM
3061B,N,O,04/02/2026 08:15:18 PM
3062A,N,O,04/02/2026 07:03:13 PM
3062B,N,O,04/02/2026 10:22:11 PM
3063A,N,O,04/02/2026 11:11:55 PM
3064A,N,O,04/02/2026 08:58:55 PM
3064B,N,V,04/02/2026 11:59:58 PM
3065A,N,O,04/02/2026 09:58:38 PM
3065B,N,O,04/02/2026 07:48:59 PM
3066A,N,O,04/02/2026 11:53:07 PM
3066B,N,O,04/02/2026 11:13:53 PM
3067A,N,V,04/02/2026 10:56:03 PM
3067B,N,V,04/02/2026 08:55:38 PM
3068A,N,V,04/02/2026 11:00:11 PM
3068B,N,V,04/02/2026 10:07:12 PM
3069A,N,V,04/02/2026 09:54:45 PM
3069B,N,V,04/02/2026 09:56:58 PM
306B,N,V,04/02/2026 06:00:20 PM
3070A,N,O,04/03/2026 12:00:00 AM
3070B,N,O,04/02/2026 08:26:08 PM
3073A,N,O,04/02/2026 10:10:15 PM
3074A,N,O,04/02/2026 04:23:57 PM
3074B,N,O,04/02/2026 04:35:43 PM
3075A,N,O,04/02/2026 09:23:40 PM
3075B,N,O,04/02/2026 11:30:55 PM
3076A,N,O,04/02/2026 11:39:11 PM
3076B,N,O,04/02/2026 11:38:32 PM
3077A,N,V,04/02/2026 10:21:30 PM
3077B,N,V,04/02/2026 10:21:30 PM
3078A,N,O,04/02/2026 10:54:25 PM
3078B,N,V,04/02/2026 10:54:13 PM
3079A,N,V,04/02/2026 11:43:29 PM
3079B,N,V,04/02/2026 11:44:27 PM
307A,N,V,04/02/2026 11:09:47 PM
307B,N,V,04/02/2026 05:59:02 PM
3080A,N,O,04/02/2026 11:59:08 PM
3080B,N,V,04/02/2026 11:05:07 PM
3081A,N,O,04/02/2026 11:36:12 PM
3081B,N,O,04/02/2026 10:08:05 PM
308A,N,V,04/02/2026 05:41:34 PM
308B,N,O,04/02/2026 08:28:06 PM
3092B,N,V,04/02/2026 11:01:28 PM
3093A,N,V,04/02/2026 09:41:46 PM
3093B,N,O,04/02/2026 10:54:24 PM
3094A,N,V,04/02/2026 11:37:39 PM
3094B,N,V,04/02/2026 11:52:36 PM
3095A,N,V,04/02/2026 10:46:10 PM
3095B,N,O,04/02/2026 10:31:40 PM
3096A,N,V,04/02/2026 11:52:58 PM
3096B,N,V,04/02/2026 11:34:28 PM
3097A,N,V,04/02/2026 11:34:40 PM
3097B,N,O,04/02/2026 09:02:04 PM
3098A,N,V,04/02/2026 09:54:43 PM
3098B,N,V,04/02/2026 11:23:45 PM
3099A,N,O,04/02/2026 10:36:27 PM
3099B,N,V,04/02/2026 11:49:27 PM
309A,N,V,04/02/2026 09:19:51 PM
309B,N,O,04/02/2026 11:58:34 PM
3100A,N,V,04/02/2026 11:22:59 PM
3100B,N,O,04/02/2026 10:04:31 PM
3101A,N,O,04/02/2026 08:46:43 PM
3101B,N,O,04/02/2026 09:23:13 PM
3107A,N,V,04/02/2026 11:54:06 PM
3107B,N,O,04/02/2026 06:32:27 PM
3109A,N,O,04/02/2026 12:45:46 PM
3109B,N,O,04/02/2026 10:19:03 PM
310A,N,V,04/02/2026 09:37:58 PM
310B,N,V,04/02/2026 10:23:08 PM
3110A,N,O,04/02/2026 10:36:35 PM
311A,N,V,04/02/2026 06:54:26 PM
311B,N,V,04/02/2026 06:53:46 PM
312A,N,V,04/02/2026 09:41:39 PM
312B,N,V,04/02/2026 05:56:50 PM
313A,N,V,04/02/2026 10:19:35 PM
313B,N,V,04/02/2026 07:24:22 PM
314A,N,V,04/02/2026 11:59:02 PM
314B,N,V,04/02/2026 06:21:17 PM
315A,N,O,04/02/2026 06:17:52 PM
315B,N,O,04/02/2026 07:59:50 PM
316A,N,O,04/02/2026 06:58:52 AM
316B,N,O,04/02/2026 03:30:24 PM
317A,N,O,04/02/2026 06:57:47 AM
317B,N,O,04/02/2026 06:57:47 AM
3186A,N,O,04/02/2026 11:03:29 PM
3186B,N,O,04/02/2026 11:17:24 PM
3187A,N,O,04/02/2026 11:52:57 PM
3187B,N,O,04/02/2026 11:52:09 PM
3188A,N,O,04/02/2026 10:59:08 PM
3188B,N,V,04/02/2026 11:12:38 PM
318B,N,O,04/02/2026 12:50:53 PM
3190A,N,V,04/02/2026 11:02:08 PM
3190B,N,V,04/02/2026 11:12:42 PM
3191A,N,O,04/02/2026 11:08:34 PM
3191B,N,V,04/02/2026 11:09:49 PM
3192A,N,V,04/02/2026 11:55:18 PM
3192B,N,O,04/02/2026 10:53:17 PM
3193A,N,V,04/02/2026 11:55:20 PM
3193B,N,O,04/02/2026 10:53:02 PM
3197A,N,V,04/02/2026 11:56:43 PM
3197B,N,O,04/02/2026 09:16:42 PM
319A,N,O,04/02/2026 06:55:41 AM
319B,N,O,04/02/2026 11:57:58 AM
3205A,N,O,04/02/2026 06:45:23 PM
3205B,N,O,04/02/2026 06:25:03 PM
3206A,N,O,04/02/2026 11:22:16 PM
3206B,N,O,04/02/2026 10:24:23 PM
3207A,N,O,04/02/2026 09:06:44 PM
3207B,N,O,04/02/2026 08:01:59 PM
3209A,N,O,04/02/2026 09:28:04 PM
3209B,N,O,04/02/2026 11:31:59 PM
320A,N,O,04/02/2026 11:19:57 AM
320B,N,O,04/02/2026 02:06:37 PM
3210A,N,O,04/02/2026 09:36:31 PM
3210B,N,O,04/02/2026 11:40:30 PM
3211A,N,V,04/02/2026 11:45:33 PM
3211B,N,O,04/02/2026 08:56:39 PM
3212A,N,O,04/02/2026 06:57:45 AM
3212B,N,O,04/02/2026 10:49:04 PM
3213B,N,O,04/02/2026 09:07:25 PM
3214A,N,V,04/02/2026 06:03:33 PM
3214B,N,O,04/02/2026 11:44:13 PM
3215A,N,V,04/02/2026 10:41:52 PM
3215B,N,V,04/02/2026 10:34:42 PM
3216A,N,V,04/02/2026 05:53:25 PM
3216B,N,V,04/02/2026 07:16:36 PM
3217A,N,O,04/02/2026 11:47:09 PM
3217B,N,V,04/02/2026 11:47:16 PM
3218A,N,V,04/02/2026 03:03:49 PM
3218B,N,V,04/02/2026 06:20:58 PM
3219A,N,V,04/02/2026 10:28:54 PM
3219B,N,V,04/02/2026 09:24:23 PM
321A,N,O,04/02/2026 06:58:42 AM
321B,N,O,04/02/2026 06:58:46 AM
3220A,N,V,04/02/2026 09:56:38 PM
3220B,N,V,04/02/2026 09:56:46 PM
3221A,N,V,04/02/2026 08:22:30 PM
3221B,N,O,03/12/2026 10:14:38 AM
3222A,N,V,04/02/2026 11:31:44 PM
3222B,N,O,04/02/2026 11:30:52 PM
322A,N,O,04/02/2026 12:54:25 PM
322B,N,O,04/02/2026 02:56:35 PM
3237A,N,O,04/02/2026 08:20:47 PM
3237B,N,O,04/02/2026 06:57:52 AM
3238A,N,V,04/03/2026 07:55:06 AM
3238B,N,O,04/03/2026 08:07:38 AM
3239A,N,V,04/03/2026 08:07:10 AM
3239B,N,V,04/03/2026 08:11:19 AM
3240A,N,V,04/03/2026 07:25:06 AM
3240B,N,V,04/03/2026 07:59:43 AM
3241A,N,O,04/03/2026 06:58:52 AM
3241B,N,V,04/03/2026 08:16:40 AM
3242B,N,O,04/03/2026 06:57:53 AM
3258A,N,O,04/03/2026 06:56:55 AM
3258B,N,V,04/02/2026 07:25:31 PM
3259A,N,O,04/03/2026 06:55:45 AM
3259B,N,V,04/03/2026 08:14:17 AM
325A,N,V,04/02/2026 07:57:27 PM
325B,N,O,04/02/2026 07:39:15 PM
3260A,N,V,04/03/2026 08:17:24 AM
3260B,N,V,04/02/2026 07:36:29 PM
3261A,N,O,04/02/2026 08:01:20 PM
3261B,N,O,04/02/2026 09:58:04 PM
3262A,N,O,04/02/2026 11:33:03 PM
3262B,N,O,04/02/2026 11:15:50 PM
3263A,N,O,04/02/2026 02:32:49 PM
3263B,N,O,04/02/2026 10:15:26 PM
3264A,N,O,04/02/2026 06:55:52 AM
3264B,N,O,04/02/2026 10:42:25 PM
3265A,N,O,04/02/2026 09:19:11 PM
3265B,N,O,04/02/2026 11:05:31 PM
3266A,N,O,04/02/2026 06:58:55 AM
3266B,N,O,04/02/2026 09:41:33 PM
3267A,N,O,04/02/2026 09:51:04 PM
3267B,N,V,04/02/2026 11:58:42 PM
3268A,N,O,04/02/2026 05:21:21 PM
3268B,N,O,04/02/2026 06:56:53 AM
326A,N,O,04/02/2026 05:00:57 PM
326B,N,O,04/02/2026 03:50:04 PM
3271A,N,V,04/02/2026 09:47:32 PM
3272A,N,O,04/02/2026 11:05:19 AM
3272B,N,O,04/02/2026 11:04:47 AM
327A,N,O,04/02/2026 12:29:00 PM
327B,N,O,04/02/2026 08:31:21 AM
3281A,N,O,04/02/2026 10:36:37 PM
3281B,N,O,04/02/2026 11:52:00 PM
3282A,N,O,04/02/2026 11:31:04 PM
3282B,N,V,04/02/2026 11:59:52 PM
3283A,N,O,04/02/2026 01:05:49 PM
3283B,N,V,04/02/2026 11:59:14 PM
3284A,N,V,04/02/2026 11:25:23 PM
3284B,N,V,04/02/2026 11:22:11 PM
3285A,N,O,04/02/2026 11:00:44 PM
3285B,N,V,04/02/2026 11:37:20 PM
3286A,N,V,04/02/2026 10:57:24 PM
3286B,N,O,04/02/2026 11:54:51 PM
3287A,N,V,04/02/2026 09:28:56 PM
3287B,N,V,04/02/2026 06:38:17 PM
3288A,N,V,04/02/2026 09:35:05 PM
3288B,N,V,04/02/2026 09:35:05 PM
328A,N,V,04/02/2026 07:59:45 PM
328B,N,O,04/02/2026 03:36:20 PM
3290A,N,V,04/02/2026 07:32:00 PM
3290B,N,V,04/02/2026 10:42:43 PM
3291B,N,V,04/02/2026 10:42:57 PM
3292A,N,O,04/02/2026 11:55:31 PM
3292B,N,V,04/02/2026 11:42:00 PM
3293A,N,O,04/02/2026 11:57:56 PM
3293B,N,O,04/02/2026 11:58:37 PM
3294A,N,V,04/03/2026 12:00:00 AM
3294B,N,O,04/02/2026 11:59:29 PM
3295A,N,V,04/02/2026 12:49:19 PM
329B,N,O,11/01/2025 01:54:54 PM
330A,N,O,04/02/2026 05:51:46 PM
330B,N,O,04/02/2026 06:59:55 AM
3317A,N,V,04/02/2026 10:54:43 PM
3317B,N,O,04/02/2026 08:51:16 PM
3318A,N,V,04/02/2026 10:22:22 PM
3318B,N,V,04/02/2026 09:44:44 PM
3319A,N,O,04/02/2026 09:36:45 PM
3319B,N,O,04/02/2026 09:07:21 PM
331A,N,O,04/02/2026 03:35:38 PM
331B,N,O,04/02/2026 05:29:50 PM
3320A,N,O,04/02/2026 10:18:36 PM
3320B,N,O,04/02/2026 11:59:58 PM
3321A,N,V,04/02/2026 10:52:23 PM
3321B,N,O,04/02/2026 11:11:28 PM
3322A,N,V,04/02/2026 11:57:12 PM
3322B,N,V,04/02/2026 11:14:49 PM
3323B,N,O,04/02/2026 11:08:34 PM
332A,N,O,04/02/2026 06:58:00 AM
332B,N,O,04/02/2026 04:26:32 PM
3330A,N,V,04/02/2026 09:57:04 PM
3330B,N,V,04/02/2026 11:59:20 PM
3331A,N,V,04/02/2026 09:51:58 PM
3331B,N,V,04/02/2026 11:59:58 PM
3332A,N,V,04/02/2026 09:20:43 PM
3332B,N,V,04/02/2026 09:35:20 PM
3333A,N,V,04/02/2026 09:02:21 PM
3333B,N,V,04/02/2026 09:50:08 PM
3334A,N,V,04/02/2026 11:59:12 PM
3334B,N,O,04/02/2026 11:51:39 PM
333A,N,O,04/02/2026 03:40:29 PM
333B,N,O,04/02/2026 12:38:17 PM
3343A,N,V,04/02/2026 10:29:22 PM
3343B,N,O,04/02/2026 07:00:24 AM
3344A,N,V,04/02/2026 10:29:41 PM
3344B,N,O,04/02/2026 07:23:17 PM
3346A,N,O,04/02/2026 09:47:06 PM
3346B,N,O,04/02/2026 09:14:19 PM
334A,N,O,04/02/2026 04:44:11 PM
334B,N,O,04/02/2026 06:55:43 AM
3350A,N,O,04/02/2026 07:49:35 PM
3350B,N,O,04/02/2026 10:56:34 PM
3351A,N,O,04/02/2026 08:00:08 PM
3351B,N,O,04/02/2026 10:42:58 AM
3352A,N,O,04/02/2026 11:56:59 PM
3352B,N,O,04/02/2026 10:28:11 PM
3353A,N,V,04/02/2026 11:58:27 PM
3354A,N,O,04/02/2026 09:00:37 AM
3354B,N,O,04/02/2026 03:29:43 PM
3355A,N,O,04/02/2026 11:59:47 PM
3355B,N,V,04/02/2026 09:47:56 PM
3357B,N,O,04/02/2026 06:57:45 AM
3358A,N,O,04/02/2026 03:53:11 PM
3358B,N,O,04/02/2026 10:16:05 PM
3359A,N,O,04/02/2026 03:35:31 PM
3359B,N,O,04/02/2026 08:31:27 PM
335B,N,O,04/02/2026 05:50:02 PM
3360A,N,O,04/02/2026 10:03:54 PM
3362A,N,V,04/02/2026 11:52:58 PM
3362B,N,V,04/02/2026 09:59:41 PM
3363A,N,O,04/02/2026 09:46:19 PM
3363B,N,V,04/02/2026 10:31:46 PM
3368A,N,V,04/02/2026 11:59:22 PM
3368B,N,O,04/02/2026 06:56:52 AM
336A,NU,O,04/02/2026 05:07:45 PM
336B,NU,O,04/02/2026 06:58:47 AM
3371A,N,O,04/02/2026 05:15:58 PM
3371B,N,V,04/02/2026 11:58:20 PM
3372A,N,V,04/02/2026 11:45:59 PM
3372B,N,O,04/02/2026 07:31:04 PM
3373A,N,V,04/02/2026 10:18:30 PM
3373B,N,O,04/02/2026 06:56:53 AM
3374A,N,V,04/02/2026 11:59:23 PM
3374B,N,V,04/02/2026 11:22:43 PM
3375A,N,V,04/02/2026 11:54:13 PM
3375B,N,V,04/02/2026 08:42:48 PM
3376A,N,V,04/02/2026 11:47:46 PM
3376B,N,V,04/02/2026 10:52:36 PM
3377A,N,O,04/02/2026 08:40:06 PM
3377B,N,V,04/02/2026 11:59:58 PM
3378A,N,V,04/02/2026 10:32:18 PM
3378B,N,O,04/02/2026 09:11:33 PM
3379A,N,V,04/02/2026 09:11:58 PM
3379B,N,V,04/02/2026 09:59:29 PM
337A,N,O,04/02/2026 02:43:37 PM
337B,N,O,04/02/2026 06:57:55 AM
3380A,N,O,04/02/2026 11:03:20 PM
3380B,N,V,04/02/2026 11:10:52 PM
3381A,N,O,04/02/2026 05:38:14 PM
3381B,N,V,04/02/2026 11:59:32 PM
3382A,N,O,04/02/2026 11:59:48 PM
3382B,N,V,04/02/2026 10:33:14 PM
3383A,N,O,04/02/2026 08:54:26 PM
3383B,N,O,04/02/2026 10:36:25 PM
338A,N,O,04/02/2026 06:56:53 AM
338B,N,O,04/02/2026 06:57:44 AM
339A,N,O,04/02/2026 03:57:36 PM
3400A,N,O,04/02/2026 09:41:06 PM
3400B,N,O,04/02/2026 07:49:47 PM
3401A,N,O,04/02/2026 11:48:37 PM
3402A,N,O,04/02/2026 05:01:09 PM
3402B,N,O,04/02/2026 02:22:27 PM
3403A,N,O,04/02/2026 06:12:09 PM
3403B,N,O,04/02/2026 08:18:40 PM
3404A,N,O,04/02/2026 11:04:15 PM
3404B,N,O,04/02/2026 09:23:39 PM
3405A,N,O,04/02/2026 11:11:57 PM
3405B,N,O,04/02/2026 10:11:56 PM
3406A,N,O,04/02/2026 10:43:24 PM
3406B,N,O,04/02/2026 08:45:12 PM
3411A,N,O,04/02/2026 10:06:38 PM
3411B,N,O,04/02/2026 08:08:46 PM
3412A,N,O,04/02/2026 10:50:11 PM
3412B,N,O,04/02/2026 06:38:37 PM
3413A,N,O,04/02/2026 11:33:27 PM
3413B,N,O,04/02/2026 06:56:49 AM
3414A,N,O,04/02/2026 09:28:56 PM
3414B,N,O,04/02/2026 03:59:16 PM
3415A,N,O,04/02/2026 12:13:36 PM
3416A,N,O,04/02/2026 07:26:09 PM
3416B,N,O,04/02/2026 10:27:56 PM
3417A,N,O,04/02/2026 11:56:34 PM
3418A,N,O,04/02/2026 07:48:06 PM
3418B,N,O,04/02/2026 07:39:13 PM
3419A,N,O,04/02/2026 08:22:32 PM
3419B,N,O,04/02/2026 10:00:26 PM
3421A,N,O,04/02/2026 06:36:35 PM
3421B,N,V,04/02/2026 10:02:08 PM
3422A,N,O,04/02/2026 08:27:13 PM
3422B,N,V,04/02/2026 10:15:42 PM
3423A,N,O,04/02/2026 07:53:45 PM
3423B,N,O,04/02/2026 06:58:24 PM
3427A,N,O,04/02/2026 10:01:44 PM
3427B,N,O,04/02/2026 10:20:38 PM
3428A,N,O,04/02/2026 11:59:56 PM
3428B,N,O,04/02/2026 07:04:54 PM
342A,N,O,04/02/2026 04:34:48 PM
3433A,N,V,04/02/2026 11:09:09 PM
3433B,N,V,04/02/2026 11:59:40 PM
3434A,N,O,04/03/2026 12:00:00 AM
3434B,N,V,04/02/2026 11:25:51 PM
3435A,N,O,04/02/2026 10:41:19 PM
3435B,N,V,04/02/2026 11:55:00 PM
3436A,N,O,04/02/2026 06:39:04 PM
3436B,N,V,04/02/2026 11:21:34 PM
343A,N,O,04/02/2026 11:04:09 AM
343B,N,O,04/02/2026 04:35:22 PM
3447B,N,O,04/02/2026 10:09:28 PM
3448A,N,O,04/02/2026 11:01:36 PM
3448B,N,O,04/02/2026 06:19:16 PM
3449B,N,O,04/02/2026 10:26:44 PM
344A,N,O,04/02/2026 11:26:16 AM
344B,N,O,04/02/2026 05:23:06 PM
3450A,N,V,04/02/2026 11:45:21 PM
3450B,N,O,04/02/2026 03:01:13 PM
3451A,N,O,04/02/2026 08:13:37 PM
3451B,N,O,04/02/2026 07:33:59 PM
345A,N,O,04/02/2026 08:03:31 AM
345B,N,O,04/02/2026 08:04:00 AM
3467B,N,O,04/02/2026 09:39:25 PM
3468A,N,V,04/02/2026 11:59:43 PM
3468B,N,O,04/02/2026 09:58:30 PM
346B,N,O,04/02/2026 06:47:12 PM
3475B,N,V,04/02/2026 11:55:35 PM
3476A,N,V,04/02/2026 11:42:49 PM
3476B,N,V,04/02/2026 11:55:13 PM
3477A,N,V,04/02/2026 11:55:17 PM
3477B,N,V,04/02/2026 11:59:41 PM
3478A,N,O,04/02/2026 11:48:37 PM
3478B,N,O,04/02/2026 10:54:11 PM
3479A,N,O,04/02/2026 08:36:28 PM
347A,N,O,04/02/2026 08:30:06 AM
347B,N,O,04/02/2026 06:57:46 AM
3483A,N,O,04/02/2026 08:55:35 PM
3484B,N,O,04/02/2026 10:15:12 PM
3485A,N,O,04/02/2026 10:36:46 PM
3486A,N,O,04/02/2026 09:03:40 PM
3486B,N,V,04/02/2026 11:41:03 PM
3487A,N,O,04/02/2026 10:00:00 PM
3487B,N,O,04/02/2026 06:59:18 PM
3488B,N,O,04/02/2026 10:38:55 PM
3489A,N,O,04/02/2026 09:58:49 PM
3489B,N,O,04/02/2026 09:35:28 PM
348A,N,O,04/02/2026 04:51:45 PM
348B,N,O,04/02/2026 03:39:59 PM
350A,N,O,04/02/2026 06:59:58 AM
350B,N,O,04/02/2026 04:06:37 PM
3516A,N,V,04/02/2026 11:58:49 PM
3516B,N,V,04/02/2026 11:54:17 PM
351A,N,O,04/02/2026 09:45:26 AM
351B,N,O,04/02/2026 01:34:44 PM
352A,N,O,04/02/2026 03:04:09 PM
352B,N,O,04/02/2026 03:56:18 PM
353A,N,O,04/02/2026 04:18:36 PM
353B,N,O,04/02/2026 11:43:41 AM
3541B,N,V,04/02/2026 11:26:30 PM
3542A,N,O,04/02/2026 11:07:49 PM
3543A,N,O,04/02/2026 05:43:55 PM
3543B,N,O,04/02/2026 06:56:53 AM
3544A,N,O,04/02/2026 06:46:52 PM
3544B,N,O,04/02/2026 05:00:11 PM
3545A,N,V,04/02/2026 11:24:40 PM
3550A,N,O,04/02/2026 08:32:05 PM
3550B,N,V,04/02/2026 11:20:28 PM
3551A,N,V,04/02/2026 11:44:04 PM
3551B,N,O,04/02/2026 11:02:39 PM
3558B,NU,O,04/02/2026 11:23:28 PM
3559A,N,O,04/02/2026 05:34:51 PM
3559B,N,O,04/02/2026 07:42:33 PM
3562A,N,O,04/02/2026 09:57:22 PM
3563A,N,O,04/02/2026 11:16:03 PM
3563B,N,O,04/02/2026 07:47:05 PM
3564A,N,O,04/02/2026 09:15:47 PM
3564B,N,V,04/02/2026 11:52:23 PM
3568A,N,O,04/02/2026 06:56:51 AM
3568B,N,O,04/02/2026 11:39:24 PM
3569A,N,O,04/02/2026 10:20:58 PM
3569B,N,O,04/02/2026 10:32:35 PM
3571A,N,O,04/02/2026 11:14:42 PM
3571B,N,O,04/02/2026 11:36:54 PM
3572A,N,O,04/02/2026 11:24:43 PM
3572B,N,O,04/02/2026 10:14:08 PM
3573A,N,O,04/02/2026 11:47:00 PM
3573B,N,V,04/02/2026 11:43:32 PM
3574A,N,O,04/02/2026 11:36:42 PM
3574B,N,O,04/02/2026 09:10:29 AM
3575A,N,O,04/02/2026 11:59:46 PM
3575B,N,O,04/02/2026 10:44:54 PM
3576A,N,V,04/02/2026 11:56:04 PM
3576B,N,V,04/02/2026 11:35:15 PM
3577A,N,O,04/02/2026 11:59:45 PM
3577B,N,O,04/02/2026 11:58:55 PM
3578A,N,O,04/02/2026 11:57:29 PM
3578B,N,V,04/02/2026 11:59:50 PM
3579A,N,O,04/02/2026 11:59:35 PM
3579B,N,V,04/02/2026 10:30:16 PM
357A,N,O,04/03/2026 07:57:44 AM
357B,N,O,04/03/2026 07:57:44 AM
3580A,N,O,04/02/2026 11:00:39 PM
3583A,N,O,04/02/2026 10:59:15 PM
3583B,N,O,04/02/2026 09:58:47 PM
3584A,N,O,04/02/2026 08:25:50 AM
3584B,N,O,04/02/2026 02:31:36 PM
3585A,NU,O,04/02/2026 06:17:12 PM
3585B,NU,O,04/02/2026 06:45:12 PM
3586A,N,V,04/02/2026 11:51:47 PM
3586B,N,V,04/02/2026 11:56:40 PM
3587A,N,O,04/02/2026 10:41:36 PM
3587B,N,O,04/02/2026 01:56:25 PM
3588A,N,O,04/02/2026 11:58:27 PM
3592A,N,O,04/02/2026 07:04:28 PM
3592B,N,O,04/02/2026 07:15:10 PM
3593A,N,O,04/02/2026 03:05:54 PM
3593B,N,O,04/02/2026 06:20:44 PM
3594A,N,O,04/02/2026 01:53:18 PM
3594B,N,O,04/02/2026 09:02:04 PM
3597A,N,O,04/02/2026 09:24:25 PM
3597B,N,O,04/02/2026 10:12:48 PM
3604B,N,O,04/02/2026 07:51:38 AM
3605A,N,O,04/02/2026 08:08:14 PM
3605B,N,O,04/02/2026 09:04:32 PM
3606A,N,O,04/02/2026 11:41:23 PM
3606B,N,O,04/02/2026 05:26:19 PM
3607A,N,O,04/02/2026 10:21:54 PM
3607B,N,O,04/02/2026 05:01:44 PM
3608B,N,O,04/02/2026 06:56:44 AM
3609A,N,O,04/02/2026 08:31:20 PM
3609B,N,O,04/02/2026 11:16:48 PM
360A,N,O,04/02/2026 04:33:06 PM
360B,N,O,04/02/2026 09:33:31 PM
3610A,N,O,04/02/2026 10:13:25 PM
3610B,N,O,04/02/2026 09:15:48 PM
3611A,N,O,04/02/2026 09:50:12 PM
3611B,N,V,04/02/2026 11:44:07 PM
3612A,N,O,04/02/2026 09:03:05 PM
3612B,N,O,04/02/2026 10:52:48 PM
3613A,N,O,04/02/2026 11:08:33 PM
3613B,N,O,04/02/2026 06:56:48 AM
3614A,N,O,04/02/2026 11:46:09 PM
3615A,N,O,04/02/2026 11:01:15 PM
3615B,N,O,04/02/2026 09:07:06 PM
3616A,N,O,04/02/2026 08:49:39 PM
3616B,N,O,04/02/2026 07:47:02 PM
3617B,N,O,04/02/2026 06:20:10 PM
3618B,N,O,04/02/2026 11:57:19 PM
3619A,N,V,04/02/2026 11:58:07 PM
3619B,N,V,04/02/2026 10:47:38 PM
361A,N,O,04/02/2026 08:43:50 PM
361B,N,O,04/02/2026 04:47:16 PM
3620A,N,O,04/02/2026 11:21:11 PM
3620B,N,O,04/02/2026 09:55:12 PM
3621A,N,O,04/02/2026 09:24:06 PM
3621B,N,O,04/02/2026 09:59:23 PM
3622A,N,O,04/02/2026 06:57:48 AM
3622B,N,O,04/02/2026 08:58:36 PM
3623A,N,O,04/02/2026 09:55:31 PM
3623B,N,O,04/02/2026 09:14:51 PM
3624A,N,O,04/02/2026 08:10:50 PM
3624B,N,O,04/02/2026 05:14:55 PM
3625A,N,O,04/02/2026 07:04:41 PM
3625B,N,O,04/02/2026 05:35:46 PM
3634A,N,V,04/02/2026 11:16:15 PM
3634B,N,V,04/02/2026 11:59:44 PM
3635B,N,V,04/02/2026 11:20:52 PM
3646B,N,O,04/02/2026 09:05:45 PM
3647A,N,O,04/02/2026 07:49:56 PM
3647B,N,O,04/02/2026 07:07:29 PM
364A,N,O,04/02/2026 06:25:37 PM
364B,N,O,04/02/2026 11:53:02 PM
3653A,N,O,04/02/2026 06:56:43 AM
3653B,N,O,04/02/2026 11:42:04 PM
3654A,N,O,04/02/2026 06:55:45 AM
3654B,N,O,04/02/2026 07:14:07 PM
365A,N,O,04/02/2026 11:58:24 PM
365B,N,O,04/02/2026 11:59:28 PM
3663A,N,O,04/03/2026 08:15:03 AM
3664A,N,V,04/02/2026 07:43:27 PM
3664B,N,O,04/03/2026 07:44:08 AM
3665A,N,O,04/03/2026 07:47:50 AM
3666A,N,V,04/03/2026 07:50:55 AM
3666B,N,O,04/03/2026 08:12:25 AM
3669B,N,V,04/02/2026 11:59:39 PM
366A,N,V,04/02/2026 11:53:56 PM
366B,N,O,04/02/2026 07:51:46 PM
367A,N,O,04/02/2026 10:13:33 PM
367B,N,O,04/02/2026 07:26:47 PM
368A,N,O,04/02/2026 05:29:48 PM
368B,N,O,04/02/2026 06:56:47 AM
3711B,N,V,04/02/2026 10:15:27 PM
3712A,N,V,04/02/2026 11:54:42 PM
3712B,N,V,04/02/2026 10:07:49 PM
3713A,N,O,04/02/2026 06:02:51 PM
3714A,N,V,04/02/2026 11:59:47 PM
3714B,N,V,04/02/2026 09:19:54 PM
3715A,N,V,04/02/2026 09:12:45 PM
3715B,N,V,04/02/2026 09:34:57 PM
3716A,N,V,04/02/2026 11:59:37 PM
3716B,N,V,04/02/2026 08:14:38 PM
3717A,N,V,04/02/2026 10:04:20 PM
3717B,N,V,04/02/2026 09:42:50 PM
3718A,N,O,04/02/2026 05:46:22 PM
3718B,N,V,04/02/2026 10:01:07 PM
3719A,N,O,04/02/2026 11:59:57 PM
3719B,N,V,04/02/2026 10:58:22 PM
3720A,N,O,04/02/2026 04:54:15 PM
3720B,N,O,04/02/2026 10:58:03 PM
3721A,N,O,04/02/2026 07:40:03 PM
3721B,N,V,04/02/2026 11:59:02 PM
3722A,N,V,04/02/2026 11:26:51 PM
3723B,N,O,04/02/2026 10:16:27 PM
3724A,N,O,04/02/2026 11:04:33 PM
3724B,N,O,04/02/2026 09:08:58 PM
3725A,N,O,04/02/2026 11:56:46 PM
3725B,N,O,04/02/2026 07:43:15 AM
3726A,N,O,04/02/2026 10:11:21 PM
3726B,N,O,04/02/2026 05:57:10 PM
3727B,N,O,04/02/2026 06:57:54 AM
3728A,N,O,04/02/2026 06:56:52 AM
3728B,N,O,04/02/2026 06:56:56 AM
3729A,N,O,04/02/2026 06:55:49 AM
3729B,N,O,04/02/2026 05:25:15 PM
3730A,N,O,04/02/2026 06:59:48 AM
3730B,N,O,04/02/2026 06:59:52 AM
3731A,N,O,04/02/2026 06:58:54 AM
3731B,N,O,04/01/2026 06:58:51 AM
3732A,N,O,04/02/2026 11:08:03 AM
3732B,N,O,04/02/2026 06:57:49 AM
3733A,N,O,04/02/2026 06:56:50 AM
3733B,N,O,04/02/2026 06:56:50 AM
3734A,N,O,04/02/2026 11:12:39 PM
3734B,N,O,04/02/2026 11:08:05 PM
3735A,N,O,04/02/2026 09:28:16 PM
3735B,N,O,04/02/2026 09:08:12 PM
3736A,N,O,04/02/2026 09:02:09 PM
3736B,N,O,04/02/2026 11:19:46 PM
3737A,N,O,04/02/2026 08:59:40 PM
3737B,N,O,04/02/2026 08:04:12 PM
3738B,N,V,04/02/2026 11:25:30 PM
3739A,N,O,04/02/2026 05:36:34 PM
3739B,N,O,04/02/2026 11:54:26 PM
3741B,N,O,04/02/2026 07:32:02 PM
375A,N,O,04/02/2026 07:30:06 PM
375B,N,O,04/02/2026 09:12:47 PM
3774A,N,V,04/02/2026 11:56:57 PM
3775A,N,O,04/02/2026 10:11:37 PM
3776A,N,V,04/02/2026 10:09:55 PM
3776B,N,O,04/02/2026 04:31:34 PM
3777A,N,V,04/02/2026 09:50:05 PM
3777B,N,O,04/02/2026 07:58:14 PM
3778A,N,V,04/02/2026 08:56:13 PM
3779A,N,V,04/02/2026 09:55:13 PM
3779B,N,V,04/02/2026 08:28:37 PM
3780A,N,O,04/02/2026 03:56:44 PM
3780B,N,V,04/02/2026 09:39:33 PM
3781A,N,O,04/02/2026 11:46:00 PM
3781B,N,V,04/02/2026 11:40:15 PM
3782A,N,V,04/02/2026 09:16:07 PM
3782B,N,V,04/02/2026 11:59:55 PM
3783A,N,V,04/02/2026 11:59:58 PM
3783B,N,V,04/02/2026 11:43:11 PM
3790A,N,V,04/02/2026 07:46:47 PM
3790B,N,V,04/02/2026 11:00:28 PM
3791A,N,V,04/02/2026 10:40:35 PM
3791B,N,V,04/02/2026 06:50:30 PM
3794A,N,O,04/02/2026 09:35:50 PM
3795A,N,O,04/02/2026 08:29:54 AM
3795B,N,O,04/02/2026 11:10:21 PM
37A,N,V,04/02/2026 10:57:46 PM
37B,N,V,04/02/2026 10:12:38 PM
3806A,N,V,04/02/2026 10:47:45 PM
3806B,N,O,04/02/2026 10:01:03 AM
3807A,N,V,04/02/2026 11:30:11 PM
3807B,N,O,04/02/2026 08:39:56 PM
3808A,N,O,04/02/2026 10:02:46 PM
3809A,N,O,04/02/2026 11:35:30 PM
3809B,N,V,04/02/2026 11:35:30 PM
3810A,N,V,04/02/2026 09:24:22 PM
3810B,N,V,04/02/2026 11:43:26 PM
3811A,N,V,04/02/2026 11:43:12 PM
3812A,N,V,04/02/2026 10:51:10 PM
3812B,N,O,04/02/2026 08:14:33 PM
3815A,N,O,04/02/2026 11:37:47 PM
3815B,N,V,04/02/2026 11:59:41 PM
3816A,N,O,04/02/2026 11:37:50 PM
3817A,N,O,04/02/2026 06:45:08 PM
3817B,N,O,04/02/2026 11:14:10 PM
3819A,N,V,04/02/2026 08:36:44 PM
3819B,N,V,04/02/2026 08:36:44 PM
3820A,N,O,04/02/2026 08:10:32 PM
3821A,N,V,04/02/2026 11:59:40 PM
3822A,N,O,04/02/2026 10:09:43 PM
3822B,N,O,04/02/2026 06:54:36 PM
3823A,N,O,04/02/2026 07:30:16 PM
3824A,N,V,04/02/2026 11:33:30 PM
3824B,N,O,04/02/2026 06:55:41 AM
3825A,N,V,04/02/2026 08:44:25 PM
3825B,N,O,04/02/2026 11:04:22 AM
3826A,N,O,04/02/2026 05:00:30 PM
3827A,N,O,04/02/2026 08:57:18 PM
3827B,N,O,03/12/2026 04:10:48 PM
3828A,N,O,04/02/2026 11:59:59 PM
3828B,N,O,04/02/2026 07:08:38 PM
3829A,N,V,04/02/2026 07:23:08 PM
3829B,N,V,04/02/2026 11:01:00 PM
3830A,N,V,01/24/2026 11:57:19 PM
3830B,N,O,01/25/2026 08:59:57 AM
3831A,N,O,04/02/2026 10:21:02 PM
3831B,N,V,04/02/2026 08:23:03 PM
3832B,N,V,04/02/2026 11:54:55 PM
3834A,N,V,04/02/2026 05:53:28 PM
3834B,N,V,04/02/2026 06:43:03 PM
3835A,N,V,04/02/2026 06:12:39 PM
3835B,N,V,04/02/2026 11:59:57 PM
3836A,N,O,12/03/2025 08:44:16 AM
3836B,N,O,12/03/2025 09:29:39 AM
3837A,N,V,04/02/2026 07:19:50 PM
3837B,N,O,04/02/2026 10:06:26 PM
3838A,N,O,04/02/2026 10:37:20 PM
3838B,N,V,04/02/2026 11:58:42 PM
3839A,N,V,04/02/2026 08:10:19 PM
3840A,N,O,04/02/2026 08:52:45 PM
3840B,N,O,04/02/2026 07:53:29 PM
3841A,N,O,04/02/2026 10:30:22 PM
3841B,N,O,04/02/2026 06:12:04 PM
3842A,N,O,04/02/2026 11:57:58 PM
3842B,N,V,04/02/2026 06:43:31 PM
3843A,N,V,04/02/2026 10:29:04 PM
3843B,N,V,04/02/2026 07:27:58 PM
3844A,N,V,04/02/2026 10:12:28 PM
3844B,N,V,04/02/2026 06:14:30 PM
3845A,N,V,04/02/2026 06:25:29 PM
3845B,N,V,04/02/2026 05:37:27 PM
3846B,N,V,04/02/2026 11:59:57 PM
3847A,N,V,04/02/2026 11:07:40 PM
3847B,N,O,04/02/2026 07:58:36 PM
3848A,N,V,04/02/2026 11:36:45 PM
3848B,N,V,04/02/2026 10:40:14 PM
3878A,N,O,04/02/2026 10:51:45 PM
3878B,N,O,04/02/2026 11:42:24 PM
3879A,N,O,04/02/2026 06:55:52 AM
3879B,N,O,04/02/2026 11:19:50 PM
3880A,N,O,04/02/2026 08:37:28 PM
3883A,N,O,04/02/2026 10:50:04 PM
3883B,N,O,04/02/2026 09:43:40 PM
3884A,N,O,04/02/2026 06:55:52 AM
3884B,N,O,04/02/2026 09:32:16 PM
3885A,N,O,04/02/2026 07:16:41 PM
3885B,NU,V,04/02/2026 11:49:49 PM
3886A,N,V,04/02/2026 11:58:25 PM
3886B,N,V,04/02/2026 11:41:25 PM
3887A,N,V,04/02/2026 11:52:11 PM
3887B,N,O,04/02/2026 11:19:24 PM
3888A,N,V,04/02/2026 11:50:33 PM
3888B,N,O,04/02/2026 11:38:41 PM
3889A,N,V,04/02/2026 11:13:55 PM
3889B,N,V,04/02/2026 11:54:17 PM
3890A,N,O,04/02/2026 09:20:44 PM
3890B,N,O,04/02/2026 11:59:43 PM
3891B,N,O,04/02/2026 06:58:46 AM
3893A,N,O,04/02/2026 05:24:43 PM
3893B,N,O,04/02/2026 03:45:17 PM
3894A,N,O,04/02/2026 06:48:12 PM
3894B,N,O,04/02/2026 07:10:03 PM
3895A,N,O,04/02/2026 09:44:26 PM
3895B,N,O,04/02/2026 03:54:05 PM
3896A,N,O,04/02/2026 07:29:34 PM
3896B,N,O,04/02/2026 07:37:18 PM
3897A,N,O,04/02/2026 06:57:47 AM
3897B,N,O,04/02/2026 08:55:45 PM
38A,N,O,04/02/2026 10:38:41 PM
38B,N,V,04/02/2026 09:08:34 PM
3933B,N,O,04/03/2026 06:56:50 AM
3934B,N,O,04/03/2026 06:55:51 AM
3935A,N,O,04/03/2026 07:34:24 AM
3936A,N,O,04/03/2026 08:07:28 AM
3936B,N,V,04/03/2026 08:16:56 AM
3937A,N,O,01/28/2026 06:58:40 AM
3938A,N,O,04/03/2026 06:56:52 AM
3938B,N,O,04/03/2026 08:16:05 AM
3939B,N,O,04/03/2026 08:17:43 AM
3940B,N,V,04/03/2026 08:16:05 AM
3941A,NU,V,04/02/2026 10:19:07 PM
3941B,NU,V,04/02/2026 10:41:18 PM
3942A,NU,O,04/02/2026 09:50:50 PM
3942B,NU,O,04/02/2026 09:58:18 PM
3945A,N,O,04/03/2026 07:39:30 AM
3945B,N,O,04/03/2026 06:59:56 AM
3946A,N,V,04/03/2026 07:58:28 AM
3946B,N,O,04/03/2026 07:41:07 AM
3947A,N,O,04/03/2026 08:16:11 AM
3947B,N,V,04/03/2026 08:15:11 AM
3948A,N,V,04/03/2026 08:04:17 AM
3948B,N,O,04/03/2026 07:45:45 AM
3949A,N,V,04/03/2026 08:14:38 AM
3949B,N,V,04/03/2026 08:07:21 AM
3950A,N,V,04/03/2026 07:47:34 AM
3950B,N,O,04/03/2026 06:59:44 AM
3951A,N,O,04/03/2026 08:13:39 AM
3951B,N,V,04/03/2026 08:07:18 AM
3952A,N,O,04/03/2026 07:58:05 AM
3952B,N,V,04/03/2026 07:04:21 AM
3953B,N,O,04/03/2026 08:15:14 AM
3954A,N,O,04/02/2026 07:31:48 PM
3954B,N,V,04/02/2026 06:21:56 PM
3955A,N,V,04/03/2026 07:53:42 AM
3956A,N,V,04/02/2026 06:20:47 PM
3956B,N,V,04/03/2026 07:36:37 AM
3957A,N,V,04/02/2026 07:55:30 PM
3957B,N,O,04/03/2026 08:04:39 AM
3958A,N,V,04/03/2026 08:09:40 AM
3958B,N,O,04/02/2026 07:25:20 PM
3959A,N,O,04/03/2026 08:16:48 AM
3959B,N,V,04/03/2026 07:37:35 AM
3960A,N,O,04/03/2026 07:54:21 AM
3960B,N,V,04/03/2026 08:05:43 AM
3970A,N,O,04/02/2026 11:58:03 PM
3970B,N,O,04/02/2026 11:57:48 PM
3975B,N,V,04/02/2026 11:59:48 PM
3976A,N,O,04/02/2026 04:51:35 PM
3976B,N,O,04/02/2026 05:55:22 PM
3977A,NU,O,04/02/2026 06:01:55 PM
3977B,NU,O,04/02/2026 06:57:48 AM
3978A,NU,O,04/02/2026 11:22:03 PM
3978B,NU,O,04/02/2026 08:29:51 PM
3980A,N,O,04/02/2026 08:57:12 PM
3980B,N,V,04/02/2026 09:01:38 PM
3981A,N,V,04/02/2026 07:32:25 PM
3981B,N,V,04/02/2026 06:05:34 PM
3982A,N,V,04/02/2026 06:29:30 PM
3982B,N,V,04/02/2026 07:03:29 PM
3997A,N,O,04/02/2026 08:05:48 PM
3998A,N,O,04/02/2026 06:55:25 PM
3998B,N,O,04/02/2026 09:17:53 PM
3999A,N,O,04/02/2026 07:30:03 PM
3999B,N,O,04/02/2026 09:55:13 PM
39A,N,O,04/02/2026 11:17:15 PM
39B,N,O,04/02/2026 11:59:57 PM
3A,N,V,04/02/2026 11:07:36 PM
3B,N,V,04/02/2026 11:57:22 PM
4030B,N,V,04/02/2026 10:25:33 PM
4031A,N,V,04/02/2026 11:52:23 PM
4031B,N,O,04/02/2026 11:52:44 PM
4032A,N,O,04/02/2026 09:46:04 PM
4132A,N,O,04/02/2026 10:41:13 PM
4140A,N,O,04/02/2026 11:58:53 PM
4140B,N,O,04/02/2026 11:59:52 PM
4141A,N,O,04/02/2026 11:49:31 PM
4141B,N,O,04/02/2026 11:49:31 PM
4144A,N,O,04/02/2026 12:32:29 PM
4145A,N,O,04/02/2026 08:29:47 AM
4145B,N,O,04/02/2026 04:29:12 PM
4146A,N,O,04/02/2026 11:59:31 PM
4146B,N,O,04/02/2026 10:09:09 AM
4147A,N,O,04/02/2026 08:45:05 PM
4147B,N,O,04/02/2026 08:32:17 PM
4148A,N,O,04/02/2026 08:22:23 PM
4148B,N,O,04/02/2026 08:26:49 AM
4149A,N,O,04/02/2026 08:25:42 AM
4149B,N,O,04/02/2026 08:22:52 PM
4159A,N,V,04/02/2026 11:59:48 PM
4159B,N,O,04/02/2026 11:51:36 PM
4160A,N,V,04/02/2026 11:40:24 PM
4160B,N,V,04/02/2026 11:35:43 PM
4161A,N,V,04/02/2026 11:47:34 PM
4161B,N,O,04/02/2026 08:14:46 PM
4163A,N,O,04/02/2026 07:58:55 PM
419A,N,O,04/02/2026 02:04:17 PM
419B,N,O,04/02/2026 09:04:48 AM
41A,N,V,04/02/2026 09:08:53 PM
41B,N,V,04/02/2026 07:59:13 PM
420A,N,O,04/02/2026 10:58:41 PM
420B,N,V,04/02/2026 11:21:39 PM
421A,N,V,04/02/2026 11:21:34 PM
422A,N,O,04/02/2026 06:57:40 AM
422B,N,V,04/02/2026 05:27:15 PM
423A,N,V,04/02/2026 05:01:40 PM
423B,N,O,04/02/2026 06:56:54 AM
4241A,N,O,04/02/2026 10:23:43 PM
4241B,N,O,04/02/2026 11:28:47 PM
4246A,N,O,04/02/2026 11:58:09 PM
4246B,N,V,04/02/2026 11:59:27 PM
424A,N,V,04/02/2026 03:37:19 PM
424B,N,V,04/02/2026 08:12:21 PM
425A,N,O,04/02/2026 08:20:30 PM
425B,N,O,04/02/2026 08:12:17 PM
4261A,N,V,04/02/2026 11:45:35 PM
4261B,N,V,04/02/2026 11:49:47 PM
4262A,N,O,04/02/2026 11:55:31 PM
4262B,N,O,04/02/2026 11:59:45 PM
4263A,N,O,04/02/2026 10:35:25 PM
4264A,N,O,04/02/2026 11:57:04 PM
4264B,N,V,04/02/2026 11:54:34 PM
4265A,N,O,04/02/2026 09:43:14 PM
4265B,N,O,04/02/2026 10:41:12 PM
4271A,N,V,04/02/2026 11:52:03 PM
4271B,N,V,04/02/2026 11:52:17 PM
4272A,N,O,04/02/2026 04:09:33 PM
4272B,N,O,04/02/2026 11:37:09 PM
4273A,N,O,04/02/2026 06:51:06 PM
4273B,N,O,04/02/2026 09:46:44 PM
427A,N,O,04/03/2026 07:06:00 AM
4283A,N,O,04/02/2026 11:58:30 PM
4283B,N,V,04/02/2026 11:59:55 PM
4284A,N,V,04/02/2026 11:55:42 PM
4284B,N,V,04/02/2026 11:57:47 PM
428A,N,O,04/03/2026 08:17:03 AM
428B,N,V,04/03/2026 08:09:33 AM
429A,N,O,04/03/2026 08:08:54 AM
429B,N,V,04/03/2026 08:13:37 AM
42A,NU,V,12/29/2025 09:47:39 AM
42B,NU,V,12/29/2025 09:49:06 AM
430A,N,V,04/03/2026 08:16:04 AM
430B,N,O,04/03/2026 07:30:00 AM
4312A,N,O,04/02/2026 10:07:52 PM
4312B,N,O,04/02/2026 11:41:46 PM
4315A,N,O,04/02/2026 11:34:11 PM
4315B,N,O,04/02/2026 11:43:33 PM
4316A,N,O,04/02/2026 10:50:06 PM
4316B,N,O,04/02/2026 06:59:14 PM
4317A,N,O,04/02/2026 11:03:03 PM
4317B,N,O,04/02/2026 11:59:04 PM
4318A,N,O,04/02/2026 11:41:11 PM
4318B,N,O,04/02/2026 11:54:43 PM
4319A,N,O,04/02/2026 09:50:04 PM
4319B,N,O,04/02/2026 11:50:09 PM
431A,N,V,04/03/2026 07:54:14 AM
431B,N,O,04/03/2026 07:38:49 AM
4322A,N,O,04/02/2026 11:57:11 PM
4322B,N,O,04/02/2026 11:47:14 PM
4327B,N,O,04/02/2026 09:55:27 PM
4328A,N,O,04/02/2026 11:31:48 PM
4328B,N,O,04/02/2026 10:57:37 PM
4329A,N,O,04/02/2026 04:47:12 PM
4329B,N,O,04/02/2026 10:49:41 PM
432A,N,O,04/03/2026 06:57:49 AM
432B,N,O,04/03/2026 08:06:52 AM
4330A,N,V,04/02/2026 05:32:39 PM
4330B,N,O,04/02/2026 05:11:22 PM
4331A,N,O,04/02/2026 10:50:46 PM
4331B,N,O,04/02/2026 09:11:19 AM
4332A,N,O,04/02/2026 09:29:04 PM
4332B,N,O,04/02/2026 10:50:27 PM
4333A,N,O,04/02/2026 05:26:21 PM
4333B,N,O,04/02/2026 09:29:26 PM
4334A,N,O,04/02/2026 08:25:48 AM
4334B,N,O,04/02/2026 11:09:44 PM
4336A,N,O,04/02/2026 08:46:18 PM
4336B,N,O,04/02/2026 11:51:08 PM
4337A,N,O,04/02/2026 11:48:37 PM
4337B,N,O,04/02/2026 09:24:34 PM
433A,N,O,04/03/2026 06:57:00 AM
433B,NU,O,01/29/2026 02:16:59 PM
434A,N,O,04/03/2026 07:41:06 AM
434B,N,O,04/03/2026 06:55:50 AM
4355A,N,O,04/02/2026 11:11:08 PM
4355B,N,O,04/02/2026 06:47:56 PM
4356B,N,O,04/02/2026 10:15:37 PM
4357A,N,O,04/02/2026 07:00:29 PM
4357B,N,O,04/02/2026 11:55:34 PM
4358A,N,O,04/02/2026 07:59:23 PM
4358B,N,O,04/02/2026 10:53:27 PM
4359B,N,O,04/02/2026 11:43:44 PM
435A,N,V,04/03/2026 07:48:41 AM
435B,N,O,04/03/2026 07:48:08 AM
4362A,N,O,04/02/2026 11:57:53 PM
4362B,N,O,04/02/2026 11:52:27 PM
4367A,N,O,04/02/2026 11:08:25 PM
4367B,N,O,04/02/2026 09:37:40 PM
4368A,N,O,04/02/2026 11:26:03 PM
4368B,N,O,04/02/2026 09:42:12 PM
4369A,N,O,04/02/2026 10:30:03 PM
4369B,N,O,04/02/2026 10:13:36 PM
436A,N,V,04/03/2026 07:52:13 AM
436B,N,V,04/03/2026 07:51:43 AM
4370A,N,O,04/02/2026 07:33:29 PM
4370B,N,O,04/02/2026 10:28:36 PM
4371A,N,O,04/02/2026 08:32:04 PM
4371B,N,O,04/02/2026 10:58:06 PM
4372A,N,O,04/02/2026 08:26:03 PM
4372B,N,O,04/02/2026 10:13:52 PM
4373A,N,O,04/02/2026 11:43:21 PM
4373B,N,O,04/02/2026 11:06:46 PM
4374A,N,O,04/02/2026 08:25:48 AM
4374B,N,O,04/02/2026 08:25:48 AM
4375B,N,O,04/02/2026 11:14:25 PM
4378A,N,O,04/02/2026 11:31:40 PM
4378B,N,O,04/02/2026 06:49:02 PM
4379A,N,O,04/02/2026 07:09:51 PM
4379B,N,O,04/02/2026 09:27:50 PM
437A,N,O,04/03/2026 06:57:43 AM
437B,N,V,04/03/2026 08:17:22 AM
438A,N,V,04/03/2026 08:14:53 AM
438B,N,V,04/03/2026 08:15:16 AM
4390A,N,O,04/02/2026 08:38:34 PM
4390B,N,V,04/02/2026 11:39:00 PM
4391A,N,O,04/02/2026 11:51:50 PM
4391B,N,O,04/02/2026 09:52:11 PM
4392A,N,O,04/02/2026 10:58:12 PM
4392B,N,O,04/02/2026 10:20:43 PM
4393B,N,O,04/02/2026 10:25:39 PM
439A,N,O,04/03/2026 06:55:58 AM
439B,N,V,04/03/2026 08:15:35 AM
43A,NU,V,12/29/2025 09:59:44 AM
43B,NU,V,12/29/2025 09:58:14 AM
440A,N,V,04/03/2026 08:15:56 AM
440B,N,O,04/03/2026 06:59:51 AM
4414B,N,O,04/02/2026 11:00:20 PM
4415A,N,O,04/02/2026 11:06:36 PM
4415B,NU,O,04/02/2026 10:00:34 PM
4416A,N,O,04/02/2026 09:22:23 PM
4416B,N,O,04/02/2026 11:05:41 PM
4417A,N,O,04/02/2026 10:31:58 PM
441A,N,O,04/02/2026 11:48:21 AM
441B,N,O,04/02/2026 03:23:11 PM
4427A,N,O,04/02/2026 11:59:53 PM
4427B,N,O,04/02/2026 09:53:36 PM
4429A,N,V,04/02/2026 11:57:19 PM
4429B,N,V,04/02/2026 11:40:06 PM
442A,N,O,04/03/2026 08:17:06 AM
442B,N,V,04/03/2026 07:16:25 AM
4430A,NU,O,04/02/2026 10:42:44 PM
4430B,NU,O,04/02/2026 05:28:20 PM
4431B,N,V,04/02/2026 10:42:41 PM
4433A,N,O,04/02/2026 07:37:28 PM
4433B,N,V,04/02/2026 11:26:43 PM
4434A,N,O,04/02/2026 11:04:40 PM
4434B,N,O,04/02/2026 08:16:07 PM
4435A,N,O,04/02/2026 09:33:54 PM
4435B,N,O,04/02/2026 11:06:15 PM
4439A,N,O,04/02/2026 10:51:52 PM
4439B,N,O,04/02/2026 11:55:16 PM
443A,N,O,04/03/2026 08:17:15 AM
443B,N,O,04/03/2026 06:56:45 AM
4440A,N,O,04/02/2026 11:53:45 PM
4440B,N,O,04/02/2026 08:48:38 PM
4441A,N,O,04/02/2026 02:53:52 PM
4441B,N,O,04/02/2026 08:57:29 PM
4442A,N,O,04/02/2026 10:46:14 PM
4442B,N,O,04/02/2026 11:18:35 PM
444A,N,O,04/03/2026 06:55:51 AM
444B,N,O,04/03/2026 06:55:51 AM
445A,N,V,04/02/2026 07:09:09 PM
445B,N,O,04/03/2026 06:59:56 AM
4461A,N,O,04/02/2026 09:03:06 PM
4461B,N,O,04/02/2026 11:20:26 PM
4462A,N,O,04/02/2026 08:34:27 PM
4462B,N,O,04/02/2026 09:06:09 PM
4463A,N,O,04/02/2026 11:25:21 PM
4463B,N,O,04/02/2026 10:45:19 PM
4464A,N,O,04/02/2026 11:35:56 PM
4464B,N,O,04/02/2026 10:11:57 PM
4465A,N,O,04/02/2026 07:31:46 PM
4465B,N,O,04/02/2026 08:57:09 PM
4467A,N,O,04/02/2026 11:48:20 PM
4467B,N,O,04/02/2026 10:10:41 PM
446A,N,O,04/03/2026 06:58:46 AM
446B,N,O,04/03/2026 06:58:46 AM
447A,N,O,04/03/2026 06:57:48 AM
447B,N,O,04/03/2026 07:58:46 AM
448A,N,V,04/02/2026 05:26:33 PM
448B,N,V,04/02/2026 04:29:07 PM
449A,N,V,04/02/2026 05:05:42 PM
449B,N,V,04/02/2026 07:45:39 PM
44A,NU,O,12/29/2025 09:28:07 AM
44B,NU,V,12/29/2025 09:43:16 AM
4506A,N,O,04/02/2026 11:37:35 PM
4506B,N,O,04/02/2026 10:05:10 PM
4507A,N,O,04/02/2026 09:42:44 PM
4507B,N,O,04/02/2026 09:50:50 PM
4508A,N,O,04/02/2026 10:50:10 PM
4508B,N,O,04/02/2026 10:26:16 PM
450A,N,V,04/02/2026 04:50:13 PM
450B,N,V,04/02/2026 07:08:06 PM
4519B,N,V,04/02/2026 11:53:56 PM
451A,N,O,04/03/2026 08:00:53 AM
451B,N,O,04/03/2026 07:42:46 AM
4522A,N,O,04/02/2026 09:14:51 AM
4522B,N,O,04/02/2026 04:20:02 PM
4529B,N,O,04/02/2026 09:45:51 PM
452A,N,O,04/03/2026 06:57:47 AM
452B,N,V,04/03/2026 08:15:45 AM
4530A,N,O,04/02/2026 09:04:27 PM
4530B,N,O,04/02/2026 06:29:52 PM
4531A,N,O,04/02/2026 11:24:02 PM
4531B,N,O,04/02/2026 03:48:14 PM
4532A,N,V,04/02/2026 09:45:16 PM
4532B,N,O,04/02/2026 10:35:29 PM
4533A,N,O,04/02/2026 08:28:59 AM
4533B,N,V,04/02/2026 05:24:22 PM
4534A,N,O,04/02/2026 05:35:05 PM
4534B,N,O,04/02/2026 09:56:26 PM
453A,N,O,04/02/2026 03:48:55 PM
453B,N,O,04/03/2026 06:56:44 AM
4549A,N,O,04/02/2026 07:31:57 PM
4549B,N,O,04/02/2026 08:43:43 PM
4550A,N,O,04/02/2026 09:30:27 AM
4557A,N,O,04/02/2026 08:34:21 AM
4557B,NU,O,01/06/2026 06:57:47 AM
4558A,N,O,04/02/2026 08:10:36 AM
4558B,N,O,04/02/2026 09:56:16 PM
4559A,N,O,04/02/2026 06:55:47 AM
4559B,N,O,04/02/2026 08:22:32 AM
4560A,N,O,04/02/2026 06:30:45 PM
4560B,N,O,04/02/2026 11:02:47 PM
4563A,N,V,04/02/2026 11:43:50 PM
4563B,N,O,04/02/2026 09:13:50 PM
4564A,N,O,04/02/2026 09:41:05 PM
4564B,N,O,04/02/2026 10:43:23 PM
4565A,N,O,04/02/2026 11:28:58 PM
4565B,N,O,04/02/2026 10:37:04 PM
4566A,N,V,04/02/2026 11:55:12 PM
4566B,N,O,04/02/2026 10:35:56 PM
4567A,N,O,04/02/2026 10:23:57 PM
4567B,N,O,04/02/2026 06:47:07 PM
4568A,N,O,04/02/2026 11:52:34 PM
4568B,N,O,04/02/2026 11:46:02 PM
4572B,N,O,04/02/2026 08:27:55 AM
4573A,N,O,04/02/2026 11:22:27 PM
4573B,N,O,04/02/2026 11:52:09 PM
4574A,N,O,04/02/2026 10:16:55 AM
4574B,N,O,04/02/2026 10:59:56 PM
45A,NU,V,12/29/2025 09:44:21 AM
45B,NU,V,12/29/2025 09:44:03 AM
460B,N,O,04/03/2026 06:59:45 AM
461A,N,O,04/03/2026 07:20:01 AM
461B,N,O,04/03/2026 07:27:26 AM
4620A,NU,V,04/02/2026 11:58:18 PM
4620B,NU,O,04/02/2026 10:10:33 PM
4621A,N,O,04/02/2026 11:57:17 PM
4621B,N,O,04/02/2026 07:40:22 PM
4622A,N,O,04/02/2026 09:55:50 PM
4622B,N,O,04/02/2026 06:49:27 PM
4623A,N,O,04/02/2026 11:58:07 PM
4623B,N,V,04/02/2026 11:41:55 PM
4624A,N,O,04/02/2026 11:37:25 PM
4624B,N,O,04/02/2026 11:38:28 PM
4625A,N,O,04/02/2026 11:57:36 PM
4625B,N,O,04/02/2026 10:53:13 PM
4626A,N,O,04/02/2026 11:27:52 PM
4626B,N,V,04/02/2026 11:46:59 PM
4627A,N,O,04/02/2026 11:48:49 PM
4627B,N,O,04/02/2026 07:25:20 PM
462A,N,O,04/03/2026 07:08:02 AM
462B,N,O,04/03/2026 06:57:47 AM
4636A,N,O,04/02/2026 09:50:39 PM
4636B,N,O,04/02/2026 08:12:44 PM
4637A,N,O,04/02/2026 09:06:56 PM
4637B,N,O,04/02/2026 03:20:52 PM
4638A,N,O,04/02/2026 11:59:38 PM
4638B,N,O,04/02/2026 12:29:47 PM
4639A,N,O,04/02/2026 10:15:52 PM
4639B,N,O,04/02/2026 09:47:36 PM
463A,N,O,04/03/2026 06:56:54 AM
463B,N,V,04/03/2026 08:16:46 AM
4640A,N,O,04/02/2026 09:27:03 PM
4640B,N,O,04/02/2026 10:11:40 PM
4641A,N,O,04/02/2026 06:58:45 AM
4641B,N,O,04/02/2026 12:05:49 PM
4642A,N,V,04/02/2026 07:59:56 AM
4642B,N,O,04/02/2026 07:24:56 PM
4643A,N,O,04/02/2026 11:58:55 PM
4643B,N,O,04/02/2026 11:02:31 PM
4644A,N,O,04/02/2026 11:41:55 PM
4644B,N,O,04/02/2026 10:49:13 PM
4646B,N,O,04/02/2026 11:08:34 PM
4647A,N,O,04/02/2026 10:49:45 PM
4647B,N,O,04/02/2026 10:31:52 PM
4648A,N,O,04/02/2026 03:19:35 PM
4648B,N,O,04/02/2026 10:49:00 PM
4649A,N,O,04/02/2026 11:57:13 PM
4649B,N,O,04/02/2026 06:10:08 PM
464A,N,O,04/03/2026 08:13:48 AM
464B,N,O,04/03/2026 08:07:16 AM
4650A,N,O,04/02/2026 04:05:25 PM
4650B,N,O,04/02/2026 09:10:17 PM
4651A,N,O,04/02/2026 05:16:43 PM
4651B,N,O,04/02/2026 10:26:45 PM
4652B,N,O,04/02/2026 06:36:50 PM
4653A,N,O,04/02/2026 11:14:53 PM
4653B,N,O,04/02/2026 11:26:21 PM
465A,N,O,04/03/2026 06:59:49 AM
465B,N,O,04/03/2026 08:03:00 AM
4660A,N,O,04/02/2026 08:14:41 AM
4661A,N,O,04/02/2026 06:58:54 AM
4661B,N,O,04/02/2026 06:58:54 AM
4662A,N,O,04/02/2026 06:57:45 AM
4662B,N,O,04/01/2026 06:57:44 AM
4663A,N,O,04/02/2026 06:56:51 AM
4663B,N,O,04/02/2026 06:57:02 AM
4664A,N,O,04/02/2026 03:49:57 PM
4664B,N,O,04/02/2026 08:57:11 AM
4665A,N,O,04/02/2026 04:55:58 PM
4665B,N,O,04/02/2026 06:59:45 AM
4666A,N,V,04/02/2026 07:44:51 PM
4666B,N,O,04/02/2026 06:58:45 AM
4667A,N,O,04/02/2026 08:43:51 AM
4667B,N,O,04/02/2026 06:57:58 AM
4668A,N,O,04/02/2026 05:34:46 PM
4668B,N,O,04/02/2026 06:56:46 AM
4669A,N,O,04/02/2026 08:59:54 AM
4669B,N,O,04/02/2026 06:55:52 AM
466A,N,O,04/03/2026 07:47:06 AM
4670A,N,O,04/02/2026 06:59:12 PM
4670B,N,O,04/02/2026 08:00:07 AM
4671A,N,O,04/02/2026 06:58:47 AM
4671B,N,O,04/02/2026 08:57:57 AM
4672A,N,O,04/02/2026 07:52:31 PM
4672B,N,O,04/02/2026 01:33:06 PM
4673A,N,O,04/02/2026 07:15:56 PM
4673B,N,O,04/02/2026 06:56:46 AM
4674A,N,O,04/02/2026 12:50:03 PM
4674B,N,O,04/02/2026 05:36:35 PM
4675B,N,O,04/02/2026 07:37:20 PM
467A,N,V,04/03/2026 08:12:24 AM
467B,N,O,04/03/2026 06:57:40 AM
4701B,N,O,04/02/2026 05:58:26 PM
4702A,N,O,04/02/2026 08:39:53 PM
4703A,N,O,04/02/2026 11:48:03 PM
4703B,N,O,04/03/2026 12:00:02 AM
4706A,N,O,04/02/2026 10:42:22 PM
4707A,N,V,04/02/2026 11:32:25 PM
4707B,N,O,04/02/2026 09:12:37 PM
4708A,N,O,04/02/2026 10:43:28 PM
4708B,N,O,04/02/2026 02:24:08 PM
4709A,N,V,04/02/2026 11:51:18 PM
4709B,N,O,04/02/2026 09:00:41 PM
470A,N,O,04/03/2026 06:59:54 AM
470B,N,O,04/03/2026 07:00:02 AM
4710A,N,O,04/02/2026 11:26:58 AM
4710B,N,O,04/02/2026 06:04:41 PM
4730B,N,O,04/02/2026 11:21:59 PM
4731A,N,V,04/02/2026 11:52:29 PM
4731B,N,O,04/02/2026 11:47:12 PM
4732A,N,V,04/02/2026 10:36:45 PM
4732B,N,V,04/02/2026 11:32:24 PM
4733A,N,O,04/02/2026 04:34:21 PM
4735A,N,O,04/02/2026 02:09:24 PM
4735B,N,V,04/02/2026 11:08:17 PM
4736A,N,O,04/02/2026 08:56:57 PM
4736B,N,O,04/02/2026 09:07:31 PM
4737A,N,V,04/02/2026 11:52:25 PM
4737B,N,O,04/02/2026 06:57:51 AM
4738A,N,O,04/02/2026 09:39:21 PM
4739A,N,V,04/02/2026 11:20:34 PM
4739B,N,V,04/02/2026 11:37:24 PM
4740B,N,O,04/02/2026 12:14:50 PM
4743A,N,O,04/02/2026 05:47:17 PM
4743B,N,O,04/02/2026 06:56:47 AM
4744A,N,O,04/02/2026 06:20:13 PM
4744B,N,O,04/02/2026 11:59:58 PM
4745A,N,O,04/02/2026 11:29:51 PM
4745B,N,V,04/02/2026 11:49:16 PM
474A,N,O,04/02/2026 11:04:17 PM
474B,N,V,04/02/2026 11:58:34 PM
4751B,N,O,04/02/2026 12:21:18 PM
4752A,N,O,04/02/2026 11:48:11 PM
4752B,N,O,04/02/2026 06:05:16 PM
4754A,N,O,04/02/2026 09:08:47 PM
4754B,N,V,04/02/2026 11:07:47 PM
4755A,N,O,04/02/2026 06:16:17 PM
4755B,N,O,04/02/2026 06:49:30 PM
4756A,N,V,04/02/2026 11:54:19 PM
4756B,N,O,04/02/2026 11:53:05 PM
4757A,N,O,04/02/2026 11:40:37 PM
4757B,N,O,04/02/2026 11:01:54 PM
475A,N,O,04/02/2026 04:25:28 PM
475B,N,O,04/02/2026 06:12:48 PM
4767A,N,O,04/02/2026 10:01:26 PM
4767B,N,V,04/02/2026 11:58:37 PM
4768A,N,O,04/02/2026 11:56:47 PM
4768B,N,O,04/02/2026 08:26:48 AM
4769A,N,O,04/02/2026 08:50:17 AM
4769B,N,O,04/02/2026 07:20:04 PM
476A,N,O,04/02/2026 05:55:44 PM
476B,N,O,04/02/2026 06:58:46 AM
4771A,N,V,04/02/2026 11:25:29 PM
4772A,N,V,04/02/2026 07:54:53 PM
4772B,N,V,04/02/2026 11:39:03 PM
4773A,N,V,04/02/2026 11:52:43 PM
4773B,N,O,04/02/2026 11:45:03 PM
4774A,N,O,04/02/2026 11:30:42 PM
4774B,N,O,04/02/2026 11:47:06 PM
477B,N,O,04/02/2026 12:47:30 PM
47A,N,V,04/02/2026 11:59:51 AM
47B,N,V,04/02/2026 01:45:16 PM
4800B,N,V,04/02/2026 11:17:57 PM
4801A,N,V,04/02/2026 11:57:48 PM
4801B,N,O,04/02/2026 10:47:09 PM
4802A,N,V,04/02/2026 11:45:03 PM
4802B,N,O,04/02/2026 10:20:12 PM
4803A,N,O,04/02/2026 08:26:44 AM
4803B,N,O,04/02/2026 10:33:20 PM
4804A,N,V,04/02/2026 11:55:31 PM
4804B,N,V,04/02/2026 11:24:36 PM
481B,N,O,04/02/2026 04:19:53 PM
482A,N,O,04/02/2026 07:43:06 PM
482B,N,O,04/02/2026 06:24:11 PM
4835B,N,V,04/02/2026 11:50:56 PM
4836A,N,O,04/02/2026 11:41:53 PM
4836B,N,O,04/02/2026 10:23:53 PM
4837A,N,O,04/02/2026 04:59:07 PM
4837B,N,O,04/02/2026 11:26:40 PM
4838A,N,O,04/02/2026 06:42:19 PM
4838B,N,V,04/02/2026 11:56:27 PM
4839A,N,O,04/02/2026 11:29:08 PM
4839B,N,O,04/02/2026 10:30:49 PM
483A,N,O,04/02/2026 05:44:18 PM
483B,N,O,04/02/2026 05:04:14 PM
4840A,N,O,04/02/2026 07:57:06 AM
4841A,N,V,04/02/2026 11:49:49 PM
4841B,N,O,04/02/2026 04:49:22 PM
4842A,N,O,04/02/2026 10:07:06 PM
4842B,N,O,04/02/2026 09:41:54 PM
4843A,N,O,04/02/2026 08:44:50 AM
4843B,N,O,04/02/2026 11:33:14 PM
4844A,N,O,04/02/2026 11:32:13 PM
4844B,N,O,04/02/2026 02:52:30 PM
4845A,N,V,04/02/2026 11:59:38 PM
4845B,N,O,04/02/2026 11:59:45 PM
4846A,N,V,04/02/2026 11:57:08 PM
4846B,N,O,04/02/2026 01:35:37 PM
4847A,N,O,04/02/2026 07:17:27 PM
4847B,N,O,04/02/2026 02:10:03 PM
4848A,N,O,04/02/2026 10:38:18 PM
4848B,N,O,04/02/2026 10:43:09 PM
4849A,N,O,04/02/2026 11:08:29 PM
4849B,N,O,04/02/2026 11:49:53 PM
484A,N,O,04/03/2026 07:47:58 AM
484B,N,O,04/03/2026 06:55:51 AM
4850A,N,O,04/02/2026 11:41:59 PM
4850B,N,O,04/02/2026 11:15:54 PM
4851A,N,V,04/02/2026 11:42:03 PM
4851B,N,O,04/02/2026 11:47:45 PM
4852A,N,O,04/02/2026 11:38:51 PM
4852B,N,O,04/02/2026 06:52:04 PM
4853A,N,O,04/02/2026 10:33:27 PM
4854A,N,O,04/02/2026 11:15:18 PM
4854B,N,O,04/02/2026 11:08:52 PM
4862A,N,O,04/02/2026 11:59:12 PM
4862B,N,O,04/02/2026 08:49:21 PM
4863A,N,V,04/02/2026 11:59:41 PM
4863B,N,O,04/02/2026 08:20:54 PM
4864A,N,O,04/02/2026 11:20:50 PM
4864B,N,O,04/02/2026 11:09:16 PM
4866A,N,O,04/02/2026 06:58:46 AM
4866B,N,O,04/02/2026 11:27:23 PM
4867A,N,O,04/02/2026 09:26:59 PM
4867B,N,O,04/02/2026 09:19:11 PM
4868A,N,O,04/02/2026 11:04:35 PM
4868B,N,O,04/02/2026 06:56:51 AM
4870A,N,O,04/02/2026 08:26:30 AM
4870B,N,V,04/02/2026 11:55:05 PM
4871A,N,O,04/02/2026 11:57:25 PM
4871B,N,O,04/02/2026 11:48:15 PM
4872A,N,O,04/02/2026 09:33:29 PM
4872B,N,O,04/02/2026 02:37:40 PM
4875A,N,O,04/02/2026 10:59:38 PM
4875B,N,O,04/02/2026 06:07:40 PM
4876B,N,O,04/02/2026 11:41:23 PM
4877A,N,O,04/02/2026 11:41:33 PM
4877B,N,O,04/02/2026 10:45:25 PM
4878B,N,O,04/02/2026 10:04:38 PM
4881A,N,O,04/02/2026 11:35:57 PM
4881B,N,O,04/02/2026 11:46:29 PM
4882A,N,O,04/02/2026 09:02:37 PM
4882B,N,O,04/02/2026 11:41:51 PM
4896A,N,O,04/02/2026 09:03:46 PM
4896B,N,O,04/02/2026 11:55:37 PM
4897A,N,O,04/02/2026 09:17:23 PM
4897B,N,O,04/02/2026 10:37:36 PM
4898A,N,V,04/02/2026 11:52:21 PM
4898B,N,O,04/02/2026 11:14:02 PM
4899A,N,V,04/02/2026 11:56:22 PM
4899B,N,V,04/02/2026 11:56:52 PM
48A,N,O,04/02/2026 11:59:26 PM
48B,N,V,04/02/2026 11:55:38 PM
4900A,N,O,04/02/2026 10:27:46 PM
4900B,N,O,04/02/2026 11:47:49 PM
4901B,N,O,04/02/2026 09:59:03 PM
4903A,N,O,04/02/2026 11:17:08 PM
4903B,N,O,04/02/2026 11:59:58 PM
4904A,N,O,04/02/2026 07:24:43 PM
4904B,N,O,04/02/2026 11:18:22 PM
4905A,N,O,04/02/2026 10:38:16 PM
4905B,N,O,04/02/2026 10:35:07 PM
4906A,N,V,04/02/2026 11:55:37 PM
4906B,N,V,04/02/2026 11:59:03 PM
4907A,N,O,04/02/2026 11:39:24 PM
4907B,N,O,04/02/2026 11:43:49 PM
4908A,N,O,04/02/2026 11:43:29 PM
4909A,N,V,04/02/2026 11:39:03 PM
490A,N,V,04/02/2026 11:18:40 PM
490B,N,V,04/02/2026 11:24:37 PM
4911A,N,V,04/02/2026 11:54:53 PM
4912A,N,V,04/02/2026 11:58:57 PM
4912B,N,O,04/02/2026 10:48:46 PM
4913A,N,O,04/02/2026 09:38:32 PM
4913B,N,O,04/02/2026 06:27:29 PM
4914A,N,O,04/02/2026 11:19:24 PM
4914B,N,O,04/02/2026 10:54:54 PM
4915A,N,O,04/02/2026 10:12:05 PM
4915B,N,V,04/02/2026 11:47:13 PM
4916B,N,O,04/02/2026 10:56:56 PM
4918A,N,O,04/02/2026 08:32:52 PM
4918B,N,V,04/02/2026 11:38:24 PM
4919A,N,V,04/02/2026 11:43:19 PM
4919B,N,V,04/02/2026 11:57:45 PM
491A,N,V,04/02/2026 10:38:46 PM
491B,N,V,04/02/2026 10:30:10 PM
4920A,N,O,04/02/2026 09:33:42 AM
4920B,N,O,04/02/2026 05:23:35 PM
4921A,N,O,04/02/2026 09:32:08 PM
4921B,N,O,04/02/2026 10:40:27 PM
4922A,N,O,04/02/2026 11:36:33 PM
4922B,N,O,04/02/2026 08:28:37 PM
4923A,N,V,04/02/2026 11:52:11 PM
4923B,N,O,04/02/2026 10:21:18 PM
4924A,N,O,04/02/2026 11:48:17 PM
4924B,N,O,04/02/2026 08:58:25 PM
492A,N,V,04/02/2026 11:54:15 PM
492B,N,V,04/02/2026 11:43:37 PM
4939A,N,O,04/02/2026 11:29:05 PM
4939B,N,O,04/02/2026 11:25:08 PM
4940A,N,O,04/02/2026 09:03:47 PM
4940B,N,O,04/02/2026 11:51:36 PM
4945A,N,O,04/02/2026 06:21:15 PM
4945B,N,O,04/02/2026 10:20:18 PM
4946B,N,O,04/02/2026 09:41:33 PM
4947B,N,O,04/02/2026 08:36:40 PM
4948A,N,O,04/02/2026 05:33:07 PM
4948B,N,O,04/02/2026 11:44:15 PM
4949A,N,O,04/02/2026 11:07:47 PM
4949B,N,O,04/02/2026 10:03:22 PM
4950A,N,O,04/02/2026 09:57:52 PM
4950B,N,O,04/02/2026 04:35:39 PM
496A,N,V,04/02/2026 09:05:46 PM
496B,N,V,04/02/2026 08:46:27 PM
497A,N,V,04/02/2026 09:02:12 PM
497B,N,V,04/02/2026 01:31:13 PM
498A,N,V,04/02/2026 11:54:28 PM
498B,N,V,04/02/2026 07:45:07 PM
4994A,N,V,04/02/2026 11:59:53 PM
4994B,N,O,04/02/2026 09:52:56 PM
499A,N,V,04/02/2026 11:52:33 PM
49A,N,V,04/02/2026 11:55:22 PM
49B,N,V,04/02/2026 11:12:25 PM
4B,N,V,04/02/2026 09:15:49 PM
500A,N,V,04/02/2026 11:12:55 PM
500B,N,V,04/02/2026 05:43:49 PM
501B,N,V,04/02/2026 09:12:31 PM
502B,N,V,04/02/2026 11:55:04 PM
503A,N,V,04/02/2026 09:35:50 PM
504A,N,V,04/02/2026 10:09:11 PM
505A,N,V,04/02/2026 11:24:37 PM
505B,N,V,04/02/2026 11:48:43 PM
5060B,N,V,04/02/2026 05:12:58 PM
5061A,N,O,04/02/2026 06:45:41 PM
5061B,N,O,04/02/2026 09:37:11 PM
5062A,N,O,04/02/2026 09:50:38 PM
5062B,N,O,04/02/2026 09:45:17 PM
5063A,N,O,04/02/2026 09:48:30 PM
5063B,N,O,04/02/2026 09:49:47 PM
506A,N,O,04/02/2026 09:48:04 PM
506B,N,O,04/02/2026 08:06:36 PM
507A,N,O,04/02/2026 07:35:27 PM
507B,N,O,04/02/2026 08:11:18 PM
5086A,N,V,04/02/2026 11:59:48 PM
5086B,N,O,04/02/2026 06:06:50 PM
5088B,N,O,04/02/2026 11:48:15 PM
5089A,N,O,04/02/2026 03:51:40 PM
5089B,N,O,04/02/2026 11:03:55 PM
508A,N,O,04/02/2026 08:48:22 PM
508B,N,O,04/02/2026 06:03:55 PM
5090A,N,O,04/02/2026 09:43:52 PM
5090B,N,O,04/02/2026 10:22:25 PM
5091A,N,O,04/02/2026 07:09:47 PM
5093A,N,O,04/02/2026 01:46:25 PM
5093B,N,O,04/02/2026 10:02:32 PM
5095A,N,O,04/02/2026 11:45:15 PM
5096A,N,O,04/02/2026 11:27:45 PM
5096B,N,O,04/02/2026 07:57:27 PM
5097A,N,O,04/02/2026 11:19:57 PM
5097B,N,O,04/02/2026 05:00:41 PM
5099A,N,O,04/02/2026 10:07:55 PM
5099B,N,O,04/02/2026 11:01:51 PM
509A,N,V,04/02/2026 11:32:02 PM
50A,N,O,04/02/2026 11:59:36 PM
50B,N,O,04/02/2026 05:11:05 PM
5100B,N,V,04/02/2026 11:43:11 PM
5103A,NU,V,04/02/2026 10:01:55 PM
5103B,NU,V,04/02/2026 11:47:11 PM
5104B,N,O,04/02/2026 11:31:47 PM
510A,N,V,04/02/2026 05:05:55 PM
5117A,N,O,04/02/2026 11:50:07 PM
5121A,N,O,04/02/2026 11:23:12 PM
5125A,N,O,04/02/2026 11:03:36 PM
5125B,N,V,04/02/2026 11:59:26 PM
5126A,N,O,04/02/2026 08:39:07 PM
5126B,N,O,04/02/2026 05:38:44 PM
5129B,N,O,04/02/2026 11:52:57 PM
5131A,N,O,04/02/2026 11:40:21 AM
5131B,N,O,04/02/2026 06:58:49 AM
5132A,N,O,04/02/2026 11:54:22 PM
5132B,N,O,04/02/2026 06:57:53 AM
5133A,N,O,04/02/2026 06:56:51 AM
5133B,N,O,04/02/2026 11:05:12 PM
5145B,N,O,04/02/2026 02:19:49 PM
5146A,N,O,04/02/2026 10:35:23 PM
5146B,N,V,04/02/2026 11:59:18 PM
5147A,N,O,04/02/2026 10:18:44 AM
5147B,N,O,04/02/2026 07:42:47 PM
5150B,N,O,04/02/2026 06:59:50 AM
5151A,N,O,04/02/2026 06:58:52 AM
5151B,N,O,04/02/2026 11:36:42 PM
5152A,N,O,04/02/2026 06:57:46 AM
5152B,N,O,04/02/2026 10:50:33 PM
5153A,N,O,04/02/2026 08:03:49 AM
5153B,N,O,04/02/2026 09:02:31 PM
5154A,N,O,04/02/2026 08:33:08 PM
5154B,N,O,04/02/2026 09:06:02 AM
5155A,N,O,04/02/2026 10:02:45 PM
5155B,N,O,04/02/2026 07:06:18 PM
5156B,N,O,04/02/2026 06:58:55 AM
5157A,N,O,04/02/2026 10:10:13 PM
5160A,N,O,04/02/2026 07:03:59 PM
5160B,N,O,04/02/2026 06:59:50 AM
5161A,N,O,04/02/2026 06:58:15 PM
5161B,N,O,04/02/2026 11:59:23 PM
5162A,N,O,04/02/2026 09:33:25 PM
5162B,N,O,04/02/2026 11:07:27 PM
5163A,N,O,04/02/2026 04:48:41 PM
5163B,N,O,04/02/2026 06:57:03 AM
5164A,N,O,04/02/2026 02:14:04 PM
5164B,N,O,04/01/2026 06:55:45 AM
5165A,N,O,02/24/2026 02:57:38 PM
5165B,N,O,02/24/2026 02:01:41 PM
5172A,N,O,04/02/2026 07:21:19 PM
5172B,N,O,04/02/2026 11:28:14 PM
5173A,N,O,04/02/2026 09:29:55 PM
5173B,N,V,04/02/2026 11:52:17 PM
5174A,N,V,04/02/2026 11:45:14 PM
5174B,N,O,04/02/2026 09:24:59 PM
5175A,N,V,04/02/2026 11:32:39 PM
5176A,N,O,04/02/2026 11:54:10 PM
5176B,N,O,04/02/2026 04:12:58 PM
5186A,N,O,04/02/2026 09:15:02 PM
5187A,N,V,04/02/2026 11:46:58 PM
5187B,N,O,04/02/2026 08:12:40 PM
5188A,N,O,04/02/2026 11:59:37 PM
5188B,N,O,04/02/2026 06:56:50 AM
5189A,N,O,04/02/2026 10:33:46 PM
5189B,N,V,04/02/2026 10:52:03 PM
5192B,N,O,04/02/2026 07:11:56 PM
5193A,N,O,04/02/2026 10:56:55 PM
5193B,N,O,04/02/2026 11:18:04 PM
5194A,N,O,04/02/2026 11:18:12 PM
5194B,N,O,04/02/2026 03:55:37 PM
5195A,N,O,04/02/2026 06:05:33 PM
5195B,N,O,04/02/2026 11:34:05 PM
5196A,N,O,04/02/2026 04:05:59 PM
5196B,N,O,04/02/2026 08:22:42 PM
51A,N,V,04/02/2026 06:16:46 PM
51B,N,V,04/02/2026 06:10:48 PM
5203A,N,O,04/02/2026 06:56:51 AM
5204A,N,O,04/01/2026 06:55:49 AM
5204B,N,O,04/02/2026 06:55:50 AM
5205A,N,O,04/02/2026 07:21:12 PM
5205B,N,O,04/02/2026 06:59:48 AM
5206A,N,O,04/02/2026 06:59:03 AM
5206B,N,O,04/02/2026 09:10:20 PM
5207A,N,O,04/02/2026 02:06:42 PM
5207B,N,O,04/02/2026 03:48:14 PM
5208A,N,O,04/02/2026 08:06:04 PM
5208B,N,O,04/02/2026 11:01:05 PM
5209A,N,O,04/02/2026 06:55:51 AM
5209B,N,O,04/02/2026 03:38:02 PM
5210A,N,O,04/02/2026 10:03:07 PM
5210B,N,O,04/02/2026 02:32:55 PM
5211A,N,O,04/02/2026 11:48:35 PM
5211B,N,O,04/02/2026 03:23:44 PM
5212A,N,O,04/02/2026 10:32:32 PM
5212B,N,O,04/02/2026 11:49:03 PM
5214A,N,O,04/02/2026 04:01:03 PM
5214B,N,O,04/02/2026 06:55:42 AM
5215A,N,O,04/02/2026 06:59:53 AM
5215B,N,O,04/02/2026 05:10:37 PM
5216A,N,O,04/02/2026 06:58:52 AM
5216B,N,O,04/02/2026 11:22:49 AM
5217A,N,O,04/02/2026 06:57:48 AM
5217B,N,O,04/02/2026 06:57:48 AM
5218A,N,O,04/02/2026 06:56:43 AM
5218B,N,O,04/02/2026 06:20:49 PM
5219A,N,O,04/02/2026 06:55:43 AM
5219B,N,O,04/02/2026 11:57:39 AM
521A,N,V,04/03/2026 08:13:45 AM
521B,N,V,04/03/2026 07:59:32 AM
5222A,N,O,04/02/2026 06:57:48 AM
5222B,N,O,04/02/2026 06:57:48 AM
5223A,N,O,04/02/2026 06:56:43 AM
5223B,N,O,04/02/2026 06:56:43 AM
522A,N,O,04/03/2026 06:57:51 AM
5233A,N,O,04/02/2026 10:22:06 PM
5234A,N,O,04/02/2026 06:05:13 PM
5234B,N,O,04/02/2026 10:08:33 PM
5235A,N,O,04/02/2026 10:08:09 PM
5235B,N,O,04/02/2026 06:59:51 AM
5236A,N,O,04/02/2026 10:14:42 PM
5236B,N,O,04/02/2026 10:07:15 PM
5237A,N,O,04/02/2026 06:57:53 AM
5237B,N,O,04/02/2026 06:57:57 AM
5238A,N,O,04/02/2026 06:10:26 PM
5238B,N,O,04/02/2026 11:59:52 PM
5239A,N,O,04/02/2026 10:29:04 PM
5239B,N,O,04/02/2026 04:39:02 PM
523A,N,O,04/02/2026 11:52:49 PM
523B,N,V,04/02/2026 11:54:07 PM
5240A,N,O,04/02/2026 11:11:47 PM
5240B,N,O,04/02/2026 10:46:06 PM
5241B,N,O,04/02/2026 07:34:40 PM
5242A,N,O,04/02/2026 10:11:27 PM
5242B,N,O,04/02/2026 11:36:40 PM
5243A,N,O,04/02/2026 08:05:31 PM
5243B,N,O,04/02/2026 11:49:07 PM
5244B,N,O,04/02/2026 06:35:10 PM
524A,N,O,04/02/2026 07:23:06 PM
524B,N,V,04/02/2026 11:22:24 PM
5253A,N,O,04/02/2026 10:41:16 PM
5253B,N,O,04/02/2026 10:01:25 PM
5254A,N,O,04/02/2026 04:59:33 PM
5254B,N,O,04/02/2026 09:22:06 PM
5255A,N,O,04/02/2026 10:54:00 PM
5255B,N,O,04/02/2026 10:36:47 PM
5256A,N,O,04/02/2026 09:59:41 PM
5256B,N,O,04/02/2026 10:29:33 PM
5257A,N,O,04/02/2026 09:25:58 PM
5257B,N,V,04/02/2026 11:59:39 PM
5258B,N,O,04/02/2026 10:12:00 PM
5272A,N,O,04/02/2026 11:33:15 PM
5272B,N,O,04/02/2026 11:13:09 PM
5273A,N,O,04/02/2026 01:21:03 PM
5273B,N,O,04/02/2026 11:39:50 PM
5274A,N,O,04/02/2026 11:56:23 PM
5274B,N,V,04/02/2026 11:59:15 PM
5275A,N,O,04/02/2026 08:24:04 PM
5276A,N,O,04/02/2026 01:47:21 PM
5276B,N,V,04/02/2026 11:57:11 PM
5277A,N,O,04/02/2026 10:31:41 PM
5277B,N,V,04/02/2026 11:27:15 PM
5278A,N,O,04/02/2026 11:33:18 PM
5278B,N,O,04/02/2026 07:03:14 PM
5279A,N,O,04/02/2026 09:39:41 PM
5279B,N,O,04/02/2026 06:07:04 PM
527A,N,V,04/03/2026 08:16:32 AM
5280A,N,O,04/02/2026 03:07:08 PM
5280B,N,O,04/02/2026 10:12:19 PM
5281A,N,O,04/02/2026 11:18:05 PM
5281B,N,O,04/02/2026 10:40:12 PM
5282A,N,O,04/02/2026 11:52:11 PM
5282B,N,V,04/02/2026 11:43:53 PM
5285B,N,O,04/02/2026 11:20:05 PM
5286A,N,O,04/02/2026 10:50:19 PM
5286B,N,O,04/02/2026 11:49:58 PM
528A,N,O,04/02/2026 09:22:23 PM
528B,N,O,04/02/2026 08:15:59 PM
5290A,N,V,04/02/2026 11:55:30 PM
5290B,N,O,04/02/2026 09:03:19 PM
5291A,N,O,04/02/2026 09:43:15 PM
5291B,N,O,04/02/2026 10:30:31 PM
5292B,N,O,04/02/2026 04:15:02 PM
5294A,N,O,04/02/2026 05:46:03 PM
5294B,N,O,04/02/2026 07:59:09 PM
5295A,N,O,04/02/2026 09:32:30 PM
5295B,N,O,04/02/2026 06:59:44 AM
5296A,N,O,04/02/2026 09:35:50 PM
5296B,N,O,04/02/2026 07:17:38 PM
5299B,N,O,04/02/2026 09:43:46 PM
52A,N,O,04/02/2026 11:38:48 PM
52B,N,O,04/02/2026 11:21:34 PM
5300A,N,O,04/02/2026 11:57:03 PM
5301A,N,O,04/02/2026 10:08:41 PM
5301B,N,O,04/02/2026 03:23:57 PM
5302A,N,O,04/02/2026 08:27:40 PM
5302B,N,O,04/02/2026 10:19:20 PM
5303A,N,V,04/02/2026 11:28:50 PM
5303B,N,V,04/02/2026 11:38:45 PM
5304A,N,O,04/02/2026 10:23:33 PM
5304B,N,O,04/02/2026 06:55:49 AM
5305A,N,O,04/02/2026 11:13:08 PM
5305B,N,O,04/02/2026 11:09:18 PM
5306A,N,O,04/02/2026 09:05:31 PM
5306B,N,O,04/02/2026 10:42:52 PM
5307B,N,O,04/02/2026 06:58:30 PM
5308A,N,V,04/02/2026 11:49:19 PM
5308B,N,V,04/02/2026 11:29:09 PM
5310A,N,O,04/02/2026 10:09:09 PM
5311B,N,O,04/02/2026 04:37:48 PM
5312A,N,O,04/02/2026 11:54:20 PM
5312B,N,O,04/02/2026 11:43:07 PM
5313B,N,O,04/02/2026 11:54:19 PM
5314A,N,V,04/02/2026 11:53:44 PM
5314B,N,O,04/02/2026 10:33:07 AM
5315A,N,O,04/02/2026 06:52:58 PM
5315B,N,O,04/02/2026 06:59:57 AM
5316A,N,O,04/02/2026 09:29:58 PM
5316B,N,O,04/02/2026 06:58:53 AM
5317A,N,O,04/02/2026 04:04:23 PM
5318A,N,O,04/02/2026 06:56:45 AM
5319A,N,O,04/02/2026 09:34:13 AM
5320A,N,O,04/02/2026 10:02:49 PM
5320B,N,O,04/02/2026 11:44:07 PM
5321A,N,V,04/02/2026 11:59:39 PM
5321B,N,O,04/02/2026 11:34:23 PM
5322A,N,O,04/02/2026 11:24:09 AM
5322B,N,O,04/02/2026 05:49:08 PM
5323A,N,O,04/02/2026 01:20:03 PM
5323B,N,V,04/02/2026 11:55:19 PM
5324A,N,O,04/02/2026 09:38:08 PM
5324B,N,O,04/02/2026 05:56:49 PM
5325A,N,O,04/02/2026 10:46:42 AM
5325B,N,O,04/02/2026 05:44:28 PM
5326A,N,O,04/02/2026 09:22:31 PM
5326B,N,O,04/02/2026 04:32:08 PM
5327A,N,O,04/02/2026 08:30:58 PM
5327B,N,O,04/02/2026 11:38:06 AM
5328A,N,V,04/02/2026 11:43:45 PM
5328B,N,O,04/02/2026 10:56:53 PM
5329A,N,O,04/02/2026 05:33:08 PM
5329B,N,O,04/02/2026 08:26:40 PM
5335A,N,V,04/02/2026 07:06:30 PM
5335B,N,V,04/02/2026 11:45:49 PM
5341A,N,O,04/02/2026 11:26:43 PM
5342A,N,V,04/02/2026 11:41:10 PM
5342B,N,O,04/02/2026 10:25:14 PM
5357B,N,O,04/02/2026 11:46:04 PM
5358A,N,O,04/02/2026 11:45:06 PM
5358B,N,O,04/02/2026 09:36:03 PM
5359A,N,O,04/02/2026 11:59:37 PM
5359B,N,O,04/02/2026 10:48:36 PM
535A,N,V,04/02/2026 11:49:44 PM
535B,N,V,04/02/2026 11:59:15 PM
5362A,N,O,04/02/2026 06:57:54 AM
5363A,N,O,04/02/2026 11:49:17 PM
5363B,N,O,04/02/2026 06:56:48 AM
5364A,N,O,04/02/2026 12:35:14 PM
5364B,N,O,04/02/2026 11:28:55 AM
5365A,N,O,04/02/2026 08:27:08 PM
5365B,N,O,04/02/2026 11:03:27 PM
5369B,N,O,04/02/2026 03:11:00 PM
536A,N,V,04/02/2026 10:25:10 PM
536B,N,V,04/02/2026 10:25:13 PM
5371A,N,O,04/02/2026 10:01:53 AM
5372A,N,V,04/02/2026 11:45:55 PM
5372B,N,V,04/02/2026 11:28:37 PM
5373A,N,O,04/02/2026 11:00:36 PM
5373B,N,V,04/02/2026 11:56:35 PM
5374A,N,O,04/02/2026 10:49:35 PM
5374B,N,O,04/02/2026 10:33:12 PM
5375A,N,O,04/02/2026 11:22:27 PM
5377A,N,O,04/02/2026 04:27:10 PM
5377B,N,O,04/02/2026 09:31:03 AM
5378A,N,O,04/02/2026 09:26:40 PM
537A,N,O,04/02/2026 09:53:58 PM
537B,N,O,04/02/2026 06:57:55 PM
5384A,N,O,04/02/2026 07:55:46 AM
5385A,N,O,04/02/2026 07:59:44 AM
5385B,N,O,04/02/2026 07:59:44 AM
5386A,N,O,04/02/2026 06:32:04 PM
5386B,N,O,04/02/2026 08:38:28 PM
5387B,N,O,04/02/2026 05:25:04 PM
5388A,N,O,04/02/2026 08:25:55 PM
5388B,N,O,04/02/2026 11:43:48 PM
5389A,N,O,04/02/2026 07:55:48 AM
5389B,N,O,04/02/2026 02:14:51 PM
538A,N,O,04/02/2026 06:50:46 PM
538B,N,V,04/02/2026 11:14:55 PM
5390A,N,O,04/02/2026 06:38:57 PM
5390B,N,O,04/02/2026 10:35:03 PM
5391A,N,V,04/02/2026 10:33:00 PM
5391B,N,V,04/02/2026 10:34:52 PM
5393A,N,O,04/02/2026 06:56:47 AM
5393B,N,O,04/02/2026 10:56:05 PM
5394A,N,O,04/02/2026 07:27:53 PM
5394B,N,O,04/02/2026 09:36:44 PM
5395A,N,O,04/02/2026 06:34:36 PM
5395B,N,O,04/02/2026 06:59:51 AM
5396A,N,O,04/02/2026 08:49:47 PM
5396B,N,V,04/02/2026 01:17:47 PM
5399A,N,O,04/02/2026 09:50:25 PM
539A,N,O,04/02/2026 10:59:22 PM
539B,N,V,04/02/2026 09:18:42 PM
53A,N,V,04/02/2026 09:57:44 PM
53B,N,O,04/02/2026 07:32:20 PM
5400A,N,O,04/02/2026 08:42:58 PM
5400B,N,O,04/02/2026 11:19:17 PM
5401A,N,V,04/02/2026 11:56:39 PM
5401B,N,O,04/02/2026 08:10:13 PM
5406A,N,O,04/02/2026 11:59:14 PM
5407A,N,V,04/02/2026 11:53:00 PM
5407B,N,V,04/02/2026 11:59:52 PM
5408A,N,V,04/02/2026 11:55:45 PM
5408B,N,O,04/02/2026 08:44:07 PM
5409A,N,O,04/02/2026 08:46:06 PM
5409B,N,O,04/02/2026 11:57:12 PM
540A,N,O,04/02/2026 10:10:03 PM
540B,N,O,04/02/2026 11:28:41 PM
5410A,NU,O,04/02/2026 06:16:40 PM
5410B,NU,V,04/02/2026 11:53:52 PM
541A,N,V,04/02/2026 09:13:08 PM
541B,N,V,04/02/2026 05:24:57 PM
5421A,N,O,04/02/2026 09:54:52 PM
5421B,N,O,04/02/2026 10:56:05 AM
5422A,N,O,04/02/2026 10:48:06 PM
5422B,N,V,04/02/2026 05:09:43 PM
5423A,N,O,04/02/2026 05:39:41 PM
5423B,N,O,04/02/2026 04:46:03 PM
5424A,N,O,04/02/2026 10:47:31 PM
5424B,N,O,04/02/2026 06:06:26 PM
5426A,N,V,04/02/2026 11:04:19 PM
5427A,N,O,04/02/2026 07:57:43 AM
5427B,N,O,04/02/2026 02:01:19 PM
5428A,N,O,04/02/2026 06:57:02 AM
5428B,N,O,04/02/2026 06:56:47 AM
5429A,N,O,04/02/2026 05:08:38 PM
5429B,N,O,04/02/2026 05:18:04 PM
542A,N,O,04/02/2026 08:10:54 PM
542B,N,O,04/02/2026 06:40:06 PM
5430B,N,O,04/02/2026 06:59:48 AM
5435A,N,O,04/02/2026 05:58:48 PM
5435B,N,O,04/02/2026 11:32:16 PM
5436B,N,O,04/02/2026 09:21:32 AM
5437B,N,O,04/02/2026 11:39:10 PM
5438B,N,O,04/02/2026 11:18:14 PM
5439A,N,O,04/02/2026 05:52:07 PM
5439B,N,O,04/02/2026 10:04:53 PM
5440A,N,O,04/02/2026 08:53:48 PM
5440B,N,O,04/02/2026 07:58:32 PM
5447A,N,O,04/02/2026 09:51:19 AM
5447B,N,O,04/02/2026 02:00:13 PM
5448A,N,O,04/02/2026 04:07:33 PM
5448B,N,O,04/02/2026 11:22:12 PM
5449A,N,O,04/02/2026 09:26:37 PM
5449B,N,O,04/02/2026 11:19:24 PM
5450A,N,O,04/02/2026 06:22:36 PM
5450B,N,V,04/02/2026 11:50:24 PM
5451B,N,O,04/02/2026 09:15:47 PM
5461A,N,O,04/02/2026 06:30:09 PM
5461B,N,O,04/02/2026 07:58:46 AM
5462A,N,O,04/02/2026 09:52:27 PM
5462B,N,O,04/02/2026 09:34:41 PM
5466A,N,O,04/02/2026 08:50:12 PM
5466B,N,O,04/02/2026 04:22:04 PM
5467A,N,O,04/02/2026 10:05:45 PM
5467B,N,O,04/02/2026 11:33:15 PM
5468A,N,O,04/02/2026 11:46:30 PM
5468B,N,O,04/02/2026 06:58:12 PM
54B,N,V,04/02/2026 02:50:08 PM
552A,N,O,04/02/2026 09:07:38 PM
552B,N,O,04/02/2026 09:31:51 PM
5532B,N,O,04/02/2026 03:21:27 PM
5533A,N,O,04/02/2026 02:07:47 PM
5533B,N,O,04/02/2026 04:23:49 PM
5534A,N,O,04/02/2026 11:18:26 PM
5534B,N,O,04/02/2026 10:35:22 PM
5535A,N,O,04/02/2026 10:10:07 PM
5535B,N,O,04/02/2026 11:17:10 PM
5536A,N,V,04/02/2026 11:55:45 PM
5537A,N,O,04/02/2026 10:16:46 AM
5538A,N,O,04/02/2026 08:30:46 AM
5538B,N,O,04/02/2026 07:31:02 PM
5539A,N,O,04/02/2026 09:35:36 AM
5539B,N,O,04/02/2026 09:56:03 PM
553A,N,O,04/02/2026 06:38:06 PM
553B,N,O,04/02/2026 02:45:44 PM
5542A,N,O,04/02/2026 11:47:56 PM
5542B,N,O,04/02/2026 09:49:03 PM
5543A,N,O,04/02/2026 10:50:26 PM
5543B,N,V,04/02/2026 11:05:03 PM
5544B,N,O,04/02/2026 10:38:34 PM
5545B,N,O,04/02/2026 10:03:26 AM
5546A,N,O,04/02/2026 06:03:19 PM
5546B,N,O,04/02/2026 11:27:45 PM
5547A,N,O,04/02/2026 05:00:50 PM
5547B,N,O,04/02/2026 11:53:37 PM
5548A,N,O,04/02/2026 11:35:18 PM
5548B,N,O,04/02/2026 10:01:59 PM
5549A,N,O,04/02/2026 11:41:04 PM
554A,N,V,04/03/2026 07:57:04 AM
554B,N,V,04/03/2026 08:10:58 AM
5551A,N,O,04/02/2026 07:58:49 AM
5552A,N,O,04/02/2026 10:29:45 PM
5552B,N,O,04/02/2026 06:39:09 PM
5553A,N,O,04/02/2026 07:56:43 AM
5553B,N,O,04/02/2026 11:09:20 PM
5554A,N,O,04/02/2026 04:53:20 PM
5554B,N,O,04/02/2026 11:42:33 PM
5555A,NU,O,04/02/2026 10:07:04 PM
5555B,NU,O,04/02/2026 10:48:21 PM
5556B,N,O,04/02/2026 10:53:23 PM
5557A,N,O,04/02/2026 12:10:06 PM
5557B,N,O,04/02/2026 01:16:25 PM
5558A,N,O,04/02/2026 11:03:25 PM
5558B,N,O,04/02/2026 07:07:09 PM
5559A,N,O,04/02/2026 12:05:42 PM
5559B,N,O,04/02/2026 07:55:46 AM
555A,N,V,04/03/2026 07:34:30 AM
555B,N,V,04/03/2026 08:14:26 AM
5560A,N,O,04/02/2026 11:33:14 AM
5564A,N,O,04/02/2026 07:55:55 AM
5572A,N,O,04/02/2026 11:50:17 PM
5572B,N,O,04/02/2026 08:59:59 PM
5573A,N,O,04/02/2026 11:04:44 PM
5573B,N,O,04/02/2026 09:36:38 PM
5574A,N,O,04/02/2026 11:43:02 PM
5574B,N,O,04/02/2026 09:24:28 PM
5575B,N,O,04/02/2026 11:57:52 PM
5578A,N,O,04/02/2026 06:56:46 AM
5578B,N,O,04/02/2026 11:14:36 PM
5579A,N,O,04/02/2026 11:13:37 PM
5579B,N,V,04/02/2026 01:53:27 PM
5580A,N,O,04/02/2026 11:21:11 PM
5580B,N,O,04/02/2026 11:09:35 PM
5588A,N,O,04/02/2026 10:39:26 PM
5588B,N,O,04/02/2026 09:20:18 PM
559A,N,O,04/02/2026 07:50:46 PM
559B,N,O,04/03/2026 06:55:51 AM
55B,N,V,04/02/2026 06:01:10 PM
560A,N,O,04/02/2026 06:59:50 AM
560B,N,O,04/03/2026 06:59:48 AM
5617B,N,O,04/02/2026 10:56:46 PM
5618A,N,O,04/02/2026 09:33:32 PM
5618B,N,O,04/02/2026 09:14:44 PM
561B,N,O,04/03/2026 06:58:53 AM
5622A,N,O,04/02/2026 09:30:20 PM
5622B,N,O,04/02/2026 10:18:20 PM
5623A,N,O,04/02/2026 11:27:00 PM
5623B,N,V,04/03/2026 12:00:01 AM
5641B,N,O,04/02/2026 12:25:42 PM
5642A,N,O,04/02/2026 07:20:41 PM
5642B,N,O,04/02/2026 01:14:41 PM
5643A,N,O,04/02/2026 08:49:03 PM
5643B,N,O,04/02/2026 11:01:59 PM
5645A,N,V,04/02/2026 11:56:41 PM
5645B,N,O,04/02/2026 11:27:28 PM
5646A,N,O,04/02/2026 10:01:34 PM
5646B,N,O,04/02/2026 04:38:19 PM
5647A,N,O,04/02/2026 04:34:02 PM
5647B,N,O,04/02/2026 03:48:56 PM
5648A,N,O,04/02/2026 07:30:03 PM
5648B,N,O,04/02/2026 10:02:41 PM
5650A,N,O,04/02/2026 11:05:20 PM
5650B,N,O,04/02/2026 07:59:59 AM
5651A,N,O,04/02/2026 01:24:09 PM
5651B,N,O,04/02/2026 04:45:16 PM
5652A,N,O,04/02/2026 02:57:05 PM
5652B,N,O,04/02/2026 02:31:58 PM
5653A,N,O,04/02/2026 10:59:50 PM
5653B,N,O,04/02/2026 09:59:57 PM
5654A,N,O,04/02/2026 04:36:13 PM
5654B,N,O,04/02/2026 11:42:37 PM
5655A,N,O,04/02/2026 09:12:58 PM
5655B,N,V,04/02/2026 11:56:50 PM
5656A,N,O,04/02/2026 05:08:13 PM
5656B,N,O,04/02/2026 10:33:51 PM
5657A,N,O,04/02/2026 10:04:07 PM
5657B,N,O,04/02/2026 09:37:10 PM
5658A,N,O,04/02/2026 10:40:10 PM
5658B,N,O,04/02/2026 02:59:28 PM
568A,N,V,04/02/2026 11:52:02 PM
568B,N,V,04/02/2026 11:00:23 PM
56A,N,V,04/02/2026 10:31:54 PM
56B,N,V,04/02/2026 11:59:35 PM
57A,N,V,04/02/2026 11:59:59 PM
57B,N,O,04/02/2026 11:59:52 PM
5883A,N,O,04/02/2026 11:31:07 PM
5883B,N,O,04/02/2026 11:49:33 PM
5884A,N,O,04/02/2026 07:54:12 PM
5884B,N,V,04/02/2026 09:11:56 PM
5885A,N,O,04/02/2026 10:50:42 PM
5885B,N,O,04/02/2026 11:34:34 PM
5889A,N,O,04/02/2026 10:56:42 PM
5889B,N,O,04/02/2026 11:07:24 PM
588B,N,O,04/02/2026 10:04:04 PM
5899A,N,O,04/02/2026 10:07:07 PM
589A,N,O,04/02/2026 01:42:55 PM
589B,N,O,04/02/2026 09:37:55 PM
58A,N,O,04/02/2026 06:31:48 PM
58B,N,V,04/02/2026 11:10:38 PM
5900A,N,O,04/02/2026 11:19:40 PM
5900B,N,O,04/02/2026 10:48:25 PM
5901A,N,O,04/02/2026 11:45:08 PM
5901B,N,O,04/02/2026 11:30:15 PM
5904B,N,O,04/02/2026 10:12:32 PM
590A,N,V,04/02/2026 07:17:03 PM
590B,N,V,04/02/2026 11:07:06 PM
5910A,N,O,04/02/2026 11:52:33 PM
5910B,N,O,04/02/2026 10:16:20 PM
5911A,N,O,04/02/2026 08:31:21 AM
5911B,N,O,04/02/2026 09:33:45 PM
5912A,N,O,04/02/2026 10:52:04 PM
5912B,N,O,04/02/2026 10:40:21 PM
5913A,N,O,04/02/2026 09:17:24 PM
5913B,N,O,04/02/2026 03:48:31 PM
591A,N,O,04/02/2026 11:57:03 PM
591B,N,O,04/02/2026 10:46:05 PM
592A,N,V,04/02/2026 09:50:32 PM
592B,N,V,04/02/2026 10:55:53 PM
5932A,N,V,04/02/2026 11:59:42 PM
5932B,N,O,04/02/2026 11:59:49 PM
5933A,N,O,04/02/2026 08:18:18 AM
5933B,N,O,04/02/2026 10:54:25 PM
5934A,N,O,04/02/2026 05:48:24 PM
5934B,N,O,04/02/2026 01:13:09 PM
5935A,N,O,04/02/2026 09:58:38 PM
5935B,N,O,04/02/2026 10:16:23 PM
5936A,N,O,04/02/2026 11:48:28 PM
5936B,N,O,04/02/2026 09:09:15 PM
593A,N,V,04/02/2026 11:59:12 PM
593B,N,V,04/02/2026 11:59:35 PM
5946A,N,O,04/02/2026 11:59:05 PM
5946B,N,O,04/02/2026 11:59:50 PM
5947A,N,O,04/02/2026 11:59:46 PM
5947B,N,O,04/02/2026 09:33:28 PM
5949A,N,O,04/02/2026 08:42:03 AM
5949B,N,O,04/02/2026 09:34:20 PM
5950A,N,O,04/02/2026 10:45:30 PM
5950B,N,O,04/02/2026 08:20:52 PM
5951A,N,O,04/02/2026 11:31:52 PM
5951B,N,O,04/02/2026 04:03:53 PM
5952A,N,O,04/02/2026 11:48:34 PM
5952B,N,O,04/02/2026 11:59:47 PM
5953A,N,O,04/02/2026 11:29:39 PM
5953B,N,V,04/02/2026 11:30:23 PM
5954A,N,O,04/02/2026 11:28:38 PM
5954B,N,V,04/02/2026 11:56:30 PM
5955A,N,O,04/02/2026 05:47:20 PM
5955B,N,O,04/02/2026 09:28:28 PM
5956A,N,V,04/02/2026 11:08:04 PM
5956B,N,O,04/02/2026 08:45:34 PM
5957A,N,O,04/02/2026 11:59:23 PM
5957B,N,O,04/02/2026 11:21:50 PM
5958A,N,O,04/02/2026 10:18:03 PM
5958B,N,O,04/02/2026 11:43:03 PM
5962A,N,O,04/02/2026 06:01:40 PM
5962B,N,O,04/02/2026 06:35:13 PM
5963A,N,O,04/02/2026 10:37:28 PM
5963B,N,V,04/02/2026 11:47:10 PM
5964A,N,O,04/02/2026 11:26:25 PM
5964B,N,O,04/02/2026 10:06:36 PM
5965A,N,V,04/02/2026 11:58:05 PM
5965B,N,O,04/02/2026 02:00:36 PM
5969A,N,O,04/02/2026 11:59:42 PM
5969B,N,O,04/02/2026 11:54:54 AM
5970A,N,V,04/02/2026 11:47:36 PM
5970B,N,O,04/02/2026 06:59:42 AM
5971A,N,O,04/01/2026 11:44:13 PM
5971B,N,O,04/02/2026 10:33:05 PM
5972A,N,O,04/02/2026 08:06:32 AM
5972B,N,O,04/02/2026 08:37:20 PM
5973A,N,O,04/02/2026 11:53:05 PM
5973B,N,O,04/02/2026 10:56:09 PM
5974A,N,O,04/02/2026 06:55:54 AM
5990A,N,O,04/02/2026 08:57:57 AM
5990B,N,O,04/02/2026 11:58:30 PM
5991A,N,O,04/02/2026 06:58:51 AM
5991B,N,O,04/02/2026 09:07:52 PM
5992A,N,V,04/02/2026 11:56:42 PM
5992B,N,O,04/02/2026 11:13:15 PM
5993A,N,O,04/02/2026 09:22:57 PM
5993B,N,O,04/02/2026 04:48:44 PM
5994A,N,V,04/02/2026 07:55:44 PM
5994B,N,O,04/02/2026 03:23:40 PM
5995A,N,O,04/02/2026 09:19:18 PM
5995B,N,V,04/02/2026 11:33:52 PM
5996A,N,V,04/02/2026 11:40:14 PM
5996B,N,O,04/02/2026 11:40:10 PM
5997A,N,O,04/02/2026 11:02:12 PM
5997B,N,O,04/02/2026 05:11:15 PM
5998A,N,V,04/02/2026 11:15:04 PM
5998B,N,O,04/02/2026 11:15:04 PM
59A,N,V,04/02/2026 11:37:04 PM
59B,N,O,04/02/2026 11:59:59 PM
5A,N,V,04/02/2026 08:52:59 PM
5B,N,V,04/02/2026 08:56:43 PM
600B,N,O,04/02/2026 11:58:37 PM
6013A,N,O,04/02/2026 10:26:12 PM
6014A,N,O,04/02/2026 10:58:53 PM
6014B,N,O,04/02/2026 11:23:32 PM
6015A,N,O,04/02/2026 11:26:47 PM
6015B,N,O,04/02/2026 09:20:29 PM
6018A,N,O,04/02/2026 11:09:10 PM
6019A,N,O,04/02/2026 11:25:53 PM
6019B,N,O,04/02/2026 11:30:09 PM
601A,N,O,04/02/2026 11:58:46 PM
601B,N,O,04/02/2026 11:11:45 PM
6020A,N,O,04/02/2026 07:54:16 PM
6020B,N,O,04/02/2026 12:32:17 PM
6021A,N,O,04/02/2026 11:28:28 PM
6021B,N,O,04/02/2026 11:55:07 PM
6022A,N,O,04/02/2026 11:42:45 PM
6022B,N,O,04/02/2026 11:21:06 PM
6023A,N,O,04/02/2026 08:26:54 AM
6023B,N,O,04/02/2026 10:53:47 PM
6025A,N,V,04/02/2026 11:59:38 PM
6025B,N,O,04/02/2026 11:32:11 PM
6026A,N,O,04/02/2026 08:49:36 PM
6026B,N,O,04/02/2026 11:22:45 AM
6027A,N,O,04/02/2026 11:49:32 PM
6027B,N,O,04/02/2026 11:50:11 PM
6028A,N,O,04/02/2026 09:05:20 PM
6028B,N,O,04/02/2026 11:59:58 PM
6029A,N,O,04/02/2026 11:15:03 PM
6029B,N,O,04/02/2026 09:09:37 PM
6030A,N,V,04/02/2026 11:54:00 PM
6030B,N,O,04/02/2026 03:40:03 PM
6031B,N,O,04/02/2026 08:28:53 AM
6035A,N,O,04/02/2026 11:26:53 PM
6035B,N,O,04/02/2026 11:29:54 PM
6036A,N,O,04/02/2026 09:54:08 PM
6036B,N,O,04/02/2026 10:47:37 PM
6037A,N,O,04/02/2026 11:22:00 PM
6037B,N,O,04/02/2026 07:19:57 PM
6038A,N,O,04/02/2026 11:59:04 PM
6038B,N,O,04/02/2026 11:46:31 PM
6039A,N,O,04/02/2026 11:42:22 PM
6039B,N,O,04/02/2026 08:26:26 AM
6040A,N,O,04/02/2026 03:23:19 PM
6040B,N,O,04/02/2026 10:09:38 PM
6041A,N,O,04/02/2026 06:53:58 PM
6043B,N,O,04/02/2026 09:39:19 PM
6044A,N,O,04/02/2026 11:32:05 PM
6044B,N,V,04/02/2026 11:18:22 PM
6045A,N,O,04/02/2026 08:29:50 AM
6045B,N,O,04/02/2026 10:41:40 AM
6046A,N,O,04/02/2026 05:39:53 PM
6046B,N,O,04/02/2026 11:36:08 PM
6047A,N,O,04/02/2026 11:59:57 PM
6047B,N,V,04/02/2026 10:10:48 PM
6048A,N,O,04/02/2026 08:45:11 PM
6048B,N,V,04/02/2026 11:58:54 PM
6049A,N,O,04/02/2026 11:15:11 PM
6049B,N,O,04/02/2026 09:07:55 PM
6050A,N,V,04/02/2026 10:21:56 PM
6050B,N,O,04/02/2026 10:48:37 PM
6051A,N,O,04/02/2026 08:25:18 PM
6051B,N,O,04/02/2026 11:47:28 PM
6052A,N,O,04/02/2026 11:30:36 PM
6052B,N,O,04/02/2026 10:57:56 PM
6053A,N,O,04/02/2026 11:13:11 PM
6053B,N,O,04/02/2026 02:12:34 PM
6054A,N,O,04/02/2026 11:59:20 PM
6054B,N,O,04/02/2026 11:36:51 PM
6055A,N,O,04/02/2026 10:31:18 PM
6055B,N,O,04/02/2026 11:31:53 PM
6058A,N,O,04/02/2026 11:48:08 PM
6058B,N,O,04/02/2026 01:46:22 PM
6059A,N,V,04/02/2026 11:29:14 PM
6059B,N,O,04/02/2026 11:00:30 PM
605A,N,O,04/02/2026 09:40:48 PM
605B,N,O,04/02/2026 11:52:11 PM
6060A,N,O,04/02/2026 09:47:03 PM
6060B,N,O,04/02/2026 10:21:18 PM
6061A,N,O,04/02/2026 11:39:21 PM
6061B,N,O,04/02/2026 08:46:19 PM
6062A,N,O,04/02/2026 07:40:54 AM
6062B,N,O,04/02/2026 11:45:21 PM
6063A,N,V,04/02/2026 11:59:00 PM
6063B,N,O,04/02/2026 10:53:16 PM
6064A,N,O,04/02/2026 11:59:44 PM
6064B,N,V,04/02/2026 11:59:31 PM
6066A,N,O,04/02/2026 11:57:48 PM
6066B,N,O,04/02/2026 11:25:30 PM
6067A,N,V,04/02/2026 11:59:31 PM
6067B,N,O,04/02/2026 10:53:15 PM
6068A,N,O,04/02/2026 10:29:03 PM
6068B,N,O,04/02/2026 04:44:48 PM
6069A,N,O,04/02/2026 11:57:28 PM
6069B,N,O,04/02/2026 11:06:06 PM
606A,N,O,04/02/2026 11:35:15 PM
606B,N,V,04/02/2026 11:04:43 PM
6070A,N,O,04/02/2026 07:42:09 PM
6070B,N,V,04/03/2026 12:00:02 AM
6072A,N,O,04/02/2026 01:47:17 PM
6072B,N,O,04/02/2026 11:32:59 PM
6073A,N,O,04/02/2026 09:04:35 PM
6073B,N,V,04/02/2026 11:58:18 PM
6074A,N,O,04/02/2026 08:57:08 PM
6074B,N,V,04/02/2026 11:47:07 PM
6075A,N,O,04/02/2026 11:04:59 PM
6075B,N,V,04/02/2026 11:49:55 PM
6076A,N,O,04/02/2026 10:17:43 PM
607A,N,O,04/02/2026 11:56:05 PM
607B,N,V,04/02/2026 11:28:58 PM
6081A,N,O,04/02/2026 09:47:06 PM
6085B,N,O,04/02/2026 08:44:26 PM
608A,N,O,04/02/2026 11:53:29 PM
608B,N,V,04/02/2026 11:05:46 PM
609A,N,O,04/02/2026 11:59:27 PM
609B,N,O,04/02/2026 10:45:32 PM
60A,N,V,04/02/2026 11:21:10 PM
60B,N,V,04/02/2026 11:57:55 PM
610A,N,O,04/02/2026 06:59:46 AM
6180B,N,V,04/02/2026 11:55:43 PM
6181A,N,O,04/02/2026 11:13:45 PM
6181B,N,O,04/02/2026 11:39:51 PM
6182A,N,O,04/02/2026 11:34:11 PM
6182B,N,O,04/02/2026 06:15:09 PM
6183A,N,O,04/02/2026 11:45:04 PM
6183B,N,O,04/02/2026 08:25:32 PM
6184A,NU,O,03/16/2026 02:00:44 PM
6184B,NU,O,03/16/2026 07:55:48 AM
6185A,NU,O,04/02/2026 07:59:57 AM
6186A,N,O,04/02/2026 03:44:20 PM
6187A,N,O,04/02/2026 11:02:26 PM
6188A,N,O,04/02/2026 09:13:32 PM
6188B,N,O,04/02/2026 11:22:32 PM
6189A,N,O,04/02/2026 09:49:21 PM
6189B,N,O,04/02/2026 10:32:18 PM
6190A,N,O,04/02/2026 11:20:15 PM
6190B,N,O,04/02/2026 10:55:12 PM
6191A,N,V,04/02/2026 11:58:58 PM
6191B,N,O,04/02/2026 11:58:58 PM
6192A,N,O,04/02/2026 07:58:49 PM
6192B,N,V,04/02/2026 09:16:39 PM
6193A,N,V,04/02/2026 11:59:45 PM
6193B,N,O,04/02/2026 11:58:49 PM
6194A,N,O,04/02/2026 09:53:39 PM
6194B,N,O,04/02/2026 08:13:47 PM
6196A,N,O,04/02/2026 11:59:58 PM
61A,N,V,04/02/2026 11:24:27 PM
61B,N,V,04/02/2026 11:28:16 PM
6201B,N,O,04/02/2026 11:58:32 PM
6202A,N,O,04/02/2026 04:00:20 PM
6202B,N,O,04/02/2026 08:14:37 PM
6203B,N,O,04/02/2026 09:57:23 PM
6204A,N,O,04/02/2026 10:41:06 PM
6204B,N,V,04/02/2026 11:07:30 PM
6207A,N,O,04/02/2026 06:57:57 PM
6207B,N,O,04/02/2026 09:35:34 PM
6209A,N,O,04/02/2026 11:11:03 PM
6209B,N,O,04/02/2026 09:37:05 PM
6221A,N,O,04/02/2026 02:39:05 PM
6221B,N,V,04/03/2026 12:00:00 AM
6222A,N,O,04/02/2026 11:48:07 PM
6222B,N,O,04/02/2026 09:24:28 PM
6223A,N,O,04/02/2026 04:23:57 PM
6223B,N,O,04/02/2026 06:56:52 AM
6235A,N,V,04/02/2026 11:58:34 PM
6235B,N,O,04/02/2026 10:18:22 PM
6236A,N,O,04/02/2026 08:36:26 PM
6236B,N,O,04/02/2026 11:26:08 PM
6237B,N,O,04/02/2026 11:36:49 PM
6238A,N,O,04/02/2026 11:35:28 PM
6238B,N,O,04/01/2026 08:27:21 AM
6239A,N,O,04/02/2026 11:45:33 PM
6239B,N,O,04/02/2026 11:31:28 PM
6240A,N,O,04/02/2026 11:47:17 PM
6240B,N,O,04/02/2026 09:34:51 PM
6241A,N,V,04/02/2026 11:56:05 PM
6241B,N,O,04/02/2026 09:39:36 PM
6252A,N,O,04/02/2026 09:40:20 PM
6252B,N,O,04/02/2026 11:57:16 PM
6258A,N,O,04/02/2026 07:09:21 PM
6258B,N,O,04/02/2026 06:56:54 AM
6259A,N,O,04/02/2026 11:45:50 PM
6259B,N,V,04/02/2026 11:59:34 PM
6260A,N,O,04/02/2026 03:07:21 PM
6260B,N,O,04/02/2026 10:44:21 PM
6262B,N,O,04/02/2026 11:50:58 PM
6263A,N,O,04/02/2026 08:27:04 AM
6263B,N,O,04/02/2026 10:58:09 PM
6267A,N,O,04/02/2026 07:34:24 PM
6267B,N,O,04/02/2026 11:46:44 PM
6273B,N,O,04/02/2026 06:56:52 AM
6274A,N,O,04/02/2026 08:59:51 PM
6274B,N,V,04/02/2026 11:19:23 PM
6275A,N,V,04/02/2026 11:49:40 PM
6276A,N,O,04/02/2026 09:22:28 PM
6276B,N,O,04/02/2026 11:12:09 PM
6277A,N,O,04/02/2026 09:37:52 PM
6277B,N,O,04/02/2026 11:41:54 PM
6281B,N,O,04/02/2026 08:09:43 PM
6282A,N,O,04/02/2026 09:11:15 PM
6282B,N,O,04/02/2026 07:38:55 PM
6283A,NU,O,03/31/2026 04:37:52 PM
6284A,N,O,04/02/2026 06:55:45 AM
6284B,N,O,04/02/2026 06:55:45 AM
6285A,N,O,04/02/2026 08:24:21 AM
6286B,N,O,04/02/2026 05:33:49 PM
6287A,N,V,04/02/2026 11:22:19 PM
6287B,N,V,04/02/2026 10:57:41 PM
6291A,N,O,04/02/2026 06:58:48 AM
6291B,N,O,04/02/2026 06:58:59 AM
6292A,N,O,04/02/2026 06:57:47 AM
6292B,N,O,04/02/2026 11:58:03 AM
6293A,N,O,04/02/2026 05:12:06 PM
6293B,N,O,04/02/2026 09:18:57 PM
6294A,N,O,04/02/2026 06:56:01 AM
6294B,N,O,04/02/2026 06:55:54 AM
6295A,N,O,04/02/2026 10:18:03 PM
6295B,N,O,04/02/2026 05:55:04 PM
6296A,N,O,04/02/2026 10:15:08 PM
6296B,N,O,04/02/2026 07:07:29 PM
6297A,N,O,04/02/2026 10:22:14 PM
6297B,N,O,04/02/2026 02:41:31 PM
6298A,N,O,04/02/2026 09:45:07 PM
62A,N,V,04/02/2026 11:59:11 PM
62B,N,V,04/02/2026 08:02:47 PM
6301A,N,V,04/02/2026 11:58:21 PM
6301B,N,O,04/02/2026 11:57:50 PM
6302A,N,V,04/02/2026 11:59:23 PM
6302B,N,O,04/02/2026 06:57:54 AM
6306B,N,O,04/02/2026 06:58:49 AM
6307A,N,O,04/02/2026 06:57:54 AM
6307B,N,O,04/02/2026 07:05:38 PM
6308A,N,O,04/02/2026 04:30:45 PM
6308B,N,O,04/02/2026 01:06:15 PM
6309A,N,O,04/02/2026 07:37:31 PM
6309B,N,O,04/01/2026 09:04:52 PM
6314A,N,O,04/02/2026 11:35:04 AM
6314B,N,O,04/02/2026 10:24:24 PM
6315A,N,O,04/02/2026 10:28:47 PM
6315B,N,O,04/02/2026 08:27:58 PM
6316A,N,O,04/02/2026 06:58:49 AM
6316B,N,O,04/02/2026 12:35:07 PM
6318B,N,O,04/02/2026 11:47:24 PM
6319A,N,O,04/02/2026 11:06:33 PM
6319B,N,O,04/02/2026 10:29:45 PM
6320A,N,O,04/02/2026 11:35:50 PM
6320B,NU,O,04/02/2026 11:59:59 PM
6322A,N,O,04/02/2026 09:58:12 PM
6322B,N,O,04/02/2026 08:08:55 PM
6323A,N,V,04/02/2026 11:52:17 PM
6323B,N,O,04/02/2026 11:46:21 PM
6324B,N,O,04/02/2026 02:16:44 PM
6326A,N,O,04/02/2026 03:23:21 PM
6326B,N,O,04/02/2026 08:59:33 AM
6327A,N,V,04/02/2026 11:58:17 PM
6327B,N,V,04/02/2026 11:57:38 PM
6328A,N,O,04/02/2026 11:38:40 PM
6328B,N,O,04/02/2026 09:33:20 PM
6329A,N,O,04/02/2026 10:32:10 PM
6329B,N,O,04/02/2026 05:01:10 PM
6330A,N,V,04/02/2026 10:46:33 PM
6330B,N,O,04/02/2026 11:10:19 PM
6331A,N,O,04/02/2026 11:23:42 PM
6334A,N,O,04/02/2026 10:59:56 PM
6334B,N,O,04/02/2026 11:17:48 PM
6335A,N,O,04/02/2026 06:59:47 AM
6335B,N,V,04/03/2026 12:00:00 AM
6336A,N,O,04/02/2026 08:48:31 PM
6339B,N,O,04/02/2026 11:30:14 PM
6340A,N,O,04/02/2026 11:42:13 PM
6340B,N,O,04/02/2026 11:44:04 PM
6341A,N,O,04/02/2026 04:48:48 PM
6341B,N,O,04/02/2026 02:28:59 PM
6342B,N,O,04/02/2026 07:38:57 PM
6347A,N,O,04/02/2026 08:13:07 AM
6348A,N,V,04/02/2026 11:36:22 PM
6348B,N,V,04/02/2026 11:42:33 PM
6349A,N,V,04/02/2026 11:29:57 PM
6349B,N,O,04/02/2026 06:55:43 AM
6350A,N,O,04/02/2026 09:52:41 PM
6350B,N,O,04/02/2026 07:56:59 PM
6351A,N,O,04/02/2026 09:17:34 PM
6351B,N,O,04/02/2026 11:55:55 PM
6352A,N,V,04/02/2026 11:52:13 PM
6352B,N,O,04/02/2026 07:55:04 PM
6353A,N,O,04/02/2026 11:21:12 PM
6353B,N,O,04/02/2026 11:11:21 PM
6354A,N,V,04/02/2026 11:59:08 PM
6354B,N,V,04/02/2026 11:44:35 PM
6358A,N,O,04/02/2026 07:31:26 PM
6358B,N,V,04/02/2026 11:48:11 PM
6359A,N,O,04/02/2026 11:45:56 PM
6359B,N,V,04/02/2026 11:52:58 PM
6360A,N,V,04/02/2026 11:54:31 PM
6360B,N,O,04/02/2026 08:37:38 PM
6361A,N,O,04/02/2026 10:03:31 PM
6361B,N,O,04/02/2026 10:54:25 PM
6362A,N,O,04/02/2026 09:58:28 PM
6362B,N,V,04/02/2026 11:47:49 PM
6363A,N,V,04/02/2026 11:56:19 PM
6363B,N,O,04/02/2026 11:56:27 PM
6364A,N,O,04/02/2026 11:47:55 PM
6364B,N,O,04/02/2026 08:00:46 PM
6365A,N,O,04/02/2026 07:27:45 PM
6365B,N,O,04/02/2026 11:45:03 PM
6369A,N,O,04/02/2026 06:55:43 AM
6369B,N,O,04/02/2026 06:43:28 PM
6370A,N,O,04/02/2026 09:12:13 PM
6370B,N,O,04/02/2026 07:16:19 PM
6371A,N,O,04/02/2026 10:59:04 PM
6371B,N,O,04/02/2026 10:45:53 PM
6376A,N,O,04/02/2026 07:58:50 AM
6377A,N,O,04/02/2026 08:38:57 PM
6377B,N,V,04/02/2026 11:52:21 PM
6379A,N,O,04/02/2026 08:09:13 PM
6379B,N,O,04/02/2026 04:34:12 PM
6380A,N,O,04/02/2026 11:15:14 PM
6380B,N,V,04/02/2026 11:55:48 PM
6381A,N,O,04/02/2026 01:14:15 PM
6381B,N,V,04/02/2026 11:35:49 PM
6382B,N,O,04/02/2026 07:52:39 PM
6383A,N,O,04/02/2026 11:14:36 PM
6383B,N,O,04/02/2026 05:53:36 PM
6386B,N,O,04/02/2026 07:58:50 AM
6387A,N,O,04/02/2026 07:57:46 AM
6387B,N,O,04/02/2026 07:57:46 AM
6388A,N,O,04/02/2026 11:23:29 PM
6388B,N,O,04/02/2026 05:21:20 PM
6389B,N,V,04/02/2026 11:56:30 PM
6390A,N,O,04/01/2026 07:59:49 AM
6390B,N,O,04/02/2026 07:59:42 AM
6391A,N,O,04/02/2026 07:58:48 AM
6392A,N,O,04/02/2026 08:05:25 AM
6393A,N,V,04/02/2026 11:38:08 PM
6393B,N,O,04/02/2026 07:56:44 AM
6394A,N,O,04/02/2026 05:36:02 PM
6394B,N,O,04/02/2026 08:54:52 PM
6395A,N,O,04/02/2026 02:12:46 PM
6395B,N,O,04/02/2026 10:50:29 AM
6396A,N,O,04/02/2026 10:51:38 PM
6396B,N,O,04/02/2026 10:18:14 PM
6397A,N,O,04/02/2026 11:56:16 PM
6397B,N,V,04/02/2026 11:55:51 PM
6399A,N,O,04/02/2026 10:50:59 PM
63A,N,V,04/02/2026 05:26:54 PM
63B,N,V,04/02/2026 05:28:07 PM
6400A,N,O,04/02/2026 10:52:44 AM
6400B,N,O,04/02/2026 08:16:04 PM
6401A,N,O,04/02/2026 10:15:07 PM
6402A,N,O,04/02/2026 10:47:09 PM
6402B,N,O,04/02/2026 07:15:05 PM
6403A,N,O,04/02/2026 09:18:09 PM
6403B,N,O,04/02/2026 10:25:33 PM
6404A,N,O,04/02/2026 03:42:06 PM
6404B,N,O,04/02/2026 06:59:49 PM
6407A,N,O,04/02/2026 10:24:39 PM
6407B,N,V,04/02/2026 11:58:58 PM
6408A,N,O,04/02/2026 06:56:46 AM
6408B,N,O,04/02/2026 07:21:14 PM
6409A,N,O,04/02/2026 06:55:55 AM
6409B,N,O,04/02/2026 11:09:10 PM
6410A,N,O,04/02/2026 10:58:10 PM
6410B,N,O,04/02/2026 05:03:40 PM
6411A,N,O,04/02/2026 06:58:55 AM
6411B,N,O,04/02/2026 01:17:08 PM
6412A,N,O,04/02/2026 09:27:39 PM
6412B,N,O,04/02/2026 07:17:44 PM
6414B,N,O,04/02/2026 01:39:47 PM
6415A,N,V,04/02/2026 11:50:58 PM
6415B,N,O,04/02/2026 07:59:50 AM
6416A,N,O,04/02/2026 10:11:22 PM
6416B,N,O,04/02/2026 11:51:32 PM
6417A,N,O,04/02/2026 08:41:28 PM
6417B,N,V,04/02/2026 05:22:32 PM
6418A,N,O,04/02/2026 11:30:10 PM
6418B,N,O,04/02/2026 08:12:21 PM
6419A,N,O,04/02/2026 06:55:40 AM
6419B,N,O,04/02/2026 11:41:28 PM
6420A,N,O,04/02/2026 08:26:03 PM
6420B,N,O,04/02/2026 06:48:04 PM
6421A,N,O,04/02/2026 02:23:43 PM
6421B,N,O,04/02/2026 07:50:28 PM
6426A,N,O,04/02/2026 03:01:58 PM
6426B,N,O,04/01/2026 06:58:43 AM
6427A,N,O,04/02/2026 06:57:12 PM
6427B,N,O,04/02/2026 06:47:17 PM
6428A,N,O,04/02/2026 02:46:07 PM
6428B,N,O,04/02/2026 05:22:56 PM
6429A,N,O,04/02/2026 06:55:48 AM
6429B,N,O,04/02/2026 06:25:55 PM
642A,N,O,04/02/2026 07:07:19 PM
642B,N,V,04/02/2026 11:58:15 PM
6430A,N,O,04/02/2026 06:59:49 AM
6430B,N,O,04/02/2026 06:08:26 PM
6431A,N,O,04/02/2026 08:52:54 PM
6431B,N,O,04/02/2026 06:58:50 AM
6432A,N,O,04/02/2026 10:36:19 PM
6432B,N,O,04/02/2026 08:02:58 PM
6433A,N,O,04/02/2026 06:36:02 PM
6433B,N,O,04/02/2026 10:03:24 PM
6434A,N,O,04/02/2026 06:19:49 PM
6434B,N,O,04/02/2026 06:55:51 AM
6435A,N,O,04/02/2026 09:49:44 PM
6435B,N,O,04/02/2026 09:49:12 PM
6436A,N,O,04/02/2026 04:49:21 PM
6436B,N,O,04/02/2026 06:58:48 AM
6439A,N,O,04/02/2026 06:55:41 AM
6439B,N,O,04/02/2026 07:36:56 PM
643A,N,O,04/02/2026 10:38:03 PM
643B,N,O,04/02/2026 10:09:50 PM
6440A,N,O,04/02/2026 05:20:12 PM
6440B,N,O,04/02/2026 06:59:47 AM
6441B,N,O,04/02/2026 09:39:50 PM
6442A,N,O,04/02/2026 02:18:51 PM
6442B,N,O,04/02/2026 06:30:45 PM
6443A,N,O,04/02/2026 06:56:54 AM
6443B,N,O,04/02/2026 09:54:47 AM
6444B,N,O,04/02/2026 09:06:00 PM
6446A,N,O,04/02/2026 06:58:51 AM
6446B,N,O,04/02/2026 06:59:17 AM
6447A,N,O,04/02/2026 06:57:48 AM
6447B,N,O,04/02/2026 06:57:48 AM
6448A,N,O,04/02/2026 06:56:49 AM
6448B,N,O,04/02/2026 06:56:46 AM
6449A,N,O,04/02/2026 09:04:50 AM
6449B,N,O,04/02/2026 10:57:39 AM
6450A,N,O,04/02/2026 09:54:27 PM
6451A,N,O,04/02/2026 11:52:18 PM
6452A,N,O,04/02/2026 08:31:07 PM
6452B,N,V,04/02/2026 11:56:46 PM
6453A,N,O,04/02/2026 07:36:08 PM
6453B,N,O,04/02/2026 05:39:01 PM
6454A,N,V,04/02/2026 11:43:10 PM
6454B,N,O,04/02/2026 11:47:12 PM
6455A,N,O,04/02/2026 09:59:31 PM
6455B,N,O,04/02/2026 11:36:43 PM
6456A,N,O,04/02/2026 11:58:05 PM
6456B,N,V,04/02/2026 11:13:15 PM
6457A,N,V,04/02/2026 10:17:59 AM
6457B,N,V,04/02/2026 11:55:42 PM
6458A,N,O,04/02/2026 11:59:52 PM
6458B,N,O,04/02/2026 11:20:09 PM
6460B,N,O,04/02/2026 10:32:28 PM
6461A,N,O,04/02/2026 08:53:53 PM
6461B,N,O,04/02/2026 09:52:14 PM
6462A,N,O,04/02/2026 11:21:10 PM
6462B,N,V,04/02/2026 11:00:35 PM
6463A,N,O,04/02/2026 10:27:28 PM
6463B,N,O,04/02/2026 06:57:00 AM
6464A,N,V,04/02/2026 11:00:33 PM
6464B,N,O,04/02/2026 10:10:46 PM
6465A,N,V,04/02/2026 11:19:37 PM
6465B,N,O,04/02/2026 09:21:45 PM
6466A,N,V,04/02/2026 11:17:21 PM
6466B,N,V,04/02/2026 11:04:40 PM
6467A,N,O,04/02/2026 06:57:49 AM
6467B,N,O,04/02/2026 11:38:20 PM
6468A,N,O,04/02/2026 05:22:56 PM
6468B,N,O,04/02/2026 11:55:56 PM
6469B,N,O,04/02/2026 09:47:21 PM
6472A,N,O,04/02/2026 12:17:38 PM
6472B,N,V,04/02/2026 11:32:22 PM
6473A,N,O,04/02/2026 10:15:34 PM
6475B,N,O,04/02/2026 11:28:08 PM
6476A,N,O,04/02/2026 09:37:02 PM
6476B,N,O,04/02/2026 10:46:57 PM
6477A,N,O,04/02/2026 11:09:46 PM
6477B,N,V,04/02/2026 11:41:27 PM
6478A,N,O,04/02/2026 10:26:04 PM
6478B,N,O,04/02/2026 07:09:51 PM
6479A,N,O,04/02/2026 09:46:19 PM
6479B,N,O,04/02/2026 06:11:39 PM
6480A,N,O,04/02/2026 01:22:25 PM
6480B,N,O,04/02/2026 11:13:26 PM
6481A,N,O,04/02/2026 09:22:35 PM
6481B,N,O,04/02/2026 08:36:39 PM
6482A,N,O,04/02/2026 07:31:55 PM
6482B,N,O,04/02/2026 06:42:25 PM
6490A,N,O,04/02/2026 11:12:30 PM
6490B,N,O,04/02/2026 09:53:54 PM
6493B,N,O,04/02/2026 08:43:25 PM
6494B,N,O,04/02/2026 10:02:46 PM
6496A,N,O,04/02/2026 10:17:55 PM
6497A,N,O,04/02/2026 07:12:29 PM
6498A,N,O,04/02/2026 06:29:21 PM
6498B,N,V,04/02/2026 11:12:03 PM
6499A,N,O,04/02/2026 11:32:57 PM
6499B,N,O,04/02/2026 10:52:49 PM
64A,N,V,04/02/2026 11:59:57 PM
64B,N,V,04/02/2026 05:28:27 PM
6500A,N,V,04/02/2026 11:59:12 PM
6500B,N,V,04/02/2026 11:47:11 PM
6501A,N,O,04/02/2026 09:37:35 PM
6501B,N,O,04/02/2026 09:13:14 PM
6502A,N,V,04/02/2026 11:19:56 PM
6502B,N,O,04/02/2026 03:19:36 PM
6503A,N,V,04/02/2026 11:58:33 PM
6506A,N,O,04/02/2026 08:19:44 PM
6507B,N,V,04/02/2026 11:42:59 PM
6508B,N,O,04/02/2026 10:02:56 PM
6520A,N,V,04/02/2026 10:47:20 PM
6520B,N,O,04/02/2026 07:53:44 PM
6521A,N,O,04/02/2026 08:10:05 PM
6521B,N,O,04/02/2026 06:19:37 PM
6522A,N,V,04/02/2026 09:38:46 PM
6522B,N,V,04/02/2026 11:54:19 PM
6523A,N,V,04/02/2026 10:55:16 PM
6523B,N,O,04/02/2026 11:54:47 PM
6524A,N,O,04/02/2026 07:22:34 PM
6524B,N,V,04/02/2026 11:59:44 PM
6525A,N,V,04/02/2026 10:55:47 PM
6525B,N,V,04/02/2026 07:26:11 PM
6526A,N,O,04/02/2026 10:02:54 PM
6526B,N,O,04/02/2026 10:55:23 PM
6538A,N,V,04/02/2026 11:41:15 PM
6538B,N,V,04/02/2026 11:53:34 PM
6539A,N,O,04/02/2026 11:18:49 PM
6539B,N,V,04/02/2026 11:19:59 PM
6540A,N,O,04/02/2026 01:47:43 PM
6540B,N,V,04/02/2026 11:35:23 PM
6543A,N,O,04/02/2026 09:15:40 PM
6543B,N,O,04/02/2026 03:59:18 PM
6544A,N,O,04/02/2026 09:25:33 PM
6544B,N,V,04/02/2026 11:16:30 PM
6545A,N,O,04/02/2026 09:23:19 PM
6545B,N,O,04/02/2026 11:44:45 PM
6546A,N,O,04/02/2026 11:07:54 PM
6546B,N,V,04/02/2026 11:38:24 PM
6547A,N,V,04/02/2026 11:48:37 PM
6547B,N,O,04/02/2026 10:07:53 PM
6548A,N,O,04/02/2026 05:30:57 PM
6548B,N,O,04/02/2026 11:03:38 PM
6549A,N,O,04/02/2026 06:35:08 PM
6549B,N,V,04/02/2026 10:52:31 PM
6550A,N,O,04/02/2026 08:53:56 PM
6550B,N,O,04/02/2026 07:24:09 PM
6551A,N,V,04/02/2026 11:59:36 PM
6551B,N,O,04/02/2026 03:26:56 PM
6552A,N,V,04/03/2026 12:00:02 AM
6552B,N,O,04/02/2026 06:42:48 PM
6553B,N,O,04/02/2026 06:56:47 AM
6556A,N,O,04/02/2026 09:38:50 PM
6556B,N,V,04/02/2026 11:37:35 PM
6557A,N,O,04/02/2026 08:18:21 PM
6557B,N,O,04/02/2026 09:11:57 PM
6558A,N,O,04/02/2026 11:59:52 PM
6558B,N,V,04/02/2026 11:31:08 PM
6559A,N,O,04/02/2026 10:56:17 PM
6559B,N,V,04/02/2026 11:49:17 PM
6560A,N,V,04/02/2026 10:07:06 PM
6560B,N,O,04/02/2026 10:51:26 PM
6561A,N,V,04/02/2026 10:54:39 PM
6561B,N,O,04/02/2026 11:13:48 AM
6562A,N,V,04/02/2026 11:15:59 PM
6562B,N,O,04/02/2026 07:27:03 PM
6563A,N,V,04/02/2026 11:35:57 PM
6563B,N,V,04/02/2026 10:48:50 PM
6564B,N,O,04/02/2026 10:39:59 PM
6567B,N,O,04/02/2026 10:16:43 PM
6568A,N,O,04/02/2026 09:12:54 PM
6568B,N,O,04/02/2026 10:26:47 PM
6569A,N,V,04/02/2026 11:41:42 PM
6569B,N,V,04/02/2026 11:43:59 PM
6573A,N,V,04/02/2026 08:11:19 PM
6573B,N,V,04/02/2026 11:49:57 PM
6584A,N,O,04/02/2026 06:55:48 AM
6584B,N,O,04/02/2026 09:53:59 PM
6585A,N,O,04/02/2026 10:57:50 PM
6586A,N,O,04/02/2026 11:59:42 PM
6587A,N,O,04/02/2026 08:38:37 PM
6587B,N,V,04/02/2026 11:27:27 PM
6590A,N,V,04/02/2026 11:36:50 PM
6590B,N,O,04/02/2026 07:43:51 PM
6592A,N,V,04/02/2026 11:58:59 PM
6592B,N,O,04/02/2026 10:34:23 PM
6594A,N,O,04/02/2026 08:28:44 PM
6594B,N,V,04/02/2026 11:24:04 PM
6595A,N,O,04/02/2026 11:36:30 PM
6595B,N,O,04/02/2026 10:31:10 PM
6596A,N,O,04/02/2026 08:40:12 PM
6596B,N,O,04/02/2026 11:42:02 PM
6597A,N,O,04/02/2026 09:49:08 PM
6597B,N,O,04/02/2026 09:23:58 PM
6598A,N,V,04/02/2026 11:49:53 PM
6598B,N,O,04/02/2026 08:56:22 PM
65A,N,V,04/02/2026 09:16:24 PM
6600A,N,O,04/02/2026 11:19:44 PM
6601A,N,O,04/02/2026 11:40:23 PM
6601B,N,O,04/02/2026 04:51:58 PM
6602A,N,O,04/02/2026 09:48:29 PM
6602B,N,V,04/02/2026 11:02:50 PM
6603A,N,O,04/02/2026 09:51:37 PM
6603B,N,O,04/02/2026 04:30:25 PM
6604A,N,O,04/02/2026 11:58:44 PM
6604B,N,V,04/02/2026 11:37:10 PM
6605A,N,O,04/02/2026 04:46:52 PM
6605B,N,O,04/02/2026 09:15:31 PM
6606A,N,O,04/02/2026 12:37:12 PM
6606B,N,O,04/02/2026 09:39:08 PM
6607A,N,O,04/02/2026 04:42:07 PM
6607B,N,V,04/02/2026 11:11:38 PM
6608A,N,O,04/02/2026 10:41:36 PM
6608B,N,O,04/02/2026 04:51:38 PM
6609A,N,O,04/02/2026 10:18:22 PM
6609B,N,O,04/02/2026 09:11:08 PM
6610A,N,O,04/02/2026 02:20:53 PM
6610B,N,O,04/02/2026 10:20:30 PM
6611A,N,V,04/02/2026 11:53:34 PM
6611B,N,O,04/02/2026 09:59:15 PM
6617A,N,O,04/02/2026 09:41:17 PM
6617B,N,V,04/02/2026 11:30:58 PM
6618A,N,O,04/02/2026 10:01:38 PM
6618B,N,V,04/02/2026 10:33:13 PM
6619A,N,O,04/02/2026 09:10:20 PM
6619B,N,O,04/02/2026 07:28:12 PM
6620A,N,O,04/02/2026 08:57:08 PM
6620B,N,O,04/02/2026 09:38:48 PM
6621A,N,O,04/02/2026 11:53:31 PM
6621B,N,V,04/02/2026 11:53:51 PM
6622A,N,O,04/02/2026 10:43:18 PM
6622B,N,O,04/02/2026 11:12:07 PM
6623A,N,V,04/02/2026 10:37:52 PM
6623B,N,O,04/02/2026 09:20:08 PM
6624A,N,O,04/02/2026 06:36:50 PM
6624B,N,O,04/02/2026 06:29:36 PM
6625A,N,V,04/02/2026 11:59:39 PM
6625B,N,O,04/02/2026 08:24:37 PM
6626A,N,O,04/02/2026 08:57:39 PM
6626B,N,V,04/02/2026 09:54:08 PM
6627A,N,O,04/02/2026 11:12:55 PM
6627B,N,O,04/02/2026 10:26:34 PM
6628A,N,V,04/02/2026 11:04:41 PM
6628B,N,O,04/02/2026 09:48:35 PM
6629A,N,O,04/02/2026 05:57:11 PM
6629B,N,O,04/02/2026 11:56:26 PM
6635A,N,V,04/02/2026 11:57:58 PM
6635B,N,V,04/02/2026 11:59:49 PM
6636A,N,O,04/02/2026 11:59:19 PM
6636B,N,O,04/02/2026 06:58:43 AM
6637A,N,O,04/02/2026 06:57:53 AM
6637B,N,V,04/02/2026 11:59:05 PM
6638A,N,V,04/02/2026 11:55:28 PM
6640A,N,O,04/02/2026 11:54:56 PM
6640B,N,O,04/02/2026 11:59:54 PM
6641A,N,V,04/02/2026 11:59:31 PM
6641B,N,V,04/02/2026 11:14:58 PM
6642A,N,O,04/02/2026 09:09:47 PM
6643A,N,V,04/02/2026 11:57:23 PM
6643B,N,V,04/02/2026 10:45:10 PM
6644A,N,O,04/02/2026 11:59:51 PM
6646A,N,O,04/01/2026 08:24:10 AM
6646B,N,O,04/02/2026 11:47:33 PM
6647A,N,O,04/02/2026 10:40:43 PM
6647B,N,O,04/02/2026 09:15:40 PM
6648B,N,O,04/02/2026 11:59:48 PM
6649A,N,O,04/02/2026 11:59:55 PM
6649B,N,V,04/02/2026 11:59:35 PM
6650A,N,V,04/02/2026 11:59:34 PM
6650B,N,V,04/02/2026 08:51:18 PM
6651A,N,O,04/02/2026 11:59:39 PM
6651B,N,O,04/02/2026 11:59:02 PM
6653A,N,V,04/02/2026 11:58:26 PM
6653B,N,O,04/02/2026 11:03:47 PM
6654A,N,V,04/02/2026 11:07:40 PM
6654B,N,O,04/02/2026 07:01:33 PM
6655A,N,V,04/02/2026 11:26:12 PM
6656A,N,O,04/02/2026 11:59:57 PM
6656B,N,V,04/02/2026 11:52:07 PM
6657A,N,O,04/02/2026 11:49:00 PM
6658A,N,O,01/27/2026 09:42:47 PM
6659A,N,O,04/02/2026 11:52:02 PM
6660B,N,O,04/02/2026 10:45:16 PM
6661A,N,O,04/02/2026 06:58:47 AM
6670A,N,V,04/02/2026 11:58:58 PM
6671A,N,O,04/02/2026 08:38:15 PM
6671B,N,O,04/02/2026 08:54:12 PM
6672A,N,O,04/02/2026 09:23:07 PM
6672B,N,O,04/02/2026 05:07:19 PM
6673A,N,O,04/02/2026 09:25:25 PM
6673B,N,O,04/02/2026 06:35:15 PM
6674A,N,O,04/02/2026 05:45:36 PM
6674B,N,O,04/02/2026 07:10:16 PM
6680A,N,O,04/02/2026 11:11:15 PM
6680B,N,V,04/02/2026 11:59:25 PM
6681A,N,V,04/02/2026 11:16:17 PM
6686A,N,O,04/02/2026 03:35:19 PM
6686B,N,O,04/02/2026 11:57:59 PM
6687A,N,O,04/02/2026 11:55:28 PM
6687B,N,O,04/02/2026 09:18:40 PM
6688A,N,O,04/02/2026 11:47:02 PM
6688B,N,O,04/02/2026 11:59:30 PM
6689A,N,O,04/02/2026 11:59:47 PM
6689B,N,O,04/02/2026 11:50:15 PM
6690A,N,O,04/02/2026 10:46:58 PM
6690B,N,O,04/02/2026 10:46:38 PM
6691A,N,O,04/02/2026 10:00:44 PM
6692A,N,V,04/02/2026 11:32:23 PM
6692B,N,O,04/02/2026 11:23:41 PM
6694A,N,O,04/02/2026 08:22:52 PM
6694B,N,O,04/02/2026 06:55:39 AM
6695A,N,O,04/02/2026 11:51:56 PM
6695B,N,O,04/02/2026 05:51:57 PM
6696A,N,O,04/02/2026 10:29:03 PM
6696B,N,V,04/02/2026 11:57:21 PM
6697B,N,V,04/02/2026 11:51:59 PM
6698A,N,V,04/02/2026 10:39:18 PM
6698B,N,O,04/02/2026 11:57:28 PM
6699A,N,V,04/02/2026 09:41:59 PM
6699B,N,V,04/02/2026 06:56:51 PM
66A,N,V,04/02/2026 11:50:56 PM
66B,N,V,04/02/2026 11:07:03 PM
6700A,N,V,04/02/2026 10:33:31 PM
6700B,N,V,04/02/2026 11:08:09 PM
6701A,N,V,04/02/2026 11:07:34 PM
6701B,N,O,04/02/2026 06:46:55 PM
6702A,N,V,04/02/2026 10:44:30 PM
6704A,N,V,04/02/2026 11:03:02 PM
6704B,N,V,04/02/2026 10:21:09 PM
6705A,N,O,04/02/2026 11:59:44 PM
6705B,N,V,04/02/2026 10:51:42 PM
6706A,N,O,04/02/2026 11:59:52 PM
6706B,N,V,04/02/2026 11:30:07 PM
6707A,N,V,04/02/2026 11:25:02 PM
6707B,N,O,04/02/2026 09:29:42 PM
6710A,N,V,04/02/2026 08:53:44 PM
6710B,N,V,04/02/2026 10:19:59 PM
6711A,N,V,04/02/2026 10:33:44 PM
6711B,N,V,04/02/2026 10:09:21 PM
6712A,N,O,04/02/2026 07:02:39 PM
6712B,N,O,04/02/2026 11:50:51 PM
6713A,N,O,04/02/2026 11:37:59 PM
6713B,N,O,04/02/2026 11:55:12 PM
6714B,N,V,04/02/2026 11:13:40 PM
6715A,N,O,04/02/2026 10:19:59 PM
6715B,N,O,04/02/2026 09:58:44 PM
6716A,N,O,04/02/2026 10:00:59 PM
6716B,N,V,04/02/2026 11:56:51 PM
6717B,N,O,04/02/2026 06:57:46 AM
6718A,N,O,04/02/2026 10:01:19 PM
6720A,N,O,04/02/2026 02:19:58 PM
6721A,N,O,04/02/2026 10:36:43 AM
6721B,N,O,04/02/2026 11:16:45 AM
6722A,N,O,04/02/2026 05:38:34 PM
6722B,N,O,04/02/2026 02:50:42 PM
6723A,N,O,04/02/2026 03:45:29 PM
6723B,N,O,04/02/2026 12:28:51 PM
6726B,N,O,04/02/2026 05:51:39 PM
6727B,N,O,04/02/2026 11:13:37 AM
6728A,N,O,04/02/2026 06:56:47 AM
6728B,N,O,04/02/2026 07:41:35 PM
672A,N,V,04/02/2026 10:58:17 PM
672B,N,V,04/02/2026 11:54:37 PM
6730A,N,O,04/02/2026 11:59:59 PM
6730B,N,V,04/02/2026 09:52:16 PM
6731A,N,V,04/02/2026 10:35:31 PM
6731B,N,O,04/02/2026 07:08:06 PM
6734A,N,O,04/02/2026 07:08:18 PM
6734B,N,O,04/02/2026 08:41:19 PM
6735A,N,O,04/02/2026 08:38:45 PM
6735B,N,O,04/02/2026 08:27:12 PM
6736A,N,O,04/02/2026 11:58:19 PM
6736B,N,O,04/02/2026 11:20:50 PM
6737B,N,V,04/02/2026 11:57:39 PM
6738A,N,O,04/02/2026 09:36:55 PM
6738B,N,O,04/02/2026 07:02:03 PM
6739A,N,O,04/02/2026 06:08:42 PM
6739B,N,O,04/02/2026 11:51:05 PM
673A,N,V,04/02/2026 08:47:10 PM
673B,N,O,04/02/2026 11:53:49 PM
6741A,N,O,04/02/2026 10:14:17 PM
6741B,N,O,04/02/2026 09:23:08 PM
6742A,N,O,04/02/2026 10:10:48 PM
6742B,N,O,04/02/2026 09:37:47 PM
6743A,N,O,04/02/2026 04:48:53 PM
6743B,N,O,04/02/2026 08:25:39 PM
6744A,N,V,04/02/2026 11:57:10 PM
6744B,N,O,04/02/2026 11:59:46 AM
6745A,N,V,04/02/2026 11:59:03 PM
6745B,N,O,04/02/2026 06:02:57 PM
6746A,N,O,04/02/2026 04:56:27 PM
6746B,N,V,04/02/2026 11:59:59 PM
6747A,N,V,04/02/2026 11:35:20 PM
6747B,N,V,04/02/2026 11:53:33 PM
6748A,N,V,04/02/2026 11:55:30 PM
6748B,N,O,04/02/2026 11:08:02 PM
6749A,N,V,04/02/2026 11:56:20 PM
6749B,N,O,04/02/2026 09:50:33 PM
674A,N,V,04/02/2026 05:36:20 PM
674B,N,V,04/02/2026 11:32:57 PM
6750A,N,O,04/02/2026 09:53:31 PM
6750B,N,O,04/02/2026 11:30:06 PM
6751A,N,O,04/02/2026 06:58:48 AM
6751B,N,O,04/02/2026 11:57:04 PM
6752A,N,O,04/02/2026 11:55:20 PM
6752B,N,O,04/02/2026 10:20:10 PM
6754A,N,O,04/02/2026 11:01:48 PM
6754B,N,V,04/02/2026 05:37:50 PM
6755A,N,V,04/02/2026 11:58:36 PM
6755B,N,V,04/02/2026 10:54:28 PM
6756B,N,V,04/02/2026 11:58:56 PM
6757A,N,V,04/02/2026 11:55:38 PM
6757B,N,O,04/02/2026 11:01:51 PM
6758A,N,O,04/02/2026 06:44:36 PM
6758B,N,O,04/02/2026 08:39:21 PM
675A,N,V,04/02/2026 10:28:09 PM
675B,N,V,04/02/2026 11:41:17 PM
6761A,N,O,04/02/2026 06:58:54 AM
6761B,N,O,04/02/2026 07:54:41 PM
6762A,N,O,04/02/2026 07:46:56 PM
6762B,N,O,04/02/2026 09:47:35 PM
6763A,N,O,04/02/2026 11:31:51 PM
6763B,N,V,04/02/2026 11:58:16 PM
6764A,N,V,04/02/2026 11:47:13 PM
6764B,N,O,04/02/2026 11:54:39 PM
6766A,N,O,04/02/2026 11:02:36 PM
6766B,N,O,04/02/2026 11:25:56 PM
6767A,N,V,04/02/2026 11:49:22 PM
6767B,N,V,04/02/2026 11:27:04 PM
6768A,N,O,04/02/2026 10:30:41 PM
6768B,N,V,04/02/2026 10:27:57 PM
6769A,N,O,04/02/2026 09:12:29 PM
6769B,N,O,04/02/2026 11:55:42 PM
676B,N,V,04/02/2026 11:56:30 PM
6770A,N,V,04/02/2026 11:31:04 PM
6770B,N,O,04/02/2026 10:29:50 PM
6777A,N,V,04/02/2026 11:53:12 PM
6777B,N,O,04/02/2026 11:12:46 PM
6778A,N,O,04/02/2026 11:31:23 PM
6778B,N,O,04/02/2026 11:52:12 PM
6779A,N,V,04/02/2026 11:47:47 PM
6779B,N,V,04/02/2026 11:35:13 PM
677A,N,V,04/02/2026 07:17:11 PM
677B,N,V,04/02/2026 06:02:07 PM
6780A,N,V,04/02/2026 11:21:46 PM
6780B,N,V,04/02/2026 11:21:56 PM
6781A,N,V,04/02/2026 10:41:44 PM
6781B,N,V,04/02/2026 10:31:43 PM
6782A,N,O,04/02/2026 10:11:02 PM
6782B,N,V,04/02/2026 11:11:05 PM
6783A,N,O,04/02/2026 11:12:27 PM
6783B,N,V,04/02/2026 10:59:32 PM
6784A,N,V,04/02/2026 10:55:39 PM
6784B,N,V,04/02/2026 10:22:51 PM
6785A,N,O,04/02/2026 11:59:20 PM
6785B,N,V,04/02/2026 11:15:17 PM
6786A,N,V,04/02/2026 11:37:39 PM
6786B,N,V,04/02/2026 11:24:08 PM
678A,N,V,04/02/2026 10:01:19 PM
678B,N,O,04/02/2026 09:24:36 PM
6792A,N,V,04/02/2026 11:01:21 PM
6792B,N,O,04/02/2026 06:58:00 AM
6794A,N,O,04/02/2026 10:03:09 PM
6794B,N,O,04/02/2026 04:58:37 PM
6795A,N,O,04/02/2026 10:23:58 PM
6795B,N,O,04/02/2026 10:48:19 PM
6796A,N,O,04/02/2026 06:58:53 AM
6796B,N,O,04/02/2026 10:51:27 PM
6797A,N,O,04/02/2026 11:48:35 PM
6797B,N,O,04/02/2026 08:23:33 AM
6798A,N,O,04/02/2026 09:59:40 PM
6798B,N,O,04/02/2026 10:07:05 PM
679A,N,V,04/02/2026 09:24:52 PM
679B,N,V,04/02/2026 04:14:09 PM
67A,N,V,04/02/2026 11:49:12 PM
6800A,N,O,04/02/2026 11:57:23 AM
6800B,N,O,04/02/2026 11:57:23 AM
6801A,N,O,04/02/2026 11:21:58 PM
6801B,N,O,04/02/2026 10:25:44 PM
6804A,N,O,01/17/2026 04:50:47 PM
6804B,N,O,04/02/2026 06:28:09 PM
6805A,N,O,04/02/2026 05:44:21 PM
6805B,N,O,04/02/2026 04:02:13 PM
6806A,N,O,04/02/2026 05:47:31 PM
6806B,N,O,04/02/2026 11:27:36 PM
6807A,N,O,04/02/2026 10:05:19 PM
6807B,N,O,04/02/2026 11:21:57 PM
6808A,N,O,04/02/2026 11:26:12 PM
6808B,N,O,04/02/2026 11:45:26 PM
6809A,N,O,04/02/2026 11:42:10 PM
6809B,N,O,04/02/2026 11:38:31 PM
680A,N,V,04/02/2026 05:40:57 PM
680B,N,V,04/02/2026 06:36:58 PM
6810A,N,O,04/02/2026 05:10:06 PM
6810B,N,O,04/02/2026 08:35:54 PM
6811A,N,O,04/02/2026 11:09:17 PM
6811B,N,O,04/02/2026 11:51:45 PM
6812B,N,O,04/02/2026 11:58:24 PM
6813A,N,V,04/02/2026 11:58:32 PM
6813B,N,V,04/02/2026 11:46:40 PM
6814B,N,O,04/02/2026 11:06:14 PM
6815A,N,V,04/02/2026 11:55:47 PM
6815B,N,V,04/02/2026 07:57:04 PM
681A,N,V,04/02/2026 06:10:16 PM
681B,N,V,04/02/2026 11:57:03 PM
6820A,N,O,04/02/2026 11:34:23 PM
6820B,N,O,04/02/2026 05:46:56 PM
6822A,N,O,04/02/2026 10:53:05 PM
6822B,N,O,04/02/2026 07:59:05 PM
6823A,N,O,04/02/2026 10:42:31 PM
6823B,N,O,04/02/2026 04:00:52 PM
6824A,N,O,04/02/2026 11:37:31 PM
6824B,N,O,04/02/2026 09:05:23 PM
6825A,N,O,04/02/2026 11:40:41 PM
6825B,N,O,04/02/2026 12:49:02 PM
6826A,N,O,04/02/2026 11:49:36 PM
6828A,N,O,04/02/2026 06:31:21 PM
6828B,N,O,04/02/2026 06:56:42 AM
6829A,N,O,04/02/2026 07:12:33 PM
6829B,N,V,04/02/2026 11:48:06 PM
682A,N,V,04/02/2026 06:19:44 PM
682B,N,V,04/02/2026 09:55:10 PM
6830A,N,O,04/02/2026 06:36:38 PM
6830B,N,V,04/02/2026 11:49:48 PM
6831A,N,O,04/02/2026 05:35:22 PM
6831B,N,O,04/02/2026 10:41:48 PM
6832A,N,O,04/02/2026 11:08:57 PM
6832B,N,V,04/02/2026 11:45:11 PM
6833A,N,O,04/02/2026 06:06:50 PM
6833B,N,O,04/02/2026 11:56:04 PM
6834A,N,V,04/02/2026 11:19:28 PM
6834B,N,V,04/02/2026 11:28:39 PM
6835A,N,O,04/02/2026 11:58:49 PM
6835B,N,O,04/02/2026 11:31:36 PM
6836A,N,O,04/02/2026 09:47:28 AM
6836B,N,O,04/02/2026 03:49:22 PM
6838A,N,O,04/02/2026 11:29:13 PM
6838B,N,O,04/02/2026 11:45:56 PM
6839A,N,O,04/02/2026 11:59:00 PM
6839B,N,O,04/02/2026 06:55:41 AM
683A,N,V,04/02/2026 04:52:17 PM
683B,N,V,04/02/2026 03:15:14 PM
6840A,N,O,04/02/2026 09:37:49 PM
6840B,N,O,04/02/2026 11:49:33 PM
6841A,N,O,04/02/2026 06:26:29 PM
6841B,N,O,04/02/2026 05:27:38 PM
6842A,N,O,04/02/2026 10:50:57 PM
6842B,N,O,04/02/2026 10:09:03 PM
6843A,N,O,04/02/2026 10:32:42 PM
6843B,N,O,04/02/2026 09:36:54 PM
684A,N,V,04/02/2026 10:05:05 PM
684B,N,O,04/02/2026 09:56:58 PM
685A,N,V,04/02/2026 10:36:13 PM
685B,N,O,04/02/2026 11:59:51 PM
6861A,N,O,04/02/2026 09:44:12 PM
6861B,N,O,04/02/2026 11:43:52 PM
6862A,N,O,04/02/2026 09:52:39 PM
6862B,N,O,04/02/2026 06:57:53 AM
6863A,N,V,04/02/2026 11:43:02 PM
6863B,N,O,04/02/2026 10:12:25 PM
6864A,N,O,04/02/2026 11:06:54 PM
6864B,N,O,04/02/2026 11:50:25 PM
6865A,N,O,04/02/2026 10:07:25 PM
6865B,N,V,04/02/2026 11:53:45 PM
6866A,N,O,04/02/2026 11:27:42 PM
6866B,N,O,04/02/2026 10:21:51 PM
6867A,N,O,04/02/2026 11:19:30 PM
6867B,N,V,04/02/2026 11:54:39 PM
6868A,N,O,04/02/2026 06:56:50 AM
6868B,N,V,04/02/2026 11:59:59 PM
6869A,N,O,04/02/2026 10:30:45 PM
6869B,N,O,04/02/2026 10:46:49 PM
686A,N,O,04/02/2026 06:58:46 AM
686B,N,V,04/02/2026 10:53:52 PM
6870A,N,O,04/02/2026 10:14:27 PM
6870B,N,O,04/02/2026 11:59:12 PM
6871A,N,V,04/02/2026 11:52:36 PM
6871B,N,V,04/02/2026 11:57:32 PM
687A,N,V,04/02/2026 10:53:50 PM
687B,N,V,04/02/2026 10:25:14 PM
6881A,N,V,04/02/2026 11:53:03 PM
6881B,N,O,04/02/2026 11:59:57 PM
6882A,N,V,04/02/2026 11:38:21 PM
6882B,N,O,04/02/2026 09:35:49 PM
6883A,NU,O,04/02/2026 10:00:33 PM
6884A,N,O,04/02/2026 07:55:44 AM
6884B,N,O,03/30/2026 07:55:49 AM
6885A,N,O,04/02/2026 06:38:39 PM
6885B,N,V,04/02/2026 11:28:27 PM
6886B,N,V,04/02/2026 11:54:39 PM
6888A,N,V,04/02/2026 11:58:03 PM
6888B,N,V,04/02/2026 11:35:25 PM
6889A,N,V,04/02/2026 11:16:29 PM
6889B,N,V,04/02/2026 11:40:38 PM
688A,N,O,04/02/2026 11:53:26 PM
688B,N,O,04/02/2026 11:42:52 PM
6890A,NU,V,04/02/2026 11:47:15 PM
6890B,NU,O,04/02/2026 09:51:03 PM
6891A,N,V,04/02/2026 10:19:33 PM
6891B,N,O,04/02/2026 08:57:48 AM
6892A,N,O,04/02/2026 06:46:14 PM
689A,N,O,04/02/2026 06:55:38 PM
689B,N,O,04/02/2026 11:12:36 PM
690A,N,V,04/02/2026 11:57:22 PM
690B,N,O,04/02/2026 11:37:21 PM
6918A,N,O,04/02/2026 11:38:09 PM
6918B,N,O,04/02/2026 11:05:13 PM
6919A,N,V,04/02/2026 11:03:23 PM
6919B,N,O,04/02/2026 11:57:56 PM
691A,N,O,04/02/2026 10:55:13 PM
691B,N,O,04/02/2026 11:58:50 PM
6920A,N,O,04/02/2026 11:59:36 PM
6920B,N,O,04/02/2026 08:53:23 PM
6921A,N,O,04/02/2026 11:34:33 PM
6921B,N,O,04/02/2026 10:23:30 PM
6922A,N,O,04/02/2026 11:53:26 PM
6922B,N,O,04/02/2026 09:17:50 PM
6923A,N,V,04/02/2026 11:59:46 PM
6923B,N,O,04/02/2026 10:39:08 PM
6924B,N,O,04/02/2026 11:15:40 PM
692A,N,V,04/02/2026 10:06:20 PM
692B,N,V,04/02/2026 10:24:11 PM
6930B,N,O,04/02/2026 06:19:02 PM
6931A,N,O,04/02/2026 10:33:52 PM
6931B,N,O,04/02/2026 06:58:57 AM
6932A,N,V,04/02/2026 11:50:35 PM
6932B,N,O,04/02/2026 09:36:17 PM
6933A,N,O,04/02/2026 10:33:59 PM
6933B,N,O,04/02/2026 08:55:19 PM
6934A,N,O,04/02/2026 05:45:40 PM
6934B,N,O,04/02/2026 11:53:25 PM
6935A,N,O,04/02/2026 10:22:58 PM
6935B,N,O,04/02/2026 09:23:20 PM
6936A,N,V,04/02/2026 11:20:43 PM
6936B,N,V,04/02/2026 11:55:30 PM
6937A,N,O,04/02/2026 04:25:05 PM
6937B,N,O,04/02/2026 04:45:06 PM
6938A,N,O,04/02/2026 09:59:02 PM
6939A,N,V,04/02/2026 11:27:05 PM
6939B,N,V,04/02/2026 11:58:57 PM
693A,N,V,04/02/2026 11:50:07 PM
693B,N,V,04/02/2026 10:14:05 PM
6940A,N,V,04/02/2026 11:35:18 PM
6940B,N,V,04/02/2026 11:22:24 PM
6941A,N,V,04/02/2026 11:59:21 PM
6941B,N,V,04/02/2026 11:17:45 PM
6942A,N,O,04/02/2026 09:47:15 PM
6942B,N,O,04/02/2026 10:47:14 PM
6943A,N,V,04/02/2026 11:18:19 PM
6943B,N,V,04/02/2026 11:36:26 PM
6944A,N,O,04/02/2026 11:10:44 PM
6945A,N,O,04/02/2026 11:19:43 PM
6945B,N,V,04/02/2026 11:19:36 PM
6946A,N,O,04/02/2026 11:58:06 PM
6946B,N,O,04/02/2026 11:59:03 PM
6947A,N,O,04/02/2026 11:46:37 PM
6947B,N,V,04/02/2026 05:30:35 PM
6948A,N,O,04/02/2026 11:59:52 PM
6948B,N,O,04/02/2026 04:31:27 PM
6949A,N,O,04/02/2026 06:55:57 AM
6949B,N,V,04/02/2026 10:34:43 PM
694A,N,V,04/02/2026 11:59:52 PM
694B,N,V,04/02/2026 08:08:23 PM
6950A,N,V,04/02/2026 10:36:21 PM
6950B,N,V,04/02/2026 10:51:58 PM
6951A,N,V,04/02/2026 10:02:44 PM
6951B,N,V,04/02/2026 10:22:28 PM
6952A,N,O,04/02/2026 09:38:46 PM
6954A,N,O,04/02/2026 10:54:54 PM
6954B,N,V,04/02/2026 11:00:08 PM
6955A,N,O,04/02/2026 03:41:42 PM
6955B,N,V,04/02/2026 11:13:43 PM
6956A,N,V,04/02/2026 09:31:08 PM
6956B,N,V,04/02/2026 10:32:44 PM
6957A,N,O,04/02/2026 07:01:17 PM
6957B,N,V,04/02/2026 11:57:55 PM
6958A,N,O,04/02/2026 11:41:08 PM
6958B,N,V,04/02/2026 11:43:23 PM
6959A,N,V,04/02/2026 10:51:36 PM
6959B,N,O,04/02/2026 07:55:46 AM
695A,N,V,04/02/2026 09:48:55 PM
695B,N,O,04/02/2026 07:03:55 PM
696A,N,O,04/02/2026 10:46:13 PM
696B,N,V,04/02/2026 10:47:49 PM
697A,N,V,04/02/2026 01:46:59 PM
697B,N,V,04/02/2026 11:51:32 PM
6980B,N,O,04/02/2026 08:26:49 PM
6981A,N,O,04/02/2026 04:18:41 PM
6981B,N,O,04/02/2026 09:54:12 PM
6984A,N,O,04/02/2026 11:34:02 PM
6984B,N,O,04/02/2026 11:34:43 PM
6985A,N,O,04/02/2026 11:23:18 PM
6985B,N,O,04/02/2026 11:31:19 PM
6986A,N,O,04/02/2026 11:29:39 PM
698A,N,V,04/02/2026 04:27:52 PM
698B,N,V,04/02/2026 03:39:59 PM
699A,N,V,04/02/2026 02:06:12 PM
699B,N,V,04/02/2026 02:12:25 PM
6B,N,V,04/02/2026 11:54:44 PM
7009A,N,O,04/02/2026 11:46:37 PM
7009B,N,O,04/02/2026 10:49:44 PM
700B,N,V,01/12/2026 11:56:44 PM
7010A,N,O,04/02/2026 10:04:42 PM
7010B,N,O,04/02/2026 11:44:08 PM
7011A,N,O,04/02/2026 11:56:38 PM
7011B,N,V,04/02/2026 11:27:32 PM
7012A,N,O,04/02/2026 09:57:38 PM
7012B,N,O,04/02/2026 09:37:02 PM
7013A,N,O,04/02/2026 10:47:50 PM
7013B,N,O,04/02/2026 04:29:45 PM
7014A,N,O,04/02/2026 09:50:47 PM
7014B,N,O,04/02/2026 09:36:24 PM
701A,N,O,04/02/2026 06:58:56 AM
702A,N,O,04/02/2026 06:19:32 PM
702B,N,V,04/02/2026 11:49:17 PM
7032A,N,O,04/02/2026 11:19:20 PM
7033A,N,O,04/02/2026 11:37:06 PM
7033B,N,O,04/02/2026 11:30:53 PM
7034B,N,O,04/02/2026 11:21:08 PM
703A,N,O,04/02/2026 06:32:01 AM
703B,N,O,04/02/2026 05:13:03 PM
7043A,N,O,04/02/2026 08:43:07 PM
7044A,N,O,04/02/2026 11:37:46 PM
7044B,N,O,04/02/2026 01:37:09 PM
7045A,N,O,04/02/2026 07:37:36 PM
7045B,N,O,04/02/2026 10:58:44 PM
7046A,N,O,04/02/2026 10:34:31 PM
7046B,N,O,04/02/2026 10:57:25 PM
7047A,N,O,04/02/2026 09:44:44 PM
7047B,N,O,04/02/2026 01:50:50 PM
7048A,N,O,04/02/2026 11:27:02 PM
7048B,N,O,04/02/2026 11:45:12 PM
7049A,N,O,04/02/2026 11:27:45 PM
7049B,N,O,04/02/2026 07:43:56 PM
7050A,N,O,04/02/2026 08:11:30 PM
7050B,N,O,04/02/2026 09:07:20 PM
7051A,N,O,04/02/2026 11:36:07 PM
7051B,N,O,04/02/2026 11:40:06 PM
7052A,N,O,04/02/2026 11:41:30 PM
7052B,N,O,04/02/2026 11:20:00 PM
7053A,N,O,04/02/2026 06:56:52 AM
7053B,N,O,04/02/2026 08:57:55 AM
7054A,N,O,04/02/2026 06:27:56 PM
7054B,N,O,04/02/2026 11:53:20 PM
7055A,N,O,04/02/2026 10:47:48 PM
7055B,N,O,04/02/2026 11:18:49 PM
7056A,N,O,04/02/2026 11:07:19 PM
7056B,N,O,04/02/2026 11:30:02 PM
7057A,N,O,04/02/2026 06:35:00 PM
7057B,N,V,04/02/2026 10:32:32 PM
7067A,N,O,04/02/2026 10:50:32 PM
7067B,N,O,04/02/2026 11:41:46 PM
7068A,N,O,04/02/2026 09:58:48 PM
7068B,N,O,04/02/2026 09:52:42 PM
7069A,N,O,04/02/2026 07:04:40 PM
7069B,N,O,04/02/2026 11:50:21 PM
7070A,N,O,04/02/2026 06:59:50 AM
7070B,N,O,04/02/2026 10:46:12 PM
7071B,N,O,04/02/2026 10:29:27 PM
7072B,N,O,04/02/2026 07:50:52 AM
7073B,N,O,04/02/2026 09:52:36 PM
7074B,N,O,04/02/2026 11:52:27 PM
7075A,N,O,04/02/2026 11:58:18 PM
7083A,N,O,04/02/2026 09:13:49 PM
7083B,N,O,04/02/2026 08:12:24 PM
7084A,N,O,04/02/2026 08:42:41 PM
7084B,N,O,04/02/2026 07:53:21 PM
7085A,N,O,04/02/2026 07:02:49 PM
7085B,N,O,04/02/2026 11:02:41 PM
7086A,N,O,08/05/2025 01:23:48 PM
7086B,N,O,04/02/2026 06:52:27 PM
7087A,N,O,04/02/2026 11:15:54 PM
7087B,N,O,04/02/2026 07:21:47 PM
7088A,N,O,04/02/2026 06:42:36 PM
7088B,N,O,04/02/2026 10:37:18 PM
7095B,N,O,04/02/2026 08:11:14 PM
7096A,N,O,04/02/2026 03:52:24 PM
7096B,N,O,04/02/2026 08:28:50 AM
70A,N,O,04/02/2026 11:53:39 PM
70B,N,V,04/02/2026 11:35:04 PM
7103A,N,O,04/02/2026 06:56:47 AM
7103B,N,O,04/02/2026 10:58:10 PM
7104A,N,O,04/02/2026 06:55:46 AM
7104B,N,O,04/02/2026 11:47:49 PM
7105A,N,O,04/02/2026 06:59:50 AM
7105B,N,O,04/02/2026 01:18:30 PM
7106A,N,O,04/02/2026 11:49:52 PM
7106B,N,O,04/02/2026 06:58:47 AM
7111A,N,O,04/02/2026 11:51:24 PM
7112A,N,O,04/02/2026 09:34:39 AM
7112B,N,O,04/02/2026 11:31:23 PM
7113A,N,O,04/02/2026 11:29:06 PM
7113B,N,O,04/02/2026 11:56:21 PM
7114A,N,O,04/02/2026 11:15:42 PM
7114B,N,O,04/02/2026 09:48:49 PM
7116A,N,O,04/02/2026 08:28:52 AM
7116B,N,V,04/02/2026 12:25:45 PM
7117A,N,O,04/02/2026 08:28:06 AM
7117B,N,O,04/02/2026 08:59:55 AM
7118A,N,O,04/02/2026 05:11:40 PM
7118B,N,O,04/02/2026 07:33:17 PM
7119A,N,O,04/02/2026 03:47:49 PM
7119B,N,O,04/02/2026 08:25:46 AM
711A,N,V,04/02/2026 10:50:16 PM
711B,N,V,04/02/2026 09:59:47 PM
7120A,N,O,04/02/2026 05:10:50 PM
7121A,N,V,04/02/2026 11:58:03 PM
7122A,N,O,04/02/2026 06:27:29 PM
7122B,N,V,04/02/2026 10:35:06 PM
7123A,N,O,04/02/2026 07:56:39 PM
7123B,N,O,04/02/2026 11:07:12 PM
7124A,N,O,04/02/2026 08:38:37 PM
7124B,N,O,04/02/2026 07:22:08 PM
7125A,N,O,04/02/2026 07:45:52 PM
7125B,N,O,04/02/2026 11:59:47 PM
7126A,N,O,04/02/2026 05:19:28 PM
7126B,N,O,04/02/2026 11:55:40 PM
7127A,N,O,04/02/2026 12:26:40 PM
7127B,N,O,04/02/2026 03:08:48 PM
7128A,N,O,04/02/2026 07:18:41 PM
7128B,N,O,04/02/2026 08:34:43 PM
7129A,N,O,04/02/2026 05:56:03 PM
7129B,N,O,04/02/2026 04:26:11 PM
712A,N,O,04/02/2026 06:50:10 PM
712B,N,V,04/02/2026 09:59:38 PM
7130A,N,O,04/02/2026 08:41:30 PM
7130B,N,O,04/02/2026 08:29:51 PM
7131A,N,O,04/02/2026 10:45:56 PM
7131B,N,O,04/02/2026 07:42:53 PM
7132B,N,O,04/02/2026 08:43:36 PM
7133A,N,O,04/02/2026 06:30:44 PM
7133B,N,O,04/02/2026 08:54:34 PM
7134A,N,O,04/02/2026 06:14:59 PM
7134B,N,O,04/02/2026 08:16:48 PM
7135A,N,O,04/02/2026 07:12:47 PM
7135B,N,O,04/02/2026 08:53:39 PM
7136A,N,O,04/02/2026 08:10:19 PM
7136B,N,V,04/02/2026 05:08:14 PM
7137A,N,O,04/02/2026 05:59:00 PM
7137B,N,O,04/02/2026 09:34:56 PM
7138A,N,O,04/02/2026 05:45:20 PM
7179A,N,O,04/02/2026 11:47:35 PM
7179B,N,V,04/02/2026 08:18:29 PM
7180A,N,O,04/02/2026 08:57:56 PM
7180B,N,O,04/02/2026 07:12:44 PM
7181A,N,O,04/02/2026 07:59:16 AM
7181B,N,O,04/02/2026 11:58:54 PM
7182A,N,O,04/02/2026 04:48:27 PM
7182B,N,O,04/02/2026 04:06:27 PM
7183A,N,O,04/02/2026 03:28:20 PM
7183B,N,O,04/02/2026 04:37:53 PM
718A,N,O,04/02/2026 09:55:27 PM
718B,N,V,04/02/2026 09:50:59 PM
7191A,N,O,04/02/2026 10:35:54 PM
7191B,N,V,04/02/2026 11:59:40 PM
7192A,N,O,04/02/2026 05:58:42 PM
7192B,N,O,04/02/2026 08:02:55 PM
7193A,N,O,04/02/2026 07:18:37 PM
7193B,N,O,04/02/2026 07:16:04 PM
7194A,N,O,04/02/2026 10:39:22 PM
7194B,N,O,04/02/2026 11:31:03 PM
7195A,N,O,04/02/2026 09:37:45 PM
7195B,N,O,04/02/2026 08:32:09 PM
7196A,N,O,04/02/2026 05:58:26 PM
7196B,N,O,04/02/2026 09:50:43 PM
719A,N,O,04/02/2026 08:34:34 PM
719B,N,O,04/02/2026 04:31:02 PM
71A,N,O,04/02/2026 11:04:18 PM
71B,N,O,04/02/2026 08:39:04 PM
7213B,N,O,04/02/2026 11:03:53 PM
7214A,N,O,04/02/2026 10:43:11 PM
7214B,N,O,04/02/2026 06:48:42 PM
7215A,N,O,04/02/2026 11:11:12 PM
7215B,N,O,04/02/2026 01:51:29 PM
7216A,N,O,04/02/2026 10:31:53 PM
7216B,N,O,04/02/2026 11:29:22 AM
7217A,N,V,04/02/2026 11:57:16 PM
7217B,N,O,04/02/2026 10:31:37 PM
7218A,N,O,04/02/2026 05:09:18 PM
721A,N,V,04/02/2026 10:51:27 PM
721B,N,V,04/02/2026 11:59:33 PM
7222A,N,O,04/02/2026 08:31:18 PM
7222B,N,O,04/02/2026 10:06:42 PM
7223A,N,O,09/26/2025 08:08:09 AM
7223B,N,O,04/02/2026 11:16:10 PM
7224A,N,O,04/02/2026 07:13:36 PM
7226A,N,V,04/02/2026 11:12:38 PM
7226B,N,V,04/02/2026 10:42:34 PM
7227A,N,V,04/02/2026 09:48:19 PM
7227B,N,V,04/02/2026 10:52:50 PM
7228B,N,O,04/02/2026 10:28:53 PM
7229A,N,O,04/02/2026 03:16:39 PM
7229B,N,O,04/02/2026 06:23:14 PM
7230A,N,O,04/02/2026 10:09:23 PM
7230B,N,O,04/02/2026 10:08:08 PM
7231A,N,O,04/02/2026 06:14:43 PM
7231B,N,O,04/02/2026 08:17:40 PM
7232A,N,V,04/02/2026 07:22:44 PM
7232B,N,V,04/02/2026 08:51:47 PM
7233A,N,V,04/02/2026 06:46:20 PM
7233B,N,O,04/02/2026 11:59:47 PM
7234A,N,V,04/02/2026 11:59:14 PM
7234B,N,V,04/02/2026 10:57:02 PM
7235A,N,O,04/02/2026 06:59:59 AM
7235B,N,O,04/02/2026 04:54:26 PM
7236B,N,O,04/02/2026 07:00:09 AM
724A,N,O,04/02/2026 07:29:55 PM
724B,N,O,04/02/2026 07:00:20 PM
725A,N,V,04/02/2026 10:03:25 PM
725B,N,V,04/02/2026 10:00:58 PM
726A,N,O,04/02/2026 08:12:27 PM
726B,N,O,04/02/2026 11:23:35 PM
72A,N,O,04/02/2026 10:39:15 PM
72B,N,O,04/02/2026 11:17:54 PM
730A,N,O,04/02/2026 11:52:19 PM
730B,N,O,04/02/2026 10:37:37 PM
731A,NU,O,04/02/2026 10:26:20 PM
731B,NU,O,04/02/2026 07:50:24 PM
7321A,N,O,04/02/2026 09:57:03 PM
7322A,N,O,04/02/2026 05:18:18 PM
7322B,N,O,04/02/2026 07:56:47 PM
7323A,N,O,04/02/2026 02:54:55 PM
7323B,N,O,04/02/2026 05:53:19 PM
7326A,N,O,04/02/2026 07:30:37 PM
7326B,N,O,04/02/2026 05:11:17 PM
7327B,N,O,04/02/2026 07:38:08 PM
7329A,N,O,04/02/2026 10:38:13 PM
7329B,N,O,04/02/2026 08:06:43 AM
732A,N,O,04/02/2026 06:58:18 PM
732B,N,O,04/02/2026 09:13:43 AM
7330A,N,O,04/02/2026 07:59:43 AM
7330B,N,O,04/02/2026 11:07:10 PM
733A,N,O,04/02/2026 02:12:58 PM
733B,N,O,04/02/2026 03:40:55 PM
734A,N,O,04/01/2026 04:07:59 PM
734B,N,V,04/02/2026 11:58:12 PM
735A,N,V,04/02/2026 11:59:24 PM
7361A,N,O,04/02/2026 06:58:44 AM
7361B,N,O,04/02/2026 06:58:53 AM
7362A,N,O,04/02/2026 06:57:46 AM
7363A,N,O,04/02/2026 06:56:44 AM
7363B,N,O,04/02/2026 11:53:52 PM
7364A,N,O,04/02/2026 06:55:53 AM
7364B,N,O,04/02/2026 06:55:46 AM
7365A,N,O,04/02/2026 06:59:43 AM
7365B,N,O,04/02/2026 12:10:24 PM
7366A,N,O,04/02/2026 11:23:35 AM
7366B,N,O,04/02/2026 11:23:35 AM
7367A,N,O,04/02/2026 06:57:52 AM
7367B,N,O,04/02/2026 06:57:45 AM
7368A,N,O,04/02/2026 03:12:24 PM
7368B,N,O,04/02/2026 08:35:38 PM
7369A,N,O,04/02/2026 06:55:45 AM
736A,N,O,04/02/2026 07:00:11 PM
736B,N,V,04/02/2026 10:00:09 PM
7370A,N,O,04/02/2026 11:04:39 AM
7370B,N,O,04/02/2026 11:55:44 PM
7371A,N,O,04/02/2026 06:58:40 AM
7371B,N,O,04/02/2026 11:53:49 PM
7372A,N,O,04/02/2026 02:56:30 PM
7373B,N,O,04/02/2026 06:13:36 PM
7374A,N,O,04/02/2026 11:11:42 PM
7374B,N,O,04/02/2026 06:55:52 AM
7375A,N,O,04/02/2026 09:44:28 AM
7375B,N,O,04/02/2026 11:51:19 AM
7376A,N,O,04/02/2026 05:45:22 PM
7376B,N,O,04/02/2026 07:00:41 AM
7377A,N,O,04/02/2026 06:57:53 AM
7377B,N,O,04/02/2026 04:46:46 PM
7378A,N,O,04/02/2026 06:56:45 AM
7378B,N,O,04/02/2026 09:47:18 PM
7379A,N,O,04/02/2026 09:01:02 PM
737A,N,O,04/02/2026 10:50:12 PM
737B,N,O,04/02/2026 06:45:23 PM
7387A,N,O,04/02/2026 08:59:29 PM
7387B,N,O,04/02/2026 06:57:47 AM
7388A,N,O,04/02/2026 06:56:50 AM
7388B,N,O,04/02/2026 06:56:50 AM
7389A,N,O,04/02/2026 07:55:49 PM
7389B,N,O,04/02/2026 03:27:16 PM
738A,N,O,04/02/2026 09:24:04 AM
738B,N,V,04/02/2026 11:57:49 PM
7390A,N,O,04/02/2026 02:05:12 PM
7390B,N,O,04/02/2026 07:03:30 PM
7391B,N,O,04/02/2026 07:44:30 PM
7392A,N,O,04/02/2026 06:58:25 AM
7393A,N,O,04/02/2026 05:13:44 PM
7393B,N,O,04/02/2026 12:04:49 PM
7394A,N,O,04/02/2026 01:32:59 PM
7394B,N,O,04/02/2026 06:56:14 AM
7395A,N,O,04/02/2026 01:31:46 PM
7395B,N,O,04/02/2026 03:35:04 PM
739A,N,O,04/02/2026 11:55:51 PM
739B,N,V,04/02/2026 11:45:03 PM
73A,N,O,04/02/2026 08:19:52 PM
73B,N,O,04/02/2026 11:57:39 PM
7400A,N,O,04/02/2026 11:58:53 PM
7400B,N,O,04/02/2026 08:29:53 AM
7401A,N,O,04/02/2026 09:59:03 AM
7401B,N,O,04/02/2026 08:28:54 AM
7402A,N,O,04/02/2026 05:39:46 PM
7402B,N,V,04/03/2026 12:00:03 AM
7403B,N,O,04/02/2026 08:35:35 PM
7407A,N,O,04/02/2026 10:17:13 PM
7407B,N,O,04/02/2026 08:27:57 PM
7408A,N,O,04/02/2026 09:47:15 PM
7408B,N,O,04/02/2026 09:13:34 PM
7409A,N,O,04/02/2026 09:07:32 PM
740A,N,V,04/02/2026 11:02:28 PM
740B,N,V,04/02/2026 10:21:55 PM
7411A,N,O,04/02/2026 10:03:27 PM
7411B,N,V,04/02/2026 11:53:31 PM
7412A,N,O,04/02/2026 09:17:34 PM
7413A,N,V,04/02/2026 11:54:07 PM
7413B,N,O,04/02/2026 10:10:42 PM
7414B,N,O,04/02/2026 10:36:26 PM
741A,N,V,04/02/2026 10:31:57 PM
7425A,N,O,04/02/2026 10:47:51 PM
7426B,N,O,04/02/2026 03:30:17 PM
7427A,N,O,04/01/2026 05:26:40 PM
7427B,N,O,04/02/2026 04:43:06 PM
7428B,N,O,04/02/2026 07:06:57 PM
7429A,N,O,04/02/2026 05:12:29 PM
7429B,N,O,04/02/2026 05:46:18 PM
742A,N,V,04/02/2026 11:11:07 PM
742B,N,O,04/02/2026 06:57:49 AM
7431A,N,O,04/02/2026 07:39:41 PM
7431B,N,O,04/02/2026 08:28:41 AM
7432A,N,O,04/02/2026 08:27:45 AM
7432B,N,O,04/02/2026 08:27:45 AM
7433A,N,O,04/02/2026 10:44:54 AM
7433B,N,O,04/02/2026 08:26:42 AM
7434B,N,O,04/02/2026 08:45:55 PM
7435A,N,O,04/02/2026 08:30:50 AM
7435B,N,O,04/02/2026 09:36:11 PM
7436A,N,O,04/02/2026 08:31:05 AM
7436B,N,O,04/02/2026 05:06:47 PM
7437A,N,O,04/02/2026 04:44:24 PM
7438A,N,O,04/02/2026 11:44:50 AM
7438B,N,O,04/02/2026 03:39:38 PM
7439A,N,O,04/02/2026 10:03:24 AM
7439B,N,O,04/02/2026 09:06:11 AM
743A,N,O,04/01/2026 05:54:54 PM
743B,N,O,04/02/2026 06:56:52 AM
7440A,N,O,04/02/2026 05:34:19 PM
7440B,N,O,04/02/2026 10:00:15 PM
7441A,N,O,04/02/2026 07:17:35 PM
7441B,N,O,04/02/2026 07:11:27 PM
7442A,N,O,04/02/2026 08:49:50 PM
7443A,N,O,04/02/2026 03:56:50 PM
7443B,N,O,04/02/2026 08:26:46 AM
7447A,N,O,04/02/2026 10:57:23 PM
7447B,N,O,04/02/2026 09:39:20 PM
744A,N,O,04/02/2026 06:55:45 AM
744B,N,V,04/02/2026 11:59:35 PM
7450A,N,O,04/02/2026 10:17:08 PM
7451A,N,O,04/02/2026 09:20:24 PM
7451B,N,O,04/02/2026 11:12:30 PM
7452A,N,O,04/02/2026 07:39:29 PM
745A,N,V,04/02/2026 10:47:29 PM
745B,N,O,04/02/2026 08:58:24 PM
7461A,N,V,04/02/2026 10:56:54 PM
7462A,N,O,04/02/2026 11:01:49 PM
7462B,N,O,04/02/2026 10:48:33 PM
7463A,N,O,04/02/2026 06:17:44 PM
7463B,N,O,04/02/2026 05:51:13 PM
7464A,N,O,04/02/2026 05:23:47 PM
7464B,N,O,04/02/2026 04:58:58 PM
7467A,N,O,04/02/2026 11:35:31 PM
7467B,N,O,04/02/2026 11:37:57 PM
746A,N,O,04/02/2026 09:48:30 PM
746B,N,V,04/02/2026 10:45:52 PM
7473B,N,O,04/02/2026 04:14:56 PM
7474A,N,O,04/02/2026 12:14:03 PM
7475A,N,O,04/02/2026 02:43:47 PM
7475B,N,O,04/02/2026 11:35:17 AM
7476A,N,O,04/02/2026 11:20:16 PM
7476B,N,O,04/02/2026 11:44:11 PM
7477A,N,O,04/02/2026 11:58:02 PM
7478A,N,V,04/02/2026 11:48:10 PM
7478B,N,V,04/02/2026 11:46:05 PM
7479A,N,V,04/02/2026 11:09:15 PM
7479B,N,V,04/02/2026 11:18:08 PM
747B,N,O,04/02/2026 04:44:04 PM
7480A,N,V,04/02/2026 11:57:07 PM
7480B,N,V,04/02/2026 11:09:23 PM
7481B,N,V,04/02/2026 10:56:24 PM
748A,N,O,04/02/2026 06:56:52 AM
748B,N,O,04/02/2026 11:20:08 AM
749A,N,O,04/02/2026 11:48:49 PM
74A,N,O,04/02/2026 09:33:06 PM
74B,N,V,04/02/2026 11:57:25 PM
7507A,N,O,04/02/2026 08:37:03 PM
7507B,N,O,04/02/2026 11:37:35 PM
7508A,N,O,04/02/2026 09:54:49 PM
7508B,N,V,04/02/2026 11:59:50 PM
7509A,N,O,04/02/2026 07:30:41 PM
7509B,N,O,04/02/2026 09:41:18 PM
750A,N,O,04/02/2026 05:48:54 PM
750B,N,O,04/02/2026 06:59:48 AM
7510A,N,O,04/02/2026 07:48:16 PM
7510B,N,O,04/02/2026 08:04:20 PM
7511A,N,O,04/02/2026 11:15:24 PM
7511B,N,O,04/02/2026 08:34:17 PM
7512A,N,O,04/02/2026 10:14:49 PM
7512B,N,O,04/02/2026 11:22:29 PM
7513A,N,V,04/02/2026 10:48:53 PM
7513B,N,O,04/02/2026 11:17:40 PM
7514A,N,V,04/02/2026 11:59:37 PM
7514B,N,V,04/02/2026 11:56:06 PM
7516A,N,V,04/02/2026 08:08:14 PM
7516B,N,V,04/02/2026 07:47:04 PM
7517A,N,V,04/02/2026 11:59:37 PM
7518A,N,V,04/02/2026 11:59:47 PM
7518B,N,V,04/02/2026 11:05:30 PM
7519A,N,O,04/02/2026 08:36:52 PM
7519B,N,O,04/02/2026 04:21:47 PM
751A,N,V,04/02/2026 11:52:39 PM
751B,N,O,04/02/2026 11:15:55 PM
7520B,N,V,04/02/2026 10:11:40 PM
7521A,N,O,04/02/2026 06:58:50 AM
7521B,N,V,04/02/2026 04:04:01 PM
7522A,N,V,04/02/2026 06:04:48 PM
7522B,N,O,04/02/2026 06:57:46 AM
7523A,N,O,04/02/2026 10:03:07 AM
7524A,N,V,04/02/2026 11:58:33 PM
7524B,N,V,04/02/2026 08:19:50 PM
7525A,N,V,04/02/2026 09:18:28 PM
7526B,N,V,04/02/2026 11:59:21 PM
7527A,N,V,04/02/2026 11:22:39 PM
7527B,N,V,04/02/2026 06:51:36 PM
7528A,N,V,04/02/2026 10:44:50 PM
7528B,N,O,04/02/2026 11:59:13 PM
7529A,N,V,04/02/2026 09:24:13 PM
7529B,N,V,04/02/2026 11:55:37 PM
752B,N,O,04/02/2026 06:57:50 AM
7530A,N,V,04/02/2026 11:59:21 PM
7530B,N,V,04/02/2026 09:41:36 PM
7533B,N,O,04/02/2026 08:33:38 PM
7534A,N,O,04/02/2026 11:04:55 PM
7534B,N,V,04/02/2026 11:05:08 PM
7535A,N,O,04/02/2026 02:26:47 PM
7535B,N,V,04/02/2026 05:50:26 PM
7536A,N,V,04/02/2026 11:21:04 PM
7536B,N,V,04/02/2026 10:50:03 PM
7537A,N,V,04/02/2026 11:20:06 PM
7537B,N,V,04/02/2026 10:38:33 PM
7538A,N,O,04/02/2026 11:59:32 PM
7538B,N,V,04/02/2026 08:12:40 PM
7539A,N,V,04/02/2026 11:35:32 PM
7539B,N,V,04/02/2026 10:37:53 PM
753A,N,O,04/02/2026 11:58:37 PM
753B,N,V,04/02/2026 11:50:27 PM
7540A,N,V,04/02/2026 11:59:56 PM
7540B,N,V,04/02/2026 11:36:10 PM
7541A,N,O,04/02/2026 11:56:39 PM
7541B,N,V,04/02/2026 08:42:34 PM
7542A,N,V,04/02/2026 11:59:29 PM
7545A,N,O,04/02/2026 09:03:43 PM
7545B,N,O,04/02/2026 06:39:57 PM
7546A,N,V,04/02/2026 11:26:49 PM
7546B,N,V,04/02/2026 11:53:53 PM
7547A,N,V,04/02/2026 11:09:10 PM
7547B,N,V,04/02/2026 10:47:41 PM
7548A,N,V,04/02/2026 09:57:59 PM
7548B,N,V,04/02/2026 09:56:56 PM
7549A,N,O,04/02/2026 08:36:18 PM
7549B,N,V,04/02/2026 09:57:16 PM
754A,N,V,04/02/2026 10:02:12 PM
754B,N,O,04/02/2026 02:26:08 PM
7550A,NU,V,04/02/2026 10:57:38 PM
7550B,NU,O,04/02/2026 09:12:58 PM
7551A,N,V,04/02/2026 10:02:36 PM
7551B,N,O,04/02/2026 05:20:47 PM
7552A,N,O,04/02/2026 11:59:59 PM
7552B,N,O,04/02/2026 05:39:55 PM
7553A,N,O,04/02/2026 11:57:42 PM
7553B,N,V,04/02/2026 11:20:05 PM
7554A,N,O,04/02/2026 11:59:49 PM
7554B,N,V,04/02/2026 10:28:42 PM
7555A,N,V,04/02/2026 09:14:03 PM
7555B,N,O,04/02/2026 09:19:55 PM
7556A,N,V,04/02/2026 10:18:22 PM
7556B,N,V,04/02/2026 09:57:53 PM
7557A,N,V,04/02/2026 10:55:25 PM
7557B,N,V,04/02/2026 11:30:05 PM
7558A,N,V,04/02/2026 11:57:38 PM
7558B,N,V,04/02/2026 11:10:52 PM
7561A,N,O,04/02/2026 11:59:52 PM
7561B,N,O,04/02/2026 06:58:43 AM
7562A,N,O,04/02/2026 07:38:29 PM
7562B,N,V,04/02/2026 11:53:41 PM
756B,N,O,04/02/2026 06:09:23 PM
7573A,N,O,04/02/2026 09:45:25 PM
7573B,N,O,04/02/2026 08:18:41 PM
7574A,N,O,04/02/2026 09:47:36 PM
7574B,N,O,04/02/2026 06:35:26 PM
7576A,N,O,04/02/2026 10:41:22 PM
7576B,N,O,04/02/2026 06:58:34 PM
7577A,N,O,04/02/2026 04:23:29 PM
7577B,N,O,04/02/2026 04:19:32 PM
7578A,N,O,04/02/2026 04:28:09 PM
7578B,N,O,04/02/2026 06:58:07 PM
7579A,N,V,04/02/2026 10:10:53 PM
7579B,N,O,04/02/2026 06:51:36 PM
757A,N,O,04/02/2026 06:57:48 AM
757B,N,O,04/02/2026 06:57:48 AM
7580A,N,V,04/02/2026 10:15:44 PM
7580B,N,V,04/02/2026 09:08:45 PM
7581A,N,O,04/02/2026 10:37:21 PM
7581B,N,O,04/02/2026 07:15:14 PM
7582A,N,O,04/02/2026 06:23:04 PM
7582B,N,O,04/02/2026 09:03:27 PM
7583A,N,O,04/02/2026 09:17:24 PM
7583B,N,O,04/02/2026 06:38:18 PM
7584A,N,O,04/02/2026 06:47:57 PM
7584B,N,O,04/02/2026 08:12:22 PM
7585A,N,O,04/02/2026 08:37:48 PM
7585B,N,O,04/02/2026 06:05:12 PM
7586A,N,O,04/02/2026 10:31:04 PM
7586B,N,O,04/02/2026 06:51:03 PM
7587A,N,O,04/02/2026 09:36:34 PM
7588A,N,O,04/02/2026 06:56:45 AM
7588B,N,O,04/02/2026 05:43:48 PM
758A,N,V,04/02/2026 12:16:47 PM
758B,N,O,04/02/2026 11:16:48 AM
7590A,N,O,04/02/2026 06:14:55 PM
7591A,N,O,04/02/2026 06:08:23 PM
7591B,N,O,04/02/2026 08:28:47 PM
7592A,N,O,04/02/2026 07:11:24 PM
7592B,N,O,04/02/2026 03:58:37 PM
7594A,N,O,04/02/2026 08:13:48 PM
7594B,N,O,04/02/2026 08:53:51 PM
7595A,N,O,04/02/2026 07:43:16 PM
7595B,N,O,04/02/2026 11:23:40 PM
7599A,N,O,04/02/2026 06:02:30 PM
7599B,N,O,04/02/2026 06:40:46 PM
759A,N,O,04/02/2026 08:13:19 PM
759B,N,O,04/02/2026 06:55:45 AM
75A,N,O,04/02/2026 10:30:10 PM
75B,N,V,04/02/2026 11:57:28 PM
7600A,N,O,04/02/2026 11:37:23 PM
7600B,N,O,04/02/2026 05:01:57 PM
7601A,NU,O,04/02/2026 05:39:56 PM
7601B,NU,O,04/02/2026 05:40:35 PM
7602B,N,V,04/02/2026 11:55:32 PM
7609A,N,O,04/02/2026 03:59:35 PM
7610A,N,O,04/02/2026 10:45:58 PM
7610B,N,O,04/02/2026 09:35:04 PM
7611A,N,O,04/02/2026 06:53:34 PM
7611B,N,V,04/02/2026 11:55:02 PM
7612A,N,O,04/02/2026 11:14:15 PM
7612B,N,O,04/02/2026 07:38:41 PM
7617A,N,O,04/02/2026 05:22:10 PM
7617B,N,O,04/02/2026 05:17:39 PM
7618A,N,O,04/02/2026 05:47:46 PM
7618B,N,O,04/02/2026 05:44:32 PM
7619A,N,O,04/02/2026 10:39:24 PM
761A,N,O,04/02/2026 06:52:33 PM
7620A,N,O,04/02/2026 06:45:55 PM
7620B,N,O,04/02/2026 10:43:38 PM
7621A,N,O,04/02/2026 06:38:32 PM
7621B,N,O,04/02/2026 08:02:39 AM
7624A,N,O,04/02/2026 06:27:27 PM
7624B,N,O,04/02/2026 09:38:19 PM
7625A,N,O,04/02/2026 02:32:04 PM
7625B,N,O,04/02/2026 10:10:48 PM
7626A,N,O,04/02/2026 11:51:19 PM
7626B,N,V,04/02/2026 11:31:40 PM
7627A,NU,O,06/03/2025 05:42:36 PM
7627B,N,O,04/02/2026 07:57:52 AM
7628A,N,O,04/02/2026 11:39:33 PM
7628B,N,O,04/02/2026 06:23:03 PM
7629A,N,O,04/02/2026 08:37:51 PM
7629B,N,V,04/02/2026 10:40:37 PM
762A,N,O,04/02/2026 12:21:18 PM
762B,N,O,04/02/2026 09:36:18 PM
7630A,N,V,04/02/2026 10:40:59 PM
7630B,N,V,04/02/2026 09:27:05 PM
7631A,N,O,04/02/2026 09:09:56 PM
7631B,N,V,04/02/2026 10:53:23 PM
7632B,N,O,04/02/2026 06:57:48 AM
7636A,N,O,04/02/2026 03:51:58 PM
7636B,N,O,04/02/2026 07:50:21 PM
7637A,N,V,04/02/2026 11:42:56 PM
7637B,N,O,04/02/2026 06:57:45 AM
7638A,N,O,04/02/2026 10:09:29 PM
7638B,N,O,04/02/2026 11:50:40 PM
7639A,N,O,04/01/2026 08:52:05 AM
7639B,N,O,04/02/2026 11:07:57 PM
763A,N,O,04/02/2026 10:43:21 PM
763B,N,O,04/02/2026 06:56:52 AM
7640A,N,V,04/02/2026 11:17:59 PM
7640B,N,O,04/02/2026 09:23:10 PM
7641A,N,V,03/25/2026 01:07:27 PM
7641B,N,V,03/25/2026 01:07:27 PM
7642A,N,O,04/02/2026 10:29:22 PM
7642B,N,O,04/02/2026 08:12:25 PM
7644B,N,O,04/02/2026 07:55:44 AM
7645A,N,O,04/02/2026 03:27:54 PM
7645B,N,O,04/02/2026 03:35:57 PM
7647A,N,O,04/02/2026 06:57:46 AM
7647B,N,O,04/02/2026 11:57:33 PM
7648A,N,O,04/02/2026 11:13:50 PM
7648B,N,O,04/02/2026 09:41:54 PM
7649A,N,O,04/02/2026 07:15:31 PM
7649B,N,O,04/02/2026 10:58:33 PM
764A,N,O,04/02/2026 10:40:16 PM
764B,N,V,04/02/2026 10:16:17 PM
7651A,N,O,04/02/2026 08:58:20 PM
7652A,N,O,04/02/2026 09:51:12 PM
7652B,N,O,04/02/2026 09:43:06 PM
7653A,N,O,04/02/2026 11:59:11 PM
7653B,N,V,04/02/2026 11:40:55 PM
7654A,N,V,04/02/2026 04:13:59 PM
7654B,N,V,04/02/2026 11:59:34 PM
7655B,N,V,04/02/2026 07:33:44 PM
7656A,NU,V,03/31/2026 04:24:19 PM
7657A,NU,V,03/31/2026 03:01:07 PM
7657B,NU,O,03/31/2026 04:24:46 PM
7658A,NU,V,03/31/2026 11:26:46 AM
7658B,NU,O,03/31/2026 04:24:27 PM
7659A,NU,O,03/31/2026 04:24:07 PM
7659B,NU,O,03/31/2026 04:24:07 PM
765A,N,O,04/02/2026 02:17:51 PM
765B,N,O,04/02/2026 11:44:49 PM
7660A,NU,O,03/31/2026 04:23:47 PM
7660B,NU,O,03/31/2026 04:23:47 PM
7661A,N,O,04/02/2026 07:46:18 AM
7661B,N,O,04/02/2026 01:36:03 PM
7662A,N,V,04/02/2026 11:58:35 PM
7662B,N,O,04/02/2026 06:57:54 AM
7663A,N,O,04/02/2026 06:56:51 AM
7663B,N,O,04/02/2026 06:56:42 AM
7664B,N,O,04/02/2026 05:09:00 PM
7667A,N,O,04/02/2026 02:32:02 PM
7668A,N,O,04/02/2026 07:56:52 AM
7668B,N,O,04/02/2026 07:56:52 AM
766A,N,O,04/02/2026 11:59:51 PM
766B,N,O,04/02/2026 11:37:29 PM
7670A,N,O,04/02/2026 07:59:48 AM
7670B,N,O,04/03/2026 12:00:00 AM
7671B,N,O,04/02/2026 04:29:09 PM
7674A,N,O,04/02/2026 05:40:36 PM
7674B,N,O,04/02/2026 11:38:14 PM
7676B,N,O,04/02/2026 06:58:47 AM
7677A,N,O,04/02/2026 03:25:34 PM
7677B,N,V,04/02/2026 11:59:21 PM
7678A,N,O,04/02/2026 04:29:16 PM
7678B,N,O,04/02/2026 11:38:14 AM
7679A,N,O,04/02/2026 07:52:35 PM
7679B,N,O,04/02/2026 08:13:45 PM
767A,N,O,04/02/2026 07:20:47 PM
767B,N,V,04/02/2026 11:49:35 PM
7681B,N,O,04/02/2026 07:58:49 AM
7682A,N,O,04/02/2026 03:21:05 PM
7682B,N,O,04/02/2026 07:57:46 AM
7683A,N,O,04/02/2026 10:35:04 AM
7683B,N,O,04/02/2026 07:56:57 AM
7684A,N,O,04/02/2026 10:44:12 PM
7684B,N,O,04/02/2026 07:55:46 AM
7685A,N,O,04/02/2026 02:52:49 PM
7685B,N,O,04/02/2026 12:37:33 PM
7689B,N,V,04/02/2026 11:56:21 PM
768A,N,O,04/02/2026 10:43:59 PM
7690B,N,O,04/02/2026 11:28:36 PM
7691B,N,O,04/02/2026 06:58:48 AM
7692A,N,O,04/02/2026 06:57:47 AM
7692B,N,O,04/02/2026 06:57:47 AM
7695A,N,O,04/02/2026 11:12:44 PM
7696B,N,O,04/02/2026 10:11:09 PM
7697A,N,O,04/02/2026 11:13:31 PM
7699A,N,O,04/02/2026 11:08:36 PM
7699B,N,O,04/02/2026 11:41:25 PM
769A,N,O,04/02/2026 05:59:06 PM
769B,N,O,04/02/2026 06:55:51 AM
76A,N,O,04/02/2026 11:59:39 PM
76B,N,O,04/02/2026 11:59:50 PM
7700A,N,O,04/02/2026 11:18:00 PM
7700B,N,O,04/02/2026 11:07:21 PM
7701A,N,O,04/02/2026 05:46:46 PM
7701B,N,O,04/02/2026 07:24:55 PM
7704A,N,O,04/02/2026 10:13:16 PM
7704B,N,O,04/02/2026 09:16:49 PM
7705A,N,O,04/02/2026 07:12:14 PM
7705B,N,O,04/02/2026 07:50:37 PM
7706B,N,O,04/02/2026 10:03:39 PM
7707B,N,O,04/02/2026 07:23:38 PM
7708A,N,O,04/02/2026 10:07:13 PM
7708B,N,O,04/02/2026 09:10:17 PM
7709B,N,O,04/02/2026 11:09:34 AM
770A,N,V,04/02/2026 10:55:52 PM
770B,N,O,04/02/2026 11:02:55 PM
7713A,N,O,04/02/2026 06:56:57 PM
7713B,N,O,04/02/2026 05:21:14 PM
7714A,N,O,04/02/2026 07:56:29 PM
7714B,N,O,04/02/2026 05:59:07 PM
771A,N,O,04/02/2026 04:17:12 PM
771B,N,O,04/02/2026 07:43:22 PM
7724A,N,O,04/02/2026 05:19:17 PM
7725A,N,O,04/02/2026 04:09:09 PM
7725B,N,O,04/02/2026 09:57:57 PM
7726A,N,O,04/02/2026 04:37:53 PM
7726B,N,O,04/02/2026 03:06:43 PM
7727A,N,O,04/02/2026 09:57:50 AM
7727B,N,O,04/02/2026 10:52:47 PM
7728A,N,O,04/02/2026 03:39:35 PM
7728B,N,O,04/02/2026 10:06:26 AM
7729A,N,O,04/02/2026 10:01:35 AM
7729B,N,O,04/01/2026 06:55:54 AM
772A,N,V,04/02/2026 10:56:28 PM
772B,N,V,04/02/2026 10:56:25 PM
7730A,N,O,04/02/2026 08:00:24 AM
7731A,N,O,04/02/2026 10:43:05 AM
7731B,N,O,04/02/2026 06:29:50 PM
7732A,N,O,04/02/2026 02:02:56 PM
7732B,N,O,04/02/2026 11:25:03 PM
7733B,N,O,04/02/2026 04:19:33 PM
7739A,N,O,04/02/2026 04:43:23 PM
7739B,N,O,04/02/2026 06:55:39 AM
773A,N,O,04/02/2026 02:36:48 PM
7740A,N,O,04/02/2026 11:27:16 PM
7740B,N,O,04/02/2026 07:36:27 PM
7741A,N,O,04/02/2026 10:19:03 PM
7741B,N,O,04/02/2026 09:03:00 PM
7742A,N,O,04/02/2026 05:07:36 PM
7742B,N,O,04/02/2026 11:17:07 PM
7743A,N,O,04/02/2026 08:17:57 PM
7743B,N,O,04/02/2026 06:58:41 PM
7744A,N,O,04/02/2026 03:08:52 PM
774A,N,O,04/03/2026 12:00:01 AM
774B,N,O,04/02/2026 11:27:27 PM
7758A,N,O,04/02/2026 04:51:18 PM
7759A,N,O,04/02/2026 06:03:11 PM
7759B,N,O,04/02/2026 06:58:07 PM
775A,N,O,04/02/2026 06:27:16 PM
775B,N,V,04/02/2026 11:54:33 PM
7760A,N,O,04/02/2026 05:49:29 PM
7760B,N,O,04/02/2026 08:15:25 PM
7761B,N,O,04/02/2026 03:28:00 PM
7763A,N,O,04/02/2026 07:56:49 AM
7763B,N,O,04/02/2026 07:56:49 AM
7764A,N,O,04/02/2026 09:21:11 PM
7764B,N,O,04/02/2026 08:17:45 PM
7765A,N,O,04/02/2026 08:19:22 PM
7766B,NU,O,06/03/2025 07:58:52 AM
7767A,NU,O,06/03/2025 05:54:27 PM
7768A,N,O,04/02/2026 06:56:56 AM
7768B,NU,V,06/03/2025 09:40:30 PM
7769A,N,O,04/02/2026 06:55:54 AM
7769B,N,O,04/02/2026 06:55:50 AM
776A,N,V,04/02/2026 11:35:26 PM
776B,N,V,04/02/2026 11:35:26 PM
7770A,NU,V,04/02/2026 11:59:31 PM
7770B,NU,V,04/02/2026 11:54:48 PM
7771A,N,O,04/02/2026 08:33:09 PM
7771B,N,O,04/02/2026 04:53:48 PM
7772A,N,O,04/02/2026 10:58:00 PM
7772B,N,O,04/02/2026 10:02:53 PM
7773B,N,O,04/02/2026 06:56:51 AM
7774A,N,O,04/02/2026 06:53:32 PM
7774B,N,O,04/02/2026 09:39:10 PM
777A,N,O,04/02/2026 08:10:04 PM
7783A,N,O,04/02/2026 08:39:42 PM
7784B,N,O,04/02/2026 06:55:52 AM
7785A,N,O,04/02/2026 06:59:51 AM
7785B,N,O,04/02/2026 06:11:14 PM
7786A,N,O,04/01/2026 04:17:47 PM
7786B,N,V,04/02/2026 11:47:09 PM
778A,N,O,04/02/2026 09:04:06 PM
778B,N,O,04/02/2026 11:59:30 PM
7792A,N,O,04/02/2026 06:13:57 PM
7793A,N,O,04/02/2026 06:57:25 PM
7793B,N,O,04/02/2026 06:18:02 PM
7794A,N,V,04/02/2026 08:30:48 PM
7794B,N,O,04/02/2026 09:22:16 PM
7795A,N,V,04/02/2026 11:50:10 PM
7795B,N,O,04/02/2026 11:58:26 PM
7796A,N,O,04/02/2026 11:59:56 PM
7796B,N,V,04/02/2026 08:31:44 PM
779A,N,O,04/02/2026 09:45:57 PM
779B,N,O,04/02/2026 11:59:58 PM
77A,N,V,04/02/2026 11:25:26 PM
77B,N,O,04/02/2026 11:51:09 PM
7801A,N,O,04/02/2026 10:32:07 PM
7801B,N,O,04/02/2026 04:34:57 PM
7802A,N,O,04/02/2026 10:26:09 PM
7802B,N,O,04/02/2026 06:57:51 AM
7804A,N,O,04/02/2026 06:55:47 AM
7804B,N,O,04/02/2026 08:13:27 PM
7805A,N,O,04/02/2026 10:58:09 PM
7805B,N,O,04/02/2026 05:20:22 PM
7806A,N,O,04/02/2026 08:44:05 PM
7806B,N,O,04/02/2026 04:45:51 PM
7807B,N,O,04/02/2026 07:02:34 PM
780A,N,O,04/02/2026 11:57:43 AM
780B,N,O,04/02/2026 06:59:47 AM
7814B,N,O,04/02/2026 10:52:36 PM
7815A,N,O,04/02/2026 06:05:20 PM
7815B,N,O,04/02/2026 10:19:36 PM
7817A,N,O,04/02/2026 05:30:55 PM
7817B,N,O,04/02/2026 08:24:37 PM
7818A,N,O,04/02/2026 06:56:45 AM
7818B,N,O,04/02/2026 08:31:26 PM
7819A,N,O,04/02/2026 05:37:07 PM
7819B,N,O,04/02/2026 09:35:34 PM
781A,N,O,04/02/2026 09:36:56 AM
781B,N,O,04/02/2026 09:28:24 PM
7820A,N,O,04/02/2026 06:53:20 PM
7820B,N,O,04/02/2026 09:45:09 AM
7821A,N,O,04/02/2026 05:22:02 PM
7821B,N,O,04/02/2026 06:14:55 PM
7831A,N,O,04/02/2026 06:11:07 PM
7831B,N,O,04/02/2026 09:59:02 PM
7834A,N,O,04/02/2026 08:14:56 PM
7834B,N,O,04/02/2026 05:27:40 PM
7839A,N,O,04/02/2026 09:23:46 PM
7840A,N,O,04/02/2026 05:31:35 PM
7840B,N,O,04/02/2026 11:45:06 PM
7841A,N,O,04/02/2026 06:24:37 PM
7841B,N,O,04/02/2026 08:49:10 PM
7842A,N,O,04/02/2026 09:27:07 PM
7842B,N,V,04/02/2026 11:52:17 PM
7843A,N,O,04/02/2026 09:00:41 PM
7843B,N,O,04/02/2026 09:58:57 PM
7844A,N,O,04/02/2026 10:37:20 PM
7844B,N,O,04/02/2026 10:10:55 PM
7845A,N,O,04/02/2026 08:37:45 PM
7845B,N,O,04/02/2026 11:19:08 PM
7846A,N,O,04/02/2026 09:58:54 PM
7846B,N,O,04/02/2026 07:49:04 PM
7847A,N,O,04/02/2026 08:40:06 PM
7847B,N,V,04/02/2026 11:56:30 PM
7853B,N,O,04/02/2026 02:56:32 PM
7854A,N,V,04/02/2026 11:59:41 PM
7854B,N,V,04/02/2026 11:06:30 PM
7855A,N,O,04/02/2026 08:01:46 PM
7855B,N,V,04/02/2026 10:52:51 PM
7856A,N,V,04/02/2026 10:58:31 PM
7856B,N,O,04/02/2026 08:53:28 AM
7861A,N,V,04/02/2026 11:59:58 PM
7861B,N,O,04/02/2026 09:42:41 PM
7868A,N,O,04/02/2026 06:42:04 PM
7868B,N,O,04/02/2026 08:44:53 PM
7869A,N,O,04/02/2026 09:46:35 PM
7869B,N,O,04/02/2026 08:50:34 PM
7870A,N,O,04/02/2026 08:21:36 PM
7874A,N,V,04/02/2026 11:49:03 PM
7874B,N,O,04/02/2026 09:26:13 PM
7875A,N,O,04/02/2026 07:50:58 PM
7875B,N,O,04/02/2026 07:58:39 PM
7876A,N,O,04/02/2026 09:07:46 PM
7876B,N,O,04/02/2026 07:36:34 PM
7877A,N,V,04/02/2026 11:56:11 PM
7877B,N,O,04/02/2026 11:55:27 PM
7882A,N,O,04/02/2026 08:25:05 PM
7882B,N,O,04/02/2026 07:50:30 PM
7884B,N,O,04/02/2026 09:56:57 PM
7885A,N,O,04/02/2026 08:45:35 PM
7885B,N,V,04/02/2026 07:17:40 PM
7886A,N,O,04/02/2026 04:57:43 PM
7886B,N,O,04/02/2026 10:00:50 PM
7887A,N,O,04/02/2026 07:40:13 PM
7887B,N,O,04/02/2026 04:45:22 PM
7888A,N,O,04/02/2026 06:56:49 AM
7888B,N,O,04/02/2026 06:57:28 AM
7889A,N,O,04/02/2026 10:36:46 PM
7889B,N,O,04/02/2026 08:49:55 PM
7890A,N,O,04/02/2026 11:58:04 AM
7890B,N,O,04/02/2026 06:39:31 PM
7893A,N,O,04/02/2026 11:47:51 PM
7893B,N,O,04/02/2026 09:59:30 PM
7894A,N,O,04/02/2026 10:14:26 PM
7894B,N,O,04/02/2026 06:32:13 PM
7895A,N,O,04/02/2026 10:17:09 PM
789A,N,O,04/02/2026 10:08:47 PM
789B,N,O,04/02/2026 10:11:49 PM
78A,N,O,04/02/2026 11:46:43 PM
78B,N,V,04/02/2026 11:01:26 PM
7900A,N,O,04/02/2026 06:40:12 PM
7900B,N,O,04/02/2026 11:39:12 PM
7901A,N,O,04/02/2026 08:56:15 PM
7901B,N,O,04/02/2026 11:49:32 PM
7902A,N,O,04/02/2026 11:10:33 PM
7903A,N,O,04/02/2026 10:11:04 PM
7903B,N,O,04/02/2026 10:05:48 PM
7909A,N,O,04/02/2026 08:12:48 PM
7909B,N,O,04/02/2026 09:02:55 PM
790A,N,O,04/02/2026 09:48:58 PM
790B,N,O,04/02/2026 10:26:28 PM
7910A,N,O,04/02/2026 07:57:47 PM
7910B,N,O,04/02/2026 07:57:51 PM
7911A,N,V,04/02/2026 10:01:14 PM
7911B,N,O,04/02/2026 08:27:10 PM
7912A,N,O,04/02/2026 11:29:36 PM
7912B,N,O,04/02/2026 09:44:28 PM
7913A,N,O,04/02/2026 06:42:37 PM
7913B,N,O,04/02/2026 06:53:20 PM
7923A,N,O,04/02/2026 11:56:39 PM
7923B,N,O,04/02/2026 11:45:34 PM
7924A,N,O,04/02/2026 06:27:09 PM
7924B,N,V,04/02/2026 11:39:21 PM
7925A,N,O,04/02/2026 09:35:02 PM
7925B,N,V,04/02/2026 10:42:20 PM
7926A,N,O,04/02/2026 08:56:58 PM
7926B,N,O,04/02/2026 10:21:24 PM
7927A,N,O,04/02/2026 07:34:02 PM
7927B,N,O,04/02/2026 05:48:14 PM
7928A,N,O,04/02/2026 09:16:56 PM
7928B,N,V,04/02/2026 11:25:10 PM
7929A,N,O,04/02/2026 07:31:03 PM
7929B,N,O,04/02/2026 05:39:48 PM
792A,N,O,04/02/2026 06:16:14 PM
792B,N,O,04/02/2026 06:38:42 PM
7930A,N,O,04/02/2026 10:32:29 PM
7930B,N,O,04/02/2026 09:26:34 PM
7931B,N,O,04/02/2026 06:58:46 AM
7932A,N,O,04/02/2026 07:55:17 PM
7932B,N,O,04/02/2026 10:21:28 PM
7933A,N,O,04/02/2026 12:07:25 PM
7933B,N,O,04/02/2026 08:26:35 PM
7934A,N,O,04/02/2026 08:45:50 PM
7935A,N,O,04/02/2026 12:02:43 PM
7935B,N,O,04/02/2026 06:59:56 AM
7936A,N,O,04/02/2026 08:54:51 PM
7936B,N,O,04/02/2026 06:58:46 AM
7937A,N,O,04/02/2026 09:16:36 PM
7937B,N,V,04/02/2026 11:55:23 PM
7939A,N,O,04/02/2026 11:59:51 PM
7939B,N,O,04/02/2026 04:26:14 PM
793B,N,O,04/02/2026 05:04:19 PM
7940A,N,O,04/02/2026 11:30:32 PM
7940B,N,O,04/02/2026 11:35:10 PM
7941A,N,O,04/02/2026 04:45:19 PM
7941B,N,O,04/02/2026 05:48:46 PM
794A,N,O,04/02/2026 09:21:06 PM
7950A,N,O,04/02/2026 08:27:10 PM
7950B,N,O,04/02/2026 08:57:33 PM
7951A,N,O,04/02/2026 08:45:30 AM
7951B,N,O,04/02/2026 06:58:53 AM
7952A,N,O,04/02/2026 11:58:58 PM
7952B,N,O,03/31/2026 06:57:43 AM
7953A,N,O,04/02/2026 07:33:18 PM
7953B,N,O,04/02/2026 11:55:52 PM
7954A,N,V,04/02/2026 11:44:11 PM
7954B,N,V,04/02/2026 09:42:39 PM
7955A,N,O,04/02/2026 06:17:22 PM
7955B,N,O,04/02/2026 11:26:11 PM
7956A,N,O,04/02/2026 07:51:06 PM
7956B,N,O,04/02/2026 07:40:19 PM
7957A,N,V,04/02/2026 09:17:16 PM
7957B,N,O,04/02/2026 11:55:55 PM
7958A,N,O,04/02/2026 07:15:53 PM
7959A,N,O,04/02/2026 04:39:53 PM
7959B,N,O,04/02/2026 06:56:05 AM
795A,N,V,04/02/2026 11:57:42 PM
795B,N,V,04/02/2026 11:41:25 PM
7960A,N,O,04/02/2026 09:37:11 PM
7960B,N,V,04/02/2026 11:58:50 PM
7962A,N,O,04/02/2026 11:54:53 PM
7962B,N,O,04/02/2026 10:34:20 AM
7963A,NU,O,04/02/2026 10:57:54 PM
7963B,NU,O,04/02/2026 09:02:30 PM
7964A,N,V,04/02/2026 06:08:19 PM
7964B,N,O,04/02/2026 04:45:18 PM
7965A,N,O,04/02/2026 10:48:42 PM
7965B,N,O,04/02/2026 10:33:40 PM
7967A,N,O,04/02/2026 08:17:00 PM
7967B,N,O,04/02/2026 02:01:56 PM
7968A,N,O,04/02/2026 08:26:51 AM
7968B,N,O,04/02/2026 08:26:51 AM
7969A,N,O,04/02/2026 08:26:15 AM
7969B,N,V,04/02/2026 08:33:27 PM
796A,N,O,04/02/2026 07:53:27 PM
796B,N,O,04/02/2026 10:50:23 PM
7970A,N,O,04/02/2026 07:57:52 PM
7970B,N,O,04/02/2026 09:22:35 PM
7971A,N,O,04/02/2026 08:21:56 PM
7971B,N,O,04/02/2026 07:57:08 PM
7973A,N,O,04/02/2026 06:56:43 AM
7973B,N,O,04/02/2026 06:46:06 PM
7974A,N,O,04/02/2026 05:58:58 PM
7974B,N,V,04/02/2026 11:32:50 PM
7975A,N,V,04/02/2026 11:32:55 PM
7975B,N,O,04/01/2026 02:49:24 PM
7976A,N,O,04/02/2026 10:34:38 AM
7976B,N,O,04/02/2026 07:19:51 PM
7977A,N,O,04/02/2026 06:45:55 PM
7977B,N,O,04/02/2026 10:21:06 PM
7978B,N,O,04/02/2026 08:08:57 PM
797A,N,O,04/02/2026 05:45:23 PM
797B,N,V,04/02/2026 08:03:58 PM
7980A,N,O,04/02/2026 09:40:40 PM
7980B,N,O,04/02/2026 04:47:36 PM
7981A,N,O,04/02/2026 09:49:36 PM
7981B,N,O,04/02/2026 07:08:49 PM
7982B,N,O,04/02/2026 11:36:06 PM
7983B,N,V,04/02/2026 10:46:14 PM
7984A,N,V,04/02/2026 11:59:28 PM
7984B,N,O,04/02/2026 08:53:11 PM
7985A,N,O,04/02/2026 11:59:34 PM
7985B,N,V,04/02/2026 11:27:36 PM
7986A,N,O,04/02/2026 06:50:21 PM
7988A,N,O,04/02/2026 09:05:11 PM
7988B,N,O,04/02/2026 10:39:42 PM
7989A,N,V,04/02/2026 01:34:57 PM
7989B,N,O,04/02/2026 08:49:36 PM
7990B,N,O,04/02/2026 07:55:30 PM
7991A,N,O,04/02/2026 10:10:00 PM
7991B,N,O,04/02/2026 06:36:42 PM
7993A,N,O,04/02/2026 11:11:46 PM
7994A,N,O,04/02/2026 06:47:34 PM
7994B,N,O,04/02/2026 04:53:38 PM
7995A,N,O,04/02/2026 09:58:46 PM
7996B,N,O,04/02/2026 05:47:39 PM
7997B,N,O,04/02/2026 04:47:21 PM
7998A,N,O,04/02/2026 05:10:50 PM
7998B,N,O,04/02/2026 03:08:03 PM
79A,N,O,04/02/2026 11:58:54 PM
79B,N,O,04/02/2026 11:41:14 PM
7A,NU,V,02/25/2026 11:59:45 PM
7B,NU,O,02/25/2026 11:41:07 PM
8002A,N,O,04/02/2026 04:58:10 PM
8003A,N,O,04/02/2026 04:53:48 PM
8003B,N,O,04/02/2026 06:31:19 PM
8004A,N,V,04/02/2026 08:45:56 AM
8004B,N,O,04/02/2026 08:49:38 AM
8005A,N,O,04/02/2026 04:07:15 PM
8005B,N,O,04/02/2026 07:59:55 AM
8006B,N,O,04/02/2026 07:58:54 AM
8012A,N,O,04/02/2026 03:34:33 PM
8012B,N,O,04/02/2026 05:06:36 PM
8013A,N,V,04/02/2026 11:47:32 PM
8013B,N,O,04/02/2026 10:34:32 PM
8014A,N,O,04/02/2026 02:59:39 PM
8018A,N,O,04/02/2026 10:07:34 AM
8019A,N,O,04/02/2026 12:46:34 PM
8019B,N,O,04/02/2026 07:57:06 AM
8020A,N,O,04/02/2026 07:59:56 AM
8020B,N,O,04/02/2026 05:49:52 PM
8021B,N,O,04/02/2026 04:39:29 PM
8022A,N,O,04/02/2026 07:57:50 AM
8022B,N,O,04/02/2026 07:57:58 AM
8023B,N,O,04/02/2026 04:54:26 PM
8030A,N,O,04/02/2026 04:57:06 PM
8030B,N,O,04/02/2026 07:00:51 PM
8031A,N,O,04/02/2026 07:58:59 AM
8031B,N,O,04/02/2026 07:58:59 AM
8032A,N,O,04/02/2026 08:50:44 AM
8032B,N,O,04/02/2026 02:21:07 PM
8033A,N,O,04/02/2026 03:33:19 PM
8033B,N,O,04/02/2026 01:04:41 PM
8034B,N,O,04/02/2026 07:55:48 AM
8035B,N,O,04/02/2026 03:09:26 PM
8042A,N,O,04/02/2026 02:28:23 PM
8042B,N,O,04/02/2026 07:57:45 AM
8043A,N,O,04/02/2026 05:58:25 PM
8043B,N,O,04/02/2026 07:57:07 AM
8044A,N,O,04/02/2026 05:51:41 PM
8044B,N,O,04/02/2026 07:55:52 AM
8045A,N,O,04/02/2026 04:13:38 PM
8045B,N,O,04/02/2026 09:41:33 AM
8052A,N,O,04/02/2026 11:39:14 PM
8054A,N,O,04/02/2026 05:53:14 PM
8054B,N,O,04/02/2026 10:49:52 AM
8055A,N,O,04/02/2026 10:16:45 PM
8055B,N,O,04/02/2026 11:15:47 PM
8056B,N,O,04/02/2026 06:58:52 AM
8057A,N,O,04/02/2026 07:27:39 PM
8057B,N,O,04/02/2026 05:40:27 PM
8058A,N,O,04/02/2026 06:56:51 AM
8058B,N,O,04/02/2026 09:20:43 PM
8059A,N,O,04/02/2026 07:49:21 PM
8061A,N,O,04/02/2026 06:46:24 PM
8061B,N,O,04/02/2026 11:57:28 PM
8062A,N,O,04/02/2026 03:58:24 PM
8062B,N,O,04/02/2026 09:56:58 PM
8063A,N,O,04/02/2026 08:03:13 PM
8063B,N,V,04/02/2026 11:58:52 PM
8064A,N,O,04/02/2026 06:51:27 PM
8064B,N,O,04/02/2026 11:10:35 PM
8071A,N,O,04/02/2026 06:44:37 PM
8071B,N,O,04/02/2026 02:23:29 PM
8072B,N,O,04/02/2026 07:57:41 AM
8079A,N,O,04/02/2026 03:13:46 PM
8079B,N,O,04/02/2026 03:10:21 PM
8080A,N,O,04/02/2026 11:36:49 AM
8082A,N,O,04/02/2026 02:02:12 PM
8082B,N,O,04/02/2026 07:57:55 AM
8083B,N,O,04/02/2026 04:00:40 PM
8084A,N,O,04/02/2026 05:12:04 PM
8084B,N,O,04/02/2026 05:35:26 PM
8085B,N,O,04/02/2026 05:07:15 PM
8086A,N,O,04/02/2026 05:06:37 PM
8086B,N,O,04/02/2026 06:17:14 PM
8087A,N,O,04/02/2026 10:19:23 AM
8087B,N,O,04/02/2026 01:53:23 PM
8092A,N,O,04/02/2026 10:28:20 AM
8092B,N,O,04/02/2026 04:49:29 PM
80A,N,O,04/02/2026 10:51:43 PM
80B,N,O,04/02/2026 11:34:18 PM
8101A,N,O,04/02/2026 10:52:01 AM
8101B,N,O,04/02/2026 08:11:55 AM
8103A,N,O,04/02/2026 11:10:55 PM
8103B,N,V,04/02/2026 09:59:28 PM
8104A,N,V,04/02/2026 10:30:36 PM
8104B,N,V,04/02/2026 11:53:29 PM
8106A,N,O,04/02/2026 02:18:42 PM
8106B,N,O,04/02/2026 08:15:34 PM
8107A,N,O,04/02/2026 06:57:42 AM
8107B,N,O,04/02/2026 08:17:47 AM
8108A,N,V,04/02/2026 11:39:46 PM
8108B,N,O,04/02/2026 09:45:13 PM
8109A,N,O,04/02/2026 06:55:46 AM
8109B,N,O,04/02/2026 05:48:19 PM
8110A,N,O,04/02/2026 06:59:51 AM
8110B,N,O,04/02/2026 06:32:12 PM
8111A,N,O,04/02/2026 06:58:57 AM
8112A,N,O,04/02/2026 06:17:06 PM
8112B,N,O,04/02/2026 07:52:12 AM
8113B,N,O,04/02/2026 02:21:21 PM
8114A,N,O,04/02/2026 03:47:16 PM
8114B,N,O,04/02/2026 06:55:44 AM
8115A,N,O,04/02/2026 05:11:44 PM
8115B,N,O,04/02/2026 04:22:29 PM
8116A,N,O,04/02/2026 11:49:16 AM
8120A,N,O,04/02/2026 04:16:18 PM
8120B,N,V,04/02/2026 06:43:03 PM
8121A,N,O,04/02/2026 07:59:38 AM
8121B,N,O,04/02/2026 05:31:41 PM
8122A,N,O,04/02/2026 06:03:24 PM
8122B,N,O,04/02/2026 07:00:29 PM
8123B,N,O,04/02/2026 07:56:41 AM
8124A,N,O,04/02/2026 07:55:48 AM
8124B,N,O,04/02/2026 03:41:53 PM
8125A,N,O,04/02/2026 07:02:14 PM
8125B,N,O,04/02/2026 07:59:48 AM
8126A,N,O,04/02/2026 05:07:21 PM
8126B,N,O,04/02/2026 05:02:15 PM
8127A,N,O,04/02/2026 06:37:41 PM
8127B,N,O,04/02/2026 04:48:29 PM
8128A,N,O,04/02/2026 09:39:17 AM
8128B,N,O,04/02/2026 07:56:53 AM
8129A,N,O,04/02/2026 07:55:57 AM
8129B,N,O,04/02/2026 02:48:47 PM
8130A,N,O,04/02/2026 05:27:14 PM
8130B,N,O,04/02/2026 09:07:14 AM
8131A,N,O,04/02/2026 02:02:52 PM
8132B,N,O,04/02/2026 07:57:53 AM
8135A,N,O,04/02/2026 09:17:31 PM
8135B,N,O,04/02/2026 06:59:44 AM
8136A,N,O,04/02/2026 04:56:05 PM
8136B,N,O,04/02/2026 08:26:40 PM
8137A,N,O,04/02/2026 05:01:41 PM
8137B,N,O,04/02/2026 10:17:07 PM
8138A,N,V,04/02/2026 11:52:46 PM
8138B,N,O,04/02/2026 02:49:19 PM
8139A,N,O,04/02/2026 01:27:20 PM
8139B,N,O,04/02/2026 06:06:28 PM
8144A,N,O,04/02/2026 10:59:13 PM
8144B,N,V,04/02/2026 10:46:03 PM
8145A,N,O,04/02/2026 08:40:39 PM
8145B,N,O,04/02/2026 07:36:34 PM
8146A,N,O,04/02/2026 02:32:34 PM
8146B,N,O,04/02/2026 11:56:45 PM
8147B,N,O,04/02/2026 08:34:21 PM
8148A,N,O,04/02/2026 11:19:08 PM
8148B,N,O,04/02/2026 05:50:23 PM
8149A,N,O,04/02/2026 09:34:48 PM
8149B,N,O,04/02/2026 11:40:54 PM
8150A,N,O,04/02/2026 07:13:08 PM
8150B,N,O,04/02/2026 10:34:59 PM
8152A,N,O,04/02/2026 07:57:53 AM
8152B,N,O,04/02/2026 04:40:56 PM
8153A,N,O,04/02/2026 05:41:59 PM
8154A,N,O,04/02/2026 06:55:45 AM
8154B,N,O,04/02/2026 09:52:44 PM
8155A,N,O,04/02/2026 12:05:30 PM
8155B,N,O,04/02/2026 12:40:53 PM
8156B,N,O,04/02/2026 05:16:29 PM
8157A,N,O,04/02/2026 07:34:43 PM
8157B,N,O,04/02/2026 06:57:52 AM
8158A,N,O,04/02/2026 05:43:16 PM
8158B,N,O,04/02/2026 10:40:15 PM
8159A,N,O,04/02/2026 09:32:32 PM
8159B,N,O,04/01/2026 06:55:50 AM
8160A,N,O,04/02/2026 12:21:09 PM
8160B,N,O,04/02/2026 06:09:15 PM
8161A,N,O,04/02/2026 08:13:11 PM
8161B,N,O,04/02/2026 09:26:30 PM
8162A,N,O,04/02/2026 06:57:47 AM
8162B,N,O,04/02/2026 06:58:04 AM
8163A,N,O,04/02/2026 06:56:48 AM
8163B,N,O,04/02/2026 05:09:59 PM
8164A,N,O,04/02/2026 06:55:52 AM
8164B,N,O,04/02/2026 06:55:52 AM
8177A,N,O,04/02/2026 07:57:47 AM
8179A,N,O,04/02/2026 06:10:25 PM
8179B,N,O,04/02/2026 06:43:42 PM
8185B,N,O,04/02/2026 06:59:03 PM
8186A,N,O,04/02/2026 03:27:17 PM
8186B,N,O,04/02/2026 07:00:08 PM
8187A,N,O,04/02/2026 07:57:57 AM
8188A,N,O,04/02/2026 07:41:10 PM
8188B,N,O,04/02/2026 06:25:02 PM
8189A,N,O,04/02/2026 07:55:47 AM
8190A,N,O,04/02/2026 07:59:51 AM
8190B,N,O,04/02/2026 07:59:51 AM
8191A,N,O,04/02/2026 06:55:35 PM
8191B,N,O,04/02/2026 07:58:46 AM
8192A,N,O,04/02/2026 06:41:14 PM
8192B,N,O,04/02/2026 06:13:10 PM
8193A,N,O,04/02/2026 07:56:56 AM
8193B,N,O,04/02/2026 06:38:36 PM
8194A,N,O,04/02/2026 05:11:28 PM
8194B,N,V,04/02/2026 06:17:23 PM
8195A,N,O,04/02/2026 07:28:07 PM
8195B,N,O,04/02/2026 07:13:50 PM
8196A,N,O,04/02/2026 05:13:04 PM
8196B,N,O,04/02/2026 04:56:01 PM
8197A,N,O,04/02/2026 09:09:47 AM
8197B,N,O,04/02/2026 06:13:57 PM
8198A,N,O,04/02/2026 03:03:12 PM
8198B,N,O,04/02/2026 03:01:10 PM
8199A,N,O,04/02/2026 12:44:09 PM
8199B,N,O,04/02/2026 04:56:03 PM
81A,N,O,04/02/2026 10:30:12 PM
81B,N,O,04/02/2026 09:41:27 PM
8201A,N,O,04/02/2026 04:37:08 PM
8201B,N,O,04/02/2026 05:10:21 PM
8202A,N,O,04/02/2026 05:48:23 PM
8202B,N,O,04/02/2026 03:57:23 PM
8203A,N,O,04/02/2026 06:34:13 PM
8203B,N,O,04/02/2026 07:56:46 AM
8211A,N,O,04/02/2026 04:08:59 PM
8211B,N,O,04/02/2026 01:44:08 PM
8212A,N,O,04/02/2026 07:58:03 AM
8212B,N,O,04/02/2026 03:33:44 PM
8213A,N,O,04/02/2026 07:56:48 AM
8214A,N,O,04/02/2026 07:55:47 AM
8214B,N,O,04/02/2026 07:55:47 AM
8215B,N,O,04/02/2026 04:03:05 PM
8216A,N,O,04/02/2026 05:01:24 PM
8218A,N,O,04/02/2026 11:14:18 AM
8218B,N,O,04/02/2026 11:34:03 AM
8219A,N,O,04/02/2026 07:55:48 AM
8219B,N,O,04/02/2026 07:15:35 PM
8222A,N,O,04/02/2026 04:30:07 PM
8222B,N,O,04/02/2026 04:30:15 PM
8223A,N,O,04/02/2026 06:23:16 PM
8223B,N,O,04/02/2026 05:15:55 PM
8226A,N,O,04/02/2026 02:19:52 PM
8226B,N,O,04/02/2026 07:59:29 AM
8227B,N,O,04/02/2026 07:57:50 AM
8229A,N,O,04/02/2026 10:51:23 PM
8229B,N,O,04/02/2026 03:02:32 PM
8230A,N,O,04/02/2026 05:02:29 PM
8230B,N,O,04/02/2026 06:09:02 PM
8231A,N,O,04/02/2026 07:11:06 PM
8231B,N,O,04/02/2026 11:41:05 AM
8232B,N,O,04/02/2026 07:57:43 AM
8233A,N,O,04/02/2026 07:58:50 PM
8233B,N,O,04/02/2026 11:58:33 AM
8236B,N,O,04/02/2026 03:20:52 PM
8237A,N,O,04/02/2026 07:57:48 AM
8237B,N,O,04/02/2026 05:18:03 PM
8238A,N,O,04/02/2026 07:51:30 PM
8238B,N,O,04/02/2026 03:46:53 PM
8239A,N,O,04/02/2026 05:58:33 PM
8239B,N,O,04/02/2026 05:06:17 PM
8241A,N,O,04/02/2026 07:52:14 PM
8241B,N,O,04/02/2026 07:13:28 PM
8246A,N,O,04/02/2026 11:06:30 PM
8246B,N,O,04/02/2026 08:20:15 PM
8247A,N,O,04/02/2026 06:51:17 PM
8247B,N,O,04/02/2026 11:59:52 PM
8248A,N,V,04/02/2026 10:40:15 PM
8248B,N,O,04/02/2026 10:27:43 PM
8249A,N,O,04/02/2026 07:03:44 PM
8251A,N,O,04/02/2026 10:59:46 PM
8251B,N,O,04/02/2026 03:45:02 PM
8252A,N,O,04/02/2026 11:53:48 PM
8252B,N,V,04/02/2026 10:55:47 PM
8253A,N,O,04/02/2026 11:10:04 PM
8253B,N,O,04/02/2026 06:57:50 PM
8254A,N,V,04/02/2026 11:58:59 PM
8254B,N,O,04/02/2026 08:49:54 PM
8255A,N,V,04/02/2026 11:57:10 PM
8255B,N,O,04/02/2026 09:40:16 PM
8256B,N,O,04/02/2026 06:30:55 PM
8257A,N,V,04/02/2026 11:11:36 AM
8258A,N,O,04/02/2026 09:51:28 PM
8258B,N,O,04/02/2026 09:36:56 PM
8259A,N,O,04/02/2026 10:48:44 PM
8259B,N,V,04/02/2026 10:42:51 PM
8260A,N,O,04/02/2026 09:57:09 PM
8260B,N,O,04/02/2026 08:19:48 PM
8261A,N,O,04/02/2026 10:03:51 PM
8261B,N,O,04/02/2026 11:38:13 PM
8262A,N,O,04/02/2026 10:20:13 PM
8262B,N,O,04/02/2026 11:57:23 PM
8263A,N,O,04/02/2026 09:13:51 AM
8263B,N,O,04/02/2026 07:19:55 PM
8264A,N,O,04/02/2026 10:59:31 PM
8264B,N,V,04/02/2026 11:59:08 PM
8266A,N,O,04/02/2026 09:18:54 PM
8266B,N,V,04/02/2026 11:59:59 PM
8267A,N,O,04/02/2026 09:39:24 PM
8267B,N,V,04/02/2026 11:59:53 PM
8268A,N,V,04/02/2026 11:37:00 PM
8268B,N,O,04/02/2026 11:33:16 PM
8269A,N,V,04/02/2026 09:47:46 AM
8269B,N,O,04/02/2026 11:05:16 PM
82A,N,O,04/02/2026 09:23:13 PM
82B,N,O,04/02/2026 10:43:28 PM
8304A,N,O,04/02/2026 06:19:45 PM
8304B,N,O,04/02/2026 06:19:45 PM
8305A,N,V,04/02/2026 11:28:19 PM
8305B,N,V,04/02/2026 10:49:42 PM
8306A,N,O,04/02/2026 06:41:24 PM
8306B,N,O,04/02/2026 06:58:56 AM
8309A,N,O,04/02/2026 11:00:06 PM
8310A,N,V,04/02/2026 09:51:42 PM
8310B,N,O,04/02/2026 05:24:34 PM
8311A,N,O,04/02/2026 07:12:47 PM
8311B,N,O,04/02/2026 11:56:07 PM
8312A,N,V,04/02/2026 11:08:24 PM
8312B,N,V,04/02/2026 11:25:14 PM
8313A,N,V,04/02/2026 11:37:47 PM
8313B,N,O,04/02/2026 11:59:45 PM
8314A,N,O,04/02/2026 11:59:54 PM
8314B,N,O,04/02/2026 10:10:28 PM
8315A,N,V,04/02/2026 11:58:54 PM
8315B,N,V,04/02/2026 10:46:15 PM
8316A,N,O,04/02/2026 06:30:52 PM
8316B,N,O,04/02/2026 06:39:43 PM
8319A,N,O,04/02/2026 11:27:05 PM
8319B,N,O,04/02/2026 10:42:14 PM
8320A,N,O,04/02/2026 11:55:11 PM
8320B,N,V,04/02/2026 09:57:44 PM
8321A,N,V,04/02/2026 11:53:16 PM
8321B,N,O,04/02/2026 07:57:55 PM
8322A,N,O,04/02/2026 06:57:51 AM
8324B,N,O,04/02/2026 10:21:35 PM
8325A,N,O,04/02/2026 11:59:42 PM
8325B,N,O,04/02/2026 09:11:05 PM
8326A,N,V,04/02/2026 11:35:40 PM
8326B,N,O,04/02/2026 10:00:55 PM
8327A,N,V,04/02/2026 11:00:30 PM
8327B,N,O,04/02/2026 08:02:21 PM
8328A,N,V,04/02/2026 10:35:08 PM
8328B,N,V,04/02/2026 09:28:29 PM
8329A,N,O,04/02/2026 08:08:28 PM
8329B,N,O,04/02/2026 09:57:40 PM
8330A,N,O,04/02/2026 09:00:43 PM
8330B,N,O,04/02/2026 07:31:15 PM
8331A,N,V,04/02/2026 11:39:34 PM
8331B,N,V,04/02/2026 11:59:31 PM
8333A,N,O,04/02/2026 08:58:12 PM
8333B,N,O,04/02/2026 10:28:53 PM
8334B,N,O,04/02/2026 04:32:23 PM
8335A,N,O,04/02/2026 10:38:50 PM
8335B,N,O,04/02/2026 10:39:27 PM
8336A,N,O,04/02/2026 06:58:44 AM
8336B,N,O,04/02/2026 06:33:58 PM
8337B,N,O,04/02/2026 10:13:53 PM
8338A,N,O,04/02/2026 06:00:34 PM
8338B,N,V,04/02/2026 11:43:51 PM
8339A,N,V,04/02/2026 11:40:29 PM
8339B,N,O,04/02/2026 10:50:29 PM
8340A,N,O,04/02/2026 10:57:38 PM
8340B,N,V,04/02/2026 11:37:51 PM
8341A,N,O,04/02/2026 10:41:14 PM
8341B,N,O,04/02/2026 05:28:44 PM
8342A,N,O,04/02/2026 11:59:49 PM
8342B,N,O,04/02/2026 11:30:15 AM
8343A,N,O,04/02/2026 11:34:57 PM
8343B,N,O,04/02/2026 09:51:06 PM
8344A,N,O,04/02/2026 09:14:17 PM
8344B,N,O,04/02/2026 11:55:23 PM
8345A,N,V,04/02/2026 11:38:02 PM
8345B,N,O,04/02/2026 11:57:33 PM
8346A,N,O,04/02/2026 06:58:51 AM
8346B,N,O,04/02/2026 06:58:51 AM
8347A,N,O,04/02/2026 05:17:03 PM
8349A,N,O,04/02/2026 11:59:32 PM
8349B,N,O,04/02/2026 05:12:45 PM
8350A,N,V,04/02/2026 11:59:30 PM
8350B,N,V,04/02/2026 11:26:02 PM
8351A,N,V,04/02/2026 11:46:25 PM
8351B,N,V,04/02/2026 11:50:46 PM
8352A,N,O,04/02/2026 05:39:31 PM
8352B,N,O,04/02/2026 11:58:22 PM
8353B,N,O,04/02/2026 11:59:51 PM
8354A,N,V,04/02/2026 10:31:57 PM
8354B,N,O,04/02/2026 06:25:04 PM
8360B,N,O,04/02/2026 10:51:27 PM
8361A,N,V,04/02/2026 11:31:44 PM
8361B,N,V,04/02/2026 11:24:42 PM
8362A,N,O,04/02/2026 10:21:51 AM
8362B,N,O,04/02/2026 09:03:56 PM
8363A,N,O,04/02/2026 11:59:16 PM
8363B,N,V,04/02/2026 11:58:33 PM
8364A,N,O,04/02/2026 06:55:54 AM
8364B,N,O,04/02/2026 09:50:43 AM
8365A,N,V,04/02/2026 11:15:47 PM
8365B,N,O,04/02/2026 10:32:32 PM
8366A,N,V,04/02/2026 11:49:46 PM
8366B,N,V,04/02/2026 11:59:31 PM
8367A,N,O,04/02/2026 04:40:54 PM
8367B,N,V,04/02/2026 09:46:42 PM
8369A,N,V,04/02/2026 11:56:28 PM
8369B,N,O,04/02/2026 12:33:19 PM
8370A,N,O,04/02/2026 08:40:09 PM
8370B,N,V,04/02/2026 07:48:30 PM
8371A,N,O,04/02/2026 10:11:50 PM
8371B,N,V,04/02/2026 10:38:04 PM
8372A,N,V,04/02/2026 10:20:54 PM
8372B,N,O,04/02/2026 01:29:12 PM
8373A,N,O,04/02/2026 09:58:37 PM
8373B,N,V,04/02/2026 11:59:48 PM
8374A,N,V,04/02/2026 11:25:10 PM
8374B,N,V,04/02/2026 11:58:17 PM
8375A,N,O,04/02/2026 11:59:52 PM
8375B,N,V,04/02/2026 11:58:41 PM
8376A,N,O,04/02/2026 11:41:31 AM
8377A,N,O,04/02/2026 11:58:34 PM
8378A,N,O,04/02/2026 09:15:51 PM
8378B,N,O,04/02/2026 07:25:38 PM
8379A,NU,V,04/02/2026 10:39:35 PM
8379B,NU,O,04/02/2026 08:50:35 PM
8380A,N,O,04/02/2026 11:37:04 PM
8380B,N,O,04/02/2026 09:23:59 PM
8381A,N,V,04/02/2026 11:59:58 PM
8381B,N,V,04/02/2026 05:42:36 PM
8382A,N,V,04/02/2026 11:45:11 PM
8382B,N,V,04/02/2026 09:34:09 PM
8383A,NU,V,04/02/2026 11:47:34 PM
8383B,NU,V,04/02/2026 11:45:22 PM
8384A,N,O,04/02/2026 05:46:18 PM
8384B,N,O,04/02/2026 09:22:27 PM
8385A,N,O,04/02/2026 10:19:55 PM
8385B,N,O,04/02/2026 10:56:13 PM
8386A,N,O,04/02/2026 11:30:49 PM
8386B,N,V,04/02/2026 09:58:33 PM
8387A,N,O,04/02/2026 10:44:22 PM
8387B,N,V,04/02/2026 10:22:10 PM
8388A,N,O,04/02/2026 10:23:06 PM
8388B,N,O,04/02/2026 08:35:12 PM
8389A,N,O,04/02/2026 09:41:56 PM
8390A,N,V,04/02/2026 10:49:32 PM
8390B,N,O,04/02/2026 05:56:51 PM
8391A,N,O,04/02/2026 07:19:58 PM
8391B,N,O,04/02/2026 11:46:36 PM
8392A,N,V,04/02/2026 11:56:50 PM
8392B,N,O,04/02/2026 09:02:56 PM
8393A,N,O,04/02/2026 09:21:30 PM
8393B,N,V,04/02/2026 09:36:41 PM
8394A,N,O,04/02/2026 11:01:16 PM
8394B,N,V,04/02/2026 10:59:34 PM
8395A,N,V,04/02/2026 09:21:06 PM
8395B,N,O,04/02/2026 11:40:24 PM
8396B,N,O,04/02/2026 10:56:10 PM
8397A,N,V,04/02/2026 11:52:53 PM
8401B,N,O,04/02/2026 11:46:02 PM
8402A,N,O,04/02/2026 06:21:54 PM
8402B,N,O,04/02/2026 06:35:57 PM
8403A,N,O,04/02/2026 06:56:47 AM
8403B,N,O,04/02/2026 09:36:33 PM
8404A,N,O,04/02/2026 11:56:18 AM
8404B,N,O,04/02/2026 07:45:22 PM
8405A,N,O,04/02/2026 09:48:58 PM
8405B,N,O,04/02/2026 07:00:00 AM
8406A,N,O,04/02/2026 06:58:46 AM
8406B,N,O,04/02/2026 06:58:46 AM
8407A,N,O,04/02/2026 06:58:08 AM
8407B,N,O,04/02/2026 06:57:49 AM
8408A,N,O,04/02/2026 07:00:41 PM
8408B,N,O,04/02/2026 04:45:37 PM
8409A,N,O,04/02/2026 08:53:31 PM
8409B,N,O,04/02/2026 08:52:57 PM
8410A,N,O,04/02/2026 06:42:35 PM
8411A,N,O,04/02/2026 06:58:52 AM
8411B,N,V,04/02/2026 11:58:42 PM
8412A,N,O,04/02/2026 04:00:28 PM
8412B,N,O,04/02/2026 06:38:27 PM
8413A,N,O,04/02/2026 11:47:07 PM
8413B,N,O,04/02/2026 10:38:20 PM
8414A,N,V,04/02/2026 11:59:52 PM
8414B,N,O,04/02/2026 10:17:07 PM
8415A,N,O,04/02/2026 07:29:15 PM
8415B,N,O,04/02/2026 09:49:45 PM
8416A,N,O,04/02/2026 10:33:23 PM
8416B,N,O,04/02/2026 12:57:13 PM
8417A,N,V,04/02/2026 11:58:52 PM
8417B,N,V,04/02/2026 11:49:42 PM
8418A,N,O,04/02/2026 11:50:00 PM
8418B,N,V,04/02/2026 11:56:04 PM
8419A,N,V,04/02/2026 08:03:48 PM
8419B,N,O,04/02/2026 06:30:24 PM
8433A,N,O,04/02/2026 02:10:09 PM
8434A,N,O,04/02/2026 06:29:19 PM
8434B,N,V,04/02/2026 11:59:44 PM
8435A,N,O,04/02/2026 04:53:27 PM
8435B,N,O,04/02/2026 04:53:17 PM
8437A,N,O,04/02/2026 11:58:04 PM
8437B,N,V,04/02/2026 11:57:04 PM
8438A,N,O,04/02/2026 09:28:49 PM
8438B,N,O,04/02/2026 10:43:34 PM
8439A,N,V,04/02/2026 11:02:12 PM
8441A,N,O,04/02/2026 05:31:55 PM
8441B,N,O,04/02/2026 06:58:49 AM
8442B,N,O,04/02/2026 03:59:48 PM
8448A,N,O,04/02/2026 09:47:16 PM
8448B,N,O,04/02/2026 11:17:55 PM
8449A,N,O,04/02/2026 05:15:38 PM
8449B,N,O,04/02/2026 10:13:08 PM
8450A,N,O,04/02/2026 09:58:30 PM
8450B,N,O,04/02/2026 11:15:52 PM
8451A,N,O,04/02/2026 06:58:53 AM
8451B,N,O,04/02/2026 10:59:24 AM
8452A,N,O,04/02/2026 08:20:44 PM
8452B,N,O,04/02/2026 06:27:10 PM
8453A,N,O,04/02/2026 11:46:30 PM
8453B,N,O,04/02/2026 06:56:51 AM
8454A,N,V,04/02/2026 11:50:26 PM
8454B,N,O,04/02/2026 06:55:51 AM
8455A,N,O,04/02/2026 08:46:51 PM
8455B,N,O,04/02/2026 08:18:13 PM
8456A,N,O,04/02/2026 06:03:17 PM
8456B,N,O,04/02/2026 09:17:53 PM
8457A,N,O,04/02/2026 06:22:52 PM
8457B,N,V,04/02/2026 11:59:59 PM
8474A,N,O,04/02/2026 11:50:40 PM
8474B,N,O,04/02/2026 06:56:01 AM
8476A,N,O,04/02/2026 04:25:47 PM
8476B,N,O,04/02/2026 11:05:40 PM
8477A,N,O,04/02/2026 10:26:05 PM
8477B,N,O,04/02/2026 06:57:47 AM
8490B,N,O,04/02/2026 09:37:25 PM
8491A,N,O,04/02/2026 04:18:59 PM
8491B,N,O,04/02/2026 09:26:37 PM
8492A,N,O,04/02/2026 06:57:41 AM
8492B,N,O,04/02/2026 07:19:32 PM
8493A,N,O,04/02/2026 06:29:39 PM
8493B,N,V,04/02/2026 11:00:25 PM
8494A,N,O,04/02/2026 09:46:10 PM
8494B,N,O,04/02/2026 09:00:35 PM
8495A,N,O,04/02/2026 11:59:26 PM
8495B,N,O,04/02/2026 04:30:56 PM
8496A,N,O,04/02/2026 09:21:02 PM
8496B,N,O,04/02/2026 09:56:58 PM
8497A,N,O,04/02/2026 04:48:00 PM
8497B,N,O,04/02/2026 06:17:45 PM
8498A,N,O,04/02/2026 04:11:44 PM
8498B,N,O,04/02/2026 07:00:19 PM
8499A,N,O,04/02/2026 11:57:41 PM
8503A,N,O,04/02/2026 11:36:36 PM
8503B,N,O,04/02/2026 06:56:55 AM
8504A,N,O,04/02/2026 09:29:20 AM
8504B,N,O,04/02/2026 10:17:29 AM
8505A,N,O,04/02/2026 10:57:57 PM
8505B,N,O,04/02/2026 11:59:45 PM
8506A,N,O,04/02/2026 11:07:29 PM
8506B,N,O,04/02/2026 11:56:31 PM
8507B,N,O,04/02/2026 08:54:02 PM
8508A,N,O,04/02/2026 05:18:12 PM
8508B,N,V,04/02/2026 11:46:54 PM
8509A,N,O,04/02/2026 05:52:12 PM
8509B,N,O,04/02/2026 08:29:22 PM
8510A,N,O,04/02/2026 07:00:00 AM
8510B,N,O,04/02/2026 02:23:57 PM
8511A,N,O,04/02/2026 10:50:33 AM
8511B,N,O,04/02/2026 06:04:21 PM
8512A,N,O,04/02/2026 10:09:53 PM
8512B,N,O,04/02/2026 09:26:05 PM
8513A,N,O,04/02/2026 08:00:18 PM
8513B,N,O,04/02/2026 11:17:23 PM
8514A,N,O,04/02/2026 06:23:21 PM
8514B,N,O,04/02/2026 10:15:03 PM
8515A,N,O,04/02/2026 08:09:49 PM
8540A,N,O,04/02/2026 06:59:46 AM
8540B,N,V,04/01/2026 08:57:03 PM
8541A,N,O,04/02/2026 06:58:48 AM
8541B,N,O,04/02/2026 06:58:48 AM
8542A,NU,O,04/03/2026 12:00:02 AM
8542B,NU,O,04/02/2026 09:55:12 PM
8543A,N,O,04/02/2026 07:49:50 PM
8543B,N,O,04/02/2026 05:51:04 PM
8544A,N,O,04/02/2026 06:55:47 AM
8544B,N,O,04/02/2026 10:55:41 PM
8545A,N,O,04/02/2026 07:47:51 AM
8545B,N,O,04/02/2026 10:52:59 PM
8546A,N,V,04/02/2026 06:25:54 PM
8546B,N,O,04/02/2026 10:37:53 PM
8547A,N,O,04/02/2026 08:49:07 PM
8547B,N,O,04/02/2026 05:20:04 PM
8548A,N,O,04/02/2026 10:26:10 PM
8548B,N,O,04/02/2026 06:24:16 PM
8549A,N,V,04/02/2026 11:18:42 PM
8549B,N,O,04/02/2026 09:41:15 PM
8550A,N,O,04/02/2026 09:29:30 PM
8550B,N,V,04/02/2026 10:55:17 PM
8551A,N,O,04/02/2026 09:18:05 PM
8551B,N,O,04/02/2026 10:11:20 PM
8552A,N,O,04/02/2026 10:12:05 AM
8552B,N,O,04/02/2026 06:57:50 AM
8553A,N,O,04/02/2026 10:19:34 AM
8553B,N,O,04/02/2026 10:19:34 AM
8554A,N,O,04/02/2026 06:55:44 AM
8554B,N,O,04/02/2026 06:55:44 AM
8555A,N,O,04/02/2026 06:59:43 AM
8557A,N,O,04/02/2026 10:23:30 PM
8557B,N,O,04/02/2026 11:16:00 PM
8558A,N,O,04/02/2026 04:36:22 PM
8558B,N,O,04/02/2026 08:22:06 PM
8561A,N,O,04/02/2026 07:17:14 PM
8561B,N,O,04/02/2026 11:31:18 PM
8562B,N,O,04/02/2026 12:19:58 PM
8563A,N,O,04/02/2026 12:06:04 PM
8563B,N,O,04/02/2026 06:56:51 AM
8564A,N,O,04/02/2026 06:56:01 AM
8564B,N,O,04/01/2026 06:55:49 AM
8565A,N,O,04/02/2026 04:23:55 PM
8565B,N,O,04/02/2026 08:36:40 PM
8566A,N,O,04/02/2026 08:45:06 AM
8566B,N,V,04/02/2026 11:57:46 PM
8568A,N,O,04/02/2026 10:37:57 PM
8568B,N,V,03/03/2026 11:41:56 PM
8569A,N,O,04/02/2026 10:43:04 PM
8569B,N,O,04/02/2026 11:58:38 PM
8590A,N,O,04/02/2026 07:43:34 PM
8590B,N,O,04/02/2026 07:35:44 PM
8591A,N,O,04/02/2026 10:59:10 PM
8591B,N,O,04/02/2026 08:16:59 PM
8592A,N,O,04/02/2026 07:36:48 PM
8592B,N,O,04/02/2026 10:35:04 PM
8593A,N,O,04/02/2026 09:21:50 PM
8593B,N,O,04/02/2026 09:21:46 PM
8594A,N,O,04/02/2026 08:02:45 PM
8594B,N,O,04/02/2026 04:34:18 PM
8595A,N,O,04/02/2026 06:59:51 AM
8595B,N,O,04/02/2026 11:54:53 AM
8596A,N,O,04/02/2026 10:58:05 AM
8597A,N,V,04/02/2026 09:27:57 PM
8597B,N,O,04/02/2026 11:47:25 PM
8598A,N,O,04/02/2026 10:14:14 PM
8598B,N,O,04/02/2026 07:54:05 PM
8599A,N,V,04/02/2026 11:58:04 PM
8599B,N,O,04/02/2026 09:06:59 PM
8600A,N,O,04/02/2026 08:10:18 PM
8600B,N,V,04/02/2026 11:24:31 PM
8611A,N,O,04/02/2026 09:58:21 PM
8611B,N,O,04/02/2026 03:37:07 PM
8612A,N,O,04/02/2026 07:13:02 PM
8612B,N,O,04/02/2026 03:24:36 PM
8613A,N,O,04/02/2026 11:20:23 PM
8613B,N,O,04/02/2026 09:26:41 AM
8614A,N,O,04/02/2026 11:49:56 PM
8614B,N,O,04/02/2026 06:55:46 AM
8616A,N,O,04/02/2026 08:57:36 PM
8616B,N,O,04/02/2026 11:11:47 PM
8617A,N,O,04/02/2026 04:53:41 PM
8617B,N,O,04/02/2026 08:58:49 PM
8618A,N,O,04/02/2026 07:29:15 PM
8618B,N,O,04/02/2026 09:54:52 PM
8619A,N,O,04/02/2026 04:01:29 PM
8619B,N,O,04/02/2026 05:34:04 PM
8620A,N,O,04/02/2026 06:50:46 PM
8622A,N,O,04/02/2026 06:57:46 AM
8623A,N,O,04/02/2026 07:17:45 PM
8623B,N,O,04/02/2026 06:53:49 PM
8625A,N,O,04/02/2026 10:26:09 AM
8625B,N,O,04/02/2026 10:45:51 PM
8626A,N,O,04/02/2026 05:41:41 PM
8627A,N,O,04/02/2026 09:07:40 PM
8627B,N,O,04/02/2026 10:57:11 PM
8628A,N,O,04/02/2026 07:48:07 PM
8628B,N,O,04/02/2026 11:25:30 PM
8629A,N,O,04/02/2026 10:22:35 PM
8629B,N,O,04/02/2026 10:04:39 PM
8630A,N,O,04/02/2026 06:55:19 PM
8630B,N,O,04/02/2026 10:05:42 PM
8631A,N,O,04/02/2026 08:19:19 PM
8631B,N,O,04/02/2026 11:48:05 PM
8632A,N,O,04/02/2026 10:01:27 PM
8632B,N,O,04/02/2026 10:34:09 PM
8633A,N,O,04/02/2026 05:20:11 PM
8633B,N,O,04/02/2026 11:26:22 PM
8634A,N,V,04/02/2026 08:29:04 PM
8634B,N,O,04/02/2026 03:53:07 PM
8635A,N,O,04/02/2026 07:20:12 AM
8635B,N,O,04/02/2026 05:42:59 PM
8646A,N,V,04/02/2026 11:55:18 PM
8646B,N,O,04/02/2026 11:18:24 AM
8647A,N,O,04/02/2026 04:37:11 PM
8647B,N,O,04/02/2026 10:35:11 PM
8648A,N,O,04/02/2026 10:14:07 PM
8648B,N,O,04/02/2026 09:12:11 PM
8649A,N,O,04/02/2026 03:44:50 PM
8649B,N,O,04/02/2026 09:36:05 PM
8651A,N,O,04/02/2026 11:33:30 PM
8651B,N,O,04/02/2026 05:50:00 PM
8652A,N,O,04/02/2026 11:38:39 PM
8652B,N,O,04/02/2026 09:48:49 AM
8653A,N,O,04/02/2026 03:41:27 PM
8653B,N,O,04/02/2026 05:29:53 PM
8654A,N,O,04/02/2026 10:02:09 PM
8654B,N,O,04/02/2026 08:48:18 PM
8655A,N,O,04/02/2026 08:17:55 PM
8655B,N,O,04/02/2026 11:03:31 PM
8656A,N,O,04/02/2026 11:17:59 PM
8656B,N,O,04/02/2026 11:37:47 PM
8657A,N,O,04/02/2026 06:57:47 AM
8657B,N,V,04/02/2026 11:21:04 PM
8664A,N,O,04/02/2026 09:06:39 PM
8665A,N,O,04/02/2026 10:46:13 PM
8665B,N,O,04/02/2026 06:57:10 PM
8666A,N,O,04/02/2026 11:57:38 PM
8666B,N,O,04/02/2026 07:08:49 PM
8667A,N,O,04/02/2026 10:28:13 PM
8667B,N,V,04/02/2026 11:59:59 PM
8668A,N,O,04/02/2026 10:58:50 AM
8668B,N,O,04/02/2026 08:48:59 PM
8669A,N,O,04/02/2026 11:17:52 PM
8669B,N,V,04/02/2026 01:39:37 PM
8673A,N,O,04/02/2026 08:31:21 PM
8673B,N,O,04/02/2026 08:35:44 PM
8674A,N,O,04/02/2026 07:51:10 PM
8675A,N,V,04/02/2026 11:55:31 PM
8675B,N,O,04/02/2026 02:44:23 PM
8676A,N,O,04/02/2026 08:01:39 PM
8676B,N,O,04/02/2026 02:43:44 PM
8677B,N,V,04/02/2026 11:43:26 PM
8678A,N,O,04/02/2026 07:30:44 PM
8678B,N,O,04/02/2026 12:09:47 PM
8679A,N,O,04/02/2026 11:04:10 PM
8679B,N,V,04/02/2026 11:59:41 PM
8680A,N,O,04/02/2026 08:59:04 PM
8680B,N,O,04/02/2026 10:36:36 AM
8684A,N,O,04/02/2026 10:30:20 PM
8684B,N,O,04/02/2026 04:32:28 PM
8685A,N,V,04/02/2026 11:56:51 PM
8685B,N,O,04/02/2026 09:52:20 PM
8687A,N,O,04/02/2026 08:44:11 PM
8687B,N,O,04/02/2026 02:25:41 PM
8688A,N,O,04/02/2026 07:56:49 AM
8690B,N,O,04/02/2026 09:22:37 PM
8691A,N,O,04/02/2026 09:18:38 PM
8691B,N,O,04/02/2026 10:47:25 PM
8692A,N,O,04/02/2026 08:39:09 PM
8692B,N,O,04/02/2026 06:19:03 PM
8693A,N,O,04/02/2026 11:46:37 PM
8693B,N,O,04/02/2026 12:58:03 PM
8694A,N,O,04/02/2026 09:35:23 PM
8694B,N,O,04/02/2026 06:02:42 PM
8695A,N,O,04/02/2026 11:23:10 PM
8695B,N,O,04/02/2026 06:00:55 PM
8696A,N,O,04/02/2026 04:26:19 PM
8696B,N,O,04/02/2026 05:25:30 PM
8700A,N,V,04/02/2026 11:49:59 PM
8700B,N,O,04/02/2026 09:18:02 PM
8705A,N,O,04/02/2026 05:32:12 PM
8705B,N,O,04/02/2026 10:02:56 PM
8706A,N,O,04/02/2026 07:58:55 AM
8706B,N,O,04/02/2026 10:17:42 PM
8707A,N,O,04/02/2026 10:30:55 PM
8707B,N,O,04/02/2026 09:56:02 PM
8708A,N,O,04/02/2026 09:04:15 PM
8708B,N,O,04/02/2026 07:30:54 PM
870A,N,O,04/02/2026 06:04:52 PM
870B,N,V,04/02/2026 11:56:09 PM
8710A,N,O,04/02/2026 08:07:52 PM
8711A,N,O,04/02/2026 06:58:48 AM
8711B,N,O,04/02/2026 03:40:03 PM
8713A,N,O,04/02/2026 08:51:30 PM
8713B,N,O,04/02/2026 08:23:37 PM
8714A,N,O,04/02/2026 06:47:16 PM
8714B,N,V,04/03/2026 12:00:02 AM
8715A,N,V,04/01/2026 11:08:21 PM
8715B,N,V,04/02/2026 08:50:55 PM
8716B,N,V,04/02/2026 10:32:38 PM
8717A,N,O,04/02/2026 03:51:14 PM
8717B,N,V,04/02/2026 03:53:41 PM
8718A,N,V,04/01/2026 10:48:41 PM
8718B,N,V,04/02/2026 08:07:37 PM
8719B,N,V,04/02/2026 11:59:53 PM
871A,N,O,04/02/2026 10:11:28 PM
871B,N,O,04/02/2026 09:56:14 PM
8720A,N,O,04/02/2026 05:21:27 PM
8720B,N,O,04/02/2026 06:18:56 PM
8721A,N,O,04/02/2026 11:32:54 PM
8721B,N,O,04/02/2026 06:58:45 AM
8722A,N,V,04/02/2026 10:53:40 PM
8722B,N,O,04/02/2026 09:52:56 PM
8723B,N,O,04/02/2026 07:16:28 PM
8724A,N,V,04/02/2026 07:40:58 PM
8724B,N,O,04/02/2026 11:13:38 PM
8725A,N,O,04/02/2026 06:54:15 PM
8725B,N,O,04/02/2026 11:16:50 PM
8726A,N,O,04/02/2026 06:42:16 PM
8726B,N,O,04/02/2026 08:40:36 AM
8727A,N,V,04/01/2026 01:08:55 PM
8727B,N,V,04/02/2026 11:59:18 PM
8728A,N,V,04/02/2026 10:55:20 PM
8728B,N,V,04/01/2026 11:50:41 AM
8729A,N,V,03/31/2026 01:18:09 PM
8729B,N,V,04/02/2026 07:39:34 PM
8730A,N,O,04/02/2026 09:45:34 PM
8730B,N,O,04/02/2026 10:30:15 PM
8731A,N,O,04/02/2026 04:55:18 PM
8731B,N,O,04/02/2026 05:16:46 PM
8733A,N,V,04/02/2026 11:57:37 PM
8733B,N,V,04/02/2026 11:41:13 PM
8734A,N,O,04/02/2026 10:41:58 PM
8734B,N,O,04/02/2026 09:46:50 PM
8735A,N,O,04/02/2026 11:36:41 PM
8735B,N,O,04/02/2026 10:47:37 PM
8736A,N,O,04/02/2026 05:50:25 PM
8736B,N,O,04/02/2026 11:29:56 PM
8737A,N,O,04/02/2026 07:47:04 PM
8737B,N,O,04/02/2026 06:21:17 PM
8738A,N,O,04/02/2026 10:06:35 PM
8738B,N,V,04/02/2026 11:57:27 PM
8739A,N,O,04/02/2026 06:03:18 PM
8739B,N,O,04/02/2026 10:38:19 PM
8750A,N,O,04/02/2026 06:59:50 AM
8751A,N,O,04/02/2026 10:27:35 PM
8751B,N,O,04/02/2026 07:47:41 PM
8753A,N,O,04/02/2026 11:56:57 PM
8754A,N,O,04/02/2026 09:57:42 PM
8754B,N,O,04/02/2026 11:34:14 PM
8755B,N,O,04/02/2026 09:09:59 PM
8756A,N,O,04/02/2026 08:38:43 PM
8757A,N,O,04/02/2026 11:25:10 AM
8757B,N,O,04/02/2026 06:57:48 AM
8758A,N,O,04/02/2026 11:27:02 PM
8758B,N,O,04/02/2026 06:56:44 AM
8759A,N,O,04/02/2026 04:03:32 PM
8759B,N,O,04/02/2026 11:09:53 PM
8760B,N,O,04/02/2026 11:37:29 PM
8762A,N,O,04/02/2026 10:25:32 PM
8762B,N,V,04/02/2026 07:52:54 PM
8764A,N,O,04/03/2026 12:00:04 AM
8765A,N,O,04/02/2026 11:04:46 PM
8765B,N,O,04/03/2026 12:00:00 AM
8766A,N,O,04/02/2026 04:46:15 PM
8766B,N,O,04/02/2026 10:30:26 PM
8767A,N,O,04/02/2026 04:24:39 PM
8767B,N,O,04/02/2026 11:32:31 PM
8768A,N,O,04/02/2026 08:10:03 PM
8768B,N,O,04/02/2026 09:54:59 PM
876A,N,V,04/02/2026 09:13:27 PM
876B,N,O,04/02/2026 08:33:56 AM
877A,N,O,04/02/2026 11:51:02 PM
877B,N,V,04/02/2026 10:24:04 PM
878A,N,O,04/02/2026 11:51:51 PM
878B,N,V,04/02/2026 11:04:13 PM
879A,N,O,04/02/2026 11:18:46 PM
879B,N,V,04/01/2026 11:59:19 PM
8803A,N,O,04/02/2026 06:56:51 AM
8804A,N,V,04/02/2026 11:35:09 PM
8804B,N,O,04/02/2026 11:59:22 PM
8805A,N,O,04/02/2026 07:00:01 AM
8805B,N,O,04/02/2026 06:59:46 AM
8806A,N,O,04/02/2026 03:25:06 PM
8806B,N,O,04/02/2026 03:25:06 PM
8807A,N,O,04/02/2026 10:27:17 PM
8807B,N,O,04/02/2026 06:57:47 AM
8808B,N,O,04/02/2026 09:38:50 PM
8809A,N,V,04/02/2026 11:48:06 PM
8809B,N,O,04/02/2026 11:53:34 PM
880A,N,V,04/02/2026 09:40:47 PM
880B,N,V,04/02/2026 02:57:55 PM
8810A,N,O,04/02/2026 11:23:31 PM
8810B,N,O,04/02/2026 06:04:20 PM
8819A,N,O,04/02/2026 11:10:48 PM
8819B,N,O,04/02/2026 10:23:25 PM
881A,N,V,04/02/2026 03:28:55 PM
881B,N,V,04/02/2026 02:53:04 PM
8820A,N,O,04/02/2026 01:28:43 PM
8820B,N,O,04/02/2026 09:42:32 PM
8822A,N,V,04/02/2026 11:41:32 PM
8822B,N,V,04/02/2026 11:39:15 PM
8825A,N,O,04/02/2026 08:28:28 PM
8825B,N,V,04/02/2026 11:28:56 PM
8826A,N,O,04/02/2026 10:32:59 PM
8826B,N,O,04/02/2026 10:24:36 PM
8827A,N,O,04/02/2026 06:24:06 PM
882A,N,O,04/02/2026 09:24:22 PM
882B,N,V,04/02/2026 11:47:07 PM
8830A,N,O,04/02/2026 06:44:44 PM
8830B,N,O,04/02/2026 12:18:58 PM
8831A,N,O,04/02/2026 03:51:31 PM
8831B,N,O,04/02/2026 08:19:55 AM
8832A,N,O,04/02/2026 10:53:21 AM
8832B,N,O,04/02/2026 02:36:57 PM
8833A,N,O,04/02/2026 05:36:28 PM
8833B,N,O,04/02/2026 08:09:57 PM
8834A,N,O,04/02/2026 05:42:08 PM
8834B,N,O,04/02/2026 05:41:04 PM
8835A,N,O,04/02/2026 07:55:43 AM
8835B,N,O,04/02/2026 06:59:48 AM
883A,N,V,04/02/2026 07:37:53 PM
883B,N,O,04/02/2026 11:59:57 PM
884A,N,O,04/02/2026 11:59:16 PM
884B,N,V,04/02/2026 11:59:58 PM
8856A,N,O,04/02/2026 11:55:58 PM
8856B,N,V,04/02/2026 11:59:55 PM
8857A,N,O,04/02/2026 09:31:35 PM
8857B,N,O,04/02/2026 08:19:15 PM
8859A,N,O,04/02/2026 08:44:49 PM
8859B,N,V,04/02/2026 11:22:31 AM
885A,N,V,04/02/2026 11:54:38 PM
885B,N,V,04/02/2026 11:50:33 PM
8860A,N,O,04/02/2026 08:00:33 AM
8860B,N,O,04/02/2026 07:59:46 AM
8862A,N,O,04/02/2026 05:03:05 PM
8862B,N,O,04/02/2026 01:12:20 PM
886A,N,V,04/02/2026 11:12:32 PM
886B,N,O,04/02/2026 10:44:55 PM
8886A,N,O,04/02/2026 11:34:47 PM
8886B,N,O,04/02/2026 06:58:47 AM
8888A,N,O,04/02/2026 04:58:55 PM
8890A,N,O,04/02/2026 11:52:37 PM
8890B,N,O,04/02/2026 08:32:52 PM
8891A,N,O,04/02/2026 04:45:37 PM
8891B,N,O,04/02/2026 10:19:41 PM
8892A,N,O,04/02/2026 10:43:44 PM
8892B,N,O,04/02/2026 09:58:59 PM
8893A,N,O,04/02/2026 03:14:52 PM
8893B,N,O,04/02/2026 03:19:08 PM
8894B,N,O,04/02/2026 10:44:54 PM
8895A,N,O,04/02/2026 02:58:55 PM
8895B,N,O,04/02/2026 06:25:03 PM
8896A,N,O,04/02/2026 11:09:49 PM
8896B,N,O,04/02/2026 04:13:26 PM
8897A,N,V,04/02/2026 01:56:33 PM
8897B,N,O,04/02/2026 07:07:33 PM
8899A,N,O,04/02/2026 10:45:59 PM
8899B,N,O,04/02/2026 10:58:45 PM
889A,N,O,04/02/2026 11:50:55 PM
889B,N,V,04/02/2026 11:48:04 PM
88A,N,O,04/02/2026 11:46:50 PM
88B,N,V,04/02/2026 11:59:52 PM
8900A,N,O,04/02/2026 08:04:03 PM
8900B,N,O,04/02/2026 11:43:28 PM
8904A,N,O,04/02/2026 08:55:12 PM
8904B,N,O,04/02/2026 07:48:36 PM
8906A,N,O,04/02/2026 09:15:03 PM
8906B,N,O,04/02/2026 11:09:06 PM
890A,N,V,04/02/2026 11:26:24 PM
890B,N,V,04/02/2026 11:37:56 PM
8935A,N,O,04/02/2026 03:11:47 PM
8935B,N,O,04/02/2026 07:17:31 PM
8936A,N,O,04/02/2026 01:54:51 PM
8936B,N,O,04/02/2026 10:38:47 PM
8937A,N,O,04/02/2026 10:49:28 PM
8937B,N,O,04/02/2026 02:03:09 PM
8938A,N,O,04/02/2026 06:39:40 PM
8938B,N,O,04/02/2026 10:13:40 PM
8939A,N,O,04/02/2026 10:21:09 PM
8939B,N,O,04/02/2026 07:47:30 AM
8961A,N,O,04/02/2026 08:52:27 AM
8961B,N,O,04/02/2026 06:35:32 PM
8962A,N,O,04/02/2026 11:29:43 AM
8962B,N,O,04/02/2026 07:57:56 AM
8963A,N,O,04/02/2026 02:33:54 PM
8963B,N,O,04/02/2026 02:33:54 PM
8964B,N,O,04/02/2026 07:55:50 AM
8965A,N,O,04/02/2026 08:01:02 AM
8965B,N,O,04/02/2026 02:55:51 PM
8966A,N,O,04/01/2026 07:58:46 AM
8966B,N,O,04/02/2026 07:58:55 AM
899B,N,O,04/02/2026 06:55:51 AM
89A,N,V,04/02/2026 10:46:14 PM
89B,N,V,04/02/2026 11:53:39 PM
8A,NU,V,02/25/2026 11:17:55 PM
8B,NU,O,02/25/2026 08:56:25 PM
90004A,N,O,04/03/2026 01:56:30 AM
90004B,N,O,04/03/2026 01:56:22 AM
90006A,N,O,04/03/2026 12:00:41 AM
90006B,N,O,04/03/2026 12:00:27 AM
90007A,N,O,04/03/2026 12:02:28 AM
90007B,N,O,04/03/2026 12:00:17 AM
90010A,N,O,04/03/2026 01:59:49 AM
90010B,N,O,04/03/2026 01:59:49 AM
90055A,NU,O,03/28/2026 12:30:40 PM
90055B,NU,O,03/27/2026 02:03:59 PM
90056A,N,O,04/03/2026 05:58:53 AM
90056B,N,O,04/03/2026 05:58:53 AM
90061A,NU,V,07/03/2023 10:42:34 AM
90061B,NU,V,07/03/2023 10:42:34 AM
90063A,NU,O,12/22/2025 03:31:18 PM
90063B,NU,O,12/22/2025 03:27:37 PM
90064A,NU,O,12/22/2025 03:32:45 PM
90064B,NU,O,12/22/2025 03:32:45 PM
90066A,NU,O,03/28/2026 12:30:43 PM
90066B,NU,O,03/28/2026 12:31:04 PM
900A,N,O,04/03/2026 07:04:01 AM
900B,N,O,04/03/2026 08:05:42 AM
901A,N,O,04/03/2026 07:43:59 AM
901B,N,O,04/03/2026 08:12:53 AM
9021A,N,O,04/01/2026 06:58:44 AM
9021B,N,O,04/02/2026 06:05:54 PM
9022A,N,O,04/02/2026 10:18:43 PM
9022B,N,O,04/02/2026 04:28:45 PM
902A,N,V,01/12/2026 10:52:05 AM
902B,N,O,01/12/2026 10:51:48 AM
9034A,N,O,04/02/2026 10:49:04 PM
9034B,N,O,04/02/2026 07:16:52 PM
9035A,N,O,04/02/2026 06:59:44 AM
9035B,N,O,04/02/2026 06:59:44 AM
9036A,N,O,04/02/2026 07:59:02 PM
9036B,N,O,04/02/2026 06:58:53 AM
9037A,N,O,04/02/2026 06:11:21 PM
9037B,N,O,04/02/2026 10:03:19 AM
9038A,N,O,04/02/2026 06:57:10 AM
9038B,N,O,04/02/2026 06:56:47 AM
9039A,N,O,04/02/2026 06:55:46 AM
9039B,N,O,04/02/2026 06:55:50 AM
903A,N,O,04/03/2026 07:45:21 AM
903B,N,O,04/03/2026 06:56:50 AM
9040A,N,O,04/01/2026 07:00:20 AM
9040B,N,O,04/02/2026 07:16:47 PM
9041A,N,O,04/02/2026 11:50:04 AM
9041B,N,O,04/02/2026 07:56:21 PM
9044A,N,O,04/02/2026 06:55:49 AM
9044B,N,O,04/02/2026 11:08:17 PM
904A,N,O,04/03/2026 07:39:15 AM
904B,N,O,04/03/2026 07:17:04 AM
9051A,N,O,04/02/2026 06:58:51 AM
9051B,N,O,04/02/2026 07:35:30 PM
9052A,N,O,04/02/2026 10:59:54 AM
9052B,N,O,04/02/2026 06:57:49 AM
9053A,N,O,04/02/2026 06:56:47 AM
9053B,N,O,04/02/2026 09:22:19 PM
9054A,N,O,03/30/2026 02:42:09 PM
9054B,N,V,04/02/2026 11:35:16 PM
9055A,N,O,04/02/2026 06:34:21 PM
9055B,N,V,04/02/2026 11:48:30 PM
9056B,N,O,04/02/2026 06:58:57 AM
905A,N,O,04/03/2026 06:59:50 AM
905B,N,O,04/03/2026 08:10:38 AM
9061A,N,O,04/02/2026 07:07:36 PM
9061B,N,O,04/02/2026 05:58:08 PM
9062A,N,O,04/02/2026 06:57:50 AM
9062B,N,O,04/02/2026 07:07:39 PM
9075A,N,O,04/02/2026 06:59:47 AM
9075B,N,O,04/02/2026 06:59:47 AM
9076A,N,O,04/01/2026 06:58:41 AM
9076B,N,O,04/02/2026 06:58:45 AM
9077A,N,O,04/02/2026 06:58:08 AM
907B,N,O,04/03/2026 06:57:58 AM
9080A,N,O,04/02/2026 10:48:54 PM
9080B,N,O,04/02/2026 12:20:38 PM
9082A,N,O,04/02/2026 10:42:43 PM
9082B,N,O,04/02/2026 03:57:25 PM
9083A,N,O,04/02/2026 10:45:32 PM
9083B,N,O,04/02/2026 11:57:11 PM
9084A,N,O,04/02/2026 09:41:13 PM
9084B,N,O,04/02/2026 10:19:31 PM
9085B,N,O,04/02/2026 06:59:50 AM
9086A,N,O,04/02/2026 07:05:36 PM
9086B,N,O,04/02/2026 06:58:51 AM
9087A,N,O,04/02/2026 06:57:50 AM
9087B,N,O,04/02/2026 06:47:48 PM
9088A,N,O,04/02/2026 06:56:51 AM
9088B,N,O,04/02/2026 06:56:51 AM
9089A,N,O,04/02/2026 10:23:06 PM
9089B,N,O,04/02/2026 07:28:18 PM
908B,N,O,04/02/2026 06:56:44 AM
9090B,N,O,04/02/2026 05:39:33 PM
9091A,N,O,04/02/2026 07:58:45 AM
9092A,N,O,04/02/2026 05:08:31 PM
9092B,N,O,04/02/2026 06:07:47 PM
9093A,N,O,04/02/2026 02:54:13 PM
9093B,N,O,04/02/2026 07:56:57 AM
9094B,N,O,04/02/2026 10:01:48 AM
9095A,N,O,04/02/2026 03:50:00 PM
9095B,N,O,04/02/2026 06:59:53 AM
9096A,N,O,04/02/2026 06:59:41 AM
9096B,N,O,04/02/2026 07:04:36 AM
9098A,N,O,04/02/2026 02:18:40 PM
9098B,N,O,04/02/2026 10:02:04 PM
9099A,N,O,04/02/2026 06:55:45 AM
909A,N,O,04/02/2026 11:27:21 AM
909B,N,O,04/02/2026 12:32:32 PM
90A,N,V,04/02/2026 11:35:35 PM
90B,N,V,04/02/2026 11:16:39 PM
910A,N,O,04/02/2026 07:29:44 PM
912A,N,V,04/02/2026 11:49:30 PM
912B,N,V,04/02/2026 09:48:13 PM
913A,N,O,04/02/2026 05:00:46 PM
913B,N,V,04/02/2026 09:12:04 PM
9143A,N,V,04/02/2026 06:41:14 PM
9143B,N,O,04/02/2026 03:23:14 PM
9144A,N,O,04/02/2026 06:36:54 PM
9144B,N,O,04/02/2026 07:13:18 PM
9145A,N,O,04/02/2026 08:26:03 AM
9145B,N,O,04/02/2026 05:34:16 PM
9146B,N,O,04/02/2026 01:03:16 PM
9156A,N,O,04/02/2026 11:51:55 PM
9156B,N,O,04/02/2026 11:31:19 PM
9157A,N,V,04/02/2026 11:59:38 PM
9157B,N,V,04/02/2026 11:44:34 PM
9158A,N,O,04/02/2026 03:58:18 PM
9158B,N,O,04/02/2026 06:21:48 PM
9159A,N,O,04/02/2026 08:36:16 AM
9159B,N,O,04/02/2026 10:27:04 PM
915B,N,V,04/02/2026 11:31:04 PM
9161A,N,O,04/02/2026 12:23:50 PM
9161B,N,O,04/02/2026 09:51:59 AM
9162B,N,O,04/02/2026 10:48:54 PM
9163A,N,O,04/02/2026 11:40:11 PM
9163B,N,O,04/02/2026 08:50:20 PM
9164A,N,O,04/02/2026 08:38:36 PM
9164B,N,O,04/02/2026 06:55:44 AM
9165A,N,O,04/02/2026 11:03:55 PM
9168B,N,O,04/02/2026 09:05:16 AM
9169A,N,O,04/02/2026 03:55:19 PM
9169B,N,O,04/02/2026 10:47:17 AM
916A,N,V,04/02/2026 09:28:42 AM
9171B,N,V,04/02/2026 11:54:39 PM
9172A,N,O,04/02/2026 05:13:48 PM
9172B,N,O,04/02/2026 08:47:41 PM
9173A,N,O,04/02/2026 10:01:37 PM
9173B,N,V,04/02/2026 11:59:11 PM
9174A,N,V,04/02/2026 11:46:55 PM
9174B,N,O,04/02/2026 08:51:30 PM
9175A,N,V,04/02/2026 11:59:26 PM
9175B,N,V,04/02/2026 11:57:55 PM
9176A,N,O,04/02/2026 10:06:08 PM
9176B,N,O,04/02/2026 08:15:03 PM
9177A,N,O,04/02/2026 09:16:49 PM
9179A,N,O,04/02/2026 07:58:03 PM
9179B,N,O,04/02/2026 10:08:04 PM
9180A,N,O,04/02/2026 09:52:52 PM
9180B,N,O,04/02/2026 10:09:16 PM
9181A,N,O,04/02/2026 12:37:29 PM
9181B,N,O,04/02/2026 04:48:33 PM
9182A,N,O,04/02/2026 06:57:44 AM
9182B,N,O,04/02/2026 09:34:30 PM
9183A,N,O,04/02/2026 09:11:06 PM
9185A,N,O,04/02/2026 11:56:51 PM
9185B,N,O,04/02/2026 09:31:00 PM
9186A,N,O,04/02/2026 10:49:42 PM
9186B,N,O,04/02/2026 07:51:45 PM
9187A,N,O,04/02/2026 06:57:55 AM
9187B,N,O,04/02/2026 09:54:33 AM
9188A,N,O,04/02/2026 03:51:57 PM
9189B,N,O,04/02/2026 08:39:14 PM
918A,N,V,04/02/2026 10:10:51 PM
918B,N,V,04/02/2026 09:24:54 PM
9190A,N,O,04/02/2026 11:59:33 PM
9190B,N,O,04/02/2026 11:06:25 PM
9191A,N,O,04/02/2026 11:47:20 PM
9191B,N,O,04/02/2026 07:39:14 PM
919A,N,V,04/02/2026 10:21:02 PM
919B,N,O,04/02/2026 05:28:21 PM
91A,N,V,04/02/2026 11:19:34 PM
9227A,N,V,04/02/2026 11:54:25 PM
9228A,N,O,04/02/2026 10:21:00 PM
9228B,N,O,04/02/2026 08:30:51 AM
9229A,N,O,04/02/2026 11:43:56 PM
9229B,N,O,04/02/2026 11:47:08 PM
9230A,N,O,04/02/2026 06:59:51 AM
9234B,N,O,04/02/2026 06:55:45 AM
9235A,N,O,04/02/2026 06:25:26 PM
9235B,N,O,04/02/2026 11:47:15 PM
9236A,N,O,04/02/2026 09:37:14 PM
9236B,N,O,04/02/2026 11:51:26 PM
9237A,N,O,04/02/2026 09:37:43 PM
9238A,N,O,04/02/2026 11:32:04 PM
9238B,N,O,04/02/2026 11:48:51 PM
9239A,N,O,04/02/2026 03:08:24 PM
9239B,N,O,04/02/2026 05:47:47 PM
9240A,N,V,04/02/2026 11:08:50 AM
9240B,N,O,04/02/2026 02:44:47 PM
9241B,N,O,04/02/2026 10:44:04 PM
9247B,N,O,04/02/2026 07:57:51 AM
9248A,N,O,04/02/2026 11:37:57 AM
9248B,N,O,04/02/2026 11:27:33 AM
9249A,N,O,04/02/2026 09:07:42 PM
9249B,N,O,04/02/2026 05:15:37 PM
9250B,N,O,04/02/2026 07:00:05 AM
9251A,N,O,04/02/2026 10:17:49 PM
9252A,N,O,04/02/2026 10:09:45 PM
9252B,N,O,04/02/2026 05:18:14 PM
9253A,N,O,04/02/2026 10:35:04 PM
9253B,N,O,04/02/2026 10:29:42 PM
9255A,N,O,04/02/2026 11:11:45 PM
9255B,N,O,04/02/2026 06:59:43 AM
9256A,N,V,04/02/2026 02:00:50 PM
9256B,N,O,04/02/2026 06:58:55 AM
9257A,N,O,04/02/2026 11:37:55 PM
9257B,N,O,04/02/2026 08:29:07 AM
9258A,N,O,04/02/2026 06:56:52 AM
9258B,N,O,04/02/2026 05:29:50 PM
9259A,N,O,04/02/2026 06:31:15 PM
9259B,N,O,04/02/2026 02:04:43 PM
9264A,N,O,04/02/2026 10:46:11 PM
9264B,N,O,04/02/2026 11:47:17 PM
9265A,N,O,04/02/2026 09:07:10 PM
9265B,N,O,04/02/2026 10:48:27 PM
9266A,N,O,04/02/2026 11:00:57 PM
9266B,N,O,04/02/2026 10:57:43 PM
9268A,N,O,04/02/2026 04:13:04 PM
9268B,N,O,04/02/2026 04:13:43 PM
9269A,N,O,04/02/2026 09:03:27 PM
9269B,N,O,04/02/2026 11:27:38 PM
926A,N,O,04/02/2026 07:59:56 PM
926B,N,O,04/03/2026 07:52:14 AM
9270A,N,O,04/02/2026 10:59:05 PM
9270B,N,O,04/02/2026 11:36:03 PM
9271A,N,O,04/02/2026 06:58:49 AM
9271B,N,O,04/02/2026 06:59:04 AM
9272A,N,O,04/02/2026 11:56:44 AM
9272B,N,V,04/02/2026 11:57:31 PM
9273A,N,O,04/02/2026 09:48:43 PM
9273B,N,O,04/02/2026 06:56:44 AM
9274A,N,O,04/02/2026 05:42:31 PM
9274B,N,O,04/02/2026 11:25:32 PM
9276A,N,V,04/02/2026 02:08:02 PM
9276B,N,O,04/02/2026 11:39:57 PM
9277A,N,O,04/02/2026 10:48:57 PM
9277B,N,O,04/02/2026 05:23:41 PM
9278A,N,O,04/02/2026 11:33:22 PM
9278B,N,O,04/02/2026 10:54:55 PM
9279A,N,V,04/02/2026 08:12:09 PM
9279B,N,O,04/02/2026 07:25:34 PM
927A,N,O,04/02/2026 07:59:56 PM
927B,N,V,04/02/2026 07:49:23 PM
9280A,N,O,04/02/2026 04:42:05 PM
9280B,N,O,04/02/2026 07:00:08 AM
9281A,N,O,04/02/2026 10:19:51 PM
9281B,N,O,04/02/2026 10:14:46 PM
9282A,N,O,04/02/2026 07:19:20 AM
9282B,N,O,04/02/2026 12:53:33 PM
9283A,N,O,04/02/2026 06:54:47 PM
9283B,N,O,04/02/2026 07:19:25 PM
9284A,N,O,04/02/2026 11:48:37 PM
9284B,N,O,04/02/2026 06:55:42 AM
9285A,N,O,04/02/2026 05:41:41 PM
9285B,N,O,04/02/2026 10:06:33 PM
9286A,N,V,04/02/2026 11:08:39 PM
9286B,N,O,04/02/2026 05:32:19 PM
9287A,N,V,04/02/2026 11:58:05 PM
9287B,N,V,04/02/2026 11:59:23 PM
9288A,N,O,04/02/2026 08:45:30 PM
9288B,N,V,04/02/2026 11:30:25 PM
9289A,N,O,04/02/2026 12:18:29 PM
9289B,N,O,04/02/2026 11:09:12 PM
928A,N,O,04/03/2026 08:15:32 AM
928B,N,O,04/03/2026 08:17:15 AM
9290A,N,V,04/02/2026 11:25:22 PM
9290B,N,V,04/02/2026 11:19:59 PM
9291B,N,V,04/02/2026 11:05:56 PM
9292B,N,O,04/02/2026 11:55:43 PM
9293A,N,O,04/02/2026 12:30:12 PM
9293B,N,O,04/02/2026 10:55:59 PM
9294A,N,O,04/02/2026 06:55:50 AM
9294B,N,O,04/01/2026 09:27:25 PM
9295A,N,V,04/02/2026 11:59:48 PM
9295B,N,V,04/02/2026 11:57:04 PM
9296A,N,V,04/02/2026 11:59:23 PM
9296B,N,O,04/02/2026 09:29:23 PM
9297A,N,O,04/02/2026 05:26:51 PM
9297B,N,O,04/02/2026 07:17:35 PM
9298A,N,V,04/02/2026 11:55:04 PM
9298B,N,O,04/02/2026 05:41:55 PM
929A,N,V,04/02/2026 07:27:49 PM
929B,N,V,04/02/2026 01:50:41 PM
92A,N,V,04/02/2026 09:01:38 PM
92B,N,V,04/02/2026 09:24:29 PM
930A,N,V,04/03/2026 08:17:29 AM
930B,N,O,04/03/2026 08:17:32 AM
9313A,N,O,04/02/2026 10:16:27 PM
9313B,N,O,04/02/2026 06:56:48 AM
9317A,N,O,04/02/2026 09:05:40 PM
9318A,N,V,04/02/2026 11:08:52 PM
9318B,N,O,04/02/2026 03:31:05 PM
9319A,N,O,04/02/2026 07:56:26 PM
9319B,N,O,04/02/2026 11:41:18 AM
931A,N,O,04/03/2026 06:58:43 AM
931B,N,V,04/03/2026 08:17:30 AM
9320A,N,O,04/02/2026 06:34:30 PM
9320B,N,O,04/02/2026 12:29:38 PM
9325A,N,O,04/02/2026 08:22:03 PM
9325B,N,O,04/02/2026 01:15:26 PM
9326A,N,O,04/02/2026 09:44:33 PM
9326B,N,O,04/02/2026 06:58:45 AM
932A,N,V,04/03/2026 08:15:21 AM
932B,N,V,04/03/2026 07:27:53 AM
9331A,N,O,04/02/2026 11:38:27 PM
9331B,N,O,04/02/2026 11:41:45 PM
9335A,N,V,04/02/2026 11:38:40 PM
9335B,N,O,04/02/2026 08:35:16 AM
9336A,N,O,04/02/2026 11:53:30 PM
9336B,N,O,04/02/2026 05:54:48 PM
9337A,N,V,04/02/2026 10:00:04 PM
9337B,N,O,04/02/2026 10:14:41 PM
9338A,N,V,04/02/2026 11:39:18 PM
9338B,N,O,04/02/2026 10:12:07 PM
9339A,N,O,04/02/2026 10:45:31 PM
9339B,N,O,04/02/2026 11:15:04 PM
933A,N,O,04/02/2026 07:28:21 PM
933B,N,V,04/03/2026 08:16:02 AM
9340A,N,O,04/02/2026 09:02:04 PM
9340B,N,O,04/02/2026 08:52:04 PM
9341A,N,O,04/02/2026 11:34:26 PM
9341B,N,O,04/02/2026 08:34:52 PM
9342A,N,V,04/02/2026 10:25:35 PM
9342B,N,V,04/02/2026 04:35:52 PM
9343A,N,O,04/02/2026 06:06:26 PM
9345B,N,O,04/02/2026 10:09:50 PM
9346A,N,O,04/02/2026 06:00:24 PM
9346B,N,O,04/02/2026 06:58:47 AM
9347A,N,O,04/02/2026 09:46:54 PM
9347B,N,O,04/02/2026 06:00:14 PM
9348A,N,O,04/02/2026 07:13:42 PM
9348B,N,O,04/02/2026 11:13:05 PM
9349A,N,O,04/02/2026 06:55:51 AM
9349B,N,O,04/02/2026 01:43:51 PM
934A,N,V,04/02/2026 07:58:43 PM
934B,N,V,04/02/2026 07:10:49 PM
9350A,N,V,04/02/2026 11:16:57 PM
9350B,N,O,04/02/2026 07:13:36 PM
9351A,N,O,04/02/2026 07:28:55 PM
9351B,N,O,04/02/2026 06:32:54 PM
9352A,N,O,04/02/2026 06:57:47 AM
9353A,N,O,04/02/2026 06:56:43 AM
9353B,N,O,04/02/2026 09:53:55 AM
935A,N,O,04/03/2026 08:15:03 AM
935B,N,V,04/03/2026 07:19:33 AM
9360A,N,O,04/02/2026 10:28:51 PM
9360B,N,V,04/02/2026 11:25:43 PM
9361B,N,O,04/02/2026 10:48:22 PM
9363A,N,V,04/02/2026 11:46:09 PM
9364B,N,O,04/02/2026 08:25:52 AM
9366A,N,O,04/02/2026 03:00:27 PM
9366B,N,O,04/02/2026 08:36:52 AM
9367A,N,O,04/02/2026 11:53:25 PM
9367B,N,O,04/02/2026 09:05:39 PM
9368A,N,O,04/02/2026 12:04:33 PM
9368B,N,O,04/02/2026 10:20:39 AM
9369A,N,V,04/02/2026 11:36:26 PM
9369B,N,O,04/02/2026 09:55:56 PM
936A,N,O,04/03/2026 08:15:18 AM
936B,N,V,04/03/2026 08:17:43 AM
9370B,N,O,04/02/2026 11:44:19 PM
9371A,N,O,04/02/2026 09:29:41 AM
9372A,N,O,04/02/2026 08:10:53 PM
9372B,N,O,04/02/2026 10:26:45 PM
9373A,N,O,04/02/2026 06:23:07 PM
9373B,N,O,04/02/2026 08:55:18 PM
9374A,N,O,04/02/2026 02:40:36 PM
9374B,N,V,04/02/2026 11:21:35 PM
9375A,N,O,04/02/2026 06:59:45 AM
9375B,N,O,04/02/2026 10:01:48 PM
9376A,N,O,04/02/2026 05:08:52 PM
9376B,N,O,04/02/2026 07:09:29 PM
9377A,N,O,04/02/2026 09:16:29 PM
9377B,N,O,04/02/2026 11:05:34 PM
9378A,N,O,04/02/2026 11:18:45 PM
9378B,N,V,04/02/2026 11:38:48 PM
9379A,N,O,04/02/2026 11:19:19 PM
9379B,N,O,04/02/2026 09:51:06 PM
937A,N,O,04/03/2026 06:57:43 AM
937B,N,V,04/02/2026 05:27:49 PM
9380A,NU,O,03/30/2026 08:29:52 AM
9380B,NU,O,03/30/2026 08:29:59 AM
9381A,N,O,04/02/2026 08:29:18 AM
9381B,N,O,04/02/2026 08:06:33 PM
938A,N,V,04/03/2026 08:09:30 AM
938B,N,V,04/03/2026 08:17:24 AM
9395B,N,O,04/02/2026 09:34:23 PM
9396A,N,O,04/02/2026 06:58:47 AM
9396B,N,O,04/02/2026 03:20:04 PM
9397A,N,O,04/02/2026 09:40:06 PM
9397B,N,O,04/02/2026 10:40:24 PM
9398A,N,V,04/02/2026 11:20:53 PM
9398B,N,O,04/02/2026 11:20:56 PM
9399A,N,O,04/02/2026 09:42:26 PM
9399B,N,V,04/02/2026 11:20:17 PM
939A,N,V,04/02/2026 07:56:42 PM
939B,N,O,04/03/2026 08:05:31 AM
93A,N,O,04/02/2026 06:56:46 AM
93B,N,O,04/02/2026 07:38:11 PM
9400A,N,V,04/02/2026 11:43:57 PM
9401A,N,O,04/02/2026 08:06:25 PM
9401B,N,O,04/02/2026 12:26:10 PM
9402A,N,O,04/02/2026 06:21:22 PM
9402B,N,O,04/02/2026 04:56:24 PM
9403A,N,O,04/02/2026 07:56:50 AM
9403B,N,O,04/02/2026 05:19:10 PM
9404A,N,O,04/02/2026 07:55:50 AM
9404B,N,O,04/02/2026 08:42:31 AM
9405A,N,O,04/02/2026 10:29:34 PM
9405B,N,O,04/02/2026 08:48:32 PM
9406A,N,V,04/02/2026 11:49:21 PM
9406B,N,O,04/02/2026 09:40:16 PM
9407A,N,O,04/02/2026 11:23:22 PM
9407B,N,O,04/02/2026 02:54:19 PM
9408A,N,O,04/02/2026 11:42:11 PM
9408B,N,O,04/02/2026 09:28:36 PM
9409A,N,V,04/02/2026 11:58:33 PM
9409B,N,O,04/02/2026 07:35:58 PM
940A,N,V,04/02/2026 07:01:25 PM
940B,N,V,04/02/2026 03:38:30 PM
9410B,N,O,04/02/2026 07:25:37 PM
9411A,N,O,04/02/2026 06:28:46 PM
9411B,N,O,04/02/2026 05:33:05 PM
9412A,N,O,04/02/2026 09:37:04 PM
9412B,N,O,04/02/2026 09:42:49 PM
9413A,N,O,04/02/2026 06:39:03 PM
9413B,N,O,04/02/2026 10:22:31 PM
9414A,N,O,04/02/2026 10:37:13 PM
9414B,N,O,04/02/2026 05:47:22 PM
9415A,N,O,04/02/2026 09:18:21 PM
9415B,N,V,04/02/2026 11:43:53 PM
9416A,N,O,04/02/2026 11:43:57 PM
9416B,N,O,04/02/2026 05:58:50 PM
9417A,N,O,04/02/2026 11:59:39 PM
9417B,N,O,04/02/2026 10:14:03 PM
9418A,N,O,04/02/2026 06:56:41 AM
9418B,N,V,04/02/2026 10:34:50 PM
9419A,N,O,04/02/2026 12:10:05 PM
9419B,N,V,04/02/2026 11:58:45 PM
941A,N,V,04/03/2026 08:17:29 AM
941B,N,V,04/03/2026 07:29:52 AM
9420A,N,O,04/02/2026 11:53:13 PM
9420B,N,O,04/02/2026 03:11:50 PM
9421A,N,O,04/02/2026 06:22:35 PM
9421B,N,O,04/02/2026 09:12:14 PM
9422A,N,O,04/02/2026 08:15:03 PM
9422B,N,O,04/02/2026 10:38:47 PM
9423A,N,O,04/02/2026 10:47:24 AM
9423B,N,V,04/02/2026 10:53:03 PM
9424A,N,O,04/02/2026 02:20:05 PM
9424B,N,O,04/02/2026 11:17:44 PM
9425A,N,O,04/02/2026 11:33:27 PM
9425B,N,O,04/02/2026 09:39:14 PM
9426A,N,O,04/02/2026 08:38:07 PM
9426B,N,O,04/02/2026 09:38:54 PM
9427A,N,O,04/02/2026 06:57:44 AM
9427B,N,O,04/02/2026 12:52:14 PM
9428A,N,O,04/02/2026 10:37:28 AM
9428B,N,O,04/02/2026 03:57:04 PM
9429B,N,O,04/02/2026 11:34:22 PM
942A,N,V,04/03/2026 07:17:40 AM
942B,N,V,04/02/2026 06:15:01 PM
9430A,N,O,04/02/2026 07:54:38 PM
9430B,N,O,04/02/2026 10:27:09 PM
9431A,N,O,04/02/2026 10:05:51 PM
9431B,N,O,04/02/2026 08:47:55 PM
9432A,N,O,04/02/2026 07:32:42 PM
9432B,N,O,04/02/2026 06:08:22 PM
9433A,N,O,04/02/2026 01:49:02 PM
9433B,N,O,04/02/2026 06:56:55 AM
9434A,N,O,04/02/2026 10:31:12 PM
9434B,N,O,04/02/2026 07:28:22 PM
9435A,N,O,04/02/2026 05:23:40 PM
9435B,N,O,04/02/2026 05:23:30 PM
9436B,N,O,04/02/2026 04:56:06 PM
9437A,N,O,04/02/2026 10:14:11 PM
9437B,N,O,04/02/2026 10:33:35 PM
9438A,N,O,04/02/2026 06:41:36 PM
9438B,N,V,04/02/2026 11:22:34 PM
9439A,N,O,04/02/2026 08:32:34 PM
9439B,N,O,04/02/2026 10:33:40 PM
943A,N,V,04/03/2026 08:07:48 AM
943B,N,V,04/03/2026 08:01:40 AM
9440A,N,V,04/02/2026 11:56:59 PM
9440B,N,O,04/02/2026 08:52:24 PM
9441A,N,O,04/02/2026 06:58:55 AM
9441B,N,O,04/02/2026 08:54:17 PM
9442A,N,O,04/02/2026 06:57:44 AM
9442B,N,V,04/02/2026 11:01:34 PM
9443A,N,O,04/02/2026 07:23:06 PM
9443B,N,O,04/02/2026 06:56:51 AM
9444A,N,O,04/02/2026 06:55:52 AM
9444B,N,O,04/02/2026 08:59:51 PM
9445A,N,O,04/02/2026 07:42:31 PM
9445B,N,O,04/02/2026 11:54:18 PM
9446A,N,O,04/02/2026 08:55:21 PM
9446B,N,V,04/02/2026 08:37:06 PM
9447A,N,O,04/02/2026 06:57:50 AM
9447B,N,O,04/02/2026 08:33:51 PM
9448A,N,O,04/02/2026 10:59:27 PM
9448B,N,O,04/02/2026 05:44:21 PM
9449A,N,O,04/02/2026 11:07:07 AM
944A,N,O,04/03/2026 08:07:05 AM
944B,N,V,04/03/2026 08:17:01 AM
9450A,N,O,04/02/2026 07:21:29 PM
9450B,N,O,04/02/2026 07:36:10 PM
9451A,N,O,04/02/2026 10:24:31 PM
9451B,N,V,04/02/2026 11:23:08 PM
9452A,N,O,04/02/2026 10:49:03 PM
9452B,N,O,04/02/2026 06:24:09 PM
9453A,N,V,04/02/2026 11:59:40 PM
9453B,N,O,04/01/2026 09:31:47 AM
9454A,N,O,04/02/2026 07:32:56 PM
9454B,N,O,04/02/2026 06:44:50 PM
9455A,N,O,04/02/2026 06:59:44 AM
9455B,N,O,04/02/2026 06:44:14 PM
9456B,N,O,04/02/2026 11:56:31 PM
9457A,N,O,04/02/2026 09:06:16 PM
9457B,N,O,04/02/2026 09:28:40 PM
9458A,N,O,04/02/2026 06:56:51 AM
9458B,N,V,04/02/2026 11:23:52 PM
9459A,N,O,04/02/2026 09:47:49 PM
9459B,N,O,04/02/2026 10:47:03 AM
945A,N,O,04/03/2026 07:12:08 AM
945B,N,V,04/03/2026 08:09:48 AM
9460A,N,O,04/02/2026 06:43:57 PM
9461A,N,O,04/02/2026 09:40:44 PM
9461B,N,O,04/02/2026 05:29:24 PM
9462A,N,O,04/02/2026 10:43:28 PM
9462B,N,O,04/02/2026 06:18:34 PM
9463A,N,O,04/02/2026 06:02:21 PM
9463B,N,O,04/02/2026 08:22:03 PM
9464A,N,O,04/02/2026 05:35:54 PM
9464B,N,O,04/02/2026 07:36:53 PM
9465A,N,O,04/02/2026 07:51:32 PM
9465B,N,O,04/02/2026 07:30:09 PM
9466A,N,V,04/02/2026 11:43:23 PM
9466B,N,V,04/02/2026 11:48:13 PM
9467A,N,O,04/02/2026 11:30:35 PM
9467B,N,O,04/02/2026 06:36:25 PM
9468A,N,O,04/02/2026 08:13:55 PM
9468B,N,O,04/02/2026 06:57:09 AM
9469A,N,O,04/02/2026 10:18:03 PM
9469B,N,O,04/02/2026 06:55:51 AM
946A,N,V,04/03/2026 08:04:53 AM
946B,N,V,04/03/2026 08:05:04 AM
9471A,N,O,04/02/2026 10:28:24 PM
9471B,N,O,04/02/2026 10:39:06 PM
9472A,N,O,04/02/2026 09:01:51 PM
9472B,N,O,04/02/2026 07:08:45 PM
9473A,N,O,04/02/2026 07:36:04 PM
9473B,N,O,04/02/2026 06:56:43 AM
9474A,N,O,04/02/2026 08:27:52 AM
9474B,N,V,04/02/2026 11:08:50 PM
9475A,N,V,04/02/2026 11:59:16 PM
9475B,N,O,04/02/2026 11:11:11 PM
9476A,N,O,04/02/2026 11:58:26 PM
9476B,N,O,04/02/2026 10:46:50 PM
9477A,N,O,04/02/2026 02:42:26 PM
9477B,N,O,04/02/2026 02:15:59 PM
9478A,N,O,04/01/2026 07:56:45 AM
9478B,N,O,04/02/2026 12:49:36 PM
9479A,N,O,04/02/2026 07:55:51 AM
9479B,N,O,04/02/2026 07:55:51 AM
9480A,N,O,04/02/2026 07:59:49 AM
9480B,N,O,04/02/2026 10:04:31 PM
9481B,N,O,04/02/2026 07:58:44 AM
9482A,N,O,04/02/2026 10:38:59 PM
9482B,N,O,04/02/2026 09:33:39 PM
9483A,N,O,04/02/2026 06:56:50 AM
9483B,N,O,04/02/2026 09:05:28 PM
9484A,N,O,04/02/2026 11:31:46 PM
9484B,N,O,04/02/2026 06:55:46 AM
9485A,N,O,04/02/2026 06:59:51 AM
9485B,N,O,04/02/2026 07:28:24 PM
9486B,N,O,04/02/2026 08:12:03 PM
9487A,N,O,04/02/2026 06:04:35 PM
9487B,N,O,04/02/2026 07:11:00 PM
9488A,N,O,04/02/2026 06:13:47 PM
9488B,N,O,04/02/2026 05:27:21 PM
9489A,N,O,04/02/2026 04:09:33 PM
9489B,N,O,04/02/2026 03:00:20 PM
9490A,N,O,04/02/2026 05:59:38 PM
9490B,N,O,04/02/2026 07:19:45 PM
9491A,N,O,04/02/2026 12:46:50 PM
9491B,N,O,04/02/2026 09:07:36 PM
9492A,N,O,04/02/2026 04:04:21 PM
9492B,N,O,04/02/2026 07:57:47 AM
9493A,N,O,04/02/2026 06:57:00 PM
9493B,N,V,04/02/2026 11:22:53 PM
9494A,N,O,04/02/2026 08:31:00 PM
9494B,N,O,04/02/2026 10:30:59 PM
9495A,N,O,04/02/2026 09:26:52 PM
9495B,N,O,04/02/2026 08:06:49 PM
9496A,N,O,04/02/2026 08:28:48 AM
9496B,N,O,04/02/2026 11:48:58 PM
9497A,N,O,04/02/2026 11:46:30 PM
9497B,N,O,04/02/2026 11:47:27 PM
9498A,N,O,04/02/2026 06:31:00 PM
9498B,N,O,04/02/2026 10:35:37 PM
9499A,N,O,04/02/2026 12:21:39 PM
9499B,N,O,04/02/2026 10:19:10 PM
94A,N,O,04/02/2026 01:12:20 PM
94B,N,O,04/02/2026 12:58:36 PM
9501A,N,O,04/02/2026 10:17:22 PM
9501B,N,V,04/02/2026 11:58:45 PM
9502A,N,O,04/02/2026 07:57:50 AM
9503A,N,O,04/02/2026 09:18:27 PM
9503B,N,V,04/02/2026 06:54:15 PM
9504A,N,O,04/02/2026 05:13:40 PM
9504B,N,O,04/02/2026 07:30:11 PM
9505A,N,O,04/02/2026 10:25:39 AM
9505B,N,O,04/02/2026 03:59:53 PM
9506A,N,O,04/02/2026 09:22:56 AM
9506B,N,O,04/02/2026 09:02:12 PM
9507A,N,O,04/02/2026 10:47:49 PM
9507B,N,V,04/02/2026 11:30:08 PM
9508A,N,O,04/02/2026 11:12:20 PM
9508B,N,O,04/02/2026 08:02:04 PM
9509A,N,O,04/02/2026 08:35:49 AM
9509B,N,O,04/02/2026 06:55:59 AM
950A,N,V,04/03/2026 07:48:56 AM
950B,N,O,04/03/2026 08:17:05 AM
9510A,N,O,04/02/2026 06:59:42 AM
9510B,N,O,04/02/2026 06:59:42 AM
9512B,N,O,04/02/2026 08:30:49 PM
9513A,N,O,04/02/2026 06:46:05 PM
9513B,N,V,04/02/2026 11:35:04 PM
9514A,N,O,04/02/2026 11:11:30 PM
9514B,N,O,04/02/2026 10:16:50 PM
9515A,N,V,04/02/2026 11:57:20 PM
9515B,N,O,04/02/2026 02:29:03 PM
9516A,N,O,04/02/2026 10:35:09 PM
9516B,N,V,04/02/2026 11:57:56 PM
9517A,N,O,04/02/2026 10:21:07 PM
9517B,N,O,04/02/2026 11:58:34 PM
9518A,N,O,04/02/2026 11:22:48 PM
9518B,N,O,04/02/2026 02:48:59 PM
9519B,N,O,04/02/2026 06:57:03 PM
951A,N,O,04/03/2026 08:01:06 AM
951B,N,O,04/03/2026 06:58:49 AM
9520A,N,O,04/02/2026 07:00:25 AM
9520B,N,O,04/02/2026 06:59:53 AM
9521A,N,O,04/02/2026 07:12:56 PM
9521B,N,O,04/02/2026 06:58:53 AM
9522A,N,O,04/02/2026 05:43:02 PM
9522B,N,O,04/02/2026 06:57:56 AM
9523A,N,O,04/02/2026 03:50:24 PM
9525A,N,O,04/02/2026 05:40:05 PM
9525B,N,O,04/02/2026 07:21:25 PM
9527A,N,O,04/02/2026 10:37:35 PM
9527B,N,O,04/02/2026 10:47:39 PM
9528A,N,V,04/02/2026 10:38:49 PM
9529A,N,V,04/02/2026 10:33:48 PM
9529B,N,V,04/02/2026 11:48:58 PM
952A,N,V,04/03/2026 07:25:10 AM
952B,N,O,04/03/2026 08:17:41 AM
9531A,N,O,04/02/2026 10:50:28 PM
9531B,N,O,04/02/2026 11:21:00 PM
9532A,N,V,04/02/2026 11:59:52 PM
9532B,N,O,04/02/2026 10:06:24 AM
9533A,N,O,04/02/2026 04:30:41 PM
9533B,N,O,04/02/2026 11:44:48 PM
9534A,N,O,04/02/2026 06:54:44 PM
9534B,N,V,04/02/2026 05:42:51 PM
9535A,N,O,04/02/2026 08:05:23 PM
9535B,N,O,04/02/2026 06:59:54 AM
9536A,N,O,04/02/2026 08:00:08 PM
9536B,N,O,04/02/2026 11:50:20 PM
9537A,N,O,04/02/2026 05:47:07 PM
9537B,N,O,04/02/2026 06:51:54 PM
9538A,N,V,04/02/2026 11:19:00 PM
9538B,N,O,04/02/2026 11:56:25 PM
9539A,N,O,04/02/2026 11:51:40 PM
9539B,N,O,04/02/2026 09:14:35 PM
953A,N,V,04/03/2026 07:29:58 AM
953B,N,V,04/03/2026 07:18:38 AM
9540B,N,O,04/02/2026 06:59:48 AM
9541A,N,O,04/02/2026 06:27:17 PM
9541B,N,O,04/02/2026 11:13:51 PM
9542A,N,O,04/02/2026 10:13:03 PM
9542B,N,O,04/02/2026 03:07:36 PM
9543A,N,O,04/02/2026 06:56:44 AM
9543B,N,O,04/02/2026 06:56:44 AM
9544A,N,O,04/02/2026 06:55:53 AM
9544B,N,O,04/02/2026 05:01:21 PM
9545A,N,O,04/02/2026 11:38:07 PM
9545B,N,O,04/02/2026 05:35:45 PM
9546A,N,O,04/02/2026 06:58:44 AM
9546B,N,V,04/02/2026 11:37:52 PM
9547A,N,O,04/02/2026 11:16:03 PM
9547B,N,O,04/02/2026 06:58:00 AM
9548A,N,O,04/02/2026 07:05:09 PM
9548B,N,O,04/02/2026 08:50:11 PM
9549A,N,V,04/02/2026 11:54:46 PM
9549B,N,O,04/02/2026 09:10:08 PM
954A,N,V,04/03/2026 07:34:52 AM
954B,N,V,04/02/2026 02:29:20 PM
9550B,N,O,04/02/2026 03:15:49 PM
9551A,N,O,04/02/2026 11:27:45 PM
9551B,N,O,04/02/2026 03:18:44 PM
9552A,N,O,04/02/2026 12:21:49 PM
9552B,N,O,04/02/2026 11:55:07 PM
9553A,N,V,04/02/2026 11:54:05 PM
9553B,N,O,04/02/2026 09:03:39 PM
9554B,N,O,04/02/2026 05:35:04 PM
9555A,N,O,04/02/2026 05:59:47 PM
9555B,N,O,04/02/2026 07:27:34 AM
9556A,N,O,04/02/2026 11:55:24 PM
9556B,N,O,04/02/2026 11:59:33 PM
9557A,N,O,04/02/2026 10:58:44 PM
9557B,N,O,04/02/2026 08:08:21 PM
9558A,N,V,04/02/2026 11:20:35 PM
9558B,N,V,04/02/2026 11:19:36 PM
9559A,N,O,04/02/2026 06:09:09 PM
9559B,N,O,04/02/2026 06:55:50 AM
955A,N,V,04/03/2026 08:08:04 AM
955B,N,O,04/03/2026 06:59:44 AM
9560A,N,O,04/02/2026 04:28:09 PM
9560B,N,O,04/02/2026 02:42:12 PM
9561A,N,O,04/02/2026 07:40:43 PM
9561B,N,O,04/02/2026 08:03:49 AM
9562A,N,O,04/02/2026 01:19:00 PM
9562B,N,O,04/02/2026 08:27:18 PM
9563A,N,O,04/02/2026 11:22:41 AM
9563B,N,O,04/02/2026 04:15:51 PM
9564B,N,O,04/02/2026 07:37:00 PM
9566A,N,O,04/02/2026 11:44:42 PM
9568A,N,O,04/02/2026 07:03:25 PM
9568B,N,O,04/02/2026 09:41:48 AM
956A,N,V,04/03/2026 08:08:28 AM
956B,N,V,04/03/2026 08:08:14 AM
9570A,N,O,04/02/2026 09:02:10 PM
9570B,N,O,04/02/2026 10:15:15 PM
9572B,N,O,04/02/2026 07:57:51 PM
9573A,N,O,04/02/2026 08:57:44 PM
9573B,N,O,04/02/2026 10:33:03 PM
9574A,N,V,04/02/2026 11:46:33 PM
9574B,N,O,04/02/2026 10:37:26 PM
9575A,N,V,04/02/2026 11:59:56 PM
9575B,N,O,04/02/2026 10:04:15 PM
9578A,N,O,04/02/2026 05:48:33 PM
9578B,N,V,04/02/2026 09:09:22 PM
9579A,N,O,04/02/2026 06:55:51 AM
9579B,N,O,04/02/2026 04:48:59 PM
957B,N,O,04/03/2026 08:16:04 AM
9580A,N,O,04/02/2026 06:59:46 AM
9580B,N,O,04/02/2026 06:59:53 AM
9581A,N,O,04/02/2026 07:49:15 PM
9581B,N,O,04/02/2026 09:41:40 AM
9582A,N,O,04/02/2026 11:20:58 PM
9582B,N,O,04/02/2026 10:49:51 PM
9583A,N,O,04/02/2026 06:56:47 AM
9584A,N,V,04/02/2026 10:58:09 PM
9584B,N,O,04/02/2026 06:55:45 AM
9585A,N,O,04/02/2026 08:43:30 PM
9585B,N,O,04/02/2026 09:38:28 PM
9586A,N,O,04/02/2026 08:13:30 PM
9586B,N,O,04/02/2026 09:45:35 PM
9587A,N,O,04/02/2026 08:30:38 PM
9588B,N,O,04/02/2026 10:30:31 PM
9589A,N,V,04/02/2026 11:29:31 PM
9589B,N,O,04/02/2026 01:13:47 PM
958A,N,O,04/03/2026 06:56:46 AM
958B,N,V,04/02/2026 05:01:59 PM
9590A,N,O,04/02/2026 12:32:37 PM
9590B,N,O,04/02/2026 03:49:59 PM
9591A,N,O,04/02/2026 11:56:28 PM
9591B,N,O,04/02/2026 10:40:38 PM
9592B,N,O,04/02/2026 06:57:59 AM
9593A,N,V,04/03/2026 08:11:10 AM
9593B,N,O,04/02/2026 06:56:46 AM
9594A,N,O,04/03/2026 07:41:10 AM
9594B,N,V,04/03/2026 08:11:29 AM
9595B,N,O,04/02/2026 11:30:33 PM
9596A,N,O,04/02/2026 10:17:58 PM
9597A,N,V,04/03/2026 08:09:51 AM
9597B,N,O,04/03/2026 06:57:43 AM
9599A,N,O,04/03/2026 06:55:59 AM
9599B,N,O,04/03/2026 06:55:50 AM
959A,N,V,04/02/2026 03:56:44 PM
959B,N,O,04/03/2026 06:55:47 AM
95A,N,V,04/02/2026 11:52:17 PM
95B,N,V,04/02/2026 11:42:08 PM
9600A,N,O,04/02/2026 04:59:49 PM
9600B,NU,O,04/02/2026 11:23:45 PM
9605A,N,O,04/02/2026 06:59:44 AM
9605B,N,O,04/02/2026 12:41:31 PM
9606A,N,O,04/02/2026 06:58:43 AM
9606B,N,O,04/02/2026 07:33:11 AM
9607A,N,O,04/02/2026 07:02:13 PM
9608A,N,V,04/02/2026 11:56:38 PM
9608B,N,V,04/02/2026 11:46:11 PM
960A,N,V,04/02/2026 06:38:20 PM
960B,N,O,04/03/2026 08:14:45 AM
961A,N,V,04/02/2026 05:10:11 PM
961B,N,V,04/03/2026 07:05:58 AM
9621A,N,V,04/02/2026 06:26:48 PM
9621B,N,O,04/02/2026 11:10:30 PM
9622A,N,O,04/02/2026 10:27:32 PM
9622B,N,O,04/02/2026 11:52:29 PM
9623A,N,O,04/02/2026 10:07:32 PM
9623B,N,O,04/02/2026 05:38:51 PM
9625A,N,O,04/02/2026 04:04:10 PM
9625B,N,O,04/02/2026 06:09:38 PM
9626A,N,O,04/02/2026 08:37:23 PM
9626B,N,O,04/02/2026 04:24:40 PM
9627A,N,O,04/02/2026 07:30:14 PM
9627B,N,O,04/02/2026 08:12:35 PM
9628A,N,O,04/02/2026 09:51:13 PM
9628B,N,O,04/02/2026 10:58:24 PM
9629A,N,O,04/02/2026 05:15:50 PM
9629B,N,O,04/02/2026 07:01:43 PM
962A,N,V,04/01/2026 04:59:25 PM
962B,N,V,04/03/2026 08:07:50 AM
9632A,N,O,04/02/2026 06:17:57 PM
9632B,N,O,04/02/2026 01:48:03 PM
9634A,N,O,04/02/2026 08:40:06 PM
9634B,N,O,04/02/2026 09:57:22 AM
9635A,N,O,04/02/2026 09:15:58 PM
9635B,N,O,04/02/2026 09:10:29 PM
9636A,N,O,04/02/2026 06:27:59 PM
9636B,N,O,04/02/2026 06:31:54 PM
9637A,N,O,04/02/2026 05:48:17 PM
9637B,N,O,04/02/2026 10:05:52 PM
9638A,N,O,04/02/2026 10:49:14 PM
9638B,N,O,04/02/2026 11:59:52 PM
9639A,N,O,04/02/2026 11:14:44 PM
9639B,N,O,04/02/2026 05:30:19 PM
963A,N,V,04/03/2026 07:58:01 AM
963B,N,O,04/03/2026 08:16:42 AM
9640A,N,O,04/02/2026 11:49:04 PM
9641A,N,O,04/02/2026 04:56:33 PM
9641B,N,O,04/02/2026 08:19:06 PM
9642B,N,O,04/02/2026 04:36:49 PM
9643B,N,O,04/02/2026 09:09:57 PM
9644A,N,O,04/02/2026 11:39:09 PM
9644B,N,O,04/02/2026 05:53:05 PM
9645B,N,O,04/02/2026 04:38:53 PM
9646A,N,O,04/02/2026 09:11:07 PM
9646B,N,O,04/02/2026 03:00:08 PM
9647A,N,O,04/02/2026 10:00:28 PM
9647B,N,O,04/02/2026 11:56:12 PM
9648A,N,O,04/02/2026 02:00:55 PM
9648B,N,O,04/02/2026 06:56:46 AM
9649A,N,O,04/02/2026 01:47:04 PM
9649B,N,O,04/02/2026 02:05:18 PM
964B,N,V,04/02/2026 12:41:28 PM
9650A,N,O,04/02/2026 06:59:15 PM
9650B,N,O,04/02/2026 09:35:07 AM
9651A,N,O,04/02/2026 05:27:51 PM
9651B,N,O,04/02/2026 01:14:03 PM
9652A,N,O,04/02/2026 05:45:25 PM
9652B,N,O,04/02/2026 06:19:39 PM
9653A,N,O,04/02/2026 08:52:47 PM
9653B,N,O,04/02/2026 07:18:30 PM
9654A,N,O,04/02/2026 08:42:18 PM
9654B,N,O,04/02/2026 05:26:32 PM
9655A,N,O,04/02/2026 01:59:55 PM
9655B,N,O,04/02/2026 07:31:35 PM
9656A,N,O,04/02/2026 08:11:55 PM
9656B,N,O,04/02/2026 09:01:21 AM
9657A,N,O,04/02/2026 09:14:22 AM
9657B,N,V,04/02/2026 11:59:19 PM
9658A,N,O,04/02/2026 05:28:55 PM
9658B,N,O,04/02/2026 10:15:11 PM
9659A,N,O,04/02/2026 06:55:43 AM
9659B,N,O,04/02/2026 04:00:22 PM
965A,N,V,04/01/2026 02:11:55 PM
965B,N,V,04/01/2026 07:53:21 PM
9660A,N,O,04/02/2026 11:03:24 PM
9660B,N,O,04/02/2026 06:53:51 PM
9661A,N,V,04/02/2026 11:17:44 PM
9661B,N,O,04/02/2026 08:01:31 PM
9662A,N,O,04/02/2026 09:39:41 PM
9662B,N,O,04/02/2026 09:05:54 PM
9663A,N,O,04/02/2026 01:12:06 PM
9663B,N,O,04/02/2026 12:55:51 PM
9664A,N,O,04/02/2026 09:41:29 AM
9664B,N,O,04/02/2026 04:21:38 PM
9665A,N,O,04/02/2026 06:59:38 AM
9666A,N,O,04/03/2026 12:00:00 AM
9666B,N,O,04/02/2026 09:57:47 PM
9667A,N,O,04/02/2026 05:13:05 PM
9667B,N,O,04/02/2026 09:17:05 PM
966A,N,V,04/02/2026 05:01:17 PM
966B,N,V,04/02/2026 11:36:48 AM
9675A,N,O,04/02/2026 03:17:52 PM
9675B,N,O,04/02/2026 06:11:06 PM
9676A,N,O,04/02/2026 04:49:03 PM
9676B,N,O,04/02/2026 09:18:28 PM
9677A,N,O,04/02/2026 07:26:17 PM
9677B,N,O,04/02/2026 10:37:32 PM
9678A,N,O,04/02/2026 02:12:32 PM
9678B,N,O,04/02/2026 05:38:44 PM
9679A,N,O,04/02/2026 10:08:13 PM
967A,N,V,04/02/2026 03:12:13 PM
967B,N,V,04/01/2026 07:30:04 PM
9687A,N,O,04/02/2026 11:19:36 PM
9687B,N,O,04/02/2026 05:06:18 PM
9688B,N,O,04/02/2026 08:57:48 PM
968A,N,V,04/02/2026 06:22:21 PM
968B,N,O,04/03/2026 07:53:26 AM
9691A,N,O,04/02/2026 08:52:24 PM
9691B,N,O,04/02/2026 06:58:48 AM
9692A,N,O,04/02/2026 06:57:52 AM
9692B,N,O,04/02/2026 10:52:10 AM
9693A,N,O,04/02/2026 06:56:54 AM
9693B,N,O,04/02/2026 01:52:19 PM
9694B,N,O,04/02/2026 08:19:30 AM
9698A,N,O,04/02/2026 06:56:48 AM
9698B,N,O,04/02/2026 05:32:20 PM
9699A,N,O,04/02/2026 07:24:36 PM
969A,N,V,04/02/2026 12:28:57 PM
969B,N,V,04/02/2026 01:01:14 PM
96A,N,V,04/02/2026 07:16:41 PM
96B,N,V,04/02/2026 07:26:32 PM
9700A,N,O,04/02/2026 09:21:30 PM
9700B,N,O,04/02/2026 06:59:46 AM
9701A,N,O,04/02/2026 07:37:11 PM
9701B,N,O,04/02/2026 04:14:20 PM
9702A,N,O,04/02/2026 05:08:08 PM
9702B,N,O,04/02/2026 06:36:33 PM
9703A,N,O,04/02/2026 06:56:50 AM
9703B,N,O,04/02/2026 09:58:05 PM
9704A,N,O,04/02/2026 08:21:54 AM
9704B,N,O,04/02/2026 06:55:59 AM
9708A,N,O,04/02/2026 09:23:22 PM
9708B,N,O,04/02/2026 10:15:44 PM
9709A,N,V,04/02/2026 11:49:13 PM
9709B,N,O,04/02/2026 11:59:16 PM
970A,N,O,03/28/2026 04:49:24 PM
970B,N,V,03/30/2026 01:30:52 PM
9714A,N,O,04/02/2026 06:55:54 AM
9714B,N,V,04/02/2026 11:23:52 PM
9715A,N,O,04/02/2026 11:54:54 PM
9715B,N,V,04/02/2026 11:59:44 PM
9716A,N,V,04/02/2026 10:28:36 PM
9716B,N,V,04/02/2026 08:54:15 PM
9717A,N,O,04/02/2026 09:31:49 PM
9717B,N,V,04/02/2026 11:41:35 PM
9718A,N,O,04/02/2026 09:42:33 PM
9718B,N,O,04/02/2026 09:43:23 PM
9719A,N,O,04/02/2026 07:32:19 PM
9719B,N,O,04/02/2026 06:55:47 AM
971A,N,O,04/03/2026 07:39:56 AM
971B,N,V,04/03/2026 07:53:13 AM
9720A,N,O,04/02/2026 07:42:07 PM
9720B,N,O,04/02/2026 07:58:14 PM
9721A,N,V,04/02/2026 08:40:03 PM
9721B,N,V,04/02/2026 10:17:11 PM
9722A,N,O,04/02/2026 07:46:21 PM
9722B,N,O,04/02/2026 11:32:36 PM
9723A,N,V,04/02/2026 11:59:52 PM
9723B,N,O,04/02/2026 08:59:52 PM
9724A,N,O,04/02/2026 11:50:53 PM
9724B,N,V,04/02/2026 11:59:41 PM
9726A,N,V,04/02/2026 11:58:56 PM
9726B,N,V,04/02/2026 10:01:29 PM
972A,N,V,03/31/2026 03:43:59 PM
972B,N,V,04/02/2026 02:53:12 PM
9732B,N,O,04/02/2026 06:14:17 PM
9733A,N,O,04/02/2026 11:04:39 PM
9733B,N,O,04/02/2026 06:44:03 PM
9734A,N,O,04/02/2026 08:32:29 PM
9734B,N,O,04/02/2026 10:25:55 PM
9735A,N,O,04/02/2026 10:09:41 PM
9735B,N,O,04/02/2026 09:43:11 PM
9736A,N,O,04/02/2026 08:04:30 PM
9736B,N,O,04/02/2026 10:44:27 PM
973B,N,V,04/03/2026 07:59:07 AM
9747A,N,O,04/02/2026 06:57:40 AM
9748A,N,O,04/02/2026 10:55:59 PM
9748B,N,O,04/02/2026 08:21:46 PM
9749A,N,O,04/02/2026 11:18:25 PM
9749B,N,O,04/02/2026 04:38:22 PM
974A,N,O,09/01/2025 06:12:06 PM
974B,N,V,09/01/2025 05:52:58 PM
9751A,N,V,04/02/2026 11:59:11 PM
9751B,N,V,04/02/2026 11:55:11 PM
9752A,N,V,04/02/2026 11:59:05 PM
9752B,N,V,04/02/2026 11:59:05 PM
975A,N,V,04/02/2026 08:40:14 AM
975B,N,V,04/02/2026 08:19:43 AM
976A,N,V,04/03/2026 07:29:23 AM
976B,N,V,04/03/2026 07:21:11 AM
9772A,N,O,04/02/2026 10:30:21 PM
9774A,N,V,04/02/2026 11:52:32 PM
9774B,N,O,04/02/2026 11:59:55 PM
9776A,N,V,04/02/2026 11:51:03 PM
9776B,N,V,04/02/2026 11:59:05 PM
9777A,N,O,04/02/2026 04:34:05 PM
9777B,N,O,04/02/2026 11:56:44 PM
9778B,N,O,04/02/2026 11:59:10 PM
9779A,N,V,04/02/2026 11:58:23 PM
9779B,N,V,04/02/2026 07:05:05 PM
977A,N,V,04/03/2026 07:29:16 AM
9781A,N,O,04/02/2026 11:38:16 PM
9781B,N,V,04/02/2026 11:59:38 PM
9782A,N,O,04/02/2026 11:59:21 PM
9782B,N,V,04/02/2026 04:49:45 PM
9783A,N,O,04/02/2026 11:16:27 PM
9783B,N,O,04/02/2026 05:38:14 PM
9786A,N,V,04/02/2026 11:25:22 PM
9786B,N,O,04/02/2026 03:13:39 PM
9787A,N,O,04/02/2026 11:56:50 PM
9787B,N,O,04/02/2026 11:59:32 PM
9788A,N,V,04/02/2026 10:27:19 PM
9788B,N,O,04/02/2026 11:52:23 PM
978A,N,V,04/03/2026 07:25:30 AM
978B,N,V,01/12/2026 12:02:27 PM
9790B,N,O,04/02/2026 11:59:51 PM
9792A,N,O,04/02/2026 06:57:45 AM
9792B,N,O,04/02/2026 06:55:46 PM
9793A,N,V,04/02/2026 11:47:10 PM
9794A,N,O,04/02/2026 11:59:41 PM
9799A,N,V,04/02/2026 11:28:34 PM
9799B,N,O,04/02/2026 11:59:46 PM
979A,N,V,04/03/2026 08:14:39 AM
97A,N,V,04/02/2026 12:56:12 PM
97B,N,V,04/02/2026 06:16:28 PM
9800A,N,V,04/02/2026 11:24:53 PM
9800B,N,V,04/02/2026 06:53:29 PM
9801A,N,V,04/02/2026 11:31:05 PM
9801B,N,O,04/02/2026 11:31:34 PM
9802A,N,V,04/02/2026 11:57:15 PM
9802B,N,O,04/02/2026 11:59:51 PM
9803A,N,O,04/02/2026 11:26:01 PM
9803B,N,O,04/02/2026 11:59:41 PM
9804B,N,V,04/02/2026 11:59:49 PM
9805A,N,V,04/02/2026 04:57:28 PM
9805B,N,V,04/02/2026 10:09:04 PM
9806A,N,O,04/02/2026 11:35:49 PM
9806B,N,O,04/02/2026 09:25:58 PM
9809B,N,O,04/02/2026 05:30:25 PM
9810A,N,O,04/02/2026 11:59:59 PM
9810B,N,V,04/02/2026 07:20:06 PM
9811A,N,V,04/02/2026 09:01:34 PM
9811B,N,V,04/02/2026 08:45:58 PM
9813B,N,O,04/02/2026 09:34:06 PM
9814B,N,V,04/02/2026 10:20:48 PM
9815A,N,O,04/02/2026 09:34:58 PM
9815B,N,V,04/02/2026 11:59:26 PM
9817B,N,O,04/02/2026 03:50:00 PM
9818A,N,O,04/02/2026 06:56:39 AM
9820A,N,O,04/02/2026 09:47:53 PM
9821A,N,V,04/02/2026 10:28:18 PM
9821B,N,V,04/02/2026 09:24:00 PM
9822A,N,V,04/02/2026 10:21:33 PM
9822B,N,V,04/02/2026 01:17:14 PM
9826A,N,V,04/02/2026 10:36:36 PM
9827A,N,V,04/02/2026 11:04:02 PM
9827B,N,V,04/02/2026 11:57:17 PM
9828A,N,V,04/02/2026 10:13:20 PM
9830A,N,V,04/02/2026 11:59:15 PM
9830B,N,O,04/02/2026 11:58:56 PM
9833A,N,O,04/02/2026 07:42:58 PM
9833B,N,O,04/02/2026 07:42:12 PM
9834A,N,O,04/02/2026 09:26:52 AM
9834B,N,V,04/02/2026 08:52:27 PM
9836A,N,O,04/02/2026 11:59:27 PM
9836B,N,O,04/02/2026 04:40:33 PM
9837B,N,V,04/02/2026 06:31:07 PM
9838A,N,O,04/02/2026 11:58:29 PM
9838B,N,O,04/02/2026 10:49:23 PM
9839B,N,O,04/02/2026 10:29:38 PM
9840A,N,O,04/02/2026 11:31:02 PM
9848A,N,O,04/02/2026 12:43:18 PM
9848B,N,V,04/02/2026 11:59:02 PM
9849A,N,O,04/02/2026 10:32:36 PM
9849B,N,O,04/02/2026 11:32:19 PM
9851A,N,O,04/02/2026 02:49:32 PM
9856A,N,O,04/02/2026 12:07:15 PM
985A,N,O,04/03/2026 06:59:50 AM
985B,N,O,09/09/2025 06:59:49 AM
9861A,N,O,04/02/2026 11:26:51 PM
9861B,N,O,04/02/2026 06:58:46 AM
9862A,N,V,04/02/2026 11:59:47 PM
9862B,N,V,04/02/2026 10:00:51 PM
9863A,N,V,04/02/2026 11:50:50 PM
9863B,N,V,04/02/2026 11:18:03 PM
9864B,N,V,04/02/2026 10:02:47 PM
9869A,N,O,04/02/2026 11:58:53 PM
9869B,N,V,04/02/2026 10:09:18 PM
986A,N,O,04/03/2026 06:58:48 AM
986B,N,O,04/03/2026 06:58:48 AM
9870A,N,V,04/02/2026 11:57:51 PM
9870B,N,O,04/02/2026 02:36:06 PM
9871A,N,O,04/02/2026 10:34:55 PM
9871B,N,O,04/02/2026 10:57:37 PM
9873B,N,V,04/02/2026 11:46:31 PM
9874A,N,O,04/02/2026 10:54:46 PM
9874B,N,O,04/02/2026 11:55:44 PM
9877B,N,O,04/02/2026 11:59:57 PM
9878A,N,O,04/02/2026 11:20:05 PM
987A,N,O,04/03/2026 06:57:43 AM
987B,N,O,04/02/2026 06:10:15 PM
9880A,N,V,04/02/2026 10:49:24 PM
9880B,N,V,04/02/2026 11:59:52 PM
9882A,N,V,04/02/2026 10:34:25 PM
9882B,N,V,04/02/2026 11:59:35 PM
9883A,N,V,04/02/2026 11:59:00 PM
9883B,N,O,04/02/2026 08:17:29 PM
9886B,N,O,04/02/2026 03:49:28 PM
9887B,N,O,04/02/2026 11:08:09 PM
9888A,N,O,04/02/2026 11:59:57 PM
9889A,N,O,04/02/2026 07:04:23 PM
9889B,N,O,04/02/2026 10:59:22 PM
988B,N,O,04/03/2026 06:56:42 AM
9890A,N,O,04/02/2026 01:58:22 PM
9890B,N,O,04/02/2026 11:22:51 PM
9891B,N,O,04/02/2026 11:58:52 PM
9892B,N,O,04/02/2026 05:10:43 PM
9893A,N,O,04/02/2026 04:33:56 PM
9893B,N,O,04/02/2026 11:15:04 PM
9894B,N,O,04/02/2026 10:22:37 PM
9895A,N,O,04/02/2026 11:59:53 PM
9897A,N,V,04/02/2026 11:59:40 PM
9898A,N,V,04/02/2026 11:57:58 PM
9898B,N,O,04/02/2026 11:59:57 PM
9899A,N,V,04/02/2026 04:30:21 PM
9899B,N,O,04/02/2026 11:58:32 PM
98A,N,V,04/02/2026 07:15:55 PM
98B,N,V,04/02/2026 08:07:39 PM
9900A,N,O,04/02/2026 11:59:46 PM
9902A,N,O,04/02/2026 09:19:02 PM
9902B,N,V,04/02/2026 10:44:57 PM
9904A,N,V,04/02/2026 11:37:26 PM
9905A,N,V,04/02/2026 11:46:57 PM
9905B,N,V,04/02/2026 08:03:58 PM
9908A,N,O,04/02/2026 11:58:37 PM
9908B,N,V,04/02/2026 10:22:31 PM
9909A,N,V,04/02/2026 11:56:31 PM
9913A,N,V,04/02/2026 11:18:08 PM
9913B,N,V,04/02/2026 11:51:07 PM
9915A,N,O,04/02/2026 12:53:32 PM
9915B,N,V,04/02/2026 11:59:27 PM
9916A,N,O,04/02/2026 07:10:07 PM
9916B,N,V,04/02/2026 11:13:17 PM
9917A,N,O,04/02/2026 11:58:52 PM
9917B,N,V,04/02/2026 11:54:22 PM
9918B,N,V,04/02/2026 11:57:48 PM
9921B,N,V,04/02/2026 08:43:09 PM
9922A,N,V,04/02/2026 10:58:35 PM
9922B,N,V,04/02/2026 10:05:12 PM
9923A,N,V,04/02/2026 09:32:04 PM
9924B,N,O,04/02/2026 11:59:34 PM
9925A,N,O,04/02/2026 06:59:42 AM
9925B,N,V,04/02/2026 03:58:04 PM
9926A,N,V,04/02/2026 11:59:42 PM
9926B,N,V,04/02/2026 09:03:39 PM
9927A,N,O,04/02/2026 11:59:25 PM
9928A,N,O,04/02/2026 11:57:50 PM
9928B,N,V,04/02/2026 11:11:51 PM
9929B,N,O,04/02/2026 07:21:54 PM
9930A,N,O,04/02/2026 11:52:21 PM
9930B,N,O,04/02/2026 06:59:44 AM
9931A,N,O,04/02/2026 06:58:44 AM
9931B,N,O,04/02/2026 11:59:53 PM
9932A,N,V,04/02/2026 08:26:42 PM
9932B,N,V,04/02/2026 11:59:56 PM
9933A,N,V,04/02/2026 11:58:03 PM
9933B,N,O,04/02/2026 11:57:37 PM
9934A,N,O,04/02/2026 11:57:29 PM
9934B,N,V,04/02/2026 11:59:57 PM
998B,N,O,04/02/2026 09:12:13 PM
99901A,N,V,04/01/2026 12:52:44 PM
99901B,N,V,04/01/2026 02:40:47 PM
99902A,N,V,03/31/2026 01:48:42 PM
99902B,N,V,04/02/2026 09:46:00 AM
999A,N,O,04/02/2026 07:46:26 PM
999B,N,O,04/02/2026 04:02:50 PM
99A,N,V,04/02/2026 09:35:46 PM
99B,N,V,04/02/2026 09:35:15 PM
9A,NU,V,02/25/2026 08:53:53 PM
9B,NU,V,02/25/2026 09:34:57 PM
